{"type":"FeatureCollection","features":[{"type":"Feature","geometry":{"type":"Polygon","coordinates":[[[35.3965,-3.62038],[35.32577,-3.68196],[35.29187,-3.68793],[35.02241,-3.86436],[34.9829,-3.86309],[34.89337,-3.91289],[34.86093,-3.90405],[34.78554,-3.94258],[34.75545,-3.91905],[34.74264,-3.8705],[34.75021,-3.80795],[34.77527,-3.80947],[34.77984,-3.83085],[34.80364,-3.82631],[34.84538,-3.78713],[35.07862,-3.71799],[35.1494,-3.66883],[35.18128,-3.66738],[35.23786,-3.61544],[35.268,-3.61732],[35.23807,-3.57775],[35.24622,-3.5518],[35.27819,-3.54808],[35.30275,-3.49707],[35.34112,-3.50175],[35.33244,-3.49426],[35.34852,-3.48809],[35.34552,-3.42788],[35.26932,-3.3515],[35.19121,-3.42289],[35.1825,-3.4532],[35.07197,-3.5394],[35.03876,-3.53954],[34.97781,-3.6119],[34.94401,-3.6033],[34.8854,-3.62428],[34.88391,-2.90643],[34.98247,-2.98919],[34.98524,-3.00733],[35.00874,-3.0015],[35.00323,-2.97769],[35.05105,-2.96667],[35.13859,-2.9076],[35.22417,-2.49945],[35.16093,-2.39481],[35.26666,-2.35787],[35.26657,-2.30255],[35.21124,-2.06905],[35.25683,-1.6895],[35.9887,-2.09833],[35.96989,-2.10723],[35.98827,-2.14654],[35.96757,-2.19744],[35.96628,-2.27048],[35.99385,-2.31932],[35.93458,-2.34232],[35.89489,-2.40283],[35.89489,-2.47587],[35.92573,-2.50188],[35.89171,-2.56951],[35.92187,-2.60822],[35.93596,-2.59406],[35.95022,-2.61071],[35.97608,-2.59689],[35.9693,-2.60788],[35.99885,-2.60985],[36.09817,-2.43527],[36.11625,-2.37229],[36.13262,-2.27649],[36.12114,-2.20945],[36.04108,-2.12841],[37.43033,-2.90903],[37.25174,-2.85466],[37.1412,-2.86376],[37.10439,-2.87748],[37.03551,-2.96339],[36.91684,-2.99542],[36.93116,-3.10707],[36.90674,-3.155],[36.95116,-3.2027],[36.98084,-3.21036],[36.99709,-3.25566],[37.04333,-3.27826],[37.06415,-3.35072],[37.04784,-3.42973],[37.06123,-3.49301],[37.01866,-3.50204],[36.96571,-3.57294],[36.92515,-3.5736],[36.91677,-3.59392],[36.89334,-3.59814],[36.86225,-3.58617],[36.83633,-3.64924],[36.79996,-3.65512],[36.80891,-3.63664],[36.78294,-3.61875],[36.78235,-3.57109],[36.71475,-3.5607],[36.70559,-3.61027],[36.66966,-3.61104],[36.66239,-3.63038],[36.61976,-3.64619],[36.60996,-3.68622],[36.56367,-3.7164],[36.55058,-3.71065],[36.46744,-3.79032],[36.36888,-3.80436],[36.33169,-3.78492],[36.2619,-3.79134],[36.29922,-3.9623],[36.28883,-4.07656],[36.29987,-4.14285],[36.27683,-4.14009],[36.14898,-3.86968],[36.02353,-3.71705],[35.95995,-3.68548],[35.9364,-3.63434],[35.89785,-3.65124],[35.87668,-3.63952],[35.87399,-3.57835],[35.91214,-3.47793],[35.88408,-3.40411],[35.84962,-3.40526],[35.8492,-3.37268],[35.83334,-3.37666],[35.84019,-3.41264],[35.7916,-3.46575],[35.78939,-3.50048],[35.76177,-3.53815],[35.76977,-3.55708],[35.74243,-3.57314],[35.72264,-3.55675],[35.69871,-3.70183],[35.67196,-3.75376],[35.59514,-3.78884],[35.62487,-3.69792],[35.50725,-3.68222],[35.47836,-3.64864],[35.3965,-3.62038]],[[35.94819,-3.65504],[35.94774,-3.65454],[35.94723,-3.65435],[35.94819,-3.65504]]]},"properties":{"region":"Arusha"}},{"type":"Feature","geometry":{"type":"MultiPolygon","coordinates":[[[[39.08034,-7.06874],[39.0687,-7.03121],[39.03752,-7.04991],[39.02253,-7.02447],[39.05102,-7.02822],[39.06518,-7.01395],[39.07244,-6.98223],[39.05975,-6.97294],[39.10964,-6.92287],[39.1186,-6.88075],[39.05523,-6.84481],[39.05419,-6.79008],[39.00858,-6.79114],[39.00788,-6.77915],[39.06067,-6.72092],[39.08239,-6.60178],[39.12812,-6.56781],[39.15012,-6.57489],[39.17847,-6.6263],[39.22853,-6.66387],[39.24712,-6.75004],[39.26715,-6.75926],[39.27578,-6.73134],[39.28762,-6.73809],[39.2798,-6.79123],[39.30106,-6.81806],[39.28687,-6.82255],[39.30019,-6.85255],[39.28675,-6.86747],[39.3004,-6.87077],[39.30681,-6.85191],[39.2947,-6.8251],[39.31446,-6.81518],[39.36659,-6.85314],[39.47592,-6.86541],[39.55227,-7.01862],[39.54271,-7.11131],[39.50459,-7.18381],[39.48845,-7.16561],[39.44931,-7.18536],[39.42365,-7.16161],[39.40513,-7.17508],[39.41823,-7.12797],[39.40601,-7.10491],[39.43309,-7.07649],[39.43332,-7.04495],[39.39107,-7.0471],[39.40364,-7.03873],[39.4058,-6.98787],[39.38907,-6.99179],[39.37499,-6.94915],[39.35452,-6.96111],[39.31983,-6.94904],[39.31238,-6.96256],[39.29872,-6.94797],[39.24325,-6.95183],[39.22015,-6.99525],[39.19298,-6.98324],[39.16545,-7.00071],[39.11246,-7.09254],[39.11318,-7.07629],[39.08034,-7.06874]]],[[[39.25955,-6.69676],[39.26511,-6.69353],[39.2766,-6.71084],[39.25955,-6.69676]]],[[[39.25017,-6.65114],[39.25436,-6.66246],[39.24392,-6.65703],[39.25017,-6.65114]]],[[[39.39687,-6.82595],[39.39154,-6.82665],[39.39676,-6.82134],[39.39687,-6.82595]]],[[[39.35444,-6.81713],[39.35333,-6.8235],[39.35255,-6.81655],[39.35444,-6.81713]]],[[[39.4026,-6.81562],[39.39999,-6.8183],[39.39746,-6.81316],[39.4026,-6.81562]]],[[[39.33257,-6.79744],[39.3296,-6.80033],[39.33073,-6.7961],[39.33257,-6.79744]]],[[[39.3325,-6.79151],[39.34013,-6.78922],[39.34414,-6.79509],[39.3325,-6.79151]]]]},"properties":{"region":"Dar es Salaam"}},{"type":"Feature","geometry":{"type":"Polygon","coordinates":[[[35.82479,-7.09829],[35.72199,-7.08053],[35.6498,-7.03222],[35.57636,-7.00578],[35.54274,-7.01465],[35.51971,-6.99248],[35.52531,-6.97308],[35.44089,-6.93106],[35.30258,-6.93423],[35.2724,-6.96987],[35.19457,-6.98241],[35.16962,-6.98153],[35.14172,-6.94199],[35.1276,-6.81817],[35.14019,-6.78408],[35.08193,-6.72966],[35.16822,-6.72859],[35.20563,-6.54199],[35.22579,-6.52274],[35.20088,-6.46161],[35.24317,-6.43328],[35.22686,-6.28723],[35.17878,-6.23604],[35.16825,-6.18325],[35.20617,-6.10369],[35.21225,-5.95765],[35.24092,-5.92814],[35.23417,-5.903],[35.26497,-5.86214],[35.28008,-5.76288],[35.33684,-5.71645],[35.35235,-5.67294],[35.25363,-5.58641],[35.24408,-5.54535],[35.20534,-5.51981],[35.18688,-5.4597],[35.13856,-5.41381],[35.12733,-5.3429],[35.09234,-5.27684],[35.09043,-5.19221],[35.13919,-5.07021],[35.17389,-5.03575],[35.281,-4.98059],[35.31964,-4.92852],[35.34628,-4.85624],[35.41412,-4.86991],[35.48724,-4.8395],[35.53927,-4.73656],[35.60684,-4.69074],[35.61862,-4.64658],[35.66148,-4.5907],[35.65159,-4.49813],[35.77861,-4.41315],[35.83104,-4.32445],[35.99968,-4.39463],[36.30092,-4.21903],[36.30722,-4.48097],[36.2205,-4.52644],[36.21452,-4.5794],[36.28811,-4.61722],[36.30659,-4.80847],[36.33775,-4.85076],[36.31369,-5.01325],[36.33061,-5.16832],[36.28434,-5.24738],[36.2989,-5.4179],[36.2708,-5.47572],[36.29063,-5.55411],[36.31483,-5.56582],[36.35736,-5.55765],[36.40243,-5.5813],[36.42134,-5.62395],[36.45294,-5.6461],[36.45323,-5.6903],[36.51301,-5.69805],[36.53439,-5.7283],[36.57868,-5.74589],[36.60069,-5.79956],[36.66685,-5.8504],[36.71591,-5.94497],[36.85515,-5.95375],[36.94139,-5.9288],[36.93749,-5.99494],[36.8773,-6.0071],[36.82562,-6.06346],[36.85006,-6.26736],[36.84829,-6.39524],[36.74487,-6.44532],[36.72661,-6.51463],[36.7532,-6.54747],[36.63169,-6.73989],[36.64553,-6.77752],[36.64754,-7.02578],[36.56401,-7.0465],[36.50733,-7.15857],[36.50326,-7.22126],[36.52888,-7.32521],[36.5168,-7.34221],[36.48019,-7.36667],[36.39543,-7.31487],[36.3323,-7.33592],[36.316,-7.31922],[36.32338,-7.28721],[36.30975,-7.25925],[36.25033,-7.17641],[36.20393,-7.17208],[36.19015,-7.14935],[36.17011,-7.15704],[36.14447,-7.13534],[36.04905,-7.11993],[35.98003,-7.13695],[35.8515,-7.08546],[35.82479,-7.09829]]]},"properties":{"region":"Dodoma"}},{"type":"Feature","geometry":{"type":"MultiPolygon","coordinates":[[[[31.98236,-3.74685],[31.87482,-3.78781],[31.87985,-3.84227],[31.83219,-3.95055],[31.77228,-3.95698],[31.70436,-3.98842],[31.68172,-4.06165],[31.66156,-4.07522],[31.65597,-4.11621],[31.63524,-4.13766],[31.67011,-4.15537],[31.6839,-4.22616],[31.67058,-4.27817],[31.65631,-4.27965],[31.67304,-4.32488],[31.66575,-4.35358],[31.62463,-4.42357],[31.58743,-4.4333],[31.49858,-4.4139],[31.4717,-4.4602],[31.42589,-4.46599],[31.41793,-4.36728],[31.39532,-4.31738],[31.36398,-4.29196],[31.36857,-4.23632],[31.34732,-4.2241],[31.34744,-4.17414],[31.32826,-4.14226],[31.34659,-4.06139],[31.36076,-4.06065],[31.35746,-4.04001],[31.38042,-4.01985],[31.35343,-3.86226],[31.29406,-3.73118],[31.24861,-3.70846],[31.22381,-3.67462],[31.21351,-3.52862],[31.1966,-3.50723],[31.21241,-3.4732],[31.15074,-3.36755],[31.24366,-3.28989],[31.41643,-3.33714],[31.43545,-3.29792],[31.46222,-3.31519],[31.55615,-3.24544],[31.5549,-3.13892],[31.46548,-2.96871],[31.47608,-2.90832],[31.50378,-2.88649],[31.54188,-2.91376],[31.54095,-2.9347],[31.57484,-2.94605],[31.59292,-2.86338],[31.64958,-2.84726],[31.6711,-2.86224],[31.72082,-2.81905],[31.72109,-2.78777],[31.67527,-2.7466],[31.65826,-2.76082],[31.62454,-2.7565],[31.61671,-2.77494],[31.56163,-2.75948],[31.54769,-2.73703],[31.54946,-2.72547],[31.5722,-2.72813],[31.56758,-2.71219],[31.5039,-2.7229],[31.4947,-2.6994],[31.44183,-2.70434],[31.40904,-2.66933],[31.40429,-2.62591],[31.45075,-2.55205],[31.51422,-2.52762],[31.54252,-2.5394],[31.56127,-2.51584],[31.59767,-2.51008],[31.60889,-2.45775],[31.63,-2.45116],[31.60665,-2.41183],[31.60818,-2.40948],[31.63781,-2.36615],[31.65876,-2.37797],[31.69616,-2.36813],[31.71992,-2.32715],[31.7458,-2.3288],[31.75941,-2.33969],[31.75003,-2.36148],[31.7777,-2.36577],[31.7555,-2.37304],[31.74772,-2.40922],[31.79093,-2.4292],[31.79975,-2.47482],[31.79351,-2.50207],[31.72239,-2.49838],[31.7093,-2.50966],[31.73029,-2.56834],[31.74899,-2.56299],[31.74919,-2.62466],[31.76189,-2.63471],[31.81608,-2.60367],[31.86083,-2.61703],[31.85693,-2.62979],[31.84213,-2.62218],[31.83677,-2.63471],[31.82845,-2.61889],[31.80689,-2.63098],[31.8176,-2.64986],[31.79973,-2.65445],[31.79219,-2.64024],[31.76178,-2.65732],[31.78261,-2.68754],[31.76137,-2.68495],[31.73933,-2.70714],[31.75469,-2.71518],[31.75581,-2.75041],[31.77031,-2.72182],[31.78987,-2.73097],[31.76746,-2.83015],[31.77605,-2.87641],[31.79596,-2.85065],[31.81954,-2.8678],[31.82037,-2.8101],[31.83321,-2.82846],[31.85477,-2.81174],[31.82713,-2.75397],[31.84074,-2.73725],[31.81955,-2.7169],[31.82726,-2.6945],[31.84621,-2.69946],[31.84154,-2.68563],[31.85717,-2.68347],[31.87496,-2.69741],[31.86196,-2.71255],[31.8652,-2.77236],[31.88888,-2.71233],[31.91213,-2.72864],[31.9005,-2.7009],[31.9178,-2.69537],[31.91284,-2.67929],[31.88409,-2.66236],[31.89592,-2.63983],[31.90524,-2.662],[31.94712,-2.65892],[31.93211,-2.70073],[31.96273,-2.69281],[31.96148,-2.71756],[31.97768,-2.7164],[31.97894,-2.78888],[32.04997,-2.77194],[32.00226,-2.73905],[31.99992,-2.71431],[32.0147,-2.704],[31.93119,-2.60874],[31.94222,-2.59355],[32.00519,-2.59322],[31.99528,-2.5654],[32.01135,-2.5443],[31.98329,-2.49315],[32.00721,-2.48021],[32.0265,-2.50874],[32.03111,-2.46915],[32.03834,-2.50617],[32.05783,-2.4959],[32.07739,-2.53018],[32.08239,-2.51193],[32.10286,-2.51032],[32.09859,-2.53023],[32.11624,-2.54676],[32.12871,-2.52938],[32.13707,-2.55948],[32.16754,-2.54737],[32.15469,-2.52179],[32.21536,-2.5161],[32.25661,-2.59036],[32.24654,-2.60763],[32.28511,-2.61051],[32.29978,-2.59094],[32.51237,-2.62771],[32.51921,-2.65786],[32.42048,-2.6838],[32.40526,-2.73691],[32.43129,-2.77095],[32.5563,-2.80137],[32.54223,-2.82447],[32.57407,-2.85757],[32.57935,-2.93364],[32.61774,-2.93882],[32.7108,-3.00694],[32.73037,-3.01173],[32.76315,-2.99061],[32.76432,-3.03394],[32.78694,-3.06818],[32.76711,-3.12319],[32.78854,-3.16945],[32.77543,-3.25115],[32.72985,-3.32401],[32.68318,-3.33219],[32.69722,-3.45955],[32.50277,-3.39376],[32.5452,-3.30174],[32.52133,-3.20143],[32.43918,-3.22085],[32.39813,-3.26624],[32.37794,-3.25968],[32.34819,-3.32937],[32.31005,-3.31311],[32.30311,-3.32498],[32.31566,-3.37176],[32.29603,-3.41002],[32.32406,-3.43642],[32.33057,-3.52333],[32.30274,-3.59011],[32.32538,-3.62678],[32.39515,-3.59709],[32.41552,-3.6522],[32.40524,-3.71175],[32.37065,-3.72182],[32.36708,-3.81746],[32.22382,-3.73614],[32.18435,-3.78421],[32.16051,-3.74644],[32.08491,-3.78768],[31.98236,-3.74685]]],[[[31.82031,-2.79127],[31.81544,-2.79619],[31.81639,-2.79305],[31.82031,-2.79127]]],[[[31.81074,-2.69602],[31.81727,-2.68656],[31.81689,-2.70408],[31.81074,-2.69602]]],[[[31.76397,-2.5289],[31.76107,-2.5242],[31.76538,-2.52889],[31.76397,-2.5289]]],[[[31.74571,-2.51798],[31.75015,-2.51793],[31.74909,-2.52081],[31.74571,-2.51798]]],[[[31.79411,-2.33293],[31.79359,-2.34385],[31.78821,-2.33871],[31.79411,-2.33293]]],[[[31.75956,-2.28253],[31.74817,-2.28233],[31.75391,-2.27063],[31.75956,-2.28253]]],[[[31.75308,-2.26303],[31.75363,-2.26714],[31.7522,-2.26688],[31.75308,-2.26303]]],[[[31.83433,-2.78521],[31.83855,-2.78652],[31.8351,-2.78871],[31.83433,-2.78521]]],[[[31.85553,-2.47502],[31.84757,-2.47839],[31.84833,-2.47095],[31.85553,-2.47502]]],[[[31.97994,-2.43261],[31.98856,-2.46491],[31.95613,-2.44213],[31.97994,-2.43261]]],[[[31.95619,-2.43768],[31.95637,-2.43869],[31.95566,-2.43827],[31.95619,-2.43768]]],[[[31.96674,-2.43551],[31.96936,-2.43429],[31.96956,-2.43634],[31.96674,-2.43551]]],[[[31.99483,-2.42741],[32.01487,-2.44134],[31.99516,-2.43786],[31.99483,-2.42741]]],[[[31.96484,-2.43222],[31.96781,-2.43162],[31.96594,-2.43373],[31.96484,-2.43222]]],[[[31.96778,-2.42871],[31.96968,-2.42678],[31.97197,-2.42942],[31.96778,-2.42871]]],[[[31.9594,-2.42595],[31.95955,-2.42509],[31.95982,-2.42554],[31.9594,-2.42595]]],[[[31.96752,-2.3822],[31.96384,-2.42427],[31.93567,-2.41871],[31.96752,-2.3822]]],[[[31.92903,-2.38664],[31.92852,-2.38176],[31.93131,-2.38407],[31.92903,-2.38664]]],[[[31.92229,-2.3802],[31.92485,-2.37741],[31.92232,-2.38112],[31.92229,-2.3802]]],[[[31.91872,-2.36959],[31.91645,-2.37189],[31.91574,-2.37067],[31.91872,-2.36959]]],[[[31.92254,-2.36489],[31.92306,-2.3661],[31.92199,-2.36714],[31.92254,-2.36489]]],[[[31.81456,-2.18607],[31.81739,-2.22376],[31.84634,-2.21338],[31.86073,-2.31544],[31.89323,-2.32828],[31.92112,-2.30277],[31.91145,-2.34402],[31.8892,-2.36398],[31.92532,-2.38929],[31.9133,-2.40837],[31.92635,-2.40736],[31.92369,-2.41906],[31.86709,-2.46432],[31.84049,-2.46251],[31.83315,-2.42545],[31.85124,-2.38842],[31.81659,-2.34436],[31.83855,-2.30617],[31.79491,-2.32855],[31.77501,-2.31009],[31.81765,-2.24587],[31.78219,-2.25708],[31.77858,-2.21176],[31.81456,-2.18607]]],[[[32.08229,-2.51066],[32.0795,-2.504],[32.08142,-2.5034],[32.08229,-2.51066]]],[[[32.06979,-2.49046],[32.07626,-2.48959],[32.07126,-2.49475],[32.06979,-2.49046]]],[[[32.04439,-2.47538],[32.04712,-2.47497],[32.04439,-2.47764],[32.04439,-2.47538]]]]},"properties":{"region":"Geita"}},{"type":"Feature","geometry":{"type":"MultiPolygon","coordinates":[[[[35.33045,-8.87278],[35.35526,-8.88418],[35.3459,-8.89581],[35.3678,-8.92094],[35.36351,-8.94217],[35.41325,-8.96054],[35.41549,-8.98055],[35.3867,-9.01113],[35.3042,-9.041],[35.142,-9.0398],[35.12012,-9.01839],[35.13116,-8.98111],[35.11016,-8.94326],[35.14088,-8.90299],[35.12866,-8.88149],[35.14612,-8.83184],[35.13099,-8.77688],[35.08547,-8.78829],[35.04499,-8.77746],[35.02843,-8.80817],[34.94908,-8.82809],[34.86143,-8.77736],[34.90228,-8.72468],[34.86165,-8.68738],[34.79834,-8.67704],[34.75025,-8.68692],[34.6995,-8.66629],[34.72044,-8.6344],[34.71263,-8.58344],[34.74575,-8.46144],[34.7122,-8.46709],[34.6958,-8.4384],[34.71503,-8.4028],[34.69422,-8.39394],[34.74847,-8.38296],[34.8387,-8.24667],[34.95357,-8.16488],[34.93001,-8.11351],[34.93126,-8.07208],[34.88746,-7.98196],[34.80629,-7.86937],[34.74931,-7.82636],[34.62872,-7.84757],[34.31445,-7.79583],[34.20653,-7.86111],[34.17345,-7.86636],[34.13511,-7.77708],[34.15522,-7.67805],[34.23754,-7.56127],[34.1937,-7.48773],[34.19606,-7.36907],[34.24762,-7.3292],[34.31396,-7.33731],[34.43404,-7.31948],[34.50909,-7.23447],[34.59576,-7.1846],[34.67726,-7.05658],[34.92864,-6.88894],[34.97047,-6.90566],[35.04035,-6.90427],[35.16962,-6.98153],[35.2724,-6.96987],[35.30258,-6.93423],[35.44089,-6.93106],[35.52531,-6.97308],[35.51971,-6.99248],[35.54274,-7.01465],[35.57636,-7.00578],[35.6498,-7.03222],[35.73801,-7.08566],[35.82479,-7.09829],[35.8515,-7.08546],[35.98003,-7.13695],[36.04905,-7.11993],[36.14447,-7.13534],[36.17011,-7.15704],[36.19015,-7.14935],[36.20393,-7.17208],[36.25033,-7.17641],[36.27923,-7.23335],[36.30144,-7.24447],[36.32705,-7.33239],[36.39543,-7.31487],[36.47062,-7.35485],[36.4761,-7.40807],[36.50621,-7.43477],[36.52582,-7.51026],[36.57376,-7.49711],[36.5974,-7.52416],[36.63866,-7.51686],[36.69427,-7.56968],[36.79396,-7.5844],[36.77945,-7.64549],[36.83295,-7.64681],[36.84365,-7.63478],[36.84323,-7.68129],[36.73753,-7.99499],[36.68806,-8.02337],[36.63015,-8.01718],[36.47709,-8.05433],[36.44692,-8.04097],[36.41969,-8.05476],[36.35993,-8.05081],[36.31407,-8.08592],[36.31943,-8.12146],[36.28472,-8.10839],[36.17919,-8.18084],[36.17416,-8.20224],[36.09661,-8.26172],[36.07717,-8.31499],[36.00649,-8.35801],[35.93437,-8.44151],[35.88229,-8.52873],[35.8792,-8.5824],[35.76275,-8.62598],[35.75158,-8.73266],[35.72274,-8.81135],[35.69771,-8.7913],[35.67707,-8.81627],[35.65591,-8.81288],[35.64955,-8.77609],[35.59405,-8.68945],[35.49879,-8.66108],[35.41651,-8.66451],[35.35598,-8.68943],[35.35329,-8.71222],[35.3297,-8.72955],[35.3558,-8.77915],[35.35829,-8.82453],[35.33045,-8.87278]]],[[[35.15406,-6.96485],[35.15371,-6.96458],[35.15399,-6.96478],[35.15406,-6.96485]]]]},"properties":{"region":"Iringa"}},{"type":"Feature","geometry":{"type":"MultiPolygon","coordinates":[[[[30.86398,-2.95121],[30.85032,-2.97978],[30.75345,-2.99868],[30.70408,-2.97188],[30.6706,-2.99394],[30.64618,-2.9709],[30.64748,-2.94979],[30.57423,-2.89408],[30.50488,-2.95454],[30.43724,-2.9035],[30.43566,-2.87623],[30.41158,-2.86454],[30.44236,-2.79302],[30.44018,-2.74503],[30.4951,-2.71263],[30.52826,-2.67034],[30.52704,-2.65407],[30.51211,-2.65735],[30.45974,-2.69264],[30.41991,-2.66472],[30.48434,-2.55729],[30.48335,-2.52833],[30.51282,-2.50227],[30.5398,-2.4111],[30.57004,-2.41943],[30.61031,-2.39925],[30.65691,-2.41387],[30.71764,-2.35554],[30.77922,-2.39036],[30.82874,-2.33912],[30.82703,-2.26104],[30.84669,-2.26062],[30.84393,-2.20555],[30.89923,-2.07749],[30.84809,-2.01065],[30.81591,-2.02231],[30.82778,-1.97001],[30.81585,-1.94079],[30.78438,-1.94651],[30.83828,-1.85978],[30.81848,-1.84083],[30.83102,-1.75584],[30.81281,-1.73265],[30.82746,-1.72341],[30.82257,-1.68306],[30.83735,-1.64917],[30.86483,-1.65472],[30.87088,-1.64234],[30.89832,-1.73274],[30.91034,-1.68523],[30.89482,-1.67959],[30.92541,-1.67829],[30.89398,-1.64718],[30.89171,-1.60084],[30.85404,-1.64237],[30.84041,-1.61579],[30.81987,-1.61822],[30.77526,-1.58632],[30.78653,-1.57102],[30.77198,-1.53304],[30.72524,-1.50081],[30.73946,-1.47887],[30.7425,-1.39981],[30.70735,-1.408],[30.66016,-1.38231],[30.6289,-1.38295],[30.61483,-1.34849],[30.56888,-1.33736],[30.55024,-1.24979],[30.5094,-1.17188],[30.47171,-1.15808],[30.4763,-1.12129],[30.45898,-1.11734],[30.45244,-1.08142],[30.47327,-1.0573],[30.52807,-1.07609],[30.65866,-1.06256],[30.69862,-1.0151],[30.76763,-0.98477],[30.80003,-1.00028],[31.7921,-0.99902],[31.76616,-1.0318],[31.77433,-1.08216],[31.79581,-1.05641],[31.81519,-1.05726],[31.824,-1.00285],[31.84148,-1.001],[31.84289,-1.03361],[31.86421,-1.02034],[31.87769,-1.03856],[31.84695,-1.07315],[31.86722,-1.10185],[31.85635,-1.13713],[31.87951,-1.16574],[31.86414,-1.21146],[31.86936,-1.2626],[31.83971,-1.3301],[31.81441,-1.34704],[31.80431,-1.43028],[31.81618,-1.44713],[31.80346,-1.47946],[31.79024,-1.48695],[31.76876,-1.46163],[31.74888,-1.47693],[31.77445,-1.50274],[31.7438,-1.51326],[31.75892,-1.60824],[31.72903,-1.65567],[31.70158,-1.85532],[31.68763,-1.90203],[31.62579,-1.96415],[31.6098,-2.01695],[31.61942,-2.05387],[31.60054,-2.0916],[31.62075,-2.08689],[31.62606,-2.04906],[31.66388,-2.04423],[31.68279,-2.01507],[31.70463,-2.01299],[31.68865,-2.06321],[31.70288,-2.09125],[31.69276,-2.12062],[31.67239,-2.12741],[31.69807,-2.14437],[31.66804,-2.20533],[31.65552,-2.30148],[31.62789,-2.34005],[31.63781,-2.36615],[31.60665,-2.41183],[31.63,-2.45116],[31.60889,-2.45775],[31.59767,-2.51008],[31.56127,-2.51584],[31.54545,-2.53851],[31.51422,-2.52762],[31.44201,-2.55767],[31.40429,-2.62591],[31.40904,-2.66933],[31.44183,-2.70434],[31.4947,-2.6994],[31.5039,-2.7229],[31.56758,-2.71219],[31.5722,-2.72813],[31.54946,-2.72547],[31.54769,-2.73703],[31.56163,-2.75948],[31.61671,-2.77494],[31.62454,-2.7565],[31.65826,-2.76082],[31.67527,-2.7466],[31.72109,-2.78777],[31.72082,-2.81905],[31.6711,-2.86224],[31.64958,-2.84726],[31.59292,-2.86338],[31.57484,-2.94605],[31.54095,-2.9347],[31.54188,-2.91376],[31.50378,-2.88649],[31.47608,-2.90832],[31.46548,-2.96871],[31.5549,-3.13892],[31.55615,-3.24544],[31.46222,-3.31519],[31.43545,-3.29792],[31.41643,-3.33714],[31.24366,-3.28989],[31.1519,-3.36475],[31.12424,-3.31133],[31.10747,-3.20941],[31.06504,-3.18102],[31.03604,-3.18753],[31.01625,-3.21688],[31.01384,-3.20018],[30.98907,-3.18938],[31.07162,-3.03438],[31.08151,-2.97102],[31.02546,-2.85304],[31.00714,-2.83192],[30.98881,-2.83663],[30.86398,-2.95121]],[[30.97537,-2.0496],[30.93058,-2.02299],[30.96317,-2.0147],[30.95858,-1.98546],[30.94485,-2.00973],[30.92277,-2.00536],[30.90852,-2.04146],[30.91615,-2.02987],[30.96225,-2.05979],[30.97537,-2.0496]],[[30.9688,-2.11336],[30.92346,-2.11939],[30.91666,-2.09642],[30.933,-2.09352],[30.90216,-2.07784],[30.90821,-2.12681],[30.92546,-2.1288],[30.92906,-2.14723],[30.94014,-2.13151],[30.95864,-2.18803],[30.96869,-2.13687],[30.95572,-2.12733],[30.9688,-2.11336]],[[30.91389,-1.90943],[30.94821,-1.91532],[30.93596,-1.90392],[30.95622,-1.89379],[30.94012,-1.89331],[30.95412,-1.86824],[30.91389,-1.90943]],[[30.89701,-2.15596],[30.89258,-2.15773],[30.89106,-2.16845],[30.89774,-2.17255],[30.89701,-2.15596]],[[30.81095,-1.5581],[30.80052,-1.57897],[30.81414,-1.58672],[30.82709,-1.57259],[30.81095,-1.5581]],[[30.81869,-1.41097],[30.80029,-1.44017],[30.8166,-1.43502],[30.81997,-1.44975],[30.83866,-1.46034],[30.82483,-1.43695],[30.83909,-1.44545],[30.83339,-1.42905],[30.84796,-1.42528],[30.81869,-1.41097]],[[30.79352,-1.45035],[30.80962,-1.45705],[30.79543,-1.44717],[30.79352,-1.45035]],[[30.78581,-1.44919],[30.77701,-1.45204],[30.7876,-1.46146],[30.78581,-1.44919]],[[30.75741,-1.45783],[30.77542,-1.46223],[30.77208,-1.45369],[30.75741,-1.45783]],[[30.77127,-1.49881],[30.7512,-1.50972],[30.77419,-1.52208],[30.77127,-1.49881]],[[31.58418,-1.43979],[31.53785,-1.45809],[31.51681,-1.47482],[31.52073,-1.49017],[31.58407,-1.48825],[31.5952,-1.47025],[31.58418,-1.43979]]],[[[30.89487,-2.1581],[30.89691,-2.15698],[30.89561,-2.15876],[30.89487,-2.1581]]],[[[31.69612,-2.28398],[31.69704,-2.2637],[31.70323,-2.26587],[31.69612,-2.28398]]],[[[31.73285,-2.21969],[31.73119,-2.22249],[31.73091,-2.21975],[31.73285,-2.21969]]],[[[31.72665,-2.18542],[31.73513,-2.18691],[31.73512,-2.19162],[31.72665,-2.18542]]],[[[31.74527,-2.12589],[31.74005,-2.13007],[31.74406,-2.12236],[31.74527,-2.12589]]],[[[31.76498,-2.11273],[31.7987,-2.14324],[31.81735,-2.12548],[31.8232,-2.14456],[31.78133,-2.16188],[31.74877,-2.12772],[31.76947,-2.07671],[31.76498,-2.11273]]],[[[31.785,-2.03684],[31.77212,-2.04416],[31.78374,-2.03596],[31.785,-2.03684]]],[[[31.75637,-2.02669],[31.77324,-2.02859],[31.75777,-2.03073],[31.75637,-2.02669]]],[[[31.76648,-1.99694],[31.7752,-1.99385],[31.767,-2.00166],[31.76648,-1.99694]]],[[[31.78125,-1.95898],[31.78072,-1.95599],[31.78271,-1.95741],[31.78125,-1.95898]]],[[[31.78358,-1.94174],[31.77802,-1.94022],[31.78031,-1.93798],[31.78358,-1.94174]]],[[[31.82279,-2.15645],[31.82341,-2.14719],[31.82412,-2.15778],[31.82279,-2.15645]]],[[[31.79324,-2.00544],[31.79328,-2.02041],[31.78295,-2.02717],[31.77655,-2.01119],[31.79324,-2.00544]]],[[[31.80159,-1.99599],[31.79591,-2.0017],[31.80108,-1.995],[31.80159,-1.99599]]],[[[31.79201,-1.99476],[31.79436,-1.99626],[31.79159,-1.99681],[31.79201,-1.99476]]],[[[31.80511,-1.97897],[31.79458,-1.99244],[31.76866,-1.9882],[31.78184,-1.96714],[31.80511,-1.97897]]],[[[31.82479,-1.96186],[31.82453,-1.96688],[31.82054,-1.96507],[31.82479,-1.96186]]],[[[31.80454,-1.82681],[31.79966,-1.83218],[31.80464,-1.82551],[31.80454,-1.82681]]],[[[31.84844,-1.76665],[31.81855,-1.81397],[31.80877,-1.82148],[31.83799,-1.75927],[31.84844,-1.76665]]],[[[31.95045,-1.68036],[31.94917,-1.68038],[31.94971,-1.67944],[31.95045,-1.68036]]],[[[31.89249,-1.60345],[31.90221,-1.66026],[31.87714,-1.68198],[31.86919,-1.73773],[31.85196,-1.75623],[31.84934,-1.73076],[31.86656,-1.71922],[31.85408,-1.69461],[31.87431,-1.67727],[31.85782,-1.60833],[31.87255,-1.61689],[31.89249,-1.60345]]],[[[31.94533,-1.65654],[31.94231,-1.66409],[31.94089,-1.66328],[31.94533,-1.65654]]],[[[31.90249,-1.62504],[31.92418,-1.6395],[31.93737,-1.65797],[31.90702,-1.633],[31.90249,-1.62504]]],[[[31.88308,-1.60087],[31.85841,-1.58696],[31.86206,-1.57649],[31.88308,-1.60087]]],[[[31.8995,-1.54738],[31.90706,-1.54614],[31.89988,-1.55125],[31.8995,-1.54738]]],[[[31.98661,-1.51184],[31.98628,-1.51365],[31.98553,-1.51302],[31.98661,-1.51184]]],[[[32.00511,-1.50243],[32.00579,-1.50604],[32.00384,-1.5062],[32.00511,-1.50243]]],[[[31.98273,-1.50782],[31.98846,-1.49859],[31.99246,-1.4989],[31.98273,-1.50782]]],[[[31.8061,-1.4969],[31.80957,-1.50843],[31.80097,-1.50291],[31.8061,-1.4969]]],[[[32.603,-1.47897],[32.60048,-1.48033],[32.60264,-1.47671],[32.603,-1.47897]]],[[[32.61638,-1.47667],[32.6055,-1.47046],[32.61751,-1.4611],[32.61638,-1.47667]]],[[[32.13606,-1.44125],[32.11529,-1.48581],[32.09881,-1.49534],[32.11797,-1.46061],[32.13606,-1.44125]]],[[[31.84802,-1.3473],[31.84718,-1.35085],[31.84525,-1.34975],[31.84802,-1.3473]]],[[[31.86558,-1.28907],[31.86496,-1.29788],[31.86365,-1.29297],[31.86558,-1.28907]]],[[[31.87076,-1.2687],[31.87117,-1.26515],[31.87158,-1.26861],[31.87076,-1.2687]]],[[[31.80695,-1.028],[31.80584,-1.02186],[31.80605,-1.0197],[31.80695,-1.028]]]]},"properties":{"region":"Kagera"}},{"type":"Feature","geometry":{"type":"MultiPolygon","coordinates":[[[[39.63604,-5.16107],[39.63437,-5.15862],[39.63695,-5.15953],[39.63604,-5.16107]]],[[[39.70571,-5.15779],[39.70119,-5.15841],[39.70486,-5.15647],[39.70571,-5.15779]]],[[[39.60421,-5.15865],[39.61062,-5.15263],[39.60909,-5.15667],[39.60421,-5.15865]]],[[[39.62711,-5.14738],[39.6138,-5.1518],[39.61289,-5.15112],[39.61539,-5.14802],[39.62711,-5.14738]]],[[[39.64681,-5.13297],[39.64029,-5.15181],[39.63757,-5.1541],[39.63824,-5.13868],[39.64681,-5.13297]]],[[[39.66055,-5.13247],[39.66884,-5.1396],[39.65716,-5.1492],[39.66055,-5.13247]]],[[[39.75008,-5.14453],[39.7113,-5.1746],[39.7155,-5.14997],[39.68567,-5.13484],[39.70087,-5.11625],[39.6855,-5.1035],[39.70095,-5.06963],[39.74098,-5.08112],[39.70069,-5.04295],[39.69716,-5.05353],[39.67079,-5.04287],[39.695,-5.03143],[39.67649,-4.98348],[39.71282,-4.98307],[39.68303,-4.94743],[39.68646,-4.96105],[39.67387,-4.95755],[39.67672,-4.87734],[39.68312,-4.86443],[39.69244,-4.8991],[39.72383,-4.91125],[39.72034,-4.91494],[39.72147,-4.92312],[39.72738,-4.90306],[39.7842,-4.92572],[39.825,-5.00196],[39.8155,-4.92703],[39.83612,-4.93551],[39.83888,-4.91069],[39.84644,-4.91183],[39.84386,-4.94593],[39.83879,-4.95073],[39.83751,-4.9547],[39.83829,-4.95946],[39.85191,-4.95041],[39.8629,-4.88806],[39.87396,-4.90342],[39.87142,-5.0119],[39.86699,-5.02546],[39.84655,-5.00617],[39.83292,-5.01469],[39.83798,-5.0815],[39.82058,-5.105],[39.8319,-5.11283],[39.82045,-5.13723],[39.82426,-5.14679],[39.84472,-5.14031],[39.84588,-5.10835],[39.8638,-5.11454],[39.85875,-5.17142],[39.76531,-5.15855],[39.73673,-5.17594],[39.75008,-5.14453]]],[[[39.67915,-5.13384],[39.67173,-5.13782],[39.67168,-5.13615],[39.67915,-5.13384]]],[[[39.66402,-5.11564],[39.66044,-5.11487],[39.66255,-5.11408],[39.66402,-5.11564]]],[[[39.63397,-5.09533],[39.64591,-5.1141],[39.63361,-5.12788],[39.63397,-5.09533]]],[[[39.64041,-5.09463],[39.63944,-5.09766],[39.63943,-5.0944],[39.64041,-5.09463]]],[[[39.66452,-5.0092],[39.64516,-5.08751],[39.63547,-5.09347],[39.64874,-5.02763],[39.66452,-5.0092]]],[[[39.66998,-4.96113],[39.66663,-4.98928],[39.66367,-5.00538],[39.66105,-4.97626],[39.66998,-4.96113]]],[[[39.80277,-4.94887],[39.80403,-4.9516],[39.80182,-4.9503],[39.80277,-4.94887]]],[[[39.80371,-4.94247],[39.80749,-4.94126],[39.80721,-4.94503],[39.80371,-4.94247]]],[[[39.80685,-4.9294],[39.79951,-4.93714],[39.79737,-4.93061],[39.80685,-4.9294]]],[[[39.83852,-5.1138],[39.83696,-5.11304],[39.83872,-5.11134],[39.83852,-5.1138]]],[[[39.83742,-5.10419],[39.85686,-5.0793],[39.84784,-5.06005],[39.85972,-5.04063],[39.87188,-5.08845],[39.86349,-5.10905],[39.83742,-5.10419]]],[[[39.85,-5.04282],[39.85177,-5.04331],[39.85015,-5.04473],[39.85,-5.04282]]],[[[39.81193,-4.95361],[39.80962,-4.95682],[39.80728,-4.94972],[39.81193,-4.95361]]]]},"properties":{"region":"Kaskazini Pemba"}},{"type":"Feature","geometry":{"type":"MultiPolygon","coordinates":[[[[39.40122,-6.02159],[39.22234,-6.03999],[39.19558,-6.02501],[39.18383,-5.90897],[39.19998,-5.90005],[39.2073,-5.93807],[39.22283,-5.892],[39.27497,-5.8638],[39.29598,-5.79084],[39.28874,-5.73968],[39.3029,-5.72199],[39.35599,-5.79624],[39.35729,-5.9191],[39.40122,-6.02159]]],[[[39.20389,-5.91462],[39.20427,-5.91146],[39.2062,-5.91298],[39.20389,-5.91462]]],[[[39.20656,-5.87259],[39.20787,-5.86984],[39.20841,-5.87346],[39.20656,-5.87259]]],[[[39.24049,-5.85516],[39.24114,-5.85599],[39.23984,-5.8556],[39.24049,-5.85516]]],[[[39.23382,-5.85681],[39.21663,-5.85946],[39.21154,-5.84533],[39.22046,-5.767],[39.24321,-5.80755],[39.22905,-5.82086],[39.23382,-5.85681]]],[[[39.24704,-5.82586],[39.25457,-5.82061],[39.24907,-5.82986],[39.24704,-5.82586]]],[[[39.22213,-5.75874],[39.21827,-5.7613],[39.22013,-5.75557],[39.22213,-5.75874]]],[[[39.28083,-5.78043],[39.28328,-5.7858],[39.27993,-5.78179],[39.28083,-5.78043]]],[[[39.28686,-5.77138],[39.28336,-5.77706],[39.28335,-5.77193],[39.28686,-5.77138]]],[[[39.38522,-5.81826],[39.38374,-5.82211],[39.38129,-5.82114],[39.38522,-5.81826]]]]},"properties":{"region":"Kaskazini Unguja"}},{"type":"Feature","geometry":{"type":"MultiPolygon","coordinates":[[[[30.57844,-6.9513],[30.51681,-6.93062],[30.44408,-6.82809],[30.3992,-6.80511],[30.40603,-6.74897],[30.3382,-6.63818],[30.24549,-6.57222],[30.27143,-6.54226],[30.2803,-6.48794],[30.30582,-6.47225],[30.29988,-6.45215],[30.39348,-6.4054],[30.39451,-6.34092],[30.37245,-6.32012],[30.38895,-6.27995],[30.23796,-6.20938],[30.21493,-5.99651],[30.18707,-5.96144],[30.18809,-5.82833],[30.14609,-5.77912],[30.15314,-5.76353],[30.13063,-5.70943],[30.08892,-5.66559],[30.08177,-5.58129],[30.02727,-5.57674],[30.03258,-5.54337],[30.01449,-5.55608],[30.02328,-5.53703],[30.00144,-5.53304],[30.04049,-5.49897],[30.04421,-5.45905],[29.97066,-5.42331],[29.93448,-5.36557],[30.0192,-5.36534],[30.07983,-5.33678],[30.0981,-5.30214],[30.10537,-5.19285],[30.12073,-5.18541],[30.16813,-5.18904],[30.17886,-5.23901],[30.22885,-5.22319],[30.24269,-5.1768],[30.39978,-5.16998],[30.61092,-5.20161],[30.67492,-5.13316],[30.70586,-5.14166],[30.72973,-5.1993],[30.7729,-5.24182],[30.83432,-5.27244],[30.83375,-5.32491],[30.90327,-5.31944],[30.91264,-5.29216],[30.96043,-5.27049],[30.98132,-5.34804],[31.01722,-5.35345],[30.99613,-5.38022],[31.05659,-5.43518],[31.04739,-5.45593],[31.07103,-5.5217],[31.03992,-5.55067],[31.04811,-5.57778],[31.10798,-5.61457],[31.11901,-5.63747],[31.16148,-5.62048],[31.13808,-5.67237],[31.15865,-5.67998],[31.13954,-5.70291],[31.15951,-5.73498],[31.14529,-5.76779],[31.16765,-5.7685],[31.19518,-5.73939],[31.21966,-5.75753],[31.24301,-5.74591],[31.28225,-5.81285],[31.32226,-5.78457],[31.44351,-5.81939],[31.53417,-5.80534],[31.6601,-5.82987],[31.70574,-5.78469],[31.76705,-5.75882],[31.77718,-5.72839],[31.82583,-5.71382],[31.89956,-5.74783],[31.96392,-5.74544],[32.02876,-5.76399],[32.04411,-5.82468],[32.0856,-5.85406],[32.09291,-5.93983],[32.11741,-5.95617],[32.11693,-5.99712],[32.17028,-6.06876],[32.16715,-6.10572],[32.18832,-6.12952],[32.18028,-6.14632],[32.21004,-6.19051],[32.2898,-6.24217],[32.33508,-6.22689],[32.36299,-6.23887],[32.44243,-6.30444],[32.54793,-6.31148],[32.59254,-6.33869],[32.63606,-6.329],[32.69259,-6.38866],[32.75428,-6.40868],[32.74537,-6.99844],[32.58578,-7.00498],[32.59844,-7.10172],[32.48773,-7.13392],[32.49019,-7.15278],[32.45376,-7.13698],[32.44684,-7.15722],[32.27968,-7.27163],[32.26805,-7.36506],[32.19093,-7.51829],[32.14927,-7.51705],[32.1273,-7.54095],[32.09898,-7.51245],[32.07965,-7.57033],[32.03731,-7.61246],[31.80519,-7.42181],[31.79281,-7.44053],[31.75883,-7.43773],[31.72304,-7.49016],[31.65591,-7.49885],[31.59602,-7.48188],[31.57142,-7.5038],[31.57997,-7.51051],[31.5576,-7.55009],[31.54368,-7.53093],[31.50187,-7.52482],[31.48513,-7.49876],[31.49421,-7.45009],[31.48138,-7.42083],[31.45145,-7.42495],[31.43731,-7.46155],[31.38142,-7.48078],[31.34181,-7.36512],[31.3462,-7.25244],[31.26039,-7.21459],[31.16183,-7.21982],[31.11998,-7.16565],[30.98615,-7.11354],[30.95361,-7.07828],[30.97008,-6.98054],[30.94887,-6.94],[30.82385,-6.91649],[30.80413,-6.99677],[30.7669,-6.94588],[30.57844,-6.9513]]],[[[32.75155,-6.9772],[32.74868,-6.97742],[32.7495,-6.97731],[32.75155,-6.9772]]]]},"properties":{"region":"Katavi"}},{"type":"Feature","geometry":{"type":"Polygon","coordinates":[[[29.76721,-5.03985],[29.78035,-5.03066],[29.76441,-4.99564],[29.69427,-4.95829],[29.67403,-4.92373],[29.59574,-4.91703],[29.59533,-4.8995],[29.62992,-4.87293],[29.6271,-4.86075],[29.60868,-4.86363],[29.6001,-4.74959],[29.63893,-4.62112],[29.6628,-4.44597],[29.76009,-4.46702],[29.76434,-4.4285],[29.81292,-4.36502],[29.87395,-4.38102],[29.88721,-4.35572],[29.93476,-4.34297],[29.969,-4.30284],[30.00517,-4.29428],[30.00329,-4.28035],[30.04217,-4.27641],[30.07482,-4.17233],[30.15658,-4.11507],[30.1926,-4.0506],[30.2246,-4.0267],[30.21453,-3.99059],[30.23885,-3.92303],[30.25637,-3.88353],[30.30807,-3.84523],[30.32881,-3.78487],[30.38089,-3.77591],[30.39728,-3.79699],[30.40963,-3.78407],[30.38714,-3.71415],[30.43341,-3.6192],[30.45607,-3.60615],[30.44549,-3.56789],[30.49124,-3.51802],[30.51561,-3.52731],[30.53435,-3.50188],[30.66176,-3.43206],[30.67768,-3.39802],[30.64692,-3.38557],[30.6369,-3.35692],[30.66672,-3.32002],[30.71924,-3.30313],[30.74065,-3.26553],[30.76396,-3.29215],[30.83947,-3.25667],[30.8118,-3.22298],[30.8466,-3.20702],[30.84542,-3.16154],[30.83445,-3.1443],[30.81855,-3.14741],[30.83593,-3.09493],[30.79707,-3.05207],[30.9194,-2.89091],[31.01151,-2.83407],[31.08151,-2.97102],[31.07162,-3.03438],[30.98907,-3.18938],[31.01384,-3.20018],[31.01625,-3.21688],[31.03604,-3.18753],[31.08119,-3.18354],[31.12152,-3.23447],[31.12424,-3.31133],[31.21241,-3.4732],[31.1966,-3.50723],[31.21351,-3.52862],[31.22381,-3.67462],[31.24861,-3.70846],[31.29406,-3.73118],[31.34414,-3.83453],[31.38042,-4.01985],[31.35746,-4.04001],[31.36076,-4.06065],[31.34659,-4.06139],[31.32826,-4.14226],[31.34744,-4.17414],[31.34732,-4.2241],[31.36857,-4.23632],[31.36398,-4.29196],[31.39532,-4.31738],[31.41793,-4.36728],[31.42464,-4.46428],[31.44974,-4.45695],[31.46949,-4.46095],[31.45526,-4.46581],[31.46715,-4.47675],[31.45776,-4.51731],[31.48108,-4.54906],[31.49455,-4.62615],[31.45673,-4.69358],[31.43259,-4.7075],[31.4091,-4.70052],[31.38841,-4.7261],[31.39823,-4.80865],[31.37691,-4.81082],[31.31076,-4.90363],[31.31359,-4.9355],[31.24119,-4.93645],[31.23926,-4.98004],[31.26152,-5.00831],[31.20696,-5.14203],[31.2243,-5.16682],[31.20596,-5.21326],[31.22996,-5.24083],[31.12782,-5.27097],[31.06841,-5.24489],[31.0111,-5.24895],[30.91264,-5.29216],[30.90327,-5.31944],[30.85024,-5.326],[30.8309,-5.31581],[30.83432,-5.27244],[30.7729,-5.24182],[30.71296,-5.17643],[30.70586,-5.14166],[30.67492,-5.13316],[30.61092,-5.20161],[30.39978,-5.16998],[30.27239,-5.17295],[30.24269,-5.1768],[30.22427,-5.22699],[30.17886,-5.23901],[30.16813,-5.18904],[30.12073,-5.18541],[30.10537,-5.19285],[30.0981,-5.30214],[30.07983,-5.33678],[30.0192,-5.36534],[29.93448,-5.36557],[29.97066,-5.42331],[30.04421,-5.45905],[30.04049,-5.49897],[30.00144,-5.53304],[30.02328,-5.53703],[30.01449,-5.55608],[30.03258,-5.54337],[30.02727,-5.57674],[30.08177,-5.58129],[30.08892,-5.66559],[30.13063,-5.70943],[30.15314,-5.76353],[30.14609,-5.77912],[30.18809,-5.82833],[30.18707,-5.96144],[30.21493,-5.99651],[30.23796,-6.20938],[30.38895,-6.27995],[30.37245,-6.32012],[30.39451,-6.34092],[30.39348,-6.4054],[30.29988,-6.45215],[30.30582,-6.47225],[30.2803,-6.48794],[30.25427,-6.57232],[30.14232,-6.44928],[30.05579,-6.46206],[29.95012,-6.50645],[29.95494,-6.47505],[29.86259,-6.41888],[29.72281,-6.24105],[29.73984,-6.19905],[29.72782,-6.08963],[29.74637,-6.01588],[29.79578,-5.99004],[29.82927,-5.99804],[29.8608,-5.96182],[29.94572,-5.91434],[29.95328,-5.87408],[29.93452,-5.75633],[29.84183,-5.5566],[29.74909,-5.46332],[29.74774,-5.40334],[29.76797,-5.39311],[29.7658,-5.36908],[29.79043,-5.3358],[29.79876,-5.28842],[29.78535,-5.27832],[29.81083,-5.27178],[29.80067,-5.25403],[29.81785,-5.19632],[29.7969,-5.17723],[29.82097,-5.17812],[29.82596,-5.14803],[29.80367,-5.08442],[29.76721,-5.03985]]]},"properties":{"region":"Kigoma"}},{"type":"Feature","geometry":{"type":"Polygon","coordinates":[[[37.29881,-3.50096],[37.23028,-3.48986],[37.21408,-3.45554],[37.1947,-3.45171],[37.16523,-3.45525],[37.13954,-3.48821],[37.10284,-3.47851],[37.06127,-3.49226],[37.04784,-3.42973],[37.06415,-3.35072],[37.04333,-3.27826],[36.99709,-3.25566],[36.98084,-3.21036],[36.95116,-3.2027],[36.90674,-3.155],[36.93116,-3.10707],[36.91684,-2.99542],[37.03551,-2.96339],[37.11169,-2.87153],[37.25174,-2.85466],[37.38784,-2.88706],[37.67269,-3.06084],[37.71231,-3.31146],[37.68562,-3.32361],[37.68182,-3.35578],[37.58545,-3.44031],[37.5855,-3.46205],[37.61877,-3.46199],[37.62601,-3.47745],[37.60356,-3.5206],[37.67405,-3.50592],[37.74394,-3.54419],[37.7858,-3.6771],[38.40496,-4.11108],[38.29461,-4.28338],[38.21339,-4.32214],[38.15281,-4.48989],[38.1196,-4.53412],[38.10452,-4.60202],[38.05062,-4.61603],[38.03817,-4.59582],[38.00384,-4.61829],[37.936,-4.60024],[37.93209,-4.57766],[37.87548,-4.58845],[37.84385,-4.57235],[37.79205,-4.60739],[37.76238,-4.59769],[37.75646,-4.60944],[37.74322,-4.5825],[37.68931,-4.55371],[37.68527,-4.53347],[37.65522,-4.51736],[37.62954,-4.52278],[37.52472,-4.44228],[37.4923,-4.38111],[37.49159,-4.35405],[37.50795,-4.33981],[37.49392,-4.309],[37.5135,-4.28232],[37.49463,-4.22902],[37.49633,-4.17198],[37.5164,-4.13425],[37.51162,-4.08361],[37.46318,-3.97992],[37.46824,-3.9157],[37.45035,-3.8668],[37.47131,-3.82489],[37.40927,-3.67464],[37.3471,-3.63604],[37.31309,-3.57646],[37.29881,-3.50096]]]},"properties":{"region":"Kilimanjaro"}},{"type":"Feature","geometry":{"type":"MultiPolygon","coordinates":[[[[39.66926,-5.47404],[39.66669,-5.47136],[39.66967,-5.47161],[39.66926,-5.47404]]],[[[39.65641,-5.45533],[39.66751,-5.46145],[39.66874,-5.46923],[39.65641,-5.45533]]],[[[39.58582,-5.41114],[39.60766,-5.4367],[39.61686,-5.42749],[39.61995,-5.45224],[39.65302,-5.45112],[39.6505,-5.48698],[39.6151,-5.45266],[39.6026,-5.46053],[39.59847,-5.42986],[39.57005,-5.41211],[39.58582,-5.41114]]],[[[39.70916,-5.423],[39.70174,-5.4392],[39.71486,-5.45072],[39.70658,-5.45575],[39.67725,-5.43082],[39.6374,-5.43384],[39.63052,-5.40247],[39.65116,-5.37307],[39.63945,-5.37149],[39.65478,-5.31975],[39.66433,-5.34238],[39.68426,-5.34088],[39.6811,-5.34613],[39.68208,-5.35035],[39.67763,-5.34889],[39.67494,-5.35199],[39.67599,-5.35477],[39.69456,-5.34607],[39.65398,-5.28913],[39.71857,-5.28768],[39.69363,-5.27799],[39.68764,-5.2519],[39.71499,-5.256],[39.72812,-5.24249],[39.75912,-5.26599],[39.7494,-5.24876],[39.76148,-5.24561],[39.70125,-5.21569],[39.67353,-5.21788],[39.64878,-5.20292],[39.64754,-5.18863],[39.68139,-5.21467],[39.68948,-5.20296],[39.75053,-5.20345],[39.73438,-5.18772],[39.76531,-5.15855],[39.85232,-5.17512],[39.83514,-5.26226],[39.82079,-5.24529],[39.83689,-5.27072],[39.81579,-5.27807],[39.8353,-5.27565],[39.82834,-5.29889],[39.79618,-5.34024],[39.80552,-5.37153],[39.79406,-5.36989],[39.77988,-5.38929],[39.77607,-5.38065],[39.7747,-5.37914],[39.77291,-5.37914],[39.76651,-5.40732],[39.75345,-5.40232],[39.75317,-5.40563],[39.75187,-5.40441],[39.74935,-5.40508],[39.74974,-5.40722],[39.74847,-5.40759],[39.74763,-5.40648],[39.74698,-5.4064],[39.74396,-5.40854],[39.77368,-5.42302],[39.75258,-5.44293],[39.73914,-5.42765],[39.7158,-5.44042],[39.70916,-5.423]],[[39.74934,-5.41385],[39.74935,-5.4198],[39.7516,-5.4207],[39.74934,-5.41385]]],[[[39.56273,-5.40201],[39.57237,-5.40344],[39.57311,-5.40893],[39.56273,-5.40201]]],[[[39.6044,-5.37778],[39.62966,-5.37841],[39.62861,-5.38919],[39.6044,-5.37778]]],[[[39.57981,-5.37112],[39.58334,-5.36809],[39.58249,-5.372],[39.57981,-5.37112]]],[[[39.58702,-5.36285],[39.58169,-5.36315],[39.58519,-5.36023],[39.58702,-5.36285]]],[[[39.60217,-5.24354],[39.60456,-5.2354],[39.61236,-5.24068],[39.60217,-5.24354]]],[[[39.73914,-5.43387],[39.74399,-5.45145],[39.72467,-5.47399],[39.72108,-5.45],[39.73914,-5.43387]]],[[[39.79307,-5.3789],[39.79428,-5.39551],[39.768,-5.41897],[39.76423,-5.40936],[39.76784,-5.40749],[39.76844,-5.40277],[39.77471,-5.3987],[39.77647,-5.39294],[39.79307,-5.3789]]]]},"properties":{"region":"Kusini Pemba"}},{"type":"Feature","geometry":{"type":"MultiPolygon","coordinates":[[[[39.32602,-6.4101],[39.32751,-6.41283],[39.32516,-6.4109],[39.32602,-6.4101]]],[[[39.28185,-6.37571],[39.29014,-6.37843],[39.29575,-6.3869],[39.28185,-6.37571]]],[[[39.28838,-6.36255],[39.28813,-6.36782],[39.28612,-6.36648],[39.28838,-6.36255]]],[[[39.30711,-6.35445],[39.3068,-6.35222],[39.31009,-6.35582],[39.30711,-6.35445]]],[[[39.30439,-6.3501],[39.30636,-6.35416],[39.30405,-6.35328],[39.30439,-6.3501]]],[[[39.33801,-6.34351],[39.33436,-6.3468],[39.33186,-6.33922],[39.33801,-6.34351]]],[[[39.31726,-6.31368],[39.31687,-6.31163],[39.31853,-6.31406],[39.31726,-6.31368]]],[[[39.43808,-6.15943],[39.4073,-6.20198],[39.44435,-6.17911],[39.45438,-6.21151],[39.47613,-6.17282],[39.48256,-6.19827],[39.49601,-6.18612],[39.50341,-6.19166],[39.5063,-6.19873],[39.50847,-6.19974],[39.51081,-6.17455],[39.48891,-6.14849],[39.49639,-6.12259],[39.53478,-6.18719],[39.53887,-6.28925],[39.58036,-6.38589],[39.56366,-6.43774],[39.51488,-6.47681],[39.48328,-6.46994],[39.4418,-6.40165],[39.41159,-6.31944],[39.42541,-6.30051],[39.42932,-6.29048],[39.42969,-6.28746],[39.42951,-6.28534],[39.4291,-6.2837],[39.40437,-6.31637],[39.38702,-6.3053],[39.37787,-6.33157],[39.28635,-6.20489],[39.26894,-6.14558],[39.2788,-6.02795],[39.40527,-6.02608],[39.43157,-6.06482],[39.42557,-6.13557],[39.43808,-6.15943]]],[[[39.3398,-6.43851],[39.3393,-6.41954],[39.34407,-6.43744],[39.3398,-6.43851]]],[[[39.39538,-6.3202],[39.41598,-6.3675],[39.40949,-6.3923],[39.38733,-6.36498],[39.3832,-6.32798],[39.39538,-6.3202]]],[[[39.35644,-6.35655],[39.34967,-6.35718],[39.34949,-6.35152],[39.35644,-6.35655]]]]},"properties":{"region":"Kusini Unguja"}},{"type":"Feature","geometry":{"type":"MultiPolygon","coordinates":[[[[38.17506,-10.70493],[38.12324,-10.74615],[38.09527,-10.71984],[38.05432,-10.71255],[37.94832,-10.73525],[37.90789,-10.68988],[37.90989,-10.65152],[37.87538,-10.62413],[37.85597,-10.57656],[37.86676,-10.55437],[37.81618,-10.48956],[37.75055,-10.44732],[37.6915,-10.44054],[37.67377,-10.41023],[37.58637,-10.42709],[37.35062,-10.37943],[37.24172,-10.34964],[37.15409,-10.30129],[37.03102,-10.28359],[36.98529,-10.24745],[36.94486,-10.16848],[36.87398,-10.09393],[36.88862,-9.94404],[36.97017,-9.88869],[37.01303,-9.8021],[37.04159,-9.79092],[37.05247,-9.75202],[37.08784,-9.72787],[37.13907,-9.59053],[37.28575,-9.49922],[37.27117,-9.49207],[37.28737,-9.46981],[37.27549,-9.46325],[37.27991,-9.40688],[37.29423,-9.39295],[37.27609,-9.37951],[37.33344,-9.29045],[37.32146,-9.27614],[37.33823,-9.27302],[37.3292,-9.25842],[37.34575,-9.18646],[37.37599,-9.13145],[37.40804,-8.83427],[37.40567,-8.65269],[37.44077,-8.51527],[37.53538,-8.44805],[37.6719,-8.0741],[37.72112,-7.98044],[37.80122,-7.93449],[37.83161,-7.96247],[37.84293,-8.01096],[37.97503,-8.07452],[38.21146,-8.16356],[38.30315,-8.15052],[38.34309,-8.17819],[38.40931,-8.16384],[38.40924,-8.27648],[38.47755,-8.31305],[38.51295,-8.35491],[38.55059,-8.48487],[38.637,-8.45346],[38.63529,-8.4156],[38.65879,-8.40557],[38.78221,-8.40796],[38.95192,-8.37524],[39.02117,-8.33741],[39.0974,-8.34418],[39.20573,-8.2689],[39.24126,-8.27649],[39.29267,-8.36933],[39.31514,-8.3678],[39.29144,-8.45064],[39.29372,-8.50968],[39.31231,-8.52458],[39.30001,-8.55105],[39.31569,-8.52765],[39.35028,-8.56878],[39.33952,-8.5804],[39.36411,-8.62034],[39.35681,-8.67441],[39.37003,-8.70628],[39.3482,-8.71046],[39.43419,-8.74916],[39.44571,-8.79657],[39.46983,-8.82056],[39.486,-8.82519],[39.49812,-8.80773],[39.51647,-8.89492],[39.55621,-8.92562],[39.5193,-8.92822],[39.51269,-8.94491],[39.45907,-8.86789],[39.42454,-8.85755],[39.40692,-8.87231],[39.39537,-8.83924],[39.39748,-8.85917],[39.38079,-8.86106],[39.38954,-8.87669],[39.37619,-8.87763],[39.39423,-8.88704],[39.3786,-8.89276],[39.3932,-8.90438],[39.37706,-8.91386],[39.35067,-8.96965],[39.36806,-8.94822],[39.3715,-8.97198],[39.3942,-8.91564],[39.45748,-8.90742],[39.46788,-8.9177],[39.45006,-8.91388],[39.41797,-8.95761],[39.41928,-8.96994],[39.44022,-8.96839],[39.44105,-8.9883],[39.46735,-8.94007],[39.48746,-8.94265],[39.4964,-9.03462],[39.46448,-9.04561],[39.44702,-9.02974],[39.46001,-9.06046],[39.43602,-9.07248],[39.44606,-9.08174],[39.46637,-9.06928],[39.47373,-9.04922],[39.50845,-9.06539],[39.47641,-9.09181],[39.49847,-9.11763],[39.48451,-9.12703],[39.48296,-9.13322],[39.50585,-9.12809],[39.50795,-9.15635],[39.50204,-9.17707],[39.48697,-9.17745],[39.47913,-9.18285],[39.50246,-9.18078],[39.49626,-9.20302],[39.50591,-9.16893],[39.52586,-9.16368],[39.51027,-9.12218],[39.55251,-9.09179],[39.58168,-9.11215],[39.59838,-9.15572],[39.6374,-9.17956],[39.64242,-9.22895],[39.62701,-9.25426],[39.6473,-9.27004],[39.6541,-9.35942],[39.60501,-9.41028],[39.56411,-9.40522],[39.56166,-9.42841],[39.59382,-9.44987],[39.60135,-9.42476],[39.62855,-9.4241],[39.65585,-9.45676],[39.65907,-9.48636],[39.68593,-9.49628],[39.70207,-9.52459],[39.69671,-9.53951],[39.72848,-9.59846],[39.71821,-9.63565],[39.74202,-9.64829],[39.73814,-9.68874],[39.75237,-9.70531],[39.71997,-9.7355],[39.75641,-9.75001],[39.80535,-9.86761],[39.79116,-9.8939],[39.76945,-9.89377],[39.78716,-9.92491],[39.70672,-9.96439],[39.71912,-9.99888],[39.69057,-10.05316],[39.72693,-10.02515],[39.7394,-9.98025],[39.81413,-9.9815],[39.83861,-10.0109],[39.88282,-10.01185],[39.90637,-10.02955],[39.97573,-10.12746],[39.96057,-10.1491],[39.98036,-10.16546],[39.97179,-10.20255],[39.91052,-10.20363],[39.91701,-10.22292],[39.88728,-10.25214],[39.7909,-10.26589],[39.77864,-10.30141],[39.7473,-10.29463],[39.67572,-10.33966],[39.67415,-10.37515],[39.69872,-10.39613],[39.71746,-10.46211],[39.7098,-10.47386],[39.74497,-10.5243],[39.66337,-10.5765],[39.64301,-10.61581],[39.62662,-10.59771],[39.58864,-10.59885],[39.57,-10.53803],[39.51812,-10.46959],[39.49452,-10.46059],[39.48085,-10.3769],[39.41289,-10.33639],[39.33743,-10.34607],[39.33128,-10.32241],[39.27873,-10.35423],[39.23882,-10.34819],[39.20474,-10.37953],[39.12629,-10.40625],[39.05129,-10.45449],[38.90308,-10.50703],[38.88012,-10.5465],[38.77151,-10.55061],[38.70822,-10.47805],[38.69174,-10.49872],[38.64841,-10.49562],[38.54576,-10.53644],[38.47775,-10.5361],[38.40414,-10.59998],[38.28208,-10.60743],[38.27608,-10.6705],[38.17506,-10.70493]]],[[[39.54733,-9.02952],[39.61482,-9.06438],[39.61004,-9.117],[39.57538,-9.07307],[39.58264,-9.05342],[39.56633,-9.05021],[39.56755,-9.07397],[39.55565,-9.0759],[39.54733,-9.02952]]],[[[39.52803,-9.04563],[39.53083,-9.0608],[39.5188,-9.05514],[39.52803,-9.04563]]],[[[39.53281,-8.95286],[39.53977,-9.01394],[39.52637,-9.0149],[39.49739,-8.95767],[39.53281,-8.95286]]],[[[39.56793,-8.57377],[39.56823,-8.5676],[39.57126,-8.56764],[39.56793,-8.57377]]],[[[39.51596,-8.5438],[39.49707,-8.53164],[39.48636,-8.51199],[39.50851,-8.51982],[39.51596,-8.5438]]],[[[39.57475,-8.38015],[39.57329,-8.38332],[39.57126,-8.38129],[39.57475,-8.38015]]],[[[39.43265,-8.30331],[39.43456,-8.30439],[39.43146,-8.30354],[39.43265,-8.30331]]],[[[39.58747,-8.27885],[39.59489,-8.27727],[39.58814,-8.27941],[39.58747,-8.27885]]]]},"properties":{"region":"Lindi"}},{"type":"Feature","geometry":{"type":"MultiPolygon","coordinates":[[[[35.41669,-4.86948],[35.33239,-4.8516],[35.29158,-4.79646],[35.23651,-4.76435],[35.15812,-4.75088],[35.13378,-4.68827],[35.14092,-4.63609],[35.07482,-4.62219],[35.03634,-4.53542],[34.97554,-4.46332],[34.87139,-4.41206],[34.87799,-4.28942],[34.93494,-4.25937],[34.9286,-4.23457],[34.95713,-4.21395],[34.98486,-4.12027],[34.96966,-4.09438],[34.97852,-4.04803],[34.93539,-4.02747],[34.96696,-3.99277],[34.93684,-3.9947],[34.91237,-3.97147],[34.89337,-3.91289],[34.9829,-3.86309],[35.02241,-3.86436],[35.29187,-3.68793],[35.32577,-3.68196],[35.38601,-3.61772],[35.47836,-3.64864],[35.50725,-3.68222],[35.62487,-3.69792],[35.59514,-3.78884],[35.67196,-3.75376],[35.68819,-3.72588],[35.72264,-3.55675],[35.74243,-3.57314],[35.7738,-3.56403],[35.73702,-3.60042],[35.75647,-3.67651],[35.73191,-3.74513],[35.74949,-3.82697],[35.77558,-3.83619],[35.81003,-3.7988],[35.83339,-3.73567],[35.84725,-3.71972],[35.85195,-3.72956],[35.85238,-3.70442],[35.87577,-3.69381],[35.87628,-3.67738],[35.89406,-3.68738],[35.87868,-3.64406],[35.93976,-3.63616],[35.95995,-3.68548],[36.00389,-3.6975],[36.14898,-3.86968],[36.27683,-4.14009],[36.29987,-4.14285],[36.28883,-4.07656],[36.29922,-3.9623],[36.2619,-3.79134],[36.33169,-3.78492],[36.36888,-3.80436],[36.46744,-3.79032],[36.55058,-3.71065],[36.56367,-3.7164],[36.60996,-3.68622],[36.61976,-3.64619],[36.66239,-3.63038],[36.66966,-3.61104],[36.70559,-3.61027],[36.71475,-3.5607],[36.78235,-3.57109],[36.78294,-3.61875],[36.80891,-3.63664],[36.79996,-3.65512],[36.83633,-3.64924],[36.86225,-3.58617],[36.89334,-3.59814],[36.91677,-3.59392],[36.92515,-3.5736],[36.96571,-3.57294],[37.02113,-3.50028],[37.10284,-3.47851],[37.13909,-3.48834],[37.16523,-3.45525],[37.21408,-3.45554],[37.23028,-3.48986],[37.30068,-3.50229],[37.31309,-3.57646],[37.3471,-3.63604],[37.40927,-3.67464],[37.47131,-3.82489],[37.45035,-3.8668],[37.46824,-3.9157],[37.46318,-3.97992],[37.51162,-4.08361],[37.5164,-4.13425],[37.49633,-4.17198],[37.49463,-4.22902],[37.5135,-4.28232],[37.49392,-4.309],[37.50795,-4.33981],[37.49159,-4.35405],[37.4923,-4.38111],[37.52472,-4.44228],[37.62954,-4.52278],[37.65522,-4.51736],[37.68527,-4.53347],[37.68931,-4.55371],[37.74322,-4.5825],[37.75646,-4.60944],[37.76238,-4.59769],[37.79205,-4.60739],[37.84385,-4.57235],[37.87548,-4.58845],[37.93209,-4.57766],[37.9345,-4.59934],[37.96784,-4.5984],[38.0003,-4.62224],[37.99571,-4.70643],[37.93872,-4.70783],[37.91624,-4.79559],[37.90785,-4.86773],[37.94169,-4.96725],[37.84926,-4.98123],[37.82325,-5.02476],[37.7941,-5.03292],[37.7659,-5.01141],[37.75401,-4.96431],[37.70941,-4.97254],[37.69044,-4.95852],[37.65558,-4.97808],[37.50261,-4.99549],[37.30739,-5.07192],[37.35379,-5.14902],[37.34659,-5.29333],[37.30636,-5.32119],[37.28996,-5.4514],[37.22755,-5.56079],[37.22328,-5.64211],[37.18482,-5.68517],[37.18108,-5.72645],[37.15467,-5.77149],[37.08059,-5.80127],[37.06334,-5.85315],[37.00499,-5.88425],[36.99776,-5.90391],[36.97842,-5.8836],[36.94459,-5.90477],[36.94138,-5.9288],[36.85515,-5.95375],[36.71591,-5.94497],[36.66685,-5.8504],[36.60069,-5.79956],[36.57868,-5.74589],[36.53439,-5.7283],[36.51301,-5.69805],[36.45323,-5.6903],[36.45294,-5.6461],[36.42134,-5.62395],[36.40243,-5.5813],[36.34494,-5.55504],[36.29759,-5.56033],[36.27659,-5.51152],[36.27784,-5.43868],[36.2989,-5.4179],[36.28434,-5.24738],[36.33061,-5.16832],[36.31369,-5.01325],[36.33775,-4.85076],[36.30659,-4.80847],[36.28811,-4.61722],[36.21452,-4.5794],[36.2205,-4.52644],[36.30722,-4.48097],[36.30092,-4.21903],[35.99968,-4.39463],[35.83104,-4.32445],[35.77861,-4.41315],[35.65159,-4.49813],[35.66148,-4.5907],[35.61862,-4.64658],[35.60684,-4.69074],[35.53927,-4.73656],[35.50589,-4.81726],[35.47967,-4.84426],[35.41669,-4.86948]]],[[[35.94774,-3.65454],[35.94819,-3.65504],[35.94723,-3.65435],[35.94774,-3.65454]]]]},"properties":{"region":"Manyara"}},{"type":"Feature","geometry":{"type":"MultiPolygon","coordinates":[[[[33.33308,-2.28859],[33.33814,-2.28631],[33.33857,-2.28866],[33.33308,-2.28859]]],[[[33.46701,-2.22347],[33.47622,-2.23326],[33.47146,-2.23427],[33.46701,-2.22347]]],[[[33.44191,-2.21092],[33.44979,-2.2161],[33.44177,-2.21622],[33.44191,-2.21092]]],[[[33.46024,-2.21647],[33.46142,-2.20383],[33.46532,-2.21317],[33.46024,-2.21647]]],[[[33.30394,-2.20826],[33.28872,-2.22451],[33.26889,-2.21896],[33.30252,-2.17351],[33.30394,-2.20826]]],[[[33.42544,-2.2002],[33.42252,-2.19754],[33.42255,-2.19672],[33.42544,-2.2002]]],[[[33.50605,-2.1939],[33.50114,-2.19434],[33.5053,-2.19034],[33.50605,-2.1939]]],[[[33.44979,-2.15938],[33.35893,-2.17497],[33.30769,-2.10961],[33.28969,-2.11509],[33.25794,-2.0959],[33.22303,-2.12738],[33.22115,-2.1473],[33.20374,-2.10815],[33.23498,-2.07284],[33.21279,-2.03556],[33.23811,-2.05635],[33.27142,-2.04436],[33.30452,-2.07542],[33.29374,-2.01045],[33.28979,-2.02263],[33.27394,-2.0007],[33.28928,-1.98876],[33.3111,-2.04818],[33.32909,-2.04542],[33.32515,-2.023],[33.34064,-2.01443],[33.37264,-2.04974],[33.39518,-2.04581],[33.40568,-2.04108],[33.38147,-1.99821],[33.39693,-1.97089],[33.48812,-2.02421],[33.52198,-2.01412],[33.53209,-2.02977],[33.55368,-2.01474],[33.56348,-2.0023],[33.5408,-1.98704],[33.54135,-1.96562],[33.4678,-1.96179],[33.49156,-1.92176],[33.45991,-1.90481],[33.45163,-1.87654],[33.32827,-1.95147],[33.30117,-1.95025],[33.28906,-1.93494],[33.29279,-1.92166],[33.30943,-1.9125],[33.31792,-1.90417],[33.31941,-1.90132],[33.32093,-1.85296],[33.37582,-1.79872],[33.42179,-1.81198],[33.45096,-1.79162],[33.44424,-1.83751],[33.47696,-1.84718],[33.55593,-1.8094],[33.57479,-1.76192],[33.64585,-1.78458],[33.63968,-1.75288],[33.53849,-1.68359],[33.56008,-1.6726],[33.60259,-1.68465],[33.62764,-1.66902],[33.6562,-1.6861],[33.70692,-1.677],[33.70904,-1.64549],[33.66873,-1.6319],[33.69537,-1.63197],[33.69491,-1.60426],[33.61641,-1.5659],[33.67835,-1.5598],[33.68834,-1.54219],[33.69285,-1.51494],[33.66823,-1.51342],[33.64902,-1.48018],[33.68719,-1.46982],[33.709,-1.49279],[33.77084,-1.48477],[33.78868,-1.49777],[33.80426,-1.47512],[33.8193,-1.49518],[33.8095,-1.50757],[33.83371,-1.52875],[33.8859,-1.52608],[33.91739,-1.54084],[33.94027,-1.49796],[33.90004,-1.50962],[33.89123,-1.47531],[33.87292,-1.48707],[33.85049,-1.45866],[33.85334,-1.43897],[33.78579,-1.43708],[33.77865,-1.40764],[33.79237,-1.39541],[33.80789,-1.39196],[33.81982,-1.41711],[33.85537,-1.40275],[33.82048,-1.39522],[33.82865,-1.3803],[33.81404,-1.3543],[33.79762,-1.35474],[33.79928,-1.32842],[33.87373,-1.32185],[33.93031,-1.33398],[33.93717,-1.35042],[33.95334,-1.33803],[33.98529,-1.34805],[33.98489,-1.32881],[33.93874,-1.30309],[33.93866,-1.28954],[33.90012,-1.29397],[33.86154,-1.25393],[33.88011,-1.21911],[33.98752,-1.17048],[34.01033,-1.13699],[33.97191,-1.12613],[33.97245,-1.1076],[33.99618,-1.11172],[34.00834,-1.0932],[34.02651,-1.1114],[34.03244,-1.08944],[34.0451,-1.09722],[34.04435,-1.08176],[34.07554,-1.06603],[34.09111,-1.02933],[35.25683,-1.6895],[35.21124,-2.06905],[35.26657,-2.30255],[35.26666,-2.35787],[35.16093,-2.39481],[35.21814,-2.5001],[34.78057,-2.4909],[34.76345,-2.47592],[34.66534,-2.49381],[34.48897,-2.49209],[34.39929,-2.3999],[34.32403,-2.36634],[34.28634,-2.30754],[34.23104,-2.30904],[34.16018,-2.25608],[34.12701,-2.27074],[34.08855,-2.26193],[34.04662,-2.215],[33.98697,-2.1843],[33.95524,-2.19536],[33.90442,-2.18119],[33.83211,-2.19939],[33.8432,-2.17432],[33.81872,-2.07403],[33.77915,-2.06646],[33.74391,-2.0789],[33.71296,-2.11657],[33.64074,-2.14878],[33.61588,-2.19005],[33.56825,-2.16412],[33.44979,-2.15938]]],[[[33.34411,-1.99769],[33.34277,-1.99324],[33.34664,-1.99724],[33.34411,-1.99769]]],[[[33.35065,-1.98136],[33.35466,-1.97854],[33.35183,-1.98522],[33.35065,-1.98136]]],[[[33.3788,-1.97218],[33.38202,-1.97813],[33.37713,-1.97546],[33.3788,-1.97218]]],[[[33.36951,-1.96547],[33.36312,-1.97156],[33.36684,-1.9628],[33.36951,-1.96547]]],[[[33.35644,-1.94721],[33.36312,-1.95983],[33.35258,-1.95612],[33.35644,-1.94721]]],[[[33.36736,-1.93596],[33.35966,-1.93496],[33.36236,-1.93282],[33.36736,-1.93596]]],[[[33.41584,-1.9131],[33.42714,-1.9176],[33.41104,-1.93494],[33.41127,-1.92925],[33.41584,-1.9131]]],[[[33.56874,-1.62164],[33.5671,-1.62494],[33.56669,-1.62232],[33.56874,-1.62164]]],[[[33.55174,-1.61487],[33.54989,-1.61679],[33.54953,-1.61499],[33.55174,-1.61487]]],[[[33.54684,-1.61139],[33.54475,-1.61363],[33.54503,-1.61086],[33.54684,-1.61139]]],[[[33.61586,-1.50669],[33.61993,-1.51022],[33.61685,-1.51067],[33.61586,-1.50669]]],[[[33.83941,-1.50049],[33.83708,-1.50961],[33.83121,-1.51078],[33.83941,-1.50049]]],[[[33.7202,-1.41592],[33.71279,-1.4171],[33.71438,-1.40745],[33.7202,-1.41592]]],[[[33.76757,-1.40195],[33.76888,-1.41013],[33.76609,-1.40856],[33.76757,-1.40195]]],[[[33.71225,-1.39137],[33.70093,-1.40801],[33.69465,-1.39914],[33.71225,-1.39137]]],[[[33.69506,-1.39067],[33.69658,-1.39466],[33.6933,-1.39362],[33.69506,-1.39067]]],[[[33.77832,-1.38849],[33.7635,-1.38456],[33.773,-1.37932],[33.77832,-1.38849]]],[[[33.84888,-1.46899],[33.85295,-1.47116],[33.84818,-1.47416],[33.84888,-1.46899]]]]},"properties":{"region":"Mara"}},{"type":"Feature","geometry":{"type":"Polygon","coordinates":[[[33.42631,-9.21444],[33.43405,-9.34118],[33.39175,-9.32545],[33.37015,-9.28649],[33.34336,-9.28985],[33.32218,-9.24022],[33.26897,-9.24251],[33.22298,-9.28681],[33.18335,-9.29936],[33.14911,-9.2999],[33.12055,-9.27903],[33.12324,-9.25682],[33.18199,-9.20561],[33.22553,-9.19849],[33.24533,-9.22033],[33.24918,-9.1505],[33.21166,-9.13309],[33.23548,-9.09285],[33.21482,-9.04577],[33.22689,-8.95609],[33.20964,-8.91108],[33.22956,-8.90078],[33.18483,-8.87316],[33.1703,-8.8209],[33.10319,-8.79143],[33.00292,-8.70752],[33.06128,-8.63626],[33.07694,-8.65376],[33.11398,-8.60923],[33.12928,-8.6188],[33.12565,-8.66171],[33.14142,-8.69919],[33.17647,-8.72472],[33.2187,-8.72721],[33.24244,-8.70055],[33.21748,-8.65394],[33.24143,-8.64072],[33.18522,-8.63808],[33.13641,-8.5929],[33.12262,-8.50243],[33.06125,-8.45628],[33.08747,-8.41763],[33.07461,-8.40504],[33.09368,-8.3211],[33.15266,-8.27342],[33.0517,-8.25344],[32.99793,-8.29332],[32.97356,-8.29296],[32.9701,-8.18037],[32.99194,-8.14797],[32.99049,-8.09841],[33.0148,-8.06344],[33.02877,-7.97521],[33.04808,-7.94345],[32.90912,-7.9412],[32.99269,-7.75633],[33.04044,-7.75734],[33.03989,-7.53757],[32.98522,-7.53028],[32.91944,-7.5498],[32.89582,-7.45129],[32.89605,-6.92769],[32.90223,-6.90831],[32.98992,-6.86756],[33.07649,-6.87111],[33.12027,-6.91365],[33.20675,-6.95594],[33.28127,-6.94326],[33.42055,-6.95945],[33.47526,-6.94175],[33.5475,-6.95622],[33.57504,-6.99583],[33.64325,-7.02328],[33.74344,-7.11147],[33.7843,-7.25306],[33.85123,-7.22328],[33.92779,-7.27075],[34.07626,-7.26092],[34.4289,-7.27864],[34.48306,-7.26472],[34.43404,-7.31948],[34.31396,-7.33731],[34.24762,-7.3292],[34.19399,-7.37282],[34.1937,-7.48773],[34.23754,-7.56127],[34.15522,-7.67805],[34.13503,-7.7764],[34.17345,-7.86636],[34.20653,-7.86111],[34.31445,-7.79583],[34.62872,-7.84757],[34.74931,-7.82636],[34.85007,-7.91304],[34.93126,-8.07208],[34.93001,-8.11351],[34.95357,-8.16488],[34.8387,-8.24667],[34.74847,-8.38296],[34.69422,-8.39394],[34.71503,-8.4028],[34.6958,-8.4384],[34.7122,-8.46709],[34.74575,-8.46144],[34.71263,-8.58344],[34.72044,-8.6344],[34.6995,-8.66629],[34.70609,-8.68844],[34.64939,-8.67427],[34.59254,-8.69123],[34.54263,-8.75545],[34.54298,-8.79071],[34.51214,-8.8121],[34.39174,-8.83019],[34.29375,-8.82648],[34.27528,-8.94214],[34.24027,-8.92993],[34.21371,-8.93876],[34.21034,-8.89784],[34.19322,-8.89832],[34.16321,-8.83772],[34.07081,-8.84466],[34.03927,-8.90072],[33.99376,-8.88825],[33.99273,-8.8688],[33.90209,-8.87651],[33.9009,-8.84141],[33.8416,-8.85667],[33.81981,-8.91186],[33.82875,-9.03125],[33.81109,-9.06311],[33.84836,-9.10399],[33.85993,-9.15956],[33.83567,-9.1926],[33.89273,-9.25977],[33.92879,-9.26353],[33.97919,-9.32681],[33.98066,-9.3789],[34.00722,-9.42509],[34.09131,-9.50984],[34.0672,-9.52701],[34.03025,-9.49475],[33.96153,-9.53957],[33.94625,-9.57337],[33.96878,-9.61861],[33.94094,-9.71901],[33.91552,-9.71481],[33.90452,-9.69011],[33.82604,-9.64233],[33.77374,-9.58627],[33.72293,-9.58336],[33.69927,-9.61467],[33.6398,-9.60297],[33.63206,-9.56238],[33.6936,-9.5391],[33.67728,-9.52451],[33.68907,-9.50291],[33.67028,-9.46034],[33.62543,-9.45287],[33.5877,-9.37288],[33.52101,-9.31592],[33.48245,-9.3062],[33.45447,-9.24284],[33.46697,-9.21342],[33.44141,-9.1573],[33.42631,-9.21444]]]},"properties":{"region":"Mbeya"}},{"type":"Feature","geometry":{"type":"MultiPolygon","coordinates":[[[[39.17845,-6.28373],[39.17579,-6.27515],[39.17665,-6.27384],[39.17845,-6.28373]]],[[[39.12427,-6.18798],[39.12752,-6.18917],[39.12524,-6.1899],[39.12427,-6.18798]]],[[[39.20412,-6.18485],[39.18559,-6.16317],[39.21474,-6.13013],[39.20386,-6.03375],[39.2788,-6.02795],[39.26894,-6.14558],[39.28635,-6.20489],[39.30956,-6.22885],[39.29672,-6.23972],[39.28489,-6.22725],[39.27902,-6.24797],[39.29903,-6.32085],[39.27257,-6.31643],[39.24393,-6.26104],[39.21287,-6.24931],[39.20412,-6.18485]]],[[[39.12725,-6.15234],[39.13604,-6.14979],[39.13121,-6.15248],[39.12725,-6.15234]]],[[[39.19453,-6.12847],[39.19048,-6.12624],[39.18948,-6.12453],[39.19453,-6.12847]]],[[[39.16475,-6.11971],[39.16812,-6.11921],[39.16901,-6.12078],[39.16475,-6.11971]]],[[[39.21975,-6.28568],[39.21925,-6.28414],[39.22065,-6.2856],[39.21975,-6.28568]]],[[[39.22945,-6.30043],[39.22705,-6.2992],[39.22525,-6.29259],[39.22945,-6.30043]]],[[[39.30551,-6.27263],[39.29555,-6.25374],[39.29447,-6.24176],[39.30216,-6.2563],[39.30551,-6.27263]]]]},"properties":{"region":"Mjini Magharibi"}},{"type":"Feature","geometry":{"type":"Polygon","coordinates":[[[36.45543,-9.61074],[36.38174,-9.73324],[36.34764,-9.7258],[36.30525,-9.74663],[36.1877,-9.73209],[36.16111,-9.75464],[36.11776,-9.75304],[36.10903,-9.73101],[36.08508,-9.72971],[36.08684,-9.70289],[36.06916,-9.70552],[36.05632,-9.7257],[35.9398,-9.77005],[35.93525,-9.80702],[35.79659,-9.90944],[35.76865,-9.90702],[35.72393,-9.84507],[35.67013,-9.83264],[35.67066,-9.77276],[35.70462,-9.76836],[35.79429,-9.69094],[35.86623,-9.58146],[35.87472,-9.55057],[35.85596,-9.53935],[35.85716,-9.5221],[35.87836,-9.47467],[35.93142,-9.43025],[35.93379,-9.39352],[35.89973,-9.30039],[35.90217,-9.19275],[35.75281,-9.3382],[35.66671,-9.35989],[35.60098,-9.42379],[35.55216,-9.43113],[35.50607,-9.47368],[35.50001,-9.24145],[35.53569,-9.13685],[35.5254,-9.06565],[35.39203,-9.00463],[35.41549,-8.98055],[35.41325,-8.96054],[35.36351,-8.94217],[35.3678,-8.92094],[35.3459,-8.89581],[35.35526,-8.88418],[35.32373,-8.87413],[35.35829,-8.82453],[35.3558,-8.77915],[35.3278,-8.7346],[35.36758,-8.68163],[35.49879,-8.66108],[35.59405,-8.68945],[35.64955,-8.77609],[35.65591,-8.81288],[35.67707,-8.81627],[35.69771,-8.7913],[35.72274,-8.81135],[35.75158,-8.73266],[35.76275,-8.62598],[35.8792,-8.5824],[35.88229,-8.52873],[35.93437,-8.44151],[36.00649,-8.35801],[36.07717,-8.31499],[36.09661,-8.26172],[36.17416,-8.20224],[36.17919,-8.18084],[36.28472,-8.10839],[36.31943,-8.12146],[36.31407,-8.08592],[36.35993,-8.05081],[36.41969,-8.05476],[36.44692,-8.04097],[36.47709,-8.05433],[36.63015,-8.01718],[36.68806,-8.02337],[36.73753,-7.99499],[36.84323,-7.68129],[36.84365,-7.63478],[36.83295,-7.64681],[36.77945,-7.64549],[36.79396,-7.5844],[36.69427,-7.56968],[36.63866,-7.51686],[36.5974,-7.52416],[36.57376,-7.49711],[36.52582,-7.51026],[36.50621,-7.43477],[36.4761,-7.40807],[36.48019,-7.36667],[36.52888,-7.32521],[36.50326,-7.22126],[36.50733,-7.15857],[36.56401,-7.0465],[36.64754,-7.02578],[36.64553,-6.77752],[36.63169,-6.73989],[36.7532,-6.54747],[36.72661,-6.51463],[36.74487,-6.44532],[36.84829,-6.39524],[36.83318,-6.04447],[36.8773,-6.0071],[36.93749,-5.99494],[36.94459,-5.90477],[36.97842,-5.8836],[36.99776,-5.90391],[37.00499,-5.88425],[37.04976,-5.86036],[37.06081,-5.88777],[37.08887,-5.90401],[37.11024,-5.96578],[37.1762,-6.0027],[37.3756,-5.97205],[37.39545,-5.94469],[37.40025,-5.85555],[37.46001,-5.80283],[37.48759,-5.82808],[37.54286,-5.81328],[37.56509,-5.84271],[37.60917,-5.8582],[37.63513,-5.95419],[37.6526,-5.94575],[37.65466,-5.90833],[37.66975,-5.8952],[37.65144,-5.88086],[37.65696,-5.86715],[37.74529,-5.86904],[37.75539,-5.89121],[37.79773,-5.89286],[37.86625,-5.9541],[37.84519,-5.99783],[37.85968,-6.0013],[37.88517,-6.10088],[37.91014,-6.09617],[37.91139,-6.11751],[37.92702,-6.10719],[37.95514,-6.11864],[37.96132,-6.15179],[37.97518,-6.15134],[37.96255,-6.16839],[38.06012,-6.18755],[38.0798,-6.21084],[38.03942,-6.20983],[38.00505,-6.23069],[38.00172,-6.60219],[38.01659,-6.6304],[38.04108,-6.6602],[38.13431,-6.67197],[38.21238,-6.71305],[38.271,-6.68759],[38.32195,-6.68503],[38.32425,-6.76602],[38.25655,-6.82873],[38.30843,-6.93492],[38.39014,-6.97402],[38.4126,-7.02843],[38.49229,-7.02868],[38.50662,-7.05966],[38.42607,-7.18966],[38.39975,-7.19406],[38.38575,-7.17715],[38.30602,-7.27019],[38.30062,-7.63118],[38.20867,-7.60657],[38.08405,-7.63642],[38.0542,-7.54479],[38.01488,-7.50239],[37.91861,-7.58828],[37.83364,-7.69804],[37.82022,-7.77955],[37.83588,-7.83922],[37.83161,-7.96247],[37.80122,-7.93449],[37.72112,-7.98044],[37.65238,-8.12052],[37.64035,-8.18961],[37.53538,-8.44805],[37.44077,-8.51527],[37.40567,-8.65269],[37.40804,-8.83427],[37.37599,-9.13145],[37.34575,-9.18646],[37.3292,-9.25842],[37.33823,-9.27302],[37.32146,-9.27614],[37.33344,-9.29045],[37.27609,-9.37951],[37.29423,-9.39295],[37.27991,-9.40688],[37.27549,-9.46325],[37.28737,-9.46981],[37.27117,-9.49207],[37.28575,-9.49922],[37.13907,-9.59053],[36.99741,-9.63522],[36.77363,-9.75468],[36.68684,-9.75234],[36.51121,-9.81862],[36.52076,-9.76704],[36.497,-9.75861],[36.49552,-9.70713],[36.4513,-9.67277],[36.47296,-9.62195],[36.45543,-9.61074]]]},"properties":{"region":"Morogoro"}},{"type":"Feature","geometry":{"type":"MultiPolygon","coordinates":[[[[38.49831,-11.40758],[38.46151,-11.4185],[38.42816,-11.39146],[38.37625,-11.38183],[38.32636,-11.32681],[38.28115,-11.33022],[38.26631,-11.28544],[38.16214,-11.27973],[38.09047,-11.24123],[38.07074,-11.18808],[38.07676,-11.15735],[38.04942,-11.13878],[38.05199,-11.08582],[38.01767,-11.01885],[38.02324,-10.96381],[38.00901,-10.92836],[38.01978,-10.90217],[37.99842,-10.86149],[38.00218,-10.8334],[37.94832,-10.73525],[38.05432,-10.71255],[38.09527,-10.71984],[38.12324,-10.74615],[38.17506,-10.70493],[38.27608,-10.6705],[38.28208,-10.60743],[38.40414,-10.59998],[38.47775,-10.5361],[38.54576,-10.53644],[38.64841,-10.49562],[38.69174,-10.49872],[38.70423,-10.47812],[38.77151,-10.55061],[38.88012,-10.5465],[38.90308,-10.50703],[39.05129,-10.45449],[39.12629,-10.40625],[39.20474,-10.37953],[39.23882,-10.34819],[39.27873,-10.35423],[39.33128,-10.32241],[39.33743,-10.34607],[39.41289,-10.33639],[39.48085,-10.3769],[39.49452,-10.46059],[39.51812,-10.46959],[39.57,-10.53803],[39.58864,-10.59885],[39.62662,-10.59771],[39.64301,-10.61581],[39.66337,-10.5765],[39.74497,-10.5243],[39.7098,-10.47386],[39.71746,-10.46211],[39.69872,-10.39613],[39.67415,-10.37515],[39.67572,-10.33966],[39.7473,-10.29463],[39.77864,-10.30141],[39.7909,-10.26589],[39.88728,-10.25214],[39.91701,-10.22292],[39.91052,-10.20363],[39.98767,-10.2015],[39.99369,-10.16919],[39.97013,-10.14581],[39.9892,-10.12792],[40.1322,-10.18141],[40.13001,-10.25767],[40.11645,-10.25771],[40.11276,-10.27888],[40.13395,-10.27761],[40.13375,-10.2546],[40.15792,-10.29261],[40.15605,-10.26236],[40.18274,-10.25356],[40.19065,-10.2658],[40.21066,-10.27484],[40.24945,-10.27933],[40.25442,-10.26831],[40.22907,-10.25114],[40.18981,-10.26359],[40.2399,-10.20581],[40.25896,-10.25753],[40.29219,-10.26519],[40.33258,-10.35952],[40.40929,-10.35361],[40.40259,-10.32737],[40.37856,-10.32478],[40.39955,-10.29335],[40.44614,-10.35104],[40.41338,-10.39094],[40.38877,-10.39199],[40.3542,-10.40695],[40.38374,-10.40153],[40.37275,-10.42315],[40.38731,-10.40358],[40.4087,-10.39452],[40.42048,-10.3868],[40.43306,-10.38926],[40.41315,-10.42286],[40.43009,-10.48597],[40.38638,-10.51622],[40.36164,-10.56282],[40.26605,-10.58331],[40.01413,-10.80644],[39.87541,-10.84601],[39.73163,-10.93499],[39.60475,-10.94991],[39.58326,-10.97768],[39.54321,-10.97409],[39.52033,-11.0008],[39.49171,-11.00186],[39.47489,-11.03759],[39.43216,-11.04905],[39.42351,-11.07349],[39.38947,-11.07188],[39.23967,-11.17869],[39.13382,-11.14618],[38.99835,-11.17359],[38.88019,-11.17452],[38.75035,-11.26887],[38.64123,-11.28313],[38.49831,-11.40758]]],[[[40.36934,-10.29482],[40.37158,-10.28792],[40.37693,-10.29363],[40.36934,-10.29482]]],[[[40.351,-10.26399],[40.3182,-10.2443],[40.32227,-10.23649],[40.351,-10.26399]]]]},"properties":{"region":"Mtwara"}},{"type":"Feature","geometry":{"type":"MultiPolygon","coordinates":[[[[32.73037,-3.01173],[32.57935,-2.93364],[32.57407,-2.85757],[32.54223,-2.82447],[32.5563,-2.80137],[32.43129,-2.77095],[32.40526,-2.73691],[32.42048,-2.6838],[32.51921,-2.65786],[32.51501,-2.62997],[32.29978,-2.59094],[32.28511,-2.61051],[32.24654,-2.60763],[32.25661,-2.59036],[32.21536,-2.5161],[32.19382,-2.51797],[32.19268,-2.49789],[32.17022,-2.50252],[32.1412,-2.48126],[32.14575,-2.46595],[32.12015,-2.4817],[32.10182,-2.469],[32.10184,-2.44073],[32.05523,-2.41395],[32.06933,-2.37783],[32.10374,-2.37303],[32.13784,-2.39439],[32.16774,-2.38656],[32.19677,-2.32019],[32.23371,-2.31897],[32.22532,-2.24739],[32.25273,-2.28439],[32.29836,-2.2767],[32.30987,-2.2595],[32.33189,-2.29716],[32.32599,-2.31522],[32.36115,-2.32503],[32.36923,-2.34457],[32.31913,-2.33525],[32.3415,-2.4008],[32.36704,-2.39947],[32.37808,-2.41485],[32.35942,-2.43002],[32.36817,-2.44575],[32.44158,-2.44277],[32.42441,-2.47446],[32.46938,-2.47203],[32.4811,-2.45581],[32.5021,-2.4841],[32.51074,-2.45837],[32.54456,-2.44564],[32.54457,-2.48897],[32.53759,-2.50319],[32.51547,-2.49933],[32.50793,-2.53802],[32.52327,-2.55988],[32.63222,-2.46334],[32.64222,-2.40114],[32.66802,-2.36334],[32.66104,-2.41042],[32.69843,-2.4369],[32.70684,-2.46822],[32.67202,-2.48675],[32.6851,-2.5036],[32.74316,-2.49357],[32.75371,-2.53497],[32.77914,-2.4902],[32.80142,-2.51002],[32.79737,-2.48853],[32.8343,-2.49156],[32.81648,-2.50686],[32.83674,-2.50876],[32.84018,-2.54098],[32.80909,-2.53899],[32.82315,-2.56141],[32.84434,-2.56127],[32.84626,-2.58705],[32.83302,-2.58261],[32.8406,-2.60766],[32.81907,-2.60588],[32.82945,-2.63163],[32.80362,-2.63041],[32.81239,-2.6775],[32.82917,-2.66051],[32.84497,-2.67641],[32.82429,-2.67956],[32.81702,-2.70224],[32.87378,-2.72851],[32.85992,-2.82239],[32.7457,-2.8734],[32.77136,-2.87537],[32.77729,-2.86052],[32.80184,-2.87067],[32.78536,-2.89343],[32.80885,-2.91223],[32.77199,-2.93097],[32.77152,-2.98598],[32.73037,-3.01173]]],[[[32.51351,-2.34997],[32.52496,-2.3929],[32.50911,-2.38376],[32.49106,-2.41366],[32.47908,-2.39686],[32.43933,-2.42811],[32.42559,-2.39361],[32.44824,-2.36167],[32.41264,-2.3545],[32.40584,-2.33954],[32.43435,-2.29355],[32.42907,-2.26861],[32.4406,-2.26576],[32.44228,-2.29673],[32.46939,-2.28324],[32.44869,-2.31144],[32.47027,-2.33815],[32.51568,-2.32328],[32.50248,-2.28456],[32.51351,-2.29472],[32.51456,-2.27259],[32.5428,-2.27259],[32.54479,-2.31534],[32.51351,-2.34997]]],[[[32.04811,-2.2246],[32.04288,-2.24419],[32.06297,-2.23885],[32.03643,-2.27403],[32.07854,-2.26518],[32.05681,-2.29843],[32.06463,-2.31277],[32.04208,-2.3473],[31.97859,-2.37445],[31.98608,-2.35379],[31.96695,-2.34453],[31.95209,-2.35842],[31.94841,-2.34192],[32.00343,-2.3222],[31.97871,-2.31615],[31.99262,-2.30392],[31.97122,-2.29014],[31.93379,-2.29359],[31.94365,-2.27518],[31.98121,-2.26877],[31.97526,-2.25155],[32.00604,-2.25286],[32.02518,-2.22008],[32.04811,-2.2246]]],[[[32.47232,-2.27157],[32.47693,-2.27719],[32.47298,-2.28018],[32.47232,-2.27157]]],[[[32.54732,-2.247],[32.57026,-2.26873],[32.54299,-2.253],[32.54732,-2.247]]],[[[32.20019,-2.25784],[32.2014,-2.2495],[32.20541,-2.25392],[32.20019,-2.25784]]],[[[32.53984,-2.25246],[32.52938,-2.24231],[32.53389,-2.23934],[32.53984,-2.25246]]],[[[32.17177,-2.2438],[32.17586,-2.24302],[32.17946,-2.24424],[32.17784,-2.24642],[32.17177,-2.2438]]],[[[32.32362,-2.24128],[32.32362,-2.23779],[32.33018,-2.23945],[32.32362,-2.24128]]],[[[32.0712,-2.22755],[32.06698,-2.21991],[32.07057,-2.21909],[32.0712,-2.22755]]],[[[32.0831,-2.21088],[32.07829,-2.21267],[32.07311,-2.21295],[32.0831,-2.21088]]],[[[32.28085,-2.21017],[32.28502,-2.21311],[32.27887,-2.21483],[32.28085,-2.21017]]],[[[32.14932,-2.18084],[32.14958,-2.18342],[32.14595,-2.18224],[32.14932,-2.18084]]],[[[32.12967,-2.17626],[32.13035,-2.17708],[32.127,-2.17865],[32.12967,-2.17626]]],[[[32.15212,-2.16151],[32.15057,-2.172],[32.13451,-2.17074],[32.15212,-2.16151]]],[[[32.12124,-2.16238],[32.12613,-2.16171],[32.13195,-2.16394],[32.13244,-2.1659],[32.12124,-2.16238]]],[[[32.36341,-2.13339],[32.36432,-2.1347],[32.36314,-2.13535],[32.36341,-2.13339]]],[[[32.36206,-2.13113],[32.36169,-2.13148],[32.36168,-2.13104],[32.36206,-2.13113]]],[[[32.91737,-3.30485],[32.84905,-3.23627],[32.77543,-3.25115],[32.78854,-3.16945],[32.76711,-3.12319],[32.78694,-3.06818],[32.76613,-3.01125],[32.81871,-2.95894],[32.84106,-2.85664],[32.89827,-2.82552],[32.91058,-2.79523],[32.92086,-2.81907],[32.9095,-2.83472],[32.9239,-2.84896],[32.95825,-2.85894],[32.96527,-2.8804],[32.96867,-2.85941],[32.99328,-2.882],[33.02189,-2.88016],[33.00741,-2.84743],[32.98014,-2.85794],[32.97127,-2.8236],[32.93382,-2.82715],[32.9442,-2.79771],[32.96441,-2.794],[32.95144,-2.77092],[32.91117,-2.75869],[32.9058,-2.71771],[32.88372,-2.6985],[32.92319,-2.69368],[32.92236,-2.68295],[32.86083,-2.62681],[32.87133,-2.60468],[32.87847,-2.60876],[32.88551,-2.60808],[32.88161,-2.58229],[32.89705,-2.58541],[32.88788,-2.55984],[32.90957,-2.55919],[32.8992,-2.52607],[32.8848,-2.52952],[32.89998,-2.50879],[32.87731,-2.49861],[32.87548,-2.47169],[32.90702,-2.46766],[32.89894,-2.4509],[32.92361,-2.416],[32.97906,-2.38062],[33.06148,-2.37448],[33.12653,-2.39391],[33.13825,-2.40121],[33.12334,-2.42957],[33.13889,-2.46607],[33.16629,-2.46923],[33.20227,-2.51921],[33.29382,-2.50627],[33.29419,-2.53144],[33.27711,-2.54107],[33.29351,-2.54925],[33.38546,-2.52181],[33.40864,-2.54416],[33.41552,-2.52957],[33.4553,-2.53232],[33.46844,-2.50641],[33.44982,-2.49246],[33.47864,-2.48879],[33.51878,-2.52207],[33.55761,-2.50335],[33.5858,-2.56715],[33.64162,-2.55226],[33.65601,-2.57503],[33.62913,-2.59046],[33.64321,-2.60459],[33.63165,-2.6439],[33.77523,-2.71502],[33.79063,-2.80197],[33.77081,-2.8272],[33.74512,-2.83341],[33.72714,-2.81482],[33.66112,-2.83864],[33.61633,-2.80156],[33.61474,-2.81722],[33.57381,-2.84288],[33.55329,-2.82736],[33.54673,-2.85992],[33.51087,-2.87844],[33.50308,-2.9252],[33.51477,-2.92642],[33.52406,-2.99211],[33.49536,-3.02413],[33.49544,-3.04888],[33.48514,-3.04546],[33.48338,-3.1782],[33.43873,-3.20936],[33.44278,-3.26997],[33.41629,-3.31332],[33.34248,-3.31537],[33.28665,-3.40201],[33.2175,-3.39226],[33.15766,-3.40632],[33.13826,-3.43621],[33.10665,-3.4362],[33.05689,-3.39448],[33.01673,-3.39176],[32.96762,-3.34579],[32.92947,-3.34228],[32.91737,-3.30485]]],[[[32.86316,-2.60945],[32.86115,-2.60471],[32.86302,-2.60426],[32.86316,-2.60945]]],[[[32.82732,-2.54786],[32.82833,-2.55054],[32.82488,-2.54792],[32.82732,-2.54786]]],[[[32.72781,-2.44822],[32.73258,-2.44824],[32.73015,-2.45248],[32.72781,-2.44822]]],[[[32.7718,-2.43801],[32.7596,-2.45045],[32.7376,-2.43962],[32.74694,-2.4238],[32.7718,-2.43801]]],[[[32.71813,-2.44499],[32.69771,-2.43106],[32.69643,-2.42155],[32.71622,-2.43318],[32.71813,-2.44499]]],[[[32.72698,-2.42374],[32.72938,-2.42506],[32.72852,-2.42553],[32.72698,-2.42374]]],[[[32.69966,-2.36905],[32.70256,-2.36717],[32.7015,-2.3707],[32.69966,-2.36905]]],[[[32.64828,-2.35927],[32.65381,-2.37127],[32.6453,-2.36312],[32.64828,-2.35927]]],[[[32.69632,-2.33413],[32.7104,-2.34477],[32.70907,-2.34807],[32.69632,-2.33413]]],[[[32.68566,-2.31612],[32.6818,-2.31643],[32.6828,-2.31439],[32.68566,-2.31612]]],[[[32.77806,-2.11461],[32.77827,-2.12001],[32.7769,-2.11947],[32.77806,-2.11461]]],[[[32.82544,-1.96473],[32.82053,-1.9747],[32.82181,-1.95855],[32.82544,-1.96473]]],[[[32.83141,-1.96818],[32.82986,-1.9648],[32.83243,-1.96562],[32.83141,-1.96818]]],[[[32.85776,-1.95196],[32.85596,-1.95828],[32.85406,-1.95809],[32.85776,-1.95196]]],[[[32.86537,-1.94764],[32.84614,-1.94205],[32.83819,-1.95473],[32.82028,-1.92803],[32.88726,-1.92782],[32.9066,-1.88496],[32.94926,-1.89758],[32.92793,-1.93742],[32.96467,-1.97927],[33.00899,-1.9863],[33.03211,-1.96435],[33.09203,-1.96903],[33.10152,-1.95268],[33.11779,-1.9808],[33.10567,-2.03687],[33.14835,-2.05284],[33.12438,-2.07778],[33.17203,-2.11843],[33.18458,-2.14556],[33.15438,-2.13015],[33.15112,-2.15281],[33.16581,-2.16476],[33.14859,-2.17819],[33.10616,-2.14502],[33.09086,-2.11082],[33.07653,-2.10968],[33.05901,-2.13773],[33.00664,-2.10212],[32.88317,-2.08027],[32.8768,-2.05365],[32.85226,-2.06505],[32.83663,-2.04308],[32.86715,-1.99857],[32.8827,-2.00254],[32.90521,-1.97787],[32.8668,-1.96948],[32.86537,-1.94764]]],[[[32.83868,-1.85682],[32.86586,-1.86215],[32.86447,-1.87837],[32.83868,-1.85682]]],[[[32.83732,-1.83982],[32.83916,-1.83838],[32.83901,-1.84046],[32.83732,-1.83982]]],[[[32.80816,-1.83728],[32.81218,-1.83173],[32.81236,-1.84059],[32.80816,-1.83728]]],[[[32.83331,-1.83142],[32.83746,-1.82543],[32.83819,-1.83407],[32.83331,-1.83142]]],[[[32.81196,-1.81989],[32.80975,-1.82441],[32.80627,-1.82203],[32.81196,-1.81989]]],[[[32.81318,-1.81827],[32.81412,-1.81911],[32.81346,-1.81931],[32.81318,-1.81827]]],[[[32.81866,-1.81232],[32.81223,-1.81044],[32.81671,-1.80915],[32.81866,-1.81232]]],[[[32.80681,-1.80634],[32.79574,-1.80814],[32.79833,-1.79779],[32.80681,-1.80634]]],[[[32.88568,-2.80406],[32.87566,-2.80862],[32.87821,-2.79815],[32.88568,-2.80406]]],[[[32.88303,-2.55647],[32.88485,-2.55425],[32.88571,-2.55641],[32.88303,-2.55647]]],[[[32.88821,-2.54188],[32.88976,-2.54865],[32.88783,-2.54838],[32.88821,-2.54188]]],[[[32.87301,-2.52566],[32.87583,-2.51972],[32.87686,-2.52467],[32.87301,-2.52566]]],[[[32.86988,-2.51308],[32.86507,-2.51354],[32.86374,-2.5099],[32.86988,-2.51308]]],[[[32.92379,-2.36468],[32.92149,-2.36625],[32.92337,-2.36373],[32.92379,-2.36468]]],[[[32.86789,-2.10832],[32.90738,-2.11312],[32.90436,-2.13508],[32.89001,-2.13719],[32.86789,-2.10832]]],[[[32.88463,-1.88015],[32.88149,-1.87731],[32.8825,-1.87595],[32.88473,-1.87902],[32.88463,-1.88015]]],[[[32.89205,-1.83873],[32.88852,-1.84217],[32.88912,-1.83818],[32.89205,-1.83873]]],[[[32.88824,-1.83355],[32.88882,-1.83012],[32.89066,-1.83269],[32.88824,-1.83355]]],[[[32.90322,-1.82513],[32.9009,-1.82585],[32.90075,-1.82383],[32.90322,-1.82513]]],[[[32.99921,-2.36997],[33.00528,-2.36669],[33.00581,-2.3723],[32.99921,-2.36997]]],[[[33.04487,-2.25841],[33.04431,-2.26011],[33.04415,-2.2583],[33.04487,-2.25841]]],[[[33.04383,-2.25312],[33.04215,-2.25402],[33.04193,-2.25309],[33.04383,-2.25312]]],[[[32.96886,-2.17657],[32.96844,-2.17822],[32.96784,-2.17788],[32.96886,-2.17657]]],[[[33.01035,-2.12439],[33.00856,-2.13337],[33.00725,-2.12248],[33.01035,-2.12439]]],[[[33.05071,-1.91554],[33.07142,-1.93905],[33.0573,-1.9439],[33.05071,-1.91554]]],[[[33.10268,-1.85402],[33.02283,-1.88836],[33.00424,-1.86446],[33.00877,-1.79972],[33.07137,-1.80414],[33.08683,-1.79183],[33.10268,-1.85402]]],[[[33.1842,-2.45956],[33.18201,-2.45537],[33.18387,-2.45502],[33.1842,-2.45956]]],[[[33.15331,-2.28373],[33.15933,-2.28386],[33.15884,-2.28801],[33.15331,-2.28373]]],[[[33.13502,-2.28073],[33.12395,-2.28973],[33.11754,-2.27985],[33.13502,-2.28073]]],[[[33.19339,-2.11378],[33.18734,-2.11067],[33.19556,-2.10996],[33.19339,-2.11378]]],[[[33.21806,-1.93504],[33.20656,-1.93246],[33.20855,-1.92924],[33.21806,-1.93504]]],[[[33.14014,-1.93031],[33.18555,-1.92293],[33.18825,-1.925],[33.17081,-1.93676],[33.14014,-1.93031]]],[[[33.1958,-1.92531],[33.1941,-1.9291],[33.1901,-1.92653],[33.1958,-1.92531]]],[[[33.33181,-2.49681],[33.35822,-2.51389],[33.33237,-2.52816],[33.34293,-2.51236],[33.33181,-2.49681]]],[[[33.40654,-1.73363],[33.41317,-1.73533],[33.40822,-1.73987],[33.40654,-1.73363]]],[[[33.33617,-1.70061],[33.36551,-1.71435],[33.37078,-1.74368],[33.33626,-1.72498],[33.33617,-1.70061]]],[[[33.41788,-1.6851],[33.43183,-1.69097],[33.42536,-1.69408],[33.41788,-1.6851]]],[[[33.40297,-1.66984],[33.39695,-1.67616],[33.39378,-1.67402],[33.40297,-1.66984]]]]},"properties":{"region":"Mwanza"}},{"type":"Feature","geometry":{"type":"Polygon","coordinates":[[[34.32671,-9.75761],[34.09204,-9.54527],[34.07975,-9.5296],[34.09131,-9.50984],[33.98379,-9.38766],[33.97919,-9.32681],[33.92879,-9.26353],[33.89273,-9.25977],[33.83567,-9.1926],[33.85993,-9.15956],[33.84836,-9.10399],[33.81109,-9.06311],[33.82875,-9.03125],[33.81981,-8.91186],[33.8416,-8.85667],[33.9009,-8.84141],[33.90209,-8.87651],[33.99273,-8.8688],[33.99376,-8.88825],[34.03927,-8.90072],[34.07081,-8.84466],[34.16321,-8.83772],[34.19322,-8.89832],[34.21034,-8.89784],[34.21371,-8.93876],[34.24027,-8.92993],[34.27528,-8.94214],[34.29375,-8.82648],[34.39174,-8.83019],[34.51214,-8.8121],[34.54298,-8.79071],[34.54263,-8.75545],[34.59254,-8.69123],[34.64939,-8.67427],[34.70609,-8.68844],[34.71075,-8.67191],[34.7537,-8.68736],[34.79834,-8.67704],[34.86165,-8.68738],[34.88697,-8.70667],[34.90228,-8.72468],[34.86143,-8.77736],[34.94908,-8.82809],[35.02843,-8.80817],[35.04499,-8.77746],[35.08547,-8.78829],[35.13099,-8.77688],[35.14612,-8.83184],[35.12866,-8.88149],[35.14088,-8.90299],[35.11016,-8.94326],[35.13116,-8.98111],[35.12012,-9.01839],[35.142,-9.0398],[35.3042,-9.041],[35.35857,-9.03069],[35.39203,-9.00463],[35.5254,-9.06565],[35.53569,-9.13685],[35.50001,-9.24145],[35.49819,-9.48686],[35.45498,-9.51012],[35.35328,-9.63092],[35.25822,-9.66851],[35.13874,-9.76563],[35.09698,-9.78018],[35.14533,-9.8179],[35.14135,-9.82984],[35.17228,-9.84148],[35.16176,-9.9179],[35.18714,-9.93487],[35.22073,-9.99622],[35.18694,-10.08605],[35.13038,-10.14426],[35.13592,-10.16833],[35.11426,-10.17477],[35.11793,-10.20127],[35.08943,-10.20337],[35.0805,-10.1856],[35.06777,-10.20794],[35.05409,-10.19815],[35.00856,-10.2115],[35.0006,-10.22726],[35.01138,-10.23054],[34.99236,-10.24393],[35.01198,-10.26915],[34.98732,-10.26556],[34.98306,-10.28683],[34.99204,-10.29879],[34.99834,-10.28572],[35.01256,-10.31367],[34.97547,-10.31411],[34.92349,-10.36611],[34.82568,-10.4119],[34.83158,-10.42501],[34.80754,-10.44702],[34.7801,-10.44323],[34.75877,-10.49627],[34.70447,-10.51093],[34.68174,-10.53689],[34.56669,-10.53214],[34.59303,-10.48177],[34.55752,-10.42932],[34.5856,-10.30893],[34.56515,-10.25752],[34.56968,-10.20639],[34.51932,-10.11889],[34.54029,-10.06693],[34.4993,-9.9897],[34.45324,-9.94545],[34.32671,-9.75761]]]},"properties":{"region":"Njombe"}},{"type":"Feature","geometry":{"type":"MultiPolygon","coordinates":[[[[38.95192,-8.37524],[38.63986,-8.4115],[38.637,-8.45346],[38.55059,-8.48487],[38.51295,-8.35491],[38.47755,-8.31305],[38.40924,-8.27648],[38.40931,-8.16384],[38.34309,-8.17819],[38.30315,-8.15052],[38.21146,-8.16356],[37.84293,-8.01096],[37.82022,-7.77955],[37.83364,-7.69804],[37.91861,-7.58828],[38.01488,-7.50239],[38.0542,-7.54479],[38.08405,-7.63642],[38.20867,-7.60657],[38.30062,-7.63118],[38.30602,-7.27019],[38.38575,-7.17715],[38.39975,-7.19406],[38.42607,-7.18966],[38.50662,-7.05966],[38.49229,-7.02868],[38.4126,-7.02843],[38.39014,-6.97402],[38.30843,-6.93492],[38.25655,-6.82873],[38.32425,-6.76602],[38.32195,-6.68503],[38.271,-6.68759],[38.21238,-6.71305],[38.13431,-6.67197],[38.04108,-6.6602],[38.00172,-6.60219],[38.00505,-6.23069],[38.03942,-6.20983],[38.0798,-6.21084],[38.06012,-6.18755],[37.96255,-6.16839],[37.97518,-6.15134],[37.96132,-6.15179],[37.95514,-6.11864],[37.92702,-6.10719],[37.91139,-6.11751],[37.91014,-6.09617],[37.88517,-6.10088],[37.85968,-6.0013],[37.84519,-5.99783],[37.86625,-5.9541],[37.80035,-5.895],[37.86631,-5.89405],[37.92753,-5.84508],[37.9725,-5.85073],[38.00236,-5.87599],[38.00952,-5.86147],[38.05843,-5.86564],[38.07354,-5.85],[38.13629,-5.86732],[38.1656,-5.85762],[38.17107,-5.87494],[38.20285,-5.88046],[38.2003,-5.89797],[38.22042,-5.89945],[38.23437,-5.9277],[38.31943,-5.93815],[38.34261,-5.991],[38.38166,-5.98492],[38.39207,-5.99708],[38.40468,-5.9829],[38.43267,-6.01894],[38.44827,-6.01085],[38.46874,-6.02385],[38.48451,-6.00301],[38.5325,-6.01243],[38.54355,-6.00101],[38.56376,-6.02068],[38.60516,-5.98083],[38.63407,-5.99052],[38.6658,-5.95256],[38.69917,-5.96797],[38.71938,-5.93942],[38.79751,-5.96571],[38.7756,-6.04397],[38.86428,-6.17176],[38.83901,-6.30972],[38.86266,-6.37581],[38.85318,-6.39172],[38.86831,-6.3997],[38.85689,-6.38774],[38.87047,-6.38234],[38.90085,-6.40544],[38.9141,-6.44491],[39.02007,-6.49425],[39.03947,-6.47973],[39.02271,-6.46556],[39.03247,-6.46784],[39.12763,-6.56117],[39.08239,-6.60178],[39.06067,-6.72092],[39.00788,-6.77915],[39.00858,-6.79114],[39.05419,-6.79008],[39.05523,-6.84481],[39.1186,-6.88075],[39.10964,-6.92287],[39.05975,-6.97294],[39.07244,-6.98223],[39.06518,-7.01395],[39.05102,-7.02822],[39.02312,-7.02327],[39.0238,-7.03609],[39.03752,-7.04991],[39.0687,-7.03121],[39.07056,-7.05785],[39.11318,-7.07629],[39.11246,-7.09254],[39.1691,-6.99691],[39.19298,-6.98324],[39.22015,-6.99525],[39.24325,-6.95183],[39.27349,-6.94535],[39.27781,-6.95891],[39.29872,-6.94797],[39.31238,-6.96256],[39.31983,-6.94904],[39.35452,-6.96111],[39.37499,-6.94915],[39.38907,-6.99179],[39.4058,-6.98787],[39.40364,-7.03873],[39.39107,-7.0471],[39.40193,-7.05643],[39.41899,-7.03854],[39.43319,-7.04402],[39.43309,-7.07649],[39.40711,-7.0999],[39.41823,-7.12797],[39.40203,-7.16612],[39.42365,-7.16161],[39.44931,-7.18536],[39.42462,-7.24838],[39.38107,-7.28757],[39.35364,-7.3967],[39.3088,-7.4579],[39.27271,-7.60603],[39.30321,-7.6733],[39.28997,-7.70583],[39.3047,-7.73926],[39.32135,-7.71987],[39.45403,-7.81041],[39.45439,-7.85562],[39.4155,-7.91617],[39.44735,-8.01104],[39.36198,-8.20969],[39.33114,-8.19664],[39.31367,-8.20185],[39.31428,-8.19095],[39.30882,-8.1988],[39.31408,-8.20462],[39.33315,-8.20194],[39.3438,-8.21854],[39.33502,-8.25253],[39.34909,-8.27992],[39.31447,-8.25018],[39.34318,-8.29643],[39.3222,-8.29689],[39.29491,-8.25676],[39.27504,-8.26853],[39.30719,-8.30018],[39.28444,-8.31156],[39.26881,-8.28137],[39.27202,-8.31458],[39.25813,-8.29671],[39.26793,-8.32635],[39.24126,-8.27649],[39.21892,-8.26579],[39.0974,-8.34418],[39.02117,-8.33741],[38.95192,-8.37524]]],[[[39.72222,-8.06965],[39.71282,-8.04749],[39.74556,-8.05084],[39.74072,-8.05971],[39.72222,-8.06965]]],[[[39.81281,-7.96431],[39.75978,-8.0506],[39.743,-8.03169],[39.75784,-7.97142],[39.78703,-7.98878],[39.81281,-7.96431]]],[[[39.73279,-7.94562],[39.74952,-7.9747],[39.68702,-7.99507],[39.62263,-7.98358],[39.58823,-7.9454],[39.6702,-7.90239],[39.71538,-7.85193],[39.70699,-7.81909],[39.75252,-7.81466],[39.80146,-7.75822],[39.83779,-7.74875],[39.91137,-7.63116],[39.90083,-7.76069],[39.87838,-7.82293],[39.85166,-7.84739],[39.84584,-7.8965],[39.81768,-7.92028],[39.79428,-7.90313],[39.76241,-7.91076],[39.73279,-7.94562]]],[[[39.53433,-7.94776],[39.50661,-7.9445],[39.5056,-7.94359],[39.51393,-7.94205],[39.53433,-7.94776]]],[[[39.39841,-7.53601],[39.39278,-7.55104],[39.38622,-7.5425],[39.39841,-7.53601]]],[[[39.40788,-7.39792],[39.40301,-7.42393],[39.37341,-7.41286],[39.40788,-7.39792]]]]},"properties":{"region":"Pwani"}},{"type":"Feature","geometry":{"type":"MultiPolygon","coordinates":[[[[30.98273,-8.24372],[30.98039,-8.24704],[30.97956,-8.24215],[30.98273,-8.24372]]],[[[30.9469,-8.20648],[30.95064,-8.21444],[30.94358,-8.20597],[30.9469,-8.20648]]],[[[30.94053,-8.20324],[30.94238,-8.2024],[30.94152,-8.20437],[30.94053,-8.20324]]],[[[31.04227,-8.31001],[30.99787,-8.25881],[30.98703,-8.26671],[30.99887,-8.27969],[30.9819,-8.27645],[30.99088,-8.24667],[30.96022,-8.21816],[30.95091,-8.17138],[30.94036,-8.17448],[30.96047,-8.16517],[30.96594,-8.17786],[30.97191,-8.14166],[30.95306,-8.111],[30.91915,-8.10793],[30.9004,-8.01514],[30.86162,-7.96469],[30.83837,-7.96024],[30.84067,-7.91119],[30.79312,-7.87537],[30.79988,-7.8605],[30.78708,-7.86045],[30.7915,-7.83689],[30.76376,-7.80742],[30.75982,-7.75133],[30.72132,-7.67199],[30.66971,-7.64477],[30.64954,-7.59101],[30.62628,-7.58816],[30.61341,-7.5329],[30.57474,-7.49745],[30.60702,-7.48285],[30.6028,-7.44503],[30.58656,-7.44142],[30.61314,-7.39535],[30.61209,-7.35266],[30.51743,-7.18118],[30.53652,-7.15492],[30.50073,-7.1364],[30.50232,-7.10982],[30.52848,-7.12763],[30.56303,-7.08195],[30.55061,-7.04554],[30.57524,-6.98569],[30.54967,-6.95079],[30.7669,-6.94588],[30.80413,-6.99677],[30.82385,-6.91649],[30.94887,-6.94],[30.97008,-6.98054],[30.95361,-7.07828],[30.98615,-7.11354],[31.11998,-7.16565],[31.16183,-7.21982],[31.26039,-7.21459],[31.34147,-7.24791],[31.34203,-7.36653],[31.38142,-7.48078],[31.43731,-7.46155],[31.45145,-7.42495],[31.48138,-7.42083],[31.49421,-7.45009],[31.48513,-7.49876],[31.50187,-7.52482],[31.54656,-7.53383],[31.55181,-7.60876],[31.6035,-7.63951],[31.6086,-7.67149],[31.6433,-7.6833],[31.65887,-7.72616],[31.69229,-7.72966],[31.71111,-7.71495],[31.73662,-7.73707],[31.76932,-7.71367],[31.78959,-7.76152],[31.78799,-7.74649],[31.82804,-7.78423],[31.82601,-7.82978],[31.84762,-7.84203],[31.86004,-7.91395],[31.93701,-8.02934],[31.98837,-8.16234],[32.09447,-8.23312],[32.11212,-8.23124],[32.11847,-8.19367],[32.15056,-8.19049],[32.22418,-8.23528],[32.29065,-8.21579],[32.28508,-8.10268],[32.37057,-8.14877],[32.38676,-8.22043],[32.4231,-8.2291],[32.38614,-8.27575],[32.38322,-8.31965],[32.31103,-8.31264],[32.30615,-8.34139],[32.28434,-8.34994],[32.29246,-8.36401],[32.26871,-8.37975],[32.28004,-8.42103],[32.26439,-8.44089],[32.27802,-8.44299],[32.2702,-8.45919],[32.29958,-8.47146],[32.28931,-8.48743],[32.30082,-8.51201],[32.31561,-8.51167],[32.29501,-8.53261],[32.2915,-8.57274],[32.24274,-8.62462],[32.25565,-8.65654],[32.23109,-8.69547],[32.18566,-8.71553],[32.16957,-8.69769],[32.13053,-8.70025],[32.08271,-8.73751],[32.07452,-8.7655],[32.12944,-8.80782],[32.06551,-8.87511],[32.14298,-8.94389],[32.10756,-8.97682],[32.10544,-9.02028],[32.00136,-9.07514],[31.96696,-9.06122],[31.94015,-9.0239],[31.93071,-8.98242],[31.94933,-8.9322],[31.85286,-8.89518],[31.78991,-8.88896],[31.73408,-8.9252],[31.70321,-8.92299],[31.58393,-8.84308],[31.56891,-8.81352],[31.58485,-8.75999],[31.57497,-8.6955],[31.53792,-8.67901],[31.49009,-8.68469],[31.45903,-8.63912],[31.39615,-8.6307],[31.37492,-8.5877],[31.34798,-8.61714],[31.31261,-8.60683],[31.2732,-8.6325],[31.2432,-8.59114],[31.21086,-8.58372],[31.17619,-8.60149],[31.17504,-8.55931],[31.13422,-8.4941],[31.12868,-8.45419],[31.15081,-8.42736],[31.1297,-8.38328],[31.03705,-8.33339],[31.04227,-8.31001]]],[[[30.94521,-8.15833],[30.94464,-8.16187],[30.94233,-8.16359],[30.94521,-8.15833]]],[[[30.89686,-8.06064],[30.89675,-8.04887],[30.90388,-8.05699],[30.89686,-8.06064]]],[[[30.78426,-7.86275],[30.78293,-7.86134],[30.78493,-7.86049],[30.78426,-7.86275]]],[[[30.78484,-7.85333],[30.77875,-7.85126],[30.78522,-7.84975],[30.78484,-7.85333]]],[[[30.77618,-7.83233],[30.77447,-7.83676],[30.77203,-7.83583],[30.77618,-7.83233]]],[[[30.56864,-7.45729],[30.57955,-7.46495],[30.58824,-7.47818],[30.57106,-7.47714],[30.56864,-7.45729]]],[[[30.56112,-7.45367],[30.55966,-7.46094],[30.5561,-7.45554],[30.56112,-7.45367]]],[[[30.55058,-7.44467],[30.53991,-7.43761],[30.54529,-7.43416],[30.55058,-7.44467]]],[[[30.55304,-7.3989],[30.5857,-7.39814],[30.58742,-7.41572],[30.57349,-7.42986],[30.57638,-7.40637],[30.55304,-7.3989]]]]},"properties":{"region":"Rukwa"}},{"type":"Feature","geometry":{"type":"Polygon","coordinates":[[[34.99324,-11.58987],[34.95924,-11.57374],[34.95586,-11.49161],[34.93098,-11.46106],[34.92833,-11.39764],[34.79341,-11.32357],[34.78663,-11.29217],[34.80066,-11.27919],[34.77293,-11.25729],[34.75968,-11.21087],[34.71771,-11.19088],[34.63783,-11.11601],[34.63759,-11.05333],[34.61543,-11.04718],[34.61215,-11.02899],[34.67377,-10.9356],[34.68251,-10.75849],[34.64985,-10.71247],[34.66001,-10.68741],[34.61795,-10.61806],[34.62409,-10.59655],[34.5839,-10.57228],[34.57299,-10.53617],[34.59429,-10.52495],[34.59977,-10.53851],[34.61678,-10.52759],[34.68174,-10.53689],[34.70447,-10.51093],[34.74701,-10.50475],[34.7801,-10.44323],[34.80754,-10.44702],[34.83158,-10.42501],[34.82568,-10.4119],[34.92349,-10.36611],[34.97547,-10.31411],[35.01256,-10.31367],[34.99834,-10.28572],[34.99204,-10.29879],[34.98306,-10.28683],[34.98732,-10.26556],[35.01198,-10.26915],[34.99236,-10.24393],[35.01459,-10.20581],[35.06777,-10.20794],[35.0805,-10.1856],[35.08943,-10.20337],[35.11793,-10.20127],[35.11426,-10.17477],[35.13592,-10.16833],[35.13038,-10.14426],[35.18694,-10.08605],[35.22073,-9.99622],[35.18714,-9.93487],[35.16176,-9.9179],[35.17228,-9.84148],[35.14135,-9.82984],[35.14533,-9.8179],[35.09698,-9.78018],[35.13874,-9.76563],[35.25822,-9.66851],[35.35328,-9.63092],[35.45498,-9.51012],[35.5346,-9.46005],[35.53804,-9.43938],[35.60098,-9.42379],[35.66671,-9.35989],[35.75281,-9.3382],[35.90108,-9.18972],[35.89973,-9.30039],[35.93379,-9.39352],[35.93142,-9.43025],[35.87836,-9.47467],[35.85716,-9.5221],[35.85596,-9.53935],[35.87472,-9.55057],[35.86623,-9.58146],[35.79429,-9.69094],[35.70462,-9.76836],[35.67066,-9.77276],[35.67013,-9.83264],[35.72393,-9.84507],[35.76865,-9.90702],[35.79659,-9.90944],[35.93525,-9.80702],[35.9398,-9.77005],[36.05632,-9.7257],[36.06916,-9.70552],[36.08684,-9.70289],[36.08508,-9.72971],[36.10903,-9.73101],[36.11776,-9.75304],[36.16111,-9.75464],[36.1877,-9.73209],[36.30525,-9.74663],[36.34764,-9.7258],[36.38174,-9.73324],[36.40786,-9.67472],[36.42621,-9.67055],[36.46861,-9.60738],[36.4513,-9.67277],[36.49552,-9.70713],[36.497,-9.75861],[36.52076,-9.76704],[36.51121,-9.81862],[36.68684,-9.75234],[36.77363,-9.75468],[36.99741,-9.63522],[37.13907,-9.59053],[37.08784,-9.72787],[37.05247,-9.75202],[37.04159,-9.79092],[37.01303,-9.8021],[36.97017,-9.88869],[36.88862,-9.94404],[36.87398,-10.09393],[36.94486,-10.16848],[36.98529,-10.24745],[37.03102,-10.28359],[37.15409,-10.30129],[37.24172,-10.34964],[37.58637,-10.42709],[37.67377,-10.41023],[37.6915,-10.44054],[37.74572,-10.44517],[37.81618,-10.48956],[37.86676,-10.55437],[37.85597,-10.57656],[37.87538,-10.62413],[37.91019,-10.65215],[37.90789,-10.68988],[37.98911,-10.79568],[37.9828,-10.81074],[38.01978,-10.90217],[38.00901,-10.92836],[38.02324,-10.96381],[38.01767,-11.01885],[38.05199,-11.08582],[38.04942,-11.13878],[38.07676,-11.15735],[38.07646,-11.20535],[38.11256,-11.25802],[38.0622,-11.27458],[37.94712,-11.25464],[37.86218,-11.28982],[37.83197,-11.30813],[37.82765,-11.37148],[37.76946,-11.45938],[37.78827,-11.47898],[37.78435,-11.51022],[37.74792,-11.54919],[37.65877,-11.575],[37.58756,-11.62497],[37.50254,-11.61144],[37.44587,-11.63688],[37.41936,-11.67978],[37.3901,-11.6896],[37.33183,-11.67563],[37.29203,-11.6365],[37.21979,-11.6536],[37.08432,-11.62531],[37.0197,-11.58413],[36.98176,-11.58079],[36.92154,-11.60643],[36.9044,-11.59023],[36.83809,-11.58185],[36.81294,-11.54922],[36.7681,-11.64824],[36.63227,-11.73429],[36.57734,-11.69804],[36.51311,-11.7602],[36.50309,-11.73331],[36.51801,-11.69968],[36.49432,-11.68119],[36.38332,-11.67842],[36.35415,-11.71375],[36.32536,-11.70689],[36.29846,-11.72014],[36.26921,-11.69028],[36.21786,-11.70903],[36.18208,-11.66081],[36.19985,-11.57991],[36.18052,-11.54474],[36.15166,-11.56916],[36.11814,-11.51157],[36.06598,-11.54102],[36.04298,-11.49496],[35.99893,-11.48126],[35.98542,-11.45784],[35.96931,-11.45252],[35.95956,-11.46649],[35.94387,-11.4223],[35.91121,-11.43749],[35.85677,-11.42924],[35.84283,-11.41098],[35.81101,-11.41951],[35.77492,-11.47074],[35.7697,-11.45938],[35.76933,-11.47146],[35.71215,-11.47722],[35.71154,-11.50661],[35.64504,-11.56296],[35.57543,-11.54869],[35.54969,-11.56981],[35.52804,-11.5588],[35.51372,-11.58234],[35.50282,-11.5616],[35.47793,-11.55947],[35.47854,-11.57649],[35.4418,-11.58433],[35.42044,-11.58203],[35.41519,-11.56167],[35.39955,-11.57987],[35.07086,-11.57392],[34.99324,-11.58987]]]},"properties":{"region":"Ruvuma"}},{"type":"Feature","geometry":{"type":"Polygon","coordinates":[[[32.50285,-4.19311],[32.50514,-4.21696],[32.48533,-4.22937],[32.40792,-4.21505],[32.42159,-4.29521],[32.40528,-4.32691],[32.31411,-4.26974],[32.28714,-4.27757],[32.10622,-4.24895],[31.99998,-4.18698],[31.93991,-4.12672],[31.68366,-4.05548],[31.71204,-3.97977],[31.83338,-3.9493],[31.87985,-3.84227],[31.87482,-3.78781],[31.95773,-3.75495],[32.00161,-3.74694],[32.08491,-3.78768],[32.16051,-3.74644],[32.18435,-3.78421],[32.22382,-3.73614],[32.36708,-3.81746],[32.37065,-3.72182],[32.40524,-3.71175],[32.41552,-3.6522],[32.39515,-3.59709],[32.32538,-3.62678],[32.30274,-3.59011],[32.33057,-3.52333],[32.32406,-3.43642],[32.29603,-3.41002],[32.31566,-3.37176],[32.30199,-3.32968],[32.31005,-3.31311],[32.34819,-3.32937],[32.37794,-3.25968],[32.39813,-3.26624],[32.42756,-3.22864],[32.4933,-3.19878],[32.52779,-3.20676],[32.54507,-3.28309],[32.50277,-3.39376],[32.69201,-3.4598],[32.69914,-3.39351],[32.68151,-3.36096],[32.68576,-3.3254],[32.72985,-3.32401],[32.77543,-3.25115],[32.84905,-3.23627],[32.86119,-3.26536],[32.91737,-3.30485],[32.92947,-3.34228],[32.96762,-3.34579],[33.01673,-3.39176],[33.05689,-3.39448],[33.11596,-3.43812],[33.13826,-3.43621],[33.15766,-3.40632],[33.2175,-3.39226],[33.28665,-3.40201],[33.34248,-3.31537],[33.41033,-3.31816],[33.42573,-3.29431],[33.55957,-3.2872],[33.61151,-3.37201],[33.66717,-3.41856],[33.67378,-3.45466],[33.71931,-3.47985],[33.72502,-3.53459],[33.76716,-3.56772],[33.82121,-3.50676],[33.89212,-3.50539],[33.96469,-3.54102],[34.0094,-3.59179],[33.99866,-3.60951],[34.06819,-3.61329],[34.0608,-3.64347],[34.07485,-3.64919],[34.09351,-3.71979],[34.08175,-3.74583],[34.10388,-3.78853],[34.25205,-3.94202],[34.26317,-4.01581],[34.22664,-4.07944],[34.19208,-4.07534],[34.16612,-4.05275],[34.1235,-4.059],[34.08857,-4.0255],[34.04399,-4.03363],[34.02646,-4.05668],[34.01516,-4.02793],[33.94886,-3.99924],[33.92858,-3.96008],[33.79863,-3.95816],[33.78561,-3.9398],[33.72048,-3.92267],[33.67801,-3.94109],[33.6543,-3.91649],[33.66191,-3.89948],[33.5922,-3.87994],[33.51888,-3.90808],[33.4601,-3.90312],[33.44446,-3.91476],[33.4136,-3.88935],[33.35621,-3.89541],[33.22516,-3.9359],[33.21825,-3.9578],[33.10223,-3.96769],[33.028,-3.93816],[33.00459,-3.90207],[32.92421,-3.92092],[32.86911,-3.90964],[32.79412,-3.95846],[32.70565,-3.94729],[32.69782,-4.00176],[32.68648,-4.00222],[32.69364,-4.08103],[32.67531,-4.09868],[32.68676,-4.11406],[32.64641,-4.13916],[32.70163,-4.18872],[32.73527,-4.19746],[32.7411,-4.24084],[32.58811,-4.28975],[32.59665,-4.25858],[32.58233,-4.20494],[32.55939,-4.2024],[32.5364,-4.17547],[32.50285,-4.19311]]]},"properties":{"region":"Shinyanga"}},{"type":"Feature","geometry":{"type":"Polygon","coordinates":[[[33.77341,-3.56847],[33.72502,-3.53459],[33.71931,-3.47985],[33.67378,-3.45466],[33.66717,-3.41856],[33.61151,-3.37201],[33.56019,-3.28759],[33.42573,-3.29431],[33.44299,-3.26872],[33.43873,-3.20936],[33.4839,-3.17672],[33.48514,-3.04546],[33.52193,-3.00366],[33.50305,-2.88979],[33.54673,-2.85992],[33.55329,-2.82736],[33.57381,-2.84288],[33.61474,-2.81722],[33.61633,-2.80156],[33.66112,-2.83864],[33.72714,-2.81482],[33.74512,-2.83341],[33.77081,-2.8272],[33.79063,-2.80197],[33.78365,-2.73442],[33.73671,-2.68877],[33.70462,-2.687],[33.63165,-2.6439],[33.64321,-2.60459],[33.62913,-2.59046],[33.65601,-2.57503],[33.64162,-2.55226],[33.5858,-2.56715],[33.55761,-2.50335],[33.51632,-2.52156],[33.47864,-2.48879],[33.44735,-2.49209],[33.40311,-2.46838],[33.43926,-2.46888],[33.48491,-2.43598],[33.4903,-2.45309],[33.53723,-2.45371],[33.54532,-2.43034],[33.51452,-2.40552],[33.54835,-2.3713],[33.619,-2.34357],[33.64923,-2.30591],[33.66772,-2.31849],[33.71255,-2.28005],[33.72945,-2.29354],[33.81455,-2.25981],[33.84231,-2.23633],[33.83211,-2.19939],[33.90442,-2.18119],[33.95524,-2.19536],[33.98697,-2.1843],[34.04662,-2.215],[34.08855,-2.26193],[34.12701,-2.27074],[34.16018,-2.25608],[34.23104,-2.30904],[34.29065,-2.30969],[34.32403,-2.36634],[34.39929,-2.3999],[34.48897,-2.49209],[34.66534,-2.49381],[34.76345,-2.47592],[34.78057,-2.4909],[35.22417,-2.49945],[35.13859,-2.9076],[35.05105,-2.96667],[35.00323,-2.97769],[35.00874,-3.0015],[34.98524,-3.00733],[34.98247,-2.98919],[34.88391,-2.90643],[34.8854,-3.62428],[34.8203,-3.62281],[34.82111,-3.65583],[34.75158,-3.72257],[34.74938,-3.73926],[34.77006,-3.73779],[34.75164,-3.7727],[34.77555,-3.79994],[34.71298,-3.82016],[34.71413,-3.84618],[34.68064,-3.8713],[34.64447,-3.85995],[34.62348,-3.91331],[34.58687,-3.92914],[34.5274,-3.91956],[34.43438,-3.95302],[34.38651,-3.99807],[34.39043,-4.04201],[34.32029,-4.08323],[34.22664,-4.07944],[34.26317,-4.01581],[34.25205,-3.94202],[34.10388,-3.78853],[34.08175,-3.74583],[34.09351,-3.71979],[34.07513,-3.68642],[34.08057,-3.66403],[34.0608,-3.64347],[34.06819,-3.61329],[33.99866,-3.60951],[34.0094,-3.59179],[33.96469,-3.54102],[33.89212,-3.50539],[33.82121,-3.50676],[33.77341,-3.56847]]]},"properties":{"region":"Simiyu"}},{"type":"Feature","geometry":{"type":"Polygon","coordinates":[[[34.69343,-7.04366],[34.59576,-7.1846],[34.56268,-7.21161],[34.53763,-7.21143],[34.48245,-7.26652],[34.4289,-7.27864],[34.07626,-7.26092],[33.92779,-7.27075],[33.85123,-7.22328],[33.7843,-7.25306],[33.74344,-7.11147],[33.64325,-7.02328],[33.57504,-6.99583],[33.5475,-6.95622],[33.51666,-6.95984],[33.48465,-6.94366],[33.53932,-6.86359],[33.51698,-6.68423],[33.54788,-6.60769],[33.59206,-6.55576],[33.6782,-6.51212],[33.69728,-6.46836],[33.78076,-6.41706],[33.7981,-6.38137],[33.87518,-6.35108],[33.90593,-6.30518],[33.92388,-6.21966],[33.95688,-6.21614],[33.99726,-6.18367],[33.99375,-6.1681],[33.92977,-6.1719],[33.96085,-6.0979],[33.95152,-6.06924],[34.00941,-5.99843],[34.0025,-5.95201],[34.0154,-5.90984],[34.05792,-5.84594],[34.05508,-5.75778],[34.00458,-5.70892],[34.00641,-5.67462],[34.04272,-5.63384],[34.03349,-5.61293],[34.11107,-5.53061],[34.15065,-5.39643],[34.17019,-5.36837],[34.21128,-5.35333],[34.18486,-5.31859],[34.12915,-5.31044],[34.11602,-5.28957],[34.12883,-5.2698],[34.09086,-5.19061],[34.00289,-5.2068],[33.93718,-5.17472],[33.92697,-5.14849],[33.91281,-4.91507],[33.93575,-4.74185],[33.91425,-4.61163],[33.94097,-4.51462],[33.9769,-4.45294],[34.05558,-4.3941],[34.07892,-4.33642],[34.10219,-4.15156],[34.13811,-4.09737],[34.19321,-4.07504],[34.32029,-4.08323],[34.39043,-4.04201],[34.38651,-3.99807],[34.43438,-3.95302],[34.53862,-3.91777],[34.60149,-3.92792],[34.63221,-3.90494],[34.64447,-3.85995],[34.68064,-3.8713],[34.71413,-3.84618],[34.71298,-3.82016],[34.74403,-3.80262],[34.74312,-3.87692],[34.76738,-3.94078],[34.8814,-3.90121],[34.91237,-3.97147],[34.93684,-3.9947],[34.96696,-3.99277],[34.93539,-4.02747],[34.97852,-4.04803],[34.96966,-4.09438],[34.98486,-4.12027],[34.95713,-4.21395],[34.9286,-4.23457],[34.92766,-4.2678],[34.87799,-4.28942],[34.87139,-4.41206],[34.97554,-4.46332],[35.03634,-4.53542],[35.07482,-4.62219],[35.14092,-4.63609],[35.13378,-4.68827],[35.15812,-4.75088],[35.23651,-4.76435],[35.29158,-4.79646],[35.34628,-4.85624],[35.31964,-4.92852],[35.281,-4.98059],[35.17389,-5.03575],[35.12421,-5.09257],[35.09043,-5.19221],[35.08916,-5.25539],[35.12733,-5.3429],[35.13856,-5.41381],[35.18688,-5.4597],[35.20534,-5.51981],[35.24177,-5.54208],[35.27033,-5.60511],[35.35235,-5.67294],[35.33684,-5.71645],[35.28008,-5.76288],[35.26497,-5.86214],[35.23417,-5.903],[35.24092,-5.92814],[35.21225,-5.95765],[35.20617,-6.10369],[35.16825,-6.18325],[35.17878,-6.23604],[35.20539,-6.25041],[35.23357,-6.31423],[35.24279,-6.43576],[35.20033,-6.46459],[35.22579,-6.52274],[35.20563,-6.54199],[35.16822,-6.72859],[35.08193,-6.72966],[35.14019,-6.78408],[35.13036,-6.89502],[35.15637,-6.96711],[35.04035,-6.90427],[34.97047,-6.90566],[34.92864,-6.88894],[34.69343,-7.04366]]]},"properties":{"region":"Singida"}},{"type":"Feature","geometry":{"type":"Polygon","coordinates":[[[32.76541,-9.32318],[32.74243,-9.28173],[32.64774,-9.27543],[32.57989,-9.24746],[32.54543,-9.25767],[32.48645,-9.17495],[32.49312,-9.15091],[32.43693,-9.11925],[32.25515,-9.13241],[32.15987,-9.05744],[32.06949,-9.04814],[32.10892,-9.01693],[32.10756,-8.97682],[32.14298,-8.94389],[32.06551,-8.87511],[32.12944,-8.80782],[32.07328,-8.75814],[32.13053,-8.70025],[32.16957,-8.69769],[32.18319,-8.71554],[32.22244,-8.70627],[32.25534,-8.65778],[32.24274,-8.62462],[32.2915,-8.57274],[32.29501,-8.53261],[32.31561,-8.51167],[32.30082,-8.51201],[32.28931,-8.48743],[32.29958,-8.47146],[32.28676,-8.47479],[32.2702,-8.45919],[32.27802,-8.44299],[32.26823,-8.44488],[32.26439,-8.44089],[32.28004,-8.42103],[32.26871,-8.37975],[32.29246,-8.36401],[32.28434,-8.34994],[32.30615,-8.34139],[32.31103,-8.31264],[32.38275,-8.31993],[32.39312,-8.26421],[32.43841,-8.2396],[32.46053,-8.30028],[32.50075,-8.34483],[32.54608,-8.3576],[32.60473,-8.41138],[32.61857,-8.45513],[32.70336,-8.49156],[32.73982,-8.47551],[32.78137,-8.50539],[32.83948,-8.49099],[32.89809,-8.49697],[32.91346,-8.4856],[32.92679,-8.42108],[32.8975,-8.40635],[32.89871,-8.3868],[32.79851,-8.32699],[32.72786,-8.25211],[32.67607,-8.16952],[32.65575,-8.16006],[32.64769,-8.12247],[32.60024,-8.12724],[32.57191,-8.06305],[32.46752,-7.9806],[32.42648,-7.9725],[32.37681,-7.9102],[32.19187,-7.74814],[32.17321,-7.74788],[32.04292,-7.61208],[32.08314,-7.56428],[32.09898,-7.51245],[32.1273,-7.54095],[32.14927,-7.51705],[32.19093,-7.51829],[32.26805,-7.36506],[32.27968,-7.27163],[32.44684,-7.15722],[32.45376,-7.13698],[32.49019,-7.15278],[32.48773,-7.13392],[32.59844,-7.10172],[32.58578,-7.00498],[32.74537,-6.99844],[32.74591,-6.97777],[32.78188,-6.97746],[32.78991,-6.94657],[32.81007,-6.93605],[32.84627,-6.93178],[32.86894,-6.94809],[32.89605,-6.92769],[32.89862,-7.46803],[32.91944,-7.5498],[32.98522,-7.53028],[33.03989,-7.53757],[33.04044,-7.75734],[32.99269,-7.75633],[32.90912,-7.9412],[33.04808,-7.94345],[33.02877,-7.97521],[33.0148,-8.06344],[32.99049,-8.09841],[32.99194,-8.14797],[32.9701,-8.18037],[32.98121,-8.23687],[32.97003,-8.27884],[32.97601,-8.29486],[32.99793,-8.29332],[33.0517,-8.25344],[33.15266,-8.27342],[33.09368,-8.3211],[33.07461,-8.40504],[33.08747,-8.41763],[33.06125,-8.45628],[33.12262,-8.50243],[33.13641,-8.5929],[33.18522,-8.63808],[33.24143,-8.64072],[33.21748,-8.65394],[33.24229,-8.68322],[33.2187,-8.72721],[33.17647,-8.72472],[33.14142,-8.69919],[33.12565,-8.66171],[33.12928,-8.6188],[33.11398,-8.60923],[33.07694,-8.65376],[33.06128,-8.63626],[33.00292,-8.70752],[33.10319,-8.79143],[33.1703,-8.8209],[33.18483,-8.87316],[33.22956,-8.90078],[33.20964,-8.91108],[33.22689,-8.95609],[33.21482,-9.04577],[33.23548,-9.09285],[33.21166,-9.13309],[33.24918,-9.1505],[33.24533,-9.22033],[33.22553,-9.19849],[33.18199,-9.20561],[33.12324,-9.25682],[33.12055,-9.27903],[33.14911,-9.2999],[33.18335,-9.29936],[33.22298,-9.28681],[33.26897,-9.24251],[33.32218,-9.24022],[33.34336,-9.28985],[33.37015,-9.28649],[33.39175,-9.32545],[33.43405,-9.34118],[33.42631,-9.21444],[33.44316,-9.15802],[33.46697,-9.21342],[33.45447,-9.24284],[33.48245,-9.3062],[33.52101,-9.31592],[33.5877,-9.37288],[33.62543,-9.45287],[33.6689,-9.45806],[33.68907,-9.50291],[33.67728,-9.52451],[33.6936,-9.5391],[33.63206,-9.56238],[33.6398,-9.60297],[33.58649,-9.57922],[33.554,-9.58734],[33.51051,-9.62583],[33.45079,-9.61643],[33.42046,-9.59375],[33.42567,-9.5779],[33.39459,-9.53493],[33.36356,-9.52686],[33.32604,-9.48617],[33.2784,-9.50079],[33.2453,-9.48796],[33.21257,-9.50976],[33.14421,-9.49329],[33.0248,-9.40383],[33.00294,-9.36788],[32.94739,-9.40394],[32.91323,-9.37975],[32.89905,-9.38837],[32.88795,-9.36802],[32.86847,-9.387],[32.78856,-9.32462],[32.76541,-9.32318]]]},"properties":{"region":"Songwe"}},{"type":"Feature","geometry":{"type":"Polygon","coordinates":[[[33.34402,-6.95769],[33.28127,-6.94326],[33.20675,-6.95594],[33.12027,-6.91365],[33.07649,-6.87111],[32.99543,-6.86674],[32.90223,-6.90831],[32.88715,-6.94089],[32.81396,-6.93468],[32.78991,-6.94657],[32.78188,-6.97746],[32.74591,-6.97777],[32.75428,-6.40868],[32.69259,-6.38866],[32.63606,-6.329],[32.59254,-6.33869],[32.54793,-6.31148],[32.44243,-6.30444],[32.36299,-6.23887],[32.33508,-6.22689],[32.2898,-6.24217],[32.21004,-6.19051],[32.18028,-6.14632],[32.18832,-6.12952],[32.16715,-6.10572],[32.17028,-6.06876],[32.11693,-5.99712],[32.11741,-5.95617],[32.09291,-5.93983],[32.0856,-5.85406],[32.04411,-5.82468],[32.02876,-5.76399],[31.96392,-5.74544],[31.89956,-5.74783],[31.82583,-5.71382],[31.77718,-5.72839],[31.76705,-5.75882],[31.70574,-5.78469],[31.6601,-5.82987],[31.53417,-5.80534],[31.44351,-5.81939],[31.32226,-5.78457],[31.28225,-5.81285],[31.24301,-5.74591],[31.21966,-5.75753],[31.19518,-5.73939],[31.16765,-5.7685],[31.14529,-5.76779],[31.15951,-5.73498],[31.13954,-5.70291],[31.15865,-5.67998],[31.13808,-5.67237],[31.16148,-5.62048],[31.11901,-5.63747],[31.10798,-5.61457],[31.04811,-5.57778],[31.03992,-5.55067],[31.07103,-5.5217],[31.04739,-5.45593],[31.05659,-5.43518],[30.99613,-5.38022],[31.01722,-5.35345],[30.98132,-5.34804],[30.96043,-5.27049],[31.05196,-5.2431],[31.12782,-5.27097],[31.22996,-5.24083],[31.20596,-5.21326],[31.2243,-5.16682],[31.20696,-5.14203],[31.26152,-5.00831],[31.23926,-4.98004],[31.24119,-4.93645],[31.31359,-4.9355],[31.31076,-4.90363],[31.37691,-4.81082],[31.39823,-4.80865],[31.38841,-4.7261],[31.4091,-4.70052],[31.43259,-4.7075],[31.45673,-4.69358],[31.48504,-4.65134],[31.49455,-4.62615],[31.48108,-4.54906],[31.45776,-4.51731],[31.45817,-4.45942],[31.4717,-4.4602],[31.49858,-4.4139],[31.58743,-4.4333],[31.62463,-4.42357],[31.6542,-4.38315],[31.67304,-4.32488],[31.65631,-4.27965],[31.68122,-4.25539],[31.67075,-4.24193],[31.68388,-4.21438],[31.67011,-4.15537],[31.63524,-4.13766],[31.68366,-4.05548],[31.93991,-4.12672],[31.99998,-4.18698],[32.10622,-4.24895],[32.28714,-4.27757],[32.31411,-4.26974],[32.40528,-4.32691],[32.42159,-4.29521],[32.40792,-4.21505],[32.48533,-4.22937],[32.50514,-4.21696],[32.50285,-4.19311],[32.5364,-4.17547],[32.58988,-4.21384],[32.58811,-4.28975],[32.7411,-4.24084],[32.73527,-4.19746],[32.70163,-4.18872],[32.64641,-4.13916],[32.68676,-4.11406],[32.67531,-4.09868],[32.69364,-4.08103],[32.68648,-4.00222],[32.69782,-4.00176],[32.70565,-3.94729],[32.79412,-3.95846],[32.86911,-3.90964],[32.92421,-3.92092],[33.00459,-3.90207],[33.028,-3.93816],[33.08738,-3.96829],[33.21825,-3.9578],[33.22516,-3.9359],[33.27721,-3.91418],[33.40293,-3.8873],[33.44446,-3.91476],[33.62221,-3.88236],[33.66191,-3.89948],[33.6543,-3.91649],[33.67801,-3.94109],[33.72048,-3.92267],[33.78561,-3.9398],[33.79863,-3.95816],[33.92858,-3.96008],[33.94886,-3.99924],[34.01516,-4.02793],[34.02516,-4.05632],[34.04399,-4.03363],[34.08857,-4.0255],[34.1235,-4.059],[34.16612,-4.05275],[34.19062,-4.0669],[34.13811,-4.09737],[34.10219,-4.15156],[34.07735,-4.34299],[34.04232,-4.41122],[33.96636,-4.46766],[33.91425,-4.61163],[33.93575,-4.74185],[33.91281,-4.91507],[33.93718,-5.17472],[34.00289,-5.2068],[34.09086,-5.19061],[34.12883,-5.2698],[34.11602,-5.28957],[34.12915,-5.31044],[34.18486,-5.31859],[34.21128,-5.35333],[34.17019,-5.36837],[34.15065,-5.39643],[34.11107,-5.53061],[34.03349,-5.61293],[34.04272,-5.63384],[34.00641,-5.67462],[34.00458,-5.70892],[34.05508,-5.75778],[34.05792,-5.84594],[34.0154,-5.90984],[34.0025,-5.95201],[34.00941,-5.99843],[33.95152,-6.06924],[33.96085,-6.0979],[33.92977,-6.1719],[33.99375,-6.1681],[33.99726,-6.18367],[33.95688,-6.21614],[33.92388,-6.21966],[33.90593,-6.30518],[33.87518,-6.35108],[33.7981,-6.38137],[33.78076,-6.41706],[33.69728,-6.46836],[33.6782,-6.51212],[33.59206,-6.55576],[33.54788,-6.60769],[33.51698,-6.68423],[33.53932,-6.86359],[33.49684,-6.93887],[33.42055,-6.95945],[33.40815,-6.94893],[33.34402,-6.95769]]]},"properties":{"region":"Tabora"}},{"type":"Feature","geometry":{"type":"MultiPolygon","coordinates":[[[[37.23994,-5.99783],[37.14689,-5.99277],[37.11024,-5.96578],[37.08887,-5.90401],[37.06081,-5.88777],[37.04976,-5.86036],[37.08059,-5.80127],[37.15467,-5.77149],[37.18108,-5.72645],[37.18482,-5.68517],[37.22328,-5.64211],[37.22755,-5.56079],[37.28996,-5.4514],[37.30636,-5.32119],[37.34659,-5.29333],[37.35379,-5.14902],[37.30739,-5.07192],[37.50261,-4.99549],[37.65558,-4.97808],[37.69044,-4.95852],[37.70941,-4.97254],[37.75401,-4.96431],[37.7659,-5.01141],[37.7941,-5.03292],[37.82325,-5.02476],[37.84926,-4.98123],[37.94169,-4.96725],[37.90785,-4.86773],[37.93872,-4.70783],[37.99571,-4.70643],[37.99934,-4.61512],[38.01698,-4.60357],[38.03817,-4.59582],[38.05062,-4.61603],[38.07615,-4.61629],[38.10987,-4.59698],[38.1196,-4.53412],[38.15281,-4.48989],[38.21339,-4.32214],[38.29461,-4.28338],[38.40496,-4.11108],[39.21678,-4.68487],[39.2147,-4.76067],[39.1997,-4.77665],[39.18707,-4.7543],[39.16754,-4.78163],[39.2159,-4.79396],[39.21794,-4.82278],[39.20083,-4.81928],[39.19237,-4.84253],[39.2024,-4.85754],[39.21451,-4.8349],[39.21285,-4.86247],[39.177,-4.93981],[39.15583,-4.91387],[39.17663,-4.85834],[39.16748,-4.84993],[39.13715,-4.92045],[39.10917,-4.9181],[39.14327,-4.96284],[39.11186,-4.98202],[39.15306,-5.0026],[39.12817,-5.0277],[39.07686,-5.024],[39.09155,-5.04631],[39.06584,-5.06795],[39.12389,-5.05421],[39.13934,-5.12144],[39.10634,-5.13143],[39.09739,-5.18308],[39.06671,-5.21274],[39.08847,-5.23284],[39.02574,-5.39998],[38.98215,-5.43376],[39.00263,-5.45393],[38.9718,-5.55642],[38.9378,-5.59987],[38.93422,-5.64098],[38.89513,-5.67047],[38.89646,-5.71406],[38.82622,-5.84181],[38.81925,-5.9362],[38.80025,-5.97031],[38.71938,-5.93942],[38.69917,-5.96797],[38.6658,-5.95256],[38.63407,-5.99052],[38.60516,-5.98083],[38.56376,-6.02068],[38.54355,-6.00101],[38.5325,-6.01243],[38.48451,-6.00301],[38.46874,-6.02385],[38.44827,-6.01085],[38.42826,-6.01829],[38.40468,-5.9829],[38.39207,-5.99708],[38.38166,-5.98492],[38.34261,-5.991],[38.31943,-5.93815],[38.23437,-5.9277],[38.22042,-5.89945],[38.2003,-5.89797],[38.20285,-5.88046],[38.17107,-5.87494],[38.1656,-5.85762],[38.13629,-5.86732],[38.07354,-5.85],[38.05843,-5.86564],[38.00952,-5.86147],[38.00236,-5.87599],[37.93669,-5.84354],[37.86631,-5.89405],[37.81706,-5.88669],[37.776,-5.90105],[37.74474,-5.86887],[37.73061,-5.8783],[37.72143,-5.86586],[37.66015,-5.86497],[37.65144,-5.88086],[37.66975,-5.8952],[37.65466,-5.90833],[37.6526,-5.94575],[37.63513,-5.95419],[37.60917,-5.8582],[37.56509,-5.84271],[37.54286,-5.81328],[37.48759,-5.82808],[37.46124,-5.8027],[37.43827,-5.80934],[37.40025,-5.85555],[37.39545,-5.94469],[37.3756,-5.97205],[37.23994,-5.99783]]],[[[39.16511,-5.0861],[39.16636,-5.12789],[39.1597,-5.1296],[39.15103,-5.1051],[39.16511,-5.0861]]],[[[39.1555,-5.002],[39.16916,-5.00348],[39.16367,-5.0245],[39.1555,-5.002]]],[[[39.16961,-4.99327],[39.14643,-4.96412],[39.17808,-4.95583],[39.16961,-4.99327]]]]},"properties":{"region":"Tanga"}}]}