{"type":"FeatureCollection","features":[{"type":"Feature","geometry":{"type":"Polygon","coordinates":[[[36.54698,-3.25191],[36.52037,-3.2871],[36.50466,-3.28506],[36.50189,-3.28613],[36.4979,-3.28609],[36.49167,-3.28272],[36.49462,-3.29645],[36.49226,-3.29786],[36.48895,-3.29825],[36.48813,-3.29646],[36.48673,-3.29644],[36.48661,-3.29937],[36.4788,-3.30587],[36.46824,-3.29392],[36.45646,-3.28257],[36.43027,-3.26765],[36.41904,-3.28468],[36.41077,-3.28824],[36.39399,-3.29287],[36.36761,-3.28253],[36.36362,-3.28349],[36.35021,-3.28405],[36.33742,-3.28224],[36.31009,-3.27154],[36.30364,-3.25984],[36.2764,-3.23689],[36.20576,-3.14035],[36.28704,-3.09615],[36.35708,-3.07739],[36.35562,-3.10085],[36.36126,-3.12389],[36.36505,-3.14569],[36.38996,-3.18027],[36.41056,-3.18572],[36.44557,-3.19141],[36.45429,-3.19691],[36.48674,-3.20497],[36.48162,-3.23199],[36.50754,-3.23387],[36.5227,-3.24502],[36.54698,-3.25191]]]},"properties":{"region":"Arusha","district":"Monduli","ward":"Monduli Juu","ward_code":"031"}},{"type":"Feature","geometry":{"type":"Polygon","coordinates":[[[36.4543,-3.28131],[36.46824,-3.29392],[36.4788,-3.30587],[36.48661,-3.29937],[36.48673,-3.29644],[36.48813,-3.29646],[36.48895,-3.29825],[36.49226,-3.29786],[36.49462,-3.29645],[36.496,-3.29882],[36.49572,-3.30704],[36.4979,-3.31101],[36.48865,-3.31549],[36.48827,-3.32425],[36.48453,-3.32989],[36.48103,-3.33289],[36.48005,-3.34038],[36.4723,-3.33936],[36.46616,-3.33248],[36.45985,-3.32839],[36.44861,-3.32487],[36.44926,-3.32288],[36.44403,-3.32209],[36.43766,-3.31946],[36.42713,-3.3212],[36.42455,-3.31356],[36.42109,-3.28992],[36.41881,-3.28603],[36.43027,-3.26765],[36.4543,-3.28131]],[[36.4392,-3.30118],[36.43664,-3.30365],[36.44188,-3.30682],[36.4419,-3.30864],[36.44297,-3.30896],[36.44325,-3.31046],[36.44822,-3.31137],[36.44913,-3.31073],[36.44925,-3.30444],[36.45443,-3.30545],[36.45601,-3.29929],[36.45098,-3.29836],[36.45106,-3.29582],[36.44921,-3.29568],[36.44637,-3.29246],[36.44651,-3.29104],[36.44417,-3.28913],[36.444,-3.28407],[36.43643,-3.28185],[36.43427,-3.29198],[36.43216,-3.29517],[36.43907,-3.29754],[36.43778,-3.30038],[36.4392,-3.30118]]]},"properties":{"region":"Arusha","district":"Monduli","ward":"Engutoto","ward_code":"043"}},{"type":"Feature","geometry":{"type":"Polygon","coordinates":[[[36.45601,-3.29929],[36.45443,-3.30545],[36.44925,-3.30444],[36.44913,-3.31073],[36.44745,-3.3114],[36.44325,-3.31046],[36.44297,-3.30896],[36.4419,-3.30864],[36.44188,-3.30682],[36.43664,-3.30365],[36.43796,-3.30174],[36.43891,-3.30203],[36.4392,-3.30118],[36.43778,-3.30038],[36.43907,-3.29754],[36.43216,-3.29517],[36.43427,-3.29198],[36.43643,-3.28185],[36.444,-3.28407],[36.44472,-3.29021],[36.44651,-3.29104],[36.44637,-3.29246],[36.44921,-3.29568],[36.45106,-3.29582],[36.45098,-3.29836],[36.45601,-3.29929]]]},"properties":{"region":"Arusha","district":"Monduli","ward":"Monduli Mjini","ward_code":"053"}},{"type":"Feature","geometry":{"type":"Polygon","coordinates":[[[36.52963,-3.41359],[36.53402,-3.41612],[36.53714,-3.41442],[36.54015,-3.41702],[36.54345,-3.41773],[36.54505,-3.42193],[36.5632,-3.42772],[36.56534,-3.42704],[36.56815,-3.42775],[36.58409,-3.43569],[36.58677,-3.44217],[36.58571,-3.45125],[36.57998,-3.45446],[36.58107,-3.45992],[36.57068,-3.4861],[36.58236,-3.50376],[36.5868,-3.50778],[36.59337,-3.518],[36.59905,-3.52374],[36.60518,-3.52696],[36.60571,-3.54061],[36.61108,-3.5508],[36.61692,-3.55524],[36.62976,-3.56255],[36.64065,-3.56436],[36.63995,-3.57508],[36.64544,-3.59688],[36.65058,-3.60295],[36.65399,-3.63319],[36.64911,-3.63696],[36.64454,-3.63558],[36.63846,-3.63561],[36.63511,-3.63859],[36.6349,-3.64155],[36.62982,-3.64364],[36.62527,-3.64433],[36.62155,-3.64672],[36.61976,-3.64619],[36.61494,-3.65154],[36.61547,-3.65553],[36.61761,-3.65743],[36.61613,-3.65983],[36.60367,-3.65633],[36.59676,-3.65549],[36.59417,-3.65945],[36.58941,-3.65892],[36.58089,-3.65513],[36.57733,-3.65754],[36.57376,-3.65607],[36.5706,-3.66168],[36.56543,-3.66221],[36.55282,-3.65753],[36.55175,-3.65562],[36.55411,-3.65358],[36.54992,-3.65021],[36.54808,-3.64745],[36.54696,-3.64],[36.52594,-3.61395],[36.5229,-3.59791],[36.51273,-3.57613],[36.51132,-3.57182],[36.50792,-3.54075],[36.50353,-3.52107],[36.50247,-3.49606],[36.52314,-3.47532],[36.52184,-3.45773],[36.52552,-3.44015],[36.52487,-3.4345],[36.52963,-3.41359]]]},"properties":{"region":"Arusha","district":"Monduli","ward":"Moita","ward_code":"061"}},{"type":"Feature","geometry":{"type":"Polygon","coordinates":[[[36.33742,-3.28224],[36.35021,-3.28405],[36.36362,-3.28349],[36.36761,-3.28253],[36.39399,-3.29287],[36.39402,-3.30258],[36.39819,-3.32619],[36.38496,-3.37286],[36.39251,-3.36712],[36.4082,-3.36293],[36.45727,-3.3643],[36.47185,-3.36229],[36.46838,-3.36912],[36.46752,-3.37383],[36.47109,-3.38312],[36.47378,-3.38442],[36.47347,-3.38785],[36.47441,-3.38863],[36.47326,-3.39142],[36.47451,-3.39202],[36.4751,-3.39384],[36.47437,-3.39742],[36.47513,-3.39962],[36.47646,-3.40137],[36.47917,-3.4025],[36.47976,-3.40663],[36.48199,-3.40938],[36.482,-3.41097],[36.46426,-3.41635],[36.45112,-3.46542],[36.4468,-3.47696],[36.44396,-3.48907],[36.44219,-3.50225],[36.41677,-3.50146],[36.40446,-3.51384],[36.39746,-3.51694],[36.38775,-3.5347],[36.3717,-3.53428],[36.36183,-3.53879],[36.35058,-3.53748],[36.33697,-3.54299],[36.32232,-3.54037],[36.30608,-3.54399],[36.28575,-3.54084],[36.26946,-3.54352],[36.25441,-3.53071],[36.24927,-3.51403],[36.24685,-3.51229],[36.24699,-3.50891],[36.2484,-3.50812],[36.2454,-3.49873],[36.24725,-3.49735],[36.24721,-3.49586],[36.24972,-3.49467],[36.25101,-3.49163],[36.2481,-3.48992],[36.24597,-3.4812],[36.2533,-3.47955],[36.25597,-3.47327],[36.25509,-3.47132],[36.25682,-3.46976],[36.25625,-3.4672],[36.25947,-3.46312],[36.25859,-3.45835],[36.25989,-3.45483],[36.26265,-3.45243],[36.26575,-3.43516],[36.27051,-3.43199],[36.2738,-3.42512],[36.27204,-3.42502],[36.27242,-3.41675],[36.27131,-3.41538],[36.27118,-3.40653],[36.27215,-3.40547],[36.27161,-3.40084],[36.2699,-3.39843],[36.27731,-3.38275],[36.27415,-3.28759],[36.2797,-3.25721],[36.2764,-3.23689],[36.30364,-3.25984],[36.31009,-3.27154],[36.33742,-3.28224]]]},"properties":{"region":"Arusha","district":"Monduli","ward":"Sepeko","ward_code":"071"}},{"type":"Feature","geometry":{"type":"Polygon","coordinates":[[[36.55282,-3.65753],[36.56543,-3.66221],[36.5706,-3.66168],[36.57376,-3.65607],[36.57733,-3.65754],[36.58089,-3.65513],[36.58941,-3.65892],[36.59417,-3.65945],[36.59676,-3.65549],[36.60367,-3.65633],[36.61613,-3.65983],[36.61761,-3.65743],[36.61972,-3.66012],[36.61994,-3.66277],[36.61832,-3.66838],[36.61605,-3.67119],[36.61757,-3.67338],[36.61721,-3.67414],[36.61373,-3.67332],[36.61335,-3.6759],[36.61141,-3.67782],[36.61167,-3.68088],[36.61034,-3.68251],[36.61038,-3.68565],[36.60657,-3.68611],[36.60648,-3.68773],[36.60512,-3.68819],[36.60357,-3.69202],[36.59875,-3.69289],[36.59445,-3.69177],[36.5928,-3.69358],[36.59178,-3.69322],[36.5913,-3.69462],[36.58757,-3.69459],[36.58735,-3.69667],[36.58602,-3.69789],[36.58379,-3.69808],[36.58353,-3.70018],[36.57995,-3.70306],[36.57728,-3.71036],[36.57428,-3.71025],[36.5714,-3.71262],[36.56966,-3.71275],[36.56863,-3.71156],[36.56467,-3.71395],[36.56513,-3.71546],[36.56367,-3.7164],[36.55998,-3.71572],[36.55816,-3.71299],[36.55687,-3.7132],[36.55511,-3.71102],[36.55372,-3.71156],[36.55058,-3.71065],[36.5493,-3.71174],[36.54857,-3.7149],[36.54565,-3.71511],[36.54554,-3.71708],[36.54682,-3.71875],[36.54499,-3.72066],[36.54305,-3.72018],[36.54207,-3.72223],[36.54001,-3.72322],[36.53934,-3.7224],[36.53879,-3.72404],[36.53706,-3.72403],[36.5387,-3.72656],[36.53738,-3.73134],[36.53317,-3.7312],[36.5335,-3.73232],[36.53158,-3.73315],[36.53073,-3.73528],[36.52932,-3.73599],[36.52888,-3.7395],[36.52373,-3.74149],[36.52166,-3.74312],[36.52124,-3.74479],[36.51855,-3.74501],[36.51672,-3.74328],[36.51537,-3.74594],[36.51364,-3.74655],[36.5133,-3.75007],[36.51115,-3.75069],[36.50972,-3.75254],[36.50968,-3.75417],[36.50795,-3.75347],[36.50611,-3.75439],[36.50363,-3.75343],[36.49992,-3.75935],[36.49838,-3.76056],[36.49702,-3.76036],[36.49543,-3.76257],[36.49331,-3.76334],[36.49222,-3.76256],[36.49114,-3.76439],[36.48832,-3.76567],[36.48755,-3.76407],[36.48644,-3.76559],[36.48413,-3.7651],[36.48307,-3.76663],[36.47574,-3.76316],[36.47293,-3.76434],[36.46945,-3.76421],[36.46657,-3.75955],[36.46274,-3.75629],[36.45702,-3.75648],[36.44725,-3.7592],[36.44318,-3.76246],[36.43638,-3.77522],[36.42838,-3.77591],[36.42222,-3.77804],[36.41025,-3.77494],[36.40498,-3.77153],[36.41003,-3.75197],[36.4148,-3.74762],[36.41908,-3.74525],[36.42172,-3.74559],[36.42406,-3.74291],[36.42463,-3.73686],[36.42685,-3.73035],[36.42687,-3.72642],[36.42189,-3.72719],[36.41796,-3.72536],[36.41321,-3.72749],[36.41119,-3.73206],[36.40601,-3.73456],[36.40129,-3.74102],[36.3999,-3.73783],[36.39686,-3.73448],[36.39457,-3.73406],[36.39375,-3.72974],[36.38653,-3.71792],[36.37059,-3.70724],[36.36372,-3.70487],[36.35294,-3.70512],[36.3286,-3.6802],[36.32949,-3.67176],[36.33109,-3.66856],[36.33396,-3.66593],[36.33453,-3.66327],[36.33355,-3.65623],[36.33484,-3.65508],[36.33422,-3.65381],[36.3666,-3.65712],[36.38971,-3.66278],[36.39521,-3.66057],[36.40949,-3.6613],[36.41253,-3.65983],[36.41721,-3.65967],[36.4458,-3.6699],[36.49908,-3.67178],[36.5157,-3.67749],[36.51911,-3.6779],[36.5307,-3.66808],[36.53154,-3.66053],[36.53931,-3.65625],[36.54301,-3.65286],[36.54301,-3.65043],[36.54529,-3.65007],[36.54808,-3.64745],[36.54992,-3.65021],[36.55411,-3.65358],[36.55175,-3.65562],[36.55282,-3.65753]]]},"properties":{"region":"Arusha","district":"Monduli","ward":"Lolkisale","ward_code":"081"}},{"type":"Feature","geometry":{"type":"Polygon","coordinates":[[[36.26575,-3.43516],[36.26265,-3.45243],[36.25989,-3.45483],[36.25859,-3.45835],[36.25947,-3.46312],[36.25625,-3.4672],[36.24581,-3.4672],[36.23358,-3.43663],[36.19646,-3.4396],[36.18743,-3.44477],[36.17377,-3.44719],[36.15482,-3.45825],[36.14293,-3.4496],[36.11856,-3.43785],[36.08899,-3.39882],[36.14373,-3.3235],[36.2098,-3.31011],[36.25809,-3.25339],[36.2764,-3.23689],[36.2797,-3.25721],[36.27415,-3.28759],[36.27731,-3.38275],[36.2699,-3.39843],[36.27161,-3.40084],[36.27215,-3.40547],[36.27118,-3.40653],[36.27131,-3.41538],[36.27242,-3.41675],[36.27204,-3.42502],[36.2738,-3.42512],[36.27051,-3.43199],[36.26575,-3.43516]]]},"properties":{"region":"Arusha","district":"Monduli","ward":"Lepurko","ward_code":"121"}},{"type":"Feature","geometry":{"type":"Polygon","coordinates":[[[36.50433,-3.40083],[36.51338,-3.4046],[36.52042,-3.40484],[36.52148,-3.4103],[36.52963,-3.41359],[36.52487,-3.4345],[36.52552,-3.44015],[36.52184,-3.45773],[36.52314,-3.47532],[36.50247,-3.49606],[36.50353,-3.52107],[36.50792,-3.54075],[36.51132,-3.57182],[36.51273,-3.57613],[36.47063,-3.57822],[36.44001,-3.57716],[36.4408,-3.56825],[36.44532,-3.55731],[36.44289,-3.55034],[36.44418,-3.5474],[36.44266,-3.54252],[36.44109,-3.54079],[36.43552,-3.53956],[36.42803,-3.53226],[36.41934,-3.52909],[36.41217,-3.52995],[36.40908,-3.53192],[36.40471,-3.5305],[36.40332,-3.53151],[36.40014,-3.53106],[36.39876,-3.53307],[36.38775,-3.5347],[36.39746,-3.51694],[36.40446,-3.51384],[36.41677,-3.50146],[36.4422,-3.50224],[36.44396,-3.48907],[36.4468,-3.47696],[36.45112,-3.46542],[36.46426,-3.41635],[36.482,-3.41097],[36.48199,-3.40938],[36.47976,-3.40663],[36.47917,-3.4025],[36.47646,-3.40137],[36.47513,-3.39962],[36.47437,-3.39742],[36.47499,-3.39545],[36.48121,-3.39473],[36.48902,-3.39623],[36.49381,-3.39884],[36.49948,-3.40057],[36.50433,-3.40083]]]},"properties":{"region":"Arusha","district":"Monduli","ward":"Meserani","ward_code":"131"}},{"type":"Feature","geometry":{"type":"Polygon","coordinates":[[[36.5214,-3.03495],[36.6485,-3.14393],[36.637,-3.15611],[36.62669,-3.1632],[36.61377,-3.16961],[36.60544,-3.17715],[36.58242,-3.18801],[36.57802,-3.20027],[36.57604,-3.20187],[36.57216,-3.20235],[36.57097,-3.20548],[36.5707,-3.21177],[36.51917,-3.21588],[36.5012,-3.21178],[36.49555,-3.20733],[36.45429,-3.19691],[36.44557,-3.19141],[36.41056,-3.18572],[36.38996,-3.18027],[36.36505,-3.14569],[36.36126,-3.12389],[36.35562,-3.10085],[36.35708,-3.07739],[36.28704,-3.09615],[36.20576,-3.14035],[36.18696,-3.07561],[36.24378,-3.06915],[36.28114,-3.05892],[36.31512,-3.05273],[36.33089,-3.05878],[36.34253,-3.05426],[36.35925,-3.06015],[36.37385,-3.05036],[36.38144,-3.02995],[36.39595,-3.00613],[36.40587,-2.9956],[36.40679,-2.99069],[36.41254,-2.98579],[36.42105,-2.95899],[36.43541,-2.94545],[36.45357,-2.96756],[36.46651,-2.99356],[36.46699,-3.00319],[36.48977,-3.03214],[36.5214,-3.03495]]]},"properties":{"region":"Arusha","district":"Monduli","ward":"Mfereji","ward_code":"161"}},{"type":"Feature","geometry":{"type":"Polygon","coordinates":[[[36.42455,-3.31356],[36.42713,-3.3212],[36.43766,-3.31946],[36.44403,-3.32209],[36.44926,-3.32288],[36.44861,-3.32487],[36.45985,-3.32839],[36.46616,-3.33248],[36.4723,-3.33936],[36.48005,-3.34038],[36.48034,-3.34393],[36.47591,-3.35066],[36.4769,-3.35464],[36.4744,-3.35926],[36.47185,-3.36229],[36.45727,-3.3643],[36.40759,-3.36301],[36.39251,-3.36712],[36.38496,-3.37286],[36.39819,-3.32619],[36.39402,-3.30258],[36.39399,-3.29287],[36.41077,-3.28824],[36.41904,-3.28468],[36.41911,-3.28687],[36.42109,-3.28992],[36.42455,-3.31356]]]},"properties":{"region":"Arusha","district":"Monduli","ward":"Lashaine","ward_code":"171"}},{"type":"Feature","geometry":{"type":"Polygon","coordinates":[[[36.41934,-3.52909],[36.42803,-3.53226],[36.43552,-3.53956],[36.44109,-3.54079],[36.44266,-3.54252],[36.44418,-3.5474],[36.44289,-3.55034],[36.44532,-3.55731],[36.4408,-3.56825],[36.44001,-3.57716],[36.47063,-3.57822],[36.51273,-3.57613],[36.5229,-3.59791],[36.52594,-3.61395],[36.54696,-3.64],[36.54801,-3.64454],[36.54808,-3.64745],[36.54529,-3.65007],[36.54301,-3.65043],[36.54301,-3.65286],[36.53931,-3.65625],[36.53154,-3.66053],[36.5307,-3.66808],[36.51911,-3.6779],[36.5157,-3.67749],[36.49908,-3.67178],[36.4458,-3.6699],[36.41721,-3.65967],[36.41253,-3.65983],[36.40949,-3.6613],[36.39521,-3.66057],[36.38971,-3.66278],[36.3666,-3.65712],[36.33422,-3.65381],[36.32364,-3.65637],[36.12363,-3.65727],[36.12418,-3.64893],[36.12511,-3.64715],[36.12421,-3.64371],[36.12455,-3.64049],[36.12216,-3.63872],[36.12292,-3.63671],[36.12182,-3.63589],[36.12027,-3.62844],[36.12221,-3.62892],[36.12334,-3.62576],[36.12305,-3.62367],[36.12494,-3.62259],[36.12542,-3.62338],[36.12665,-3.62307],[36.12612,-3.62142],[36.12773,-3.62084],[36.12736,-3.61968],[36.12817,-3.61888],[36.12886,-3.61942],[36.12955,-3.61793],[36.13073,-3.61824],[36.13165,-3.61694],[36.13319,-3.61872],[36.13365,-3.61782],[36.13264,-3.61569],[36.1334,-3.61501],[36.13594,-3.61566],[36.13794,-3.61264],[36.13723,-3.61201],[36.13781,-3.60936],[36.14259,-3.60748],[36.1459,-3.59962],[36.14782,-3.60066],[36.14819,-3.60427],[36.14911,-3.60445],[36.15338,-3.60315],[36.15173,-3.60128],[36.15363,-3.5994],[36.15793,-3.60091],[36.15906,-3.60216],[36.16208,-3.60044],[36.16358,-3.60249],[36.16086,-3.60446],[36.1617,-3.60697],[36.16742,-3.6058],[36.16605,-3.603],[36.16799,-3.60299],[36.17118,-3.60123],[36.17336,-3.60286],[36.17544,-3.59818],[36.17826,-3.59618],[36.17928,-3.59427],[36.18063,-3.59429],[36.18867,-3.59989],[36.19059,-3.59723],[36.19426,-3.59615],[36.19621,-3.5979],[36.19759,-3.60148],[36.19688,-3.60528],[36.19883,-3.60781],[36.20052,-3.60245],[36.20356,-3.60001],[36.20544,-3.60067],[36.20518,-3.60201],[36.20647,-3.60309],[36.20751,-3.60297],[36.20956,-3.59479],[36.21275,-3.59159],[36.21605,-3.59215],[36.21706,-3.59147],[36.21872,-3.59337],[36.21985,-3.59196],[36.22789,-3.59149],[36.22878,-3.5871],[36.22989,-3.5862],[36.22888,-3.58517],[36.23027,-3.58315],[36.23118,-3.58347],[36.23203,-3.58091],[36.23114,-3.57845],[36.23339,-3.57675],[36.23625,-3.57638],[36.23793,-3.57261],[36.23674,-3.57028],[36.23456,-3.56988],[36.23272,-3.56748],[36.232,-3.56418],[36.23263,-3.56321],[36.23203,-3.55915],[36.23516,-3.55489],[36.2343,-3.55265],[36.2361,-3.55033],[36.23498,-3.54942],[36.23443,-3.54293],[36.23606,-3.54086],[36.24094,-3.53894],[36.24101,-3.53743],[36.2442,-3.53604],[36.24507,-3.53667],[36.24895,-3.5328],[36.25176,-3.53157],[36.25299,-3.53234],[36.25441,-3.53071],[36.26946,-3.54352],[36.28575,-3.54084],[36.30608,-3.54399],[36.32232,-3.54037],[36.33697,-3.54299],[36.35058,-3.53748],[36.36183,-3.53879],[36.3717,-3.53428],[36.38775,-3.5347],[36.39876,-3.53307],[36.40014,-3.53106],[36.40332,-3.53151],[36.40471,-3.5305],[36.40908,-3.53192],[36.41217,-3.52995],[36.41934,-3.52909]]]},"properties":{"region":"Arusha","district":"Monduli","ward":"Naalarami","ward_code":"181"}},{"type":"Feature","geometry":{"type":"Polygon","coordinates":[[[36.3286,-3.6802],[36.35294,-3.70512],[36.36372,-3.70487],[36.37059,-3.70724],[36.38653,-3.71792],[36.39375,-3.72974],[36.39457,-3.73406],[36.39686,-3.73448],[36.3999,-3.73783],[36.40129,-3.74102],[36.40601,-3.73456],[36.41119,-3.73206],[36.41321,-3.72749],[36.41796,-3.72536],[36.42189,-3.72719],[36.42687,-3.72642],[36.42685,-3.73035],[36.42463,-3.73686],[36.42406,-3.74291],[36.42172,-3.74559],[36.41908,-3.74525],[36.4148,-3.74762],[36.41003,-3.75197],[36.40498,-3.77153],[36.41025,-3.77494],[36.42222,-3.77804],[36.42838,-3.77591],[36.43638,-3.77522],[36.44318,-3.76246],[36.44725,-3.7592],[36.45702,-3.75648],[36.46274,-3.75629],[36.46657,-3.75955],[36.46945,-3.76421],[36.47293,-3.76434],[36.47574,-3.76316],[36.48307,-3.76663],[36.48413,-3.7651],[36.48644,-3.76559],[36.48755,-3.76407],[36.48832,-3.76567],[36.48996,-3.76497],[36.49222,-3.76256],[36.49399,-3.76432],[36.49177,-3.76772],[36.49028,-3.76775],[36.48922,-3.769],[36.49028,-3.7694],[36.48964,-3.77196],[36.49234,-3.77374],[36.49179,-3.77584],[36.48546,-3.7783],[36.48085,-3.77722],[36.477,-3.779],[36.47577,-3.7781],[36.47285,-3.77899],[36.47213,-3.78261],[36.46744,-3.79032],[36.46204,-3.79112],[36.45517,-3.78865],[36.45116,-3.79144],[36.44489,-3.79144],[36.44304,-3.79238],[36.44254,-3.79463],[36.44069,-3.79561],[36.43212,-3.79758],[36.43012,-3.79647],[36.42947,-3.79465],[36.42651,-3.79357],[36.42095,-3.79455],[36.41395,-3.79418],[36.40195,-3.79943],[36.39976,-3.79942],[36.39409,-3.79645],[36.39231,-3.80216],[36.38465,-3.79976],[36.3795,-3.80371],[36.36888,-3.80436],[36.35503,-3.80112],[36.35185,-3.79814],[36.3469,-3.79835],[36.34591,-3.79454],[36.34706,-3.79256],[36.34086,-3.787],[36.33448,-3.78539],[36.33293,-3.78618],[36.33169,-3.78492],[36.32388,-3.78809],[36.31118,-3.78757],[36.30208,-3.79167],[36.27284,-3.7907],[36.26928,-3.79217],[36.2619,-3.79134],[36.26282,-3.79631],[36.2788,-3.8225],[36.2794,-3.82906],[36.28736,-3.86359],[36.29369,-3.93987],[36.29922,-3.9623],[36.29854,-3.97868],[36.29952,-3.99528],[36.29785,-4.02002],[36.28883,-4.07656],[36.29091,-4.0935],[36.29441,-4.10807],[36.29318,-4.11962],[36.29746,-4.12851],[36.29987,-4.14285],[36.27683,-4.14009],[36.1991,-3.97759],[36.14898,-3.86968],[36.14025,-3.85916],[36.16417,-3.83581],[36.13288,-3.80369],[36.11787,-3.77437],[36.11562,-3.76131],[36.11187,-3.75571],[36.12363,-3.65727],[36.32364,-3.65637],[36.33422,-3.65381],[36.33484,-3.65508],[36.33355,-3.65623],[36.33453,-3.66327],[36.33396,-3.66593],[36.33109,-3.66856],[36.32949,-3.67176],[36.3286,-3.6802]]]},"properties":{"region":"Arusha","district":"Monduli","ward":"Lemooti","ward_code":"191"}},{"type":"Feature","geometry":{"type":"Polygon","coordinates":[[[36.14293,-3.4496],[36.15482,-3.45825],[36.17377,-3.44719],[36.18743,-3.44477],[36.19646,-3.4396],[36.23358,-3.43663],[36.24581,-3.4672],[36.25625,-3.4672],[36.25682,-3.46976],[36.25509,-3.47132],[36.25597,-3.47327],[36.2533,-3.47955],[36.24597,-3.4812],[36.2481,-3.48992],[36.25101,-3.49163],[36.24972,-3.49467],[36.24721,-3.49586],[36.24725,-3.49735],[36.2454,-3.49873],[36.2484,-3.50812],[36.24699,-3.50891],[36.24685,-3.51229],[36.24927,-3.51403],[36.25441,-3.53071],[36.25299,-3.53234],[36.25176,-3.53157],[36.24895,-3.5328],[36.24507,-3.53667],[36.2442,-3.53604],[36.24101,-3.53743],[36.24094,-3.53894],[36.23606,-3.54086],[36.23443,-3.54293],[36.23498,-3.54942],[36.2361,-3.55033],[36.2343,-3.55265],[36.23516,-3.55489],[36.23203,-3.55915],[36.23263,-3.56321],[36.232,-3.56418],[36.23272,-3.56748],[36.23456,-3.56988],[36.23674,-3.57028],[36.23793,-3.57261],[36.23625,-3.57638],[36.23339,-3.57675],[36.23114,-3.57845],[36.23203,-3.58091],[36.23118,-3.58347],[36.23027,-3.58315],[36.22888,-3.58517],[36.22989,-3.5862],[36.22878,-3.5871],[36.22789,-3.59149],[36.21985,-3.59196],[36.21872,-3.59337],[36.21706,-3.59147],[36.21605,-3.59215],[36.21275,-3.59159],[36.20956,-3.59479],[36.20751,-3.60297],[36.20647,-3.60309],[36.20518,-3.60201],[36.20544,-3.60067],[36.20356,-3.60001],[36.20052,-3.60245],[36.19883,-3.60781],[36.19688,-3.60528],[36.19759,-3.60148],[36.19621,-3.5979],[36.19426,-3.59615],[36.19059,-3.59723],[36.18867,-3.59989],[36.18063,-3.59429],[36.17928,-3.59427],[36.17826,-3.59618],[36.17544,-3.59818],[36.17336,-3.60286],[36.17118,-3.60123],[36.16799,-3.60299],[36.16605,-3.603],[36.16742,-3.6058],[36.1617,-3.60697],[36.16086,-3.60446],[36.16358,-3.60249],[36.16208,-3.60044],[36.15906,-3.60216],[36.15793,-3.60091],[36.15363,-3.5994],[36.15173,-3.60128],[36.15338,-3.60315],[36.14911,-3.60445],[36.14819,-3.60427],[36.14782,-3.60066],[36.1459,-3.59962],[36.14259,-3.60748],[36.13781,-3.60936],[36.13723,-3.61201],[36.13794,-3.61264],[36.13594,-3.61566],[36.1334,-3.61501],[36.13264,-3.61569],[36.13365,-3.61782],[36.13319,-3.61872],[36.13165,-3.61694],[36.13073,-3.61824],[36.12955,-3.61793],[36.12886,-3.61942],[36.12817,-3.61888],[36.12736,-3.61968],[36.12773,-3.62084],[36.12612,-3.62142],[36.12665,-3.62307],[36.12542,-3.62338],[36.12494,-3.62259],[36.12305,-3.62367],[36.12334,-3.62576],[36.12221,-3.62892],[36.12132,-3.62902],[36.11715,-3.62404],[36.11956,-3.62016],[36.11618,-3.62011],[36.11301,-3.61263],[36.1155,-3.60723],[36.12097,-3.60557],[36.11944,-3.59893],[36.11322,-3.59609],[36.11328,-3.59153],[36.10217,-3.58344],[36.10189,-3.57261],[36.09208,-3.56802],[36.09213,-3.55628],[36.08229,-3.56237],[36.08,-3.56475],[36.0595,-3.54563],[36.0003,-3.49454],[36.01013,-3.48879],[36.02073,-3.47832],[36.02393,-3.46714],[36.03645,-3.43926],[36.01224,-3.42168],[36.08899,-3.39882],[36.11856,-3.43785],[36.14293,-3.4496]]]},"properties":{"region":"Arusha","district":"Monduli","ward":"Makuyuni","ward_code":"093"}},{"type":"Feature","geometry":{"type":"Polygon","coordinates":[[[35.94723,-3.65435],[35.94694,-3.65006],[35.94352,-3.64299],[35.94039,-3.63961],[35.93961,-3.63794],[35.94008,-3.63662],[35.93818,-3.6354],[35.93654,-3.63555],[35.9364,-3.63434],[35.93494,-3.63375],[35.9345,-3.6349],[35.93328,-3.63508],[35.927,-3.6341],[35.92603,-3.63623],[35.92227,-3.63634],[35.91713,-3.64044],[35.91563,-3.64024],[35.91494,-3.64159],[35.91312,-3.64194],[35.91333,-3.64381],[35.912,-3.64474],[35.91222,-3.64665],[35.91132,-3.64744],[35.905,-3.64819],[35.90191,-3.65062],[35.89785,-3.65124],[35.89492,-3.6491],[35.8931,-3.64634],[35.89016,-3.64465],[35.88684,-3.64568],[35.88007,-3.6452],[35.88183,-3.64357],[35.87909,-3.64051],[35.87668,-3.63952],[35.87404,-3.63267],[35.87439,-3.62812],[35.87286,-3.62209],[35.87589,-3.61625],[35.87778,-3.61496],[35.87596,-3.61214],[35.87565,-3.60736],[35.87135,-3.60294],[35.87234,-3.59751],[35.87442,-3.59549],[35.87167,-3.59372],[35.87525,-3.58563],[35.87399,-3.57835],[35.87953,-3.57464],[35.88139,-3.56014],[35.88755,-3.55261],[35.88947,-3.54812],[35.89239,-3.54828],[35.89399,-3.54473],[35.89294,-3.54033],[35.89524,-3.53874],[35.89566,-3.53562],[35.89192,-3.53457],[35.89197,-3.53103],[35.89733,-3.52957],[35.89667,-3.52819],[35.89233,-3.52703],[35.89091,-3.52422],[35.8934,-3.52111],[35.88987,-3.51606],[35.89058,-3.5099],[35.89448,-3.50996],[35.89811,-3.50552],[35.89775,-3.50272],[35.90171,-3.50279],[35.90269,-3.50181],[35.90274,-3.49733],[35.90713,-3.49763],[35.90827,-3.49478],[35.9083,-3.48907],[35.91117,-3.48473],[35.91067,-3.48134],[35.91214,-3.47793],[35.90937,-3.46724],[35.90402,-3.46199],[35.90434,-3.45726],[35.90334,-3.45407],[35.90056,-3.45231],[35.89977,-3.44944],[35.89796,-3.44812],[35.89834,-3.44629],[35.89596,-3.44438],[35.89469,-3.44062],[35.89141,-3.43917],[35.89147,-3.43625],[35.88969,-3.43641],[35.88991,-3.43771],[35.88912,-3.43694],[35.88989,-3.43478],[35.89389,-3.43477],[35.89157,-3.42286],[35.88928,-3.4201],[35.88869,-3.41712],[35.88652,-3.41524],[35.88408,-3.40411],[35.88043,-3.40309],[35.87831,-3.40049],[35.88256,-3.38765],[35.89136,-3.38052],[35.88447,-3.37407],[35.88372,-3.35931],[35.86602,-3.33168],[35.86416,-3.32079],[35.85887,-3.30315],[35.89979,-3.25381],[35.93749,-3.30582],[36.03691,-3.41432],[36.01224,-3.42168],[36.03645,-3.43926],[36.02393,-3.46714],[36.02073,-3.47832],[36.01013,-3.48879],[36.0003,-3.49454],[35.98193,-3.52847],[36.03583,-3.58876],[36.04595,-3.60803],[36.02066,-3.62605],[35.94919,-3.65755],[35.94723,-3.65435]],[[35.94819,-3.65504],[35.94774,-3.65454],[35.94723,-3.65435],[35.94819,-3.65504]]]},"properties":{"region":"Arusha","district":"Monduli","ward":"Esilalei","ward_code":"101"}},{"type":"Feature","geometry":{"type":"Polygon","coordinates":[[[36.0595,-3.54563],[36.08,-3.56475],[36.08229,-3.56237],[36.09213,-3.55628],[36.09208,-3.56802],[36.10189,-3.57261],[36.10217,-3.58344],[36.11328,-3.59153],[36.11322,-3.59609],[36.11944,-3.59893],[36.12097,-3.60557],[36.1155,-3.60723],[36.11301,-3.61263],[36.11618,-3.62011],[36.11956,-3.62016],[36.11715,-3.62404],[36.11956,-3.62614],[36.12129,-3.63423],[36.12292,-3.63671],[36.12216,-3.63872],[36.12455,-3.64049],[36.12421,-3.64371],[36.12511,-3.64715],[36.12418,-3.64893],[36.12434,-3.65379],[36.12348,-3.65542],[36.11187,-3.75571],[36.11562,-3.76131],[36.11787,-3.77437],[36.13288,-3.80369],[36.16417,-3.83581],[36.14025,-3.85916],[36.02353,-3.71705],[36.00389,-3.6975],[35.96184,-3.68723],[35.95869,-3.68346],[35.95636,-3.67729],[35.95635,-3.67206],[35.95491,-3.66853],[35.96011,-3.66618],[35.95772,-3.66142],[35.95691,-3.6614],[35.95654,-3.6629],[35.95442,-3.66104],[35.9544,-3.65977],[35.94919,-3.65755],[36.02066,-3.62605],[36.04595,-3.60803],[36.03583,-3.58876],[35.98193,-3.52847],[36.0003,-3.49454],[36.0595,-3.54563]]]},"properties":{"region":"Arusha","district":"Monduli","ward":"Mswakini","ward_code":"141"}},{"type":"Feature","geometry":{"type":"Polygon","coordinates":[[[36.16317,-3.1075],[36.09313,-3.14603],[36.04043,-3.14113],[35.9977,-3.14848],[35.97025,-3.15047],[35.95043,-3.14011],[35.95404,-3.132],[35.94828,-3.03223],[35.94889,-3.02839],[35.93131,-3.02019],[35.93163,-2.95704],[35.93613,-2.90598],[35.95026,-2.86774],[35.94344,-2.81252],[35.91372,-2.7592],[36.0143,-2.79323],[36.05364,-2.82375],[36.07587,-2.86739],[36.09374,-2.90793],[36.10221,-2.91197],[36.1424,-2.93543],[36.18134,-3.00472],[36.17017,-3.04289],[36.18696,-3.07561],[36.16317,-3.1075]]]},"properties":{"region":"Arusha","district":"Monduli","ward":"Engaruka","ward_code":"011"}},{"type":"Feature","geometry":{"type":"Polygon","coordinates":[[[36.20576,-3.14035],[36.2764,-3.23689],[36.25809,-3.25339],[36.2098,-3.31011],[36.14373,-3.3235],[36.08899,-3.39882],[36.03691,-3.41432],[35.93749,-3.30582],[35.89979,-3.25381],[35.95043,-3.14011],[35.97025,-3.15047],[35.9977,-3.14848],[36.04043,-3.14113],[36.09313,-3.14603],[36.16317,-3.1075],[36.18696,-3.07561],[36.20576,-3.14035]]]},"properties":{"region":"Arusha","district":"Monduli","ward":"Selela","ward_code":"021"}},{"type":"Feature","geometry":{"type":"Polygon","coordinates":[[[35.85628,-3.3681],[35.86231,-3.36865],[35.86378,-3.37173],[35.86221,-3.37452],[35.85894,-3.37671],[35.85884,-3.38164],[35.86021,-3.38451],[35.85967,-3.38761],[35.86081,-3.3919],[35.86044,-3.39515],[35.86108,-3.39744],[35.86306,-3.39895],[35.86392,-3.4025],[35.8635,-3.40521],[35.84962,-3.40526],[35.85246,-3.39564],[35.85104,-3.39409],[35.85095,-3.39248],[35.84797,-3.39057],[35.84862,-3.38813],[35.84788,-3.38614],[35.85106,-3.38143],[35.85124,-3.37487],[35.8492,-3.37268],[35.85226,-3.37329],[35.85122,-3.36881],[35.85628,-3.3681]]]},"properties":{"region":"Arusha","district":"Monduli","ward":"Mto wa Mbu","ward_code":"113"}},{"type":"Feature","geometry":{"type":"Polygon","coordinates":[[[35.88372,-3.35931],[35.88429,-3.37056],[35.86777,-3.37035],[35.86231,-3.36865],[35.85475,-3.36815],[35.85122,-3.36881],[35.85226,-3.37329],[35.83594,-3.36915],[35.84143,-3.35327],[35.83554,-3.3385],[35.85486,-3.31173],[35.85541,-3.30732],[35.85887,-3.30315],[35.86416,-3.32079],[35.86602,-3.33168],[35.88372,-3.35931]]]},"properties":{"region":"Arusha","district":"Monduli","ward":"Majengo","ward_code":"151"}},{"type":"Feature","geometry":{"type":"Polygon","coordinates":[[[35.86777,-3.37035],[35.88429,-3.37056],[35.88447,-3.37407],[35.89136,-3.38052],[35.88256,-3.38765],[35.87831,-3.40049],[35.87572,-3.40039],[35.86886,-3.40267],[35.8681,-3.40384],[35.86872,-3.41122],[35.86563,-3.41175],[35.86352,-3.41097],[35.86429,-3.40761],[35.8635,-3.40521],[35.86392,-3.4025],[35.86306,-3.39895],[35.86108,-3.39744],[35.86044,-3.39515],[35.86081,-3.3919],[35.85967,-3.38761],[35.86021,-3.38451],[35.85884,-3.38164],[35.85894,-3.37671],[35.86221,-3.37452],[35.86378,-3.37173],[35.86231,-3.36865],[35.86777,-3.37035]]]},"properties":{"region":"Arusha","district":"Monduli","ward":"Migungani","ward_code":"201"}},{"type":"Feature","geometry":{"type":"Polygon","coordinates":[[[36.92981,-3.17428],[36.93121,-3.18658],[36.92,-3.18021],[36.91479,-3.18027],[36.915,-3.18322],[36.90809,-3.18686],[36.90891,-3.18815],[36.90818,-3.19395],[36.90647,-3.19689],[36.90526,-3.20231],[36.90077,-3.20741],[36.90574,-3.21016],[36.90946,-3.23748],[36.90143,-3.24503],[36.88905,-3.25428],[36.88668,-3.25137],[36.88348,-3.24325],[36.87788,-3.23633],[36.87481,-3.22874],[36.86747,-3.22994],[36.85896,-3.23345],[36.85071,-3.23229],[36.85211,-3.22172],[36.85524,-3.21467],[36.85471,-3.21276],[36.85251,-3.21083],[36.85097,-3.21077],[36.84404,-3.21492],[36.84129,-3.21301],[36.84062,-3.20723],[36.8378,-3.20414],[36.83346,-3.20249],[36.83159,-3.20275],[36.83125,-3.19695],[36.82873,-3.19774],[36.82922,-3.19196],[36.832,-3.19229],[36.83474,-3.17567],[36.8437,-3.17755],[36.84831,-3.17965],[36.85752,-3.17095],[36.86151,-3.16488],[36.86163,-3.16236],[36.86294,-3.16114],[36.8625,-3.16009],[36.8638,-3.15998],[36.86645,-3.15411],[36.86644,-3.1511],[36.8682,-3.14997],[36.86853,-3.14501],[36.87004,-3.14262],[36.87715,-3.1375],[36.88056,-3.1333],[36.91941,-3.14131],[36.90702,-3.15101],[36.90674,-3.155],[36.92123,-3.16572],[36.92981,-3.17428]]]},"properties":{"region":"Arusha","district":"Arumeru","ward":"Ngarenanyuki","ward_code":"011"}},{"type":"Feature","geometry":{"type":"Polygon","coordinates":[[[36.92,-3.18021],[36.93121,-3.18658],[36.93297,-3.18384],[36.93519,-3.1829],[36.93581,-3.18434],[36.94373,-3.18924],[36.94949,-3.19658],[36.94876,-3.20057],[36.95026,-3.20394],[36.94612,-3.20522],[36.94575,-3.20807],[36.94229,-3.20886],[36.94186,-3.21017],[36.94327,-3.21093],[36.94327,-3.21192],[36.93929,-3.21392],[36.9391,-3.21568],[36.93704,-3.21554],[36.93555,-3.22053],[36.93265,-3.22467],[36.93246,-3.22688],[36.93626,-3.22986],[36.94824,-3.23462],[36.94869,-3.23589],[36.94773,-3.2386],[36.94459,-3.24191],[36.94542,-3.24515],[36.9417,-3.24815],[36.94186,-3.25371],[36.94358,-3.25435],[36.94155,-3.25617],[36.94344,-3.25822],[36.94547,-3.25876],[36.94565,-3.26236],[36.92848,-3.2662],[36.93033,-3.29822],[36.89778,-3.29522],[36.88905,-3.25428],[36.90143,-3.24503],[36.90946,-3.23748],[36.90574,-3.21016],[36.90077,-3.20741],[36.90526,-3.20231],[36.90647,-3.19689],[36.90818,-3.19395],[36.90891,-3.18815],[36.90809,-3.18686],[36.915,-3.18322],[36.91479,-3.18027],[36.92,-3.18021]]]},"properties":{"region":"Arusha","district":"Arumeru","ward":"Leguruki","ward_code":"021"}},{"type":"Feature","geometry":{"type":"Polygon","coordinates":[[[37.01488,-3.25444],[37.03041,-3.26119],[37.0358,-3.26554],[37.04333,-3.27826],[37.04512,-3.29551],[37.0412,-3.29285],[37.03481,-3.29319],[37.02529,-3.2965],[37.02552,-3.29807],[37.02154,-3.29852],[37.02114,-3.297],[37.01991,-3.29725],[37.02035,-3.299],[37.01918,-3.29798],[37.0169,-3.29875],[37.01703,-3.30014],[37.01215,-3.30088],[37.01221,-3.3037],[37.00045,-3.30502],[36.99995,-3.31098],[37.00114,-3.31573],[37.00185,-3.3268],[37.00613,-3.3355],[37.01155,-3.34274],[37.00497,-3.34239],[36.98767,-3.34634],[36.98526,-3.34219],[36.97442,-3.33997],[36.9728,-3.33765],[36.96733,-3.3374],[36.95727,-3.32371],[36.93033,-3.29822],[36.92848,-3.2662],[36.95293,-3.26073],[36.96162,-3.26529],[36.96659,-3.26196],[36.97293,-3.26655],[36.98097,-3.27075],[36.98652,-3.26603],[36.98824,-3.26616],[36.99032,-3.26475],[36.99347,-3.26778],[36.99586,-3.26322],[36.99975,-3.26399],[37.00373,-3.25879],[37.00265,-3.25694],[37.00337,-3.25587],[37.01488,-3.25444]]]},"properties":{"region":"Arusha","district":"Arumeru","ward":"King'ori","ward_code":"033"}},{"type":"Feature","geometry":{"type":"Polygon","coordinates":[[[36.93033,-3.29822],[36.95727,-3.32371],[36.96733,-3.3374],[36.97,-3.33908],[36.96564,-3.34027],[36.96007,-3.33972],[36.94977,-3.33196],[36.94422,-3.33276],[36.94343,-3.33584],[36.94106,-3.33685],[36.93052,-3.33656],[36.923,-3.3381],[36.92125,-3.34939],[36.92349,-3.35337],[36.92233,-3.35895],[36.9231,-3.35967],[36.92277,-3.36184],[36.92404,-3.3625],[36.92403,-3.36677],[36.92553,-3.36954],[36.92565,-3.37198],[36.92769,-3.37368],[36.92978,-3.37859],[36.93107,-3.3845],[36.9303,-3.38949],[36.92442,-3.38959],[36.9243,-3.39265],[36.91929,-3.3988],[36.91079,-3.40097],[36.91137,-3.41117],[36.90785,-3.40989],[36.90087,-3.41016],[36.89462,-3.40838],[36.87145,-3.39344],[36.86865,-3.39251],[36.87431,-3.38994],[36.87739,-3.38441],[36.88136,-3.38343],[36.88682,-3.37647],[36.89074,-3.37664],[36.89319,-3.37304],[36.89628,-3.37236],[36.89666,-3.37068],[36.89843,-3.37055],[36.90061,-3.36504],[36.9034,-3.36253],[36.90335,-3.36078],[36.9049,-3.36048],[36.90533,-3.35797],[36.90704,-3.35719],[36.90321,-3.34877],[36.90445,-3.34632],[36.90329,-3.3427],[36.90489,-3.34046],[36.90233,-3.33735],[36.90203,-3.32862],[36.90092,-3.32627],[36.8967,-3.32406],[36.89592,-3.3213],[36.89507,-3.32161],[36.89516,-3.3206],[36.89324,-3.31905],[36.89778,-3.29522],[36.93033,-3.29822]]]},"properties":{"region":"Arusha","district":"Arumeru","ward":"Maji ya Chai","ward_code":"043"}},{"type":"Feature","geometry":{"type":"Polygon","coordinates":[[[36.94977,-3.33196],[36.96007,-3.33972],[36.96863,-3.33995],[36.97,-3.33908],[36.9686,-3.33719],[36.96997,-3.33697],[36.97041,-3.3378],[36.9728,-3.33765],[36.97442,-3.33997],[36.98526,-3.34219],[36.98767,-3.34634],[36.99101,-3.3455],[36.99055,-3.35314],[36.99366,-3.36394],[36.99812,-3.36816],[37.00057,-3.36916],[37.00099,-3.37192],[37.00461,-3.37662],[37.00646,-3.38139],[36.99818,-3.38258],[36.99987,-3.38947],[36.9951,-3.38653],[36.98972,-3.38888],[36.985,-3.38838],[36.97333,-3.39459],[36.97201,-3.39648],[36.9701,-3.40454],[36.96601,-3.40777],[36.94751,-3.40918],[36.94269,-3.4141],[36.92693,-3.41715],[36.92374,-3.4169],[36.91855,-3.41384],[36.91138,-3.41124],[36.91079,-3.40097],[36.91929,-3.3988],[36.9243,-3.39265],[36.92442,-3.38959],[36.9303,-3.38949],[36.93107,-3.3845],[36.92978,-3.37859],[36.92769,-3.37368],[36.92565,-3.37198],[36.92553,-3.36954],[36.92403,-3.36677],[36.92404,-3.3625],[36.92277,-3.36184],[36.9231,-3.35967],[36.92233,-3.35895],[36.92349,-3.35337],[36.92125,-3.34939],[36.923,-3.3381],[36.93052,-3.33656],[36.94106,-3.33685],[36.94343,-3.33584],[36.94422,-3.33276],[36.94977,-3.33196]]]},"properties":{"region":"Arusha","district":"Arumeru","ward":"Kikatiti","ward_code":"053"}},{"type":"Feature","geometry":{"type":"Polygon","coordinates":[[[36.9289,-3.05563],[36.93116,-3.10707],[36.92622,-3.11493],[36.91941,-3.14131],[36.88149,-3.13317],[36.8754,-3.12813],[36.88232,-3.11815],[36.88436,-3.11098],[36.85705,-3.1093],[36.8603,-3.06791],[36.86601,-3.06952],[36.87974,-3.06992],[36.88825,-3.068],[36.88717,-3.05375],[36.89631,-3.05335],[36.9289,-3.05563]]]},"properties":{"region":"Arusha","district":"Arumeru","ward":"Ngabobo","ward_code":"181"}},{"type":"Feature","geometry":{"type":"Polygon","coordinates":[[[36.78657,-3.10107],[36.80935,-3.10885],[36.82222,-3.1021],[36.85705,-3.1093],[36.88436,-3.11098],[36.88232,-3.11815],[36.8754,-3.12813],[36.88149,-3.13317],[36.87004,-3.14262],[36.86853,-3.14501],[36.8682,-3.14997],[36.86644,-3.1511],[36.86645,-3.15411],[36.8638,-3.15998],[36.8625,-3.16009],[36.86294,-3.16114],[36.86163,-3.16236],[36.86151,-3.16488],[36.85752,-3.17095],[36.84831,-3.17965],[36.8437,-3.17755],[36.83474,-3.17567],[36.832,-3.19229],[36.82922,-3.19196],[36.82873,-3.19774],[36.83125,-3.19695],[36.83159,-3.20275],[36.83346,-3.20249],[36.8378,-3.20414],[36.84062,-3.20723],[36.84129,-3.21301],[36.84404,-3.21492],[36.85097,-3.21077],[36.85251,-3.21083],[36.85471,-3.21276],[36.85524,-3.21467],[36.85211,-3.22172],[36.85071,-3.23229],[36.85896,-3.23345],[36.86747,-3.22994],[36.87481,-3.22874],[36.87788,-3.23633],[36.8842,-3.24509],[36.83409,-3.24528],[36.78249,-3.24683],[36.78387,-3.28902],[36.78713,-3.31408],[36.77228,-3.31173],[36.76784,-3.3126],[36.76217,-3.3189],[36.7571,-3.3206],[36.75459,-3.32368],[36.74848,-3.18852],[36.75329,-3.15816],[36.753,-3.15321],[36.75466,-3.15258],[36.75488,-3.15101],[36.75253,-3.14385],[36.75402,-3.1371],[36.75576,-3.13401],[36.75529,-3.12395],[36.75264,-3.12069],[36.75307,-3.11807],[36.75173,-3.11757],[36.75231,-3.11636],[36.7513,-3.11467],[36.75197,-3.11379],[36.75035,-3.11178],[36.751,-3.1108],[36.75038,-3.10897],[36.75645,-3.11227],[36.75805,-3.11209],[36.75858,-3.11395],[36.76156,-3.11648],[36.76159,-3.1179],[36.77264,-3.12559],[36.78657,-3.10107]]]},"properties":{"region":"Arusha","district":"Arumeru","ward":"Uwiro","ward_code":"191"}},{"type":"Feature","geometry":{"type":"Polygon","coordinates":[[[36.95116,-3.2027],[36.95439,-3.20306],[36.95686,-3.20491],[36.96183,-3.20541],[36.96336,-3.20688],[36.96293,-3.20963],[36.96976,-3.21175],[36.97493,-3.21182],[36.97712,-3.21027],[36.98084,-3.21036],[36.98184,-3.22081],[36.98306,-3.22386],[36.98177,-3.23009],[36.98344,-3.23214],[36.9963,-3.23121],[36.99868,-3.2518],[36.99709,-3.25566],[37.00337,-3.25587],[37.00265,-3.25694],[37.00373,-3.25879],[36.99975,-3.26399],[36.99586,-3.26322],[36.99347,-3.26778],[36.99032,-3.26475],[36.98824,-3.26616],[36.98652,-3.26603],[36.98097,-3.27075],[36.97293,-3.26655],[36.96659,-3.26196],[36.96162,-3.26529],[36.95293,-3.26073],[36.94565,-3.26236],[36.94547,-3.25876],[36.94344,-3.25822],[36.94155,-3.25617],[36.94358,-3.25435],[36.94186,-3.25371],[36.9417,-3.24815],[36.94542,-3.24515],[36.94459,-3.24191],[36.94773,-3.2386],[36.94869,-3.23589],[36.94824,-3.23462],[36.93626,-3.22986],[36.93246,-3.22688],[36.93265,-3.22467],[36.93555,-3.22053],[36.93704,-3.21554],[36.9391,-3.21568],[36.93929,-3.21392],[36.94327,-3.21192],[36.94327,-3.21093],[36.94186,-3.21017],[36.94229,-3.20886],[36.94575,-3.20807],[36.94612,-3.20522],[36.95026,-3.20394],[36.94876,-3.20057],[36.94881,-3.19745],[36.95116,-3.2027]]]},"properties":{"region":"Arusha","district":"Arumeru","ward":"Maruvango","ward_code":"201"}},{"type":"Feature","geometry":{"type":"Polygon","coordinates":[[[37.0412,-3.29285],[37.04512,-3.29551],[37.05145,-3.30958],[37.05289,-3.31366],[37.05276,-3.32121],[37.05546,-3.32497],[37.06387,-3.34839],[37.064,-3.35957],[37.06213,-3.35986],[37.06372,-3.36982],[37.05846,-3.37212],[37.06011,-3.40995],[37.04784,-3.42973],[37.04783,-3.4312],[37.01076,-3.43273],[37.00983,-3.42867],[37.00633,-3.42362],[37.00528,-3.41701],[36.99945,-3.41713],[36.99987,-3.38947],[36.99818,-3.38258],[37.00646,-3.38139],[37.00461,-3.37662],[37.00099,-3.37192],[37.00057,-3.36916],[36.99812,-3.36816],[36.99366,-3.36394],[36.99055,-3.35314],[36.99101,-3.3455],[37.00497,-3.34239],[37.01155,-3.34274],[37.00613,-3.3355],[37.00185,-3.3268],[37.00114,-3.31573],[36.99995,-3.31098],[37.00045,-3.30502],[37.01221,-3.3037],[37.01215,-3.30088],[37.01703,-3.30014],[37.0169,-3.29875],[37.01918,-3.29798],[37.02035,-3.299],[37.01991,-3.29725],[37.02114,-3.297],[37.02154,-3.29852],[37.02552,-3.29807],[37.02529,-3.2965],[37.03231,-3.29395],[37.0412,-3.29285]]]},"properties":{"region":"Arusha","district":"Arumeru","ward":"Malula","ward_code":"211"}},{"type":"Feature","geometry":{"type":"Polygon","coordinates":[[[36.89778,-3.29522],[36.89324,-3.31905],[36.89516,-3.3206],[36.89507,-3.32161],[36.89592,-3.3213],[36.8967,-3.32406],[36.90092,-3.32627],[36.90203,-3.32862],[36.90233,-3.33735],[36.90489,-3.34046],[36.90329,-3.3427],[36.90445,-3.34632],[36.90321,-3.34877],[36.90704,-3.35719],[36.90533,-3.35797],[36.9049,-3.36048],[36.90335,-3.36078],[36.9034,-3.36253],[36.90061,-3.36504],[36.89843,-3.37055],[36.89666,-3.37068],[36.89628,-3.37236],[36.89319,-3.37304],[36.89074,-3.37664],[36.88682,-3.37647],[36.88136,-3.38343],[36.87739,-3.38441],[36.87431,-3.38994],[36.86868,-3.39229],[36.87167,-3.38305],[36.87159,-3.3775],[36.8731,-3.37715],[36.86981,-3.37239],[36.86982,-3.3715],[36.87158,-3.3711],[36.86457,-3.35388],[36.86363,-3.34282],[36.87259,-3.33449],[36.87425,-3.33047],[36.86952,-3.32881],[36.87106,-3.32708],[36.86824,-3.32259],[36.87079,-3.31744],[36.8696,-3.31486],[36.86689,-3.31706],[36.86529,-3.31415],[36.86867,-3.31294],[36.86792,-3.31119],[36.87219,-3.31034],[36.87318,-3.31089],[36.87646,-3.29514],[36.89778,-3.29522]]]},"properties":{"region":"Arusha","district":"Arumeru","ward":"Imbaseni","ward_code":"221"}},{"type":"Feature","geometry":{"type":"Polygon","coordinates":[[[36.87167,-3.38305],[36.86697,-3.39703],[36.86844,-3.40063],[36.86571,-3.40608],[36.86551,-3.4123],[36.86627,-3.41371],[36.86479,-3.42092],[36.86208,-3.42722],[36.85866,-3.4308],[36.85766,-3.43082],[36.85552,-3.43748],[36.85646,-3.4419],[36.85735,-3.44226],[36.85752,-3.44337],[36.85686,-3.44331],[36.85592,-3.44196],[36.85506,-3.4427],[36.85437,-3.442],[36.85521,-3.44049],[36.85203,-3.43842],[36.85366,-3.43783],[36.8528,-3.43571],[36.85369,-3.43326],[36.85283,-3.43362],[36.85044,-3.43218],[36.84988,-3.4307],[36.84747,-3.43032],[36.84731,-3.42926],[36.84476,-3.4281],[36.84201,-3.42472],[36.84106,-3.41981],[36.83818,-3.41825],[36.83425,-3.41022],[36.82966,-3.40509],[36.8303,-3.40462],[36.82862,-3.40422],[36.82765,-3.40285],[36.82348,-3.39327],[36.83164,-3.39056],[36.83634,-3.3866],[36.84739,-3.38312],[36.84488,-3.38174],[36.84385,-3.37897],[36.84144,-3.37695],[36.84087,-3.37424],[36.84438,-3.37364],[36.84354,-3.36841],[36.83827,-3.36409],[36.84629,-3.36022],[36.85415,-3.35483],[36.85904,-3.35343],[36.86084,-3.3504],[36.86424,-3.34996],[36.86457,-3.35388],[36.87158,-3.3711],[36.86982,-3.3715],[36.86981,-3.37239],[36.8731,-3.37715],[36.87159,-3.3775],[36.87167,-3.38305]]]},"properties":{"region":"Arusha","district":"Arumeru","ward":"Usa River","ward_code":"103"}},{"type":"Feature","geometry":{"type":"Polygon","coordinates":[[[36.81935,-3.32613],[36.8223,-3.33132],[36.82722,-3.32981],[36.83414,-3.32919],[36.83477,-3.33133],[36.83742,-3.33375],[36.84223,-3.33655],[36.84307,-3.34015],[36.84156,-3.34074],[36.84154,-3.34302],[36.84526,-3.35464],[36.84725,-3.35093],[36.85025,-3.35718],[36.84629,-3.36022],[36.833,-3.36696],[36.82882,-3.36],[36.82726,-3.35953],[36.82538,-3.35479],[36.82251,-3.35481],[36.82093,-3.35256],[36.81805,-3.35295],[36.8158,-3.35208],[36.81634,-3.34874],[36.81449,-3.34667],[36.81452,-3.34544],[36.81007,-3.34216],[36.80894,-3.34014],[36.80742,-3.34027],[36.80772,-3.34188],[36.80636,-3.34067],[36.80678,-3.33639],[36.80482,-3.3321],[36.80532,-3.33126],[36.80737,-3.33182],[36.81182,-3.33049],[36.81508,-3.32769],[36.81669,-3.32808],[36.81783,-3.3265],[36.81935,-3.32613]]]},"properties":{"region":"Arusha","district":"Arumeru","ward":"Nkoaranga","ward_code":"111"}},{"type":"Feature","geometry":{"type":"Polygon","coordinates":[[[36.80482,-3.3321],[36.80678,-3.33639],[36.80636,-3.34067],[36.80772,-3.34188],[36.80742,-3.34027],[36.80894,-3.34014],[36.81007,-3.34216],[36.81452,-3.34544],[36.81449,-3.34667],[36.81634,-3.34874],[36.8158,-3.35208],[36.81805,-3.35295],[36.82093,-3.35256],[36.82251,-3.35481],[36.82538,-3.35479],[36.82726,-3.35953],[36.82882,-3.36],[36.833,-3.36696],[36.83827,-3.36409],[36.84354,-3.36841],[36.84438,-3.37364],[36.84087,-3.37424],[36.84144,-3.37695],[36.84385,-3.37897],[36.84488,-3.38174],[36.84739,-3.38312],[36.83634,-3.3866],[36.83346,-3.38918],[36.83129,-3.38831],[36.83104,-3.38748],[36.82584,-3.38569],[36.82549,-3.38472],[36.82416,-3.38512],[36.8221,-3.38352],[36.822,-3.38018],[36.81972,-3.37766],[36.81885,-3.37806],[36.81701,-3.37537],[36.81521,-3.37488],[36.81409,-3.37108],[36.81348,-3.37164],[36.80987,-3.36804],[36.80751,-3.36654],[36.80658,-3.36702],[36.80649,-3.36613],[36.8059,-3.36653],[36.80093,-3.36288],[36.79864,-3.35591],[36.79876,-3.35367],[36.79235,-3.34957],[36.79234,-3.34432],[36.79393,-3.34029],[36.79333,-3.33928],[36.80068,-3.33791],[36.80299,-3.33288],[36.80396,-3.33355],[36.80482,-3.3321]]]},"properties":{"region":"Arusha","district":"Arumeru","ward":"Poli","ward_code":"123"}},{"type":"Feature","geometry":{"type":"Polygon","coordinates":[[[36.78817,-3.31915],[36.78858,-3.32106],[36.79089,-3.32111],[36.79248,-3.32229],[36.79167,-3.32499],[36.79346,-3.32583],[36.79321,-3.33994],[36.79393,-3.34029],[36.79234,-3.34432],[36.79235,-3.34957],[36.79876,-3.35367],[36.79864,-3.35591],[36.80093,-3.36288],[36.8059,-3.36653],[36.80649,-3.36613],[36.80658,-3.36702],[36.80751,-3.36654],[36.80987,-3.36804],[36.81348,-3.37164],[36.81409,-3.37108],[36.81521,-3.37488],[36.81701,-3.37537],[36.81885,-3.37806],[36.81972,-3.37766],[36.822,-3.38018],[36.8221,-3.38352],[36.8325,-3.38831],[36.83346,-3.38918],[36.83254,-3.39004],[36.82348,-3.39327],[36.82284,-3.3925],[36.82055,-3.39305],[36.81632,-3.38867],[36.81209,-3.38626],[36.81126,-3.38443],[36.80998,-3.38422],[36.80928,-3.38213],[36.80485,-3.37776],[36.80386,-3.3751],[36.80272,-3.3744],[36.80129,-3.37611],[36.79862,-3.37538],[36.79664,-3.37339],[36.79546,-3.37572],[36.79484,-3.3755],[36.79226,-3.37096],[36.79104,-3.37173],[36.79052,-3.36982],[36.78871,-3.3699],[36.78652,-3.36857],[36.78371,-3.36448],[36.7895,-3.36383],[36.79238,-3.36185],[36.79245,-3.35533],[36.78933,-3.35307],[36.78792,-3.34186],[36.78567,-3.33864],[36.78411,-3.33823],[36.78134,-3.33283],[36.77978,-3.32766],[36.78183,-3.32553],[36.78112,-3.32077],[36.77586,-3.31234],[36.78713,-3.31408],[36.78673,-3.31812],[36.78817,-3.31915]]]},"properties":{"region":"Arusha","district":"Arumeru","ward":"Seela Sing'isi","ward_code":"131"}},{"type":"Feature","geometry":{"type":"Polygon","coordinates":[[[36.78269,-3.35691],[36.78163,-3.36223],[36.78652,-3.36857],[36.78871,-3.3699],[36.79052,-3.36982],[36.79104,-3.37173],[36.79226,-3.37096],[36.79484,-3.3755],[36.79546,-3.37572],[36.79664,-3.37339],[36.79862,-3.37538],[36.80129,-3.37611],[36.80272,-3.3744],[36.80386,-3.3751],[36.80485,-3.37776],[36.81209,-3.38626],[36.81632,-3.38867],[36.82055,-3.39305],[36.82284,-3.3925],[36.82348,-3.39327],[36.8144,-3.39441],[36.80783,-3.39771],[36.79611,-3.39854],[36.79105,-3.40112],[36.79036,-3.39977],[36.79272,-3.39424],[36.79171,-3.39377],[36.77568,-3.39523],[36.77228,-3.39441],[36.77245,-3.39315],[36.77057,-3.39162],[36.77091,-3.39056],[36.76961,-3.39035],[36.76869,-3.38837],[36.77191,-3.3879],[36.7713,-3.37565],[36.76927,-3.37612],[36.76864,-3.37471],[36.76771,-3.37478],[36.76514,-3.36383],[36.76312,-3.36375],[36.76312,-3.3626],[36.76845,-3.36079],[36.77217,-3.35606],[36.77235,-3.35492],[36.76909,-3.35154],[36.76889,-3.35086],[36.77053,-3.35041],[36.76815,-3.34672],[36.77037,-3.3461],[36.7707,-3.34085],[36.76883,-3.33665],[36.77,-3.33606],[36.77534,-3.34394],[36.77661,-3.34756],[36.7805,-3.35156],[36.78106,-3.35458],[36.78269,-3.35691]]]},"properties":{"region":"Arusha","district":"Arumeru","ward":"Akheri","ward_code":"143"}},{"type":"Feature","geometry":{"type":"Polygon","coordinates":[[[36.76119,-3.322],[36.76291,-3.32355],[36.76412,-3.32333],[36.76703,-3.33089],[36.76571,-3.33265],[36.76929,-3.33648],[36.7707,-3.34085],[36.77037,-3.3461],[36.76815,-3.34672],[36.77053,-3.35041],[36.76889,-3.35086],[36.76909,-3.35154],[36.77235,-3.35492],[36.76845,-3.36079],[36.76312,-3.3626],[36.76312,-3.36375],[36.76033,-3.36353],[36.75791,-3.35761],[36.75402,-3.35966],[36.75352,-3.35906],[36.75432,-3.3559],[36.75267,-3.35237],[36.75384,-3.34793],[36.75286,-3.34171],[36.75652,-3.33618],[36.75372,-3.33521],[36.75044,-3.33233],[36.75605,-3.33074],[36.75463,-3.32862],[36.75459,-3.32368],[36.7571,-3.3206],[36.76217,-3.3189],[36.76119,-3.322]]]},"properties":{"region":"Arusha","district":"Arumeru","ward":"Nkoanrua","ward_code":"151"}},{"type":"Feature","geometry":{"type":"Polygon","coordinates":[[[36.88905,-3.25428],[36.89778,-3.29522],[36.87646,-3.29514],[36.87556,-3.29947],[36.84822,-3.297],[36.85069,-3.32502],[36.8351,-3.3264],[36.83375,-3.32746],[36.83414,-3.32919],[36.82722,-3.32981],[36.8223,-3.33132],[36.81935,-3.32613],[36.81783,-3.3265],[36.81669,-3.32808],[36.81508,-3.32769],[36.81182,-3.33049],[36.80737,-3.33182],[36.80532,-3.33126],[36.80396,-3.33355],[36.80299,-3.33288],[36.80068,-3.33791],[36.79333,-3.33928],[36.79346,-3.32583],[36.79167,-3.32499],[36.79248,-3.32229],[36.79089,-3.32111],[36.78858,-3.32106],[36.78817,-3.31915],[36.78673,-3.31812],[36.78713,-3.31408],[36.78387,-3.28902],[36.78249,-3.24683],[36.83409,-3.24528],[36.8842,-3.24509],[36.88668,-3.25137],[36.88905,-3.25428]]]},"properties":{"region":"Arusha","district":"Arumeru","ward":"Songoro","ward_code":"161"}},{"type":"Feature","geometry":{"type":"Polygon","coordinates":[[[36.78112,-3.32077],[36.78183,-3.32553],[36.77978,-3.32766],[36.78134,-3.33283],[36.78411,-3.33823],[36.78567,-3.33864],[36.78792,-3.34186],[36.78933,-3.35307],[36.79245,-3.35533],[36.79238,-3.36185],[36.7895,-3.36383],[36.78371,-3.36448],[36.78163,-3.36223],[36.78269,-3.35691],[36.78106,-3.35458],[36.7805,-3.35156],[36.77661,-3.34756],[36.77534,-3.34394],[36.77,-3.33606],[36.76929,-3.33648],[36.76571,-3.33265],[36.76703,-3.33089],[36.76412,-3.32333],[36.76291,-3.32355],[36.76119,-3.322],[36.76217,-3.3189],[36.76657,-3.3136],[36.77228,-3.31173],[36.77589,-3.31237],[36.78112,-3.32077]]]},"properties":{"region":"Arusha","district":"Arumeru","ward":"Nkoarisambu","ward_code":"171"}},{"type":"Feature","geometry":{"type":"Polygon","coordinates":[[[36.87556,-3.29947],[36.87318,-3.31089],[36.87219,-3.31034],[36.86792,-3.31119],[36.86867,-3.31294],[36.86529,-3.31415],[36.86689,-3.31706],[36.8696,-3.31486],[36.87079,-3.31744],[36.86824,-3.32259],[36.87106,-3.32708],[36.86952,-3.32881],[36.87425,-3.33047],[36.87365,-3.33224],[36.87259,-3.33449],[36.86787,-3.33828],[36.86582,-3.34137],[36.86373,-3.34235],[36.86424,-3.34996],[36.86084,-3.3504],[36.85904,-3.35343],[36.85415,-3.35483],[36.85025,-3.35718],[36.84725,-3.35093],[36.84526,-3.35464],[36.84154,-3.34302],[36.84156,-3.34074],[36.84307,-3.34015],[36.84223,-3.33655],[36.83477,-3.33133],[36.83375,-3.32746],[36.8351,-3.3264],[36.84104,-3.32547],[36.85069,-3.32502],[36.84822,-3.297],[36.87556,-3.29947]]]},"properties":{"region":"Arusha","district":"Arumeru","ward":"Nkoanekoli","ward_code":"231"}},{"type":"Feature","geometry":{"type":"Polygon","coordinates":[[[36.75791,-3.35761],[36.76033,-3.36353],[36.76514,-3.36383],[36.76771,-3.37478],[36.76864,-3.37471],[36.76927,-3.37612],[36.7713,-3.37565],[36.77191,-3.3879],[36.76869,-3.38837],[36.76961,-3.39035],[36.77091,-3.39056],[36.77057,-3.39162],[36.77245,-3.39315],[36.77228,-3.39441],[36.76553,-3.39558],[36.76413,-3.39424],[36.76227,-3.3942],[36.75922,-3.39008],[36.75753,-3.39009],[36.75642,-3.38479],[36.75398,-3.38185],[36.75435,-3.38],[36.75343,-3.37888],[36.75409,-3.37833],[36.75032,-3.37488],[36.75077,-3.37353],[36.74979,-3.37023],[36.7505,-3.36599],[36.75352,-3.35906],[36.75402,-3.35966],[36.75791,-3.35761]]]},"properties":{"region":"Arusha","district":"Arumeru","ward":"Ambureni","ward_code":"241"}},{"type":"Feature","geometry":{"type":"Polygon","coordinates":[[[36.9951,-3.38653],[36.99987,-3.38947],[36.99945,-3.41713],[37.00528,-3.41701],[37.00633,-3.42362],[37.00983,-3.42867],[37.01076,-3.43273],[36.98406,-3.46526],[36.97862,-3.46553],[36.97666,-3.46672],[36.97176,-3.46544],[36.95507,-3.46505],[36.94213,-3.46727],[36.94149,-3.46993],[36.93408,-3.47352],[36.92736,-3.4785],[36.92774,-3.48004],[36.92676,-3.48168],[36.9076,-3.48023],[36.90544,-3.47716],[36.89663,-3.47723],[36.89574,-3.47809],[36.88861,-3.47761],[36.88715,-3.47815],[36.88554,-3.48306],[36.8838,-3.48379],[36.87631,-3.4968],[36.86933,-3.48714],[36.8692,-3.48187],[36.87258,-3.47656],[36.87405,-3.46564],[36.87368,-3.46219],[36.86949,-3.4584],[36.86736,-3.45844],[36.86506,-3.45612],[36.86397,-3.45661],[36.86351,-3.45233],[36.85874,-3.44947],[36.8574,-3.44646],[36.85735,-3.44226],[36.85562,-3.43966],[36.85766,-3.43082],[36.85866,-3.4308],[36.86208,-3.42722],[36.86405,-3.42372],[36.86627,-3.41371],[36.86551,-3.4123],[36.86571,-3.40608],[36.86844,-3.40063],[36.86697,-3.39703],[36.86865,-3.39251],[36.87145,-3.39344],[36.89462,-3.40838],[36.90087,-3.41016],[36.90785,-3.40989],[36.92559,-3.41731],[36.94269,-3.4141],[36.94751,-3.40918],[36.96601,-3.40777],[36.9701,-3.40454],[36.97201,-3.39648],[36.97333,-3.39459],[36.985,-3.38838],[36.98972,-3.38888],[36.9951,-3.38653]]]},"properties":{"region":"Arusha","district":"Arumeru","ward":"Maroroni","ward_code":"061"}},{"type":"Feature","geometry":{"type":"Polygon","coordinates":[[[36.97176,-3.46544],[36.97345,-3.48206],[36.96678,-3.48864],[36.96573,-3.50079],[36.9691,-3.50241],[36.97007,-3.50406],[36.96686,-3.51073],[36.99768,-3.5293],[36.98883,-3.53788],[36.98518,-3.53829],[36.98337,-3.54029],[36.97829,-3.55034],[36.9755,-3.55374],[36.97518,-3.55666],[36.97165,-3.55846],[36.96836,-3.55735],[36.96697,-3.558],[36.96548,-3.55695],[36.96323,-3.55725],[36.96121,-3.55499],[36.95599,-3.55459],[36.95429,-3.55594],[36.94706,-3.55222],[36.94531,-3.54982],[36.94413,-3.54946],[36.94271,-3.55043],[36.94152,-3.54487],[36.94019,-3.54492],[36.9392,-3.54353],[36.93945,-3.54164],[36.93852,-3.54244],[36.93637,-3.54217],[36.93536,-3.54031],[36.9358,-3.53909],[36.93375,-3.53927],[36.9338,-3.53713],[36.93195,-3.53724],[36.93102,-3.53523],[36.92875,-3.53451],[36.9255,-3.53545],[36.92548,-3.53437],[36.92292,-3.5348],[36.92158,-3.53308],[36.91631,-3.53344],[36.91595,-3.53418],[36.91193,-3.53342],[36.91268,-3.53208],[36.90949,-3.53176],[36.90937,-3.53085],[36.90681,-3.53034],[36.90711,-3.52945],[36.90507,-3.53064],[36.90076,-3.52664],[36.89558,-3.52785],[36.89227,-3.52654],[36.89157,-3.52761],[36.88913,-3.52398],[36.88975,-3.52215],[36.88647,-3.51861],[36.88648,-3.51723],[36.88543,-3.51739],[36.883,-3.51483],[36.88361,-3.5132],[36.87989,-3.51248],[36.87997,-3.51125],[36.87774,-3.50968],[36.87845,-3.5086],[36.87736,-3.50706],[36.87746,-3.50355],[36.87577,-3.501],[36.87701,-3.5006],[36.87764,-3.49905],[36.87631,-3.4968],[36.8838,-3.48379],[36.88554,-3.48306],[36.88715,-3.47815],[36.90544,-3.47716],[36.9076,-3.48023],[36.92676,-3.48168],[36.92774,-3.48004],[36.92736,-3.4785],[36.93408,-3.47352],[36.94149,-3.46993],[36.94213,-3.46727],[36.95507,-3.46505],[36.97176,-3.46544]]]},"properties":{"region":"Arusha","district":"Arumeru","ward":"Makiba","ward_code":"071"}},{"type":"Feature","geometry":{"type":"Polygon","coordinates":[[[36.90076,-3.52664],[36.90344,-3.52854],[36.90507,-3.53064],[36.90711,-3.52945],[36.90681,-3.53034],[36.90937,-3.53085],[36.90949,-3.53176],[36.91268,-3.53208],[36.91193,-3.53342],[36.91595,-3.53418],[36.91631,-3.53344],[36.92158,-3.53308],[36.92292,-3.5348],[36.92548,-3.53437],[36.9255,-3.53545],[36.92875,-3.53451],[36.93102,-3.53523],[36.93195,-3.53724],[36.9338,-3.53713],[36.93375,-3.53927],[36.9358,-3.53909],[36.93536,-3.54031],[36.93637,-3.54217],[36.93852,-3.54244],[36.93945,-3.54164],[36.9392,-3.54353],[36.94019,-3.54492],[36.94152,-3.54487],[36.94271,-3.55043],[36.94413,-3.54946],[36.94531,-3.54982],[36.94706,-3.55222],[36.95429,-3.55594],[36.95599,-3.55459],[36.96121,-3.55499],[36.96323,-3.55725],[36.96548,-3.55695],[36.96697,-3.558],[36.96836,-3.55735],[36.97165,-3.55846],[36.96622,-3.56123],[36.96695,-3.56572],[36.96593,-3.56728],[36.96571,-3.57294],[36.95456,-3.57685],[36.94907,-3.57726],[36.94499,-3.57633],[36.94195,-3.57728],[36.93562,-3.57346],[36.92921,-3.573],[36.9258,-3.57369],[36.92243,-3.57153],[36.91844,-3.57137],[36.9177,-3.57],[36.91468,-3.56876],[36.91211,-3.56637],[36.91221,-3.56523],[36.90989,-3.56434],[36.90764,-3.5621],[36.90713,-3.56014],[36.90442,-3.55819],[36.91063,-3.55471],[36.91114,-3.55318],[36.9146,-3.55262],[36.91433,-3.55081],[36.91163,-3.5494],[36.91284,-3.54671],[36.90333,-3.54376],[36.90154,-3.54061],[36.89828,-3.53873],[36.89635,-3.52856],[36.8973,-3.52688],[36.89772,-3.52771],[36.90076,-3.52664]]]},"properties":{"region":"Arusha","district":"Arumeru","ward":"Mbuguni","ward_code":"083"}},{"type":"Feature","geometry":{"type":"Polygon","coordinates":[[[36.82348,-3.39327],[36.82765,-3.40285],[36.82862,-3.40422],[36.8303,-3.40462],[36.82966,-3.40509],[36.83425,-3.41022],[36.83818,-3.41825],[36.84106,-3.41981],[36.84201,-3.42472],[36.84476,-3.4281],[36.84731,-3.42926],[36.84747,-3.43032],[36.84988,-3.4307],[36.85044,-3.43218],[36.85283,-3.43362],[36.85369,-3.43326],[36.8528,-3.43571],[36.85366,-3.43783],[36.85203,-3.43842],[36.85521,-3.44049],[36.85437,-3.442],[36.85506,-3.4427],[36.85592,-3.44196],[36.85607,-3.4429],[36.85752,-3.44337],[36.8574,-3.44646],[36.85874,-3.44947],[36.86351,-3.45233],[36.86397,-3.45661],[36.86506,-3.45612],[36.86736,-3.45844],[36.86949,-3.4584],[36.87368,-3.46219],[36.87405,-3.46564],[36.87258,-3.47656],[36.8692,-3.48187],[36.86933,-3.48714],[36.87764,-3.49905],[36.87701,-3.5006],[36.87577,-3.501],[36.87746,-3.50355],[36.8781,-3.51032],[36.88127,-3.51329],[36.88361,-3.5132],[36.8833,-3.51532],[36.88543,-3.51739],[36.88648,-3.51723],[36.88359,-3.51843],[36.88406,-3.52089],[36.88288,-3.52422],[36.88001,-3.52659],[36.87818,-3.51756],[36.87066,-3.50378],[36.86687,-3.49342],[36.85773,-3.48569],[36.85478,-3.48537],[36.8542,-3.48405],[36.85053,-3.48169],[36.84959,-3.47977],[36.84823,-3.47987],[36.84719,-3.47877],[36.84218,-3.47964],[36.83975,-3.47723],[36.84062,-3.47264],[36.83536,-3.46476],[36.83194,-3.45619],[36.83061,-3.45589],[36.82814,-3.45042],[36.82404,-3.44908],[36.82145,-3.44573],[36.81518,-3.44149],[36.81164,-3.42992],[36.79866,-3.4189],[36.79723,-3.41377],[36.79438,-3.40956],[36.79447,-3.40782],[36.79105,-3.40112],[36.79611,-3.39854],[36.80783,-3.39771],[36.8144,-3.39441],[36.82348,-3.39327]]]},"properties":{"region":"Arusha","district":"Arumeru","ward":"Kikwe","ward_code":"091"}},{"type":"Feature","geometry":{"type":"Polygon","coordinates":[[[37.05561,-3.43083],[37.05801,-3.43529],[37.06169,-3.45275],[37.06285,-3.46905],[37.06123,-3.49301],[37.05611,-3.49242],[37.05132,-3.49559],[37.04924,-3.49463],[37.04842,-3.49751],[37.04448,-3.49904],[37.0434,-3.49735],[37.04155,-3.49712],[37.03263,-3.49891],[37.02796,-3.4971],[37.02113,-3.50028],[37.01866,-3.50204],[37.0142,-3.51115],[37.01095,-3.51187],[37.00875,-3.5192],[37.00662,-3.52076],[37.00373,-3.52507],[36.99768,-3.5293],[36.96686,-3.51073],[36.97007,-3.50406],[36.9691,-3.50241],[36.96573,-3.50079],[36.96678,-3.48864],[36.97345,-3.48206],[36.97176,-3.46544],[36.97666,-3.46672],[36.97862,-3.46553],[36.98406,-3.46526],[37.01056,-3.4327],[37.05561,-3.43083]]]},"properties":{"region":"Arusha","district":"Arumeru","ward":"Majengo","ward_code":"251"}},{"type":"Feature","geometry":{"type":"Polygon","coordinates":[[[36.88913,-3.52398],[36.89157,-3.52761],[36.89227,-3.52654],[36.89558,-3.52785],[36.89695,-3.52708],[36.89635,-3.52856],[36.89828,-3.53873],[36.90154,-3.54061],[36.90333,-3.54376],[36.91284,-3.54671],[36.91163,-3.5494],[36.91433,-3.55081],[36.91456,-3.55272],[36.91114,-3.55318],[36.91063,-3.55471],[36.90442,-3.55819],[36.90713,-3.56014],[36.90764,-3.5621],[36.90989,-3.56434],[36.91221,-3.56523],[36.91211,-3.56637],[36.91468,-3.56876],[36.9177,-3.57],[36.91844,-3.57137],[36.92243,-3.57153],[36.9258,-3.57369],[36.92515,-3.5736],[36.92537,-3.57642],[36.92226,-3.57996],[36.922,-3.583],[36.91677,-3.59392],[36.90711,-3.59492],[36.90455,-3.59648],[36.89731,-3.59353],[36.89334,-3.59814],[36.88551,-3.58447],[36.86225,-3.58617],[36.84938,-3.56576],[36.85106,-3.56195],[36.86412,-3.54902],[36.86652,-3.54446],[36.86973,-3.52604],[36.87422,-3.52509],[36.88001,-3.52659],[36.88288,-3.52422],[36.88406,-3.52089],[36.88359,-3.51843],[36.88648,-3.51723],[36.88647,-3.51861],[36.88975,-3.52215],[36.88913,-3.52398]]]},"properties":{"region":"Arusha","district":"Arumeru","ward":"Shambarai Burka","ward_code":"261"}},{"type":"Feature","geometry":{"type":"Polygon","coordinates":[[[36.69309,-3.16726],[36.69714,-3.17328],[36.70317,-3.1797],[36.74939,-3.20871],[36.75145,-3.25418],[36.66754,-3.22518],[36.66347,-3.22025],[36.66031,-3.21928],[36.65961,-3.21724],[36.65175,-3.21195],[36.65013,-3.20769],[36.6461,-3.20613],[36.6441,-3.20673],[36.63799,-3.1982],[36.63232,-3.1945],[36.63294,-3.18402],[36.62669,-3.1632],[36.637,-3.15611],[36.6485,-3.14393],[36.60573,-3.10696],[36.64644,-3.10521],[36.67037,-3.09482],[36.68513,-3.09957],[36.68618,-3.10299],[36.68986,-3.10875],[36.68963,-3.11309],[36.68839,-3.11482],[36.68783,-3.11833],[36.6889,-3.12967],[36.68815,-3.13185],[36.68944,-3.13233],[36.68954,-3.13359],[36.68796,-3.13873],[36.68796,-3.14447],[36.69059,-3.15444],[36.68989,-3.1615],[36.69068,-3.16163],[36.69028,-3.16284],[36.69223,-3.16574],[36.69184,-3.16724],[36.69309,-3.16726]]]},"properties":{"region":"Arusha","district":"Arumeru","ward":"Oldonyosambu","ward_code":"013"}},{"type":"Feature","geometry":{"type":"Polygon","coordinates":[[[36.63799,-3.1982],[36.6441,-3.20673],[36.6461,-3.20613],[36.65013,-3.20769],[36.65175,-3.21195],[36.65961,-3.21724],[36.66031,-3.21928],[36.66347,-3.22025],[36.66754,-3.22518],[36.75145,-3.25418],[36.75302,-3.28884],[36.74871,-3.28785],[36.65956,-3.25207],[36.65937,-3.24539],[36.66304,-3.23415],[36.66179,-3.23078],[36.65821,-3.23041],[36.65745,-3.22914],[36.65051,-3.227],[36.64667,-3.22317],[36.64222,-3.22262],[36.6422,-3.22366],[36.63839,-3.22607],[36.63898,-3.22703],[36.63482,-3.2309],[36.622,-3.23766],[36.62315,-3.24101],[36.61637,-3.24587],[36.61389,-3.25314],[36.60888,-3.25352],[36.60608,-3.24953],[36.59781,-3.2449],[36.59523,-3.24474],[36.59345,-3.24669],[36.5871,-3.24799],[36.58549,-3.24556],[36.57901,-3.24234],[36.57717,-3.23498],[36.57223,-3.22689],[36.57239,-3.22286],[36.5744,-3.22017],[36.5707,-3.21177],[36.57097,-3.20548],[36.57216,-3.20235],[36.57604,-3.20187],[36.57802,-3.20027],[36.58242,-3.18801],[36.60544,-3.17715],[36.61377,-3.16961],[36.62669,-3.1632],[36.63294,-3.18402],[36.63232,-3.1945],[36.63799,-3.1982]]]},"properties":{"region":"Arusha","district":"Arumeru","ward":"Lengijave","ward_code":"021"}},{"type":"Feature","geometry":{"type":"Polygon","coordinates":[[[36.61389,-3.25314],[36.61501,-3.26641],[36.61926,-3.26446],[36.62346,-3.2742],[36.65412,-3.29762],[36.65363,-3.29913],[36.64799,-3.30188],[36.64503,-3.30462],[36.63953,-3.31306],[36.63896,-3.31205],[36.63772,-3.3122],[36.63777,-3.31419],[36.6356,-3.31729],[36.6331,-3.31814],[36.62927,-3.32156],[36.62811,-3.3246],[36.62314,-3.33045],[36.6126,-3.33721],[36.61044,-3.33756],[36.60646,-3.33612],[36.60552,-3.33091],[36.6023,-3.33197],[36.59988,-3.33593],[36.59377,-3.33826],[36.59882,-3.32802],[36.59922,-3.32353],[36.59526,-3.32216],[36.59343,-3.30729],[36.60262,-3.27847],[36.60888,-3.25352],[36.61389,-3.25314]]]},"properties":{"region":"Arusha","district":"Arumeru","ward":"Olturumet","ward_code":"103"}},{"type":"Feature","geometry":{"type":"Polygon","coordinates":[[[36.5012,-3.21178],[36.51917,-3.21588],[36.5707,-3.21177],[36.5744,-3.22017],[36.57239,-3.22286],[36.57223,-3.22689],[36.57717,-3.23498],[36.57901,-3.24234],[36.58549,-3.24556],[36.5871,-3.24799],[36.59345,-3.24669],[36.59523,-3.24474],[36.59781,-3.2449],[36.60608,-3.24953],[36.60888,-3.25352],[36.60801,-3.25756],[36.60262,-3.27847],[36.59343,-3.30729],[36.59526,-3.32216],[36.58938,-3.3201],[36.58991,-3.31761],[36.58793,-3.31638],[36.58285,-3.31382],[36.57852,-3.3138],[36.57546,-3.31204],[36.57269,-3.30516],[36.56945,-3.30139],[36.56305,-3.29652],[36.55853,-3.29212],[36.55629,-3.28828],[36.55289,-3.28556],[36.54813,-3.28532],[36.547,-3.28176],[36.53455,-3.26835],[36.54698,-3.25191],[36.5227,-3.24502],[36.50754,-3.23387],[36.48162,-3.23199],[36.48674,-3.20497],[36.49555,-3.20733],[36.5012,-3.21178]]]},"properties":{"region":"Arusha","district":"Arumeru","ward":"Mwandet","ward_code":"111"}},{"type":"Feature","geometry":{"type":"Polygon","coordinates":[[[36.55289,-3.28556],[36.55629,-3.28828],[36.55853,-3.29212],[36.57165,-3.30394],[36.57546,-3.31204],[36.57852,-3.3138],[36.58285,-3.31382],[36.58991,-3.31761],[36.58938,-3.3201],[36.59922,-3.32353],[36.59882,-3.32802],[36.58677,-3.35323],[36.55838,-3.34442],[36.54772,-3.34607],[36.54511,-3.34273],[36.54488,-3.33964],[36.53829,-3.34341],[36.53485,-3.34399],[36.5279,-3.34204],[36.52519,-3.34475],[36.51918,-3.34474],[36.51837,-3.34263],[36.51424,-3.34118],[36.50924,-3.34196],[36.50611,-3.34554],[36.50487,-3.35129],[36.50299,-3.35335],[36.49642,-3.3556],[36.49117,-3.36179],[36.48774,-3.37082],[36.48147,-3.37425],[36.48131,-3.3755],[36.47821,-3.37833],[36.47671,-3.37795],[36.47526,-3.37948],[36.47378,-3.38442],[36.47109,-3.38312],[36.46752,-3.37383],[36.46785,-3.37122],[36.46958,-3.3662],[36.4769,-3.35464],[36.47591,-3.35066],[36.48034,-3.34393],[36.48103,-3.33289],[36.48453,-3.32989],[36.48827,-3.32425],[36.48865,-3.31549],[36.4979,-3.31101],[36.49572,-3.30704],[36.496,-3.29882],[36.4938,-3.29486],[36.49167,-3.28272],[36.4979,-3.28609],[36.50189,-3.28613],[36.50466,-3.28506],[36.52037,-3.2871],[36.53455,-3.26835],[36.547,-3.28176],[36.54813,-3.28532],[36.55289,-3.28556]]]},"properties":{"region":"Arusha","district":"Arumeru","ward":"Musa","ward_code":"121"}},{"type":"Feature","geometry":{"type":"Polygon","coordinates":[[[36.54511,-3.34273],[36.54772,-3.34607],[36.55683,-3.34465],[36.55585,-3.34697],[36.55616,-3.35284],[36.55826,-3.35593],[36.55902,-3.36375],[36.56101,-3.36762],[36.56021,-3.37003],[36.56106,-3.3774],[36.55977,-3.38076],[36.56005,-3.38189],[36.56384,-3.38336],[36.56469,-3.3849],[36.5639,-3.39406],[36.56467,-3.40234],[36.56343,-3.40557],[36.56183,-3.40472],[36.56128,-3.40576],[36.55816,-3.40692],[36.56005,-3.41226],[36.55868,-3.41629],[36.55743,-3.41572],[36.55663,-3.41716],[36.55654,-3.41951],[36.55746,-3.42068],[36.55699,-3.42284],[36.55356,-3.42459],[36.54505,-3.42193],[36.54345,-3.41773],[36.54015,-3.41702],[36.5383,-3.41494],[36.53714,-3.41442],[36.53402,-3.41612],[36.52148,-3.4103],[36.52042,-3.40484],[36.51338,-3.4046],[36.50433,-3.40083],[36.49948,-3.40057],[36.49381,-3.39884],[36.48902,-3.39623],[36.48121,-3.39473],[36.47499,-3.39545],[36.47451,-3.39202],[36.47326,-3.39061],[36.47432,-3.3892],[36.47342,-3.38523],[36.47526,-3.37948],[36.47671,-3.37795],[36.47821,-3.37833],[36.48131,-3.3755],[36.48147,-3.37425],[36.48774,-3.37082],[36.49117,-3.36179],[36.49642,-3.3556],[36.50299,-3.35335],[36.50487,-3.35129],[36.50611,-3.34554],[36.50924,-3.34196],[36.51424,-3.34118],[36.51837,-3.34263],[36.51918,-3.34474],[36.52519,-3.34475],[36.5279,-3.34204],[36.53485,-3.34399],[36.53829,-3.34341],[36.54488,-3.33964],[36.54511,-3.34273]]]},"properties":{"region":"Arusha","district":"Arumeru","ward":"Kisongo","ward_code":"133"}},{"type":"Feature","geometry":{"type":"Polygon","coordinates":[[[36.59094,-3.38315],[36.59102,-3.392],[36.58755,-3.39066],[36.58224,-3.39382],[36.59174,-3.40231],[36.59468,-3.42209],[36.58977,-3.42975],[36.59764,-3.44073],[36.59694,-3.44857],[36.591,-3.46195],[36.58662,-3.46471],[36.58395,-3.47446],[36.57856,-3.47553],[36.57068,-3.4861],[36.58107,-3.45992],[36.57998,-3.45446],[36.58571,-3.45125],[36.58677,-3.44217],[36.58409,-3.43569],[36.56815,-3.42775],[36.56534,-3.42704],[36.5632,-3.42772],[36.55356,-3.42459],[36.55699,-3.42284],[36.55746,-3.42068],[36.55654,-3.41951],[36.55663,-3.41716],[36.55743,-3.41572],[36.55868,-3.41629],[36.55991,-3.4141],[36.56005,-3.41226],[36.55915,-3.41144],[36.55985,-3.40992],[36.55816,-3.40692],[36.56128,-3.40576],[36.56183,-3.40472],[36.56343,-3.40557],[36.56467,-3.40234],[36.5639,-3.39406],[36.56469,-3.3849],[36.56384,-3.38336],[36.56005,-3.38189],[36.55977,-3.38076],[36.56106,-3.3774],[36.56021,-3.37003],[36.56101,-3.36762],[36.55902,-3.36375],[36.55826,-3.35593],[36.55616,-3.35284],[36.55585,-3.34697],[36.55683,-3.34465],[36.55838,-3.34442],[36.58677,-3.35323],[36.58641,-3.36333],[36.58805,-3.36814],[36.58867,-3.37512],[36.58603,-3.37816],[36.59094,-3.38315]]]},"properties":{"region":"Arusha","district":"Arumeru","ward":"Mateves","ward_code":"143"}},{"type":"Feature","geometry":{"type":"Polygon","coordinates":[[[36.8603,-3.06791],[36.85705,-3.1093],[36.82222,-3.1021],[36.80935,-3.10885],[36.78657,-3.10107],[36.77264,-3.12559],[36.76159,-3.1179],[36.76156,-3.11648],[36.75858,-3.11395],[36.75805,-3.11209],[36.75645,-3.11227],[36.75038,-3.10897],[36.751,-3.1108],[36.75035,-3.11178],[36.75197,-3.11379],[36.7513,-3.11467],[36.75231,-3.11636],[36.75173,-3.11757],[36.75307,-3.11807],[36.75264,-3.12069],[36.75529,-3.12395],[36.75576,-3.13401],[36.75402,-3.1371],[36.75253,-3.14385],[36.75488,-3.15101],[36.75466,-3.15258],[36.753,-3.15321],[36.75329,-3.15816],[36.74848,-3.18852],[36.74939,-3.20871],[36.70317,-3.1797],[36.69714,-3.17328],[36.69309,-3.16726],[36.69184,-3.16724],[36.69223,-3.16574],[36.69028,-3.16284],[36.69068,-3.16163],[36.68989,-3.1615],[36.69059,-3.15444],[36.68796,-3.14447],[36.68796,-3.13873],[36.68954,-3.13359],[36.68944,-3.13233],[36.68815,-3.13185],[36.6889,-3.12967],[36.68783,-3.11833],[36.68839,-3.11482],[36.68963,-3.11309],[36.68986,-3.10875],[36.68618,-3.10299],[36.68513,-3.09957],[36.69901,-3.09221],[36.7038,-3.07293],[36.74068,-3.04823],[36.80312,-3.038],[36.8603,-3.06791]]]},"properties":{"region":"Arusha","district":"Arumeru","ward":"Oldonyowas","ward_code":"221"}},{"type":"Feature","geometry":{"type":"Polygon","coordinates":[[[36.65051,-3.227],[36.65745,-3.22914],[36.65821,-3.23041],[36.66179,-3.23078],[36.66304,-3.23415],[36.65937,-3.24539],[36.65956,-3.25207],[36.67304,-3.25748],[36.6715,-3.27308],[36.66805,-3.28402],[36.66023,-3.28959],[36.64355,-3.28128],[36.64169,-3.28193],[36.63925,-3.28589],[36.62346,-3.2742],[36.61926,-3.26446],[36.61501,-3.26641],[36.61389,-3.25314],[36.61637,-3.24587],[36.62315,-3.24101],[36.622,-3.23766],[36.63482,-3.2309],[36.63898,-3.22703],[36.63839,-3.22607],[36.6422,-3.22366],[36.64222,-3.22262],[36.64743,-3.22344],[36.65051,-3.227]]]},"properties":{"region":"Arusha","district":"Arumeru","ward":"Lemanyata","ward_code":"231"}},{"type":"Feature","geometry":{"type":"Polygon","coordinates":[[[36.62528,-3.43787],[36.62716,-3.44255],[36.62608,-3.44777],[36.62897,-3.45719],[36.62661,-3.45947],[36.62805,-3.4614],[36.62752,-3.46259],[36.63,-3.46462],[36.63043,-3.46944],[36.63162,-3.47179],[36.6325,-3.47174],[36.63112,-3.47299],[36.63076,-3.47642],[36.62988,-3.47661],[36.63099,-3.48142],[36.62974,-3.48645],[36.6303,-3.48886],[36.62899,-3.49068],[36.63005,-3.49238],[36.62901,-3.49392],[36.63234,-3.50199],[36.6317,-3.50406],[36.63236,-3.50777],[36.63461,-3.51405],[36.63344,-3.52411],[36.63795,-3.52974],[36.63562,-3.53776],[36.61071,-3.53362],[36.60531,-3.53121],[36.60518,-3.52696],[36.59905,-3.52374],[36.59337,-3.518],[36.5868,-3.50778],[36.58236,-3.50376],[36.57068,-3.4861],[36.57856,-3.47553],[36.58395,-3.47446],[36.58662,-3.46471],[36.591,-3.46195],[36.59694,-3.44857],[36.59821,-3.43877],[36.60223,-3.43676],[36.60617,-3.4381],[36.61326,-3.43168],[36.62528,-3.43787]]]},"properties":{"region":"Arusha","district":"Arumeru","ward":"Laroi","ward_code":"271"}},{"type":"Feature","geometry":{"type":"Polygon","coordinates":[[[36.71202,-3.30976],[36.70853,-3.31757],[36.71041,-3.32034],[36.70737,-3.32564],[36.702,-3.33173],[36.69541,-3.33397],[36.68928,-3.3324],[36.68561,-3.33284],[36.68546,-3.33825],[36.6825,-3.33759],[36.68323,-3.33587],[36.68197,-3.33001],[36.68266,-3.32571],[36.68115,-3.32337],[36.683,-3.32151],[36.68404,-3.31844],[36.68415,-3.30873],[36.68519,-3.30735],[36.69146,-3.31004],[36.69572,-3.30264],[36.69831,-3.30157],[36.70249,-3.29789],[36.71526,-3.27443],[36.72898,-3.27993],[36.72472,-3.2892],[36.71202,-3.30976]]]},"properties":{"region":"Arusha","district":"Arumeru","ward":"Ilkiding'a","ward_code":"031"}},{"type":"Feature","geometry":{"type":"Polygon","coordinates":[[[36.72149,-3.32119],[36.71975,-3.33259],[36.72124,-3.33855],[36.7088,-3.34319],[36.7064,-3.34823],[36.70158,-3.34637],[36.69801,-3.3463],[36.69814,-3.34488],[36.69534,-3.34413],[36.69262,-3.34194],[36.68794,-3.34175],[36.68824,-3.34345],[36.68642,-3.34424],[36.68622,-3.34583],[36.68457,-3.34537],[36.68445,-3.3474],[36.68344,-3.34735],[36.68298,-3.34948],[36.6754,-3.34853],[36.67993,-3.34181],[36.68031,-3.33985],[36.6825,-3.33759],[36.68546,-3.33825],[36.68561,-3.33284],[36.68928,-3.3324],[36.69541,-3.33397],[36.702,-3.33173],[36.70465,-3.32913],[36.71041,-3.32034],[36.70853,-3.31757],[36.71063,-3.31172],[36.72472,-3.2892],[36.72898,-3.27993],[36.74493,-3.28633],[36.72149,-3.32119]]]},"properties":{"region":"Arusha","district":"Arumeru","ward":"Olturoto","ward_code":"061"}},{"type":"Feature","geometry":{"type":"Polygon","coordinates":[[[36.68794,-3.34175],[36.69262,-3.34194],[36.69534,-3.34413],[36.69814,-3.34488],[36.69801,-3.3463],[36.70158,-3.34637],[36.7064,-3.34823],[36.70487,-3.35889],[36.70289,-3.36191],[36.69941,-3.36025],[36.69313,-3.35954],[36.69297,-3.35843],[36.68977,-3.35667],[36.68618,-3.3461],[36.68642,-3.34424],[36.68824,-3.34345],[36.68794,-3.34175]]]},"properties":{"region":"Arusha","district":"Arumeru","ward":"Moivo","ward_code":"073"}},{"type":"Feature","geometry":{"type":"Polygon","coordinates":[[[36.67736,-3.32711],[36.68273,-3.32698],[36.68197,-3.33001],[36.68323,-3.33587],[36.6768,-3.34723],[36.67551,-3.34802],[36.6754,-3.34978],[36.67764,-3.35058],[36.6809,-3.35504],[36.68429,-3.35599],[36.68405,-3.35737],[36.6861,-3.35729],[36.68727,-3.35568],[36.68953,-3.35621],[36.69125,-3.35804],[36.69297,-3.35843],[36.69313,-3.35954],[36.68933,-3.35939],[36.686,-3.35765],[36.68459,-3.35985],[36.68214,-3.36074],[36.67304,-3.3615],[36.66709,-3.36109],[36.66471,-3.35963],[36.65862,-3.35885],[36.65916,-3.35164],[36.66271,-3.3493],[36.66455,-3.34587],[36.6664,-3.34509],[36.66568,-3.34355],[36.66279,-3.34324],[36.6655,-3.3403],[36.66717,-3.3409],[36.66804,-3.33915],[36.668,-3.3349],[36.66931,-3.33189],[36.66898,-3.32797],[36.67014,-3.32474],[36.67736,-3.32711]]]},"properties":{"region":"Arusha","district":"Arumeru","ward":"Kiranyi","ward_code":"083"}},{"type":"Feature","geometry":{"type":"Polygon","coordinates":[[[36.67139,-3.31284],[36.67922,-3.30502],[36.68084,-3.30735],[36.68255,-3.31413],[36.6842,-3.31529],[36.683,-3.32151],[36.68115,-3.32337],[36.68273,-3.32698],[36.67554,-3.32684],[36.67014,-3.32474],[36.66898,-3.32797],[36.66513,-3.32319],[36.66285,-3.32223],[36.66119,-3.32324],[36.6592,-3.32232],[36.65657,-3.32309],[36.65456,-3.32565],[36.64359,-3.31989],[36.64757,-3.31538],[36.6503,-3.3083],[36.65743,-3.30102],[36.66148,-3.30355],[36.66227,-3.30504],[36.66899,-3.30872],[36.67139,-3.31284]]]},"properties":{"region":"Arusha","district":"Arumeru","ward":"Kimnyak","ward_code":"091"}},{"type":"Feature","geometry":{"type":"Polygon","coordinates":[[[36.65933,-3.52817],[36.66029,-3.52978],[36.67383,-3.52918],[36.67326,-3.53303],[36.6827,-3.55688],[36.68717,-3.55783],[36.6917,-3.5573],[36.69952,-3.56139],[36.70735,-3.56379],[36.71475,-3.5607],[36.71467,-3.56221],[36.7123,-3.58252],[36.7078,-3.59849],[36.70987,-3.60254],[36.7092,-3.60411],[36.70635,-3.60616],[36.70681,-3.6086],[36.70559,-3.61027],[36.69671,-3.61534],[36.69376,-3.61494],[36.69035,-3.6163],[36.68731,-3.61596],[36.68579,-3.61218],[36.67772,-3.61255],[36.67579,-3.61155],[36.67633,-3.61074],[36.6755,-3.61025],[36.67195,-3.61112],[36.67163,-3.61192],[36.66966,-3.61104],[36.66925,-3.61286],[36.66597,-3.61522],[36.66474,-3.62112],[36.66154,-3.62397],[36.66239,-3.63038],[36.65745,-3.63011],[36.65576,-3.6328],[36.65399,-3.63319],[36.65058,-3.60295],[36.64544,-3.59688],[36.63995,-3.57508],[36.64065,-3.56436],[36.62976,-3.56255],[36.61692,-3.55524],[36.61108,-3.5508],[36.60571,-3.54061],[36.60531,-3.53121],[36.61071,-3.53362],[36.63562,-3.53776],[36.63671,-3.53677],[36.64148,-3.53609],[36.64517,-3.53321],[36.65303,-3.52961],[36.65933,-3.52817]]]},"properties":{"region":"Arusha","district":"Arumeru","ward":"Oljoro","ward_code":"151"}},{"type":"Feature","geometry":{"type":"Polygon","coordinates":[[[36.64012,-3.31409],[36.64425,-3.32075],[36.65456,-3.32565],[36.64856,-3.32628],[36.64827,-3.32888],[36.64639,-3.33148],[36.64369,-3.33209],[36.64326,-3.33365],[36.64588,-3.33717],[36.64744,-3.3384],[36.65185,-3.33795],[36.66279,-3.34324],[36.66568,-3.34355],[36.6664,-3.34509],[36.66455,-3.34587],[36.66271,-3.3493],[36.65916,-3.35164],[36.6587,-3.35818],[36.654,-3.35748],[36.6544,-3.35912],[36.65177,-3.35993],[36.65134,-3.36132],[36.63866,-3.36695],[36.63332,-3.36584],[36.61823,-3.36539],[36.60422,-3.35867],[36.60636,-3.35525],[36.60624,-3.35242],[36.60811,-3.34828],[36.60894,-3.34182],[36.6126,-3.33721],[36.62314,-3.33045],[36.62811,-3.3246],[36.62927,-3.32156],[36.6331,-3.31814],[36.6356,-3.31729],[36.63777,-3.31419],[36.63725,-3.31798],[36.64012,-3.31409]]]},"properties":{"region":"Arusha","district":"Arumeru","ward":"Oloirien","ward_code":"203"}},{"type":"Feature","geometry":{"type":"Polygon","coordinates":[[[36.71526,-3.27443],[36.70249,-3.29789],[36.69831,-3.30157],[36.69572,-3.30264],[36.69146,-3.31004],[36.68519,-3.30735],[36.68415,-3.30873],[36.68354,-3.31448],[36.68255,-3.31413],[36.68084,-3.30735],[36.67826,-3.30323],[36.66616,-3.29671],[36.66595,-3.29408],[36.66029,-3.29049],[36.66023,-3.28959],[36.66805,-3.28402],[36.6715,-3.27308],[36.67304,-3.25748],[36.71526,-3.27443]]]},"properties":{"region":"Arusha","district":"Arumeru","ward":"Sambasha","ward_code":"191"}},{"type":"Feature","geometry":{"type":"Polygon","coordinates":[[[36.66513,-3.32319],[36.66898,-3.32797],[36.66931,-3.33189],[36.668,-3.3349],[36.66848,-3.33714],[36.66764,-3.34015],[36.66717,-3.3409],[36.6655,-3.3403],[36.66279,-3.34324],[36.65185,-3.33795],[36.64744,-3.3384],[36.64326,-3.33365],[36.64369,-3.33209],[36.64639,-3.33148],[36.64827,-3.32888],[36.64856,-3.32628],[36.65411,-3.32628],[36.65798,-3.32253],[36.66119,-3.32324],[36.66285,-3.32223],[36.66513,-3.32319]]]},"properties":{"region":"Arusha","district":"Arumeru","ward":"Tarakwa","ward_code":"241"}},{"type":"Feature","geometry":{"type":"Polygon","coordinates":[[[36.68618,-3.3461],[36.68921,-3.35325],[36.68953,-3.35621],[36.68727,-3.35568],[36.6861,-3.35729],[36.68405,-3.35737],[36.68429,-3.35599],[36.6809,-3.35504],[36.67764,-3.35058],[36.67591,-3.35015],[36.67525,-3.34894],[36.68298,-3.34948],[36.68344,-3.34735],[36.68445,-3.3474],[36.68457,-3.34537],[36.68618,-3.3461]]]},"properties":{"region":"Arusha","district":"Arumeru","ward":"Ilboru","ward_code":"263"}},{"type":"Feature","geometry":{"type":"Polygon","coordinates":[[[36.75605,-3.33074],[36.75044,-3.33233],[36.75372,-3.33521],[36.75652,-3.33618],[36.75286,-3.34171],[36.75384,-3.34793],[36.75267,-3.35237],[36.75432,-3.3559],[36.75301,-3.36104],[36.7505,-3.36599],[36.74979,-3.37023],[36.75077,-3.37353],[36.74986,-3.37401],[36.74777,-3.37027],[36.74193,-3.36722],[36.74238,-3.35905],[36.74567,-3.35407],[36.74474,-3.34725],[36.74264,-3.34069],[36.73859,-3.33359],[36.73552,-3.32091],[36.75305,-3.28959],[36.75463,-3.32862],[36.75605,-3.33074]]]},"properties":{"region":"Arusha","district":"Arumeru","ward":"Bangata","ward_code":"041"}},{"type":"Feature","geometry":{"type":"Polygon","coordinates":[[[36.74403,-3.3439],[36.74567,-3.35407],[36.74238,-3.35905],[36.74193,-3.36722],[36.74777,-3.37027],[36.74902,-3.373],[36.74671,-3.37442],[36.7437,-3.37387],[36.73935,-3.37028],[36.73825,-3.37064],[36.73821,-3.36944],[36.73114,-3.36583],[36.72603,-3.36681],[36.71969,-3.36511],[36.71647,-3.36599],[36.71418,-3.36513],[36.71605,-3.35956],[36.71724,-3.35879],[36.72049,-3.35223],[36.72224,-3.34592],[36.72424,-3.34656],[36.73012,-3.34602],[36.72904,-3.33749],[36.72741,-3.33671],[36.72616,-3.32093],[36.74871,-3.28785],[36.75302,-3.28884],[36.75305,-3.28959],[36.73552,-3.32091],[36.73859,-3.33359],[36.74403,-3.3439]]]},"properties":{"region":"Arusha","district":"Arumeru","ward":"Sokon II","ward_code":"053"}},{"type":"Feature","geometry":{"type":"Polygon","coordinates":[[[36.73756,-3.49318],[36.73843,-3.49427],[36.7404,-3.49359],[36.74406,-3.49474],[36.74694,-3.49752],[36.74873,-3.49681],[36.75065,-3.49942],[36.75368,-3.49957],[36.76469,-3.50535],[36.77097,-3.50646],[36.77374,-3.50513],[36.77641,-3.50566],[36.77681,-3.50745],[36.7794,-3.5089],[36.78201,-3.50803],[36.78319,-3.51052],[36.78661,-3.51193],[36.78754,-3.51401],[36.80996,-3.5206],[36.8076,-3.51092],[36.81511,-3.5103],[36.8188,-3.513],[36.82278,-3.51296],[36.82785,-3.51716],[36.83407,-3.51427],[36.83563,-3.51705],[36.84004,-3.51821],[36.84318,-3.52025],[36.84545,-3.5202],[36.848,-3.52274],[36.85028,-3.52234],[36.85217,-3.52431],[36.85946,-3.52457],[36.86245,-3.52597],[36.86414,-3.52496],[36.86973,-3.52604],[36.86652,-3.54446],[36.86412,-3.54902],[36.85106,-3.56195],[36.84938,-3.56576],[36.86225,-3.58617],[36.85558,-3.60608],[36.85502,-3.60584],[36.83633,-3.64924],[36.79996,-3.65512],[36.80308,-3.64519],[36.80891,-3.63664],[36.78882,-3.62136],[36.78294,-3.61875],[36.78637,-3.60377],[36.78235,-3.57109],[36.75427,-3.57234],[36.75043,-3.57135],[36.74889,-3.57279],[36.74633,-3.57126],[36.7434,-3.5721],[36.73574,-3.56869],[36.73324,-3.56868],[36.73219,-3.57008],[36.73018,-3.57015],[36.7277,-3.56946],[36.72116,-3.56389],[36.71475,-3.5607],[36.72133,-3.55625],[36.73219,-3.50835],[36.73463,-3.49212],[36.73459,-3.49308],[36.73756,-3.49318]]]},"properties":{"region":"Arusha","district":"Arumeru","ward":"Bwawani","ward_code":"161"}},{"type":"Feature","geometry":{"type":"Polygon","coordinates":[[[36.79341,-3.46144],[36.79437,-3.46877],[36.80179,-3.46856],[36.8148,-3.4665],[36.82109,-3.4677],[36.83412,-3.47329],[36.83455,-3.47223],[36.8391,-3.47126],[36.84062,-3.47264],[36.83975,-3.47723],[36.84218,-3.47964],[36.84719,-3.47877],[36.84823,-3.47987],[36.84959,-3.47977],[36.85053,-3.48169],[36.8542,-3.48405],[36.85478,-3.48537],[36.85773,-3.48569],[36.86687,-3.49342],[36.87066,-3.50378],[36.87818,-3.51756],[36.88001,-3.52659],[36.87422,-3.52509],[36.86973,-3.52604],[36.86414,-3.52496],[36.86245,-3.52597],[36.85946,-3.52457],[36.85217,-3.52431],[36.85028,-3.52234],[36.848,-3.52274],[36.84545,-3.5202],[36.84318,-3.52025],[36.84004,-3.51821],[36.83563,-3.51705],[36.83407,-3.51427],[36.82785,-3.51716],[36.82278,-3.51296],[36.8188,-3.513],[36.81511,-3.5103],[36.8076,-3.51092],[36.80996,-3.5206],[36.78754,-3.51401],[36.78661,-3.51193],[36.78319,-3.51052],[36.78201,-3.50803],[36.7794,-3.5089],[36.77681,-3.50745],[36.77641,-3.50566],[36.77374,-3.50513],[36.77097,-3.50646],[36.76469,-3.50535],[36.75368,-3.49957],[36.75065,-3.49942],[36.74948,-3.49778],[36.75508,-3.48581],[36.75938,-3.4834],[36.75898,-3.47639],[36.76001,-3.46308],[36.76621,-3.46385],[36.77337,-3.4628],[36.7783,-3.46406],[36.79341,-3.46144]]]},"properties":{"region":"Arusha","district":"Arumeru","ward":"Nduruma","ward_code":"171"}},{"type":"Feature","geometry":{"type":"Polygon","coordinates":[[[36.79272,-3.39424],[36.79036,-3.39977],[36.79447,-3.40782],[36.79438,-3.40956],[36.79723,-3.41377],[36.79866,-3.4189],[36.81164,-3.42992],[36.81518,-3.44149],[36.82145,-3.44573],[36.82404,-3.44908],[36.82814,-3.45042],[36.83061,-3.45589],[36.83194,-3.45619],[36.83329,-3.46066],[36.83912,-3.47125],[36.83455,-3.47223],[36.83412,-3.47329],[36.82109,-3.4677],[36.8148,-3.4665],[36.80179,-3.46856],[36.79437,-3.46877],[36.79341,-3.46144],[36.7783,-3.46406],[36.77337,-3.4628],[36.76621,-3.46385],[36.76001,-3.46308],[36.75898,-3.47639],[36.75938,-3.4834],[36.75508,-3.48581],[36.74948,-3.49778],[36.74873,-3.49681],[36.74694,-3.49752],[36.74406,-3.49474],[36.73459,-3.49308],[36.73463,-3.49212],[36.73035,-3.48968],[36.72496,-3.48126],[36.7222,-3.48119],[36.72018,-3.47134],[36.72016,-3.46673],[36.72262,-3.46189],[36.72305,-3.4586],[36.725,-3.45674],[36.72645,-3.45128],[36.72664,-3.44593],[36.72576,-3.44309],[36.72713,-3.43763],[36.7316,-3.43724],[36.73026,-3.43432],[36.73048,-3.43188],[36.73219,-3.43064],[36.73287,-3.42788],[36.73533,-3.4286],[36.73994,-3.42721],[36.73978,-3.42964],[36.74605,-3.42621],[36.74571,-3.42472],[36.74866,-3.42211],[36.74975,-3.42223],[36.75356,-3.41588],[36.75421,-3.40944],[36.75931,-3.40446],[36.75975,-3.399],[36.76233,-3.39712],[36.77228,-3.39441],[36.77499,-3.39524],[36.79121,-3.39369],[36.79272,-3.39424]]]},"properties":{"region":"Arusha","district":"Arumeru","ward":"Mlangarini","ward_code":"183"}},{"type":"Feature","geometry":{"type":"Polygon","coordinates":[[[36.72904,-3.33749],[36.73012,-3.34602],[36.72424,-3.34656],[36.72224,-3.34592],[36.71849,-3.35671],[36.71605,-3.35956],[36.71463,-3.36477],[36.71332,-3.36581],[36.70309,-3.36153],[36.70487,-3.35889],[36.70533,-3.35223],[36.70715,-3.34546],[36.7088,-3.34319],[36.72124,-3.33855],[36.71975,-3.33259],[36.72149,-3.32119],[36.74493,-3.28633],[36.74871,-3.28785],[36.72616,-3.32093],[36.72741,-3.33671],[36.72904,-3.33749]]]},"properties":{"region":"Arusha","district":"Arumeru","ward":"Kiutu","ward_code":"253"}},{"type":"Feature","geometry":{"type":"Polygon","coordinates":[[[36.37434,-2.54112],[36.34191,-2.55379],[36.30445,-2.55198],[36.29846,-2.48419],[36.24743,-2.40909],[36.22347,-2.36077],[36.21753,-2.3165],[36.21781,-2.28238],[36.22646,-2.23406],[36.34955,-2.30068],[36.47607,-2.37469],[36.51194,-2.39298],[36.49416,-2.40005],[36.47835,-2.41854],[36.46768,-2.44924],[36.45038,-2.47017],[36.43423,-2.47947],[36.43017,-2.4851],[36.42541,-2.50445],[36.41141,-2.50886],[36.41065,-2.51259],[36.41433,-2.51978],[36.40076,-2.52475],[36.37434,-2.54112]]]},"properties":{"region":"Arusha","district":"Longido","ward":"Matale","ward_code":"071"}},{"type":"Feature","geometry":{"type":"Polygon","coordinates":[[[36.70138,-2.50015],[36.69723,-2.5026],[36.69491,-2.50541],[36.69361,-2.50525],[36.68983,-2.51027],[36.68711,-2.51099],[36.68499,-2.51017],[36.68245,-2.51317],[36.68046,-2.51363],[36.67978,-2.51537],[36.67723,-2.51442],[36.66938,-2.5209],[36.66054,-2.54046],[36.62316,-2.59869],[36.57887,-2.59285],[36.52188,-2.59245],[36.49977,-2.59086],[36.46954,-2.57968],[36.45865,-2.57948],[36.4522,-2.58161],[36.44771,-2.58622],[36.44607,-2.5726],[36.44017,-2.55888],[36.43969,-2.54583],[36.42867,-2.52778],[36.41433,-2.51978],[36.41065,-2.51259],[36.41141,-2.50886],[36.42541,-2.50445],[36.43017,-2.4851],[36.43423,-2.47947],[36.45038,-2.47017],[36.46768,-2.44924],[36.47835,-2.41854],[36.49416,-2.40005],[36.51194,-2.39298],[36.60261,-2.44555],[36.69488,-2.4976],[36.70138,-2.50015]]]},"properties":{"region":"Arusha","district":"Longido","ward":"Engarenaibor","ward_code":"081"}},{"type":"Feature","geometry":{"type":"Polygon","coordinates":[[[36.43969,-2.54583],[36.44017,-2.55888],[36.44607,-2.5726],[36.44771,-2.58622],[36.4522,-2.58161],[36.45865,-2.57948],[36.46954,-2.57968],[36.49977,-2.59086],[36.52188,-2.59245],[36.57887,-2.59285],[36.62316,-2.59869],[36.59858,-2.67667],[36.55929,-2.70811],[36.55499,-2.71447],[36.54884,-2.71676],[36.5361,-2.71903],[36.52741,-2.72336],[36.5035,-2.7321],[36.46616,-2.7432],[36.4345,-2.72364],[36.37116,-2.71014],[36.308,-2.7096],[36.3136,-2.68836],[36.28018,-2.62111],[36.28487,-2.59333],[36.30445,-2.55198],[36.34191,-2.55379],[36.37434,-2.54112],[36.40076,-2.52475],[36.41433,-2.51978],[36.42867,-2.52778],[36.43969,-2.54583]]]},"properties":{"region":"Arusha","district":"Longido","ward":"Mundarara","ward_code":"091"}},{"type":"Feature","geometry":{"type":"Polygon","coordinates":[[[36.46613,-2.74318],[36.50039,-2.73301],[36.49456,-2.74807],[36.49244,-2.75051],[36.49886,-2.75252],[36.48659,-2.76512],[36.4713,-2.78597],[36.46033,-2.80365],[36.44066,-2.84059],[36.43906,-2.84565],[36.44644,-2.85447],[36.43008,-2.92076],[36.41131,-2.92274],[36.40618,-2.92455],[36.37436,-2.91501],[36.34878,-2.91739],[36.33364,-2.92479],[36.30696,-2.92826],[36.30434,-2.92528],[36.29847,-2.9241],[36.28215,-2.86615],[36.27584,-2.85968],[36.26102,-2.8492],[36.24805,-2.83858],[36.25129,-2.83209],[36.25896,-2.82458],[36.27127,-2.81001],[36.25265,-2.80642],[36.24902,-2.80965],[36.21025,-2.80718],[36.2035,-2.80843],[36.18088,-2.80872],[36.21629,-2.76283],[36.22304,-2.75207],[36.22611,-2.74999],[36.2344,-2.73954],[36.26004,-2.72756],[36.28045,-2.72136],[36.308,-2.7096],[36.37116,-2.71014],[36.4345,-2.72364],[36.46613,-2.74318]]]},"properties":{"region":"Arusha","district":"Longido","ward":"Ketumbeine","ward_code":"011"}},{"type":"Feature","geometry":{"type":"Polygon","coordinates":[[[36.27923,-2.8626],[36.28317,-2.86859],[36.29847,-2.9241],[36.29003,-2.92559],[36.28254,-2.92441],[36.26861,-2.94274],[36.26748,-2.95122],[36.25616,-2.97136],[36.24949,-2.98828],[36.24471,-2.99359],[36.2036,-2.99351],[36.18134,-3.00472],[36.1424,-2.93543],[36.16674,-2.92778],[36.19985,-2.92351],[36.21542,-2.92253],[36.24724,-2.91371],[36.24259,-2.91189],[36.24125,-2.90011],[36.23312,-2.87658],[36.23545,-2.87596],[36.23539,-2.8743],[36.24011,-2.86739],[36.24026,-2.86497],[36.24189,-2.86525],[36.24177,-2.86419],[36.24368,-2.86312],[36.24585,-2.86366],[36.24659,-2.86242],[36.25073,-2.86189],[36.25221,-2.85967],[36.26049,-2.85706],[36.26096,-2.85412],[36.26568,-2.85264],[36.27923,-2.8626]]]},"properties":{"region":"Arusha","district":"Longido","ward":"Elang'atadapash","ward_code":"031"}},{"type":"Feature","geometry":{"type":"Polygon","coordinates":[[[36.25265,-2.80642],[36.27127,-2.81001],[36.27039,-2.81133],[36.25129,-2.83209],[36.24805,-2.83858],[36.26568,-2.85264],[36.26096,-2.85412],[36.26049,-2.85706],[36.25221,-2.85967],[36.25073,-2.86189],[36.24659,-2.86242],[36.24585,-2.86366],[36.24368,-2.86312],[36.24177,-2.86419],[36.24189,-2.86525],[36.24026,-2.86497],[36.24011,-2.86739],[36.23539,-2.8743],[36.23545,-2.87596],[36.23312,-2.87658],[36.24125,-2.90011],[36.24259,-2.91189],[36.24724,-2.91371],[36.21542,-2.92253],[36.19985,-2.92351],[36.16674,-2.92778],[36.1424,-2.93543],[36.10221,-2.91197],[36.09374,-2.90793],[36.07587,-2.86739],[36.12312,-2.81527],[36.18088,-2.80872],[36.2035,-2.80843],[36.21025,-2.80718],[36.24902,-2.80965],[36.25265,-2.80642]]]},"properties":{"region":"Arusha","district":"Longido","ward":"Ilorienito","ward_code":"041"}},{"type":"Feature","geometry":{"type":"Polygon","coordinates":[[[36.07546,-2.52909],[36.05616,-2.59939],[36.06646,-2.60946],[36.08456,-2.61155],[36.10296,-2.6183],[36.11652,-2.63875],[36.11799,-2.64233],[36.1183,-2.64872],[36.12524,-2.65585],[36.13096,-2.6592],[36.13255,-2.6629],[36.13631,-2.66626],[36.14259,-2.6743],[36.14743,-2.68495],[36.15106,-2.68779],[36.18211,-2.69544],[36.20009,-2.70628],[36.23439,-2.73957],[36.22611,-2.74999],[36.22304,-2.75207],[36.21629,-2.76283],[36.18088,-2.80872],[36.12312,-2.81527],[36.07587,-2.86739],[36.05364,-2.82375],[36.0143,-2.79323],[35.91372,-2.7592],[35.90729,-2.75381],[35.901,-2.75237],[35.89649,-2.74746],[35.89164,-2.73925],[35.888,-2.72997],[35.88767,-2.7221],[35.89052,-2.69626],[35.89016,-2.67527],[35.89236,-2.64706],[35.89263,-2.63143],[35.89639,-2.62389],[35.9002,-2.6121],[35.90597,-2.59964],[35.91107,-2.5912],[35.91267,-2.59269],[35.91912,-2.59501],[35.91946,-2.60136],[35.92187,-2.60822],[35.92384,-2.60839],[35.92814,-2.60582],[35.93441,-2.59483],[35.93596,-2.59406],[35.94025,-2.59664],[35.93794,-2.60239],[35.94,-2.60385],[35.94524,-2.60488],[35.95022,-2.61071],[35.95263,-2.60805],[35.954,-2.6035],[35.95847,-2.59895],[35.96311,-2.5993],[35.96594,-2.60084],[35.96474,-2.6047],[35.96655,-2.60779],[35.96869,-2.60676],[35.97333,-2.59844],[35.97608,-2.59689],[35.97832,-2.59732],[35.97703,-2.60067],[35.97282,-2.60651],[35.9693,-2.60788],[35.97342,-2.60908],[35.97866,-2.60831],[35.99301,-2.61226],[35.9949,-2.61131],[35.9955,-2.60917],[35.99731,-2.61071],[35.99885,-2.60985],[35.99808,-2.60436],[36.00908,-2.59209],[36.00944,-2.58302],[36.01491,-2.57026],[36.01947,-2.56265],[36.03468,-2.54497],[36.03384,-2.53936],[36.03614,-2.53311],[36.03898,-2.5296],[36.04078,-2.52866],[36.04404,-2.52926],[36.04516,-2.52823],[36.04385,-2.51939],[36.05371,-2.50636],[36.07546,-2.52909]]]},"properties":{"region":"Arusha","district":"Longido","ward":"Gelai Meirugoi","ward_code":"051"}},{"type":"Feature","geometry":{"type":"Polygon","coordinates":[[[36.07384,-2.14653],[36.22646,-2.23406],[36.21781,-2.28238],[36.21753,-2.3165],[36.22347,-2.36077],[36.24743,-2.40909],[36.29846,-2.48419],[36.30445,-2.55198],[36.28487,-2.59333],[36.28018,-2.62111],[36.3136,-2.68836],[36.308,-2.7096],[36.28045,-2.72136],[36.26004,-2.72756],[36.23439,-2.73957],[36.20009,-2.70628],[36.18211,-2.69544],[36.15106,-2.68779],[36.14743,-2.68495],[36.14259,-2.6743],[36.13631,-2.66626],[36.13255,-2.6629],[36.13096,-2.6592],[36.12524,-2.65585],[36.1183,-2.64872],[36.11799,-2.64233],[36.11652,-2.63875],[36.10296,-2.6183],[36.08456,-2.61155],[36.06646,-2.60946],[36.05616,-2.59939],[36.07546,-2.52909],[36.05371,-2.50636],[36.05617,-2.50177],[36.05846,-2.49966],[36.0594,-2.49363],[36.06346,-2.48797],[36.06458,-2.48274],[36.06784,-2.4787],[36.07152,-2.46593],[36.0781,-2.45872],[36.08631,-2.45321],[36.09001,-2.44008],[36.09817,-2.43527],[36.09903,-2.43296],[36.09722,-2.43038],[36.098,-2.4242],[36.10513,-2.41442],[36.10341,-2.40755],[36.10547,-2.39957],[36.10461,-2.39356],[36.10756,-2.38752],[36.11173,-2.38455],[36.11329,-2.38214],[36.11625,-2.37229],[36.11793,-2.36197],[36.11896,-2.35391],[36.11842,-2.35147],[36.12033,-2.34344],[36.11928,-2.34377],[36.11612,-2.34063],[36.11413,-2.3355],[36.12025,-2.32893],[36.12153,-2.31794],[36.12497,-2.31099],[36.12385,-2.30344],[36.12729,-2.30035],[36.13098,-2.28979],[36.13021,-2.28524],[36.13262,-2.27649],[36.13013,-2.27314],[36.12849,-2.27323],[36.1265,-2.27508],[36.12711,-2.26651],[36.1281,-2.26563],[36.12892,-2.26662],[36.12968,-2.26593],[36.12958,-2.26337],[36.128,-2.26297],[36.12693,-2.26139],[36.1268,-2.25763],[36.1288,-2.25474],[36.12889,-2.25253],[36.12582,-2.24481],[36.12518,-2.22576],[36.12114,-2.20945],[36.1165,-2.19967],[36.11644,-2.19587],[36.11264,-2.19375],[36.11118,-2.18911],[36.10602,-2.18559],[36.10405,-2.18276],[36.10052,-2.18276],[36.09735,-2.1813],[36.09219,-2.17692],[36.08463,-2.17735],[36.07905,-2.17512],[36.07484,-2.17049],[36.0739,-2.16491],[36.07287,-2.1637],[36.07384,-2.14653]]]},"properties":{"region":"Arusha","district":"Longido","ward":"Gelai Lumbwa","ward_code":"061"}},{"type":"Feature","geometry":{"type":"Polygon","coordinates":[[[36.37436,-2.91501],[36.40618,-2.92455],[36.41131,-2.92274],[36.43008,-2.92076],[36.43443,-2.9338],[36.43541,-2.94545],[36.42105,-2.95899],[36.41254,-2.98579],[36.40679,-2.99069],[36.40587,-2.9956],[36.39595,-3.00613],[36.38144,-3.02995],[36.37385,-3.05036],[36.35925,-3.06015],[36.34253,-3.05426],[36.33089,-3.05878],[36.31512,-3.05273],[36.28114,-3.05892],[36.24378,-3.06915],[36.18696,-3.07561],[36.17017,-3.04289],[36.18134,-3.00472],[36.2036,-2.99351],[36.24471,-2.99359],[36.24949,-2.98828],[36.25616,-2.97136],[36.26748,-2.95122],[36.26861,-2.94274],[36.28254,-2.92441],[36.29003,-2.92559],[36.30029,-2.92394],[36.30434,-2.92528],[36.30696,-2.92826],[36.33364,-2.92479],[36.34878,-2.91739],[36.37436,-2.91501]]]},"properties":{"region":"Arusha","district":"Longido","ward":"Noondoto","ward_code":"181"}},{"type":"Feature","geometry":{"type":"Polygon","coordinates":[[[36.55912,-2.82731],[36.60768,-2.88932],[36.64366,-2.88722],[36.69061,-2.89276],[36.75146,-2.89059],[36.77186,-2.8877],[36.77207,-2.96271],[36.77336,-2.96843],[36.77111,-3.04325],[36.74068,-3.04823],[36.7038,-3.07293],[36.69901,-3.09221],[36.68513,-3.09957],[36.67037,-3.09482],[36.64644,-3.10521],[36.60573,-3.10696],[36.5214,-3.03495],[36.48977,-3.03214],[36.46699,-3.00319],[36.46651,-2.99356],[36.45357,-2.96756],[36.43541,-2.94545],[36.43443,-2.9338],[36.43008,-2.92046],[36.44644,-2.85447],[36.43906,-2.84565],[36.44066,-2.84059],[36.46033,-2.80365],[36.4713,-2.78597],[36.48659,-2.76512],[36.49886,-2.75252],[36.49244,-2.75051],[36.49456,-2.74807],[36.50039,-2.73301],[36.52741,-2.72336],[36.5361,-2.71903],[36.54884,-2.71676],[36.55499,-2.71447],[36.55425,-2.7788],[36.55799,-2.80347],[36.55912,-2.82731]]]},"properties":{"region":"Arusha","district":"Longido","ward":"Engikaret","ward_code":"021"}},{"type":"Feature","geometry":{"type":"Polygon","coordinates":[[[36.70138,-2.50015],[36.78111,-2.54497],[36.77896,-2.55183],[36.77989,-2.55593],[36.78322,-2.55762],[36.78373,-2.5605],[36.78684,-2.56092],[36.78688,-2.56298],[36.79455,-2.56603],[36.7963,-2.56372],[36.79476,-2.56066],[36.79707,-2.55352],[36.89207,-2.60693],[36.87768,-2.62499],[36.84115,-2.65888],[36.83957,-2.68463],[36.84077,-2.7168],[36.82687,-2.70627],[36.79053,-2.69173],[36.75254,-2.6721],[36.71098,-2.67263],[36.66125,-2.65609],[36.6304,-2.6679],[36.61395,-2.65314],[36.60788,-2.64532],[36.62316,-2.59869],[36.66054,-2.54046],[36.66938,-2.5209],[36.67723,-2.51442],[36.67978,-2.51537],[36.68046,-2.51363],[36.68245,-2.51317],[36.68499,-2.51017],[36.68711,-2.51099],[36.68983,-2.51027],[36.69361,-2.50525],[36.69491,-2.50541],[36.69723,-2.5026],[36.6987,-2.50246],[36.70138,-2.50015]]]},"properties":{"region":"Arusha","district":"Longido","ward":"Kimokouwa","ward_code":"101"}},{"type":"Feature","geometry":{"type":"Polygon","coordinates":[[[36.79707,-2.55352],[36.79476,-2.56066],[36.7963,-2.56372],[36.79455,-2.56603],[36.78688,-2.56298],[36.78684,-2.56092],[36.78373,-2.5605],[36.78322,-2.55762],[36.77989,-2.55593],[36.77896,-2.55183],[36.78111,-2.54497],[36.79707,-2.55352]]]},"properties":{"region":"Arusha","district":"Longido","ward":"Namanga","ward_code":"113"}},{"type":"Feature","geometry":{"type":"Polygon","coordinates":[[[36.61395,-2.65314],[36.6304,-2.6679],[36.66125,-2.65609],[36.71098,-2.67263],[36.70514,-2.7095],[36.69715,-2.71873],[36.6975,-2.71989],[36.69197,-2.72762],[36.69013,-2.73384],[36.6996,-2.74253],[36.70153,-2.74087],[36.70345,-2.75963],[36.71329,-2.75926],[36.71364,-2.74566],[36.71132,-2.74267],[36.71056,-2.73284],[36.7081,-2.73078],[36.70922,-2.72479],[36.70929,-2.71607],[36.72534,-2.67203],[36.75254,-2.6721],[36.79053,-2.69173],[36.82687,-2.70627],[36.84077,-2.7168],[36.7937,-2.82754],[36.79306,-2.834],[36.78805,-2.84205],[36.78793,-2.84818],[36.77859,-2.8762],[36.77186,-2.8877],[36.75146,-2.89059],[36.69061,-2.89276],[36.64366,-2.88722],[36.60768,-2.88932],[36.55912,-2.82731],[36.55799,-2.80347],[36.55425,-2.7788],[36.55499,-2.71447],[36.55929,-2.70811],[36.59858,-2.67667],[36.60788,-2.64532],[36.61395,-2.65314]]]},"properties":{"region":"Arusha","district":"Longido","ward":"Orbomba","ward_code":"121"}},{"type":"Feature","geometry":{"type":"Polygon","coordinates":[[[36.71056,-2.73284],[36.71132,-2.74267],[36.71364,-2.74566],[36.71329,-2.75926],[36.70345,-2.75963],[36.70153,-2.74087],[36.6996,-2.74253],[36.69498,-2.73773],[36.69162,-2.73569],[36.69022,-2.73298],[36.69197,-2.72762],[36.6975,-2.71989],[36.69715,-2.71873],[36.70514,-2.7095],[36.71098,-2.67263],[36.72534,-2.67203],[36.70929,-2.71607],[36.70922,-2.72479],[36.7081,-2.73078],[36.71056,-2.73284]]]},"properties":{"region":"Arusha","district":"Longido","ward":"Longido","ward_code":"133"}},{"type":"Feature","geometry":{"type":"Polygon","coordinates":[[[36.87391,-2.87376],[36.89066,-2.87756],[36.91282,-2.87756],[36.98993,-2.86301],[36.98756,-2.8725],[36.99388,-2.93259],[37.00047,-2.94945],[37.01384,-2.97144],[36.9928,-2.98026],[36.98165,-2.97495],[36.95725,-2.97932],[36.9535,-2.98533],[36.91684,-2.99542],[36.9289,-3.05563],[36.89631,-3.05335],[36.88717,-3.05375],[36.88825,-3.068],[36.87974,-3.06992],[36.86601,-3.06952],[36.8603,-3.06791],[36.80312,-3.038],[36.77111,-3.04325],[36.77336,-2.96843],[36.77207,-2.96271],[36.77186,-2.8877],[36.77859,-2.8762],[36.78793,-2.84818],[36.78805,-2.84205],[36.79306,-2.834],[36.82397,-2.82806],[36.87391,-2.87376]]]},"properties":{"region":"Arusha","district":"Longido","ward":"Tingatinga","ward_code":"141"}},{"type":"Feature","geometry":{"type":"Polygon","coordinates":[[[37.22425,-2.84519],[37.22509,-2.85558],[37.20722,-2.85555],[37.20627,-2.8589],[37.2033,-2.8623],[37.20087,-2.86046],[37.18624,-2.86014],[37.1412,-2.86376],[37.13126,-2.86697],[37.12605,-2.87067],[37.12296,-2.87165],[37.11169,-2.87153],[37.10689,-2.87667],[37.10439,-2.87748],[37.09418,-2.88941],[37.08632,-2.901],[37.08137,-2.91097],[37.0726,-2.91775],[37.0698,-2.92179],[37.06548,-2.93154],[37.03764,-2.95009],[37.03551,-2.96339],[37.02439,-2.96554],[37.01384,-2.97144],[37.00047,-2.94945],[36.99388,-2.93259],[36.98756,-2.8725],[36.98993,-2.86301],[36.99521,-2.85803],[37.00129,-2.85626],[37.02056,-2.84232],[37.05164,-2.7997],[37.08009,-2.76746],[37.09918,-2.72325],[37.23438,-2.79937],[37.23351,-2.81054],[37.23536,-2.81429],[37.23318,-2.82062],[37.23192,-2.82086],[37.22608,-2.8292],[37.22698,-2.8323],[37.22529,-2.83993],[37.22338,-2.84343],[37.22425,-2.84519]]]},"properties":{"region":"Arusha","district":"Longido","ward":"Olmolog","ward_code":"151"}},{"type":"Feature","geometry":{"type":"Polygon","coordinates":[[[37.23438,-2.79937],[37.40937,-2.89708],[37.43033,-2.90903],[37.40847,-2.89709],[37.40542,-2.89649],[37.38691,-2.88678],[37.32361,-2.87238],[37.25174,-2.85466],[37.24558,-2.85584],[37.22509,-2.85558],[37.22405,-2.8502],[37.22425,-2.84519],[37.22338,-2.84343],[37.22529,-2.83993],[37.22698,-2.8323],[37.22607,-2.83065],[37.22666,-2.82748],[37.22868,-2.82639],[37.23192,-2.82086],[37.23318,-2.82062],[37.23484,-2.81667],[37.23525,-2.81293],[37.23351,-2.81054],[37.23438,-2.79937]]]},"properties":{"region":"Arusha","district":"Longido","ward":"Kamwanga","ward_code":"161"}},{"type":"Feature","geometry":{"type":"Polygon","coordinates":[[[37.05164,-2.7997],[37.02056,-2.84232],[37.00129,-2.85626],[36.99521,-2.85803],[36.98993,-2.86301],[36.91282,-2.87756],[36.89066,-2.87756],[36.87391,-2.87376],[36.82397,-2.82806],[36.79306,-2.834],[36.7937,-2.82754],[36.84077,-2.7168],[36.83957,-2.68463],[36.84115,-2.65888],[36.87768,-2.62499],[36.89207,-2.60693],[37.09918,-2.72325],[37.08009,-2.76746],[37.05164,-2.7997]]]},"properties":{"region":"Arusha","district":"Longido","ward":"Sinya","ward_code":"171"}},{"type":"Feature","geometry":{"type":"Polygon","coordinates":[[[35.47665,-3.49513],[35.47064,-3.50523],[35.46514,-3.52552],[35.43267,-3.58553],[35.4335,-3.59524],[35.4311,-3.60156],[35.42871,-3.62583],[35.42376,-3.6211],[35.41939,-3.61926],[35.4087,-3.61966],[35.40145,-3.62146],[35.38601,-3.61772],[35.37173,-3.63203],[35.36261,-3.64783],[35.32577,-3.68196],[35.29187,-3.68793],[35.23844,-3.72915],[35.0803,-3.82791],[35.06798,-3.83163],[35.02241,-3.86436],[35.00264,-3.86543],[34.9829,-3.86309],[34.93491,-3.8879],[34.92549,-3.89062],[34.92004,-3.89483],[34.91517,-3.90342],[34.90666,-3.905],[34.9041,-3.90493],[34.90243,-3.90371],[34.8969,-3.9069],[34.89337,-3.91289],[34.89193,-3.9088],[34.8814,-3.90121],[34.86093,-3.90405],[34.82958,-3.92565],[34.78731,-3.94221],[34.77056,-3.94203],[34.76738,-3.94078],[34.76695,-3.92872],[34.76557,-3.92567],[34.76182,-3.92297],[34.75752,-3.92193],[34.75545,-3.91905],[34.75663,-3.91148],[34.75572,-3.9073],[34.75798,-3.90414],[34.7569,-3.90303],[34.75782,-3.89739],[34.75432,-3.89548],[34.74948,-3.8875],[34.74688,-3.88632],[34.74686,-3.88446],[34.74517,-3.88264],[34.74312,-3.87692],[34.74264,-3.8705],[34.74628,-3.8651],[34.74722,-3.86],[34.74391,-3.85556],[34.74634,-3.84716],[34.74603,-3.83847],[34.74986,-3.82713],[34.75021,-3.80795],[34.76297,-3.811],[34.76899,-3.80719],[34.77527,-3.80947],[34.77897,-3.81815],[34.77769,-3.82356],[34.78322,-3.82446],[34.78256,-3.82713],[34.77806,-3.82659],[34.77784,-3.82905],[34.77984,-3.83085],[34.78839,-3.83019],[34.7929,-3.82498],[34.80013,-3.8247],[34.80364,-3.82631],[34.81324,-3.82125],[34.8143,-3.81919],[34.81857,-3.8209],[34.82171,-3.81919],[34.82409,-3.81682],[34.8239,-3.81122],[34.82703,-3.80496],[34.82646,-3.80269],[34.83122,-3.79889],[34.83406,-3.79419],[34.84538,-3.78713],[34.84719,-3.7876],[34.86373,-3.78324],[34.86459,-3.78172],[34.88838,-3.7726],[34.89455,-3.76941],[34.90299,-3.76806],[34.91456,-3.76062],[34.926,-3.75592],[34.93675,-3.75288],[34.93947,-3.75044],[34.94077,-3.75193],[34.957,-3.74899],[34.96939,-3.74423],[34.97317,-3.74596],[34.98823,-3.7383],[34.9973,-3.73529],[34.99875,-3.73644],[35.02984,-3.72449],[35.03516,-3.72168],[35.04898,-3.72018],[35.04983,-3.71926],[35.05617,-3.7191],[35.05965,-3.7202],[35.065,-3.71941],[35.07113,-3.72062],[35.07862,-3.71799],[35.08411,-3.71301],[35.08328,-3.71109],[35.08579,-3.71025],[35.0884,-3.70721],[35.09347,-3.70446],[35.09604,-3.70336],[35.09993,-3.70447],[35.10612,-3.70103],[35.11884,-3.69928],[35.12326,-3.69316],[35.12597,-3.68419],[35.12904,-3.67996],[35.13672,-3.67703],[35.14206,-3.67253],[35.1494,-3.66883],[35.16089,-3.66776],[35.17245,-3.67069],[35.18128,-3.66738],[35.18252,-3.66616],[35.1825,-3.66278],[35.18406,-3.66195],[35.18912,-3.65255],[35.20357,-3.64382],[35.20704,-3.6405],[35.2106,-3.63957],[35.2153,-3.63642],[35.22095,-3.62916],[35.22973,-3.62843],[35.23523,-3.6229],[35.2346,-3.62196],[35.23613,-3.62051],[35.23618,-3.61798],[35.23786,-3.61544],[35.23974,-3.61436],[35.24228,-3.61715],[35.24617,-3.61805],[35.25358,-3.61669],[35.26286,-3.61836],[35.268,-3.61732],[35.26933,-3.60641],[35.26629,-3.60005],[35.25963,-3.60138],[35.25164,-3.59672],[35.25128,-3.59572],[35.2526,-3.59422],[35.25074,-3.59436],[35.24796,-3.59059],[35.24296,-3.58971],[35.24303,-3.58684],[35.24071,-3.58568],[35.24071,-3.58245],[35.25936,-3.57542],[35.26222,-3.57995],[35.27225,-3.58134],[35.27821,-3.58092],[35.27947,-3.5681],[35.28137,-3.5659],[35.30297,-3.55839],[35.31872,-3.56197],[35.32771,-3.5525],[35.33276,-3.54891],[35.33418,-3.54665],[35.34105,-3.54272],[35.3447,-3.53877],[35.34745,-3.53782],[35.35751,-3.53823],[35.3593,-3.5363],[35.35509,-3.53234],[35.3587,-3.52504],[35.35911,-3.52162],[35.36462,-3.52001],[35.3655,-3.51809],[35.36664,-3.5105],[35.36622,-3.50714],[35.36789,-3.50497],[35.36833,-3.50152],[35.36724,-3.50158],[35.36748,-3.48734],[35.37312,-3.48246],[35.37474,-3.47489],[35.38119,-3.47238],[35.4047,-3.46718],[35.41712,-3.44127],[35.4273,-3.44422],[35.43012,-3.44825],[35.46015,-3.4606],[35.47772,-3.46214],[35.47609,-3.46593],[35.4758,-3.46822],[35.47657,-3.46858],[35.47431,-3.47135],[35.47424,-3.48085],[35.47665,-3.49513]]]},"properties":{"region":"Arusha","district":"Karatu","ward":"Baray","ward_code":"061"}},{"type":"Feature","geometry":{"type":"Polygon","coordinates":[[[35.3581,-3.47912],[35.36068,-3.4803],[35.3632,-3.48014],[35.36773,-3.48253],[35.36829,-3.48663],[35.36748,-3.48734],[35.36724,-3.50158],[35.36833,-3.50152],[35.36789,-3.50497],[35.36622,-3.50714],[35.36664,-3.5105],[35.3655,-3.51809],[35.36462,-3.52001],[35.35911,-3.52162],[35.3587,-3.52504],[35.35509,-3.53234],[35.3593,-3.5363],[35.35751,-3.53823],[35.34745,-3.53782],[35.3447,-3.53877],[35.34105,-3.54272],[35.33418,-3.54665],[35.33276,-3.54891],[35.32771,-3.5525],[35.31872,-3.56197],[35.30297,-3.55839],[35.28137,-3.5659],[35.27947,-3.5681],[35.27821,-3.58092],[35.27225,-3.58134],[35.26222,-3.57995],[35.25936,-3.57542],[35.24166,-3.58176],[35.24008,-3.57885],[35.23807,-3.57775],[35.23759,-3.5699],[35.24052,-3.56736],[35.24106,-3.56009],[35.24622,-3.5518],[35.24889,-3.55218],[35.25172,-3.54884],[35.2533,-3.55041],[35.25558,-3.54958],[35.25814,-3.55091],[35.26135,-3.5503],[35.26883,-3.55182],[35.27426,-3.55074],[35.27819,-3.54808],[35.27867,-3.52835],[35.28613,-3.52081],[35.28868,-3.51467],[35.28875,-3.51184],[35.29189,-3.50945],[35.29301,-3.50488],[35.29805,-3.50193],[35.30026,-3.49868],[35.30275,-3.49707],[35.31392,-3.49398],[35.31567,-3.49547],[35.31897,-3.49604],[35.32239,-3.49451],[35.32762,-3.49763],[35.32972,-3.49612],[35.33101,-3.49666],[35.33166,-3.49832],[35.33405,-3.49932],[35.33663,-3.50241],[35.34112,-3.50175],[35.34157,-3.50033],[35.33881,-3.49958],[35.33843,-3.49776],[35.33514,-3.49687],[35.33244,-3.49426],[35.33636,-3.4936],[35.33799,-3.49198],[35.34136,-3.49198],[35.34438,-3.49597],[35.34572,-3.49577],[35.34573,-3.49232],[35.34426,-3.49095],[35.34852,-3.48809],[35.34631,-3.48647],[35.34983,-3.48147],[35.3495,-3.47986],[35.35134,-3.47854],[35.3581,-3.47912]]]},"properties":{"region":"Arusha","district":"Karatu","ward":"Mang'ola","ward_code":"073"}},{"type":"Feature","geometry":{"type":"Polygon","coordinates":[[[35.37863,-3.31589],[35.37733,-3.33628],[35.3815,-3.34337],[35.38421,-3.35316],[35.38962,-3.36711],[35.39962,-3.38648],[35.4173,-3.42688],[35.41712,-3.44127],[35.4047,-3.46718],[35.38119,-3.47238],[35.37474,-3.47489],[35.37312,-3.48246],[35.36829,-3.48663],[35.36773,-3.48253],[35.3632,-3.48014],[35.35134,-3.47854],[35.3495,-3.47986],[35.34905,-3.47363],[35.35002,-3.47295],[35.34831,-3.46571],[35.35066,-3.45254],[35.34958,-3.44439],[35.34771,-3.44218],[35.34939,-3.43885],[35.34552,-3.42788],[35.34296,-3.42508],[35.3395,-3.41757],[35.33483,-3.41057],[35.32805,-3.40538],[35.32348,-3.40017],[35.31934,-3.39842],[35.31259,-3.3894],[35.31768,-3.38605],[35.32048,-3.3863],[35.32581,-3.38021],[35.32801,-3.37985],[35.32892,-3.37543],[35.3346,-3.37042],[35.33741,-3.36635],[35.34017,-3.35398],[35.34539,-3.34763],[35.35164,-3.33682],[35.35525,-3.32299],[35.36663,-3.31599],[35.37122,-3.31915],[35.37863,-3.31589]]]},"properties":{"region":"Arusha","district":"Karatu","ward":"Endamaghang","ward_code":"141"}},{"type":"Feature","geometry":{"type":"Polygon","coordinates":[[[35.71592,-3.32791],[35.71471,-3.33645],[35.71321,-3.33852],[35.71413,-3.34464],[35.71272,-3.34864],[35.71316,-3.3519],[35.71499,-3.35421],[35.71446,-3.35904],[35.71688,-3.36104],[35.70297,-3.36837],[35.69999,-3.37481],[35.69582,-3.37107],[35.69069,-3.37305],[35.68863,-3.37197],[35.68084,-3.37912],[35.6686,-3.37935],[35.66721,-3.38079],[35.66567,-3.37963],[35.66516,-3.37157],[35.66353,-3.36977],[35.66812,-3.35855],[35.66729,-3.35272],[35.66833,-3.34247],[35.66631,-3.33138],[35.67262,-3.33513],[35.67602,-3.33305],[35.6783,-3.33383],[35.68274,-3.33307],[35.68422,-3.33396],[35.68545,-3.33839],[35.692,-3.33733],[35.69943,-3.3376],[35.70366,-3.33667],[35.70853,-3.33147],[35.71422,-3.328],[35.71592,-3.32791]]]},"properties":{"region":"Arusha","district":"Karatu","ward":"Karatu","ward_code":"013"}},{"type":"Feature","geometry":{"type":"Polygon","coordinates":[[[35.37863,-3.31589],[35.39628,-3.32063],[35.40842,-3.31792],[35.42392,-3.32235],[35.4192,-3.33569],[35.42753,-3.35985],[35.43966,-3.36548],[35.44191,-3.35819],[35.44751,-3.35486],[35.45631,-3.3526],[35.47797,-3.35173],[35.49384,-3.34866],[35.49545,-3.37669],[35.52755,-3.38135],[35.53158,-3.37976],[35.53164,-3.3786],[35.53298,-3.3779],[35.53474,-3.37775],[35.53973,-3.37347],[35.54902,-3.36934],[35.55548,-3.37303],[35.55693,-3.37701],[35.57023,-3.38478],[35.58162,-3.37991],[35.58708,-3.37505],[35.59507,-3.37152],[35.59859,-3.37134],[35.60117,-3.38071],[35.60271,-3.38166],[35.60206,-3.38262],[35.60279,-3.38448],[35.60669,-3.38908],[35.603,-3.38949],[35.59887,-3.39225],[35.59674,-3.39524],[35.59502,-3.396],[35.59375,-3.39913],[35.59159,-3.40112],[35.59178,-3.40399],[35.59016,-3.40732],[35.59158,-3.41304],[35.59412,-3.41652],[35.5933,-3.41945],[35.59032,-3.42145],[35.58824,-3.4205],[35.58168,-3.42248],[35.57788,-3.42725],[35.57269,-3.439],[35.5756,-3.44288],[35.57673,-3.4475],[35.57317,-3.45559],[35.57155,-3.45427],[35.56992,-3.45582],[35.56784,-3.46328],[35.56503,-3.46429],[35.56558,-3.46618],[35.56387,-3.46865],[35.56473,-3.46973],[35.56405,-3.47788],[35.56239,-3.47515],[35.56015,-3.47822],[35.55747,-3.47735],[35.5539,-3.48187],[35.55305,-3.47748],[35.53883,-3.47906],[35.53919,-3.47269],[35.53607,-3.47382],[35.53099,-3.47087],[35.52877,-3.47206],[35.51915,-3.47096],[35.51544,-3.47245],[35.51001,-3.47646],[35.5041,-3.4745],[35.50404,-3.47197],[35.50298,-3.47142],[35.49776,-3.47234],[35.49395,-3.47135],[35.48515,-3.47259],[35.48375,-3.47097],[35.47427,-3.47604],[35.47431,-3.47135],[35.47657,-3.46858],[35.4758,-3.46822],[35.47609,-3.46593],[35.47772,-3.46214],[35.46015,-3.4606],[35.43012,-3.44825],[35.4273,-3.44422],[35.41712,-3.44127],[35.4173,-3.42688],[35.39962,-3.38648],[35.38962,-3.36711],[35.38421,-3.35316],[35.3815,-3.34337],[35.37733,-3.33628],[35.37863,-3.31589]]]},"properties":{"region":"Arusha","district":"Karatu","ward":"Daa","ward_code":"081"}},{"type":"Feature","geometry":{"type":"Polygon","coordinates":[[[35.55919,-3.29892],[35.57632,-3.30396],[35.5883,-3.30367],[35.59121,-3.32621],[35.58602,-3.33409],[35.58603,-3.33651],[35.59164,-3.37346],[35.58708,-3.37505],[35.58162,-3.37991],[35.57023,-3.38478],[35.55693,-3.37701],[35.55548,-3.37303],[35.54902,-3.36934],[35.53973,-3.37347],[35.53474,-3.37775],[35.53298,-3.3779],[35.53164,-3.3786],[35.53158,-3.37976],[35.52755,-3.38135],[35.49545,-3.37669],[35.49384,-3.34866],[35.50128,-3.34722],[35.51385,-3.35495],[35.51776,-3.34439],[35.52829,-3.33692],[35.53968,-3.33073],[35.55117,-3.30924],[35.55919,-3.29892]]]},"properties":{"region":"Arusha","district":"Karatu","ward":"Oldean","ward_code":"091"}},{"type":"Feature","geometry":{"type":"Polygon","coordinates":[[[35.65083,-3.34],[35.65074,-3.34405],[35.65525,-3.34027],[35.66773,-3.33899],[35.66833,-3.34247],[35.66729,-3.35272],[35.66812,-3.35855],[35.66353,-3.36977],[35.66516,-3.37157],[35.66567,-3.37963],[35.66721,-3.38079],[35.6686,-3.37935],[35.68084,-3.37912],[35.68863,-3.37197],[35.69069,-3.37305],[35.69582,-3.37107],[35.69999,-3.37481],[35.70297,-3.36837],[35.71688,-3.36104],[35.71905,-3.36515],[35.72037,-3.36272],[35.72131,-3.36589],[35.72367,-3.36624],[35.7224,-3.36795],[35.72385,-3.37093],[35.72328,-3.3735],[35.73046,-3.38284],[35.73493,-3.38493],[35.7421,-3.38581],[35.74789,-3.38447],[35.75037,-3.38705],[35.74234,-3.39106],[35.73665,-3.39675],[35.73358,-3.40425],[35.73156,-3.40451],[35.73054,-3.40649],[35.72734,-3.40716],[35.72561,-3.40894],[35.71661,-3.4105],[35.71577,-3.41934],[35.69483,-3.42551],[35.68958,-3.42796],[35.67365,-3.43042],[35.65993,-3.43053],[35.6562,-3.43306],[35.65446,-3.43574],[35.64929,-3.43682],[35.64613,-3.43865],[35.62024,-3.44397],[35.61332,-3.4463],[35.59452,-3.46626],[35.59179,-3.46486],[35.58153,-3.46627],[35.56746,-3.47604],[35.56642,-3.4743],[35.5656,-3.47467],[35.56459,-3.47705],[35.56473,-3.46973],[35.56387,-3.46865],[35.56558,-3.46618],[35.56503,-3.46429],[35.56784,-3.46328],[35.56992,-3.45582],[35.57155,-3.45427],[35.57317,-3.45559],[35.57673,-3.4475],[35.5756,-3.44288],[35.57269,-3.439],[35.57788,-3.42725],[35.58168,-3.42248],[35.58824,-3.4205],[35.59032,-3.42145],[35.5933,-3.41945],[35.59412,-3.41652],[35.59158,-3.41304],[35.59016,-3.40732],[35.59178,-3.40399],[35.59159,-3.40112],[35.59375,-3.39913],[35.59502,-3.396],[35.59674,-3.39524],[35.59887,-3.39225],[35.603,-3.38949],[35.60669,-3.38908],[35.60279,-3.38448],[35.60206,-3.38262],[35.60271,-3.38166],[35.60117,-3.38071],[35.59859,-3.37134],[35.60932,-3.36518],[35.61194,-3.35962],[35.60959,-3.35325],[35.61265,-3.352],[35.61291,-3.34469],[35.62509,-3.33754],[35.62987,-3.33634],[35.63169,-3.342],[35.64611,-3.33608],[35.64889,-3.33359],[35.65083,-3.34]]]},"properties":{"region":"Arusha","district":"Karatu","ward":"Qurus","ward_code":"103"}},{"type":"Feature","geometry":{"type":"Polygon","coordinates":[[[35.69018,-3.29729],[35.70039,-3.30035],[35.70427,-3.29942],[35.70565,-3.30396],[35.70667,-3.3044],[35.7064,-3.30818],[35.70833,-3.30857],[35.70742,-3.30992],[35.70822,-3.31137],[35.71021,-3.31196],[35.71057,-3.31452],[35.70933,-3.31858],[35.71207,-3.32226],[35.71262,-3.32549],[35.71422,-3.328],[35.70853,-3.33147],[35.70477,-3.33602],[35.70071,-3.33748],[35.692,-3.33733],[35.68545,-3.33839],[35.68422,-3.33396],[35.68274,-3.33307],[35.6783,-3.33383],[35.67602,-3.33305],[35.67262,-3.33513],[35.66631,-3.33138],[35.66773,-3.33899],[35.65525,-3.34027],[35.65074,-3.34405],[35.65083,-3.34],[35.64889,-3.33359],[35.64611,-3.33608],[35.63169,-3.342],[35.62987,-3.33634],[35.62509,-3.33754],[35.61291,-3.34469],[35.61265,-3.352],[35.60959,-3.35325],[35.61194,-3.35962],[35.60932,-3.36518],[35.59955,-3.3712],[35.59507,-3.37152],[35.59164,-3.37346],[35.58603,-3.33651],[35.58602,-3.33409],[35.59121,-3.32621],[35.5883,-3.30367],[35.61457,-3.30304],[35.61752,-3.2976],[35.65088,-3.3051],[35.65726,-3.29836],[35.66626,-3.29658],[35.69018,-3.29729]]]},"properties":{"region":"Arusha","district":"Karatu","ward":"Ganako","ward_code":"113"}},{"type":"Feature","geometry":{"type":"Polygon","coordinates":[[[35.76715,-3.27014],[35.76818,-3.27243],[35.77116,-3.27186],[35.77547,-3.27502],[35.77674,-3.27682],[35.77889,-3.28556],[35.78253,-3.29297],[35.78728,-3.298],[35.79118,-3.29913],[35.79612,-3.30944],[35.80026,-3.311],[35.8067,-3.30704],[35.81502,-3.31395],[35.8163,-3.3178],[35.82164,-3.32075],[35.82285,-3.32357],[35.82419,-3.32439],[35.82331,-3.32591],[35.82709,-3.33149],[35.83554,-3.3385],[35.84143,-3.35327],[35.83334,-3.37666],[35.84023,-3.41255],[35.8368,-3.41428],[35.83537,-3.41368],[35.83819,-3.40909],[35.83584,-3.40845],[35.83209,-3.40954],[35.82841,-3.41234],[35.82725,-3.41766],[35.82571,-3.41719],[35.82271,-3.4189],[35.82049,-3.42532],[35.81599,-3.4269],[35.81415,-3.42998],[35.81038,-3.43306],[35.81007,-3.43613],[35.81293,-3.44199],[35.81177,-3.44431],[35.80605,-3.44049],[35.79216,-3.43372],[35.78974,-3.43101],[35.78469,-3.43124],[35.78173,-3.42861],[35.78215,-3.42416],[35.77773,-3.42254],[35.76326,-3.4231],[35.76011,-3.42408],[35.72964,-3.42078],[35.72804,-3.4177],[35.72278,-3.42102],[35.71577,-3.41934],[35.71661,-3.4105],[35.72561,-3.40894],[35.72734,-3.40716],[35.73054,-3.40649],[35.73156,-3.40451],[35.73358,-3.40425],[35.73665,-3.39675],[35.74234,-3.39106],[35.75037,-3.38705],[35.74789,-3.38447],[35.7421,-3.38581],[35.73493,-3.38493],[35.73046,-3.38284],[35.72328,-3.3735],[35.72385,-3.37093],[35.7224,-3.36795],[35.72367,-3.36624],[35.72131,-3.36589],[35.72037,-3.36272],[35.71905,-3.36515],[35.71688,-3.36104],[35.71446,-3.35904],[35.71499,-3.35421],[35.71316,-3.3519],[35.71272,-3.34864],[35.71413,-3.34464],[35.71321,-3.33852],[35.71471,-3.33645],[35.71488,-3.33109],[35.71608,-3.32843],[35.71402,-3.32787],[35.71207,-3.32226],[35.70933,-3.31858],[35.71057,-3.31452],[35.71021,-3.31196],[35.70822,-3.31137],[35.70742,-3.30992],[35.70833,-3.30857],[35.7064,-3.30818],[35.70667,-3.3044],[35.70565,-3.30396],[35.70427,-3.29942],[35.70672,-3.29882],[35.71186,-3.28783],[35.71965,-3.28125],[35.73171,-3.27573],[35.7624,-3.26786],[35.76715,-3.27014]]]},"properties":{"region":"Arusha","district":"Karatu","ward":"Rhotia","ward_code":"121"}},{"type":"Feature","geometry":{"type":"Polygon","coordinates":[[[35.89979,-3.25381],[35.85541,-3.30732],[35.85486,-3.31173],[35.83554,-3.3385],[35.82709,-3.33149],[35.82331,-3.32591],[35.82419,-3.32439],[35.82285,-3.32357],[35.82164,-3.32075],[35.8163,-3.3178],[35.81502,-3.31395],[35.8067,-3.30704],[35.80026,-3.311],[35.79612,-3.30944],[35.79118,-3.29913],[35.78728,-3.298],[35.78253,-3.29297],[35.77889,-3.28556],[35.77674,-3.27682],[35.77547,-3.27502],[35.77116,-3.27186],[35.76818,-3.27243],[35.76715,-3.27014],[35.7624,-3.26786],[35.7744,-3.24828],[35.82798,-3.2263],[35.88026,-3.19342],[35.90009,-3.13859],[35.92882,-3.08378],[35.93869,-3.06872],[35.93788,-3.05137],[35.94413,-3.0453],[35.94828,-3.03223],[35.95404,-3.132],[35.89979,-3.25381]]]},"properties":{"region":"Arusha","district":"Karatu","ward":"Mbulumbulu","ward_code":"131"}},{"type":"Feature","geometry":{"type":"Polygon","coordinates":[[[35.72964,-3.42078],[35.76011,-3.42408],[35.76326,-3.4231],[35.77773,-3.42254],[35.78215,-3.42416],[35.78173,-3.42861],[35.78469,-3.43124],[35.78974,-3.43101],[35.79216,-3.43372],[35.80605,-3.44049],[35.81177,-3.44431],[35.80043,-3.45122],[35.79906,-3.45312],[35.79883,-3.45976],[35.79421,-3.46123],[35.7916,-3.46575],[35.79246,-3.47054],[35.79094,-3.47507],[35.79098,-3.48166],[35.78808,-3.48559],[35.7888,-3.48902],[35.7831,-3.49317],[35.78373,-3.49617],[35.78845,-3.4986],[35.78939,-3.50048],[35.78604,-3.50063],[35.78613,-3.5046],[35.7848,-3.50811],[35.77945,-3.51037],[35.7761,-3.51334],[35.77393,-3.51969],[35.77102,-3.52348],[35.76824,-3.5303],[35.76177,-3.53815],[35.76058,-3.54653],[35.76131,-3.5523],[35.76581,-3.55398],[35.76977,-3.55708],[35.76878,-3.557],[35.76719,-3.55896],[35.76583,-3.5621],[35.76312,-3.56014],[35.76012,-3.5614],[35.75998,-3.56242],[35.76184,-3.56345],[35.76087,-3.56448],[35.75784,-3.56408],[35.75703,-3.56545],[35.75373,-3.5662],[35.75034,-3.5691],[35.74743,-3.56716],[35.74541,-3.56908],[35.74705,-3.57082],[35.74243,-3.57314],[35.73898,-3.56618],[35.73468,-3.56957],[35.73177,-3.56706],[35.72975,-3.5686],[35.7289,-3.56564],[35.72683,-3.56784],[35.72546,-3.5675],[35.72551,-3.56198],[35.72264,-3.55675],[35.71497,-3.55642],[35.71183,-3.55779],[35.70946,-3.55614],[35.709,-3.55343],[35.70659,-3.55197],[35.70373,-3.55216],[35.70365,-3.55501],[35.70238,-3.55568],[35.69989,-3.55254],[35.69918,-3.55409],[35.69765,-3.55373],[35.69533,-3.55561],[35.69344,-3.55297],[35.69121,-3.55399],[35.68842,-3.55318],[35.68785,-3.55524],[35.68625,-3.55584],[35.68482,-3.55479],[35.68104,-3.5571],[35.68013,-3.55571],[35.67713,-3.55622],[35.67693,-3.55863],[35.67577,-3.55819],[35.67432,-3.55499],[35.67263,-3.55524],[35.67744,-3.5373],[35.6793,-3.53585],[35.67858,-3.53285],[35.66918,-3.52925],[35.66523,-3.52619],[35.65142,-3.52138],[35.65291,-3.51686],[35.65024,-3.51314],[35.6494,-3.50913],[35.64777,-3.50902],[35.64824,-3.50589],[35.63947,-3.50442],[35.63811,-3.49882],[35.62876,-3.49494],[35.6266,-3.49644],[35.62479,-3.49488],[35.62325,-3.4955],[35.62196,-3.4911],[35.62031,-3.48954],[35.61767,-3.49431],[35.60759,-3.48428],[35.60299,-3.47832],[35.60248,-3.47557],[35.60058,-3.47464],[35.59837,-3.46767],[35.59452,-3.46626],[35.61332,-3.4463],[35.62024,-3.44397],[35.64613,-3.43865],[35.64929,-3.43682],[35.65446,-3.43574],[35.6562,-3.43306],[35.65993,-3.43053],[35.67365,-3.43042],[35.68958,-3.42796],[35.69483,-3.42551],[35.71555,-3.41901],[35.72278,-3.42102],[35.72804,-3.4177],[35.72964,-3.42078]]]},"properties":{"region":"Arusha","district":"Karatu","ward":"Endamarariek","ward_code":"021"}},{"type":"Feature","geometry":{"type":"Polygon","coordinates":[[[35.709,-3.55343],[35.70946,-3.55614],[35.71183,-3.55779],[35.71497,-3.55642],[35.72264,-3.55675],[35.71346,-3.61283],[35.71312,-3.62358],[35.69871,-3.70183],[35.68819,-3.72588],[35.67436,-3.74374],[35.67196,-3.75376],[35.67206,-3.75232],[35.65584,-3.75706],[35.63779,-3.76682],[35.62979,-3.76891],[35.60846,-3.77778],[35.59514,-3.78884],[35.59203,-3.77533],[35.59866,-3.75958],[35.60384,-3.75333],[35.60248,-3.75158],[35.60737,-3.74419],[35.62487,-3.69792],[35.62759,-3.67472],[35.62476,-3.67227],[35.6289,-3.66876],[35.62902,-3.66787],[35.62755,-3.66822],[35.62957,-3.66529],[35.62913,-3.66478],[35.63199,-3.66243],[35.63255,-3.66028],[35.63181,-3.65944],[35.63356,-3.65662],[35.63323,-3.65344],[35.62945,-3.65096],[35.62921,-3.64966],[35.62546,-3.64821],[35.62406,-3.64655],[35.62548,-3.64535],[35.62529,-3.64399],[35.62287,-3.64075],[35.62322,-3.63916],[35.62522,-3.63908],[35.62647,-3.63559],[35.62529,-3.63352],[35.61917,-3.6335],[35.6197,-3.62977],[35.62217,-3.62762],[35.62092,-3.62729],[35.62087,-3.62633],[35.62296,-3.62388],[35.62637,-3.62393],[35.62175,-3.62047],[35.62267,-3.61919],[35.62147,-3.61759],[35.62282,-3.61032],[35.62455,-3.60805],[35.62342,-3.60661],[35.62412,-3.60219],[35.62467,-3.60102],[35.62619,-3.60116],[35.62682,-3.59795],[35.62355,-3.59903],[35.62475,-3.59511],[35.6266,-3.59528],[35.62478,-3.59359],[35.62443,-3.59137],[35.62714,-3.59179],[35.62641,-3.58947],[35.62779,-3.58759],[35.62981,-3.58749],[35.62808,-3.58535],[35.62966,-3.58365],[35.63029,-3.58356],[35.63008,-3.58515],[35.63252,-3.58611],[35.63297,-3.58472],[35.63114,-3.58433],[35.63426,-3.58251],[35.63461,-3.58131],[35.63233,-3.57991],[35.633,-3.5782],[35.63912,-3.57955],[35.64047,-3.57834],[35.63899,-3.57755],[35.63976,-3.5764],[35.64199,-3.57554],[35.64432,-3.57655],[35.64461,-3.57297],[35.64594,-3.57033],[35.64399,-3.56857],[35.64669,-3.56369],[35.64983,-3.56407],[35.6569,-3.55758],[35.66415,-3.55552],[35.66646,-3.55301],[35.67116,-3.55692],[35.67263,-3.55524],[35.67432,-3.55499],[35.67577,-3.55819],[35.67693,-3.55863],[35.67713,-3.55622],[35.68013,-3.55571],[35.68104,-3.5571],[35.68482,-3.55479],[35.68625,-3.55584],[35.68785,-3.55524],[35.68842,-3.55318],[35.69121,-3.55399],[35.69344,-3.55297],[35.69533,-3.55561],[35.69765,-3.55373],[35.69918,-3.55409],[35.69989,-3.55254],[35.70238,-3.55568],[35.70365,-3.55501],[35.70373,-3.55216],[35.70659,-3.55197],[35.709,-3.55343]]]},"properties":{"region":"Arusha","district":"Karatu","ward":"Buger","ward_code":"031"}},{"type":"Feature","geometry":{"type":"Polygon","coordinates":[[[35.59179,-3.46486],[35.59837,-3.46767],[35.60058,-3.47464],[35.60248,-3.47557],[35.60299,-3.47832],[35.60759,-3.48428],[35.61767,-3.49431],[35.62031,-3.48954],[35.62196,-3.4911],[35.62325,-3.4955],[35.62479,-3.49488],[35.6266,-3.49644],[35.62876,-3.49494],[35.63811,-3.49882],[35.63947,-3.50442],[35.64824,-3.50589],[35.64777,-3.50902],[35.6494,-3.50913],[35.65024,-3.51314],[35.65291,-3.51686],[35.65142,-3.52138],[35.66523,-3.52619],[35.66918,-3.52925],[35.67858,-3.53285],[35.6793,-3.53585],[35.67744,-3.5373],[35.67263,-3.55524],[35.67116,-3.55692],[35.66646,-3.55301],[35.66415,-3.55552],[35.6569,-3.55758],[35.64983,-3.56407],[35.64669,-3.56369],[35.64399,-3.56857],[35.64594,-3.57033],[35.64461,-3.57297],[35.64432,-3.57655],[35.64199,-3.57554],[35.63976,-3.5764],[35.63899,-3.57755],[35.64047,-3.57834],[35.63912,-3.57955],[35.633,-3.5782],[35.63233,-3.57991],[35.63461,-3.58131],[35.63426,-3.58251],[35.63114,-3.58433],[35.63297,-3.58472],[35.63252,-3.58611],[35.63008,-3.58515],[35.63029,-3.58356],[35.62808,-3.58535],[35.62981,-3.58749],[35.62779,-3.58759],[35.62658,-3.58897],[35.62714,-3.59179],[35.62443,-3.59137],[35.62469,-3.59299],[35.62276,-3.5934],[35.6176,-3.59334],[35.6055,-3.59127],[35.58595,-3.59862],[35.56775,-3.60195],[35.53641,-3.59761],[35.50337,-3.58931],[35.4675,-3.58659],[35.436,-3.57938],[35.46514,-3.52552],[35.47064,-3.50523],[35.47665,-3.49513],[35.47424,-3.48085],[35.47427,-3.47604],[35.47706,-3.47397],[35.48072,-3.47195],[35.48182,-3.47259],[35.48375,-3.47097],[35.48515,-3.47259],[35.49395,-3.47135],[35.49776,-3.47234],[35.50298,-3.47142],[35.50404,-3.47197],[35.5041,-3.4745],[35.51001,-3.47646],[35.51544,-3.47245],[35.51915,-3.47096],[35.52877,-3.47206],[35.53099,-3.47087],[35.53607,-3.47382],[35.53919,-3.47269],[35.53883,-3.47906],[35.55305,-3.47748],[35.5539,-3.48187],[35.55747,-3.47735],[35.56015,-3.47822],[35.56239,-3.47515],[35.56405,-3.47788],[35.5656,-3.47467],[35.56642,-3.4743],[35.56746,-3.47604],[35.58153,-3.46627],[35.59179,-3.46486]]]},"properties":{"region":"Arusha","district":"Karatu","ward":"Endabash","ward_code":"041"}},{"type":"Feature","geometry":{"type":"Polygon","coordinates":[[[35.53641,-3.59761],[35.56775,-3.60195],[35.58595,-3.59862],[35.6055,-3.59127],[35.6176,-3.59334],[35.62469,-3.59299],[35.62629,-3.59454],[35.62635,-3.59563],[35.62475,-3.59511],[35.62381,-3.59629],[35.62355,-3.59903],[35.62682,-3.59795],[35.62619,-3.60116],[35.62467,-3.60102],[35.62412,-3.60219],[35.62342,-3.60661],[35.62455,-3.60805],[35.62282,-3.61032],[35.62147,-3.61759],[35.62267,-3.61919],[35.62175,-3.62047],[35.62637,-3.62393],[35.62296,-3.62388],[35.62087,-3.62633],[35.62092,-3.62729],[35.62217,-3.62762],[35.6197,-3.62977],[35.61917,-3.6335],[35.62529,-3.63352],[35.62647,-3.63559],[35.62522,-3.63908],[35.62322,-3.63916],[35.62287,-3.64075],[35.62529,-3.64399],[35.62548,-3.64535],[35.62406,-3.64655],[35.62546,-3.64821],[35.62921,-3.64966],[35.62945,-3.65096],[35.63323,-3.65344],[35.63356,-3.65662],[35.63181,-3.65944],[35.63255,-3.66028],[35.63199,-3.66243],[35.62913,-3.66478],[35.62957,-3.66529],[35.62755,-3.66822],[35.62902,-3.66787],[35.6289,-3.66876],[35.62476,-3.67227],[35.62759,-3.67472],[35.62487,-3.69792],[35.60685,-3.69255],[35.56668,-3.69531],[35.54104,-3.69124],[35.53871,-3.68786],[35.53057,-3.68286],[35.52271,-3.68157],[35.51939,-3.68352],[35.51634,-3.68179],[35.50725,-3.68222],[35.50481,-3.67703],[35.50373,-3.67644],[35.50285,-3.67028],[35.5018,-3.66852],[35.49538,-3.66489],[35.49255,-3.66529],[35.48933,-3.66289],[35.4878,-3.6613],[35.48504,-3.65335],[35.47836,-3.64864],[35.47563,-3.64867],[35.47058,-3.64667],[35.46642,-3.64324],[35.45776,-3.64226],[35.45011,-3.63739],[35.44514,-3.63681],[35.43925,-3.6347],[35.43723,-3.6326],[35.43387,-3.63225],[35.42871,-3.62583],[35.4311,-3.60156],[35.4335,-3.59524],[35.43267,-3.58553],[35.436,-3.57938],[35.4675,-3.58659],[35.50337,-3.58931],[35.53641,-3.59761]]]},"properties":{"region":"Arusha","district":"Karatu","ward":"Kansay","ward_code":"051"}},{"type":"Feature","geometry":{"type":"Polygon","coordinates":[[[35.58956,-2.01441],[35.59892,-2.02608],[35.60807,-2.02574],[35.62247,-2.03129],[35.638,-2.0313],[35.63774,-2.04349],[35.63876,-2.0544],[35.6432,-2.06195],[35.64207,-2.06856],[35.647,-2.07877],[35.63822,-2.07822],[35.61565,-2.08939],[35.59372,-2.09271],[35.57857,-2.0599],[35.57337,-2.06054],[35.568,-2.06519],[35.56534,-2.06611],[35.56531,-2.06771],[35.55885,-2.06997],[35.55753,-2.06867],[35.55507,-2.06839],[35.55196,-2.07141],[35.52749,-2.07167],[35.52876,-2.06825],[35.53075,-2.06612],[35.53236,-2.0665],[35.53598,-2.06424],[35.54128,-2.06475],[35.54363,-2.0623],[35.54602,-2.05516],[35.54537,-2.0525],[35.5462,-2.04988],[35.54825,-2.04618],[35.55047,-2.04602],[35.55547,-2.03264],[35.56039,-2.01519],[35.55589,-1.97906],[35.57631,-1.97229],[35.5782,-1.98527],[35.58507,-2.01031],[35.58956,-2.01441]]]},"properties":{"region":"Arusha","district":"Ngorongoro","ward":"Orgosorok","ward_code":"013"}},{"type":"Feature","geometry":{"type":"Polygon","coordinates":[[[35.47578,-2.28684],[35.49625,-2.29933],[35.52097,-2.29928],[35.54417,-2.30575],[35.55228,-2.31276],[35.5651,-2.31854],[35.57027,-2.32983],[35.57516,-2.3314],[35.57875,-2.33804],[35.57685,-2.3389],[35.5792,-2.3451],[35.58169,-2.34372],[35.58501,-2.3473],[35.58245,-2.34996],[35.58945,-2.35093],[35.59139,-2.35863],[35.59071,-2.36513],[35.59342,-2.36942],[35.59876,-2.36811],[35.64626,-2.3673],[35.6464,-2.371],[35.6323,-2.3918],[35.61892,-2.40179],[35.59737,-2.41331],[35.58789,-2.42113],[35.57878,-2.43085],[35.56247,-2.45914],[35.55705,-2.47354],[35.55366,-2.47922],[35.55213,-2.4905],[35.54699,-2.4987],[35.53512,-2.50541],[35.52821,-2.51227],[35.52681,-2.51538],[35.48681,-2.52519],[35.40039,-2.52821],[35.21063,-2.58417],[35.22417,-2.49945],[35.21814,-2.5001],[35.20719,-2.48781],[35.16093,-2.39481],[35.26666,-2.35787],[35.26658,-2.31113],[35.28686,-2.31338],[35.30019,-2.30891],[35.3043,-2.30862],[35.31677,-2.31174],[35.32278,-2.31232],[35.33703,-2.31028],[35.36459,-2.31094],[35.38663,-2.30921],[35.39387,-2.30612],[35.40664,-2.3031],[35.44058,-2.30159],[35.46024,-2.28759],[35.47578,-2.28684]]]},"properties":{"region":"Arusha","district":"Ngorongoro","ward":"Arash","ward_code":"131"}},{"type":"Feature","geometry":{"type":"Polygon","coordinates":[[[35.58968,-1.88236],[35.58968,-1.88967],[35.58738,-1.89864],[35.58712,-1.90428],[35.58199,-1.9171],[35.58054,-1.91742],[35.57714,-1.92157],[35.57522,-1.92217],[35.57251,-1.92204],[35.56544,-1.91772],[35.54777,-1.92182],[35.53879,-1.92143],[35.53635,-1.91941],[35.53292,-1.91363],[35.52725,-1.90734],[35.5253,-1.90334],[35.52061,-1.90235],[35.51862,-1.90358],[35.51007,-1.91159],[35.50951,-1.91494],[35.50808,-1.9155],[35.50673,-1.91463],[35.50601,-1.91836],[35.48852,-1.92865],[35.48635,-1.93345],[35.48438,-1.9354],[35.48528,-1.93807],[35.48186,-1.94316],[35.4744,-1.94906],[35.47327,-1.95404],[35.46934,-1.95824],[35.46697,-1.96488],[35.46786,-1.9688],[35.46361,-1.97209],[35.4637,-1.98091],[35.46065,-1.98103],[35.46157,-1.98813],[35.45442,-1.99256],[35.45295,-1.99465],[35.45162,-1.99465],[35.45209,-1.99778],[35.45073,-1.99805],[35.44148,-1.98775],[35.43208,-1.97275],[35.41793,-1.99087],[35.41458,-1.99775],[35.40827,-2.00567],[35.39756,-2.01598],[35.39591,-2.02501],[35.39042,-2.02904],[35.38735,-2.035],[35.38141,-2.02931],[35.37632,-2.03218],[35.37052,-2.03265],[35.35824,-2.03679],[35.35183,-2.04502],[35.34872,-2.0466],[35.34866,-2.05007],[35.34588,-2.05105],[35.34275,-2.04992],[35.33897,-2.052],[35.33569,-2.0515],[35.33452,-2.05814],[35.33016,-2.06006],[35.31986,-2.0593],[35.31666,-2.06196],[35.31316,-2.06308],[35.30924,-2.05886],[35.3036,-2.06096],[35.302,-2.06264],[35.29493,-2.06189],[35.29405,-2.06038],[35.28911,-2.06115],[35.28604,-2.06396],[35.28573,-2.06786],[35.27948,-2.07219],[35.28162,-2.07556],[35.27599,-2.07622],[35.26862,-2.08499],[35.2613,-2.07967],[35.25641,-2.08509],[35.25322,-2.08466],[35.25463,-2.08358],[35.25336,-2.08274],[35.25021,-2.08515],[35.24877,-2.08355],[35.24869,-2.08083],[35.24582,-2.08301],[35.24437,-2.08546],[35.24268,-2.08532],[35.23883,-2.08749],[35.23831,-2.08531],[35.23176,-2.0868],[35.23295,-2.09019],[35.2238,-2.09216],[35.22191,-2.08945],[35.21869,-2.09191],[35.21679,-2.09013],[35.21124,-2.06905],[35.21121,-2.06438],[35.22363,-1.96541],[35.24126,-1.95279],[35.25958,-1.93233],[35.26699,-1.92858],[35.2835,-1.92648],[35.30354,-1.9167],[35.31631,-1.91536],[35.33555,-1.90652],[35.34934,-1.90906],[35.36215,-1.91677],[35.37742,-1.9365],[35.3863,-1.93592],[35.38835,-1.91683],[35.39124,-1.90235],[35.39465,-1.89955],[35.4026,-1.88105],[35.40535,-1.86671],[35.41623,-1.87006],[35.42305,-1.88025],[35.43293,-1.88347],[35.45737,-1.86059],[35.47999,-1.85857],[35.49524,-1.8536],[35.51195,-1.84592],[35.50315,-1.82503],[35.59148,-1.87468],[35.58968,-1.88236]]]},"properties":{"region":"Arusha","district":"Ngorongoro","ward":"Soitsambu","ward_code":"141"}},{"type":"Feature","geometry":{"type":"Polygon","coordinates":[[[35.59148,-1.87468],[35.84633,-2.01818],[35.84595,-2.01903],[35.84443,-2.01964],[35.84179,-2.02431],[35.82096,-2.04001],[35.80874,-2.04638],[35.79851,-2.05427],[35.79302,-2.0572],[35.78564,-2.05925],[35.77718,-2.06363],[35.76762,-2.07031],[35.76133,-2.06914],[35.74757,-2.05912],[35.74851,-2.05758],[35.74487,-2.05265],[35.74317,-2.04623],[35.74051,-2.04621],[35.73963,-2.04505],[35.74015,-2.04374],[35.73857,-2.04261],[35.73825,-2.04075],[35.73354,-2.03825],[35.72715,-2.04646],[35.7247,-2.05144],[35.71243,-2.05773],[35.70338,-2.06065],[35.69597,-2.0691],[35.69235,-2.07726],[35.67758,-2.07614],[35.66592,-2.07101],[35.65157,-2.07763],[35.647,-2.07877],[35.64207,-2.06856],[35.6432,-2.06195],[35.63876,-2.0544],[35.63774,-2.04349],[35.638,-2.0313],[35.62247,-2.03129],[35.60807,-2.02574],[35.59892,-2.02608],[35.58956,-2.01441],[35.58507,-2.01031],[35.5782,-1.98527],[35.57177,-1.94105],[35.56569,-1.91783],[35.57251,-1.92204],[35.57522,-1.92217],[35.57714,-1.92157],[35.58054,-1.91742],[35.58199,-1.9171],[35.58712,-1.90428],[35.58738,-1.89864],[35.58968,-1.88967],[35.58968,-1.88236],[35.59148,-1.87468]]]},"properties":{"region":"Arusha","district":"Ngorongoro","ward":"Enguserosambu","ward_code":"151"}},{"type":"Feature","geometry":{"type":"Polygon","coordinates":[[[35.54825,-2.04618],[35.54537,-2.0525],[35.54602,-2.05516],[35.54363,-2.0623],[35.54128,-2.06475],[35.53598,-2.06424],[35.53236,-2.0665],[35.53075,-2.06612],[35.52876,-2.06825],[35.52749,-2.07167],[35.55196,-2.07141],[35.55507,-2.06839],[35.55753,-2.06867],[35.55885,-2.06997],[35.56531,-2.06771],[35.56534,-2.06611],[35.568,-2.06519],[35.57337,-2.06054],[35.57857,-2.0599],[35.59372,-2.09271],[35.61565,-2.08939],[35.63822,-2.07822],[35.647,-2.07877],[35.65157,-2.07763],[35.66592,-2.07101],[35.67758,-2.07614],[35.69235,-2.07726],[35.69335,-2.08051],[35.66561,-2.09787],[35.64936,-2.10394],[35.64461,-2.109],[35.64157,-2.11382],[35.63964,-2.11931],[35.6308,-2.15732],[35.62077,-2.16183],[35.62203,-2.18308],[35.60582,-2.18348],[35.59204,-2.18044],[35.58045,-2.1815],[35.56906,-2.18426],[35.56464,-2.18264],[35.5424,-2.18366],[35.50761,-2.18276],[35.5,-2.18137],[35.4691,-2.1834],[35.45329,-2.18817],[35.44065,-2.18834],[35.45357,-2.15633],[35.47635,-2.11662],[35.47836,-2.1097],[35.48687,-2.0989],[35.48857,-2.09447],[35.49057,-2.09379],[35.49056,-2.09295],[35.4927,-2.09382],[35.49932,-2.09036],[35.50095,-2.08544],[35.50522,-2.08533],[35.50639,-2.08257],[35.5036,-2.07956],[35.50495,-2.07643],[35.50491,-2.07415],[35.50339,-2.07289],[35.50411,-2.07007],[35.50145,-2.06734],[35.49986,-2.06092],[35.50075,-2.0595],[35.49923,-2.0587],[35.49944,-2.05749],[35.50074,-2.05788],[35.5044,-2.04917],[35.5073,-2.04735],[35.50952,-2.04725],[35.51005,-2.0488],[35.51324,-2.05031],[35.51629,-2.05048],[35.51791,-2.0494],[35.51955,-2.05006],[35.53408,-2.03147],[35.53709,-2.01819],[35.53264,-1.98792],[35.53633,-1.98572],[35.55589,-1.97906],[35.56039,-2.01519],[35.55547,-2.03264],[35.55047,-2.04602],[35.54825,-2.04618]]]},"properties":{"region":"Arusha","district":"Ngorongoro","ward":"Oloirien/Magaiduru","ward_code":"163"}},{"type":"Feature","geometry":{"type":"Polygon","coordinates":[[[35.32133,-1.72211],[35.50315,-1.82503],[35.51195,-1.84592],[35.49524,-1.8536],[35.47999,-1.85857],[35.45737,-1.86059],[35.43293,-1.88347],[35.42305,-1.88025],[35.41623,-1.87006],[35.40535,-1.86671],[35.4026,-1.88105],[35.39465,-1.89955],[35.39124,-1.90235],[35.38835,-1.91683],[35.3863,-1.93592],[35.37742,-1.9365],[35.36215,-1.91677],[35.34934,-1.90906],[35.33555,-1.90652],[35.31631,-1.91536],[35.30354,-1.9167],[35.2835,-1.92648],[35.26699,-1.92858],[35.25958,-1.93233],[35.24126,-1.95279],[35.22363,-1.96541],[35.22357,-1.95833],[35.22537,-1.95087],[35.22968,-1.91602],[35.23443,-1.86974],[35.23518,-1.86538],[35.23585,-1.86544],[35.23815,-1.84165],[35.2398,-1.84164],[35.24257,-1.81426],[35.24183,-1.81171],[35.24562,-1.77615],[35.24865,-1.75688],[35.24964,-1.7387],[35.25683,-1.6895],[35.32133,-1.72211]]]},"properties":{"region":"Arusha","district":"Ngorongoro","ward":"Ololosokwan","ward_code":"201"}},{"type":"Feature","geometry":{"type":"Polygon","coordinates":[[[35.53292,-1.91363],[35.53635,-1.91941],[35.53879,-1.92143],[35.54777,-1.92182],[35.56296,-1.91773],[35.56569,-1.91783],[35.57177,-1.94105],[35.57631,-1.97229],[35.53633,-1.98572],[35.53264,-1.98792],[35.53709,-2.01819],[35.53408,-2.03147],[35.51955,-2.05006],[35.51791,-2.0494],[35.51629,-2.05048],[35.51324,-2.05031],[35.51005,-2.0488],[35.50952,-2.04725],[35.5073,-2.04735],[35.5044,-2.04917],[35.50074,-2.05788],[35.49944,-2.05749],[35.49923,-2.0587],[35.50075,-2.0595],[35.49986,-2.06092],[35.50145,-2.06734],[35.50411,-2.07007],[35.50339,-2.07289],[35.50491,-2.07415],[35.50495,-2.07643],[35.5036,-2.07956],[35.50639,-2.08257],[35.50522,-2.08533],[35.50095,-2.08544],[35.49932,-2.09036],[35.4927,-2.09382],[35.49056,-2.09295],[35.49057,-2.09379],[35.48857,-2.09447],[35.48687,-2.0989],[35.47836,-2.1097],[35.47635,-2.11662],[35.45357,-2.15633],[35.44065,-2.18834],[35.38595,-2.1877],[35.38215,-2.18882],[35.357,-2.18981],[35.32623,-2.19304],[35.31962,-2.19514],[35.29335,-2.19936],[35.25218,-2.19177],[35.24252,-2.19342],[35.23636,-2.16548],[35.23351,-2.16571],[35.22899,-2.13838],[35.21679,-2.09013],[35.21869,-2.09191],[35.22191,-2.08945],[35.2238,-2.09216],[35.23295,-2.09019],[35.23176,-2.0868],[35.23831,-2.08531],[35.23883,-2.08749],[35.24268,-2.08532],[35.24437,-2.08546],[35.24582,-2.08301],[35.24869,-2.08083],[35.24877,-2.08355],[35.25021,-2.08515],[35.25336,-2.08274],[35.25463,-2.08358],[35.25322,-2.08466],[35.25641,-2.08509],[35.2613,-2.07967],[35.26862,-2.08499],[35.27599,-2.07622],[35.28162,-2.07556],[35.27948,-2.07219],[35.28573,-2.06786],[35.28604,-2.06396],[35.28911,-2.06115],[35.29405,-2.06038],[35.29493,-2.06189],[35.302,-2.06264],[35.3036,-2.06096],[35.30924,-2.05886],[35.31316,-2.06308],[35.31666,-2.06196],[35.31986,-2.0593],[35.33016,-2.06006],[35.33452,-2.05814],[35.33569,-2.0515],[35.33897,-2.052],[35.34275,-2.04992],[35.34588,-2.05105],[35.34866,-2.05007],[35.34872,-2.0466],[35.35183,-2.04502],[35.35824,-2.03679],[35.37052,-2.03265],[35.37632,-2.03218],[35.38141,-2.02931],[35.38735,-2.035],[35.39042,-2.02904],[35.39591,-2.02501],[35.39756,-2.01598],[35.40827,-2.00567],[35.41458,-1.99775],[35.41793,-1.99087],[35.43208,-1.97275],[35.44148,-1.98775],[35.45073,-1.99805],[35.45209,-1.99778],[35.45162,-1.99465],[35.45295,-1.99465],[35.45442,-1.99256],[35.46157,-1.98813],[35.46065,-1.98103],[35.4637,-1.98091],[35.46361,-1.97209],[35.46786,-1.9688],[35.46697,-1.96488],[35.46934,-1.95824],[35.47327,-1.95404],[35.4744,-1.94906],[35.48186,-1.94316],[35.48528,-1.93807],[35.48438,-1.9354],[35.48635,-1.93345],[35.48852,-1.92865],[35.50601,-1.91836],[35.50673,-1.91463],[35.50808,-1.9155],[35.50951,-1.91494],[35.51007,-1.91159],[35.52061,-1.90235],[35.5253,-1.90334],[35.52725,-1.90734],[35.53292,-1.91363]]]},"properties":{"region":"Arusha","district":"Ngorongoro","ward":"Oloipiri","ward_code":"211"}},{"type":"Feature","geometry":{"type":"Polygon","coordinates":[[[35.73505,-2.13269],[35.73625,-2.13939],[35.73536,-2.14075],[35.7378,-2.14519],[35.74109,-2.14864],[35.74136,-2.15225],[35.74564,-2.15604],[35.74623,-2.15808],[35.7476,-2.15873],[35.74935,-2.15776],[35.75198,-2.16432],[35.75627,-2.17116],[35.76645,-2.18238],[35.77844,-2.18381],[35.78644,-2.18683],[35.78947,-2.19384],[35.79266,-2.19622],[35.79684,-2.19738],[35.80134,-2.20497],[35.80624,-2.207],[35.81063,-2.20701],[35.81248,-2.20968],[35.81323,-2.21285],[35.81125,-2.21579],[35.81021,-2.22041],[35.81121,-2.22618],[35.81055,-2.22877],[35.81238,-2.23243],[35.79228,-2.24788],[35.78957,-2.25911],[35.77868,-2.27669],[35.76088,-2.27776],[35.75879,-2.27264],[35.75462,-2.2686],[35.75249,-2.26497],[35.75077,-2.26761],[35.74975,-2.26766],[35.74086,-2.26118],[35.73785,-2.25174],[35.72701,-2.24006],[35.72579,-2.23654],[35.72723,-2.21423],[35.72166,-2.15305],[35.71472,-2.14128],[35.70762,-2.13495],[35.7244,-2.13642],[35.73505,-2.13269]]]},"properties":{"region":"Arusha","district":"Ngorongoro","ward":"Digodigo","ward_code":"021"}},{"type":"Feature","geometry":{"type":"Polygon","coordinates":[[[35.94742,-2.18057],[35.94895,-2.18454],[35.95197,-2.20033],[35.95826,-2.20983],[35.89729,-2.19223],[35.88297,-2.18314],[35.85323,-2.18128],[35.84603,-2.18509],[35.83328,-2.18516],[35.81495,-2.19083],[35.81355,-2.19133],[35.81341,-2.19708],[35.81187,-2.19966],[35.81063,-2.20701],[35.80624,-2.207],[35.80134,-2.20497],[35.79684,-2.19738],[35.79266,-2.19622],[35.78947,-2.19384],[35.78789,-2.1903],[35.80741,-2.1667],[35.82512,-2.14015],[35.84263,-2.11849],[35.85376,-2.09887],[35.8783,-2.08776],[35.91109,-2.07781],[35.92898,-2.06449],[35.95689,-2.08022],[35.95541,-2.08355],[35.9528,-2.0982],[35.94948,-2.10697],[35.9476,-2.11562],[35.94782,-2.12043],[35.95146,-2.12741],[35.95259,-2.13367],[35.95068,-2.14149],[35.9466,-2.14903],[35.94493,-2.15532],[35.94742,-2.18057]]]},"properties":{"region":"Arusha","district":"Ngorongoro","ward":"Oldonyosambu","ward_code":"031"}},{"type":"Feature","geometry":{"type":"MultiPolygon","coordinates":[[[[35.9887,-2.09833],[35.98058,-2.10264],[35.97435,-2.10105],[35.97143,-2.10277],[35.96989,-2.10723],[35.97143,-2.11195],[35.97152,-2.11976],[35.96851,-2.12585],[35.9765,-2.13409],[35.98603,-2.14173],[35.98827,-2.14654],[35.98792,-2.15117],[35.98655,-2.15341],[35.9844,-2.15409],[35.98474,-2.15555],[35.98079,-2.15761],[35.98131,-2.15924],[35.98406,-2.15916],[35.98294,-2.1613],[35.98492,-2.16345],[35.98294,-2.16448],[35.98277,-2.16594],[35.98517,-2.17169],[35.98457,-2.17452],[35.9759,-2.18302],[35.97263,-2.18817],[35.97229,-2.19083],[35.96757,-2.19744],[35.97109,-2.21744],[35.97014,-2.22216],[35.97143,-2.22533],[35.97074,-2.22962],[35.97409,-2.23572],[35.97409,-2.23769],[35.97203,-2.24456],[35.97135,-2.25537],[35.96628,-2.26155],[35.96628,-2.27048],[35.97049,-2.27434],[35.97384,-2.28044],[35.97822,-2.28413],[35.97933,-2.28988],[35.9832,-2.29374],[35.98483,-2.29709],[35.9905,-2.30061],[35.99351,-2.31108],[35.99385,-2.31932],[35.99042,-2.32472],[35.98638,-2.32678],[35.98288,-2.33047],[35.98088,-2.33468],[35.97805,-2.33597],[35.9753,-2.33296],[35.96825,-2.33846],[35.95657,-2.33983],[35.94901,-2.34258],[35.9369,-2.34077],[35.93458,-2.34232],[35.932,-2.34575],[35.92882,-2.35811],[35.92659,-2.36249],[35.9174,-2.36635],[35.91044,-2.3673],[35.90425,-2.37219],[35.90314,-2.37442],[35.90546,-2.37897],[35.90554,-2.38317],[35.90305,-2.38755],[35.89936,-2.38875],[35.89781,-2.39433],[35.8997,-2.39408],[35.9003,-2.39493],[35.89936,-2.40131],[35.89523,-2.4018],[35.89489,-2.40283],[35.89798,-2.40772],[35.89671,-2.4167],[35.83526,-2.40793],[35.78202,-2.402],[35.76205,-2.40205],[35.76225,-2.39044],[35.76025,-2.36161],[35.75649,-2.34659],[35.75774,-2.34304],[35.76005,-2.32082],[35.76045,-2.28869],[35.76175,-2.28243],[35.76088,-2.27776],[35.77868,-2.27669],[35.78957,-2.25911],[35.79228,-2.24788],[35.81238,-2.23243],[35.81055,-2.22877],[35.81121,-2.22618],[35.81021,-2.22041],[35.81125,-2.21579],[35.81323,-2.21285],[35.81248,-2.20968],[35.81063,-2.20701],[35.81187,-2.19966],[35.81341,-2.19708],[35.81355,-2.19133],[35.83328,-2.18516],[35.84603,-2.18509],[35.85323,-2.18128],[35.88297,-2.18314],[35.89729,-2.19223],[35.95826,-2.20983],[35.95197,-2.20033],[35.95028,-2.19408],[35.94612,-2.17201],[35.94624,-2.16506],[35.94493,-2.15532],[35.9466,-2.14903],[35.95068,-2.14149],[35.95259,-2.13367],[35.95146,-2.12741],[35.94782,-2.12043],[35.9476,-2.11562],[35.94948,-2.10697],[35.9528,-2.0982],[35.95613,-2.08138],[35.95689,-2.08022],[35.9887,-2.09833]]],[[[36.04108,-2.12841],[36.07386,-2.14619],[36.07305,-2.16434],[36.06832,-2.16113],[36.06529,-2.1541],[36.06343,-2.1534],[36.05565,-2.14572],[36.05148,-2.14401],[36.04949,-2.14554],[36.04629,-2.14458],[36.04108,-2.12841]]]]},"properties":{"region":"Arusha","district":"Ngorongoro","ward":"Pinyinyi","ward_code":"041"}},{"type":"Feature","geometry":{"type":"Polygon","coordinates":[[[35.69901,-2.24127],[35.71489,-2.2469],[35.73808,-2.25218],[35.74086,-2.26118],[35.74975,-2.26766],[35.75077,-2.26761],[35.75249,-2.26497],[35.7602,-2.27533],[35.76175,-2.28243],[35.76045,-2.28869],[35.76005,-2.32082],[35.75774,-2.34304],[35.75649,-2.34659],[35.76041,-2.36336],[35.69354,-2.36357],[35.64626,-2.3673],[35.64715,-2.336],[35.65072,-2.2997],[35.65068,-2.24383],[35.6564,-2.24505],[35.69901,-2.24127]]]},"properties":{"region":"Arusha","district":"Ngorongoro","ward":"Sale","ward_code":"051"}},{"type":"Feature","geometry":{"type":"Polygon","coordinates":[[[35.77588,-2.80518],[35.77374,-2.8058],[35.60498,-2.80571],[35.57244,-2.8073],[35.54828,-2.80533],[35.55138,-2.75305],[35.54821,-2.73362],[35.5606,-2.70853],[35.56303,-2.68642],[35.56331,-2.64768],[35.55961,-2.53945],[35.53983,-2.52224],[35.53318,-2.51754],[35.52681,-2.51538],[35.52821,-2.51227],[35.53512,-2.50541],[35.54699,-2.4987],[35.55213,-2.4905],[35.55366,-2.47922],[35.55705,-2.47354],[35.56247,-2.45914],[35.57878,-2.43085],[35.58789,-2.42113],[35.59737,-2.41331],[35.61892,-2.40179],[35.6323,-2.3918],[35.6464,-2.371],[35.64626,-2.3673],[35.69354,-2.36357],[35.76041,-2.36336],[35.76225,-2.39044],[35.76103,-2.44169],[35.76315,-2.4692],[35.76015,-2.53791],[35.7617,-2.60224],[35.76134,-2.64396],[35.76222,-2.69086],[35.76977,-2.73595],[35.77064,-2.75037],[35.77013,-2.7556],[35.77588,-2.80518]]]},"properties":{"region":"Arusha","district":"Ngorongoro","ward":"Malambo","ward_code":"061"}},{"type":"Feature","geometry":{"type":"Polygon","coordinates":[[[35.72166,-2.15305],[35.72723,-2.21423],[35.72579,-2.23654],[35.72701,-2.24006],[35.73808,-2.25218],[35.71489,-2.2469],[35.69901,-2.24127],[35.6564,-2.24505],[35.65068,-2.24383],[35.64743,-2.20455],[35.64414,-2.20508],[35.64323,-2.2043],[35.64266,-2.20642],[35.64015,-2.20533],[35.63655,-2.20665],[35.63628,-2.20487],[35.635,-2.20505],[35.63429,-2.20332],[35.63129,-2.20219],[35.62992,-2.20229],[35.62931,-2.20349],[35.62594,-2.2007],[35.62143,-2.18029],[35.62077,-2.16183],[35.6308,-2.15732],[35.64157,-2.11382],[35.64936,-2.10394],[35.66561,-2.09787],[35.69335,-2.08051],[35.69444,-2.08405],[35.70506,-2.09969],[35.71076,-2.104],[35.7184,-2.10516],[35.72138,-2.11036],[35.72056,-2.11424],[35.71172,-2.12722],[35.70762,-2.13495],[35.71472,-2.14128],[35.72166,-2.15305]]]},"properties":{"region":"Arusha","district":"Ngorongoro","ward":"Samunge","ward_code":"171"}},{"type":"Feature","geometry":{"type":"Polygon","coordinates":[[[35.92898,-2.06449],[35.91109,-2.07781],[35.8783,-2.08776],[35.85376,-2.09887],[35.84263,-2.11849],[35.82512,-2.14015],[35.80741,-2.1667],[35.78789,-2.1903],[35.78656,-2.18692],[35.78229,-2.1851],[35.77142,-2.18255],[35.76645,-2.18238],[35.75627,-2.17116],[35.75198,-2.16432],[35.74935,-2.15776],[35.7476,-2.15873],[35.74623,-2.15808],[35.74564,-2.15604],[35.74136,-2.15225],[35.74109,-2.14864],[35.7378,-2.14519],[35.73536,-2.14075],[35.73625,-2.13939],[35.73505,-2.13269],[35.7244,-2.13642],[35.70762,-2.13495],[35.71172,-2.12722],[35.72056,-2.11424],[35.72138,-2.11036],[35.7184,-2.10516],[35.71076,-2.104],[35.70506,-2.09969],[35.69444,-2.08405],[35.69235,-2.07726],[35.69597,-2.0691],[35.70338,-2.06065],[35.71243,-2.05773],[35.7247,-2.05144],[35.72715,-2.04646],[35.73354,-2.03825],[35.73825,-2.04075],[35.73857,-2.04261],[35.74015,-2.04374],[35.73963,-2.04505],[35.74051,-2.04621],[35.74317,-2.04623],[35.74487,-2.05265],[35.74851,-2.05758],[35.74757,-2.05912],[35.76133,-2.06914],[35.76762,-2.07031],[35.77718,-2.06363],[35.78564,-2.05925],[35.79302,-2.0572],[35.79851,-2.05427],[35.80874,-2.04638],[35.82096,-2.04001],[35.84179,-2.02431],[35.84443,-2.01964],[35.84633,-2.01818],[35.92898,-2.06449]]]},"properties":{"region":"Arusha","district":"Ngorongoro","ward":"Kirangi","ward_code":"221"}},{"type":"Feature","geometry":{"type":"Polygon","coordinates":[[[35.83526,-2.40793],[35.89671,-2.4167],[35.89627,-2.41982],[35.89386,-2.42274],[35.89644,-2.43502],[35.89473,-2.43742],[35.891,-2.45159],[35.89188,-2.45544],[35.89133,-2.46222],[35.89489,-2.47587],[35.89841,-2.47913],[35.9119,-2.47896],[35.91981,-2.48437],[35.92427,-2.49364],[35.9235,-2.49553],[35.92539,-2.49879],[35.92573,-2.50188],[35.91998,-2.50806],[35.91998,-2.50995],[35.92359,-2.5145],[35.92513,-2.51913],[35.92445,-2.52136],[35.9217,-2.52368],[35.92204,-2.52737],[35.91774,-2.53158],[35.91886,-2.53518],[35.91628,-2.53819],[35.91096,-2.53973],[35.90537,-2.53767],[35.90383,-2.5393],[35.89395,-2.55818],[35.89171,-2.56951],[35.89506,-2.57492],[35.90194,-2.57835],[35.90477,-2.57853],[35.90503,-2.58299],[35.91107,-2.5912],[35.90597,-2.59964],[35.9002,-2.6121],[35.89639,-2.62389],[35.89263,-2.63143],[35.89236,-2.64706],[35.89016,-2.67527],[35.89052,-2.69626],[35.88767,-2.7221],[35.888,-2.72997],[35.89344,-2.74252],[35.901,-2.75237],[35.90729,-2.75381],[35.91372,-2.7592],[35.94344,-2.81252],[35.92206,-2.81817],[35.83938,-2.8119],[35.77588,-2.80518],[35.77013,-2.7556],[35.77064,-2.75037],[35.76977,-2.73595],[35.76222,-2.69086],[35.76134,-2.64396],[35.7617,-2.60224],[35.76015,-2.53791],[35.76315,-2.47287],[35.76103,-2.44169],[35.76205,-2.40205],[35.78202,-2.402],[35.83526,-2.40793]]]},"properties":{"region":"Arusha","district":"Ngorongoro","ward":"Engaresero","ward_code":"231"}},{"type":"Feature","geometry":{"type":"Polygon","coordinates":[[[35.56297,-2.63821],[35.56303,-2.68642],[35.56213,-2.69463],[35.49391,-2.6514],[35.49499,-2.64526],[35.48855,-2.63964],[35.48686,-2.64104],[35.48415,-2.64032],[35.47931,-2.64136],[35.47771,-2.64259],[35.47489,-2.64226],[35.47354,-2.64379],[35.47048,-2.64365],[35.46946,-2.64603],[35.46538,-2.64773],[35.46536,-2.6488],[35.45956,-2.64995],[35.45726,-2.64919],[35.4565,-2.65067],[35.45084,-2.64807],[35.4418,-2.6474],[35.35809,-2.66749],[35.1704,-2.87588],[35.13859,-2.9076],[35.1687,-2.79158],[35.19394,-2.67426],[35.1947,-2.67426],[35.20726,-2.60682],[35.20808,-2.59496],[35.21063,-2.58417],[35.40039,-2.52821],[35.48681,-2.52519],[35.52681,-2.51538],[35.53318,-2.51754],[35.53983,-2.52224],[35.55961,-2.53945],[35.56297,-2.63821]]]},"properties":{"region":"Arusha","district":"Ngorongoro","ward":"Piyaya","ward_code":"241"}},{"type":"Feature","geometry":{"type":"Polygon","coordinates":[[[35.77588,-2.80518],[35.83938,-2.8119],[35.92206,-2.81817],[35.94344,-2.81252],[35.95026,-2.86774],[35.93613,-2.90598],[35.93163,-2.9577],[35.91603,-2.95795],[35.90413,-2.95954],[35.8949,-2.95931],[35.88007,-2.96091],[35.84281,-2.95273],[35.8329,-2.94809],[35.81811,-2.9431],[35.81398,-2.93571],[35.81162,-2.91372],[35.80921,-2.90461],[35.79665,-2.88346],[35.79186,-2.8666],[35.78244,-2.86507],[35.77401,-2.85802],[35.76969,-2.85722],[35.76679,-2.85548],[35.76672,-2.85155],[35.76552,-2.84885],[35.75863,-2.84521],[35.74573,-2.80564],[35.77588,-2.80518]]]},"properties":{"region":"Arusha","district":"Ngorongoro","ward":"Naiyobi","ward_code":"071"}},{"type":"Feature","geometry":{"type":"Polygon","coordinates":[[[35.8609,-2.95712],[35.88007,-2.96091],[35.8949,-2.95931],[35.90413,-2.95954],[35.91603,-2.95795],[35.93163,-2.9577],[35.93131,-3.02019],[35.94889,-3.02839],[35.94413,-3.0453],[35.93788,-3.05137],[35.93869,-3.06872],[35.92882,-3.08378],[35.90009,-3.13859],[35.88026,-3.19342],[35.82798,-3.2263],[35.7744,-3.24828],[35.7624,-3.26786],[35.73171,-3.27573],[35.71965,-3.28125],[35.71186,-3.28783],[35.70672,-3.29882],[35.70039,-3.30035],[35.69018,-3.29729],[35.66626,-3.29658],[35.65866,-3.29767],[35.65528,-3.30033],[35.65473,-3.28865],[35.65634,-3.25466],[35.65573,-3.24318],[35.65318,-3.23185],[35.65404,-3.21757],[35.65641,-3.21165],[35.66149,-3.20644],[35.6712,-3.18086],[35.67723,-3.17126],[35.67729,-3.16851],[35.67212,-3.16443],[35.66492,-3.15319],[35.65981,-3.13436],[35.65578,-3.12525],[35.65062,-3.12234],[35.64341,-3.12022],[35.63907,-3.11675],[35.63074,-3.09715],[35.62552,-3.09032],[35.60733,-3.07905],[35.59533,-3.07525],[35.58481,-3.07622],[35.58917,-3.06146],[35.58984,-3.05582],[35.58741,-3.03055],[35.58312,-3.02381],[35.58023,-3.01647],[35.5824,-3.01052],[35.58595,-3.00504],[35.59363,-2.99632],[35.63022,-2.99609],[35.64488,-2.99427],[35.66996,-2.99468],[35.68263,-2.99398],[35.70288,-2.99549],[35.7189,-2.99375],[35.73537,-2.98964],[35.74967,-2.95486],[35.77453,-2.93476],[35.81131,-2.91234],[35.81398,-2.93571],[35.81811,-2.9431],[35.8329,-2.94809],[35.84281,-2.95273],[35.8609,-2.95712]]]},"properties":{"region":"Arusha","district":"Ngorongoro","ward":"Nainokanoka","ward_code":"081"}},{"type":"Feature","geometry":{"type":"Polygon","coordinates":[[[35.48855,-2.63964],[35.49499,-2.64526],[35.49391,-2.6514],[35.56213,-2.69463],[35.5606,-2.70853],[35.54821,-2.73362],[35.55138,-2.75305],[35.54828,-2.80533],[35.57244,-2.8073],[35.60498,-2.80571],[35.60949,-2.82466],[35.61045,-2.85242],[35.60989,-2.89108],[35.61125,-2.94139],[35.61017,-2.96121],[35.60687,-2.97137],[35.6018,-2.97945],[35.59276,-2.99805],[35.58595,-3.00504],[35.5824,-3.01052],[35.58014,-3.01547],[35.58084,-3.01845],[35.56271,-3.01586],[35.55375,-3.01195],[35.54906,-3.01094],[35.54461,-3.00682],[35.536,-3.00505],[35.50053,-3.01079],[35.49421,-3.0099],[35.48252,-3.01083],[35.47186,-3.01435],[35.43762,-3.01116],[35.4334,-3.00813],[35.42928,-3.00738],[35.42797,-3.00621],[35.43112,-3.00466],[35.43332,-3.00088],[35.42936,-3.0023],[35.42877,-2.99932],[35.41698,-2.99157],[35.41619,-2.98688],[35.4142,-2.98466],[35.40715,-2.98277],[35.39668,-2.98232],[35.37987,-2.98644],[35.37207,-2.98972],[35.36537,-2.98952],[35.35932,-2.99131],[35.35718,-2.99052],[35.34349,-2.99447],[35.33076,-2.9959],[35.32486,-2.99413],[35.32147,-2.99437],[35.31842,-2.99523],[35.31436,-2.99806],[35.3054,-2.99028],[35.29308,-2.98353],[35.27523,-2.97651],[35.25148,-2.96289],[35.24638,-2.96237],[35.21229,-2.95339],[35.18008,-2.93956],[35.12377,-2.9196],[35.13494,-2.91124],[35.1704,-2.87588],[35.35809,-2.66749],[35.4418,-2.6474],[35.45084,-2.64807],[35.4565,-2.65067],[35.45726,-2.64919],[35.45956,-2.64995],[35.46536,-2.6488],[35.46538,-2.64773],[35.46946,-2.64603],[35.47048,-2.64365],[35.47354,-2.64379],[35.47489,-2.64226],[35.47771,-2.64259],[35.47931,-2.64136],[35.48415,-2.64032],[35.48686,-2.64104],[35.48855,-2.63964]]]},"properties":{"region":"Arusha","district":"Ngorongoro","ward":"Olbalbal","ward_code":"091"}},{"type":"Feature","geometry":{"type":"Polygon","coordinates":[[[35.59533,-3.07525],[35.60733,-3.07905],[35.61193,-3.08161],[35.62189,-3.08739],[35.629,-3.09404],[35.63907,-3.11675],[35.64341,-3.12022],[35.65062,-3.12234],[35.65578,-3.12525],[35.65981,-3.13436],[35.66492,-3.15319],[35.67212,-3.16443],[35.67729,-3.16851],[35.67723,-3.17126],[35.6712,-3.18086],[35.66149,-3.20644],[35.65641,-3.21165],[35.65404,-3.21757],[35.65318,-3.23185],[35.65573,-3.24318],[35.65634,-3.25466],[35.65473,-3.28865],[35.65529,-3.30038],[35.65088,-3.3051],[35.61752,-3.2976],[35.61457,-3.30304],[35.57632,-3.30396],[35.55919,-3.29892],[35.55117,-3.30924],[35.53968,-3.33073],[35.52829,-3.33692],[35.51776,-3.34439],[35.51385,-3.35495],[35.50128,-3.34722],[35.47797,-3.35173],[35.46151,-3.35194],[35.46766,-3.30456],[35.43723,-3.2918],[35.42866,-3.28053],[35.4164,-3.2808],[35.40204,-3.28965],[35.39462,-3.29891],[35.39092,-3.29907],[35.38562,-3.30265],[35.38025,-3.30053],[35.37072,-3.30454],[35.36046,-3.30404],[35.36567,-3.29779],[35.372,-3.27901],[35.37183,-3.27262],[35.38958,-3.23973],[35.3933,-3.23126],[35.39008,-3.2218],[35.39022,-3.21249],[35.39188,-3.20719],[35.4083,-3.17633],[35.41317,-3.17294],[35.41321,-3.16209],[35.41786,-3.1513],[35.41595,-3.14711],[35.40824,-3.13785],[35.40887,-3.12994],[35.41922,-3.12191],[35.43111,-3.12389],[35.43813,-3.11374],[35.45594,-3.10729],[35.4676,-3.10936],[35.47734,-3.08262],[35.49817,-3.08118],[35.51445,-3.07781],[35.52259,-3.07828],[35.54784,-3.07602],[35.57102,-3.07681],[35.58039,-3.07533],[35.58627,-3.07648],[35.59533,-3.07525]]]},"properties":{"region":"Arusha","district":"Ngorongoro","ward":"Ngorongoro","ward_code":"103"}},{"type":"Feature","geometry":{"type":"Polygon","coordinates":[[[34.98247,-2.98919],[34.98524,-3.00733],[35.00874,-3.0015],[35.00323,-2.97769],[35.05105,-2.96667],[35.06169,-2.94914],[35.12377,-2.9196],[35.18008,-2.93956],[35.21229,-2.95339],[35.24638,-2.96237],[35.25148,-2.96289],[35.27523,-2.97651],[35.29308,-2.98353],[35.3054,-2.99028],[35.31229,-2.9958],[35.31436,-2.99806],[35.30828,-3.00152],[35.30231,-3.01831],[35.29711,-3.02324],[35.29594,-3.03222],[35.28235,-3.04497],[35.29216,-3.14295],[35.29832,-3.1446],[35.31918,-3.16811],[35.33707,-3.20508],[35.33826,-3.24122],[35.33984,-3.24312],[35.34074,-3.25152],[35.34242,-3.25339],[35.3462,-3.27341],[35.32494,-3.31602],[35.28324,-3.31037],[35.2804,-3.31424],[35.27731,-3.31661],[35.26698,-3.32013],[35.25616,-3.32891],[35.25508,-3.32827],[35.25634,-3.32584],[35.25371,-3.32285],[35.25193,-3.32252],[35.25248,-3.32104],[35.25058,-3.32],[35.25134,-3.3185],[35.25023,-3.31805],[35.25006,-3.31613],[35.24873,-3.31501],[35.24899,-3.31327],[35.24674,-3.31095],[35.2488,-3.30936],[35.24774,-3.30603],[35.24495,-3.3056],[35.24547,-3.30362],[35.2423,-3.30147],[35.24199,-3.30008],[35.23983,-3.30084],[35.23994,-3.29867],[35.23854,-3.29632],[35.23645,-3.29635],[35.23636,-3.29315],[35.23315,-3.29249],[35.23339,-3.29013],[35.24204,-3.27986],[35.24573,-3.23731],[35.23501,-3.23858],[35.21324,-3.21181],[35.14217,-3.19122],[34.97554,-3.19475],[34.9549,-3.1798],[34.95093,-3.16835],[34.93467,-3.15582],[34.92063,-3.13732],[34.8843,-3.12188],[34.88391,-2.90643],[34.98247,-2.98919]]]},"properties":{"region":"Arusha","district":"Ngorongoro","ward":"Enduleni","ward_code":"111"}},{"type":"Feature","geometry":{"type":"Polygon","coordinates":[[[34.9549,-3.1798],[34.97554,-3.19475],[35.14217,-3.19122],[35.15135,-3.19388],[35.15069,-3.21818],[35.15741,-3.23265],[35.14967,-3.23847],[35.15117,-3.25305],[35.14699,-3.26805],[35.14989,-3.2849],[35.14698,-3.29707],[35.14412,-3.30473],[35.1452,-3.31327],[35.1476,-3.31962],[35.15494,-3.32501],[35.15242,-3.33294],[35.15355,-3.33483],[35.15187,-3.33799],[35.15546,-3.34635],[35.15795,-3.3475],[35.16018,-3.35115],[35.15821,-3.35244],[35.16018,-3.35416],[35.16067,-3.35745],[35.15847,-3.35894],[35.15739,-3.36595],[35.15581,-3.36714],[35.14873,-3.37892],[35.1486,-3.38453],[35.14713,-3.38662],[35.14655,-3.39242],[35.1449,-3.39668],[35.14521,-3.39883],[35.14679,-3.3992],[35.14809,-3.40152],[35.14924,-3.40623],[35.15083,-3.40732],[35.15353,-3.41334],[35.15502,-3.41416],[35.15557,-3.41727],[35.15747,-3.41827],[35.15795,-3.41989],[35.15315,-3.42882],[35.13503,-3.43262],[35.13292,-3.44278],[35.11647,-3.45245],[35.10479,-3.47986],[35.06638,-3.48251],[35.04209,-3.48299],[34.99981,-3.49784],[34.96802,-3.52519],[34.9402,-3.5344],[34.92448,-3.54174],[34.91956,-3.55396],[34.88512,-3.575],[34.8843,-3.12188],[34.92063,-3.13732],[34.93467,-3.15582],[34.95093,-3.16835],[34.9549,-3.1798]]]},"properties":{"region":"Arusha","district":"Ngorongoro","ward":"Kakesio","ward_code":"121"}},{"type":"Feature","geometry":{"type":"Polygon","coordinates":[[[35.76679,-2.85548],[35.76969,-2.85722],[35.77401,-2.85802],[35.78244,-2.86507],[35.79186,-2.8666],[35.79665,-2.88346],[35.80921,-2.90461],[35.81131,-2.91234],[35.77453,-2.93476],[35.74967,-2.95486],[35.73537,-2.98964],[35.7189,-2.99375],[35.70288,-2.99549],[35.68263,-2.99398],[35.66996,-2.99468],[35.64488,-2.99427],[35.63022,-2.99609],[35.59363,-2.99632],[35.60826,-2.96803],[35.61017,-2.96121],[35.6109,-2.95233],[35.61109,-2.92585],[35.60989,-2.89108],[35.61045,-2.85242],[35.60949,-2.82466],[35.60498,-2.80571],[35.74573,-2.80564],[35.75863,-2.84521],[35.76552,-2.84885],[35.76672,-2.85155],[35.76679,-2.85548]]]},"properties":{"region":"Arusha","district":"Ngorongoro","ward":"Alailelai","ward_code":"181"}},{"type":"Feature","geometry":{"type":"Polygon","coordinates":[[[35.41695,-2.98887],[35.41698,-2.99157],[35.42877,-2.99932],[35.42936,-3.0023],[35.43332,-3.00088],[35.43112,-3.00466],[35.42797,-3.00621],[35.42928,-3.00738],[35.4334,-3.00813],[35.43762,-3.01116],[35.47186,-3.01435],[35.48252,-3.01083],[35.49421,-3.0099],[35.50053,-3.01079],[35.536,-3.00505],[35.54461,-3.00682],[35.54906,-3.01094],[35.55375,-3.01195],[35.56271,-3.01586],[35.58084,-3.01845],[35.58741,-3.03055],[35.58984,-3.05582],[35.58917,-3.06146],[35.58481,-3.07622],[35.58039,-3.07533],[35.5679,-3.07688],[35.54784,-3.07602],[35.52259,-3.07828],[35.51445,-3.07781],[35.49817,-3.08118],[35.47734,-3.08262],[35.4676,-3.10936],[35.45594,-3.10729],[35.43813,-3.11374],[35.43111,-3.12389],[35.41922,-3.12191],[35.42058,-3.11906],[35.41846,-3.11559],[35.41259,-3.11535],[35.40937,-3.11353],[35.40616,-3.11034],[35.40218,-3.10353],[35.40134,-3.09275],[35.39871,-3.08519],[35.39306,-3.07586],[35.38784,-3.07056],[35.38121,-3.0659],[35.38052,-3.05482],[35.37886,-3.05144],[35.35695,-3.04479],[35.35035,-3.04059],[35.32,-3.00346],[35.31436,-2.99806],[35.31842,-2.99523],[35.32147,-2.99437],[35.32486,-2.99413],[35.33278,-2.99589],[35.34349,-2.99447],[35.35718,-2.99052],[35.35932,-2.99131],[35.36537,-2.98952],[35.37207,-2.98972],[35.37987,-2.98644],[35.39668,-2.98232],[35.40715,-2.98277],[35.4142,-2.98466],[35.41695,-2.98887]]]},"properties":{"region":"Arusha","district":"Ngorongoro","ward":"Ngoile","ward_code":"251"}},{"type":"Feature","geometry":{"type":"Polygon","coordinates":[[[35.41378,-3.11548],[35.41846,-3.11559],[35.42058,-3.11906],[35.41922,-3.12191],[35.40887,-3.12994],[35.40824,-3.13785],[35.41595,-3.14711],[35.41786,-3.1513],[35.41321,-3.16209],[35.41317,-3.17294],[35.4083,-3.17633],[35.39188,-3.20719],[35.39022,-3.21249],[35.39008,-3.2218],[35.3933,-3.23126],[35.38958,-3.23973],[35.37183,-3.27262],[35.372,-3.27901],[35.36567,-3.29779],[35.36046,-3.30404],[35.35645,-3.3035],[35.34761,-3.30581],[35.34707,-3.30715],[35.34529,-3.30617],[35.34327,-3.30699],[35.34318,-3.30899],[35.34137,-3.31021],[35.34028,-3.30993],[35.33534,-3.31264],[35.33049,-3.31195],[35.32494,-3.31601],[35.3462,-3.27341],[35.34242,-3.25339],[35.34074,-3.25152],[35.33984,-3.24312],[35.33826,-3.24122],[35.33707,-3.20508],[35.31918,-3.16811],[35.29832,-3.1446],[35.29216,-3.14295],[35.28235,-3.04497],[35.29594,-3.03222],[35.29711,-3.02324],[35.30231,-3.01831],[35.30828,-3.00152],[35.31436,-2.99806],[35.31676,-3.0],[35.35035,-3.04059],[35.35695,-3.04479],[35.37886,-3.05144],[35.38052,-3.05482],[35.38121,-3.0659],[35.38784,-3.07056],[35.39534,-3.079],[35.39871,-3.08519],[35.40134,-3.09275],[35.40218,-3.10353],[35.40747,-3.11204],[35.41378,-3.11548]]]},"properties":{"region":"Arusha","district":"Ngorongoro","ward":"Misigiyo","ward_code":"261"}},{"type":"Feature","geometry":{"type":"Polygon","coordinates":[[[35.21324,-3.21181],[35.23501,-3.23858],[35.24573,-3.23731],[35.24204,-3.27986],[35.23339,-3.29013],[35.23315,-3.29249],[35.23636,-3.29315],[35.23645,-3.29635],[35.23854,-3.29632],[35.23994,-3.29867],[35.23983,-3.30084],[35.24199,-3.30008],[35.2423,-3.30147],[35.24547,-3.30362],[35.24495,-3.3056],[35.24774,-3.30603],[35.2488,-3.30936],[35.24674,-3.31095],[35.24899,-3.31327],[35.24873,-3.31501],[35.25006,-3.31613],[35.25023,-3.31805],[35.25134,-3.3185],[35.25058,-3.32],[35.25248,-3.32104],[35.25193,-3.32252],[35.25371,-3.32285],[35.25634,-3.32584],[35.25508,-3.32739],[35.25616,-3.32891],[35.23892,-3.34311],[35.23651,-3.35122],[35.21852,-3.37297],[35.19356,-3.39843],[35.18605,-3.40456],[35.18127,-3.40582],[35.16616,-3.42109],[35.15795,-3.41989],[35.15747,-3.41827],[35.15557,-3.41727],[35.15502,-3.41416],[35.15353,-3.41334],[35.15083,-3.40732],[35.14924,-3.40623],[35.14809,-3.40152],[35.14679,-3.3992],[35.14521,-3.39883],[35.1449,-3.39668],[35.14655,-3.39242],[35.14713,-3.38662],[35.1486,-3.38453],[35.14873,-3.37892],[35.15581,-3.36714],[35.15739,-3.36595],[35.15847,-3.35894],[35.16067,-3.35745],[35.16018,-3.35416],[35.15821,-3.35244],[35.16018,-3.35115],[35.15795,-3.3475],[35.15546,-3.34635],[35.15187,-3.33799],[35.15355,-3.33483],[35.15242,-3.33294],[35.15494,-3.32501],[35.1476,-3.31962],[35.1452,-3.31327],[35.14412,-3.30473],[35.14698,-3.29707],[35.14989,-3.2849],[35.14699,-3.26805],[35.15117,-3.25305],[35.14967,-3.23847],[35.15741,-3.23265],[35.15069,-3.21818],[35.15135,-3.19388],[35.21324,-3.21181]]]},"properties":{"region":"Arusha","district":"Ngorongoro","ward":"Alaitolei","ward_code":"271"}},{"type":"Feature","geometry":{"type":"Polygon","coordinates":[[[35.43723,-3.2918],[35.46766,-3.30456],[35.46151,-3.35194],[35.44751,-3.35486],[35.44191,-3.35819],[35.43966,-3.36548],[35.42753,-3.35985],[35.4192,-3.33569],[35.42392,-3.32235],[35.40842,-3.31792],[35.39628,-3.32063],[35.37863,-3.31589],[35.37122,-3.31915],[35.36663,-3.31599],[35.35525,-3.32299],[35.35164,-3.33682],[35.34539,-3.34763],[35.34017,-3.35398],[35.33741,-3.36635],[35.3346,-3.37042],[35.32892,-3.37543],[35.32801,-3.37985],[35.32581,-3.38021],[35.32048,-3.3863],[35.31768,-3.38605],[35.31259,-3.3894],[35.30439,-3.38178],[35.29985,-3.37546],[35.29288,-3.36974],[35.29014,-3.36588],[35.28757,-3.35866],[35.2858,-3.35692],[35.28158,-3.35507],[35.2791,-3.35544],[35.27626,-3.3533],[35.27262,-3.35328],[35.26932,-3.3515],[35.26541,-3.35722],[35.25457,-3.36051],[35.2544,-3.3625],[35.25571,-3.36364],[35.25476,-3.36524],[35.25197,-3.36525],[35.25057,-3.36659],[35.24917,-3.36582],[35.24441,-3.36699],[35.24232,-3.36628],[35.23683,-3.37688],[35.23356,-3.37907],[35.23346,-3.3874],[35.23117,-3.38785],[35.22723,-3.39183],[35.22219,-3.3901],[35.22167,-3.39135],[35.22293,-3.39225],[35.21848,-3.39428],[35.21288,-3.40278],[35.20772,-3.40476],[35.20433,-3.40939],[35.20542,-3.41136],[35.1994,-3.41417],[35.19667,-3.42008],[35.19121,-3.42289],[35.19009,-3.42804],[35.19082,-3.43733],[35.19004,-3.44406],[35.1825,-3.4532],[35.16173,-3.46605],[35.16076,-3.46846],[35.15308,-3.47073],[35.14712,-3.47514],[35.13845,-3.47959],[35.13488,-3.48495],[35.13012,-3.48553],[35.10708,-3.50048],[35.09264,-3.51565],[35.07072,-3.53633],[35.07197,-3.5394],[35.07041,-3.53933],[35.0684,-3.5372],[35.06779,-3.53885],[35.06614,-3.53751],[35.06433,-3.53967],[35.06285,-3.53851],[35.05796,-3.53807],[35.05629,-3.53644],[35.05058,-3.5357],[35.04343,-3.53701],[35.03876,-3.53954],[35.03579,-3.54401],[35.0301,-3.55821],[35.02467,-3.56381],[35.02339,-3.56713],[35.02191,-3.5673],[35.02187,-3.56946],[35.01957,-3.5703],[35.01478,-3.57516],[35.00826,-3.57806],[35.00263,-3.58404],[35.00206,-3.58854],[34.99903,-3.59571],[34.99382,-3.59905],[34.99257,-3.59878],[34.99122,-3.60049],[34.98907,-3.60023],[34.98949,-3.60154],[34.98688,-3.604],[34.98552,-3.60376],[34.98367,-3.60514],[34.98356,-3.60641],[34.98215,-3.60491],[34.98179,-3.60715],[34.9812,-3.60647],[34.97833,-3.6081],[34.97878,-3.60983],[34.97781,-3.6119],[34.97689,-3.61209],[34.97776,-3.60897],[34.97593,-3.60785],[34.97658,-3.60594],[34.97542,-3.60598],[34.9747,-3.60774],[34.97306,-3.60613],[34.96975,-3.60706],[34.96701,-3.60645],[34.96454,-3.60734],[34.96416,-3.60873],[34.96247,-3.60835],[34.95663,-3.61089],[34.9553,-3.6103],[34.95538,-3.6063],[34.95144,-3.60343],[34.94401,-3.6033],[34.93944,-3.60648],[34.93593,-3.60751],[34.93395,-3.60954],[34.93058,-3.60932],[34.92827,-3.61091],[34.92537,-3.61097],[34.92613,-3.61478],[34.92376,-3.6159],[34.92039,-3.61463],[34.91997,-3.61584],[34.91798,-3.61567],[34.9152,-3.61402],[34.91463,-3.61527],[34.9121,-3.61545],[34.90493,-3.6145],[34.90237,-3.61655],[34.90132,-3.61563],[34.89862,-3.61608],[34.89609,-3.61514],[34.8944,-3.61607],[34.89508,-3.61687],[34.89394,-3.61854],[34.89155,-3.61757],[34.89208,-3.61932],[34.89096,-3.62104],[34.88978,-3.62102],[34.89103,-3.62203],[34.88757,-3.62167],[34.88744,-3.62326],[34.8854,-3.62428],[34.88512,-3.575],[34.91956,-3.55396],[34.92448,-3.54174],[34.9402,-3.5344],[34.96802,-3.52519],[34.99981,-3.49784],[35.04209,-3.48299],[35.06638,-3.48251],[35.10479,-3.47986],[35.11647,-3.45245],[35.13292,-3.44278],[35.13503,-3.43262],[35.15315,-3.42882],[35.15795,-3.41989],[35.16616,-3.42109],[35.18127,-3.40582],[35.18605,-3.40456],[35.19356,-3.39843],[35.21852,-3.37297],[35.23651,-3.35122],[35.23892,-3.34311],[35.26698,-3.32013],[35.27731,-3.31661],[35.2804,-3.31424],[35.28324,-3.31037],[35.32494,-3.31602],[35.33049,-3.31195],[35.33534,-3.31264],[35.34318,-3.30899],[35.34327,-3.30699],[35.34529,-3.30617],[35.34707,-3.30715],[35.34761,-3.30581],[35.35645,-3.3035],[35.37072,-3.30454],[35.38025,-3.30053],[35.38562,-3.30265],[35.39092,-3.29907],[35.39462,-3.29891],[35.40204,-3.28965],[35.4164,-3.2808],[35.42866,-3.28053],[35.43723,-3.2918]]]},"properties":{"region":"Arusha","district":"Ngorongoro","ward":"Eyasi","ward_code":"281"}},{"type":"Feature","geometry":{"type":"Polygon","coordinates":[[[36.69121,-3.36931],[36.69042,-3.37216],[36.69107,-3.37337],[36.69047,-3.3767],[36.69158,-3.37929],[36.69099,-3.38019],[36.68562,-3.37772],[36.68492,-3.37008],[36.69121,-3.36931]]]},"properties":{"region":"Arusha","district":"Arusha","ward":"Kati","ward_code":"012"}},{"type":"Feature","geometry":{"type":"Polygon","coordinates":[[[36.68874,-3.35914],[36.69313,-3.35954],[36.69377,-3.36255],[36.69223,-3.36428],[36.69121,-3.36931],[36.68516,-3.37003],[36.68375,-3.36392],[36.68391,-3.35992],[36.686,-3.35765],[36.6883,-3.35818],[36.68874,-3.35914]]]},"properties":{"region":"Arusha","district":"Arusha","ward":"Kaloleni","ward_code":"022"}},{"type":"Feature","geometry":{"type":"Polygon","coordinates":[[[36.69313,-3.35954],[36.69941,-3.36025],[36.71002,-3.3648],[36.70616,-3.37462],[36.7058,-3.37911],[36.69468,-3.37241],[36.69202,-3.37332],[36.69048,-3.37281],[36.69223,-3.36428],[36.69377,-3.36255],[36.69313,-3.35954]]]},"properties":{"region":"Arusha","district":"Arusha","ward":"Sekei","ward_code":"032"}},{"type":"Feature","geometry":{"type":"Polygon","coordinates":[[[36.69425,-3.37244],[36.7058,-3.37911],[36.70642,-3.38151],[36.70529,-3.38503],[36.70666,-3.38745],[36.70644,-3.39392],[36.71951,-3.39843],[36.722,-3.40011],[36.72151,-3.40129],[36.72348,-3.40546],[36.72349,-3.40756],[36.72078,-3.40791],[36.72109,-3.40925],[36.71931,-3.40947],[36.71909,-3.40839],[36.71612,-3.40885],[36.71301,-3.40541],[36.70524,-3.40664],[36.69883,-3.40656],[36.69944,-3.40399],[36.69754,-3.40292],[36.70015,-3.39678],[36.69894,-3.39561],[36.69756,-3.3958],[36.69825,-3.3955],[36.6972,-3.39468],[36.69639,-3.38453],[36.69095,-3.38043],[36.69158,-3.37929],[36.69047,-3.3767],[36.69107,-3.37337],[36.69425,-3.37244]]]},"properties":{"region":"Arusha","district":"Arusha","ward":"Themi","ward_code":"072"}},{"type":"Feature","geometry":{"type":"MultiPolygon","coordinates":[[[[36.66239,-3.38057],[36.66317,-3.38067],[36.66313,-3.38066],[36.66239,-3.38057]]],[[[36.68933,-3.37888],[36.69639,-3.38453],[36.69734,-3.38887],[36.69678,-3.39228],[36.6966,-3.39003],[36.69385,-3.39076],[36.69362,-3.3896],[36.68784,-3.38858],[36.68833,-3.38749],[36.68543,-3.38704],[36.68586,-3.38118],[36.68474,-3.38116],[36.68562,-3.37772],[36.68933,-3.37888]]]]},"properties":{"region":"Arusha","district":"Arusha","ward":"Daraja II","ward_code":"112"}},{"type":"Feature","geometry":{"type":"Polygon","coordinates":[[[36.68562,-3.37772],[36.68474,-3.38116],[36.68586,-3.38118],[36.68536,-3.38705],[36.68341,-3.38629],[36.68367,-3.38533],[36.67678,-3.38347],[36.67642,-3.38049],[36.67309,-3.38024],[36.67286,-3.37912],[36.66924,-3.37907],[36.67017,-3.37569],[36.67749,-3.37512],[36.68562,-3.37772]]]},"properties":{"region":"Arusha","district":"Arusha","ward":"Unga Ltd","ward_code":"122"}},{"type":"Feature","geometry":{"type":"MultiPolygon","coordinates":[[[[36.67279,-3.36573],[36.67291,-3.36575],[36.67278,-3.36573],[36.67279,-3.36573]]],[[[36.67896,-3.36081],[36.67931,-3.36264],[36.68053,-3.36247],[36.67966,-3.36528],[36.67767,-3.36755],[36.67931,-3.36826],[36.67896,-3.36924],[36.67716,-3.36909],[36.67848,-3.37192],[36.67823,-3.37506],[36.67282,-3.37549],[36.67276,-3.37155],[36.674,-3.36852],[36.67304,-3.3615],[36.67896,-3.36081]]]]},"properties":{"region":"Arusha","district":"Arusha","ward":"Ngarenaro","ward_code":"142"}},{"type":"Feature","geometry":{"type":"Polygon","coordinates":[[[36.67946,-3.36091],[36.68391,-3.35992],[36.68562,-3.37772],[36.67749,-3.37512],[36.67823,-3.37506],[36.67848,-3.37192],[36.67716,-3.36909],[36.67896,-3.36924],[36.67931,-3.36826],[36.67767,-3.36755],[36.67966,-3.36528],[36.68053,-3.36247],[36.67931,-3.36264],[36.67946,-3.36091]]]},"properties":{"region":"Arusha","district":"Arusha","ward":"Levolosi","ward_code":"152"}},{"type":"Feature","geometry":{"type":"Polygon","coordinates":[[[36.71013,-3.3651],[36.71647,-3.36599],[36.71969,-3.36511],[36.72603,-3.36681],[36.72762,-3.36621],[36.72968,-3.36914],[36.73085,-3.37497],[36.72971,-3.38278],[36.7268,-3.38663],[36.723,-3.38484],[36.71928,-3.38458],[36.71561,-3.38557],[36.71263,-3.38442],[36.7058,-3.37911],[36.70616,-3.37462],[36.71013,-3.3651]]]},"properties":{"region":"Arusha","district":"Arusha","ward":"Kimandolu","ward_code":"042"}},{"type":"Feature","geometry":{"type":"Polygon","coordinates":[[[36.73114,-3.36583],[36.73821,-3.36944],[36.73825,-3.37064],[36.73935,-3.37028],[36.7437,-3.37387],[36.74671,-3.37442],[36.74902,-3.373],[36.74986,-3.37401],[36.75077,-3.37353],[36.75051,-3.3768],[36.74941,-3.37691],[36.74923,-3.37836],[36.74786,-3.37923],[36.74535,-3.38768],[36.74448,-3.38703],[36.74281,-3.38839],[36.73669,-3.38941],[36.73416,-3.39073],[36.7268,-3.38663],[36.72971,-3.38278],[36.73085,-3.37497],[36.72968,-3.36914],[36.72761,-3.36607],[36.73114,-3.36583]]]},"properties":{"region":"Arusha","district":"Arusha","ward":"Baraa","ward_code":"052"}},{"type":"Feature","geometry":{"type":"MultiPolygon","coordinates":[[[[36.74383,-3.39155],[36.74383,-3.39157],[36.74102,-3.39119],[36.74383,-3.39155]]],[[[36.71561,-3.38557],[36.71928,-3.38458],[36.72411,-3.38504],[36.72822,-3.38795],[36.72715,-3.38782],[36.72672,-3.39223],[36.723,-3.39987],[36.70644,-3.39392],[36.70666,-3.38745],[36.70529,-3.38503],[36.70642,-3.38151],[36.7058,-3.37911],[36.71263,-3.38442],[36.71561,-3.38557]]]]},"properties":{"region":"Arusha","district":"Arusha","ward":"Oloirien","ward_code":"062"}},{"type":"Feature","geometry":{"type":"Polygon","coordinates":[[[36.73416,-3.39073],[36.74147,-3.40037],[36.74799,-3.4052],[36.75917,-3.40458],[36.75421,-3.40944],[36.75356,-3.41588],[36.74975,-3.42223],[36.74866,-3.42211],[36.74571,-3.42472],[36.74605,-3.42621],[36.73978,-3.42964],[36.73994,-3.42721],[36.73533,-3.4286],[36.73287,-3.42788],[36.73219,-3.43064],[36.73048,-3.43188],[36.73026,-3.43432],[36.7316,-3.43724],[36.72713,-3.43763],[36.72576,-3.44309],[36.72664,-3.44593],[36.72645,-3.45128],[36.725,-3.45674],[36.72305,-3.4586],[36.72262,-3.46189],[36.72016,-3.46673],[36.71458,-3.45932],[36.71528,-3.45795],[36.7129,-3.44953],[36.71355,-3.44769],[36.71277,-3.44639],[36.71387,-3.44559],[36.71266,-3.4388],[36.71288,-3.43637],[36.71403,-3.43589],[36.71372,-3.43419],[36.71502,-3.43386],[36.7143,-3.43304],[36.71589,-3.42993],[36.71474,-3.42764],[36.71601,-3.42421],[36.71674,-3.42278],[36.71908,-3.42166],[36.72112,-3.41637],[36.72251,-3.41645],[36.72421,-3.41375],[36.72515,-3.41375],[36.72406,-3.41168],[36.72431,-3.40882],[36.72305,-3.40672],[36.72348,-3.40546],[36.72151,-3.40129],[36.72419,-3.39795],[36.72672,-3.39223],[36.72715,-3.38782],[36.73416,-3.39073]],[[36.73711,-3.39737],[36.73687,-3.39743],[36.73755,-3.39725],[36.73711,-3.39737]]]},"properties":{"region":"Arusha","district":"Arusha","ward":"Moshono","ward_code":"192"}},{"type":"Feature","geometry":{"type":"Polygon","coordinates":[[[36.75048,-3.37504],[36.75409,-3.37833],[36.75343,-3.37888],[36.75435,-3.38],[36.75398,-3.38185],[36.75642,-3.38479],[36.75753,-3.39009],[36.75922,-3.39008],[36.76227,-3.3942],[36.76682,-3.39579],[36.76534,-3.39691],[36.76233,-3.39712],[36.75975,-3.399],[36.75917,-3.40458],[36.74857,-3.40534],[36.74147,-3.40037],[36.73416,-3.39073],[36.73669,-3.38941],[36.74281,-3.38839],[36.74448,-3.38703],[36.74535,-3.38768],[36.74786,-3.37923],[36.74923,-3.37836],[36.74941,-3.37691],[36.75051,-3.3768],[36.75048,-3.37504]],[[36.74383,-3.39155],[36.74383,-3.39155],[36.74102,-3.39119],[36.74383,-3.39155]]]},"properties":{"region":"Arusha","district":"Arusha","ward":"Moivaro","ward_code":"252"}},{"type":"Feature","geometry":{"type":"Polygon","coordinates":[[[36.68784,-3.38858],[36.69362,-3.3896],[36.69385,-3.39076],[36.6966,-3.39003],[36.6972,-3.39468],[36.69825,-3.3955],[36.69756,-3.3958],[36.69894,-3.39561],[36.70015,-3.39678],[36.69754,-3.40292],[36.69944,-3.40399],[36.69883,-3.40656],[36.70591,-3.40651],[36.70727,-3.40874],[36.70383,-3.43296],[36.71028,-3.45628],[36.71231,-3.45635],[36.71411,-3.46522],[36.71678,-3.47075],[36.71674,-3.47387],[36.71839,-3.47692],[36.71722,-3.47724],[36.71682,-3.47615],[36.71393,-3.47526],[36.71353,-3.4699],[36.7083,-3.46328],[36.70809,-3.45729],[36.70573,-3.45295],[36.70318,-3.45044],[36.70112,-3.44323],[36.69981,-3.44282],[36.70012,-3.43692],[36.69896,-3.43697],[36.69873,-3.43561],[36.69973,-3.43494],[36.69994,-3.43259],[36.69424,-3.42082],[36.6943,-3.41846],[36.69323,-3.41666],[36.69367,-3.41391],[36.69243,-3.41174],[36.69355,-3.41036],[36.69305,-3.40535],[36.68954,-3.40293],[36.68802,-3.40323],[36.6859,-3.40108],[36.68646,-3.39593],[36.68809,-3.39195],[36.68784,-3.38858]],[[36.7036,-3.41633],[36.70332,-3.41635],[36.70362,-3.41633],[36.7036,-3.41633]]]},"properties":{"region":"Arusha","district":"Arusha","ward":"Lemara","ward_code":"082"}},{"type":"Feature","geometry":{"type":"Polygon","coordinates":[[[36.67855,-3.43965],[36.67828,-3.44099],[36.68481,-3.44151],[36.6928,-3.44011],[36.69823,-3.44299],[36.70112,-3.44323],[36.70318,-3.45044],[36.70573,-3.45295],[36.70809,-3.45729],[36.7083,-3.46328],[36.71353,-3.4699],[36.71393,-3.47526],[36.71899,-3.47743],[36.7215,-3.48219],[36.72568,-3.48637],[36.72553,-3.48748],[36.72655,-3.48737],[36.72732,-3.4886],[36.72948,-3.48832],[36.73463,-3.49212],[36.73219,-3.50835],[36.72457,-3.54195],[36.72129,-3.5382],[36.71806,-3.53692],[36.71463,-3.53762],[36.71267,-3.53479],[36.71322,-3.53197],[36.7118,-3.52677],[36.70861,-3.52615],[36.7067,-3.52764],[36.70508,-3.52598],[36.70404,-3.52629],[36.69974,-3.52162],[36.69806,-3.52153],[36.69757,-3.51822],[36.69342,-3.51614],[36.69147,-3.51218],[36.68958,-3.51098],[36.68993,-3.50507],[36.69117,-3.50283],[36.69019,-3.49373],[36.68892,-3.49087],[36.68452,-3.48891],[36.68331,-3.48362],[36.68055,-3.48028],[36.67953,-3.4766],[36.67733,-3.47531],[36.67507,-3.46899],[36.67608,-3.46485],[36.67499,-3.45706],[36.67776,-3.45674],[36.67337,-3.44814],[36.67501,-3.44403],[36.67424,-3.43966],[36.67855,-3.43965]]]},"properties":{"region":"Arusha","district":"Arusha","ward":"Terrat","ward_code":"092"}},{"type":"Feature","geometry":{"type":"MultiPolygon","coordinates":[[[[36.71767,-3.41799],[36.71755,-3.41802],[36.71787,-3.41794],[36.71767,-3.41799]]],[[[36.67345,-3.38024],[36.67642,-3.38049],[36.67678,-3.38347],[36.67974,-3.3843],[36.67831,-3.38973],[36.67939,-3.39197],[36.67873,-3.4034],[36.67548,-3.41533],[36.67603,-3.41885],[36.67981,-3.42065],[36.68015,-3.42561],[36.68203,-3.42572],[36.6848,-3.42901],[36.68666,-3.43433],[36.68819,-3.43455],[36.6933,-3.43883],[36.69534,-3.43876],[36.69975,-3.44286],[36.69823,-3.44299],[36.6928,-3.44011],[36.68481,-3.44151],[36.67828,-3.44099],[36.67855,-3.43965],[36.67176,-3.43875],[36.67113,-3.43601],[36.66792,-3.43499],[36.6692,-3.43301],[36.6653,-3.43171],[36.6653,-3.42419],[36.66192,-3.42139],[36.66085,-3.41594],[36.66412,-3.41549],[36.66378,-3.41273],[36.665,-3.41247],[36.6626,-3.41054],[36.66349,-3.40924],[36.6624,-3.40776],[36.66667,-3.40575],[36.66593,-3.40128],[36.6692,-3.39937],[36.66674,-3.39364],[36.66852,-3.39065],[36.67185,-3.39098],[36.67237,-3.38235],[36.67345,-3.38024]],[[36.6635,-3.41632],[36.66319,-3.41634],[36.6633,-3.41634],[36.6635,-3.41632]]]]},"properties":{"region":"Arusha","district":"Arusha","ward":"Sokon I","ward_code":"102"}},{"type":"Feature","geometry":{"type":"Polygon","coordinates":[[[36.67067,-3.37565],[36.66891,-3.38019],[36.66921,-3.38354],[36.66591,-3.39242],[36.66301,-3.39203],[36.66213,-3.39134],[36.66199,-3.38885],[36.65687,-3.38669],[36.65662,-3.38269],[36.65347,-3.3798],[36.65296,-3.37652],[36.67067,-3.37565]],[[36.66313,-3.38066],[36.66317,-3.38067],[36.66239,-3.38057],[36.66313,-3.38066]]]},"properties":{"region":"Arusha","district":"Arusha","ward":"Sombetini","ward_code":"132"}},{"type":"Feature","geometry":{"type":"Polygon","coordinates":[[[36.71301,-3.40541],[36.71612,-3.40885],[36.71909,-3.40839],[36.71931,-3.40947],[36.72109,-3.40925],[36.72078,-3.40791],[36.72349,-3.40756],[36.72515,-3.41375],[36.72421,-3.41375],[36.72251,-3.41645],[36.72112,-3.41637],[36.71908,-3.42166],[36.71674,-3.42278],[36.71474,-3.42764],[36.71589,-3.42993],[36.7143,-3.43304],[36.71502,-3.43386],[36.71372,-3.43419],[36.71403,-3.43589],[36.71288,-3.43637],[36.71276,-3.44276],[36.71387,-3.44559],[36.71277,-3.44639],[36.71355,-3.44769],[36.7129,-3.44953],[36.71528,-3.45795],[36.71458,-3.45932],[36.72016,-3.46673],[36.7212,-3.47883],[36.7222,-3.48119],[36.72496,-3.48126],[36.72932,-3.48872],[36.72553,-3.48748],[36.72568,-3.48637],[36.7215,-3.48219],[36.71674,-3.47387],[36.71678,-3.47075],[36.71411,-3.46522],[36.71231,-3.45635],[36.71028,-3.45628],[36.70383,-3.43296],[36.70394,-3.42835],[36.70745,-3.41017],[36.70587,-3.40612],[36.71301,-3.40541]],[[36.71787,-3.41794],[36.71755,-3.41802],[36.71767,-3.41799],[36.71787,-3.41794]]]},"properties":{"region":"Arusha","district":"Arusha","ward":"Engutoto","ward_code":"162"}},{"type":"Feature","geometry":{"type":"Polygon","coordinates":[[[36.654,-3.35748],[36.66645,-3.36024],[36.66536,-3.37609],[36.65298,-3.37652],[36.65311,-3.37399],[36.65533,-3.37346],[36.6566,-3.3647],[36.65134,-3.36132],[36.65143,-3.36057],[36.6544,-3.35912],[36.654,-3.35748]]]},"properties":{"region":"Arusha","district":"Arusha","ward":"Elerai","ward_code":"172"}},{"type":"Feature","geometry":{"type":"Polygon","coordinates":[[[36.65347,-3.3798],[36.65662,-3.38269],[36.65767,-3.38768],[36.65695,-3.38765],[36.65761,-3.38899],[36.65663,-3.38971],[36.65704,-3.39175],[36.65541,-3.39483],[36.65531,-3.39728],[36.65728,-3.401],[36.65814,-3.4008],[36.65824,-3.40487],[36.65951,-3.40605],[36.65751,-3.4143],[36.65324,-3.42509],[36.6395,-3.44196],[36.63941,-3.44688],[36.63685,-3.44793],[36.63175,-3.45812],[36.62848,-3.45767],[36.62608,-3.44777],[36.62716,-3.44255],[36.62528,-3.43787],[36.61326,-3.43168],[36.61471,-3.42298],[36.61463,-3.39838],[36.6222,-3.40485],[36.62704,-3.40383],[36.62701,-3.40001],[36.6229,-3.39784],[36.62261,-3.39674],[36.62064,-3.39718],[36.62091,-3.39553],[36.61978,-3.39539],[36.61716,-3.39243],[36.62138,-3.39384],[36.62714,-3.39266],[36.62722,-3.39052],[36.62912,-3.38964],[36.62983,-3.38754],[36.62852,-3.38484],[36.62876,-3.38331],[36.63375,-3.38239],[36.63966,-3.3695],[36.63866,-3.36695],[36.65134,-3.36132],[36.6566,-3.3647],[36.65533,-3.37346],[36.65311,-3.37399],[36.65347,-3.3798]]]},"properties":{"region":"Arusha","district":"Arusha","ward":"Olasiti","ward_code":"182"}},{"type":"Feature","geometry":{"type":"Polygon","coordinates":[[[36.66412,-3.41549],[36.6613,-3.41564],[36.66087,-3.41643],[36.66192,-3.42139],[36.6653,-3.42419],[36.6653,-3.43171],[36.6692,-3.43301],[36.66792,-3.43499],[36.67113,-3.43601],[36.67176,-3.43875],[36.67429,-3.43923],[36.67501,-3.44403],[36.67337,-3.44814],[36.67776,-3.45674],[36.67499,-3.45706],[36.67603,-3.46256],[36.67507,-3.46899],[36.67592,-3.47256],[36.67725,-3.47367],[36.67758,-3.47565],[36.67953,-3.4766],[36.68055,-3.48028],[36.68331,-3.48362],[36.68452,-3.48891],[36.68892,-3.49087],[36.69019,-3.49373],[36.69117,-3.50283],[36.68993,-3.50507],[36.68958,-3.51098],[36.69147,-3.51218],[36.69342,-3.51614],[36.69757,-3.51822],[36.69806,-3.52153],[36.69974,-3.52162],[36.70404,-3.52629],[36.70508,-3.52598],[36.7067,-3.52764],[36.70861,-3.52615],[36.7118,-3.52677],[36.71322,-3.53197],[36.71267,-3.53479],[36.71463,-3.53762],[36.71806,-3.53692],[36.72129,-3.5382],[36.72457,-3.54195],[36.72133,-3.55625],[36.71475,-3.5607],[36.70735,-3.56379],[36.69952,-3.56139],[36.6917,-3.5573],[36.68717,-3.55783],[36.6827,-3.55688],[36.67326,-3.53303],[36.67383,-3.52918],[36.66029,-3.52978],[36.65933,-3.52817],[36.65303,-3.52961],[36.64517,-3.53321],[36.64148,-3.53609],[36.63671,-3.53677],[36.63562,-3.53776],[36.63795,-3.52974],[36.63344,-3.52411],[36.63461,-3.51405],[36.63236,-3.50777],[36.6317,-3.50406],[36.63234,-3.50199],[36.62901,-3.49392],[36.63005,-3.49238],[36.62899,-3.49068],[36.6303,-3.48886],[36.62974,-3.48645],[36.63099,-3.48142],[36.62988,-3.47661],[36.63076,-3.47642],[36.63112,-3.47299],[36.6325,-3.47174],[36.63162,-3.47179],[36.63043,-3.46944],[36.63,-3.46462],[36.62752,-3.46259],[36.62805,-3.4614],[36.62661,-3.45947],[36.62848,-3.45767],[36.63175,-3.45812],[36.63685,-3.44793],[36.63968,-3.44634],[36.63923,-3.44273],[36.64034,-3.44051],[36.65324,-3.42509],[36.65705,-3.41532],[36.65935,-3.41579],[36.66391,-3.41439],[36.66412,-3.41549]]]},"properties":{"region":"Arusha","district":"Arusha","ward":"Muriet","ward_code":"202"}},{"type":"Feature","geometry":{"type":"MultiPolygon","coordinates":[[[[36.70359,-3.41634],[36.70332,-3.41635],[36.70362,-3.41633],[36.70359,-3.41634]]],[[[36.6633,-3.41634],[36.66319,-3.41634],[36.6635,-3.41632],[36.6633,-3.41634]]],[[[36.60646,-3.33612],[36.6126,-3.33721],[36.60894,-3.34182],[36.60811,-3.34828],[36.60624,-3.35242],[36.60636,-3.35525],[36.60422,-3.35867],[36.61823,-3.36539],[36.63332,-3.36584],[36.63866,-3.36695],[36.63966,-3.3695],[36.63375,-3.38239],[36.62876,-3.38331],[36.62852,-3.38484],[36.62983,-3.38754],[36.62912,-3.38964],[36.62722,-3.39052],[36.62714,-3.39266],[36.62138,-3.39384],[36.61716,-3.39243],[36.61978,-3.39539],[36.62091,-3.39553],[36.62064,-3.39718],[36.62261,-3.39674],[36.6229,-3.39784],[36.62701,-3.40001],[36.6273,-3.40224],[36.62669,-3.40404],[36.62537,-3.40361],[36.6222,-3.40485],[36.61463,-3.39838],[36.61471,-3.42298],[36.61326,-3.43168],[36.60617,-3.4381],[36.60223,-3.43676],[36.59821,-3.43877],[36.59764,-3.44073],[36.58977,-3.42975],[36.59468,-3.42209],[36.59174,-3.40231],[36.58224,-3.39382],[36.58755,-3.39066],[36.59102,-3.392],[36.59094,-3.38315],[36.58603,-3.37816],[36.58867,-3.37512],[36.58805,-3.36814],[36.58641,-3.36333],[36.58677,-3.35323],[36.59051,-3.34488],[36.59377,-3.33826],[36.59988,-3.33593],[36.6023,-3.33197],[36.60552,-3.33091],[36.60646,-3.33612]]]]},"properties":{"region":"Arusha","district":"Arusha","ward":"Olmoti","ward_code":"212"}},{"type":"Feature","geometry":{"type":"Polygon","coordinates":[[[36.66645,-3.36091],[36.67304,-3.3615],[36.674,-3.36852],[36.67276,-3.37155],[36.67282,-3.37549],[36.66536,-3.37609],[36.66645,-3.36091]],[[36.67278,-3.36573],[36.67291,-3.36575],[36.67278,-3.36573],[36.67278,-3.36573]]]},"properties":{"region":"Arusha","district":"Arusha","ward":"Sakina","ward_code":"222"}},{"type":"Feature","geometry":{"type":"Polygon","coordinates":[[[36.66924,-3.37907],[36.67332,-3.37945],[36.67158,-3.38902],[36.67214,-3.39031],[36.67185,-3.39098],[36.66852,-3.39065],[36.66731,-3.39175],[36.66672,-3.39389],[36.6692,-3.39937],[36.66593,-3.40128],[36.6664,-3.40635],[36.6624,-3.40776],[36.66349,-3.40924],[36.6626,-3.41054],[36.665,-3.41247],[36.66378,-3.41273],[36.66391,-3.41439],[36.65686,-3.41573],[36.65951,-3.40605],[36.65824,-3.40487],[36.65814,-3.4008],[36.65728,-3.401],[36.65531,-3.39728],[36.65541,-3.39483],[36.65704,-3.39175],[36.65663,-3.38971],[36.65761,-3.38899],[36.65687,-3.38669],[36.66199,-3.38885],[36.66213,-3.39134],[36.66301,-3.39203],[36.66591,-3.39242],[36.66937,-3.38295],[36.66924,-3.37907]]]},"properties":{"region":"Arusha","district":"Arusha","ward":"Osunyai Jr","ward_code":"232"}},{"type":"Feature","geometry":{"type":"MultiPolygon","coordinates":[[[[36.73755,-3.39725],[36.73687,-3.39743],[36.73711,-3.39737],[36.73755,-3.39725]]],[[[36.68555,-3.38489],[36.68555,-3.3849],[36.68565,-3.38448],[36.68555,-3.38489]]],[[[36.68381,-3.38644],[36.68833,-3.38749],[36.6859,-3.40108],[36.68802,-3.40323],[36.68954,-3.40293],[36.6932,-3.40576],[36.69265,-3.40691],[36.69354,-3.40755],[36.69355,-3.41036],[36.69243,-3.41174],[36.69367,-3.41391],[36.69323,-3.41666],[36.69581,-3.4251],[36.69932,-3.43011],[36.69992,-3.43419],[36.69873,-3.43589],[36.69896,-3.43697],[36.70012,-3.43692],[36.69993,-3.44245],[36.69534,-3.43876],[36.6933,-3.43883],[36.68819,-3.43455],[36.68666,-3.43433],[36.6848,-3.42901],[36.68203,-3.42572],[36.68015,-3.42561],[36.67981,-3.42065],[36.67603,-3.41885],[36.67548,-3.41533],[36.67762,-3.40951],[36.67894,-3.40122],[36.67939,-3.39197],[36.67871,-3.39185],[36.67848,-3.38845],[36.67974,-3.3843],[36.68367,-3.38533],[36.68381,-3.38644]]]]},"properties":{"region":"Arusha","district":"Arusha","ward":"Sinoni","ward_code":"242"}},{"type":"Feature","geometry":{"type":"Polygon","coordinates":[[[35.59204,-2.18044],[35.60582,-2.18348],[35.62203,-2.18308],[35.62594,-2.2007],[35.62931,-2.20349],[35.62992,-2.20229],[35.63129,-2.20219],[35.63429,-2.20332],[35.635,-2.20505],[35.63628,-2.20487],[35.63655,-2.20665],[35.64015,-2.20533],[35.64266,-2.20642],[35.64323,-2.2043],[35.64414,-2.20508],[35.64743,-2.20455],[35.6491,-2.21821],[35.64962,-2.23355],[35.65079,-2.238],[35.65072,-2.2997],[35.64715,-2.336],[35.64626,-2.3673],[35.59876,-2.36811],[35.59342,-2.36942],[35.59071,-2.36513],[35.59139,-2.35863],[35.58945,-2.35093],[35.58245,-2.34996],[35.58501,-2.3473],[35.58169,-2.34372],[35.5792,-2.3451],[35.57685,-2.3389],[35.57875,-2.33804],[35.57516,-2.3314],[35.57027,-2.32983],[35.5651,-2.31854],[35.55228,-2.31276],[35.54417,-2.30575],[35.52097,-2.29928],[35.49625,-2.29933],[35.47578,-2.28684],[35.46024,-2.28759],[35.44058,-2.30159],[35.40664,-2.3031],[35.39387,-2.30612],[35.38663,-2.30921],[35.36459,-2.31094],[35.33703,-2.31028],[35.32278,-2.31232],[35.31677,-2.31174],[35.3043,-2.30862],[35.30019,-2.30891],[35.28686,-2.31338],[35.26658,-2.31113],[35.26657,-2.30255],[35.24252,-2.19342],[35.25218,-2.19177],[35.29335,-2.19936],[35.31962,-2.19514],[35.32623,-2.19304],[35.357,-2.18981],[35.38215,-2.18882],[35.38595,-2.1877],[35.45329,-2.18817],[35.4691,-2.1834],[35.5,-2.18137],[35.50761,-2.18276],[35.5424,-2.18366],[35.56464,-2.18264],[35.56906,-2.18426],[35.58045,-2.1815],[35.59204,-2.18044]]]},"properties":{"region":"Arusha","district":"Ngorongoro","ward":"Maalon","ward_code":"191"}},{"type":"Feature","geometry":{"type":"Polygon","coordinates":[[[36.6729,-3.30079],[36.67657,-3.30175],[36.67922,-3.30502],[36.67815,-3.30669],[36.67616,-3.30727],[36.67204,-3.31298],[36.66935,-3.3104],[36.66899,-3.30872],[36.66227,-3.30504],[36.66148,-3.30355],[36.65743,-3.30102],[36.6503,-3.3083],[36.64757,-3.31538],[36.64359,-3.31989],[36.64012,-3.31409],[36.63725,-3.31798],[36.63772,-3.3122],[36.63896,-3.31205],[36.63953,-3.31306],[36.64503,-3.30462],[36.64799,-3.30188],[36.65363,-3.29913],[36.65412,-3.29762],[36.63925,-3.28589],[36.64169,-3.28193],[36.64355,-3.28128],[36.66023,-3.28959],[36.66029,-3.29049],[36.66595,-3.29408],[36.66616,-3.29671],[36.6729,-3.30079]]]},"properties":{"region":"Arusha","district":"Arumeru","ward":"Olmotonyi","ward_code":"213"}}]}