{"type":"FeatureCollection","features":[{"type":"Feature","geometry":{"type":"Polygon","coordinates":[[[35.67425,-4.73496],[35.67984,-4.73796],[35.69282,-4.73583],[35.69827,-4.73951],[35.70185,-4.74353],[35.70718,-4.74509],[35.71627,-4.74583],[35.73382,-4.74613],[35.75029,-4.74484],[35.77001,-4.73897],[35.76726,-4.74913],[35.76647,-4.75752],[35.76837,-4.77555],[35.76855,-4.7895],[35.76713,-4.79542],[35.76999,-4.80609],[35.75305,-4.81128],[35.74791,-4.815],[35.74498,-4.82007],[35.74183,-4.8231],[35.70865,-4.82986],[35.69084,-4.83199],[35.6777,-4.83047],[35.66779,-4.83112],[35.654,-4.83755],[35.64027,-4.84867],[35.63206,-4.84972],[35.62001,-4.84845],[35.61682,-4.85107],[35.61186,-4.85191],[35.60836,-4.8537],[35.6065,-4.85265],[35.59887,-4.85437],[35.59789,-4.8564],[35.59631,-4.85632],[35.5947,-4.85774],[35.59398,-4.86167],[35.58957,-4.86473],[35.58213,-4.8642],[35.57925,-4.86508],[35.57832,-4.85796],[35.58043,-4.84297],[35.58474,-4.83564],[35.58908,-4.83296],[35.5948,-4.82466],[35.59724,-4.81739],[35.59967,-4.80475],[35.64207,-4.76593],[35.64252,-4.76155],[35.65398,-4.74883],[35.65898,-4.74903],[35.66428,-4.74681],[35.6661,-4.74509],[35.66685,-4.74216],[35.66987,-4.73804],[35.67425,-4.73496]]]},"properties":{"region":"Dodoma","district":"Kondoa","ward":"Changaa","ward_code":"011"}},{"type":"Feature","geometry":{"type":"Polygon","coordinates":[[[35.60684,-4.69074],[35.62528,-4.70847],[35.64149,-4.70233],[35.6527,-4.70428],[35.6625,-4.71513],[35.67013,-4.71958],[35.66928,-4.72462],[35.67425,-4.73496],[35.66987,-4.73804],[35.66685,-4.74216],[35.6661,-4.74509],[35.66428,-4.74681],[35.65898,-4.74903],[35.65398,-4.74883],[35.64252,-4.76155],[35.64207,-4.76593],[35.59967,-4.80475],[35.59724,-4.81739],[35.5948,-4.82466],[35.58908,-4.83296],[35.58474,-4.83564],[35.58043,-4.84297],[35.57832,-4.85796],[35.57925,-4.86508],[35.56955,-4.8689],[35.55207,-4.87286],[35.53555,-4.8798],[35.50632,-4.8809],[35.4947,-4.87923],[35.47689,-4.87828],[35.43251,-4.88024],[35.4303,-4.86319],[35.44225,-4.85549],[35.45983,-4.84719],[35.46728,-4.84487],[35.47967,-4.84426],[35.48363,-4.84231],[35.48724,-4.8395],[35.49663,-4.8265],[35.50589,-4.81726],[35.51159,-4.79759],[35.51236,-4.79193],[35.51484,-4.78556],[35.51689,-4.78339],[35.51931,-4.7757],[35.52736,-4.76252],[35.53047,-4.75327],[35.53927,-4.73656],[35.55338,-4.72571],[35.57834,-4.71164],[35.58308,-4.70801],[35.58349,-4.7055],[35.60684,-4.69074]]]},"properties":{"region":"Dodoma","district":"Kondoa","ward":"Hondomairo","ward_code":"021"}},{"type":"Feature","geometry":{"type":"Polygon","coordinates":[[[35.72681,-4.62087],[35.73799,-4.63095],[35.75891,-4.63951],[35.74479,-4.64419],[35.74641,-4.64635],[35.74854,-4.65358],[35.75655,-4.65553],[35.75862,-4.65756],[35.7595,-4.65688],[35.76273,-4.65777],[35.76275,-4.65907],[35.76483,-4.66046],[35.76462,-4.66252],[35.76835,-4.66697],[35.76807,-4.6691],[35.7691,-4.67124],[35.77249,-4.67282],[35.77773,-4.68629],[35.7814,-4.69004],[35.78386,-4.69054],[35.78691,-4.69436],[35.78681,-4.69667],[35.78266,-4.7035],[35.78409,-4.70833],[35.7789,-4.71466],[35.77354,-4.72823],[35.7764,-4.73919],[35.77005,-4.73896],[35.7654,-4.73984],[35.75029,-4.74484],[35.73382,-4.74613],[35.70718,-4.74509],[35.70131,-4.74329],[35.69827,-4.73951],[35.69282,-4.73583],[35.67984,-4.73796],[35.67425,-4.73496],[35.67311,-4.73291],[35.66928,-4.72462],[35.67013,-4.71958],[35.6625,-4.71513],[35.65537,-4.70807],[35.65426,-4.70515],[35.64604,-4.70261],[35.64149,-4.70233],[35.62528,-4.70847],[35.60684,-4.69074],[35.60839,-4.68725],[35.6082,-4.675],[35.60954,-4.66951],[35.61597,-4.66618],[35.61927,-4.65073],[35.61862,-4.64658],[35.62116,-4.64283],[35.63764,-4.63491],[35.64314,-4.62963],[35.65354,-4.62217],[35.65887,-4.62],[35.66842,-4.62141],[35.68164,-4.62101],[35.6911,-4.6226],[35.70177,-4.61988],[35.71233,-4.6129],[35.71344,-4.61044],[35.71936,-4.60887],[35.72489,-4.61159],[35.72503,-4.61709],[35.72681,-4.62087]]]},"properties":{"region":"Dodoma","district":"Kondoa","ward":"Thawi","ward_code":"031"}},{"type":"Feature","geometry":{"type":"Polygon","coordinates":[[[35.68179,-4.4818],[35.68825,-4.486],[35.68887,-4.48728],[35.6882,-4.48903],[35.69057,-4.48914],[35.69151,-4.49266],[35.69796,-4.49826],[35.69923,-4.50202],[35.70065,-4.50255],[35.70101,-4.50603],[35.7026,-4.50733],[35.70446,-4.51301],[35.7056,-4.5137],[35.7053,-4.51522],[35.70648,-4.5173],[35.70927,-4.51898],[35.70881,-4.52562],[35.70764,-4.52729],[35.70521,-4.52809],[35.70693,-4.53083],[35.70565,-4.53362],[35.70981,-4.5376],[35.7081,-4.54208],[35.70925,-4.54446],[35.71511,-4.54927],[35.71654,-4.55503],[35.71929,-4.55712],[35.72076,-4.55977],[35.71976,-4.5613],[35.71956,-4.5659],[35.7154,-4.57536],[35.7144,-4.58136],[35.71335,-4.61079],[35.71233,-4.6129],[35.70741,-4.61685],[35.70177,-4.61988],[35.6911,-4.6226],[35.68164,-4.62101],[35.66842,-4.62141],[35.65887,-4.62],[35.64995,-4.62465],[35.63764,-4.63491],[35.65202,-4.60546],[35.65279,-4.59729],[35.66148,-4.5907],[35.66459,-4.58382],[35.66409,-4.57779],[35.65623,-4.56571],[35.65279,-4.55658],[35.65836,-4.54141],[35.65873,-4.53728],[35.65767,-4.53048],[35.65488,-4.52902],[35.65433,-4.52245],[35.65214,-4.52003],[35.65282,-4.51594],[35.65125,-4.51273],[35.65308,-4.50785],[35.65159,-4.49813],[35.65592,-4.49626],[35.66125,-4.48882],[35.66516,-4.48746],[35.66848,-4.48772],[35.67121,-4.48535],[35.67466,-4.48661],[35.67683,-4.48571],[35.67934,-4.48117],[35.68179,-4.4818]]]},"properties":{"region":"Dodoma","district":"Kondoa","ward":"Kikilo","ward_code":"041"}},{"type":"Feature","geometry":{"type":"Polygon","coordinates":[[[35.78145,-4.5717],[35.77824,-4.57607],[35.77772,-4.57824],[35.77732,-4.58239],[35.77838,-4.58558],[35.79519,-4.60637],[35.80249,-4.60958],[35.8182,-4.62204],[35.82419,-4.63079],[35.82266,-4.63234],[35.82384,-4.63889],[35.83397,-4.64828],[35.83619,-4.65581],[35.83393,-4.66778],[35.82193,-4.68949],[35.82296,-4.70784],[35.82075,-4.72097],[35.81318,-4.73877],[35.81006,-4.74347],[35.80711,-4.74606],[35.79076,-4.74874],[35.78112,-4.75137],[35.77528,-4.73628],[35.77354,-4.72823],[35.7789,-4.71466],[35.78409,-4.70833],[35.78266,-4.7035],[35.78681,-4.69667],[35.78691,-4.69436],[35.78386,-4.69054],[35.7814,-4.69004],[35.77773,-4.68629],[35.77249,-4.67282],[35.7691,-4.67124],[35.76807,-4.6691],[35.76835,-4.66697],[35.76462,-4.66252],[35.76483,-4.66046],[35.76275,-4.65907],[35.76273,-4.65777],[35.7595,-4.65688],[35.75862,-4.65756],[35.75655,-4.65553],[35.74854,-4.65358],[35.74641,-4.64635],[35.74479,-4.64419],[35.75891,-4.63951],[35.73799,-4.63095],[35.72559,-4.61951],[35.72489,-4.61159],[35.71936,-4.60887],[35.71344,-4.61044],[35.71469,-4.58016],[35.73417,-4.57766],[35.73858,-4.58319],[35.74795,-4.57706],[35.75955,-4.57171],[35.76231,-4.57163],[35.76548,-4.57286],[35.76803,-4.57093],[35.77662,-4.56964],[35.78041,-4.5702],[35.78145,-4.5717]]]},"properties":{"region":"Dodoma","district":"Kondoa","ward":"Soera","ward_code":"183"}},{"type":"Feature","geometry":{"type":"MultiPolygon","coordinates":[[[[35.68136,-4.48141],[35.68155,-4.48158],[35.68033,-4.48091],[35.68136,-4.48141]]],[[[35.6958,-4.47346],[35.70802,-4.47678],[35.71338,-4.4754],[35.72439,-4.47743],[35.72917,-4.47638],[35.73208,-4.47875],[35.74379,-4.47833],[35.74896,-4.48395],[35.76024,-4.48642],[35.77603,-4.48798],[35.76457,-4.50175],[35.76504,-4.53564],[35.76366,-4.54743],[35.76496,-4.54871],[35.76088,-4.57159],[35.74795,-4.57706],[35.73858,-4.58319],[35.73417,-4.57766],[35.71469,-4.58016],[35.7167,-4.57096],[35.71956,-4.5659],[35.71976,-4.5613],[35.72076,-4.55977],[35.71929,-4.55712],[35.71654,-4.55503],[35.71511,-4.54927],[35.70925,-4.54446],[35.7081,-4.54208],[35.70981,-4.5376],[35.70565,-4.53362],[35.70693,-4.53083],[35.70521,-4.52809],[35.70764,-4.52729],[35.70881,-4.52562],[35.70927,-4.51898],[35.70648,-4.5173],[35.7053,-4.51522],[35.7056,-4.5137],[35.70446,-4.51301],[35.7026,-4.50733],[35.70101,-4.50603],[35.70065,-4.50255],[35.69923,-4.50202],[35.69796,-4.49826],[35.69151,-4.49266],[35.69057,-4.48914],[35.6882,-4.48903],[35.68887,-4.48728],[35.68825,-4.486],[35.68618,-4.48536],[35.68232,-4.48195],[35.68342,-4.48135],[35.68452,-4.47925],[35.68404,-4.47809],[35.68566,-4.47638],[35.68716,-4.47651],[35.69008,-4.47451],[35.6958,-4.47346]]]]},"properties":{"region":"Dodoma","district":"Kondoa","ward":"Salanka","ward_code":"051"}},{"type":"Feature","geometry":{"type":"Polygon","coordinates":[[[35.81666,-4.38841],[35.84371,-4.43354],[35.80168,-4.41443],[35.78438,-4.43388],[35.77967,-4.44148],[35.77562,-4.45063],[35.77327,-4.47584],[35.77529,-4.4802],[35.77663,-4.48701],[35.77603,-4.48798],[35.76024,-4.48642],[35.74896,-4.48395],[35.74379,-4.47833],[35.73208,-4.47875],[35.72917,-4.47638],[35.72439,-4.47743],[35.71338,-4.4754],[35.70802,-4.47678],[35.70469,-4.47655],[35.70349,-4.47527],[35.69536,-4.47355],[35.69699,-4.46944],[35.70226,-4.46628],[35.70299,-4.46447],[35.70679,-4.4617],[35.7066,-4.46062],[35.70746,-4.46141],[35.70996,-4.45992],[35.71327,-4.45443],[35.71475,-4.45456],[35.72043,-4.45175],[35.72277,-4.45215],[35.72716,-4.44979],[35.73158,-4.44537],[35.73438,-4.44506],[35.74033,-4.43865],[35.74488,-4.4359],[35.74836,-4.42769],[35.75226,-4.42428],[35.75306,-4.42152],[35.75961,-4.42129],[35.76137,-4.41948],[35.7626,-4.41945],[35.76331,-4.41743],[35.76554,-4.41561],[35.77231,-4.41651],[35.77617,-4.41374],[35.77861,-4.41315],[35.77944,-4.40746],[35.77823,-4.40532],[35.78193,-4.39996],[35.78227,-4.39551],[35.78425,-4.39153],[35.78912,-4.38653],[35.79237,-4.38623],[35.79521,-4.38476],[35.79926,-4.38072],[35.81184,-4.36243],[35.81693,-4.37344],[35.81666,-4.38841]]]},"properties":{"region":"Dodoma","district":"Kondoa","ward":"Bereko","ward_code":"063"}},{"type":"Feature","geometry":{"type":"Polygon","coordinates":[[[35.83668,-4.32539],[35.84281,-4.33333],[35.84544,-4.33379],[35.85041,-4.3373],[35.85811,-4.33997],[35.86574,-4.34485],[35.87748,-4.34571],[35.88834,-4.34894],[35.89418,-4.34858],[35.89665,-4.349],[35.89704,-4.34998],[35.9021,-4.35014],[35.92354,-4.36009],[35.94495,-4.37276],[35.9569,-4.37648],[35.97721,-4.37949],[35.97943,-4.38065],[35.99968,-4.39463],[35.99567,-4.41331],[35.99186,-4.41459],[35.9886,-4.41825],[35.96939,-4.43297],[35.8864,-4.43274],[35.8702,-4.43345],[35.8594,-4.43267],[35.84371,-4.43354],[35.81666,-4.38841],[35.81693,-4.37344],[35.81184,-4.36243],[35.81397,-4.35416],[35.81824,-4.3496],[35.81881,-4.34687],[35.8263,-4.33796],[35.83104,-4.32445],[35.83668,-4.32539]]]},"properties":{"region":"Dodoma","district":"Kondoa","ward":"Kikore","ward_code":"071"}},{"type":"Feature","geometry":{"type":"Polygon","coordinates":[[[35.91354,-4.59061],[35.91448,-4.60038],[35.91683,-4.60153],[35.91775,-4.60413],[35.91523,-4.60661],[35.91617,-4.61084],[35.91576,-4.61406],[35.9143,-4.61695],[35.91182,-4.61905],[35.91174,-4.62102],[35.90542,-4.63482],[35.90147,-4.6496],[35.90089,-4.6563],[35.90196,-4.65913],[35.91144,-4.66973],[35.88856,-4.70029],[35.87754,-4.71275],[35.86408,-4.71377],[35.85413,-4.7044],[35.85167,-4.69226],[35.85112,-4.68439],[35.84808,-4.67298],[35.83194,-4.67133],[35.83393,-4.66778],[35.83619,-4.65581],[35.83397,-4.64828],[35.82384,-4.63889],[35.82266,-4.63234],[35.82419,-4.63079],[35.8182,-4.62204],[35.80908,-4.61548],[35.80983,-4.61332],[35.81397,-4.60968],[35.81882,-4.60936],[35.82188,-4.60543],[35.82497,-4.60426],[35.82966,-4.60389],[35.83584,-4.60566],[35.83672,-4.60406],[35.84025,-4.60305],[35.85041,-4.59605],[35.85452,-4.59444],[35.8576,-4.59368],[35.86587,-4.59573],[35.89271,-4.57602],[35.90516,-4.57556],[35.91172,-4.58347],[35.91127,-4.58566],[35.91354,-4.59061]]]},"properties":{"region":"Dodoma","district":"Kondoa","ward":"Mnenia","ward_code":"171"}},{"type":"Feature","geometry":{"type":"Polygon","coordinates":[[[35.87196,-4.54288],[35.8727,-4.56051],[35.87569,-4.56309],[35.88088,-4.56531],[35.88959,-4.5676],[35.89271,-4.57602],[35.86587,-4.59573],[35.85757,-4.59368],[35.85041,-4.59605],[35.84267,-4.60164],[35.83672,-4.60406],[35.83584,-4.60566],[35.82966,-4.60389],[35.82497,-4.60426],[35.82188,-4.60543],[35.81882,-4.60936],[35.81397,-4.60968],[35.80983,-4.61332],[35.80908,-4.61548],[35.80249,-4.60958],[35.79519,-4.60637],[35.77838,-4.58558],[35.77732,-4.58239],[35.77772,-4.57824],[35.77824,-4.57607],[35.78145,-4.5717],[35.78628,-4.5723],[35.78831,-4.57067],[35.79158,-4.57112],[35.79271,-4.57294],[35.79646,-4.57066],[35.79917,-4.57153],[35.80193,-4.57106],[35.80589,-4.57412],[35.80948,-4.57516],[35.81138,-4.57715],[35.81462,-4.57841],[35.81634,-4.57808],[35.8169,-4.57664],[35.81798,-4.57722],[35.82509,-4.57459],[35.82975,-4.57511],[35.82781,-4.57251],[35.82734,-4.56709],[35.83083,-4.55555],[35.83133,-4.5484],[35.83441,-4.5449],[35.84956,-4.54317],[35.87196,-4.54288]]]},"properties":{"region":"Dodoma","district":"Kondoa","ward":"Masange","ward_code":"193"}},{"type":"Feature","geometry":{"type":"Polygon","coordinates":[[[35.81069,-4.47064],[35.8153,-4.47697],[35.81885,-4.47898],[35.82415,-4.48463],[35.82802,-4.48699],[35.83683,-4.49507],[35.87049,-4.50797],[35.87596,-4.51086],[35.87089,-4.53142],[35.87062,-4.53571],[35.87196,-4.54288],[35.84956,-4.54317],[35.83441,-4.5449],[35.83133,-4.5484],[35.83083,-4.55555],[35.82734,-4.56709],[35.82781,-4.57251],[35.82975,-4.57511],[35.82509,-4.57459],[35.81798,-4.57722],[35.8169,-4.57664],[35.81634,-4.57808],[35.81462,-4.57841],[35.81138,-4.57715],[35.80948,-4.57516],[35.80589,-4.57412],[35.80193,-4.57106],[35.79917,-4.57153],[35.79646,-4.57066],[35.79271,-4.57294],[35.79158,-4.57112],[35.78831,-4.57067],[35.78628,-4.5723],[35.78357,-4.57229],[35.78145,-4.5717],[35.78041,-4.5702],[35.77662,-4.56964],[35.76803,-4.57093],[35.76548,-4.57286],[35.76088,-4.57159],[35.76496,-4.54871],[35.76366,-4.54743],[35.76504,-4.53564],[35.76457,-4.50175],[35.77663,-4.48701],[35.78322,-4.48202],[35.79247,-4.47681],[35.81069,-4.47064]]]},"properties":{"region":"Dodoma","district":"Kondoa","ward":"Itololo","ward_code":"201"}},{"type":"Feature","geometry":{"type":"Polygon","coordinates":[[[35.80168,-4.41443],[35.84371,-4.43354],[35.8594,-4.43267],[35.8702,-4.43345],[35.8864,-4.43274],[35.96968,-4.43318],[35.97152,-4.43841],[35.97441,-4.45406],[35.96132,-4.49555],[35.95238,-4.51774],[35.95161,-4.52964],[35.94906,-4.53823],[35.93176,-4.55311],[35.92657,-4.56105],[35.91299,-4.56656],[35.90526,-4.57556],[35.89271,-4.57602],[35.88959,-4.5676],[35.88088,-4.56531],[35.87414,-4.56212],[35.8727,-4.56051],[35.87205,-4.55768],[35.87196,-4.54288],[35.87055,-4.53483],[35.87596,-4.51086],[35.87049,-4.50797],[35.83683,-4.49507],[35.82802,-4.48699],[35.82415,-4.48463],[35.81885,-4.47898],[35.8153,-4.47697],[35.81069,-4.47064],[35.79247,-4.47681],[35.78322,-4.48202],[35.77663,-4.48701],[35.77529,-4.4802],[35.77327,-4.47584],[35.77562,-4.45063],[35.77967,-4.44148],[35.7852,-4.43286],[35.80168,-4.41443]]]},"properties":{"region":"Dodoma","district":"Kondoa","ward":"Kisese","ward_code":"213"}},{"type":"Feature","geometry":{"type":"Polygon","coordinates":[[[36.30092,-4.21903],[36.30722,-4.48097],[36.30442,-4.48258],[36.29384,-4.48479],[36.27235,-4.49883],[36.24352,-4.52437],[36.2205,-4.52644],[36.21682,-4.55902],[36.21874,-4.56465],[36.21452,-4.5794],[36.21599,-4.58076],[36.20352,-4.59052],[36.17889,-4.61488],[36.12613,-4.60879],[36.09199,-4.60854],[36.04898,-4.60424],[36.02618,-4.60846],[36.01947,-4.60226],[36.00274,-4.59387],[35.99848,-4.5957],[35.9886,-4.59664],[35.97354,-4.592],[35.94815,-4.59245],[35.94623,-4.58471],[35.92683,-4.56064],[35.93176,-4.55311],[35.94778,-4.53979],[35.95038,-4.5343],[35.95201,-4.52646],[35.95238,-4.51774],[35.96132,-4.49555],[35.97441,-4.45406],[35.97152,-4.43841],[35.96941,-4.43294],[35.9886,-4.41825],[35.99186,-4.41459],[35.99567,-4.41331],[35.99968,-4.39463],[36.01284,-4.38593],[36.29984,-4.21905],[36.30092,-4.21903]]]},"properties":{"region":"Dodoma","district":"Kondoa","ward":"Itaswi","ward_code":"081"}},{"type":"Feature","geometry":{"type":"Polygon","coordinates":[[[36.30659,-4.80847],[36.31118,-4.82054],[36.31311,-4.82305],[36.31713,-4.82629],[36.32689,-4.83879],[36.33502,-4.84607],[36.28356,-4.84506],[36.25289,-4.84313],[36.216,-4.8491],[36.21355,-4.82426],[36.1441,-4.83578],[36.13502,-4.84276],[36.12951,-4.84454],[36.12323,-4.83674],[36.11286,-4.8293],[36.10734,-4.82914],[36.08591,-4.83415],[36.07929,-4.83262],[36.07073,-4.8349],[36.06414,-4.83385],[36.05492,-4.8366],[36.05099,-4.83455],[36.04241,-4.83574],[36.02906,-4.83566],[36.03202,-4.82934],[36.0334,-4.82101],[36.03236,-4.8182],[36.03618,-4.81475],[36.04004,-4.79964],[36.03946,-4.79855],[36.04425,-4.79471],[36.04702,-4.79094],[36.05125,-4.78816],[36.05488,-4.78362],[36.05773,-4.77335],[36.07168,-4.74282],[36.08221,-4.72585],[36.08673,-4.71526],[36.09296,-4.70498],[36.13397,-4.65896],[36.16593,-4.62895],[36.1895,-4.60394],[36.20352,-4.59052],[36.21599,-4.58076],[36.23107,-4.5948],[36.24868,-4.60413],[36.26833,-4.60618],[36.28811,-4.61722],[36.28883,-4.63475],[36.29012,-4.64252],[36.29608,-4.65994],[36.29597,-4.67295],[36.29395,-4.69297],[36.29274,-4.69699],[36.30015,-4.72514],[36.30271,-4.73952],[36.3034,-4.77626],[36.30478,-4.78988],[36.30766,-4.80129],[36.30659,-4.80847]]]},"properties":{"region":"Dodoma","district":"Kondoa","ward":"Keikei","ward_code":"091"}},{"type":"Feature","geometry":{"type":"Polygon","coordinates":[[[36.337,-4.85494],[36.33803,-4.88976],[36.32894,-4.91479],[36.32752,-4.92152],[36.32613,-4.94493],[36.32392,-4.95688],[36.2824,-4.95672],[36.26753,-4.95762],[36.20446,-4.95491],[36.17519,-4.95685],[36.16608,-4.95569],[36.13805,-4.95665],[36.13079,-4.96045],[36.10046,-4.96488],[36.08684,-4.97069],[36.0842,-4.96787],[36.07702,-4.95549],[36.06407,-4.94303],[36.05709,-4.92407],[36.05415,-4.92401],[36.08528,-4.88922],[36.08721,-4.88822],[36.101,-4.88872],[36.10634,-4.88747],[36.11094,-4.88505],[36.11629,-4.88112],[36.13208,-4.86014],[36.13678,-4.85544],[36.216,-4.8491],[36.25289,-4.84313],[36.28356,-4.84506],[36.33598,-4.84618],[36.33744,-4.84774],[36.33775,-4.85076],[36.337,-4.85494]]]},"properties":{"region":"Dodoma","district":"Kondoa","ward":"Kwadelo","ward_code":"101"}},{"type":"Feature","geometry":{"type":"Polygon","coordinates":[[[36.21355,-4.82426],[36.216,-4.8491],[36.13678,-4.85544],[36.13208,-4.86014],[36.11629,-4.88112],[36.11094,-4.88505],[36.10634,-4.88747],[36.101,-4.88872],[36.08721,-4.88822],[36.08528,-4.88922],[36.05415,-4.92401],[36.00194,-4.92285],[36.00416,-4.9045],[36.00768,-4.89393],[36.01745,-4.88164],[36.01797,-4.87919],[36.01918,-4.87857],[36.02374,-4.87055],[36.0305,-4.8659],[36.03233,-4.86341],[36.03205,-4.85955],[36.02853,-4.85257],[36.02906,-4.83566],[36.04241,-4.83574],[36.05099,-4.83455],[36.05492,-4.8366],[36.06414,-4.83385],[36.07073,-4.8349],[36.07929,-4.83262],[36.08591,-4.83415],[36.10734,-4.82914],[36.11286,-4.8293],[36.12323,-4.83674],[36.12951,-4.84454],[36.13502,-4.84276],[36.1441,-4.83578],[36.21355,-4.82426]]]},"properties":{"region":"Dodoma","district":"Kondoa","ward":"Busi","ward_code":"111"}},{"type":"Feature","geometry":{"type":"Polygon","coordinates":[[[35.89807,-4.79111],[35.91995,-4.80509],[35.93292,-4.81102],[35.96068,-4.81589],[35.96709,-4.81802],[35.97285,-4.81505],[35.99165,-4.80859],[35.98374,-4.83338],[35.98077,-4.84003],[35.98133,-4.84624],[35.98284,-4.85006],[35.99235,-4.86477],[35.99092,-4.86664],[35.98982,-4.87198],[35.98632,-4.87625],[35.98664,-4.87869],[35.98451,-4.88245],[36.01797,-4.87919],[36.01745,-4.88164],[36.00768,-4.89393],[36.00416,-4.9045],[36.00194,-4.92285],[35.98454,-4.94713],[35.97468,-4.95657],[35.96968,-4.95791],[35.96711,-4.95577],[35.9607,-4.95638],[35.95832,-4.95529],[35.9549,-4.95779],[35.9513,-4.95779],[35.94728,-4.96388],[35.94264,-4.96272],[35.92415,-4.94647],[35.92013,-4.94374],[35.91498,-4.94213],[35.91046,-4.94215],[35.89324,-4.9458],[35.88036,-4.95407],[35.86747,-4.96698],[35.84991,-4.9604],[35.8445,-4.95971],[35.82727,-4.96359],[35.82681,-4.96002],[35.83246,-4.94518],[35.83674,-4.92897],[35.83773,-4.9155],[35.84126,-4.89524],[35.84106,-4.87854],[35.84198,-4.8678],[35.8431,-4.86593],[35.86019,-4.85371],[35.87177,-4.82836],[35.87182,-4.8146],[35.8744,-4.79222],[35.89807,-4.79111]]]},"properties":{"region":"Dodoma","district":"Kondoa","ward":"Kalamba","ward_code":"121"}},{"type":"Feature","geometry":{"type":"Polygon","coordinates":[[[35.90497,-4.74214],[35.92883,-4.74801],[35.9408,-4.74679],[35.9724,-4.74659],[35.9803,-4.74564],[36.00939,-4.75864],[36.05501,-4.78188],[36.05488,-4.78362],[36.05125,-4.78816],[36.04702,-4.79094],[36.04425,-4.79471],[36.03946,-4.79855],[36.04004,-4.79964],[36.03618,-4.81475],[36.03236,-4.8182],[36.0334,-4.82101],[36.03202,-4.82934],[36.02906,-4.83566],[36.02853,-4.85257],[36.03205,-4.85955],[36.03236,-4.86328],[36.0305,-4.8659],[36.02374,-4.87055],[36.01918,-4.87857],[35.98451,-4.88245],[35.98664,-4.87869],[35.98632,-4.87625],[35.98982,-4.87198],[35.99092,-4.86664],[35.99235,-4.86477],[35.98284,-4.85006],[35.98133,-4.84624],[35.98077,-4.84003],[35.98374,-4.83338],[35.99165,-4.80859],[35.97285,-4.81505],[35.96709,-4.81802],[35.96068,-4.81589],[35.93292,-4.81102],[35.91995,-4.80509],[35.89807,-4.79111],[35.88757,-4.77286],[35.88274,-4.75958],[35.8824,-4.75218],[35.88508,-4.7309],[35.90497,-4.74214]]]},"properties":{"region":"Dodoma","district":"Kondoa","ward":"Haubi","ward_code":"131"}},{"type":"Feature","geometry":{"type":"Polygon","coordinates":[[[36.12401,-4.65649],[36.13573,-4.65723],[36.09296,-4.70498],[36.08673,-4.71526],[36.08221,-4.72585],[36.07168,-4.74282],[36.05773,-4.77335],[36.05501,-4.78188],[36.00939,-4.75864],[35.98061,-4.74588],[35.98122,-4.7101],[35.98488,-4.67489],[36.00441,-4.67546],[36.01449,-4.67326],[36.01595,-4.66784],[36.01594,-4.65619],[36.01814,-4.65327],[36.05816,-4.65406],[36.07157,-4.65801],[36.07847,-4.65892],[36.08584,-4.65811],[36.0945,-4.65129],[36.12401,-4.65649]]]},"properties":{"region":"Dodoma","district":"Kondoa","ward":"Kinyasi","ward_code":"141"}},{"type":"Feature","geometry":{"type":"Polygon","coordinates":[[[35.92774,-4.66558],[35.93435,-4.66423],[35.95064,-4.6699],[35.97004,-4.67338],[35.98488,-4.67489],[35.98122,-4.7101],[35.98061,-4.74588],[35.9408,-4.74679],[35.92883,-4.74801],[35.90638,-4.74271],[35.88508,-4.7309],[35.87746,-4.71284],[35.88856,-4.70029],[35.91144,-4.66973],[35.90196,-4.65913],[35.90089,-4.6563],[35.90147,-4.6496],[35.90542,-4.63482],[35.91174,-4.62102],[35.91182,-4.61905],[35.93362,-4.61462],[35.92864,-4.6309],[35.92774,-4.66558]]]},"properties":{"region":"Dodoma","district":"Kondoa","ward":"Pahi","ward_code":"153"}},{"type":"Feature","geometry":{"type":"Polygon","coordinates":[[[35.94815,-4.59245],[35.97354,-4.592],[35.9886,-4.59664],[35.99848,-4.5957],[36.00274,-4.59387],[36.01947,-4.60226],[36.02618,-4.60846],[36.04898,-4.60424],[36.09199,-4.60854],[36.12613,-4.60879],[36.17889,-4.61488],[36.16593,-4.62895],[36.13573,-4.65723],[36.11444,-4.65541],[36.0945,-4.65129],[36.08584,-4.65811],[36.07847,-4.65892],[36.07157,-4.65801],[36.05816,-4.65406],[36.01814,-4.65327],[36.01594,-4.65619],[36.01595,-4.66784],[36.01449,-4.67326],[36.00441,-4.67546],[35.98164,-4.67459],[35.95064,-4.6699],[35.93435,-4.66423],[35.92774,-4.66571],[35.92864,-4.6309],[35.93362,-4.61462],[35.91185,-4.61901],[35.91536,-4.6156],[35.91617,-4.61084],[35.91523,-4.60661],[35.91775,-4.60413],[35.91683,-4.60153],[35.91448,-4.60038],[35.91354,-4.59061],[35.91127,-4.58566],[35.91172,-4.58347],[35.90516,-4.57556],[35.91299,-4.56656],[35.92683,-4.56064],[35.94623,-4.58471],[35.94815,-4.59245]]]},"properties":{"region":"Dodoma","district":"Kondoa","ward":"Bumbuta","ward_code":"161"}},{"type":"Feature","geometry":{"type":"Polygon","coordinates":[[[35.77839,-4.82119],[35.77903,-4.8553],[35.7954,-4.85942],[35.79513,-4.86128],[35.79818,-4.86374],[35.80446,-4.86361],[35.80767,-4.86152],[35.81149,-4.86214],[35.81398,-4.86846],[35.81604,-4.8697],[35.81447,-4.87363],[35.81295,-4.87406],[35.80858,-4.88081],[35.80834,-4.88384],[35.80614,-4.88882],[35.79846,-4.8871],[35.79724,-4.89091],[35.79721,-4.89493],[35.79479,-4.89875],[35.78582,-4.89759],[35.78339,-4.90083],[35.78192,-4.90526],[35.7783,-4.90369],[35.77711,-4.90847],[35.77939,-4.91608],[35.77889,-4.91801],[35.77705,-4.91893],[35.77779,-4.92059],[35.77535,-4.92073],[35.7737,-4.92294],[35.77118,-4.92229],[35.76978,-4.9235],[35.76781,-4.9237],[35.76556,-4.92216],[35.76431,-4.9236],[35.75923,-4.92234],[35.75583,-4.92299],[35.74503,-4.93259],[35.74162,-4.93427],[35.72806,-4.91727],[35.72837,-4.91309],[35.72733,-4.91076],[35.73032,-4.90958],[35.73024,-4.90699],[35.73001,-4.90385],[35.72714,-4.90003],[35.72964,-4.89889],[35.73143,-4.88925],[35.7333,-4.88764],[35.73147,-4.87668],[35.71025,-4.86974],[35.67728,-4.8608],[35.66179,-4.86208],[35.6277,-4.84966],[35.64027,-4.84867],[35.654,-4.83755],[35.66779,-4.83112],[35.6777,-4.83047],[35.69084,-4.83199],[35.70865,-4.82986],[35.74183,-4.8231],[35.74498,-4.82007],[35.74791,-4.815],[35.75305,-4.81128],[35.77084,-4.80589],[35.77917,-4.80601],[35.7796,-4.81392],[35.77839,-4.82119]]]},"properties":{"region":"Dodoma","district":"Kondoa","ward":"Kondoa Mjini","ward_code":"012"}},{"type":"Feature","geometry":{"type":"Polygon","coordinates":[[[35.84158,-4.86986],[35.84126,-4.89524],[35.83773,-4.9155],[35.83674,-4.92897],[35.8294,-4.95398],[35.82681,-4.96002],[35.80908,-4.95816],[35.80065,-4.95171],[35.80042,-4.9323],[35.80367,-4.9267],[35.79765,-4.91926],[35.80016,-4.91559],[35.79751,-4.91515],[35.7923,-4.91213],[35.78889,-4.90751],[35.79084,-4.90451],[35.79357,-4.90335],[35.79393,-4.90065],[35.79721,-4.89493],[35.79724,-4.89091],[35.79846,-4.8871],[35.80614,-4.88882],[35.81028,-4.8776],[35.81356,-4.87336],[35.81456,-4.87347],[35.81604,-4.8697],[35.81398,-4.86846],[35.81083,-4.86201],[35.81763,-4.84462],[35.82612,-4.83713],[35.82938,-4.82774],[35.87177,-4.82836],[35.86046,-4.85335],[35.8431,-4.86593],[35.84158,-4.86986]]]},"properties":{"region":"Dodoma","district":"Kondoa","ward":"Kilimani","ward_code":"042"}},{"type":"Feature","geometry":{"type":"Polygon","coordinates":[[[35.78582,-4.89759],[35.79489,-4.89878],[35.79357,-4.90335],[35.79084,-4.90451],[35.78889,-4.90751],[35.7923,-4.91213],[35.79751,-4.91515],[35.80016,-4.91559],[35.79765,-4.91926],[35.80367,-4.9267],[35.80042,-4.9323],[35.80065,-4.95171],[35.76976,-4.94778],[35.76653,-4.94595],[35.76657,-4.94292],[35.76818,-4.94041],[35.76755,-4.93762],[35.76907,-4.93388],[35.7689,-4.93101],[35.76646,-4.92816],[35.76674,-4.92579],[35.76445,-4.92356],[35.76556,-4.92216],[35.76781,-4.9237],[35.77118,-4.92229],[35.7737,-4.92294],[35.77535,-4.92073],[35.77779,-4.92059],[35.77705,-4.91893],[35.77889,-4.91801],[35.77939,-4.91608],[35.77711,-4.90847],[35.7783,-4.90369],[35.78192,-4.90526],[35.78339,-4.90083],[35.78582,-4.89759]]]},"properties":{"region":"Dodoma","district":"Kondoa","ward":"Chemchem","ward_code":"052"}},{"type":"Feature","geometry":{"type":"Polygon","coordinates":[[[35.72806,-4.91727],[35.74153,-4.93426],[35.74503,-4.93259],[35.75583,-4.92299],[35.75923,-4.92234],[35.76475,-4.9237],[35.76674,-4.92579],[35.76646,-4.92816],[35.7689,-4.93101],[35.76907,-4.93388],[35.76755,-4.93762],[35.76818,-4.94041],[35.76657,-4.94292],[35.76653,-4.94595],[35.76838,-4.94748],[35.80065,-4.95171],[35.80908,-4.95816],[35.82681,-4.96002],[35.82727,-4.96359],[35.82349,-4.97219],[35.80933,-4.98749],[35.8045,-4.99731],[35.79655,-4.99921],[35.77444,-5.0083],[35.77276,-5.00096],[35.76051,-4.99691],[35.75788,-4.99498],[35.74638,-4.99417],[35.74132,-4.99298],[35.73924,-4.99117],[35.70713,-5.00097],[35.71139,-4.9908],[35.71192,-4.987],[35.71405,-4.98574],[35.7141,-4.98227],[35.70418,-4.96917],[35.69595,-4.96442],[35.69316,-4.95575],[35.69482,-4.95392],[35.69632,-4.9462],[35.6964,-4.94425],[35.69463,-4.94221],[35.69396,-4.93907],[35.69481,-4.93725],[35.69893,-4.93679],[35.7009,-4.93012],[35.70487,-4.92978],[35.71368,-4.92172],[35.71883,-4.91913],[35.72308,-4.91886],[35.72521,-4.91969],[35.72806,-4.91727]]]},"properties":{"region":"Dodoma","district":"Kondoa","ward":"Suruke","ward_code":"062"}},{"type":"Feature","geometry":{"type":"Polygon","coordinates":[[[35.71139,-4.9908],[35.70713,-5.00097],[35.73924,-4.99117],[35.74132,-4.99298],[35.74638,-4.99417],[35.75788,-4.99498],[35.76051,-4.99691],[35.77276,-5.00096],[35.77444,-5.0083],[35.79655,-4.99921],[35.80463,-4.99714],[35.83173,-4.99719],[35.83265,-5.00709],[35.81305,-5.06621],[35.80522,-5.06655],[35.80253,-5.07053],[35.80134,-5.07086],[35.80002,-5.07448],[35.79826,-5.07583],[35.79709,-5.08237],[35.79703,-5.08417],[35.79861,-5.08646],[35.77805,-5.10014],[35.75953,-5.10917],[35.75487,-5.11003],[35.75339,-5.11767],[35.7513,-5.11979],[35.74771,-5.12735],[35.72863,-5.15236],[35.71499,-5.16578],[35.65856,-5.24881],[35.63632,-5.22335],[35.60793,-5.18362],[35.59631,-5.17078],[35.57129,-5.14001],[35.5683,-5.13342],[35.56025,-5.12244],[35.5531,-5.11719],[35.54248,-5.10669],[35.51246,-5.06897],[35.52233,-5.06377],[35.54956,-5.04492],[35.57901,-5.03111],[35.7015,-4.96715],[35.70781,-4.97327],[35.7141,-4.98227],[35.71405,-4.98574],[35.71192,-4.987],[35.71139,-4.9908]]]},"properties":{"region":"Dodoma","district":"Kondoa","ward":"Kingale","ward_code":"072"}},{"type":"Feature","geometry":{"type":"Polygon","coordinates":[[[35.63134,-4.85075],[35.66179,-4.86208],[35.67728,-4.8608],[35.71025,-4.86974],[35.73147,-4.87668],[35.7333,-4.88764],[35.73143,-4.88925],[35.72964,-4.89889],[35.72714,-4.90003],[35.73001,-4.90385],[35.73024,-4.90699],[35.73032,-4.90958],[35.72733,-4.91076],[35.72837,-4.91309],[35.72825,-4.9171],[35.72521,-4.91969],[35.72308,-4.91886],[35.71883,-4.91913],[35.71368,-4.92172],[35.70487,-4.92978],[35.7009,-4.93012],[35.69893,-4.93679],[35.69481,-4.93725],[35.69396,-4.93907],[35.69463,-4.94221],[35.6964,-4.94425],[35.69632,-4.9462],[35.69482,-4.95392],[35.69316,-4.95575],[35.69595,-4.96442],[35.70188,-4.9673],[35.68799,-4.9738],[35.57901,-5.03111],[35.54956,-5.04492],[35.52233,-5.06377],[35.51246,-5.06897],[35.4809,-5.02838],[35.46267,-5.0097],[35.46108,-5.00591],[35.4541,-4.96609],[35.44971,-4.95169],[35.4491,-4.94497],[35.43548,-4.89767],[35.43251,-4.88024],[35.47689,-4.87828],[35.4947,-4.87923],[35.50632,-4.8809],[35.53555,-4.8798],[35.55207,-4.87286],[35.56955,-4.8689],[35.581,-4.86451],[35.58957,-4.86473],[35.59398,-4.86167],[35.5947,-4.85774],[35.59631,-4.85632],[35.59789,-4.8564],[35.59887,-4.85437],[35.6065,-4.85265],[35.60836,-4.8537],[35.61186,-4.85191],[35.61682,-4.85107],[35.62001,-4.84845],[35.63134,-4.85075]]]},"properties":{"region":"Dodoma","district":"Kondoa","ward":"Serya","ward_code":"082"}},{"type":"Feature","geometry":{"type":"Polygon","coordinates":[[[35.8152,-4.79259],[35.82999,-4.79677],[35.83031,-4.80242],[35.82889,-4.81328],[35.82593,-4.82297],[35.82938,-4.82774],[35.82612,-4.83713],[35.81763,-4.84462],[35.81083,-4.86201],[35.80767,-4.86152],[35.80446,-4.86361],[35.79818,-4.86374],[35.79513,-4.86128],[35.7954,-4.85942],[35.77903,-4.8553],[35.77839,-4.82119],[35.7796,-4.81392],[35.77917,-4.80601],[35.76999,-4.80609],[35.76762,-4.7974],[35.79631,-4.79748],[35.79833,-4.79655],[35.79723,-4.78306],[35.8152,-4.79259]]]},"properties":{"region":"Dodoma","district":"Kondoa","ward":"Bolisa","ward_code":"022"}},{"type":"Feature","geometry":{"type":"Polygon","coordinates":[[[35.85413,-4.7044],[35.86408,-4.71377],[35.87754,-4.71275],[35.88508,-4.7309],[35.8824,-4.75218],[35.88274,-4.75958],[35.88757,-4.77286],[35.89807,-4.79111],[35.8744,-4.79222],[35.87182,-4.8146],[35.87232,-4.8205],[35.87158,-4.82836],[35.82938,-4.82774],[35.82593,-4.82297],[35.82889,-4.81328],[35.83031,-4.80242],[35.82997,-4.79662],[35.8152,-4.79259],[35.79723,-4.78306],[35.79833,-4.79655],[35.79631,-4.79748],[35.76762,-4.7974],[35.76713,-4.79542],[35.76855,-4.7895],[35.76837,-4.77555],[35.76647,-4.75752],[35.76726,-4.74913],[35.77001,-4.73897],[35.77646,-4.73919],[35.78112,-4.75137],[35.79076,-4.74874],[35.80461,-4.74689],[35.80993,-4.74363],[35.81318,-4.73877],[35.82075,-4.72097],[35.82296,-4.70784],[35.82193,-4.68949],[35.83194,-4.67133],[35.84808,-4.67298],[35.85112,-4.68439],[35.85167,-4.69226],[35.85413,-4.7044]]]},"properties":{"region":"Dodoma","district":"Kondoa","ward":"Kolo","ward_code":"032"}},{"type":"Feature","geometry":{"type":"Polygon","coordinates":[[[36.43217,-6.25929],[36.43784,-6.26716],[36.44201,-6.27066],[36.45154,-6.27521],[36.454,-6.28577],[36.45229,-6.288],[36.45124,-6.29277],[36.45253,-6.29748],[36.4504,-6.30577],[36.4506,-6.31005],[36.45386,-6.31365],[36.46185,-6.31968],[36.4687,-6.3331],[36.46812,-6.33802],[36.46669,-6.33741],[36.46551,-6.33898],[36.4656,-6.34154],[36.46802,-6.3429],[36.46868,-6.34652],[36.46661,-6.34787],[36.46666,-6.3507],[36.46449,-6.35279],[36.46502,-6.35486],[36.45709,-6.36831],[36.45098,-6.37634],[36.44903,-6.3784],[36.44188,-6.3813],[36.43875,-6.37971],[36.43254,-6.37867],[36.43037,-6.38004],[36.42591,-6.37916],[36.42484,-6.37695],[36.41906,-6.37295],[36.40617,-6.35848],[36.38334,-6.35435],[36.3704,-6.35533],[36.35549,-6.3543],[36.355,-6.35001],[36.35768,-6.34088],[36.36029,-6.32309],[36.37954,-6.2724],[36.38136,-6.26886],[36.38473,-6.26725],[36.38652,-6.26439],[36.38746,-6.26156],[36.38693,-6.25983],[36.39793,-6.25938],[36.41304,-6.261],[36.43217,-6.25929]]]},"properties":{"region":"Dodoma","district":"Mpwapwa","ward":"Mazae","ward_code":"013"}},{"type":"Feature","geometry":{"type":"MultiPolygon","coordinates":[[[[36.50003,-6.34892],[36.49996,-6.3532],[36.51058,-6.36085],[36.5304,-6.36628],[36.51967,-6.3768],[36.5186,-6.37958],[36.51186,-6.38619],[36.51947,-6.39053],[36.52349,-6.39394],[36.52606,-6.39412],[36.52256,-6.39603],[36.52095,-6.39573],[36.52036,-6.39708],[36.51799,-6.39663],[36.52968,-6.41948],[36.53116,-6.4261],[36.52932,-6.43365],[36.53204,-6.44239],[36.52516,-6.44491],[36.5143,-6.44476],[36.4983,-6.44258],[36.50014,-6.45032],[36.49423,-6.47506],[36.4948,-6.48086],[36.49378,-6.4866],[36.49108,-6.48818],[36.4832,-6.48864],[36.47701,-6.48527],[36.47123,-6.48494],[36.46971,-6.47985],[36.46219,-6.4753],[36.45774,-6.4683],[36.4492,-6.46874],[36.44607,-6.46577],[36.44818,-6.46343],[36.44858,-6.4611],[36.4469,-6.45774],[36.44762,-6.4566],[36.44596,-6.45512],[36.4459,-6.45356],[36.44827,-6.45319],[36.44978,-6.44811],[36.45263,-6.44536],[36.45253,-6.44341],[36.44417,-6.42854],[36.44828,-6.42621],[36.45212,-6.42531],[36.45359,-6.42417],[36.45405,-6.4211],[36.45808,-6.41968],[36.46118,-6.41317],[36.46131,-6.40546],[36.46423,-6.40135],[36.46574,-6.39405],[36.4692,-6.38843],[36.47381,-6.38402],[36.47499,-6.37743],[36.48003,-6.36722],[36.4814,-6.36534],[36.48358,-6.3675],[36.48554,-6.36479],[36.48364,-6.3634],[36.48842,-6.35662],[36.49078,-6.35438],[36.49457,-6.35411],[36.50003,-6.34892]]],[[[36.50003,-6.34892],[36.5,-6.34889],[36.50003,-6.34887],[36.50003,-6.34892]]]]},"properties":{"region":"Dodoma","district":"Mpwapwa","ward":"Ving'hawe","ward_code":"023"}},{"type":"Feature","geometry":{"type":"Polygon","coordinates":[[[36.62301,-6.38686],[36.62878,-6.38828],[36.64237,-6.38716],[36.64814,-6.38765],[36.65564,-6.39445],[36.66445,-6.39571],[36.67342,-6.39924],[36.68229,-6.3993],[36.6903,-6.39664],[36.69769,-6.40118],[36.69884,-6.40676],[36.71518,-6.40677],[36.71741,-6.41677],[36.71696,-6.42206],[36.70919,-6.42799],[36.70503,-6.42664],[36.69948,-6.43064],[36.69212,-6.44053],[36.68283,-6.44372],[36.67641,-6.44367],[36.66411,-6.44114],[36.66749,-6.45239],[36.6676,-6.46498],[36.67475,-6.48451],[36.68085,-6.49517],[36.68228,-6.50162],[36.68089,-6.50313],[36.67938,-6.51019],[36.67588,-6.5139],[36.67366,-6.51386],[36.66736,-6.51651],[36.65351,-6.519],[36.65023,-6.51341],[36.6439,-6.50633],[36.62937,-6.47728],[36.62268,-6.46939],[36.62143,-6.47],[36.61915,-6.46812],[36.6147,-6.46835],[36.61233,-6.46617],[36.61308,-6.46104],[36.61498,-6.4605],[36.61741,-6.45791],[36.61459,-6.45116],[36.61224,-6.44908],[36.60968,-6.44893],[36.60705,-6.44444],[36.60716,-6.44165],[36.60843,-6.44039],[36.60686,-6.43609],[36.60819,-6.43274],[36.6082,-6.4282],[36.61278,-6.42491],[36.61366,-6.42327],[36.61338,-6.41952],[36.6095,-6.41258],[36.60708,-6.40672],[36.60747,-6.40584],[36.60449,-6.40267],[36.61384,-6.40539],[36.61987,-6.38858],[36.61847,-6.38698],[36.61973,-6.38822],[36.62301,-6.38686]]]},"properties":{"region":"Dodoma","district":"Mpwapwa","ward":"Matomondo","ward_code":"031"}},{"type":"Feature","geometry":{"type":"Polygon","coordinates":[[[36.54915,-6.43936],[36.56064,-6.44403],[36.55978,-6.45072],[36.58638,-6.46303],[36.59803,-6.46474],[36.60537,-6.46268],[36.6129,-6.46325],[36.61233,-6.46617],[36.61447,-6.4682],[36.61915,-6.46812],[36.62143,-6.47],[36.62268,-6.46939],[36.62937,-6.47728],[36.6439,-6.50633],[36.65194,-6.51605],[36.65545,-6.52452],[36.6549,-6.52523],[36.65607,-6.53161],[36.65521,-6.53253],[36.65522,-6.53544],[36.65739,-6.53756],[36.65889,-6.54322],[36.66015,-6.54473],[36.65913,-6.54622],[36.65942,-6.54982],[36.66301,-6.55347],[36.67108,-6.57709],[36.66247,-6.58679],[36.66004,-6.5847],[36.66102,-6.58187],[36.65981,-6.57941],[36.65128,-6.57911],[36.64543,-6.57555],[36.64433,-6.57215],[36.64261,-6.57137],[36.64007,-6.57229],[36.63261,-6.56744],[36.62839,-6.56746],[36.62743,-6.56669],[36.62371,-6.56139],[36.62066,-6.55254],[36.61577,-6.55332],[36.61317,-6.5515],[36.61118,-6.54796],[36.60441,-6.54235],[36.6033,-6.54292],[36.60157,-6.53727],[36.59756,-6.53579],[36.59625,-6.54107],[36.59121,-6.53976],[36.58346,-6.54145],[36.58187,-6.53885],[36.58287,-6.53454],[36.58204,-6.51931],[36.57144,-6.52112],[36.55422,-6.51999],[36.54554,-6.51773],[36.5395,-6.51463],[36.53218,-6.51719],[36.52674,-6.52518],[36.52368,-6.52602],[36.5131,-6.52748],[36.50749,-6.52629],[36.49667,-6.52628],[36.49379,-6.52894],[36.4926,-6.52805],[36.48589,-6.52736],[36.48311,-6.51637],[36.47731,-6.50667],[36.47469,-6.50587],[36.47584,-6.49497],[36.47759,-6.48582],[36.4832,-6.48864],[36.49108,-6.48818],[36.49378,-6.4866],[36.4948,-6.48086],[36.49423,-6.47506],[36.50014,-6.45032],[36.4983,-6.44258],[36.5143,-6.44476],[36.52516,-6.44491],[36.54093,-6.43896],[36.54915,-6.43936]]]},"properties":{"region":"Dodoma","district":"Mpwapwa","ward":"Kimagai","ward_code":"041"}},{"type":"Feature","geometry":{"type":"Polygon","coordinates":[[[36.30427,-6.24558],[36.30868,-6.25324],[36.3111,-6.25469],[36.33079,-6.25551],[36.33851,-6.25178],[36.34042,-6.25431],[36.34808,-6.25507],[36.35217,-6.25836],[36.35614,-6.25931],[36.37349,-6.26835],[36.37595,-6.26837],[36.37822,-6.26978],[36.38136,-6.26886],[36.36029,-6.32309],[36.35768,-6.34088],[36.355,-6.34997],[36.35549,-6.3543],[36.35035,-6.36387],[36.34118,-6.37496],[36.34515,-6.38026],[36.3513,-6.38229],[36.35678,-6.39051],[36.36784,-6.39959],[36.37642,-6.40831],[36.37405,-6.4059],[36.35353,-6.41697],[36.35386,-6.42197],[36.33472,-6.42154],[36.32934,-6.42062],[36.32257,-6.42082],[36.29987,-6.40975],[36.29412,-6.41167],[36.29054,-6.41048],[36.28616,-6.40372],[36.28323,-6.40384],[36.26956,-6.39369],[36.23621,-6.39711],[36.22404,-6.40228],[36.19639,-6.40513],[36.18562,-6.39984],[36.19925,-6.3791],[36.22576,-6.31171],[36.2268,-6.28055],[36.24704,-6.26026],[36.24353,-6.24672],[36.30427,-6.24558]]]},"properties":{"region":"Dodoma","district":"Mpwapwa","ward":"Chunyu","ward_code":"151"}},{"type":"Feature","geometry":{"type":"Polygon","coordinates":[[[36.55422,-6.51999],[36.57144,-6.52112],[36.58204,-6.51931],[36.58287,-6.53454],[36.58187,-6.53885],[36.58346,-6.54145],[36.59121,-6.53976],[36.59625,-6.54107],[36.59756,-6.53579],[36.60039,-6.5366],[36.60185,-6.53784],[36.6033,-6.54292],[36.60441,-6.54235],[36.61118,-6.54796],[36.61317,-6.5515],[36.61577,-6.55332],[36.62066,-6.55254],[36.62371,-6.56139],[36.62839,-6.56746],[36.63261,-6.56744],[36.64007,-6.57229],[36.64261,-6.57137],[36.64433,-6.57215],[36.64543,-6.57555],[36.65128,-6.57911],[36.65981,-6.57941],[36.66102,-6.58187],[36.66004,-6.5847],[36.66431,-6.5885],[36.66431,-6.59499],[36.66766,-6.6007],[36.66914,-6.60969],[36.67488,-6.61308],[36.67822,-6.61959],[36.69871,-6.62727],[36.69797,-6.62965],[36.69578,-6.63167],[36.69988,-6.63672],[36.69382,-6.64285],[36.67192,-6.63024],[36.66547,-6.62531],[36.63424,-6.62789],[36.61795,-6.62814],[36.61859,-6.62824],[36.61775,-6.63064],[36.61418,-6.63288],[36.61359,-6.63477],[36.61224,-6.63486],[36.61194,-6.63727],[36.61012,-6.636],[36.60684,-6.63854],[36.60464,-6.63814],[36.60445,-6.64085],[36.60328,-6.6404],[36.60201,-6.64476],[36.60258,-6.64886],[36.60011,-6.6519],[36.59896,-6.65297],[36.59765,-6.6524],[36.59616,-6.65372],[36.59312,-6.65396],[36.58983,-6.65953],[36.58575,-6.66127],[36.58349,-6.6637],[36.57908,-6.66604],[36.57625,-6.67006],[36.56873,-6.6774],[36.56089,-6.672],[36.54798,-6.66575],[36.54391,-6.65034],[36.54045,-6.64809],[36.53763,-6.64472],[36.51253,-6.63344],[36.50412,-6.62611],[36.5039,-6.62671],[36.50062,-6.61075],[36.50352,-6.60974],[36.50205,-6.60318],[36.49642,-6.59977],[36.48984,-6.59741],[36.48632,-6.59747],[36.48483,-6.59864],[36.48218,-6.59829],[36.45939,-6.58978],[36.45298,-6.58912],[36.4472,-6.58714],[36.45081,-6.57972],[36.45009,-6.57229],[36.44507,-6.56216],[36.44255,-6.55828],[36.43783,-6.55377],[36.43544,-6.54945],[36.4596,-6.54571],[36.46695,-6.54688],[36.47373,-6.54613],[36.48179,-6.53865],[36.48596,-6.52733],[36.4926,-6.52805],[36.49379,-6.52894],[36.49667,-6.52628],[36.50749,-6.52629],[36.5131,-6.52748],[36.52368,-6.52602],[36.52674,-6.52518],[36.53218,-6.51719],[36.5395,-6.51463],[36.54554,-6.51773],[36.55422,-6.51999]]]},"properties":{"region":"Dodoma","district":"Mpwapwa","ward":"Godegode","ward_code":"173"}},{"type":"Feature","geometry":{"type":"Polygon","coordinates":[[[36.56231,-6.3262],[36.55973,-6.33885],[36.55518,-6.34931],[36.53535,-6.36176],[36.53044,-6.36636],[36.51058,-6.36085],[36.49996,-6.3532],[36.50003,-6.34892],[36.49457,-6.35411],[36.49056,-6.35448],[36.48387,-6.36296],[36.48554,-6.36479],[36.48358,-6.3675],[36.4814,-6.36534],[36.48003,-6.36722],[36.47499,-6.37743],[36.47381,-6.38402],[36.47198,-6.38498],[36.46611,-6.39319],[36.46423,-6.40135],[36.46131,-6.40546],[36.46118,-6.41317],[36.45801,-6.41977],[36.45405,-6.4211],[36.45359,-6.42417],[36.45212,-6.42531],[36.44828,-6.42621],[36.44417,-6.42854],[36.43688,-6.42278],[36.43598,-6.42395],[36.43697,-6.4226],[36.42244,-6.39048],[36.41462,-6.37974],[36.4167,-6.37782],[36.42311,-6.37662],[36.42484,-6.37695],[36.42591,-6.37916],[36.43037,-6.38004],[36.43254,-6.37867],[36.43875,-6.37971],[36.44094,-6.38124],[36.44903,-6.3784],[36.45709,-6.36831],[36.46502,-6.35486],[36.46449,-6.35279],[36.46666,-6.3507],[36.46661,-6.34787],[36.46868,-6.34652],[36.46802,-6.3429],[36.4656,-6.34154],[36.46565,-6.33865],[36.46669,-6.33741],[36.46812,-6.33802],[36.4687,-6.3331],[36.46758,-6.32968],[36.46185,-6.31968],[36.45386,-6.31365],[36.4506,-6.31005],[36.4504,-6.30577],[36.45253,-6.29748],[36.45124,-6.29277],[36.45229,-6.288],[36.454,-6.28577],[36.45154,-6.27521],[36.45852,-6.27492],[36.46603,-6.27288],[36.4882,-6.27298],[36.4919,-6.27255],[36.49548,-6.27085],[36.50103,-6.27463],[36.50315,-6.27386],[36.50323,-6.27279],[36.50808,-6.26925],[36.51403,-6.26036],[36.52842,-6.2611],[36.5352,-6.26283],[36.5441,-6.26211],[36.55874,-6.26585],[36.5606,-6.27299],[36.56435,-6.27674],[36.56691,-6.28271],[36.56934,-6.28461],[36.57006,-6.28635],[36.57322,-6.28759],[36.57338,-6.28883],[36.57652,-6.28918],[36.57917,-6.29165],[36.57932,-6.29765],[36.57852,-6.29905],[36.57946,-6.2992],[36.57954,-6.30032],[36.57826,-6.30185],[36.57858,-6.30284],[36.57659,-6.3035],[36.57705,-6.30402],[36.57462,-6.30698],[36.57397,-6.3088],[36.57501,-6.3096],[36.57482,-6.31062],[36.57322,-6.31296],[36.57386,-6.31451],[36.57294,-6.31528],[36.57388,-6.31535],[36.57493,-6.3189],[36.57859,-6.32122],[36.57917,-6.32334],[36.58468,-6.3253],[36.58633,-6.32441],[36.58864,-6.32584],[36.59145,-6.32965],[36.5922,-6.33389],[36.58963,-6.33454],[36.58785,-6.33332],[36.58459,-6.33359],[36.57628,-6.33072],[36.57334,-6.33181],[36.57053,-6.3307],[36.56858,-6.33111],[36.56231,-6.3262]],[[36.5,-6.34889],[36.50003,-6.34892],[36.50003,-6.34887],[36.5,-6.34889]],[[36.5626,-6.32592],[36.56232,-6.32614],[36.56231,-6.3262],[36.5626,-6.32592]]]},"properties":{"region":"Dodoma","district":"Mpwapwa","ward":"Mpwapwa Mjini","ward_code":"183"}},{"type":"Feature","geometry":{"type":"MultiPolygon","coordinates":[[[[36.59198,-6.33222],[36.59196,-6.33231],[36.59168,-6.33077],[36.59198,-6.33222]]],[[[36.59094,-6.32865],[36.58944,-6.32752],[36.58902,-6.32657],[36.58945,-6.32749],[36.59094,-6.32865]]],[[[36.56231,-6.3262],[36.56858,-6.33111],[36.57053,-6.3307],[36.57334,-6.33181],[36.57628,-6.33072],[36.58459,-6.33359],[36.58785,-6.33332],[36.58963,-6.33454],[36.59211,-6.33392],[36.5947,-6.35176],[36.59796,-6.36564],[36.61987,-6.38858],[36.61384,-6.40539],[36.60449,-6.40267],[36.60747,-6.40584],[36.60708,-6.40672],[36.6095,-6.41258],[36.61338,-6.41952],[36.61366,-6.42327],[36.61278,-6.42491],[36.6082,-6.4282],[36.60819,-6.43274],[36.60686,-6.43609],[36.60843,-6.44039],[36.60716,-6.44165],[36.60705,-6.44444],[36.60968,-6.44893],[36.61224,-6.44908],[36.61459,-6.45116],[36.61741,-6.45791],[36.61498,-6.4605],[36.61308,-6.46104],[36.61285,-6.46325],[36.60537,-6.46268],[36.59803,-6.46474],[36.58638,-6.46303],[36.55978,-6.45072],[36.56064,-6.44403],[36.54915,-6.43936],[36.54093,-6.43896],[36.53204,-6.44239],[36.53057,-6.43961],[36.52932,-6.43365],[36.53116,-6.4261],[36.52968,-6.41948],[36.51799,-6.39663],[36.52036,-6.39708],[36.52095,-6.39573],[36.52256,-6.39603],[36.52606,-6.39412],[36.52349,-6.39394],[36.51947,-6.39053],[36.51186,-6.38619],[36.5186,-6.37958],[36.51967,-6.3768],[36.53535,-6.36176],[36.55518,-6.34931],[36.55973,-6.33885],[36.56231,-6.3262]]],[[[36.56231,-6.3262],[36.56232,-6.32614],[36.5626,-6.32592],[36.56231,-6.3262]]]]},"properties":{"region":"Dodoma","district":"Mpwapwa","ward":"Lupeta","ward_code":"191"}},{"type":"Feature","geometry":{"type":"Polygon","coordinates":[[[36.36907,-6.35523],[36.38334,-6.35435],[36.40617,-6.35848],[36.41906,-6.37295],[36.42472,-6.37686],[36.4167,-6.37782],[36.41462,-6.37974],[36.42244,-6.39048],[36.43697,-6.4226],[36.43598,-6.42395],[36.43688,-6.42278],[36.4442,-6.42856],[36.45253,-6.44341],[36.45256,-6.44565],[36.44978,-6.44811],[36.44827,-6.45319],[36.4459,-6.45356],[36.44596,-6.45512],[36.44762,-6.4566],[36.4469,-6.45774],[36.44858,-6.4611],[36.44818,-6.46343],[36.44607,-6.46577],[36.4492,-6.46874],[36.45774,-6.4683],[36.46219,-6.4753],[36.46971,-6.47985],[36.47089,-6.48464],[36.47271,-6.48529],[36.47516,-6.48474],[36.47769,-6.48582],[36.47469,-6.50587],[36.47731,-6.50667],[36.48311,-6.51637],[36.48605,-6.52759],[36.48179,-6.53865],[36.47377,-6.54598],[36.46704,-6.54669],[36.4597,-6.54552],[36.40357,-6.55439],[36.37847,-6.54553],[36.37123,-6.54088],[36.36825,-6.54014],[36.36549,-6.53589],[36.36444,-6.52763],[36.36537,-6.52516],[36.36484,-6.52104],[36.36832,-6.51354],[36.36709,-6.50412],[36.36989,-6.49914],[36.36851,-6.48666],[36.37125,-6.48113],[36.36915,-6.47839],[36.36383,-6.47521],[36.359,-6.46717],[36.35353,-6.41697],[36.37405,-6.4059],[36.37646,-6.40823],[36.36784,-6.39959],[36.35678,-6.39051],[36.3513,-6.38229],[36.34515,-6.38026],[36.34118,-6.37496],[36.35035,-6.36387],[36.35549,-6.3543],[36.36907,-6.35523]]]},"properties":{"region":"Dodoma","district":"Mpwapwa","ward":"Gulwe","ward_code":"201"}},{"type":"Feature","geometry":{"type":"Polygon","coordinates":[[[36.26823,-6.14669],[36.27742,-6.14863],[36.28993,-6.15561],[36.29321,-6.15858],[36.30055,-6.16059],[36.30348,-6.16221],[36.30348,-6.16341],[36.3065,-6.16427],[36.30762,-6.16376],[36.30834,-6.16423],[36.30784,-6.16488],[36.31751,-6.17129],[36.33246,-6.1873],[36.3449,-6.19118],[36.35809,-6.19959],[36.36458,-6.1999],[36.37278,-6.2111],[36.38249,-6.21803],[36.38663,-6.22495],[36.3889,-6.23576],[36.38871,-6.2387],[36.38593,-6.246],[36.38664,-6.25317],[36.38594,-6.25699],[36.38746,-6.26156],[36.38473,-6.26725],[36.37838,-6.26976],[36.37595,-6.26837],[36.37349,-6.26835],[36.35614,-6.25931],[36.35217,-6.25836],[36.34808,-6.25507],[36.34042,-6.25431],[36.33851,-6.25178],[36.33079,-6.25551],[36.31177,-6.25488],[36.30868,-6.25324],[36.30427,-6.24558],[36.24353,-6.24672],[36.23443,-6.21202],[36.23612,-6.20311],[36.24286,-6.19292],[36.24585,-6.18006],[36.23801,-6.16553],[36.24073,-6.16149],[36.24083,-6.15623],[36.24511,-6.14935],[36.25086,-6.14651],[36.25327,-6.14641],[36.25437,-6.14416],[36.2566,-6.14277],[36.26823,-6.14669]]]},"properties":{"region":"Dodoma","district":"Mpwapwa","ward":"Ng'hambi","ward_code":"211"}},{"type":"Feature","geometry":{"type":"Polygon","coordinates":[[[36.77952,-6.39053],[36.78381,-6.39567],[36.78707,-6.39454],[36.79956,-6.39682],[36.80225,-6.39898],[36.80431,-6.40336],[36.81016,-6.40309],[36.81332,-6.39911],[36.8234,-6.39975],[36.82606,-6.39907],[36.83301,-6.40105],[36.83142,-6.40407],[36.83199,-6.40881],[36.8309,-6.41174],[36.82843,-6.41288],[36.82482,-6.41151],[36.82404,-6.41314],[36.81968,-6.41547],[36.81844,-6.41475],[36.81276,-6.41504],[36.80706,-6.41959],[36.80732,-6.42313],[36.80611,-6.426],[36.79488,-6.42834],[36.79124,-6.43168],[36.78665,-6.4313],[36.76657,-6.44174],[36.75474,-6.44165],[36.75188,-6.4423],[36.75139,-6.44397],[36.74487,-6.44532],[36.7465,-6.45187],[36.74667,-6.45891],[36.74793,-6.46139],[36.74724,-6.46297],[36.73695,-6.46667],[36.73467,-6.47106],[36.73467,-6.47981],[36.7387,-6.48868],[36.73566,-6.49607],[36.73221,-6.49267],[36.72999,-6.49236],[36.7263,-6.50264],[36.72777,-6.51041],[36.72661,-6.51463],[36.72723,-6.51829],[36.72916,-6.51985],[36.73346,-6.52103],[36.7342,-6.52339],[36.73811,-6.52716],[36.7385,-6.5317],[36.74121,-6.53289],[36.74294,-6.53222],[36.74566,-6.53531],[36.74477,-6.53957],[36.74804,-6.54085],[36.75322,-6.54741],[36.74472,-6.55264],[36.73873,-6.55924],[36.73367,-6.56843],[36.72855,-6.57318],[36.71572,-6.60776],[36.71459,-6.61557],[36.71019,-6.6247],[36.69982,-6.63672],[36.69578,-6.63167],[36.69797,-6.62965],[36.69871,-6.62727],[36.67822,-6.61959],[36.67488,-6.61308],[36.66914,-6.60969],[36.66766,-6.6007],[36.66431,-6.59499],[36.66431,-6.5885],[36.66268,-6.58635],[36.67108,-6.57709],[36.66301,-6.55347],[36.65942,-6.54982],[36.65913,-6.54622],[36.66015,-6.54473],[36.65889,-6.54322],[36.65739,-6.53756],[36.65522,-6.53544],[36.65521,-6.53253],[36.65607,-6.53161],[36.6549,-6.52523],[36.65545,-6.52452],[36.65337,-6.52056],[36.65351,-6.519],[36.66736,-6.51651],[36.67366,-6.51386],[36.67638,-6.51363],[36.67938,-6.51019],[36.68089,-6.50313],[36.68228,-6.50162],[36.68085,-6.49517],[36.67475,-6.48451],[36.6676,-6.46498],[36.66749,-6.45239],[36.66411,-6.44114],[36.67641,-6.44367],[36.68283,-6.44372],[36.69212,-6.44053],[36.69948,-6.43064],[36.70503,-6.42664],[36.70919,-6.42799],[36.71696,-6.42206],[36.71741,-6.41677],[36.71518,-6.40677],[36.73658,-6.40632],[36.75509,-6.40173],[36.76042,-6.40189],[36.76674,-6.40054],[36.77145,-6.39193],[36.77952,-6.39053]]]},"properties":{"region":"Dodoma","district":"Mpwapwa","ward":"Mlembule","ward_code":"311"}},{"type":"Feature","geometry":{"type":"Polygon","coordinates":[[[36.13751,-6.48115],[36.13573,-6.50295],[36.14107,-6.5036],[36.13549,-6.52421],[36.14786,-6.53162],[36.15418,-6.53436],[36.16269,-6.53651],[36.16092,-6.55279],[36.16147,-6.55596],[36.16009,-6.55913],[36.1594,-6.56587],[36.16046,-6.56744],[36.15979,-6.56978],[36.15726,-6.57312],[36.13964,-6.57888],[36.13825,-6.58171],[36.13691,-6.59559],[36.13407,-6.60335],[36.1336,-6.60828],[36.13455,-6.6181],[36.14776,-6.63231],[36.15533,-6.64351],[36.15529,-6.6519],[36.15024,-6.65461],[36.14245,-6.65549],[36.1413,-6.65447],[36.13895,-6.65439],[36.12964,-6.65818],[36.12528,-6.6567],[36.12515,-6.65855],[36.12084,-6.66119],[36.11932,-6.6602],[36.11425,-6.66548],[36.09586,-6.66117],[36.09054,-6.66109],[36.08517,-6.66518],[36.04919,-6.67223],[36.04609,-6.67364],[36.04603,-6.66893],[36.04469,-6.66553],[36.04367,-6.64312],[36.04528,-6.64001],[36.04117,-6.63453],[36.03632,-6.62042],[36.03847,-6.60594],[36.03605,-6.60755],[36.03379,-6.61145],[36.03107,-6.61938],[36.02808,-6.61861],[36.0155,-6.61032],[36.01342,-6.60558],[36.003,-6.59524],[35.99514,-6.58042],[35.99633,-6.56072],[36.00234,-6.55842],[36.00815,-6.5525],[36.00689,-6.54634],[36.01406,-6.52188],[36.01997,-6.48062],[36.03528,-6.48158],[36.05953,-6.47309],[36.06974,-6.46814],[36.07535,-6.463],[36.1075,-6.47819],[36.13751,-6.48115]]]},"properties":{"region":"Dodoma","district":"Mpwapwa","ward":"Mima","ward_code":"131"}},{"type":"Feature","geometry":{"type":"Polygon","coordinates":[[[36.29987,-6.40975],[36.32257,-6.42082],[36.35397,-6.42174],[36.359,-6.46717],[36.36383,-6.47521],[36.36915,-6.47839],[36.37123,-6.48183],[36.36851,-6.48666],[36.36989,-6.49914],[36.36709,-6.50412],[36.36832,-6.51354],[36.36484,-6.52104],[36.3649,-6.53476],[36.36769,-6.53961],[36.36607,-6.54083],[36.3612,-6.53998],[36.36067,-6.54362],[36.35879,-6.54499],[36.35365,-6.55597],[36.3458,-6.56115],[36.34544,-6.5637],[36.33931,-6.56636],[36.33378,-6.57295],[36.3184,-6.58415],[36.30607,-6.58992],[36.2944,-6.59405],[36.28944,-6.59275],[36.29292,-6.57805],[36.29388,-6.56414],[36.28978,-6.55639],[36.28774,-6.54887],[36.28475,-6.54367],[36.27151,-6.54011],[36.25293,-6.53851],[36.2548,-6.53118],[36.25453,-6.51663],[36.25629,-6.50595],[36.25488,-6.49426],[36.25638,-6.48932],[36.2672,-6.48447],[36.27127,-6.47862],[36.27204,-6.47373],[36.26784,-6.4585],[36.27399,-6.4296],[36.27816,-6.42297],[36.28175,-6.41439],[36.29054,-6.41048],[36.29412,-6.41167],[36.29987,-6.40975]]]},"properties":{"region":"Dodoma","district":"Mpwapwa","ward":"Berege","ward_code":"141"}},{"type":"Feature","geometry":{"type":"Polygon","coordinates":[[[36.26956,-6.39369],[36.28323,-6.40384],[36.28616,-6.40372],[36.29054,-6.41048],[36.28175,-6.41439],[36.27816,-6.42297],[36.27399,-6.4296],[36.26784,-6.4585],[36.27204,-6.47373],[36.27127,-6.47862],[36.2672,-6.48447],[36.25638,-6.48932],[36.25488,-6.49426],[36.25629,-6.50595],[36.25453,-6.51663],[36.2548,-6.53118],[36.25293,-6.53851],[36.27151,-6.54011],[36.28475,-6.54367],[36.28774,-6.54887],[36.28978,-6.55639],[36.29388,-6.56414],[36.29292,-6.57805],[36.28944,-6.59275],[36.28702,-6.59252],[36.28668,-6.59036],[36.28549,-6.58991],[36.28242,-6.59091],[36.28125,-6.58763],[36.27717,-6.58757],[36.27591,-6.5896],[36.27372,-6.58792],[36.27208,-6.59119],[36.26741,-6.59293],[36.26712,-6.59482],[36.26521,-6.59592],[36.26471,-6.59792],[36.26148,-6.59862],[36.26021,-6.60204],[36.25835,-6.60168],[36.25775,-6.60387],[36.25639,-6.60331],[36.2552,-6.60532],[36.25426,-6.60526],[36.25355,-6.60751],[36.2525,-6.60736],[36.25248,-6.60958],[36.25038,-6.60907],[36.25056,-6.6358],[36.22864,-6.65088],[36.22018,-6.66201],[36.21159,-6.65595],[36.19994,-6.6564],[36.18997,-6.66076],[36.18004,-6.66772],[36.17037,-6.6703],[36.15819,-6.67815],[36.155,-6.64868],[36.15533,-6.64351],[36.14776,-6.63231],[36.13455,-6.6181],[36.1336,-6.60828],[36.13407,-6.60335],[36.13691,-6.59559],[36.13825,-6.58171],[36.13964,-6.57888],[36.15726,-6.57312],[36.15979,-6.56978],[36.16046,-6.56744],[36.1594,-6.56587],[36.16009,-6.55913],[36.16147,-6.55596],[36.16092,-6.55279],[36.16269,-6.53651],[36.15418,-6.53436],[36.14786,-6.53162],[36.13549,-6.52421],[36.14107,-6.5036],[36.13573,-6.50295],[36.13754,-6.4807],[36.14512,-6.47893],[36.17472,-6.46167],[36.18333,-6.45921],[36.19094,-6.44087],[36.18671,-6.422],[36.17927,-6.40959],[36.18562,-6.39984],[36.19639,-6.40513],[36.22404,-6.40228],[36.23621,-6.39711],[36.26956,-6.39369]]]},"properties":{"region":"Dodoma","district":"Mpwapwa","ward":"Chitemo","ward_code":"221"}},{"type":"Feature","geometry":{"type":"Polygon","coordinates":[[[36.02808,-6.61861],[36.03107,-6.61938],[36.03379,-6.61145],[36.03605,-6.60755],[36.03847,-6.60594],[36.03632,-6.62042],[36.04117,-6.63453],[36.04528,-6.64001],[36.04367,-6.64312],[36.04469,-6.66553],[36.04603,-6.66893],[36.04609,-6.67364],[36.04919,-6.67223],[36.08517,-6.66518],[36.09054,-6.66109],[36.09586,-6.66117],[36.11425,-6.66548],[36.11932,-6.6602],[36.12084,-6.66119],[36.12515,-6.65855],[36.12528,-6.6567],[36.12964,-6.65818],[36.13895,-6.65439],[36.1413,-6.65447],[36.14245,-6.65549],[36.15024,-6.65461],[36.15529,-6.6519],[36.15819,-6.67815],[36.15352,-6.68223],[36.14857,-6.6844],[36.14503,-6.68781],[36.1422,-6.68699],[36.13752,-6.69087],[36.13312,-6.6913],[36.13214,-6.69036],[36.12993,-6.69047],[36.12738,-6.69293],[36.11909,-6.71497],[36.10898,-6.72329],[36.1065,-6.73311],[36.06906,-6.74575],[36.06351,-6.74463],[36.0527,-6.74685],[36.03687,-6.7481],[36.03447,-6.7304],[36.03097,-6.7219],[36.00194,-6.70318],[35.99487,-6.6896],[35.99433,-6.68395],[35.99057,-6.67713],[35.99107,-6.66739],[35.98972,-6.66209],[35.9916,-6.65071],[35.99117,-6.64002],[35.98795,-6.6378],[35.98088,-6.63614],[35.97128,-6.63624],[35.9603,-6.64026],[35.96054,-6.63276],[35.97041,-6.61424],[35.98218,-6.60189],[35.98975,-6.59731],[35.99295,-6.59417],[35.99499,-6.58914],[35.99514,-6.58042],[36.003,-6.59524],[36.01342,-6.60558],[36.0155,-6.61032],[36.02808,-6.61861]]]},"properties":{"region":"Dodoma","district":"Mpwapwa","ward":"Iwondo","ward_code":"231"}},{"type":"Feature","geometry":{"type":"Polygon","coordinates":[[[36.50063,-6.61084],[36.50409,-6.62607],[36.5037,-6.62736],[36.49924,-6.64004],[36.49565,-6.64441],[36.49337,-6.65743],[36.47762,-6.68548],[36.42631,-6.68468],[36.4277,-6.68632],[36.42732,-6.69111],[36.4327,-6.69695],[36.43298,-6.70004],[36.43556,-6.7033],[36.43582,-6.7057],[36.43856,-6.70787],[36.4413,-6.71762],[36.44217,-6.72469],[36.44024,-6.72895],[36.44426,-6.73532],[36.44453,-6.7387],[36.44278,-6.7426],[36.44324,-6.74609],[36.44578,-6.74845],[36.44698,-6.75417],[36.44876,-6.75598],[36.44975,-6.75969],[36.44922,-6.76769],[36.44698,-6.7724],[36.44038,-6.78014],[36.4267,-6.78915],[36.39004,-6.7666],[36.38647,-6.76519],[36.37601,-6.76441],[36.35036,-6.76513],[36.3528,-6.75403],[36.35176,-6.74596],[36.35329,-6.73475],[36.35212,-6.7273],[36.34986,-6.72536],[36.34705,-6.71972],[36.34632,-6.70802],[36.34329,-6.69873],[36.34294,-6.66908],[36.35307,-6.64841],[36.36009,-6.64668],[36.36737,-6.64656],[36.37729,-6.64919],[36.38582,-6.64834],[36.38848,-6.64656],[36.39635,-6.64468],[36.41056,-6.6457],[36.42912,-6.64323],[36.43287,-6.64403],[36.44581,-6.63839],[36.46881,-6.6262],[36.4812,-6.62165],[36.48429,-6.61838],[36.49475,-6.61586],[36.50063,-6.61084]]]},"properties":{"region":"Dodoma","district":"Mpwapwa","ward":"Kibakwe","ward_code":"053"}},{"type":"Feature","geometry":{"type":"Polygon","coordinates":[[[36.66945,-6.65626],[36.67797,-6.66609],[36.67266,-6.66855],[36.66773,-6.67942],[36.67223,-6.68608],[36.67095,-6.68663],[36.67064,-6.68835],[36.67054,-6.68998],[36.67159,-6.69106],[36.67094,-6.69389],[36.66995,-6.69411],[36.66912,-6.69681],[36.66748,-6.69751],[36.66735,-6.70091],[36.66575,-6.70462],[36.66412,-6.70653],[36.66293,-6.70605],[36.65859,-6.71441],[36.65697,-6.71444],[36.65604,-6.71607],[36.65514,-6.71559],[36.65399,-6.71679],[36.65446,-6.71795],[36.65175,-6.72118],[36.64778,-6.72459],[36.6462,-6.72449],[36.64622,-6.72615],[36.64377,-6.72651],[36.64334,-6.73065],[36.64162,-6.73223],[36.64195,-6.73604],[36.63538,-6.74001],[36.63169,-6.73989],[36.63395,-6.75277],[36.63871,-6.75657],[36.63713,-6.75999],[36.63789,-6.76239],[36.64452,-6.76646],[36.64454,-6.76953],[36.64288,-6.77392],[36.64548,-6.77656],[36.64539,-6.77813],[36.64282,-6.78101],[36.63805,-6.79112],[36.6379,-6.79683],[36.6382,-6.801],[36.63962,-6.80201],[36.63901,-6.80335],[36.64082,-6.80657],[36.64099,-6.8099],[36.64221,-6.81032],[36.64207,-6.8149],[36.644,-6.81976],[36.64279,-6.832],[36.63841,-6.84257],[36.64445,-6.85948],[36.64221,-6.87071],[36.64345,-6.87286],[36.64283,-6.87433],[36.64508,-6.87603],[36.64559,-6.88035],[36.64439,-6.88248],[36.64484,-6.88424],[36.64366,-6.88557],[36.64427,-6.8869],[36.64349,-6.88871],[36.64423,-6.88937],[36.64345,-6.89196],[36.63828,-6.89118],[36.63437,-6.89314],[36.62564,-6.88723],[36.61548,-6.88341],[36.6106,-6.88385],[36.60747,-6.88688],[36.60741,-6.89072],[36.60516,-6.89264],[36.60274,-6.89773],[36.59423,-6.90575],[36.58361,-6.90808],[36.56749,-6.91765],[36.56702,-6.87056],[36.55251,-6.8512],[36.55485,-6.84568],[36.55616,-6.83125],[36.55382,-6.82551],[36.60265,-6.80877],[36.61628,-6.80326],[36.63167,-6.75779],[36.62528,-6.74055],[36.61605,-6.73713],[36.62293,-6.70289],[36.62633,-6.6695],[36.66945,-6.65626]]]},"properties":{"region":"Dodoma","district":"Mpwapwa","ward":"Lumuma","ward_code":"061"}},{"type":"Feature","geometry":{"type":"Polygon","coordinates":[[[36.48943,-6.73158],[36.50342,-6.73181],[36.51599,-6.73003],[36.53716,-6.73019],[36.54336,-6.72977],[36.54529,-6.72876],[36.5358,-6.74402],[36.52667,-6.75568],[36.53421,-6.7644],[36.54053,-6.76886],[36.50031,-6.78083],[36.49173,-6.78096],[36.48355,-6.78325],[36.46738,-6.80918],[36.46109,-6.82103],[36.44319,-6.83325],[36.42854,-6.85102],[36.41536,-6.87362],[36.41154,-6.8823],[36.39886,-6.88165],[36.38697,-6.88227],[36.36092,-6.88499],[36.35206,-6.88744],[36.34677,-6.88519],[36.34448,-6.88289],[36.33841,-6.88339],[36.32712,-6.88111],[36.33135,-6.84986],[36.33505,-6.79996],[36.34187,-6.79741],[36.3455,-6.79377],[36.34737,-6.79002],[36.34851,-6.77457],[36.35036,-6.76513],[36.37601,-6.76441],[36.38647,-6.76519],[36.39004,-6.7666],[36.4267,-6.78915],[36.44038,-6.78014],[36.44698,-6.7724],[36.44922,-6.76769],[36.44975,-6.75969],[36.44876,-6.75598],[36.44698,-6.75417],[36.44578,-6.74845],[36.44324,-6.74609],[36.44278,-6.7426],[36.44453,-6.7387],[36.44426,-6.73532],[36.44024,-6.72895],[36.44217,-6.72469],[36.4413,-6.71762],[36.43856,-6.70787],[36.43582,-6.7057],[36.43556,-6.7033],[36.43298,-6.70004],[36.4327,-6.69695],[36.42732,-6.69111],[36.4277,-6.68632],[36.42631,-6.68468],[36.47762,-6.68548],[36.47701,-6.69202],[36.47948,-6.71353],[36.48943,-6.73158]]]},"properties":{"region":"Dodoma","district":"Mpwapwa","ward":"Luhundwa","ward_code":"071"}},{"type":"Feature","geometry":{"type":"Polygon","coordinates":[[[36.34322,-6.5645],[36.34171,-6.5973],[36.33839,-6.60487],[36.33781,-6.61427],[36.34026,-6.62578],[36.34764,-6.64072],[36.35326,-6.64837],[36.34088,-6.67297],[36.32956,-6.6734],[36.31182,-6.6721],[36.30845,-6.67733],[36.30222,-6.68252],[36.29678,-6.68534],[36.28919,-6.68564],[36.28923,-6.68729],[36.28381,-6.69036],[36.25707,-6.69675],[36.23678,-6.7003],[36.23366,-6.69485],[36.22018,-6.66201],[36.22864,-6.65088],[36.25056,-6.6358],[36.25038,-6.60907],[36.25248,-6.60958],[36.2525,-6.60736],[36.25355,-6.60751],[36.25426,-6.60526],[36.2552,-6.60532],[36.25639,-6.60331],[36.25775,-6.60387],[36.25835,-6.60168],[36.26021,-6.60204],[36.26148,-6.59862],[36.26471,-6.59792],[36.26521,-6.59592],[36.26712,-6.59482],[36.26741,-6.59293],[36.27208,-6.59119],[36.27372,-6.58792],[36.27591,-6.5896],[36.27717,-6.58757],[36.28125,-6.58763],[36.28242,-6.59091],[36.28549,-6.58991],[36.28668,-6.59036],[36.28702,-6.59252],[36.28898,-6.59221],[36.2944,-6.59405],[36.30607,-6.58992],[36.3184,-6.58415],[36.33378,-6.57295],[36.33931,-6.56636],[36.34322,-6.5645]]]},"properties":{"region":"Dodoma","district":"Mpwapwa","ward":"Wotta","ward_code":"121"}},{"type":"Feature","geometry":{"type":"Polygon","coordinates":[[[36.63423,-6.89308],[36.63828,-6.89118],[36.64345,-6.89196],[36.64283,-6.89959],[36.64108,-6.89906],[36.63834,-6.90137],[36.63971,-6.9038],[36.63731,-6.90569],[36.63835,-6.90736],[36.63694,-6.90738],[36.63677,-6.90829],[36.6378,-6.91065],[36.63718,-6.91236],[36.63843,-6.91281],[36.63719,-6.91386],[36.63916,-6.91486],[36.63698,-6.91704],[36.63835,-6.92155],[36.63769,-6.92322],[36.63971,-6.92384],[36.63966,-6.92772],[36.64196,-6.93263],[36.64154,-6.9351],[36.64294,-6.93437],[36.64269,-6.93586],[36.64466,-6.93621],[36.64438,-6.93817],[36.64588,-6.93989],[36.64522,-6.94113],[36.64646,-6.94155],[36.64752,-6.94501],[36.64422,-6.95255],[36.64372,-6.96661],[36.6449,-6.96997],[36.6453,-6.97791],[36.64999,-6.98647],[36.64968,-6.99007],[36.65085,-6.99147],[36.64992,-7.00065],[36.64414,-7.01208],[36.64754,-7.02578],[36.58048,-7.04572],[36.56936,-7.03406],[36.55912,-7.00731],[36.55348,-7.0019],[36.54594,-6.99769],[36.56053,-6.99455],[36.56016,-6.99039],[36.56388,-6.97517],[36.5647,-6.94454],[36.56749,-6.91765],[36.58361,-6.90808],[36.59423,-6.90575],[36.60274,-6.89773],[36.60516,-6.89264],[36.60741,-6.89072],[36.60747,-6.88688],[36.6106,-6.88385],[36.61548,-6.88341],[36.62564,-6.88723],[36.63423,-6.89308]]]},"properties":{"region":"Dodoma","district":"Mpwapwa","ward":"Mbuga","ward_code":"161"}},{"type":"Feature","geometry":{"type":"Polygon","coordinates":[[[36.36769,-6.53961],[36.37847,-6.54553],[36.40357,-6.55439],[36.4597,-6.54552],[36.46704,-6.54669],[36.47377,-6.54598],[36.47885,-6.54138],[36.47373,-6.54613],[36.46695,-6.54688],[36.4596,-6.54571],[36.43544,-6.54945],[36.43783,-6.55377],[36.44255,-6.55828],[36.44507,-6.56216],[36.45009,-6.57229],[36.45081,-6.57972],[36.4472,-6.58714],[36.45298,-6.58912],[36.45939,-6.58978],[36.48218,-6.59829],[36.48483,-6.59864],[36.48873,-6.59712],[36.49642,-6.59977],[36.50205,-6.60318],[36.50352,-6.60974],[36.50062,-6.61075],[36.4933,-6.61657],[36.48429,-6.61838],[36.4812,-6.62165],[36.46881,-6.6262],[36.44581,-6.63839],[36.43287,-6.64403],[36.42912,-6.64323],[36.41056,-6.6457],[36.39635,-6.64468],[36.38848,-6.64656],[36.38582,-6.64834],[36.37729,-6.64919],[36.36737,-6.64656],[36.36009,-6.64668],[36.35326,-6.64837],[36.34764,-6.64072],[36.34026,-6.62578],[36.33781,-6.61427],[36.33839,-6.60487],[36.34171,-6.5973],[36.34276,-6.58818],[36.34322,-6.56455],[36.34544,-6.5637],[36.3458,-6.56115],[36.35365,-6.55597],[36.35879,-6.54499],[36.36067,-6.54362],[36.3612,-6.53998],[36.36607,-6.54083],[36.36769,-6.53961]]]},"properties":{"region":"Dodoma","district":"Mpwapwa","ward":"Kingiti","ward_code":"241"}},{"type":"Feature","geometry":{"type":"Polygon","coordinates":[[[36.55553,-6.76865],[36.55382,-6.82551],[36.55616,-6.83125],[36.55485,-6.84568],[36.546,-6.86299],[36.54267,-6.87798],[36.5421,-6.89543],[36.53703,-6.89392],[36.50888,-6.89869],[36.50397,-6.89823],[36.50408,-6.89135],[36.50662,-6.88623],[36.50735,-6.88112],[36.50701,-6.87626],[36.50063,-6.86514],[36.49259,-6.87136],[36.43209,-6.88815],[36.41154,-6.8823],[36.41536,-6.87362],[36.42854,-6.85102],[36.44319,-6.83325],[36.46109,-6.82103],[36.46738,-6.80918],[36.48355,-6.78325],[36.49173,-6.78096],[36.50031,-6.78083],[36.54053,-6.76886],[36.5464,-6.77121],[36.55553,-6.76865]]]},"properties":{"region":"Dodoma","district":"Mpwapwa","ward":"Lufu","ward_code":"251"}},{"type":"Feature","geometry":{"type":"Polygon","coordinates":[[[36.66547,-6.62531],[36.67192,-6.63024],[36.69382,-6.64285],[36.67797,-6.66609],[36.66945,-6.65626],[36.62633,-6.6695],[36.62293,-6.70289],[36.61605,-6.73713],[36.62528,-6.74055],[36.63167,-6.75779],[36.61628,-6.80326],[36.60265,-6.80877],[36.55382,-6.82551],[36.55553,-6.76865],[36.5464,-6.77121],[36.54244,-6.77021],[36.53421,-6.7644],[36.52667,-6.75568],[36.5358,-6.74402],[36.54529,-6.72876],[36.54336,-6.72977],[36.53716,-6.73019],[36.51599,-6.73003],[36.50342,-6.73181],[36.48943,-6.73158],[36.47948,-6.71353],[36.47701,-6.69202],[36.47762,-6.68548],[36.49337,-6.65743],[36.49565,-6.64441],[36.49924,-6.64004],[36.50412,-6.62611],[36.51253,-6.63344],[36.53763,-6.64472],[36.54045,-6.64809],[36.54391,-6.65034],[36.54798,-6.66575],[36.56089,-6.672],[36.56873,-6.6774],[36.57625,-6.67006],[36.57908,-6.66604],[36.58349,-6.6637],[36.58575,-6.66127],[36.58983,-6.65953],[36.59312,-6.65396],[36.59616,-6.65372],[36.59765,-6.6524],[36.59896,-6.65297],[36.60011,-6.6519],[36.60258,-6.64886],[36.60201,-6.64476],[36.60328,-6.6404],[36.60445,-6.64085],[36.60464,-6.63814],[36.60684,-6.63854],[36.61012,-6.636],[36.61194,-6.63727],[36.61224,-6.63486],[36.61359,-6.63477],[36.61418,-6.63288],[36.61775,-6.63064],[36.61859,-6.62824],[36.61795,-6.62814],[36.63424,-6.62789],[36.66547,-6.62531]]]},"properties":{"region":"Dodoma","district":"Mpwapwa","ward":"Pwaga","ward_code":"263"}},{"type":"Feature","geometry":{"type":"Polygon","coordinates":[[[36.56702,-6.87056],[36.56753,-6.91757],[36.5647,-6.94454],[36.56388,-6.97517],[36.56016,-6.99039],[36.56053,-6.99455],[36.54594,-6.99769],[36.55348,-7.0019],[36.55912,-7.00731],[36.56936,-7.03406],[36.58048,-7.04572],[36.5774,-7.04596],[36.57476,-7.04775],[36.56791,-7.04612],[36.56401,-7.0465],[36.56306,-7.04868],[36.56422,-7.04942],[36.56406,-7.05059],[36.56214,-7.05089],[36.56324,-7.05234],[36.56144,-7.0551],[36.55721,-7.05757],[36.55618,-7.06072],[36.55396,-7.06311],[36.55402,-7.06571],[36.55229,-7.06656],[36.55276,-7.06745],[36.55146,-7.06792],[36.5479,-7.07476],[36.54627,-7.07552],[36.54421,-7.08018],[36.54466,-7.08273],[36.54585,-7.08306],[36.54571,-7.08451],[36.54347,-7.0863],[36.54184,-7.09185],[36.5388,-7.09385],[36.53615,-7.09829],[36.50871,-7.08348],[36.47972,-7.045],[36.47791,-7.0351],[36.48331,-7.01105],[36.48235,-6.99717],[36.47834,-6.99643],[36.46889,-6.98837],[36.46414,-6.96633],[36.46762,-6.95413],[36.47439,-6.93979],[36.48404,-6.93461],[36.49047,-6.93411],[36.50397,-6.89823],[36.50888,-6.89869],[36.53703,-6.89392],[36.5421,-6.89543],[36.54267,-6.87798],[36.546,-6.86299],[36.55251,-6.8512],[36.56702,-6.87056]]]},"properties":{"region":"Dodoma","district":"Mpwapwa","ward":"Galigali","ward_code":"271"}},{"type":"Feature","geometry":{"type":"Polygon","coordinates":[[[36.34294,-6.6692],[36.34329,-6.69873],[36.34632,-6.70802],[36.34705,-6.71972],[36.34986,-6.72536],[36.35212,-6.7273],[36.35256,-6.72959],[36.35329,-6.73475],[36.35176,-6.74596],[36.3528,-6.75403],[36.34851,-6.77457],[36.34737,-6.79002],[36.3455,-6.79377],[36.34187,-6.79741],[36.33505,-6.79996],[36.33135,-6.84986],[36.32712,-6.88111],[36.32395,-6.88025],[36.26133,-6.88631],[36.25891,-6.86473],[36.26001,-6.85432],[36.2593,-6.84921],[36.2564,-6.84085],[36.25104,-6.84077],[36.24998,-6.79681],[36.25052,-6.78001],[36.24942,-6.77243],[36.25028,-6.74417],[36.24978,-6.72631],[36.23678,-6.7003],[36.25707,-6.69675],[36.28381,-6.69036],[36.28923,-6.68729],[36.28919,-6.68564],[36.29678,-6.68534],[36.30222,-6.68252],[36.30845,-6.67733],[36.31182,-6.6721],[36.32956,-6.6734],[36.34088,-6.67297],[36.34294,-6.6692]]]},"properties":{"region":"Dodoma","district":"Mpwapwa","ward":"Wangi","ward_code":"321"}},{"type":"Feature","geometry":{"type":"Polygon","coordinates":[[[36.50662,-6.88623],[36.50408,-6.89135],[36.50397,-6.89823],[36.49047,-6.93411],[36.48404,-6.93461],[36.47439,-6.93979],[36.46762,-6.95413],[36.46414,-6.96633],[36.46889,-6.98837],[36.47834,-6.99643],[36.46357,-6.99372],[36.45748,-6.99523],[36.45055,-6.99434],[36.41099,-6.99543],[36.40923,-7.00292],[36.39837,-7.02179],[36.35646,-7.07039],[36.33161,-7.09538],[36.30479,-7.11157],[36.30509,-7.07914],[36.29657,-7.0648],[36.30486,-7.03862],[36.29606,-6.99904],[36.30525,-6.98973],[36.33495,-6.9556],[36.34194,-6.9324],[36.33974,-6.91599],[36.33892,-6.89919],[36.33938,-6.88781],[36.341,-6.88604],[36.34294,-6.88644],[36.3441,-6.88481],[36.34261,-6.88304],[36.34448,-6.88289],[36.34677,-6.88519],[36.35206,-6.88744],[36.36092,-6.88499],[36.38697,-6.88227],[36.41086,-6.88207],[36.43209,-6.88815],[36.49259,-6.87136],[36.50063,-6.86514],[36.50701,-6.87626],[36.50662,-6.88623]]]},"properties":{"region":"Dodoma","district":"Mpwapwa","ward":"Massa","ward_code":"083"}},{"type":"Feature","geometry":{"type":"Polygon","coordinates":[[[36.46357,-6.99372],[36.48235,-6.99717],[36.48331,-7.01105],[36.47791,-7.0351],[36.47972,-7.045],[36.48339,-7.0503],[36.50871,-7.08348],[36.53658,-7.09852],[36.53468,-7.10137],[36.53452,-7.11028],[36.53299,-7.11143],[36.53157,-7.11542],[36.53277,-7.11891],[36.53239,-7.1218],[36.53103,-7.12409],[36.52902,-7.12399],[36.52697,-7.12785],[36.52384,-7.12844],[36.52196,-7.13606],[36.52035,-7.13678],[36.51624,-7.14719],[36.51469,-7.14728],[36.51141,-7.14973],[36.5113,-7.15218],[36.51022,-7.15266],[36.50733,-7.15857],[36.50789,-7.16087],[36.50673,-7.16214],[36.50732,-7.16319],[36.50944,-7.16316],[36.50839,-7.16432],[36.50972,-7.16502],[36.50965,-7.16685],[36.50871,-7.16745],[36.50918,-7.16939],[36.50778,-7.17018],[36.50737,-7.1685],[36.5051,-7.17009],[36.50613,-7.17302],[36.50449,-7.17431],[36.50481,-7.17532],[36.50249,-7.17582],[36.50365,-7.17813],[36.50027,-7.18386],[36.50172,-7.18501],[36.50191,-7.18748],[36.50082,-7.18898],[36.50254,-7.19131],[36.50109,-7.19212],[36.50301,-7.19606],[36.50305,-7.19966],[36.5022,-7.2005],[36.50417,-7.20217],[36.50455,-7.20799],[36.50608,-7.20941],[36.50307,-7.21209],[36.50428,-7.21625],[36.50553,-7.21712],[36.50447,-7.21811],[36.50589,-7.21933],[36.50326,-7.22126],[36.50516,-7.22234],[36.50581,-7.22407],[36.50521,-7.225],[36.50661,-7.22534],[36.50722,-7.22661],[36.50631,-7.22764],[36.50716,-7.22868],[36.50646,-7.23008],[36.5081,-7.23295],[36.51121,-7.23479],[36.50988,-7.23428],[36.50406,-7.23563],[36.50101,-7.23463],[36.49811,-7.23249],[36.48755,-7.22984],[36.47793,-7.22368],[36.47783,-7.21345],[36.47584,-7.19861],[36.47672,-7.1874],[36.47497,-7.1736],[36.47056,-7.16101],[36.4552,-7.13045],[36.45056,-7.11902],[36.44605,-7.11157],[36.43849,-7.08625],[36.43112,-7.07328],[36.40612,-7.03895],[36.39826,-7.02184],[36.40923,-7.00292],[36.41099,-6.99543],[36.45055,-6.99434],[36.45748,-6.99523],[36.46357,-6.99372]]]},"properties":{"region":"Dodoma","district":"Mpwapwa","ward":"Ipera","ward_code":"091"}},{"type":"Feature","geometry":{"type":"MultiPolygon","coordinates":[[[[35.99919,-7.13057],[35.999,-7.13065],[35.99919,-7.13057],[35.99919,-7.13057]]],[[[36.06476,-7.12613],[36.06493,-7.12622],[36.06475,-7.12613],[36.06476,-7.12613]]],[[[36.04813,-7.12015],[36.04668,-7.12052],[36.04813,-7.12015],[36.04813,-7.12015]]],[[[36.17265,-6.83925],[36.18043,-6.83982],[36.18264,-6.8417],[36.22434,-6.84058],[36.2564,-6.84085],[36.2593,-6.84921],[36.26001,-6.85432],[36.25891,-6.86473],[36.26133,-6.88631],[36.32395,-6.88025],[36.33841,-6.88339],[36.34261,-6.88304],[36.3441,-6.88481],[36.34294,-6.88644],[36.341,-6.88604],[36.33938,-6.88781],[36.33892,-6.89919],[36.33974,-6.91599],[36.34194,-6.9324],[36.33495,-6.9556],[36.30525,-6.98973],[36.29606,-6.99904],[36.30486,-7.03862],[36.29657,-7.0648],[36.30509,-7.07914],[36.30479,-7.11157],[36.31427,-7.14982],[36.26067,-7.19892],[36.25955,-7.19736],[36.25921,-7.19279],[36.25342,-7.18603],[36.25315,-7.18322],[36.25011,-7.17828],[36.25033,-7.17641],[36.24001,-7.17491],[36.23187,-7.17077],[36.20393,-7.17208],[36.1991,-7.16917],[36.19802,-7.15926],[36.19266,-7.15352],[36.19246,-7.15025],[36.19015,-7.14935],[36.18611,-7.14899],[36.18226,-7.1503],[36.17011,-7.15704],[36.1674,-7.15648],[36.16704,-7.15508],[36.16498,-7.15387],[36.1623,-7.15423],[36.15967,-7.15293],[36.15643,-7.14878],[36.15403,-7.14753],[36.14984,-7.14791],[36.14582,-7.14389],[36.14531,-7.14059],[36.14643,-7.13689],[36.14447,-7.13534],[36.13652,-7.13593],[36.13396,-7.13405],[36.11994,-7.13044],[36.11812,-7.12873],[36.11378,-7.12748],[36.10967,-7.13056],[36.10641,-7.12947],[36.10211,-7.12999],[36.09548,-7.12604],[36.09133,-7.12741],[36.08458,-7.12712],[36.08179,-7.12795],[36.08108,-7.12975],[36.07462,-7.13415],[36.06989,-7.13192],[36.06793,-7.12785],[36.06658,-7.12705],[36.08413,-7.08512],[36.08375,-7.07537],[36.10503,-7.0561],[36.11346,-7.04701],[36.13108,-7.0214],[36.1522,-6.98321],[36.15757,-6.97073],[36.16251,-6.95242],[36.16395,-6.94275],[36.16414,-6.92957],[36.16108,-6.91289],[36.16162,-6.8862],[36.16386,-6.87548],[36.16609,-6.86953],[36.17107,-6.84341],[36.17265,-6.83925]]]]},"properties":{"region":"Dodoma","district":"Mpwapwa","ward":"Rudi","ward_code":"101"}},{"type":"Feature","geometry":{"type":"Polygon","coordinates":[[[36.22018,-6.66201],[36.23366,-6.69485],[36.24978,-6.72631],[36.25028,-6.74417],[36.24942,-6.77243],[36.25052,-6.78001],[36.24998,-6.79681],[36.25104,-6.84077],[36.25455,-6.84083],[36.22434,-6.84058],[36.18264,-6.8417],[36.17976,-6.83958],[36.15779,-6.83886],[36.14749,-6.83006],[36.14318,-6.82826],[36.1385,-6.82447],[36.13264,-6.80305],[36.11216,-6.79865],[36.1091,-6.79116],[36.08667,-6.77983],[36.07448,-6.77552],[36.0638,-6.76761],[36.05965,-6.76699],[36.05448,-6.76405],[36.05124,-6.76391],[36.04181,-6.75855],[36.03718,-6.7518],[36.03687,-6.7481],[36.0527,-6.74685],[36.06351,-6.74463],[36.06906,-6.74575],[36.1065,-6.73311],[36.10898,-6.72329],[36.11909,-6.71497],[36.12738,-6.69293],[36.12993,-6.69047],[36.13214,-6.69036],[36.13312,-6.6913],[36.13752,-6.69087],[36.1422,-6.68699],[36.14503,-6.68781],[36.14857,-6.6844],[36.15352,-6.68223],[36.15819,-6.67815],[36.17037,-6.6703],[36.18004,-6.66772],[36.18997,-6.66076],[36.19994,-6.6564],[36.21159,-6.65595],[36.22018,-6.66201]]]},"properties":{"region":"Dodoma","district":"Mpwapwa","ward":"Mlunduzi","ward_code":"111"}},{"type":"Feature","geometry":{"type":"Polygon","coordinates":[[[36.12574,-6.9433],[36.13934,-6.95245],[36.14562,-6.95827],[36.15332,-6.96814],[36.15631,-6.97369],[36.1522,-6.98321],[36.13108,-7.0214],[36.11346,-7.04701],[36.10503,-7.0561],[36.08375,-7.07537],[36.08413,-7.08512],[36.06658,-7.12705],[36.06113,-7.1251],[36.05798,-7.12243],[36.04905,-7.11993],[36.03723,-7.12177],[36.03313,-7.12111],[36.00214,-7.12944],[35.98872,-7.13644],[35.98003,-7.13695],[35.97505,-7.13364],[35.97433,-7.13152],[35.96783,-7.12805],[35.9658,-7.12461],[35.96182,-7.12076],[35.95813,-7.11912],[35.94609,-7.11699],[35.9259,-7.11519],[35.91408,-7.10611],[35.91065,-7.10517],[35.9066,-7.1069],[35.90486,-7.1091],[35.89892,-7.11064],[35.89473,-7.1099],[35.88584,-7.10106],[35.88395,-7.0968],[35.87833,-7.09404],[35.87094,-7.09376],[35.8667,-7.08951],[35.85663,-7.09149],[35.85457,-7.09026],[35.8515,-7.08546],[35.84985,-7.08544],[35.84223,-7.08967],[35.83906,-7.09281],[35.8346,-7.09492],[35.82888,-7.09479],[35.82479,-7.09829],[35.82015,-7.09497],[35.81888,-7.09517],[35.81762,-7.09692],[35.81626,-7.09578],[35.81644,-7.09378],[35.81913,-7.09095],[35.81852,-7.08953],[35.81637,-7.08926],[35.81298,-7.0951],[35.81099,-7.09544],[35.8087,-7.09337],[35.80672,-7.0936],[35.80527,-7.09581],[35.8033,-7.09584],[35.80261,-7.09349],[35.80115,-7.09252],[35.79965,-7.09276],[35.79608,-7.09575],[35.79468,-7.09512],[35.79572,-7.0895],[35.7945,-7.08893],[35.78835,-7.09201],[35.78498,-7.09123],[35.81188,-7.02289],[35.8455,-7.04351],[35.86276,-7.05188],[35.89792,-7.05408],[35.89986,-7.05566],[35.90305,-7.05576],[35.90594,-7.05702],[35.90849,-7.06188],[35.93065,-7.06857],[35.93324,-7.07028],[35.93376,-7.05814],[35.91699,-7.05598],[35.9046,-7.05543],[35.88974,-7.03825],[35.87932,-7.03115],[35.85766,-7.0076],[35.86992,-7.00208],[35.91123,-6.97858],[35.92557,-6.96549],[35.94056,-6.97211],[35.95021,-6.97503],[35.95946,-6.97549],[35.96418,-6.97892],[35.98825,-6.98218],[36.01032,-6.96763],[36.02098,-6.96353],[36.02787,-6.96496],[36.0342,-6.96089],[36.04046,-6.95828],[36.04687,-6.96076],[36.05592,-6.96205],[36.06719,-6.96758],[36.07114,-6.9681],[36.07483,-6.96736],[36.07801,-6.96517],[36.08262,-6.9568],[36.08919,-6.9481],[36.09795,-6.94223],[36.11432,-6.93366],[36.12574,-6.9433]]]},"properties":{"region":"Dodoma","district":"Mpwapwa","ward":"Mtera","ward_code":"283"}},{"type":"Feature","geometry":{"type":"Polygon","coordinates":[[[36.05042,-6.76335],[36.05448,-6.76405],[36.05965,-6.76699],[36.0638,-6.76761],[36.07448,-6.77552],[36.08667,-6.77983],[36.1091,-6.79116],[36.11216,-6.79865],[36.13264,-6.80305],[36.1385,-6.82447],[36.14067,-6.82658],[36.14749,-6.83006],[36.15779,-6.83886],[36.17265,-6.83925],[36.16162,-6.8862],[36.16108,-6.91289],[36.16414,-6.92957],[36.16395,-6.94275],[36.16251,-6.95242],[36.15631,-6.97369],[36.15332,-6.96814],[36.14562,-6.95827],[36.13934,-6.95245],[36.1255,-6.94354],[36.11432,-6.93366],[36.09795,-6.94223],[36.08919,-6.9481],[36.08262,-6.9568],[36.07801,-6.96517],[36.07483,-6.96736],[36.07114,-6.9681],[36.06719,-6.96758],[36.05592,-6.96205],[36.04687,-6.96076],[36.04046,-6.95828],[36.0342,-6.96089],[36.02787,-6.96496],[36.02098,-6.96353],[36.01032,-6.96763],[35.98825,-6.98218],[35.96418,-6.97892],[35.95946,-6.97549],[35.95021,-6.97503],[35.94056,-6.97211],[35.92557,-6.96549],[35.93327,-6.95847],[35.935,-6.92532],[35.96924,-6.92526],[35.98326,-6.92895],[35.98802,-6.93188],[35.99209,-6.93676],[35.9961,-6.93935],[35.99989,-6.94103],[36.0039,-6.94149],[36.01025,-6.94538],[36.01497,-6.94668],[36.0174,-6.94627],[36.02018,-6.94998],[36.02267,-6.94896],[36.02526,-6.93143],[36.02764,-6.92229],[36.02229,-6.87658],[36.02735,-6.85703],[36.03718,-6.7518],[36.04181,-6.75855],[36.05042,-6.76335]]]},"properties":{"region":"Dodoma","district":"Mpwapwa","ward":"Chipogoro","ward_code":"291"}},{"type":"Feature","geometry":{"type":"Polygon","coordinates":[[[36.31417,-7.14987],[36.35073,-7.22629],[36.37629,-7.22245],[36.39957,-7.22181],[36.41083,-7.21274],[36.42797,-7.20696],[36.44029,-7.20456],[36.44877,-7.20475],[36.45711,-7.20713],[36.47687,-7.20624],[36.47786,-7.22339],[36.4799,-7.22556],[36.48755,-7.22984],[36.49811,-7.23249],[36.50406,-7.23563],[36.50988,-7.23428],[36.5115,-7.23537],[36.51461,-7.24499],[36.51343,-7.24855],[36.51442,-7.25134],[36.51261,-7.25517],[36.51365,-7.2576],[36.51328,-7.26031],[36.51474,-7.26317],[36.51687,-7.26404],[36.51925,-7.26944],[36.51863,-7.27442],[36.51727,-7.27677],[36.51718,-7.28157],[36.52126,-7.28767],[36.52297,-7.29338],[36.52236,-7.29916],[36.52714,-7.31384],[36.52888,-7.32521],[36.52704,-7.32983],[36.52403,-7.32989],[36.52282,-7.3312],[36.52248,-7.33357],[36.5168,-7.34221],[36.51428,-7.34259],[36.51061,-7.34482],[36.50605,-7.34994],[36.49754,-7.35375],[36.49189,-7.36266],[36.48691,-7.36354],[36.48019,-7.36667],[36.46927,-7.35356],[36.46737,-7.35222],[36.45611,-7.35021],[36.45449,-7.34924],[36.45136,-7.34331],[36.44955,-7.34205],[36.44574,-7.3413],[36.44037,-7.34314],[36.43551,-7.34253],[36.43299,-7.34093],[36.43017,-7.33464],[36.42745,-7.33235],[36.42506,-7.33133],[36.41799,-7.33113],[36.40995,-7.32746],[36.39976,-7.32441],[36.39947,-7.31935],[36.39741,-7.31616],[36.39543,-7.31487],[36.39084,-7.3178],[36.38429,-7.32387],[36.37863,-7.32156],[36.37376,-7.32539],[36.36364,-7.33067],[36.3519,-7.33198],[36.34608,-7.33022],[36.33976,-7.33645],[36.33544,-7.33732],[36.3323,-7.33592],[36.32956,-7.33306],[36.32705,-7.33239],[36.32562,-7.3284],[36.31853,-7.32439],[36.316,-7.31922],[36.31634,-7.31608],[36.31977,-7.31488],[36.32047,-7.31217],[36.31959,-7.3087],[36.31548,-7.30476],[36.31464,-7.30166],[36.31852,-7.30083],[36.32106,-7.29806],[36.32274,-7.29324],[36.32338,-7.28721],[36.31978,-7.2811],[36.31593,-7.2715],[36.31135,-7.26589],[36.30975,-7.25925],[36.30056,-7.25333],[36.30209,-7.2466],[36.29966,-7.24274],[36.29751,-7.2423],[36.2935,-7.24394],[36.29006,-7.24308],[36.28663,-7.23998],[36.28431,-7.23551],[36.27923,-7.23335],[36.27574,-7.22604],[36.27512,-7.22181],[36.26975,-7.21831],[36.26692,-7.21494],[36.26321,-7.20788],[36.26067,-7.19892],[36.31417,-7.14987]]]},"properties":{"region":"Dodoma","district":"Mpwapwa","ward":"Malolo","ward_code":"301"}},{"type":"Feature","geometry":{"type":"Polygon","coordinates":[[[36.47584,-7.19861],[36.47687,-7.20624],[36.45711,-7.20713],[36.44877,-7.20475],[36.44029,-7.20456],[36.42797,-7.20696],[36.41083,-7.21274],[36.39957,-7.22181],[36.37629,-7.22245],[36.35073,-7.22629],[36.31418,-7.14989],[36.30479,-7.11157],[36.33161,-7.09538],[36.35646,-7.07039],[36.39826,-7.02184],[36.40612,-7.03895],[36.43112,-7.07328],[36.43849,-7.08625],[36.44605,-7.11157],[36.45056,-7.11902],[36.4552,-7.13045],[36.47056,-7.16101],[36.47497,-7.1736],[36.47672,-7.1874],[36.47584,-7.19861]]]},"properties":{"region":"Dodoma","district":"Mpwapwa","ward":"Mang'aliza","ward_code":"331"}},{"type":"Feature","geometry":{"type":"MultiPolygon","coordinates":[[[[36.54526,-5.89496],[36.54535,-5.91722],[36.52272,-5.94942],[36.51914,-5.95145],[36.51921,-5.95437],[36.49139,-5.95464],[36.49132,-5.95589],[36.4866,-5.95993],[36.48401,-5.96583],[36.48033,-5.98412],[36.47899,-5.99368],[36.47917,-5.99966],[36.46257,-6.00077],[36.44703,-5.99916],[36.38663,-5.99993],[36.38142,-5.9921],[36.37928,-5.98512],[36.38057,-5.98138],[36.38608,-5.97945],[36.39081,-5.97965],[36.39342,-5.97769],[36.39816,-5.98103],[36.39815,-5.98209],[36.40243,-5.98001],[36.40406,-5.97802],[36.40402,-5.97616],[36.39726,-5.96639],[36.39511,-5.95211],[36.39962,-5.9379],[36.41075,-5.923],[36.43046,-5.92298],[36.43908,-5.9214],[36.44785,-5.92181],[36.44723,-5.9114],[36.48256,-5.90847],[36.49379,-5.90544],[36.53559,-5.90514],[36.54526,-5.89496]]],[[[36.3466,-5.84621],[36.35799,-5.85581],[36.36696,-5.87124],[36.3936,-5.87109],[36.39434,-5.87586],[36.3925,-5.87926],[36.39145,-5.87956],[36.39272,-5.88487],[36.38867,-5.88851],[36.38865,-5.89083],[36.38681,-5.89175],[36.38584,-5.89485],[36.38517,-5.90074],[36.38782,-5.90328],[36.38818,-5.90633],[36.38692,-5.90669],[36.38506,-5.90976],[36.38254,-5.90799],[36.37993,-5.9093],[36.37803,-5.90809],[36.37651,-5.90923],[36.37392,-5.90904],[36.37268,-5.91075],[36.37141,-5.9104],[36.36922,-5.90685],[36.36922,-5.90882],[36.36683,-5.9101],[36.36649,-5.91255],[36.36563,-5.91134],[36.36386,-5.91195],[36.3616,-5.91007],[36.36115,-5.9122],[36.35992,-5.91283],[36.35837,-5.91076],[36.3578,-5.91194],[36.35563,-5.91274],[36.35515,-5.91509],[36.35404,-5.9149],[36.35313,-5.91673],[36.35007,-5.91667],[36.34928,-5.91509],[36.34915,-5.91619],[36.34823,-5.91547],[36.34798,-5.91637],[36.34621,-5.91641],[36.34535,-5.91864],[36.3446,-5.91861],[36.34466,-5.92028],[36.34317,-5.92049],[36.34389,-5.92186],[36.3418,-5.92238],[36.3415,-5.92386],[36.33356,-5.92518],[36.33185,-5.92413],[36.32897,-5.92472],[36.32789,-5.9236],[36.3247,-5.9243],[36.32469,-5.92552],[36.33206,-5.93294],[36.33296,-5.94031],[36.33259,-5.94776],[36.32609,-5.96084],[36.3193,-5.96787],[36.31043,-5.96803],[36.31069,-5.97049],[36.30565,-5.97175],[36.29763,-5.97659],[36.28945,-5.98384],[36.27675,-5.99742],[36.28082,-5.98344],[36.28152,-5.96996],[36.27968,-5.94752],[36.27857,-5.91181],[36.28079,-5.89199],[36.28341,-5.88588],[36.28577,-5.85543],[36.28438,-5.84923],[36.31616,-5.84893],[36.31924,-5.84082],[36.33838,-5.84268],[36.3466,-5.84621]]]]},"properties":{"region":"Dodoma","district":"Kongwa","ward":"Hogoro","ward_code":"031"}},{"type":"Feature","geometry":{"type":"Polygon","coordinates":[[[36.42134,-5.62395],[36.45294,-5.6461],[36.45393,-5.65994],[36.45323,-5.6903],[36.44748,-5.68704],[36.43638,-5.68448],[36.44199,-5.69805],[36.43564,-5.72225],[36.43507,-5.7296],[36.43635,-5.74139],[36.43585,-5.75943],[36.43239,-5.76098],[36.42682,-5.76159],[36.40058,-5.7609],[36.3955,-5.76411],[36.39264,-5.76434],[36.3855,-5.76121],[36.37345,-5.7586],[36.3674,-5.75481],[36.37625,-5.68578],[36.37853,-5.65051],[36.38179,-5.63951],[36.39233,-5.64052],[36.39691,-5.63955],[36.40299,-5.63604],[36.40387,-5.63467],[36.4062,-5.63478],[36.41059,-5.63019],[36.4213,-5.62761],[36.42134,-5.62395]]]},"properties":{"region":"Dodoma","district":"Kongwa","ward":"Zoissa","ward_code":"041"}},{"type":"Feature","geometry":{"type":"MultiPolygon","coordinates":[[[[36.39781,-5.86167],[36.39769,-5.86173],[36.39801,-5.8616],[36.39781,-5.86167]]],[[[36.3925,-5.76428],[36.3955,-5.76411],[36.40058,-5.7609],[36.42682,-5.76159],[36.43239,-5.76098],[36.43591,-5.7593],[36.43637,-5.77022],[36.4425,-5.78119],[36.44483,-5.78793],[36.443,-5.80296],[36.44676,-5.82431],[36.44708,-5.83717],[36.44694,-5.84694],[36.44404,-5.8536],[36.42389,-5.85614],[36.40401,-5.85715],[36.40239,-5.8597],[36.40123,-5.85979],[36.40067,-5.86089],[36.39969,-5.86116],[36.40037,-5.86091],[36.38369,-5.83925],[36.37825,-5.82787],[36.37225,-5.83053],[36.36629,-5.82778],[36.36418,-5.82497],[36.36561,-5.81544],[36.35685,-5.80588],[36.32134,-5.80801],[36.32024,-5.80691],[36.31413,-5.79134],[36.31025,-5.77364],[36.32553,-5.76544],[36.3674,-5.75481],[36.37345,-5.7586],[36.3855,-5.76121],[36.3925,-5.76428]]]]},"properties":{"region":"Dodoma","district":"Kongwa","ward":"Mkoka","ward_code":"053"}},{"type":"Feature","geometry":{"type":"Polygon","coordinates":[[[36.56481,-5.73997],[36.57868,-5.74589],[36.5881,-5.77048],[36.59696,-5.78474],[36.60069,-5.79956],[36.6129,-5.80782],[36.62305,-5.81718],[36.62426,-5.8207],[36.61989,-5.85774],[36.60414,-5.85347],[36.56801,-5.84744],[36.56258,-5.84503],[36.563,-5.84302],[36.53514,-5.8436],[36.52641,-5.84591],[36.51443,-5.8475],[36.506,-5.85206],[36.49216,-5.85545],[36.50803,-5.81539],[36.51199,-5.80276],[36.51368,-5.76582],[36.51714,-5.74836],[36.52159,-5.74208],[36.49491,-5.74673],[36.48487,-5.74686],[36.43635,-5.74114],[36.43507,-5.7296],[36.43564,-5.72225],[36.44199,-5.69805],[36.43638,-5.68448],[36.44748,-5.68704],[36.45323,-5.6903],[36.47696,-5.69187],[36.51301,-5.69805],[36.52041,-5.70803],[36.52683,-5.71325],[36.52903,-5.71949],[36.53439,-5.7283],[36.54035,-5.73164],[36.56481,-5.73997]]]},"properties":{"region":"Dodoma","district":"Kongwa","ward":"Makawa","ward_code":"151"}},{"type":"Feature","geometry":{"type":"Polygon","coordinates":[[[36.31483,-5.56582],[36.32299,-5.56608],[36.33691,-5.5554],[36.34494,-5.55504],[36.35736,-5.55765],[36.36499,-5.56056],[36.40243,-5.5813],[36.42134,-5.62395],[36.4213,-5.62761],[36.41059,-5.63019],[36.4062,-5.63478],[36.40387,-5.63467],[36.40299,-5.63604],[36.39691,-5.63955],[36.39233,-5.64052],[36.38179,-5.63951],[36.38098,-5.64057],[36.37748,-5.65765],[36.37625,-5.68578],[36.3674,-5.75481],[36.32553,-5.76544],[36.31021,-5.77392],[36.30098,-5.77551],[36.29528,-5.77415],[36.29542,-5.76703],[36.29258,-5.76035],[36.29217,-5.75251],[36.29005,-5.74807],[36.28893,-5.74283],[36.28648,-5.73925],[36.28436,-5.73326],[36.28296,-5.72485],[36.28279,-5.71538],[36.28526,-5.70798],[36.28199,-5.70369],[36.27924,-5.69783],[36.27857,-5.6927],[36.2743,-5.6866],[36.27408,-5.68483],[36.27104,-5.68406],[36.27232,-5.66864],[36.27177,-5.66641],[36.26492,-5.65738],[36.26976,-5.63411],[36.26966,-5.62019],[36.27155,-5.61044],[36.27275,-5.57465],[36.28129,-5.55223],[36.29503,-5.53221],[36.29419,-5.53544],[36.29138,-5.53834],[36.29152,-5.54973],[36.29063,-5.55411],[36.29185,-5.55657],[36.29759,-5.56033],[36.31483,-5.56582]]]},"properties":{"region":"Dodoma","district":"Kongwa","ward":"Chitego","ward_code":"161"}},{"type":"Feature","geometry":{"type":"Polygon","coordinates":[[[36.48361,-5.74673],[36.49491,-5.74673],[36.52159,-5.74208],[36.51714,-5.74836],[36.51368,-5.76582],[36.51199,-5.80276],[36.50803,-5.81539],[36.49199,-5.85589],[36.46208,-5.85869],[36.44593,-5.86133],[36.44541,-5.85631],[36.44404,-5.8536],[36.44694,-5.84694],[36.44676,-5.82431],[36.443,-5.80296],[36.44483,-5.78793],[36.4425,-5.78119],[36.43637,-5.77022],[36.43635,-5.74114],[36.48361,-5.74673]]]},"properties":{"region":"Dodoma","district":"Kongwa","ward":"Matongoro","ward_code":"171"}},{"type":"Feature","geometry":{"type":"Polygon","coordinates":[[[36.29528,-5.77415],[36.30098,-5.77551],[36.31015,-5.77368],[36.31413,-5.79134],[36.32134,-5.80801],[36.35685,-5.80588],[36.36561,-5.81544],[36.36418,-5.82497],[36.36629,-5.82778],[36.37225,-5.83053],[36.37825,-5.82787],[36.38369,-5.83925],[36.40037,-5.86091],[36.40019,-5.86074],[36.39989,-5.86072],[36.39969,-5.86116],[36.40067,-5.86089],[36.40123,-5.85979],[36.40239,-5.8597],[36.40401,-5.85715],[36.42389,-5.85614],[36.44422,-5.85353],[36.44593,-5.86133],[36.46208,-5.85869],[36.49199,-5.85589],[36.506,-5.85206],[36.51443,-5.8475],[36.52641,-5.84591],[36.53514,-5.8436],[36.563,-5.84302],[36.56066,-5.85254],[36.5433,-5.89086],[36.54526,-5.89496],[36.53559,-5.90514],[36.49379,-5.90544],[36.48256,-5.90847],[36.44723,-5.9114],[36.44785,-5.92181],[36.43908,-5.9214],[36.43046,-5.92298],[36.41075,-5.923],[36.40949,-5.92451],[36.38753,-5.91397],[36.38044,-5.90918],[36.38254,-5.90799],[36.38506,-5.90976],[36.38692,-5.90669],[36.38818,-5.90633],[36.38782,-5.90328],[36.38517,-5.90074],[36.38584,-5.89485],[36.38681,-5.89175],[36.38865,-5.89083],[36.38867,-5.88851],[36.39272,-5.88487],[36.39145,-5.87956],[36.3925,-5.87926],[36.39434,-5.87586],[36.3936,-5.87109],[36.36696,-5.87124],[36.35799,-5.85581],[36.35471,-5.85234],[36.3466,-5.84621],[36.33721,-5.84245],[36.31924,-5.84082],[36.31616,-5.84893],[36.28438,-5.84923],[36.28339,-5.82647],[36.28026,-5.81829],[36.27718,-5.81367],[36.27794,-5.81001],[36.27707,-5.80466],[36.27244,-5.79792],[36.27166,-5.79354],[36.26933,-5.78896],[36.26657,-5.7859],[36.2589,-5.78467],[36.25403,-5.78006],[36.2525,-5.77725],[36.25243,-5.77409],[36.255,-5.76811],[36.26789,-5.75847],[36.29457,-5.76462],[36.29542,-5.76703],[36.29528,-5.77415]],[[36.39789,-5.86157],[36.39769,-5.86173],[36.39801,-5.8616],[36.39789,-5.86157]]]},"properties":{"region":"Dodoma","district":"Kongwa","ward":"Songambele","ward_code":"193"}},{"type":"Feature","geometry":{"type":"Polygon","coordinates":[[[36.63755,-5.83054],[36.64391,-5.83117],[36.6496,-5.8331],[36.65924,-5.84408],[36.66685,-5.8504],[36.67105,-5.85805],[36.67544,-5.86437],[36.67692,-5.86518],[36.69413,-5.89272],[36.69791,-5.89723],[36.70348,-5.90998],[36.70753,-5.91107],[36.71591,-5.94497],[36.72586,-5.94251],[36.73005,-5.94279],[36.73186,-5.95146],[36.73294,-5.96478],[36.73237,-5.9735],[36.72648,-5.98732],[36.73369,-5.99709],[36.73774,-6.00596],[36.73901,-6.01478],[36.73909,-6.02362],[36.73715,-6.03417],[36.73539,-6.03825],[36.73369,-6.03973],[36.71631,-6.03674],[36.7114,-6.03486],[36.68699,-6.05303],[36.67775,-6.04787],[36.67898,-6.03865],[36.67894,-6.02966],[36.67594,-6.02343],[36.67435,-6.01672],[36.67306,-6.00296],[36.67054,-5.9956],[36.67159,-5.97904],[36.64281,-5.97608],[36.64712,-5.96674],[36.64916,-5.95953],[36.64313,-5.90911],[36.62128,-5.84974],[36.62191,-5.84615],[36.62603,-5.84147],[36.6295,-5.83963],[36.63198,-5.83623],[36.63583,-5.83334],[36.63755,-5.83054]]]},"properties":{"region":"Dodoma","district":"Kongwa","ward":"Njoge","ward_code":"061"}},{"type":"Feature","geometry":{"type":"Polygon","coordinates":[[[36.73362,-6.03972],[36.73539,-6.03825],[36.74461,-6.07887],[36.7646,-6.07278],[36.77213,-6.07986],[36.7775,-6.08323],[36.78219,-6.08278],[36.78785,-6.08415],[36.80334,-6.08264],[36.8061,-6.08195],[36.80796,-6.08008],[36.8121,-6.08493],[36.81312,-6.08791],[36.81346,-6.09798],[36.78918,-6.11345],[36.78785,-6.11593],[36.78793,-6.12416],[36.78377,-6.13067],[36.77886,-6.13573],[36.76275,-6.138],[36.75622,-6.13524],[36.7513,-6.12979],[36.75443,-6.11853],[36.74454,-6.11783],[36.73335,-6.11455],[36.69066,-6.11397],[36.69249,-6.10809],[36.6921,-6.10575],[36.68979,-6.099],[36.68642,-6.09487],[36.68747,-6.06198],[36.68699,-6.05303],[36.71053,-6.035],[36.73362,-6.03972]]]},"properties":{"region":"Dodoma","district":"Kongwa","ward":"Pandambili","ward_code":"083"}},{"type":"Feature","geometry":{"type":"Polygon","coordinates":[[[36.7435,-6.21929],[36.74469,-6.23191],[36.75397,-6.23168],[36.75805,-6.23307],[36.78553,-6.23615],[36.79459,-6.23808],[36.79178,-6.30131],[36.79036,-6.30398],[36.78859,-6.3128],[36.78776,-6.32161],[36.7939,-6.33271],[36.7944,-6.33999],[36.78344,-6.34006],[36.76934,-6.32946],[36.75334,-6.32071],[36.71163,-6.31917],[36.70646,-6.31612],[36.69842,-6.31416],[36.69356,-6.31009],[36.68617,-6.30895],[36.6847,-6.30361],[36.68632,-6.30064],[36.68875,-6.29911],[36.69007,-6.28882],[36.69482,-6.28418],[36.69602,-6.27917],[36.69929,-6.27635],[36.69835,-6.27159],[36.70009,-6.26675],[36.69936,-6.26103],[36.69279,-6.25174],[36.69221,-6.24327],[36.69652,-6.2321],[36.69787,-6.22653],[36.69787,-6.22101],[36.71768,-6.2218],[36.73023,-6.22127],[36.74086,-6.21874],[36.7435,-6.21929]]]},"properties":{"region":"Dodoma","district":"Kongwa","ward":"Mlali","ward_code":"093"}},{"type":"Feature","geometry":{"type":"Polygon","coordinates":[[[36.69929,-6.27635],[36.69602,-6.27917],[36.69482,-6.28418],[36.69007,-6.28882],[36.68956,-6.29662],[36.68875,-6.29911],[36.68492,-6.30278],[36.68516,-6.30598],[36.67344,-6.30545],[36.65809,-6.30179],[36.63656,-6.30188],[36.62328,-6.30712],[36.61013,-6.31925],[36.60488,-6.29653],[36.60434,-6.27874],[36.61137,-6.25577],[36.62024,-6.24852],[36.62361,-6.24214],[36.62463,-6.2344],[36.63843,-6.21209],[36.6534,-6.1925],[36.65963,-6.188],[36.66797,-6.18495],[36.68452,-6.21108],[36.68811,-6.21536],[36.69787,-6.22101],[36.69787,-6.22653],[36.69652,-6.2321],[36.69221,-6.24327],[36.69279,-6.25174],[36.69936,-6.26103],[36.70009,-6.26675],[36.69835,-6.27159],[36.69929,-6.27635]]]},"properties":{"region":"Dodoma","district":"Kongwa","ward":"Iduo","ward_code":"101"}},{"type":"Feature","geometry":{"type":"Polygon","coordinates":[[[36.64847,-6.03943],[36.64914,-6.04983],[36.65736,-6.04799],[36.67762,-6.04782],[36.68699,-6.05303],[36.68747,-6.06198],[36.68642,-6.09487],[36.68979,-6.099],[36.69249,-6.10809],[36.68783,-6.12391],[36.69873,-6.14347],[36.6949,-6.14748],[36.69051,-6.16101],[36.6826,-6.17192],[36.66263,-6.17173],[36.64775,-6.16473],[36.63592,-6.1626],[36.62886,-6.15981],[36.62166,-6.16673],[36.61868,-6.16822],[36.61064,-6.16793],[36.61039,-6.13453],[36.59933,-6.12271],[36.5553,-6.0856],[36.61297,-6.0857],[36.61134,-6.08106],[36.60852,-6.07749],[36.60805,-6.07431],[36.60977,-6.0633],[36.61312,-6.05508],[36.61388,-6.04071],[36.64847,-6.03943]]]},"properties":{"region":"Dodoma","district":"Kongwa","ward":"Kibaigwa","ward_code":"123"}},{"type":"Feature","geometry":{"type":"Polygon","coordinates":[[[36.65809,-6.30179],[36.67344,-6.30545],[36.68516,-6.30598],[36.68617,-6.30895],[36.69356,-6.31009],[36.69842,-6.31416],[36.70646,-6.31612],[36.71163,-6.31917],[36.75334,-6.32071],[36.75201,-6.35416],[36.75064,-6.36126],[36.74282,-6.36379],[36.73951,-6.36589],[36.73809,-6.36861],[36.73863,-6.37056],[36.73708,-6.37222],[36.73391,-6.37247],[36.73911,-6.39186],[36.74127,-6.39331],[36.74574,-6.39428],[36.74976,-6.3983],[36.74879,-6.40325],[36.73658,-6.40632],[36.7003,-6.40706],[36.69884,-6.40676],[36.69769,-6.40118],[36.6903,-6.39664],[36.68229,-6.3993],[36.67342,-6.39924],[36.66445,-6.39571],[36.65564,-6.39445],[36.64814,-6.38765],[36.64237,-6.38716],[36.62878,-6.38828],[36.62301,-6.38686],[36.61973,-6.38822],[36.59796,-6.36564],[36.5947,-6.35176],[36.59145,-6.32965],[36.58864,-6.32584],[36.58638,-6.32446],[36.58695,-6.32101],[36.59365,-6.31982],[36.60129,-6.32102],[36.61002,-6.31936],[36.62328,-6.30712],[36.63308,-6.30272],[36.63656,-6.30188],[36.65809,-6.30179]]]},"properties":{"region":"Dodoma","district":"Kongwa","ward":"Chamkoroma","ward_code":"143"}},{"type":"Feature","geometry":{"type":"Polygon","coordinates":[[[36.61099,-5.99918],[36.614,-5.98428],[36.60568,-5.94521],[36.60481,-5.92219],[36.58942,-5.9136],[36.57736,-5.90502],[36.56166,-5.89327],[36.55514,-5.88611],[36.5474,-5.88325],[36.56066,-5.85254],[36.563,-5.84302],[36.56258,-5.84503],[36.56801,-5.84744],[36.60414,-5.85347],[36.61989,-5.85774],[36.62426,-5.8207],[36.62305,-5.81718],[36.63753,-5.83053],[36.63583,-5.83334],[36.63198,-5.83623],[36.6295,-5.83963],[36.62603,-5.84147],[36.62191,-5.84615],[36.62128,-5.84974],[36.64313,-5.90911],[36.64916,-5.95953],[36.64712,-5.96674],[36.64281,-5.97608],[36.67159,-5.97904],[36.67054,-5.9956],[36.67306,-6.00296],[36.67435,-6.01672],[36.67594,-6.02343],[36.67894,-6.02966],[36.67898,-6.03865],[36.67775,-6.04787],[36.65736,-6.04799],[36.64914,-6.04983],[36.64847,-6.03943],[36.61388,-6.04071],[36.61099,-5.99918]],[[36.61191,-5.9971],[36.61178,-5.99715],[36.61195,-5.99715],[36.61191,-5.9971]]]},"properties":{"region":"Dodoma","district":"Kongwa","ward":"Ngomai","ward_code":"183"}},{"type":"Feature","geometry":{"type":"Polygon","coordinates":[[[36.74511,-6.11792],[36.7546,-6.11859],[36.75131,-6.12982],[36.75622,-6.13524],[36.76275,-6.138],[36.77886,-6.13573],[36.78377,-6.13067],[36.78793,-6.12416],[36.79412,-6.12885],[36.81314,-6.13321],[36.83609,-6.1316],[36.83667,-6.14343],[36.83898,-6.15578],[36.83867,-6.20551],[36.83966,-6.21952],[36.84395,-6.23764],[36.81025,-6.23407],[36.79881,-6.23898],[36.78553,-6.23615],[36.75805,-6.23307],[36.75397,-6.23168],[36.74469,-6.23191],[36.7435,-6.21929],[36.74086,-6.21874],[36.73023,-6.22127],[36.71768,-6.2218],[36.69787,-6.22101],[36.68811,-6.21536],[36.68452,-6.21108],[36.669,-6.18699],[36.66261,-6.17171],[36.6826,-6.17192],[36.69051,-6.16101],[36.6949,-6.14748],[36.69873,-6.14347],[36.68783,-6.12391],[36.69066,-6.11397],[36.73335,-6.11455],[36.74511,-6.11792]]]},"properties":{"region":"Dodoma","district":"Kongwa","ward":"Chiwe","ward_code":"201"}},{"type":"Feature","geometry":{"type":"Polygon","coordinates":[[[36.94139,-5.9288],[36.93749,-5.99494],[36.92785,-5.99511],[36.91652,-5.98992],[36.91564,-6.00052],[36.91229,-6.00365],[36.91236,-6.00582],[36.90697,-6.00359],[36.90479,-6.00323],[36.90206,-6.00471],[36.89649,-6.00273],[36.89011,-6.00442],[36.88438,-6.00814],[36.8773,-6.0071],[36.86283,-6.01731],[36.84677,-6.03223],[36.83808,-6.03835],[36.83318,-6.04447],[36.83114,-6.05318],[36.82562,-6.06346],[36.83124,-6.07279],[36.83309,-6.09677],[36.83212,-6.09838],[36.83529,-6.1195],[36.83609,-6.1316],[36.81314,-6.13321],[36.79619,-6.12958],[36.79234,-6.1278],[36.78793,-6.12416],[36.78785,-6.11593],[36.78918,-6.11345],[36.81346,-6.09798],[36.81312,-6.08791],[36.8121,-6.08493],[36.80796,-6.08008],[36.8061,-6.08195],[36.80334,-6.08264],[36.78785,-6.08415],[36.78219,-6.08278],[36.7775,-6.08323],[36.77213,-6.07986],[36.7646,-6.07278],[36.74461,-6.07887],[36.73539,-6.03825],[36.73715,-6.03417],[36.73909,-6.02362],[36.73774,-6.00596],[36.73369,-5.99709],[36.72648,-5.98732],[36.73237,-5.9735],[36.73294,-5.96478],[36.73186,-5.95146],[36.73004,-5.94275],[36.78455,-5.94781],[36.8138,-5.94679],[36.81741,-5.94561],[36.82198,-5.94624],[36.82697,-5.94446],[36.83225,-5.94393],[36.84184,-5.94644],[36.84735,-5.95023],[36.85515,-5.95375],[36.85887,-5.95241],[36.86832,-5.95158],[36.89678,-5.94249],[36.91343,-5.93395],[36.94139,-5.9288]]]},"properties":{"region":"Dodoma","district":"Kongwa","ward":"Lenjulu","ward_code":"211"}},{"type":"Feature","geometry":{"type":"Polygon","coordinates":[[[36.84395,-6.23764],[36.8485,-6.25632],[36.85006,-6.26736],[36.85259,-6.33211],[36.8501,-6.36037],[36.85194,-6.36538],[36.85279,-6.37349],[36.84901,-6.38422],[36.84829,-6.39524],[36.84118,-6.39377],[36.83672,-6.39412],[36.83172,-6.39694],[36.83228,-6.40107],[36.82606,-6.39907],[36.8234,-6.39975],[36.81332,-6.39911],[36.81016,-6.40309],[36.80431,-6.40336],[36.80225,-6.39898],[36.79956,-6.39682],[36.78707,-6.39454],[36.78381,-6.39567],[36.77892,-6.39009],[36.77145,-6.39193],[36.76674,-6.40054],[36.74879,-6.40325],[36.74976,-6.3983],[36.74574,-6.39428],[36.74127,-6.39331],[36.73911,-6.39186],[36.73391,-6.37247],[36.73708,-6.37222],[36.73863,-6.37056],[36.73809,-6.36861],[36.73951,-6.36589],[36.74282,-6.36379],[36.75064,-6.36126],[36.75201,-6.35416],[36.7533,-6.32116],[36.76934,-6.32946],[36.78344,-6.34006],[36.7944,-6.33999],[36.7939,-6.33271],[36.78776,-6.32161],[36.78859,-6.3128],[36.79036,-6.30398],[36.79178,-6.30131],[36.79459,-6.23808],[36.79881,-6.23898],[36.81025,-6.23407],[36.84395,-6.23764]]]},"properties":{"region":"Dodoma","district":"Kongwa","ward":"Ng'humbi","ward_code":"221"}},{"type":"Feature","geometry":{"type":"Polygon","coordinates":[[[36.40234,-6.16719],[36.41172,-6.16179],[36.41563,-6.18047],[36.42213,-6.19613],[36.42738,-6.19576],[36.45139,-6.20912],[36.44735,-6.21618],[36.44802,-6.21939],[36.44702,-6.22255],[36.43846,-6.22768],[36.43483,-6.22698],[36.43443,-6.22759],[36.434,-6.2324],[36.43619,-6.24268],[36.43031,-6.25109],[36.42999,-6.25271],[36.43217,-6.25929],[36.41304,-6.261],[36.39793,-6.25938],[36.38693,-6.25983],[36.38594,-6.25699],[36.38664,-6.25317],[36.38593,-6.246],[36.38871,-6.2387],[36.3889,-6.23576],[36.38768,-6.22817],[36.38455,-6.22109],[36.38249,-6.21803],[36.37278,-6.2111],[36.36458,-6.1999],[36.35809,-6.19959],[36.3449,-6.19118],[36.35522,-6.18106],[36.35636,-6.17611],[36.36119,-6.16773],[36.36412,-6.15822],[36.36585,-6.15495],[36.36954,-6.15188],[36.38334,-6.16033],[36.40234,-6.16719]]]},"properties":{"region":"Dodoma","district":"Kongwa","ward":"Kongwa","ward_code":"013"}},{"type":"Feature","geometry":{"type":"Polygon","coordinates":[[[36.37033,-5.9078],[36.37141,-5.9104],[36.37268,-5.91075],[36.37392,-5.90904],[36.37651,-5.90923],[36.37803,-5.90809],[36.38753,-5.91397],[36.40949,-5.92451],[36.39962,-5.9379],[36.39511,-5.95211],[36.39726,-5.96639],[36.40402,-5.97616],[36.40406,-5.97802],[36.40243,-5.98001],[36.39815,-5.98209],[36.39816,-5.98103],[36.39342,-5.97769],[36.39081,-5.97965],[36.38608,-5.97945],[36.38201,-5.98069],[36.37926,-5.98351],[36.38142,-5.9921],[36.38663,-5.99993],[36.38679,-6.00714],[36.32989,-6.00784],[36.32896,-6.01607],[36.32653,-6.02265],[36.32368,-6.04024],[36.33267,-6.04057],[36.3464,-6.03486],[36.3543,-6.03603],[36.35389,-6.0654],[36.35139,-6.08193],[36.35247,-6.1014],[36.3692,-6.10466],[36.36956,-6.11686],[36.3706,-6.12224],[36.36648,-6.12853],[36.36368,-6.13114],[36.36295,-6.13762],[36.3632,-6.14387],[36.36954,-6.15188],[36.36585,-6.15495],[36.36412,-6.15822],[36.36119,-6.16773],[36.35636,-6.17611],[36.35522,-6.18106],[36.34478,-6.19129],[36.33141,-6.18654],[36.31751,-6.17129],[36.30784,-6.16488],[36.30834,-6.16423],[36.30762,-6.16376],[36.3065,-6.16427],[36.30348,-6.16341],[36.30348,-6.16221],[36.30055,-6.16059],[36.29321,-6.15858],[36.28993,-6.15561],[36.27742,-6.14863],[36.27065,-6.1477],[36.25694,-6.1429],[36.26254,-6.14105],[36.26503,-6.14259],[36.2672,-6.1425],[36.27532,-6.13493],[36.27403,-6.11753],[36.27453,-6.11441],[36.28095,-6.10136],[36.28032,-6.10033],[36.2777,-6.1002],[36.27834,-6.09367],[36.28123,-6.08772],[36.28208,-6.08336],[36.28162,-6.07956],[36.28511,-6.07629],[36.28458,-6.06913],[36.28084,-6.06315],[36.27849,-6.06296],[36.27631,-6.06124],[36.27432,-6.05772],[36.27578,-6.05052],[36.27364,-6.04748],[36.27057,-6.04566],[36.27033,-6.0415],[36.26876,-6.03754],[36.26462,-6.03364],[36.26117,-6.03382],[36.26021,-6.02579],[36.27675,-5.99742],[36.28945,-5.98384],[36.3009,-5.97417],[36.31069,-5.97049],[36.31043,-5.96803],[36.31844,-5.96817],[36.32095,-5.96693],[36.32609,-5.96084],[36.33259,-5.94776],[36.33296,-5.94031],[36.33206,-5.93294],[36.32469,-5.92552],[36.3247,-5.9243],[36.32789,-5.9236],[36.32897,-5.92472],[36.33185,-5.92413],[36.33356,-5.92518],[36.3415,-5.92386],[36.3418,-5.92238],[36.34389,-5.92186],[36.34317,-5.92049],[36.34466,-5.92028],[36.3446,-5.91861],[36.34535,-5.91864],[36.34621,-5.91641],[36.34798,-5.91637],[36.34823,-5.91547],[36.34915,-5.91619],[36.34928,-5.91509],[36.35007,-5.91667],[36.35313,-5.91673],[36.35404,-5.9149],[36.35515,-5.91509],[36.35563,-5.91274],[36.3578,-5.91194],[36.35837,-5.91076],[36.35992,-5.91283],[36.36115,-5.9122],[36.3616,-5.91007],[36.36386,-5.91195],[36.36563,-5.91134],[36.36649,-5.91255],[36.36683,-5.9101],[36.36922,-5.90882],[36.369,-5.90703],[36.37033,-5.9078]]]},"properties":{"region":"Dodoma","district":"Kongwa","ward":"Sejeli","ward_code":"023"}},{"type":"Feature","geometry":{"type":"MultiPolygon","coordinates":[[[[36.61178,-5.99715],[36.61191,-5.9971],[36.61195,-5.99715],[36.61178,-5.99715]]],[[[36.61153,-5.99462],[36.61099,-5.99918],[36.61388,-6.04071],[36.61312,-6.05508],[36.60977,-6.0633],[36.60805,-6.07431],[36.60852,-6.07749],[36.61134,-6.08106],[36.61297,-6.0857],[36.5553,-6.0856],[36.59085,-6.11526],[36.60008,-6.12338],[36.6028,-6.12686],[36.60002,-6.13424],[36.59678,-6.13824],[36.59495,-6.1396],[36.58249,-6.14236],[36.57138,-6.14321],[36.54966,-6.13852],[36.52866,-6.13605],[36.46926,-6.12113],[36.45606,-6.11885],[36.43057,-6.11101],[36.3942,-6.10611],[36.36974,-6.10493],[36.35286,-6.10204],[36.35139,-6.08193],[36.35389,-6.0654],[36.3543,-6.03603],[36.3464,-6.03486],[36.33267,-6.04057],[36.32368,-6.04024],[36.32653,-6.02265],[36.32896,-6.01607],[36.32989,-6.00784],[36.38679,-6.00714],[36.38715,-5.99988],[36.44703,-5.99916],[36.46257,-6.00077],[36.47917,-5.99966],[36.47899,-5.99368],[36.48033,-5.98412],[36.48401,-5.96583],[36.4866,-5.95993],[36.49132,-5.95589],[36.49139,-5.95464],[36.51921,-5.95437],[36.51914,-5.95145],[36.52272,-5.94942],[36.54535,-5.91722],[36.54526,-5.89453],[36.5433,-5.89086],[36.5474,-5.88325],[36.55514,-5.88611],[36.56166,-5.89327],[36.57736,-5.90502],[36.58942,-5.9136],[36.60481,-5.92219],[36.60568,-5.94521],[36.614,-5.98428],[36.61153,-5.99462]]]]},"properties":{"region":"Dodoma","district":"Kongwa","ward":"Mtanana","ward_code":"071"}},{"type":"Feature","geometry":{"type":"Polygon","coordinates":[[[36.61041,-6.13457],[36.61064,-6.16793],[36.61868,-6.16822],[36.62166,-6.16673],[36.62886,-6.15981],[36.63592,-6.1626],[36.64775,-6.16473],[36.66261,-6.17171],[36.66797,-6.18495],[36.65963,-6.188],[36.6534,-6.1925],[36.63843,-6.21209],[36.62463,-6.2344],[36.62361,-6.24214],[36.62024,-6.24852],[36.61137,-6.25577],[36.60434,-6.27874],[36.60488,-6.29653],[36.61013,-6.31925],[36.60129,-6.32102],[36.59365,-6.31982],[36.58695,-6.32101],[36.58638,-6.32446],[36.58468,-6.3253],[36.57917,-6.32334],[36.57859,-6.32122],[36.57493,-6.3189],[36.57388,-6.31535],[36.57294,-6.31528],[36.57386,-6.31451],[36.57322,-6.31296],[36.57482,-6.31062],[36.57501,-6.3096],[36.57397,-6.3088],[36.57462,-6.30698],[36.57705,-6.30402],[36.57659,-6.3035],[36.57858,-6.30284],[36.57826,-6.30185],[36.57954,-6.30032],[36.57946,-6.2992],[36.57852,-6.29905],[36.57932,-6.29765],[36.57908,-6.29137],[36.57497,-6.28846],[36.57338,-6.28883],[36.57322,-6.28759],[36.57006,-6.28635],[36.56934,-6.28461],[36.56691,-6.28271],[36.56435,-6.27674],[36.5606,-6.27299],[36.55874,-6.26585],[36.5441,-6.26211],[36.5352,-6.26283],[36.52842,-6.2611],[36.52008,-6.2604],[36.5057,-6.25465],[36.50053,-6.25032],[36.49691,-6.25216],[36.4955,-6.24799],[36.49655,-6.23176],[36.49374,-6.22573],[36.49352,-6.22247],[36.50567,-6.21115],[36.50931,-6.19454],[36.5093,-6.18182],[36.51234,-6.17135],[36.50911,-6.15972],[36.5097,-6.15726],[36.51251,-6.1541],[36.51288,-6.1318],[36.52866,-6.13605],[36.54966,-6.13852],[36.57138,-6.14321],[36.58249,-6.14236],[36.59495,-6.1396],[36.60002,-6.13424],[36.6028,-6.12686],[36.61041,-6.13457]]]},"properties":{"region":"Dodoma","district":"Kongwa","ward":"Sagara","ward_code":"111"}},{"type":"Feature","geometry":{"type":"Polygon","coordinates":[[[36.50968,-6.16148],[36.51234,-6.17135],[36.5093,-6.18182],[36.50931,-6.19454],[36.50567,-6.21115],[36.49352,-6.22247],[36.49374,-6.22573],[36.49655,-6.23176],[36.4955,-6.24799],[36.49691,-6.25216],[36.50053,-6.25032],[36.5057,-6.25465],[36.52008,-6.2604],[36.51403,-6.26036],[36.50808,-6.26925],[36.50323,-6.27279],[36.50315,-6.27386],[36.50103,-6.27463],[36.49548,-6.27085],[36.4919,-6.27255],[36.4882,-6.27298],[36.46603,-6.27288],[36.45852,-6.27492],[36.4512,-6.27522],[36.44201,-6.27066],[36.43784,-6.26716],[36.43208,-6.25917],[36.42999,-6.25271],[36.43113,-6.24972],[36.43619,-6.24268],[36.434,-6.2324],[36.43443,-6.22759],[36.43483,-6.22698],[36.43846,-6.22768],[36.44702,-6.22255],[36.44802,-6.21939],[36.44735,-6.21618],[36.45139,-6.20912],[36.42738,-6.19576],[36.42213,-6.19613],[36.41563,-6.18047],[36.41172,-6.16179],[36.40252,-6.16724],[36.39752,-6.16594],[36.38334,-6.16033],[36.37052,-6.15299],[36.36361,-6.14471],[36.36295,-6.13762],[36.36368,-6.13114],[36.36648,-6.12853],[36.3706,-6.12224],[36.36919,-6.10485],[36.3942,-6.10611],[36.43057,-6.11101],[36.45606,-6.11885],[36.46926,-6.12113],[36.51285,-6.13178],[36.51251,-6.1541],[36.5097,-6.15726],[36.50968,-6.16148]]]},"properties":{"region":"Dodoma","district":"Kongwa","ward":"Ugogoni","ward_code":"133"}},{"type":"Feature","geometry":{"type":"Polygon","coordinates":[[[35.98028,-5.41218],[35.98669,-5.4118],[35.98721,-5.41556],[35.99205,-5.4279],[35.99722,-5.4455],[36.001,-5.4679],[36.00217,-5.48444],[36.00322,-5.48813],[36.00842,-5.48861],[36.00956,-5.49371],[36.01141,-5.49285],[36.01446,-5.49745],[36.01769,-5.49799],[36.02045,-5.50038],[36.02502,-5.50844],[36.02693,-5.50965],[36.02685,-5.51206],[36.02955,-5.51624],[36.02933,-5.51947],[36.02468,-5.52517],[36.02445,-5.52639],[36.02602,-5.52791],[36.02481,-5.53535],[36.02783,-5.53859],[36.02765,-5.54053],[36.02876,-5.54212],[36.03118,-5.54287],[36.03086,-5.5447],[36.03357,-5.54546],[36.03318,-5.54837],[36.02149,-5.54941],[36.00931,-5.55278],[35.9701,-5.55063],[35.96086,-5.54858],[35.95285,-5.54546],[35.94578,-5.53468],[35.93837,-5.53165],[35.92031,-5.53508],[35.90484,-5.53274],[35.90036,-5.53318],[35.89883,-5.53421],[35.88606,-5.56466],[35.85899,-5.59576],[35.85174,-5.62146],[35.85052,-5.62104],[35.85169,-5.62158],[35.83494,-5.65932],[35.82875,-5.66099],[35.8196,-5.67114],[35.81815,-5.67149],[35.81569,-5.6766],[35.79955,-5.68492],[35.79163,-5.68145],[35.78116,-5.67407],[35.77498,-5.67122],[35.77283,-5.66384],[35.77521,-5.65884],[35.79401,-5.64504],[35.79901,-5.63957],[35.80258,-5.63196],[35.80044,-5.62934],[35.79472,-5.62767],[35.78568,-5.62839],[35.78254,-5.6272],[35.77374,-5.61911],[35.76756,-5.61008],[35.76374,-5.61459],[35.75473,-5.62935],[35.75208,-5.631],[35.73805,-5.631],[35.73638,-5.62958],[35.72972,-5.62791],[35.72615,-5.62482],[35.72449,-5.62449],[35.72416,-5.61816],[35.71679,-5.6038],[35.70689,-5.57131],[35.71091,-5.55659],[35.71448,-5.53625],[35.71539,-5.50818],[35.7187,-5.50639],[35.72074,-5.50066],[35.71792,-5.49184],[35.71758,-5.48784],[35.7271,-5.47655],[35.76101,-5.45694],[35.7628,-5.4572],[35.76454,-5.45392],[35.77654,-5.44529],[35.78149,-5.43989],[35.78834,-5.43617],[35.82207,-5.43142],[35.831,-5.43251],[35.83658,-5.43501],[35.85598,-5.4399],[35.86336,-5.43767],[35.86771,-5.43827],[35.87317,-5.44028],[35.87445,-5.44507],[35.87666,-5.44758],[35.87806,-5.45292],[35.88055,-5.45521],[35.88512,-5.45645],[35.88756,-5.45379],[35.89334,-5.45232],[35.89361,-5.43763],[35.89778,-5.4308],[35.89963,-5.41273],[35.93417,-5.41292],[35.94051,-5.41197],[35.97269,-5.41109],[35.98028,-5.41218]]]},"properties":{"region":"Dodoma","district":"Chamwino","ward":"Haneti","ward_code":"011"}},{"type":"Feature","geometry":{"type":"Polygon","coordinates":[[[36.29533,-5.42142],[36.27784,-5.43868],[36.27275,-5.46044],[36.2708,-5.47572],[36.27357,-5.49814],[36.27659,-5.51152],[36.29305,-5.52639],[36.29505,-5.53187],[36.28129,-5.55223],[36.27275,-5.57465],[36.27155,-5.61044],[36.26966,-5.62019],[36.26976,-5.63411],[36.26492,-5.65738],[36.23072,-5.65349],[36.21288,-5.65477],[36.20429,-5.65418],[36.18439,-5.64849],[36.15329,-5.64733],[36.14908,-5.64103],[36.14187,-5.63639],[36.13564,-5.63582],[36.12898,-5.63651],[36.12283,-5.63583],[36.10187,-5.64489],[36.10089,-5.63902],[36.10352,-5.62853],[36.10268,-5.62392],[36.09992,-5.61783],[36.10068,-5.61762],[36.09614,-5.61129],[36.09569,-5.59848],[36.09069,-5.57032],[36.10242,-5.54516],[36.10366,-5.54563],[36.10997,-5.54073],[36.11302,-5.53946],[36.14114,-5.53274],[36.15137,-5.52852],[36.18348,-5.52331],[36.18215,-5.5077],[36.1861,-5.47715],[36.18996,-5.47339],[36.20711,-5.44715],[36.20771,-5.43039],[36.22495,-5.4288],[36.23171,-5.42701],[36.24539,-5.42199],[36.2537,-5.41399],[36.29533,-5.42142]]]},"properties":{"region":"Dodoma","district":"Chamwino","ward":"Segala","ward_code":"021"}},{"type":"Feature","geometry":{"type":"Polygon","coordinates":[[[35.94599,-5.535],[35.95285,-5.54546],[35.96086,-5.54858],[35.9701,-5.55063],[36.00931,-5.55278],[36.02149,-5.54941],[36.03359,-5.54804],[36.04827,-5.55823],[36.06629,-5.56679],[36.08152,-5.56454],[36.08531,-5.56598],[36.09069,-5.57032],[36.09569,-5.59848],[36.09614,-5.61129],[36.10068,-5.61762],[36.09992,-5.61783],[36.10268,-5.62392],[36.10352,-5.62853],[36.10089,-5.63902],[36.10192,-5.64519],[36.0967,-5.65118],[36.09895,-5.65195],[36.13175,-5.68255],[36.13259,-5.69688],[36.10843,-5.7034],[36.10731,-5.71974],[36.09894,-5.73552],[36.09305,-5.73842],[36.08804,-5.73925],[36.07531,-5.74907],[36.04848,-5.74669],[36.00438,-5.77193],[35.9773,-5.79141],[35.95583,-5.80085],[35.94925,-5.80144],[35.96514,-5.79357],[35.96895,-5.79024],[35.96919,-5.78667],[35.96562,-5.78109],[35.96248,-5.7785],[35.95401,-5.77491],[35.94411,-5.77469],[35.93486,-5.77165],[35.92093,-5.7692],[35.91665,-5.76611],[35.90951,-5.75612],[35.90356,-5.73661],[35.90094,-5.7347],[35.89357,-5.7347],[35.88976,-5.73613],[35.87763,-5.74612],[35.87335,-5.74838],[35.85452,-5.73627],[35.85921,-5.7238],[35.85968,-5.71476],[35.85659,-5.69573],[35.85255,-5.68121],[35.84874,-5.67241],[35.84374,-5.66574],[35.83494,-5.65932],[35.85169,-5.62158],[35.85052,-5.62104],[35.85174,-5.62146],[35.85899,-5.59576],[35.88606,-5.56466],[35.89883,-5.53421],[35.90036,-5.53318],[35.90484,-5.53274],[35.92031,-5.53508],[35.93837,-5.53165],[35.94599,-5.535]]]},"properties":{"region":"Dodoma","district":"Chamwino","ward":"Itiso","ward_code":"031"}},{"type":"Feature","geometry":{"type":"Polygon","coordinates":[[[36.12894,-5.6365],[36.13564,-5.63582],[36.14187,-5.63639],[36.14908,-5.64103],[36.15329,-5.64733],[36.18439,-5.64849],[36.20429,-5.65418],[36.21288,-5.65477],[36.23072,-5.65349],[36.2652,-5.65751],[36.27177,-5.66641],[36.27232,-5.66864],[36.27104,-5.68406],[36.27408,-5.68483],[36.2743,-5.6866],[36.27857,-5.6927],[36.27924,-5.69783],[36.28199,-5.70369],[36.28526,-5.70798],[36.28279,-5.71538],[36.28267,-5.72269],[36.28436,-5.73326],[36.28648,-5.73925],[36.28893,-5.74283],[36.29005,-5.74807],[36.29217,-5.75251],[36.29258,-5.76035],[36.29468,-5.7646],[36.26789,-5.75847],[36.255,-5.76811],[36.25306,-5.77121],[36.2525,-5.77725],[36.25403,-5.78006],[36.2589,-5.78467],[36.26657,-5.7859],[36.26915,-5.7888],[36.25789,-5.79636],[36.25271,-5.80225],[36.23508,-5.81071],[36.21286,-5.82845],[36.20031,-5.84206],[36.18192,-5.83818],[36.17682,-5.84182],[36.1708,-5.84458],[36.16366,-5.85164],[36.15938,-5.84465],[36.15246,-5.84579],[36.149,-5.84465],[36.14691,-5.84539],[36.14259,-5.84809],[36.14035,-5.85156],[36.11997,-5.86308],[36.10327,-5.88177],[36.09514,-5.88764],[36.09166,-5.8822],[36.07212,-5.8732],[36.06952,-5.86917],[36.04164,-5.85934],[36.01712,-5.8457],[35.97987,-5.83488],[35.9464,-5.8349],[35.93542,-5.81649],[35.94087,-5.81118],[35.94492,-5.8038],[35.94925,-5.80144],[35.95583,-5.80085],[35.9773,-5.79141],[36.00438,-5.77193],[36.04848,-5.74669],[36.07531,-5.74907],[36.08804,-5.73925],[36.09305,-5.73842],[36.09894,-5.73552],[36.10731,-5.71974],[36.10843,-5.7034],[36.13242,-5.69726],[36.13251,-5.69175],[36.13175,-5.68255],[36.09895,-5.65195],[36.0967,-5.65118],[36.10202,-5.6448],[36.12283,-5.63583],[36.12894,-5.6365]]]},"properties":{"region":"Dodoma","district":"Chamwino","ward":"Dabalo","ward_code":"041"}},{"type":"Feature","geometry":{"type":"Polygon","coordinates":[[[36.01921,-5.38491],[36.02238,-5.39101],[36.02162,-5.39188],[36.02247,-5.39694],[36.02697,-5.39734],[36.02959,-5.39499],[36.03819,-5.39407],[36.03952,-5.39517],[36.04353,-5.39531],[36.04725,-5.39807],[36.05433,-5.39854],[36.06055,-5.39771],[36.07271,-5.40089],[36.08664,-5.40149],[36.09311,-5.40706],[36.09747,-5.40821],[36.10347,-5.41262],[36.10925,-5.41318],[36.11317,-5.41496],[36.12027,-5.41509],[36.12567,-5.41868],[36.12868,-5.41813],[36.14709,-5.42327],[36.1526,-5.42802],[36.16114,-5.43111],[36.16463,-5.43024],[36.20771,-5.43039],[36.20711,-5.44715],[36.18996,-5.47339],[36.1861,-5.47715],[36.18215,-5.5077],[36.18348,-5.52331],[36.15137,-5.52852],[36.14114,-5.53274],[36.12631,-5.53589],[36.10997,-5.54073],[36.10366,-5.54563],[36.10242,-5.54516],[36.09069,-5.57032],[36.08531,-5.56598],[36.08152,-5.56454],[36.06629,-5.56679],[36.04827,-5.55823],[36.03331,-5.54806],[36.03357,-5.54546],[36.03086,-5.5447],[36.03118,-5.54287],[36.02876,-5.54212],[36.02765,-5.54053],[36.02783,-5.53859],[36.02481,-5.53535],[36.02602,-5.52791],[36.02445,-5.52639],[36.02468,-5.52517],[36.02933,-5.51947],[36.02955,-5.51624],[36.02685,-5.51206],[36.02693,-5.50965],[36.02502,-5.50844],[36.02045,-5.50038],[36.01769,-5.49799],[36.01446,-5.49745],[36.01141,-5.49285],[36.00956,-5.49371],[36.009,-5.48909],[36.00322,-5.48813],[36.00217,-5.48444],[36.001,-5.4679],[35.99722,-5.4455],[35.99205,-5.4279],[35.98721,-5.41556],[35.98669,-5.4118],[35.99261,-5.39404],[35.99515,-5.38932],[35.99844,-5.38571],[36.01505,-5.38375],[36.01938,-5.38206],[36.01921,-5.38491]]]},"properties":{"region":"Dodoma","district":"Chamwino","ward":"Zajilwa","ward_code":"321"}},{"type":"Feature","geometry":{"type":"Polygon","coordinates":[[[36.28339,-5.82647],[36.28438,-5.84923],[36.28577,-5.85543],[36.28341,-5.88588],[36.28079,-5.89199],[36.28094,-5.8953],[36.27976,-5.89813],[36.27846,-5.91803],[36.28152,-5.96996],[36.28082,-5.98344],[36.27677,-5.99739],[36.26278,-6.02135],[36.25812,-6.02242],[36.25168,-6.02203],[36.24912,-6.02465],[36.24813,-6.02457],[36.23866,-6.0166],[36.23024,-6.01584],[36.22656,-6.01372],[36.22377,-6.01016],[36.22389,-6.00884],[36.20282,-6.02305],[36.18979,-6.03499],[36.19257,-6.0187],[36.19669,-6.0042],[36.1968,-5.99872],[36.19997,-5.98128],[36.2014,-5.96144],[36.20285,-5.95479],[36.20262,-5.95023],[36.20457,-5.94295],[36.19314,-5.94685],[36.17664,-5.94908],[36.13185,-5.96432],[36.13365,-5.96261],[36.13804,-5.94224],[36.13783,-5.93661],[36.13159,-5.92538],[36.10702,-5.90337],[36.09514,-5.88764],[36.10327,-5.88177],[36.11997,-5.86308],[36.14035,-5.85156],[36.14259,-5.84809],[36.14691,-5.84539],[36.149,-5.84465],[36.15246,-5.84579],[36.15938,-5.84465],[36.16366,-5.85164],[36.1708,-5.84458],[36.17682,-5.84182],[36.18192,-5.83818],[36.20031,-5.84206],[36.21286,-5.82845],[36.23508,-5.81071],[36.25271,-5.80225],[36.25789,-5.79636],[36.26915,-5.7888],[36.27166,-5.79354],[36.27244,-5.79792],[36.27707,-5.80466],[36.27794,-5.81001],[36.27718,-5.81367],[36.28026,-5.81829],[36.28339,-5.82647]]]},"properties":{"region":"Dodoma","district":"Chamwino","ward":"Membe","ward_code":"051"}},{"type":"Feature","geometry":{"type":"Polygon","coordinates":[[[36.13747,-5.94486],[36.13365,-5.96261],[36.11411,-5.98145],[36.10741,-5.98943],[36.10478,-6.00041],[36.10116,-6.00818],[36.08586,-6.01861],[36.08502,-6.02006],[36.08145,-6.03026],[36.07868,-6.04341],[36.07792,-6.0694],[36.034,-6.07267],[36.03353,-6.0701],[36.02865,-6.07041],[36.01099,-6.04598],[36.00262,-6.0495],[36.00398,-6.0453],[36.00251,-6.03857],[35.99494,-6.02354],[35.99187,-6.02193],[35.97818,-6.019],[35.98476,-6.0079],[35.98895,-6.00373],[35.98777,-6.00069],[35.98913,-5.99875],[36.00537,-6.00294],[36.01081,-6.00243],[36.01307,-5.99855],[36.01319,-5.99136],[36.01062,-5.97548],[36.01321,-5.97248],[36.01781,-5.96946],[36.01892,-5.96047],[36.02201,-5.95625],[36.03092,-5.94993],[36.04049,-5.94864],[36.07071,-5.95148],[36.13747,-5.94486]]]},"properties":{"region":"Dodoma","district":"Chamwino","ward":"Msanga","ward_code":"061"}},{"type":"Feature","geometry":{"type":"Polygon","coordinates":[[[36.20113,-5.96431],[36.19997,-5.98128],[36.1968,-5.99872],[36.19669,-6.0042],[36.19257,-6.0187],[36.18979,-6.03499],[36.18371,-6.03899],[36.17376,-6.04908],[36.16305,-6.06141],[36.16192,-6.06445],[36.15753,-6.06939],[36.15091,-6.07252],[36.12349,-6.0751],[36.10062,-6.06979],[36.07792,-6.0694],[36.07868,-6.04341],[36.08145,-6.03026],[36.08502,-6.02006],[36.08586,-6.01861],[36.10116,-6.00818],[36.10478,-6.00041],[36.10741,-5.98943],[36.11411,-5.98145],[36.13185,-5.96432],[36.17664,-5.94908],[36.19314,-5.94685],[36.20457,-5.94295],[36.20262,-5.95023],[36.20285,-5.95479],[36.20113,-5.96431]]]},"properties":{"region":"Dodoma","district":"Chamwino","ward":"Chilonwa","ward_code":"071"}},{"type":"Feature","geometry":{"type":"Polygon","coordinates":[[[36.01063,-6.11727],[36.02377,-6.11685],[36.03525,-6.12403],[36.05637,-6.12773],[36.05506,-6.13581],[36.05776,-6.13277],[36.06113,-6.13152],[36.0663,-6.13248],[36.06868,-6.1282],[36.07705,-6.12999],[36.08015,-6.12881],[36.08875,-6.1298],[36.09146,-6.12787],[36.0967,-6.12934],[36.098,-6.1279],[36.10213,-6.12871],[36.10911,-6.12178],[36.11125,-6.12153],[36.11154,-6.11906],[36.11377,-6.11876],[36.11743,-6.12045],[36.11995,-6.11751],[36.12277,-6.11742],[36.13525,-6.13757],[36.13311,-6.14288],[36.12625,-6.14503],[36.13121,-6.15767],[36.14245,-6.1659],[36.12298,-6.17317],[36.10493,-6.17332],[36.0953,-6.17636],[36.08702,-6.17509],[36.0823,-6.17862],[36.07768,-6.18033],[36.06851,-6.18142],[36.05561,-6.18799],[36.05488,-6.18692],[36.04783,-6.18504],[36.04161,-6.18752],[36.03549,-6.18381],[36.02724,-6.18557],[36.01137,-6.18196],[36.00921,-6.18209],[36.00737,-6.18528],[36.00538,-6.18669],[36.00308,-6.18647],[36.00162,-6.18845],[35.99966,-6.18709],[35.98898,-6.1859],[35.99004,-6.18051],[35.99441,-6.17081],[35.99037,-6.15836],[35.99464,-6.15813],[35.99792,-6.15472],[35.99813,-6.15314],[35.99681,-6.15199],[35.99807,-6.14997],[35.99861,-6.14469],[35.99716,-6.13523],[35.999,-6.12643],[35.9885,-6.12054],[35.98313,-6.11462],[35.99663,-6.11002],[36.01063,-6.11727]]]},"properties":{"region":"Dodoma","district":"Chamwino","ward":"Buigiri","ward_code":"083"}},{"type":"Feature","geometry":{"type":"Polygon","coordinates":[[[36.23866,-6.0166],[36.24813,-6.02457],[36.24912,-6.02465],[36.25168,-6.02203],[36.25812,-6.02242],[36.26278,-6.02135],[36.26021,-6.02579],[36.26117,-6.03382],[36.26462,-6.03364],[36.26876,-6.03754],[36.27033,-6.0415],[36.27057,-6.04566],[36.27364,-6.04748],[36.27578,-6.05052],[36.27432,-6.05772],[36.27631,-6.06124],[36.27849,-6.06296],[36.28084,-6.06315],[36.28516,-6.07038],[36.28508,-6.0768],[36.28162,-6.07956],[36.2819,-6.08463],[36.27834,-6.09367],[36.2777,-6.1002],[36.26855,-6.09799],[36.26012,-6.09411],[36.25834,-6.09172],[36.25402,-6.08907],[36.25013,-6.08887],[36.25344,-6.11583],[36.25205,-6.11626],[36.23948,-6.111],[36.22867,-6.11561],[36.22376,-6.11953],[36.2144,-6.10932],[36.20499,-6.11967],[36.2011,-6.12046],[36.20164,-6.12233],[36.2042,-6.12331],[36.20577,-6.12908],[36.19313,-6.12523],[36.17775,-6.11865],[36.16979,-6.11653],[36.16359,-6.11896],[36.15515,-6.12925],[36.14929,-6.13218],[36.13674,-6.13545],[36.13526,-6.13763],[36.12183,-6.11593],[36.12119,-6.1027],[36.13225,-6.09123],[36.14796,-6.07271],[36.15422,-6.07141],[36.15753,-6.06939],[36.16192,-6.06445],[36.16305,-6.06141],[36.17376,-6.04908],[36.18371,-6.03899],[36.18999,-6.03487],[36.20282,-6.02305],[36.22389,-6.00884],[36.22377,-6.01016],[36.22847,-6.01491],[36.23024,-6.01584],[36.23866,-6.0166]]]},"properties":{"region":"Dodoma","district":"Chamwino","ward":"Majeleko","ward_code":"091"}},{"type":"Feature","geometry":{"type":"Polygon","coordinates":[[[36.25013,-6.08887],[36.25402,-6.08907],[36.25834,-6.09172],[36.26012,-6.09411],[36.26855,-6.09799],[36.28032,-6.10033],[36.28095,-6.10136],[36.27453,-6.11441],[36.27403,-6.11753],[36.27532,-6.13493],[36.2672,-6.1425],[36.26075,-6.14131],[36.2593,-6.14263],[36.25561,-6.14302],[36.25416,-6.14441],[36.25408,-6.14583],[36.25245,-6.14685],[36.25086,-6.14651],[36.24511,-6.14935],[36.24083,-6.15623],[36.24073,-6.16149],[36.23801,-6.16553],[36.24585,-6.18006],[36.24205,-6.19504],[36.23612,-6.20311],[36.23495,-6.20674],[36.235,-6.21545],[36.23215,-6.21713],[36.22591,-6.22055],[36.21873,-6.21465],[36.21373,-6.21276],[36.21122,-6.20997],[36.21428,-6.19665],[36.21785,-6.19106],[36.21592,-6.18013],[36.20861,-6.16976],[36.18577,-6.17183],[36.17905,-6.17536],[36.1693,-6.17653],[36.15988,-6.17363],[36.15045,-6.16804],[36.14245,-6.1659],[36.13121,-6.15767],[36.12625,-6.14503],[36.13311,-6.14288],[36.13674,-6.13545],[36.14929,-6.13218],[36.15515,-6.12925],[36.16359,-6.11896],[36.16979,-6.11653],[36.17775,-6.11865],[36.19313,-6.12523],[36.20577,-6.12908],[36.2042,-6.12331],[36.20164,-6.12233],[36.2011,-6.12046],[36.20499,-6.11967],[36.2144,-6.10932],[36.22376,-6.11953],[36.22867,-6.11561],[36.23948,-6.111],[36.25205,-6.11626],[36.25344,-6.11583],[36.25013,-6.08887]]]},"properties":{"region":"Dodoma","district":"Chamwino","ward":"Manchali","ward_code":"101"}},{"type":"Feature","geometry":{"type":"Polygon","coordinates":[[[36.1679,-6.17616],[36.17905,-6.17536],[36.18577,-6.17183],[36.193,-6.17066],[36.20843,-6.16972],[36.21592,-6.18013],[36.21785,-6.19106],[36.21428,-6.19665],[36.21122,-6.20997],[36.21373,-6.21276],[36.21873,-6.21465],[36.22591,-6.22055],[36.23503,-6.21545],[36.24704,-6.26026],[36.227,-6.28037],[36.21781,-6.27245],[36.18725,-6.25979],[36.17981,-6.25783],[36.15185,-6.25337],[36.14039,-6.25028],[36.13184,-6.24896],[36.1204,-6.24898],[36.12228,-6.22771],[36.11768,-6.22669],[36.10934,-6.22146],[36.10291,-6.21877],[36.08398,-6.20389],[36.08148,-6.20078],[36.07768,-6.18033],[36.0823,-6.17862],[36.08702,-6.17509],[36.0953,-6.17636],[36.10493,-6.17332],[36.12298,-6.17317],[36.14245,-6.1659],[36.15045,-6.16804],[36.15988,-6.17363],[36.1679,-6.17616]]]},"properties":{"region":"Dodoma","district":"Chamwino","ward":"Ikowa","ward_code":"111"}},{"type":"Feature","geometry":{"type":"Polygon","coordinates":[[[36.07768,-6.18033],[36.08148,-6.20078],[36.08398,-6.20389],[36.10291,-6.21877],[36.10934,-6.22146],[36.11768,-6.22669],[36.12228,-6.22771],[36.1204,-6.24898],[36.13184,-6.24896],[36.15185,-6.25337],[36.17981,-6.25783],[36.18725,-6.25979],[36.21781,-6.27245],[36.227,-6.28037],[36.22596,-6.30968],[36.19228,-6.3028],[36.18072,-6.2991],[36.16928,-6.29869],[36.16238,-6.30075],[36.16191,-6.30189],[36.15729,-6.30023],[36.14998,-6.30059],[36.09987,-6.31481],[36.09823,-6.31165],[36.0945,-6.30891],[36.09244,-6.30292],[36.07405,-6.29167],[36.05324,-6.30003],[36.0406,-6.29094],[36.03804,-6.28791],[36.02695,-6.28143],[36.01365,-6.27078],[36.01289,-6.27005],[36.03321,-6.23707],[36.0535,-6.2432],[36.05549,-6.24032],[36.04247,-6.19733],[36.04115,-6.18725],[36.04681,-6.18605],[36.04783,-6.18504],[36.05488,-6.18692],[36.05561,-6.18799],[36.06851,-6.18142],[36.07768,-6.18033]]]},"properties":{"region":"Dodoma","district":"Chamwino","ward":"Msamalo","ward_code":"121"}},{"type":"Feature","geometry":{"type":"Polygon","coordinates":[[[36.02846,-6.07017],[36.03353,-6.0701],[36.034,-6.07267],[36.07347,-6.06936],[36.10062,-6.06979],[36.12349,-6.0751],[36.14796,-6.07271],[36.13225,-6.09123],[36.12119,-6.1027],[36.12183,-6.11593],[36.12277,-6.11742],[36.11995,-6.11751],[36.11743,-6.12045],[36.11377,-6.11876],[36.11154,-6.11906],[36.11125,-6.12153],[36.10911,-6.12178],[36.10213,-6.12871],[36.098,-6.1279],[36.0967,-6.12934],[36.09146,-6.12787],[36.08875,-6.1298],[36.08015,-6.12881],[36.07705,-6.12999],[36.06868,-6.1282],[36.0663,-6.13248],[36.06113,-6.13152],[36.05776,-6.13277],[36.05506,-6.13581],[36.05637,-6.12773],[36.03525,-6.12403],[36.02377,-6.11685],[36.0123,-6.1178],[35.99663,-6.11002],[35.98313,-6.11462],[35.98171,-6.10126],[35.99205,-6.05692],[35.99959,-6.0508],[36.01099,-6.04598],[36.02846,-6.07017]]]},"properties":{"region":"Dodoma","district":"Chamwino","ward":"Chamwino","ward_code":"333"}},{"type":"Feature","geometry":{"type":"Polygon","coordinates":[[[36.09228,-6.30291],[36.0945,-6.30891],[36.09823,-6.31165],[36.09987,-6.31481],[36.14998,-6.30059],[36.15729,-6.30023],[36.16191,-6.30189],[36.16238,-6.30075],[36.16928,-6.29869],[36.18072,-6.2991],[36.19228,-6.3028],[36.22596,-6.30968],[36.19925,-6.3791],[36.17927,-6.40959],[36.1241,-6.38741],[36.11939,-6.38353],[36.10924,-6.37953],[36.10492,-6.37653],[36.10303,-6.36607],[36.09025,-6.35861],[36.07394,-6.29187],[36.09228,-6.30291]]]},"properties":{"region":"Dodoma","district":"Chamwino","ward":"Igandu","ward_code":"131"}},{"type":"Feature","geometry":{"type":"Polygon","coordinates":[[[35.85858,-6.26881],[35.87068,-6.26845],[35.88284,-6.27126],[35.90584,-6.27124],[35.93148,-6.27427],[35.94651,-6.27408],[35.9642,-6.28196],[35.96426,-6.30443],[35.95919,-6.33415],[35.94879,-6.33433],[35.94719,-6.33511],[35.93835,-6.34534],[35.90267,-6.36673],[35.89664,-6.36614],[35.89284,-6.35961],[35.88902,-6.34576],[35.89083,-6.33775],[35.8876,-6.33535],[35.87624,-6.33277],[35.86443,-6.33218],[35.86443,-6.33084],[35.86111,-6.32811],[35.84892,-6.33138],[35.83046,-6.31907],[35.80215,-6.30415],[35.8023,-6.28407],[35.81695,-6.28012],[35.83358,-6.27022],[35.84355,-6.26774],[35.85858,-6.26881]]]},"properties":{"region":"Dodoma","district":"Chamwino","ward":"Muungano","ward_code":"141"}},{"type":"Feature","geometry":{"type":"Polygon","coordinates":[[[35.83046,-6.31907],[35.84892,-6.33138],[35.86111,-6.32811],[35.86443,-6.33084],[35.86443,-6.33218],[35.88359,-6.33408],[35.88696,-6.33498],[35.89083,-6.33775],[35.88902,-6.34576],[35.89284,-6.35961],[35.89628,-6.36526],[35.89592,-6.3689],[35.88848,-6.38485],[35.88413,-6.38902],[35.86114,-6.39152],[35.86174,-6.39564],[35.85931,-6.39555],[35.85624,-6.39689],[35.8538,-6.39563],[35.85213,-6.39338],[35.85268,-6.39123],[35.85118,-6.38904],[35.84946,-6.38835],[35.8482,-6.38891],[35.84313,-6.38694],[35.84165,-6.38517],[35.83138,-6.39399],[35.82303,-6.39404],[35.81278,-6.392],[35.81005,-6.39457],[35.80422,-6.38387],[35.79377,-6.37132],[35.78967,-6.36305],[35.78677,-6.35288],[35.79754,-6.32986],[35.80215,-6.30415],[35.83046,-6.31907]]]},"properties":{"region":"Dodoma","district":"Chamwino","ward":"Mvumi Makulu","ward_code":"153"}},{"type":"Feature","geometry":{"type":"Polygon","coordinates":[[[36.03845,-6.2884],[36.0406,-6.29094],[36.05324,-6.30003],[36.07405,-6.29167],[36.08941,-6.35349],[36.08392,-6.35044],[36.07999,-6.34997],[36.07814,-6.35641],[36.07182,-6.36597],[36.06373,-6.36408],[36.05829,-6.36064],[36.04753,-6.35876],[36.03825,-6.36025],[36.03538,-6.35902],[36.03679,-6.36301],[36.03441,-6.36458],[36.02821,-6.3847],[36.02151,-6.38595],[36.01449,-6.38337],[35.99849,-6.38824],[35.99878,-6.36819],[36.00074,-6.35765],[35.99077,-6.34842],[35.98685,-6.34031],[35.98321,-6.33725],[35.97656,-6.33413],[35.96901,-6.33322],[35.95919,-6.33415],[35.96426,-6.30443],[35.9642,-6.28196],[35.97973,-6.28904],[36.00224,-6.2711],[36.00876,-6.26885],[36.01251,-6.26968],[36.02695,-6.28143],[36.03845,-6.2884]]]},"properties":{"region":"Dodoma","district":"Chamwino","ward":"Handali","ward_code":"161"}},{"type":"Feature","geometry":{"type":"Polygon","coordinates":[[[35.97656,-6.33413],[35.98547,-6.33882],[35.98938,-6.34674],[36.00074,-6.35765],[35.99878,-6.36819],[35.99849,-6.38824],[35.98826,-6.39154],[35.94939,-6.39452],[35.9379,-6.39835],[35.93261,-6.4068],[35.93053,-6.4139],[35.93715,-6.43844],[35.93069,-6.43879],[35.91073,-6.42991],[35.90764,-6.42495],[35.90589,-6.41934],[35.9054,-6.41368],[35.89056,-6.41451],[35.89144,-6.40833],[35.88868,-6.40307],[35.88711,-6.39315],[35.88408,-6.38903],[35.88848,-6.38485],[35.89048,-6.38114],[35.89592,-6.3689],[35.89628,-6.36526],[35.89664,-6.36614],[35.90267,-6.36673],[35.93835,-6.34534],[35.94219,-6.34162],[35.9454,-6.33675],[35.94879,-6.33433],[35.95593,-6.3346],[35.96901,-6.33322],[35.97656,-6.33413]]]},"properties":{"region":"Dodoma","district":"Chamwino","ward":"Mvumi Misheni","ward_code":"173"}},{"type":"Feature","geometry":{"type":"Polygon","coordinates":[[[36.01469,-6.38347],[36.02151,-6.38595],[36.02821,-6.3847],[36.03822,-6.38967],[36.0505,-6.39151],[36.0669,-6.39662],[36.06021,-6.40132],[36.05966,-6.40312],[36.06066,-6.40723],[36.06189,-6.40824],[36.07486,-6.40629],[36.07493,-6.4048],[36.08223,-6.40168],[36.0841,-6.40157],[36.09109,-6.40604],[36.09806,-6.40494],[36.07535,-6.463],[36.06974,-6.46814],[36.05953,-6.47309],[36.03528,-6.48158],[36.01997,-6.48062],[36.01543,-6.46529],[35.95027,-6.46852],[35.93718,-6.43857],[35.93053,-6.4139],[35.93261,-6.4068],[35.93675,-6.39959],[35.94075,-6.39696],[35.94939,-6.39452],[35.98826,-6.39154],[36.01469,-6.38347]]]},"properties":{"region":"Dodoma","district":"Chamwino","ward":"Idifu","ward_code":"181"}},{"type":"Feature","geometry":{"type":"Polygon","coordinates":[[[36.07996,-6.35004],[36.08779,-6.35227],[36.08941,-6.35349],[36.09025,-6.35861],[36.09147,-6.35972],[36.10303,-6.36607],[36.10492,-6.37653],[36.10629,-6.37782],[36.11939,-6.38353],[36.1241,-6.38741],[36.17927,-6.40959],[36.18671,-6.422],[36.19094,-6.44087],[36.18333,-6.45921],[36.17472,-6.46167],[36.14512,-6.47893],[36.13882,-6.48095],[36.1075,-6.47819],[36.07535,-6.463],[36.09806,-6.40494],[36.09109,-6.40604],[36.0841,-6.40157],[36.08223,-6.40168],[36.07493,-6.4048],[36.07486,-6.40629],[36.06189,-6.40824],[36.06066,-6.40723],[36.05966,-6.40312],[36.06021,-6.40132],[36.0669,-6.39662],[36.0505,-6.39151],[36.03822,-6.38967],[36.02821,-6.3847],[36.03441,-6.36458],[36.03679,-6.36301],[36.03538,-6.35902],[36.03825,-6.36025],[36.04753,-6.35876],[36.05829,-6.36064],[36.06373,-6.36408],[36.07182,-6.36597],[36.07814,-6.35641],[36.07996,-6.35004]]]},"properties":{"region":"Dodoma","district":"Chamwino","ward":"Nghaheleze","ward_code":"341"}},{"type":"Feature","geometry":{"type":"Polygon","coordinates":[[[35.8445,-6.38743],[35.85118,-6.38904],[35.85268,-6.39123],[35.85213,-6.39338],[35.8538,-6.39563],[35.85624,-6.39689],[35.85931,-6.39555],[35.86174,-6.39564],[35.86114,-6.39152],[35.88408,-6.38903],[35.88711,-6.39315],[35.88868,-6.40307],[35.89162,-6.40917],[35.89037,-6.41294],[35.89047,-6.42284],[35.89684,-6.43339],[35.89875,-6.44916],[35.90436,-6.46591],[35.90356,-6.47553],[35.90645,-6.47855],[35.89923,-6.48997],[35.87494,-6.49614],[35.85381,-6.4653],[35.8447,-6.46663],[35.82356,-6.46466],[35.81581,-6.46308],[35.80755,-6.4632],[35.804,-6.43107],[35.80745,-6.41573],[35.81005,-6.39457],[35.81278,-6.392],[35.82303,-6.39404],[35.83138,-6.39399],[35.84165,-6.38517],[35.8445,-6.38743]]]},"properties":{"region":"Dodoma","district":"Chamwino","ward":"Makang'wa","ward_code":"191"}},{"type":"Feature","geometry":{"type":"Polygon","coordinates":[[[35.90541,-6.41373],[35.90589,-6.41934],[35.90764,-6.42495],[35.91073,-6.42991],[35.93069,-6.43879],[35.93715,-6.43844],[35.95027,-6.46852],[35.94967,-6.4743],[35.95364,-6.48735],[35.95357,-6.50222],[35.96229,-6.52008],[35.96212,-6.52244],[35.95695,-6.53123],[35.95507,-6.54061],[35.95143,-6.54957],[35.93959,-6.54831],[35.92363,-6.5483],[35.91509,-6.555],[35.91219,-6.55913],[35.90678,-6.5558],[35.90312,-6.54141],[35.90501,-6.53509],[35.90767,-6.53106],[35.90758,-6.52753],[35.90465,-6.51854],[35.91042,-6.51262],[35.9107,-6.50877],[35.91225,-6.5075],[35.91107,-6.50087],[35.91166,-6.49695],[35.90645,-6.47855],[35.90356,-6.47553],[35.90436,-6.46591],[35.89875,-6.44916],[35.89684,-6.43339],[35.89047,-6.42284],[35.89056,-6.41451],[35.90541,-6.41373]]]},"properties":{"region":"Dodoma","district":"Chamwino","ward":"Iringa Mvumi","ward_code":"201"}},{"type":"Feature","geometry":{"type":"Polygon","coordinates":[[[35.96283,-6.56485],[35.97385,-6.56867],[35.98781,-6.56431],[35.99128,-6.56032],[35.99633,-6.56072],[35.99499,-6.58914],[35.99295,-6.59417],[35.98975,-6.59731],[35.98218,-6.60189],[35.97041,-6.61424],[35.96054,-6.63276],[35.96015,-6.64486],[35.96213,-6.65472],[35.96697,-6.66109],[35.92594,-6.69553],[35.92985,-6.70768],[35.89923,-6.74381],[35.88766,-6.76686],[35.87844,-6.77944],[35.85775,-6.8158],[35.81241,-6.80786],[35.78868,-6.80025],[35.73774,-6.80207],[35.7381,-6.79226],[35.73573,-6.77899],[35.74013,-6.77654],[35.74808,-6.77539],[35.75376,-6.77122],[35.7638,-6.77143],[35.77161,-6.77024],[35.77146,-6.76804],[35.765,-6.75268],[35.78789,-6.74209],[35.81158,-6.73254],[35.81277,-6.7402],[35.81218,-6.74391],[35.81433,-6.75571],[35.82342,-6.75915],[35.82537,-6.75529],[35.82465,-6.75268],[35.82624,-6.74812],[35.82554,-6.74614],[35.82646,-6.7433],[35.82639,-6.74099],[35.82382,-6.73837],[35.82593,-6.73778],[35.826,-6.73391],[35.82682,-6.73368],[35.82712,-6.7318],[35.82613,-6.73012],[35.82834,-6.72574],[35.82955,-6.71302],[35.83253,-6.70232],[35.84847,-6.68329],[35.85155,-6.67013],[35.87404,-6.66664],[35.88199,-6.66718],[35.89031,-6.66454],[35.90639,-6.64984],[35.89627,-6.5991],[35.89481,-6.58546],[35.90464,-6.57913],[35.91552,-6.56357],[35.91214,-6.55907],[35.91509,-6.555],[35.92363,-6.5483],[35.93959,-6.54831],[35.95143,-6.54957],[35.96283,-6.56485]]]},"properties":{"region":"Dodoma","district":"Chamwino","ward":"Manzase","ward_code":"211"}},{"type":"Feature","geometry":{"type":"MultiPolygon","coordinates":[[[[35.85744,-6.81609],[35.85714,-6.81609],[35.85719,-6.81601],[35.85744,-6.81609]]],[[[35.99007,-6.66487],[35.99107,-6.66739],[35.99057,-6.67713],[35.99433,-6.68395],[35.99487,-6.6896],[36.00194,-6.70318],[36.03097,-6.7219],[36.03447,-6.7304],[36.03728,-6.75296],[36.03002,-6.75803],[36.00997,-6.76881],[35.99659,-6.77065],[35.9903,-6.75969],[35.98151,-6.7763],[35.96528,-6.78955],[35.95986,-6.80416],[35.95322,-6.81216],[35.90554,-6.8431],[35.89115,-6.8489],[35.88074,-6.8417],[35.86996,-6.83],[35.86247,-6.82791],[35.85752,-6.81527],[35.87844,-6.77944],[35.88766,-6.76686],[35.89923,-6.74381],[35.92985,-6.70768],[35.92594,-6.69553],[35.96697,-6.66109],[35.96213,-6.65472],[35.96015,-6.64486],[35.9603,-6.64026],[35.97128,-6.63624],[35.98088,-6.63614],[35.98795,-6.6378],[35.99117,-6.64002],[35.9916,-6.65071],[35.98989,-6.65905],[35.99007,-6.66487]]]]},"properties":{"region":"Dodoma","district":"Chamwino","ward":"Fufu","ward_code":"221"}},{"type":"Feature","geometry":{"type":"Polygon","coordinates":[[[35.82712,-6.55042],[35.83983,-6.54078],[35.83927,-6.55469],[35.84015,-6.59379],[35.85155,-6.67013],[35.84847,-6.68329],[35.83253,-6.70232],[35.82955,-6.71302],[35.82834,-6.72574],[35.82613,-6.73012],[35.82712,-6.7318],[35.82682,-6.73368],[35.826,-6.73391],[35.82593,-6.73778],[35.82382,-6.73837],[35.82639,-6.74099],[35.82554,-6.74614],[35.82624,-6.74812],[35.82465,-6.75268],[35.82537,-6.75529],[35.82342,-6.75915],[35.81433,-6.75571],[35.81218,-6.74391],[35.81277,-6.7402],[35.81158,-6.73254],[35.78789,-6.74209],[35.765,-6.75268],[35.77146,-6.76804],[35.77161,-6.77024],[35.7638,-6.77143],[35.75376,-6.77122],[35.74808,-6.77539],[35.74013,-6.77654],[35.73573,-6.77899],[35.73585,-6.77966],[35.72382,-6.74038],[35.72152,-6.73023],[35.72391,-6.71357],[35.73095,-6.68902],[35.72586,-6.68514],[35.72519,-6.68366],[35.73369,-6.66716],[35.72281,-6.64184],[35.71988,-6.63195],[35.71802,-6.62101],[35.74744,-6.62712],[35.79452,-6.62882],[35.78942,-6.61396],[35.78992,-6.61167],[35.78889,-6.60168],[35.78626,-6.58927],[35.78716,-6.56603],[35.78464,-6.55331],[35.78503,-6.54648],[35.79165,-6.52991],[35.82712,-6.55042]]]},"properties":{"region":"Dodoma","district":"Chamwino","ward":"Mlowa Bwawani","ward_code":"231"}},{"type":"Feature","geometry":{"type":"Polygon","coordinates":[[[36.03728,-6.75296],[36.02735,-6.85703],[36.02229,-6.87658],[36.02764,-6.92229],[36.02526,-6.93143],[36.02267,-6.94896],[36.02018,-6.94998],[36.0174,-6.94627],[36.01497,-6.94668],[36.01025,-6.94538],[36.0039,-6.94149],[35.99989,-6.94103],[35.9961,-6.93935],[35.99209,-6.93676],[35.98802,-6.93188],[35.98326,-6.92895],[35.96924,-6.92526],[35.935,-6.92532],[35.93095,-6.89524],[35.9262,-6.88422],[35.91839,-6.87458],[35.89902,-6.86065],[35.89108,-6.8489],[35.90554,-6.8431],[35.95322,-6.81216],[35.95986,-6.80416],[35.96528,-6.78955],[35.98151,-6.7763],[35.9903,-6.75969],[35.99659,-6.77065],[36.00997,-6.76881],[36.03002,-6.75803],[36.03728,-6.75296]]]},"properties":{"region":"Dodoma","district":"Chamwino","ward":"Loje","ward_code":"291"}},{"type":"Feature","geometry":{"type":"Polygon","coordinates":[[[35.78868,-6.80025],[35.81241,-6.80786],[35.84432,-6.81302],[35.85744,-6.81609],[35.86247,-6.82791],[35.86996,-6.83],[35.88074,-6.8417],[35.89111,-6.84885],[35.89902,-6.86065],[35.91839,-6.87458],[35.9262,-6.88422],[35.93095,-6.89524],[35.935,-6.92476],[35.93327,-6.95847],[35.91123,-6.97858],[35.86992,-7.00208],[35.85766,-7.0076],[35.87932,-7.03115],[35.88974,-7.03825],[35.9046,-7.05543],[35.91699,-7.05598],[35.93376,-7.05814],[35.93324,-7.07028],[35.93065,-7.06857],[35.90849,-7.06188],[35.90594,-7.05702],[35.90305,-7.05576],[35.89986,-7.05566],[35.89792,-7.05408],[35.86276,-7.05188],[35.8455,-7.04351],[35.81188,-7.02289],[35.80571,-6.99752],[35.80221,-6.99068],[35.8026,-6.98517],[35.7999,-6.98044],[35.79279,-6.97925],[35.7856,-6.97392],[35.78322,-6.96967],[35.78195,-6.96955],[35.78021,-6.95925],[35.78152,-6.9562],[35.78071,-6.955],[35.7821,-6.9533],[35.78138,-6.94976],[35.78356,-6.94406],[35.78254,-6.94275],[35.78354,-6.94019],[35.78423,-6.92587],[35.78546,-6.92536],[35.78526,-6.92335],[35.78649,-6.92259],[35.78564,-6.9215],[35.7873,-6.91956],[35.7865,-6.9181],[35.78893,-6.9185],[35.79285,-6.91387],[35.7918,-6.9106],[35.79302,-6.90933],[35.78985,-6.90577],[35.78998,-6.9048],[35.79304,-6.90579],[35.79348,-6.90424],[35.79248,-6.90247],[35.79329,-6.90158],[35.79477,-6.90218],[35.79498,-6.90102],[35.79256,-6.89911],[35.79594,-6.89332],[35.79524,-6.89193],[35.79639,-6.89091],[35.79663,-6.88796],[35.79494,-6.8841],[35.79321,-6.88251],[35.79343,-6.88155],[35.78997,-6.87981],[35.76645,-6.87469],[35.74879,-6.87401],[35.73865,-6.85465],[35.7361,-6.83626],[35.73688,-6.81401],[35.73772,-6.802],[35.78868,-6.80025]]]},"properties":{"region":"Dodoma","district":"Chamwino","ward":"Chiboli","ward_code":"301"}},{"type":"Feature","geometry":{"type":"Polygon","coordinates":[[[35.71975,-6.44267],[35.75225,-6.44701],[35.80021,-6.46147],[35.80142,-6.47183],[35.79718,-6.47574],[35.79534,-6.47891],[35.79508,-6.48365],[35.79267,-6.48695],[35.79128,-6.49139],[35.79045,-6.49683],[35.79138,-6.50143],[35.79099,-6.50525],[35.79201,-6.50758],[35.79036,-6.51175],[35.78382,-6.51637],[35.78224,-6.51958],[35.78281,-6.52169],[35.78513,-6.52419],[35.78474,-6.52937],[35.79165,-6.52991],[35.78503,-6.54648],[35.78464,-6.55331],[35.78716,-6.56603],[35.78626,-6.58927],[35.78889,-6.60168],[35.78992,-6.61167],[35.78942,-6.61396],[35.79452,-6.62882],[35.74744,-6.62712],[35.71802,-6.62101],[35.72008,-6.60123],[35.70875,-6.55202],[35.70902,-6.54815],[35.69985,-6.47181],[35.70433,-6.45818],[35.71975,-6.44267]]]},"properties":{"region":"Dodoma","district":"Chamwino","ward":"Nhinhi","ward_code":"311"}},{"type":"Feature","geometry":{"type":"Polygon","coordinates":[[[36.00234,-6.55842],[35.99627,-6.56075],[35.99128,-6.56032],[35.98781,-6.56431],[35.97385,-6.56867],[35.96283,-6.56485],[35.95351,-6.55325],[35.95143,-6.54957],[35.95507,-6.54061],[35.95695,-6.53123],[35.96212,-6.52244],[35.96229,-6.52008],[35.95357,-6.50222],[35.95364,-6.48735],[35.94967,-6.4743],[35.95027,-6.46852],[36.01543,-6.46529],[36.01997,-6.48062],[36.01739,-6.50283],[36.01406,-6.52188],[36.00691,-6.54621],[36.00815,-6.5525],[36.00234,-6.55842]]]},"properties":{"region":"Dodoma","district":"Chamwino","ward":"Ikombolinga","ward_code":"351"}},{"type":"Feature","geometry":{"type":"Polygon","coordinates":[[[35.80523,-6.463],[35.81581,-6.46308],[35.82356,-6.46466],[35.8447,-6.46663],[35.85381,-6.4653],[35.87494,-6.49614],[35.89923,-6.48997],[35.90645,-6.47855],[35.91148,-6.49589],[35.91107,-6.50087],[35.91261,-6.5063],[35.9107,-6.50877],[35.91042,-6.51262],[35.90465,-6.51854],[35.90758,-6.52753],[35.90767,-6.53106],[35.90501,-6.53509],[35.90312,-6.54141],[35.90678,-6.5558],[35.91219,-6.55913],[35.91552,-6.56357],[35.90464,-6.57913],[35.89481,-6.58546],[35.89627,-6.5991],[35.90639,-6.64984],[35.89031,-6.66454],[35.88199,-6.66718],[35.87404,-6.66664],[35.85155,-6.67013],[35.84015,-6.59379],[35.83927,-6.55469],[35.83983,-6.54078],[35.82735,-6.55049],[35.79165,-6.52991],[35.78474,-6.52937],[35.78513,-6.52419],[35.78281,-6.52169],[35.78251,-6.51833],[35.78382,-6.51637],[35.79036,-6.51175],[35.79201,-6.50758],[35.79099,-6.50525],[35.79138,-6.50143],[35.79045,-6.49683],[35.79128,-6.49139],[35.79267,-6.48695],[35.79508,-6.48365],[35.79534,-6.47891],[35.79718,-6.47574],[35.80142,-6.47183],[35.80021,-6.46147],[35.80523,-6.463]]]},"properties":{"region":"Dodoma","district":"Chamwino","ward":"Mlowa Barabarani","ward_code":"363"}},{"type":"Feature","geometry":{"type":"Polygon","coordinates":[[[35.60032,-6.54001],[35.64181,-6.56543],[35.64992,-6.56643],[35.66275,-6.5762],[35.66318,-6.58656],[35.66004,-6.60817],[35.65812,-6.63361],[35.65957,-6.66264],[35.66142,-6.67853],[35.7239,-6.71362],[35.72152,-6.73023],[35.72382,-6.74038],[35.73585,-6.77966],[35.73795,-6.79143],[35.71508,-6.78868],[35.68459,-6.7822],[35.66546,-6.77226],[35.61094,-6.76424],[35.60921,-6.77396],[35.59178,-6.79421],[35.58893,-6.80084],[35.58095,-6.7995],[35.5658,-6.80178],[35.56338,-6.81503],[35.56836,-6.82661],[35.56877,-6.83284],[35.56738,-6.83698],[35.5641,-6.84055],[35.5631,-6.84311],[35.56524,-6.8444],[35.56667,-6.84397],[35.56652,-6.84911],[35.56795,-6.84859],[35.57062,-6.85306],[35.57385,-6.8542],[35.57471,-6.85601],[35.57499,-6.85715],[35.57385,-6.85772],[35.57404,-6.86125],[35.5748,-6.86305],[35.57601,-6.86341],[35.57579,-6.87444],[35.57389,-6.87637],[35.57442,-6.87902],[35.53156,-6.87751],[35.4768,-6.86923],[35.46969,-6.86318],[35.45651,-6.85689],[35.44889,-6.85841],[35.44536,-6.85773],[35.44267,-6.86202],[35.43628,-6.85805],[35.43424,-6.85421],[35.43087,-6.85216],[35.42584,-6.85136],[35.42348,-6.85484],[35.42139,-6.85578],[35.41683,-6.85486],[35.44372,-6.80546],[35.47938,-6.81816],[35.48143,-6.81392],[35.48081,-6.80924],[35.4841,-6.79718],[35.49978,-6.78975],[35.50104,-6.7819],[35.5006,-6.7758],[35.50359,-6.77164],[35.50484,-6.76688],[35.52117,-6.73582],[35.52357,-6.72509],[35.53528,-6.70118],[35.54278,-6.67861],[35.54768,-6.63642],[35.54399,-6.62162],[35.54366,-6.61406],[35.54508,-6.60361],[35.55497,-6.59991],[35.58726,-6.54349],[35.60032,-6.54001]]]},"properties":{"region":"Dodoma","district":"Chamwino","ward":"Mpwayungu","ward_code":"241"}},{"type":"Feature","geometry":{"type":"Polygon","coordinates":[[[35.71508,-6.78868],[35.73795,-6.79143],[35.7361,-6.83626],[35.73693,-6.84299],[35.73865,-6.85465],[35.74879,-6.87401],[35.76645,-6.87469],[35.78997,-6.87981],[35.79343,-6.88155],[35.79321,-6.88251],[35.79494,-6.8841],[35.79663,-6.88796],[35.79639,-6.89091],[35.79524,-6.89193],[35.79594,-6.89332],[35.79256,-6.89911],[35.79498,-6.90102],[35.79477,-6.90218],[35.79329,-6.90158],[35.79248,-6.90247],[35.79348,-6.90424],[35.79304,-6.90579],[35.78998,-6.9048],[35.78985,-6.90577],[35.79302,-6.90933],[35.7918,-6.9106],[35.79285,-6.91387],[35.78893,-6.9185],[35.7865,-6.9181],[35.7873,-6.91956],[35.78564,-6.9215],[35.78649,-6.92259],[35.78526,-6.92335],[35.78546,-6.92536],[35.78423,-6.92587],[35.78354,-6.94019],[35.78254,-6.94275],[35.78356,-6.94406],[35.78138,-6.94976],[35.7821,-6.9533],[35.78071,-6.955],[35.78152,-6.9562],[35.78021,-6.95925],[35.78093,-6.96683],[35.78195,-6.96955],[35.78322,-6.96967],[35.7856,-6.97392],[35.79279,-6.97925],[35.7999,-6.98044],[35.8026,-6.98517],[35.80221,-6.99068],[35.80571,-6.99752],[35.81188,-7.02289],[35.78498,-7.09123],[35.7828,-7.08971],[35.77867,-7.09428],[35.77628,-7.08907],[35.77215,-7.09285],[35.76864,-7.08986],[35.76247,-7.09048],[35.75999,-7.08705],[35.75518,-7.08989],[35.74577,-7.08335],[35.73801,-7.08566],[35.7273,-7.07948],[35.72199,-7.08053],[35.72001,-7.07302],[35.71552,-7.0743],[35.71271,-7.07284],[35.71247,-7.06994],[35.71073,-7.06649],[35.70752,-7.06706],[35.70559,-7.07205],[35.70157,-7.06958],[35.69899,-7.06559],[35.6849,-7.06154],[35.66048,-7.04347],[35.65781,-7.03882],[35.6498,-7.03222],[35.64175,-7.0346],[35.62128,-7.0316],[35.61688,-7.02444],[35.61203,-7.0228],[35.60524,-7.02497],[35.60032,-7.02413],[35.58745,-7.01058],[35.57636,-7.00578],[35.56925,-7.00724],[35.56888,-7.00664],[35.57011,-7.00583],[35.56774,-7.00547],[35.56636,-7.00238],[35.5677,-7.00167],[35.56275,-6.99782],[35.56527,-6.9917],[35.56287,-6.98806],[35.56176,-6.98778],[35.5625,-6.98629],[35.5616,-6.98511],[35.56636,-6.98597],[35.56677,-6.98481],[35.56749,-6.98569],[35.56928,-6.98188],[35.56851,-6.98056],[35.56947,-6.97822],[35.56802,-6.97728],[35.56886,-6.97567],[35.56464,-6.97279],[35.56535,-6.97209],[35.56461,-6.97104],[35.56606,-6.97017],[35.56564,-6.96819],[35.56714,-6.96767],[35.56669,-6.96507],[35.56519,-6.96501],[35.56683,-6.96371],[35.56632,-6.96165],[35.56746,-6.95952],[35.56622,-6.95915],[35.56629,-6.95555],[35.56422,-6.95366],[35.56309,-6.95373],[35.5623,-6.95224],[35.56315,-6.95152],[35.56206,-6.95021],[35.56434,-6.94943],[35.56353,-6.94895],[35.56429,-6.94671],[35.56121,-6.94288],[35.56168,-6.94139],[35.56041,-6.94001],[35.56182,-6.93793],[35.56025,-6.9326],[35.56229,-6.92793],[35.56461,-6.92908],[35.56414,-6.92743],[35.56682,-6.92713],[35.56788,-6.9279],[35.56855,-6.92608],[35.57209,-6.92807],[35.5709,-6.92633],[35.57291,-6.92569],[35.5715,-6.9248],[35.57295,-6.92411],[35.57194,-6.92312],[35.57377,-6.92212],[35.57472,-6.92003],[35.57363,-6.91894],[35.5747,-6.91614],[35.57338,-6.91421],[35.57456,-6.91368],[35.57529,-6.91437],[35.57653,-6.91094],[35.57458,-6.90518],[35.57467,-6.90261],[35.57654,-6.89886],[35.57577,-6.87906],[35.57442,-6.87902],[35.57389,-6.87637],[35.57579,-6.87444],[35.57601,-6.86341],[35.5748,-6.86305],[35.57404,-6.86125],[35.57385,-6.85772],[35.57499,-6.85715],[35.57385,-6.8542],[35.57062,-6.85306],[35.56795,-6.84859],[35.56652,-6.84911],[35.56667,-6.84397],[35.56524,-6.8444],[35.5631,-6.84311],[35.5641,-6.84055],[35.56738,-6.83698],[35.56877,-6.83284],[35.56836,-6.82661],[35.56338,-6.81503],[35.56588,-6.80167],[35.58095,-6.7995],[35.58893,-6.80084],[35.59178,-6.79421],[35.60921,-6.77396],[35.61094,-6.76424],[35.66546,-6.77226],[35.68459,-6.7822],[35.71508,-6.78868]]]},"properties":{"region":"Dodoma","district":"Chamwino","ward":"Nghambaku","ward_code":"251"}},{"type":"Feature","geometry":{"type":"Polygon","coordinates":[[[35.40394,-6.77846],[35.41152,-6.78034],[35.41355,-6.79173],[35.44372,-6.80546],[35.41683,-6.85486],[35.42139,-6.85578],[35.42348,-6.85484],[35.42584,-6.85136],[35.43087,-6.85216],[35.43424,-6.85421],[35.43628,-6.85805],[35.44267,-6.86202],[35.44536,-6.85773],[35.44889,-6.85841],[35.45651,-6.85689],[35.46969,-6.86318],[35.4768,-6.86923],[35.53156,-6.87751],[35.57577,-6.87906],[35.57654,-6.89886],[35.57467,-6.90261],[35.57458,-6.90518],[35.57653,-6.91094],[35.57529,-6.91437],[35.57456,-6.91368],[35.57338,-6.91421],[35.5747,-6.91614],[35.57363,-6.91894],[35.57472,-6.92003],[35.57377,-6.92212],[35.57194,-6.92312],[35.57295,-6.92411],[35.5715,-6.9248],[35.57291,-6.92569],[35.5709,-6.92633],[35.57209,-6.92807],[35.56855,-6.92608],[35.56788,-6.9279],[35.56682,-6.92713],[35.56414,-6.92743],[35.56461,-6.92908],[35.56229,-6.92793],[35.56013,-6.93347],[35.56182,-6.93793],[35.56041,-6.94001],[35.56168,-6.94139],[35.56121,-6.94288],[35.56429,-6.94671],[35.56353,-6.94895],[35.56434,-6.94943],[35.56206,-6.95021],[35.56315,-6.95152],[35.5623,-6.95224],[35.56309,-6.95373],[35.56422,-6.95366],[35.56629,-6.95555],[35.56622,-6.95915],[35.56746,-6.95952],[35.56632,-6.96165],[35.56683,-6.96371],[35.56519,-6.96501],[35.56669,-6.96507],[35.56714,-6.96767],[35.56564,-6.96819],[35.56606,-6.97017],[35.56461,-6.97104],[35.56535,-6.97209],[35.56464,-6.97279],[35.56886,-6.97567],[35.56802,-6.97728],[35.56947,-6.97822],[35.56851,-6.98056],[35.56928,-6.98188],[35.56749,-6.98569],[35.56677,-6.98481],[35.56636,-6.98597],[35.5616,-6.98511],[35.5625,-6.98629],[35.56176,-6.98778],[35.56287,-6.98806],[35.56527,-6.9917],[35.56275,-6.99782],[35.5677,-7.00167],[35.56636,-7.00238],[35.56774,-7.00547],[35.57011,-7.00583],[35.56888,-7.00664],[35.56925,-7.00724],[35.56375,-7.00837],[35.55828,-7.01142],[35.54274,-7.01465],[35.53929,-7.01056],[35.53942,-7.0041],[35.52686,-7.00083],[35.52228,-6.99804],[35.51971,-6.99248],[35.52228,-6.98885],[35.52415,-6.98895],[35.5262,-6.98592],[35.52577,-6.98385],[35.52911,-6.9782],[35.52531,-6.97308],[35.52044,-6.97327],[35.50142,-6.95486],[35.48761,-6.94795],[35.48025,-6.94626],[35.46871,-6.95416],[35.46463,-6.95104],[35.46154,-6.94265],[35.45352,-6.94088],[35.45031,-6.93818],[35.44856,-6.93448],[35.44089,-6.93106],[35.43799,-6.93177],[35.43264,-6.93657],[35.42674,-6.93712],[35.42049,-6.93067],[35.41447,-6.92793],[35.40393,-6.93167],[35.39201,-6.93218],[35.36393,-6.94011],[35.3564,-6.93717],[35.33544,-6.93594],[35.31283,-6.93757],[35.30597,-6.93443],[35.30413,-6.93633],[35.30251,-6.93415],[35.29833,-6.93321],[35.2983,-6.93119],[35.29634,-6.9301],[35.29222,-6.93055],[35.28951,-6.92611],[35.28782,-6.92711],[35.28657,-6.92491],[35.28703,-6.92359],[35.28592,-6.92309],[35.28488,-6.92411],[35.28495,-6.92293],[35.28388,-6.92254],[35.28448,-6.92173],[35.28272,-6.92029],[35.28304,-6.91883],[35.2839,-6.91893],[35.28358,-6.91692],[35.28553,-6.91653],[35.28296,-6.91507],[35.28189,-6.91059],[35.27954,-6.90745],[35.28016,-6.90548],[35.2842,-6.90464],[35.28263,-6.8999],[35.27955,-6.8958],[35.28004,-6.88837],[35.27862,-6.88134],[35.27636,-6.88077],[35.27474,-6.87909],[35.27357,-6.87939],[35.26925,-6.87538],[35.26695,-6.87479],[35.2627,-6.86159],[35.26002,-6.85867],[35.25953,-6.85498],[35.2562,-6.85285],[35.25333,-6.84823],[35.32071,-6.82037],[35.33577,-6.81252],[35.34943,-6.80394],[35.37425,-6.79147],[35.40394,-6.77846]]]},"properties":{"region":"Dodoma","district":"Chamwino","ward":"Chinugulu","ward_code":"261"}},{"type":"Feature","geometry":{"type":"Polygon","coordinates":[[[35.39227,-6.71415],[35.39071,-6.72869],[35.40212,-6.77934],[35.36744,-6.79485],[35.34943,-6.80394],[35.33577,-6.81252],[35.32071,-6.82037],[35.25333,-6.84823],[35.2562,-6.85285],[35.25953,-6.85498],[35.26002,-6.85867],[35.2627,-6.86159],[35.26695,-6.87479],[35.26925,-6.87538],[35.27357,-6.87939],[35.27474,-6.87909],[35.27636,-6.88077],[35.27862,-6.88134],[35.28004,-6.88837],[35.27955,-6.8958],[35.28263,-6.8999],[35.2842,-6.90464],[35.28016,-6.90548],[35.27954,-6.90745],[35.28189,-6.91059],[35.28296,-6.91507],[35.28553,-6.91653],[35.28358,-6.91692],[35.2839,-6.91893],[35.28304,-6.91883],[35.28294,-6.92103],[35.28448,-6.92173],[35.28388,-6.92254],[35.28495,-6.92293],[35.2852,-6.92434],[35.28553,-6.92321],[35.28703,-6.92359],[35.28657,-6.92491],[35.28782,-6.92711],[35.28885,-6.92601],[35.2902,-6.9267],[35.29222,-6.93055],[35.29634,-6.9301],[35.2983,-6.93119],[35.29833,-6.93321],[35.30258,-6.93423],[35.28265,-6.95974],[35.2724,-6.96987],[35.19457,-6.98241],[35.16962,-6.98153],[35.16098,-6.97384],[35.15794,-6.96865],[35.15244,-6.96365],[35.15079,-6.96077],[35.15269,-6.95334],[35.15122,-6.95198],[35.14726,-6.95113],[35.14172,-6.94199],[35.14351,-6.93909],[35.14463,-6.93308],[35.14634,-6.92979],[35.1456,-6.92618],[35.14651,-6.92163],[35.14303,-6.91902],[35.14178,-6.91141],[35.14431,-6.90799],[35.14094,-6.90509],[35.13884,-6.90555],[35.13876,-6.90192],[35.13134,-6.89789],[35.13045,-6.8958],[35.13242,-6.88453],[35.13497,-6.8814],[35.13771,-6.87446],[35.13668,-6.86463],[35.13139,-6.86096],[35.13231,-6.85808],[35.1297,-6.85115],[35.13198,-6.84817],[35.13022,-6.84274],[35.13124,-6.83822],[35.13025,-6.8348],[35.13351,-6.8331],[35.1344,-6.8238],[35.13278,-6.82148],[35.12829,-6.82016],[35.12763,-6.81765],[35.12966,-6.81581],[35.13101,-6.81625],[35.13188,-6.81847],[35.13411,-6.81869],[35.13626,-6.81755],[35.13663,-6.8156],[35.13366,-6.81111],[35.13608,-6.804],[35.13871,-6.79975],[35.13603,-6.79558],[35.13607,-6.79165],[35.14019,-6.78408],[35.13704,-6.78124],[35.13409,-6.77435],[35.12628,-6.76783],[35.12616,-6.76664],[35.12061,-6.76432],[35.11712,-6.76676],[35.11469,-6.76599],[35.10575,-6.76078],[35.10034,-6.75488],[35.09768,-6.75493],[35.09627,-6.75366],[35.09719,-6.74961],[35.09628,-6.74794],[35.09141,-6.74816],[35.09001,-6.74505],[35.08372,-6.7395],[35.0837,-6.73592],[35.08193,-6.72966],[35.08467,-6.72795],[35.08846,-6.72913],[35.09472,-6.72913],[35.09927,-6.72664],[35.11144,-6.72492],[35.14567,-6.73376],[35.15657,-6.7301],[35.16921,-6.72864],[35.1883,-6.72389],[35.19759,-6.71778],[35.2022,-6.71228],[35.23563,-6.70516],[35.24231,-6.70205],[35.25633,-6.7112],[35.26909,-6.71045],[35.27881,-6.71405],[35.28785,-6.7154],[35.30324,-6.71096],[35.31883,-6.70405],[35.34465,-6.69781],[35.38661,-6.69823],[35.39227,-6.71415]]]},"properties":{"region":"Dodoma","district":"Chamwino","ward":"Manda","ward_code":"271"}},{"type":"Feature","geometry":{"type":"Polygon","coordinates":[[[35.42984,-6.51213],[35.43352,-6.51073],[35.43601,-6.51493],[35.44004,-6.51649],[35.44794,-6.52357],[35.45481,-6.52736],[35.45591,-6.5278],[35.46003,-6.52649],[35.46545,-6.52888],[35.46787,-6.53111],[35.46922,-6.53095],[35.47102,-6.53336],[35.47515,-6.53317],[35.47918,-6.5347],[35.48825,-6.53314],[35.49291,-6.52787],[35.49527,-6.52685],[35.50546,-6.52709],[35.51536,-6.5216],[35.51874,-6.5208],[35.52266,-6.52158],[35.52564,-6.52415],[35.5311,-6.52335],[35.53813,-6.52595],[35.54274,-6.52592],[35.54436,-6.52497],[35.55109,-6.52528],[35.56236,-6.52314],[35.57411,-6.5297],[35.58722,-6.54355],[35.55497,-6.59991],[35.54508,-6.60361],[35.54366,-6.61406],[35.54399,-6.62162],[35.54768,-6.63642],[35.54278,-6.67861],[35.53528,-6.70118],[35.52357,-6.72509],[35.52117,-6.73582],[35.50484,-6.76688],[35.50359,-6.77164],[35.5006,-6.7758],[35.50104,-6.7819],[35.49978,-6.78975],[35.4841,-6.79718],[35.48081,-6.80924],[35.48143,-6.81392],[35.47938,-6.81816],[35.44712,-6.807],[35.41355,-6.79173],[35.41152,-6.78034],[35.40995,-6.7793],[35.40394,-6.77846],[35.40212,-6.77934],[35.39071,-6.72869],[35.39227,-6.71415],[35.38612,-6.69823],[35.39042,-6.69817],[35.39254,-6.6991],[35.39975,-6.69708],[35.40191,-6.69206],[35.40468,-6.69131],[35.4063,-6.68856],[35.41254,-6.68328],[35.41299,-6.6791],[35.415,-6.67565],[35.41371,-6.67389],[35.4141,-6.67023],[35.41697,-6.66661],[35.4153,-6.66154],[35.41689,-6.65802],[35.41515,-6.64596],[35.41586,-6.64167],[35.41372,-6.63905],[35.41371,-6.63698],[35.41539,-6.63479],[35.41423,-6.63119],[35.41519,-6.62879],[35.41335,-6.62434],[35.41331,-6.62141],[35.41546,-6.61737],[35.41326,-6.61402],[35.4134,-6.61215],[35.41646,-6.61088],[35.41562,-6.60793],[35.41787,-6.60503],[35.41603,-6.60278],[35.41857,-6.60053],[35.4181,-6.59813],[35.41924,-6.59788],[35.42072,-6.59502],[35.42324,-6.59476],[35.42379,-6.59235],[35.42133,-6.58944],[35.42167,-6.58747],[35.42351,-6.58633],[35.42335,-6.58181],[35.42128,-6.57827],[35.41985,-6.57065],[35.4177,-6.56809],[35.41768,-6.55504],[35.41888,-6.5492],[35.41694,-6.54737],[35.41798,-6.54542],[35.4168,-6.54379],[35.41694,-6.54136],[35.42065,-6.53422],[35.41951,-6.53151],[35.42008,-6.5278],[35.41889,-6.52564],[35.41737,-6.52523],[35.41573,-6.52176],[35.41398,-6.52151],[35.41379,-6.52029],[35.41503,-6.51885],[35.41347,-6.51787],[35.41518,-6.51706],[35.41954,-6.51825],[35.4187,-6.51534],[35.42604,-6.51035],[35.42984,-6.51213]]]},"properties":{"region":"Dodoma","district":"Chamwino","ward":"Huzi","ward_code":"281"}},{"type":"Feature","geometry":{"type":"Polygon","coordinates":[[[35.79209,-6.03737],[35.80172,-6.04309],[35.80217,-6.04438],[35.79971,-6.05044],[35.79408,-6.05884],[35.79503,-6.06254],[35.79874,-6.06603],[35.79916,-6.08711],[35.80154,-6.09702],[35.7665,-6.09781],[35.75557,-6.10065],[35.75019,-6.10321],[35.74631,-6.10341],[35.74479,-6.10489],[35.72742,-6.10309],[35.72676,-6.10233],[35.71425,-6.10596],[35.71411,-6.11174],[35.70187,-6.11179],[35.7014,-6.07346],[35.70031,-6.0648],[35.71373,-6.0562],[35.71312,-6.0389],[35.74527,-6.03868],[35.76541,-6.0406],[35.77353,-6.03946],[35.77912,-6.03473],[35.78041,-6.03454],[35.79209,-6.03737]]]},"properties":{"region":"Dodoma","district":"Dodoma","ward":"Msalato","ward_code":"072"}},{"type":"Feature","geometry":{"type":"Polygon","coordinates":[[[35.82665,-5.87392],[35.82206,-5.93159],[35.82309,-5.94758],[35.82924,-5.94897],[35.8279,-5.9657],[35.82531,-5.96808],[35.82342,-5.99292],[35.82142,-5.99604],[35.82115,-6.00434],[35.81726,-6.01621],[35.81581,-6.01778],[35.8151,-6.02195],[35.81353,-6.0251],[35.80837,-6.03027],[35.8075,-6.03881],[35.80373,-6.04309],[35.80172,-6.04309],[35.79209,-6.03737],[35.78041,-6.03454],[35.77912,-6.03473],[35.77353,-6.03946],[35.76541,-6.0406],[35.74527,-6.03868],[35.71312,-6.0389],[35.71344,-6.03405],[35.71093,-6.01994],[35.70528,-6.01452],[35.67776,-6.00423],[35.68853,-5.99843],[35.69467,-5.98581],[35.70392,-5.97115],[35.70592,-5.96739],[35.70736,-5.96067],[35.71033,-5.95302],[35.71194,-5.94471],[35.71989,-5.93487],[35.72265,-5.92276],[35.7317,-5.90683],[35.73695,-5.89507],[35.73996,-5.893],[35.74116,-5.88856],[35.74498,-5.88624],[35.74883,-5.88526],[35.75114,-5.88616],[35.7654,-5.88335],[35.7881,-5.88275],[35.79814,-5.88154],[35.82665,-5.87392]]]},"properties":{"region":"Dodoma","district":"Dodoma","ward":"Makutupora","ward_code":"082"}},{"type":"Feature","geometry":{"type":"Polygon","coordinates":[[[35.88683,-5.84001],[35.8995,-5.84355],[35.89961,-5.84454],[35.89971,-5.87193],[35.89816,-5.89344],[35.89959,-5.8956],[35.89978,-5.89819],[35.89748,-5.89857],[35.87322,-5.92542],[35.8716,-5.93554],[35.87167,-5.95003],[35.87598,-5.95458],[35.87662,-5.9599],[35.88274,-5.96276],[35.88278,-5.96412],[35.88241,-5.96789],[35.87684,-5.96726],[35.87464,-5.96825],[35.87459,-5.96967],[35.87258,-5.97213],[35.87247,-5.97782],[35.87175,-5.97844],[35.88054,-5.98404],[35.88303,-5.99934],[35.899,-5.99767],[35.90358,-6.00311],[35.91002,-6.00609],[35.90529,-6.02172],[35.89386,-6.03766],[35.88715,-6.03537],[35.88008,-6.04272],[35.86443,-6.03567],[35.84491,-6.0231],[35.81689,-6.02473],[35.81402,-6.02408],[35.82115,-6.00434],[35.82142,-5.99604],[35.82342,-5.99292],[35.82531,-5.96808],[35.8279,-5.9657],[35.82924,-5.94897],[35.82309,-5.94758],[35.82206,-5.93159],[35.8265,-5.87673],[35.82665,-5.87392],[35.82571,-5.87404],[35.82682,-5.85249],[35.82838,-5.84686],[35.83122,-5.84074],[35.85113,-5.83797],[35.85384,-5.83413],[35.85384,-5.83021],[35.86559,-5.83082],[35.87862,-5.83541],[35.88683,-5.84001]]]},"properties":{"region":"Dodoma","district":"Dodoma","ward":"Chihanga","ward_code":"092"}},{"type":"Feature","geometry":{"type":"Polygon","coordinates":[[[35.92839,-5.83472],[35.97987,-5.83488],[36.01308,-5.84451],[36.01076,-5.87016],[35.99905,-5.8725],[35.986,-5.88542],[35.98525,-5.89175],[35.97418,-5.91405],[35.97146,-5.9157],[35.96583,-5.92433],[35.95856,-5.92548],[35.95465,-5.92461],[35.95284,-5.92516],[35.95038,-5.93005],[35.95085,-5.93718],[35.94778,-5.94304],[35.94877,-5.9449],[35.95143,-5.94579],[35.95011,-5.95788],[35.93965,-5.97904],[35.93431,-5.98038],[35.92718,-5.9868],[35.92501,-5.98659],[35.92255,-5.98506],[35.92305,-5.98209],[35.91861,-5.98153],[35.90933,-5.97654],[35.90615,-5.96984],[35.90025,-5.97133],[35.89883,-5.97406],[35.89255,-5.97479],[35.89031,-5.97365],[35.88785,-5.97097],[35.88241,-5.96789],[35.88274,-5.96276],[35.87662,-5.9599],[35.87598,-5.95458],[35.87167,-5.95003],[35.8716,-5.93554],[35.87322,-5.92542],[35.89748,-5.89857],[35.89978,-5.89819],[35.89959,-5.8956],[35.89816,-5.89344],[35.89971,-5.87193],[35.8995,-5.84355],[35.91265,-5.83813],[35.92839,-5.83472]]]},"properties":{"region":"Dodoma","district":"Dodoma","ward":"Hombolo Makulu","ward_code":"102"}},{"type":"Feature","geometry":{"type":"Polygon","coordinates":[[[35.88785,-5.97097],[35.89255,-5.97479],[35.89883,-5.97406],[35.90025,-5.97133],[35.90615,-5.96984],[35.90933,-5.97654],[35.91861,-5.98153],[35.92305,-5.98209],[35.92255,-5.98506],[35.92501,-5.98659],[35.92718,-5.9868],[35.93431,-5.98038],[35.93965,-5.97904],[35.95346,-5.98707],[35.95701,-5.99027],[35.96414,-5.98666],[35.96534,-5.98989],[35.96675,-5.99073],[35.97054,-5.99088],[35.97283,-5.98895],[35.98131,-5.9928],[35.98913,-5.99875],[35.98777,-6.00069],[35.98895,-6.00373],[35.98476,-6.0079],[35.97818,-6.019],[35.97453,-6.02228],[35.96168,-6.04437],[35.95519,-6.05226],[35.95072,-6.06735],[35.94094,-6.06553],[35.93514,-6.06618],[35.92574,-6.06354],[35.92122,-6.06321],[35.92048,-6.05987],[35.91449,-6.06463],[35.90742,-6.04463],[35.89386,-6.03766],[35.90529,-6.02172],[35.91002,-6.00609],[35.90358,-6.00311],[35.899,-5.99767],[35.88303,-5.99934],[35.88054,-5.98404],[35.87175,-5.97844],[35.87247,-5.97782],[35.87258,-5.97213],[35.87459,-5.96967],[35.87464,-5.96825],[35.87684,-5.96726],[35.88241,-5.96789],[35.88785,-5.97097]]]},"properties":{"region":"Dodoma","district":"Dodoma","ward":"Ipala","ward_code":"112"}},{"type":"Feature","geometry":{"type":"Polygon","coordinates":[[[35.99137,-6.05779],[35.98689,-6.07794],[35.98334,-6.08],[35.95746,-6.08058],[35.95996,-6.09461],[35.95981,-6.10088],[35.94855,-6.10034],[35.9366,-6.09701],[35.92876,-6.10099],[35.91892,-6.10121],[35.92129,-6.10589],[35.92142,-6.11176],[35.90323,-6.11245],[35.90347,-6.11061],[35.88855,-6.11531],[35.87587,-6.11801],[35.87903,-6.11381],[35.8933,-6.08798],[35.90446,-6.07134],[35.92048,-6.05987],[35.92122,-6.06321],[35.92574,-6.06354],[35.93514,-6.06618],[35.94094,-6.06553],[35.95072,-6.06735],[35.95519,-6.05226],[35.96168,-6.04437],[35.97453,-6.02228],[35.97818,-6.019],[35.99187,-6.02193],[35.99494,-6.02354],[36.00176,-6.0364],[36.00396,-6.04389],[36.00262,-6.0495],[35.99959,-6.0508],[35.99137,-6.05779]]]},"properties":{"region":"Dodoma","district":"Dodoma","ward":"Chahwa","ward_code":"352"}},{"type":"Feature","geometry":{"type":"Polygon","coordinates":[[[36.13159,-5.92538],[36.13783,-5.93661],[36.13747,-5.94486],[36.07071,-5.95148],[36.04049,-5.94864],[36.03092,-5.94993],[36.02201,-5.95625],[36.01892,-5.96047],[36.01781,-5.96946],[36.01321,-5.97248],[36.01062,-5.97548],[36.01319,-5.99136],[36.01307,-5.99855],[36.01081,-6.00243],[36.00537,-6.00294],[35.98968,-5.99902],[35.98131,-5.9928],[35.97283,-5.98895],[35.97054,-5.99088],[35.96675,-5.99073],[35.96534,-5.98989],[35.96414,-5.98666],[35.95701,-5.99027],[35.95346,-5.98707],[35.93965,-5.97904],[35.95011,-5.95788],[35.95143,-5.94579],[35.94877,-5.9449],[35.94778,-5.94304],[35.95085,-5.93718],[35.95038,-5.93005],[35.95284,-5.92516],[35.95465,-5.92461],[35.95856,-5.92548],[35.96583,-5.92433],[35.97146,-5.9157],[35.97418,-5.91405],[35.98525,-5.89175],[35.986,-5.88542],[35.99905,-5.8725],[36.01076,-5.87016],[36.01307,-5.84458],[36.01712,-5.8457],[36.04164,-5.85934],[36.06952,-5.86917],[36.07212,-5.8732],[36.09166,-5.8822],[36.10702,-5.90337],[36.13159,-5.92538]]]},"properties":{"region":"Dodoma","district":"Dodoma","ward":"Hombolo Bwawani","ward_code":"402"}},{"type":"Feature","geometry":{"type":"Polygon","coordinates":[[[35.9818,-6.10081],[35.98316,-6.11491],[35.9885,-6.12054],[35.999,-6.12643],[35.99716,-6.13523],[35.99861,-6.14469],[35.99807,-6.14997],[35.99681,-6.15199],[35.99813,-6.15314],[35.99792,-6.15472],[35.99464,-6.15813],[35.99037,-6.15836],[35.99441,-6.17081],[35.97834,-6.17404],[35.96678,-6.17299],[35.96683,-6.18519],[35.95525,-6.1788],[35.94704,-6.17185],[35.93892,-6.16695],[35.94058,-6.15349],[35.93703,-6.15515],[35.93453,-6.15812],[35.93122,-6.15901],[35.92742,-6.15756],[35.9242,-6.15853],[35.91442,-6.15129],[35.91274,-6.15107],[35.91171,-6.14218],[35.91595,-6.1246],[35.91592,-6.11189],[35.92142,-6.11176],[35.92129,-6.10589],[35.91892,-6.10121],[35.92876,-6.10099],[35.9366,-6.09701],[35.94855,-6.10034],[35.95981,-6.10088],[35.95996,-6.09461],[35.95746,-6.08058],[35.98334,-6.08],[35.98689,-6.07794],[35.9818,-6.10081]]]},"properties":{"region":"Dodoma","district":"Dodoma","ward":"Mtumba","ward_code":"142"}},{"type":"Feature","geometry":{"type":"Polygon","coordinates":[[[35.95422,-6.1781],[35.96683,-6.18519],[35.96678,-6.17299],[35.97834,-6.17404],[35.99441,-6.17081],[35.99004,-6.18051],[35.98898,-6.1859],[35.99966,-6.18709],[36.00162,-6.18845],[36.00308,-6.18647],[36.00538,-6.18669],[36.00737,-6.18528],[36.00921,-6.18209],[36.01137,-6.18196],[36.02724,-6.18557],[36.03549,-6.18381],[36.04048,-6.18631],[36.04247,-6.19733],[36.05549,-6.24032],[36.0535,-6.2432],[36.03321,-6.23707],[36.01294,-6.27004],[36.00876,-6.26885],[36.00224,-6.2711],[35.97973,-6.28904],[35.94901,-6.27502],[35.95039,-6.26772],[35.95451,-6.25999],[35.96343,-6.22713],[35.9502,-6.21865],[35.9383,-6.21854],[35.93888,-6.16684],[35.94704,-6.17185],[35.95422,-6.1781]]]},"properties":{"region":"Dodoma","district":"Dodoma","ward":"Kikombo","ward_code":"152"}},{"type":"Feature","geometry":{"type":"Polygon","coordinates":[[[35.79526,-6.20454],[35.79784,-6.20135],[35.81209,-6.20796],[35.82369,-6.21066],[35.84179,-6.21142],[35.84888,-6.21061],[35.85105,-6.2131],[35.85814,-6.21259],[35.86528,-6.2148],[35.88304,-6.21402],[35.8956,-6.22109],[35.90911,-6.22213],[35.91859,-6.22179],[35.9383,-6.21854],[35.9502,-6.21865],[35.96343,-6.22713],[35.95451,-6.25999],[35.95039,-6.26772],[35.94901,-6.27502],[35.94651,-6.27408],[35.92211,-6.27356],[35.90584,-6.27124],[35.88284,-6.27126],[35.87068,-6.26845],[35.85354,-6.26869],[35.84355,-6.26774],[35.83141,-6.27112],[35.81343,-6.28163],[35.8023,-6.28407],[35.79455,-6.28072],[35.78326,-6.26457],[35.78271,-6.26244],[35.77762,-6.25741],[35.7772,-6.25509],[35.78224,-6.24709],[35.77832,-6.24184],[35.77767,-6.23877],[35.78039,-6.2281],[35.77971,-6.22628],[35.77691,-6.2251],[35.77632,-6.22277],[35.77398,-6.22263],[35.77095,-6.21905],[35.77406,-6.2166],[35.77668,-6.21946],[35.7804,-6.21244],[35.78703,-6.20979],[35.78574,-6.20846],[35.79471,-6.20116],[35.79574,-6.20183],[35.79526,-6.20454]]]},"properties":{"region":"Dodoma","district":"Dodoma","ward":"Nghong'onha","ward_code":"162"}},{"type":"Feature","geometry":{"type":"Polygon","coordinates":[[[35.90347,-6.11061],[35.90323,-6.11245],[35.91592,-6.11189],[35.91595,-6.1246],[35.91171,-6.14218],[35.91274,-6.15107],[35.91442,-6.15129],[35.9242,-6.15853],[35.92742,-6.15756],[35.93122,-6.15901],[35.93453,-6.15812],[35.93703,-6.15515],[35.94058,-6.15349],[35.93873,-6.16765],[35.9383,-6.21854],[35.91859,-6.22179],[35.90911,-6.22213],[35.8956,-6.22109],[35.88304,-6.21402],[35.88109,-6.21113],[35.88138,-6.2057],[35.87665,-6.2042],[35.86961,-6.20385],[35.87001,-6.2021],[35.86472,-6.19614],[35.86629,-6.19244],[35.86835,-6.19193],[35.87056,-6.18778],[35.87097,-6.18337],[35.87334,-6.18262],[35.87412,-6.17857],[35.88033,-6.17389],[35.87327,-6.17349],[35.85936,-6.17674],[35.85287,-6.1743],[35.84639,-6.16896],[35.84958,-6.16402],[35.84745,-6.16048],[35.85221,-6.15208],[35.87587,-6.11801],[35.88855,-6.11531],[35.90347,-6.11061]]]},"properties":{"region":"Dodoma","district":"Dodoma","ward":"Ihumwa","ward_code":"412"}},{"type":"Feature","geometry":{"type":"Polygon","coordinates":[[[35.75689,-6.1723],[35.75453,-6.17473],[35.75538,-6.17532],[35.75241,-6.17935],[35.75239,-6.18167],[35.74674,-6.18125],[35.74769,-6.17352],[35.74547,-6.17375],[35.74356,-6.17033],[35.7573,-6.17059],[35.75689,-6.1723]]]},"properties":{"region":"Dodoma","district":"Dodoma","ward":"Viwandani","ward_code":"012"}},{"type":"Feature","geometry":{"type":"Polygon","coordinates":[[[35.74356,-6.17033],[35.74547,-6.17375],[35.74769,-6.17352],[35.7468,-6.17805],[35.74323,-6.17919],[35.74059,-6.17424],[35.74199,-6.17082],[35.74356,-6.17033]]]},"properties":{"region":"Dodoma","district":"Dodoma","ward":"Uhuru","ward_code":"022"}},{"type":"Feature","geometry":{"type":"Polygon","coordinates":[[[35.7476,-6.15332],[35.74647,-6.1637],[35.74107,-6.17218],[35.73847,-6.17024],[35.73627,-6.17021],[35.73625,-6.1716],[35.73406,-6.1702],[35.73471,-6.16797],[35.73415,-6.16569],[35.73268,-6.16445],[35.73328,-6.16349],[35.72853,-6.1604],[35.73063,-6.1595],[35.73039,-6.15792],[35.73613,-6.15565],[35.74517,-6.15601],[35.74611,-6.15392],[35.7476,-6.15332]]]},"properties":{"region":"Dodoma","district":"Dodoma","ward":"Chamwino","ward_code":"032"}},{"type":"Feature","geometry":{"type":"Polygon","coordinates":[[[35.75689,-6.1619],[35.7573,-6.17059],[35.74234,-6.17067],[35.74647,-6.1637],[35.74761,-6.15327],[35.75334,-6.15003],[35.75345,-6.15604],[35.75689,-6.1619]]]},"properties":{"region":"Dodoma","district":"Dodoma","ward":"Kiwanja cha Ndege","ward_code":"042"}},{"type":"Feature","geometry":{"type":"Polygon","coordinates":[[[35.75831,-6.15896],[35.76364,-6.16133],[35.76356,-6.16331],[35.76831,-6.16309],[35.76816,-6.16659],[35.76878,-6.16774],[35.77245,-6.16838],[35.77239,-6.17075],[35.7635,-6.17479],[35.75239,-6.18167],[35.75303,-6.17796],[35.75538,-6.17532],[35.75453,-6.17473],[35.75728,-6.17146],[35.75689,-6.1619],[35.7544,-6.15826],[35.75831,-6.15896]]]},"properties":{"region":"Dodoma","district":"Dodoma","ward":"Makole","ward_code":"052"}},{"type":"Feature","geometry":{"type":"Polygon","coordinates":[[[35.81658,-6.09709],[35.81101,-6.10282],[35.8094,-6.10295],[35.80729,-6.10862],[35.80378,-6.11285],[35.80351,-6.12004],[35.80041,-6.12089],[35.79747,-6.12434],[35.79394,-6.12344],[35.79028,-6.1278],[35.78438,-6.12641],[35.78082,-6.12723],[35.77486,-6.14025],[35.77436,-6.14739],[35.77037,-6.15105],[35.76908,-6.15352],[35.76745,-6.15348],[35.76603,-6.15092],[35.76196,-6.14823],[35.76201,-6.14663],[35.75914,-6.14428],[35.75334,-6.15003],[35.74761,-6.15327],[35.74633,-6.12255],[35.74817,-6.10286],[35.75019,-6.10321],[35.75557,-6.10065],[35.7665,-6.09781],[35.81658,-6.09709]]]},"properties":{"region":"Dodoma","district":"Dodoma","ward":"Miyuji","ward_code":"062"}},{"type":"Feature","geometry":{"type":"Polygon","coordinates":[[[35.84491,-6.0231],[35.86443,-6.03567],[35.88008,-6.04272],[35.88715,-6.03537],[35.89916,-6.03998],[35.90742,-6.04463],[35.91449,-6.06463],[35.90446,-6.07134],[35.90222,-6.07569],[35.89622,-6.08337],[35.88686,-6.09862],[35.87903,-6.11381],[35.85221,-6.15208],[35.84745,-6.16048],[35.84958,-6.16402],[35.84863,-6.16653],[35.84639,-6.16896],[35.83771,-6.17074],[35.83619,-6.17284],[35.82916,-6.16773],[35.81282,-6.17568],[35.81182,-6.17383],[35.81352,-6.17284],[35.81375,-6.17128],[35.80727,-6.16381],[35.80567,-6.16414],[35.805,-6.16339],[35.8042,-6.16247],[35.8059,-6.16048],[35.80282,-6.15935],[35.80116,-6.15662],[35.81358,-6.14634],[35.81228,-6.14196],[35.81246,-6.13689],[35.80834,-6.13412],[35.80502,-6.12813],[35.79747,-6.12434],[35.80041,-6.12089],[35.80351,-6.12004],[35.80378,-6.11285],[35.80729,-6.10862],[35.8094,-6.10295],[35.81343,-6.10099],[35.81658,-6.09709],[35.80154,-6.09702],[35.79916,-6.08711],[35.79874,-6.06603],[35.79503,-6.06254],[35.79408,-6.05884],[35.80181,-6.04629],[35.80172,-6.04309],[35.80373,-6.04309],[35.8075,-6.03881],[35.80837,-6.03027],[35.81402,-6.02408],[35.81689,-6.02473],[35.84491,-6.0231]]]},"properties":{"region":"Dodoma","district":"Dodoma","ward":"Nzuguni","ward_code":"122"}},{"type":"Feature","geometry":{"type":"Polygon","coordinates":[[[35.8042,-6.16247],[35.80567,-6.16414],[35.80727,-6.16381],[35.81375,-6.17128],[35.81352,-6.17284],[35.81182,-6.17383],[35.81282,-6.17568],[35.82988,-6.16759],[35.83218,-6.17014],[35.83093,-6.17148],[35.82631,-6.18352],[35.82054,-6.18861],[35.81202,-6.19271],[35.81161,-6.19612],[35.80645,-6.19658],[35.80167,-6.19826],[35.79527,-6.20454],[35.79574,-6.20183],[35.79427,-6.20142],[35.78574,-6.20846],[35.78703,-6.20979],[35.7804,-6.21244],[35.77668,-6.21946],[35.77017,-6.21235],[35.76793,-6.20695],[35.76486,-6.20803],[35.76301,-6.20743],[35.7676,-6.20216],[35.77003,-6.19775],[35.77376,-6.19611],[35.77378,-6.18973],[35.77212,-6.18569],[35.77245,-6.18349],[35.77541,-6.1787],[35.77615,-6.16928],[35.78446,-6.16606],[35.80116,-6.15662],[35.80282,-6.15935],[35.8059,-6.16048],[35.8042,-6.16247]]]},"properties":{"region":"Dodoma","district":"Dodoma","ward":"Dodoma Makulu","ward_code":"132"}},{"type":"Feature","geometry":{"type":"Polygon","coordinates":[[[35.77615,-6.16928],[35.77541,-6.1787],[35.77245,-6.18349],[35.77212,-6.18569],[35.77378,-6.18973],[35.77376,-6.19611],[35.75447,-6.20266],[35.75445,-6.20066],[35.75147,-6.19682],[35.75076,-6.19327],[35.74795,-6.19282],[35.74932,-6.18441],[35.74626,-6.1838],[35.74674,-6.18125],[35.75239,-6.18167],[35.7635,-6.17479],[35.77615,-6.16928]]]},"properties":{"region":"Dodoma","district":"Dodoma","ward":"Tambukareli","ward_code":"182"}},{"type":"Feature","geometry":{"type":"Polygon","coordinates":[[[35.74856,-6.20981],[35.74232,-6.21005],[35.73826,-6.20522],[35.7374,-6.20172],[35.73814,-6.1954],[35.73965,-6.19313],[35.73789,-6.19129],[35.74117,-6.18903],[35.74218,-6.18279],[35.74932,-6.18441],[35.74795,-6.19282],[35.75076,-6.19327],[35.75147,-6.19682],[35.75445,-6.20066],[35.75518,-6.20601],[35.74856,-6.20981]]]},"properties":{"region":"Dodoma","district":"Dodoma","ward":"Kilimani","ward_code":"192"}},{"type":"Feature","geometry":{"type":"Polygon","coordinates":[[[35.7374,-6.20172],[35.73826,-6.20522],[35.74232,-6.21005],[35.74525,-6.21202],[35.74521,-6.21595],[35.73898,-6.22343],[35.73704,-6.22358],[35.73653,-6.22239],[35.73179,-6.22147],[35.72826,-6.21455],[35.72067,-6.2123],[35.72741,-6.20298],[35.73305,-6.20089],[35.7349,-6.19892],[35.73543,-6.19684],[35.73456,-6.19586],[35.73789,-6.19129],[35.73965,-6.19313],[35.73814,-6.1954],[35.7374,-6.20172]]]},"properties":{"region":"Dodoma","district":"Dodoma","ward":"Kikuyu Kusini","ward_code":"202"}},{"type":"Feature","geometry":{"type":"Polygon","coordinates":[[[35.74196,-6.18451],[35.74117,-6.18903],[35.73697,-6.19195],[35.73456,-6.19586],[35.73543,-6.19684],[35.73472,-6.19914],[35.73305,-6.20089],[35.72741,-6.20298],[35.72491,-6.20641],[35.72132,-6.20514],[35.71958,-6.19991],[35.71858,-6.19929],[35.71457,-6.20175],[35.70288,-6.1998],[35.70303,-6.19689],[35.7021,-6.19496],[35.70088,-6.19519],[35.70093,-6.19597],[35.69683,-6.19438],[35.70339,-6.19245],[35.71111,-6.19279],[35.71929,-6.19019],[35.7188,-6.18889],[35.73241,-6.18804],[35.74196,-6.18451]]]},"properties":{"region":"Dodoma","district":"Dodoma","ward":"Kikuyu Kaskazini","ward_code":"212"}},{"type":"Feature","geometry":{"type":"Polygon","coordinates":[[[35.67617,-6.17248],[35.68677,-6.17631],[35.69264,-6.17639],[35.69824,-6.17513],[35.70053,-6.18404],[35.70441,-6.19242],[35.69683,-6.19438],[35.70093,-6.19597],[35.70088,-6.19519],[35.7021,-6.19496],[35.70303,-6.19689],[35.70288,-6.1998],[35.71457,-6.20175],[35.71858,-6.19929],[35.71958,-6.19991],[35.72132,-6.20514],[35.72491,-6.20641],[35.72067,-6.2123],[35.72826,-6.21455],[35.73179,-6.22147],[35.73088,-6.22257],[35.73077,-6.2268],[35.73258,-6.23347],[35.73086,-6.23978],[35.73976,-6.25163],[35.74035,-6.25476],[35.73831,-6.26124],[35.73937,-6.27486],[35.73877,-6.2787],[35.73285,-6.27781],[35.72389,-6.27804],[35.72013,-6.28138],[35.70234,-6.28463],[35.69815,-6.27316],[35.6978,-6.26572],[35.70532,-6.26851],[35.70651,-6.26536],[35.70784,-6.26453],[35.69775,-6.25201],[35.66997,-6.24793],[35.66404,-6.24539],[35.66187,-6.24181],[35.65538,-6.23763],[35.65451,-6.23361],[35.65312,-6.23509],[35.65191,-6.23279],[35.64785,-6.22997],[35.64353,-6.2205],[35.628,-6.22203],[35.6257,-6.21767],[35.62765,-6.21039],[35.63212,-6.20396],[35.6351,-6.19755],[35.63388,-6.19248],[35.63209,-6.19145],[35.62772,-6.17518],[35.634,-6.17596],[35.65019,-6.17294],[35.65962,-6.17496],[35.67248,-6.1724],[35.67617,-6.17248]]]},"properties":{"region":"Dodoma","district":"Dodoma","ward":"Mkonze","ward_code":"222"}},{"type":"Feature","geometry":{"type":"Polygon","coordinates":[[[35.7329,-6.17358],[35.7397,-6.18178],[35.74218,-6.18279],[35.74196,-6.18451],[35.73241,-6.18804],[35.7188,-6.18889],[35.71929,-6.19019],[35.71557,-6.19159],[35.70539,-6.19314],[35.70053,-6.18404],[35.69824,-6.17513],[35.7048,-6.17319],[35.71088,-6.16794],[35.71688,-6.1668],[35.7329,-6.17358]]]},"properties":{"region":"Dodoma","district":"Dodoma","ward":"Hazina","ward_code":"252"}},{"type":"Feature","geometry":{"type":"Polygon","coordinates":[[[35.7468,-6.17805],[35.74632,-6.18347],[35.74123,-6.18261],[35.73887,-6.18085],[35.74281,-6.17828],[35.74323,-6.17919],[35.7468,-6.17805]]]},"properties":{"region":"Dodoma","district":"Dodoma","ward":"Madukani","ward_code":"262"}},{"type":"Feature","geometry":{"type":"Polygon","coordinates":[[[35.73591,-6.1713],[35.73627,-6.17021],[35.73847,-6.17024],[35.74137,-6.1725],[35.74064,-6.17476],[35.74281,-6.17828],[35.73887,-6.18085],[35.73276,-6.17351],[35.73406,-6.1702],[35.73591,-6.1713]]]},"properties":{"region":"Dodoma","district":"Dodoma","ward":"Majengo","ward_code":"272"}},{"type":"Feature","geometry":{"type":"Polygon","coordinates":[[[35.71136,-6.15766],[35.7189,-6.1641],[35.72374,-6.15464],[35.72853,-6.1604],[35.73328,-6.16349],[35.73268,-6.16445],[35.73415,-6.16569],[35.73471,-6.16797],[35.73308,-6.17315],[35.71961,-6.16749],[35.7155,-6.16672],[35.71088,-6.16794],[35.70622,-6.17233],[35.7031,-6.17395],[35.69264,-6.17639],[35.68677,-6.17631],[35.67617,-6.17248],[35.67248,-6.1724],[35.6666,-6.12093],[35.70123,-6.14666],[35.70675,-6.15163],[35.71136,-6.15766]]]},"properties":{"region":"Dodoma","district":"Dodoma","ward":"Kizota","ward_code":"282"}},{"type":"Feature","geometry":{"type":"Polygon","coordinates":[[[35.76301,-6.20743],[35.76793,-6.20695],[35.77017,-6.21235],[35.77406,-6.2166],[35.77146,-6.21832],[35.77143,-6.22006],[35.77398,-6.22263],[35.77632,-6.22277],[35.77691,-6.2251],[35.77971,-6.22628],[35.78034,-6.22861],[35.77767,-6.23877],[35.77832,-6.24184],[35.78224,-6.24709],[35.7772,-6.25509],[35.77733,-6.25625],[35.77794,-6.25795],[35.78271,-6.26244],[35.78326,-6.26457],[35.78959,-6.2729],[35.76421,-6.27553],[35.75803,-6.27486],[35.75563,-6.27602],[35.74816,-6.27363],[35.74643,-6.27441],[35.74523,-6.27696],[35.73884,-6.27865],[35.73937,-6.27486],[35.73831,-6.26124],[35.74035,-6.25476],[35.73871,-6.24929],[35.73411,-6.24505],[35.73086,-6.23978],[35.73258,-6.23347],[35.73077,-6.2268],[35.73088,-6.22257],[35.73283,-6.22111],[35.73653,-6.22239],[35.73704,-6.22358],[35.73898,-6.22343],[35.74521,-6.21595],[35.74525,-6.21202],[35.74232,-6.21005],[35.74985,-6.20958],[35.7499,-6.2086],[35.75237,-6.20813],[35.75518,-6.20601],[35.75447,-6.20266],[35.77091,-6.19711],[35.76301,-6.20743]]]},"properties":{"region":"Dodoma","district":"Dodoma","ward":"Ntyuka","ward_code":"312"}},{"type":"Feature","geometry":{"type":"Polygon","coordinates":[[[35.73471,-6.13277],[35.74031,-6.14577],[35.74306,-6.14622],[35.74307,-6.15031],[35.741,-6.15557],[35.73613,-6.15565],[35.73236,-6.15691],[35.73039,-6.15792],[35.73063,-6.1595],[35.72881,-6.16017],[35.72374,-6.15464],[35.72527,-6.15255],[35.73052,-6.1491],[35.7261,-6.13817],[35.72696,-6.13503],[35.72853,-6.13716],[35.7299,-6.13454],[35.72889,-6.13381],[35.73157,-6.13046],[35.73471,-6.13277]]]},"properties":{"region":"Dodoma","district":"Dodoma","ward":"Chang'ombe","ward_code":"332"}},{"type":"Feature","geometry":{"type":"Polygon","coordinates":[[[35.84639,-6.16896],[35.85472,-6.17532],[35.85936,-6.17674],[35.87327,-6.17349],[35.88033,-6.17389],[35.87412,-6.17857],[35.87334,-6.18262],[35.87097,-6.18337],[35.87056,-6.18778],[35.86835,-6.19193],[35.86629,-6.19244],[35.86472,-6.19614],[35.87001,-6.2021],[35.86961,-6.20385],[35.87665,-6.2042],[35.88138,-6.2057],[35.88109,-6.21113],[35.88304,-6.21402],[35.86528,-6.2148],[35.85814,-6.21259],[35.85105,-6.2131],[35.84888,-6.21061],[35.84179,-6.21142],[35.82369,-6.21066],[35.81209,-6.20796],[35.79784,-6.20135],[35.80167,-6.19826],[35.80645,-6.19658],[35.81161,-6.19612],[35.81202,-6.19271],[35.82054,-6.18861],[35.82631,-6.18352],[35.83093,-6.17148],[35.83218,-6.17014],[35.83619,-6.17284],[35.83917,-6.17011],[35.84639,-6.16896]]]},"properties":{"region":"Dodoma","district":"Dodoma","ward":"Iyumbu","ward_code":"342"}},{"type":"Feature","geometry":{"type":"Polygon","coordinates":[[[35.70079,-6.06969],[35.70187,-6.11179],[35.71411,-6.11174],[35.71425,-6.10596],[35.72676,-6.10233],[35.72742,-6.10309],[35.74445,-6.10491],[35.74817,-6.10286],[35.74633,-6.12255],[35.7476,-6.15332],[35.74611,-6.15392],[35.74517,-6.15601],[35.741,-6.15557],[35.74307,-6.15031],[35.74306,-6.14622],[35.74031,-6.14577],[35.73471,-6.13277],[35.73097,-6.12993],[35.70993,-6.12948],[35.70846,-6.13076],[35.70344,-6.12645],[35.69782,-6.12538],[35.68814,-6.12542],[35.68713,-6.1255],[35.68671,-6.12698],[35.68429,-6.12731],[35.6842,-6.13022],[35.68235,-6.13263],[35.6666,-6.12093],[35.66441,-6.1037],[35.66786,-6.10243],[35.67157,-6.09692],[35.67552,-6.08625],[35.67634,-6.07914],[35.68055,-6.07169],[35.68828,-6.07274],[35.68892,-6.07184],[35.70079,-6.06969]]]},"properties":{"region":"Dodoma","district":"Dodoma","ward":"Mnadani","ward_code":"362"}},{"type":"Feature","geometry":{"type":"Polygon","coordinates":[[[35.79394,-6.12344],[35.80502,-6.12813],[35.80834,-6.13412],[35.81246,-6.13689],[35.81228,-6.14196],[35.81358,-6.14634],[35.80044,-6.1572],[35.78446,-6.16606],[35.77239,-6.17075],[35.77245,-6.16838],[35.76878,-6.16774],[35.76816,-6.16659],[35.76831,-6.16309],[35.76356,-6.16331],[35.76364,-6.16133],[35.7544,-6.15826],[35.75317,-6.15466],[35.75334,-6.15003],[35.75914,-6.14428],[35.76201,-6.14663],[35.76196,-6.14823],[35.76603,-6.15092],[35.76745,-6.15348],[35.76908,-6.15352],[35.77037,-6.15105],[35.77436,-6.14739],[35.77486,-6.14025],[35.78082,-6.12723],[35.78438,-6.12641],[35.79028,-6.1278],[35.79394,-6.12344]]]},"properties":{"region":"Dodoma","district":"Dodoma","ward":"Ipagala","ward_code":"372"}},{"type":"Feature","geometry":{"type":"Polygon","coordinates":[[[35.68713,-6.1255],[35.70344,-6.12645],[35.70846,-6.13076],[35.70993,-6.12948],[35.73029,-6.12971],[35.73157,-6.13046],[35.72889,-6.13381],[35.7299,-6.13454],[35.72853,-6.13716],[35.72696,-6.13503],[35.7261,-6.13817],[35.73052,-6.1491],[35.72527,-6.15255],[35.72145,-6.15789],[35.72071,-6.16138],[35.7189,-6.1641],[35.71136,-6.15766],[35.7028,-6.14798],[35.68235,-6.13263],[35.6842,-6.13022],[35.68429,-6.12731],[35.68671,-6.12698],[35.68713,-6.1255]]]},"properties":{"region":"Dodoma","district":"Dodoma","ward":"Nkuhungu","ward_code":"382"}},{"type":"Feature","geometry":{"type":"Polygon","coordinates":[[[35.72627,-6.36577],[35.73142,-6.37225],[35.73797,-6.37191],[35.74108,-6.37299],[35.75131,-6.37141],[35.75312,-6.36994],[35.76125,-6.36833],[35.77245,-6.36819],[35.77731,-6.36641],[35.79071,-6.36508],[35.79386,-6.37144],[35.80422,-6.38387],[35.81005,-6.39457],[35.80745,-6.41573],[35.804,-6.43107],[35.80755,-6.4632],[35.75225,-6.44701],[35.71975,-6.44267],[35.72458,-6.4188],[35.72443,-6.41167],[35.71395,-6.38239],[35.71301,-6.37029],[35.7143,-6.36081],[35.71549,-6.36299],[35.71755,-6.36424],[35.72627,-6.36577]]]},"properties":{"region":"Dodoma","district":"Dodoma","ward":"Mpunguzi","ward_code":"172"}},{"type":"Feature","geometry":{"type":"Polygon","coordinates":[[[35.64259,-6.24661],[35.66968,-6.24789],[35.69775,-6.25201],[35.70784,-6.26453],[35.70651,-6.26536],[35.70532,-6.26851],[35.6978,-6.26572],[35.69815,-6.27316],[35.70234,-6.28463],[35.70345,-6.2925],[35.70214,-6.31325],[35.69977,-6.31916],[35.70016,-6.32907],[35.69533,-6.34119],[35.6879,-6.33312],[35.67127,-6.32568],[35.66527,-6.32801],[35.65641,-6.335],[35.61796,-6.34364],[35.6093,-6.34333],[35.59633,-6.33575],[35.58134,-6.33295],[35.57452,-6.32937],[35.5696,-6.32812],[35.55919,-6.32238],[35.55778,-6.32332],[35.54701,-6.31757],[35.538,-6.31092],[35.53131,-6.30808],[35.53255,-6.30025],[35.53303,-6.28198],[35.54113,-6.28102],[35.54774,-6.27677],[35.55398,-6.27502],[35.55943,-6.27018],[35.57742,-6.25912],[35.59513,-6.25611],[35.60938,-6.24968],[35.62421,-6.24857],[35.62886,-6.24924],[35.64259,-6.24661]]]},"properties":{"region":"Dodoma","district":"Dodoma","ward":"Mbabala","ward_code":"232"}},{"type":"Feature","geometry":{"type":"MultiPolygon","coordinates":[[[[35.67057,-6.24799],[35.67445,-6.24839],[35.67343,-6.24832],[35.67057,-6.24799]]],[[[35.60681,-6.1391],[35.61459,-6.14186],[35.64189,-6.14029],[35.64381,-6.14382],[35.65222,-6.14822],[35.6579,-6.14915],[35.66777,-6.14871],[35.67009,-6.14977],[35.67248,-6.1724],[35.65962,-6.17496],[35.65019,-6.17294],[35.634,-6.17596],[35.62772,-6.17518],[35.63209,-6.19145],[35.63388,-6.19248],[35.6351,-6.19755],[35.63212,-6.20396],[35.62765,-6.21039],[35.6257,-6.21767],[35.628,-6.22203],[35.64353,-6.2205],[35.64785,-6.22997],[35.65191,-6.23279],[35.65312,-6.23509],[35.65451,-6.23361],[35.65538,-6.23763],[35.66187,-6.24181],[35.66404,-6.24539],[35.66997,-6.24793],[35.64259,-6.24661],[35.62886,-6.24924],[35.62421,-6.24857],[35.60938,-6.24968],[35.59513,-6.25611],[35.57742,-6.25912],[35.55943,-6.27018],[35.55398,-6.27502],[35.54774,-6.27677],[35.54945,-6.27389],[35.5504,-6.26342],[35.55849,-6.24556],[35.55872,-6.23548],[35.56206,-6.20869],[35.56068,-6.19663],[35.55564,-6.18252],[35.55587,-6.16448],[35.55492,-6.16091],[35.55611,-6.15781],[35.55915,-6.15278],[35.56072,-6.15293],[35.56727,-6.15757],[35.57269,-6.15979],[35.57557,-6.15913],[35.58045,-6.16167],[35.59121,-6.16118],[35.59841,-6.16212],[35.60449,-6.1447],[35.60443,-6.1391],[35.60681,-6.1391]]]]},"properties":{"region":"Dodoma","district":"Dodoma","ward":"Zuzu","ward_code":"242"}},{"type":"Feature","geometry":{"type":"Polygon","coordinates":[[[35.67634,-6.07914],[35.67552,-6.08625],[35.67157,-6.09692],[35.66786,-6.10243],[35.66441,-6.1037],[35.67009,-6.14977],[35.66777,-6.14871],[35.6579,-6.14915],[35.65222,-6.14822],[35.64381,-6.14382],[35.64189,-6.14029],[35.61459,-6.14186],[35.60681,-6.1391],[35.60443,-6.1391],[35.60449,-6.1447],[35.59841,-6.16212],[35.59121,-6.16118],[35.58045,-6.16167],[35.57557,-6.15913],[35.57269,-6.15979],[35.55915,-6.15278],[35.56016,-6.1483],[35.55921,-6.14354],[35.55754,-6.14068],[35.55278,-6.13354],[35.53713,-6.11635],[35.54297,-6.10851],[35.54253,-6.1032],[35.54696,-6.10059],[35.54905,-6.10085],[35.558,-6.0945],[35.56386,-6.09407],[35.56565,-6.09537],[35.56819,-6.09551],[35.57012,-6.09345],[35.57595,-6.09079],[35.57947,-6.08624],[35.57504,-6.08045],[35.57895,-6.07611],[35.58065,-6.07049],[35.58327,-6.06598],[35.59403,-6.07362],[35.60585,-6.0839],[35.61987,-6.074],[35.64824,-6.06828],[35.65985,-6.06506],[35.68367,-6.06327],[35.68011,-6.07305],[35.67634,-6.07914]]]},"properties":{"region":"Dodoma","district":"Dodoma","ward":"Nala","ward_code":"292"}},{"type":"Feature","geometry":{"type":"Polygon","coordinates":[[[35.60123,-5.96205],[35.63249,-5.96508],[35.64449,-5.96737],[35.66126,-5.99447],[35.67776,-6.00423],[35.70528,-6.01452],[35.71093,-6.01994],[35.71344,-6.03405],[35.71373,-6.0562],[35.70031,-6.0648],[35.70049,-6.0698],[35.68892,-6.07184],[35.68828,-6.07274],[35.68408,-6.07248],[35.68055,-6.07169],[35.68367,-6.06327],[35.65985,-6.06506],[35.64824,-6.06828],[35.61987,-6.074],[35.60585,-6.0839],[35.59403,-6.07362],[35.58327,-6.06598],[35.58845,-6.06197],[35.59402,-6.05259],[35.59712,-6.03626],[35.58578,-6.0178],[35.58497,-6.01261],[35.5735,-6.01977],[35.56991,-6.02103],[35.56884,-6.02063],[35.5693,-6.01936],[35.57138,-6.01729],[35.56928,-6.01298],[35.57996,-5.98495],[35.58252,-5.98144],[35.5871,-5.97828],[35.58666,-5.9743],[35.58817,-5.97104],[35.59136,-5.97039],[35.59642,-5.96504],[35.60123,-5.96205]]]},"properties":{"region":"Dodoma","district":"Dodoma","ward":"Mbalawala","ward_code":"302"}},{"type":"Feature","geometry":{"type":"Polygon","coordinates":[[[35.54859,-5.98583],[35.5735,-6.00248],[35.56928,-6.01298],[35.57138,-6.01729],[35.56884,-6.02063],[35.5735,-6.01977],[35.58497,-6.01261],[35.58578,-6.0178],[35.59712,-6.03626],[35.59402,-6.05259],[35.58845,-6.06197],[35.58327,-6.06598],[35.58065,-6.07049],[35.57895,-6.07611],[35.57504,-6.08045],[35.57947,-6.08624],[35.57595,-6.09079],[35.57012,-6.09345],[35.56819,-6.09551],[35.56565,-6.09537],[35.56386,-6.09407],[35.558,-6.0945],[35.54905,-6.10085],[35.54696,-6.10059],[35.54253,-6.1032],[35.54297,-6.10851],[35.53713,-6.11635],[35.52652,-6.10319],[35.514,-6.10047],[35.50519,-6.09381],[35.49814,-6.08646],[35.49091,-6.0658],[35.48962,-6.05188],[35.47594,-6.03269],[35.47916,-6.02811],[35.47912,-6.02473],[35.4805,-6.02225],[35.481,-6.00929],[35.48887,-6.00037],[35.49689,-5.99513],[35.50729,-5.99251],[35.51211,-5.98919],[35.54501,-5.9855],[35.54859,-5.98583]]]},"properties":{"region":"Dodoma","district":"Dodoma","ward":"Chigongwe","ward_code":"322"}},{"type":"Feature","geometry":{"type":"Polygon","coordinates":[[[35.78959,-6.2729],[35.79455,-6.28072],[35.8023,-6.28407],[35.80261,-6.2986],[35.80191,-6.30866],[35.79754,-6.32986],[35.78685,-6.35144],[35.78824,-6.35886],[35.79071,-6.36508],[35.77731,-6.36641],[35.77245,-6.36819],[35.76125,-6.36833],[35.74393,-6.37269],[35.73142,-6.37225],[35.72627,-6.36577],[35.71755,-6.36424],[35.71549,-6.36299],[35.7143,-6.36081],[35.7091,-6.35658],[35.69533,-6.34119],[35.70016,-6.32907],[35.69977,-6.31916],[35.70214,-6.31325],[35.70345,-6.2925],[35.70234,-6.28463],[35.72013,-6.28138],[35.72389,-6.27804],[35.73285,-6.27781],[35.73877,-6.2787],[35.74523,-6.27696],[35.74643,-6.27441],[35.74816,-6.27363],[35.75563,-6.27602],[35.75803,-6.27486],[35.76421,-6.27553],[35.78959,-6.2729]]]},"properties":{"region":"Dodoma","district":"Dodoma","ward":"Matumbulu","ward_code":"392"}},{"type":"Feature","geometry":{"type":"Polygon","coordinates":[[[35.55766,-6.32327],[35.55919,-6.32238],[35.5696,-6.32812],[35.57452,-6.32937],[35.58134,-6.33295],[35.59633,-6.33575],[35.6093,-6.34333],[35.61796,-6.34364],[35.61717,-6.34443],[35.61789,-6.34607],[35.61693,-6.3489],[35.61791,-6.35059],[35.61535,-6.35363],[35.61548,-6.35602],[35.61453,-6.35629],[35.61478,-6.36015],[35.61678,-6.36309],[35.61708,-6.36549],[35.61485,-6.36755],[35.61121,-6.37523],[35.61228,-6.37668],[35.61091,-6.37885],[35.61423,-6.3826],[35.61294,-6.38536],[35.61381,-6.38556],[35.61361,-6.38761],[35.61535,-6.38982],[35.61441,-6.39156],[35.61512,-6.39213],[35.61448,-6.39794],[35.6131,-6.40094],[35.59972,-6.40861],[35.58135,-6.41607],[35.57474,-6.42041],[35.56752,-6.42908],[35.56288,-6.43207],[35.56018,-6.454],[35.54628,-6.44747],[35.51911,-6.44657],[35.50047,-6.4559],[35.4836,-6.46229],[35.4751,-6.46374],[35.46407,-6.46129],[35.45189,-6.46666],[35.44886,-6.46645],[35.44476,-6.44517],[35.4449,-6.44375],[35.45017,-6.4367],[35.44842,-6.43056],[35.44731,-6.42952],[35.45076,-6.42751],[35.45316,-6.42438],[35.48712,-6.42107],[35.48862,-6.40723],[35.47989,-6.39527],[35.49065,-6.38732],[35.53156,-6.38227],[35.52705,-6.36963],[35.52101,-6.36588],[35.52019,-6.35908],[35.52053,-6.35615],[35.52324,-6.35152],[35.52209,-6.34715],[35.5237,-6.34361],[35.52299,-6.34046],[35.52185,-6.33986],[35.52145,-6.33772],[35.5224,-6.33617],[35.52021,-6.333],[35.52036,-6.33063],[35.52156,-6.32838],[35.52559,-6.32763],[35.52763,-6.32572],[35.52785,-6.32124],[35.53018,-6.31721],[35.53125,-6.30808],[35.538,-6.31092],[35.54701,-6.31757],[35.55766,-6.32327]]]},"properties":{"region":"Dodoma","district":"Bahi","ward":"Ibugule","ward_code":"171"}},{"type":"Feature","geometry":{"type":"Polygon","coordinates":[[[35.6879,-6.33312],[35.7115,-6.35904],[35.7143,-6.36081],[35.71301,-6.37029],[35.71395,-6.38239],[35.72443,-6.41167],[35.72458,-6.4188],[35.71981,-6.44261],[35.70433,-6.45818],[35.69985,-6.47181],[35.6627,-6.4692],[35.65265,-6.46974],[35.63384,-6.47449],[35.644,-6.41232],[35.63032,-6.39835],[35.62893,-6.39031],[35.62001,-6.39012],[35.61441,-6.39156],[35.61535,-6.38982],[35.61361,-6.38761],[35.61381,-6.38556],[35.61294,-6.38536],[35.61423,-6.3826],[35.61091,-6.37885],[35.61228,-6.37668],[35.6112,-6.37559],[35.61219,-6.37201],[35.61708,-6.36549],[35.61678,-6.36309],[35.61478,-6.36015],[35.61453,-6.35629],[35.61548,-6.35602],[35.61535,-6.35363],[35.61791,-6.35059],[35.61693,-6.3489],[35.61789,-6.34607],[35.61726,-6.34401],[35.65641,-6.335],[35.66527,-6.32801],[35.67127,-6.32568],[35.6879,-6.33312]]]},"properties":{"region":"Dodoma","district":"Bahi","ward":"Chibelela","ward_code":"181"}},{"type":"Feature","geometry":{"type":"Polygon","coordinates":[[[35.69985,-6.47181],[35.70902,-6.54815],[35.70875,-6.55202],[35.72008,-6.60123],[35.71796,-6.61895],[35.71988,-6.63195],[35.72471,-6.64677],[35.73369,-6.66716],[35.72519,-6.68366],[35.72586,-6.68514],[35.73095,-6.68902],[35.7239,-6.71362],[35.66142,-6.67853],[35.65957,-6.66264],[35.65812,-6.63361],[35.66004,-6.60817],[35.66318,-6.58656],[35.66275,-6.5762],[35.64992,-6.56643],[35.64181,-6.56543],[35.60032,-6.54001],[35.58722,-6.54355],[35.58655,-6.54289],[35.57595,-6.53182],[35.57626,-6.52424],[35.57528,-6.52005],[35.57613,-6.5131],[35.57388,-6.49987],[35.56679,-6.48098],[35.63342,-6.47459],[35.65265,-6.46974],[35.67442,-6.4695],[35.69985,-6.47181]]]},"properties":{"region":"Dodoma","district":"Bahi","ward":"Mwitikira","ward_code":"191"}},{"type":"Feature","geometry":{"type":"Polygon","coordinates":[[[35.62071,-6.39012],[35.62893,-6.39031],[35.63032,-6.39835],[35.644,-6.41232],[35.63384,-6.47449],[35.56679,-6.48098],[35.57388,-6.49987],[35.57613,-6.5131],[35.57528,-6.52005],[35.57626,-6.52424],[35.57595,-6.53182],[35.57411,-6.5297],[35.56236,-6.52314],[35.55109,-6.52528],[35.54436,-6.52497],[35.54274,-6.52592],[35.53813,-6.52595],[35.5311,-6.52335],[35.52564,-6.52415],[35.52266,-6.52158],[35.51876,-6.5208],[35.51536,-6.5216],[35.50546,-6.52709],[35.49527,-6.52685],[35.49291,-6.52787],[35.48825,-6.53314],[35.47918,-6.5347],[35.47515,-6.53317],[35.47102,-6.53336],[35.46922,-6.53095],[35.46787,-6.53111],[35.46545,-6.52888],[35.46003,-6.52649],[35.45591,-6.5278],[35.44933,-6.52451],[35.4439,-6.51919],[35.43601,-6.51493],[35.43352,-6.51073],[35.42921,-6.51208],[35.4271,-6.51043],[35.42133,-6.5107],[35.41852,-6.50881],[35.41743,-6.51134],[35.41702,-6.50651],[35.41801,-6.50258],[35.42088,-6.49785],[35.42304,-6.49506],[35.43109,-6.49009],[35.43288,-6.48758],[35.44186,-6.48074],[35.44913,-6.4703],[35.44886,-6.46645],[35.45189,-6.46666],[35.46407,-6.46129],[35.4751,-6.46374],[35.4836,-6.46229],[35.50047,-6.4559],[35.51911,-6.44657],[35.54628,-6.44747],[35.56018,-6.454],[35.56288,-6.43207],[35.56752,-6.42908],[35.57474,-6.42041],[35.58135,-6.41607],[35.59972,-6.40861],[35.6131,-6.40094],[35.61448,-6.39794],[35.615,-6.39191],[35.62071,-6.39012]]]},"properties":{"region":"Dodoma","district":"Bahi","ward":"Mtitaa","ward_code":"201"}},{"type":"Feature","geometry":{"type":"Polygon","coordinates":[[[35.4349,-6.08854],[35.42932,-6.09418],[35.42537,-6.09589],[35.4435,-6.10099],[35.46531,-6.10534],[35.46781,-6.10988],[35.47359,-6.10861],[35.47657,-6.11304],[35.4778,-6.11226],[35.48131,-6.11428],[35.48416,-6.11398],[35.48755,-6.11556],[35.48873,-6.11396],[35.49058,-6.11392],[35.49169,-6.11285],[35.49501,-6.11626],[35.4936,-6.11656],[35.48523,-6.12703],[35.48401,-6.13019],[35.48222,-6.13169],[35.48189,-6.13421],[35.48023,-6.13413],[35.47273,-6.13794],[35.45495,-6.15494],[35.45005,-6.16221],[35.45275,-6.16922],[35.47412,-6.20176],[35.48756,-6.21664],[35.485,-6.21821],[35.48029,-6.2192],[35.47475,-6.21841],[35.46001,-6.22223],[35.45,-6.22292],[35.442,-6.22135],[35.43804,-6.21878],[35.40747,-6.21846],[35.40509,-6.21575],[35.39833,-6.21576],[35.38936,-6.21306],[35.38053,-6.20735],[35.37557,-6.20158],[35.36233,-6.18189],[35.35431,-6.17242],[35.29169,-6.1781],[35.2525,-6.18378],[35.22457,-6.18506],[35.22174,-6.18393],[35.21497,-6.18356],[35.16843,-6.18434],[35.16825,-6.18325],[35.18131,-6.15937],[35.19293,-6.13997],[35.20617,-6.10369],[35.2067,-6.09359],[35.24609,-6.09253],[35.2518,-6.09394],[35.27469,-6.09308],[35.30353,-6.09338],[35.33569,-6.09167],[35.35185,-6.08765],[35.35776,-6.08277],[35.36811,-6.0788],[35.37362,-6.07704],[35.38208,-6.07593],[35.38892,-6.07251],[35.41248,-6.06561],[35.42188,-6.06152],[35.4256,-6.06163],[35.43249,-6.06565],[35.43408,-6.06848],[35.43335,-6.08275],[35.4349,-6.08854]]]},"properties":{"region":"Dodoma","district":"Bahi","ward":"Chikola","ward_code":"121"}},{"type":"Feature","geometry":{"type":"Polygon","coordinates":[[[35.38936,-6.21306],[35.39833,-6.21576],[35.40509,-6.21575],[35.40747,-6.21846],[35.43613,-6.2189],[35.43649,-6.22761],[35.43287,-6.24575],[35.43143,-6.24905],[35.43106,-6.25577],[35.42941,-6.25782],[35.4293,-6.26131],[35.43311,-6.26441],[35.43791,-6.26486],[35.43964,-6.26975],[35.44045,-6.27757],[35.43727,-6.27995],[35.43532,-6.2832],[35.43613,-6.2899],[35.45087,-6.30411],[35.46639,-6.32642],[35.46026,-6.33085],[35.44575,-6.33813],[35.44186,-6.34884],[35.43588,-6.35481],[35.43252,-6.35449],[35.42737,-6.35218],[35.4234,-6.35224],[35.41598,-6.35056],[35.41103,-6.34823],[35.40865,-6.34953],[35.40643,-6.3492],[35.40256,-6.35181],[35.39996,-6.35136],[35.39618,-6.35042],[35.37739,-6.34146],[35.3659,-6.34058],[35.36379,-6.33677],[35.36367,-6.33165],[35.35821,-6.32801],[35.35256,-6.32575],[35.34869,-6.32557],[35.3497,-6.32309],[35.34964,-6.31598],[35.34273,-6.30852],[35.3367,-6.29387],[35.32719,-6.28988],[35.31987,-6.28467],[35.3175,-6.28183],[35.31301,-6.28176],[35.31172,-6.27767],[35.28668,-6.27936],[35.2836,-6.26765],[35.28171,-6.26532],[35.28267,-6.26106],[35.27962,-6.25279],[35.28002,-6.24583],[35.28116,-6.24378],[35.27582,-6.23779],[35.27614,-6.23387],[35.27298,-6.21931],[35.27257,-6.18095],[35.31671,-6.17548],[35.35431,-6.17242],[35.36233,-6.18189],[35.37557,-6.20158],[35.38053,-6.20735],[35.38936,-6.21306]]]},"properties":{"region":"Dodoma","district":"Bahi","ward":"Chipanga","ward_code":"131"}},{"type":"Feature","geometry":{"type":"Polygon","coordinates":[[[35.27257,-6.18103],[35.27298,-6.21931],[35.27614,-6.23387],[35.27582,-6.23779],[35.28116,-6.24378],[35.28002,-6.24583],[35.27962,-6.25279],[35.28267,-6.26106],[35.28171,-6.26532],[35.2836,-6.26765],[35.28668,-6.27936],[35.31172,-6.27767],[35.31301,-6.28176],[35.3175,-6.28183],[35.31987,-6.28467],[35.32719,-6.28988],[35.3367,-6.29387],[35.34273,-6.30852],[35.34964,-6.31598],[35.3497,-6.32309],[35.34625,-6.33156],[35.3466,-6.34384],[35.34068,-6.35668],[35.33909,-6.36221],[35.33085,-6.36207],[35.32818,-6.36419],[35.32262,-6.3665],[35.31477,-6.36804],[35.25423,-6.34813],[35.23784,-6.34477],[35.23357,-6.31423],[35.22504,-6.30521],[35.22677,-6.30202],[35.22697,-6.29883],[35.22425,-6.29547],[35.22604,-6.29274],[35.22386,-6.29007],[35.2261,-6.2889],[35.22686,-6.28723],[35.22195,-6.28382],[35.21689,-6.28349],[35.21478,-6.28176],[35.21067,-6.27423],[35.20665,-6.2729],[35.20732,-6.26634],[35.20646,-6.26328],[35.20804,-6.26053],[35.20869,-6.25851],[35.20803,-6.26001],[35.20539,-6.25041],[35.20113,-6.24706],[35.19468,-6.247],[35.18932,-6.24556],[35.18489,-6.24266],[35.17878,-6.23604],[35.16843,-6.18434],[35.21497,-6.18356],[35.22174,-6.18393],[35.22457,-6.18506],[35.2525,-6.18378],[35.27257,-6.18103]]]},"properties":{"region":"Dodoma","district":"Bahi","ward":"Chali","ward_code":"141"}},{"type":"Feature","geometry":{"type":"Polygon","coordinates":[[[35.39618,-6.35042],[35.40256,-6.35181],[35.40643,-6.3492],[35.40865,-6.34953],[35.41103,-6.34823],[35.41598,-6.35056],[35.4234,-6.35224],[35.42737,-6.35218],[35.43252,-6.35449],[35.43585,-6.35481],[35.42184,-6.38322],[35.4257,-6.3956],[35.43104,-6.40263],[35.43531,-6.40793],[35.44646,-6.4148],[35.44997,-6.41974],[35.45255,-6.42518],[35.45076,-6.42751],[35.4437,-6.43164],[35.37359,-6.45703],[35.32559,-6.47906],[35.27982,-6.50227],[35.27947,-6.50911],[35.27617,-6.51964],[35.23853,-6.52435],[35.22957,-6.52467],[35.22543,-6.52377],[35.22353,-6.5115],[35.21386,-6.49271],[35.20193,-6.47244],[35.20033,-6.46459],[35.20088,-6.46161],[35.20464,-6.45744],[35.20922,-6.45458],[35.23341,-6.44522],[35.23889,-6.44188],[35.24279,-6.43576],[35.2435,-6.4225],[35.24306,-6.39397],[35.24395,-6.38323],[35.24349,-6.38091],[35.24131,-6.37847],[35.24158,-6.3715],[35.23784,-6.34477],[35.25423,-6.34813],[35.31477,-6.36804],[35.31753,-6.36801],[35.32818,-6.36419],[35.33085,-6.36207],[35.33909,-6.36221],[35.34068,-6.35668],[35.3466,-6.34384],[35.34625,-6.33156],[35.34869,-6.32557],[35.35256,-6.32575],[35.35821,-6.32801],[35.36367,-6.33165],[35.36379,-6.33677],[35.3659,-6.34058],[35.37739,-6.34146],[35.39618,-6.35042]]]},"properties":{"region":"Dodoma","district":"Bahi","ward":"Nondwa","ward_code":"151"}},{"type":"Feature","geometry":{"type":"Polygon","coordinates":[[[35.48756,-6.21664],[35.5005,-6.22758],[35.5035,-6.2282],[35.51249,-6.22795],[35.53904,-6.23277],[35.55931,-6.23027],[35.55849,-6.24556],[35.5504,-6.26342],[35.5485,-6.27626],[35.54113,-6.28102],[35.53303,-6.28198],[35.53255,-6.30025],[35.53018,-6.31721],[35.52785,-6.32124],[35.52763,-6.32572],[35.52559,-6.32763],[35.52156,-6.32838],[35.52036,-6.33063],[35.52021,-6.333],[35.5224,-6.33617],[35.52145,-6.33772],[35.52185,-6.33986],[35.52299,-6.34046],[35.5237,-6.34361],[35.52209,-6.34715],[35.52324,-6.35152],[35.52019,-6.35818],[35.52061,-6.36404],[35.52101,-6.36588],[35.52705,-6.36963],[35.53156,-6.38227],[35.49065,-6.38732],[35.47989,-6.39527],[35.48862,-6.40723],[35.48712,-6.42107],[35.45316,-6.42438],[35.45255,-6.42518],[35.44646,-6.4148],[35.43531,-6.40793],[35.4257,-6.3956],[35.42184,-6.38322],[35.43553,-6.35517],[35.44186,-6.34884],[35.44575,-6.33813],[35.46026,-6.33085],[35.46639,-6.32642],[35.45087,-6.30411],[35.43613,-6.2899],[35.43532,-6.2832],[35.43727,-6.27995],[35.44045,-6.27757],[35.43964,-6.26975],[35.43791,-6.26486],[35.43311,-6.26441],[35.4293,-6.26131],[35.42941,-6.25782],[35.43106,-6.25577],[35.43143,-6.24905],[35.43287,-6.24575],[35.43649,-6.22761],[35.43613,-6.2189],[35.43804,-6.21878],[35.442,-6.22135],[35.45,-6.22292],[35.46001,-6.22223],[35.47475,-6.21841],[35.48029,-6.2192],[35.485,-6.21821],[35.48756,-6.21664]]]},"properties":{"region":"Dodoma","district":"Bahi","ward":"Mpalanga","ward_code":"161"}},{"type":"Feature","geometry":{"type":"Polygon","coordinates":[[[35.41742,-6.5113],[35.41852,-6.50881],[35.42133,-6.5107],[35.42604,-6.51035],[35.4187,-6.51534],[35.41954,-6.51825],[35.41518,-6.51706],[35.41343,-6.51818],[35.41503,-6.51885],[35.41379,-6.52029],[35.41398,-6.52151],[35.41573,-6.52176],[35.41737,-6.52523],[35.41889,-6.52564],[35.42008,-6.5278],[35.41951,-6.53151],[35.42065,-6.53422],[35.41694,-6.54136],[35.4168,-6.54379],[35.41798,-6.54542],[35.41694,-6.54737],[35.41888,-6.5492],[35.41768,-6.55504],[35.4177,-6.56809],[35.41985,-6.57065],[35.42128,-6.57827],[35.42335,-6.58181],[35.42351,-6.58633],[35.42167,-6.58747],[35.42133,-6.58944],[35.42379,-6.59235],[35.42324,-6.59476],[35.42072,-6.59502],[35.41924,-6.59788],[35.4181,-6.59813],[35.41857,-6.60053],[35.41603,-6.60278],[35.41787,-6.60503],[35.41562,-6.60793],[35.41646,-6.61088],[35.4134,-6.61215],[35.41326,-6.61402],[35.41546,-6.61737],[35.41331,-6.62141],[35.41335,-6.62434],[35.41519,-6.62879],[35.41423,-6.63119],[35.41539,-6.63479],[35.41371,-6.63698],[35.41372,-6.63905],[35.41586,-6.64167],[35.41515,-6.64596],[35.41689,-6.65802],[35.4153,-6.66154],[35.41697,-6.66661],[35.4141,-6.67023],[35.41371,-6.67389],[35.415,-6.67565],[35.41299,-6.6791],[35.41254,-6.68328],[35.4063,-6.68856],[35.40468,-6.69131],[35.40191,-6.69206],[35.39975,-6.69708],[35.39254,-6.6991],[35.39042,-6.69817],[35.34465,-6.69781],[35.31883,-6.70405],[35.30324,-6.71096],[35.28785,-6.7154],[35.27881,-6.71405],[35.26909,-6.71045],[35.25633,-6.7112],[35.24231,-6.70205],[35.23563,-6.70516],[35.2022,-6.71228],[35.19759,-6.71778],[35.1883,-6.72389],[35.16822,-6.72859],[35.16967,-6.72064],[35.16991,-6.71108],[35.17438,-6.69431],[35.17592,-6.67731],[35.18351,-6.66081],[35.18569,-6.64862],[35.19808,-6.62423],[35.20568,-6.56262],[35.20658,-6.55244],[35.20563,-6.54199],[35.20677,-6.53854],[35.20891,-6.53753],[35.21083,-6.53808],[35.21075,-6.53655],[35.21236,-6.53544],[35.21223,-6.53432],[35.21798,-6.53364],[35.22543,-6.52377],[35.22957,-6.52467],[35.23853,-6.52435],[35.27617,-6.51964],[35.27947,-6.50911],[35.27982,-6.50227],[35.32559,-6.47906],[35.37359,-6.45703],[35.4437,-6.43164],[35.44731,-6.42952],[35.44842,-6.43056],[35.45017,-6.4367],[35.4449,-6.44375],[35.44476,-6.44517],[35.44866,-6.46349],[35.44913,-6.4703],[35.44186,-6.48074],[35.43288,-6.48758],[35.43109,-6.49009],[35.42304,-6.49506],[35.41801,-6.50258],[35.41702,-6.50651],[35.41742,-6.5113]]]},"properties":{"region":"Dodoma","district":"Bahi","ward":"Chifutuka","ward_code":"211"}},{"type":"Feature","geometry":{"type":"Polygon","coordinates":[[[35.28256,-5.79762],[35.28421,-5.79782],[35.2841,-5.79875],[35.28319,-5.79843],[35.28252,-5.80019],[35.28341,-5.80149],[35.28218,-5.80269],[35.2841,-5.80354],[35.28352,-5.80897],[35.2845,-5.80913],[35.28559,-5.81128],[35.28471,-5.81145],[35.28399,-5.81402],[35.28697,-5.81812],[35.2865,-5.81971],[35.28923,-5.82255],[35.28778,-5.82402],[35.28855,-5.82581],[35.2873,-5.8274],[35.28816,-5.82847],[35.28708,-5.82997],[35.28747,-5.8315],[35.28937,-5.83036],[35.28745,-5.83343],[35.28816,-5.83717],[35.2891,-5.83767],[35.28653,-5.84083],[35.2886,-5.84573],[35.29153,-5.84789],[35.29156,-5.84939],[35.29289,-5.84961],[35.29315,-5.85253],[35.29485,-5.85329],[35.29537,-5.85467],[35.29445,-5.858],[35.29558,-5.85904],[35.29498,-5.85945],[35.29603,-5.86299],[35.29529,-5.86337],[35.29405,-5.86221],[35.29332,-5.86329],[35.29635,-5.86793],[35.29536,-5.86901],[35.29887,-5.87224],[35.29884,-5.8755],[35.29568,-5.87597],[35.29594,-5.87987],[35.29398,-5.87854],[35.2938,-5.87738],[35.29273,-5.87864],[35.29358,-5.88017],[35.29213,-5.88125],[35.2933,-5.88198],[35.29334,-5.88562],[35.2949,-5.88817],[35.29748,-5.88619],[35.30711,-5.88462],[35.31198,-5.88598],[35.34076,-5.93043],[35.36332,-5.94322],[35.36643,-5.94667],[35.37336,-5.94877],[35.37086,-5.95114],[35.37027,-5.95334],[35.36808,-5.95269],[35.36643,-5.9546],[35.36399,-5.95464],[35.36342,-5.95629],[35.35995,-5.95788],[35.35475,-5.9652],[35.34017,-6.00645],[35.33911,-6.00728],[35.34263,-6.01014],[35.33835,-6.01738],[35.32271,-6.02111],[35.30088,-6.01665],[35.20894,-6.01834],[35.21033,-5.99715],[35.20947,-5.9899],[35.21085,-5.98329],[35.21166,-5.9708],[35.21106,-5.96549],[35.21225,-5.95765],[35.2153,-5.95627],[35.2186,-5.9532],[35.22129,-5.94913],[35.22493,-5.9396],[35.23226,-5.93626],[35.24092,-5.92814],[35.24467,-5.91957],[35.24458,-5.91344],[35.23417,-5.903],[35.2391,-5.89979],[35.24993,-5.8961],[35.25138,-5.89307],[35.25551,-5.88889],[35.25528,-5.88736],[35.25357,-5.88579],[35.25459,-5.8846],[35.25402,-5.88006],[35.25489,-5.87345],[35.25332,-5.86587],[35.26059,-5.86549],[35.26363,-5.86394],[35.26497,-5.86214],[35.26406,-5.86027],[35.26532,-5.85922],[35.2643,-5.85838],[35.26512,-5.85409],[35.26629,-5.85254],[35.26528,-5.84768],[35.26661,-5.84092],[35.26585,-5.8397],[35.26791,-5.83753],[35.26615,-5.83609],[35.27262,-5.83217],[35.27471,-5.82955],[35.27505,-5.82789],[35.27127,-5.82552],[35.27148,-5.82194],[35.27535,-5.81839],[35.2766,-5.81385],[35.27899,-5.81131],[35.27813,-5.80568],[35.28049,-5.79758],[35.27941,-5.79485],[35.28018,-5.79156],[35.28188,-5.79086],[35.28253,-5.78936],[35.28256,-5.79248],[35.28103,-5.79392],[35.28275,-5.79593],[35.28256,-5.79762]]]},"properties":{"region":"Dodoma","district":"Bahi","ward":"Bahi","ward_code":"073"}},{"type":"Feature","geometry":{"type":"Polygon","coordinates":[[[35.33373,-5.8079],[35.35962,-5.80765],[35.38109,-5.81164],[35.39062,-5.82947],[35.39361,-5.84543],[35.39361,-5.86157],[35.38954,-5.89071],[35.39475,-5.92612],[35.40695,-5.94368],[35.40621,-5.96815],[35.42259,-5.97006],[35.42143,-5.97333],[35.41882,-5.97621],[35.41299,-5.97743],[35.41182,-5.97863],[35.40898,-5.98695],[35.40403,-5.9929],[35.39677,-5.99352],[35.39599,-5.99993],[35.39605,-6.00418],[35.39747,-6.00893],[35.39687,-6.01829],[35.39764,-6.02056],[35.40027,-6.02298],[35.40185,-6.02726],[35.40122,-6.03426],[35.40327,-6.03886],[35.4028,-6.04226],[35.40741,-6.04434],[35.4233,-6.05519],[35.42237,-6.0584],[35.42268,-6.06154],[35.41248,-6.06561],[35.38892,-6.07251],[35.38208,-6.07593],[35.37362,-6.07704],[35.36811,-6.0788],[35.35776,-6.08277],[35.35185,-6.08765],[35.33569,-6.09167],[35.30353,-6.09338],[35.27469,-6.09308],[35.2518,-6.09394],[35.24609,-6.09253],[35.2067,-6.09359],[35.20899,-6.01834],[35.30088,-6.01665],[35.32271,-6.02111],[35.33835,-6.01738],[35.34263,-6.01014],[35.33911,-6.00728],[35.34017,-6.00645],[35.35475,-5.9652],[35.35995,-5.95788],[35.36342,-5.95629],[35.36399,-5.95464],[35.36643,-5.9546],[35.36808,-5.95269],[35.37027,-5.95334],[35.37086,-5.95114],[35.37336,-5.94877],[35.36643,-5.94667],[35.36332,-5.94322],[35.34076,-5.93043],[35.31198,-5.88598],[35.30711,-5.88462],[35.29748,-5.88619],[35.2949,-5.88817],[35.29293,-5.88413],[35.2933,-5.88198],[35.29213,-5.88125],[35.29358,-5.88017],[35.29273,-5.87864],[35.2938,-5.87738],[35.29398,-5.87854],[35.29594,-5.87987],[35.29568,-5.87597],[35.2973,-5.87514],[35.29833,-5.87584],[35.29894,-5.8745],[35.29887,-5.87224],[35.29536,-5.86901],[35.29635,-5.86793],[35.29332,-5.86329],[35.29405,-5.86221],[35.29529,-5.86337],[35.29603,-5.86299],[35.29609,-5.86148],[35.29498,-5.85945],[35.29539,-5.85852],[35.29445,-5.858],[35.29537,-5.85467],[35.29485,-5.85329],[35.29315,-5.85253],[35.29289,-5.84961],[35.29669,-5.84826],[35.29889,-5.84623],[35.30165,-5.84024],[35.30607,-5.84008],[35.30929,-5.83839],[35.31177,-5.83256],[35.31298,-5.83207],[35.31412,-5.8296],[35.31392,-5.82786],[35.31719,-5.82723],[35.32171,-5.82191],[35.32657,-5.82153],[35.32804,-5.81483],[35.33268,-5.81037],[35.33373,-5.8079]]]},"properties":{"region":"Dodoma","district":"Bahi","ward":"Mpamantwa","ward_code":"081"}},{"type":"Feature","geometry":{"type":"Polygon","coordinates":[[[35.48296,-5.84135],[35.48125,-5.88665],[35.4774,-5.91535],[35.47467,-5.92618],[35.47301,-5.95324],[35.47455,-5.96898],[35.4798,-5.99695],[35.4885,-6.00081],[35.481,-6.00929],[35.4805,-6.02225],[35.47912,-6.02473],[35.47916,-6.02811],[35.47594,-6.03269],[35.48028,-6.03932],[35.46083,-6.04248],[35.44329,-6.04308],[35.43216,-6.04866],[35.42403,-6.05374],[35.4233,-6.05519],[35.40741,-6.04434],[35.4028,-6.04226],[35.40327,-6.03886],[35.40122,-6.03426],[35.40185,-6.02726],[35.40027,-6.02298],[35.39764,-6.02056],[35.39687,-6.01829],[35.39747,-6.00893],[35.39605,-6.00418],[35.39599,-5.99993],[35.39677,-5.99352],[35.40403,-5.9929],[35.40898,-5.98695],[35.41182,-5.97863],[35.41299,-5.97743],[35.41882,-5.97621],[35.42143,-5.97333],[35.42259,-5.97006],[35.40621,-5.96815],[35.40695,-5.94368],[35.39475,-5.92612],[35.38954,-5.89071],[35.39139,-5.87751],[35.39928,-5.87584],[35.40647,-5.87233],[35.417,-5.87191],[35.42819,-5.86857],[35.43395,-5.86784],[35.45095,-5.86689],[35.48296,-5.84135]]]},"properties":{"region":"Dodoma","district":"Bahi","ward":"Ibihwa","ward_code":"091"}},{"type":"Feature","geometry":{"type":"Polygon","coordinates":[[[35.54665,-5.83593],[35.54559,-5.84346],[35.54316,-5.8503],[35.55254,-5.85621],[35.55625,-5.86141],[35.56145,-5.86105],[35.56412,-5.86178],[35.56572,-5.86376],[35.57868,-5.87224],[35.58164,-5.88062],[35.58663,-5.88984],[35.5886,-5.89664],[35.58512,-5.8991],[35.58231,-5.89946],[35.57692,-5.90213],[35.57445,-5.90463],[35.57189,-5.90485],[35.56807,-5.90677],[35.57828,-5.9164],[35.58293,-5.92699],[35.57868,-5.95304],[35.58521,-5.97959],[35.58252,-5.98144],[35.57996,-5.98495],[35.5735,-6.00248],[35.57135,-6.00177],[35.54859,-5.98583],[35.54501,-5.9855],[35.51211,-5.98919],[35.50729,-5.99251],[35.49689,-5.99513],[35.4885,-6.00081],[35.4798,-5.99695],[35.47455,-5.96898],[35.47301,-5.95324],[35.47467,-5.92618],[35.4774,-5.91535],[35.48125,-5.88665],[35.483,-5.8408],[35.4914,-5.8359],[35.51509,-5.83839],[35.52962,-5.83852],[35.53599,-5.83823],[35.54665,-5.83593]]]},"properties":{"region":"Dodoma","district":"Bahi","ward":"Ilindi","ward_code":"101"}},{"type":"Feature","geometry":{"type":"Polygon","coordinates":[[[35.48028,-6.03932],[35.48962,-6.05188],[35.49091,-6.0658],[35.49814,-6.08646],[35.50519,-6.09381],[35.514,-6.10047],[35.52576,-6.1027],[35.52266,-6.10872],[35.50969,-6.12007],[35.50395,-6.11589],[35.49531,-6.11659],[35.49129,-6.11282],[35.48755,-6.11556],[35.48416,-6.11398],[35.48131,-6.11428],[35.4778,-6.11226],[35.47657,-6.11304],[35.47359,-6.10861],[35.46781,-6.10988],[35.46531,-6.10534],[35.4435,-6.10099],[35.42537,-6.09589],[35.42932,-6.09418],[35.4349,-6.08854],[35.43335,-6.08275],[35.43408,-6.06848],[35.43249,-6.06565],[35.4256,-6.06163],[35.42268,-6.06154],[35.42237,-6.0584],[35.42403,-6.05374],[35.44329,-6.04308],[35.46083,-6.04248],[35.48028,-6.03932]]]},"properties":{"region":"Dodoma","district":"Bahi","ward":"Kigwe","ward_code":"111"}},{"type":"Feature","geometry":{"type":"Polygon","coordinates":[[[35.52579,-6.10264],[35.55278,-6.13354],[35.55921,-6.14354],[35.56016,-6.1483],[35.55968,-6.15186],[35.55492,-6.16091],[35.55587,-6.16448],[35.55564,-6.18252],[35.56068,-6.19663],[35.56206,-6.20346],[35.55931,-6.23027],[35.53904,-6.23277],[35.53177,-6.23204],[35.51386,-6.22814],[35.5005,-6.22758],[35.48758,-6.21666],[35.47412,-6.20176],[35.45275,-6.16922],[35.45027,-6.16364],[35.45061,-6.16033],[35.45495,-6.15494],[35.47338,-6.13737],[35.48023,-6.13413],[35.48189,-6.13421],[35.48222,-6.13169],[35.48401,-6.13019],[35.48523,-6.12703],[35.4936,-6.11656],[35.50395,-6.11589],[35.50969,-6.12007],[35.52266,-6.10872],[35.52579,-6.10264]]]},"properties":{"region":"Dodoma","district":"Bahi","ward":"Mpinga","ward_code":"221"}},{"type":"Feature","geometry":{"type":"Polygon","coordinates":[[[35.39373,-5.6881],[35.42245,-5.69237],[35.4409,-5.6866],[35.44746,-5.68524],[35.45393,-5.68515],[35.45914,-5.68079],[35.46939,-5.67923],[35.47157,-5.68464],[35.47071,-5.69022],[35.47404,-5.69904],[35.47708,-5.71106],[35.47782,-5.71647],[35.47679,-5.72782],[35.48156,-5.74561],[35.47718,-5.75622],[35.46835,-5.76407],[35.46476,-5.77045],[35.46424,-5.77532],[35.4585,-5.78163],[35.44324,-5.79511],[35.42994,-5.79366],[35.42612,-5.79545],[35.41783,-5.79662],[35.4142,-5.79524],[35.39869,-5.79828],[35.38936,-5.79742],[35.3814,-5.8],[35.37066,-5.80967],[35.35483,-5.80716],[35.35011,-5.80778],[35.34249,-5.80696],[35.33373,-5.8079],[35.33268,-5.81037],[35.32804,-5.81483],[35.32657,-5.82153],[35.32171,-5.82191],[35.31719,-5.82723],[35.31392,-5.82786],[35.31298,-5.83207],[35.31177,-5.83256],[35.31111,-5.83545],[35.3084,-5.83928],[35.30165,-5.84024],[35.29935,-5.84549],[35.29669,-5.84826],[35.29156,-5.84939],[35.29177,-5.84819],[35.2886,-5.84573],[35.28653,-5.84083],[35.2891,-5.83767],[35.28816,-5.83717],[35.28745,-5.83343],[35.28937,-5.83036],[35.28747,-5.8315],[35.28708,-5.82997],[35.28816,-5.82847],[35.2873,-5.8274],[35.28855,-5.82581],[35.28778,-5.82402],[35.28923,-5.82255],[35.2865,-5.81971],[35.28697,-5.81812],[35.28399,-5.81402],[35.28471,-5.81145],[35.28559,-5.81128],[35.2845,-5.80913],[35.28352,-5.80897],[35.2841,-5.80354],[35.28218,-5.80269],[35.28341,-5.80149],[35.28252,-5.80019],[35.28319,-5.79843],[35.28432,-5.79844],[35.28222,-5.79721],[35.28275,-5.79593],[35.28103,-5.79392],[35.28298,-5.79084],[35.28263,-5.78809],[35.28155,-5.78794],[35.28195,-5.78523],[35.2808,-5.78556],[35.28045,-5.78484],[35.28312,-5.78299],[35.28335,-5.78131],[35.28016,-5.78151],[35.28027,-5.78006],[35.27899,-5.77914],[35.27831,-5.77168],[35.27986,-5.77108],[35.279,-5.76987],[35.27952,-5.7693],[35.27815,-5.76844],[35.28008,-5.76288],[35.28317,-5.75834],[35.29384,-5.75195],[35.29279,-5.743],[35.29419,-5.74144],[35.30061,-5.74034],[35.30121,-5.73808],[35.30349,-5.73612],[35.30504,-5.73788],[35.31301,-5.73915],[35.31377,-5.73435],[35.31611,-5.73115],[35.31904,-5.72856],[35.32191,-5.72813],[35.32152,-5.72739],[35.32374,-5.72616],[35.32427,-5.72444],[35.32534,-5.7241],[35.32537,-5.72239],[35.32791,-5.71992],[35.33307,-5.71885],[35.33684,-5.71645],[35.3374,-5.70885],[35.34229,-5.7011],[35.34175,-5.69574],[35.34647,-5.69105],[35.34474,-5.68237],[35.35118,-5.67747],[35.39373,-5.6881]]]},"properties":{"region":"Dodoma","district":"Bahi","ward":"Makanda","ward_code":"011"}},{"type":"Feature","geometry":{"type":"Polygon","coordinates":[[[35.55005,-5.66693],[35.55345,-5.67813],[35.55646,-5.68196],[35.55875,-5.68826],[35.56626,-5.69667],[35.56687,-5.70201],[35.57125,-5.70775],[35.58233,-5.71537],[35.5821,-5.72017],[35.57853,-5.7298],[35.57783,-5.73616],[35.58616,-5.75568],[35.58301,-5.77018],[35.58122,-5.78571],[35.58546,-5.79508],[35.58139,-5.79918],[35.56165,-5.80513],[35.56015,-5.80863],[35.55249,-5.81727],[35.54676,-5.8359],[35.53599,-5.83823],[35.52962,-5.83852],[35.51509,-5.83839],[35.4914,-5.8359],[35.483,-5.8408],[35.45095,-5.86689],[35.43395,-5.86784],[35.42819,-5.86857],[35.417,-5.87191],[35.40647,-5.87233],[35.39928,-5.87584],[35.39139,-5.87751],[35.39361,-5.86157],[35.39361,-5.84543],[35.39062,-5.82947],[35.38109,-5.81164],[35.37066,-5.80967],[35.3814,-5.8],[35.38936,-5.79742],[35.39869,-5.79828],[35.4142,-5.79524],[35.41783,-5.79662],[35.42612,-5.79545],[35.42994,-5.79366],[35.44324,-5.79511],[35.4585,-5.78163],[35.46424,-5.77532],[35.46476,-5.77045],[35.46835,-5.76407],[35.47718,-5.75622],[35.48156,-5.74561],[35.47679,-5.72782],[35.47782,-5.71647],[35.47708,-5.71106],[35.47404,-5.69904],[35.47071,-5.69022],[35.47157,-5.68464],[35.46939,-5.67923],[35.48248,-5.67829],[35.48618,-5.67672],[35.48745,-5.67447],[35.49752,-5.67079],[35.51257,-5.66866],[35.51923,-5.66663],[35.52225,-5.6676],[35.54865,-5.65718],[35.55005,-5.66693]]]},"properties":{"region":"Dodoma","district":"Bahi","ward":"Lamaiti","ward_code":"021"}},{"type":"Feature","geometry":{"type":"Polygon","coordinates":[[[35.66394,-5.64832],[35.67009,-5.6487],[35.67669,-5.64563],[35.68283,-5.63929],[35.68451,-5.63976],[35.68829,-5.63763],[35.69196,-5.63261],[35.69325,-5.63352],[35.6959,-5.63203],[35.69819,-5.63361],[35.70142,-5.63036],[35.70259,-5.63025],[35.70475,-5.63022],[35.70715,-5.63175],[35.71052,-5.63172],[35.71136,-5.63088],[35.71311,-5.63165],[35.71376,-5.62898],[35.72377,-5.62434],[35.72615,-5.62482],[35.72972,-5.62791],[35.73638,-5.62958],[35.73805,-5.631],[35.75208,-5.631],[35.75473,-5.62935],[35.76374,-5.61459],[35.76756,-5.61008],[35.77374,-5.61911],[35.78254,-5.6272],[35.78568,-5.62839],[35.79092,-5.62767],[35.79829,-5.62815],[35.80258,-5.63196],[35.79901,-5.63957],[35.79401,-5.64504],[35.77521,-5.65884],[35.77283,-5.66384],[35.77498,-5.67122],[35.78116,-5.67407],[35.79163,-5.68145],[35.79955,-5.68492],[35.75031,-5.70965],[35.75152,-5.71095],[35.75127,-5.71456],[35.75776,-5.73219],[35.76293,-5.74124],[35.76976,-5.74736],[35.76946,-5.75128],[35.76408,-5.76297],[35.76601,-5.77679],[35.76519,-5.78377],[35.76578,-5.79023],[35.76972,-5.79963],[35.74201,-5.79386],[35.73848,-5.78216],[35.73469,-5.777],[35.69389,-5.7752],[35.69373,-5.76035],[35.69161,-5.74885],[35.68942,-5.74631],[35.68628,-5.74539],[35.68314,-5.74103],[35.67881,-5.73128],[35.67676,-5.72304],[35.67487,-5.72027],[35.67216,-5.71698],[35.66398,-5.71334],[35.66373,-5.71022],[35.66521,-5.71021],[35.66346,-5.70667],[35.6541,-5.70889],[35.64525,-5.70842],[35.64173,-5.71165],[35.63562,-5.71153],[35.63385,-5.71401],[35.63078,-5.71281],[35.62448,-5.71435],[35.62229,-5.71113],[35.61156,-5.71538],[35.58233,-5.71537],[35.57125,-5.70775],[35.56687,-5.70201],[35.56626,-5.69667],[35.55875,-5.68826],[35.55646,-5.68196],[35.55345,-5.67813],[35.55047,-5.66924],[35.54898,-5.66091],[35.54865,-5.65718],[35.55013,-5.65493],[35.55384,-5.65016],[35.55998,-5.64464],[35.57328,-5.63523],[35.5893,-5.62551],[35.59645,-5.6187],[35.61377,-5.60615],[35.63432,-5.63615],[35.66394,-5.64832]]]},"properties":{"region":"Dodoma","district":"Bahi","ward":"Babayu","ward_code":"031"}},{"type":"Feature","geometry":{"type":"Polygon","coordinates":[[[35.85921,-5.7238],[35.85452,-5.73627],[35.87335,-5.74838],[35.87763,-5.74612],[35.88976,-5.73613],[35.89357,-5.7347],[35.90094,-5.7347],[35.90356,-5.73661],[35.90951,-5.75612],[35.91665,-5.76611],[35.92093,-5.7692],[35.93486,-5.77165],[35.94411,-5.77469],[35.95401,-5.77491],[35.96248,-5.7785],[35.96562,-5.78109],[35.96919,-5.78667],[35.96895,-5.79024],[35.96514,-5.79357],[35.95182,-5.79952],[35.94492,-5.8038],[35.94087,-5.81118],[35.93542,-5.81649],[35.9464,-5.8349],[35.92839,-5.83472],[35.92335,-5.83551],[35.91265,-5.83813],[35.8995,-5.84355],[35.88683,-5.84001],[35.87862,-5.83541],[35.86559,-5.83082],[35.85384,-5.83021],[35.85384,-5.83413],[35.85113,-5.83797],[35.83122,-5.84074],[35.82706,-5.85002],[35.82571,-5.87404],[35.79814,-5.88154],[35.79192,-5.88245],[35.7654,-5.88335],[35.75114,-5.88616],[35.74883,-5.88526],[35.74498,-5.88624],[35.74265,-5.88457],[35.73092,-5.88647],[35.73073,-5.87362],[35.73189,-5.86219],[35.74228,-5.82872],[35.74287,-5.80332],[35.74154,-5.79372],[35.76972,-5.79963],[35.76578,-5.79023],[35.76519,-5.78377],[35.76601,-5.77679],[35.76408,-5.76297],[35.76946,-5.75128],[35.76976,-5.74736],[35.76293,-5.74124],[35.75776,-5.73219],[35.75127,-5.71456],[35.75152,-5.71095],[35.75031,-5.70965],[35.81569,-5.6766],[35.81815,-5.67149],[35.8196,-5.67114],[35.82875,-5.66099],[35.83494,-5.65932],[35.84374,-5.66574],[35.84874,-5.67241],[35.85255,-5.68121],[35.85659,-5.69573],[35.85968,-5.71476],[35.85921,-5.7238]]]},"properties":{"region":"Dodoma","district":"Bahi","ward":"Zanka","ward_code":"041"}},{"type":"Feature","geometry":{"type":"Polygon","coordinates":[[[35.66346,-5.70667],[35.66521,-5.71021],[35.66373,-5.71022],[35.66398,-5.71334],[35.67216,-5.71698],[35.67487,-5.72027],[35.67676,-5.72304],[35.67881,-5.73128],[35.68314,-5.74103],[35.68628,-5.74539],[35.68942,-5.74631],[35.69161,-5.74885],[35.69373,-5.76035],[35.69389,-5.7752],[35.73469,-5.777],[35.73848,-5.78216],[35.74201,-5.79386],[35.74287,-5.80332],[35.74228,-5.82872],[35.73189,-5.86219],[35.73073,-5.87362],[35.73092,-5.88647],[35.70779,-5.88833],[35.68897,-5.89108],[35.62813,-5.88179],[35.62569,-5.87666],[35.62195,-5.87532],[35.61856,-5.87547],[35.61555,-5.87734],[35.59296,-5.87753],[35.58176,-5.88084],[35.57868,-5.87224],[35.56572,-5.86376],[35.56412,-5.86178],[35.56145,-5.86105],[35.55625,-5.86141],[35.55254,-5.85621],[35.54316,-5.8503],[35.54559,-5.84346],[35.54712,-5.83334],[35.55249,-5.81727],[35.56015,-5.80863],[35.56165,-5.80513],[35.58139,-5.79918],[35.58546,-5.79508],[35.58122,-5.78571],[35.58301,-5.77018],[35.58616,-5.75568],[35.57783,-5.73616],[35.57853,-5.7298],[35.5821,-5.72017],[35.58233,-5.71537],[35.61156,-5.71538],[35.62229,-5.71113],[35.62448,-5.71435],[35.63078,-5.71281],[35.63385,-5.71401],[35.63562,-5.71153],[35.64173,-5.71165],[35.64525,-5.70842],[35.6541,-5.70889],[35.66346,-5.70667]]]},"properties":{"region":"Dodoma","district":"Bahi","ward":"Msisi","ward_code":"051"}},{"type":"Feature","geometry":{"type":"Polygon","coordinates":[[[35.62569,-5.87666],[35.62813,-5.88179],[35.68897,-5.89108],[35.74265,-5.88457],[35.74498,-5.88624],[35.74116,-5.88856],[35.73996,-5.893],[35.73695,-5.89507],[35.7317,-5.90683],[35.72265,-5.92276],[35.71989,-5.93487],[35.71194,-5.94471],[35.70592,-5.96739],[35.69467,-5.98581],[35.68853,-5.99843],[35.67776,-6.00423],[35.66126,-5.99447],[35.64449,-5.96737],[35.63249,-5.96508],[35.60123,-5.96205],[35.59642,-5.96504],[35.59136,-5.97039],[35.58817,-5.97104],[35.58666,-5.9743],[35.5871,-5.97828],[35.58521,-5.97959],[35.57868,-5.95304],[35.58293,-5.92699],[35.57828,-5.9164],[35.56808,-5.90671],[35.57445,-5.90463],[35.57692,-5.90213],[35.58231,-5.89946],[35.58512,-5.8991],[35.58862,-5.8967],[35.58663,-5.88984],[35.5818,-5.88072],[35.59296,-5.87753],[35.61555,-5.87734],[35.61856,-5.87547],[35.62195,-5.87532],[35.62569,-5.87666]]]},"properties":{"region":"Dodoma","district":"Bahi","ward":"Mundemu","ward_code":"061"}},{"type":"Feature","geometry":{"type":"Polygon","coordinates":[[[36.22107,-4.95588],[36.21973,-4.97039],[36.2027,-4.9761],[36.19361,-4.98015],[36.19135,-4.98248],[36.18985,-4.9983],[36.19013,-5.01287],[36.18777,-5.02978],[36.18368,-5.04815],[36.18195,-5.05193],[36.17631,-5.05254],[36.17571,-5.05397],[36.1748,-5.06006],[36.1757,-5.07315],[36.16569,-5.07371],[36.14207,-5.07257],[36.14297,-5.04706],[36.09728,-5.03145],[36.09621,-5.02399],[36.09452,-5.02323],[36.06794,-5.02098],[36.08417,-4.99806],[36.0851,-4.99046],[36.08288,-4.98101],[36.08684,-4.97069],[36.08899,-4.96916],[36.10046,-4.96488],[36.13079,-4.96045],[36.13805,-4.95665],[36.16608,-4.95569],[36.17519,-4.95685],[36.20446,-4.95491],[36.22107,-4.95588]]]},"properties":{"region":"Dodoma","district":"Chemba","ward":"Churuku","ward_code":"051"}},{"type":"Feature","geometry":{"type":"Polygon","coordinates":[[[35.94728,-4.96388],[35.95463,-4.9782],[35.9594,-4.98353],[35.96311,-5.00128],[35.96153,-5.00694],[35.96111,-5.0134],[35.94114,-5.01395],[35.92371,-5.03214],[35.93025,-5.04243],[35.93186,-5.05163],[35.92557,-5.05565],[35.92194,-5.0553],[35.92009,-5.05605],[35.91127,-5.06179],[35.90625,-5.06257],[35.89761,-5.06622],[35.89198,-5.06714],[35.88849,-5.06351],[35.88532,-5.05945],[35.87688,-5.04214],[35.87118,-5.03672],[35.86586,-5.03479],[35.85665,-5.03522],[35.82424,-5.0336],[35.83265,-5.00709],[35.83173,-4.99719],[35.80463,-4.99714],[35.80933,-4.98749],[35.82349,-4.97219],[35.82727,-4.96359],[35.8445,-4.95971],[35.84991,-4.9604],[35.86747,-4.96698],[35.88036,-4.95407],[35.88775,-4.94873],[35.8971,-4.94461],[35.91046,-4.94215],[35.91498,-4.94213],[35.92013,-4.94374],[35.94264,-4.96272],[35.94728,-4.96388]]]},"properties":{"region":"Dodoma","district":"Chemba","ward":"Mondo","ward_code":"071"}},{"type":"Feature","geometry":{"type":"Polygon","coordinates":[[[36.06313,-4.94166],[36.07702,-4.95549],[36.0842,-4.96787],[36.08685,-4.97058],[36.08288,-4.98101],[36.08483,-4.98745],[36.08473,-4.99569],[36.08417,-4.99806],[36.06794,-5.02098],[36.067,-5.0183],[36.06402,-5.01553],[36.05216,-5.0147],[36.0494,-5.01346],[36.04462,-5.01402],[36.04216,-5.01608],[36.03477,-5.0169],[36.03067,-5.01527],[36.02605,-5.0111],[36.02415,-5.01105],[36.02339,-5.0081],[36.0191,-5.00841],[36.01749,-5.0094],[36.014,-5.00894],[36.01089,-5.01094],[36.00736,-5.01097],[36.00222,-5.0129],[36.00084,-5.01117],[35.99895,-5.01055],[35.99327,-5.01102],[35.99513,-5.02687],[35.98353,-5.03108],[35.96329,-5.05206],[35.94962,-5.06034],[35.9554,-5.07264],[35.92176,-5.08775],[35.91535,-5.08657],[35.9141,-5.08137],[35.91443,-5.07525],[35.91392,-5.07359],[35.9109,-5.07072],[35.90829,-5.06227],[35.91309,-5.0609],[35.92194,-5.0553],[35.92557,-5.05565],[35.93186,-5.05163],[35.93025,-5.04243],[35.92371,-5.03214],[35.94114,-5.01395],[35.96111,-5.0134],[35.96153,-5.00694],[35.96311,-5.00128],[35.9594,-4.98353],[35.95463,-4.9782],[35.94728,-4.96388],[35.9513,-4.95779],[35.9549,-4.95779],[35.95832,-4.95529],[35.9607,-4.95638],[35.96711,-4.95577],[35.96968,-4.95791],[35.97468,-4.95657],[35.98454,-4.94713],[36.00194,-4.92285],[36.05709,-4.92407],[36.06313,-4.94166]]]},"properties":{"region":"Dodoma","district":"Chemba","ward":"Dalai","ward_code":"081"}},{"type":"Feature","geometry":{"type":"Polygon","coordinates":[[[36.26347,-4.9574],[36.32392,-4.95688],[36.32094,-4.97656],[36.32286,-4.98519],[36.32214,-4.99241],[36.31682,-5.00168],[36.31369,-5.01325],[36.31745,-5.0565],[36.32366,-5.08104],[36.32554,-5.10886],[36.27401,-5.08393],[36.23727,-5.07778],[36.23707,-5.07695],[36.20804,-5.0751],[36.19673,-5.0813],[36.17631,-5.08055],[36.1749,-5.05918],[36.17631,-5.05254],[36.18195,-5.05193],[36.18368,-5.04815],[36.18777,-5.02978],[36.19013,-5.01287],[36.18985,-4.9983],[36.19135,-4.98248],[36.19361,-4.98015],[36.2027,-4.9761],[36.21973,-4.97039],[36.22107,-4.95588],[36.26347,-4.9574]]]},"properties":{"region":"Dodoma","district":"Chemba","ward":"Jangalo","ward_code":"091"}},{"type":"Feature","geometry":{"type":"Polygon","coordinates":[[[35.85561,-5.03512],[35.86586,-5.03479],[35.87118,-5.03672],[35.87688,-5.04214],[35.88564,-5.06003],[35.89198,-5.06714],[35.89977,-5.0656],[35.90829,-5.06227],[35.9109,-5.07072],[35.91392,-5.07359],[35.91473,-5.07669],[35.9141,-5.08137],[35.91535,-5.08657],[35.91191,-5.09227],[35.90918,-5.09437],[35.90644,-5.09881],[35.90073,-5.10138],[35.89727,-5.10448],[35.89432,-5.10535],[35.89198,-5.11885],[35.89241,-5.12718],[35.89131,-5.13028],[35.8929,-5.17288],[35.89369,-5.17456],[35.90452,-5.1793],[35.89411,-5.19385],[35.88779,-5.20648],[35.88323,-5.20846],[35.86689,-5.21198],[35.83833,-5.22095],[35.79715,-5.23689],[35.76435,-5.21728],[35.74501,-5.21264],[35.74458,-5.21559],[35.73949,-5.21619],[35.7367,-5.21387],[35.73511,-5.20227],[35.73267,-5.19849],[35.73231,-5.19464],[35.72211,-5.18048],[35.7155,-5.16526],[35.72863,-5.15236],[35.74771,-5.12735],[35.7513,-5.11979],[35.75339,-5.11767],[35.75487,-5.11003],[35.75953,-5.10917],[35.77805,-5.10014],[35.79861,-5.08646],[35.79703,-5.08417],[35.79826,-5.07583],[35.80522,-5.06655],[35.81305,-5.06621],[35.82424,-5.0336],[35.85561,-5.03512]]]},"properties":{"region":"Dodoma","district":"Chemba","ward":"Paranga","ward_code":"141"}},{"type":"Feature","geometry":{"type":"Polygon","coordinates":[[[36.23926,-5.25223],[36.26,-5.27035],[36.2587,-5.27898],[36.26552,-5.28164],[36.26924,-5.28116],[36.27449,-5.2824],[36.28002,-5.27805],[36.28632,-5.27755],[36.294,-5.30243],[36.29449,-5.33361],[36.2965,-5.35904],[36.29542,-5.36696],[36.29711,-5.37187],[36.2989,-5.4179],[36.29533,-5.42142],[36.2537,-5.41399],[36.24539,-5.42199],[36.23171,-5.42701],[36.22101,-5.41289],[36.2173,-5.40371],[36.19925,-5.37955],[36.19677,-5.36797],[36.1958,-5.35987],[36.20012,-5.33207],[36.19838,-5.26785],[36.19931,-5.26818],[36.21228,-5.26095],[36.2314,-5.24856],[36.23926,-5.25223]]]},"properties":{"region":"Dodoma","district":"Chemba","ward":"Msaada","ward_code":"031"}},{"type":"Feature","geometry":{"type":"Polygon","coordinates":[[[36.19698,-5.25478],[36.19838,-5.26785],[36.20012,-5.33207],[36.1958,-5.35987],[36.19677,-5.36797],[36.19925,-5.37955],[36.2173,-5.40371],[36.22101,-5.41289],[36.23171,-5.42701],[36.22495,-5.4288],[36.21016,-5.4305],[36.16463,-5.43024],[36.16114,-5.43111],[36.1526,-5.42802],[36.14709,-5.42327],[36.12868,-5.41813],[36.12567,-5.41868],[36.12027,-5.41509],[36.11317,-5.41496],[36.10925,-5.41318],[36.10347,-5.41262],[36.09747,-5.40821],[36.09311,-5.40706],[36.08664,-5.40149],[36.07271,-5.40089],[36.06055,-5.39771],[36.06031,-5.38545],[36.05501,-5.37295],[36.05365,-5.36735],[36.05266,-5.36181],[36.0529,-5.35202],[36.05134,-5.34333],[36.05225,-5.33984],[36.06345,-5.3284],[36.07493,-5.31882],[36.07682,-5.31557],[36.07841,-5.27066],[36.08124,-5.26102],[36.10015,-5.25727],[36.10361,-5.25767],[36.11522,-5.25394],[36.12284,-5.25514],[36.12325,-5.25445],[36.16059,-5.2535],[36.19698,-5.25478]]]},"properties":{"region":"Dodoma","district":"Chemba","ward":"Kimaha","ward_code":"041"}},{"type":"Feature","geometry":{"type":"Polygon","coordinates":[[[36.09728,-5.03145],[36.14297,-5.04706],[36.14245,-5.07058],[36.13789,-5.08729],[36.13746,-5.09267],[36.13229,-5.1154],[36.1298,-5.11475],[36.12624,-5.11544],[36.12702,-5.11983],[36.12548,-5.12452],[36.12777,-5.14789],[36.12708,-5.17306],[36.12546,-5.1728],[36.12611,-5.18736],[36.11988,-5.1936],[36.12146,-5.19362],[36.11987,-5.19614],[36.09552,-5.22255],[36.0932,-5.22282],[36.08368,-5.24063],[36.08109,-5.23598],[36.07637,-5.23143],[36.07652,-5.23025],[36.07493,-5.22904],[36.07165,-5.22864],[36.06877,-5.22655],[36.06941,-5.22358],[36.06818,-5.22155],[36.00521,-5.22092],[36.01124,-5.2079],[36.01663,-5.19978],[36.01974,-5.1923],[36.02795,-5.17802],[36.02824,-5.17381],[36.03837,-5.16635],[36.04284,-5.1613],[36.04932,-5.147],[36.05107,-5.13663],[36.05151,-5.12704],[36.0506,-5.11568],[36.05361,-5.10351],[36.05759,-5.07629],[36.06952,-5.07642],[36.06794,-5.02098],[36.09452,-5.02323],[36.09621,-5.02399],[36.09728,-5.03145]]]},"properties":{"region":"Dodoma","district":"Chemba","ward":"Songolo","ward_code":"061"}},{"type":"Feature","geometry":{"type":"Polygon","coordinates":[[[36.27401,-5.08393],[36.32573,-5.10869],[36.32983,-5.11756],[36.33248,-5.12602],[36.33061,-5.16832],[36.32757,-5.18041],[36.32277,-5.19329],[36.30452,-5.20509],[36.29521,-5.21439],[36.29228,-5.22231],[36.28817,-5.24213],[36.28578,-5.24421],[36.28434,-5.24738],[36.28632,-5.27755],[36.28002,-5.27805],[36.27449,-5.2824],[36.26924,-5.28116],[36.26552,-5.28164],[36.2587,-5.27898],[36.26,-5.27035],[36.23926,-5.25223],[36.2314,-5.24856],[36.21228,-5.26095],[36.19931,-5.26818],[36.19838,-5.26785],[36.19698,-5.25478],[36.19782,-5.24892],[36.19622,-5.22716],[36.19896,-5.2158],[36.20422,-5.20652],[36.21231,-5.19721],[36.22377,-5.18059],[36.23714,-5.14797],[36.23793,-5.13176],[36.2433,-5.12362],[36.24287,-5.11581],[36.24458,-5.08956],[36.2373,-5.08082],[36.23727,-5.07778],[36.27401,-5.08393]]]},"properties":{"region":"Dodoma","district":"Chemba","ward":"Mrijo","ward_code":"103"}},{"type":"Feature","geometry":{"type":"Polygon","coordinates":[[[36.14207,-5.07257],[36.16569,-5.07371],[36.1757,-5.07315],[36.17631,-5.08055],[36.18382,-5.08113],[36.19673,-5.0813],[36.20804,-5.0751],[36.23707,-5.07695],[36.2373,-5.08082],[36.24458,-5.08956],[36.24287,-5.11581],[36.2433,-5.12362],[36.23793,-5.13176],[36.23714,-5.14797],[36.22377,-5.18059],[36.21231,-5.19721],[36.18223,-5.19888],[36.15369,-5.19372],[36.14117,-5.19302],[36.12788,-5.19819],[36.12562,-5.19488],[36.11988,-5.1936],[36.12611,-5.18736],[36.12546,-5.1728],[36.12708,-5.17306],[36.12777,-5.14789],[36.12548,-5.12452],[36.12702,-5.11983],[36.12624,-5.11544],[36.1298,-5.11475],[36.13229,-5.1154],[36.13746,-5.09267],[36.13789,-5.08729],[36.14207,-5.07257]]]},"properties":{"region":"Dodoma","district":"Chemba","ward":"Chandama","ward_code":"111"}},{"type":"Feature","geometry":{"type":"Polygon","coordinates":[[[36.02385,-5.00868],[36.02338,-5.00996],[36.02415,-5.01105],[36.02605,-5.0111],[36.03067,-5.01527],[36.03477,-5.0169],[36.04216,-5.01608],[36.04462,-5.01402],[36.0494,-5.01346],[36.05216,-5.0147],[36.06402,-5.01553],[36.067,-5.0183],[36.06865,-5.02789],[36.06952,-5.07642],[36.05759,-5.07629],[36.05361,-5.10351],[36.0506,-5.11568],[36.05151,-5.12704],[36.05107,-5.13663],[36.04932,-5.147],[36.04284,-5.1613],[36.03837,-5.16635],[36.02824,-5.17381],[36.02795,-5.17802],[36.01974,-5.1923],[36.01663,-5.19978],[36.01124,-5.2079],[36.00522,-5.22089],[35.9742,-5.22143],[35.94572,-5.20396],[35.93232,-5.19684],[35.91529,-5.18469],[35.89369,-5.17456],[35.8929,-5.17288],[35.89131,-5.13028],[35.89241,-5.12718],[35.89198,-5.11885],[35.89432,-5.10535],[35.89727,-5.10448],[35.90073,-5.10138],[35.90644,-5.09881],[35.91535,-5.08657],[35.92176,-5.08775],[35.9554,-5.07264],[35.94962,-5.06034],[35.96329,-5.05206],[35.98353,-5.03108],[35.99513,-5.02687],[35.99327,-5.01102],[35.99895,-5.01055],[36.00084,-5.01117],[36.00222,-5.0129],[36.00736,-5.01097],[36.01089,-5.01094],[36.014,-5.00894],[36.01749,-5.0094],[36.02277,-5.00809],[36.02385,-5.00868]]]},"properties":{"region":"Dodoma","district":"Chemba","ward":"Goima","ward_code":"121"}},{"type":"Feature","geometry":{"type":"Polygon","coordinates":[[[35.93232,-5.19684],[35.9742,-5.22143],[35.97602,-5.22133],[35.97039,-5.25467],[35.96783,-5.25831],[35.96413,-5.2678],[35.96205,-5.27023],[35.955,-5.29038],[35.95286,-5.30719],[35.94802,-5.33252],[35.94439,-5.33858],[35.91789,-5.3606],[35.89715,-5.35978],[35.83861,-5.35139],[35.85444,-5.31333],[35.85862,-5.30027],[35.8605,-5.27862],[35.85967,-5.26936],[35.83508,-5.25421],[35.817,-5.24788],[35.79715,-5.23689],[35.83833,-5.22095],[35.86689,-5.21198],[35.88323,-5.20846],[35.88779,-5.20648],[35.89411,-5.19385],[35.90452,-5.1793],[35.91529,-5.18469],[35.93232,-5.19684]]]},"properties":{"region":"Dodoma","district":"Chemba","ward":"Chemba","ward_code":"133"}},{"type":"Feature","geometry":{"type":"Polygon","coordinates":[[[35.99016,-5.2206],[36.06818,-5.22155],[36.06941,-5.22358],[36.06877,-5.22655],[36.07165,-5.22864],[36.07493,-5.22904],[36.07652,-5.23025],[36.07637,-5.23143],[36.08109,-5.23598],[36.08368,-5.24063],[36.07965,-5.24602],[36.07947,-5.24964],[36.08112,-5.24904],[36.08256,-5.25659],[36.08162,-5.26053],[36.08362,-5.26036],[36.08124,-5.26102],[36.07841,-5.27066],[36.07682,-5.31557],[36.07493,-5.31882],[36.06345,-5.3284],[36.05225,-5.33984],[36.05134,-5.34333],[36.0529,-5.35202],[36.05266,-5.36181],[36.05365,-5.36735],[36.05501,-5.37295],[36.06031,-5.38545],[36.06055,-5.39771],[36.05433,-5.39854],[36.04725,-5.39807],[36.04353,-5.39531],[36.03952,-5.39517],[36.03819,-5.39407],[36.02959,-5.39499],[36.02697,-5.39734],[36.02247,-5.39694],[36.02162,-5.39188],[36.02238,-5.39101],[36.01921,-5.38491],[36.01938,-5.38206],[36.01505,-5.38375],[36.00116,-5.38499],[35.99708,-5.38691],[35.99261,-5.39404],[35.98935,-5.40471],[35.98585,-5.41218],[35.97269,-5.41109],[35.94051,-5.41197],[35.93417,-5.41292],[35.89963,-5.41273],[35.89778,-5.4308],[35.89361,-5.43763],[35.89334,-5.45232],[35.88756,-5.45379],[35.88512,-5.45645],[35.88055,-5.45521],[35.87806,-5.45292],[35.87666,-5.44758],[35.87445,-5.44507],[35.87317,-5.44028],[35.86336,-5.43767],[35.85598,-5.4399],[35.83658,-5.43501],[35.831,-5.43251],[35.82207,-5.43142],[35.82056,-5.41873],[35.83196,-5.37],[35.83887,-5.35142],[35.89715,-5.35978],[35.91789,-5.3606],[35.94439,-5.33858],[35.94802,-5.33252],[35.95286,-5.30719],[35.955,-5.29038],[35.96205,-5.27023],[35.96413,-5.2678],[35.96783,-5.25831],[35.97039,-5.25467],[35.97602,-5.22133],[35.99016,-5.2206]]]},"properties":{"region":"Dodoma","district":"Chemba","ward":"Kidoka","ward_code":"211"}},{"type":"Feature","geometry":{"type":"Polygon","coordinates":[[[36.15369,-5.19372],[36.18223,-5.19888],[36.21219,-5.19722],[36.20422,-5.20652],[36.19896,-5.2158],[36.19806,-5.2192],[36.19622,-5.22716],[36.19782,-5.24892],[36.19698,-5.25478],[36.16059,-5.2535],[36.12325,-5.25445],[36.12284,-5.25514],[36.11522,-5.25394],[36.10361,-5.25767],[36.10015,-5.25727],[36.08162,-5.26053],[36.08256,-5.25659],[36.08112,-5.24904],[36.07947,-5.24964],[36.07965,-5.24602],[36.08636,-5.23677],[36.0932,-5.22282],[36.09552,-5.22255],[36.12146,-5.19362],[36.12562,-5.19488],[36.12788,-5.19819],[36.14117,-5.19302],[36.15369,-5.19372]]]},"properties":{"region":"Dodoma","district":"Chemba","ward":"Soya","ward_code":"263"}},{"type":"Feature","geometry":{"type":"MultiPolygon","coordinates":[[[[35.42276,-5.48446],[35.42486,-5.48546],[35.42684,-5.48487],[35.42928,-5.4857],[35.43064,-5.48454],[35.44604,-5.51712],[35.47069,-5.50829],[35.48297,-5.50096],[35.4894,-5.49586],[35.50256,-5.48981],[35.50971,-5.48893],[35.51087,-5.49052],[35.5091,-5.51932],[35.50657,-5.52805],[35.50355,-5.53413],[35.50188,-5.54172],[35.50724,-5.56255],[35.501,-5.57165],[35.50092,-5.57364],[35.49548,-5.58651],[35.48058,-5.61399],[35.47704,-5.62293],[35.45288,-5.62161],[35.43109,-5.61923],[35.42029,-5.61593],[35.41992,-5.6],[35.42108,-5.58902],[35.41992,-5.58163],[35.42048,-5.5739],[35.41894,-5.57514],[35.4187,-5.57247],[35.41649,-5.57362],[35.41714,-5.57489],[35.41407,-5.57445],[35.41457,-5.57607],[35.41229,-5.57833],[35.41053,-5.57778],[35.40774,-5.57883],[35.40576,-5.57812],[35.40538,-5.57988],[35.40342,-5.57909],[35.40269,-5.5805],[35.3994,-5.58069],[35.39686,-5.58421],[35.3936,-5.58364],[35.39305,-5.58703],[35.38952,-5.58482],[35.38823,-5.58539],[35.38727,-5.58433],[35.3862,-5.58471],[35.38604,-5.58389],[35.38439,-5.58569],[35.38274,-5.58491],[35.38157,-5.58573],[35.37899,-5.58407],[35.37989,-5.58138],[35.38146,-5.5803],[35.38136,-5.57923],[35.37872,-5.57693],[35.38006,-5.57254],[35.37835,-5.56901],[35.37927,-5.56314],[35.3776,-5.55947],[35.38041,-5.55471],[35.37859,-5.55027],[35.37903,-5.54735],[35.38006,-5.54576],[35.38387,-5.5452],[35.38638,-5.53599],[35.3833,-5.52627],[35.38087,-5.52333],[35.38225,-5.52066],[35.3822,-5.51691],[35.38096,-5.51501],[35.38252,-5.51141],[35.3801,-5.50911],[35.37885,-5.50609],[35.37955,-5.50222],[35.3821,-5.50093],[35.38484,-5.50144],[35.38558,-5.50073],[35.38838,-5.50168],[35.3895,-5.49962],[35.38997,-5.50042],[35.3907,-5.49964],[35.39176,-5.50029],[35.39234,-5.49822],[35.39319,-5.49897],[35.39347,-5.49697],[35.39434,-5.49727],[35.39441,-5.49611],[35.39696,-5.4946],[35.40283,-5.49603],[35.40419,-5.49421],[35.40387,-5.49327],[35.40597,-5.49327],[35.40661,-5.49225],[35.40761,-5.49273],[35.4098,-5.49127],[35.40986,-5.48943],[35.41187,-5.48963],[35.41476,-5.48712],[35.41791,-5.48713],[35.41917,-5.4853],[35.42005,-5.4863],[35.42276,-5.48446]]],[[[35.6651,-5.46507],[35.66438,-5.49209],[35.66778,-5.50341],[35.66608,-5.51792],[35.66647,-5.53096],[35.66523,-5.55583],[35.67004,-5.56786],[35.66956,-5.56962],[35.66155,-5.57387],[35.65624,-5.58083],[35.65392,-5.58152],[35.65345,-5.58429],[35.65112,-5.58695],[35.63732,-5.58516],[35.62681,-5.59143],[35.61457,-5.59596],[35.617,-5.57443],[35.61692,-5.55841],[35.61824,-5.55214],[35.61609,-5.54515],[35.61707,-5.54184],[35.61407,-5.5322],[35.61487,-5.51633],[35.61292,-5.51163],[35.60352,-5.49692],[35.59149,-5.47251],[35.59009,-5.46735],[35.59976,-5.46558],[35.61726,-5.46493],[35.63338,-5.46297],[35.6651,-5.46507]]]]},"properties":{"region":"Dodoma","district":"Chemba","ward":"Makorongo","ward_code":"011"}},{"type":"Feature","geometry":{"type":"Polygon","coordinates":[[[35.7367,-5.21387],[35.73949,-5.21619],[35.74458,-5.21559],[35.74501,-5.21264],[35.76435,-5.21728],[35.81079,-5.24474],[35.817,-5.24788],[35.83508,-5.25421],[35.85967,-5.2694],[35.8605,-5.27862],[35.85862,-5.30027],[35.85504,-5.31179],[35.83964,-5.35047],[35.83861,-5.35139],[35.83196,-5.37],[35.82056,-5.41873],[35.82207,-5.43142],[35.78834,-5.43617],[35.78149,-5.43989],[35.77654,-5.44529],[35.76454,-5.45392],[35.7628,-5.4572],[35.73228,-5.45376],[35.7439,-5.38739],[35.73616,-5.37881],[35.73049,-5.37558],[35.72651,-5.37139],[35.70917,-5.35895],[35.69583,-5.3503],[35.6771,-5.34105],[35.64454,-5.32745],[35.63175,-5.34438],[35.61886,-5.35813],[35.61,-5.34249],[35.593,-5.3192],[35.59708,-5.30719],[35.60033,-5.29124],[35.60323,-5.28925],[35.61079,-5.27322],[35.61353,-5.27181],[35.61503,-5.26919],[35.62324,-5.26451],[35.64173,-5.25726],[35.65128,-5.25457],[35.65525,-5.2522],[35.65856,-5.24881],[35.69839,-5.18924],[35.7155,-5.16526],[35.72211,-5.18048],[35.73231,-5.19464],[35.73267,-5.19849],[35.73511,-5.20227],[35.7367,-5.21387]]]},"properties":{"region":"Dodoma","district":"Chemba","ward":"Gwandi","ward_code":"151"}},{"type":"Feature","geometry":{"type":"Polygon","coordinates":[[[35.58631,-5.26855],[35.61413,-5.26901],[35.61468,-5.2698],[35.61353,-5.27181],[35.61079,-5.27322],[35.60323,-5.28925],[35.60033,-5.29124],[35.59708,-5.30719],[35.593,-5.3192],[35.61,-5.34249],[35.62172,-5.36206],[35.63391,-5.37602],[35.64223,-5.38799],[35.64519,-5.38938],[35.64938,-5.39957],[35.65268,-5.42098],[35.65465,-5.42441],[35.6559,-5.42429],[35.66331,-5.44903],[35.6654,-5.46498],[35.63338,-5.46297],[35.61726,-5.46493],[35.59976,-5.46558],[35.59009,-5.46735],[35.59149,-5.47251],[35.60352,-5.49692],[35.61432,-5.51444],[35.61512,-5.5198],[35.61371,-5.52774],[35.61407,-5.5322],[35.61707,-5.54184],[35.61609,-5.54515],[35.57849,-5.54465],[35.52744,-5.54147],[35.50188,-5.54172],[35.50355,-5.53413],[35.50657,-5.52805],[35.50931,-5.51803],[35.51087,-5.49052],[35.50971,-5.48893],[35.50256,-5.48981],[35.4894,-5.49586],[35.48297,-5.50096],[35.47069,-5.50829],[35.44604,-5.51712],[35.43064,-5.48454],[35.42928,-5.4857],[35.42684,-5.48487],[35.42486,-5.48546],[35.42304,-5.48447],[35.42005,-5.4863],[35.41917,-5.4853],[35.41791,-5.48713],[35.41476,-5.48712],[35.41187,-5.48963],[35.40986,-5.48943],[35.40994,-5.49101],[35.40855,-5.49225],[35.40387,-5.49327],[35.40419,-5.49421],[35.40283,-5.49603],[35.39696,-5.4946],[35.39441,-5.49611],[35.39434,-5.49727],[35.39347,-5.49697],[35.39319,-5.49897],[35.39234,-5.49822],[35.39176,-5.50029],[35.3907,-5.49964],[35.38997,-5.50042],[35.3895,-5.49962],[35.38838,-5.50168],[35.38558,-5.50073],[35.38484,-5.50144],[35.3821,-5.50093],[35.37955,-5.50222],[35.38027,-5.48542],[35.38215,-5.47999],[35.37929,-5.47565],[35.37883,-5.46527],[35.40178,-5.44778],[35.4157,-5.43941],[35.42586,-5.43027],[35.4338,-5.42546],[35.44576,-5.41502],[35.44126,-5.39739],[35.45011,-5.3937],[35.4527,-5.38763],[35.46607,-5.3726],[35.47168,-5.36955],[35.47791,-5.36443],[35.48969,-5.36052],[35.51428,-5.33635],[35.50867,-5.30364],[35.50928,-5.30254],[35.51794,-5.30146],[35.52849,-5.29674],[35.54269,-5.28502],[35.54566,-5.28137],[35.54883,-5.28046],[35.55292,-5.27667],[35.55652,-5.27526],[35.57367,-5.27044],[35.58631,-5.26855]]]},"properties":{"region":"Dodoma","district":"Chemba","ward":"Farkwa","ward_code":"161"}},{"type":"Feature","geometry":{"type":"Polygon","coordinates":[[[35.73565,-5.37853],[35.7439,-5.38739],[35.73228,-5.45376],[35.76101,-5.45694],[35.7271,-5.47655],[35.71758,-5.48784],[35.71792,-5.49184],[35.72074,-5.50066],[35.7187,-5.50639],[35.71539,-5.50818],[35.71448,-5.53625],[35.71091,-5.55659],[35.70689,-5.57131],[35.68028,-5.58538],[35.66668,-5.59151],[35.6559,-5.59481],[35.65497,-5.59151],[35.65112,-5.58695],[35.65345,-5.58429],[35.65358,-5.58199],[35.65624,-5.58083],[35.66155,-5.57387],[35.66892,-5.5702],[35.67004,-5.56786],[35.66523,-5.55583],[35.66647,-5.53096],[35.66608,-5.51792],[35.66778,-5.50341],[35.66438,-5.49209],[35.6654,-5.46498],[35.66331,-5.44903],[35.6559,-5.42429],[35.65465,-5.42441],[35.65268,-5.42098],[35.64938,-5.39957],[35.64519,-5.38938],[35.64223,-5.38799],[35.63558,-5.37814],[35.61886,-5.35813],[35.63175,-5.34438],[35.64454,-5.32745],[35.6771,-5.34105],[35.69583,-5.3503],[35.70917,-5.35895],[35.72651,-5.37139],[35.73049,-5.37558],[35.73565,-5.37853]]]},"properties":{"region":"Dodoma","district":"Chemba","ward":"Tumbakose","ward_code":"221"}},{"type":"Feature","geometry":{"type":"Polygon","coordinates":[[[35.52744,-5.54147],[35.57849,-5.54465],[35.61609,-5.54515],[35.61824,-5.55214],[35.61692,-5.55841],[35.617,-5.57443],[35.61457,-5.59596],[35.62681,-5.59143],[35.63732,-5.58516],[35.65237,-5.5876],[35.65497,-5.59151],[35.6559,-5.59481],[35.66668,-5.59151],[35.68028,-5.58538],[35.70689,-5.57131],[35.71679,-5.6038],[35.72416,-5.61816],[35.72449,-5.62449],[35.72018,-5.62561],[35.71376,-5.62898],[35.71311,-5.63165],[35.71136,-5.63088],[35.71052,-5.63172],[35.70715,-5.63175],[35.70475,-5.63022],[35.70259,-5.63025],[35.70142,-5.63036],[35.69819,-5.63361],[35.6959,-5.63203],[35.69325,-5.63352],[35.69196,-5.63261],[35.68829,-5.63763],[35.68451,-5.63976],[35.68283,-5.63929],[35.67669,-5.64563],[35.67009,-5.6487],[35.66396,-5.64833],[35.63432,-5.63615],[35.61377,-5.60615],[35.59645,-5.6187],[35.5893,-5.62551],[35.57328,-5.63523],[35.55998,-5.64464],[35.55384,-5.65016],[35.54876,-5.65714],[35.52225,-5.6676],[35.51923,-5.66663],[35.51257,-5.66866],[35.49224,-5.67231],[35.48745,-5.67447],[35.48618,-5.67672],[35.48248,-5.67829],[35.46317,-5.67997],[35.45992,-5.64587],[35.45951,-5.63586],[35.46077,-5.63026],[35.45992,-5.62204],[35.47704,-5.62293],[35.48058,-5.61399],[35.49548,-5.58651],[35.50092,-5.57364],[35.501,-5.57165],[35.50724,-5.56255],[35.50188,-5.54172],[35.52744,-5.54147]]]},"properties":{"region":"Dodoma","district":"Chemba","ward":"Babayu","ward_code":"251"}},{"type":"Feature","geometry":{"type":"Polygon","coordinates":[[[35.24394,-5.08632],[35.25176,-5.09803],[35.25257,-5.10251],[35.25705,-5.11133],[35.25878,-5.11789],[35.2645,-5.12678],[35.26785,-5.12977],[35.2691,-5.13728],[35.26874,-5.14695],[35.27026,-5.16456],[35.2727,-5.17926],[35.27429,-5.18305],[35.28621,-5.1831],[35.3011,-5.18506],[35.30899,-5.18483],[35.35312,-5.21173],[35.3501,-5.22406],[35.34509,-5.25335],[35.34149,-5.25573],[35.33648,-5.26117],[35.3247,-5.27575],[35.31939,-5.2774],[35.31604,-5.28401],[35.27673,-5.33281],[35.2472,-5.31743],[35.19628,-5.29921],[35.17167,-5.2996],[35.15673,-5.29711],[35.14995,-5.30152],[35.12236,-5.33706],[35.11991,-5.33533],[35.1194,-5.33352],[35.11764,-5.33317],[35.11537,-5.32983],[35.11577,-5.32856],[35.11419,-5.32692],[35.11452,-5.3225],[35.11176,-5.31857],[35.11217,-5.31603],[35.11123,-5.31539],[35.11149,-5.31437],[35.10966,-5.31427],[35.11113,-5.31026],[35.10926,-5.30916],[35.10923,-5.30837],[35.11074,-5.30815],[35.10928,-5.30692],[35.11125,-5.30544],[35.11065,-5.30185],[35.10721,-5.29944],[35.0992,-5.28402],[35.09655,-5.28343],[35.0932,-5.27933],[35.09077,-5.26944],[35.08916,-5.25539],[35.08996,-5.24929],[35.09356,-5.23947],[35.0963,-5.23627],[35.09358,-5.22727],[35.09551,-5.21951],[35.09191,-5.20796],[35.09246,-5.20587],[35.09033,-5.19441],[35.09193,-5.18666],[35.11772,-5.18689],[35.13878,-5.18874],[35.15012,-5.19101],[35.15367,-5.19101],[35.15789,-5.19],[35.15768,-5.1888],[35.16009,-5.18866],[35.20171,-5.19079],[35.20055,-5.18481],[35.19216,-5.16466],[35.2227,-5.16318],[35.22314,-5.15696],[35.22687,-5.1513],[35.22952,-5.14147],[35.23625,-5.09213],[35.24072,-5.0917],[35.24394,-5.08632]]]},"properties":{"region":"Dodoma","district":"Chemba","ward":"Ovada","ward_code":"021"}},{"type":"Feature","geometry":{"type":"Polygon","coordinates":[[[35.26226,-5.45634],[35.26771,-5.46354],[35.27255,-5.46564],[35.28866,-5.48102],[35.30114,-5.4862],[35.33168,-5.48651],[35.33302,-5.48502],[35.33306,-5.48263],[35.33452,-5.48273],[35.33681,-5.48047],[35.37883,-5.46527],[35.37929,-5.47565],[35.38215,-5.47999],[35.38027,-5.48542],[35.37885,-5.50609],[35.3801,-5.50911],[35.38252,-5.51141],[35.38096,-5.51501],[35.3822,-5.51691],[35.38225,-5.52066],[35.38087,-5.52333],[35.3833,-5.52627],[35.38638,-5.53599],[35.38387,-5.5452],[35.38006,-5.54576],[35.37903,-5.54735],[35.37859,-5.55027],[35.38041,-5.55471],[35.3776,-5.55947],[35.37927,-5.56314],[35.37835,-5.56901],[35.38006,-5.57254],[35.37872,-5.57693],[35.38136,-5.57923],[35.38146,-5.5803],[35.37989,-5.58138],[35.37899,-5.58407],[35.38157,-5.58573],[35.38274,-5.58491],[35.38439,-5.58569],[35.38604,-5.58389],[35.3862,-5.58471],[35.38727,-5.58433],[35.38823,-5.58539],[35.38952,-5.58482],[35.39305,-5.58703],[35.3936,-5.58364],[35.39686,-5.58421],[35.3994,-5.58069],[35.40269,-5.5805],[35.40342,-5.57909],[35.40538,-5.57988],[35.40576,-5.57812],[35.40774,-5.57883],[35.41053,-5.57778],[35.41229,-5.57833],[35.41457,-5.57607],[35.41407,-5.57445],[35.41714,-5.57489],[35.41649,-5.57362],[35.4187,-5.57247],[35.41894,-5.57514],[35.42048,-5.5739],[35.41992,-5.58163],[35.42108,-5.59103],[35.41992,-5.6],[35.42029,-5.61593],[35.43109,-5.61923],[35.45991,-5.62185],[35.46077,-5.63026],[35.45951,-5.63586],[35.45992,-5.64587],[35.46317,-5.67997],[35.45914,-5.68079],[35.45393,-5.68515],[35.44746,-5.68524],[35.4409,-5.6866],[35.42245,-5.69237],[35.39373,-5.6881],[35.35118,-5.67747],[35.35204,-5.67682],[35.35235,-5.67294],[35.34902,-5.66824],[35.34455,-5.66303],[35.33677,-5.65884],[35.33029,-5.65174],[35.32604,-5.64375],[35.31753,-5.63221],[35.30144,-5.62228],[35.2924,-5.6105],[35.27985,-5.60679],[35.27033,-5.60511],[35.25169,-5.5835],[35.25062,-5.57978],[35.25123,-5.57775],[35.25064,-5.57286],[35.25281,-5.56923],[35.24981,-5.56553],[35.24976,-5.56329],[35.25144,-5.56224],[35.25195,-5.55876],[35.24872,-5.55856],[35.2483,-5.55722],[35.24583,-5.55554],[35.24549,-5.55428],[35.24654,-5.55348],[35.2444,-5.55018],[35.24442,-5.54597],[35.24121,-5.54469],[35.24177,-5.54208],[35.23963,-5.53987],[35.23581,-5.54092],[35.23517,-5.53766],[35.23091,-5.5377],[35.2281,-5.5362],[35.22693,-5.53333],[35.22528,-5.5343],[35.22428,-5.53254],[35.22209,-5.53226],[35.22029,-5.52862],[35.21832,-5.52973],[35.2181,-5.5272],[35.21612,-5.52748],[35.21502,-5.52593],[35.2126,-5.5267],[35.21121,-5.5257],[35.2089,-5.52206],[35.20534,-5.51981],[35.20372,-5.51648],[35.20476,-5.51536],[35.20379,-5.51256],[35.20125,-5.51214],[35.199,-5.50952],[35.19888,-5.5057],[35.19664,-5.50201],[35.19849,-5.49936],[35.19682,-5.49799],[35.19977,-5.49632],[35.19871,-5.49555],[35.19813,-5.49227],[35.19573,-5.48951],[35.19779,-5.48714],[35.19814,-5.48104],[35.19499,-5.47984],[35.19447,-5.479],[35.19599,-5.47612],[35.19288,-5.47449],[35.19183,-5.47128],[35.18875,-5.46944],[35.191,-5.46763],[35.1906,-5.46685],[35.18899,-5.46668],[35.18819,-5.46485],[35.18579,-5.4642],[35.18654,-5.46195],[35.1969,-5.46125],[35.21191,-5.45805],[35.22657,-5.45616],[35.23382,-5.45634],[35.24912,-5.45483],[35.26226,-5.45634]]]},"properties":{"region":"Dodoma","district":"Chemba","ward":"Mpendo","ward_code":"171"}},{"type":"Feature","geometry":{"type":"Polygon","coordinates":[[[35.45288,-5.30065],[35.47327,-5.31707],[35.47748,-5.31615],[35.50862,-5.3036],[35.51428,-5.33635],[35.48969,-5.36052],[35.47791,-5.36443],[35.47168,-5.36955],[35.46607,-5.3726],[35.4527,-5.38763],[35.45011,-5.3937],[35.44126,-5.39739],[35.44576,-5.41502],[35.4338,-5.42546],[35.42586,-5.43027],[35.4157,-5.43941],[35.40178,-5.44778],[35.37883,-5.46527],[35.33681,-5.48047],[35.33452,-5.48273],[35.33306,-5.48263],[35.33302,-5.48502],[35.33168,-5.48651],[35.29961,-5.486],[35.28866,-5.48102],[35.27255,-5.46564],[35.26771,-5.46354],[35.26226,-5.45634],[35.25988,-5.45555],[35.24912,-5.45483],[35.23382,-5.45634],[35.22657,-5.45616],[35.21191,-5.45805],[35.1969,-5.46125],[35.18654,-5.46195],[35.18649,-5.45945],[35.1823,-5.46125],[35.18116,-5.45674],[35.17629,-5.45522],[35.1738,-5.45043],[35.1717,-5.45091],[35.17057,-5.4497],[35.17113,-5.44686],[35.1703,-5.44762],[35.16954,-5.4464],[35.16791,-5.44643],[35.16845,-5.44381],[35.1655,-5.44101],[35.16454,-5.44189],[35.16305,-5.44105],[35.16053,-5.44323],[35.15728,-5.43997],[35.15721,-5.43774],[35.15545,-5.43755],[35.15508,-5.43655],[35.15217,-5.43528],[35.15313,-5.43324],[35.15602,-5.43257],[35.15628,-5.43129],[35.15108,-5.42823],[35.15493,-5.42822],[35.1556,-5.42673],[35.14929,-5.42643],[35.15159,-5.42388],[35.14918,-5.42157],[35.14966,-5.41936],[35.14694,-5.41595],[35.14408,-5.4149],[35.14358,-5.4131],[35.13856,-5.41381],[35.13898,-5.41248],[35.13791,-5.4099],[35.13891,-5.40828],[35.13625,-5.4058],[35.1359,-5.40151],[35.13748,-5.39944],[35.13556,-5.39731],[35.13593,-5.39481],[35.13521,-5.39358],[35.13306,-5.39287],[35.13392,-5.39078],[35.13175,-5.38827],[35.13179,-5.38611],[35.12941,-5.38363],[35.13025,-5.38215],[35.1273,-5.38046],[35.12774,-5.37616],[35.12484,-5.37569],[35.12607,-5.37237],[35.12525,-5.37133],[35.12664,-5.36854],[35.12621,-5.36668],[35.12718,-5.3653],[35.1247,-5.36292],[35.12393,-5.3602],[35.12454,-5.35895],[35.12348,-5.3579],[35.1246,-5.35394],[35.12586,-5.35383],[35.12708,-5.35069],[35.12604,-5.34818],[35.12761,-5.34464],[35.12454,-5.33821],[35.12279,-5.33802],[35.12236,-5.33706],[35.14995,-5.30152],[35.15673,-5.29711],[35.17167,-5.2996],[35.19628,-5.29921],[35.2472,-5.31743],[35.27673,-5.33281],[35.31604,-5.28401],[35.31939,-5.2774],[35.3247,-5.27575],[35.33648,-5.26117],[35.34149,-5.25573],[35.34509,-5.25335],[35.36328,-5.25683],[35.39429,-5.26977],[35.4353,-5.29003],[35.45288,-5.30065]]]},"properties":{"region":"Dodoma","district":"Chemba","ward":"Sanzawa","ward_code":"181"}},{"type":"Feature","geometry":{"type":"Polygon","coordinates":[[[35.49311,-5.04319],[35.54248,-5.10669],[35.5531,-5.11719],[35.56025,-5.12244],[35.5683,-5.13342],[35.57129,-5.14001],[35.59631,-5.17078],[35.60793,-5.18362],[35.63632,-5.22335],[35.65856,-5.24881],[35.65525,-5.2522],[35.65128,-5.25457],[35.64173,-5.25726],[35.62372,-5.26428],[35.61468,-5.2698],[35.61413,-5.26901],[35.60968,-5.26873],[35.58631,-5.26855],[35.57367,-5.27044],[35.55652,-5.27526],[35.55292,-5.27667],[35.54883,-5.28046],[35.54566,-5.28137],[35.54269,-5.28502],[35.52849,-5.29674],[35.51794,-5.30146],[35.50928,-5.30254],[35.50867,-5.30364],[35.5033,-5.30627],[35.47327,-5.31707],[35.4613,-5.30663],[35.44647,-5.29614],[35.4353,-5.29003],[35.39429,-5.26977],[35.36328,-5.25683],[35.34509,-5.25335],[35.3501,-5.22406],[35.35312,-5.21173],[35.35844,-5.21494],[35.37878,-5.19159],[35.38291,-5.16792],[35.42979,-5.1542],[35.44202,-5.1153],[35.43974,-5.11224],[35.43636,-5.11014],[35.43472,-5.11062],[35.43234,-5.1064],[35.4402,-5.10008],[35.43844,-5.09011],[35.44633,-5.09406],[35.45332,-5.08294],[35.49311,-5.04319]]]},"properties":{"region":"Dodoma","district":"Chemba","ward":"Kwamtoro","ward_code":"191"}},{"type":"Feature","geometry":{"type":"Polygon","coordinates":[[[35.25524,-5.0015],[35.2556,-5.00282],[35.25849,-5.00303],[35.25814,-5.00457],[35.26332,-5.00604],[35.27007,-5.01248],[35.27097,-5.01206],[35.27193,-5.01288],[35.27173,-5.01358],[35.27531,-5.01346],[35.27595,-5.01497],[35.27799,-5.01556],[35.27978,-5.01458],[35.28241,-5.01624],[35.28553,-5.01599],[35.28622,-5.01722],[35.28713,-5.01729],[35.2876,-5.01598],[35.29216,-5.02006],[35.29359,-5.01996],[35.29454,-5.02195],[35.29569,-5.02121],[35.29634,-5.02248],[35.30012,-5.02107],[35.3023,-5.01868],[35.30392,-5.01932],[35.30469,-5.0185],[35.30505,-5.02034],[35.30726,-5.02108],[35.30882,-5.02287],[35.30968,-5.02263],[35.30939,-5.02158],[35.31799,-5.01887],[35.32192,-5.02024],[35.32386,-5.07895],[35.32318,-5.08266],[35.32501,-5.10787],[35.32795,-5.12017],[35.3276,-5.12903],[35.32838,-5.13354],[35.33078,-5.13976],[35.34948,-5.13526],[35.35592,-5.13438],[35.35854,-5.13527],[35.3567,-5.13841],[35.37424,-5.15559],[35.38291,-5.16792],[35.37878,-5.19159],[35.35844,-5.21494],[35.30899,-5.18483],[35.3011,-5.18506],[35.28621,-5.1831],[35.27429,-5.18305],[35.2727,-5.17926],[35.27026,-5.16456],[35.26874,-5.14695],[35.2691,-5.13728],[35.26785,-5.12977],[35.2645,-5.12678],[35.25878,-5.11789],[35.25705,-5.11133],[35.25257,-5.10251],[35.25176,-5.09803],[35.24512,-5.08789],[35.24394,-5.08632],[35.24072,-5.0917],[35.23464,-5.0922],[35.20229,-5.06665],[35.18813,-5.05788],[35.18782,-5.0413],[35.18667,-5.03727],[35.20063,-5.02894],[35.20626,-5.0221],[35.21969,-5.01058],[35.23085,-5.00265],[35.23881,-5.00156],[35.24493,-4.99679],[35.24766,-4.99824],[35.24771,-4.9991],[35.25177,-4.99953],[35.25524,-5.0015]]]},"properties":{"region":"Dodoma","district":"Chemba","ward":"Lalta","ward_code":"201"}},{"type":"Feature","geometry":{"type":"Polygon","coordinates":[[[35.34789,-4.85743],[35.35926,-4.85926],[35.36416,-4.8618],[35.37935,-4.86685],[35.383,-4.86473],[35.39423,-4.86405],[35.3987,-4.86572],[35.40478,-4.86264],[35.41229,-4.86942],[35.41412,-4.86991],[35.42108,-4.86777],[35.4303,-4.86319],[35.43548,-4.89767],[35.4491,-4.94497],[35.44971,-4.95169],[35.4541,-4.96609],[35.46108,-5.00591],[35.46289,-5.00997],[35.4809,-5.02838],[35.49311,-5.04319],[35.45332,-5.08294],[35.44633,-5.09406],[35.43844,-5.09011],[35.4402,-5.10008],[35.43234,-5.1064],[35.43472,-5.11062],[35.43636,-5.11014],[35.43974,-5.11224],[35.44202,-5.1153],[35.42979,-5.1542],[35.38291,-5.16792],[35.37424,-5.15559],[35.3567,-5.13841],[35.35854,-5.13527],[35.35592,-5.13438],[35.34948,-5.13526],[35.33078,-5.13976],[35.32838,-5.13354],[35.3276,-5.12903],[35.32795,-5.12017],[35.32501,-5.10787],[35.32318,-5.08266],[35.32386,-5.07895],[35.32192,-5.02024],[35.31799,-5.01887],[35.30939,-5.02158],[35.30968,-5.02263],[35.30882,-5.02287],[35.30726,-5.02108],[35.30505,-5.02034],[35.30469,-5.0185],[35.30392,-5.01932],[35.3023,-5.01868],[35.30012,-5.02107],[35.29634,-5.02248],[35.29569,-5.02121],[35.29454,-5.02195],[35.29359,-5.01996],[35.29216,-5.02006],[35.2876,-5.01598],[35.28713,-5.01729],[35.28622,-5.01722],[35.28553,-5.01599],[35.28241,-5.01624],[35.27978,-5.01458],[35.27799,-5.01556],[35.27595,-5.01497],[35.27531,-5.01346],[35.27173,-5.01358],[35.27193,-5.01288],[35.27097,-5.01206],[35.27007,-5.01248],[35.26281,-5.00567],[35.25814,-5.00457],[35.25849,-5.00303],[35.2556,-5.00282],[35.25524,-5.0015],[35.25177,-4.99953],[35.24771,-4.9991],[35.24766,-4.99824],[35.24493,-4.99679],[35.25642,-4.98716],[35.27073,-4.98123],[35.281,-4.98059],[35.3051,-4.95183],[35.31964,-4.92852],[35.33208,-4.90194],[35.34688,-4.86641],[35.34552,-4.85972],[35.34446,-4.85881],[35.34628,-4.85624],[35.34789,-4.85743]]]},"properties":{"region":"Dodoma","district":"Chemba","ward":"Lahoda","ward_code":"231"}},{"type":"Feature","geometry":{"type":"Polygon","coordinates":[[[35.20229,-5.06665],[35.23464,-5.0922],[35.23625,-5.09213],[35.22952,-5.14147],[35.22687,-5.1513],[35.22314,-5.15696],[35.2227,-5.16318],[35.19216,-5.16466],[35.20055,-5.18481],[35.20171,-5.19079],[35.16009,-5.18866],[35.15768,-5.1888],[35.15789,-5.19],[35.15367,-5.19101],[35.15012,-5.19101],[35.13878,-5.18874],[35.11772,-5.18689],[35.09193,-5.18666],[35.10293,-5.15778],[35.11212,-5.14204],[35.11282,-5.13495],[35.1076,-5.12379],[35.11183,-5.1157],[35.11193,-5.11364],[35.11886,-5.11231],[35.12175,-5.11002],[35.12158,-5.10831],[35.12494,-5.09889],[35.12558,-5.09343],[35.12377,-5.09326],[35.13919,-5.07021],[35.15937,-5.04735],[35.17389,-5.03575],[35.18667,-5.03727],[35.18782,-5.0413],[35.18813,-5.05788],[35.20229,-5.06665]]]},"properties":{"region":"Dodoma","district":"Chemba","ward":"Kinyamsindo","ward_code":"241"}}]}