{"type":"FeatureCollection","features":[{"type":"Feature","geometry":{"type":"Polygon","coordinates":[[[32.03714,-2.68688],[32.05109,-2.69342],[32.05515,-2.7058],[32.05144,-2.72248],[32.06991,-2.71996],[32.09979,-2.70564],[32.09608,-2.72137],[32.08868,-2.7362],[32.09128,-2.74636],[32.08088,-2.75642],[32.08048,-2.75553],[32.08088,-2.75642],[32.07815,-2.75843],[32.07023,-2.77012],[32.04997,-2.77194],[32.04596,-2.76693],[32.02274,-2.75153],[32.01208,-2.74989],[32.00713,-2.74456],[32.00547,-2.74077],[32.00226,-2.73905],[32.00084,-2.73346],[32.00386,-2.72496],[32.00095,-2.72231],[31.99992,-2.71431],[32.00183,-2.71109],[32.01339,-2.7149],[32.0147,-2.704],[32.0115,-2.69918],[32.01543,-2.69773],[32.02377,-2.69663],[32.02794,-2.69321],[32.03185,-2.69274],[32.03714,-2.68688]]]},"properties":{"region":"Geita","district":"Geita","ward":"Kagu","ward_code":"011"}},{"type":"Feature","geometry":{"type":"Polygon","coordinates":[[[32.21751,-2.64963],[32.21816,-2.6664],[32.22034,-2.67147],[32.21997,-2.67662],[32.22102,-2.67955],[32.2189,-2.68192],[32.21677,-2.68755],[32.21693,-2.69195],[32.213,-2.69404],[32.20917,-2.7059],[32.2135,-2.7146],[32.21185,-2.73013],[32.2163,-2.7416],[32.2112,-2.75371],[32.21062,-2.76224],[32.21248,-2.77148],[32.21051,-2.78092],[32.18489,-2.7972],[32.18068,-2.7965],[32.17627,-2.79334],[32.16768,-2.79206],[32.15963,-2.79322],[32.15534,-2.79998],[32.14341,-2.80503],[32.13646,-2.7971],[32.12687,-2.79181],[32.12954,-2.78204],[32.13365,-2.77685],[32.13516,-2.77078],[32.13575,-2.76532],[32.13417,-2.75772],[32.13548,-2.74882],[32.12744,-2.75056],[32.12055,-2.7501],[32.11953,-2.74087],[32.1098,-2.73909],[32.11756,-2.72218],[32.11995,-2.70922],[32.12351,-2.69963],[32.11142,-2.67824],[32.1092,-2.66608],[32.10672,-2.66256],[32.10558,-2.65356],[32.13928,-2.66507],[32.15527,-2.6649],[32.15844,-2.66745],[32.16123,-2.66596],[32.16645,-2.666],[32.16553,-2.65724],[32.16691,-2.65239],[32.17256,-2.64199],[32.17314,-2.63914],[32.17794,-2.63464],[32.19395,-2.6332],[32.20866,-2.63497],[32.20789,-2.6402],[32.21751,-2.64963]]]},"properties":{"region":"Geita","district":"Geita","ward":"Bugulula","ward_code":"021"}},{"type":"Feature","geometry":{"type":"Polygon","coordinates":[[[32.02212,-2.59008],[32.03129,-2.59248],[32.03035,-2.61092],[32.03474,-2.63066],[32.0354,-2.64241],[32.03844,-2.65042],[32.03552,-2.65859],[32.07519,-2.66225],[32.09851,-2.6661],[32.1092,-2.66608],[32.11142,-2.67824],[32.11874,-2.69071],[32.11305,-2.69699],[32.10676,-2.69969],[32.09979,-2.70564],[32.06991,-2.71996],[32.05144,-2.72248],[32.05515,-2.7058],[32.05109,-2.69342],[32.03714,-2.68688],[32.03185,-2.69274],[32.02794,-2.69321],[32.02377,-2.69663],[32.01543,-2.69773],[32.0115,-2.69918],[32.00996,-2.69686],[32.00723,-2.69753],[32.0006,-2.68715],[31.99414,-2.68647],[31.99194,-2.6871],[31.99266,-2.67895],[31.99514,-2.6789],[31.9948,-2.67201],[31.98899,-2.66787],[31.98585,-2.65959],[31.97533,-2.65142],[31.97367,-2.65154],[31.97181,-2.64545],[31.96718,-2.64289],[31.9648,-2.63975],[31.96239,-2.63924],[31.96267,-2.63642],[31.95927,-2.62856],[31.95615,-2.62476],[31.95202,-2.62263],[31.94812,-2.62201],[31.94389,-2.6191],[31.9393,-2.61171],[31.93119,-2.60874],[31.93213,-2.59749],[31.94222,-2.59355],[31.94699,-2.59625],[31.95657,-2.59729],[31.9786,-2.6023],[31.99591,-2.59923],[32.00519,-2.59322],[32.00491,-2.59015],[32.02212,-2.59008]]]},"properties":{"region":"Geita","district":"Geita","ward":"Senga","ward_code":"031"}},{"type":"Feature","geometry":{"type":"Polygon","coordinates":[[[32.10484,-2.57988],[32.11679,-2.5961],[32.12138,-2.62142],[32.12564,-2.62847],[32.12697,-2.63315],[32.12712,-2.64675],[32.12332,-2.65939],[32.10558,-2.65356],[32.10672,-2.66256],[32.1092,-2.66608],[32.1058,-2.66656],[32.05897,-2.66039],[32.03552,-2.65859],[32.03844,-2.65042],[32.0354,-2.64241],[32.03474,-2.63066],[32.03035,-2.61092],[32.03129,-2.59248],[32.04848,-2.59442],[32.04982,-2.59585],[32.05431,-2.597],[32.0718,-2.59423],[32.08402,-2.588],[32.10484,-2.57988]]]},"properties":{"region":"Geita","district":"Geita","ward":"Kakubilo","ward_code":"043"}},{"type":"Feature","geometry":{"type":"MultiPolygon","coordinates":[[[[32.07126,-2.52632],[32.07739,-2.53018],[32.08044,-2.52848],[32.08628,-2.54442],[32.08439,-2.55052],[32.0805,-2.55434],[32.07941,-2.55827],[32.07508,-2.56276],[32.06726,-2.56854],[32.06046,-2.57002],[32.05957,-2.57315],[32.06043,-2.57608],[32.05893,-2.58158],[32.05264,-2.58789],[32.04848,-2.59442],[32.04128,-2.5942],[32.02212,-2.59008],[32.02304,-2.58557],[32.02629,-2.57815],[32.02127,-2.5711],[32.0276,-2.56926],[32.03469,-2.55834],[32.02623,-2.5515],[32.02732,-2.54029],[32.03215,-2.52808],[32.04308,-2.52616],[32.04627,-2.52458],[32.04539,-2.51528],[32.04379,-2.50959],[32.04644,-2.50591],[32.04685,-2.50157],[32.04605,-2.4984],[32.04727,-2.49565],[32.05251,-2.49289],[32.05938,-2.49737],[32.05911,-2.50259],[32.06116,-2.50461],[32.0618,-2.50689],[32.0643,-2.50839],[32.06717,-2.51478],[32.07038,-2.51628],[32.07126,-2.52632]]],[[[32.0752,-2.48847],[32.07626,-2.48959],[32.07568,-2.4921],[32.07126,-2.49475],[32.06979,-2.49046],[32.07201,-2.48894],[32.0752,-2.48847]]]]},"properties":{"region":"Geita","district":"Geita","ward":"Katoma","ward_code":"061"}},{"type":"Feature","geometry":{"type":"Polygon","coordinates":[[[32.13525,-2.54024],[32.13258,-2.54872],[32.13707,-2.55948],[32.13751,-2.55833],[32.14321,-2.55716],[32.14863,-2.56478],[32.15399,-2.56832],[32.15957,-2.56814],[32.17353,-2.57517],[32.18363,-2.58821],[32.1825,-2.60613],[32.18716,-2.61846],[32.1862,-2.6251],[32.18669,-2.62891],[32.18492,-2.63401],[32.17794,-2.63464],[32.17314,-2.63914],[32.17256,-2.64199],[32.16691,-2.65239],[32.16553,-2.65724],[32.16645,-2.666],[32.16123,-2.66596],[32.15844,-2.66745],[32.15527,-2.6649],[32.13928,-2.66507],[32.12332,-2.65939],[32.12712,-2.64675],[32.12697,-2.63315],[32.12564,-2.62847],[32.12138,-2.62142],[32.11679,-2.5961],[32.10484,-2.57988],[32.11238,-2.57198],[32.11561,-2.5466],[32.11974,-2.54582],[32.12693,-2.53018],[32.12871,-2.52938],[32.1332,-2.53348],[32.13525,-2.54024]]]},"properties":{"region":"Geita","district":"Geita","ward":"Nzera","ward_code":"073"}},{"type":"Feature","geometry":{"type":"MultiPolygon","coordinates":[[[[32.25101,-2.65534],[32.25097,-2.65539],[32.25101,-2.65534],[32.25101,-2.65534]]],[[[32.21536,-2.5161],[32.2257,-2.54454],[32.23172,-2.5538],[32.2381,-2.56057],[32.24271,-2.56224],[32.24195,-2.56715],[32.24687,-2.58858],[32.2498,-2.58829],[32.25661,-2.59036],[32.25419,-2.59489],[32.24949,-2.59964],[32.24291,-2.60543],[32.23946,-2.60561],[32.23721,-2.6138],[32.23877,-2.62346],[32.24308,-2.63955],[32.25101,-2.65533],[32.24155,-2.66363],[32.23054,-2.66215],[32.22457,-2.66596],[32.22034,-2.67147],[32.21816,-2.6664],[32.21751,-2.64963],[32.20789,-2.6402],[32.20866,-2.63497],[32.19395,-2.6332],[32.18492,-2.63401],[32.18669,-2.62891],[32.1862,-2.6251],[32.18716,-2.61846],[32.1825,-2.60613],[32.18363,-2.58821],[32.17353,-2.57517],[32.15957,-2.56814],[32.15399,-2.56832],[32.14863,-2.56478],[32.1432,-2.55716],[32.1482,-2.55481],[32.15737,-2.54802],[32.16754,-2.54737],[32.17108,-2.53892],[32.15438,-2.53438],[32.14976,-2.52989],[32.15469,-2.52179],[32.16634,-2.52003],[32.1786,-2.52398],[32.1884,-2.52302],[32.19382,-2.51797],[32.21536,-2.5161]]]]},"properties":{"region":"Geita","district":"Geita","ward":"Lwezera","ward_code":"081"}},{"type":"Feature","geometry":{"type":"Polygon","coordinates":[[[32.31613,-2.59551],[32.32141,-2.59752],[32.32703,-2.59697],[32.33662,-2.60002],[32.33306,-2.60537],[32.33167,-2.61278],[32.3308,-2.62908],[32.32974,-2.63302],[32.33028,-2.64299],[32.33306,-2.65323],[32.34075,-2.65943],[32.33918,-2.66208],[32.33707,-2.67223],[32.33118,-2.68302],[32.33145,-2.69617],[32.33643,-2.69864],[32.34045,-2.6991],[32.34774,-2.70349],[32.35435,-2.70356],[32.35448,-2.70516],[32.35998,-2.71323],[32.35587,-2.71847],[32.3548,-2.72429],[32.35614,-2.72831],[32.36065,-2.73223],[32.3631,-2.74085],[32.36876,-2.74496],[32.35675,-2.7542],[32.344,-2.7587],[32.32597,-2.75648],[32.3161,-2.75099],[32.30225,-2.75823],[32.29181,-2.77378],[32.29024,-2.79218],[32.28357,-2.80583],[32.28329,-2.81369],[32.28101,-2.82092],[32.26811,-2.84532],[32.2638,-2.84839],[32.25993,-2.84783],[32.24781,-2.83777],[32.24084,-2.8334],[32.23325,-2.82527],[32.2343,-2.82253],[32.23533,-2.81064],[32.2394,-2.79471],[32.24481,-2.78667],[32.25283,-2.76861],[32.26088,-2.76121],[32.2739,-2.74343],[32.28376,-2.73475],[32.29102,-2.71997],[32.29282,-2.7047],[32.29172,-2.69411],[32.27318,-2.6946],[32.26231,-2.69136],[32.26511,-2.6878],[32.26411,-2.68481],[32.26543,-2.6833],[32.26366,-2.68252],[32.26188,-2.68],[32.26174,-2.67813],[32.26343,-2.6749],[32.26722,-2.67161],[32.26828,-2.6695],[32.26754,-2.66642],[32.26851,-2.66353],[32.27466,-2.66115],[32.27664,-2.65865],[32.27586,-2.65675],[32.27379,-2.65563],[32.26861,-2.64677],[32.2762,-2.62919],[32.27734,-2.62379],[32.27984,-2.62075],[32.28203,-2.61494],[32.28511,-2.61051],[32.28851,-2.60819],[32.29239,-2.60231],[32.29634,-2.59407],[32.29978,-2.59094],[32.30736,-2.5918],[32.31219,-2.59523],[32.31613,-2.59551]]]},"properties":{"region":"Geita","district":"Geita","ward":"Kamhanga","ward_code":"091"}},{"type":"Feature","geometry":{"type":"Polygon","coordinates":[[[32.26861,-2.64677],[32.27379,-2.65563],[32.27586,-2.65675],[32.27664,-2.65865],[32.27466,-2.66115],[32.26851,-2.66353],[32.26754,-2.66642],[32.26828,-2.6695],[32.26722,-2.67161],[32.26343,-2.6749],[32.26174,-2.67813],[32.26188,-2.68],[32.26366,-2.68252],[32.26543,-2.6833],[32.26411,-2.68481],[32.26511,-2.6878],[32.26231,-2.69136],[32.27318,-2.6946],[32.29172,-2.69411],[32.29282,-2.7047],[32.29102,-2.71997],[32.28376,-2.73475],[32.2739,-2.74343],[32.26088,-2.76121],[32.25283,-2.76861],[32.24481,-2.78667],[32.2394,-2.79471],[32.23533,-2.81064],[32.2343,-2.82253],[32.23325,-2.82527],[32.2319,-2.82562],[32.22432,-2.82147],[32.22192,-2.81916],[32.21636,-2.81684],[32.20906,-2.81439],[32.20124,-2.81403],[32.19241,-2.81044],[32.18489,-2.7972],[32.21051,-2.78092],[32.21248,-2.77148],[32.21062,-2.76224],[32.2112,-2.75371],[32.2163,-2.7416],[32.21185,-2.73013],[32.2135,-2.7146],[32.20917,-2.7059],[32.213,-2.69404],[32.21693,-2.69195],[32.21677,-2.68755],[32.2189,-2.68192],[32.22102,-2.67955],[32.21997,-2.67662],[32.22034,-2.67147],[32.22457,-2.66596],[32.23054,-2.66215],[32.24155,-2.66363],[32.25101,-2.65533],[32.24308,-2.63955],[32.23877,-2.62346],[32.23721,-2.6138],[32.23946,-2.60561],[32.24291,-2.60543],[32.24654,-2.60763],[32.26322,-2.61021],[32.28511,-2.61051],[32.28203,-2.61494],[32.27984,-2.62075],[32.27734,-2.62379],[32.2762,-2.62919],[32.26861,-2.64677]],[[32.25101,-2.65534],[32.25097,-2.65539],[32.25101,-2.65534],[32.25101,-2.65534]]]},"properties":{"region":"Geita","district":"Geita","ward":"Bugalama","ward_code":"101"}},{"type":"Feature","geometry":{"type":"Polygon","coordinates":[[[32.37975,-2.61036],[32.3834,-2.6099],[32.3864,-2.61075],[32.38879,-2.61348],[32.3937,-2.61431],[32.39722,-2.61324],[32.41149,-2.6151],[32.41285,-2.61596],[32.41638,-2.61489],[32.42215,-2.61528],[32.43942,-2.62044],[32.43988,-2.61906],[32.4437,-2.61781],[32.4463,-2.61822],[32.44919,-2.62058],[32.46053,-2.62253],[32.46681,-2.62619],[32.48169,-2.62662],[32.48244,-2.62789],[32.49618,-2.63397],[32.50319,-2.62915],[32.51237,-2.62771],[32.51501,-2.62997],[32.52092,-2.64302],[32.51921,-2.65786],[32.50991,-2.66259],[32.50687,-2.66218],[32.50127,-2.65897],[32.49166,-2.66048],[32.48252,-2.65964],[32.46844,-2.66183],[32.46071,-2.66446],[32.45616,-2.66459],[32.45322,-2.66711],[32.4471,-2.67535],[32.44046,-2.67847],[32.43504,-2.67778],[32.42262,-2.68202],[32.42048,-2.6838],[32.4214,-2.68102],[32.41906,-2.67636],[32.42071,-2.67578],[32.4174,-2.66736],[32.41203,-2.66724],[32.40937,-2.6645],[32.40543,-2.65582],[32.40312,-2.65409],[32.40191,-2.64748],[32.39904,-2.63997],[32.39383,-2.64155],[32.38624,-2.64102],[32.38152,-2.6431],[32.37124,-2.65547],[32.36622,-2.65787],[32.36083,-2.65024],[32.35982,-2.64639],[32.36056,-2.6368],[32.36379,-2.63145],[32.36679,-2.61295],[32.37022,-2.6093],[32.37436,-2.60873],[32.37975,-2.61036]]]},"properties":{"region":"Geita","district":"Geita","ward":"Lubanga","ward_code":"111"}},{"type":"Feature","geometry":{"type":"Polygon","coordinates":[[[32.33939,-2.60476],[32.34839,-2.6051],[32.35937,-2.60751],[32.3667,-2.60785],[32.37022,-2.6093],[32.36679,-2.61295],[32.36379,-2.63145],[32.36056,-2.6368],[32.36,-2.64072],[32.36055,-2.64331],[32.35982,-2.64639],[32.36083,-2.65024],[32.36622,-2.65787],[32.37124,-2.65547],[32.38152,-2.6431],[32.38624,-2.64102],[32.39383,-2.64155],[32.39904,-2.63997],[32.40191,-2.64748],[32.40312,-2.65409],[32.40543,-2.65582],[32.40937,-2.6645],[32.41203,-2.66724],[32.4174,-2.66736],[32.42071,-2.67578],[32.41906,-2.67636],[32.4214,-2.68102],[32.4188,-2.68949],[32.41851,-2.69672],[32.41938,-2.70075],[32.40776,-2.71689],[32.40874,-2.72978],[32.40657,-2.73211],[32.40526,-2.73695],[32.40102,-2.7352],[32.39782,-2.73505],[32.39261,-2.73693],[32.39102,-2.73644],[32.38874,-2.73807],[32.38598,-2.73791],[32.37491,-2.74368],[32.36876,-2.74496],[32.3631,-2.74085],[32.36065,-2.73223],[32.35614,-2.72831],[32.3548,-2.72429],[32.35587,-2.71847],[32.35998,-2.71323],[32.35448,-2.70516],[32.35435,-2.70356],[32.34774,-2.70349],[32.34045,-2.6991],[32.33643,-2.69864],[32.33145,-2.69617],[32.33118,-2.68302],[32.33707,-2.67223],[32.33918,-2.66208],[32.34075,-2.65943],[32.33306,-2.65323],[32.33069,-2.64569],[32.32974,-2.63302],[32.33306,-2.60537],[32.33662,-2.60002],[32.33939,-2.60476]]]},"properties":{"region":"Geita","district":"Geita","ward":"Isulwabutundwe","ward_code":"121"}},{"type":"Feature","geometry":{"type":"MultiPolygon","coordinates":[[[[32.10286,-2.51032],[32.10118,-2.51254],[32.09989,-2.51944],[32.10108,-2.52321],[32.10487,-2.52347],[32.10418,-2.52646],[32.09859,-2.53023],[32.09994,-2.53186],[32.10501,-2.53313],[32.10924,-2.54225],[32.1119,-2.54556],[32.11561,-2.5466],[32.11238,-2.57198],[32.10484,-2.57988],[32.08402,-2.588],[32.0718,-2.59423],[32.05431,-2.597],[32.04982,-2.59585],[32.04848,-2.59442],[32.05264,-2.58789],[32.05893,-2.58158],[32.06043,-2.57608],[32.05957,-2.57315],[32.06046,-2.57002],[32.06726,-2.56854],[32.07508,-2.56276],[32.07941,-2.55827],[32.0805,-2.55434],[32.08439,-2.55052],[32.08628,-2.54442],[32.08044,-2.52848],[32.08156,-2.52786],[32.08243,-2.52109],[32.08239,-2.51193],[32.08593,-2.51242],[32.0889,-2.51172],[32.09009,-2.51472],[32.09279,-2.51554],[32.09687,-2.51233],[32.10286,-2.51032]]],[[[32.08229,-2.51066],[32.08049,-2.51072],[32.07951,-2.50886],[32.0795,-2.504],[32.0807,-2.50335],[32.0818,-2.50378],[32.0824,-2.50597],[32.08229,-2.51066]]]]},"properties":{"region":"Geita","district":"Geita","ward":"Nyamboge","ward_code":"133"}},{"type":"Feature","geometry":{"type":"MultiPolygon","coordinates":[[[[31.95619,-2.43768],[31.95637,-2.43869],[31.95566,-2.43827],[31.95619,-2.43768]]],[[[31.97013,-2.43587],[31.96956,-2.43634],[31.96656,-2.43506],[31.96826,-2.43349],[31.97013,-2.43587]]],[[[31.98417,-2.43786],[31.98728,-2.43786],[31.98996,-2.44204],[31.99071,-2.44188],[31.9906,-2.43931],[31.99408,-2.43893],[31.99392,-2.4414],[31.99521,-2.44274],[31.99532,-2.44365],[31.99349,-2.44423],[31.99023,-2.44332],[31.98824,-2.44777],[31.98605,-2.44943],[31.98567,-2.45093],[31.98696,-2.45436],[31.98985,-2.45698],[31.99098,-2.46005],[31.9906,-2.46229],[31.98856,-2.46491],[31.98411,-2.46412],[31.98476,-2.46078],[31.98264,-2.45972],[31.97848,-2.46377],[31.97467,-2.4643],[31.97244,-2.46048],[31.97267,-2.45674],[31.97425,-2.45386],[31.96815,-2.45497],[31.96692,-2.45093],[31.96505,-2.45163],[31.96422,-2.45093],[31.96094,-2.4443],[31.95724,-2.44424],[31.95613,-2.44213],[31.961,-2.43796],[31.96606,-2.44386],[31.97013,-2.4422],[31.97421,-2.44311],[31.97388,-2.43582],[31.97994,-2.43261],[31.98262,-2.43443],[31.98417,-2.43786]]],[[[31.96719,-2.43293],[31.96594,-2.43373],[31.96511,-2.43305],[31.96609,-2.43052],[31.96757,-2.43106],[31.96719,-2.43293]]],[[[31.97197,-2.42895],[31.9701,-2.42972],[31.96778,-2.42871],[31.96704,-2.42699],[31.96968,-2.42678],[31.97197,-2.42895]]],[[[32.00089,-2.42698],[32.00218,-2.42886],[32.00539,-2.42822],[32.00882,-2.43288],[32.01326,-2.43524],[32.01321,-2.43727],[32.0123,-2.43765],[32.01519,-2.43845],[32.01487,-2.44134],[32.01069,-2.44134],[32.00983,-2.43931],[32.0078,-2.43834],[32.00378,-2.44102],[31.99596,-2.43872],[31.99339,-2.42945],[31.99483,-2.42741],[31.99709,-2.42725],[31.99789,-2.42586],[32.00089,-2.42698]]],[[[31.95967,-2.42589],[31.95896,-2.42548],[31.95911,-2.42512],[31.95955,-2.42509],[31.95967,-2.42589]]],[[[31.97411,-2.38898],[31.97262,-2.39511],[31.96556,-2.4057],[31.96484,-2.40548],[31.96505,-2.41027],[31.96805,-2.41384],[31.96691,-2.42084],[31.96384,-2.42427],[31.9597,-2.42206],[31.95762,-2.42334],[31.95877,-2.42141],[31.95848,-2.41491],[31.95505,-2.41313],[31.95098,-2.41527],[31.94798,-2.41841],[31.94441,-2.41991],[31.94319,-2.41963],[31.94126,-2.4164],[31.93982,-2.41855],[31.93726,-2.41982],[31.93567,-2.41871],[31.93859,-2.41489],[31.94149,-2.4074],[31.94061,-2.40638],[31.94255,-2.40346],[31.94362,-2.40401],[31.9425,-2.40657],[31.94368,-2.40901],[31.94683,-2.40606],[31.94715,-2.40295],[31.9519,-2.3966],[31.95483,-2.39967],[31.95568,-2.39801],[31.95415,-2.39557],[31.95725,-2.39188],[31.96084,-2.39039],[31.96182,-2.39205],[31.96513,-2.39219],[31.96412,-2.38834],[31.96216,-2.38763],[31.96752,-2.3822],[31.97178,-2.38357],[31.9729,-2.38479],[31.97411,-2.38898]]]]},"properties":{"region":"Geita","district":"Geita","ward":"Izumacheli","ward_code":"141"}},{"type":"Feature","geometry":{"type":"Polygon","coordinates":[[[32.12055,-2.7501],[32.12744,-2.75056],[32.13548,-2.74882],[32.13417,-2.75772],[32.13575,-2.76532],[32.13516,-2.77078],[32.13365,-2.77685],[32.12954,-2.78204],[32.12687,-2.79181],[32.13646,-2.7971],[32.14341,-2.80503],[32.13667,-2.81846],[32.12089,-2.82006],[32.09931,-2.81918],[32.08054,-2.81222],[32.04249,-2.794],[32.0333,-2.77809],[32.04997,-2.77194],[32.07023,-2.77012],[32.07815,-2.75843],[32.08088,-2.75642],[32.08048,-2.75553],[32.08088,-2.75642],[32.09128,-2.74636],[32.08868,-2.7362],[32.09608,-2.72137],[32.09979,-2.70564],[32.10676,-2.69969],[32.11305,-2.69699],[32.11874,-2.69071],[32.12351,-2.69963],[32.11995,-2.70922],[32.11756,-2.72218],[32.1098,-2.73909],[32.11953,-2.74087],[32.12055,-2.7501]]]},"properties":{"region":"Geita","district":"Geita","ward":"Nyawilimilwa","ward_code":"153"}},{"type":"Feature","geometry":{"type":"Polygon","coordinates":[[[32.35014,-3.08669],[32.35561,-3.09515],[32.35652,-3.10219],[32.34918,-3.11453],[32.35508,-3.11925],[32.35837,-3.13455],[32.3534,-3.13876],[32.35239,-3.14252],[32.34954,-3.14463],[32.34682,-3.15347],[32.3381,-3.15762],[32.32797,-3.15802],[32.32265,-3.16547],[32.31852,-3.16398],[32.30869,-3.15739],[32.31859,-3.15065],[32.31786,-3.14284],[32.31575,-3.13805],[32.2972,-3.12891],[32.28614,-3.13003],[32.28255,-3.12443],[32.27812,-3.12367],[32.27505,-3.11692],[32.27044,-3.11315],[32.26574,-3.1006],[32.26607,-3.09293],[32.26383,-3.0872],[32.27997,-3.0902],[32.29131,-3.08618],[32.2946,-3.08408],[32.29496,-3.07798],[32.29335,-3.07187],[32.29618,-3.07039],[32.30424,-3.0629],[32.31737,-3.05745],[32.32756,-3.05962],[32.34142,-3.0601],[32.3409,-3.06569],[32.34726,-3.07626],[32.35014,-3.08669]]]},"properties":{"region":"Geita","district":"Geita","ward":"Kamena","ward_code":"181"}},{"type":"Feature","geometry":{"type":"Polygon","coordinates":[[[32.34989,-3.02776],[32.36719,-3.02853],[32.37421,-3.0368],[32.37868,-3.03789],[32.38049,-3.03951],[32.38649,-3.03726],[32.3902,-3.03428],[32.39989,-3.03617],[32.41503,-3.04392],[32.41821,-3.04719],[32.42162,-3.05325],[32.42429,-3.06237],[32.43604,-3.06952],[32.44947,-3.07203],[32.45488,-3.07086],[32.46174,-3.07166],[32.47143,-3.07874],[32.47885,-3.08976],[32.48196,-3.09755],[32.48204,-3.103],[32.4832,-3.10425],[32.47514,-3.11512],[32.47485,-3.11772],[32.47328,-3.11883],[32.47237,-3.12595],[32.47277,-3.13812],[32.46823,-3.14515],[32.4649,-3.15331],[32.46259,-3.15594],[32.45857,-3.15501],[32.44799,-3.16122],[32.4448,-3.13542],[32.42966,-3.11049],[32.42338,-3.11308],[32.41164,-3.11349],[32.39659,-3.1218],[32.3803,-3.12594],[32.35592,-3.12472],[32.35508,-3.11925],[32.34918,-3.11453],[32.35652,-3.10219],[32.35561,-3.09515],[32.35014,-3.08669],[32.34726,-3.07626],[32.3409,-3.06569],[32.3418,-3.05627],[32.33898,-3.0456],[32.33901,-3.03799],[32.34077,-3.03103],[32.34303,-3.03117],[32.34989,-3.02776]]]},"properties":{"region":"Geita","district":"Geita","ward":"Nyamalimbe","ward_code":"191"}},{"type":"Feature","geometry":{"type":"Polygon","coordinates":[[[32.42966,-3.11049],[32.4448,-3.13542],[32.44799,-3.16122],[32.44455,-3.16967],[32.4444,-3.17505],[32.4421,-3.18204],[32.44242,-3.18725],[32.44105,-3.19391],[32.43475,-3.19299],[32.40891,-3.19675],[32.4076,-3.19482],[32.40051,-3.19004],[32.39761,-3.18517],[32.39395,-3.18614],[32.39081,-3.18574],[32.38793,-3.187],[32.37505,-3.18301],[32.36594,-3.18419],[32.36035,-3.18847],[32.35692,-3.18943],[32.35044,-3.1938],[32.34949,-3.18673],[32.34695,-3.18104],[32.34342,-3.17779],[32.34182,-3.17172],[32.33596,-3.16059],[32.33283,-3.15796],[32.3381,-3.15762],[32.34682,-3.15347],[32.34954,-3.14463],[32.35239,-3.14252],[32.3534,-3.13876],[32.35837,-3.13455],[32.35592,-3.12472],[32.3803,-3.12594],[32.39659,-3.1218],[32.41164,-3.11349],[32.42338,-3.11308],[32.42966,-3.11049]]]},"properties":{"region":"Geita","district":"Geita","ward":"Bujula","ward_code":"201"}},{"type":"Feature","geometry":{"type":"Polygon","coordinates":[[[32.32222,-3.16532],[32.32797,-3.15802],[32.33283,-3.15796],[32.33596,-3.16059],[32.34182,-3.17172],[32.34342,-3.17779],[32.34695,-3.18104],[32.34949,-3.18673],[32.35044,-3.1938],[32.35692,-3.18943],[32.36035,-3.18847],[32.36132,-3.19534],[32.36093,-3.2064],[32.36353,-3.21565],[32.36045,-3.22009],[32.36018,-3.2225],[32.36224,-3.22943],[32.36545,-3.23454],[32.36115,-3.23648],[32.35634,-3.24248],[32.35029,-3.24533],[32.34881,-3.25422],[32.35483,-3.26688],[32.3452,-3.27182],[32.33839,-3.27719],[32.32902,-3.27986],[32.32602,-3.28674],[32.32648,-3.29706],[32.33209,-3.32123],[32.29763,-3.30852],[32.28473,-3.30173],[32.28353,-3.28447],[32.27602,-3.27244],[32.27909,-3.26085],[32.29197,-3.25257],[32.30113,-3.23532],[32.30273,-3.2249],[32.29978,-3.21606],[32.29824,-3.19141],[32.28626,-3.1845],[32.28821,-3.17849],[32.29059,-3.17467],[32.28887,-3.17299],[32.29071,-3.17165],[32.30296,-3.17002],[32.30869,-3.15739],[32.31852,-3.16398],[32.32222,-3.16532]]]},"properties":{"region":"Geita","district":"Geita","ward":"Bukoli","ward_code":"213"}},{"type":"Feature","geometry":{"type":"Polygon","coordinates":[[[32.37505,-3.18301],[32.38793,-3.187],[32.39081,-3.18574],[32.39395,-3.18614],[32.39761,-3.18517],[32.40051,-3.19004],[32.4076,-3.19482],[32.40891,-3.19675],[32.43475,-3.19299],[32.44105,-3.19391],[32.44467,-3.20173],[32.45113,-3.2205],[32.43918,-3.22085],[32.42756,-3.22864],[32.41122,-3.25136],[32.40413,-3.2575],[32.39813,-3.26624],[32.39449,-3.26691],[32.38801,-3.26126],[32.38242,-3.2643],[32.37794,-3.25968],[32.36888,-3.27378],[32.36782,-3.27794],[32.36363,-3.27889],[32.36097,-3.28272],[32.35614,-3.30472],[32.35264,-3.31455],[32.34846,-3.32258],[32.34819,-3.32937],[32.33209,-3.32123],[32.32648,-3.29706],[32.32602,-3.28674],[32.32902,-3.27986],[32.33839,-3.27719],[32.3452,-3.27182],[32.35483,-3.26688],[32.34881,-3.25422],[32.35029,-3.24533],[32.35634,-3.24248],[32.36115,-3.23648],[32.36545,-3.23454],[32.36224,-3.22943],[32.36018,-3.2225],[32.36045,-3.22009],[32.36353,-3.21565],[32.36093,-3.2064],[32.36132,-3.19534],[32.36035,-3.18847],[32.36594,-3.18419],[32.37505,-3.18301]]]},"properties":{"region":"Geita","district":"Geita","ward":"Butobela","ward_code":"221"}},{"type":"Feature","geometry":{"type":"Polygon","coordinates":[[[32.24117,-3.073],[32.24887,-3.07186],[32.25328,-3.07516],[32.26092,-3.07553],[32.26607,-3.09293],[32.26574,-3.1006],[32.27044,-3.11315],[32.27505,-3.11692],[32.27816,-3.1233],[32.27655,-3.13774],[32.26957,-3.1499],[32.26293,-3.14556],[32.24836,-3.14299],[32.23573,-3.13889],[32.23334,-3.13536],[32.23369,-3.14026],[32.22996,-3.14257],[32.22586,-3.14861],[32.22514,-3.15819],[32.22209,-3.16049],[32.2205,-3.16463],[32.21306,-3.17604],[32.21752,-3.21446],[32.2171,-3.2281],[32.21985,-3.23416],[32.22061,-3.24098],[32.21392,-3.24471],[32.2052,-3.25549],[32.19638,-3.25785],[32.18545,-3.27383],[32.17692,-3.27702],[32.16413,-3.27384],[32.16195,-3.27482],[32.15605,-3.27164],[32.15272,-3.26737],[32.15055,-3.26763],[32.14997,-3.26602],[32.14786,-3.26487],[32.14061,-3.25482],[32.13932,-3.25115],[32.13544,-3.24909],[32.13542,-3.24579],[32.13333,-3.24195],[32.12739,-3.23767],[32.16003,-3.18598],[32.17489,-3.14686],[32.19652,-3.11889],[32.20104,-3.10991],[32.19931,-3.09164],[32.1997,-3.08348],[32.20472,-3.08369],[32.2129,-3.08214],[32.21292,-3.07143],[32.22108,-3.06646],[32.22651,-3.06555],[32.23079,-3.06952],[32.24117,-3.073]]]},"properties":{"region":"Geita","district":"Geita","ward":"Nyarugusu","ward_code":"233"}},{"type":"Feature","geometry":{"type":"MultiPolygon","coordinates":[[[[32.24468,-3.0255],[32.24634,-3.02577],[32.24635,-3.02578],[32.24468,-3.0255]]],[[[32.24468,-3.0255],[32.24129,-3.02427],[32.23439,-3.02552],[32.21748,-3.03616],[32.21756,-3.04102],[32.22027,-3.04997],[32.21999,-3.05421],[32.22111,-3.05996],[32.2202,-3.0629],[32.22108,-3.06646],[32.21292,-3.07143],[32.2129,-3.08214],[32.20186,-3.08382],[32.19691,-3.08304],[32.19041,-3.0794],[32.18756,-3.07964],[32.18085,-3.08091],[32.17347,-3.08613],[32.15772,-3.09239],[32.15579,-3.09217],[32.15365,-3.08563],[32.15802,-3.07411],[32.15984,-3.06636],[32.15878,-3.06131],[32.15508,-3.05898],[32.15062,-3.05771],[32.14265,-3.04984],[32.13588,-3.04131],[32.14232,-3.02698],[32.14362,-3.01286],[32.13142,-2.98759],[32.13313,-2.96248],[32.14704,-2.95924],[32.17353,-2.95855],[32.18267,-2.96107],[32.19574,-2.97777],[32.20256,-2.97144],[32.21094,-2.9698],[32.21951,-2.96338],[32.22612,-2.95992],[32.22614,-2.95776],[32.22216,-2.94686],[32.22435,-2.9422],[32.22969,-2.94153],[32.2346,-2.93829],[32.24619,-2.94491],[32.24986,-2.94545],[32.25413,-2.94361],[32.25488,-2.95064],[32.25706,-2.95672],[32.26308,-2.96526],[32.2636,-2.97318],[32.26556,-2.97606],[32.26355,-2.97924],[32.27081,-2.98789],[32.27064,-2.99543],[32.27893,-3.00258],[32.27768,-3.00726],[32.25569,-3.01521],[32.24767,-3.02358],[32.24468,-3.0255]]]]},"properties":{"region":"Geita","district":"Geita","ward":"Nyakamwaga","ward_code":"241"}},{"type":"Feature","geometry":{"type":"Polygon","coordinates":[[[32.13604,-3.05002],[32.14265,-3.04984],[32.15062,-3.05771],[32.15508,-3.05898],[32.15878,-3.06131],[32.15984,-3.06636],[32.15802,-3.07411],[32.15365,-3.08563],[32.15579,-3.09217],[32.15772,-3.09239],[32.17347,-3.08613],[32.18085,-3.08091],[32.19041,-3.0794],[32.19691,-3.08304],[32.1997,-3.08348],[32.19931,-3.09164],[32.20122,-3.10853],[32.19652,-3.11889],[32.17489,-3.14686],[32.16003,-3.18598],[32.12739,-3.23767],[32.12268,-3.22653],[32.11662,-3.21709],[32.11214,-3.21604],[32.10866,-3.20992],[32.0955,-3.20348],[32.08518,-3.20231],[32.08135,-3.2031],[32.07807,-3.20057],[32.07445,-3.19995],[32.06921,-3.20064],[32.06826,-3.19751],[32.05988,-3.19658],[32.05594,-3.20004],[32.04636,-3.20544],[32.03966,-3.20715],[32.03588,-3.20991],[32.03175,-3.2111],[32.02487,-3.20998],[32.01716,-3.20258],[32.01157,-3.19999],[32.00569,-3.20006],[31.99655,-3.1986],[31.99451,-3.19928],[31.99445,-3.19238],[32.00108,-3.17625],[31.99618,-3.16119],[31.9964,-3.14182],[32.00341,-3.13444],[32.00591,-3.12826],[32.01168,-3.11915],[32.01478,-3.11071],[32.02148,-3.10435],[32.02582,-3.09601],[32.02594,-3.09188],[32.0385,-3.08317],[32.0542,-3.08438],[32.06634,-3.07926],[32.07112,-3.07076],[32.07971,-3.06792],[32.07924,-3.06262],[32.08417,-3.05348],[32.09405,-3.05074],[32.1019,-3.05197],[32.1005,-3.06017],[32.10421,-3.06572],[32.11161,-3.06519],[32.11782,-3.06278],[32.12108,-3.05757],[32.12055,-3.0499],[32.12443,-3.04823],[32.13604,-3.05002]]]},"properties":{"region":"Geita","district":"Geita","ward":"Lwamgasa","ward_code":"251"}},{"type":"Feature","geometry":{"type":"Polygon","coordinates":[[[32.12694,-2.94755],[32.13313,-2.96248],[32.13142,-2.98759],[32.14362,-3.01286],[32.14232,-3.02698],[32.13588,-3.04131],[32.14265,-3.04984],[32.13586,-3.05002],[32.12443,-3.04823],[32.12055,-3.0499],[32.12108,-3.05757],[32.11782,-3.06278],[32.11161,-3.06519],[32.10421,-3.06572],[32.1005,-3.06017],[32.1019,-3.05197],[32.09405,-3.05074],[32.08417,-3.05348],[32.07924,-3.06262],[32.07971,-3.06792],[32.07112,-3.07076],[32.06634,-3.07926],[32.0542,-3.08438],[32.0385,-3.08317],[32.02594,-3.09188],[32.01509,-3.07963],[32.01993,-3.07309],[32.03133,-3.06558],[32.04458,-3.03979],[32.05095,-3.02215],[32.04995,-3.01926],[32.04371,-3.01546],[32.03689,-3.00948],[32.03394,-3.00888],[32.03407,-3.00522],[32.03844,-2.99624],[32.04417,-2.9891],[32.04692,-2.9838],[32.04529,-2.9788],[32.05461,-2.97576],[32.05549,-2.96828],[32.05408,-2.96492],[32.06394,-2.95612],[32.07245,-2.93872],[32.09447,-2.94768],[32.11331,-2.92955],[32.11796,-2.93341],[32.12694,-2.94755]]]},"properties":{"region":"Geita","district":"Geita","ward":"Busanda","ward_code":"271"}},{"type":"Feature","geometry":{"type":"Polygon","coordinates":[[[32.24767,-3.02358],[32.25569,-3.01521],[32.27768,-3.00726],[32.28126,-3.01218],[32.29303,-3.0134],[32.30097,-3.01097],[32.30724,-3.01103],[32.31155,-3.00768],[32.31804,-3.01447],[32.32478,-3.01852],[32.3304,-3.01834],[32.33942,-3.02261],[32.34499,-3.01992],[32.33901,-3.03799],[32.33925,-3.04844],[32.3418,-3.05627],[32.34142,-3.0601],[32.32756,-3.05962],[32.31737,-3.05745],[32.30424,-3.0629],[32.29618,-3.07039],[32.29335,-3.07187],[32.29496,-3.07798],[32.2946,-3.08408],[32.29131,-3.08618],[32.27997,-3.0902],[32.26383,-3.0872],[32.26092,-3.07553],[32.25328,-3.07516],[32.24887,-3.07186],[32.24194,-3.07336],[32.23079,-3.06952],[32.22651,-3.06555],[32.22108,-3.06646],[32.2202,-3.0629],[32.22111,-3.05996],[32.21999,-3.05421],[32.22027,-3.04997],[32.21756,-3.04102],[32.21748,-3.03616],[32.23439,-3.02552],[32.24129,-3.02427],[32.24468,-3.0255],[32.24767,-3.02358]],[[32.24635,-3.02578],[32.24634,-3.02577],[32.24468,-3.0255],[32.24635,-3.02578]]]},"properties":{"region":"Geita","district":"Geita","ward":"Nyalwanzaja","ward_code":"341"}},{"type":"Feature","geometry":{"type":"Polygon","coordinates":[[[32.27813,-3.12368],[32.28255,-3.12443],[32.28614,-3.13003],[32.2972,-3.12891],[32.31575,-3.13805],[32.31786,-3.14284],[32.31859,-3.15065],[32.30869,-3.15739],[32.30296,-3.17002],[32.29071,-3.17165],[32.28887,-3.17299],[32.29059,-3.17467],[32.28821,-3.17849],[32.28626,-3.1845],[32.29824,-3.19141],[32.29978,-3.21606],[32.30273,-3.2249],[32.30113,-3.23532],[32.29197,-3.25257],[32.27909,-3.26085],[32.278,-3.24301],[32.24165,-3.23317],[32.23516,-3.23809],[32.22436,-3.23707],[32.22061,-3.24098],[32.21985,-3.23416],[32.2171,-3.2281],[32.21752,-3.21446],[32.21306,-3.17604],[32.2205,-3.16463],[32.22209,-3.16049],[32.22514,-3.15819],[32.22586,-3.14861],[32.22996,-3.14257],[32.23369,-3.14026],[32.23334,-3.13536],[32.23573,-3.13889],[32.24836,-3.14299],[32.26293,-3.14556],[32.26957,-3.1499],[32.27655,-3.13774],[32.27813,-3.12368]]]},"properties":{"region":"Geita","district":"Geita","ward":"Nyaruyeye","ward_code":"361"}},{"type":"Feature","geometry":{"type":"MultiPolygon","coordinates":[[[[31.83712,-2.7877],[31.8351,-2.78871],[31.83415,-2.78735],[31.83433,-2.78521],[31.83528,-2.78361],[31.83813,-2.78236],[31.83902,-2.78278],[31.83914,-2.78486],[31.83712,-2.7877]]],[[[31.81823,-2.7024],[31.81689,-2.70408],[31.81458,-2.70387],[31.81294,-2.70086],[31.81266,-2.69743],[31.81074,-2.69602],[31.81375,-2.69502],[31.81532,-2.69308],[31.81727,-2.68656],[31.81837,-2.69196],[31.81769,-2.69508],[31.81866,-2.69941],[31.81823,-2.7024]]],[[[31.87496,-2.69741],[31.87533,-2.70337],[31.8722,-2.70903],[31.8723,-2.71247],[31.86196,-2.71255],[31.86192,-2.71699],[31.86741,-2.71924],[31.86634,-2.72553],[31.86415,-2.72888],[31.86717,-2.73112],[31.86767,-2.74972],[31.86104,-2.75113],[31.86488,-2.76307],[31.8652,-2.77236],[31.86758,-2.77275],[31.86571,-2.78],[31.8604,-2.78303],[31.84665,-2.78417],[31.84664,-2.77955],[31.84543,-2.77765],[31.84037,-2.77596],[31.83305,-2.75872],[31.82713,-2.75397],[31.8258,-2.74675],[31.82816,-2.74306],[31.83503,-2.74638],[31.83787,-2.74372],[31.84074,-2.73725],[31.83858,-2.73414],[31.83479,-2.73389],[31.82935,-2.73108],[31.8257,-2.72704],[31.82471,-2.72232],[31.81955,-2.7169],[31.82453,-2.7089],[31.8222,-2.70222],[31.82698,-2.69704],[31.82726,-2.6945],[31.82985,-2.69208],[31.84621,-2.69946],[31.8448,-2.69425],[31.84146,-2.6906],[31.84154,-2.68563],[31.85717,-2.68347],[31.85977,-2.68506],[31.85904,-2.69199],[31.87496,-2.69741]]]]},"properties":{"region":"Geita","district":"Geita","ward":"Butundwe","ward_code":"161"}},{"type":"Feature","geometry":{"type":"Polygon","coordinates":[[[31.96022,-3.12596],[31.96341,-3.13804],[31.97005,-3.1384],[31.97174,-3.13995],[31.97744,-3.14163],[31.98378,-3.14003],[31.99372,-3.14455],[31.99639,-3.14292],[31.99618,-3.16119],[32.00108,-3.17625],[31.99445,-3.19238],[31.99451,-3.19928],[31.99108,-3.20154],[31.98335,-3.20206],[31.98191,-3.20325],[31.97926,-3.20131],[31.97256,-3.20152],[31.96765,-3.19912],[31.9639,-3.1997],[31.96142,-3.19772],[31.94908,-3.1976],[31.94598,-3.19867],[31.94513,-3.20055],[31.94429,-3.19965],[31.94179,-3.2006],[31.92939,-3.20675],[31.92466,-3.20724],[31.91669,-3.20561],[31.90371,-3.20827],[31.89999,-3.20629],[31.89568,-3.20746],[31.8958,-3.20825],[31.89391,-3.20734],[31.88934,-3.20937],[31.88761,-3.20809],[31.88293,-3.21047],[31.88652,-3.19517],[31.88303,-3.18038],[31.89027,-3.18088],[31.89692,-3.18611],[31.90678,-3.17196],[31.91482,-3.16411],[31.91649,-3.15961],[31.91653,-3.15445],[31.90864,-3.14828],[31.90503,-3.14211],[31.90856,-3.13531],[31.92315,-3.13806],[31.9316,-3.13627],[31.93356,-3.12713],[31.95104,-3.11716],[31.95515,-3.11993],[31.96022,-3.12596]]]},"properties":{"region":"Geita","district":"Geita","ward":"Magenge","ward_code":"171"}},{"type":"Feature","geometry":{"type":"Polygon","coordinates":[[[31.9729,-3.02567],[31.97469,-3.02987],[31.98681,-3.02996],[31.99585,-3.03442],[31.99843,-3.03771],[31.999,-3.042],[32.00201,-3.03928],[32.004,-3.03901],[32.00676,-3.04146],[32.01071,-3.04324],[32.01336,-3.04309],[32.01383,-3.04407],[32.02598,-3.04287],[32.03872,-3.05129],[32.03133,-3.06558],[32.01993,-3.07309],[32.01509,-3.07963],[32.02594,-3.09188],[32.02582,-3.09601],[32.02148,-3.10435],[32.01478,-3.11071],[32.01168,-3.11915],[32.00591,-3.12826],[32.00341,-3.13444],[31.9964,-3.14182],[31.99639,-3.14292],[31.99372,-3.14455],[31.98378,-3.14003],[31.97744,-3.14163],[31.97174,-3.13995],[31.97005,-3.1384],[31.96341,-3.13804],[31.96208,-3.13017],[31.96022,-3.12596],[31.95515,-3.11993],[31.95104,-3.11716],[31.93356,-3.12713],[31.9316,-3.13627],[31.92315,-3.13806],[31.90856,-3.13531],[31.91071,-3.13119],[31.91222,-3.12162],[31.92555,-3.11234],[31.92967,-3.10517],[31.93082,-3.09885],[31.92533,-3.09314],[31.92484,-3.08299],[31.92213,-3.07726],[31.92911,-3.06309],[31.93304,-3.05818],[31.93647,-3.04978],[31.94709,-3.03872],[31.95071,-3.0375],[31.95527,-3.0383],[31.9584,-3.04117],[31.96194,-3.04039],[31.96246,-3.03813],[31.96795,-3.03452],[31.9729,-3.02567]]]},"properties":{"region":"Geita","district":"Geita","ward":"Kaseme","ward_code":"261"}},{"type":"Feature","geometry":{"type":"MultiPolygon","coordinates":[[[[31.93586,-3.01165],[31.93599,-3.01153],[31.93599,-3.01153],[31.93586,-3.01165]]],[[[31.93586,-3.01165],[31.94187,-3.01722],[31.96978,-3.03043],[31.96795,-3.03452],[31.96246,-3.03813],[31.96194,-3.04039],[31.9584,-3.04117],[31.95527,-3.0383],[31.95071,-3.0375],[31.94709,-3.03872],[31.93647,-3.04978],[31.93304,-3.05818],[31.92911,-3.06309],[31.92213,-3.07726],[31.92484,-3.08299],[31.92533,-3.09314],[31.93082,-3.09885],[31.92967,-3.10517],[31.92555,-3.11234],[31.91222,-3.12162],[31.9117,-3.11823],[31.90588,-3.11268],[31.89999,-3.10987],[31.89733,-3.10752],[31.8954,-3.1007],[31.89527,-3.09274],[31.89405,-3.09165],[31.89493,-3.08872],[31.89344,-3.0837],[31.8948,-3.07432],[31.89412,-3.0452],[31.9026,-3.03472],[31.90524,-3.02672],[31.91504,-3.01217],[31.92165,-3.0085],[31.92324,-3.00692],[31.92291,-3.00443],[31.9308,-3.0],[31.93174,-3.00431],[31.93586,-3.01165]]]]},"properties":{"region":"Geita","district":"Geita","ward":"Katoro","ward_code":"283"}},{"type":"Feature","geometry":{"type":"Polygon","coordinates":[[[32.09928,-2.90921],[32.11331,-2.92955],[32.09447,-2.94768],[32.07245,-2.93872],[32.06394,-2.95612],[32.05408,-2.96492],[32.05549,-2.96828],[32.05461,-2.97576],[32.04529,-2.9788],[32.04692,-2.9838],[32.04417,-2.9891],[32.03844,-2.99624],[32.03407,-3.00522],[32.03394,-3.00888],[32.02704,-3.01209],[32.02503,-3.00916],[32.02591,-3.00723],[32.01897,-3.00395],[32.01297,-3.00513],[31.99954,-2.99417],[31.99682,-2.99738],[31.99586,-3.00058],[31.99047,-3.00704],[31.9854,-3.00643],[31.98144,-3.0027],[31.96987,-2.99878],[31.96606,-3.00275],[31.966,-3.00489],[31.96446,-3.00457],[31.96194,-3.00179],[31.95917,-2.99601],[31.95669,-2.99383],[31.95624,-2.98431],[31.9524,-2.98155],[31.95009,-2.97752],[31.93182,-2.97637],[31.93051,-2.9775],[31.92889,-2.97671],[31.92619,-2.9791],[31.92694,-2.97369],[31.92572,-2.97085],[31.9256,-2.96544],[31.92315,-2.96151],[31.92275,-2.95447],[31.92069,-2.94903],[31.92044,-2.94519],[31.92341,-2.94051],[31.9231,-2.93395],[31.9166,-2.93261],[31.91573,-2.92179],[31.91662,-2.91473],[31.92118,-2.90418],[31.94109,-2.9145],[31.94443,-2.92096],[31.94703,-2.91982],[31.95357,-2.91918],[31.98738,-2.9203],[31.99719,-2.92146],[32.05234,-2.89931],[32.09928,-2.90921]]]},"properties":{"region":"Geita","district":"Geita","ward":"Nyamigota","ward_code":"293"}},{"type":"Feature","geometry":{"type":"Polygon","coordinates":[[[31.85544,-2.82633],[31.86884,-2.82818],[31.88388,-2.82485],[31.88835,-2.81965],[31.89326,-2.82333],[31.89911,-2.82416],[31.92023,-2.83682],[31.93783,-2.84333],[31.93954,-2.84323],[31.94772,-2.82998],[31.95293,-2.82753],[31.96137,-2.8284],[31.97412,-2.82174],[31.97699,-2.82852],[31.99041,-2.83937],[32.00216,-2.84538],[32.00121,-2.85406],[32.00339,-2.85916],[32.01289,-2.86565],[32.02593,-2.86477],[32.03116,-2.8755],[32.05061,-2.89134],[32.05234,-2.89931],[31.99719,-2.92146],[31.98738,-2.9203],[31.95357,-2.91918],[31.94703,-2.91982],[31.94443,-2.92096],[31.94109,-2.9145],[31.92105,-2.90411],[31.92147,-2.90309],[31.90625,-2.89371],[31.89619,-2.88877],[31.8862,-2.88929],[31.88523,-2.88117],[31.8822,-2.8799],[31.86955,-2.87038],[31.84767,-2.84523],[31.83798,-2.82859],[31.84491,-2.82628],[31.84938,-2.82334],[31.85017,-2.81936],[31.85544,-2.82633]]]},"properties":{"region":"Geita","district":"Geita","ward":"Nyakagomba","ward_code":"301"}},{"type":"Feature","geometry":{"type":"Polygon","coordinates":[[[31.91254,-2.74326],[31.91977,-2.74416],[31.92623,-2.74038],[31.93103,-2.74125],[31.93357,-2.74596],[31.93756,-2.75985],[31.93719,-2.77382],[31.92824,-2.78373],[31.9258,-2.7882],[31.92183,-2.79031],[31.9161,-2.79726],[31.90666,-2.79973],[31.90491,-2.81101],[31.89265,-2.81298],[31.88388,-2.82485],[31.86884,-2.82818],[31.85544,-2.82633],[31.85017,-2.81936],[31.85477,-2.81174],[31.8552,-2.80904],[31.8523,-2.80299],[31.85223,-2.79515],[31.85111,-2.78985],[31.84711,-2.78652],[31.84665,-2.78417],[31.8604,-2.78303],[31.86571,-2.78],[31.86758,-2.77275],[31.87064,-2.77324],[31.87479,-2.76478],[31.87497,-2.73093],[31.88322,-2.71856],[31.88668,-2.71646],[31.88888,-2.71233],[31.89313,-2.7132],[31.89585,-2.7167],[31.89649,-2.72042],[31.90968,-2.72922],[31.90975,-2.73773],[31.91254,-2.74326]]]},"properties":{"region":"Geita","district":"Geita","ward":"Nyachiluluma","ward_code":"311"}},{"type":"Feature","geometry":{"type":"Polygon","coordinates":[[[31.89878,-2.65955],[31.90524,-2.662],[31.90908,-2.66161],[31.91206,-2.65837],[31.91473,-2.65721],[31.91944,-2.66094],[31.91906,-2.66379],[31.92344,-2.66398],[31.92523,-2.66207],[31.92539,-2.65707],[31.92895,-2.65203],[31.93433,-2.65341],[31.93689,-2.65234],[31.94712,-2.65892],[31.94201,-2.66553],[31.94201,-2.67254],[31.94736,-2.6715],[31.94763,-2.67444],[31.93981,-2.68437],[31.93726,-2.68421],[31.93517,-2.67937],[31.9325,-2.68094],[31.93211,-2.70073],[31.93812,-2.70923],[31.94054,-2.70883],[31.93981,-2.69926],[31.94756,-2.69293],[31.95069,-2.69143],[31.95471,-2.69993],[31.95825,-2.69933],[31.9598,-2.69409],[31.96273,-2.69281],[31.96616,-2.69474],[31.96499,-2.70181],[31.96049,-2.70385],[31.9593,-2.7105],[31.96006,-2.71469],[31.96148,-2.71756],[31.96584,-2.71731],[31.97044,-2.71164],[31.97768,-2.7164],[31.97287,-2.72199],[31.97192,-2.72513],[31.97931,-2.7266],[31.97598,-2.73118],[31.97711,-2.73876],[31.97309,-2.74334],[31.97644,-2.74602],[31.98068,-2.74677],[31.98045,-2.75804],[31.96917,-2.7685],[31.95327,-2.76476],[31.94189,-2.77547],[31.93719,-2.77382],[31.93756,-2.75985],[31.93357,-2.74596],[31.93103,-2.74125],[31.92623,-2.74038],[31.91977,-2.74416],[31.91254,-2.74326],[31.90975,-2.73773],[31.90968,-2.72922],[31.91213,-2.72864],[31.91405,-2.72395],[31.91111,-2.72283],[31.90802,-2.71773],[31.90444,-2.71408],[31.90298,-2.70394],[31.9066,-2.70216],[31.90546,-2.7002],[31.90385,-2.70166],[31.9005,-2.7009],[31.90116,-2.69517],[31.90416,-2.69239],[31.9178,-2.69537],[31.91269,-2.68988],[31.91135,-2.68505],[31.91284,-2.67929],[31.90869,-2.68277],[31.90443,-2.68406],[31.90207,-2.68355],[31.89928,-2.68142],[31.90341,-2.67238],[31.90267,-2.67001],[31.90042,-2.66921],[31.89829,-2.6698],[31.89569,-2.66859],[31.89077,-2.66396],[31.88409,-2.66236],[31.88442,-2.65943],[31.88787,-2.65197],[31.89073,-2.65111],[31.89191,-2.64902],[31.8904,-2.6449],[31.89592,-2.63983],[31.89791,-2.64039],[31.90052,-2.6466],[31.89863,-2.65157],[31.8998,-2.65567],[31.89878,-2.65955]]]},"properties":{"region":"Geita","district":"Geita","ward":"Bukondo","ward_code":"321"}},{"type":"Feature","geometry":{"type":"Polygon","coordinates":[[[31.96917,-2.7685],[31.97894,-2.78888],[31.97054,-2.81329],[31.97412,-2.82174],[31.96137,-2.8284],[31.95293,-2.82753],[31.94772,-2.82998],[31.93954,-2.84323],[31.93783,-2.84333],[31.92023,-2.83682],[31.89911,-2.82416],[31.89326,-2.82333],[31.88835,-2.81965],[31.89265,-2.81298],[31.90491,-2.81101],[31.90666,-2.79973],[31.9161,-2.79726],[31.92183,-2.79031],[31.9258,-2.7882],[31.92824,-2.78373],[31.93719,-2.77382],[31.94189,-2.77547],[31.95327,-2.76476],[31.96917,-2.7685]]]},"properties":{"region":"Geita","district":"Geita","ward":"Chigunga","ward_code":"331"}},{"type":"Feature","geometry":{"type":"Polygon","coordinates":[[[32.01203,-2.77281],[32.01884,-2.77887],[32.02712,-2.77566],[32.0333,-2.77809],[32.04249,-2.794],[32.08054,-2.81222],[32.09931,-2.81918],[32.09429,-2.84018],[32.08538,-2.85503],[32.07084,-2.85404],[32.06487,-2.84093],[32.06229,-2.83765],[32.04932,-2.83875],[32.03972,-2.83779],[32.03464,-2.84859],[32.02787,-2.85167],[32.01955,-2.85819],[32.01209,-2.86185],[32.01067,-2.86432],[32.00339,-2.85916],[32.00121,-2.85406],[32.00216,-2.84538],[31.99041,-2.83937],[31.97699,-2.82852],[31.97054,-2.81329],[31.97894,-2.78888],[31.9923,-2.7895],[32.00111,-2.7769],[32.01203,-2.77281]]]},"properties":{"region":"Geita","district":"Geita","ward":"Nyamwilolelwa","ward_code":"351"}},{"type":"Feature","geometry":{"type":"Polygon","coordinates":[[[31.93512,-3.01068],[31.93174,-3.00431],[31.9308,-3.0],[31.92291,-3.00443],[31.92262,-3.00018],[31.92073,-2.99799],[31.92109,-2.99548],[31.91864,-2.98993],[31.92277,-2.98955],[31.92819,-2.98632],[31.93031,-2.98642],[31.93051,-2.98552],[31.93268,-2.9858],[31.9317,-2.97962],[31.93276,-2.97979],[31.93348,-2.97672],[31.94549,-2.97698],[31.95009,-2.97752],[31.9524,-2.98155],[31.95624,-2.98431],[31.95669,-2.99383],[31.95917,-2.99601],[31.96194,-3.00179],[31.96446,-3.00457],[31.966,-3.00489],[31.96606,-3.00275],[31.96987,-2.99878],[31.98144,-3.0027],[31.9854,-3.00643],[31.99047,-3.00704],[31.99586,-3.00058],[31.99682,-2.99738],[31.99954,-2.99417],[32.01297,-3.00513],[32.01897,-3.00395],[32.02591,-3.00723],[32.02503,-3.00916],[32.02704,-3.01209],[32.03394,-3.00888],[32.03689,-3.00948],[32.04371,-3.01546],[32.04995,-3.01926],[32.05095,-3.02215],[32.04458,-3.03979],[32.03871,-3.05128],[32.02598,-3.04287],[32.01383,-3.04407],[32.01336,-3.04309],[32.01071,-3.04324],[32.00676,-3.04146],[32.004,-3.03901],[32.00201,-3.03928],[31.999,-3.042],[31.99843,-3.03771],[31.99585,-3.03442],[31.98681,-3.02996],[31.97469,-3.02987],[31.9729,-3.02567],[31.96978,-3.03043],[31.94187,-3.01722],[31.93768,-3.01385],[31.93649,-3.01264],[31.93512,-3.01068]],[[31.93599,-3.01153],[31.93599,-3.01153],[31.93586,-3.01165],[31.93599,-3.01153]]]},"properties":{"region":"Geita","district":"Geita","ward":"Ludete","ward_code":"373"}},{"type":"Feature","geometry":{"type":"Polygon","coordinates":[[[32.21494,-2.88805],[32.22795,-2.88859],[32.23685,-2.89146],[32.2439,-2.89015],[32.24636,-2.89209],[32.25045,-2.88969],[32.25168,-2.89193],[32.25342,-2.89147],[32.25777,-2.89466],[32.27189,-2.89934],[32.27287,-2.90081],[32.27557,-2.90071],[32.27628,-2.89929],[32.28283,-2.90019],[32.28517,-2.89902],[32.28673,-2.90216],[32.28955,-2.90289],[32.28651,-2.90387],[32.28612,-2.90561],[32.28874,-2.90621],[32.29209,-2.91001],[32.29419,-2.91736],[32.29799,-2.9227],[32.28606,-2.92801],[32.28166,-2.9274],[32.27342,-2.93018],[32.26988,-2.93412],[32.2584,-2.94214],[32.24986,-2.94545],[32.24619,-2.94491],[32.2346,-2.93829],[32.22969,-2.94153],[32.22221,-2.94286],[32.20492,-2.9433],[32.20463,-2.93937],[32.19979,-2.93134],[32.19554,-2.92043],[32.19379,-2.9132],[32.19595,-2.90392],[32.20229,-2.89805],[32.20634,-2.89636],[32.21237,-2.89808],[32.21734,-2.8982],[32.2176,-2.89646],[32.21559,-2.89236],[32.21494,-2.88805]]]},"properties":{"region":"Geita","district":"Geita","ward":"Nyankumbu","ward_code":"012"}},{"type":"Feature","geometry":{"type":"Polygon","coordinates":[[[32.34248,-2.83844],[32.34328,-2.85131],[32.34817,-2.87299],[32.32059,-2.88463],[32.3122,-2.88488],[32.25074,-2.87267],[32.25113,-2.8703],[32.24631,-2.8638],[32.24614,-2.86093],[32.24983,-2.85359],[32.24929,-2.84728],[32.24806,-2.84416],[32.24805,-2.83798],[32.25993,-2.84783],[32.2638,-2.84839],[32.26622,-2.84726],[32.26811,-2.84532],[32.28101,-2.82092],[32.28329,-2.81369],[32.28357,-2.80583],[32.31325,-2.81299],[32.33855,-2.82334],[32.34248,-2.83844]]]},"properties":{"region":"Geita","district":"Geita","ward":"Bombambili","ward_code":"022"}},{"type":"Feature","geometry":{"type":"Polygon","coordinates":[[[32.21193,-2.87462],[32.21409,-2.87717],[32.21497,-2.87685],[32.21624,-2.88093],[32.2164,-2.88204],[32.21473,-2.88252],[32.21494,-2.88805],[32.21559,-2.89236],[32.2176,-2.89646],[32.21734,-2.8982],[32.21237,-2.89808],[32.20634,-2.89636],[32.20229,-2.89805],[32.19595,-2.90392],[32.19379,-2.9132],[32.19554,-2.92043],[32.19979,-2.93134],[32.20463,-2.93937],[32.20492,-2.9433],[32.21845,-2.94325],[32.22435,-2.9422],[32.22216,-2.94686],[32.22614,-2.95776],[32.22612,-2.95992],[32.21951,-2.96338],[32.21094,-2.9698],[32.20256,-2.97144],[32.19574,-2.97777],[32.18267,-2.96107],[32.17353,-2.95855],[32.14704,-2.95924],[32.13313,-2.96248],[32.12694,-2.94755],[32.11796,-2.93341],[32.11331,-2.92955],[32.09928,-2.90921],[32.08441,-2.90607],[32.08803,-2.89971],[32.10061,-2.89363],[32.10548,-2.8919],[32.12113,-2.89181],[32.13063,-2.88721],[32.13408,-2.88708],[32.15312,-2.89183],[32.16365,-2.89237],[32.17223,-2.8898],[32.17623,-2.88978],[32.18039,-2.8832],[32.1887,-2.88359],[32.19379,-2.88568],[32.19491,-2.88374],[32.19389,-2.87729],[32.20483,-2.86384],[32.20748,-2.85661],[32.21193,-2.87462]]]},"properties":{"region":"Geita","district":"Geita","ward":"Mtakuja","ward_code":"032"}},{"type":"Feature","geometry":{"type":"Polygon","coordinates":[[[32.20906,-2.81439],[32.20748,-2.85661],[32.20483,-2.86384],[32.19389,-2.87729],[32.19491,-2.88374],[32.19379,-2.88568],[32.1887,-2.88359],[32.18039,-2.8832],[32.17623,-2.88978],[32.17223,-2.8898],[32.16365,-2.89237],[32.15312,-2.89183],[32.13408,-2.88708],[32.13063,-2.88721],[32.12113,-2.89181],[32.10548,-2.8919],[32.10061,-2.89363],[32.08803,-2.89971],[32.08441,-2.90607],[32.05234,-2.89931],[32.05061,-2.89134],[32.03116,-2.8755],[32.02593,-2.86477],[32.01289,-2.86565],[32.01067,-2.86432],[32.01209,-2.86185],[32.01955,-2.85819],[32.02787,-2.85167],[32.03464,-2.84859],[32.03972,-2.83779],[32.04932,-2.83875],[32.06229,-2.83765],[32.06487,-2.84093],[32.07084,-2.85404],[32.08538,-2.85503],[32.09429,-2.84018],[32.09931,-2.81918],[32.12089,-2.82006],[32.13667,-2.81846],[32.14341,-2.80503],[32.15534,-2.79998],[32.15963,-2.79322],[32.16768,-2.79206],[32.17627,-2.79334],[32.18068,-2.7965],[32.18489,-2.7972],[32.19241,-2.81044],[32.20124,-2.81403],[32.20906,-2.81439]]]},"properties":{"region":"Geita","district":"Geita","ward":"Mgusu","ward_code":"042"}},{"type":"Feature","geometry":{"type":"Polygon","coordinates":[[[32.20906,-2.81439],[32.22192,-2.81916],[32.23013,-2.82522],[32.23325,-2.82527],[32.24084,-2.8334],[32.24805,-2.83798],[32.24806,-2.84416],[32.24929,-2.84728],[32.24983,-2.85359],[32.24614,-2.86093],[32.24631,-2.8638],[32.25121,-2.8713],[32.25074,-2.87267],[32.23696,-2.87059],[32.23687,-2.87217],[32.23892,-2.87257],[32.2386,-2.8748],[32.24058,-2.87502],[32.23837,-2.87742],[32.23765,-2.88028],[32.2421,-2.87738],[32.24792,-2.88125],[32.24809,-2.88415],[32.2439,-2.89015],[32.23685,-2.89146],[32.22795,-2.88859],[32.21494,-2.88805],[32.21473,-2.88252],[32.2164,-2.88204],[32.21624,-2.88093],[32.21497,-2.87685],[32.21409,-2.87717],[32.21353,-2.87566],[32.21255,-2.87598],[32.21128,-2.87341],[32.20748,-2.85661],[32.20906,-2.81439]]]},"properties":{"region":"Geita","district":"Geita","ward":"Kalangalala","ward_code":"052"}},{"type":"Feature","geometry":{"type":"Polygon","coordinates":[[[32.23696,-2.87059],[32.31616,-2.88536],[32.32327,-2.88364],[32.34186,-2.87561],[32.343,-2.87852],[32.35013,-2.88177],[32.35806,-2.87993],[32.36917,-2.88442],[32.36957,-2.88606],[32.3657,-2.89199],[32.36517,-2.89563],[32.37584,-2.88524],[32.38534,-2.88152],[32.39729,-2.88823],[32.40011,-2.89102],[32.40153,-2.88982],[32.40008,-2.89105],[32.39726,-2.88826],[32.38531,-2.88155],[32.37581,-2.88527],[32.36514,-2.89566],[32.36696,-2.90692],[32.36461,-2.91614],[32.35854,-2.92196],[32.35377,-2.91829],[32.3474,-2.92553],[32.34368,-2.93478],[32.33595,-2.93266],[32.33222,-2.93003],[32.32596,-2.91999],[32.32353,-2.9183],[32.31967,-2.91311],[32.3187,-2.9075],[32.3182,-2.90891],[32.31276,-2.91129],[32.30574,-2.91618],[32.30234,-2.9173],[32.30173,-2.91977],[32.29799,-2.9227],[32.29419,-2.91736],[32.29209,-2.91001],[32.28874,-2.90621],[32.28612,-2.90561],[32.28651,-2.90387],[32.28955,-2.90289],[32.28673,-2.90216],[32.28517,-2.89902],[32.28283,-2.90019],[32.27628,-2.89929],[32.27557,-2.90071],[32.27287,-2.90081],[32.27189,-2.89934],[32.25777,-2.89466],[32.25342,-2.89147],[32.25168,-2.89193],[32.25045,-2.88969],[32.24636,-2.89209],[32.2439,-2.89015],[32.24809,-2.88415],[32.24792,-2.88125],[32.2421,-2.87738],[32.23765,-2.88028],[32.23837,-2.87742],[32.24058,-2.87502],[32.2386,-2.8748],[32.23892,-2.87257],[32.23687,-2.87217],[32.23696,-2.87059]]]},"properties":{"region":"Geita","district":"Geita","ward":"Buhalahala","ward_code":"062"}},{"type":"Feature","geometry":{"type":"Polygon","coordinates":[[[32.4069,-2.91981],[32.40716,-2.92439],[32.40345,-2.93635],[32.40249,-2.94765],[32.39365,-2.95699],[32.38608,-2.97921],[32.38741,-2.98534],[32.38376,-2.98826],[32.38298,-2.9937],[32.38825,-3.00593],[32.38857,-3.00867],[32.39517,-3.01859],[32.39625,-3.02441],[32.40029,-3.02621],[32.39989,-3.03617],[32.3902,-3.03428],[32.38649,-3.03726],[32.38049,-3.03951],[32.37868,-3.03789],[32.37421,-3.0368],[32.36719,-3.02853],[32.35876,-3.02897],[32.34989,-3.02776],[32.34303,-3.03117],[32.34077,-3.03103],[32.34499,-3.01992],[32.33942,-3.02261],[32.3304,-3.01834],[32.32478,-3.01852],[32.31804,-3.01447],[32.31339,-3.01017],[32.31155,-3.00768],[32.31291,-3.00445],[32.31371,-2.9957],[32.31247,-2.99076],[32.30688,-2.98518],[32.31125,-2.97914],[32.31647,-2.97454],[32.32595,-2.97824],[32.33066,-2.98218],[32.34428,-2.98918],[32.3495,-2.98667],[32.35731,-2.9754],[32.36184,-2.97242],[32.36462,-2.96699],[32.36358,-2.9529],[32.35903,-2.9499],[32.34368,-2.93478],[32.3474,-2.92553],[32.35377,-2.91829],[32.35854,-2.92196],[32.36461,-2.91614],[32.36696,-2.90692],[32.36514,-2.89566],[32.37581,-2.88527],[32.38531,-2.88155],[32.39726,-2.88826],[32.40021,-2.89117],[32.40241,-2.896],[32.40276,-2.8992],[32.40466,-2.90159],[32.40493,-2.90426],[32.40638,-2.90472],[32.4077,-2.90928],[32.41126,-2.91256],[32.4069,-2.91981]]]},"properties":{"region":"Geita","district":"Geita","ward":"Nyanguku","ward_code":"073"}},{"type":"Feature","geometry":{"type":"Polygon","coordinates":[[[32.32596,-2.91999],[32.33222,-2.93003],[32.33595,-2.93266],[32.34368,-2.93478],[32.35903,-2.9499],[32.36358,-2.9529],[32.36462,-2.96699],[32.36184,-2.97242],[32.35731,-2.9754],[32.3495,-2.98667],[32.34428,-2.98918],[32.33066,-2.98218],[32.32595,-2.97824],[32.31647,-2.97454],[32.31125,-2.97914],[32.30688,-2.98518],[32.31247,-2.99076],[32.31371,-2.9957],[32.31291,-3.00445],[32.31155,-3.00768],[32.30724,-3.01103],[32.30097,-3.01097],[32.29657,-3.01288],[32.29303,-3.0134],[32.28126,-3.01218],[32.27768,-3.00726],[32.27893,-3.00258],[32.27064,-2.99543],[32.27081,-2.98789],[32.26355,-2.97924],[32.26556,-2.97606],[32.2636,-2.97318],[32.26308,-2.96526],[32.25706,-2.95672],[32.25488,-2.95064],[32.25413,-2.94361],[32.2584,-2.94214],[32.26372,-2.93855],[32.26988,-2.93412],[32.27342,-2.93018],[32.28166,-2.9274],[32.28606,-2.92801],[32.29574,-2.92403],[32.30028,-2.92137],[32.30232,-2.91875],[32.30234,-2.9173],[32.30574,-2.91618],[32.31276,-2.91129],[32.3182,-2.90891],[32.3187,-2.9075],[32.31967,-2.91311],[32.32353,-2.9183],[32.32596,-2.91999]]]},"properties":{"region":"Geita","district":"Geita","ward":"Ihanamilo","ward_code":"083"}},{"type":"Feature","geometry":{"type":"Polygon","coordinates":[[[32.48419,-2.83015],[32.47474,-2.8653],[32.47053,-2.87606],[32.46902,-2.87672],[32.46586,-2.88243],[32.4659,-2.89168],[32.45132,-2.89988],[32.44596,-2.90694],[32.42645,-2.90301],[32.42484,-2.90543],[32.41436,-2.90742],[32.41126,-2.91256],[32.4077,-2.90928],[32.40751,-2.90652],[32.40638,-2.90472],[32.40493,-2.90426],[32.40466,-2.90159],[32.40276,-2.8992],[32.40241,-2.896],[32.40008,-2.89105],[32.40153,-2.88982],[32.40011,-2.89102],[32.39729,-2.88823],[32.38534,-2.88152],[32.37584,-2.88524],[32.36517,-2.89563],[32.3657,-2.89199],[32.36957,-2.88606],[32.36917,-2.88442],[32.35795,-2.8799],[32.36137,-2.87903],[32.37016,-2.8744],[32.37454,-2.87439],[32.3814,-2.86987],[32.38323,-2.87033],[32.38409,-2.86922],[32.39199,-2.86647],[32.39412,-2.86672],[32.39835,-2.86422],[32.40337,-2.86399],[32.41008,-2.85946],[32.41495,-2.85743],[32.41552,-2.85453],[32.41164,-2.85268],[32.40724,-2.8525],[32.4066,-2.85149],[32.40778,-2.8498],[32.40714,-2.84796],[32.42347,-2.83939],[32.42223,-2.83389],[32.42817,-2.83141],[32.42851,-2.83342],[32.43117,-2.8355],[32.43634,-2.83566],[32.44477,-2.83845],[32.45158,-2.83953],[32.45491,-2.83802],[32.4681,-2.82741],[32.47555,-2.82801],[32.48419,-2.83015]]]},"properties":{"region":"Geita","district":"Geita","ward":"Kasamwa","ward_code":"092"}},{"type":"Feature","geometry":{"type":"Polygon","coordinates":[[[32.48808,-2.85129],[32.48851,-2.85279],[32.49525,-2.85386],[32.49938,-2.85313],[32.50297,-2.84932],[32.50258,-2.85657],[32.50663,-2.86744],[32.50922,-2.87033],[32.51673,-2.87353],[32.52581,-2.87911],[32.54508,-2.88312],[32.56374,-2.90202],[32.57935,-2.93364],[32.57586,-2.93367],[32.57255,-2.93065],[32.57091,-2.93108],[32.56974,-2.9328],[32.5678,-2.93243],[32.56637,-2.93385],[32.56507,-2.9333],[32.5647,-2.93502],[32.56327,-2.93597],[32.54516,-2.9369],[32.54277,-2.93838],[32.53959,-2.93861],[32.53582,-2.94105],[32.53311,-2.94348],[32.53335,-2.94475],[32.53207,-2.9462],[32.52558,-2.94989],[32.51886,-2.9505],[32.49757,-2.94428],[32.4755,-2.92538],[32.45635,-2.91244],[32.44596,-2.90694],[32.45132,-2.89988],[32.4659,-2.89168],[32.46586,-2.88243],[32.46902,-2.87672],[32.47053,-2.87606],[32.47474,-2.8653],[32.48028,-2.8447],[32.48808,-2.85129]]]},"properties":{"region":"Geita","district":"Geita","ward":"Bulela","ward_code":"101"}},{"type":"Feature","geometry":{"type":"Polygon","coordinates":[[[32.54223,-2.82447],[32.55754,-2.84746],[32.56242,-2.8482],[32.57407,-2.85757],[32.58246,-2.89895],[32.5792,-2.92626],[32.57935,-2.93364],[32.56374,-2.90202],[32.54508,-2.88312],[32.52581,-2.87911],[32.51673,-2.87353],[32.50922,-2.87033],[32.50663,-2.86744],[32.50258,-2.85657],[32.50297,-2.84932],[32.49938,-2.85313],[32.49525,-2.85386],[32.48851,-2.85279],[32.48808,-2.85129],[32.48028,-2.8447],[32.48419,-2.83015],[32.48787,-2.82807],[32.50513,-2.83071],[32.51185,-2.8239],[32.52155,-2.81837],[32.52911,-2.81274],[32.5349,-2.81056],[32.53991,-2.80969],[32.54448,-2.81165],[32.54223,-2.82447]]]},"properties":{"region":"Geita","district":"Geita","ward":"Shiloleli","ward_code":"111"}},{"type":"Feature","geometry":{"type":"Polygon","coordinates":[[[32.49787,-2.77776],[32.51058,-2.78199],[32.51963,-2.79115],[32.53596,-2.79399],[32.54642,-2.79711],[32.54818,-2.79656],[32.5563,-2.80137],[32.54448,-2.81165],[32.53991,-2.80969],[32.52911,-2.81274],[32.52155,-2.81837],[32.51185,-2.8239],[32.50513,-2.83071],[32.48787,-2.82807],[32.48419,-2.83015],[32.47555,-2.82801],[32.4681,-2.82741],[32.45491,-2.83802],[32.45158,-2.83953],[32.44477,-2.83845],[32.43634,-2.83566],[32.43117,-2.8355],[32.42851,-2.83342],[32.42817,-2.83141],[32.42504,-2.8324],[32.42223,-2.83389],[32.42347,-2.83939],[32.40714,-2.84796],[32.40778,-2.8498],[32.4066,-2.85149],[32.40724,-2.8525],[32.41164,-2.85268],[32.41552,-2.85453],[32.41495,-2.85743],[32.41008,-2.85946],[32.40337,-2.86399],[32.39835,-2.86422],[32.39412,-2.86672],[32.39199,-2.86647],[32.38409,-2.86922],[32.38323,-2.87033],[32.3814,-2.86987],[32.37454,-2.87439],[32.37016,-2.8744],[32.35694,-2.88042],[32.35013,-2.88177],[32.343,-2.87852],[32.34186,-2.87561],[32.34817,-2.87299],[32.34328,-2.85131],[32.34248,-2.83844],[32.33855,-2.82334],[32.37285,-2.82178],[32.39092,-2.81276],[32.40998,-2.80683],[32.41228,-2.81051],[32.41325,-2.81842],[32.41551,-2.81831],[32.41942,-2.81691],[32.42343,-2.81011],[32.43269,-2.80789],[32.43553,-2.80831],[32.43559,-2.79889],[32.43791,-2.79545],[32.44344,-2.79201],[32.44895,-2.77658],[32.4539,-2.77824],[32.46093,-2.77742],[32.4647,-2.77834],[32.47465,-2.77585],[32.49787,-2.77776]]]},"properties":{"region":"Geita","district":"Geita","ward":"Kanyala","ward_code":"122"}},{"type":"Feature","geometry":{"type":"Polygon","coordinates":[[[32.40102,-2.7352],[32.4104,-2.73886],[32.4144,-2.74241],[32.42095,-2.75107],[32.42308,-2.75712],[32.42715,-2.76056],[32.42798,-2.76624],[32.43129,-2.77095],[32.44434,-2.77378],[32.44895,-2.77658],[32.44344,-2.79201],[32.43791,-2.79545],[32.43559,-2.79889],[32.43553,-2.80831],[32.43269,-2.80789],[32.42343,-2.81011],[32.41942,-2.81691],[32.41551,-2.81831],[32.41325,-2.81842],[32.41228,-2.81051],[32.40998,-2.80683],[32.39092,-2.81276],[32.37285,-2.82178],[32.33855,-2.82334],[32.31325,-2.81299],[32.28357,-2.80583],[32.29024,-2.79218],[32.29181,-2.77378],[32.30225,-2.75823],[32.30567,-2.75584],[32.3161,-2.75099],[32.32597,-2.75648],[32.344,-2.7587],[32.35675,-2.7542],[32.36876,-2.74496],[32.37491,-2.74368],[32.38598,-2.73791],[32.38874,-2.73807],[32.39102,-2.73644],[32.39261,-2.73693],[32.39782,-2.73505],[32.40102,-2.7352]]]},"properties":{"region":"Geita","district":"Geita","ward":"Bung'wangoko","ward_code":"131"}},{"type":"Feature","geometry":{"type":"Polygon","coordinates":[[[32.49757,-2.94428],[32.51886,-2.9505],[32.52558,-2.94989],[32.53107,-2.9469],[32.53069,-2.94905],[32.52801,-2.95306],[32.52712,-2.95915],[32.52578,-2.96034],[32.5247,-2.96621],[32.52544,-2.97031],[32.52974,-2.97682],[32.53063,-2.99488],[32.5327,-3.00508],[32.53884,-3.01934],[32.54252,-3.0245],[32.54203,-3.04878],[32.53363,-3.04614],[32.53248,-3.05329],[32.51486,-3.0539],[32.49808,-3.04824],[32.4766,-3.04829],[32.47269,-3.05835],[32.47312,-3.07691],[32.47143,-3.07874],[32.46174,-3.07166],[32.45488,-3.07086],[32.44947,-3.07203],[32.4463,-3.07087],[32.44159,-3.0709],[32.43604,-3.06952],[32.42429,-3.06237],[32.42162,-3.05325],[32.41821,-3.04719],[32.41503,-3.04392],[32.39989,-3.03617],[32.40029,-3.02621],[32.39625,-3.02441],[32.39517,-3.01859],[32.38857,-3.00867],[32.38825,-3.00593],[32.38298,-2.9937],[32.38376,-2.98826],[32.38741,-2.98534],[32.38608,-2.97921],[32.39365,-2.95699],[32.40249,-2.94765],[32.40345,-2.93635],[32.40716,-2.92439],[32.4069,-2.91981],[32.41436,-2.90742],[32.42484,-2.90543],[32.42645,-2.90301],[32.44596,-2.90694],[32.45635,-2.91244],[32.4755,-2.92538],[32.49757,-2.94428]]]},"properties":{"region":"Geita","district":"Nyang'hwale","ward":"Shabaka","ward_code":"011"}},{"type":"Feature","geometry":{"type":"Polygon","coordinates":[[[32.53349,-3.15269],[32.54071,-3.15714],[32.54684,-3.15881],[32.55101,-3.16126],[32.55729,-3.16303],[32.56253,-3.16604],[32.57408,-3.17034],[32.57083,-3.17143],[32.55561,-3.19497],[32.54127,-3.20027],[32.53917,-3.20274],[32.536,-3.20254],[32.5282,-3.20842],[32.52779,-3.20676],[32.52504,-3.20599],[32.52495,-3.20471],[32.52133,-3.20143],[32.51475,-3.20156],[32.51161,-3.19983],[32.50618,-3.19999],[32.50515,-3.19908],[32.50237,-3.19987],[32.49851,-3.19912],[32.4976,-3.20014],[32.4933,-3.19878],[32.48585,-3.20243],[32.48339,-3.2025],[32.48278,-3.2046],[32.47726,-3.20784],[32.47274,-3.21296],[32.469,-3.21419],[32.46562,-3.21765],[32.46472,-3.22023],[32.46277,-3.22036],[32.4626,-3.22135],[32.46085,-3.22127],[32.45807,-3.22355],[32.45451,-3.2224],[32.45191,-3.22006],[32.45113,-3.2205],[32.44467,-3.20173],[32.44105,-3.19391],[32.44242,-3.18725],[32.4421,-3.18204],[32.4444,-3.17505],[32.44455,-3.16967],[32.44799,-3.16122],[32.45857,-3.15501],[32.46259,-3.15594],[32.4649,-3.15331],[32.46823,-3.14515],[32.47277,-3.13812],[32.47237,-3.12595],[32.48675,-3.12506],[32.50456,-3.12571],[32.50758,-3.13354],[32.51284,-3.13933],[32.51564,-3.14583],[32.52192,-3.14637],[32.52641,-3.1503],[32.53349,-3.15269]]]},"properties":{"region":"Geita","district":"Nyang'hwale","ward":"Mwingiro","ward_code":"091"}},{"type":"Feature","geometry":{"type":"Polygon","coordinates":[[[32.49808,-3.04824],[32.51486,-3.0539],[32.53248,-3.05329],[32.53025,-3.06953],[32.52975,-3.09472],[32.52879,-3.0984],[32.53299,-3.09738],[32.53789,-3.10024],[32.54387,-3.10063],[32.55208,-3.103],[32.55326,-3.10156],[32.56431,-3.105],[32.56981,-3.10563],[32.57205,-3.10476],[32.5769,-3.10494],[32.57822,-3.10693],[32.58204,-3.10782],[32.5843,-3.11153],[32.58951,-3.11473],[32.59552,-3.12186],[32.59842,-3.1232],[32.6031,-3.11699],[32.60936,-3.11343],[32.61303,-3.11664],[32.61584,-3.11754],[32.6189,-3.12519],[32.62811,-3.13174],[32.62714,-3.13248],[32.62773,-3.13315],[32.61987,-3.13972],[32.62046,-3.14139],[32.61772,-3.14454],[32.61384,-3.14451],[32.61275,-3.14516],[32.61265,-3.14709],[32.60922,-3.14671],[32.6072,-3.14519],[32.60462,-3.14602],[32.60143,-3.14861],[32.59652,-3.14983],[32.59378,-3.15205],[32.58662,-3.15515],[32.58111,-3.15918],[32.58133,-3.16228],[32.57891,-3.1632],[32.57408,-3.17034],[32.56253,-3.16604],[32.55729,-3.16303],[32.55101,-3.16126],[32.54684,-3.15881],[32.54071,-3.15714],[32.53349,-3.15269],[32.52641,-3.1503],[32.52192,-3.14637],[32.51564,-3.14583],[32.51284,-3.13933],[32.50758,-3.13354],[32.50456,-3.12571],[32.48675,-3.12506],[32.47237,-3.12595],[32.47328,-3.11883],[32.47485,-3.11772],[32.47514,-3.11512],[32.4832,-3.10425],[32.48204,-3.103],[32.48196,-3.09755],[32.47885,-3.08976],[32.47143,-3.07874],[32.47312,-3.07691],[32.47269,-3.05835],[32.4766,-3.04829],[32.49808,-3.04824]]]},"properties":{"region":"Geita","district":"Nyang'hwale","ward":"Nyabulanda","ward_code":"101"}},{"type":"Feature","geometry":{"type":"Polygon","coordinates":[[[32.57109,-3.028],[32.57475,-3.03341],[32.57699,-3.02928],[32.58186,-3.02388],[32.59004,-3.0175],[32.60281,-3.01897],[32.61023,-3.02573],[32.61476,-3.03447],[32.62237,-3.04228],[32.62036,-3.04742],[32.61937,-3.05584],[32.61691,-3.05897],[32.60752,-3.06643],[32.60457,-3.07202],[32.60365,-3.07551],[32.60386,-3.08277],[32.60071,-3.08816],[32.60146,-3.09123],[32.60094,-3.09533],[32.59824,-3.10694],[32.6034,-3.11665],[32.59842,-3.1232],[32.59552,-3.12186],[32.58951,-3.11473],[32.5843,-3.11153],[32.58204,-3.10782],[32.57822,-3.10693],[32.5769,-3.10494],[32.57205,-3.10476],[32.56981,-3.10563],[32.56431,-3.105],[32.55326,-3.10156],[32.55208,-3.103],[32.54387,-3.10063],[32.53789,-3.10024],[32.53299,-3.09738],[32.52879,-3.0984],[32.52975,-3.09472],[32.53074,-3.06414],[32.53363,-3.04614],[32.54203,-3.04878],[32.54252,-3.0245],[32.53884,-3.01934],[32.55501,-3.01678],[32.56456,-3.02136],[32.57109,-3.028]]]},"properties":{"region":"Geita","district":"Nyang'hwale","ward":"Nyang'hwale","ward_code":"111"}},{"type":"Feature","geometry":{"type":"Polygon","coordinates":[[[32.57327,-2.93133],[32.57586,-2.93367],[32.57935,-2.93364],[32.58215,-2.93132],[32.58524,-2.93272],[32.58574,-2.93398],[32.59793,-2.9356],[32.59782,-2.94236],[32.59543,-2.95264],[32.59166,-2.9588],[32.58939,-2.96475],[32.58244,-2.9718],[32.57211,-2.98703],[32.58486,-3.00461],[32.58793,-3.01049],[32.59004,-3.0175],[32.58186,-3.02388],[32.57699,-3.02928],[32.57475,-3.03341],[32.57109,-3.028],[32.56456,-3.02136],[32.55981,-3.01859],[32.55264,-3.01671],[32.53884,-3.01934],[32.53142,-3.00083],[32.52974,-2.97682],[32.52544,-2.97031],[32.5247,-2.96621],[32.52578,-2.96034],[32.52712,-2.95915],[32.52801,-2.95306],[32.53069,-2.94905],[32.53107,-2.9469],[32.53335,-2.94475],[32.53311,-2.94348],[32.53582,-2.94105],[32.53959,-2.93861],[32.54277,-2.93838],[32.54811,-2.93624],[32.55157,-2.93715],[32.5536,-2.93618],[32.55755,-2.93674],[32.55853,-2.93595],[32.56327,-2.93597],[32.56549,-2.93309],[32.56637,-2.93385],[32.5678,-2.93243],[32.56974,-2.9328],[32.57091,-2.93108],[32.57327,-2.93133]]]},"properties":{"region":"Geita","district":"Nyang'hwale","ward":"Kaboha","ward_code":"131"}},{"type":"Feature","geometry":{"type":"Polygon","coordinates":[[[32.64879,-2.96109],[32.66006,-2.97399],[32.66762,-2.97706],[32.67012,-2.98143],[32.68493,-2.9921],[32.69877,-2.99723],[32.68912,-3.00215],[32.6842,-3.00584],[32.68159,-3.0169],[32.68652,-3.02876],[32.68899,-3.04568],[32.68761,-3.04864],[32.67919,-3.05534],[32.66998,-3.06471],[32.66794,-3.06295],[32.66484,-3.06238],[32.66068,-3.06354],[32.65635,-3.06329],[32.64463,-3.06019],[32.63021,-3.04466],[32.62953,-3.04057],[32.62845,-3.04005],[32.62434,-3.04358],[32.62237,-3.04228],[32.61476,-3.03447],[32.61023,-3.02573],[32.60281,-3.01897],[32.59004,-3.0175],[32.58793,-3.01049],[32.58486,-3.00461],[32.57211,-2.98703],[32.58244,-2.9718],[32.58939,-2.96475],[32.59166,-2.9588],[32.59543,-2.95264],[32.59782,-2.94236],[32.59793,-2.9356],[32.60671,-2.93629],[32.61774,-2.93882],[32.62712,-2.95375],[32.64879,-2.96109]]]},"properties":{"region":"Geita","district":"Nyang'hwale","ward":"Busolwa","ward_code":"021"}},{"type":"Feature","geometry":{"type":"Polygon","coordinates":[[[32.71991,-3.04952],[32.72167,-3.05309],[32.73245,-3.06322],[32.73722,-3.06224],[32.73277,-3.08348],[32.73697,-3.08752],[32.73814,-3.08789],[32.73968,-3.0801],[32.754,-3.07963],[32.75843,-3.07539],[32.76732,-3.08003],[32.77868,-3.08336],[32.76945,-3.10032],[32.76711,-3.12319],[32.78107,-3.15622],[32.75463,-3.16824],[32.74574,-3.17423],[32.73862,-3.1814],[32.7349,-3.18356],[32.72468,-3.1816],[32.70761,-3.17338],[32.69697,-3.16449],[32.69073,-3.16145],[32.69001,-3.15634],[32.68364,-3.14417],[32.68172,-3.13565],[32.68221,-3.13201],[32.68546,-3.13238],[32.70006,-3.1298],[32.70427,-3.12821],[32.70833,-3.12416],[32.71249,-3.1268],[32.71685,-3.12678],[32.72755,-3.12004],[32.72342,-3.11459],[32.7233,-3.11209],[32.72008,-3.10762],[32.71448,-3.10141],[32.71024,-3.09831],[32.70404,-3.09772],[32.69802,-3.09589],[32.6826,-3.09496],[32.68394,-3.09292],[32.69609,-3.08804],[32.69792,-3.08563],[32.70115,-3.0785],[32.70575,-3.05995],[32.70594,-3.05487],[32.71991,-3.04952]]]},"properties":{"region":"Geita","district":"Nyang'hwale","ward":"Kakora","ward_code":"031"}},{"type":"Feature","geometry":{"type":"Polygon","coordinates":[[[32.62953,-3.04057],[32.63021,-3.04466],[32.64463,-3.06019],[32.65635,-3.06329],[32.66068,-3.06354],[32.66484,-3.06238],[32.66794,-3.06295],[32.66998,-3.06471],[32.68232,-3.0526],[32.68661,-3.0519],[32.69613,-3.05353],[32.70073,-3.05264],[32.70594,-3.05487],[32.70575,-3.05995],[32.70115,-3.0785],[32.69792,-3.08563],[32.69609,-3.08804],[32.68394,-3.09292],[32.6826,-3.09496],[32.69802,-3.09589],[32.70404,-3.09772],[32.71024,-3.09831],[32.71448,-3.10141],[32.72008,-3.10762],[32.7233,-3.11209],[32.72342,-3.11459],[32.72755,-3.12004],[32.71685,-3.12678],[32.71249,-3.1268],[32.70833,-3.12416],[32.70427,-3.12821],[32.69482,-3.13103],[32.68972,-3.13113],[32.68546,-3.13238],[32.67527,-3.13116],[32.66992,-3.13354],[32.666,-3.13203],[32.66515,-3.13254],[32.66084,-3.13022],[32.65696,-3.13284],[32.65564,-3.13217],[32.65294,-3.13323],[32.65098,-3.13144],[32.64904,-3.13194],[32.64877,-3.1332],[32.64413,-3.13309],[32.64105,-3.13442],[32.63799,-3.131],[32.63738,-3.12861],[32.63171,-3.12897],[32.62811,-3.13174],[32.62574,-3.13043],[32.6189,-3.12519],[32.61584,-3.11754],[32.61303,-3.11664],[32.60936,-3.11343],[32.6031,-3.11699],[32.60175,-3.11277],[32.59824,-3.10694],[32.60094,-3.09533],[32.60146,-3.09123],[32.60071,-3.08816],[32.60386,-3.08277],[32.60365,-3.07551],[32.60457,-3.07202],[32.60752,-3.06643],[32.61691,-3.05897],[32.61937,-3.05584],[32.62036,-3.04742],[32.62237,-3.04228],[32.62434,-3.04358],[32.62845,-3.04005],[32.62953,-3.04057]]]},"properties":{"region":"Geita","district":"Nyang'hwale","ward":"Nyijundu","ward_code":"121"}},{"type":"Feature","geometry":{"type":"Polygon","coordinates":[[[32.76315,-2.99061],[32.76774,-3.02387],[32.76554,-3.02737],[32.76432,-3.03394],[32.77199,-3.041],[32.77765,-3.04408],[32.78244,-3.04944],[32.78694,-3.06818],[32.77868,-3.08336],[32.76732,-3.08003],[32.75843,-3.07539],[32.754,-3.07963],[32.73968,-3.0801],[32.73814,-3.08789],[32.73697,-3.08752],[32.73277,-3.08348],[32.73722,-3.06224],[32.73245,-3.06322],[32.72167,-3.05309],[32.71991,-3.04952],[32.70594,-3.05487],[32.70073,-3.05264],[32.69613,-3.05353],[32.68661,-3.0519],[32.68232,-3.0526],[32.68761,-3.04864],[32.68899,-3.04568],[32.68652,-3.02876],[32.68159,-3.0169],[32.6842,-3.00584],[32.68912,-3.00215],[32.69877,-2.99723],[32.7108,-3.00694],[32.73037,-3.01173],[32.76315,-2.99061]]]},"properties":{"region":"Geita","district":"Nyang'hwale","ward":"Nyamtukuza","ward_code":"141"}},{"type":"Feature","geometry":{"type":"Polygon","coordinates":[[[32.78854,-3.16945],[32.77968,-3.18734],[32.78038,-3.19616],[32.77781,-3.20313],[32.78363,-3.2195],[32.78072,-3.22467],[32.77982,-3.22739],[32.78006,-3.23153],[32.77647,-3.23887],[32.77543,-3.25115],[32.77257,-3.25595],[32.77003,-3.25657],[32.75616,-3.27309],[32.75384,-3.28421],[32.75002,-3.28868],[32.74008,-3.31085],[32.73347,-3.31514],[32.72985,-3.32401],[32.72145,-3.32442],[32.70729,-3.32119],[32.69658,-3.32119],[32.68576,-3.3254],[32.68318,-3.33219],[32.68276,-3.35176],[32.66701,-3.34409],[32.66446,-3.34038],[32.66299,-3.33534],[32.65894,-3.32934],[32.65858,-3.32355],[32.65684,-3.3195],[32.65398,-3.30641],[32.65598,-3.3071],[32.66004,-3.30554],[32.66743,-3.30674],[32.66846,-3.30423],[32.66886,-3.29609],[32.66693,-3.28534],[32.66721,-3.26014],[32.68765,-3.25592],[32.69374,-3.25305],[32.69309,-3.24366],[32.69919,-3.23178],[32.70104,-3.22493],[32.70345,-3.22171],[32.7009,-3.19827],[32.70133,-3.19594],[32.70629,-3.19395],[32.71518,-3.19387],[32.72468,-3.1816],[32.7349,-3.18356],[32.73626,-3.18301],[32.74574,-3.17423],[32.75463,-3.16824],[32.78107,-3.15622],[32.78854,-3.16945]]]},"properties":{"region":"Geita","district":"Nyang'hwale","ward":"Nyugwa","ward_code":"041"}},{"type":"Feature","geometry":{"type":"Polygon","coordinates":[[[32.63799,-3.131],[32.64105,-3.13442],[32.64413,-3.13309],[32.64877,-3.1332],[32.64904,-3.13194],[32.65098,-3.13144],[32.65294,-3.13323],[32.65564,-3.13217],[32.65696,-3.13284],[32.66084,-3.13022],[32.66515,-3.13254],[32.666,-3.13203],[32.66992,-3.13354],[32.67527,-3.13116],[32.68221,-3.13201],[32.68172,-3.13565],[32.68364,-3.14417],[32.69001,-3.15634],[32.69073,-3.16145],[32.69697,-3.16449],[32.70761,-3.17338],[32.72468,-3.1816],[32.71518,-3.19387],[32.70629,-3.19395],[32.70133,-3.19594],[32.7009,-3.19827],[32.70345,-3.22171],[32.70104,-3.22493],[32.69919,-3.23178],[32.69309,-3.24366],[32.69338,-3.24482],[32.68244,-3.23498],[32.67302,-3.228],[32.66606,-3.22822],[32.65604,-3.23321],[32.65062,-3.23255],[32.64931,-3.23141],[32.65241,-3.22035],[32.65237,-3.21479],[32.64379,-3.20614],[32.63318,-3.2039],[32.62741,-3.20466],[32.62444,-3.20292],[32.615,-3.20432],[32.60569,-3.20165],[32.60879,-3.19554],[32.60779,-3.1927],[32.60332,-3.1858],[32.60277,-3.18354],[32.6003,-3.18125],[32.59817,-3.17414],[32.59079,-3.16654],[32.5843,-3.15736],[32.59023,-3.15303],[32.59378,-3.15205],[32.59898,-3.14881],[32.59967,-3.14943],[32.60143,-3.14861],[32.60462,-3.14602],[32.6072,-3.14519],[32.60922,-3.14671],[32.61265,-3.14709],[32.61275,-3.14516],[32.61384,-3.14451],[32.61772,-3.14454],[32.62046,-3.14139],[32.61987,-3.13972],[32.62513,-3.13599],[32.62773,-3.13315],[32.62714,-3.13248],[32.63171,-3.12897],[32.63738,-3.12861],[32.63799,-3.131]]]},"properties":{"region":"Geita","district":"Nyang'hwale","ward":"Kharumwa","ward_code":"073"}},{"type":"Feature","geometry":{"type":"Polygon","coordinates":[[[32.60879,-3.19554],[32.60569,-3.20165],[32.615,-3.20432],[32.62444,-3.20292],[32.62741,-3.20466],[32.63318,-3.2039],[32.64379,-3.20614],[32.65237,-3.21479],[32.65241,-3.22035],[32.64931,-3.23141],[32.65062,-3.23255],[32.65604,-3.23321],[32.66606,-3.22822],[32.67302,-3.228],[32.68244,-3.23498],[32.69338,-3.24482],[32.69374,-3.25305],[32.68765,-3.25592],[32.66721,-3.26014],[32.66013,-3.25825],[32.63563,-3.25775],[32.61295,-3.25837],[32.60837,-3.25756],[32.60303,-3.25956],[32.59852,-3.2556],[32.60725,-3.23993],[32.6063,-3.23171],[32.60443,-3.22914],[32.60479,-3.21968],[32.59649,-3.21774],[32.59124,-3.2119],[32.58003,-3.2175],[32.57342,-3.21919],[32.56599,-3.21879],[32.5615,-3.20636],[32.55537,-3.1945],[32.57083,-3.17143],[32.57408,-3.17034],[32.57891,-3.1632],[32.58133,-3.16228],[32.58111,-3.15918],[32.5843,-3.15736],[32.59079,-3.16654],[32.59817,-3.17414],[32.6003,-3.18125],[32.60277,-3.18354],[32.60332,-3.1858],[32.60779,-3.1927],[32.60879,-3.19554]]]},"properties":{"region":"Geita","district":"Nyang'hwale","ward":"Izunya","ward_code":"081"}},{"type":"Feature","geometry":{"type":"Polygon","coordinates":[[[32.57374,-3.31758],[32.58359,-3.32003],[32.58704,-3.31915],[32.59231,-3.3208],[32.60046,-3.31808],[32.6011,-3.31572],[32.61296,-3.31027],[32.62539,-3.30884],[32.63021,-3.30868],[32.63418,-3.31338],[32.63531,-3.31958],[32.63191,-3.32753],[32.63322,-3.33717],[32.63254,-3.35013],[32.62397,-3.38986],[32.60462,-3.381],[32.58001,-3.37856],[32.57371,-3.38029],[32.56405,-3.40614],[32.54646,-3.39999],[32.51761,-3.39463],[32.50277,-3.39376],[32.51027,-3.38385],[32.5181,-3.36379],[32.52537,-3.35748],[32.52816,-3.35299],[32.52909,-3.34912],[32.52841,-3.34753],[32.53027,-3.34216],[32.53168,-3.34068],[32.53147,-3.33678],[32.53279,-3.33576],[32.53336,-3.32571],[32.54288,-3.30733],[32.55286,-3.30774],[32.57374,-3.31758]]]},"properties":{"region":"Geita","district":"Nyang'hwale","ward":"Bukwimba","ward_code":"051"}},{"type":"Feature","geometry":{"type":"Polygon","coordinates":[[[32.55561,-3.19497],[32.5615,-3.20636],[32.56599,-3.21879],[32.57342,-3.21919],[32.58003,-3.2175],[32.59124,-3.2119],[32.59649,-3.21774],[32.60479,-3.21968],[32.60443,-3.22914],[32.6063,-3.23171],[32.60725,-3.23993],[32.59852,-3.2556],[32.60303,-3.25956],[32.60837,-3.25756],[32.61295,-3.25837],[32.63563,-3.25775],[32.66013,-3.25825],[32.66721,-3.26014],[32.66693,-3.28534],[32.66918,-3.30047],[32.66743,-3.30674],[32.66004,-3.30554],[32.65598,-3.3071],[32.65008,-3.30627],[32.61296,-3.31027],[32.6011,-3.31572],[32.60046,-3.31808],[32.59231,-3.3208],[32.58704,-3.31915],[32.58359,-3.32003],[32.57374,-3.31758],[32.55286,-3.30774],[32.54288,-3.30733],[32.5452,-3.30174],[32.54462,-3.29774],[32.54199,-3.2952],[32.54507,-3.28309],[32.54357,-3.28115],[32.53824,-3.26036],[32.53391,-3.2515],[32.53428,-3.24698],[32.53216,-3.23936],[32.53074,-3.23749],[32.52918,-3.22809],[32.52919,-3.22192],[32.53033,-3.21839],[32.52863,-3.21589],[32.5282,-3.20842],[32.536,-3.20254],[32.53917,-3.20274],[32.54127,-3.20027],[32.55561,-3.19497]]]},"properties":{"region":"Geita","district":"Nyang'hwale","ward":"Kafita","ward_code":"061"}},{"type":"Feature","geometry":{"type":"Polygon","coordinates":[[[32.66701,-3.34409],[32.68276,-3.35176],[32.68323,-3.34856],[32.68151,-3.36096],[32.68618,-3.36623],[32.68895,-3.36724],[32.69059,-3.36932],[32.69832,-3.39024],[32.69945,-3.40309],[32.69604,-3.42316],[32.69419,-3.45181],[32.69722,-3.45955],[32.69201,-3.4598],[32.67552,-3.4555],[32.66435,-3.45071],[32.65905,-3.44791],[32.65746,-3.44602],[32.64895,-3.4438],[32.63515,-3.43779],[32.62167,-3.43402],[32.61707,-3.4346],[32.60044,-3.42694],[32.58916,-3.41492],[32.56405,-3.40614],[32.57371,-3.38029],[32.58001,-3.37856],[32.60462,-3.381],[32.62397,-3.38986],[32.63254,-3.35013],[32.63322,-3.33717],[32.63191,-3.32753],[32.63531,-3.31958],[32.63418,-3.31338],[32.63021,-3.30868],[32.65398,-3.30641],[32.65684,-3.3195],[32.65858,-3.32355],[32.65894,-3.32934],[32.66299,-3.33534],[32.66446,-3.34038],[32.66701,-3.34409]]]},"properties":{"region":"Geita","district":"Nyang'hwale","ward":"Nundu","ward_code":"151"}},{"type":"Feature","geometry":{"type":"Polygon","coordinates":[[[32.30164,-3.57103],[32.30274,-3.59011],[32.30711,-3.59336],[32.29096,-3.62183],[32.27497,-3.60535],[32.26702,-3.58375],[32.26127,-3.58481],[32.25431,-3.58998],[32.24454,-3.60357],[32.21844,-3.60057],[32.21819,-3.5812],[32.20407,-3.57284],[32.17285,-3.58076],[32.16394,-3.59348],[32.15141,-3.59004],[32.15059,-3.58764],[32.14839,-3.58622],[32.14549,-3.58199],[32.13604,-3.5636],[32.11451,-3.56052],[32.11612,-3.55585],[32.11724,-3.54526],[32.12096,-3.53933],[32.13184,-3.52613],[32.16404,-3.49612],[32.18494,-3.49434],[32.29125,-3.49076],[32.32903,-3.49627],[32.33057,-3.52333],[32.31091,-3.55902],[32.30164,-3.57103]]]},"properties":{"region":"Geita","district":"Mbogwe","ward":"Lugunga","ward_code":"113"}},{"type":"Feature","geometry":{"type":"Polygon","coordinates":[[[32.15141,-3.59004],[32.16394,-3.59348],[32.17285,-3.58076],[32.20407,-3.57284],[32.21819,-3.5812],[32.21844,-3.60057],[32.22068,-3.60082],[32.21953,-3.60938],[32.21564,-3.61055],[32.19692,-3.63152],[32.20009,-3.63673],[32.20386,-3.6384],[32.19773,-3.66805],[32.17283,-3.65266],[32.16594,-3.64731],[32.1489,-3.6384],[32.14491,-3.62913],[32.13611,-3.62432],[32.12651,-3.62773],[32.11256,-3.63054],[32.09352,-3.62142],[32.0902,-3.62094],[32.09019,-3.61984],[32.09163,-3.61939],[32.09139,-3.60983],[32.09793,-3.60052],[32.09973,-3.59008],[32.10849,-3.57421],[32.11451,-3.56052],[32.13604,-3.5636],[32.14549,-3.58199],[32.14839,-3.58622],[32.15059,-3.58764],[32.15141,-3.59004]]]},"properties":{"region":"Geita","district":"Mbogwe","ward":"Nyakafulu","ward_code":"123"}},{"type":"Feature","geometry":{"type":"Polygon","coordinates":[[[32.26702,-3.58375],[32.27497,-3.60535],[32.29096,-3.62183],[32.30711,-3.59336],[32.31522,-3.5994],[32.31614,-3.62224],[32.32538,-3.62678],[32.34822,-3.62183],[32.36502,-3.61643],[32.37,-3.61723],[32.37121,-3.63843],[32.35324,-3.63722],[32.30254,-3.65973],[32.31713,-3.66316],[32.32235,-3.69729],[32.30111,-3.72271],[32.28961,-3.77631],[32.28356,-3.77735],[32.27668,-3.76857],[32.25893,-3.76174],[32.25084,-3.75303],[32.24345,-3.74948],[32.24176,-3.74499],[32.22382,-3.73614],[32.22111,-3.73629],[32.21903,-3.73529],[32.2198,-3.73365],[32.21581,-3.73073],[32.22714,-3.68703],[32.22055,-3.68204],[32.19773,-3.66805],[32.20386,-3.6384],[32.20009,-3.63673],[32.19692,-3.63152],[32.21564,-3.61055],[32.21953,-3.60938],[32.22068,-3.60082],[32.24454,-3.60357],[32.25431,-3.58998],[32.26127,-3.58481],[32.26702,-3.58375]]]},"properties":{"region":"Geita","district":"Mbogwe","ward":"Bukandwe","ward_code":"131"}},{"type":"Feature","geometry":{"type":"Polygon","coordinates":[[[32.4116,-3.63839],[32.41289,-3.64553],[32.41552,-3.6522],[32.41456,-3.66886],[32.40524,-3.71175],[32.388,-3.72135],[32.37065,-3.72182],[32.36708,-3.81746],[32.3635,-3.81733],[32.35996,-3.81349],[32.35601,-3.81134],[32.31316,-3.79142],[32.30978,-3.79194],[32.29969,-3.78139],[32.29327,-3.78146],[32.29283,-3.77794],[32.28961,-3.77631],[32.30111,-3.72271],[32.32235,-3.69729],[32.31713,-3.66316],[32.30254,-3.65973],[32.35324,-3.63722],[32.37121,-3.63843],[32.37,-3.61723],[32.37064,-3.61263],[32.39515,-3.59709],[32.39992,-3.60812],[32.39966,-3.61728],[32.40057,-3.6201],[32.4116,-3.63839]]]},"properties":{"region":"Geita","district":"Mbogwe","ward":"Nhomolwa","ward_code":"141"}},{"type":"Feature","geometry":{"type":"Polygon","coordinates":[[[32.09352,-3.62142],[32.11256,-3.63054],[32.12651,-3.62773],[32.13611,-3.62432],[32.14491,-3.62913],[32.1489,-3.6384],[32.16594,-3.64731],[32.17283,-3.65266],[32.22055,-3.68204],[32.22714,-3.68703],[32.21581,-3.73073],[32.2198,-3.73365],[32.21903,-3.73529],[32.22111,-3.73629],[32.22382,-3.73614],[32.22069,-3.74653],[32.19498,-3.77663],[32.18435,-3.78421],[32.16051,-3.74644],[32.15727,-3.74642],[32.1517,-3.75023],[32.14954,-3.74953],[32.14853,-3.75203],[32.14451,-3.72508],[32.13892,-3.72002],[32.14094,-3.71434],[32.14247,-3.70276],[32.14515,-3.6936],[32.13813,-3.6902],[32.13535,-3.68734],[32.10748,-3.67429],[32.09329,-3.67999],[32.08357,-3.67859],[32.06583,-3.66514],[32.06974,-3.65743],[32.07435,-3.65484],[32.07536,-3.6531],[32.07837,-3.65206],[32.07902,-3.64936],[32.07797,-3.64395],[32.07844,-3.64204],[32.07611,-3.63829],[32.07933,-3.63252],[32.08361,-3.62865],[32.08566,-3.62824],[32.08603,-3.62444],[32.08796,-3.62097],[32.09352,-3.62142]]]},"properties":{"region":"Geita","district":"Mbogwe","ward":"Masumbwe","ward_code":"153"}},{"type":"Feature","geometry":{"type":"Polygon","coordinates":[[[32.06583,-3.66514],[32.08357,-3.67859],[32.09329,-3.67999],[32.10748,-3.67429],[32.13535,-3.68734],[32.13813,-3.6902],[32.14515,-3.6936],[32.14247,-3.70276],[32.14094,-3.71434],[32.13892,-3.72002],[32.14451,-3.72508],[32.14853,-3.75203],[32.12548,-3.77428],[32.119,-3.77329],[32.10852,-3.77655],[32.10284,-3.78193],[32.09784,-3.78521],[32.08491,-3.78768],[32.06544,-3.7841],[32.05747,-3.77803],[32.04813,-3.77401],[32.02366,-3.76009],[32.01986,-3.76042],[32.01769,-3.75631],[32.00161,-3.74694],[32.00305,-3.7393],[32.00767,-3.73308],[32.00847,-3.72727],[32.00581,-3.72007],[32.005,-3.71164],[32.00885,-3.70237],[32.01382,-3.7034],[32.01533,-3.70019],[32.01939,-3.69908],[32.02173,-3.69676],[32.02876,-3.69382],[32.02899,-3.69232],[32.03561,-3.68989],[32.0361,-3.68842],[32.04025,-3.68476],[32.04261,-3.6844],[32.04406,-3.68245],[32.04851,-3.68048],[32.04899,-3.67775],[32.05103,-3.67794],[32.05152,-3.67626],[32.05619,-3.67215],[32.06235,-3.67043],[32.06271,-3.66761],[32.06444,-3.66512],[32.06583,-3.66514]]]},"properties":{"region":"Geita","district":"Mbogwe","ward":"Iponya","ward_code":"161"}},{"type":"Feature","geometry":{"type":"Polygon","coordinates":[[[32.07155,-3.38953],[32.0918,-3.39045],[32.10593,-3.37601],[32.11221,-3.36636],[32.11967,-3.36297],[32.12991,-3.36271],[32.13492,-3.36682],[32.13778,-3.3737],[32.13728,-3.38038],[32.13404,-3.38342],[32.13479,-3.38794],[32.12488,-3.39943],[32.13345,-3.40246],[32.14162,-3.40403],[32.14156,-3.40876],[32.14474,-3.4209],[32.13524,-3.4478],[32.12463,-3.44875],[32.11446,-3.44419],[32.1,-3.44008],[32.08859,-3.44072],[32.08147,-3.44231],[32.07285,-3.44551],[32.06682,-3.44955],[32.03388,-3.45059],[32.02204,-3.42773],[32.01964,-3.41904],[32.01338,-3.38232],[32.01507,-3.36849],[32.02654,-3.362],[32.03308,-3.3681],[32.05796,-3.37379],[32.0654,-3.38739],[32.07155,-3.38953]]]},"properties":{"region":"Geita","district":"Mbogwe","ward":"Nanda","ward_code":"011"}},{"type":"Feature","geometry":{"type":"Polygon","coordinates":[[[32.19282,-3.28517],[32.20035,-3.31485],[32.20883,-3.32782],[32.21668,-3.34518],[32.22349,-3.36322],[32.23374,-3.376],[32.2324,-3.3809],[32.21807,-3.37488],[32.21736,-3.37822],[32.21898,-3.37879],[32.2147,-3.38278],[32.21251,-3.38671],[32.21255,-3.38868],[32.20747,-3.38795],[32.20149,-3.38446],[32.20135,-3.38791],[32.19796,-3.39444],[32.1931,-3.39867],[32.19377,-3.42078],[32.18659,-3.41861],[32.1743,-3.41699],[32.15823,-3.42449],[32.15506,-3.41552],[32.15322,-3.40674],[32.15031,-3.40624],[32.14474,-3.4209],[32.14156,-3.40876],[32.14162,-3.40403],[32.13345,-3.40246],[32.12488,-3.39943],[32.13479,-3.38794],[32.13404,-3.38342],[32.13728,-3.38038],[32.13778,-3.3737],[32.13492,-3.36682],[32.12991,-3.36271],[32.11967,-3.36297],[32.11221,-3.36636],[32.11557,-3.35908],[32.11344,-3.3518],[32.10634,-3.34582],[32.10586,-3.33047],[32.11179,-3.32194],[32.10915,-3.32129],[32.108,-3.31926],[32.1102,-3.31301],[32.10291,-3.29552],[32.10409,-3.29202],[32.10899,-3.28963],[32.11067,-3.29772],[32.11733,-3.30352],[32.1397,-3.31328],[32.16309,-3.30268],[32.17585,-3.29323],[32.17692,-3.27702],[32.18165,-3.27792],[32.19282,-3.28517]]]},"properties":{"region":"Geita","district":"Mbogwe","ward":"Mbogwe","ward_code":"071"}},{"type":"Feature","geometry":{"type":"Polygon","coordinates":[[[32.24165,-3.23317],[32.278,-3.24301],[32.27909,-3.26085],[32.27602,-3.27244],[32.28353,-3.28447],[32.28473,-3.30173],[32.27077,-3.30901],[32.26111,-3.31628],[32.25388,-3.32699],[32.24856,-3.33179],[32.24405,-3.33362],[32.24232,-3.33281],[32.24178,-3.33554],[32.23846,-3.33843],[32.21504,-3.34157],[32.20883,-3.32782],[32.20035,-3.31485],[32.19282,-3.28517],[32.18165,-3.27792],[32.17692,-3.27702],[32.18545,-3.27383],[32.19638,-3.25785],[32.2052,-3.25549],[32.21392,-3.24471],[32.22062,-3.24097],[32.22436,-3.23707],[32.23516,-3.23809],[32.24165,-3.23317]]]},"properties":{"region":"Geita","district":"Mbogwe","ward":"Ngemo","ward_code":"081"}},{"type":"Feature","geometry":{"type":"Polygon","coordinates":[[[32.30199,-3.32968],[32.31131,-3.34998],[32.29553,-3.35287],[32.28509,-3.35943],[32.28498,-3.3696],[32.28807,-3.38314],[32.28515,-3.38929],[32.28384,-3.39505],[32.26356,-3.40744],[32.26142,-3.40666],[32.25944,-3.4075],[32.25283,-3.41295],[32.23326,-3.40512],[32.23329,-3.38191],[32.2324,-3.3809],[32.23374,-3.376],[32.22349,-3.36322],[32.21504,-3.34157],[32.23846,-3.33843],[32.24178,-3.33554],[32.24232,-3.33281],[32.24405,-3.33362],[32.24856,-3.33179],[32.25388,-3.32699],[32.26111,-3.31628],[32.27077,-3.30901],[32.28473,-3.30173],[32.29763,-3.30852],[32.31005,-3.31311],[32.30311,-3.32498],[32.30199,-3.32968]]]},"properties":{"region":"Geita","district":"Mbogwe","ward":"Ushirika","ward_code":"091"}},{"type":"Feature","geometry":{"type":"Polygon","coordinates":[[[32.23329,-3.38191],[32.23326,-3.40512],[32.25283,-3.41295],[32.25768,-3.4203],[32.25908,-3.42601],[32.27537,-3.44805],[32.27316,-3.4635],[32.27806,-3.46428],[32.28139,-3.46276],[32.28065,-3.46922],[32.28638,-3.47027],[32.29154,-3.47845],[32.29125,-3.49076],[32.18494,-3.49434],[32.16404,-3.49612],[32.13184,-3.52613],[32.11954,-3.51219],[32.11462,-3.48245],[32.12001,-3.46672],[32.12463,-3.44875],[32.13524,-3.4478],[32.15031,-3.40624],[32.15322,-3.40674],[32.15506,-3.41552],[32.15823,-3.42449],[32.1743,-3.41699],[32.18659,-3.41861],[32.19377,-3.42078],[32.1931,-3.39867],[32.19796,-3.39444],[32.20135,-3.38791],[32.20149,-3.38446],[32.20747,-3.38795],[32.21255,-3.38868],[32.21251,-3.38671],[32.2147,-3.38278],[32.21898,-3.37879],[32.21736,-3.37822],[32.21807,-3.37488],[32.23329,-3.38191]]]},"properties":{"region":"Geita","district":"Mbogwe","ward":"Nyasato","ward_code":"101"}},{"type":"Feature","geometry":{"type":"Polygon","coordinates":[[[32.29929,-3.40526],[32.29603,-3.41002],[32.32406,-3.43642],[32.32029,-3.46162],[32.32294,-3.48256],[32.32903,-3.49627],[32.29125,-3.49076],[32.29154,-3.47845],[32.28638,-3.47027],[32.28065,-3.46922],[32.28139,-3.46276],[32.27806,-3.46428],[32.27316,-3.4635],[32.27537,-3.44805],[32.25908,-3.42601],[32.25768,-3.4203],[32.25283,-3.41295],[32.25944,-3.4075],[32.26142,-3.40666],[32.26356,-3.40744],[32.28384,-3.39505],[32.28515,-3.38929],[32.28807,-3.38314],[32.28498,-3.3696],[32.28509,-3.35943],[32.29553,-3.35287],[32.30311,-3.35148],[32.30468,-3.35983],[32.31305,-3.3664],[32.31566,-3.37176],[32.3134,-3.37779],[32.30878,-3.38119],[32.30281,-3.40322],[32.29929,-3.40526]]]},"properties":{"region":"Geita","district":"Mbogwe","ward":"Bunigonzi","ward_code":"171"}},{"type":"Feature","geometry":{"type":"Polygon","coordinates":[[[32.01557,-3.28873],[32.02311,-3.29248],[32.03183,-3.29024],[32.03589,-3.31256],[32.04527,-3.31032],[32.05189,-3.31548],[32.04931,-3.32539],[32.04921,-3.34383],[32.04265,-3.35398],[32.01507,-3.36849],[32.01338,-3.38232],[32.01964,-3.41905],[32.01123,-3.41711],[31.99795,-3.41746],[31.99533,-3.41008],[31.98598,-3.3992],[31.98619,-3.37771],[31.98245,-3.36882],[31.97318,-3.35451],[31.96642,-3.34852],[31.95109,-3.34157],[31.94917,-3.33412],[31.95806,-3.32181],[31.94308,-3.29567],[31.95231,-3.29124],[31.95529,-3.28715],[31.96579,-3.28583],[31.98097,-3.28079],[31.9894,-3.27967],[31.99921,-3.27606],[32.00777,-3.26684],[32.01117,-3.27451],[32.01557,-3.28873]]]},"properties":{"region":"Geita","district":"Mbogwe","ward":"Ikobe","ward_code":"021"}},{"type":"Feature","geometry":{"type":"Polygon","coordinates":[[[31.91669,-3.20561],[31.90815,-3.2122],[31.91041,-3.22399],[31.91847,-3.2416],[31.91637,-3.25788],[31.91401,-3.26584],[31.9106,-3.26976],[31.91553,-3.28227],[31.9207,-3.28133],[31.93025,-3.28174],[31.92838,-3.28982],[31.93875,-3.29237],[31.9414,-3.2841],[31.94821,-3.28496],[31.95529,-3.28715],[31.95231,-3.29124],[31.94308,-3.29567],[31.95806,-3.32181],[31.94917,-3.33412],[31.95048,-3.33978],[31.92487,-3.33843],[31.92521,-3.32705],[31.91262,-3.32359],[31.90063,-3.30482],[31.91142,-3.29666],[31.90902,-3.29646],[31.89199,-3.28752],[31.8783,-3.28799],[31.86019,-3.29047],[31.8652,-3.2759],[31.85958,-3.27525],[31.85971,-3.27617],[31.85182,-3.27692],[31.84744,-3.2663],[31.84504,-3.25726],[31.84711,-3.25223],[31.84243,-3.23161],[31.83839,-3.22666],[31.84241,-3.22016],[31.8422,-3.21898],[31.84648,-3.21518],[31.84978,-3.21546],[31.85036,-3.21369],[31.85256,-3.21207],[31.8561,-3.21234],[31.85749,-3.21365],[31.86,-3.21271],[31.86356,-3.21384],[31.86563,-3.21169],[31.86852,-3.21137],[31.86973,-3.21016],[31.87279,-3.21146],[31.87479,-3.21052],[31.87725,-3.21177],[31.88293,-3.21047],[31.88761,-3.20809],[31.88934,-3.20937],[31.89391,-3.20734],[31.8958,-3.20825],[31.89568,-3.20746],[31.89999,-3.20629],[31.90371,-3.20827],[31.90604,-3.20818],[31.90738,-3.20695],[31.91386,-3.20673],[31.91669,-3.20561]]]},"properties":{"region":"Geita","district":"Mbogwe","ward":"Lulembela","ward_code":"033"}},{"type":"Feature","geometry":{"type":"Polygon","coordinates":[[[31.95679,-3.19713],[31.96005,-3.19828],[31.96142,-3.19772],[31.9639,-3.1997],[31.96765,-3.19912],[31.97256,-3.20152],[31.97926,-3.20131],[31.98191,-3.20325],[31.98335,-3.20206],[31.9879,-3.2169],[31.99535,-3.23584],[31.99681,-3.24409],[32.00563,-3.25621],[32.00777,-3.26684],[31.99921,-3.27606],[31.9894,-3.27967],[31.98097,-3.28079],[31.96579,-3.28583],[31.95529,-3.28715],[31.94821,-3.28496],[31.9414,-3.2841],[31.93875,-3.29237],[31.92838,-3.28982],[31.93025,-3.28174],[31.9207,-3.28133],[31.91553,-3.28227],[31.9106,-3.26976],[31.91401,-3.26584],[31.91637,-3.25788],[31.91847,-3.2416],[31.91041,-3.22399],[31.90815,-3.2122],[31.91669,-3.20561],[31.92466,-3.20724],[31.92939,-3.20675],[31.94179,-3.2006],[31.94429,-3.19965],[31.94513,-3.20055],[31.94598,-3.19867],[31.94908,-3.1976],[31.95679,-3.19713]]]},"properties":{"region":"Geita","district":"Mbogwe","ward":"Ikunguigazi","ward_code":"041"}},{"type":"Feature","geometry":{"type":"Polygon","coordinates":[[[32.06269,-3.19647],[32.06513,-3.19765],[32.06826,-3.19751],[32.06921,-3.20064],[32.07445,-3.19995],[32.07807,-3.20057],[32.08135,-3.2031],[32.08518,-3.20231],[32.0955,-3.20348],[32.10866,-3.20992],[32.11214,-3.21604],[32.11662,-3.21709],[32.12268,-3.22653],[32.12747,-3.23832],[32.13333,-3.24195],[32.13542,-3.24579],[32.13544,-3.24909],[32.13932,-3.25115],[32.11732,-3.28008],[32.10885,-3.27487],[32.08737,-3.27501],[32.08117,-3.27342],[32.07806,-3.27389],[32.07299,-3.26853],[32.06946,-3.27248],[32.06825,-3.27763],[32.05619,-3.28001],[32.04182,-3.2859],[32.03686,-3.28895],[32.02311,-3.29248],[32.01557,-3.28873],[32.01117,-3.27451],[32.00777,-3.26684],[32.00563,-3.25621],[31.99681,-3.24409],[31.99535,-3.23584],[31.9879,-3.2169],[31.98335,-3.20206],[31.99108,-3.20154],[31.99251,-3.20003],[31.99655,-3.1986],[32.00569,-3.20006],[32.01157,-3.19999],[32.01716,-3.20258],[32.02487,-3.20998],[32.03175,-3.2111],[32.03588,-3.20991],[32.03966,-3.20715],[32.04636,-3.20544],[32.05594,-3.20004],[32.05988,-3.19658],[32.06269,-3.19647]]]},"properties":{"region":"Geita","district":"Mbogwe","ward":"Isebya","ward_code":"051"}},{"type":"Feature","geometry":{"type":"Polygon","coordinates":[[[32.14061,-3.25482],[32.15055,-3.26763],[32.15272,-3.26737],[32.15605,-3.27164],[32.16195,-3.27482],[32.16413,-3.27384],[32.17692,-3.27702],[32.17585,-3.29323],[32.16309,-3.30268],[32.1397,-3.31328],[32.11733,-3.30352],[32.11067,-3.29772],[32.10899,-3.28963],[32.10409,-3.29202],[32.10291,-3.29552],[32.1102,-3.31301],[32.108,-3.31926],[32.10915,-3.32129],[32.11179,-3.32194],[32.10586,-3.33047],[32.10634,-3.34582],[32.11344,-3.3518],[32.11557,-3.35908],[32.11219,-3.3664],[32.10593,-3.37601],[32.0918,-3.39045],[32.07155,-3.38953],[32.0654,-3.38739],[32.05796,-3.37379],[32.03308,-3.3681],[32.02654,-3.362],[32.04265,-3.35398],[32.04921,-3.34383],[32.04931,-3.32539],[32.05189,-3.31548],[32.04527,-3.31032],[32.03589,-3.31256],[32.03183,-3.29024],[32.03686,-3.28895],[32.04182,-3.2859],[32.05619,-3.28001],[32.06825,-3.27763],[32.06946,-3.27248],[32.07299,-3.26853],[32.07806,-3.27389],[32.08117,-3.27342],[32.08737,-3.27501],[32.10885,-3.27487],[32.11732,-3.28008],[32.13932,-3.25115],[32.14061,-3.25482]]]},"properties":{"region":"Geita","district":"Mbogwe","ward":"Ilolangulu","ward_code":"061"}},{"type":"Feature","geometry":{"type":"Polygon","coordinates":[[[32.02204,-3.42773],[32.03388,-3.45059],[32.03502,-3.46736],[32.03154,-3.47721],[32.03037,-3.49387],[32.02787,-3.50356],[32.0234,-3.50374],[32.02317,-3.50501],[32.02342,-3.50934],[32.02633,-3.50917],[32.02646,-3.5119],[32.02791,-3.51172],[32.01917,-3.53869],[32.00461,-3.53795],[32.00311,-3.52862],[31.99991,-3.51789],[31.99944,-3.50609],[31.98854,-3.50456],[31.9773,-3.50491],[31.96025,-3.49229],[31.96128,-3.49183],[31.95328,-3.48962],[31.95367,-3.47725],[31.96406,-3.45607],[31.96414,-3.45086],[31.96708,-3.44343],[31.98592,-3.44891],[31.99577,-3.45539],[31.99905,-3.45503],[32.00254,-3.44835],[31.99445,-3.42683],[31.99795,-3.41746],[32.01123,-3.41711],[32.01964,-3.41905],[32.02204,-3.42773]]]},"properties":{"region":"Geita","district":"Bukombe","ward":"Lyambamgongo","ward_code":"091"}},{"type":"Feature","geometry":{"type":"Polygon","coordinates":[[[32.12463,-3.44875],[32.12001,-3.46672],[32.11462,-3.48245],[32.11954,-3.51219],[32.13184,-3.52613],[32.12096,-3.53933],[32.11724,-3.54526],[32.11612,-3.55585],[32.11356,-3.56329],[32.09973,-3.59008],[32.09793,-3.60052],[32.09139,-3.60983],[32.09163,-3.61939],[32.09019,-3.61984],[32.0902,-3.62094],[32.08796,-3.62097],[32.08603,-3.62444],[32.08566,-3.62824],[32.08361,-3.62865],[32.08083,-3.63094],[32.07611,-3.63829],[32.07844,-3.64204],[32.07797,-3.64395],[32.07902,-3.64936],[32.07837,-3.65206],[32.07536,-3.6531],[32.07435,-3.65484],[32.06859,-3.65896],[32.03759,-3.64174],[32.02798,-3.62363],[32.02327,-3.60997],[32.02061,-3.60789],[32.01175,-3.59375],[32.00808,-3.58688],[32.00694,-3.58132],[31.99931,-3.58033],[31.99396,-3.57836],[31.99791,-3.56646],[31.99543,-3.53703],[32.01917,-3.53869],[32.02791,-3.51172],[32.02646,-3.5119],[32.02633,-3.50917],[32.02342,-3.50934],[32.02317,-3.50501],[32.0234,-3.50374],[32.02787,-3.50356],[32.03037,-3.49387],[32.03154,-3.47721],[32.03502,-3.46736],[32.03384,-3.45051],[32.06682,-3.44955],[32.07285,-3.44551],[32.08147,-3.44231],[32.08859,-3.44072],[32.1,-3.44008],[32.11446,-3.44419],[32.12463,-3.44875]]]},"properties":{"region":"Geita","district":"Bukombe","ward":"Bukombe","ward_code":"101"}},{"type":"Feature","geometry":{"type":"Polygon","coordinates":[[[32.02798,-3.62363],[32.03759,-3.64174],[32.06859,-3.65896],[32.06583,-3.66514],[32.06444,-3.66512],[32.06271,-3.66761],[32.06235,-3.67043],[32.05619,-3.67215],[32.05152,-3.67626],[32.05103,-3.67794],[32.04899,-3.67775],[32.04851,-3.68048],[32.04406,-3.68245],[32.04261,-3.6844],[32.04025,-3.68476],[32.0361,-3.68842],[32.03561,-3.68989],[32.02899,-3.69232],[32.02876,-3.69382],[32.02173,-3.69676],[32.01939,-3.69908],[32.01533,-3.70019],[32.01382,-3.7034],[32.00885,-3.70237],[32.005,-3.71164],[32.00581,-3.72007],[32.00847,-3.72727],[32.00767,-3.73308],[32.00305,-3.7393],[32.00161,-3.74694],[31.98236,-3.74685],[31.95773,-3.75495],[31.95108,-3.76084],[31.94707,-3.76211],[31.94211,-3.76715],[31.93363,-3.77064],[31.92035,-3.77126],[31.87482,-3.78781],[31.88339,-3.8224],[31.88328,-3.82694],[31.88181,-3.82958],[31.88128,-3.83552],[31.87837,-3.83683],[31.87985,-3.84227],[31.87612,-3.84517],[31.87124,-3.86003],[31.86397,-3.86388],[31.86356,-3.86657],[31.86848,-3.87932],[31.8642,-3.88341],[31.86205,-3.88867],[31.86026,-3.89061],[31.86067,-3.89358],[31.85753,-3.89631],[31.85644,-3.9004],[31.85194,-3.90266],[31.8476,-3.90887],[31.84781,-3.91135],[31.84497,-3.91299],[31.84349,-3.91852],[31.84058,-3.92288],[31.8375,-3.92271],[31.83643,-3.92836],[31.83793,-3.93281],[31.83668,-3.93399],[31.83608,-3.94214],[31.83437,-3.94272],[31.83269,-3.94625],[31.83369,-3.94795],[31.83338,-3.9493],[31.83219,-3.95055],[31.83038,-3.95014],[31.79297,-3.96029],[31.78631,-3.95627],[31.77981,-3.95835],[31.77228,-3.95698],[31.76704,-3.9616],[31.76267,-3.96089],[31.76074,-3.96681],[31.75533,-3.96898],[31.74627,-3.96926],[31.74613,-3.97363],[31.73604,-3.973],[31.71204,-3.97977],[31.71273,-3.85331],[31.84613,-3.67255],[31.94542,-3.62463],[31.95386,-3.62535],[31.96871,-3.63508],[31.96953,-3.62048],[31.97098,-3.61419],[31.97608,-3.60257],[31.98327,-3.59142],[31.98533,-3.58652],[31.99227,-3.58252],[31.99396,-3.57836],[31.99931,-3.58033],[32.00694,-3.58132],[32.00808,-3.58688],[32.01175,-3.59375],[32.02061,-3.60789],[32.02327,-3.60997],[32.02798,-3.62363]]]},"properties":{"region":"Geita","district":"Bukombe","ward":"Bugelenga","ward_code":"111"}},{"type":"Feature","geometry":{"type":"Polygon","coordinates":[[[31.96025,-3.49229],[31.9773,-3.50491],[31.98854,-3.50456],[31.99944,-3.50609],[31.99991,-3.51789],[32.00311,-3.52862],[32.00461,-3.53795],[31.99543,-3.53703],[31.99791,-3.56646],[31.99227,-3.58252],[31.98533,-3.58652],[31.98327,-3.59142],[31.97608,-3.60257],[31.97098,-3.61419],[31.96953,-3.62048],[31.96871,-3.63508],[31.95386,-3.62535],[31.94542,-3.62463],[31.84613,-3.67255],[31.71273,-3.85331],[31.71146,-3.984],[31.70436,-3.98842],[31.70522,-3.99291],[31.70041,-3.9959],[31.69823,-4.00027],[31.69963,-4.00753],[31.69748,-4.00965],[31.69466,-4.01796],[31.69161,-4.02215],[31.69442,-4.03237],[31.68778,-4.03976],[31.68684,-4.04339],[31.68479,-4.04553],[31.68366,-4.05548],[31.68172,-4.06165],[31.67371,-4.07085],[31.66156,-4.07522],[31.65977,-4.08649],[31.64998,-4.10224],[31.64883,-4.1092],[31.65597,-4.11621],[31.64861,-4.11813],[31.6384,-4.12754],[31.63524,-4.13766],[31.64381,-4.14944],[31.66433,-4.15566],[31.66719,-4.1528],[31.67011,-4.15537],[31.66782,-4.1679],[31.67037,-4.17813],[31.67394,-4.18097],[31.6745,-4.18714],[31.67947,-4.18893],[31.67911,-4.20536],[31.68388,-4.21438],[31.68053,-4.22063],[31.6839,-4.22616],[31.67075,-4.24193],[31.67649,-4.25321],[31.68122,-4.25539],[31.67247,-4.27033],[31.67058,-4.27817],[31.66179,-4.28143],[31.65818,-4.27664],[31.65631,-4.27965],[31.6588,-4.29452],[31.65856,-4.30293],[31.66106,-4.30796],[31.66808,-4.31389],[31.66858,-4.31817],[31.67115,-4.32007],[31.67304,-4.32488],[31.66575,-4.35358],[31.6591,-4.36241],[31.6542,-4.38315],[31.64506,-4.39044],[31.62463,-4.42357],[31.61382,-4.42735],[31.60484,-4.42658],[31.58743,-4.4333],[31.5083,-4.41288],[31.49858,-4.4139],[31.49654,-4.43174],[31.48176,-4.44375],[31.4717,-4.4602],[31.46949,-4.46095],[31.46045,-4.45757],[31.46123,-4.45976],[31.45771,-4.45716],[31.45583,-4.45851],[31.45364,-4.4571],[31.44569,-4.45742],[31.44257,-4.46022],[31.44054,-4.46459],[31.4368,-4.46833],[31.43259,-4.46911],[31.429,-4.46802],[31.42464,-4.46428],[31.42511,-4.46163],[31.42729,-4.45991],[31.42542,-4.45695],[31.42729,-4.45414],[31.42417,-4.45071],[31.4237,-4.44744],[31.42183,-4.44603],[31.4223,-4.44463],[31.42386,-4.44572],[31.42433,-4.44463],[31.41809,-4.43527],[31.41824,-4.43215],[31.42043,-4.42763],[31.42168,-4.42155],[31.42121,-4.41937],[31.41793,-4.41453],[31.41824,-4.41188],[31.41559,-4.40705],[31.41528,-4.40424],[31.41949,-4.40096],[31.41934,-4.39691],[31.42152,-4.39223],[31.41996,-4.38911],[31.41279,-4.38147],[31.41372,-4.3782],[31.41746,-4.37258],[31.41793,-4.36728],[31.41497,-4.36011],[31.41107,-4.35699],[31.40795,-4.35137],[31.39875,-4.34108],[31.39844,-4.33672],[31.39628,-4.33003],[31.4004,-4.32217],[31.40092,-4.31904],[31.3957,-4.30703],[31.39622,-4.29972],[31.39257,-4.29449],[31.39413,-4.28979],[31.391,-4.28457],[31.39257,-4.28144],[31.39204,-4.27778],[31.38943,-4.27465],[31.38891,-4.27047],[31.39204,-4.26891],[31.3957,-4.27256],[31.39413,-4.26525],[31.38996,-4.25846],[31.38943,-4.25272],[31.39361,-4.24906],[31.39883,-4.24697],[31.39988,-4.24332],[31.39674,-4.23862],[31.39622,-4.23392],[31.39674,-4.22869],[31.39935,-4.22452],[31.39935,-4.21929],[31.39413,-4.21721],[31.38891,-4.21042],[31.3863,-4.20363],[31.38421,-4.19371],[31.38734,-4.19005],[31.39466,-4.18587],[31.40092,-4.17908],[31.40875,-4.17491],[31.41189,-4.17177],[31.41032,-4.16551],[31.4098,-4.14827],[31.40562,-4.14201],[31.40405,-4.13626],[31.40405,-4.12791],[31.40823,-4.11955],[31.41241,-4.10754],[31.42547,-4.08822],[31.43434,-4.08091],[31.44113,-4.07725],[31.45053,-4.07516],[31.45784,-4.07099],[31.46463,-4.05845],[31.4709,-4.05114],[31.47403,-4.04383],[31.47716,-4.03913],[31.48448,-4.03652],[31.49022,-4.02973],[31.49283,-4.02242],[31.49596,-4.01876],[31.49335,-4.01145],[31.48865,-4.00519],[31.48918,-3.99526],[31.49388,-3.98012],[31.50954,-3.97072],[31.52521,-3.96393],[31.52991,-3.96498],[31.53513,-3.96341],[31.5367,-3.95505],[31.53983,-3.94774],[31.53983,-3.94148],[31.54349,-3.93625],[31.54819,-3.93364],[31.5555,-3.92738],[31.55759,-3.92059],[31.55863,-3.91171],[31.55811,-3.90283],[31.56229,-3.89396],[31.56333,-3.88038],[31.56855,-3.87463],[31.57221,-3.86837],[31.58004,-3.86053],[31.59049,-3.84487],[31.59571,-3.83965],[31.59884,-3.83077],[31.60406,-3.8245],[31.61294,-3.81876],[31.62808,-3.80622],[31.64068,-3.78789],[31.63748,-3.77802],[31.63748,-3.77385],[31.63905,-3.76915],[31.64375,-3.7634],[31.64688,-3.75714],[31.64845,-3.75087],[31.64793,-3.73886],[31.65158,-3.73207],[31.66098,-3.7023],[31.66464,-3.69447],[31.67091,-3.69029],[31.6777,-3.68768],[31.69232,-3.67045],[31.69597,-3.65844],[31.70276,-3.64381],[31.70903,-3.6365],[31.70903,-3.62919],[31.70728,-3.62701],[31.84545,-3.56966],[31.89956,-3.55474],[31.89886,-3.55367],[31.91514,-3.55045],[31.93405,-3.54825],[31.93596,-3.5472],[31.93569,-3.54511],[31.94672,-3.54134],[31.94014,-3.53556],[31.93779,-3.53217],[31.93339,-3.52149],[31.92661,-3.51494],[31.93354,-3.51463],[31.94901,-3.50678],[31.95274,-3.50411],[31.95883,-3.49291],[31.96025,-3.49229]]]},"properties":{"region":"Geita","district":"Bukombe","ward":"Iyogelo","ward_code":"121"}},{"type":"Feature","geometry":{"type":"Polygon","coordinates":[[[31.77784,-3.31883],[31.78142,-3.32103],[31.78716,-3.3206],[31.79024,-3.32732],[31.79853,-3.32183],[31.82306,-3.32015],[31.82623,-3.31911],[31.83865,-3.31971],[31.83973,-3.32394],[31.85481,-3.34324],[31.84853,-3.34907],[31.84474,-3.3563],[31.84177,-3.37499],[31.85324,-3.37641],[31.86331,-3.38756],[31.86653,-3.39903],[31.86926,-3.40129],[31.86867,-3.41193],[31.86967,-3.41587],[31.86099,-3.40705],[31.83598,-3.41375],[31.83507,-3.42086],[31.8234,-3.42247],[31.81786,-3.42167],[31.81403,-3.41829],[31.80988,-3.41925],[31.80413,-3.42725],[31.80314,-3.43586],[31.79789,-3.44236],[31.79446,-3.44363],[31.78596,-3.44978],[31.78306,-3.4496],[31.778,-3.44616],[31.77601,-3.44652],[31.7751,-3.44507],[31.74815,-3.44743],[31.74344,-3.4458],[31.73675,-3.44562],[31.72138,-3.44869],[31.71414,-3.45177],[31.70853,-3.45249],[31.69894,-3.45104],[31.68772,-3.45483],[31.68555,-3.44996],[31.68737,-3.44788],[31.68662,-3.44508],[31.68634,-3.44435],[31.6851,-3.44485],[31.68304,-3.44199],[31.68269,-3.43988],[31.68006,-3.43793],[31.68136,-3.43482],[31.67973,-3.43379],[31.6807,-3.43149],[31.67691,-3.43],[31.67745,-3.4257],[31.67408,-3.42215],[31.67366,-3.41769],[31.67162,-3.41568],[31.67234,-3.41559],[31.67172,-3.40993],[31.6754,-3.40391],[31.67531,-3.40151],[31.68269,-3.4006],[31.6888,-3.39599],[31.69174,-3.39486],[31.6941,-3.39429],[31.69831,-3.39588],[31.70119,-3.39234],[31.70287,-3.39233],[31.70469,-3.39057],[31.70592,-3.38748],[31.70952,-3.38385],[31.71142,-3.37982],[31.71285,-3.36943],[31.71015,-3.36235],[31.71054,-3.35758],[31.70803,-3.35041],[31.70928,-3.35397],[31.71052,-3.35265],[31.71559,-3.35482],[31.71667,-3.35699],[31.72286,-3.35664],[31.72974,-3.3576],[31.7408,-3.35609],[31.76017,-3.35921],[31.77131,-3.36377],[31.78229,-3.34994],[31.78194,-3.34489],[31.77844,-3.33471],[31.77092,-3.32312],[31.77034,-3.31287],[31.77404,-3.31826],[31.77784,-3.31883]]]},"properties":{"region":"Geita","district":"Bukombe","ward":"Ng'anzo","ward_code":"061"}},{"type":"Feature","geometry":{"type":"Polygon","coordinates":[[[31.91142,-3.29666],[31.90063,-3.30482],[31.91262,-3.32359],[31.92521,-3.32705],[31.92487,-3.33843],[31.91548,-3.34469],[31.91294,-3.3474],[31.91385,-3.3597],[31.90697,-3.3758],[31.90945,-3.39469],[31.90766,-3.40429],[31.89197,-3.42006],[31.88884,-3.41765],[31.87799,-3.4134],[31.87512,-3.41302],[31.86967,-3.41587],[31.86867,-3.41193],[31.86926,-3.40129],[31.86653,-3.39903],[31.86331,-3.38756],[31.85324,-3.37641],[31.84177,-3.37499],[31.84474,-3.3563],[31.84853,-3.34907],[31.85481,-3.34324],[31.83973,-3.32394],[31.83865,-3.31971],[31.83352,-3.3136],[31.83368,-3.30165],[31.83817,-3.30285],[31.84498,-3.30117],[31.86019,-3.29047],[31.8783,-3.28799],[31.89199,-3.28752],[31.90902,-3.29646],[31.91142,-3.29666]]]},"properties":{"region":"Geita","district":"Bukombe","ward":"Butinzya","ward_code":"071"}},{"type":"Feature","geometry":{"type":"Polygon","coordinates":[[[31.93063,-3.4234],[31.9368,-3.42662],[31.96128,-3.44308],[31.96636,-3.44526],[31.96414,-3.45086],[31.96406,-3.45607],[31.95367,-3.47725],[31.95328,-3.48962],[31.96128,-3.49183],[31.95883,-3.49291],[31.95274,-3.50411],[31.94901,-3.50678],[31.93354,-3.51463],[31.92661,-3.51494],[31.93339,-3.52149],[31.93779,-3.53217],[31.94014,-3.53556],[31.94672,-3.54134],[31.93569,-3.54511],[31.93596,-3.5472],[31.93405,-3.54825],[31.91514,-3.55045],[31.89886,-3.55367],[31.89956,-3.55474],[31.84545,-3.56966],[31.70728,-3.62701],[31.71007,-3.62293],[31.71021,-3.61394],[31.70643,-3.61045],[31.70526,-3.60696],[31.70513,-3.60012],[31.71835,-3.59155],[31.72358,-3.5866],[31.73492,-3.58312],[31.74132,-3.58195],[31.7483,-3.58195],[31.75702,-3.57788],[31.76051,-3.57497],[31.76255,-3.57178],[31.76604,-3.56363],[31.77185,-3.56014],[31.7736,-3.55666],[31.7765,-3.5552],[31.77796,-3.55317],[31.78057,-3.54386],[31.78784,-3.53979],[31.79453,-3.53107],[31.80413,-3.52787],[31.80994,-3.52874],[31.81511,-3.52683],[31.81867,-3.51653],[31.8207,-3.50403],[31.82448,-3.49676],[31.83059,-3.48891],[31.83408,-3.486],[31.83844,-3.48513],[31.85497,-3.48753],[31.85653,-3.49018],[31.87126,-3.49346],[31.90328,-3.49121],[31.90395,-3.47931],[31.90914,-3.47483],[31.91163,-3.47576],[31.91276,-3.47024],[31.90904,-3.46367],[31.9099,-3.46251],[31.90922,-3.46194],[31.90991,-3.46114],[31.91252,-3.46249],[31.91539,-3.45969],[31.91675,-3.4601],[31.9173,-3.45842],[31.91893,-3.45877],[31.9194,-3.4555],[31.92262,-3.45372],[31.92426,-3.45051],[31.9236,-3.44804],[31.92974,-3.44202],[31.92734,-3.437],[31.92494,-3.43606],[31.92402,-3.43716],[31.92213,-3.43664],[31.91816,-3.42514],[31.92184,-3.42325],[31.93063,-3.4234]]]},"properties":{"region":"Geita","district":"Bukombe","ward":"Ushirombo","ward_code":"083"}},{"type":"Feature","geometry":{"type":"Polygon","coordinates":[[[31.86967,-3.41587],[31.87416,-3.42954],[31.87473,-3.43547],[31.87398,-3.44357],[31.87606,-3.45521],[31.88179,-3.45963],[31.88292,-3.46169],[31.8827,-3.46333],[31.88764,-3.46632],[31.90914,-3.47483],[31.90395,-3.47931],[31.90328,-3.49121],[31.87126,-3.49346],[31.85653,-3.49018],[31.85497,-3.48753],[31.83844,-3.48513],[31.83408,-3.486],[31.83059,-3.48891],[31.82448,-3.49676],[31.8207,-3.50403],[31.81867,-3.51653],[31.81511,-3.52683],[31.80994,-3.52874],[31.80413,-3.52787],[31.79453,-3.53107],[31.78784,-3.53979],[31.78057,-3.54386],[31.77796,-3.55317],[31.7765,-3.5552],[31.7736,-3.55666],[31.77185,-3.56014],[31.76604,-3.56363],[31.76255,-3.57178],[31.76051,-3.57497],[31.75702,-3.57788],[31.7483,-3.58195],[31.74132,-3.58195],[31.73492,-3.58312],[31.72358,-3.5866],[31.71835,-3.59155],[31.70513,-3.60012],[31.70519,-3.60134],[31.69777,-3.58625],[31.68761,-3.55729],[31.69282,-3.55453],[31.69038,-3.54891],[31.68467,-3.5416],[31.68878,-3.53347],[31.68996,-3.52172],[31.6934,-3.50908],[31.69433,-3.50899],[31.69011,-3.4969],[31.69019,-3.4919],[31.69353,-3.47596],[31.69211,-3.46743],[31.69276,-3.46606],[31.69054,-3.46021],[31.68796,-3.45854],[31.68772,-3.45483],[31.69894,-3.45104],[31.70853,-3.45249],[31.71414,-3.45177],[31.72138,-3.44869],[31.73675,-3.44562],[31.74344,-3.4458],[31.74815,-3.44743],[31.7751,-3.44507],[31.77601,-3.44652],[31.778,-3.44616],[31.78306,-3.4496],[31.78596,-3.44978],[31.79446,-3.44363],[31.79789,-3.44236],[31.80314,-3.43586],[31.80413,-3.42725],[31.80988,-3.41925],[31.81403,-3.41829],[31.81786,-3.42167],[31.8234,-3.42247],[31.83507,-3.42086],[31.83598,-3.41375],[31.86099,-3.40705],[31.86967,-3.41587]]]},"properties":{"region":"Geita","district":"Bukombe","ward":"Igulwa","ward_code":"133"}},{"type":"Feature","geometry":{"type":"Polygon","coordinates":[[[31.89848,-3.4361],[31.8944,-3.44206],[31.8963,-3.44367],[31.89719,-3.44794],[31.90246,-3.45722],[31.899,-3.47074],[31.88764,-3.46632],[31.8827,-3.46333],[31.88292,-3.46169],[31.88179,-3.45963],[31.87606,-3.45521],[31.87398,-3.44357],[31.87473,-3.43547],[31.87416,-3.42954],[31.86967,-3.41587],[31.87512,-3.41302],[31.88884,-3.41765],[31.89197,-3.42006],[31.89848,-3.4361]]]},"properties":{"region":"Geita","district":"Bukombe","ward":"Katente","ward_code":"143"}},{"type":"Feature","geometry":{"type":"Polygon","coordinates":[[[31.93068,-3.42293],[31.92184,-3.42325],[31.91816,-3.42514],[31.92213,-3.43664],[31.92402,-3.43716],[31.92494,-3.43606],[31.92734,-3.437],[31.92974,-3.44202],[31.9236,-3.44804],[31.92426,-3.45051],[31.92262,-3.45372],[31.9194,-3.4555],[31.91893,-3.45877],[31.9173,-3.45842],[31.91675,-3.4601],[31.91539,-3.45969],[31.91252,-3.46249],[31.90991,-3.46114],[31.90922,-3.46194],[31.9099,-3.46251],[31.90904,-3.46367],[31.91276,-3.47024],[31.91163,-3.47576],[31.899,-3.47074],[31.90246,-3.45722],[31.89719,-3.44794],[31.8963,-3.44367],[31.8944,-3.44206],[31.89848,-3.4361],[31.89197,-3.42006],[31.90766,-3.40429],[31.90945,-3.39469],[31.92627,-3.39313],[31.9266,-3.39637],[31.92803,-3.39855],[31.93654,-3.40181],[31.9301,-3.41608],[31.93068,-3.42293]]]},"properties":{"region":"Geita","district":"Bukombe","ward":"Bulangwa","ward_code":"153"}},{"type":"Feature","geometry":{"type":"MultiPolygon","coordinates":[[[[31.52148,-3.37802],[31.52123,-3.37826],[31.52148,-3.37802],[31.52148,-3.37802]]],[[[31.98619,-3.37771],[31.98598,-3.3992],[31.99533,-3.41008],[31.99795,-3.41746],[31.99445,-3.42683],[32.00254,-3.44835],[31.99905,-3.45503],[31.99577,-3.45539],[31.98592,-3.44891],[31.96708,-3.44343],[31.96636,-3.44526],[31.96128,-3.44308],[31.9368,-3.42662],[31.93059,-3.42338],[31.9301,-3.41608],[31.93654,-3.40181],[31.92803,-3.39855],[31.9266,-3.39637],[31.92627,-3.39313],[31.90945,-3.39469],[31.90697,-3.3758],[31.91385,-3.3597],[31.91294,-3.3474],[31.91548,-3.34469],[31.92487,-3.33843],[31.95048,-3.33978],[31.95109,-3.34157],[31.96642,-3.34852],[31.97318,-3.35451],[31.98245,-3.36882],[31.98619,-3.37771]]]]},"properties":{"region":"Geita","district":"Bukombe","ward":"Katome","ward_code":"161"}},{"type":"Feature","geometry":{"type":"Polygon","coordinates":[[[31.84243,-3.23161],[31.84711,-3.25223],[31.84504,-3.25726],[31.84744,-3.2663],[31.85182,-3.27692],[31.85971,-3.27617],[31.85958,-3.27525],[31.8652,-3.2759],[31.86019,-3.29047],[31.84498,-3.30117],[31.83817,-3.30285],[31.83368,-3.30165],[31.83352,-3.3136],[31.83865,-3.31971],[31.82623,-3.31911],[31.82306,-3.32015],[31.79853,-3.32183],[31.79024,-3.32732],[31.78716,-3.3206],[31.78142,-3.32103],[31.77784,-3.31883],[31.77404,-3.31826],[31.77034,-3.31287],[31.77092,-3.32312],[31.77844,-3.33471],[31.78194,-3.34489],[31.78229,-3.34994],[31.77131,-3.36377],[31.76017,-3.35921],[31.7408,-3.35609],[31.72974,-3.3576],[31.72286,-3.35664],[31.71667,-3.35699],[31.71559,-3.35482],[31.71052,-3.35265],[31.70928,-3.35397],[31.70626,-3.34142],[31.71088,-3.32108],[31.7128,-3.31762],[31.71552,-3.31792],[31.71961,-3.30938],[31.72461,-3.30837],[31.72673,-3.30281],[31.72666,-3.3],[31.72453,-3.29809],[31.72777,-3.29463],[31.73041,-3.29363],[31.73225,-3.29165],[31.73486,-3.29134],[31.73648,-3.28861],[31.73989,-3.28739],[31.74035,-3.28565],[31.74579,-3.28515],[31.75044,-3.28177],[31.75107,-3.27934],[31.75346,-3.27792],[31.75392,-3.2752],[31.75531,-3.27344],[31.755,-3.27101],[31.75649,-3.27165],[31.75838,-3.27006],[31.76004,-3.27003],[31.76074,-3.26837],[31.7625,-3.26899],[31.76338,-3.26734],[31.77008,-3.26588],[31.77163,-3.26324],[31.77374,-3.26392],[31.78036,-3.25944],[31.78248,-3.25917],[31.78439,-3.25497],[31.78597,-3.25497],[31.78565,-3.25342],[31.78871,-3.25332],[31.79082,-3.25139],[31.79606,-3.2506],[31.79735,-3.24902],[31.79851,-3.24968],[31.80055,-3.24833],[31.80349,-3.24823],[31.80336,-3.24685],[31.80493,-3.24543],[31.80654,-3.24603],[31.80864,-3.24506],[31.80977,-3.24166],[31.8119,-3.24177],[31.8156,-3.23923],[31.81696,-3.23684],[31.83323,-3.22732],[31.83839,-3.22666],[31.84243,-3.23161]]]},"properties":{"region":"Geita","district":"Bukombe","ward":"Bulega","ward_code":"171"}},{"type":"Feature","geometry":{"type":"Polygon","coordinates":[[[31.61947,-3.31333],[31.62299,-3.31706],[31.62257,-3.31854],[31.62351,-3.31912],[31.62378,-3.3216],[31.62686,-3.32286],[31.62775,-3.32449],[31.62957,-3.3239],[31.63033,-3.32477],[31.62983,-3.32549],[31.63439,-3.32712],[31.63543,-3.32897],[31.63633,-3.32826],[31.63792,-3.32925],[31.63951,-3.32865],[31.64294,-3.33065],[31.64325,-3.32981],[31.64513,-3.3295],[31.64695,-3.33082],[31.64496,-3.3343],[31.64528,-3.33523],[31.64605,-3.33489],[31.64648,-3.33866],[31.64767,-3.33934],[31.64818,-3.34464],[31.65289,-3.34922],[31.65393,-3.35757],[31.65292,-3.36061],[31.65678,-3.36444],[31.65637,-3.36586],[31.6577,-3.36608],[31.65928,-3.36913],[31.65582,-3.37341],[31.6565,-3.37597],[31.66083,-3.38273],[31.6632,-3.3844],[31.6687,-3.3912],[31.66851,-3.39198],[31.6724,-3.39405],[31.67227,-3.3985],[31.67408,-3.39869],[31.675,-3.40094],[31.67563,-3.40072],[31.6754,-3.40391],[31.67172,-3.40993],[31.67234,-3.41559],[31.67162,-3.41568],[31.67366,-3.41769],[31.67408,-3.42215],[31.67745,-3.4257],[31.67691,-3.43],[31.6807,-3.43149],[31.67973,-3.43379],[31.68136,-3.43482],[31.68006,-3.43793],[31.68269,-3.43988],[31.68304,-3.44199],[31.6851,-3.44485],[31.68634,-3.44435],[31.68662,-3.44508],[31.68737,-3.44788],[31.68555,-3.44996],[31.68637,-3.45315],[31.68831,-3.4556],[31.68796,-3.45854],[31.69054,-3.46021],[31.69251,-3.46503],[31.69211,-3.46743],[31.69353,-3.47596],[31.69019,-3.4919],[31.69011,-3.4969],[31.69433,-3.50899],[31.6934,-3.50908],[31.68996,-3.52172],[31.68878,-3.53347],[31.68467,-3.5416],[31.69038,-3.54891],[31.69282,-3.55453],[31.68761,-3.55729],[31.69777,-3.58625],[31.70519,-3.60134],[31.70526,-3.60696],[31.70643,-3.61045],[31.71021,-3.61394],[31.71007,-3.62293],[31.70694,-3.62658],[31.70903,-3.62919],[31.70903,-3.6365],[31.70276,-3.64381],[31.69597,-3.65844],[31.69232,-3.67045],[31.6777,-3.68768],[31.67091,-3.69029],[31.66464,-3.69447],[31.66098,-3.7023],[31.65158,-3.73207],[31.64793,-3.73886],[31.64845,-3.75087],[31.64688,-3.75714],[31.64375,-3.7634],[31.63905,-3.76915],[31.63748,-3.77385],[31.63748,-3.77802],[31.64068,-3.78789],[31.62808,-3.80622],[31.61294,-3.81876],[31.60406,-3.8245],[31.59884,-3.83077],[31.59571,-3.83965],[31.58962,-3.84617],[31.56951,-3.80976],[31.58375,-3.75483],[31.57547,-3.72513],[31.58065,-3.69474],[31.56594,-3.67553],[31.55872,-3.65114],[31.55118,-3.63853],[31.55212,-3.6266],[31.55658,-3.61579],[31.56507,-3.61146],[31.56591,-3.59963],[31.57734,-3.59492],[31.57831,-3.58963],[31.57748,-3.57795],[31.57532,-3.57217],[31.57653,-3.5567],[31.57299,-3.53946],[31.57197,-3.52984],[31.57411,-3.51007],[31.57343,-3.49635],[31.55183,-3.46251],[31.54631,-3.44658],[31.54979,-3.44452],[31.55894,-3.44155],[31.55932,-3.439],[31.55789,-3.43545],[31.55281,-3.42934],[31.55242,-3.42727],[31.55638,-3.41876],[31.56481,-3.40505],[31.56431,-3.39249],[31.56747,-3.38267],[31.56363,-3.37402],[31.56378,-3.37081],[31.56529,-3.36512],[31.56883,-3.35969],[31.57191,-3.35906],[31.57055,-3.35608],[31.57008,-3.35062],[31.57033,-3.33664],[31.57141,-3.33376],[31.57661,-3.33191],[31.58025,-3.32918],[31.58681,-3.32105],[31.58901,-3.31434],[31.59389,-3.31368],[31.59736,-3.315],[31.60961,-3.30947],[31.61672,-3.30776],[31.61599,-3.30887],[31.61797,-3.3096],[31.61979,-3.31169],[31.61947,-3.31333]]]},"properties":{"region":"Geita","district":"Bukombe","ward":"Runzewe Mashariki","ward_code":"011"}},{"type":"Feature","geometry":{"type":"Polygon","coordinates":[[[31.58901,-3.31434],[31.58681,-3.32105],[31.58025,-3.32918],[31.57661,-3.33191],[31.57141,-3.33376],[31.57033,-3.33664],[31.57008,-3.35062],[31.57055,-3.35608],[31.57191,-3.35906],[31.56883,-3.35969],[31.56529,-3.36512],[31.56378,-3.37081],[31.56363,-3.37402],[31.56747,-3.38267],[31.56431,-3.39249],[31.56481,-3.40505],[31.55638,-3.41876],[31.55242,-3.42727],[31.55281,-3.42934],[31.55789,-3.43545],[31.55932,-3.439],[31.55894,-3.44155],[31.54979,-3.44452],[31.54631,-3.44658],[31.55183,-3.46251],[31.57343,-3.49635],[31.57411,-3.51007],[31.57197,-3.52984],[31.57299,-3.53946],[31.57653,-3.5567],[31.57532,-3.57217],[31.57748,-3.57795],[31.57831,-3.58963],[31.57734,-3.59492],[31.56591,-3.59963],[31.56507,-3.61146],[31.55658,-3.61579],[31.55212,-3.6266],[31.55118,-3.63853],[31.55872,-3.65114],[31.56594,-3.67553],[31.58065,-3.69474],[31.57547,-3.72513],[31.58375,-3.75483],[31.56951,-3.80976],[31.58962,-3.84617],[31.58004,-3.86053],[31.57221,-3.86837],[31.56855,-3.87463],[31.56333,-3.88038],[31.56229,-3.89396],[31.55811,-3.90283],[31.55863,-3.91171],[31.55759,-3.92059],[31.5555,-3.92738],[31.54819,-3.93364],[31.54349,-3.93625],[31.53983,-3.94148],[31.53983,-3.94774],[31.5367,-3.95505],[31.53513,-3.96341],[31.52991,-3.96498],[31.52521,-3.96393],[31.50954,-3.97072],[31.49388,-3.98012],[31.48918,-3.99526],[31.48865,-4.00519],[31.49335,-4.01145],[31.49596,-4.01876],[31.49283,-4.02242],[31.49022,-4.02973],[31.48448,-4.03652],[31.47716,-4.03913],[31.47403,-4.04383],[31.4709,-4.05114],[31.46463,-4.05845],[31.45784,-4.07099],[31.45053,-4.07516],[31.44113,-4.07725],[31.43434,-4.08091],[31.42547,-4.08822],[31.41241,-4.10754],[31.40823,-4.11955],[31.40405,-4.12791],[31.40405,-4.13626],[31.40562,-4.14201],[31.4098,-4.14827],[31.41032,-4.16551],[31.41189,-4.17177],[31.40875,-4.17491],[31.40092,-4.17908],[31.39466,-4.18587],[31.38734,-4.19005],[31.38421,-4.19371],[31.3863,-4.20363],[31.38891,-4.21042],[31.39413,-4.21721],[31.39935,-4.21929],[31.39935,-4.22452],[31.39674,-4.22869],[31.39622,-4.23392],[31.39674,-4.23862],[31.39988,-4.24332],[31.39883,-4.24697],[31.39361,-4.24906],[31.38943,-4.25272],[31.38996,-4.25846],[31.39413,-4.26525],[31.3957,-4.27256],[31.39204,-4.26891],[31.38891,-4.27047],[31.38943,-4.27465],[31.39204,-4.27778],[31.39257,-4.28144],[31.391,-4.28457],[31.39413,-4.28979],[31.39257,-4.29449],[31.39622,-4.29972],[31.3957,-4.30703],[31.40092,-4.31904],[31.4004,-4.32217],[31.39628,-4.33003],[31.39563,-4.32752],[31.39657,-4.32003],[31.39532,-4.31738],[31.39002,-4.31426],[31.3883,-4.31145],[31.3816,-4.3088],[31.37879,-4.30615],[31.37177,-4.30412],[31.36928,-4.30241],[31.36756,-4.2996],[31.36741,-4.29586],[31.36398,-4.29196],[31.36538,-4.28619],[31.36413,-4.2826],[31.36663,-4.27886],[31.36585,-4.27091],[31.366,-4.26826],[31.36725,-4.26623],[31.36601,-4.26072],[31.36732,-4.25711],[31.36561,-4.25105],[31.3687,-4.24658],[31.36381,-4.24695],[31.36259,-4.24463],[31.3643,-4.24084],[31.36857,-4.23632],[31.36601,-4.23485],[31.36234,-4.22923],[31.36076,-4.2296],[31.36039,-4.2318],[31.35905,-4.23314],[31.35526,-4.23388],[31.35037,-4.23082],[31.34988,-4.22679],[31.34732,-4.2241],[31.34878,-4.22227],[31.34769,-4.22019],[31.34878,-4.21629],[31.3439,-4.21555],[31.34414,-4.21384],[31.34659,-4.21091],[31.34585,-4.20957],[31.34744,-4.2059],[31.34927,-4.20505],[31.34952,-4.20382],[31.34854,-4.20077],[31.34524,-4.19686],[31.34292,-4.1888],[31.34341,-4.18697],[31.34512,-4.18648],[31.34402,-4.17805],[31.34744,-4.17414],[31.33901,-4.16779],[31.33828,-4.16412],[31.33974,-4.15814],[31.34097,-4.15655],[31.3406,-4.1552],[31.33596,-4.15337],[31.33535,-4.1513],[31.33132,-4.15056],[31.32826,-4.14226],[31.33254,-4.13737],[31.33254,-4.13664],[31.32948,-4.13615],[31.32875,-4.13346],[31.33156,-4.12943],[31.33376,-4.12918],[31.33498,-4.12589],[31.33596,-4.121],[31.33449,-4.12076],[31.33376,-4.11831],[31.33852,-4.11391],[31.33901,-4.10976],[31.34194,-4.10622],[31.34317,-4.10231],[31.34414,-4.10219],[31.34292,-4.09852],[31.34573,-4.09364],[31.34329,-4.0846],[31.34573,-4.08032],[31.34561,-4.07702],[31.34817,-4.0736],[31.34573,-4.07055],[31.34817,-4.06591],[31.34622,-4.0631],[31.34659,-4.06139],[31.34891,-4.06114],[31.35196,-4.05796],[31.35502,-4.06041],[31.3599,-4.06139],[31.36076,-4.06065],[31.35782,-4.0565],[31.35709,-4.04721],[31.35905,-4.0444],[31.35746,-4.04001],[31.36051,-4.0394],[31.36149,-4.04062],[31.36662,-4.04135],[31.36601,-4.03781],[31.36943,-4.03439],[31.37187,-4.03488],[31.37273,-4.03414],[31.38042,-4.01985],[31.37835,-4.01594],[31.37969,-4.01411],[31.37578,-4.01313],[31.37432,-4.01179],[31.37554,-4.0047],[31.37517,-3.99908],[31.37859,-3.99114],[31.37702,-3.98407],[31.38049,-3.97805],[31.38363,-3.9663],[31.38833,-3.95925],[31.38833,-3.95455],[31.38402,-3.94163],[31.38245,-3.9291],[31.37971,-3.92518],[31.37893,-3.91891],[31.38441,-3.86761],[31.38519,-3.84332],[31.38206,-3.83549],[31.38128,-3.82726],[31.38441,-3.82021],[31.38676,-3.80181],[31.38598,-3.79632],[31.38245,-3.78966],[31.38245,-3.78379],[31.38754,-3.77008],[31.39538,-3.7552],[31.40438,-3.75442],[31.41261,-3.7552],[31.41731,-3.75246],[31.41966,-3.74893],[31.42162,-3.73327],[31.42162,-3.727],[31.41887,-3.71917],[31.42057,-3.71539],[31.41971,-3.71068],[31.42293,-3.70572],[31.42293,-3.70423],[31.42652,-3.69989],[31.42553,-3.69469],[31.43225,-3.67619],[31.43487,-3.64851],[31.44374,-3.62867],[31.45001,-3.62293],[31.4474,-3.6177],[31.45158,-3.61092],[31.45105,-3.59473],[31.44949,-3.59003],[31.45523,-3.58689],[31.45837,-3.58167],[31.46254,-3.5707],[31.4662,-3.57018],[31.46777,-3.56705],[31.45575,-3.54982],[31.45105,-3.53833],[31.45158,-3.52997],[31.46496,-3.51448],[31.47752,-3.50506],[31.48264,-3.49201],[31.48349,-3.48481],[31.48158,-3.4828],[31.48122,-3.48049],[31.48356,-3.4693],[31.48239,-3.45875],[31.48486,-3.4535],[31.48419,-3.44692],[31.48475,-3.44243],[31.48728,-3.43427],[31.48596,-3.4243],[31.4888,-3.41578],[31.49046,-3.39971],[31.4916,-3.39672],[31.49443,-3.3936],[31.49847,-3.39322],[31.50698,-3.39678],[31.51231,-3.40051],[31.51836,-3.39997],[31.52012,-3.395],[31.51933,-3.3903],[31.52101,-3.38606],[31.52096,-3.37311],[31.51803,-3.37175],[31.5179,-3.3704],[31.52366,-3.36743],[31.52948,-3.36208],[31.53639,-3.34623],[31.5334,-3.34112],[31.53383,-3.33772],[31.53575,-3.33549],[31.54992,-3.32718],[31.55444,-3.32328],[31.55447,-3.32162],[31.55632,-3.32034],[31.55817,-3.32037],[31.56399,-3.31607],[31.57597,-3.3111],[31.58218,-3.31196],[31.58901,-3.31434]],[[31.52148,-3.37802],[31.52123,-3.37826],[31.52148,-3.37802],[31.52148,-3.37802]]]},"properties":{"region":"Geita","district":"Bukombe","ward":"Runzewe Magharibi","ward_code":"021"}},{"type":"Feature","geometry":{"type":"Polygon","coordinates":[[[31.31813,-3.31794],[31.36662,-3.32283],[31.37217,-3.32207],[31.37636,-3.32534],[31.37963,-3.32092],[31.38535,-3.32045],[31.38798,-3.32266],[31.39106,-3.32859],[31.3952,-3.33139],[31.39969,-3.33245],[31.40416,-3.33217],[31.40626,-3.33487],[31.41125,-3.33446],[31.41643,-3.33714],[31.41613,-3.3246],[31.42621,-3.31814],[31.43545,-3.29792],[31.45633,-3.3055],[31.45889,-3.30908],[31.45958,-3.31531],[31.46222,-3.31519],[31.48082,-3.32627],[31.4808,-3.33683],[31.48274,-3.34245],[31.48735,-3.34789],[31.48025,-3.36124],[31.47821,-3.36339],[31.47703,-3.37001],[31.4747,-3.37148],[31.47236,-3.37682],[31.47028,-3.37922],[31.477,-3.37518],[31.48439,-3.36141],[31.48926,-3.35809],[31.49479,-3.35665],[31.49693,-3.35321],[31.50195,-3.35435],[31.50852,-3.34703],[31.50959,-3.34342],[31.51663,-3.35478],[31.51803,-3.37175],[31.52096,-3.37311],[31.52101,-3.38606],[31.51933,-3.3903],[31.52012,-3.395],[31.51836,-3.39997],[31.51231,-3.40051],[31.50698,-3.39678],[31.49847,-3.39322],[31.49443,-3.3936],[31.4916,-3.39672],[31.49046,-3.39971],[31.4888,-3.41578],[31.48596,-3.4243],[31.48728,-3.43427],[31.48475,-3.44243],[31.48419,-3.44692],[31.48486,-3.4535],[31.48239,-3.45875],[31.48356,-3.4693],[31.48122,-3.48049],[31.48158,-3.4828],[31.48349,-3.48481],[31.48264,-3.49201],[31.47752,-3.50506],[31.46496,-3.51448],[31.45158,-3.52997],[31.45105,-3.53833],[31.45575,-3.54982],[31.46777,-3.56705],[31.4662,-3.57018],[31.46254,-3.5707],[31.45837,-3.58167],[31.45523,-3.58689],[31.44949,-3.59003],[31.45105,-3.59473],[31.45158,-3.61092],[31.4474,-3.6177],[31.45001,-3.62293],[31.44374,-3.62867],[31.43487,-3.64851],[31.43225,-3.67619],[31.42553,-3.69469],[31.42652,-3.69989],[31.42293,-3.70423],[31.42293,-3.70572],[31.41971,-3.71068],[31.42057,-3.71539],[31.41887,-3.71917],[31.42162,-3.727],[31.42162,-3.73327],[31.41966,-3.74893],[31.41731,-3.75246],[31.41261,-3.7552],[31.40438,-3.75442],[31.39538,-3.7552],[31.38754,-3.77008],[31.38245,-3.78379],[31.38245,-3.78966],[31.38598,-3.79632],[31.38676,-3.80181],[31.38441,-3.82021],[31.38128,-3.82726],[31.38206,-3.83549],[31.38519,-3.84332],[31.38441,-3.86761],[31.37893,-3.91891],[31.37971,-3.92518],[31.38245,-3.9291],[31.38402,-3.94163],[31.38833,-3.95455],[31.38833,-3.95925],[31.38363,-3.9663],[31.38049,-3.97805],[31.37702,-3.98407],[31.37517,-3.98284],[31.37493,-3.98149],[31.37688,-3.97856],[31.37542,-3.97734],[31.37566,-3.97648],[31.37896,-3.97441],[31.37847,-3.965],[31.37786,-3.96329],[31.37493,-3.96317],[31.37444,-3.96219],[31.3759,-3.96048],[31.37456,-3.95449],[31.37114,-3.95168],[31.36943,-3.94875],[31.36577,-3.94668],[31.36613,-3.94313],[31.36748,-3.9413],[31.3676,-3.93678],[31.36577,-3.92921],[31.36393,-3.92713],[31.36198,-3.92139],[31.36259,-3.91418],[31.35758,-3.90661],[31.35538,-3.89964],[31.3533,-3.89696],[31.35477,-3.88999],[31.35221,-3.88352],[31.35135,-3.87802],[31.35269,-3.87668],[31.35184,-3.8757],[31.35282,-3.87423],[31.35196,-3.87143],[31.35318,-3.86898],[31.35196,-3.86703],[31.35355,-3.86422],[31.35343,-3.86226],[31.35269,-3.86092],[31.3494,-3.86019],[31.34769,-3.8586],[31.34598,-3.85408],[31.34426,-3.84919],[31.3461,-3.84626],[31.34598,-3.84321],[31.34414,-3.83453],[31.34231,-3.83099],[31.33742,-3.825],[31.33584,-3.82048],[31.32667,-3.81438],[31.32606,-3.81328],[31.3268,-3.8079],[31.31971,-3.79923],[31.31715,-3.79788],[31.31727,-3.79385],[31.3158,-3.79019],[31.31678,-3.78713],[31.31519,-3.78188],[31.31482,-3.77528],[31.31617,-3.77235],[31.31568,-3.77089],[31.31238,-3.76661],[31.30774,-3.7627],[31.30041,-3.75244],[31.29894,-3.74462],[31.29931,-3.74132],[31.29858,-3.73949],[31.2954,-3.73693],[31.29406,-3.73118],[31.28856,-3.72801],[31.27622,-3.7241],[31.26437,-3.7153],[31.26303,-3.71481],[31.25997,-3.71628],[31.259,-3.71408],[31.25448,-3.71152],[31.25203,-3.70822],[31.24861,-3.70846],[31.24153,-3.69954],[31.23823,-3.69698],[31.23188,-3.68684],[31.22833,-3.68537],[31.22748,-3.68049],[31.22381,-3.67462],[31.22577,-3.67242],[31.22308,-3.66742],[31.22552,-3.66033],[31.2254,-3.65935],[31.22308,-3.65789],[31.2243,-3.6519],[31.22296,-3.64946],[31.22357,-3.64628],[31.22052,-3.63944],[31.21636,-3.63578],[31.21172,-3.62552],[31.21209,-3.61757],[31.21441,-3.6078],[31.21563,-3.60585],[31.21319,-3.60218],[31.21343,-3.59681],[31.21196,-3.5918],[31.21416,-3.58484],[31.21148,-3.58166],[31.21184,-3.58007],[31.21465,-3.5808],[31.21795,-3.58007],[31.21819,-3.57824],[31.21172,-3.56932],[31.2127,-3.56773],[31.21245,-3.5659],[31.20964,-3.5592],[31.21007,-3.55116],[31.21181,-3.5479],[31.21203,-3.54052],[31.21389,-3.53788],[31.21375,-3.53348],[31.21181,-3.53118],[31.21351,-3.52862],[31.2066,-3.52141],[31.20442,-3.52076],[31.20204,-3.52184],[31.19958,-3.51556],[31.2001,-3.51475],[31.1966,-3.50723],[31.19648,-3.50494],[31.19914,-3.49746],[31.21072,-3.49227],[31.21229,-3.48973],[31.21241,-3.4732],[31.19439,-3.45247],[31.19795,-3.44548],[31.19661,-3.44434],[31.19633,-3.44163],[31.1972,-3.44097],[31.19579,-3.43643],[31.19645,-3.43444],[31.19559,-3.43444],[31.19536,-3.43291],[31.19418,-3.43216],[31.19475,-3.42843],[31.19314,-3.42741],[31.19273,-3.42391],[31.18911,-3.42306],[31.18899,-3.42149],[31.18586,-3.41925],[31.18292,-3.41975],[31.18235,-3.41878],[31.17813,-3.4181],[31.17641,-3.4192],[31.17474,-3.41867],[31.17465,-3.41761],[31.17227,-3.41755],[31.1703,-3.41309],[31.16677,-3.41019],[31.16559,-3.40697],[31.16629,-3.40622],[31.16525,-3.40508],[31.16734,-3.40269],[31.16799,-3.404],[31.17038,-3.40297],[31.17006,-3.40196],[31.16654,-3.3991],[31.16608,-3.39712],[31.16353,-3.39588],[31.16211,-3.39624],[31.16214,-3.39517],[31.16051,-3.39548],[31.15753,-3.39207],[31.15516,-3.38232],[31.15156,-3.38063],[31.1515,-3.37811],[31.15227,-3.37706],[31.15301,-3.37742],[31.15311,-3.37637],[31.15243,-3.37551],[31.15069,-3.37591],[31.15038,-3.37508],[31.15171,-3.37066],[31.15074,-3.36755],[31.15266,-3.36554],[31.1519,-3.36475],[31.19863,-3.32069],[31.24366,-3.28989],[31.29285,-3.30337],[31.29895,-3.30905],[31.31813,-3.31794]]]},"properties":{"region":"Geita","district":"Bukombe","ward":"Namonge","ward_code":"031"}},{"type":"Feature","geometry":{"type":"Polygon","coordinates":[[[31.50892,-3.28613],[31.51057,-3.29248],[31.51524,-3.29747],[31.532,-3.30464],[31.53243,-3.31612],[31.5383,-3.31613],[31.54163,-3.31896],[31.55282,-3.32454],[31.54992,-3.32718],[31.5404,-3.33226],[31.53383,-3.33772],[31.5334,-3.34112],[31.53639,-3.34623],[31.529,-3.363],[31.52366,-3.36743],[31.5179,-3.3704],[31.51663,-3.35478],[31.50959,-3.34342],[31.50852,-3.34703],[31.50195,-3.35435],[31.49693,-3.35321],[31.49479,-3.35665],[31.48926,-3.35809],[31.48439,-3.36141],[31.477,-3.37518],[31.47028,-3.37922],[31.47236,-3.37682],[31.4747,-3.37148],[31.47703,-3.37001],[31.47821,-3.36339],[31.48025,-3.36124],[31.48735,-3.34789],[31.48274,-3.34245],[31.4808,-3.33683],[31.48082,-3.32627],[31.46222,-3.31519],[31.46258,-3.3142],[31.46686,-3.30923],[31.46567,-3.30736],[31.46617,-3.30576],[31.47544,-3.29849],[31.47768,-3.29401],[31.4807,-3.29186],[31.48134,-3.2895],[31.48414,-3.28854],[31.48573,-3.29006],[31.49113,-3.28781],[31.49437,-3.28194],[31.49694,-3.27937],[31.50113,-3.27788],[31.5069,-3.28256],[31.50892,-3.28613]]]},"properties":{"region":"Geita","district":"Bukombe","ward":"Uyovu","ward_code":"043"}},{"type":"Feature","geometry":{"type":"Polygon","coordinates":[[[31.70653,-3.10933],[31.71751,-3.11242],[31.72794,-3.1113],[31.73959,-3.11402],[31.74904,-3.11449],[31.77057,-3.13378],[31.78041,-3.1397],[31.78825,-3.14295],[31.79508,-3.15133],[31.80225,-3.1832],[31.80112,-3.18435],[31.79927,-3.18438],[31.79077,-3.19097],[31.76887,-3.19748],[31.76581,-3.19867],[31.76383,-3.20067],[31.76173,-3.1999],[31.76118,-3.20085],[31.75867,-3.19916],[31.75621,-3.20053],[31.75588,-3.19971],[31.75435,-3.2004],[31.75196,-3.19904],[31.75139,-3.20044],[31.74685,-3.20303],[31.74574,-3.20232],[31.74372,-3.20294],[31.74348,-3.20445],[31.74251,-3.20363],[31.74012,-3.20483],[31.7376,-3.20767],[31.73663,-3.20698],[31.72909,-3.20821],[31.72796,-3.2106],[31.72463,-3.21061],[31.72555,-3.21207],[31.72397,-3.21262],[31.7228,-3.21155],[31.72188,-3.21351],[31.72113,-3.21293],[31.71735,-3.21423],[31.71089,-3.21972],[31.70727,-3.2218],[31.70617,-3.22087],[31.7002,-3.22615],[31.69866,-3.22595],[31.69656,-3.22891],[31.69724,-3.23177],[31.69559,-3.23749],[31.69659,-3.23966],[31.69425,-3.24117],[31.69387,-3.24574],[31.69044,-3.24816],[31.68899,-3.25246],[31.68704,-3.25301],[31.685,-3.25664],[31.68411,-3.26045],[31.68525,-3.26227],[31.68368,-3.26552],[31.68041,-3.27072],[31.67811,-3.27195],[31.6756,-3.27507],[31.66695,-3.28868],[31.66685,-3.29242],[31.66505,-3.29317],[31.66601,-3.2945],[31.66478,-3.29966],[31.66386,-3.30104],[31.66328,-3.30071],[31.66182,-3.30401],[31.65728,-3.30756],[31.65869,-3.30869],[31.65798,-3.31006],[31.65685,-3.31004],[31.65684,-3.3115],[31.65573,-3.31244],[31.65671,-3.31346],[31.656,-3.31542],[31.6568,-3.31876],[31.65829,-3.31851],[31.65718,-3.32119],[31.65817,-3.32121],[31.65669,-3.32294],[31.65757,-3.32337],[31.65404,-3.32474],[31.6523,-3.33079],[31.64899,-3.33357],[31.64956,-3.33586],[31.64801,-3.34046],[31.64648,-3.33866],[31.64605,-3.33489],[31.64528,-3.33523],[31.64496,-3.3343],[31.64695,-3.33082],[31.64513,-3.3295],[31.64325,-3.32981],[31.64294,-3.33065],[31.63951,-3.32865],[31.63792,-3.32925],[31.63633,-3.32826],[31.63543,-3.32897],[31.63439,-3.32712],[31.62983,-3.32549],[31.63033,-3.32477],[31.62957,-3.3239],[31.62775,-3.32449],[31.62686,-3.32286],[31.62378,-3.3216],[31.62351,-3.31912],[31.62257,-3.31854],[31.62299,-3.31706],[31.61947,-3.31333],[31.61979,-3.31169],[31.61599,-3.30887],[31.61672,-3.30776],[31.60961,-3.30947],[31.59736,-3.315],[31.59389,-3.31368],[31.58901,-3.31434],[31.58565,-3.31377],[31.58218,-3.31196],[31.57597,-3.3111],[31.56399,-3.31607],[31.55817,-3.32037],[31.55632,-3.32034],[31.55447,-3.32162],[31.55444,-3.32328],[31.55282,-3.32454],[31.54163,-3.31896],[31.5383,-3.31613],[31.53243,-3.31612],[31.532,-3.30464],[31.51524,-3.29747],[31.51057,-3.29248],[31.50892,-3.28613],[31.5069,-3.28256],[31.50113,-3.27788],[31.51539,-3.2714],[31.52204,-3.26732],[31.52998,-3.26067],[31.53834,-3.25703],[31.53963,-3.25531],[31.54521,-3.25359],[31.55615,-3.24544],[31.5544,-3.24154],[31.55705,-3.229],[31.56559,-3.23269],[31.59056,-3.23156],[31.59794,-3.22994],[31.60268,-3.23181],[31.60936,-3.23088],[31.61177,-3.2254],[31.64905,-3.19452],[31.65291,-3.18828],[31.64452,-3.18138],[31.65044,-3.16676],[31.65138,-3.15551],[31.65385,-3.14875],[31.66919,-3.14813],[31.67224,-3.14621],[31.70653,-3.10933]]]},"properties":{"region":"Geita","district":"Bukombe","ward":"Busonzo","ward_code":"051"}},{"type":"Feature","geometry":{"type":"Polygon","coordinates":[[[31.63752,-2.49549],[31.63097,-2.5553],[31.63106,-2.56355],[31.63569,-2.57464],[31.63523,-2.578],[31.63326,-2.58205],[31.63267,-2.59464],[31.62981,-2.60279],[31.62871,-2.62023],[31.58515,-2.62184],[31.58284,-2.61925],[31.57559,-2.61843],[31.57048,-2.61635],[31.56725,-2.61806],[31.56464,-2.62265],[31.56468,-2.62529],[31.56069,-2.62994],[31.55803,-2.63561],[31.55511,-2.63617],[31.55375,-2.63554],[31.55063,-2.63784],[31.5419,-2.63932],[31.53527,-2.63842],[31.5262,-2.63507],[31.51704,-2.63743],[31.50576,-2.63328],[31.49991,-2.63494],[31.49909,-2.62317],[31.48448,-2.60257],[31.48857,-2.57973],[31.49604,-2.559],[31.49461,-2.54464],[31.49516,-2.54186],[31.4998,-2.5317],[31.51422,-2.52762],[31.5206,-2.53257],[31.52491,-2.53454],[31.52839,-2.54003],[31.53247,-2.54086],[31.53978,-2.54013],[31.54545,-2.53851],[31.5502,-2.53205],[31.55533,-2.52167],[31.56127,-2.51584],[31.56836,-2.51607],[31.57233,-2.51498],[31.58051,-2.50967],[31.58554,-2.50968],[31.5917,-2.51156],[31.59767,-2.51008],[31.59693,-2.50201],[31.59767,-2.49223],[31.6023,-2.48122],[31.60669,-2.47438],[31.60743,-2.46288],[31.60889,-2.45775],[31.61206,-2.45482],[31.62471,-2.45189],[31.62998,-2.45116],[31.63079,-2.45361],[31.63752,-2.49549]]]},"properties":{"region":"Geita","district":"Chato","ward":"Ichwankima","ward_code":"051"}},{"type":"Feature","geometry":{"type":"Polygon","coordinates":[[[31.63144,-2.67432],[31.61538,-2.70819],[31.60346,-2.70665],[31.58376,-2.70713],[31.57169,-2.71667],[31.56758,-2.71219],[31.55749,-2.71341],[31.55602,-2.7102],[31.55501,-2.70397],[31.55923,-2.69257],[31.56075,-2.6833],[31.55619,-2.67428],[31.5567,-2.66525],[31.55799,-2.65977],[31.55653,-2.65699],[31.55786,-2.65238],[31.56299,-2.64647],[31.56183,-2.64118],[31.55803,-2.63561],[31.56069,-2.62994],[31.56468,-2.62529],[31.56464,-2.62265],[31.56725,-2.61806],[31.56909,-2.61685],[31.57048,-2.61635],[31.57559,-2.61843],[31.58284,-2.61925],[31.58515,-2.62184],[31.58779,-2.63085],[31.58735,-2.63182],[31.59881,-2.63679],[31.61092,-2.63982],[31.61396,-2.64178],[31.61571,-2.65465],[31.61782,-2.65812],[31.62451,-2.66551],[31.63757,-2.6696],[31.63144,-2.67432]]]},"properties":{"region":"Geita","district":"Chato","ward":"Kachwamba","ward_code":"061"}},{"type":"Feature","geometry":{"type":"Polygon","coordinates":[[[31.48605,-2.54448],[31.49461,-2.54464],[31.49604,-2.559],[31.48857,-2.57973],[31.48448,-2.60257],[31.49909,-2.62317],[31.49991,-2.63494],[31.50576,-2.63328],[31.51704,-2.63743],[31.5262,-2.63507],[31.53527,-2.63842],[31.5419,-2.63932],[31.55063,-2.63784],[31.55375,-2.63554],[31.55511,-2.63617],[31.55803,-2.63561],[31.56183,-2.64118],[31.56299,-2.64647],[31.55786,-2.65238],[31.55653,-2.65699],[31.55799,-2.65977],[31.5567,-2.66525],[31.55619,-2.67428],[31.56075,-2.6833],[31.55923,-2.69257],[31.55501,-2.70397],[31.55602,-2.7102],[31.55749,-2.71341],[31.53743,-2.71429],[31.53359,-2.72106],[31.5039,-2.7229],[31.50127,-2.71387],[31.49407,-2.70639],[31.49738,-2.70036],[31.48709,-2.69748],[31.47795,-2.70164],[31.47436,-2.70533],[31.46351,-2.70886],[31.44183,-2.70434],[31.44009,-2.70302],[31.4379,-2.69903],[31.43381,-2.69676],[31.43238,-2.69045],[31.43338,-2.68903],[31.43006,-2.68823],[31.4251,-2.68182],[31.41553,-2.67656],[31.40904,-2.66933],[31.40851,-2.66706],[31.40747,-2.66229],[31.40792,-2.65401],[31.40429,-2.62591],[31.40882,-2.60552],[31.41798,-2.58947],[31.44201,-2.55767],[31.45075,-2.55205],[31.4576,-2.54973],[31.46393,-2.54905],[31.47435,-2.54979],[31.47855,-2.54888],[31.48605,-2.54448]]]},"properties":{"region":"Geita","district":"Chato","ward":"Kasenga","ward_code":"071"}},{"type":"Feature","geometry":{"type":"Polygon","coordinates":[[[31.71705,-2.58156],[31.72151,-2.59782],[31.71582,-2.61463],[31.71444,-2.62923],[31.71678,-2.63335],[31.7263,-2.63957],[31.72671,-2.64793],[31.7072,-2.6716],[31.70786,-2.68054],[31.70467,-2.68188],[31.69858,-2.68677],[31.69789,-2.69535],[31.69503,-2.69336],[31.69219,-2.69272],[31.68733,-2.69349],[31.68348,-2.69608],[31.68188,-2.69593],[31.67843,-2.69865],[31.67375,-2.70012],[31.67179,-2.69952],[31.67017,-2.70111],[31.66617,-2.70019],[31.66218,-2.69786],[31.66076,-2.69508],[31.65852,-2.694],[31.66115,-2.68768],[31.66047,-2.67873],[31.64803,-2.66872],[31.64246,-2.66797],[31.63757,-2.6696],[31.62451,-2.66551],[31.61571,-2.65465],[31.61396,-2.64178],[31.61092,-2.63982],[31.59881,-2.63679],[31.58735,-2.63182],[31.58779,-2.63085],[31.58515,-2.62184],[31.62871,-2.62023],[31.62981,-2.60279],[31.63267,-2.59464],[31.63268,-2.59135],[31.64259,-2.58938],[31.65389,-2.58413],[31.67129,-2.5809],[31.6788,-2.57802],[31.67842,-2.57019],[31.68004,-2.56875],[31.68596,-2.56704],[31.70454,-2.57009],[31.7064,-2.57513],[31.71196,-2.57967],[31.71705,-2.58156]]]},"properties":{"region":"Geita","district":"Chato","ward":"Ilemela","ward_code":"081"}},{"type":"Feature","geometry":{"type":"Polygon","coordinates":[[[31.7458,-2.3288],[31.75302,-2.33589],[31.75941,-2.33969],[31.75432,-2.34392],[31.74904,-2.35019],[31.7536,-2.35653],[31.75003,-2.36148],[31.75373,-2.36392],[31.76351,-2.35652],[31.77314,-2.36036],[31.7777,-2.36577],[31.77512,-2.37211],[31.77011,-2.37534],[31.76001,-2.37085],[31.75836,-2.37095],[31.7555,-2.37304],[31.75494,-2.37605],[31.75809,-2.38379],[31.75677,-2.38776],[31.75558,-2.38762],[31.75503,-2.38791],[31.75684,-2.38784],[31.75434,-2.39575],[31.74772,-2.40922],[31.75525,-2.41582],[31.76561,-2.41265],[31.76829,-2.41556],[31.75978,-2.41959],[31.74555,-2.42183],[31.73124,-2.42907],[31.71064,-2.43399],[31.69537,-2.4342],[31.69514,-2.42514],[31.70652,-2.41278],[31.70819,-2.40891],[31.7106,-2.40694],[31.71173,-2.40405],[31.71096,-2.39993],[31.71586,-2.39687],[31.72385,-2.35823],[31.73976,-2.35229],[31.73982,-2.3491],[31.73805,-2.34928],[31.73749,-2.3465],[31.738,-2.33384],[31.74079,-2.33474],[31.7458,-2.3288]]]},"properties":{"region":"Geita","district":"Chato","ward":"Muganza","ward_code":"013"}},{"type":"Feature","geometry":{"type":"Polygon","coordinates":[[[31.738,-2.33384],[31.73805,-2.34928],[31.73982,-2.3491],[31.73976,-2.35229],[31.72385,-2.35823],[31.71586,-2.39687],[31.71096,-2.39993],[31.71173,-2.40405],[31.7106,-2.40694],[31.70819,-2.40891],[31.70652,-2.41278],[31.69514,-2.42514],[31.69613,-2.44187],[31.69078,-2.44526],[31.68754,-2.44853],[31.68296,-2.44633],[31.68009,-2.44752],[31.67761,-2.45091],[31.67055,-2.45259],[31.66185,-2.45195],[31.65901,-2.4556],[31.65128,-2.45617],[31.6481,-2.45264],[31.63079,-2.45361],[31.62722,-2.44276],[31.61683,-2.42671],[31.61329,-2.4189],[31.60665,-2.41183],[31.63781,-2.36615],[31.64349,-2.37218],[31.6558,-2.37779],[31.65876,-2.37797],[31.66245,-2.3755],[31.66879,-2.37528],[31.67201,-2.37134],[31.67529,-2.37064],[31.68075,-2.37126],[31.686,-2.36403],[31.69616,-2.36813],[31.69929,-2.36432],[31.6986,-2.35684],[31.69539,-2.35196],[31.69823,-2.34895],[31.70591,-2.34933],[31.70962,-2.35382],[31.7153,-2.35337],[31.71604,-2.34765],[31.71312,-2.33903],[31.70711,-2.33507],[31.71206,-2.32866],[31.71992,-2.32715],[31.73029,-2.32979],[31.738,-2.33384]]]},"properties":{"region":"Geita","district":"Chato","ward":"Bwongera","ward_code":"021"}},{"type":"Feature","geometry":{"type":"MultiPolygon","coordinates":[[[[31.76538,-2.52889],[31.76157,-2.52719],[31.76107,-2.5242],[31.76499,-2.52754],[31.76538,-2.52889]]],[[[31.75029,-2.52005],[31.74909,-2.52081],[31.74571,-2.51798],[31.74803,-2.51614],[31.75015,-2.51793],[31.75029,-2.52005]]],[[[31.79093,-2.4292],[31.79395,-2.44784],[31.79344,-2.45024],[31.79531,-2.45439],[31.79692,-2.4546],[31.79661,-2.45659],[31.79474,-2.45723],[31.79196,-2.46224],[31.79344,-2.46783],[31.79975,-2.47482],[31.80047,-2.4836],[31.79716,-2.48956],[31.79722,-2.49129],[31.79883,-2.49241],[31.79941,-2.49489],[31.79558,-2.50036],[31.79351,-2.50207],[31.78839,-2.50237],[31.7827,-2.50455],[31.77382,-2.50294],[31.75754,-2.50731],[31.74495,-2.50695],[31.74061,-2.5004],[31.73632,-2.49944],[31.72456,-2.50487],[31.72239,-2.49838],[31.7164,-2.4996],[31.7137,-2.50544],[31.70582,-2.49062],[31.70389,-2.48179],[31.70058,-2.48088],[31.69906,-2.47888],[31.70006,-2.47538],[31.70572,-2.46502],[31.70521,-2.45896],[31.70272,-2.45663],[31.69592,-2.44374],[31.69537,-2.4342],[31.71064,-2.43399],[31.73124,-2.42907],[31.74555,-2.42183],[31.75978,-2.41959],[31.76829,-2.41556],[31.77101,-2.41835],[31.77076,-2.42053],[31.77218,-2.42324],[31.79093,-2.4292]]]]},"properties":{"region":"Geita","district":"Chato","ward":"Kigongo","ward_code":"031"}},{"type":"Feature","geometry":{"type":"Polygon","coordinates":[[[31.69685,-2.44609],[31.70272,-2.45663],[31.70521,-2.45896],[31.70572,-2.46502],[31.70006,-2.47538],[31.69906,-2.47888],[31.70058,-2.48088],[31.70389,-2.48179],[31.70582,-2.49062],[31.7137,-2.50544],[31.7093,-2.50966],[31.70911,-2.51808],[31.7099,-2.52059],[31.71719,-2.52051],[31.71898,-2.52199],[31.71989,-2.52742],[31.71643,-2.53095],[31.71317,-2.53235],[31.71279,-2.53941],[31.71469,-2.54522],[31.71951,-2.55285],[31.72634,-2.56135],[31.73029,-2.56834],[31.73166,-2.5689],[31.72936,-2.57903],[31.7235,-2.58592],[31.72149,-2.59775],[31.71705,-2.58156],[31.71196,-2.57967],[31.7064,-2.57513],[31.70454,-2.57009],[31.68596,-2.56704],[31.68004,-2.56875],[31.67842,-2.57019],[31.6788,-2.57802],[31.67129,-2.5809],[31.65389,-2.58413],[31.64259,-2.58938],[31.63268,-2.59135],[31.63326,-2.58205],[31.63523,-2.578],[31.63569,-2.57464],[31.63106,-2.56355],[31.63097,-2.5553],[31.63752,-2.49549],[31.63079,-2.45361],[31.6481,-2.45264],[31.65128,-2.45617],[31.65901,-2.4556],[31.66185,-2.45195],[31.67055,-2.45259],[31.67761,-2.45091],[31.68009,-2.44752],[31.68296,-2.44633],[31.68754,-2.44853],[31.69078,-2.44526],[31.69613,-2.44187],[31.69685,-2.44609]]]},"properties":{"region":"Geita","district":"Chato","ward":"Nyamirembe","ward_code":"041"}},{"type":"Feature","geometry":{"type":"Polygon","coordinates":[[[31.77823,-2.62958],[31.77578,-2.632],[31.77565,-2.63479],[31.77736,-2.63523],[31.77926,-2.6388],[31.78472,-2.64],[31.78784,-2.64419],[31.78585,-2.64572],[31.78425,-2.6497],[31.77678,-2.65043],[31.76795,-2.65317],[31.76281,-2.65663],[31.75982,-2.65368],[31.75975,-2.64967],[31.75755,-2.64979],[31.76183,-2.63948],[31.74707,-2.63618],[31.74737,-2.63356],[31.75292,-2.63045],[31.75498,-2.63251],[31.76189,-2.63471],[31.76922,-2.62661],[31.77464,-2.62287],[31.77607,-2.62725],[31.77823,-2.62958]]]},"properties":{"region":"Geita","district":"Chato","ward":"Chato","ward_code":"093"}},{"type":"Feature","geometry":{"type":"Polygon","coordinates":[[[31.74899,-2.56299],[31.74779,-2.57189],[31.74252,-2.57863],[31.7435,-2.58397],[31.74318,-2.59035],[31.74498,-2.59503],[31.7439,-2.59717],[31.7444,-2.59963],[31.74572,-2.60209],[31.74707,-2.60265],[31.74755,-2.60527],[31.74622,-2.60693],[31.74572,-2.6104],[31.74958,-2.61709],[31.74919,-2.62466],[31.75292,-2.63045],[31.74737,-2.63356],[31.74707,-2.63618],[31.76183,-2.63948],[31.75755,-2.64979],[31.75975,-2.64967],[31.75982,-2.65368],[31.76281,-2.65663],[31.75814,-2.66389],[31.76003,-2.67044],[31.76477,-2.67579],[31.77347,-2.67685],[31.77711,-2.6792],[31.78283,-2.68398],[31.78333,-2.68562],[31.78103,-2.68882],[31.77549,-2.68769],[31.76842,-2.68874],[31.76137,-2.68495],[31.75462,-2.6881],[31.75304,-2.69328],[31.74982,-2.69725],[31.741,-2.70217],[31.73933,-2.70714],[31.74271,-2.71319],[31.73506,-2.71335],[31.73171,-2.71096],[31.72975,-2.71072],[31.72482,-2.70602],[31.72208,-2.70588],[31.72271,-2.70163],[31.71909,-2.69741],[31.71477,-2.69747],[31.71341,-2.69645],[31.70605,-2.69772],[31.70219,-2.69681],[31.70056,-2.69526],[31.6991,-2.6962],[31.69789,-2.69535],[31.69858,-2.68677],[31.70467,-2.68188],[31.70786,-2.68054],[31.7072,-2.6716],[31.72671,-2.64793],[31.7263,-2.63957],[31.71678,-2.63335],[31.71444,-2.62923],[31.71582,-2.61463],[31.72151,-2.59782],[31.7235,-2.58592],[31.72936,-2.57903],[31.73166,-2.5689],[31.73381,-2.56973],[31.73508,-2.56821],[31.7364,-2.5634],[31.74163,-2.55687],[31.74569,-2.55864],[31.74899,-2.56299]]]},"properties":{"region":"Geita","district":"Chato","ward":"Muungano","ward_code":"103"}},{"type":"Feature","geometry":{"type":"Polygon","coordinates":[[[31.83103,-2.60453],[31.83426,-2.61125],[31.83617,-2.61232],[31.84039,-2.61155],[31.84117,-2.60727],[31.84255,-2.60727],[31.84365,-2.6056],[31.85463,-2.60697],[31.86083,-2.61703],[31.85874,-2.62113],[31.85937,-2.62273],[31.85855,-2.62853],[31.85693,-2.62979],[31.85303,-2.62897],[31.84597,-2.62368],[31.84213,-2.62218],[31.83983,-2.62394],[31.8403,-2.63199],[31.83947,-2.63369],[31.83677,-2.63471],[31.83442,-2.63242],[31.83383,-2.62694],[31.83136,-2.62633],[31.82981,-2.62381],[31.83053,-2.61945],[31.82845,-2.61889],[31.82141,-2.62044],[31.8192,-2.62185],[31.8178,-2.62475],[31.8186,-2.63051],[31.8165,-2.63293],[31.80822,-2.63102],[31.80689,-2.63098],[31.80589,-2.63225],[31.8071,-2.63482],[31.81097,-2.63617],[31.81565,-2.64232],[31.82044,-2.642],[31.82156,-2.64609],[31.81633,-2.6501],[31.81333,-2.64804],[31.80892,-2.64814],[31.80763,-2.65121],[31.80567,-2.65171],[31.8043,-2.65474],[31.79973,-2.65445],[31.79538,-2.6501],[31.79387,-2.64484],[31.794,-2.64122],[31.79219,-2.64024],[31.78784,-2.64419],[31.78472,-2.64],[31.77926,-2.6388],[31.77736,-2.63523],[31.77565,-2.63479],[31.77578,-2.632],[31.77673,-2.63029],[31.77827,-2.63003],[31.77607,-2.62725],[31.77464,-2.62287],[31.77768,-2.62082],[31.78544,-2.62112],[31.79021,-2.61927],[31.79296,-2.61813],[31.79377,-2.61594],[31.79627,-2.61503],[31.79797,-2.61287],[31.80978,-2.61334],[31.81221,-2.61157],[31.81433,-2.60433],[31.81608,-2.60367],[31.82049,-2.60508],[31.82652,-2.60453],[31.82931,-2.60299],[31.83103,-2.60453]]]},"properties":{"region":"Geita","district":"Chato","ward":"Bwina","ward_code":"113"}},{"type":"Feature","geometry":{"type":"Polygon","coordinates":[[[31.64803,-2.66872],[31.66047,-2.67873],[31.66115,-2.68768],[31.65852,-2.694],[31.66076,-2.69508],[31.66218,-2.69786],[31.66617,-2.70019],[31.67017,-2.70111],[31.67179,-2.69952],[31.67375,-2.70012],[31.67843,-2.69865],[31.68188,-2.69593],[31.68348,-2.69608],[31.68733,-2.69349],[31.69219,-2.69272],[31.69503,-2.69336],[31.6991,-2.6962],[31.70056,-2.69526],[31.70219,-2.69681],[31.70605,-2.69772],[31.71341,-2.69645],[31.71477,-2.69747],[31.71909,-2.69741],[31.72271,-2.70163],[31.72208,-2.70588],[31.71327,-2.71632],[31.70345,-2.73644],[31.69634,-2.74696],[31.69651,-2.7513],[31.69911,-2.76022],[31.70015,-2.77295],[31.68757,-2.76573],[31.6847,-2.7612],[31.68214,-2.7535],[31.67901,-2.74976],[31.67866,-2.74795],[31.67527,-2.7466],[31.6728,-2.74688],[31.66623,-2.75494],[31.66313,-2.75723],[31.66066,-2.75139],[31.66626,-2.74092],[31.66233,-2.72883],[31.65487,-2.71714],[31.64877,-2.71335],[31.64325,-2.72121],[31.636,-2.71955],[31.63446,-2.71192],[31.6258,-2.7004],[31.62084,-2.69807],[31.63144,-2.67432],[31.63757,-2.6696],[31.64246,-2.66797],[31.64803,-2.66872]]]},"properties":{"region":"Geita","district":"Chato","ward":"Katende","ward_code":"121"}},{"type":"Feature","geometry":{"type":"Polygon","coordinates":[[[31.6258,-2.7004],[31.63446,-2.71192],[31.636,-2.71955],[31.64325,-2.72121],[31.64877,-2.71335],[31.65487,-2.71714],[31.66233,-2.72883],[31.66626,-2.74092],[31.66066,-2.75139],[31.66313,-2.75723],[31.65826,-2.76082],[31.64286,-2.7543],[31.63071,-2.75666],[31.62454,-2.7565],[31.61978,-2.75964],[31.61685,-2.76827],[31.61843,-2.77184],[31.61671,-2.77494],[31.60934,-2.77376],[31.60614,-2.76914],[31.59492,-2.76311],[31.58698,-2.76787],[31.56163,-2.75948],[31.5502,-2.74668],[31.54769,-2.73703],[31.55222,-2.73065],[31.54946,-2.72547],[31.56383,-2.72394],[31.5722,-2.72813],[31.57273,-2.72145],[31.57169,-2.71667],[31.58376,-2.70713],[31.60346,-2.70665],[31.61538,-2.70819],[31.62084,-2.69807],[31.6258,-2.7004]]]},"properties":{"region":"Geita","district":"Chato","ward":"IIyamchele","ward_code":"131"}},{"type":"Feature","geometry":{"type":"Polygon","coordinates":[[[31.72208,-2.70588],[31.72482,-2.70602],[31.72975,-2.71072],[31.73171,-2.71096],[31.73506,-2.71335],[31.74271,-2.71319],[31.74535,-2.71691],[31.74715,-2.71684],[31.74827,-2.71569],[31.74827,-2.71277],[31.74922,-2.71204],[31.75349,-2.71323],[31.75469,-2.71518],[31.75424,-2.71783],[31.75589,-2.72525],[31.75324,-2.73067],[31.74888,-2.73374],[31.75344,-2.73869],[31.75357,-2.74125],[31.75174,-2.74572],[31.75581,-2.75041],[31.75849,-2.75019],[31.75964,-2.7488],[31.7594,-2.7468],[31.76213,-2.74353],[31.76135,-2.73885],[31.76351,-2.73426],[31.765,-2.7333],[31.76792,-2.73453],[31.76937,-2.7327],[31.76635,-2.72639],[31.77031,-2.72182],[31.78129,-2.72771],[31.78523,-2.72798],[31.78811,-2.72932],[31.78987,-2.73097],[31.78769,-2.73543],[31.78923,-2.73854],[31.78885,-2.74126],[31.7841,-2.74232],[31.78099,-2.74137],[31.77889,-2.74328],[31.78088,-2.74829],[31.77916,-2.75204],[31.78336,-2.75564],[31.78569,-2.76024],[31.78903,-2.76168],[31.79008,-2.76312],[31.78979,-2.76486],[31.78852,-2.76699],[31.78614,-2.76739],[31.78136,-2.76501],[31.77576,-2.76407],[31.77375,-2.76562],[31.77418,-2.76804],[31.77786,-2.76965],[31.77983,-2.774],[31.78162,-2.77344],[31.78326,-2.77423],[31.78527,-2.77747],[31.78707,-2.78344],[31.78113,-2.7901],[31.77343,-2.79077],[31.77218,-2.79299],[31.77261,-2.79526],[31.77625,-2.7971],[31.77668,-2.79873],[31.77468,-2.8087],[31.77145,-2.81476],[31.77532,-2.82825],[31.77301,-2.82993],[31.77219,-2.82824],[31.76881,-2.82878],[31.76746,-2.83015],[31.76773,-2.83156],[31.77319,-2.83641],[31.77261,-2.84347],[31.77018,-2.84682],[31.77014,-2.85064],[31.76847,-2.85428],[31.76985,-2.85937],[31.77244,-2.86264],[31.75176,-2.86658],[31.73588,-2.86842],[31.71523,-2.86731],[31.70222,-2.86818],[31.69802,-2.87072],[31.69645,-2.87294],[31.68068,-2.87142],[31.67438,-2.86787],[31.67109,-2.86224],[31.67767,-2.85423],[31.68193,-2.8515],[31.69156,-2.84796],[31.69872,-2.8349],[31.69891,-2.83205],[31.69738,-2.82855],[31.70024,-2.82533],[31.71327,-2.82023],[31.71916,-2.81983],[31.7212,-2.8182],[31.71843,-2.80894],[31.72174,-2.79809],[31.72109,-2.78777],[31.7108,-2.78297],[31.70015,-2.77295],[31.69911,-2.76022],[31.69651,-2.7513],[31.69634,-2.74696],[31.70345,-2.73644],[31.71327,-2.71632],[31.72208,-2.70588]]]},"properties":{"region":"Geita","district":"Chato","ward":"Bukome","ward_code":"141"}},{"type":"Feature","geometry":{"type":"MultiPolygon","coordinates":[[[[31.83798,-2.82859],[31.84767,-2.84523],[31.86955,-2.87038],[31.8822,-2.8799],[31.88523,-2.88117],[31.8862,-2.88929],[31.87652,-2.90419],[31.87495,-2.90927],[31.86822,-2.91609],[31.86979,-2.92335],[31.86873,-2.9321],[31.8664,-2.93824],[31.8599,-2.94789],[31.85746,-2.95037],[31.85138,-2.94921],[31.84883,-2.95073],[31.8393,-2.94989],[31.83002,-2.95473],[31.83002,-2.96137],[31.83382,-2.96896],[31.82677,-2.97117],[31.81494,-2.96839],[31.80852,-2.97124],[31.79692,-2.96704],[31.78562,-2.9672],[31.77435,-2.96237],[31.77277,-2.95967],[31.77077,-2.95908],[31.7687,-2.95632],[31.76163,-2.9511],[31.75955,-2.94724],[31.74923,-2.94032],[31.74468,-2.94423],[31.72799,-2.9509],[31.71598,-2.94996],[31.6876,-2.95039],[31.691,-2.94432],[31.68254,-2.93853],[31.67684,-2.93866],[31.67474,-2.93767],[31.67616,-2.93679],[31.67795,-2.93244],[31.68068,-2.92977],[31.68296,-2.92008],[31.68363,-2.88546],[31.69305,-2.87795],[31.69802,-2.87072],[31.69999,-2.86936],[31.70222,-2.86818],[31.71523,-2.86731],[31.73588,-2.86842],[31.75176,-2.86658],[31.77244,-2.86264],[31.77605,-2.87641],[31.77878,-2.87823],[31.784,-2.87685],[31.78777,-2.86781],[31.78972,-2.86572],[31.78822,-2.85951],[31.78884,-2.8568],[31.79596,-2.85065],[31.79807,-2.851],[31.80128,-2.85997],[31.80978,-2.85947],[31.81807,-2.86754],[31.81954,-2.8678],[31.82034,-2.86542],[31.82054,-2.85467],[31.81265,-2.84857],[31.81095,-2.84238],[31.81338,-2.84083],[31.81669,-2.84089],[31.8171,-2.83988],[31.81586,-2.8383],[31.81595,-2.83336],[31.81705,-2.82799],[31.81983,-2.8242],[31.82006,-2.8215],[31.8182,-2.81383],[31.82037,-2.8101],[31.82314,-2.80994],[31.82574,-2.81137],[31.82915,-2.81497],[31.83122,-2.82115],[31.83027,-2.82714],[31.83093,-2.82809],[31.83798,-2.82859]]],[[[31.82185,-2.79661],[31.8187,-2.79803],[31.81544,-2.79619],[31.81639,-2.79305],[31.82031,-2.79127],[31.82215,-2.79287],[31.82268,-2.79506],[31.82185,-2.79661]]]]},"properties":{"region":"Geita","district":"Chato","ward":"Makurugusi","ward_code":"171"}},{"type":"Feature","geometry":{"type":"Polygon","coordinates":[[[31.92069,-2.94903],[31.92275,-2.95447],[31.92315,-2.96151],[31.9256,-2.96544],[31.92572,-2.97085],[31.92694,-2.97369],[31.92619,-2.9791],[31.92889,-2.97671],[31.93051,-2.9775],[31.93182,-2.97637],[31.93348,-2.97672],[31.93276,-2.97979],[31.9317,-2.97962],[31.93152,-2.98193],[31.93282,-2.98566],[31.92819,-2.98632],[31.92277,-2.98955],[31.91864,-2.98993],[31.92109,-2.99548],[31.92073,-2.99799],[31.92262,-3.00018],[31.92324,-3.00692],[31.91504,-3.01217],[31.90524,-3.02672],[31.9016,-3.02402],[31.8964,-3.0165],[31.89481,-3.01682],[31.88154,-3.00339],[31.87603,-3.00917],[31.87103,-3.00812],[31.86569,-3.00114],[31.85878,-2.99566],[31.85598,-2.98577],[31.84561,-2.97314],[31.84537,-2.96848],[31.83929,-2.96794],[31.83382,-2.96896],[31.83002,-2.96137],[31.83002,-2.95473],[31.83839,-2.95025],[31.84883,-2.95073],[31.85138,-2.94921],[31.85746,-2.95037],[31.8599,-2.94789],[31.8664,-2.93824],[31.86873,-2.9321],[31.86979,-2.92335],[31.86822,-2.91609],[31.87495,-2.90927],[31.87652,-2.90419],[31.8862,-2.88929],[31.89619,-2.88877],[31.90625,-2.89371],[31.92147,-2.90309],[31.91662,-2.91473],[31.91573,-2.92179],[31.9166,-2.93261],[31.9231,-2.93395],[31.92341,-2.94051],[31.92044,-2.94519],[31.92069,-2.94903]]]},"properties":{"region":"Geita","district":"Chato","ward":"Buseresere","ward_code":"183"}},{"type":"Feature","geometry":{"type":"Polygon","coordinates":[[[31.84537,-2.96848],[31.84561,-2.97314],[31.85598,-2.98577],[31.85675,-2.99067],[31.85963,-2.99693],[31.86569,-3.00114],[31.87103,-3.00812],[31.87603,-3.00917],[31.88154,-3.00339],[31.89481,-3.01682],[31.8964,-3.0165],[31.9016,-3.02402],[31.90524,-3.02672],[31.9026,-3.03472],[31.89412,-3.0452],[31.8948,-3.07432],[31.89344,-3.0837],[31.89493,-3.08872],[31.89405,-3.09165],[31.89527,-3.09274],[31.8954,-3.1007],[31.89733,-3.10752],[31.89999,-3.10987],[31.90588,-3.11268],[31.9117,-3.11823],[31.91251,-3.12353],[31.91071,-3.13119],[31.90503,-3.14211],[31.8928,-3.15267],[31.8882,-3.15315],[31.88331,-3.15162],[31.8834,-3.14315],[31.88533,-3.13501],[31.88214,-3.13116],[31.87969,-3.12584],[31.87597,-3.12461],[31.87332,-3.1208],[31.86289,-3.11944],[31.85466,-3.11329],[31.85155,-3.10531],[31.8548,-3.09829],[31.84826,-3.08668],[31.83178,-3.08898],[31.82254,-3.09451],[31.82422,-3.07397],[31.83289,-3.06422],[31.83358,-3.0591],[31.84011,-3.04568],[31.84016,-3.03955],[31.83677,-3.02787],[31.83839,-3.01795],[31.83842,-3.00938],[31.83014,-3.00153],[31.8282,-2.99643],[31.82754,-2.98869],[31.82573,-2.98505],[31.8113,-2.97933],[31.80852,-2.97124],[31.81494,-2.96839],[31.82677,-2.97117],[31.83929,-2.96794],[31.84537,-2.96848]]]},"properties":{"region":"Geita","district":"Chato","ward":"Butengorumasa","ward_code":"191"}},{"type":"Feature","geometry":{"type":"Polygon","coordinates":[[[31.8882,-3.15315],[31.8928,-3.15267],[31.90503,-3.14211],[31.90864,-3.14828],[31.91653,-3.15445],[31.91649,-3.15961],[31.91482,-3.16411],[31.90678,-3.17196],[31.89692,-3.18611],[31.89027,-3.18088],[31.88303,-3.18038],[31.88652,-3.19517],[31.88293,-3.21047],[31.87725,-3.21177],[31.87479,-3.21052],[31.87279,-3.21146],[31.86973,-3.21016],[31.86852,-3.21137],[31.86563,-3.21169],[31.86356,-3.21384],[31.86,-3.21271],[31.85749,-3.21365],[31.8561,-3.21234],[31.85256,-3.21207],[31.85036,-3.21369],[31.84978,-3.21546],[31.84648,-3.21518],[31.8422,-3.21898],[31.84241,-3.22016],[31.83839,-3.22666],[31.83323,-3.22732],[31.81696,-3.23684],[31.8156,-3.23923],[31.8119,-3.24177],[31.80977,-3.24166],[31.80864,-3.24506],[31.80654,-3.24603],[31.80493,-3.24543],[31.80336,-3.24685],[31.80349,-3.24823],[31.80055,-3.24833],[31.79851,-3.24968],[31.79735,-3.24902],[31.79606,-3.2506],[31.79082,-3.25139],[31.78871,-3.25332],[31.78565,-3.25342],[31.78597,-3.25497],[31.78439,-3.25497],[31.78248,-3.25917],[31.78036,-3.25944],[31.77374,-3.26392],[31.77163,-3.26324],[31.77008,-3.26588],[31.76338,-3.26734],[31.7625,-3.26899],[31.76074,-3.26837],[31.76004,-3.27003],[31.75838,-3.27006],[31.75649,-3.27165],[31.755,-3.27101],[31.75531,-3.27344],[31.75392,-3.2752],[31.75346,-3.27792],[31.75107,-3.27934],[31.75044,-3.28177],[31.74579,-3.28515],[31.74035,-3.28565],[31.73989,-3.28739],[31.73648,-3.28861],[31.73486,-3.29134],[31.73225,-3.29165],[31.73041,-3.29363],[31.72777,-3.29463],[31.72453,-3.29809],[31.72666,-3.3],[31.72673,-3.30281],[31.72461,-3.30837],[31.71961,-3.30938],[31.71552,-3.31792],[31.7128,-3.31762],[31.71088,-3.32108],[31.70626,-3.34142],[31.71054,-3.35758],[31.71015,-3.36235],[31.71285,-3.36943],[31.71142,-3.37982],[31.70952,-3.38385],[31.70592,-3.38748],[31.70469,-3.39057],[31.70287,-3.39233],[31.70119,-3.39234],[31.69831,-3.39588],[31.6941,-3.39429],[31.69174,-3.39486],[31.6888,-3.39599],[31.68269,-3.4006],[31.67531,-3.40151],[31.67563,-3.40072],[31.675,-3.40094],[31.67408,-3.39869],[31.67227,-3.3985],[31.6724,-3.39405],[31.66851,-3.39198],[31.6687,-3.3912],[31.6632,-3.3844],[31.66083,-3.38273],[31.6565,-3.37597],[31.65582,-3.37341],[31.65928,-3.36913],[31.6577,-3.36608],[31.65637,-3.36586],[31.65678,-3.36444],[31.65292,-3.36061],[31.65393,-3.35757],[31.65289,-3.34922],[31.64818,-3.34464],[31.64801,-3.34046],[31.64956,-3.33586],[31.64899,-3.33357],[31.6523,-3.33079],[31.65404,-3.32474],[31.65757,-3.32337],[31.65669,-3.32294],[31.65817,-3.32121],[31.65718,-3.32119],[31.65829,-3.31851],[31.6568,-3.31876],[31.656,-3.31542],[31.65671,-3.31346],[31.65573,-3.31244],[31.65684,-3.3115],[31.65685,-3.31004],[31.65798,-3.31006],[31.65869,-3.30869],[31.65728,-3.30756],[31.66182,-3.30401],[31.66328,-3.30071],[31.66386,-3.30104],[31.66478,-3.29966],[31.66601,-3.2945],[31.66505,-3.29317],[31.66685,-3.29242],[31.66695,-3.28868],[31.6756,-3.27507],[31.67811,-3.27195],[31.68041,-3.27072],[31.68368,-3.26552],[31.68525,-3.26227],[31.68411,-3.26045],[31.685,-3.25664],[31.68704,-3.25301],[31.68899,-3.25246],[31.69044,-3.24816],[31.69387,-3.24574],[31.69425,-3.24117],[31.69659,-3.23966],[31.69559,-3.23749],[31.69724,-3.23177],[31.69656,-3.22891],[31.69866,-3.22595],[31.7002,-3.22615],[31.70617,-3.22087],[31.70727,-3.2218],[31.71089,-3.21972],[31.71735,-3.21423],[31.72113,-3.21293],[31.72188,-3.21351],[31.7228,-3.21155],[31.72397,-3.21262],[31.72555,-3.21207],[31.72463,-3.21061],[31.72796,-3.2106],[31.72909,-3.20821],[31.73663,-3.20698],[31.7376,-3.20767],[31.74012,-3.20483],[31.74251,-3.20363],[31.74348,-3.20445],[31.74372,-3.20294],[31.74574,-3.20232],[31.74685,-3.20303],[31.75139,-3.20044],[31.75196,-3.19904],[31.75435,-3.2004],[31.75588,-3.19971],[31.75621,-3.20053],[31.75867,-3.19916],[31.76118,-3.20085],[31.76173,-3.1999],[31.76383,-3.20067],[31.76581,-3.19867],[31.76887,-3.19748],[31.79077,-3.19097],[31.79927,-3.18438],[31.80112,-3.18435],[31.80225,-3.1832],[31.81062,-3.17318],[31.81383,-3.17111],[31.81572,-3.16802],[31.81709,-3.16765],[31.82011,-3.14184],[31.81452,-3.12864],[31.81493,-3.11607],[31.82075,-3.10218],[31.82254,-3.09451],[31.83178,-3.08898],[31.84826,-3.08668],[31.8548,-3.09829],[31.85155,-3.10531],[31.85466,-3.11329],[31.86289,-3.11944],[31.87332,-3.1208],[31.87597,-3.12461],[31.87969,-3.12584],[31.88214,-3.13116],[31.88533,-3.13501],[31.8834,-3.14315],[31.88331,-3.15162],[31.8882,-3.15315]]]},"properties":{"region":"Geita","district":"Chato","ward":"Iparamasa","ward_code":"201"}},{"type":"Feature","geometry":{"type":"Polygon","coordinates":[[[31.6174,-2.916],[31.67696,-2.91808],[31.68309,-2.91684],[31.68068,-2.92977],[31.67795,-2.93244],[31.67616,-2.93679],[31.67474,-2.93767],[31.67684,-2.93866],[31.68254,-2.93853],[31.691,-2.94432],[31.67873,-2.96468],[31.66984,-2.98414],[31.66587,-2.9856],[31.66381,-2.98932],[31.66348,-2.9922],[31.66149,-2.99491],[31.66136,-2.99851],[31.65808,-3.0041],[31.65279,-3.00793],[31.65336,-3.01154],[31.63669,-3.04348],[31.64674,-3.08398],[31.62514,-3.14283],[31.64452,-3.18138],[31.65291,-3.18828],[31.64905,-3.19452],[31.61177,-3.2254],[31.60936,-3.23088],[31.60268,-3.23181],[31.59794,-3.22994],[31.59056,-3.23156],[31.56559,-3.23269],[31.55682,-3.22923],[31.559,-3.22276],[31.5584,-3.22035],[31.56051,-3.21184],[31.56056,-3.19903],[31.56269,-3.18694],[31.56129,-3.17755],[31.55585,-3.17304],[31.55751,-3.16982],[31.55441,-3.16416],[31.55615,-3.159],[31.55485,-3.15703],[31.55691,-3.14528],[31.55505,-3.13738],[31.5585,-3.13556],[31.55814,-3.13281],[31.56023,-3.12986],[31.56017,-3.12495],[31.56089,-3.12393],[31.56015,-3.12231],[31.5602,-3.11445],[31.55788,-3.11331],[31.5571,-3.11127],[31.55807,-3.10749],[31.55577,-3.10249],[31.55655,-3.09699],[31.5536,-3.09272],[31.55522,-3.0796],[31.55726,-3.07858],[31.55693,-3.07609],[31.55557,-3.07505],[31.55646,-3.07465],[31.55652,-3.06821],[31.55834,-3.06258],[31.55695,-3.06123],[31.55728,-3.05909],[31.55639,-3.05834],[31.55355,-3.04469],[31.55429,-3.03983],[31.55347,-3.03789],[31.55331,-3.02736],[31.55019,-3.01977],[31.55042,-3.0164],[31.54839,-3.01359],[31.54269,-2.99802],[31.54358,-2.99426],[31.54311,-2.98705],[31.55515,-2.97587],[31.56572,-2.97106],[31.57393,-2.96383],[31.57912,-2.96265],[31.59078,-2.94732],[31.60016,-2.94943],[31.60791,-2.94288],[31.61182,-2.93696],[31.61946,-2.92158],[31.6174,-2.916]]]},"properties":{"region":"Geita","district":"Chato","ward":"Buziku","ward_code":"153"}},{"type":"Feature","geometry":{"type":"Polygon","coordinates":[[[31.66907,-2.85883],[31.67438,-2.86787],[31.68068,-2.87142],[31.69645,-2.87294],[31.69305,-2.87795],[31.68363,-2.88546],[31.68309,-2.91684],[31.67696,-2.91808],[31.6174,-2.916],[31.61946,-2.92158],[31.61182,-2.93696],[31.60791,-2.94288],[31.60016,-2.94943],[31.59078,-2.94732],[31.57912,-2.96265],[31.57393,-2.96383],[31.56572,-2.97106],[31.55515,-2.97587],[31.54311,-2.98705],[31.54358,-2.99426],[31.54269,-2.99802],[31.54839,-3.01359],[31.55042,-3.0164],[31.55019,-3.01977],[31.55331,-3.02736],[31.55347,-3.03789],[31.55429,-3.03983],[31.55355,-3.04469],[31.55639,-3.05834],[31.55728,-3.05909],[31.55695,-3.06123],[31.55834,-3.06258],[31.55652,-3.06821],[31.55646,-3.07465],[31.55557,-3.07505],[31.55693,-3.07609],[31.55726,-3.07858],[31.55522,-3.0796],[31.5536,-3.09272],[31.55655,-3.09699],[31.55577,-3.10249],[31.55807,-3.10749],[31.5571,-3.11127],[31.55788,-3.11331],[31.5602,-3.11445],[31.56015,-3.12231],[31.56089,-3.12393],[31.56017,-3.12495],[31.56023,-3.12986],[31.55814,-3.13281],[31.5585,-3.13556],[31.55572,-3.13667],[31.5549,-3.13892],[31.54779,-3.13002],[31.54418,-3.12216],[31.54415,-3.11224],[31.53788,-3.09705],[31.53407,-3.09192],[31.52794,-3.08605],[31.52607,-3.08123],[31.52225,-3.07844],[31.51499,-3.0694],[31.51439,-3.06579],[31.51235,-3.06381],[31.50478,-3.0398],[31.49861,-3.02951],[31.49742,-3.0218],[31.49516,-3.01864],[31.49517,-3.01664],[31.49229,-3.01388],[31.48478,-3.00055],[31.48262,-2.99844],[31.48239,-2.99484],[31.47814,-2.9905],[31.47667,-2.99045],[31.47362,-2.98768],[31.46957,-2.97671],[31.46692,-2.97361],[31.4646,-2.96239],[31.47136,-2.92926],[31.48043,-2.92223],[31.47608,-2.90832],[31.48467,-2.90868],[31.49124,-2.90726],[31.50378,-2.88649],[31.51753,-2.89889],[31.52212,-2.90227],[31.52577,-2.90291],[31.52983,-2.90759],[31.53105,-2.90712],[31.53151,-2.90998],[31.54188,-2.91376],[31.53989,-2.9166],[31.54095,-2.9347],[31.56007,-2.94168],[31.56816,-2.94645],[31.57484,-2.94605],[31.57542,-2.94046],[31.57372,-2.93142],[31.57309,-2.91592],[31.5771,-2.90655],[31.57668,-2.90476],[31.57791,-2.90355],[31.57946,-2.89317],[31.58112,-2.88843],[31.58384,-2.88385],[31.59258,-2.87436],[31.5939,-2.86879],[31.5924,-2.86628],[31.59318,-2.86311],[31.60669,-2.85968],[31.61142,-2.86105],[31.62103,-2.85979],[31.63409,-2.85216],[31.63926,-2.85126],[31.64958,-2.84726],[31.66388,-2.85271],[31.66452,-2.85533],[31.66907,-2.85883]]]},"properties":{"region":"Geita","district":"Chato","ward":"Nyarutembo","ward_code":"161"}},{"type":"Feature","geometry":{"type":"Polygon","coordinates":[[[31.76065,-2.9932],[31.76419,-2.9979],[31.76486,-3.00327],[31.76768,-3.00819],[31.76647,-3.01602],[31.76814,-3.02027],[31.76854,-3.02831],[31.76755,-3.03305],[31.76874,-3.03755],[31.76768,-3.04175],[31.7693,-3.04461],[31.76749,-3.05207],[31.76997,-3.0611],[31.77014,-3.06869],[31.77269,-3.07682],[31.77405,-3.07852],[31.77556,-3.0948],[31.7779,-3.09803],[31.77762,-3.10172],[31.7801,-3.10653],[31.77915,-3.11237],[31.77674,-3.11897],[31.7799,-3.12345],[31.78616,-3.12517],[31.78776,-3.12994],[31.78825,-3.14295],[31.78041,-3.1397],[31.77057,-3.13378],[31.74904,-3.11449],[31.73959,-3.11402],[31.72794,-3.1113],[31.71751,-3.11242],[31.70653,-3.10933],[31.70707,-3.10538],[31.71168,-3.10179],[31.71513,-3.09491],[31.71767,-3.09205],[31.71722,-3.07478],[31.70061,-3.05171],[31.70249,-3.04881],[31.71454,-3.04107],[31.71746,-3.03283],[31.72427,-3.02575],[31.72578,-3.02285],[31.72489,-3.01803],[31.72704,-3.01603],[31.72918,-3.0046],[31.73099,-3.00148],[31.7271,-2.98951],[31.73143,-2.97982],[31.73407,-2.9793],[31.73848,-2.97378],[31.74353,-2.97201],[31.74559,-2.96737],[31.74849,-2.96489],[31.75015,-2.95857],[31.74923,-2.94032],[31.75955,-2.94724],[31.76163,-2.9511],[31.7687,-2.95632],[31.77077,-2.95908],[31.76547,-2.97284],[31.76561,-2.97558],[31.76236,-2.98307],[31.76222,-2.98559],[31.76018,-2.98705],[31.76065,-2.9932]]]},"properties":{"region":"Geita","district":"Chato","ward":"Bwanga","ward_code":"213"}},{"type":"Feature","geometry":{"type":"Polygon","coordinates":[[[31.74923,-2.94032],[31.75015,-2.95857],[31.74849,-2.96489],[31.74559,-2.96737],[31.74353,-2.97201],[31.73848,-2.97378],[31.73407,-2.9793],[31.73143,-2.97982],[31.7271,-2.98951],[31.73099,-3.00148],[31.72918,-3.0046],[31.72704,-3.01603],[31.72489,-3.01803],[31.72578,-3.02285],[31.72427,-3.02575],[31.71746,-3.03283],[31.71454,-3.04107],[31.70249,-3.04881],[31.70061,-3.05171],[31.71722,-3.07478],[31.71767,-3.09205],[31.71513,-3.09491],[31.71168,-3.10179],[31.70707,-3.10538],[31.70653,-3.10933],[31.67224,-3.14621],[31.66919,-3.14813],[31.65385,-3.14875],[31.65138,-3.15551],[31.65044,-3.16676],[31.64452,-3.18138],[31.62514,-3.14283],[31.64674,-3.08398],[31.63669,-3.04348],[31.65336,-3.01154],[31.65279,-3.00793],[31.65808,-3.0041],[31.66136,-2.99851],[31.66149,-2.99491],[31.66348,-2.9922],[31.66381,-2.98932],[31.66587,-2.9856],[31.66984,-2.98414],[31.67873,-2.96468],[31.6876,-2.95039],[31.71598,-2.94996],[31.72799,-2.9509],[31.74468,-2.94423],[31.74923,-2.94032]]]},"properties":{"region":"Geita","district":"Chato","ward":"Bwera","ward_code":"221"}},{"type":"Feature","geometry":{"type":"Polygon","coordinates":[[[31.77435,-2.96237],[31.78562,-2.9672],[31.79692,-2.96704],[31.80852,-2.97124],[31.8113,-2.97933],[31.82573,-2.98505],[31.82754,-2.98869],[31.8282,-2.99643],[31.83014,-3.00153],[31.83842,-3.00938],[31.83839,-3.01795],[31.83677,-3.02787],[31.84016,-3.03955],[31.84011,-3.04568],[31.83358,-3.0591],[31.83289,-3.06422],[31.82422,-3.07397],[31.82254,-3.09451],[31.82075,-3.10218],[31.81493,-3.11607],[31.81452,-3.12864],[31.82011,-3.14184],[31.81709,-3.16765],[31.81572,-3.16802],[31.81383,-3.17111],[31.81062,-3.17318],[31.80225,-3.1832],[31.79508,-3.15133],[31.78825,-3.14295],[31.78776,-3.12994],[31.78616,-3.12517],[31.7799,-3.12345],[31.77674,-3.11897],[31.77915,-3.11237],[31.7801,-3.10653],[31.77762,-3.10172],[31.7779,-3.09803],[31.77556,-3.0948],[31.77405,-3.07852],[31.77269,-3.07682],[31.77014,-3.06869],[31.76997,-3.0611],[31.76749,-3.05207],[31.7693,-3.04461],[31.76768,-3.04175],[31.76874,-3.03755],[31.76755,-3.03305],[31.76854,-3.02831],[31.76814,-3.02027],[31.76647,-3.01602],[31.76768,-3.00819],[31.76486,-3.00327],[31.76419,-2.9979],[31.76084,-2.99386],[31.75999,-2.98792],[31.76222,-2.98559],[31.76236,-2.98307],[31.76561,-2.97558],[31.76547,-2.97284],[31.77077,-2.95908],[31.77277,-2.95967],[31.77435,-2.96237]]]},"properties":{"region":"Geita","district":"Chato","ward":"Minkoto","ward_code":"231"}},{"type":"Feature","geometry":{"type":"MultiPolygon","coordinates":[[[[32.04658,-2.47687],[32.04439,-2.47764],[32.04534,-2.47289],[32.04712,-2.47402],[32.04658,-2.47687]]],[[[31.85701,-2.47908],[31.85521,-2.48012],[31.84757,-2.47839],[31.84685,-2.47468],[31.84833,-2.47095],[31.8521,-2.47185],[31.85553,-2.47502],[31.85701,-2.47908]]],[[[32.03834,-2.50617],[32.04379,-2.50959],[32.04539,-2.51528],[32.04627,-2.52458],[32.04308,-2.52616],[32.03215,-2.52808],[32.03004,-2.53261],[32.02732,-2.54029],[32.02623,-2.5515],[32.03469,-2.55834],[32.0276,-2.56926],[32.02127,-2.5711],[32.02629,-2.57815],[32.02304,-2.58557],[32.02212,-2.59008],[32.00491,-2.59015],[32.0,-2.58422],[31.99495,-2.57447],[31.99528,-2.5654],[31.99808,-2.56008],[32.00487,-2.55759],[32.00759,-2.55865],[32.01121,-2.5558],[32.01135,-2.5443],[32.00993,-2.54262],[32.00956,-2.54373],[32.00135,-2.54301],[31.99794,-2.53973],[31.99765,-2.53196],[31.99575,-2.52672],[31.99761,-2.52317],[32.00255,-2.52146],[32.00297,-2.51909],[32.00201,-2.51517],[32.00039,-2.51333],[32.00155,-2.51094],[31.99872,-2.508],[31.99583,-2.50705],[31.99485,-2.50886],[31.99269,-2.51011],[31.98946,-2.50861],[31.98929,-2.50527],[31.98769,-2.50231],[31.98353,-2.49887],[31.98329,-2.49315],[31.98834,-2.49305],[31.99178,-2.49483],[31.99712,-2.49425],[31.99914,-2.48968],[32.00498,-2.4874],[32.00721,-2.48021],[32.00896,-2.48189],[32.01149,-2.48211],[32.01258,-2.48686],[32.01127,-2.4896],[32.01466,-2.49449],[32.01403,-2.49594],[32.01505,-2.49863],[32.01483,-2.50903],[32.01621,-2.50978],[32.01882,-2.50857],[32.0265,-2.50874],[32.02674,-2.50654],[32.02403,-2.50183],[32.0253,-2.49685],[32.0269,-2.49492],[32.02667,-2.49224],[32.03122,-2.48433],[32.03226,-2.47986],[32.02809,-2.47938],[32.02801,-2.47368],[32.02942,-2.47031],[32.03111,-2.46915],[32.03265,-2.47095],[32.03324,-2.47355],[32.0404,-2.47597],[32.03909,-2.48214],[32.03622,-2.48376],[32.03569,-2.48775],[32.03794,-2.48994],[32.03647,-2.49596],[32.03825,-2.49815],[32.03834,-2.50617]]],[[[31.93131,-2.38407],[31.92903,-2.38664],[31.92595,-2.38652],[31.92489,-2.38468],[31.92852,-2.38176],[31.93131,-2.38407]]],[[[31.92287,-2.38099],[31.92229,-2.3802],[31.92466,-2.37726],[31.92471,-2.37792],[31.92287,-2.38099]]],[[[31.91872,-2.36959],[31.91645,-2.37189],[31.91574,-2.37067],[31.91872,-2.36959]]],[[[31.92306,-2.3661],[31.92199,-2.36714],[31.92254,-2.36489],[31.92306,-2.3661]]],[[[31.79528,-2.34334],[31.79359,-2.34385],[31.79005,-2.34187],[31.78821,-2.33871],[31.79139,-2.33334],[31.79411,-2.33293],[31.79892,-2.33528],[31.79952,-2.33892],[31.79528,-2.34334]]],[[[31.75956,-2.28253],[31.75346,-2.28624],[31.74817,-2.28233],[31.75008,-2.28025],[31.75277,-2.27131],[31.75391,-2.27063],[31.75527,-2.27616],[31.75956,-2.28253]]],[[[31.75448,-2.26529],[31.75363,-2.26714],[31.7522,-2.26688],[31.75193,-2.26462],[31.75308,-2.26303],[31.75448,-2.26529]]],[[[31.81485,-2.19025],[31.81423,-2.19927],[31.81266,-2.20003],[31.81314,-2.20165],[31.81434,-2.20183],[31.81304,-2.20345],[31.81338,-2.20682],[31.80941,-2.21094],[31.80898,-2.21293],[31.80969,-2.21649],[31.81739,-2.22376],[31.82474,-2.2197],[31.8291,-2.21915],[31.83261,-2.21611],[31.83532,-2.21542],[31.83522,-2.21672],[31.83005,-2.21987],[31.83308,-2.22361],[31.8351,-2.22408],[31.84039,-2.21862],[31.84241,-2.21512],[31.84634,-2.21338],[31.84389,-2.21708],[31.84377,-2.21963],[31.8452,-2.22343],[31.8471,-2.22557],[31.84942,-2.22699],[31.85138,-2.2267],[31.85061,-2.2286],[31.85257,-2.22925],[31.85215,-2.23323],[31.85334,-2.23388],[31.8518,-2.23542],[31.85302,-2.23834],[31.85427,-2.23864],[31.85403,-2.24054],[31.85528,-2.24214],[31.8535,-2.24173],[31.85243,-2.24339],[31.85471,-2.24773],[31.85232,-2.25464],[31.84969,-2.25592],[31.85035,-2.25734],[31.84827,-2.26168],[31.84777,-2.26618],[31.84524,-2.26649],[31.84452,-2.26809],[31.84512,-2.27082],[31.85109,-2.27695],[31.85621,-2.28841],[31.85241,-2.29312],[31.86209,-2.29849],[31.85938,-2.31077],[31.86073,-2.31544],[31.86574,-2.31961],[31.86869,-2.31948],[31.87176,-2.31603],[31.87436,-2.3178],[31.87937,-2.31733],[31.88318,-2.32201],[31.88245,-2.32392],[31.88817,-2.32708],[31.89323,-2.32828],[31.89836,-2.32677],[31.91042,-2.31277],[31.92112,-2.30277],[31.91969,-2.3074],[31.92003,-2.30967],[31.91437,-2.3161],[31.91207,-2.32162],[31.91264,-2.32449],[31.91001,-2.33055],[31.90947,-2.33545],[31.9109,-2.33691],[31.90861,-2.34086],[31.90946,-2.34227],[31.91171,-2.34248],[31.91145,-2.34402],[31.9079,-2.34616],[31.90224,-2.3454],[31.89706,-2.34812],[31.88956,-2.361],[31.8892,-2.36398],[31.88946,-2.367],[31.89111,-2.37034],[31.89704,-2.37357],[31.91498,-2.38017],[31.91614,-2.38363],[31.91845,-2.38463],[31.91794,-2.3865],[31.91941,-2.38881],[31.92122,-2.38923],[31.92291,-2.38798],[31.92334,-2.3889],[31.92532,-2.38929],[31.92308,-2.39565],[31.91978,-2.39519],[31.91513,-2.40003],[31.91431,-2.40365],[31.91513,-2.40561],[31.9133,-2.40837],[31.91691,-2.40986],[31.92635,-2.40736],[31.92363,-2.41377],[31.92369,-2.41906],[31.91838,-2.41931],[31.91691,-2.42291],[31.9144,-2.42537],[31.91053,-2.42712],[31.91019,-2.43611],[31.88671,-2.44232],[31.8781,-2.45714],[31.86709,-2.46432],[31.85558,-2.46576],[31.84487,-2.4651],[31.84049,-2.46251],[31.83665,-2.45179],[31.83731,-2.44558],[31.83315,-2.42545],[31.83687,-2.42497],[31.84007,-2.41973],[31.84191,-2.40793],[31.84791,-2.39984],[31.85124,-2.38842],[31.84925,-2.3851],[31.84717,-2.37436],[31.84014,-2.3686],[31.83544,-2.35702],[31.83048,-2.35547],[31.82693,-2.35821],[31.82143,-2.35676],[31.81799,-2.34981],[31.81659,-2.34436],[31.81659,-2.34315],[31.82415,-2.33859],[31.82942,-2.33068],[31.83335,-2.32149],[31.83884,-2.31529],[31.83762,-2.31109],[31.83855,-2.30617],[31.82992,-2.30788],[31.82522,-2.31159],[31.82393,-2.31408],[31.81887,-2.31772],[31.80939,-2.32014],[31.79976,-2.32463],[31.79798,-2.32783],[31.79491,-2.32855],[31.79356,-2.32769],[31.79201,-2.32431],[31.79129,-2.316],[31.78916,-2.31125],[31.78511,-2.31327],[31.78333,-2.31766],[31.78084,-2.31814],[31.7781,-2.31683],[31.77501,-2.31009],[31.78115,-2.30567],[31.78141,-2.30175],[31.77867,-2.29631],[31.78233,-2.29717],[31.78381,-2.29997],[31.78661,-2.30125],[31.79303,-2.29831],[31.79427,-2.29422],[31.79227,-2.28838],[31.79279,-2.28686],[31.79541,-2.28396],[31.79755,-2.28477],[31.80125,-2.2823],[31.80273,-2.27242],[31.8061,-2.26682],[31.81204,-2.26093],[31.81371,-2.25784],[31.81366,-2.25356],[31.81765,-2.24587],[31.81575,-2.24273],[31.81242,-2.24625],[31.81,-2.24701],[31.80354,-2.25185],[31.79812,-2.25831],[31.79065,-2.26097],[31.78219,-2.25708],[31.7763,-2.24568],[31.77558,-2.24164],[31.77953,-2.22962],[31.78105,-2.22041],[31.77858,-2.21176],[31.78195,-2.21157],[31.80144,-2.19785],[31.80449,-2.19713],[31.81029,-2.19086],[31.81242,-2.18706],[31.81456,-2.18607],[31.81604,-2.18749],[31.81485,-2.19025]]]]},"properties":{"region":"Geita","district":"Geita","ward":"Nkome","ward_code":"053"}}]}