{"type":"FeatureCollection","features":[{"type":"Feature","geometry":{"type":"Polygon","coordinates":[[[31.05768,-1.26295],[31.07276,-1.27712],[31.08499,-1.29113],[31.099,-1.30798],[31.11765,-1.33302],[31.11063,-1.33885],[31.10263,-1.34117],[31.08731,-1.33298],[31.0847,-1.334],[31.0785,-1.33307],[31.06763,-1.32377],[31.0658,-1.32558],[31.06296,-1.32588],[31.04389,-1.34144],[31.0298,-1.31983],[31.02595,-1.31188],[31.01541,-1.31546],[31.01111,-1.31923],[31.00542,-1.31978],[31.00045,-1.31853],[30.99647,-1.30697],[30.99402,-1.30348],[30.99269,-1.29538],[30.99898,-1.28756],[31.00353,-1.27738],[31.00405,-1.27093],[31.0021,-1.26179],[30.99976,-1.25696],[30.99989,-1.25104],[31.01419,-1.25179],[31.02308,-1.27098],[31.02573,-1.26862],[31.03889,-1.26441],[31.03539,-1.23968],[31.04265,-1.22787],[31.05768,-1.26295]]]},"properties":{"region":"Kagera","district":"Karagwe","ward":"Igurwa","ward_code":"011"}},{"type":"Feature","geometry":{"type":"Polygon","coordinates":[[[31.00045,-1.31853],[31.01111,-1.31923],[31.01541,-1.31546],[31.02595,-1.31188],[31.0298,-1.31983],[31.04389,-1.34144],[31.06296,-1.32588],[31.0658,-1.32558],[31.06763,-1.32377],[31.0785,-1.33307],[31.0847,-1.334],[31.08731,-1.33298],[31.10263,-1.34117],[31.11063,-1.33885],[31.11765,-1.33302],[31.13378,-1.35511],[31.13428,-1.36221],[31.13375,-1.36351],[31.12099,-1.36449],[31.11737,-1.36347],[31.11555,-1.36161],[31.11127,-1.36427],[31.10004,-1.36688],[31.0976,-1.3712],[31.09573,-1.37076],[31.09219,-1.37357],[31.09361,-1.38002],[31.07857,-1.38242],[31.0741,-1.39041],[31.07206,-1.39771],[31.06438,-1.40202],[31.05747,-1.40208],[31.05201,-1.39484],[31.0262,-1.42601],[30.9972,-1.43255],[30.96281,-1.4265],[30.97533,-1.40794],[30.97884,-1.39726],[30.98375,-1.3746],[30.9848,-1.36137],[30.9871,-1.35445],[30.98658,-1.34934],[30.9848,-1.34511],[30.98767,-1.32373],[30.98595,-1.31909],[30.98544,-1.30193],[30.99269,-1.29538],[30.99402,-1.30348],[30.99647,-1.30697],[30.99958,-1.31704],[31.00045,-1.31853]]]},"properties":{"region":"Kagera","district":"Karagwe","ward":"Kanoni","ward_code":"021"}},{"type":"Feature","geometry":{"type":"Polygon","coordinates":[[[31.13832,-1.18622],[31.14226,-1.1896],[31.14865,-1.18758],[31.15628,-1.19047],[31.15895,-1.19375],[31.15863,-1.19715],[31.15982,-1.19981],[31.1644,-1.19728],[31.16482,-1.1955],[31.16294,-1.19046],[31.16448,-1.18909],[31.16973,-1.191],[31.17944,-1.19005],[31.18199,-1.19191],[31.18436,-1.19145],[31.18721,-1.18934],[31.19202,-1.18969],[31.19649,-1.19201],[31.20051,-1.19162],[31.20498,-1.19367],[31.20681,-1.19609],[31.20781,-1.20011],[31.20913,-1.20098],[31.21511,-1.20329],[31.22031,-1.20167],[31.22101,-1.20314],[31.21997,-1.20661],[31.22149,-1.20935],[31.22395,-1.20927],[31.22818,-1.20598],[31.2318,-1.20578],[31.2326,-1.21012],[31.23505,-1.21497],[31.24107,-1.21789],[31.24477,-1.21776],[31.25031,-1.22144],[31.25154,-1.22429],[31.25112,-1.22619],[31.24961,-1.22715],[31.24713,-1.22661],[31.24582,-1.22734],[31.24513,-1.22843],[31.24616,-1.22996],[31.24999,-1.23108],[31.25919,-1.22488],[31.26202,-1.2264],[31.26351,-1.22929],[31.26366,-1.23201],[31.2601,-1.23752],[31.26009,-1.2414],[31.26252,-1.24226],[31.26402,-1.23918],[31.26598,-1.23838],[31.26879,-1.239],[31.27837,-1.24872],[31.28334,-1.25813],[31.28745,-1.25814],[31.291,-1.2527],[31.29329,-1.25186],[31.29346,-1.25492],[31.29161,-1.25762],[31.29041,-1.2626],[31.29215,-1.26418],[31.30167,-1.26508],[31.30967,-1.26843],[31.31203,-1.26665],[31.31166,-1.26199],[31.30823,-1.25665],[31.30489,-1.25383],[31.30374,-1.2514],[31.30487,-1.25028],[31.30941,-1.24986],[31.31618,-1.25196],[31.32318,-1.25146],[31.32877,-1.24573],[31.33608,-1.24847],[31.34203,-1.24831],[31.34297,-1.24783],[31.34304,-1.24412],[31.34488,-1.24368],[31.3474,-1.24656],[31.3477,-1.25069],[31.34951,-1.25348],[31.3525,-1.25356],[31.35397,-1.25109],[31.35496,-1.25117],[31.35668,-1.2601],[31.36253,-1.27291],[31.36446,-1.26974],[31.36522,-1.26234],[31.3616,-1.25566],[31.36951,-1.24814],[31.37088,-1.24576],[31.37289,-1.24512],[31.37674,-1.24761],[31.37837,-1.24715],[31.3791,-1.23975],[31.39016,-1.24583],[31.39225,-1.2453],[31.39129,-1.25194],[31.3856,-1.2594],[31.38203,-1.26044],[31.3823,-1.26403],[31.37921,-1.26566],[31.37516,-1.27257],[31.37362,-1.27188],[31.36965,-1.27474],[31.36991,-1.27668],[31.36906,-1.27784],[31.3656,-1.27613],[31.3652,-1.27685],[31.36665,-1.27878],[31.36601,-1.27958],[31.36248,-1.27921],[31.36477,-1.28289],[31.36169,-1.28616],[31.36393,-1.28794],[31.35974,-1.28688],[31.35927,-1.28808],[31.3609,-1.28877],[31.35859,-1.28993],[31.36,-1.29208],[31.35404,-1.30106],[31.35266,-1.3012],[31.34957,-1.29761],[31.34868,-1.29944],[31.34646,-1.30074],[31.34414,-1.30064],[31.34504,-1.3037],[31.34238,-1.30332],[31.33548,-1.31151],[31.333,-1.31308],[31.33006,-1.31351],[31.33031,-1.3168],[31.32904,-1.31566],[31.32747,-1.31602],[31.32748,-1.3181],[31.3254,-1.31827],[31.32229,-1.32015],[31.31954,-1.32645],[31.31847,-1.32555],[31.31756,-1.32667],[31.31585,-1.3255],[31.31467,-1.33108],[31.31237,-1.33104],[31.3113,-1.33733],[31.30833,-1.33932],[31.30381,-1.34014],[31.30208,-1.33814],[31.29914,-1.33923],[31.29785,-1.34127],[31.29608,-1.34026],[31.29432,-1.34408],[31.29327,-1.34194],[31.29148,-1.34384],[31.28872,-1.34126],[31.28618,-1.34329],[31.28675,-1.3383],[31.28417,-1.33925],[31.28481,-1.34251],[31.27815,-1.34448],[31.27659,-1.34758],[31.27699,-1.34933],[31.27492,-1.34948],[31.2741,-1.35079],[31.27603,-1.35159],[31.27702,-1.35531],[31.27511,-1.3558],[31.27569,-1.35835],[31.2722,-1.36051],[31.27145,-1.36518],[31.26937,-1.36308],[31.26793,-1.36525],[31.26588,-1.3642],[31.26448,-1.36808],[31.2626,-1.36897],[31.26104,-1.37271],[31.25785,-1.37313],[31.25926,-1.37789],[31.25571,-1.38595],[31.25615,-1.39078],[31.25442,-1.39997],[31.25645,-1.40922],[31.25287,-1.41495],[31.24468,-1.43859],[31.23307,-1.44694],[31.22082,-1.44726],[31.21811,-1.45124],[31.21254,-1.45076],[31.20455,-1.45992],[31.20314,-1.46291],[31.20492,-1.47373],[31.20369,-1.47708],[31.20365,-1.48237],[31.20123,-1.48616],[31.19685,-1.49035],[31.19452,-1.50135],[31.17783,-1.48629],[31.15533,-1.47579],[31.15011,-1.46016],[31.15067,-1.44954],[31.15421,-1.44645],[31.1503,-1.43217],[31.15195,-1.43245],[31.15055,-1.41495],[31.14324,-1.39773],[31.14427,-1.38992],[31.13428,-1.36221],[31.13378,-1.35511],[31.099,-1.30798],[31.07276,-1.27712],[31.05768,-1.26295],[31.04265,-1.22787],[31.03541,-1.23079],[31.02364,-1.20421],[31.03568,-1.19259],[31.03779,-1.2006],[31.043,-1.20297],[31.04609,-1.20281],[31.05034,-1.20491],[31.06031,-1.20515],[31.06294,-1.20707],[31.06631,-1.20578],[31.07142,-1.20836],[31.07328,-1.20546],[31.07971,-1.20573],[31.08156,-1.20381],[31.08702,-1.20221],[31.09081,-1.19847],[31.09246,-1.19593],[31.09269,-1.19308],[31.09462,-1.19133],[31.09871,-1.19034],[31.10158,-1.19122],[31.10535,-1.18802],[31.10804,-1.18724],[31.1126,-1.19001],[31.11542,-1.18829],[31.12031,-1.18943],[31.12373,-1.18911],[31.12764,-1.18709],[31.12937,-1.18706],[31.13346,-1.18928],[31.13832,-1.18622]]]},"properties":{"region":"Kagera","district":"Karagwe","ward":"Kihanga","ward_code":"031"}},{"type":"Feature","geometry":{"type":"Polygon","coordinates":[[[31.12001,-1.36444],[31.13375,-1.36351],[31.13428,-1.36221],[31.14427,-1.38992],[31.14324,-1.39773],[31.15055,-1.41495],[31.15195,-1.43245],[31.1503,-1.43217],[31.15421,-1.44645],[31.15234,-1.44825],[31.14363,-1.44961],[31.139,-1.45273],[31.13265,-1.45359],[31.12999,-1.45122],[31.12839,-1.44733],[31.13032,-1.4423],[31.12426,-1.43179],[31.11565,-1.43339],[31.10617,-1.43199],[31.10045,-1.42735],[31.10279,-1.41709],[31.0814,-1.39453],[31.07272,-1.3938],[31.07857,-1.38242],[31.09361,-1.38002],[31.09219,-1.37357],[31.09573,-1.37076],[31.0976,-1.3712],[31.10004,-1.36688],[31.11127,-1.36427],[31.11555,-1.36161],[31.12001,-1.36444]]]},"properties":{"region":"Kagera","district":"Karagwe","ward":"Kituntu","ward_code":"041"}},{"type":"Feature","geometry":{"type":"Polygon","coordinates":[[[31.0814,-1.39453],[31.10279,-1.41709],[31.10045,-1.42735],[31.10617,-1.43199],[31.11565,-1.43339],[31.12426,-1.43179],[31.13032,-1.4423],[31.12839,-1.44733],[31.12999,-1.45122],[31.13265,-1.45359],[31.13996,-1.4524],[31.14363,-1.44961],[31.15226,-1.44825],[31.15048,-1.45037],[31.15011,-1.46016],[31.15533,-1.47579],[31.15304,-1.47535],[31.15279,-1.47697],[31.14781,-1.47842],[31.13427,-1.47881],[31.1295,-1.48364],[31.12544,-1.48496],[31.12129,-1.48425],[31.11995,-1.47868],[31.11219,-1.47627],[31.09838,-1.47619],[31.09275,-1.47812],[31.07907,-1.47725],[31.06931,-1.48646],[31.06831,-1.49501],[31.06136,-1.50729],[31.06195,-1.51141],[31.05455,-1.52106],[31.05031,-1.52541],[31.03828,-1.52807],[31.02591,-1.53451],[31.02605,-1.53962],[31.02036,-1.53938],[31.01899,-1.54422],[31.01114,-1.54954],[31.00793,-1.54397],[31.00288,-1.54269],[30.99431,-1.53636],[30.99023,-1.53673],[30.98604,-1.53281],[30.97417,-1.52622],[30.96814,-1.52697],[30.96716,-1.52355],[30.96425,-1.52211],[30.96052,-1.51753],[30.95577,-1.51657],[30.95535,-1.51472],[30.96208,-1.50312],[30.9629,-1.49731],[30.9702,-1.49236],[30.97515,-1.48713],[30.97636,-1.48354],[30.96403,-1.47945],[30.95981,-1.47914],[30.95773,-1.48047],[30.95388,-1.48047],[30.94004,-1.45241],[30.94386,-1.44592],[30.94532,-1.43861],[30.94446,-1.43466],[30.94821,-1.43491],[30.95266,-1.43377],[30.96036,-1.43009],[30.96281,-1.4265],[30.9972,-1.43255],[31.0262,-1.42601],[31.05201,-1.39484],[31.05747,-1.40208],[31.06438,-1.40202],[31.07206,-1.39771],[31.07272,-1.3938],[31.0814,-1.39453]]]},"properties":{"region":"Kagera","district":"Karagwe","ward":"Chanika","ward_code":"051"}},{"type":"Feature","geometry":{"type":"Polygon","coordinates":[[[31.17783,-1.48629],[31.19332,-1.50105],[31.19043,-1.52545],[31.19358,-1.53256],[31.19329,-1.53719],[31.19695,-1.54113],[31.19662,-1.54793],[31.19809,-1.55243],[31.20033,-1.55521],[31.18691,-1.55606],[31.17725,-1.5545],[31.16286,-1.55666],[31.15523,-1.55648],[31.14688,-1.5526],[31.14241,-1.54821],[31.11946,-1.5451],[31.11294,-1.54152],[31.1126,-1.53966],[31.11569,-1.52902],[31.11641,-1.52228],[31.11143,-1.51322],[31.11633,-1.50817],[31.12061,-1.50631],[31.12486,-1.50664],[31.12955,-1.50472],[31.14007,-1.49562],[31.1474,-1.49289],[31.1601,-1.4943],[31.16088,-1.48694],[31.16004,-1.48166],[31.16172,-1.47873],[31.17783,-1.48629]]]},"properties":{"region":"Kagera","district":"Karagwe","ward":"Kayanga","ward_code":"063"}},{"type":"Feature","geometry":{"type":"Polygon","coordinates":[[[31.15509,-1.55643],[31.16286,-1.55666],[31.17725,-1.5545],[31.18691,-1.55606],[31.20033,-1.55521],[31.20195,-1.55784],[31.20115,-1.56122],[31.20446,-1.56604],[31.20145,-1.57067],[31.20538,-1.57554],[31.20208,-1.58328],[31.20777,-1.59655],[31.20783,-1.60608],[31.16029,-1.60662],[31.1543,-1.6142],[31.14755,-1.61351],[31.14273,-1.61663],[31.14293,-1.61756],[31.13894,-1.62101],[31.13641,-1.62811],[31.13644,-1.63382],[31.12433,-1.62577],[31.1173,-1.62451],[31.11298,-1.6199],[31.11507,-1.61918],[31.11653,-1.61715],[31.11929,-1.61004],[31.12242,-1.59415],[31.12508,-1.59076],[31.12552,-1.58406],[31.12359,-1.57768],[31.12522,-1.57791],[31.12579,-1.56929],[31.12809,-1.56599],[31.12771,-1.55999],[31.12971,-1.55519],[31.12683,-1.54559],[31.14241,-1.54821],[31.14688,-1.5526],[31.15509,-1.55643]]]},"properties":{"region":"Kagera","district":"Karagwe","ward":"Bugene","ward_code":"073"}},{"type":"Feature","geometry":{"type":"Polygon","coordinates":[[[31.16172,-1.47874],[31.16004,-1.48166],[31.16088,-1.48694],[31.1601,-1.4943],[31.1474,-1.49289],[31.14007,-1.49562],[31.12955,-1.50472],[31.12486,-1.50664],[31.12061,-1.50631],[31.11633,-1.50817],[31.11143,-1.51322],[31.09628,-1.51054],[31.08847,-1.50721],[31.08763,-1.50014],[31.08876,-1.49676],[31.07728,-1.48684],[31.07422,-1.48231],[31.07907,-1.47725],[31.09275,-1.47812],[31.09838,-1.47619],[31.10558,-1.47587],[31.11219,-1.47627],[31.11995,-1.47868],[31.12129,-1.48425],[31.12544,-1.48496],[31.1295,-1.48364],[31.13427,-1.47881],[31.14781,-1.47842],[31.15279,-1.47697],[31.15304,-1.47535],[31.16172,-1.47874]]]},"properties":{"region":"Kagera","district":"Karagwe","ward":"Ndama","ward_code":"083"}},{"type":"Feature","geometry":{"type":"Polygon","coordinates":[[[31.3113,-1.33733],[31.30964,-1.34144],[31.31183,-1.34152],[31.31464,-1.3435],[31.3255,-1.34527],[31.33095,-1.34761],[31.33822,-1.35323],[31.33286,-1.42002],[31.35869,-1.42297],[31.35455,-1.42835],[31.35583,-1.43228],[31.35493,-1.43674],[31.3515,-1.44163],[31.34375,-1.46353],[31.34069,-1.46552],[31.33424,-1.47864],[31.3329,-1.49113],[31.33478,-1.49384],[31.33578,-1.49888],[31.33158,-1.50666],[31.33076,-1.5167],[31.33282,-1.52072],[31.33812,-1.54492],[31.35399,-1.54731],[31.36999,-1.54838],[31.36939,-1.55522],[31.37236,-1.56484],[31.35774,-1.5918],[31.32789,-1.60534],[31.30966,-1.58583],[31.29965,-1.59755],[31.29949,-1.60751],[31.29665,-1.60749],[31.29331,-1.62441],[31.27884,-1.6285],[31.26666,-1.62303],[31.28361,-1.65144],[31.26089,-1.66016],[31.25735,-1.66276],[31.24763,-1.66042],[31.243,-1.65704],[31.22708,-1.67181],[31.21501,-1.6717],[31.21772,-1.64287],[31.2098,-1.62564],[31.20717,-1.61674],[31.20826,-1.6116],[31.20777,-1.59655],[31.20208,-1.58328],[31.20538,-1.57554],[31.20145,-1.57067],[31.20446,-1.56604],[31.20115,-1.56122],[31.20195,-1.55784],[31.19809,-1.55243],[31.19662,-1.54793],[31.19695,-1.54113],[31.19329,-1.53719],[31.19358,-1.53256],[31.19043,-1.52545],[31.19332,-1.50105],[31.19452,-1.50135],[31.19685,-1.49035],[31.20123,-1.48616],[31.20365,-1.48237],[31.20369,-1.47708],[31.20492,-1.47373],[31.20314,-1.46291],[31.20455,-1.45992],[31.21254,-1.45076],[31.21811,-1.45124],[31.22082,-1.44726],[31.23307,-1.44694],[31.24468,-1.43859],[31.25287,-1.41495],[31.25645,-1.40922],[31.25442,-1.39997],[31.25615,-1.39078],[31.25571,-1.38595],[31.25926,-1.37789],[31.25785,-1.37313],[31.26104,-1.37271],[31.2626,-1.36897],[31.26448,-1.36808],[31.26588,-1.3642],[31.26793,-1.36525],[31.26937,-1.36308],[31.27145,-1.36518],[31.2722,-1.36051],[31.27569,-1.35835],[31.27511,-1.3558],[31.27702,-1.35531],[31.27603,-1.35159],[31.2741,-1.35079],[31.27492,-1.34948],[31.27699,-1.34933],[31.27659,-1.34758],[31.27815,-1.34448],[31.28481,-1.34251],[31.28417,-1.33925],[31.28675,-1.3383],[31.28618,-1.34329],[31.28872,-1.34126],[31.29148,-1.34384],[31.29327,-1.34194],[31.29432,-1.34408],[31.29608,-1.34026],[31.29785,-1.34127],[31.29914,-1.33923],[31.30208,-1.33814],[31.30381,-1.34014],[31.30833,-1.33932],[31.3113,-1.33733]]]},"properties":{"region":"Kagera","district":"Karagwe","ward":"Rugera","ward_code":"091"}},{"type":"Feature","geometry":{"type":"Polygon","coordinates":[[[31.20826,-1.6116],[31.20717,-1.61674],[31.2098,-1.62564],[31.21772,-1.64287],[31.21501,-1.6717],[31.19319,-1.67149],[31.17721,-1.66177],[31.16957,-1.65894],[31.16641,-1.66303],[31.15567,-1.66517],[31.15136,-1.66422],[31.14563,-1.66696],[31.13887,-1.67249],[31.13475,-1.67768],[31.13034,-1.68452],[31.12896,-1.68941],[31.12424,-1.69777],[31.12038,-1.70803],[31.1112,-1.7027],[31.1095,-1.69956],[31.10227,-1.7014],[31.09644,-1.6971],[31.08984,-1.69459],[31.08099,-1.68366],[31.07469,-1.68091],[31.0678,-1.68023],[31.0571,-1.67164],[31.0461,-1.67965],[31.04017,-1.67869],[31.03602,-1.67346],[31.0307,-1.65599],[31.02746,-1.65519],[31.01423,-1.63987],[31.00749,-1.63478],[31.00167,-1.62253],[30.99977,-1.61042],[31.01255,-1.61217],[31.02405,-1.62084],[31.04254,-1.62587],[31.05219,-1.62699],[31.07485,-1.62097],[31.07866,-1.61738],[31.08415,-1.60898],[31.08846,-1.60996],[31.0985,-1.61004],[31.09842,-1.61565],[31.10098,-1.62256],[31.10591,-1.61929],[31.11058,-1.61909],[31.11298,-1.6199],[31.1173,-1.62451],[31.12433,-1.62577],[31.13644,-1.63382],[31.13641,-1.62811],[31.13894,-1.62101],[31.14293,-1.61756],[31.14273,-1.61663],[31.14755,-1.61351],[31.1543,-1.6142],[31.16029,-1.60662],[31.20783,-1.60608],[31.20826,-1.6116]]]},"properties":{"region":"Kagera","district":"Karagwe","ward":"Nyakahanga","ward_code":"203"}},{"type":"Feature","geometry":{"type":"Polygon","coordinates":[[[31.12579,-1.56929],[31.12522,-1.57791],[31.12359,-1.57768],[31.12552,-1.58406],[31.12508,-1.59076],[31.12242,-1.59415],[31.11929,-1.61004],[31.11507,-1.61918],[31.11298,-1.6199],[31.10782,-1.61883],[31.10098,-1.62256],[31.09842,-1.61565],[31.0985,-1.61004],[31.08846,-1.60996],[31.08415,-1.60898],[31.08916,-1.60348],[31.09548,-1.56252],[31.09745,-1.53102],[31.09628,-1.51054],[31.11143,-1.51322],[31.11641,-1.52228],[31.11569,-1.52902],[31.1126,-1.53966],[31.11294,-1.54152],[31.11946,-1.5451],[31.12683,-1.54559],[31.12971,-1.55519],[31.12771,-1.55999],[31.12809,-1.56599],[31.12579,-1.56929]]]},"properties":{"region":"Kagera","district":"Karagwe","ward":"Ihanda","ward_code":"211"}},{"type":"Feature","geometry":{"type":"Polygon","coordinates":[[[31.09745,-1.53102],[31.09548,-1.56252],[31.08916,-1.60348],[31.08415,-1.60898],[31.07866,-1.61738],[31.07485,-1.62097],[31.05219,-1.62699],[31.04254,-1.62587],[31.02405,-1.62084],[31.01255,-1.61217],[30.99977,-1.61042],[30.99457,-1.60544],[30.98585,-1.60023],[30.98259,-1.59526],[30.97713,-1.58018],[30.97575,-1.5788],[30.97061,-1.57704],[30.97289,-1.57258],[30.98814,-1.56423],[30.99373,-1.55669],[30.99698,-1.55061],[30.99554,-1.54633],[30.99689,-1.53879],[31.00288,-1.54269],[31.00793,-1.54397],[31.01114,-1.54954],[31.01899,-1.54422],[31.02036,-1.53938],[31.02605,-1.53962],[31.02591,-1.53451],[31.03828,-1.52807],[31.05031,-1.52541],[31.06195,-1.51141],[31.06136,-1.50729],[31.06831,-1.49501],[31.06931,-1.48646],[31.07422,-1.48231],[31.07728,-1.48684],[31.08876,-1.49676],[31.08763,-1.50014],[31.08847,-1.50721],[31.09628,-1.51054],[31.09745,-1.53102]]]},"properties":{"region":"Kagera","district":"Karagwe","ward":"Chonyonyo","ward_code":"221"}},{"type":"Feature","geometry":{"type":"Polygon","coordinates":[[[31.17721,-1.66177],[31.19319,-1.67149],[31.21501,-1.6717],[31.21932,-1.69723],[31.21472,-1.71232],[31.20407,-1.7257],[31.19835,-1.75582],[31.19433,-1.75476],[31.17662,-1.75398],[31.17198,-1.75589],[31.1659,-1.75692],[31.14902,-1.75833],[31.13806,-1.76463],[31.13391,-1.7645],[31.13155,-1.74944],[31.13361,-1.74498],[31.13066,-1.72884],[31.13595,-1.70592],[31.14083,-1.69344],[31.14063,-1.68875],[31.14296,-1.67792],[31.14733,-1.67714],[31.14978,-1.67122],[31.14563,-1.66696],[31.15136,-1.66422],[31.15567,-1.66517],[31.16641,-1.66303],[31.16957,-1.65894],[31.17721,-1.66177]]]},"properties":{"region":"Kagera","district":"Karagwe","ward":"Ihembe","ward_code":"101"}},{"type":"Feature","geometry":{"type":"Polygon","coordinates":[[[31.13595,-1.70592],[31.13066,-1.72884],[31.13361,-1.74498],[31.13155,-1.74944],[31.13391,-1.7645],[31.13296,-1.76831],[31.13289,-1.77731],[31.13171,-1.78116],[31.13511,-1.79153],[31.13342,-1.79233],[31.13376,-1.79972],[31.13002,-1.79893],[31.11289,-1.80464],[31.10824,-1.80494],[31.07865,-1.81274],[31.05463,-1.81383],[31.04353,-1.76652],[31.03844,-1.76468],[31.03598,-1.75789],[31.045,-1.74597],[31.07175,-1.73857],[31.07453,-1.73318],[31.07277,-1.72141],[31.07027,-1.71623],[31.0678,-1.68023],[31.07469,-1.68091],[31.08099,-1.68366],[31.08984,-1.69459],[31.09644,-1.6971],[31.10227,-1.7014],[31.1095,-1.69956],[31.1112,-1.7027],[31.12038,-1.70803],[31.12424,-1.69777],[31.12896,-1.68941],[31.13034,-1.68452],[31.13475,-1.67768],[31.13887,-1.67249],[31.14563,-1.66696],[31.14673,-1.66724],[31.14978,-1.67122],[31.14733,-1.67714],[31.14296,-1.67792],[31.14063,-1.68875],[31.14083,-1.69344],[31.13595,-1.70592]]]},"properties":{"region":"Kagera","district":"Karagwe","ward":"Nyaishozi","ward_code":"111"}},{"type":"Feature","geometry":{"type":"Polygon","coordinates":[[[31.19835,-1.75582],[31.19504,-1.77321],[31.19651,-1.8023],[31.22408,-1.828],[31.24835,-1.85837],[31.28695,-1.88775],[31.28887,-1.9021],[31.29283,-1.90755],[31.30042,-1.91076],[31.31343,-1.91229],[31.31969,-1.90733],[31.341,-1.91783],[31.35311,-1.93387],[31.35883,-1.95115],[31.34166,-1.98427],[31.33598,-1.99229],[31.33088,-1.99598],[31.32191,-2.00034],[31.31065,-2.01465],[31.30471,-2.01185],[31.28812,-2.0146],[31.27041,-2.01511],[31.25795,-2.01926],[31.26193,-2.02934],[31.27754,-2.03779],[31.28279,-2.04996],[31.29139,-2.04211],[31.29342,-2.04823],[31.29913,-2.04912],[31.30029,-2.0458],[31.30514,-2.04967],[31.30207,-2.05432],[31.30337,-2.05829],[31.30753,-2.0594],[31.31002,-2.06179],[31.30741,-2.06544],[31.30959,-2.06849],[31.3119,-2.0675],[31.31219,-2.0771],[31.31877,-2.0755],[31.31818,-2.08699],[31.32548,-2.08751],[31.32344,-2.09994],[31.32561,-2.11935],[31.33104,-2.12234],[31.33613,-2.11712],[31.34148,-2.12508],[31.3384,-2.13356],[31.33174,-2.13724],[31.3408,-2.14484],[31.33727,-2.15061],[31.33176,-2.15151],[31.32389,-2.15858],[31.32151,-2.16384],[31.32623,-2.16798],[31.3266,-2.17797],[31.33713,-2.18751],[31.34511,-2.19],[31.34521,-2.19673],[31.32977,-2.18811],[31.32601,-2.18431],[31.31938,-2.18306],[31.31883,-2.18009],[31.31589,-2.17832],[31.31121,-2.18188],[31.3068,-2.18773],[31.30988,-2.19986],[31.30689,-2.20752],[31.30656,-2.21672],[31.27776,-2.20176],[31.06581,-2.25903],[31.04661,-2.25912],[31.04877,-2.24333],[31.04688,-2.22832],[31.0472,-2.21429],[31.04959,-2.1959],[31.05521,-2.18695],[31.0641,-2.16797],[31.07211,-2.14596],[31.07628,-2.12722],[31.07962,-2.08566],[31.09272,-2.0509],[31.09843,-2.03951],[31.11317,-2.02347],[31.13582,-1.98782],[31.13842,-1.98108],[31.14065,-1.965],[31.1448,-1.95426],[31.14638,-1.94097],[31.15027,-1.93047],[31.15353,-1.91762],[31.15445,-1.90178],[31.16326,-1.86053],[31.14258,-1.85962],[31.14259,-1.85585],[31.14575,-1.85115],[31.14734,-1.8402],[31.14564,-1.83084],[31.14778,-1.82053],[31.14446,-1.8051],[31.14637,-1.79404],[31.1448,-1.79443],[31.14156,-1.79173],[31.14145,-1.79028],[31.13511,-1.79153],[31.13171,-1.78116],[31.13289,-1.77731],[31.13296,-1.76831],[31.13391,-1.7645],[31.13806,-1.76463],[31.14902,-1.75833],[31.1659,-1.75692],[31.17198,-1.75589],[31.17662,-1.75398],[31.19433,-1.75476],[31.19835,-1.75582]]]},"properties":{"region":"Kagera","district":"Karagwe","ward":"Rugu","ward_code":"121"}},{"type":"Feature","geometry":{"type":"Polygon","coordinates":[[[31.14156,-1.79173],[31.1448,-1.79443],[31.14637,-1.79404],[31.14446,-1.8051],[31.14778,-1.82053],[31.14564,-1.83084],[31.14734,-1.8402],[31.14575,-1.85115],[31.14259,-1.85585],[31.14258,-1.85962],[31.16326,-1.86053],[31.15445,-1.90178],[31.15353,-1.91762],[31.15027,-1.93047],[31.14638,-1.94097],[31.1448,-1.95426],[31.14065,-1.965],[31.13842,-1.98108],[31.13582,-1.98782],[31.11317,-2.02347],[31.09843,-2.03951],[31.09272,-2.0509],[31.07962,-2.08566],[31.07628,-2.12722],[31.07211,-2.14596],[31.0641,-2.16797],[31.05521,-2.18695],[31.04959,-2.1959],[31.0472,-2.21429],[31.04688,-2.22832],[31.04877,-2.24333],[31.04661,-2.25912],[31.00771,-2.25931],[31.01016,-2.1925],[31.02616,-2.08404],[31.04592,-1.99992],[31.02991,-1.93543],[31.03385,-1.89108],[31.04347,-1.85226],[31.04451,-1.83528],[31.04203,-1.82857],[31.04521,-1.82607],[31.05452,-1.82391],[31.05463,-1.81383],[31.07865,-1.81274],[31.10824,-1.80494],[31.11289,-1.80464],[31.13002,-1.79893],[31.13376,-1.79972],[31.13342,-1.79233],[31.1363,-1.79097],[31.14145,-1.79028],[31.14156,-1.79173]]]},"properties":{"region":"Kagera","district":"Karagwe","ward":"Nyakasimbi","ward_code":"131"}},{"type":"Feature","geometry":{"type":"MultiPolygon","coordinates":[[[[30.96484,-2.13969],[30.96374,-2.16476],[30.96101,-2.15922],[30.96172,-2.15027],[30.96074,-2.14269],[30.96484,-2.13969]]],[[[30.96586,-2.1163],[30.96507,-2.13441],[30.95935,-2.13315],[30.95572,-2.12733],[30.9596,-2.12039],[30.96346,-2.11714],[30.96586,-2.1163]]],[[[30.95377,-1.77615],[30.95763,-1.78528],[30.95601,-1.78909],[30.95812,-1.78945],[30.95793,-1.79116],[30.96218,-1.79649],[30.96356,-1.79912],[30.96297,-1.80156],[30.96586,-1.8044],[30.96975,-1.81106],[30.97152,-1.81091],[30.97184,-1.81458],[30.97008,-1.81785],[30.96776,-1.81971],[30.96915,-1.82111],[30.96818,-1.82446],[30.96897,-1.82483],[30.96831,-1.82693],[30.96944,-1.84195],[30.97441,-1.85522],[30.9743,-1.86253],[30.9784,-1.86697],[30.97644,-1.86902],[30.9758,-1.87568],[30.97072,-1.88871],[30.9705,-1.89994],[30.97334,-1.90894],[30.97269,-1.92369],[30.97062,-1.93929],[30.97174,-1.95871],[30.96809,-1.97754],[30.96909,-2.04217],[30.95732,-2.04043],[30.95521,-2.03809],[30.95444,-2.0344],[30.94898,-2.03406],[30.94528,-2.03175],[30.94152,-2.03257],[30.93787,-2.03098],[30.93325,-2.03096],[30.93056,-2.02747],[30.93058,-2.02299],[30.93313,-2.01945],[30.94126,-2.02031],[30.94596,-2.01832],[30.94858,-2.01512],[30.95179,-2.01614],[30.95747,-2.01402],[30.96103,-2.01554],[30.96317,-2.0147],[30.965,-2.01149],[30.96446,-2.00792],[30.96801,-1.99432],[30.96754,-1.99148],[30.96445,-1.9903],[30.96141,-1.98681],[30.95858,-1.98546],[30.95714,-1.9938],[30.95394,-2.00027],[30.94485,-2.00973],[30.936,-2.01364],[30.92987,-2.01257],[30.92721,-2.01042],[30.9242,-2.00561],[30.92277,-2.00536],[30.92388,-2.01724],[30.92165,-2.02038],[30.91953,-2.02068],[30.916,-2.02524],[30.90852,-2.04146],[30.91397,-2.0447],[30.9158,-2.04357],[30.91676,-2.03975],[30.91529,-2.03445],[30.91615,-2.02987],[30.92267,-2.0333],[30.92364,-2.0437],[30.92455,-2.0436],[30.92581,-2.0403],[30.9301,-2.03715],[30.93428,-2.03674],[30.94097,-2.03966],[30.94785,-2.04626],[30.9511,-2.05356],[30.9549,-2.05182],[30.95808,-2.05221],[30.96225,-2.05979],[30.96463,-2.05864],[30.96866,-2.05198],[30.96602,-2.11258],[30.96185,-2.11142],[30.95777,-2.1076],[30.956,-2.10889],[30.95531,-2.1129],[30.95332,-2.11596],[30.94779,-2.11995],[30.94404,-2.11863],[30.94129,-2.12149],[30.92346,-2.11939],[30.92166,-2.11708],[30.9199,-2.11737],[30.91754,-2.11407],[30.91591,-2.11468],[30.91493,-2.11269],[30.91695,-2.11263],[30.91602,-2.1081],[30.91828,-2.10584],[30.91874,-2.10043],[30.91803,-2.09885],[30.91694,-2.0993],[30.91666,-2.09642],[30.91741,-2.096],[30.9181,-2.09719],[30.92075,-2.09517],[30.92342,-2.09696],[30.933,-2.09352],[30.92538,-2.09093],[30.92241,-2.08547],[30.91977,-2.08701],[30.91666,-2.08565],[30.91267,-2.07525],[30.91098,-2.07473],[30.90344,-2.07876],[30.90216,-2.07784],[30.90039,-2.08194],[30.90047,-2.08484],[30.90409,-2.08661],[30.90707,-2.08974],[30.90917,-2.09444],[30.90624,-2.09734],[30.90881,-2.09942],[30.90921,-2.10171],[30.90588,-2.10502],[30.90433,-2.10839],[30.90675,-2.11091],[30.9086,-2.12012],[30.90821,-2.12681],[30.91057,-2.13105],[30.91195,-2.13076],[30.9132,-2.12691],[30.91456,-2.12588],[30.91931,-2.13029],[30.92341,-2.12726],[30.92546,-2.1288],[30.92823,-2.13764],[30.92809,-2.1445],[30.92906,-2.14723],[30.93274,-2.14226],[30.93225,-2.13493],[30.93331,-2.13272],[30.94014,-2.13151],[30.9446,-2.14638],[30.94857,-2.14839],[30.95225,-2.14725],[30.95364,-2.14837],[30.95367,-2.15285],[30.95157,-2.1533],[30.95093,-2.15834],[30.95422,-2.16168],[30.95872,-2.17127],[30.95545,-2.17411],[30.95832,-2.17708],[30.95737,-2.18637],[30.95864,-2.18803],[30.96301,-2.18159],[30.95968,-2.25795],[30.92005,-2.26087],[30.89022,-2.25804],[30.84669,-2.26062],[30.84512,-2.25726],[30.84663,-2.25412],[30.84487,-2.24748],[30.84153,-2.24007],[30.84363,-2.23202],[30.8418,-2.22722],[30.84601,-2.22435],[30.84528,-2.21907],[30.84288,-2.21579],[30.84484,-2.21249],[30.84377,-2.20996],[30.84393,-2.20555],[30.84673,-2.20118],[30.8494,-2.19885],[30.85209,-2.18635],[30.85976,-2.17955],[30.8585,-2.17755],[30.86013,-2.1737],[30.85869,-2.17123],[30.85844,-2.16822],[30.86254,-2.16134],[30.86083,-2.15488],[30.86306,-2.15267],[30.86589,-2.14729],[30.86531,-2.14414],[30.8672,-2.14225],[30.86779,-2.13998],[30.87562,-2.13533],[30.87618,-2.12507],[30.87326,-2.12049],[30.87858,-2.11395],[30.87935,-2.1116],[30.88255,-2.10865],[30.88364,-2.10533],[30.88653,-2.10191],[30.8861,-2.09339],[30.89221,-2.09345],[30.89472,-2.08912],[30.89494,-2.08538],[30.89585,-2.08373],[30.89779,-2.08304],[30.89923,-2.07749],[30.89799,-2.07508],[30.89829,-2.07189],[30.913,-2.0053],[30.90847,-1.96205],[30.89993,-1.91032],[30.89471,-1.90984],[30.89082,-1.89959],[30.89139,-1.89157],[30.89637,-1.88576],[30.8995,-1.83763],[30.89982,-1.81171],[30.90133,-1.80805],[30.89992,-1.80292],[30.90462,-1.78999],[30.91004,-1.78676],[30.91615,-1.78849],[30.92303,-1.78309],[30.92814,-1.78123],[30.93536,-1.78085],[30.93873,-1.77976],[30.94684,-1.78292],[30.95377,-1.77615]],[[30.92029,-1.90461],[30.91389,-1.90943],[30.91951,-1.90828],[30.92869,-1.91048],[30.93316,-1.9137],[30.9368,-1.9135],[30.94324,-1.9178],[30.94598,-1.92303],[30.94821,-1.91532],[30.94335,-1.91431],[30.94019,-1.91236],[30.9367,-1.9073],[30.93596,-1.90392],[30.93961,-1.8988],[30.94522,-1.89677],[30.95149,-1.89685],[30.95622,-1.89379],[30.94205,-1.89463],[30.94012,-1.89331],[30.94037,-1.89038],[30.94555,-1.88412],[30.94961,-1.87602],[30.95422,-1.87154],[30.95496,-1.86928],[30.95412,-1.86824],[30.95267,-1.87079],[30.94907,-1.87315],[30.94646,-1.87951],[30.9375,-1.88867],[30.93533,-1.89633],[30.93309,-1.89925],[30.92521,-1.90335],[30.92029,-1.90461]],[[30.89253,-2.17176],[30.89774,-2.17255],[30.90044,-2.1698],[30.90139,-2.16582],[30.90072,-2.16195],[30.89764,-2.15906],[30.89935,-2.15582],[30.89828,-2.15339],[30.89701,-2.15596],[30.89389,-2.15597],[30.89258,-2.15773],[30.89399,-2.15833],[30.89482,-2.16083],[30.89373,-2.16255],[30.89447,-2.16432],[30.89106,-2.16845],[30.89253,-2.17176]]]]},"properties":{"region":"Kagera","district":"Karagwe","ward":"Nyakakika","ward_code":"141"}},{"type":"Feature","geometry":{"type":"MultiPolygon","coordinates":[[[[30.89691,-2.15698],[30.89561,-2.15876],[30.89487,-2.1581],[30.89691,-2.15698]]],[[[30.99444,-1.76746],[30.99761,-1.7707],[31.01328,-1.76407],[31.01979,-1.76934],[31.02148,-1.77252],[31.02735,-1.7719],[31.04353,-1.76652],[31.05463,-1.81383],[31.05452,-1.82391],[31.04521,-1.82607],[31.04203,-1.82857],[31.04451,-1.83528],[31.04347,-1.85226],[31.03385,-1.89108],[31.02991,-1.93543],[31.04592,-1.99992],[31.02616,-2.08404],[31.01016,-2.1925],[31.00771,-2.25931],[30.95968,-2.25795],[30.96301,-2.18159],[30.96731,-2.17526],[30.96582,-2.17305],[30.96374,-2.16476],[30.96484,-2.13969],[30.96869,-2.13687],[30.96755,-2.13496],[30.96507,-2.13441],[30.96586,-2.1163],[30.96841,-2.11539],[30.9688,-2.11336],[30.96602,-2.11258],[30.96866,-2.05198],[30.97537,-2.0496],[30.97521,-2.04687],[30.96909,-2.04217],[30.96809,-1.97754],[30.97174,-1.95871],[30.97062,-1.93929],[30.97269,-1.92369],[30.97334,-1.90894],[30.9705,-1.89994],[30.97072,-1.88871],[30.9758,-1.87568],[30.97644,-1.86902],[30.9784,-1.86697],[30.9743,-1.86253],[30.97441,-1.85522],[30.96944,-1.84195],[30.96831,-1.82693],[30.96897,-1.82483],[30.96818,-1.82446],[30.96915,-1.82111],[30.96776,-1.81971],[30.97008,-1.81785],[30.97184,-1.81458],[30.97152,-1.81091],[30.96975,-1.81106],[30.96586,-1.8044],[30.96297,-1.80156],[30.96356,-1.79912],[30.96218,-1.79649],[30.95793,-1.79116],[30.95812,-1.78945],[30.95601,-1.78909],[30.95763,-1.78528],[30.95377,-1.77615],[30.96404,-1.77219],[30.97573,-1.76319],[30.98087,-1.76316],[30.98437,-1.76117],[30.98845,-1.76192],[30.99076,-1.76379],[30.9909,-1.76603],[30.99444,-1.76746]]]]},"properties":{"region":"Kagera","district":"Karagwe","ward":"Nyakabanga","ward_code":"151"}},{"type":"Feature","geometry":{"type":"Polygon","coordinates":[[[30.97912,-1.73047],[30.98654,-1.73018],[30.98842,-1.73548],[30.98995,-1.73559],[30.99265,-1.73522],[30.99456,-1.73237],[31.00508,-1.72922],[31.00641,-1.73497],[31.01416,-1.73658],[31.01416,-1.73113],[31.02106,-1.73331],[31.03584,-1.73405],[31.045,-1.74597],[31.03598,-1.75789],[31.03844,-1.76468],[31.04353,-1.76652],[31.02735,-1.7719],[31.02148,-1.77252],[31.01979,-1.76934],[31.01328,-1.76407],[30.99761,-1.7707],[30.99444,-1.76746],[30.9909,-1.76603],[30.99076,-1.76379],[30.98845,-1.76192],[30.98437,-1.76117],[30.98087,-1.76316],[30.97573,-1.76319],[30.96404,-1.77219],[30.95377,-1.77615],[30.94684,-1.78292],[30.93873,-1.77976],[30.93536,-1.78085],[30.92814,-1.78123],[30.92303,-1.78309],[30.91615,-1.78849],[30.91004,-1.78676],[30.91354,-1.76901],[30.9164,-1.767],[30.91948,-1.76647],[30.92129,-1.76217],[30.91943,-1.75205],[30.92131,-1.75103],[30.91699,-1.73896],[30.92204,-1.73438],[30.92725,-1.73501],[30.93106,-1.73276],[30.93719,-1.73412],[30.94066,-1.73045],[30.95542,-1.73184],[30.96378,-1.72984],[30.96307,-1.72631],[30.96475,-1.72182],[30.96872,-1.71861],[30.97154,-1.71924],[30.97346,-1.72626],[30.97912,-1.73047]]]},"properties":{"region":"Kagera","district":"Karagwe","ward":"Kibondo","ward_code":"171"}},{"type":"Feature","geometry":{"type":"Polygon","coordinates":[[[30.87088,-1.64234],[30.87946,-1.65545],[30.8843,-1.68209],[30.87848,-1.68842],[30.88613,-1.68911],[30.88944,-1.6938],[30.89029,-1.70532],[30.89249,-1.70678],[30.89247,-1.71481],[30.89558,-1.71622],[30.89579,-1.71865],[30.89748,-1.71887],[30.8982,-1.72182],[30.89714,-1.72748],[30.89832,-1.73274],[30.90288,-1.73074],[30.90315,-1.72845],[30.90592,-1.72872],[30.90211,-1.71861],[30.89955,-1.71513],[30.8977,-1.70915],[30.90071,-1.70835],[30.90065,-1.70552],[30.9044,-1.70407],[30.90592,-1.68979],[30.91034,-1.68618],[30.91034,-1.68523],[30.90552,-1.68365],[30.89864,-1.68929],[30.89482,-1.67959],[30.89903,-1.67359],[30.90468,-1.67463],[30.91419,-1.67388],[30.91932,-1.67538],[30.91723,-1.68435],[30.9469,-1.70229],[30.95542,-1.73184],[30.94066,-1.73045],[30.93719,-1.73412],[30.93106,-1.73276],[30.92725,-1.73501],[30.92204,-1.73438],[30.91699,-1.73896],[30.92131,-1.75103],[30.91943,-1.75205],[30.92129,-1.76217],[30.91948,-1.76647],[30.9164,-1.767],[30.91354,-1.76901],[30.91004,-1.78676],[30.90462,-1.78999],[30.89992,-1.80292],[30.90133,-1.80805],[30.89982,-1.81171],[30.8995,-1.83763],[30.89637,-1.88576],[30.89139,-1.89157],[30.89082,-1.89959],[30.89471,-1.90984],[30.89993,-1.91032],[30.90847,-1.96205],[30.913,-2.0053],[30.89829,-2.07189],[30.89786,-2.0706],[30.8933,-2.06767],[30.89222,-2.0644],[30.88961,-2.06353],[30.88848,-2.05941],[30.88454,-2.05353],[30.88113,-2.05083],[30.87711,-2.05032],[30.87649,-2.04437],[30.87749,-2.04225],[30.87568,-2.03727],[30.86716,-2.03453],[30.85924,-2.02897],[30.85818,-2.02515],[30.85627,-2.02324],[30.85702,-2.01984],[30.85525,-2.02097],[30.85282,-2.01967],[30.84905,-2.01474],[30.84809,-2.01065],[30.83977,-2.00859],[30.83796,-2.00894],[30.83447,-2.01285],[30.83145,-2.01359],[30.83065,-2.01493],[30.82721,-2.01673],[30.8273,-2.01976],[30.82152,-2.02381],[30.81591,-2.02231],[30.81499,-2.01956],[30.81529,-2.01479],[30.81701,-2.01184],[30.81515,-2.00461],[30.81748,-2.00103],[30.81609,-1.9993],[30.81566,-1.99598],[30.81405,-1.99467],[30.81584,-1.99021],[30.81439,-1.98909],[30.8145,-1.98568],[30.81713,-1.98333],[30.81773,-1.98124],[30.8232,-1.97903],[30.82334,-1.9774],[30.82701,-1.97435],[30.82778,-1.97001],[30.82456,-1.9659],[30.82453,-1.96261],[30.82141,-1.96221],[30.82091,-1.96073],[30.82239,-1.95796],[30.81748,-1.95342],[30.81669,-1.94985],[30.81853,-1.94771],[30.81728,-1.94369],[30.81585,-1.94079],[30.81364,-1.93927],[30.81135,-1.9395],[30.81023,-1.93768],[30.80441,-1.93495],[30.79919,-1.93811],[30.79496,-1.93751],[30.79278,-1.93884],[30.79299,-1.94212],[30.79124,-1.94436],[30.79298,-1.94576],[30.79185,-1.94638],[30.78848,-1.94556],[30.78549,-1.9468],[30.78438,-1.94651],[30.7841,-1.94536],[30.7877,-1.94202],[30.787,-1.93657],[30.78938,-1.93266],[30.79257,-1.9324],[30.7963,-1.92842],[30.79841,-1.9197],[30.79952,-1.9185],[30.80617,-1.91811],[30.80876,-1.90929],[30.81019,-1.90629],[30.81224,-1.90527],[30.81114,-1.90373],[30.8126,-1.90066],[30.8155,-1.89858],[30.81792,-1.89521],[30.81818,-1.89368],[30.81673,-1.89101],[30.81806,-1.88598],[30.817,-1.88225],[30.81732,-1.87959],[30.81947,-1.87893],[30.82164,-1.87668],[30.82687,-1.86829],[30.83054,-1.86787],[30.83023,-1.86159],[30.83828,-1.85978],[30.83318,-1.85077],[30.83071,-1.84964],[30.83298,-1.84614],[30.83267,-1.84523],[30.83023,-1.84459],[30.82776,-1.84572],[30.82752,-1.8424],[30.82449,-1.84362],[30.82276,-1.84257],[30.81968,-1.84247],[30.81848,-1.84083],[30.81795,-1.83644],[30.82043,-1.83613],[30.82382,-1.83332],[30.82544,-1.83315],[30.82843,-1.82957],[30.82926,-1.82631],[30.82683,-1.82381],[30.82763,-1.81776],[30.82926,-1.81538],[30.83073,-1.8154],[30.82934,-1.81538],[30.82895,-1.8111],[30.82685,-1.80531],[30.82633,-1.80258],[30.82785,-1.80087],[30.82559,-1.79554],[30.82463,-1.78497],[30.823,-1.78225],[30.82438,-1.7766],[30.82801,-1.77199],[30.82847,-1.76499],[30.83018,-1.76354],[30.83102,-1.75584],[30.82832,-1.75136],[30.82721,-1.74625],[30.82234,-1.73937],[30.81882,-1.73634],[30.81282,-1.73424],[30.81442,-1.72801],[30.81613,-1.72515],[30.82004,-1.7242],[30.82425,-1.72479],[30.82746,-1.72341],[30.82792,-1.72081],[30.82707,-1.71809],[30.82296,-1.71615],[30.82228,-1.71489],[30.82591,-1.70733],[30.82499,-1.70303],[30.82595,-1.69997],[30.82519,-1.69771],[30.82579,-1.69557],[30.82257,-1.68306],[30.8238,-1.6806],[30.82534,-1.6817],[30.82605,-1.68122],[30.82697,-1.67937],[30.82664,-1.6766],[30.82933,-1.67178],[30.83118,-1.67091],[30.8328,-1.66527],[30.83397,-1.66497],[30.83569,-1.66737],[30.83849,-1.66689],[30.83781,-1.66521],[30.83879,-1.66378],[30.83836,-1.65647],[30.83659,-1.65424],[30.83735,-1.64917],[30.8399,-1.64807],[30.84682,-1.64902],[30.85306,-1.65217],[30.86483,-1.65472],[30.86824,-1.64107],[30.87088,-1.64234]]]},"properties":{"region":"Kagera","district":"Karagwe","ward":"Bweranyange","ward_code":"161"}},{"type":"Feature","geometry":{"type":"Polygon","coordinates":[[[30.95053,-1.66462],[30.95805,-1.67795],[30.96252,-1.67552],[30.96503,-1.67802],[30.97098,-1.68883],[30.97545,-1.69401],[30.97747,-1.70713],[30.98752,-1.69901],[30.98911,-1.69961],[30.99003,-1.69886],[30.99081,-1.69634],[30.99376,-1.69679],[31.00478,-1.69088],[31.00772,-1.69021],[31.00922,-1.6908],[31.01257,-1.69599],[31.02056,-1.69639],[31.02378,-1.68269],[31.02242,-1.67447],[31.02583,-1.67318],[31.02617,-1.6597],[31.0275,-1.6552],[31.0307,-1.65599],[31.03602,-1.67346],[31.04017,-1.67869],[31.0461,-1.67965],[31.0571,-1.67164],[31.0678,-1.68023],[31.07027,-1.71623],[31.07277,-1.72141],[31.07453,-1.73318],[31.07175,-1.73857],[31.045,-1.74597],[31.03584,-1.73405],[31.02106,-1.73331],[31.01416,-1.73113],[31.01416,-1.73658],[31.00641,-1.73497],[31.00508,-1.72922],[30.99456,-1.73237],[30.99265,-1.73522],[30.98842,-1.73548],[30.98654,-1.73018],[30.98007,-1.73087],[30.97416,-1.72723],[30.97154,-1.71924],[30.96971,-1.71859],[30.9656,-1.72043],[30.96475,-1.72182],[30.96307,-1.72631],[30.96378,-1.72984],[30.95542,-1.73184],[30.9469,-1.70229],[30.91723,-1.68435],[30.91924,-1.67572],[30.92228,-1.67962],[30.92447,-1.67985],[30.92541,-1.67829],[30.92148,-1.66752],[30.91497,-1.66937],[30.91328,-1.66878],[30.92562,-1.65855],[30.92819,-1.65491],[30.93512,-1.65122],[30.95053,-1.66462]]]},"properties":{"region":"Kagera","district":"Karagwe","ward":"Nyabiyonza","ward_code":"181"}},{"type":"Feature","geometry":{"type":"Polygon","coordinates":[[[30.99977,-1.61042],[31.00167,-1.62253],[31.00749,-1.63478],[31.01423,-1.63987],[31.0275,-1.6552],[31.02617,-1.6597],[31.02583,-1.67318],[31.02242,-1.67447],[31.02378,-1.68269],[31.02056,-1.69639],[31.01257,-1.69599],[31.00922,-1.6908],[31.00772,-1.69021],[31.00478,-1.69088],[30.99376,-1.69679],[30.99081,-1.69634],[30.99003,-1.69886],[30.98911,-1.69961],[30.98752,-1.69901],[30.97747,-1.70713],[30.97545,-1.69401],[30.97098,-1.68883],[30.96503,-1.67802],[30.96252,-1.67552],[30.95805,-1.67795],[30.95053,-1.66462],[30.93512,-1.65122],[30.9267,-1.64514],[30.91757,-1.62561],[30.92797,-1.62203],[30.93122,-1.63187],[30.94469,-1.62899],[30.94848,-1.62707],[30.96385,-1.6274],[30.96896,-1.62585],[30.97763,-1.62124],[30.98125,-1.62155],[30.98269,-1.61742],[30.98794,-1.61724],[30.99044,-1.61264],[30.99386,-1.61263],[30.99454,-1.61428],[30.99977,-1.61042]]]},"properties":{"region":"Kagera","district":"Karagwe","ward":"Kiruruma","ward_code":"191"}},{"type":"Feature","geometry":{"type":"Polygon","coordinates":[[[30.94735,-1.57552],[30.95163,-1.57659],[30.96813,-1.57626],[30.97575,-1.5788],[30.97713,-1.58018],[30.98259,-1.59526],[30.98585,-1.60023],[30.99457,-1.60544],[30.99977,-1.61042],[30.99454,-1.61428],[30.99386,-1.61263],[30.99044,-1.61264],[30.98794,-1.61724],[30.98269,-1.61742],[30.98125,-1.62155],[30.97763,-1.62124],[30.96896,-1.62585],[30.96385,-1.6274],[30.94848,-1.62707],[30.94469,-1.62899],[30.93122,-1.63187],[30.92797,-1.62203],[30.91757,-1.62561],[30.9267,-1.64514],[30.93512,-1.65122],[30.92819,-1.65491],[30.92562,-1.65855],[30.91328,-1.66878],[30.90788,-1.66589],[30.90587,-1.66206],[30.90542,-1.65914],[30.90695,-1.65392],[30.90111,-1.6531],[30.89927,-1.65444],[30.89398,-1.64718],[30.89628,-1.646],[30.89561,-1.6393],[30.89881,-1.63825],[30.90013,-1.63574],[30.89926,-1.63022],[30.89644,-1.62487],[30.89273,-1.62515],[30.89016,-1.62357],[30.8939,-1.6104],[30.89182,-1.60511],[30.89171,-1.60084],[30.88771,-1.60091],[30.88663,-1.60653],[30.88238,-1.60919],[30.87932,-1.61063],[30.8737,-1.61041],[30.87188,-1.61162],[30.87188,-1.62139],[30.87672,-1.62813],[30.87036,-1.63654],[30.86412,-1.638],[30.86184,-1.63572],[30.86089,-1.6361],[30.86108,-1.64256],[30.85518,-1.63762],[30.85366,-1.63838],[30.85518,-1.6418],[30.85404,-1.64237],[30.84373,-1.63042],[30.84385,-1.62762],[30.84112,-1.62672],[30.8398,-1.625],[30.84246,-1.61967],[30.841,-1.61622],[30.83846,-1.6149],[30.84775,-1.59543],[30.84919,-1.59516],[30.85255,-1.58986],[30.85348,-1.58585],[30.85522,-1.58512],[30.86336,-1.58628],[30.86773,-1.58422],[30.88371,-1.58153],[30.88935,-1.57958],[30.89058,-1.57997],[30.89169,-1.58202],[30.90377,-1.58617],[30.90707,-1.58533],[30.91342,-1.58072],[30.92285,-1.57719],[30.92611,-1.57876],[30.93122,-1.57824],[30.93382,-1.57603],[30.94735,-1.57552]]]},"properties":{"region":"Kagera","district":"Karagwe","ward":"Kamagambo","ward_code":"231"}},{"type":"Feature","geometry":{"type":"MultiPolygon","coordinates":[[[[31.80695,-1.028],[31.80382,-1.02912],[31.8034,-1.02451],[31.80584,-1.02186],[31.80605,-1.0197],[31.80793,-1.02654],[31.80695,-1.028]]],[[[31.82884,-0.99956],[31.83738,-1.00243],[31.84148,-1.001],[31.8438,-1.00532],[31.83767,-1.02242],[31.83987,-1.02931],[31.84289,-1.03361],[31.85258,-1.03577],[31.85937,-1.03406],[31.85647,-1.02335],[31.86042,-1.02036],[31.86298,-1.02137],[31.86421,-1.02034],[31.86565,-1.0218],[31.86461,-1.02485],[31.86606,-1.02737],[31.86569,-1.02956],[31.86736,-1.03114],[31.86817,-1.0346],[31.86968,-1.03499],[31.87082,-1.03695],[31.87492,-1.03722],[31.87769,-1.03856],[31.8739,-1.04581],[31.87094,-1.05564],[31.86494,-1.06323],[31.86176,-1.06337],[31.86233,-1.05914],[31.85919,-1.05804],[31.85462,-1.05971],[31.85036,-1.06387],[31.84796,-1.06844],[31.84695,-1.07315],[31.84927,-1.0778],[31.85095,-1.07837],[31.84725,-1.09567],[31.83786,-1.09611],[31.83849,-1.09171],[31.8376,-1.09156],[31.83788,-1.09006],[31.83523,-1.08766],[31.83237,-1.0866],[31.81729,-1.08706],[31.81373,-1.07936],[31.81004,-1.06148],[31.81519,-1.05726],[31.81343,-1.04903],[31.81714,-1.04447],[31.81833,-1.04512],[31.82077,-1.0436],[31.82263,-1.04074],[31.82189,-1.03605],[31.81789,-1.03497],[31.81535,-1.03239],[31.81579,-1.02251],[31.81778,-1.02215],[31.81972,-1.02591],[31.82185,-1.02712],[31.82558,-1.02569],[31.82871,-1.01998],[31.82809,-1.01394],[31.82929,-1.01096],[31.824,-1.00285],[31.82884,-0.99956]]]]},"properties":{"region":"Kagera","district":"Bukoba","ward":"Rubafu","ward_code":"011"}},{"type":"Feature","geometry":{"type":"Polygon","coordinates":[[[31.81004,-1.06148],[31.81373,-1.07936],[31.81729,-1.08706],[31.83237,-1.0866],[31.83523,-1.08766],[31.83849,-1.09171],[31.83786,-1.09611],[31.84725,-1.09567],[31.85095,-1.07837],[31.85242,-1.07587],[31.85366,-1.07596],[31.85421,-1.08355],[31.85892,-1.08649],[31.86352,-1.09319],[31.86722,-1.10185],[31.85967,-1.11585],[31.85673,-1.1256],[31.8566,-1.13225],[31.82852,-1.13639],[31.80829,-1.13525],[31.80864,-1.12897],[31.78817,-1.11095],[31.78267,-1.10391],[31.76925,-1.09432],[31.7731,-1.07736],[31.77255,-1.07122],[31.77501,-1.069],[31.77501,-1.07206],[31.77661,-1.07474],[31.77313,-1.08073],[31.77433,-1.08216],[31.77416,-1.08039],[31.77724,-1.0764],[31.77587,-1.06927],[31.77684,-1.06978],[31.77844,-1.06881],[31.78009,-1.07189],[31.78032,-1.06761],[31.7822,-1.07143],[31.78163,-1.0748],[31.78283,-1.07377],[31.783,-1.07103],[31.78391,-1.07012],[31.78477,-1.07506],[31.78515,-1.07022],[31.78325,-1.06813],[31.7842,-1.06482],[31.78517,-1.06413],[31.78576,-1.06799],[31.788,-1.0687],[31.78962,-1.07069],[31.79,-1.06879],[31.79456,-1.06565],[31.79581,-1.05641],[31.79963,-1.05614],[31.80079,-1.06034],[31.81004,-1.06148]]]},"properties":{"region":"Kagera","district":"Bukoba","ward":"Kishanje","ward_code":"021"}},{"type":"Feature","geometry":{"type":"Polygon","coordinates":[[[31.8566,-1.13225],[31.85635,-1.13713],[31.86249,-1.14307],[31.86907,-1.1406],[31.87293,-1.14321],[31.87294,-1.15293],[31.87044,-1.15805],[31.87365,-1.166],[31.876,-1.16729],[31.87766,-1.16525],[31.87951,-1.16574],[31.8796,-1.17091],[31.87687,-1.17129],[31.87561,-1.17619],[31.87721,-1.17818],[31.87689,-1.181],[31.87345,-1.18494],[31.86829,-1.19432],[31.86922,-1.20089],[31.86414,-1.21146],[31.86406,-1.21453],[31.86524,-1.21608],[31.85246,-1.2133],[31.84449,-1.21053],[31.84369,-1.20209],[31.84001,-1.19268],[31.84472,-1.18134],[31.841,-1.17573],[31.83089,-1.17002],[31.81044,-1.19169],[31.8078,-1.19319],[31.7923,-1.19436],[31.78635,-1.19169],[31.79288,-1.17251],[31.7968,-1.16634],[31.80785,-1.14322],[31.80829,-1.13525],[31.82852,-1.13639],[31.8566,-1.13225]]]},"properties":{"region":"Kagera","district":"Bukoba","ward":"Kaagya","ward_code":"031"}},{"type":"Feature","geometry":{"type":"Polygon","coordinates":[[[31.84001,-1.19268],[31.84369,-1.20209],[31.84449,-1.21053],[31.82947,-1.22109],[31.82237,-1.23029],[31.82027,-1.23505],[31.81254,-1.22809],[31.80948,-1.22288],[31.79987,-1.2283],[31.79374,-1.23665],[31.78675,-1.23545],[31.78379,-1.23853],[31.77583,-1.24071],[31.77421,-1.23807],[31.77587,-1.23317],[31.77578,-1.22666],[31.77305,-1.20903],[31.78361,-1.19716],[31.78635,-1.19169],[31.7923,-1.19436],[31.8078,-1.19319],[31.81044,-1.19169],[31.83089,-1.17002],[31.841,-1.17573],[31.84472,-1.18134],[31.84001,-1.19268]]]},"properties":{"region":"Kagera","district":"Bukoba","ward":"Buhendangabo","ward_code":"041"}},{"type":"Feature","geometry":{"type":"MultiPolygon","coordinates":[[[[31.87158,-1.26861],[31.87076,-1.2687],[31.86995,-1.26406],[31.87117,-1.26515],[31.87158,-1.26861]]],[[[31.86676,-1.21767],[31.87033,-1.21769],[31.87094,-1.21975],[31.86999,-1.22778],[31.86503,-1.24978],[31.86695,-1.25166],[31.86683,-1.25414],[31.86936,-1.2626],[31.86498,-1.2716],[31.86054,-1.27735],[31.85853,-1.28561],[31.85526,-1.28514],[31.85168,-1.28325],[31.84765,-1.28305],[31.83977,-1.28507],[31.83343,-1.28845],[31.82929,-1.28109],[31.82447,-1.27898],[31.82546,-1.27421],[31.82332,-1.2718],[31.82336,-1.27053],[31.82177,-1.27026],[31.82296,-1.26566],[31.82203,-1.26416],[31.82027,-1.26442],[31.81479,-1.27],[31.81384,-1.27567],[31.80999,-1.27699],[31.80953,-1.27469],[31.80584,-1.27549],[31.79697,-1.27959],[31.79627,-1.28079],[31.78926,-1.27214],[31.78117,-1.26568],[31.77924,-1.26296],[31.77916,-1.26062],[31.77713,-1.26016],[31.776,-1.2584],[31.7772,-1.25319],[31.77585,-1.2486],[31.77694,-1.24157],[31.77583,-1.24071],[31.78379,-1.23853],[31.78675,-1.23545],[31.79374,-1.23665],[31.79987,-1.2283],[31.80948,-1.22288],[31.81254,-1.22809],[31.82027,-1.23505],[31.82237,-1.23029],[31.82947,-1.22109],[31.84449,-1.21053],[31.85246,-1.2133],[31.86524,-1.21608],[31.86676,-1.21767]]]]},"properties":{"region":"Kagera","district":"Bukoba","ward":"Nyakato","ward_code":"051"}},{"type":"Feature","geometry":{"type":"Polygon","coordinates":[[[31.76538,-1.28286],[31.7658,-1.29219],[31.76482,-1.29632],[31.76356,-1.29688],[31.76365,-1.2996],[31.76611,-1.30508],[31.76828,-1.30435],[31.76815,-1.30702],[31.7693,-1.30836],[31.77004,-1.31251],[31.7582,-1.31272],[31.7423,-1.3175],[31.72904,-1.28626],[31.73075,-1.28359],[31.73763,-1.2784],[31.74116,-1.26707],[31.75449,-1.26367],[31.75808,-1.25318],[31.76516,-1.23987],[31.77312,-1.23169],[31.77578,-1.22666],[31.77587,-1.23317],[31.77421,-1.23807],[31.77694,-1.24157],[31.77585,-1.24733],[31.7772,-1.25319],[31.776,-1.2584],[31.77713,-1.26016],[31.776,-1.26478],[31.77667,-1.26817],[31.77574,-1.27832],[31.76538,-1.28286]]]},"properties":{"region":"Kagera","district":"Bukoba","ward":"Katoma","ward_code":"061"}},{"type":"Feature","geometry":{"type":"Polygon","coordinates":[[[31.74214,-1.3172],[31.7582,-1.31272],[31.77003,-1.31251],[31.76716,-1.32164],[31.76947,-1.32218],[31.76896,-1.32775],[31.76631,-1.33141],[31.77038,-1.33337],[31.77105,-1.33491],[31.77329,-1.33475],[31.77604,-1.33847],[31.77797,-1.33816],[31.77951,-1.3392],[31.78036,-1.34162],[31.77843,-1.34354],[31.77908,-1.35166],[31.77807,-1.36313],[31.77872,-1.37158],[31.78189,-1.3802],[31.76521,-1.39219],[31.7614,-1.38885],[31.75232,-1.40214],[31.74187,-1.40579],[31.7389,-1.36668],[31.71704,-1.36841],[31.70923,-1.35003],[31.70979,-1.34616],[31.70884,-1.33937],[31.7101,-1.33434],[31.71222,-1.31239],[31.72904,-1.28626],[31.74214,-1.3172]]]},"properties":{"region":"Kagera","district":"Bukoba","ward":"Karabagaine","ward_code":"071"}},{"type":"Feature","geometry":{"type":"Polygon","coordinates":[[[31.78189,-1.3802],[31.78332,-1.38651],[31.80316,-1.38544],[31.8127,-1.3836],[31.81191,-1.38751],[31.81576,-1.39077],[31.81599,-1.39594],[31.81139,-1.40529],[31.80984,-1.42029],[31.80432,-1.43044],[31.80125,-1.43014],[31.79839,-1.42683],[31.77088,-1.42024],[31.76328,-1.42155],[31.76049,-1.4236],[31.75524,-1.42231],[31.75385,-1.43057],[31.74563,-1.43321],[31.74265,-1.41599],[31.74187,-1.40579],[31.75232,-1.40214],[31.7614,-1.38885],[31.76521,-1.39219],[31.78189,-1.3802]]]},"properties":{"region":"Kagera","district":"Bukoba","ward":"Maruku","ward_code":"091"}},{"type":"Feature","geometry":{"type":"MultiPolygon","coordinates":[[[[31.81289,-1.50345],[31.80957,-1.50843],[31.807,-1.50833],[31.80165,-1.50476],[31.80097,-1.50291],[31.80166,-1.49939],[31.8061,-1.4969],[31.81512,-1.49852],[31.81623,-1.49959],[31.81573,-1.50185],[31.81289,-1.50345]]],[[[31.77088,-1.42024],[31.79839,-1.42683],[31.80125,-1.43014],[31.80432,-1.43044],[31.80621,-1.43789],[31.8077,-1.43872],[31.80969,-1.43812],[31.81179,-1.43994],[31.81416,-1.44229],[31.81618,-1.44713],[31.81436,-1.44997],[31.80458,-1.45677],[31.80162,-1.4662],[31.80381,-1.47563],[31.80346,-1.47946],[31.79933,-1.48574],[31.79647,-1.48521],[31.79344,-1.48683],[31.79024,-1.48695],[31.78405,-1.48375],[31.78117,-1.47857],[31.78134,-1.4731],[31.76876,-1.46163],[31.76303,-1.46145],[31.75922,-1.45372],[31.75991,-1.44994],[31.74563,-1.43321],[31.75385,-1.43057],[31.75524,-1.42231],[31.76049,-1.4236],[31.76328,-1.42155],[31.77088,-1.42024]]]]},"properties":{"region":"Kagera","district":"Bukoba","ward":"Kanyengereko","ward_code":"101"}},{"type":"Feature","geometry":{"type":"Polygon","coordinates":[[[31.6803,-1.35053],[31.68635,-1.35013],[31.69919,-1.35196],[31.70923,-1.35003],[31.71704,-1.36841],[31.7389,-1.36668],[31.74265,-1.41599],[31.74563,-1.43321],[31.73586,-1.43759],[31.7311,-1.4383],[31.73008,-1.43423],[31.72791,-1.43376],[31.72323,-1.43973],[31.7191,-1.44161],[31.71648,-1.44063],[31.70336,-1.44042],[31.70157,-1.43287],[31.68797,-1.43079],[31.6701,-1.43891],[31.67047,-1.43382],[31.66951,-1.43296],[31.66994,-1.43134],[31.66874,-1.42657],[31.66724,-1.42465],[31.6699,-1.42275],[31.67073,-1.41976],[31.66987,-1.41863],[31.67109,-1.41496],[31.67057,-1.40392],[31.67747,-1.39333],[31.6731,-1.37283],[31.6749,-1.36501],[31.67569,-1.3537],[31.67966,-1.34886],[31.6803,-1.35053]]]},"properties":{"region":"Kagera","district":"Bukoba","ward":"Bujugo","ward_code":"081"}},{"type":"Feature","geometry":{"type":"Polygon","coordinates":[[[31.72447,-1.46992],[31.72329,-1.47929],[31.71638,-1.48975],[31.71581,-1.49376],[31.71705,-1.49913],[31.71226,-1.50577],[31.70393,-1.50069],[31.70104,-1.50015],[31.69708,-1.49698],[31.67542,-1.49466],[31.67711,-1.48603],[31.67641,-1.47749],[31.67516,-1.47104],[31.67425,-1.47],[31.67306,-1.47105],[31.67296,-1.46936],[31.66993,-1.46783],[31.66941,-1.46346],[31.67131,-1.4554],[31.67077,-1.44861],[31.67198,-1.44653],[31.67065,-1.44578],[31.67078,-1.44415],[31.66901,-1.44187],[31.66979,-1.4392],[31.68797,-1.43079],[31.70157,-1.43287],[31.70336,-1.44042],[31.70988,-1.44591],[31.71472,-1.44708],[31.72473,-1.45198],[31.72271,-1.46369],[31.72089,-1.46395],[31.72447,-1.46992]]]},"properties":{"region":"Kagera","district":"Bukoba","ward":"Katerero","ward_code":"111"}},{"type":"Feature","geometry":{"type":"Polygon","coordinates":[[[31.74563,-1.43321],[31.75991,-1.44994],[31.75922,-1.45372],[31.76303,-1.46145],[31.75871,-1.46132],[31.7547,-1.4639],[31.74888,-1.47693],[31.74896,-1.47781],[31.7506,-1.47812],[31.75145,-1.48588],[31.75399,-1.48909],[31.75336,-1.49134],[31.75405,-1.49445],[31.75518,-1.49576],[31.7624,-1.49725],[31.77045,-1.49712],[31.77359,-1.50045],[31.77445,-1.50274],[31.77315,-1.50651],[31.76646,-1.50675],[31.76372,-1.50838],[31.75902,-1.50756],[31.7523,-1.50349],[31.74821,-1.50455],[31.7438,-1.51326],[31.72126,-1.51294],[31.71226,-1.50577],[31.71705,-1.49913],[31.71581,-1.49376],[31.71638,-1.48975],[31.72329,-1.47929],[31.72447,-1.46992],[31.72089,-1.46395],[31.72271,-1.46369],[31.72473,-1.45198],[31.71472,-1.44708],[31.70988,-1.44591],[31.70336,-1.44042],[31.71648,-1.44063],[31.7191,-1.44161],[31.72323,-1.43973],[31.72791,-1.43376],[31.73008,-1.43423],[31.7311,-1.4383],[31.73586,-1.43759],[31.74563,-1.43321]]]},"properties":{"region":"Kagera","district":"Bukoba","ward":"Kemondo","ward_code":"123"}},{"type":"Feature","geometry":{"type":"Polygon","coordinates":[[[31.6339,-1.40987],[31.64531,-1.41592],[31.65799,-1.41631],[31.67086,-1.41372],[31.6699,-1.42275],[31.66724,-1.42465],[31.66874,-1.42657],[31.66994,-1.43134],[31.66951,-1.43296],[31.67047,-1.43382],[31.66901,-1.44187],[31.67078,-1.44415],[31.67065,-1.44578],[31.67198,-1.44653],[31.67077,-1.44861],[31.67131,-1.4554],[31.66959,-1.45793],[31.66517,-1.45799],[31.63933,-1.46595],[31.63358,-1.46451],[31.6274,-1.46453],[31.62425,-1.46278],[31.6159,-1.46398],[31.61212,-1.46076],[31.61025,-1.46276],[31.60904,-1.47802],[31.61457,-1.48641],[31.61361,-1.49208],[31.60785,-1.4916],[31.60634,-1.49278],[31.58941,-1.47576],[31.5952,-1.47025],[31.59388,-1.45623],[31.59607,-1.44828],[31.59917,-1.44219],[31.59763,-1.43768],[31.59674,-1.42905],[31.59923,-1.42793],[31.60206,-1.43087],[31.60621,-1.43081],[31.61018,-1.43226],[31.61159,-1.42841],[31.6102,-1.42619],[31.61102,-1.41747],[31.61888,-1.41565],[31.62347,-1.41245],[31.62464,-1.41034],[31.6339,-1.40987]]]},"properties":{"region":"Kagera","district":"Bukoba","ward":"Nyakibimbili","ward_code":"131"}},{"type":"Feature","geometry":{"type":"MultiPolygon","coordinates":[[[[31.60231,-1.50559],[31.60395,-1.52111],[31.60255,-1.52234],[31.59124,-1.5158],[31.5876,-1.51178],[31.58325,-1.51046],[31.58026,-1.51382],[31.57238,-1.51003],[31.57038,-1.50796],[31.57103,-1.5066],[31.56584,-1.50242],[31.56431,-1.4977],[31.57475,-1.49132],[31.58407,-1.48825],[31.58941,-1.47576],[31.60634,-1.49278],[31.60403,-1.49506],[31.60498,-1.49902],[31.60231,-1.50559]]],[[[31.66941,-1.46346],[31.66993,-1.46783],[31.67296,-1.46936],[31.67306,-1.47105],[31.67425,-1.47],[31.67516,-1.47104],[31.67711,-1.48603],[31.67059,-1.51769],[31.66512,-1.52667],[31.65635,-1.53227],[31.643,-1.52893],[31.63946,-1.53074],[31.63623,-1.52801],[31.63215,-1.5277],[31.62808,-1.52358],[31.63016,-1.51782],[31.63174,-1.50885],[31.63217,-1.49994],[31.62693,-1.49471],[31.61361,-1.49208],[31.61457,-1.48641],[31.60904,-1.47802],[31.61025,-1.46276],[31.61212,-1.46076],[31.6159,-1.46398],[31.62425,-1.46278],[31.6274,-1.46453],[31.63358,-1.46451],[31.63933,-1.46595],[31.66517,-1.45799],[31.66959,-1.45793],[31.67131,-1.4554],[31.66941,-1.46346]]]]},"properties":{"region":"Kagera","district":"Bukoba","ward":"Ibwera","ward_code":"141"}},{"type":"Feature","geometry":{"type":"Polygon","coordinates":[[[31.63016,-1.51782],[31.62808,-1.52358],[31.62332,-1.52327],[31.62188,-1.52899],[31.61823,-1.53396],[31.61569,-1.54224],[31.60499,-1.55373],[31.60452,-1.56218],[31.59954,-1.5671],[31.59208,-1.56024],[31.5886,-1.56204],[31.58017,-1.56901],[31.58022,-1.58019],[31.58208,-1.58385],[31.5745,-1.58939],[31.5615,-1.60309],[31.55634,-1.59779],[31.55319,-1.58778],[31.54531,-1.58317],[31.54758,-1.58049],[31.55179,-1.57152],[31.5588,-1.56648],[31.55932,-1.55825],[31.55838,-1.5535],[31.56558,-1.5373],[31.57049,-1.53157],[31.57379,-1.52955],[31.57548,-1.5336],[31.57878,-1.52936],[31.57865,-1.52064],[31.58233,-1.51516],[31.58026,-1.51382],[31.58325,-1.51046],[31.5876,-1.51178],[31.59124,-1.5158],[31.60255,-1.52234],[31.60395,-1.52111],[31.60231,-1.50559],[31.60498,-1.49902],[31.60403,-1.49506],[31.60785,-1.4916],[31.61175,-1.49171],[31.62693,-1.49471],[31.63217,-1.49994],[31.63016,-1.51782]]]},"properties":{"region":"Kagera","district":"Bukoba","ward":"Mikoni","ward_code":"151"}},{"type":"Feature","geometry":{"type":"Polygon","coordinates":[[[31.46899,-1.39031],[31.4684,-1.40454],[31.46626,-1.40658],[31.46623,-1.41338],[31.46321,-1.41782],[31.44152,-1.41967],[31.43348,-1.42873],[31.43227,-1.4356],[31.43073,-1.4386],[31.42808,-1.43927],[31.4253,-1.44224],[31.42491,-1.44457],[31.42661,-1.44809],[31.42347,-1.45227],[31.41905,-1.45282],[31.41767,-1.45153],[31.40352,-1.45293],[31.3956,-1.45842],[31.38508,-1.46379],[31.36365,-1.46157],[31.3543,-1.46458],[31.34375,-1.46353],[31.3515,-1.44163],[31.35493,-1.43674],[31.35583,-1.43228],[31.35455,-1.42835],[31.35697,-1.42441],[31.35845,-1.42358],[31.3676,-1.4058],[31.36954,-1.40406],[31.37166,-1.39794],[31.38099,-1.39837],[31.38389,-1.39208],[31.38348,-1.38953],[31.38593,-1.37448],[31.38706,-1.37188],[31.39247,-1.36951],[31.39535,-1.3635],[31.40596,-1.36001],[31.42584,-1.35068],[31.45443,-1.3583],[31.45363,-1.37028],[31.45487,-1.37189],[31.45468,-1.3753],[31.45767,-1.37664],[31.45852,-1.37929],[31.46053,-1.37998],[31.46769,-1.38766],[31.46899,-1.39031]]]},"properties":{"region":"Kagera","district":"Bukoba","ward":"Kyamulaile","ward_code":"251"}},{"type":"Feature","geometry":{"type":"Polygon","coordinates":[[[31.54273,-1.34783],[31.54226,-1.36057],[31.53146,-1.36412],[31.52541,-1.37004],[31.5188,-1.3977],[31.51968,-1.40316],[31.51924,-1.40674],[31.51716,-1.41147],[31.51521,-1.42273],[31.50871,-1.44271],[31.50153,-1.44269],[31.49561,-1.44444],[31.4907,-1.44404],[31.48777,-1.44643],[31.4824,-1.44557],[31.47104,-1.43837],[31.46314,-1.42824],[31.46211,-1.41787],[31.46321,-1.41782],[31.46623,-1.41338],[31.46626,-1.40658],[31.4684,-1.40454],[31.4687,-1.40239],[31.46808,-1.40075],[31.46899,-1.39031],[31.46417,-1.38342],[31.46053,-1.37998],[31.45852,-1.37929],[31.45767,-1.37664],[31.45468,-1.3753],[31.45487,-1.37189],[31.45363,-1.37028],[31.45443,-1.3583],[31.46576,-1.36131],[31.48273,-1.35529],[31.50226,-1.35723],[31.5181,-1.33175],[31.53297,-1.32852],[31.54152,-1.32467],[31.54273,-1.34783]]]},"properties":{"region":"Kagera","district":"Bukoba","ward":"Katoro","ward_code":"263"}},{"type":"Feature","geometry":{"type":"Polygon","coordinates":[[[31.54583,-1.36329],[31.55291,-1.36512],[31.56952,-1.36484],[31.57827,-1.36957],[31.58176,-1.36932],[31.58325,-1.38209],[31.58148,-1.38507],[31.58071,-1.39232],[31.58148,-1.39589],[31.6047,-1.41514],[31.60797,-1.41499],[31.61102,-1.41747],[31.6102,-1.42619],[31.61159,-1.42841],[31.61018,-1.43226],[31.60621,-1.43081],[31.60206,-1.43087],[31.59923,-1.42793],[31.59674,-1.42905],[31.59763,-1.43768],[31.59917,-1.44219],[31.59607,-1.44828],[31.59388,-1.45623],[31.58615,-1.45437],[31.58338,-1.44837],[31.58418,-1.43979],[31.58122,-1.43589],[31.5759,-1.43368],[31.56807,-1.43547],[31.55701,-1.44696],[31.54511,-1.46372],[31.53785,-1.45809],[31.52876,-1.46884],[31.51941,-1.47569],[31.51681,-1.47482],[31.51214,-1.46259],[31.5109,-1.44926],[31.50871,-1.44271],[31.51521,-1.42273],[31.51716,-1.41147],[31.51924,-1.40674],[31.51968,-1.40316],[31.5188,-1.3977],[31.5221,-1.38174],[31.52541,-1.37004],[31.53146,-1.36412],[31.54226,-1.36057],[31.54583,-1.36329]]]},"properties":{"region":"Kagera","district":"Bukoba","ward":"Kaibanja","ward_code":"271"}},{"type":"Feature","geometry":{"type":"Polygon","coordinates":[[[31.64637,-1.30043],[31.65467,-1.30189],[31.65838,-1.30744],[31.6626,-1.31027],[31.66407,-1.30938],[31.66586,-1.31071],[31.6701,-1.31728],[31.6717,-1.32149],[31.67296,-1.32205],[31.67331,-1.32596],[31.67616,-1.33098],[31.67751,-1.33707],[31.6769,-1.34481],[31.67966,-1.34886],[31.67569,-1.3537],[31.6749,-1.36501],[31.6731,-1.37283],[31.66458,-1.37079],[31.64406,-1.36865],[31.63381,-1.35919],[31.63048,-1.35923],[31.62785,-1.36177],[31.62686,-1.37158],[31.62115,-1.37196],[31.61966,-1.3823],[31.61426,-1.38551],[31.60814,-1.38227],[31.60352,-1.37719],[31.5921,-1.35466],[31.60305,-1.33506],[31.60873,-1.31768],[31.61417,-1.31716],[31.61358,-1.31465],[31.61423,-1.3137],[31.6159,-1.31606],[31.61703,-1.31606],[31.6172,-1.31391],[31.61894,-1.31263],[31.6212,-1.31405],[31.62296,-1.3118],[31.62439,-1.31439],[31.6271,-1.31457],[31.62587,-1.31089],[31.62753,-1.3126],[31.63146,-1.31167],[31.63344,-1.3109],[31.63403,-1.30845],[31.63543,-1.3105],[31.63643,-1.30946],[31.63611,-1.3063],[31.63859,-1.30662],[31.63989,-1.30286],[31.64637,-1.30043]]]},"properties":{"region":"Kagera","district":"Bukoba","ward":"Kasharu","ward_code":"281"}},{"type":"Feature","geometry":{"type":"Polygon","coordinates":[[[31.60814,-1.38227],[31.61426,-1.38551],[31.61966,-1.3823],[31.62115,-1.37196],[31.62686,-1.37158],[31.62698,-1.36541],[31.62817,-1.36072],[31.63048,-1.35923],[31.63381,-1.35919],[31.64406,-1.36865],[31.66458,-1.37079],[31.6731,-1.37283],[31.67747,-1.39333],[31.67057,-1.40392],[31.67086,-1.41372],[31.65799,-1.41631],[31.64531,-1.41592],[31.6339,-1.40987],[31.62789,-1.40963],[31.62464,-1.41034],[31.62347,-1.41245],[31.61888,-1.41565],[31.61102,-1.41747],[31.60797,-1.41499],[31.6047,-1.41514],[31.58148,-1.39589],[31.58071,-1.39232],[31.58148,-1.38507],[31.58325,-1.38209],[31.58176,-1.36932],[31.58328,-1.36922],[31.5921,-1.35466],[31.60352,-1.37719],[31.60814,-1.38227]]]},"properties":{"region":"Kagera","district":"Bukoba","ward":"Kishogo","ward_code":"291"}},{"type":"Feature","geometry":{"type":"Polygon","coordinates":[[[31.52073,-1.49017],[31.52406,-1.49124],[31.52878,-1.49114],[31.53719,-1.48638],[31.53883,-1.4896],[31.54156,-1.49071],[31.5498,-1.49906],[31.5523,-1.49876],[31.556,-1.4957],[31.55855,-1.49801],[31.56155,-1.49861],[31.56431,-1.4977],[31.56584,-1.50242],[31.57103,-1.5066],[31.57038,-1.50796],[31.57238,-1.51003],[31.58233,-1.51516],[31.57865,-1.52064],[31.57878,-1.52936],[31.57548,-1.5336],[31.57379,-1.52955],[31.57049,-1.53157],[31.56558,-1.5373],[31.55838,-1.5535],[31.55932,-1.55825],[31.5588,-1.56648],[31.55179,-1.57152],[31.54758,-1.58049],[31.54531,-1.58317],[31.53937,-1.58097],[31.53536,-1.57526],[31.5261,-1.57192],[31.522,-1.55299],[31.51451,-1.54064],[31.5041,-1.52755],[31.50814,-1.51647],[31.52011,-1.50542],[31.52402,-1.49831],[31.52337,-1.49513],[31.51774,-1.48982],[31.51728,-1.48798],[31.5183,-1.48418],[31.52073,-1.49017]]]},"properties":{"region":"Kagera","district":"Bukoba","ward":"Butelankuzi","ward_code":"161"}},{"type":"Feature","geometry":{"type":"Polygon","coordinates":[[[31.51602,-1.62858],[31.50899,-1.6454],[31.50088,-1.64352],[31.49963,-1.6367],[31.4972,-1.63602],[31.50196,-1.62996],[31.50353,-1.62538],[31.49649,-1.61076],[31.49217,-1.608],[31.48652,-1.60157],[31.47934,-1.58749],[31.48286,-1.57901],[31.48086,-1.57878],[31.48371,-1.56319],[31.4888,-1.54742],[31.49205,-1.54275],[31.50156,-1.53301],[31.5041,-1.52755],[31.51451,-1.54064],[31.522,-1.55299],[31.5261,-1.57192],[31.53536,-1.57526],[31.53937,-1.58097],[31.54531,-1.58317],[31.54442,-1.58716],[31.53882,-1.59472],[31.53472,-1.60336],[31.52648,-1.60783],[31.52345,-1.61294],[31.52107,-1.62311],[31.51602,-1.62858]]]},"properties":{"region":"Kagera","district":"Bukoba","ward":"Rubale","ward_code":"171"}},{"type":"Feature","geometry":{"type":"Polygon","coordinates":[[[31.50203,-1.66141],[31.4967,-1.68085],[31.50182,-1.68103],[31.5015,-1.70028],[31.50334,-1.70228],[31.47893,-1.70025],[31.47233,-1.69618],[31.47053,-1.69979],[31.46608,-1.69981],[31.46477,-1.69674],[31.44071,-1.69654],[31.42493,-1.69304],[31.41707,-1.68559],[31.38445,-1.68461],[31.36395,-1.67879],[31.35263,-1.6721],[31.36604,-1.66315],[31.37676,-1.65807],[31.38428,-1.6519],[31.39684,-1.64982],[31.40232,-1.65341],[31.41025,-1.65276],[31.41624,-1.6508],[31.42209,-1.65234],[31.44362,-1.66828],[31.4446,-1.67143],[31.44722,-1.67202],[31.45013,-1.6712],[31.45036,-1.66922],[31.4519,-1.66906],[31.45368,-1.66685],[31.45614,-1.66022],[31.45922,-1.65874],[31.45932,-1.65647],[31.45777,-1.65312],[31.45899,-1.65212],[31.45769,-1.64386],[31.45837,-1.64161],[31.45621,-1.63289],[31.45447,-1.6308],[31.45336,-1.62361],[31.45376,-1.61358],[31.45087,-1.61075],[31.45077,-1.60731],[31.4522,-1.60526],[31.45467,-1.60442],[31.45775,-1.59957],[31.46755,-1.59141],[31.46882,-1.58878],[31.47462,-1.58681],[31.47934,-1.58749],[31.48652,-1.60157],[31.49217,-1.608],[31.49649,-1.61076],[31.50353,-1.62538],[31.50196,-1.62996],[31.4972,-1.63602],[31.49963,-1.6367],[31.50088,-1.64352],[31.50899,-1.6454],[31.50672,-1.65613],[31.50203,-1.66141]]]},"properties":{"region":"Kagera","district":"Bukoba","ward":"Rukoma","ward_code":"181"}},{"type":"Feature","geometry":{"type":"Polygon","coordinates":[[[31.51194,-1.69978],[31.50334,-1.70228],[31.5015,-1.70028],[31.50182,-1.68103],[31.4967,-1.68085],[31.50203,-1.66141],[31.50672,-1.65613],[31.50899,-1.6454],[31.5132,-1.63344],[31.51602,-1.62858],[31.52107,-1.62311],[31.52345,-1.61294],[31.52648,-1.60783],[31.53472,-1.60336],[31.53882,-1.59472],[31.54442,-1.58716],[31.54531,-1.58317],[31.55319,-1.58778],[31.55634,-1.59779],[31.5615,-1.60309],[31.55288,-1.6115],[31.54504,-1.61712],[31.54211,-1.62425],[31.54637,-1.62669],[31.54006,-1.63832],[31.53983,-1.65056],[31.5321,-1.66117],[31.52692,-1.66241],[31.53025,-1.66725],[31.53086,-1.67048],[31.52593,-1.6837],[31.51253,-1.69398],[31.51194,-1.69978]]]},"properties":{"region":"Kagera","district":"Bukoba","ward":"Kikomero","ward_code":"191"}},{"type":"Feature","geometry":{"type":"Polygon","coordinates":[[[31.38609,-1.5832],[31.40357,-1.59154],[31.40907,-1.59037],[31.41665,-1.59142],[31.42015,-1.59424],[31.42253,-1.59308],[31.42806,-1.59611],[31.43489,-1.5977],[31.44878,-1.60493],[31.4522,-1.60526],[31.45062,-1.60938],[31.45199,-1.61252],[31.45376,-1.61358],[31.45336,-1.62361],[31.45447,-1.6308],[31.45621,-1.63289],[31.45837,-1.64161],[31.45769,-1.64386],[31.45899,-1.65212],[31.45777,-1.65312],[31.45932,-1.65647],[31.45922,-1.65874],[31.45614,-1.66022],[31.45368,-1.66685],[31.4519,-1.66906],[31.45036,-1.66922],[31.45013,-1.6712],[31.44902,-1.67191],[31.4446,-1.67143],[31.44362,-1.66828],[31.42562,-1.65474],[31.42209,-1.65234],[31.41624,-1.6508],[31.41025,-1.65276],[31.40232,-1.65341],[31.39684,-1.64982],[31.38428,-1.6519],[31.37676,-1.65807],[31.36604,-1.66315],[31.35263,-1.6721],[31.34396,-1.66408],[31.35434,-1.64323],[31.32789,-1.60534],[31.35774,-1.5918],[31.37132,-1.56731],[31.37513,-1.56392],[31.3783,-1.56475],[31.38609,-1.5832]]]},"properties":{"region":"Kagera","district":"Bukoba","ward":"Kibirizi","ward_code":"201"}},{"type":"Feature","geometry":{"type":"Polygon","coordinates":[[[31.50871,-1.44271],[31.5109,-1.44926],[31.51214,-1.46259],[31.51697,-1.47439],[31.51587,-1.4773],[31.51871,-1.48518],[31.5183,-1.48418],[31.51728,-1.48798],[31.51774,-1.48982],[31.52337,-1.49513],[31.52402,-1.49831],[31.52011,-1.50542],[31.50814,-1.51647],[31.50156,-1.53301],[31.49205,-1.54275],[31.4888,-1.54742],[31.48371,-1.56319],[31.48086,-1.57878],[31.46566,-1.577],[31.45115,-1.5734],[31.45801,-1.55855],[31.45707,-1.55234],[31.45958,-1.55368],[31.46471,-1.54834],[31.4694,-1.54066],[31.46952,-1.53566],[31.46351,-1.52876],[31.46558,-1.51988],[31.46485,-1.51459],[31.47022,-1.51406],[31.46867,-1.50668],[31.47363,-1.5019],[31.48041,-1.49864],[31.48497,-1.48386],[31.48318,-1.46932],[31.48384,-1.46067],[31.48777,-1.44643],[31.4907,-1.44404],[31.49561,-1.44444],[31.50153,-1.44269],[31.50871,-1.44271]]]},"properties":{"region":"Kagera","district":"Bukoba","ward":"Izimbya","ward_code":"213"}},{"type":"Feature","geometry":{"type":"Polygon","coordinates":[[[31.4479,-1.50383],[31.45335,-1.5091],[31.45417,-1.51231],[31.45704,-1.51475],[31.46485,-1.51459],[31.46558,-1.51988],[31.46351,-1.52876],[31.46952,-1.53566],[31.4694,-1.54066],[31.46471,-1.54834],[31.45958,-1.55368],[31.45707,-1.55234],[31.45801,-1.55855],[31.45115,-1.5734],[31.46566,-1.577],[31.48286,-1.57901],[31.47934,-1.58749],[31.47462,-1.58681],[31.46882,-1.58878],[31.46755,-1.59141],[31.45775,-1.59957],[31.45467,-1.60442],[31.4522,-1.60526],[31.44878,-1.60493],[31.43489,-1.5977],[31.42806,-1.59611],[31.42253,-1.59308],[31.42015,-1.59424],[31.41665,-1.59142],[31.40907,-1.59037],[31.40357,-1.59154],[31.38609,-1.5832],[31.3783,-1.56475],[31.37513,-1.56392],[31.37132,-1.56731],[31.37236,-1.56484],[31.37207,-1.56209],[31.36939,-1.55522],[31.36999,-1.54838],[31.37916,-1.54784],[31.38911,-1.54492],[31.38752,-1.52706],[31.39279,-1.52651],[31.39362,-1.52426],[31.39812,-1.5196],[31.40386,-1.519],[31.41015,-1.52094],[31.42632,-1.51744],[31.42417,-1.51132],[31.42935,-1.50648],[31.43365,-1.50657],[31.43687,-1.50401],[31.44089,-1.50344],[31.44542,-1.49919],[31.4479,-1.50383]]]},"properties":{"region":"Kagera","district":"Bukoba","ward":"Kyaitoke","ward_code":"221"}},{"type":"Feature","geometry":{"type":"Polygon","coordinates":[[[31.41348,-1.45195],[31.41369,-1.45563],[31.41573,-1.4552],[31.42003,-1.46058],[31.42153,-1.46817],[31.42309,-1.47024],[31.42978,-1.46576],[31.43161,-1.46783],[31.43527,-1.47038],[31.43674,-1.46994],[31.43899,-1.47229],[31.44491,-1.4723],[31.45047,-1.47463],[31.44744,-1.47964],[31.44676,-1.48892],[31.44394,-1.49434],[31.44542,-1.49919],[31.44089,-1.50344],[31.43687,-1.50401],[31.43365,-1.50657],[31.42935,-1.50648],[31.42417,-1.51132],[31.42632,-1.51744],[31.41015,-1.52094],[31.40386,-1.519],[31.39812,-1.5196],[31.39362,-1.52426],[31.39279,-1.52651],[31.38752,-1.52706],[31.38911,-1.54492],[31.37916,-1.54784],[31.36999,-1.54838],[31.35399,-1.54731],[31.33812,-1.54492],[31.33282,-1.52072],[31.33076,-1.5167],[31.33158,-1.50666],[31.33578,-1.49888],[31.33478,-1.49384],[31.3329,-1.49113],[31.33424,-1.47864],[31.34069,-1.46552],[31.34375,-1.46353],[31.3543,-1.46458],[31.36365,-1.46157],[31.38508,-1.46379],[31.3956,-1.45842],[31.40352,-1.45293],[31.41348,-1.45195]]]},"properties":{"region":"Kagera","district":"Bukoba","ward":"Ruhunga","ward_code":"231"}},{"type":"Feature","geometry":{"type":"Polygon","coordinates":[[[31.48777,-1.44643],[31.48384,-1.46067],[31.48318,-1.46932],[31.48497,-1.48386],[31.48041,-1.49864],[31.47363,-1.5019],[31.46867,-1.50668],[31.47022,-1.51406],[31.46176,-1.51489],[31.45704,-1.51475],[31.45417,-1.51231],[31.45335,-1.5091],[31.4479,-1.50383],[31.44394,-1.49434],[31.44676,-1.48892],[31.44744,-1.47964],[31.45047,-1.47463],[31.44491,-1.4723],[31.43899,-1.47229],[31.43674,-1.46994],[31.43527,-1.47038],[31.43161,-1.46783],[31.42978,-1.46576],[31.42309,-1.47024],[31.42153,-1.46817],[31.42003,-1.46058],[31.41573,-1.4552],[31.41369,-1.45563],[31.41348,-1.45195],[31.41767,-1.45153],[31.41905,-1.45282],[31.42347,-1.45227],[31.42661,-1.44809],[31.42491,-1.44457],[31.4253,-1.44224],[31.42808,-1.43927],[31.43073,-1.4386],[31.43227,-1.4356],[31.43348,-1.42873],[31.44152,-1.41967],[31.46211,-1.41787],[31.46314,-1.42824],[31.47104,-1.43837],[31.4824,-1.44557],[31.48777,-1.44643]]]},"properties":{"region":"Kagera","district":"Bukoba","ward":"Mugajwale","ward_code":"241"}},{"type":"Feature","geometry":{"type":"Polygon","coordinates":[[[31.79919,-1.32008],[31.80405,-1.32043],[31.80829,-1.32262],[31.80664,-1.32492],[31.80838,-1.32782],[31.80661,-1.32915],[31.8061,-1.33105],[31.80706,-1.33219],[31.80609,-1.33372],[31.80499,-1.33213],[31.80295,-1.33245],[31.80216,-1.32845],[31.80076,-1.32696],[31.80109,-1.32519],[31.79952,-1.32419],[31.80049,-1.32318],[31.7985,-1.32145],[31.79919,-1.32008]]]},"properties":{"region":"Kagera","district":"Bukoba","ward":"Hamugembe","ward_code":"012"}},{"type":"Feature","geometry":{"type":"Polygon","coordinates":[[[31.79851,-1.29353],[31.81137,-1.29844],[31.81281,-1.29746],[31.81368,-1.29952],[31.81572,-1.29965],[31.8163,-1.30053],[31.81486,-1.30586],[31.81068,-1.30732],[31.81017,-1.31629],[31.80757,-1.32198],[31.80617,-1.32215],[31.80405,-1.32043],[31.79907,-1.31984],[31.79817,-1.32058],[31.79693,-1.31858],[31.79591,-1.31935],[31.79221,-1.31705],[31.78877,-1.31624],[31.78417,-1.30757],[31.78391,-1.30578],[31.78526,-1.30619],[31.78743,-1.30421],[31.78725,-1.29742],[31.78977,-1.29768],[31.78966,-1.29697],[31.79297,-1.29565],[31.79313,-1.29463],[31.79851,-1.29353]]]},"properties":{"region":"Kagera","district":"Bukoba","ward":"Nshambya","ward_code":"022"}},{"type":"Feature","geometry":{"type":"Polygon","coordinates":[[[31.82211,-1.27046],[31.82336,-1.27053],[31.82332,-1.2718],[31.82546,-1.27421],[31.82386,-1.27983],[31.82637,-1.28817],[31.82433,-1.29385],[31.8266,-1.30057],[31.82334,-1.30083],[31.82262,-1.30407],[31.81666,-1.30347],[31.81604,-1.29999],[31.81368,-1.29952],[31.81281,-1.29746],[31.81137,-1.29844],[31.79851,-1.29353],[31.79313,-1.29463],[31.79297,-1.29565],[31.78966,-1.29697],[31.78977,-1.29768],[31.78725,-1.29742],[31.79205,-1.28287],[31.79475,-1.28064],[31.79627,-1.28079],[31.79697,-1.27959],[31.80584,-1.27549],[31.80953,-1.27469],[31.80999,-1.27699],[31.81384,-1.27567],[31.81479,-1.27],[31.82027,-1.26442],[31.82203,-1.26416],[31.82296,-1.26566],[31.82211,-1.27046]]]},"properties":{"region":"Kagera","district":"Bukoba","ward":"Buhembe","ward_code":"032"}},{"type":"Feature","geometry":{"type":"MultiPolygon","coordinates":[[[[31.82809,-1.33002],[31.82809,-1.33002],[31.82809,-1.33002],[31.82809,-1.33002]]],[[[31.86558,-1.28907],[31.8645,-1.29382],[31.86513,-1.29448],[31.86575,-1.2939],[31.86496,-1.29788],[31.86365,-1.29297],[31.86558,-1.28907]]],[[[31.82873,-1.33256],[31.82793,-1.32845],[31.82945,-1.32575],[31.82907,-1.32281],[31.83318,-1.31544],[31.83506,-1.31437],[31.83424,-1.31459],[31.83133,-1.31218],[31.83003,-1.31237],[31.83029,-1.30951],[31.82825,-1.30912],[31.82869,-1.30479],[31.8266,-1.30057],[31.82334,-1.30083],[31.8266,-1.30057],[31.82433,-1.29385],[31.82637,-1.28817],[31.82386,-1.27983],[31.82447,-1.27898],[31.82929,-1.28109],[31.83343,-1.28845],[31.83977,-1.28507],[31.84765,-1.28305],[31.85168,-1.28325],[31.85526,-1.28514],[31.85758,-1.28525],[31.85668,-1.28909],[31.85535,-1.29043],[31.85528,-1.29314],[31.8496,-1.29826],[31.84627,-1.30341],[31.84563,-1.3071],[31.84675,-1.30929],[31.84728,-1.31429],[31.84064,-1.32148],[31.84068,-1.32374],[31.8385,-1.32451],[31.83971,-1.3301],[31.83912,-1.32783],[31.83734,-1.32696],[31.82873,-1.33256]]]]},"properties":{"region":"Kagera","district":"Bukoba","ward":"Kahororo","ward_code":"042"}},{"type":"Feature","geometry":{"type":"Polygon","coordinates":[[[31.8283,-1.30401],[31.82887,-1.30879],[31.82825,-1.30912],[31.83018,-1.30929],[31.83003,-1.31237],[31.83133,-1.31218],[31.83424,-1.31459],[31.83506,-1.31437],[31.83318,-1.31544],[31.82854,-1.32399],[31.82298,-1.32944],[31.81817,-1.328],[31.81812,-1.32551],[31.81571,-1.32737],[31.81312,-1.32478],[31.81108,-1.32569],[31.80855,-1.32076],[31.8107,-1.31346],[31.81118,-1.30656],[31.81486,-1.30586],[31.81618,-1.30199],[31.81666,-1.30347],[31.82262,-1.30407],[31.82334,-1.30083],[31.8266,-1.30057],[31.8283,-1.30401]]]},"properties":{"region":"Kagera","district":"Bukoba","ward":"Kashai","ward_code":"052"}},{"type":"Feature","geometry":{"type":"MultiPolygon","coordinates":[[[[31.8492,-1.34762],[31.85217,-1.34834],[31.84585,-1.3508],[31.84566,-1.34815],[31.8492,-1.34762]]],[[[31.82847,-1.33153],[31.81934,-1.33913],[31.81524,-1.33972],[31.81052,-1.33217],[31.81481,-1.32668],[31.81571,-1.32737],[31.81736,-1.32537],[31.81824,-1.32575],[31.81817,-1.328],[31.82298,-1.32944],[31.82415,-1.32901],[31.82907,-1.32281],[31.82945,-1.32575],[31.82793,-1.32845],[31.82847,-1.33153]],[[31.82809,-1.33002],[31.82809,-1.33002],[31.8281,-1.33002],[31.82809,-1.33002]]]]},"properties":{"region":"Kagera","district":"Bukoba","ward":"Miembeni","ward_code":"062"}},{"type":"Feature","geometry":{"type":"Polygon","coordinates":[[[31.811,-1.32559],[31.81312,-1.32478],[31.81527,-1.32698],[31.81052,-1.33217],[31.8134,-1.33663],[31.81055,-1.33527],[31.80905,-1.33687],[31.80609,-1.33372],[31.80706,-1.33219],[31.8061,-1.33105],[31.80661,-1.32915],[31.80838,-1.32782],[31.80664,-1.32492],[31.80827,-1.32359],[31.80855,-1.32076],[31.811,-1.32559]]]},"properties":{"region":"Kagera","district":"Bukoba","ward":"Bilele","ward_code":"072"}},{"type":"Feature","geometry":{"type":"Polygon","coordinates":[[[31.80441,-1.33191],[31.80905,-1.33687],[31.81055,-1.33527],[31.8134,-1.33663],[31.81524,-1.33972],[31.81934,-1.33913],[31.81568,-1.34368],[31.8157,-1.34622],[31.81441,-1.34704],[31.81549,-1.34875],[31.81716,-1.34783],[31.81647,-1.35084],[31.81828,-1.35552],[31.81646,-1.36505],[31.81883,-1.37551],[31.81686,-1.37859],[31.81226,-1.34991],[31.80943,-1.34512],[31.80714,-1.34465],[31.80445,-1.33907],[31.80276,-1.33848],[31.80125,-1.33315],[31.80441,-1.33191]]]},"properties":{"region":"Kagera","district":"Bukoba","ward":"Bakoba","ward_code":"082"}},{"type":"Feature","geometry":{"type":"Polygon","coordinates":[[[31.80422,-1.38523],[31.78332,-1.38651],[31.77872,-1.37158],[31.7786,-1.35005],[31.78502,-1.34807],[31.7899,-1.35193],[31.78997,-1.35447],[31.78869,-1.35561],[31.7935,-1.35861],[31.79973,-1.36587],[31.80034,-1.37227],[31.8023,-1.37796],[31.80474,-1.38139],[31.80422,-1.38523]]]},"properties":{"region":"Kagera","district":"Bukoba","ward":"Ijuganyondo","ward_code":"092"}},{"type":"Feature","geometry":{"type":"Polygon","coordinates":[[[31.80464,-1.33979],[31.80714,-1.34465],[31.80943,-1.34512],[31.81226,-1.34991],[31.81686,-1.37859],[31.8127,-1.3836],[31.80316,-1.38544],[31.80422,-1.38523],[31.80474,-1.38139],[31.8023,-1.37796],[31.80034,-1.37227],[31.79973,-1.36587],[31.7935,-1.35861],[31.78869,-1.35561],[31.79019,-1.35369],[31.78962,-1.34908],[31.79169,-1.34531],[31.78794,-1.34131],[31.79339,-1.34177],[31.79411,-1.33997],[31.79711,-1.34166],[31.80309,-1.3386],[31.80464,-1.33979]]]},"properties":{"region":"Kagera","district":"Bukoba","ward":"Kitendaguro","ward_code":"102"}},{"type":"Feature","geometry":{"type":"Polygon","coordinates":[[[31.78931,-1.3277],[31.78967,-1.32998],[31.79302,-1.32752],[31.7948,-1.32741],[31.79494,-1.32921],[31.79672,-1.33016],[31.7992,-1.32829],[31.80216,-1.32845],[31.8032,-1.33234],[31.80125,-1.33315],[31.80301,-1.33921],[31.79711,-1.34166],[31.79411,-1.33997],[31.79339,-1.34177],[31.78794,-1.34131],[31.79169,-1.34531],[31.78927,-1.35094],[31.78502,-1.34807],[31.7786,-1.35005],[31.77843,-1.34354],[31.78036,-1.34162],[31.77869,-1.3345],[31.77739,-1.33296],[31.78186,-1.32646],[31.78387,-1.32887],[31.78546,-1.32895],[31.78518,-1.3273],[31.78711,-1.32488],[31.78778,-1.32673],[31.78931,-1.3277]]]},"properties":{"region":"Kagera","district":"Bukoba","ward":"Kibeta","ward_code":"112"}},{"type":"Feature","geometry":{"type":"Polygon","coordinates":[[[31.7787,-1.30834],[31.78104,-1.30792],[31.78532,-1.31074],[31.78811,-1.31374],[31.78877,-1.31624],[31.78697,-1.32492],[31.78518,-1.3273],[31.78546,-1.32895],[31.78387,-1.32887],[31.78186,-1.32646],[31.77739,-1.33296],[31.77962,-1.3373],[31.77941,-1.33914],[31.77797,-1.33816],[31.77604,-1.33847],[31.77329,-1.33475],[31.77105,-1.33491],[31.77038,-1.33337],[31.76631,-1.33141],[31.76896,-1.32775],[31.76947,-1.32218],[31.76716,-1.32164],[31.77004,-1.31251],[31.7693,-1.30836],[31.76815,-1.30702],[31.76828,-1.30435],[31.77801,-1.30717],[31.7787,-1.30834]]]},"properties":{"region":"Kagera","district":"Bukoba","ward":"Kagondo","ward_code":"122"}},{"type":"Feature","geometry":{"type":"Polygon","coordinates":[[[31.79239,-1.28259],[31.78725,-1.29742],[31.78743,-1.30421],[31.78526,-1.30619],[31.78391,-1.30578],[31.78532,-1.31074],[31.78104,-1.30792],[31.7787,-1.30834],[31.77801,-1.30717],[31.76934,-1.30443],[31.76611,-1.30508],[31.76365,-1.2996],[31.76356,-1.29688],[31.76482,-1.29632],[31.7658,-1.29219],[31.76537,-1.28286],[31.77574,-1.27832],[31.77667,-1.26817],[31.776,-1.26478],[31.77713,-1.26016],[31.77916,-1.26062],[31.77924,-1.26296],[31.78117,-1.26568],[31.78926,-1.27214],[31.79569,-1.28026],[31.79239,-1.28259]]]},"properties":{"region":"Kagera","district":"Bukoba","ward":"Nyanga","ward_code":"132"}},{"type":"Feature","geometry":{"type":"Polygon","coordinates":[[[31.78877,-1.31624],[31.79591,-1.31935],[31.79718,-1.31873],[31.79714,-1.3198],[31.79848,-1.32027],[31.7985,-1.32145],[31.80049,-1.32318],[31.79952,-1.32419],[31.80109,-1.32519],[31.80151,-1.32846],[31.7992,-1.32829],[31.79579,-1.33019],[31.79504,-1.32759],[31.79302,-1.32752],[31.79211,-1.3289],[31.78925,-1.32992],[31.78931,-1.3277],[31.78778,-1.32673],[31.78665,-1.32368],[31.78877,-1.31624]]]},"properties":{"region":"Kagera","district":"Bukoba","ward":"Rwamishenye","ward_code":"142"}},{"type":"Feature","geometry":{"type":"Polygon","coordinates":[[[31.47984,-1.77747],[31.48319,-1.77747],[31.48406,-1.77456],[31.48814,-1.77432],[31.48598,-1.78546],[31.47979,-1.79212],[31.47968,-1.79781],[31.48623,-1.80017],[31.49433,-1.80159],[31.49481,-1.80773],[31.48369,-1.82114],[31.48279,-1.8245],[31.48301,-1.83565],[31.48918,-1.84752],[31.49287,-1.84719],[31.49765,-1.84456],[31.50283,-1.84811],[31.5025,-1.84911],[31.51076,-1.8627],[31.51289,-1.86284],[31.51454,-1.86693],[31.49787,-1.87052],[31.48955,-1.87683],[31.48531,-1.87309],[31.47487,-1.87147],[31.46406,-1.86699],[31.45265,-1.87532],[31.44446,-1.86764],[31.44359,-1.86399],[31.44415,-1.85341],[31.45137,-1.83419],[31.44757,-1.82941],[31.44637,-1.82615],[31.45199,-1.82433],[31.44609,-1.80417],[31.44964,-1.79297],[31.45859,-1.78445],[31.45767,-1.7676],[31.48252,-1.76527],[31.48211,-1.7717],[31.48032,-1.77171],[31.478,-1.77543],[31.47984,-1.77747]]]},"properties":{"region":"Kagera","district":"Muleba","ward":"Nyakatanga","ward_code":"301"}},{"type":"Feature","geometry":{"type":"Polygon","coordinates":[[[31.41707,-1.68559],[31.42493,-1.69304],[31.44071,-1.69654],[31.46477,-1.69674],[31.46608,-1.69981],[31.47053,-1.69979],[31.47233,-1.69618],[31.47893,-1.70025],[31.49107,-1.70137],[31.4833,-1.71002],[31.47747,-1.72569],[31.47332,-1.7291],[31.47223,-1.73413],[31.46248,-1.74195],[31.46082,-1.75178],[31.46116,-1.75993],[31.4578,-1.76608],[31.45859,-1.78445],[31.44964,-1.79297],[31.44609,-1.80417],[31.45199,-1.82433],[31.44637,-1.82615],[31.44757,-1.82941],[31.45137,-1.83419],[31.44415,-1.85341],[31.44346,-1.85871],[31.44446,-1.86764],[31.4326,-1.87945],[31.43079,-1.87881],[31.42475,-1.88167],[31.41877,-1.88261],[31.41718,-1.88159],[31.39642,-1.88777],[31.3768,-1.89059],[31.35639,-1.88933],[31.33393,-1.89461],[31.32786,-1.90196],[31.31343,-1.91229],[31.30042,-1.91076],[31.29283,-1.90755],[31.28887,-1.9021],[31.28695,-1.88775],[31.30849,-1.81956],[31.3163,-1.82294],[31.33067,-1.81521],[31.33911,-1.81316],[31.35012,-1.80647],[31.3694,-1.79085],[31.36609,-1.77799],[31.37059,-1.75976],[31.3729,-1.74583],[31.36855,-1.73622],[31.36332,-1.7327],[31.36243,-1.73119],[31.36344,-1.72722],[31.37693,-1.71573],[31.38028,-1.70605],[31.38542,-1.70311],[31.39346,-1.68532],[31.39509,-1.68576],[31.39532,-1.68461],[31.40039,-1.68461],[31.41707,-1.68559]]]},"properties":{"region":"Kagera","district":"Muleba","ward":"Ngenge","ward_code":"311"}},{"type":"Feature","geometry":{"type":"Polygon","coordinates":[[[31.32789,-1.60534],[31.35434,-1.64323],[31.34396,-1.66408],[31.35263,-1.6721],[31.36395,-1.67879],[31.38445,-1.68461],[31.39532,-1.68461],[31.39509,-1.68576],[31.39346,-1.68532],[31.39239,-1.68637],[31.38542,-1.70311],[31.38028,-1.70605],[31.37693,-1.71573],[31.36295,-1.72841],[31.36243,-1.73119],[31.36332,-1.7327],[31.36855,-1.73622],[31.3729,-1.74583],[31.37059,-1.75976],[31.36609,-1.77799],[31.3694,-1.79085],[31.35012,-1.80647],[31.33911,-1.81316],[31.33067,-1.81521],[31.3163,-1.82294],[31.30849,-1.81956],[31.28695,-1.88775],[31.24835,-1.85837],[31.22408,-1.828],[31.19651,-1.8023],[31.19504,-1.77321],[31.20407,-1.7257],[31.21472,-1.71232],[31.21932,-1.69723],[31.21501,-1.6717],[31.22708,-1.67181],[31.243,-1.65704],[31.24763,-1.66042],[31.25735,-1.66276],[31.26089,-1.66016],[31.28361,-1.65144],[31.26666,-1.62303],[31.27884,-1.6285],[31.29331,-1.62441],[31.29665,-1.60749],[31.29949,-1.60751],[31.29965,-1.59755],[31.30966,-1.58583],[31.32789,-1.60534]]]},"properties":{"region":"Kagera","district":"Muleba","ward":"Rutoro","ward_code":"321"}},{"type":"Feature","geometry":{"type":"Polygon","coordinates":[[[31.54006,-1.63831],[31.56573,-1.64927],[31.56765,-1.64901],[31.55584,-1.67012],[31.54998,-1.6833],[31.54676,-1.688],[31.54562,-1.69831],[31.54429,-1.69969],[31.54462,-1.70085],[31.54269,-1.70363],[31.54294,-1.70457],[31.53764,-1.71033],[31.53401,-1.72535],[31.53615,-1.73935],[31.53331,-1.75472],[31.5352,-1.76483],[31.53256,-1.76976],[31.53497,-1.7761],[31.53238,-1.7816],[31.53154,-1.78752],[31.52861,-1.79253],[31.52601,-1.79276],[31.52352,-1.79762],[31.52446,-1.80143],[31.52204,-1.80793],[31.52142,-1.81315],[31.52466,-1.81826],[31.53376,-1.81798],[31.5268,-1.82349],[31.52301,-1.82461],[31.51617,-1.82225],[31.5119,-1.82355],[31.50802,-1.82847],[31.50283,-1.84811],[31.49765,-1.84456],[31.49287,-1.84719],[31.48918,-1.84752],[31.48301,-1.83565],[31.48279,-1.8245],[31.48369,-1.82114],[31.49481,-1.80773],[31.49433,-1.80159],[31.49611,-1.79928],[31.49672,-1.79325],[31.50017,-1.78762],[31.50216,-1.77661],[31.51621,-1.7425],[31.51512,-1.73658],[31.51842,-1.72416],[31.51834,-1.72164],[31.52037,-1.71903],[31.5242,-1.70921],[31.52704,-1.70523],[31.52839,-1.69896],[31.52259,-1.68603],[31.52593,-1.6837],[31.53086,-1.67048],[31.53025,-1.66725],[31.52692,-1.66241],[31.5321,-1.66117],[31.53983,-1.65056],[31.54006,-1.63831]]]},"properties":{"region":"Kagera","district":"Muleba","ward":"Kabirizi","ward_code":"331"}},{"type":"Feature","geometry":{"type":"Polygon","coordinates":[[[31.61634,-1.62649],[31.61916,-1.62668],[31.61976,-1.62873],[31.62183,-1.62957],[31.62712,-1.62907],[31.64643,-1.63078],[31.65794,-1.63991],[31.65654,-1.64458],[31.65325,-1.65016],[31.65501,-1.66194],[31.65222,-1.67041],[31.64758,-1.67051],[31.64286,-1.66425],[31.64534,-1.67577],[31.64937,-1.67976],[31.64648,-1.68085],[31.64514,-1.67966],[31.63743,-1.68011],[31.63461,-1.67492],[31.62984,-1.67185],[31.62896,-1.66732],[31.61989,-1.67237],[31.61208,-1.67387],[31.59842,-1.66859],[31.57267,-1.65356],[31.56765,-1.64901],[31.56889,-1.64714],[31.58085,-1.64361],[31.58395,-1.63716],[31.58743,-1.63653],[31.59087,-1.63253],[31.594,-1.63056],[31.59799,-1.62887],[31.6105,-1.62997],[31.61634,-1.62649]]]},"properties":{"region":"Kagera","district":"Muleba","ward":"Ibuga","ward_code":"391"}},{"type":"Feature","geometry":{"type":"Polygon","coordinates":[[[31.61569,-1.54224],[31.61582,-1.54602],[31.61799,-1.55036],[31.61668,-1.55632],[31.61766,-1.56091],[31.61619,-1.56285],[31.62099,-1.57125],[31.614,-1.5774],[31.60785,-1.58581],[31.60504,-1.59299],[31.59846,-1.59751],[31.59719,-1.60052],[31.58913,-1.60529],[31.58627,-1.60889],[31.58267,-1.61745],[31.58743,-1.63653],[31.58395,-1.63716],[31.58085,-1.64361],[31.56889,-1.64714],[31.56765,-1.64901],[31.56573,-1.64927],[31.54006,-1.63831],[31.54637,-1.62669],[31.54211,-1.62425],[31.54504,-1.61712],[31.55288,-1.6115],[31.5745,-1.58939],[31.58208,-1.58385],[31.58022,-1.58019],[31.58017,-1.56901],[31.5886,-1.56204],[31.59208,-1.56024],[31.59954,-1.5671],[31.60452,-1.56218],[31.60499,-1.55373],[31.61569,-1.54224]]]},"properties":{"region":"Kagera","district":"Muleba","ward":"Bulyakashaju","ward_code":"401"}},{"type":"Feature","geometry":{"type":"Polygon","coordinates":[[[31.64993,-1.56905],[31.65123,-1.57842],[31.64638,-1.58699],[31.64492,-1.58774],[31.64408,-1.59047],[31.65048,-1.59051],[31.64987,-1.59411],[31.65138,-1.59441],[31.64996,-1.59417],[31.64708,-1.59985],[31.64846,-1.60005],[31.65133,-1.6008],[31.6546,-1.60129],[31.6579,-1.60143],[31.6546,-1.6013],[31.65108,-1.60077],[31.64706,-1.59986],[31.65186,-1.61153],[31.65137,-1.61535],[31.655,-1.61757],[31.65558,-1.61907],[31.6571,-1.61929],[31.65558,-1.61907],[31.65399,-1.62438],[31.65163,-1.62735],[31.64713,-1.62906],[31.64643,-1.63078],[31.62712,-1.62907],[31.62183,-1.62957],[31.61976,-1.62873],[31.61916,-1.62668],[31.61683,-1.62712],[31.61582,-1.62618],[31.6142,-1.62809],[31.6105,-1.62997],[31.59799,-1.62887],[31.59087,-1.63253],[31.58743,-1.63653],[31.58267,-1.61745],[31.58627,-1.60889],[31.58913,-1.60529],[31.59719,-1.60052],[31.59846,-1.59751],[31.60504,-1.59299],[31.60785,-1.58581],[31.614,-1.5774],[31.62099,-1.57125],[31.62264,-1.57078],[31.63191,-1.57308],[31.63753,-1.57145],[31.64154,-1.57233],[31.64993,-1.56905]]]},"properties":{"region":"Kagera","district":"Muleba","ward":"Kamachumu","ward_code":"413"}},{"type":"Feature","geometry":{"type":"Polygon","coordinates":[[[31.63623,-1.52801],[31.63946,-1.53074],[31.643,-1.52893],[31.65635,-1.53227],[31.66512,-1.52667],[31.67547,-1.53293],[31.67552,-1.53404],[31.67646,-1.53388],[31.67538,-1.53715],[31.676,-1.53781],[31.67447,-1.53952],[31.67553,-1.53975],[31.67435,-1.54255],[31.67542,-1.54341],[31.67461,-1.54441],[31.67606,-1.54433],[31.67487,-1.54692],[31.67487,-1.54868],[31.67576,-1.54909],[31.67412,-1.55043],[31.67441,-1.55145],[31.67202,-1.55586],[31.67171,-1.56342],[31.67012,-1.56626],[31.67104,-1.57663],[31.67273,-1.57886],[31.67119,-1.58026],[31.67117,-1.58164],[31.67286,-1.58287],[31.67227,-1.58471],[31.6739,-1.58809],[31.67321,-1.58979],[31.67532,-1.59337],[31.67329,-1.59621],[31.66985,-1.59636],[31.66505,-1.60156],[31.6546,-1.60129],[31.64708,-1.59985],[31.64996,-1.59417],[31.65138,-1.59441],[31.64987,-1.59411],[31.65048,-1.59051],[31.64904,-1.59002],[31.64602,-1.59087],[31.64404,-1.58989],[31.65123,-1.57842],[31.64993,-1.56905],[31.64154,-1.57233],[31.63753,-1.57145],[31.63191,-1.57308],[31.62264,-1.57078],[31.62099,-1.57125],[31.61619,-1.56285],[31.61766,-1.56091],[31.61668,-1.55632],[31.61799,-1.55036],[31.61582,-1.54602],[31.61569,-1.54224],[31.61823,-1.53396],[31.62188,-1.52899],[31.62332,-1.52327],[31.62808,-1.52358],[31.63215,-1.5277],[31.63623,-1.52801]]]},"properties":{"region":"Kagera","district":"Muleba","ward":"Ruhanga","ward_code":"421"}},{"type":"Feature","geometry":{"type":"Polygon","coordinates":[[[31.67373,-1.60079],[31.67071,-1.6208],[31.67368,-1.64411],[31.67337,-1.67361],[31.67217,-1.68006],[31.65229,-1.68097],[31.64937,-1.67976],[31.64534,-1.67577],[31.64286,-1.66425],[31.64758,-1.67051],[31.65222,-1.67041],[31.65501,-1.66194],[31.65325,-1.65016],[31.65654,-1.64458],[31.65794,-1.63991],[31.64643,-1.63078],[31.64713,-1.62906],[31.65163,-1.62735],[31.65399,-1.62438],[31.65558,-1.61907],[31.6571,-1.61929],[31.65558,-1.61907],[31.655,-1.61757],[31.65137,-1.61535],[31.65186,-1.61153],[31.64706,-1.59986],[31.66375,-1.60186],[31.66696,-1.60035],[31.66985,-1.59636],[31.67329,-1.59621],[31.67323,-1.59554],[31.67327,-1.59549],[31.67373,-1.60079]]]},"properties":{"region":"Kagera","district":"Muleba","ward":"Mafumbo","ward_code":"431"}},{"type":"Feature","geometry":{"type":"Polygon","coordinates":[[[31.72083,-1.51478],[31.7275,-1.5244],[31.72805,-1.52749],[31.72653,-1.52793],[31.72805,-1.52749],[31.72736,-1.53353],[31.72424,-1.5385],[31.72424,-1.54409],[31.72666,-1.54861],[31.73214,-1.55477],[31.73437,-1.55937],[31.73012,-1.56757],[31.72952,-1.57518],[31.72572,-1.58545],[31.72781,-1.59426],[31.72496,-1.59991],[31.72184,-1.60259],[31.71133,-1.60263],[31.70526,-1.59351],[31.70189,-1.59345],[31.69905,-1.59104],[31.68705,-1.58933],[31.67532,-1.59336],[31.67321,-1.58979],[31.6739,-1.58809],[31.67227,-1.58471],[31.67286,-1.58287],[31.67117,-1.58164],[31.67119,-1.58026],[31.67273,-1.57886],[31.67104,-1.57663],[31.67012,-1.56626],[31.67171,-1.56342],[31.67202,-1.55586],[31.67441,-1.55145],[31.67412,-1.55043],[31.67576,-1.54909],[31.67487,-1.54868],[31.67487,-1.54692],[31.67606,-1.54433],[31.67461,-1.54441],[31.67542,-1.54341],[31.67435,-1.54255],[31.67553,-1.53975],[31.67447,-1.53952],[31.676,-1.53781],[31.67538,-1.53715],[31.67646,-1.53388],[31.67552,-1.53404],[31.67547,-1.53293],[31.66512,-1.52667],[31.67059,-1.51769],[31.67542,-1.49466],[31.69708,-1.49698],[31.70104,-1.50015],[31.70393,-1.50069],[31.71204,-1.5056],[31.7213,-1.51298],[31.72083,-1.51478]]]},"properties":{"region":"Kagera","district":"Muleba","ward":"Muhutwe","ward_code":"011"}},{"type":"Feature","geometry":{"type":"Polygon","coordinates":[[[31.75,-1.5214],[31.75147,-1.53289],[31.75287,-1.53603],[31.7534,-1.55719],[31.75472,-1.56139],[31.75487,-1.56636],[31.75256,-1.56959],[31.74999,-1.56957],[31.74837,-1.56829],[31.74648,-1.56947],[31.74529,-1.57428],[31.74653,-1.57773],[31.75049,-1.58014],[31.75155,-1.57939],[31.75403,-1.58342],[31.7536,-1.59436],[31.75234,-1.59477],[31.75197,-1.59633],[31.75342,-1.59858],[31.74956,-1.60121],[31.73248,-1.60712],[31.73091,-1.60642],[31.72907,-1.60179],[31.72902,-1.59562],[31.72781,-1.59425],[31.72572,-1.58545],[31.72952,-1.57518],[31.73012,-1.56757],[31.73437,-1.55937],[31.73214,-1.55477],[31.72666,-1.54861],[31.72424,-1.54409],[31.72424,-1.5385],[31.72736,-1.53353],[31.72805,-1.52749],[31.72653,-1.52793],[31.72805,-1.52749],[31.7275,-1.5244],[31.72083,-1.51478],[31.72126,-1.51294],[31.7438,-1.51326],[31.74782,-1.51667],[31.75,-1.5214]]]},"properties":{"region":"Kagera","district":"Muleba","ward":"Mayondwe","ward_code":"021"}},{"type":"Feature","geometry":{"type":"MultiPolygon","coordinates":[[[[32.603,-1.47897],[32.60048,-1.48033],[32.60264,-1.47671],[32.60351,-1.47736],[32.603,-1.47897]]],[[[32.61834,-1.46469],[32.61902,-1.47144],[32.61751,-1.47287],[32.61638,-1.47667],[32.61487,-1.47773],[32.6115,-1.47672],[32.60862,-1.47423],[32.60485,-1.47567],[32.6046,-1.47434],[32.60741,-1.4722],[32.60706,-1.47084],[32.60548,-1.47074],[32.60659,-1.46923],[32.60886,-1.46826],[32.60877,-1.47004],[32.6099,-1.47071],[32.61524,-1.46651],[32.61443,-1.46271],[32.61751,-1.4611],[32.61912,-1.46312],[32.61834,-1.46469]]]]},"properties":{"region":"Kagera","district":"Muleba","ward":"Goziba","ward_code":"031"}},{"type":"Feature","geometry":{"type":"MultiPolygon","coordinates":[[[[31.98952,-1.51133],[31.98628,-1.51365],[31.98553,-1.51302],[31.98661,-1.51184],[31.98952,-1.51133]]],[[[32.00494,-1.50615],[32.00347,-1.50554],[32.00511,-1.50243],[32.00841,-1.5018],[32.00667,-1.50497],[32.00494,-1.50615]]],[[[31.98333,-1.5074],[31.9803,-1.50718],[31.98174,-1.50409],[31.98846,-1.49859],[31.99246,-1.4989],[31.9922,-1.50038],[31.98779,-1.50242],[31.98333,-1.5074]]],[[[32.13647,-1.44581],[32.13344,-1.45651],[32.12828,-1.45413],[32.12484,-1.45655],[32.12205,-1.46195],[32.12106,-1.46751],[32.12743,-1.4622],[32.12826,-1.46346],[32.12482,-1.46906],[32.12477,-1.47354],[32.11529,-1.48581],[32.11209,-1.48728],[32.11112,-1.48511],[32.11048,-1.48721],[32.10183,-1.49572],[32.09881,-1.49534],[32.0998,-1.49244],[32.10418,-1.48902],[32.11007,-1.4824],[32.11128,-1.47299],[32.11675,-1.46779],[32.11797,-1.46061],[32.12349,-1.45391],[32.12915,-1.45088],[32.12959,-1.44525],[32.13606,-1.44125],[32.13647,-1.44581]]]]},"properties":{"region":"Kagera","district":"Muleba","ward":"Kerebe","ward_code":"041"}},{"type":"Feature","geometry":{"type":"MultiPolygon","coordinates":[[[[31.80107,-1.83162],[31.79966,-1.83218],[31.80156,-1.82701],[31.80464,-1.82551],[31.80107,-1.83162]]],[[[31.84058,-1.76628],[31.84176,-1.76545],[31.84278,-1.77111],[31.84701,-1.76607],[31.84844,-1.76665],[31.84505,-1.77601],[31.83834,-1.78792],[31.82931,-1.79966],[31.82761,-1.79885],[31.82642,-1.80047],[31.82688,-1.8029],[31.81855,-1.81397],[31.80877,-1.82148],[31.80869,-1.81916],[31.81641,-1.80756],[31.81557,-1.80652],[31.81636,-1.80423],[31.81971,-1.80441],[31.82538,-1.79948],[31.82972,-1.79167],[31.83298,-1.78799],[31.83755,-1.77754],[31.8372,-1.77246],[31.836,-1.77155],[31.83024,-1.77578],[31.82857,-1.77353],[31.83101,-1.77038],[31.83188,-1.76519],[31.8338,-1.76091],[31.83799,-1.75927],[31.83904,-1.76442],[31.84058,-1.76628]]],[[[31.9504,-1.68265],[31.94917,-1.68038],[31.94971,-1.67944],[31.95045,-1.68036],[31.9504,-1.68265]]],[[[31.94533,-1.65654],[31.94542,-1.66079],[31.94445,-1.66071],[31.94418,-1.6628],[31.94179,-1.66434],[31.94057,-1.66183],[31.94144,-1.66012],[31.94353,-1.65964],[31.94397,-1.65673],[31.94464,-1.65725],[31.94533,-1.65654]]],[[[31.90249,-1.62504],[31.90708,-1.62698],[31.90855,-1.63019],[31.91215,-1.63283],[31.9134,-1.63208],[31.92023,-1.63839],[31.92184,-1.6385],[31.92293,-1.63979],[31.92418,-1.6395],[31.92723,-1.64414],[31.9332,-1.6485],[31.93361,-1.65184],[31.93737,-1.65797],[31.93266,-1.65522],[31.92629,-1.64649],[31.92301,-1.64535],[31.91882,-1.6398],[31.91629,-1.63945],[31.91225,-1.63383],[31.90702,-1.633],[31.90193,-1.62689],[31.90249,-1.62504]]],[[[31.89326,-1.60791],[31.89111,-1.61303],[31.89308,-1.61468],[31.89564,-1.61127],[31.90128,-1.61982],[31.89904,-1.6201],[31.89743,-1.63087],[31.89381,-1.64282],[31.89882,-1.65025],[31.90221,-1.66026],[31.90115,-1.6612],[31.89842,-1.66018],[31.89503,-1.66263],[31.89312,-1.67512],[31.89152,-1.67824],[31.87927,-1.67841],[31.87714,-1.68198],[31.87847,-1.69818],[31.87679,-1.70409],[31.87552,-1.70395],[31.86945,-1.71602],[31.86859,-1.72487],[31.86955,-1.73031],[31.87076,-1.73077],[31.86919,-1.73773],[31.86566,-1.74389],[31.86388,-1.74295],[31.86213,-1.74355],[31.85822,-1.75003],[31.85555,-1.75213],[31.85355,-1.75553],[31.85196,-1.75623],[31.85139,-1.75483],[31.84991,-1.75479],[31.84846,-1.75334],[31.84877,-1.74986],[31.85153,-1.74485],[31.85062,-1.74279],[31.84935,-1.74347],[31.84975,-1.74147],[31.8482,-1.74092],[31.84934,-1.73076],[31.85103,-1.73094],[31.85216,-1.7372],[31.85583,-1.73712],[31.85602,-1.73563],[31.85681,-1.73561],[31.85662,-1.73166],[31.86007,-1.7294],[31.86092,-1.73033],[31.86252,-1.72913],[31.86616,-1.72287],[31.86656,-1.71922],[31.86586,-1.71697],[31.86452,-1.71609],[31.86234,-1.7177],[31.86297,-1.71082],[31.8612,-1.70921],[31.85821,-1.71236],[31.8584,-1.7068],[31.85727,-1.70577],[31.85515,-1.69746],[31.8541,-1.69763],[31.85408,-1.69461],[31.85529,-1.69465],[31.85625,-1.68879],[31.85873,-1.6872],[31.86014,-1.68449],[31.86047,-1.68007],[31.86238,-1.67803],[31.86358,-1.67848],[31.86352,-1.69263],[31.86541,-1.69296],[31.86979,-1.68733],[31.87074,-1.67987],[31.87189,-1.68098],[31.8742,-1.67908],[31.87431,-1.67727],[31.87276,-1.67473],[31.87061,-1.67429],[31.8674,-1.66025],[31.86687,-1.65037],[31.86822,-1.64619],[31.87337,-1.64761],[31.87425,-1.64616],[31.87073,-1.64421],[31.86442,-1.63503],[31.86061,-1.63287],[31.86003,-1.63427],[31.85934,-1.63216],[31.86077,-1.63137],[31.85981,-1.62652],[31.85817,-1.62539],[31.85733,-1.62164],[31.85892,-1.62083],[31.8589,-1.61464],[31.85724,-1.61121],[31.8583,-1.60972],[31.85782,-1.60833],[31.86053,-1.60938],[31.86491,-1.61603],[31.86844,-1.61737],[31.8708,-1.61555],[31.87255,-1.61689],[31.87747,-1.61397],[31.87873,-1.61207],[31.88141,-1.61221],[31.88266,-1.61024],[31.88407,-1.6107],[31.88555,-1.60744],[31.88571,-1.60421],[31.88819,-1.60161],[31.89249,-1.60345],[31.89326,-1.60791]]],[[[31.86663,-1.58203],[31.86665,-1.58647],[31.86914,-1.58642],[31.87582,-1.59765],[31.88308,-1.60087],[31.88197,-1.60556],[31.87819,-1.60413],[31.87446,-1.60497],[31.87176,-1.60417],[31.86836,-1.6008],[31.86522,-1.60068],[31.86383,-1.59947],[31.86278,-1.595],[31.86538,-1.59152],[31.86492,-1.58948],[31.86264,-1.58944],[31.86126,-1.58722],[31.85841,-1.58696],[31.86206,-1.57649],[31.86333,-1.57917],[31.86663,-1.58203]]],[[[31.90614,-1.54708],[31.90249,-1.55136],[31.89988,-1.55125],[31.8995,-1.54738],[31.9036,-1.54557],[31.90387,-1.54289],[31.90523,-1.54142],[31.90678,-1.54195],[31.90742,-1.54339],[31.90614,-1.54708]]]]},"properties":{"region":"Kagera","district":"Muleba","ward":"Bumbire","ward_code":"051"}},{"type":"Feature","geometry":{"type":"Polygon","coordinates":[[[31.72907,-1.60179],[31.73091,-1.60642],[31.73248,-1.60712],[31.74956,-1.60121],[31.75342,-1.59858],[31.75534,-1.60229],[31.75721,-1.60291],[31.75892,-1.60824],[31.75654,-1.61493],[31.7528,-1.62084],[31.74963,-1.62259],[31.75057,-1.62746],[31.74897,-1.62947],[31.74834,-1.62963],[31.74847,-1.62811],[31.74573,-1.6289],[31.74502,-1.63054],[31.74624,-1.63296],[31.74726,-1.63184],[31.74563,-1.63639],[31.74498,-1.63516],[31.74371,-1.63561],[31.74446,-1.63708],[31.7433,-1.63722],[31.74271,-1.63893],[31.74452,-1.64042],[31.74515,-1.64328],[31.74453,-1.64532],[31.7411,-1.64752],[31.7391,-1.64736],[31.73734,-1.6505],[31.73133,-1.65361],[31.72903,-1.65567],[31.729,-1.65686],[31.71488,-1.65199],[31.7158,-1.64663],[31.71386,-1.64501],[31.71187,-1.63773],[31.70466,-1.63177],[31.70564,-1.62829],[31.71179,-1.62693],[31.71235,-1.62505],[31.71102,-1.61889],[31.71496,-1.6194],[31.7155,-1.61717],[31.71145,-1.60895],[31.71133,-1.60265],[31.72184,-1.60259],[31.72496,-1.59991],[31.72781,-1.59425],[31.72902,-1.59562],[31.72907,-1.60179]]]},"properties":{"region":"Kagera","district":"Muleba","ward":"Izigo","ward_code":"071"}},{"type":"Feature","geometry":{"type":"Polygon","coordinates":[[[31.69905,-1.59104],[31.70189,-1.59345],[31.70526,-1.59351],[31.71133,-1.60263],[31.71212,-1.6026],[31.71133,-1.60265],[31.71145,-1.60895],[31.7155,-1.61717],[31.71496,-1.6194],[31.71102,-1.61889],[31.71235,-1.62505],[31.71179,-1.62693],[31.70564,-1.62829],[31.70466,-1.63177],[31.71187,-1.63773],[31.71386,-1.64501],[31.7158,-1.64663],[31.71488,-1.65199],[31.729,-1.65686],[31.72852,-1.66208],[31.72936,-1.66299],[31.73044,-1.67188],[31.72889,-1.6746],[31.72864,-1.6784],[31.72983,-1.68243],[31.72786,-1.68722],[31.7264,-1.6868],[31.72736,-1.69117],[31.72694,-1.69396],[31.72564,-1.69628],[31.72537,-1.69526],[31.72219,-1.69813],[31.71544,-1.6979],[31.71336,-1.6957],[31.71083,-1.69636],[31.70619,-1.69431],[31.702,-1.69382],[31.69919,-1.69539],[31.6938,-1.69574],[31.68622,-1.6915],[31.68043,-1.69337],[31.67538,-1.6998],[31.66874,-1.70165],[31.66834,-1.69245],[31.67337,-1.67361],[31.67368,-1.64411],[31.67071,-1.6208],[31.67373,-1.60079],[31.67323,-1.59554],[31.67516,-1.59326],[31.68705,-1.58933],[31.69905,-1.59104]]]},"properties":{"region":"Kagera","district":"Muleba","ward":"Katoke","ward_code":"081"}},{"type":"Feature","geometry":{"type":"Polygon","coordinates":[[[31.68622,-1.6915],[31.6938,-1.69574],[31.69919,-1.69539],[31.702,-1.69382],[31.70619,-1.69431],[31.71083,-1.69636],[31.71336,-1.6957],[31.71544,-1.6979],[31.72219,-1.69813],[31.72311,-1.70039],[31.72487,-1.70138],[31.72518,-1.7003],[31.72583,-1.70285],[31.72541,-1.71284],[31.72643,-1.71427],[31.72726,-1.72083],[31.72551,-1.73531],[31.72142,-1.74571],[31.71742,-1.75201],[31.71462,-1.76032],[31.71299,-1.76226],[31.70858,-1.75829],[31.70774,-1.76088],[31.70389,-1.76523],[31.70308,-1.76846],[31.70032,-1.76536],[31.70159,-1.76134],[31.70171,-1.75668],[31.69437,-1.75081],[31.67776,-1.74784],[31.6656,-1.74685],[31.65979,-1.73532],[31.66388,-1.72989],[31.66213,-1.71041],[31.66874,-1.70165],[31.67538,-1.6998],[31.68043,-1.69337],[31.68622,-1.6915]]]},"properties":{"region":"Kagera","district":"Muleba","ward":"Kagoma","ward_code":"091"}},{"type":"Feature","geometry":{"type":"Polygon","coordinates":[[[31.70051,-1.76618],[31.70308,-1.76846],[31.70389,-1.76523],[31.70774,-1.76088],[31.70858,-1.75829],[31.71299,-1.76226],[31.70754,-1.76888],[31.70545,-1.77472],[31.70454,-1.78464],[31.70527,-1.78664],[31.70413,-1.78799],[31.70185,-1.7997],[31.70218,-1.80506],[31.70343,-1.80711],[31.70275,-1.80884],[31.7036,-1.80939],[31.70361,-1.8114],[31.70188,-1.81353],[31.70307,-1.81426],[31.70314,-1.81705],[31.70127,-1.82092],[31.69333,-1.82037],[31.69441,-1.80671],[31.68841,-1.80577],[31.68275,-1.802],[31.67769,-1.80081],[31.67303,-1.807],[31.66589,-1.81069],[31.65625,-1.8004],[31.65388,-1.79184],[31.65452,-1.77932],[31.64762,-1.77399],[31.63989,-1.77562],[31.64622,-1.7565],[31.65979,-1.73532],[31.6656,-1.74685],[31.67776,-1.74784],[31.69437,-1.75081],[31.70171,-1.75668],[31.70051,-1.76618]]]},"properties":{"region":"Kagera","district":"Muleba","ward":"Kikuku","ward_code":"101"}},{"type":"Feature","geometry":{"type":"Polygon","coordinates":[[[31.54931,-1.82301],[31.55238,-1.82272],[31.55956,-1.81975],[31.5657,-1.81911],[31.56766,-1.82177],[31.57267,-1.8216],[31.57934,-1.81938],[31.58199,-1.82034],[31.58253,-1.82813],[31.58666,-1.82949],[31.58943,-1.829],[31.58196,-1.84609],[31.58605,-1.8497],[31.58779,-1.85745],[31.58687,-1.86184],[31.58148,-1.86842],[31.5748,-1.87084],[31.57124,-1.87388],[31.57062,-1.8731],[31.56867,-1.87392],[31.56593,-1.87632],[31.55439,-1.87322],[31.54377,-1.88167],[31.54832,-1.88944],[31.54525,-1.8978],[31.5409,-1.90605],[31.54135,-1.90781],[31.53905,-1.904],[31.53966,-1.90025],[31.53796,-1.89846],[31.5379,-1.89344],[31.53376,-1.88737],[31.52794,-1.88225],[31.52808,-1.87807],[31.52477,-1.87531],[31.52479,-1.87325],[31.52262,-1.87197],[31.52114,-1.87279],[31.51794,-1.87188],[31.51643,-1.87029],[31.51474,-1.87004],[31.51467,-1.86724],[31.51289,-1.86284],[31.51076,-1.8627],[31.5025,-1.84911],[31.50562,-1.83982],[31.50802,-1.82847],[31.5119,-1.82355],[31.51617,-1.82225],[31.52301,-1.82461],[31.5268,-1.82349],[31.53376,-1.81798],[31.54931,-1.82301]]]},"properties":{"region":"Kagera","district":"Muleba","ward":"Biirabo","ward_code":"281"}},{"type":"Feature","geometry":{"type":"Polygon","coordinates":[[[31.52839,-1.69896],[31.52704,-1.70523],[31.5242,-1.70921],[31.52037,-1.71903],[31.51834,-1.72164],[31.51842,-1.72416],[31.51512,-1.73658],[31.51621,-1.7425],[31.50216,-1.77661],[31.50017,-1.78762],[31.49672,-1.79325],[31.49611,-1.79928],[31.49433,-1.80159],[31.48623,-1.80017],[31.47968,-1.79781],[31.47979,-1.79212],[31.48598,-1.78546],[31.48814,-1.77432],[31.48406,-1.77456],[31.48319,-1.77747],[31.47984,-1.77747],[31.478,-1.77543],[31.48032,-1.77171],[31.48211,-1.7717],[31.48252,-1.76527],[31.45767,-1.7676],[31.45924,-1.76245],[31.46116,-1.75993],[31.46082,-1.75178],[31.46248,-1.74195],[31.47223,-1.73413],[31.47332,-1.7291],[31.47747,-1.72569],[31.4833,-1.71002],[31.49107,-1.70137],[31.50334,-1.70228],[31.51194,-1.69978],[31.51253,-1.69398],[31.52259,-1.68603],[31.52839,-1.69896]]]},"properties":{"region":"Kagera","district":"Muleba","ward":"Mushabago","ward_code":"291"}},{"type":"Feature","geometry":{"type":"Polygon","coordinates":[[[31.58547,-1.76937],[31.59371,-1.77374],[31.59657,-1.78019],[31.59253,-1.78697],[31.59194,-1.79267],[31.58786,-1.79354],[31.58174,-1.7998],[31.58263,-1.80458],[31.58028,-1.81191],[31.58199,-1.82034],[31.57934,-1.81938],[31.57267,-1.8216],[31.56766,-1.82177],[31.5657,-1.81911],[31.55956,-1.81975],[31.55038,-1.82307],[31.53376,-1.81798],[31.52466,-1.81826],[31.52142,-1.81315],[31.52204,-1.80793],[31.52446,-1.80143],[31.52352,-1.79762],[31.52601,-1.79276],[31.52861,-1.79253],[31.53154,-1.78752],[31.53238,-1.7816],[31.53497,-1.7761],[31.53256,-1.76976],[31.5352,-1.76483],[31.5437,-1.76672],[31.55139,-1.77202],[31.55696,-1.77004],[31.55811,-1.77047],[31.55831,-1.76919],[31.56643,-1.76475],[31.56675,-1.76149],[31.5741,-1.74875],[31.5854,-1.74793],[31.58135,-1.75998],[31.58547,-1.76937]]]},"properties":{"region":"Kagera","district":"Muleba","ward":"Nshamba","ward_code":"343"}},{"type":"Feature","geometry":{"type":"Polygon","coordinates":[[[31.61605,-1.7498],[31.6224,-1.75004],[31.6315,-1.75516],[31.6264,-1.76031],[31.62355,-1.77177],[31.6163,-1.77243],[31.61301,-1.77111],[31.61019,-1.77648],[31.61157,-1.77982],[31.61013,-1.78587],[31.60586,-1.79509],[31.60472,-1.80429],[31.60932,-1.80673],[31.60353,-1.81533],[31.60027,-1.82761],[31.59383,-1.82784],[31.58666,-1.82949],[31.58345,-1.82867],[31.58253,-1.82813],[31.58028,-1.81191],[31.58263,-1.80458],[31.58174,-1.7998],[31.58786,-1.79354],[31.59194,-1.79267],[31.59253,-1.78697],[31.59657,-1.78019],[31.59371,-1.77374],[31.58547,-1.76937],[31.58135,-1.75998],[31.58954,-1.73562],[31.59407,-1.73616],[31.60538,-1.74635],[31.6144,-1.74826],[31.61605,-1.7498]]]},"properties":{"region":"Kagera","district":"Muleba","ward":"Kashasha","ward_code":"351"}},{"type":"Feature","geometry":{"type":"Polygon","coordinates":[[[31.62649,-1.6878],[31.62891,-1.69379],[31.63644,-1.69576],[31.63859,-1.69781],[31.63966,-1.70142],[31.63945,-1.7061],[31.64213,-1.71116],[31.63975,-1.71712],[31.64146,-1.72023],[31.64002,-1.7286],[31.64066,-1.73698],[31.63863,-1.74207],[31.63175,-1.74937],[31.6315,-1.75516],[31.6224,-1.75004],[31.6166,-1.75032],[31.6144,-1.74826],[31.60538,-1.74635],[31.59407,-1.73616],[31.58954,-1.73562],[31.58702,-1.72778],[31.58863,-1.72433],[31.58708,-1.71015],[31.58751,-1.69989],[31.59536,-1.6958],[31.59753,-1.69593],[31.60068,-1.69435],[31.6016,-1.69302],[31.60167,-1.68877],[31.61158,-1.67856],[31.61208,-1.67387],[31.61989,-1.67237],[31.62896,-1.66732],[31.62984,-1.67185],[31.63461,-1.67492],[31.62676,-1.68291],[31.62649,-1.6878]]]},"properties":{"region":"Kagera","district":"Muleba","ward":"Ijumbi","ward_code":"361"}},{"type":"Feature","geometry":{"type":"Polygon","coordinates":[[[31.58664,-1.69755],[31.58751,-1.69989],[31.58708,-1.71015],[31.58863,-1.72433],[31.58702,-1.72778],[31.58954,-1.73562],[31.5854,-1.74793],[31.5741,-1.74875],[31.56675,-1.76149],[31.56643,-1.76475],[31.55831,-1.76919],[31.55811,-1.77047],[31.55696,-1.77004],[31.55139,-1.77202],[31.5437,-1.76672],[31.5352,-1.76483],[31.53331,-1.75472],[31.53615,-1.73935],[31.53401,-1.72535],[31.53764,-1.71033],[31.54244,-1.7052],[31.55147,-1.70649],[31.55374,-1.70911],[31.55644,-1.70952],[31.5586,-1.71219],[31.56822,-1.70368],[31.56994,-1.69962],[31.5721,-1.69817],[31.57348,-1.69852],[31.57376,-1.69743],[31.5751,-1.69816],[31.57616,-1.69609],[31.58664,-1.69755]]]},"properties":{"region":"Kagera","district":"Muleba","ward":"Kishanda","ward_code":"371"}},{"type":"Feature","geometry":{"type":"Polygon","coordinates":[[[31.60167,-1.68877],[31.6016,-1.69302],[31.60068,-1.69435],[31.59753,-1.69593],[31.59536,-1.6958],[31.58751,-1.69989],[31.58664,-1.69755],[31.57616,-1.69609],[31.5751,-1.69816],[31.57376,-1.69743],[31.57348,-1.69852],[31.5721,-1.69817],[31.56994,-1.69962],[31.56822,-1.70368],[31.5586,-1.71219],[31.55644,-1.70952],[31.55374,-1.70911],[31.55147,-1.70649],[31.54244,-1.7052],[31.54462,-1.70085],[31.54429,-1.69969],[31.54562,-1.69831],[31.54676,-1.688],[31.54998,-1.6833],[31.55584,-1.67012],[31.56765,-1.64901],[31.57267,-1.65356],[31.59842,-1.66859],[31.61208,-1.67387],[31.61158,-1.67856],[31.60167,-1.68877]]]},"properties":{"region":"Kagera","district":"Muleba","ward":"Buganguzi","ward_code":"381"}},{"type":"Feature","geometry":{"type":"MultiPolygon","coordinates":[[[[31.73285,-2.21969],[31.73119,-2.22249],[31.73091,-2.21975],[31.73255,-2.21869],[31.73285,-2.21969]]],[[[31.73513,-2.18691],[31.73512,-2.19162],[31.73226,-2.18846],[31.72665,-2.18542],[31.72588,-2.1828],[31.72952,-2.18029],[31.73199,-2.18115],[31.73336,-2.18525],[31.73513,-2.18691]]],[[[31.82341,-2.14719],[31.82332,-2.15318],[31.82412,-2.15778],[31.82279,-2.15645],[31.82184,-2.14938],[31.82244,-2.1484],[31.82173,-2.14846],[31.82239,-2.1471],[31.82341,-2.14719]]],[[[31.74447,-2.12942],[31.74138,-2.1325],[31.74005,-2.13007],[31.74118,-2.1237],[31.74406,-2.12236],[31.74527,-2.12589],[31.74447,-2.12942]]],[[[31.76614,-2.09798],[31.76638,-2.09933],[31.76829,-2.0985],[31.76871,-2.10376],[31.76498,-2.11273],[31.76879,-2.12218],[31.77569,-2.12552],[31.79015,-2.13495],[31.7987,-2.14324],[31.80511,-2.13627],[31.81735,-2.12548],[31.81977,-2.12666],[31.82229,-2.13304],[31.82358,-2.14158],[31.8232,-2.14456],[31.82226,-2.1448],[31.81991,-2.14119],[31.81722,-2.14018],[31.81269,-2.14418],[31.80638,-2.15262],[31.79699,-2.15585],[31.7901,-2.15364],[31.78273,-2.162],[31.78133,-2.16188],[31.77772,-2.15867],[31.77698,-2.15085],[31.76843,-2.14812],[31.76383,-2.14874],[31.7569,-2.14126],[31.7565,-2.13862],[31.75346,-2.13651],[31.74877,-2.12772],[31.75043,-2.11831],[31.76457,-2.09571],[31.76947,-2.07671],[31.77188,-2.07937],[31.77001,-2.08754],[31.77115,-2.08961],[31.76932,-2.09462],[31.76614,-2.09798]]]]},"properties":{"region":"Kagera","district":"Muleba","ward":"Ikuza","ward_code":"061"}},{"type":"Feature","geometry":{"type":"Polygon","coordinates":[[[31.65625,-1.8004],[31.66589,-1.81069],[31.67303,-1.807],[31.67769,-1.80081],[31.68275,-1.802],[31.68841,-1.80577],[31.69441,-1.80671],[31.69333,-1.82037],[31.70159,-1.82121],[31.70128,-1.83747],[31.69996,-1.84325],[31.70177,-1.85132],[31.70093,-1.85639],[31.69051,-1.85479],[31.68808,-1.85639],[31.68362,-1.85552],[31.67682,-1.85035],[31.68093,-1.84689],[31.68533,-1.845],[31.68267,-1.84341],[31.68191,-1.84042],[31.67831,-1.83979],[31.67831,-1.83778],[31.67358,-1.83765],[31.67354,-1.83662],[31.67117,-1.83529],[31.67247,-1.83383],[31.67117,-1.83187],[31.67262,-1.83077],[31.66991,-1.82731],[31.66578,-1.82687],[31.66522,-1.81741],[31.66352,-1.81925],[31.66006,-1.81765],[31.65986,-1.82006],[31.65762,-1.82208],[31.65633,-1.82713],[31.65311,-1.82366],[31.64173,-1.82087],[31.6276,-1.82203],[31.6243,-1.81634],[31.63522,-1.7835],[31.63989,-1.77562],[31.64762,-1.77399],[31.65452,-1.77932],[31.65388,-1.79184],[31.65625,-1.8004]]]},"properties":{"region":"Kagera","district":"Muleba","ward":"Bureza","ward_code":"111"}},{"type":"Feature","geometry":{"type":"Polygon","coordinates":[[[31.66522,-1.81741],[31.66578,-1.82687],[31.66991,-1.82731],[31.67262,-1.83077],[31.67117,-1.83187],[31.67247,-1.83383],[31.67117,-1.83529],[31.67354,-1.83662],[31.67358,-1.83765],[31.67831,-1.83778],[31.67831,-1.83979],[31.68191,-1.84042],[31.68267,-1.84341],[31.68533,-1.845],[31.68093,-1.84689],[31.67682,-1.85035],[31.67202,-1.84982],[31.66651,-1.85166],[31.66542,-1.85777],[31.66207,-1.86172],[31.65521,-1.86585],[31.64705,-1.86332],[31.63931,-1.86221],[31.63377,-1.85844],[31.63306,-1.85463],[31.63368,-1.84876],[31.63554,-1.84443],[31.63502,-1.83658],[31.6276,-1.82203],[31.64173,-1.82087],[31.65311,-1.82366],[31.65633,-1.82713],[31.65762,-1.82208],[31.65986,-1.82006],[31.66006,-1.81765],[31.66352,-1.81925],[31.66522,-1.81741]]]},"properties":{"region":"Kagera","district":"Muleba","ward":"Muleba","ward_code":"123"}},{"type":"Feature","geometry":{"type":"Polygon","coordinates":[[[31.61301,-1.77111],[31.6163,-1.77243],[31.62705,-1.77169],[31.63956,-1.77618],[31.63522,-1.7835],[31.6243,-1.81634],[31.61289,-1.84555],[31.60361,-1.8435],[31.60224,-1.84157],[31.60003,-1.84169],[31.59761,-1.83769],[31.59582,-1.83758],[31.59224,-1.83531],[31.58942,-1.83146],[31.58947,-1.82898],[31.60027,-1.82761],[31.60353,-1.81533],[31.60932,-1.80673],[31.60472,-1.80429],[31.60586,-1.79509],[31.61013,-1.78587],[31.61157,-1.77982],[31.61019,-1.77648],[31.61301,-1.77111]]]},"properties":{"region":"Kagera","district":"Muleba","ward":"Ikondo","ward_code":"131"}},{"type":"Feature","geometry":{"type":"Polygon","coordinates":[[[31.63461,-1.67492],[31.63743,-1.68011],[31.64514,-1.67966],[31.64648,-1.68085],[31.64937,-1.67976],[31.65229,-1.68097],[31.67217,-1.68006],[31.66834,-1.69245],[31.66874,-1.70165],[31.66213,-1.71041],[31.66388,-1.72989],[31.64622,-1.7565],[31.63956,-1.77618],[31.62705,-1.77169],[31.62355,-1.77177],[31.6264,-1.76031],[31.6315,-1.75516],[31.63175,-1.74937],[31.63863,-1.74207],[31.64066,-1.73698],[31.64002,-1.7286],[31.64146,-1.72023],[31.63975,-1.71712],[31.64213,-1.71116],[31.63945,-1.7061],[31.63966,-1.70142],[31.63859,-1.69781],[31.63644,-1.69576],[31.62891,-1.69379],[31.62649,-1.6878],[31.62676,-1.68291],[31.63461,-1.67492]]]},"properties":{"region":"Kagera","district":"Muleba","ward":"Buhangaza","ward_code":"141"}},{"type":"Feature","geometry":{"type":"MultiPolygon","coordinates":[[[[31.785,-2.03684],[31.77824,-2.04801],[31.7767,-2.04801],[31.77617,-2.0487],[31.777,-2.04917],[31.77464,-2.05075],[31.77175,-2.05654],[31.77187,-2.05321],[31.77073,-2.05169],[31.77212,-2.04416],[31.77371,-2.04363],[31.77723,-2.04601],[31.78374,-2.03596],[31.785,-2.03684]]],[[[31.77509,-2.02085],[31.77324,-2.02859],[31.76832,-2.03017],[31.76171,-2.02762],[31.75777,-2.03073],[31.75637,-2.02669],[31.76138,-2.02489],[31.76691,-2.02064],[31.76956,-2.02177],[31.77214,-2.01465],[31.77443,-2.01596],[31.77509,-2.02085]]],[[[31.78864,-1.99882],[31.79314,-1.99937],[31.79496,-2.00193],[31.79324,-2.00544],[31.79355,-2.00727],[31.79561,-2.00718],[31.79627,-2.00941],[31.79501,-2.01193],[31.79524,-2.01509],[31.79273,-2.01765],[31.79328,-2.02041],[31.79154,-2.02138],[31.79134,-2.02392],[31.78684,-2.02835],[31.78213,-2.02659],[31.78087,-2.02301],[31.77692,-2.01726],[31.77624,-2.01278],[31.77826,-2.00783],[31.7791,-2.00795],[31.78864,-1.99882]]],[[[31.80159,-1.99599],[31.79646,-2.00475],[31.796,-2.00451],[31.79591,-2.0017],[31.79928,-1.99647],[31.80108,-1.995],[31.80159,-1.99599]]],[[[31.79436,-1.99626],[31.79159,-1.99681],[31.79201,-1.99476],[31.79345,-1.99416],[31.79436,-1.99626]]],[[[31.76912,-2.00066],[31.767,-2.00166],[31.76734,-1.99832],[31.76648,-1.99694],[31.76899,-1.99533],[31.77021,-1.99256],[31.77186,-1.99154],[31.77396,-1.99213],[31.7752,-1.99385],[31.76912,-2.00066]]],[[[31.78324,-1.97111],[31.78616,-1.97245],[31.79515,-1.97136],[31.7963,-1.97414],[31.80125,-1.97757],[31.80289,-1.98024],[31.80506,-1.97879],[31.8035,-1.98402],[31.80114,-1.98667],[31.7998,-1.98721],[31.79994,-1.98618],[31.79909,-1.98586],[31.79518,-1.98976],[31.7955,-1.99145],[31.79382,-1.99259],[31.7881,-1.98404],[31.786,-1.98311],[31.78094,-1.99043],[31.77995,-1.98949],[31.77871,-1.99035],[31.77964,-1.98711],[31.77707,-1.98673],[31.77642,-1.9856],[31.77053,-1.98925],[31.76888,-1.98905],[31.7698,-1.98618],[31.76892,-1.98438],[31.77621,-1.97953],[31.77704,-1.97578],[31.78184,-1.96714],[31.78324,-1.97111]]],[[[31.82453,-1.96688],[31.82283,-1.96715],[31.8223,-1.96547],[31.82054,-1.96507],[31.82479,-1.96186],[31.82867,-1.96232],[31.82654,-1.96501],[31.8247,-1.96552],[31.82453,-1.96688]]],[[[31.78072,-1.95599],[31.78271,-1.95741],[31.78125,-1.95898],[31.77994,-1.9572],[31.77877,-1.95807],[31.77902,-1.95657],[31.78072,-1.95599]]],[[[31.78031,-1.93798],[31.78358,-1.94174],[31.78115,-1.94154],[31.77832,-1.9443],[31.77773,-1.94186],[31.77865,-1.93879],[31.78031,-1.93798]]]]},"properties":{"region":"Kagera","district":"Muleba","ward":"Mazinga","ward_code":"151"}},{"type":"Feature","geometry":{"type":"Polygon","coordinates":[[[31.64705,-1.86332],[31.65521,-1.86585],[31.66207,-1.86172],[31.66542,-1.85777],[31.66651,-1.85166],[31.67202,-1.84982],[31.67863,-1.85108],[31.68362,-1.85552],[31.68808,-1.85639],[31.69051,-1.85479],[31.70093,-1.85639],[31.69641,-1.86761],[31.69218,-1.87171],[31.69059,-1.87176],[31.68926,-1.87315],[31.68818,-1.87926],[31.69098,-1.88757],[31.68763,-1.90203],[31.68333,-1.90583],[31.67662,-1.90169],[31.66545,-1.90059],[31.65721,-1.89854],[31.64647,-1.90995],[31.64272,-1.90787],[31.6394,-1.90785],[31.63392,-1.90582],[31.62968,-1.90187],[31.6229,-1.90402],[31.61244,-1.89931],[31.60454,-1.88542],[31.60983,-1.85339],[31.6243,-1.81634],[31.63502,-1.83658],[31.63554,-1.84443],[31.63368,-1.84876],[31.63306,-1.85463],[31.63377,-1.85844],[31.63931,-1.86221],[31.64705,-1.86332]]]},"properties":{"region":"Kagera","district":"Muleba","ward":"Magata Karutanga","ward_code":"161"}},{"type":"Feature","geometry":{"type":"Polygon","coordinates":[[[31.61244,-1.89931],[31.6229,-1.90402],[31.62968,-1.90187],[31.63392,-1.90582],[31.6394,-1.90785],[31.64272,-1.90787],[31.64647,-1.90995],[31.65721,-1.89854],[31.66545,-1.90059],[31.67662,-1.90169],[31.68333,-1.90583],[31.68301,-1.90717],[31.67796,-1.91129],[31.67115,-1.91474],[31.66845,-1.91858],[31.66722,-1.92588],[31.66336,-1.9285],[31.65671,-1.93534],[31.65446,-1.9357],[31.65242,-1.94055],[31.64906,-1.94339],[31.64295,-1.95208],[31.64258,-1.9535],[31.64456,-1.95683],[31.63953,-1.95862],[31.63733,-1.95712],[31.63441,-1.95822],[31.63284,-1.96036],[31.62579,-1.96415],[31.62403,-1.96243],[31.6222,-1.95668],[31.61754,-1.95779],[31.6044,-1.95808],[31.59887,-1.94531],[31.59055,-1.9359],[31.60228,-1.90759],[31.60257,-1.89869],[31.609,-1.89327],[31.61244,-1.89931]]]},"properties":{"region":"Kagera","district":"Muleba","ward":"Gwanseli","ward_code":"171"}},{"type":"Feature","geometry":{"type":"Polygon","coordinates":[[[31.59997,-1.84159],[31.60224,-1.84157],[31.60361,-1.8435],[31.61289,-1.84555],[31.60983,-1.85339],[31.60454,-1.88542],[31.609,-1.89327],[31.60257,-1.89869],[31.58232,-1.90756],[31.57852,-1.91195],[31.55571,-1.91461],[31.5481,-1.91419],[31.54214,-1.91091],[31.5409,-1.90605],[31.54525,-1.8978],[31.54832,-1.88944],[31.54377,-1.88167],[31.55439,-1.87322],[31.56593,-1.87632],[31.56867,-1.87392],[31.57062,-1.8731],[31.57124,-1.87388],[31.5748,-1.87084],[31.58148,-1.86842],[31.58465,-1.86498],[31.58687,-1.86184],[31.58779,-1.85745],[31.58605,-1.8497],[31.58196,-1.84609],[31.58943,-1.829],[31.58942,-1.83146],[31.59224,-1.83531],[31.59582,-1.83758],[31.59761,-1.83769],[31.59997,-1.84159]]]},"properties":{"region":"Kagera","district":"Muleba","ward":"Kibanga","ward_code":"181"}},{"type":"Feature","geometry":{"type":"Polygon","coordinates":[[[31.58416,-2.03744],[31.58612,-2.05511],[31.58269,-2.05858],[31.58712,-2.0671],[31.58757,-2.08128],[31.60461,-2.08042],[31.60355,-2.08407],[31.5997,-2.08914],[31.60054,-2.0916],[31.60575,-2.09141],[31.61136,-2.08871],[31.6108,-2.1144],[31.5988,-2.12535],[31.59536,-2.13373],[31.59735,-2.13959],[31.5881,-2.14202],[31.5786,-2.13549],[31.55705,-2.10998],[31.55164,-2.09892],[31.55283,-2.09383],[31.55658,-2.09047],[31.5481,-2.08246],[31.54307,-2.07488],[31.53178,-2.07575],[31.52759,-2.07519],[31.52376,-2.07419],[31.52256,-2.07268],[31.51958,-2.07253],[31.50966,-2.06633],[31.50687,-2.07229],[31.50368,-2.06999],[31.50271,-2.06761],[31.49439,-2.06415],[31.4445,-2.06151],[31.43449,-2.06561],[31.32413,-2.09574],[31.32548,-2.08751],[31.31818,-2.08699],[31.31877,-2.0755],[31.31219,-2.0771],[31.3119,-2.0675],[31.30959,-2.06849],[31.30741,-2.06544],[31.31002,-2.06179],[31.30753,-2.0594],[31.30337,-2.05829],[31.30207,-2.05432],[31.30514,-2.04967],[31.30029,-2.0458],[31.29913,-2.04912],[31.29342,-2.04823],[31.29139,-2.04211],[31.28279,-2.04996],[31.27754,-2.03779],[31.26193,-2.02934],[31.25795,-2.01926],[31.27041,-2.01511],[31.28812,-2.0146],[31.30471,-2.01185],[31.31065,-2.01465],[31.32191,-2.00034],[31.33366,-1.99397],[31.34773,-1.99188],[31.36009,-1.99492],[31.38804,-1.99435],[31.40458,-1.99796],[31.42545,-2.00397],[31.42647,-2.01195],[31.42307,-2.02086],[31.43932,-2.01854],[31.45212,-2.01423],[31.45506,-2.01121],[31.46237,-2.01007],[31.46344,-2.01155],[31.46628,-2.01181],[31.46771,-2.01081],[31.46536,-2.01772],[31.47046,-2.0231],[31.47941,-2.02111],[31.48357,-2.01418],[31.48982,-2.01356],[31.49432,-2.01726],[31.49561,-2.02134],[31.50002,-2.0221],[31.50115,-2.01932],[31.50421,-2.02391],[31.50959,-2.02695],[31.52434,-2.03938],[31.54072,-2.00867],[31.54783,-2.00016],[31.55635,-1.99926],[31.55854,-1.98563],[31.56231,-1.98381],[31.5827,-1.99865],[31.59167,-2.00765],[31.59309,-2.01281],[31.59235,-2.01579],[31.58588,-2.02872],[31.58416,-2.03744]]]},"properties":{"region":"Kagera","district":"Muleba","ward":"Kasharunga","ward_code":"191"}},{"type":"Feature","geometry":{"type":"Polygon","coordinates":[[[31.59055,-1.9359],[31.59887,-1.94531],[31.6044,-1.95808],[31.61754,-1.95779],[31.6222,-1.95668],[31.62403,-1.96243],[31.62579,-1.96415],[31.62476,-1.97111],[31.6255,-1.97479],[31.62272,-1.97666],[31.6195,-1.98382],[31.61925,-1.98976],[31.61739,-1.99234],[31.61717,-1.99471],[31.61517,-1.99579],[31.61338,-2.00034],[31.6098,-2.01695],[31.61019,-2.02183],[31.60899,-2.02404],[31.60875,-2.03087],[31.61052,-2.0366],[31.61022,-2.03952],[31.61154,-2.04629],[31.61942,-2.05387],[31.61806,-2.05871],[31.60947,-2.06378],[31.60461,-2.08042],[31.58757,-2.08128],[31.58712,-2.0671],[31.58269,-2.05858],[31.58612,-2.05511],[31.58416,-2.03744],[31.58588,-2.02872],[31.59309,-2.01281],[31.59167,-2.00765],[31.58935,-2.00559],[31.59507,-2.00185],[31.59698,-1.99306],[31.59347,-1.99147],[31.59568,-1.98697],[31.59693,-1.98097],[31.59426,-1.97416],[31.58948,-1.96931],[31.59182,-1.96271],[31.58429,-1.94945],[31.57929,-1.94367],[31.57537,-1.94333],[31.57353,-1.93772],[31.56782,-1.931],[31.57239,-1.91318],[31.57852,-1.91195],[31.58232,-1.90756],[31.58554,-1.90568],[31.60257,-1.89869],[31.60228,-1.90759],[31.59055,-1.9359]]]},"properties":{"region":"Kagera","district":"Muleba","ward":"Rulanda","ward_code":"201"}},{"type":"Feature","geometry":{"type":"Polygon","coordinates":[[[31.70029,-2.00683],[31.70463,-2.01299],[31.70384,-2.0188],[31.69726,-2.02338],[31.69692,-2.03059],[31.6943,-2.03674],[31.69777,-2.0431],[31.69593,-2.04803],[31.69194,-2.04962],[31.69127,-2.05686],[31.6892,-2.05917],[31.68977,-2.06234],[31.68865,-2.06321],[31.6916,-2.07473],[31.69694,-2.07774],[31.7032,-2.07351],[31.70288,-2.09125],[31.69791,-2.0927],[31.69875,-2.09705],[31.69463,-2.10222],[31.69276,-2.12062],[31.68201,-2.12861],[31.67282,-2.12287],[31.67239,-2.12741],[31.69807,-2.14437],[31.69338,-2.15516],[31.68833,-2.15933],[31.68351,-2.16773],[31.68088,-2.1753],[31.68087,-2.17932],[31.6784,-2.18261],[31.66966,-2.18163],[31.66769,-2.18762],[31.65487,-2.18633],[31.64348,-2.18899],[31.63777,-2.18787],[31.63354,-2.18468],[31.63305,-2.18058],[31.62941,-2.17902],[31.62839,-2.1704],[31.59078,-2.16308],[31.57032,-2.15314],[31.57092,-2.1367],[31.57362,-2.1296],[31.5786,-2.13549],[31.5881,-2.14202],[31.59735,-2.13959],[31.59536,-2.13373],[31.5988,-2.12535],[31.6108,-2.1144],[31.61136,-2.08871],[31.62075,-2.08689],[31.62555,-2.06959],[31.62942,-2.06844],[31.62604,-2.0649],[31.62606,-2.04906],[31.63195,-2.04485],[31.63941,-2.04498],[31.64081,-2.0405],[31.65027,-2.04651],[31.65736,-2.04668],[31.66388,-2.04423],[31.66239,-2.03855],[31.66685,-2.04011],[31.67051,-2.03799],[31.67186,-2.03309],[31.67426,-2.03136],[31.67857,-2.02023],[31.68279,-2.01507],[31.69081,-2.01007],[31.69461,-2.01219],[31.69614,-2.00896],[31.70029,-2.00683]]]},"properties":{"region":"Kagera","district":"Muleba","ward":"Kimwani","ward_code":"211"}},{"type":"Feature","geometry":{"type":"MultiPolygon","coordinates":[[[[31.70416,-2.27307],[31.70077,-2.27579],[31.69916,-2.2801],[31.69612,-2.28398],[31.68691,-2.28016],[31.69008,-2.27423],[31.69579,-2.27438],[31.69804,-2.27247],[31.69541,-2.26803],[31.69704,-2.2637],[31.70323,-2.26587],[31.70251,-2.26867],[31.70416,-2.27307]]],[[[31.63777,-2.18787],[31.64348,-2.18899],[31.65487,-2.18633],[31.66769,-2.18762],[31.66966,-2.18163],[31.6784,-2.18261],[31.67891,-2.18493],[31.67721,-2.18845],[31.67722,-2.192],[31.68006,-2.19367],[31.68172,-2.19219],[31.68359,-2.19592],[31.67662,-2.20121],[31.67458,-2.19971],[31.67124,-2.20116],[31.66804,-2.20533],[31.66648,-2.21379],[31.66857,-2.21765],[31.67257,-2.22047],[31.67189,-2.22418],[31.66644,-2.22499],[31.66333,-2.23118],[31.66321,-2.23572],[31.66491,-2.23914],[31.65801,-2.24827],[31.65688,-2.26007],[31.65822,-2.28685],[31.65643,-2.2925],[31.65708,-2.2966],[31.65552,-2.30148],[31.64188,-2.32479],[31.63968,-2.33047],[31.63587,-2.33505],[31.62789,-2.34005],[31.62903,-2.34594],[31.63311,-2.35035],[31.6362,-2.35604],[31.63512,-2.36189],[31.63781,-2.36615],[31.60806,-2.40997],[31.61646,-2.37516],[31.59382,-2.34807],[31.54431,-2.30297],[31.55568,-2.29252],[31.55153,-2.25539],[31.56434,-2.19849],[31.54609,-2.19504],[31.55209,-2.17983],[31.56057,-2.16647],[31.56947,-2.15557],[31.57032,-2.15314],[31.59078,-2.16308],[31.62839,-2.1704],[31.62941,-2.17902],[31.63305,-2.18058],[31.63354,-2.18468],[31.63777,-2.18787]]]]},"properties":{"region":"Kagera","district":"Muleba","ward":"Nyakabango","ward_code":"221"}},{"type":"Feature","geometry":{"type":"Polygon","coordinates":[[[31.477,-2.14413],[31.4834,-2.14613],[31.48827,-2.14523],[31.49686,-2.14695],[31.50158,-2.14967],[31.52341,-2.1505],[31.53241,-2.17074],[31.54175,-2.17495],[31.53406,-2.18315],[31.53573,-2.1905],[31.5335,-2.19341],[31.5271,-2.196],[31.52691,-2.20014],[31.52835,-2.20205],[31.53052,-2.20333],[31.53471,-2.20363],[31.53754,-2.20269],[31.53804,-2.20107],[31.54118,-2.20008],[31.54504,-2.19502],[31.56434,-2.19849],[31.55153,-2.25539],[31.55568,-2.29252],[31.54431,-2.30297],[31.52734,-2.28752],[31.5184,-2.28669],[31.513,-2.28062],[31.51001,-2.28027],[31.50587,-2.278],[31.49951,-2.27694],[31.49315,-2.27407],[31.47631,-2.27811],[31.4736,-2.27937],[31.47286,-2.28187],[31.46773,-2.28547],[31.45403,-2.28345],[31.44335,-2.28396],[31.44164,-2.28179],[31.43531,-2.2811],[31.42978,-2.27746],[31.42154,-2.2772],[31.41583,-2.27448],[31.40752,-2.27492],[31.39761,-2.27381],[31.38227,-2.26054],[31.37647,-2.25955],[31.3762,-2.24879],[31.36377,-2.24685],[31.30656,-2.21672],[31.30689,-2.20752],[31.30988,-2.19986],[31.3068,-2.18773],[31.31121,-2.18188],[31.31589,-2.17832],[31.31883,-2.18009],[31.31938,-2.18306],[31.32601,-2.18431],[31.32977,-2.18811],[31.34521,-2.19673],[31.34511,-2.19],[31.33713,-2.18751],[31.3266,-2.17797],[31.32623,-2.16798],[31.35582,-2.16345],[31.36698,-2.15884],[31.41184,-2.14596],[31.43491,-2.14691],[31.44713,-2.14338],[31.45658,-2.15012],[31.46203,-2.13853],[31.47316,-2.13978],[31.477,-2.14413]]]},"properties":{"region":"Kagera","district":"Muleba","ward":"Kyebitembe","ward_code":"231"}},{"type":"Feature","geometry":{"type":"Polygon","coordinates":[[[31.50368,-2.06999],[31.50687,-2.07229],[31.50966,-2.06633],[31.51958,-2.07253],[31.52256,-2.07268],[31.52376,-2.07419],[31.52759,-2.07519],[31.53178,-2.07575],[31.54307,-2.07488],[31.5481,-2.08246],[31.55658,-2.09047],[31.55283,-2.09383],[31.55164,-2.09892],[31.55705,-2.10998],[31.57362,-2.1296],[31.57092,-2.1367],[31.57032,-2.15314],[31.56947,-2.15557],[31.56057,-2.16647],[31.55209,-2.17983],[31.54609,-2.19504],[31.54504,-2.19502],[31.54118,-2.20008],[31.53804,-2.20107],[31.53754,-2.20269],[31.53471,-2.20363],[31.53052,-2.20333],[31.52835,-2.20205],[31.52691,-2.20014],[31.5271,-2.196],[31.5335,-2.19341],[31.53573,-2.1905],[31.53406,-2.18315],[31.54175,-2.17495],[31.53241,-2.17074],[31.52341,-2.1505],[31.50158,-2.14967],[31.49686,-2.14695],[31.48827,-2.14523],[31.4834,-2.14613],[31.477,-2.14413],[31.47316,-2.13978],[31.46203,-2.13853],[31.45658,-2.15012],[31.44713,-2.14338],[31.43491,-2.14691],[31.41184,-2.14596],[31.36698,-2.15884],[31.35582,-2.16345],[31.32623,-2.16798],[31.32151,-2.16384],[31.32389,-2.15858],[31.33176,-2.15151],[31.33727,-2.15061],[31.3408,-2.14484],[31.33174,-2.13724],[31.3384,-2.13356],[31.34148,-2.12508],[31.33613,-2.11712],[31.33104,-2.12234],[31.32561,-2.11935],[31.32344,-2.09994],[31.32413,-2.09574],[31.43449,-2.06561],[31.4445,-2.06151],[31.49439,-2.06415],[31.50271,-2.06761],[31.50368,-2.06999]]]},"properties":{"region":"Kagera","district":"Muleba","ward":"Karambi","ward_code":"241"}},{"type":"Feature","geometry":{"type":"Polygon","coordinates":[[[31.53905,-1.904],[31.54214,-1.91091],[31.5481,-1.91419],[31.55571,-1.91461],[31.57239,-1.91318],[31.56782,-1.931],[31.55428,-1.93542],[31.55079,-1.94536],[31.54203,-1.94528],[31.5377,-1.95724],[31.5281,-1.9574],[31.52534,-1.96195],[31.48964,-1.96536],[31.48837,-1.97345],[31.4775,-1.97569],[31.46712,-1.9635],[31.45416,-1.96527],[31.44781,-1.98147],[31.45212,-1.99737],[31.43596,-1.99955],[31.4344,-2.00289],[31.42545,-2.00397],[31.40458,-1.99796],[31.38804,-1.99435],[31.36009,-1.99492],[31.34773,-1.99188],[31.33366,-1.99397],[31.33598,-1.99229],[31.34166,-1.98427],[31.36299,-1.97963],[31.4147,-1.94656],[31.44186,-1.93526],[31.44236,-1.92263],[31.45359,-1.91255],[31.48083,-1.91505],[31.48315,-1.91918],[31.48887,-1.91448],[31.49008,-1.91841],[31.4994,-1.91103],[31.50773,-1.91983],[31.51989,-1.90411],[31.52897,-1.90779],[31.53905,-1.904]]]},"properties":{"region":"Kagera","district":"Muleba","ward":"Mubunda","ward_code":"251"}},{"type":"Feature","geometry":{"type":"Polygon","coordinates":[[[31.57353,-1.93772],[31.57537,-1.94333],[31.57929,-1.94367],[31.58429,-1.94945],[31.59182,-1.96271],[31.58948,-1.96931],[31.59426,-1.97416],[31.59693,-1.98097],[31.59568,-1.98697],[31.59347,-1.99147],[31.59698,-1.99306],[31.59507,-2.00185],[31.58935,-2.00559],[31.5827,-1.99865],[31.56231,-1.98381],[31.55854,-1.98563],[31.55635,-1.99926],[31.54783,-2.00016],[31.54072,-2.00867],[31.52434,-2.03938],[31.50959,-2.02695],[31.50421,-2.02391],[31.50115,-2.01932],[31.50002,-2.0221],[31.49561,-2.02134],[31.49432,-2.01726],[31.48982,-2.01356],[31.48357,-2.01418],[31.47941,-2.02111],[31.47046,-2.0231],[31.46536,-2.01772],[31.46771,-2.01081],[31.46628,-2.01181],[31.46344,-2.01155],[31.46237,-2.01007],[31.45506,-2.01121],[31.45212,-2.01423],[31.43932,-2.01854],[31.42307,-2.02086],[31.42647,-2.01195],[31.42545,-2.00397],[31.4344,-2.00289],[31.43596,-1.99955],[31.45212,-1.99737],[31.44781,-1.98147],[31.45416,-1.96527],[31.46712,-1.9635],[31.4775,-1.97569],[31.48837,-1.97345],[31.48964,-1.96536],[31.52534,-1.96195],[31.5281,-1.9574],[31.5377,-1.95724],[31.54203,-1.94528],[31.55079,-1.94536],[31.55428,-1.93542],[31.56782,-1.931],[31.57353,-1.93772]]]},"properties":{"region":"Kagera","district":"Muleba","ward":"Bisheke","ward_code":"261"}},{"type":"Feature","geometry":{"type":"Polygon","coordinates":[[[31.52005,-1.87248],[31.52262,-1.87197],[31.52479,-1.87325],[31.52477,-1.87531],[31.52808,-1.87807],[31.52794,-1.88225],[31.53376,-1.88737],[31.5379,-1.89344],[31.53796,-1.89846],[31.53966,-1.90025],[31.53905,-1.904],[31.52897,-1.90779],[31.51989,-1.90411],[31.50773,-1.91983],[31.4994,-1.91103],[31.49008,-1.91841],[31.48887,-1.91448],[31.48315,-1.91918],[31.48083,-1.91505],[31.45359,-1.91255],[31.44236,-1.92263],[31.44186,-1.93526],[31.4147,-1.94656],[31.36299,-1.97963],[31.34166,-1.98427],[31.35883,-1.95115],[31.35311,-1.93387],[31.341,-1.91783],[31.31969,-1.90733],[31.32786,-1.90196],[31.33393,-1.89461],[31.35639,-1.88933],[31.3768,-1.89059],[31.39642,-1.88777],[31.41718,-1.88159],[31.41877,-1.88261],[31.42475,-1.88167],[31.43079,-1.87881],[31.4326,-1.87945],[31.44446,-1.86764],[31.45265,-1.87532],[31.46406,-1.86699],[31.47487,-1.87147],[31.48531,-1.87309],[31.48955,-1.87683],[31.49787,-1.87052],[31.50927,-1.86759],[31.51454,-1.86693],[31.51474,-1.87004],[31.52005,-1.87248]]]},"properties":{"region":"Kagera","district":"Muleba","ward":"Burungura","ward_code":"271"}},{"type":"Feature","geometry":{"type":"Polygon","coordinates":[[[31.35642,-2.58341],[31.35477,-2.58837],[31.34775,-2.59571],[31.3457,-2.60272],[31.34539,-2.60864],[31.34113,-2.61797],[31.32652,-2.62751],[31.31793,-2.62065],[31.3114,-2.62292],[31.30514,-2.6269],[31.29893,-2.62142],[31.29544,-2.62086],[31.29942,-2.61086],[31.29872,-2.60851],[31.29221,-2.60103],[31.2902,-2.59217],[31.27185,-2.58554],[31.2511,-2.60513],[31.23038,-2.60322],[31.21109,-2.61063],[31.14213,-2.58545],[31.12982,-2.54023],[31.12242,-2.52467],[31.04104,-2.30407],[31.06581,-2.25903],[31.27776,-2.20176],[31.36377,-2.24685],[31.3762,-2.24879],[31.3778,-2.34002],[31.38392,-2.37394],[31.37325,-2.43978],[31.37625,-2.49383],[31.36582,-2.56043],[31.3621,-2.5695],[31.36082,-2.57758],[31.35642,-2.58341]]]},"properties":{"region":"Kagera","district":"Biharamulo","ward":"Ruziba","ward_code":"021"}},{"type":"Feature","geometry":{"type":"Polygon","coordinates":[[[31.34344,-2.62725],[31.34621,-2.63753],[31.34365,-2.64214],[31.34266,-2.65065],[31.32739,-2.66717],[31.32998,-2.6742],[31.33038,-2.68103],[31.32796,-2.6816],[31.32176,-2.69314],[31.31982,-2.70128],[31.31015,-2.70102],[31.30256,-2.69621],[31.30054,-2.69586],[31.29737,-2.69102],[31.29799,-2.68795],[31.29695,-2.67667],[31.29758,-2.67558],[31.29412,-2.66692],[31.28484,-2.66005],[31.27568,-2.65673],[31.27487,-2.65528],[31.27822,-2.65016],[31.28421,-2.64579],[31.28854,-2.63131],[31.2928,-2.62749],[31.29544,-2.62086],[31.29893,-2.62142],[31.30514,-2.6269],[31.3114,-2.62292],[31.31793,-2.62065],[31.32652,-2.62751],[31.34113,-2.61797],[31.342,-2.62225],[31.34147,-2.625],[31.34344,-2.62725]]]},"properties":{"region":"Kagera","district":"Biharamulo","ward":"Biharamulo Mjini","ward_code":"033"}},{"type":"Feature","geometry":{"type":"Polygon","coordinates":[[[31.14213,-2.58545],[31.21109,-2.61063],[31.23038,-2.60322],[31.2511,-2.60513],[31.27185,-2.58554],[31.2902,-2.59217],[31.29221,-2.60103],[31.29872,-2.60851],[31.29942,-2.61086],[31.2928,-2.62749],[31.28854,-2.63131],[31.28421,-2.64579],[31.27822,-2.65016],[31.27487,-2.65528],[31.27568,-2.65673],[31.28484,-2.66005],[31.29412,-2.66692],[31.29758,-2.67558],[31.29695,-2.67667],[31.29799,-2.68795],[31.29737,-2.69102],[31.30054,-2.69586],[31.30256,-2.69621],[31.31015,-2.70102],[31.31982,-2.70128],[31.30995,-2.71423],[31.30021,-2.73592],[31.29025,-2.75356],[31.2892,-2.75926],[31.281,-2.76376],[31.27816,-2.77382],[31.26166,-2.78811],[31.25531,-2.79143],[31.248,-2.79077],[31.24505,-2.79593],[31.24251,-2.79331],[31.22565,-2.78874],[31.21163,-2.79112],[31.20283,-2.79068],[31.20191,-2.78935],[31.19099,-2.79354],[31.18556,-2.79376],[31.17502,-2.80205],[31.15161,-2.81344],[31.14372,-2.81064],[31.1381,-2.80743],[31.13422,-2.81011],[31.13583,-2.80756],[31.13712,-2.79758],[31.13913,-2.79135],[31.13847,-2.78918],[31.14103,-2.78132],[31.13755,-2.7768],[31.12488,-2.77372],[31.12,-2.7689],[31.11848,-2.76553],[31.11803,-2.76084],[31.11889,-2.75484],[31.12293,-2.74398],[31.12629,-2.73807],[31.13037,-2.73398],[31.13365,-2.72742],[31.12786,-2.7144],[31.12642,-2.70842],[31.13079,-2.70033],[31.13174,-2.70027],[31.1241,-2.69581],[31.14904,-2.62958],[31.15036,-2.61906],[31.14213,-2.58545]]]},"properties":{"region":"Kagera","district":"Biharamulo","ward":"Bisibo","ward_code":"041"}},{"type":"Feature","geometry":{"type":"Polygon","coordinates":[[[31.39761,-2.27381],[31.40752,-2.27492],[31.41583,-2.27448],[31.42154,-2.2772],[31.42978,-2.27746],[31.43531,-2.2811],[31.44164,-2.28179],[31.44335,-2.28396],[31.45403,-2.28345],[31.46773,-2.28547],[31.47286,-2.28187],[31.4736,-2.27937],[31.47631,-2.27811],[31.49315,-2.27407],[31.49951,-2.27694],[31.50587,-2.278],[31.51001,-2.28027],[31.513,-2.28062],[31.5184,-2.28669],[31.52734,-2.28752],[31.59382,-2.34807],[31.61646,-2.37516],[31.60818,-2.40948],[31.60665,-2.41183],[31.61329,-2.4189],[31.61683,-2.42671],[31.62722,-2.44276],[31.63,-2.45116],[31.61206,-2.45482],[31.60889,-2.45775],[31.60743,-2.46288],[31.60669,-2.47438],[31.6023,-2.48122],[31.59767,-2.49223],[31.59693,-2.50201],[31.59767,-2.51008],[31.5917,-2.51156],[31.58554,-2.50968],[31.58051,-2.50967],[31.57233,-2.51498],[31.56836,-2.51607],[31.56127,-2.51584],[31.55533,-2.52167],[31.5502,-2.53205],[31.54545,-2.53851],[31.53685,-2.54068],[31.52839,-2.54003],[31.52491,-2.53454],[31.5206,-2.53257],[31.51422,-2.52762],[31.4998,-2.5317],[31.4961,-2.53905],[31.4946,-2.54468],[31.48605,-2.54448],[31.47855,-2.54888],[31.47435,-2.54979],[31.46393,-2.54905],[31.4576,-2.54973],[31.45075,-2.55205],[31.44201,-2.55767],[31.41798,-2.58947],[31.40882,-2.60552],[31.40429,-2.62591],[31.40792,-2.65401],[31.40747,-2.66229],[31.40853,-2.66705],[31.38427,-2.67935],[31.37837,-2.68425],[31.37649,-2.68328],[31.3756,-2.68818],[31.37172,-2.68768],[31.36149,-2.68026],[31.34908,-2.68167],[31.34519,-2.68395],[31.34103,-2.68413],[31.3389,-2.68345],[31.33776,-2.68156],[31.33038,-2.68103],[31.32998,-2.6742],[31.32739,-2.66717],[31.34266,-2.65065],[31.34365,-2.64214],[31.34621,-2.63753],[31.34618,-2.63587],[31.34535,-2.63234],[31.34363,-2.63001],[31.34344,-2.62725],[31.34147,-2.625],[31.342,-2.62225],[31.34113,-2.61797],[31.34539,-2.60864],[31.3457,-2.60272],[31.34775,-2.59571],[31.35477,-2.58837],[31.35642,-2.58341],[31.36082,-2.57758],[31.3621,-2.5695],[31.36582,-2.56043],[31.37625,-2.49383],[31.37325,-2.43978],[31.38392,-2.37394],[31.3778,-2.34002],[31.37647,-2.25955],[31.38227,-2.26054],[31.39761,-2.27381]]]},"properties":{"region":"Kagera","district":"Biharamulo","ward":"Nyarubungo","ward_code":"051"}},{"type":"Feature","geometry":{"type":"Polygon","coordinates":[[[31.36149,-2.68026],[31.37172,-2.68768],[31.3756,-2.68818],[31.37316,-2.69614],[31.36931,-2.70425],[31.35817,-2.71789],[31.3583,-2.7388],[31.34867,-2.74375],[31.34248,-2.75198],[31.33476,-2.75394],[31.31613,-2.79774],[31.28333,-2.82436],[31.27802,-2.82131],[31.27945,-2.81889],[31.2729,-2.81509],[31.26488,-2.81089],[31.26091,-2.81223],[31.25965,-2.80809],[31.2557,-2.80459],[31.25106,-2.80212],[31.24505,-2.79593],[31.248,-2.79077],[31.25531,-2.79143],[31.26166,-2.78811],[31.27816,-2.77382],[31.281,-2.76376],[31.2892,-2.75926],[31.29025,-2.75356],[31.30021,-2.73592],[31.30995,-2.71423],[31.31982,-2.70128],[31.32176,-2.69314],[31.32796,-2.6816],[31.33776,-2.68156],[31.3389,-2.68345],[31.34103,-2.68413],[31.34519,-2.68395],[31.34908,-2.68167],[31.36149,-2.68026]]]},"properties":{"region":"Kagera","district":"Biharamulo","ward":"Nyamahanga","ward_code":"061"}},{"type":"Feature","geometry":{"type":"Polygon","coordinates":[[[31.45188,-2.74548],[31.46336,-2.74644],[31.47395,-2.76398],[31.48354,-2.76958],[31.48268,-2.77155],[31.48135,-2.7735],[31.47196,-2.77724],[31.47077,-2.78455],[31.4668,-2.79008],[31.45158,-2.77892],[31.4488,-2.78271],[31.44695,-2.78856],[31.44677,-2.79263],[31.43608,-2.8037],[31.43551,-2.8089],[31.42808,-2.8113],[31.42304,-2.81794],[31.41063,-2.82273],[31.40293,-2.83381],[31.39521,-2.83909],[31.38802,-2.84781],[31.38439,-2.85958],[31.37879,-2.86716],[31.37607,-2.87427],[31.37378,-2.88146],[31.37356,-2.88807],[31.36806,-2.89709],[31.36654,-2.90512],[31.36678,-2.9089],[31.36932,-2.91244],[31.35993,-2.92447],[31.35609,-2.93165],[31.35376,-2.93365],[31.35361,-2.93549],[31.35012,-2.93596],[31.34012,-2.8963],[31.33297,-2.87558],[31.33401,-2.86319],[31.33841,-2.86346],[31.34427,-2.85647],[31.34879,-2.84877],[31.34794,-2.84435],[31.36087,-2.82205],[31.36479,-2.80725],[31.36774,-2.80129],[31.3718,-2.79882],[31.37809,-2.79197],[31.38918,-2.78613],[31.39038,-2.77491],[31.40633,-2.76945],[31.41518,-2.76277],[31.41833,-2.75176],[31.41971,-2.7505],[31.42025,-2.748],[31.42398,-2.7452],[31.42608,-2.73874],[31.42882,-2.73664],[31.43165,-2.73653],[31.43221,-2.74011],[31.43433,-2.74179],[31.45188,-2.74548]]]},"properties":{"region":"Kagera","district":"Biharamulo","ward":"Runazi","ward_code":"071"}},{"type":"Feature","geometry":{"type":"Polygon","coordinates":[[[31.49407,-2.70639],[31.50127,-2.71387],[31.5039,-2.7229],[31.53359,-2.72106],[31.53743,-2.71429],[31.56758,-2.71219],[31.57169,-2.71667],[31.57273,-2.72145],[31.5722,-2.72813],[31.56383,-2.72394],[31.54946,-2.72547],[31.55222,-2.73065],[31.54769,-2.73703],[31.5502,-2.74668],[31.55334,-2.75019],[31.55399,-2.75093],[31.54908,-2.75449],[31.54151,-2.75432],[31.53477,-2.76004],[31.52161,-2.76218],[31.52136,-2.76701],[31.52446,-2.77304],[31.52761,-2.78372],[31.53464,-2.79511],[31.53649,-2.80027],[31.54766,-2.81399],[31.5549,-2.83242],[31.5404,-2.83082],[31.53611,-2.82943],[31.53547,-2.83607],[31.53126,-2.84516],[31.52385,-2.84954],[31.53375,-2.85615],[31.53224,-2.86592],[31.52588,-2.87663],[31.5316,-2.88152],[31.51251,-2.88456],[31.50609,-2.88081],[31.49426,-2.87644],[31.49284,-2.87152],[31.49278,-2.86421],[31.49381,-2.86111],[31.49222,-2.85556],[31.4895,-2.85453],[31.4905,-2.85099],[31.48819,-2.84985],[31.48791,-2.84156],[31.4796,-2.8315],[31.47408,-2.82982],[31.47181,-2.82452],[31.46618,-2.82328],[31.46172,-2.81955],[31.43551,-2.8089],[31.43608,-2.8037],[31.44677,-2.79263],[31.44695,-2.78856],[31.4488,-2.78271],[31.45158,-2.77892],[31.4668,-2.79008],[31.47077,-2.78455],[31.47196,-2.77724],[31.48135,-2.7735],[31.48354,-2.76958],[31.47395,-2.76398],[31.46336,-2.74644],[31.45231,-2.7456],[31.43614,-2.74229],[31.43221,-2.74011],[31.43165,-2.73653],[31.43571,-2.73301],[31.43872,-2.72844],[31.44145,-2.72314],[31.44079,-2.7204],[31.452,-2.70685],[31.46351,-2.70886],[31.47436,-2.70533],[31.47795,-2.70164],[31.48709,-2.69748],[31.49738,-2.70036],[31.49407,-2.70639]]]},"properties":{"region":"Kagera","district":"Biharamulo","ward":"Kabindi","ward_code":"081"}},{"type":"Feature","geometry":{"type":"Polygon","coordinates":[[[31.67527,-2.7466],[31.67866,-2.74795],[31.67901,-2.74976],[31.68214,-2.7535],[31.6847,-2.7612],[31.68757,-2.76573],[31.70015,-2.77295],[31.7108,-2.78297],[31.72109,-2.78777],[31.72174,-2.79809],[31.71843,-2.80894],[31.7212,-2.8182],[31.71916,-2.81983],[31.71327,-2.82023],[31.70024,-2.82533],[31.69738,-2.82855],[31.69891,-2.83205],[31.69872,-2.8349],[31.69156,-2.84796],[31.68193,-2.8515],[31.67767,-2.85423],[31.67109,-2.86224],[31.66907,-2.85883],[31.66452,-2.85533],[31.66388,-2.85271],[31.64958,-2.84726],[31.63926,-2.85126],[31.63409,-2.85216],[31.62103,-2.85979],[31.61662,-2.86086],[31.61142,-2.86105],[31.60669,-2.85968],[31.59318,-2.86311],[31.57024,-2.85634],[31.56041,-2.84532],[31.54766,-2.81399],[31.53649,-2.80027],[31.53464,-2.79511],[31.52761,-2.78372],[31.52446,-2.77304],[31.52136,-2.76701],[31.52161,-2.76218],[31.53477,-2.76004],[31.54151,-2.75432],[31.54908,-2.75449],[31.55368,-2.75058],[31.56163,-2.75948],[31.58698,-2.76787],[31.59492,-2.76311],[31.60614,-2.76914],[31.60934,-2.77376],[31.61671,-2.77494],[31.61843,-2.77184],[31.61685,-2.76827],[31.61978,-2.75964],[31.62454,-2.7565],[31.63071,-2.75666],[31.64286,-2.7543],[31.65826,-2.76082],[31.66623,-2.75494],[31.6728,-2.74688],[31.67527,-2.7466]]]},"properties":{"region":"Kagera","district":"Biharamulo","ward":"Nyamigogo","ward_code":"091"}},{"type":"Feature","geometry":{"type":"Polygon","coordinates":[[[31.47882,-2.83139],[31.48791,-2.84156],[31.48819,-2.84985],[31.4905,-2.85099],[31.4895,-2.85453],[31.49222,-2.85556],[31.49381,-2.86111],[31.49278,-2.86421],[31.49284,-2.87152],[31.49426,-2.87644],[31.50609,-2.88081],[31.51251,-2.88456],[31.5316,-2.88152],[31.52588,-2.87663],[31.53224,-2.86592],[31.53375,-2.85615],[31.52385,-2.84954],[31.53126,-2.84516],[31.53547,-2.83607],[31.53611,-2.82943],[31.5404,-2.83082],[31.5549,-2.83242],[31.56041,-2.84532],[31.57024,-2.85634],[31.59318,-2.86311],[31.5924,-2.86628],[31.5939,-2.86879],[31.59258,-2.87436],[31.58384,-2.88385],[31.58112,-2.88843],[31.57946,-2.89317],[31.57791,-2.90355],[31.57668,-2.90476],[31.5771,-2.90655],[31.57309,-2.91592],[31.57372,-2.93142],[31.57542,-2.94046],[31.57484,-2.94605],[31.56816,-2.94645],[31.56007,-2.94168],[31.54095,-2.9347],[31.53989,-2.9166],[31.54188,-2.91376],[31.53151,-2.90998],[31.53105,-2.90712],[31.52983,-2.90759],[31.52577,-2.90291],[31.52212,-2.90227],[31.51753,-2.89889],[31.50378,-2.88649],[31.49124,-2.90726],[31.48467,-2.90868],[31.47608,-2.90832],[31.48043,-2.92223],[31.47136,-2.92926],[31.4646,-2.96239],[31.46192,-2.96128],[31.46076,-2.9593],[31.45796,-2.95847],[31.45542,-2.95599],[31.44953,-2.95652],[31.44747,-2.95572],[31.4394,-2.95827],[31.43263,-2.95612],[31.41928,-2.96033],[31.41037,-2.95293],[31.41019,-2.94268],[31.40468,-2.9372],[31.39707,-2.93751],[31.39222,-2.93653],[31.38857,-2.93404],[31.38891,-2.92305],[31.384,-2.9152],[31.36932,-2.91244],[31.36678,-2.9089],[31.36654,-2.90512],[31.36806,-2.89709],[31.37356,-2.88807],[31.37378,-2.88146],[31.37607,-2.87427],[31.37879,-2.86716],[31.38439,-2.85958],[31.38802,-2.84781],[31.39521,-2.83909],[31.40293,-2.83381],[31.41063,-2.82273],[31.42304,-2.81794],[31.42808,-2.8113],[31.43551,-2.8089],[31.46172,-2.81955],[31.46618,-2.82328],[31.47181,-2.82452],[31.47408,-2.82982],[31.47882,-2.83139]]]},"properties":{"region":"Kagera","district":"Biharamulo","ward":"Nyabusozi","ward_code":"101"}},{"type":"Feature","geometry":{"type":"Polygon","coordinates":[[[31.39222,-2.93653],[31.39707,-2.93751],[31.40468,-2.9372],[31.41019,-2.94268],[31.41037,-2.95293],[31.41928,-2.96033],[31.43263,-2.95612],[31.4394,-2.95827],[31.44747,-2.95572],[31.44953,-2.95652],[31.45542,-2.95599],[31.45796,-2.95847],[31.46076,-2.9593],[31.46192,-2.96128],[31.4646,-2.96239],[31.46692,-2.97361],[31.46957,-2.97671],[31.47362,-2.98768],[31.47667,-2.99045],[31.47814,-2.9905],[31.48239,-2.99484],[31.48262,-2.99844],[31.48478,-3.00055],[31.49229,-3.01388],[31.49517,-3.01664],[31.49516,-3.01864],[31.49742,-3.0218],[31.49861,-3.02951],[31.50478,-3.0398],[31.51235,-3.06381],[31.51439,-3.06579],[31.51499,-3.0694],[31.52225,-3.07844],[31.52607,-3.08123],[31.52794,-3.08605],[31.53407,-3.09192],[31.53788,-3.09705],[31.54415,-3.11224],[31.54476,-3.12341],[31.543,-3.12428],[31.54107,-3.12269],[31.53737,-3.12215],[31.53032,-3.12267],[31.52169,-3.12408],[31.51905,-3.12531],[31.51166,-3.12371],[31.50813,-3.12441],[31.49559,-3.12231],[31.48678,-3.12399],[31.48103,-3.12309],[31.47314,-3.11909],[31.47088,-3.11247],[31.46353,-3.11219],[31.45838,-3.10902],[31.45347,-3.1142],[31.45041,-3.1149],[31.44412,-3.11278],[31.43546,-3.11364],[31.43179,-3.11461],[31.42601,-3.11785],[31.4195,-3.11932],[31.39785,-3.11894],[31.37979,-3.12226],[31.36718,-3.10747],[31.36324,-3.09722],[31.34872,-3.08525],[31.34189,-3.07724],[31.32649,-3.06785],[31.30168,-3.05533],[31.29066,-3.05216],[31.28237,-3.03834],[31.28529,-3.03508],[31.28643,-3.03014],[31.2908,-3.02463],[31.29366,-3.01799],[31.29366,-3.0159],[31.29632,-3.01115],[31.29651,-3.00868],[31.29936,-3.00621],[31.30316,-3.00014],[31.30716,-2.99786],[31.30887,-2.99577],[31.31096,-2.99178],[31.31058,-2.99045],[31.31267,-2.98514],[31.31305,-2.98096],[31.32123,-2.97071],[31.3218,-2.969],[31.31971,-2.96691],[31.31933,-2.96197],[31.32123,-2.95988],[31.32484,-2.96007],[31.32769,-2.95779],[31.32845,-2.95475],[31.33264,-2.94963],[31.33701,-2.94583],[31.3429,-2.94317],[31.34252,-2.94146],[31.34481,-2.93975],[31.3469,-2.93975],[31.35012,-2.93596],[31.35361,-2.93549],[31.35376,-2.93365],[31.35609,-2.93165],[31.35993,-2.92447],[31.36932,-2.91244],[31.384,-2.9152],[31.38891,-2.92305],[31.38857,-2.93404],[31.39222,-2.93653]]]},"properties":{"region":"Kagera","district":"Biharamulo","ward":"Nemba","ward_code":"111"}},{"type":"Feature","geometry":{"type":"Polygon","coordinates":[[[31.4254,-2.6822],[31.43006,-2.68823],[31.43338,-2.68903],[31.43238,-2.69045],[31.43381,-2.69676],[31.4379,-2.69903],[31.44009,-2.70302],[31.44183,-2.70434],[31.452,-2.70685],[31.44079,-2.7204],[31.44145,-2.72314],[31.43571,-2.73301],[31.43165,-2.73653],[31.42882,-2.73664],[31.42608,-2.73874],[31.42398,-2.7452],[31.42025,-2.748],[31.41971,-2.7505],[31.41833,-2.75176],[31.41518,-2.76277],[31.40633,-2.76945],[31.39038,-2.77491],[31.38918,-2.78613],[31.37809,-2.79197],[31.3718,-2.79882],[31.36774,-2.80129],[31.36479,-2.80725],[31.36087,-2.82205],[31.34794,-2.84435],[31.34879,-2.84877],[31.34427,-2.85647],[31.33841,-2.86346],[31.33401,-2.86319],[31.33297,-2.87558],[31.34012,-2.8963],[31.35012,-2.93597],[31.3469,-2.93975],[31.34481,-2.93975],[31.34252,-2.94146],[31.3429,-2.94317],[31.33701,-2.94583],[31.33264,-2.94963],[31.32845,-2.95475],[31.32769,-2.95779],[31.32484,-2.96007],[31.32123,-2.95988],[31.31933,-2.96197],[31.31971,-2.96691],[31.31495,-2.96539],[31.314,-2.96311],[31.30583,-2.95893],[31.29575,-2.95551],[31.29271,-2.94735],[31.29252,-2.94146],[31.29461,-2.93671],[31.29537,-2.93216],[31.29404,-2.92893],[31.29613,-2.92684],[31.2929,-2.92475],[31.28757,-2.91222],[31.2851,-2.90937],[31.28301,-2.90918],[31.27293,-2.89475],[31.27483,-2.89285],[31.27427,-2.88917],[31.25352,-2.87068],[31.25477,-2.86439],[31.25465,-2.85706],[31.27106,-2.84201],[31.28333,-2.82436],[31.31613,-2.79774],[31.33476,-2.75394],[31.34248,-2.75198],[31.34867,-2.74375],[31.3583,-2.7388],[31.35817,-2.71789],[31.36931,-2.70425],[31.37316,-2.69614],[31.37649,-2.68328],[31.37837,-2.68425],[31.38427,-2.67935],[31.40851,-2.66706],[31.40904,-2.66933],[31.41553,-2.67656],[31.4254,-2.6822]]]},"properties":{"region":"Kagera","district":"Biharamulo","ward":"Katahoka","ward_code":"161"}},{"type":"Feature","geometry":{"type":"Polygon","coordinates":[[[31.13913,-2.79135],[31.13583,-2.80756],[31.13422,-2.81011],[31.12466,-2.82],[31.1182,-2.82957],[31.11061,-2.83704],[31.10282,-2.85312],[31.09799,-2.85664],[31.09291,-2.85866],[31.0884,-2.85849],[31.08088,-2.86098],[31.07744,-2.8667],[31.07673,-2.87274],[31.07974,-2.88399],[31.09305,-2.89678],[31.09381,-2.90184],[31.0923,-2.90673],[31.0933,-2.91187],[31.08347,-2.91682],[31.0746,-2.93202],[31.07015,-2.93128],[31.06404,-2.92682],[31.05717,-2.93019],[31.0489,-2.9255],[31.04947,-2.91935],[31.04879,-2.91671],[31.04693,-2.91551],[31.04601,-2.9127],[31.04976,-2.89828],[31.04011,-2.88687],[31.0376,-2.88031],[31.02842,-2.8727],[31.0281,-2.86352],[31.02921,-2.85854],[31.02755,-2.85743],[31.02546,-2.85304],[31.02372,-2.8523],[31.02276,-2.85021],[31.01982,-2.85014],[31.01936,-2.84635],[31.01805,-2.84422],[31.01291,-2.84126],[31.0134,-2.8392],[31.01185,-2.83809],[31.01151,-2.83407],[31.00944,-2.83379],[31.00629,-2.83159],[31.00107,-2.8323],[30.99382,-2.83565],[30.98881,-2.83663],[30.98726,-2.83823],[30.97992,-2.83885],[30.978,-2.83695],[30.96682,-2.83497],[30.96272,-2.83249],[30.95739,-2.82699],[30.95434,-2.82043],[30.94057,-2.80674],[30.93182,-2.80459],[30.92586,-2.80627],[30.92089,-2.81054],[30.90469,-2.81255],[30.88457,-2.80332],[30.87787,-2.80272],[30.87194,-2.79866],[30.87071,-2.78573],[30.86181,-2.77408],[30.8205,-2.72831],[30.82133,-2.72083],[30.81542,-2.71528],[30.814,-2.70904],[30.81394,-2.70003],[30.81667,-2.69607],[30.80396,-2.69343],[30.80143,-2.69043],[30.79899,-2.68054],[30.80444,-2.678],[30.80583,-2.67125],[30.81906,-2.63282],[30.85073,-2.60979],[30.85703,-2.60005],[30.8635,-2.58738],[30.87573,-2.57407],[30.88575,-2.57053],[30.89076,-2.56731],[30.89526,-2.56653],[30.89828,-2.56227],[30.90238,-2.55178],[30.90671,-2.53604],[30.91494,-2.51885],[30.92821,-2.50321],[30.93445,-2.48441],[30.93933,-2.47724],[30.95004,-2.46514],[30.95119,-2.45826],[30.95809,-2.43706],[30.97426,-2.40209],[30.98588,-2.38357],[30.99264,-2.37019],[31.00176,-2.3577],[31.00455,-2.34389],[31.00955,-2.33433],[31.01295,-2.32423],[31.02318,-2.3174],[31.03465,-2.3124],[31.04104,-2.30407],[31.12242,-2.52467],[31.12982,-2.54023],[31.14839,-2.60866],[31.15036,-2.61906],[31.14904,-2.62958],[31.1241,-2.69581],[31.13174,-2.70027],[31.13079,-2.70033],[31.12642,-2.70842],[31.12786,-2.7144],[31.13365,-2.72742],[31.13037,-2.73398],[31.12629,-2.73807],[31.12293,-2.74398],[31.11889,-2.75484],[31.11803,-2.76084],[31.11848,-2.76553],[31.12,-2.7689],[31.12488,-2.77372],[31.13755,-2.7768],[31.14103,-2.78132],[31.13847,-2.78918],[31.13913,-2.79135]]]},"properties":{"region":"Kagera","district":"Biharamulo","ward":"Nyakahura","ward_code":"011"}},{"type":"Feature","geometry":{"type":"Polygon","coordinates":[[[31.22565,-2.78874],[31.24251,-2.79331],[31.25106,-2.80212],[31.2557,-2.80459],[31.25965,-2.80809],[31.26091,-2.81223],[31.26488,-2.81089],[31.2729,-2.81509],[31.27945,-2.81889],[31.27802,-2.82131],[31.28333,-2.82436],[31.27106,-2.84201],[31.25465,-2.85706],[31.25477,-2.86439],[31.25352,-2.87068],[31.27427,-2.88917],[31.27483,-2.89285],[31.27293,-2.89475],[31.28301,-2.90918],[31.2851,-2.90937],[31.28757,-2.91222],[31.2929,-2.92475],[31.29613,-2.92684],[31.29404,-2.92893],[31.29537,-2.93216],[31.29461,-2.93671],[31.29252,-2.94146],[31.29271,-2.94735],[31.29575,-2.95551],[31.30583,-2.95893],[31.314,-2.96311],[31.31495,-2.96539],[31.31971,-2.96691],[31.3218,-2.969],[31.31742,-2.97602],[31.31305,-2.98096],[31.31267,-2.98514],[31.31058,-2.99045],[31.31096,-2.99178],[31.30887,-2.99577],[31.30716,-2.99786],[31.30316,-3.00014],[31.29936,-3.00621],[31.29651,-3.00868],[31.29632,-3.01115],[31.29366,-3.0159],[31.29366,-3.01799],[31.2908,-3.02463],[31.28567,-3.03166],[31.28529,-3.03508],[31.28131,-3.04011],[31.27845,-3.04101],[31.27499,-3.04899],[31.27062,-3.04989],[31.26911,-3.05184],[31.26505,-3.05109],[31.26445,-3.05199],[31.26204,-3.05169],[31.26128,-3.04989],[31.25933,-3.05064],[31.25737,-3.05004],[31.24811,-3.05573],[31.23003,-3.05951],[31.22504,-3.06491],[31.21835,-3.06335],[31.21573,-3.06385],[31.21475,-3.06495],[31.213,-3.0637],[31.21028,-3.06529],[31.207,-3.06095],[31.20311,-3.05921],[31.20064,-3.0615],[31.19192,-3.04681],[31.18782,-3.04458],[31.18398,-3.03742],[31.17137,-3.02425],[31.13714,-3.01226],[31.1392,-3.00108],[31.14728,-2.99254],[31.14643,-2.98509],[31.13595,-2.97865],[31.12152,-2.9907],[31.10906,-2.98989],[31.09563,-2.98226],[31.08132,-2.9659],[31.07588,-2.96161],[31.07224,-2.9553],[31.06981,-2.94766],[31.07108,-2.94335],[31.06562,-2.93423],[31.06696,-2.92951],[31.07015,-2.93128],[31.0746,-2.93202],[31.08347,-2.91682],[31.0933,-2.91187],[31.0923,-2.90673],[31.09381,-2.90184],[31.09305,-2.89678],[31.07974,-2.88399],[31.07673,-2.87274],[31.07744,-2.8667],[31.08088,-2.86098],[31.0884,-2.85849],[31.09291,-2.85866],[31.09799,-2.85664],[31.10282,-2.85312],[31.11061,-2.83704],[31.1182,-2.82957],[31.12466,-2.82],[31.13422,-2.81011],[31.1381,-2.80743],[31.14372,-2.81064],[31.15161,-2.81344],[31.17502,-2.80205],[31.18556,-2.79376],[31.19099,-2.79354],[31.20191,-2.78935],[31.20283,-2.79068],[31.21163,-2.79112],[31.22565,-2.78874]]]},"properties":{"region":"Kagera","district":"Biharamulo","ward":"Lusahunga","ward_code":"121"}},{"type":"Feature","geometry":{"type":"Polygon","coordinates":[[[31.48103,-3.12309],[31.48678,-3.12399],[31.49559,-3.12231],[31.50813,-3.12441],[31.51166,-3.12371],[31.51905,-3.12531],[31.52169,-3.12408],[31.53032,-3.12267],[31.53737,-3.12215],[31.54107,-3.12269],[31.543,-3.12428],[31.54476,-3.12341],[31.54779,-3.13002],[31.5549,-3.13892],[31.55691,-3.14528],[31.55485,-3.15703],[31.55615,-3.159],[31.55441,-3.16416],[31.55751,-3.16982],[31.55585,-3.17304],[31.56129,-3.17755],[31.56269,-3.18694],[31.56056,-3.19903],[31.56082,-3.20874],[31.5584,-3.22035],[31.559,-3.22276],[31.55514,-3.23566],[31.5544,-3.24154],[31.55615,-3.24544],[31.54521,-3.25359],[31.53963,-3.25531],[31.53834,-3.25703],[31.52998,-3.26067],[31.52204,-3.26732],[31.51539,-3.2714],[31.49694,-3.27937],[31.49437,-3.28194],[31.49113,-3.28781],[31.48573,-3.29006],[31.48414,-3.28854],[31.48157,-3.28929],[31.4807,-3.29186],[31.47768,-3.29401],[31.47544,-3.29849],[31.46617,-3.30576],[31.46567,-3.30736],[31.46686,-3.30923],[31.46222,-3.31519],[31.45958,-3.31531],[31.45889,-3.30908],[31.45633,-3.3055],[31.43545,-3.29792],[31.42621,-3.31814],[31.41613,-3.3246],[31.41643,-3.33714],[31.41125,-3.33446],[31.40626,-3.33487],[31.40416,-3.33217],[31.39969,-3.33245],[31.3952,-3.33139],[31.39106,-3.32859],[31.38798,-3.32266],[31.38535,-3.32045],[31.37963,-3.32092],[31.37636,-3.32534],[31.37217,-3.32207],[31.36662,-3.32283],[31.34217,-3.29039],[31.34182,-3.25845],[31.36057,-3.24534],[31.38856,-3.26515],[31.41202,-3.27538],[31.41505,-3.27545],[31.4154,-3.27366],[31.4192,-3.27003],[31.42978,-3.25093],[31.44069,-3.25198],[31.44809,-3.25835],[31.45426,-3.2505],[31.4559,-3.24161],[31.44977,-3.22976],[31.45005,-3.22556],[31.45179,-3.22308],[31.45378,-3.21128],[31.45628,-3.20832],[31.45628,-3.19995],[31.46639,-3.17037],[31.47501,-3.16163],[31.47477,-3.15886],[31.47778,-3.15485],[31.47818,-3.14996],[31.48005,-3.14601],[31.47517,-3.13406],[31.47354,-3.12786],[31.47314,-3.11994],[31.47342,-3.11923],[31.48103,-3.12309]]]},"properties":{"region":"Kagera","district":"Biharamulo","ward":"Kaniha","ward_code":"131"}},{"type":"Feature","geometry":{"type":"Polygon","coordinates":[[[31.28237,-3.03834],[31.29066,-3.05216],[31.30168,-3.05533],[31.32649,-3.06785],[31.34189,-3.07724],[31.34872,-3.08525],[31.36324,-3.09722],[31.36718,-3.10747],[31.37979,-3.12226],[31.39785,-3.11894],[31.4195,-3.11932],[31.42601,-3.11785],[31.43179,-3.11461],[31.43546,-3.11364],[31.44412,-3.11278],[31.45041,-3.1149],[31.45347,-3.1142],[31.45838,-3.10902],[31.46353,-3.11219],[31.47088,-3.11247],[31.47314,-3.11801],[31.47354,-3.12786],[31.47608,-3.13677],[31.48005,-3.14601],[31.47818,-3.14996],[31.47778,-3.15485],[31.47477,-3.15886],[31.47501,-3.16163],[31.46639,-3.17037],[31.45628,-3.19995],[31.45628,-3.20832],[31.45378,-3.21128],[31.45179,-3.22308],[31.45005,-3.22556],[31.44977,-3.22976],[31.4559,-3.24161],[31.45426,-3.2505],[31.44809,-3.25835],[31.44069,-3.25198],[31.42978,-3.25093],[31.4192,-3.27003],[31.4154,-3.27366],[31.41505,-3.27545],[31.41202,-3.27538],[31.38856,-3.26515],[31.36057,-3.24534],[31.34182,-3.25845],[31.34217,-3.29039],[31.36662,-3.32283],[31.31813,-3.31794],[31.29895,-3.30905],[31.29285,-3.30337],[31.24513,-3.29029],[31.2456,-3.2858],[31.24352,-3.27033],[31.24449,-3.2601],[31.24453,-3.23996],[31.24171,-3.2179],[31.23918,-3.20703],[31.23649,-3.20047],[31.22903,-3.18975],[31.22745,-3.18495],[31.2201,-3.17359],[31.20882,-3.1442],[31.20164,-3.13507],[31.20856,-3.11606],[31.21387,-3.10946],[31.21542,-3.09952],[31.22098,-3.08687],[31.22339,-3.07687],[31.22753,-3.06995],[31.22504,-3.06491],[31.23003,-3.05951],[31.24811,-3.05573],[31.25737,-3.05004],[31.25933,-3.05064],[31.26128,-3.04989],[31.26204,-3.05169],[31.26445,-3.05199],[31.26505,-3.05109],[31.26911,-3.05184],[31.27062,-3.04989],[31.27499,-3.04899],[31.27845,-3.04101],[31.28131,-3.04011],[31.28237,-3.03834]]]},"properties":{"region":"Kagera","district":"Biharamulo","ward":"Nyantakara","ward_code":"141"}},{"type":"Feature","geometry":{"type":"Polygon","coordinates":[[[31.0889,-3.11094],[31.09764,-3.12097],[31.11312,-3.12044],[31.12453,-3.12907],[31.12997,-3.13761],[31.14086,-3.14348],[31.15501,-3.15356],[31.16633,-3.17233],[31.18481,-3.187],[31.24171,-3.2179],[31.24453,-3.23996],[31.24449,-3.2601],[31.24352,-3.27033],[31.2456,-3.2858],[31.24513,-3.29029],[31.24366,-3.28989],[31.19863,-3.32069],[31.1519,-3.36475],[31.14712,-3.35603],[31.14572,-3.35606],[31.14541,-3.35419],[31.1446,-3.3544],[31.14345,-3.35225],[31.14353,-3.34947],[31.14151,-3.34577],[31.14004,-3.3463],[31.13971,-3.34456],[31.13763,-3.34344],[31.13868,-3.34237],[31.13774,-3.34111],[31.13898,-3.34008],[31.13708,-3.33862],[31.13549,-3.33888],[31.13557,-3.33439],[31.13407,-3.33339],[31.13499,-3.33084],[31.13217,-3.32889],[31.133,-3.3225],[31.13139,-3.31761],[31.12424,-3.31133],[31.12367,-3.30233],[31.11841,-3.2798],[31.11639,-3.2609],[31.12152,-3.23447],[31.10747,-3.20941],[31.08786,-3.1904],[31.08484,-3.18907],[31.08119,-3.18354],[31.07315,-3.18498],[31.07035,-3.18429],[31.06942,-3.18292],[31.06504,-3.18102],[31.06249,-3.1817],[31.06257,-3.18307],[31.05844,-3.18352],[31.05674,-3.18479],[31.05503,-3.18361],[31.04736,-3.1846],[31.0449,-3.18891],[31.03912,-3.1866],[31.03604,-3.18753],[31.03398,-3.19371],[31.03157,-3.19531],[31.02953,-3.19892],[31.02933,-3.20233],[31.0315,-3.20491],[31.0323,-3.20917],[31.02502,-3.21161],[31.01905,-3.21639],[31.0183,-3.21457],[31.01625,-3.21688],[31.01379,-3.21633],[31.01451,-3.21486],[31.01288,-3.2153],[31.01185,-3.21258],[31.00984,-3.21338],[31.00988,-3.21245],[31.00811,-3.21279],[31.00735,-3.21027],[31.00765,-3.2065],[31.01348,-3.20161],[31.01384,-3.20018],[31.00537,-3.20041],[31.00278,-3.19474],[31.00134,-3.19453],[30.99961,-3.19579],[30.99263,-3.19585],[30.98907,-3.18938],[30.98996,-3.18665],[30.98852,-3.18568],[30.98816,-3.1841],[30.98998,-3.18277],[30.98867,-3.18224],[30.99589,-3.17811],[30.99833,-3.17473],[30.99865,-3.16829],[31.00634,-3.16401],[31.00867,-3.15697],[31.01207,-3.15092],[31.01545,-3.132],[31.02079,-3.1262],[31.02812,-3.11204],[31.03047,-3.10471],[31.03372,-3.10294],[31.0365,-3.09953],[31.03432,-3.09193],[31.0383,-3.09129],[31.04175,-3.08681],[31.03998,-3.08407],[31.04292,-3.07871],[31.04992,-3.0759],[31.04984,-3.06922],[31.0543,-3.05881],[31.06154,-3.04967],[31.06064,-3.0413],[31.07162,-3.03438],[31.06966,-3.0171],[31.07097,-3.00575],[31.07562,-3.00021],[31.07699,-2.98632],[31.07894,-2.98228],[31.07909,-2.97486],[31.08151,-2.97102],[31.08132,-2.9659],[31.09563,-2.98226],[31.10906,-2.98989],[31.10247,-3.03507],[31.0804,-3.0835],[31.0889,-3.11094]]]},"properties":{"region":"Kagera","district":"Biharamulo","ward":"Kalenge","ward_code":"151"}},{"type":"Feature","geometry":{"type":"Polygon","coordinates":[[[31.14643,-2.98509],[31.14728,-2.99254],[31.1392,-3.00108],[31.13714,-3.01226],[31.17137,-3.02425],[31.18398,-3.03742],[31.18782,-3.04458],[31.19192,-3.04681],[31.20064,-3.0615],[31.20311,-3.05921],[31.207,-3.06095],[31.21028,-3.06529],[31.213,-3.0637],[31.21475,-3.06495],[31.21573,-3.06385],[31.21835,-3.06335],[31.22504,-3.06491],[31.22753,-3.06995],[31.22339,-3.07687],[31.22098,-3.08687],[31.21542,-3.09952],[31.21387,-3.10946],[31.20856,-3.11606],[31.20164,-3.13507],[31.20882,-3.1442],[31.2201,-3.17359],[31.22745,-3.18495],[31.22903,-3.18975],[31.23649,-3.20047],[31.23918,-3.20703],[31.24171,-3.2179],[31.18481,-3.187],[31.16633,-3.17233],[31.15501,-3.15356],[31.14086,-3.14348],[31.12997,-3.13761],[31.12453,-3.12907],[31.11312,-3.12044],[31.09764,-3.12097],[31.0889,-3.11094],[31.0804,-3.0835],[31.10247,-3.03507],[31.10906,-2.98989],[31.12152,-2.9907],[31.13595,-2.97865],[31.14643,-2.98509]]]},"properties":{"region":"Kagera","district":"Biharamulo","ward":"Nyanza","ward_code":"171"}},{"type":"Feature","geometry":{"type":"Polygon","coordinates":[[[30.48077,-2.61385],[30.48513,-2.61885],[30.49281,-2.61217],[30.49621,-2.61085],[30.49988,-2.60778],[30.50808,-2.60471],[30.51076,-2.60248],[30.51344,-2.60406],[30.51248,-2.60743],[30.51315,-2.61036],[30.51544,-2.61247],[30.51662,-2.61567],[30.52015,-2.61747],[30.52873,-2.61919],[30.53383,-2.61899],[30.53912,-2.62421],[30.54312,-2.62398],[30.54589,-2.6227],[30.54868,-2.62297],[30.55004,-2.6252],[30.55849,-2.6292],[30.55896,-2.63688],[30.55786,-2.63835],[30.55661,-2.63807],[30.5545,-2.63485],[30.55023,-2.63296],[30.54688,-2.63242],[30.5452,-2.63334],[30.54389,-2.63484],[30.54495,-2.6389],[30.54417,-2.63919],[30.5432,-2.63724],[30.5423,-2.63735],[30.54187,-2.63835],[30.54314,-2.64016],[30.53991,-2.64076],[30.54341,-2.64325],[30.54274,-2.64557],[30.54152,-2.64592],[30.54128,-2.64409],[30.53922,-2.64325],[30.53979,-2.64604],[30.53691,-2.64653],[30.5335,-2.64857],[30.53236,-2.65087],[30.52704,-2.65407],[30.52444,-2.65533],[30.51982,-2.65531],[30.51211,-2.65735],[30.50611,-2.66483],[30.49846,-2.66842],[30.48789,-2.67535],[30.47367,-2.68077],[30.45974,-2.69264],[30.45041,-2.68726],[30.44349,-2.67994],[30.43841,-2.67836],[30.43326,-2.68135],[30.42904,-2.67894],[30.42724,-2.6736],[30.41991,-2.66472],[30.4224,-2.6531],[30.436,-2.63821],[30.4458,-2.61634],[30.45383,-2.60552],[30.45836,-2.59471],[30.46395,-2.58984],[30.46806,-2.59222],[30.47572,-2.6003],[30.47371,-2.60774],[30.47424,-2.61273],[30.48077,-2.61385]]]},"properties":{"region":"Kagera","district":"Ngara","ward":"Kabanga","ward_code":"093"}},{"type":"Feature","geometry":{"type":"Polygon","coordinates":[[[30.56416,-2.56668],[30.55739,-2.57165],[30.55801,-2.57219],[30.54484,-2.58101],[30.54098,-2.58952],[30.53952,-2.59686],[30.54088,-2.60166],[30.54275,-2.60157],[30.54528,-2.60529],[30.54884,-2.60691],[30.55341,-2.61494],[30.55313,-2.6191],[30.55162,-2.62066],[30.54917,-2.62129],[30.54868,-2.62297],[30.54589,-2.6227],[30.54312,-2.62398],[30.53912,-2.62421],[30.53383,-2.61899],[30.52873,-2.61919],[30.52015,-2.61747],[30.51662,-2.61567],[30.51544,-2.61247],[30.51315,-2.61036],[30.51248,-2.60743],[30.51344,-2.60406],[30.51076,-2.60248],[30.50808,-2.60471],[30.502,-2.60659],[30.49621,-2.61085],[30.49281,-2.61217],[30.48513,-2.61885],[30.48077,-2.61385],[30.47424,-2.61273],[30.47371,-2.60774],[30.47572,-2.6003],[30.46806,-2.59222],[30.46395,-2.58984],[30.4696,-2.5764],[30.47639,-2.5714],[30.47904,-2.56125],[30.48434,-2.55729],[30.49482,-2.55977],[30.50761,-2.56908],[30.5128,-2.57021],[30.52979,-2.56076],[30.54773,-2.55807],[30.55607,-2.55415],[30.55936,-2.55779],[30.56416,-2.56668]]]},"properties":{"region":"Kagera","district":"Ngara","ward":"Mabawe","ward_code":"101"}},{"type":"Feature","geometry":{"type":"Polygon","coordinates":[[[30.59545,-2.53677],[30.59766,-2.54859],[30.6053,-2.5432],[30.60945,-2.54462],[30.6121,-2.54408],[30.61422,-2.54495],[30.61704,-2.55002],[30.62276,-2.55517],[30.62805,-2.55729],[30.62552,-2.56925],[30.6198,-2.57784],[30.61706,-2.5783],[30.61562,-2.58145],[30.61702,-2.58957],[30.62743,-2.59402],[30.62849,-2.5961],[30.62599,-2.60451],[30.6216,-2.60864],[30.61308,-2.60907],[30.61169,-2.61024],[30.60921,-2.60985],[30.60875,-2.61154],[30.61175,-2.61225],[30.61104,-2.61421],[30.6082,-2.61261],[30.60637,-2.61379],[30.60428,-2.61875],[30.60052,-2.62171],[30.59665,-2.62118],[30.59393,-2.61909],[30.59147,-2.61912],[30.58851,-2.62176],[30.58713,-2.62171],[30.58645,-2.62057],[30.58799,-2.61943],[30.58688,-2.61668],[30.58598,-2.61926],[30.58493,-2.61954],[30.58474,-2.61806],[30.58273,-2.6172],[30.58085,-2.61881],[30.57873,-2.61822],[30.57602,-2.61943],[30.57371,-2.61646],[30.56824,-2.62239],[30.56473,-2.62314],[30.56084,-2.62611],[30.55945,-2.62622],[30.55849,-2.6292],[30.55004,-2.6252],[30.54868,-2.62297],[30.54917,-2.62129],[30.55162,-2.62066],[30.55313,-2.6191],[30.55341,-2.61494],[30.54884,-2.60691],[30.54528,-2.60529],[30.54275,-2.60157],[30.54088,-2.60166],[30.53952,-2.59686],[30.54098,-2.58952],[30.54484,-2.58101],[30.55801,-2.57219],[30.55739,-2.57165],[30.56416,-2.56668],[30.55936,-2.55779],[30.55607,-2.55415],[30.5598,-2.55112],[30.56143,-2.53952],[30.56063,-2.5311],[30.56155,-2.52621],[30.56824,-2.5208],[30.57608,-2.51796],[30.59421,-2.51421],[30.60273,-2.5138],[30.61556,-2.50846],[30.61759,-2.51434],[30.61938,-2.51524],[30.61909,-2.51622],[30.62404,-2.52358],[30.61642,-2.52562],[30.61345,-2.52858],[30.60757,-2.53154],[30.60238,-2.53231],[30.59766,-2.53464],[30.59545,-2.53677]]]},"properties":{"region":"Kagera","district":"Ngara","ward":"Kanazi","ward_code":"111"}},{"type":"Feature","geometry":{"type":"Polygon","coordinates":[[[30.56953,-2.48328],[30.57012,-2.49613],[30.56225,-2.50176],[30.5601,-2.50651],[30.56518,-2.51107],[30.56541,-2.51795],[30.56116,-2.52704],[30.56063,-2.5311],[30.56143,-2.53952],[30.5598,-2.55112],[30.55607,-2.55415],[30.54773,-2.55807],[30.52979,-2.56076],[30.5128,-2.57021],[30.50761,-2.56908],[30.49482,-2.55977],[30.48434,-2.55729],[30.48423,-2.55023],[30.48549,-2.54582],[30.48406,-2.54104],[30.48461,-2.53434],[30.48319,-2.53264],[30.48335,-2.52833],[30.48577,-2.52591],[30.49602,-2.52437],[30.49581,-2.51807],[30.49761,-2.51263],[30.49962,-2.50997],[30.50421,-2.50921],[30.50781,-2.50499],[30.523,-2.49735],[30.52663,-2.51265],[30.52968,-2.51685],[30.53603,-2.51623],[30.54148,-2.4985],[30.54298,-2.49523],[30.54675,-2.49116],[30.5472,-2.48733],[30.54866,-2.48665],[30.55528,-2.48964],[30.55761,-2.48814],[30.56089,-2.48867],[30.56385,-2.48552],[30.56953,-2.48328]]]},"properties":{"region":"Kagera","district":"Ngara","ward":"Mugoma","ward_code":"121"}},{"type":"Feature","geometry":{"type":"Polygon","coordinates":[[[30.55348,-2.41292],[30.56458,-2.41516],[30.56781,-2.41697],[30.56883,-2.41914],[30.57528,-2.41831],[30.58122,-2.45337],[30.57267,-2.48131],[30.56385,-2.48552],[30.56089,-2.48867],[30.55761,-2.48814],[30.55528,-2.48964],[30.54866,-2.48665],[30.5472,-2.48733],[30.54675,-2.49116],[30.54298,-2.49523],[30.54148,-2.4985],[30.53603,-2.51623],[30.52968,-2.51685],[30.52663,-2.51265],[30.523,-2.49735],[30.51282,-2.50227],[30.51084,-2.4985],[30.51096,-2.49428],[30.515,-2.48009],[30.51953,-2.47277],[30.52043,-2.4575],[30.52301,-2.45592],[30.52457,-2.45288],[30.52681,-2.44448],[30.53073,-2.44105],[30.53163,-2.43814],[30.53364,-2.43644],[30.5398,-2.4111],[30.54497,-2.41364],[30.54923,-2.41091],[30.55348,-2.41292]]]},"properties":{"region":"Kagera","district":"Ngara","ward":"Kirushya","ward_code":"131"}},{"type":"Feature","geometry":{"type":"Polygon","coordinates":[[[30.86538,-2.32698],[30.84045,-2.42549],[30.83472,-2.44242],[30.83059,-2.44748],[30.82132,-2.45316],[30.81705,-2.44992],[30.807,-2.45142],[30.80321,-2.45919],[30.80804,-2.46035],[30.8042,-2.46648],[30.80132,-2.46899],[30.80426,-2.47164],[30.8069,-2.47212],[30.80831,-2.46948],[30.81373,-2.47197],[30.79064,-2.50023],[30.79343,-2.51006],[30.79101,-2.51653],[30.79168,-2.52171],[30.79006,-2.5234],[30.78778,-2.53368],[30.78488,-2.53846],[30.78529,-2.54062],[30.78278,-2.54244],[30.78006,-2.5502],[30.77502,-2.55583],[30.77203,-2.56913],[30.77315,-2.57181],[30.76784,-2.57246],[30.76428,-2.57593],[30.76211,-2.58012],[30.76296,-2.58583],[30.75492,-2.58261],[30.7555,-2.57438],[30.7476,-2.57095],[30.74495,-2.56838],[30.74355,-2.56536],[30.74414,-2.559],[30.74303,-2.55348],[30.7397,-2.55094],[30.73652,-2.55046],[30.73393,-2.54875],[30.73007,-2.54438],[30.7258,-2.54339],[30.72146,-2.54067],[30.72284,-2.53522],[30.72159,-2.53265],[30.72126,-2.52836],[30.72201,-2.52698],[30.72018,-2.52193],[30.72767,-2.52235],[30.72908,-2.52019],[30.72582,-2.51762],[30.72583,-2.51444],[30.72721,-2.51303],[30.73343,-2.51054],[30.73856,-2.51091],[30.74212,-2.50826],[30.74257,-2.50626],[30.74379,-2.50568],[30.74607,-2.50761],[30.74836,-2.50645],[30.74939,-2.51145],[30.75362,-2.50866],[30.7592,-2.50748],[30.75897,-2.50553],[30.76082,-2.50469],[30.76149,-2.50203],[30.76465,-2.50459],[30.76605,-2.50384],[30.766,-2.5012],[30.76782,-2.49915],[30.76703,-2.49631],[30.76857,-2.49718],[30.76842,-2.4999],[30.77018,-2.50046],[30.7727,-2.49395],[30.77198,-2.49336],[30.76976,-2.49435],[30.76264,-2.48956],[30.76504,-2.4877],[30.76597,-2.48503],[30.77361,-2.48059],[30.77287,-2.4779],[30.77076,-2.47681],[30.7707,-2.47366],[30.7728,-2.47273],[30.77564,-2.4731],[30.77568,-2.4715],[30.77275,-2.47017],[30.77085,-2.47124],[30.76667,-2.46961],[30.76808,-2.46628],[30.76674,-2.465],[30.76498,-2.46661],[30.76323,-2.46471],[30.76407,-2.46126],[30.75615,-2.44696],[30.76387,-2.43496],[30.76705,-2.43291],[30.7693,-2.43326],[30.77085,-2.42816],[30.76805,-2.42397],[30.76878,-2.41851],[30.77222,-2.41609],[30.77343,-2.40536],[30.77963,-2.40274],[30.77989,-2.40095],[30.78263,-2.40141],[30.78499,-2.39981],[30.78391,-2.39805],[30.78687,-2.39807],[30.78692,-2.39711],[30.785,-2.39599],[30.78405,-2.39242],[30.78251,-2.39285],[30.77989,-2.38461],[30.78302,-2.383],[30.78304,-2.37951],[30.78614,-2.37671],[30.78718,-2.37806],[30.7921,-2.37605],[30.79577,-2.37062],[30.79619,-2.36676],[30.81162,-2.36286],[30.82119,-2.35082],[30.82256,-2.34631],[30.82187,-2.34467],[30.82371,-2.34231],[30.82874,-2.33912],[30.82813,-2.3377],[30.82643,-2.33735],[30.82755,-2.33199],[30.82337,-2.31337],[30.82703,-2.26104],[30.86756,-2.25938],[30.86538,-2.32698]]]},"properties":{"region":"Kagera","district":"Ngara","ward":"Rusumo","ward_code":"011"}},{"type":"Feature","geometry":{"type":"Polygon","coordinates":[[[30.67814,-2.40934],[30.67791,-2.42968],[30.6787,-2.43538],[30.67503,-2.44175],[30.66779,-2.45064],[30.66709,-2.45477],[30.67285,-2.4633],[30.66781,-2.47031],[30.66268,-2.4709],[30.65658,-2.48004],[30.64537,-2.48369],[30.63081,-2.4969],[30.619,-2.50076],[30.61763,-2.50182],[30.61775,-2.5033],[30.61376,-2.50565],[30.61556,-2.50846],[30.60273,-2.5138],[30.59421,-2.51421],[30.57608,-2.51796],[30.56824,-2.5208],[30.56155,-2.52621],[30.56541,-2.51795],[30.56518,-2.51107],[30.5601,-2.50651],[30.56225,-2.50176],[30.57012,-2.49613],[30.56953,-2.48328],[30.57267,-2.48131],[30.58122,-2.45337],[30.57528,-2.41831],[30.58412,-2.41378],[30.58652,-2.41161],[30.5897,-2.40613],[30.59276,-2.40413],[30.59657,-2.40256],[30.59878,-2.40352],[30.60192,-2.40302],[30.606,-2.3995],[30.61031,-2.39925],[30.61268,-2.40252],[30.61504,-2.40295],[30.62479,-2.3999],[30.63067,-2.40388],[30.63368,-2.40296],[30.63512,-2.40462],[30.63863,-2.40468],[30.64085,-2.40299],[30.64399,-2.40995],[30.64874,-2.4112],[30.65145,-2.4134],[30.6546,-2.41258],[30.65691,-2.41387],[30.66296,-2.40943],[30.66359,-2.40571],[30.67088,-2.39754],[30.67938,-2.39431],[30.68228,-2.39135],[30.6819,-2.40188],[30.67814,-2.40934]]]},"properties":{"region":"Kagera","district":"Ngara","ward":"Ntobeye","ward_code":"141"}},{"type":"Feature","geometry":{"type":"Polygon","coordinates":[[[30.68094,-2.47372],[30.69055,-2.47357],[30.69641,-2.47578],[30.7006,-2.46869],[30.70937,-2.46763],[30.72366,-2.46942],[30.73663,-2.4773],[30.75158,-2.48104],[30.76976,-2.49435],[30.77198,-2.49336],[30.7727,-2.49395],[30.77018,-2.50046],[30.76842,-2.4999],[30.76857,-2.49718],[30.76703,-2.49631],[30.76782,-2.49915],[30.766,-2.5012],[30.76605,-2.50384],[30.76465,-2.50459],[30.76149,-2.50203],[30.76082,-2.50469],[30.75897,-2.50553],[30.7592,-2.50748],[30.75362,-2.50866],[30.74939,-2.51145],[30.74836,-2.50645],[30.74607,-2.50761],[30.74379,-2.50568],[30.74257,-2.50626],[30.74212,-2.50826],[30.73856,-2.51091],[30.73343,-2.51054],[30.72721,-2.51303],[30.72583,-2.51444],[30.72582,-2.51762],[30.72908,-2.52019],[30.72767,-2.52235],[30.72017,-2.52201],[30.7143,-2.52],[30.71012,-2.52137],[30.70734,-2.52386],[30.70361,-2.52398],[30.69818,-2.52659],[30.6948,-2.52692],[30.68898,-2.52568],[30.68504,-2.51878],[30.68075,-2.51664],[30.67865,-2.51318],[30.67959,-2.5088],[30.68573,-2.49452],[30.68201,-2.49639],[30.67809,-2.49491],[30.67867,-2.49324],[30.67722,-2.49235],[30.67747,-2.49133],[30.67323,-2.48884],[30.67274,-2.4868],[30.66761,-2.48244],[30.66561,-2.47708],[30.66781,-2.47031],[30.67285,-2.4633],[30.67788,-2.46929],[30.67809,-2.47258],[30.68094,-2.47372]]]},"properties":{"region":"Kagera","district":"Ngara","ward":"Nyamiaga","ward_code":"151"}},{"type":"Feature","geometry":{"type":"Polygon","coordinates":[[[30.67809,-2.49491],[30.68201,-2.49639],[30.68573,-2.49452],[30.67959,-2.5088],[30.6756,-2.50817],[30.6742,-2.51099],[30.66971,-2.51248],[30.66418,-2.51674],[30.65496,-2.51637],[30.65195,-2.51934],[30.64801,-2.52691],[30.64498,-2.52805],[30.64206,-2.52605],[30.64119,-2.5278],[30.63962,-2.52753],[30.63939,-2.52868],[30.63574,-2.52876],[30.63515,-2.53101],[30.63054,-2.53143],[30.62855,-2.53296],[30.62518,-2.5303],[30.62404,-2.52358],[30.61909,-2.51622],[30.61938,-2.51524],[30.61759,-2.51434],[30.61376,-2.50565],[30.61775,-2.5033],[30.61763,-2.50182],[30.619,-2.50076],[30.63081,-2.4969],[30.64537,-2.48369],[30.65658,-2.48004],[30.66268,-2.4709],[30.66781,-2.47031],[30.66561,-2.47708],[30.66761,-2.48244],[30.67274,-2.4868],[30.67323,-2.48884],[30.67747,-2.49133],[30.67722,-2.49235],[30.67867,-2.49324],[30.67809,-2.49491]]]},"properties":{"region":"Kagera","district":"Ngara","ward":"Ngara Mjini","ward_code":"163"}},{"type":"Feature","geometry":{"type":"Polygon","coordinates":[[[30.68075,-2.51664],[30.68504,-2.51878],[30.68898,-2.52568],[30.6948,-2.52692],[30.69818,-2.52659],[30.70361,-2.52398],[30.70734,-2.52386],[30.71012,-2.52137],[30.7143,-2.52],[30.72017,-2.52201],[30.72201,-2.52698],[30.72126,-2.52836],[30.72159,-2.53265],[30.72284,-2.53522],[30.72161,-2.53794],[30.72136,-2.54382],[30.72471,-2.54639],[30.72351,-2.54829],[30.72175,-2.54951],[30.7171,-2.54703],[30.71198,-2.55129],[30.70502,-2.55061],[30.70627,-2.55372],[30.7051,-2.55576],[30.70333,-2.55491],[30.7016,-2.55592],[30.7009,-2.55759],[30.70268,-2.55949],[30.7024,-2.56237],[30.6967,-2.5646],[30.69644,-2.56539],[30.69871,-2.56536],[30.69781,-2.56713],[30.69847,-2.56978],[30.69698,-2.5711],[30.69632,-2.56905],[30.69486,-2.56825],[30.69277,-2.56862],[30.69035,-2.57094],[30.69223,-2.57236],[30.6956,-2.5715],[30.69646,-2.57274],[30.69637,-2.57347],[30.69365,-2.5728],[30.69328,-2.57414],[30.69506,-2.57437],[30.69035,-2.57763],[30.68998,-2.57429],[30.68816,-2.57453],[30.68474,-2.57831],[30.68356,-2.57805],[30.68422,-2.57577],[30.68207,-2.57238],[30.67976,-2.57178],[30.67963,-2.57002],[30.67664,-2.56951],[30.6731,-2.57703],[30.67087,-2.57828],[30.66974,-2.5809],[30.66793,-2.58215],[30.66581,-2.58165],[30.66401,-2.58326],[30.66038,-2.583],[30.65594,-2.57981],[30.65375,-2.57988],[30.65053,-2.5823],[30.64786,-2.58205],[30.64088,-2.58759],[30.63659,-2.58854],[30.63645,-2.58554],[30.63998,-2.58152],[30.63721,-2.57648],[30.63529,-2.57682],[30.6349,-2.57798],[30.63587,-2.5819],[30.63506,-2.58471],[30.63196,-2.58653],[30.62965,-2.58538],[30.62856,-2.58624],[30.63075,-2.58897],[30.62858,-2.59119],[30.62677,-2.59104],[30.62604,-2.59189],[30.62743,-2.59402],[30.61702,-2.58957],[30.61562,-2.58145],[30.61706,-2.5783],[30.6198,-2.57784],[30.62552,-2.56925],[30.62805,-2.55729],[30.62276,-2.55517],[30.61704,-2.55002],[30.61422,-2.54495],[30.6121,-2.54408],[30.60945,-2.54462],[30.6053,-2.5432],[30.59766,-2.54859],[30.59545,-2.53677],[30.59766,-2.53464],[30.60238,-2.53231],[30.60757,-2.53154],[30.61345,-2.52858],[30.61642,-2.52562],[30.62404,-2.52358],[30.62518,-2.5303],[30.62855,-2.53296],[30.63054,-2.53143],[30.63515,-2.53101],[30.63574,-2.52876],[30.63939,-2.52868],[30.63962,-2.52753],[30.64119,-2.5278],[30.64206,-2.52605],[30.64498,-2.52805],[30.64801,-2.52691],[30.65421,-2.5168],[30.66418,-2.51674],[30.66971,-2.51248],[30.6742,-2.51099],[30.6756,-2.50817],[30.67959,-2.5088],[30.67865,-2.51318],[30.68075,-2.51664]]]},"properties":{"region":"Kagera","district":"Ngara","ward":"Kibimba","ward_code":"171"}},{"type":"Feature","geometry":{"type":"Polygon","coordinates":[[[30.7656,-2.39042],[30.76765,-2.39198],[30.77583,-2.38877],[30.77922,-2.39036],[30.78101,-2.38938],[30.78251,-2.39285],[30.78405,-2.39242],[30.785,-2.39599],[30.78692,-2.39711],[30.78687,-2.39807],[30.78391,-2.39805],[30.78499,-2.39981],[30.78263,-2.40141],[30.77989,-2.40095],[30.77963,-2.40274],[30.77343,-2.40536],[30.77222,-2.41609],[30.76878,-2.41851],[30.76805,-2.42397],[30.77085,-2.42816],[30.7693,-2.43326],[30.76705,-2.43291],[30.76387,-2.43496],[30.75615,-2.44696],[30.76407,-2.46126],[30.76323,-2.46471],[30.76498,-2.46661],[30.76674,-2.465],[30.76808,-2.46628],[30.76667,-2.46961],[30.77085,-2.47124],[30.77275,-2.47017],[30.77568,-2.4715],[30.77564,-2.4731],[30.7728,-2.47273],[30.7707,-2.47366],[30.77076,-2.47681],[30.77287,-2.4779],[30.77361,-2.48059],[30.76597,-2.48503],[30.76504,-2.4877],[30.76264,-2.48956],[30.75158,-2.48104],[30.73663,-2.4773],[30.72366,-2.46942],[30.70937,-2.46763],[30.7006,-2.46869],[30.69641,-2.47578],[30.69055,-2.47357],[30.68094,-2.47372],[30.67809,-2.47258],[30.67788,-2.46929],[30.66709,-2.45477],[30.66779,-2.45064],[30.67503,-2.44175],[30.6787,-2.43538],[30.67791,-2.42968],[30.67814,-2.40934],[30.6819,-2.40188],[30.68228,-2.39135],[30.68931,-2.38214],[30.69053,-2.37757],[30.69077,-2.36898],[30.69597,-2.36299],[30.70365,-2.36258],[30.70927,-2.35756],[30.71764,-2.35554],[30.72096,-2.3592],[30.73271,-2.3634],[30.73719,-2.37213],[30.74487,-2.37859],[30.7518,-2.38149],[30.76186,-2.38155],[30.76614,-2.38619],[30.7656,-2.39042]]]},"properties":{"region":"Kagera","district":"Ngara","ward":"Murukurazo","ward_code":"191"}},{"type":"Feature","geometry":{"type":"Polygon","coordinates":[[[30.95968,-2.25795],[31.00771,-2.25931],[31.06581,-2.25903],[31.04104,-2.30407],[31.03465,-2.3124],[31.02318,-2.3174],[31.01295,-2.32423],[31.00955,-2.33433],[31.00455,-2.34389],[31.00176,-2.3577],[30.99264,-2.37019],[30.98588,-2.38357],[30.97426,-2.40209],[30.95809,-2.43706],[30.95119,-2.45826],[30.95004,-2.46514],[30.93933,-2.47724],[30.93445,-2.48441],[30.92821,-2.50321],[30.91494,-2.51885],[30.90671,-2.53604],[30.90238,-2.55178],[30.89828,-2.56227],[30.89526,-2.56653],[30.89076,-2.56731],[30.88575,-2.57053],[30.87573,-2.57407],[30.8635,-2.58738],[30.85703,-2.60005],[30.85073,-2.60979],[30.81906,-2.63282],[30.81292,-2.65064],[30.80144,-2.64539],[30.80059,-2.63855],[30.79133,-2.62748],[30.79102,-2.61914],[30.78436,-2.61695],[30.78068,-2.61072],[30.77567,-2.60616],[30.76684,-2.60312],[30.76211,-2.58012],[30.76428,-2.57593],[30.76724,-2.57283],[30.77066,-2.57162],[30.77315,-2.57181],[30.77203,-2.56913],[30.77502,-2.55583],[30.78006,-2.5502],[30.78146,-2.54516],[30.78278,-2.54244],[30.78529,-2.54062],[30.78488,-2.53846],[30.78778,-2.53368],[30.79006,-2.5234],[30.79168,-2.52171],[30.79101,-2.51653],[30.79343,-2.51006],[30.79064,-2.50023],[30.81373,-2.47197],[30.80831,-2.46948],[30.8069,-2.47212],[30.80426,-2.47164],[30.80132,-2.46899],[30.8042,-2.46648],[30.80804,-2.46035],[30.80321,-2.45919],[30.807,-2.45142],[30.81705,-2.44992],[30.82132,-2.45316],[30.83059,-2.44748],[30.83472,-2.44242],[30.84045,-2.42549],[30.86538,-2.32698],[30.86756,-2.25938],[30.89022,-2.25804],[30.92005,-2.26087],[30.95968,-2.25795]]]},"properties":{"region":"Kagera","district":"Ngara","ward":"Kasulo","ward_code":"201"}},{"type":"Feature","geometry":{"type":"Polygon","coordinates":[[[30.73007,-2.54438],[30.73652,-2.55046],[30.7397,-2.55094],[30.74303,-2.55348],[30.74414,-2.559],[30.74355,-2.56536],[30.74495,-2.56838],[30.7476,-2.57095],[30.7555,-2.57438],[30.75492,-2.58261],[30.7633,-2.58597],[30.76684,-2.60312],[30.77567,-2.60616],[30.78068,-2.61072],[30.78436,-2.61695],[30.79102,-2.61914],[30.79133,-2.62748],[30.80059,-2.63855],[30.80144,-2.64539],[30.81292,-2.65064],[30.80583,-2.67125],[30.79812,-2.67443],[30.79412,-2.67142],[30.78832,-2.67689],[30.7781,-2.67725],[30.76457,-2.6702],[30.75962,-2.67087],[30.74701,-2.68138],[30.74334,-2.68661],[30.74147,-2.68708],[30.73409,-2.69248],[30.72855,-2.69265],[30.70722,-2.70566],[30.69404,-2.71069],[30.68718,-2.71757],[30.68513,-2.72377],[30.68266,-2.72563],[30.6806,-2.72518],[30.67834,-2.72307],[30.67161,-2.71962],[30.67071,-2.71808],[30.67459,-2.69134],[30.67437,-2.68741],[30.67278,-2.68282],[30.66641,-2.68008],[30.65917,-2.67263],[30.65473,-2.66488],[30.64905,-2.66089],[30.64367,-2.66232],[30.63951,-2.66214],[30.63834,-2.65964],[30.63373,-2.65824],[30.63338,-2.65059],[30.63542,-2.64214],[30.63648,-2.63877],[30.65348,-2.62499],[30.65681,-2.61569],[30.66617,-2.60872],[30.68116,-2.59149],[30.68356,-2.57805],[30.68474,-2.57831],[30.68816,-2.57453],[30.68998,-2.57429],[30.69035,-2.57763],[30.69506,-2.57437],[30.69328,-2.57414],[30.69365,-2.5728],[30.69637,-2.57347],[30.6956,-2.5715],[30.69223,-2.57236],[30.69035,-2.57094],[30.69277,-2.56862],[30.69486,-2.56825],[30.69632,-2.56905],[30.69698,-2.5711],[30.69783,-2.57069],[30.69871,-2.56536],[30.69644,-2.56539],[30.6967,-2.5646],[30.7024,-2.56237],[30.70268,-2.55949],[30.7009,-2.55759],[30.7016,-2.55592],[30.70333,-2.55491],[30.7051,-2.55576],[30.70627,-2.55372],[30.70502,-2.55061],[30.71198,-2.55129],[30.7171,-2.54703],[30.72175,-2.54951],[30.72471,-2.54639],[30.72136,-2.54382],[30.72146,-2.54067],[30.7258,-2.54339],[30.73007,-2.54438]]]},"properties":{"region":"Kagera","district":"Ngara","ward":"Nyakisasa","ward_code":"021"}},{"type":"Feature","geometry":{"type":"Polygon","coordinates":[[[30.63951,-2.66214],[30.64367,-2.66232],[30.64905,-2.66089],[30.65357,-2.66379],[30.65917,-2.67263],[30.66387,-2.6777],[30.66641,-2.68008],[30.67278,-2.68282],[30.67437,-2.68741],[30.67459,-2.69134],[30.67071,-2.71808],[30.66921,-2.71881],[30.66909,-2.72055],[30.6662,-2.72374],[30.66648,-2.72679],[30.6645,-2.72975],[30.66425,-2.73452],[30.661,-2.73671],[30.65842,-2.74513],[30.65775,-2.75139],[30.65852,-2.756],[30.66529,-2.7636],[30.6687,-2.77107],[30.66778,-2.77509],[30.66545,-2.77869],[30.66524,-2.78438],[30.66017,-2.79336],[30.65002,-2.80335],[30.63723,-2.80676],[30.62922,-2.80354],[30.62234,-2.80322],[30.6191,-2.80026],[30.61061,-2.80049],[30.61036,-2.79694],[30.61167,-2.79459],[30.6163,-2.7914],[30.61991,-2.78652],[30.60837,-2.77628],[30.59655,-2.76999],[30.59887,-2.76465],[30.59535,-2.76232],[30.59088,-2.7669],[30.57107,-2.76309],[30.56596,-2.75614],[30.56549,-2.75371],[30.57544,-2.7263],[30.57434,-2.72097],[30.57228,-2.71867],[30.57057,-2.71409],[30.57355,-2.70604],[30.57336,-2.69973],[30.57873,-2.6971],[30.57997,-2.69513],[30.58266,-2.69426],[30.58685,-2.69044],[30.59952,-2.69284],[30.60277,-2.68718],[30.61052,-2.68421],[30.6171,-2.68563],[30.6232,-2.67616],[30.62239,-2.67399],[30.62499,-2.67272],[30.62735,-2.66877],[30.62618,-2.66337],[30.63373,-2.65824],[30.63834,-2.65964],[30.63951,-2.66214]]]},"properties":{"region":"Kagera","district":"Ngara","ward":"Rulenge","ward_code":"033"}},{"type":"Feature","geometry":{"type":"Polygon","coordinates":[[[30.76457,-2.6702],[30.7781,-2.67725],[30.78832,-2.67689],[30.79412,-2.67142],[30.79812,-2.67443],[30.80583,-2.67125],[30.80444,-2.678],[30.79899,-2.68054],[30.80143,-2.69043],[30.80396,-2.69343],[30.81667,-2.69607],[30.81394,-2.70003],[30.814,-2.70904],[30.81542,-2.71528],[30.82133,-2.72083],[30.8205,-2.72831],[30.84251,-2.7527],[30.83847,-2.76608],[30.83457,-2.76757],[30.82501,-2.778],[30.81594,-2.77832],[30.81134,-2.77309],[30.79925,-2.76844],[30.79518,-2.77121],[30.79504,-2.77398],[30.79147,-2.77858],[30.79278,-2.78261],[30.78842,-2.78373],[30.78352,-2.79183],[30.77794,-2.78824],[30.77193,-2.78786],[30.76291,-2.78817],[30.75576,-2.79234],[30.74891,-2.80151],[30.7467,-2.80709],[30.73834,-2.81343],[30.7367,-2.81849],[30.73482,-2.80887],[30.71644,-2.79372],[30.71426,-2.78747],[30.70725,-2.78428],[30.70463,-2.7865],[30.70394,-2.79025],[30.69952,-2.79562],[30.69477,-2.79997],[30.68991,-2.80129],[30.68546,-2.80493],[30.65373,-2.81366],[30.63723,-2.80676],[30.65002,-2.80335],[30.66017,-2.79336],[30.66524,-2.78438],[30.66545,-2.77869],[30.66778,-2.77509],[30.6687,-2.77107],[30.66529,-2.7636],[30.65852,-2.756],[30.65775,-2.75139],[30.65842,-2.74513],[30.661,-2.73671],[30.66425,-2.73452],[30.6645,-2.72975],[30.66648,-2.72679],[30.6662,-2.72374],[30.66909,-2.72055],[30.66921,-2.71881],[30.67071,-2.71808],[30.67161,-2.71962],[30.68266,-2.72563],[30.68513,-2.72377],[30.68718,-2.71757],[30.69404,-2.71069],[30.70722,-2.70566],[30.72855,-2.69265],[30.73409,-2.69248],[30.74147,-2.68708],[30.74334,-2.68661],[30.74701,-2.68138],[30.75962,-2.67087],[30.76457,-2.6702]]]},"properties":{"region":"Kagera","district":"Ngara","ward":"Keza","ward_code":"041"}},{"type":"Feature","geometry":{"type":"Polygon","coordinates":[[[30.57085,-2.81492],[30.57078,-2.82028],[30.57836,-2.82451],[30.58613,-2.83111],[30.5977,-2.83293],[30.60861,-2.83342],[30.60938,-2.84461],[30.61321,-2.84594],[30.61979,-2.85252],[30.62225,-2.86491],[30.60805,-2.87213],[30.59446,-2.87449],[30.59214,-2.8858],[30.59194,-2.90079],[30.59048,-2.9139],[30.58769,-2.91257],[30.58646,-2.90658],[30.58147,-2.90566],[30.58063,-2.90474],[30.57823,-2.89618],[30.57423,-2.89408],[30.56749,-2.89509],[30.56535,-2.89677],[30.56626,-2.90036],[30.55584,-2.90995],[30.55081,-2.91625],[30.53942,-2.93418],[30.5353,-2.93186],[30.53257,-2.93153],[30.52921,-2.93476],[30.52882,-2.9366],[30.52743,-2.93708],[30.52377,-2.94356],[30.51636,-2.94479],[30.51121,-2.95046],[30.50488,-2.95454],[30.49259,-2.94871],[30.48691,-2.94868],[30.48278,-2.94657],[30.48125,-2.94392],[30.47952,-2.93514],[30.4772,-2.93508],[30.47581,-2.93307],[30.47383,-2.93256],[30.47347,-2.92922],[30.47098,-2.92663],[30.46877,-2.92828],[30.46769,-2.92793],[30.46965,-2.92542],[30.46819,-2.92425],[30.46439,-2.92231],[30.46359,-2.92397],[30.46108,-2.92511],[30.4573,-2.9216],[30.4579,-2.92071],[30.46381,-2.91995],[30.46399,-2.91884],[30.46297,-2.9179],[30.46288,-2.91533],[30.45737,-2.90982],[30.45278,-2.91139],[30.45094,-2.9139],[30.44949,-2.91364],[30.44857,-2.90966],[30.44645,-2.90853],[30.44486,-2.90941],[30.44362,-2.90882],[30.44398,-2.90703],[30.44267,-2.90476],[30.44112,-2.90546],[30.44,-2.90403],[30.43724,-2.9035],[30.43905,-2.89953],[30.43616,-2.89563],[30.43757,-2.89219],[30.43601,-2.88782],[30.43681,-2.88429],[30.43507,-2.88356],[30.43337,-2.88107],[30.43455,-2.87832],[30.45464,-2.87332],[30.45769,-2.87433],[30.4613,-2.87343],[30.46255,-2.87139],[30.46516,-2.87002],[30.46953,-2.86255],[30.47416,-2.86163],[30.48232,-2.86515],[30.48503,-2.86413],[30.48845,-2.86455],[30.4893,-2.86071],[30.49354,-2.85778],[30.49878,-2.84757],[30.50425,-2.84119],[30.50806,-2.8321],[30.51758,-2.82916],[30.52423,-2.82481],[30.52639,-2.81574],[30.52972,-2.81453],[30.53462,-2.81872],[30.53862,-2.81609],[30.54352,-2.81838],[30.54808,-2.81637],[30.55456,-2.81552],[30.55585,-2.81392],[30.55859,-2.81315],[30.5632,-2.80807],[30.56617,-2.8134],[30.57085,-2.81492]]]},"properties":{"region":"Kagera","district":"Ngara","ward":"Bugarama","ward_code":"071"}},{"type":"Feature","geometry":{"type":"Polygon","coordinates":[[[30.56992,-2.67465],[30.57074,-2.69488],[30.57336,-2.69973],[30.57355,-2.70604],[30.57057,-2.71409],[30.57228,-2.71867],[30.57434,-2.72097],[30.57544,-2.7263],[30.56549,-2.75371],[30.56596,-2.75614],[30.57107,-2.76309],[30.59088,-2.7669],[30.59535,-2.76232],[30.59887,-2.76465],[30.59655,-2.76999],[30.60837,-2.77628],[30.61991,-2.78652],[30.6163,-2.7914],[30.61167,-2.79459],[30.61036,-2.79694],[30.61066,-2.80933],[30.6131,-2.81361],[30.61357,-2.81692],[30.60846,-2.83134],[30.60861,-2.83342],[30.5977,-2.83293],[30.58613,-2.83111],[30.57836,-2.82451],[30.57078,-2.82028],[30.57085,-2.81492],[30.56617,-2.8134],[30.5632,-2.80807],[30.55859,-2.81315],[30.55585,-2.81392],[30.55456,-2.81552],[30.54808,-2.81637],[30.54352,-2.81838],[30.53862,-2.81609],[30.53462,-2.81872],[30.52919,-2.81473],[30.52917,-2.81358],[30.53389,-2.80889],[30.53484,-2.80239],[30.54367,-2.79075],[30.53553,-2.78781],[30.52783,-2.78844],[30.52248,-2.7858],[30.51312,-2.78385],[30.51093,-2.78042],[30.51043,-2.77776],[30.51806,-2.76533],[30.51607,-2.76032],[30.50939,-2.75827],[30.50037,-2.75235],[30.49456,-2.74133],[30.48604,-2.74069],[30.46419,-2.73275],[30.46159,-2.72638],[30.46599,-2.71937],[30.47153,-2.71934],[30.47306,-2.71647],[30.47801,-2.71476],[30.48327,-2.72231],[30.49047,-2.71545],[30.4951,-2.71263],[30.50043,-2.70516],[30.50321,-2.70392],[30.50425,-2.6971],[30.50916,-2.69919],[30.50805,-2.69438],[30.50996,-2.69243],[30.51227,-2.69439],[30.51394,-2.69173],[30.51761,-2.69224],[30.51736,-2.68961],[30.52138,-2.68769],[30.52122,-2.68181],[30.52513,-2.68081],[30.52469,-2.67658],[30.52826,-2.67034],[30.52955,-2.66537],[30.52933,-2.66373],[30.5274,-2.66302],[30.52657,-2.66013],[30.52754,-2.65829],[30.53586,-2.65815],[30.55176,-2.65041],[30.55946,-2.65738],[30.55976,-2.66065],[30.56992,-2.67465]]]},"properties":{"region":"Kagera","district":"Ngara","ward":"Bukiriro","ward_code":"081"}},{"type":"Feature","geometry":{"type":"Polygon","coordinates":[[[30.68422,-2.57577],[30.68116,-2.59149],[30.66617,-2.60872],[30.65681,-2.61569],[30.65348,-2.62499],[30.63648,-2.63877],[30.63338,-2.65059],[30.63373,-2.65824],[30.62618,-2.66337],[30.62735,-2.66877],[30.62499,-2.67272],[30.62239,-2.67399],[30.6232,-2.67616],[30.6171,-2.68563],[30.61052,-2.68421],[30.60277,-2.68718],[30.59952,-2.69284],[30.58685,-2.69044],[30.58266,-2.69426],[30.57997,-2.69513],[30.57873,-2.6971],[30.57336,-2.69973],[30.57074,-2.69488],[30.56992,-2.67465],[30.55976,-2.66065],[30.55946,-2.65738],[30.55176,-2.65041],[30.53586,-2.65815],[30.52738,-2.65827],[30.52704,-2.65407],[30.53236,-2.65087],[30.5335,-2.64857],[30.53691,-2.64653],[30.53979,-2.64604],[30.53922,-2.64325],[30.54128,-2.64409],[30.54152,-2.64592],[30.54274,-2.64557],[30.54341,-2.64325],[30.53991,-2.64076],[30.54314,-2.64016],[30.54187,-2.63835],[30.5423,-2.63735],[30.5432,-2.63724],[30.54417,-2.63919],[30.54495,-2.6389],[30.54389,-2.63484],[30.5452,-2.63334],[30.54688,-2.63242],[30.55023,-2.63296],[30.5545,-2.63485],[30.55661,-2.63807],[30.55786,-2.63835],[30.55896,-2.63688],[30.55849,-2.6292],[30.55945,-2.62622],[30.56084,-2.62611],[30.56473,-2.62314],[30.56824,-2.62239],[30.57371,-2.61646],[30.57602,-2.61943],[30.57873,-2.61822],[30.58085,-2.61881],[30.58273,-2.6172],[30.58474,-2.61806],[30.58493,-2.61954],[30.58598,-2.61926],[30.58688,-2.61668],[30.58799,-2.61943],[30.58645,-2.62057],[30.58713,-2.62171],[30.58851,-2.62176],[30.59147,-2.61912],[30.59393,-2.61909],[30.59665,-2.62118],[30.60052,-2.62171],[30.60428,-2.61875],[30.60637,-2.61379],[30.6082,-2.61261],[30.61104,-2.61421],[30.61175,-2.61225],[30.60875,-2.61154],[30.60921,-2.60985],[30.61169,-2.61024],[30.61308,-2.60907],[30.6216,-2.60864],[30.62383,-2.6071],[30.62599,-2.60451],[30.62849,-2.5961],[30.62604,-2.59189],[30.63046,-2.58988],[30.63075,-2.58897],[30.62856,-2.58624],[30.62965,-2.58538],[30.63196,-2.58653],[30.63506,-2.58471],[30.63587,-2.5819],[30.63529,-2.57682],[30.63721,-2.57648],[30.63998,-2.58152],[30.63645,-2.58554],[30.63659,-2.58854],[30.64088,-2.58759],[30.64786,-2.58205],[30.65053,-2.5823],[30.65375,-2.57988],[30.65594,-2.57981],[30.66038,-2.583],[30.66401,-2.58326],[30.66581,-2.58165],[30.66793,-2.58215],[30.66974,-2.5809],[30.67087,-2.57828],[30.6731,-2.57703],[30.67664,-2.56951],[30.67963,-2.57002],[30.67976,-2.57178],[30.68207,-2.57238],[30.68422,-2.57577]]]},"properties":{"region":"Kagera","district":"Ngara","ward":"Mbuba","ward_code":"181"}},{"type":"Feature","geometry":{"type":"Polygon","coordinates":[[[30.46419,-2.73275],[30.48604,-2.74069],[30.49456,-2.74133],[30.50037,-2.75235],[30.50939,-2.75827],[30.51607,-2.76032],[30.51806,-2.76533],[30.51043,-2.77776],[30.51093,-2.78042],[30.51312,-2.78385],[30.52248,-2.7858],[30.52783,-2.78844],[30.53553,-2.78781],[30.54367,-2.79075],[30.53484,-2.80239],[30.53389,-2.80889],[30.52917,-2.81358],[30.52919,-2.81473],[30.52639,-2.81574],[30.52423,-2.82481],[30.51758,-2.82916],[30.50806,-2.8321],[30.50425,-2.84119],[30.49878,-2.84757],[30.49354,-2.85778],[30.4893,-2.86071],[30.48845,-2.86455],[30.48503,-2.86413],[30.48232,-2.86515],[30.47416,-2.86163],[30.46953,-2.86255],[30.46516,-2.87002],[30.46255,-2.87139],[30.4613,-2.87343],[30.45769,-2.87433],[30.45464,-2.87332],[30.43455,-2.87832],[30.43566,-2.87623],[30.43419,-2.87451],[30.4323,-2.87486],[30.43084,-2.87239],[30.42629,-2.86926],[30.41848,-2.87501],[30.41738,-2.8744],[30.41739,-2.87165],[30.41567,-2.86934],[30.41461,-2.87022],[30.41158,-2.86454],[30.41255,-2.86365],[30.41476,-2.86408],[30.41537,-2.86317],[30.41402,-2.86137],[30.41418,-2.85828],[30.41197,-2.85661],[30.412,-2.8532],[30.41577,-2.85087],[30.41424,-2.8442],[30.41646,-2.84299],[30.41685,-2.84158],[30.4179,-2.84183],[30.41797,-2.8429],[30.41978,-2.84248],[30.41948,-2.83941],[30.42103,-2.83962],[30.42083,-2.8361],[30.42164,-2.8356],[30.42133,-2.83132],[30.4254,-2.83143],[30.42396,-2.82667],[30.42566,-2.82516],[30.42726,-2.81953],[30.42566,-2.81711],[30.42401,-2.81668],[30.42758,-2.81354],[30.42778,-2.81039],[30.43064,-2.81023],[30.43243,-2.80927],[30.43276,-2.80765],[30.43481,-2.80753],[30.4335,-2.80422],[30.4347,-2.80317],[30.43849,-2.80297],[30.44,-2.79531],[30.4416,-2.79486],[30.44236,-2.79302],[30.44059,-2.78952],[30.443,-2.78707],[30.44189,-2.78496],[30.44383,-2.78324],[30.44444,-2.78077],[30.4421,-2.77776],[30.44591,-2.77193],[30.44694,-2.76812],[30.44313,-2.76188],[30.43843,-2.76005],[30.43634,-2.75606],[30.43704,-2.7546],[30.44181,-2.75297],[30.44018,-2.74503],[30.44545,-2.74457],[30.45001,-2.74243],[30.45478,-2.74172],[30.46247,-2.73515],[30.4644,-2.7354],[30.46419,-2.73275]]]},"properties":{"region":"Kagera","district":"Ngara","ward":"Kibogora","ward_code":"221"}},{"type":"Feature","geometry":{"type":"Polygon","coordinates":[[[30.90021,-2.91392],[30.89093,-2.92905],[30.87549,-2.93751],[30.86398,-2.95121],[30.85296,-2.96757],[30.85032,-2.97978],[30.84345,-2.97878],[30.84234,-2.9795],[30.83926,-2.97643],[30.83321,-2.97699],[30.82414,-2.98121],[30.82195,-2.98082],[30.81599,-2.98252],[30.8149,-2.9806],[30.78524,-2.99128],[30.77516,-2.99639],[30.75345,-2.99868],[30.72672,-2.99321],[30.71349,-2.97993],[30.73177,-2.95867],[30.74407,-2.94985],[30.76641,-2.91863],[30.78278,-2.9229],[30.79904,-2.89629],[30.82141,-2.87637],[30.83565,-2.86725],[30.84142,-2.86614],[30.84188,-2.86382],[30.84819,-2.86198],[30.85081,-2.85793],[30.8522,-2.85326],[30.86163,-2.85002],[30.86667,-2.83696],[30.86786,-2.83017],[30.8713,-2.82738],[30.88212,-2.82784],[30.90612,-2.84211],[30.90757,-2.84775],[30.91613,-2.84982],[30.92126,-2.85332],[30.93325,-2.85567],[30.94177,-2.86729],[30.94031,-2.87643],[30.93267,-2.8833],[30.9194,-2.89091],[30.91141,-2.90299],[30.90021,-2.91392]]]},"properties":{"region":"Kagera","district":"Ngara","ward":"Murusagamba","ward_code":"051"}},{"type":"Feature","geometry":{"type":"Polygon","coordinates":[[[30.73482,-2.80887],[30.73793,-2.82179],[30.74111,-2.82617],[30.75013,-2.83085],[30.74901,-2.83305],[30.75592,-2.86751],[30.75433,-2.89264],[30.76762,-2.90611],[30.76641,-2.91863],[30.74407,-2.94985],[30.73177,-2.95867],[30.71349,-2.97993],[30.71286,-2.97806],[30.70408,-2.97188],[30.69995,-2.97419],[30.69329,-2.97523],[30.68668,-2.97934],[30.68631,-2.98239],[30.68391,-2.98496],[30.68102,-2.98625],[30.68018,-2.98834],[30.67553,-2.99253],[30.6706,-2.99394],[30.66639,-2.99161],[30.66191,-2.98646],[30.65999,-2.98198],[30.65428,-2.97771],[30.65035,-2.97709],[30.64618,-2.9709],[30.64592,-2.96151],[30.64748,-2.94979],[30.62429,-2.93527],[30.62255,-2.92951],[30.60582,-2.92201],[30.60109,-2.924],[30.59816,-2.92239],[30.5957,-2.9156],[30.59048,-2.9139],[30.59194,-2.90079],[30.59214,-2.8858],[30.59446,-2.87449],[30.60805,-2.87213],[30.62225,-2.86491],[30.61979,-2.85252],[30.61321,-2.84594],[30.60938,-2.84461],[30.60846,-2.83134],[30.61357,-2.81692],[30.6131,-2.81361],[30.61066,-2.80933],[30.61061,-2.80049],[30.6191,-2.80026],[30.62234,-2.80322],[30.62922,-2.80354],[30.65373,-2.81366],[30.68546,-2.80493],[30.68991,-2.80129],[30.69477,-2.79997],[30.70394,-2.79025],[30.70463,-2.7865],[30.70725,-2.78428],[30.71426,-2.78747],[30.71644,-2.79372],[30.73341,-2.80726],[30.73482,-2.80887]]]},"properties":{"region":"Kagera","district":"Ngara","ward":"Muganza","ward_code":"061"}},{"type":"Feature","geometry":{"type":"Polygon","coordinates":[[[30.86181,-2.77408],[30.87071,-2.78573],[30.87194,-2.79866],[30.87787,-2.80272],[30.88457,-2.80332],[30.90469,-2.81255],[30.92089,-2.81054],[30.92586,-2.80627],[30.93182,-2.80459],[30.94057,-2.80674],[30.95434,-2.82043],[30.95739,-2.82699],[30.96272,-2.83249],[30.96682,-2.83497],[30.978,-2.83695],[30.97992,-2.83885],[30.98668,-2.83839],[30.98126,-2.84512],[30.96857,-2.85524],[30.96181,-2.85438],[30.95575,-2.85986],[30.94873,-2.86909],[30.94837,-2.87123],[30.94604,-2.87249],[30.94201,-2.87712],[30.94031,-2.87643],[30.94177,-2.86729],[30.93325,-2.85567],[30.92126,-2.85332],[30.91613,-2.84982],[30.90757,-2.84775],[30.90612,-2.84211],[30.88212,-2.82784],[30.8713,-2.82738],[30.86786,-2.83017],[30.86667,-2.83696],[30.86163,-2.85002],[30.8522,-2.85326],[30.85081,-2.85793],[30.84819,-2.86198],[30.84188,-2.86382],[30.84142,-2.86614],[30.83565,-2.86725],[30.82141,-2.87637],[30.79904,-2.89629],[30.78278,-2.9229],[30.76641,-2.91863],[30.76762,-2.90611],[30.75433,-2.89264],[30.75592,-2.86751],[30.74901,-2.83305],[30.75013,-2.83085],[30.74111,-2.82617],[30.73793,-2.82179],[30.7367,-2.81849],[30.73834,-2.81343],[30.7467,-2.80709],[30.74891,-2.80151],[30.75576,-2.79234],[30.76291,-2.78817],[30.77794,-2.78824],[30.78352,-2.79183],[30.78842,-2.78373],[30.79278,-2.78261],[30.79147,-2.77858],[30.79504,-2.77398],[30.79518,-2.77121],[30.79925,-2.76844],[30.81134,-2.77309],[30.81594,-2.77832],[30.82501,-2.778],[30.83457,-2.76757],[30.83847,-2.76608],[30.84251,-2.7527],[30.86181,-2.77408]]]},"properties":{"region":"Kagera","district":"Ngara","ward":"Nyamagoma","ward_code":"211"}},{"type":"Feature","geometry":{"type":"Polygon","coordinates":[[[30.6727,-1.09635],[30.67511,-1.10035],[30.67899,-1.09971],[30.68655,-1.10357],[30.69144,-1.10916],[30.6958,-1.10949],[30.70317,-1.11953],[30.69784,-1.12511],[30.69499,-1.1589],[30.69028,-1.16749],[30.68926,-1.16779],[30.69117,-1.179],[30.68658,-1.18112],[30.68446,-1.17992],[30.68113,-1.17974],[30.66761,-1.18903],[30.66681,-1.19289],[30.66435,-1.19584],[30.66348,-1.19579],[30.6638,-1.20289],[30.6626,-1.20703],[30.658,-1.20865],[30.65879,-1.20927],[30.65799,-1.21541],[30.65254,-1.21581],[30.64266,-1.21956],[30.62921,-1.21548],[30.62382,-1.21534],[30.61094,-1.21969],[30.59095,-1.23603],[30.58031,-1.2424],[30.56569,-1.24419],[30.55024,-1.24979],[30.54587,-1.24573],[30.54045,-1.23322],[30.53316,-1.22519],[30.53305,-1.22159],[30.52375,-1.21233],[30.52318,-1.20862],[30.52097,-1.20457],[30.52217,-1.20094],[30.52031,-1.19767],[30.51574,-1.19408],[30.51406,-1.19115],[30.51172,-1.18103],[30.50875,-1.17512],[30.5094,-1.17188],[30.50481,-1.16842],[30.50072,-1.1637],[30.49765,-1.16329],[30.50203,-1.15499],[30.51094,-1.14584],[30.52314,-1.13904],[30.54588,-1.13857],[30.55221,-1.13693],[30.56136,-1.13927],[30.57965,-1.13787],[30.58856,-1.13834],[30.59536,-1.13998],[30.62279,-1.1374],[30.61928,-1.13074],[30.62321,-1.11937],[30.62338,-1.11354],[30.62218,-1.11012],[30.62861,-1.10548],[30.65386,-1.099],[30.65468,-1.0978],[30.6727,-1.09635]]]},"properties":{"region":"Kagera","district":"Kyerwa","ward":"Kibingo","ward_code":"041"}},{"type":"Feature","geometry":{"type":"Polygon","coordinates":[[[30.79779,-0.99888],[30.75676,-1.01457],[30.75457,-1.02531],[30.76212,-1.03581],[30.76684,-1.05173],[30.75799,-1.05126],[30.75591,-1.04208],[30.7503,-1.03304],[30.7359,-1.03123],[30.72966,-1.02856],[30.7275,-1.02356],[30.71402,-1.02393],[30.71296,-1.02608],[30.709,-1.0265],[30.70424,-1.02865],[30.70532,-1.03478],[30.70254,-1.04502],[30.71227,-1.04819],[30.71286,-1.05326],[30.71144,-1.05679],[30.71307,-1.05862],[30.71338,-1.06455],[30.71232,-1.0689],[30.72152,-1.07899],[30.72894,-1.09008],[30.73426,-1.09607],[30.73939,-1.10903],[30.75836,-1.13039],[30.75969,-1.13063],[30.7557,-1.13297],[30.74694,-1.13497],[30.74665,-1.13609],[30.74932,-1.14217],[30.74895,-1.14402],[30.7465,-1.14551],[30.74605,-1.14684],[30.74353,-1.1484],[30.73789,-1.14848],[30.73441,-1.15011],[30.72958,-1.15523],[30.7235,-1.15783],[30.7166,-1.15797],[30.71452,-1.15886],[30.7071,-1.16465],[30.7025,-1.16606],[30.69998,-1.17059],[30.69753,-1.172],[30.69664,-1.17393],[30.6907,-1.17626],[30.68926,-1.16779],[30.69028,-1.16749],[30.69499,-1.1589],[30.69784,-1.12511],[30.70317,-1.11953],[30.6958,-1.10949],[30.69144,-1.10916],[30.68655,-1.10357],[30.67899,-1.09971],[30.67511,-1.10035],[30.6727,-1.09635],[30.65468,-1.0978],[30.65386,-1.099],[30.62861,-1.10548],[30.62218,-1.11012],[30.62338,-1.11354],[30.62321,-1.11937],[30.61928,-1.13074],[30.62279,-1.1374],[30.59536,-1.13998],[30.58856,-1.13834],[30.57965,-1.13787],[30.56136,-1.13927],[30.55221,-1.13693],[30.54588,-1.13857],[30.52314,-1.13904],[30.51094,-1.14584],[30.50203,-1.15499],[30.49765,-1.16329],[30.49106,-1.15982],[30.47675,-1.16101],[30.47171,-1.15808],[30.46931,-1.15104],[30.47137,-1.14772],[30.46756,-1.14058],[30.46933,-1.1364],[30.46901,-1.13014],[30.47084,-1.12746],[30.47653,-1.12359],[30.4763,-1.12129],[30.47281,-1.11905],[30.46156,-1.11864],[30.45898,-1.11734],[30.45839,-1.11397],[30.45433,-1.10641],[30.45022,-1.09222],[30.45362,-1.08409],[30.45244,-1.08142],[30.45963,-1.07587],[30.46174,-1.07255],[30.4619,-1.07063],[30.46701,-1.06348],[30.4676,-1.06071],[30.47327,-1.0573],[30.4892,-1.05811],[30.49542,-1.061],[30.4997,-1.06576],[30.50888,-1.07282],[30.5129,-1.07177],[30.51599,-1.07347],[30.52128,-1.0736],[30.52807,-1.07609],[30.53227,-1.07407],[30.5388,-1.07536],[30.54795,-1.06883],[30.55034,-1.06792],[30.55471,-1.0684],[30.55829,-1.06481],[30.56055,-1.06447],[30.56325,-1.06638],[30.56663,-1.06619],[30.56982,-1.06391],[30.57395,-1.06389],[30.5755,-1.06254],[30.5775,-1.06372],[30.58331,-1.0609],[30.58766,-1.06106],[30.59144,-1.0625],[30.5951,-1.06544],[30.60302,-1.06418],[30.6116,-1.06506],[30.61613,-1.06744],[30.63171,-1.06838],[30.63301,-1.06655],[30.64061,-1.06576],[30.64442,-1.06671],[30.64933,-1.0651],[30.65024,-1.06383],[30.65866,-1.06256],[30.65914,-1.06085],[30.66129,-1.05966],[30.6616,-1.05689],[30.66452,-1.05662],[30.6688,-1.05074],[30.66866,-1.04652],[30.67303,-1.03646],[30.67538,-1.03508],[30.67746,-1.03122],[30.69309,-1.02125],[30.69862,-1.0151],[30.71918,-1.01426],[30.72289,-1.01058],[30.73372,-1.00777],[30.74255,-1.004],[30.74826,-0.99616],[30.75319,-0.99205],[30.76763,-0.98477],[30.78645,-0.99179],[30.79779,-0.99888]]]},"properties":{"region":"Kagera","district":"Kyerwa","ward":"Murongo","ward_code":"051"}},{"type":"Feature","geometry":{"type":"Polygon","coordinates":[[[30.75591,-1.04208],[30.75799,-1.05126],[30.76903,-1.05201],[30.77486,-1.058],[30.77858,-1.06341],[30.78566,-1.06814],[30.7903,-1.0729],[30.79065,-1.07543],[30.78477,-1.08223],[30.78084,-1.09128],[30.78284,-1.09735],[30.77483,-1.11062],[30.77607,-1.11799],[30.76281,-1.1312],[30.75836,-1.13039],[30.73939,-1.10903],[30.73426,-1.09607],[30.72894,-1.09008],[30.72152,-1.07899],[30.71232,-1.0689],[30.71338,-1.06455],[30.71307,-1.05862],[30.71144,-1.05679],[30.71286,-1.05326],[30.71227,-1.04819],[30.70254,-1.04502],[30.70532,-1.03478],[30.70424,-1.02865],[30.709,-1.0265],[30.71296,-1.02608],[30.71402,-1.02393],[30.71795,-1.02352],[30.7275,-1.02356],[30.72966,-1.02856],[30.7359,-1.03123],[30.7503,-1.03304],[30.75591,-1.04208]]]},"properties":{"region":"Kagera","district":"Kyerwa","ward":"Bugomora","ward_code":"061"}},{"type":"Feature","geometry":{"type":"Polygon","coordinates":[[[30.79779,-0.99888],[30.80478,-1.00555],[30.80901,-1.00472],[30.81046,-1.0084],[30.81217,-1.00947],[30.81505,-1.00766],[30.82339,-1.00876],[30.82817,-1.00722],[30.83232,-1.00955],[30.83848,-1.01],[30.85619,-1.02007],[30.86773,-1.02295],[30.86963,-1.02241],[30.8685,-1.02722],[30.87204,-1.03215],[30.8696,-1.03684],[30.86405,-1.04201],[30.86328,-1.04949],[30.8598,-1.05578],[30.85892,-1.06388],[30.85962,-1.06818],[30.85648,-1.07257],[30.8566,-1.08412],[30.8522,-1.11696],[30.85613,-1.13194],[30.85687,-1.13837],[30.85669,-1.14817],[30.85741,-1.1486],[30.85592,-1.15241],[30.85875,-1.16257],[30.86196,-1.16606],[30.86533,-1.17484],[30.86473,-1.17892],[30.86816,-1.18421],[30.86814,-1.19658],[30.85446,-1.21117],[30.84378,-1.19617],[30.82647,-1.18966],[30.82448,-1.19294],[30.82146,-1.20266],[30.80283,-1.20367],[30.79729,-1.17465],[30.79425,-1.16832],[30.79109,-1.16423],[30.76297,-1.14009],[30.75807,-1.13141],[30.75969,-1.13063],[30.76281,-1.1312],[30.77607,-1.11799],[30.77483,-1.11062],[30.78284,-1.09735],[30.78084,-1.09128],[30.78477,-1.08223],[30.79065,-1.07543],[30.7903,-1.0729],[30.7865,-1.0689],[30.77858,-1.06341],[30.77486,-1.058],[30.76903,-1.05201],[30.76684,-1.05173],[30.76212,-1.03581],[30.75457,-1.02531],[30.75676,-1.01457],[30.79779,-0.99888]]]},"properties":{"region":"Kagera","district":"Kyerwa","ward":"Kibare","ward_code":"071"}},{"type":"Feature","geometry":{"type":"Polygon","coordinates":[[[30.94657,-1.1987],[30.95039,-1.2063],[30.95251,-1.20868],[30.95574,-1.21038],[30.95884,-1.21423],[30.96148,-1.22119],[30.96667,-1.22587],[30.97362,-1.23584],[30.97701,-1.23805],[30.97979,-1.2385],[30.99075,-1.24931],[30.99426,-1.24893],[30.99989,-1.25104],[30.99976,-1.25696],[31.0021,-1.26179],[31.00405,-1.27093],[31.00353,-1.27738],[30.99898,-1.28756],[30.99313,-1.29501],[30.98544,-1.30193],[30.98595,-1.31909],[30.98767,-1.32373],[30.98599,-1.33489],[30.97053,-1.33486],[30.96504,-1.33779],[30.9611,-1.34211],[30.95404,-1.34677],[30.95117,-1.34716],[30.93428,-1.35386],[30.93292,-1.33088],[30.93553,-1.32686],[30.93543,-1.30973],[30.93945,-1.30668],[30.94238,-1.28884],[30.94143,-1.27488],[30.93894,-1.25881],[30.94027,-1.24729],[30.93486,-1.23269],[30.92669,-1.22074],[30.92663,-1.21686],[30.92407,-1.21476],[30.91462,-1.21192],[30.9083,-1.21298],[30.90631,-1.21227],[30.90462,-1.21127],[30.90388,-1.20837],[30.90137,-1.20672],[30.89887,-1.2074],[30.89568,-1.1988],[30.8977,-1.1877],[30.90927,-1.18196],[30.9267,-1.18354],[30.93692,-1.18579],[30.94984,-1.19603],[30.94657,-1.1987]]]},"properties":{"region":"Kagera","district":"Kyerwa","ward":"Mabira","ward_code":"083"}},{"type":"Feature","geometry":{"type":"Polygon","coordinates":[[[30.87758,-1.02175],[30.88259,-1.02381],[30.88505,-1.02387],[30.88954,-1.02778],[30.90009,-1.02698],[30.90736,-1.02775],[30.91082,-1.03251],[30.91398,-1.03412],[30.91856,-1.03972],[30.92754,-1.04511],[30.92965,-1.05096],[30.93707,-1.05602],[30.9387,-1.05954],[30.94251,-1.06295],[30.94268,-1.0661],[30.94451,-1.06946],[30.94432,-1.08253],[30.94825,-1.0837],[30.95244,-1.08962],[30.95952,-1.09449],[30.96515,-1.09748],[30.96711,-1.0971],[30.96957,-1.09858],[30.97356,-1.09914],[30.97428,-1.10184],[30.97579,-1.10251],[30.9757,-1.10428],[30.97746,-1.10648],[30.98201,-1.10587],[30.98445,-1.10707],[30.98581,-1.10862],[30.9855,-1.11075],[30.98662,-1.1135],[30.99257,-1.1172],[30.99658,-1.12189],[30.99686,-1.12291],[30.99264,-1.12492],[30.99065,-1.12806],[30.97285,-1.14481],[30.96453,-1.15083],[30.96442,-1.15273],[30.96231,-1.1544],[30.9657,-1.16354],[30.96429,-1.16737],[30.96135,-1.17094],[30.95847,-1.17056],[30.95584,-1.17383],[30.94984,-1.19603],[30.93692,-1.18579],[30.9267,-1.18354],[30.90927,-1.18196],[30.8977,-1.1877],[30.89581,-1.1988],[30.88077,-1.19851],[30.87504,-1.20068],[30.87486,-1.19661],[30.86804,-1.19574],[30.86816,-1.18421],[30.86473,-1.17892],[30.86533,-1.17484],[30.86196,-1.16606],[30.85875,-1.16257],[30.85592,-1.15241],[30.85741,-1.1486],[30.85669,-1.14817],[30.85687,-1.13837],[30.85613,-1.13194],[30.8522,-1.11696],[30.85252,-1.11058],[30.8566,-1.08412],[30.85648,-1.07257],[30.85962,-1.06818],[30.85892,-1.06388],[30.8598,-1.05578],[30.86328,-1.04949],[30.86405,-1.04201],[30.8696,-1.03684],[30.87204,-1.03215],[30.8685,-1.02722],[30.86963,-1.02241],[30.87758,-1.02175]]]},"properties":{"region":"Kagera","district":"Kyerwa","ward":"Businde","ward_code":"091"}},{"type":"Feature","geometry":{"type":"Polygon","coordinates":[[[30.84378,-1.19617],[30.85446,-1.21117],[30.86814,-1.19658],[30.86804,-1.19574],[30.87486,-1.19661],[30.87504,-1.20068],[30.88077,-1.19851],[30.89568,-1.1988],[30.89887,-1.2074],[30.90137,-1.20672],[30.90388,-1.20837],[30.90462,-1.21127],[30.9083,-1.21298],[30.91356,-1.21258],[30.90767,-1.22016],[30.90422,-1.23541],[30.90337,-1.25335],[30.90108,-1.26827],[30.89485,-1.28052],[30.89608,-1.28523],[30.90106,-1.29378],[30.90488,-1.30605],[30.89729,-1.31218],[30.89096,-1.31912],[30.8883,-1.3202],[30.87615,-1.33264],[30.87036,-1.32043],[30.86149,-1.3178],[30.85011,-1.30976],[30.84404,-1.30882],[30.83824,-1.30135],[30.83033,-1.28371],[30.82639,-1.26899],[30.82409,-1.25255],[30.82633,-1.23698],[30.8236,-1.22314],[30.82298,-1.2144],[30.821,-1.20501],[30.82141,-1.2028],[30.82448,-1.19294],[30.82647,-1.18966],[30.84378,-1.19617]]]},"properties":{"region":"Kagera","district":"Kyerwa","ward":"Kamuli","ward_code":"101"}},{"type":"Feature","geometry":{"type":"Polygon","coordinates":[[[30.82141,-1.2028],[30.821,-1.20501],[30.82298,-1.2144],[30.8236,-1.22314],[30.82633,-1.23698],[30.82409,-1.25255],[30.82639,-1.26899],[30.83033,-1.28371],[30.83824,-1.30135],[30.84404,-1.30882],[30.85011,-1.30976],[30.86149,-1.3178],[30.87036,-1.32043],[30.87615,-1.33264],[30.87389,-1.34183],[30.86999,-1.34711],[30.86885,-1.35451],[30.87036,-1.36062],[30.86888,-1.36467],[30.86575,-1.36874],[30.85483,-1.3766],[30.85291,-1.37117],[30.84566,-1.36137],[30.84011,-1.36437],[30.83928,-1.36178],[30.83626,-1.36135],[30.83296,-1.35784],[30.8211,-1.35023],[30.8162,-1.34146],[30.81261,-1.33799],[30.81038,-1.33656],[30.80736,-1.3365],[30.79766,-1.33371],[30.7921,-1.33064],[30.78713,-1.32612],[30.78352,-1.31674],[30.76964,-1.31108],[30.76951,-1.29305],[30.77181,-1.29156],[30.77737,-1.28407],[30.77804,-1.28259],[30.77693,-1.27806],[30.77106,-1.27049],[30.76912,-1.2637],[30.76412,-1.25702],[30.76345,-1.25469],[30.75331,-1.25177],[30.74993,-1.25026],[30.74751,-1.24784],[30.73833,-1.23269],[30.73687,-1.22794],[30.73767,-1.22649],[30.74123,-1.22675],[30.74664,-1.22992],[30.75284,-1.23084],[30.75864,-1.22781],[30.76444,-1.22702],[30.76734,-1.22702],[30.77183,-1.2286],[30.77434,-1.22702],[30.78278,-1.22781],[30.78449,-1.22675],[30.78581,-1.22306],[30.78924,-1.21897],[30.78845,-1.21554],[30.7903,-1.20763],[30.7957,-1.20604],[30.79966,-1.20684],[30.80283,-1.20367],[30.82141,-1.2028]]]},"properties":{"region":"Kagera","district":"Kyerwa","ward":"Nyakatuntu","ward_code":"111"}},{"type":"Feature","geometry":{"type":"Polygon","coordinates":[[[30.97053,-1.33486],[30.98599,-1.33489],[30.9848,-1.34511],[30.98658,-1.34934],[30.9871,-1.35445],[30.9848,-1.36137],[30.98375,-1.3746],[30.97749,-1.40307],[30.97533,-1.40794],[30.97082,-1.41569],[30.96036,-1.43009],[30.95266,-1.43377],[30.93811,-1.42399],[30.93148,-1.42114],[30.93216,-1.4118],[30.9299,-1.4071],[30.93011,-1.40177],[30.93723,-1.38287],[30.93715,-1.36907],[30.93478,-1.36228],[30.93428,-1.35386],[30.95117,-1.34716],[30.95404,-1.34677],[30.9611,-1.34211],[30.96504,-1.33779],[30.97053,-1.33486]]]},"properties":{"region":"Kagera","district":"Kyerwa","ward":"Kimuli","ward_code":"121"}},{"type":"Feature","geometry":{"type":"Polygon","coordinates":[[[30.94238,-1.28884],[30.93945,-1.30668],[30.93543,-1.30973],[30.93553,-1.32686],[30.93292,-1.33088],[30.93478,-1.36228],[30.93715,-1.36907],[30.93723,-1.38287],[30.93173,-1.39696],[30.92612,-1.39356],[30.91971,-1.38557],[30.9152,-1.38472],[30.90352,-1.38486],[30.89868,-1.38707],[30.89293,-1.39184],[30.88549,-1.40307],[30.87537,-1.40726],[30.87263,-1.40939],[30.86724,-1.40721],[30.8641,-1.40364],[30.85754,-1.39031],[30.85373,-1.38014],[30.8539,-1.37845],[30.85514,-1.37598],[30.86575,-1.36874],[30.86888,-1.36467],[30.87036,-1.36062],[30.86885,-1.35451],[30.86999,-1.34711],[30.87389,-1.34183],[30.87615,-1.33264],[30.89729,-1.31218],[30.90534,-1.30567],[30.9094,-1.30381],[30.91206,-1.29901],[30.91799,-1.29595],[30.92264,-1.29668],[30.92644,-1.29609],[30.9347,-1.28848],[30.94238,-1.28884]]]},"properties":{"region":"Kagera","district":"Kyerwa","ward":"Kikukuru","ward_code":"131"}},{"type":"Feature","geometry":{"type":"Polygon","coordinates":[[[30.94143,-1.27488],[30.94238,-1.28884],[30.9347,-1.28848],[30.92644,-1.29609],[30.92264,-1.29668],[30.91799,-1.29595],[30.91206,-1.29901],[30.9094,-1.30381],[30.90488,-1.30605],[30.90106,-1.29378],[30.89608,-1.28523],[30.89485,-1.28052],[30.90108,-1.26827],[30.90337,-1.25335],[30.90422,-1.23541],[30.90767,-1.22016],[30.91462,-1.21192],[30.92407,-1.21476],[30.92663,-1.21686],[30.92669,-1.22074],[30.93486,-1.23269],[30.94027,-1.24729],[30.93894,-1.25881],[30.94143,-1.27488]]]},"properties":{"region":"Kagera","district":"Kyerwa","ward":"Kitwe","ward_code":"211"}},{"type":"Feature","geometry":{"type":"Polygon","coordinates":[[[31.01056,-1.16678],[31.01679,-1.17412],[31.02628,-1.18086],[31.02571,-1.18499],[31.02996,-1.18998],[31.03568,-1.19259],[31.02364,-1.20421],[31.03541,-1.23079],[31.04265,-1.22787],[31.03539,-1.23968],[31.03889,-1.26441],[31.02573,-1.26862],[31.02308,-1.27098],[31.01419,-1.25179],[30.99989,-1.25104],[30.99426,-1.24893],[30.99075,-1.24931],[30.97979,-1.2385],[30.97701,-1.23805],[30.97362,-1.23584],[30.96667,-1.22587],[30.96148,-1.22119],[30.95884,-1.21423],[30.95574,-1.21038],[30.95251,-1.20868],[30.95039,-1.2063],[30.94657,-1.1987],[30.94984,-1.19603],[30.95584,-1.17383],[30.95847,-1.17056],[30.96135,-1.17094],[30.96429,-1.16737],[30.9657,-1.16354],[30.96231,-1.1544],[30.96442,-1.15273],[30.96453,-1.15083],[30.97285,-1.14481],[30.99065,-1.12806],[30.99264,-1.12492],[30.99686,-1.12291],[30.99607,-1.12924],[31.00099,-1.13445],[31.00065,-1.13695],[31.00289,-1.14091],[31.00287,-1.14346],[31.00575,-1.14623],[31.0044,-1.14935],[31.00503,-1.15727],[31.00828,-1.15937],[31.01056,-1.16678]]]},"properties":{"region":"Kagera","district":"Kyerwa","ward":"Bugara","ward_code":"221"}},{"type":"Feature","geometry":{"type":"Polygon","coordinates":[[[30.9152,-1.38472],[30.91971,-1.38557],[30.92612,-1.39356],[30.93173,-1.39696],[30.93011,-1.40177],[30.9299,-1.4071],[30.93216,-1.4118],[30.93148,-1.42114],[30.93811,-1.42399],[30.95266,-1.43377],[30.94821,-1.43491],[30.94446,-1.43466],[30.94532,-1.43861],[30.94386,-1.44592],[30.94004,-1.45241],[30.94108,-1.45442],[30.93797,-1.45845],[30.93876,-1.46121],[30.93592,-1.46268],[30.93471,-1.46565],[30.93294,-1.46718],[30.92508,-1.46834],[30.92311,-1.46647],[30.91927,-1.461],[30.9176,-1.45332],[30.919,-1.44609],[30.91787,-1.44445],[30.90718,-1.44398],[30.90253,-1.44237],[30.90065,-1.44015],[30.88856,-1.43266],[30.88292,-1.41683],[30.87263,-1.40939],[30.87537,-1.40726],[30.88549,-1.40307],[30.89293,-1.39184],[30.89868,-1.38707],[30.90352,-1.38486],[30.9152,-1.38472]]]},"properties":{"region":"Kagera","district":"Kyerwa","ward":"Kakanja","ward_code":"231"}},{"type":"Feature","geometry":{"type":"Polygon","coordinates":[[[30.94785,-1.46706],[30.94791,-1.46962],[30.94211,-1.47522],[30.93994,-1.48053],[30.93473,-1.48539],[30.9249,-1.4893],[30.92051,-1.49574],[30.92345,-1.50183],[30.92206,-1.50515],[30.92426,-1.52083],[30.92299,-1.52863],[30.92645,-1.53897],[30.93643,-1.54294],[30.94107,-1.54149],[30.93848,-1.548],[30.94,-1.55261],[30.94642,-1.55719],[30.95279,-1.56711],[30.95477,-1.5683],[30.95905,-1.57614],[30.93382,-1.57603],[30.93122,-1.57824],[30.92611,-1.57876],[30.92285,-1.57719],[30.91342,-1.58072],[30.91068,-1.57127],[30.90196,-1.56174],[30.90178,-1.55834],[30.89853,-1.5489],[30.89912,-1.54049],[30.89637,-1.53336],[30.89965,-1.5294],[30.89952,-1.51518],[30.90207,-1.51211],[30.9018,-1.5099],[30.90373,-1.50472],[30.90309,-1.50093],[30.9096,-1.49741],[30.91092,-1.49576],[30.91234,-1.48595],[30.91527,-1.48184],[30.91927,-1.461],[30.92508,-1.46834],[30.93294,-1.46718],[30.93471,-1.46565],[30.93592,-1.46268],[30.93876,-1.46121],[30.93797,-1.45845],[30.94108,-1.45442],[30.94785,-1.46706]]]},"properties":{"region":"Kagera","district":"Kyerwa","ward":"Rwabwere","ward_code":"141"}},{"type":"Feature","geometry":{"type":"Polygon","coordinates":[[[30.90718,-1.44398],[30.91718,-1.44384],[30.919,-1.44609],[30.9175,-1.45089],[30.91901,-1.46364],[30.91527,-1.48184],[30.91234,-1.48595],[30.91092,-1.49576],[30.9096,-1.49741],[30.90309,-1.50093],[30.90373,-1.50472],[30.9018,-1.5099],[30.90207,-1.51211],[30.89952,-1.51518],[30.89965,-1.5294],[30.89637,-1.53336],[30.88693,-1.5338],[30.88377,-1.53517],[30.88088,-1.53451],[30.8768,-1.53129],[30.86982,-1.5113],[30.86719,-1.50667],[30.86502,-1.50525],[30.86474,-1.50695],[30.85351,-1.51727],[30.85047,-1.51893],[30.84701,-1.51913],[30.84568,-1.51747],[30.83384,-1.51825],[30.81269,-1.52287],[30.81324,-1.52025],[30.82133,-1.5071],[30.82642,-1.50286],[30.82981,-1.49482],[30.8301,-1.49162],[30.83241,-1.48859],[30.83445,-1.48281],[30.8425,-1.47726],[30.85195,-1.46273],[30.8578,-1.46258],[30.85955,-1.46434],[30.86729,-1.46643],[30.87327,-1.47061],[30.87645,-1.46572],[30.88856,-1.43266],[30.90065,-1.44015],[30.90253,-1.44237],[30.90718,-1.44398]]]},"properties":{"region":"Kagera","district":"Kyerwa","ward":"Nkwenda","ward_code":"153"}},{"type":"Feature","geometry":{"type":"Polygon","coordinates":[[[30.88292,-1.41683],[30.88856,-1.43266],[30.87645,-1.46572],[30.87327,-1.47061],[30.86729,-1.46643],[30.85955,-1.46434],[30.8578,-1.46258],[30.85195,-1.46273],[30.84836,-1.46069],[30.8427,-1.45988],[30.84126,-1.45874],[30.8371,-1.45911],[30.83623,-1.4563],[30.83783,-1.45157],[30.83991,-1.45173],[30.83992,-1.45047],[30.83618,-1.44913],[30.83404,-1.4458],[30.82667,-1.442],[30.82465,-1.43917],[30.82483,-1.43695],[30.8276,-1.43551],[30.83113,-1.43737],[30.83761,-1.44497],[30.83909,-1.44545],[30.83842,-1.44188],[30.83263,-1.43327],[30.83339,-1.42905],[30.8354,-1.42731],[30.83874,-1.42751],[30.83927,-1.42596],[30.8432,-1.42672],[30.85203,-1.42381],[30.85592,-1.42386],[30.85676,-1.42277],[30.86309,-1.42101],[30.86788,-1.41614],[30.86969,-1.4082],[30.87394,-1.40992],[30.88292,-1.41683]]]},"properties":{"region":"Kagera","district":"Kyerwa","ward":"Rukuraijo","ward_code":"161"}},{"type":"Feature","geometry":{"type":"Polygon","coordinates":[[[30.86918,-1.5099],[30.8768,-1.53129],[30.88088,-1.53451],[30.88377,-1.53517],[30.88693,-1.5338],[30.8968,-1.53333],[30.89949,-1.54339],[30.89853,-1.5489],[30.90178,-1.55834],[30.90196,-1.56174],[30.91068,-1.57127],[30.91342,-1.58072],[30.90707,-1.58533],[30.90377,-1.58617],[30.89169,-1.58202],[30.89058,-1.57997],[30.88935,-1.57958],[30.88371,-1.58153],[30.86773,-1.58422],[30.86336,-1.58628],[30.85522,-1.58512],[30.85348,-1.58585],[30.85255,-1.58986],[30.84919,-1.59516],[30.84775,-1.59543],[30.83846,-1.6149],[30.83439,-1.61282],[30.82943,-1.61492],[30.82843,-1.61834],[30.82643,-1.61896],[30.82331,-1.61788],[30.81987,-1.61822],[30.81773,-1.61658],[30.81551,-1.61441],[30.81429,-1.61025],[30.81148,-1.60775],[30.80817,-1.60763],[30.80429,-1.60484],[30.80426,-1.60076],[30.80073,-1.60176],[30.79766,-1.59932],[30.79409,-1.60066],[30.79115,-1.59642],[30.78288,-1.59297],[30.77526,-1.58632],[30.77347,-1.58198],[30.77633,-1.57954],[30.78761,-1.57628],[30.79058,-1.56838],[30.79465,-1.56305],[30.79597,-1.53884],[30.79395,-1.53335],[30.79946,-1.51893],[30.80461,-1.51977],[30.80571,-1.52092],[30.81269,-1.52287],[30.83384,-1.51825],[30.84568,-1.51747],[30.84701,-1.51913],[30.85047,-1.51893],[30.85351,-1.51727],[30.86474,-1.50695],[30.86502,-1.50525],[30.86719,-1.50667],[30.86918,-1.5099]],[[30.81414,-1.55659],[30.81312,-1.55812],[30.81212,-1.55728],[30.81103,-1.55784],[30.8124,-1.55976],[30.81005,-1.56089],[30.80994,-1.56261],[30.80717,-1.56628],[30.80744,-1.56791],[30.80383,-1.56817],[30.80215,-1.56735],[30.80229,-1.56861],[30.8032,-1.56875],[30.80168,-1.57136],[30.80275,-1.57132],[30.80236,-1.57594],[30.80378,-1.57628],[30.80398,-1.57536],[30.80486,-1.57627],[30.80501,-1.57442],[30.80694,-1.57403],[30.80589,-1.57752],[30.80497,-1.57809],[30.80196,-1.57681],[30.8004,-1.57775],[30.80062,-1.57912],[30.80376,-1.57845],[30.8026,-1.57957],[30.80264,-1.58163],[30.80614,-1.58509],[30.81414,-1.58672],[30.81622,-1.58604],[30.81819,-1.58212],[30.81791,-1.58103],[30.81334,-1.57815],[30.81285,-1.57654],[30.81375,-1.57431],[30.81606,-1.57358],[30.82011,-1.57453],[30.82555,-1.57405],[30.82709,-1.57259],[30.82639,-1.57109],[30.82383,-1.56959],[30.8132,-1.56828],[30.81353,-1.56685],[30.81693,-1.56391],[30.81397,-1.56172],[30.81334,-1.56013],[30.81414,-1.55659]]]},"properties":{"region":"Kagera","district":"Kyerwa","ward":"Songambele","ward_code":"171"}},{"type":"Feature","geometry":{"type":"Polygon","coordinates":[[[30.79152,-1.39006],[30.78942,-1.39642],[30.79735,-1.39595],[30.80667,-1.39921],[30.81542,-1.40028],[30.81849,-1.39931],[30.82782,-1.39973],[30.82854,-1.4039],[30.83067,-1.40787],[30.83061,-1.41303],[30.83152,-1.41512],[30.82351,-1.41253],[30.82069,-1.41277],[30.81869,-1.41097],[30.81581,-1.41318],[30.80562,-1.41301],[30.80698,-1.41873],[30.80305,-1.42024],[30.80187,-1.42412],[30.79813,-1.4255],[30.79225,-1.42299],[30.78571,-1.42453],[30.78479,-1.41869],[30.7759,-1.4197],[30.74383,-1.41377],[30.74492,-1.40896],[30.74197,-1.40753],[30.74188,-1.40594],[30.7433,-1.40542],[30.74377,-1.40348],[30.7425,-1.39981],[30.74114,-1.40002],[30.74283,-1.39604],[30.74273,-1.39018],[30.73986,-1.38599],[30.74346,-1.37778],[30.74309,-1.37236],[30.74496,-1.36118],[30.74529,-1.34364],[30.74675,-1.338],[30.746,-1.33565],[30.74778,-1.32578],[30.74719,-1.32228],[30.74933,-1.30618],[30.75066,-1.30403],[30.75956,-1.30039],[30.76379,-1.29572],[30.76951,-1.29305],[30.76964,-1.31108],[30.78352,-1.31674],[30.78713,-1.32612],[30.7921,-1.33064],[30.79766,-1.33371],[30.80204,-1.33495],[30.79892,-1.34239],[30.79863,-1.3471],[30.79247,-1.3686],[30.78889,-1.37773],[30.79152,-1.39006]]]},"properties":{"region":"Kagera","district":"Kyerwa","ward":"Kyerwa","ward_code":"181"}},{"type":"Feature","geometry":{"type":"Polygon","coordinates":[[[30.74383,-1.41377],[30.7759,-1.4197],[30.78479,-1.41869],[30.78571,-1.42453],[30.79225,-1.42299],[30.79813,-1.4255],[30.80187,-1.42412],[30.80133,-1.42572],[30.80229,-1.42654],[30.80251,-1.42921],[30.79841,-1.43267],[30.79905,-1.43402],[30.79837,-1.43766],[30.80029,-1.44017],[30.80611,-1.43629],[30.81195,-1.43487],[30.8166,-1.43502],[30.81997,-1.44975],[30.82158,-1.44923],[30.82263,-1.44595],[30.82877,-1.44941],[30.83081,-1.45133],[30.83106,-1.45456],[30.83002,-1.45679],[30.83289,-1.45669],[30.83359,-1.46019],[30.83866,-1.46034],[30.83872,-1.45892],[30.84126,-1.45874],[30.8427,-1.45988],[30.84836,-1.46069],[30.85195,-1.46273],[30.8425,-1.47726],[30.83445,-1.48281],[30.83241,-1.48859],[30.8301,-1.49162],[30.82981,-1.49482],[30.82642,-1.50286],[30.82133,-1.5071],[30.81324,-1.52025],[30.81269,-1.52287],[30.80571,-1.52092],[30.80461,-1.51977],[30.79946,-1.51893],[30.79395,-1.53335],[30.79597,-1.53884],[30.79465,-1.56305],[30.79058,-1.56838],[30.78761,-1.57628],[30.77633,-1.57954],[30.78045,-1.57403],[30.78508,-1.5741],[30.78653,-1.57102],[30.77434,-1.5552],[30.77577,-1.54986],[30.76963,-1.54117],[30.77363,-1.53853],[30.77198,-1.53304],[30.76867,-1.53175],[30.76846,-1.52898],[30.76164,-1.52549],[30.75917,-1.52065],[30.75563,-1.51946],[30.75292,-1.51701],[30.74638,-1.51772],[30.74388,-1.51465],[30.73277,-1.51219],[30.72939,-1.50982],[30.7292,-1.50512],[30.72524,-1.50081],[30.72713,-1.49517],[30.72736,-1.49132],[30.73052,-1.49014],[30.73191,-1.4878],[30.73461,-1.48845],[30.73579,-1.4857],[30.73545,-1.48185],[30.73946,-1.47887],[30.73962,-1.47525],[30.73833,-1.47251],[30.74112,-1.46732],[30.7406,-1.46167],[30.74209,-1.45311],[30.74314,-1.45145],[30.74072,-1.44962],[30.73817,-1.44354],[30.73871,-1.44025],[30.74094,-1.43847],[30.74107,-1.43485],[30.73951,-1.43223],[30.73861,-1.4247],[30.74045,-1.4218],[30.74262,-1.42114],[30.74383,-1.41377]],[[30.79543,-1.44717],[30.79352,-1.45035],[30.79616,-1.45028],[30.79812,-1.45298],[30.79858,-1.45643],[30.80042,-1.45542],[30.80221,-1.45855],[30.80962,-1.45705],[30.80808,-1.45519],[30.80708,-1.45142],[30.80073,-1.45001],[30.79787,-1.44632],[30.79543,-1.44717]],[[30.78815,-1.45978],[30.7846,-1.45386],[30.78645,-1.45052],[30.78581,-1.44919],[30.78468,-1.44859],[30.78034,-1.4493],[30.77701,-1.45204],[30.78101,-1.45685],[30.78433,-1.45802],[30.7876,-1.46146],[30.78815,-1.45978]],[[30.77445,-1.45561],[30.77208,-1.45369],[30.76515,-1.45428],[30.75741,-1.45783],[30.76087,-1.45982],[30.76312,-1.46476],[30.76732,-1.46722],[30.76985,-1.4621],[30.77145,-1.46281],[30.77158,-1.46595],[30.77425,-1.4648],[30.77542,-1.46223],[30.77086,-1.46059],[30.77271,-1.45659],[30.77445,-1.45561]],[[30.75885,-1.51534],[30.77,-1.52339],[30.77419,-1.52208],[30.77526,-1.51525],[30.77127,-1.49881],[30.76931,-1.49467],[30.76333,-1.4968],[30.7512,-1.50972],[30.75271,-1.5124],[30.75885,-1.51534]]]},"properties":{"region":"Kagera","district":"Kyerwa","ward":"Kitwechenkura","ward_code":"191"}},{"type":"Feature","geometry":{"type":"Polygon","coordinates":[[[30.95329,-1.47802],[30.95388,-1.48047],[30.95773,-1.48047],[30.95981,-1.47914],[30.96403,-1.47945],[30.97636,-1.48354],[30.97515,-1.48713],[30.9702,-1.49236],[30.9629,-1.49731],[30.96208,-1.50312],[30.95535,-1.51472],[30.95577,-1.51657],[30.96052,-1.51753],[30.96425,-1.52211],[30.96716,-1.52355],[30.96814,-1.52697],[30.97417,-1.52622],[30.98604,-1.53281],[30.99023,-1.53673],[30.99431,-1.53636],[30.99689,-1.53879],[30.99554,-1.54633],[30.99698,-1.55061],[30.99373,-1.55669],[30.98814,-1.56423],[30.97289,-1.57258],[30.97061,-1.57704],[30.95905,-1.57614],[30.95477,-1.5683],[30.95279,-1.56711],[30.94642,-1.55719],[30.94,-1.55261],[30.93848,-1.548],[30.94107,-1.54149],[30.93643,-1.54294],[30.92645,-1.53897],[30.92299,-1.52863],[30.92426,-1.52083],[30.92206,-1.50515],[30.92345,-1.50183],[30.92051,-1.49574],[30.92199,-1.49287],[30.9249,-1.4893],[30.93473,-1.48539],[30.93994,-1.48053],[30.94211,-1.47522],[30.94791,-1.46962],[30.95139,-1.47652],[30.95329,-1.47802]]]},"properties":{"region":"Kagera","district":"Kyerwa","ward":"Iteera","ward_code":"241"}},{"type":"Feature","geometry":{"type":"Polygon","coordinates":[[[30.77693,-1.27806],[30.77804,-1.28259],[30.77181,-1.29156],[30.76379,-1.29572],[30.75956,-1.30039],[30.75066,-1.30403],[30.74933,-1.30618],[30.74719,-1.32228],[30.74778,-1.32578],[30.746,-1.33565],[30.74675,-1.338],[30.74529,-1.34364],[30.74496,-1.36118],[30.74309,-1.37236],[30.74346,-1.37778],[30.73986,-1.38599],[30.74273,-1.39018],[30.74283,-1.39604],[30.74114,-1.40002],[30.73612,-1.40067],[30.73446,-1.40294],[30.72715,-1.40583],[30.72078,-1.39838],[30.71548,-1.39692],[30.71237,-1.40468],[30.70735,-1.408],[30.70296,-1.40532],[30.69988,-1.40534],[30.69907,-1.40048],[30.69706,-1.39623],[30.68745,-1.397],[30.68533,-1.40067],[30.67849,-1.39914],[30.67805,-1.39797],[30.67503,-1.39696],[30.67538,-1.39508],[30.67336,-1.39421],[30.67365,-1.38841],[30.67237,-1.38702],[30.66703,-1.38949],[30.66016,-1.38231],[30.652,-1.38277],[30.64702,-1.38066],[30.6426,-1.3806],[30.63815,-1.38092],[30.63423,-1.3833],[30.6289,-1.38295],[30.62666,-1.38171],[30.62566,-1.37738],[30.62191,-1.3779],[30.61802,-1.37324],[30.62283,-1.36835],[30.61897,-1.36013],[30.61517,-1.35875],[30.61192,-1.35573],[30.61164,-1.35279],[30.61474,-1.35047],[30.61483,-1.34849],[30.6118,-1.34732],[30.60846,-1.34788],[30.60511,-1.34641],[30.59968,-1.34981],[30.59297,-1.34968],[30.60343,-1.33542],[30.61483,-1.32617],[30.61021,-1.31909],[30.6133,-1.31465],[30.61972,-1.30915],[30.61872,-1.30424],[30.6224,-1.29041],[30.61949,-1.28285],[30.62703,-1.27982],[30.63689,-1.27185],[30.64268,-1.27045],[30.64525,-1.27204],[30.6445,-1.2792],[30.64847,-1.27908],[30.65679,-1.2822],[30.66212,-1.27617],[30.66534,-1.26549],[30.66993,-1.2635],[30.67219,-1.26352],[30.68731,-1.26793],[30.70493,-1.27906],[30.70663,-1.27703],[30.70926,-1.27691],[30.72096,-1.27115],[30.72905,-1.26988],[30.76403,-1.25577],[30.76412,-1.25702],[30.76912,-1.2637],[30.77106,-1.27049],[30.77693,-1.27806]]]},"properties":{"region":"Kagera","district":"Kyerwa","ward":"Isingiro","ward_code":"013"}},{"type":"Feature","geometry":{"type":"Polygon","coordinates":[[[30.76297,-1.14009],[30.79109,-1.16423],[30.79425,-1.16832],[30.79729,-1.17465],[30.80283,-1.20367],[30.79966,-1.20684],[30.7957,-1.20604],[30.7903,-1.20763],[30.78845,-1.21554],[30.78924,-1.21897],[30.78581,-1.22306],[30.78449,-1.22675],[30.78278,-1.22781],[30.77434,-1.22702],[30.77183,-1.2286],[30.76734,-1.22702],[30.76444,-1.22702],[30.75864,-1.22781],[30.75284,-1.23084],[30.74664,-1.22992],[30.74123,-1.22675],[30.73767,-1.22649],[30.73687,-1.22794],[30.73833,-1.23269],[30.74751,-1.24784],[30.74993,-1.25026],[30.76236,-1.25398],[30.76403,-1.25577],[30.72905,-1.26988],[30.72096,-1.27115],[30.70926,-1.27691],[30.70663,-1.27703],[30.70493,-1.27906],[30.68731,-1.26793],[30.66993,-1.2635],[30.66534,-1.26549],[30.66212,-1.27617],[30.65679,-1.2822],[30.64847,-1.27908],[30.6445,-1.2792],[30.64538,-1.26716],[30.64652,-1.26428],[30.65122,-1.26188],[30.65499,-1.25855],[30.65827,-1.24862],[30.66332,-1.24799],[30.67078,-1.24036],[30.67405,-1.23966],[30.67572,-1.23516],[30.67802,-1.23217],[30.67802,-1.22621],[30.68129,-1.21938],[30.68403,-1.21999],[30.68872,-1.21378],[30.69112,-1.2031],[30.6907,-1.17626],[30.69664,-1.17393],[30.69753,-1.172],[30.69998,-1.17059],[30.7025,-1.16606],[30.7071,-1.16465],[30.71452,-1.15886],[30.7166,-1.15797],[30.7235,-1.15783],[30.72958,-1.15523],[30.73441,-1.15011],[30.73789,-1.14848],[30.74353,-1.1484],[30.74605,-1.14684],[30.7465,-1.14551],[30.74895,-1.14402],[30.74932,-1.14217],[30.74665,-1.13609],[30.74694,-1.13497],[30.7557,-1.13297],[30.75807,-1.13141],[30.76297,-1.14009]]]},"properties":{"region":"Kagera","district":"Kyerwa","ward":"Kaisho","ward_code":"021"}},{"type":"Feature","geometry":{"type":"Polygon","coordinates":[[[30.6911,-1.17912],[30.69112,-1.2031],[30.68872,-1.21378],[30.68403,-1.21999],[30.68129,-1.21938],[30.67802,-1.22621],[30.67802,-1.23217],[30.67572,-1.23516],[30.67509,-1.23839],[30.67405,-1.23966],[30.67078,-1.24036],[30.66332,-1.24799],[30.65827,-1.24862],[30.65499,-1.25855],[30.65122,-1.26188],[30.64652,-1.26428],[30.64538,-1.26716],[30.64525,-1.27204],[30.64268,-1.27045],[30.63689,-1.27185],[30.62703,-1.27982],[30.61949,-1.28285],[30.6224,-1.29041],[30.61872,-1.30424],[30.61972,-1.30915],[30.6133,-1.31465],[30.61021,-1.31909],[30.61483,-1.32617],[30.60343,-1.33542],[30.59297,-1.34968],[30.58851,-1.34517],[30.58363,-1.34542],[30.57932,-1.34084],[30.57844,-1.33796],[30.57643,-1.3378],[30.57335,-1.33931],[30.56888,-1.33736],[30.56619,-1.32516],[30.56375,-1.32464],[30.55912,-1.31425],[30.55867,-1.31062],[30.55448,-1.30524],[30.55965,-1.29674],[30.55884,-1.29161],[30.5615,-1.29119],[30.56217,-1.28953],[30.55996,-1.28785],[30.55732,-1.27638],[30.55572,-1.27323],[30.55219,-1.27197],[30.55201,-1.25465],[30.55024,-1.24979],[30.56569,-1.24419],[30.58031,-1.2424],[30.59095,-1.23603],[30.61094,-1.21969],[30.62382,-1.21534],[30.62921,-1.21548],[30.64266,-1.21956],[30.65254,-1.21581],[30.65799,-1.21541],[30.65879,-1.20927],[30.658,-1.20865],[30.6626,-1.20703],[30.6638,-1.20289],[30.66348,-1.19579],[30.66435,-1.19584],[30.66681,-1.19289],[30.66761,-1.18903],[30.68113,-1.17974],[30.68446,-1.17992],[30.68658,-1.18112],[30.6911,-1.17912]]]},"properties":{"region":"Kagera","district":"Kyerwa","ward":"Rutunguru","ward_code":"031"}},{"type":"Feature","geometry":{"type":"Polygon","coordinates":[[[30.80204,-1.33495],[30.81038,-1.33656],[30.81403,-1.33913],[30.81913,-1.34598],[30.8211,-1.35023],[30.83296,-1.35784],[30.83626,-1.36135],[30.83928,-1.36178],[30.84011,-1.36437],[30.84566,-1.36137],[30.85291,-1.37117],[30.85483,-1.3766],[30.85373,-1.38014],[30.85754,-1.39031],[30.8641,-1.40364],[30.86724,-1.40721],[30.86969,-1.4082],[30.86788,-1.41614],[30.86309,-1.42101],[30.85676,-1.42277],[30.85592,-1.42386],[30.85203,-1.42381],[30.84796,-1.42528],[30.84551,-1.42377],[30.84366,-1.42418],[30.83998,-1.42181],[30.8388,-1.41925],[30.83546,-1.41834],[30.83411,-1.41495],[30.83104,-1.41463],[30.83067,-1.40787],[30.82854,-1.4039],[30.82782,-1.39973],[30.81849,-1.39931],[30.81542,-1.40028],[30.80667,-1.39921],[30.79735,-1.39595],[30.78942,-1.39642],[30.79152,-1.39006],[30.78889,-1.37773],[30.79247,-1.3686],[30.79863,-1.3471],[30.79892,-1.34239],[30.80204,-1.33495]]]},"properties":{"region":"Kagera","district":"Kyerwa","ward":"Nyaruzumbura","ward_code":"201"}},{"type":"Feature","geometry":{"type":"Polygon","coordinates":[[[31.218,-0.99806],[31.22618,-0.99898],[31.25577,-0.99933],[31.263,-0.99811],[31.27374,-1.04441],[31.28534,-1.05462],[31.29859,-1.07338],[31.30321,-1.08383],[31.30159,-1.09305],[31.28297,-1.13009],[31.24831,-1.17041],[31.22743,-1.18431],[31.20678,-1.19286],[31.20013,-1.18969],[31.19751,-1.18349],[31.19067,-1.18197],[31.18272,-1.17638],[31.17397,-1.17658],[31.17098,-1.17502],[31.16549,-1.16932],[31.1632,-1.1685],[31.15229,-1.17026],[31.15092,-1.1698],[31.14969,-1.16437],[31.14576,-1.16261],[31.141,-1.16143],[31.14074,-1.1629],[31.13233,-1.16149],[31.12168,-1.16893],[31.11604,-1.17026],[31.10981,-1.17037],[31.10351,-1.17612],[31.0936,-1.17701],[31.09145,-1.18348],[31.08926,-1.18264],[31.08645,-1.17687],[31.08449,-1.17748],[31.0829,-1.18062],[31.0856,-1.19184],[31.08756,-1.19325],[31.09081,-1.19847],[31.08702,-1.20221],[31.08156,-1.20381],[31.07971,-1.20573],[31.07328,-1.20546],[31.07258,-1.20719],[31.07035,-1.20849],[31.06631,-1.20578],[31.06294,-1.20707],[31.06031,-1.20515],[31.05034,-1.20491],[31.04866,-1.20368],[31.043,-1.20297],[31.03779,-1.2006],[31.03568,-1.19259],[31.02996,-1.18998],[31.02859,-1.18752],[31.0267,-1.18657],[31.02571,-1.18499],[31.02628,-1.18086],[31.01679,-1.17412],[31.01056,-1.16678],[31.00828,-1.15937],[31.00503,-1.15727],[31.0044,-1.14935],[31.00575,-1.14623],[31.00287,-1.14346],[31.00289,-1.14091],[31.00065,-1.13695],[31.00099,-1.13445],[30.99607,-1.12924],[30.99658,-1.12189],[30.99257,-1.1172],[30.98662,-1.1135],[30.9855,-1.11075],[30.98581,-1.10862],[30.98445,-1.10707],[30.98201,-1.10587],[30.97746,-1.10648],[30.9757,-1.10428],[30.97579,-1.10251],[30.97428,-1.10184],[30.97356,-1.09914],[30.96957,-1.09858],[30.96711,-1.0971],[30.96515,-1.09748],[30.95952,-1.09449],[30.95244,-1.08962],[30.94825,-1.0837],[30.94432,-1.08253],[30.94451,-1.06946],[30.94268,-1.0661],[30.94251,-1.06295],[30.9387,-1.05954],[30.93707,-1.05602],[30.92965,-1.05096],[30.92754,-1.04511],[30.91856,-1.03972],[30.91398,-1.03412],[30.91082,-1.03251],[30.90736,-1.02775],[30.90009,-1.02698],[30.88954,-1.02778],[30.88505,-1.02387],[30.88259,-1.02381],[30.87758,-1.02175],[30.86773,-1.02295],[30.86348,-1.02212],[30.85271,-1.01853],[30.84853,-1.01507],[30.83848,-1.01],[30.83232,-1.00955],[30.82817,-1.00722],[30.82339,-1.00876],[30.81505,-1.00766],[30.81217,-1.00947],[30.81046,-1.0084],[30.80901,-1.00472],[30.80478,-1.00555],[30.80003,-1.00028],[30.92015,-0.99915],[31.16893,-0.99946],[31.19126,-0.99796],[31.218,-0.99806]]]},"properties":{"region":"Kagera","district":"Missenyi","ward":"Kakunyu","ward_code":"011"}},{"type":"Feature","geometry":{"type":"Polygon","coordinates":[[[31.3872,-1.04511],[31.40635,-1.04516],[31.48622,-1.05152],[31.47153,-1.06949],[31.4575,-1.08312],[31.455,-1.09442],[31.45296,-1.11317],[31.44454,-1.13404],[31.43574,-1.15061],[31.43003,-1.15899],[31.42688,-1.16808],[31.42485,-1.17136],[31.41013,-1.17762],[31.40699,-1.1754],[31.4044,-1.17523],[31.40086,-1.177],[31.40187,-1.17914],[31.38493,-1.18723],[31.38088,-1.19592],[31.37804,-1.20515],[31.37939,-1.22287],[31.37669,-1.22828],[31.37953,-1.22785],[31.38053,-1.23021],[31.37837,-1.24715],[31.37674,-1.24761],[31.37168,-1.24506],[31.36951,-1.24814],[31.36224,-1.25452],[31.36209,-1.2574],[31.36522,-1.26234],[31.36446,-1.26974],[31.36253,-1.27291],[31.35668,-1.2601],[31.35496,-1.25117],[31.35397,-1.25109],[31.3525,-1.25356],[31.34951,-1.25348],[31.3477,-1.25069],[31.3474,-1.24656],[31.34488,-1.24368],[31.34304,-1.24412],[31.34297,-1.24783],[31.34203,-1.24831],[31.33608,-1.24847],[31.32877,-1.24573],[31.32318,-1.25146],[31.31618,-1.25196],[31.30941,-1.24986],[31.30487,-1.25028],[31.30374,-1.2514],[31.30489,-1.25383],[31.30823,-1.25665],[31.31166,-1.26199],[31.31203,-1.26665],[31.30967,-1.26843],[31.30167,-1.26508],[31.29215,-1.26418],[31.29041,-1.2626],[31.29161,-1.25762],[31.29346,-1.25492],[31.29329,-1.25186],[31.291,-1.2527],[31.28745,-1.25814],[31.28334,-1.25813],[31.27837,-1.24872],[31.26879,-1.239],[31.26598,-1.23838],[31.26402,-1.23918],[31.26252,-1.24226],[31.26009,-1.2414],[31.2601,-1.23752],[31.26366,-1.23201],[31.26351,-1.22929],[31.2608,-1.22536],[31.25797,-1.22526],[31.24999,-1.23108],[31.24616,-1.22996],[31.24513,-1.22843],[31.24582,-1.22734],[31.24713,-1.22661],[31.24961,-1.22715],[31.25112,-1.22619],[31.25154,-1.22429],[31.25031,-1.22144],[31.24477,-1.21776],[31.24107,-1.21789],[31.23505,-1.21497],[31.2326,-1.21012],[31.2318,-1.20578],[31.22818,-1.20598],[31.22395,-1.20927],[31.22149,-1.20935],[31.21997,-1.20661],[31.22085,-1.20206],[31.21884,-1.20158],[31.21511,-1.20329],[31.20913,-1.20098],[31.20781,-1.20011],[31.20681,-1.19609],[31.20498,-1.19367],[31.20051,-1.19162],[31.19649,-1.19201],[31.19202,-1.18969],[31.18721,-1.18934],[31.18436,-1.19145],[31.18199,-1.19191],[31.17944,-1.19005],[31.16973,-1.191],[31.16448,-1.18909],[31.16294,-1.19046],[31.16482,-1.1955],[31.1644,-1.19728],[31.15982,-1.19981],[31.15863,-1.19715],[31.15895,-1.19375],[31.15628,-1.19047],[31.14865,-1.18758],[31.14226,-1.1896],[31.13832,-1.18622],[31.13346,-1.18928],[31.12937,-1.18706],[31.12764,-1.18709],[31.12373,-1.18911],[31.12031,-1.18943],[31.11542,-1.18829],[31.1126,-1.19001],[31.10804,-1.18724],[31.10535,-1.18802],[31.10158,-1.19122],[31.09871,-1.19034],[31.09344,-1.19205],[31.09081,-1.19847],[31.08756,-1.19325],[31.0856,-1.19184],[31.0829,-1.18062],[31.08449,-1.17748],[31.08645,-1.17687],[31.08926,-1.18264],[31.09145,-1.18348],[31.0936,-1.17701],[31.10351,-1.17612],[31.10981,-1.17037],[31.11604,-1.17026],[31.12168,-1.16893],[31.13233,-1.16149],[31.14074,-1.1629],[31.141,-1.16143],[31.14576,-1.16261],[31.14969,-1.16437],[31.15092,-1.1698],[31.15229,-1.17026],[31.1632,-1.1685],[31.16549,-1.16932],[31.17098,-1.17502],[31.17397,-1.17658],[31.18272,-1.17638],[31.19067,-1.18197],[31.19751,-1.18349],[31.20013,-1.18969],[31.20678,-1.19286],[31.22743,-1.18431],[31.24831,-1.17041],[31.28297,-1.13009],[31.30159,-1.09305],[31.32081,-1.09505],[31.34264,-1.09902],[31.36206,-1.10465],[31.36781,-1.10199],[31.37631,-1.09521],[31.38172,-1.09273],[31.38848,-1.09286],[31.38953,-1.0866],[31.38541,-1.04748],[31.3872,-1.04511]]]},"properties":{"region":"Kagera","district":"Missenyi","ward":"Nsunga","ward_code":"021"}},{"type":"Feature","geometry":{"type":"Polygon","coordinates":[[[31.3014,-0.99969],[31.32389,-0.99934],[31.3569,-1.00068],[31.3641,-0.99952],[31.4207,-1.00044],[31.47063,-1.00011],[31.48777,-1.00134],[31.50205,-1.00058],[31.50424,-1.01729],[31.50258,-1.0268],[31.48622,-1.05152],[31.40635,-1.04516],[31.3872,-1.04511],[31.38541,-1.04748],[31.38953,-1.0866],[31.38895,-1.09222],[31.38848,-1.09286],[31.38383,-1.0922],[31.37631,-1.09521],[31.36781,-1.10199],[31.36206,-1.10465],[31.34264,-1.09902],[31.32081,-1.09505],[31.30159,-1.09305],[31.30321,-1.08383],[31.29859,-1.07338],[31.28534,-1.05462],[31.27374,-1.04441],[31.263,-0.99811],[31.3014,-0.99969]]]},"properties":{"region":"Kagera","district":"Missenyi","ward":"Mutukula","ward_code":"033"}},{"type":"Feature","geometry":{"type":"Polygon","coordinates":[[[31.51758,-1.13675],[31.52392,-1.15074],[31.55093,-1.1512],[31.55733,-1.14265],[31.56461,-1.14712],[31.57189,-1.14068],[31.57502,-1.14057],[31.57367,-1.14296],[31.57817,-1.14839],[31.576,-1.15114],[31.5665,-1.15101],[31.56457,-1.15194],[31.56371,-1.15335],[31.56404,-1.15681],[31.56135,-1.16054],[31.56209,-1.16165],[31.56352,-1.16171],[31.56692,-1.15866],[31.5674,-1.16371],[31.57059,-1.16679],[31.57345,-1.16883],[31.57636,-1.1671],[31.57873,-1.16741],[31.57854,-1.16979],[31.5741,-1.17222],[31.57591,-1.17316],[31.57579,-1.17607],[31.56596,-1.17686],[31.56309,-1.17844],[31.56312,-1.18073],[31.56595,-1.17911],[31.57049,-1.18049],[31.57247,-1.18505],[31.56984,-1.1917],[31.57212,-1.19275],[31.57865,-1.19127],[31.58052,-1.19195],[31.58046,-1.19337],[31.57768,-1.19502],[31.57799,-1.19595],[31.57995,-1.19522],[31.58088,-1.19581],[31.58086,-1.20125],[31.57975,-1.20341],[31.57692,-1.20583],[31.57285,-1.20519],[31.56895,-1.2061],[31.56417,-1.21343],[31.56092,-1.21196],[31.55705,-1.21361],[31.5509,-1.2122],[31.54896,-1.2091],[31.54885,-1.20601],[31.54724,-1.20258],[31.55767,-1.19297],[31.55565,-1.18903],[31.55157,-1.18762],[31.55043,-1.19026],[31.54648,-1.19148],[31.5462,-1.19375],[31.54074,-1.19622],[31.53769,-1.20294],[31.52963,-1.21228],[31.53005,-1.21333],[31.53513,-1.21464],[31.53591,-1.2185],[31.54107,-1.2201],[31.54261,-1.22475],[31.54194,-1.22625],[31.53952,-1.22735],[31.53373,-1.22544],[31.52989,-1.21773],[31.52841,-1.21131],[31.52709,-1.21002],[31.52547,-1.20978],[31.52407,-1.21082],[31.52216,-1.21379],[31.51836,-1.21373],[31.51753,-1.21337],[31.5185,-1.20952],[31.51652,-1.20875],[31.5141,-1.21173],[31.51072,-1.2123],[31.50907,-1.21091],[31.50838,-1.20819],[31.5057,-1.20862],[31.50482,-1.21088],[31.50527,-1.21248],[31.50842,-1.2177],[31.50794,-1.22028],[31.50525,-1.22321],[31.49991,-1.22482],[31.49733,-1.22467],[31.48897,-1.22185],[31.48674,-1.22066],[31.4833,-1.2143],[31.48311,-1.21295],[31.48606,-1.20904],[31.48655,-1.20665],[31.48574,-1.20397],[31.48519,-1.20334],[31.4815,-1.20442],[31.47767,-1.20035],[31.47281,-1.20025],[31.46713,-1.20746],[31.46658,-1.21052],[31.47073,-1.21261],[31.47202,-1.21728],[31.47023,-1.21899],[31.47356,-1.22051],[31.47372,-1.22371],[31.46855,-1.22398],[31.4639,-1.21852],[31.45986,-1.21682],[31.45821,-1.21815],[31.46137,-1.22481],[31.46414,-1.22823],[31.46146,-1.22916],[31.46102,-1.23098],[31.46695,-1.24179],[31.4665,-1.24371],[31.45804,-1.24489],[31.45823,-1.23771],[31.45571,-1.23555],[31.45296,-1.23025],[31.45194,-1.22413],[31.44821,-1.21936],[31.44315,-1.21869],[31.43575,-1.21994],[31.43534,-1.22176],[31.44016,-1.22266],[31.44041,-1.22665],[31.44356,-1.2308],[31.44109,-1.24445],[31.43224,-1.25135],[31.42118,-1.24846],[31.41595,-1.25128],[31.40698,-1.24655],[31.40043,-1.2373],[31.39599,-1.23545],[31.3934,-1.23734],[31.39225,-1.2453],[31.39016,-1.24583],[31.3791,-1.23975],[31.38017,-1.22851],[31.37953,-1.22785],[31.37669,-1.22828],[31.37939,-1.22287],[31.37804,-1.20515],[31.38088,-1.19592],[31.38493,-1.18723],[31.40187,-1.17914],[31.40086,-1.177],[31.4044,-1.17523],[31.40699,-1.1754],[31.41013,-1.17762],[31.42485,-1.17136],[31.42688,-1.16808],[31.43003,-1.15899],[31.43574,-1.15061],[31.44445,-1.13422],[31.46206,-1.13703],[31.49178,-1.13237],[31.51758,-1.13675]]]},"properties":{"region":"Kagera","district":"Missenyi","ward":"Kassambya","ward_code":"043"}},{"type":"Feature","geometry":{"type":"Polygon","coordinates":[[[31.68528,-0.99995],[31.68493,-1.00189],[31.68716,-1.00527],[31.68612,-1.0065],[31.68277,-1.00773],[31.6798,-1.00559],[31.67813,-1.00578],[31.67728,-1.00667],[31.67735,-1.01138],[31.67301,-1.01053],[31.67208,-1.0153],[31.66685,-1.01656],[31.66175,-1.01206],[31.66012,-1.0122],[31.66074,-1.0174],[31.65636,-1.0198],[31.6485,-1.01809],[31.64581,-1.02035],[31.64649,-1.02191],[31.65,-1.02075],[31.65152,-1.02201],[31.65062,-1.02745],[31.64938,-1.02851],[31.6474,-1.02862],[31.64618,-1.02753],[31.64567,-1.02447],[31.64246,-1.02214],[31.64139,-1.02289],[31.64284,-1.02557],[31.6427,-1.02828],[31.64141,-1.02936],[31.63704,-1.0291],[31.63246,-1.02612],[31.62994,-1.02699],[31.62609,-1.03069],[31.62369,-1.03154],[31.62281,-1.03573],[31.61916,-1.03515],[31.61951,-1.03854],[31.61844,-1.04453],[31.61514,-1.04064],[31.61038,-1.04132],[31.60345,-1.03952],[31.60021,-1.0398],[31.59939,-1.04632],[31.60306,-1.04826],[31.60462,-1.05153],[31.60755,-1.05437],[31.61258,-1.05561],[31.6149,-1.06005],[31.61531,-1.06195],[31.61193,-1.0637],[31.61085,-1.06592],[31.61342,-1.06872],[31.61109,-1.07183],[31.61256,-1.07832],[31.61238,-1.08325],[31.61058,-1.0855],[31.60621,-1.08356],[31.60446,-1.0839],[31.60277,-1.08726],[31.6007,-1.08867],[31.59823,-1.08571],[31.59532,-1.08597],[31.59491,-1.08675],[31.59662,-1.08992],[31.59607,-1.09108],[31.59093,-1.08914],[31.58985,-1.08985],[31.59081,-1.09146],[31.58941,-1.09466],[31.59022,-1.09968],[31.58806,-1.10156],[31.58605,-1.10009],[31.58669,-1.09566],[31.58581,-1.0946],[31.58209,-1.09401],[31.58142,-1.09466],[31.58152,-1.09865],[31.58342,-1.10158],[31.58352,-1.10429],[31.58137,-1.10622],[31.57827,-1.10707],[31.57723,-1.1085],[31.58695,-1.11079],[31.58469,-1.11409],[31.58509,-1.11548],[31.58879,-1.1192],[31.59266,-1.12023],[31.59282,-1.123],[31.59113,-1.12465],[31.58926,-1.12402],[31.58834,-1.12469],[31.58771,-1.12699],[31.58403,-1.12719],[31.58,-1.12384],[31.57914,-1.12426],[31.57806,-1.12901],[31.58107,-1.13121],[31.58139,-1.13536],[31.57535,-1.13413],[31.57304,-1.13452],[31.57189,-1.14068],[31.56461,-1.14712],[31.55733,-1.14265],[31.55093,-1.1512],[31.52392,-1.15074],[31.51758,-1.13675],[31.49178,-1.13237],[31.46206,-1.13703],[31.44445,-1.13422],[31.45296,-1.11317],[31.455,-1.09442],[31.4575,-1.08312],[31.47153,-1.06949],[31.48622,-1.05152],[31.50258,-1.0268],[31.50424,-1.01729],[31.50205,-1.00058],[31.56186,-1.00114],[31.68528,-0.99995]]]},"properties":{"region":"Kagera","district":"Missenyi","ward":"Minziro","ward_code":"051"}},{"type":"Feature","geometry":{"type":"Polygon","coordinates":[[[31.59282,-1.123],[31.59427,-1.12509],[31.59271,-1.12573],[31.59305,-1.12814],[31.59088,-1.13048],[31.58946,-1.12931],[31.58826,-1.13173],[31.59135,-1.13174],[31.59102,-1.13293],[31.59268,-1.13449],[31.59495,-1.13209],[31.59592,-1.13327],[31.59775,-1.13308],[31.59849,-1.13667],[31.59671,-1.13642],[31.59614,-1.14004],[31.60237,-1.14015],[31.60477,-1.14157],[31.60501,-1.14349],[31.60958,-1.13982],[31.61072,-1.1403],[31.61105,-1.14233],[31.61428,-1.14205],[31.61626,-1.14011],[31.61834,-1.14271],[31.62017,-1.15048],[31.62233,-1.15255],[31.62207,-1.15372],[31.61986,-1.15293],[31.617,-1.15935],[31.62311,-1.16112],[31.62256,-1.16335],[31.62467,-1.16481],[31.62658,-1.17089],[31.62462,-1.17241],[31.6243,-1.17663],[31.62237,-1.17672],[31.61973,-1.18281],[31.6182,-1.18341],[31.61789,-1.18462],[31.61972,-1.18796],[31.61759,-1.19033],[31.61756,-1.19297],[31.61424,-1.19871],[31.61615,-1.20007],[31.61601,-1.20171],[31.61192,-1.20797],[31.60781,-1.21192],[31.60697,-1.21616],[31.6074,-1.21748],[31.60942,-1.21847],[31.60927,-1.21944],[31.60683,-1.22174],[31.60235,-1.22072],[31.60135,-1.22135],[31.61365,-1.25795],[31.6057,-1.28495],[31.60873,-1.31768],[31.60305,-1.33506],[31.5967,-1.34707],[31.58328,-1.36922],[31.57827,-1.36957],[31.56952,-1.36484],[31.55291,-1.36512],[31.54583,-1.36329],[31.54225,-1.3607],[31.54174,-1.27294],[31.53688,-1.24452],[31.53692,-1.23181],[31.53846,-1.22718],[31.54194,-1.22625],[31.54258,-1.22314],[31.54018,-1.21946],[31.53591,-1.2185],[31.53513,-1.21464],[31.53005,-1.21333],[31.52963,-1.21228],[31.53769,-1.20294],[31.54074,-1.19622],[31.5462,-1.19375],[31.54648,-1.19148],[31.55043,-1.19026],[31.55157,-1.18762],[31.55565,-1.18903],[31.55767,-1.19297],[31.54724,-1.20258],[31.54885,-1.20601],[31.54896,-1.2091],[31.5509,-1.2122],[31.55705,-1.21361],[31.56092,-1.21196],[31.56417,-1.21343],[31.56895,-1.2061],[31.57285,-1.20519],[31.57692,-1.20583],[31.57975,-1.20341],[31.58086,-1.20125],[31.58088,-1.19581],[31.57995,-1.19522],[31.57799,-1.19595],[31.57768,-1.19502],[31.58046,-1.19337],[31.58052,-1.19195],[31.57865,-1.19127],[31.57212,-1.19275],[31.56984,-1.1917],[31.57247,-1.18505],[31.57049,-1.18049],[31.56595,-1.17911],[31.56312,-1.18073],[31.56309,-1.17844],[31.56596,-1.17686],[31.57579,-1.17607],[31.57591,-1.17316],[31.5741,-1.17222],[31.57854,-1.16979],[31.57873,-1.16741],[31.57636,-1.1671],[31.57345,-1.16883],[31.57059,-1.16679],[31.5674,-1.16371],[31.56692,-1.15866],[31.56352,-1.16171],[31.56209,-1.16165],[31.56135,-1.16054],[31.56404,-1.15681],[31.56371,-1.15335],[31.56457,-1.15194],[31.5665,-1.15101],[31.576,-1.15114],[31.57817,-1.14839],[31.57367,-1.14296],[31.57502,-1.14057],[31.57189,-1.14068],[31.57179,-1.13986],[31.57304,-1.13452],[31.57388,-1.13411],[31.58139,-1.13536],[31.58107,-1.13121],[31.57806,-1.12901],[31.57914,-1.12426],[31.58,-1.12384],[31.58403,-1.12719],[31.58771,-1.12699],[31.58834,-1.12469],[31.58926,-1.12402],[31.59113,-1.12465],[31.59282,-1.123]]]},"properties":{"region":"Kagera","district":"Missenyi","ward":"Bugorora","ward_code":"161"}},{"type":"Feature","geometry":{"type":"Polygon","coordinates":[[[31.43575,-1.21994],[31.44821,-1.21936],[31.45194,-1.22413],[31.45296,-1.23025],[31.45571,-1.23555],[31.45823,-1.23771],[31.45771,-1.24171],[31.45863,-1.24772],[31.46023,-1.24815],[31.46167,-1.25358],[31.46452,-1.2537],[31.46478,-1.25566],[31.47205,-1.25496],[31.48414,-1.26252],[31.48605,-1.26222],[31.49102,-1.26993],[31.49466,-1.27344],[31.48794,-1.29713],[31.48803,-1.30462],[31.48273,-1.35529],[31.46601,-1.36123],[31.45355,-1.32403],[31.45026,-1.30529],[31.43969,-1.28866],[31.41485,-1.29089],[31.40526,-1.29017],[31.40284,-1.28881],[31.38122,-1.2891],[31.36312,-1.29292],[31.36,-1.29208],[31.35859,-1.28993],[31.3609,-1.28877],[31.35927,-1.28808],[31.35974,-1.28688],[31.36393,-1.28794],[31.36169,-1.28616],[31.36477,-1.28289],[31.36248,-1.27921],[31.36601,-1.27958],[31.36665,-1.27878],[31.3652,-1.27685],[31.3656,-1.27613],[31.36906,-1.27784],[31.36991,-1.27668],[31.36965,-1.27474],[31.37362,-1.27188],[31.37516,-1.27257],[31.37921,-1.26566],[31.3823,-1.26403],[31.38203,-1.26044],[31.3856,-1.2594],[31.39129,-1.25194],[31.3934,-1.23734],[31.39599,-1.23545],[31.40043,-1.2373],[31.40698,-1.24655],[31.41595,-1.25128],[31.42118,-1.24846],[31.43224,-1.25135],[31.44109,-1.24445],[31.44356,-1.2308],[31.44041,-1.22665],[31.44016,-1.22266],[31.43534,-1.22176],[31.43575,-1.21994]]]},"properties":{"region":"Kagera","district":"Missenyi","ward":"Kyaka","ward_code":"173"}},{"type":"Feature","geometry":{"type":"Polygon","coordinates":[[[31.47281,-1.20025],[31.47767,-1.20035],[31.4815,-1.20442],[31.48519,-1.20334],[31.48574,-1.20397],[31.48655,-1.20665],[31.48606,-1.20904],[31.48311,-1.21295],[31.4833,-1.2143],[31.48674,-1.22066],[31.48897,-1.22185],[31.49733,-1.22467],[31.49991,-1.22482],[31.50525,-1.22321],[31.50794,-1.22028],[31.50842,-1.2177],[31.50527,-1.21248],[31.50482,-1.21088],[31.5057,-1.20862],[31.50838,-1.20819],[31.50907,-1.21091],[31.51072,-1.2123],[31.5141,-1.21173],[31.51652,-1.20875],[31.5185,-1.20952],[31.51753,-1.21337],[31.51836,-1.21373],[31.52216,-1.21379],[31.52407,-1.21082],[31.52547,-1.20978],[31.52709,-1.21002],[31.52841,-1.21131],[31.52989,-1.21773],[31.53373,-1.22544],[31.53846,-1.22718],[31.53692,-1.23181],[31.53688,-1.24452],[31.54174,-1.27294],[31.54152,-1.32467],[31.53297,-1.32852],[31.5181,-1.33175],[31.50226,-1.35723],[31.48273,-1.35529],[31.48803,-1.30462],[31.48794,-1.29713],[31.49466,-1.27344],[31.49102,-1.26993],[31.48605,-1.26222],[31.48414,-1.26252],[31.47205,-1.25496],[31.46478,-1.25566],[31.46452,-1.2537],[31.46167,-1.25358],[31.46023,-1.24815],[31.45863,-1.24772],[31.45804,-1.24489],[31.46143,-1.24492],[31.4665,-1.24371],[31.467,-1.24289],[31.46102,-1.23098],[31.46146,-1.22916],[31.46414,-1.22823],[31.45884,-1.22009],[31.45821,-1.21815],[31.45899,-1.21708],[31.4639,-1.21852],[31.46855,-1.22398],[31.47372,-1.22371],[31.47356,-1.22051],[31.47023,-1.21899],[31.47202,-1.21728],[31.47073,-1.21261],[31.46658,-1.21052],[31.46713,-1.20746],[31.47281,-1.20025]]]},"properties":{"region":"Kagera","district":"Missenyi","ward":"Mushasha","ward_code":"181"}},{"type":"Feature","geometry":{"type":"Polygon","coordinates":[[[31.43969,-1.28866],[31.45026,-1.30529],[31.45355,-1.32403],[31.46601,-1.36123],[31.42584,-1.35068],[31.40596,-1.36001],[31.40578,-1.3493],[31.4035,-1.33927],[31.39932,-1.33637],[31.40002,-1.33412],[31.39754,-1.32884],[31.39789,-1.32678],[31.39475,-1.3251],[31.38488,-1.32854],[31.38335,-1.32759],[31.38116,-1.32037],[31.37269,-1.32101],[31.37088,-1.31913],[31.36981,-1.3235],[31.3642,-1.33245],[31.36307,-1.33583],[31.35654,-1.34425],[31.35617,-1.34824],[31.35152,-1.35077],[31.33822,-1.35323],[31.33095,-1.34761],[31.3255,-1.34527],[31.31464,-1.3435],[31.31183,-1.34152],[31.30964,-1.34144],[31.31207,-1.33476],[31.31237,-1.33104],[31.31467,-1.33108],[31.31585,-1.3255],[31.31756,-1.32667],[31.31847,-1.32555],[31.31954,-1.32645],[31.32229,-1.32015],[31.3254,-1.31827],[31.32748,-1.3181],[31.32747,-1.31602],[31.32904,-1.31566],[31.33031,-1.3168],[31.33006,-1.31351],[31.333,-1.31308],[31.33548,-1.31151],[31.34238,-1.30332],[31.34504,-1.3037],[31.34414,-1.30064],[31.34646,-1.30074],[31.34868,-1.29944],[31.34957,-1.29761],[31.35266,-1.3012],[31.35404,-1.30106],[31.35993,-1.29207],[31.36312,-1.29292],[31.38122,-1.2891],[31.38954,-1.28868],[31.40284,-1.28881],[31.40526,-1.29017],[31.41485,-1.29089],[31.43969,-1.28866]]]},"properties":{"region":"Kagera","district":"Missenyi","ward":"Kilimilile","ward_code":"191"}},{"type":"Feature","geometry":{"type":"Polygon","coordinates":[[[31.37088,-1.31913],[31.37269,-1.32101],[31.38116,-1.32037],[31.38335,-1.32759],[31.38488,-1.32854],[31.39475,-1.3251],[31.39789,-1.32678],[31.39754,-1.32884],[31.40002,-1.33412],[31.39932,-1.33637],[31.4035,-1.33927],[31.40578,-1.3493],[31.40596,-1.36001],[31.39535,-1.3635],[31.39247,-1.36951],[31.38706,-1.37188],[31.38504,-1.37918],[31.38348,-1.38953],[31.38389,-1.39208],[31.38099,-1.39837],[31.37166,-1.39794],[31.36954,-1.40406],[31.3676,-1.4058],[31.35869,-1.42297],[31.33286,-1.42002],[31.33822,-1.35323],[31.35152,-1.35077],[31.35617,-1.34824],[31.35654,-1.34425],[31.36307,-1.33583],[31.3642,-1.33245],[31.36981,-1.3235],[31.37088,-1.31913]]]},"properties":{"region":"Kagera","district":"Missenyi","ward":"Mabale","ward_code":"201"}},{"type":"Feature","geometry":{"type":"Polygon","coordinates":[[[31.67735,-1.01138],[31.6785,-1.02408],[31.715,-1.05836],[31.71761,-1.07203],[31.71793,-1.08397],[31.71088,-1.09837],[31.70984,-1.10967],[31.70691,-1.12476],[31.67227,-1.11921],[31.67147,-1.12083],[31.66353,-1.11756],[31.65,-1.10825],[31.64303,-1.10167],[31.63689,-1.09121],[31.62912,-1.072],[31.6149,-1.06005],[31.61258,-1.05561],[31.60929,-1.05525],[31.60609,-1.05323],[31.60306,-1.04826],[31.60001,-1.04715],[31.59897,-1.04514],[31.59957,-1.04083],[31.60127,-1.03952],[31.61038,-1.04132],[31.61514,-1.04064],[31.61844,-1.04453],[31.61951,-1.03854],[31.61916,-1.03515],[31.62281,-1.03573],[31.62369,-1.03154],[31.62609,-1.03069],[31.62994,-1.02699],[31.63246,-1.02612],[31.63704,-1.0291],[31.64141,-1.02936],[31.6427,-1.02828],[31.64284,-1.02557],[31.64139,-1.02289],[31.64246,-1.02214],[31.64567,-1.02447],[31.64618,-1.02753],[31.6474,-1.02862],[31.64938,-1.02851],[31.65062,-1.02745],[31.65152,-1.02201],[31.65,-1.02075],[31.64649,-1.02191],[31.64581,-1.02035],[31.6485,-1.01809],[31.65636,-1.0198],[31.66074,-1.0174],[31.66012,-1.0122],[31.66175,-1.01206],[31.66685,-1.01656],[31.67208,-1.0153],[31.67301,-1.01053],[31.67735,-1.01138]]]},"properties":{"region":"Kagera","district":"Missenyi","ward":"Ruzinga","ward_code":"061"}},{"type":"Feature","geometry":{"type":"Polygon","coordinates":[[[31.68528,-0.99995],[31.7921,-0.99902],[31.78488,-1.01165],[31.78423,-1.01732],[31.7694,-1.02514],[31.76616,-1.0318],[31.76464,-1.04073],[31.76616,-1.0499],[31.76219,-1.04998],[31.76088,-1.04656],[31.76039,-1.04098],[31.74602,-1.04221],[31.73818,-1.04103],[31.71564,-1.04242],[31.6973,-1.04229],[31.68888,-1.03315],[31.6785,-1.02408],[31.67728,-1.00667],[31.6798,-1.00559],[31.68277,-1.00773],[31.68612,-1.0065],[31.68716,-1.00527],[31.68493,-1.00189],[31.68528,-0.99995]]]},"properties":{"region":"Kagera","district":"Missenyi","ward":"Kashenye","ward_code":"071"}},{"type":"Feature","geometry":{"type":"Polygon","coordinates":[[[31.76039,-1.04098],[31.76088,-1.04656],[31.76219,-1.04998],[31.76616,-1.0499],[31.76807,-1.05708],[31.77199,-1.06396],[31.77376,-1.06516],[31.77638,-1.06527],[31.77661,-1.06607],[31.77255,-1.07122],[31.7731,-1.07736],[31.76925,-1.09432],[31.76434,-1.10076],[31.75769,-1.11305],[31.75049,-1.12249],[31.74851,-1.12979],[31.74215,-1.13784],[31.74287,-1.14064],[31.74068,-1.14218],[31.74039,-1.14677],[31.74164,-1.1516],[31.74156,-1.158],[31.74275,-1.16064],[31.72954,-1.16238],[31.69958,-1.15958],[31.70217,-1.15757],[31.70279,-1.15264],[31.7018,-1.14135],[31.70691,-1.12476],[31.70984,-1.10967],[31.71088,-1.09837],[31.71793,-1.08397],[31.71761,-1.07203],[31.715,-1.05836],[31.6973,-1.04229],[31.71564,-1.04242],[31.73818,-1.04103],[31.74602,-1.04221],[31.76039,-1.04098]]]},"properties":{"region":"Kagera","district":"Missenyi","ward":"Kanyigo","ward_code":"081"}},{"type":"Feature","geometry":{"type":"Polygon","coordinates":[[[31.80785,-1.14322],[31.80057,-1.15787],[31.78308,-1.15581],[31.77892,-1.13992],[31.775,-1.1355],[31.77414,-1.13122],[31.76581,-1.11989],[31.75768,-1.11307],[31.76434,-1.10076],[31.76925,-1.09432],[31.78267,-1.10391],[31.78817,-1.11095],[31.80864,-1.12897],[31.80785,-1.14322]]]},"properties":{"region":"Kagera","district":"Missenyi","ward":"Ishunju","ward_code":"091"}},{"type":"Feature","geometry":{"type":"Polygon","coordinates":[[[31.62912,-1.072],[31.63689,-1.09121],[31.64303,-1.10167],[31.65,-1.10825],[31.66353,-1.11756],[31.67147,-1.12083],[31.67227,-1.11921],[31.70691,-1.12476],[31.7018,-1.14135],[31.70279,-1.15264],[31.70217,-1.15757],[31.69357,-1.16402],[31.68333,-1.17841],[31.66999,-1.18848],[31.6613,-1.19065],[31.65803,-1.19443],[31.65532,-1.19597],[31.64296,-1.19072],[31.63198,-1.18943],[31.63185,-1.18511],[31.63012,-1.18388],[31.62007,-1.18209],[31.62237,-1.17672],[31.6243,-1.17663],[31.62462,-1.17241],[31.62658,-1.17044],[31.62467,-1.16481],[31.62256,-1.16335],[31.62311,-1.16112],[31.617,-1.15935],[31.61986,-1.15293],[31.62207,-1.15372],[31.62233,-1.15255],[31.62017,-1.15048],[31.61834,-1.14271],[31.61626,-1.14011],[31.61428,-1.14205],[31.61105,-1.14233],[31.61072,-1.1403],[31.60958,-1.13982],[31.60501,-1.14349],[31.60477,-1.14157],[31.60237,-1.14015],[31.59614,-1.14004],[31.59671,-1.13642],[31.59849,-1.13667],[31.59775,-1.13308],[31.59592,-1.13327],[31.59495,-1.13209],[31.59268,-1.13449],[31.59102,-1.13293],[31.59135,-1.13174],[31.58826,-1.13173],[31.58946,-1.12931],[31.59088,-1.13048],[31.59305,-1.12814],[31.59271,-1.12573],[31.59427,-1.12509],[31.59282,-1.123],[31.59266,-1.12023],[31.58879,-1.1192],[31.58509,-1.11548],[31.58469,-1.11409],[31.58695,-1.11079],[31.57723,-1.1085],[31.57827,-1.10707],[31.58137,-1.10622],[31.58352,-1.10429],[31.58342,-1.10158],[31.58152,-1.09865],[31.58209,-1.09401],[31.58581,-1.0946],[31.58669,-1.09566],[31.58605,-1.10009],[31.58806,-1.10156],[31.59022,-1.09968],[31.58941,-1.09466],[31.59081,-1.09146],[31.58985,-1.08985],[31.59093,-1.08914],[31.59607,-1.09108],[31.59662,-1.08992],[31.59491,-1.08675],[31.59532,-1.08597],[31.59823,-1.08571],[31.6007,-1.08867],[31.60194,-1.08823],[31.60506,-1.08367],[31.61058,-1.0855],[31.6115,-1.08508],[31.61262,-1.08001],[31.61109,-1.07183],[31.61342,-1.06872],[31.61122,-1.06658],[31.611,-1.06476],[31.61531,-1.06195],[31.6149,-1.06005],[31.62912,-1.072]]]},"properties":{"region":"Kagera","district":"Missenyi","ward":"Buyango","ward_code":"101"}},{"type":"Feature","geometry":{"type":"Polygon","coordinates":[[[31.69958,-1.15958],[31.72954,-1.16238],[31.74275,-1.16064],[31.73777,-1.19512],[31.73086,-1.22623],[31.72485,-1.23453],[31.72009,-1.23877],[31.71443,-1.24314],[31.70916,-1.24446],[31.69339,-1.23992],[31.683,-1.23333],[31.67893,-1.22893],[31.67346,-1.21948],[31.67053,-1.21106],[31.66894,-1.20295],[31.66883,-1.19474],[31.66999,-1.18848],[31.68333,-1.17841],[31.69357,-1.16402],[31.69958,-1.15958]]]},"properties":{"region":"Kagera","district":"Missenyi","ward":"Bwanjai","ward_code":"111"}},{"type":"Feature","geometry":{"type":"Polygon","coordinates":[[[31.78635,-1.19169],[31.78361,-1.19716],[31.77517,-1.20689],[31.77164,-1.19931],[31.75812,-1.19384],[31.73777,-1.19512],[31.74275,-1.16064],[31.74156,-1.158],[31.74068,-1.14218],[31.74287,-1.14064],[31.74215,-1.13784],[31.74851,-1.12979],[31.75049,-1.12249],[31.75768,-1.11307],[31.76581,-1.11989],[31.77414,-1.13122],[31.775,-1.1355],[31.77892,-1.13992],[31.78308,-1.15581],[31.80057,-1.15787],[31.79288,-1.17251],[31.78635,-1.19169]]]},"properties":{"region":"Kagera","district":"Missenyi","ward":"Ishozi","ward_code":"121"}},{"type":"Feature","geometry":{"type":"Polygon","coordinates":[[[31.73075,-1.28359],[31.71222,-1.31239],[31.70082,-1.27508],[31.70776,-1.26167],[31.70916,-1.24446],[31.71443,-1.24314],[31.72009,-1.23877],[31.72485,-1.23453],[31.73086,-1.22623],[31.73777,-1.19512],[31.75812,-1.19384],[31.77164,-1.19931],[31.77517,-1.20689],[31.77305,-1.20903],[31.77578,-1.22666],[31.77312,-1.23169],[31.76516,-1.23987],[31.75808,-1.25318],[31.75449,-1.26367],[31.74116,-1.26707],[31.73763,-1.2784],[31.73075,-1.28359]]]},"properties":{"region":"Kagera","district":"Missenyi","ward":"Gera","ward_code":"131"}},{"type":"Feature","geometry":{"type":"Polygon","coordinates":[[[31.69339,-1.23992],[31.70916,-1.24446],[31.70776,-1.26167],[31.70082,-1.27508],[31.71222,-1.31239],[31.7101,-1.33434],[31.70884,-1.33937],[31.70979,-1.34616],[31.70923,-1.35003],[31.69919,-1.35196],[31.68635,-1.35013],[31.6803,-1.35053],[31.6769,-1.34481],[31.67751,-1.33707],[31.67616,-1.33098],[31.67331,-1.32596],[31.67296,-1.32205],[31.6717,-1.32149],[31.6701,-1.31728],[31.66586,-1.31071],[31.66407,-1.30938],[31.6626,-1.31027],[31.65838,-1.30744],[31.65467,-1.30189],[31.64637,-1.30043],[31.63989,-1.30286],[31.63859,-1.30662],[31.63611,-1.3063],[31.63643,-1.30946],[31.63543,-1.3105],[31.63403,-1.30845],[31.63344,-1.3109],[31.63146,-1.31167],[31.62753,-1.3126],[31.62587,-1.31089],[31.6271,-1.31457],[31.62439,-1.31439],[31.62296,-1.3118],[31.6212,-1.31405],[31.61894,-1.31263],[31.6172,-1.31391],[31.61703,-1.31606],[31.6159,-1.31606],[31.61423,-1.3137],[31.61358,-1.31465],[31.61417,-1.31716],[31.60873,-1.31768],[31.6057,-1.28495],[31.61365,-1.25795],[31.61013,-1.24722],[31.62289,-1.24792],[31.62885,-1.24657],[31.63277,-1.24741],[31.63605,-1.24381],[31.63612,-1.23926],[31.63779,-1.24041],[31.64499,-1.24157],[31.6562,-1.24115],[31.66074,-1.23859],[31.67166,-1.23617],[31.67893,-1.22893],[31.68618,-1.23601],[31.69339,-1.23992]]]},"properties":{"region":"Kagera","district":"Missenyi","ward":"Bugandika","ward_code":"141"}},{"type":"Feature","geometry":{"type":"Polygon","coordinates":[[[31.62015,-1.18211],[31.63012,-1.18388],[31.63185,-1.18511],[31.63198,-1.18943],[31.64296,-1.19072],[31.65532,-1.19597],[31.65803,-1.19443],[31.6613,-1.19065],[31.66999,-1.18848],[31.66883,-1.19474],[31.66894,-1.20295],[31.67053,-1.21106],[31.67346,-1.21948],[31.67893,-1.22893],[31.67333,-1.23526],[31.66074,-1.23859],[31.6562,-1.24115],[31.64936,-1.24195],[31.63779,-1.24041],[31.63612,-1.23926],[31.63605,-1.24381],[31.63277,-1.24741],[31.62885,-1.24657],[31.62289,-1.24792],[31.61013,-1.24722],[31.60135,-1.22135],[31.60235,-1.22072],[31.60683,-1.22174],[31.60927,-1.21944],[31.60942,-1.21847],[31.6074,-1.21748],[31.60697,-1.21616],[31.60781,-1.21192],[31.61192,-1.20797],[31.61601,-1.20171],[31.61615,-1.20007],[31.61424,-1.19871],[31.61756,-1.19297],[31.61759,-1.19033],[31.61972,-1.18796],[31.61789,-1.18462],[31.62015,-1.18211]]]},"properties":{"region":"Kagera","district":"Missenyi","ward":"Kitobo","ward_code":"151"}}]}