{"type":"FeatureCollection","features":[{"type":"Feature","geometry":{"type":"Polygon","coordinates":[[[31.05482,-6.29227],[31.06608,-6.30148],[31.06827,-6.29894],[31.07198,-6.3023],[31.08177,-6.3056],[31.08027,-6.3231],[31.07825,-6.32692],[31.06542,-6.33587],[31.06153,-6.34109],[31.0583,-6.33173],[31.03716,-6.30662],[31.03606,-6.3038],[31.04234,-6.2984],[31.05482,-6.29227]]]},"properties":{"region":"Katavi","district":"Mpanda","ward":"Shanwe","ward_code":"032"}},{"type":"Feature","geometry":{"type":"Polygon","coordinates":[[[31.06642,-6.34773],[31.06445,-6.35175],[31.06019,-6.35019],[31.05784,-6.34832],[31.05826,-6.34531],[31.06385,-6.3374],[31.06972,-6.33262],[31.07045,-6.33554],[31.06895,-6.33885],[31.06941,-6.34116],[31.06862,-6.34293],[31.06999,-6.34426],[31.06642,-6.34773]]]},"properties":{"region":"Katavi","district":"Mpanda","ward":"Makanyagio","ward_code":"042"}},{"type":"Feature","geometry":{"type":"Polygon","coordinates":[[[31.06988,-6.33681],[31.07716,-6.34203],[31.08028,-6.3405],[31.07913,-6.34608],[31.07516,-6.35055],[31.06999,-6.34426],[31.06903,-6.34521],[31.06999,-6.34426],[31.06862,-6.34293],[31.06988,-6.33681]]]},"properties":{"region":"Katavi","district":"Mpanda","ward":"Kashaulili","ward_code":"052"}},{"type":"Feature","geometry":{"type":"Polygon","coordinates":[[[31.08203,-6.33391],[31.08151,-6.33661],[31.08039,-6.33655],[31.08028,-6.3405],[31.07716,-6.34203],[31.06988,-6.33681],[31.07046,-6.33396],[31.06972,-6.33262],[31.07744,-6.32711],[31.08621,-6.32941],[31.08203,-6.33391]]]},"properties":{"region":"Katavi","district":"Mpanda","ward":"Kawajense","ward_code":"072"}},{"type":"Feature","geometry":{"type":"Polygon","coordinates":[[[31.14912,-6.2737],[31.15921,-6.28034],[31.16067,-6.28467],[31.16555,-6.28681],[31.16223,-6.29626],[31.16249,-6.30121],[31.16118,-6.30566],[31.15197,-6.3145],[31.14146,-6.3159],[31.13766,-6.31765],[31.1355,-6.32054],[31.13337,-6.32749],[31.12608,-6.32717],[31.12638,-6.33357],[31.13202,-6.341],[31.12936,-6.35434],[31.12013,-6.35851],[31.10087,-6.35402],[31.08709,-6.34904],[31.07993,-6.34848],[31.07791,-6.34739],[31.07941,-6.34511],[31.08039,-6.33655],[31.08151,-6.33661],[31.08193,-6.33427],[31.08672,-6.33481],[31.08777,-6.33327],[31.09409,-6.33407],[31.09407,-6.33324],[31.10259,-6.33366],[31.10302,-6.32882],[31.10641,-6.31851],[31.10854,-6.3134],[31.11206,-6.31009],[31.11362,-6.30717],[31.11212,-6.30585],[31.10726,-6.29542],[31.09922,-6.29577],[31.09852,-6.29069],[31.10383,-6.28258],[31.11083,-6.28018],[31.11295,-6.28397],[31.12519,-6.28956],[31.12968,-6.28996],[31.13403,-6.28007],[31.13555,-6.27904],[31.14566,-6.27852],[31.14912,-6.2737]]]},"properties":{"region":"Katavi","district":"Mpanda","ward":"Nsemulwa","ward_code":"082"}},{"type":"Feature","geometry":{"type":"Polygon","coordinates":[[[31.07516,-6.35055],[31.07254,-6.35371],[31.06897,-6.35135],[31.06445,-6.35175],[31.06642,-6.34773],[31.06999,-6.34426],[31.07516,-6.35055]]]},"properties":{"region":"Katavi","district":"Mpanda","ward":"Majengo","ward_code":"112"}},{"type":"Feature","geometry":{"type":"Polygon","coordinates":[[[31.07728,-6.21134],[31.08269,-6.21138],[31.08668,-6.20963],[31.09434,-6.21111],[31.10525,-6.23068],[31.10958,-6.23307],[31.11998,-6.23345],[31.12183,-6.23793],[31.12728,-6.24352],[31.12992,-6.25558],[31.14113,-6.26376],[31.14516,-6.27042],[31.14912,-6.2737],[31.14566,-6.27852],[31.14071,-6.27912],[31.13964,-6.27836],[31.13403,-6.28007],[31.12968,-6.28996],[31.12519,-6.28956],[31.11295,-6.28397],[31.11083,-6.28018],[31.10383,-6.28258],[31.09852,-6.29069],[31.09658,-6.29042],[31.08828,-6.29647],[31.08177,-6.3056],[31.07198,-6.3023],[31.06827,-6.29894],[31.06608,-6.30148],[31.05482,-6.29227],[31.04234,-6.2984],[31.03801,-6.28999],[31.03921,-6.2884],[31.03813,-6.28259],[31.03581,-6.2808],[31.03432,-6.27135],[31.04094,-6.26931],[31.04909,-6.26414],[31.05126,-6.26364],[31.05261,-6.26138],[31.05074,-6.25399],[31.0461,-6.24954],[31.0394,-6.23891],[31.03871,-6.23594],[31.0322,-6.23121],[31.03294,-6.2275],[31.03488,-6.22458],[31.03916,-6.22418],[31.04208,-6.2224],[31.05074,-6.22374],[31.05342,-6.22822],[31.05951,-6.22536],[31.06141,-6.22303],[31.06227,-6.21903],[31.06136,-6.21407],[31.06404,-6.21096],[31.05759,-6.19824],[31.06066,-6.1965],[31.06793,-6.1989],[31.07322,-6.20195],[31.07728,-6.21134]]]},"properties":{"region":"Katavi","district":"Mpanda","ward":"Kasokola","ward_code":"131"}},{"type":"Feature","geometry":{"type":"Polygon","coordinates":[[[31.09922,-6.29577],[31.10726,-6.29542],[31.11212,-6.30585],[31.11363,-6.30715],[31.11206,-6.31009],[31.10854,-6.3134],[31.10641,-6.31851],[31.10302,-6.32882],[31.10259,-6.33366],[31.09407,-6.33324],[31.09409,-6.33407],[31.08777,-6.33327],[31.08672,-6.33481],[31.08193,-6.33427],[31.08621,-6.32941],[31.07796,-6.32716],[31.08027,-6.3231],[31.08177,-6.3056],[31.08828,-6.29647],[31.09658,-6.29042],[31.09852,-6.29069],[31.09922,-6.29577]]]},"properties":{"region":"Katavi","district":"Mpanda","ward":"Kazima","ward_code":"142"}},{"type":"Feature","geometry":{"type":"Polygon","coordinates":[[[31.07791,-6.34739],[31.08709,-6.34904],[31.10087,-6.35402],[31.12013,-6.35851],[31.10984,-6.35892],[31.10559,-6.36025],[31.10292,-6.36317],[31.09868,-6.36374],[31.09548,-6.36263],[31.09373,-6.36421],[31.08908,-6.3644],[31.08429,-6.3621],[31.08378,-6.36281],[31.08256,-6.36215],[31.07859,-6.36282],[31.07345,-6.36092],[31.07268,-6.35831],[31.07011,-6.3564],[31.0709,-6.35316],[31.07254,-6.35371],[31.07791,-6.34739]]]},"properties":{"region":"Katavi","district":"Mpanda","ward":"Uwanja wa Ndege","ward_code":"152"}},{"type":"Feature","geometry":{"type":"Polygon","coordinates":[[[30.99686,-6.33235],[30.99816,-6.33499],[31.00719,-6.33422],[31.00663,-6.34574],[31.00495,-6.35122],[31.00495,-6.36147],[31.00628,-6.36419],[31.01151,-6.36929],[31.01602,-6.37953],[31.02311,-6.41125],[31.02509,-6.41221],[31.02213,-6.41722],[31.01622,-6.41849],[31.00833,-6.41644],[31.008,-6.41814],[31.00678,-6.4187],[31.00717,-6.41975],[31.00417,-6.4217],[31.00155,-6.4253],[31.00129,-6.42641],[31.00253,-6.42699],[31.00156,-6.42944],[30.99734,-6.43337],[30.99288,-6.43442],[30.98968,-6.43963],[30.98716,-6.44727],[30.97934,-6.45247],[30.97754,-6.45684],[30.97447,-6.45963],[30.97336,-6.45852],[30.97149,-6.45986],[30.96826,-6.46447],[30.96308,-6.46193],[30.95971,-6.46393],[30.94666,-6.46302],[30.94559,-6.46142],[30.94608,-6.46001],[30.94451,-6.45856],[30.94428,-6.45602],[30.94592,-6.45122],[30.93593,-6.44472],[30.93503,-6.4418],[30.92922,-6.43799],[30.92714,-6.43439],[30.92533,-6.42645],[30.92892,-6.4136],[30.9617,-6.39985],[30.96993,-6.39081],[30.97598,-6.38592],[30.96519,-6.34591],[30.97315,-6.34114],[30.98552,-6.3287],[30.99686,-6.33235]]]},"properties":{"region":"Katavi","district":"Mpanda","ward":"Kakese","ward_code":"011"}},{"type":"Feature","geometry":{"type":"Polygon","coordinates":[[[31.05936,-6.33399],[31.06153,-6.34109],[31.05904,-6.34317],[31.05709,-6.35051],[31.05368,-6.35277],[31.05335,-6.3551],[31.05086,-6.3574],[31.05025,-6.35905],[31.05137,-6.36121],[31.05017,-6.36163],[31.0497,-6.36094],[31.04904,-6.36224],[31.04623,-6.36214],[31.04417,-6.36543],[31.04135,-6.36671],[31.04028,-6.37053],[31.03743,-6.36974],[31.03648,-6.3683],[31.03286,-6.37145],[31.03455,-6.37814],[31.03614,-6.37913],[31.0331,-6.381],[31.033,-6.3825],[31.034,-6.38322],[31.03379,-6.38543],[31.03299,-6.38575],[31.03422,-6.38736],[31.03349,-6.38883],[31.03528,-6.39048],[31.03457,-6.39178],[31.03752,-6.39456],[31.03576,-6.39624],[31.03574,-6.40219],[31.03359,-6.40283],[31.03428,-6.40541],[31.02509,-6.41221],[31.02311,-6.41125],[31.01602,-6.37953],[31.01151,-6.36929],[31.00628,-6.36419],[31.00495,-6.36147],[31.00495,-6.35122],[31.00663,-6.34574],[31.00719,-6.33422],[30.99816,-6.33499],[30.99971,-6.31784],[30.99864,-6.30606],[30.99985,-6.2975],[31.00206,-6.29313],[31.00877,-6.28699],[31.00146,-6.28098],[30.9991,-6.27729],[30.99928,-6.27146],[31.00108,-6.26834],[30.99871,-6.2594],[31.00839,-6.25114],[31.01029,-6.25163],[31.01255,-6.26254],[31.01837,-6.2731],[31.02291,-6.27553],[31.03094,-6.27743],[31.03813,-6.28259],[31.03921,-6.2884],[31.03801,-6.28999],[31.04234,-6.2984],[31.03606,-6.3038],[31.03716,-6.30662],[31.04838,-6.31929],[31.05936,-6.33399]]]},"properties":{"region":"Katavi","district":"Mpanda","ward":"Misunkumilo","ward_code":"022"}},{"type":"Feature","geometry":{"type":"Polygon","coordinates":[[[31.05784,-6.34832],[31.06319,-6.35158],[31.07041,-6.35198],[31.07011,-6.3564],[31.07268,-6.35831],[31.07308,-6.35971],[31.06968,-6.35885],[31.06623,-6.35999],[31.06255,-6.36281],[31.05361,-6.36322],[31.05092,-6.36068],[31.05025,-6.35905],[31.05086,-6.3574],[31.05335,-6.3551],[31.05368,-6.35277],[31.05709,-6.35051],[31.05784,-6.34832]]]},"properties":{"region":"Katavi","district":"Mpanda","ward":"Mpanda Hotel","ward_code":"062"}},{"type":"Feature","geometry":{"type":"Polygon","coordinates":[[[31.07345,-6.36092],[31.07859,-6.36282],[31.08256,-6.36215],[31.08378,-6.36281],[31.08429,-6.3621],[31.08908,-6.3644],[31.09373,-6.36421],[31.09548,-6.36263],[31.09868,-6.36374],[31.10383,-6.36254],[31.10304,-6.37074],[31.10333,-6.38651],[31.10679,-6.39455],[31.09218,-6.40175],[31.08549,-6.40398],[31.07938,-6.40572],[31.06691,-6.40631],[31.06553,-6.4134],[31.05875,-6.40325],[31.05017,-6.39488],[31.04603,-6.39477],[31.04278,-6.39342],[31.03576,-6.39624],[31.03752,-6.39456],[31.03457,-6.39178],[31.03528,-6.39048],[31.03349,-6.38883],[31.03422,-6.38736],[31.03299,-6.38575],[31.03379,-6.38543],[31.034,-6.38322],[31.033,-6.3825],[31.03347,-6.38025],[31.03614,-6.37913],[31.03455,-6.37814],[31.03286,-6.37145],[31.03648,-6.3683],[31.03743,-6.36974],[31.04028,-6.37053],[31.04135,-6.36671],[31.04417,-6.36543],[31.04623,-6.36214],[31.04904,-6.36224],[31.0497,-6.36094],[31.05017,-6.36163],[31.05137,-6.36121],[31.05361,-6.36322],[31.06255,-6.36281],[31.06623,-6.35999],[31.06968,-6.35885],[31.07308,-6.35971],[31.07345,-6.36092]]]},"properties":{"region":"Katavi","district":"Mpanda","ward":"Ilembo","ward_code":"092"}},{"type":"Feature","geometry":{"type":"Polygon","coordinates":[[[30.93503,-6.4418],[30.93593,-6.44472],[30.94592,-6.45122],[30.94428,-6.45602],[30.94451,-6.45856],[30.94608,-6.46001],[30.94559,-6.46142],[30.94666,-6.46302],[30.94446,-6.46561],[30.94555,-6.46668],[30.94464,-6.46778],[30.94516,-6.46869],[30.94703,-6.46882],[30.94805,-6.47193],[30.94906,-6.47238],[30.94764,-6.47574],[30.94937,-6.4775],[30.9463,-6.47982],[30.94695,-6.48386],[30.94787,-6.4835],[30.94963,-6.48511],[30.94978,-6.48737],[30.94804,-6.48793],[30.95284,-6.49056],[30.95384,-6.49257],[30.95333,-6.49328],[30.9552,-6.49644],[30.95687,-6.49671],[30.95736,-6.49937],[30.95981,-6.49769],[30.96215,-6.49936],[30.96225,-6.50109],[30.96126,-6.50159],[30.96419,-6.50616],[30.96299,-6.50744],[30.96474,-6.51243],[30.96597,-6.51283],[30.96711,-6.51581],[30.96793,-6.51558],[30.96905,-6.51759],[30.97114,-6.51864],[30.9716,-6.52043],[30.97115,-6.52397],[30.96842,-6.52682],[30.9671,-6.52994],[30.96779,-6.53215],[30.96706,-6.53762],[30.96504,-6.54126],[30.96396,-6.54143],[30.96422,-6.54312],[30.96245,-6.54616],[30.9623,-6.54863],[30.96122,-6.54818],[30.96066,-6.55081],[30.96188,-6.55102],[30.96125,-6.55229],[30.96303,-6.55646],[30.96243,-6.55981],[30.96455,-6.56158],[30.96466,-6.56367],[30.9677,-6.5662],[30.96571,-6.56723],[30.96465,-6.5664],[30.96105,-6.57115],[30.9611,-6.57344],[30.95981,-6.57581],[30.96135,-6.57719],[30.95975,-6.58139],[30.95851,-6.58023],[30.95841,-6.57782],[30.95558,-6.57703],[30.95495,-6.57561],[30.95117,-6.57383],[30.94886,-6.57464],[30.94781,-6.57345],[30.94132,-6.57263],[30.93879,-6.56932],[30.93712,-6.56413],[30.93212,-6.56127],[30.91589,-6.54241],[30.90887,-6.53739],[30.90502,-6.53197],[30.9055,-6.52799],[30.90387,-6.52285],[30.90057,-6.51732],[30.8959,-6.51882],[30.89297,-6.51832],[30.8915,-6.51639],[30.89186,-6.51466],[30.88906,-6.51272],[30.88914,-6.51088],[30.88828,-6.51038],[30.88594,-6.51072],[30.88425,-6.51242],[30.88394,-6.51434],[30.88153,-6.51592],[30.87889,-6.51665],[30.87783,-6.51531],[30.87449,-6.51514],[30.87238,-6.51636],[30.86912,-6.51567],[30.86518,-6.51829],[30.86247,-6.50809],[30.86062,-6.50723],[30.86105,-6.50327],[30.85895,-6.50143],[30.85636,-6.49652],[30.8545,-6.49608],[30.85125,-6.49821],[30.84724,-6.49766],[30.85329,-6.48699],[30.85537,-6.48119],[30.85745,-6.47037],[30.86826,-6.45356],[30.87177,-6.44291],[30.8756,-6.43849],[30.87945,-6.43611],[30.90575,-6.44253],[30.92004,-6.42013],[30.92892,-6.4136],[30.92533,-6.42645],[30.92714,-6.43439],[30.92922,-6.43799],[30.93503,-6.4418]]]},"properties":{"region":"Katavi","district":"Mpanda","ward":"Mwamkulu","ward_code":"102"}},{"type":"Feature","geometry":{"type":"Polygon","coordinates":[[[31.10383,-6.36254],[31.10644,-6.36354],[31.11574,-6.36422],[31.12562,-6.36762],[31.15601,-6.3723],[31.15591,-6.38539],[31.15851,-6.39921],[31.15767,-6.40321],[31.15903,-6.41012],[31.15084,-6.41389],[31.14585,-6.41426],[31.14433,-6.41616],[31.13687,-6.41205],[31.12015,-6.41163],[31.11546,-6.41063],[31.11811,-6.41748],[31.12036,-6.42014],[31.12291,-6.42984],[31.1259,-6.43011],[31.13329,-6.43348],[31.13835,-6.44937],[31.14404,-6.4535],[31.16212,-6.45469],[31.14967,-6.4642],[31.1313,-6.46217],[31.1253,-6.46302],[31.10164,-6.46077],[31.09137,-6.45571],[31.08999,-6.45626],[31.08899,-6.45969],[31.08686,-6.46055],[31.08699,-6.46353],[31.07921,-6.46448],[31.06454,-6.46299],[31.05354,-6.47072],[31.04647,-6.46489],[31.04339,-6.45582],[31.03401,-6.45474],[31.03197,-6.44408],[31.03092,-6.43113],[31.02394,-6.4181],[31.02213,-6.41722],[31.02338,-6.41425],[31.03153,-6.40672],[31.03428,-6.40541],[31.03359,-6.40283],[31.03574,-6.40219],[31.03576,-6.39624],[31.04278,-6.39342],[31.04603,-6.39477],[31.05017,-6.39488],[31.05256,-6.39663],[31.05875,-6.40325],[31.06553,-6.4134],[31.06691,-6.40631],[31.07938,-6.40572],[31.08549,-6.40398],[31.09218,-6.40175],[31.10679,-6.39455],[31.10333,-6.38651],[31.10304,-6.37074],[31.10383,-6.36254]]]},"properties":{"region":"Katavi","district":"Mpanda","ward":"Magamba","ward_code":"121"}},{"type":"Feature","geometry":{"type":"Polygon","coordinates":[[[31.18129,-6.42973],[31.19159,-6.43407],[31.1984,-6.43312],[31.20423,-6.43501],[31.24936,-6.45851],[31.30011,-6.47387],[31.3002,-6.48672],[31.29873,-6.49977],[31.299,-6.51018],[31.30051,-6.51651],[31.30099,-6.53355],[31.30657,-6.54463],[31.30655,-6.55189],[31.31431,-6.56116],[31.31574,-6.56733],[31.31389,-6.57748],[31.31152,-6.58213],[31.311,-6.58529],[31.3117,-6.58865],[31.30811,-6.59497],[31.30484,-6.5974],[31.30033,-6.60381],[31.29671,-6.61706],[31.29741,-6.62176],[31.30037,-6.62723],[31.30319,-6.64056],[31.29796,-6.65559],[31.29346,-6.66381],[31.2948,-6.68569],[31.29407,-6.69204],[31.29499,-6.69886],[31.29238,-6.7052],[31.29423,-6.71367],[31.28987,-6.75035],[31.28703,-6.75598],[31.28312,-6.79712],[31.28106,-6.84745],[31.28356,-6.8698],[31.28186,-6.88649],[31.28498,-6.93518],[31.2901,-6.95049],[31.29565,-6.9785],[31.29696,-7.00484],[31.29965,-7.0322],[31.29804,-7.0335],[31.29875,-7.03454],[31.2982,-7.0353],[31.29419,-7.03525],[31.29125,-7.03793],[31.28584,-7.03894],[31.28243,-7.03763],[31.28234,-7.0359],[31.28349,-7.03542],[31.28399,-7.03346],[31.2835,-7.03254],[31.27959,-7.03377],[31.28014,-7.03032],[31.2782,-7.03083],[31.27805,-7.03177],[31.27677,-7.03161],[31.27453,-7.03065],[31.27448,-7.02862],[31.27204,-7.02879],[31.2719,-7.03017],[31.27068,-7.03001],[31.26931,-7.0317],[31.26619,-7.02804],[31.26104,-7.02699],[31.26143,-7.02916],[31.25866,-7.03092],[31.25946,-7.03299],[31.25652,-7.03326],[31.25769,-7.03602],[31.25684,-7.03675],[31.25668,-7.03497],[31.25531,-7.03509],[31.25565,-7.03612],[31.25438,-7.03715],[31.25474,-7.03945],[31.25229,-7.04071],[31.25035,-7.0404],[31.24962,-7.04377],[31.2505,-7.04394],[31.25042,-7.04498],[31.24937,-7.04637],[31.24627,-7.04443],[31.24412,-7.04544],[31.24063,-7.04402],[31.23843,-7.04019],[31.2389,-7.03881],[31.23787,-7.03641],[31.24062,-7.03545],[31.241,-7.03418],[31.24007,-7.03268],[31.2434,-7.02978],[31.24323,-7.02691],[31.24566,-7.02654],[31.24536,-7.02417],[31.24802,-7.02197],[31.25044,-7.02179],[31.24911,-7.01993],[31.15999,-7.02076],[31.14643,-7.0252],[31.12918,-7.02713],[31.12266,-7.02492],[31.11739,-7.02454],[31.11503,-7.02598],[31.10597,-7.02632],[31.1026,-6.62425],[31.0921,-6.57951],[31.08408,-6.56775],[31.07877,-6.55685],[31.08268,-6.55301],[31.08486,-6.55284],[31.08604,-6.55656],[31.09125,-6.54931],[31.09286,-6.53929],[31.09182,-6.53241],[31.10071,-6.52609],[31.10678,-6.5148],[31.10805,-6.50196],[31.09147,-6.49481],[31.09591,-6.48834],[31.10543,-6.48433],[31.10109,-6.47984],[31.10054,-6.47271],[31.10231,-6.46699],[31.10964,-6.4615],[31.1253,-6.46302],[31.1313,-6.46217],[31.14967,-6.4642],[31.16212,-6.45469],[31.16576,-6.45363],[31.18129,-6.42973]]]},"properties":{"region":"Katavi","district":"Mpanda","ward":"Sitalike","ward_code":"071"}},{"type":"Feature","geometry":{"type":"Polygon","coordinates":[[[31.09125,-6.54931],[31.08604,-6.55656],[31.08486,-6.55284],[31.08268,-6.55301],[31.07877,-6.55685],[31.08408,-6.56775],[31.0921,-6.57951],[31.1026,-6.62425],[31.10597,-7.02632],[31.08932,-7.02761],[31.0618,-7.02669],[31.04203,-7.02736],[31.01959,-6.62891],[31.01825,-6.59031],[31.01881,-6.57922],[31.02862,-6.56438],[31.0316,-6.55739],[31.04843,-6.54829],[31.04393,-6.54109],[31.04733,-6.52574],[31.0358,-6.51202],[31.0338,-6.50829],[31.03429,-6.49678],[31.04077,-6.49594],[31.06037,-6.48951],[31.06394,-6.49151],[31.07693,-6.49384],[31.09147,-6.49481],[31.10805,-6.50196],[31.10678,-6.5148],[31.10071,-6.52609],[31.09182,-6.53241],[31.09286,-6.53929],[31.09125,-6.54931]]]},"properties":{"region":"Katavi","district":"Mpanda","ward":"Ibindi","ward_code":"081"}},{"type":"Feature","geometry":{"type":"Polygon","coordinates":[[[31.00833,-6.41644],[31.01622,-6.41849],[31.02213,-6.41722],[31.02394,-6.4181],[31.03092,-6.43113],[31.03197,-6.44408],[31.03401,-6.45474],[31.04339,-6.45582],[31.04647,-6.46489],[31.05354,-6.47072],[31.06182,-6.48275],[31.06037,-6.48951],[31.04077,-6.49594],[31.03429,-6.49678],[31.0338,-6.50829],[31.0358,-6.51202],[31.04733,-6.52574],[31.04393,-6.54109],[31.04843,-6.54829],[31.0316,-6.55739],[31.02862,-6.56438],[31.01881,-6.57922],[31.01825,-6.59031],[31.01959,-6.62891],[31.04203,-7.02736],[31.02179,-7.02805],[30.99438,-7.0434],[30.97552,-7.07122],[30.95518,-7.07881],[30.95361,-7.07828],[30.95448,-7.07671],[30.95457,-7.05781],[30.96321,-7.02377],[30.9667,-7.00342],[30.96923,-6.9995],[30.96954,-6.99746],[30.9695,-6.96532],[30.96473,-6.95792],[30.94887,-6.94],[30.93596,-6.93713],[30.93331,-6.90976],[30.93333,-6.90556],[30.93726,-6.89635],[30.93486,-6.88841],[30.93542,-6.87158],[30.93076,-6.86282],[30.93096,-6.85392],[30.92887,-6.8497],[30.92912,-6.83109],[30.92625,-6.81958],[30.9305,-6.81119],[30.93652,-6.80377],[30.93783,-6.79956],[30.95133,-6.7817],[30.95607,-6.7788],[30.95609,-6.77541],[30.96133,-6.77081],[30.96339,-6.77094],[30.96378,-6.76585],[30.97682,-6.75461],[30.97719,-6.75219],[30.97344,-6.75011],[30.97082,-6.74729],[30.96971,-6.74201],[30.97147,-6.73741],[30.97986,-6.72772],[30.98167,-6.72434],[30.97687,-6.71997],[30.97954,-6.70718],[30.98083,-6.70483],[30.98226,-6.70443],[30.98579,-6.70695],[30.98748,-6.70691],[30.99119,-6.70175],[30.99193,-6.6953],[30.99605,-6.68891],[30.99601,-6.68625],[30.99123,-6.67937],[30.98874,-6.67378],[30.98994,-6.66774],[30.98431,-6.66618],[30.98438,-6.66234],[30.98198,-6.66028],[30.98318,-6.65532],[30.97833,-6.65197],[30.97799,-6.64654],[30.97677,-6.64551],[30.97549,-6.64607],[30.97317,-6.64898],[30.97158,-6.64861],[30.97092,-6.64728],[30.96998,-6.64057],[30.97076,-6.63821],[30.97507,-6.63501],[30.97581,-6.63035],[30.97407,-6.62968],[30.97389,-6.62821],[30.97256,-6.62819],[30.97351,-6.62575],[30.97141,-6.62669],[30.9696,-6.62601],[30.9707,-6.62467],[30.9692,-6.62374],[30.96803,-6.62543],[30.9658,-6.62291],[30.96704,-6.62087],[30.96563,-6.61917],[30.96444,-6.62059],[30.96313,-6.61771],[30.96097,-6.61583],[30.96166,-6.61268],[30.96079,-6.61003],[30.96692,-6.60212],[30.96277,-6.59519],[30.96113,-6.59441],[30.96344,-6.59303],[30.96177,-6.59111],[30.96228,-6.59008],[30.96094,-6.58888],[30.9595,-6.5829],[30.96135,-6.57719],[30.95981,-6.57581],[30.9611,-6.57344],[30.96105,-6.57115],[30.96465,-6.5664],[30.96571,-6.56723],[30.9677,-6.5662],[30.96466,-6.56367],[30.96455,-6.56158],[30.96243,-6.55981],[30.96303,-6.55646],[30.96125,-6.55229],[30.96188,-6.55102],[30.96066,-6.55081],[30.96122,-6.54818],[30.9623,-6.54863],[30.96245,-6.54616],[30.96422,-6.54312],[30.96396,-6.54143],[30.96504,-6.54126],[30.96706,-6.53762],[30.96779,-6.53215],[30.9671,-6.52994],[30.97191,-6.52219],[30.97114,-6.51864],[30.96905,-6.51759],[30.96793,-6.51558],[30.96711,-6.51581],[30.96597,-6.51283],[30.96474,-6.51243],[30.96299,-6.50744],[30.96419,-6.50616],[30.96126,-6.50159],[30.96225,-6.50109],[30.96215,-6.49936],[30.95981,-6.49769],[30.95736,-6.49937],[30.95687,-6.49671],[30.9552,-6.49644],[30.95333,-6.49328],[30.95384,-6.49257],[30.95284,-6.49056],[30.94804,-6.48793],[30.94978,-6.48737],[30.94963,-6.48511],[30.94787,-6.4835],[30.94695,-6.48386],[30.9463,-6.47982],[30.94937,-6.4775],[30.94764,-6.47574],[30.94906,-6.47238],[30.94805,-6.47193],[30.94703,-6.46882],[30.94516,-6.46869],[30.94464,-6.46778],[30.94555,-6.46668],[30.94446,-6.46561],[30.94666,-6.46302],[30.95971,-6.46393],[30.96308,-6.46193],[30.96826,-6.46447],[30.97149,-6.45986],[30.97336,-6.45852],[30.97447,-6.45963],[30.97754,-6.45684],[30.97934,-6.45247],[30.98716,-6.44727],[30.98968,-6.43963],[30.99288,-6.43442],[30.99734,-6.43337],[31.00156,-6.42944],[31.00253,-6.42699],[31.00129,-6.42641],[31.00155,-6.4253],[31.00417,-6.4217],[31.00717,-6.41975],[31.00678,-6.4187],[31.008,-6.41814],[31.00833,-6.41644]]]},"properties":{"region":"Katavi","district":"Mpanda","ward":"Itenka","ward_code":"091"}},{"type":"Feature","geometry":{"type":"Polygon","coordinates":[[[31.10964,-6.4615],[31.10231,-6.46699],[31.10054,-6.47271],[31.10109,-6.47984],[31.10543,-6.48433],[31.09591,-6.48834],[31.09147,-6.49481],[31.07693,-6.49384],[31.06394,-6.49151],[31.06037,-6.48951],[31.06182,-6.48275],[31.05354,-6.47072],[31.06454,-6.46299],[31.07921,-6.46448],[31.08699,-6.46353],[31.08686,-6.46055],[31.08899,-6.45969],[31.08999,-6.45626],[31.09137,-6.45571],[31.10164,-6.46077],[31.10964,-6.4615]]]},"properties":{"region":"Katavi","district":"Mpanda","ward":"Machimboni","ward_code":"101"}},{"type":"Feature","geometry":{"type":"Polygon","coordinates":[[[31.16423,-6.37461],[31.19239,-6.37449],[31.20053,-6.37612],[31.1996,-6.38536],[31.2016,-6.39587],[31.20102,-6.40885],[31.20453,-6.42117],[31.20423,-6.43501],[31.1984,-6.43312],[31.19159,-6.43407],[31.18129,-6.42973],[31.16576,-6.45363],[31.16212,-6.45469],[31.14404,-6.4535],[31.13835,-6.44937],[31.13329,-6.43348],[31.1259,-6.43011],[31.12291,-6.42984],[31.12036,-6.42014],[31.11811,-6.41748],[31.11546,-6.41063],[31.12015,-6.41163],[31.13687,-6.41205],[31.14433,-6.41616],[31.14585,-6.41426],[31.15084,-6.41389],[31.15903,-6.41012],[31.15767,-6.40321],[31.15851,-6.39921],[31.15591,-6.38539],[31.15601,-6.3723],[31.16423,-6.37461]]]},"properties":{"region":"Katavi","district":"Mpanda","ward":"Kapalala","ward_code":"111"}},{"type":"Feature","geometry":{"type":"Polygon","coordinates":[[[31.30377,-6.45238],[31.30011,-6.47387],[31.24936,-6.45851],[31.20423,-6.43501],[31.20453,-6.42117],[31.20102,-6.40885],[31.2016,-6.39587],[31.1996,-6.38536],[31.20053,-6.37612],[31.19945,-6.37098],[31.2017,-6.36711],[31.20497,-6.36447],[31.20865,-6.36397],[31.2187,-6.36007],[31.22192,-6.35719],[31.23163,-6.36137],[31.24239,-6.36383],[31.24935,-6.36649],[31.25826,-6.37093],[31.26467,-6.37553],[31.2708,-6.38225],[31.27198,-6.3911],[31.27596,-6.39701],[31.27939,-6.39946],[31.28235,-6.41226],[31.28167,-6.41736],[31.29113,-6.43362],[31.30377,-6.45238]]]},"properties":{"region":"Katavi","district":"Mpanda","ward":"Nsimbo","ward_code":"121"}},{"type":"Feature","geometry":{"type":"Polygon","coordinates":[[[31.04609,-6.0076],[31.05766,-6.00872],[31.07117,-6.00347],[31.0751,-6.00972],[31.07686,-6.02392],[31.08035,-6.0407],[31.09453,-6.07805],[31.11562,-6.09765],[31.11665,-6.09927],[31.11483,-6.10295],[31.1287,-6.11658],[31.12592,-6.11874],[31.1249,-6.12086],[31.12463,-6.12533],[31.12559,-6.13021],[31.13088,-6.13599],[31.13497,-6.13192],[31.13972,-6.138],[31.13946,-6.14153],[31.15168,-6.15643],[31.15428,-6.16153],[31.15493,-6.17063],[31.14917,-6.17586],[31.1562,-6.18596],[31.15817,-6.1952],[31.16354,-6.21036],[31.17068,-6.21801],[31.16671,-6.23001],[31.16096,-6.24192],[31.15501,-6.25281],[31.15421,-6.25245],[31.14516,-6.27042],[31.14113,-6.26376],[31.12992,-6.25558],[31.12728,-6.24352],[31.12183,-6.23793],[31.11998,-6.23345],[31.10958,-6.23307],[31.10525,-6.23068],[31.09434,-6.21111],[31.08668,-6.20963],[31.08269,-6.21138],[31.07728,-6.21134],[31.07322,-6.20195],[31.06793,-6.1989],[31.06066,-6.1965],[31.05759,-6.19824],[31.05284,-6.1827],[31.04415,-6.17937],[31.03358,-6.18307],[31.02601,-6.17143],[31.01397,-6.16372],[30.99529,-6.1201],[30.99024,-6.11606],[30.97948,-6.0821],[30.98703,-5.98003],[31.01206,-5.98725],[31.03084,-5.99449],[31.0409,-5.99671],[31.04609,-6.0076]]]},"properties":{"region":"Katavi","district":"Mpanda","ward":"Kanoge","ward_code":"011"}},{"type":"Feature","geometry":{"type":"Polygon","coordinates":[[[31.11901,-5.63747],[31.12757,-5.63988],[31.14324,-5.6317],[31.15397,-5.62083],[31.16148,-5.62048],[31.15503,-5.64151],[31.13808,-5.67237],[31.14707,-5.67708],[31.15865,-5.67998],[31.15798,-5.68523],[31.14139,-5.69861],[31.13954,-5.70291],[31.14622,-5.71145],[31.15423,-5.71758],[31.15862,-5.72662],[31.15951,-5.73498],[31.15397,-5.75208],[31.14355,-5.76356],[31.14529,-5.76779],[31.15513,-5.76979],[31.16765,-5.7685],[31.17128,-5.7725],[31.16915,-5.78078],[31.16969,-5.78616],[31.17321,-5.7971],[31.17645,-5.80061],[31.17956,-5.81725],[31.18137,-5.83644],[31.17866,-5.8543],[31.17257,-5.86586],[31.17339,-5.87731],[31.17966,-5.89849],[31.17549,-5.90687],[31.17875,-5.91417],[31.1835,-5.9173],[31.18684,-5.92409],[31.18876,-5.92964],[31.18882,-5.94283],[31.18424,-5.95593],[31.1835,-5.96174],[31.17906,-5.96578],[31.17857,-5.97052],[31.17528,-5.97322],[31.17367,-5.97652],[31.17188,-5.97519],[31.16646,-5.9772],[31.16246,-5.97736],[31.15433,-5.98101],[31.1474,-5.97689],[31.13777,-5.98112],[31.13096,-5.98542],[31.12287,-5.99511],[31.10776,-5.99405],[31.09387,-6.00212],[31.0836,-5.99997],[31.07117,-6.00347],[31.05766,-6.00872],[31.04609,-6.0076],[31.0409,-5.99671],[31.03084,-5.99449],[31.01206,-5.98725],[30.98703,-5.98003],[30.98965,-5.944],[30.98733,-5.94192],[30.98301,-5.94093],[30.97975,-5.93783],[30.98404,-5.93045],[30.99092,-5.92739],[31.00199,-5.91628],[31.01021,-5.91064],[31.02921,-5.87752],[31.04947,-5.86033],[31.03062,-5.83585],[31.0662,-5.78977],[31.06265,-5.75425],[31.05415,-5.74016],[31.06409,-5.72941],[31.07415,-5.72758],[31.07093,-5.71534],[31.07108,-5.70978],[31.07509,-5.70278],[31.0748,-5.6979],[31.08065,-5.69313],[31.08346,-5.68501],[31.0798,-5.67671],[31.08202,-5.67386],[31.08146,-5.66181],[31.08351,-5.65421],[31.08334,-5.64864],[31.07751,-5.64191],[31.0795,-5.62978],[31.09485,-5.61281],[31.10798,-5.61457],[31.11561,-5.62333],[31.11901,-5.63747]]]},"properties":{"region":"Katavi","district":"Mpanda","ward":"Ugalla","ward_code":"021"}},{"type":"Feature","geometry":{"type":"Polygon","coordinates":[[[31.17188,-5.97519],[31.18368,-5.98735],[31.1839,-5.99097],[31.18879,-5.9966],[31.18323,-6.00625],[31.18292,-6.00882],[31.18086,-6.01166],[31.17638,-6.01307],[31.17447,-6.01747],[31.17618,-6.02064],[31.1755,-6.02233],[31.17411,-6.02286],[31.1747,-6.02689],[31.17568,-6.02767],[31.1744,-6.03099],[31.17578,-6.03608],[31.17224,-6.03859],[31.17542,-6.04451],[31.17609,-6.05761],[31.17851,-6.06039],[31.17775,-6.06086],[31.17894,-6.06377],[31.18018,-6.06414],[31.18033,-6.06741],[31.18109,-6.0674],[31.18224,-6.07066],[31.18504,-6.0722],[31.18619,-6.07627],[31.18566,-6.07727],[31.18724,-6.07786],[31.18883,-6.08181],[31.19094,-6.08192],[31.19144,-6.08516],[31.19247,-6.08569],[31.19172,-6.08747],[31.19269,-6.08847],[31.19381,-6.1011],[31.19898,-6.10831],[31.21351,-6.12451],[31.21776,-6.13078],[31.22271,-6.13235],[31.2266,-6.13534],[31.23301,-6.14853],[31.25651,-6.16936],[31.26454,-6.18692],[31.27412,-6.19964],[31.28633,-6.235],[31.2977,-6.25188],[31.29395,-6.25237],[31.29091,-6.25126],[31.27878,-6.25055],[31.26772,-6.24785],[31.25901,-6.24753],[31.252,-6.24603],[31.23994,-6.24714],[31.2395,-6.21921],[31.23757,-6.21687],[31.22868,-6.21428],[31.2228,-6.22188],[31.21717,-6.22534],[31.21533,-6.22968],[31.21237,-6.23039],[31.21071,-6.23319],[31.21076,-6.23806],[31.20936,-6.23952],[31.20897,-6.24218],[31.19886,-6.24196],[31.19423,-6.24032],[31.19199,-6.24131],[31.18721,-6.24002],[31.18378,-6.23379],[31.17697,-6.2296],[31.17549,-6.22311],[31.17307,-6.21883],[31.17068,-6.21801],[31.16354,-6.21036],[31.15817,-6.1952],[31.1562,-6.18596],[31.14917,-6.17586],[31.15493,-6.17063],[31.15428,-6.16153],[31.15168,-6.15643],[31.13946,-6.14153],[31.13972,-6.138],[31.13497,-6.13192],[31.13088,-6.13599],[31.12559,-6.13021],[31.12463,-6.12533],[31.1249,-6.12086],[31.12592,-6.11874],[31.1287,-6.11658],[31.11483,-6.10295],[31.11665,-6.09927],[31.11562,-6.09765],[31.09453,-6.07805],[31.08035,-6.0407],[31.07686,-6.02392],[31.0751,-6.00972],[31.07117,-6.00347],[31.0836,-5.99997],[31.09387,-6.00212],[31.10776,-5.99405],[31.12287,-5.99511],[31.13096,-5.98542],[31.13777,-5.98112],[31.1474,-5.97689],[31.15433,-5.98101],[31.16246,-5.97736],[31.16646,-5.9772],[31.17188,-5.97519]]]},"properties":{"region":"Katavi","district":"Mpanda","ward":"Litapunga","ward_code":"031"}},{"type":"Feature","geometry":{"type":"Polygon","coordinates":[[[31.23003,-6.2216],[31.23309,-6.23498],[31.22748,-6.26025],[31.20474,-6.31646],[31.20214,-6.31593],[31.19213,-6.30288],[31.18985,-6.29632],[31.18681,-6.29631],[31.18556,-6.29848],[31.18662,-6.30196],[31.18604,-6.30799],[31.19115,-6.31336],[31.19429,-6.32065],[31.19644,-6.32225],[31.20408,-6.33283],[31.21198,-6.33972],[31.21615,-6.34768],[31.21614,-6.34952],[31.21917,-6.35454],[31.22192,-6.35719],[31.22093,-6.35849],[31.20865,-6.36397],[31.20497,-6.36447],[31.2017,-6.36711],[31.19945,-6.37098],[31.20053,-6.37612],[31.19239,-6.37449],[31.16654,-6.37507],[31.15601,-6.3723],[31.12562,-6.36762],[31.11574,-6.36422],[31.10644,-6.36354],[31.10383,-6.36254],[31.10559,-6.36025],[31.10984,-6.35892],[31.12013,-6.35851],[31.12936,-6.35434],[31.13202,-6.341],[31.12638,-6.33357],[31.12608,-6.32717],[31.13337,-6.32749],[31.1355,-6.32054],[31.13766,-6.31765],[31.14146,-6.3159],[31.15197,-6.3145],[31.16118,-6.30566],[31.16249,-6.30121],[31.16223,-6.29626],[31.16555,-6.28681],[31.16067,-6.28467],[31.15921,-6.28034],[31.14516,-6.27042],[31.15421,-6.25245],[31.15501,-6.25281],[31.16096,-6.24192],[31.16671,-6.23001],[31.17068,-6.21801],[31.17307,-6.21883],[31.17549,-6.22311],[31.17697,-6.2296],[31.18378,-6.23379],[31.18721,-6.24002],[31.19034,-6.24114],[31.19255,-6.24136],[31.19423,-6.24032],[31.19886,-6.24196],[31.20392,-6.24162],[31.20644,-6.2425],[31.20938,-6.24175],[31.20936,-6.23952],[31.21076,-6.23806],[31.21071,-6.23319],[31.21237,-6.23039],[31.21533,-6.22968],[31.21717,-6.22534],[31.2228,-6.22188],[31.22597,-6.21705],[31.23003,-6.2216]]]},"properties":{"region":"Katavi","district":"Mpanda","ward":"Mtapenda","ward_code":"041"}},{"type":"Feature","geometry":{"type":"Polygon","coordinates":[[[31.2395,-6.21921],[31.23994,-6.24714],[31.252,-6.24603],[31.25901,-6.24753],[31.26772,-6.24785],[31.27878,-6.25055],[31.29091,-6.25126],[31.29395,-6.25237],[31.2977,-6.25188],[31.30141,-6.26026],[31.30258,-6.26657],[31.30884,-6.27186],[31.31473,-6.28159],[31.31866,-6.28498],[31.32257,-6.28515],[31.33393,-6.27984],[31.35281,-6.29367],[31.36019,-6.30206],[31.37738,-6.3057],[31.41789,-6.3424],[31.42151,-6.34338],[31.44005,-6.33555],[31.45501,-6.34627],[31.45645,-6.35995],[31.4846,-6.37597],[31.48981,-6.37653],[31.47774,-6.3809],[31.42917,-6.3837],[31.39348,-6.38305],[31.37769,-6.40595],[31.33705,-6.39934],[31.32926,-6.39602],[31.32494,-6.39214],[31.31268,-6.39083],[31.30269,-6.38585],[31.29873,-6.39086],[31.28956,-6.38311],[31.27633,-6.37634],[31.2754,-6.37862],[31.2708,-6.38225],[31.26467,-6.37553],[31.25377,-6.36846],[31.24239,-6.36383],[31.23163,-6.36137],[31.22391,-6.35826],[31.21917,-6.35454],[31.21198,-6.33972],[31.20408,-6.33283],[31.19644,-6.32225],[31.19429,-6.32065],[31.19115,-6.31336],[31.18604,-6.30799],[31.18662,-6.30196],[31.18556,-6.29848],[31.18681,-6.29631],[31.18985,-6.29632],[31.19213,-6.30288],[31.20214,-6.31593],[31.20474,-6.31646],[31.22748,-6.26025],[31.23309,-6.23498],[31.23003,-6.2216],[31.22597,-6.21705],[31.22868,-6.21428],[31.23757,-6.21687],[31.2395,-6.21921]]]},"properties":{"region":"Katavi","district":"Mpanda","ward":"Katumba","ward_code":"051"}},{"type":"Feature","geometry":{"type":"Polygon","coordinates":[[[31.5123,-6.37306],[31.52336,-6.37924],[31.53384,-6.37784],[31.54503,-6.38916],[31.54902,-6.3952],[31.55386,-6.40566],[31.55548,-6.41978],[31.5638,-6.43963],[31.56373,-6.44465],[31.56717,-6.45098],[31.58901,-6.4631],[31.6072,-6.48129],[31.5819,-6.54735],[31.55906,-6.6168],[31.51896,-6.72087],[31.49347,-6.7775],[31.4502,-6.85523],[31.43089,-6.95041],[31.42912,-7.01717],[31.42721,-7.02408],[31.42817,-7.03608],[31.42747,-7.0591],[31.42877,-7.06471],[31.42633,-7.07166],[31.42581,-7.09568],[31.42246,-7.09622],[31.42216,-7.09895],[31.42059,-7.09908],[31.42013,-7.1007],[31.41895,-7.10019],[31.41661,-7.10157],[31.41541,-7.10403],[31.41008,-7.10819],[31.40893,-7.10691],[31.40798,-7.10773],[31.40807,-7.10937],[31.40674,-7.10823],[31.4028,-7.1097],[31.40087,-7.10862],[31.40134,-7.10698],[31.40022,-7.10763],[31.39853,-7.10682],[31.39504,-7.101],[31.39162,-7.09792],[31.38947,-7.09758],[31.38894,-7.09597],[31.38731,-7.09642],[31.38661,-7.09505],[31.38784,-7.09466],[31.38784,-7.09373],[31.3855,-7.09363],[31.38534,-7.0917],[31.38329,-7.09163],[31.38229,-7.08915],[31.38053,-7.08953],[31.38094,-7.09056],[31.37999,-7.09153],[31.37858,-7.09062],[31.37804,-7.09112],[31.37926,-7.09301],[31.37767,-7.0943],[31.375,-7.09249],[31.37392,-7.09483],[31.37222,-7.09431],[31.37152,-7.09282],[31.36965,-7.09495],[31.3674,-7.09518],[31.36392,-7.09424],[31.36285,-7.09213],[31.36087,-7.09165],[31.35663,-7.09247],[31.35746,-7.09439],[31.35438,-7.09595],[31.35176,-7.09584],[31.35179,-7.09451],[31.3502,-7.09304],[31.34752,-7.09407],[31.3476,-7.0911],[31.34558,-7.08944],[31.34674,-7.08777],[31.34517,-7.08717],[31.34633,-7.08572],[31.34238,-7.08146],[31.34507,-7.08118],[31.34517,-7.07895],[31.34328,-7.07775],[31.34125,-7.07829],[31.34186,-7.0756],[31.33975,-7.07492],[31.34111,-7.07396],[31.34068,-7.07061],[31.34342,-7.07015],[31.34491,-7.06582],[31.34283,-7.06379],[31.34181,-7.06479],[31.33911,-7.0639],[31.33921,-7.06076],[31.33627,-7.05781],[31.33795,-7.05644],[31.33652,-7.05442],[31.33737,-7.05267],[31.33576,-7.05255],[31.33577,-7.05046],[31.33501,-7.05092],[31.33322,-7.04894],[31.33284,-7.05052],[31.33172,-7.05041],[31.32657,-7.04435],[31.32658,-7.04241],[31.32555,-7.04296],[31.32385,-7.0414],[31.32192,-7.04119],[31.32056,-7.03997],[31.32052,-7.03796],[31.31908,-7.03774],[31.31931,-7.03951],[31.31055,-7.03451],[31.30633,-7.03559],[31.30479,-7.03455],[31.30403,-7.03529],[31.29965,-7.0322],[31.29696,-7.00484],[31.29565,-6.9785],[31.2901,-6.95049],[31.28498,-6.93518],[31.28186,-6.88649],[31.28356,-6.8698],[31.28106,-6.84745],[31.28312,-6.79712],[31.28703,-6.75598],[31.28987,-6.75035],[31.29423,-6.71367],[31.29238,-6.7052],[31.29499,-6.69886],[31.29407,-6.69204],[31.2948,-6.68569],[31.29346,-6.66381],[31.29796,-6.65559],[31.30319,-6.64056],[31.30037,-6.62723],[31.29741,-6.62176],[31.29671,-6.61706],[31.30033,-6.60381],[31.30484,-6.5974],[31.30811,-6.59497],[31.3117,-6.58865],[31.311,-6.58529],[31.31152,-6.58213],[31.31389,-6.57748],[31.31574,-6.56733],[31.31431,-6.56116],[31.30655,-6.55189],[31.30657,-6.54463],[31.30099,-6.53355],[31.30051,-6.51651],[31.299,-6.51018],[31.29873,-6.49977],[31.3002,-6.48672],[31.30011,-6.47387],[31.30377,-6.45238],[31.29113,-6.43362],[31.28167,-6.41736],[31.28235,-6.41226],[31.27939,-6.39946],[31.27596,-6.39701],[31.27198,-6.3911],[31.2708,-6.38225],[31.2754,-6.37862],[31.27633,-6.37634],[31.28956,-6.38311],[31.29873,-6.39086],[31.30269,-6.38585],[31.31268,-6.39083],[31.32494,-6.39214],[31.32926,-6.39602],[31.33705,-6.39934],[31.37769,-6.40595],[31.39348,-6.38305],[31.42917,-6.3837],[31.47774,-6.3809],[31.48981,-6.37653],[31.5123,-6.37306]]]},"properties":{"region":"Katavi","district":"Mpanda","ward":"Uruwira (Urwira)","ward_code":"061"}},{"type":"Feature","geometry":{"type":"Polygon","coordinates":[[[30.71283,-5.16726],[30.71296,-5.17643],[30.7239,-5.18376],[30.72363,-5.1901],[30.72973,-5.1993],[30.74106,-5.20201],[30.74434,-5.21338],[30.7591,-5.22319],[30.7729,-5.24182],[30.78976,-5.25268],[30.80083,-5.25566],[30.81641,-5.26401],[30.81816,-5.26285],[30.82397,-5.26297],[30.83432,-5.27244],[30.82542,-5.29235],[30.82904,-5.30366],[30.8309,-5.31581],[30.83375,-5.32491],[30.85024,-5.326],[30.87162,-5.31729],[30.71974,-5.61434],[30.70254,-5.63826],[30.65034,-5.64771],[30.63939,-5.63755],[30.63006,-5.63678],[30.61563,-5.63801],[30.61539,-5.63946],[30.60943,-5.63988],[30.60484,-5.63894],[30.59696,-5.64786],[30.59078,-5.66126],[30.58494,-5.6664],[30.58456,-5.68065],[30.56347,-5.67416],[30.56016,-5.66687],[30.55664,-5.66267],[30.55291,-5.66294],[30.53651,-5.69688],[30.53562,-5.72769],[30.52626,-5.76893],[30.51695,-5.7567],[30.51424,-5.7546],[30.50992,-5.75524],[30.50864,-5.75391],[30.50442,-5.75455],[30.49748,-5.7517],[30.48546,-5.75264],[30.48043,-5.74911],[30.47495,-5.74837],[30.47323,-5.74904],[30.47034,-5.74789],[30.46693,-5.74876],[30.46203,-5.74715],[30.46118,-5.7456],[30.45675,-5.74628],[30.45665,-5.74529],[30.44642,-5.75114],[30.44273,-5.75158],[30.43837,-5.74947],[30.43254,-5.73791],[30.42591,-5.73251],[30.42933,-5.73221],[30.43321,-5.72756],[30.4325,-5.72568],[30.43374,-5.72198],[30.43487,-5.7212],[30.43697,-5.72244],[30.43921,-5.722],[30.43803,-5.71846],[30.43946,-5.71691],[30.44259,-5.71589],[30.44431,-5.71334],[30.44363,-5.7086],[30.44245,-5.70821],[30.44376,-5.70479],[30.44073,-5.69627],[30.44126,-5.69464],[30.45337,-5.69297],[30.45867,-5.68696],[30.45404,-5.67786],[30.45642,-5.67213],[30.45235,-5.66662],[30.45562,-5.66394],[30.45663,-5.66009],[30.45445,-5.65993],[30.45365,-5.65529],[30.45682,-5.64838],[30.4594,-5.64751],[30.46115,-5.64815],[30.46341,-5.64708],[30.46317,-5.64472],[30.46478,-5.64194],[30.46361,-5.64195],[30.46257,-5.6388],[30.46648,-5.63763],[30.46722,-5.63692],[30.46657,-5.63575],[30.4677,-5.63535],[30.46872,-5.63642],[30.46961,-5.63386],[30.46731,-5.63449],[30.4645,-5.63328],[30.46697,-5.63035],[30.46672,-5.62873],[30.4631,-5.626],[30.46314,-5.62226],[30.45524,-5.61902],[30.45467,-5.60814],[30.45575,-5.60181],[30.44618,-5.59269],[30.43845,-5.5744],[30.45371,-5.56174],[30.4702,-5.53565],[30.46856,-5.51944],[30.46341,-5.51017],[30.39978,-5.16998],[30.53674,-5.20051],[30.61092,-5.20161],[30.61343,-5.1979],[30.6174,-5.18156],[30.63382,-5.16659],[30.65152,-5.16974],[30.67492,-5.13316],[30.69149,-5.13674],[30.70586,-5.14166],[30.70837,-5.15861],[30.71283,-5.16726]]]},"properties":{"region":"Katavi","district":"Tanganyika","ward":"Mishamo","ward_code":"011"}},{"type":"Feature","geometry":{"type":"Polygon","coordinates":[[[30.85472,-6.10233],[30.85628,-6.10734],[30.85359,-6.1167],[30.8487,-6.12219],[30.89903,-6.14954],[30.90049,-6.15736],[30.90571,-6.15963],[30.90965,-6.16377],[30.91624,-6.17866],[30.92668,-6.18096],[30.9314,-6.18839],[30.94221,-6.18656],[30.94757,-6.19156],[30.95238,-6.19301],[30.96346,-6.19167],[30.96486,-6.19045],[30.97273,-6.19558],[30.97798,-6.19589],[30.98356,-6.19755],[30.99809,-6.20837],[31.00116,-6.21487],[31.00448,-6.21654],[31.00885,-6.22106],[31.01345,-6.22161],[31.02839,-6.22842],[31.03871,-6.23594],[31.0394,-6.23891],[31.0461,-6.24954],[31.05074,-6.25399],[31.05238,-6.26278],[31.04094,-6.26931],[31.03432,-6.27135],[31.03581,-6.2808],[31.03094,-6.27743],[31.02291,-6.27553],[31.01837,-6.2731],[31.01255,-6.26254],[31.01029,-6.25163],[31.00839,-6.25114],[30.99871,-6.2594],[31.00108,-6.26834],[30.99928,-6.27146],[30.9991,-6.27729],[31.00146,-6.28098],[30.99384,-6.27896],[30.98776,-6.27491],[30.98393,-6.27525],[30.97462,-6.2716],[30.96238,-6.2787],[30.95228,-6.27711],[30.9389,-6.26752],[30.90725,-6.26518],[30.90192,-6.26998],[30.90016,-6.26931],[30.8942,-6.27188],[30.88801,-6.27028],[30.88012,-6.26568],[30.86964,-6.26467],[30.81969,-6.25326],[30.81579,-6.25088],[30.8081,-6.2426],[30.79858,-6.23828],[30.7943,-6.22855],[30.79679,-6.21857],[30.80147,-6.20702],[30.8065,-6.199],[30.81994,-6.1931],[30.82823,-6.19435],[30.83883,-6.19082],[30.8362,-6.1803],[30.80609,-6.15083],[30.78385,-6.12024],[30.79475,-6.11528],[30.80392,-6.11398],[30.81222,-6.11651],[30.82857,-6.10767],[30.83074,-6.10438],[30.84367,-6.10249],[30.85076,-6.10318],[30.85472,-6.10233]]]},"properties":{"region":"Katavi","district":"Tanganyika","ward":"Mpandandogo","ward_code":"021"}},{"type":"Feature","geometry":{"type":"Polygon","coordinates":[[[30.81894,-6.25295],[30.86964,-6.26467],[30.88012,-6.26568],[30.88801,-6.27028],[30.8942,-6.27188],[30.90016,-6.26931],[30.90192,-6.26998],[30.90725,-6.26518],[30.9389,-6.26752],[30.95228,-6.27711],[30.96238,-6.2787],[30.97462,-6.2716],[30.98393,-6.27525],[30.98776,-6.27491],[30.99384,-6.27896],[31.00146,-6.28098],[31.00498,-6.28345],[31.00877,-6.28699],[31.00206,-6.29313],[30.99985,-6.2975],[30.99864,-6.30606],[30.99971,-6.31784],[30.99816,-6.33499],[30.99686,-6.33235],[30.98552,-6.3287],[30.97315,-6.34114],[30.96519,-6.34591],[30.97598,-6.38592],[30.96993,-6.39081],[30.9617,-6.39985],[30.92892,-6.4136],[30.92004,-6.42013],[30.90989,-6.39055],[30.91774,-6.34529],[30.8719,-6.33433],[30.86866,-6.33263],[30.86513,-6.33321],[30.85964,-6.33139],[30.84794,-6.33216],[30.82569,-6.32278],[30.80963,-6.31944],[30.80975,-6.31386],[30.79258,-6.28314],[30.79022,-6.23946],[30.7943,-6.22855],[30.79858,-6.23828],[30.8081,-6.2426],[30.81579,-6.25088],[30.81894,-6.25295]]]},"properties":{"region":"Katavi","district":"Tanganyika","ward":"Kabungu","ward_code":"051"}},{"type":"Feature","geometry":{"type":"Polygon","coordinates":[[[30.39978,-5.16998],[30.46341,-5.51017],[30.46856,-5.51944],[30.4702,-5.53565],[30.46185,-5.54954],[30.45371,-5.56174],[30.42345,-5.56378],[30.34959,-5.59723],[30.34235,-5.60799],[30.34097,-5.61334],[30.337,-5.61475],[30.33627,-5.61823],[30.32766,-5.62554],[30.32673,-5.62839],[30.32027,-5.63256],[30.31656,-5.63255],[30.31558,-5.63383],[30.31045,-5.63571],[30.31009,-5.64021],[30.30701,-5.64386],[30.30513,-5.64473],[30.30257,-5.6433],[30.30052,-5.64616],[30.29553,-5.6461],[30.29333,-5.64078],[30.28907,-5.63932],[30.27922,-5.62409],[30.27563,-5.6237],[30.27284,-5.62125],[30.26667,-5.6208],[30.26403,-5.61963],[30.26215,-5.62112],[30.26025,-5.62029],[30.25458,-5.62063],[30.25359,-5.61581],[30.25202,-5.61502],[30.24913,-5.61542],[30.24839,-5.61208],[30.24515,-5.61293],[30.24491,-5.61067],[30.24379,-5.61095],[30.2439,-5.61343],[30.24265,-5.61441],[30.24013,-5.61399],[30.23805,-5.61634],[30.23793,-5.61854],[30.23566,-5.61827],[30.23214,-5.62248],[30.22969,-5.62323],[30.2286,-5.62058],[30.23,-5.61639],[30.22774,-5.61619],[30.22555,-5.61286],[30.22419,-5.61512],[30.22048,-5.6175],[30.22129,-5.61914],[30.21493,-5.62508],[30.20821,-5.62619],[30.20527,-5.62508],[30.20363,-5.62637],[30.20218,-5.62629],[30.20086,-5.62833],[30.20264,-5.62841],[30.20463,-5.63201],[30.09637,-5.67385],[30.09074,-5.66819],[30.08755,-5.6621],[30.08761,-5.64911],[30.0911,-5.63036],[30.08836,-5.61279],[30.08511,-5.60384],[30.08681,-5.60013],[30.08454,-5.59582],[30.08175,-5.59481],[30.0828,-5.59314],[30.08229,-5.59255],[30.08029,-5.59454],[30.07769,-5.59363],[30.07613,-5.59426],[30.07582,-5.59349],[30.07625,-5.59235],[30.07769,-5.59204],[30.0769,-5.58991],[30.07985,-5.58922],[30.07972,-5.58723],[30.082,-5.58661],[30.0815,-5.58461],[30.08288,-5.58425],[30.08177,-5.58129],[30.07935,-5.58236],[30.07837,-5.58492],[30.07621,-5.58261],[30.07604,-5.57645],[30.06865,-5.57596],[30.06723,-5.57717],[30.06596,-5.57636],[30.06517,-5.57709],[30.0655,-5.57844],[30.06371,-5.57911],[30.06484,-5.58222],[30.06343,-5.5837],[30.06387,-5.58503],[30.0622,-5.58558],[30.06133,-5.58491],[30.06179,-5.58343],[30.05943,-5.5827],[30.05851,-5.58141],[30.05373,-5.58165],[30.04818,-5.57888],[30.04577,-5.58099],[30.04476,-5.58089],[30.0425,-5.57572],[30.03632,-5.57535],[30.03151,-5.57395],[30.02727,-5.57674],[30.02656,-5.57628],[30.02693,-5.57233],[30.02557,-5.57085],[30.02656,-5.5679],[30.02547,-5.56597],[30.02946,-5.55753],[30.03127,-5.55567],[30.03242,-5.55175],[30.03509,-5.55014],[30.03258,-5.54337],[30.03089,-5.54258],[30.02886,-5.54409],[30.02046,-5.5542],[30.01449,-5.55608],[30.01259,-5.55067],[30.01457,-5.54795],[30.01829,-5.54655],[30.02072,-5.5404],[30.02357,-5.53801],[30.02328,-5.53703],[30.01999,-5.53516],[30.01189,-5.54042],[30.00952,-5.53851],[30.01065,-5.5332],[30.01203,-5.53177],[30.01159,-5.53092],[30.00752,-5.5315],[30.00408,-5.53453],[30.00144,-5.53304],[30.0042,-5.5295],[30.00468,-5.52347],[30.01435,-5.5162],[30.02375,-5.5126],[30.02877,-5.50784],[30.03747,-5.50314],[30.04049,-5.49897],[30.04338,-5.49364],[30.04458,-5.48894],[30.04109,-5.48318],[30.04421,-5.45905],[30.04122,-5.45629],[30.02849,-5.44918],[30.00925,-5.44178],[29.99415,-5.44027],[29.97066,-5.42331],[29.955,-5.40365],[29.93448,-5.36557],[29.97845,-5.36284],[30.0192,-5.36534],[30.04179,-5.35743],[30.07983,-5.33678],[30.09585,-5.30892],[30.0981,-5.30214],[30.0976,-5.29705],[30.09308,-5.28789],[30.09988,-5.25515],[30.10321,-5.22652],[30.10293,-5.21521],[30.10463,-5.20739],[30.10537,-5.19285],[30.11772,-5.18634],[30.12073,-5.18541],[30.1235,-5.18588],[30.12896,-5.18848],[30.13589,-5.18905],[30.14623,-5.19403],[30.15002,-5.19446],[30.16397,-5.18859],[30.16813,-5.18904],[30.17061,-5.19455],[30.16931,-5.20678],[30.1719,-5.21568],[30.1678,-5.22342],[30.16726,-5.22809],[30.1712,-5.23441],[30.17607,-5.23862],[30.17886,-5.23901],[30.1887,-5.236],[30.1885,-5.23385],[30.1887,-5.23603],[30.20072,-5.23135],[30.22189,-5.22843],[30.22885,-5.22319],[30.23086,-5.208],[30.23722,-5.19783],[30.23912,-5.18354],[30.24269,-5.1768],[30.27239,-5.17295],[30.33835,-5.17239],[30.39978,-5.16998]]]},"properties":{"region":"Katavi","district":"Tanganyika","ward":"Ilangu","ward_code":"101"}},{"type":"Feature","geometry":{"type":"Polygon","coordinates":[[[30.9642,-5.31374],[30.98132,-5.34804],[31.01013,-5.35225],[31.01483,-5.34936],[31.01722,-5.35345],[31.01182,-5.3692],[30.99613,-5.38022],[31.00925,-5.39134],[31.01533,-5.39381],[31.01975,-5.39326],[31.03232,-5.40293],[31.03427,-5.40626],[31.03277,-5.41017],[31.03555,-5.4115],[31.04062,-5.42077],[31.04503,-5.4222],[31.0471,-5.42643],[31.05659,-5.43518],[31.04711,-5.45304],[31.04739,-5.45593],[31.04867,-5.46014],[31.05393,-5.46484],[31.05462,-5.47135],[31.05654,-5.47398],[31.05461,-5.4778],[31.05638,-5.48787],[31.06035,-5.4915],[31.06109,-5.49485],[31.0713,-5.50654],[31.07103,-5.5217],[31.06535,-5.52707],[31.05929,-5.52994],[31.03992,-5.55067],[31.03859,-5.5587],[31.04811,-5.57778],[31.06077,-5.59113],[31.09485,-5.61281],[31.0795,-5.62978],[31.07751,-5.64191],[31.08334,-5.64864],[31.08351,-5.65421],[31.08146,-5.66181],[31.08202,-5.67386],[31.0798,-5.67671],[31.08346,-5.68501],[31.08065,-5.69313],[31.0748,-5.6979],[31.06369,-5.70144],[31.04856,-5.6989],[31.01927,-5.66486],[30.99703,-5.66605],[30.97698,-5.66219],[30.96547,-5.67048],[30.9553,-5.67041],[30.93453,-5.67687],[30.92492,-5.67608],[30.9103,-5.68381],[30.89978,-5.68156],[30.8781,-5.68198],[30.85699,-5.67398],[30.84654,-5.67805],[30.82804,-5.69663],[30.82369,-5.72864],[30.73033,-5.84601],[30.6121,-5.8911],[30.51371,-6.08998],[30.41423,-5.93876],[30.36443,-5.77572],[30.34315,-5.75011],[30.32255,-5.72266],[30.42591,-5.73251],[30.43254,-5.73791],[30.43837,-5.74947],[30.44273,-5.75158],[30.44642,-5.75114],[30.45665,-5.74529],[30.45675,-5.74628],[30.46118,-5.7456],[30.46203,-5.74715],[30.46693,-5.74876],[30.47034,-5.74789],[30.47323,-5.74904],[30.47495,-5.74837],[30.48043,-5.74911],[30.48546,-5.75264],[30.49748,-5.7517],[30.50442,-5.75455],[30.50864,-5.75391],[30.50992,-5.75524],[30.51424,-5.7546],[30.51695,-5.7567],[30.52626,-5.76893],[30.53562,-5.72769],[30.53651,-5.69688],[30.55291,-5.66294],[30.55664,-5.66267],[30.56016,-5.66687],[30.56347,-5.67416],[30.58456,-5.68065],[30.58494,-5.6664],[30.59078,-5.66126],[30.59696,-5.64786],[30.60484,-5.63894],[30.60943,-5.63988],[30.61539,-5.63946],[30.61563,-5.63801],[30.63006,-5.63678],[30.63939,-5.63755],[30.65034,-5.64771],[30.70254,-5.63826],[30.71974,-5.61434],[30.87162,-5.31729],[30.90327,-5.31944],[30.91264,-5.29216],[30.96043,-5.27049],[30.9655,-5.28545],[30.9642,-5.31374]]]},"properties":{"region":"Katavi","district":"Tanganyika","ward":"Bulamata","ward_code":"111"}},{"type":"Feature","geometry":{"type":"Polygon","coordinates":[[[30.46697,-5.63035],[30.4645,-5.63328],[30.46731,-5.63449],[30.46929,-5.63357],[30.46935,-5.63539],[30.46872,-5.63642],[30.4677,-5.63535],[30.46657,-5.63575],[30.46722,-5.63692],[30.46648,-5.63763],[30.46257,-5.6388],[30.46361,-5.64195],[30.46478,-5.64194],[30.46317,-5.64472],[30.46341,-5.64708],[30.46115,-5.64815],[30.4594,-5.64751],[30.45682,-5.64838],[30.45365,-5.65529],[30.45445,-5.65993],[30.45663,-5.66009],[30.45562,-5.66394],[30.45235,-5.66662],[30.45642,-5.67213],[30.45404,-5.67786],[30.45867,-5.68696],[30.45337,-5.69297],[30.44126,-5.69464],[30.44073,-5.69627],[30.44376,-5.70479],[30.44245,-5.70821],[30.44363,-5.7086],[30.44431,-5.71334],[30.44259,-5.71589],[30.43946,-5.71691],[30.43803,-5.71846],[30.43921,-5.722],[30.43697,-5.72244],[30.43487,-5.7212],[30.43374,-5.72198],[30.4325,-5.72568],[30.43321,-5.72756],[30.42933,-5.73221],[30.32255,-5.72266],[30.3154,-5.72778],[30.30876,-5.72546],[30.30633,-5.72562],[30.30561,-5.72445],[30.30159,-5.72654],[30.2997,-5.72437],[30.30073,-5.72249],[30.30033,-5.7215],[30.29738,-5.72216],[30.28991,-5.71392],[30.28862,-5.71444],[30.28723,-5.71687],[30.28835,-5.71845],[30.28713,-5.7203],[30.28558,-5.72803],[30.28381,-5.73102],[30.28176,-5.73125],[30.27927,-5.72945],[30.2807,-5.72487],[30.28209,-5.7228],[30.28545,-5.72059],[30.28253,-5.71889],[30.28425,-5.71307],[30.28345,-5.71214],[30.28133,-5.71113],[30.27832,-5.71637],[30.2729,-5.71989],[30.27159,-5.71844],[30.27244,-5.71665],[30.27724,-5.71225],[30.2764,-5.70888],[30.27468,-5.707],[30.27304,-5.70731],[30.26877,-5.71179],[30.26627,-5.71285],[30.26538,-5.71161],[30.26595,-5.70616],[30.26881,-5.70482],[30.2633,-5.7043],[30.25931,-5.70244],[30.2546,-5.705],[30.23505,-5.69521],[30.1315,-5.72104],[30.13224,-5.71292],[30.13063,-5.70943],[30.12026,-5.69824],[30.11357,-5.69264],[30.09637,-5.67385],[30.20463,-5.63201],[30.20264,-5.62841],[30.20086,-5.62833],[30.20218,-5.62629],[30.20363,-5.62637],[30.20527,-5.62508],[30.20821,-5.62619],[30.21493,-5.62508],[30.22129,-5.61914],[30.22048,-5.6175],[30.22419,-5.61512],[30.22555,-5.61286],[30.22774,-5.61619],[30.23,-5.61639],[30.2286,-5.62058],[30.22969,-5.62323],[30.23214,-5.62248],[30.23566,-5.61827],[30.23793,-5.61854],[30.23805,-5.61634],[30.24013,-5.61399],[30.24265,-5.61441],[30.2439,-5.61343],[30.24379,-5.61095],[30.24491,-5.61067],[30.24515,-5.61293],[30.24839,-5.61208],[30.24913,-5.61542],[30.25202,-5.61502],[30.25359,-5.61581],[30.25458,-5.62063],[30.26025,-5.62029],[30.26215,-5.62112],[30.26403,-5.61963],[30.26667,-5.6208],[30.27284,-5.62125],[30.27563,-5.6237],[30.27922,-5.62409],[30.28907,-5.63932],[30.29333,-5.64078],[30.29553,-5.6461],[30.30052,-5.64616],[30.30257,-5.6433],[30.30513,-5.64473],[30.30701,-5.64386],[30.31009,-5.64021],[30.31045,-5.63571],[30.31558,-5.63383],[30.31656,-5.63255],[30.32027,-5.63256],[30.32673,-5.62839],[30.32766,-5.62554],[30.33627,-5.61823],[30.337,-5.61475],[30.34097,-5.61334],[30.34235,-5.60799],[30.34959,-5.59723],[30.42345,-5.56378],[30.45371,-5.56174],[30.43845,-5.5744],[30.44618,-5.59269],[30.45575,-5.60181],[30.45467,-5.60814],[30.45524,-5.61902],[30.46314,-5.62226],[30.4631,-5.626],[30.46672,-5.62873],[30.46697,-5.63035]]]},"properties":{"region":"Katavi","district":"Tanganyika","ward":"Ipwaga","ward_code":"121"}},{"type":"Feature","geometry":{"type":"Polygon","coordinates":[[[30.97698,-5.66219],[30.99703,-5.66605],[31.01927,-5.66486],[31.04856,-5.6989],[31.06369,-5.70144],[31.0748,-5.6979],[31.07509,-5.70278],[31.07108,-5.70978],[31.07093,-5.71534],[31.07415,-5.72758],[31.06409,-5.72941],[31.05415,-5.74016],[31.06265,-5.75425],[31.0662,-5.78977],[31.03062,-5.83585],[31.04947,-5.86033],[31.02921,-5.87752],[31.01021,-5.91064],[31.00199,-5.91628],[30.99092,-5.92739],[30.98404,-5.93045],[30.97975,-5.93783],[30.98301,-5.94093],[30.98733,-5.94192],[30.98965,-5.944],[30.97948,-6.0821],[30.99024,-6.11606],[30.99529,-6.1201],[31.01397,-6.16372],[31.02601,-6.17143],[31.03358,-6.18307],[31.04415,-6.17937],[31.05284,-6.1827],[31.05793,-6.19947],[31.06404,-6.21096],[31.06136,-6.21407],[31.06227,-6.21903],[31.06141,-6.22303],[31.05951,-6.22536],[31.05342,-6.22822],[31.05074,-6.22374],[31.04208,-6.2224],[31.03916,-6.22418],[31.03488,-6.22458],[31.03294,-6.2275],[31.0322,-6.23121],[31.02839,-6.22842],[31.01345,-6.22161],[31.00885,-6.22106],[31.00448,-6.21654],[31.00116,-6.21487],[30.99809,-6.20837],[30.98356,-6.19755],[30.97798,-6.19589],[30.97273,-6.19558],[30.96486,-6.19045],[30.96346,-6.19167],[30.95238,-6.19301],[30.94757,-6.19156],[30.94221,-6.18656],[30.9314,-6.18839],[30.92668,-6.18096],[30.91624,-6.17866],[30.90965,-6.16377],[30.90571,-6.15963],[30.90049,-6.15736],[30.89903,-6.14954],[30.8487,-6.12219],[30.85359,-6.1167],[30.85628,-6.10734],[30.85472,-6.10233],[30.85076,-6.10318],[30.84367,-6.10249],[30.83074,-6.10438],[30.82857,-6.10767],[30.81222,-6.11651],[30.80392,-6.11398],[30.79359,-6.10509],[30.78491,-6.10218],[30.78244,-6.09835],[30.77969,-6.09849],[30.77309,-6.09391],[30.76836,-6.09564],[30.76063,-6.09659],[30.75611,-6.09269],[30.74789,-6.09016],[30.73384,-6.09365],[30.71936,-6.10326],[30.71294,-6.10243],[30.69273,-6.10846],[30.54399,-6.14465],[30.53168,-6.11817],[30.5289,-6.10827],[30.5234,-6.10275],[30.51371,-6.08998],[30.6121,-5.8911],[30.73033,-5.84601],[30.82369,-5.72864],[30.82804,-5.69663],[30.84654,-5.67805],[30.85699,-5.67398],[30.8781,-5.68198],[30.89978,-5.68156],[30.9103,-5.68381],[30.92492,-5.67608],[30.93453,-5.67687],[30.9553,-5.67041],[30.96547,-5.67048],[30.97698,-5.66219]]]},"properties":{"region":"Katavi","district":"Tanganyika","ward":"Tongwe","ward_code":"131"}},{"type":"Feature","geometry":{"type":"Polygon","coordinates":[[[30.82569,-6.32278],[30.84794,-6.33216],[30.85964,-6.33139],[30.86513,-6.33321],[30.86866,-6.33263],[30.8719,-6.33433],[30.91774,-6.34529],[30.90989,-6.39055],[30.92004,-6.42013],[30.90575,-6.44253],[30.87945,-6.43611],[30.87246,-6.44182],[30.86826,-6.45356],[30.85745,-6.47037],[30.85537,-6.48119],[30.85329,-6.48699],[30.84724,-6.49766],[30.84558,-6.4962],[30.8451,-6.49204],[30.84577,-6.49094],[30.84352,-6.4898],[30.84317,-6.49041],[30.83924,-6.48776],[30.83858,-6.4835],[30.83783,-6.48388],[30.83431,-6.48019],[30.82951,-6.4804],[30.82777,-6.47794],[30.82744,-6.47402],[30.82485,-6.47226],[30.82169,-6.467],[30.82123,-6.4633],[30.82253,-6.45929],[30.82256,-6.4525],[30.821,-6.45049],[30.80855,-6.44283],[30.8021,-6.44376],[30.79832,-6.44632],[30.79511,-6.44422],[30.7911,-6.4434],[30.78949,-6.44403],[30.7882,-6.4429],[30.78583,-6.44345],[30.78433,-6.44088],[30.78321,-6.44142],[30.78191,-6.44007],[30.77744,-6.43935],[30.77313,-6.43024],[30.77364,-6.42713],[30.77274,-6.42616],[30.77432,-6.42489],[30.77534,-6.42175],[30.76537,-6.41307],[30.76769,-6.40677],[30.76291,-6.39747],[30.75914,-6.39412],[30.7876,-6.38287],[30.78336,-6.36719],[30.78631,-6.35493],[30.80214,-6.33994],[30.80963,-6.31944],[30.82569,-6.32278]]]},"properties":{"region":"Katavi","district":"Tanganyika","ward":"Mnyagala","ward_code":"141"}},{"type":"Feature","geometry":{"type":"Polygon","coordinates":[[[30.23505,-5.69521],[30.2546,-5.705],[30.25931,-5.70244],[30.2633,-5.7043],[30.26881,-5.70482],[30.26595,-5.70616],[30.26538,-5.71161],[30.26627,-5.71285],[30.26877,-5.71179],[30.27304,-5.70731],[30.27468,-5.707],[30.2764,-5.70888],[30.27724,-5.71225],[30.27244,-5.71665],[30.27159,-5.71844],[30.2729,-5.71989],[30.27832,-5.71637],[30.28133,-5.71113],[30.28345,-5.71214],[30.28425,-5.71307],[30.28253,-5.71889],[30.28545,-5.72059],[30.28209,-5.7228],[30.2807,-5.72487],[30.27927,-5.72945],[30.28176,-5.73125],[30.28381,-5.73102],[30.28558,-5.72803],[30.28713,-5.7203],[30.28835,-5.71845],[30.28723,-5.71687],[30.28862,-5.71444],[30.28991,-5.71392],[30.29738,-5.72216],[30.30033,-5.7215],[30.30073,-5.72249],[30.2997,-5.72437],[30.30159,-5.72654],[30.30561,-5.72445],[30.30633,-5.72562],[30.30876,-5.72546],[30.3154,-5.72778],[30.32255,-5.72266],[30.34315,-5.75011],[30.36443,-5.77572],[30.41423,-5.93876],[30.51371,-6.08998],[30.5234,-6.10275],[30.5289,-6.10827],[30.53168,-6.11817],[30.54399,-6.14465],[30.5662,-6.24226],[30.56549,-6.2553],[30.50759,-6.31264],[30.54217,-6.49081],[30.2803,-6.48794],[30.28816,-6.48385],[30.29055,-6.48133],[30.29244,-6.48187],[30.29256,-6.47711],[30.29538,-6.47712],[30.29456,-6.47308],[30.29749,-6.47185],[30.29914,-6.47279],[30.29963,-6.47443],[30.3029,-6.47527],[30.30582,-6.47225],[30.30604,-6.47141],[30.30448,-6.47063],[30.30525,-6.46366],[30.30241,-6.46331],[30.30213,-6.46186],[30.30076,-6.4616],[30.30088,-6.45978],[30.29838,-6.45595],[30.29988,-6.45215],[30.30681,-6.45107],[30.31258,-6.44549],[30.31654,-6.4481],[30.32303,-6.44454],[30.32423,-6.44628],[30.33075,-6.4438],[30.33574,-6.44442],[30.34791,-6.43791],[30.34781,-6.43599],[30.3494,-6.43521],[30.34963,-6.4324],[30.35122,-6.4321],[30.35049,-6.42975],[30.35257,-6.4278],[30.35397,-6.42385],[30.35383,-6.42108],[30.35753,-6.41618],[30.36141,-6.41379],[30.36519,-6.41305],[30.37267,-6.41908],[30.37781,-6.41911],[30.38316,-6.41704],[30.38795,-6.41143],[30.38926,-6.41098],[30.38923,-6.40992],[30.39394,-6.40394],[30.3933,-6.40092],[30.39172,-6.39939],[30.39226,-6.39758],[30.3889,-6.38662],[30.39015,-6.38526],[30.39006,-6.38321],[30.39162,-6.38209],[30.39145,-6.37551],[30.38946,-6.37282],[30.38974,-6.36742],[30.38905,-6.36585],[30.38965,-6.36137],[30.39304,-6.35302],[30.39161,-6.34481],[30.39403,-6.34379],[30.39451,-6.34092],[30.3934,-6.33718],[30.38891,-6.33424],[30.38735,-6.33197],[30.37877,-6.32697],[30.37245,-6.32012],[30.37402,-6.31826],[30.37307,-6.31348],[30.37875,-6.31051],[30.37913,-6.30871],[30.38024,-6.30898],[30.38014,-6.30697],[30.38164,-6.30655],[30.38126,-6.3056],[30.38214,-6.30497],[30.38063,-6.30274],[30.38076,-6.29985],[30.37934,-6.29864],[30.38056,-6.29885],[30.3754,-6.29234],[30.37556,-6.29116],[30.37693,-6.29154],[30.37613,-6.28983],[30.37868,-6.28504],[30.38132,-6.28541],[30.38575,-6.28342],[30.38669,-6.28067],[30.38895,-6.27995],[30.36278,-6.26115],[30.34668,-6.25296],[30.32742,-6.25284],[30.31312,-6.24501],[30.29478,-6.24021],[30.23796,-6.20938],[30.23802,-6.15215],[30.23633,-6.14928],[30.21552,-6.00658],[30.21493,-5.99651],[30.18707,-5.96144],[30.1918,-5.91519],[30.18326,-5.87777],[30.18289,-5.85696],[30.18095,-5.85255],[30.18076,-5.8488],[30.18347,-5.84374],[30.18391,-5.84044],[30.18762,-5.83475],[30.18701,-5.8317],[30.18809,-5.82833],[30.18279,-5.82415],[30.18118,-5.81926],[30.17853,-5.81843],[30.17833,-5.81228],[30.18001,-5.8066],[30.17745,-5.80195],[30.17109,-5.80021],[30.16898,-5.79425],[30.16437,-5.79125],[30.15713,-5.78026],[30.14609,-5.77912],[30.15314,-5.76353],[30.14813,-5.74663],[30.1424,-5.73308],[30.13543,-5.72338],[30.1315,-5.72104],[30.23505,-5.69521]]]},"properties":{"region":"Katavi","district":"Tanganyika","ward":"Mwese","ward_code":"031"}},{"type":"Feature","geometry":{"type":"Polygon","coordinates":[[[30.76063,-6.09659],[30.76836,-6.09564],[30.77309,-6.09391],[30.77969,-6.09849],[30.78244,-6.09835],[30.78491,-6.10218],[30.79359,-6.10509],[30.80392,-6.11398],[30.79475,-6.11528],[30.78385,-6.12024],[30.80609,-6.15083],[30.8362,-6.1803],[30.83883,-6.19082],[30.82823,-6.19435],[30.81994,-6.1931],[30.8065,-6.199],[30.80147,-6.20702],[30.79679,-6.21857],[30.79343,-6.23204],[30.79022,-6.23946],[30.79258,-6.28314],[30.80975,-6.31386],[30.80963,-6.31944],[30.80214,-6.33994],[30.78631,-6.35493],[30.78336,-6.36719],[30.7876,-6.38287],[30.75914,-6.39412],[30.74418,-6.41287],[30.73799,-6.41424],[30.73431,-6.41305],[30.73238,-6.41089],[30.73103,-6.41219],[30.7284,-6.41139],[30.72797,-6.41016],[30.72449,-6.40945],[30.70944,-6.43979],[30.65662,-6.41657],[30.54217,-6.49081],[30.50759,-6.31264],[30.56549,-6.2553],[30.5662,-6.24226],[30.54399,-6.14465],[30.69273,-6.10846],[30.71294,-6.10243],[30.71936,-6.10326],[30.73384,-6.09365],[30.74789,-6.09016],[30.75611,-6.09269],[30.76063,-6.09659]]]},"properties":{"region":"Katavi","district":"Tanganyika","ward":"Katuma","ward_code":"041"}},{"type":"Feature","geometry":{"type":"Polygon","coordinates":[[[30.76537,-6.41307],[30.77534,-6.42175],[30.77432,-6.42489],[30.77274,-6.42616],[30.77364,-6.42713],[30.77313,-6.43024],[30.77744,-6.43935],[30.78191,-6.44007],[30.78321,-6.44142],[30.78433,-6.44088],[30.78583,-6.44345],[30.7882,-6.4429],[30.78949,-6.44403],[30.7911,-6.4434],[30.79511,-6.44422],[30.79832,-6.44632],[30.8021,-6.44376],[30.80855,-6.44283],[30.821,-6.45049],[30.82256,-6.4525],[30.82253,-6.45929],[30.82123,-6.4633],[30.82169,-6.467],[30.82485,-6.47226],[30.82744,-6.47402],[30.82777,-6.47794],[30.82951,-6.4804],[30.83431,-6.48019],[30.83783,-6.48388],[30.83896,-6.48388],[30.83845,-6.48531],[30.83924,-6.48776],[30.84317,-6.49041],[30.84352,-6.4898],[30.84577,-6.49094],[30.8451,-6.49204],[30.84621,-6.49742],[30.85125,-6.49821],[30.8545,-6.49608],[30.85636,-6.49652],[30.85895,-6.50143],[30.86105,-6.50327],[30.86062,-6.50723],[30.86247,-6.50809],[30.86518,-6.51829],[30.86912,-6.51567],[30.87238,-6.51636],[30.87449,-6.51514],[30.87783,-6.51531],[30.87889,-6.51665],[30.88153,-6.51592],[30.88394,-6.51434],[30.88425,-6.51242],[30.88594,-6.51072],[30.88828,-6.51038],[30.88914,-6.51088],[30.88906,-6.51272],[30.89186,-6.51466],[30.8915,-6.51639],[30.89297,-6.51832],[30.8959,-6.51882],[30.90057,-6.51732],[30.90387,-6.52285],[30.9055,-6.52799],[30.90502,-6.53197],[30.90887,-6.53739],[30.91589,-6.54241],[30.93212,-6.56127],[30.93712,-6.56413],[30.93879,-6.56932],[30.94132,-6.57263],[30.94781,-6.57345],[30.94886,-6.57464],[30.95117,-6.57383],[30.95495,-6.57561],[30.95558,-6.57703],[30.95841,-6.57782],[30.96094,-6.58888],[30.96344,-6.59303],[30.96113,-6.59441],[30.96277,-6.59519],[30.96692,-6.60212],[30.96079,-6.61003],[30.96166,-6.61268],[30.96097,-6.61583],[30.96313,-6.61771],[30.96444,-6.62059],[30.96563,-6.61917],[30.96704,-6.62087],[30.9658,-6.62291],[30.96803,-6.62543],[30.9692,-6.62374],[30.9707,-6.62467],[30.9696,-6.62601],[30.97141,-6.62669],[30.97351,-6.62575],[30.97256,-6.62819],[30.97389,-6.62821],[30.97407,-6.62968],[30.97581,-6.63035],[30.97507,-6.63501],[30.97076,-6.63821],[30.96998,-6.64057],[30.97092,-6.64728],[30.97158,-6.64861],[30.97317,-6.64898],[30.97549,-6.64607],[30.97677,-6.64551],[30.97799,-6.64654],[30.97833,-6.65197],[30.98318,-6.65532],[30.98198,-6.66028],[30.98438,-6.66234],[30.98431,-6.66618],[30.98994,-6.66774],[30.98874,-6.67378],[30.99123,-6.67937],[30.99601,-6.68625],[30.99605,-6.68891],[30.99193,-6.6953],[30.99119,-6.70175],[30.98748,-6.70691],[30.98579,-6.70695],[30.98226,-6.70443],[30.98083,-6.70483],[30.97954,-6.70718],[30.97687,-6.71997],[30.98167,-6.72434],[30.97986,-6.72772],[30.97147,-6.73741],[30.96971,-6.74201],[30.97082,-6.74729],[30.97344,-6.75011],[30.97719,-6.75219],[30.97682,-6.75461],[30.96378,-6.76585],[30.96339,-6.77094],[30.96133,-6.77081],[30.95609,-6.77541],[30.95607,-6.7788],[30.95133,-6.7817],[30.93783,-6.79956],[30.93652,-6.80377],[30.9305,-6.81119],[30.92625,-6.81958],[30.92912,-6.83109],[30.92887,-6.8497],[30.93096,-6.85392],[30.93076,-6.86282],[30.93542,-6.87158],[30.93486,-6.88841],[30.93726,-6.89635],[30.93333,-6.90556],[30.93331,-6.90976],[30.93575,-6.93534],[30.93114,-6.93606],[30.85039,-6.91808],[30.82385,-6.91649],[30.82233,-6.92084],[30.74714,-6.68246],[30.74584,-6.6137],[30.74699,-6.55473],[30.7195,-6.53783],[30.71266,-6.52676],[30.70966,-6.52408],[30.70025,-6.4964],[30.70596,-6.47649],[30.70944,-6.43979],[30.72449,-6.40945],[30.72797,-6.41016],[30.7284,-6.41139],[30.73103,-6.41219],[30.73238,-6.41089],[30.73431,-6.41305],[30.73799,-6.41424],[30.74418,-6.41287],[30.75914,-6.39412],[30.76291,-6.39747],[30.76769,-6.40677],[30.76537,-6.41307]]]},"properties":{"region":"Katavi","district":"Tanganyika","ward":"Sibwesa","ward_code":"061"}},{"type":"Feature","geometry":{"type":"Polygon","coordinates":[[[30.80386,-6.98981],[30.80413,-6.99677],[30.7825,-6.97826],[30.7669,-6.94588],[30.66709,-6.77706],[30.6653,-6.76986],[30.66279,-6.7647],[30.6569,-6.75744],[30.64856,-6.7544],[30.64687,-6.74903],[30.64885,-6.73854],[30.64645,-6.70166],[30.64637,-6.6738],[30.6419,-6.66692],[30.64043,-6.66155],[30.63251,-6.65766],[30.63167,-6.65465],[30.62889,-6.65292],[30.62762,-6.65077],[30.62254,-6.63639],[30.62273,-6.62527],[30.59227,-6.55943],[30.54217,-6.49081],[30.65662,-6.41657],[30.70944,-6.43979],[30.70596,-6.47649],[30.70025,-6.4964],[30.70966,-6.52408],[30.71266,-6.52676],[30.7195,-6.53783],[30.74699,-6.55473],[30.74584,-6.6137],[30.74714,-6.68246],[30.82233,-6.92084],[30.81782,-6.94282],[30.81019,-6.96147],[30.81144,-6.96926],[30.80698,-6.97818],[30.80386,-6.98981]]]},"properties":{"region":"Katavi","district":"Tanganyika","ward":"Kasekese","ward_code":"151"}},{"type":"Feature","geometry":{"type":"Polygon","coordinates":[[[30.62273,-6.62527],[30.51862,-6.74818],[30.47174,-6.74783],[30.45873,-6.75956],[30.45815,-6.76317],[30.45205,-6.76355],[30.44845,-6.76174],[30.44807,-6.76037],[30.44361,-6.7574],[30.44176,-6.75708],[30.44082,-6.75726],[30.43239,-6.76941],[30.40577,-6.77246],[30.40739,-6.76537],[30.40753,-6.75522],[30.40675,-6.75134],[30.40342,-6.74497],[30.3962,-6.73922],[30.39777,-6.73831],[30.39719,-6.73684],[30.39892,-6.73712],[30.39953,-6.73256],[30.40174,-6.7309],[30.40117,-6.72972],[30.40505,-6.7271],[30.40674,-6.7242],[30.40918,-6.72407],[30.40941,-6.72208],[30.4127,-6.72203],[30.41662,-6.70854],[30.41622,-6.7026],[30.41851,-6.69737],[30.41822,-6.69417],[30.41938,-6.69377],[30.42408,-6.67468],[30.45608,-6.60982],[30.54217,-6.49081],[30.59227,-6.55943],[30.62273,-6.62527]]]},"properties":{"region":"Katavi","district":"Tanganyika","ward":"Ikola","ward_code":"073"}},{"type":"Feature","geometry":{"type":"Polygon","coordinates":[[[30.4432,-6.75717],[30.45205,-6.76355],[30.45815,-6.76317],[30.45688,-6.76597],[30.45749,-6.7736],[30.47465,-6.78763],[30.47969,-6.79872],[30.4717,-6.80666],[30.4723,-6.80909],[30.47378,-6.81009],[30.47379,-6.81324],[30.47006,-6.81422],[30.46814,-6.81638],[30.46755,-6.81882],[30.46813,-6.82539],[30.47321,-6.84645],[30.50466,-6.88045],[30.54967,-6.95079],[30.5431,-6.94549],[30.54212,-6.94632],[30.53743,-6.9412],[30.53627,-6.94077],[30.53467,-6.94171],[30.5303,-6.93695],[30.52453,-6.93685],[30.52362,-6.93528],[30.51681,-6.93062],[30.51058,-6.92368],[30.5057,-6.91636],[30.49218,-6.90205],[30.48693,-6.89502],[30.48338,-6.89117],[30.47609,-6.88612],[30.47051,-6.87779],[30.47086,-6.87676],[30.46802,-6.87558],[30.46307,-6.86863],[30.46188,-6.86498],[30.46259,-6.86312],[30.45658,-6.85853],[30.45447,-6.85458],[30.45218,-6.85247],[30.44986,-6.84315],[30.45072,-6.8419],[30.44843,-6.83978],[30.44861,-6.83803],[30.44672,-6.83698],[30.44753,-6.83562],[30.44408,-6.82809],[30.41878,-6.81758],[30.40264,-6.80757],[30.39759,-6.80319],[30.39872,-6.80253],[30.40099,-6.80379],[30.40224,-6.79972],[30.4022,-6.79701],[30.39766,-6.79454],[30.40299,-6.78203],[30.40577,-6.77246],[30.43239,-6.76941],[30.44082,-6.75726],[30.4432,-6.75717]]]},"properties":{"region":"Katavi","district":"Tanganyika","ward":"Karema","ward_code":"083"}},{"type":"Feature","geometry":{"type":"Polygon","coordinates":[[[30.64864,-6.73962],[30.64687,-6.74903],[30.64856,-6.7544],[30.6569,-6.75744],[30.66279,-6.7647],[30.6653,-6.76986],[30.66709,-6.77706],[30.7669,-6.94588],[30.61814,-6.952],[30.54967,-6.95079],[30.50466,-6.88045],[30.47321,-6.84645],[30.46813,-6.82539],[30.46755,-6.81882],[30.46814,-6.81638],[30.47006,-6.81422],[30.47379,-6.81324],[30.47378,-6.81009],[30.4723,-6.80909],[30.4717,-6.80666],[30.47969,-6.79872],[30.47465,-6.78763],[30.45749,-6.7736],[30.45688,-6.76597],[30.45873,-6.75956],[30.47174,-6.74783],[30.51862,-6.74818],[30.62273,-6.62527],[30.62254,-6.63639],[30.62762,-6.65077],[30.62889,-6.65292],[30.63167,-6.65465],[30.63251,-6.65766],[30.64043,-6.66155],[30.6419,-6.66692],[30.64637,-6.6738],[30.64645,-6.70166],[30.64864,-6.73962]]]},"properties":{"region":"Katavi","district":"Tanganyika","ward":"Kapalamsenga","ward_code":"091"}},{"type":"Feature","geometry":{"type":"Polygon","coordinates":[[[30.54217,-6.49081],[30.45608,-6.60982],[30.42408,-6.67468],[30.41938,-6.69377],[30.41822,-6.69417],[30.41851,-6.69737],[30.41622,-6.7026],[30.41662,-6.70854],[30.4127,-6.72203],[30.40941,-6.72208],[30.40918,-6.72407],[30.40674,-6.7242],[30.40505,-6.7271],[30.40117,-6.72972],[30.40174,-6.7309],[30.39953,-6.73256],[30.39892,-6.73712],[30.39719,-6.73684],[30.39777,-6.73831],[30.3962,-6.73922],[30.37934,-6.72415],[30.37706,-6.72011],[30.37479,-6.70678],[30.37024,-6.69545],[30.36635,-6.69125],[30.35798,-6.68525],[30.35606,-6.67957],[30.34913,-6.6734],[30.35049,-6.67152],[30.34612,-6.66444],[30.34567,-6.65406],[30.34368,-6.64983],[30.3412,-6.64808],[30.33906,-6.64461],[30.33914,-6.64081],[30.33767,-6.63743],[30.32164,-6.62326],[30.29395,-6.61311],[30.27944,-6.60473],[30.24549,-6.57222],[30.24684,-6.5711],[30.25022,-6.57249],[30.25427,-6.57232],[30.25915,-6.5644],[30.25934,-6.56147],[30.25796,-6.55994],[30.25809,-6.55713],[30.25653,-6.55492],[30.25658,-6.5522],[30.25949,-6.5481],[30.26377,-6.54825],[30.26644,-6.54545],[30.26754,-6.5472],[30.26844,-6.54642],[30.2687,-6.54316],[30.27143,-6.54226],[30.27153,-6.54024],[30.26802,-6.53785],[30.26787,-6.53681],[30.27016,-6.53611],[30.27021,-6.53424],[30.2684,-6.53504],[30.26808,-6.53358],[30.27745,-6.52623],[30.27571,-6.52405],[30.27716,-6.51829],[30.27971,-6.51829],[30.28107,-6.51639],[30.28072,-6.51514],[30.28157,-6.5145],[30.27887,-6.51378],[30.27913,-6.5127],[30.2805,-6.51011],[30.28209,-6.50962],[30.28282,-6.50499],[30.286,-6.50088],[30.28389,-6.49602],[30.28193,-6.49547],[30.28246,-6.49041],[30.2803,-6.48794],[30.54217,-6.49081]]]},"properties":{"region":"Katavi","district":"Tanganyika","ward":"Isengule","ward_code":"161"}},{"type":"Feature","geometry":{"type":"Polygon","coordinates":[[[31.8339,-5.72248],[31.83949,-5.73052],[31.84818,-5.73206],[31.86215,-5.73129],[31.87115,-5.73438],[31.87783,-5.73036],[31.8845,-5.73469],[31.89257,-5.73701],[31.89226,-5.74412],[31.89956,-5.74783],[31.92173,-5.74768],[31.9419,-5.75198],[31.96392,-5.74544],[31.98156,-5.75799],[32.00887,-5.76385],[32.02876,-5.76399],[32.02519,-5.77805],[32.03348,-5.78692],[32.03234,-5.79566],[32.03534,-5.8001],[32.03444,-5.80273],[32.04977,-6.40844],[32.05017,-6.48243],[32.07338,-6.60832],[32.03753,-6.62209],[32.07185,-6.66494],[32.0759,-6.67831],[32.07901,-6.68121],[32.06453,-6.68035],[32.04875,-6.67652],[32.0335,-6.68178],[32.01904,-6.6885],[32.01754,-6.69417],[32.02227,-6.71021],[32.02953,-6.71742],[32.03323,-6.73671],[32.01875,-6.74026],[32.00079,-6.74251],[31.9911,-6.7427],[31.97784,-6.74547],[31.94409,-6.75623],[31.47881,-6.80384],[31.49347,-6.7775],[31.51896,-6.72087],[31.55906,-6.6168],[31.5819,-6.54735],[31.6072,-6.48129],[31.58901,-6.4631],[31.56717,-6.45098],[31.56373,-6.44465],[31.5638,-6.43963],[31.55548,-6.41978],[31.55386,-6.40566],[31.54902,-6.3952],[31.54503,-6.38916],[31.53384,-6.37784],[31.52336,-6.37924],[31.51224,-6.37302],[31.48981,-6.37653],[31.4846,-6.37597],[31.45645,-6.35995],[31.45501,-6.34627],[31.44005,-6.33555],[31.42151,-6.34338],[31.41789,-6.3424],[31.37738,-6.3057],[31.36019,-6.30206],[31.35281,-6.29367],[31.33393,-6.27984],[31.32257,-6.28515],[31.31866,-6.28498],[31.31473,-6.28159],[31.30884,-6.27186],[31.30258,-6.26657],[31.30141,-6.26026],[31.29694,-6.24988],[31.28633,-6.235],[31.27412,-6.19964],[31.26454,-6.18692],[31.25651,-6.16936],[31.23301,-6.14853],[31.2266,-6.13534],[31.22271,-6.13235],[31.21776,-6.13078],[31.21351,-6.12451],[31.19898,-6.10831],[31.19381,-6.1011],[31.19269,-6.08847],[31.19172,-6.08747],[31.19247,-6.08569],[31.19144,-6.08516],[31.19094,-6.08192],[31.18883,-6.08181],[31.18724,-6.07786],[31.18566,-6.07727],[31.18619,-6.07627],[31.18504,-6.0722],[31.18224,-6.07066],[31.18109,-6.0674],[31.18033,-6.06741],[31.18018,-6.06414],[31.17894,-6.06377],[31.17775,-6.06086],[31.17851,-6.06039],[31.17609,-6.05761],[31.17542,-6.04451],[31.17224,-6.03859],[31.17578,-6.03608],[31.1744,-6.03099],[31.17568,-6.02767],[31.1747,-6.02689],[31.17411,-6.02286],[31.1755,-6.02233],[31.17618,-6.02064],[31.17447,-6.01747],[31.17638,-6.01307],[31.18086,-6.01166],[31.18292,-6.00882],[31.18323,-6.00625],[31.18879,-5.9966],[31.1839,-5.99097],[31.18368,-5.98735],[31.17367,-5.97652],[31.17528,-5.97322],[31.17857,-5.97052],[31.17906,-5.96578],[31.1835,-5.96174],[31.18424,-5.95593],[31.18882,-5.94283],[31.18876,-5.92964],[31.1835,-5.9173],[31.17875,-5.91417],[31.17549,-5.90687],[31.17966,-5.89849],[31.17339,-5.87731],[31.17257,-5.86586],[31.17866,-5.8543],[31.18137,-5.83644],[31.17956,-5.81725],[31.17645,-5.80061],[31.17321,-5.7971],[31.16969,-5.78616],[31.16915,-5.78078],[31.17128,-5.7725],[31.16765,-5.7685],[31.17155,-5.76008],[31.19518,-5.73939],[31.21966,-5.75753],[31.23855,-5.75384],[31.24301,-5.74591],[31.25127,-5.76102],[31.25288,-5.77737],[31.27418,-5.7988],[31.28225,-5.81285],[31.30746,-5.79829],[31.32226,-5.78457],[31.35689,-5.79394],[31.38815,-5.79562],[31.40961,-5.81345],[31.44351,-5.81939],[31.53417,-5.80534],[31.63938,-5.82234],[31.6601,-5.82987],[31.67833,-5.81534],[31.70344,-5.79968],[31.70574,-5.78469],[31.72351,-5.78194],[31.7359,-5.76828],[31.75974,-5.76027],[31.76705,-5.75882],[31.77021,-5.7511],[31.77188,-5.74369],[31.77552,-5.73974],[31.7752,-5.7321],[31.77718,-5.72839],[31.78177,-5.72997],[31.78581,-5.72942],[31.79151,-5.72035],[31.79372,-5.72705],[31.8033,-5.72508],[31.80172,-5.71949],[31.80733,-5.7192],[31.82583,-5.71382],[31.82583,-5.72217],[31.8339,-5.72248]]]},"properties":{"region":"Katavi","district":"Mlele","ward":"Utende","ward_code":"011"}},{"type":"Feature","geometry":{"type":"Polygon","coordinates":[[[32.24855,-6.65407],[32.23671,-6.72833],[32.23508,-6.7671],[32.19155,-6.76253],[32.15934,-6.77151],[32.14242,-6.7685],[32.12885,-6.75338],[32.12452,-6.75179],[32.11624,-6.75431],[32.10787,-6.76157],[32.0971,-6.76801],[32.0908,-6.77052],[32.06152,-6.76626],[32.05686,-6.7724],[32.047,-6.77258],[32.04149,-6.76619],[32.03153,-6.73065],[32.02953,-6.71742],[32.02227,-6.71021],[32.01754,-6.69417],[32.01904,-6.6885],[32.0335,-6.68178],[32.04875,-6.67652],[32.06453,-6.68035],[32.07901,-6.68121],[32.09729,-6.6952],[32.10655,-6.70356],[32.12015,-6.70841],[32.13455,-6.70923],[32.14591,-6.71788],[32.16012,-6.70432],[32.18154,-6.69377],[32.24855,-6.65407]]]},"properties":{"region":"Katavi","district":"Mlele","ward":"Inyonga","ward_code":"023"}},{"type":"Feature","geometry":{"type":"Polygon","coordinates":[[[32.04411,-5.82468],[32.05634,-5.83284],[32.06109,-5.82917],[32.07402,-5.83459],[32.0793,-5.8456],[32.0856,-5.85406],[32.08606,-5.86134],[32.08958,-5.86871],[32.08874,-5.87396],[32.08439,-5.8782],[32.08819,-5.88205],[32.08495,-5.88989],[32.08319,-5.89707],[32.08772,-5.90961],[32.09143,-5.91459],[32.09291,-5.93983],[32.10112,-5.95404],[32.11741,-5.95617],[32.11241,-5.9725],[32.12454,-5.9841],[32.11693,-5.99712],[32.12594,-6.00194],[32.12824,-6.00682],[32.13394,-6.00841],[32.13574,-6.01628],[32.13524,-6.02056],[32.13004,-6.02265],[32.13574,-6.02753],[32.14744,-6.02753],[32.15134,-6.0332],[32.14144,-6.03688],[32.14054,-6.04196],[32.14994,-6.04535],[32.15263,-6.05147],[32.15653,-6.05615],[32.15603,-6.06133],[32.16031,-6.05905],[32.16259,-6.06496],[32.17028,-6.06876],[32.16694,-6.0728],[32.16728,-6.07778],[32.16339,-6.08245],[32.17116,-6.08558],[32.17163,-6.08751],[32.16861,-6.09239],[32.16715,-6.10572],[32.16939,-6.10815],[32.17365,-6.10742],[32.18032,-6.11015],[32.17756,-6.1117],[32.17642,-6.1142],[32.17903,-6.11813],[32.18326,-6.11939],[32.18455,-6.12422],[32.18795,-6.1271],[32.18832,-6.12952],[32.18489,-6.13047],[32.18142,-6.13719],[32.1832,-6.14011],[32.17969,-6.14389],[32.18028,-6.14632],[32.18383,-6.15144],[32.18533,-6.15166],[32.18688,-6.14768],[32.18953,-6.14764],[32.18926,-6.14859],[32.19064,-6.14859],[32.19103,-6.15901],[32.19444,-6.1632],[32.20147,-6.16367],[32.19994,-6.17158],[32.201,-6.17148],[32.20468,-6.17452],[32.20676,-6.17795],[32.20525,-6.17871],[32.20384,-6.1824],[32.20641,-6.18632],[32.21087,-6.18827],[32.21004,-6.19051],[32.21221,-6.19003],[32.21531,-6.19363],[32.22269,-6.19779],[32.23422,-6.19694],[32.24001,-6.19913],[32.24609,-6.20358],[32.24788,-6.20936],[32.24609,-6.21314],[32.24844,-6.21659],[32.25258,-6.21592],[32.256,-6.21715],[32.25618,-6.21991],[32.25911,-6.2229],[32.26173,-6.21899],[32.2671,-6.21801],[32.27049,-6.22396],[32.2695,-6.22541],[32.27019,-6.22689],[32.27288,-6.2271],[32.27619,-6.22572],[32.27768,-6.22651],[32.28042,-6.2335],[32.28593,-6.23763],[32.2898,-6.24217],[32.29931,-6.24217],[32.30397,-6.23191],[32.3113,-6.23024],[32.31675,-6.23251],[32.31437,-6.23803],[32.3225,-6.23615],[32.32963,-6.2329],[32.33508,-6.22689],[32.33945,-6.23191],[32.34482,-6.23353],[32.35283,-6.23409],[32.36299,-6.23887],[32.3621,-6.24879],[32.37599,-6.24791],[32.38489,-6.25499],[32.39398,-6.25978],[32.39917,-6.26053],[32.40039,-6.26349],[32.40305,-6.2642],[32.40373,-6.2636],[32.40692,-6.26848],[32.4065,-6.27393],[32.40869,-6.27764],[32.41596,-6.28262],[32.41913,-6.28287],[32.41947,-6.28685],[32.42414,-6.28924],[32.42586,-6.28729],[32.42725,-6.2906],[32.43216,-6.29413],[32.43418,-6.2946],[32.43524,-6.29152],[32.4389,-6.29442],[32.43787,-6.29779],[32.44243,-6.30444],[32.44908,-6.30319],[32.45012,-6.30583],[32.45289,-6.30739],[32.45637,-6.30629],[32.46066,-6.30672],[32.46416,-6.30541],[32.4665,-6.30769],[32.47364,-6.31101],[32.40933,-6.46171],[32.37989,-6.50286],[32.37005,-6.51421],[32.36207,-6.52871],[32.27511,-6.59506],[32.24855,-6.65407],[32.18154,-6.69377],[32.16012,-6.70432],[32.14591,-6.71788],[32.13455,-6.70923],[32.12015,-6.70841],[32.10655,-6.70356],[32.09729,-6.6952],[32.07901,-6.68121],[32.0759,-6.67831],[32.07185,-6.66494],[32.03753,-6.62209],[32.07338,-6.60832],[32.05017,-6.48243],[32.04977,-6.40844],[32.03444,-5.80273],[32.03809,-5.80894],[32.0422,-5.81301],[32.0409,-5.81556],[32.04327,-5.81741],[32.04411,-5.82468]]]},"properties":{"region":"Katavi","district":"Mlele","ward":"Kamsisi","ward_code":"031"}},{"type":"Feature","geometry":{"type":"MultiPolygon","coordinates":[[[[32.75155,-6.9772],[32.74868,-6.97742],[32.7495,-6.97731],[32.75155,-6.9772]]],[[[32.50253,-6.30636],[32.50364,-6.30891],[32.50612,-6.30965],[32.5075,-6.31309],[32.51018,-6.31364],[32.50987,-6.31649],[32.51411,-6.31703],[32.51979,-6.31488],[32.52118,-6.31612],[32.52524,-6.31476],[32.53167,-6.31565],[32.53351,-6.31337],[32.53651,-6.31312],[32.54535,-6.31487],[32.5478,-6.31348],[32.54685,-6.31247],[32.54793,-6.31148],[32.55051,-6.31409],[32.55172,-6.31808],[32.55099,-6.31915],[32.5528,-6.32038],[32.5621,-6.31787],[32.56735,-6.32045],[32.56808,-6.32458],[32.57521,-6.32401],[32.5774,-6.32571],[32.57749,-6.32876],[32.58066,-6.32912],[32.57992,-6.33037],[32.58105,-6.33008],[32.58247,-6.33181],[32.58206,-6.33395],[32.59254,-6.33869],[32.59446,-6.33867],[32.59521,-6.336],[32.597,-6.33573],[32.59968,-6.33762],[32.60205,-6.33423],[32.60449,-6.3333],[32.60572,-6.33414],[32.60856,-6.33259],[32.61002,-6.33355],[32.61114,-6.33253],[32.61585,-6.33223],[32.61909,-6.32954],[32.62415,-6.32974],[32.62867,-6.33216],[32.6311,-6.33233],[32.63606,-6.329],[32.6378,-6.33319],[32.64431,-6.33247],[32.652,-6.34195],[32.65674,-6.34128],[32.65994,-6.3489],[32.65976,-6.35433],[32.66337,-6.36079],[32.67044,-6.36491],[32.67739,-6.36662],[32.68519,-6.37406],[32.68785,-6.38202],[32.69259,-6.38866],[32.69912,-6.39077],[32.7039,-6.39408],[32.70967,-6.39198],[32.72133,-6.39392],[32.7261,-6.3936],[32.73049,-6.39719],[32.73794,-6.39972],[32.74367,-6.40378],[32.75148,-6.40654],[32.75428,-6.40868],[32.75409,-6.5017],[32.757,-6.51961],[32.75822,-6.60289],[32.75185,-6.76283],[32.74537,-6.99844],[32.58578,-7.00498],[32.59844,-7.10172],[32.58985,-7.10782],[32.58571,-7.10888],[32.58371,-7.1049],[32.58046,-7.1024],[32.5774,-7.10327],[32.57087,-7.09995],[32.5675,-7.10208],[32.56548,-7.10643],[32.56153,-7.10981],[32.55565,-7.10396],[32.5502,-7.11198],[32.54757,-7.11784],[32.54255,-7.11792],[32.53226,-7.11593],[32.53048,-7.11752],[32.52917,-7.12459],[32.52619,-7.12673],[32.51781,-7.12551],[32.5152,-7.12792],[32.50925,-7.12698],[32.49941,-7.13002],[32.49617,-7.13448],[32.49479,-7.13448],[32.49237,-7.13237],[32.48773,-7.13392],[32.48837,-7.13905],[32.49226,-7.14638],[32.49272,-7.14981],[32.49019,-7.15278],[32.48401,-7.15369],[32.47766,-7.15311],[32.47321,-7.14973],[32.46443,-7.14579],[32.46281,-7.14293],[32.45828,-7.14287],[32.45523,-7.1379],[32.45376,-7.13698],[32.45202,-7.13838],[32.44961,-7.14622],[32.44698,-7.15006],[32.44684,-7.15722],[32.39055,-7.19637],[32.37037,-7.20349],[32.35827,-7.21105],[32.30975,-7.20503],[32.25121,-7.12019],[32.21292,-6.9907],[32.23508,-6.7671],[32.23671,-6.72833],[32.24855,-6.65407],[32.27511,-6.59506],[32.36207,-6.52871],[32.37005,-6.51421],[32.37989,-6.50286],[32.40933,-6.46171],[32.47364,-6.31101],[32.47745,-6.31127],[32.47967,-6.30941],[32.47823,-6.30626],[32.48075,-6.30578],[32.48313,-6.30671],[32.48572,-6.30554],[32.48783,-6.30718],[32.49046,-6.306],[32.49286,-6.30836],[32.49845,-6.30451],[32.5002,-6.30461],[32.50253,-6.30636]]]]},"properties":{"region":"Katavi","district":"Mlele","ward":"Ilunde","ward_code":"041"}},{"type":"Feature","geometry":{"type":"Polygon","coordinates":[[[32.14242,-6.7685],[32.15934,-6.77151],[32.19155,-6.76253],[32.23508,-6.7671],[32.21292,-6.9907],[32.20232,-7.00003],[32.19287,-6.98698],[32.18074,-6.98048],[32.16453,-6.95889],[32.1428,-6.96039],[32.12613,-6.94703],[32.10865,-6.9395],[32.10227,-6.93516],[32.08926,-6.92231],[32.0809,-6.92171],[32.07444,-6.92267],[32.06621,-6.92219],[32.06252,-6.92079],[32.05852,-6.92136],[32.04755,-6.9254],[32.04213,-6.93294],[32.03604,-6.93566],[32.03129,-6.94462],[32.02428,-6.94794],[32.01873,-6.94772],[32.00923,-6.95595],[32.0051,-6.95722],[32.00308,-6.9602],[31.99882,-6.95783],[31.99946,-6.89117],[32.00085,-6.87853],[32.02308,-6.83537],[32.04644,-6.77193],[32.047,-6.77258],[32.05686,-6.7724],[32.06152,-6.76626],[32.0908,-6.77052],[32.0971,-6.76801],[32.10787,-6.76157],[32.11624,-6.75431],[32.12452,-6.75179],[32.12885,-6.75338],[32.14242,-6.7685]]]},"properties":{"region":"Katavi","district":"Mlele","ward":"Ilela","ward_code":"051"}},{"type":"Feature","geometry":{"type":"Polygon","coordinates":[[[32.00085,-6.87853],[31.97701,-6.89022],[31.94852,-6.8973],[31.9368,-6.89341],[31.93026,-6.89308],[31.91646,-6.89857],[31.9116,-6.89338],[31.89765,-6.88888],[31.88287,-6.88878],[31.86725,-6.89095],[31.84887,-6.88926],[31.84234,-6.90138],[31.83432,-6.9115],[31.82296,-6.93028],[31.80369,-6.95313],[31.78132,-6.97484],[31.759,-6.99334],[31.74404,-7.00167],[31.7293,-7.03406],[31.69726,-7.09023],[31.67764,-7.11282],[31.66605,-7.11777],[31.65947,-7.12216],[31.6558,-7.12768],[31.64511,-7.1334],[31.64144,-7.13954],[31.62907,-7.15061],[31.62254,-7.15843],[31.61376,-7.16461],[31.6146,-7.17233],[31.61668,-7.17558],[31.61216,-7.18912],[31.60616,-7.19771],[31.59989,-7.20326],[31.59723,-7.20438],[31.5953,-7.20143],[31.59256,-7.20259],[31.59097,-7.20002],[31.59007,-7.19997],[31.58986,-7.1958],[31.58719,-7.1961],[31.58679,-7.19513],[31.58843,-7.19432],[31.58852,-7.19237],[31.58586,-7.19192],[31.58537,-7.18828],[31.58335,-7.18882],[31.58256,-7.18706],[31.58053,-7.18618],[31.57675,-7.1866],[31.57539,-7.18518],[31.57353,-7.18703],[31.57216,-7.1871],[31.56969,-7.18596],[31.56919,-7.1888],[31.56571,-7.19045],[31.5648,-7.18816],[31.56162,-7.1884],[31.56204,-7.1854],[31.55854,-7.18486],[31.55501,-7.18806],[31.55132,-7.18903],[31.54965,-7.19217],[31.54661,-7.19394],[31.54719,-7.19558],[31.54517,-7.19654],[31.54448,-7.19435],[31.54157,-7.19318],[31.54028,-7.19402],[31.54037,-7.19251],[31.53811,-7.192],[31.53834,-7.19095],[31.53594,-7.18883],[31.53627,-7.18738],[31.53402,-7.18826],[31.53268,-7.18583],[31.53376,-7.18474],[31.5331,-7.18351],[31.52854,-7.18385],[31.52745,-7.18196],[31.52617,-7.18224],[31.52485,-7.17688],[31.524,-7.17831],[31.52125,-7.17761],[31.52148,-7.17921],[31.51865,-7.17931],[31.51763,-7.17883],[31.51743,-7.17599],[31.51443,-7.172],[31.51293,-7.17133],[31.50774,-7.17375],[31.5043,-7.16988],[31.50262,-7.17001],[31.50321,-7.16866],[31.50125,-7.16388],[31.4943,-7.16115],[31.49226,-7.15847],[31.49189,-7.15682],[31.49355,-7.15596],[31.4935,-7.1543],[31.49175,-7.15331],[31.49136,-7.15113],[31.49016,-7.1508],[31.48969,-7.14547],[31.48866,-7.14571],[31.48787,-7.1442],[31.48756,-7.14617],[31.48652,-7.14596],[31.48498,-7.1389],[31.4862,-7.13926],[31.48626,-7.13842],[31.48401,-7.13807],[31.48445,-7.13676],[31.48181,-7.13657],[31.48221,-7.13563],[31.48435,-7.13615],[31.48165,-7.13434],[31.48341,-7.13076],[31.48264,-7.13009],[31.48106,-7.13126],[31.4815,-7.13032],[31.48033,-7.12971],[31.48,-7.12791],[31.47796,-7.12714],[31.47826,-7.12546],[31.4809,-7.12467],[31.48235,-7.12219],[31.48044,-7.12251],[31.48098,-7.12087],[31.47993,-7.119],[31.48152,-7.11861],[31.47798,-7.11638],[31.47962,-7.11282],[31.47861,-7.1122],[31.47836,-7.10979],[31.47602,-7.11052],[31.47578,-7.10666],[31.47474,-7.10627],[31.4748,-7.10741],[31.47136,-7.10706],[31.46982,-7.10453],[31.4681,-7.10533],[31.46547,-7.10454],[31.46622,-7.10298],[31.46568,-7.10158],[31.4665,-7.10091],[31.46594,-7.0987],[31.46441,-7.09864],[31.4639,-7.09648],[31.46274,-7.09756],[31.46108,-7.09475],[31.45897,-7.09489],[31.45823,-7.09275],[31.45705,-7.09212],[31.45641,-7.09372],[31.4551,-7.09328],[31.45446,-7.09401],[31.45424,-7.09596],[31.45274,-7.09638],[31.45075,-7.09522],[31.44954,-7.09686],[31.4481,-7.09701],[31.44748,-7.0956],[31.4435,-7.09551],[31.44314,-7.09493],[31.44522,-7.09337],[31.44274,-7.09135],[31.4417,-7.09207],[31.44013,-7.09147],[31.43752,-7.09403],[31.43731,-7.09603],[31.43044,-7.09267],[31.42734,-7.09389],[31.42581,-7.09568],[31.42633,-7.07166],[31.42877,-7.06471],[31.42747,-7.0591],[31.42817,-7.03608],[31.42721,-7.02408],[31.42912,-7.01717],[31.43089,-6.95041],[31.4502,-6.85523],[31.47881,-6.80384],[31.94409,-6.75623],[31.97784,-6.74547],[31.9911,-6.7427],[32.00079,-6.74251],[32.01875,-6.74026],[32.03323,-6.73671],[32.04149,-6.76619],[32.04644,-6.77193],[32.02308,-6.83537],[32.00085,-6.87853]]]},"properties":{"region":"Katavi","district":"Mlele","ward":"Nsenkwa","ward_code":"061"}},{"type":"Feature","geometry":{"type":"Polygon","coordinates":[[[31.38273,-7.08938],[31.38329,-7.09163],[31.38534,-7.0917],[31.3855,-7.09363],[31.38784,-7.09373],[31.38784,-7.09466],[31.38661,-7.09505],[31.38731,-7.09642],[31.38894,-7.09597],[31.38947,-7.09758],[31.39162,-7.09792],[31.39504,-7.101],[31.39853,-7.10682],[31.40022,-7.10763],[31.40134,-7.10698],[31.40087,-7.10862],[31.4028,-7.1097],[31.40674,-7.10823],[31.40807,-7.10937],[31.40798,-7.10773],[31.40893,-7.10691],[31.41008,-7.10819],[31.41541,-7.10403],[31.41661,-7.10157],[31.41895,-7.10019],[31.42013,-7.1007],[31.42059,-7.09908],[31.42216,-7.09895],[31.42246,-7.09622],[31.42581,-7.09568],[31.42734,-7.09389],[31.43044,-7.09267],[31.43731,-7.09603],[31.43752,-7.09403],[31.44013,-7.09147],[31.4417,-7.09207],[31.44274,-7.09135],[31.44522,-7.09337],[31.4432,-7.09519],[31.44748,-7.0956],[31.4481,-7.09701],[31.45003,-7.09675],[31.45075,-7.09522],[31.45274,-7.09638],[31.45424,-7.09596],[31.4551,-7.09328],[31.45641,-7.09372],[31.45681,-7.09223],[31.45768,-7.09236],[31.45897,-7.09489],[31.46108,-7.09475],[31.46274,-7.09756],[31.4639,-7.09648],[31.46441,-7.09864],[31.46594,-7.0987],[31.4665,-7.10091],[31.46568,-7.10158],[31.46622,-7.10298],[31.46547,-7.10454],[31.4681,-7.10533],[31.46982,-7.10453],[31.47136,-7.10706],[31.4748,-7.10741],[31.47513,-7.10624],[31.47647,-7.10858],[31.47602,-7.11052],[31.47836,-7.10979],[31.47861,-7.1122],[31.47962,-7.11282],[31.47798,-7.11638],[31.48124,-7.11812],[31.48134,-7.11892],[31.47993,-7.119],[31.48098,-7.12087],[31.48044,-7.12251],[31.48234,-7.12263],[31.4809,-7.12467],[31.47826,-7.12546],[31.47796,-7.12714],[31.48,-7.12791],[31.48033,-7.12971],[31.4815,-7.13032],[31.48106,-7.13126],[31.48264,-7.13009],[31.48341,-7.13076],[31.48165,-7.13434],[31.48435,-7.13615],[31.48221,-7.13563],[31.48181,-7.13657],[31.48445,-7.13676],[31.48401,-7.13807],[31.48626,-7.13842],[31.4862,-7.13926],[31.48498,-7.1389],[31.48652,-7.14596],[31.48756,-7.14617],[31.48743,-7.1444],[31.48842,-7.14447],[31.48866,-7.14571],[31.48969,-7.14547],[31.4901,-7.14793],[31.43371,-7.14532],[31.406,-7.15251],[31.40409,-7.15431],[31.40028,-7.15088],[31.39888,-7.148],[31.38807,-7.14445],[31.38574,-7.14138],[31.38488,-7.14124],[31.3848,-7.14312],[31.3835,-7.14339],[31.38167,-7.14071],[31.37878,-7.14088],[31.3734,-7.14419],[31.37194,-7.14341],[31.36755,-7.14733],[31.36492,-7.14763],[31.35848,-7.1442],[31.3519,-7.1456],[31.3407,-7.14225],[31.33745,-7.14389],[31.33662,-7.14155],[31.33462,-7.14323],[31.33355,-7.13781],[31.33131,-7.13762],[31.32723,-7.1397],[31.32613,-7.13859],[31.32768,-7.13671],[31.32653,-7.13561],[31.32533,-7.13636],[31.3257,-7.13822],[31.32289,-7.13858],[31.32389,-7.13432],[31.32202,-7.13337],[31.32072,-7.13418],[31.32059,-7.13893],[31.3196,-7.13934],[31.31855,-7.13726],[31.3172,-7.13758],[31.31727,-7.13921],[31.31257,-7.13982],[31.31232,-7.13691],[31.31489,-7.13206],[31.31618,-7.12069],[31.32687,-7.10672],[31.3443,-7.09398],[31.34781,-7.0918],[31.34752,-7.09407],[31.3502,-7.09304],[31.35179,-7.09451],[31.35176,-7.09584],[31.35438,-7.09595],[31.35746,-7.09439],[31.35663,-7.09247],[31.36087,-7.09165],[31.36285,-7.09213],[31.36392,-7.09424],[31.36608,-7.09423],[31.36645,-7.09497],[31.36965,-7.09495],[31.37152,-7.09282],[31.37222,-7.09431],[31.37392,-7.09483],[31.375,-7.09249],[31.37811,-7.09413],[31.3793,-7.09241],[31.37804,-7.09112],[31.37858,-7.09062],[31.37999,-7.09153],[31.38094,-7.09056],[31.38053,-7.08953],[31.38273,-7.08938]]]},"properties":{"region":"Katavi","district":"Mlele","ward":"Chamalendi","ward_code":"051"}},{"type":"Feature","geometry":{"type":"Polygon","coordinates":[[[31.38167,-7.14071],[31.3835,-7.14339],[31.3848,-7.14312],[31.38488,-7.14124],[31.38574,-7.14138],[31.38807,-7.14445],[31.39888,-7.148],[31.40028,-7.15088],[31.40409,-7.15431],[31.406,-7.15251],[31.43371,-7.14532],[31.4901,-7.14793],[31.49016,-7.1508],[31.49136,-7.15113],[31.49175,-7.15331],[31.4935,-7.1543],[31.49355,-7.15596],[31.49189,-7.15682],[31.49226,-7.15847],[31.4943,-7.16115],[31.50125,-7.16388],[31.50321,-7.16866],[31.50262,-7.17001],[31.5043,-7.16988],[31.50774,-7.17375],[31.51293,-7.17133],[31.51443,-7.172],[31.51743,-7.17599],[31.51763,-7.17883],[31.51865,-7.17931],[31.52148,-7.17921],[31.52125,-7.17761],[31.524,-7.17831],[31.52485,-7.17688],[31.52617,-7.18224],[31.52745,-7.18196],[31.52854,-7.18385],[31.5331,-7.18351],[31.53376,-7.18474],[31.53268,-7.18583],[31.53402,-7.18826],[31.53588,-7.18711],[31.53594,-7.18883],[31.53834,-7.19095],[31.53811,-7.192],[31.54037,-7.19251],[31.54028,-7.19402],[31.54157,-7.19318],[31.54238,-7.19385],[31.53547,-7.2032],[31.51124,-7.21892],[31.47966,-7.22508],[31.44869,-7.21284],[31.44143,-7.2086],[31.43481,-7.19987],[31.40597,-7.18712],[31.39713,-7.18509],[31.39231,-7.18593],[31.3812,-7.18422],[31.37839,-7.18462],[31.36406,-7.17933],[31.36335,-7.16434],[31.35702,-7.14487],[31.35848,-7.1442],[31.36461,-7.14762],[31.36755,-7.14733],[31.37194,-7.14341],[31.3734,-7.14419],[31.37878,-7.14088],[31.38167,-7.14071]]]},"properties":{"region":"Katavi","district":"Mlele","ward":"Mwamapuli","ward_code":"061"}},{"type":"Feature","geometry":{"type":"Polygon","coordinates":[[[31.99946,-6.89117],[31.99882,-6.95783],[32.00308,-6.9602],[32.0051,-6.95722],[32.00923,-6.95595],[32.01873,-6.94772],[32.02428,-6.94794],[32.03129,-6.94462],[32.03604,-6.93566],[32.04213,-6.93294],[32.04755,-6.9254],[32.05852,-6.92136],[32.06252,-6.92079],[32.06621,-6.92219],[32.07444,-6.92267],[32.0809,-6.92171],[32.08926,-6.92231],[32.10227,-6.93516],[32.10865,-6.9395],[32.12613,-6.94703],[32.1428,-6.96039],[32.16453,-6.95889],[32.18074,-6.98048],[32.19287,-6.98698],[32.20232,-7.00003],[32.21292,-6.9907],[32.25121,-7.12019],[32.30975,-7.20503],[32.35827,-7.21105],[32.32534,-7.23163],[32.31989,-7.2426],[32.30045,-7.25315],[32.27968,-7.27163],[32.26941,-7.34258],[32.26805,-7.36506],[32.2552,-7.39237],[32.23947,-7.42042],[32.21115,-7.46426],[32.21165,-7.47083],[32.21022,-7.47675],[32.20377,-7.47957],[32.20093,-7.48394],[32.1991,-7.49513],[32.19173,-7.50336],[32.19093,-7.51829],[32.18564,-7.52047],[32.17622,-7.52122],[32.16191,-7.51965],[32.14927,-7.51705],[32.13868,-7.52553],[32.13156,-7.53941],[32.1273,-7.54095],[32.1179,-7.53244],[32.11123,-7.51723],[32.10582,-7.51246],[32.09898,-7.51245],[32.09395,-7.5163],[32.0902,-7.52079],[32.09173,-7.52595],[32.09082,-7.52903],[32.08798,-7.53212],[32.0895,-7.54731],[32.08755,-7.55477],[32.07965,-7.57033],[32.06104,-7.58432],[32.05793,-7.59062],[32.05689,-7.59653],[32.05314,-7.6009],[32.04797,-7.60334],[32.03731,-7.61246],[32.03265,-7.61095],[32.03242,-7.60596],[32.02052,-7.5953],[32.00124,-7.59011],[31.94588,-7.54138],[31.87487,-7.4672],[31.8388,-7.43839],[31.80519,-7.42181],[31.79845,-7.42528],[31.79355,-7.42492],[31.78937,-7.42346],[31.78523,-7.4113],[31.78159,-7.41129],[31.77451,-7.40927],[31.77198,-7.40473],[31.77181,-7.40038],[31.76036,-7.40289],[31.7511,-7.40123],[31.73004,-7.39409],[31.72205,-7.39335],[31.70971,-7.38914],[31.705,-7.38441],[31.69103,-7.37711],[31.67398,-7.37035],[31.65983,-7.36342],[31.65111,-7.36103],[31.63515,-7.35464],[31.57367,-7.32216],[31.56661,-7.31543],[31.55646,-7.30977],[31.5521,-7.30831],[31.54721,-7.30267],[31.54052,-7.30248],[31.53612,-7.29963],[31.51962,-7.29563],[31.51906,-7.29793],[31.5158,-7.2989],[31.51626,-7.31237],[31.51482,-7.31695],[31.516,-7.32237],[31.51506,-7.33017],[31.49662,-7.3297],[31.4944,-7.31376],[31.49525,-7.309],[31.49155,-7.30475],[31.49105,-7.29719],[31.46955,-7.29315],[31.43735,-7.27616],[31.42181,-7.26685],[31.41839,-7.28216],[31.41025,-7.28239],[31.39793,-7.27751],[31.38358,-7.26997],[31.37924,-7.2662],[31.37197,-7.26214],[31.36049,-7.2599],[31.3557,-7.25643],[31.34748,-7.25443],[31.35385,-7.24808],[31.35418,-7.2456],[31.35251,-7.23977],[31.35585,-7.23318],[31.3617,-7.23017],[31.36311,-7.22655],[31.36802,-7.22248],[31.36843,-7.21952],[31.3677,-7.21825],[31.36888,-7.21506],[31.38345,-7.21654],[31.39529,-7.22272],[31.3988,-7.22314],[31.40676,-7.22004],[31.4174,-7.22944],[31.43605,-7.23495],[31.43666,-7.22903],[31.43429,-7.22506],[31.43672,-7.21589],[31.43481,-7.19987],[31.44143,-7.2086],[31.44869,-7.21284],[31.47966,-7.22508],[31.51124,-7.21892],[31.53547,-7.2032],[31.54156,-7.19571],[31.54157,-7.19403],[31.54497,-7.19469],[31.54517,-7.19654],[31.54719,-7.19558],[31.54661,-7.19394],[31.54965,-7.19217],[31.55132,-7.18903],[31.55501,-7.18806],[31.55854,-7.18486],[31.56204,-7.1854],[31.56162,-7.1884],[31.5648,-7.18816],[31.56571,-7.19045],[31.56919,-7.1888],[31.56969,-7.18596],[31.57353,-7.18703],[31.57539,-7.18518],[31.57675,-7.1866],[31.58053,-7.18618],[31.58256,-7.18706],[31.58335,-7.18882],[31.58463,-7.18786],[31.58563,-7.18896],[31.58586,-7.19192],[31.58852,-7.19237],[31.58843,-7.19432],[31.58679,-7.19513],[31.58719,-7.1961],[31.58986,-7.1958],[31.58969,-7.1992],[31.59256,-7.20259],[31.59465,-7.20113],[31.59723,-7.20438],[31.59989,-7.20326],[31.60616,-7.19771],[31.61216,-7.18912],[31.61668,-7.17558],[31.6146,-7.17233],[31.61376,-7.16461],[31.62254,-7.15843],[31.62907,-7.15061],[31.64144,-7.13954],[31.64511,-7.1334],[31.6558,-7.12768],[31.65947,-7.12216],[31.66605,-7.11777],[31.67764,-7.11282],[31.69726,-7.09023],[31.7293,-7.03406],[31.74404,-7.00167],[31.759,-6.99334],[31.78132,-6.97484],[31.80369,-6.95313],[31.82296,-6.93028],[31.83432,-6.9115],[31.84234,-6.90138],[31.84887,-6.88926],[31.86725,-6.89095],[31.88287,-6.88878],[31.89765,-6.88888],[31.9116,-6.89338],[31.91646,-6.89857],[31.93026,-6.89308],[31.9368,-6.89341],[31.94852,-6.8973],[31.97701,-6.89022],[32.00085,-6.87853],[31.99946,-6.89117]]]},"properties":{"region":"Katavi","district":"Mlele","ward":"Majimoto","ward_code":"073"}},{"type":"Feature","geometry":{"type":"Polygon","coordinates":[[[31.36049,-7.2599],[31.37197,-7.26214],[31.37924,-7.2662],[31.38358,-7.26997],[31.39793,-7.27751],[31.41025,-7.28239],[31.41839,-7.28216],[31.42181,-7.26685],[31.43735,-7.27616],[31.46955,-7.29315],[31.49105,-7.29719],[31.49155,-7.30475],[31.49525,-7.309],[31.4944,-7.31376],[31.49662,-7.3297],[31.51506,-7.33017],[31.516,-7.32237],[31.51482,-7.31695],[31.51626,-7.31237],[31.5158,-7.2989],[31.51906,-7.29793],[31.51962,-7.29563],[31.53612,-7.29963],[31.54052,-7.30248],[31.54721,-7.30267],[31.5521,-7.30831],[31.55646,-7.30977],[31.56661,-7.31543],[31.57367,-7.32216],[31.63515,-7.35464],[31.65111,-7.36103],[31.65983,-7.36342],[31.67398,-7.37035],[31.69103,-7.37711],[31.705,-7.38441],[31.70971,-7.38914],[31.72205,-7.39335],[31.73004,-7.39409],[31.7511,-7.40123],[31.76036,-7.40289],[31.77181,-7.40038],[31.77198,-7.40473],[31.77451,-7.40927],[31.78159,-7.41129],[31.78523,-7.4113],[31.78937,-7.42346],[31.79355,-7.42492],[31.79845,-7.42528],[31.79072,-7.42926],[31.79281,-7.44053],[31.78143,-7.44425],[31.77935,-7.4401],[31.75883,-7.43773],[31.7492,-7.45736],[31.72304,-7.49016],[31.69014,-7.49319],[31.65591,-7.49885],[31.647,-7.49531],[31.63523,-7.48365],[31.61955,-7.4787],[31.59602,-7.48188],[31.5789,-7.49531],[31.57142,-7.5038],[31.57997,-7.51051],[31.5732,-7.52182],[31.56108,-7.53631],[31.55759,-7.55009],[31.55594,-7.54809],[31.5505,-7.5453],[31.54902,-7.53762],[31.54368,-7.53093],[31.54296,-7.53234],[31.54128,-7.5325],[31.541,-7.53144],[31.53629,-7.53014],[31.53445,-7.53126],[31.53305,-7.53095],[31.53201,-7.5321],[31.52718,-7.53062],[31.52615,-7.52766],[31.52136,-7.52589],[31.52111,-7.52688],[31.51893,-7.5278],[31.51478,-7.52514],[31.51399,-7.5262],[31.51299,-7.52523],[31.50818,-7.52531],[31.50685,-7.52442],[31.50187,-7.52482],[31.50145,-7.52159],[31.49945,-7.52038],[31.49841,-7.51806],[31.49738,-7.51803],[31.49747,-7.51602],[31.49657,-7.51636],[31.49486,-7.5122],[31.49305,-7.51077],[31.4934,-7.50905],[31.49106,-7.50698],[31.49155,-7.50496],[31.48945,-7.50448],[31.48685,-7.49886],[31.48513,-7.49876],[31.48456,-7.49654],[31.48603,-7.49437],[31.48436,-7.49458],[31.48378,-7.49376],[31.48565,-7.49347],[31.4838,-7.49301],[31.48269,-7.49116],[31.48535,-7.4901],[31.48568,-7.48829],[31.48729,-7.48862],[31.48797,-7.4866],[31.48725,-7.48552],[31.48769,-7.48397],[31.48868,-7.48373],[31.48735,-7.4821],[31.48837,-7.48119],[31.48754,-7.47623],[31.48602,-7.47543],[31.48954,-7.47357],[31.48792,-7.47137],[31.48839,-7.47001],[31.48679,-7.46888],[31.48812,-7.46748],[31.48826,-7.46861],[31.48963,-7.46774],[31.48692,-7.46479],[31.48941,-7.46247],[31.48691,-7.4625],[31.48686,-7.46176],[31.48804,-7.46029],[31.48807,-7.45826],[31.49019,-7.45733],[31.49103,-7.45794],[31.49176,-7.45566],[31.49321,-7.45468],[31.49266,-7.4512],[31.49421,-7.45009],[31.49147,-7.449],[31.49171,-7.44713],[31.49012,-7.44888],[31.49111,-7.4501],[31.48898,-7.45089],[31.4878,-7.44929],[31.48687,-7.45036],[31.48589,-7.44804],[31.48759,-7.4471],[31.48668,-7.44464],[31.48522,-7.44366],[31.48594,-7.44254],[31.4842,-7.44184],[31.48437,-7.44063],[31.48324,-7.43964],[31.48162,-7.43956],[31.48264,-7.43847],[31.48078,-7.43694],[31.48208,-7.437],[31.48317,-7.43556],[31.48039,-7.43346],[31.4818,-7.43184],[31.48052,-7.42919],[31.48152,-7.42689],[31.47896,-7.42397],[31.48103,-7.42448],[31.48045,-7.42176],[31.48249,-7.42188],[31.48138,-7.42083],[31.48246,-7.41758],[31.48131,-7.41602],[31.47909,-7.41706],[31.47894,-7.41559],[31.4801,-7.41451],[31.47907,-7.41316],[31.47714,-7.41292],[31.47603,-7.41105],[31.47832,-7.41007],[31.4784,-7.4092],[31.47719,-7.40923],[31.47638,-7.40784],[31.48,-7.40498],[31.47935,-7.40423],[31.47783,-7.40453],[31.47917,-7.40272],[31.47745,-7.40134],[31.47752,-7.40021],[31.47519,-7.40033],[31.47474,-7.39933],[31.47619,-7.3982],[31.47569,-7.39499],[31.47684,-7.3941],[31.47598,-7.39287],[31.47642,-7.39133],[31.47809,-7.39131],[31.47715,-7.38855],[31.47924,-7.38926],[31.47955,-7.38776],[31.48096,-7.38792],[31.48059,-7.38642],[31.47864,-7.38585],[31.47713,-7.38675],[31.47708,-7.38549],[31.47434,-7.3872],[31.47275,-7.38586],[31.47372,-7.38474],[31.469,-7.38548],[31.46787,-7.38372],[31.46913,-7.38448],[31.4698,-7.38335],[31.46895,-7.38234],[31.46632,-7.38323],[31.46632,-7.38192],[31.46484,-7.38194],[31.4641,-7.38023],[31.46476,-7.37919],[31.46254,-7.37907],[31.46222,-7.38167],[31.46034,-7.38096],[31.45947,-7.3823],[31.45861,-7.38134],[31.4585,-7.38254],[31.45674,-7.38398],[31.45697,-7.38522],[31.4557,-7.38556],[31.45634,-7.38685],[31.45406,-7.38819],[31.45497,-7.39012],[31.45288,-7.39073],[31.45093,-7.39724],[31.41927,-7.40177],[31.41459,-7.40755],[31.41247,-7.41663],[31.4051,-7.41644],[31.3925,-7.42781],[31.3899,-7.43128],[31.38697,-7.4322],[31.39181,-7.44154],[31.38282,-7.44474],[31.36148,-7.44813],[31.35534,-7.43223],[31.34766,-7.39711],[31.33997,-7.35271],[31.33871,-7.32788],[31.34174,-7.28615],[31.34748,-7.25443],[31.3557,-7.25643],[31.36049,-7.2599]]]},"properties":{"region":"Katavi","district":"Mlele","ward":"Mamba","ward_code":"081"}},{"type":"Feature","geometry":{"type":"Polygon","coordinates":[[[31.4641,-7.38023],[31.46484,-7.38194],[31.46632,-7.38192],[31.46632,-7.38323],[31.46895,-7.38234],[31.4698,-7.38335],[31.46913,-7.38448],[31.46787,-7.38372],[31.469,-7.38548],[31.47283,-7.38457],[31.47372,-7.38474],[31.47275,-7.38586],[31.47317,-7.38687],[31.47569,-7.38684],[31.47708,-7.38549],[31.47713,-7.38675],[31.47864,-7.38585],[31.48117,-7.38692],[31.48096,-7.38792],[31.47955,-7.38776],[31.47924,-7.38926],[31.47715,-7.38855],[31.47809,-7.39131],[31.47642,-7.39133],[31.47598,-7.39287],[31.47684,-7.3941],[31.47569,-7.39499],[31.47619,-7.3982],[31.47474,-7.39933],[31.47519,-7.40033],[31.47752,-7.40021],[31.47745,-7.40134],[31.47917,-7.40272],[31.47783,-7.40453],[31.47935,-7.40423],[31.48,-7.40498],[31.47638,-7.40784],[31.47719,-7.40923],[31.4784,-7.4092],[31.47832,-7.41007],[31.47603,-7.41105],[31.47714,-7.41292],[31.47907,-7.41316],[31.4801,-7.41451],[31.47894,-7.41559],[31.47909,-7.41706],[31.48131,-7.41602],[31.48246,-7.41758],[31.48217,-7.42011],[31.47203,-7.42518],[31.45519,-7.42369],[31.45145,-7.42495],[31.44987,-7.43144],[31.43679,-7.45527],[31.43731,-7.46155],[31.4312,-7.46276],[31.4305,-7.46499],[31.42859,-7.46653],[31.42342,-7.4624],[31.42248,-7.46261],[31.42248,-7.46363],[31.41732,-7.46325],[31.41759,-7.46486],[31.41508,-7.46487],[31.41065,-7.46675],[31.40775,-7.46923],[31.39923,-7.47283],[31.39852,-7.47535],[31.38142,-7.48078],[31.36148,-7.44813],[31.38282,-7.44474],[31.39181,-7.44154],[31.38697,-7.4322],[31.3899,-7.43128],[31.3925,-7.42781],[31.4051,-7.41644],[31.41247,-7.41663],[31.41459,-7.40755],[31.41927,-7.40177],[31.45093,-7.39724],[31.45288,-7.39073],[31.45497,-7.39012],[31.45406,-7.38819],[31.45634,-7.38685],[31.4557,-7.38556],[31.45697,-7.38522],[31.45674,-7.38398],[31.4585,-7.38254],[31.45861,-7.38134],[31.45947,-7.3823],[31.46034,-7.38096],[31.46222,-7.38167],[31.46254,-7.37907],[31.46377,-7.37869],[31.46476,-7.37919],[31.4641,-7.38023]]]},"properties":{"region":"Katavi","district":"Mlele","ward":"Kasansa","ward_code":"091"}},{"type":"Feature","geometry":{"type":"Polygon","coordinates":[[[31.32289,-7.13858],[31.3257,-7.13822],[31.32533,-7.13636],[31.32653,-7.13561],[31.32768,-7.13671],[31.32613,-7.13859],[31.32723,-7.1397],[31.33131,-7.13762],[31.33355,-7.13781],[31.33462,-7.14323],[31.33662,-7.14155],[31.33745,-7.14389],[31.3407,-7.14225],[31.3519,-7.1456],[31.35702,-7.14487],[31.36335,-7.16434],[31.36406,-7.17933],[31.37839,-7.18462],[31.3812,-7.18422],[31.39231,-7.18593],[31.39713,-7.18509],[31.40597,-7.18712],[31.43481,-7.19987],[31.43672,-7.21589],[31.43429,-7.22506],[31.43666,-7.22903],[31.43605,-7.23495],[31.4174,-7.22944],[31.40676,-7.22004],[31.3988,-7.22314],[31.39529,-7.22272],[31.38345,-7.21654],[31.36888,-7.21506],[31.3677,-7.21825],[31.36843,-7.21952],[31.36802,-7.22248],[31.36311,-7.22655],[31.3617,-7.23017],[31.35585,-7.23318],[31.35251,-7.23977],[31.35418,-7.2456],[31.35385,-7.24808],[31.34748,-7.25443],[31.34427,-7.25021],[31.33708,-7.24591],[31.33262,-7.24589],[31.32511,-7.24803],[31.32177,-7.2472],[31.31126,-7.23662],[31.3026,-7.23155],[31.28466,-7.23066],[31.28209,-7.22913],[31.27385,-7.21946],[31.27017,-7.21714],[31.26963,-7.20999],[31.27535,-7.19253],[31.27435,-7.16691],[31.28084,-7.15815],[31.27948,-7.15294],[31.28174,-7.1498],[31.28238,-7.14237],[31.28405,-7.13738],[31.30431,-7.13728],[31.30804,-7.1387],[31.31232,-7.13691],[31.31232,-7.13918],[31.31328,-7.14003],[31.31423,-7.139],[31.31727,-7.13921],[31.3172,-7.13758],[31.31855,-7.13726],[31.3196,-7.13934],[31.32059,-7.13893],[31.32072,-7.13418],[31.32202,-7.13337],[31.32389,-7.13432],[31.32289,-7.13858]]]},"properties":{"region":"Katavi","district":"Mlele","ward":"Mbede","ward_code":"011"}},{"type":"Feature","geometry":{"type":"Polygon","coordinates":[[[31.27073,-7.09997],[31.27344,-7.10032],[31.27868,-7.10315],[31.28324,-7.1021],[31.30142,-7.1031],[31.30238,-7.10583],[31.32283,-7.10026],[31.32791,-7.10598],[31.31618,-7.12069],[31.31489,-7.13206],[31.31232,-7.13691],[31.30804,-7.1387],[31.30431,-7.13728],[31.28405,-7.13738],[31.28238,-7.14237],[31.28174,-7.1498],[31.27948,-7.15294],[31.28084,-7.15815],[31.27435,-7.16691],[31.27535,-7.19253],[31.26963,-7.20999],[31.27017,-7.21714],[31.26039,-7.21459],[31.25177,-7.21497],[31.24351,-7.21347],[31.2323,-7.21876],[31.21923,-7.21625],[31.20264,-7.21546],[31.19558,-7.21415],[31.19532,-7.20224],[31.19925,-7.16935],[31.19828,-7.15104],[31.19951,-7.134],[31.19896,-7.12421],[31.19985,-7.10691],[31.20161,-7.10508],[31.2066,-7.10516],[31.20661,-7.10397],[31.20843,-7.10354],[31.21133,-7.10428],[31.2106,-7.10121],[31.21242,-7.10031],[31.21811,-7.10395],[31.22168,-7.10272],[31.22327,-7.10339],[31.22457,-7.10181],[31.22729,-7.10136],[31.22743,-7.10333],[31.22875,-7.10338],[31.23058,-7.10072],[31.23355,-7.09974],[31.2365,-7.10075],[31.23958,-7.09998],[31.24043,-7.10196],[31.24508,-7.10334],[31.24769,-7.10202],[31.24774,-7.0994],[31.24913,-7.10033],[31.2497,-7.10238],[31.25264,-7.10249],[31.25594,-7.10129],[31.26143,-7.09262],[31.26643,-7.09373],[31.26684,-7.09777],[31.27073,-7.09997]]]},"properties":{"region":"Katavi","district":"Mlele","ward":"Usevya","ward_code":"023"}},{"type":"Feature","geometry":{"type":"Polygon","coordinates":[[[31.20778,-7.02021],[31.19703,-7.0475],[31.19036,-7.07544],[31.19395,-7.08354],[31.19448,-7.08709],[31.19449,-7.09035],[31.19206,-7.09529],[31.19401,-7.10377],[31.1956,-7.10618],[31.1951,-7.10823],[31.19762,-7.10958],[31.19985,-7.10691],[31.19896,-7.12421],[31.19951,-7.134],[31.19828,-7.15104],[31.19925,-7.16935],[31.19532,-7.20224],[31.19558,-7.21415],[31.18735,-7.21372],[31.18514,-7.21061],[31.18303,-7.21066],[31.17967,-7.21498],[31.17323,-7.21711],[31.17116,-7.21664],[31.1647,-7.22036],[31.16183,-7.21982],[31.1567,-7.21178],[31.1543,-7.21054],[31.1504,-7.20473],[31.13983,-7.1931],[31.13947,-7.19109],[31.13783,-7.19052],[31.12762,-7.17506],[31.11998,-7.16565],[31.11639,-7.16503],[31.07956,-7.15103],[31.03744,-7.13319],[31.03385,-7.13481],[31.02484,-7.1281],[31.00959,-7.12403],[30.99047,-7.11625],[30.98615,-7.11354],[30.96534,-7.08834],[30.95518,-7.07881],[30.97552,-7.07122],[30.99438,-7.0434],[31.02179,-7.02805],[31.0618,-7.02669],[31.08932,-7.02761],[31.11503,-7.02598],[31.11739,-7.02454],[31.12266,-7.02492],[31.12918,-7.02713],[31.14643,-7.0252],[31.15999,-7.02076],[31.20778,-7.02021]]]},"properties":{"region":"Katavi","district":"Mlele","ward":"Kibaoni","ward_code":"031"}},{"type":"Feature","geometry":{"type":"Polygon","coordinates":[[[31.24207,-7.04487],[31.24412,-7.04544],[31.24627,-7.04443],[31.24937,-7.04637],[31.25042,-7.04498],[31.2505,-7.04394],[31.24962,-7.04377],[31.25035,-7.0404],[31.25229,-7.04071],[31.25474,-7.03945],[31.25438,-7.03715],[31.25565,-7.03612],[31.25531,-7.03509],[31.25668,-7.03497],[31.25684,-7.03675],[31.25769,-7.03602],[31.25652,-7.03326],[31.25946,-7.03299],[31.25866,-7.03092],[31.26143,-7.02916],[31.26104,-7.02699],[31.26619,-7.02804],[31.26931,-7.0317],[31.27068,-7.03001],[31.2719,-7.03017],[31.27204,-7.02879],[31.27448,-7.02862],[31.27453,-7.03065],[31.27677,-7.03161],[31.27805,-7.03177],[31.2782,-7.03083],[31.28014,-7.03032],[31.27959,-7.03377],[31.2835,-7.03254],[31.28399,-7.03346],[31.28349,-7.03542],[31.28234,-7.0359],[31.28243,-7.03763],[31.28584,-7.03894],[31.29125,-7.03793],[31.29419,-7.03525],[31.2982,-7.0353],[31.29875,-7.03454],[31.29804,-7.0335],[31.29965,-7.0322],[31.30403,-7.03529],[31.30479,-7.03455],[31.30633,-7.03559],[31.31055,-7.03451],[31.31931,-7.03951],[31.31959,-7.03751],[31.32192,-7.04119],[31.32385,-7.0414],[31.32555,-7.04296],[31.32658,-7.04241],[31.32657,-7.04435],[31.33172,-7.05041],[31.33284,-7.05052],[31.33322,-7.04894],[31.33501,-7.05092],[31.33577,-7.05046],[31.33576,-7.05255],[31.33737,-7.05267],[31.33652,-7.05442],[31.33795,-7.05644],[31.33627,-7.05781],[31.33921,-7.06076],[31.33911,-7.0639],[31.34181,-7.06479],[31.34283,-7.06379],[31.34491,-7.06582],[31.34342,-7.07015],[31.34068,-7.07061],[31.34111,-7.07396],[31.33975,-7.07492],[31.34186,-7.0756],[31.34125,-7.07829],[31.34328,-7.07775],[31.34517,-7.07895],[31.34507,-7.08118],[31.34238,-7.08146],[31.34633,-7.08572],[31.34517,-7.08717],[31.3467,-7.0883],[31.34558,-7.08944],[31.34781,-7.0918],[31.32791,-7.10598],[31.32283,-7.10026],[31.30238,-7.10583],[31.30142,-7.1031],[31.28324,-7.1021],[31.27868,-7.10315],[31.26684,-7.09777],[31.26643,-7.09373],[31.26143,-7.09262],[31.25594,-7.10129],[31.25264,-7.10249],[31.2497,-7.10238],[31.24913,-7.10033],[31.24774,-7.0994],[31.24769,-7.10202],[31.24508,-7.10334],[31.24043,-7.10196],[31.23958,-7.09998],[31.2365,-7.10075],[31.23355,-7.09974],[31.23058,-7.10072],[31.22875,-7.10338],[31.22743,-7.10333],[31.22729,-7.10136],[31.22457,-7.10181],[31.22327,-7.10339],[31.22168,-7.10272],[31.21811,-7.10395],[31.21242,-7.10031],[31.2106,-7.10121],[31.21133,-7.10428],[31.20843,-7.10354],[31.20661,-7.10397],[31.2066,-7.10516],[31.20161,-7.10508],[31.20068,-7.10658],[31.19874,-7.10731],[31.19762,-7.10958],[31.1963,-7.10952],[31.1951,-7.10823],[31.1956,-7.10618],[31.19401,-7.10377],[31.19216,-7.0964],[31.19449,-7.09035],[31.19448,-7.08709],[31.19395,-7.08354],[31.19036,-7.07544],[31.19056,-7.07325],[31.19703,-7.0475],[31.20778,-7.02021],[31.24911,-7.01993],[31.25044,-7.02179],[31.24802,-7.02197],[31.24536,-7.02417],[31.24566,-7.02654],[31.24323,-7.02691],[31.2434,-7.02978],[31.24007,-7.03268],[31.241,-7.03418],[31.24062,-7.03545],[31.23787,-7.03641],[31.23957,-7.04247],[31.24207,-7.04487]]]},"properties":{"region":"Katavi","district":"Mlele","ward":"Ikuba","ward_code":"041"}}]}