{"type":"FeatureCollection","features":[{"type":"Feature","geometry":{"type":"Polygon","coordinates":[[[30.7965,-3.50442],[30.80981,-3.50445],[30.81337,-3.50248],[30.82192,-3.51454],[30.8299,-3.51384],[30.83728,-3.52244],[30.84466,-3.5215],[30.87169,-3.49801],[30.87856,-3.49649],[30.88326,-3.49101],[30.89259,-3.48771],[30.8972,-3.48725],[30.90032,-3.4856],[30.91379,-3.51639],[30.91487,-3.5323],[30.89152,-3.54362],[30.84609,-3.55148],[30.81636,-3.56178],[30.7945,-3.57162],[30.78888,-3.56715],[30.78424,-3.56654],[30.77875,-3.56341],[30.77523,-3.55747],[30.77103,-3.55696],[30.77017,-3.55941],[30.76632,-3.56106],[30.76053,-3.55173],[30.75409,-3.55498],[30.74974,-3.55892],[30.74657,-3.56348],[30.73416,-3.57088],[30.72831,-3.57206],[30.72769,-3.56441],[30.72504,-3.55923],[30.72866,-3.5555],[30.72963,-3.53736],[30.72328,-3.50292],[30.71556,-3.48819],[30.7237,-3.48381],[30.73006,-3.47746],[30.74267,-3.47238],[30.76032,-3.45856],[30.77142,-3.45645],[30.7703,-3.46003],[30.77078,-3.4662],[30.78111,-3.48686],[30.78112,-3.49269],[30.78752,-3.4945],[30.79004,-3.4999],[30.7965,-3.50442]]]},"properties":{"region":"Kigoma","district":"Kibondo","ward":"Misezero","ward_code":"011"}},{"type":"Feature","geometry":{"type":"Polygon","coordinates":[[[30.72328,-3.50292],[30.72963,-3.53736],[30.72866,-3.5555],[30.72504,-3.55923],[30.71583,-3.55957],[30.7103,-3.56574],[30.70702,-3.56744],[30.69329,-3.56712],[30.69206,-3.57931],[30.67835,-3.59206],[30.68176,-3.60177],[30.68716,-3.60869],[30.68031,-3.60621],[30.67362,-3.6075],[30.67043,-3.61144],[30.66766,-3.60846],[30.66217,-3.61293],[30.65914,-3.61324],[30.6585,-3.60878],[30.65948,-3.60451],[30.65649,-3.59958],[30.65905,-3.59665],[30.65705,-3.58685],[30.66079,-3.57931],[30.66742,-3.57646],[30.66814,-3.57254],[30.66671,-3.5697],[30.66685,-3.56326],[30.6698,-3.5561],[30.66927,-3.55151],[30.67306,-3.5527],[30.67708,-3.55221],[30.68021,-3.5465],[30.68587,-3.54304],[30.68768,-3.51943],[30.68476,-3.50441],[30.69383,-3.5018],[30.70415,-3.49524],[30.71178,-3.49208],[30.71556,-3.48819],[30.72328,-3.50292]]]},"properties":{"region":"Kigoma","district":"Kibondo","ward":"Bitare","ward_code":"021"}},{"type":"Feature","geometry":{"type":"Polygon","coordinates":[[[30.76053,-3.55173],[30.76632,-3.56106],[30.77017,-3.55941],[30.77103,-3.55696],[30.77523,-3.55747],[30.77875,-3.56341],[30.78424,-3.56654],[30.78888,-3.56715],[30.7945,-3.57162],[30.79328,-3.5747],[30.78982,-3.57903],[30.78597,-3.58195],[30.77316,-3.58444],[30.76826,-3.58803],[30.7576,-3.5884],[30.75269,-3.59239],[30.74858,-3.59247],[30.73821,-3.59569],[30.73462,-3.5985],[30.73057,-3.59764],[30.7299,-3.60061],[30.72558,-3.60022],[30.7219,-3.5987],[30.71643,-3.59571],[30.71593,-3.59446],[30.71571,-3.5954],[30.7132,-3.59632],[30.71149,-3.59583],[30.71002,-3.59446],[30.71057,-3.59354],[30.70672,-3.59235],[30.70755,-3.59085],[30.70567,-3.58702],[30.70866,-3.5826],[30.70824,-3.58036],[30.71216,-3.57941],[30.71412,-3.57749],[30.71583,-3.57817],[30.71827,-3.57629],[30.72084,-3.57696],[30.72588,-3.57293],[30.73416,-3.57088],[30.74657,-3.56348],[30.74974,-3.55892],[30.75409,-3.55498],[30.76053,-3.55173]]]},"properties":{"region":"Kigoma","district":"Kibondo","ward":"Kibondo Mjini","ward_code":"033"}},{"type":"Feature","geometry":{"type":"Polygon","coordinates":[[[30.87765,-3.57032],[30.88738,-3.57203],[30.91919,-3.56592],[30.91568,-3.58726],[30.93738,-3.57555],[30.93836,-3.59273],[30.92955,-3.60977],[30.91577,-3.61494],[30.91897,-3.64972],[30.91769,-3.6502],[30.91976,-3.66946],[30.91806,-3.67997],[30.92045,-3.69097],[30.90909,-3.68868],[30.89672,-3.68364],[30.89091,-3.69051],[30.89126,-3.70107],[30.8866,-3.70888],[30.87929,-3.71489],[30.87161,-3.71804],[30.83461,-3.75134],[30.81824,-3.74914],[30.80244,-3.7275],[30.79393,-3.72833],[30.78616,-3.72333],[30.78336,-3.71796],[30.77532,-3.71404],[30.76962,-3.71606],[30.76481,-3.71151],[30.76297,-3.70784],[30.7596,-3.70541],[30.76241,-3.69984],[30.75861,-3.69882],[30.75283,-3.6735],[30.76408,-3.65876],[30.78643,-3.65886],[30.79349,-3.65079],[30.79582,-3.64095],[30.79877,-3.63657],[30.79958,-3.63163],[30.7998,-3.62592],[30.79501,-3.62363],[30.78918,-3.61461],[30.78213,-3.60932],[30.78004,-3.6041],[30.78182,-3.59683],[30.78051,-3.59323],[30.77864,-3.59125],[30.77568,-3.59132],[30.77519,-3.58989],[30.77768,-3.58576],[30.77661,-3.58381],[30.78597,-3.58195],[30.79117,-3.57762],[30.7945,-3.57162],[30.81636,-3.56178],[30.84609,-3.55148],[30.88073,-3.54549],[30.87765,-3.57032]]]},"properties":{"region":"Kigoma","district":"Kibondo","ward":"Murungu","ward_code":"041"}},{"type":"Feature","geometry":{"type":"Polygon","coordinates":[[[30.68476,-3.50441],[30.68768,-3.51943],[30.68587,-3.54304],[30.68021,-3.5465],[30.67708,-3.55221],[30.67306,-3.5527],[30.66927,-3.55151],[30.6698,-3.5561],[30.66685,-3.56326],[30.66671,-3.5697],[30.66814,-3.57254],[30.66742,-3.57646],[30.66079,-3.57931],[30.65705,-3.58685],[30.65905,-3.59665],[30.65649,-3.59958],[30.65948,-3.60451],[30.6585,-3.60878],[30.65914,-3.61324],[30.66197,-3.61851],[30.66062,-3.62162],[30.65725,-3.62339],[30.65179,-3.6193],[30.64513,-3.61734],[30.64411,-3.61477],[30.62972,-3.60876],[30.62216,-3.60945],[30.62053,-3.60763],[30.62184,-3.60171],[30.61955,-3.59846],[30.61941,-3.59508],[30.61743,-3.59095],[30.61518,-3.5922],[30.6105,-3.59758],[30.60203,-3.59236],[30.58742,-3.59127],[30.57952,-3.58815],[30.57245,-3.59015],[30.56719,-3.57212],[30.55983,-3.56691],[30.54781,-3.55118],[30.546,-3.55055],[30.54341,-3.54715],[30.5478,-3.5453],[30.54843,-3.54452],[30.54755,-3.54367],[30.5495,-3.54146],[30.55094,-3.54147],[30.55191,-3.54386],[30.55281,-3.54295],[30.55474,-3.54443],[30.55641,-3.54425],[30.55742,-3.54238],[30.55834,-3.54347],[30.56093,-3.54375],[30.56204,-3.54199],[30.56498,-3.54424],[30.56325,-3.5412],[30.56472,-3.53892],[30.56394,-3.53765],[30.5666,-3.53755],[30.56637,-3.54008],[30.56856,-3.54114],[30.56968,-3.53929],[30.56771,-3.53612],[30.56958,-3.53586],[30.57103,-3.53691],[30.57084,-3.53787],[30.57227,-3.53801],[30.57271,-3.53432],[30.57504,-3.53285],[30.5755,-3.53107],[30.57916,-3.53317],[30.58398,-3.5338],[30.58746,-3.52923],[30.58813,-3.52631],[30.59159,-3.52712],[30.59296,-3.52508],[30.59583,-3.52559],[30.59662,-3.52481],[30.59691,-3.52624],[30.59929,-3.52627],[30.6008,-3.52403],[30.60001,-3.524],[30.59997,-3.52287],[30.60132,-3.52273],[30.60221,-3.52089],[30.60499,-3.52212],[30.60679,-3.52103],[30.60608,-3.51971],[30.60711,-3.51817],[30.60489,-3.51624],[30.60742,-3.51512],[30.60796,-3.51607],[30.61142,-3.51404],[30.61197,-3.51517],[30.61033,-3.5169],[30.61087,-3.51764],[30.61313,-3.51698],[30.61368,-3.51487],[30.61513,-3.51453],[30.61398,-3.51298],[30.61682,-3.51323],[30.61638,-3.51476],[30.61822,-3.51542],[30.61839,-3.51387],[30.61933,-3.51342],[30.62009,-3.51452],[30.62124,-3.51425],[30.62144,-3.51197],[30.6233,-3.51279],[30.62412,-3.51256],[30.62391,-3.51142],[30.62581,-3.51122],[30.62608,-3.51227],[30.62773,-3.51176],[30.6283,-3.50962],[30.63039,-3.50927],[30.63189,-3.5108],[30.63429,-3.51018],[30.63475,-3.50832],[30.63643,-3.50699],[30.64102,-3.50859],[30.64304,-3.50836],[30.64505,-3.51051],[30.649,-3.50968],[30.65395,-3.51004],[30.66325,-3.51196],[30.66797,-3.50864],[30.67553,-3.50653],[30.68011,-3.5063],[30.68476,-3.50441]]]},"properties":{"region":"Kigoma","district":"Kibondo","ward":"Bunyambo","ward_code":"111"}},{"type":"Feature","geometry":{"type":"Polygon","coordinates":[[[30.68031,-3.60621],[30.68716,-3.60869],[30.694,-3.61723],[30.70191,-3.61891],[30.70533,-3.63133],[30.6987,-3.64043],[30.69803,-3.64663],[30.68108,-3.63798],[30.66724,-3.63493],[30.66358,-3.63695],[30.6588,-3.63675],[30.65333,-3.64261],[30.63545,-3.65058],[30.63244,-3.64882],[30.62864,-3.63975],[30.6277,-3.63389],[30.61629,-3.63614],[30.61329,-3.63075],[30.61703,-3.61829],[30.62216,-3.60945],[30.62972,-3.60876],[30.64411,-3.61477],[30.64513,-3.61734],[30.65179,-3.6193],[30.65725,-3.62339],[30.66062,-3.62162],[30.66197,-3.61851],[30.65914,-3.61324],[30.66217,-3.61293],[30.66766,-3.60846],[30.67043,-3.61144],[30.67362,-3.6075],[30.68031,-3.60621]]]},"properties":{"region":"Kigoma","district":"Kibondo","ward":"Kitahana","ward_code":"131"}},{"type":"Feature","geometry":{"type":"Polygon","coordinates":[[[30.77768,-3.58576],[30.77519,-3.58989],[30.77568,-3.59132],[30.77864,-3.59125],[30.78051,-3.59323],[30.78182,-3.59683],[30.78004,-3.6041],[30.78213,-3.60932],[30.78918,-3.61461],[30.79501,-3.62363],[30.7998,-3.62592],[30.79958,-3.63163],[30.79877,-3.63657],[30.79582,-3.64095],[30.79349,-3.65079],[30.78643,-3.65886],[30.76408,-3.65876],[30.75283,-3.6735],[30.75861,-3.69882],[30.75392,-3.69755],[30.74418,-3.69907],[30.73555,-3.69423],[30.72913,-3.68934],[30.72132,-3.68137],[30.71036,-3.68323],[30.70476,-3.67881],[30.69315,-3.67473],[30.69062,-3.66551],[30.69514,-3.65761],[30.69579,-3.65064],[30.69803,-3.64663],[30.6987,-3.64043],[30.70533,-3.63133],[30.70191,-3.61891],[30.7041,-3.61612],[30.70713,-3.61478],[30.70891,-3.61205],[30.7174,-3.61344],[30.7226,-3.61215],[30.72655,-3.61337],[30.72607,-3.60645],[30.72703,-3.60054],[30.7299,-3.60061],[30.73057,-3.59764],[30.73462,-3.5985],[30.73821,-3.59569],[30.74858,-3.59247],[30.75269,-3.59239],[30.7576,-3.5884],[30.76826,-3.58803],[30.77316,-3.58444],[30.77661,-3.58381],[30.77768,-3.58576]]]},"properties":{"region":"Kigoma","district":"Kibondo","ward":"Biturana","ward_code":"143"}},{"type":"Feature","geometry":{"type":"Polygon","coordinates":[[[30.72769,-3.56441],[30.72831,-3.57206],[30.72588,-3.57293],[30.72084,-3.57696],[30.71827,-3.57629],[30.71583,-3.57817],[30.71412,-3.57749],[30.71216,-3.57941],[30.70824,-3.58036],[30.70866,-3.5826],[30.70567,-3.58702],[30.70755,-3.59085],[30.70672,-3.59235],[30.71057,-3.59354],[30.71002,-3.59446],[30.71149,-3.59583],[30.7132,-3.59632],[30.71571,-3.5954],[30.71593,-3.59446],[30.71643,-3.59571],[30.72703,-3.60054],[30.72607,-3.60645],[30.72655,-3.61337],[30.7226,-3.61215],[30.7174,-3.61344],[30.70891,-3.61205],[30.70713,-3.61478],[30.7041,-3.61612],[30.70191,-3.61891],[30.694,-3.61723],[30.68176,-3.60177],[30.67835,-3.59206],[30.69206,-3.57931],[30.69329,-3.56712],[30.70702,-3.56744],[30.7103,-3.56574],[30.71583,-3.55957],[30.72504,-3.55923],[30.72769,-3.56441]]]},"properties":{"region":"Kigoma","district":"Kibondo","ward":"Kumwambu","ward_code":"153"}},{"type":"Feature","geometry":{"type":"Polygon","coordinates":[[[30.66774,-3.63491],[30.68361,-3.63898],[30.69803,-3.64663],[30.69579,-3.65064],[30.69514,-3.65761],[30.69062,-3.66551],[30.69315,-3.67473],[30.70476,-3.67881],[30.71036,-3.68323],[30.72132,-3.68137],[30.72913,-3.68934],[30.73555,-3.69423],[30.74418,-3.69907],[30.75392,-3.69755],[30.76241,-3.69984],[30.7596,-3.70541],[30.76297,-3.70784],[30.76481,-3.71151],[30.76962,-3.71606],[30.77532,-3.71404],[30.78336,-3.71796],[30.78616,-3.72333],[30.79393,-3.72833],[30.80244,-3.7275],[30.81824,-3.74914],[30.7966,-3.74866],[30.7795,-3.74363],[30.75839,-3.74394],[30.75732,-3.74612],[30.74969,-3.74606],[30.74712,-3.74194],[30.74325,-3.74239],[30.74135,-3.73839],[30.73527,-3.73365],[30.73261,-3.73409],[30.72846,-3.73175],[30.72589,-3.73111],[30.72258,-3.73207],[30.72204,-3.7305],[30.71876,-3.72992],[30.71766,-3.73082],[30.71569,-3.73028],[30.71359,-3.73097],[30.70706,-3.72952],[30.69902,-3.73392],[30.6885,-3.73227],[30.67242,-3.72618],[30.66663,-3.72988],[30.65083,-3.72897],[30.64481,-3.73359],[30.64246,-3.73755],[30.63884,-3.73782],[30.636,-3.73621],[30.63671,-3.73168],[30.63436,-3.72775],[30.63347,-3.7184],[30.63153,-3.71663],[30.63052,-3.71189],[30.62881,-3.70964],[30.62703,-3.70939],[30.62744,-3.70642],[30.6209,-3.70055],[30.63056,-3.68657],[30.63372,-3.67875],[30.63589,-3.66454],[30.64291,-3.6566],[30.63545,-3.65058],[30.65333,-3.64261],[30.6588,-3.63675],[30.66358,-3.63695],[30.66774,-3.63491]]]},"properties":{"region":"Kigoma","district":"Kibondo","ward":"Rusohoko","ward_code":"191"}},{"type":"Feature","geometry":{"type":"Polygon","coordinates":[[[30.44025,-3.69897],[30.44393,-3.7017],[30.44568,-3.707],[30.44408,-3.70878],[30.44385,-3.71075],[30.44487,-3.71122],[30.44389,-3.71225],[30.44606,-3.71316],[30.44577,-3.71479],[30.4464,-3.71445],[30.44904,-3.71674],[30.45003,-3.7195],[30.45177,-3.72005],[30.45251,-3.72178],[30.4541,-3.72142],[30.45401,-3.72257],[30.45781,-3.72249],[30.46142,-3.72472],[30.46336,-3.72469],[30.46355,-3.72328],[30.46605,-3.72333],[30.46587,-3.72476],[30.46751,-3.72508],[30.46721,-3.72593],[30.4684,-3.72681],[30.46752,-3.72792],[30.46834,-3.72872],[30.4676,-3.72993],[30.46904,-3.73123],[30.46832,-3.73343],[30.47532,-3.73477],[30.47988,-3.74034],[30.47883,-3.74594],[30.47914,-3.74981],[30.4813,-3.75348],[30.48231,-3.7617],[30.46269,-3.77188],[30.43158,-3.7682],[30.42554,-3.77428],[30.42704,-3.79181],[30.42973,-3.80771],[30.43507,-3.81659],[30.45462,-3.84208],[30.45423,-3.85286],[30.45303,-3.85258],[30.45086,-3.85433],[30.44802,-3.8544],[30.44727,-3.85623],[30.44363,-3.85509],[30.44345,-3.85591],[30.44169,-3.85546],[30.4403,-3.85767],[30.43901,-3.85734],[30.4393,-3.85871],[30.43643,-3.8603],[30.43576,-3.86182],[30.43367,-3.86003],[30.43144,-3.86016],[30.4304,-3.86141],[30.42733,-3.86142],[30.42511,-3.8655],[30.42286,-3.86531],[30.41689,-3.86806],[30.4142,-3.86266],[30.41309,-3.86154],[30.41107,-3.8617],[30.41046,-3.85772],[30.4094,-3.8571],[30.40679,-3.85831],[30.40652,-3.85575],[30.40316,-3.85261],[30.40083,-3.85704],[30.39932,-3.85557],[30.40068,-3.85408],[30.39758,-3.85254],[30.3986,-3.84517],[30.40095,-3.84181],[30.40019,-3.84128],[30.40083,-3.84004],[30.39979,-3.83959],[30.40186,-3.83657],[30.40075,-3.83612],[30.40039,-3.83312],[30.39836,-3.8303],[30.39916,-3.82799],[30.40144,-3.82811],[30.40142,-3.82579],[30.40426,-3.82355],[30.40725,-3.82465],[30.40587,-3.82122],[30.40852,-3.8214],[30.40855,-3.82008],[30.41062,-3.81771],[30.40917,-3.81623],[30.40853,-3.80989],[30.40542,-3.80977],[30.4044,-3.8086],[30.40474,-3.80373],[30.40343,-3.80159],[30.40347,-3.7972],[30.40171,-3.79753],[30.40064,-3.79476],[30.40228,-3.79231],[30.40393,-3.79293],[30.40452,-3.79168],[30.40336,-3.78936],[30.40493,-3.78915],[30.40398,-3.78772],[30.40478,-3.78692],[30.40538,-3.78755],[30.40589,-3.78635],[30.40963,-3.78407],[30.41042,-3.78078],[30.40929,-3.77851],[30.40976,-3.77518],[30.40801,-3.77332],[30.40965,-3.76494],[30.40919,-3.76441],[30.4083,-3.76538],[30.40727,-3.76322],[30.40536,-3.76326],[30.40531,-3.76204],[30.40375,-3.76163],[30.40361,-3.75897],[30.40255,-3.7589],[30.4041,-3.75657],[30.40322,-3.75539],[30.40451,-3.75455],[30.4027,-3.74952],[30.40148,-3.74906],[30.40208,-3.74736],[30.40059,-3.74709],[30.39984,-3.74445],[30.40097,-3.74358],[30.39718,-3.73875],[30.39819,-3.73664],[30.39949,-3.73672],[30.3978,-3.73286],[30.39849,-3.73155],[30.39637,-3.73002],[30.39435,-3.73064],[30.39288,-3.72894],[30.391,-3.7287],[30.38862,-3.72284],[30.38868,-3.72058],[30.3901,-3.7186],[30.39148,-3.71827],[30.39097,-3.71515],[30.3917,-3.71441],[30.39907,-3.71187],[30.40184,-3.71405],[30.40441,-3.71269],[30.40471,-3.7136],[30.40691,-3.71396],[30.40961,-3.71007],[30.41379,-3.70847],[30.41356,-3.70683],[30.41502,-3.7067],[30.41615,-3.70439],[30.41891,-3.70495],[30.42032,-3.70338],[30.42117,-3.70426],[30.42557,-3.70379],[30.42596,-3.7057],[30.42775,-3.70612],[30.42812,-3.70763],[30.42904,-3.7078],[30.43116,-3.70624],[30.4307,-3.70521],[30.43209,-3.70562],[30.43239,-3.70341],[30.43357,-3.70315],[30.43437,-3.7013],[30.43614,-3.70144],[30.43761,-3.6994],[30.44025,-3.69897]]]},"properties":{"region":"Kigoma","district":"Kibondo","ward":"Kumsenga","ward_code":"081"}},{"type":"Feature","geometry":{"type":"Polygon","coordinates":[[[30.50859,-3.61369],[30.52594,-3.61672],[30.53099,-3.62128],[30.52712,-3.62965],[30.5288,-3.63961],[30.52763,-3.64511],[30.53176,-3.66296],[30.53398,-3.67901],[30.53232,-3.68767],[30.52843,-3.69387],[30.52975,-3.70114],[30.52909,-3.7036],[30.53631,-3.71415],[30.53438,-3.71465],[30.53407,-3.71569],[30.53276,-3.71601],[30.53216,-3.71515],[30.52971,-3.71599],[30.52669,-3.71879],[30.52151,-3.71881],[30.51949,-3.72247],[30.50929,-3.72586],[30.4986,-3.72569],[30.49555,-3.7278],[30.49425,-3.73032],[30.49196,-3.73095],[30.48643,-3.72914],[30.47954,-3.72934],[30.47275,-3.7321],[30.46858,-3.73204],[30.46904,-3.73123],[30.4676,-3.72993],[30.46834,-3.72872],[30.46752,-3.72792],[30.4684,-3.72681],[30.46721,-3.72593],[30.46751,-3.72508],[30.46587,-3.72476],[30.46605,-3.72333],[30.46355,-3.72328],[30.46336,-3.72469],[30.46142,-3.72472],[30.45781,-3.72249],[30.45401,-3.72257],[30.4541,-3.72142],[30.45251,-3.72178],[30.45177,-3.72005],[30.45003,-3.7195],[30.44904,-3.71674],[30.4464,-3.71445],[30.44577,-3.71479],[30.44606,-3.71316],[30.44389,-3.71225],[30.44487,-3.71122],[30.44385,-3.71075],[30.44408,-3.70878],[30.44568,-3.707],[30.44393,-3.7017],[30.44058,-3.69987],[30.44116,-3.69898],[30.43994,-3.69851],[30.43761,-3.6994],[30.43614,-3.70144],[30.43437,-3.7013],[30.43357,-3.70315],[30.43239,-3.70341],[30.43209,-3.70562],[30.4307,-3.70521],[30.43116,-3.70624],[30.42904,-3.7078],[30.42812,-3.70763],[30.42775,-3.70612],[30.42596,-3.7057],[30.42557,-3.70379],[30.42117,-3.70426],[30.42032,-3.70338],[30.41891,-3.70495],[30.41615,-3.70439],[30.41502,-3.7067],[30.41356,-3.70683],[30.41379,-3.70847],[30.40961,-3.71007],[30.40691,-3.71396],[30.40471,-3.7136],[30.40441,-3.71269],[30.40184,-3.71405],[30.39907,-3.71187],[30.39119,-3.71519],[30.38898,-3.71455],[30.38777,-3.71529],[30.38714,-3.71415],[30.38877,-3.71303],[30.38855,-3.71145],[30.39071,-3.70999],[30.3923,-3.70571],[30.39414,-3.7042],[30.39719,-3.70472],[30.40098,-3.7001],[30.39945,-3.69906],[30.39949,-3.69796],[30.40177,-3.69619],[30.40367,-3.69286],[30.40192,-3.69111],[30.40295,-3.68977],[30.40255,-3.68836],[30.40425,-3.68791],[30.4052,-3.68624],[30.40454,-3.68559],[30.40627,-3.68518],[30.40611,-3.68624],[30.40836,-3.68762],[30.40935,-3.68651],[30.40772,-3.68208],[30.40616,-3.68056],[30.40618,-3.67899],[30.41078,-3.67838],[30.41183,-3.67574],[30.40997,-3.67489],[30.41038,-3.6741],[30.40803,-3.67002],[30.40893,-3.66994],[30.41083,-3.66644],[30.41141,-3.66701],[30.41256,-3.66577],[30.41447,-3.66559],[30.41536,-3.66394],[30.41372,-3.66373],[30.41541,-3.66196],[30.41453,-3.66165],[30.41541,-3.66103],[30.4151,-3.65994],[30.41618,-3.66007],[30.41466,-3.65838],[30.41573,-3.65858],[30.41561,-3.65395],[30.41718,-3.65249],[30.41747,-3.65377],[30.419,-3.65403],[30.41843,-3.65345],[30.41949,-3.65228],[30.41831,-3.6509],[30.41861,-3.64966],[30.42036,-3.64958],[30.41947,-3.64828],[30.42064,-3.64799],[30.42159,-3.64582],[30.42219,-3.64297],[30.42139,-3.64105],[30.42333,-3.64084],[30.42414,-3.63972],[30.42793,-3.64112],[30.42731,-3.63944],[30.42659,-3.63982],[30.42677,-3.63772],[30.43546,-3.63761],[30.44449,-3.63957],[30.45513,-3.6365],[30.46471,-3.63516],[30.46585,-3.6322],[30.4728,-3.63072],[30.47083,-3.62893],[30.47287,-3.62729],[30.47664,-3.62693],[30.47936,-3.62427],[30.4792,-3.61987],[30.48524,-3.6169],[30.48824,-3.61372],[30.49553,-3.61447],[30.50859,-3.61369]]]},"properties":{"region":"Kigoma","district":"Kibondo","ward":"Kizazi","ward_code":"091"}},{"type":"Feature","geometry":{"type":"Polygon","coordinates":[[[30.49726,-3.51645],[30.4981,-3.51788],[30.50123,-3.51707],[30.50389,-3.51874],[30.50885,-3.51938],[30.51081,-3.52175],[30.51195,-3.52676],[30.50861,-3.53179],[30.5064,-3.53732],[30.50458,-3.53886],[30.50497,-3.54017],[30.50346,-3.5402],[30.50298,-3.54262],[30.50502,-3.54417],[30.50338,-3.54619],[30.50439,-3.55271],[30.5037,-3.55432],[30.5042,-3.5557],[30.50978,-3.55964],[30.50944,-3.56258],[30.51227,-3.56348],[30.5121,-3.56627],[30.51436,-3.56922],[30.514,-3.57247],[30.51804,-3.58173],[30.52269,-3.58898],[30.5243,-3.59416],[30.52635,-3.59343],[30.52635,-3.59202],[30.52779,-3.5904],[30.52681,-3.58896],[30.5277,-3.58615],[30.52586,-3.58472],[30.52727,-3.58377],[30.5291,-3.5845],[30.52927,-3.58247],[30.53004,-3.58221],[30.52968,-3.57958],[30.53134,-3.5783],[30.53507,-3.57772],[30.53536,-3.57535],[30.53419,-3.57235],[30.53605,-3.566],[30.53926,-3.56438],[30.54134,-3.56161],[30.54007,-3.55853],[30.54657,-3.5584],[30.54762,-3.5548],[30.54915,-3.55358],[30.55983,-3.56691],[30.56719,-3.57212],[30.57245,-3.59015],[30.56965,-3.59646],[30.56618,-3.60188],[30.5611,-3.60529],[30.5566,-3.60636],[30.55338,-3.60896],[30.54457,-3.60958],[30.54019,-3.6113],[30.53494,-3.61663],[30.52698,-3.6169],[30.50859,-3.61369],[30.49553,-3.61447],[30.48824,-3.61372],[30.48524,-3.6169],[30.4792,-3.61987],[30.47936,-3.62427],[30.47664,-3.62693],[30.47287,-3.62729],[30.47083,-3.62893],[30.4728,-3.63072],[30.46585,-3.6322],[30.46471,-3.63516],[30.45513,-3.6365],[30.44449,-3.63957],[30.43546,-3.63761],[30.42774,-3.63783],[30.42735,-3.63724],[30.43072,-3.6366],[30.42926,-3.63595],[30.42913,-3.63375],[30.43102,-3.63385],[30.43274,-3.63259],[30.43336,-3.62777],[30.43021,-3.62776],[30.42975,-3.62618],[30.42999,-3.62463],[30.43444,-3.6217],[30.43341,-3.6192],[30.43581,-3.62092],[30.43598,-3.61856],[30.43667,-3.62],[30.43786,-3.61863],[30.4416,-3.62019],[30.44389,-3.61727],[30.44687,-3.61539],[30.4467,-3.61236],[30.44761,-3.61121],[30.44871,-3.61315],[30.4524,-3.61007],[30.45136,-3.60771],[30.45607,-3.60615],[30.45482,-3.60484],[30.45562,-3.6019],[30.45482,-3.60243],[30.45362,-3.6017],[30.45659,-3.59948],[30.45613,-3.59725],[30.45509,-3.59706],[30.45729,-3.59549],[30.4575,-3.59334],[30.45401,-3.59168],[30.45081,-3.59174],[30.45253,-3.58823],[30.45441,-3.58931],[30.45389,-3.588],[30.45553,-3.58635],[30.45475,-3.58467],[30.45673,-3.5829],[30.45494,-3.58121],[30.45681,-3.5785],[30.45596,-3.57748],[30.45665,-3.5763],[30.45276,-3.57485],[30.45275,-3.57748],[30.44948,-3.57699],[30.44549,-3.56789],[30.44672,-3.56803],[30.44752,-3.56717],[30.44678,-3.56637],[30.44812,-3.56643],[30.44823,-3.56506],[30.45207,-3.56226],[30.45167,-3.56027],[30.45735,-3.55692],[30.46126,-3.55653],[30.46066,-3.55159],[30.46461,-3.54938],[30.47011,-3.53971],[30.47658,-3.53741],[30.48101,-3.53294],[30.48887,-3.52749],[30.49124,-3.51802],[30.49726,-3.51645]]]},"properties":{"region":"Kigoma","district":"Kibondo","ward":"Mabamba","ward_code":"103"}},{"type":"Feature","geometry":{"type":"Polygon","coordinates":[[[30.58742,-3.59127],[30.60203,-3.59236],[30.6105,-3.59758],[30.61518,-3.5922],[30.61743,-3.59095],[30.61862,-3.5923],[30.61955,-3.59846],[30.62184,-3.60171],[30.62053,-3.60763],[30.62216,-3.60945],[30.61703,-3.61829],[30.61329,-3.63075],[30.61629,-3.63614],[30.60847,-3.642],[30.59354,-3.64962],[30.58445,-3.65023],[30.56571,-3.65445],[30.54577,-3.66138],[30.53176,-3.66296],[30.52763,-3.64511],[30.5288,-3.63961],[30.52712,-3.62965],[30.53099,-3.62128],[30.52594,-3.61672],[30.53494,-3.61663],[30.54019,-3.6113],[30.54457,-3.60958],[30.55338,-3.60896],[30.5566,-3.60636],[30.5611,-3.60529],[30.56618,-3.60188],[30.57245,-3.59015],[30.57952,-3.58815],[30.58742,-3.59127]]]},"properties":{"region":"Kigoma","district":"Kibondo","ward":"Itaba","ward_code":"121"}},{"type":"Feature","geometry":{"type":"Polygon","coordinates":[[[30.52199,-3.7244],[30.5201,-3.72749],[30.52095,-3.73147],[30.51884,-3.73519],[30.51952,-3.73828],[30.52081,-3.73839],[30.52087,-3.74025],[30.5221,-3.7405],[30.5218,-3.74182],[30.52413,-3.74571],[30.52209,-3.748],[30.52252,-3.75054],[30.52174,-3.7509],[30.52418,-3.75223],[30.52581,-3.75614],[30.527,-3.75683],[30.52535,-3.75935],[30.52646,-3.76272],[30.52346,-3.76706],[30.51723,-3.76911],[30.51821,-3.77021],[30.51722,-3.77438],[30.51434,-3.77628],[30.51351,-3.78025],[30.51379,-3.7862],[30.51027,-3.79816],[30.51293,-3.81943],[30.51007,-3.82446],[30.50483,-3.82354],[30.50117,-3.82543],[30.49839,-3.82403],[30.49172,-3.82519],[30.48912,-3.82733],[30.48405,-3.82549],[30.4765,-3.82751],[30.4698,-3.82197],[30.46488,-3.82287],[30.46028,-3.82593],[30.47015,-3.85109],[30.46834,-3.85097],[30.46649,-3.85224],[30.46542,-3.85155],[30.46476,-3.85256],[30.4637,-3.85135],[30.46041,-3.85167],[30.45918,-3.8506],[30.45798,-3.85257],[30.45415,-3.85236],[30.45462,-3.84208],[30.43507,-3.81659],[30.42973,-3.80771],[30.42704,-3.79181],[30.42554,-3.77428],[30.43158,-3.7682],[30.46269,-3.77188],[30.48231,-3.7617],[30.4813,-3.75348],[30.47914,-3.74981],[30.47883,-3.74594],[30.47988,-3.74034],[30.47532,-3.73477],[30.46832,-3.73343],[30.46948,-3.73155],[30.47275,-3.7321],[30.47954,-3.72934],[30.48643,-3.72914],[30.49196,-3.73095],[30.49425,-3.73032],[30.49555,-3.7278],[30.4986,-3.72569],[30.50929,-3.72586],[30.51949,-3.72247],[30.52199,-3.7244]]]},"properties":{"region":"Kigoma","district":"Kibondo","ward":"Kagezi","ward_code":"171"}},{"type":"Feature","geometry":{"type":"Polygon","coordinates":[[[30.60068,-3.70448],[30.58977,-3.7133],[30.58386,-3.72336],[30.5664,-3.72532],[30.55452,-3.72895],[30.54634,-3.71901],[30.5393,-3.71245],[30.53651,-3.7135],[30.53551,-3.71279],[30.52909,-3.7036],[30.52975,-3.70114],[30.52843,-3.69387],[30.53232,-3.68767],[30.53398,-3.67901],[30.53176,-3.66296],[30.54577,-3.66138],[30.56571,-3.65445],[30.58445,-3.65023],[30.59354,-3.64962],[30.60847,-3.642],[30.61629,-3.63614],[30.6277,-3.63389],[30.62864,-3.63975],[30.63244,-3.64882],[30.64291,-3.6566],[30.63589,-3.66454],[30.63372,-3.67875],[30.63056,-3.68657],[30.60068,-3.70448]]]},"properties":{"region":"Kigoma","district":"Kibondo","ward":"Mukabuye","ward_code":"181"}},{"type":"Feature","geometry":{"type":"Polygon","coordinates":[[[31.1672,-3.42004],[31.21241,-3.4732],[31.21229,-3.48973],[31.21072,-3.49227],[31.19914,-3.49746],[31.19648,-3.50494],[31.1966,-3.50723],[31.2001,-3.51475],[31.19958,-3.51556],[31.20204,-3.52184],[31.20442,-3.52076],[31.2066,-3.52141],[31.21351,-3.52862],[31.21181,-3.53118],[31.21375,-3.53348],[31.21389,-3.53788],[31.21203,-3.54052],[31.21181,-3.5479],[31.21007,-3.55116],[31.20964,-3.5592],[31.21245,-3.5659],[31.2127,-3.56773],[31.21172,-3.56932],[31.21819,-3.57824],[31.21795,-3.58007],[31.21465,-3.5808],[31.21184,-3.58007],[31.21148,-3.58166],[31.21416,-3.58484],[31.21196,-3.5918],[31.21343,-3.59681],[31.21319,-3.60218],[31.21563,-3.60585],[31.21441,-3.6078],[31.21209,-3.61757],[31.21172,-3.62552],[31.21636,-3.63578],[31.22052,-3.63944],[31.22357,-3.64628],[31.22296,-3.64946],[31.2243,-3.6519],[31.22308,-3.65789],[31.2254,-3.65935],[31.22552,-3.66033],[31.22308,-3.66742],[31.22577,-3.67242],[31.22381,-3.67462],[31.22748,-3.68049],[31.22748,-3.68342],[31.22833,-3.68537],[31.23188,-3.68684],[31.23823,-3.69698],[31.24153,-3.69954],[31.24861,-3.70846],[31.25203,-3.70822],[31.25448,-3.71152],[31.259,-3.71408],[31.25997,-3.71628],[31.26303,-3.71481],[31.26437,-3.7153],[31.27622,-3.7241],[31.28856,-3.72801],[31.29406,-3.73118],[31.2954,-3.73693],[31.29858,-3.73949],[31.29931,-3.74132],[31.29894,-3.74462],[31.30041,-3.75244],[31.30774,-3.7627],[31.31238,-3.76661],[31.31568,-3.77089],[31.31617,-3.77235],[31.31482,-3.77528],[31.31519,-3.78188],[31.31678,-3.78713],[31.3158,-3.79019],[31.31727,-3.79385],[31.31715,-3.79788],[31.31971,-3.79923],[31.3268,-3.8079],[31.32606,-3.81328],[31.32667,-3.81438],[31.33584,-3.82048],[31.33742,-3.825],[31.34231,-3.83099],[31.34414,-3.83453],[31.34598,-3.84321],[31.3461,-3.84626],[31.34426,-3.84919],[31.34598,-3.85408],[31.34769,-3.8586],[31.3494,-3.86019],[31.35269,-3.86092],[31.35343,-3.86226],[31.35355,-3.86422],[31.35196,-3.86703],[31.35318,-3.86898],[31.35196,-3.87143],[31.35282,-3.87423],[31.35184,-3.8757],[31.35269,-3.87668],[31.35135,-3.87802],[31.35221,-3.88352],[31.35477,-3.88999],[31.3533,-3.89696],[31.35538,-3.89964],[31.35758,-3.90661],[31.36259,-3.91418],[31.36198,-3.92139],[31.36393,-3.92713],[31.36577,-3.92921],[31.3676,-3.93678],[31.36748,-3.9413],[31.36613,-3.94313],[31.36577,-3.94668],[31.36943,-3.94875],[31.37114,-3.95168],[31.37456,-3.95449],[31.3759,-3.96048],[31.37444,-3.96219],[31.37493,-3.96317],[31.37786,-3.96329],[31.37847,-3.965],[31.37896,-3.97441],[31.37566,-3.97648],[31.37542,-3.97734],[31.37688,-3.97856],[31.37493,-3.98149],[31.37517,-3.98284],[31.37774,-3.98479],[31.37859,-3.99114],[31.37517,-3.99908],[31.37554,-4.0047],[31.37432,-4.01179],[31.37578,-4.01313],[31.37969,-4.01411],[31.37835,-4.01594],[31.38042,-4.01985],[31.37273,-4.03414],[31.37187,-4.03488],[31.36943,-4.03439],[31.36601,-4.03781],[31.36662,-4.04135],[31.36149,-4.04062],[31.36051,-4.0394],[31.35746,-4.04001],[31.35905,-4.0444],[31.35709,-4.04721],[31.35782,-4.0565],[31.36076,-4.06065],[31.3599,-4.06139],[31.35502,-4.06041],[31.35196,-4.05796],[31.34891,-4.06114],[31.34659,-4.06139],[31.34622,-4.0631],[31.34817,-4.06591],[31.34573,-4.07055],[31.34817,-4.0736],[31.34561,-4.07702],[31.34573,-4.08032],[31.34329,-4.0846],[31.34573,-4.09364],[31.34292,-4.09852],[31.34414,-4.10219],[31.34317,-4.10231],[31.34194,-4.10622],[31.33901,-4.10976],[31.33852,-4.11391],[31.33376,-4.11831],[31.33449,-4.12076],[31.33596,-4.121],[31.33498,-4.12589],[31.33376,-4.12918],[31.33156,-4.12943],[31.32875,-4.13346],[31.32948,-4.13615],[31.33254,-4.13664],[31.33254,-4.13737],[31.32826,-4.14226],[31.33132,-4.15056],[31.33535,-4.1513],[31.33596,-4.15337],[31.3406,-4.1552],[31.34097,-4.15655],[31.33974,-4.15814],[31.33828,-4.16412],[31.33901,-4.16779],[31.34744,-4.17414],[31.34402,-4.17805],[31.34512,-4.18648],[31.34341,-4.18697],[31.34292,-4.1888],[31.34524,-4.19686],[31.34854,-4.20077],[31.34952,-4.20382],[31.34927,-4.20505],[31.34744,-4.2059],[31.34585,-4.20957],[31.34659,-4.21091],[31.34414,-4.21384],[31.3439,-4.21555],[31.34878,-4.21629],[31.34769,-4.22019],[31.34878,-4.22227],[31.34732,-4.2241],[31.34988,-4.22679],[31.35037,-4.23082],[31.35526,-4.23388],[31.35905,-4.23314],[31.36039,-4.2318],[31.36076,-4.2296],[31.36234,-4.22923],[31.36601,-4.23485],[31.36857,-4.23632],[31.3643,-4.24084],[31.36259,-4.24463],[31.36381,-4.24695],[31.3687,-4.24658],[31.36561,-4.25105],[31.36732,-4.25711],[31.36601,-4.26072],[31.36725,-4.26623],[31.366,-4.26826],[31.36585,-4.27091],[31.36663,-4.27886],[31.36413,-4.2826],[31.36538,-4.28619],[31.36398,-4.29196],[31.36741,-4.29586],[31.36756,-4.2996],[31.36928,-4.30241],[31.37177,-4.30412],[31.37879,-4.30615],[31.3816,-4.3088],[31.3883,-4.31145],[31.39002,-4.31426],[31.39532,-4.31738],[31.39657,-4.32003],[31.39563,-4.32752],[31.39844,-4.33672],[31.39875,-4.34108],[31.40795,-4.35137],[31.41107,-4.35699],[31.41497,-4.36011],[31.41793,-4.36728],[31.41746,-4.37258],[31.41372,-4.3782],[31.41279,-4.38147],[31.41996,-4.38911],[31.42152,-4.39223],[31.41934,-4.39691],[31.41949,-4.40096],[31.41528,-4.40424],[31.41559,-4.40705],[31.41824,-4.41188],[31.41793,-4.41453],[31.42121,-4.41937],[31.42168,-4.42155],[31.42043,-4.42763],[31.41824,-4.43215],[31.41809,-4.43527],[31.4237,-4.44291],[31.42386,-4.44572],[31.4223,-4.44463],[31.42183,-4.44603],[31.4237,-4.44744],[31.42417,-4.45071],[31.42729,-4.45414],[31.42542,-4.45695],[31.42729,-4.45991],[31.42511,-4.46163],[31.42464,-4.46428],[31.429,-4.46802],[31.43259,-4.46911],[31.4368,-4.46833],[31.44054,-4.46459],[31.44257,-4.46022],[31.44569,-4.45742],[31.44974,-4.45695],[31.45364,-4.4571],[31.45583,-4.45851],[31.45771,-4.45716],[31.46123,-4.45976],[31.46045,-4.45757],[31.46949,-4.46095],[31.4631,-4.46314],[31.45817,-4.45942],[31.45526,-4.46581],[31.46715,-4.47675],[31.46357,-4.49409],[31.46631,-4.50168],[31.45889,-4.50627],[31.46151,-4.51026],[31.45776,-4.51731],[31.46666,-4.52531],[31.46613,-4.52893],[31.47422,-4.53202],[31.47223,-4.53483],[31.47612,-4.53865],[31.473,-4.54589],[31.48108,-4.54906],[31.47751,-4.57462],[31.48227,-4.57843],[31.48204,-4.58498],[31.48857,-4.5977],[31.48547,-4.60674],[31.49455,-4.62615],[31.48531,-4.64481],[31.48504,-4.65134],[31.47931,-4.65449],[31.47838,-4.6624],[31.47142,-4.66681],[31.46604,-4.67893],[31.45832,-4.68636],[31.45673,-4.69358],[31.44152,-4.70309],[31.43674,-4.70299],[31.43259,-4.7075],[31.42989,-4.70751],[31.42309,-4.7],[31.42039,-4.69937],[31.41242,-4.70184],[31.4091,-4.70052],[31.40693,-4.70191],[31.40345,-4.70945],[31.40326,-4.7147],[31.39958,-4.71756],[31.39485,-4.71826],[31.39414,-4.72099],[31.38841,-4.7261],[31.38668,-4.72924],[31.38702,-4.73149],[31.39384,-4.73649],[31.39402,-4.73878],[31.39178,-4.74325],[31.39254,-4.7462],[31.39671,-4.75056],[31.39642,-4.75205],[31.39434,-4.75309],[31.39482,-4.76195],[31.39332,-4.76606],[31.39373,-4.76863],[31.39723,-4.76877],[31.39993,-4.76745],[31.40212,-4.76866],[31.39552,-4.78382],[31.39492,-4.79459],[31.39718,-4.79739],[31.39823,-4.80865],[31.39651,-4.81042],[31.38892,-4.81113],[31.38744,-4.81279],[31.37691,-4.81082],[31.31076,-4.90363],[31.31359,-4.9355],[31.24119,-4.93645],[31.23719,-4.97183],[31.20718,-4.97549],[31.2015,-4.97112],[31.19224,-4.97266],[31.18455,-4.97162],[31.17551,-4.96364],[31.17204,-4.96613],[31.17071,-4.97516],[31.16648,-4.97602],[31.16373,-4.97415],[31.16166,-4.9769],[31.15843,-4.97867],[31.15477,-4.97792],[31.10835,-4.95464],[31.08093,-4.94225],[31.05214,-4.94783],[31.02245,-4.9597],[30.99558,-4.95846],[30.98808,-4.96236],[30.98438,-4.96587],[30.97496,-4.9684],[30.95785,-4.97055],[30.93089,-4.95764],[30.90244,-4.97042],[30.9031,-4.96887],[30.90792,-4.96731],[30.9089,-4.96585],[30.90849,-4.9641],[30.90485,-4.96219],[30.90156,-4.96637],[30.89633,-4.96662],[30.89498,-4.96436],[30.89212,-4.95297],[30.89588,-4.94879],[30.89789,-4.9434],[30.89806,-4.93592],[30.89564,-4.92708],[30.89629,-4.92332],[30.89901,-4.92146],[30.90195,-4.92158],[30.90515,-4.92327],[30.91641,-4.92054],[30.91744,-4.91938],[30.91755,-4.91787],[30.91595,-4.91665],[30.91321,-4.91648],[30.90918,-4.91368],[30.90245,-4.91143],[30.90243,-4.90626],[30.90391,-4.90421],[30.91028,-4.90477],[30.91627,-4.89956],[30.91479,-4.89829],[30.9086,-4.89896],[30.90855,-4.89701],[30.91203,-4.89604],[30.9127,-4.89279],[30.9089,-4.89157],[30.90633,-4.88624],[30.9073,-4.88468],[30.90931,-4.88403],[30.91076,-4.88772],[30.91387,-4.88886],[30.91925,-4.88614],[30.9165,-4.87796],[30.92241,-4.87344],[30.9226,-4.87181],[30.92097,-4.86846],[30.92684,-4.86052],[30.92417,-4.85831],[30.92784,-4.8556],[30.92848,-4.85081],[30.92726,-4.84745],[30.92402,-4.84911],[30.92176,-4.84769],[30.92055,-4.84526],[30.92336,-4.84186],[30.92525,-4.83655],[30.9223,-4.8345],[30.919,-4.83377],[30.91841,-4.83193],[30.91912,-4.82908],[30.915,-4.82463],[30.91258,-4.82642],[30.90571,-4.82366],[30.90968,-4.81808],[30.90646,-4.80932],[30.90543,-4.80931],[30.90423,-4.8119],[30.90107,-4.81125],[30.89886,-4.81251],[30.89797,-4.81186],[30.89506,-4.81282],[30.89431,-4.81109],[30.89207,-4.81015],[30.88976,-4.80734],[30.89038,-4.80016],[30.8867,-4.79997],[30.88372,-4.79758],[30.88246,-4.79496],[30.87931,-4.79595],[30.87605,-4.79887],[30.86769,-4.79522],[30.86788,-4.78914],[30.86263,-4.78544],[30.86306,-4.78213],[30.86149,-4.77961],[30.85492,-4.7759],[30.85546,-4.76868],[30.85189,-4.76905],[30.85071,-4.76828],[30.85063,-4.76605],[30.85585,-4.76591],[30.85654,-4.76377],[30.85035,-4.75894],[30.84562,-4.75201],[30.83839,-4.75],[30.83822,-4.74694],[30.84478,-4.74023],[30.84297,-4.73777],[30.84318,-4.72591],[30.8398,-4.72114],[30.83219,-4.71581],[30.82631,-4.71298],[30.81834,-4.71122],[30.81649,-4.71183],[30.81101,-4.71934],[30.8055,-4.71999],[30.80305,-4.71841],[30.80219,-4.71479],[30.79798,-4.71312],[30.7974,-4.70741],[30.7917,-4.70728],[30.79116,-4.70176],[30.78901,-4.69911],[30.78657,-4.70179],[30.78144,-4.70005],[30.77894,-4.70283],[30.77528,-4.7034],[30.77432,-4.70415],[30.77284,-4.70981],[30.76615,-4.70798],[30.75868,-4.7098],[30.75707,-4.7151],[30.75214,-4.71281],[30.74922,-4.70788],[30.74811,-4.70759],[30.74589,-4.71008],[30.74609,-4.71291],[30.74334,-4.7144],[30.73454,-4.71382],[30.73286,-4.71665],[30.7278,-4.71793],[30.72478,-4.71745],[30.72341,-4.71415],[30.72953,-4.71244],[30.73142,-4.70944],[30.73194,-4.70395],[30.73464,-4.70124],[30.72976,-4.69517],[30.72506,-4.69188],[30.72593,-4.68933],[30.72912,-4.68811],[30.73098,-4.68606],[30.73033,-4.68137],[30.72859,-4.68035],[30.72306,-4.68347],[30.71117,-4.67571],[30.70936,-4.67845],[30.70221,-4.68175],[30.69653,-4.68178],[30.6959,-4.67878],[30.6974,-4.6754],[30.69736,-4.67171],[30.70004,-4.66234],[30.70095,-4.66145],[30.70093,-4.65744],[30.69765,-4.65678],[30.69175,-4.65996],[30.6888,-4.65902],[30.68773,-4.65585],[30.68828,-4.65213],[30.68704,-4.64935],[30.68676,-4.64477],[30.68872,-4.64226],[30.6931,-4.63114],[30.69703,-4.62879],[30.70097,-4.61392],[30.69929,-4.60569],[30.70146,-4.60088],[30.70078,-4.59432],[30.70201,-4.58906],[30.6982,-4.58529],[30.69487,-4.58425],[30.69436,-4.58539],[30.69593,-4.58654],[30.69564,-4.58837],[30.69255,-4.59045],[30.69094,-4.59039],[30.68015,-4.58333],[30.67225,-4.58738],[30.66926,-4.59234],[30.66482,-4.59325],[30.66039,-4.5929],[30.65644,-4.59438],[30.65427,-4.59133],[30.65613,-4.58894],[30.65566,-4.58573],[30.6528,-4.58008],[30.65087,-4.57955],[30.64881,-4.57584],[30.64736,-4.57534],[30.65222,-4.57095],[30.65558,-4.5727],[30.65763,-4.57239],[30.65775,-4.5709],[30.65458,-4.56611],[30.65508,-4.56389],[30.652,-4.56154],[30.65188,-4.55997],[30.65366,-4.55931],[30.65616,-4.56024],[30.65709,-4.5593],[30.65845,-4.55552],[30.66206,-4.55241],[30.66436,-4.54868],[30.66736,-4.54695],[30.66825,-4.54095],[30.66978,-4.53783],[30.67225,-4.5364],[30.66901,-4.53395],[30.66672,-4.53524],[30.65573,-4.5334],[30.65602,-4.52816],[30.652,-4.52362],[30.65053,-4.51978],[30.64124,-4.51802],[30.63758,-4.51239],[30.6385,-4.51071],[30.64081,-4.50978],[30.6497,-4.508],[30.65269,-4.50917],[30.65409,-4.50822],[30.65092,-4.50552],[30.65121,-4.50112],[30.64667,-4.49925],[30.6451,-4.49616],[30.64038,-4.49365],[30.63767,-4.49011],[30.63649,-4.4853],[30.63751,-4.48289],[30.64255,-4.48165],[30.64498,-4.47805],[30.65346,-4.47368],[30.65401,-4.4614],[30.65235,-4.45742],[30.6438,-4.45959],[30.63993,-4.4638],[30.63517,-4.46223],[30.63069,-4.45581],[30.63077,-4.45356],[30.63898,-4.44863],[30.64051,-4.44549],[30.63761,-4.43983],[30.63472,-4.43946],[30.6322,-4.43775],[30.62985,-4.43826],[30.6294,-4.43741],[30.63459,-4.42824],[30.63595,-4.42768],[30.637,-4.42824],[30.63999,-4.43814],[30.64721,-4.43573],[30.65214,-4.43566],[30.65523,-4.43678],[30.6607,-4.43551],[30.66074,-4.43475],[30.6575,-4.43422],[30.65626,-4.43179],[30.65794,-4.42903],[30.66044,-4.42936],[30.66183,-4.42828],[30.65876,-4.42533],[30.65861,-4.4234],[30.66279,-4.41987],[30.66192,-4.41543],[30.66455,-4.41263],[30.66636,-4.40874],[30.66869,-4.4071],[30.66536,-4.40176],[30.65037,-4.39521],[30.65059,-4.39292],[30.64907,-4.38907],[30.64553,-4.38774],[30.64491,-4.38651],[30.64478,-4.38014],[30.6431,-4.37752],[30.6391,-4.37704],[30.63884,-4.37548],[30.64054,-4.37469],[30.64512,-4.37655],[30.64607,-4.37415],[30.64874,-4.3717],[30.65367,-4.37496],[30.66099,-4.36775],[30.66284,-4.3671],[30.66647,-4.36764],[30.67042,-4.36886],[30.67458,-4.376],[30.67579,-4.38045],[30.67787,-4.38108],[30.68141,-4.38417],[30.68385,-4.38348],[30.6862,-4.37477],[30.68958,-4.37338],[30.69059,-4.37039],[30.69015,-4.36649],[30.69117,-4.36065],[30.68918,-4.35825],[30.689,-4.35615],[30.68483,-4.35232],[30.68479,-4.34793],[30.68898,-4.3444],[30.69097,-4.34385],[30.69284,-4.34032],[30.69688,-4.33937],[30.7006,-4.33499],[30.70408,-4.33473],[30.70734,-4.33745],[30.70965,-4.33651],[30.71023,-4.33418],[30.70783,-4.33262],[30.71088,-4.33039],[30.71076,-4.32581],[30.71396,-4.32424],[30.71627,-4.32048],[30.7191,-4.31925],[30.72366,-4.31771],[30.72762,-4.31911],[30.73111,-4.31314],[30.72757,-4.30968],[30.72751,-4.30831],[30.72879,-4.30795],[30.73082,-4.30476],[30.73046,-4.30264],[30.7257,-4.30195],[30.72494,-4.2975],[30.7283,-4.29825],[30.72812,-4.29618],[30.72595,-4.29419],[30.72676,-4.29302],[30.7307,-4.28946],[30.73303,-4.28836],[30.73439,-4.28901],[30.73817,-4.28673],[30.7374,-4.261],[30.73861,-4.25813],[30.73794,-4.25091],[30.73368,-4.25202],[30.72976,-4.25112],[30.72929,-4.24862],[30.72652,-4.24674],[30.72597,-4.24332],[30.72306,-4.24168],[30.72263,-4.24023],[30.72477,-4.23911],[30.72502,-4.2351],[30.72439,-4.23261],[30.72229,-4.23066],[30.72429,-4.22632],[30.72282,-4.22318],[30.721,-4.22245],[30.72505,-4.21986],[30.72487,-4.21758],[30.72598,-4.21583],[30.72501,-4.21509],[30.72591,-4.21224],[30.72265,-4.21313],[30.72238,-4.21068],[30.72843,-4.20914],[30.72939,-4.20729],[30.73099,-4.20753],[30.73151,-4.20563],[30.73651,-4.20327],[30.73663,-4.19831],[30.73391,-4.1952],[30.73268,-4.18988],[30.72934,-4.18697],[30.72632,-4.187],[30.72595,-4.18313],[30.72671,-4.18206],[30.72475,-4.17804],[30.72144,-4.17648],[30.72178,-4.1722],[30.71785,-4.17217],[30.71618,-4.17412],[30.71488,-4.17426],[30.71102,-4.16909],[30.7089,-4.17225],[30.70759,-4.17256],[30.70721,-4.17063],[30.70537,-4.1702],[30.70322,-4.16701],[30.69988,-4.16752],[30.69894,-4.16548],[30.69728,-4.16738],[30.6964,-4.1664],[30.69542,-4.16718],[30.69292,-4.16543],[30.69359,-4.16201],[30.68578,-4.15403],[30.6863,-4.15149],[30.68067,-4.14639],[30.6849,-4.13929],[30.68455,-4.13832],[30.68296,-4.13944],[30.682,-4.13892],[30.68272,-4.1375],[30.68184,-4.13543],[30.68425,-4.13387],[30.68445,-4.13274],[30.68283,-4.13203],[30.6834,-4.1262],[30.68131,-4.12196],[30.67735,-4.11947],[30.67579,-4.11733],[30.67543,-4.11438],[30.67809,-4.11445],[30.67835,-4.11175],[30.68146,-4.11008],[30.6781,-4.10632],[30.67344,-4.10562],[30.67127,-4.10359],[30.66601,-4.10171],[30.66759,-4.09683],[30.66635,-4.09288],[30.66465,-4.09243],[30.66087,-4.0972],[30.65026,-4.09467],[30.65003,-4.09145],[30.65617,-4.08624],[30.65346,-4.07862],[30.6494,-4.07538],[30.64678,-4.07643],[30.64194,-4.07633],[30.63966,-4.0719],[30.63563,-4.06915],[30.62987,-4.07158],[30.62734,-4.06952],[30.62971,-4.06225],[30.62466,-4.06024],[30.62305,-4.06178],[30.61841,-4.05951],[30.61514,-4.06085],[30.61013,-4.05799],[30.60938,-4.05334],[30.6117,-4.04856],[30.608,-4.04887],[30.60707,-4.04667],[30.60213,-4.04371],[30.60116,-4.04614],[30.59554,-4.04284],[30.59201,-4.04541],[30.59117,-4.04346],[30.58806,-4.04515],[30.58674,-4.04764],[30.58315,-4.04756],[30.58045,-4.04255],[30.57775,-4.04729],[30.57431,-4.04766],[30.5698,-4.04564],[30.57016,-4.03741],[30.56745,-4.03782],[30.56617,-4.0353],[30.55508,-4.03267],[30.55451,-4.02951],[30.55164,-4.02452],[30.55359,-4.02053],[30.54965,-4.01349],[30.55021,-4.00791],[30.55199,-4.00361],[30.55512,-3.99999],[30.56316,-3.99786],[30.59596,-3.99263],[30.60955,-3.98362],[30.62774,-3.96376],[30.62842,-3.95852],[30.64092,-3.91829],[30.64153,-3.90874],[30.64321,-3.90512],[30.64267,-3.90391],[30.64631,-3.90024],[30.64815,-3.89626],[30.64775,-3.88431],[30.64168,-3.87507],[30.64222,-3.87282],[30.64148,-3.86982],[30.63593,-3.86295],[30.63408,-3.86215],[30.63235,-3.86265],[30.6325,-3.86517],[30.63081,-3.86571],[30.63045,-3.86473],[30.62848,-3.86499],[30.62504,-3.86843],[30.62347,-3.86847],[30.62498,-3.86922],[30.62457,-3.87068],[30.62173,-3.87116],[30.62135,-3.86968],[30.61879,-3.87044],[30.61562,-3.86979],[30.61462,-3.87061],[30.61382,-3.86871],[30.61142,-3.8694],[30.61009,-3.86855],[30.609,-3.86651],[30.61217,-3.86576],[30.61536,-3.85715],[30.61501,-3.8538],[30.6161,-3.85118],[30.61396,-3.83942],[30.61133,-3.83334],[30.61129,-3.82905],[30.60961,-3.82754],[30.60964,-3.8263],[30.60609,-3.8228],[30.60499,-3.81934],[30.60202,-3.81539],[30.59707,-3.812],[30.60631,-3.79821],[30.61614,-3.78791],[30.63685,-3.78022],[30.6386,-3.77105],[30.63575,-3.76312],[30.63873,-3.7496],[30.64208,-3.74565],[30.64159,-3.74441],[30.64293,-3.7418],[30.64446,-3.74143],[30.64559,-3.73761],[30.64348,-3.73583],[30.64707,-3.73156],[30.65083,-3.72897],[30.65452,-3.7286],[30.66663,-3.72988],[30.67242,-3.72618],[30.6885,-3.73227],[30.69902,-3.73392],[30.70706,-3.72952],[30.71359,-3.73097],[30.71569,-3.73028],[30.71766,-3.73082],[30.71876,-3.72992],[30.72204,-3.7305],[30.72258,-3.73207],[30.72589,-3.73111],[30.73261,-3.73409],[30.73527,-3.73365],[30.74135,-3.73839],[30.74325,-3.74239],[30.74712,-3.74194],[30.74969,-3.74606],[30.75732,-3.74612],[30.75839,-3.74394],[30.7795,-3.74363],[30.7966,-3.74866],[30.81824,-3.74914],[30.83461,-3.75134],[30.87161,-3.71804],[30.87929,-3.71489],[30.8866,-3.70888],[30.89126,-3.70107],[30.89091,-3.69051],[30.89672,-3.68364],[30.90909,-3.68868],[30.92045,-3.69097],[30.91806,-3.67997],[30.91976,-3.66946],[30.91769,-3.6502],[30.91897,-3.64972],[30.91577,-3.61494],[30.92955,-3.60977],[30.93836,-3.59273],[30.93738,-3.57555],[30.91568,-3.58726],[30.91919,-3.56592],[30.88738,-3.57203],[30.87765,-3.57032],[30.88073,-3.54549],[30.89152,-3.54362],[30.91487,-3.5323],[30.91379,-3.51639],[30.90032,-3.4856],[30.90088,-3.47915],[30.91102,-3.47117],[30.91942,-3.46071],[30.92343,-3.46021],[30.92598,-3.45284],[30.92878,-3.44813],[30.9327,-3.44781],[30.94383,-3.43111],[30.95226,-3.42783],[30.95717,-3.42429],[30.96601,-3.42482],[30.97559,-3.42183],[30.97918,-3.41899],[30.98426,-3.41166],[30.9883,-3.40178],[30.99763,-3.395],[31.02602,-3.38604],[31.05135,-3.37494],[31.09636,-3.40349],[31.13658,-3.40467],[31.1672,-3.42004]]]},"properties":{"region":"Kigoma","district":"Kibondo","ward":"Busagara","ward_code":"053"}},{"type":"Feature","geometry":{"type":"Polygon","coordinates":[[[30.53279,-3.76383],[30.54323,-3.76092],[30.56463,-3.76403],[30.56033,-3.76497],[30.56559,-3.77397],[30.56842,-3.77589],[30.57115,-3.78548],[30.57323,-3.78794],[30.5766,-3.79855],[30.58282,-3.80628],[30.58763,-3.80821],[30.58825,-3.80977],[30.59456,-3.8104],[30.6005,-3.81376],[30.60499,-3.81934],[30.60609,-3.8228],[30.61129,-3.82905],[30.61133,-3.83334],[30.61396,-3.83942],[30.6161,-3.85118],[30.61501,-3.8538],[30.61536,-3.85715],[30.61125,-3.86653],[30.60609,-3.86562],[30.60468,-3.86672],[30.60351,-3.86548],[30.60206,-3.86636],[30.60233,-3.86699],[30.60087,-3.8672],[30.60106,-3.86795],[30.59726,-3.86807],[30.59713,-3.86942],[30.59493,-3.86842],[30.59404,-3.86634],[30.58969,-3.86283],[30.58626,-3.86202],[30.58537,-3.86075],[30.58509,-3.8617],[30.58314,-3.86195],[30.57683,-3.86132],[30.57475,-3.86042],[30.57083,-3.85641],[30.56917,-3.85763],[30.56557,-3.8585],[30.56489,-3.85792],[30.56324,-3.85899],[30.56071,-3.8585],[30.55521,-3.86594],[30.55621,-3.8675],[30.55497,-3.86893],[30.55191,-3.86884],[30.55053,-3.86679],[30.55122,-3.86682],[30.55122,-3.86606],[30.55055,-3.86633],[30.54959,-3.86491],[30.54648,-3.86496],[30.54432,-3.88029],[30.54253,-3.88621],[30.53854,-3.89222],[30.53892,-3.89579],[30.53635,-3.90001],[30.53426,-3.90791],[30.53238,-3.91008],[30.5307,-3.91006],[30.52349,-3.9233],[30.52197,-3.9294],[30.51982,-3.93331],[30.50211,-3.94961],[30.49841,-3.95166],[30.49092,-3.96376],[30.4884,-3.97268],[30.48594,-3.97587],[30.48699,-3.99601],[30.48568,-4.00175],[30.48336,-4.00203],[30.48056,-4.0006],[30.4731,-4.00125],[30.47105,-4.00233],[30.46818,-4.00204],[30.46463,-3.99954],[30.46233,-3.99488],[30.4572,-3.9924],[30.45497,-3.98943],[30.45545,-3.98631],[30.44793,-3.97506],[30.44348,-3.9731],[30.4417,-3.97494],[30.43936,-3.97375],[30.43655,-3.97601],[30.43518,-3.97505],[30.438,-3.97376],[30.43724,-3.97252],[30.43531,-3.9729],[30.43525,-3.96973],[30.43418,-3.97117],[30.43153,-3.97015],[30.43046,-3.9665],[30.42796,-3.97193],[30.42761,-3.96807],[30.42592,-3.96567],[30.42906,-3.9643],[30.42967,-3.96294],[30.42592,-3.96304],[30.42305,-3.95955],[30.42021,-3.96052],[30.41654,-3.96013],[30.41652,-3.9581],[30.41823,-3.95649],[30.41837,-3.9551],[30.4176,-3.95469],[30.41602,-3.95619],[30.41419,-3.95533],[30.41666,-3.95051],[30.41599,-3.94995],[30.41313,-3.95187],[30.41086,-3.95216],[30.4127,-3.95146],[30.41297,-3.95035],[30.41016,-3.95056],[30.41038,-3.94844],[30.40778,-3.94748],[30.40822,-3.94611],[30.41049,-3.94547],[30.40963,-3.94358],[30.40499,-3.94623],[30.40287,-3.94622],[30.40399,-3.94552],[30.40402,-3.94391],[30.40578,-3.94276],[30.40404,-3.94043],[30.4034,-3.94048],[30.40356,-3.94272],[30.40232,-3.9432],[30.39994,-3.94098],[30.3993,-3.93828],[30.40203,-3.93478],[30.39829,-3.93213],[30.39537,-3.93331],[30.39412,-3.92974],[30.39535,-3.92636],[30.39822,-3.92822],[30.40118,-3.92718],[30.40149,-3.92475],[30.39773,-3.92578],[30.39809,-3.92187],[30.39612,-3.92106],[30.39711,-3.91901],[30.39547,-3.91861],[30.39394,-3.91613],[30.39619,-3.91612],[30.3978,-3.9143],[30.40038,-3.91685],[30.40189,-3.91709],[30.40349,-3.91598],[30.4035,-3.91451],[30.40193,-3.91464],[30.39821,-3.90888],[30.40004,-3.90737],[30.40135,-3.91014],[30.40356,-3.91016],[30.40394,-3.90938],[30.40236,-3.90655],[30.40342,-3.90472],[30.40766,-3.90432],[30.40267,-3.9018],[30.40392,-3.89472],[30.40803,-3.88724],[30.40601,-3.88382],[30.40625,-3.87983],[30.40983,-3.87608],[30.41275,-3.86933],[30.41517,-3.86935],[30.42286,-3.86531],[30.42511,-3.8655],[30.42733,-3.86142],[30.4304,-3.86141],[30.43144,-3.86016],[30.43367,-3.86003],[30.43576,-3.86182],[30.43643,-3.8603],[30.4393,-3.85871],[30.43901,-3.85734],[30.4403,-3.85767],[30.44222,-3.85529],[30.44727,-3.85623],[30.44802,-3.8544],[30.45086,-3.85433],[30.45303,-3.85258],[30.45406,-3.85298],[30.45565,-3.85196],[30.45639,-3.85282],[30.45798,-3.85257],[30.45918,-3.8506],[30.46041,-3.85167],[30.4637,-3.85135],[30.46476,-3.85256],[30.46542,-3.85155],[30.46649,-3.85224],[30.46834,-3.85097],[30.47015,-3.85109],[30.46028,-3.82593],[30.46488,-3.82287],[30.4698,-3.82197],[30.4765,-3.82751],[30.48405,-3.82549],[30.48912,-3.82733],[30.49172,-3.82519],[30.49839,-3.82403],[30.50117,-3.82543],[30.50483,-3.82354],[30.51007,-3.82446],[30.51293,-3.81943],[30.51027,-3.79816],[30.51379,-3.7862],[30.51351,-3.78025],[30.51434,-3.77628],[30.51722,-3.77438],[30.51821,-3.77021],[30.51723,-3.76911],[30.52346,-3.76706],[30.52646,-3.76272],[30.52602,-3.7608],[30.52852,-3.76037],[30.53115,-3.76155],[30.53279,-3.76383]]]},"properties":{"region":"Kigoma","district":"Kibondo","ward":"Rugongwe","ward_code":"061"}},{"type":"Feature","geometry":{"type":"Polygon","coordinates":[[[30.57083,-3.85641],[30.57475,-3.86042],[30.57683,-3.86132],[30.58314,-3.86195],[30.58621,-3.86111],[30.58626,-3.86202],[30.58969,-3.86283],[30.59404,-3.86634],[30.59493,-3.86842],[30.59713,-3.86942],[30.59726,-3.86807],[30.60106,-3.86795],[30.60087,-3.8672],[30.60233,-3.86699],[30.60206,-3.86636],[30.60351,-3.86548],[30.60411,-3.86663],[30.60609,-3.86562],[30.609,-3.86651],[30.61142,-3.8694],[30.61382,-3.86871],[30.61429,-3.87053],[30.62135,-3.86968],[30.62173,-3.87116],[30.62457,-3.87068],[30.62498,-3.86922],[30.62347,-3.86847],[30.62504,-3.86843],[30.62848,-3.86499],[30.63045,-3.86473],[30.63081,-3.86571],[30.6325,-3.86517],[30.63235,-3.86265],[30.63408,-3.86215],[30.63593,-3.86295],[30.64148,-3.86982],[30.64222,-3.87282],[30.64168,-3.87507],[30.64775,-3.88431],[30.6484,-3.89493],[30.64631,-3.90024],[30.64267,-3.90391],[30.64321,-3.90512],[30.64153,-3.90874],[30.64092,-3.91829],[30.62842,-3.95852],[30.62774,-3.96376],[30.60955,-3.98362],[30.59596,-3.99263],[30.56316,-3.99786],[30.55512,-3.99999],[30.55199,-4.00361],[30.55021,-4.00791],[30.54965,-4.01349],[30.55359,-4.02053],[30.55164,-4.02452],[30.54466,-4.02621],[30.53956,-4.02365],[30.53238,-4.02446],[30.53061,-4.02371],[30.52852,-4.02145],[30.52884,-4.01779],[30.52769,-4.01318],[30.52843,-4.01125],[30.52816,-4.00638],[30.51818,-4.00283],[30.51761,-4.00799],[30.51494,-4.00871],[30.5078,-4.00198],[30.50459,-4.00428],[30.5024,-4.00267],[30.50131,-4.00383],[30.49692,-4.00356],[30.49259,-4.00565],[30.49062,-4.0055],[30.49038,-4.00839],[30.48837,-4.00923],[30.48731,-4.00801],[30.48822,-4.00539],[30.48675,-4.00471],[30.48568,-4.00175],[30.48699,-3.99601],[30.48594,-3.97587],[30.4884,-3.97268],[30.49092,-3.96376],[30.49841,-3.95166],[30.50211,-3.94961],[30.51982,-3.93331],[30.52197,-3.9294],[30.52349,-3.9233],[30.5307,-3.91006],[30.53238,-3.91008],[30.53426,-3.90791],[30.53635,-3.90001],[30.53892,-3.89579],[30.53854,-3.89222],[30.54253,-3.88621],[30.54432,-3.88029],[30.54648,-3.86496],[30.54959,-3.86491],[30.55055,-3.86633],[30.55122,-3.86606],[30.55053,-3.86679],[30.55191,-3.86884],[30.55497,-3.86893],[30.55621,-3.8675],[30.55521,-3.86594],[30.56071,-3.8585],[30.56324,-3.85899],[30.56489,-3.85792],[30.56557,-3.8585],[30.56917,-3.85763],[30.57083,-3.85641]]]},"properties":{"region":"Kigoma","district":"Kibondo","ward":"Busunzu","ward_code":"071"}},{"type":"Feature","geometry":{"type":"Polygon","coordinates":[[[30.63436,-3.72775],[30.63671,-3.73168],[30.636,-3.73621],[30.63884,-3.73782],[30.64246,-3.73755],[30.64348,-3.73583],[30.64559,-3.73761],[30.64446,-3.74143],[30.64293,-3.7418],[30.64159,-3.74441],[30.64208,-3.74565],[30.63873,-3.7496],[30.63575,-3.76312],[30.6386,-3.77105],[30.63685,-3.78022],[30.61614,-3.78791],[30.60631,-3.79821],[30.59707,-3.812],[30.59456,-3.8104],[30.58825,-3.80977],[30.58763,-3.80821],[30.58282,-3.80628],[30.5766,-3.79855],[30.57323,-3.78794],[30.57115,-3.78548],[30.56842,-3.77589],[30.56559,-3.77397],[30.56033,-3.76497],[30.56463,-3.76403],[30.54323,-3.76092],[30.53279,-3.76383],[30.53115,-3.76155],[30.52852,-3.76037],[30.52602,-3.7608],[30.52535,-3.75935],[30.527,-3.75683],[30.52581,-3.75614],[30.52418,-3.75223],[30.52174,-3.7509],[30.52252,-3.75054],[30.52209,-3.748],[30.52413,-3.74571],[30.5218,-3.74182],[30.5221,-3.7405],[30.52087,-3.74025],[30.52081,-3.73839],[30.51952,-3.73828],[30.51884,-3.73519],[30.52095,-3.73147],[30.52015,-3.72707],[30.52199,-3.7244],[30.51949,-3.72247],[30.52151,-3.71881],[30.52669,-3.71879],[30.52971,-3.71599],[30.53216,-3.71515],[30.53276,-3.71601],[30.53427,-3.71563],[30.53438,-3.71465],[30.53487,-3.71513],[30.5393,-3.71245],[30.54634,-3.71901],[30.55452,-3.72895],[30.5664,-3.72532],[30.58386,-3.72336],[30.58977,-3.7133],[30.60068,-3.70448],[30.63056,-3.68657],[30.6209,-3.70055],[30.62744,-3.70642],[30.62703,-3.70939],[30.62881,-3.70964],[30.63052,-3.71189],[30.63153,-3.71663],[30.63347,-3.7184],[30.63436,-3.72775]]]},"properties":{"region":"Kigoma","district":"Kibondo","ward":"Nyaruyoba","ward_code":"161"}},{"type":"Feature","geometry":{"type":"Polygon","coordinates":[[[30.34997,-3.77345],[30.35216,-3.77509],[30.35649,-3.77504],[30.35696,-3.77625],[30.35846,-3.77569],[30.35828,-3.77791],[30.35681,-3.77852],[30.35974,-3.7808],[30.36261,-3.77646],[30.36958,-3.77482],[30.3753,-3.77574],[30.37575,-3.77503],[30.37898,-3.77661],[30.38089,-3.77591],[30.38122,-3.77844],[30.38384,-3.77746],[30.38497,-3.77811],[30.38685,-3.77974],[30.38456,-3.783],[30.38631,-3.78546],[30.38544,-3.78629],[30.38735,-3.78826],[30.39083,-3.78796],[30.39134,-3.78944],[30.39243,-3.78835],[30.39192,-3.79165],[30.39416,-3.79054],[30.39446,-3.78924],[30.39576,-3.79005],[30.39655,-3.78941],[30.39773,-3.79443],[30.39546,-3.79399],[30.39538,-3.79516],[30.39726,-3.79593],[30.39728,-3.79699],[30.39814,-3.79513],[30.39937,-3.79471],[30.40156,-3.79607],[30.40171,-3.79753],[30.40347,-3.7972],[30.40343,-3.80159],[30.40474,-3.80373],[30.4044,-3.8086],[30.40542,-3.80977],[30.40853,-3.80989],[30.40917,-3.81623],[30.41062,-3.81771],[30.40855,-3.82008],[30.40852,-3.8214],[30.40587,-3.82122],[30.40725,-3.82465],[30.40355,-3.82387],[30.40297,-3.82522],[30.40142,-3.82579],[30.40144,-3.82811],[30.39916,-3.82799],[30.39836,-3.8303],[30.40039,-3.83312],[30.40075,-3.83612],[30.40186,-3.83657],[30.39979,-3.83959],[30.40083,-3.84004],[30.40019,-3.84128],[30.40095,-3.84181],[30.3986,-3.84517],[30.39758,-3.85254],[30.40068,-3.85408],[30.39932,-3.85557],[30.40083,-3.85704],[30.40316,-3.85261],[30.40652,-3.85575],[30.40679,-3.85831],[30.4094,-3.8571],[30.41046,-3.85772],[30.41107,-3.8617],[30.41309,-3.86154],[30.4142,-3.86266],[30.41689,-3.86806],[30.41517,-3.86935],[30.41275,-3.86933],[30.40983,-3.87608],[30.40625,-3.87983],[30.40601,-3.88382],[30.40803,-3.88724],[30.40392,-3.89472],[30.40267,-3.9018],[30.40766,-3.90432],[30.40342,-3.90472],[30.40236,-3.90655],[30.40394,-3.90938],[30.40356,-3.91016],[30.40135,-3.91014],[30.40004,-3.90737],[30.39821,-3.90888],[30.40193,-3.91464],[30.4035,-3.91451],[30.40305,-3.91651],[30.40038,-3.91685],[30.3978,-3.9143],[30.39619,-3.91612],[30.39394,-3.91613],[30.39547,-3.91861],[30.39711,-3.91901],[30.39612,-3.92106],[30.39809,-3.92187],[30.39773,-3.92578],[30.40073,-3.92446],[30.40172,-3.92568],[30.40118,-3.92718],[30.39822,-3.92822],[30.39535,-3.92636],[30.39412,-3.92974],[30.39537,-3.93331],[30.39829,-3.93213],[30.40203,-3.93478],[30.3993,-3.93828],[30.39994,-3.94098],[30.40232,-3.9432],[30.40356,-3.94272],[30.4034,-3.94048],[30.40404,-3.94043],[30.40578,-3.94276],[30.40402,-3.94391],[30.40399,-3.94552],[30.40287,-3.94622],[30.40762,-3.94517],[30.40915,-3.94339],[30.41049,-3.94547],[30.40822,-3.94611],[30.40778,-3.94748],[30.41038,-3.94844],[30.41016,-3.95056],[30.41297,-3.95035],[30.4127,-3.95146],[30.41086,-3.95216],[30.41649,-3.9502],[30.41616,-3.9522],[30.41481,-3.95333],[30.41523,-3.95457],[30.41419,-3.95533],[30.41602,-3.95619],[30.4179,-3.95459],[30.41864,-3.95583],[30.41652,-3.9581],[30.41718,-3.96607],[30.41429,-3.96809],[30.39993,-3.96482],[30.39784,-3.96788],[30.39086,-3.96539],[30.3879,-3.96895],[30.38847,-3.97258],[30.3895,-3.97253],[30.38945,-3.97323],[30.38581,-3.97568],[30.38624,-3.97652],[30.38157,-3.97924],[30.38036,-3.98204],[30.38118,-3.98326],[30.38012,-3.98725],[30.38052,-3.99078],[30.37815,-4.00037],[30.37861,-4.0112],[30.35552,-4.01401],[30.34983,-4.01216],[30.34399,-4.01249],[30.33794,-4.01138],[30.33188,-4.0136],[30.32879,-4.01724],[30.32732,-4.02064],[30.32263,-4.02009],[30.32051,-4.02166],[30.31541,-4.02146],[30.30814,-4.02469],[30.2997,-4.0254],[30.29708,-4.02001],[30.29549,-4.01212],[30.29026,-4.00242],[30.28282,-3.99658],[30.28192,-3.99476],[30.26871,-3.99039],[30.25345,-3.98938],[30.22158,-3.98247],[30.22677,-3.97377],[30.22695,-3.97102],[30.22544,-3.97044],[30.22747,-3.9684],[30.22697,-3.96679],[30.22813,-3.96633],[30.22902,-3.96118],[30.23012,-3.96286],[30.23059,-3.95948],[30.22902,-3.95812],[30.2301,-3.95559],[30.2286,-3.9556],[30.22849,-3.95439],[30.23031,-3.95449],[30.22884,-3.95358],[30.22961,-3.95282],[30.2327,-3.95244],[30.23178,-3.94991],[30.23313,-3.94916],[30.23185,-3.94856],[30.23297,-3.94811],[30.23207,-3.94684],[30.2333,-3.94591],[30.232,-3.94557],[30.23367,-3.94526],[30.23283,-3.94328],[30.23416,-3.94291],[30.23115,-3.94106],[30.23259,-3.93815],[30.23443,-3.93741],[30.2354,-3.93507],[30.23689,-3.9345],[30.23614,-3.93251],[30.23877,-3.93128],[30.24048,-3.92821],[30.23901,-3.92278],[30.24118,-3.92133],[30.24364,-3.92204],[30.24225,-3.92039],[30.24394,-3.92061],[30.24524,-3.91943],[30.24777,-3.92038],[30.24941,-3.91861],[30.24956,-3.91628],[30.25108,-3.91428],[30.2496,-3.91229],[30.25077,-3.91202],[30.2506,-3.9103],[30.25167,-3.90903],[30.25103,-3.90664],[30.2531,-3.90742],[30.25239,-3.905],[30.25479,-3.90291],[30.25391,-3.90196],[30.25476,-3.90108],[30.25385,-3.89935],[30.25473,-3.89931],[30.25535,-3.89708],[30.25439,-3.89595],[30.25583,-3.8964],[30.25586,-3.89513],[30.25689,-3.89672],[30.25637,-3.89464],[30.25935,-3.8921],[30.25932,-3.88983],[30.25772,-3.89025],[30.25684,-3.88876],[30.25637,-3.88353],[30.26092,-3.88397],[30.25998,-3.87962],[30.26322,-3.87969],[30.26446,-3.87835],[30.26502,-3.88007],[30.26565,-3.87725],[30.26854,-3.87496],[30.27103,-3.87719],[30.27298,-3.8737],[30.2757,-3.87425],[30.27733,-3.87285],[30.27903,-3.87373],[30.27878,-3.87143],[30.28081,-3.871],[30.27987,-3.86947],[30.28198,-3.86962],[30.28201,-3.86774],[30.28459,-3.86827],[30.2836,-3.86616],[30.28596,-3.86556],[30.28596,-3.86425],[30.28771,-3.86333],[30.28762,-3.86174],[30.28944,-3.86222],[30.28907,-3.8603],[30.29057,-3.85998],[30.29101,-3.86204],[30.29182,-3.86224],[30.29807,-3.85739],[30.29838,-3.85302],[30.29704,-3.85176],[30.29913,-3.85139],[30.30032,-3.84936],[30.30215,-3.84972],[30.30272,-3.84857],[30.3014,-3.84683],[30.30257,-3.84693],[30.30349,-3.84882],[30.30547,-3.84598],[30.30807,-3.84523],[30.30839,-3.84295],[30.30742,-3.84185],[30.30985,-3.84196],[30.3112,-3.83914],[30.31004,-3.83342],[30.30851,-3.83363],[30.30801,-3.83208],[30.31236,-3.83002],[30.31226,-3.82869],[30.31331,-3.82798],[30.31356,-3.82944],[30.31474,-3.82895],[30.3142,-3.82675],[30.31253,-3.82619],[30.31574,-3.82518],[30.31391,-3.82445],[30.31405,-3.82356],[30.31516,-3.82305],[30.31702,-3.8238],[30.31593,-3.82069],[30.3167,-3.81926],[30.31579,-3.81789],[30.31949,-3.81813],[30.3207,-3.8148],[30.32279,-3.81527],[30.32107,-3.81303],[30.32326,-3.81162],[30.3201,-3.8117],[30.32009,-3.811],[30.32405,-3.81061],[30.3236,-3.80916],[30.32056,-3.80918],[30.32132,-3.80652],[30.32386,-3.80678],[30.32258,-3.80496],[30.32583,-3.80274],[30.32334,-3.80206],[30.32334,-3.8002],[30.32522,-3.80034],[30.32507,-3.79904],[30.32395,-3.79877],[30.32222,-3.80019],[30.32132,-3.79912],[30.3248,-3.79785],[30.32487,-3.797],[30.32298,-3.79643],[30.32508,-3.79355],[30.32737,-3.79268],[30.32775,-3.79126],[30.32641,-3.79017],[30.32905,-3.78857],[30.32921,-3.78709],[30.33082,-3.78767],[30.32881,-3.78487],[30.33083,-3.78422],[30.33155,-3.78534],[30.33386,-3.78276],[30.3341,-3.78404],[30.33523,-3.78406],[30.33544,-3.77978],[30.33758,-3.78075],[30.33852,-3.77971],[30.33697,-3.77837],[30.33946,-3.77917],[30.34012,-3.7764],[30.3412,-3.77755],[30.34386,-3.77606],[30.34464,-3.77645],[30.34528,-3.77461],[30.34684,-3.77507],[30.34711,-3.77381],[30.34997,-3.77345]]]},"properties":{"region":"Kigoma","district":"Kasulu","ward":"Kitanga","ward_code":"011"}},{"type":"Feature","geometry":{"type":"Polygon","coordinates":[[[30.42305,-3.95955],[30.42592,-3.96304],[30.42967,-3.96294],[30.42906,-3.9643],[30.42592,-3.96567],[30.42761,-3.96807],[30.42796,-3.97193],[30.43046,-3.9665],[30.43153,-3.97015],[30.43418,-3.97117],[30.43525,-3.96973],[30.43531,-3.9729],[30.43724,-3.97252],[30.438,-3.97376],[30.43518,-3.97505],[30.43655,-3.97601],[30.43936,-3.97375],[30.4417,-3.97494],[30.44348,-3.9731],[30.44793,-3.97506],[30.45545,-3.98631],[30.43865,-4.04656],[30.39171,-4.14557],[30.3807,-4.15749],[30.36883,-4.16844],[30.35007,-4.18197],[30.3586,-4.20254],[30.35774,-4.20703],[30.36344,-4.20956],[30.36332,-4.21843],[30.36629,-4.22074],[30.36515,-4.23126],[30.36742,-4.23046],[30.36865,-4.23245],[30.37318,-4.23378],[30.37639,-4.23947],[30.38048,-4.24327],[30.38041,-4.24677],[30.38257,-4.25157],[30.39119,-4.26089],[30.39176,-4.26547],[30.39015,-4.26513],[30.38854,-4.26905],[30.38364,-4.27498],[30.37753,-4.27602],[30.37799,-4.2778],[30.37642,-4.27804],[30.37667,-4.27983],[30.37554,-4.28003],[30.3759,-4.28249],[30.37331,-4.28517],[30.36688,-4.28668],[30.36516,-4.28356],[30.36006,-4.28213],[30.35413,-4.2788],[30.34187,-4.2811],[30.32998,-4.28126],[30.31076,-4.28532],[30.29817,-4.27985],[30.29176,-4.27512],[30.266,-4.27451],[30.25569,-4.28705],[30.24175,-4.28592],[30.22686,-4.28738],[30.21397,-4.28368],[30.21729,-4.27726],[30.21106,-4.26504],[30.20516,-4.25017],[30.20065,-4.23828],[30.19943,-4.23222],[30.18688,-4.22865],[30.16443,-4.22555],[30.16719,-4.20559],[30.16688,-4.19701],[30.15778,-4.13419],[30.15374,-4.11728],[30.15658,-4.11507],[30.17267,-4.09368],[30.17973,-4.08789],[30.18352,-4.08036],[30.184,-4.07321],[30.18622,-4.06344],[30.1926,-4.0506],[30.20471,-4.04674],[30.2246,-4.0267],[30.21453,-3.99059],[30.22158,-3.98247],[30.25345,-3.98938],[30.27288,-3.99132],[30.28192,-3.99476],[30.28282,-3.99658],[30.29026,-4.00242],[30.29549,-4.01212],[30.29859,-4.02441],[30.2997,-4.0254],[30.30814,-4.02469],[30.31541,-4.02146],[30.32051,-4.02166],[30.32263,-4.02009],[30.32732,-4.02064],[30.32879,-4.01724],[30.33188,-4.0136],[30.33794,-4.01138],[30.34399,-4.01249],[30.34983,-4.01216],[30.35552,-4.01401],[30.37861,-4.0112],[30.37815,-4.00037],[30.38052,-3.99078],[30.38012,-3.98725],[30.38118,-3.98326],[30.38036,-3.98204],[30.38157,-3.97924],[30.38624,-3.97652],[30.38581,-3.97568],[30.38945,-3.97323],[30.3895,-3.97253],[30.38847,-3.97258],[30.3879,-3.96895],[30.39086,-3.96539],[30.39784,-3.96788],[30.39993,-3.96482],[30.41429,-3.96809],[30.41718,-3.96607],[30.41654,-3.96013],[30.42021,-3.96052],[30.42305,-3.95955]]]},"properties":{"region":"Kigoma","district":"Kasulu","ward":"Heru Ushingo","ward_code":"021"}},{"type":"Feature","geometry":{"type":"Polygon","coordinates":[[[30.46818,-4.00204],[30.47105,-4.00233],[30.4731,-4.00125],[30.48056,-4.0006],[30.48336,-4.00203],[30.48568,-4.00175],[30.48675,-4.00471],[30.48822,-4.00539],[30.48731,-4.00801],[30.48837,-4.00923],[30.49038,-4.00839],[30.49062,-4.0055],[30.49259,-4.00565],[30.49692,-4.00356],[30.50131,-4.00383],[30.5024,-4.00267],[30.50459,-4.00428],[30.5078,-4.00198],[30.51494,-4.00871],[30.51761,-4.00799],[30.51818,-4.00283],[30.52816,-4.00638],[30.52843,-4.01125],[30.52769,-4.01318],[30.52884,-4.01779],[30.52852,-4.02145],[30.53061,-4.02371],[30.53238,-4.02446],[30.53956,-4.02365],[30.54466,-4.02621],[30.55164,-4.02452],[30.55451,-4.02951],[30.55508,-4.03267],[30.56617,-4.0353],[30.56745,-4.03782],[30.57016,-4.03741],[30.5698,-4.04564],[30.57431,-4.04766],[30.57775,-4.04729],[30.58045,-4.04255],[30.58315,-4.04756],[30.58674,-4.04764],[30.58806,-4.04515],[30.59117,-4.04346],[30.59201,-4.04541],[30.59554,-4.04284],[30.60116,-4.04614],[30.60213,-4.04371],[30.60707,-4.04667],[30.608,-4.04887],[30.6117,-4.04856],[30.60938,-4.05334],[30.61013,-4.05799],[30.61514,-4.06085],[30.61841,-4.05951],[30.62305,-4.06178],[30.62466,-4.06024],[30.62971,-4.06225],[30.62734,-4.06952],[30.62987,-4.07158],[30.63563,-4.06915],[30.63966,-4.0719],[30.64194,-4.07633],[30.64678,-4.07643],[30.6494,-4.07538],[30.65346,-4.07862],[30.65617,-4.08624],[30.65003,-4.09145],[30.65026,-4.09467],[30.66087,-4.0972],[30.66465,-4.09243],[30.66635,-4.09288],[30.66759,-4.09683],[30.66601,-4.10171],[30.67127,-4.10359],[30.67344,-4.10562],[30.6781,-4.10632],[30.68146,-4.11008],[30.67835,-4.11175],[30.67809,-4.11445],[30.67543,-4.11438],[30.67579,-4.11733],[30.67735,-4.11947],[30.68131,-4.12196],[30.6834,-4.1262],[30.68283,-4.13203],[30.68445,-4.13274],[30.68425,-4.13387],[30.68184,-4.13543],[30.68272,-4.1375],[30.682,-4.13892],[30.68296,-4.13944],[30.68455,-4.13832],[30.6849,-4.13929],[30.68067,-4.14639],[30.6863,-4.15149],[30.68578,-4.15403],[30.69359,-4.16201],[30.69292,-4.16543],[30.69457,-4.16697],[30.6964,-4.1664],[30.69728,-4.16738],[30.69894,-4.16548],[30.69988,-4.16752],[30.70322,-4.16701],[30.70537,-4.1702],[30.70721,-4.17063],[30.70696,-4.17174],[30.70819,-4.17267],[30.71102,-4.16909],[30.71178,-4.16931],[30.71243,-4.17192],[30.71488,-4.17426],[30.71618,-4.17412],[30.71785,-4.17217],[30.72178,-4.1722],[30.72144,-4.17648],[30.72475,-4.17804],[30.72671,-4.18206],[30.72595,-4.18313],[30.72632,-4.187],[30.72934,-4.18697],[30.73268,-4.18988],[30.73391,-4.1952],[30.73663,-4.19831],[30.73651,-4.20327],[30.73151,-4.20563],[30.73099,-4.20753],[30.72939,-4.20729],[30.72843,-4.20914],[30.72238,-4.21068],[30.72265,-4.21313],[30.72591,-4.21224],[30.72501,-4.21509],[30.72598,-4.21583],[30.72487,-4.21758],[30.72505,-4.21986],[30.721,-4.22245],[30.72282,-4.22318],[30.72429,-4.22632],[30.72229,-4.23066],[30.72439,-4.23261],[30.72502,-4.2351],[30.72477,-4.23911],[30.72263,-4.24023],[30.72306,-4.24168],[30.72597,-4.24332],[30.72652,-4.24674],[30.72929,-4.24862],[30.72976,-4.25112],[30.73368,-4.25202],[30.73794,-4.25091],[30.73861,-4.25813],[30.7374,-4.261],[30.73817,-4.28673],[30.73439,-4.28901],[30.73303,-4.28836],[30.7307,-4.28946],[30.72676,-4.29302],[30.72595,-4.29419],[30.72812,-4.29618],[30.7283,-4.29825],[30.72494,-4.2975],[30.7257,-4.30195],[30.73046,-4.30264],[30.73082,-4.30476],[30.72879,-4.30795],[30.72751,-4.30831],[30.72757,-4.30968],[30.73111,-4.31314],[30.72762,-4.31911],[30.72366,-4.31771],[30.7191,-4.31925],[30.71627,-4.32048],[30.71396,-4.32424],[30.71076,-4.32581],[30.47917,-4.26299],[30.4602,-4.25953],[30.45231,-4.25897],[30.43074,-4.25387],[30.42135,-4.2568],[30.41969,-4.25542],[30.41189,-4.25489],[30.4076,-4.24984],[30.36548,-4.22519],[30.36629,-4.22074],[30.36332,-4.21843],[30.36344,-4.20956],[30.35774,-4.20703],[30.3586,-4.20254],[30.35007,-4.18197],[30.36883,-4.16844],[30.3807,-4.15749],[30.39171,-4.14557],[30.43865,-4.04656],[30.45497,-3.98943],[30.4572,-3.9924],[30.46233,-3.99488],[30.46463,-3.99954],[30.46818,-4.00204]]]},"properties":{"region":"Kigoma","district":"Kasulu","ward":"Nyamidaho","ward_code":"031"}},{"type":"Feature","geometry":{"type":"Polygon","coordinates":[[[30.45414,-4.33166],[30.48854,-4.33861],[30.48254,-4.36741],[30.46464,-4.39806],[30.45695,-4.40955],[30.41472,-4.40042],[30.3829,-4.40226],[30.35509,-4.3802],[30.34763,-4.36169],[30.35039,-4.34584],[30.35015,-4.34305],[30.35183,-4.34068],[30.3515,-4.33901],[30.3565,-4.33589],[30.35664,-4.33487],[30.35805,-4.33509],[30.35806,-4.33299],[30.36561,-4.32389],[30.36404,-4.31643],[30.40377,-4.31964],[30.45414,-4.33166]]]},"properties":{"region":"Kigoma","district":"Kasulu","ward":"Kitagata","ward_code":"041"}},{"type":"Feature","geometry":{"type":"Polygon","coordinates":[[[30.53389,-4.33642],[30.53458,-4.34147],[30.53722,-4.34395],[30.54008,-4.34131],[30.5421,-4.3408],[30.54323,-4.34102],[30.54368,-4.34338],[30.54607,-4.3436],[30.54605,-4.34825],[30.54731,-4.34949],[30.54628,-4.35087],[30.54827,-4.35397],[30.54658,-4.36032],[30.55016,-4.35719],[30.55497,-4.35802],[30.55542,-4.35629],[30.55455,-4.35462],[30.55648,-4.35324],[30.56313,-4.35382],[30.56808,-4.35172],[30.57113,-4.35168],[30.57442,-4.35284],[30.57788,-4.35948],[30.58158,-4.35843],[30.58757,-4.36307],[30.58744,-4.36515],[30.59302,-4.36605],[30.59343,-4.36834],[30.59246,-4.36928],[30.5906,-4.36797],[30.58955,-4.36828],[30.59011,-4.37041],[30.58763,-4.37225],[30.59295,-4.37469],[30.59454,-4.37279],[30.59658,-4.37311],[30.59874,-4.36994],[30.60092,-4.37037],[30.6021,-4.37192],[30.60161,-4.37426],[30.60245,-4.37524],[30.60409,-4.37217],[30.60709,-4.3696],[30.61227,-4.37474],[30.61517,-4.37615],[30.62389,-4.38356],[30.62722,-4.38205],[30.6292,-4.37821],[30.6356,-4.3757],[30.63548,-4.37408],[30.63616,-4.37479],[30.63673,-4.3739],[30.63952,-4.37419],[30.6391,-4.37704],[30.6431,-4.37752],[30.64478,-4.38014],[30.64491,-4.38651],[30.64553,-4.38774],[30.64907,-4.38907],[30.65059,-4.39292],[30.65037,-4.39521],[30.66313,-4.40032],[30.66664,-4.40311],[30.66854,-4.40608],[30.66844,-4.40765],[30.66636,-4.40874],[30.66455,-4.41263],[30.66192,-4.41543],[30.66279,-4.41987],[30.65861,-4.4234],[30.65876,-4.42533],[30.66183,-4.42828],[30.66044,-4.42936],[30.65794,-4.42903],[30.65626,-4.43179],[30.6575,-4.43422],[30.66094,-4.43499],[30.65953,-4.43632],[30.65523,-4.43678],[30.65214,-4.43566],[30.64721,-4.43573],[30.63999,-4.43814],[30.637,-4.42824],[30.63459,-4.42824],[30.6294,-4.43741],[30.62985,-4.43826],[30.6322,-4.43775],[30.63472,-4.43946],[30.63761,-4.43983],[30.64054,-4.44636],[30.63898,-4.44863],[30.63134,-4.45254],[30.63046,-4.4547],[30.63332,-4.46029],[30.63517,-4.46223],[30.63891,-4.46386],[30.63993,-4.4638],[30.6438,-4.45959],[30.64997,-4.45776],[30.65235,-4.45742],[30.65401,-4.4614],[30.65346,-4.47368],[30.64498,-4.47805],[30.64255,-4.48165],[30.63751,-4.48289],[30.63649,-4.4853],[30.63767,-4.49011],[30.64038,-4.49365],[30.6451,-4.49616],[30.64667,-4.49925],[30.65121,-4.50112],[30.65092,-4.50552],[30.65409,-4.50822],[30.65269,-4.50917],[30.6497,-4.508],[30.64081,-4.50978],[30.6385,-4.51071],[30.63758,-4.51239],[30.64124,-4.51802],[30.65053,-4.51978],[30.652,-4.52362],[30.65602,-4.52816],[30.65573,-4.5334],[30.66672,-4.53524],[30.66901,-4.53395],[30.67225,-4.5364],[30.66978,-4.53783],[30.66825,-4.54095],[30.66736,-4.54695],[30.66436,-4.54868],[30.66206,-4.55241],[30.65845,-4.55552],[30.65709,-4.5593],[30.65616,-4.56024],[30.65366,-4.55931],[30.65188,-4.55997],[30.652,-4.56154],[30.65508,-4.56389],[30.65458,-4.56611],[30.65528,-4.56811],[30.65802,-4.57174],[30.65692,-4.57291],[30.65222,-4.57095],[30.64736,-4.57534],[30.64881,-4.57584],[30.65087,-4.57955],[30.6528,-4.58008],[30.65566,-4.58573],[30.65613,-4.58894],[30.65427,-4.59133],[30.65444,-4.59248],[30.65644,-4.59438],[30.66039,-4.5929],[30.6687,-4.59256],[30.67225,-4.58738],[30.68015,-4.58333],[30.69094,-4.59039],[30.69255,-4.59045],[30.69564,-4.58837],[30.69593,-4.58654],[30.69436,-4.58539],[30.69487,-4.58425],[30.6982,-4.58529],[30.70201,-4.58906],[30.70078,-4.59432],[30.70146,-4.60088],[30.69929,-4.60569],[30.70124,-4.61244],[30.6999,-4.61826],[30.69776,-4.6237],[30.69703,-4.62879],[30.6931,-4.63114],[30.68644,-4.64636],[30.68828,-4.65213],[30.68773,-4.65585],[30.6888,-4.65902],[30.69175,-4.65996],[30.69911,-4.6566],[30.70113,-4.65812],[30.70095,-4.66145],[30.69736,-4.67171],[30.6974,-4.6754],[30.69586,-4.68115],[30.69785,-4.68231],[30.70221,-4.68175],[30.70936,-4.67845],[30.71117,-4.67571],[30.72306,-4.68347],[30.72859,-4.68035],[30.73033,-4.68137],[30.73098,-4.68606],[30.72912,-4.68811],[30.72593,-4.68933],[30.72506,-4.69188],[30.72976,-4.69517],[30.73464,-4.70124],[30.73194,-4.70395],[30.73142,-4.70944],[30.72953,-4.71244],[30.72341,-4.71415],[30.72522,-4.71783],[30.73286,-4.71665],[30.73454,-4.71382],[30.74121,-4.71464],[30.74547,-4.71345],[30.74639,-4.71202],[30.74589,-4.71008],[30.74811,-4.70759],[30.74922,-4.70788],[30.75214,-4.71281],[30.75707,-4.7151],[30.75868,-4.7098],[30.76615,-4.70798],[30.77284,-4.70981],[30.77432,-4.70415],[30.77528,-4.7034],[30.77894,-4.70283],[30.78144,-4.70005],[30.78657,-4.70179],[30.78901,-4.69911],[30.79116,-4.70176],[30.7917,-4.70728],[30.7974,-4.70741],[30.79798,-4.71312],[30.80219,-4.71479],[30.80305,-4.71841],[30.8055,-4.71999],[30.81101,-4.71934],[30.81649,-4.71183],[30.81834,-4.71122],[30.82631,-4.71298],[30.83219,-4.71581],[30.8398,-4.72114],[30.84318,-4.72591],[30.84297,-4.73777],[30.84478,-4.74023],[30.83822,-4.74694],[30.83839,-4.75],[30.84562,-4.75201],[30.85035,-4.75894],[30.85654,-4.76377],[30.85585,-4.76591],[30.85063,-4.76605],[30.85071,-4.76828],[30.85189,-4.76905],[30.85546,-4.76868],[30.85492,-4.7759],[30.86149,-4.77961],[30.86306,-4.78213],[30.86263,-4.78544],[30.86788,-4.78914],[30.86769,-4.79522],[30.87605,-4.79887],[30.87931,-4.79595],[30.88246,-4.79496],[30.88372,-4.79758],[30.8867,-4.79997],[30.89038,-4.80016],[30.88976,-4.80734],[30.89207,-4.81015],[30.89431,-4.81109],[30.89506,-4.81282],[30.89797,-4.81186],[30.89886,-4.81251],[30.90107,-4.81125],[30.90423,-4.8119],[30.90543,-4.80931],[30.90646,-4.80932],[30.90968,-4.81808],[30.90571,-4.82366],[30.91258,-4.82642],[30.915,-4.82463],[30.91912,-4.82908],[30.91841,-4.83193],[30.919,-4.83377],[30.9223,-4.8345],[30.92525,-4.83655],[30.92336,-4.84186],[30.92055,-4.84526],[30.92176,-4.84769],[30.92402,-4.84911],[30.92726,-4.84745],[30.92848,-4.85081],[30.92784,-4.8556],[30.92417,-4.85831],[30.92684,-4.86052],[30.92097,-4.86846],[30.9226,-4.87181],[30.92241,-4.87344],[30.9165,-4.87796],[30.91925,-4.88614],[30.91387,-4.88886],[30.91076,-4.88772],[30.90931,-4.88403],[30.9073,-4.88468],[30.90633,-4.88624],[30.9089,-4.89157],[30.9127,-4.89279],[30.91203,-4.89604],[30.90855,-4.89701],[30.9086,-4.89896],[30.91479,-4.89829],[30.91627,-4.89956],[30.91028,-4.90477],[30.90391,-4.90421],[30.90243,-4.90626],[30.90245,-4.91143],[30.90918,-4.91368],[30.91321,-4.91648],[30.91595,-4.91665],[30.91755,-4.91787],[30.91744,-4.91938],[30.91641,-4.92054],[30.90515,-4.92327],[30.90195,-4.92158],[30.89901,-4.92146],[30.89629,-4.92332],[30.89564,-4.92708],[30.89806,-4.93592],[30.89789,-4.9434],[30.89588,-4.94879],[30.89212,-4.95297],[30.89498,-4.96436],[30.89633,-4.96662],[30.90156,-4.96637],[30.90485,-4.96219],[30.90849,-4.9641],[30.9089,-4.96585],[30.90792,-4.96731],[30.9031,-4.96887],[30.9024,-4.97052],[30.87275,-4.97393],[30.84058,-4.9616],[30.8303,-4.95856],[30.81739,-4.95169],[30.80901,-4.94894],[30.79037,-4.93363],[30.77768,-4.92165],[30.75237,-4.91287],[30.72016,-4.89419],[30.55969,-4.88928],[30.49411,-4.91183],[30.47363,-4.9236],[30.46554,-4.92633],[30.45826,-4.9266],[30.45784,-4.9233],[30.45519,-4.91974],[30.45444,-4.92083],[30.45277,-4.91919],[30.45293,-4.91737],[30.4518,-4.91757],[30.45146,-4.91608],[30.45028,-4.91637],[30.44126,-4.91073],[30.44144,-4.90823],[30.4403,-4.90639],[30.43672,-4.90603],[30.4352,-4.90399],[30.43218,-4.90235],[30.43307,-4.89921],[30.43138,-4.90005],[30.42863,-4.89502],[30.42542,-4.8927],[30.42651,-4.89128],[30.4247,-4.88867],[30.42568,-4.88714],[30.42557,-4.88395],[30.42823,-4.88177],[30.42869,-4.87934],[30.42769,-4.8751],[30.42551,-4.87258],[30.42548,-4.86677],[30.42279,-4.86472],[30.45449,-4.75675],[30.4881,-4.6891],[30.46251,-4.62692],[30.42423,-4.61646],[30.41867,-4.61271],[30.41752,-4.61042],[30.41459,-4.5982],[30.41776,-4.5873],[30.40376,-4.55505],[30.40265,-4.55068],[30.40071,-4.54204],[30.4019,-4.51961],[30.39702,-4.49986],[30.40821,-4.48121],[30.42714,-4.46816],[30.45695,-4.40955],[30.46464,-4.39806],[30.48254,-4.36741],[30.48854,-4.33861],[30.52323,-4.33931],[30.53289,-4.33595],[30.53389,-4.33642]]]},"properties":{"region":"Kigoma","district":"Kasulu","ward":"Kagera Nkanda","ward_code":"091"}},{"type":"Feature","geometry":{"type":"Polygon","coordinates":[[[30.36548,-4.22519],[30.4076,-4.24984],[30.41189,-4.25489],[30.41969,-4.25542],[30.42135,-4.2568],[30.43074,-4.25387],[30.45231,-4.25897],[30.4602,-4.25953],[30.47917,-4.26299],[30.71076,-4.32581],[30.71088,-4.33039],[30.70783,-4.33262],[30.71023,-4.33418],[30.71022,-4.33529],[30.70965,-4.33651],[30.70734,-4.33745],[30.70408,-4.33473],[30.7006,-4.33499],[30.69688,-4.33937],[30.69284,-4.34032],[30.69097,-4.34385],[30.68898,-4.3444],[30.68479,-4.34793],[30.68483,-4.35232],[30.689,-4.35615],[30.68918,-4.35825],[30.69117,-4.36065],[30.69015,-4.36649],[30.69059,-4.37039],[30.68958,-4.37338],[30.6862,-4.37477],[30.68385,-4.38348],[30.68141,-4.38417],[30.67533,-4.37999],[30.67458,-4.376],[30.67042,-4.36886],[30.66284,-4.3671],[30.66032,-4.36814],[30.65323,-4.37509],[30.64874,-4.3717],[30.64607,-4.37415],[30.64512,-4.37655],[30.63952,-4.37419],[30.63673,-4.3739],[30.63616,-4.37479],[30.63548,-4.37408],[30.6356,-4.3757],[30.6292,-4.37821],[30.62722,-4.38205],[30.62389,-4.38356],[30.61517,-4.37615],[30.61227,-4.37474],[30.60709,-4.3696],[30.60409,-4.37217],[30.60245,-4.37524],[30.60161,-4.37426],[30.6021,-4.37192],[30.60092,-4.37037],[30.59874,-4.36994],[30.59658,-4.37311],[30.59454,-4.37279],[30.59295,-4.37469],[30.58864,-4.37289],[30.58763,-4.37225],[30.59011,-4.37041],[30.58955,-4.36828],[30.5906,-4.36797],[30.59246,-4.36928],[30.59343,-4.36834],[30.59302,-4.36605],[30.58744,-4.36515],[30.58757,-4.36307],[30.58158,-4.35843],[30.57788,-4.35948],[30.57442,-4.35284],[30.57113,-4.35168],[30.56808,-4.35172],[30.56313,-4.35382],[30.55648,-4.35324],[30.55455,-4.35462],[30.55542,-4.35629],[30.55497,-4.35802],[30.55016,-4.35719],[30.54658,-4.36032],[30.54827,-4.35397],[30.54628,-4.35087],[30.54731,-4.34949],[30.54605,-4.34825],[30.54607,-4.3436],[30.54368,-4.34338],[30.54323,-4.34102],[30.5421,-4.3408],[30.54008,-4.34131],[30.53722,-4.34395],[30.53458,-4.34147],[30.53389,-4.33642],[30.53289,-4.33595],[30.52323,-4.33931],[30.48854,-4.33861],[30.44384,-4.32958],[30.40377,-4.31964],[30.36404,-4.31643],[30.36174,-4.31299],[30.3578,-4.31158],[30.35429,-4.30402],[30.35731,-4.30006],[30.36973,-4.29168],[30.3706,-4.2858],[30.37331,-4.28517],[30.3759,-4.28249],[30.37554,-4.28003],[30.37667,-4.27983],[30.37642,-4.27804],[30.37799,-4.2778],[30.37753,-4.27602],[30.38364,-4.27498],[30.38854,-4.26905],[30.39015,-4.26513],[30.39176,-4.26547],[30.39119,-4.26089],[30.38257,-4.25157],[30.38041,-4.24677],[30.38048,-4.24327],[30.37639,-4.23947],[30.37318,-4.23378],[30.36865,-4.23245],[30.36742,-4.23046],[30.36515,-4.23126],[30.36548,-4.22519]]]},"properties":{"region":"Kigoma","district":"Kasulu","ward":"Makere","ward_code":"213"}},{"type":"Feature","geometry":{"type":"Polygon","coordinates":[[[30.29817,-4.27985],[30.31076,-4.28532],[30.32998,-4.28126],[30.34187,-4.2811],[30.35413,-4.2788],[30.36006,-4.28213],[30.36516,-4.28356],[30.36688,-4.28668],[30.3706,-4.2858],[30.36973,-4.29168],[30.35731,-4.30006],[30.35429,-4.30402],[30.3578,-4.31158],[30.36174,-4.31299],[30.36366,-4.31497],[30.36561,-4.32389],[30.35806,-4.33299],[30.35805,-4.33509],[30.35664,-4.33487],[30.3565,-4.33589],[30.3515,-4.33901],[30.35183,-4.34068],[30.35015,-4.34305],[30.35039,-4.34584],[30.34763,-4.36169],[30.35205,-4.3738],[30.35509,-4.3802],[30.35915,-4.38416],[30.3829,-4.40226],[30.41472,-4.40042],[30.45695,-4.40955],[30.43595,-4.45158],[30.39723,-4.44826],[30.32098,-4.43236],[30.3,-4.42544],[30.29397,-4.40993],[30.30818,-4.38096],[30.29959,-4.37035],[30.28438,-4.36162],[30.26784,-4.34886],[30.26607,-4.31935],[30.27863,-4.29233],[30.29176,-4.27512],[30.29817,-4.27985]]]},"properties":{"region":"Kigoma","district":"Kasulu","ward":"Nyachenda","ward_code":"051"}},{"type":"Feature","geometry":{"type":"Polygon","coordinates":[[[30.29176,-4.27512],[30.27863,-4.29233],[30.26607,-4.31935],[30.26784,-4.34886],[30.28438,-4.36162],[30.29959,-4.37035],[30.30818,-4.38096],[30.29848,-4.38648],[30.28045,-4.37927],[30.25724,-4.39156],[30.24687,-4.39123],[30.24675,-4.39687],[30.24166,-4.41567],[30.24671,-4.42676],[30.26838,-4.43247],[30.27055,-4.43491],[30.24693,-4.45647],[30.23012,-4.4658],[30.21842,-4.48009],[30.21015,-4.4771],[30.17699,-4.45323],[30.16751,-4.44052],[30.15604,-4.4295],[30.15093,-4.4177],[30.14918,-4.40952],[30.15598,-4.39838],[30.15599,-4.39088],[30.1545,-4.38746],[30.14776,-4.38516],[30.15,-4.38057],[30.15137,-4.37272],[30.15871,-4.36595],[30.16147,-4.36162],[30.1661,-4.35941],[30.17147,-4.34926],[30.17007,-4.33163],[30.16366,-4.32238],[30.16058,-4.31169],[30.16911,-4.30536],[30.17485,-4.30929],[30.18232,-4.31118],[30.19142,-4.29794],[30.20159,-4.29042],[30.21397,-4.28368],[30.22686,-4.28738],[30.24175,-4.28592],[30.25569,-4.28705],[30.266,-4.27451],[30.29176,-4.27512]]]},"properties":{"region":"Kigoma","district":"Kasulu","ward":"Buhoro","ward_code":"061"}},{"type":"Feature","geometry":{"type":"Polygon","coordinates":[[[30.24693,-4.45647],[30.26273,-4.49487],[30.26318,-4.49953],[30.27365,-4.50074],[30.28383,-4.50064],[30.29526,-4.5041],[30.30617,-4.51863],[30.32287,-4.52074],[30.33754,-4.51714],[30.34367,-4.51127],[30.38015,-4.52106],[30.401,-4.51509],[30.4019,-4.51961],[30.40071,-4.54204],[30.40376,-4.55505],[30.41776,-4.5873],[30.41459,-4.5982],[30.41715,-4.60955],[30.41867,-4.61271],[30.40314,-4.60223],[30.38618,-4.59613],[30.37654,-4.60118],[30.34871,-4.60794],[30.33632,-4.60933],[30.32281,-4.61524],[30.30817,-4.62337],[30.31223,-4.60457],[30.30452,-4.59204],[30.29692,-4.58581],[30.27786,-4.58143],[30.26771,-4.58546],[30.26338,-4.58938],[30.25895,-4.5962],[30.25691,-4.57052],[30.25456,-4.57367],[30.24953,-4.57604],[30.24345,-4.57704],[30.24046,-4.57545],[30.24146,-4.56967],[30.24104,-4.56617],[30.24327,-4.56376],[30.24231,-4.55875],[30.24377,-4.55778],[30.24414,-4.55625],[30.24389,-4.55114],[30.24252,-4.5503],[30.2427,-4.54558],[30.24539,-4.53944],[30.24472,-4.52952],[30.24566,-4.52101],[30.2472,-4.51739],[30.24647,-4.51625],[30.24768,-4.51523],[30.24578,-4.51165],[30.24583,-4.50805],[30.24416,-4.50487],[30.24351,-4.49969],[30.24432,-4.4978],[30.24283,-4.49296],[30.24011,-4.49013],[30.2373,-4.48422],[30.23198,-4.48499],[30.21842,-4.48009],[30.23012,-4.4658],[30.24693,-4.45647]]]},"properties":{"region":"Kigoma","district":"Kasulu","ward":"Nyamnyusi","ward_code":"071"}},{"type":"Feature","geometry":{"type":"Polygon","coordinates":[[[30.28045,-4.37927],[30.29848,-4.38648],[30.30818,-4.38096],[30.29397,-4.40993],[30.3,-4.42544],[30.32098,-4.43236],[30.39723,-4.44826],[30.43595,-4.45158],[30.42714,-4.46816],[30.40821,-4.48121],[30.39702,-4.49986],[30.40043,-4.51525],[30.38015,-4.52106],[30.34367,-4.51127],[30.33754,-4.51714],[30.32287,-4.52074],[30.30617,-4.51863],[30.29526,-4.5041],[30.28383,-4.50064],[30.27365,-4.50074],[30.26318,-4.49953],[30.26273,-4.49487],[30.24693,-4.45647],[30.27055,-4.43491],[30.26838,-4.43247],[30.24671,-4.42676],[30.24166,-4.41567],[30.24675,-4.39687],[30.24687,-4.39123],[30.25724,-4.39156],[30.28045,-4.37927]]]},"properties":{"region":"Kigoma","district":"Kasulu","ward":"Nyakitonto","ward_code":"081"}},{"type":"Feature","geometry":{"type":"Polygon","coordinates":[[[30.04469,-4.6962],[30.05409,-4.69971],[30.05895,-4.70319],[30.0636,-4.71207],[30.06754,-4.71534],[30.07017,-4.7162],[30.07407,-4.72224],[30.07845,-4.72579],[30.08003,-4.72901],[30.08159,-4.72968],[30.08912,-4.74159],[30.09419,-4.75799],[30.09484,-4.76168],[30.09384,-4.76317],[30.0712,-4.75256],[30.06411,-4.75433],[30.05471,-4.75858],[30.04261,-4.75714],[30.03746,-4.75521],[30.03589,-4.75642],[30.03068,-4.75634],[30.02498,-4.75199],[30.01904,-4.7509],[30.01529,-4.75138],[30.00777,-4.74922],[30.02279,-4.70174],[30.02256,-4.6989],[30.04469,-4.6962]]]},"properties":{"region":"Kigoma","district":"Kasulu","ward":"Muzye","ward_code":"151"}},{"type":"Feature","geometry":{"type":"Polygon","coordinates":[[[30.05519,-4.64381],[30.06052,-4.64611],[30.07565,-4.64607],[30.09386,-4.63925],[30.10225,-4.66507],[30.10501,-4.67815],[30.10556,-4.70036],[30.10384,-4.71057],[30.10555,-4.73468],[30.10682,-4.73593],[30.0903,-4.74494],[30.08912,-4.74159],[30.08159,-4.72968],[30.08003,-4.72901],[30.07845,-4.72579],[30.07407,-4.72224],[30.07017,-4.7162],[30.06499,-4.7137],[30.05895,-4.70319],[30.05634,-4.70099],[30.04469,-4.6962],[30.02256,-4.6989],[30.02219,-4.69422],[30.01911,-4.68524],[30.01909,-4.67932],[30.02384,-4.67109],[30.02524,-4.66582],[30.03075,-4.66347],[30.03118,-4.656],[30.02961,-4.64737],[30.03149,-4.63892],[30.0345,-4.633],[30.03766,-4.6305],[30.04346,-4.63056],[30.05519,-4.64381]]]},"properties":{"region":"Kigoma","district":"Kasulu","ward":"Bugaga","ward_code":"161"}},{"type":"Feature","geometry":{"type":"Polygon","coordinates":[[[29.95815,-4.74488],[29.98806,-4.75827],[30.00618,-4.75424],[30.00777,-4.74922],[30.01529,-4.75138],[30.01904,-4.7509],[30.02498,-4.75199],[30.03068,-4.75634],[30.03589,-4.75642],[30.03746,-4.75521],[30.04261,-4.75714],[30.05471,-4.75858],[30.06411,-4.75433],[30.0712,-4.75256],[30.09275,-4.76222],[30.10072,-4.77035],[30.10317,-4.77027],[30.10425,-4.7721],[30.10695,-4.7737],[30.1123,-4.77473],[30.1148,-4.77736],[30.11754,-4.77805],[30.12142,-4.78365],[30.12156,-4.78701],[30.1242,-4.78871],[30.12501,-4.79452],[30.12668,-4.79738],[30.13469,-4.80464],[30.13846,-4.80476],[30.13879,-4.83597],[30.15918,-4.90707],[30.1829,-4.95411],[30.18934,-4.96274],[30.18523,-4.96645],[30.17966,-4.96955],[30.1758,-4.96958],[30.16338,-4.97913],[30.1457,-4.96401],[30.1267,-4.93723],[30.11737,-4.91751],[30.10915,-4.87015],[30.11183,-4.8568],[30.10056,-4.84752],[30.08947,-4.83244],[30.06807,-4.81948],[30.05757,-4.81551],[30.05262,-4.81035],[30.02806,-4.80849],[30.00966,-4.80014],[29.99779,-4.80077],[29.98353,-4.78966],[29.97853,-4.78056],[29.97583,-4.77282],[29.95815,-4.74488]]]},"properties":{"region":"Kigoma","district":"Kasulu","ward":"Kigembe","ward_code":"171"}},{"type":"Feature","geometry":{"type":"Polygon","coordinates":[[[30.11183,-4.8568],[30.10915,-4.87015],[30.11737,-4.91751],[30.1267,-4.93723],[30.1457,-4.96401],[30.16338,-4.97913],[30.1758,-4.96958],[30.17966,-4.96955],[30.18523,-4.96645],[30.18934,-4.96274],[30.22593,-4.97831],[30.2109,-5.00038],[30.18695,-5.02622],[30.18105,-5.05594],[30.17815,-5.05247],[30.17422,-5.05096],[30.17246,-5.04647],[30.17012,-5.04545],[30.17081,-5.04247],[30.16456,-5.03511],[30.1626,-5.03506],[30.16256,-5.03239],[30.15916,-5.03366],[30.15939,-5.03184],[30.1582,-5.0324],[30.15776,-5.03128],[30.15579,-5.03075],[30.15025,-5.02447],[30.14992,-5.02131],[30.1483,-5.01962],[30.14505,-5.02037],[30.13923,-5.01818],[30.13399,-5.00942],[30.13254,-5.00182],[30.12678,-4.99621],[30.10561,-4.98357],[30.04427,-4.92997],[30.03275,-4.91108],[30.01523,-4.90313],[29.98692,-4.90289],[29.9887,-4.89874],[29.98665,-4.89507],[29.98753,-4.88893],[29.98926,-4.88455],[29.99259,-4.88012],[29.99448,-4.87399],[29.99338,-4.86679],[29.99394,-4.86241],[29.99278,-4.86215],[29.99235,-4.86006],[29.9954,-4.85655],[29.99437,-4.85412],[29.99518,-4.84976],[30.00005,-4.83849],[29.99903,-4.83079],[29.99601,-4.82606],[29.99779,-4.80077],[30.00966,-4.80014],[30.02806,-4.80849],[30.05262,-4.81035],[30.05757,-4.81551],[30.06807,-4.81948],[30.08947,-4.83244],[30.10056,-4.84752],[30.11183,-4.8568]]]},"properties":{"region":"Kigoma","district":"Kasulu","ward":"Rusesa","ward_code":"181"}},{"type":"Feature","geometry":{"type":"Polygon","coordinates":[[[29.99278,-4.86215],[29.99394,-4.86241],[29.99338,-4.86679],[29.99448,-4.87399],[29.99259,-4.88012],[29.98926,-4.88455],[29.98753,-4.88893],[29.98665,-4.89507],[29.9883,-4.89753],[29.98862,-4.89996],[29.98692,-4.90289],[29.98159,-4.90615],[29.96605,-4.89861],[29.96192,-4.89492],[29.94464,-4.8949],[29.93601,-4.89191],[29.93356,-4.88695],[29.93089,-4.87749],[29.92986,-4.86519],[29.93062,-4.85537],[29.92918,-4.8496],[29.93255,-4.84867],[29.93319,-4.84503],[29.93844,-4.83764],[29.94129,-4.82833],[29.94373,-4.82388],[29.94651,-4.82203],[29.95391,-4.82091],[29.95778,-4.81805],[29.96452,-4.81034],[29.96499,-4.78942],[29.96786,-4.78241],[29.97583,-4.77282],[29.97853,-4.78056],[29.98353,-4.78966],[29.99779,-4.80077],[29.99601,-4.82606],[29.99903,-4.83079],[30.00005,-4.83849],[29.99518,-4.84976],[29.99437,-4.85412],[29.9954,-4.85655],[29.99235,-4.86006],[29.99278,-4.86215]]]},"properties":{"region":"Kigoma","district":"Kasulu","ward":"Kwaga","ward_code":"191"}},{"type":"Feature","geometry":{"type":"Polygon","coordinates":[[[29.95815,-4.74488],[29.97583,-4.77282],[29.96786,-4.78241],[29.96499,-4.78942],[29.96452,-4.81034],[29.95778,-4.81805],[29.95391,-4.82091],[29.94651,-4.82203],[29.94373,-4.82388],[29.94129,-4.82833],[29.93844,-4.83764],[29.93319,-4.84503],[29.93255,-4.84867],[29.91658,-4.85333],[29.913,-4.8419],[29.91283,-4.82297],[29.89395,-4.81761],[29.90212,-4.77889],[29.91956,-4.76543],[29.92385,-4.76407],[29.92452,-4.76219],[29.92316,-4.75999],[29.92875,-4.75508],[29.92825,-4.75275],[29.92956,-4.75208],[29.92851,-4.75014],[29.92998,-4.75045],[29.94024,-4.74499],[29.95815,-4.74488]]]},"properties":{"region":"Kigoma","district":"Kasulu","ward":"Kalela","ward_code":"201"}},{"type":"Feature","geometry":{"type":"Polygon","coordinates":[[[30.31223,-4.60457],[30.30817,-4.62337],[30.32281,-4.61524],[30.33632,-4.60933],[30.34871,-4.60794],[30.37654,-4.60118],[30.38618,-4.59613],[30.40314,-4.60223],[30.42423,-4.61646],[30.46251,-4.62692],[30.4881,-4.6891],[30.45449,-4.75675],[30.42279,-4.86472],[30.42047,-4.85792],[30.41677,-4.85349],[30.41721,-4.8513],[30.41581,-4.84945],[30.4163,-4.84724],[30.41153,-4.84231],[30.41141,-4.83423],[30.40895,-4.82932],[30.40924,-4.82737],[30.4072,-4.82749],[30.40438,-4.82466],[30.40149,-4.82587],[30.40002,-4.82077],[30.40038,-4.81927],[30.39787,-4.81692],[30.40006,-4.81576],[30.39887,-4.81382],[30.39521,-4.81134],[30.39552,-4.80896],[30.39429,-4.80567],[30.39496,-4.80114],[30.38967,-4.79504],[30.3914,-4.79372],[30.38896,-4.79276],[30.38812,-4.79363],[30.38735,-4.79278],[30.38571,-4.79342],[30.3857,-4.79221],[30.38236,-4.78811],[30.38096,-4.79035],[30.37977,-4.78961],[30.37917,-4.78813],[30.37978,-4.78705],[30.37547,-4.77754],[30.36817,-4.77742],[30.36264,-4.77178],[30.35528,-4.76891],[30.34994,-4.75746],[30.34231,-4.75122],[30.33838,-4.73986],[30.33239,-4.72981],[30.32787,-4.72506],[30.32371,-4.72466],[30.32502,-4.7185],[30.32198,-4.71699],[30.32391,-4.71452],[30.32444,-4.7128],[30.32346,-4.71194],[30.32539,-4.70762],[30.32466,-4.7057],[30.32565,-4.70373],[30.32483,-4.70141],[30.32557,-4.69992],[30.32474,-4.69928],[30.32525,-4.69753],[30.3274,-4.69666],[30.3271,-4.69433],[30.32818,-4.69287],[30.32612,-4.69071],[30.32719,-4.68902],[30.32602,-4.68804],[30.32629,-4.68655],[30.3246,-4.68345],[30.32639,-4.68373],[30.32677,-4.68242],[30.32573,-4.68001],[30.32659,-4.67963],[30.32668,-4.67738],[30.32482,-4.67757],[30.32519,-4.67556],[30.32426,-4.67334],[30.32559,-4.66924],[30.32403,-4.66839],[30.32036,-4.66313],[30.31578,-4.66066],[30.3176,-4.65978],[30.31784,-4.6581],[30.31886,-4.65772],[30.31906,-4.65654],[30.31771,-4.65635],[30.31881,-4.65469],[30.31668,-4.65474],[30.31717,-4.65368],[30.31563,-4.65358],[30.31587,-4.65274],[30.31392,-4.65439],[30.31297,-4.65323],[30.31191,-4.65418],[30.30928,-4.65486],[30.30914,-4.654],[30.30341,-4.65579],[30.29541,-4.65394],[30.29017,-4.65133],[30.28865,-4.65005],[30.28797,-4.64259],[30.28514,-4.64007],[30.27995,-4.63588],[30.27455,-4.63333],[30.27058,-4.6343],[30.26991,-4.63241],[30.26482,-4.632],[30.2631,-4.62405],[30.26153,-4.62303],[30.26001,-4.62332],[30.25994,-4.6222],[30.2582,-4.62178],[30.25844,-4.62074],[30.25572,-4.61846],[30.25468,-4.61834],[30.2533,-4.62004],[30.25229,-4.6199],[30.25262,-4.61868],[30.25156,-4.61961],[30.25159,-4.61702],[30.25086,-4.6166],[30.25263,-4.61064],[30.25641,-4.60543],[30.25704,-4.59861],[30.26338,-4.58938],[30.26771,-4.58546],[30.27786,-4.58143],[30.29692,-4.58581],[30.30452,-4.59204],[30.31223,-4.60457]]]},"properties":{"region":"Kigoma","district":"Kasulu","ward":"Kurugongo","ward_code":"101"}},{"type":"Feature","geometry":{"type":"Polygon","coordinates":[[[30.27108,-4.75379],[30.27498,-4.78099],[30.31933,-4.79544],[30.33256,-4.77979],[30.32092,-4.83962],[30.28171,-4.85675],[30.26933,-4.85472],[30.24841,-4.86004],[30.25251,-4.86807],[30.25481,-4.87708],[30.25768,-4.88157],[30.25778,-4.89271],[30.26287,-4.90588],[30.26362,-4.91258],[30.26637,-4.91644],[30.25568,-4.92034],[30.23331,-4.96725],[30.22593,-4.97831],[30.18934,-4.96274],[30.1829,-4.95411],[30.15918,-4.90707],[30.14701,-4.86658],[30.13879,-4.83597],[30.13846,-4.80476],[30.13469,-4.80464],[30.12668,-4.79738],[30.12501,-4.79452],[30.1242,-4.78871],[30.12156,-4.78701],[30.12142,-4.78365],[30.11754,-4.77805],[30.1148,-4.77736],[30.1123,-4.77473],[30.10695,-4.7737],[30.10425,-4.7721],[30.10317,-4.77027],[30.10072,-4.77035],[30.09384,-4.76317],[30.09484,-4.76168],[30.09419,-4.75799],[30.0903,-4.74494],[30.10682,-4.73593],[30.10555,-4.73468],[30.10545,-4.73281],[30.1578,-4.729],[30.18254,-4.72361],[30.21794,-4.71358],[30.22746,-4.7231],[30.25611,-4.74206],[30.27108,-4.75379]]]},"properties":{"region":"Kigoma","district":"Kasulu","ward":"Rungwe Mpya","ward_code":"111"}},{"type":"Feature","geometry":{"type":"Polygon","coordinates":[[[30.33256,-4.77979],[30.35726,-4.7888],[30.36813,-4.78853],[30.37445,-4.7902],[30.37917,-4.78813],[30.38096,-4.79035],[30.38236,-4.78811],[30.3857,-4.79221],[30.38571,-4.79342],[30.38735,-4.79278],[30.38812,-4.79363],[30.38896,-4.79276],[30.3914,-4.79372],[30.38967,-4.79504],[30.39496,-4.80114],[30.39429,-4.80567],[30.39552,-4.80896],[30.39521,-4.81134],[30.39887,-4.81382],[30.40006,-4.81576],[30.39787,-4.81692],[30.40038,-4.81927],[30.40002,-4.82077],[30.40149,-4.82587],[30.40438,-4.82466],[30.4072,-4.82749],[30.40924,-4.82737],[30.40895,-4.82932],[30.41141,-4.83423],[30.41153,-4.84231],[30.4163,-4.84724],[30.41581,-4.84945],[30.41721,-4.8513],[30.41677,-4.85349],[30.42047,-4.85792],[30.42279,-4.86472],[30.39565,-4.90735],[30.38068,-4.92192],[30.37453,-4.9236],[30.37192,-4.92093],[30.37065,-4.92113],[30.36606,-4.91488],[30.36538,-4.90981],[30.3594,-4.90526],[30.35644,-4.90563],[30.35139,-4.90118],[30.34112,-4.89658],[30.33628,-4.8929],[30.32828,-4.89656],[30.30156,-4.91288],[30.28549,-4.91621],[30.27082,-4.91552],[30.26637,-4.91644],[30.26362,-4.91258],[30.26287,-4.90588],[30.25778,-4.89271],[30.25768,-4.88157],[30.25481,-4.87708],[30.25251,-4.86807],[30.24841,-4.86004],[30.26933,-4.85472],[30.28171,-4.85675],[30.32092,-4.83962],[30.33256,-4.77979]]]},"properties":{"region":"Kigoma","district":"Kasulu","ward":"Asante Nyerere","ward_code":"121"}},{"type":"Feature","geometry":{"type":"Polygon","coordinates":[[[30.25163,-4.61734],[30.25156,-4.61961],[30.25262,-4.61868],[30.25229,-4.6199],[30.2533,-4.62004],[30.25468,-4.61834],[30.25572,-4.61846],[30.25844,-4.62074],[30.2582,-4.62178],[30.25994,-4.6222],[30.26001,-4.62332],[30.26153,-4.62303],[30.2631,-4.62405],[30.26482,-4.632],[30.26991,-4.63241],[30.27058,-4.6343],[30.27455,-4.63333],[30.27995,-4.63588],[30.28514,-4.64007],[30.28797,-4.64259],[30.28865,-4.65005],[30.29017,-4.65133],[30.29541,-4.65394],[30.30341,-4.65579],[30.30914,-4.654],[30.30928,-4.65486],[30.31191,-4.65418],[30.31297,-4.65323],[30.31392,-4.65439],[30.31587,-4.65274],[30.31563,-4.65358],[30.31717,-4.65368],[30.31668,-4.65474],[30.31881,-4.65469],[30.31771,-4.65635],[30.31906,-4.65654],[30.31886,-4.65772],[30.31784,-4.6581],[30.3176,-4.65978],[30.31578,-4.66066],[30.32036,-4.66313],[30.32403,-4.66839],[30.32559,-4.66924],[30.32426,-4.67334],[30.32519,-4.67556],[30.32482,-4.67757],[30.32668,-4.67738],[30.32659,-4.67963],[30.32573,-4.68001],[30.32677,-4.68242],[30.32639,-4.68373],[30.3246,-4.68345],[30.32629,-4.68655],[30.32602,-4.68804],[30.32719,-4.68902],[30.32612,-4.69071],[30.32818,-4.69287],[30.3271,-4.69433],[30.3274,-4.69666],[30.32525,-4.69753],[30.32474,-4.69928],[30.32557,-4.69992],[30.32483,-4.70141],[30.32565,-4.70373],[30.32466,-4.7057],[30.32539,-4.70762],[30.32346,-4.71194],[30.32444,-4.7128],[30.32391,-4.71452],[30.32198,-4.71699],[30.31715,-4.72026],[30.30104,-4.7252],[30.29061,-4.72043],[30.27583,-4.71881],[30.26684,-4.7095],[30.27269,-4.68861],[30.27527,-4.67526],[30.27328,-4.66792],[30.25356,-4.67549],[30.23784,-4.67866],[30.24497,-4.66215],[30.24821,-4.65906],[30.2487,-4.65073],[30.24573,-4.63732],[30.24538,-4.62399],[30.25163,-4.61734]]]},"properties":{"region":"Kigoma","district":"Kasulu","ward":"Titye","ward_code":"131"}},{"type":"Feature","geometry":{"type":"Polygon","coordinates":[[[30.29061,-4.72043],[30.30104,-4.7252],[30.31715,-4.72026],[30.32198,-4.71699],[30.32502,-4.7185],[30.32371,-4.72466],[30.32787,-4.72506],[30.33239,-4.72981],[30.33838,-4.73986],[30.34231,-4.75122],[30.34994,-4.75746],[30.35528,-4.76891],[30.36264,-4.77178],[30.36817,-4.77742],[30.37547,-4.77754],[30.37978,-4.78705],[30.37917,-4.78813],[30.37445,-4.7902],[30.36813,-4.78853],[30.35726,-4.7888],[30.33256,-4.77979],[30.31933,-4.79544],[30.27498,-4.78099],[30.27108,-4.75379],[30.25611,-4.74206],[30.22746,-4.7231],[30.21794,-4.71358],[30.23188,-4.69148],[30.23784,-4.67866],[30.25356,-4.67549],[30.27328,-4.66792],[30.27527,-4.67526],[30.27269,-4.68861],[30.26684,-4.7095],[30.27583,-4.71881],[30.29061,-4.72043]]]},"properties":{"region":"Kigoma","district":"Kasulu","ward":"Shunguliba","ward_code":"141"}},{"type":"Feature","geometry":{"type":"Polygon","coordinates":[[[30.18268,-4.51604],[30.1933,-4.55],[30.20483,-4.56535],[30.20361,-4.56806],[30.20226,-4.56826],[30.20473,-4.57171],[30.20584,-4.57159],[30.20536,-4.57245],[30.20644,-4.57156],[30.2066,-4.5724],[30.20742,-4.57187],[30.20708,-4.57279],[30.20806,-4.57236],[30.20984,-4.57385],[30.20906,-4.57506],[30.2112,-4.57661],[30.21212,-4.57877],[30.214,-4.57887],[30.21629,-4.58363],[30.21886,-4.58429],[30.21938,-4.58367],[30.22018,-4.58464],[30.21899,-4.58564],[30.22049,-4.58556],[30.22023,-4.58637],[30.2212,-4.58655],[30.22059,-4.58722],[30.22185,-4.58794],[30.22301,-4.58743],[30.22421,-4.58836],[30.22359,-4.58902],[30.2249,-4.58829],[30.2253,-4.58949],[30.22333,-4.59206],[30.22351,-4.59279],[30.22466,-4.59262],[30.22378,-4.59284],[30.22447,-4.5937],[30.22355,-4.59425],[30.224,-4.59667],[30.2227,-4.59729],[30.22247,-4.59977],[30.20427,-4.60735],[30.1942,-4.61413],[30.18255,-4.6147],[30.17193,-4.61401],[30.16269,-4.60366],[30.14785,-4.59143],[30.13944,-4.58915],[30.1389,-4.58376],[30.13627,-4.57642],[30.13835,-4.56442],[30.13744,-4.56318],[30.13628,-4.56418],[30.13657,-4.56534],[30.13094,-4.56736],[30.12966,-4.56376],[30.13156,-4.56283],[30.13045,-4.56101],[30.12969,-4.56163],[30.12657,-4.55827],[30.12743,-4.5572],[30.12144,-4.55411],[30.12782,-4.54895],[30.12241,-4.54448],[30.12211,-4.53863],[30.13462,-4.53566],[30.14203,-4.53527],[30.16009,-4.52556],[30.16468,-4.51471],[30.16818,-4.51],[30.1727,-4.50673],[30.17742,-4.50509],[30.18097,-4.50548],[30.18268,-4.51604]]]},"properties":{"region":"Kigoma","district":"Kasulu","ward":"Kigondo","ward_code":"022"}},{"type":"Feature","geometry":{"type":"Polygon","coordinates":[[[30.17699,-4.45323],[30.1976,-4.46763],[30.18906,-4.4808],[30.18699,-4.48737],[30.18599,-4.4947],[30.18183,-4.49915],[30.18209,-4.50249],[30.18103,-4.50524],[30.17742,-4.50509],[30.1727,-4.50673],[30.16818,-4.51],[30.16468,-4.51471],[30.16009,-4.52556],[30.14203,-4.53527],[30.13462,-4.53566],[30.12211,-4.53863],[30.11552,-4.54146],[30.11445,-4.54055],[30.11342,-4.54112],[30.11204,-4.53909],[30.11031,-4.53902],[30.10936,-4.53719],[30.10864,-4.5402],[30.10757,-4.54065],[30.09645,-4.54211],[30.089,-4.53273],[30.08256,-4.5158],[30.09623,-4.47336],[30.11192,-4.47481],[30.11806,-4.47434],[30.12112,-4.47291],[30.12106,-4.47112],[30.1232,-4.46852],[30.12358,-4.46488],[30.13198,-4.45967],[30.13628,-4.45968],[30.14443,-4.45573],[30.14906,-4.45178],[30.15671,-4.44012],[30.16436,-4.43769],[30.16751,-4.44052],[30.17699,-4.45323]]]},"properties":{"region":"Kigoma","district":"Kasulu","ward":"Msambara","ward_code":"032"}},{"type":"Feature","geometry":{"type":"Polygon","coordinates":[[[30.21015,-4.4771],[30.23198,-4.48499],[30.2373,-4.48422],[30.24011,-4.49013],[30.24283,-4.49296],[30.24432,-4.4978],[30.24351,-4.49969],[30.24416,-4.50487],[30.24583,-4.50805],[30.24578,-4.51165],[30.24768,-4.51523],[30.24647,-4.51625],[30.2472,-4.51739],[30.24566,-4.52101],[30.24472,-4.52952],[30.24539,-4.53944],[30.2427,-4.54558],[30.24252,-4.5503],[30.24389,-4.55114],[30.24414,-4.55625],[30.24377,-4.55778],[30.24231,-4.55875],[30.24327,-4.56376],[30.24104,-4.56617],[30.24146,-4.56967],[30.24046,-4.57545],[30.24345,-4.57704],[30.24953,-4.57604],[30.25456,-4.57367],[30.25691,-4.57052],[30.25895,-4.5962],[30.25704,-4.59861],[30.25641,-4.60543],[30.25162,-4.61294],[30.2512,-4.61773],[30.24906,-4.6164],[30.24938,-4.61748],[30.24682,-4.61635],[30.24342,-4.61696],[30.24343,-4.61796],[30.24317,-4.61679],[30.24176,-4.61663],[30.24157,-4.61751],[30.24062,-4.61678],[30.24039,-4.61845],[30.23979,-4.61787],[30.23947,-4.61862],[30.23857,-4.61728],[30.23783,-4.61848],[30.2379,-4.61736],[30.23693,-4.6173],[30.23697,-4.61803],[30.23538,-4.61823],[30.23614,-4.61958],[30.23507,-4.61906],[30.23343,-4.62021],[30.23295,-4.61827],[30.23186,-4.61746],[30.23104,-4.61825],[30.22806,-4.61303],[30.22779,-4.6098],[30.22522,-4.60638],[30.22546,-4.6049],[30.22377,-4.60399],[30.22362,-4.60238],[30.22202,-4.60179],[30.22304,-4.59919],[30.2227,-4.59729],[30.224,-4.59667],[30.22355,-4.59425],[30.22447,-4.5937],[30.22378,-4.59284],[30.22466,-4.59262],[30.22351,-4.59279],[30.22333,-4.59206],[30.2253,-4.58949],[30.2249,-4.58829],[30.22359,-4.58902],[30.22421,-4.58836],[30.22301,-4.58743],[30.22185,-4.58794],[30.22059,-4.58722],[30.2212,-4.58655],[30.22023,-4.58637],[30.22049,-4.58556],[30.21899,-4.58564],[30.22018,-4.58464],[30.21938,-4.58367],[30.21886,-4.58429],[30.21629,-4.58363],[30.214,-4.57887],[30.21212,-4.57877],[30.2112,-4.57661],[30.20906,-4.57506],[30.20984,-4.57385],[30.20806,-4.57236],[30.20708,-4.57279],[30.20742,-4.57187],[30.2066,-4.5724],[30.20644,-4.57156],[30.20536,-4.57245],[30.20584,-4.57159],[30.20473,-4.57171],[30.20226,-4.56826],[30.20361,-4.56806],[30.20483,-4.56535],[30.1933,-4.55],[30.18268,-4.51604],[30.18088,-4.50526],[30.18209,-4.50249],[30.18183,-4.49915],[30.18567,-4.49541],[30.18906,-4.4808],[30.1976,-4.46763],[30.21015,-4.4771]]]},"properties":{"region":"Kigoma","district":"Kasulu","ward":"Ruhita","ward_code":"042"}},{"type":"Feature","geometry":{"type":"Polygon","coordinates":[[[30.11714,-4.63473],[30.12215,-4.63731],[30.14121,-4.6404],[30.15618,-4.65003],[30.17966,-4.67031],[30.18499,-4.67253],[30.18731,-4.68014],[30.18909,-4.68054],[30.18907,-4.68414],[30.197,-4.68711],[30.19568,-4.69409],[30.19938,-4.69663],[30.20023,-4.69965],[30.21794,-4.71358],[30.18254,-4.72361],[30.1578,-4.729],[30.10545,-4.73281],[30.10384,-4.71057],[30.10556,-4.70036],[30.10501,-4.67815],[30.10225,-4.66507],[30.09386,-4.63925],[30.10127,-4.63007],[30.10458,-4.62761],[30.11269,-4.63108],[30.11714,-4.63473]]]},"properties":{"region":"Kigoma","district":"Kasulu","ward":"Nyumbigwa","ward_code":"052"}},{"type":"Feature","geometry":{"type":"Polygon","coordinates":[[[30.22202,-4.60179],[30.22362,-4.60238],[30.22377,-4.60399],[30.22546,-4.6049],[30.22522,-4.60638],[30.22779,-4.6098],[30.22937,-4.61566],[30.23104,-4.61825],[30.23186,-4.61746],[30.23295,-4.61827],[30.23343,-4.62021],[30.23507,-4.61906],[30.23614,-4.61958],[30.23538,-4.61823],[30.23697,-4.61803],[30.23693,-4.6173],[30.2379,-4.61736],[30.23783,-4.61848],[30.23857,-4.61728],[30.23947,-4.61862],[30.23979,-4.61787],[30.24039,-4.61845],[30.24062,-4.61678],[30.24157,-4.61751],[30.24176,-4.61663],[30.24317,-4.61679],[30.24343,-4.61796],[30.24342,-4.61696],[30.24682,-4.61635],[30.24938,-4.61748],[30.24906,-4.6164],[30.2512,-4.61773],[30.24538,-4.62399],[30.24573,-4.63732],[30.2487,-4.65073],[30.24821,-4.65906],[30.24497,-4.66215],[30.23188,-4.69148],[30.21794,-4.71358],[30.20023,-4.69965],[30.19938,-4.69663],[30.19568,-4.69409],[30.197,-4.68711],[30.18907,-4.68414],[30.18909,-4.68054],[30.18731,-4.68014],[30.18499,-4.67253],[30.17665,-4.66801],[30.15618,-4.65003],[30.17193,-4.61401],[30.18255,-4.6147],[30.1942,-4.61413],[30.20427,-4.60735],[30.22247,-4.59977],[30.22202,-4.60179]]]},"properties":{"region":"Kigoma","district":"Kasulu","ward":"Murufiti","ward_code":"062"}},{"type":"Feature","geometry":{"type":"Polygon","coordinates":[[[30.11301,-4.58542],[30.11722,-4.58692],[30.11838,-4.58571],[30.12355,-4.58663],[30.12332,-4.58811],[30.1297,-4.58943],[30.13452,-4.59001],[30.13944,-4.58915],[30.14785,-4.59143],[30.16269,-4.60366],[30.17193,-4.61401],[30.15618,-4.65003],[30.14121,-4.6404],[30.12215,-4.63731],[30.11714,-4.63473],[30.11269,-4.63108],[30.10458,-4.62761],[30.10127,-4.63007],[30.09386,-4.63925],[30.0872,-4.63301],[30.07722,-4.61085],[30.07513,-4.60842],[30.07663,-4.59896],[30.0992,-4.5922],[30.1099,-4.58633],[30.11301,-4.58542]]]},"properties":{"region":"Kigoma","district":"Kasulu","ward":"Nyansha","ward_code":"072"}},{"type":"Feature","geometry":{"type":"Polygon","coordinates":[[[30.07457,-4.56196],[30.08416,-4.56508],[30.08925,-4.56806],[30.08961,-4.56921],[30.09209,-4.56866],[30.09436,-4.56654],[30.09757,-4.57471],[30.0923,-4.57548],[30.09227,-4.57631],[30.08814,-4.57754],[30.08421,-4.58097],[30.07238,-4.58631],[30.07015,-4.57912],[30.07045,-4.57093],[30.07457,-4.56196]]]},"properties":{"region":"Kigoma","district":"Kasulu","ward":"Kumsenga","ward_code":"082"}},{"type":"Feature","geometry":{"type":"Polygon","coordinates":[[[30.12241,-4.54412],[30.12412,-4.54515],[30.12442,-4.54677],[30.12782,-4.54895],[30.12147,-4.55406],[30.11298,-4.56514],[30.10572,-4.56864],[30.10119,-4.56895],[30.10078,-4.56805],[30.10331,-4.56773],[30.10739,-4.56506],[30.10777,-4.55467],[30.11082,-4.5459],[30.11552,-4.54146],[30.12211,-4.53863],[30.12241,-4.54412]]]},"properties":{"region":"Kigoma","district":"Kasulu","ward":"Mwilamvya","ward_code":"102"}},{"type":"Feature","geometry":{"type":"Polygon","coordinates":[[[30.12144,-4.55411],[30.12326,-4.5544],[30.12743,-4.5572],[30.12657,-4.55827],[30.12969,-4.56163],[30.13045,-4.56101],[30.13156,-4.56283],[30.12966,-4.56376],[30.13094,-4.56736],[30.13657,-4.56534],[30.13628,-4.56418],[30.13744,-4.56318],[30.13835,-4.56442],[30.13627,-4.57642],[30.1389,-4.58376],[30.13944,-4.58915],[30.13452,-4.59001],[30.1297,-4.58943],[30.12332,-4.58811],[30.12317,-4.5865],[30.11838,-4.58571],[30.11722,-4.58692],[30.11376,-4.58596],[30.11385,-4.58119],[30.11501,-4.5804],[30.11285,-4.5795],[30.11237,-4.57611],[30.10682,-4.56811],[30.11298,-4.56514],[30.12144,-4.55411]]]},"properties":{"region":"Kigoma","district":"Kasulu","ward":"Murusi","ward_code":"112"}},{"type":"Feature","geometry":{"type":"Polygon","coordinates":[[[30.1012,-4.56855],[30.10682,-4.56811],[30.11006,-4.57254],[30.1127,-4.57677],[30.11285,-4.5795],[30.11501,-4.5804],[30.11385,-4.58119],[30.11376,-4.58596],[30.11301,-4.58542],[30.1099,-4.58633],[30.10486,-4.58855],[30.10152,-4.57985],[30.09757,-4.57471],[30.09436,-4.56654],[30.1012,-4.56855]]]},"properties":{"region":"Kigoma","district":"Kasulu","ward":"Murubona","ward_code":"122"}},{"type":"Feature","geometry":{"type":"Polygon","coordinates":[[[30.09757,-4.57471],[30.10152,-4.57985],[30.10486,-4.58855],[30.0992,-4.5922],[30.07663,-4.59896],[30.07596,-4.59402],[30.07238,-4.58631],[30.08421,-4.58097],[30.08814,-4.57754],[30.09227,-4.57631],[30.0923,-4.57548],[30.09757,-4.57471]]]},"properties":{"region":"Kigoma","district":"Kasulu","ward":"Kumnyika","ward_code":"132"}},{"type":"Feature","geometry":{"type":"Polygon","coordinates":[[[30.11031,-4.53902],[30.11204,-4.53909],[30.11342,-4.54112],[30.11445,-4.54055],[30.11552,-4.54146],[30.11082,-4.5459],[30.10777,-4.55467],[30.10739,-4.56506],[30.10331,-4.56773],[30.10078,-4.56805],[30.09436,-4.56654],[30.09209,-4.56866],[30.08961,-4.56921],[30.08925,-4.56806],[30.08416,-4.56508],[30.07457,-4.56196],[30.07848,-4.54937],[30.08091,-4.54812],[30.08607,-4.54834],[30.08829,-4.54526],[30.09533,-4.54221],[30.10757,-4.54065],[30.10864,-4.5402],[30.10936,-4.53719],[30.11031,-4.53902]]]},"properties":{"region":"Kigoma","district":"Kasulu","ward":"Kimobwa","ward_code":"142"}},{"type":"Feature","geometry":{"type":"Polygon","coordinates":[[[30.09448,-4.4135],[30.13621,-4.41617],[30.14918,-4.40952],[30.15093,-4.4177],[30.15604,-4.4295],[30.16436,-4.43769],[30.15671,-4.44012],[30.14906,-4.45178],[30.14443,-4.45573],[30.13628,-4.45968],[30.13198,-4.45967],[30.12358,-4.46488],[30.1232,-4.46852],[30.12106,-4.47112],[30.12112,-4.47291],[30.11806,-4.47434],[30.11192,-4.47481],[30.09623,-4.47336],[30.08256,-4.5158],[30.0735,-4.51489],[30.05314,-4.50996],[30.04728,-4.50676],[30.04381,-4.49506],[30.04186,-4.49391],[30.03968,-4.48971],[30.03821,-4.48981],[30.03498,-4.48691],[30.02183,-4.47198],[30.03611,-4.46519],[30.04099,-4.46822],[30.04628,-4.46734],[30.04947,-4.46818],[30.05527,-4.47195],[30.06641,-4.45951],[30.07137,-4.45639],[30.08276,-4.42936],[30.08279,-4.4253],[30.08447,-4.41858],[30.08656,-4.41631],[30.08851,-4.40952],[30.09448,-4.4135]]]},"properties":{"region":"Kigoma","district":"Kasulu","ward":"Muganza","ward_code":"012"}},{"type":"Feature","geometry":{"type":"Polygon","coordinates":[[[29.98242,-4.56153],[29.98282,-4.56462],[29.99012,-4.56665],[29.99973,-4.56449],[30.00087,-4.56632],[30.00018,-4.56952],[30.00941,-4.57394],[30.02909,-4.58052],[30.03471,-4.57843],[30.04328,-4.57787],[30.05519,-4.57927],[30.06252,-4.57693],[30.06589,-4.57727],[30.06844,-4.58035],[30.0707,-4.5809],[30.07596,-4.59402],[30.07663,-4.59896],[30.07513,-4.60842],[30.07722,-4.61085],[30.0872,-4.63301],[30.09386,-4.63925],[30.07565,-4.64607],[30.06052,-4.64611],[30.05519,-4.64381],[30.04346,-4.63056],[30.03766,-4.6305],[30.0345,-4.633],[30.03149,-4.63892],[30.02961,-4.64737],[30.03118,-4.656],[30.03075,-4.66347],[30.02524,-4.66582],[30.02384,-4.67109],[30.01909,-4.67932],[30.01911,-4.68524],[30.02219,-4.69422],[30.02279,-4.70174],[30.00618,-4.75424],[29.98806,-4.75827],[29.95815,-4.74488],[29.94024,-4.74499],[29.92502,-4.6964],[29.92644,-4.69557],[29.92539,-4.69146],[29.9265,-4.68828],[29.9256,-4.68713],[29.92652,-4.65565],[29.93274,-4.63994],[29.93223,-4.637],[29.933,-4.63608],[29.93182,-4.63579],[29.93267,-4.6351],[29.93118,-4.63464],[29.93162,-4.63361],[29.93023,-4.63397],[29.92963,-4.63301],[29.93116,-4.63084],[29.93153,-4.61975],[29.93281,-4.61652],[29.93207,-4.61368],[29.93278,-4.60114],[29.9327,-4.59972],[29.93115,-4.59909],[29.9314,-4.59761],[29.92908,-4.59523],[29.92957,-4.59396],[29.92873,-4.59263],[29.92523,-4.59204],[29.924,-4.58201],[29.92859,-4.58225],[29.92766,-4.57923],[29.92936,-4.5784],[29.93137,-4.57899],[29.93136,-4.57785],[29.93288,-4.57912],[29.93419,-4.57818],[29.93741,-4.57862],[29.93778,-4.57661],[29.93966,-4.5763],[29.93986,-4.57751],[29.94181,-4.5776],[29.94286,-4.57914],[29.94552,-4.58009],[29.9458,-4.57911],[29.94783,-4.57969],[29.94888,-4.57829],[29.94814,-4.57791],[29.9484,-4.57633],[29.95236,-4.57561],[29.9535,-4.57455],[29.95289,-4.57392],[29.95553,-4.57169],[29.95449,-4.56951],[29.95499,-4.56891],[29.95855,-4.56934],[29.95987,-4.56824],[29.96247,-4.56898],[29.96255,-4.56768],[29.96164,-4.56783],[29.96358,-4.56601],[29.96808,-4.56466],[29.96874,-4.56588],[29.96933,-4.56453],[29.97084,-4.56605],[29.97117,-4.56473],[29.97425,-4.56631],[29.97503,-4.56389],[29.97687,-4.56447],[29.97715,-4.56323],[29.98023,-4.56257],[29.98031,-4.5608],[29.98242,-4.56153]]]},"properties":{"region":"Kigoma","district":"Kasulu","ward":"Muhunga","ward_code":"092"}},{"type":"Feature","geometry":{"type":"Polygon","coordinates":[[[30.03742,-4.48902],[30.03968,-4.48971],[30.04186,-4.49391],[30.04381,-4.49506],[30.04527,-4.49843],[30.04635,-4.50526],[30.04911,-4.50834],[30.0735,-4.51489],[30.08256,-4.5158],[30.089,-4.53273],[30.09645,-4.54211],[30.08829,-4.54526],[30.08607,-4.54834],[30.08091,-4.54812],[30.07848,-4.54937],[30.07457,-4.56196],[30.07045,-4.57093],[30.0707,-4.5809],[30.06844,-4.58035],[30.06589,-4.57727],[30.06252,-4.57693],[30.05519,-4.57927],[30.04328,-4.57787],[30.03471,-4.57843],[30.02909,-4.58052],[30.00941,-4.57394],[30.00018,-4.56952],[30.00087,-4.56632],[29.99973,-4.56449],[29.99012,-4.56665],[29.98282,-4.56462],[29.98242,-4.56153],[29.98031,-4.5608],[29.98122,-4.55975],[29.98067,-4.55741],[29.98273,-4.55771],[29.98387,-4.55439],[29.98783,-4.55203],[29.98794,-4.54907],[29.98976,-4.54604],[29.98922,-4.53758],[29.98963,-4.53599],[29.99099,-4.53517],[29.99572,-4.50823],[29.99835,-4.50484],[29.99898,-4.50038],[30.01731,-4.47444],[30.02183,-4.47198],[30.03742,-4.48902]]]},"properties":{"region":"Kigoma","district":"Kasulu","ward":"Heru Juu","ward_code":"152"}},{"type":"Feature","geometry":{"type":"Polygon","coordinates":[[[29.7107,-4.83747],[29.71136,-4.8429],[29.72305,-4.84222],[29.73649,-4.83624],[29.75827,-4.83368],[29.75784,-4.84293],[29.75564,-4.84849],[29.75686,-4.85506],[29.74951,-4.85246],[29.7436,-4.85193],[29.74112,-4.85493],[29.7415,-4.85857],[29.74404,-4.86184],[29.74373,-4.86662],[29.74074,-4.86875],[29.72401,-4.87089],[29.71289,-4.87371],[29.70927,-4.87662],[29.70085,-4.88977],[29.69761,-4.88445],[29.69564,-4.8783],[29.6889,-4.87285],[29.67879,-4.86901],[29.67254,-4.85638],[29.67029,-4.85436],[29.67074,-4.85014],[29.66944,-4.8446],[29.67102,-4.84022],[29.67369,-4.83686],[29.67692,-4.83314],[29.68232,-4.83025],[29.69493,-4.81417],[29.7107,-4.83747]]]},"properties":{"region":"Kigoma","district":"Kigoma","ward":"Mungonya","ward_code":"091"}},{"type":"Feature","geometry":{"type":"Polygon","coordinates":[[[29.66184,-4.79457],[29.66423,-4.79431],[29.6661,-4.7983],[29.66144,-4.8],[29.66058,-4.80261],[29.65079,-4.80641],[29.65064,-4.82691],[29.63899,-4.82229],[29.63878,-4.81357],[29.63446,-4.80607],[29.6332,-4.79487],[29.63113,-4.7907],[29.6313,-4.78599],[29.62925,-4.77977],[29.63125,-4.77338],[29.62009,-4.77246],[29.62194,-4.75757],[29.63068,-4.72889],[29.64075,-4.70409],[29.64994,-4.72322],[29.64724,-4.72896],[29.64867,-4.73645],[29.66467,-4.73967],[29.66448,-4.76411],[29.66217,-4.78014],[29.66113,-4.78132],[29.66196,-4.78307],[29.66152,-4.78601],[29.66432,-4.78944],[29.66131,-4.79286],[29.66184,-4.79457]]]},"properties":{"region":"Kigoma","district":"Kigoma","ward":"Kagongo","ward_code":"101"}},{"type":"Feature","geometry":{"type":"Polygon","coordinates":[[[29.70218,-4.76987],[29.70313,-4.7862],[29.70092,-4.80273],[29.69685,-4.81136],[29.69155,-4.81902],[29.68232,-4.83025],[29.67692,-4.83314],[29.67102,-4.84022],[29.66944,-4.8446],[29.67074,-4.85014],[29.67029,-4.85436],[29.66812,-4.85318],[29.65839,-4.84306],[29.65643,-4.84007],[29.65245,-4.82784],[29.65064,-4.82691],[29.65049,-4.82443],[29.65079,-4.80641],[29.66058,-4.80261],[29.66144,-4.8],[29.6661,-4.7983],[29.66423,-4.79431],[29.66184,-4.79457],[29.66115,-4.79364],[29.66432,-4.78944],[29.66152,-4.78601],[29.66196,-4.78307],[29.66113,-4.78132],[29.66217,-4.78014],[29.66298,-4.77567],[29.66488,-4.75682],[29.67353,-4.75746],[29.68109,-4.76248],[29.70218,-4.76987]]]},"properties":{"region":"Kigoma","district":"Kigoma","ward":"Mwandiga","ward_code":"113"}},{"type":"Feature","geometry":{"type":"Polygon","coordinates":[[[29.6332,-4.79487],[29.63446,-4.80607],[29.63878,-4.81357],[29.63943,-4.81777],[29.63899,-4.82229],[29.63642,-4.82337],[29.63404,-4.82743],[29.63216,-4.83416],[29.63127,-4.84318],[29.62287,-4.8515],[29.6175,-4.85487],[29.60886,-4.85586],[29.60961,-4.85177],[29.60639,-4.8459],[29.60984,-4.8384],[29.60441,-4.8276],[29.60535,-4.82457],[29.6102,-4.8198],[29.61088,-4.81628],[29.60778,-4.81007],[29.60825,-4.80706],[29.59909,-4.80147],[29.5998,-4.80044],[29.59945,-4.79564],[29.60284,-4.78561],[29.60202,-4.78074],[29.60373,-4.77133],[29.60287,-4.76679],[29.60406,-4.76203],[29.60429,-4.75438],[29.6001,-4.74959],[29.60278,-4.74506],[29.60607,-4.73307],[29.60888,-4.73224],[29.61333,-4.7134],[29.6115,-4.70597],[29.61742,-4.69465],[29.61931,-4.68865],[29.61862,-4.68154],[29.62247,-4.67187],[29.62371,-4.66135],[29.62749,-4.65135],[29.64052,-4.65452],[29.6513,-4.6589],[29.64075,-4.70409],[29.63068,-4.72889],[29.62194,-4.75757],[29.62009,-4.77246],[29.63125,-4.77338],[29.62925,-4.77977],[29.6313,-4.78599],[29.63113,-4.7907],[29.6332,-4.79487]]]},"properties":{"region":"Kigoma","district":"Kigoma","ward":"Ziwani","ward_code":"161"}},{"type":"Feature","geometry":{"type":"Polygon","coordinates":[[[29.6628,-4.44597],[29.69123,-4.45704],[29.69786,-4.45064],[29.70006,-4.45191],[29.70342,-4.45902],[29.70888,-4.45],[29.71459,-4.45089],[29.71813,-4.45613],[29.7244,-4.46158],[29.73146,-4.46063],[29.73544,-4.46218],[29.73751,-4.47372],[29.72876,-4.47961],[29.7282,-4.48734],[29.72636,-4.48813],[29.72509,-4.4946],[29.72609,-4.50157],[29.72496,-4.50313],[29.72509,-4.5061],[29.72205,-4.51132],[29.72244,-4.51195],[29.71978,-4.51535],[29.71812,-4.52059],[29.71807,-4.52402],[29.71631,-4.52639],[29.71444,-4.52645],[29.71437,-4.52853],[29.70348,-4.5278],[29.70197,-4.53456],[29.69548,-4.53534],[29.69159,-4.53006],[29.68605,-4.52833],[29.68571,-4.53065],[29.68025,-4.5295],[29.6741,-4.53119],[29.66746,-4.53077],[29.6597,-4.53371],[29.65361,-4.53352],[29.65515,-4.51455],[29.65408,-4.50787],[29.65628,-4.49145],[29.65508,-4.47452],[29.65766,-4.46904],[29.65965,-4.45453],[29.6628,-4.44597]]]},"properties":{"region":"Kigoma","district":"Kigoma","ward":"Kagunga","ward_code":"011"}},{"type":"Feature","geometry":{"type":"Polygon","coordinates":[[[29.74769,-4.46769],[29.75422,-4.46918],[29.76009,-4.46702],[29.7624,-4.47296],[29.76212,-4.47605],[29.75814,-4.48039],[29.75754,-4.48679],[29.75969,-4.48603],[29.75951,-4.48752],[29.76223,-4.48561],[29.77037,-4.49142],[29.77167,-4.49457],[29.7713,-4.49641],[29.77025,-4.49662],[29.77036,-4.49967],[29.77162,-4.50177],[29.7706,-4.50323],[29.77228,-4.50895],[29.77513,-4.5108],[29.77796,-4.50946],[29.78207,-4.50936],[29.78512,-4.51005],[29.78589,-4.51177],[29.78756,-4.5111],[29.78785,-4.512],[29.78653,-4.51246],[29.78656,-4.51346],[29.78777,-4.51276],[29.78819,-4.51589],[29.79005,-4.51632],[29.79013,-4.51492],[29.79133,-4.51542],[29.79191,-4.51654],[29.79095,-4.51739],[29.79196,-4.5179],[29.79131,-4.51918],[29.78796,-4.51891],[29.7862,-4.52287],[29.78,-4.52209],[29.78055,-4.52348],[29.77889,-4.52399],[29.77846,-4.52319],[29.77595,-4.52459],[29.77506,-4.52757],[29.76215,-4.53194],[29.75415,-4.53021],[29.71437,-4.52853],[29.71444,-4.52645],[29.71631,-4.52639],[29.71807,-4.52402],[29.71812,-4.52059],[29.71978,-4.51535],[29.72244,-4.51195],[29.72205,-4.51132],[29.72509,-4.5061],[29.72496,-4.50313],[29.72609,-4.50157],[29.72509,-4.4946],[29.72636,-4.48813],[29.7282,-4.48734],[29.72876,-4.47961],[29.73751,-4.47372],[29.73544,-4.46218],[29.74769,-4.46769]]]},"properties":{"region":"Kigoma","district":"Kigoma","ward":"Mkigo","ward_code":"021"}},{"type":"Feature","geometry":{"type":"Polygon","coordinates":[[[29.69159,-4.53006],[29.69548,-4.53534],[29.70197,-4.53456],[29.69695,-4.55843],[29.69533,-4.58253],[29.69722,-4.60768],[29.7005,-4.62681],[29.70033,-4.63007],[29.69599,-4.63903],[29.69247,-4.64367],[29.69068,-4.6532],[29.66677,-4.66057],[29.6513,-4.6589],[29.64052,-4.65452],[29.62749,-4.65135],[29.63333,-4.62933],[29.63893,-4.62112],[29.63801,-4.61744],[29.63931,-4.61063],[29.63888,-4.60789],[29.64098,-4.60497],[29.64066,-4.6006],[29.64385,-4.59398],[29.64495,-4.58552],[29.6439,-4.58165],[29.64433,-4.57729],[29.64664,-4.57153],[29.64551,-4.56926],[29.6472,-4.56095],[29.64657,-4.55803],[29.64805,-4.55553],[29.64782,-4.54997],[29.64978,-4.5446],[29.65322,-4.53974],[29.65361,-4.53352],[29.6597,-4.53371],[29.66746,-4.53077],[29.6741,-4.53119],[29.68025,-4.5295],[29.68571,-4.53065],[29.68605,-4.52833],[29.69159,-4.53006]]]},"properties":{"region":"Kigoma","district":"Kigoma","ward":"Mwamgongo","ward_code":"031"}},{"type":"Feature","geometry":{"type":"Polygon","coordinates":[[[29.76365,-4.59603],[29.76916,-4.59722],[29.76748,-4.59787],[29.76696,-4.60105],[29.76882,-4.60387],[29.76995,-4.60999],[29.77286,-4.61142],[29.77288,-4.61477],[29.77407,-4.61695],[29.77358,-4.6201],[29.77458,-4.62261],[29.77325,-4.63115],[29.7756,-4.648],[29.77822,-4.65664],[29.78023,-4.65923],[29.77972,-4.6666],[29.78692,-4.67885],[29.79069,-4.68723],[29.79449,-4.69091],[29.8111,-4.69915],[29.81844,-4.70111],[29.8221,-4.70766],[29.78317,-4.72238],[29.77621,-4.7144],[29.75396,-4.71626],[29.74976,-4.71464],[29.74737,-4.69773],[29.74946,-4.6889],[29.74855,-4.67574],[29.74914,-4.66368],[29.74751,-4.66218],[29.73525,-4.65658],[29.72389,-4.65273],[29.71323,-4.65308],[29.70603,-4.65515],[29.69987,-4.6543],[29.69744,-4.65311],[29.69068,-4.6532],[29.69247,-4.64367],[29.69599,-4.63903],[29.70033,-4.63007],[29.7005,-4.62681],[29.69722,-4.60768],[29.69533,-4.58253],[29.74412,-4.58167],[29.76365,-4.59603]]]},"properties":{"region":"Kigoma","district":"Kigoma","ward":"Kalinzi","ward_code":"041"}},{"type":"Feature","geometry":{"type":"Polygon","coordinates":[[[29.75415,-4.53021],[29.76215,-4.53194],[29.77184,-4.52832],[29.76506,-4.54185],[29.76593,-4.54697],[29.76376,-4.56032],[29.76443,-4.5654],[29.7668,-4.57062],[29.76735,-4.57556],[29.76293,-4.57762],[29.76009,-4.58663],[29.76061,-4.59157],[29.76365,-4.59603],[29.74412,-4.58167],[29.69533,-4.58253],[29.69695,-4.55843],[29.70348,-4.5278],[29.75415,-4.53021]]]},"properties":{"region":"Kigoma","district":"Kigoma","ward":"Nyarubanda","ward_code":"121"}},{"type":"Feature","geometry":{"type":"Polygon","coordinates":[[[29.66952,-4.71072],[29.67858,-4.71149],[29.69592,-4.72024],[29.70881,-4.71977],[29.71098,-4.72082],[29.71738,-4.7184],[29.72044,-4.71403],[29.72328,-4.7135],[29.72457,-4.7184],[29.72641,-4.71957],[29.72678,-4.72284],[29.72831,-4.72488],[29.72837,-4.73009],[29.73152,-4.73284],[29.73205,-4.73598],[29.73552,-4.73579],[29.73651,-4.73885],[29.74055,-4.73879],[29.73491,-4.74481],[29.73836,-4.74787],[29.74151,-4.7479],[29.74116,-4.75013],[29.74239,-4.75196],[29.7454,-4.75207],[29.74473,-4.75443],[29.74583,-4.75679],[29.74774,-4.75623],[29.75305,-4.75745],[29.75565,-4.75687],[29.75725,-4.75513],[29.75971,-4.75518],[29.77096,-4.75948],[29.76591,-4.76281],[29.74585,-4.76381],[29.73814,-4.76483],[29.73468,-4.76693],[29.73006,-4.76759],[29.72354,-4.76716],[29.70218,-4.76987],[29.68109,-4.76248],[29.67353,-4.75746],[29.66488,-4.75682],[29.66467,-4.73967],[29.64867,-4.73645],[29.64724,-4.72896],[29.64994,-4.72322],[29.6405,-4.70356],[29.6513,-4.6589],[29.66677,-4.66057],[29.6723,-4.68457],[29.66952,-4.71072]]]},"properties":{"region":"Kigoma","district":"Kigoma","ward":"Bitale","ward_code":"051"}},{"type":"Feature","geometry":{"type":"Polygon","coordinates":[[[29.72389,-4.65273],[29.74717,-4.66193],[29.74914,-4.66368],[29.74855,-4.67574],[29.74946,-4.6889],[29.74737,-4.69773],[29.74976,-4.71464],[29.75396,-4.71626],[29.77621,-4.7144],[29.78317,-4.72238],[29.78735,-4.73438],[29.77799,-4.74442],[29.77096,-4.75948],[29.75971,-4.75518],[29.75725,-4.75513],[29.75565,-4.75687],[29.75305,-4.75745],[29.74774,-4.75623],[29.74583,-4.75679],[29.74473,-4.75443],[29.7454,-4.75207],[29.74239,-4.75196],[29.74116,-4.75013],[29.74151,-4.7479],[29.73836,-4.74787],[29.73491,-4.74481],[29.74055,-4.73879],[29.73651,-4.73885],[29.73552,-4.73579],[29.73205,-4.73598],[29.73152,-4.73284],[29.72837,-4.73009],[29.72831,-4.72488],[29.72678,-4.72284],[29.72641,-4.71957],[29.72457,-4.7184],[29.72328,-4.7135],[29.72044,-4.71403],[29.71738,-4.7184],[29.71098,-4.72082],[29.70881,-4.71977],[29.69592,-4.72024],[29.67858,-4.71149],[29.66952,-4.71072],[29.6723,-4.68457],[29.66677,-4.66057],[29.69068,-4.6532],[29.69744,-4.65311],[29.69987,-4.6543],[29.70603,-4.65515],[29.71323,-4.65308],[29.72389,-4.65273]]]},"properties":{"region":"Kigoma","district":"Kigoma","ward":"Mkongoro","ward_code":"061"}},{"type":"Feature","geometry":{"type":"Polygon","coordinates":[[[29.77963,-4.76636],[29.7853,-4.76952],[29.7875,-4.7748],[29.78363,-4.8025],[29.77012,-4.8159],[29.7718,-4.81991],[29.75827,-4.83368],[29.73649,-4.83624],[29.72305,-4.84222],[29.71136,-4.8429],[29.7107,-4.83747],[29.69493,-4.81417],[29.70092,-4.80273],[29.70313,-4.7862],[29.70218,-4.76987],[29.72354,-4.76716],[29.73006,-4.76759],[29.73468,-4.76693],[29.73814,-4.76483],[29.74585,-4.76381],[29.76591,-4.76281],[29.77096,-4.75948],[29.77963,-4.76636]]]},"properties":{"region":"Kigoma","district":"Kigoma","ward":"Mahembe","ward_code":"071"}},{"type":"Feature","geometry":{"type":"Polygon","coordinates":[[[29.89395,-4.81761],[29.91283,-4.82297],[29.913,-4.8419],[29.91658,-4.85333],[29.92918,-4.8496],[29.93062,-4.85537],[29.92986,-4.86519],[29.93089,-4.87749],[29.93356,-4.88695],[29.93601,-4.89191],[29.94464,-4.8949],[29.96192,-4.89492],[29.96605,-4.89861],[29.98159,-4.90615],[29.98204,-4.90981],[29.98119,-4.90993],[29.98219,-4.91182],[29.97974,-4.91375],[29.97973,-4.91551],[29.97719,-4.91924],[29.97614,-4.92026],[29.97375,-4.91972],[29.97266,-4.92125],[29.97338,-4.92224],[29.97912,-4.92259],[29.98388,-4.92539],[29.9866,-4.92785],[29.98533,-4.93437],[29.98734,-4.93563],[29.98759,-4.93706],[29.9911,-4.93742],[29.98765,-4.9436],[29.9883,-4.94458],[29.98776,-4.94745],[29.98928,-4.94853],[29.98985,-4.95302],[29.98857,-4.95838],[29.97526,-4.95828],[29.96454,-4.95361],[29.95164,-4.95153],[29.94695,-4.95183],[29.94221,-4.94706],[29.91504,-4.93961],[29.90041,-4.93237],[29.89394,-4.91815],[29.88037,-4.90149],[29.87797,-4.89325],[29.87016,-4.88705],[29.8709,-4.88515],[29.86658,-4.88379],[29.86461,-4.88472],[29.86249,-4.88272],[29.86273,-4.87977],[29.86167,-4.87795],[29.85724,-4.8762],[29.85932,-4.87234],[29.85955,-4.86997],[29.86577,-4.85971],[29.86154,-4.85093],[29.8621,-4.84205],[29.86582,-4.82803],[29.86478,-4.82546],[29.86737,-4.82316],[29.86968,-4.82793],[29.86914,-4.82878],[29.87373,-4.82891],[29.87362,-4.82752],[29.87085,-4.82669],[29.87151,-4.82515],[29.87033,-4.82355],[29.87355,-4.82282],[29.87434,-4.82396],[29.87378,-4.8245],[29.87647,-4.82511],[29.87557,-4.82318],[29.8788,-4.82167],[29.8792,-4.81989],[29.88046,-4.82038],[29.88054,-4.82192],[29.88607,-4.8234],[29.88603,-4.82153],[29.88785,-4.81975],[29.88797,-4.81806],[29.8889,-4.81775],[29.89001,-4.819],[29.89395,-4.81761]]]},"properties":{"region":"Kigoma","district":"Kigoma","ward":"Matendo","ward_code":"081"}},{"type":"Feature","geometry":{"type":"Polygon","coordinates":[[[29.82497,-4.72818],[29.83153,-4.72709],[29.83173,-4.73001],[29.82961,-4.73025],[29.83065,-4.73287],[29.82875,-4.73441],[29.82685,-4.73954],[29.82524,-4.73965],[29.82919,-4.74104],[29.82991,-4.74258],[29.8326,-4.74287],[29.83412,-4.7444],[29.83263,-4.75013],[29.83102,-4.74903],[29.83037,-4.75014],[29.83521,-4.75342],[29.83446,-4.75514],[29.83344,-4.75461],[29.83151,-4.75577],[29.8292,-4.75963],[29.82852,-4.7589],[29.829,-4.75663],[29.82607,-4.75662],[29.82361,-4.76004],[29.82184,-4.76023],[29.82043,-4.76167],[29.8202,-4.76296],[29.82243,-4.76368],[29.82333,-4.76804],[29.82244,-4.76927],[29.81833,-4.77059],[29.81839,-4.77315],[29.821,-4.77414],[29.82118,-4.77684],[29.81674,-4.77847],[29.8202,-4.78049],[29.82231,-4.77873],[29.82551,-4.78149],[29.83109,-4.78328],[29.83257,-4.78226],[29.83419,-4.78333],[29.83581,-4.78198],[29.83566,-4.78502],[29.83443,-4.78639],[29.83561,-4.78847],[29.83526,-4.78998],[29.8339,-4.79018],[29.83465,-4.79175],[29.83355,-4.79264],[29.83518,-4.79445],[29.83388,-4.79482],[29.83338,-4.79668],[29.8302,-4.79658],[29.82873,-4.79308],[29.82477,-4.79315],[29.82432,-4.79608],[29.82094,-4.79861],[29.81536,-4.79809],[29.81632,-4.80423],[29.82011,-4.80456],[29.81891,-4.81196],[29.81667,-4.80829],[29.81467,-4.80807],[29.81313,-4.80827],[29.81272,-4.80977],[29.80954,-4.81203],[29.80826,-4.81221],[29.80505,-4.80982],[29.80306,-4.81106],[29.80187,-4.80927],[29.79599,-4.81081],[29.7956,-4.81293],[29.79738,-4.81567],[29.79984,-4.81747],[29.8035,-4.81731],[29.80419,-4.82109],[29.80775,-4.82296],[29.81004,-4.827],[29.80968,-4.82908],[29.80458,-4.82513],[29.80074,-4.82488],[29.79826,-4.82619],[29.79771,-4.82654],[29.80081,-4.83022],[29.79942,-4.83443],[29.80206,-4.83553],[29.80004,-4.83836],[29.80141,-4.83984],[29.7995,-4.84224],[29.79654,-4.84234],[29.79074,-4.83929],[29.7866,-4.8454],[29.7877,-4.84864],[29.78306,-4.85313],[29.77002,-4.85886],[29.76788,-4.86204],[29.76615,-4.85926],[29.76407,-4.85855],[29.75997,-4.8595],[29.75686,-4.85506],[29.75564,-4.84849],[29.75784,-4.84293],[29.75827,-4.83368],[29.7718,-4.81991],[29.77012,-4.8159],[29.78363,-4.8025],[29.7875,-4.7748],[29.7853,-4.76952],[29.77963,-4.76636],[29.77096,-4.75948],[29.77799,-4.74442],[29.78735,-4.73438],[29.78317,-4.72238],[29.8204,-4.70892],[29.81953,-4.71366],[29.82117,-4.71568],[29.82147,-4.7181],[29.81996,-4.72139],[29.82219,-4.72353],[29.8223,-4.72517],[29.82405,-4.72579],[29.82497,-4.72818]]]},"properties":{"region":"Kigoma","district":"Kigoma","ward":"Nkungwe","ward_code":"131"}},{"type":"Feature","geometry":{"type":"Polygon","coordinates":[[[29.83424,-4.82793],[29.83691,-4.82883],[29.83887,-4.8266],[29.8419,-4.82752],[29.84307,-4.82594],[29.84343,-4.82727],[29.84472,-4.82713],[29.84879,-4.82951],[29.85089,-4.82741],[29.85165,-4.83005],[29.85486,-4.82997],[29.85476,-4.83169],[29.85583,-4.83131],[29.8568,-4.82744],[29.85898,-4.82834],[29.86582,-4.82803],[29.8621,-4.84205],[29.86154,-4.85093],[29.86577,-4.85971],[29.85955,-4.86997],[29.85932,-4.87234],[29.85724,-4.8762],[29.86167,-4.87795],[29.86273,-4.87977],[29.86249,-4.88272],[29.86461,-4.88472],[29.86658,-4.88379],[29.8709,-4.88515],[29.87016,-4.88705],[29.87797,-4.89325],[29.88037,-4.90149],[29.88318,-4.90559],[29.87354,-4.89955],[29.86176,-4.89873],[29.84288,-4.89245],[29.83829,-4.88809],[29.83427,-4.89178],[29.82935,-4.91775],[29.82487,-4.92299],[29.80712,-4.91437],[29.798,-4.91187],[29.79243,-4.9004],[29.78887,-4.88788],[29.79533,-4.86789],[29.7946,-4.85212],[29.7995,-4.84224],[29.80141,-4.83984],[29.80469,-4.84095],[29.8101,-4.83677],[29.81897,-4.83878],[29.81987,-4.8403],[29.82058,-4.84001],[29.82142,-4.83799],[29.82522,-4.83684],[29.82331,-4.83533],[29.82328,-4.83413],[29.82846,-4.83378],[29.82983,-4.83485],[29.83264,-4.83189],[29.83339,-4.82916],[29.83164,-4.82817],[29.8342,-4.82552],[29.83424,-4.82793]]]},"properties":{"region":"Kigoma","district":"Kigoma","ward":"Kidahwe","ward_code":"141"}},{"type":"Feature","geometry":{"type":"Polygon","coordinates":[[[29.79074,-4.83929],[29.79654,-4.84234],[29.7995,-4.84224],[29.7946,-4.85212],[29.79533,-4.86789],[29.78887,-4.88788],[29.79243,-4.9004],[29.798,-4.91187],[29.79657,-4.92219],[29.80133,-4.93407],[29.81221,-4.95375],[29.81033,-4.97165],[29.80822,-4.9766],[29.81499,-4.97609],[29.82599,-4.98193],[29.83694,-4.99673],[29.84356,-4.99896],[29.84841,-5.00881],[29.84592,-5.0223],[29.84023,-5.03578],[29.83409,-5.04085],[29.82652,-5.04481],[29.81854,-5.05623],[29.80149,-5.07038],[29.79746,-5.07722],[29.77727,-5.05635],[29.76721,-5.03985],[29.78035,-5.03066],[29.77737,-5.01674],[29.76793,-5.01427],[29.76441,-4.99564],[29.76185,-4.99611],[29.74556,-4.98578],[29.74671,-4.98005],[29.73079,-4.97073],[29.73314,-4.93887],[29.73655,-4.92995],[29.73571,-4.92472],[29.72492,-4.90563],[29.71559,-4.89983],[29.71612,-4.89698],[29.71514,-4.89535],[29.71114,-4.8935],[29.70996,-4.89477],[29.70533,-4.89515],[29.70435,-4.89232],[29.70268,-4.89298],[29.70203,-4.89153],[29.70055,-4.89158],[29.69991,-4.89051],[29.70927,-4.87662],[29.71289,-4.87371],[29.72401,-4.87089],[29.74074,-4.86875],[29.74373,-4.86662],[29.74404,-4.86184],[29.7415,-4.85857],[29.74112,-4.85493],[29.7436,-4.85193],[29.74951,-4.85246],[29.75686,-4.85506],[29.75997,-4.8595],[29.76407,-4.85855],[29.76615,-4.85926],[29.76788,-4.86204],[29.77002,-4.85886],[29.78306,-4.85313],[29.78609,-4.85069],[29.7877,-4.84864],[29.7866,-4.8454],[29.79074,-4.83929]]]},"properties":{"region":"Kigoma","district":"Kigoma","ward":"Simbo","ward_code":"151"}},{"type":"Feature","geometry":{"type":"Polygon","coordinates":[[[29.65869,-4.8552],[29.65666,-4.86094],[29.65488,-4.8627],[29.65516,-4.87301],[29.65403,-4.87349],[29.64244,-4.87313],[29.64159,-4.87531],[29.63945,-4.87621],[29.63759,-4.87211],[29.6362,-4.87195],[29.63369,-4.86356],[29.63062,-4.86441],[29.63646,-4.85818],[29.64205,-4.8579],[29.64381,-4.85599],[29.65197,-4.853],[29.65637,-4.85347],[29.65869,-4.8552]]]},"properties":{"region":"Kigoma","district":"Kigoma","ward":"Gungu","ward_code":"012"}},{"type":"Feature","geometry":{"type":"Polygon","coordinates":[[[29.63899,-4.82229],[29.65245,-4.82784],[29.65643,-4.84007],[29.66812,-4.85318],[29.67254,-4.85638],[29.67879,-4.86901],[29.66804,-4.8614],[29.66394,-4.85989],[29.65637,-4.85347],[29.65388,-4.85277],[29.64642,-4.85482],[29.64205,-4.8579],[29.63646,-4.85818],[29.63062,-4.86441],[29.62954,-4.86453],[29.62932,-4.86294],[29.6271,-4.86075],[29.61707,-4.8613],[29.61189,-4.85993],[29.61047,-4.86034],[29.60986,-4.86373],[29.60868,-4.86363],[29.60886,-4.85586],[29.6175,-4.85487],[29.62287,-4.8515],[29.63127,-4.84318],[29.63216,-4.83416],[29.63404,-4.82743],[29.63642,-4.82337],[29.63899,-4.82229]]]},"properties":{"region":"Kigoma","district":"Kigoma","ward":"Kibirizi","ward_code":"022"}},{"type":"Feature","geometry":{"type":"Polygon","coordinates":[[[29.65621,-4.90238],[29.64982,-4.90422],[29.6443,-4.90806],[29.64408,-4.90932],[29.64052,-4.90894],[29.63742,-4.8996],[29.63401,-4.89741],[29.63764,-4.89331],[29.63345,-4.88901],[29.6331,-4.88637],[29.63458,-4.88514],[29.64752,-4.89086],[29.65529,-4.8998],[29.65621,-4.90238]]]},"properties":{"region":"Kigoma","district":"Kigoma","ward":"Mwanga Kusini","ward_code":"152"}},{"type":"Feature","geometry":{"type":"Polygon","coordinates":[[[29.63369,-4.86356],[29.638,-4.87705],[29.63729,-4.88238],[29.63665,-4.88326],[29.63518,-4.88269],[29.6328,-4.88762],[29.63764,-4.89331],[29.6334,-4.89807],[29.62529,-4.89694],[29.62491,-4.88956],[29.62403,-4.89026],[29.62199,-4.88865],[29.62339,-4.88577],[29.62106,-4.88506],[29.62251,-4.88014],[29.62033,-4.87453],[29.62184,-4.87442],[29.62351,-4.87733],[29.62392,-4.87617],[29.62464,-4.87694],[29.62841,-4.87618],[29.6282,-4.87372],[29.62871,-4.87281],[29.62992,-4.87293],[29.62954,-4.86453],[29.63369,-4.86356]]]},"properties":{"region":"Kigoma","district":"Kigoma","ward":"Kigoma","ward_code":"162"}},{"type":"Feature","geometry":{"type":"Polygon","coordinates":[[[29.62339,-4.88577],[29.62199,-4.88865],[29.62403,-4.89026],[29.62491,-4.88956],[29.62529,-4.89694],[29.6334,-4.89807],[29.63401,-4.89741],[29.63742,-4.8996],[29.63988,-4.90585],[29.64061,-4.91254],[29.62539,-4.91063],[29.6185,-4.91101],[29.61702,-4.91217],[29.61605,-4.91477],[29.6121,-4.91487],[29.60988,-4.91671],[29.60998,-4.91931],[29.61187,-4.92112],[29.61222,-4.92271],[29.61094,-4.92253],[29.61042,-4.92036],[29.60535,-4.91991],[29.60126,-4.91782],[29.59584,-4.91744],[29.59794,-4.91467],[29.59881,-4.91118],[29.5984,-4.90917],[29.59619,-4.90745],[29.59603,-4.90544],[29.59468,-4.90383],[29.5959,-4.89886],[29.59956,-4.8988],[29.60248,-4.90343],[29.60676,-4.90226],[29.61152,-4.89812],[29.61318,-4.89174],[29.61163,-4.88939],[29.61229,-4.88699],[29.61466,-4.88764],[29.61556,-4.88674],[29.61778,-4.8886],[29.62106,-4.88506],[29.62339,-4.88577]]]},"properties":{"region":"Kigoma","district":"Kigoma","ward":"Bangwe","ward_code":"172"}},{"type":"Feature","geometry":{"type":"Polygon","coordinates":[[[29.63929,-4.87607],[29.64159,-4.87531],[29.64244,-4.87313],[29.64859,-4.87272],[29.64872,-4.87385],[29.65516,-4.87301],[29.65794,-4.88095],[29.65896,-4.88175],[29.6588,-4.88348],[29.657,-4.88539],[29.65318,-4.88605],[29.6528,-4.88926],[29.64673,-4.88855],[29.64632,-4.89008],[29.63458,-4.88514],[29.63518,-4.88269],[29.63665,-4.88326],[29.63729,-4.88238],[29.63779,-4.87935],[29.638,-4.87705],[29.63619,-4.87195],[29.63759,-4.87211],[29.63929,-4.87607]]]},"properties":{"region":"Kigoma","district":"Kigoma","ward":"Mwanga Kaskazini","ward_code":"182"}},{"type":"Feature","geometry":{"type":"Polygon","coordinates":[[[29.65765,-4.87973],[29.66262,-4.88064],[29.66287,-4.8822],[29.66451,-4.87974],[29.66656,-4.8803],[29.6678,-4.88833],[29.67158,-4.89418],[29.66822,-4.89272],[29.66734,-4.89388],[29.66673,-4.89329],[29.65599,-4.90148],[29.64943,-4.89266],[29.64632,-4.89008],[29.64673,-4.88855],[29.6528,-4.88926],[29.65318,-4.88605],[29.657,-4.88539],[29.6588,-4.88348],[29.65896,-4.88175],[29.65765,-4.87973]]]},"properties":{"region":"Kigoma","district":"Kigoma","ward":"Katubuka","ward_code":"192"}},{"type":"Feature","geometry":{"type":"Polygon","coordinates":[[[29.66637,-4.87624],[29.66656,-4.8803],[29.66451,-4.87974],[29.66287,-4.8822],[29.66262,-4.88064],[29.65765,-4.87973],[29.65516,-4.87301],[29.65488,-4.8627],[29.65666,-4.86094],[29.65869,-4.8552],[29.66394,-4.85989],[29.66804,-4.8614],[29.67859,-4.86884],[29.66637,-4.87624]]]},"properties":{"region":"Kigoma","district":"Kigoma","ward":"Buhanda","ward_code":"032"}},{"type":"Feature","geometry":{"type":"Polygon","coordinates":[[[29.69564,-4.8783],[29.70016,-4.88928],[29.69475,-4.88831],[29.68629,-4.89097],[29.67623,-4.89171],[29.67293,-4.89638],[29.67346,-4.89891],[29.67293,-4.89639],[29.6678,-4.88833],[29.66637,-4.87624],[29.67859,-4.86884],[29.6889,-4.87285],[29.69564,-4.8783]]]},"properties":{"region":"Kigoma","district":"Kigoma","ward":"Businde","ward_code":"042"}},{"type":"Feature","geometry":{"type":"Polygon","coordinates":[[[29.69475,-4.88831],[29.69492,-4.89327],[29.69354,-4.90027],[29.69037,-4.90749],[29.68772,-4.90598],[29.68917,-4.90345],[29.68722,-4.90229],[29.67932,-4.90627],[29.67878,-4.90975],[29.67791,-4.90969],[29.67844,-4.90731],[29.67724,-4.89845],[29.67869,-4.89608],[29.68049,-4.89588],[29.68182,-4.8912],[29.68629,-4.89097],[29.69475,-4.88831]]]},"properties":{"region":"Kigoma","district":"Kigoma","ward":"Machinjioni","ward_code":"052"}},{"type":"Feature","geometry":{"type":"Polygon","coordinates":[[[29.69991,-4.89051],[29.70055,-4.89158],[29.70203,-4.89153],[29.70268,-4.89298],[29.70435,-4.89232],[29.70533,-4.89515],[29.70996,-4.89477],[29.71114,-4.8935],[29.71514,-4.89535],[29.71612,-4.89698],[29.71559,-4.89983],[29.72492,-4.90563],[29.73571,-4.92472],[29.73655,-4.92995],[29.73314,-4.93887],[29.73079,-4.97073],[29.70091,-4.95893],[29.69427,-4.95829],[29.68779,-4.94997],[29.68279,-4.94573],[29.68684,-4.93276],[29.68714,-4.91307],[29.69354,-4.90027],[29.69492,-4.89327],[29.69475,-4.88831],[29.70016,-4.88928],[29.70085,-4.88977],[29.69991,-4.89051]]]},"properties":{"region":"Kigoma","district":"Kigoma","ward":"Kagera","ward_code":"062"}},{"type":"Feature","geometry":{"type":"Polygon","coordinates":[[[29.68714,-4.91307],[29.68684,-4.93276],[29.68279,-4.94573],[29.67935,-4.93106],[29.68134,-4.92414],[29.67892,-4.91754],[29.68081,-4.91673],[29.67972,-4.91309],[29.68267,-4.91311],[29.68772,-4.90598],[29.69037,-4.90749],[29.68864,-4.90877],[29.68714,-4.91307]]]},"properties":{"region":"Kigoma","district":"Kigoma","ward":"Kasimbu","ward_code":"072"}},{"type":"Feature","geometry":{"type":"Polygon","coordinates":[[[29.68917,-4.90345],[29.68267,-4.91311],[29.67972,-4.91309],[29.68028,-4.91136],[29.67845,-4.91008],[29.67932,-4.90627],[29.68722,-4.90229],[29.68917,-4.90345]]]},"properties":{"region":"Kigoma","district":"Kigoma","ward":"Rubuga","ward_code":"082"}},{"type":"Feature","geometry":{"type":"Polygon","coordinates":[[[29.68028,-4.91136],[29.67992,-4.91421],[29.67592,-4.91377],[29.67633,-4.91105],[29.67518,-4.91026],[29.67617,-4.90877],[29.68028,-4.91136]]]},"properties":{"region":"Kigoma","district":"Kigoma","ward":"Kasingirima","ward_code":"092"}},{"type":"Feature","geometry":{"type":"Polygon","coordinates":[[[29.67724,-4.89845],[29.67791,-4.90969],[29.67623,-4.90787],[29.67293,-4.89638],[29.67623,-4.89171],[29.68182,-4.8912],[29.68049,-4.89588],[29.67869,-4.89608],[29.67724,-4.89845]]]},"properties":{"region":"Kigoma","district":"Kigoma","ward":"Majengo","ward_code":"102"}},{"type":"Feature","geometry":{"type":"Polygon","coordinates":[[[29.68134,-4.92414],[29.67935,-4.93106],[29.67403,-4.92373],[29.66945,-4.92126],[29.67308,-4.91325],[29.67363,-4.90939],[29.67633,-4.91105],[29.67592,-4.91377],[29.67992,-4.91421],[29.68081,-4.91673],[29.67892,-4.91754],[29.68134,-4.92414]]]},"properties":{"region":"Kigoma","district":"Kigoma","ward":"Kitongoni","ward_code":"112"}},{"type":"Feature","geometry":{"type":"Polygon","coordinates":[[[29.66935,-4.907],[29.67363,-4.90939],[29.67308,-4.91325],[29.66945,-4.92126],[29.65509,-4.91633],[29.65603,-4.91141],[29.65976,-4.90709],[29.66935,-4.907]]]},"properties":{"region":"Kigoma","district":"Kigoma","ward":"Kipampa","ward_code":"122"}},{"type":"Feature","geometry":{"type":"Polygon","coordinates":[[[29.67212,-4.89491],[29.67658,-4.90853],[29.67518,-4.91026],[29.66811,-4.90675],[29.66885,-4.90359],[29.66955,-4.90266],[29.67035,-4.90357],[29.67081,-4.90282],[29.67147,-4.90072],[29.67097,-4.89553],[29.67212,-4.89491]]]},"properties":{"region":"Kigoma","district":"Kigoma","ward":"Rusimbi","ward_code":"132"}},{"type":"Feature","geometry":{"type":"Polygon","coordinates":[[[29.66822,-4.89272],[29.67212,-4.89491],[29.67097,-4.89553],[29.67147,-4.90072],[29.67035,-4.90357],[29.66955,-4.90266],[29.66885,-4.90359],[29.66811,-4.90675],[29.65976,-4.90709],[29.65603,-4.91141],[29.65509,-4.91633],[29.64061,-4.91254],[29.64052,-4.90894],[29.64408,-4.90932],[29.6443,-4.90806],[29.64982,-4.90422],[29.65621,-4.90238],[29.65599,-4.90148],[29.66559,-4.89399],[29.66673,-4.89329],[29.66734,-4.89388],[29.66822,-4.89272]]]},"properties":{"region":"Kigoma","district":"Kigoma","ward":"Buzebazeba","ward_code":"142"}},{"type":"Feature","geometry":{"type":"Polygon","coordinates":[[[30.23796,-6.20938],[30.29478,-6.24021],[30.31312,-6.24501],[30.32742,-6.25284],[30.34668,-6.25296],[30.36278,-6.26115],[30.38895,-6.27995],[30.38669,-6.28067],[30.38575,-6.28342],[30.38132,-6.28541],[30.37868,-6.28504],[30.37613,-6.28983],[30.37693,-6.29154],[30.37556,-6.29116],[30.3754,-6.29234],[30.38056,-6.29885],[30.37934,-6.29864],[30.38076,-6.29985],[30.38063,-6.30274],[30.38214,-6.30497],[30.38126,-6.3056],[30.38164,-6.30655],[30.38014,-6.30697],[30.38024,-6.30898],[30.37913,-6.30871],[30.37875,-6.31051],[30.37307,-6.31348],[30.37402,-6.31826],[30.37245,-6.32012],[30.37877,-6.32697],[30.38735,-6.33197],[30.38891,-6.33424],[30.3934,-6.33718],[30.39451,-6.34092],[30.39403,-6.34379],[30.39161,-6.34481],[30.39304,-6.35302],[30.38965,-6.36137],[30.38905,-6.36585],[30.38974,-6.36742],[30.38946,-6.37282],[30.39145,-6.37551],[30.39162,-6.38209],[30.39006,-6.38321],[30.39015,-6.38526],[30.3889,-6.38662],[30.39226,-6.39758],[30.39172,-6.39939],[30.3933,-6.40092],[30.39394,-6.40394],[30.38923,-6.40992],[30.38926,-6.41098],[30.38795,-6.41143],[30.38316,-6.41704],[30.37781,-6.41911],[30.37267,-6.41908],[30.36519,-6.41305],[30.36141,-6.41379],[30.35753,-6.41618],[30.35383,-6.42108],[30.35397,-6.42385],[30.35257,-6.4278],[30.35049,-6.42975],[30.35122,-6.4321],[30.34963,-6.4324],[30.3494,-6.43521],[30.34781,-6.43599],[30.34791,-6.43791],[30.33574,-6.44442],[30.33075,-6.4438],[30.32423,-6.44628],[30.32303,-6.44454],[30.31654,-6.4481],[30.31258,-6.44549],[30.30681,-6.45107],[30.29988,-6.45215],[30.29838,-6.45595],[30.30088,-6.45978],[30.30076,-6.4616],[30.30213,-6.46186],[30.30241,-6.46331],[30.30525,-6.46366],[30.30448,-6.47063],[30.30604,-6.47141],[30.30582,-6.47225],[30.3029,-6.47527],[30.29963,-6.47443],[30.29914,-6.47279],[30.29749,-6.47185],[30.29456,-6.47308],[30.29538,-6.47712],[30.29256,-6.47711],[30.29244,-6.48187],[30.29055,-6.48133],[30.28816,-6.48385],[30.2803,-6.48794],[30.28246,-6.49041],[30.28193,-6.49547],[30.28389,-6.49602],[30.286,-6.50088],[30.28282,-6.50499],[30.28209,-6.50962],[30.2805,-6.51011],[30.27913,-6.5127],[30.27887,-6.51378],[30.28157,-6.5145],[30.28072,-6.51514],[30.28107,-6.51639],[30.27971,-6.51829],[30.27716,-6.51829],[30.27571,-6.52405],[30.27745,-6.52623],[30.26808,-6.53358],[30.2684,-6.53504],[30.27021,-6.53424],[30.27016,-6.53611],[30.26787,-6.53681],[30.26802,-6.53785],[30.27153,-6.54024],[30.27143,-6.54226],[30.2687,-6.54316],[30.26844,-6.54642],[30.26754,-6.5472],[30.26644,-6.54545],[30.26377,-6.54825],[30.25949,-6.5481],[30.25658,-6.5522],[30.25653,-6.55492],[30.25809,-6.55713],[30.25796,-6.55994],[30.25934,-6.56147],[30.25915,-6.5644],[30.25427,-6.57232],[30.25022,-6.57249],[30.24684,-6.5711],[30.24428,-6.5726],[30.24217,-6.57222],[30.23542,-6.55914],[30.23168,-6.55694],[30.22742,-6.55182],[30.22665,-6.55192],[30.2233,-6.54805],[30.22135,-6.54391],[30.21657,-6.54058],[30.21546,-6.53838],[30.2143,-6.53843],[30.20849,-6.53197],[30.20621,-6.53067],[30.19727,-6.52054],[30.19669,-6.51782],[30.19088,-6.51088],[30.18853,-6.51035],[30.18587,-6.50577],[30.18228,-6.50373],[30.1662,-6.48272],[30.16395,-6.48158],[30.16051,-6.4778],[30.1608,-6.47632],[30.15136,-6.46126],[30.14984,-6.45708],[30.14671,-6.45536],[30.14232,-6.44928],[30.13014,-6.44885],[30.09958,-6.45182],[30.09063,-6.45319],[30.05579,-6.46206],[30.03185,-6.46969],[29.99454,-6.48433],[29.95078,-6.5066],[29.94983,-6.50574],[29.9511,-6.50426],[29.95429,-6.4944],[29.95637,-6.4834],[29.95485,-6.48058],[29.95637,-6.47792],[29.95494,-6.47505],[29.95088,-6.47357],[29.94889,-6.47582],[29.94716,-6.47562],[29.94488,-6.47348],[29.94575,-6.47023],[29.94498,-6.46795],[29.94124,-6.46522],[29.93835,-6.46523],[29.93735,-6.46679],[29.93572,-6.4662],[29.9347,-6.46412],[29.9321,-6.46309],[29.9309,-6.4632],[29.93003,-6.46473],[29.92356,-6.4639],[29.92234,-6.46309],[29.92149,-6.46056],[29.91806,-6.4586],[29.91743,-6.45735],[29.91881,-6.45748],[29.91848,-6.45648],[29.91433,-6.4506],[29.91245,-6.45031],[29.91173,-6.44761],[29.90526,-6.44773],[29.90439,-6.4468],[29.90463,-6.44458],[29.9034,-6.44411],[29.90172,-6.44105],[29.89773,-6.44107],[29.89678,-6.44241],[29.89407,-6.44047],[29.89305,-6.4413],[29.89191,-6.43871],[29.89125,-6.43959],[29.88949,-6.43803],[29.89021,-6.43636],[29.88782,-6.43458],[29.8876,-6.43379],[29.88901,-6.43291],[29.8879,-6.43109],[29.8864,-6.43062],[29.88488,-6.43146],[29.88295,-6.42967],[29.9801,-6.33319],[30.00665,-6.30956],[30.04248,-6.27128],[30.12185,-6.26271],[30.12307,-6.25153],[30.13411,-6.22913],[30.15774,-6.2162],[30.23796,-6.20938]]]},"properties":{"region":"Kigoma","district":"Uvinza","ward":"Kalya","ward_code":"011"}},{"type":"Feature","geometry":{"type":"Polygon","coordinates":[[[29.86203,-5.9615],[29.86498,-5.96369],[29.86752,-5.96292],[29.8685,-5.96354],[29.87088,-5.9619],[29.87518,-5.966],[29.87647,-5.96965],[29.88203,-5.97292],[29.91146,-6.00673],[29.93611,-6.04031],[29.94054,-6.03995],[29.95018,-6.04235],[29.955,-6.04225],[30.04248,-6.27128],[30.00665,-6.30956],[29.9801,-6.33319],[29.88235,-6.42967],[29.88181,-6.43143],[29.87927,-6.43226],[29.86899,-6.42225],[29.86806,-6.42299],[29.86646,-6.42255],[29.86259,-6.41888],[29.85238,-6.40336],[29.85028,-6.40098],[29.84778,-6.40077],[29.83783,-6.38931],[29.825,-6.36978],[29.82328,-6.36932],[29.81557,-6.36301],[29.81454,-6.35801],[29.80912,-6.35114],[29.80671,-6.3454],[29.80424,-6.34535],[29.79744,-6.33387],[29.7858,-6.31757],[29.78449,-6.3178],[29.76315,-6.28993],[29.75884,-6.28204],[29.75102,-6.2758],[29.75117,-6.27397],[29.74638,-6.27351],[29.73955,-6.26259],[29.73714,-6.26159],[29.73612,-6.25695],[29.732,-6.25527],[29.73128,-6.25371],[29.73543,-6.24451],[29.72827,-6.24863],[29.72281,-6.24105],[29.72193,-6.2374],[29.72418,-6.23138],[29.72451,-6.22517],[29.72633,-6.22367],[29.72869,-6.21476],[29.73335,-6.21212],[29.73863,-6.20511],[29.73984,-6.19905],[29.73817,-6.18395],[29.74053,-6.1702],[29.74018,-6.16749],[29.73108,-6.158],[29.73064,-6.15507],[29.73447,-6.14762],[29.73466,-6.14475],[29.733,-6.1444],[29.73202,-6.14265],[29.7328,-6.13887],[29.73162,-6.13728],[29.73123,-6.12885],[29.72957,-6.12742],[29.72812,-6.1206],[29.73213,-6.11126],[29.72877,-6.10105],[29.73126,-6.09648],[29.73137,-6.09369],[29.72782,-6.08963],[29.72926,-6.08616],[29.72985,-6.07883],[29.73237,-6.07392],[29.73122,-6.07087],[29.732,-6.06619],[29.73153,-6.06055],[29.73358,-6.05724],[29.73257,-6.05271],[29.73351,-6.04956],[29.73173,-6.04165],[29.73243,-6.03939],[29.73695,-6.03875],[29.73954,-6.03719],[29.74181,-6.0339],[29.74499,-6.01956],[29.74702,-6.0176],[29.74637,-6.01588],[29.75108,-6.01777],[29.75682,-6.01681],[29.7596,-6.01279],[29.75876,-6.00902],[29.75997,-6.01034],[29.7611,-6.01019],[29.76141,-6.00894],[29.7642,-6.01021],[29.7673,-6.00776],[29.77184,-6.0078],[29.77604,-6.00426],[29.77812,-6.00062],[29.78064,-5.99954],[29.78483,-5.99542],[29.79281,-5.99218],[29.79493,-5.99034],[29.80119,-5.98989],[29.80831,-5.99685],[29.81069,-6.0018],[29.8132,-6.00255],[29.82126,-5.99994],[29.82413,-6.00032],[29.82927,-5.99804],[29.83205,-5.99593],[29.83904,-5.98466],[29.8396,-5.97869],[29.84113,-5.9804],[29.84308,-5.98047],[29.84454,-5.98185],[29.84655,-5.98096],[29.84786,-5.98162],[29.85097,-5.97955],[29.85506,-5.97393],[29.8579,-5.96504],[29.85947,-5.96456],[29.86059,-5.96203],[29.86203,-5.9615]]]},"properties":{"region":"Kigoma","district":"Uvinza","ward":"Buhingu","ward_code":"021"}},{"type":"Feature","geometry":{"type":"Polygon","coordinates":[[[30.02917,-5.81097],[30.03314,-5.81455],[30.03627,-5.81364],[30.03511,-5.81543],[30.03701,-5.81568],[30.03595,-5.81642],[30.03835,-5.81721],[30.03956,-5.81986],[30.03989,-5.81688],[30.03701,-5.81477],[30.03768,-5.81393],[30.03901,-5.81542],[30.04276,-5.81262],[30.04445,-5.81514],[30.04772,-5.8129],[30.07912,-5.82863],[30.18809,-5.82833],[30.18701,-5.8317],[30.18762,-5.83475],[30.18391,-5.84044],[30.18347,-5.84374],[30.18076,-5.8488],[30.18095,-5.85255],[30.18289,-5.85696],[30.18326,-5.87777],[30.1918,-5.91519],[30.18707,-5.96144],[30.21493,-5.99651],[30.21552,-6.00658],[30.23633,-6.14928],[30.23802,-6.15215],[30.23796,-6.20938],[30.15774,-6.2162],[30.13411,-6.22913],[30.12307,-6.25153],[30.12185,-6.26271],[30.04248,-6.27128],[29.955,-6.04225],[29.95018,-6.04235],[29.94054,-6.03995],[29.93611,-6.04031],[29.91146,-6.00673],[29.89622,-5.98835],[29.88203,-5.97292],[29.87647,-5.96965],[29.87518,-5.966],[29.87088,-5.9619],[29.87927,-5.94971],[29.88464,-5.94835],[29.88994,-5.94994],[29.89168,-5.94922],[29.89719,-5.9442],[29.90179,-5.93491],[29.90283,-5.93424],[29.90453,-5.93536],[29.90673,-5.93387],[29.90918,-5.9298],[29.9178,-5.93096],[29.92249,-5.92904],[29.9277,-5.92356],[29.9368,-5.91928],[29.93872,-5.91639],[29.94256,-5.91697],[29.94572,-5.91434],[29.94903,-5.90668],[29.95328,-5.87408],[29.95263,-5.8481],[29.95341,-5.84069],[29.95234,-5.82275],[29.97036,-5.82015],[29.97745,-5.82103],[30.00445,-5.81562],[30.01029,-5.81793],[30.00993,-5.81919],[30.0115,-5.82072],[30.01256,-5.81962],[30.0118,-5.8182],[30.0133,-5.81789],[30.01834,-5.8237],[30.02236,-5.81792],[30.02445,-5.81648],[30.02625,-5.81643],[30.02784,-5.81786],[30.02925,-5.81726],[30.0303,-5.81587],[30.02946,-5.81493],[30.03075,-5.81377],[30.02807,-5.81201],[30.02917,-5.81097]]]},"properties":{"region":"Kigoma","district":"Uvinza","ward":"Igalula","ward_code":"031"}},{"type":"Feature","geometry":{"type":"Polygon","coordinates":[[[30.0019,-5.53204],[30.00179,-5.53388],[30.00408,-5.53453],[30.00752,-5.5315],[30.01159,-5.53092],[30.01203,-5.53177],[30.01065,-5.5332],[30.00952,-5.53851],[30.01189,-5.54042],[30.01999,-5.53516],[30.02328,-5.53703],[30.02357,-5.53801],[30.02072,-5.5404],[30.01829,-5.54655],[30.01457,-5.54795],[30.01259,-5.55067],[30.01449,-5.55608],[30.02046,-5.5542],[30.02886,-5.54409],[30.03089,-5.54258],[30.03258,-5.54337],[30.03509,-5.55014],[30.03242,-5.55175],[30.03127,-5.55567],[30.02946,-5.55753],[30.02547,-5.56597],[30.02656,-5.5679],[30.02557,-5.57085],[30.02693,-5.57233],[30.02656,-5.57628],[30.02727,-5.57674],[30.03151,-5.57395],[30.03632,-5.57535],[30.0425,-5.57572],[30.04476,-5.58089],[30.04577,-5.58099],[30.04818,-5.57888],[30.05373,-5.58165],[30.05851,-5.58141],[30.05943,-5.5827],[30.06179,-5.58343],[30.06133,-5.58491],[30.0622,-5.58558],[30.06387,-5.58503],[30.06343,-5.5837],[30.06484,-5.58222],[30.06371,-5.57911],[30.0655,-5.57844],[30.06517,-5.57709],[30.06596,-5.57636],[30.06723,-5.57717],[30.06865,-5.57596],[30.07604,-5.57645],[30.07621,-5.58261],[30.07837,-5.58492],[30.07935,-5.58236],[30.08177,-5.58129],[30.08288,-5.58425],[30.0815,-5.58461],[30.082,-5.58661],[30.07972,-5.58723],[30.07985,-5.58922],[30.0769,-5.58991],[30.07769,-5.59204],[30.07625,-5.59235],[30.07582,-5.59349],[30.07613,-5.59426],[30.07769,-5.59363],[30.08029,-5.59454],[30.08229,-5.59255],[30.0828,-5.59314],[30.08175,-5.59481],[30.08454,-5.59582],[30.08681,-5.60013],[30.08511,-5.60384],[30.08836,-5.61279],[30.0911,-5.63036],[30.08761,-5.64911],[30.08755,-5.6621],[30.0248,-5.63486],[29.93933,-5.64591],[29.93342,-5.64145],[29.91869,-5.64541],[29.91541,-5.64378],[29.91286,-5.64574],[29.90978,-5.64255],[29.9057,-5.64619],[29.90495,-5.64435],[29.90235,-5.64528],[29.90261,-5.64917],[29.89615,-5.64628],[29.89545,-5.64764],[29.89173,-5.64702],[29.89154,-5.64793],[29.89468,-5.65005],[29.89196,-5.65066],[29.89007,-5.64891],[29.8881,-5.65177],[29.8847,-5.65112],[29.88448,-5.65297],[29.88319,-5.65373],[29.88201,-5.64883],[29.87961,-5.64422],[29.87479,-5.63803],[29.87419,-5.63567],[29.87071,-5.63266],[29.87128,-5.63156],[29.86999,-5.62837],[29.87451,-5.62697],[29.8721,-5.6214],[29.87019,-5.62045],[29.86651,-5.61317],[29.86104,-5.60779],[29.8585,-5.60237],[29.85625,-5.60121],[29.85366,-5.59536],[29.84872,-5.58844],[29.8468,-5.57934],[29.83993,-5.56932],[29.83968,-5.56673],[29.84206,-5.56527],[29.83961,-5.55966],[29.84166,-5.55965],[29.84212,-5.55813],[29.84079,-5.55466],[29.83407,-5.54883],[29.82744,-5.54608],[29.82171,-5.53473],[29.81731,-5.53242],[29.81548,-5.53397],[29.81442,-5.53272],[29.82833,-5.51975],[29.8886,-5.50368],[29.91445,-5.50425],[30.00468,-5.52347],[30.0042,-5.5295],[30.0019,-5.53204]]]},"properties":{"region":"Kigoma","district":"Uvinza","ward":"Sigunga","ward_code":"041"}},{"type":"Feature","geometry":{"type":"Polygon","coordinates":[[[30.0248,-5.63486],[30.08755,-5.6621],[30.09074,-5.66819],[30.11357,-5.69264],[30.12741,-5.70547],[30.13224,-5.71292],[30.1315,-5.72104],[30.13543,-5.72338],[30.1424,-5.73308],[30.14813,-5.74663],[30.15314,-5.76353],[30.14609,-5.77912],[30.15713,-5.78026],[30.16437,-5.79125],[30.16898,-5.79425],[30.17109,-5.80021],[30.17745,-5.80195],[30.18001,-5.8066],[30.17833,-5.81228],[30.17853,-5.81843],[30.18118,-5.81926],[30.18279,-5.82415],[30.18809,-5.82833],[30.07912,-5.82863],[30.04772,-5.8129],[30.04445,-5.81514],[30.04276,-5.81262],[30.03901,-5.81542],[30.03768,-5.81393],[30.03701,-5.81477],[30.03989,-5.81688],[30.03956,-5.81986],[30.03835,-5.81721],[30.03595,-5.81642],[30.03701,-5.81568],[30.03511,-5.81543],[30.03627,-5.81364],[30.03314,-5.81455],[30.02917,-5.81097],[30.02815,-5.81231],[30.0293,-5.81221],[30.03079,-5.81421],[30.02946,-5.81493],[30.0303,-5.81587],[30.02925,-5.81726],[30.02784,-5.81786],[30.02625,-5.81643],[30.02445,-5.81648],[30.02236,-5.81792],[30.01834,-5.8237],[30.0133,-5.81789],[30.0118,-5.8182],[30.01256,-5.81962],[30.0115,-5.82072],[30.00993,-5.81919],[30.01029,-5.81793],[30.00445,-5.81562],[29.97745,-5.82103],[29.97036,-5.82015],[29.95234,-5.82275],[29.94666,-5.79198],[29.93452,-5.75633],[29.92407,-5.74592],[29.91949,-5.73826],[29.91863,-5.73177],[29.91336,-5.72648],[29.91219,-5.71808],[29.90623,-5.70675],[29.90426,-5.69761],[29.8953,-5.68372],[29.88922,-5.6721],[29.89016,-5.66934],[29.88334,-5.65771],[29.88416,-5.65555],[29.88319,-5.65373],[29.88448,-5.65297],[29.8847,-5.65112],[29.8881,-5.65177],[29.89007,-5.64891],[29.89196,-5.65066],[29.89468,-5.65005],[29.89154,-5.64793],[29.89173,-5.64702],[29.89545,-5.64764],[29.89615,-5.64628],[29.90261,-5.64917],[29.90235,-5.64528],[29.90495,-5.64435],[29.9057,-5.64619],[29.90978,-5.64255],[29.91286,-5.64574],[29.91541,-5.64378],[29.91869,-5.64541],[29.93342,-5.64145],[29.93933,-5.64591],[30.0248,-5.63486]]]},"properties":{"region":"Kigoma","district":"Uvinza","ward":"Herembe","ward_code":"151"}},{"type":"Feature","geometry":{"type":"Polygon","coordinates":[[[29.99148,-5.2574],[30.07983,-5.33678],[30.04179,-5.35743],[30.0192,-5.36534],[29.97845,-5.36284],[29.93448,-5.36557],[29.955,-5.40365],[29.97066,-5.42331],[29.99415,-5.44027],[30.00925,-5.44178],[30.02849,-5.44918],[30.04122,-5.45629],[30.04421,-5.45905],[30.04109,-5.48318],[30.04458,-5.48894],[30.04338,-5.49364],[30.04049,-5.49897],[30.03747,-5.50314],[30.02877,-5.50784],[30.02375,-5.5126],[30.01435,-5.5162],[30.00468,-5.52347],[29.91445,-5.50425],[29.8886,-5.50368],[29.82833,-5.51975],[29.81442,-5.53272],[29.8137,-5.52991],[29.80985,-5.52457],[29.79813,-5.51527],[29.79307,-5.5074],[29.78767,-5.50114],[29.78577,-5.49589],[29.7828,-5.49297],[29.78243,-5.49128],[29.76127,-5.47635],[29.75587,-5.46814],[29.74909,-5.46332],[29.74902,-5.46155],[29.75375,-5.45787],[29.75349,-5.45536],[29.75205,-5.45202],[29.74953,-5.44965],[29.74612,-5.44242],[29.74602,-5.43127],[29.74929,-5.42307],[29.74784,-5.41795],[29.74564,-5.41547],[29.74663,-5.41484],[29.74905,-5.41596],[29.75145,-5.41069],[29.74737,-5.4046],[29.74774,-5.40334],[29.74952,-5.40287],[29.75048,-5.40093],[29.75693,-5.40015],[29.75876,-5.39784],[29.75923,-5.39494],[29.76091,-5.39428],[29.7638,-5.39628],[29.76542,-5.39616],[29.76797,-5.39311],[29.76836,-5.39027],[29.76534,-5.38621],[29.76531,-5.38039],[29.76354,-5.37752],[29.76611,-5.37187],[29.7658,-5.36908],[29.76873,-5.36271],[29.77293,-5.36019],[29.78352,-5.34725],[29.79043,-5.3358],[29.79152,-5.32847],[29.78972,-5.32087],[29.79146,-5.31991],[29.79155,-5.31811],[29.78735,-5.30672],[29.78906,-5.30637],[29.78959,-5.30456],[29.78726,-5.29667],[29.78843,-5.29626],[29.78852,-5.29376],[29.78996,-5.29215],[29.79345,-5.29293],[29.79448,-5.29422],[29.7973,-5.29307],[29.79876,-5.28842],[29.79665,-5.28137],[29.79501,-5.28012],[29.79144,-5.28254],[29.78609,-5.28044],[29.78565,-5.27784],[29.78735,-5.27693],[29.78811,-5.27429],[29.79155,-5.27515],[29.79382,-5.27374],[29.80138,-5.27649],[29.80316,-5.2757],[29.8059,-5.27702],[29.80827,-5.27643],[29.81083,-5.27178],[29.81074,-5.26198],[29.82493,-5.25686],[29.85841,-5.26253],[29.89174,-5.26558],[29.90208,-5.25718],[29.90606,-5.25817],[29.91717,-5.23674],[29.92664,-5.23654],[29.94948,-5.23352],[29.97507,-5.24422],[29.99148,-5.2574]]]},"properties":{"region":"Kigoma","district":"Uvinza","ward":"Sunuka","ward_code":"051"}},{"type":"Feature","geometry":{"type":"Polygon","coordinates":[[[29.94274,-5.1235],[29.97534,-5.12716],[29.98063,-5.15014],[30.00584,-5.16502],[30.01093,-5.16602],[30.01415,-5.16896],[30.01576,-5.17204],[30.018,-5.17337],[30.03206,-5.17058],[30.03422,-5.17058],[30.03753,-5.17226],[30.04085,-5.17188],[30.04268,-5.17479],[30.04128,-5.17988],[30.04175,-5.181],[30.04815,-5.18216],[30.06811,-5.17615],[30.07511,-5.17956],[30.08013,-5.1901],[30.08411,-5.19116],[30.09521,-5.18951],[30.10153,-5.19033],[30.10537,-5.19285],[30.10463,-5.20739],[30.10293,-5.21521],[30.10321,-5.22652],[30.09988,-5.25515],[30.09308,-5.28789],[30.0976,-5.29705],[30.0981,-5.30214],[30.09585,-5.30892],[30.07983,-5.33678],[29.99148,-5.2574],[29.97507,-5.24422],[29.94948,-5.23352],[29.92664,-5.23654],[29.91717,-5.23674],[29.90606,-5.25817],[29.90208,-5.25718],[29.89174,-5.26558],[29.85841,-5.26253],[29.82493,-5.25686],[29.81074,-5.26198],[29.80697,-5.25855],[29.80693,-5.25707],[29.80489,-5.25838],[29.80278,-5.25762],[29.80292,-5.25518],[29.80067,-5.25403],[29.80126,-5.25001],[29.80359,-5.24698],[29.80424,-5.24436],[29.80299,-5.24247],[29.80284,-5.23567],[29.80581,-5.23419],[29.80923,-5.22975],[29.81191,-5.22324],[29.80819,-5.21703],[29.81829,-5.20164],[29.8165,-5.18971],[29.81057,-5.18581],[29.80626,-5.18507],[29.80373,-5.18641],[29.7972,-5.18522],[29.7969,-5.17723],[29.8021,-5.1762],[29.80567,-5.17753],[29.80804,-5.18167],[29.81473,-5.18286],[29.82097,-5.17812],[29.82393,-5.16873],[29.82602,-5.14634],[29.82488,-5.14343],[29.8304,-5.14556],[29.83251,-5.14787],[29.8393,-5.14961],[29.84203,-5.14727],[29.8439,-5.14691],[29.84601,-5.14412],[29.84911,-5.14519],[29.8556,-5.14284],[29.86133,-5.1389],[29.86567,-5.1387],[29.87078,-5.13696],[29.87174,-5.13584],[29.90183,-5.13485],[29.91708,-5.12386],[29.94274,-5.1235]]]},"properties":{"region":"Kigoma","district":"Uvinza","ward":"Ilagala","ward_code":"061"}},{"type":"Feature","geometry":{"type":"Polygon","coordinates":[[[29.92048,-5.02949],[29.92104,-5.03202],[29.92504,-5.03787],[29.92455,-5.04579],[29.92606,-5.04907],[29.93143,-5.0531],[29.9361,-5.06589],[29.93602,-5.08689],[29.9644,-5.09917],[29.97019,-5.10392],[29.97381,-5.11666],[29.97534,-5.12716],[29.94274,-5.1235],[29.91926,-5.12359],[29.91708,-5.12386],[29.90183,-5.13485],[29.87174,-5.13584],[29.87078,-5.13696],[29.86567,-5.1387],[29.86133,-5.1389],[29.8556,-5.14284],[29.84911,-5.14519],[29.84601,-5.14412],[29.8439,-5.14691],[29.84203,-5.14727],[29.8393,-5.14961],[29.83251,-5.14787],[29.8304,-5.14556],[29.82488,-5.14343],[29.82533,-5.13665],[29.82347,-5.12922],[29.81936,-5.12396],[29.8169,-5.12256],[29.81579,-5.11286],[29.80962,-5.10131],[29.80813,-5.09647],[29.8047,-5.09125],[29.80367,-5.08442],[29.79746,-5.07722],[29.80149,-5.07038],[29.81854,-5.05623],[29.82652,-5.04481],[29.83886,-5.03754],[29.84544,-5.04044],[29.85106,-5.03694],[29.85338,-5.03953],[29.8585,-5.03206],[29.88518,-5.03109],[29.8987,-5.03285],[29.90347,-5.03213],[29.90795,-5.02943],[29.91362,-5.03114],[29.9155,-5.0299],[29.92048,-5.02949]]]},"properties":{"region":"Kigoma","district":"Uvinza","ward":"Mwakizega","ward_code":"071"}},{"type":"Feature","geometry":{"type":"Polygon","coordinates":[[[29.89394,-4.91815],[29.90041,-4.93237],[29.91504,-4.93961],[29.94221,-4.94706],[29.94695,-4.95183],[29.9476,-4.96012],[29.94556,-4.96852],[29.94657,-4.98221],[29.9437,-5.00934],[29.94176,-5.01509],[29.94674,-5.02558],[29.94998,-5.02771],[29.93372,-5.03189],[29.91888,-5.02918],[29.91362,-5.03114],[29.90795,-5.02943],[29.90347,-5.03213],[29.8987,-5.03285],[29.88518,-5.03109],[29.8585,-5.03206],[29.85338,-5.03953],[29.85106,-5.03694],[29.84544,-5.04044],[29.83886,-5.03754],[29.84149,-5.03346],[29.84592,-5.0223],[29.84841,-5.00881],[29.84356,-4.99896],[29.83694,-4.99673],[29.82599,-4.98193],[29.81499,-4.97609],[29.80822,-4.9766],[29.81033,-4.97165],[29.81221,-4.95375],[29.80133,-4.93407],[29.79657,-4.92219],[29.798,-4.91187],[29.80712,-4.91437],[29.82487,-4.92299],[29.82935,-4.91775],[29.83427,-4.89178],[29.83829,-4.88809],[29.84288,-4.89245],[29.84948,-4.89484],[29.86176,-4.89873],[29.87354,-4.89955],[29.88392,-4.90605],[29.89394,-4.91815]]]},"properties":{"region":"Kigoma","district":"Uvinza","ward":"Kandaga","ward_code":"081"}},{"type":"Feature","geometry":{"type":"Polygon","coordinates":[[[30.03275,-4.91108],[30.04427,-4.92997],[30.10561,-4.98357],[30.12678,-4.99621],[30.13254,-5.00182],[30.13399,-5.00942],[30.13923,-5.01818],[30.14505,-5.02037],[30.1483,-5.01962],[30.14992,-5.02131],[30.15025,-5.02447],[30.15579,-5.03075],[30.15776,-5.03128],[30.1582,-5.0324],[30.15939,-5.03184],[30.15916,-5.03366],[30.16256,-5.03239],[30.1626,-5.03506],[30.16456,-5.03511],[30.17081,-5.04247],[30.17012,-5.04545],[30.17246,-5.04647],[30.17422,-5.05096],[30.17815,-5.05247],[30.18105,-5.05594],[30.17935,-5.05689],[30.18044,-5.05796],[30.17947,-5.0585],[30.18139,-5.05947],[30.1797,-5.06165],[30.18161,-5.06225],[30.18091,-5.06392],[30.18192,-5.06376],[30.18239,-5.0671],[30.1859,-5.07144],[30.18414,-5.07461],[30.18655,-5.07543],[30.18552,-5.07685],[30.18707,-5.0776],[30.1868,-5.0809],[30.18887,-5.08126],[30.19144,-5.07965],[30.19518,-5.08001],[30.19698,-5.08425],[30.19424,-5.08894],[30.19874,-5.09092],[30.19903,-5.09744],[30.1982,-5.09891],[30.1965,-5.09862],[30.19786,-5.10045],[30.19676,-5.10106],[30.19756,-5.10257],[30.19532,-5.10339],[30.19631,-5.10452],[30.19467,-5.10461],[30.19416,-5.10563],[30.19612,-5.10613],[30.19473,-5.10884],[30.19662,-5.10873],[30.19587,-5.11014],[30.19753,-5.11068],[30.19639,-5.11298],[30.19702,-5.1145],[30.19554,-5.1143],[30.19538,-5.11562],[30.19924,-5.11813],[30.19877,-5.12014],[30.20075,-5.1201],[30.20211,-5.12198],[30.20302,-5.12193],[30.20395,-5.12342],[30.20261,-5.12622],[30.2079,-5.1303],[30.20889,-5.13253],[30.2139,-5.13221],[30.21334,-5.13362],[30.21596,-5.1354],[30.21696,-5.13997],[30.21923,-5.14066],[30.21978,-5.14353],[30.2236,-5.14549],[30.22415,-5.14799],[30.22329,-5.1494],[30.22488,-5.15351],[30.22942,-5.15631],[30.23275,-5.16188],[30.23718,-5.16689],[30.24269,-5.1768],[30.23912,-5.18354],[30.23722,-5.19783],[30.23086,-5.208],[30.22885,-5.22319],[30.22189,-5.22843],[30.20072,-5.23135],[30.1887,-5.23603],[30.1885,-5.23385],[30.1887,-5.236],[30.18671,-5.23694],[30.18011,-5.23884],[30.17607,-5.23862],[30.1712,-5.23441],[30.16726,-5.22809],[30.1678,-5.22342],[30.1719,-5.21568],[30.16931,-5.20678],[30.17061,-5.19455],[30.16813,-5.18904],[30.16397,-5.18859],[30.15002,-5.19446],[30.14623,-5.19403],[30.13589,-5.18905],[30.12896,-5.18848],[30.12073,-5.18541],[30.10537,-5.19285],[30.10153,-5.19033],[30.09521,-5.18951],[30.08411,-5.19116],[30.08013,-5.1901],[30.07511,-5.17956],[30.06811,-5.17615],[30.04815,-5.18216],[30.04175,-5.181],[30.04128,-5.17988],[30.04268,-5.17479],[30.04085,-5.17188],[30.03753,-5.17226],[30.03422,-5.17058],[30.03206,-5.17058],[30.018,-5.17337],[30.01576,-5.17204],[30.01415,-5.16896],[30.01093,-5.16602],[30.00584,-5.16502],[29.98063,-5.15014],[29.97381,-5.11666],[29.97019,-5.10392],[29.9644,-5.09917],[29.93602,-5.08689],[29.9361,-5.06589],[29.93143,-5.0531],[29.92606,-5.04907],[29.92455,-5.04579],[29.92504,-5.03787],[29.92104,-5.03202],[29.92048,-5.02949],[29.93372,-5.03189],[29.94998,-5.02771],[29.94674,-5.02558],[29.94176,-5.01509],[29.9437,-5.00934],[29.94657,-4.98221],[29.94556,-4.96852],[29.9476,-4.96012],[29.94695,-4.95183],[29.95164,-4.95153],[29.96454,-4.95361],[29.97526,-4.95828],[29.98857,-4.95838],[29.98985,-4.95302],[29.98928,-4.94853],[29.98776,-4.94745],[29.9883,-4.94458],[29.98765,-4.9436],[29.9911,-4.93742],[29.98759,-4.93706],[29.98734,-4.93563],[29.98533,-4.93437],[29.9866,-4.92785],[29.98388,-4.92539],[29.97912,-4.92259],[29.97338,-4.92224],[29.97266,-4.92125],[29.97375,-4.91972],[29.97614,-4.92026],[29.97719,-4.91924],[29.97973,-4.91551],[29.97974,-4.91375],[29.98219,-4.91182],[29.98119,-4.90993],[29.98204,-4.90981],[29.98159,-4.90615],[29.98692,-4.90289],[30.01523,-4.90313],[30.03275,-4.91108]]]},"properties":{"region":"Kigoma","district":"Uvinza","ward":"Kazuramimba","ward_code":"091"}},{"type":"Feature","geometry":{"type":"Polygon","coordinates":[[[30.72016,-4.89419],[30.675,-5.10781],[30.67454,-5.11705],[30.68132,-5.13454],[30.67492,-5.13316],[30.65152,-5.16974],[30.63382,-5.16659],[30.6174,-5.18156],[30.61343,-5.1979],[30.61092,-5.20161],[30.53674,-5.20051],[30.39978,-5.16998],[30.33835,-5.17239],[30.27239,-5.17295],[30.24269,-5.1768],[30.23718,-5.16689],[30.23275,-5.16188],[30.22942,-5.15631],[30.22488,-5.15351],[30.22329,-5.1494],[30.22415,-5.14799],[30.2236,-5.14549],[30.21978,-5.14353],[30.21923,-5.14066],[30.21696,-5.13997],[30.21596,-5.1354],[30.21334,-5.13362],[30.2139,-5.13221],[30.20889,-5.13253],[30.2079,-5.1303],[30.20261,-5.12622],[30.20395,-5.12342],[30.20302,-5.12193],[30.20211,-5.12198],[30.20075,-5.1201],[30.19877,-5.12014],[30.19924,-5.11813],[30.19538,-5.11562],[30.19554,-5.1143],[30.19702,-5.1145],[30.19639,-5.11298],[30.19753,-5.11068],[30.19587,-5.11014],[30.19662,-5.10873],[30.19473,-5.10884],[30.19612,-5.10613],[30.19416,-5.10563],[30.19467,-5.10461],[30.19631,-5.10452],[30.19532,-5.10339],[30.19756,-5.10257],[30.19676,-5.10106],[30.19786,-5.10045],[30.1965,-5.09862],[30.1982,-5.09891],[30.19903,-5.09744],[30.19874,-5.09092],[30.19424,-5.08894],[30.19698,-5.08425],[30.19518,-5.08001],[30.19144,-5.07965],[30.18887,-5.08126],[30.1868,-5.0809],[30.18707,-5.0776],[30.18552,-5.07685],[30.18655,-5.07543],[30.18414,-5.07461],[30.1859,-5.07144],[30.18239,-5.0671],[30.18192,-5.06376],[30.18091,-5.06392],[30.18161,-5.06225],[30.1797,-5.06165],[30.18139,-5.05947],[30.17947,-5.0585],[30.18044,-5.05796],[30.17935,-5.05689],[30.18105,-5.05594],[30.18695,-5.02622],[30.2065,-5.00527],[30.26156,-5.02455],[30.26815,-5.02308],[30.29002,-5.02836],[30.34076,-5.03013],[30.3429,-5.0316],[30.38257,-5.02395],[30.41267,-5.01944],[30.4137,-5.01828],[30.41647,-5.01846],[30.41703,-5.02079],[30.41894,-5.02199],[30.42124,-5.02139],[30.42249,-5.01874],[30.42636,-5.01783],[30.42809,-5.01566],[30.43032,-5.00517],[30.43673,-5.00808],[30.44387,-5.00144],[30.44268,-4.99823],[30.44394,-4.9959],[30.44397,-4.99207],[30.44633,-4.99043],[30.44754,-4.986],[30.44959,-4.98438],[30.45003,-4.98278],[30.44787,-4.97828],[30.44918,-4.97618],[30.44855,-4.97385],[30.44923,-4.97191],[30.44826,-4.96956],[30.45298,-4.96551],[30.45311,-4.96302],[30.45633,-4.96127],[30.45603,-4.95897],[30.45386,-4.9575],[30.45379,-4.95406],[30.45648,-4.9536],[30.45805,-4.95229],[30.45849,-4.95011],[30.45543,-4.94661],[30.45672,-4.93989],[30.45913,-4.93712],[30.46003,-4.93205],[30.45819,-4.92946],[30.45826,-4.9266],[30.46554,-4.92633],[30.47363,-4.9236],[30.49411,-4.91183],[30.55969,-4.88928],[30.72016,-4.89419]]]},"properties":{"region":"Kigoma","district":"Uvinza","ward":"Uvinza","ward_code":"103"}},{"type":"Feature","geometry":{"type":"Polygon","coordinates":[[[30.84058,-4.9616],[30.87275,-4.97393],[30.9024,-4.97052],[30.93089,-4.95764],[30.95785,-4.97055],[30.97496,-4.9684],[30.98438,-4.96587],[30.99105,-5.00375],[30.99526,-5.03426],[30.99892,-5.03693],[31.00644,-5.04017],[31.03176,-5.04666],[31.05832,-5.0456],[31.09028,-5.05903],[31.14188,-5.06618],[31.1204,-5.089],[31.11813,-5.09368],[31.11566,-5.08573],[31.10772,-5.08262],[31.06801,-5.09349],[31.04292,-5.09132],[31.03493,-5.09354],[30.98138,-5.08609],[30.95936,-5.08508],[30.95632,-5.14666],[30.95506,-5.15199],[30.95707,-5.17515],[30.95631,-5.18522],[30.94464,-5.21372],[30.94071,-5.2209],[30.91527,-5.20882],[30.90543,-5.2543],[30.91264,-5.29216],[30.90327,-5.31944],[30.87162,-5.31729],[30.85024,-5.326],[30.83375,-5.32491],[30.8309,-5.31581],[30.82904,-5.30366],[30.82542,-5.29235],[30.83432,-5.27244],[30.82397,-5.26297],[30.81816,-5.26285],[30.81641,-5.26401],[30.80083,-5.25566],[30.78976,-5.25268],[30.7729,-5.24182],[30.7591,-5.22319],[30.74434,-5.21338],[30.74106,-5.20201],[30.72973,-5.1993],[30.72363,-5.1901],[30.7239,-5.18376],[30.71296,-5.17643],[30.71283,-5.16726],[30.70837,-5.15861],[30.70586,-5.14166],[30.69149,-5.13674],[30.68132,-5.13454],[30.67454,-5.11705],[30.675,-5.10781],[30.72016,-4.89419],[30.75237,-4.91287],[30.77768,-4.92165],[30.79037,-4.93363],[30.80901,-4.94894],[30.81739,-4.95169],[30.8303,-4.95856],[30.84058,-4.9616]]]},"properties":{"region":"Kigoma","district":"Uvinza","ward":"Mganza","ward_code":"111"}},{"type":"Feature","geometry":{"type":"Polygon","coordinates":[[[31.11591,-4.95843],[31.15477,-4.97792],[31.15843,-4.97867],[31.16166,-4.9769],[31.16373,-4.97415],[31.16648,-4.97602],[31.17071,-4.97516],[31.17204,-4.96613],[31.17551,-4.96364],[31.18455,-4.97162],[31.19224,-4.97266],[31.2015,-4.97112],[31.20718,-4.97549],[31.23719,-4.97183],[31.23926,-4.98004],[31.2537,-4.9838],[31.26152,-5.00831],[31.24649,-5.03318],[31.2459,-5.03579],[31.24511,-5.03581],[31.24505,-5.03808],[31.24264,-5.04387],[31.24351,-5.06213],[31.23578,-5.07342],[31.19445,-5.07102],[31.14137,-5.06613],[31.09028,-5.05903],[31.05832,-5.0456],[31.03176,-5.04666],[31.00644,-5.04017],[30.99892,-5.03693],[30.99526,-5.03426],[30.99105,-5.00375],[30.98438,-4.96587],[30.98808,-4.96236],[30.99558,-4.95846],[31.02245,-4.9597],[31.05214,-4.94783],[31.08093,-4.94225],[31.11591,-4.95843]]]},"properties":{"region":"Kigoma","district":"Uvinza","ward":"Mtegowanoti","ward_code":"121"}},{"type":"Feature","geometry":{"type":"Polygon","coordinates":[[[31.23016,-5.08299],[31.22516,-5.10299],[31.22348,-5.11978],[31.20696,-5.14203],[31.18796,-5.13289],[31.16179,-5.1468],[31.15267,-5.14859],[31.0566,-5.1169],[31.05012,-5.11584],[31.04738,-5.11585],[31.04623,-5.12132],[31.04001,-5.12999],[31.02336,-5.12768],[31.00341,-5.13905],[31.00303,-5.11683],[31.04115,-5.116],[31.04184,-5.11499],[31.04292,-5.09132],[31.06801,-5.09349],[31.10772,-5.08262],[31.11566,-5.08573],[31.11813,-5.09368],[31.1204,-5.089],[31.14188,-5.06618],[31.19445,-5.07102],[31.23578,-5.07342],[31.23016,-5.08299]]]},"properties":{"region":"Kigoma","district":"Uvinza","ward":"Nguruka","ward_code":"133"}},{"type":"Feature","geometry":{"type":"Polygon","coordinates":[[[30.98138,-5.08609],[31.03493,-5.09354],[31.04292,-5.09132],[31.04579,-5.09157],[31.04292,-5.09132],[31.04184,-5.11499],[31.04115,-5.116],[31.00303,-5.11683],[31.00341,-5.13905],[31.02336,-5.12768],[31.04001,-5.12999],[31.04623,-5.12132],[31.04738,-5.11585],[31.05012,-5.11584],[31.0566,-5.1169],[31.15267,-5.14859],[31.16179,-5.1468],[31.18796,-5.13289],[31.20696,-5.14203],[31.2243,-5.16682],[31.2227,-5.17976],[31.2066,-5.19395],[31.20596,-5.21326],[31.22996,-5.24083],[31.18213,-5.25485],[31.18219,-5.25806],[31.17983,-5.26027],[31.17805,-5.26055],[31.17729,-5.25947],[31.17579,-5.26182],[31.17173,-5.26307],[31.17141,-5.26174],[31.16926,-5.2641],[31.16808,-5.26389],[31.16925,-5.26198],[31.16762,-5.26124],[31.16439,-5.26223],[31.15955,-5.25927],[31.15872,-5.2607],[31.15688,-5.2605],[31.15717,-5.26203],[31.15399,-5.261],[31.1499,-5.26201],[31.14922,-5.26313],[31.14552,-5.26316],[31.13438,-5.26924],[31.12782,-5.27097],[31.11818,-5.26893],[31.10992,-5.26259],[31.10226,-5.26123],[31.09712,-5.2628],[31.09007,-5.25984],[31.08637,-5.25633],[31.08521,-5.25348],[31.08566,-5.25205],[31.06841,-5.24489],[31.05196,-5.2431],[31.04519,-5.24616],[31.03339,-5.24883],[31.02086,-5.2472],[31.0111,-5.24895],[30.9715,-5.26817],[30.96043,-5.27049],[30.91264,-5.29216],[30.90543,-5.2543],[30.91527,-5.20882],[30.94071,-5.2209],[30.94464,-5.21372],[30.95631,-5.18522],[30.95707,-5.17515],[30.95506,-5.15199],[30.95632,-5.14666],[30.95936,-5.08508],[30.98138,-5.08609]]]},"properties":{"region":"Kigoma","district":"Uvinza","ward":"Itebula","ward_code":"141"}},{"type":"Feature","geometry":{"type":"Polygon","coordinates":[[[30.4232,-4.86474],[30.42548,-4.86677],[30.42551,-4.87258],[30.42769,-4.8751],[30.42869,-4.87934],[30.42823,-4.88177],[30.42557,-4.88395],[30.42568,-4.88714],[30.4247,-4.88867],[30.42651,-4.89128],[30.42542,-4.8927],[30.42863,-4.89502],[30.43138,-4.90005],[30.43307,-4.89921],[30.43218,-4.90235],[30.4352,-4.90399],[30.43672,-4.90603],[30.4403,-4.90639],[30.44144,-4.90823],[30.44126,-4.91073],[30.45028,-4.91637],[30.45146,-4.91608],[30.45444,-4.92083],[30.45519,-4.91974],[30.45784,-4.9233],[30.45819,-4.92946],[30.46003,-4.93205],[30.45913,-4.93712],[30.45672,-4.93989],[30.45543,-4.9459],[30.45843,-4.94977],[30.45805,-4.95229],[30.45544,-4.95401],[30.45407,-4.95344],[30.45353,-4.95615],[30.45386,-4.9575],[30.45603,-4.95897],[30.45633,-4.96127],[30.45311,-4.96302],[30.45298,-4.96551],[30.44826,-4.96956],[30.44923,-4.97191],[30.44855,-4.97385],[30.44918,-4.97618],[30.44787,-4.97828],[30.45003,-4.98278],[30.44959,-4.98438],[30.44754,-4.986],[30.44633,-4.99043],[30.44397,-4.99207],[30.44394,-4.9959],[30.44268,-4.99823],[30.44387,-5.00144],[30.43673,-5.00808],[30.43032,-5.00517],[30.42809,-5.01566],[30.42636,-5.01783],[30.42249,-5.01874],[30.42124,-5.02139],[30.41894,-5.02199],[30.41703,-5.02079],[30.41647,-5.01846],[30.4137,-5.01828],[30.41267,-5.01944],[30.38257,-5.02395],[30.3429,-5.0316],[30.34076,-5.03013],[30.29002,-5.02836],[30.26815,-5.02308],[30.26156,-5.02455],[30.2065,-5.00527],[30.2109,-5.00038],[30.23331,-4.96725],[30.25568,-4.92034],[30.27082,-4.91552],[30.28549,-4.91621],[30.30156,-4.91288],[30.32828,-4.89656],[30.33628,-4.8929],[30.34112,-4.89658],[30.35139,-4.90118],[30.35644,-4.90563],[30.3594,-4.90526],[30.36538,-4.90981],[30.36606,-4.91488],[30.37065,-4.92113],[30.37192,-4.92093],[30.37453,-4.9236],[30.38068,-4.92192],[30.39565,-4.90735],[30.4232,-4.86474]]]},"properties":{"region":"Kigoma","district":"Uvinza","ward":"Basanza","ward_code":"161"}},{"type":"Feature","geometry":{"type":"Polygon","coordinates":[[[29.95363,-4.50454],[29.95541,-4.51133],[29.95706,-4.51205],[29.95695,-4.51474],[29.95836,-4.51822],[29.95754,-4.51872],[29.96041,-4.52347],[29.96358,-4.52662],[29.96444,-4.52912],[29.96354,-4.53943],[29.96688,-4.56515],[29.96358,-4.56601],[29.96164,-4.56783],[29.96255,-4.56768],[29.96247,-4.56898],[29.95987,-4.56824],[29.95855,-4.56934],[29.95681,-4.56864],[29.95464,-4.56912],[29.95553,-4.57169],[29.95289,-4.57392],[29.9535,-4.57455],[29.95236,-4.57561],[29.9484,-4.57633],[29.94814,-4.57791],[29.94888,-4.57829],[29.94783,-4.57969],[29.9458,-4.57911],[29.94552,-4.58009],[29.94286,-4.57914],[29.94181,-4.5776],[29.93986,-4.57751],[29.93966,-4.5763],[29.93795,-4.57647],[29.93741,-4.57862],[29.93419,-4.57818],[29.93288,-4.57912],[29.93136,-4.57785],[29.93137,-4.57899],[29.92936,-4.5784],[29.92766,-4.57923],[29.92883,-4.58199],[29.92712,-4.5825],[29.92426,-4.58183],[29.91239,-4.58388],[29.90056,-4.58383],[29.89578,-4.58316],[29.87957,-4.57583],[29.87908,-4.5742],[29.88048,-4.57196],[29.87799,-4.56215],[29.87846,-4.56157],[29.8812,-4.56291],[29.88355,-4.5614],[29.88408,-4.55988],[29.88561,-4.56037],[29.89066,-4.5451],[29.88971,-4.54441],[29.88963,-4.54229],[29.89249,-4.53613],[29.89331,-4.52833],[29.90443,-4.51473],[29.90478,-4.51279],[29.90776,-4.51105],[29.90837,-4.50699],[29.90979,-4.50686],[29.91184,-4.50476],[29.91533,-4.50509],[29.91413,-4.49873],[29.95121,-4.49705],[29.95294,-4.50285],[29.95434,-4.50425],[29.95363,-4.50454]]]},"properties":{"region":"Kigoma","district":"Buhigwe","ward":"Bukuba","ward_code":"181"}},{"type":"Feature","geometry":{"type":"Polygon","coordinates":[[[29.96229,-4.3237],[29.97812,-4.32882],[29.97877,-4.33042],[29.98112,-4.33136],[29.9823,-4.33026],[29.98356,-4.33131],[29.98232,-4.33285],[29.98344,-4.33844],[29.98144,-4.33817],[29.97859,-4.34011],[29.97972,-4.34068],[29.98008,-4.34229],[29.98338,-4.34301],[29.98392,-4.34391],[29.98252,-4.34456],[29.98581,-4.34755],[29.98658,-4.34656],[29.98622,-4.34426],[29.99006,-4.34377],[29.9913,-4.34597],[29.99287,-4.34485],[29.99421,-4.34561],[29.996,-4.34428],[29.99553,-4.3455],[29.99733,-4.34655],[29.99987,-4.34557],[30.00181,-4.34783],[30.00203,-4.34683],[30.00331,-4.34755],[30.00376,-4.34563],[30.00496,-4.34632],[30.00533,-4.34574],[30.00579,-4.34734],[30.00787,-4.34888],[30.00617,-4.35248],[30.00918,-4.35517],[30.00825,-4.35623],[30.00891,-4.35762],[30.01041,-4.35738],[30.01077,-4.35934],[30.01245,-4.36059],[30.00884,-4.36452],[30.01049,-4.37005],[30.00858,-4.37287],[30.00812,-4.37631],[30.00443,-4.37724],[30.00322,-4.38039],[30.00488,-4.38434],[30.00205,-4.3856],[30.00103,-4.38814],[30.00183,-4.3888],[30.00152,-4.39106],[30.00303,-4.39205],[30.00266,-4.39316],[30.00502,-4.39508],[30.00582,-4.40059],[30.00713,-4.40089],[30.00561,-4.40226],[30.00648,-4.40306],[30.0048,-4.40594],[30.00563,-4.40966],[30.00448,-4.41163],[30.0058,-4.41456],[30.00461,-4.41743],[30.00505,-4.42135],[30.00826,-4.42292],[30.01149,-4.42785],[30.01035,-4.42924],[29.98541,-4.4312],[29.96998,-4.42819],[29.9488,-4.408],[29.92634,-4.41098],[29.93065,-4.37075],[29.93305,-4.36259],[29.93197,-4.35207],[29.93476,-4.34297],[29.9387,-4.33839],[29.94265,-4.33864],[29.94278,-4.33735],[29.94516,-4.3352],[29.94783,-4.33442],[29.94966,-4.33019],[29.95129,-4.33006],[29.95088,-4.32901],[29.95165,-4.32868],[29.9525,-4.33032],[29.95362,-4.32885],[29.95426,-4.32978],[29.95673,-4.32778],[29.95835,-4.32867],[29.96229,-4.3237]]]},"properties":{"region":"Kigoma","district":"Buhigwe","ward":"Nyamugali","ward_code":"011"}},{"type":"Feature","geometry":{"type":"Polygon","coordinates":[[[30.03458,-4.27463],[30.03723,-4.27546],[30.03782,-4.27678],[30.03864,-4.27566],[30.03987,-4.27672],[30.04041,-4.27565],[30.04166,-4.27936],[30.04394,-4.28037],[30.04503,-4.28394],[30.04656,-4.2857],[30.0491,-4.28636],[30.04141,-4.30734],[30.04466,-4.3257],[30.04957,-4.34043],[30.0463,-4.3494],[30.04636,-4.35695],[30.04239,-4.36297],[30.03308,-4.36861],[30.01596,-4.37194],[30.00983,-4.36813],[30.00884,-4.36452],[30.01245,-4.36059],[30.01077,-4.35934],[30.01041,-4.35738],[30.00891,-4.35762],[30.00825,-4.35623],[30.00918,-4.35517],[30.00617,-4.35248],[30.00787,-4.34888],[30.00579,-4.34734],[30.00591,-4.34594],[30.00376,-4.34563],[30.00331,-4.34755],[30.00203,-4.34683],[30.00181,-4.34783],[29.99987,-4.34557],[29.99733,-4.34655],[29.99553,-4.3455],[29.996,-4.34428],[29.99421,-4.34561],[29.99287,-4.34485],[29.9913,-4.34597],[29.99006,-4.34377],[29.98622,-4.34426],[29.98658,-4.34656],[29.98581,-4.34755],[29.98252,-4.34456],[29.98392,-4.34391],[29.98338,-4.34301],[29.98008,-4.34229],[29.97972,-4.34068],[29.97859,-4.34011],[29.98144,-4.33817],[29.98344,-4.33844],[29.98232,-4.33285],[29.98356,-4.33131],[29.9823,-4.33026],[29.98112,-4.33136],[29.97877,-4.33042],[29.97812,-4.32882],[29.96229,-4.3237],[29.96563,-4.3189],[29.96453,-4.31636],[29.96585,-4.31569],[29.96517,-4.31364],[29.96676,-4.3134],[29.96794,-4.31127],[29.96731,-4.31085],[29.96794,-4.30708],[29.96893,-4.30699],[29.96834,-4.30593],[29.96951,-4.30523],[29.969,-4.30284],[29.97086,-4.30311],[29.97279,-4.30058],[29.97742,-4.30095],[29.97902,-4.29931],[29.97972,-4.30073],[29.9832,-4.29972],[29.98374,-4.29789],[29.98684,-4.29637],[29.98956,-4.298],[29.99011,-4.30138],[29.99143,-4.30202],[29.99087,-4.30022],[29.99202,-4.29995],[29.99134,-4.29643],[29.99425,-4.29267],[29.99533,-4.29312],[29.99584,-4.29874],[29.99842,-4.29927],[29.99931,-4.29697],[30.00167,-4.29598],[30.00121,-4.29302],[30.00517,-4.29428],[30.0053,-4.29036],[30.00721,-4.28955],[30.00456,-4.28802],[30.00468,-4.28713],[30.0021,-4.28679],[30.00215,-4.28452],[30.00378,-4.28325],[30.00329,-4.28035],[30.00609,-4.27983],[30.01371,-4.28434],[30.01609,-4.28172],[30.01518,-4.27732],[30.01777,-4.27613],[30.01929,-4.2765],[30.02036,-4.27446],[30.01919,-4.27409],[30.0212,-4.27392],[30.02111,-4.27498],[30.02506,-4.27659],[30.02449,-4.27853],[30.02517,-4.2805],[30.02549,-4.27803],[30.02721,-4.27794],[30.02701,-4.27679],[30.02879,-4.27802],[30.02951,-4.27669],[30.03042,-4.27716],[30.03067,-4.27283],[30.03405,-4.27347],[30.03458,-4.27463]]]},"properties":{"region":"Kigoma","district":"Buhigwe","ward":"Biharu","ward_code":"021"}},{"type":"Feature","geometry":{"type":"Polygon","coordinates":[[[30.08107,-4.37972],[30.08309,-4.38698],[30.04636,-4.35695],[30.0463,-4.3494],[30.04957,-4.34043],[30.04466,-4.3257],[30.04141,-4.30734],[30.0491,-4.28636],[30.05847,-4.28505],[30.06712,-4.28552],[30.07976,-4.29221],[30.09964,-4.29687],[30.10574,-4.30163],[30.11923,-4.32381],[30.12019,-4.32881],[30.11877,-4.33508],[30.09327,-4.34308],[30.08988,-4.3478],[30.08588,-4.35691],[30.07952,-4.36174],[30.07791,-4.37484],[30.08107,-4.37972]]]},"properties":{"region":"Kigoma","district":"Buhigwe","ward":"Muyama","ward_code":"031"}},{"type":"Feature","geometry":{"type":"Polygon","coordinates":[[[30.14087,-4.28003],[30.14166,-4.28324],[30.14019,-4.28526],[30.13945,-4.28868],[30.14333,-4.29353],[30.14288,-4.29567],[30.15595,-4.30722],[30.15747,-4.30702],[30.16016,-4.30895],[30.16379,-4.30895],[30.16058,-4.31169],[30.16366,-4.32238],[30.17007,-4.33163],[30.17147,-4.34926],[30.1661,-4.35941],[30.16147,-4.36162],[30.15871,-4.36595],[30.1519,-4.37192],[30.14921,-4.38319],[30.14776,-4.38516],[30.1545,-4.38746],[30.15599,-4.39088],[30.15598,-4.39838],[30.14928,-4.40947],[30.13621,-4.41617],[30.09448,-4.4135],[30.08851,-4.40952],[30.0857,-4.40059],[30.08389,-4.3984],[30.08291,-4.38581],[30.08107,-4.37972],[30.07791,-4.37484],[30.07952,-4.36174],[30.08588,-4.35691],[30.08988,-4.3478],[30.09327,-4.34308],[30.11877,-4.33508],[30.12019,-4.32881],[30.11923,-4.32381],[30.1137,-4.31386],[30.10922,-4.30814],[30.10574,-4.30163],[30.09964,-4.29687],[30.11835,-4.28669],[30.14087,-4.28003]]]},"properties":{"region":"Kigoma","district":"Buhigwe","ward":"Kajana","ward_code":"041"}},{"type":"Feature","geometry":{"type":"Polygon","coordinates":[[[30.21729,-4.27726],[30.21397,-4.28368],[30.20159,-4.29042],[30.19142,-4.29794],[30.18232,-4.31118],[30.17485,-4.30929],[30.16911,-4.30536],[30.16308,-4.30951],[30.15476,-4.30645],[30.15195,-4.30303],[30.14929,-4.30165],[30.14288,-4.29567],[30.14333,-4.29353],[30.13945,-4.28868],[30.14019,-4.28526],[30.14166,-4.28324],[30.14087,-4.28003],[30.11835,-4.28669],[30.09964,-4.29687],[30.09725,-4.27941],[30.09632,-4.25617],[30.09812,-4.24286],[30.10688,-4.22646],[30.11654,-4.2135],[30.12689,-4.21616],[30.14771,-4.22362],[30.18688,-4.22865],[30.19943,-4.23222],[30.20065,-4.23828],[30.20516,-4.25017],[30.21106,-4.26504],[30.21729,-4.27726]]]},"properties":{"region":"Kigoma","district":"Buhigwe","ward":"Mugera","ward_code":"051"}},{"type":"Feature","geometry":{"type":"Polygon","coordinates":[[[30.15103,-4.11644],[30.15182,-4.11808],[30.15275,-4.11805],[30.15271,-4.11677],[30.15374,-4.11728],[30.15778,-4.13419],[30.16688,-4.19701],[30.16719,-4.20559],[30.16443,-4.22555],[30.14771,-4.22362],[30.12689,-4.21616],[30.11654,-4.2135],[30.10688,-4.22646],[30.09812,-4.24286],[30.09632,-4.25617],[30.09725,-4.27941],[30.09964,-4.29687],[30.07976,-4.29221],[30.06712,-4.28552],[30.05847,-4.28505],[30.0491,-4.28636],[30.04656,-4.2857],[30.04394,-4.28037],[30.04166,-4.27936],[30.04051,-4.27575],[30.04217,-4.27641],[30.04318,-4.27442],[30.04217,-4.27328],[30.04304,-4.2721],[30.042,-4.27189],[30.04249,-4.27062],[30.04332,-4.27109],[30.04304,-4.26661],[30.04691,-4.25979],[30.04634,-4.25846],[30.04472,-4.25781],[30.04461,-4.25648],[30.04353,-4.25746],[30.04287,-4.25654],[30.04584,-4.25449],[30.0463,-4.25528],[30.04716,-4.25489],[30.0481,-4.25678],[30.05064,-4.25776],[30.05117,-4.25922],[30.05316,-4.25817],[30.05364,-4.2565],[30.05179,-4.25524],[30.05396,-4.25403],[30.04934,-4.24763],[30.0516,-4.24413],[30.05072,-4.24346],[30.04802,-4.24459],[30.0462,-4.24401],[30.04632,-4.24253],[30.04728,-4.24241],[30.04744,-4.24102],[30.04847,-4.24097],[30.0488,-4.24212],[30.05135,-4.24113],[30.05101,-4.24222],[30.05197,-4.24234],[30.05247,-4.2409],[30.05406,-4.24156],[30.05479,-4.23882],[30.05331,-4.23882],[30.05345,-4.23663],[30.05647,-4.23075],[30.05425,-4.2289],[30.05502,-4.22707],[30.05241,-4.22286],[30.05518,-4.22121],[30.05672,-4.22145],[30.05601,-4.21889],[30.05684,-4.21842],[30.05774,-4.21324],[30.05968,-4.21281],[30.06171,-4.20673],[30.06173,-4.20361],[30.06299,-4.20296],[30.06187,-4.20097],[30.06517,-4.19929],[30.06603,-4.19705],[30.06695,-4.1982],[30.0674,-4.19672],[30.07028,-4.19611],[30.06841,-4.19463],[30.07079,-4.19364],[30.06954,-4.19163],[30.07101,-4.18786],[30.07254,-4.18692],[30.07149,-4.18192],[30.07457,-4.17879],[30.07566,-4.17933],[30.07426,-4.17772],[30.07545,-4.17411],[30.07482,-4.17233],[30.07735,-4.17263],[30.07786,-4.16823],[30.08364,-4.16351],[30.08414,-4.16125],[30.08671,-4.15866],[30.08816,-4.16046],[30.09163,-4.15929],[30.09213,-4.15783],[30.09311,-4.15926],[30.09456,-4.15868],[30.0946,-4.1576],[30.09317,-4.15799],[30.09339,-4.1562],[30.09476,-4.15714],[30.09779,-4.15591],[30.10195,-4.15224],[30.10209,-4.15052],[30.10231,-4.15187],[30.10423,-4.15106],[30.10832,-4.15132],[30.10707,-4.15225],[30.1077,-4.15282],[30.10898,-4.15088],[30.11073,-4.15023],[30.11167,-4.15082],[30.11237,-4.15028],[30.11159,-4.1493],[30.11305,-4.14892],[30.11244,-4.14539],[30.11351,-4.14484],[30.11411,-4.14553],[30.11498,-4.1436],[30.11409,-4.14168],[30.11578,-4.14173],[30.11627,-4.14099],[30.11505,-4.1409],[30.11647,-4.13949],[30.11594,-4.139],[30.11767,-4.13903],[30.11754,-4.13974],[30.11912,-4.13833],[30.11836,-4.14092],[30.12368,-4.14026],[30.12377,-4.13942],[30.12132,-4.13752],[30.12273,-4.13516],[30.12456,-4.13562],[30.12426,-4.13469],[30.12537,-4.13401],[30.12538,-4.13556],[30.12644,-4.13566],[30.12762,-4.13344],[30.12823,-4.13383],[30.12704,-4.13287],[30.12762,-4.13224],[30.12904,-4.13333],[30.13074,-4.13229],[30.13155,-4.13346],[30.13315,-4.13327],[30.13308,-4.13401],[30.13376,-4.13323],[30.13273,-4.13239],[30.13469,-4.13132],[30.1344,-4.13031],[30.13661,-4.13021],[30.13595,-4.12727],[30.13926,-4.12772],[30.13901,-4.12646],[30.14045,-4.12666],[30.14094,-4.12526],[30.14171,-4.12569],[30.14123,-4.1246],[30.14321,-4.12472],[30.14305,-4.12316],[30.14508,-4.12364],[30.14673,-4.12191],[30.14646,-4.12116],[30.14802,-4.12188],[30.14727,-4.11971],[30.14901,-4.12082],[30.14859,-4.1189],[30.15085,-4.11822],[30.15001,-4.11753],[30.15103,-4.11644]]]},"properties":{"region":"Kigoma","district":"Buhigwe","ward":"Kilelema","ward_code":"061"}},{"type":"Feature","geometry":{"type":"Polygon","coordinates":[[[30.04636,-4.35695],[30.08309,-4.38698],[30.08389,-4.3984],[30.0857,-4.40059],[30.08851,-4.40952],[30.08656,-4.41631],[30.08447,-4.41858],[30.08279,-4.4253],[30.08276,-4.42936],[30.07137,-4.45639],[30.06641,-4.45951],[30.05527,-4.47195],[30.04947,-4.46818],[30.04628,-4.46734],[30.04099,-4.46822],[30.03611,-4.46519],[30.01731,-4.47444],[29.99898,-4.50038],[29.99835,-4.50484],[29.99572,-4.50823],[29.99099,-4.53517],[29.98963,-4.53599],[29.98922,-4.53758],[29.98976,-4.54604],[29.98794,-4.54907],[29.98783,-4.55203],[29.98387,-4.55439],[29.98273,-4.55771],[29.98067,-4.55741],[29.98122,-4.55975],[29.98023,-4.56257],[29.97715,-4.56323],[29.97687,-4.56447],[29.97503,-4.56389],[29.97425,-4.56631],[29.97117,-4.56473],[29.97084,-4.56605],[29.96944,-4.56454],[29.96874,-4.56588],[29.96808,-4.56466],[29.9672,-4.56543],[29.96354,-4.53943],[29.96444,-4.52912],[29.96358,-4.52662],[29.96041,-4.52347],[29.95754,-4.51872],[29.95836,-4.51822],[29.95695,-4.51474],[29.95706,-4.51205],[29.95541,-4.51133],[29.95377,-4.50716],[29.95363,-4.50454],[29.95434,-4.50425],[29.95294,-4.50285],[29.95121,-4.49705],[29.9487,-4.48362],[29.95038,-4.47846],[29.95599,-4.47058],[29.9592,-4.46045],[29.96322,-4.45324],[29.96528,-4.44657],[29.97482,-4.44216],[29.98541,-4.4312],[30.00928,-4.42962],[30.01149,-4.42785],[30.00826,-4.42292],[30.00505,-4.42135],[30.00461,-4.41743],[30.0058,-4.41456],[30.00448,-4.41163],[30.00563,-4.40966],[30.0048,-4.40594],[30.00648,-4.40306],[30.00561,-4.40226],[30.00713,-4.40089],[30.00582,-4.40059],[30.00502,-4.39508],[30.00266,-4.39316],[30.00303,-4.39205],[30.00152,-4.39106],[30.00183,-4.3888],[30.00103,-4.38814],[30.00205,-4.3856],[30.00488,-4.38434],[30.00322,-4.38039],[30.00443,-4.37724],[30.00812,-4.37631],[30.00858,-4.37287],[30.01049,-4.37005],[30.00983,-4.36813],[30.01596,-4.37194],[30.03308,-4.36861],[30.04239,-4.36297],[30.04636,-4.35695]]]},"properties":{"region":"Kigoma","district":"Buhigwe","ward":"Munyegera","ward_code":"071"}},{"type":"Feature","geometry":{"type":"Polygon","coordinates":[[[29.93003,-4.37536],[29.92634,-4.41098],[29.9488,-4.408],[29.96998,-4.42819],[29.98541,-4.4312],[29.97482,-4.44216],[29.96528,-4.44657],[29.96322,-4.45324],[29.9592,-4.46045],[29.95599,-4.47058],[29.95038,-4.47846],[29.9487,-4.48362],[29.95121,-4.49705],[29.91413,-4.49873],[29.91533,-4.50509],[29.91184,-4.50476],[29.90979,-4.50686],[29.90837,-4.50699],[29.90776,-4.51105],[29.90478,-4.51279],[29.90443,-4.51473],[29.89331,-4.52833],[29.89249,-4.53613],[29.88963,-4.54229],[29.88971,-4.54441],[29.89066,-4.5451],[29.88561,-4.56037],[29.88408,-4.55988],[29.88355,-4.5614],[29.8812,-4.56291],[29.87846,-4.56157],[29.878,-4.5602],[29.87931,-4.55881],[29.87727,-4.55797],[29.8764,-4.55907],[29.87753,-4.56033],[29.87585,-4.56142],[29.87538,-4.5586],[29.87365,-4.55706],[29.87164,-4.55693],[29.87152,-4.55536],[29.87277,-4.5542],[29.8724,-4.55313],[29.8708,-4.55268],[29.87147,-4.55056],[29.86795,-4.54945],[29.86618,-4.55266],[29.8633,-4.55063],[29.86389,-4.55005],[29.86049,-4.55013],[29.86006,-4.54883],[29.85818,-4.54859],[29.85546,-4.54451],[29.84914,-4.54695],[29.84405,-4.54567],[29.84142,-4.54678],[29.83951,-4.55177],[29.83393,-4.557],[29.83155,-4.55785],[29.82983,-4.5603],[29.83096,-4.56331],[29.82898,-4.56485],[29.82706,-4.56361],[29.82723,-4.56213],[29.82453,-4.56131],[29.82566,-4.55937],[29.82344,-4.55562],[29.82538,-4.5539],[29.82612,-4.55067],[29.82551,-4.54807],[29.82884,-4.54658],[29.82788,-4.54545],[29.82621,-4.54536],[29.82772,-4.54436],[29.82593,-4.54276],[29.83258,-4.54204],[29.83281,-4.54058],[29.83048,-4.53841],[29.83333,-4.53686],[29.83275,-4.53548],[29.83532,-4.53303],[29.83479,-4.53157],[29.83645,-4.53068],[29.83852,-4.51464],[29.85782,-4.50666],[29.86621,-4.50426],[29.86884,-4.49594],[29.87442,-4.48942],[29.87614,-4.48521],[29.88017,-4.47976],[29.88063,-4.47759],[29.88394,-4.47619],[29.88436,-4.47471],[29.88128,-4.47311],[29.87983,-4.4735],[29.87866,-4.47188],[29.87909,-4.47088],[29.87782,-4.47022],[29.87814,-4.46853],[29.87598,-4.4683],[29.87692,-4.46689],[29.87552,-4.46712],[29.87617,-4.46666],[29.87472,-4.46579],[29.87553,-4.46556],[29.87411,-4.46444],[29.87483,-4.4628],[29.87386,-4.46346],[29.87278,-4.46273],[29.87369,-4.46029],[29.87461,-4.46096],[29.87616,-4.46018],[29.87681,-4.46133],[29.87806,-4.46089],[29.8787,-4.46007],[29.87811,-4.45884],[29.88011,-4.45832],[29.88077,-4.45595],[29.8819,-4.45607],[29.88122,-4.45545],[29.88324,-4.45501],[29.8921,-4.4369],[29.89038,-4.43725],[29.88422,-4.42689],[29.87938,-4.40864],[29.87711,-4.40882],[29.87748,-4.4058],[29.87521,-4.40423],[29.87625,-4.39859],[29.87246,-4.39476],[29.87152,-4.39235],[29.86939,-4.39285],[29.86969,-4.39139],[29.86801,-4.39027],[29.88761,-4.38026],[29.89056,-4.38031],[29.89262,-4.38239],[29.89351,-4.38182],[29.89605,-4.38275],[29.90232,-4.38144],[29.90564,-4.38184],[29.93003,-4.37536]]]},"properties":{"region":"Kigoma","district":"Buhigwe","ward":"Buhigwe","ward_code":"083"}},{"type":"Feature","geometry":{"type":"Polygon","coordinates":[[[29.933,-4.34254],[29.93476,-4.34297],[29.93197,-4.35207],[29.93305,-4.36259],[29.93003,-4.37536],[29.90564,-4.38184],[29.90232,-4.38144],[29.89605,-4.38275],[29.89351,-4.38182],[29.89262,-4.38239],[29.89056,-4.38031],[29.88761,-4.38026],[29.86872,-4.38974],[29.8663,-4.38341],[29.87141,-4.38079],[29.87181,-4.38138],[29.87102,-4.37881],[29.87348,-4.37965],[29.87395,-4.38102],[29.87544,-4.37839],[29.87483,-4.37753],[29.87275,-4.37835],[29.87241,-4.37762],[29.87368,-4.37741],[29.87257,-4.37545],[29.87107,-4.37528],[29.87255,-4.37491],[29.87186,-4.3733],[29.87298,-4.37059],[29.87367,-4.37085],[29.87327,-4.36873],[29.8742,-4.37035],[29.87514,-4.3689],[29.8768,-4.36925],[29.87637,-4.36776],[29.87901,-4.36817],[29.88161,-4.36612],[29.88103,-4.36731],[29.88248,-4.36785],[29.88208,-4.36915],[29.88291,-4.37008],[29.88408,-4.36966],[29.88351,-4.36831],[29.88487,-4.3657],[29.88298,-4.36431],[29.88537,-4.36245],[29.88411,-4.35958],[29.8875,-4.35795],[29.88721,-4.35572],[29.88875,-4.35514],[29.88956,-4.35548],[29.88828,-4.35633],[29.89043,-4.35679],[29.89228,-4.35565],[29.89181,-4.3537],[29.89264,-4.354],[29.89381,-4.35241],[29.89521,-4.35375],[29.89563,-4.35245],[29.89602,-4.35352],[29.89756,-4.35331],[29.89897,-4.35601],[29.90028,-4.3553],[29.90033,-4.35653],[29.90203,-4.35417],[29.90085,-4.35305],[29.90298,-4.35296],[29.90428,-4.35126],[29.90491,-4.3519],[29.90871,-4.35121],[29.90934,-4.34817],[29.91043,-4.34857],[29.9115,-4.35242],[29.91365,-4.35165],[29.91393,-4.35099],[29.91244,-4.35036],[29.91482,-4.34941],[29.91416,-4.34892],[29.91635,-4.34951],[29.91629,-4.34826],[29.91891,-4.34884],[29.91914,-4.34762],[29.91976,-4.34891],[29.92544,-4.34742],[29.92791,-4.34626],[29.9285,-4.34473],[29.92741,-4.34393],[29.92786,-4.34265],[29.93042,-4.3438],[29.93324,-4.34166],[29.933,-4.34254]]]},"properties":{"region":"Kigoma","district":"Buhigwe","ward":"Kibande","ward_code":"091"}},{"type":"Feature","geometry":{"type":"Polygon","coordinates":[[[29.89578,-4.58316],[29.91239,-4.58388],[29.92397,-4.58225],[29.92523,-4.59204],[29.92845,-4.59229],[29.92957,-4.59396],[29.92908,-4.59523],[29.9314,-4.59761],[29.93115,-4.59909],[29.9327,-4.59972],[29.93207,-4.61368],[29.93281,-4.61652],[29.93153,-4.61975],[29.93116,-4.63084],[29.92963,-4.63301],[29.93023,-4.63397],[29.93162,-4.63361],[29.93118,-4.63464],[29.93267,-4.6351],[29.93182,-4.63579],[29.933,-4.63608],[29.93223,-4.637],[29.93274,-4.63994],[29.92652,-4.65565],[29.9256,-4.68713],[29.9265,-4.68828],[29.92539,-4.69146],[29.92641,-4.6958],[29.92502,-4.6964],[29.89118,-4.69414],[29.86711,-4.70108],[29.8612,-4.7121],[29.85843,-4.71079],[29.85631,-4.71119],[29.85615,-4.70965],[29.85383,-4.70802],[29.85129,-4.71159],[29.84687,-4.7131],[29.84626,-4.71232],[29.84498,-4.71281],[29.84503,-4.71494],[29.84337,-4.71437],[29.84343,-4.71511],[29.84277,-4.71548],[29.8427,-4.71477],[29.83702,-4.71852],[29.83528,-4.72468],[29.83282,-4.72518],[29.8324,-4.72617],[29.83161,-4.7257],[29.83027,-4.72748],[29.82497,-4.72818],[29.82405,-4.72579],[29.8223,-4.72517],[29.82219,-4.72353],[29.82017,-4.72209],[29.82147,-4.7181],[29.8195,-4.71272],[29.82067,-4.70946],[29.82387,-4.70634],[29.82579,-4.70649],[29.82729,-4.70337],[29.82888,-4.70307],[29.82968,-4.70179],[29.83019,-4.70028],[29.82843,-4.69798],[29.83159,-4.69811],[29.83284,-4.69273],[29.83234,-4.69091],[29.83017,-4.68926],[29.82988,-4.68668],[29.83148,-4.68658],[29.833,-4.68502],[29.83198,-4.68384],[29.8306,-4.6841],[29.82997,-4.68214],[29.83183,-4.67969],[29.83284,-4.67429],[29.83534,-4.67347],[29.8359,-4.67231],[29.83779,-4.67378],[29.8391,-4.67312],[29.83833,-4.66962],[29.84264,-4.66495],[29.84361,-4.66528],[29.8447,-4.66326],[29.84568,-4.66388],[29.84658,-4.66305],[29.8462,-4.66042],[29.84997,-4.66068],[29.84928,-4.65904],[29.84998,-4.65561],[29.85239,-4.65686],[29.85294,-4.65633],[29.8532,-4.65207],[29.85733,-4.65007],[29.85935,-4.64472],[29.85283,-4.63529],[29.85014,-4.63336],[29.83287,-4.6338],[29.82812,-4.63644],[29.82738,-4.63484],[29.82955,-4.63371],[29.83094,-4.63433],[29.83155,-4.6327],[29.82905,-4.62965],[29.82623,-4.62933],[29.82367,-4.62558],[29.82492,-4.6214],[29.82336,-4.61893],[29.82341,-4.61115],[29.82515,-4.61283],[29.82767,-4.61244],[29.8307,-4.60809],[29.8332,-4.60732],[29.83239,-4.60598],[29.83775,-4.60248],[29.84001,-4.60035],[29.84066,-4.59839],[29.84588,-4.59592],[29.86773,-4.57903],[29.8756,-4.57595],[29.87985,-4.57587],[29.89578,-4.58316]]]},"properties":{"region":"Kigoma","district":"Buhigwe","ward":"Janda","ward_code":"101"}},{"type":"Feature","geometry":{"type":"Polygon","coordinates":[[[29.92502,-4.6964],[29.94024,-4.74499],[29.92998,-4.75045],[29.92851,-4.75014],[29.92956,-4.75208],[29.92825,-4.75275],[29.92875,-4.75508],[29.92316,-4.75999],[29.92452,-4.76219],[29.92385,-4.76407],[29.91956,-4.76543],[29.90212,-4.77889],[29.89395,-4.81761],[29.89001,-4.819],[29.8889,-4.81775],[29.88797,-4.81806],[29.88785,-4.81975],[29.88603,-4.82153],[29.88607,-4.8234],[29.88054,-4.82192],[29.88046,-4.82038],[29.8792,-4.81989],[29.8788,-4.82167],[29.87557,-4.82318],[29.87647,-4.82511],[29.87378,-4.8245],[29.87434,-4.82396],[29.87355,-4.82282],[29.87033,-4.82355],[29.87151,-4.82515],[29.87085,-4.82669],[29.87362,-4.82752],[29.87373,-4.82891],[29.86914,-4.82878],[29.86968,-4.82793],[29.86737,-4.82316],[29.86478,-4.82546],[29.86462,-4.82666],[29.86588,-4.82702],[29.8652,-4.82853],[29.86253,-4.82761],[29.85898,-4.82834],[29.8568,-4.82744],[29.85583,-4.83131],[29.85476,-4.83169],[29.85486,-4.82997],[29.85165,-4.83005],[29.85089,-4.82741],[29.84879,-4.82951],[29.84229,-4.82602],[29.8419,-4.82752],[29.83973,-4.8263],[29.83691,-4.82883],[29.83424,-4.82793],[29.8342,-4.82552],[29.83164,-4.82817],[29.83339,-4.82916],[29.83116,-4.83359],[29.82983,-4.83485],[29.82846,-4.83378],[29.82328,-4.83413],[29.82331,-4.83533],[29.82522,-4.83684],[29.82142,-4.83799],[29.81987,-4.8403],[29.81897,-4.83878],[29.8101,-4.83677],[29.80469,-4.84095],[29.80003,-4.83882],[29.80206,-4.83553],[29.79942,-4.83443],[29.80081,-4.83022],[29.79771,-4.82654],[29.80074,-4.82488],[29.80458,-4.82513],[29.80938,-4.82915],[29.81004,-4.827],[29.80717,-4.82223],[29.80419,-4.82109],[29.8035,-4.81731],[29.79849,-4.81678],[29.7956,-4.81293],[29.79557,-4.81121],[29.80187,-4.80927],[29.80306,-4.81106],[29.80505,-4.80982],[29.80826,-4.81221],[29.80954,-4.81203],[29.81272,-4.80977],[29.81313,-4.80827],[29.81467,-4.80807],[29.81667,-4.80829],[29.81891,-4.81196],[29.82011,-4.80456],[29.81632,-4.80423],[29.81536,-4.79809],[29.82094,-4.79861],[29.82432,-4.79608],[29.82477,-4.79315],[29.82873,-4.79308],[29.8302,-4.79658],[29.83338,-4.79668],[29.83388,-4.79482],[29.83518,-4.79445],[29.83355,-4.79264],[29.83465,-4.79175],[29.8339,-4.79018],[29.83526,-4.78998],[29.83561,-4.78847],[29.83443,-4.78639],[29.83566,-4.78502],[29.83581,-4.78198],[29.83419,-4.78333],[29.83257,-4.78226],[29.83109,-4.78328],[29.82551,-4.78149],[29.82231,-4.77873],[29.8202,-4.78049],[29.81674,-4.77847],[29.82118,-4.77684],[29.821,-4.77414],[29.81839,-4.77315],[29.81833,-4.77059],[29.82244,-4.76927],[29.82333,-4.76804],[29.82243,-4.76368],[29.8202,-4.76296],[29.82043,-4.76167],[29.82184,-4.76023],[29.82361,-4.76004],[29.82607,-4.75662],[29.829,-4.75663],[29.82852,-4.7589],[29.8292,-4.75963],[29.83151,-4.75577],[29.83344,-4.75461],[29.83446,-4.75514],[29.83521,-4.75342],[29.83037,-4.75014],[29.83102,-4.74903],[29.83263,-4.75013],[29.83412,-4.7444],[29.8326,-4.74287],[29.82991,-4.74258],[29.82919,-4.74104],[29.82524,-4.73965],[29.82685,-4.73954],[29.82875,-4.73441],[29.83065,-4.73287],[29.82961,-4.73025],[29.83173,-4.73001],[29.83161,-4.7257],[29.8324,-4.72617],[29.83282,-4.72518],[29.83528,-4.72468],[29.83702,-4.71852],[29.8427,-4.71477],[29.84277,-4.71548],[29.84343,-4.71511],[29.84337,-4.71437],[29.84503,-4.71494],[29.84498,-4.71281],[29.84626,-4.71232],[29.84687,-4.7131],[29.85129,-4.71159],[29.85383,-4.70802],[29.85615,-4.70965],[29.85631,-4.71119],[29.85843,-4.71079],[29.8612,-4.7121],[29.86711,-4.70108],[29.89118,-4.69414],[29.92502,-4.6964]]]},"properties":{"region":"Kigoma","district":"Buhigwe","ward":"Munzeze","ward_code":"111"}},{"type":"Feature","geometry":{"type":"Polygon","coordinates":[[[29.7904,-4.56741],[29.79364,-4.57119],[29.79839,-4.57279],[29.80651,-4.58487],[29.80793,-4.58412],[29.81757,-4.59029],[29.82177,-4.5957],[29.82508,-4.59771],[29.82425,-4.59841],[29.82491,-4.59917],[29.82629,-4.59806],[29.8282,-4.59902],[29.82894,-4.60044],[29.82826,-4.60252],[29.8297,-4.60345],[29.83121,-4.60256],[29.83327,-4.60308],[29.8345,-4.60456],[29.83239,-4.60598],[29.8332,-4.60732],[29.8307,-4.60809],[29.82767,-4.61244],[29.82515,-4.61283],[29.82341,-4.61115],[29.82312,-4.61292],[29.82336,-4.61893],[29.82492,-4.6214],[29.82367,-4.62558],[29.82623,-4.62933],[29.82905,-4.62965],[29.83157,-4.63325],[29.83094,-4.63433],[29.82955,-4.63371],[29.82738,-4.63484],[29.82812,-4.63644],[29.81914,-4.64144],[29.81621,-4.647],[29.81406,-4.66106],[29.81448,-4.67849],[29.81111,-4.69913],[29.81844,-4.70111],[29.8111,-4.69915],[29.79449,-4.69091],[29.79069,-4.68723],[29.78692,-4.67885],[29.77972,-4.6666],[29.78023,-4.65923],[29.77822,-4.65664],[29.7756,-4.648],[29.77325,-4.63115],[29.77458,-4.62261],[29.77358,-4.6201],[29.77407,-4.61695],[29.77288,-4.61477],[29.77286,-4.61142],[29.76995,-4.60999],[29.76882,-4.60387],[29.76696,-4.60105],[29.76748,-4.59787],[29.76916,-4.59722],[29.76365,-4.59603],[29.76061,-4.59157],[29.76009,-4.58663],[29.76293,-4.57762],[29.76735,-4.57556],[29.76642,-4.56977],[29.76724,-4.57045],[29.77059,-4.56997],[29.7712,-4.56868],[29.7756,-4.56928],[29.7904,-4.56741]]]},"properties":{"region":"Kigoma","district":"Buhigwe","ward":"Rusaba","ward_code":"121"}},{"type":"Feature","geometry":{"type":"Polygon","coordinates":[[[29.79983,-4.50307],[29.80133,-4.50584],[29.80574,-4.5021],[29.81741,-4.50603],[29.82308,-4.5102],[29.82538,-4.51525],[29.8247,-4.52105],[29.83145,-4.52233],[29.83729,-4.52779],[29.83645,-4.53068],[29.83479,-4.53157],[29.83532,-4.53303],[29.83275,-4.53548],[29.83333,-4.53686],[29.83048,-4.53841],[29.83281,-4.54058],[29.83258,-4.54204],[29.82593,-4.54276],[29.82772,-4.54436],[29.82621,-4.54536],[29.82788,-4.54545],[29.82884,-4.54658],[29.82551,-4.54807],[29.82612,-4.55067],[29.82443,-4.5548],[29.81863,-4.54834],[29.81488,-4.54688],[29.80565,-4.55884],[29.79839,-4.57279],[29.79364,-4.57119],[29.7904,-4.56741],[29.7756,-4.56928],[29.7712,-4.56868],[29.77059,-4.56997],[29.76724,-4.57045],[29.76443,-4.5654],[29.76376,-4.56032],[29.76593,-4.54697],[29.76506,-4.54185],[29.77184,-4.52832],[29.77506,-4.52757],[29.77595,-4.52459],[29.77846,-4.52319],[29.77889,-4.52399],[29.78055,-4.52348],[29.78,-4.52209],[29.7862,-4.52287],[29.78796,-4.51891],[29.79131,-4.51918],[29.79196,-4.5179],[29.79095,-4.51739],[29.79191,-4.51654],[29.79133,-4.51542],[29.79261,-4.5153],[29.79379,-4.50726],[29.79732,-4.49801],[29.79998,-4.49832],[29.79928,-4.49926],[29.80114,-4.50297],[29.79983,-4.50307]]]},"properties":{"region":"Kigoma","district":"Buhigwe","ward":"Muhinda","ward_code":"131"}},{"type":"Feature","geometry":{"type":"Polygon","coordinates":[[[29.79013,-4.40584],[29.79118,-4.40943],[29.79061,-4.41493],[29.7912,-4.41716],[29.79349,-4.41849],[29.79324,-4.42124],[29.79228,-4.42378],[29.78894,-4.42496],[29.78562,-4.42827],[29.78487,-4.43545],[29.78958,-4.4383],[29.79258,-4.44219],[29.79671,-4.44271],[29.79835,-4.4456],[29.80472,-4.44386],[29.80765,-4.44702],[29.8135,-4.44844],[29.80847,-4.45195],[29.80607,-4.45609],[29.80616,-4.45759],[29.80323,-4.46058],[29.8026,-4.46431],[29.80312,-4.46687],[29.80231,-4.46872],[29.80372,-4.47271],[29.80746,-4.47613],[29.80695,-4.47943],[29.80872,-4.48388],[29.80713,-4.48527],[29.80233,-4.48629],[29.80089,-4.48545],[29.79969,-4.48684],[29.79825,-4.48685],[29.79689,-4.49008],[29.79862,-4.4935],[29.79833,-4.49769],[29.79564,-4.50094],[29.79261,-4.5153],[29.79013,-4.51492],[29.79005,-4.51632],[29.78819,-4.51589],[29.78777,-4.51276],[29.78656,-4.51346],[29.78653,-4.51246],[29.78785,-4.512],[29.78756,-4.5111],[29.78589,-4.51177],[29.78512,-4.51005],[29.77796,-4.50946],[29.77513,-4.5108],[29.77228,-4.50895],[29.7706,-4.50323],[29.77162,-4.50177],[29.77036,-4.49967],[29.77025,-4.49662],[29.7713,-4.49641],[29.77167,-4.49457],[29.77037,-4.49142],[29.76223,-4.48561],[29.75951,-4.48752],[29.75969,-4.48603],[29.75754,-4.48679],[29.75747,-4.48504],[29.75852,-4.47959],[29.76212,-4.47605],[29.7624,-4.47296],[29.76009,-4.46702],[29.76308,-4.46415],[29.76825,-4.45648],[29.76764,-4.4518],[29.76418,-4.44852],[29.76362,-4.44628],[29.76503,-4.44019],[29.76343,-4.43651],[29.76434,-4.43483],[29.76321,-4.43263],[29.76434,-4.4285],[29.76693,-4.42572],[29.76697,-4.42376],[29.77408,-4.41722],[29.77347,-4.41592],[29.7754,-4.41156],[29.78006,-4.41419],[29.78186,-4.41405],[29.78132,-4.41361],[29.782,-4.4131],[29.78325,-4.41373],[29.78382,-4.41135],[29.78628,-4.41021],[29.78617,-4.40871],[29.78806,-4.40891],[29.79013,-4.40584]]]},"properties":{"region":"Kigoma","district":"Buhigwe","ward":"Munanila","ward_code":"143"}},{"type":"Feature","geometry":{"type":"Polygon","coordinates":[[[29.82636,-4.43642],[29.83912,-4.44517],[29.84604,-4.44686],[29.84542,-4.45071],[29.85069,-4.45502],[29.84905,-4.45574],[29.84876,-4.45777],[29.85092,-4.45811],[29.85651,-4.46228],[29.85758,-4.46219],[29.8576,-4.46054],[29.85823,-4.46308],[29.8574,-4.46418],[29.85826,-4.46604],[29.86292,-4.46403],[29.86153,-4.46727],[29.86781,-4.46914],[29.86889,-4.46983],[29.86893,-4.47115],[29.87327,-4.47204],[29.87226,-4.47421],[29.87379,-4.476],[29.87342,-4.47803],[29.8723,-4.47727],[29.87137,-4.47733],[29.87152,-4.4782],[29.86986,-4.4778],[29.87064,-4.48064],[29.87302,-4.47979],[29.87342,-4.48058],[29.87178,-4.48276],[29.87105,-4.48207],[29.86841,-4.48326],[29.86858,-4.48591],[29.86752,-4.48613],[29.87115,-4.49094],[29.87166,-4.49348],[29.86884,-4.49594],[29.86621,-4.50426],[29.85782,-4.50666],[29.83852,-4.51464],[29.83729,-4.52779],[29.83145,-4.52233],[29.8247,-4.52105],[29.82538,-4.51525],[29.82308,-4.5102],[29.81741,-4.50603],[29.80574,-4.5021],[29.80133,-4.50584],[29.80049,-4.50353],[29.79973,-4.50367],[29.80114,-4.50297],[29.79928,-4.49926],[29.79998,-4.49832],[29.79833,-4.49769],[29.79862,-4.4935],[29.79689,-4.49008],[29.79825,-4.48685],[29.79969,-4.48684],[29.80089,-4.48545],[29.80342,-4.48617],[29.80713,-4.48527],[29.80872,-4.48388],[29.80695,-4.47943],[29.80746,-4.47613],[29.80372,-4.47271],[29.80231,-4.46872],[29.80323,-4.46058],[29.80616,-4.45759],[29.80607,-4.45609],[29.80847,-4.45195],[29.8135,-4.44844],[29.81738,-4.44879],[29.81845,-4.44713],[29.81766,-4.44603],[29.81918,-4.44573],[29.81993,-4.44305],[29.82202,-4.44358],[29.8234,-4.44238],[29.82343,-4.43969],[29.82504,-4.43794],[29.82459,-4.43647],[29.82636,-4.43642]]]},"properties":{"region":"Kigoma","district":"Buhigwe","ward":"Mwayaya","ward_code":"151"}},{"type":"Feature","geometry":{"type":"Polygon","coordinates":[[[29.82671,-4.36057],[29.82761,-4.3623],[29.82952,-4.36203],[29.82991,-4.36346],[29.82878,-4.3649],[29.83164,-4.3647],[29.83121,-4.36681],[29.83369,-4.3663],[29.83426,-4.36791],[29.83875,-4.36776],[29.83962,-4.36927],[29.84551,-4.36831],[29.84542,-4.37018],[29.84403,-4.37041],[29.84566,-4.37105],[29.84621,-4.37313],[29.84909,-4.3761],[29.84907,-4.37701],[29.84727,-4.37723],[29.84744,-4.37808],[29.84939,-4.37857],[29.85082,-4.37741],[29.85153,-4.38143],[29.85662,-4.38052],[29.85658,-4.3819],[29.85757,-4.38197],[29.86041,-4.38008],[29.86411,-4.38149],[29.86667,-4.38079],[29.86642,-4.38529],[29.86872,-4.38974],[29.86721,-4.39382],[29.86845,-4.3933],[29.86771,-4.39389],[29.86847,-4.39408],[29.8662,-4.39445],[29.86637,-4.39639],[29.84024,-4.40118],[29.83167,-4.4067],[29.82966,-4.40931],[29.82682,-4.40913],[29.8254,-4.41024],[29.82479,-4.41238],[29.82101,-4.4149],[29.82012,-4.41702],[29.82079,-4.42003],[29.82324,-4.4259],[29.82462,-4.42557],[29.82528,-4.42679],[29.82422,-4.42738],[29.82481,-4.42853],[29.82402,-4.43123],[29.82246,-4.43253],[29.82458,-4.43498],[29.8241,-4.43621],[29.82504,-4.43794],[29.82343,-4.43969],[29.8234,-4.44238],[29.82202,-4.44358],[29.81993,-4.44305],[29.81918,-4.44573],[29.81766,-4.44603],[29.81845,-4.44713],[29.81738,-4.44879],[29.81523,-4.44911],[29.80765,-4.44702],[29.80472,-4.44386],[29.79835,-4.4456],[29.79671,-4.44271],[29.79258,-4.44219],[29.78958,-4.4383],[29.78487,-4.43545],[29.78562,-4.42827],[29.78894,-4.42496],[29.79228,-4.42378],[29.79324,-4.42124],[29.79349,-4.41849],[29.7912,-4.41716],[29.79061,-4.41493],[29.79118,-4.40943],[29.7897,-4.40515],[29.79132,-4.40444],[29.79082,-4.40366],[29.79265,-4.40358],[29.79182,-4.40292],[29.79298,-4.40252],[29.79269,-4.40183],[29.79413,-4.40274],[29.79589,-4.40097],[29.79563,-4.39908],[29.7969,-4.39813],[29.79741,-4.39594],[29.79676,-4.39432],[29.79859,-4.39449],[29.79991,-4.39275],[29.79965,-4.39017],[29.80054,-4.39043],[29.80214,-4.38694],[29.80097,-4.38492],[29.80215,-4.38419],[29.80202,-4.38291],[29.80531,-4.3777],[29.80665,-4.37696],[29.80799,-4.37333],[29.8108,-4.37092],[29.81292,-4.36502],[29.81443,-4.36404],[29.81537,-4.36472],[29.81534,-4.3638],[29.81629,-4.36361],[29.81865,-4.3664],[29.82131,-4.36471],[29.82087,-4.36282],[29.82195,-4.36144],[29.82224,-4.36228],[29.82422,-4.3606],[29.82547,-4.36167],[29.82671,-4.36057]]]},"properties":{"region":"Kigoma","district":"Buhigwe","ward":"Mkatanga","ward_code":"161"}},{"type":"Feature","geometry":{"type":"Polygon","coordinates":[[[29.86939,-4.39285],[29.87152,-4.39235],[29.87246,-4.39476],[29.87625,-4.39859],[29.87521,-4.40423],[29.87748,-4.4058],[29.87711,-4.40882],[29.87938,-4.40864],[29.88422,-4.42689],[29.89038,-4.43725],[29.8921,-4.4369],[29.88324,-4.45501],[29.88122,-4.45545],[29.8819,-4.45607],[29.88077,-4.45595],[29.88011,-4.45832],[29.87811,-4.45884],[29.8787,-4.46007],[29.87806,-4.46089],[29.87681,-4.46133],[29.87616,-4.46018],[29.87461,-4.46096],[29.87369,-4.46029],[29.87295,-4.46226],[29.87386,-4.46346],[29.87483,-4.4628],[29.87411,-4.46444],[29.87553,-4.46556],[29.87472,-4.46579],[29.87617,-4.46666],[29.87552,-4.46712],[29.87692,-4.46689],[29.87598,-4.4683],[29.87814,-4.46853],[29.87782,-4.47022],[29.87909,-4.47088],[29.87866,-4.47188],[29.87983,-4.4735],[29.88128,-4.47311],[29.88436,-4.47471],[29.88394,-4.47619],[29.88063,-4.47759],[29.88017,-4.47976],[29.87614,-4.48521],[29.87442,-4.48942],[29.87137,-4.49273],[29.86985,-4.48864],[29.86847,-4.48818],[29.86752,-4.48613],[29.86858,-4.48591],[29.86841,-4.48326],[29.87105,-4.48207],[29.87178,-4.48276],[29.87342,-4.48058],[29.87302,-4.47979],[29.87064,-4.48064],[29.86986,-4.4778],[29.87152,-4.4782],[29.87137,-4.47733],[29.8723,-4.47727],[29.87342,-4.47803],[29.87379,-4.476],[29.87226,-4.47421],[29.87327,-4.47204],[29.86893,-4.47115],[29.86889,-4.46983],[29.86781,-4.46914],[29.86153,-4.46727],[29.86292,-4.46403],[29.85826,-4.46604],[29.8574,-4.46418],[29.85823,-4.46308],[29.8576,-4.46054],[29.85758,-4.46219],[29.85651,-4.46228],[29.85092,-4.45811],[29.84876,-4.45777],[29.84905,-4.45574],[29.85069,-4.45502],[29.84542,-4.45071],[29.84604,-4.44686],[29.83912,-4.44517],[29.82636,-4.43642],[29.8241,-4.43621],[29.82458,-4.43498],[29.82246,-4.43253],[29.82402,-4.43123],[29.82481,-4.42853],[29.82422,-4.42738],[29.82528,-4.42679],[29.82462,-4.42557],[29.82324,-4.4259],[29.82012,-4.41702],[29.82101,-4.4149],[29.82479,-4.41238],[29.8254,-4.41024],[29.82682,-4.40913],[29.82966,-4.40931],[29.83167,-4.4067],[29.84024,-4.40118],[29.86637,-4.39639],[29.8662,-4.39445],[29.86847,-4.39408],[29.86771,-4.39389],[29.86845,-4.3933],[29.86721,-4.39382],[29.86869,-4.39099],[29.87011,-4.39218],[29.86939,-4.39285]]]},"properties":{"region":"Kigoma","district":"Buhigwe","ward":"Kibwigwa","ward_code":"171"}},{"type":"Feature","geometry":{"type":"Polygon","coordinates":[[[29.85546,-4.54451],[29.85818,-4.54859],[29.86006,-4.54883],[29.86049,-4.55013],[29.86389,-4.55005],[29.8633,-4.55063],[29.86618,-4.55266],[29.86795,-4.54945],[29.87147,-4.55056],[29.8708,-4.55268],[29.8724,-4.55313],[29.87277,-4.5542],[29.87123,-4.55637],[29.87538,-4.5586],[29.87585,-4.56142],[29.87753,-4.56033],[29.8764,-4.55907],[29.87727,-4.55797],[29.87931,-4.55881],[29.878,-4.5602],[29.87786,-4.56375],[29.88048,-4.57196],[29.87908,-4.5742],[29.87957,-4.57583],[29.8756,-4.57595],[29.86773,-4.57903],[29.84588,-4.59592],[29.84066,-4.59839],[29.84001,-4.60035],[29.8345,-4.60456],[29.83327,-4.60308],[29.83121,-4.60256],[29.8297,-4.60345],[29.82826,-4.60252],[29.82894,-4.60044],[29.8282,-4.59902],[29.82629,-4.59806],[29.82491,-4.59917],[29.82425,-4.59841],[29.82508,-4.59771],[29.82177,-4.5957],[29.81757,-4.59029],[29.80793,-4.58412],[29.80651,-4.58487],[29.79839,-4.57279],[29.80565,-4.55884],[29.81488,-4.54688],[29.81863,-4.54834],[29.82443,-4.5548],[29.8235,-4.55664],[29.82434,-4.5565],[29.82566,-4.55937],[29.82453,-4.56131],[29.82723,-4.56213],[29.82706,-4.56361],[29.82898,-4.56485],[29.83096,-4.56331],[29.82983,-4.5603],[29.83155,-4.55785],[29.83393,-4.557],[29.83951,-4.55177],[29.84142,-4.54678],[29.84405,-4.54567],[29.84914,-4.54695],[29.85546,-4.54451]]]},"properties":{"region":"Kigoma","district":"Buhigwe","ward":"Mubanga","ward_code":"191"}},{"type":"Feature","geometry":{"type":"Polygon","coordinates":[[[29.85283,-4.63529],[29.85935,-4.64472],[29.85786,-4.64942],[29.8532,-4.65207],[29.85362,-4.65404],[29.85239,-4.65686],[29.84998,-4.65561],[29.84928,-4.65904],[29.84997,-4.66068],[29.8462,-4.66042],[29.84658,-4.66305],[29.84568,-4.66388],[29.8447,-4.66326],[29.84361,-4.66528],[29.84264,-4.66495],[29.83833,-4.66962],[29.8391,-4.67312],[29.83779,-4.67378],[29.8359,-4.67231],[29.83534,-4.67347],[29.83284,-4.67429],[29.83183,-4.67969],[29.82997,-4.68214],[29.8306,-4.6841],[29.83198,-4.68384],[29.833,-4.68502],[29.83148,-4.68658],[29.82988,-4.68668],[29.83017,-4.68926],[29.83234,-4.69091],[29.83284,-4.69273],[29.83159,-4.69811],[29.82843,-4.69798],[29.83019,-4.70028],[29.82888,-4.70307],[29.82729,-4.70337],[29.82579,-4.70649],[29.82387,-4.70634],[29.82067,-4.70946],[29.8221,-4.70766],[29.81844,-4.70111],[29.81111,-4.69913],[29.81448,-4.67849],[29.81406,-4.66106],[29.81621,-4.647],[29.81914,-4.64144],[29.83287,-4.6338],[29.85014,-4.63336],[29.85283,-4.63529]]]},"properties":{"region":"Kigoma","district":"Buhigwe","ward":"Kinazi","ward_code":"201"}},{"type":"Feature","geometry":{"type":"Polygon","coordinates":[[[30.86962,-2.94451],[30.88083,-2.9766],[30.88848,-2.99011],[30.89189,-2.99436],[30.89182,-2.99687],[30.8958,-3.00526],[30.89681,-3.01245],[30.91002,-3.02562],[30.90085,-3.03506],[30.89395,-3.03977],[30.88617,-3.04076],[30.87535,-3.04522],[30.86343,-3.0468],[30.85027,-3.053],[30.8461,-3.05645],[30.84503,-3.06066],[30.85025,-3.07142],[30.8418,-3.09105],[30.83593,-3.09493],[30.8339,-3.09121],[30.83338,-3.088],[30.83057,-3.08482],[30.81483,-3.08252],[30.80992,-3.07695],[30.80738,-3.07225],[30.80215,-3.06871],[30.79655,-3.05502],[30.79707,-3.05207],[30.80475,-3.04964],[30.80704,-3.04673],[30.81145,-3.04366],[30.81666,-3.03038],[30.81633,-3.02698],[30.82227,-3.01952],[30.82669,-3.00986],[30.83687,-2.99895],[30.84073,-2.98798],[30.85113,-2.97884],[30.85296,-2.96757],[30.86398,-2.95121],[30.86962,-2.94451]]]},"properties":{"region":"Kigoma","district":"Kakonko","ward":"Nyabibuye","ward_code":"011"}},{"type":"Feature","geometry":{"type":"Polygon","coordinates":[[[31.00714,-2.83192],[31.00944,-2.83379],[31.01151,-2.83407],[31.01185,-2.83809],[31.0134,-2.8392],[31.01291,-2.84126],[31.01805,-2.84422],[31.01936,-2.84635],[31.01982,-2.85014],[31.02276,-2.85021],[31.02372,-2.8523],[31.02546,-2.85304],[31.02755,-2.85743],[31.02921,-2.85854],[31.0281,-2.86352],[31.02842,-2.8727],[31.0376,-2.88031],[31.04011,-2.88687],[31.04976,-2.89828],[31.04601,-2.9127],[31.04693,-2.91551],[31.04879,-2.91671],[31.04947,-2.91935],[31.0489,-2.9255],[31.05717,-2.93019],[31.06404,-2.92682],[31.06696,-2.92951],[31.06562,-2.93423],[31.07108,-2.94335],[31.06981,-2.94766],[31.07224,-2.9553],[31.07588,-2.96161],[31.08132,-2.9659],[31.08151,-2.97102],[31.07909,-2.97486],[31.07894,-2.98228],[31.07699,-2.98632],[31.07562,-3.00021],[31.07097,-3.00575],[31.06966,-3.0171],[31.07162,-3.03438],[31.06064,-3.0413],[31.06154,-3.04967],[31.0543,-3.05881],[31.04984,-3.06922],[31.04288,-3.07032],[31.03532,-3.06774],[31.0214,-3.05811],[31.01222,-3.05775],[31.00035,-3.04381],[30.97862,-3.03668],[30.96658,-3.03128],[30.96175,-3.02626],[30.94551,-3.01726],[30.91382,-3.02362],[30.91002,-3.02562],[30.89681,-3.01245],[30.8958,-3.00526],[30.89182,-2.99687],[30.89189,-2.99436],[30.88848,-2.99011],[30.88083,-2.9766],[30.86962,-2.94451],[30.87549,-2.93751],[30.89093,-2.92905],[30.90021,-2.91392],[30.91141,-2.90299],[30.9194,-2.89091],[30.93267,-2.8833],[30.94031,-2.87643],[30.94201,-2.87712],[30.94604,-2.87249],[30.94837,-2.87123],[30.94873,-2.86909],[30.95575,-2.85986],[30.96181,-2.85438],[30.96857,-2.85524],[30.98126,-2.84512],[30.98881,-2.83663],[30.99382,-2.83565],[31.00107,-2.8323],[31.00714,-2.83192]]]},"properties":{"region":"Kigoma","district":"Kakonko","ward":"Nyamtukuza","ward_code":"021"}},{"type":"Feature","geometry":{"type":"Polygon","coordinates":[[[30.89437,-3.12344],[30.90941,-3.12995],[30.93486,-3.13524],[30.97059,-3.13595],[31.01545,-3.132],[31.01207,-3.15092],[31.00867,-3.15697],[31.00634,-3.16401],[30.99865,-3.16829],[30.99833,-3.17473],[30.99589,-3.17811],[30.9912,-3.18012],[30.98796,-3.17727],[30.9857,-3.16711],[30.98304,-3.16518],[30.97241,-3.16504],[30.97002,-3.166],[30.96402,-3.17164],[30.96236,-3.17544],[30.95961,-3.17839],[30.9552,-3.17538],[30.94764,-3.17686],[30.94424,-3.17435],[30.92415,-3.17725],[30.90153,-3.17194],[30.89519,-3.17288],[30.8869,-3.16987],[30.88163,-3.16936],[30.87421,-3.17653],[30.86724,-3.18626],[30.86452,-3.18835],[30.86502,-3.19092],[30.86287,-3.19303],[30.86292,-3.19507],[30.861,-3.19583],[30.85929,-3.19835],[30.85293,-3.20339],[30.8466,-3.20702],[30.84019,-3.19858],[30.83794,-3.19335],[30.83893,-3.18621],[30.84258,-3.17809],[30.84296,-3.17114],[30.84551,-3.1664],[30.84542,-3.16154],[30.84323,-3.15816],[30.85076,-3.15117],[30.85969,-3.14501],[30.86455,-3.14588],[30.87011,-3.14311],[30.87572,-3.14294],[30.87693,-3.13943],[30.87587,-3.13688],[30.87612,-3.13445],[30.87901,-3.13213],[30.87928,-3.13069],[30.87801,-3.12885],[30.87914,-3.12755],[30.87902,-3.12598],[30.88897,-3.12637],[30.89437,-3.12344]]]},"properties":{"region":"Kigoma","district":"Kakonko","ward":"Muhange","ward_code":"031"}},{"type":"Feature","geometry":{"type":"Polygon","coordinates":[[[30.94551,-3.01726],[30.96175,-3.02626],[30.96658,-3.03128],[30.97862,-3.03668],[31.00035,-3.04381],[31.01222,-3.05775],[31.0214,-3.05811],[31.03532,-3.06774],[31.04288,-3.07032],[31.04984,-3.06922],[31.04992,-3.0759],[31.04292,-3.07871],[31.03998,-3.08407],[31.04175,-3.08681],[31.0383,-3.09129],[31.03432,-3.09193],[31.0365,-3.09953],[31.03372,-3.10294],[31.03047,-3.10471],[31.02812,-3.11204],[31.02079,-3.1262],[31.01545,-3.132],[30.97059,-3.13595],[30.93486,-3.13524],[30.90941,-3.12995],[30.89437,-3.12344],[30.88897,-3.12637],[30.87902,-3.12598],[30.87914,-3.12755],[30.87801,-3.12885],[30.87928,-3.13069],[30.87901,-3.13213],[30.87612,-3.13445],[30.87587,-3.13688],[30.87693,-3.13943],[30.87572,-3.14294],[30.87011,-3.14311],[30.86455,-3.14588],[30.85969,-3.14501],[30.85076,-3.15117],[30.84323,-3.15816],[30.83725,-3.1486],[30.83544,-3.14755],[30.83445,-3.1443],[30.82183,-3.15089],[30.81855,-3.14741],[30.8212,-3.14209],[30.82521,-3.13849],[30.8295,-3.12977],[30.82904,-3.12704],[30.83158,-3.12218],[30.83271,-3.11462],[30.83165,-3.11188],[30.83296,-3.10805],[30.83137,-3.10443],[30.83273,-3.101],[30.83573,-3.09746],[30.83593,-3.09493],[30.8418,-3.09105],[30.85025,-3.07142],[30.84503,-3.06066],[30.8461,-3.05645],[30.85027,-3.053],[30.86343,-3.0468],[30.87535,-3.04522],[30.88617,-3.04076],[30.89395,-3.03977],[30.90085,-3.03506],[30.90898,-3.02616],[30.91382,-3.02362],[30.94551,-3.01726]]]},"properties":{"region":"Kigoma","district":"Kakonko","ward":"Gwarama","ward_code":"131"}},{"type":"Feature","geometry":{"type":"Polygon","coordinates":[[[30.99176,-3.24814],[30.98546,-3.25556],[30.98614,-3.25795],[30.98496,-3.26344],[30.97821,-3.27444],[30.98276,-3.27801],[30.98375,-3.28049],[30.9881,-3.2846],[30.99033,-3.28469],[30.99201,-3.28698],[30.99768,-3.28469],[31.0056,-3.28886],[31.01169,-3.29068],[31.04225,-3.3053],[31.05089,-3.30778],[31.06203,-3.31747],[31.08586,-3.32687],[31.1347,-3.3327],[31.13407,-3.33339],[31.13557,-3.33439],[31.13549,-3.33888],[31.13708,-3.33862],[31.13898,-3.34008],[31.13774,-3.34111],[31.13868,-3.34237],[31.13763,-3.34344],[31.13971,-3.34456],[31.14004,-3.3463],[31.14151,-3.34577],[31.14353,-3.34947],[31.14345,-3.35225],[31.1446,-3.3544],[31.14541,-3.35419],[31.14572,-3.35606],[31.14712,-3.35603],[31.15266,-3.36554],[31.15074,-3.36755],[31.15146,-3.37267],[31.15061,-3.37374],[31.10423,-3.36443],[31.04648,-3.34614],[31.03679,-3.34632],[31.02242,-3.34237],[31.00687,-3.33301],[30.9839,-3.32251],[30.98056,-3.32221],[30.97144,-3.31882],[30.96192,-3.31383],[30.95675,-3.31257],[30.94907,-3.30702],[30.94916,-3.30546],[30.95144,-3.30377],[30.9476,-3.29983],[30.935,-3.29395],[30.93208,-3.29013],[30.92658,-3.28639],[30.92125,-3.28011],[30.91635,-3.27189],[30.92909,-3.26802],[30.93622,-3.26695],[30.94163,-3.26417],[30.94388,-3.25828],[30.95084,-3.25114],[30.97078,-3.2464],[30.97942,-3.2418],[30.98639,-3.24235],[30.9891,-3.24362],[30.99176,-3.24814]]]},"properties":{"region":"Kigoma","district":"Kakonko","ward":"Kakonko","ward_code":"053"}},{"type":"Feature","geometry":{"type":"Polygon","coordinates":[[[31.02242,-3.34237],[31.03679,-3.34632],[31.04648,-3.34614],[31.10423,-3.36443],[31.15061,-3.37374],[31.15069,-3.37591],[31.15243,-3.37551],[31.15311,-3.37637],[31.15301,-3.37742],[31.15227,-3.37706],[31.1515,-3.37811],[31.15156,-3.38063],[31.15516,-3.38232],[31.15753,-3.39207],[31.16051,-3.39548],[31.16214,-3.39517],[31.16211,-3.39624],[31.16353,-3.39588],[31.16608,-3.39712],[31.16654,-3.3991],[31.17006,-3.40196],[31.17038,-3.40297],[31.16799,-3.404],[31.16734,-3.40269],[31.16525,-3.40508],[31.16629,-3.40622],[31.16559,-3.40697],[31.16677,-3.41019],[31.1703,-3.41309],[31.17227,-3.41755],[31.17465,-3.41761],[31.17474,-3.41867],[31.17641,-3.4192],[31.17813,-3.4181],[31.18235,-3.41878],[31.18292,-3.41975],[31.18586,-3.41925],[31.18899,-3.42149],[31.18911,-3.42306],[31.19273,-3.42391],[31.19314,-3.42741],[31.19475,-3.42843],[31.19418,-3.43216],[31.19536,-3.43291],[31.19559,-3.43444],[31.19645,-3.43444],[31.19579,-3.43643],[31.1972,-3.44097],[31.19633,-3.44163],[31.19661,-3.44434],[31.19795,-3.44548],[31.19461,-3.45235],[31.1672,-3.42004],[31.13658,-3.40467],[31.09636,-3.40349],[31.05135,-3.37494],[31.02602,-3.38604],[30.99763,-3.395],[30.9883,-3.40178],[30.98426,-3.41166],[30.97918,-3.41899],[30.97559,-3.42183],[30.96601,-3.42482],[30.95876,-3.42496],[30.95879,-3.42134],[30.95163,-3.40566],[30.94636,-3.39924],[30.94368,-3.39373],[30.9406,-3.39187],[30.93821,-3.38755],[30.93804,-3.378],[30.94534,-3.36385],[30.94345,-3.35483],[30.94152,-3.35354],[30.94118,-3.35589],[30.93866,-3.35501],[30.93353,-3.35612],[30.93177,-3.35554],[30.93171,-3.35421],[30.92948,-3.35443],[30.92877,-3.35563],[30.9279,-3.35372],[30.92621,-3.35367],[30.92619,-3.35469],[30.9254,-3.35405],[30.92491,-3.35494],[30.92337,-3.35355],[30.92276,-3.35623],[30.92128,-3.35518],[30.92076,-3.35597],[30.91994,-3.35542],[30.91805,-3.35754],[30.9146,-3.3565],[30.91235,-3.35674],[30.91207,-3.35776],[30.9097,-3.3571],[30.90839,-3.35797],[30.90215,-3.35385],[30.9028,-3.35212],[30.90151,-3.35084],[30.90066,-3.35063],[30.90017,-3.35162],[30.89189,-3.35147],[30.88512,-3.34427],[30.88374,-3.33797],[30.87908,-3.33546],[30.87063,-3.3224],[30.87174,-3.31459],[30.86941,-3.29807],[30.87832,-3.29066],[30.88291,-3.28974],[30.89038,-3.28578],[30.89814,-3.27763],[30.90824,-3.27282],[30.91635,-3.27189],[30.92125,-3.28011],[30.92658,-3.28639],[30.93208,-3.29013],[30.935,-3.29395],[30.9476,-3.29983],[30.95144,-3.30377],[30.94916,-3.30546],[30.94907,-3.30702],[30.95675,-3.31257],[30.96192,-3.31383],[30.97144,-3.31882],[30.98056,-3.32221],[30.9839,-3.32251],[31.00687,-3.33301],[31.02242,-3.34237]]]},"properties":{"region":"Kigoma","district":"Kakonko","ward":"Kiziguzigu","ward_code":"061"}},{"type":"Feature","geometry":{"type":"Polygon","coordinates":[[[31.06942,-3.18292],[31.07035,-3.18429],[31.07315,-3.18498],[31.08119,-3.18354],[31.08484,-3.18907],[31.08786,-3.1904],[31.10747,-3.20941],[31.12152,-3.23447],[31.11639,-3.2609],[31.11841,-3.2798],[31.12367,-3.30233],[31.12424,-3.31133],[31.13139,-3.31761],[31.133,-3.3225],[31.13196,-3.32681],[31.1323,-3.32953],[31.13499,-3.33084],[31.13426,-3.33129],[31.1347,-3.3327],[31.08586,-3.32687],[31.06203,-3.31747],[31.05089,-3.30778],[31.04225,-3.3053],[30.99768,-3.28469],[30.99201,-3.28698],[30.99033,-3.28469],[30.9881,-3.2846],[30.98545,-3.28241],[30.98276,-3.27801],[30.97821,-3.27444],[30.98496,-3.26344],[30.98614,-3.25795],[30.98546,-3.25556],[30.99176,-3.24814],[30.9891,-3.24362],[30.98639,-3.24235],[30.97942,-3.2418],[30.97605,-3.22792],[30.9782,-3.22137],[30.98447,-3.21405],[30.99017,-3.20383],[30.99157,-3.19499],[30.99263,-3.19585],[30.99961,-3.19579],[31.00134,-3.19453],[31.00278,-3.19474],[31.00537,-3.20041],[31.01384,-3.20018],[31.01348,-3.20161],[31.00765,-3.2065],[31.00735,-3.21027],[31.00811,-3.21279],[31.00988,-3.21245],[31.00984,-3.21338],[31.01185,-3.21258],[31.01288,-3.2153],[31.01451,-3.21486],[31.01379,-3.21633],[31.01625,-3.21688],[31.0183,-3.21457],[31.01905,-3.21639],[31.02502,-3.21161],[31.0323,-3.20917],[31.0315,-3.20491],[31.02933,-3.20233],[31.02953,-3.19892],[31.03157,-3.19531],[31.03398,-3.19371],[31.03604,-3.18753],[31.03912,-3.1866],[31.0449,-3.18891],[31.04736,-3.1846],[31.05503,-3.18361],[31.05674,-3.18479],[31.05844,-3.18352],[31.06257,-3.18307],[31.06249,-3.1817],[31.06504,-3.18102],[31.06942,-3.18292]]]},"properties":{"region":"Kigoma","district":"Kakonko","ward":"Kanyonza","ward_code":"121"}},{"type":"Feature","geometry":{"type":"Polygon","coordinates":[[[30.98796,-3.17727],[30.99186,-3.181],[30.98867,-3.18224],[30.98998,-3.18277],[30.98984,-3.18357],[30.98816,-3.1841],[30.98852,-3.18568],[30.98996,-3.18665],[30.98907,-3.18938],[30.99061,-3.19103],[30.99157,-3.19499],[30.99017,-3.20383],[30.98447,-3.21405],[30.9782,-3.22137],[30.97605,-3.22792],[30.97942,-3.2418],[30.97078,-3.2464],[30.95084,-3.25114],[30.94388,-3.25828],[30.94163,-3.26417],[30.93622,-3.26695],[30.92909,-3.26802],[30.91635,-3.27189],[30.90824,-3.27282],[30.89814,-3.27763],[30.89038,-3.28578],[30.88544,-3.28848],[30.87551,-3.23071],[30.86979,-3.23486],[30.86581,-3.23978],[30.85928,-3.24234],[30.85706,-3.2447],[30.85065,-3.24611],[30.84146,-3.25345],[30.83681,-3.25409],[30.82581,-3.24749],[30.82235,-3.24157],[30.81992,-3.24034],[30.8203,-3.23752],[30.81881,-3.2368],[30.81727,-3.23314],[30.81541,-3.2305],[30.81304,-3.22944],[30.8118,-3.22298],[30.81523,-3.22299],[30.81662,-3.22182],[30.81803,-3.21714],[30.82125,-3.21358],[30.82632,-3.21393],[30.84097,-3.20697],[30.84651,-3.20709],[30.85929,-3.19835],[30.861,-3.19583],[30.86292,-3.19507],[30.86287,-3.19303],[30.86502,-3.19092],[30.86452,-3.18835],[30.86724,-3.18626],[30.87421,-3.17653],[30.88163,-3.16936],[30.8869,-3.16987],[30.89519,-3.17288],[30.90153,-3.17194],[30.92415,-3.17725],[30.94424,-3.17435],[30.94764,-3.17686],[30.9552,-3.17538],[30.95961,-3.17839],[30.96236,-3.17544],[30.96402,-3.17164],[30.97002,-3.166],[30.97241,-3.16504],[30.98304,-3.16518],[30.9857,-3.16711],[30.98796,-3.17727]]]},"properties":{"region":"Kigoma","district":"Kakonko","ward":"Kasuga","ward_code":"041"}},{"type":"Feature","geometry":{"type":"Polygon","coordinates":[[[30.87551,-3.23071],[30.88544,-3.28848],[30.87832,-3.29066],[30.8694,-3.29808],[30.85707,-3.30476],[30.83639,-3.30588],[30.83141,-3.30752],[30.82248,-3.30763],[30.8204,-3.30939],[30.81619,-3.31683],[30.79717,-3.33352],[30.78966,-3.33628],[30.78476,-3.33947],[30.77542,-3.33569],[30.77434,-3.33166],[30.77283,-3.33001],[30.76595,-3.33312],[30.76078,-3.33228],[30.75805,-3.33062],[30.75667,-3.33112],[30.75551,-3.32999],[30.75282,-3.32959],[30.75153,-3.33067],[30.74938,-3.33067],[30.74558,-3.3297],[30.74314,-3.32815],[30.74021,-3.32203],[30.74166,-3.31941],[30.7449,-3.3166],[30.74428,-3.31379],[30.74266,-3.31184],[30.72941,-3.30053],[30.72285,-3.30195],[30.72115,-3.3012],[30.72334,-3.29457],[30.72679,-3.28987],[30.72894,-3.28852],[30.72987,-3.2861],[30.72959,-3.27473],[30.73147,-3.27244],[30.73469,-3.27156],[30.7405,-3.26725],[30.74065,-3.26553],[30.74472,-3.26844],[30.74601,-3.27267],[30.74575,-3.2831],[30.7492,-3.28815],[30.75613,-3.29282],[30.76396,-3.29215],[30.76877,-3.28773],[30.77365,-3.28496],[30.79079,-3.27879],[30.79797,-3.27915],[30.80132,-3.2733],[30.81021,-3.26998],[30.81736,-3.26489],[30.82674,-3.26293],[30.83947,-3.25667],[30.84146,-3.25345],[30.85065,-3.24611],[30.85706,-3.2447],[30.85928,-3.24234],[30.86581,-3.23978],[30.86979,-3.23486],[30.87551,-3.23071]]]},"properties":{"region":"Kigoma","district":"Kakonko","ward":"Rugenge","ward_code":"071"}},{"type":"Feature","geometry":{"type":"Polygon","coordinates":[[[30.89189,-3.35147],[30.90151,-3.35084],[30.9028,-3.35212],[30.90215,-3.35385],[30.90839,-3.35797],[30.9097,-3.3571],[30.91207,-3.35776],[30.91235,-3.35674],[30.9146,-3.3565],[30.91805,-3.35754],[30.91994,-3.35542],[30.92076,-3.35597],[30.92128,-3.35518],[30.92276,-3.35623],[30.92337,-3.35355],[30.92491,-3.35494],[30.9254,-3.35405],[30.92619,-3.35469],[30.92621,-3.35367],[30.9279,-3.35372],[30.92877,-3.35563],[30.92948,-3.35443],[30.93171,-3.35421],[30.93177,-3.35554],[30.93353,-3.35612],[30.93866,-3.35501],[30.94118,-3.35589],[30.94152,-3.35354],[30.94304,-3.35427],[30.94534,-3.36385],[30.93804,-3.378],[30.93821,-3.38755],[30.9406,-3.39187],[30.94368,-3.39373],[30.94636,-3.39924],[30.95163,-3.40566],[30.95879,-3.42134],[30.95876,-3.42496],[30.95717,-3.42429],[30.95226,-3.42783],[30.94383,-3.43111],[30.9327,-3.44781],[30.92878,-3.44813],[30.92598,-3.45284],[30.92343,-3.46021],[30.91942,-3.46071],[30.91102,-3.47117],[30.90088,-3.47915],[30.90032,-3.4856],[30.8972,-3.48725],[30.89259,-3.48771],[30.88326,-3.49101],[30.87856,-3.49649],[30.87169,-3.49801],[30.84466,-3.5215],[30.83728,-3.52244],[30.8299,-3.51384],[30.82192,-3.51454],[30.81337,-3.50248],[30.80981,-3.50445],[30.80396,-3.50506],[30.7965,-3.50442],[30.79004,-3.4999],[30.78752,-3.4945],[30.78112,-3.49269],[30.78111,-3.48686],[30.77078,-3.4662],[30.7703,-3.46003],[30.77142,-3.45645],[30.77782,-3.44425],[30.78251,-3.43169],[30.79988,-3.41529],[30.8043,-3.40806],[30.80941,-3.40421],[30.81419,-3.39882],[30.82357,-3.39082],[30.82658,-3.38953],[30.83211,-3.38424],[30.83756,-3.3816],[30.83587,-3.37937],[30.82491,-3.3747],[30.81331,-3.36773],[30.80204,-3.35495],[30.79717,-3.33352],[30.81619,-3.31683],[30.8204,-3.30939],[30.82248,-3.30763],[30.83141,-3.30752],[30.83639,-3.30588],[30.85707,-3.30476],[30.86941,-3.29807],[30.87174,-3.31459],[30.87063,-3.3224],[30.87908,-3.33546],[30.88374,-3.33797],[30.88512,-3.34427],[30.89189,-3.35147]]]},"properties":{"region":"Kigoma","district":"Kakonko","ward":"Kasanda","ward_code":"081"}},{"type":"Feature","geometry":{"type":"Polygon","coordinates":[[[30.72941,-3.30053],[30.73338,-3.30444],[30.73963,-3.3086],[30.74428,-3.31379],[30.7449,-3.3166],[30.74166,-3.31941],[30.74021,-3.32203],[30.74314,-3.32815],[30.74558,-3.3297],[30.74938,-3.33067],[30.75153,-3.33067],[30.75282,-3.32959],[30.75551,-3.32999],[30.75667,-3.33112],[30.75805,-3.33062],[30.76078,-3.33228],[30.76595,-3.33312],[30.77283,-3.33001],[30.77434,-3.33166],[30.77542,-3.33569],[30.78476,-3.33947],[30.78966,-3.33628],[30.79717,-3.33352],[30.80204,-3.35495],[30.81331,-3.36773],[30.82491,-3.3747],[30.83587,-3.37937],[30.83756,-3.3816],[30.83211,-3.38424],[30.82658,-3.38953],[30.82357,-3.39082],[30.81419,-3.39882],[30.80941,-3.40421],[30.8043,-3.40806],[30.79988,-3.41529],[30.78251,-3.43169],[30.77782,-3.44425],[30.77142,-3.45645],[30.76032,-3.45856],[30.74267,-3.47238],[30.73006,-3.47746],[30.72297,-3.457],[30.71247,-3.43294],[30.69347,-3.41297],[30.67687,-3.40182],[30.67768,-3.39802],[30.67457,-3.395],[30.67481,-3.3938],[30.67372,-3.3927],[30.67205,-3.39193],[30.67078,-3.39249],[30.66962,-3.39017],[30.66724,-3.38858],[30.6553,-3.38332],[30.64692,-3.38557],[30.64625,-3.3833],[30.64727,-3.37966],[30.6445,-3.37149],[30.6451,-3.36692],[30.64188,-3.36176],[30.6369,-3.35692],[30.64169,-3.35019],[30.64294,-3.34918],[30.64449,-3.34978],[30.64774,-3.34762],[30.64828,-3.34448],[30.65275,-3.33888],[30.65549,-3.33809],[30.66209,-3.33131],[30.66167,-3.32771],[30.66672,-3.32002],[30.68218,-3.31798],[30.6888,-3.3148],[30.69596,-3.31284],[30.69981,-3.30986],[30.70731,-3.30955],[30.71296,-3.30445],[30.71924,-3.30313],[30.72115,-3.3012],[30.72285,-3.30195],[30.72941,-3.30053]]]},"properties":{"region":"Kigoma","district":"Kakonko","ward":"Gwanumpu","ward_code":"091"}},{"type":"Feature","geometry":{"type":"Polygon","coordinates":[[[30.71634,-3.4409],[30.73006,-3.47746],[30.7237,-3.48381],[30.71524,-3.48838],[30.71178,-3.49208],[30.70415,-3.49524],[30.69383,-3.5018],[30.68011,-3.5063],[30.67553,-3.50653],[30.66797,-3.50864],[30.66325,-3.51196],[30.65395,-3.51004],[30.65122,-3.51034],[30.653,-3.50105],[30.64941,-3.49528],[30.64457,-3.49124],[30.64522,-3.48871],[30.64378,-3.48691],[30.63631,-3.48747],[30.6331,-3.48469],[30.63082,-3.48006],[30.63008,-3.47467],[30.62239,-3.47417],[30.61974,-3.47201],[30.61788,-3.46602],[30.62219,-3.46298],[30.6219,-3.46238],[30.62958,-3.45844],[30.63327,-3.45494],[30.63598,-3.45484],[30.63948,-3.44844],[30.64302,-3.44484],[30.64511,-3.44477],[30.64553,-3.44166],[30.64853,-3.44185],[30.65804,-3.43385],[30.66176,-3.43206],[30.66335,-3.42774],[30.66691,-3.42283],[30.67017,-3.42249],[30.67248,-3.41805],[30.6718,-3.41631],[30.67385,-3.41342],[30.67235,-3.40829],[30.67687,-3.40182],[30.69347,-3.41297],[30.71247,-3.43294],[30.71634,-3.4409]]]},"properties":{"region":"Kigoma","district":"Kakonko","ward":"Katanga","ward_code":"101"}},{"type":"Feature","geometry":{"type":"Polygon","coordinates":[[[30.60889,-3.46562],[30.61788,-3.46602],[30.61974,-3.47201],[30.62239,-3.47417],[30.63008,-3.47467],[30.63082,-3.48006],[30.6331,-3.48469],[30.63631,-3.48747],[30.64378,-3.48691],[30.64522,-3.48871],[30.64457,-3.49124],[30.64941,-3.49528],[30.653,-3.50105],[30.65122,-3.51034],[30.649,-3.50968],[30.64505,-3.51051],[30.64304,-3.50836],[30.64102,-3.50859],[30.63643,-3.50699],[30.63475,-3.50832],[30.63429,-3.51018],[30.63189,-3.5108],[30.63039,-3.50927],[30.6283,-3.50962],[30.62773,-3.51176],[30.62608,-3.51227],[30.62581,-3.51122],[30.62391,-3.51142],[30.62412,-3.51256],[30.6233,-3.51279],[30.62144,-3.51197],[30.62124,-3.51425],[30.62009,-3.51452],[30.61933,-3.51342],[30.61839,-3.51387],[30.61822,-3.51542],[30.61638,-3.51476],[30.61682,-3.51323],[30.61398,-3.51298],[30.61513,-3.51453],[30.61368,-3.51487],[30.61313,-3.51698],[30.61087,-3.51764],[30.61033,-3.5169],[30.61197,-3.51517],[30.61142,-3.51404],[30.60796,-3.51607],[30.60742,-3.51512],[30.60489,-3.51624],[30.60711,-3.51817],[30.60608,-3.51971],[30.60679,-3.52103],[30.60499,-3.52212],[30.60221,-3.52089],[30.60132,-3.52273],[30.59997,-3.52287],[30.60001,-3.524],[30.6008,-3.52403],[30.59929,-3.52627],[30.59691,-3.52624],[30.59662,-3.52481],[30.59583,-3.52559],[30.59296,-3.52508],[30.59159,-3.52712],[30.58813,-3.52631],[30.58746,-3.52923],[30.58398,-3.5338],[30.57916,-3.53317],[30.5755,-3.53107],[30.57504,-3.53285],[30.57271,-3.53432],[30.57227,-3.53801],[30.57084,-3.53787],[30.57103,-3.53691],[30.56958,-3.53586],[30.56771,-3.53612],[30.56968,-3.53929],[30.56856,-3.54114],[30.56637,-3.54008],[30.5666,-3.53755],[30.56394,-3.53765],[30.56472,-3.53892],[30.56325,-3.5412],[30.56498,-3.54424],[30.56204,-3.54199],[30.56093,-3.54375],[30.55834,-3.54347],[30.55742,-3.54238],[30.55641,-3.54425],[30.55474,-3.54443],[30.55281,-3.54295],[30.55191,-3.54386],[30.55094,-3.54147],[30.5495,-3.54146],[30.54755,-3.54367],[30.54843,-3.54452],[30.5478,-3.5453],[30.5434,-3.54692],[30.546,-3.55055],[30.54781,-3.55118],[30.54902,-3.55388],[30.54762,-3.5548],[30.54657,-3.5584],[30.54007,-3.55853],[30.54134,-3.56161],[30.53926,-3.56438],[30.53605,-3.566],[30.53419,-3.57235],[30.53536,-3.57535],[30.53507,-3.57772],[30.53134,-3.5783],[30.52968,-3.57958],[30.53004,-3.58221],[30.52927,-3.58247],[30.5291,-3.5845],[30.52727,-3.58377],[30.52586,-3.58472],[30.5277,-3.58615],[30.52681,-3.58896],[30.52779,-3.5904],[30.52635,-3.59202],[30.52635,-3.59343],[30.5243,-3.59416],[30.52269,-3.58898],[30.51804,-3.58173],[30.514,-3.57247],[30.51436,-3.56922],[30.5121,-3.56627],[30.51227,-3.56348],[30.50944,-3.56258],[30.50978,-3.55964],[30.5042,-3.5557],[30.5037,-3.55432],[30.50439,-3.55271],[30.50338,-3.54619],[30.50502,-3.54417],[30.50298,-3.54262],[30.50346,-3.5402],[30.50497,-3.54017],[30.50458,-3.53886],[30.5064,-3.53732],[30.50861,-3.53179],[30.5108,-3.52939],[30.51561,-3.52731],[30.52094,-3.5211],[30.52624,-3.51121],[30.53034,-3.5083],[30.53435,-3.50188],[30.54091,-3.50138],[30.54501,-3.49818],[30.55587,-3.49526],[30.56245,-3.49182],[30.56506,-3.4934],[30.56712,-3.48887],[30.57049,-3.48861],[30.57491,-3.4864],[30.57582,-3.48422],[30.57754,-3.48658],[30.58106,-3.484],[30.58413,-3.48429],[30.58597,-3.48095],[30.59288,-3.47542],[30.59492,-3.47229],[30.60889,-3.46562]]]},"properties":{"region":"Kigoma","district":"Kakonko","ward":"Mugunzu","ward_code":"111"}}]}