{"type":"FeatureCollection","features":[{"type":"Feature","geometry":{"type":"Polygon","coordinates":[[[37.38691,-2.88678],[37.43747,-2.91291],[37.51731,-2.95756],[37.51597,-2.95874],[37.51575,-2.96193],[37.5072,-2.96932],[37.50452,-2.97494],[37.50143,-2.97687],[37.49914,-2.98012],[37.49039,-2.98528],[37.46305,-2.99291],[37.44948,-3.00238],[37.44453,-3.01134],[37.43247,-3.01965],[37.41941,-3.03585],[37.41107,-3.05423],[37.39628,-3.0787],[37.35301,-3.12907],[37.33419,-3.10683],[37.30903,-3.08132],[37.28153,-3.03418],[37.27655,-3.01812],[37.27239,-2.99918],[37.26486,-2.97708],[37.25135,-2.92795],[37.25338,-2.89934],[37.25369,-2.86558],[37.25174,-2.85466],[37.32361,-2.87238],[37.38691,-2.88678]]]},"properties":{"region":"Kilimanjaro","district":"Rombo","ward":"Motamburu Kitendeni","ward_code":"011"}},{"type":"Feature","geometry":{"type":"Polygon","coordinates":[[[37.57689,-2.9962],[37.62172,-3.02596],[37.6216,-3.0278],[37.61598,-3.02812],[37.61198,-3.02663],[37.60433,-3.02719],[37.60407,-3.02621],[37.59461,-3.02433],[37.58692,-3.02446],[37.58489,-3.02581],[37.58005,-3.02658],[37.5827,-3.0322],[37.58499,-3.03293],[37.58897,-3.03704],[37.59301,-3.04406],[37.5929,-3.0464],[37.58922,-3.04768],[37.58,-3.04496],[37.57714,-3.04601],[37.57518,-3.04491],[37.57017,-3.046],[37.56764,-3.04435],[37.56067,-3.04512],[37.55865,-3.04411],[37.55631,-3.04523],[37.55242,-3.04966],[37.54772,-3.05161],[37.54155,-3.05703],[37.53608,-3.05932],[37.53418,-3.06314],[37.52275,-3.06656],[37.51734,-3.07289],[37.4951,-3.09285],[37.47156,-3.10243],[37.45201,-3.11698],[37.43957,-3.12152],[37.41174,-3.14104],[37.39551,-3.16115],[37.38949,-3.1665],[37.3789,-3.15565],[37.47792,-3.07441],[37.49233,-3.0714],[37.49816,-3.06793],[37.50181,-3.05997],[37.50526,-3.0562],[37.5124,-3.0526],[37.5131,-3.05069],[37.52081,-3.05039],[37.52732,-3.04386],[37.5303,-3.04343],[37.53215,-3.04187],[37.53975,-3.03905],[37.53975,-3.03724],[37.54237,-3.03713],[37.54352,-3.03451],[37.54522,-3.03335],[37.5448,-3.03264],[37.54683,-3.03229],[37.54739,-3.03015],[37.54657,-3.02588],[37.54844,-3.02447],[37.54996,-3.02132],[37.55223,-3.02147],[37.55394,-3.01973],[37.55573,-3.02056],[37.56056,-3.01727],[37.55958,-3.01413],[37.56167,-3.00854],[37.56377,-3.008],[37.56509,-3.00488],[37.5725,-3.00108],[37.57243,-3.00023],[37.57689,-2.9962]]]},"properties":{"region":"Kilimanjaro","district":"Rombo","ward":"Nanjara","ward_code":"031"}},{"type":"Feature","geometry":{"type":"Polygon","coordinates":[[[37.59634,-3.02454],[37.60407,-3.02621],[37.60433,-3.02719],[37.61198,-3.02663],[37.61598,-3.02812],[37.6216,-3.0278],[37.62172,-3.02596],[37.64886,-3.04451],[37.64216,-3.04899],[37.64008,-3.05337],[37.63746,-3.05517],[37.63618,-3.05338],[37.63727,-3.04985],[37.63662,-3.04854],[37.63102,-3.04623],[37.62976,-3.04483],[37.62072,-3.04416],[37.60976,-3.0472],[37.60024,-3.04598],[37.5929,-3.0464],[37.59301,-3.04406],[37.58897,-3.03704],[37.58499,-3.03293],[37.5827,-3.0322],[37.58005,-3.02658],[37.58489,-3.02581],[37.58692,-3.02446],[37.59634,-3.02454]]]},"properties":{"region":"Kilimanjaro","district":"Rombo","ward":"Reha","ward_code":"041"}},{"type":"Feature","geometry":{"type":"Polygon","coordinates":[[[37.55865,-3.04411],[37.56067,-3.04512],[37.56764,-3.04435],[37.57017,-3.046],[37.57518,-3.04491],[37.57714,-3.04601],[37.58,-3.04496],[37.58922,-3.04768],[37.59209,-3.04639],[37.59846,-3.04592],[37.60976,-3.0472],[37.62072,-3.04416],[37.62976,-3.04483],[37.63102,-3.04623],[37.63662,-3.04854],[37.63727,-3.04985],[37.63618,-3.05338],[37.63809,-3.05565],[37.63633,-3.05639],[37.63022,-3.06258],[37.63117,-3.06384],[37.62541,-3.06473],[37.61669,-3.06974],[37.61433,-3.06939],[37.61013,-3.07121],[37.60367,-3.0707],[37.59649,-3.07519],[37.59569,-3.06621],[37.59215,-3.06616],[37.58756,-3.06778],[37.57535,-3.06856],[37.57391,-3.07109],[37.55638,-3.07741],[37.52483,-3.0995],[37.5042,-3.11042],[37.49738,-3.11072],[37.48918,-3.11367],[37.48199,-3.11481],[37.47059,-3.11174],[37.46565,-3.10683],[37.47156,-3.10243],[37.4951,-3.09285],[37.51734,-3.07289],[37.52275,-3.06656],[37.53418,-3.06314],[37.53608,-3.05932],[37.54155,-3.05703],[37.54772,-3.05161],[37.55242,-3.04966],[37.5548,-3.04619],[37.55865,-3.04411]]]},"properties":{"region":"Kilimanjaro","district":"Rombo","ward":"Ubetu Kahe","ward_code":"051"}},{"type":"Feature","geometry":{"type":"Polygon","coordinates":[[[37.58756,-3.06778],[37.59569,-3.06621],[37.59597,-3.06731],[37.59649,-3.07519],[37.60367,-3.0707],[37.61013,-3.07121],[37.61433,-3.06939],[37.61669,-3.06974],[37.62337,-3.06611],[37.62565,-3.0745],[37.62554,-3.07869],[37.62268,-3.07802],[37.62132,-3.07925],[37.61505,-3.07976],[37.61203,-3.08146],[37.59676,-3.082],[37.59706,-3.08434],[37.59622,-3.0859],[37.59888,-3.08751],[37.60007,-3.08954],[37.59891,-3.09055],[37.59396,-3.09037],[37.58734,-3.08781],[37.58026,-3.08916],[37.57354,-3.0888],[37.57171,-3.08749],[37.56671,-3.08838],[37.53152,-3.10241],[37.51483,-3.11018],[37.49439,-3.11497],[37.48918,-3.11367],[37.49738,-3.11072],[37.5042,-3.11042],[37.52483,-3.0995],[37.55638,-3.07741],[37.57391,-3.07109],[37.57535,-3.06856],[37.58756,-3.06778]]]},"properties":{"region":"Kilimanjaro","district":"Rombo","ward":"Kitirima","ward_code":"061"}},{"type":"Feature","geometry":{"type":"Polygon","coordinates":[[[37.67269,-3.06084],[37.67704,-3.08738],[37.67565,-3.0875],[37.6705,-3.08286],[37.66855,-3.08284],[37.66622,-3.0839],[37.66024,-3.08388],[37.64105,-3.08728],[37.63863,-3.08543],[37.63313,-3.08471],[37.62815,-3.08676],[37.61424,-3.0863],[37.61481,-3.08733],[37.61406,-3.08856],[37.61288,-3.08823],[37.61167,-3.08998],[37.60726,-3.08869],[37.60609,-3.08973],[37.60002,-3.09076],[37.59888,-3.08751],[37.59622,-3.0859],[37.59706,-3.08434],[37.59676,-3.082],[37.61203,-3.08146],[37.61505,-3.07976],[37.62132,-3.07925],[37.62268,-3.07802],[37.62554,-3.07869],[37.62565,-3.0745],[37.62337,-3.06611],[37.62541,-3.06473],[37.63117,-3.06384],[37.63022,-3.06258],[37.63633,-3.05639],[37.63809,-3.05565],[37.63746,-3.05517],[37.64008,-3.05337],[37.64216,-3.04899],[37.64886,-3.04451],[37.67269,-3.06084]]]},"properties":{"region":"Kilimanjaro","district":"Rombo","ward":"Kingachi","ward_code":"071"}},{"type":"Feature","geometry":{"type":"Polygon","coordinates":[[[37.66622,-3.0839],[37.6705,-3.08286],[37.67565,-3.0875],[37.67704,-3.08738],[37.68344,-3.12352],[37.68088,-3.12027],[37.67947,-3.11992],[37.67868,-3.11787],[37.67168,-3.11394],[37.6664,-3.11389],[37.66366,-3.11445],[37.66189,-3.11593],[37.6587,-3.11562],[37.65276,-3.11777],[37.64644,-3.11785],[37.63536,-3.11295],[37.63062,-3.10881],[37.6255,-3.10806],[37.62435,-3.10936],[37.62149,-3.10937],[37.61966,-3.10757],[37.61623,-3.10624],[37.6125,-3.10638],[37.61104,-3.10541],[37.60183,-3.10873],[37.59979,-3.10692],[37.59189,-3.10647],[37.58854,-3.10865],[37.58322,-3.11031],[37.57429,-3.11004],[37.56343,-3.11216],[37.55991,-3.1138],[37.55521,-3.11373],[37.54383,-3.11144],[37.53102,-3.11276],[37.51853,-3.1126],[37.4975,-3.11826],[37.47151,-3.11624],[37.45894,-3.11183],[37.46565,-3.10683],[37.47059,-3.11174],[37.48199,-3.11481],[37.4902,-3.1135],[37.49439,-3.11497],[37.51483,-3.11018],[37.53152,-3.10241],[37.57013,-3.0876],[37.57171,-3.08749],[37.57354,-3.0888],[37.58026,-3.08916],[37.58734,-3.08781],[37.59396,-3.09037],[37.60002,-3.09076],[37.60609,-3.08973],[37.60726,-3.08869],[37.61167,-3.08998],[37.61288,-3.08823],[37.61406,-3.08856],[37.61481,-3.08733],[37.61424,-3.0863],[37.62815,-3.08676],[37.63313,-3.08471],[37.63863,-3.08543],[37.64105,-3.08728],[37.66024,-3.08388],[37.66622,-3.0839]]]},"properties":{"region":"Kilimanjaro","district":"Rombo","ward":"Kirongo Samanga","ward_code":"081"}},{"type":"Feature","geometry":{"type":"Polygon","coordinates":[[[37.59523,-3.1061],[37.59701,-3.10707],[37.59979,-3.10692],[37.60183,-3.10873],[37.60694,-3.10648],[37.6084,-3.11636],[37.60975,-3.11938],[37.6082,-3.12634],[37.60603,-3.12736],[37.60219,-3.12613],[37.59132,-3.12722],[37.57948,-3.12714],[37.57735,-3.12688],[37.57009,-3.12261],[37.56494,-3.12114],[37.55637,-3.1221],[37.49965,-3.12129],[37.45388,-3.1156],[37.45894,-3.11183],[37.47151,-3.11624],[37.4975,-3.11826],[37.51853,-3.1126],[37.53102,-3.11276],[37.54383,-3.11144],[37.55521,-3.11373],[37.55991,-3.1138],[37.56343,-3.11216],[37.57429,-3.11004],[37.58322,-3.11031],[37.58854,-3.10865],[37.59189,-3.10647],[37.59523,-3.1061]]]},"properties":{"region":"Kilimanjaro","district":"Rombo","ward":"Olele","ward_code":"091"}},{"type":"Feature","geometry":{"type":"Polygon","coordinates":[[[37.60694,-3.10648],[37.61518,-3.10585],[37.61966,-3.10757],[37.62149,-3.10937],[37.62435,-3.10936],[37.6255,-3.10806],[37.63062,-3.10881],[37.63536,-3.11295],[37.64644,-3.11785],[37.65276,-3.11777],[37.6587,-3.11562],[37.66189,-3.11593],[37.66366,-3.11445],[37.6664,-3.11389],[37.67217,-3.11413],[37.67868,-3.11787],[37.67947,-3.11992],[37.68088,-3.12027],[37.68344,-3.12352],[37.68661,-3.14372],[37.67063,-3.13551],[37.66998,-3.1339],[37.66541,-3.13102],[37.65954,-3.13028],[37.65587,-3.13126],[37.65333,-3.13057],[37.64806,-3.13139],[37.6403,-3.12979],[37.62984,-3.13317],[37.62637,-3.13221],[37.62611,-3.13329],[37.62153,-3.13408],[37.61806,-3.13094],[37.60843,-3.12745],[37.60603,-3.12736],[37.6082,-3.12634],[37.60975,-3.11938],[37.6084,-3.11636],[37.60694,-3.10648]]]},"properties":{"region":"Kilimanjaro","district":"Rombo","ward":"Marangu Kitowo","ward_code":"101"}},{"type":"Feature","geometry":{"type":"Polygon","coordinates":[[[37.6205,-3.13372],[37.62448,-3.13376],[37.62611,-3.13329],[37.62637,-3.13221],[37.62984,-3.13317],[37.6403,-3.12979],[37.64806,-3.13139],[37.65333,-3.13057],[37.65587,-3.13126],[37.65954,-3.13028],[37.66694,-3.13157],[37.66998,-3.1339],[37.67063,-3.13551],[37.68661,-3.14372],[37.69097,-3.1727],[37.68914,-3.17155],[37.68879,-3.1728],[37.68677,-3.17149],[37.68409,-3.17137],[37.67697,-3.16796],[37.67191,-3.16805],[37.66759,-3.16327],[37.66761,-3.16169],[37.66533,-3.16005],[37.6611,-3.15861],[37.66002,-3.15711],[37.65497,-3.15708],[37.65144,-3.1552],[37.65067,-3.15684],[37.6496,-3.15641],[37.6485,-3.15424],[37.64161,-3.15059],[37.64094,-3.14903],[37.633,-3.14642],[37.63237,-3.14543],[37.62492,-3.14648],[37.62351,-3.14617],[37.62256,-3.14433],[37.61754,-3.14236],[37.61083,-3.14188],[37.6092,-3.14304],[37.60474,-3.14315],[37.60709,-3.13324],[37.60724,-3.12791],[37.60603,-3.12736],[37.60843,-3.12745],[37.61806,-3.13094],[37.6205,-3.13372]]]},"properties":{"region":"Kilimanjaro","district":"Rombo","ward":"Kisale Msaranga","ward_code":"111"}},{"type":"Feature","geometry":{"type":"Polygon","coordinates":[[[37.49965,-3.12129],[37.55637,-3.1221],[37.56494,-3.12114],[37.57009,-3.12261],[37.57735,-3.12688],[37.59132,-3.12722],[37.59666,-3.12611],[37.60353,-3.12639],[37.60728,-3.1284],[37.60649,-3.13773],[37.60474,-3.14315],[37.6092,-3.14304],[37.61083,-3.14188],[37.61754,-3.14236],[37.62256,-3.14433],[37.62351,-3.14617],[37.62492,-3.14648],[37.63237,-3.14543],[37.633,-3.14642],[37.64094,-3.14903],[37.64161,-3.15059],[37.64715,-3.15321],[37.64946,-3.15554],[37.64391,-3.15629],[37.63991,-3.15519],[37.63671,-3.15149],[37.63014,-3.14989],[37.62044,-3.15066],[37.61449,-3.14829],[37.61457,-3.14675],[37.61596,-3.14642],[37.61356,-3.14493],[37.60776,-3.14457],[37.60726,-3.14604],[37.60639,-3.14535],[37.60609,-3.14631],[37.60458,-3.14586],[37.60443,-3.14708],[37.60293,-3.14757],[37.60261,-3.1491],[37.60025,-3.1514],[37.59604,-3.15191],[37.59217,-3.15121],[37.58774,-3.15244],[37.57791,-3.15113],[37.57254,-3.15147],[37.57056,-3.15247],[37.52234,-3.1485],[37.47041,-3.14927],[37.45007,-3.15219],[37.43182,-3.1531],[37.40516,-3.16206],[37.39551,-3.16115],[37.41174,-3.14104],[37.43957,-3.12152],[37.45388,-3.1156],[37.49965,-3.12129]]]},"properties":{"region":"Kilimanjaro","district":"Rombo","ward":"Katangara/Mrere","ward_code":"121"}},{"type":"Feature","geometry":{"type":"Polygon","coordinates":[[[37.60776,-3.14457],[37.61356,-3.14493],[37.61596,-3.14642],[37.61457,-3.14675],[37.61449,-3.14829],[37.62044,-3.15066],[37.63014,-3.14989],[37.63671,-3.15149],[37.63991,-3.15519],[37.64391,-3.15629],[37.64946,-3.15554],[37.65067,-3.15684],[37.65144,-3.1552],[37.65497,-3.15708],[37.66002,-3.15711],[37.6611,-3.15861],[37.66761,-3.16169],[37.66759,-3.16327],[37.67191,-3.16805],[37.67697,-3.16796],[37.68879,-3.1728],[37.68914,-3.17155],[37.69097,-3.1727],[37.69367,-3.19004],[37.69193,-3.19013],[37.69112,-3.18858],[37.68792,-3.18584],[37.68648,-3.18604],[37.68508,-3.18401],[37.67711,-3.182],[37.67346,-3.17745],[37.67047,-3.17637],[37.66372,-3.17106],[37.66247,-3.17055],[37.66052,-3.1729],[37.65792,-3.17306],[37.64805,-3.16837],[37.64289,-3.16416],[37.62188,-3.15976],[37.6138,-3.16245],[37.60875,-3.16056],[37.5951,-3.15823],[37.57598,-3.16279],[37.56549,-3.16034],[37.56087,-3.16067],[37.54994,-3.15942],[37.54342,-3.16122],[37.53566,-3.16003],[37.51542,-3.16076],[37.50128,-3.16215],[37.48354,-3.16603],[37.46738,-3.16523],[37.43049,-3.1698],[37.41072,-3.17038],[37.40336,-3.16866],[37.39404,-3.17117],[37.38949,-3.1665],[37.39551,-3.16115],[37.40516,-3.16206],[37.43182,-3.1531],[37.45007,-3.15219],[37.47041,-3.14927],[37.52234,-3.1485],[37.57056,-3.15247],[37.57254,-3.15147],[37.57791,-3.15113],[37.58884,-3.1524],[37.59217,-3.15121],[37.59333,-3.15197],[37.60025,-3.1514],[37.60261,-3.1491],[37.60293,-3.14757],[37.60443,-3.14708],[37.60458,-3.14586],[37.60609,-3.14631],[37.60639,-3.14535],[37.60726,-3.14604],[37.60776,-3.14457]]]},"properties":{"region":"Kilimanjaro","district":"Rombo","ward":"Kirwa Keni","ward_code":"131"}},{"type":"Feature","geometry":{"type":"Polygon","coordinates":[[[37.5951,-3.15823],[37.60875,-3.16056],[37.6138,-3.16245],[37.62188,-3.15976],[37.64031,-3.16323],[37.64289,-3.16416],[37.64805,-3.16837],[37.65792,-3.17306],[37.66052,-3.1729],[37.66247,-3.17055],[37.66372,-3.17106],[37.67129,-3.17677],[37.65826,-3.17571],[37.65512,-3.17677],[37.65249,-3.17653],[37.64988,-3.17553],[37.64731,-3.17293],[37.64529,-3.17443],[37.63944,-3.17429],[37.63549,-3.17538],[37.63367,-3.1721],[37.63085,-3.1712],[37.62928,-3.17339],[37.62145,-3.17413],[37.6203,-3.1732],[37.61614,-3.17473],[37.60424,-3.17148],[37.59966,-3.17172],[37.59291,-3.1737],[37.58146,-3.16872],[37.57739,-3.17036],[37.57562,-3.16949],[37.56403,-3.17259],[37.50736,-3.16485],[37.50128,-3.16215],[37.53566,-3.16003],[37.54342,-3.16122],[37.54994,-3.15942],[37.56087,-3.16067],[37.56549,-3.16034],[37.57598,-3.16279],[37.5951,-3.15823]]]},"properties":{"region":"Kilimanjaro","district":"Rombo","ward":"Mrao Keryo","ward_code":"141"}},{"type":"Feature","geometry":{"type":"Polygon","coordinates":[[[37.50736,-3.16485],[37.56403,-3.17259],[37.57562,-3.16949],[37.57739,-3.17036],[37.58146,-3.16872],[37.59291,-3.1737],[37.59966,-3.17172],[37.60424,-3.17148],[37.61614,-3.17473],[37.6203,-3.1732],[37.62145,-3.17413],[37.62928,-3.17339],[37.63085,-3.1712],[37.63367,-3.1721],[37.63448,-3.17421],[37.63631,-3.17539],[37.63944,-3.17429],[37.64529,-3.17443],[37.64731,-3.17293],[37.64988,-3.17553],[37.65249,-3.17653],[37.65512,-3.17677],[37.65826,-3.17571],[37.67346,-3.17745],[37.67711,-3.182],[37.68508,-3.18401],[37.68648,-3.18604],[37.68792,-3.18584],[37.69112,-3.18858],[37.69193,-3.19013],[37.69367,-3.19004],[37.69393,-3.19153],[37.69298,-3.19072],[37.69224,-3.19151],[37.69105,-3.19115],[37.68699,-3.19448],[37.68268,-3.19357],[37.6806,-3.19198],[37.6765,-3.1921],[37.6699,-3.18892],[37.66769,-3.18971],[37.66352,-3.18784],[37.6595,-3.18747],[37.6556,-3.184],[37.65479,-3.18462],[37.648,-3.18353],[37.64499,-3.18013],[37.641,-3.17797],[37.63818,-3.1782],[37.63519,-3.18097],[37.62593,-3.18234],[37.62402,-3.18362],[37.61875,-3.18304],[37.61497,-3.18385],[37.61437,-3.18554],[37.61162,-3.18404],[37.60392,-3.18648],[37.60037,-3.18605],[37.59766,-3.18809],[37.58874,-3.1881],[37.58533,-3.18708],[37.57996,-3.18861],[37.57543,-3.19113],[37.57201,-3.19053],[37.56959,-3.19281],[37.54384,-3.19444],[37.52662,-3.19196],[37.5229,-3.19428],[37.50616,-3.19187],[37.50193,-3.19456],[37.4383,-3.19708],[37.43286,-3.19971],[37.42225,-3.19694],[37.41563,-3.19697],[37.41044,-3.1984],[37.39893,-3.17589],[37.39404,-3.17117],[37.40336,-3.16866],[37.41072,-3.17038],[37.43049,-3.1698],[37.46738,-3.16523],[37.48354,-3.16603],[37.50128,-3.16215],[37.50736,-3.16485]]]},"properties":{"region":"Kilimanjaro","district":"Rombo","ward":"Ushiri/Ikuini","ward_code":"151"}},{"type":"Feature","geometry":{"type":"Polygon","coordinates":[[[37.648,-3.18353],[37.65479,-3.18462],[37.6556,-3.184],[37.6595,-3.18747],[37.66352,-3.18784],[37.66769,-3.18971],[37.6699,-3.18892],[37.6765,-3.1921],[37.67061,-3.19348],[37.66779,-3.19557],[37.66333,-3.19603],[37.65843,-3.19842],[37.6537,-3.19784],[37.65086,-3.20023],[37.64302,-3.20306],[37.64153,-3.20237],[37.63837,-3.20327],[37.63678,-3.20224],[37.63554,-3.19942],[37.62824,-3.19808],[37.62789,-3.19725],[37.61933,-3.19538],[37.61147,-3.19643],[37.60943,-3.1957],[37.60755,-3.19913],[37.6043,-3.20081],[37.60108,-3.20007],[37.59917,-3.20141],[37.59479,-3.20194],[37.58857,-3.2],[37.57719,-3.20098],[37.569,-3.20474],[37.56164,-3.20663],[37.53371,-3.20887],[37.50853,-3.20921],[37.44741,-3.21308],[37.42147,-3.21347],[37.41044,-3.1984],[37.41563,-3.19697],[37.42225,-3.19694],[37.43286,-3.19971],[37.4383,-3.19708],[37.50193,-3.19456],[37.50616,-3.19187],[37.5229,-3.19428],[37.52662,-3.19196],[37.54384,-3.19444],[37.56959,-3.19281],[37.57201,-3.19053],[37.57543,-3.19113],[37.57996,-3.18861],[37.58533,-3.18708],[37.58874,-3.1881],[37.59766,-3.18809],[37.60037,-3.18605],[37.60392,-3.18648],[37.61162,-3.18404],[37.61437,-3.18554],[37.61497,-3.18385],[37.61805,-3.18309],[37.62402,-3.18362],[37.62593,-3.18234],[37.63519,-3.18097],[37.63818,-3.1782],[37.63953,-3.17807],[37.641,-3.17797],[37.64499,-3.18013],[37.648,-3.18353]]]},"properties":{"region":"Kilimanjaro","district":"Rombo","ward":"Kelamfua/Mokala","ward_code":"163"}},{"type":"Feature","geometry":{"type":"Polygon","coordinates":[[[37.61519,-3.19544],[37.63389,-3.19872],[37.63554,-3.19942],[37.63678,-3.20224],[37.63837,-3.20327],[37.63293,-3.20424],[37.6307,-3.20519],[37.62975,-3.20672],[37.62263,-3.20704],[37.62178,-3.20917],[37.61628,-3.20965],[37.61175,-3.21258],[37.60284,-3.21103],[37.59702,-3.21291],[37.59363,-3.21237],[37.58974,-3.21453],[37.58336,-3.21422],[37.57823,-3.21535],[37.56039,-3.21521],[37.55569,-3.21613],[37.53602,-3.2152],[37.50307,-3.21558],[37.49831,-3.21593],[37.48956,-3.21906],[37.42515,-3.2188],[37.42147,-3.21347],[37.44741,-3.21308],[37.50853,-3.20921],[37.53371,-3.20887],[37.56164,-3.20663],[37.569,-3.20474],[37.57719,-3.20098],[37.58857,-3.2],[37.59479,-3.20194],[37.59917,-3.20141],[37.60108,-3.20007],[37.60345,-3.201],[37.60755,-3.19913],[37.60943,-3.1957],[37.61147,-3.19643],[37.61519,-3.19544]]]},"properties":{"region":"Kilimanjaro","district":"Rombo","ward":"Makiidi","ward_code":"171"}},{"type":"Feature","geometry":{"type":"Polygon","coordinates":[[[37.60284,-3.21103],[37.60518,-3.21204],[37.60596,-3.21394],[37.60553,-3.21849],[37.60649,-3.21998],[37.60675,-3.22461],[37.60368,-3.22691],[37.60049,-3.22682],[37.59791,-3.22555],[37.59076,-3.22618],[37.5887,-3.22551],[37.58578,-3.22648],[37.57446,-3.22103],[37.56095,-3.21961],[37.54414,-3.22103],[37.51307,-3.22062],[37.50458,-3.22135],[37.50089,-3.22297],[37.4977,-3.2258],[37.44386,-3.22516],[37.44132,-3.22412],[37.4312,-3.22519],[37.42515,-3.2188],[37.48956,-3.21906],[37.49831,-3.21593],[37.50307,-3.21558],[37.53602,-3.2152],[37.55569,-3.21613],[37.56039,-3.21521],[37.57823,-3.21535],[37.58336,-3.21422],[37.58974,-3.21453],[37.59363,-3.21237],[37.59702,-3.21291],[37.60284,-3.21103]]]},"properties":{"region":"Kilimanjaro","district":"Rombo","ward":"Shimbi","ward_code":"181"}},{"type":"Feature","geometry":{"type":"Polygon","coordinates":[[[37.69298,-3.19072],[37.69393,-3.19153],[37.6988,-3.22272],[37.68977,-3.22169],[37.68552,-3.21845],[37.67843,-3.22015],[37.67631,-3.21755],[37.67394,-3.21674],[37.6651,-3.21754],[37.66273,-3.21659],[37.66108,-3.21769],[37.65727,-3.21703],[37.65354,-3.21837],[37.65132,-3.21703],[37.64197,-3.21674],[37.63962,-3.21518],[37.6378,-3.21571],[37.63725,-3.21703],[37.62666,-3.22095],[37.62305,-3.22446],[37.61801,-3.22315],[37.61377,-3.22579],[37.60652,-3.22549],[37.60649,-3.21998],[37.60553,-3.21849],[37.60602,-3.21421],[37.60393,-3.21117],[37.61175,-3.21258],[37.61628,-3.20965],[37.62178,-3.20917],[37.62263,-3.20704],[37.62975,-3.20672],[37.6307,-3.20519],[37.63558,-3.20333],[37.63748,-3.20372],[37.64153,-3.20237],[37.64368,-3.20299],[37.65086,-3.20023],[37.65408,-3.19774],[37.65843,-3.19842],[37.66333,-3.19603],[37.66779,-3.19557],[37.67061,-3.19348],[37.67463,-3.19304],[37.6773,-3.19169],[37.68134,-3.19218],[37.68268,-3.19357],[37.68699,-3.19448],[37.68956,-3.1919],[37.69298,-3.19072]]]},"properties":{"region":"Kilimanjaro","district":"Rombo","ward":"Shimbi Kwandele","ward_code":"191"}},{"type":"Feature","geometry":{"type":"Polygon","coordinates":[[[37.64022,-3.2154],[37.64197,-3.21674],[37.65132,-3.21703],[37.65354,-3.21837],[37.65727,-3.21703],[37.66108,-3.21769],[37.66273,-3.21659],[37.6651,-3.21754],[37.67394,-3.21674],[37.67631,-3.21755],[37.67843,-3.22015],[37.68552,-3.21845],[37.68977,-3.22169],[37.6988,-3.22272],[37.70335,-3.25252],[37.68742,-3.24934],[37.68089,-3.24723],[37.67743,-3.24473],[37.67111,-3.24395],[37.66307,-3.24124],[37.65398,-3.2413],[37.64567,-3.23805],[37.63647,-3.23717],[37.62978,-3.23813],[37.6153,-3.23619],[37.60732,-3.23395],[37.60771,-3.23217],[37.60406,-3.23252],[37.60172,-3.23154],[37.59895,-3.23303],[37.59769,-3.2323],[37.5954,-3.23497],[37.59456,-3.23447],[37.5938,-3.23609],[37.58984,-3.23414],[37.5861,-3.2291],[37.58477,-3.2304],[37.57099,-3.23123],[37.50468,-3.23085],[37.49493,-3.23356],[37.43845,-3.23323],[37.4312,-3.22519],[37.44132,-3.22412],[37.44386,-3.22516],[37.4977,-3.2258],[37.50089,-3.22297],[37.50458,-3.22135],[37.51307,-3.22062],[37.54414,-3.22103],[37.56095,-3.21961],[37.57446,-3.22103],[37.58578,-3.22648],[37.5887,-3.22551],[37.59076,-3.22618],[37.59791,-3.22555],[37.60049,-3.22682],[37.60368,-3.22691],[37.60685,-3.2253],[37.61377,-3.22579],[37.61801,-3.22315],[37.62305,-3.22446],[37.62885,-3.21979],[37.64022,-3.2154]]]},"properties":{"region":"Kilimanjaro","district":"Rombo","ward":"Aleni","ward_code":"201"}},{"type":"Feature","geometry":{"type":"Polygon","coordinates":[[[37.5861,-3.2291],[37.58984,-3.23414],[37.5938,-3.23609],[37.59456,-3.23447],[37.5954,-3.23497],[37.59769,-3.2323],[37.59895,-3.23303],[37.60172,-3.23154],[37.60406,-3.23252],[37.60771,-3.23217],[37.60732,-3.23395],[37.6153,-3.23619],[37.62978,-3.23813],[37.63647,-3.23717],[37.64567,-3.23805],[37.65398,-3.2413],[37.66307,-3.24124],[37.67111,-3.24395],[37.67743,-3.24473],[37.68089,-3.24723],[37.68742,-3.24934],[37.70335,-3.25252],[37.70697,-3.27621],[37.69928,-3.27341],[37.69508,-3.26883],[37.68685,-3.26486],[37.68101,-3.26404],[37.67836,-3.262],[37.67379,-3.26068],[37.66712,-3.26011],[37.66138,-3.25383],[37.65674,-3.25196],[37.6523,-3.25229],[37.64547,-3.24947],[37.6427,-3.25005],[37.64011,-3.2474],[37.63305,-3.24379],[37.61884,-3.24442],[37.61099,-3.24355],[37.60524,-3.24454],[37.58821,-3.24402],[37.58933,-3.24873],[37.5877,-3.24738],[37.58344,-3.24711],[37.57795,-3.24518],[37.57421,-3.25213],[37.57097,-3.25221],[37.56032,-3.24682],[37.55924,-3.24312],[37.55753,-3.2421],[37.55497,-3.2423],[37.55384,-3.24617],[37.55138,-3.2474],[37.55089,-3.24608],[37.54532,-3.24273],[37.54142,-3.24401],[37.53303,-3.24425],[37.52794,-3.24229],[37.52098,-3.23772],[37.51586,-3.23802],[37.50607,-3.23535],[37.50066,-3.23823],[37.48834,-3.2406],[37.48074,-3.23983],[37.47905,-3.24292],[37.4726,-3.24884],[37.46046,-3.25312],[37.46044,-3.25688],[37.45905,-3.25556],[37.45813,-3.24704],[37.45678,-3.246],[37.45449,-3.24647],[37.45213,-3.24356],[37.4492,-3.24225],[37.44874,-3.24049],[37.44273,-3.23746],[37.43845,-3.23323],[37.49493,-3.23356],[37.50468,-3.23085],[37.57099,-3.23123],[37.58477,-3.2304],[37.5861,-3.2291]]]},"properties":{"region":"Kilimanjaro","district":"Rombo","ward":"Mengeni","ward_code":"211"}},{"type":"Feature","geometry":{"type":"Polygon","coordinates":[[[37.61156,-3.24371],[37.63418,-3.24422],[37.63111,-3.24884],[37.63351,-3.25206],[37.63025,-3.25041],[37.6281,-3.25102],[37.62238,-3.24959],[37.61986,-3.25136],[37.62083,-3.25323],[37.6167,-3.25604],[37.61408,-3.25553],[37.61454,-3.2537],[37.61115,-3.25134],[37.60877,-3.25117],[37.60669,-3.25132],[37.60663,-3.25243],[37.60348,-3.25227],[37.60025,-3.25495],[37.58933,-3.24873],[37.58821,-3.24402],[37.60524,-3.24454],[37.61156,-3.24371]]]},"properties":{"region":"Kilimanjaro","district":"Rombo","ward":"Manda","ward_code":"221"}},{"type":"Feature","geometry":{"type":"Polygon","coordinates":[[[37.62305,-3.2498],[37.6281,-3.25102],[37.62776,-3.25342],[37.626,-3.25367],[37.62522,-3.25558],[37.62575,-3.25751],[37.6281,-3.25843],[37.62784,-3.26061],[37.63093,-3.26293],[37.63186,-3.26596],[37.63106,-3.26997],[37.62454,-3.27078],[37.61985,-3.26756],[37.61055,-3.26742],[37.60088,-3.25407],[37.60348,-3.25227],[37.60663,-3.25243],[37.60669,-3.25132],[37.61115,-3.25134],[37.61454,-3.2537],[37.61408,-3.25553],[37.6167,-3.25604],[37.62083,-3.25323],[37.61986,-3.25136],[37.62305,-3.2498]]]},"properties":{"region":"Kilimanjaro","district":"Rombo","ward":"Mengwe","ward_code":"231"}},{"type":"Feature","geometry":{"type":"Polygon","coordinates":[[[37.6427,-3.25005],[37.64547,-3.24947],[37.6523,-3.25229],[37.65674,-3.25196],[37.65809,-3.25314],[37.66063,-3.2535],[37.66712,-3.26011],[37.67379,-3.26068],[37.67836,-3.262],[37.68101,-3.26404],[37.68685,-3.26486],[37.69508,-3.26883],[37.69928,-3.27341],[37.70697,-3.27621],[37.71142,-3.30562],[37.7072,-3.30424],[37.70483,-3.30201],[37.70032,-3.30113],[37.69658,-3.30387],[37.69094,-3.30489],[37.68579,-3.30212],[37.68231,-3.30341],[37.68047,-3.30116],[37.67729,-3.30064],[37.67272,-3.29725],[37.66338,-3.29267],[37.66104,-3.29364],[37.65892,-3.2912],[37.65616,-3.29108],[37.65402,-3.288],[37.64952,-3.28466],[37.64876,-3.2829],[37.64436,-3.28054],[37.64101,-3.28225],[37.63823,-3.28219],[37.63442,-3.27765],[37.62954,-3.27445],[37.62947,-3.27036],[37.63106,-3.26997],[37.63186,-3.26596],[37.63093,-3.26293],[37.62784,-3.26061],[37.6281,-3.25843],[37.62575,-3.25751],[37.62522,-3.25558],[37.626,-3.25367],[37.62776,-3.25342],[37.62751,-3.25236],[37.62891,-3.25039],[37.63351,-3.25206],[37.63111,-3.24884],[37.63418,-3.24422],[37.64011,-3.2474],[37.6427,-3.25005]]]},"properties":{"region":"Kilimanjaro","district":"Rombo","ward":"Ngoyoni","ward_code":"241"}},{"type":"Feature","geometry":{"type":"Polygon","coordinates":[[[37.5879,-3.24871],[37.59374,-3.25087],[37.60025,-3.25495],[37.60088,-3.25407],[37.61055,-3.26742],[37.61571,-3.26733],[37.61404,-3.27023],[37.61186,-3.27072],[37.61257,-3.27324],[37.6144,-3.27509],[37.61454,-3.27778],[37.61051,-3.27798],[37.60903,-3.27641],[37.60788,-3.27836],[37.60516,-3.28015],[37.6016,-3.27934],[37.60099,-3.27725],[37.60229,-3.27492],[37.60079,-3.27274],[37.60172,-3.26944],[37.59979,-3.26673],[37.5963,-3.26674],[37.59461,-3.26265],[37.59131,-3.26084],[37.5888,-3.25769],[37.58926,-3.2536],[37.58775,-3.25053],[37.5879,-3.24871]]]},"properties":{"region":"Kilimanjaro","district":"Rombo","ward":"Mamsera","ward_code":"251"}},{"type":"Feature","geometry":{"type":"Polygon","coordinates":[[[37.61571,-3.26733],[37.61985,-3.26756],[37.62454,-3.27078],[37.62947,-3.27036],[37.62954,-3.27445],[37.63442,-3.27765],[37.63823,-3.28219],[37.64101,-3.28225],[37.64436,-3.28054],[37.64876,-3.2829],[37.64952,-3.28466],[37.65402,-3.288],[37.65616,-3.29108],[37.65892,-3.2912],[37.66104,-3.29364],[37.66338,-3.29267],[37.67272,-3.29725],[37.67729,-3.30064],[37.68047,-3.30116],[37.68231,-3.30341],[37.68579,-3.30212],[37.69094,-3.30489],[37.69658,-3.30387],[37.70032,-3.30113],[37.70483,-3.30201],[37.7072,-3.30424],[37.71142,-3.30562],[37.71231,-3.31146],[37.68562,-3.32361],[37.68562,-3.35121],[37.68182,-3.35578],[37.67486,-3.35662],[37.6729,-3.35263],[37.67181,-3.34656],[37.67067,-3.34539],[37.66931,-3.34513],[37.66462,-3.33965],[37.66287,-3.33965],[37.65845,-3.33629],[37.65318,-3.33608],[37.64793,-3.33099],[37.64776,-3.32898],[37.64006,-3.32794],[37.63822,-3.32845],[37.63913,-3.31931],[37.63647,-3.31787],[37.63401,-3.31363],[37.62946,-3.31178],[37.62659,-3.30868],[37.61581,-3.29214],[37.61498,-3.28633],[37.61348,-3.28324],[37.61449,-3.27547],[37.61186,-3.27072],[37.61404,-3.27023],[37.61571,-3.26733]]]},"properties":{"region":"Kilimanjaro","district":"Rombo","ward":"Chala","ward_code":"261"}},{"type":"Feature","geometry":{"type":"Polygon","coordinates":[[[37.64793,-3.33099],[37.65318,-3.33608],[37.65845,-3.33629],[37.66287,-3.33965],[37.66462,-3.33965],[37.66931,-3.34513],[37.67067,-3.34539],[37.67181,-3.34656],[37.6729,-3.35263],[37.67486,-3.35662],[37.66444,-3.35789],[37.60886,-3.41395],[37.60807,-3.40364],[37.60865,-3.40155],[37.60708,-3.39896],[37.60794,-3.39729],[37.60675,-3.39518],[37.60745,-3.39097],[37.6043,-3.38541],[37.60113,-3.38364],[37.60303,-3.38005],[37.60606,-3.37758],[37.60607,-3.37316],[37.60803,-3.37137],[37.60971,-3.36641],[37.60254,-3.35942],[37.60084,-3.35252],[37.60864,-3.34907],[37.62309,-3.34949],[37.62476,-3.35236],[37.6265,-3.35144],[37.62667,-3.34209],[37.629,-3.34137],[37.63041,-3.33915],[37.63076,-3.33403],[37.63518,-3.33269],[37.63781,-3.3331],[37.63776,-3.32927],[37.64006,-3.32794],[37.64776,-3.32898],[37.64793,-3.33099]]]},"properties":{"region":"Kilimanjaro","district":"Rombo","ward":"Holili","ward_code":"273"}},{"type":"Feature","geometry":{"type":"Polygon","coordinates":[[[37.61051,-3.27798],[37.61454,-3.27778],[37.61348,-3.28324],[37.61781,-3.29628],[37.62946,-3.31178],[37.63401,-3.31363],[37.63647,-3.31787],[37.63913,-3.31931],[37.63781,-3.3331],[37.63518,-3.33269],[37.63076,-3.33403],[37.63041,-3.33915],[37.629,-3.34137],[37.62667,-3.34209],[37.6265,-3.35144],[37.62476,-3.35236],[37.62309,-3.34949],[37.60864,-3.34907],[37.60084,-3.35252],[37.60026,-3.35072],[37.60121,-3.34139],[37.60524,-3.33333],[37.60499,-3.32931],[37.60858,-3.32098],[37.60537,-3.31675],[37.60529,-3.31077],[37.60025,-3.30477],[37.59692,-3.29762],[37.59643,-3.28628],[37.59994,-3.28285],[37.6016,-3.27934],[37.60516,-3.28015],[37.60788,-3.27836],[37.60903,-3.27641],[37.61051,-3.27798]]]},"properties":{"region":"Kilimanjaro","district":"Rombo","ward":"Mahida","ward_code":"281"}},{"type":"Feature","geometry":{"type":"Polygon","coordinates":[[[37.66134,-3.66364],[37.66548,-3.66733],[37.66755,-3.66696],[37.67222,-3.67392],[37.67889,-3.67944],[37.67363,-3.6832],[37.66908,-3.68429],[37.66494,-3.68281],[37.66347,-3.68511],[37.66215,-3.68549],[37.66088,-3.68747],[37.66097,-3.69004],[37.66478,-3.6985],[37.66153,-3.70187],[37.65676,-3.70302],[37.65373,-3.70183],[37.6516,-3.70358],[37.64723,-3.70352],[37.64709,-3.70534],[37.64506,-3.707],[37.64471,-3.70937],[37.6434,-3.70996],[37.6422,-3.71354],[37.63935,-3.71302],[37.63839,-3.70986],[37.63627,-3.71079],[37.63273,-3.70972],[37.63435,-3.70124],[37.63616,-3.69734],[37.64265,-3.69205],[37.64306,-3.68826],[37.64783,-3.68128],[37.64847,-3.67515],[37.65499,-3.67062],[37.6555,-3.6658],[37.65694,-3.66472],[37.66026,-3.66519],[37.66134,-3.66364]]]},"properties":{"region":"Kilimanjaro","district":"Mwanga","ward":"Kighare","ward_code":"141"}},{"type":"Feature","geometry":{"type":"Polygon","coordinates":[[[37.67833,-3.67936],[37.68715,-3.68575],[37.68838,-3.68825],[37.69081,-3.68902],[37.69644,-3.68775],[37.705,-3.69068],[37.71913,-3.69235],[37.71762,-3.69522],[37.70858,-3.69552],[37.69877,-3.69395],[37.69656,-3.69616],[37.70559,-3.71204],[37.70874,-3.7212],[37.7093,-3.72563],[37.70679,-3.72805],[37.70281,-3.72044],[37.70068,-3.72069],[37.69876,-3.71763],[37.69767,-3.71748],[37.69787,-3.71515],[37.69688,-3.71495],[37.69202,-3.71823],[37.69067,-3.71725],[37.69134,-3.72058],[37.69048,-3.72216],[37.68837,-3.72088],[37.68689,-3.71678],[37.68179,-3.71406],[37.68046,-3.71513],[37.67478,-3.71429],[37.67052,-3.71061],[37.66805,-3.7098],[37.66582,-3.70681],[37.66538,-3.70161],[37.66414,-3.70065],[37.66435,-3.69654],[37.66097,-3.69004],[37.6609,-3.68743],[37.66494,-3.68281],[37.66908,-3.68429],[37.67283,-3.68346],[37.67786,-3.68069],[37.67833,-3.67936]]]},"properties":{"region":"Kilimanjaro","district":"Mwanga","ward":"Kirongwe","ward_code":"151"}},{"type":"Feature","geometry":{"type":"Polygon","coordinates":[[[37.66439,-3.6996],[37.66582,-3.70681],[37.66866,-3.7103],[37.67052,-3.71061],[37.67478,-3.71429],[37.68046,-3.71513],[37.68179,-3.71406],[37.68427,-3.71518],[37.68689,-3.71678],[37.68837,-3.72088],[37.69048,-3.72216],[37.69134,-3.72058],[37.69067,-3.71725],[37.69202,-3.71823],[37.69688,-3.71495],[37.69827,-3.71573],[37.69734,-3.71632],[37.69767,-3.71748],[37.69876,-3.71763],[37.70068,-3.72069],[37.70281,-3.72044],[37.70354,-3.72136],[37.70679,-3.72805],[37.70676,-3.73094],[37.69228,-3.73558],[37.68524,-3.73518],[37.68375,-3.73789],[37.68705,-3.7454],[37.6891,-3.74755],[37.6859,-3.74795],[37.68448,-3.74709],[37.67729,-3.74793],[37.66171,-3.75138],[37.64855,-3.74117],[37.64189,-3.73014],[37.63954,-3.72266],[37.63748,-3.72064],[37.63392,-3.71969],[37.63627,-3.71079],[37.63839,-3.70986],[37.63935,-3.71302],[37.6422,-3.71354],[37.6434,-3.70996],[37.64471,-3.70937],[37.64506,-3.707],[37.64709,-3.70534],[37.64723,-3.70352],[37.6516,-3.70358],[37.65373,-3.70183],[37.6588,-3.70291],[37.66439,-3.6996]]]},"properties":{"region":"Kilimanjaro","district":"Mwanga","ward":"Chomvu","ward_code":"161"}},{"type":"Feature","geometry":{"type":"Polygon","coordinates":[[[37.6664,-3.54522],[37.66785,-3.54851],[37.66949,-3.54686],[37.67279,-3.5514],[37.67753,-3.55202],[37.68001,-3.55737],[37.68371,-3.55552],[37.68663,-3.55842],[37.69142,-3.56115],[37.69011,-3.56673],[37.69169,-3.56984],[37.69786,-3.57305],[37.70223,-3.5781],[37.69806,-3.58214],[37.69284,-3.58441],[37.69578,-3.58827],[37.69597,-3.58994],[37.6899,-3.59562],[37.68557,-3.59488],[37.68452,-3.59723],[37.68578,-3.60766],[37.69308,-3.61685],[37.69693,-3.62796],[37.69685,-3.63049],[37.6819,-3.63191],[37.67868,-3.63131],[37.67655,-3.63239],[37.67569,-3.63155],[37.67725,-3.63051],[37.67732,-3.62752],[37.6742,-3.62365],[37.66932,-3.62056],[37.66652,-3.61339],[37.66638,-3.60832],[37.66007,-3.60777],[37.65662,-3.60588],[37.64704,-3.60473],[37.6419,-3.59014],[37.64634,-3.58557],[37.6664,-3.54522]]]},"properties":{"region":"Kilimanjaro","district":"Mwanga","ward":"Mwaniko","ward_code":"031"}},{"type":"Feature","geometry":{"type":"Polygon","coordinates":[[[37.59344,-3.58105],[37.60586,-3.58806],[37.62265,-3.58678],[37.63061,-3.58433],[37.6419,-3.59014],[37.6477,-3.60785],[37.6475,-3.61318],[37.64988,-3.62405],[37.64922,-3.63143],[37.65125,-3.63441],[37.65203,-3.63936],[37.65432,-3.64176],[37.65661,-3.63945],[37.66224,-3.6466],[37.66374,-3.64684],[37.66677,-3.64294],[37.66964,-3.6437],[37.67243,-3.64557],[37.67529,-3.64978],[37.67599,-3.65272],[37.67486,-3.66405],[37.66939,-3.66974],[37.66755,-3.66696],[37.66548,-3.66733],[37.66301,-3.66565],[37.65798,-3.66005],[37.65699,-3.65991],[37.65502,-3.66226],[37.64846,-3.66013],[37.64464,-3.65716],[37.64387,-3.65713],[37.63877,-3.66464],[37.63818,-3.66266],[37.64035,-3.66045],[37.64003,-3.6593],[37.64263,-3.65461],[37.6422,-3.65192],[37.6393,-3.64752],[37.63917,-3.64104],[37.63535,-3.63915],[37.63235,-3.63928],[37.63067,-3.63411],[37.62745,-3.63098],[37.62033,-3.62732],[37.61554,-3.62625],[37.60283,-3.62838],[37.59377,-3.62776],[37.59177,-3.62403],[37.59253,-3.60863],[37.58437,-3.58301],[37.59344,-3.58105]]]},"properties":{"region":"Kilimanjaro","district":"Mwanga","ward":"Msangeni","ward_code":"121"}},{"type":"Feature","geometry":{"type":"Polygon","coordinates":[[[37.67569,-3.63155],[37.67655,-3.63239],[37.67868,-3.63131],[37.6819,-3.63191],[37.69685,-3.63049],[37.70527,-3.6353],[37.70537,-3.63617],[37.6968,-3.64233],[37.69687,-3.64484],[37.70305,-3.64685],[37.70228,-3.65171],[37.70561,-3.65474],[37.703,-3.6618],[37.69343,-3.66067],[37.69181,-3.66374],[37.68715,-3.66052],[37.68036,-3.66047],[37.67486,-3.66405],[37.67597,-3.65228],[37.67484,-3.64863],[37.67243,-3.64557],[37.66677,-3.64294],[37.66374,-3.64684],[37.66224,-3.6466],[37.65661,-3.63945],[37.65432,-3.64176],[37.65203,-3.63936],[37.65125,-3.63441],[37.64922,-3.63143],[37.64963,-3.62015],[37.6475,-3.61318],[37.64704,-3.60473],[37.65662,-3.60588],[37.66007,-3.60777],[37.66638,-3.60832],[37.66652,-3.61339],[37.66932,-3.62056],[37.6742,-3.62365],[37.67732,-3.62752],[37.67725,-3.63051],[37.67569,-3.63155]]]},"properties":{"region":"Kilimanjaro","district":"Mwanga","ward":"Kifula","ward_code":"131"}},{"type":"Feature","geometry":{"type":"Polygon","coordinates":[[[37.61713,-3.62665],[37.62033,-3.62732],[37.62935,-3.63235],[37.63235,-3.63928],[37.63535,-3.63915],[37.63917,-3.64104],[37.6393,-3.64752],[37.6422,-3.65192],[37.64263,-3.65461],[37.64003,-3.6593],[37.64035,-3.66045],[37.63818,-3.66266],[37.63877,-3.66464],[37.64387,-3.65713],[37.64846,-3.66013],[37.65502,-3.66226],[37.65746,-3.65983],[37.66134,-3.66364],[37.66026,-3.66519],[37.65694,-3.66472],[37.6555,-3.6658],[37.65499,-3.67062],[37.64847,-3.67515],[37.64783,-3.68128],[37.64306,-3.68826],[37.64265,-3.69205],[37.63616,-3.69734],[37.63435,-3.70124],[37.63273,-3.70972],[37.62635,-3.70772],[37.62075,-3.70883],[37.61839,-3.70799],[37.61616,-3.70553],[37.61127,-3.70465],[37.60897,-3.70175],[37.60593,-3.70213],[37.6051,-3.6994],[37.6076,-3.69375],[37.61017,-3.67994],[37.61239,-3.67753],[37.61198,-3.67368],[37.61442,-3.67238],[37.61299,-3.67061],[37.61225,-3.65809],[37.60365,-3.64952],[37.60207,-3.64283],[37.59851,-3.63611],[37.59503,-3.63367],[37.59377,-3.62776],[37.60283,-3.62838],[37.61713,-3.62665]]]},"properties":{"region":"Kilimanjaro","district":"Mwanga","ward":"Shighatini","ward_code":"201"}},{"type":"Feature","geometry":{"type":"Polygon","coordinates":[[[37.66469,-3.50572],[37.66907,-3.50712],[37.67086,-3.50592],[37.67405,-3.50592],[37.67643,-3.5101],[37.68101,-3.51448],[37.68499,-3.51388],[37.68977,-3.51945],[37.68957,-3.52124],[37.69156,-3.52284],[37.69355,-3.52702],[37.69494,-3.52642],[37.69633,-3.52841],[37.69812,-3.52902],[37.6935,-3.54888],[37.69104,-3.55122],[37.68663,-3.55842],[37.68371,-3.55552],[37.68001,-3.55737],[37.67753,-3.55202],[37.67279,-3.5514],[37.66949,-3.54686],[37.66785,-3.54851],[37.6664,-3.54522],[37.64634,-3.58557],[37.6419,-3.59014],[37.63061,-3.58433],[37.62265,-3.58678],[37.60586,-3.58806],[37.59344,-3.58105],[37.58437,-3.58301],[37.57866,-3.56152],[37.57564,-3.54603],[37.57506,-3.53292],[37.5814,-3.51999],[37.58001,-3.51521],[37.58394,-3.51522],[37.58929,-3.51864],[37.59389,-3.51768],[37.59973,-3.52027],[37.60617,-3.52065],[37.60797,-3.52405],[37.61893,-3.52641],[37.62192,-3.52601],[37.62368,-3.52405],[37.63086,-3.52384],[37.63425,-3.52025],[37.644,-3.51906],[37.64798,-3.51547],[37.65395,-3.51368],[37.66031,-3.50791],[37.66469,-3.50572]]]},"properties":{"region":"Kilimanjaro","district":"Mwanga","ward":"Kivisini","ward_code":"021"}},{"type":"Feature","geometry":{"type":"Polygon","coordinates":[[[37.69812,-3.52902],[37.70585,-3.53037],[37.70739,-3.52976],[37.70983,-3.53095],[37.71262,-3.53029],[37.72218,-3.53226],[37.72837,-3.53979],[37.74394,-3.54419],[37.74769,-3.55055],[37.74924,-3.56417],[37.76837,-3.63398],[37.74998,-3.65021],[37.746,-3.65623],[37.7347,-3.66808],[37.73085,-3.67014],[37.72335,-3.67345],[37.70409,-3.67683],[37.69496,-3.67693],[37.6923,-3.67848],[37.68872,-3.67755],[37.68763,-3.67843],[37.68634,-3.67732],[37.6859,-3.67843],[37.68413,-3.67887],[37.6802,-3.67802],[37.67889,-3.67944],[37.67222,-3.67392],[37.66937,-3.67006],[37.67486,-3.66405],[37.68036,-3.66047],[37.68715,-3.66052],[37.69181,-3.66374],[37.69343,-3.66067],[37.703,-3.6618],[37.70561,-3.65474],[37.70228,-3.65171],[37.70305,-3.64685],[37.69687,-3.64484],[37.6968,-3.64233],[37.70537,-3.63617],[37.70527,-3.6353],[37.69685,-3.63049],[37.69693,-3.62796],[37.69308,-3.61685],[37.68578,-3.60766],[37.68452,-3.59723],[37.68557,-3.59488],[37.6899,-3.59562],[37.69597,-3.58994],[37.69578,-3.58827],[37.69284,-3.58441],[37.69806,-3.58214],[37.70223,-3.5781],[37.69786,-3.57305],[37.69169,-3.56984],[37.69011,-3.56673],[37.69142,-3.56115],[37.68663,-3.55842],[37.69104,-3.55122],[37.6935,-3.54888],[37.69812,-3.52902]]]},"properties":{"region":"Kilimanjaro","district":"Mwanga","ward":"Jipe","ward_code":"041"}},{"type":"Feature","geometry":{"type":"Polygon","coordinates":[[[37.7856,-3.67656],[37.78475,-3.67903],[37.78845,-3.68595],[37.78773,-3.68944],[37.78111,-3.7006],[37.7807,-3.70454],[37.77822,-3.70847],[37.77135,-3.71714],[37.77004,-3.72006],[37.76605,-3.72201],[37.76423,-3.72855],[37.73779,-3.73481],[37.73159,-3.7386],[37.72493,-3.7387],[37.70853,-3.73084],[37.70676,-3.73094],[37.70679,-3.72805],[37.7093,-3.72563],[37.70874,-3.7212],[37.70559,-3.71204],[37.69656,-3.69616],[37.69877,-3.69395],[37.70858,-3.69552],[37.71762,-3.69522],[37.71913,-3.69235],[37.705,-3.69068],[37.69644,-3.68775],[37.69081,-3.68902],[37.68838,-3.68825],[37.68715,-3.68575],[37.67889,-3.67944],[37.6802,-3.67802],[37.68413,-3.67887],[37.6859,-3.67843],[37.68634,-3.67732],[37.68763,-3.67843],[37.68872,-3.67755],[37.6923,-3.67848],[37.69496,-3.67693],[37.70409,-3.67683],[37.72335,-3.67345],[37.73085,-3.67014],[37.7347,-3.66808],[37.746,-3.65623],[37.74998,-3.65021],[37.76837,-3.63398],[37.7856,-3.67656]]]},"properties":{"region":"Kilimanjaro","district":"Mwanga","ward":"Kigonigoni","ward_code":"051"}},{"type":"Feature","geometry":{"type":"Polygon","coordinates":[[[37.81064,-3.89154],[37.80956,-3.88988],[37.81103,-3.87942],[37.8007,-3.85258],[37.79534,-3.84502],[37.79082,-3.8302],[37.79947,-3.81708],[37.79961,-3.80914],[37.79631,-3.79003],[37.74646,-3.78539],[37.7532,-3.73135],[37.76423,-3.72855],[37.76605,-3.72201],[37.77004,-3.72006],[37.7807,-3.70454],[37.78111,-3.7006],[37.78631,-3.69289],[37.78836,-3.68763],[37.78715,-3.68244],[37.78475,-3.67903],[37.7856,-3.67656],[37.95387,-3.79455],[37.90315,-3.85821],[37.84769,-3.88553],[37.81064,-3.89154]]]},"properties":{"region":"Kilimanjaro","district":"Mwanga","ward":"Toloha","ward_code":"061"}},{"type":"Feature","geometry":{"type":"Polygon","coordinates":[[[37.70853,-3.73084],[37.72493,-3.7387],[37.73159,-3.7386],[37.73779,-3.73481],[37.7532,-3.73135],[37.74646,-3.78539],[37.79631,-3.79003],[37.75369,-3.82687],[37.71942,-3.84878],[37.71042,-3.85119],[37.68701,-3.85999],[37.67386,-3.86166],[37.65628,-3.83942],[37.63735,-3.8206],[37.6398,-3.80862],[37.64052,-3.80766],[37.65185,-3.8104],[37.66581,-3.80099],[37.67461,-3.79352],[37.67853,-3.78146],[37.68727,-3.78121],[37.69164,-3.7772],[37.69412,-3.7713],[37.69535,-3.75203],[37.68705,-3.7454],[37.68375,-3.73789],[37.68524,-3.73518],[37.69228,-3.73558],[37.70676,-3.73094],[37.70853,-3.73084]]]},"properties":{"region":"Kilimanjaro","district":"Mwanga","ward":"Kwakoa","ward_code":"071"}},{"type":"Feature","geometry":{"type":"Polygon","coordinates":[[[37.8007,-3.85258],[37.81103,-3.87942],[37.80956,-3.88988],[37.81064,-3.89154],[37.74612,-3.90201],[37.74833,-3.90854],[37.70216,-3.90905],[37.69481,-3.92123],[37.68954,-3.93261],[37.68652,-3.9361],[37.66447,-3.93484],[37.64633,-3.93496],[37.63626,-3.94133],[37.63307,-3.94191],[37.62774,-3.94043],[37.61322,-3.93866],[37.60732,-3.93661],[37.58854,-3.93704],[37.54849,-3.89395],[37.55436,-3.88795],[37.5495,-3.87734],[37.54668,-3.86775],[37.54469,-3.83981],[37.54205,-3.82634],[37.54241,-3.82488],[37.54548,-3.82371],[37.54619,-3.82165],[37.54924,-3.82222],[37.54877,-3.8204],[37.55004,-3.81986],[37.55309,-3.81329],[37.55456,-3.81299],[37.5538,-3.81168],[37.55441,-3.81071],[37.55606,-3.81055],[37.55643,-3.80927],[37.55846,-3.81002],[37.55908,-3.80916],[37.56186,-3.81056],[37.56312,-3.80895],[37.56482,-3.80874],[37.56495,-3.80787],[37.56201,-3.80633],[37.5624,-3.80501],[37.56836,-3.80535],[37.56861,-3.80385],[37.56952,-3.8037],[37.56897,-3.80207],[37.57148,-3.80211],[37.57111,-3.80055],[37.57247,-3.79966],[37.57318,-3.80109],[37.57397,-3.79997],[37.57507,-3.80019],[37.57495,-3.7992],[37.57603,-3.79919],[37.57515,-3.79796],[37.57705,-3.7963],[37.57917,-3.79687],[37.57859,-3.79893],[37.58006,-3.79979],[37.58005,-3.80255],[37.58114,-3.80336],[37.58177,-3.80364],[37.58236,-3.80148],[37.58381,-3.80097],[37.58585,-3.80275],[37.58726,-3.80206],[37.58903,-3.80471],[37.58989,-3.80359],[37.59103,-3.80336],[37.59154,-3.80423],[37.59287,-3.80353],[37.59387,-3.8005],[37.59661,-3.80051],[37.59857,-3.79845],[37.60026,-3.7989],[37.59932,-3.79622],[37.60431,-3.79465],[37.60702,-3.79234],[37.61279,-3.7934],[37.61971,-3.79217],[37.62271,-3.79295],[37.63966,-3.79276],[37.64392,-3.79076],[37.64777,-3.79272],[37.65042,-3.79195],[37.65122,-3.7937],[37.64804,-3.79964],[37.64472,-3.80209],[37.6398,-3.80862],[37.63735,-3.8206],[37.65628,-3.83942],[37.67386,-3.86166],[37.68701,-3.85999],[37.71042,-3.85119],[37.71942,-3.84878],[37.75369,-3.82687],[37.79631,-3.79003],[37.79961,-3.80914],[37.79947,-3.81708],[37.79082,-3.8302],[37.79534,-3.84502],[37.8007,-3.85258]]]},"properties":{"region":"Kilimanjaro","district":"Mwanga","ward":"Mgagao","ward_code":"081"}},{"type":"Feature","geometry":{"type":"Polygon","coordinates":[[[37.54205,-3.82634],[37.54469,-3.83981],[37.54668,-3.86775],[37.5495,-3.87734],[37.55436,-3.88795],[37.54849,-3.89395],[37.58854,-3.93704],[37.46114,-3.96315],[37.46029,-3.958],[37.46393,-3.95376],[37.46332,-3.95103],[37.46181,-3.94952],[37.46696,-3.94588],[37.46544,-3.94225],[37.46544,-3.93831],[37.46338,-3.93645],[37.46346,-3.93456],[37.46209,-3.93464],[37.46187,-3.9335],[37.45914,-3.93229],[37.45884,-3.93047],[37.46598,-3.92692],[37.46588,-3.9236],[37.46736,-3.92175],[37.46597,-3.91932],[37.46696,-3.9189],[37.46824,-3.9157],[37.46712,-3.91454],[37.46603,-3.90815],[37.46173,-3.90688],[37.46183,-3.90171],[37.46007,-3.90063],[37.46007,-3.89941],[37.46286,-3.89931],[37.46427,-3.89736],[37.46379,-3.88974],[37.45778,-3.88583],[37.45387,-3.88862],[37.45012,-3.88551],[37.45187,-3.88268],[37.45172,-3.87774],[37.45543,-3.87608],[37.45485,-3.87447],[37.45245,-3.87261],[37.4525,-3.87022],[37.45714,-3.871],[37.45709,-3.87027],[37.45113,-3.86802],[37.45035,-3.8668],[37.45189,-3.86251],[37.45396,-3.86136],[37.45766,-3.86425],[37.45849,-3.85923],[37.4604,-3.85828],[37.46031,-3.85707],[37.45822,-3.85538],[37.45834,-3.85409],[37.45991,-3.85313],[37.46087,-3.84808],[37.45936,-3.84158],[37.46073,-3.83897],[37.46014,-3.83619],[37.46255,-3.83344],[37.46249,-3.8319],[37.46668,-3.83177],[37.47131,-3.82489],[37.46286,-3.80216],[37.44417,-3.7678],[37.46763,-3.74884],[37.47693,-3.74412],[37.50872,-3.73246],[37.53604,-3.73198],[37.54697,-3.73053],[37.54278,-3.75513],[37.54113,-3.7736],[37.54071,-3.79599],[37.54205,-3.82634]]]},"properties":{"region":"Kilimanjaro","district":"Mwanga","ward":"Kirya","ward_code":"093"}},{"type":"Feature","geometry":{"type":"Polygon","coordinates":[[[37.68448,-3.74709],[37.6859,-3.74795],[37.6891,-3.74755],[37.69535,-3.75203],[37.69412,-3.7713],[37.69164,-3.7772],[37.68727,-3.78121],[37.67853,-3.78146],[37.67461,-3.79352],[37.66581,-3.80099],[37.65185,-3.8104],[37.64052,-3.80766],[37.64472,-3.80209],[37.64804,-3.79964],[37.65114,-3.79303],[37.64343,-3.78537],[37.63147,-3.77711],[37.62984,-3.77476],[37.63156,-3.76544],[37.64852,-3.76459],[37.64967,-3.76807],[37.65056,-3.76451],[37.656,-3.75466],[37.66171,-3.75138],[37.66582,-3.75019],[37.68448,-3.74709]]]},"properties":{"region":"Kilimanjaro","district":"Mwanga","ward":"Kilomeni","ward_code":"171"}},{"type":"Feature","geometry":{"type":"Polygon","coordinates":[[[37.6051,-3.6994],[37.60608,-3.70436],[37.60191,-3.71191],[37.60268,-3.71778],[37.61361,-3.72991],[37.6204,-3.73505],[37.62322,-3.7342],[37.62484,-3.7361],[37.62461,-3.73729],[37.62257,-3.73732],[37.62043,-3.73935],[37.6177,-3.73917],[37.62257,-3.74846],[37.62705,-3.76108],[37.63156,-3.76544],[37.62984,-3.77476],[37.63147,-3.77711],[37.64343,-3.78537],[37.65042,-3.79195],[37.64777,-3.79272],[37.64392,-3.79076],[37.63966,-3.79276],[37.62271,-3.79295],[37.61971,-3.79217],[37.61279,-3.7934],[37.60702,-3.79234],[37.60431,-3.79465],[37.59932,-3.79622],[37.60026,-3.7989],[37.59857,-3.79845],[37.59661,-3.80051],[37.59387,-3.8005],[37.59287,-3.80353],[37.59154,-3.80423],[37.59103,-3.80336],[37.58989,-3.80359],[37.58903,-3.80471],[37.58726,-3.80206],[37.58585,-3.80275],[37.58381,-3.80097],[37.58236,-3.80148],[37.58177,-3.80364],[37.58114,-3.80336],[37.58005,-3.80255],[37.58006,-3.79979],[37.57859,-3.79893],[37.57917,-3.79687],[37.57705,-3.7963],[37.57515,-3.79796],[37.57603,-3.79919],[37.57495,-3.7992],[37.57507,-3.80019],[37.57397,-3.79997],[37.57318,-3.80109],[37.57247,-3.79966],[37.57111,-3.80055],[37.57148,-3.80211],[37.56897,-3.80207],[37.56952,-3.8037],[37.56861,-3.80385],[37.56836,-3.80535],[37.5624,-3.80501],[37.56201,-3.80633],[37.56495,-3.80787],[37.56482,-3.80874],[37.56312,-3.80895],[37.56186,-3.81056],[37.55908,-3.80916],[37.55846,-3.81002],[37.55643,-3.80927],[37.55606,-3.81055],[37.55441,-3.81071],[37.5538,-3.81168],[37.55456,-3.81299],[37.55309,-3.81329],[37.55004,-3.81986],[37.54877,-3.8204],[37.54924,-3.82222],[37.54619,-3.82165],[37.54548,-3.82371],[37.54241,-3.82488],[37.54205,-3.82634],[37.54071,-3.79599],[37.54113,-3.7736],[37.54528,-3.73718],[37.54697,-3.73053],[37.54993,-3.72944],[37.55023,-3.7256],[37.5495,-3.72405],[37.55055,-3.71927],[37.54632,-3.71302],[37.54253,-3.70447],[37.54537,-3.70528],[37.56568,-3.70425],[37.56681,-3.70078],[37.57357,-3.70194],[37.57727,-3.69952],[37.5824,-3.70135],[37.58981,-3.70243],[37.60051,-3.70179],[37.6051,-3.6994]]]},"properties":{"region":"Kilimanjaro","district":"Mwanga","ward":"Lembeni","ward_code":"181"}},{"type":"Feature","geometry":{"type":"Polygon","coordinates":[[[37.60593,-3.70213],[37.60897,-3.70175],[37.61127,-3.70465],[37.61616,-3.70553],[37.61839,-3.70799],[37.62075,-3.70883],[37.62635,-3.70772],[37.63627,-3.71079],[37.63392,-3.71969],[37.63748,-3.72064],[37.63954,-3.72266],[37.64189,-3.73014],[37.64855,-3.74117],[37.66171,-3.75138],[37.65453,-3.75616],[37.64967,-3.76807],[37.64852,-3.76459],[37.63156,-3.76544],[37.62705,-3.76108],[37.62257,-3.74846],[37.6177,-3.73917],[37.62043,-3.73935],[37.62257,-3.73732],[37.62461,-3.73729],[37.62484,-3.7361],[37.62322,-3.7342],[37.6204,-3.73505],[37.61361,-3.72991],[37.60268,-3.71778],[37.60191,-3.71191],[37.60608,-3.70436],[37.60593,-3.70213]]]},"properties":{"region":"Kilimanjaro","district":"Mwanga","ward":"Ngujini","ward_code":"191"}},{"type":"Feature","geometry":{"type":"Polygon","coordinates":[[[37.58545,-3.44031],[37.5855,-3.46205],[37.59214,-3.46133],[37.59706,-3.4594],[37.59999,-3.46032],[37.60235,-3.45984],[37.60831,-3.46323],[37.61877,-3.46199],[37.62328,-3.4671],[37.62601,-3.47745],[37.62575,-3.48061],[37.62683,-3.48477],[37.62479,-3.48882],[37.62163,-3.48871],[37.62017,-3.49042],[37.61881,-3.49497],[37.61342,-3.49695],[37.61261,-3.49815],[37.61268,-3.5026],[37.60736,-3.5059],[37.60764,-3.51247],[37.60434,-3.51615],[37.60356,-3.5206],[37.59731,-3.51958],[37.59389,-3.51768],[37.58929,-3.51864],[37.58394,-3.51522],[37.58001,-3.51521],[37.5814,-3.51999],[37.57506,-3.53292],[37.57564,-3.54603],[37.57866,-3.56152],[37.58437,-3.58301],[37.55366,-3.5868],[37.54111,-3.585],[37.51906,-3.58427],[37.5061,-3.58066],[37.48682,-3.55683],[37.4878,-3.55318],[37.49047,-3.55407],[37.48949,-3.55085],[37.49018,-3.54985],[37.49301,-3.5525],[37.49455,-3.54916],[37.49884,-3.55104],[37.49824,-3.54866],[37.49971,-3.54754],[37.50064,-3.54341],[37.50215,-3.54506],[37.50336,-3.54361],[37.50291,-3.54214],[37.50435,-3.54057],[37.50799,-3.54078],[37.50892,-3.54175],[37.50965,-3.54031],[37.51438,-3.53819],[37.51553,-3.53949],[37.51688,-3.53786],[37.51874,-3.53899],[37.52274,-3.53678],[37.52758,-3.52963],[37.52756,-3.52527],[37.5294,-3.52035],[37.5336,-3.51871],[37.53267,-3.51562],[37.53504,-3.50934],[37.53387,-3.50273],[37.53868,-3.50127],[37.53794,-3.49823],[37.53893,-3.4967],[37.53786,-3.49618],[37.53754,-3.49681],[37.53646,-3.4955],[37.53847,-3.49384],[37.53794,-3.49208],[37.54058,-3.49288],[37.54084,-3.492],[37.5433,-3.49124],[37.54323,-3.48667],[37.54378,-3.48719],[37.54438,-3.48502],[37.55175,-3.48101],[37.55437,-3.47551],[37.55365,-3.47414],[37.55426,-3.47369],[37.55315,-3.4731],[37.55505,-3.47154],[37.5554,-3.46855],[37.55406,-3.46828],[37.55373,-3.46542],[37.55546,-3.46452],[37.55412,-3.46316],[37.55509,-3.46167],[37.55462,-3.46005],[37.55583,-3.45895],[37.55321,-3.45839],[37.55281,-3.45644],[37.55096,-3.45661],[37.55088,-3.45528],[37.54881,-3.45454],[37.56167,-3.44325],[37.58644,-3.43322],[37.59039,-3.43451],[37.58793,-3.43835],[37.58545,-3.44031]]]},"properties":{"region":"Kilimanjaro","district":"Mwanga","ward":"Kileo","ward_code":"013"}},{"type":"Feature","geometry":{"type":"Polygon","coordinates":[[[37.48384,-3.5558],[37.48521,-3.55747],[37.48682,-3.55683],[37.5061,-3.58066],[37.49835,-3.60456],[37.48502,-3.63217],[37.48806,-3.65494],[37.4902,-3.68793],[37.48923,-3.70104],[37.50701,-3.70199],[37.53382,-3.70189],[37.54253,-3.70447],[37.54632,-3.71302],[37.55055,-3.71927],[37.5495,-3.72405],[37.55023,-3.7256],[37.54993,-3.72944],[37.53604,-3.73198],[37.50872,-3.73246],[37.47693,-3.74412],[37.46763,-3.74884],[37.44417,-3.7678],[37.422,-3.72734],[37.41262,-3.70466],[37.40917,-3.6713],[37.4119,-3.66071],[37.42322,-3.63946],[37.43726,-3.62399],[37.44642,-3.61546],[37.46368,-3.58837],[37.46776,-3.58757],[37.46805,-3.58353],[37.46701,-3.58395],[37.46692,-3.58532],[37.46604,-3.58508],[37.46625,-3.58332],[37.46555,-3.58307],[37.46457,-3.58499],[37.46274,-3.58222],[37.46512,-3.58012],[37.46456,-3.57678],[37.46267,-3.5763],[37.46359,-3.5733],[37.46544,-3.57491],[37.46876,-3.56962],[37.46773,-3.56648],[37.46942,-3.56741],[37.46858,-3.56417],[37.47011,-3.56238],[37.47245,-3.56527],[37.47544,-3.56164],[37.4772,-3.56227],[37.47954,-3.55964],[37.4804,-3.5559],[37.48384,-3.5558]]]},"properties":{"region":"Kilimanjaro","district":"Mwanga","ward":"Lang'ata","ward_code":"103"}},{"type":"Feature","geometry":{"type":"Polygon","coordinates":[[[37.54111,-3.585],[37.55366,-3.5868],[37.58437,-3.58301],[37.59253,-3.60863],[37.59177,-3.62403],[37.59377,-3.62776],[37.59503,-3.63367],[37.59851,-3.63611],[37.60207,-3.64283],[37.60365,-3.64952],[37.61225,-3.65809],[37.61299,-3.67061],[37.61442,-3.67238],[37.61198,-3.67368],[37.61239,-3.67753],[37.61017,-3.67994],[37.6076,-3.69375],[37.6051,-3.6994],[37.60051,-3.70179],[37.58981,-3.70243],[37.5824,-3.70135],[37.57727,-3.69952],[37.57357,-3.70194],[37.56681,-3.70078],[37.56568,-3.70425],[37.54537,-3.70528],[37.53382,-3.70189],[37.50701,-3.70199],[37.48923,-3.70104],[37.4902,-3.68793],[37.48806,-3.65494],[37.48502,-3.63217],[37.49835,-3.60456],[37.5061,-3.58066],[37.51906,-3.58427],[37.54111,-3.585]]]},"properties":{"region":"Kilimanjaro","district":"Mwanga","ward":"Mwanga","ward_code":"113"}},{"type":"Feature","geometry":{"type":"Polygon","coordinates":[[[37.60767,-3.97986],[37.65592,-4.02198],[37.63196,-4.10939],[37.60913,-4.17332],[37.66914,-4.18496],[37.67642,-4.19974],[37.67603,-4.24811],[37.68256,-4.26006],[37.68202,-4.27795],[37.66435,-4.27641],[37.66067,-4.2844],[37.66647,-4.28669],[37.66707,-4.30474],[37.66614,-4.32692],[37.66049,-4.36598],[37.66815,-4.40153],[37.66659,-4.43025],[37.68722,-4.4673],[37.70194,-4.47665],[37.66969,-4.49652],[37.63044,-4.52311],[37.62954,-4.52278],[37.62749,-4.51703],[37.62592,-4.51726],[37.62439,-4.51925],[37.62255,-4.51774],[37.62275,-4.51387],[37.61876,-4.51353],[37.61988,-4.51046],[37.61748,-4.51087],[37.61664,-4.50979],[37.61848,-4.50744],[37.61722,-4.50652],[37.61651,-4.50397],[37.61465,-4.50311],[37.61309,-4.50438],[37.61132,-4.50353],[37.61001,-4.50442],[37.60851,-4.50334],[37.60576,-4.50464],[37.60313,-4.49948],[37.60332,-4.49683],[37.59865,-4.49519],[37.5975,-4.49681],[37.59573,-4.49731],[37.59522,-4.49576],[37.59202,-4.49618],[37.59205,-4.49133],[37.59103,-4.49037],[37.58604,-4.48955],[37.58642,-4.48805],[37.58466,-4.48581],[37.58322,-4.48615],[37.58232,-4.48529],[37.58551,-4.4818],[37.5844,-4.48051],[37.58091,-4.48153],[37.57947,-4.47941],[37.57505,-4.47728],[37.57139,-4.47714],[37.57057,-4.47587],[37.57182,-4.47492],[37.57075,-4.47318],[37.57113,-4.4707],[37.56925,-4.47069],[37.56897,-4.4696],[37.56478,-4.46979],[37.56244,-4.47125],[37.55884,-4.46872],[37.55392,-4.46982],[37.55324,-4.4673],[37.55411,-4.46641],[37.55147,-4.46627],[37.55072,-4.46455],[37.54853,-4.46544],[37.54919,-4.46277],[37.54864,-4.46072],[37.54754,-4.45872],[37.54424,-4.45675],[37.54388,-4.45472],[37.54303,-4.45412],[37.54135,-4.45646],[37.5388,-4.45517],[37.53908,-4.45269],[37.5371,-4.45302],[37.53488,-4.45195],[37.53693,-4.44963],[37.53627,-4.44889],[37.53482,-4.44986],[37.53403,-4.44763],[37.53174,-4.4473],[37.53126,-4.44564],[37.53008,-4.44582],[37.52966,-4.44484],[37.53065,-4.4432],[37.5296,-4.44244],[37.52738,-4.44329],[37.52671,-4.44191],[37.52472,-4.44228],[37.52439,-4.44118],[37.52559,-4.43836],[37.52685,-4.43832],[37.52652,-4.43756],[37.52501,-4.43604],[37.52315,-4.43588],[37.52192,-4.43304],[37.52265,-4.43173],[37.52036,-4.4312],[37.51949,-4.42908],[37.51619,-4.42871],[37.51341,-4.42528],[37.5143,-4.42258],[37.51136,-4.41971],[37.51192,-4.41877],[37.51102,-4.4171],[37.50894,-4.41579],[37.51044,-4.41333],[37.50979,-4.41265],[37.50869,-4.41316],[37.50667,-4.41121],[37.50695,-4.41022],[37.50572,-4.40982],[37.50841,-4.40611],[37.50649,-4.40446],[37.50206,-4.4041],[37.5001,-4.40162],[37.49901,-4.40181],[37.50108,-4.40036],[37.50163,-4.39851],[37.4998,-4.39767],[37.49969,-4.39371],[37.4985,-4.39262],[37.49909,-4.39291],[37.49906,-4.39162],[37.49776,-4.39276],[37.496,-4.39117],[37.49638,-4.39011],[37.49527,-4.38882],[37.49697,-4.38835],[37.49577,-4.38787],[37.49552,-4.38545],[37.49455,-4.38545],[37.4923,-4.38111],[37.4931,-4.38003],[37.49278,-4.37717],[37.49411,-4.37758],[37.49312,-4.37512],[37.49544,-4.37543],[37.49651,-4.37428],[37.49679,-4.37083],[37.49611,-4.36957],[37.49354,-4.36952],[37.49309,-4.36872],[37.49397,-4.36238],[37.49272,-4.36181],[37.49359,-4.36092],[37.49217,-4.35987],[37.49301,-4.3576],[37.49178,-4.3574],[37.49129,-4.3557],[37.49244,-4.35464],[37.49159,-4.35405],[37.49379,-4.35271],[37.49355,-4.35127],[37.49508,-4.35017],[37.49842,-4.352],[37.49888,-4.34853],[37.50032,-4.34916],[37.49973,-4.34782],[37.50198,-4.34611],[37.5018,-4.3451],[37.50381,-4.34396],[37.5037,-4.34283],[37.50777,-4.3408],[37.50795,-4.33981],[37.50526,-4.33786],[37.50563,-4.33424],[37.50385,-4.33128],[37.50066,-4.32942],[37.50112,-4.32785],[37.4984,-4.32283],[37.49582,-4.32143],[37.49729,-4.31789],[37.49522,-4.31734],[37.49486,-4.31083],[37.49392,-4.309],[37.4976,-4.30836],[37.49904,-4.30904],[37.50034,-4.30829],[37.50242,-4.30538],[37.50441,-4.30451],[37.50365,-4.30222],[37.50444,-4.30131],[37.50624,-4.30159],[37.50876,-4.30017],[37.50694,-4.29582],[37.50726,-4.29151],[37.50969,-4.29057],[37.51054,-4.28756],[37.50851,-4.28546],[37.51088,-4.28481],[37.5135,-4.28232],[37.51165,-4.27545],[37.51014,-4.27715],[37.50975,-4.27647],[37.51132,-4.27318],[37.50604,-4.26773],[37.50462,-4.26754],[37.50577,-4.26682],[37.50551,-4.26469],[37.5033,-4.26162],[37.50263,-4.25623],[37.5042,-4.2537],[37.50264,-4.25095],[37.50405,-4.24816],[37.50355,-4.24113],[37.50115,-4.23997],[37.50078,-4.2369],[37.49803,-4.23509],[37.49666,-4.23153],[37.49717,-4.22945],[37.49522,-4.23009],[37.49463,-4.22902],[37.49544,-4.22733],[37.49439,-4.22494],[37.49641,-4.22295],[37.49469,-4.2182],[37.4977,-4.21605],[37.49836,-4.21367],[37.49943,-4.21374],[37.49976,-4.21066],[37.49706,-4.20807],[37.49969,-4.20218],[37.49702,-4.20106],[37.49821,-4.1991],[37.4963,-4.19809],[37.49595,-4.19685],[37.4999,-4.19408],[37.50061,-4.18993],[37.5,-4.18775],[37.50285,-4.1833],[37.5034,-4.17866],[37.50245,-4.17724],[37.50058,-4.17757],[37.49664,-4.17597],[37.49633,-4.17198],[37.49903,-4.17156],[37.49974,-4.16774],[37.5015,-4.16623],[37.50344,-4.16155],[37.50729,-4.15911],[37.5076,-4.15679],[37.5062,-4.15628],[37.50736,-4.1536],[37.51017,-4.15256],[37.50976,-4.15157],[37.50745,-4.15123],[37.50739,-4.15027],[37.5096,-4.14881],[37.5083,-4.14562],[37.51038,-4.14321],[37.5142,-4.14137],[37.51462,-4.14042],[37.51337,-4.13856],[37.51508,-4.13505],[37.5164,-4.13425],[37.51426,-4.13225],[37.51499,-4.13025],[37.51316,-4.12953],[37.51287,-4.12822],[37.51475,-4.12344],[37.51351,-4.12233],[37.51273,-4.11914],[37.51359,-4.11769],[37.51301,-4.11428],[37.51487,-4.1068],[37.51457,-4.10593],[37.51164,-4.10602],[37.51129,-4.10322],[37.50776,-4.09982],[37.50902,-4.09713],[37.50933,-4.09459],[37.5085,-4.09345],[37.50938,-4.09081],[37.50573,-4.0858],[37.5071,-4.08385],[37.50812,-4.08361],[37.50966,-4.08528],[37.51162,-4.08361],[37.50878,-4.08267],[37.50645,-4.07588],[37.50394,-4.07496],[37.50287,-4.07338],[37.50393,-4.07045],[37.50274,-4.06708],[37.50366,-4.0646],[37.50011,-4.06292],[37.49767,-4.06332],[37.49732,-4.06199],[37.49897,-4.05987],[37.49739,-4.059],[37.49484,-4.0596],[37.49297,-4.05669],[37.4913,-4.05008],[37.49518,-4.04245],[37.49216,-4.03471],[37.49329,-4.03165],[37.4909,-4.028],[37.49099,-4.02519],[37.48852,-4.02516],[37.48932,-4.02245],[37.48393,-4.01831],[37.48029,-4.02043],[37.47878,-4.01831],[37.47666,-4.0174],[37.47485,-4.01378],[37.47076,-4.01174],[37.47305,-4.00591],[37.47131,-4.00471],[37.47241,-4.00103],[37.4706,-4.00005],[37.47029,-3.99723],[37.47203,-3.99332],[37.46934,-3.99374],[37.46795,-3.98756],[37.46318,-3.97992],[37.46666,-3.97619],[37.46423,-3.97406],[37.46544,-3.96982],[37.46393,-3.96588],[37.46181,-3.96558],[37.46114,-3.96315],[37.58093,-3.93802],[37.60767,-3.97986]]]},"properties":{"region":"Kilimanjaro","district":"Same","ward":"Ruvu","ward_code":"011"}},{"type":"Feature","geometry":{"type":"Polygon","coordinates":[[[37.68652,-3.9361],[37.69189,-3.95549],[37.69523,-3.96395],[37.69879,-3.9688],[37.70122,-3.97624],[37.71102,-3.98356],[37.72639,-3.99207],[37.73137,-3.9971],[37.72564,-3.9996],[37.72354,-4.0017],[37.71961,-4.00963],[37.71538,-4.01405],[37.71258,-4.01461],[37.70555,-4.01353],[37.69994,-4.01565],[37.69209,-4.01927],[37.67847,-4.02979],[37.65592,-4.02198],[37.60767,-3.97986],[37.58093,-3.93802],[37.58624,-3.93705],[37.60732,-3.93661],[37.61322,-3.93866],[37.62774,-3.94043],[37.63307,-3.94191],[37.63626,-3.94133],[37.64633,-3.93496],[37.66447,-3.93484],[37.68652,-3.9361]]]},"properties":{"region":"Kilimanjaro","district":"Same","ward":"Njoro","ward_code":"021"}},{"type":"Feature","geometry":{"type":"Polygon","coordinates":[[[37.90315,-3.85821],[37.90497,-4.09867],[37.90402,-4.11069],[37.90031,-4.11041],[37.88993,-4.12281],[37.88696,-4.11922],[37.88037,-4.11574],[37.87603,-4.11501],[37.87046,-4.11696],[37.86022,-4.11643],[37.84838,-4.11855],[37.81161,-4.10698],[37.78187,-4.09928],[37.76995,-4.08663],[37.76725,-4.06709],[37.76494,-4.06314],[37.76307,-4.06249],[37.76181,-4.05825],[37.75765,-4.05624],[37.74546,-4.05676],[37.73952,-4.05114],[37.73545,-4.04384],[37.72429,-4.035],[37.72107,-4.03025],[37.71733,-4.02747],[37.71759,-4.02514],[37.71355,-4.01961],[37.71258,-4.01461],[37.71538,-4.01405],[37.71961,-4.00963],[37.72354,-4.0017],[37.72564,-3.9996],[37.73137,-3.9971],[37.72639,-3.99207],[37.71102,-3.98356],[37.70122,-3.97624],[37.69879,-3.9688],[37.69523,-3.96395],[37.69189,-3.95549],[37.68652,-3.9361],[37.68954,-3.93261],[37.69481,-3.92123],[37.70216,-3.90905],[37.74833,-3.90854],[37.74612,-3.90201],[37.84769,-3.88553],[37.90315,-3.85821]]]},"properties":{"region":"Kilimanjaro","district":"Same","ward":"Vumari","ward_code":"031"}},{"type":"Feature","geometry":{"type":"Polygon","coordinates":[[[37.69043,-4.06507],[37.70199,-4.05888],[37.70936,-4.05374],[37.72335,-4.06925],[37.73427,-4.07246],[37.73741,-4.07583],[37.73863,-4.08004],[37.74147,-4.08461],[37.74162,-4.08885],[37.74052,-4.09113],[37.74221,-4.09429],[37.74153,-4.09678],[37.74358,-4.09876],[37.74472,-4.10513],[37.74422,-4.10664],[37.75238,-4.14119],[37.75841,-4.15161],[37.75619,-4.16458],[37.74061,-4.15902],[37.73607,-4.16457],[37.73449,-4.17375],[37.66914,-4.18496],[37.60913,-4.17332],[37.63196,-4.10939],[37.65053,-4.04277],[37.67643,-4.04532],[37.6812,-4.04744],[37.68442,-4.05088],[37.68547,-4.05511],[37.68835,-4.05877],[37.68883,-4.06238],[37.69043,-4.06507]]]},"properties":{"region":"Kilimanjaro","district":"Same","ward":"Stesheni","ward_code":"163"}},{"type":"Feature","geometry":{"type":"Polygon","coordinates":[[[37.71258,-4.01461],[37.71355,-4.01961],[37.71759,-4.02514],[37.71733,-4.02747],[37.72107,-4.03025],[37.72429,-4.035],[37.73545,-4.04384],[37.73952,-4.05114],[37.74589,-4.0568],[37.74516,-4.06569],[37.74192,-4.06707],[37.73991,-4.06937],[37.73801,-4.06941],[37.73458,-4.07263],[37.72335,-4.06925],[37.70936,-4.05374],[37.70199,-4.05888],[37.69048,-4.06512],[37.68883,-4.06238],[37.68835,-4.05877],[37.68547,-4.05511],[37.68442,-4.05088],[37.6812,-4.04744],[37.67643,-4.04532],[37.65053,-4.04277],[37.65592,-4.02198],[37.67847,-4.02979],[37.69209,-4.01927],[37.69994,-4.01565],[37.70555,-4.01353],[37.71258,-4.01461]]]},"properties":{"region":"Kilimanjaro","district":"Same","ward":"Same","ward_code":"173"}},{"type":"Feature","geometry":{"type":"Polygon","coordinates":[[[37.78187,-4.09928],[37.77702,-4.10956],[37.77303,-4.11025],[37.77089,-4.11203],[37.76006,-4.11172],[37.75503,-4.10934],[37.74939,-4.10989],[37.74805,-4.112],[37.74575,-4.1131],[37.74358,-4.09876],[37.74153,-4.09678],[37.74221,-4.09429],[37.74052,-4.09113],[37.74162,-4.08885],[37.74147,-4.08461],[37.73863,-4.08004],[37.73741,-4.07583],[37.73458,-4.07263],[37.73801,-4.06941],[37.73991,-4.06937],[37.74192,-4.06707],[37.74516,-4.06569],[37.74589,-4.0568],[37.75765,-4.05624],[37.76181,-4.05825],[37.76307,-4.06249],[37.76494,-4.06314],[37.76725,-4.06709],[37.76995,-4.08663],[37.78187,-4.09928]]]},"properties":{"region":"Kilimanjaro","district":"Same","ward":"Kisima","ward_code":"183"}},{"type":"Feature","geometry":{"type":"Polygon","coordinates":[[[38.40496,-4.11108],[38.34242,-4.20883],[38.12109,-4.20863],[38.09865,-4.20983],[38.09395,-4.20786],[38.08295,-4.20828],[38.07896,-4.20123],[38.07032,-4.20219],[38.06332,-4.19636],[38.05639,-4.19542],[38.05349,-4.19154],[38.04961,-4.19135],[38.04528,-4.18896],[38.03224,-4.18797],[38.03003,-4.18671],[38.0236,-4.18588],[37.99898,-4.18469],[37.99095,-4.1873],[37.99047,-4.18837],[37.98481,-4.19116],[37.98069,-4.19392],[37.97989,-4.19692],[37.97506,-4.18919],[37.95818,-4.17189],[37.95102,-4.15901],[37.94687,-4.1567],[37.94391,-4.15757],[37.9424,-4.15674],[37.94006,-4.15973],[37.93554,-4.15671],[37.93718,-4.15022],[37.93672,-4.14808],[37.93129,-4.14006],[37.92936,-4.13365],[37.92621,-4.12893],[37.9169,-4.12202],[37.90992,-4.1188],[37.90803,-4.11453],[37.90402,-4.11069],[37.90497,-4.09867],[37.90315,-3.85821],[37.95387,-3.79455],[38.40496,-4.11108]]]},"properties":{"region":"Kilimanjaro","district":"Same","ward":"Kisiwani","ward_code":"043"}},{"type":"Feature","geometry":{"type":"Polygon","coordinates":[[[37.75619,-4.16458],[37.76021,-4.18692],[37.77819,-4.18371],[37.79679,-4.20848],[37.81037,-4.20789],[37.81813,-4.19491],[37.82592,-4.19477],[37.82894,-4.19679],[37.83531,-4.19878],[37.83837,-4.19593],[37.84094,-4.1951],[37.84586,-4.2013],[37.84982,-4.20301],[37.8466,-4.20843],[37.85258,-4.21747],[37.85938,-4.2263],[37.86664,-4.23062],[37.87068,-4.2351],[37.87448,-4.24241],[37.87308,-4.25279],[37.87455,-4.25871],[37.86909,-4.25897],[37.868,-4.25696],[37.86486,-4.25552],[37.85901,-4.25783],[37.81609,-4.2673],[37.80802,-4.27121],[37.7808,-4.2743],[37.78275,-4.28195],[37.77031,-4.29142],[37.7435,-4.30346],[37.72785,-4.30419],[37.70124,-4.29855],[37.68705,-4.3051],[37.68324,-4.30586],[37.67997,-4.31408],[37.67677,-4.31673],[37.67186,-4.31765],[37.66685,-4.31661],[37.66647,-4.28669],[37.66067,-4.2844],[37.66435,-4.27641],[37.68202,-4.27795],[37.68256,-4.26006],[37.67603,-4.24811],[37.67642,-4.19974],[37.66914,-4.18496],[37.73449,-4.17375],[37.73607,-4.16457],[37.74061,-4.15902],[37.75619,-4.16458]]]},"properties":{"region":"Kilimanjaro","district":"Same","ward":"Bangalala","ward_code":"151"}},{"type":"Feature","geometry":{"type":"Polygon","coordinates":[[[37.7942,-4.10208],[37.84838,-4.11855],[37.85909,-4.11668],[37.86675,-4.12948],[37.86487,-4.13441],[37.86254,-4.1365],[37.86193,-4.14141],[37.85854,-4.14842],[37.86242,-4.14914],[37.85745,-4.16236],[37.85015,-4.16666],[37.85703,-4.1947],[37.84982,-4.20301],[37.84586,-4.2013],[37.84094,-4.1951],[37.83837,-4.19593],[37.83531,-4.19878],[37.82894,-4.19679],[37.82592,-4.19477],[37.81813,-4.19491],[37.81037,-4.20789],[37.79679,-4.20848],[37.77819,-4.18371],[37.76021,-4.18692],[37.75661,-4.17061],[37.75738,-4.16981],[37.75619,-4.16458],[37.75841,-4.15161],[37.75238,-4.14119],[37.74575,-4.1131],[37.74805,-4.112],[37.74939,-4.10989],[37.75503,-4.10934],[37.76006,-4.11172],[37.77089,-4.11203],[37.77303,-4.11025],[37.77702,-4.10956],[37.78187,-4.09928],[37.7942,-4.10208]]]},"properties":{"region":"Kilimanjaro","district":"Same","ward":"Mwembe","ward_code":"193"}},{"type":"Feature","geometry":{"type":"Polygon","coordinates":[[[37.88037,-4.11574],[37.88696,-4.11922],[37.88993,-4.12281],[37.88722,-4.12752],[37.88612,-4.13345],[37.88419,-4.13546],[37.88695,-4.14402],[37.89292,-4.15317],[37.89319,-4.17428],[37.89737,-4.18633],[37.88264,-4.18243],[37.87689,-4.17561],[37.8706,-4.17489],[37.86905,-4.17229],[37.86333,-4.1695],[37.85955,-4.16416],[37.85718,-4.1628],[37.86157,-4.15308],[37.86242,-4.14914],[37.85854,-4.14842],[37.86193,-4.14141],[37.86254,-4.1365],[37.86487,-4.13441],[37.86675,-4.12948],[37.85909,-4.11668],[37.86678,-4.11618],[37.87046,-4.11696],[37.87603,-4.11501],[37.88037,-4.11574]]]},"properties":{"region":"Kilimanjaro","district":"Same","ward":"Mhezi","ward_code":"201"}},{"type":"Feature","geometry":{"type":"Polygon","coordinates":[[[37.94006,-4.15973],[37.93601,-4.16502],[37.93282,-4.1658],[37.93024,-4.17037],[37.9261,-4.17286],[37.92197,-4.17945],[37.92009,-4.18573],[37.9089,-4.20004],[37.90534,-4.19862],[37.89737,-4.18633],[37.89436,-4.17808],[37.89319,-4.17428],[37.89292,-4.15317],[37.88695,-4.14402],[37.88419,-4.13546],[37.88612,-4.13345],[37.88722,-4.12752],[37.88993,-4.12281],[37.90031,-4.11041],[37.90546,-4.11149],[37.90803,-4.11453],[37.90992,-4.1188],[37.9169,-4.12202],[37.92621,-4.12893],[37.92936,-4.13365],[37.93129,-4.14006],[37.93672,-4.14808],[37.93718,-4.15022],[37.93554,-4.15671],[37.94006,-4.15973]]]},"properties":{"region":"Kilimanjaro","district":"Same","ward":"Mshewa","ward_code":"211"}},{"type":"Feature","geometry":{"type":"Polygon","coordinates":[[[37.94818,-4.15712],[37.95102,-4.15901],[37.95818,-4.17189],[37.97506,-4.18919],[37.97989,-4.19692],[37.989,-4.19929],[37.98203,-4.21066],[37.97705,-4.21624],[37.97122,-4.2187],[37.96806,-4.22253],[37.96673,-4.22237],[37.96424,-4.21818],[37.96266,-4.21786],[37.95783,-4.21949],[37.95625,-4.22267],[37.94818,-4.23139],[37.94658,-4.23427],[37.93789,-4.23331],[37.92773,-4.23495],[37.91107,-4.23467],[37.91294,-4.22488],[37.91201,-4.2191],[37.90986,-4.21363],[37.91198,-4.20279],[37.9087,-4.20014],[37.92009,-4.18573],[37.92197,-4.17945],[37.9261,-4.17286],[37.93024,-4.17037],[37.93282,-4.1658],[37.93601,-4.16502],[37.93771,-4.16149],[37.9424,-4.15674],[37.94391,-4.15757],[37.94818,-4.15712]]]},"properties":{"region":"Kilimanjaro","district":"Same","ward":"Msindo","ward_code":"221"}},{"type":"Feature","geometry":{"type":"Polygon","coordinates":[[[37.91107,-4.23467],[37.9043,-4.24451],[37.90233,-4.24485],[37.89937,-4.24479],[37.89707,-4.24358],[37.87448,-4.24241],[37.87068,-4.2351],[37.86664,-4.23062],[37.85938,-4.2263],[37.8466,-4.20843],[37.84982,-4.20301],[37.85703,-4.1947],[37.85015,-4.16666],[37.85718,-4.1628],[37.85955,-4.16416],[37.86333,-4.1695],[37.86905,-4.17229],[37.8706,-4.17489],[37.87689,-4.17561],[37.88264,-4.18243],[37.89737,-4.18633],[37.90534,-4.19862],[37.91198,-4.20279],[37.90986,-4.21363],[37.91201,-4.2191],[37.91272,-4.2282],[37.91107,-4.23467]]]},"properties":{"region":"Kilimanjaro","district":"Same","ward":"Vudee","ward_code":"341"}},{"type":"Feature","geometry":{"type":"Polygon","coordinates":[[[37.93341,-4.46692],[37.9387,-4.47765],[37.94701,-4.48658],[37.94951,-4.49135],[37.95545,-4.49801],[37.95897,-4.50042],[37.94872,-4.50363],[37.95556,-4.51236],[37.96379,-4.52777],[37.96737,-4.5324],[37.95725,-4.54134],[37.95609,-4.5497],[37.95413,-4.55202],[37.95282,-4.55573],[37.94733,-4.55843],[37.94559,-4.56181],[37.94465,-4.56222],[37.93235,-4.54972],[37.91762,-4.53308],[37.91127,-4.53717],[37.90821,-4.54136],[37.90319,-4.54434],[37.89261,-4.54802],[37.86548,-4.5527],[37.86101,-4.55068],[37.85281,-4.54382],[37.84292,-4.53931],[37.83689,-4.52301],[37.83063,-4.51435],[37.82861,-4.50954],[37.8409,-4.49323],[37.8536,-4.48818],[37.87737,-4.48121],[37.8906,-4.47209],[37.9046,-4.47247],[37.90946,-4.4684],[37.91185,-4.46199],[37.91642,-4.45579],[37.92153,-4.45161],[37.92431,-4.44763],[37.92718,-4.44659],[37.9312,-4.44198],[37.93414,-4.45085],[37.93341,-4.46692]]]},"properties":{"region":"Kilimanjaro","district":"Same","ward":"Hedaru","ward_code":"113"}},{"type":"Feature","geometry":{"type":"Polygon","coordinates":[[[37.91868,-4.41131],[37.9173,-4.41485],[37.91994,-4.4215],[37.91941,-4.42885],[37.92259,-4.43341],[37.9312,-4.44198],[37.92718,-4.44659],[37.92431,-4.44763],[37.92153,-4.45161],[37.91642,-4.45579],[37.91185,-4.46199],[37.90946,-4.4684],[37.9046,-4.47247],[37.8906,-4.47209],[37.87737,-4.48121],[37.8536,-4.48818],[37.8409,-4.49323],[37.82863,-4.50912],[37.82791,-4.50322],[37.82343,-4.49403],[37.82286,-4.49105],[37.8162,-4.48522],[37.81532,-4.47891],[37.81147,-4.4729],[37.80837,-4.46529],[37.80169,-4.4602],[37.80226,-4.45804],[37.79975,-4.45063],[37.80937,-4.44723],[37.83902,-4.44021],[37.85821,-4.4335],[37.86386,-4.43033],[37.87092,-4.42318],[37.87756,-4.41935],[37.88301,-4.4143],[37.89184,-4.41297],[37.89371,-4.41456],[37.89658,-4.41349],[37.90767,-4.40423],[37.91105,-4.40385],[37.9124,-4.40719],[37.91525,-4.40945],[37.91762,-4.40982],[37.91868,-4.41131]]]},"properties":{"region":"Kilimanjaro","district":"Same","ward":"Gavao-Saweni","ward_code":"121"}},{"type":"Feature","geometry":{"type":"Polygon","coordinates":[[[37.82886,-4.51055],[37.83689,-4.52301],[37.84292,-4.53931],[37.85281,-4.54382],[37.86101,-4.55068],[37.86548,-4.5527],[37.89261,-4.54802],[37.90319,-4.54434],[37.90821,-4.54136],[37.91127,-4.53717],[37.91762,-4.53308],[37.94465,-4.56222],[37.94733,-4.55843],[37.95282,-4.55573],[37.95413,-4.55202],[37.95609,-4.5497],[37.95725,-4.54134],[37.95904,-4.539],[37.96205,-4.5376],[37.96272,-4.54623],[37.96758,-4.56332],[37.98844,-4.58547],[38.01756,-4.6036],[38.01436,-4.61084],[38.00924,-4.61598],[38.00384,-4.61829],[37.99973,-4.61529],[37.9958,-4.61408],[37.99091,-4.60686],[37.98298,-4.60665],[37.98155,-4.60537],[37.98051,-4.60575],[37.9786,-4.60497],[37.97853,-4.60395],[37.97507,-4.60117],[37.97254,-4.60199],[37.96784,-4.5984],[37.96355,-4.59803],[37.96042,-4.59908],[37.95854,-4.60281],[37.95544,-4.59872],[37.95545,-4.59743],[37.95261,-4.59917],[37.94459,-4.59975],[37.94246,-4.60184],[37.93906,-4.6016],[37.93805,-4.59937],[37.936,-4.60024],[37.9345,-4.59934],[37.93408,-4.59729],[37.93547,-4.5967],[37.93627,-4.59285],[37.93574,-4.58884],[37.9411,-4.58673],[37.93744,-4.58349],[37.93504,-4.58346],[37.93209,-4.57766],[37.92781,-4.57728],[37.92334,-4.57997],[37.92351,-4.58185],[37.92036,-4.57916],[37.918,-4.57976],[37.91533,-4.57901],[37.91366,-4.58102],[37.91367,-4.58461],[37.91114,-4.58534],[37.90355,-4.58215],[37.89994,-4.58483],[37.89726,-4.5856],[37.89403,-4.58464],[37.88934,-4.57884],[37.88795,-4.5784],[37.88702,-4.57956],[37.88745,-4.58078],[37.88641,-4.58154],[37.8832,-4.58245],[37.88171,-4.58137],[37.87805,-4.5841],[37.87698,-4.58695],[37.87633,-4.58613],[37.87563,-4.58673],[37.87647,-4.58832],[37.87548,-4.58845],[37.87298,-4.58738],[37.87246,-4.58363],[37.87175,-4.58322],[37.86872,-4.58482],[37.86453,-4.58095],[37.86483,-4.57934],[37.86262,-4.57781],[37.85885,-4.5815],[37.85548,-4.58072],[37.85468,-4.58224],[37.85311,-4.58262],[37.84983,-4.57771],[37.84763,-4.57802],[37.84716,-4.57496],[37.84385,-4.57235],[37.84048,-4.57725],[37.83608,-4.57928],[37.83391,-4.57731],[37.83175,-4.58043],[37.82842,-4.57953],[37.82588,-4.58022],[37.82538,-4.58234],[37.82357,-4.58385],[37.82219,-4.5833],[37.81662,-4.58729],[37.81737,-4.5897],[37.81589,-4.59174],[37.81482,-4.59159],[37.81458,-4.59439],[37.81171,-4.59711],[37.81143,-4.59853],[37.81038,-4.59813],[37.80626,-4.59979],[37.80564,-4.59861],[37.80321,-4.59829],[37.80005,-4.60212],[37.79992,-4.60352],[37.79741,-4.60344],[37.79523,-4.60505],[37.79296,-4.60516],[37.79205,-4.60739],[37.79024,-4.60802],[37.78799,-4.60526],[37.78589,-4.60889],[37.78352,-4.61013],[37.78364,-4.60852],[37.78181,-4.60687],[37.77688,-4.60727],[37.77576,-4.6098],[37.77304,-4.60484],[37.77249,-4.60604],[37.77004,-4.60631],[37.77009,-4.60293],[37.76636,-4.59919],[37.76238,-4.59769],[37.7581,-4.60427],[37.75819,-4.60739],[37.75646,-4.60944],[37.75397,-4.60598],[37.753,-4.60079],[37.75139,-4.59855],[37.75207,-4.59802],[37.75112,-4.5968],[37.74893,-4.59679],[37.7472,-4.59413],[37.746,-4.58771],[37.74468,-4.58699],[37.74322,-4.5825],[37.7422,-4.58193],[37.73471,-4.58415],[37.73403,-4.58125],[37.73163,-4.57928],[37.73158,-4.57741],[37.72927,-4.57997],[37.72686,-4.57782],[37.72458,-4.5786],[37.72012,-4.5777],[37.71962,-4.57454],[37.72075,-4.57249],[37.719,-4.57108],[37.71958,-4.56883],[37.71821,-4.56806],[37.71886,-4.56678],[37.71726,-4.56445],[37.71366,-4.56405],[37.71495,-4.56579],[37.71359,-4.56645],[37.71071,-4.56333],[37.7064,-4.56235],[37.70569,-4.55822],[37.70488,-4.55872],[37.70152,-4.55619],[37.69628,-4.55761],[37.69357,-4.55487],[37.6925,-4.55521],[37.69072,-4.55337],[37.68931,-4.55371],[37.68742,-4.54954],[37.68878,-4.54811],[37.6891,-4.5455],[37.68527,-4.53347],[37.67992,-4.53313],[37.67715,-4.5292],[37.67418,-4.52996],[37.67297,-4.52761],[37.67408,-4.5256],[37.67338,-4.52527],[37.67179,-4.52731],[37.67021,-4.52537],[37.6687,-4.52564],[37.6665,-4.52448],[37.66276,-4.52553],[37.66278,-4.5221],[37.65941,-4.51966],[37.65829,-4.52016],[37.65738,-4.51785],[37.64969,-4.51823],[37.64411,-4.51676],[37.64266,-4.51787],[37.64227,-4.51973],[37.63969,-4.52073],[37.63741,-4.51894],[37.66969,-4.49652],[37.70213,-4.47654],[37.73385,-4.46338],[37.75804,-4.45782],[37.79975,-4.45063],[37.80226,-4.45804],[37.80169,-4.4602],[37.80837,-4.46529],[37.81147,-4.4729],[37.81532,-4.47891],[37.8162,-4.48522],[37.82286,-4.49105],[37.82343,-4.49403],[37.82791,-4.50322],[37.82886,-4.51055]]]},"properties":{"region":"Kilimanjaro","district":"Same","ward":"Mabilioni","ward_code":"131"}},{"type":"Feature","geometry":{"type":"Polygon","coordinates":[[[37.86503,-4.25549],[37.868,-4.25696],[37.86909,-4.25897],[37.87455,-4.25871],[37.87928,-4.27105],[37.87954,-4.27717],[37.87628,-4.28088],[37.87787,-4.29465],[37.87819,-4.30937],[37.87633,-4.31567],[37.8773,-4.33089],[37.87577,-4.33562],[37.87679,-4.34695],[37.87916,-4.35482],[37.88022,-4.36268],[37.8795,-4.37114],[37.87517,-4.38946],[37.87625,-4.40062],[37.88124,-4.40943],[37.88177,-4.41279],[37.88335,-4.41418],[37.88186,-4.41507],[37.88208,-4.41585],[37.87092,-4.42318],[37.86386,-4.43033],[37.85148,-4.4362],[37.83902,-4.44021],[37.80937,-4.44723],[37.79975,-4.45063],[37.75804,-4.45782],[37.73385,-4.46338],[37.70194,-4.47665],[37.68722,-4.4673],[37.66659,-4.43025],[37.66815,-4.40153],[37.66049,-4.36598],[37.66614,-4.32692],[37.66685,-4.31661],[37.67186,-4.31765],[37.67677,-4.31673],[37.67997,-4.31408],[37.68324,-4.30586],[37.68705,-4.3051],[37.70124,-4.29855],[37.72785,-4.30419],[37.7435,-4.30346],[37.77031,-4.29142],[37.78275,-4.28195],[37.7808,-4.2743],[37.80802,-4.27121],[37.81609,-4.2673],[37.85901,-4.25783],[37.86503,-4.25549]]]},"properties":{"region":"Kilimanjaro","district":"Same","ward":"Makanya","ward_code":"143"}},{"type":"Feature","geometry":{"type":"Polygon","coordinates":[[[37.87645,-4.34315],[37.89374,-4.34376],[37.8977,-4.35052],[37.90077,-4.35394],[37.90317,-4.35467],[37.91536,-4.35255],[37.93075,-4.35378],[37.93011,-4.36327],[37.92261,-4.37028],[37.91564,-4.38142],[37.91105,-4.40385],[37.90767,-4.40423],[37.9013,-4.41025],[37.89371,-4.41456],[37.89184,-4.41297],[37.88335,-4.41418],[37.88177,-4.41279],[37.88124,-4.40943],[37.87625,-4.40062],[37.87517,-4.38946],[37.8795,-4.37114],[37.88022,-4.36268],[37.87645,-4.34315]]]},"properties":{"region":"Kilimanjaro","district":"Same","ward":"Suji","ward_code":"311"}},{"type":"Feature","geometry":{"type":"Polygon","coordinates":[[[37.92558,-4.31047],[37.92558,-4.31322],[37.92208,-4.31911],[37.92263,-4.32058],[37.92411,-4.32131],[37.92411,-4.3237],[37.92631,-4.32646],[37.93477,-4.33253],[37.93367,-4.33455],[37.93367,-4.33657],[37.93495,-4.33694],[37.93532,-4.33915],[37.93448,-4.34547],[37.93025,-4.34643],[37.93107,-4.3491],[37.93075,-4.35378],[37.91536,-4.35255],[37.90317,-4.35467],[37.90077,-4.35394],[37.8977,-4.35052],[37.89374,-4.34376],[37.87645,-4.34315],[37.87577,-4.33562],[37.8773,-4.33089],[37.87633,-4.31567],[37.87819,-4.30937],[37.88737,-4.31053],[37.89517,-4.30992],[37.91163,-4.31061],[37.92591,-4.29919],[37.92705,-4.30513],[37.92668,-4.30918],[37.92558,-4.31047]]]},"properties":{"region":"Kilimanjaro","district":"Same","ward":"Tae","ward_code":"321"}},{"type":"Feature","geometry":{"type":"Polygon","coordinates":[[[37.94681,-4.23455],[37.95542,-4.24567],[37.96371,-4.25255],[37.96379,-4.25837],[37.96808,-4.26518],[37.96695,-4.2674],[37.96493,-4.26837],[37.96292,-4.27428],[37.96551,-4.27744],[37.97375,-4.28314],[37.97631,-4.28845],[37.97741,-4.29373],[37.97651,-4.2971],[37.9738,-4.29635],[37.95709,-4.29703],[37.94857,-4.29624],[37.94363,-4.29792],[37.92857,-4.2972],[37.91163,-4.31061],[37.89517,-4.30992],[37.88737,-4.31053],[37.87819,-4.30937],[37.87787,-4.29465],[37.87628,-4.28088],[37.87954,-4.27717],[37.87928,-4.27105],[37.87308,-4.25279],[37.87448,-4.24241],[37.89707,-4.24358],[37.89937,-4.24479],[37.90233,-4.24485],[37.9043,-4.24451],[37.91107,-4.23467],[37.92773,-4.23495],[37.93789,-4.23331],[37.94681,-4.23455]]]},"properties":{"region":"Kilimanjaro","district":"Same","ward":"Chome","ward_code":"331"}},{"type":"Feature","geometry":{"type":"Polygon","coordinates":[[[38.02766,-4.20842],[38.04025,-4.22787],[38.04229,-4.23623],[38.04102,-4.2413],[38.04163,-4.2451],[38.03596,-4.24933],[38.0371,-4.25139],[38.03688,-4.25346],[38.03969,-4.2577],[38.04027,-4.26254],[38.03202,-4.27148],[38.02845,-4.27744],[38.02249,-4.27347],[38.01885,-4.26946],[38.01628,-4.2696],[38.01356,-4.26844],[38.01255,-4.26931],[38.00996,-4.26885],[38.00454,-4.2639],[37.99967,-4.26458],[37.99572,-4.26229],[37.9923,-4.25796],[37.98904,-4.25612],[37.99117,-4.24685],[37.99026,-4.2455],[37.98464,-4.24362],[37.98279,-4.24141],[37.97992,-4.24135],[37.97843,-4.23864],[37.96371,-4.25255],[37.95542,-4.24567],[37.94658,-4.23427],[37.94818,-4.23139],[37.95625,-4.22267],[37.95783,-4.21949],[37.96266,-4.21786],[37.96424,-4.21818],[37.96673,-4.22237],[37.96806,-4.22253],[37.97122,-4.2187],[37.97705,-4.21624],[37.98203,-4.21066],[37.989,-4.19929],[38.00406,-4.20443],[38.02766,-4.20842]]]},"properties":{"region":"Kilimanjaro","district":"Same","ward":"Vuje","ward_code":"231"}},{"type":"Feature","geometry":{"type":"Polygon","coordinates":[[[37.9793,-4.24068],[37.98279,-4.24141],[37.98464,-4.24362],[37.99026,-4.2455],[37.99117,-4.24685],[37.98904,-4.25612],[37.9923,-4.25796],[37.99572,-4.26229],[37.99967,-4.26458],[38.00454,-4.2639],[38.00996,-4.26885],[38.01255,-4.26931],[38.01356,-4.26844],[38.01628,-4.2696],[38.01885,-4.26946],[38.02536,-4.2754],[38.02458,-4.27735],[38.02835,-4.28006],[38.02683,-4.28683],[38.02726,-4.29077],[38.02621,-4.29208],[38.02466,-4.29217],[38.02365,-4.29359],[38.0185,-4.29117],[38.0143,-4.29204],[38.00692,-4.28694],[38.00352,-4.28641],[38.00169,-4.28421],[37.99246,-4.27811],[37.9884,-4.27806],[37.98576,-4.27931],[37.98254,-4.28325],[37.97741,-4.29373],[37.97631,-4.28845],[37.97375,-4.28314],[37.96551,-4.27744],[37.96292,-4.27428],[37.96493,-4.26837],[37.96695,-4.2674],[37.96808,-4.26518],[37.96379,-4.25837],[37.96317,-4.25543],[37.96371,-4.25255],[37.97843,-4.23864],[37.9793,-4.24068]]]},"properties":{"region":"Kilimanjaro","district":"Same","ward":"Bombo","ward_code":"241"}},{"type":"Feature","geometry":{"type":"Polygon","coordinates":[[[38.00352,-4.28641],[38.00692,-4.28694],[38.0143,-4.29204],[38.0185,-4.29117],[38.02365,-4.29359],[38.02526,-4.29222],[38.02555,-4.2964],[38.02467,-4.29783],[38.02666,-4.30152],[38.03073,-4.30525],[38.0326,-4.30897],[38.03486,-4.32586],[38.02008,-4.32344],[38.0141,-4.32445],[38.01166,-4.32613],[38.00921,-4.32475],[38.00719,-4.32586],[38.00618,-4.32361],[38.00385,-4.32187],[38.00619,-4.31839],[38.00368,-4.31608],[38.00121,-4.31602],[38.00014,-4.31431],[38.00052,-4.31274],[37.99806,-4.31284],[37.99718,-4.31014],[37.99791,-4.30807],[37.99532,-4.30397],[37.99202,-4.30452],[37.99008,-4.30617],[37.98628,-4.30516],[37.98168,-4.30667],[37.97683,-4.30643],[37.97651,-4.2971],[37.97741,-4.29373],[37.98254,-4.28325],[37.98576,-4.27931],[37.9884,-4.27806],[37.99246,-4.27811],[38.00169,-4.28421],[38.00352,-4.28641]]]},"properties":{"region":"Kilimanjaro","district":"Same","ward":"Mtii","ward_code":"251"}},{"type":"Feature","geometry":{"type":"Polygon","coordinates":[[[37.99532,-4.30397],[37.99791,-4.30807],[37.99718,-4.31014],[37.99806,-4.31284],[38.00052,-4.31274],[38.00014,-4.31431],[38.00121,-4.31602],[38.00368,-4.31608],[38.00619,-4.31839],[38.00385,-4.32187],[38.00618,-4.32361],[38.00719,-4.32586],[38.00921,-4.32475],[38.01166,-4.32613],[38.0141,-4.32445],[38.02008,-4.32344],[38.03486,-4.32586],[38.03506,-4.32852],[38.04483,-4.34379],[38.04335,-4.34728],[38.04693,-4.36984],[38.04475,-4.37071],[38.04391,-4.36951],[38.0428,-4.37057],[38.03749,-4.37147],[38.02595,-4.35839],[38.02088,-4.35795],[38.01307,-4.3549],[38.01039,-4.35531],[38.00612,-4.35321],[38.00661,-4.35219],[37.99137,-4.36436],[37.98868,-4.36419],[37.98414,-4.36183],[37.98136,-4.36183],[37.97526,-4.35682],[37.97604,-4.34491],[37.97425,-4.33986],[37.97593,-4.32708],[37.97571,-4.31217],[37.97694,-4.30649],[37.98168,-4.30667],[37.98628,-4.30516],[37.99008,-4.30617],[37.99202,-4.30452],[37.99532,-4.30397]]]},"properties":{"region":"Kilimanjaro","district":"Same","ward":"Lugulu","ward_code":"261"}},{"type":"Feature","geometry":{"type":"Polygon","coordinates":[[[38.03003,-4.18671],[38.03224,-4.18797],[38.04528,-4.18896],[38.04961,-4.19135],[38.05349,-4.19154],[38.05639,-4.19542],[38.06332,-4.19636],[38.07032,-4.20219],[38.07896,-4.20123],[38.08295,-4.20828],[38.09395,-4.20786],[38.09865,-4.20983],[38.12109,-4.20863],[38.34242,-4.20883],[38.29461,-4.28338],[38.20954,-4.29189],[38.17338,-4.29457],[38.1575,-4.30331],[38.08556,-4.31708],[38.0882,-4.32114],[38.09147,-4.32268],[38.09018,-4.32395],[38.07283,-4.32891],[38.05155,-4.3388],[38.04483,-4.34379],[38.03506,-4.32852],[38.0326,-4.30897],[38.03073,-4.30525],[38.02666,-4.30152],[38.02467,-4.29783],[38.02555,-4.2964],[38.02542,-4.2927],[38.02726,-4.29077],[38.02683,-4.28683],[38.02835,-4.28006],[38.02458,-4.27735],[38.02536,-4.2754],[38.02845,-4.27744],[38.03202,-4.27148],[38.04027,-4.26254],[38.03969,-4.2577],[38.03688,-4.25346],[38.0371,-4.25139],[38.03596,-4.24933],[38.04163,-4.2451],[38.04102,-4.2413],[38.04229,-4.23623],[38.04025,-4.22787],[38.02766,-4.20842],[38.00406,-4.20443],[37.97989,-4.19692],[37.98069,-4.19392],[37.98481,-4.19116],[37.99047,-4.18837],[37.99095,-4.1873],[37.99898,-4.18469],[38.03003,-4.18671]]]},"properties":{"region":"Kilimanjaro","district":"Same","ward":"Maore","ward_code":"053"}},{"type":"Feature","geometry":{"type":"Polygon","coordinates":[[[38.20319,-4.34439],[38.1741,-4.43887],[38.15281,-4.48989],[38.13634,-4.51186],[38.11274,-4.50011],[38.09891,-4.49191],[38.09866,-4.48334],[38.1011,-4.4788],[38.10113,-4.47648],[38.09875,-4.47207],[38.09508,-4.45736],[38.08569,-4.44969],[38.07857,-4.44748],[38.07507,-4.44788],[38.06797,-4.44567],[38.056,-4.44412],[38.04952,-4.44161],[38.04999,-4.43078],[38.05345,-4.42866],[38.05277,-4.42439],[38.04797,-4.41794],[38.0504,-4.41176],[38.05296,-4.41247],[38.05865,-4.41704],[38.06612,-4.41612],[38.06907,-4.41442],[38.0639,-4.40334],[38.07091,-4.40595],[38.07652,-4.40507],[38.079,-4.40619],[38.08483,-4.40576],[38.08768,-4.4066],[38.09307,-4.39866],[38.07716,-4.38529],[38.07349,-4.38065],[38.07517,-4.37562],[38.07774,-4.35933],[38.0729,-4.33815],[38.07283,-4.32891],[38.09018,-4.32395],[38.09147,-4.32268],[38.0882,-4.32114],[38.08556,-4.31708],[38.1575,-4.30331],[38.17338,-4.29457],[38.20954,-4.29189],[38.29461,-4.28338],[38.21339,-4.32214],[38.20319,-4.34439]]]},"properties":{"region":"Kilimanjaro","district":"Same","ward":"Kalemawe","ward_code":"061"}},{"type":"Feature","geometry":{"type":"Polygon","coordinates":[[[38.056,-4.44412],[38.06797,-4.44567],[38.07507,-4.44788],[38.07857,-4.44748],[38.08365,-4.44852],[38.09508,-4.45736],[38.09875,-4.47207],[38.10113,-4.47648],[38.09857,-4.48571],[38.07778,-4.4868],[38.06192,-4.49067],[38.02786,-4.49438],[38.02733,-4.49099],[38.02297,-4.48308],[38.02228,-4.47936],[38.0281,-4.46144],[38.03312,-4.4525],[38.03814,-4.45606],[38.04108,-4.45049],[38.04663,-4.44903],[38.04911,-4.44594],[38.04952,-4.44161],[38.056,-4.44412]]]},"properties":{"region":"Kilimanjaro","district":"Same","ward":"Kihurio","ward_code":"073"}},{"type":"Feature","geometry":{"type":"Polygon","coordinates":[[[38.09855,-4.48629],[38.09891,-4.49191],[38.11274,-4.50011],[38.13634,-4.51186],[38.1196,-4.53412],[38.12091,-4.54873],[38.1198,-4.57297],[38.11605,-4.58634],[38.11131,-4.59269],[38.10987,-4.59698],[38.10518,-4.60057],[38.10452,-4.60202],[38.08469,-4.61388],[38.07615,-4.61629],[38.07478,-4.61546],[38.05942,-4.61522],[38.05062,-4.61603],[38.04835,-4.61414],[38.04364,-4.60694],[38.03817,-4.59582],[38.03907,-4.59385],[38.04373,-4.59014],[38.04324,-4.58751],[38.0446,-4.58596],[38.04435,-4.58439],[38.04797,-4.57933],[38.05045,-4.57204],[38.05025,-4.56609],[38.05144,-4.55918],[38.04581,-4.5483],[38.04236,-4.54469],[38.03622,-4.54085],[38.03463,-4.53812],[38.0354,-4.53276],[38.03465,-4.52915],[38.03674,-4.52063],[38.03601,-4.51529],[38.03033,-4.50826],[38.02786,-4.49438],[38.06192,-4.49067],[38.07778,-4.4868],[38.09855,-4.48629]]]},"properties":{"region":"Kilimanjaro","district":"Same","ward":"Bendera","ward_code":"083"}},{"type":"Feature","geometry":{"type":"Polygon","coordinates":[[[38.07774,-4.35933],[38.07349,-4.38065],[38.07716,-4.38529],[38.09307,-4.39866],[38.08768,-4.4066],[38.08483,-4.40576],[38.079,-4.40619],[38.07652,-4.40507],[38.07091,-4.40595],[38.0639,-4.40334],[38.06879,-4.41302],[38.06907,-4.41442],[38.06712,-4.41581],[38.05865,-4.41704],[38.05296,-4.41247],[38.05053,-4.41174],[38.04284,-4.4163],[38.04102,-4.41476],[38.03887,-4.4091],[38.0342,-4.40728],[38.03128,-4.40059],[38.03376,-4.39433],[38.03371,-4.38734],[38.03993,-4.37866],[38.03845,-4.37755],[38.03578,-4.37858],[38.03749,-4.37147],[38.0428,-4.37057],[38.04391,-4.36951],[38.04475,-4.37071],[38.04693,-4.36984],[38.04335,-4.34728],[38.04483,-4.34379],[38.05155,-4.3388],[38.07283,-4.32891],[38.0729,-4.33815],[38.07774,-4.35933]]]},"properties":{"region":"Kilimanjaro","district":"Same","ward":"Ndungu","ward_code":"273"}},{"type":"Feature","geometry":{"type":"Polygon","coordinates":[[[37.99485,-4.44594],[37.99638,-4.45343],[38.00042,-4.45125],[38.0057,-4.45338],[38.00759,-4.45309],[38.00983,-4.45552],[38.0152,-4.45025],[38.01777,-4.44957],[38.01851,-4.44736],[38.02288,-4.44613],[38.0244,-4.44795],[38.0301,-4.44983],[38.03094,-4.45141],[38.03312,-4.4525],[38.0281,-4.46144],[38.02647,-4.46834],[38.02505,-4.46975],[38.02314,-4.47535],[38.02253,-4.48149],[38.02733,-4.49099],[38.03033,-4.50826],[38.03601,-4.51529],[38.03674,-4.52063],[38.03465,-4.52915],[38.0354,-4.53276],[38.03463,-4.53812],[38.03622,-4.54085],[38.04236,-4.54469],[38.04581,-4.5483],[38.05144,-4.55918],[38.05025,-4.56609],[38.05045,-4.57204],[38.04797,-4.57933],[38.04435,-4.58439],[38.0446,-4.58596],[38.04324,-4.58751],[38.04373,-4.59014],[38.03907,-4.59385],[38.0353,-4.60003],[38.02663,-4.60402],[38.01756,-4.6036],[37.98844,-4.58547],[37.96758,-4.56332],[37.96272,-4.54623],[37.96205,-4.5376],[37.96737,-4.5324],[37.96379,-4.52777],[37.95556,-4.51236],[37.94872,-4.50363],[37.95897,-4.50042],[37.95545,-4.49801],[37.94951,-4.49135],[37.94701,-4.48658],[37.9387,-4.47765],[37.94236,-4.47386],[37.94684,-4.47149],[37.95241,-4.47487],[37.95872,-4.47357],[37.96453,-4.46575],[37.96755,-4.4636],[37.96803,-4.46116],[37.97515,-4.45176],[37.9842,-4.45608],[37.98559,-4.45314],[37.98553,-4.44965],[37.98216,-4.44646],[37.98378,-4.4458],[37.98638,-4.44256],[37.99485,-4.44594]]]},"properties":{"region":"Kilimanjaro","district":"Same","ward":"Vunta","ward_code":"091"}},{"type":"Feature","geometry":{"type":"Polygon","coordinates":[[[37.95243,-4.42468],[37.95757,-4.42739],[37.96433,-4.42707],[37.97175,-4.42956],[37.98936,-4.42587],[37.99292,-4.42754],[37.99277,-4.42876],[37.9937,-4.42921],[37.9978,-4.42972],[38.00521,-4.43552],[38.00635,-4.43844],[38.00964,-4.43766],[38.01964,-4.4441],[38.02086,-4.44655],[38.01851,-4.44736],[38.01777,-4.44957],[38.0152,-4.45025],[38.00983,-4.45552],[38.00759,-4.45309],[38.0057,-4.45338],[38.00042,-4.45125],[37.99638,-4.45343],[37.99485,-4.44594],[37.98638,-4.44256],[37.98378,-4.4458],[37.98216,-4.44646],[37.98553,-4.44965],[37.98559,-4.45314],[37.9842,-4.45608],[37.97515,-4.45176],[37.96803,-4.46116],[37.96755,-4.4636],[37.96453,-4.46575],[37.95872,-4.47357],[37.95241,-4.47487],[37.94684,-4.47149],[37.94236,-4.47386],[37.9387,-4.47765],[37.93341,-4.46692],[37.93414,-4.45085],[37.93188,-4.44328],[37.9284,-4.43865],[37.92986,-4.437],[37.93604,-4.43394],[37.93738,-4.42618],[37.95243,-4.42468]]]},"properties":{"region":"Kilimanjaro","district":"Same","ward":"Kirangare","ward_code":"101"}},{"type":"Feature","geometry":{"type":"Polygon","coordinates":[[[38.00622,-4.35303],[38.01039,-4.35531],[38.01307,-4.3549],[38.02088,-4.35795],[38.02595,-4.35839],[38.03749,-4.37147],[38.03578,-4.37858],[38.03845,-4.37755],[38.03993,-4.37866],[38.03371,-4.38734],[38.03376,-4.39433],[38.03128,-4.40059],[38.0342,-4.40728],[38.03887,-4.4091],[38.04102,-4.41476],[38.04284,-4.4163],[38.05023,-4.41198],[38.04797,-4.41794],[38.05277,-4.42439],[38.05345,-4.42866],[38.04999,-4.43078],[38.04911,-4.44594],[38.04663,-4.44903],[38.04108,-4.45049],[38.03814,-4.45606],[38.03136,-4.45178],[38.0301,-4.44983],[38.0244,-4.44795],[38.02288,-4.44613],[38.02115,-4.44676],[38.01964,-4.4441],[38.00964,-4.43766],[38.00635,-4.43844],[38.00575,-4.4362],[38.00341,-4.43373],[37.99626,-4.42916],[37.99524,-4.42468],[37.99143,-4.42006],[37.99071,-4.41776],[37.99187,-4.41485],[37.99039,-4.40674],[37.99097,-4.40328],[37.98908,-4.4041],[37.98843,-4.40611],[37.98488,-4.40527],[37.98474,-4.39926],[37.98267,-4.39365],[37.98012,-4.39027],[37.97964,-4.38208],[37.97729,-4.37931],[37.97728,-4.36487],[37.97526,-4.35682],[37.98136,-4.36183],[37.98414,-4.36183],[37.99011,-4.36452],[37.99272,-4.3636],[38.00661,-4.35219],[38.00622,-4.35303]]]},"properties":{"region":"Kilimanjaro","district":"Same","ward":"Myamba","ward_code":"281"}},{"type":"Feature","geometry":{"type":"Polygon","coordinates":[[[37.97582,-4.29647],[37.97651,-4.2971],[37.97694,-4.30649],[37.97571,-4.31217],[37.97593,-4.32708],[37.97425,-4.33986],[37.97604,-4.34491],[37.97526,-4.3568],[37.97728,-4.36487],[37.97729,-4.37931],[37.97964,-4.38208],[37.98012,-4.39027],[37.98267,-4.39365],[37.98474,-4.39926],[37.98488,-4.40527],[37.98843,-4.40611],[37.98908,-4.4041],[37.99097,-4.40328],[37.99039,-4.40674],[37.99187,-4.41485],[37.99071,-4.41776],[37.99143,-4.42006],[37.99524,-4.42468],[37.99623,-4.4276],[37.99568,-4.42963],[37.99277,-4.42876],[37.99332,-4.42623],[37.98498,-4.42146],[37.97827,-4.41612],[37.96995,-4.40691],[37.96367,-4.40631],[37.96191,-4.40524],[37.95859,-4.40548],[37.95672,-4.40326],[37.95668,-4.39888],[37.95366,-4.39657],[37.9557,-4.39625],[37.95434,-4.39291],[37.95053,-4.39309],[37.9465,-4.3878],[37.94639,-4.37794],[37.9533,-4.37179],[37.95387,-4.36955],[37.95047,-4.35072],[37.95002,-4.33595],[37.95205,-4.32027],[37.95193,-4.31238],[37.95047,-4.30449],[37.95165,-4.29672],[37.97582,-4.29647]]]},"properties":{"region":"Kilimanjaro","district":"Same","ward":"Mpinji","ward_code":"291"}},{"type":"Feature","geometry":{"type":"Polygon","coordinates":[[[37.94857,-4.29624],[37.95165,-4.29672],[37.95047,-4.30449],[37.95193,-4.31238],[37.95205,-4.32027],[37.95002,-4.33595],[37.95047,-4.35072],[37.95387,-4.36955],[37.9533,-4.37179],[37.94639,-4.37794],[37.9465,-4.3878],[37.95053,-4.39309],[37.95434,-4.39291],[37.9557,-4.39625],[37.95366,-4.39657],[37.95668,-4.39888],[37.95672,-4.40326],[37.95859,-4.40548],[37.96191,-4.40524],[37.96367,-4.40631],[37.96995,-4.40691],[37.97107,-4.40898],[37.97295,-4.40953],[37.98175,-4.41909],[37.99332,-4.42623],[37.99292,-4.42754],[37.98936,-4.42587],[37.97352,-4.42961],[37.96433,-4.42707],[37.95757,-4.42739],[37.95237,-4.42465],[37.94079,-4.42528],[37.93738,-4.42618],[37.93604,-4.43394],[37.92986,-4.437],[37.9284,-4.43865],[37.92259,-4.43341],[37.91941,-4.42885],[37.91994,-4.4215],[37.9173,-4.41485],[37.91868,-4.41131],[37.91762,-4.40982],[37.91525,-4.40945],[37.9124,-4.40719],[37.91104,-4.40405],[37.91564,-4.38142],[37.92261,-4.37028],[37.93011,-4.36327],[37.93107,-4.3491],[37.93025,-4.34643],[37.93448,-4.34547],[37.93532,-4.33915],[37.93495,-4.33694],[37.93367,-4.33657],[37.93477,-4.33253],[37.92631,-4.32646],[37.92411,-4.3237],[37.92411,-4.32131],[37.92208,-4.31911],[37.92558,-4.31322],[37.92558,-4.31047],[37.92668,-4.30918],[37.92705,-4.30513],[37.92591,-4.29919],[37.92857,-4.2972],[37.94363,-4.29792],[37.94857,-4.29624]]]},"properties":{"region":"Kilimanjaro","district":"Same","ward":"Bwambo","ward_code":"301"}},{"type":"Feature","geometry":{"type":"Polygon","coordinates":[[[37.33344,-3.34656],[37.31731,-3.34529],[37.31768,-3.33961],[37.31517,-3.33388],[37.32076,-3.32902],[37.33495,-3.32935],[37.33955,-3.34078],[37.3425,-3.34095],[37.34412,-3.34309],[37.33795,-3.34578],[37.33344,-3.34656]]]},"properties":{"region":"Kilimanjaro","district":"Moshi","ward":"Kilimanjaro","ward_code":"012"}},{"type":"Feature","geometry":{"type":"Polygon","coordinates":[[[37.33495,-3.32935],[37.34707,-3.32988],[37.35644,-3.33838],[37.34412,-3.34309],[37.3425,-3.34095],[37.33955,-3.34078],[37.33495,-3.32935]]]},"properties":{"region":"Kilimanjaro","district":"Moshi","ward":"Mfumuni","ward_code":"022"}},{"type":"Feature","geometry":{"type":"Polygon","coordinates":[[[37.32819,-3.34679],[37.33642,-3.34633],[37.33845,-3.35338],[37.33973,-3.35422],[37.33682,-3.35842],[37.32978,-3.35455],[37.32819,-3.34679]]]},"properties":{"region":"Kilimanjaro","district":"Moshi","ward":"Kiusa","ward_code":"052"}},{"type":"Feature","geometry":{"type":"Polygon","coordinates":[[[37.32856,-3.34998],[37.32978,-3.35455],[37.33783,-3.35906],[37.3358,-3.36207],[37.33641,-3.36259],[37.33412,-3.36886],[37.32193,-3.37942],[37.32051,-3.37742],[37.32137,-3.37585],[37.31878,-3.37139],[37.32203,-3.36874],[37.3199,-3.36735],[37.31796,-3.36431],[37.31867,-3.36234],[37.32463,-3.36126],[37.32652,-3.35994],[37.32608,-3.35006],[37.32856,-3.34998]]]},"properties":{"region":"Kilimanjaro","district":"Moshi","ward":"Korongoni","ward_code":"072"}},{"type":"Feature","geometry":{"type":"Polygon","coordinates":[[[37.32856,-3.34998],[37.32608,-3.35006],[37.32652,-3.35994],[37.32463,-3.36126],[37.31867,-3.36234],[37.31796,-3.36431],[37.3199,-3.36735],[37.32203,-3.36874],[37.31878,-3.37139],[37.31523,-3.36656],[37.31544,-3.36098],[37.31423,-3.35999],[37.31486,-3.35702],[37.31346,-3.35576],[37.31419,-3.35342],[37.31578,-3.35256],[37.31726,-3.35004],[37.31731,-3.34529],[37.32837,-3.34623],[37.32856,-3.34998]]]},"properties":{"region":"Kilimanjaro","district":"Moshi","ward":"Soweto","ward_code":"082"}},{"type":"Feature","geometry":{"type":"Polygon","coordinates":[[[37.30027,-3.34955],[37.30995,-3.35973],[37.31422,-3.35939],[37.31544,-3.36098],[37.31523,-3.36656],[37.32137,-3.37585],[37.32051,-3.37742],[37.32259,-3.37945],[37.32087,-3.38092],[37.31821,-3.38184],[37.30777,-3.38134],[37.30938,-3.37573],[37.30865,-3.36946],[37.3072,-3.36743],[37.30441,-3.36665],[37.30315,-3.36295],[37.30055,-3.35979],[37.30055,-3.35666],[37.29862,-3.35608],[37.29672,-3.35302],[37.29725,-3.35077],[37.30002,-3.35035],[37.30027,-3.34955]]]},"properties":{"region":"Kilimanjaro","district":"Moshi","ward":"Shirimatunda","ward_code":"092"}},{"type":"Feature","geometry":{"type":"Polygon","coordinates":[[[37.30631,-3.32682],[37.31324,-3.32841],[37.31404,-3.32689],[37.31527,-3.33542],[37.31768,-3.33961],[37.31694,-3.34457],[37.31772,-3.3466],[37.31669,-3.34865],[37.31726,-3.35004],[37.31578,-3.35256],[37.31419,-3.35342],[37.31346,-3.35576],[37.31486,-3.35702],[37.31422,-3.35939],[37.30995,-3.35973],[37.30027,-3.34955],[37.3002,-3.35027],[37.29694,-3.35129],[37.29415,-3.3478],[37.2966,-3.34206],[37.2967,-3.33349],[37.29909,-3.33371],[37.29989,-3.33505],[37.30411,-3.33663],[37.30543,-3.33888],[37.30822,-3.33869],[37.30631,-3.32682]]]},"properties":{"region":"Kilimanjaro","district":"Moshi","ward":"Karanga","ward_code":"102"}},{"type":"Feature","geometry":{"type":"Polygon","coordinates":[[[37.31925,-3.30905],[37.32476,-3.3152],[37.32678,-3.31136],[37.3283,-3.31325],[37.33063,-3.31298],[37.33044,-3.31481],[37.33495,-3.32935],[37.32076,-3.32902],[37.31517,-3.33388],[37.31343,-3.32326],[37.31466,-3.31793],[37.31287,-3.31549],[37.31902,-3.31454],[37.31809,-3.30954],[37.31925,-3.30905]]]},"properties":{"region":"Kilimanjaro","district":"Moshi","ward":"Longuo \"B\"","ward_code":"112"}},{"type":"Feature","geometry":{"type":"Polygon","coordinates":[[[37.33319,-3.31997],[37.33957,-3.31979],[37.35013,-3.3238],[37.3522,-3.31876],[37.35258,-3.32263],[37.35388,-3.32275],[37.35433,-3.32396],[37.35317,-3.32495],[37.35234,-3.32957],[37.3548,-3.33039],[37.35632,-3.33765],[37.3577,-3.33796],[37.35644,-3.33838],[37.34707,-3.32988],[37.33495,-3.32935],[37.33102,-3.31689],[37.33319,-3.31997]]]},"properties":{"region":"Kilimanjaro","district":"Moshi","ward":"Rau","ward_code":"122"}},{"type":"Feature","geometry":{"type":"Polygon","coordinates":[[[37.3419,-3.36534],[37.34307,-3.37567],[37.34956,-3.39098],[37.34798,-3.39071],[37.33947,-3.38035],[37.34062,-3.37803],[37.34014,-3.37328],[37.33391,-3.37019],[37.33666,-3.36617],[37.34,-3.36645],[37.3419,-3.36534]]]},"properties":{"region":"Kilimanjaro","district":"Moshi","ward":"Bomambuzi","ward_code":"202"}},{"type":"Feature","geometry":{"type":"Polygon","coordinates":[[[37.3585,-3.3437],[37.3581,-3.34748],[37.35345,-3.34659],[37.34944,-3.34409],[37.34838,-3.34579],[37.34739,-3.342],[37.35644,-3.33838],[37.3585,-3.3437]]]},"properties":{"region":"Kilimanjaro","district":"Moshi","ward":"Majengo","ward_code":"032"}},{"type":"Feature","geometry":{"type":"Polygon","coordinates":[[[37.34838,-3.34579],[37.34218,-3.35569],[37.33973,-3.35422],[37.33845,-3.35338],[37.33619,-3.34626],[37.34746,-3.34174],[37.34838,-3.34579]]]},"properties":{"region":"Kilimanjaro","district":"Moshi","ward":"Mawenzi","ward_code":"042"}},{"type":"Feature","geometry":{"type":"Polygon","coordinates":[[[37.34211,-3.35793],[37.33412,-3.36886],[37.33641,-3.36259],[37.3358,-3.36207],[37.33783,-3.35906],[37.33682,-3.35842],[37.33983,-3.35409],[37.34218,-3.35569],[37.34143,-3.35692],[37.34211,-3.35793]]]},"properties":{"region":"Kilimanjaro","district":"Moshi","ward":"Bondeni","ward_code":"062"}},{"type":"Feature","geometry":{"type":"Polygon","coordinates":[[[37.37077,-3.33029],[37.37891,-3.33438],[37.37929,-3.33618],[37.38242,-3.33814],[37.38395,-3.33811],[37.38969,-3.34259],[37.39662,-3.34615],[37.3983,-3.34794],[37.39731,-3.35012],[37.39784,-3.3533],[37.3714,-3.3364],[37.36505,-3.33561],[37.3577,-3.33796],[37.35632,-3.33765],[37.3555,-3.33324],[37.35844,-3.332],[37.36047,-3.33181],[37.36126,-3.33399],[37.37077,-3.33029]]]},"properties":{"region":"Kilimanjaro","district":"Moshi","ward":"Kiborloni (Kiboriloni)","ward_code":"132"}},{"type":"Feature","geometry":{"type":"Polygon","coordinates":[[[37.3714,-3.3364],[37.39749,-3.35354],[37.39525,-3.35599],[37.39067,-3.35662],[37.38582,-3.36273],[37.38617,-3.36646],[37.38185,-3.36855],[37.38402,-3.35826],[37.37936,-3.35454],[37.37893,-3.35254],[37.37563,-3.34993],[37.37431,-3.34662],[37.37097,-3.34617],[37.36967,-3.34322],[37.36935,-3.34046],[37.3714,-3.3364]]]},"properties":{"region":"Kilimanjaro","district":"Moshi","ward":"Ng'ambo","ward_code":"142"}},{"type":"Feature","geometry":{"type":"Polygon","coordinates":[[[37.3714,-3.3364],[37.36935,-3.34046],[37.37097,-3.34617],[37.37431,-3.34662],[37.37563,-3.34993],[37.37893,-3.35254],[37.37936,-3.35454],[37.38141,-3.35571],[37.38188,-3.35731],[37.38426,-3.35892],[37.38185,-3.36855],[37.37851,-3.36569],[37.37832,-3.36805],[37.37588,-3.36945],[37.37337,-3.36878],[37.36608,-3.36969],[37.36211,-3.36507],[37.36223,-3.36085],[37.36079,-3.35729],[37.36184,-3.35679],[37.36268,-3.35429],[37.36399,-3.35495],[37.3659,-3.35046],[37.36486,-3.35021],[37.36567,-3.34919],[37.36422,-3.34518],[37.36144,-3.34295],[37.36062,-3.34323],[37.35994,-3.34215],[37.36055,-3.34142],[37.35834,-3.34053],[37.3577,-3.33796],[37.3673,-3.33558],[37.3714,-3.3364]]]},"properties":{"region":"Kilimanjaro","district":"Moshi","ward":"Msaranga","ward_code":"152"}},{"type":"Feature","geometry":{"type":"Polygon","coordinates":[[[37.3578,-3.33963],[37.35947,-3.34072],[37.35925,-3.34147],[37.36029,-3.34106],[37.36062,-3.34323],[37.36144,-3.34295],[37.36422,-3.34518],[37.36567,-3.34919],[37.36481,-3.34946],[37.3659,-3.35046],[37.36468,-3.35379],[37.36399,-3.35495],[37.36345,-3.35423],[37.36227,-3.35473],[37.36076,-3.3585],[37.3615,-3.35821],[37.36223,-3.36085],[37.36211,-3.36507],[37.36608,-3.36969],[37.3586,-3.37061],[37.35593,-3.35986],[37.35773,-3.35596],[37.35856,-3.34445],[37.35644,-3.33838],[37.3577,-3.33796],[37.3578,-3.33963]]]},"properties":{"region":"Kilimanjaro","district":"Moshi","ward":"Mji Mpya","ward_code":"162"}},{"type":"Feature","geometry":{"type":"Polygon","coordinates":[[[37.34944,-3.34409],[37.3581,-3.34748],[37.35773,-3.35596],[37.35593,-3.35986],[37.3586,-3.37061],[37.35083,-3.3698],[37.3504,-3.36448],[37.34884,-3.36107],[37.3516,-3.35459],[37.34838,-3.34579],[37.34944,-3.34409]]]},"properties":{"region":"Kilimanjaro","district":"Moshi","ward":"Miembeni","ward_code":"172"}},{"type":"Feature","geometry":{"type":"Polygon","coordinates":[[[37.34884,-3.36107],[37.35079,-3.36728],[37.34532,-3.36593],[37.34335,-3.3665],[37.34148,-3.36514],[37.34,-3.36645],[37.33666,-3.36617],[37.34211,-3.35793],[37.34143,-3.35692],[37.34838,-3.34579],[37.3516,-3.35459],[37.34884,-3.36107]]]},"properties":{"region":"Kilimanjaro","district":"Moshi","ward":"Njoro","ward_code":"182"}},{"type":"Feature","geometry":{"type":"Polygon","coordinates":[[[37.3419,-3.36534],[37.34335,-3.3665],[37.34532,-3.36593],[37.35079,-3.36728],[37.35083,-3.3698],[37.35628,-3.3709],[37.35517,-3.37231],[37.35585,-3.37396],[37.35771,-3.37453],[37.35835,-3.37754],[37.36239,-3.38227],[37.35697,-3.38476],[37.34769,-3.38594],[37.34307,-3.37567],[37.3419,-3.36534]]]},"properties":{"region":"Kilimanjaro","district":"Moshi","ward":"Kaloleni","ward_code":"192"}},{"type":"Feature","geometry":{"type":"Polygon","coordinates":[[[37.3395,-3.3795],[37.34461,-3.3861],[37.3298,-3.38447],[37.33039,-3.38242],[37.32394,-3.37817],[37.33412,-3.36886],[37.33391,-3.37019],[37.34014,-3.37328],[37.34062,-3.37803],[37.3395,-3.3795]]]},"properties":{"region":"Kilimanjaro","district":"Moshi","ward":"Pasua","ward_code":"212"}},{"type":"Feature","geometry":{"type":"MultiPolygon","coordinates":[[[[37.32298,-3.38144],[37.32446,-3.38207],[37.32585,-3.38474],[37.32509,-3.38823],[37.32723,-3.39355],[37.32631,-3.39431],[37.32607,-3.3974],[37.32489,-3.39696],[37.32535,-3.39816],[37.32288,-3.40091],[37.31738,-3.40144],[37.31813,-3.40486],[37.31737,-3.40713],[37.31767,-3.40786],[37.31891,-3.4073],[37.31764,-3.40858],[37.31853,-3.40991],[37.31735,-3.40971],[37.31732,-3.41097],[37.31494,-3.41039],[37.31661,-3.40925],[37.31414,-3.40697],[37.31401,-3.40443],[37.31535,-3.40335],[37.31173,-3.40145],[37.30828,-3.40141],[37.3047,-3.39879],[37.30243,-3.39552],[37.30448,-3.39366],[37.30459,-3.38771],[37.30647,-3.38568],[37.30619,-3.38354],[37.30748,-3.38291],[37.30777,-3.38134],[37.31821,-3.38184],[37.32259,-3.37945],[37.32298,-3.38144]]],[[[37.28623,-3.24415],[37.28598,-3.25037],[37.28748,-3.25282],[37.28708,-3.25583],[37.289,-3.25743],[37.28821,-3.26043],[37.28914,-3.26229],[37.28856,-3.26644],[37.28979,-3.26757],[37.29031,-3.27275],[37.29142,-3.27401],[37.29057,-3.27876],[37.28946,-3.27979],[37.29237,-3.28303],[37.29186,-3.28844],[37.29431,-3.29069],[37.29465,-3.29235],[37.29453,-3.29455],[37.29273,-3.29554],[37.29251,-3.29795],[37.29376,-3.29867],[37.29245,-3.30011],[37.29726,-3.30453],[37.29762,-3.30604],[37.30296,-3.31015],[37.30271,-3.3115],[37.30366,-3.31269],[37.30247,-3.31251],[37.30384,-3.3145],[37.30379,-3.31614],[37.30674,-3.31872],[37.30754,-3.32093],[37.31028,-3.3212],[37.31166,-3.32473],[37.31404,-3.32689],[37.31324,-3.32841],[37.30974,-3.32693],[37.30631,-3.32682],[37.30822,-3.33869],[37.30543,-3.33888],[37.30411,-3.33663],[37.29989,-3.33505],[37.29909,-3.33371],[37.2967,-3.33349],[37.2966,-3.34206],[37.29415,-3.3478],[37.29073,-3.34862],[37.28928,-3.34735],[37.28766,-3.34254],[37.2863,-3.34242],[37.28509,-3.34071],[37.28313,-3.34065],[37.2792,-3.33572],[37.27919,-3.33308],[37.28254,-3.32715],[37.28228,-3.32203],[37.28091,-3.32019],[37.28046,-3.31671],[37.27674,-3.3168],[37.27226,-3.31339],[37.26559,-3.31313],[37.25862,-3.31511],[37.25781,-3.3136],[37.25943,-3.30774],[37.25809,-3.30485],[37.25966,-3.30034],[37.26117,-3.29979],[37.26227,-3.29557],[37.26382,-3.29438],[37.26547,-3.29052],[37.26627,-3.29069],[37.26864,-3.28828],[37.27169,-3.28211],[37.27245,-3.2773],[37.27438,-3.27591],[37.27667,-3.27638],[37.27777,-3.27445],[37.27887,-3.26846],[37.27784,-3.26578],[37.2783,-3.25594],[37.27751,-3.25274],[37.27901,-3.24928],[37.27908,-3.24619],[37.28303,-3.24592],[37.28548,-3.24418],[37.28623,-3.24415]]]]},"properties":{"region":"Kilimanjaro","district":"Moshi","ward":"Kindi","ward_code":"011"}},{"type":"Feature","geometry":{"type":"Polygon","coordinates":[[[37.30908,-3.13747],[37.30839,-3.1401],[37.30414,-3.14442],[37.30338,-3.14334],[37.30157,-3.14337],[37.29844,-3.15089],[37.29744,-3.15026],[37.29517,-3.15179],[37.2916,-3.15854],[37.29118,-3.16068],[37.29204,-3.16231],[37.28971,-3.16416],[37.29105,-3.16695],[37.29132,-3.17137],[37.28999,-3.1749],[37.29057,-3.17625],[37.28992,-3.17758],[37.28796,-3.17736],[37.2901,-3.17872],[37.28847,-3.1814],[37.28567,-3.18231],[37.2868,-3.18352],[37.28662,-3.18985],[37.28346,-3.19737],[37.2838,-3.19923],[37.28263,-3.20257],[37.28466,-3.20619],[37.28452,-3.20926],[37.28605,-3.21031],[37.28532,-3.213],[37.28612,-3.21776],[37.28466,-3.22752],[37.28553,-3.23039],[37.28468,-3.23401],[37.28613,-3.23705],[37.28623,-3.24415],[37.28303,-3.24592],[37.27908,-3.24619],[37.27901,-3.24928],[37.27751,-3.25274],[37.2783,-3.25594],[37.27784,-3.26578],[37.27887,-3.26846],[37.27777,-3.27445],[37.27667,-3.27638],[37.27438,-3.27591],[37.27245,-3.2773],[37.27169,-3.28211],[37.26825,-3.28897],[37.26547,-3.29052],[37.26382,-3.29438],[37.26227,-3.29557],[37.26117,-3.29979],[37.25966,-3.30034],[37.25847,-3.30288],[37.25747,-3.3028],[37.25631,-3.29757],[37.25548,-3.29715],[37.25433,-3.29822],[37.25407,-3.29669],[37.25287,-3.29737],[37.25262,-3.29595],[37.24982,-3.29425],[37.24936,-3.29037],[37.25144,-3.28607],[37.25316,-3.27647],[37.25426,-3.27641],[37.25351,-3.27361],[37.25727,-3.26961],[37.25733,-3.26387],[37.25844,-3.26363],[37.26117,-3.25831],[37.26033,-3.25693],[37.25858,-3.2567],[37.261,-3.25315],[37.26166,-3.24996],[37.26103,-3.24755],[37.26251,-3.24624],[37.26318,-3.24331],[37.25969,-3.23668],[37.26055,-3.23595],[37.25883,-3.23475],[37.26029,-3.23366],[37.25923,-3.23041],[37.26013,-3.22872],[37.25972,-3.22406],[37.26209,-3.21939],[37.26494,-3.218],[37.26513,-3.21522],[37.2677,-3.21507],[37.27024,-3.2094],[37.26837,-3.19358],[37.27351,-3.18697],[37.27397,-3.18305],[37.27826,-3.17863],[37.279,-3.17631],[37.28114,-3.17571],[37.28182,-3.17169],[37.32105,-3.09401],[37.33079,-3.10353],[37.33041,-3.10543],[37.32116,-3.11809],[37.31829,-3.11907],[37.31809,-3.12166],[37.31705,-3.12191],[37.31561,-3.12503],[37.31575,-3.12697],[37.31392,-3.13136],[37.30908,-3.13747]]]},"properties":{"region":"Kilimanjaro","district":"Moshi","ward":"Kibosho Magharibi","ward_code":"021"}},{"type":"Feature","geometry":{"type":"Polygon","coordinates":[[[37.33419,-3.10683],[37.31485,-3.18772],[37.3109,-3.19423],[37.30629,-3.19672],[37.30427,-3.20093],[37.30439,-3.20585],[37.30246,-3.21478],[37.30295,-3.21972],[37.30005,-3.21928],[37.29893,-3.22158],[37.29952,-3.22647],[37.29776,-3.22915],[37.29758,-3.23122],[37.29839,-3.23313],[37.29765,-3.23406],[37.2983,-3.244],[37.29728,-3.24518],[37.29766,-3.25303],[37.29599,-3.25545],[37.29673,-3.26281],[37.29872,-3.26863],[37.29807,-3.26997],[37.28998,-3.27031],[37.28979,-3.26757],[37.28856,-3.26644],[37.28914,-3.26229],[37.28821,-3.26043],[37.289,-3.25743],[37.28728,-3.25634],[37.28748,-3.25282],[37.28598,-3.25037],[37.28628,-3.23841],[37.28468,-3.23401],[37.28553,-3.23039],[37.28466,-3.22752],[37.28612,-3.21776],[37.28532,-3.213],[37.28605,-3.21031],[37.28452,-3.20926],[37.28466,-3.20619],[37.28263,-3.20257],[37.2838,-3.19923],[37.28346,-3.19737],[37.28662,-3.18985],[37.2868,-3.18352],[37.28567,-3.18231],[37.28847,-3.1814],[37.2901,-3.17872],[37.28796,-3.17736],[37.28992,-3.17758],[37.29057,-3.17625],[37.28999,-3.1749],[37.29132,-3.17137],[37.29105,-3.16695],[37.28971,-3.16416],[37.29204,-3.16231],[37.29118,-3.16068],[37.2916,-3.15854],[37.29517,-3.15179],[37.29744,-3.15026],[37.29844,-3.15089],[37.30157,-3.14337],[37.30338,-3.14334],[37.30414,-3.14442],[37.30839,-3.1401],[37.30908,-3.13747],[37.31392,-3.13136],[37.31575,-3.12697],[37.31561,-3.12503],[37.31705,-3.12191],[37.31809,-3.12166],[37.31829,-3.11907],[37.32116,-3.11809],[37.33041,-3.10543],[37.33079,-3.10353],[37.33419,-3.10683]]]},"properties":{"region":"Kilimanjaro","district":"Moshi","ward":"Kibosho Okaoni","ward_code":"031"}},{"type":"Feature","geometry":{"type":"Polygon","coordinates":[[[37.33419,-3.10683],[37.34335,-3.11752],[37.34249,-3.12583],[37.33956,-3.13043],[37.33989,-3.13736],[37.33757,-3.14207],[37.33557,-3.15293],[37.33663,-3.15604],[37.33412,-3.16212],[37.33375,-3.16845],[37.33173,-3.17159],[37.33281,-3.17602],[37.33074,-3.18123],[37.3301,-3.18658],[37.32636,-3.19183],[37.32684,-3.19386],[37.32599,-3.19683],[37.32337,-3.20084],[37.32179,-3.20619],[37.3194,-3.20931],[37.31937,-3.21461],[37.31814,-3.21686],[37.31862,-3.21929],[37.31682,-3.22356],[37.31756,-3.22732],[37.31951,-3.23013],[37.3177,-3.23374],[37.31788,-3.23599],[37.31535,-3.23945],[37.31216,-3.24028],[37.31221,-3.2388],[37.30592,-3.24353],[37.30508,-3.2512],[37.30262,-3.25929],[37.30105,-3.25982],[37.30214,-3.2616],[37.30011,-3.26239],[37.30128,-3.26477],[37.30006,-3.27025],[37.29899,-3.27081],[37.29807,-3.26997],[37.29872,-3.26863],[37.29673,-3.26281],[37.29599,-3.25545],[37.29766,-3.25303],[37.29728,-3.24518],[37.2983,-3.244],[37.29765,-3.23406],[37.29839,-3.23313],[37.29758,-3.23122],[37.29776,-3.22915],[37.29952,-3.22647],[37.29893,-3.22158],[37.30005,-3.21928],[37.30295,-3.21972],[37.30246,-3.21478],[37.30439,-3.20585],[37.30427,-3.20093],[37.30629,-3.19672],[37.3109,-3.19423],[37.31485,-3.18772],[37.33419,-3.10683]]]},"properties":{"region":"Kilimanjaro","district":"Moshi","ward":"Kibosho Kati","ward_code":"041"}},{"type":"Feature","geometry":{"type":"Polygon","coordinates":[[[37.31205,-3.24019],[37.31535,-3.23945],[37.31303,-3.24119],[37.31215,-3.24352],[37.3131,-3.24533],[37.31272,-3.2505],[37.3118,-3.2512],[37.3127,-3.25293],[37.31184,-3.25536],[37.31272,-3.25605],[37.31174,-3.2571],[37.31102,-3.26692],[37.30924,-3.26932],[37.30985,-3.27677],[37.30763,-3.27993],[37.30836,-3.28318],[37.30733,-3.28655],[37.30863,-3.28754],[37.30822,-3.29176],[37.31244,-3.29592],[37.31097,-3.30126],[37.31268,-3.30323],[37.31177,-3.30376],[37.31216,-3.30527],[37.31114,-3.30653],[37.31209,-3.30818],[37.31044,-3.31118],[37.31292,-3.31237],[37.31215,-3.31471],[37.31466,-3.31793],[37.31343,-3.32326],[37.31404,-3.32689],[37.31166,-3.32473],[37.31028,-3.3212],[37.30754,-3.32093],[37.30674,-3.31872],[37.30379,-3.31614],[37.30384,-3.3145],[37.30247,-3.31251],[37.30366,-3.31269],[37.30271,-3.3115],[37.30296,-3.31015],[37.29762,-3.30604],[37.29726,-3.30453],[37.29245,-3.30011],[37.29376,-3.29867],[37.29251,-3.29795],[37.29273,-3.29554],[37.29453,-3.29455],[37.29465,-3.29235],[37.29431,-3.29069],[37.29186,-3.28844],[37.29237,-3.28303],[37.28946,-3.27979],[37.29057,-3.27876],[37.29145,-3.27474],[37.28998,-3.27031],[37.30006,-3.27025],[37.30128,-3.26477],[37.30011,-3.26239],[37.30214,-3.2616],[37.30105,-3.25982],[37.30262,-3.25929],[37.30508,-3.2512],[37.30592,-3.24353],[37.31221,-3.2388],[37.31205,-3.24019]]]},"properties":{"region":"Kilimanjaro","district":"Moshi","ward":"Kibosho Kirima","ward_code":"051"}},{"type":"Feature","geometry":{"type":"Polygon","coordinates":[[[37.36016,-3.20193],[37.34693,-3.23009],[37.34096,-3.23468],[37.34107,-3.24098],[37.33908,-3.24666],[37.33775,-3.24765],[37.33778,-3.24944],[37.33609,-3.2505],[37.33465,-3.24992],[37.33454,-3.25092],[37.33139,-3.25215],[37.3267,-3.25737],[37.32677,-3.25971],[37.3238,-3.26337],[37.32265,-3.26874],[37.3116,-3.28927],[37.31372,-3.29273],[37.31244,-3.29592],[37.30822,-3.29176],[37.30863,-3.28754],[37.30733,-3.28655],[37.30836,-3.28318],[37.30763,-3.27993],[37.30985,-3.27677],[37.30924,-3.26932],[37.31102,-3.26692],[37.31174,-3.2571],[37.31272,-3.25605],[37.31184,-3.25536],[37.3127,-3.25293],[37.3118,-3.2512],[37.31272,-3.2505],[37.3131,-3.24533],[37.31215,-3.24352],[37.31303,-3.24119],[37.31788,-3.23599],[37.3177,-3.23374],[37.31894,-3.23248],[37.3194,-3.22959],[37.31756,-3.22732],[37.31682,-3.22356],[37.31862,-3.21929],[37.31814,-3.21686],[37.31937,-3.21461],[37.3194,-3.20931],[37.32179,-3.20619],[37.32337,-3.20084],[37.32599,-3.19683],[37.32684,-3.19386],[37.32636,-3.19183],[37.3301,-3.18658],[37.33074,-3.18123],[37.33281,-3.17602],[37.33173,-3.17159],[37.33375,-3.16845],[37.33412,-3.16212],[37.33663,-3.15604],[37.33557,-3.15293],[37.33757,-3.14207],[37.33989,-3.13736],[37.33956,-3.13043],[37.34249,-3.12583],[37.34334,-3.11764],[37.35334,-3.12946],[37.37974,-3.15651],[37.37299,-3.17757],[37.36358,-3.19107],[37.36273,-3.19822],[37.36016,-3.20193]]]},"properties":{"region":"Kilimanjaro","district":"Moshi","ward":"Kibosho Mashariki","ward_code":"061"}},{"type":"Feature","geometry":{"type":"Polygon","coordinates":[[[37.33699,-3.25732],[37.34138,-3.26254],[37.34336,-3.26259],[37.34166,-3.26517],[37.34481,-3.26675],[37.34517,-3.26923],[37.34724,-3.26905],[37.3503,-3.27095],[37.3523,-3.27046],[37.35465,-3.27403],[37.3576,-3.27277],[37.35685,-3.27331],[37.35719,-3.27521],[37.35581,-3.27538],[37.35597,-3.27691],[37.35441,-3.27657],[37.35583,-3.27799],[37.3532,-3.28455],[37.35451,-3.28574],[37.35092,-3.29061],[37.34917,-3.29064],[37.34858,-3.29413],[37.34767,-3.29316],[37.34686,-3.29437],[37.3492,-3.29708],[37.34943,-3.30213],[37.35197,-3.30595],[37.35033,-3.30855],[37.35087,-3.31211],[37.34951,-3.31544],[37.35134,-3.31612],[37.35122,-3.31809],[37.3522,-3.31876],[37.35013,-3.3238],[37.33957,-3.31979],[37.33355,-3.32052],[37.33102,-3.31689],[37.33063,-3.31298],[37.3283,-3.31325],[37.32678,-3.31136],[37.32476,-3.3152],[37.31925,-3.30905],[37.31809,-3.30954],[37.31902,-3.31454],[37.31287,-3.31549],[37.31215,-3.31471],[37.31292,-3.31237],[37.31044,-3.31118],[37.31209,-3.30818],[37.31114,-3.30653],[37.31216,-3.30527],[37.31177,-3.30376],[37.31268,-3.30323],[37.31097,-3.30126],[37.31372,-3.29273],[37.3116,-3.28927],[37.32265,-3.26874],[37.3238,-3.26337],[37.32677,-3.25971],[37.3267,-3.25737],[37.33075,-3.25316],[37.33699,-3.25732]]]},"properties":{"region":"Kilimanjaro","district":"Moshi","ward":"Uru Kusini","ward_code":"071"}},{"type":"Feature","geometry":{"type":"Polygon","coordinates":[[[37.38218,-3.22574],[37.38383,-3.22948],[37.38244,-3.23002],[37.38326,-3.23098],[37.382,-3.23252],[37.38123,-3.23864],[37.37793,-3.24118],[37.37762,-3.24351],[37.37662,-3.24392],[37.37698,-3.24498],[37.37372,-3.24896],[37.37376,-3.25093],[37.37235,-3.25134],[37.36767,-3.25758],[37.36636,-3.25789],[37.36624,-3.25907],[37.36406,-3.25989],[37.36413,-3.26078],[37.36127,-3.26293],[37.3576,-3.27277],[37.3552,-3.27395],[37.35379,-3.27345],[37.3523,-3.27046],[37.3503,-3.27095],[37.34724,-3.26905],[37.34517,-3.26923],[37.34481,-3.26675],[37.34166,-3.26517],[37.34336,-3.26259],[37.34138,-3.26254],[37.33699,-3.25732],[37.33075,-3.25316],[37.33454,-3.25092],[37.33465,-3.24992],[37.33609,-3.2505],[37.33778,-3.24944],[37.33775,-3.24765],[37.33908,-3.24666],[37.34107,-3.24098],[37.34046,-3.23578],[37.34301,-3.23259],[37.34535,-3.23203],[37.34693,-3.23009],[37.36016,-3.20193],[37.36273,-3.19822],[37.36358,-3.19107],[37.37299,-3.17757],[37.37974,-3.15651],[37.39893,-3.17589],[37.40584,-3.18853],[37.38468,-3.22387],[37.38218,-3.22574]]]},"properties":{"region":"Kilimanjaro","district":"Moshi","ward":"Uru Kaskazini","ward_code":"081"}},{"type":"Feature","geometry":{"type":"Polygon","coordinates":[[[37.41783,-3.20838],[37.40502,-3.24389],[37.40135,-3.24932],[37.39984,-3.25107],[37.3947,-3.25326],[37.3923,-3.25988],[37.39005,-3.26086],[37.38887,-3.2633],[37.385,-3.26586],[37.38246,-3.26582],[37.38106,-3.26716],[37.37908,-3.26683],[37.37579,-3.269],[37.37033,-3.27026],[37.36618,-3.2733],[37.36619,-3.27436],[37.36507,-3.27455],[37.36213,-3.27812],[37.36144,-3.2775],[37.35807,-3.27943],[37.35607,-3.2837],[37.35485,-3.2837],[37.35399,-3.28508],[37.3532,-3.28455],[37.35583,-3.27799],[37.35441,-3.27657],[37.35597,-3.27691],[37.35581,-3.27538],[37.35719,-3.27521],[37.35685,-3.27331],[37.36127,-3.26293],[37.36413,-3.26078],[37.36406,-3.25989],[37.36624,-3.25907],[37.36636,-3.25789],[37.36767,-3.25758],[37.37235,-3.25134],[37.37376,-3.25093],[37.37372,-3.24896],[37.37698,-3.24498],[37.37662,-3.24392],[37.37762,-3.24351],[37.37793,-3.24118],[37.38123,-3.23864],[37.382,-3.23252],[37.38326,-3.23098],[37.38244,-3.23002],[37.38383,-3.22948],[37.38218,-3.22574],[37.38468,-3.22387],[37.40584,-3.18853],[37.41044,-3.1984],[37.41783,-3.20838]]]},"properties":{"region":"Kilimanjaro","district":"Moshi","ward":"Uru Shimbwe","ward_code":"091"}},{"type":"Feature","geometry":{"type":"Polygon","coordinates":[[[37.41904,-3.25064],[37.4115,-3.2558],[37.41098,-3.25877],[37.40659,-3.26131],[37.40419,-3.26526],[37.39708,-3.27237],[37.3903,-3.2766],[37.38617,-3.28426],[37.38409,-3.28586],[37.38337,-3.28846],[37.38041,-3.29095],[37.37961,-3.29545],[37.37809,-3.29623],[37.37669,-3.29551],[37.37525,-3.297],[37.37357,-3.29609],[37.37108,-3.29803],[37.36783,-3.30203],[37.36854,-3.30372],[37.36567,-3.30455],[37.36547,-3.30598],[37.36413,-3.30651],[37.36422,-3.30893],[37.36131,-3.31068],[37.36158,-3.31379],[37.35917,-3.31608],[37.35748,-3.32099],[37.355,-3.32312],[37.35258,-3.32263],[37.35306,-3.32169],[37.35122,-3.31809],[37.35134,-3.31612],[37.34953,-3.31586],[37.35087,-3.31211],[37.35033,-3.30855],[37.35197,-3.30595],[37.35006,-3.30388],[37.34998,-3.30158],[37.34894,-3.30036],[37.3492,-3.29708],[37.3477,-3.29602],[37.3472,-3.29348],[37.34858,-3.29413],[37.34917,-3.29064],[37.35138,-3.29013],[37.35451,-3.28574],[37.35433,-3.28433],[37.35714,-3.28266],[37.35807,-3.27943],[37.36144,-3.2775],[37.36213,-3.27812],[37.36507,-3.27455],[37.36619,-3.27436],[37.36618,-3.2733],[37.37189,-3.2694],[37.37579,-3.269],[37.37908,-3.26683],[37.38106,-3.26716],[37.38246,-3.26582],[37.38454,-3.26603],[37.38739,-3.26442],[37.39005,-3.26086],[37.3923,-3.25988],[37.3947,-3.25326],[37.40032,-3.25077],[37.40502,-3.24389],[37.41783,-3.20838],[37.42543,-3.21921],[37.43402,-3.22904],[37.42994,-3.23598],[37.42131,-3.24528],[37.41904,-3.25064]]]},"properties":{"region":"Kilimanjaro","district":"Moshi","ward":"Uru Mashariki","ward_code":"101"}},{"type":"Feature","geometry":{"type":"Polygon","coordinates":[[[37.43673,-3.23196],[37.42581,-3.28614],[37.42156,-3.28991],[37.41426,-3.29168],[37.41269,-3.29317],[37.4088,-3.28945],[37.40566,-3.28849],[37.39872,-3.29158],[37.39682,-3.29508],[37.39108,-3.2961],[37.39072,-3.29905],[37.38711,-3.30157],[37.38411,-3.30675],[37.38067,-3.30864],[37.37966,-3.31156],[37.37763,-3.31245],[37.37715,-3.31426],[37.37362,-3.31669],[37.37284,-3.31871],[37.3734,-3.31988],[37.37234,-3.3207],[37.37311,-3.3225],[37.37238,-3.32702],[37.3707,-3.32873],[37.37122,-3.32929],[37.37025,-3.33091],[37.36126,-3.33399],[37.36047,-3.33181],[37.3555,-3.33324],[37.35458,-3.33218],[37.3548,-3.33039],[37.35234,-3.32957],[37.35317,-3.32495],[37.35412,-3.32311],[37.35748,-3.32099],[37.35917,-3.31608],[37.36158,-3.31379],[37.36131,-3.31068],[37.36422,-3.30893],[37.36413,-3.30651],[37.36547,-3.30598],[37.36567,-3.30455],[37.36854,-3.30372],[37.36783,-3.30203],[37.37247,-3.29676],[37.37357,-3.29609],[37.37525,-3.297],[37.37669,-3.29551],[37.37809,-3.29623],[37.37961,-3.29545],[37.38041,-3.29095],[37.38337,-3.28846],[37.38409,-3.28586],[37.38617,-3.28426],[37.39016,-3.27676],[37.39708,-3.27237],[37.40419,-3.26526],[37.40659,-3.26131],[37.41098,-3.25877],[37.4115,-3.2558],[37.41904,-3.25064],[37.42131,-3.24528],[37.42994,-3.23598],[37.43402,-3.22904],[37.43673,-3.23196]]]},"properties":{"region":"Kilimanjaro","district":"Moshi","ward":"Mbokomu","ward_code":"111"}},{"type":"Feature","geometry":{"type":"MultiPolygon","coordinates":[[[[37.37851,-3.36569],[37.38185,-3.36855],[37.38617,-3.36646],[37.39058,-3.36752],[37.39065,-3.37372],[37.39306,-3.37931],[37.39828,-3.38519],[37.40147,-3.39061],[37.41046,-3.39536],[37.40874,-3.40169],[37.40894,-3.40277],[37.40986,-3.40285],[37.40997,-3.40735],[37.40859,-3.40802],[37.40866,-3.41111],[37.40674,-3.41263],[37.40456,-3.42071],[37.40156,-3.42553],[37.39942,-3.42412],[37.39986,-3.42273],[37.39854,-3.42175],[37.39764,-3.42277],[37.39467,-3.42319],[37.3928,-3.42248],[37.3918,-3.42491],[37.39018,-3.42475],[37.38864,-3.42239],[37.38919,-3.42185],[37.38768,-3.42188],[37.38571,-3.41903],[37.38523,-3.41734],[37.38608,-3.41656],[37.38482,-3.41624],[37.38465,-3.41506],[37.38226,-3.41455],[37.38173,-3.41355],[37.38137,-3.41424],[37.37844,-3.41008],[37.3756,-3.41017],[37.37467,-3.4092],[37.37399,-3.40819],[37.37492,-3.40418],[37.37327,-3.40136],[37.37168,-3.40085],[37.37336,-3.39707],[37.37319,-3.3951],[37.36433,-3.3876],[37.36239,-3.38227],[37.35835,-3.37754],[37.35771,-3.37453],[37.35585,-3.37396],[37.35517,-3.37231],[37.35628,-3.3709],[37.37337,-3.36878],[37.37588,-3.36945],[37.37832,-3.36805],[37.37851,-3.36569]]],[[[37.39464,-3.31255],[37.3941,-3.31433],[37.39282,-3.31425],[37.38806,-3.3171],[37.38571,-3.32405],[37.38234,-3.32687],[37.37616,-3.32981],[37.37508,-3.32882],[37.37343,-3.32927],[37.37312,-3.33152],[37.37077,-3.33029],[37.3707,-3.32873],[37.37238,-3.32702],[37.37311,-3.3225],[37.37234,-3.3207],[37.3734,-3.31988],[37.37284,-3.31871],[37.37362,-3.31669],[37.37715,-3.31426],[37.37763,-3.31245],[37.37966,-3.31156],[37.38067,-3.30864],[37.38411,-3.30675],[37.38711,-3.30157],[37.39072,-3.29905],[37.39108,-3.2961],[37.39682,-3.29508],[37.39872,-3.29158],[37.40566,-3.28849],[37.4088,-3.28945],[37.41269,-3.29317],[37.41208,-3.29418],[37.40906,-3.29646],[37.40807,-3.29896],[37.40396,-3.3],[37.3976,-3.30662],[37.39649,-3.31117],[37.39464,-3.31255]]]]},"properties":{"region":"Kilimanjaro","district":"Moshi","ward":"Old Moshi Magharibi","ward_code":"121"}},{"type":"Feature","geometry":{"type":"Polygon","coordinates":[[[37.43262,-3.28495],[37.4294,-3.28831],[37.42862,-3.29245],[37.42639,-3.2949],[37.42499,-3.29933],[37.41829,-3.30372],[37.41737,-3.30594],[37.41477,-3.30696],[37.40851,-3.31255],[37.40555,-3.31739],[37.40443,-3.3222],[37.39407,-3.3379],[37.39392,-3.34018],[37.39198,-3.34387],[37.38395,-3.33811],[37.38242,-3.33814],[37.37929,-3.33618],[37.37891,-3.33438],[37.37306,-3.33193],[37.37343,-3.32927],[37.37788,-3.32933],[37.38571,-3.32405],[37.38757,-3.31772],[37.39282,-3.31425],[37.3941,-3.31433],[37.39761,-3.30875],[37.3976,-3.30662],[37.40396,-3.3],[37.40807,-3.29896],[37.40906,-3.29646],[37.41426,-3.29168],[37.42156,-3.28991],[37.42581,-3.28614],[37.43694,-3.23186],[37.44111,-3.23586],[37.44157,-3.26306],[37.43712,-3.26647],[37.43329,-3.27361],[37.43262,-3.28495]]]},"properties":{"region":"Kilimanjaro","district":"Moshi","ward":"Old Moshi Mashariki","ward_code":"131"}},{"type":"Feature","geometry":{"type":"Polygon","coordinates":[[[37.44318,-3.28385],[37.44273,-3.2925],[37.4429,-3.29535],[37.44425,-3.29677],[37.44358,-3.2988],[37.4445,-3.30121],[37.44398,-3.30588],[37.43386,-3.30956],[37.43135,-3.31219],[37.43134,-3.32202],[37.43044,-3.32286],[37.43121,-3.32415],[37.43015,-3.3261],[37.43172,-3.33183],[37.43265,-3.33207],[37.43249,-3.33339],[37.4337,-3.33468],[37.43234,-3.33699],[37.43314,-3.33768],[37.43213,-3.3419],[37.43299,-3.34333],[37.43045,-3.34764],[37.4284,-3.34787],[37.42787,-3.35002],[37.42584,-3.35179],[37.42621,-3.35435],[37.42464,-3.3555],[37.42421,-3.35946],[37.42326,-3.35978],[37.42422,-3.36167],[37.42209,-3.36441],[37.42229,-3.36722],[37.41989,-3.36875],[37.41937,-3.37082],[37.41845,-3.37064],[37.41772,-3.3738],[37.41634,-3.37412],[37.41691,-3.38306],[37.41206,-3.38697],[37.41267,-3.3901],[37.41046,-3.39536],[37.40147,-3.39061],[37.39828,-3.38519],[37.39306,-3.37931],[37.39065,-3.37372],[37.39058,-3.36752],[37.38617,-3.36646],[37.38582,-3.36273],[37.39067,-3.35662],[37.39525,-3.35599],[37.39784,-3.3533],[37.39731,-3.35012],[37.39812,-3.34752],[37.39198,-3.34387],[37.39392,-3.34018],[37.39407,-3.3379],[37.40443,-3.3222],[37.40591,-3.31657],[37.41003,-3.31058],[37.41737,-3.30594],[37.41829,-3.30372],[37.42499,-3.29933],[37.42639,-3.2949],[37.42862,-3.29245],[37.4294,-3.28831],[37.43266,-3.2849],[37.43329,-3.27361],[37.43712,-3.26647],[37.44157,-3.26306],[37.44318,-3.28385]]]},"properties":{"region":"Kilimanjaro","district":"Moshi","ward":"Kimochi","ward_code":"141"}},{"type":"Feature","geometry":{"type":"Polygon","coordinates":[[[37.34805,-3.39085],[37.34914,-3.40368],[37.33391,-3.43294],[37.3272,-3.4345],[37.32582,-3.44105],[37.32776,-3.44172],[37.32511,-3.45419],[37.35041,-3.46094],[37.35958,-3.51324],[37.36668,-3.51177],[37.37691,-3.52115],[37.4113,-3.54635],[37.39622,-3.5774],[37.40225,-3.59033],[37.4286,-3.57786],[37.43425,-3.58389],[37.45641,-3.59978],[37.44642,-3.61546],[37.43726,-3.62399],[37.42322,-3.63946],[37.4119,-3.66071],[37.40917,-3.6713],[37.40927,-3.67464],[37.39417,-3.66642],[37.37098,-3.65179],[37.3698,-3.64927],[37.36874,-3.64942],[37.35037,-3.63914],[37.34224,-3.63059],[37.34163,-3.6272],[37.33675,-3.61621],[37.33751,-3.61257],[37.33642,-3.60843],[37.33332,-3.60305],[37.3312,-3.60171],[37.33232,-3.60032],[37.33035,-3.59856],[37.33112,-3.59379],[37.32899,-3.59369],[37.32919,-3.59107],[37.32695,-3.59064],[37.32613,-3.58767],[37.32187,-3.58729],[37.32169,-3.58608],[37.32283,-3.58516],[37.31855,-3.58134],[37.3186,-3.58],[37.31467,-3.57805],[37.31486,-3.57661],[37.31309,-3.57646],[37.31247,-3.57409],[37.31334,-3.57127],[37.3111,-3.56898],[37.3123,-3.56634],[37.30725,-3.56473],[37.30647,-3.56272],[37.30861,-3.56097],[37.30763,-3.56019],[37.30917,-3.5589],[37.30864,-3.55606],[37.31008,-3.55442],[37.30997,-3.5532],[37.30827,-3.55344],[37.30607,-3.55234],[37.30626,-3.5514],[37.30823,-3.55071],[37.30733,-3.54987],[37.30621,-3.55055],[37.30519,-3.54685],[37.30434,-3.54686],[37.30448,-3.54928],[37.30339,-3.54955],[37.30259,-3.5486],[37.30251,-3.54128],[37.30103,-3.53834],[37.29878,-3.53855],[37.30005,-3.53657],[37.2979,-3.53529],[37.2988,-3.52707],[37.30028,-3.52654],[37.30206,-3.52389],[37.30255,-3.52032],[37.30369,-3.519],[37.3031,-3.5177],[37.30714,-3.51591],[37.30366,-3.50788],[37.30421,-3.50823],[37.30592,-3.50615],[37.30267,-3.49942],[37.30038,-3.49608],[37.29622,-3.49421],[37.29219,-3.48644],[37.29112,-3.48681],[37.2886,-3.48233],[37.28834,-3.47984],[37.28968,-3.4769],[37.28835,-3.4748],[37.28963,-3.4738],[37.28821,-3.47199],[37.29053,-3.46998],[37.2894,-3.46844],[37.29051,-3.46741],[37.28955,-3.46626],[37.29082,-3.46434],[37.28953,-3.46375],[37.28982,-3.46208],[37.29198,-3.45984],[37.29233,-3.45624],[37.30017,-3.45011],[37.29845,-3.44903],[37.29885,-3.44726],[37.30092,-3.4449],[37.30123,-3.44256],[37.30452,-3.43986],[37.30483,-3.43442],[37.30984,-3.43004],[37.31089,-3.4267],[37.31004,-3.42509],[37.3128,-3.42468],[37.31223,-3.42101],[37.31541,-3.41817],[37.31435,-3.41685],[37.31759,-3.41508],[37.31598,-3.41285],[37.31735,-3.40971],[37.31853,-3.40991],[37.31764,-3.40858],[37.31891,-3.4073],[37.31767,-3.40786],[37.31737,-3.40713],[37.31813,-3.40486],[37.31738,-3.40144],[37.32288,-3.40091],[37.32535,-3.39816],[37.32489,-3.39696],[37.32607,-3.3974],[37.32631,-3.39431],[37.32723,-3.39355],[37.32509,-3.38823],[37.32585,-3.38474],[37.32446,-3.38207],[37.32298,-3.38144],[37.32259,-3.37945],[37.32394,-3.37817],[37.3298,-3.382],[37.3298,-3.38447],[37.34461,-3.3861],[37.34805,-3.39085]]]},"properties":{"region":"Kilimanjaro","district":"Moshi","ward":"Arusha Chini","ward_code":"271"}},{"type":"Feature","geometry":{"type":"Polygon","coordinates":[[[37.36239,-3.38227],[37.36433,-3.3876],[37.37319,-3.3951],[37.37336,-3.39707],[37.37168,-3.40085],[37.37327,-3.40136],[37.37492,-3.40418],[37.37399,-3.40819],[37.3756,-3.41017],[37.37925,-3.41073],[37.38137,-3.41424],[37.37496,-3.41917],[37.42082,-3.47573],[37.40764,-3.48109],[37.39449,-3.4815],[37.38235,-3.48826],[37.38122,-3.49316],[37.3755,-3.49716],[37.37691,-3.52115],[37.36668,-3.51177],[37.35958,-3.51324],[37.35041,-3.46094],[37.32511,-3.45419],[37.32776,-3.44172],[37.32582,-3.44105],[37.3272,-3.4345],[37.33391,-3.43294],[37.34914,-3.40368],[37.34798,-3.39071],[37.34956,-3.39098],[37.34959,-3.3901],[37.34769,-3.38594],[37.35697,-3.38476],[37.36239,-3.38227]]]},"properties":{"region":"Kilimanjaro","district":"Moshi","ward":"Mabogini","ward_code":"281"}},{"type":"Feature","geometry":{"type":"Polygon","coordinates":[[[37.45449,-3.24647],[37.45678,-3.246],[37.45813,-3.24704],[37.45905,-3.25556],[37.46282,-3.26181],[37.4621,-3.26241],[37.46335,-3.26335],[37.46259,-3.26508],[37.46349,-3.26709],[37.46322,-3.27069],[37.46629,-3.27526],[37.46638,-3.27906],[37.46732,-3.27926],[37.46742,-3.28071],[37.47018,-3.28098],[37.47132,-3.28403],[37.47299,-3.28401],[37.47036,-3.29037],[37.47143,-3.29282],[37.4707,-3.29382],[37.47287,-3.2956],[37.47469,-3.29463],[37.4774,-3.29536],[37.47943,-3.29717],[37.48203,-3.29551],[37.48293,-3.29747],[37.48327,-3.29875],[37.48065,-3.30158],[37.4836,-3.30276],[37.48255,-3.30407],[37.48326,-3.30696],[37.48184,-3.3067],[37.48146,-3.30804],[37.47988,-3.30758],[37.4783,-3.30858],[37.47483,-3.30661],[37.47448,-3.30871],[37.4725,-3.30872],[37.47109,-3.30994],[37.46934,-3.31014],[37.4684,-3.30863],[37.46784,-3.3104],[37.46641,-3.30961],[37.4684,-3.31327],[37.46953,-3.31856],[37.47369,-3.32229],[37.47358,-3.32585],[37.47541,-3.33138],[37.4783,-3.33303],[37.48118,-3.34105],[37.47389,-3.34204],[37.47355,-3.34065],[37.46925,-3.34002],[37.46797,-3.33793],[37.46796,-3.33566],[37.4664,-3.33659],[37.46598,-3.33537],[37.46421,-3.33592],[37.46135,-3.33401],[37.45762,-3.33434],[37.45824,-3.32999],[37.45727,-3.32716],[37.4583,-3.32153],[37.45702,-3.31979],[37.45403,-3.32267],[37.45081,-3.32276],[37.44973,-3.32784],[37.45009,-3.33087],[37.44045,-3.33455],[37.43384,-3.34173],[37.43213,-3.3419],[37.43315,-3.33883],[37.4324,-3.33668],[37.4337,-3.33468],[37.43249,-3.33339],[37.43265,-3.33207],[37.43172,-3.33183],[37.43015,-3.3261],[37.43121,-3.32415],[37.43044,-3.32286],[37.43134,-3.32202],[37.43135,-3.31219],[37.43386,-3.30956],[37.44236,-3.30679],[37.44424,-3.3049],[37.4445,-3.30121],[37.44356,-3.29955],[37.44425,-3.29677],[37.4429,-3.29535],[37.44273,-3.2925],[37.44336,-3.2871],[37.44157,-3.26306],[37.44111,-3.23586],[37.44874,-3.24049],[37.4492,-3.24225],[37.45213,-3.24356],[37.45449,-3.24647]]]},"properties":{"region":"Kilimanjaro","district":"Moshi","ward":"Kirua Vunjo Magharibi","ward_code":"151"}},{"type":"Feature","geometry":{"type":"Polygon","coordinates":[[[37.48628,-3.28026],[37.49286,-3.28706],[37.49281,-3.28908],[37.49081,-3.28955],[37.48883,-3.28464],[37.48504,-3.28682],[37.48077,-3.29237],[37.47888,-3.29246],[37.47807,-3.29503],[37.47648,-3.29567],[37.47469,-3.29463],[37.47287,-3.2956],[37.4707,-3.29382],[37.47143,-3.29282],[37.47036,-3.29037],[37.47299,-3.28401],[37.47132,-3.28403],[37.47018,-3.28098],[37.46742,-3.28071],[37.46732,-3.27926],[37.46638,-3.27906],[37.46629,-3.27526],[37.46322,-3.27069],[37.46349,-3.26709],[37.46259,-3.26508],[37.46335,-3.26335],[37.4621,-3.26241],[37.46282,-3.26181],[37.4605,-3.25757],[37.46046,-3.25312],[37.47357,-3.24796],[37.47546,-3.25776],[37.4796,-3.26286],[37.47977,-3.26651],[37.483,-3.27216],[37.48207,-3.27378],[37.48432,-3.27386],[37.48401,-3.27606],[37.48705,-3.27736],[37.48628,-3.28026]]]},"properties":{"region":"Kilimanjaro","district":"Moshi","ward":"Kilema Kaskazini","ward_code":"161"}},{"type":"Feature","geometry":{"type":"Polygon","coordinates":[[[37.49081,-3.28955],[37.49298,-3.28888],[37.49478,-3.29014],[37.49476,-3.29194],[37.49652,-3.29257],[37.50065,-3.29048],[37.50354,-3.29087],[37.50493,-3.2927],[37.5083,-3.29409],[37.51027,-3.29948],[37.50778,-3.30119],[37.50685,-3.30306],[37.50398,-3.305],[37.49733,-3.30358],[37.49877,-3.31077],[37.49458,-3.30664],[37.49349,-3.30795],[37.49284,-3.30747],[37.49005,-3.31168],[37.48692,-3.30916],[37.4855,-3.30573],[37.48449,-3.30638],[37.4836,-3.30276],[37.48065,-3.30158],[37.48327,-3.29875],[37.48203,-3.29551],[37.47943,-3.29717],[37.4774,-3.29536],[37.47888,-3.29246],[37.48077,-3.29237],[37.4828,-3.28913],[37.48351,-3.28956],[37.48504,-3.28682],[37.48756,-3.28507],[37.48883,-3.28464],[37.49081,-3.28955]]]},"properties":{"region":"Kilimanjaro","district":"Moshi","ward":"Kilema Kati","ward_code":"181"}},{"type":"Feature","geometry":{"type":"Polygon","coordinates":[[[37.49261,-3.42411],[37.50106,-3.43549],[37.50437,-3.43648],[37.51468,-3.43606],[37.5151,-3.43672],[37.51783,-3.4355],[37.53092,-3.43607],[37.54528,-3.43208],[37.54661,-3.4349],[37.54545,-3.43495],[37.54475,-3.43623],[37.54557,-3.43751],[37.54285,-3.43932],[37.5429,-3.44425],[37.54016,-3.44542],[37.54028,-3.44685],[37.54122,-3.44921],[37.54243,-3.44885],[37.54593,-3.45125],[37.54419,-3.45255],[37.54582,-3.45477],[37.54706,-3.45405],[37.55016,-3.45484],[37.55096,-3.45661],[37.55324,-3.45684],[37.55321,-3.45839],[37.55583,-3.45895],[37.55462,-3.46005],[37.55509,-3.46167],[37.55412,-3.46316],[37.55546,-3.46452],[37.55373,-3.46542],[37.55406,-3.46828],[37.5554,-3.46855],[37.55505,-3.47154],[37.55315,-3.4731],[37.55426,-3.47369],[37.55365,-3.47414],[37.55437,-3.47551],[37.55175,-3.48101],[37.54438,-3.48502],[37.54378,-3.48719],[37.54323,-3.48667],[37.5433,-3.49124],[37.54084,-3.492],[37.54058,-3.49288],[37.53794,-3.49208],[37.53847,-3.49384],[37.53646,-3.4955],[37.53754,-3.49681],[37.53786,-3.49618],[37.53893,-3.4967],[37.53794,-3.49823],[37.53868,-3.50127],[37.53387,-3.50273],[37.53504,-3.50934],[37.53267,-3.51562],[37.5336,-3.51871],[37.5294,-3.52035],[37.52756,-3.52527],[37.52758,-3.52963],[37.52274,-3.53678],[37.51874,-3.53899],[37.51688,-3.53786],[37.51553,-3.53949],[37.51438,-3.53819],[37.50965,-3.54031],[37.50892,-3.54175],[37.50799,-3.54078],[37.50435,-3.54057],[37.50291,-3.54214],[37.50336,-3.54361],[37.50215,-3.54506],[37.50094,-3.54305],[37.50237,-3.54204],[37.49967,-3.53913],[37.49956,-3.53804],[37.5005,-3.5378],[37.49925,-3.5372],[37.49956,-3.53608],[37.49768,-3.53567],[37.49871,-3.53467],[37.49931,-3.52931],[37.49762,-3.52838],[37.49633,-3.52462],[37.49432,-3.52375],[37.49452,-3.52239],[37.49335,-3.52178],[37.49457,-3.51795],[37.49205,-3.5178],[37.49247,-3.51667],[37.48975,-3.51415],[37.48982,-3.51272],[37.48886,-3.51295],[37.48883,-3.51177],[37.48752,-3.51155],[37.48823,-3.50955],[37.48575,-3.51033],[37.48461,-3.50968],[37.48591,-3.50912],[37.4844,-3.50782],[37.48527,-3.50667],[37.48481,-3.5041],[37.48351,-3.50303],[37.48445,-3.50197],[37.48388,-3.50082],[37.48533,-3.50103],[37.48622,-3.4992],[37.48332,-3.49241],[37.48429,-3.49134],[37.48317,-3.48998],[37.48394,-3.48939],[37.48342,-3.48788],[37.48214,-3.48796],[37.48339,-3.48586],[37.48121,-3.48535],[37.48276,-3.48429],[37.48172,-3.48157],[37.47949,-3.48221],[37.47886,-3.48012],[37.4801,-3.47946],[37.47956,-3.47869],[37.48069,-3.47761],[37.47918,-3.47697],[37.48015,-3.47587],[37.47852,-3.47567],[37.47938,-3.47409],[37.47835,-3.47429],[37.47904,-3.47317],[37.47797,-3.47345],[37.47885,-3.47147],[37.47688,-3.47134],[37.47721,-3.47027],[37.47559,-3.46716],[37.47324,-3.46674],[37.47202,-3.46148],[37.47284,-3.46035],[37.47077,-3.46069],[37.47146,-3.45989],[37.47001,-3.45935],[37.47045,-3.45815],[37.46892,-3.45791],[37.47006,-3.45779],[37.4698,-3.45693],[37.46893,-3.45721],[37.46929,-3.4548],[37.46746,-3.45511],[37.46796,-3.45347],[37.46602,-3.45318],[37.46604,-3.45138],[37.46475,-3.45047],[37.46598,-3.44959],[37.46565,-3.44824],[37.46858,-3.44773],[37.4692,-3.44656],[37.46788,-3.44487],[37.46809,-3.44588],[37.46652,-3.44648],[37.46587,-3.44576],[37.4669,-3.44489],[37.46661,-3.44393],[37.46514,-3.44331],[37.46474,-3.4418],[37.46661,-3.43572],[37.4699,-3.43491],[37.4724,-3.43297],[37.47386,-3.43312],[37.47769,-3.43046],[37.48041,-3.43131],[37.4826,-3.42869],[37.48832,-3.42821],[37.49275,-3.4249],[37.49261,-3.42411]]]},"properties":{"region":"Kilimanjaro","district":"Moshi","ward":"Kahe Mashariki","ward_code":"251"}},{"type":"Feature","geometry":{"type":"Polygon","coordinates":[[[37.38523,-3.41734],[37.38768,-3.42188],[37.38919,-3.42185],[37.38864,-3.42239],[37.39018,-3.42475],[37.3918,-3.42491],[37.3928,-3.42248],[37.39467,-3.42319],[37.39764,-3.42277],[37.39854,-3.42175],[37.39986,-3.42273],[37.39942,-3.42412],[37.40529,-3.42681],[37.42224,-3.42879],[37.43087,-3.42763],[37.44349,-3.43233],[37.44928,-3.43271],[37.45388,-3.43474],[37.46613,-3.43695],[37.46474,-3.4418],[37.4669,-3.44489],[37.46587,-3.44576],[37.46709,-3.44674],[37.46788,-3.44487],[37.4692,-3.44656],[37.46858,-3.44773],[37.46565,-3.44824],[37.46598,-3.44959],[37.46475,-3.45047],[37.46604,-3.45138],[37.46602,-3.45318],[37.46796,-3.45347],[37.46746,-3.45511],[37.46929,-3.4548],[37.46893,-3.45721],[37.4698,-3.45693],[37.47006,-3.45779],[37.46892,-3.45791],[37.47045,-3.45815],[37.47001,-3.45935],[37.47146,-3.45989],[37.47077,-3.46069],[37.47284,-3.46035],[37.47202,-3.46148],[37.47324,-3.46674],[37.47559,-3.46716],[37.47721,-3.47027],[37.47688,-3.47134],[37.47885,-3.47147],[37.47797,-3.47345],[37.47904,-3.47317],[37.47835,-3.47429],[37.47938,-3.47409],[37.47852,-3.47567],[37.48015,-3.47587],[37.47918,-3.47697],[37.48069,-3.47761],[37.47956,-3.47869],[37.4801,-3.47946],[37.47886,-3.48012],[37.47949,-3.48221],[37.48172,-3.48157],[37.48276,-3.48429],[37.48121,-3.48535],[37.48339,-3.48586],[37.48214,-3.48796],[37.48342,-3.48788],[37.48394,-3.48939],[37.48317,-3.48998],[37.48429,-3.49134],[37.48332,-3.49241],[37.48622,-3.4992],[37.48533,-3.50103],[37.48388,-3.50082],[37.48445,-3.50197],[37.48351,-3.50303],[37.48481,-3.5041],[37.48527,-3.50667],[37.4844,-3.50782],[37.48591,-3.50912],[37.48461,-3.50968],[37.48575,-3.51033],[37.48823,-3.50955],[37.48752,-3.51155],[37.48883,-3.51177],[37.48886,-3.51295],[37.48982,-3.51272],[37.48975,-3.51415],[37.49247,-3.51667],[37.49205,-3.5178],[37.49457,-3.51795],[37.49335,-3.52178],[37.49452,-3.52239],[37.49432,-3.52375],[37.49633,-3.52462],[37.49762,-3.52838],[37.49931,-3.52931],[37.49871,-3.53467],[37.49768,-3.53567],[37.49956,-3.53608],[37.49925,-3.5372],[37.5005,-3.5378],[37.49956,-3.53804],[37.49967,-3.53913],[37.50237,-3.54204],[37.50064,-3.54341],[37.49971,-3.54754],[37.49824,-3.54866],[37.49884,-3.55104],[37.49455,-3.54916],[37.49301,-3.5525],[37.49018,-3.54985],[37.48949,-3.55085],[37.49047,-3.55407],[37.4878,-3.55318],[37.48616,-3.5574],[37.48384,-3.5558],[37.4804,-3.5559],[37.47954,-3.55964],[37.4772,-3.56227],[37.47544,-3.56164],[37.47245,-3.56527],[37.47011,-3.56238],[37.46858,-3.56417],[37.46942,-3.56741],[37.46773,-3.56648],[37.46876,-3.56962],[37.46544,-3.57491],[37.46359,-3.5733],[37.46267,-3.5763],[37.46456,-3.57678],[37.46512,-3.58012],[37.46274,-3.58222],[37.46457,-3.58499],[37.46555,-3.58307],[37.46625,-3.58332],[37.46604,-3.58508],[37.46692,-3.58532],[37.46701,-3.58395],[37.46805,-3.58353],[37.46776,-3.58757],[37.46368,-3.58837],[37.45641,-3.59978],[37.43425,-3.58389],[37.4286,-3.57786],[37.40225,-3.59033],[37.39622,-3.5774],[37.4113,-3.54635],[37.37691,-3.52115],[37.3755,-3.49716],[37.38122,-3.49316],[37.38235,-3.48826],[37.39449,-3.4815],[37.40764,-3.48109],[37.42082,-3.47573],[37.37496,-3.41917],[37.38173,-3.41355],[37.38608,-3.41656],[37.38523,-3.41734]]]},"properties":{"region":"Kilimanjaro","district":"Moshi","ward":"Kahe Magharibi","ward_code":"261"}},{"type":"Feature","geometry":{"type":"Polygon","coordinates":[[[37.4583,-3.32153],[37.45727,-3.32716],[37.45824,-3.32999],[37.45762,-3.33434],[37.46135,-3.33401],[37.46421,-3.33592],[37.46598,-3.33537],[37.4664,-3.33659],[37.46796,-3.33566],[37.46797,-3.33793],[37.46925,-3.34002],[37.47355,-3.34065],[37.47389,-3.34204],[37.48118,-3.34105],[37.48167,-3.34236],[37.48175,-3.34629],[37.48066,-3.34739],[37.48184,-3.34827],[37.48085,-3.34902],[37.48195,-3.34959],[37.48191,-3.35127],[37.48133,-3.35351],[37.47856,-3.35454],[37.47967,-3.35633],[37.47864,-3.35705],[37.47826,-3.35948],[37.47907,-3.36233],[37.4767,-3.36613],[37.47645,-3.37336],[37.47953,-3.37225],[37.48737,-3.37486],[37.49011,-3.37402],[37.48967,-3.3809],[37.49332,-3.38088],[37.49408,-3.38189],[37.50054,-3.38003],[37.51116,-3.38019],[37.5113,-3.38149],[37.51302,-3.38175],[37.51521,-3.38482],[37.51521,-3.38798],[37.51331,-3.39119],[37.5151,-3.39582],[37.51308,-3.39689],[37.51333,-3.40158],[37.5126,-3.40357],[37.51178,-3.40324],[37.51052,-3.40489],[37.51076,-3.40885],[37.50849,-3.41369],[37.50821,-3.4167],[37.50662,-3.41651],[37.50525,-3.41779],[37.50507,-3.42025],[37.50213,-3.42092],[37.50037,-3.42376],[37.49817,-3.42526],[37.49674,-3.42457],[37.49547,-3.42562],[37.49261,-3.42411],[37.49275,-3.4249],[37.49068,-3.42591],[37.48979,-3.42757],[37.4826,-3.42869],[37.48041,-3.43131],[37.47769,-3.43046],[37.47386,-3.43312],[37.4724,-3.43297],[37.4699,-3.43491],[37.46661,-3.43572],[37.46613,-3.43695],[37.45388,-3.43474],[37.44928,-3.43271],[37.44349,-3.43233],[37.43087,-3.42763],[37.42224,-3.42879],[37.40529,-3.42681],[37.40156,-3.42553],[37.40456,-3.42071],[37.40674,-3.41263],[37.40866,-3.41111],[37.40859,-3.40802],[37.40997,-3.40735],[37.40986,-3.40285],[37.40894,-3.40277],[37.40874,-3.40169],[37.41037,-3.39451],[37.41267,-3.3901],[37.41179,-3.3875],[37.41379,-3.38485],[37.41691,-3.38306],[37.41634,-3.37412],[37.41772,-3.3738],[37.41845,-3.37064],[37.41937,-3.37082],[37.41989,-3.36875],[37.42229,-3.36722],[37.42209,-3.36441],[37.42422,-3.36167],[37.42326,-3.35978],[37.42421,-3.35946],[37.42464,-3.3555],[37.42621,-3.35435],[37.42584,-3.35179],[37.42787,-3.35002],[37.4284,-3.34787],[37.43018,-3.3479],[37.43097,-3.34695],[37.43299,-3.34333],[37.43213,-3.3419],[37.43384,-3.34173],[37.44045,-3.33455],[37.45009,-3.33087],[37.44973,-3.32784],[37.45081,-3.32276],[37.45403,-3.32267],[37.45702,-3.31979],[37.4583,-3.32153]]]},"properties":{"region":"Kilimanjaro","district":"Moshi","ward":"Kirua Vunjo Kusini","ward_code":"291"}},{"type":"Feature","geometry":{"type":"Polygon","coordinates":[[[37.4836,-3.30276],[37.48449,-3.30638],[37.4855,-3.30573],[37.48692,-3.30916],[37.4916,-3.31251],[37.49111,-3.31576],[37.49274,-3.33127],[37.49587,-3.33899],[37.49814,-3.33902],[37.4985,-3.34043],[37.50514,-3.343],[37.5086,-3.339],[37.51032,-3.33875],[37.51159,-3.34345],[37.5139,-3.34552],[37.51566,-3.34975],[37.51512,-3.35279],[37.51579,-3.35346],[37.514,-3.35576],[37.51308,-3.36537],[37.51386,-3.36842],[37.51313,-3.3705],[37.51449,-3.3709],[37.51466,-3.37234],[37.51317,-3.37346],[37.51313,-3.37769],[37.51116,-3.38019],[37.50054,-3.38003],[37.49408,-3.38189],[37.49332,-3.38088],[37.48967,-3.3809],[37.49011,-3.37402],[37.48737,-3.37486],[37.47953,-3.37225],[37.47645,-3.37336],[37.4767,-3.36613],[37.47907,-3.36233],[37.47826,-3.35948],[37.47864,-3.35705],[37.47967,-3.35633],[37.47856,-3.35454],[37.48133,-3.35351],[37.48191,-3.35127],[37.48195,-3.34959],[37.48085,-3.34902],[37.48184,-3.34827],[37.48066,-3.34739],[37.48175,-3.34629],[37.48167,-3.34236],[37.4783,-3.33303],[37.47541,-3.33138],[37.47358,-3.32585],[37.47369,-3.32229],[37.46953,-3.31856],[37.4684,-3.31327],[37.46641,-3.30961],[37.46784,-3.3104],[37.4684,-3.30863],[37.46934,-3.31014],[37.47109,-3.30994],[37.4725,-3.30872],[37.47448,-3.30871],[37.47483,-3.30661],[37.47783,-3.30848],[37.47962,-3.30837],[37.47988,-3.30758],[37.48124,-3.30815],[37.48184,-3.3067],[37.48326,-3.30696],[37.48255,-3.30407],[37.4836,-3.30276]]]},"properties":{"region":"Kilimanjaro","district":"Moshi","ward":"Kirua Vunjo Mashariki","ward_code":"301"}},{"type":"Feature","geometry":{"type":"Polygon","coordinates":[[[37.51029,-3.30097],[37.51356,-3.30412],[37.51263,-3.30712],[37.51359,-3.30951],[37.51245,-3.3111],[37.51535,-3.31439],[37.51525,-3.31857],[37.51835,-3.31983],[37.52243,-3.32602],[37.52518,-3.32798],[37.52645,-3.33199],[37.52855,-3.33228],[37.52899,-3.3363],[37.53123,-3.33854],[37.53085,-3.34343],[37.53333,-3.34696],[37.53639,-3.34806],[37.53769,-3.35105],[37.54118,-3.35167],[37.5425,-3.35423],[37.54374,-3.35965],[37.54252,-3.36077],[37.53957,-3.36043],[37.54029,-3.36253],[37.53777,-3.36194],[37.52891,-3.36548],[37.52832,-3.36265],[37.5234,-3.36396],[37.5201,-3.36254],[37.51332,-3.36349],[37.514,-3.35576],[37.51579,-3.35346],[37.51512,-3.35279],[37.51566,-3.34975],[37.5139,-3.34552],[37.51159,-3.34345],[37.51032,-3.33875],[37.5086,-3.339],[37.50514,-3.343],[37.4985,-3.34043],[37.49814,-3.33902],[37.49587,-3.33899],[37.49442,-3.33656],[37.4921,-3.32699],[37.49116,-3.30998],[37.49284,-3.30747],[37.49349,-3.30795],[37.49458,-3.30664],[37.49877,-3.31077],[37.49733,-3.30358],[37.50398,-3.305],[37.51027,-3.29948],[37.51029,-3.30097]]]},"properties":{"region":"Kilimanjaro","district":"Moshi","ward":"Kilema Kusini","ward_code":"311"}},{"type":"Feature","geometry":{"type":"Polygon","coordinates":[[[37.54308,-3.36216],[37.54021,-3.36948],[37.54157,-3.37564],[37.54053,-3.37671],[37.54221,-3.3768],[37.54267,-3.3777],[37.54134,-3.37921],[37.54323,-3.38063],[37.5419,-3.38397],[37.54476,-3.3892],[37.54356,-3.39029],[37.54535,-3.39093],[37.54647,-3.39298],[37.5459,-3.39363],[37.54412,-3.39259],[37.54379,-3.39314],[37.54603,-3.39434],[37.54564,-3.39911],[37.54453,-3.40029],[37.54546,-3.40085],[37.54415,-3.40163],[37.54679,-3.40343],[37.54635,-3.40517],[37.54752,-3.40578],[37.54842,-3.40985],[37.54982,-3.41137],[37.5482,-3.41335],[37.54766,-3.41667],[37.54837,-3.41932],[37.54601,-3.42254],[37.5477,-3.42541],[37.54568,-3.42607],[37.54744,-3.42937],[37.54711,-3.43107],[37.53092,-3.43607],[37.51783,-3.4355],[37.5151,-3.43672],[37.51419,-3.43605],[37.50924,-3.43678],[37.50106,-3.43549],[37.49404,-3.42488],[37.49547,-3.42562],[37.49674,-3.42457],[37.49817,-3.42526],[37.50037,-3.42376],[37.50213,-3.42092],[37.50507,-3.42025],[37.50525,-3.41779],[37.50662,-3.41651],[37.50821,-3.4167],[37.50849,-3.41369],[37.51076,-3.40885],[37.51052,-3.40489],[37.51283,-3.40317],[37.51308,-3.39689],[37.5151,-3.39582],[37.51331,-3.39119],[37.51521,-3.38798],[37.51532,-3.38523],[37.51302,-3.38175],[37.51094,-3.38081],[37.51313,-3.37769],[37.51317,-3.37346],[37.51466,-3.37234],[37.51449,-3.3709],[37.51313,-3.3705],[37.51386,-3.36842],[37.51332,-3.36349],[37.5201,-3.36254],[37.5234,-3.36396],[37.52832,-3.36265],[37.52891,-3.36548],[37.53777,-3.36194],[37.54029,-3.36253],[37.53957,-3.36043],[37.54198,-3.36035],[37.54308,-3.36216]]]},"properties":{"region":"Kilimanjaro","district":"Moshi","ward":"Njia Panda","ward_code":"323"}},{"type":"Feature","geometry":{"type":"Polygon","coordinates":[[[37.51586,-3.23802],[37.51488,-3.24183],[37.516,-3.24456],[37.51532,-3.25149],[37.51189,-3.25967],[37.51189,-3.26309],[37.50983,-3.26556],[37.51063,-3.26681],[37.50855,-3.26996],[37.50864,-3.28083],[37.50684,-3.28424],[37.50764,-3.28831],[37.50904,-3.28968],[37.5081,-3.2913],[37.5083,-3.29409],[37.50493,-3.2927],[37.50354,-3.29087],[37.50065,-3.29048],[37.49652,-3.29257],[37.49476,-3.29194],[37.49478,-3.29014],[37.49298,-3.28888],[37.49286,-3.28706],[37.48628,-3.28026],[37.48705,-3.27736],[37.48401,-3.27606],[37.48432,-3.27386],[37.48207,-3.27378],[37.483,-3.27216],[37.47977,-3.26651],[37.4796,-3.26286],[37.47546,-3.25776],[37.47357,-3.24796],[37.47905,-3.24292],[37.48074,-3.23983],[37.48834,-3.2406],[37.50066,-3.23823],[37.50607,-3.23535],[37.51586,-3.23802]]]},"properties":{"region":"Kilimanjaro","district":"Moshi","ward":"Marangu Magharibi","ward_code":"171"}},{"type":"Feature","geometry":{"type":"Polygon","coordinates":[[[37.53032,-3.25509],[37.53231,-3.27323],[37.53466,-3.27845],[37.52979,-3.2867],[37.53033,-3.29035],[37.52956,-3.29295],[37.53443,-3.30267],[37.53285,-3.30954],[37.53375,-3.31626],[37.53553,-3.31998],[37.53876,-3.32313],[37.54761,-3.32684],[37.54927,-3.33225],[37.55155,-3.33504],[37.55122,-3.33822],[37.55216,-3.3395],[37.55111,-3.34408],[37.55266,-3.34601],[37.53415,-3.34765],[37.53333,-3.34696],[37.53085,-3.34343],[37.53123,-3.33854],[37.52899,-3.3363],[37.52855,-3.33228],[37.52645,-3.33199],[37.52518,-3.32798],[37.52243,-3.32602],[37.51835,-3.31983],[37.51525,-3.31857],[37.51535,-3.31439],[37.51245,-3.3111],[37.51359,-3.30951],[37.51263,-3.30712],[37.51356,-3.30412],[37.51029,-3.30097],[37.50823,-3.29447],[37.5081,-3.2913],[37.50904,-3.28968],[37.50764,-3.28831],[37.50684,-3.28424],[37.50864,-3.28083],[37.50864,-3.26939],[37.51063,-3.26681],[37.50983,-3.26556],[37.51245,-3.26165],[37.51189,-3.25967],[37.51427,-3.25536],[37.51566,-3.24981],[37.516,-3.24456],[37.51488,-3.24183],[37.51586,-3.23802],[37.52098,-3.23772],[37.52794,-3.24229],[37.53303,-3.24425],[37.53355,-3.24553],[37.53254,-3.25143],[37.53032,-3.25509]]]},"properties":{"region":"Kilimanjaro","district":"Moshi","ward":"Marangu Mashariki","ward_code":"191"}},{"type":"Feature","geometry":{"type":"Polygon","coordinates":[[[37.53118,-3.28568],[37.53328,-3.28544],[37.53357,-3.2864],[37.53537,-3.28619],[37.53903,-3.28772],[37.54402,-3.28739],[37.54513,-3.28603],[37.54607,-3.28697],[37.54936,-3.28604],[37.55109,-3.28868],[37.55178,-3.2871],[37.5512,-3.28554],[37.5529,-3.28646],[37.55462,-3.28516],[37.5562,-3.28622],[37.55783,-3.29308],[37.55806,-3.30582],[37.5563,-3.31021],[37.55447,-3.31027],[37.55671,-3.31178],[37.55776,-3.31526],[37.55599,-3.32072],[37.55691,-3.3225],[37.55597,-3.32572],[37.55661,-3.32734],[37.55455,-3.32988],[37.55154,-3.33031],[37.55105,-3.33477],[37.54927,-3.33225],[37.54761,-3.32684],[37.53876,-3.32313],[37.53553,-3.31998],[37.53375,-3.31626],[37.53285,-3.30954],[37.53443,-3.30267],[37.52956,-3.29295],[37.53033,-3.29035],[37.52979,-3.2867],[37.53074,-3.28492],[37.53118,-3.28568]]]},"properties":{"region":"Kilimanjaro","district":"Moshi","ward":"Mamba Kusini","ward_code":"201"}},{"type":"Feature","geometry":{"type":"Polygon","coordinates":[[[37.54607,-3.24312],[37.54567,-3.24636],[37.54942,-3.25548],[37.54825,-3.25721],[37.55152,-3.26602],[37.55054,-3.27259],[37.55322,-3.27496],[37.55192,-3.27779],[37.55254,-3.28032],[37.55162,-3.28096],[37.55265,-3.28421],[37.55225,-3.28593],[37.551,-3.28594],[37.55178,-3.2871],[37.55109,-3.28868],[37.54936,-3.28604],[37.54607,-3.28697],[37.54513,-3.28603],[37.54402,-3.28739],[37.53903,-3.28772],[37.53074,-3.28492],[37.53466,-3.27845],[37.53183,-3.27075],[37.5317,-3.26218],[37.53032,-3.25509],[37.53254,-3.25143],[37.53355,-3.24553],[37.53303,-3.24425],[37.54607,-3.24312]]]},"properties":{"region":"Kilimanjaro","district":"Moshi","ward":"Mamba Kaskazini","ward_code":"211"}},{"type":"Feature","geometry":{"type":"Polygon","coordinates":[[[37.56032,-3.24682],[37.57097,-3.25221],[37.57421,-3.25213],[37.57795,-3.24518],[37.58344,-3.24711],[37.5877,-3.24738],[37.58933,-3.24873],[37.58745,-3.24891],[37.58926,-3.2536],[37.5888,-3.25769],[37.59131,-3.26084],[37.59461,-3.26265],[37.5963,-3.26674],[37.59979,-3.26673],[37.60172,-3.26944],[37.60079,-3.27274],[37.60229,-3.27492],[37.60099,-3.27725],[37.6016,-3.27934],[37.59994,-3.28285],[37.59643,-3.28628],[37.59664,-3.28935],[37.59402,-3.28823],[37.5893,-3.289],[37.58436,-3.2838],[37.58169,-3.28328],[37.58064,-3.28093],[37.5758,-3.28125],[37.57377,-3.27956],[37.57345,-3.28251],[37.56915,-3.28331],[37.56366,-3.28288],[37.56426,-3.28585],[37.56194,-3.28623],[37.56118,-3.28735],[37.55462,-3.28516],[37.55382,-3.28628],[37.55225,-3.28593],[37.5524,-3.28159],[37.55162,-3.28096],[37.55254,-3.28032],[37.55192,-3.27779],[37.55322,-3.27496],[37.55054,-3.27259],[37.55152,-3.26602],[37.54825,-3.25721],[37.54942,-3.25548],[37.54536,-3.24451],[37.54607,-3.24312],[37.55089,-3.24608],[37.55138,-3.2474],[37.55244,-3.24727],[37.55384,-3.24617],[37.55497,-3.2423],[37.55753,-3.2421],[37.55924,-3.24312],[37.56032,-3.24682]]]},"properties":{"region":"Kilimanjaro","district":"Moshi","ward":"Mwika Kaskazini","ward_code":"221"}},{"type":"Feature","geometry":{"type":"Polygon","coordinates":[[[37.5753,-3.28067],[37.58064,-3.28093],[37.58169,-3.28328],[37.58436,-3.2838],[37.5893,-3.289],[37.59402,-3.28823],[37.59664,-3.28935],[37.59692,-3.29762],[37.60025,-3.30477],[37.60529,-3.31077],[37.60537,-3.31675],[37.60858,-3.32098],[37.60499,-3.32931],[37.60524,-3.33333],[37.60121,-3.34139],[37.60026,-3.35072],[37.60254,-3.35942],[37.60971,-3.36641],[37.60803,-3.37137],[37.60585,-3.37407],[37.60025,-3.37675],[37.58571,-3.37626],[37.57806,-3.37805],[37.57487,-3.37979],[37.56312,-3.38004],[37.56076,-3.38082],[37.55927,-3.3801],[37.5579,-3.38131],[37.55676,-3.37381],[37.55008,-3.36488],[37.55192,-3.36346],[37.54995,-3.35843],[37.55063,-3.35714],[37.54976,-3.35513],[37.55136,-3.35161],[37.5501,-3.35041],[37.55249,-3.35014],[37.55305,-3.3491],[37.55266,-3.34601],[37.55111,-3.34408],[37.55216,-3.3395],[37.55122,-3.33822],[37.55106,-3.33163],[37.55185,-3.33006],[37.55455,-3.32988],[37.55661,-3.32734],[37.55597,-3.32572],[37.55691,-3.3225],[37.55599,-3.32072],[37.55776,-3.31526],[37.55671,-3.31178],[37.55447,-3.31027],[37.5563,-3.31021],[37.55806,-3.30582],[37.55783,-3.29308],[37.5562,-3.28622],[37.56118,-3.28735],[37.56194,-3.28623],[37.56426,-3.28585],[37.56366,-3.28288],[37.57213,-3.28287],[37.57345,-3.28251],[37.57377,-3.27956],[37.5753,-3.28067]]]},"properties":{"region":"Kilimanjaro","district":"Moshi","ward":"Mwika Kusini","ward_code":"231"}},{"type":"Feature","geometry":{"type":"Polygon","coordinates":[[[37.55266,-3.34601],[37.55276,-3.3498],[37.5501,-3.35041],[37.55136,-3.35161],[37.54976,-3.35513],[37.55063,-3.35714],[37.54995,-3.35843],[37.55192,-3.36346],[37.55008,-3.36488],[37.55676,-3.37381],[37.5579,-3.38131],[37.55927,-3.3801],[37.56076,-3.38082],[37.56312,-3.38004],[37.57487,-3.37979],[37.57806,-3.37805],[37.58571,-3.37626],[37.59577,-3.37611],[37.59861,-3.37721],[37.60585,-3.37407],[37.60606,-3.37758],[37.60303,-3.38005],[37.60113,-3.38364],[37.6043,-3.38541],[37.60745,-3.39097],[37.60675,-3.39518],[37.60794,-3.39729],[37.60708,-3.39896],[37.60865,-3.40155],[37.60807,-3.40364],[37.60938,-3.41306],[37.59039,-3.43451],[37.58485,-3.43355],[37.56167,-3.44325],[37.54892,-3.45485],[37.54706,-3.45405],[37.54641,-3.45482],[37.54419,-3.45255],[37.54593,-3.45125],[37.54243,-3.44885],[37.54122,-3.44921],[37.54016,-3.44542],[37.5429,-3.44425],[37.54285,-3.43932],[37.54557,-3.43751],[37.54475,-3.43623],[37.54545,-3.43495],[37.54661,-3.4349],[37.54528,-3.43208],[37.54711,-3.43107],[37.54744,-3.42937],[37.54568,-3.42607],[37.5477,-3.42541],[37.54601,-3.42254],[37.54837,-3.41932],[37.54766,-3.41667],[37.5482,-3.41335],[37.54982,-3.41137],[37.54842,-3.40985],[37.54752,-3.40578],[37.54635,-3.40517],[37.54679,-3.40343],[37.54415,-3.40163],[37.54546,-3.40085],[37.54453,-3.40029],[37.54564,-3.39911],[37.54603,-3.39434],[37.54379,-3.39314],[37.54412,-3.39259],[37.5459,-3.39363],[37.54647,-3.39298],[37.54535,-3.39093],[37.54356,-3.39029],[37.54476,-3.3892],[37.5419,-3.38397],[37.54323,-3.38063],[37.54134,-3.37921],[37.54267,-3.3777],[37.54221,-3.3768],[37.54053,-3.37671],[37.54157,-3.37564],[37.54021,-3.36948],[37.54196,-3.36662],[37.54308,-3.36216],[37.54252,-3.36077],[37.54374,-3.35965],[37.54347,-3.35644],[37.54118,-3.35167],[37.53769,-3.35105],[37.53639,-3.34806],[37.53415,-3.34765],[37.55266,-3.34601]]]},"properties":{"region":"Kilimanjaro","district":"Moshi","ward":"Makuyuni","ward_code":"243"}},{"type":"Feature","geometry":{"type":"Polygon","coordinates":[[[37.21064,-3.20718],[37.21225,-3.21095],[37.21712,-3.2176],[37.21574,-3.21832],[37.2178,-3.22053],[37.21613,-3.2217],[37.21784,-3.22394],[37.21621,-3.22452],[37.21737,-3.22602],[37.21645,-3.22944],[37.21742,-3.23082],[37.21718,-3.2339],[37.21965,-3.2359],[37.21916,-3.23735],[37.22019,-3.24082],[37.21831,-3.24764],[37.21928,-3.24843],[37.22043,-3.25321],[37.22208,-3.25472],[37.22096,-3.25714],[37.22023,-3.26389],[37.21844,-3.26588],[37.21887,-3.26718],[37.21652,-3.2695],[37.2167,-3.27347],[37.21534,-3.27475],[37.21536,-3.27639],[37.2131,-3.27787],[37.21317,-3.28316],[37.21053,-3.28234],[37.20694,-3.27309],[37.20713,-3.27157],[37.20485,-3.26999],[37.20722,-3.26692],[37.20564,-3.26279],[37.20855,-3.25609],[37.20697,-3.25261],[37.20764,-3.24917],[37.2052,-3.24489],[37.2051,-3.24154],[37.20206,-3.23949],[37.20212,-3.23645],[37.20073,-3.23541],[37.19845,-3.22942],[37.19697,-3.22985],[37.19648,-3.22911],[37.19787,-3.22757],[37.19634,-3.22665],[37.19426,-3.22107],[37.19349,-3.21483],[37.1948,-3.21266],[37.19463,-3.21075],[37.19558,-3.21016],[37.19759,-3.20986],[37.20124,-3.21236],[37.2039,-3.21277],[37.20616,-3.21165],[37.20777,-3.20773],[37.21064,-3.20718]]]},"properties":{"region":"Kilimanjaro","district":"Hai","ward":"Machame Uroki","ward_code":"041"}},{"type":"Feature","geometry":{"type":"Polygon","coordinates":[[[37.22135,-3.20636],[37.21955,-3.20662],[37.22002,-3.20826],[37.21815,-3.20818],[37.21815,-3.21265],[37.21617,-3.21567],[37.21225,-3.21095],[37.21064,-3.20718],[37.20777,-3.20773],[37.20616,-3.21165],[37.2039,-3.21277],[37.20124,-3.21236],[37.19759,-3.20986],[37.19474,-3.21056],[37.19583,-3.20933],[37.19611,-3.20614],[37.19528,-3.20516],[37.198,-3.19942],[37.19751,-3.19472],[37.19866,-3.19363],[37.19957,-3.18947],[37.19722,-3.18653],[37.19682,-3.18415],[37.20125,-3.17194],[37.2004,-3.16807],[37.20295,-3.16383],[37.20365,-3.15898],[37.20559,-3.1544],[37.20562,-3.1475],[37.20375,-3.14407],[37.20447,-3.14114],[37.20148,-3.13498],[37.20099,-3.12819],[37.19985,-3.12688],[37.20008,-3.12371],[37.20302,-3.11544],[37.2035,-3.09625],[37.20534,-3.08524],[37.22052,-3.05563],[37.22314,-3.05161],[37.23209,-3.04287],[37.24149,-3.02709],[37.2508,-3.01673],[37.25382,-3.01115],[37.25875,-3.00567],[37.26572,-2.99985],[37.27159,-2.99686],[37.27655,-3.01812],[37.28153,-3.03418],[37.29458,-3.05654],[37.28836,-3.05854],[37.2854,-3.06073],[37.27116,-3.06654],[37.25609,-3.08063],[37.2525,-3.08513],[37.24895,-3.10057],[37.24205,-3.11519],[37.24095,-3.12379],[37.23896,-3.12826],[37.2396,-3.13248],[37.23878,-3.13778],[37.23231,-3.15088],[37.23217,-3.15964],[37.22642,-3.17314],[37.22744,-3.17772],[37.22449,-3.18318],[37.22281,-3.18413],[37.22284,-3.18637],[37.22435,-3.1882],[37.22556,-3.19237],[37.22309,-3.19487],[37.22395,-3.19628],[37.22293,-3.19665],[37.22321,-3.19846],[37.22085,-3.20141],[37.22135,-3.20636]]]},"properties":{"region":"Kilimanjaro","district":"Hai","ward":"Machame Magharibi","ward_code":"051"}},{"type":"Feature","geometry":{"type":"Polygon","coordinates":[[[37.24805,-3.15074],[37.24924,-3.15084],[37.25023,-3.15392],[37.24947,-3.16157],[37.24759,-3.16609],[37.24864,-3.17047],[37.24817,-3.17341],[37.25093,-3.17895],[37.25192,-3.18753],[37.2474,-3.19494],[37.24827,-3.19888],[37.24207,-3.20233],[37.23963,-3.20228],[37.23714,-3.20911],[37.24114,-3.20883],[37.23787,-3.21112],[37.2364,-3.21674],[37.23456,-3.21772],[37.23304,-3.21645],[37.23206,-3.21747],[37.23292,-3.22048],[37.23153,-3.22428],[37.2335,-3.224],[37.23408,-3.22488],[37.23272,-3.22543],[37.23178,-3.22812],[37.23649,-3.23117],[37.23406,-3.23257],[37.23443,-3.23475],[37.2329,-3.23634],[37.23425,-3.23819],[37.23333,-3.23985],[37.23463,-3.24185],[37.23262,-3.24339],[37.23288,-3.24487],[37.23166,-3.2458],[37.23271,-3.24765],[37.23156,-3.2485],[37.23258,-3.25044],[37.23176,-3.25207],[37.23311,-3.25356],[37.23296,-3.25858],[37.23057,-3.26462],[37.23022,-3.26806],[37.23359,-3.27449],[37.23645,-3.27698],[37.23961,-3.27802],[37.24263,-3.28241],[37.24319,-3.28593],[37.24442,-3.28639],[37.24525,-3.28827],[37.24819,-3.29779],[37.25035,-3.29779],[37.25039,-3.29885],[37.25419,-3.3017],[37.25329,-3.30331],[37.25522,-3.30581],[37.25564,-3.30824],[37.25513,-3.30915],[37.25361,-3.30843],[37.25266,-3.31272],[37.25534,-3.31541],[37.25294,-3.31657],[37.24931,-3.31569],[37.24085,-3.31639],[37.22021,-3.31994],[37.21829,-3.31864],[37.22092,-3.31419],[37.22234,-3.30946],[37.22007,-3.30528],[37.21894,-3.29575],[37.21588,-3.29081],[37.2158,-3.28781],[37.2131,-3.28287],[37.2131,-3.27787],[37.21536,-3.27639],[37.21534,-3.27475],[37.2167,-3.27347],[37.21652,-3.2695],[37.21887,-3.26718],[37.21844,-3.26588],[37.22023,-3.26389],[37.22096,-3.25714],[37.22208,-3.25472],[37.22043,-3.25321],[37.21928,-3.24843],[37.21831,-3.24764],[37.22019,-3.24082],[37.21916,-3.23735],[37.21965,-3.2359],[37.21696,-3.23291],[37.21742,-3.23082],[37.21644,-3.22933],[37.21737,-3.22602],[37.21611,-3.22492],[37.21784,-3.22394],[37.21613,-3.2217],[37.2178,-3.22053],[37.21581,-3.21867],[37.21712,-3.2176],[37.21597,-3.21607],[37.21815,-3.21265],[37.21815,-3.20818],[37.22002,-3.20826],[37.21955,-3.20662],[37.22153,-3.20608],[37.22085,-3.20141],[37.22321,-3.19846],[37.22293,-3.19665],[37.22395,-3.19628],[37.22309,-3.19487],[37.22552,-3.19253],[37.22435,-3.1882],[37.22264,-3.18578],[37.22281,-3.18413],[37.22449,-3.18318],[37.22684,-3.17956],[37.22752,-3.17681],[37.22642,-3.17314],[37.23217,-3.15964],[37.23231,-3.15088],[37.23878,-3.13778],[37.2396,-3.13248],[37.23896,-3.12826],[37.24095,-3.12379],[37.24205,-3.11519],[37.2478,-3.1037],[37.25183,-3.08696],[37.25406,-3.08285],[37.27116,-3.06654],[37.2854,-3.06073],[37.28836,-3.05854],[37.29458,-3.05654],[37.29748,-3.06151],[37.29353,-3.06463],[37.28119,-3.07075],[37.26949,-3.08429],[37.2652,-3.09301],[37.25643,-3.10298],[37.25345,-3.1129],[37.25109,-3.11719],[37.25059,-3.13373],[37.24739,-3.14898],[37.24805,-3.15074]]]},"properties":{"region":"Kilimanjaro","district":"Hai","ward":"Machame Kaskazini","ward_code":"061"}},{"type":"Feature","geometry":{"type":"Polygon","coordinates":[[[37.32105,-3.09401],[37.28182,-3.17169],[37.28114,-3.17571],[37.279,-3.17631],[37.27826,-3.17863],[37.27397,-3.18305],[37.27351,-3.18697],[37.26837,-3.19358],[37.27024,-3.2094],[37.2677,-3.21507],[37.26513,-3.21522],[37.26494,-3.218],[37.26209,-3.21939],[37.25972,-3.22406],[37.26013,-3.22872],[37.25923,-3.23041],[37.26029,-3.23366],[37.25883,-3.23475],[37.26055,-3.23595],[37.25969,-3.23668],[37.26318,-3.24331],[37.26251,-3.24624],[37.26103,-3.24755],[37.26166,-3.24996],[37.261,-3.25315],[37.24935,-3.25205],[37.24465,-3.25074],[37.23704,-3.24568],[37.23423,-3.24666],[37.23213,-3.24956],[37.23156,-3.2485],[37.23271,-3.24765],[37.23166,-3.2458],[37.23288,-3.24487],[37.23262,-3.24339],[37.23463,-3.24185],[37.23333,-3.23985],[37.23425,-3.23819],[37.2329,-3.23634],[37.23443,-3.23475],[37.23406,-3.23257],[37.23649,-3.23117],[37.23178,-3.22812],[37.23272,-3.22543],[37.23408,-3.22488],[37.2335,-3.224],[37.23153,-3.22428],[37.23292,-3.22048],[37.23206,-3.21747],[37.23304,-3.21645],[37.23456,-3.21772],[37.2364,-3.21674],[37.23787,-3.21112],[37.24114,-3.20883],[37.23714,-3.20911],[37.23963,-3.20228],[37.24207,-3.20233],[37.24827,-3.19888],[37.2474,-3.19494],[37.25192,-3.18753],[37.25093,-3.17895],[37.24817,-3.17341],[37.24864,-3.17047],[37.24759,-3.16609],[37.24947,-3.16157],[37.25023,-3.15392],[37.24924,-3.15084],[37.24805,-3.15074],[37.24733,-3.1494],[37.25059,-3.13373],[37.25109,-3.11719],[37.25345,-3.1129],[37.25643,-3.10298],[37.2652,-3.09301],[37.26949,-3.08429],[37.28177,-3.07027],[37.29353,-3.06463],[37.29748,-3.06151],[37.30903,-3.08132],[37.32105,-3.09401]]]},"properties":{"region":"Kilimanjaro","district":"Hai","ward":"Machame Mashariki","ward_code":"071"}},{"type":"Feature","geometry":{"type":"Polygon","coordinates":[[[37.25858,-3.2567],[37.26033,-3.25693],[37.26117,-3.25831],[37.25844,-3.26363],[37.25733,-3.26387],[37.25727,-3.26961],[37.25351,-3.27361],[37.25426,-3.27641],[37.25316,-3.27647],[37.25144,-3.28607],[37.24936,-3.29037],[37.24982,-3.29425],[37.25262,-3.29595],[37.25287,-3.29737],[37.25407,-3.29669],[37.25433,-3.29822],[37.25548,-3.29715],[37.25631,-3.29757],[37.25747,-3.3028],[37.25847,-3.30288],[37.25809,-3.30485],[37.25943,-3.30774],[37.25781,-3.3136],[37.25833,-3.3151],[37.25585,-3.31577],[37.25266,-3.31272],[37.25361,-3.30843],[37.25513,-3.30915],[37.25564,-3.30824],[37.25522,-3.30581],[37.25329,-3.30331],[37.25419,-3.3017],[37.25039,-3.29885],[37.25035,-3.29779],[37.24819,-3.29779],[37.24525,-3.28827],[37.24442,-3.28639],[37.24319,-3.28593],[37.24263,-3.28241],[37.23961,-3.27802],[37.23645,-3.27698],[37.23359,-3.27449],[37.23043,-3.26968],[37.23023,-3.26721],[37.23296,-3.25858],[37.23311,-3.25356],[37.23176,-3.25207],[37.23213,-3.24956],[37.23423,-3.24666],[37.23669,-3.24566],[37.24465,-3.25074],[37.24935,-3.25205],[37.261,-3.25315],[37.25858,-3.2567]]]},"properties":{"region":"Kilimanjaro","district":"Hai","ward":"Machame Narumu","ward_code":"081"}},{"type":"Feature","geometry":{"type":"Polygon","coordinates":[[[37.26559,-3.31313],[37.27311,-3.31362],[37.27742,-3.31704],[37.28046,-3.31671],[37.28091,-3.32019],[37.28228,-3.32203],[37.28254,-3.32715],[37.27919,-3.33308],[37.27955,-3.33645],[37.28313,-3.34065],[37.28509,-3.34071],[37.2863,-3.34242],[37.28766,-3.34254],[37.29022,-3.3485],[37.29415,-3.3478],[37.29529,-3.34978],[37.29617,-3.3496],[37.29709,-3.35393],[37.29862,-3.35608],[37.30055,-3.35666],[37.30055,-3.35979],[37.30315,-3.36295],[37.30441,-3.36665],[37.3072,-3.36743],[37.30865,-3.36946],[37.30938,-3.37573],[37.30815,-3.37849],[37.30873,-3.38007],[37.30748,-3.38291],[37.30619,-3.38354],[37.30647,-3.38568],[37.30504,-3.38643],[37.30459,-3.39328],[37.3025,-3.39617],[37.30828,-3.40141],[37.31173,-3.40145],[37.31535,-3.40335],[37.31401,-3.40443],[37.31414,-3.40697],[37.31661,-3.40925],[37.31488,-3.4101],[37.31664,-3.41079],[37.31598,-3.41285],[37.31759,-3.41508],[37.31435,-3.41685],[37.31541,-3.41817],[37.31223,-3.42101],[37.3128,-3.42468],[37.31004,-3.42509],[37.31089,-3.4267],[37.30984,-3.43004],[37.30837,-3.43201],[37.30514,-3.43381],[37.30385,-3.43641],[37.30189,-3.43624],[37.30217,-3.43441],[37.29926,-3.43203],[37.30066,-3.42749],[37.29886,-3.42473],[37.30148,-3.42235],[37.30018,-3.42067],[37.29668,-3.42185],[37.29544,-3.41751],[37.29368,-3.41836],[37.29277,-3.41715],[37.29363,-3.41578],[37.29677,-3.41492],[37.2957,-3.41229],[37.29811,-3.41034],[37.29806,-3.40902],[37.2909,-3.40819],[37.28988,-3.40909],[37.28597,-3.40676],[37.28198,-3.40627],[37.28131,-3.40741],[37.27913,-3.40739],[37.27879,-3.40643],[37.28,-3.40536],[37.2792,-3.40376],[37.27732,-3.40447],[37.27529,-3.40151],[37.27433,-3.40334],[37.27195,-3.39977],[37.26957,-3.39968],[37.27016,-3.39789],[37.26843,-3.39794],[37.2668,-3.39668],[37.26794,-3.39393],[37.26575,-3.39319],[37.2648,-3.38826],[37.26085,-3.38583],[37.25983,-3.38379],[37.25611,-3.38476],[37.25313,-3.38743],[37.25132,-3.38666],[37.2493,-3.38869],[37.24722,-3.38706],[37.24486,-3.38735],[37.2452,-3.3851],[37.24308,-3.38151],[37.24348,-3.3801],[37.24016,-3.37885],[37.24213,-3.37662],[37.23817,-3.37425],[37.23821,-3.37205],[37.23965,-3.37024],[37.2378,-3.36623],[37.23792,-3.3639],[37.23513,-3.36331],[37.23294,-3.36129],[37.23391,-3.35768],[37.23144,-3.35303],[37.2294,-3.35271],[37.23009,-3.35037],[37.2253,-3.34804],[37.22627,-3.34365],[37.22431,-3.34234],[37.22429,-3.33976],[37.2215,-3.33754],[37.22135,-3.33465],[37.21968,-3.33195],[37.22012,-3.33035],[37.21795,-3.32945],[37.21887,-3.328],[37.21561,-3.32254],[37.21709,-3.32124],[37.21719,-3.31915],[37.21892,-3.31801],[37.21829,-3.31899],[37.21908,-3.31962],[37.22377,-3.31974],[37.22751,-3.31837],[37.24085,-3.31639],[37.24931,-3.31569],[37.25294,-3.31657],[37.26559,-3.31313]]]},"properties":{"region":"Kilimanjaro","district":"Hai","ward":"Mnadani","ward_code":"091"}},{"type":"Feature","geometry":{"type":"Polygon","coordinates":[[[37.22528,-3.34775],[37.23009,-3.35037],[37.2294,-3.35271],[37.23144,-3.35303],[37.23321,-3.35547],[37.23391,-3.35768],[37.23294,-3.36129],[37.23513,-3.36331],[37.23792,-3.3639],[37.2378,-3.36623],[37.23965,-3.37024],[37.23821,-3.37205],[37.23817,-3.37425],[37.24213,-3.37662],[37.24016,-3.37885],[37.24348,-3.3801],[37.24308,-3.38151],[37.24432,-3.38263],[37.24532,-3.38774],[37.24722,-3.38706],[37.2493,-3.38869],[37.25132,-3.38666],[37.25313,-3.38743],[37.25611,-3.38476],[37.25983,-3.38379],[37.26085,-3.38583],[37.2648,-3.38826],[37.26575,-3.39319],[37.26794,-3.39393],[37.2668,-3.39668],[37.26843,-3.39794],[37.27016,-3.39789],[37.26957,-3.39968],[37.27195,-3.39977],[37.27433,-3.40334],[37.27529,-3.40151],[37.27732,-3.40447],[37.2792,-3.40376],[37.28,-3.40536],[37.27879,-3.40643],[37.27913,-3.40739],[37.28131,-3.40741],[37.28198,-3.40627],[37.28597,-3.40676],[37.28988,-3.40909],[37.2909,-3.40819],[37.29806,-3.40902],[37.29811,-3.41034],[37.2957,-3.41229],[37.29677,-3.41492],[37.29363,-3.41578],[37.29277,-3.41715],[37.29368,-3.41836],[37.29544,-3.41751],[37.29668,-3.42185],[37.30018,-3.42067],[37.30148,-3.42235],[37.29886,-3.42473],[37.30066,-3.42749],[37.29926,-3.43203],[37.30217,-3.43441],[37.30189,-3.43624],[37.30385,-3.43641],[37.30454,-3.43516],[37.30468,-3.43926],[37.30271,-3.44199],[37.30123,-3.44256],[37.30092,-3.4449],[37.29885,-3.44726],[37.29845,-3.44903],[37.30017,-3.45011],[37.29233,-3.45624],[37.29224,-3.45907],[37.2909,-3.46132],[37.29012,-3.46136],[37.29057,-3.45767],[37.28921,-3.45627],[37.28954,-3.45457],[37.28428,-3.45497],[37.28017,-3.45687],[37.27898,-3.4566],[37.2751,-3.45357],[37.27447,-3.45117],[37.27179,-3.45059],[37.26743,-3.44772],[37.26663,-3.43866],[37.26515,-3.43701],[37.26443,-3.43199],[37.25785,-3.42828],[37.25487,-3.42446],[37.25494,-3.42321],[37.252,-3.42264],[37.24999,-3.42361],[37.24613,-3.42359],[37.24006,-3.42075],[37.23808,-3.41608],[37.23701,-3.41594],[37.23776,-3.41468],[37.23718,-3.41266],[37.23573,-3.41267],[37.23342,-3.40875],[37.22697,-3.40377],[37.22253,-3.39731],[37.22077,-3.39662],[37.21706,-3.39201],[37.21489,-3.38701],[37.21217,-3.38487],[37.21118,-3.38201],[37.20626,-3.37612],[37.1977,-3.37502],[37.19523,-3.37391],[37.19292,-3.36965],[37.19116,-3.36892],[37.18884,-3.37144],[37.18607,-3.37235],[37.18414,-3.3701],[37.18194,-3.36146],[37.18532,-3.35533],[37.19327,-3.35392],[37.19643,-3.3523],[37.19892,-3.35311],[37.20139,-3.35209],[37.20817,-3.35179],[37.20988,-3.34727],[37.20805,-3.34387],[37.20792,-3.33384],[37.20977,-3.326],[37.21171,-3.32376],[37.21567,-3.32213],[37.2176,-3.3251],[37.21887,-3.328],[37.21795,-3.32945],[37.22012,-3.33035],[37.21968,-3.33195],[37.22135,-3.33465],[37.2215,-3.33754],[37.22429,-3.33976],[37.22431,-3.34234],[37.22627,-3.34365],[37.22528,-3.34775]]]},"properties":{"region":"Kilimanjaro","district":"Hai","ward":"Weruweru","ward_code":"101"}},{"type":"Feature","geometry":{"type":"Polygon","coordinates":[[[37.1653,-3.18275],[37.1636,-3.18687],[37.15792,-3.19198],[37.15733,-3.19498],[37.15822,-3.19832],[37.15728,-3.20008],[37.15852,-3.2015],[37.15847,-3.20332],[37.15597,-3.2045],[37.15591,-3.20625],[37.15715,-3.20715],[37.15845,-3.21129],[37.16001,-3.21189],[37.16011,-3.21751],[37.15822,-3.2175],[37.15718,-3.22234],[37.15385,-3.22709],[37.15385,-3.22915],[37.15696,-3.23351],[37.16085,-3.23347],[37.16113,-3.23869],[37.15568,-3.24529],[37.1556,-3.2526],[37.15066,-3.25717],[37.15169,-3.25948],[37.14724,-3.26451],[37.14749,-3.2658],[37.14566,-3.26897],[37.14037,-3.27076],[37.13339,-3.26484],[37.13145,-3.26492],[37.12926,-3.25934],[37.12764,-3.25982],[37.11609,-3.2538],[37.1147,-3.24289],[37.10934,-3.23727],[37.10696,-3.23223],[37.10942,-3.22829],[37.10843,-3.22659],[37.10941,-3.22493],[37.11249,-3.22353],[37.11245,-3.22223],[37.11682,-3.22131],[37.11973,-3.21761],[37.12034,-3.21436],[37.12519,-3.2139],[37.12841,-3.21139],[37.12933,-3.21036],[37.12926,-3.20657],[37.13129,-3.20467],[37.13343,-3.19983],[37.13506,-3.19939],[37.14119,-3.19321],[37.14464,-3.19165],[37.1452,-3.18881],[37.14734,-3.18608],[37.14669,-3.1835],[37.1489,-3.18165],[37.15422,-3.17304],[37.16194,-3.15907],[37.16496,-3.15071],[37.17001,-3.14102],[37.17648,-3.1335],[37.17783,-3.13006],[37.17791,-3.13486],[37.17628,-3.13549],[37.17615,-3.1374],[37.17482,-3.13772],[37.17183,-3.14433],[37.17369,-3.15132],[37.16941,-3.15528],[37.16506,-3.16306],[37.16372,-3.17054],[37.16492,-3.17323],[37.164,-3.17832],[37.1653,-3.18275]]]},"properties":{"region":"Kilimanjaro","district":"Hai","ward":"Masama Magharibi","ward_code":"011"}},{"type":"Feature","geometry":{"type":"Polygon","coordinates":[[[37.17874,-3.21061],[37.17969,-3.2162],[37.17765,-3.21532],[37.17473,-3.21649],[37.1719,-3.2128],[37.16709,-3.21637],[37.16596,-3.21902],[37.16838,-3.22429],[37.1729,-3.22684],[37.17458,-3.23073],[37.1765,-3.23175],[37.17585,-3.23296],[37.17717,-3.23333],[37.17766,-3.23642],[37.17639,-3.24142],[37.17905,-3.2426],[37.17978,-3.24586],[37.17768,-3.24687],[37.17684,-3.24993],[37.17857,-3.25458],[37.16637,-3.2627],[37.16443,-3.26196],[37.16112,-3.26703],[37.15689,-3.26935],[37.15698,-3.27183],[37.154,-3.27014],[37.15313,-3.26759],[37.147,-3.26531],[37.15169,-3.25948],[37.15066,-3.25717],[37.1556,-3.2526],[37.15568,-3.24529],[37.16113,-3.23869],[37.16085,-3.23347],[37.15696,-3.23351],[37.15385,-3.22915],[37.15399,-3.22622],[37.15718,-3.22234],[37.15822,-3.2175],[37.16011,-3.21751],[37.16001,-3.21189],[37.15845,-3.21129],[37.15715,-3.20715],[37.15591,-3.20625],[37.15597,-3.2045],[37.15847,-3.20332],[37.15852,-3.2015],[37.15728,-3.20008],[37.15822,-3.19832],[37.15733,-3.19498],[37.15792,-3.19198],[37.1636,-3.18687],[37.1653,-3.18275],[37.164,-3.17832],[37.16492,-3.17323],[37.16372,-3.17054],[37.16526,-3.16228],[37.16941,-3.15528],[37.17369,-3.15132],[37.17675,-3.16702],[37.18014,-3.17068],[37.18191,-3.17652],[37.17919,-3.18222],[37.17957,-3.18972],[37.17662,-3.19515],[37.17849,-3.20098],[37.1789,-3.20772],[37.17994,-3.21053],[37.17874,-3.21061]]]},"properties":{"region":"Kilimanjaro","district":"Hai","ward":"Masama Kati","ward_code":"021"}},{"type":"Feature","geometry":{"type":"Polygon","coordinates":[[[37.26486,-2.97708],[37.27159,-2.99686],[37.26572,-2.99985],[37.25875,-3.00567],[37.25382,-3.01115],[37.2508,-3.01673],[37.24149,-3.02709],[37.23209,-3.04287],[37.22314,-3.05161],[37.22052,-3.05563],[37.20534,-3.08524],[37.2035,-3.09625],[37.20302,-3.11544],[37.20008,-3.12371],[37.19985,-3.12688],[37.20099,-3.12819],[37.20148,-3.13498],[37.20447,-3.14114],[37.20375,-3.14407],[37.20562,-3.1475],[37.20559,-3.1544],[37.20365,-3.15898],[37.20295,-3.16383],[37.2004,-3.16807],[37.20125,-3.17194],[37.19702,-3.18315],[37.19722,-3.18653],[37.19957,-3.18947],[37.19723,-3.19611],[37.198,-3.19942],[37.19528,-3.20516],[37.19611,-3.20614],[37.19583,-3.20933],[37.19349,-3.21483],[37.19426,-3.22107],[37.19634,-3.22665],[37.19787,-3.22757],[37.19648,-3.22911],[37.19697,-3.22985],[37.19845,-3.22942],[37.20073,-3.23541],[37.20212,-3.23645],[37.20206,-3.23949],[37.2051,-3.24154],[37.2052,-3.24489],[37.20749,-3.24843],[37.20772,-3.25155],[37.20697,-3.25261],[37.20855,-3.25609],[37.20564,-3.26279],[37.20722,-3.26692],[37.2052,-3.26895],[37.20291,-3.26343],[37.204,-3.26013],[37.20197,-3.25779],[37.19936,-3.25771],[37.19876,-3.25686],[37.19889,-3.25353],[37.1968,-3.25206],[37.19753,-3.2505],[37.19651,-3.24746],[37.19308,-3.24493],[37.19395,-3.24318],[37.19185,-3.24288],[37.19103,-3.24164],[37.1914,-3.24577],[37.18883,-3.24587],[37.18796,-3.24848],[37.1867,-3.24912],[37.18622,-3.25284],[37.18313,-3.25111],[37.18291,-3.25387],[37.18089,-3.2549],[37.17857,-3.25458],[37.17684,-3.24993],[37.17768,-3.24687],[37.17978,-3.24586],[37.17905,-3.2426],[37.17639,-3.24142],[37.17766,-3.23642],[37.17717,-3.23333],[37.17585,-3.23296],[37.1765,-3.23175],[37.17458,-3.23073],[37.17332,-3.22729],[37.16838,-3.22429],[37.16749,-3.22112],[37.16611,-3.22043],[37.16709,-3.21637],[37.1719,-3.2128],[37.17473,-3.21649],[37.17765,-3.21532],[37.17969,-3.2162],[37.17874,-3.21061],[37.17994,-3.21053],[37.1789,-3.20772],[37.17849,-3.20098],[37.17662,-3.19515],[37.17957,-3.18972],[37.17919,-3.18222],[37.18191,-3.17652],[37.18014,-3.17068],[37.17675,-3.16702],[37.17183,-3.14433],[37.17482,-3.13772],[37.17615,-3.1374],[37.17628,-3.13549],[37.17791,-3.13486],[37.17763,-3.1306],[37.18173,-3.12402],[37.18101,-3.12238],[37.18134,-3.11893],[37.18301,-3.11184],[37.19327,-3.10036],[37.19499,-3.09578],[37.20357,-3.08475],[37.20861,-3.06781],[37.21552,-3.05599],[37.23141,-3.03295],[37.25084,-2.99459],[37.25493,-2.99062],[37.26486,-2.97708]]]},"properties":{"region":"Kilimanjaro","district":"Hai","ward":"Masama Mashariki","ward_code":"031"}},{"type":"Feature","geometry":{"type":"Polygon","coordinates":[[[37.19292,-3.36965],[37.19523,-3.37391],[37.1977,-3.37502],[37.20626,-3.37612],[37.20896,-3.37881],[37.21217,-3.38487],[37.21489,-3.38701],[37.21706,-3.39201],[37.22077,-3.39662],[37.22253,-3.39731],[37.22697,-3.40377],[37.23342,-3.40875],[37.23573,-3.41267],[37.23718,-3.41266],[37.23776,-3.41468],[37.23701,-3.41594],[37.23808,-3.41608],[37.24006,-3.42075],[37.24613,-3.42359],[37.24999,-3.42361],[37.252,-3.42264],[37.25494,-3.42321],[37.25487,-3.42446],[37.25785,-3.42828],[37.26443,-3.43199],[37.26515,-3.43701],[37.26663,-3.43866],[37.26743,-3.44772],[37.27179,-3.45059],[37.27447,-3.45117],[37.2751,-3.45357],[37.27898,-3.4566],[37.28017,-3.45687],[37.28428,-3.45497],[37.28954,-3.45457],[37.28921,-3.45627],[37.29057,-3.45767],[37.28953,-3.46375],[37.29082,-3.46434],[37.28955,-3.46626],[37.29051,-3.46741],[37.2894,-3.46844],[37.29053,-3.46998],[37.28821,-3.47199],[37.28963,-3.4738],[37.28835,-3.4748],[37.28968,-3.4769],[37.28842,-3.48176],[37.29032,-3.48577],[37.29112,-3.48681],[37.29219,-3.48644],[37.29477,-3.49046],[37.29447,-3.49188],[37.29622,-3.49421],[37.30038,-3.49608],[37.30267,-3.49942],[37.30592,-3.50615],[37.30421,-3.50823],[37.30133,-3.50468],[37.30068,-3.50229],[37.29329,-3.4975],[37.28678,-3.49939],[37.28335,-3.49823],[37.27867,-3.49482],[37.27382,-3.49343],[37.27076,-3.49444],[37.26953,-3.49393],[37.26855,-3.49557],[37.26461,-3.49634],[37.26355,-3.49796],[37.25988,-3.49832],[37.25603,-3.49747],[37.25343,-3.49533],[37.25175,-3.49612],[37.25007,-3.49375],[37.24618,-3.49604],[37.24328,-3.49312],[37.24341,-3.49151],[37.24014,-3.49],[37.22957,-3.48947],[37.22908,-3.48466],[37.22991,-3.4826],[37.22618,-3.48182],[37.22513,-3.48374],[37.22349,-3.48295],[37.22366,-3.47173],[37.22134,-3.46838],[37.21914,-3.46763],[37.21643,-3.46807],[37.21599,-3.46556],[37.2177,-3.46373],[37.21618,-3.46229],[37.21657,-3.45872],[37.21408,-3.45554],[37.21243,-3.4548],[37.20856,-3.45435],[37.20273,-3.45597],[37.19968,-3.45333],[37.19776,-3.45338],[37.19732,-3.4522],[37.19562,-3.45282],[37.1947,-3.45171],[37.19233,-3.45279],[37.18907,-3.45634],[37.18745,-3.45655],[37.18699,-3.45934],[37.18442,-3.46153],[37.18206,-3.46049],[37.18049,-3.45816],[37.17763,-3.45825],[37.17577,-3.45587],[37.17589,-3.45437],[37.17251,-3.45479],[37.17326,-3.44505],[37.17086,-3.43736],[37.16337,-3.43136],[37.1682,-3.42039],[37.16841,-3.41513],[37.17037,-3.40957],[37.17061,-3.40505],[37.1993,-3.41089],[37.19382,-3.39765],[37.18859,-3.39283],[37.18514,-3.38657],[37.18492,-3.3796],[37.18343,-3.37732],[37.18549,-3.37242],[37.18884,-3.37144],[37.19016,-3.36922],[37.19292,-3.36965]]]},"properties":{"region":"Kilimanjaro","district":"Hai","ward":"Masama Rundugai","ward_code":"111"}},{"type":"Feature","geometry":{"type":"Polygon","coordinates":[[[37.10954,-3.37333],[37.11215,-3.37482],[37.11173,-3.37888],[37.11722,-3.37848],[37.13212,-3.38379],[37.14943,-3.39854],[37.17061,-3.40505],[37.17037,-3.40957],[37.16841,-3.41513],[37.1682,-3.42039],[37.16337,-3.43136],[37.17086,-3.43736],[37.17326,-3.44505],[37.17251,-3.45479],[37.16943,-3.45365],[37.16674,-3.45614],[37.16523,-3.45525],[37.16192,-3.46423],[37.15889,-3.46451],[37.15525,-3.46626],[37.15483,-3.46752],[37.14965,-3.47139],[37.14896,-3.47576],[37.14735,-3.47669],[37.14352,-3.48381],[37.1414,-3.48416],[37.14185,-3.48573],[37.13953,-3.48629],[37.14028,-3.48754],[37.13954,-3.48821],[37.13757,-3.4873],[37.13684,-3.48781],[37.1361,-3.48631],[37.13215,-3.48499],[37.13235,-3.48401],[37.12753,-3.48197],[37.1233,-3.48239],[37.11874,-3.48112],[37.11178,-3.48298],[37.11093,-3.47813],[37.10284,-3.47851],[37.1013,-3.4833],[37.09863,-3.48568],[37.09169,-3.48851],[37.09181,-3.4902],[37.07905,-3.48811],[37.06659,-3.48975],[37.06127,-3.49226],[37.06285,-3.46905],[37.06169,-3.45275],[37.05801,-3.43529],[37.05561,-3.43083],[37.04783,-3.4312],[37.04784,-3.42973],[37.06011,-3.40995],[37.05846,-3.37212],[37.10325,-3.353],[37.11069,-3.34858],[37.11885,-3.34603],[37.11776,-3.35033],[37.11304,-3.35593],[37.11127,-3.36039],[37.10997,-3.36857],[37.11078,-3.37126],[37.10954,-3.37333]]]},"properties":{"region":"Kilimanjaro","district":"Hai","ward":"KIA","ward_code":"123"}},{"type":"Feature","geometry":{"type":"Polygon","coordinates":[[[37.14497,-3.34841],[37.1392,-3.35516],[37.14469,-3.35855],[37.14189,-3.36207],[37.14292,-3.36272],[37.14614,-3.36124],[37.14831,-3.36781],[37.1547,-3.37404],[37.15663,-3.37786],[37.1606,-3.37874],[37.16288,-3.38158],[37.16415,-3.38623],[37.15477,-3.38732],[37.15151,-3.39588],[37.14878,-3.3982],[37.13212,-3.38379],[37.11722,-3.37848],[37.11173,-3.37888],[37.11215,-3.37482],[37.10954,-3.37333],[37.11078,-3.37126],[37.10997,-3.36857],[37.11127,-3.36039],[37.11304,-3.35593],[37.11776,-3.35033],[37.11885,-3.34603],[37.12553,-3.34403],[37.1451,-3.33463],[37.14703,-3.3393],[37.14721,-3.34277],[37.14528,-3.34525],[37.14497,-3.34841]]]},"properties":{"region":"Kilimanjaro","district":"Hai","ward":"Muungano","ward_code":"133"}},{"type":"Feature","geometry":{"type":"Polygon","coordinates":[[[37.16455,-3.33803],[37.1634,-3.34032],[37.16537,-3.34126],[37.16601,-3.3434],[37.16959,-3.34744],[37.16973,-3.34914],[37.17288,-3.3543],[37.17288,-3.36004],[37.17601,-3.36207],[37.18209,-3.36027],[37.18391,-3.36943],[37.18544,-3.37197],[37.18343,-3.37732],[37.18492,-3.3796],[37.1848,-3.38571],[37.18859,-3.39283],[37.19382,-3.39765],[37.1993,-3.41089],[37.16697,-3.40436],[37.14878,-3.3982],[37.15151,-3.39588],[37.15477,-3.38732],[37.16415,-3.38623],[37.16288,-3.38158],[37.1606,-3.37874],[37.15663,-3.37786],[37.1547,-3.37404],[37.14831,-3.36781],[37.14614,-3.36124],[37.14224,-3.36254],[37.14189,-3.36166],[37.14469,-3.35855],[37.1392,-3.35516],[37.14497,-3.34841],[37.14528,-3.34525],[37.14721,-3.34277],[37.14703,-3.3393],[37.15809,-3.33944],[37.16455,-3.33803]]]},"properties":{"region":"Kilimanjaro","district":"Hai","ward":"Bondeni","ward_code":"143"}},{"type":"Feature","geometry":{"type":"Polygon","coordinates":[[[37.16039,-3.31703],[37.16148,-3.32373],[37.16406,-3.32608],[37.16387,-3.32799],[37.16284,-3.32821],[37.1628,-3.33186],[37.16455,-3.33803],[37.15809,-3.33944],[37.14703,-3.3393],[37.1451,-3.33463],[37.12553,-3.34403],[37.11885,-3.34603],[37.11803,-3.34486],[37.11896,-3.33918],[37.12447,-3.33491],[37.12828,-3.32688],[37.13599,-3.32844],[37.14135,-3.32689],[37.14747,-3.32347],[37.14531,-3.32116],[37.14644,-3.31994],[37.15678,-3.31712],[37.16039,-3.31703]]]},"properties":{"region":"Kilimanjaro","district":"Hai","ward":"Bomang'ombe","ward_code":"153"}},{"type":"Feature","geometry":{"type":"Polygon","coordinates":[[[37.10934,-3.23727],[37.11498,-3.24392],[37.11609,-3.2538],[37.12764,-3.25982],[37.12926,-3.25934],[37.13145,-3.26492],[37.13339,-3.26484],[37.14037,-3.27076],[37.14566,-3.26897],[37.14749,-3.2658],[37.15313,-3.26759],[37.154,-3.27014],[37.15698,-3.27183],[37.15689,-3.26935],[37.16112,-3.26703],[37.15928,-3.27601],[37.17032,-3.28781],[37.1723,-3.28866],[37.17162,-3.29051],[37.1755,-3.29308],[37.17639,-3.29503],[37.18963,-3.30094],[37.20077,-3.3079],[37.20457,-3.30627],[37.2111,-3.30553],[37.21554,-3.30617],[37.21819,-3.30803],[37.2194,-3.31126],[37.21892,-3.31801],[37.21685,-3.31972],[37.21709,-3.32124],[37.21027,-3.32486],[37.20861,-3.33056],[37.20783,-3.33468],[37.20805,-3.34387],[37.20988,-3.34727],[37.20817,-3.35179],[37.20139,-3.35209],[37.19892,-3.35311],[37.19643,-3.3523],[37.19327,-3.35392],[37.18642,-3.35474],[37.18532,-3.35533],[37.18353,-3.35973],[37.1807,-3.36108],[37.17439,-3.36169],[37.1725,-3.35874],[37.17288,-3.3543],[37.16973,-3.34914],[37.16959,-3.34744],[37.16601,-3.3434],[37.16537,-3.34126],[37.1634,-3.34032],[37.16465,-3.33638],[37.16392,-3.33642],[37.16311,-3.33352],[37.16284,-3.32821],[37.16387,-3.32799],[37.16406,-3.32608],[37.16148,-3.32373],[37.16039,-3.31703],[37.15678,-3.31712],[37.14644,-3.31994],[37.14531,-3.32116],[37.14747,-3.32347],[37.14135,-3.32689],[37.13599,-3.32844],[37.12828,-3.32688],[37.12892,-3.32319],[37.13219,-3.31927],[37.1323,-3.31582],[37.12494,-3.30503],[37.12422,-3.30052],[37.11991,-3.29105],[37.11852,-3.28144],[37.11945,-3.2804],[37.11743,-3.27643],[37.1175,-3.27281],[37.11366,-3.26658],[37.11224,-3.26593],[37.11137,-3.26657],[37.11089,-3.26453],[37.10921,-3.26386],[37.10661,-3.26074],[37.1026,-3.25953],[37.10342,-3.25831],[37.10415,-3.24753],[37.10613,-3.24356],[37.10559,-3.24315],[37.10771,-3.24221],[37.10825,-3.24005],[37.10993,-3.23904],[37.10934,-3.23727]]]},"properties":{"region":"Kilimanjaro","district":"Hai","ward":"Masama Kusini","ward_code":"163"}},{"type":"Feature","geometry":{"type":"Polygon","coordinates":[[[37.19103,-3.24164],[37.19395,-3.24318],[37.19308,-3.24493],[37.19651,-3.24746],[37.19753,-3.2505],[37.1968,-3.25206],[37.19889,-3.25353],[37.19876,-3.25686],[37.19936,-3.25771],[37.20197,-3.25779],[37.204,-3.26013],[37.20291,-3.26343],[37.20544,-3.26922],[37.20485,-3.26999],[37.20713,-3.27157],[37.20876,-3.27886],[37.21077,-3.28259],[37.21317,-3.28316],[37.21389,-3.28422],[37.21414,-3.28598],[37.2158,-3.28781],[37.21588,-3.29081],[37.21894,-3.29575],[37.22007,-3.30528],[37.22234,-3.30946],[37.21892,-3.31801],[37.21917,-3.30983],[37.217,-3.30693],[37.21037,-3.30556],[37.20457,-3.30627],[37.20077,-3.3079],[37.18963,-3.30094],[37.17639,-3.29503],[37.1755,-3.29308],[37.17162,-3.29051],[37.1723,-3.28866],[37.17032,-3.28781],[37.15928,-3.27601],[37.16144,-3.26562],[37.16443,-3.26196],[37.16637,-3.2627],[37.17857,-3.25458],[37.18089,-3.2549],[37.18291,-3.25387],[37.18313,-3.25111],[37.18622,-3.25284],[37.1867,-3.24912],[37.18796,-3.24848],[37.18883,-3.24587],[37.1914,-3.24577],[37.19103,-3.24164]]]},"properties":{"region":"Kilimanjaro","district":"Hai","ward":"Romu","ward_code":"171"}},{"type":"Feature","geometry":{"type":"Polygon","coordinates":[[[36.98165,-2.97495],[36.9928,-2.98026],[37.00478,-2.97504],[37.02849,-3.00691],[37.03315,-3.00806],[37.03193,-3.03415],[37.0171,-3.05016],[37.00943,-3.05374],[37.00199,-3.12166],[36.99133,-3.1206],[36.97278,-3.11708],[36.96086,-3.1133],[36.93116,-3.10707],[36.9289,-3.05563],[36.91684,-2.99542],[36.9535,-2.98533],[36.95725,-2.97932],[36.98165,-2.97495]]]},"properties":{"region":"Kilimanjaro","district":"Siha","ward":"Miti Mirefu","ward_code":"081"}},{"type":"Feature","geometry":{"type":"Polygon","coordinates":[[[37.25174,-2.85466],[37.25369,-2.86558],[37.25338,-2.89934],[37.25135,-2.92795],[37.26486,-2.97708],[37.25493,-2.99062],[37.25084,-2.99459],[37.23141,-3.03295],[37.07648,-3.02563],[37.06066,-3.02766],[37.04729,-3.03131],[37.03941,-3.03097],[37.03236,-3.02642],[37.03315,-3.00806],[37.02849,-3.00691],[37.00478,-2.97504],[37.01384,-2.97144],[37.02439,-2.96554],[37.03551,-2.96339],[37.03764,-2.95009],[37.06548,-2.93154],[37.0698,-2.92179],[37.0726,-2.91775],[37.08137,-2.91097],[37.08632,-2.901],[37.09418,-2.88941],[37.10439,-2.87748],[37.10689,-2.87667],[37.11169,-2.87153],[37.12296,-2.87165],[37.12605,-2.87067],[37.13126,-2.86697],[37.1412,-2.86376],[37.18624,-2.86014],[37.20087,-2.86046],[37.2033,-2.8623],[37.20627,-2.8589],[37.20722,-2.85555],[37.24558,-2.85584],[37.25174,-2.85466]]]},"properties":{"region":"Kilimanjaro","district":"Siha","ward":"Ndumeti","ward_code":"091"}},{"type":"Feature","geometry":{"type":"Polygon","coordinates":[[[37.07648,-3.02563],[37.23141,-3.03295],[37.21332,-3.06018],[37.18077,-3.07044],[37.16567,-3.06994],[37.15815,-3.07132],[37.14922,-3.0706],[37.14276,-3.0726],[37.13382,-3.07747],[37.11918,-3.08213],[37.11545,-3.08077],[37.11061,-3.0851],[37.106,-3.08726],[37.10432,-3.08657],[37.09927,-3.08796],[37.09674,-3.08974],[37.09069,-3.09037],[37.07793,-3.09648],[37.0696,-3.09807],[37.06114,-3.10232],[37.06062,-3.10397],[37.05427,-3.10746],[37.04788,-3.11406],[37.01957,-3.13213],[37.01213,-3.11098],[37.01231,-3.10879],[37.00406,-3.10792],[37.00943,-3.05374],[37.0171,-3.05016],[37.03193,-3.03415],[37.03236,-3.02642],[37.03941,-3.03097],[37.04729,-3.03131],[37.06066,-3.02766],[37.07648,-3.02563]]]},"properties":{"region":"Kilimanjaro","district":"Siha","ward":"Ngarenairobi","ward_code":"103"}},{"type":"Feature","geometry":{"type":"Polygon","coordinates":[[[36.93116,-3.10707],[36.96086,-3.1133],[36.97278,-3.11708],[36.95008,-3.15004],[36.94999,-3.15963],[36.9522,-3.16276],[36.955,-3.16282],[36.95583,-3.16606],[36.95483,-3.17195],[36.9563,-3.17264],[36.95755,-3.17148],[36.98121,-3.1729],[36.99578,-3.17263],[37.00589,-3.17453],[37.00757,-3.17359],[36.99918,-3.19664],[36.99807,-3.19683],[36.99406,-3.20193],[36.98939,-3.20289],[36.98557,-3.21005],[36.98245,-3.20822],[36.98097,-3.21239],[36.98084,-3.21036],[36.97712,-3.21027],[36.97493,-3.21182],[36.96976,-3.21175],[36.96293,-3.20963],[36.96336,-3.20688],[36.96183,-3.20541],[36.95686,-3.20491],[36.95439,-3.20306],[36.95116,-3.2027],[36.94949,-3.19658],[36.94373,-3.18924],[36.93581,-3.18434],[36.93519,-3.1829],[36.93297,-3.18384],[36.93121,-3.18658],[36.92981,-3.17428],[36.92123,-3.16572],[36.90674,-3.155],[36.90702,-3.15101],[36.91941,-3.14131],[36.92622,-3.11493],[36.93116,-3.10707]]]},"properties":{"region":"Kilimanjaro","district":"Siha","ward":"Karansi","ward_code":"073"}},{"type":"Feature","geometry":{"type":"Polygon","coordinates":[[[37.20861,-3.06781],[37.20783,-3.07058],[37.1864,-3.08376],[37.16947,-3.09585],[37.15103,-3.10355],[37.14433,-3.10856],[37.13507,-3.11025],[37.12239,-3.11005],[37.11635,-3.11618],[37.10831,-3.12134],[37.09261,-3.12188],[37.08963,-3.12517],[37.08744,-3.12983],[37.08185,-3.13274],[37.07806,-3.13767],[37.07527,-3.14439],[37.07632,-3.14928],[37.06582,-3.15847],[37.0646,-3.16225],[37.06212,-3.15988],[37.04856,-3.1577],[37.0497,-3.16125],[37.03081,-3.16727],[37.03157,-3.16784],[37.03036,-3.17115],[37.03044,-3.17425],[37.02577,-3.17734],[37.02742,-3.18004],[37.02662,-3.18641],[37.01072,-3.19114],[37.00403,-3.18258],[37.00757,-3.17359],[37.00589,-3.17453],[36.99578,-3.17263],[36.98121,-3.1729],[36.95755,-3.17148],[36.9563,-3.17264],[36.95483,-3.17195],[36.95583,-3.16606],[36.955,-3.16282],[36.9522,-3.16276],[36.94999,-3.15963],[36.95008,-3.15004],[36.97278,-3.11708],[36.99133,-3.1206],[37.00199,-3.12166],[37.00406,-3.10792],[37.01231,-3.10879],[37.01213,-3.11098],[37.01957,-3.13213],[37.04788,-3.11406],[37.05427,-3.10746],[37.06062,-3.10397],[37.06114,-3.10232],[37.0696,-3.09807],[37.07793,-3.09648],[37.09069,-3.09037],[37.09674,-3.08974],[37.09927,-3.08796],[37.10432,-3.08657],[37.106,-3.08726],[37.11061,-3.0851],[37.11545,-3.08077],[37.11918,-3.08213],[37.13382,-3.07747],[37.14276,-3.0726],[37.14922,-3.0706],[37.15815,-3.07132],[37.16567,-3.06994],[37.18077,-3.07044],[37.21332,-3.06018],[37.20861,-3.06781]]]},"properties":{"region":"Kilimanjaro","district":"Siha","ward":"Gararagua","ward_code":"111"}},{"type":"Feature","geometry":{"type":"Polygon","coordinates":[[[37.07165,-3.18157],[37.0725,-3.18411],[37.07079,-3.19511],[37.07206,-3.1974],[37.07109,-3.19828],[37.07185,-3.19982],[37.07119,-3.20112],[37.07287,-3.20187],[37.07248,-3.20332],[37.07419,-3.20398],[37.07408,-3.20571],[37.0768,-3.20652],[37.07701,-3.20756],[37.07755,-3.20701],[37.08167,-3.21055],[37.05317,-3.22219],[37.05131,-3.22213],[37.05285,-3.20638],[37.04668,-3.19601],[37.0488,-3.18929],[37.04847,-3.18163],[37.02662,-3.18641],[37.02742,-3.18004],[37.02577,-3.17734],[37.03044,-3.17425],[37.03036,-3.17115],[37.03157,-3.16784],[37.03081,-3.16727],[37.0497,-3.16125],[37.04856,-3.1577],[37.06212,-3.15988],[37.06493,-3.16292],[37.06715,-3.16374],[37.06678,-3.167],[37.06829,-3.16849],[37.06763,-3.17018],[37.06894,-3.17309],[37.06845,-3.1744],[37.07116,-3.17655],[37.07227,-3.18024],[37.07165,-3.18157]]]},"properties":{"region":"Kilimanjaro","district":"Siha","ward":"Sanya Juu","ward_code":"133"}},{"type":"Feature","geometry":{"type":"Polygon","coordinates":[[[37.17906,-3.10932],[37.17009,-3.11576],[37.15208,-3.13563],[37.14999,-3.13629],[37.14695,-3.13981],[37.14187,-3.14122],[37.13319,-3.14776],[37.13223,-3.14989],[37.12204,-3.15644],[37.1142,-3.15937],[37.10845,-3.16608],[37.10848,-3.16843],[37.10642,-3.17035],[37.10511,-3.17413],[37.1028,-3.17579],[37.10004,-3.1743],[37.09748,-3.17027],[37.09251,-3.16699],[37.0892,-3.16937],[37.08768,-3.17266],[37.08413,-3.17677],[37.07104,-3.17697],[37.06845,-3.1744],[37.06894,-3.17309],[37.06763,-3.17018],[37.06829,-3.16849],[37.06678,-3.167],[37.06715,-3.16374],[37.0646,-3.16225],[37.06582,-3.15847],[37.07632,-3.14928],[37.07527,-3.14439],[37.07806,-3.13767],[37.08185,-3.13274],[37.08744,-3.12983],[37.08963,-3.12517],[37.09261,-3.12188],[37.10831,-3.12134],[37.11635,-3.11618],[37.12239,-3.11005],[37.13507,-3.11025],[37.14433,-3.10856],[37.15103,-3.10355],[37.16947,-3.09585],[37.1864,-3.08376],[37.20783,-3.07058],[37.20574,-3.07775],[37.20188,-3.08158],[37.19416,-3.0922],[37.18986,-3.09481],[37.18685,-3.09816],[37.17906,-3.10932]]]},"properties":{"region":"Kilimanjaro","district":"Siha","ward":"Livishi","ward_code":"121"}},{"type":"Feature","geometry":{"type":"Polygon","coordinates":[[[37.09952,-3.17358],[37.1028,-3.17579],[37.10231,-3.17852],[37.09989,-3.1823],[37.10153,-3.18782],[37.09589,-3.19494],[37.08977,-3.2061],[37.08458,-3.21001],[37.08308,-3.21231],[37.07755,-3.20701],[37.07701,-3.20756],[37.0768,-3.20652],[37.07408,-3.20571],[37.07419,-3.20398],[37.07248,-3.20332],[37.07287,-3.20187],[37.07119,-3.20112],[37.07185,-3.19982],[37.07109,-3.19828],[37.07206,-3.1974],[37.07079,-3.19511],[37.07251,-3.18338],[37.07104,-3.17697],[37.08413,-3.17677],[37.08768,-3.17266],[37.0892,-3.16937],[37.09195,-3.16703],[37.09748,-3.17027],[37.09952,-3.17358]]]},"properties":{"region":"Kilimanjaro","district":"Siha","ward":"Nasai","ward_code":"141"}},{"type":"Feature","geometry":{"type":"Polygon","coordinates":[[[37.10524,-3.18162],[37.10793,-3.18292],[37.1104,-3.18247],[37.10881,-3.1867],[37.106,-3.18894],[37.10611,-3.19085],[37.10492,-3.19175],[37.10277,-3.19866],[37.10836,-3.2],[37.10469,-3.20739],[37.10692,-3.21191],[37.10612,-3.21368],[37.10794,-3.21476],[37.10787,-3.21593],[37.10575,-3.21726],[37.10652,-3.21959],[37.10559,-3.22137],[37.10413,-3.2215],[37.10238,-3.2262],[37.10349,-3.22869],[37.10823,-3.23377],[37.10993,-3.23904],[37.10825,-3.24005],[37.10771,-3.24221],[37.10559,-3.24315],[37.10613,-3.24356],[37.10415,-3.24753],[37.10365,-3.24707],[37.10493,-3.24456],[37.10354,-3.24447],[37.10369,-3.24319],[37.09814,-3.23964],[37.09589,-3.23574],[37.09386,-3.23555],[37.09291,-3.23392],[37.09114,-3.23397],[37.09212,-3.22952],[37.09065,-3.22805],[37.09234,-3.22407],[37.08796,-3.2197],[37.08359,-3.21733],[37.08378,-3.21319],[37.08308,-3.21231],[37.08458,-3.21001],[37.08977,-3.2061],[37.09589,-3.19494],[37.10153,-3.18782],[37.09989,-3.1823],[37.10231,-3.17852],[37.1028,-3.17579],[37.10511,-3.17413],[37.10642,-3.17035],[37.10762,-3.16955],[37.11048,-3.17335],[37.10869,-3.17463],[37.10524,-3.18162]]]},"properties":{"region":"Kilimanjaro","district":"Siha","ward":"Kirua","ward_code":"153"}},{"type":"Feature","geometry":{"type":"Polygon","coordinates":[[[37.15874,-3.14323],[37.14891,-3.14842],[37.14356,-3.14776],[37.13276,-3.15754],[37.13287,-3.16293],[37.12874,-3.16757],[37.12516,-3.17714],[37.11364,-3.18362],[37.11245,-3.18591],[37.11354,-3.18554],[37.11386,-3.18689],[37.10988,-3.19085],[37.10992,-3.19338],[37.11123,-3.19406],[37.1088,-3.20271],[37.10963,-3.20422],[37.10833,-3.20456],[37.10821,-3.20764],[37.10549,-3.20858],[37.10469,-3.20739],[37.10836,-3.2],[37.10277,-3.19866],[37.10492,-3.19175],[37.10611,-3.19085],[37.106,-3.18894],[37.10881,-3.1867],[37.10962,-3.18396],[37.11029,-3.18409],[37.1104,-3.18247],[37.10793,-3.18292],[37.10524,-3.18162],[37.10869,-3.17463],[37.11048,-3.17335],[37.10762,-3.16955],[37.10845,-3.16608],[37.1142,-3.15937],[37.12204,-3.15644],[37.13223,-3.14989],[37.13319,-3.14776],[37.14187,-3.14122],[37.14695,-3.13981],[37.14999,-3.13629],[37.15208,-3.13563],[37.17009,-3.11576],[37.17906,-3.10932],[37.18685,-3.09816],[37.18986,-3.09481],[37.19416,-3.0922],[37.20188,-3.08158],[37.20574,-3.07775],[37.20357,-3.08475],[37.19928,-3.09059],[37.19663,-3.09345],[37.19457,-3.09404],[37.18701,-3.10221],[37.17952,-3.11219],[37.1731,-3.1273],[37.16658,-3.13397],[37.16124,-3.13657],[37.15874,-3.14323]]]},"properties":{"region":"Kilimanjaro","district":"Siha","ward":"Ivaeny","ward_code":"161"}},{"type":"Feature","geometry":{"type":"Polygon","coordinates":[[[37.17001,-3.14102],[37.15422,-3.17304],[37.1489,-3.18165],[37.14669,-3.1835],[37.14734,-3.18608],[37.1452,-3.18881],[37.14464,-3.19165],[37.14119,-3.19321],[37.13506,-3.19939],[37.13343,-3.19983],[37.13129,-3.20467],[37.12926,-3.20657],[37.12933,-3.21036],[37.12841,-3.21139],[37.12519,-3.2139],[37.12034,-3.21436],[37.11973,-3.21761],[37.11682,-3.22131],[37.11245,-3.22223],[37.11249,-3.22353],[37.10941,-3.22493],[37.10843,-3.22659],[37.10942,-3.22829],[37.10696,-3.23223],[37.10253,-3.22743],[37.10238,-3.2262],[37.10413,-3.2215],[37.10559,-3.22137],[37.10652,-3.21959],[37.10575,-3.21726],[37.10787,-3.21593],[37.10794,-3.21476],[37.10612,-3.21368],[37.10692,-3.21191],[37.10549,-3.20858],[37.10821,-3.20764],[37.10833,-3.20456],[37.10963,-3.20422],[37.1088,-3.20271],[37.11123,-3.19406],[37.10992,-3.19338],[37.10988,-3.19085],[37.11386,-3.18689],[37.11354,-3.18554],[37.11245,-3.18591],[37.11364,-3.18362],[37.12516,-3.17714],[37.12874,-3.16757],[37.13287,-3.16293],[37.13276,-3.15754],[37.14356,-3.14776],[37.14891,-3.14842],[37.15874,-3.14323],[37.16124,-3.13657],[37.16658,-3.13397],[37.17147,-3.12954],[37.17952,-3.11219],[37.18701,-3.10221],[37.19457,-3.09404],[37.19663,-3.09345],[37.19327,-3.10036],[37.18301,-3.11184],[37.18134,-3.11893],[37.18101,-3.12238],[37.18173,-3.12402],[37.18101,-3.12604],[37.17783,-3.13006],[37.17648,-3.1335],[37.17001,-3.14102]]]},"properties":{"region":"Kilimanjaro","district":"Siha","ward":"Kashashi","ward_code":"171"}},{"type":"Feature","geometry":{"type":"Polygon","coordinates":[[[37.09587,-3.32501],[37.10574,-3.33178],[37.10713,-3.334],[37.10867,-3.33368],[37.1106,-3.33564],[37.1108,-3.33751],[37.11346,-3.33952],[37.11069,-3.34858],[37.10325,-3.353],[37.06372,-3.36982],[37.06213,-3.35986],[37.064,-3.35957],[37.06387,-3.34839],[37.05843,-3.33303],[37.06807,-3.33026],[37.07676,-3.32266],[37.0808,-3.32173],[37.08703,-3.31791],[37.08907,-3.31875],[37.09587,-3.32501]]]},"properties":{"region":"Kilimanjaro","district":"Siha","ward":"Ormelili","ward_code":"013"}},{"type":"Feature","geometry":{"type":"Polygon","coordinates":[[[37.06806,-3.27143],[37.06902,-3.2727],[37.06541,-3.28512],[37.07366,-3.28989],[37.07435,-3.29221],[37.07581,-3.29271],[37.07581,-3.29653],[37.08081,-3.30232],[37.0824,-3.30989],[37.08405,-3.31055],[37.08826,-3.31738],[37.0808,-3.32173],[37.07676,-3.32266],[37.06807,-3.33026],[37.05843,-3.33303],[37.05546,-3.32497],[37.05276,-3.32121],[37.05289,-3.31366],[37.05145,-3.30958],[37.04556,-3.29769],[37.04334,-3.2828],[37.04356,-3.27118],[37.04963,-3.27191],[37.05553,-3.26958],[37.06058,-3.26573],[37.06533,-3.26439],[37.06833,-3.26646],[37.06806,-3.27143]]]},"properties":{"region":"Kilimanjaro","district":"Siha","ward":"Olkolili","ward_code":"021"}},{"type":"Feature","geometry":{"type":"Polygon","coordinates":[[[37.09419,-3.2463],[37.09583,-3.25006],[37.09663,-3.24945],[37.10338,-3.25508],[37.1026,-3.25953],[37.10661,-3.26074],[37.10921,-3.26386],[37.11089,-3.26453],[37.11137,-3.26657],[37.11224,-3.26593],[37.11366,-3.26658],[37.1175,-3.27281],[37.11743,-3.27643],[37.11945,-3.2804],[37.11852,-3.28144],[37.11991,-3.29105],[37.12422,-3.30052],[37.12494,-3.30503],[37.1323,-3.31582],[37.13219,-3.31927],[37.12892,-3.32319],[37.12828,-3.32688],[37.1252,-3.33389],[37.11896,-3.33918],[37.11803,-3.34486],[37.11885,-3.34603],[37.11069,-3.34858],[37.11346,-3.33952],[37.1108,-3.33751],[37.1106,-3.33564],[37.10867,-3.33368],[37.10713,-3.334],[37.10574,-3.33178],[37.09864,-3.32644],[37.09663,-3.32592],[37.08836,-3.31869],[37.08405,-3.31055],[37.0824,-3.30989],[37.08204,-3.30598],[37.07941,-3.29983],[37.07581,-3.29653],[37.07581,-3.29271],[37.07435,-3.29221],[37.07366,-3.28989],[37.06541,-3.28512],[37.06902,-3.2727],[37.06806,-3.27143],[37.06787,-3.26067],[37.07466,-3.25273],[37.08063,-3.25464],[37.08376,-3.25125],[37.08535,-3.25132],[37.08724,-3.2479],[37.09419,-3.2463]]]},"properties":{"region":"Kilimanjaro","district":"Siha","ward":"Donyomurwak","ward_code":"031"}},{"type":"Feature","geometry":{"type":"Polygon","coordinates":[[[37.08359,-3.21733],[37.09234,-3.22407],[37.09065,-3.22805],[37.09212,-3.22952],[37.09114,-3.23397],[37.09291,-3.23392],[37.09386,-3.23555],[37.09589,-3.23574],[37.09814,-3.23964],[37.10369,-3.24319],[37.10354,-3.24447],[37.10493,-3.24456],[37.10365,-3.24707],[37.10338,-3.25508],[37.09663,-3.24945],[37.09583,-3.25006],[37.09419,-3.2463],[37.08724,-3.2479],[37.08535,-3.25132],[37.08376,-3.25125],[37.08063,-3.25464],[37.06952,-3.2504],[37.06352,-3.2452],[37.06282,-3.24338],[37.06345,-3.23817],[37.0484,-3.22528],[37.05131,-3.22213],[37.05317,-3.22219],[37.08167,-3.21055],[37.08378,-3.21319],[37.08359,-3.21733]]]},"properties":{"region":"Kilimanjaro","district":"Siha","ward":"Songu","ward_code":"041"}},{"type":"Feature","geometry":{"type":"Polygon","coordinates":[[[37.04828,-3.1904],[37.04668,-3.19601],[37.05285,-3.20638],[37.05131,-3.22213],[37.0484,-3.22528],[37.04283,-3.22468],[37.04145,-3.22314],[37.04087,-3.22399],[37.03605,-3.223],[37.03496,-3.22388],[37.03378,-3.22295],[37.02185,-3.22183],[37.0179,-3.21995],[37.01164,-3.21983],[36.99745,-3.2154],[36.99478,-3.2088],[36.99401,-3.2012],[36.9983,-3.1966],[36.99918,-3.19664],[37.00403,-3.18258],[37.01072,-3.19114],[37.03284,-3.18461],[37.04847,-3.18163],[37.04828,-3.1904]]]},"properties":{"region":"Kilimanjaro","district":"Siha","ward":"Biriri","ward_code":"051"}},{"type":"Feature","geometry":{"type":"Polygon","coordinates":[[[36.99478,-3.2088],[36.99745,-3.2154],[37.01164,-3.21983],[37.0179,-3.21995],[37.02185,-3.22183],[37.03378,-3.22295],[37.03496,-3.22388],[37.03605,-3.223],[37.04087,-3.22399],[37.04145,-3.22314],[37.04283,-3.22468],[37.0484,-3.22528],[37.05211,-3.22793],[37.06345,-3.23817],[37.06282,-3.24338],[37.06352,-3.2452],[37.06633,-3.24696],[37.06709,-3.24898],[37.07466,-3.25273],[37.06787,-3.26067],[37.06833,-3.26646],[37.06533,-3.26439],[37.06058,-3.26573],[37.05553,-3.26958],[37.04963,-3.27191],[37.04356,-3.27118],[37.04333,-3.27826],[37.0358,-3.26554],[37.03041,-3.26119],[37.01488,-3.25444],[37.00337,-3.25587],[36.99709,-3.25566],[36.99868,-3.2518],[36.9963,-3.23121],[36.98344,-3.23214],[36.98177,-3.23009],[36.98306,-3.22386],[36.98081,-3.21402],[36.98245,-3.20822],[36.98557,-3.21005],[36.98939,-3.20289],[36.99088,-3.20203],[36.99406,-3.20193],[36.99478,-3.2088]]]},"properties":{"region":"Kilimanjaro","district":"Siha","ward":"Makiwaru","ward_code":"061"}},{"type":"Feature","geometry":{"type":"Polygon","coordinates":[[[37.5725,-3.00108],[37.56509,-3.00488],[37.56377,-3.008],[37.56167,-3.00854],[37.55958,-3.01413],[37.56056,-3.01727],[37.55921,-3.01859],[37.55573,-3.02056],[37.55394,-3.01973],[37.55223,-3.02147],[37.54996,-3.02132],[37.54844,-3.02447],[37.54657,-3.02588],[37.54739,-3.03015],[37.54683,-3.03229],[37.5448,-3.03264],[37.54522,-3.03335],[37.54352,-3.03451],[37.54237,-3.03713],[37.53975,-3.03724],[37.53975,-3.03905],[37.53215,-3.04187],[37.5303,-3.04343],[37.52732,-3.04386],[37.52081,-3.05039],[37.5131,-3.05069],[37.5124,-3.0526],[37.50526,-3.0562],[37.50181,-3.05997],[37.49816,-3.06793],[37.49233,-3.0714],[37.47792,-3.07441],[37.3789,-3.15565],[37.35301,-3.12907],[37.39628,-3.0787],[37.41107,-3.05423],[37.41941,-3.03585],[37.43247,-3.01965],[37.44453,-3.01134],[37.44948,-3.00238],[37.46305,-2.99291],[37.49039,-2.98528],[37.49914,-2.98012],[37.50143,-2.97687],[37.50452,-2.97494],[37.5072,-2.96932],[37.51575,-2.96193],[37.51597,-2.95874],[37.51731,-2.95756],[37.57689,-2.9962],[37.57243,-3.00023],[37.5725,-3.00108]]]},"properties":{"region":"Kilimanjaro","district":"Rombo","ward":"Tarakea Motamburu","ward_code":"023"}}]}