{"type":"FeatureCollection","features":[{"type":"Feature","geometry":{"type":"Polygon","coordinates":[[[39.18918,-8.63917],[39.18935,-8.64271],[39.18795,-8.64439],[39.1902,-8.65188],[39.1898,-8.65808],[39.19544,-8.66193],[39.2083,-8.66019],[39.21409,-8.65729],[39.21699,-8.65738],[39.21969,-8.65926],[39.23708,-8.66192],[39.23918,-8.66634],[39.23917,-8.68281],[39.24153,-8.68668],[39.23799,-8.6937],[39.23006,-8.69053],[39.21904,-8.69853],[39.21442,-8.71155],[39.2149,-8.7195],[39.21994,-8.73013],[39.22892,-8.73726],[39.23608,-8.74939],[39.23868,-8.76689],[39.24131,-8.77706],[39.28081,-8.7771],[39.29198,-8.80301],[39.29737,-8.94874],[39.23505,-8.99023],[39.193,-9.01401],[39.15109,-9.02954],[39.13781,-8.9914],[39.13081,-8.94669],[39.1183,-8.91975],[39.10202,-8.89173],[39.05046,-8.81382],[39.05093,-8.80182],[39.05577,-8.79177],[39.05704,-8.7641],[39.06254,-8.7552],[39.06269,-8.74279],[39.059,-8.73514],[39.06216,-8.7205],[39.06208,-8.71378],[39.06548,-8.70791],[39.06487,-8.69166],[39.06696,-8.68124],[39.06278,-8.67368],[39.06453,-8.66709],[39.06294,-8.65313],[39.06544,-8.64869],[39.07284,-8.66223],[39.08962,-8.67324],[39.10804,-8.67184],[39.11684,-8.64901],[39.12995,-8.64994],[39.1407,-8.64466],[39.15543,-8.64108],[39.1597,-8.64095],[39.16799,-8.64354],[39.1746,-8.64429],[39.18241,-8.64189],[39.18673,-8.64156],[39.18918,-8.63917]]]},"properties":{"region":"Lindi","district":"Kilwa","ward":"Kikole","ward_code":"171"}},{"type":"Feature","geometry":{"type":"Polygon","coordinates":[[[39.28032,-8.68605],[39.28149,-8.69122],[39.29133,-8.68946],[39.29692,-8.68513],[39.32131,-8.70405],[39.32904,-8.70695],[39.32852,-8.71008],[39.33101,-8.71135],[39.33232,-8.70706],[39.33732,-8.70858],[39.34281,-8.70267],[39.34996,-8.7007],[39.3482,-8.71046],[39.35362,-8.71156],[39.35335,-8.71361],[39.35643,-8.71701],[39.35714,-8.72283],[39.3598,-8.72373],[39.36264,-8.723],[39.36605,-8.71996],[39.36782,-8.71962],[39.37413,-8.72237],[39.37638,-8.72233],[39.37485,-8.72327],[39.37756,-8.72514],[39.38275,-8.72676],[39.38456,-8.7285],[39.38606,-8.72826],[39.39172,-8.73534],[39.39436,-8.73732],[39.39499,-8.73616],[39.39648,-8.73635],[39.40605,-8.74262],[39.4131,-8.74554],[39.41672,-8.74646],[39.4216,-8.74438],[39.42602,-8.74438],[39.43419,-8.74916],[39.43937,-8.75904],[39.44533,-8.775],[39.44482,-8.78922],[39.44571,-8.79657],[39.45577,-8.80106],[39.45824,-8.81027],[39.45238,-8.81071],[39.44689,-8.81245],[39.44348,-8.81166],[39.43638,-8.81208],[39.42827,-8.81779],[39.42154,-8.82021],[39.41628,-8.8244],[39.40543,-8.83081],[39.3983,-8.83584],[39.39537,-8.83924],[39.39136,-8.84527],[39.39748,-8.85917],[39.39232,-8.85791],[39.38556,-8.85839],[39.38079,-8.86106],[39.38699,-8.86381],[39.38795,-8.86938],[39.39073,-8.87331],[39.38954,-8.87669],[39.38326,-8.87229],[39.37873,-8.87135],[39.37619,-8.87763],[39.37833,-8.88258],[39.38312,-8.88477],[39.389,-8.88483],[39.39423,-8.88704],[39.39288,-8.89012],[39.39014,-8.89153],[39.38595,-8.89044],[39.37874,-8.89049],[39.3786,-8.89276],[39.38139,-8.89242],[39.38505,-8.89397],[39.38779,-8.89636],[39.38447,-8.8967],[39.38374,-8.89837],[39.38558,-8.90041],[39.38956,-8.90182],[39.39334,-8.90133],[39.3932,-8.90438],[39.38988,-8.90567],[39.38505,-8.91559],[39.37706,-8.91386],[39.37531,-8.91699],[39.37935,-8.92021],[39.38052,-8.92332],[39.37706,-8.92697],[39.37877,-8.92981],[39.3779,-8.93349],[39.37595,-8.93579],[39.36874,-8.93424],[39.36569,-8.93151],[39.35482,-8.94838],[39.34782,-8.94868],[39.34674,-8.95318],[39.3382,-8.9588],[39.33505,-8.95634],[39.33226,-8.95214],[39.337,-8.94847],[39.29737,-8.94874],[39.29198,-8.80301],[39.28081,-8.7771],[39.24131,-8.77706],[39.23868,-8.76689],[39.23608,-8.74939],[39.22892,-8.73726],[39.21994,-8.73013],[39.2149,-8.7195],[39.21442,-8.71155],[39.21904,-8.69853],[39.23006,-8.69053],[39.23799,-8.6937],[39.24153,-8.68668],[39.23917,-8.68281],[39.23909,-8.67924],[39.25179,-8.68536],[39.28032,-8.68605]]]},"properties":{"region":"Lindi","district":"Kilwa","ward":"Kivinje","ward_code":"183"}},{"type":"Feature","geometry":{"type":"MultiPolygon","coordinates":[[[[39.5687,-8.56743],[39.57126,-8.56764],[39.56793,-8.57377],[39.5653,-8.57491],[39.56491,-8.57405],[39.56688,-8.57113],[39.56618,-8.56999],[39.5687,-8.56743]]],[[[39.51707,-8.52968],[39.51867,-8.53655],[39.51682,-8.54057],[39.51725,-8.5424],[39.51494,-8.54442],[39.51457,-8.54227],[39.51325,-8.54093],[39.50587,-8.53632],[39.50461,-8.53397],[39.49707,-8.53164],[39.4942,-8.52707],[39.49155,-8.51923],[39.48636,-8.51199],[39.49497,-8.50831],[39.5047,-8.51602],[39.51707,-8.52968]]],[[[39.57508,-8.38029],[39.57675,-8.38083],[39.57699,-8.38245],[39.57483,-8.38362],[39.57174,-8.38276],[39.57126,-8.38129],[39.57508,-8.38029]]],[[[39.43456,-8.30439],[39.43271,-8.30421],[39.43146,-8.30354],[39.4345,-8.3037],[39.43456,-8.30439]]],[[[39.59289,-8.2783],[39.58814,-8.27941],[39.58747,-8.27885],[39.59488,-8.27704],[39.59289,-8.2783]]]]},"properties":{"region":"Lindi","district":"Kilwa","ward":"Songosongo","ward_code":"191"}},{"type":"Feature","geometry":{"type":"MultiPolygon","coordinates":[[[[39.53493,-8.9576],[39.53296,-8.96363],[39.53411,-8.96654],[39.53055,-8.96691],[39.52683,-8.97374],[39.52696,-8.97893],[39.52833,-8.98243],[39.53189,-8.98625],[39.54108,-8.99049],[39.53977,-9.01394],[39.52637,-9.0149],[39.51935,-9.0122],[39.51554,-9.00533],[39.5134,-8.99171],[39.49533,-8.97105],[39.49432,-8.96407],[39.49739,-8.95767],[39.50304,-8.95815],[39.5052,-8.95925],[39.51474,-8.95853],[39.52686,-8.95119],[39.53281,-8.95286],[39.53493,-8.9576]]],[[[39.48054,-8.94129],[39.48438,-8.94267],[39.4846,-8.94025],[39.48746,-8.94265],[39.48123,-8.94714],[39.48012,-8.96213],[39.48202,-8.98209],[39.48416,-8.99288],[39.48963,-9.00016],[39.49771,-9.00533],[39.5015,-9.02068],[39.49424,-9.02405],[39.4964,-9.03462],[39.49253,-9.034],[39.47159,-9.03983],[39.46448,-9.04561],[39.45863,-9.04137],[39.45544,-9.0372],[39.45381,-9.03223],[39.43798,-9.02729],[39.43994,-9.01961],[39.42868,-8.99709],[39.41928,-8.96994],[39.42845,-8.96529],[39.43522,-8.96931],[39.44022,-8.96839],[39.43944,-8.97746],[39.44,-8.98544],[39.44105,-8.9883],[39.44329,-8.9874],[39.44657,-8.98159],[39.44422,-8.97315],[39.44381,-8.96725],[39.45053,-8.96028],[39.45519,-8.95293],[39.46242,-8.94879],[39.46735,-8.94007],[39.47193,-8.93742],[39.47887,-8.93778],[39.48054,-8.94129]]],[[[39.49963,-8.82129],[39.49542,-8.8258],[39.49524,-8.82852],[39.49995,-8.83442],[39.50078,-8.84316],[39.50315,-8.85031],[39.51249,-8.86963],[39.51368,-8.87715],[39.5133,-8.88247],[39.51647,-8.89492],[39.52383,-8.90512],[39.52865,-8.90675],[39.53794,-8.91247],[39.54939,-8.91597],[39.55203,-8.9184],[39.55404,-8.92327],[39.55621,-8.92562],[39.55154,-8.92862],[39.54076,-8.93157],[39.53363,-8.93137],[39.53039,-8.93298],[39.52663,-8.93291],[39.52158,-8.92808],[39.5193,-8.92822],[39.51734,-8.92996],[39.51565,-8.93351],[39.51535,-8.93763],[39.5164,-8.93774],[39.51269,-8.94491],[39.50548,-8.93808],[39.50501,-8.93671],[39.5082,-8.93221],[39.50793,-8.93094],[39.50592,-8.92737],[39.50402,-8.92659],[39.50393,-8.9302],[39.50149,-8.92648],[39.49701,-8.91555],[39.49569,-8.90921],[39.48628,-8.90508],[39.48531,-8.90377],[39.48496,-8.89733],[39.48077,-8.89561],[39.47858,-8.88901],[39.47446,-8.8829],[39.47079,-8.88013],[39.46819,-8.87946],[39.46611,-8.87962],[39.46158,-8.88281],[39.45979,-8.88289],[39.46004,-8.87496],[39.45719,-8.87159],[39.45907,-8.86789],[39.45501,-8.86906],[39.4421,-8.86787],[39.43726,-8.87055],[39.42895,-8.86718],[39.42529,-8.86203],[39.42454,-8.85755],[39.42226,-8.85906],[39.42161,-8.86265],[39.41578,-8.86582],[39.41254,-8.86516],[39.40841,-8.86953],[39.40843,-8.8719],[39.40692,-8.87231],[39.40566,-8.86864],[39.40818,-8.86408],[39.40724,-8.86223],[39.40941,-8.85797],[39.40748,-8.85822],[39.4026,-8.8643],[39.40244,-8.86806],[39.40052,-8.86767],[39.40141,-8.86269],[39.40036,-8.85666],[39.4014,-8.85375],[39.4013,-8.8479],[39.39714,-8.8464],[39.39719,-8.84373],[39.39537,-8.83924],[39.3983,-8.83584],[39.40543,-8.83081],[39.41628,-8.8244],[39.42154,-8.82021],[39.42827,-8.81779],[39.43638,-8.81208],[39.44348,-8.81166],[39.44689,-8.81245],[39.45238,-8.81071],[39.46206,-8.81006],[39.46197,-8.81358],[39.46571,-8.816],[39.46624,-8.81777],[39.46887,-8.81702],[39.46983,-8.82056],[39.47155,-8.82006],[39.47515,-8.82288],[39.48243,-8.82315],[39.486,-8.82519],[39.49217,-8.81529],[39.48963,-8.8098],[39.49564,-8.80596],[39.49812,-8.80773],[39.4988,-8.81079],[39.49774,-8.81393],[39.49594,-8.81568],[39.49606,-8.81799],[39.49963,-8.82129]]]]},"properties":{"region":"Lindi","district":"Kilwa","ward":"Masoko","ward_code":"202"}},{"type":"Feature","geometry":{"type":"Polygon","coordinates":[[[39.55739,-9.37981],[39.56228,-9.37976],[39.5632,-9.38108],[39.56477,-9.38086],[39.56536,-9.37972],[39.56721,-9.37983],[39.56948,-9.38403],[39.56987,-9.38947],[39.57732,-9.39651],[39.58327,-9.40403],[39.57063,-9.40321],[39.56411,-9.40522],[39.56102,-9.41494],[39.56166,-9.42841],[39.56845,-9.43389],[39.57543,-9.46237],[39.55707,-9.48095],[39.55062,-9.49129],[39.52334,-9.52004],[39.52194,-9.53092],[39.52385,-9.54351],[39.53033,-9.55295],[39.54123,-9.55608],[39.54114,-9.5574],[39.53866,-9.55874],[39.5371,-9.56163],[39.53159,-9.55927],[39.52868,-9.56209],[39.53072,-9.56913],[39.5299,-9.57101],[39.52781,-9.57234],[39.52849,-9.57423],[39.52697,-9.57454],[39.52628,-9.57372],[39.51615,-9.57666],[39.51727,-9.57955],[39.51548,-9.57848],[39.51532,-9.57995],[39.51317,-9.58098],[39.51257,-9.58231],[39.51098,-9.58266],[39.50931,-9.57911],[39.50758,-9.58218],[39.50544,-9.58119],[39.50766,-9.57857],[39.50673,-9.57733],[39.49718,-9.57638],[39.49386,-9.57812],[39.4936,-9.58119],[39.4953,-9.58097],[39.49567,-9.5818],[39.4942,-9.58342],[39.4946,-9.58455],[39.4968,-9.58267],[39.49772,-9.5853],[39.4994,-9.5856],[39.49995,-9.58693],[39.49655,-9.58825],[39.49851,-9.5902],[39.49888,-9.59194],[39.49737,-9.59273],[39.49359,-9.5918],[39.49541,-9.59361],[39.49401,-9.59554],[39.49599,-9.59608],[39.49682,-9.5975],[39.49524,-9.59853],[39.49418,-9.59818],[39.49367,-9.59972],[39.49709,-9.59999],[39.49813,-9.6016],[39.50015,-9.60187],[39.5002,-9.60927],[39.4992,-9.61141],[39.49985,-9.61268],[39.49837,-9.61366],[39.49736,-9.61648],[39.49563,-9.6171],[39.49569,-9.61573],[39.49448,-9.61497],[39.49265,-9.61928],[39.49107,-9.6201],[39.48773,-9.61824],[39.48538,-9.62052],[39.48228,-9.61949],[39.47442,-9.62076],[39.47411,-9.6228],[39.47169,-9.62446],[39.47139,-9.62247],[39.4689,-9.62147],[39.46858,-9.62448],[39.46727,-9.62728],[39.46628,-9.62726],[39.46412,-9.62288],[39.46308,-9.6227],[39.4623,-9.62478],[39.46066,-9.62452],[39.4609,-9.62221],[39.45281,-9.61167],[39.45071,-9.61111],[39.45,-9.6092],[39.4455,-9.60745],[39.44552,-9.60418],[39.44355,-9.60401],[39.44014,-9.59924],[39.43958,-9.59341],[39.43982,-9.58748],[39.44111,-9.58706],[39.43991,-9.58493],[39.44135,-9.58336],[39.44436,-9.58254],[39.44263,-9.5801],[39.44289,-9.5764],[39.44468,-9.57539],[39.44574,-9.56923],[39.43962,-9.56073],[39.41429,-9.55922],[39.39679,-9.5556],[39.38953,-9.56076],[39.38748,-9.55864],[39.38656,-9.55907],[39.38728,-9.56183],[39.38491,-9.56227],[39.38194,-9.56588],[39.38339,-9.56698],[39.38198,-9.56826],[39.38252,-9.56979],[39.38056,-9.57352],[39.37677,-9.56787],[39.37701,-9.5665],[39.37543,-9.56614],[39.37136,-9.57048],[39.36707,-9.56708],[39.36902,-9.56574],[39.3675,-9.56328],[39.36931,-9.56137],[39.37068,-9.55753],[39.36884,-9.5566],[39.36827,-9.55303],[39.36471,-9.55196],[39.36323,-9.54796],[39.36179,-9.55076],[39.36047,-9.54897],[39.35811,-9.5505],[39.35708,-9.54987],[39.35571,-9.55127],[39.35298,-9.55078],[39.35236,-9.55225],[39.35004,-9.5508],[39.35021,-9.55482],[39.34953,-9.5552],[39.34864,-9.553],[39.34781,-9.55295],[39.34588,-9.5566],[39.34419,-9.55657],[39.34192,-9.55897],[39.34009,-9.55655],[39.33819,-9.55815],[39.33869,-9.56109],[39.33602,-9.56156],[39.33413,-9.56609],[39.33191,-9.56659],[39.33257,-9.57003],[39.33045,-9.5685],[39.33073,-9.56575],[39.32999,-9.56576],[39.327,-9.5684],[39.32614,-9.57051],[39.32332,-9.57027],[39.32352,-9.57273],[39.32033,-9.57273],[39.31942,-9.57189],[39.31896,-9.57506],[39.31777,-9.57478],[39.31708,-9.57577],[39.31819,-9.57995],[39.31618,-9.58211],[39.31597,-9.5867],[39.31148,-9.58573],[39.3086,-9.58702],[39.30728,-9.58535],[39.30651,-9.58693],[39.30564,-9.58691],[39.30334,-9.58557],[39.30466,-9.58355],[39.30413,-9.58219],[39.30165,-9.58234],[39.29981,-9.58087],[39.29605,-9.58325],[39.29269,-9.58358],[39.29149,-9.58314],[39.29105,-9.58083],[39.28978,-9.58126],[39.28991,-9.58437],[39.2861,-9.58762],[39.27999,-9.58701],[39.28063,-9.58443],[39.2792,-9.58344],[39.27571,-9.58548],[39.27248,-9.5831],[39.26748,-9.58269],[39.26521,-9.58374],[39.26256,-9.58294],[39.26066,-9.5859],[39.25812,-9.58685],[39.2572,-9.59017],[39.25462,-9.59065],[39.25195,-9.58781],[39.25105,-9.58434],[39.24564,-9.58383],[39.24639,-9.57623],[39.24476,-9.5725],[39.24429,-9.5665],[39.24187,-9.56499],[39.23754,-9.55818],[39.23089,-9.55871],[39.22076,-9.54862],[39.22331,-9.52671],[39.22321,-9.50707],[39.20526,-9.47582],[39.20225,-9.43873],[39.24833,-9.42166],[39.27953,-9.4688],[39.39286,-9.40996],[39.4334,-9.40986],[39.44114,-9.4133],[39.47725,-9.41205],[39.49961,-9.41843],[39.51188,-9.39692],[39.5116,-9.38311],[39.51556,-9.38305],[39.52604,-9.37969],[39.52879,-9.37988],[39.5355,-9.3828],[39.55233,-9.38298],[39.55554,-9.3861],[39.55739,-9.37981]]]},"properties":{"region":"Lindi","district":"Kilwa","ward":"Kiranjeranje","ward_code":"133"}},{"type":"Feature","geometry":{"type":"Polygon","coordinates":[[[39.45748,-8.90742],[39.46788,-8.9177],[39.45006,-8.91388],[39.43075,-8.9444],[39.42421,-8.95115],[39.41856,-8.95526],[39.41797,-8.95761],[39.41928,-8.96994],[39.42868,-8.99709],[39.43994,-9.01961],[39.43798,-9.02729],[39.44702,-9.02974],[39.44505,-9.03786],[39.45476,-9.04448],[39.4503,-9.05043],[39.46001,-9.06046],[39.43881,-9.06212],[39.43602,-9.07248],[39.44606,-9.08174],[39.45164,-9.06664],[39.46637,-9.06928],[39.47373,-9.04922],[39.47942,-9.05495],[39.50845,-9.06539],[39.50503,-9.07111],[39.50267,-9.06995],[39.48321,-9.08253],[39.47828,-9.08689],[39.47641,-9.09181],[39.47849,-9.10024],[39.48779,-9.10625],[39.49088,-9.1112],[39.49847,-9.11763],[39.49834,-9.12083],[39.49425,-9.12437],[39.48926,-9.12769],[39.48451,-9.12703],[39.48246,-9.12994],[39.48296,-9.13322],[39.48361,-9.13353],[39.48432,-9.13035],[39.48553,-9.12943],[39.49004,-9.13024],[39.50107,-9.12759],[39.50585,-9.12809],[39.50679,-9.13183],[39.50463,-9.13383],[39.50571,-9.136],[39.50557,-9.14603],[39.50741,-9.15035],[39.50795,-9.15635],[39.50582,-9.16712],[39.50391,-9.17067],[39.50511,-9.17171],[39.50478,-9.17347],[39.50204,-9.17707],[39.48697,-9.17745],[39.48245,-9.17933],[39.47913,-9.18285],[39.48951,-9.17808],[39.49385,-9.17761],[39.50246,-9.18078],[39.5027,-9.18301],[39.49824,-9.19119],[39.49789,-9.19797],[39.49626,-9.20302],[39.49437,-9.20567],[39.49354,-9.21596],[39.48998,-9.22254],[39.48245,-9.26166],[39.48374,-9.28961],[39.49117,-9.31725],[39.49711,-9.332],[39.49937,-9.33542],[39.49992,-9.33781],[39.49892,-9.34734],[39.50471,-9.36032],[39.51109,-9.36693],[39.51188,-9.39692],[39.49961,-9.41843],[39.47725,-9.41205],[39.44114,-9.4133],[39.4334,-9.40986],[39.39286,-9.40996],[39.27953,-9.4688],[39.18449,-9.32518],[39.18426,-9.26894],[39.18776,-9.23465],[39.16964,-9.21331],[39.1706,-9.18648],[39.15693,-9.12118],[39.14138,-9.08927],[39.15618,-9.08324],[39.15642,-9.07111],[39.15127,-9.0659],[39.14931,-9.04459],[39.14944,-9.03529],[39.15109,-9.02954],[39.193,-9.01401],[39.23505,-8.99023],[39.29737,-8.94874],[39.337,-8.94847],[39.33226,-8.95214],[39.33505,-8.95634],[39.3382,-8.9588],[39.34674,-8.95318],[39.34782,-8.94868],[39.35482,-8.94838],[39.3552,-8.95797],[39.35159,-8.9617],[39.35067,-8.96965],[39.35439,-8.9673],[39.35677,-8.9626],[39.35885,-8.95702],[39.35944,-8.95115],[39.36212,-8.94822],[39.36806,-8.94822],[39.37043,-8.95145],[39.37014,-8.9538],[39.36687,-8.95937],[39.36756,-8.9752],[39.3715,-8.97198],[39.37134,-8.96003],[39.37454,-8.95453],[39.37459,-8.94705],[39.38291,-8.93971],[39.38915,-8.92092],[39.3942,-8.91564],[39.40757,-8.91505],[39.41738,-8.90948],[39.43015,-8.90449],[39.44382,-8.90361],[39.45748,-8.90742]]]},"properties":{"region":"Lindi","district":"Kilwa","ward":"Mandawa","ward_code":"141"}},{"type":"Feature","geometry":{"type":"MultiPolygon","coordinates":[[[[39.62748,-9.42358],[39.63082,-9.42691],[39.6354,-9.43487],[39.63716,-9.43454],[39.63802,-9.4354],[39.64222,-9.44373],[39.64807,-9.44784],[39.65374,-9.45639],[39.65585,-9.45676],[39.6558,-9.45845],[39.65442,-9.45875],[39.65262,-9.46116],[39.65443,-9.47455],[39.65674,-9.48095],[39.65524,-9.48206],[39.64857,-9.47814],[39.64148,-9.48042],[39.63923,-9.48671],[39.63597,-9.49031],[39.62922,-9.49042],[39.62688,-9.49343],[39.62544,-9.49332],[39.62511,-9.49092],[39.62316,-9.49074],[39.62133,-9.49259],[39.62111,-9.49081],[39.61996,-9.49185],[39.61822,-9.49112],[39.61399,-9.49371],[39.61213,-9.49342],[39.61087,-9.49129],[39.60906,-9.49067],[39.60722,-9.4919],[39.60976,-9.49286],[39.61062,-9.49423],[39.6107,-9.49587],[39.60956,-9.49721],[39.60522,-9.49463],[39.60172,-9.49499],[39.60352,-9.49597],[39.60184,-9.49701],[39.59682,-9.49563],[39.597,-9.49902],[39.59488,-9.49789],[39.59456,-9.49929],[39.59158,-9.49947],[39.59041,-9.50044],[39.59082,-9.5042],[39.59016,-9.50484],[39.58908,-9.50299],[39.58539,-9.50352],[39.58658,-9.50488],[39.58682,-9.51223],[39.58385,-9.51393],[39.58507,-9.51594],[39.58309,-9.51767],[39.58506,-9.51933],[39.58338,-9.5212],[39.58404,-9.52323],[39.58177,-9.52366],[39.58301,-9.52491],[39.58284,-9.52815],[39.58471,-9.52737],[39.58636,-9.52851],[39.58533,-9.52984],[39.58555,-9.53122],[39.58264,-9.53288],[39.58434,-9.53451],[39.5839,-9.53528],[39.58245,-9.53492],[39.58042,-9.53721],[39.57805,-9.53738],[39.57993,-9.54211],[39.57874,-9.5431],[39.57653,-9.54313],[39.57513,-9.54062],[39.57386,-9.5447],[39.57291,-9.54498],[39.57192,-9.54419],[39.57223,-9.54266],[39.56937,-9.54288],[39.56517,-9.53996],[39.56277,-9.53957],[39.56064,-9.54259],[39.56042,-9.54828],[39.56138,-9.54968],[39.55888,-9.54919],[39.55702,-9.55083],[39.55718,-9.55193],[39.55293,-9.55016],[39.55274,-9.54906],[39.54945,-9.54935],[39.54729,-9.55107],[39.54408,-9.55171],[39.54428,-9.55294],[39.54622,-9.55376],[39.54478,-9.55658],[39.53033,-9.55295],[39.52385,-9.54351],[39.52194,-9.53092],[39.52334,-9.52004],[39.55062,-9.49129],[39.55707,-9.48095],[39.57543,-9.46237],[39.56845,-9.43389],[39.57055,-9.43374],[39.57356,-9.43536],[39.57631,-9.43411],[39.58188,-9.43885],[39.58484,-9.44496],[39.58704,-9.44584],[39.58865,-9.44781],[39.58947,-9.44674],[39.59359,-9.44716],[39.59308,-9.44862],[39.59382,-9.44987],[39.59511,-9.44749],[39.59777,-9.44744],[39.59792,-9.44659],[39.59568,-9.44384],[39.59617,-9.44238],[39.59405,-9.44126],[39.59235,-9.44144],[39.59034,-9.44402],[39.59006,-9.44321],[39.5913,-9.43945],[39.59561,-9.43534],[39.59464,-9.4343],[39.59429,-9.4353],[39.59,-9.43617],[39.59394,-9.43146],[39.5936,-9.43054],[39.60248,-9.42438],[39.6083,-9.42589],[39.61223,-9.42585],[39.61373,-9.4255],[39.61316,-9.42438],[39.61536,-9.42318],[39.62155,-9.4241],[39.625,-9.42286],[39.62748,-9.42358]]],[[[39.6291,-9.24733],[39.62701,-9.25426],[39.62807,-9.2588],[39.62991,-9.2616],[39.63452,-9.25929],[39.63845,-9.2621],[39.63538,-9.26351],[39.63545,-9.26543],[39.64043,-9.26595],[39.6473,-9.27004],[39.64623,-9.27365],[39.64751,-9.28154],[39.64657,-9.28462],[39.64489,-9.28409],[39.64693,-9.29386],[39.64599,-9.29655],[39.64741,-9.30051],[39.6475,-9.31128],[39.64664,-9.31471],[39.64752,-9.31726],[39.64789,-9.32945],[39.6502,-9.33637],[39.64996,-9.33904],[39.6541,-9.35942],[39.65232,-9.36201],[39.65054,-9.3683],[39.64896,-9.36983],[39.64901,-9.37174],[39.65016,-9.37198],[39.64784,-9.37364],[39.64742,-9.37285],[39.64625,-9.37318],[39.64406,-9.37572],[39.64478,-9.37686],[39.64175,-9.37891],[39.63898,-9.37741],[39.6361,-9.37894],[39.63077,-9.37937],[39.62417,-9.38304],[39.62015,-9.38775],[39.61548,-9.39758],[39.61376,-9.39867],[39.60501,-9.41028],[39.60116,-9.4088],[39.59878,-9.40941],[39.59634,-9.40781],[39.594,-9.408],[39.58327,-9.40403],[39.57732,-9.39651],[39.56987,-9.38947],[39.56948,-9.38403],[39.56721,-9.37983],[39.56536,-9.37972],[39.56477,-9.38086],[39.5632,-9.38108],[39.56228,-9.37976],[39.55739,-9.37981],[39.55554,-9.3861],[39.55233,-9.38298],[39.5355,-9.3828],[39.52879,-9.37988],[39.52604,-9.37969],[39.51556,-9.38305],[39.5116,-9.38311],[39.51109,-9.36693],[39.50471,-9.36032],[39.50053,-9.35219],[39.49892,-9.34734],[39.49992,-9.33781],[39.49937,-9.33542],[39.49711,-9.332],[39.49117,-9.31725],[39.48772,-9.30551],[39.52359,-9.2948],[39.53742,-9.2916],[39.55281,-9.28335],[39.55337,-9.2767],[39.55544,-9.27295],[39.56389,-9.26659],[39.57113,-9.26836],[39.57797,-9.26671],[39.58876,-9.26068],[39.59294,-9.25757],[39.59559,-9.25394],[39.60533,-9.24827],[39.61129,-9.24828],[39.6308,-9.24472],[39.6291,-9.24733]]]]},"properties":{"region":"Lindi","district":"Kilwa","ward":"Lihimalyao","ward_code":"151"}},{"type":"Feature","geometry":{"type":"MultiPolygon","coordinates":[[[[39.55671,-9.0953],[39.56603,-9.09784],[39.57489,-9.10482],[39.57597,-9.10699],[39.58168,-9.11215],[39.58218,-9.12061],[39.58402,-9.12505],[39.5841,-9.12822],[39.58914,-9.13572],[39.58851,-9.13785],[39.59529,-9.14563],[39.59592,-9.15193],[39.59733,-9.15265],[39.59838,-9.15572],[39.61284,-9.1617],[39.61414,-9.16616],[39.61796,-9.17066],[39.62647,-9.17142],[39.6374,-9.17956],[39.63696,-9.1857],[39.64062,-9.19982],[39.63898,-9.20525],[39.64079,-9.21055],[39.64015,-9.2116],[39.63781,-9.21157],[39.63764,-9.21376],[39.63862,-9.2147],[39.63904,-9.2139],[39.63981,-9.21444],[39.63988,-9.21596],[39.63861,-9.21608],[39.63782,-9.21761],[39.64073,-9.22178],[39.64242,-9.22895],[39.64151,-9.23012],[39.6409,-9.23697],[39.63909,-9.24081],[39.63945,-9.24254],[39.63786,-9.2423],[39.63196,-9.24536],[39.6308,-9.24472],[39.61129,-9.24828],[39.60533,-9.24827],[39.59559,-9.25394],[39.59294,-9.25757],[39.58876,-9.26068],[39.57797,-9.26671],[39.57113,-9.26836],[39.56389,-9.26659],[39.55544,-9.27295],[39.55337,-9.2767],[39.55281,-9.28335],[39.53742,-9.2916],[39.52359,-9.2948],[39.48772,-9.30551],[39.48374,-9.28961],[39.48245,-9.26166],[39.48998,-9.22254],[39.49354,-9.21596],[39.49437,-9.20567],[39.49884,-9.19797],[39.49991,-9.19014],[39.50392,-9.1857],[39.50591,-9.16893],[39.52586,-9.16368],[39.52528,-9.15778],[39.52343,-9.15633],[39.52197,-9.15281],[39.51737,-9.14963],[39.51556,-9.14662],[39.51323,-9.13505],[39.51356,-9.13278],[39.51027,-9.12218],[39.51474,-9.11971],[39.51879,-9.12013],[39.51846,-9.11837],[39.51975,-9.11675],[39.52238,-9.11646],[39.52419,-9.1135],[39.52369,-9.1106],[39.52489,-9.10822],[39.5305,-9.10113],[39.53166,-9.10173],[39.5329,-9.10549],[39.53457,-9.10476],[39.53489,-9.10592],[39.53949,-9.10762],[39.54434,-9.10747],[39.54718,-9.09573],[39.54942,-9.09286],[39.55251,-9.09179],[39.55671,-9.0953]]],[[[39.52803,-9.04563],[39.53461,-9.04796],[39.53652,-9.05412],[39.53083,-9.0608],[39.52929,-9.06091],[39.52404,-9.05936],[39.5188,-9.05514],[39.52126,-9.05577],[39.5227,-9.055],[39.52415,-9.04867],[39.52803,-9.04563]]],[[[39.55289,-9.03554],[39.55574,-9.0354],[39.55663,-9.03627],[39.55622,-9.03723],[39.55999,-9.03798],[39.56496,-9.03592],[39.56911,-9.03765],[39.57004,-9.03957],[39.57556,-9.04395],[39.57777,-9.04322],[39.58015,-9.04405],[39.58303,-9.04092],[39.58595,-9.04364],[39.5853,-9.04456],[39.58702,-9.04758],[39.59971,-9.05779],[39.60564,-9.06139],[39.6082,-9.06239],[39.61056,-9.06212],[39.61482,-9.06438],[39.61581,-9.06617],[39.61507,-9.07093],[39.61731,-9.07535],[39.61741,-9.0825],[39.61529,-9.08592],[39.61304,-9.08238],[39.61163,-9.08355],[39.61094,-9.08827],[39.61322,-9.08911],[39.61258,-9.09067],[39.61409,-9.09181],[39.61261,-9.10322],[39.6141,-9.10355],[39.6132,-9.11083],[39.61004,-9.117],[39.60602,-9.11549],[39.60653,-9.11416],[39.60789,-9.11464],[39.60819,-9.11361],[39.6062,-9.10978],[39.60308,-9.10782],[39.60353,-9.10596],[39.60212,-9.10436],[39.60162,-9.10024],[39.59988,-9.09706],[39.59994,-9.09244],[39.59464,-9.08923],[39.59251,-9.08683],[39.59011,-9.08601],[39.58917,-9.08364],[39.58476,-9.08028],[39.5805,-9.08096],[39.57941,-9.07952],[39.58515,-9.07742],[39.5839,-9.07593],[39.58213,-9.07631],[39.57538,-9.07307],[39.57757,-9.06782],[39.58013,-9.06976],[39.5789,-9.06057],[39.5818,-9.0577],[39.58264,-9.05342],[39.5776,-9.04963],[39.5767,-9.05398],[39.57236,-9.05285],[39.57036,-9.05028],[39.56633,-9.05021],[39.56442,-9.06636],[39.56813,-9.07134],[39.56755,-9.07397],[39.5647,-9.07614],[39.559,-9.07766],[39.55565,-9.0759],[39.55509,-9.07412],[39.55611,-9.07395],[39.553,-9.07005],[39.55401,-9.06473],[39.55086,-9.06033],[39.55096,-9.05955],[39.55464,-9.05965],[39.55778,-9.05049],[39.54859,-9.04025],[39.54715,-9.0328],[39.54733,-9.02952],[39.54843,-9.02848],[39.55233,-9.03213],[39.55289,-9.03554]]]]},"properties":{"region":"Lindi","district":"Kilwa","ward":"Pande","ward_code":"161"}},{"type":"Feature","geometry":{"type":"Polygon","coordinates":[[[39.11868,-8.99301],[39.13802,-8.992],[39.15109,-9.02954],[39.14944,-9.03529],[39.14931,-9.04459],[39.15127,-9.0659],[39.15642,-9.07111],[39.15618,-9.08324],[39.14138,-9.08927],[39.15693,-9.12118],[39.1706,-9.18648],[39.16964,-9.21331],[39.18776,-9.23465],[39.18426,-9.26894],[39.18449,-9.32518],[39.16325,-9.31961],[39.14447,-9.32363],[39.11874,-9.32371],[39.0965,-9.33253],[39.09166,-9.33758],[39.07507,-9.3451],[39.06405,-9.35178],[39.02596,-9.36588],[38.99912,-9.37151],[38.98376,-9.37855],[38.92365,-9.37957],[38.88932,-9.37287],[38.85252,-9.36717],[38.83077,-9.3599],[38.81337,-9.35689],[38.79951,-9.35817],[38.79392,-9.35456],[38.79205,-9.3395],[38.81613,-9.31936],[38.85093,-9.24106],[38.80986,-9.22484],[38.77584,-9.18748],[38.7716,-9.1401],[38.80478,-9.12823],[38.8203,-9.04016],[38.82789,-9.03286],[38.83386,-9.0291],[38.84588,-9.01514],[38.85338,-9.00805],[38.85965,-9.00021],[38.86315,-8.99316],[38.97615,-8.99323],[39.01097,-8.99152],[39.11868,-8.99301]]]},"properties":{"region":"Lindi","district":"Kilwa","ward":"Likawage","ward_code":"111"}},{"type":"Feature","geometry":{"type":"Polygon","coordinates":[[[39.18449,-9.32518],[39.24833,-9.42166],[39.20225,-9.43873],[39.20526,-9.47582],[39.22321,-9.50707],[39.22331,-9.52671],[39.22076,-9.54862],[39.23089,-9.55871],[39.23754,-9.55818],[39.24187,-9.56499],[39.23857,-9.56459],[39.23517,-9.56655],[39.2327,-9.56547],[39.22612,-9.57041],[39.22146,-9.57212],[39.21917,-9.5716],[39.21763,-9.57398],[39.21483,-9.57403],[39.21397,-9.57754],[39.21103,-9.5797],[39.21078,-9.581],[39.21217,-9.58299],[39.208,-9.58711],[39.20489,-9.58745],[39.20585,-9.59148],[39.20837,-9.59213],[39.21031,-9.59142],[39.21232,-9.59237],[39.21321,-9.59429],[39.20731,-9.59548],[39.20437,-9.59729],[39.20643,-9.59995],[39.205,-9.60373],[39.21139,-9.60269],[39.2118,-9.60434],[39.21059,-9.60602],[39.21042,-9.60847],[39.20652,-9.60812],[39.20598,-9.60888],[39.20839,-9.61755],[39.2078,-9.62034],[39.21053,-9.62378],[39.20917,-9.62556],[39.21263,-9.62772],[39.20983,-9.63352],[39.21184,-9.64046],[39.2095,-9.64117],[39.20939,-9.64283],[39.20734,-9.64274],[39.20694,-9.64441],[39.20628,-9.64457],[39.20536,-9.64205],[39.2012,-9.64267],[39.19942,-9.64445],[39.19894,-9.65114],[39.19774,-9.65224],[39.19551,-9.65168],[39.19442,-9.65492],[39.19577,-9.6571],[39.19563,-9.65865],[39.18314,-9.66914],[39.18281,-9.67121],[39.18374,-9.67255],[39.18298,-9.67372],[39.17804,-9.67158],[39.17148,-9.67393],[39.16651,-9.67177],[39.16226,-9.67348],[39.1593,-9.67253],[39.15787,-9.67342],[39.15629,-9.67729],[39.15402,-9.67792],[39.15233,-9.68091],[39.15005,-9.68101],[39.1493,-9.68372],[39.14532,-9.68558],[39.14358,-9.69111],[39.14004,-9.69382],[39.13947,-9.69546],[39.14036,-9.69795],[39.13785,-9.70359],[39.13409,-9.70321],[39.1326,-9.70474],[39.12903,-9.70335],[39.12782,-9.70391],[39.12661,-9.70713],[39.12008,-9.70867],[39.11605,-9.7114],[39.11459,-9.70844],[39.11487,-9.70323],[39.11294,-9.70242],[39.10996,-9.70282],[39.10956,-9.69868],[39.10581,-9.69843],[39.10507,-9.70104],[39.10125,-9.70269],[39.09863,-9.70224],[39.09823,-9.70134],[39.09636,-9.70222],[39.09071,-9.69814],[39.08511,-9.69735],[39.07481,-9.70229],[39.07428,-9.70533],[39.07308,-9.70616],[39.07571,-9.7075],[39.07476,-9.71016],[39.06945,-9.71106],[39.06598,-9.70907],[39.05938,-9.71006],[39.05613,-9.71203],[39.04933,-9.71087],[39.04634,-9.71209],[39.04392,-9.71458],[39.04577,-9.718],[39.04445,-9.72038],[39.04474,-9.72242],[39.04112,-9.72357],[39.04108,-9.72574],[39.03948,-9.72674],[39.03634,-9.72697],[39.03117,-9.72498],[39.03037,-9.72642],[39.02384,-9.72841],[39.0203,-9.73348],[39.01721,-9.73337],[39.01672,-9.72709],[39.01773,-9.72407],[39.01494,-9.72299],[39.00946,-9.72362],[39.0098,-9.73276],[39.00426,-9.7392],[38.99521,-9.73818],[38.99211,-9.74094],[38.98544,-9.74256],[38.98309,-9.74233],[38.97775,-9.73757],[38.97539,-9.7371],[38.97377,-9.73797],[38.9717,-9.74209],[38.97338,-9.74515],[38.97111,-9.74793],[38.97224,-9.75365],[38.97076,-9.75523],[38.96781,-9.75477],[38.96654,-9.7557],[38.96531,-9.76027],[38.96777,-9.76182],[38.96732,-9.76276],[38.9627,-9.76296],[38.95871,-9.76583],[38.95468,-9.76393],[38.95113,-9.76577],[38.95224,-9.76863],[38.94778,-9.77122],[38.94722,-9.77609],[38.93995,-9.77427],[38.9333,-9.77464],[38.92423,-9.783],[38.92432,-9.78528],[38.92167,-9.78716],[38.91804,-9.78842],[38.91315,-9.7851],[38.90825,-9.78516],[38.90366,-9.78977],[38.90181,-9.79241],[38.90268,-9.79295],[38.90207,-9.79509],[38.90338,-9.79611],[38.9027,-9.79891],[38.9004,-9.79972],[38.90014,-9.80075],[38.90149,-9.80287],[38.90178,-9.80638],[38.90298,-9.80342],[38.90529,-9.80438],[38.90336,-9.80874],[38.90356,-9.81346],[38.90137,-9.8202],[38.8962,-9.82418],[38.89634,-9.82683],[38.90087,-9.82976],[38.90194,-9.83339],[38.89503,-9.84116],[38.89033,-9.83872],[38.88711,-9.83835],[38.88204,-9.8425],[38.87198,-9.83724],[38.86522,-9.84001],[38.8589,-9.82981],[38.85336,-9.82999],[38.85099,-9.83311],[38.85316,-9.84435],[38.83719,-9.84967],[38.83153,-9.85693],[38.8325,-9.85943],[38.8357,-9.86083],[38.83685,-9.86389],[38.83572,-9.87256],[38.83394,-9.87569],[38.83167,-9.87503],[38.8292,-9.87583],[38.82504,-9.87474],[38.82379,-9.8759],[38.82133,-9.87519],[38.81909,-9.87989],[38.81529,-9.88254],[38.8133,-9.88054],[38.80788,-9.88043],[38.80413,-9.88546],[38.79858,-9.88662],[38.79758,-9.88596],[38.79639,-9.88696],[38.79459,-9.8905],[38.79521,-9.89189],[38.79423,-9.89471],[38.79025,-9.89886],[38.78804,-9.89936],[38.78795,-9.89673],[38.78713,-9.89657],[38.78601,-9.89843],[38.78446,-9.89772],[38.78276,-9.89454],[38.77793,-9.89491],[38.77175,-9.90014],[38.76548,-9.89895],[38.75797,-9.8991],[38.75582,-9.90153],[38.75462,-9.89994],[38.7534,-9.90045],[38.75331,-9.90323],[38.75051,-9.90412],[38.749,-9.90265],[38.74595,-9.90585],[38.74295,-9.90681],[38.74357,-9.90937],[38.74051,-9.91189],[38.74113,-9.92024],[38.73665,-9.9246],[38.72983,-9.92356],[38.72834,-9.92048],[38.72478,-9.9213],[38.72519,-9.92315],[38.72212,-9.92415],[38.72037,-9.92288],[38.71764,-9.92359],[38.7145,-9.92249],[38.71179,-9.91544],[38.7084,-9.91187],[38.70821,-9.9094],[38.70308,-9.89797],[38.7021,-9.89234],[38.6983,-9.88691],[38.69019,-9.85641],[38.6865,-9.85142],[38.6835,-9.83616],[38.66909,-9.80353],[38.59294,-9.70754],[38.49744,-9.32245],[38.5776,-9.3382],[38.65648,-9.3608],[38.71544,-9.36231],[38.76115,-9.35165],[38.79205,-9.3395],[38.79392,-9.35456],[38.79951,-9.35817],[38.81337,-9.35689],[38.83077,-9.3599],[38.85252,-9.36717],[38.88932,-9.37287],[38.92365,-9.37957],[38.98376,-9.37855],[38.99912,-9.37151],[39.02596,-9.36588],[39.06405,-9.35178],[39.07507,-9.3451],[39.09166,-9.33758],[39.0965,-9.33253],[39.11874,-9.32371],[39.14447,-9.32363],[39.16325,-9.31961],[39.18449,-9.32518]]]},"properties":{"region":"Lindi","district":"Kilwa","ward":"Nanjirinji","ward_code":"121"}},{"type":"Feature","geometry":{"type":"Polygon","coordinates":[[[39.05755,-8.49512],[39.06738,-8.50601],[39.0541,-8.50591],[39.05584,-8.51113],[39.05461,-8.52149],[39.05088,-8.52151],[39.05634,-8.52771],[39.0644,-8.53097],[39.06733,-8.53491],[39.06634,-8.5377],[39.06263,-8.53984],[39.06133,-8.5518],[39.06418,-8.55477],[39.06482,-8.5572],[39.06036,-8.56154],[39.06669,-8.56891],[39.07707,-8.57645],[39.07418,-8.60806],[39.08407,-8.63293],[39.08285,-8.63659],[39.08369,-8.64301],[39.08563,-8.64587],[39.08368,-8.65009],[39.07855,-8.65119],[39.06544,-8.64869],[39.04179,-8.65095],[39.02352,-8.65088],[38.99612,-8.65479],[38.99798,-8.64894],[38.99742,-8.64013],[38.98116,-8.5997],[38.96513,-8.58953],[38.96423,-8.52985],[38.97179,-8.51466],[38.9928,-8.51729],[38.99636,-8.51828],[39.0029,-8.52264],[39.00825,-8.51694],[39.00937,-8.50895],[39.0159,-8.49869],[39.01581,-8.49362],[39.01677,-8.4913],[39.02093,-8.48762],[39.02662,-8.46648],[39.03433,-8.45489],[39.04312,-8.44722],[39.067,-8.44176],[39.05216,-8.46356],[39.04948,-8.47924],[39.05755,-8.49512]]]},"properties":{"region":"Lindi","district":"Kilwa","ward":"Chumo","ward_code":"051"}},{"type":"Feature","geometry":{"type":"Polygon","coordinates":[[[38.93274,-8.42329],[38.93576,-8.4252],[38.93615,-8.42215],[38.94278,-8.42078],[38.94487,-8.43696],[38.9475,-8.43871],[38.94481,-8.44851],[38.94312,-8.45079],[38.94714,-8.45677],[38.94955,-8.45875],[38.95422,-8.45802],[38.96004,-8.4603],[38.96641,-8.45787],[38.96876,-8.46048],[38.96795,-8.46324],[38.96916,-8.46822],[38.97598,-8.47246],[38.97664,-8.47522],[38.97684,-8.4771],[38.9727,-8.47827],[38.97232,-8.47542],[38.97046,-8.47476],[38.97119,-8.47663],[38.96922,-8.47773],[38.97375,-8.48069],[38.97194,-8.48057],[38.97179,-8.48263],[38.96911,-8.48425],[38.96782,-8.48332],[38.96407,-8.48562],[38.96296,-8.48368],[38.95868,-8.4844],[38.95802,-8.48205],[38.95549,-8.48275],[38.95429,-8.4847],[38.95303,-8.48451],[38.95339,-8.48931],[38.95248,-8.49023],[38.95476,-8.49157],[38.95297,-8.49448],[38.95359,-8.49603],[38.95239,-8.50179],[38.95399,-8.50558],[38.97179,-8.51466],[38.96423,-8.52985],[38.96513,-8.58953],[38.98116,-8.5997],[38.99742,-8.64013],[38.99798,-8.64894],[38.99612,-8.65479],[38.98305,-8.66194],[38.9839,-8.6648],[38.98481,-8.68735],[38.98297,-8.69941],[38.97608,-8.71896],[38.97627,-8.72091],[38.8986,-8.70808],[38.88737,-8.70942],[38.88335,-8.67885],[38.88432,-8.6702],[38.8815,-8.66007],[38.88275,-8.64593],[38.87954,-8.61804],[38.87647,-8.60843],[38.87611,-8.60062],[38.85322,-8.59725],[38.85131,-8.52545],[38.80487,-8.49289],[38.79193,-8.46352],[38.79226,-8.44086],[38.80487,-8.42888],[38.80072,-8.41641],[38.80939,-8.40099],[38.84699,-8.39617],[38.90202,-8.3822],[38.92215,-8.38135],[38.93257,-8.37921],[38.93566,-8.39297],[38.93078,-8.39424],[38.92442,-8.39756],[38.92476,-8.40283],[38.92099,-8.41049],[38.92263,-8.41249],[38.92246,-8.41495],[38.92857,-8.41801],[38.93274,-8.42329]]]},"properties":{"region":"Lindi","district":"Kilwa","ward":"Kipatimu","ward_code":"061"}},{"type":"Feature","geometry":{"type":"Polygon","coordinates":[[[38.80939,-8.40099],[38.80072,-8.41641],[38.80487,-8.42888],[38.79226,-8.44086],[38.79193,-8.46352],[38.80487,-8.49289],[38.85131,-8.52545],[38.85322,-8.59725],[38.87611,-8.60062],[38.87647,-8.60843],[38.87954,-8.61804],[38.88275,-8.64593],[38.8815,-8.66007],[38.88432,-8.6702],[38.88335,-8.67885],[38.88737,-8.70942],[38.88918,-8.73216],[38.87153,-8.74473],[38.8521,-8.75483],[38.81109,-8.79149],[38.78497,-8.79323],[38.74958,-8.80698],[38.69939,-8.79493],[38.60452,-8.73317],[38.6041,-8.73371],[38.61174,-8.72275],[38.61585,-8.68471],[38.57715,-8.58591],[38.57341,-8.51647],[38.55059,-8.48487],[38.61562,-8.466],[38.637,-8.45346],[38.63529,-8.4156],[38.63866,-8.41568],[38.63888,-8.41225],[38.63986,-8.4115],[38.64213,-8.4119],[38.64824,-8.40909],[38.64944,-8.4099],[38.64918,-8.41162],[38.64776,-8.41125],[38.64753,-8.41238],[38.64925,-8.41327],[38.65318,-8.40763],[38.65748,-8.40724],[38.65879,-8.40557],[38.66817,-8.40744],[38.6689,-8.41128],[38.67401,-8.41334],[38.67515,-8.41371],[38.67473,-8.41178],[38.677,-8.4118],[38.67712,-8.4157],[38.68044,-8.41216],[38.68454,-8.41357],[38.68611,-8.41354],[38.68601,-8.41095],[38.69303,-8.4121],[38.69412,-8.41067],[38.69312,-8.41014],[38.69438,-8.40778],[38.69645,-8.4066],[38.6961,-8.40878],[38.69902,-8.40782],[38.6989,-8.40503],[38.70128,-8.40595],[38.7052,-8.40276],[38.7065,-8.40397],[38.70725,-8.40286],[38.71365,-8.40349],[38.71612,-8.40928],[38.72053,-8.4094],[38.72673,-8.40783],[38.73637,-8.41214],[38.78221,-8.40796],[38.80939,-8.40099]]]},"properties":{"region":"Lindi","district":"Kilwa","ward":"Kandawale","ward_code":"071"}},{"type":"Feature","geometry":{"type":"Polygon","coordinates":[[[39.02578,-8.33824],[39.03245,-8.34487],[39.03338,-8.34477],[39.03534,-8.34869],[39.04121,-8.35374],[39.04223,-8.35646],[39.03971,-8.3636],[39.0445,-8.37658],[39.04476,-8.39103],[39.04057,-8.40257],[39.03785,-8.40318],[39.03303,-8.40162],[39.02727,-8.40351],[39.02609,-8.40676],[39.02752,-8.40887],[39.02791,-8.41509],[39.02959,-8.41843],[39.03913,-8.41969],[39.05266,-8.43067],[39.05859,-8.43787],[39.067,-8.44176],[39.04312,-8.44722],[39.03433,-8.45489],[39.02662,-8.46648],[39.02093,-8.48762],[39.01677,-8.4913],[39.01581,-8.49362],[39.0159,-8.49869],[39.00937,-8.50895],[39.00825,-8.51694],[39.0029,-8.52264],[38.99636,-8.51828],[38.9928,-8.51729],[38.9713,-8.5146],[38.95399,-8.50558],[38.95239,-8.50179],[38.95359,-8.49603],[38.95297,-8.49448],[38.95476,-8.49157],[38.95248,-8.49023],[38.95339,-8.48931],[38.95303,-8.48451],[38.95429,-8.4847],[38.95549,-8.48275],[38.95802,-8.48205],[38.95868,-8.4844],[38.96296,-8.48368],[38.96407,-8.48562],[38.96782,-8.48332],[38.96911,-8.48425],[38.97179,-8.48263],[38.97194,-8.48057],[38.97375,-8.48069],[38.96922,-8.47773],[38.97119,-8.47663],[38.97046,-8.47476],[38.97232,-8.47542],[38.9727,-8.47827],[38.97633,-8.47747],[38.97598,-8.47246],[38.96916,-8.46822],[38.96795,-8.46324],[38.96876,-8.46048],[38.96641,-8.45787],[38.96004,-8.4603],[38.95422,-8.45802],[38.94955,-8.45875],[38.94714,-8.45677],[38.94312,-8.45079],[38.94481,-8.44851],[38.9475,-8.43871],[38.94487,-8.43696],[38.94278,-8.42078],[38.93615,-8.42215],[38.93576,-8.4252],[38.93274,-8.42329],[38.92857,-8.41801],[38.92246,-8.41495],[38.92263,-8.41249],[38.92099,-8.41049],[38.92476,-8.40283],[38.92442,-8.39756],[38.93078,-8.39424],[38.93566,-8.39297],[38.93257,-8.37921],[38.95192,-8.37524],[38.9828,-8.36046],[38.98926,-8.34773],[39.00205,-8.34392],[39.013,-8.34451],[39.02117,-8.33741],[39.02578,-8.33824]]]},"properties":{"region":"Lindi","district":"Kilwa","ward":"Kibata","ward_code":"211"}},{"type":"Feature","geometry":{"type":"Polygon","coordinates":[[[39.10776,-8.50092],[39.10801,-8.51652],[39.10895,-8.52082],[39.10829,-8.52249],[39.11001,-8.52301],[39.11224,-8.52084],[39.13149,-8.52817],[39.13568,-8.5339],[39.13577,-8.5376],[39.13465,-8.53805],[39.13449,-8.5403],[39.13232,-8.54125],[39.13225,-8.54297],[39.12938,-8.54554],[39.13014,-8.55213],[39.12367,-8.55451],[39.12518,-8.56135],[39.11878,-8.56733],[39.11842,-8.5715],[39.11993,-8.5755],[39.11422,-8.57972],[39.11159,-8.58383],[39.11127,-8.58773],[39.11347,-8.58994],[39.11351,-8.59456],[39.11589,-8.60281],[39.11846,-8.60618],[39.11684,-8.64901],[39.10804,-8.67184],[39.08962,-8.67324],[39.07284,-8.66223],[39.06544,-8.64869],[39.07855,-8.65119],[39.08368,-8.65009],[39.08563,-8.64587],[39.08369,-8.64301],[39.08285,-8.63659],[39.08407,-8.63293],[39.07418,-8.60806],[39.07707,-8.57645],[39.06669,-8.56891],[39.06036,-8.56154],[39.06482,-8.5572],[39.06418,-8.55477],[39.06133,-8.5518],[39.06263,-8.53984],[39.06634,-8.5377],[39.06733,-8.53491],[39.0644,-8.53097],[39.05634,-8.52771],[39.05088,-8.52151],[39.05461,-8.52149],[39.05584,-8.51113],[39.0541,-8.50591],[39.06738,-8.50601],[39.05755,-8.49512],[39.04948,-8.47924],[39.05216,-8.46356],[39.067,-8.44176],[39.0734,-8.46091],[39.07295,-8.46722],[39.07906,-8.47022],[39.07657,-8.47462],[39.07269,-8.49653],[39.10776,-8.50092]]]},"properties":{"region":"Lindi","district":"Kilwa","ward":"Namayuni","ward_code":"231"}},{"type":"Feature","geometry":{"type":"Polygon","coordinates":[[[39.2715,-8.44887],[39.2789,-8.45112],[39.29144,-8.45064],[39.29057,-8.45746],[39.2928,-8.45881],[39.29329,-8.46249],[39.29557,-8.46552],[39.29557,-8.46911],[39.29404,-8.47036],[39.29716,-8.47367],[39.29606,-8.48181],[39.2998,-8.48882],[39.29946,-8.4945],[39.29601,-8.50028],[39.29564,-8.50704],[39.29372,-8.50968],[39.29551,-8.51106],[39.29542,-8.51391],[39.30494,-8.51534],[39.30605,-8.51769],[39.30797,-8.51827],[39.30681,-8.52131],[39.30798,-8.52293],[39.30941,-8.52303],[39.31003,-8.52502],[39.31133,-8.52373],[39.31231,-8.52458],[39.30849,-8.53018],[39.30949,-8.53138],[39.30964,-8.53893],[39.3053,-8.5466],[39.29557,-8.54942],[39.29357,-8.55139],[39.29471,-8.55379],[39.29785,-8.55675],[39.29386,-8.55858],[39.29101,-8.56338],[39.28972,-8.56394],[39.28459,-8.56197],[39.27976,-8.56388],[39.27598,-8.56417],[39.27553,-8.56799],[39.2683,-8.57154],[39.26444,-8.57195],[39.25982,-8.56975],[39.25246,-8.56908],[39.23884,-8.56098],[39.214,-8.5586],[39.21814,-8.54726],[39.22606,-8.53978],[39.22903,-8.52661],[39.22906,-8.52218],[39.23176,-8.51887],[39.22983,-8.51688],[39.22428,-8.51622],[39.2227,-8.51434],[39.22257,-8.51054],[39.22132,-8.50781],[39.21766,-8.50448],[39.21721,-8.50099],[39.21816,-8.49474],[39.20792,-8.48957],[39.20748,-8.48484],[39.20948,-8.47253],[39.20349,-8.47091],[39.20629,-8.46196],[39.2121,-8.45526],[39.21768,-8.45576],[39.2244,-8.44947],[39.23664,-8.44712],[39.24191,-8.44219],[39.2479,-8.43989],[39.25164,-8.4447],[39.26719,-8.4464],[39.2715,-8.44887]]]},"properties":{"region":"Lindi","district":"Kilwa","ward":"Tingi","ward_code":"013"}},{"type":"Feature","geometry":{"type":"Polygon","coordinates":[[[39.31837,-8.54263],[39.31869,-8.54636],[39.31998,-8.54233],[39.32287,-8.54068],[39.32692,-8.54478],[39.33172,-8.54364],[39.3344,-8.54537],[39.34123,-8.54561],[39.34251,-8.54669],[39.34135,-8.55063],[39.3391,-8.55259],[39.33781,-8.55575],[39.33853,-8.55679],[39.33798,-8.56102],[39.34273,-8.56316],[39.34385,-8.56592],[39.34181,-8.56815],[39.33749,-8.56873],[39.34097,-8.56917],[39.34632,-8.56735],[39.35028,-8.56878],[39.35092,-8.57607],[39.34177,-8.578],[39.33952,-8.5804],[39.34241,-8.58245],[39.34608,-8.58196],[39.35209,-8.58777],[39.35466,-8.60167],[39.3612,-8.61317],[39.36411,-8.62034],[39.36498,-8.62994],[39.36275,-8.63534],[39.36211,-8.6426],[39.363,-8.64443],[39.35794,-8.66065],[39.35681,-8.67441],[39.35828,-8.68407],[39.3628,-8.69688],[39.37003,-8.70628],[39.36161,-8.71287],[39.3624,-8.71007],[39.36081,-8.70855],[39.3566,-8.70816],[39.35063,-8.7103],[39.34887,-8.70963],[39.34996,-8.7007],[39.34281,-8.70267],[39.33732,-8.70858],[39.33232,-8.70706],[39.33101,-8.71135],[39.32852,-8.71008],[39.32904,-8.70695],[39.32131,-8.70405],[39.29692,-8.68513],[39.29133,-8.68946],[39.28149,-8.69122],[39.28032,-8.68605],[39.25179,-8.68536],[39.23909,-8.67924],[39.23918,-8.66634],[39.23708,-8.66192],[39.21969,-8.65926],[39.21699,-8.65738],[39.21409,-8.65729],[39.2083,-8.66019],[39.19544,-8.66193],[39.1898,-8.65808],[39.1902,-8.65188],[39.18795,-8.64439],[39.18935,-8.64271],[39.18918,-8.63917],[39.18096,-8.63312],[39.17618,-8.61881],[39.16027,-8.60288],[39.15182,-8.58928],[39.1626,-8.58884],[39.18097,-8.59152],[39.18749,-8.57753],[39.18662,-8.54521],[39.19524,-8.55033],[39.214,-8.5586],[39.23884,-8.56098],[39.25246,-8.56908],[39.25982,-8.56975],[39.26444,-8.57195],[39.2683,-8.57154],[39.27553,-8.56799],[39.27598,-8.56417],[39.27976,-8.56388],[39.28459,-8.56197],[39.28972,-8.56394],[39.29101,-8.56338],[39.29386,-8.55858],[39.29785,-8.55675],[39.29471,-8.55379],[39.29357,-8.55139],[39.29557,-8.54942],[39.2984,-8.54869],[39.30001,-8.55105],[39.30324,-8.55095],[39.31115,-8.54397],[39.31381,-8.53012],[39.31569,-8.52765],[39.31858,-8.52923],[39.31935,-8.53124],[39.31801,-8.53386],[39.31952,-8.53506],[39.31961,-8.53904],[39.3181,-8.54057],[39.31595,-8.54062],[39.31837,-8.54263]]]},"properties":{"region":"Lindi","district":"Kilwa","ward":"Miteja","ward_code":"021"}},{"type":"Feature","geometry":{"type":"Polygon","coordinates":[[[39.13227,-8.46161],[39.14342,-8.46639],[39.15096,-8.46012],[39.16848,-8.46335],[39.18127,-8.46113],[39.19076,-8.47446],[39.19826,-8.47367],[39.20349,-8.47091],[39.20948,-8.47253],[39.20748,-8.48484],[39.20792,-8.48957],[39.21816,-8.49474],[39.21721,-8.50099],[39.21766,-8.50448],[39.22132,-8.50781],[39.22257,-8.51054],[39.2227,-8.51434],[39.22428,-8.51622],[39.22983,-8.51688],[39.23176,-8.51887],[39.22906,-8.52218],[39.22903,-8.52661],[39.22606,-8.53978],[39.21814,-8.54726],[39.214,-8.5586],[39.19524,-8.55033],[39.18662,-8.54521],[39.18749,-8.57753],[39.18097,-8.59152],[39.1626,-8.58884],[39.15182,-8.58928],[39.16027,-8.60288],[39.17618,-8.61881],[39.18096,-8.63312],[39.18918,-8.63917],[39.18841,-8.64065],[39.1746,-8.64429],[39.16799,-8.64354],[39.1597,-8.64095],[39.15543,-8.64108],[39.1407,-8.64466],[39.12995,-8.64994],[39.11684,-8.64901],[39.11846,-8.60618],[39.11589,-8.60281],[39.11351,-8.59456],[39.11347,-8.58994],[39.11128,-8.5868],[39.11159,-8.58383],[39.11422,-8.57972],[39.11993,-8.5755],[39.11842,-8.5715],[39.11878,-8.56733],[39.12518,-8.56135],[39.12367,-8.55451],[39.13014,-8.55213],[39.12938,-8.54554],[39.13225,-8.54297],[39.13232,-8.54125],[39.13449,-8.5403],[39.13465,-8.53805],[39.13577,-8.5376],[39.13568,-8.5339],[39.13149,-8.52817],[39.11224,-8.52084],[39.11001,-8.52301],[39.10829,-8.52249],[39.10895,-8.52082],[39.10801,-8.51652],[39.10776,-8.50092],[39.07269,-8.49653],[39.07657,-8.47462],[39.07906,-8.47022],[39.07295,-8.46722],[39.0734,-8.46091],[39.11337,-8.44577],[39.13227,-8.46161]]]},"properties":{"region":"Lindi","district":"Kilwa","ward":"Mingumbi","ward_code":"031"}},{"type":"Feature","geometry":{"type":"Polygon","coordinates":[[[39.19657,-8.33462],[39.20915,-8.36113],[39.22712,-8.38141],[39.22791,-8.38519],[39.22402,-8.39763],[39.22591,-8.4238],[39.22793,-8.43161],[39.22699,-8.43582],[39.22745,-8.44004],[39.23664,-8.44712],[39.2244,-8.44947],[39.21768,-8.45576],[39.2121,-8.45526],[39.20629,-8.46196],[39.20349,-8.47091],[39.19826,-8.47367],[39.19076,-8.47446],[39.18127,-8.46113],[39.16848,-8.46335],[39.15096,-8.46012],[39.14342,-8.46639],[39.13141,-8.46125],[39.11337,-8.44577],[39.0734,-8.46091],[39.067,-8.44176],[39.05859,-8.43787],[39.05266,-8.43067],[39.03913,-8.41969],[39.02959,-8.41843],[39.02791,-8.41509],[39.02752,-8.40887],[39.02609,-8.40676],[39.02727,-8.40351],[39.03303,-8.40162],[39.03785,-8.40318],[39.04057,-8.40257],[39.04476,-8.39103],[39.0445,-8.37658],[39.03971,-8.3636],[39.04223,-8.35646],[39.04121,-8.35374],[39.03534,-8.34869],[39.03338,-8.34477],[39.05119,-8.33944],[39.05645,-8.33937],[39.07626,-8.34466],[39.0974,-8.34418],[39.10838,-8.33692],[39.11644,-8.33553],[39.12181,-8.33297],[39.15599,-8.30815],[39.16581,-8.30751],[39.18057,-8.28565],[39.1853,-8.29107],[39.1968,-8.31583],[39.19657,-8.33462]]]},"properties":{"region":"Lindi","district":"Kilwa","ward":"Kinjumbi","ward_code":"041"}},{"type":"Feature","geometry":{"type":"Polygon","coordinates":[[[39.29267,-8.36933],[39.30801,-8.37016],[39.31514,-8.3678],[39.31443,-8.37274],[39.30659,-8.38003],[39.30311,-8.39033],[39.30867,-8.42473],[39.29657,-8.43636],[39.2933,-8.4435],[39.29144,-8.45064],[39.2789,-8.45112],[39.2715,-8.44887],[39.26719,-8.4464],[39.25164,-8.4447],[39.2479,-8.43989],[39.24191,-8.44219],[39.23664,-8.44712],[39.22745,-8.44004],[39.22699,-8.43582],[39.22793,-8.43161],[39.22591,-8.4238],[39.22402,-8.39763],[39.22791,-8.38519],[39.22712,-8.38141],[39.20915,-8.36113],[39.19657,-8.33462],[39.1968,-8.31583],[39.1853,-8.29107],[39.18057,-8.28565],[39.18511,-8.27894],[39.20573,-8.2689],[39.21892,-8.26579],[39.22812,-8.27499],[39.24126,-8.27649],[39.24418,-8.2892],[39.26259,-8.31599],[39.27337,-8.33688],[39.29267,-8.36933]]]},"properties":{"region":"Lindi","district":"Kilwa","ward":"Somanga","ward_code":"223"}},{"type":"Feature","geometry":{"type":"Polygon","coordinates":[[[38.9747,-8.97211],[38.97643,-8.99322],[38.86315,-8.99316],[38.87925,-8.94552],[38.86074,-8.90328],[38.86069,-8.86195],[38.86523,-8.83529],[38.86279,-8.82148],[38.8382,-8.76804],[38.8521,-8.75483],[38.87153,-8.74473],[38.88918,-8.73216],[38.88737,-8.70942],[38.8986,-8.70808],[38.97627,-8.72091],[38.97766,-8.73496],[38.97394,-8.75599],[38.97861,-8.79221],[38.97976,-8.82364],[38.96934,-8.85394],[38.97168,-8.86887],[38.97765,-8.87587],[38.97866,-8.88497],[38.9747,-8.97211]]]},"properties":{"region":"Lindi","district":"Kilwa","ward":"Njinjo","ward_code":"081"}},{"type":"Feature","geometry":{"type":"Polygon","coordinates":[[[39.06544,-8.64869],[39.06294,-8.65313],[39.06453,-8.66709],[39.06278,-8.67368],[39.06696,-8.68124],[39.06487,-8.69166],[39.06548,-8.70791],[39.06208,-8.71378],[39.06216,-8.7205],[39.059,-8.73514],[39.06269,-8.74279],[39.06254,-8.7552],[39.05704,-8.7641],[39.05577,-8.79177],[39.05093,-8.80182],[39.05046,-8.81382],[39.10202,-8.89173],[39.1183,-8.91975],[39.13081,-8.94669],[39.13802,-8.992],[39.12623,-8.99311],[39.01097,-8.99152],[38.97643,-8.99322],[38.9747,-8.97211],[38.97866,-8.88497],[38.97765,-8.87587],[38.97168,-8.86887],[38.96934,-8.85394],[38.97976,-8.82364],[38.97861,-8.79221],[38.97394,-8.75599],[38.97766,-8.73496],[38.97608,-8.71896],[38.98297,-8.69941],[38.98481,-8.68735],[38.9839,-8.6648],[38.98305,-8.66194],[38.99522,-8.65489],[39.02352,-8.65088],[39.04179,-8.65095],[39.06544,-8.64869]]]},"properties":{"region":"Lindi","district":"Kilwa","ward":"Mitole","ward_code":"091"}},{"type":"Feature","geometry":{"type":"Polygon","coordinates":[[[38.60452,-8.73317],[38.69939,-8.79493],[38.74958,-8.80698],[38.78497,-8.79323],[38.81109,-8.79149],[38.8382,-8.76804],[38.86279,-8.82148],[38.86523,-8.83529],[38.86069,-8.86195],[38.86074,-8.90328],[38.87925,-8.94552],[38.86315,-8.99316],[38.85965,-9.00021],[38.83386,-9.0291],[38.82789,-9.03286],[38.8203,-9.04016],[38.80478,-9.12823],[38.7716,-9.1401],[38.77584,-9.18748],[38.80986,-9.22484],[38.85093,-9.24106],[38.81613,-9.31936],[38.79205,-9.3395],[38.76115,-9.35165],[38.71544,-9.36231],[38.65648,-9.3608],[38.5776,-9.3382],[38.49744,-9.32245],[38.52086,-8.99466],[38.57048,-8.94147],[38.56247,-8.89137],[38.54636,-8.8447],[38.55775,-8.80022],[38.60452,-8.73317]]]},"properties":{"region":"Lindi","district":"Kilwa","ward":"Miguruwe","ward_code":"101"}},{"type":"Feature","geometry":{"type":"Polygon","coordinates":[[[39.78354,-10.16628],[39.78813,-10.16673],[39.79502,-10.16492],[39.7974,-10.16599],[39.80146,-10.16614],[39.80514,-10.16511],[39.80974,-10.16638],[39.81985,-10.16683],[39.83952,-10.17094],[39.85109,-10.17531],[39.86505,-10.17787],[39.86652,-10.19145],[39.86475,-10.20324],[39.86599,-10.20785],[39.86138,-10.21858],[39.85895,-10.21957],[39.85737,-10.22192],[39.85847,-10.22602],[39.85082,-10.23929],[39.8513,-10.25243],[39.8446,-10.2516],[39.83352,-10.2592],[39.82459,-10.26381],[39.81137,-10.26723],[39.80486,-10.2659],[39.7909,-10.26589],[39.78883,-10.23862],[39.78518,-10.23464],[39.7766,-10.23251],[39.77025,-10.22771],[39.76973,-10.21495],[39.76653,-10.20212],[39.76482,-10.18846],[39.76694,-10.17193],[39.76573,-10.16844],[39.76587,-10.1601],[39.78354,-10.16628]]]},"properties":{"region":"Lindi","district":"Lindi","ward":"Pangatena","ward_code":"011"}},{"type":"Feature","geometry":{"type":"Polygon","coordinates":[[[39.81413,-9.9815],[39.81927,-9.98316],[39.82144,-9.98581],[39.82359,-9.99591],[39.82646,-10.0018],[39.83005,-10.00409],[39.83097,-10.00605],[39.83003,-10.00629],[39.83523,-10.00825],[39.83861,-10.0109],[39.84495,-10.01326],[39.84725,-10.01304],[39.84944,-10.01106],[39.86798,-10.01183],[39.8776,-10.0173],[39.88282,-10.01185],[39.89481,-10.01939],[39.90637,-10.02955],[39.90676,-10.03638],[39.90945,-10.03969],[39.91515,-10.04398],[39.9253,-10.05454],[39.9247,-10.06016],[39.92712,-10.06517],[39.90225,-10.07162],[39.89621,-10.08747],[39.88696,-10.09393],[39.88077,-10.09203],[39.85738,-10.0946],[39.85171,-10.09771],[39.84619,-10.09898],[39.84369,-10.09793],[39.84299,-10.0963],[39.83811,-10.10569],[39.83457,-10.12401],[39.82637,-10.13315],[39.81916,-10.13696],[39.8163,-10.15159],[39.81684,-10.15854],[39.81985,-10.16683],[39.80974,-10.16638],[39.80514,-10.16511],[39.80146,-10.16614],[39.7974,-10.16599],[39.79502,-10.16492],[39.78813,-10.16673],[39.78354,-10.16628],[39.76587,-10.1601],[39.76566,-10.1552],[39.76225,-10.13858],[39.75248,-10.13695],[39.74972,-10.12996],[39.73953,-10.11687],[39.72846,-10.09796],[39.72557,-10.0896],[39.73257,-10.09032],[39.7412,-10.08947],[39.76208,-10.09259],[39.783,-10.11471],[39.78836,-10.10506],[39.79864,-10.06921],[39.80224,-10.04501],[39.80685,-9.99818],[39.80757,-9.98272],[39.81413,-9.9815]]]},"properties":{"region":"Lindi","district":"Lindi","ward":"Navanga","ward_code":"071"}},{"type":"Feature","geometry":{"type":"Polygon","coordinates":[[[39.96918,-10.1404],[39.96536,-10.1422],[39.96329,-10.14649],[39.9617,-10.14657],[39.96057,-10.1491],[39.96237,-10.15425],[39.96389,-10.15586],[39.96363,-10.15869],[39.96681,-10.16024],[39.97064,-10.15887],[39.97217,-10.16062],[39.97482,-10.16158],[39.97747,-10.16486],[39.97965,-10.16421],[39.98036,-10.16546],[39.97967,-10.16966],[39.98183,-10.17591],[39.97933,-10.18364],[39.97684,-10.18618],[39.97583,-10.19039],[39.97366,-10.19417],[39.97179,-10.20255],[39.96308,-10.20162],[39.95582,-10.20218],[39.95086,-10.19896],[39.9447,-10.19697],[39.92554,-10.20005],[39.91052,-10.20363],[39.91701,-10.22292],[39.90562,-10.22537],[39.89996,-10.23066],[39.89461,-10.24023],[39.89393,-10.24306],[39.88728,-10.25214],[39.87858,-10.25032],[39.8513,-10.25243],[39.85082,-10.23929],[39.85847,-10.22602],[39.85737,-10.22192],[39.85895,-10.21957],[39.86138,-10.21858],[39.86599,-10.20785],[39.86475,-10.20324],[39.86652,-10.19145],[39.86505,-10.17787],[39.88653,-10.17629],[39.89376,-10.17175],[39.89611,-10.16559],[39.9078,-10.16147],[39.9111,-10.15932],[39.91557,-10.15872],[39.91695,-10.15615],[39.91728,-10.15041],[39.91598,-10.1389],[39.91868,-10.13157],[39.91767,-10.12943],[39.91916,-10.12533],[39.92727,-10.11471],[39.93977,-10.10496],[39.94032,-10.10195],[39.94715,-10.09662],[39.9482,-10.09077],[39.95627,-10.09599],[39.95615,-10.10031],[39.95849,-10.10394],[39.96244,-10.1067],[39.97052,-10.11494],[39.97262,-10.12515],[39.97573,-10.12746],[39.97366,-10.13339],[39.96918,-10.1404]]]},"properties":{"region":"Lindi","district":"Lindi","ward":"Sudi","ward_code":"091"}},{"type":"Feature","geometry":{"type":"Polygon","coordinates":[[[39.92712,-10.06517],[39.93036,-10.07388],[39.93508,-10.0737],[39.93548,-10.07623],[39.93739,-10.07828],[39.93698,-10.07925],[39.9397,-10.08051],[39.94217,-10.08018],[39.9482,-10.09077],[39.94715,-10.09662],[39.94032,-10.10195],[39.93977,-10.10496],[39.92727,-10.11471],[39.91916,-10.12533],[39.91767,-10.12943],[39.91868,-10.13157],[39.91598,-10.1389],[39.91728,-10.15041],[39.91695,-10.15615],[39.91557,-10.15872],[39.9111,-10.15932],[39.9078,-10.16147],[39.89611,-10.16559],[39.89376,-10.17175],[39.88653,-10.17629],[39.86505,-10.17787],[39.85109,-10.17531],[39.83952,-10.17094],[39.81985,-10.16683],[39.81684,-10.15854],[39.8163,-10.15159],[39.81916,-10.13696],[39.82637,-10.13315],[39.83457,-10.12401],[39.83811,-10.10569],[39.84299,-10.0963],[39.84369,-10.09793],[39.84619,-10.09898],[39.85171,-10.09771],[39.85738,-10.0946],[39.88077,-10.09203],[39.88696,-10.09393],[39.89621,-10.08747],[39.90225,-10.07162],[39.92712,-10.06517]]]},"properties":{"region":"Lindi","district":"Lindi","ward":"Nachunyu","ward_code":"101"}},{"type":"Feature","geometry":{"type":"Polygon","coordinates":[[[39.49189,-10.07787],[39.50858,-10.07992],[39.5213,-10.08349],[39.52469,-10.08321],[39.54067,-10.13141],[39.56361,-10.12298],[39.57184,-10.11531],[39.58378,-10.11933],[39.59549,-10.12704],[39.59678,-10.12695],[39.61383,-10.1388],[39.61826,-10.13998],[39.63681,-10.14836],[39.6381,-10.14969],[39.63681,-10.15271],[39.63568,-10.15274],[39.63564,-10.15411],[39.63411,-10.1538],[39.63301,-10.1547],[39.63213,-10.15415],[39.63268,-10.1526],[39.63187,-10.15332],[39.63125,-10.15244],[39.62975,-10.15488],[39.62911,-10.15423],[39.627,-10.15509],[39.62876,-10.15665],[39.62579,-10.15665],[39.62563,-10.15765],[39.62162,-10.16067],[39.6216,-10.16459],[39.62304,-10.16646],[39.62257,-10.16879],[39.62452,-10.17086],[39.62262,-10.17287],[39.62261,-10.17569],[39.62157,-10.17635],[39.62268,-10.17697],[39.62291,-10.17811],[39.62188,-10.17852],[39.6226,-10.17982],[39.61988,-10.18248],[39.6201,-10.18336],[39.61614,-10.18639],[39.61542,-10.18812],[39.61393,-10.18802],[39.61247,-10.18963],[39.60905,-10.18953],[39.60842,-10.19039],[39.60585,-10.18976],[39.61519,-10.19943],[39.62651,-10.20229],[39.63606,-10.20895],[39.62738,-10.23863],[39.62117,-10.24927],[39.62044,-10.26121],[39.62588,-10.27862],[39.62041,-10.30113],[39.60939,-10.33763],[39.60559,-10.34397],[39.59933,-10.34491],[39.59849,-10.34412],[39.59376,-10.34855],[39.58989,-10.34807],[39.58837,-10.34908],[39.58382,-10.34925],[39.58129,-10.34821],[39.57867,-10.34846],[39.57256,-10.34574],[39.56207,-10.33906],[39.55071,-10.32667],[39.53493,-10.29956],[39.52685,-10.29046],[39.54385,-10.27962],[39.53461,-10.25833],[39.53092,-10.24002],[39.52683,-10.24035],[39.52595,-10.2354],[39.52299,-10.23171],[39.52153,-10.22803],[39.51402,-10.22066],[39.50923,-10.2099],[39.50462,-10.17807],[39.50546,-10.17298],[39.50395,-10.15375],[39.49803,-10.14656],[39.48276,-10.09773],[39.48,-10.07848],[39.49189,-10.07787]]]},"properties":{"region":"Lindi","district":"Lindi","ward":"Kiwalala","ward_code":"063"}},{"type":"Feature","geometry":{"type":"Polygon","coordinates":[[[39.72935,-10.09948],[39.73953,-10.11687],[39.74972,-10.12996],[39.75248,-10.13695],[39.76225,-10.13858],[39.76566,-10.1552],[39.76633,-10.16376],[39.76573,-10.16844],[39.76694,-10.17193],[39.76482,-10.18846],[39.76653,-10.20212],[39.76973,-10.21495],[39.77025,-10.22771],[39.7766,-10.23251],[39.78518,-10.23464],[39.78883,-10.23862],[39.7911,-10.28071],[39.77864,-10.30141],[39.76516,-10.30558],[39.7473,-10.29463],[39.70516,-10.32008],[39.70317,-10.32445],[39.69332,-10.33013],[39.68681,-10.33202],[39.67572,-10.33966],[39.66788,-10.31569],[39.66437,-10.30978],[39.65807,-10.28835],[39.62588,-10.27862],[39.62044,-10.26121],[39.62117,-10.24927],[39.62738,-10.23863],[39.63606,-10.20895],[39.62651,-10.20229],[39.61519,-10.19943],[39.60585,-10.18976],[39.60842,-10.19039],[39.60905,-10.18953],[39.61247,-10.18963],[39.61393,-10.18802],[39.61542,-10.18812],[39.61614,-10.18639],[39.6201,-10.18336],[39.61988,-10.18248],[39.6226,-10.17982],[39.62188,-10.17852],[39.62291,-10.17811],[39.62268,-10.17697],[39.62157,-10.17635],[39.62261,-10.17569],[39.62262,-10.17287],[39.62452,-10.17086],[39.62257,-10.16879],[39.62304,-10.16646],[39.6216,-10.16459],[39.62162,-10.16067],[39.62563,-10.15765],[39.62579,-10.15665],[39.62876,-10.15665],[39.627,-10.15509],[39.62911,-10.15423],[39.62975,-10.15488],[39.63125,-10.15244],[39.63187,-10.15332],[39.63268,-10.1526],[39.63213,-10.15415],[39.63301,-10.1547],[39.63411,-10.1538],[39.63564,-10.15411],[39.63568,-10.15274],[39.63681,-10.15271],[39.63744,-10.1502],[39.63955,-10.14813],[39.64004,-10.14547],[39.64092,-10.14666],[39.64202,-10.14633],[39.6414,-10.14547],[39.64206,-10.14528],[39.64358,-10.14652],[39.64389,-10.14438],[39.64201,-10.14279],[39.6439,-10.14059],[39.64406,-10.13875],[39.64678,-10.14036],[39.64821,-10.13952],[39.64921,-10.13509],[39.65333,-10.13728],[39.65372,-10.13596],[39.65668,-10.13421],[39.65808,-10.13245],[39.65691,-10.13197],[39.65739,-10.1302],[39.65643,-10.12964],[39.65733,-10.12862],[39.65652,-10.12839],[39.6583,-10.12756],[39.65717,-10.12731],[39.65649,-10.12559],[39.65769,-10.12487],[39.65759,-10.12392],[39.65926,-10.12444],[39.65975,-10.12187],[39.66107,-10.12398],[39.6614,-10.12288],[39.66453,-10.12175],[39.66419,-10.12095],[39.66729,-10.12103],[39.66665,-10.1196],[39.66826,-10.12048],[39.66773,-10.11882],[39.66906,-10.11883],[39.66671,-10.11676],[39.66751,-10.11572],[39.669,-10.11652],[39.66832,-10.11472],[39.66981,-10.11452],[39.66853,-10.1122],[39.67517,-10.1108],[39.678,-10.10856],[39.68264,-10.10837],[39.6891,-10.10486],[39.68992,-10.10185],[39.71697,-10.09609],[39.72557,-10.0896],[39.72935,-10.09948]]]},"properties":{"region":"Lindi","district":"Lindi","ward":"Mnolela","ward_code":"081"}},{"type":"Feature","geometry":{"type":"Polygon","coordinates":[[[39.54192,-10.31311],[39.54316,-10.31322],[39.55071,-10.32667],[39.56207,-10.33906],[39.57256,-10.34574],[39.5716,-10.34945],[39.57225,-10.36479],[39.57101,-10.38011],[39.57328,-10.39907],[39.57584,-10.40493],[39.58406,-10.41115],[39.57882,-10.43923],[39.56994,-10.4454],[39.56727,-10.45436],[39.56669,-10.47763],[39.55833,-10.5057],[39.55152,-10.51846],[39.53313,-10.49899],[39.52943,-10.48308],[39.51812,-10.46959],[39.49452,-10.46059],[39.48847,-10.44558],[39.48861,-10.4299],[39.48516,-10.40914],[39.48428,-10.39365],[39.48171,-10.37954],[39.48395,-10.37609],[39.48322,-10.37375],[39.4856,-10.36776],[39.49098,-10.36163],[39.49463,-10.35406],[39.49726,-10.35434],[39.49709,-10.3534],[39.49854,-10.35249],[39.49819,-10.34951],[39.4973,-10.34922],[39.49795,-10.34762],[39.49816,-10.34877],[39.50019,-10.34683],[39.5011,-10.34834],[39.50389,-10.34677],[39.50658,-10.34714],[39.50976,-10.34412],[39.5095,-10.34344],[39.51401,-10.34268],[39.51503,-10.34004],[39.5171,-10.33965],[39.51783,-10.33757],[39.52058,-10.33621],[39.52047,-10.33437],[39.52146,-10.33459],[39.5222,-10.33241],[39.52291,-10.33284],[39.52865,-10.3297],[39.52818,-10.32615],[39.53087,-10.32463],[39.5301,-10.32389],[39.53187,-10.32241],[39.53197,-10.31982],[39.53344,-10.31969],[39.53534,-10.31693],[39.53805,-10.31632],[39.54192,-10.31311]]]},"properties":{"region":"Lindi","district":"Lindi","ward":"Nahukahuka","ward_code":"161"}},{"type":"Feature","geometry":{"type":"Polygon","coordinates":[[[39.67572,-10.33966],[39.67204,-10.36375],[39.67415,-10.37515],[39.6839,-10.37916],[39.69147,-10.39235],[39.69872,-10.39613],[39.70342,-10.41022],[39.70454,-10.42213],[39.70995,-10.44109],[39.71746,-10.46211],[39.7098,-10.47386],[39.70273,-10.4804],[39.69605,-10.49723],[39.66681,-10.50773],[39.65612,-10.49545],[39.64296,-10.48656],[39.63109,-10.48772],[39.62185,-10.47345],[39.62124,-10.46256],[39.61216,-10.4392],[39.60558,-10.43007],[39.59647,-10.42054],[39.57506,-10.40375],[39.57328,-10.39907],[39.57101,-10.38011],[39.57225,-10.36479],[39.5716,-10.34945],[39.57256,-10.34574],[39.57867,-10.34846],[39.58129,-10.34821],[39.58382,-10.34925],[39.58837,-10.34908],[39.58989,-10.34807],[39.59263,-10.3488],[39.59849,-10.34412],[39.60168,-10.34481],[39.6064,-10.34305],[39.60939,-10.33763],[39.62041,-10.30113],[39.62588,-10.27862],[39.65807,-10.28835],[39.66437,-10.30978],[39.66788,-10.31569],[39.67572,-10.33966]]]},"properties":{"region":"Lindi","district":"Lindi","ward":"Nyangamara","ward_code":"171"}},{"type":"Feature","geometry":{"type":"Polygon","coordinates":[[[39.62185,-10.47345],[39.63109,-10.48772],[39.64296,-10.48656],[39.65612,-10.49545],[39.66681,-10.50773],[39.69605,-10.49723],[39.70273,-10.4804],[39.7098,-10.47386],[39.7359,-10.50232],[39.74497,-10.5243],[39.70826,-10.5471],[39.69268,-10.56189],[39.69439,-10.5666],[39.6762,-10.57192],[39.67289,-10.57397],[39.67187,-10.57665],[39.66337,-10.5765],[39.64301,-10.61581],[39.63069,-10.61341],[39.62662,-10.59771],[39.60498,-10.60003],[39.58864,-10.59885],[39.57,-10.53803],[39.55152,-10.51846],[39.55833,-10.5057],[39.56669,-10.47763],[39.56727,-10.45436],[39.56994,-10.4454],[39.57882,-10.43923],[39.58406,-10.41115],[39.59647,-10.42054],[39.60558,-10.43007],[39.61216,-10.4392],[39.62124,-10.46256],[39.62185,-10.47345]]]},"properties":{"region":"Lindi","district":"Lindi","ward":"Mandwanga","ward_code":"181"}},{"type":"Feature","geometry":{"type":"Polygon","coordinates":[[[39.46438,-10.07792],[39.47174,-10.07968],[39.48,-10.07848],[39.48276,-10.09773],[39.49803,-10.14656],[39.50395,-10.15375],[39.50546,-10.17298],[39.50462,-10.17807],[39.50923,-10.2099],[39.51402,-10.22066],[39.52153,-10.22803],[39.52299,-10.23171],[39.52595,-10.2354],[39.52683,-10.24035],[39.53092,-10.24002],[39.53288,-10.24974],[39.51661,-10.25228],[39.48736,-10.24352],[39.48166,-10.23886],[39.47464,-10.22541],[39.46218,-10.22262],[39.46189,-10.20871],[39.47275,-10.20589],[39.47952,-10.20065],[39.46816,-10.17089],[39.4594,-10.14347],[39.46153,-10.12207],[39.46642,-10.10968],[39.46438,-10.07792]]]},"properties":{"region":"Lindi","district":"Lindi","ward":"Longa","ward_code":"021"}},{"type":"Feature","geometry":{"type":"Polygon","coordinates":[[[39.4804,-10.26743],[39.51202,-10.26977],[39.51685,-10.27288],[39.52685,-10.29046],[39.53493,-10.29956],[39.54316,-10.31322],[39.54104,-10.3136],[39.53805,-10.31632],[39.5368,-10.31601],[39.53344,-10.31969],[39.53197,-10.31982],[39.53187,-10.32241],[39.5301,-10.32389],[39.53087,-10.32463],[39.52818,-10.32615],[39.52865,-10.3297],[39.52291,-10.33284],[39.5222,-10.33241],[39.52146,-10.33459],[39.52047,-10.33437],[39.52058,-10.33621],[39.51783,-10.33757],[39.5171,-10.33965],[39.51503,-10.34004],[39.51401,-10.34268],[39.5095,-10.34344],[39.50976,-10.34412],[39.50658,-10.34714],[39.50389,-10.34677],[39.5011,-10.34834],[39.50019,-10.34683],[39.49816,-10.34877],[39.49795,-10.34762],[39.4973,-10.34922],[39.49819,-10.34951],[39.49854,-10.35249],[39.49709,-10.3534],[39.49726,-10.35434],[39.49463,-10.35406],[39.49098,-10.36163],[39.4856,-10.36776],[39.48322,-10.37375],[39.48395,-10.37609],[39.48171,-10.37954],[39.48085,-10.3769],[39.46288,-10.36643],[39.45479,-10.35529],[39.44079,-10.35125],[39.44554,-10.31955],[39.44092,-10.30709],[39.46419,-10.29392],[39.47162,-10.27525],[39.4804,-10.26743]]]},"properties":{"region":"Lindi","district":"Lindi","ward":"Mtumbya","ward_code":"031"}},{"type":"Feature","geometry":{"type":"Polygon","coordinates":[[[39.34607,-10.23107],[39.38136,-10.23966],[39.39679,-10.23596],[39.40543,-10.23111],[39.41232,-10.25824],[39.41716,-10.26932],[39.41608,-10.27475],[39.42232,-10.27725],[39.42272,-10.27876],[39.42164,-10.28116],[39.41992,-10.2813],[39.41571,-10.28574],[39.41181,-10.28602],[39.40788,-10.2884],[39.40566,-10.28626],[39.4036,-10.28679],[39.40151,-10.28919],[39.39825,-10.28616],[39.38992,-10.28649],[39.38751,-10.28798],[39.38059,-10.2959],[39.37311,-10.30029],[39.35454,-10.30729],[39.35485,-10.31663],[39.3354,-10.32849],[39.3324,-10.32322],[39.33063,-10.32255],[39.32909,-10.32378],[39.32723,-10.32811],[39.32249,-10.31873],[39.32484,-10.31272],[39.32628,-10.29798],[39.32463,-10.28759],[39.32838,-10.28652],[39.34474,-10.28729],[39.34607,-10.23107]]]},"properties":{"region":"Lindi","district":"Lindi","ward":"Majengo","ward_code":"043"}},{"type":"Feature","geometry":{"type":"Polygon","coordinates":[[[39.15668,-10.28153],[39.18443,-10.32512],[39.19602,-10.32122],[39.20286,-10.32278],[39.20391,-10.32054],[39.20829,-10.32038],[39.21131,-10.31849],[39.21626,-10.32041],[39.21893,-10.31922],[39.22652,-10.32059],[39.22794,-10.34157],[39.22681,-10.35676],[39.22014,-10.36082],[39.21859,-10.36377],[39.21533,-10.36376],[39.2108,-10.36579],[39.20912,-10.36882],[39.20868,-10.37338],[39.20709,-10.37723],[39.20522,-10.37794],[39.20474,-10.37953],[39.19075,-10.38518],[39.19009,-10.38691],[39.18784,-10.38806],[39.18286,-10.38568],[39.18079,-10.38602],[39.17891,-10.38906],[39.1755,-10.39129],[39.17501,-10.3936],[39.17224,-10.39196],[39.16581,-10.39267],[39.16188,-10.3909],[39.16107,-10.39257],[39.16032,-10.39193],[39.15897,-10.39292],[39.15976,-10.39418],[39.15849,-10.39398],[39.15698,-10.39544],[39.15248,-10.38874],[39.13731,-10.37404],[39.13335,-10.37397],[39.11834,-10.37763],[39.11516,-10.37585],[39.11084,-10.35002],[39.11025,-10.30968],[39.10784,-10.26666],[39.11848,-10.25595],[39.13075,-10.25957],[39.14099,-10.2758],[39.14724,-10.27618],[39.15668,-10.28153]]]},"properties":{"region":"Lindi","district":"Lindi","ward":"Namangale","ward_code":"051"}},{"type":"Feature","geometry":{"type":"Polygon","coordinates":[[[39.431,-10.28016],[39.43029,-10.28506],[39.43488,-10.29079],[39.44554,-10.31955],[39.44079,-10.35125],[39.42447,-10.34519],[39.42104,-10.33927],[39.41609,-10.33823],[39.41289,-10.33639],[39.40887,-10.33877],[39.40568,-10.33919],[39.39853,-10.33449],[39.39655,-10.33431],[39.39358,-10.33719],[39.3852,-10.34029],[39.36923,-10.34304],[39.35075,-10.34842],[39.33743,-10.34607],[39.33849,-10.34177],[39.33822,-10.33583],[39.3354,-10.32849],[39.35485,-10.31663],[39.35454,-10.30729],[39.37311,-10.30029],[39.38059,-10.2959],[39.38751,-10.28798],[39.38992,-10.28649],[39.39825,-10.28616],[39.40151,-10.28919],[39.4036,-10.28679],[39.40566,-10.28626],[39.40788,-10.2884],[39.41181,-10.28602],[39.41571,-10.28574],[39.41992,-10.2813],[39.42373,-10.28136],[39.42498,-10.28248],[39.4289,-10.28177],[39.431,-10.28016]]]},"properties":{"region":"Lindi","district":"Lindi","ward":"Mtama","ward_code":"113"}},{"type":"Feature","geometry":{"type":"Polygon","coordinates":[[[39.34607,-10.23107],[39.34474,-10.28729],[39.32838,-10.28652],[39.32463,-10.28759],[39.32628,-10.29798],[39.32484,-10.31272],[39.32249,-10.31873],[39.32723,-10.32811],[39.32298,-10.32811],[39.32312,-10.3292],[39.32125,-10.33149],[39.3183,-10.32992],[39.31672,-10.33125],[39.31521,-10.3309],[39.31315,-10.33274],[39.30702,-10.33318],[39.30433,-10.33641],[39.29537,-10.33762],[39.28578,-10.34226],[39.28313,-10.34534],[39.28052,-10.34497],[39.28062,-10.34839],[39.27873,-10.35423],[39.27277,-10.3531],[39.27182,-10.35429],[39.26057,-10.35442],[39.25289,-10.34744],[39.24776,-10.34899],[39.23989,-10.34784],[39.23257,-10.35134],[39.23169,-10.35386],[39.22968,-10.35355],[39.22899,-10.35588],[39.22681,-10.35676],[39.22794,-10.34157],[39.22652,-10.32059],[39.22998,-10.32033],[39.234,-10.31498],[39.26806,-10.30924],[39.27418,-10.306],[39.277,-10.30047],[39.27989,-10.303],[39.29254,-10.30281],[39.29398,-10.3022],[39.29509,-10.29966],[39.29393,-10.29507],[39.29562,-10.29222],[39.29383,-10.28952],[39.30014,-10.27689],[39.29737,-10.25242],[39.29013,-10.23031],[39.28863,-10.21028],[39.2877,-10.20725],[39.29292,-10.20947],[39.31368,-10.22427],[39.34607,-10.23107]]]},"properties":{"region":"Lindi","district":"Lindi","ward":"Nyangao","ward_code":"123"}},{"type":"Feature","geometry":{"type":"Polygon","coordinates":[[[39.1253,-10.16343],[39.17568,-10.18798],[39.22048,-10.17689],[39.25069,-10.18869],[39.2877,-10.20725],[39.28863,-10.21028],[39.29013,-10.23031],[39.29737,-10.25242],[39.30014,-10.27689],[39.29383,-10.28952],[39.29562,-10.29222],[39.29393,-10.29507],[39.29509,-10.29966],[39.29398,-10.3022],[39.27989,-10.303],[39.277,-10.30047],[39.27418,-10.306],[39.26806,-10.30924],[39.234,-10.31498],[39.22998,-10.32033],[39.22652,-10.32059],[39.21893,-10.31922],[39.21626,-10.32041],[39.21131,-10.31849],[39.20829,-10.32038],[39.20391,-10.32054],[39.20286,-10.32278],[39.19602,-10.32122],[39.18443,-10.32512],[39.15668,-10.28153],[39.14724,-10.27618],[39.14099,-10.2758],[39.13075,-10.25957],[39.11848,-10.25595],[39.10784,-10.26666],[39.08768,-10.26164],[39.07968,-10.25012],[39.07496,-10.23778],[39.07543,-10.19173],[39.02713,-10.18816],[39.02378,-10.18032],[39.02109,-10.15651],[39.02119,-10.14283],[39.05146,-10.14422],[39.10657,-10.14901],[39.1253,-10.16343]]]},"properties":{"region":"Lindi","district":"Lindi","ward":"Namupa","ward_code":"131"}},{"type":"Feature","geometry":{"type":"Polygon","coordinates":[[[39.44813,-10.22454],[39.44827,-10.24388],[39.45519,-10.24103],[39.46827,-10.24328],[39.467,-10.25031],[39.46335,-10.25431],[39.47162,-10.27525],[39.46419,-10.29392],[39.44092,-10.30709],[39.43488,-10.29079],[39.43029,-10.28506],[39.431,-10.28016],[39.4289,-10.28177],[39.42498,-10.28248],[39.42373,-10.28136],[39.42238,-10.28186],[39.42164,-10.28116],[39.42272,-10.27876],[39.42232,-10.27725],[39.41608,-10.27475],[39.41716,-10.26932],[39.41232,-10.25824],[39.40543,-10.23111],[39.38461,-10.21413],[39.38589,-10.21042],[39.38742,-10.2095],[39.38932,-10.20124],[39.42075,-10.2017],[39.44943,-10.21198],[39.44743,-10.21302],[39.44171,-10.21952],[39.44813,-10.22454]]]},"properties":{"region":"Lindi","district":"Lindi","ward":"Nyengedi","ward_code":"141"}},{"type":"Feature","geometry":{"type":"Polygon","coordinates":[[[39.48166,-10.23886],[39.48736,-10.24352],[39.51661,-10.25228],[39.53288,-10.24974],[39.53461,-10.25833],[39.54385,-10.27962],[39.52685,-10.29046],[39.51685,-10.27288],[39.51202,-10.26977],[39.4804,-10.26743],[39.47162,-10.27525],[39.46335,-10.25431],[39.467,-10.25031],[39.46827,-10.24328],[39.45519,-10.24103],[39.44827,-10.24388],[39.44813,-10.22454],[39.44171,-10.21952],[39.44743,-10.21302],[39.45269,-10.21055],[39.46189,-10.20871],[39.46218,-10.22262],[39.47464,-10.22541],[39.48166,-10.23886]]]},"properties":{"region":"Lindi","district":"Lindi","ward":"Mtua","ward_code":"151"}},{"type":"Feature","geometry":{"type":"Polygon","coordinates":[[[39.17821,-10.0501],[39.18194,-10.05144],[39.23945,-10.05132],[39.25041,-10.04861],[39.26893,-10.04713],[39.27711,-10.04864],[39.28355,-10.04807],[39.30507,-10.05083],[39.33626,-10.04894],[39.34814,-10.0582],[39.34289,-10.06614],[39.33851,-10.06997],[39.33547,-10.07481],[39.31356,-10.09185],[39.30444,-10.10137],[39.30354,-10.10394],[39.30435,-10.11169],[39.31863,-10.15041],[39.32757,-10.16142],[39.33177,-10.16226],[39.33597,-10.17133],[39.34638,-10.17829],[39.34677,-10.18186],[39.36534,-10.19217],[39.38932,-10.20124],[39.38742,-10.2095],[39.38589,-10.21042],[39.38461,-10.21413],[39.40543,-10.23111],[39.39679,-10.23596],[39.38136,-10.23966],[39.35724,-10.23324],[39.32003,-10.22602],[39.31368,-10.22427],[39.29292,-10.20947],[39.2664,-10.19717],[39.25069,-10.18869],[39.22048,-10.17689],[39.17568,-10.18798],[39.1253,-10.16343],[39.10657,-10.14901],[39.05146,-10.14422],[39.06555,-10.1305],[39.07544,-10.07678],[39.10836,-10.0494],[39.11934,-10.04174],[39.13199,-10.04606],[39.17821,-10.0501]]]},"properties":{"region":"Lindi","district":"Lindi","ward":"Mnara","ward_code":"191"}},{"type":"Feature","geometry":{"type":"Polygon","coordinates":[[[39.40687,-10.05871],[39.43668,-10.07129],[39.46438,-10.07792],[39.46642,-10.10968],[39.46153,-10.12207],[39.4594,-10.14347],[39.46816,-10.17089],[39.47952,-10.20065],[39.47275,-10.20589],[39.44943,-10.21198],[39.42075,-10.2017],[39.38932,-10.20124],[39.37974,-10.19813],[39.36534,-10.19217],[39.34677,-10.18186],[39.34638,-10.17829],[39.33597,-10.17133],[39.33177,-10.16226],[39.32757,-10.16142],[39.31863,-10.15041],[39.30435,-10.11169],[39.30354,-10.10394],[39.30444,-10.10137],[39.30756,-10.09772],[39.31356,-10.09185],[39.33547,-10.07481],[39.33851,-10.06997],[39.34289,-10.06614],[39.34814,-10.0582],[39.36296,-10.05899],[39.39653,-10.05258],[39.40687,-10.05871]]]},"properties":{"region":"Lindi","district":"Lindi","ward":"Chiponda","ward_code":"201"}},{"type":"Feature","geometry":{"type":"Polygon","coordinates":[[[39.7135,-10.00356],[39.71136,-10.00199],[39.71099,-9.9996],[39.71222,-9.99922],[39.71189,-9.99683],[39.71307,-9.9964],[39.71376,-9.99654],[39.71353,-10.00023],[39.71415,-10.00028],[39.7135,-10.00356]]]},"properties":{"region":"Lindi","district":"Lindi","ward":"Ndoro","ward_code":"012"}},{"type":"Feature","geometry":{"type":"Polygon","coordinates":[[[39.71376,-9.99654],[39.71893,-9.9975],[39.71834,-10.00057],[39.71353,-10.00023],[39.71376,-9.99654]]]},"properties":{"region":"Lindi","district":"Lindi","ward":"Makonde","ward_code":"022"}},{"type":"Feature","geometry":{"type":"Polygon","coordinates":[[[39.71893,-9.9975],[39.71249,-9.99609],[39.71177,-9.98932],[39.71854,-9.99535],[39.71893,-9.9975]]]},"properties":{"region":"Lindi","district":"Lindi","ward":"Mikumbi","ward_code":"032"}},{"type":"Feature","geometry":{"type":"Polygon","coordinates":[[[39.71249,-9.99609],[39.70894,-9.99323],[39.70707,-9.98983],[39.71177,-9.98932],[39.71249,-9.99609]]]},"properties":{"region":"Lindi","district":"Lindi","ward":"Mitandi","ward_code":"042"}},{"type":"Feature","geometry":{"type":"Polygon","coordinates":[[[39.70728,-9.98982],[39.70689,-9.98453],[39.70459,-9.97798],[39.70655,-9.97722],[39.71177,-9.98908],[39.70728,-9.98982]]]},"properties":{"region":"Lindi","district":"Lindi","ward":"Rahaleo","ward_code":"052"}},{"type":"Feature","geometry":{"type":"Polygon","coordinates":[[[39.70602,-9.98202],[39.70707,-9.98983],[39.70628,-9.99161],[39.70209,-9.99268],[39.69923,-9.99571],[39.69651,-9.99657],[39.69335,-9.99204],[39.69544,-9.98995],[39.6964,-9.98717],[39.69679,-9.98838],[39.70045,-9.98874],[39.70342,-9.9847],[39.70333,-9.98312],[39.70408,-9.98366],[39.70399,-9.98185],[39.70602,-9.98202]]]},"properties":{"region":"Lindi","district":"Lindi","ward":"Mwenge","ward_code":"062"}},{"type":"Feature","geometry":{"type":"Polygon","coordinates":[[[39.70894,-9.99323],[39.71307,-9.9964],[39.71069,-9.99751],[39.7108,-9.99857],[39.70265,-9.99948],[39.69804,-10.00213],[39.69741,-10.00391],[39.69367,-10.00638],[39.69239,-10.00605],[39.69071,-10.00704],[39.68522,-10.00617],[39.68372,-9.99865],[39.69359,-9.99802],[39.69923,-9.99571],[39.70209,-9.99268],[39.70628,-9.99161],[39.70707,-9.98983],[39.70894,-9.99323]]]},"properties":{"region":"Lindi","district":"Lindi","ward":"Matopeni","ward_code":"072"}},{"type":"Feature","geometry":{"type":"Polygon","coordinates":[[[39.71222,-9.99922],[39.71099,-9.9996],[39.71177,-10.00162],[39.71051,-10.00274],[39.70818,-10.00217],[39.70419,-10.00371],[39.69757,-10.00892],[39.69631,-10.01094],[39.68493,-10.01144],[39.68522,-10.00617],[39.69071,-10.00704],[39.69239,-10.00605],[39.69367,-10.00638],[39.69741,-10.00391],[39.69804,-10.00213],[39.70265,-9.99948],[39.7108,-9.99857],[39.71069,-9.99751],[39.71189,-9.99683],[39.71222,-9.99922]]]},"properties":{"region":"Lindi","district":"Lindi","ward":"Wailes","ward_code":"082"}},{"type":"Feature","geometry":{"type":"Polygon","coordinates":[[[39.71136,-10.00199],[39.71335,-10.00506],[39.71116,-10.00797],[39.69744,-10.013],[39.69612,-10.01854],[39.69807,-10.02012],[39.69704,-10.02334],[39.68824,-10.01815],[39.68493,-10.01144],[39.69631,-10.01094],[39.69757,-10.00892],[39.70419,-10.00371],[39.70818,-10.00217],[39.70962,-10.00282],[39.71136,-10.00199]]]},"properties":{"region":"Lindi","district":"Lindi","ward":"Nachingwea","ward_code":"092"}},{"type":"Feature","geometry":{"type":"Polygon","coordinates":[[[39.72093,-9.89157],[39.7236,-9.89381],[39.72569,-9.89247],[39.72883,-9.89321],[39.73126,-9.89217],[39.73398,-9.89288],[39.73517,-9.89424],[39.73761,-9.89312],[39.75593,-9.89278],[39.7587,-9.89093],[39.76562,-9.8937],[39.77094,-9.89423],[39.78636,-9.91189],[39.78716,-9.92491],[39.77166,-9.93586],[39.75229,-9.93376],[39.74132,-9.94267],[39.72634,-9.94654],[39.72507,-9.95186],[39.71816,-9.95252],[39.71384,-9.95412],[39.71167,-9.9569],[39.70986,-9.96411],[39.70937,-9.96474],[39.70835,-9.96333],[39.70626,-9.96526],[39.70569,-9.9704],[39.70767,-9.97588],[39.70655,-9.97722],[39.70459,-9.97798],[39.70305,-9.97312],[39.70069,-9.97276],[39.69439,-9.97586],[39.68566,-9.97291],[39.68394,-9.97495],[39.68237,-9.97216],[39.68195,-9.90179],[39.68698,-9.90329],[39.69096,-9.90094],[39.69479,-9.90223],[39.69911,-9.90063],[39.7026,-9.90416],[39.70627,-9.90438],[39.70654,-9.89543],[39.71392,-9.89432],[39.71782,-9.89093],[39.72093,-9.89157]]]},"properties":{"region":"Lindi","district":"Lindi","ward":"Rasbura","ward_code":"102"}},{"type":"Feature","geometry":{"type":"Polygon","coordinates":[[[39.68265,-9.97227],[39.68394,-9.97495],[39.68566,-9.97291],[39.69439,-9.97586],[39.70069,-9.97276],[39.70305,-9.97312],[39.70602,-9.98202],[39.70399,-9.98185],[39.70408,-9.98366],[39.70333,-9.98312],[39.70342,-9.9847],[39.70045,-9.98874],[39.69679,-9.98838],[39.6964,-9.98717],[39.69544,-9.98995],[39.69335,-9.99204],[39.69651,-9.99657],[39.69359,-9.99802],[39.68372,-9.99865],[39.68522,-10.00617],[39.68493,-10.01144],[39.66303,-9.99106],[39.65115,-9.99359],[39.63822,-9.99891],[39.62613,-10.02274],[39.62664,-10.00289],[39.61321,-9.98884],[39.59248,-9.96032],[39.59018,-9.94822],[39.59234,-9.93887],[39.60244,-9.93831],[39.62604,-9.95085],[39.68265,-9.97227]]]},"properties":{"region":"Lindi","district":"Lindi","ward":"Mtanda","ward_code":"112"}},{"type":"Feature","geometry":{"type":"Polygon","coordinates":[[[39.68824,-10.01815],[39.69704,-10.02334],[39.69807,-10.02012],[39.70455,-10.02534],[39.70481,-10.02832],[39.68749,-10.04283],[39.69227,-10.05076],[39.68634,-10.05917],[39.68587,-10.07792],[39.6189,-10.06867],[39.58721,-10.08635],[39.56609,-10.05987],[39.59909,-10.04185],[39.63116,-10.03917],[39.62981,-10.02283],[39.62613,-10.02274],[39.63822,-9.99891],[39.65115,-9.99359],[39.66303,-9.99106],[39.68493,-10.01144],[39.68824,-10.01815]]]},"properties":{"region":"Lindi","district":"Lindi","ward":"Jamhuri","ward_code":"122"}},{"type":"Feature","geometry":{"type":"Polygon","coordinates":[[[39.71834,-10.00057],[39.71499,-10.01514],[39.70455,-10.02534],[39.69612,-10.01854],[39.69744,-10.013],[39.71159,-10.00763],[39.71219,-10.00567],[39.71335,-10.00506],[39.71415,-10.00028],[39.71834,-10.00057]]]},"properties":{"region":"Lindi","district":"Lindi","ward":"Msinjahili","ward_code":"132"}},{"type":"Feature","geometry":{"type":"Polygon","coordinates":[[[39.67406,-9.87552],[39.68154,-9.8926],[39.68237,-9.97216],[39.62604,-9.95085],[39.60244,-9.93831],[39.59234,-9.93887],[39.52634,-9.90995],[39.53011,-9.93596],[39.49368,-9.92652],[39.40534,-9.93551],[39.39004,-9.90972],[39.42933,-9.90101],[39.45937,-9.89672],[39.47436,-9.89801],[39.48884,-9.89061],[39.50849,-9.88327],[39.5142,-9.87978],[39.52123,-9.87802],[39.55303,-9.87817],[39.59267,-9.87264],[39.6543,-9.86741],[39.66858,-9.86915],[39.67406,-9.87552]]]},"properties":{"region":"Lindi","district":"Lindi","ward":"Chikonji","ward_code":"172"}},{"type":"Feature","geometry":{"type":"Polygon","coordinates":[[[39.80535,-9.86761],[39.79116,-9.8939],[39.76562,-9.8937],[39.7587,-9.89093],[39.75593,-9.89278],[39.73761,-9.89312],[39.73517,-9.89424],[39.73398,-9.89288],[39.73126,-9.89217],[39.72883,-9.89321],[39.72569,-9.89247],[39.7236,-9.89381],[39.72093,-9.89157],[39.71782,-9.89093],[39.71392,-9.89432],[39.70654,-9.89543],[39.70627,-9.90438],[39.7026,-9.90416],[39.69911,-9.90063],[39.69479,-9.90223],[39.69096,-9.90094],[39.68698,-9.90329],[39.68195,-9.90179],[39.68154,-9.8926],[39.67342,-9.87405],[39.66858,-9.86915],[39.6543,-9.86741],[39.6355,-9.83898],[39.62858,-9.82696],[39.6076,-9.79642],[39.65119,-9.78403],[39.68723,-9.77667],[39.76065,-9.78067],[39.79108,-9.81424],[39.80297,-9.83651],[39.80535,-9.86761]]]},"properties":{"region":"Lindi","district":"Lindi","ward":"Mbanja","ward_code":"182"}},{"type":"Feature","geometry":{"type":"Polygon","coordinates":[[[39.80757,-9.98272],[39.80224,-10.04501],[39.79864,-10.06921],[39.78836,-10.10506],[39.783,-10.11471],[39.76208,-10.09259],[39.7412,-10.08947],[39.73257,-10.09032],[39.72557,-10.0896],[39.71697,-10.09609],[39.68992,-10.10185],[39.68587,-10.07792],[39.68634,-10.05917],[39.69057,-10.05316],[39.69447,-10.05394],[39.7006,-10.04851],[39.71247,-10.04305],[39.72693,-10.02515],[39.72985,-10.0075],[39.7275,-10.00779],[39.72806,-10.00729],[39.72497,-10.00353],[39.72653,-9.99868],[39.72996,-9.99286],[39.7394,-9.98025],[39.7621,-9.97254],[39.77534,-9.97968],[39.78612,-9.98208],[39.80757,-9.98272]]]},"properties":{"region":"Lindi","district":"Lindi","ward":"Kitumbikwela","ward_code":"192"}},{"type":"Feature","geometry":{"type":"Polygon","coordinates":[[[39.678,-10.10856],[39.67517,-10.1108],[39.66853,-10.1122],[39.66981,-10.11452],[39.66832,-10.11472],[39.669,-10.11652],[39.66751,-10.11572],[39.66671,-10.11676],[39.66906,-10.11883],[39.66773,-10.11882],[39.66826,-10.12048],[39.66665,-10.1196],[39.66702,-10.1212],[39.66419,-10.12095],[39.66453,-10.12175],[39.6614,-10.12288],[39.66107,-10.12398],[39.65975,-10.12187],[39.65926,-10.12444],[39.65759,-10.12392],[39.65769,-10.12487],[39.65649,-10.12559],[39.65717,-10.12731],[39.6583,-10.12756],[39.65652,-10.12839],[39.65733,-10.12862],[39.65643,-10.12964],[39.65739,-10.1302],[39.65687,-10.13175],[39.65776,-10.13302],[39.65372,-10.13596],[39.65333,-10.13728],[39.64921,-10.13509],[39.64821,-10.13952],[39.64678,-10.14036],[39.64406,-10.13875],[39.6439,-10.14059],[39.64201,-10.14279],[39.64389,-10.14438],[39.64358,-10.14652],[39.64206,-10.14528],[39.6414,-10.14547],[39.64202,-10.14633],[39.64092,-10.14666],[39.64004,-10.14547],[39.63955,-10.14813],[39.6381,-10.14969],[39.63681,-10.14836],[39.61826,-10.13998],[39.61383,-10.1388],[39.61876,-10.13229],[39.62457,-10.12184],[39.61828,-10.11323],[39.61851,-10.11155],[39.61684,-10.11042],[39.61624,-10.11131],[39.61089,-10.10737],[39.60334,-10.10166],[39.59906,-10.0969],[39.60149,-10.09333],[39.60822,-10.07463],[39.6189,-10.06867],[39.68587,-10.07792],[39.68995,-10.10239],[39.6891,-10.10486],[39.68264,-10.10837],[39.678,-10.10856]]]},"properties":{"region":"Lindi","district":"Lindi","ward":"Mingoyo","ward_code":"142"}},{"type":"Feature","geometry":{"type":"Polygon","coordinates":[[[39.56609,-10.05987],[39.58721,-10.08635],[39.60822,-10.07463],[39.60149,-10.09333],[39.59906,-10.0969],[39.60334,-10.10166],[39.61089,-10.10737],[39.61624,-10.11131],[39.61684,-10.11042],[39.61851,-10.11155],[39.61828,-10.11323],[39.62457,-10.12184],[39.61876,-10.13229],[39.61383,-10.1388],[39.59678,-10.12695],[39.59549,-10.12704],[39.58378,-10.11933],[39.57184,-10.11531],[39.56361,-10.12298],[39.54067,-10.13141],[39.52469,-10.08321],[39.52844,-10.08289],[39.53474,-10.08472],[39.54328,-10.08303],[39.56609,-10.05987]]]},"properties":{"region":"Lindi","district":"Lindi","ward":"Mnazimmoja","ward_code":"202"}},{"type":"Feature","geometry":{"type":"Polygon","coordinates":[[[39.56614,-10.05981],[39.54328,-10.08303],[39.54419,-10.03108],[39.54553,-10.02075],[39.54319,-10.01585],[39.54261,-10.00204],[39.54782,-9.9753],[39.56326,-9.95924],[39.59018,-9.94822],[39.59248,-9.96032],[39.61321,-9.98884],[39.62664,-10.00289],[39.62613,-10.02274],[39.62981,-10.02283],[39.63116,-10.03917],[39.59909,-10.04185],[39.56614,-10.05981]]]},"properties":{"region":"Lindi","district":"Lindi","ward":"Ng'apa","ward_code":"152"}},{"type":"Feature","geometry":{"type":"Polygon","coordinates":[[[39.52634,-9.90995],[39.59234,-9.93887],[39.59018,-9.94822],[39.56326,-9.95924],[39.54782,-9.9753],[39.54261,-10.00204],[39.54319,-10.01585],[39.54553,-10.02075],[39.54419,-10.03108],[39.54328,-10.08303],[39.53474,-10.08472],[39.52844,-10.08289],[39.5213,-10.08349],[39.50858,-10.07992],[39.5037,-10.08024],[39.49189,-10.07787],[39.48331,-10.07826],[39.48195,-10.05668],[39.47975,-10.05179],[39.48916,-10.03905],[39.50771,-9.99969],[39.47033,-10.00538],[39.46652,-9.98424],[39.40997,-9.94331],[39.40534,-9.93551],[39.49368,-9.92652],[39.53011,-9.93596],[39.52634,-9.90995]]]},"properties":{"region":"Lindi","district":"Lindi","ward":"Tandangongoro","ward_code":"162"}},{"type":"Feature","geometry":{"type":"Polygon","coordinates":[[[39.46652,-9.98424],[39.47033,-10.00538],[39.50771,-9.99969],[39.48916,-10.03905],[39.47975,-10.05179],[39.48195,-10.05668],[39.48331,-10.07826],[39.47174,-10.07968],[39.43668,-10.07129],[39.40687,-10.05871],[39.39653,-10.05258],[39.36296,-10.05899],[39.35453,-10.05854],[39.35358,-10.04156],[39.35551,-10.012],[39.37092,-10.00023],[39.37606,-9.9899],[39.37311,-9.97533],[39.3694,-9.96903],[39.35302,-9.93217],[39.39004,-9.90972],[39.40997,-9.94331],[39.46652,-9.98424]]]},"properties":{"region":"Lindi","district":"Lindi","ward":"Rutamba","ward_code":"211"}},{"type":"Feature","geometry":{"type":"Polygon","coordinates":[[[39.32594,-9.81355],[39.41839,-9.90343],[39.39004,-9.90972],[39.35302,-9.93217],[39.3694,-9.96903],[39.37311,-9.97533],[39.37606,-9.9899],[39.37092,-10.00023],[39.35551,-10.012],[39.35358,-10.04156],[39.35453,-10.05854],[39.34814,-10.0582],[39.33626,-10.04894],[39.30507,-10.05083],[39.28355,-10.04807],[39.27711,-10.04864],[39.26893,-10.04713],[39.25041,-10.04861],[39.23945,-10.05132],[39.18194,-10.05144],[39.17821,-10.0501],[39.13199,-10.04606],[39.11934,-10.04174],[39.1532,-10.01214],[39.16,-10.00912],[39.17059,-10.00118],[39.18141,-9.98621],[39.18317,-9.97526],[39.18305,-9.93214],[39.22895,-9.93548],[39.25653,-9.91548],[39.31064,-9.88466],[39.32712,-9.86756],[39.32594,-9.81355]]]},"properties":{"region":"Lindi","district":"Lindi","ward":"Milola","ward_code":"221"}},{"type":"Feature","geometry":{"type":"Polygon","coordinates":[[[39.25335,-9.91779],[39.22895,-9.93548],[39.18305,-9.93214],[39.18572,-9.81485],[39.18962,-9.79187],[39.32549,-9.78212],[39.32712,-9.86756],[39.31064,-9.88466],[39.28006,-9.9016],[39.25335,-9.91779]]]},"properties":{"region":"Lindi","district":"Lindi","ward":"Kiwawa","ward_code":"231"}},{"type":"Feature","geometry":{"type":"Polygon","coordinates":[[[39.46598,-9.7664],[39.47456,-9.78294],[39.5052,-9.78191],[39.52237,-9.80246],[39.52137,-9.81547],[39.52244,-9.83533],[39.52093,-9.85323],[39.52123,-9.87802],[39.5142,-9.87978],[39.50849,-9.88327],[39.48884,-9.89061],[39.47436,-9.89801],[39.45937,-9.89672],[39.42933,-9.90101],[39.41839,-9.90343],[39.35879,-9.84584],[39.37039,-9.82999],[39.40663,-9.79152],[39.44471,-9.78472],[39.46598,-9.7664]]]},"properties":{"region":"Lindi","district":"Lindi","ward":"Nangaru","ward_code":"251"}},{"type":"Feature","geometry":{"type":"Polygon","coordinates":[[[39.5264,-9.77354],[39.5408,-9.79733],[39.5501,-9.79578],[39.56202,-9.79805],[39.57658,-9.79291],[39.58793,-9.79598],[39.6076,-9.79642],[39.62858,-9.82696],[39.6355,-9.83898],[39.6543,-9.86741],[39.59267,-9.87264],[39.55303,-9.87817],[39.52123,-9.87802],[39.52093,-9.85323],[39.52244,-9.83533],[39.52137,-9.81547],[39.52237,-9.80246],[39.5052,-9.78191],[39.47456,-9.78294],[39.46598,-9.7664],[39.5033,-9.74604],[39.5264,-9.77354]]]},"properties":{"region":"Lindi","district":"Lindi","ward":"Matimba","ward_code":"261"}},{"type":"Feature","geometry":{"type":"Polygon","coordinates":[[[39.36377,-9.5503],[39.36607,-9.55281],[39.36827,-9.55303],[39.36884,-9.5566],[39.37068,-9.55753],[39.36931,-9.56137],[39.3675,-9.56328],[39.36902,-9.56574],[39.36707,-9.56708],[39.37136,-9.57048],[39.37543,-9.56614],[39.37701,-9.5665],[39.37677,-9.56787],[39.38056,-9.57352],[39.38252,-9.56979],[39.38198,-9.56826],[39.38339,-9.56698],[39.38194,-9.56588],[39.38491,-9.56227],[39.38728,-9.56183],[39.38656,-9.55907],[39.38748,-9.55864],[39.38953,-9.56076],[39.39679,-9.5556],[39.41429,-9.55922],[39.43962,-9.56073],[39.44574,-9.56923],[39.44468,-9.57539],[39.44289,-9.5764],[39.44263,-9.5801],[39.44436,-9.58254],[39.44135,-9.58336],[39.43991,-9.58493],[39.44111,-9.58706],[39.43982,-9.58748],[39.43958,-9.59341],[39.44014,-9.59924],[39.44355,-9.60401],[39.44552,-9.60418],[39.44625,-9.65278],[39.5011,-9.65391],[39.50079,-9.6809],[39.50407,-9.72422],[39.5033,-9.74604],[39.46598,-9.7664],[39.44471,-9.78472],[39.40663,-9.79152],[39.37039,-9.82999],[39.35874,-9.8459],[39.32594,-9.81355],[39.32549,-9.78212],[39.18962,-9.79187],[39.19187,-9.77859],[39.1913,-9.76381],[39.19432,-9.73991],[39.19162,-9.73183],[39.19065,-9.71306],[39.19384,-9.70749],[39.1939,-9.6952],[39.20985,-9.68029],[39.2098,-9.66945],[39.1868,-9.6666],[39.19563,-9.65865],[39.19577,-9.6571],[39.19442,-9.65492],[39.19551,-9.65168],[39.19774,-9.65224],[39.19894,-9.65114],[39.19942,-9.64445],[39.2012,-9.64267],[39.20536,-9.64205],[39.20628,-9.64457],[39.20694,-9.64441],[39.20734,-9.64274],[39.20939,-9.64283],[39.2095,-9.64117],[39.21184,-9.64046],[39.20983,-9.63352],[39.21263,-9.62772],[39.20917,-9.62556],[39.21053,-9.62378],[39.2078,-9.62034],[39.20839,-9.61755],[39.20598,-9.60888],[39.20652,-9.60812],[39.21042,-9.60847],[39.21059,-9.60602],[39.2118,-9.60434],[39.21139,-9.60269],[39.205,-9.60373],[39.20643,-9.59995],[39.20437,-9.59729],[39.20731,-9.59548],[39.21321,-9.59429],[39.21232,-9.59237],[39.21031,-9.59142],[39.20837,-9.59213],[39.20585,-9.59148],[39.20489,-9.58745],[39.208,-9.58711],[39.21217,-9.58299],[39.21078,-9.581],[39.21103,-9.5797],[39.21397,-9.57754],[39.21483,-9.57403],[39.21763,-9.57398],[39.21917,-9.5716],[39.22146,-9.57212],[39.22612,-9.57041],[39.23179,-9.5658],[39.23517,-9.56655],[39.23857,-9.56459],[39.24187,-9.56499],[39.24429,-9.5665],[39.24476,-9.5725],[39.24639,-9.57623],[39.24564,-9.58383],[39.25105,-9.58434],[39.25195,-9.58781],[39.25462,-9.59065],[39.2572,-9.59017],[39.25812,-9.58685],[39.26066,-9.5859],[39.26256,-9.58294],[39.26521,-9.58374],[39.26748,-9.58269],[39.27248,-9.5831],[39.27571,-9.58548],[39.2792,-9.58344],[39.28063,-9.58443],[39.27999,-9.58701],[39.2861,-9.58762],[39.28991,-9.58437],[39.28978,-9.58126],[39.29105,-9.58083],[39.29149,-9.58314],[39.29269,-9.58358],[39.29605,-9.58325],[39.29981,-9.58087],[39.30165,-9.58234],[39.30413,-9.58219],[39.30466,-9.58355],[39.30334,-9.58557],[39.30564,-9.58691],[39.30651,-9.58693],[39.30728,-9.58535],[39.3086,-9.58702],[39.31148,-9.58573],[39.31597,-9.5867],[39.31618,-9.58211],[39.31819,-9.57995],[39.31708,-9.57577],[39.31777,-9.57478],[39.31896,-9.57506],[39.31942,-9.57189],[39.32033,-9.57273],[39.32352,-9.57273],[39.32332,-9.57027],[39.32614,-9.57051],[39.327,-9.5684],[39.32999,-9.56576],[39.33073,-9.56575],[39.33045,-9.5685],[39.33257,-9.57003],[39.33191,-9.56659],[39.33413,-9.56609],[39.33602,-9.56156],[39.33869,-9.56109],[39.33819,-9.55815],[39.34009,-9.55655],[39.34192,-9.55897],[39.34419,-9.55657],[39.34588,-9.5566],[39.34781,-9.55295],[39.34864,-9.553],[39.34953,-9.5552],[39.35021,-9.55482],[39.35004,-9.5508],[39.35236,-9.55225],[39.35298,-9.55078],[39.35571,-9.55127],[39.35708,-9.54987],[39.35811,-9.5505],[39.36047,-9.54897],[39.36179,-9.55076],[39.36323,-9.54796],[39.36377,-9.5503]]]},"properties":{"region":"Lindi","district":"Lindi","ward":"Mipingo","ward_code":"241"}},{"type":"Feature","geometry":{"type":"Polygon","coordinates":[[[39.58506,-9.51933],[39.59484,-9.5423],[39.60278,-9.57356],[39.60005,-9.65216],[39.6069,-9.67558],[39.50081,-9.6812],[39.5011,-9.65391],[39.44625,-9.65278],[39.4455,-9.60745],[39.45,-9.6092],[39.45071,-9.61111],[39.45281,-9.61167],[39.4609,-9.62221],[39.46066,-9.62452],[39.4623,-9.62478],[39.46308,-9.6227],[39.46412,-9.62288],[39.46628,-9.62726],[39.46727,-9.62728],[39.46858,-9.62448],[39.4689,-9.62147],[39.47139,-9.62247],[39.47169,-9.62446],[39.47411,-9.6228],[39.47442,-9.62076],[39.48228,-9.61949],[39.48538,-9.62052],[39.48773,-9.61824],[39.49107,-9.6201],[39.49265,-9.61928],[39.49448,-9.61497],[39.49641,-9.61735],[39.49837,-9.61366],[39.49985,-9.61268],[39.4992,-9.61141],[39.5002,-9.60927],[39.50015,-9.60187],[39.49813,-9.6016],[39.49709,-9.59999],[39.49381,-9.59994],[39.49418,-9.59818],[39.49524,-9.59853],[39.49682,-9.5975],[39.49599,-9.59608],[39.49401,-9.59554],[39.49541,-9.59361],[39.49359,-9.5918],[39.49737,-9.59273],[39.49888,-9.59194],[39.49851,-9.5902],[39.49655,-9.58825],[39.49995,-9.58693],[39.4994,-9.5856],[39.49772,-9.5853],[39.4968,-9.58267],[39.4946,-9.58455],[39.4942,-9.58342],[39.49567,-9.5818],[39.4953,-9.58097],[39.4936,-9.58119],[39.49386,-9.57812],[39.49718,-9.57638],[39.50673,-9.57733],[39.50766,-9.57857],[39.50544,-9.58119],[39.50758,-9.58218],[39.50931,-9.57911],[39.51098,-9.58266],[39.51257,-9.58231],[39.51317,-9.58098],[39.51532,-9.57995],[39.51548,-9.57848],[39.51727,-9.57955],[39.51615,-9.57666],[39.52628,-9.57372],[39.52697,-9.57454],[39.52849,-9.57423],[39.52781,-9.57234],[39.5299,-9.57101],[39.53072,-9.56913],[39.52868,-9.56209],[39.53159,-9.55927],[39.5371,-9.56163],[39.53866,-9.55874],[39.54114,-9.5574],[39.54123,-9.55608],[39.54478,-9.55658],[39.5461,-9.55483],[39.54622,-9.55376],[39.54428,-9.55294],[39.54408,-9.55171],[39.54729,-9.55107],[39.54945,-9.54935],[39.55274,-9.54906],[39.55293,-9.55016],[39.55718,-9.55193],[39.55702,-9.55083],[39.55888,-9.54919],[39.56138,-9.54968],[39.56042,-9.54828],[39.56064,-9.54259],[39.56277,-9.53957],[39.56517,-9.53996],[39.56937,-9.54288],[39.57223,-9.54266],[39.57192,-9.54419],[39.57291,-9.54498],[39.57386,-9.5447],[39.57513,-9.54062],[39.57653,-9.54313],[39.57874,-9.5431],[39.57993,-9.54211],[39.57805,-9.53738],[39.58042,-9.53721],[39.58245,-9.53492],[39.5839,-9.53528],[39.58434,-9.53451],[39.58264,-9.53288],[39.58555,-9.53122],[39.58533,-9.52984],[39.58636,-9.52851],[39.58471,-9.52737],[39.58284,-9.52815],[39.58301,-9.52491],[39.58177,-9.52366],[39.58404,-9.52323],[39.58338,-9.5212],[39.58506,-9.51933]]]},"properties":{"region":"Lindi","district":"Lindi","ward":"Kitomanga","ward_code":"281"}},{"type":"Feature","geometry":{"type":"Polygon","coordinates":[[[39.65119,-9.78403],[39.6076,-9.79642],[39.58793,-9.79598],[39.57658,-9.79291],[39.56202,-9.79805],[39.5501,-9.79578],[39.5408,-9.79733],[39.5264,-9.77354],[39.5033,-9.74604],[39.50407,-9.72422],[39.50081,-9.6812],[39.6069,-9.67558],[39.62639,-9.70172],[39.63586,-9.73048],[39.63618,-9.75173],[39.64742,-9.7659],[39.65119,-9.78403]]]},"properties":{"region":"Lindi","district":"Lindi","ward":"Kilangala","ward_code":"271"}},{"type":"Feature","geometry":{"type":"Polygon","coordinates":[[[39.64857,-9.47814],[39.65524,-9.48206],[39.65674,-9.48095],[39.65907,-9.48636],[39.67102,-9.49559],[39.67827,-9.49007],[39.68593,-9.49628],[39.69126,-9.51757],[39.70207,-9.52459],[39.69671,-9.53951],[39.71092,-9.56255],[39.71358,-9.57937],[39.66067,-9.5818],[39.65998,-9.60824],[39.60106,-9.60695],[39.60278,-9.57356],[39.59484,-9.5423],[39.58506,-9.51933],[39.58309,-9.51767],[39.58507,-9.51594],[39.58385,-9.51393],[39.58682,-9.51223],[39.58658,-9.50488],[39.58539,-9.50352],[39.58908,-9.50299],[39.59016,-9.50484],[39.59082,-9.5042],[39.59041,-9.50044],[39.59158,-9.49947],[39.59456,-9.49929],[39.59488,-9.49789],[39.597,-9.49902],[39.59682,-9.49563],[39.60184,-9.49701],[39.60352,-9.49597],[39.60172,-9.49499],[39.60522,-9.49463],[39.60956,-9.49721],[39.6107,-9.49587],[39.61062,-9.49423],[39.60976,-9.49286],[39.60722,-9.4919],[39.60906,-9.49067],[39.61087,-9.49129],[39.61213,-9.49342],[39.61399,-9.49371],[39.61822,-9.49112],[39.61996,-9.49185],[39.62111,-9.49081],[39.62133,-9.49259],[39.62316,-9.49074],[39.62511,-9.49092],[39.62544,-9.49332],[39.62688,-9.49343],[39.62922,-9.49042],[39.63597,-9.49031],[39.63923,-9.48671],[39.64148,-9.48042],[39.64857,-9.47814]]]},"properties":{"region":"Lindi","district":"Lindi","ward":"Mvuleni","ward_code":"291"}},{"type":"Feature","geometry":{"type":"Polygon","coordinates":[[[39.72848,-9.59846],[39.72961,-9.61036],[39.72393,-9.62296],[39.69196,-9.62552],[39.68673,-9.63677],[39.69165,-9.65761],[39.68763,-9.6697],[39.68728,-9.67671],[39.68381,-9.68267],[39.68033,-9.69736],[39.67112,-9.70918],[39.66452,-9.71163],[39.6353,-9.72878],[39.62639,-9.70172],[39.6069,-9.67558],[39.60005,-9.65216],[39.60106,-9.60695],[39.65998,-9.60824],[39.66067,-9.5818],[39.71358,-9.57937],[39.72233,-9.58954],[39.72848,-9.59846]]]},"properties":{"region":"Lindi","district":"Lindi","ward":"Kilolambwani","ward_code":"301"}},{"type":"Feature","geometry":{"type":"Polygon","coordinates":[[[39.75437,-9.7692],[39.76065,-9.78067],[39.68723,-9.77667],[39.65119,-9.78403],[39.64742,-9.7659],[39.63618,-9.75173],[39.6353,-9.72878],[39.66452,-9.71163],[39.67112,-9.70918],[39.68033,-9.69736],[39.68381,-9.68267],[39.68728,-9.67671],[39.68763,-9.6697],[39.69165,-9.65761],[39.68673,-9.63677],[39.69196,-9.62552],[39.72393,-9.62296],[39.71821,-9.63565],[39.74202,-9.64829],[39.74498,-9.66749],[39.73814,-9.68874],[39.75237,-9.70531],[39.72361,-9.72586],[39.71997,-9.7355],[39.73687,-9.7429],[39.75641,-9.75001],[39.75437,-9.7692]]]},"properties":{"region":"Lindi","district":"Lindi","ward":"Mchinga","ward_code":"311"}},{"type":"Feature","geometry":{"type":"Polygon","coordinates":[[[38.09679,-10.4683],[38.0954,-10.48855],[38.09749,-10.49921],[38.09517,-10.51286],[38.09497,-10.51962],[38.07626,-10.59275],[38.05226,-10.65531],[37.99041,-10.69878],[37.96087,-10.70192],[37.94179,-10.69236],[37.92041,-10.69683],[37.91728,-10.69272],[37.91441,-10.69226],[37.9134,-10.69335],[37.91328,-10.6917],[37.91209,-10.69067],[37.90789,-10.68988],[37.90871,-10.68839],[37.90742,-10.68728],[37.90871,-10.68403],[37.90514,-10.68206],[37.90532,-10.67744],[37.90235,-10.67594],[37.90251,-10.67376],[37.90131,-10.67417],[37.90045,-10.67246],[37.90059,-10.66954],[37.90156,-10.66689],[37.90793,-10.66426],[37.90931,-10.66128],[37.90757,-10.66011],[37.90858,-10.65876],[37.90806,-10.65544],[37.91015,-10.65351],[37.91019,-10.65215],[37.90601,-10.64732],[37.90292,-10.64814],[37.90271,-10.64632],[37.89813,-10.64442],[37.89817,-10.64146],[37.89682,-10.63906],[37.89734,-10.63754],[37.89587,-10.63404],[37.88851,-10.63263],[37.8877,-10.63024],[37.88389,-10.6299],[37.87869,-10.6233],[37.87538,-10.62413],[37.87495,-10.6185],[37.87698,-10.615],[37.87783,-10.6152],[37.8774,-10.61235],[37.87553,-10.61011],[37.87454,-10.61013],[37.87367,-10.60723],[37.87446,-10.60349],[37.86999,-10.59786],[37.86859,-10.58967],[37.86744,-10.58761],[37.86377,-10.58488],[37.866,-10.5828],[37.86539,-10.58124],[37.86287,-10.58176],[37.8588,-10.58089],[37.85809,-10.57789],[37.85597,-10.57656],[37.85764,-10.57493],[37.85999,-10.576],[37.8617,-10.57088],[37.8629,-10.57125],[37.86161,-10.56775],[37.8628,-10.56518],[37.86097,-10.56451],[37.86041,-10.56243],[37.86213,-10.55913],[37.86607,-10.55596],[37.86547,-10.55443],[37.86676,-10.55437],[37.85991,-10.54617],[37.85626,-10.54365],[37.85429,-10.54355],[37.91979,-10.52057],[37.95164,-10.53071],[37.95035,-10.51959],[37.94192,-10.50118],[37.94035,-10.4909],[37.94136,-10.4838],[37.94841,-10.47204],[37.95368,-10.46893],[37.96158,-10.46937],[37.98612,-10.45182],[38.04304,-10.43543],[38.09576,-10.45057],[38.09923,-10.45338],[38.10023,-10.45607],[38.09679,-10.4683]]]},"properties":{"region":"Lindi","district":"Nachingwea","ward":"Kilimarondo","ward_code":"101"}},{"type":"Feature","geometry":{"type":"Polygon","coordinates":[[[38.34751,-10.17841],[38.36666,-10.24789],[38.39348,-10.24935],[38.39623,-10.25475],[38.39547,-10.26107],[38.39014,-10.26874],[38.38847,-10.2802],[38.401,-10.29655],[38.40147,-10.31398],[38.40479,-10.32497],[38.40647,-10.3354],[38.40569,-10.34922],[38.40092,-10.35839],[38.40095,-10.37474],[38.40276,-10.38724],[38.39413,-10.40225],[38.39502,-10.41257],[38.36918,-10.60614],[38.36056,-10.60683],[38.34728,-10.60409],[38.32661,-10.60637],[38.29274,-10.60415],[38.28606,-10.60567],[38.2781,-10.61001],[38.27851,-10.5909],[38.27774,-10.58163],[38.26698,-10.5256],[38.19945,-10.52407],[38.09497,-10.51962],[38.09517,-10.51286],[38.09749,-10.49921],[38.0954,-10.48855],[38.09679,-10.4683],[38.10023,-10.45607],[38.09923,-10.45338],[38.09576,-10.45057],[38.04304,-10.43543],[38.02981,-10.41514],[38.02503,-10.39896],[38.0275,-10.3665],[38.03404,-10.36413],[38.03841,-10.3661],[38.04637,-10.36327],[38.04687,-10.36061],[38.04896,-10.35904],[38.05221,-10.35902],[38.05358,-10.35813],[38.05267,-10.35572],[38.05399,-10.35485],[38.05393,-10.35211],[38.0528,-10.35157],[38.0528,-10.34995],[38.05448,-10.34781],[38.05609,-10.3484],[38.06283,-10.34407],[38.06358,-10.3458],[38.06529,-10.34399],[38.06641,-10.34402],[38.06922,-10.33767],[38.06846,-10.33478],[38.07196,-10.33439],[38.07306,-10.33516],[38.07262,-10.33329],[38.07868,-10.32914],[38.07942,-10.3275],[38.08051,-10.32872],[38.08185,-10.32765],[38.08472,-10.32736],[38.08785,-10.32818],[38.08785,-10.32652],[38.0894,-10.32502],[38.09259,-10.32456],[38.09395,-10.32276],[38.0949,-10.32378],[38.09656,-10.32153],[38.09805,-10.3224],[38.09853,-10.31984],[38.1003,-10.31889],[38.10321,-10.32024],[38.10792,-10.31814],[38.11207,-10.31814],[38.11215,-10.31496],[38.11393,-10.31289],[38.11343,-10.31196],[38.11709,-10.31167],[38.1215,-10.30752],[38.12974,-10.30677],[38.13078,-10.30574],[38.13015,-10.30346],[38.1321,-10.30176],[38.13063,-10.29962],[38.13107,-10.29789],[38.13293,-10.29779],[38.13247,-10.29707],[38.13333,-10.29609],[38.13618,-10.29614],[38.13756,-10.29849],[38.14199,-10.29203],[38.15111,-10.29029],[38.15262,-10.28912],[38.15587,-10.293],[38.16078,-10.29605],[38.16222,-10.29842],[38.16563,-10.29909],[38.16716,-10.29727],[38.17215,-10.29871],[38.17308,-10.30013],[38.17456,-10.29965],[38.17481,-10.30137],[38.1791,-10.30495],[38.1794,-10.307],[38.18043,-10.30761],[38.18373,-10.30379],[38.19049,-10.301],[38.19268,-10.30254],[38.19286,-10.31413],[38.19591,-10.31843],[38.20084,-10.31873],[38.20212,-10.31645],[38.20388,-10.31681],[38.20787,-10.31139],[38.21114,-10.31018],[38.21213,-10.30876],[38.21147,-10.30754],[38.21617,-10.30473],[38.21249,-10.29842],[38.21123,-10.29774],[38.21256,-10.29603],[38.21513,-10.29507],[38.21966,-10.29568],[38.22275,-10.29451],[38.22988,-10.28665],[38.23296,-10.27872],[38.23401,-10.26963],[38.23655,-10.26726],[38.24038,-10.26566],[38.24535,-10.26991],[38.24746,-10.2692],[38.25182,-10.27014],[38.2542,-10.26884],[38.25749,-10.26929],[38.25802,-10.26644],[38.25954,-10.26534],[38.26028,-10.26283],[38.25808,-10.25891],[38.25486,-10.25631],[38.2541,-10.254],[38.25495,-10.25355],[38.25496,-10.25179],[38.25791,-10.25],[38.26238,-10.25039],[38.26588,-10.24804],[38.26658,-10.24629],[38.26795,-10.24614],[38.26948,-10.24669],[38.26982,-10.24792],[38.27237,-10.24765],[38.27473,-10.25022],[38.2793,-10.24625],[38.28026,-10.24336],[38.28507,-10.2421],[38.28665,-10.24312],[38.28807,-10.24246],[38.28809,-10.23835],[38.28644,-10.23493],[38.28649,-10.23249],[38.28869,-10.22906],[38.29256,-10.22647],[38.29379,-10.22697],[38.29544,-10.23039],[38.29675,-10.23076],[38.29851,-10.22874],[38.29892,-10.22479],[38.30068,-10.22209],[38.30389,-10.22097],[38.30574,-10.21873],[38.30356,-10.21361],[38.30512,-10.21066],[38.30774,-10.2088],[38.31048,-10.20856],[38.31321,-10.21168],[38.31408,-10.21156],[38.32009,-10.20639],[38.32367,-10.20694],[38.32677,-10.2049],[38.33145,-10.2001],[38.33067,-10.19709],[38.33194,-10.19398],[38.33281,-10.1935],[38.3372,-10.19475],[38.34036,-10.19385],[38.34446,-10.18909],[38.34462,-10.18065],[38.34751,-10.17841]]]},"properties":{"region":"Lindi","district":"Nachingwea","ward":"Mbondo","ward_code":"111"}},{"type":"Feature","geometry":{"type":"Polygon","coordinates":[[[37.89654,-10.36152],[37.89743,-10.36474],[37.90631,-10.36929],[37.90635,-10.37101],[37.90777,-10.37261],[37.90716,-10.37358],[37.91137,-10.37626],[37.91086,-10.37855],[37.91165,-10.38146],[37.91339,-10.38033],[37.91503,-10.38314],[37.91717,-10.38409],[37.91797,-10.38316],[37.91857,-10.38454],[37.91967,-10.38407],[37.92131,-10.3854],[37.92226,-10.38471],[37.92236,-10.38606],[37.92687,-10.38619],[37.92731,-10.38696],[37.93002,-10.38556],[37.9312,-10.38666],[37.93227,-10.38471],[37.93332,-10.38603],[37.93468,-10.38612],[37.93423,-10.38662],[37.93804,-10.38632],[37.93914,-10.3844],[37.94134,-10.3843],[37.94271,-10.38476],[37.94388,-10.38747],[37.94642,-10.38787],[37.94801,-10.38668],[37.94887,-10.38771],[37.94958,-10.38693],[37.95052,-10.38749],[37.95019,-10.38828],[37.95091,-10.38776],[37.95342,-10.38926],[37.9563,-10.38657],[37.95894,-10.38881],[37.95931,-10.38782],[37.96178,-10.38759],[37.96302,-10.38918],[37.96454,-10.38784],[37.96519,-10.38825],[37.96543,-10.38683],[37.9675,-10.38558],[37.96882,-10.38294],[37.96845,-10.37995],[37.97033,-10.37703],[37.9724,-10.37757],[37.97247,-10.37579],[37.97397,-10.37618],[37.97759,-10.37233],[37.97971,-10.37274],[37.98009,-10.37207],[37.98316,-10.37313],[37.98531,-10.3718],[37.98674,-10.37279],[37.99062,-10.37048],[37.99302,-10.37171],[37.99702,-10.37039],[37.99866,-10.37075],[37.99949,-10.37259],[38.00183,-10.37162],[38.00305,-10.36979],[38.00652,-10.36958],[38.00782,-10.37193],[38.0103,-10.37035],[38.0275,-10.3665],[38.02503,-10.39896],[38.02981,-10.41514],[38.04304,-10.43543],[37.98612,-10.45182],[37.96158,-10.46937],[37.95368,-10.46893],[37.94841,-10.47204],[37.94136,-10.4838],[37.94035,-10.4909],[37.94192,-10.50118],[37.95035,-10.51959],[37.95164,-10.53071],[37.91979,-10.52057],[37.85429,-10.54355],[37.85355,-10.54131],[37.85197,-10.54178],[37.85115,-10.54],[37.84954,-10.5398],[37.85026,-10.53757],[37.84861,-10.53541],[37.84748,-10.53617],[37.84523,-10.53546],[37.83941,-10.53143],[37.84092,-10.52975],[37.83882,-10.52757],[37.8385,-10.52124],[37.83679,-10.52052],[37.8369,-10.51613],[37.83527,-10.51627],[37.83478,-10.51535],[37.83569,-10.51278],[37.83405,-10.51127],[37.83455,-10.50945],[37.83243,-10.50833],[37.83285,-10.5062],[37.82574,-10.50256],[37.8237,-10.49982],[37.82128,-10.49915],[37.82144,-10.4975],[37.81961,-10.49584],[37.8204,-10.49398],[37.81804,-10.49396],[37.81823,-10.49267],[37.81618,-10.48956],[37.8148,-10.48925],[37.81235,-10.4865],[37.80795,-10.48519],[37.80691,-10.48388],[37.80619,-10.48486],[37.80195,-10.48542],[37.80119,-10.4824],[37.79293,-10.47995],[37.79271,-10.477],[37.79038,-10.47662],[37.78872,-10.47402],[37.78701,-10.4741],[37.78655,-10.47193],[37.78448,-10.47293],[37.78136,-10.46984],[37.77741,-10.46866],[37.7739,-10.46586],[37.77216,-10.46644],[37.77122,-10.46505],[37.76837,-10.46667],[37.76696,-10.46432],[37.75518,-10.46189],[37.75384,-10.45983],[37.75431,-10.45615],[37.75248,-10.45509],[37.75221,-10.45275],[37.75008,-10.45156],[37.75131,-10.4482],[37.75027,-10.44718],[37.74611,-10.44765],[37.74572,-10.44517],[37.74227,-10.44511],[37.74132,-10.44418],[37.73907,-10.44583],[37.73502,-10.44346],[37.73454,-10.44162],[37.73286,-10.44141],[37.73113,-10.44301],[37.72545,-10.4426],[37.72222,-10.44513],[37.71878,-10.44093],[37.71331,-10.44287],[37.71044,-10.43977],[37.70831,-10.44117],[37.70529,-10.4396],[37.70397,-10.44082],[37.70287,-10.43979],[37.69604,-10.44054],[37.69408,-10.43948],[37.6915,-10.44054],[37.6898,-10.43697],[37.69041,-10.43528],[37.6887,-10.43257],[37.68871,-10.42609],[37.68441,-10.42449],[37.68284,-10.41949],[37.68119,-10.41794],[37.67866,-10.41755],[37.67983,-10.41623],[37.67893,-10.41452],[37.67544,-10.41296],[37.67377,-10.41023],[37.74441,-10.39661],[37.75204,-10.39412],[37.75352,-10.39286],[37.75646,-10.39269],[37.76256,-10.38759],[37.76525,-10.38291],[37.76909,-10.38674],[37.77331,-10.38787],[37.77402,-10.38916],[37.77307,-10.39133],[37.7758,-10.39288],[37.78109,-10.3916],[37.78596,-10.39517],[37.78678,-10.39474],[37.79623,-10.3996],[37.80195,-10.39801],[37.80348,-10.40172],[37.80892,-10.40244],[37.81285,-10.39944],[37.81767,-10.39743],[37.82226,-10.39889],[37.82569,-10.39672],[37.82742,-10.3978],[37.83008,-10.3967],[37.83185,-10.39363],[37.83173,-10.38919],[37.83544,-10.38573],[37.83799,-10.3867],[37.84026,-10.3858],[37.84421,-10.38599],[37.84767,-10.38451],[37.85053,-10.38167],[37.85576,-10.38039],[37.85654,-10.37789],[37.85879,-10.37588],[37.86597,-10.37401],[37.87337,-10.37539],[37.88069,-10.37391],[37.88216,-10.37168],[37.88538,-10.37178],[37.8888,-10.36626],[37.89447,-10.3635],[37.89453,-10.36216],[37.89654,-10.36152]]]},"properties":{"region":"Lindi","district":"Nachingwea","ward":"Kiegei","ward_code":"121"}},{"type":"Feature","geometry":{"type":"Polygon","coordinates":[[[38.21244,-10.69399],[38.20716,-10.69721],[38.19797,-10.69648],[38.18609,-10.7019],[38.17506,-10.70493],[38.1633,-10.72343],[38.15701,-10.73083],[38.15031,-10.73474],[38.14832,-10.73429],[38.14295,-10.73711],[38.14045,-10.73508],[38.13262,-10.73694],[38.12324,-10.74615],[38.11639,-10.74567],[38.10869,-10.74056],[38.09527,-10.71984],[38.08583,-10.71659],[38.07348,-10.71583],[38.05432,-10.71255],[38.03701,-10.71449],[38.01484,-10.72916],[38.00806,-10.7254],[37.99668,-10.72336],[37.97939,-10.72913],[37.94832,-10.73525],[37.94733,-10.7318],[37.94263,-10.73198],[37.9418,-10.73018],[37.9423,-10.72814],[37.94159,-10.72775],[37.94019,-10.72908],[37.93967,-10.7248],[37.93433,-10.72185],[37.93485,-10.71971],[37.93252,-10.71491],[37.93129,-10.71542],[37.93019,-10.71416],[37.92911,-10.71531],[37.92717,-10.71369],[37.92832,-10.70529],[37.92656,-10.70415],[37.92864,-10.70101],[37.9256,-10.69977],[37.924,-10.69716],[37.9224,-10.69926],[37.92016,-10.69849],[37.92041,-10.69683],[37.94179,-10.69236],[37.96087,-10.70192],[37.99041,-10.69878],[38.05226,-10.65531],[38.07626,-10.59275],[38.09497,-10.51962],[38.19945,-10.52407],[38.26698,-10.5256],[38.27774,-10.58163],[38.27851,-10.5909],[38.27824,-10.64856],[38.27608,-10.6705],[38.22171,-10.6918],[38.21244,-10.69399]]]},"properties":{"region":"Lindi","district":"Nachingwea","ward":"Matekwe","ward_code":"231"}},{"type":"Feature","geometry":{"type":"Polygon","coordinates":[[[38.53396,-10.17606],[38.53809,-10.21586],[38.53218,-10.21434],[38.52105,-10.21504],[38.50331,-10.22834],[38.49276,-10.23349],[38.47555,-10.23579],[38.46677,-10.23554],[38.43785,-10.24616],[38.42721,-10.21606],[38.4286,-10.18842],[38.43227,-10.17424],[38.43025,-10.1661],[38.4913,-10.1457],[38.49234,-10.13992],[38.49193,-10.13366],[38.48811,-10.13017],[38.48686,-10.1218],[38.49169,-10.1085],[38.51484,-10.10046],[38.53027,-10.10026],[38.53465,-10.11289],[38.53819,-10.12756],[38.54374,-10.13579],[38.54809,-10.13792],[38.54813,-10.14799],[38.53854,-10.16113],[38.53396,-10.17606]]]},"properties":{"region":"Lindi","district":"Nachingwea","ward":"Lionja","ward_code":"071"}},{"type":"Feature","geometry":{"type":"Polygon","coordinates":[[[38.57242,-10.16001],[38.57857,-10.16849],[38.5762,-10.19199],[38.57672,-10.2128],[38.58133,-10.23705],[38.55813,-10.24069],[38.54532,-10.24142],[38.53809,-10.21586],[38.53396,-10.17606],[38.53854,-10.16113],[38.54813,-10.14799],[38.54809,-10.13792],[38.55862,-10.15779],[38.57242,-10.16001]]]},"properties":{"region":"Lindi","district":"Nachingwea","ward":"Namikango","ward_code":"081"}},{"type":"Feature","geometry":{"type":"Polygon","coordinates":[[[38.5966,-10.00417],[38.59224,-10.01921],[38.60063,-10.02461],[38.60576,-10.0331],[38.59978,-10.04552],[38.60141,-10.05169],[38.60567,-10.05527],[38.61012,-10.06313],[38.61261,-10.07855],[38.62431,-10.08589],[38.62584,-10.09525],[38.63408,-10.10924],[38.63156,-10.11127],[38.63114,-10.11469],[38.62934,-10.11808],[38.62533,-10.12064],[38.62582,-10.12306],[38.62414,-10.12521],[38.62388,-10.12809],[38.62121,-10.12946],[38.61994,-10.13395],[38.62056,-10.13823],[38.61233,-10.138],[38.58717,-10.14441],[38.573,-10.15951],[38.55862,-10.15779],[38.54809,-10.13792],[38.54374,-10.13579],[38.53819,-10.12756],[38.53465,-10.11289],[38.53027,-10.10026],[38.51511,-10.10043],[38.51518,-10.09575],[38.51408,-10.09355],[38.51441,-10.09189],[38.5179,-10.08907],[38.51747,-10.08305],[38.51891,-10.07897],[38.51619,-10.07167],[38.51439,-10.06071],[38.51525,-10.06025],[38.51636,-10.06163],[38.51662,-10.05913],[38.5199,-10.05867],[38.52178,-10.05676],[38.52065,-10.05497],[38.52563,-10.05409],[38.52655,-10.05021],[38.52852,-10.04725],[38.52696,-10.04383],[38.52367,-10.04243],[38.52538,-10.038],[38.52883,-10.03636],[38.52958,-10.0343],[38.53581,-10.0332],[38.53576,-10.03156],[38.53755,-10.02951],[38.537,-10.02691],[38.53885,-10.02715],[38.53956,-10.02394],[38.54106,-10.02432],[38.54224,-10.02226],[38.54278,-10.01803],[38.54465,-10.01619],[38.54688,-10.01577],[38.54836,-10.01295],[38.55179,-10.01286],[38.55441,-10.00911],[38.55603,-10.01067],[38.55871,-10.00793],[38.56124,-10.00739],[38.56281,-10.00732],[38.56537,-10.00992],[38.56708,-10.00953],[38.56699,-10.00657],[38.57115,-10.00764],[38.57205,-10.0089],[38.57376,-10.00637],[38.57685,-10.00667],[38.57753,-10.00374],[38.57992,-10.00513],[38.58248,-10.00486],[38.58507,-10.00248],[38.58603,-10.00437],[38.58751,-10.00452],[38.5882,-10.00282],[38.59059,-10.00157],[38.59337,-10.00362],[38.5966,-10.00417]]]},"properties":{"region":"Lindi","district":"Nachingwea","ward":"Nditi","ward_code":"091"}},{"type":"Feature","geometry":{"type":"Polygon","coordinates":[[[38.50992,-10.06352],[38.51023,-10.06623],[38.51108,-10.06643],[38.51372,-10.06527],[38.51513,-10.0634],[38.51619,-10.07167],[38.51891,-10.07897],[38.51747,-10.08305],[38.5179,-10.08907],[38.51441,-10.09189],[38.51511,-10.10043],[38.49169,-10.1085],[38.48686,-10.1218],[38.48811,-10.13017],[38.49193,-10.13366],[38.49234,-10.13992],[38.4913,-10.1457],[38.43025,-10.1661],[38.43227,-10.17424],[38.4286,-10.18842],[38.42721,-10.21606],[38.43785,-10.24616],[38.42044,-10.25],[38.41053,-10.26022],[38.39014,-10.26874],[38.39547,-10.26107],[38.39623,-10.25475],[38.39348,-10.24935],[38.36666,-10.24789],[38.34751,-10.17841],[38.35261,-10.17863],[38.35388,-10.17739],[38.35427,-10.17615],[38.35132,-10.17527],[38.35338,-10.1711],[38.35591,-10.1691],[38.35731,-10.16626],[38.35664,-10.16276],[38.35879,-10.16094],[38.36087,-10.15656],[38.36267,-10.1574],[38.36266,-10.15884],[38.36539,-10.15978],[38.37211,-10.15202],[38.37242,-10.15117],[38.37075,-10.15017],[38.37059,-10.14899],[38.37507,-10.14716],[38.37711,-10.14456],[38.38061,-10.14575],[38.38308,-10.14062],[38.3921,-10.13983],[38.39128,-10.1372],[38.38738,-10.13187],[38.38987,-10.12542],[38.3927,-10.12379],[38.39551,-10.12488],[38.39989,-10.12473],[38.40361,-10.12284],[38.40357,-10.12098],[38.40652,-10.11822],[38.4058,-10.11589],[38.40997,-10.11181],[38.41548,-10.11026],[38.41951,-10.11038],[38.42334,-10.10615],[38.4258,-10.09914],[38.43259,-10.09796],[38.43604,-10.09427],[38.43816,-10.09402],[38.43924,-10.09486],[38.44322,-10.09294],[38.44378,-10.08844],[38.44251,-10.08718],[38.44395,-10.08379],[38.44749,-10.08222],[38.45012,-10.07756],[38.45202,-10.0786],[38.45408,-10.07776],[38.45835,-10.07884],[38.46003,-10.07569],[38.46302,-10.07406],[38.46329,-10.0727],[38.46706,-10.07327],[38.46922,-10.07236],[38.4718,-10.06843],[38.47176,-10.06492],[38.47766,-10.06633],[38.47844,-10.06436],[38.48062,-10.06563],[38.48338,-10.06343],[38.48624,-10.06511],[38.49246,-10.06486],[38.4937,-10.0632],[38.49518,-10.06347],[38.49724,-10.06627],[38.49846,-10.06615],[38.49815,-10.06469],[38.50104,-10.0633],[38.50992,-10.06352]]]},"properties":{"region":"Lindi","district":"Nachingwea","ward":"Ngunichile","ward_code":"271"}},{"type":"Feature","geometry":{"type":"Polygon","coordinates":[[[38.7271,-10.22692],[38.73149,-10.22897],[38.74823,-10.22878],[38.74714,-10.29338],[38.69802,-10.30065],[38.68262,-10.30129],[38.67444,-10.29901],[38.66813,-10.29421],[38.66531,-10.28889],[38.66666,-10.28831],[38.6661,-10.2856],[38.66847,-10.2848],[38.66912,-10.2818],[38.66721,-10.27833],[38.66864,-10.27547],[38.66597,-10.26896],[38.66588,-10.25723],[38.66953,-10.25081],[38.66874,-10.24597],[38.65746,-10.23882],[38.67528,-10.21184],[38.67431,-10.20088],[38.6679,-10.19696],[38.67718,-10.19562],[38.69076,-10.18904],[38.71229,-10.19347],[38.71994,-10.21895],[38.7271,-10.22692]]]},"properties":{"region":"Lindi","district":"Nachingwea","ward":"Ruponda","ward_code":"031"}},{"type":"Feature","geometry":{"type":"Polygon","coordinates":[[[38.60651,-10.20863],[38.61765,-10.21156],[38.6381,-10.20931],[38.6479,-10.21148],[38.64915,-10.21492],[38.65329,-10.21455],[38.65455,-10.21525],[38.65588,-10.21286],[38.66031,-10.2112],[38.67057,-10.21337],[38.67253,-10.21543],[38.65746,-10.23882],[38.66874,-10.24597],[38.66953,-10.25081],[38.66588,-10.25723],[38.66597,-10.26896],[38.66864,-10.27547],[38.66721,-10.27833],[38.66912,-10.2818],[38.66847,-10.2848],[38.6661,-10.2856],[38.66666,-10.28831],[38.66531,-10.28889],[38.66813,-10.29421],[38.67211,-10.29724],[38.66055,-10.308],[38.64231,-10.31371],[38.6372,-10.32145],[38.63692,-10.33238],[38.63032,-10.34596],[38.61554,-10.33725],[38.60644,-10.33513],[38.6077,-10.31002],[38.60245,-10.28518],[38.58866,-10.29265],[38.58881,-10.29506],[38.58473,-10.29548],[38.58238,-10.29747],[38.5649,-10.2975],[38.51755,-10.29394],[38.51719,-10.29225],[38.54532,-10.24142],[38.55813,-10.24069],[38.58133,-10.23705],[38.57672,-10.2128],[38.60535,-10.21665],[38.60651,-10.20863]]]},"properties":{"region":"Lindi","district":"Nachingwea","ward":"Mnero Miembeni","ward_code":"041"}},{"type":"Feature","geometry":{"type":"Polygon","coordinates":[[[38.68634,-9.93429],[38.71041,-9.96215],[38.71949,-9.98005],[38.73927,-9.99727],[38.72438,-10.00869],[38.71429,-10.00477],[38.71035,-10.00431],[38.70851,-10.00903],[38.70935,-10.0099],[38.70771,-10.0113],[38.70843,-10.01223],[38.70468,-10.01357],[38.70214,-10.0183],[38.70275,-10.01907],[38.70148,-10.02096],[38.7019,-10.02282],[38.70371,-10.02521],[38.69743,-10.03449],[38.69706,-10.04261],[38.69306,-10.04636],[38.69188,-10.05081],[38.69258,-10.05174],[38.69184,-10.05339],[38.69295,-10.05353],[38.69518,-10.05938],[38.69386,-10.06019],[38.69419,-10.06179],[38.69678,-10.06255],[38.69662,-10.06761],[38.69835,-10.06977],[38.69786,-10.07503],[38.7013,-10.08037],[38.70018,-10.08802],[38.69797,-10.09165],[38.69818,-10.09611],[38.67147,-10.09444],[38.64991,-10.09633],[38.62584,-10.09525],[38.62431,-10.08589],[38.61261,-10.07855],[38.61012,-10.06313],[38.60567,-10.05527],[38.60141,-10.05169],[38.59978,-10.04552],[38.60576,-10.0331],[38.60063,-10.02461],[38.59224,-10.01921],[38.5966,-10.00417],[38.59764,-10.00336],[38.59697,-10.00191],[38.59974,-10.00034],[38.59905,-9.99906],[38.60045,-9.99843],[38.60027,-9.99441],[38.60212,-9.99077],[38.60352,-9.99017],[38.60298,-9.9868],[38.6045,-9.98638],[38.60597,-9.98411],[38.60816,-9.98306],[38.61096,-9.98325],[38.61615,-9.98539],[38.61782,-9.98444],[38.61867,-9.98541],[38.62057,-9.98504],[38.62031,-9.98377],[38.62391,-9.97629],[38.62355,-9.97448],[38.62742,-9.97453],[38.62751,-9.97303],[38.62922,-9.97178],[38.6327,-9.97008],[38.63413,-9.97074],[38.63469,-9.96999],[38.63397,-9.96858],[38.6393,-9.97054],[38.64173,-9.96832],[38.64211,-9.96622],[38.64474,-9.96527],[38.64718,-9.96296],[38.64591,-9.96097],[38.64698,-9.95713],[38.64851,-9.95767],[38.65309,-9.95628],[38.65273,-9.95539],[38.658,-9.9468],[38.65737,-9.94262],[38.65878,-9.94215],[38.66,-9.93925],[38.66297,-9.93753],[38.66458,-9.93461],[38.66597,-9.93787],[38.66906,-9.93553],[38.67076,-9.93709],[38.67297,-9.93698],[38.67706,-9.93959],[38.67922,-9.9383],[38.68055,-9.93873],[38.68066,-9.94094],[38.68217,-9.93986],[38.68314,-9.93657],[38.68542,-9.93668],[38.68634,-9.93429]]]},"properties":{"region":"Lindi","district":"Nachingwea","ward":"Namapwia","ward_code":"051"}},{"type":"Feature","geometry":{"type":"Polygon","coordinates":[[[38.73503,-10.09512],[38.734,-10.09774],[38.72813,-10.10423],[38.72544,-10.11671],[38.71685,-10.13889],[38.71859,-10.16201],[38.71258,-10.17643],[38.71229,-10.19347],[38.69076,-10.18904],[38.67718,-10.19562],[38.66193,-10.19734],[38.64966,-10.17837],[38.64786,-10.17258],[38.63305,-10.16189],[38.62991,-10.16157],[38.62957,-10.1593],[38.62811,-10.15751],[38.62935,-10.15526],[38.6276,-10.15423],[38.6282,-10.15248],[38.62563,-10.14976],[38.62623,-10.14538],[38.62497,-10.14336],[38.62509,-10.14103],[38.62206,-10.14023],[38.62056,-10.13823],[38.61994,-10.13395],[38.62121,-10.12946],[38.62388,-10.12809],[38.62414,-10.12521],[38.62582,-10.12306],[38.62533,-10.12064],[38.62934,-10.11808],[38.63114,-10.11469],[38.63156,-10.11127],[38.63408,-10.10924],[38.62584,-10.09525],[38.64991,-10.09633],[38.67147,-10.09444],[38.69818,-10.09611],[38.69797,-10.09165],[38.70018,-10.08802],[38.7013,-10.08037],[38.69786,-10.07503],[38.69835,-10.06977],[38.69662,-10.06761],[38.69678,-10.06255],[38.69419,-10.06179],[38.69386,-10.06019],[38.69518,-10.05938],[38.69295,-10.05353],[38.69184,-10.05339],[38.69306,-10.04636],[38.69706,-10.04261],[38.71818,-10.0619],[38.73066,-10.07041],[38.74156,-10.07219],[38.74922,-10.08135],[38.74698,-10.08597],[38.7452,-10.08651],[38.74193,-10.08993],[38.73971,-10.09355],[38.73503,-10.09512]]]},"properties":{"region":"Lindi","district":"Nachingwea","ward":"Kipara Mnero","ward_code":"061"}},{"type":"Feature","geometry":{"type":"Polygon","coordinates":[[[38.73927,-9.99727],[38.7563,-10.01208],[38.76801,-10.0077],[38.78047,-10.01121],[38.78852,-10.01799],[38.80639,-10.0361],[38.81699,-10.03792],[38.84337,-10.05426],[38.83706,-10.07545],[38.83855,-10.0782],[38.82948,-10.0895],[38.82379,-10.09884],[38.82122,-10.10526],[38.83952,-10.11782],[38.84657,-10.11877],[38.84399,-10.12089],[38.84332,-10.12358],[38.84401,-10.1251],[38.84028,-10.12807],[38.83785,-10.13658],[38.83754,-10.1381],[38.84013,-10.14023],[38.84149,-10.14353],[38.84075,-10.14636],[38.83216,-10.15252],[38.83108,-10.15573],[38.8286,-10.15783],[38.83609,-10.16651],[38.79105,-10.18743],[38.76528,-10.1662],[38.74329,-10.16491],[38.71859,-10.16201],[38.71685,-10.13889],[38.72544,-10.11671],[38.72813,-10.10423],[38.734,-10.09774],[38.73503,-10.09512],[38.73971,-10.09355],[38.74193,-10.08993],[38.7452,-10.08651],[38.74698,-10.08597],[38.74922,-10.08135],[38.74156,-10.07219],[38.73066,-10.07041],[38.71818,-10.0619],[38.69706,-10.04261],[38.69743,-10.03449],[38.70371,-10.02521],[38.7019,-10.02282],[38.70148,-10.02096],[38.70275,-10.01907],[38.70214,-10.0183],[38.70468,-10.01357],[38.70843,-10.01223],[38.70771,-10.0113],[38.70935,-10.0099],[38.70851,-10.00903],[38.71035,-10.00431],[38.71429,-10.00477],[38.72438,-10.00869],[38.73927,-9.99727]]]},"properties":{"region":"Lindi","district":"Nachingwea","ward":"Mkoka","ward_code":"131"}},{"type":"Feature","geometry":{"type":"Polygon","coordinates":[[[38.87186,-10.20165],[38.87421,-10.19951],[38.87482,-10.20036],[38.8767,-10.1996],[38.87891,-10.19759],[38.88756,-10.19625],[38.89571,-10.19731],[38.90044,-10.22277],[38.90104,-10.23647],[38.89981,-10.24154],[38.89508,-10.24414],[38.8595,-10.24553],[38.84198,-10.24849],[38.83777,-10.24975],[38.83553,-10.25503],[38.82511,-10.23136],[38.81642,-10.225],[38.81393,-10.21746],[38.80304,-10.21965],[38.79488,-10.21994],[38.79522,-10.20954],[38.79338,-10.2043],[38.79105,-10.18743],[38.83609,-10.16651],[38.83697,-10.16739],[38.83674,-10.17462],[38.85327,-10.18405],[38.85831,-10.18427],[38.86764,-10.19388],[38.87186,-10.20165]]]},"properties":{"region":"Lindi","district":"Nachingwea","ward":"Chiola","ward_code":"141"}},{"type":"Feature","geometry":{"type":"Polygon","coordinates":[[[38.62957,-10.1593],[38.62991,-10.16157],[38.63305,-10.16189],[38.64786,-10.17258],[38.64966,-10.17837],[38.66193,-10.19734],[38.6679,-10.19696],[38.67431,-10.20088],[38.67528,-10.21184],[38.67253,-10.21543],[38.67057,-10.21337],[38.66031,-10.2112],[38.65588,-10.21286],[38.65455,-10.21525],[38.65329,-10.21455],[38.64915,-10.21492],[38.6479,-10.21148],[38.6381,-10.20931],[38.61765,-10.21156],[38.60651,-10.20863],[38.60535,-10.21665],[38.57672,-10.2128],[38.5762,-10.19199],[38.57857,-10.16849],[38.57283,-10.16133],[38.57224,-10.15942],[38.573,-10.15951],[38.58717,-10.14441],[38.61233,-10.138],[38.62056,-10.13823],[38.62206,-10.14023],[38.62509,-10.14103],[38.62497,-10.14336],[38.62623,-10.14538],[38.62563,-10.14976],[38.6282,-10.15248],[38.6276,-10.15423],[38.62935,-10.15526],[38.62811,-10.15751],[38.62957,-10.1593]]]},"properties":{"region":"Lindi","district":"Nachingwea","ward":"Mnero Ngongo","ward_code":"221"}},{"type":"Feature","geometry":{"type":"Polygon","coordinates":[[[38.79488,-10.21994],[38.81393,-10.21746],[38.81642,-10.225],[38.82511,-10.23136],[38.83553,-10.25503],[38.84159,-10.2738],[38.84644,-10.28329],[38.80777,-10.27952],[38.79024,-10.26488],[38.77859,-10.28824],[38.77787,-10.31039],[38.77542,-10.31146],[38.76932,-10.3104],[38.76219,-10.30368],[38.75633,-10.30028],[38.74824,-10.29921],[38.74714,-10.29338],[38.74823,-10.22878],[38.73149,-10.22897],[38.7271,-10.22692],[38.71994,-10.21895],[38.71229,-10.19347],[38.71258,-10.17643],[38.71859,-10.16201],[38.74329,-10.16491],[38.76528,-10.1662],[38.79105,-10.18743],[38.79338,-10.2043],[38.79522,-10.20954],[38.79488,-10.21994]]]},"properties":{"region":"Lindi","district":"Nachingwea","ward":"Marambo","ward_code":"241"}},{"type":"Feature","geometry":{"type":"Polygon","coordinates":[[[38.84333,-10.34664],[38.82857,-10.36593],[38.82916,-10.3707],[38.8282,-10.37628],[38.82922,-10.38079],[38.81832,-10.38283],[38.81127,-10.38286],[38.80975,-10.37941],[38.80712,-10.37748],[38.80659,-10.37157],[38.78908,-10.37197],[38.78244,-10.36987],[38.77983,-10.37202],[38.76539,-10.37243],[38.76553,-10.36394],[38.76412,-10.36351],[38.76417,-10.36141],[38.76529,-10.36102],[38.7654,-10.35957],[38.76792,-10.35957],[38.76955,-10.36091],[38.77376,-10.36162],[38.77678,-10.35908],[38.7959,-10.35373],[38.81337,-10.34398],[38.84338,-10.32406],[38.84333,-10.34664]]]},"properties":{"region":"Lindi","district":"Nachingwea","ward":"Nambambo","ward_code":"012"}},{"type":"Feature","geometry":{"type":"Polygon","coordinates":[[[38.78674,-10.37154],[38.80659,-10.37157],[38.80712,-10.37748],[38.80975,-10.37941],[38.81127,-10.38286],[38.81832,-10.38283],[38.82922,-10.38079],[38.83059,-10.38731],[38.82781,-10.39672],[38.82919,-10.40862],[38.81623,-10.41215],[38.80392,-10.41252],[38.79666,-10.40702],[38.77803,-10.40013],[38.77811,-10.39893],[38.77636,-10.39767],[38.77021,-10.39732],[38.76827,-10.38741],[38.76876,-10.38257],[38.76602,-10.3776],[38.76539,-10.37243],[38.77983,-10.37202],[38.78244,-10.36987],[38.78674,-10.37154]]]},"properties":{"region":"Lindi","district":"Nachingwea","ward":"Kilimanihewa","ward_code":"023"}},{"type":"Feature","geometry":{"type":"Polygon","coordinates":[[[38.76523,-10.34352],[38.75896,-10.34999],[38.75802,-10.34838],[38.75252,-10.34933],[38.7488,-10.34766],[38.73761,-10.35275],[38.7231,-10.35609],[38.7231,-10.34886],[38.70929,-10.32919],[38.70589,-10.31473],[38.70571,-10.29951],[38.74714,-10.29338],[38.74824,-10.29921],[38.75466,-10.30014],[38.77438,-10.34002],[38.76523,-10.34352]]]},"properties":{"region":"Lindi","district":"Nachingwea","ward":"Nangowe","ward_code":"161"}},{"type":"Feature","geometry":{"type":"Polygon","coordinates":[[[38.76389,-10.39054],[38.76873,-10.391],[38.77021,-10.39732],[38.77636,-10.39767],[38.77811,-10.39893],[38.77803,-10.40013],[38.79666,-10.40702],[38.80392,-10.41252],[38.81623,-10.41215],[38.82919,-10.40862],[38.84317,-10.40728],[38.83695,-10.42055],[38.82451,-10.43721],[38.82569,-10.45153],[38.81165,-10.44864],[38.80641,-10.45125],[38.80824,-10.45538],[38.79865,-10.4653],[38.79279,-10.47628],[38.78953,-10.49737],[38.78937,-10.51077],[38.76983,-10.51631],[38.76044,-10.5272],[38.75233,-10.53273],[38.74999,-10.53082],[38.74835,-10.53087],[38.74744,-10.52587],[38.7458,-10.52368],[38.7437,-10.52343],[38.74195,-10.52059],[38.74219,-10.51925],[38.73962,-10.51935],[38.73794,-10.5208],[38.73537,-10.52038],[38.73368,-10.518],[38.73205,-10.51878],[38.72875,-10.51605],[38.72674,-10.51329],[38.72383,-10.50588],[38.72317,-10.49679],[38.71971,-10.49018],[38.71045,-10.47908],[38.70822,-10.47805],[38.70423,-10.47812],[38.69694,-10.48706],[38.69174,-10.49872],[38.69263,-10.46886],[38.70072,-10.45583],[38.70905,-10.44742],[38.7167,-10.42179],[38.71716,-10.41157],[38.73661,-10.41052],[38.7545,-10.38291],[38.75527,-10.38511],[38.76389,-10.39054]]]},"properties":{"region":"Lindi","district":"Nachingwea","ward":"Stesheni","ward_code":"191"}},{"type":"Feature","geometry":{"type":"Polygon","coordinates":[[[38.74568,-10.36639],[38.74731,-10.37636],[38.75395,-10.38186],[38.7545,-10.38291],[38.7538,-10.38419],[38.73661,-10.41052],[38.71716,-10.41157],[38.71187,-10.4058],[38.70809,-10.39955],[38.71175,-10.39962],[38.71379,-10.39164],[38.71187,-10.38927],[38.7122,-10.38561],[38.70804,-10.3751],[38.70734,-10.36967],[38.70809,-10.36909],[38.70702,-10.36799],[38.70835,-10.3676],[38.71191,-10.36229],[38.7231,-10.35609],[38.73761,-10.35275],[38.74568,-10.36639]]]},"properties":{"region":"Lindi","district":"Nachingwea","ward":"Namatula","ward_code":"251"}},{"type":"Feature","geometry":{"type":"Polygon","coordinates":[[[38.67444,-10.29901],[38.68262,-10.30129],[38.70571,-10.29951],[38.70589,-10.31473],[38.70929,-10.32919],[38.7231,-10.34886],[38.7231,-10.35609],[38.71191,-10.36229],[38.70914,-10.36632],[38.68969,-10.36667],[38.6815,-10.37195],[38.67872,-10.36921],[38.67144,-10.36684],[38.66665,-10.37032],[38.65475,-10.37201],[38.6547,-10.37285],[38.62409,-10.37303],[38.61962,-10.36584],[38.61705,-10.36473],[38.61466,-10.36198],[38.61861,-10.35463],[38.62542,-10.34565],[38.62761,-10.34476],[38.63032,-10.34596],[38.63692,-10.33238],[38.6372,-10.32145],[38.64231,-10.31371],[38.66055,-10.308],[38.67211,-10.29724],[38.67444,-10.29901]]]},"properties":{"region":"Lindi","district":"Nachingwea","ward":"Mitumbati","ward_code":"311"}},{"type":"Feature","geometry":{"type":"Polygon","coordinates":[[[38.7488,-10.34766],[38.75252,-10.34933],[38.75802,-10.34838],[38.76291,-10.35765],[38.76068,-10.3583],[38.76085,-10.35629],[38.75731,-10.35469],[38.75689,-10.35356],[38.75381,-10.35604],[38.75426,-10.35803],[38.75681,-10.35912],[38.75636,-10.36072],[38.75825,-10.36092],[38.75817,-10.36238],[38.76133,-10.36259],[38.76037,-10.37251],[38.76177,-10.3725],[38.76039,-10.37845],[38.754,-10.37809],[38.75393,-10.38184],[38.74731,-10.37636],[38.74549,-10.36496],[38.74297,-10.36218],[38.7426,-10.36016],[38.73761,-10.35275],[38.7488,-10.34766]]]},"properties":{"region":"Lindi","district":"Nachingwea","ward":"Ugawaji","ward_code":"343"}},{"type":"Feature","geometry":{"type":"Polygon","coordinates":[[[38.76636,-10.34308],[38.77126,-10.35017],[38.7959,-10.35373],[38.77678,-10.35908],[38.77376,-10.36162],[38.76955,-10.36091],[38.76792,-10.35957],[38.7654,-10.35957],[38.76529,-10.36102],[38.76417,-10.36141],[38.76409,-10.36369],[38.75817,-10.36238],[38.75825,-10.36092],[38.75636,-10.36072],[38.75681,-10.35912],[38.75426,-10.35803],[38.75381,-10.35604],[38.75689,-10.35356],[38.75731,-10.35469],[38.76085,-10.35629],[38.76068,-10.3583],[38.76291,-10.35765],[38.75896,-10.34999],[38.76282,-10.34548],[38.76636,-10.34308]]]},"properties":{"region":"Lindi","district":"Nachingwea","ward":"Boma","ward_code":"353"}},{"type":"Feature","geometry":{"type":"Polygon","coordinates":[[[38.76127,-10.36327],[38.76553,-10.36394],[38.7655,-10.37593],[38.76876,-10.38257],[38.76873,-10.391],[38.76389,-10.39054],[38.76078,-10.38892],[38.75527,-10.38511],[38.75393,-10.38184],[38.754,-10.37809],[38.76039,-10.37845],[38.76177,-10.3725],[38.76037,-10.37251],[38.76127,-10.36327]]]},"properties":{"region":"Lindi","district":"Nachingwea","ward":"Nachingwea Mjini","ward_code":"363"}},{"type":"Feature","geometry":{"type":"Polygon","coordinates":[[[38.85934,-10.3094],[38.84875,-10.31729],[38.84338,-10.32406],[38.81337,-10.34398],[38.7959,-10.35373],[38.77126,-10.35017],[38.76636,-10.34308],[38.77438,-10.34002],[38.75466,-10.30014],[38.76219,-10.30368],[38.76932,-10.3104],[38.77542,-10.31146],[38.77787,-10.31039],[38.77859,-10.28824],[38.79024,-10.26488],[38.80777,-10.27952],[38.84644,-10.28329],[38.85454,-10.30061],[38.85848,-10.30253],[38.85934,-10.3094]]]},"properties":{"region":"Lindi","district":"Nachingwea","ward":"Mpiruka","ward_code":"151"}},{"type":"Feature","geometry":{"type":"Polygon","coordinates":[[[38.92731,-10.40628],[38.92779,-10.41711],[38.9262,-10.4494],[38.92357,-10.44909],[38.92062,-10.44286],[38.91934,-10.44278],[38.91858,-10.44507],[38.91515,-10.44665],[38.9128,-10.44631],[38.91015,-10.44343],[38.89884,-10.44878],[38.89641,-10.44507],[38.89695,-10.4412],[38.89548,-10.43889],[38.8937,-10.43851],[38.89144,-10.44076],[38.86983,-10.43879],[38.87465,-10.42325],[38.86987,-10.40684],[38.86329,-10.40796],[38.84317,-10.40728],[38.82919,-10.40862],[38.82781,-10.39672],[38.83059,-10.38731],[38.8282,-10.37628],[38.82916,-10.3707],[38.82857,-10.36593],[38.84333,-10.34664],[38.84338,-10.32406],[38.84875,-10.31729],[38.85934,-10.3094],[38.8625,-10.32447],[38.85935,-10.3365],[38.859,-10.3457],[38.86921,-10.35196],[38.87804,-10.3553],[38.89769,-10.35661],[38.92801,-10.37319],[38.92876,-10.38975],[38.92731,-10.40628]]]},"properties":{"region":"Lindi","district":"Nachingwea","ward":"Mkotokuyana","ward_code":"171"}},{"type":"Feature","geometry":{"type":"Polygon","coordinates":[[[38.81804,-10.50967],[38.8115,-10.50992],[38.81215,-10.48372],[38.80998,-10.45929],[38.80641,-10.45125],[38.81165,-10.44864],[38.82569,-10.45153],[38.82813,-10.4541],[38.8306,-10.45989],[38.82048,-10.46584],[38.82201,-10.4702],[38.82043,-10.48568],[38.8186,-10.49024],[38.81973,-10.50119],[38.81804,-10.50967]]]},"properties":{"region":"Lindi","district":"Nachingwea","ward":"Naipanga","ward_code":"183"}},{"type":"Feature","geometry":{"type":"Polygon","coordinates":[[[38.70914,-10.36632],[38.70702,-10.36799],[38.70809,-10.36909],[38.70734,-10.36967],[38.70804,-10.3751],[38.71066,-10.38331],[38.71186,-10.3841],[38.71187,-10.38927],[38.71379,-10.39164],[38.71358,-10.39331],[38.71175,-10.39962],[38.70809,-10.39955],[38.70428,-10.40222],[38.70082,-10.40145],[38.68574,-10.40222],[38.67334,-10.40042],[38.67231,-10.38613],[38.66618,-10.38617],[38.66329,-10.38759],[38.6538,-10.38593],[38.65475,-10.37201],[38.66665,-10.37032],[38.67144,-10.36684],[38.67872,-10.36921],[38.6815,-10.37195],[38.68969,-10.36667],[38.70914,-10.36632]]]},"properties":{"region":"Lindi","district":"Nachingwea","ward":"Naipingo","ward_code":"201"}},{"type":"Feature","geometry":{"type":"Polygon","coordinates":[[[38.53809,-10.21586],[38.54532,-10.24142],[38.51719,-10.29225],[38.52788,-10.34277],[38.52653,-10.35939],[38.52698,-10.37422],[38.52193,-10.3958],[38.5223,-10.40194],[38.50895,-10.41679],[38.51072,-10.43876],[38.52425,-10.43585],[38.52491,-10.4435],[38.52961,-10.44955],[38.53835,-10.45289],[38.5466,-10.45426],[38.55431,-10.45391],[38.56324,-10.45615],[38.56086,-10.47934],[38.5633,-10.49717],[38.54576,-10.53644],[38.47775,-10.5361],[38.40414,-10.59998],[38.36918,-10.60614],[38.39502,-10.41257],[38.39413,-10.40225],[38.40276,-10.38724],[38.40095,-10.37474],[38.40092,-10.35839],[38.40569,-10.34922],[38.40647,-10.3354],[38.40479,-10.32497],[38.40147,-10.31398],[38.401,-10.29655],[38.38847,-10.2802],[38.39014,-10.26874],[38.41053,-10.26022],[38.42044,-10.25],[38.43785,-10.24616],[38.46677,-10.23554],[38.47555,-10.23579],[38.49276,-10.23349],[38.50331,-10.22834],[38.52105,-10.21504],[38.53218,-10.21434],[38.53809,-10.21586]]]},"properties":{"region":"Lindi","district":"Nachingwea","ward":"Mtua","ward_code":"211"}},{"type":"Feature","geometry":{"type":"Polygon","coordinates":[[[38.88924,-10.50745],[38.89465,-10.51609],[38.89292,-10.52149],[38.89629,-10.52455],[38.89732,-10.52723],[38.89632,-10.53295],[38.89234,-10.53525],[38.88819,-10.53439],[38.88563,-10.53528],[38.88412,-10.53444],[38.88187,-10.53928],[38.884,-10.54142],[38.88012,-10.5465],[38.87249,-10.54633],[38.86836,-10.54841],[38.85214,-10.55052],[38.84897,-10.54948],[38.84377,-10.54956],[38.84166,-10.55205],[38.83692,-10.55266],[38.83565,-10.55451],[38.83251,-10.55556],[38.82614,-10.554],[38.82403,-10.55218],[38.82207,-10.55327],[38.80202,-10.55108],[38.79978,-10.55265],[38.79304,-10.55262],[38.78733,-10.54965],[38.78329,-10.54881],[38.77151,-10.55061],[38.7698,-10.5487],[38.76482,-10.54753],[38.75964,-10.5428],[38.75827,-10.53741],[38.75599,-10.53507],[38.75445,-10.53667],[38.75233,-10.53274],[38.76044,-10.5272],[38.76983,-10.51631],[38.78937,-10.51077],[38.86535,-10.50924],[38.88924,-10.50745]]]},"properties":{"region":"Lindi","district":"Nachingwea","ward":"Ndomoni","ward_code":"261"}},{"type":"Feature","geometry":{"type":"Polygon","coordinates":[[[38.60245,-10.28518],[38.6077,-10.31002],[38.60644,-10.33513],[38.61554,-10.33725],[38.62761,-10.34476],[38.62542,-10.34565],[38.61861,-10.35463],[38.61466,-10.36198],[38.61705,-10.36473],[38.61962,-10.36584],[38.62409,-10.37303],[38.61286,-10.37317],[38.60877,-10.37964],[38.60193,-10.3838],[38.60261,-10.38992],[38.59335,-10.39556],[38.5914,-10.40748],[38.58884,-10.4102],[38.58586,-10.41645],[38.58499,-10.42083],[38.57283,-10.42298],[38.5679,-10.42871],[38.55577,-10.4345],[38.56324,-10.45615],[38.55431,-10.45391],[38.5466,-10.45426],[38.53835,-10.45289],[38.52961,-10.44955],[38.52491,-10.4435],[38.52425,-10.43585],[38.51072,-10.43876],[38.50895,-10.41679],[38.5223,-10.40194],[38.52193,-10.3958],[38.52698,-10.37422],[38.52653,-10.35939],[38.52788,-10.34277],[38.51755,-10.29394],[38.5649,-10.2975],[38.58238,-10.29747],[38.58473,-10.29548],[38.58881,-10.29506],[38.58866,-10.29265],[38.60245,-10.28518]]]},"properties":{"region":"Lindi","district":"Nachingwea","ward":"Kipara Mtua","ward_code":"281"}},{"type":"Feature","geometry":{"type":"Polygon","coordinates":[[[38.58586,-10.41645],[38.61851,-10.43218],[38.63438,-10.42948],[38.64062,-10.42672],[38.66085,-10.4316],[38.67243,-10.43671],[38.67182,-10.43948],[38.67273,-10.43993],[38.67245,-10.44297],[38.66965,-10.44602],[38.66968,-10.4472],[38.67152,-10.45008],[38.67132,-10.45225],[38.67639,-10.4579],[38.67858,-10.45813],[38.68008,-10.45624],[38.68219,-10.45601],[38.68426,-10.4544],[38.68713,-10.45586],[38.68911,-10.45503],[38.6905,-10.45594],[38.6948,-10.45276],[38.69845,-10.45405],[38.69834,-10.45504],[38.69961,-10.4548],[38.70072,-10.45583],[38.69263,-10.46886],[38.69174,-10.49872],[38.67289,-10.49513],[38.64841,-10.49562],[38.64099,-10.5021],[38.6211,-10.50623],[38.54576,-10.53644],[38.5633,-10.49717],[38.56086,-10.47934],[38.56324,-10.45615],[38.55577,-10.4345],[38.5679,-10.42871],[38.57283,-10.42298],[38.58499,-10.42083],[38.58586,-10.41645]]]},"properties":{"region":"Lindi","district":"Nachingwea","ward":"Nang'ondo","ward_code":"291"}},{"type":"Feature","geometry":{"type":"Polygon","coordinates":[[[38.65683,-10.38682],[38.6596,-10.38638],[38.66329,-10.38759],[38.66618,-10.38617],[38.67231,-10.38613],[38.67334,-10.40042],[38.68574,-10.40222],[38.70082,-10.40145],[38.70428,-10.40222],[38.70809,-10.39955],[38.71187,-10.4058],[38.71716,-10.41157],[38.7167,-10.42179],[38.70905,-10.44742],[38.70072,-10.45583],[38.69961,-10.4548],[38.69834,-10.45504],[38.69845,-10.45405],[38.69596,-10.45262],[38.6905,-10.45594],[38.68911,-10.45503],[38.68713,-10.45586],[38.68426,-10.4544],[38.68219,-10.45601],[38.68008,-10.45624],[38.67858,-10.45813],[38.67639,-10.4579],[38.67132,-10.45225],[38.67152,-10.45008],[38.66968,-10.4472],[38.66965,-10.44602],[38.67245,-10.44297],[38.67273,-10.43993],[38.67182,-10.43948],[38.67243,-10.43671],[38.66085,-10.4316],[38.64062,-10.42672],[38.63438,-10.42948],[38.61851,-10.43218],[38.58586,-10.41645],[38.58884,-10.4102],[38.5914,-10.40748],[38.59335,-10.39556],[38.60246,-10.39018],[38.60193,-10.3838],[38.60877,-10.37964],[38.61286,-10.37317],[38.6547,-10.37285],[38.6538,-10.38593],[38.65683,-10.38682]]]},"properties":{"region":"Lindi","district":"Nachingwea","ward":"Mchonda","ward_code":"301"}},{"type":"Feature","geometry":{"type":"Polygon","coordinates":[[[38.86987,-10.40684],[38.87465,-10.42325],[38.86983,-10.43879],[38.89144,-10.44076],[38.88666,-10.46213],[38.88617,-10.46816],[38.88857,-10.49358],[38.8875,-10.50467],[38.88924,-10.50745],[38.86535,-10.50924],[38.81804,-10.50967],[38.81973,-10.50119],[38.8186,-10.49024],[38.82043,-10.48568],[38.82201,-10.4702],[38.82048,-10.46584],[38.8306,-10.45989],[38.82813,-10.4541],[38.82569,-10.45153],[38.82451,-10.43721],[38.83695,-10.42055],[38.84317,-10.40728],[38.86329,-10.40796],[38.86987,-10.40684]]]},"properties":{"region":"Lindi","district":"Nachingwea","ward":"Chiumbati Shuleni","ward_code":"321"}},{"type":"Feature","geometry":{"type":"Polygon","coordinates":[[[38.8115,-10.50992],[38.78937,-10.51077],[38.78953,-10.49737],[38.79279,-10.47628],[38.79865,-10.4653],[38.80824,-10.45538],[38.80998,-10.45929],[38.81215,-10.48372],[38.8115,-10.50992]]]},"properties":{"region":"Lindi","district":"Nachingwea","ward":"Rahaleo (Raha Leo)","ward_code":"333"}},{"type":"Feature","geometry":{"type":"Polygon","coordinates":[[[37.61648,-9.6061],[37.63237,-9.60706],[37.64019,-9.60554],[37.65069,-9.59482],[37.66414,-9.59363],[37.66123,-9.68317],[37.63594,-9.86779],[37.62067,-9.86823],[37.46358,-9.82993],[37.41865,-9.81501],[37.3084,-9.82248],[37.04159,-9.79092],[37.05247,-9.75202],[37.08784,-9.72787],[37.12275,-9.64648],[37.13907,-9.59053],[37.25703,-9.52035],[37.26202,-9.5142],[37.52872,-9.5174],[37.56695,-9.56336],[37.57538,-9.57574],[37.58615,-9.57822],[37.591,-9.58449],[37.60675,-9.58885],[37.60895,-9.59469],[37.60834,-9.59877],[37.61648,-9.6061]]]},"properties":{"region":"Lindi","district":"Liwale","ward":"Mlembwe","ward_code":"041"}},{"type":"Feature","geometry":{"type":"Polygon","coordinates":[[[37.76202,-9.63866],[37.79796,-9.64698],[37.8069,-9.6437],[37.80979,-9.64409],[37.81211,-9.64539],[37.81774,-9.65144],[37.82332,-9.6531],[37.82938,-9.65702],[37.83267,-9.65795],[37.83577,-9.66093],[37.84019,-9.66096],[37.84513,-9.66352],[37.84726,-9.6653],[37.85064,-9.6723],[37.85708,-9.67962],[37.86855,-9.68409],[37.87772,-9.68155],[37.88284,-9.67747],[37.88473,-9.67735],[37.89591,-9.67036],[37.89756,-9.67056],[37.88911,-9.69743],[37.89616,-9.70432],[37.88625,-9.7258],[37.86378,-9.74848],[37.84652,-9.75546],[37.83919,-9.76208],[37.82945,-9.76228],[37.82038,-9.76659],[37.80226,-9.81142],[37.78943,-9.8123],[37.75307,-9.82403],[37.72682,-9.83427],[37.6946,-9.83408],[37.69309,-9.85571],[37.67219,-9.86629],[37.63594,-9.86779],[37.66123,-9.68317],[37.66414,-9.59363],[37.69308,-9.58998],[37.76202,-9.63866]]]},"properties":{"region":"Lindi","district":"Liwale","ward":"Makata","ward_code":"051"}},{"type":"Feature","geometry":{"type":"Polygon","coordinates":[[[37.3292,-9.25842],[38.00304,-9.41485],[37.99101,-9.46195],[37.94779,-9.48956],[37.93106,-9.56377],[37.89756,-9.67056],[37.89591,-9.67036],[37.88473,-9.67735],[37.88284,-9.67747],[37.87772,-9.68155],[37.86855,-9.68409],[37.86351,-9.68249],[37.85708,-9.67962],[37.85509,-9.67757],[37.85064,-9.6723],[37.84726,-9.6653],[37.84513,-9.66352],[37.84019,-9.66096],[37.83577,-9.66093],[37.83267,-9.65795],[37.82938,-9.65702],[37.82332,-9.6531],[37.81774,-9.65144],[37.81211,-9.64539],[37.80979,-9.64409],[37.8069,-9.6437],[37.79796,-9.64698],[37.76202,-9.63866],[37.69308,-9.58998],[37.65069,-9.59482],[37.64019,-9.60554],[37.63237,-9.60706],[37.61648,-9.6061],[37.60834,-9.59877],[37.60895,-9.59469],[37.60675,-9.58885],[37.591,-9.58449],[37.58615,-9.57822],[37.57538,-9.57574],[37.56695,-9.56336],[37.52872,-9.5174],[37.26202,-9.5142],[37.26608,-9.50045],[37.28575,-9.49922],[37.28648,-9.49272],[37.27117,-9.49207],[37.27289,-9.47607],[37.27903,-9.47001],[37.28737,-9.46981],[37.28713,-9.46609],[37.27549,-9.46325],[37.27525,-9.45831],[37.2826,-9.45353],[37.28413,-9.44627],[37.28709,-9.44005],[37.28121,-9.43231],[37.2804,-9.4264],[37.28758,-9.41753],[37.28846,-9.4121],[37.2798,-9.41242],[37.27991,-9.40688],[37.28824,-9.40339],[37.28726,-9.39677],[37.29243,-9.39763],[37.29423,-9.39295],[37.28949,-9.39096],[37.28181,-9.38967],[37.28481,-9.38392],[37.28072,-9.38279],[37.27609,-9.37951],[37.27718,-9.37661],[37.28214,-9.37564],[37.28492,-9.37107],[37.28606,-9.37462],[37.29042,-9.3743],[37.29216,-9.36757],[37.2908,-9.35558],[37.29657,-9.35639],[37.30196,-9.34832],[37.30262,-9.33821],[37.31013,-9.32649],[37.31884,-9.32283],[37.3183,-9.31971],[37.31209,-9.31422],[37.32021,-9.30777],[37.32701,-9.29153],[37.33344,-9.29045],[37.33289,-9.28453],[37.32778,-9.28362],[37.32146,-9.27614],[37.32385,-9.27292],[37.33371,-9.27657],[37.33823,-9.27302],[37.33843,-9.2662],[37.3292,-9.25842]]]},"properties":{"region":"Lindi","district":"Liwale","ward":"Barikiwa","ward_code":"061"}},{"type":"Feature","geometry":{"type":"Polygon","coordinates":[[[38.14415,-9.47578],[38.08838,-9.48071],[38.05462,-9.47733],[38.03747,-9.48488],[38.00503,-9.49346],[37.94779,-9.48956],[37.99101,-9.46195],[38.00304,-9.41485],[37.3292,-9.25842],[37.34575,-9.18646],[37.37599,-9.13145],[37.40804,-8.83427],[37.40567,-8.65269],[37.44077,-8.51527],[37.53538,-8.44805],[37.58264,-8.32202],[37.64035,-8.18961],[37.65238,-8.12052],[37.6719,-8.0741],[37.68873,-8.05466],[37.70717,-8.00882],[37.72112,-7.98044],[37.74213,-7.95885],[37.76429,-7.94613],[37.80122,-7.93449],[37.80865,-7.94754],[37.8222,-7.95358],[37.83161,-7.96247],[37.84293,-8.01096],[37.97503,-8.07452],[38.12842,-8.13229],[38.11478,-8.97025],[38.15014,-9.14233],[38.09009,-9.17564],[38.0884,-9.19354],[38.11404,-9.22232],[38.1178,-9.27368],[38.10518,-9.30284],[38.10638,-9.30665],[38.11636,-9.31677],[38.12463,-9.32339],[38.12979,-9.3426],[38.14302,-9.35994],[38.13418,-9.37792],[38.13414,-9.38085],[38.13616,-9.38258],[38.13681,-9.38805],[38.13546,-9.39796],[38.13742,-9.40516],[38.13666,-9.40966],[38.13879,-9.41483],[38.13504,-9.42592],[38.13808,-9.43744],[38.13763,-9.44198],[38.14182,-9.44498],[38.1426,-9.45306],[38.13816,-9.46556],[38.13924,-9.47016],[38.14415,-9.47578]]]},"properties":{"region":"Lindi","district":"Liwale","ward":"Mkutano","ward_code":"071"}},{"type":"Feature","geometry":{"type":"Polygon","coordinates":[[[37.98332,-9.7325],[37.94906,-9.76642],[37.93779,-9.78632],[37.9328,-9.78731],[37.93023,-9.79096],[37.9284,-9.79748],[37.92229,-9.79613],[37.92054,-9.80361],[37.91778,-9.80303],[37.91693,-9.80592],[37.91518,-9.81785],[37.91541,-9.831],[37.91401,-9.83409],[37.90546,-9.83309],[37.89699,-9.82878],[37.89313,-9.83223],[37.87706,-9.83703],[37.85901,-9.81322],[37.84393,-9.81138],[37.82304,-9.81228],[37.80226,-9.81142],[37.82038,-9.76659],[37.82945,-9.76228],[37.83919,-9.76208],[37.84652,-9.75546],[37.86378,-9.74848],[37.88625,-9.7258],[37.92402,-9.73653],[37.94284,-9.73554],[37.95668,-9.72809],[37.97335,-9.72577],[37.98332,-9.7325]]]},"properties":{"region":"Lindi","district":"Liwale","ward":"Liwale Mjini","ward_code":"013"}},{"type":"Feature","geometry":{"type":"Polygon","coordinates":[[[37.93998,-9.86758],[37.94598,-9.87346],[37.9499,-9.8745],[37.95155,-9.87853],[37.95722,-9.88396],[37.96241,-9.89102],[37.97821,-9.89663],[37.98563,-9.89696],[37.9945,-9.90338],[38.00087,-9.92235],[38.02456,-9.944],[38.02851,-10.01527],[37.86641,-10.01257],[37.84142,-9.98633],[37.7592,-9.9881],[37.67716,-9.97831],[37.67415,-9.95289],[37.72871,-9.94425],[37.74258,-9.94368],[37.85711,-9.90491],[37.88411,-9.89437],[37.90289,-9.89035],[37.9034,-9.87279],[37.90775,-9.87152],[37.90792,-9.87049],[37.90977,-9.86977],[37.91574,-9.86953],[37.91714,-9.87115],[37.91958,-9.87175],[37.9219,-9.87101],[37.92867,-9.87153],[37.93638,-9.86787],[37.93998,-9.86758]]]},"properties":{"region":"Lindi","district":"Liwale","ward":"Mihumo","ward_code":"021"}},{"type":"Feature","geometry":{"type":"Polygon","coordinates":[[[37.67716,-9.97831],[37.7592,-9.9881],[37.84142,-9.98633],[37.86641,-10.01257],[38.02851,-10.01527],[38.10727,-10.03611],[38.15482,-9.9963],[38.17826,-10.06924],[38.17968,-10.16213],[37.85188,-10.15657],[37.82774,-10.15273],[37.8095,-10.16323],[37.78837,-10.16244],[37.68127,-10.17315],[37.63909,-10.15023],[37.56083,-10.17636],[37.53387,-10.16517],[37.48764,-10.16212],[37.45488,-10.13001],[37.4791,-10.12311],[37.51421,-10.10169],[37.52828,-10.09644],[37.55224,-10.09238],[37.575,-10.09601],[37.57963,-10.09602],[37.59111,-10.09206],[37.59589,-10.09179],[37.61134,-10.09541],[37.61506,-10.09443],[37.61861,-10.09085],[37.62772,-10.07718],[37.63234,-10.04167],[37.64373,-10.03546],[37.655,-10.02619],[37.65929,-10.01132],[37.67624,-10.01059],[37.67716,-9.97831]]]},"properties":{"region":"Lindi","district":"Liwale","ward":"Ngongowele","ward_code":"031"}},{"type":"Feature","geometry":{"type":"Polygon","coordinates":[[[38.08838,-9.48071],[38.07606,-9.55082],[38.04777,-9.59268],[38.03228,-9.60324],[37.99409,-9.63324],[37.99182,-9.68114],[37.98374,-9.70348],[37.98332,-9.7325],[37.97335,-9.72577],[37.95668,-9.72809],[37.94284,-9.73554],[37.92402,-9.73653],[37.88625,-9.7258],[37.89616,-9.70432],[37.88911,-9.69743],[37.93106,-9.56377],[37.94779,-9.48956],[38.00503,-9.49346],[38.03747,-9.48488],[38.05462,-9.47733],[38.08838,-9.48071]]]},"properties":{"region":"Lindi","district":"Liwale","ward":"Mbaya","ward_code":"081"}},{"type":"Feature","geometry":{"type":"Polygon","coordinates":[[[38.12842,-8.13229],[38.21146,-8.16356],[38.27328,-8.15226],[38.30315,-8.15052],[38.31831,-8.17207],[38.34309,-8.17819],[38.36698,-8.17382],[38.39305,-8.16288],[38.40931,-8.16384],[38.41495,-8.17632],[38.40924,-8.27648],[38.47755,-8.31305],[38.47862,-8.31747],[38.47799,-8.31927],[38.47883,-8.32014],[38.4776,-8.32182],[38.47936,-8.32312],[38.47926,-8.32505],[38.48194,-8.33011],[38.48602,-8.32854],[38.48888,-8.32877],[38.49077,-8.33402],[38.49327,-8.33368],[38.49299,-8.33816],[38.49554,-8.33659],[38.4953,-8.33927],[38.49638,-8.3397],[38.4988,-8.33855],[38.5009,-8.34159],[38.49979,-8.34396],[38.49814,-8.34477],[38.50014,-8.346],[38.4998,-8.34937],[38.50233,-8.34983],[38.50212,-8.35201],[38.50557,-8.3517],[38.5059,-8.35331],[38.50765,-8.35228],[38.50856,-8.35392],[38.5095,-8.35341],[38.51295,-8.35491],[38.51353,-8.35591],[38.512,-8.35895],[38.51407,-8.35944],[38.51306,-8.3603],[38.51429,-8.36124],[38.51393,-8.36544],[38.51468,-8.36718],[38.5109,-8.37034],[38.5103,-8.37216],[38.51157,-8.37332],[38.51328,-8.37314],[38.51365,-8.37631],[38.51219,-8.37776],[38.51503,-8.38142],[38.51611,-8.38446],[38.51718,-8.38446],[38.51739,-8.38575],[38.51587,-8.38756],[38.51725,-8.38756],[38.51873,-8.39053],[38.51936,-8.39591],[38.51671,-8.39772],[38.51941,-8.40182],[38.5225,-8.40277],[38.52384,-8.40749],[38.52666,-8.41055],[38.52463,-8.41337],[38.52469,-8.4179],[38.52548,-8.42157],[38.52899,-8.42672],[38.5282,-8.42784],[38.5298,-8.42911],[38.52972,-8.43113],[38.5312,-8.43298],[38.53088,-8.43692],[38.53302,-8.43725],[38.53391,-8.4388],[38.53236,-8.44003],[38.53506,-8.45058],[38.53902,-8.45228],[38.54221,-8.45626],[38.54034,-8.45853],[38.54181,-8.46109],[38.54091,-8.46414],[38.54161,-8.46401],[38.54573,-8.46984],[38.54636,-8.47735],[38.54979,-8.48042],[38.55059,-8.48487],[38.57341,-8.51647],[38.57715,-8.58591],[38.61585,-8.68471],[38.61174,-8.72275],[38.55775,-8.80022],[38.54636,-8.8447],[38.56247,-8.89137],[38.57048,-8.94147],[38.52086,-8.99466],[38.49744,-9.32245],[38.59294,-9.70754],[38.4555,-9.69937],[38.25436,-9.74631],[38.17243,-9.72588],[38.08838,-9.48071],[38.14415,-9.47578],[38.13924,-9.47016],[38.13816,-9.46556],[38.1426,-9.45306],[38.14182,-9.44498],[38.13763,-9.44198],[38.13808,-9.43744],[38.13504,-9.42592],[38.13879,-9.41483],[38.13666,-9.40966],[38.13742,-9.40516],[38.13546,-9.39796],[38.13681,-9.38805],[38.13616,-9.38258],[38.13414,-9.38085],[38.13418,-9.37792],[38.14302,-9.35994],[38.12979,-9.3426],[38.12463,-9.32339],[38.11636,-9.31677],[38.10638,-9.30665],[38.10518,-9.30284],[38.1178,-9.27368],[38.11404,-9.22232],[38.0884,-9.19354],[38.09009,-9.17564],[38.15014,-9.14233],[38.11478,-8.97025],[38.12842,-8.13229]]]},"properties":{"region":"Lindi","district":"Liwale","ward":"Kimambi","ward_code":"091"}},{"type":"Feature","geometry":{"type":"Polygon","coordinates":[[[37.04159,-9.79092],[37.3084,-9.82248],[37.41865,-9.81501],[37.46358,-9.82993],[37.62067,-9.86823],[37.67219,-9.86629],[37.69309,-9.85571],[37.6946,-9.83408],[37.70642,-9.84789],[37.72791,-9.8973],[37.72825,-9.91758],[37.71011,-9.92284],[37.671,-9.92834],[37.67721,-9.97675],[37.67624,-10.01059],[37.65929,-10.01132],[37.655,-10.02619],[37.64373,-10.03546],[37.63234,-10.04167],[37.62772,-10.07718],[37.61861,-10.09085],[37.61506,-10.09443],[37.61134,-10.09541],[37.59589,-10.09179],[37.59111,-10.09206],[37.57963,-10.09602],[37.575,-10.09601],[37.55224,-10.09238],[37.52828,-10.09644],[37.51421,-10.10169],[37.4791,-10.12311],[37.45488,-10.13001],[36.94486,-10.16848],[36.89239,-10.10193],[36.87398,-10.09393],[36.86949,-10.05215],[36.88219,-10.01861],[36.88862,-9.94404],[36.90487,-9.92861],[36.97017,-9.88869],[36.98147,-9.87207],[37.01303,-9.8021],[37.04159,-9.79092]]]},"properties":{"region":"Lindi","district":"Liwale","ward":"Mpigamiti","ward_code":"131"}},{"type":"Feature","geometry":{"type":"Polygon","coordinates":[[[37.84393,-9.81138],[37.85901,-9.81322],[37.87706,-9.83703],[37.89313,-9.83223],[37.89699,-9.82878],[37.9034,-9.87279],[37.90289,-9.89035],[37.88411,-9.89437],[37.85711,-9.90491],[37.74258,-9.94368],[37.72871,-9.94425],[37.67415,-9.95289],[37.671,-9.92834],[37.71011,-9.92284],[37.72825,-9.91758],[37.72791,-9.8973],[37.70642,-9.84789],[37.6946,-9.83408],[37.72682,-9.83427],[37.75307,-9.82403],[37.78943,-9.8123],[37.80226,-9.81142],[37.82304,-9.81228],[37.84393,-9.81138]]]},"properties":{"region":"Lindi","district":"Liwale","ward":"Mangirikiti","ward_code":"161"}},{"type":"Feature","geometry":{"type":"Polygon","coordinates":[[[37.93609,-9.82765],[37.94688,-9.85083],[37.96741,-9.87682],[37.96601,-9.8921],[37.96241,-9.89102],[37.95722,-9.88396],[37.95155,-9.87853],[37.9499,-9.8745],[37.94598,-9.87346],[37.93998,-9.86758],[37.93638,-9.86787],[37.92867,-9.87153],[37.9219,-9.87101],[37.91958,-9.87175],[37.91714,-9.87115],[37.91574,-9.86953],[37.90977,-9.86977],[37.90792,-9.87049],[37.90775,-9.87152],[37.9034,-9.87279],[37.89699,-9.82878],[37.90546,-9.83309],[37.91401,-9.83409],[37.91541,-9.831],[37.91518,-9.81785],[37.91778,-9.80303],[37.95046,-9.81254],[37.9521,-9.81677],[37.95208,-9.82172],[37.94892,-9.82672],[37.93609,-9.82765]]]},"properties":{"region":"Lindi","district":"Liwale","ward":"Nangando","ward_code":"173"}},{"type":"Feature","geometry":{"type":"Polygon","coordinates":[[[38.02781,-9.77247],[37.95432,-9.79632],[37.95046,-9.81254],[37.92054,-9.80361],[37.92229,-9.79613],[37.9284,-9.79748],[37.93023,-9.79096],[37.9328,-9.78731],[37.93779,-9.78632],[37.94906,-9.76642],[37.96944,-9.74624],[38.02781,-9.77247]]]},"properties":{"region":"Lindi","district":"Liwale","ward":"Likongowele","ward_code":"183"}},{"type":"Feature","geometry":{"type":"Polygon","coordinates":[[[38.17243,-9.72588],[38.02781,-9.77247],[37.96944,-9.74624],[37.98332,-9.7325],[37.98374,-9.70348],[37.99182,-9.68114],[37.99409,-9.63324],[38.03228,-9.60324],[38.04777,-9.59268],[38.07606,-9.55082],[38.08838,-9.48071],[38.17243,-9.72588]]]},"properties":{"region":"Lindi","district":"Liwale","ward":"Kichonda","ward_code":"191"}},{"type":"Feature","geometry":{"type":"Polygon","coordinates":[[[37.53387,-10.16517],[37.56083,-10.17636],[37.63909,-10.15023],[37.68127,-10.17315],[37.78837,-10.16244],[37.8095,-10.16323],[37.82774,-10.15273],[37.85188,-10.15657],[38.17968,-10.16213],[38.17679,-10.21964],[38.1791,-10.30495],[38.17481,-10.30137],[38.17456,-10.29965],[38.17308,-10.30013],[38.17215,-10.29871],[38.16972,-10.29771],[38.16716,-10.29727],[38.16563,-10.29909],[38.16222,-10.29842],[38.16078,-10.29605],[38.15587,-10.293],[38.15262,-10.28912],[38.15111,-10.29029],[38.14199,-10.29203],[38.13756,-10.29849],[38.13618,-10.29614],[38.13333,-10.29609],[38.13247,-10.29707],[38.13293,-10.29779],[38.13107,-10.29789],[38.13063,-10.29962],[38.1321,-10.30176],[38.13015,-10.30346],[38.13078,-10.30574],[38.12974,-10.30677],[38.1215,-10.30752],[38.11709,-10.31167],[38.11343,-10.31196],[38.11393,-10.31289],[38.11215,-10.31496],[38.11207,-10.31814],[38.10792,-10.31814],[38.10321,-10.32024],[38.1003,-10.31889],[38.09853,-10.31984],[38.09805,-10.3224],[38.09656,-10.32153],[38.0949,-10.32378],[38.09395,-10.32276],[38.09259,-10.32456],[38.0894,-10.32502],[38.08785,-10.32652],[38.08785,-10.32818],[38.08472,-10.32736],[38.08185,-10.32765],[38.08051,-10.32872],[38.07942,-10.3275],[38.07868,-10.32914],[38.07262,-10.33329],[38.07306,-10.33516],[38.07196,-10.33439],[38.06846,-10.33478],[38.06922,-10.33767],[38.06641,-10.34402],[38.06529,-10.34399],[38.06358,-10.3458],[38.06283,-10.34407],[38.05609,-10.3484],[38.05448,-10.34781],[38.0528,-10.34995],[38.0528,-10.35157],[38.05393,-10.35211],[38.05399,-10.35485],[38.05267,-10.35572],[38.05358,-10.35813],[38.05221,-10.35902],[38.04896,-10.35904],[38.04687,-10.36061],[38.04637,-10.36327],[38.03841,-10.3661],[38.03404,-10.36413],[38.02516,-10.36734],[38.0103,-10.37035],[38.00782,-10.37193],[38.00652,-10.36958],[38.00305,-10.36979],[38.00183,-10.37162],[37.99949,-10.37259],[37.99866,-10.37075],[37.99702,-10.37039],[37.99302,-10.37171],[37.99062,-10.37048],[37.98674,-10.37279],[37.98531,-10.3718],[37.98316,-10.37313],[37.98009,-10.37207],[37.97971,-10.37274],[37.97759,-10.37233],[37.97397,-10.37618],[37.97247,-10.37579],[37.9724,-10.37757],[37.97033,-10.37703],[37.96845,-10.37995],[37.96915,-10.38201],[37.9675,-10.38558],[37.96543,-10.38683],[37.96519,-10.38825],[37.96454,-10.38784],[37.96302,-10.38918],[37.96178,-10.38759],[37.95931,-10.38782],[37.95894,-10.38881],[37.9563,-10.38657],[37.95342,-10.38926],[37.95091,-10.38776],[37.95019,-10.38828],[37.95052,-10.38749],[37.94958,-10.38693],[37.94887,-10.38771],[37.94801,-10.38668],[37.94642,-10.38787],[37.94388,-10.38747],[37.94271,-10.38476],[37.94134,-10.3843],[37.93914,-10.3844],[37.93804,-10.38632],[37.93423,-10.38662],[37.93468,-10.38612],[37.93332,-10.38603],[37.93227,-10.38471],[37.9312,-10.38666],[37.93002,-10.38556],[37.92731,-10.38696],[37.92687,-10.38619],[37.92236,-10.38606],[37.92226,-10.38471],[37.92131,-10.3854],[37.91967,-10.38407],[37.91857,-10.38454],[37.91797,-10.38316],[37.91717,-10.38409],[37.91503,-10.38314],[37.91339,-10.38033],[37.91165,-10.38146],[37.91086,-10.37855],[37.91137,-10.37626],[37.90716,-10.37358],[37.90777,-10.37261],[37.90635,-10.37101],[37.90631,-10.36929],[37.89743,-10.36474],[37.89654,-10.36152],[37.89565,-10.36137],[37.89447,-10.3635],[37.8888,-10.36626],[37.88538,-10.37178],[37.88216,-10.37168],[37.88069,-10.37391],[37.87337,-10.37539],[37.86597,-10.37401],[37.85879,-10.37588],[37.85654,-10.37789],[37.85576,-10.38039],[37.85053,-10.38167],[37.84767,-10.38451],[37.84421,-10.38599],[37.84026,-10.3858],[37.83799,-10.3867],[37.83544,-10.38573],[37.83173,-10.38919],[37.83185,-10.39363],[37.83008,-10.3967],[37.82742,-10.3978],[37.82569,-10.39672],[37.82226,-10.39889],[37.81767,-10.39743],[37.81285,-10.39944],[37.80892,-10.40244],[37.80348,-10.40172],[37.80195,-10.39801],[37.79623,-10.3996],[37.78678,-10.39474],[37.78596,-10.39517],[37.78109,-10.3916],[37.7758,-10.39288],[37.77307,-10.39133],[37.77402,-10.38916],[37.77331,-10.38787],[37.76909,-10.38674],[37.76525,-10.38291],[37.76256,-10.38759],[37.75646,-10.39269],[37.75352,-10.39286],[37.75204,-10.39412],[37.74441,-10.39661],[37.58637,-10.42709],[37.58738,-10.42489],[37.58496,-10.42126],[37.36042,-10.38052],[37.35062,-10.37943],[37.29716,-10.36285],[37.28852,-10.36314],[37.24172,-10.34964],[37.16987,-10.3077],[37.15409,-10.30129],[37.10717,-10.29522],[37.03102,-10.28359],[36.98529,-10.24745],[36.94486,-10.16848],[37.45488,-10.13001],[37.48764,-10.16212],[37.53387,-10.16517]]]},"properties":{"region":"Lindi","district":"Liwale","ward":"Lilombe","ward_code":"201"}},{"type":"Feature","geometry":{"type":"Polygon","coordinates":[[[38.28986,-10.06199],[38.28353,-10.0652],[38.27517,-10.06252],[38.25468,-10.06818],[38.17826,-10.06924],[38.15482,-9.9963],[38.17243,-9.72588],[38.25436,-9.74631],[38.26057,-9.76504],[38.42088,-9.89078],[38.41658,-9.90103],[38.41838,-9.91407],[38.40984,-9.92737],[38.40602,-9.94663],[38.40255,-9.959],[38.39462,-9.96474],[38.39227,-9.97619],[38.38791,-9.98528],[38.30907,-10.00293],[38.30296,-10.0147],[38.31052,-10.02755],[38.31064,-10.05671],[38.30959,-10.0597],[38.28986,-10.06199]]]},"properties":{"region":"Lindi","district":"Liwale","ward":"Kiangara","ward_code":"101"}},{"type":"Feature","geometry":{"type":"Polygon","coordinates":[[[38.49851,-9.84985],[38.50035,-9.86257],[38.50842,-9.86982],[38.51838,-9.87079],[38.52293,-9.87565],[38.52602,-9.87615],[38.52869,-9.87896],[38.5351,-9.87668],[38.5409,-9.87936],[38.54195,-9.87811],[38.54315,-9.87995],[38.54366,-9.87885],[38.5447,-9.87901],[38.54465,-9.88018],[38.54607,-9.87896],[38.54844,-9.88139],[38.54995,-9.87974],[38.55154,-9.8797],[38.55012,-9.88162],[38.55229,-9.88073],[38.55403,-9.88174],[38.5532,-9.88322],[38.55392,-9.88356],[38.5567,-9.88113],[38.55826,-9.88168],[38.55877,-9.88361],[38.56042,-9.88505],[38.56433,-9.88361],[38.56767,-9.88778],[38.56642,-9.88921],[38.56801,-9.8928],[38.5702,-9.89138],[38.5726,-9.8943],[38.5738,-9.89375],[38.57422,-9.89506],[38.57677,-9.89515],[38.57764,-9.89605],[38.57611,-9.89746],[38.57634,-9.8985],[38.58003,-9.89738],[38.58002,-9.89972],[38.58218,-9.89983],[38.58582,-9.89618],[38.58738,-9.89626],[38.58872,-9.89485],[38.59,-9.89553],[38.58996,-9.89217],[38.59202,-9.89291],[38.59346,-9.89158],[38.59355,-9.88961],[38.59476,-9.88943],[38.59496,-9.89087],[38.59772,-9.88992],[38.59848,-9.89095],[38.59967,-9.8905],[38.59996,-9.88914],[38.6017,-9.8897],[38.60194,-9.89175],[38.60359,-9.89283],[38.60352,-9.89533],[38.60184,-9.89642],[38.60197,-9.89726],[38.60327,-9.89781],[38.60473,-9.89702],[38.60412,-9.89885],[38.60511,-9.89959],[38.60665,-9.89883],[38.60806,-9.89997],[38.60926,-9.89918],[38.61089,-9.90048],[38.61176,-9.89896],[38.6127,-9.90202],[38.61456,-9.90015],[38.61736,-9.89987],[38.61863,-9.8985],[38.62243,-9.8988],[38.62348,-9.90068],[38.6273,-9.90183],[38.62824,-9.90074],[38.63257,-9.89964],[38.63345,-9.90225],[38.63246,-9.90376],[38.63459,-9.90447],[38.63552,-9.9028],[38.63671,-9.9027],[38.63769,-9.90393],[38.64123,-9.90356],[38.64266,-9.902],[38.64233,-9.90344],[38.64464,-9.90433],[38.64417,-9.90713],[38.64509,-9.907],[38.64607,-9.90895],[38.64764,-9.90843],[38.65053,-9.91093],[38.65136,-9.91237],[38.65088,-9.91538],[38.65198,-9.91557],[38.65232,-9.91759],[38.65522,-9.91853],[38.6537,-9.92228],[38.65676,-9.9249],[38.65646,-9.92803],[38.65929,-9.9278],[38.6599,-9.92865],[38.65889,-9.92916],[38.65867,-9.93202],[38.6603,-9.93162],[38.66147,-9.93004],[38.66368,-9.93299],[38.66906,-9.93553],[38.66597,-9.93787],[38.66458,-9.93461],[38.66297,-9.93753],[38.66,-9.93925],[38.65878,-9.94215],[38.65737,-9.94262],[38.658,-9.9468],[38.65273,-9.95539],[38.65309,-9.95628],[38.64851,-9.95767],[38.64698,-9.95713],[38.64591,-9.96097],[38.64718,-9.96296],[38.64474,-9.96527],[38.64211,-9.96622],[38.64173,-9.96832],[38.6393,-9.97054],[38.63397,-9.96858],[38.63469,-9.96999],[38.63413,-9.97074],[38.6327,-9.97008],[38.62922,-9.97178],[38.62751,-9.97303],[38.62742,-9.97453],[38.62355,-9.97448],[38.62391,-9.97629],[38.62031,-9.98377],[38.62057,-9.98504],[38.61867,-9.98541],[38.61782,-9.98444],[38.61615,-9.98539],[38.61096,-9.98325],[38.60816,-9.98306],[38.60298,-9.9868],[38.60352,-9.99017],[38.60212,-9.99077],[38.60027,-9.99441],[38.60045,-9.99843],[38.59905,-9.99906],[38.59974,-10.00034],[38.59697,-10.00191],[38.59764,-10.00336],[38.5966,-10.00417],[38.59337,-10.00362],[38.59059,-10.00157],[38.5882,-10.00282],[38.58751,-10.00452],[38.58603,-10.00437],[38.58507,-10.00248],[38.58248,-10.00486],[38.57992,-10.00513],[38.57753,-10.00374],[38.57685,-10.00667],[38.57376,-10.00637],[38.57205,-10.0089],[38.57115,-10.00764],[38.56699,-10.00657],[38.56708,-10.00953],[38.56537,-10.00992],[38.56281,-10.00732],[38.56124,-10.00739],[38.55871,-10.00793],[38.55603,-10.01067],[38.55441,-10.00911],[38.55179,-10.01286],[38.54836,-10.01295],[38.54688,-10.01577],[38.54465,-10.01619],[38.54278,-10.01803],[38.54224,-10.02226],[38.54106,-10.02432],[38.53956,-10.02394],[38.53885,-10.02715],[38.537,-10.02691],[38.53755,-10.02951],[38.53576,-10.03156],[38.53581,-10.0332],[38.52958,-10.0343],[38.52883,-10.03636],[38.52538,-10.038],[38.52367,-10.04243],[38.52696,-10.04383],[38.52852,-10.04725],[38.52655,-10.05021],[38.52563,-10.05409],[38.52065,-10.05497],[38.52178,-10.05676],[38.5199,-10.05867],[38.51662,-10.05913],[38.51636,-10.06163],[38.51525,-10.06025],[38.51439,-10.06071],[38.51513,-10.0634],[38.51372,-10.06527],[38.51108,-10.06643],[38.51023,-10.06623],[38.50992,-10.06352],[38.50835,-10.06307],[38.50758,-10.06399],[38.50589,-10.06307],[38.50104,-10.0633],[38.49815,-10.06469],[38.49846,-10.06615],[38.49724,-10.06627],[38.49518,-10.06347],[38.4937,-10.0632],[38.49246,-10.06486],[38.48624,-10.06511],[38.48338,-10.06343],[38.48062,-10.06563],[38.47844,-10.06436],[38.47766,-10.06633],[38.47176,-10.06492],[38.4718,-10.06843],[38.46922,-10.07236],[38.46706,-10.07327],[38.46697,-10.07096],[38.46499,-10.0704],[38.46375,-10.06862],[38.46142,-10.06807],[38.45949,-10.0663],[38.45251,-10.06595],[38.4488,-10.0628],[38.44721,-10.05908],[38.44894,-10.05478],[38.44752,-10.05395],[38.44461,-10.0568],[38.4409,-10.05762],[38.44062,-10.06055],[38.44368,-10.06208],[38.44296,-10.06456],[38.44155,-10.06658],[38.43704,-10.0684],[38.43318,-10.06845],[38.43025,-10.06706],[38.42733,-10.06771],[38.42294,-10.0665],[38.41818,-10.06199],[38.41201,-10.05857],[38.40504,-10.05784],[38.40111,-10.05788],[38.39844,-10.05982],[38.37689,-10.06057],[38.36424,-10.06254],[38.35164,-10.06038],[38.31358,-10.06045],[38.30959,-10.0597],[38.31064,-10.05671],[38.31052,-10.02755],[38.30296,-10.0147],[38.30907,-10.00293],[38.38791,-9.98528],[38.39227,-9.97619],[38.39462,-9.96474],[38.40255,-9.959],[38.40602,-9.94663],[38.40984,-9.92737],[38.41838,-9.91407],[38.41658,-9.90103],[38.42088,-9.89078],[38.43163,-9.88269],[38.43365,-9.87964],[38.43347,-9.87067],[38.43632,-9.86328],[38.43792,-9.86668],[38.4407,-9.86755],[38.44161,-9.86734],[38.44109,-9.86633],[38.44352,-9.86592],[38.44698,-9.86317],[38.45217,-9.86161],[38.45963,-9.85743],[38.4662,-9.85955],[38.47923,-9.85127],[38.49258,-9.85422],[38.49851,-9.84985]]]},"properties":{"region":"Lindi","district":"Liwale","ward":"Kibutuka","ward_code":"111"}},{"type":"Feature","geometry":{"type":"Polygon","coordinates":[[[38.4488,-10.0628],[38.45251,-10.06595],[38.45949,-10.0663],[38.46142,-10.06807],[38.46375,-10.06862],[38.46499,-10.0704],[38.46697,-10.07096],[38.46706,-10.07327],[38.46329,-10.0727],[38.46302,-10.07406],[38.46003,-10.07569],[38.45835,-10.07884],[38.45408,-10.07776],[38.45202,-10.0786],[38.45012,-10.07756],[38.44749,-10.08222],[38.44395,-10.08379],[38.44251,-10.08718],[38.44378,-10.08844],[38.44322,-10.09294],[38.43924,-10.09486],[38.43816,-10.09402],[38.43604,-10.09427],[38.43259,-10.09796],[38.4258,-10.09914],[38.42334,-10.10615],[38.41951,-10.11038],[38.41548,-10.11026],[38.40997,-10.11181],[38.4058,-10.11589],[38.40652,-10.11822],[38.40357,-10.12098],[38.40361,-10.12284],[38.39989,-10.12473],[38.39551,-10.12488],[38.3927,-10.12379],[38.38987,-10.12542],[38.38738,-10.13187],[38.39128,-10.1372],[38.3921,-10.13983],[38.38308,-10.14062],[38.38061,-10.14575],[38.37711,-10.14456],[38.37507,-10.14716],[38.37059,-10.14899],[38.37075,-10.15017],[38.37242,-10.15117],[38.37211,-10.15202],[38.36539,-10.15978],[38.36266,-10.15884],[38.36267,-10.1574],[38.36087,-10.15656],[38.35879,-10.16094],[38.35664,-10.16276],[38.35731,-10.16626],[38.35591,-10.1691],[38.35338,-10.1711],[38.35132,-10.17527],[38.35427,-10.17615],[38.35388,-10.17739],[38.35261,-10.17863],[38.34751,-10.17841],[38.34462,-10.18065],[38.34446,-10.18909],[38.34036,-10.19385],[38.3372,-10.19475],[38.33281,-10.1935],[38.33194,-10.19398],[38.33067,-10.19709],[38.33145,-10.2001],[38.32677,-10.2049],[38.32367,-10.20694],[38.32009,-10.20639],[38.31408,-10.21156],[38.31321,-10.21168],[38.31048,-10.20856],[38.30774,-10.2088],[38.30512,-10.21066],[38.30356,-10.21361],[38.30574,-10.21873],[38.30389,-10.22097],[38.30068,-10.22209],[38.29892,-10.22479],[38.29851,-10.22874],[38.29675,-10.23076],[38.29544,-10.23039],[38.29379,-10.22697],[38.29256,-10.22647],[38.28869,-10.22906],[38.28649,-10.23249],[38.28644,-10.23493],[38.28809,-10.23835],[38.28807,-10.24246],[38.28665,-10.24312],[38.28507,-10.2421],[38.28026,-10.24336],[38.2793,-10.24625],[38.27473,-10.25022],[38.27237,-10.24765],[38.26982,-10.24792],[38.26948,-10.24669],[38.26795,-10.24614],[38.26658,-10.24629],[38.26588,-10.24804],[38.26238,-10.25039],[38.25791,-10.25],[38.25496,-10.25179],[38.25495,-10.25355],[38.2541,-10.254],[38.25486,-10.25631],[38.25808,-10.25891],[38.26028,-10.26283],[38.25954,-10.26534],[38.25802,-10.26644],[38.25749,-10.26929],[38.2542,-10.26884],[38.25182,-10.27014],[38.24746,-10.2692],[38.24535,-10.26991],[38.24038,-10.26566],[38.23655,-10.26726],[38.23401,-10.26963],[38.23296,-10.27872],[38.22988,-10.28665],[38.22275,-10.29451],[38.21966,-10.29568],[38.21513,-10.29507],[38.21256,-10.29603],[38.21123,-10.29774],[38.21249,-10.29842],[38.21617,-10.30473],[38.21147,-10.30754],[38.21213,-10.30876],[38.21114,-10.31018],[38.20787,-10.31139],[38.20388,-10.31681],[38.20212,-10.31645],[38.20084,-10.31873],[38.19591,-10.31843],[38.19286,-10.31413],[38.19268,-10.30254],[38.19167,-10.3016],[38.18894,-10.30149],[38.18373,-10.30379],[38.18043,-10.30761],[38.1794,-10.307],[38.17679,-10.21964],[38.17968,-10.16213],[38.17826,-10.06924],[38.25468,-10.06818],[38.27517,-10.06252],[38.28353,-10.0652],[38.28986,-10.06199],[38.30959,-10.0597],[38.31358,-10.06045],[38.35164,-10.06038],[38.36424,-10.06254],[38.37689,-10.06057],[38.39844,-10.05982],[38.40111,-10.05788],[38.40504,-10.05784],[38.41201,-10.05857],[38.41818,-10.06199],[38.42294,-10.0665],[38.42733,-10.06771],[38.43025,-10.06706],[38.43318,-10.06845],[38.43704,-10.0684],[38.44155,-10.06658],[38.44296,-10.06456],[38.44368,-10.06208],[38.44062,-10.06055],[38.4409,-10.05762],[38.44461,-10.0568],[38.44752,-10.05395],[38.44894,-10.05478],[38.44721,-10.05908],[38.4488,-10.0628]]]},"properties":{"region":"Lindi","district":"Liwale","ward":"Nangano","ward_code":"121"}},{"type":"Feature","geometry":{"type":"Polygon","coordinates":[[[38.6835,-9.83616],[38.6865,-9.85142],[38.69019,-9.85641],[38.6983,-9.88691],[38.7021,-9.89234],[38.70308,-9.89797],[38.70821,-9.9094],[38.7084,-9.91187],[38.71179,-9.91544],[38.7145,-9.92249],[38.70776,-9.9254],[38.70517,-9.92811],[38.70324,-9.9258],[38.70108,-9.92569],[38.70038,-9.92803],[38.69881,-9.92757],[38.69855,-9.92536],[38.69522,-9.92436],[38.69389,-9.92235],[38.69148,-9.92403],[38.69056,-9.9261],[38.68877,-9.92589],[38.68782,-9.92774],[38.689,-9.92904],[38.68625,-9.93084],[38.68542,-9.93668],[38.68314,-9.93657],[38.68217,-9.93986],[38.68066,-9.94094],[38.68055,-9.93873],[38.67922,-9.9383],[38.67706,-9.93959],[38.67297,-9.93698],[38.67076,-9.93709],[38.66711,-9.93403],[38.66368,-9.93299],[38.66147,-9.93004],[38.6603,-9.93162],[38.65867,-9.93202],[38.65889,-9.92916],[38.6599,-9.92865],[38.65929,-9.9278],[38.65646,-9.92803],[38.65676,-9.9249],[38.6537,-9.92228],[38.65522,-9.91853],[38.65232,-9.91759],[38.65198,-9.91557],[38.65088,-9.91538],[38.65136,-9.91237],[38.65053,-9.91093],[38.64764,-9.90843],[38.64607,-9.90895],[38.64509,-9.907],[38.64417,-9.90713],[38.64464,-9.90433],[38.64233,-9.90344],[38.64266,-9.902],[38.64123,-9.90356],[38.63769,-9.90393],[38.63671,-9.9027],[38.63552,-9.9028],[38.63459,-9.90447],[38.63246,-9.90376],[38.63345,-9.90225],[38.63257,-9.89964],[38.62824,-9.90074],[38.6273,-9.90183],[38.62348,-9.90068],[38.62243,-9.8988],[38.61863,-9.8985],[38.61736,-9.89987],[38.61456,-9.90015],[38.6127,-9.90202],[38.61176,-9.89896],[38.61089,-9.90048],[38.60926,-9.89918],[38.60806,-9.89997],[38.60665,-9.89883],[38.60511,-9.89959],[38.60412,-9.89885],[38.60473,-9.89702],[38.60327,-9.89781],[38.60197,-9.89726],[38.60184,-9.89642],[38.60352,-9.89533],[38.60359,-9.89283],[38.60194,-9.89175],[38.6017,-9.8897],[38.59996,-9.88914],[38.59967,-9.8905],[38.59848,-9.89095],[38.59772,-9.88992],[38.59496,-9.89087],[38.59476,-9.88943],[38.59355,-9.88961],[38.59346,-9.89158],[38.59202,-9.89291],[38.58996,-9.89217],[38.59,-9.89553],[38.58872,-9.89485],[38.58738,-9.89626],[38.58582,-9.89618],[38.58218,-9.89983],[38.58002,-9.89972],[38.58003,-9.89738],[38.57634,-9.8985],[38.57611,-9.89746],[38.57764,-9.89605],[38.57677,-9.89515],[38.57422,-9.89506],[38.5738,-9.89375],[38.5726,-9.8943],[38.5702,-9.89138],[38.56801,-9.8928],[38.56642,-9.88921],[38.56767,-9.88778],[38.56433,-9.88361],[38.56042,-9.88505],[38.55877,-9.88361],[38.55826,-9.88168],[38.5567,-9.88113],[38.55392,-9.88356],[38.5532,-9.88322],[38.55403,-9.88174],[38.55229,-9.88073],[38.55012,-9.88162],[38.55154,-9.8797],[38.54995,-9.87974],[38.54844,-9.88139],[38.54607,-9.87896],[38.54465,-9.88018],[38.5447,-9.87901],[38.54366,-9.87885],[38.54315,-9.87995],[38.54195,-9.87811],[38.5409,-9.87936],[38.5351,-9.87668],[38.52869,-9.87896],[38.52602,-9.87615],[38.52293,-9.87565],[38.51838,-9.87079],[38.50842,-9.86982],[38.50035,-9.86257],[38.49851,-9.84985],[38.49258,-9.85422],[38.47923,-9.85127],[38.4662,-9.85955],[38.45963,-9.85743],[38.45217,-9.86161],[38.44698,-9.86317],[38.44352,-9.86592],[38.44109,-9.86633],[38.44161,-9.86734],[38.4407,-9.86755],[38.43792,-9.86668],[38.43632,-9.86328],[38.43347,-9.87067],[38.43365,-9.87964],[38.43163,-9.88269],[38.42088,-9.89078],[38.26057,-9.76504],[38.25436,-9.74631],[38.4555,-9.69937],[38.59294,-9.70754],[38.66909,-9.80353],[38.6835,-9.83616]]]},"properties":{"region":"Lindi","district":"Liwale","ward":"Mirui","ward_code":"141"}},{"type":"Feature","geometry":{"type":"Polygon","coordinates":[[[38.15482,-9.9963],[38.10727,-10.03611],[38.02851,-10.01527],[38.02456,-9.944],[38.00087,-9.92235],[37.9945,-9.90338],[37.98563,-9.89696],[37.97821,-9.89663],[37.96601,-9.8921],[37.96741,-9.87682],[37.94688,-9.85083],[37.93609,-9.82765],[37.94892,-9.82672],[37.95208,-9.82172],[37.9521,-9.81677],[37.95046,-9.81254],[37.95432,-9.79632],[38.17243,-9.72588],[38.15482,-9.9963]]]},"properties":{"region":"Lindi","district":"Liwale","ward":"Liwale 'B'","ward_code":"151"}},{"type":"Feature","geometry":{"type":"Polygon","coordinates":[[[39.18299,-9.91883],[39.18317,-9.97526],[39.18141,-9.98621],[39.17059,-10.00118],[39.16,-10.00912],[39.1532,-10.01214],[39.11665,-10.04354],[39.09138,-9.96296],[39.09088,-9.94419],[39.08863,-9.94215],[39.08585,-9.93646],[39.08549,-9.93199],[39.08355,-9.928],[39.08464,-9.92256],[39.08282,-9.91893],[39.07656,-9.9214],[39.07207,-9.92599],[39.06369,-9.91401],[39.05404,-9.90853],[39.05307,-9.90707],[39.05366,-9.89168],[39.05824,-9.8842],[39.07301,-9.88144],[39.07208,-9.86385],[39.07849,-9.86201],[39.08737,-9.85372],[39.1068,-9.84673],[39.18504,-9.83621],[39.18299,-9.91883]]]},"properties":{"region":"Lindi","district":"Ruangwa","ward":"Mandawa","ward_code":"121"}},{"type":"Feature","geometry":{"type":"Polygon","coordinates":[[[39.2098,-9.66945],[39.20985,-9.68029],[39.1939,-9.6952],[39.19384,-9.70749],[39.19065,-9.71306],[39.19162,-9.73183],[39.19432,-9.73991],[39.1913,-9.76381],[39.19187,-9.77859],[39.18572,-9.81485],[39.18504,-9.83621],[39.1068,-9.84673],[39.08737,-9.85372],[39.07849,-9.86201],[39.07208,-9.86385],[39.06797,-9.86338],[39.0606,-9.85562],[39.05733,-9.85429],[39.04263,-9.85511],[39.03908,-9.85673],[39.0294,-9.8585],[39.01739,-9.85817],[39.00293,-9.84685],[38.98922,-9.84031],[38.96478,-9.80117],[38.95621,-9.76443],[38.95871,-9.76583],[38.9627,-9.76296],[38.96732,-9.76276],[38.96777,-9.76182],[38.96531,-9.76027],[38.96654,-9.7557],[38.96781,-9.75477],[38.97076,-9.75523],[38.97224,-9.75365],[38.97111,-9.74793],[38.97338,-9.74515],[38.9717,-9.74209],[38.97377,-9.73797],[38.97539,-9.7371],[38.97775,-9.73757],[38.98309,-9.74233],[38.98544,-9.74256],[38.99211,-9.74094],[38.99521,-9.73818],[39.00426,-9.7392],[39.0098,-9.73276],[39.00946,-9.72362],[39.01494,-9.72299],[39.01773,-9.72407],[39.01672,-9.72709],[39.01721,-9.73337],[39.0203,-9.73348],[39.02384,-9.72841],[39.03037,-9.72642],[39.03117,-9.72498],[39.03634,-9.72697],[39.03948,-9.72674],[39.04108,-9.72574],[39.04112,-9.72357],[39.04474,-9.72242],[39.04445,-9.72038],[39.04577,-9.718],[39.04392,-9.71458],[39.04634,-9.71209],[39.04933,-9.71087],[39.05613,-9.71203],[39.05938,-9.71006],[39.06598,-9.70907],[39.06945,-9.71106],[39.07476,-9.71016],[39.07571,-9.7075],[39.07308,-9.70616],[39.07428,-9.70533],[39.07481,-9.70229],[39.08511,-9.69735],[39.09071,-9.69814],[39.09636,-9.70222],[39.09823,-9.70134],[39.09863,-9.70224],[39.10125,-9.70269],[39.10507,-9.70104],[39.10581,-9.69843],[39.10956,-9.69868],[39.10996,-9.70282],[39.11294,-9.70242],[39.11487,-9.70323],[39.11459,-9.70844],[39.11605,-9.7114],[39.12008,-9.70867],[39.12661,-9.70713],[39.12782,-9.70391],[39.12903,-9.70335],[39.1326,-9.70474],[39.13409,-9.70321],[39.13785,-9.70359],[39.14036,-9.69795],[39.13947,-9.69546],[39.14004,-9.69382],[39.14358,-9.69111],[39.14532,-9.68558],[39.1493,-9.68372],[39.15005,-9.68101],[39.15233,-9.68091],[39.15402,-9.67792],[39.15629,-9.67729],[39.15787,-9.67342],[39.1593,-9.67253],[39.16226,-9.67348],[39.16651,-9.67177],[39.17148,-9.67393],[39.17804,-9.67158],[39.18298,-9.67372],[39.18374,-9.67255],[39.18266,-9.67025],[39.18593,-9.66649],[39.2098,-9.66945]]]},"properties":{"region":"Lindi","district":"Ruangwa","ward":"Nambilanje","ward_code":"131"}},{"type":"Feature","geometry":{"type":"Polygon","coordinates":[[[39.0606,-9.85562],[39.06797,-9.86338],[39.07208,-9.86385],[39.07301,-9.88144],[39.05824,-9.8842],[39.05366,-9.89168],[39.05307,-9.90707],[39.05549,-9.90986],[39.06369,-9.91401],[39.07207,-9.92599],[39.07656,-9.9214],[39.08282,-9.91893],[39.08464,-9.92256],[39.08355,-9.928],[39.08549,-9.93199],[39.08585,-9.93646],[39.08863,-9.94215],[39.09088,-9.94419],[39.09138,-9.96296],[39.11665,-10.04354],[39.10836,-10.0494],[39.05639,-9.99103],[39.05232,-9.98215],[39.04669,-9.97635],[39.03656,-9.97238],[39.01759,-9.97159],[39.01807,-9.9678],[39.01642,-9.9571],[39.01336,-9.95382],[39.01097,-9.94498],[39.0136,-9.94507],[39.00741,-9.92257],[39.01143,-9.9066],[39.01004,-9.89586],[39.00983,-9.88189],[39.01303,-9.86908],[39.01437,-9.86761],[39.01739,-9.85817],[39.0294,-9.8585],[39.03908,-9.85673],[39.04263,-9.85511],[39.05733,-9.85429],[39.0606,-9.85562]]]},"properties":{"region":"Lindi","district":"Ruangwa","ward":"Chibula","ward_code":"181"}},{"type":"Feature","geometry":{"type":"Polygon","coordinates":[[[38.93666,-10.01888],[38.93761,-10.01963],[38.94196,-10.01895],[38.94462,-10.02051],[38.94836,-10.02058],[38.95789,-10.01834],[38.96945,-10.01827],[38.98454,-10.0161],[38.97116,-10.04838],[38.97093,-10.06565],[38.97024,-10.06805],[38.968,-10.06915],[38.96777,-10.07147],[38.96311,-10.06911],[38.96227,-10.07004],[38.95826,-10.06857],[38.95582,-10.06464],[38.95289,-10.06377],[38.95091,-10.06429],[38.94704,-10.0633],[38.93735,-10.06295],[38.93477,-10.06342],[38.93435,-10.06499],[38.93264,-10.0649],[38.92932,-10.0679],[38.92812,-10.06586],[38.92236,-10.06235],[38.91634,-10.06398],[38.91372,-10.06282],[38.89965,-10.06131],[38.89411,-10.05793],[38.88635,-10.0705],[38.87134,-10.07505],[38.86406,-10.06722],[38.84485,-10.06831],[38.8483,-10.0564],[38.85703,-10.03963],[38.86124,-10.03944],[38.86422,-10.04173],[38.8671,-10.04027],[38.8748,-10.04166],[38.87752,-10.04587],[38.87728,-10.04752],[38.88076,-10.04871],[38.88008,-10.05049],[38.88617,-10.05082],[38.88724,-10.05242],[38.88944,-10.05139],[38.89058,-10.05288],[38.8916,-10.05272],[38.90762,-10.03066],[38.91451,-10.03233],[38.91631,-10.03138],[38.91417,-10.0195],[38.93237,-10.01378],[38.93598,-10.01555],[38.93666,-10.01888]]]},"properties":{"region":"Lindi","district":"Ruangwa","ward":"Ruangwa","ward_code":"013"}},{"type":"Feature","geometry":{"type":"Polygon","coordinates":[[[38.94009,-9.90428],[38.94789,-9.90565],[38.95244,-9.90502],[38.95961,-9.90809],[38.96877,-9.91403],[38.96896,-9.91575],[38.97118,-9.91596],[38.97276,-9.91832],[38.97508,-9.91923],[38.97694,-9.924],[38.97962,-9.92625],[38.98173,-9.9334],[38.98416,-9.93484],[38.98385,-9.93871],[38.98469,-9.94055],[38.9874,-9.94213],[38.99184,-9.9487],[39.00547,-9.94758],[39.01097,-9.94498],[39.01336,-9.95382],[39.01642,-9.9571],[39.01807,-9.9678],[39.01759,-9.97159],[39.03656,-9.97238],[39.04669,-9.97635],[39.05232,-9.98215],[39.05639,-9.99103],[39.10836,-10.0494],[39.07543,-10.07683],[39.01479,-10.03353],[39.00143,-10.02347],[38.99901,-10.02021],[38.99267,-10.01717],[38.9822,-10.0161],[38.96945,-10.01827],[38.95789,-10.01834],[38.94836,-10.02058],[38.94462,-10.02051],[38.94196,-10.01895],[38.93761,-10.01963],[38.93482,-10.01439],[38.92515,-10.01047],[38.9246,-10.00927],[38.93053,-10.00583],[38.93572,-9.99967],[38.93574,-9.99802],[38.9416,-9.99442],[38.94772,-9.96654],[38.94619,-9.96099],[38.94355,-9.95666],[38.94037,-9.95393],[38.93894,-9.94826],[38.93284,-9.94278],[38.92259,-9.94087],[38.91784,-9.92957],[38.91344,-9.92813],[38.91515,-9.90866],[38.91571,-9.90754],[38.91928,-9.90793],[38.92554,-9.90619],[38.94009,-9.90428]]]},"properties":{"region":"Lindi","district":"Ruangwa","ward":"Mbekenyera","ward_code":"023"}},{"type":"Feature","geometry":{"type":"Polygon","coordinates":[[[38.95621,-9.76443],[38.96478,-9.80117],[38.98922,-9.84031],[39.00293,-9.84685],[39.01739,-9.85817],[39.01437,-9.86761],[39.01303,-9.86908],[39.00983,-9.88189],[39.01004,-9.89586],[39.01143,-9.9066],[39.00741,-9.92257],[39.0136,-9.94507],[39.01097,-9.94498],[39.00547,-9.94758],[38.99184,-9.9487],[38.9874,-9.94213],[38.98469,-9.94055],[38.98385,-9.93871],[38.98416,-9.93484],[38.98173,-9.9334],[38.97962,-9.92625],[38.97694,-9.924],[38.97508,-9.91923],[38.97276,-9.91832],[38.97118,-9.91596],[38.96896,-9.91575],[38.96877,-9.91403],[38.95961,-9.90809],[38.95244,-9.90502],[38.94789,-9.90565],[38.94009,-9.90428],[38.92554,-9.90619],[38.91928,-9.90793],[38.92793,-9.89946],[38.92869,-9.89463],[38.9269,-9.87697],[38.93811,-9.87579],[38.94176,-9.87443],[38.95524,-9.86011],[38.93564,-9.81948],[38.93041,-9.78941],[38.93577,-9.78217],[38.93774,-9.77465],[38.94336,-9.77473],[38.94722,-9.77609],[38.94778,-9.77122],[38.95224,-9.76863],[38.95113,-9.76577],[38.95468,-9.76393],[38.95621,-9.76443]]]},"properties":{"region":"Lindi","district":"Ruangwa","ward":"Namichiga","ward_code":"071"}},{"type":"Feature","geometry":{"type":"Polygon","coordinates":[[[38.89145,-9.98816],[38.90327,-10.01501],[38.91631,-10.03138],[38.91451,-10.03233],[38.90762,-10.03066],[38.89268,-10.05201],[38.89058,-10.05288],[38.88944,-10.05139],[38.88724,-10.05242],[38.88617,-10.05082],[38.88008,-10.05049],[38.88076,-10.04871],[38.87728,-10.04752],[38.87752,-10.04587],[38.8748,-10.04166],[38.8671,-10.04027],[38.86422,-10.04173],[38.86124,-10.03944],[38.85703,-10.03963],[38.8483,-10.0564],[38.84485,-10.06831],[38.83706,-10.07545],[38.84337,-10.05426],[38.81699,-10.03792],[38.80639,-10.0361],[38.78852,-10.01799],[38.78047,-10.01121],[38.76801,-10.0077],[38.7563,-10.01208],[38.77724,-9.98304],[38.81287,-9.97266],[38.82396,-9.96619],[38.826,-9.96416],[38.82707,-9.95697],[38.8244,-9.95021],[38.82418,-9.94594],[38.84026,-9.96265],[38.88407,-9.98097],[38.89145,-9.98816]]]},"properties":{"region":"Lindi","district":"Ruangwa","ward":"Narungombe","ward_code":"081"}},{"type":"Feature","geometry":{"type":"Polygon","coordinates":[[[38.86406,-10.06722],[38.87134,-10.07505],[38.88635,-10.0705],[38.88858,-10.07233],[38.89108,-10.07206],[38.89489,-10.07503],[38.89479,-10.07658],[38.89627,-10.07779],[38.89628,-10.08018],[38.89836,-10.07972],[38.90159,-10.08118],[38.90399,-10.08403],[38.90763,-10.09268],[38.91271,-10.09695],[38.90417,-10.10156],[38.89835,-10.11478],[38.88882,-10.12771],[38.88038,-10.13369],[38.87367,-10.13669],[38.86886,-10.14059],[38.86496,-10.14957],[38.8634,-10.1613],[38.85956,-10.17109],[38.85116,-10.18291],[38.83674,-10.17462],[38.83697,-10.16739],[38.8286,-10.15783],[38.83108,-10.15573],[38.83216,-10.15252],[38.84075,-10.14636],[38.84149,-10.14353],[38.84013,-10.14023],[38.83754,-10.1381],[38.83785,-10.13658],[38.84028,-10.12807],[38.84401,-10.1251],[38.84332,-10.12358],[38.84399,-10.12089],[38.84657,-10.11877],[38.83952,-10.11782],[38.82122,-10.10526],[38.82379,-10.09884],[38.82948,-10.0895],[38.83855,-10.0782],[38.83706,-10.07545],[38.84485,-10.06831],[38.86406,-10.06722]]]},"properties":{"region":"Lindi","district":"Ruangwa","ward":"Makanjiro","ward_code":"091"}},{"type":"Feature","geometry":{"type":"Polygon","coordinates":[[[38.99533,-10.11269],[38.99334,-10.1145],[38.99249,-10.11397],[38.99228,-10.11504],[38.99366,-10.11604],[38.99414,-10.12019],[38.99986,-10.128],[38.99932,-10.13055],[39.00023,-10.13559],[39.00461,-10.13845],[39.00158,-10.14257],[38.98343,-10.1429],[38.97258,-10.14498],[38.94956,-10.14254],[38.94434,-10.15556],[38.94171,-10.16702],[38.93822,-10.17249],[38.93384,-10.17684],[38.93202,-10.17781],[38.92813,-10.17735],[38.92659,-10.18096],[38.92666,-10.18852],[38.92087,-10.19016],[38.92243,-10.19885],[38.9215,-10.20815],[38.91095,-10.20677],[38.90582,-10.21295],[38.89948,-10.21566],[38.89571,-10.19731],[38.88756,-10.19625],[38.87891,-10.19759],[38.8767,-10.1996],[38.87482,-10.20036],[38.87421,-10.19951],[38.87196,-10.20178],[38.86764,-10.19388],[38.85831,-10.18427],[38.85327,-10.18405],[38.85116,-10.18291],[38.85956,-10.17109],[38.8634,-10.1613],[38.86496,-10.14957],[38.86886,-10.14059],[38.87367,-10.13669],[38.88038,-10.13369],[38.88882,-10.12771],[38.89835,-10.11478],[38.90417,-10.10156],[38.91271,-10.09695],[38.91839,-10.09537],[38.93767,-10.09381],[38.99097,-10.10049],[38.9953,-10.10622],[38.99533,-10.11269]]]},"properties":{"region":"Lindi","district":"Ruangwa","ward":"Likunja","ward_code":"101"}},{"type":"Feature","geometry":{"type":"Polygon","coordinates":[[[38.87987,-9.92244],[38.88233,-9.92666],[38.88986,-9.92552],[38.90042,-9.92758],[38.91344,-9.92813],[38.91784,-9.92957],[38.92259,-9.94087],[38.93284,-9.94278],[38.93547,-9.94495],[38.93894,-9.94826],[38.94037,-9.95393],[38.94355,-9.95666],[38.94619,-9.96099],[38.94772,-9.96654],[38.9416,-9.99442],[38.93574,-9.99802],[38.93572,-9.99967],[38.93053,-10.00583],[38.9246,-10.00927],[38.92515,-10.01047],[38.93237,-10.01378],[38.91417,-10.0195],[38.91631,-10.03138],[38.90327,-10.01501],[38.89145,-9.98816],[38.88407,-9.98097],[38.84026,-9.96265],[38.82418,-9.94594],[38.83828,-9.93107],[38.84673,-9.92829],[38.84892,-9.92607],[38.84694,-9.92456],[38.84768,-9.92475],[38.85206,-9.91761],[38.85988,-9.91364],[38.87453,-9.91114],[38.87847,-9.91733],[38.87987,-9.92244]]]},"properties":{"region":"Lindi","district":"Ruangwa","ward":"Chunyu","ward_code":"141"}},{"type":"Feature","geometry":{"type":"Polygon","coordinates":[[[39.00143,-10.02347],[39.07543,-10.07683],[39.06555,-10.1305],[39.05146,-10.14422],[39.02119,-10.14283],[39.01008,-10.14814],[39.00158,-10.14257],[39.00461,-10.13845],[39.00023,-10.13559],[38.99932,-10.13055],[38.99986,-10.128],[38.99414,-10.12019],[38.99366,-10.11604],[38.99228,-10.11504],[38.99249,-10.11397],[38.99334,-10.1145],[38.99533,-10.11269],[38.99548,-10.10947],[38.9953,-10.10622],[38.99097,-10.10049],[38.99157,-10.08328],[38.98911,-10.0794],[38.98994,-10.07708],[38.9919,-10.07675],[38.98877,-10.07083],[38.98928,-10.06814],[38.98788,-10.06578],[38.99038,-10.06235],[38.98798,-10.05992],[38.98207,-10.06067],[38.97914,-10.06252],[38.97541,-10.06242],[38.97339,-10.0656],[38.97237,-10.06458],[38.97093,-10.06565],[38.97116,-10.04838],[38.98454,-10.0161],[38.99267,-10.01717],[38.99901,-10.02021],[39.00143,-10.02347]]]},"properties":{"region":"Lindi","district":"Ruangwa","ward":"Mandarawe","ward_code":"151"}},{"type":"Feature","geometry":{"type":"Polygon","coordinates":[[[38.89965,-10.06131],[38.91372,-10.06282],[38.91634,-10.06398],[38.92236,-10.06235],[38.92812,-10.06586],[38.92932,-10.0679],[38.93264,-10.0649],[38.93435,-10.06499],[38.93477,-10.06342],[38.94704,-10.0633],[38.95091,-10.06429],[38.95189,-10.0636],[38.95582,-10.06464],[38.95826,-10.06857],[38.96227,-10.07004],[38.96311,-10.06911],[38.96731,-10.07158],[38.968,-10.06915],[38.97024,-10.06805],[38.97093,-10.06565],[38.97237,-10.06458],[38.97339,-10.0656],[38.97541,-10.06242],[38.97914,-10.06252],[38.98207,-10.06067],[38.98798,-10.05992],[38.99038,-10.06235],[38.98788,-10.06578],[38.98928,-10.06814],[38.98877,-10.07083],[38.9919,-10.07675],[38.98994,-10.07708],[38.98911,-10.0794],[38.99157,-10.08328],[38.99097,-10.10049],[38.93767,-10.09381],[38.91839,-10.09537],[38.91271,-10.09695],[38.90763,-10.09268],[38.90399,-10.08403],[38.90159,-10.08118],[38.89836,-10.07972],[38.89628,-10.08018],[38.89627,-10.07779],[38.89479,-10.07658],[38.89489,-10.07503],[38.89108,-10.07206],[38.88858,-10.07233],[38.88635,-10.0705],[38.89411,-10.05793],[38.89965,-10.06131]]]},"properties":{"region":"Lindi","district":"Ruangwa","ward":"Nachingwea","ward_code":"163"}},{"type":"Feature","geometry":{"type":"Polygon","coordinates":[[[38.93577,-9.78217],[38.93041,-9.78941],[38.93564,-9.81948],[38.95524,-9.86011],[38.94176,-9.87443],[38.93811,-9.87579],[38.9269,-9.87697],[38.92869,-9.89463],[38.92793,-9.89946],[38.91928,-9.90793],[38.91571,-9.90754],[38.91344,-9.92813],[38.90042,-9.92758],[38.88986,-9.92552],[38.88233,-9.92666],[38.87987,-9.92244],[38.87847,-9.91733],[38.87453,-9.91114],[38.85988,-9.91364],[38.84841,-9.86075],[38.83457,-9.85242],[38.83719,-9.84967],[38.85316,-9.84435],[38.85099,-9.83311],[38.85336,-9.82999],[38.8589,-9.82981],[38.86522,-9.84001],[38.87198,-9.83724],[38.88204,-9.8425],[38.88711,-9.83835],[38.89033,-9.83872],[38.89503,-9.84116],[38.90194,-9.83339],[38.90087,-9.82976],[38.89634,-9.82683],[38.8962,-9.82418],[38.90137,-9.8202],[38.90356,-9.81346],[38.90336,-9.80874],[38.90529,-9.80438],[38.90298,-9.80342],[38.90178,-9.80638],[38.90149,-9.80287],[38.90014,-9.80075],[38.9004,-9.79972],[38.9027,-9.79891],[38.90338,-9.79611],[38.90207,-9.79509],[38.90268,-9.79295],[38.90181,-9.79241],[38.90825,-9.78516],[38.91315,-9.7851],[38.91804,-9.78842],[38.92167,-9.78716],[38.92432,-9.78528],[38.92423,-9.783],[38.9333,-9.77464],[38.93774,-9.77465],[38.93577,-9.78217]]]},"properties":{"region":"Lindi","district":"Ruangwa","ward":"Matambarale","ward_code":"171"}},{"type":"Feature","geometry":{"type":"Polygon","coordinates":[[[38.84841,-9.86075],[38.85988,-9.91364],[38.85206,-9.91761],[38.84768,-9.92475],[38.84694,-9.92456],[38.84892,-9.92607],[38.84673,-9.92829],[38.83828,-9.93107],[38.82418,-9.94594],[38.8244,-9.95021],[38.82707,-9.95697],[38.826,-9.96416],[38.82396,-9.96619],[38.81287,-9.97266],[38.77724,-9.98304],[38.7563,-10.01208],[38.71949,-9.98005],[38.71041,-9.96215],[38.68558,-9.93271],[38.68625,-9.93084],[38.689,-9.92904],[38.68782,-9.92774],[38.68877,-9.92589],[38.69056,-9.9261],[38.69148,-9.92403],[38.69389,-9.92235],[38.69522,-9.92436],[38.69855,-9.92536],[38.69881,-9.92757],[38.70038,-9.92803],[38.70108,-9.92569],[38.70324,-9.9258],[38.70517,-9.92811],[38.70776,-9.9254],[38.7145,-9.92249],[38.71764,-9.92359],[38.72037,-9.92288],[38.72212,-9.92415],[38.72519,-9.92315],[38.72478,-9.9213],[38.72834,-9.92048],[38.72983,-9.92356],[38.73665,-9.9246],[38.74113,-9.92024],[38.74051,-9.91189],[38.74357,-9.90937],[38.74295,-9.90681],[38.74595,-9.90585],[38.749,-9.90265],[38.75051,-9.90412],[38.75331,-9.90323],[38.7534,-9.90045],[38.75462,-9.89994],[38.75582,-9.90153],[38.75797,-9.8991],[38.76548,-9.89895],[38.77175,-9.90014],[38.77793,-9.89491],[38.78276,-9.89454],[38.78446,-9.89772],[38.78601,-9.89843],[38.78713,-9.89657],[38.78795,-9.89673],[38.78804,-9.89936],[38.79025,-9.89886],[38.79423,-9.89471],[38.79521,-9.89189],[38.79459,-9.8905],[38.79639,-9.88696],[38.79758,-9.88596],[38.79858,-9.88662],[38.80413,-9.88546],[38.80788,-9.88043],[38.8133,-9.88054],[38.81529,-9.88254],[38.81909,-9.87989],[38.82133,-9.87519],[38.82379,-9.8759],[38.82504,-9.87474],[38.8292,-9.87583],[38.83167,-9.87503],[38.83394,-9.87569],[38.83572,-9.87256],[38.83685,-9.86389],[38.8357,-9.86083],[38.8325,-9.85943],[38.83153,-9.85693],[38.83457,-9.85242],[38.84841,-9.86075]]]},"properties":{"region":"Lindi","district":"Ruangwa","ward":"Mbwemkuru","ward_code":"221"}},{"type":"Feature","geometry":{"type":"Polygon","coordinates":[[[38.94956,-10.14254],[38.97258,-10.14498],[38.98343,-10.1429],[39.00158,-10.14257],[39.01008,-10.14814],[39.02119,-10.14283],[39.02109,-10.15651],[39.02272,-10.17037],[39.01672,-10.17162],[39.00233,-10.17147],[39.0002,-10.17067],[38.98286,-10.1808],[38.97934,-10.18605],[38.9824,-10.18981],[38.9785,-10.20839],[38.96769,-10.20871],[38.94101,-10.21166],[38.93678,-10.21],[38.9215,-10.20815],[38.92243,-10.19885],[38.92087,-10.19016],[38.92666,-10.18852],[38.92659,-10.18096],[38.92813,-10.17735],[38.93202,-10.17781],[38.93384,-10.17684],[38.93822,-10.17249],[38.94171,-10.16702],[38.94434,-10.15556],[38.94956,-10.14254]]]},"properties":{"region":"Lindi","district":"Ruangwa","ward":"Nkowe","ward_code":"033"}},{"type":"Feature","geometry":{"type":"Polygon","coordinates":[[[39.10959,-10.29791],[39.11062,-10.33513],[39.07656,-10.34477],[39.0689,-10.35114],[39.06835,-10.35387],[39.06377,-10.35712],[39.06256,-10.36097],[39.05904,-10.36645],[39.06085,-10.3751],[39.05319,-10.38949],[39.03023,-10.38909],[39.02893,-10.38754],[39.02432,-10.38651],[39.02312,-10.38476],[39.0211,-10.38431],[39.01944,-10.38258],[39.01857,-10.383],[39.01714,-10.3813],[39.00809,-10.3804],[39.00325,-10.37599],[39.00139,-10.37663],[38.99834,-10.37343],[38.99656,-10.37311],[38.99567,-10.37405],[38.99327,-10.37267],[38.99183,-10.37394],[38.99129,-10.37313],[38.99054,-10.37376],[38.99008,-10.37267],[38.98498,-10.37087],[38.98224,-10.37171],[38.95155,-10.36463],[38.93699,-10.36263],[38.92801,-10.37319],[38.89769,-10.35661],[38.92519,-10.30704],[38.92624,-10.30227],[38.92789,-10.30113],[38.93554,-10.30418],[38.9424,-10.31488],[38.94563,-10.31796],[38.95611,-10.31522],[38.97851,-10.30494],[38.9794,-10.30775],[38.97848,-10.30971],[38.98017,-10.31462],[38.98615,-10.3157],[38.99663,-10.31466],[39.00908,-10.30365],[39.03861,-10.29749],[39.06718,-10.27571],[39.10959,-10.29791]]]},"properties":{"region":"Lindi","district":"Ruangwa","ward":"Malolo","ward_code":"041"}},{"type":"Feature","geometry":{"type":"Polygon","coordinates":[[[38.98132,-10.37118],[38.98754,-10.37152],[38.99183,-10.37394],[38.99327,-10.37267],[38.99567,-10.37405],[38.99656,-10.37311],[38.99834,-10.37343],[39.00139,-10.37663],[39.00325,-10.37599],[39.00809,-10.3804],[39.01714,-10.3813],[39.01857,-10.383],[39.01944,-10.38258],[39.0211,-10.38431],[39.02312,-10.38476],[39.02432,-10.38651],[39.02893,-10.38754],[39.03023,-10.38909],[39.03115,-10.38863],[39.02925,-10.39793],[39.02773,-10.40113],[39.02914,-10.4108],[39.03147,-10.415],[39.0327,-10.43579],[39.03672,-10.45342],[39.03279,-10.455],[39.03137,-10.45695],[39.02467,-10.45699],[39.02175,-10.46223],[39.01965,-10.46222],[39.01917,-10.46064],[39.01767,-10.46102],[39.0172,-10.46256],[39.0131,-10.46096],[39.0113,-10.46209],[39.01178,-10.46314],[39.00464,-10.46533],[39.00249,-10.46787],[39.00005,-10.46608],[38.99697,-10.46541],[38.99473,-10.46865],[38.99077,-10.46769],[38.98841,-10.46871],[38.98342,-10.45608],[38.96192,-10.45756],[38.95187,-10.45978],[38.94523,-10.45673],[38.94784,-10.44572],[38.94746,-10.43751],[38.94486,-10.43643],[38.94431,-10.4376],[38.94294,-10.43762],[38.93751,-10.43496],[38.93338,-10.43652],[38.92717,-10.43505],[38.92779,-10.41711],[38.92714,-10.40816],[38.92876,-10.38975],[38.92801,-10.37319],[38.93699,-10.36263],[38.95155,-10.36463],[38.98132,-10.37118]]]},"properties":{"region":"Lindi","district":"Ruangwa","ward":"Luchelegwa","ward_code":"051"}},{"type":"Feature","geometry":{"type":"Polygon","coordinates":[[[38.93678,-10.21],[38.94101,-10.21166],[38.94242,-10.21118],[38.93922,-10.24007],[38.93806,-10.24521],[38.93416,-10.25176],[38.93247,-10.25749],[38.93609,-10.26365],[38.93104,-10.2898],[38.92789,-10.30113],[38.92624,-10.30227],[38.92519,-10.30704],[38.89769,-10.35661],[38.87804,-10.3553],[38.86921,-10.35196],[38.859,-10.3457],[38.85935,-10.3365],[38.8625,-10.32447],[38.85848,-10.30253],[38.85454,-10.30061],[38.84159,-10.2738],[38.83553,-10.25503],[38.83777,-10.24975],[38.8595,-10.24553],[38.89508,-10.24414],[38.89981,-10.24154],[38.90104,-10.23647],[38.89948,-10.21566],[38.90582,-10.21295],[38.91095,-10.20677],[38.93678,-10.21]]]},"properties":{"region":"Lindi","district":"Ruangwa","ward":"Chienjele","ward_code":"061"}},{"type":"Feature","geometry":{"type":"Polygon","coordinates":[[[39.07968,-10.25012],[39.08768,-10.26164],[39.10784,-10.26666],[39.10959,-10.29791],[39.06718,-10.27571],[39.03861,-10.29749],[39.00908,-10.30365],[38.99663,-10.31466],[38.98615,-10.3157],[38.98017,-10.31462],[38.97848,-10.30971],[38.9794,-10.30775],[38.97851,-10.30494],[38.95611,-10.31522],[38.94563,-10.31796],[38.9424,-10.31488],[38.93554,-10.30418],[38.92789,-10.30113],[38.93251,-10.28381],[38.93433,-10.27266],[38.94609,-10.26805],[38.95322,-10.25709],[38.96291,-10.25235],[38.97794,-10.25539],[38.98903,-10.25593],[38.99482,-10.25839],[38.9989,-10.25246],[38.99933,-10.22719],[38.99795,-10.20387],[39.01228,-10.20283],[39.02713,-10.18816],[39.07543,-10.19173],[39.07496,-10.23778],[39.07968,-10.25012]]]},"properties":{"region":"Lindi","district":"Ruangwa","ward":"Mnacho","ward_code":"111"}},{"type":"Feature","geometry":{"type":"Polygon","coordinates":[[[39.02272,-10.17037],[39.02378,-10.18032],[39.02713,-10.18816],[39.01228,-10.20283],[38.99795,-10.20387],[38.99933,-10.22719],[38.9989,-10.25246],[38.99482,-10.25839],[38.98903,-10.25593],[38.97794,-10.25539],[38.96291,-10.25235],[38.95322,-10.25709],[38.94609,-10.26805],[38.93433,-10.27266],[38.93609,-10.26365],[38.93247,-10.25749],[38.93416,-10.25176],[38.93806,-10.24521],[38.93922,-10.24007],[38.94242,-10.21118],[38.9785,-10.20839],[38.9824,-10.18981],[38.97934,-10.18605],[38.98286,-10.1808],[39.0002,-10.17067],[39.00233,-10.17147],[39.01672,-10.17162],[39.02272,-10.17037]]]},"properties":{"region":"Lindi","district":"Ruangwa","ward":"Nandagala","ward_code":"191"}},{"type":"Feature","geometry":{"type":"Polygon","coordinates":[[[39.11084,-10.35002],[39.11516,-10.37585],[39.11834,-10.37763],[39.13335,-10.37397],[39.13731,-10.37404],[39.15248,-10.38874],[39.15772,-10.3963],[39.15745,-10.39734],[39.15579,-10.39849],[39.15517,-10.40088],[39.15144,-10.40036],[39.14161,-10.40148],[39.1401,-10.40267],[39.13603,-10.4028],[39.13203,-10.40573],[39.12629,-10.40625],[39.1194,-10.41123],[39.11625,-10.41699],[39.10583,-10.42498],[39.10285,-10.42546],[39.09691,-10.42305],[39.09247,-10.42417],[39.08548,-10.43139],[39.07941,-10.43512],[39.0793,-10.43624],[39.07544,-10.43758],[39.07181,-10.4418],[39.06577,-10.44653],[39.06203,-10.44672],[39.05859,-10.44971],[39.05288,-10.45129],[39.05305,-10.45315],[39.05129,-10.45449],[39.04276,-10.45785],[39.03955,-10.454],[39.03672,-10.45342],[39.0327,-10.43579],[39.03147,-10.415],[39.02914,-10.4108],[39.02773,-10.40113],[39.02925,-10.39793],[39.03115,-10.38863],[39.05319,-10.38949],[39.06085,-10.3751],[39.05904,-10.36645],[39.06256,-10.36097],[39.06241,-10.35953],[39.06377,-10.35712],[39.06835,-10.35387],[39.0689,-10.35114],[39.07656,-10.34477],[39.11062,-10.33513],[39.11084,-10.35002]]]},"properties":{"region":"Lindi","district":"Ruangwa","ward":"Nanganga","ward_code":"201"}},{"type":"Feature","geometry":{"type":"Polygon","coordinates":[[[38.93751,-10.43496],[38.94294,-10.43762],[38.94431,-10.4376],[38.94486,-10.43643],[38.94746,-10.43751],[38.94784,-10.44572],[38.94523,-10.45673],[38.95187,-10.45978],[38.96192,-10.45756],[38.98342,-10.45608],[38.98841,-10.46871],[38.98395,-10.46945],[38.9826,-10.47128],[38.97989,-10.47095],[38.97985,-10.47206],[38.9788,-10.47245],[38.97945,-10.47324],[38.97804,-10.47433],[38.979,-10.48014],[38.97598,-10.48209],[38.97488,-10.48151],[38.97346,-10.48353],[38.97148,-10.48293],[38.9671,-10.48381],[38.96473,-10.4815],[38.96171,-10.48267],[38.96046,-10.48559],[38.95584,-10.48892],[38.95295,-10.49611],[38.94907,-10.49745],[38.94427,-10.49535],[38.94305,-10.49636],[38.9439,-10.49708],[38.94296,-10.4989],[38.93962,-10.50263],[38.93685,-10.5032],[38.93542,-10.50204],[38.93388,-10.50269],[38.93355,-10.50148],[38.93183,-10.50207],[38.93219,-10.50073],[38.93118,-10.50115],[38.93121,-10.50031],[38.9309,-10.50153],[38.92964,-10.50151],[38.92645,-10.50453],[38.92614,-10.50643],[38.92306,-10.50745],[38.92066,-10.50624],[38.91562,-10.50697],[38.91511,-10.50625],[38.91157,-10.50686],[38.91097,-10.50615],[38.9089,-10.50724],[38.90653,-10.50613],[38.90308,-10.50703],[38.89761,-10.51292],[38.89654,-10.51557],[38.89465,-10.51609],[38.8875,-10.50467],[38.88857,-10.49358],[38.88617,-10.46816],[38.88666,-10.46213],[38.89144,-10.44076],[38.8937,-10.43851],[38.89548,-10.43889],[38.89695,-10.4412],[38.89641,-10.44507],[38.89884,-10.44878],[38.91015,-10.44343],[38.9128,-10.44631],[38.91515,-10.44665],[38.91858,-10.44507],[38.91934,-10.44278],[38.92062,-10.44286],[38.92357,-10.44909],[38.9262,-10.4494],[38.92717,-10.43505],[38.93338,-10.43652],[38.93751,-10.43496]]]},"properties":{"region":"Lindi","district":"Ruangwa","ward":"Chinongwe","ward_code":"211"}}]}