{"type":"FeatureCollection","features":[{"type":"Feature","geometry":{"type":"Polygon","coordinates":[[[40.31376,-10.50951],[40.32647,-10.51715],[40.33466,-10.50772],[40.3496,-10.52296],[40.34248,-10.53792],[40.34341,-10.55702],[40.34684,-10.56147],[40.34779,-10.57044],[40.33859,-10.57306],[40.32198,-10.56691],[40.31454,-10.56858],[40.26605,-10.58331],[40.2547,-10.59192],[40.25343,-10.58949],[40.24622,-10.58247],[40.24393,-10.58139],[40.24427,-10.58026],[40.24164,-10.57478],[40.22689,-10.57169],[40.20773,-10.55061],[40.20435,-10.53364],[40.20887,-10.51453],[40.22204,-10.49184],[40.24623,-10.4754],[40.26736,-10.47185],[40.27672,-10.46341],[40.28149,-10.45082],[40.28917,-10.45889],[40.29069,-10.46208],[40.28728,-10.46926],[40.29032,-10.47588],[40.29629,-10.49781],[40.30335,-10.49891],[40.31376,-10.50951]]]},"properties":{"region":"Mtwara","district":"Mtwara","ward":"Mahurunga","ward_code":"041"}},{"type":"Feature","geometry":{"type":"Polygon","coordinates":[[[40.41999,-10.42841],[40.43276,-10.4772],[40.43009,-10.48597],[40.42385,-10.4959],[40.41791,-10.50253],[40.40722,-10.50858],[40.39273,-10.51155],[40.38638,-10.51622],[40.37516,-10.53469],[40.36468,-10.5593],[40.36164,-10.56282],[40.34779,-10.57044],[40.34684,-10.56147],[40.34341,-10.55702],[40.34248,-10.53792],[40.3496,-10.52296],[40.33466,-10.50772],[40.32647,-10.51715],[40.31376,-10.50951],[40.30335,-10.49891],[40.29629,-10.49781],[40.29032,-10.47588],[40.28728,-10.46926],[40.29069,-10.46208],[40.28773,-10.45714],[40.28175,-10.4517],[40.28036,-10.44461],[40.29112,-10.44512],[40.31456,-10.44349],[40.32808,-10.44365],[40.33766,-10.45442],[40.34658,-10.45697],[40.35341,-10.45733],[40.36205,-10.45056],[40.36978,-10.44828],[40.3781,-10.44419],[40.38136,-10.44594],[40.38344,-10.44448],[40.38434,-10.43864],[40.3876,-10.43396],[40.39503,-10.43104],[40.40216,-10.43075],[40.40721,-10.43163],[40.41107,-10.42812],[40.41315,-10.42286],[40.41999,-10.42841]]]},"properties":{"region":"Mtwara","district":"Mtwara","ward":"Tangazo","ward_code":"241"}},{"type":"Feature","geometry":{"type":"Polygon","coordinates":[[[40.30669,-10.35557],[40.31225,-10.35861],[40.31222,-10.36768],[40.32396,-10.36928],[40.33016,-10.36704],[40.32923,-10.3593],[40.33034,-10.36042],[40.342,-10.35578],[40.3474,-10.35669],[40.3566,-10.38326],[40.36031,-10.38785],[40.36252,-10.39516],[40.36681,-10.39978],[40.3542,-10.40695],[40.35552,-10.41351],[40.35997,-10.40737],[40.37097,-10.40241],[40.37691,-10.40504],[40.38374,-10.40153],[40.37007,-10.41643],[40.36918,-10.42345],[40.37275,-10.42315],[40.38136,-10.41439],[40.38493,-10.4103],[40.38731,-10.40358],[40.39563,-10.39919],[40.4087,-10.39452],[40.41107,-10.39216],[40.41367,-10.39138],[40.41567,-10.38901],[40.42048,-10.3868],[40.42949,-10.384],[40.43306,-10.38926],[40.42504,-10.39043],[40.42177,-10.3989],[40.42177,-10.41526],[40.4191,-10.41877],[40.41315,-10.42286],[40.41107,-10.42812],[40.40721,-10.43163],[40.40216,-10.43075],[40.39503,-10.43104],[40.3876,-10.43396],[40.38434,-10.43864],[40.38344,-10.44448],[40.38136,-10.44594],[40.3781,-10.44419],[40.36978,-10.44828],[40.36205,-10.45056],[40.35341,-10.45733],[40.34658,-10.45697],[40.33766,-10.45442],[40.32808,-10.44365],[40.31456,-10.44349],[40.29112,-10.44512],[40.28036,-10.44461],[40.28149,-10.45082],[40.27672,-10.46341],[40.26736,-10.47185],[40.24623,-10.4754],[40.22667,-10.48808],[40.22444,-10.48804],[40.22188,-10.4849],[40.21826,-10.47687],[40.21098,-10.46915],[40.20705,-10.46348],[40.20134,-10.45847],[40.20261,-10.45869],[40.20634,-10.45655],[40.21076,-10.45298],[40.2198,-10.45572],[40.225,-10.45053],[40.21979,-10.44293],[40.22184,-10.44163],[40.22502,-10.43664],[40.227,-10.42718],[40.23546,-10.4285],[40.23669,-10.42661],[40.24032,-10.41038],[40.24091,-10.39997],[40.22112,-10.39534],[40.21707,-10.38512],[40.21794,-10.38473],[40.21852,-10.37953],[40.21773,-10.37887],[40.22958,-10.37998],[40.23882,-10.38464],[40.24382,-10.38222],[40.24346,-10.37627],[40.24705,-10.37375],[40.24927,-10.36961],[40.25091,-10.36835],[40.2582,-10.36813],[40.26429,-10.36022],[40.26944,-10.36029],[40.27186,-10.35855],[40.27477,-10.35835],[40.27954,-10.35977],[40.28683,-10.36032],[40.28993,-10.35944],[40.29245,-10.35683],[40.30781,-10.35761],[40.30807,-10.35679],[40.30669,-10.35557]]]},"properties":{"region":"Mtwara","district":"Mtwara","ward":"Madimba","ward_code":"013"}},{"type":"Feature","geometry":{"type":"Polygon","coordinates":[[[40.29262,-10.29556],[40.28933,-10.30168],[40.28882,-10.3092],[40.28589,-10.3218],[40.29215,-10.34007],[40.29595,-10.34599],[40.30269,-10.35322],[40.30807,-10.35679],[40.30781,-10.35761],[40.29245,-10.35683],[40.28993,-10.35944],[40.28683,-10.36032],[40.27954,-10.35977],[40.27477,-10.35835],[40.27186,-10.35855],[40.26944,-10.36029],[40.26429,-10.36022],[40.2582,-10.36813],[40.25091,-10.36835],[40.24927,-10.36961],[40.24705,-10.37375],[40.24346,-10.37627],[40.24382,-10.38222],[40.23882,-10.38464],[40.22958,-10.37998],[40.2257,-10.38018],[40.20783,-10.37768],[40.20139,-10.37554],[40.20041,-10.37427],[40.20607,-10.36632],[40.20821,-10.36048],[40.21389,-10.35586],[40.21649,-10.34866],[40.22093,-10.34629],[40.2254,-10.33191],[40.23193,-10.3327],[40.2337,-10.33157],[40.23545,-10.33244],[40.24327,-10.33178],[40.24378,-10.32772],[40.23973,-10.32276],[40.23982,-10.32081],[40.24469,-10.31259],[40.24658,-10.30524],[40.24262,-10.29835],[40.25611,-10.30115],[40.26381,-10.29619],[40.27402,-10.29925],[40.29262,-10.29556]]]},"properties":{"region":"Mtwara","district":"Mtwara","ward":"Ziwani","ward_code":"021"}},{"type":"Feature","geometry":{"type":"Polygon","coordinates":[[[40.043,-10.39896],[40.05964,-10.39918],[40.08381,-10.39676],[40.08654,-10.40278],[40.08711,-10.40911],[40.08535,-10.41266],[40.08412,-10.41917],[40.08399,-10.43293],[40.08151,-10.44397],[40.07654,-10.45002],[40.08133,-10.4573],[40.08502,-10.46585],[40.08399,-10.46895],[40.08884,-10.47311],[40.09124,-10.48856],[40.09326,-10.49365],[40.09511,-10.5027],[40.09269,-10.51538],[40.09269,-10.52019],[40.08502,-10.53319],[40.07899,-10.5363],[40.06916,-10.54388],[40.06403,-10.54928],[40.05569,-10.5522],[40.03304,-10.54895],[40.02653,-10.53779],[40.00987,-10.5248],[40.00525,-10.49952],[40.00525,-10.48229],[40.00236,-10.46783],[40.00432,-10.4443],[40.00746,-10.43721],[40.00561,-10.42913],[40.00674,-10.40706],[40.01125,-10.39844],[40.02974,-10.39527],[40.0363,-10.39631],[40.043,-10.39896]]]},"properties":{"region":"Mtwara","district":"Mtwara","ward":"Nanguruwe","ward_code":"031"}},{"type":"Feature","geometry":{"type":"Polygon","coordinates":[[[40.14508,-10.38134],[40.16531,-10.38266],[40.16701,-10.39586],[40.1665,-10.40192],[40.16785,-10.40369],[40.16806,-10.41064],[40.16945,-10.41382],[40.16927,-10.45174],[40.17392,-10.45912],[40.18445,-10.46001],[40.18948,-10.46137],[40.20134,-10.45847],[40.20705,-10.46348],[40.21098,-10.46915],[40.21826,-10.47687],[40.22188,-10.4849],[40.22444,-10.48804],[40.22667,-10.48808],[40.22204,-10.49184],[40.20887,-10.51453],[40.20731,-10.52252],[40.20466,-10.5251],[40.18912,-10.52315],[40.17613,-10.52505],[40.16358,-10.52279],[40.16309,-10.51911],[40.16126,-10.51585],[40.15651,-10.5148],[40.15594,-10.51223],[40.15695,-10.50627],[40.139,-10.50878],[40.12056,-10.5091],[40.11824,-10.5167],[40.1126,-10.52154],[40.1097,-10.52229],[40.09815,-10.52322],[40.09269,-10.52019],[40.09269,-10.51538],[40.09511,-10.5027],[40.09326,-10.49365],[40.09124,-10.48856],[40.08884,-10.47311],[40.08399,-10.46895],[40.08502,-10.46585],[40.08133,-10.4573],[40.07654,-10.45002],[40.08151,-10.44397],[40.08261,-10.44058],[40.08399,-10.43293],[40.08412,-10.41917],[40.08535,-10.41266],[40.08711,-10.40911],[40.09068,-10.40847],[40.10488,-10.40919],[40.11018,-10.41434],[40.11434,-10.42686],[40.11919,-10.43023],[40.11824,-10.42814],[40.11767,-10.4205],[40.12852,-10.41858],[40.1318,-10.41068],[40.14584,-10.3947],[40.14469,-10.39053],[40.14612,-10.38662],[40.14508,-10.38134]]]},"properties":{"region":"Mtwara","district":"Mtwara","ward":"Mbawala","ward_code":"221"}},{"type":"Feature","geometry":{"type":"Polygon","coordinates":[[[40.25402,-10.25103],[40.25896,-10.25753],[40.26917,-10.26306],[40.26381,-10.29619],[40.25611,-10.30115],[40.24262,-10.29835],[40.22875,-10.29927],[40.22723,-10.29461],[40.21922,-10.29229],[40.21672,-10.28798],[40.2204,-10.27719],[40.21749,-10.27523],[40.22031,-10.27119],[40.2342,-10.27279],[40.24945,-10.27933],[40.25442,-10.26831],[40.24291,-10.26226],[40.23362,-10.26046],[40.22907,-10.25114],[40.20672,-10.25282],[40.1957,-10.26304],[40.18981,-10.26359],[40.18995,-10.26014],[40.19395,-10.25372],[40.19858,-10.24074],[40.2094,-10.23247],[40.22017,-10.22166],[40.22479,-10.21246],[40.23506,-10.20533],[40.2399,-10.20581],[40.24216,-10.2084],[40.24196,-10.21741],[40.2438,-10.23204],[40.24583,-10.23629],[40.25056,-10.23829],[40.25154,-10.24225],[40.25264,-10.2427],[40.25402,-10.25103]]]},"properties":{"region":"Mtwara","district":"Mtwara","ward":"Msanga Mkuu","ward_code":"231"}},{"type":"Feature","geometry":{"type":"MultiPolygon","coordinates":[[[[40.42784,-10.32183],[40.42884,-10.32693],[40.43144,-10.33045],[40.43251,-10.33638],[40.4402,-10.34215],[40.43907,-10.34292],[40.4402,-10.34216],[40.44614,-10.35104],[40.44437,-10.36016],[40.43936,-10.36967],[40.42629,-10.38107],[40.41836,-10.38364],[40.41334,-10.39096],[40.40565,-10.38981],[40.39494,-10.39325],[40.38877,-10.39199],[40.38196,-10.39773],[40.37542,-10.40007],[40.36681,-10.39978],[40.36252,-10.39516],[40.36031,-10.38785],[40.3566,-10.38326],[40.3474,-10.35669],[40.36226,-10.3565],[40.38239,-10.36037],[40.39842,-10.35721],[40.40929,-10.35361],[40.41263,-10.3469],[40.41097,-10.33861],[40.40259,-10.32737],[40.38164,-10.33051],[40.37856,-10.32478],[40.38202,-10.31823],[40.38555,-10.31639],[40.39025,-10.31121],[40.3923,-10.30557],[40.39697,-10.29986],[40.39955,-10.29335],[40.40598,-10.29554],[40.41192,-10.30521],[40.42487,-10.31664],[40.42784,-10.32183]]],[[[40.37615,-10.29029],[40.37693,-10.29363],[40.37523,-10.29325],[40.37066,-10.29484],[40.36934,-10.29482],[40.36984,-10.2936],[40.36817,-10.29261],[40.36841,-10.29077],[40.37158,-10.28792],[40.37615,-10.29029]]]]},"properties":{"region":"Mtwara","district":"Mtwara","ward":"Msimbati","ward_code":"251"}},{"type":"Feature","geometry":{"type":"MultiPolygon","coordinates":[[[[40.30525,-10.2954],[40.30993,-10.31389],[40.31843,-10.33528],[40.32193,-10.34067],[40.32616,-10.3523],[40.3285,-10.35496],[40.33265,-10.35744],[40.33258,-10.35952],[40.33034,-10.36042],[40.32923,-10.3593],[40.33016,-10.36704],[40.32396,-10.36928],[40.31222,-10.36768],[40.31225,-10.35861],[40.30269,-10.35322],[40.29595,-10.34599],[40.29215,-10.34007],[40.28589,-10.3218],[40.28882,-10.3092],[40.28933,-10.30168],[40.29262,-10.29556],[40.27402,-10.29925],[40.26381,-10.29619],[40.26917,-10.26306],[40.27173,-10.26438],[40.29219,-10.26519],[40.29775,-10.28792],[40.3026,-10.28906],[40.30525,-10.2954]]],[[[40.34924,-10.25084],[40.351,-10.26399],[40.34731,-10.26593],[40.33984,-10.26229],[40.33676,-10.25761],[40.33341,-10.26116],[40.3182,-10.2443],[40.32227,-10.23649],[40.33253,-10.23919],[40.34924,-10.25084]]]]},"properties":{"region":"Mtwara","district":"Mtwara","ward":"Nalingu","ward_code":"261"}},{"type":"Feature","geometry":{"type":"Polygon","coordinates":[[[40.20139,-10.37554],[40.21852,-10.37953],[40.21794,-10.38473],[40.21707,-10.38512],[40.22112,-10.39534],[40.24091,-10.39997],[40.24032,-10.41038],[40.23669,-10.42661],[40.23546,-10.4285],[40.227,-10.42718],[40.22502,-10.43664],[40.22184,-10.44163],[40.21979,-10.44293],[40.225,-10.45053],[40.2198,-10.45572],[40.21076,-10.45298],[40.20261,-10.45869],[40.18948,-10.46137],[40.18445,-10.46001],[40.17392,-10.45912],[40.16927,-10.45174],[40.16945,-10.41382],[40.16806,-10.41064],[40.16785,-10.40369],[40.1665,-10.40192],[40.16701,-10.39586],[40.16531,-10.38266],[40.17211,-10.378],[40.17544,-10.37172],[40.18278,-10.36748],[40.18722,-10.36956],[40.19285,-10.37047],[40.20139,-10.37554]]]},"properties":{"region":"Mtwara","district":"Mtwara","ward":"Moma","ward_code":"271"}},{"type":"Feature","geometry":{"type":"Polygon","coordinates":[[[39.9308,-10.3523],[39.9351,-10.36804],[39.94306,-10.36586],[39.94484,-10.36467],[39.94542,-10.36268],[39.95249,-10.36019],[39.95459,-10.35721],[39.96495,-10.35108],[39.97174,-10.35755],[39.98166,-10.36091],[39.98373,-10.36587],[39.97855,-10.37184],[39.98415,-10.38247],[39.99789,-10.38152],[40.00458,-10.37807],[40.01507,-10.39013],[40.01765,-10.39733],[40.01125,-10.39844],[40.00674,-10.40706],[40.00561,-10.42913],[40.00746,-10.43721],[40.00432,-10.4443],[40.00236,-10.46783],[40.00525,-10.48229],[40.00525,-10.49952],[40.00987,-10.5248],[39.99956,-10.52735],[39.98312,-10.53348],[39.97247,-10.53943],[39.96084,-10.54267],[39.95316,-10.5427],[39.94381,-10.54557],[39.92213,-10.54347],[39.90448,-10.54535],[39.90533,-10.51743],[39.88136,-10.5187],[39.86845,-10.51767],[39.86831,-10.51403],[39.86656,-10.50922],[39.86164,-10.50073],[39.85491,-10.48225],[39.85414,-10.4687],[39.87256,-10.46817],[39.91165,-10.46384],[39.91212,-10.4598],[39.90822,-10.44117],[39.89736,-10.41255],[39.89483,-10.40058],[39.89663,-10.39026],[39.8938,-10.36489],[39.89415,-10.35773],[39.91899,-10.34353],[39.9308,-10.3523]]]},"properties":{"region":"Mtwara","district":"Mtwara","ward":"Dihimba","ward_code":"111"}},{"type":"Feature","geometry":{"type":"Polygon","coordinates":[[[39.9971,-10.30353],[39.99902,-10.30506],[40.017,-10.30534],[40.01407,-10.3108],[40.01261,-10.31704],[40.01776,-10.33024],[40.01853,-10.3364],[40.0238,-10.34675],[40.02301,-10.3508],[40.01867,-10.35276],[40.01364,-10.35862],[40.00458,-10.37807],[39.99789,-10.38152],[39.98415,-10.38247],[39.97855,-10.37184],[39.98373,-10.36587],[39.98166,-10.36091],[39.97174,-10.35755],[39.96495,-10.35108],[39.95459,-10.35721],[39.95249,-10.36019],[39.94542,-10.36268],[39.94484,-10.36467],[39.94306,-10.36586],[39.9351,-10.36804],[39.9308,-10.3523],[39.91899,-10.34353],[39.91833,-10.34119],[39.93164,-10.32011],[39.96985,-10.31225],[39.97171,-10.31288],[39.98679,-10.3108],[39.99284,-10.30547],[39.99364,-10.30329],[39.9971,-10.30353]]]},"properties":{"region":"Mtwara","district":"Mtwara","ward":"Muungano","ward_code":"211"}},{"type":"Feature","geometry":{"type":"Polygon","coordinates":[[[39.86061,-10.36639],[39.86479,-10.36808],[39.88157,-10.36309],[39.89415,-10.35773],[39.8938,-10.36489],[39.89663,-10.39026],[39.89483,-10.40058],[39.8529,-10.39895],[39.84078,-10.39633],[39.82225,-10.39779],[39.82832,-10.40402],[39.83052,-10.40982],[39.8295,-10.41752],[39.83087,-10.42422],[39.83071,-10.43602],[39.82885,-10.4398],[39.82158,-10.44026],[39.81837,-10.44205],[39.81493,-10.44765],[39.80867,-10.45305],[39.80504,-10.45284],[39.78517,-10.44664],[39.78261,-10.44449],[39.78053,-10.43611],[39.77482,-10.42921],[39.76491,-10.42251],[39.76484,-10.41661],[39.74353,-10.41239],[39.75724,-10.39204],[39.77036,-10.38429],[39.78163,-10.38165],[39.79734,-10.38537],[39.80305,-10.37812],[39.80589,-10.36898],[39.81099,-10.36221],[39.82793,-10.35333],[39.83768,-10.35052],[39.85428,-10.35987],[39.86061,-10.36639]]]},"properties":{"region":"Mtwara","district":"Mtwara","ward":"Lipwidi","ward_code":"281"}},{"type":"Feature","geometry":{"type":"Polygon","coordinates":[[[39.84078,-10.39633],[39.8529,-10.39895],[39.89483,-10.40058],[39.89736,-10.41255],[39.90822,-10.44117],[39.91065,-10.45113],[39.91212,-10.4598],[39.91165,-10.46384],[39.87256,-10.46817],[39.85414,-10.4687],[39.85491,-10.48225],[39.86164,-10.50073],[39.86656,-10.50922],[39.86831,-10.51403],[39.86845,-10.51767],[39.81688,-10.51777],[39.81484,-10.49719],[39.80444,-10.49657],[39.80388,-10.46965],[39.8056,-10.46431],[39.80504,-10.45284],[39.80867,-10.45305],[39.81493,-10.44765],[39.81837,-10.44205],[39.82158,-10.44026],[39.82885,-10.4398],[39.83071,-10.43602],[39.83087,-10.42422],[39.8295,-10.41752],[39.83052,-10.40982],[39.82832,-10.40402],[39.82225,-10.39779],[39.84078,-10.39633]]]},"properties":{"region":"Mtwara","district":"Mtwara","ward":"Mangopachanne","ward_code":"291"}},{"type":"Feature","geometry":{"type":"Polygon","coordinates":[[[40.05062,-10.21605],[40.05243,-10.2195],[40.06973,-10.21828],[40.07451,-10.22118],[40.07688,-10.22136],[40.0963,-10.22878],[40.09996,-10.23382],[40.10034,-10.24174],[40.10234,-10.24853],[40.10216,-10.25449],[40.10362,-10.26561],[40.10276,-10.26932],[40.09282,-10.27596],[40.08694,-10.28344],[40.0829,-10.29513],[40.07276,-10.29724],[40.06814,-10.29972],[40.05751,-10.3007],[40.05594,-10.30982],[40.05848,-10.31615],[40.04893,-10.32581],[40.05118,-10.33563],[40.0563,-10.34189],[40.0423,-10.33935],[40.03289,-10.3388],[40.02238,-10.34293],[40.01853,-10.3364],[40.01776,-10.33024],[40.01261,-10.31704],[40.01407,-10.3108],[40.017,-10.30534],[40.01725,-10.29915],[40.01499,-10.2884],[40.01292,-10.28535],[40.01122,-10.27338],[40.01275,-10.25835],[40.01467,-10.25551],[40.01983,-10.25376],[40.0229,-10.24366],[40.02413,-10.23568],[40.02293,-10.22086],[40.02609,-10.2192],[40.03122,-10.22095],[40.03593,-10.21831],[40.05062,-10.21605]]]},"properties":{"region":"Mtwara","district":"Mtwara","ward":"Mayanga","ward_code":"151"}},{"type":"Feature","geometry":{"type":"Polygon","coordinates":[[[40.0211,-10.14121],[40.05042,-10.14974],[40.05178,-10.14813],[40.05615,-10.14898],[40.08334,-10.16326],[40.10193,-10.16431],[40.1169,-10.16977],[40.12419,-10.17391],[40.1322,-10.18141],[40.13425,-10.18457],[40.13704,-10.1921],[40.13473,-10.1999],[40.13276,-10.20238],[40.12692,-10.20412],[40.12381,-10.20698],[40.12296,-10.21394],[40.1241,-10.22173],[40.12664,-10.22684],[40.12507,-10.22789],[40.12589,-10.23062],[40.12961,-10.23533],[40.12832,-10.2376],[40.12831,-10.24518],[40.12986,-10.2513],[40.13001,-10.25767],[40.1267,-10.25929],[40.1209,-10.25448],[40.11827,-10.25577],[40.11645,-10.25771],[40.11565,-10.26229],[40.11046,-10.26582],[40.10932,-10.2683],[40.10966,-10.27038],[40.10497,-10.26905],[40.10362,-10.26561],[40.10216,-10.25449],[40.10234,-10.24853],[40.10034,-10.24174],[40.09996,-10.23382],[40.0963,-10.22878],[40.07688,-10.22136],[40.07451,-10.22118],[40.06973,-10.21828],[40.05243,-10.2195],[40.05062,-10.21605],[40.03593,-10.21831],[40.03122,-10.22095],[40.02609,-10.2192],[40.01888,-10.22152],[40.01371,-10.22171],[40.00588,-10.22443],[40.00558,-10.2235],[39.99828,-10.22405],[40.00028,-10.21026],[39.99325,-10.21105],[39.98538,-10.20922],[39.98178,-10.20216],[39.98406,-10.20104],[39.98767,-10.2015],[39.98697,-10.19688],[39.98908,-10.19462],[39.98894,-10.18866],[39.99021,-10.18493],[39.98786,-10.18073],[39.9941,-10.17754],[39.9947,-10.17271],[39.99369,-10.16919],[39.98514,-10.16158],[39.9804,-10.15518],[39.97175,-10.14896],[39.97013,-10.14581],[39.98069,-10.13324],[39.98116,-10.13114],[39.9892,-10.12792],[39.99684,-10.13004],[40.0211,-10.14121]]]},"properties":{"region":"Mtwara","district":"Mtwara","ward":"Naumbu","ward_code":"161"}},{"type":"Feature","geometry":{"type":"Polygon","coordinates":[[[40.03289,-10.3388],[40.0423,-10.33935],[40.0563,-10.34189],[40.05322,-10.35915],[40.0539,-10.3617],[40.06532,-10.36314],[40.07083,-10.36365],[40.0805,-10.36135],[40.08267,-10.35799],[40.08476,-10.35149],[40.09075,-10.35081],[40.10445,-10.34693],[40.10636,-10.35068],[40.11293,-10.35481],[40.11214,-10.36009],[40.1158,-10.36351],[40.11872,-10.36489],[40.11843,-10.36565],[40.1154,-10.36541],[40.11554,-10.36763],[40.11406,-10.3695],[40.11691,-10.37093],[40.12455,-10.37217],[40.12419,-10.3856],[40.11845,-10.39659],[40.11394,-10.39875],[40.11045,-10.40843],[40.10488,-10.40919],[40.10015,-10.40836],[40.08711,-10.40911],[40.08654,-10.40278],[40.08381,-10.39676],[40.05964,-10.39918],[40.04419,-10.39936],[40.0363,-10.39631],[40.02974,-10.39527],[40.01765,-10.39733],[40.01507,-10.39013],[40.00458,-10.37807],[40.01364,-10.35862],[40.01867,-10.35276],[40.02301,-10.3508],[40.0238,-10.34675],[40.02238,-10.34293],[40.03289,-10.3388]]]},"properties":{"region":"Mtwara","district":"Mtwara","ward":"Mkunwa","ward_code":"301"}},{"type":"Feature","geometry":{"type":"Polygon","coordinates":[[[39.7928,-10.29308],[39.80045,-10.32909],[39.80834,-10.35105],[39.81099,-10.36221],[39.80589,-10.36898],[39.80305,-10.37812],[39.79734,-10.38537],[39.78163,-10.38165],[39.77036,-10.38429],[39.75724,-10.39204],[39.74353,-10.41239],[39.73844,-10.40974],[39.72583,-10.40752],[39.71794,-10.40108],[39.71588,-10.39755],[39.71003,-10.3985],[39.69872,-10.39613],[39.69147,-10.39235],[39.6839,-10.37916],[39.67415,-10.37515],[39.67204,-10.36375],[39.67572,-10.33966],[39.68681,-10.33202],[39.69332,-10.33013],[39.70317,-10.32445],[39.70516,-10.32008],[39.7473,-10.29463],[39.76516,-10.30558],[39.77864,-10.30141],[39.7911,-10.28071],[39.7928,-10.29308]]]},"properties":{"region":"Mtwara","district":"Mtwara","ward":"Kitere","ward_code":"131"}},{"type":"Feature","geometry":{"type":"Polygon","coordinates":[[[39.95086,-10.19896],[39.95582,-10.20218],[39.98178,-10.20216],[39.98538,-10.20922],[39.99325,-10.21105],[40.00028,-10.21026],[39.99828,-10.22405],[40.00558,-10.2235],[40.00588,-10.22443],[40.01371,-10.22171],[40.01888,-10.22152],[40.02609,-10.2192],[40.02293,-10.22086],[40.02396,-10.22634],[40.02397,-10.23758],[40.01983,-10.25376],[40.01467,-10.25551],[40.01275,-10.25835],[40.01122,-10.27338],[40.01292,-10.28535],[40.01499,-10.2884],[40.01646,-10.29442],[40.017,-10.30534],[39.99902,-10.30506],[39.9971,-10.30353],[39.99364,-10.30329],[39.99284,-10.30547],[39.98679,-10.3108],[39.97171,-10.31288],[39.97311,-10.30767],[39.97339,-10.29206],[39.96894,-10.28297],[39.95914,-10.26986],[39.9478,-10.25787],[39.93723,-10.25179],[39.93429,-10.2484],[39.935,-10.2419],[39.93373,-10.23665],[39.93088,-10.23328],[39.92893,-10.22903],[39.91701,-10.22292],[39.91052,-10.20363],[39.92554,-10.20005],[39.9447,-10.19697],[39.95086,-10.19896]]]},"properties":{"region":"Mtwara","district":"Mtwara","ward":"Ndumbwe","ward_code":"141"}},{"type":"Feature","geometry":{"type":"Polygon","coordinates":[[[39.8513,-10.25243],[39.86056,-10.25195],[39.86486,-10.26349],[39.8668,-10.26449],[39.86941,-10.26358],[39.87862,-10.27275],[39.8777,-10.28063],[39.87878,-10.28585],[39.88416,-10.28928],[39.88821,-10.30456],[39.88908,-10.31413],[39.89133,-10.31809],[39.89154,-10.32343],[39.8991,-10.33002],[39.91192,-10.33729],[39.91899,-10.34353],[39.90017,-10.35366],[39.89142,-10.35942],[39.86479,-10.36808],[39.86061,-10.36639],[39.85428,-10.35987],[39.83768,-10.35052],[39.82793,-10.35333],[39.81099,-10.36221],[39.80834,-10.35105],[39.80045,-10.32909],[39.7928,-10.29308],[39.7911,-10.28071],[39.7909,-10.26589],[39.80486,-10.2659],[39.81137,-10.26723],[39.82459,-10.26381],[39.83352,-10.2592],[39.8446,-10.2516],[39.8513,-10.25243]]]},"properties":{"region":"Mtwara","district":"Mtwara","ward":"Libobe","ward_code":"191"}},{"type":"Feature","geometry":{"type":"Polygon","coordinates":[[[39.93723,-10.25179],[39.9478,-10.25787],[39.95914,-10.26986],[39.96894,-10.28297],[39.97339,-10.29206],[39.97311,-10.30767],[39.97171,-10.31288],[39.96985,-10.31225],[39.93164,-10.32011],[39.91833,-10.34119],[39.91899,-10.34353],[39.91192,-10.33729],[39.8991,-10.33002],[39.89154,-10.32343],[39.89133,-10.31809],[39.88908,-10.31413],[39.88821,-10.30456],[39.88416,-10.28928],[39.87878,-10.28585],[39.8777,-10.28063],[39.87862,-10.27275],[39.86941,-10.26358],[39.8668,-10.26449],[39.86486,-10.26349],[39.86056,-10.25195],[39.87858,-10.25032],[39.88728,-10.25214],[39.89393,-10.24306],[39.89461,-10.24023],[39.89996,-10.23066],[39.90562,-10.22537],[39.91701,-10.22292],[39.92893,-10.22903],[39.93088,-10.23328],[39.93373,-10.23665],[39.935,-10.2419],[39.93429,-10.2484],[39.93723,-10.25179]]]},"properties":{"region":"Mtwara","district":"Mtwara","ward":"Mpapura","ward_code":"201"}},{"type":"Feature","geometry":{"type":"Polygon","coordinates":[[[39.69872,-10.39613],[39.71003,-10.3985],[39.71588,-10.39755],[39.71794,-10.40108],[39.72583,-10.40752],[39.73361,-10.40847],[39.74353,-10.41239],[39.76484,-10.41661],[39.76491,-10.42251],[39.77482,-10.42921],[39.78053,-10.43611],[39.78261,-10.44449],[39.78517,-10.44664],[39.80504,-10.45284],[39.8056,-10.46431],[39.80388,-10.46965],[39.80444,-10.49657],[39.81484,-10.49719],[39.81688,-10.51777],[39.80534,-10.51165],[39.79236,-10.51057],[39.77502,-10.51183],[39.7669,-10.50902],[39.76356,-10.50319],[39.76422,-10.4923],[39.76131,-10.48776],[39.75752,-10.48709],[39.75045,-10.48931],[39.74641,-10.48766],[39.73968,-10.48828],[39.72797,-10.48635],[39.72299,-10.48778],[39.7098,-10.47386],[39.71746,-10.46211],[39.70995,-10.44109],[39.70454,-10.42213],[39.70342,-10.41022],[39.69872,-10.39613]]]},"properties":{"region":"Mtwara","district":"Mtwara","ward":"Mnima","ward_code":"121"}},{"type":"Feature","geometry":{"type":"Polygon","coordinates":[[[40.20444,-10.63351],[40.17713,-10.65465],[40.17443,-10.66175],[40.16827,-10.66577],[40.16601,-10.66578],[40.15245,-10.67549],[40.13343,-10.69335],[40.11762,-10.70995],[40.11357,-10.71281],[40.09576,-10.73165],[40.09413,-10.71876],[40.08874,-10.70564],[40.08656,-10.68638],[40.06461,-10.68523],[40.05896,-10.64899],[40.081,-10.64532],[40.08863,-10.64557],[40.09706,-10.64366],[40.10313,-10.63893],[40.12136,-10.64122],[40.13133,-10.63921],[40.14752,-10.64097],[40.15364,-10.63952],[40.16283,-10.63282],[40.17094,-10.61902],[40.17362,-10.6105],[40.17377,-10.6063],[40.17884,-10.58577],[40.18491,-10.57291],[40.19393,-10.55887],[40.19986,-10.55544],[40.19728,-10.54967],[40.20435,-10.53364],[40.20773,-10.55061],[40.22689,-10.57169],[40.24164,-10.57478],[40.24427,-10.58026],[40.24393,-10.58139],[40.24622,-10.58247],[40.25343,-10.58949],[40.2547,-10.59192],[40.24271,-10.60561],[40.23106,-10.61613],[40.2234,-10.62034],[40.20444,-10.63351]]]},"properties":{"region":"Mtwara","district":"Mtwara","ward":"Kitaya","ward_code":"051"}},{"type":"Feature","geometry":{"type":"Polygon","coordinates":[[[40.08224,-10.73838],[40.06975,-10.75438],[40.05271,-10.7632],[40.04919,-10.75227],[40.04872,-10.74754],[40.04544,-10.74103],[40.02609,-10.73876],[40.0124,-10.74112],[40.01133,-10.72708],[40.01177,-10.71633],[40.0097,-10.70255],[40.01101,-10.69063],[40.01037,-10.68647],[40.01149,-10.67242],[40.01106,-10.65609],[40.00587,-10.63385],[40.00793,-10.60678],[40.01198,-10.58643],[40.04895,-10.57302],[40.05294,-10.58756],[40.05199,-10.59221],[40.05548,-10.61778],[40.05504,-10.62919],[40.06461,-10.68523],[40.08656,-10.68638],[40.08874,-10.70564],[40.09413,-10.71876],[40.09576,-10.73165],[40.08224,-10.73838]]]},"properties":{"region":"Mtwara","district":"Mtwara","ward":"Kiromba","ward_code":"061"}},{"type":"Feature","geometry":{"type":"Polygon","coordinates":[[[40.15695,-10.50627],[40.15594,-10.51223],[40.15651,-10.5148],[40.16126,-10.51585],[40.16309,-10.51911],[40.16358,-10.52279],[40.17613,-10.52505],[40.18912,-10.52315],[40.20323,-10.52528],[40.20466,-10.5251],[40.20731,-10.52252],[40.20435,-10.53364],[40.19728,-10.54967],[40.19986,-10.55544],[40.19393,-10.55887],[40.18491,-10.57291],[40.17884,-10.58577],[40.17377,-10.6063],[40.17362,-10.6105],[40.17094,-10.61902],[40.16283,-10.63282],[40.15364,-10.63952],[40.14752,-10.64097],[40.13133,-10.63921],[40.12136,-10.64122],[40.10313,-10.63893],[40.09706,-10.64366],[40.08863,-10.64557],[40.081,-10.64532],[40.05896,-10.64899],[40.05504,-10.62919],[40.05548,-10.61778],[40.05199,-10.59221],[40.05294,-10.58756],[40.04895,-10.57302],[40.04483,-10.56264],[40.04115,-10.55552],[40.03304,-10.54895],[40.05569,-10.5522],[40.06403,-10.54928],[40.06916,-10.54388],[40.07899,-10.5363],[40.08502,-10.53319],[40.09269,-10.52019],[40.09815,-10.52322],[40.1097,-10.52229],[40.1126,-10.52154],[40.11824,-10.5167],[40.12056,-10.5091],[40.139,-10.50878],[40.15695,-10.50627]]]},"properties":{"region":"Mtwara","district":"Mtwara","ward":"Chawi","ward_code":"171"}},{"type":"Feature","geometry":{"type":"Polygon","coordinates":[[[39.96208,-10.65494],[39.99472,-10.65512],[40.01062,-10.65336],[40.01149,-10.67242],[40.01037,-10.68647],[40.01101,-10.69063],[40.0097,-10.70255],[40.01177,-10.71633],[40.01133,-10.72708],[40.0124,-10.74112],[39.99908,-10.74059],[39.98864,-10.74612],[39.98371,-10.74654],[39.98026,-10.74552],[39.97312,-10.73775],[39.9691,-10.73585],[39.96526,-10.73562],[39.959,-10.73346],[39.95318,-10.7334],[39.94022,-10.72992],[39.93371,-10.69145],[39.92882,-10.68595],[39.92318,-10.67716],[39.90491,-10.66609],[39.90633,-10.65423],[39.93834,-10.65056],[39.95308,-10.65244],[39.96208,-10.65494]]]},"properties":{"region":"Mtwara","district":"Mtwara","ward":"Kiyanga","ward_code":"251"}},{"type":"Feature","geometry":{"type":"Polygon","coordinates":[[[39.72797,-10.48635],[39.73968,-10.48828],[39.74641,-10.48766],[39.75045,-10.48931],[39.75752,-10.48709],[39.76131,-10.48776],[39.76422,-10.4923],[39.76356,-10.50319],[39.7669,-10.50902],[39.77502,-10.51183],[39.79236,-10.51057],[39.8006,-10.51095],[39.80534,-10.51165],[39.81688,-10.51777],[39.84203,-10.51805],[39.85092,-10.53966],[39.8509,-10.54446],[39.84375,-10.5489],[39.83603,-10.55114],[39.83126,-10.55046],[39.82382,-10.55316],[39.80294,-10.56598],[39.77956,-10.56753],[39.72257,-10.58808],[39.71928,-10.58506],[39.71057,-10.58079],[39.70838,-10.58295],[39.70685,-10.58143],[39.70403,-10.58172],[39.68208,-10.57848],[39.6795,-10.57122],[39.68334,-10.56925],[39.69439,-10.5666],[39.69268,-10.56189],[39.70826,-10.5471],[39.74497,-10.5243],[39.7359,-10.50232],[39.72299,-10.48778],[39.72797,-10.48635]]]},"properties":{"region":"Mtwara","district":"Mtwara","ward":"Njengwa","ward_code":"071"}},{"type":"Feature","geometry":{"type":"Polygon","coordinates":[[[39.77239,-10.63945],[39.76805,-10.65132],[39.7695,-10.66052],[39.77865,-10.66507],[39.78542,-10.66706],[39.7821,-10.69911],[39.76226,-10.71903],[39.75117,-10.71932],[39.74668,-10.71859],[39.74534,-10.71923],[39.74276,-10.72542],[39.73825,-10.72785],[39.74031,-10.71646],[39.72242,-10.69148],[39.71635,-10.66566],[39.69904,-10.66478],[39.68642,-10.65636],[39.68301,-10.65211],[39.69725,-10.64743],[39.71379,-10.64489],[39.71821,-10.64256],[39.72331,-10.64468],[39.72944,-10.64306],[39.73469,-10.64439],[39.74051,-10.61547],[39.75004,-10.61542],[39.76787,-10.62654],[39.77508,-10.63518],[39.77239,-10.63945]]]},"properties":{"region":"Mtwara","district":"Mtwara","ward":"Nitekela","ward_code":"081"}},{"type":"Feature","geometry":{"type":"Polygon","coordinates":[[[39.82618,-10.64085],[39.82024,-10.65667],[39.82377,-10.67049],[39.82889,-10.67942],[39.82601,-10.70995],[39.82287,-10.7084],[39.81877,-10.70342],[39.81271,-10.6989],[39.80605,-10.69711],[39.79767,-10.69677],[39.79472,-10.69407],[39.79328,-10.68822],[39.7916,-10.6856],[39.79017,-10.6771],[39.78711,-10.66928],[39.78542,-10.66706],[39.77865,-10.66507],[39.7695,-10.66052],[39.76805,-10.65132],[39.77239,-10.63945],[39.77508,-10.63518],[39.78508,-10.64491],[39.80879,-10.63753],[39.83228,-10.63344],[39.82618,-10.64085]]]},"properties":{"region":"Mtwara","district":"Mtwara","ward":"Nanyamba","ward_code":"092"}},{"type":"Feature","geometry":{"type":"Polygon","coordinates":[[[40.02653,-10.53779],[40.03304,-10.54895],[40.04115,-10.55552],[40.04895,-10.57302],[40.01198,-10.58643],[40.00793,-10.60678],[40.00587,-10.63385],[40.01062,-10.65336],[39.99472,-10.65512],[39.96208,-10.65494],[39.95308,-10.65244],[39.93834,-10.65056],[39.90633,-10.65423],[39.90748,-10.63965],[39.90762,-10.61849],[39.90501,-10.60658],[39.90333,-10.60192],[39.90214,-10.60179],[39.90098,-10.58677],[39.90291,-10.57359],[39.90448,-10.54535],[39.92213,-10.54347],[39.94381,-10.54557],[39.95316,-10.5427],[39.96084,-10.54267],[39.97247,-10.53943],[39.98312,-10.53348],[39.99956,-10.52735],[40.00987,-10.5248],[40.02653,-10.53779]]]},"properties":{"region":"Mtwara","district":"Mtwara","ward":"Mtiniko","ward_code":"101"}},{"type":"Feature","geometry":{"type":"Polygon","coordinates":[[[39.8907,-10.72825],[39.90236,-10.73149],[39.91524,-10.73142],[39.92124,-10.72945],[39.92544,-10.73086],[39.94022,-10.72992],[39.95318,-10.7334],[39.95165,-10.74064],[39.95295,-10.74929],[39.94722,-10.77134],[39.93915,-10.77886],[39.9332,-10.78008],[39.93163,-10.77941],[39.92701,-10.77982],[39.92201,-10.78352],[39.90695,-10.77642],[39.89718,-10.77343],[39.89264,-10.77296],[39.88895,-10.73744],[39.8907,-10.72825]]]},"properties":{"region":"Mtwara","district":"Mtwara","ward":"Namtumbuka","ward_code":"181"}},{"type":"Feature","geometry":{"type":"Polygon","coordinates":[[[39.83399,-10.71434],[39.84311,-10.71548],[39.85119,-10.71452],[39.85612,-10.7153],[39.86648,-10.71998],[39.8803,-10.72359],[39.8907,-10.72825],[39.88895,-10.73744],[39.89264,-10.77296],[39.88357,-10.77537],[39.85369,-10.76994],[39.80269,-10.74904],[39.79717,-10.74336],[39.79993,-10.73898],[39.80014,-10.73575],[39.80229,-10.73368],[39.80588,-10.72194],[39.8073,-10.72018],[39.81509,-10.71609],[39.81818,-10.71238],[39.82601,-10.70995],[39.83399,-10.71434]]]},"properties":{"region":"Mtwara","district":"Mtwara","ward":"Milangominne","ward_code":"261"}},{"type":"Feature","geometry":{"type":"Polygon","coordinates":[[[39.92332,-10.67732],[39.92882,-10.68595],[39.93371,-10.69145],[39.94022,-10.72992],[39.92544,-10.73086],[39.92124,-10.72945],[39.91524,-10.73142],[39.90236,-10.73149],[39.8907,-10.72825],[39.87241,-10.72104],[39.86648,-10.71998],[39.85612,-10.7153],[39.85119,-10.71452],[39.84311,-10.71548],[39.83399,-10.71434],[39.82601,-10.70995],[39.82875,-10.68101],[39.84177,-10.68056],[39.84792,-10.68187],[39.85438,-10.68014],[39.87481,-10.68467],[39.87776,-10.68376],[39.88352,-10.6721],[39.89363,-10.66505],[39.90483,-10.66429],[39.90491,-10.66609],[39.92332,-10.67732]]]},"properties":{"region":"Mtwara","district":"Mtwara","ward":"Mbembaleo","ward_code":"271"}},{"type":"Feature","geometry":{"type":"Polygon","coordinates":[[[39.90533,-10.51743],[39.90291,-10.57359],[39.90098,-10.58677],[39.90214,-10.60179],[39.90333,-10.60192],[39.90501,-10.60658],[39.90762,-10.61849],[39.90748,-10.63965],[39.90483,-10.66429],[39.89363,-10.66505],[39.88352,-10.6721],[39.87776,-10.68376],[39.87481,-10.68467],[39.85438,-10.68014],[39.84792,-10.68187],[39.84177,-10.68056],[39.82875,-10.68101],[39.82889,-10.67942],[39.82377,-10.67049],[39.82024,-10.65667],[39.82618,-10.64085],[39.83292,-10.63285],[39.84709,-10.60683],[39.84868,-10.60185],[39.84706,-10.60095],[39.84907,-10.59071],[39.85107,-10.56889],[39.8499,-10.55346],[39.85115,-10.54804],[39.85092,-10.53966],[39.84203,-10.51805],[39.86845,-10.51767],[39.88136,-10.5187],[39.90533,-10.51743]]]},"properties":{"region":"Mtwara","district":"Mtwara","ward":"Mtimbwilimbwi","ward_code":"281"}},{"type":"Feature","geometry":{"type":"Polygon","coordinates":[[[39.79472,-10.69407],[39.79767,-10.69677],[39.80605,-10.69711],[39.81271,-10.6989],[39.81877,-10.70342],[39.82287,-10.7084],[39.82601,-10.70995],[39.81818,-10.71238],[39.81509,-10.71609],[39.8073,-10.72018],[39.80588,-10.72194],[39.80229,-10.73368],[39.80014,-10.73575],[39.79993,-10.73898],[39.79717,-10.74336],[39.78611,-10.73294],[39.77036,-10.7297],[39.7642,-10.72421],[39.76226,-10.71903],[39.7821,-10.69911],[39.78542,-10.66706],[39.78933,-10.67461],[39.7916,-10.6856],[39.79328,-10.68822],[39.79472,-10.69407]]]},"properties":{"region":"Mtwara","district":"Mtwara","ward":"Dinyecha","ward_code":"292"}},{"type":"Feature","geometry":{"type":"Polygon","coordinates":[[[39.6795,-10.57122],[39.68208,-10.57848],[39.70403,-10.58172],[39.70685,-10.58143],[39.70838,-10.58295],[39.71057,-10.58079],[39.71928,-10.58506],[39.72257,-10.58808],[39.72297,-10.59951],[39.74051,-10.61547],[39.73469,-10.64439],[39.72944,-10.64306],[39.72331,-10.64468],[39.71821,-10.64256],[39.71379,-10.64489],[39.69725,-10.64743],[39.68299,-10.65212],[39.66765,-10.63298],[39.65207,-10.62087],[39.64301,-10.61581],[39.66337,-10.5765],[39.67187,-10.57665],[39.67289,-10.57397],[39.6762,-10.57192],[39.6795,-10.57122]]]},"properties":{"region":"Mtwara","district":"Mtwara","ward":"Nyundo","ward_code":"301"}},{"type":"Feature","geometry":{"type":"Polygon","coordinates":[[[39.98026,-10.74552],[39.98371,-10.74654],[39.98864,-10.74612],[39.99908,-10.74059],[40.00975,-10.74061],[40.01184,-10.74144],[40.02609,-10.73876],[40.04544,-10.74103],[40.04872,-10.74754],[40.04919,-10.75227],[40.05271,-10.7632],[40.04012,-10.78423],[40.01413,-10.80644],[40.00425,-10.81143],[39.97567,-10.82324],[39.95635,-10.8273],[39.94103,-10.82714],[39.92122,-10.83003],[39.90695,-10.77642],[39.92201,-10.78352],[39.92701,-10.77982],[39.93163,-10.77941],[39.9332,-10.78008],[39.93915,-10.77886],[39.94722,-10.77134],[39.95295,-10.74929],[39.95165,-10.74064],[39.95318,-10.7334],[39.959,-10.73346],[39.96526,-10.73562],[39.9691,-10.73585],[39.97312,-10.73775],[39.98026,-10.74552]]]},"properties":{"region":"Mtwara","district":"Mtwara","ward":"Mnongodi","ward_code":"311"}},{"type":"Feature","geometry":{"type":"Polygon","coordinates":[[[39.8509,-10.54446],[39.8499,-10.55346],[39.85107,-10.56889],[39.84907,-10.59071],[39.84706,-10.60095],[39.84868,-10.60185],[39.84817,-10.60423],[39.83228,-10.63344],[39.80879,-10.63753],[39.78508,-10.64491],[39.77508,-10.63518],[39.76787,-10.62654],[39.75004,-10.61542],[39.74051,-10.61547],[39.72297,-10.59951],[39.72257,-10.58808],[39.77956,-10.56753],[39.80294,-10.56598],[39.82382,-10.55316],[39.83126,-10.55046],[39.83603,-10.55114],[39.84375,-10.5489],[39.8509,-10.54446]]]},"properties":{"region":"Mtwara","district":"Mtwara","ward":"Hinju","ward_code":"321"}},{"type":"Feature","geometry":{"type":"Polygon","coordinates":[[[40.19123,-10.28254],[40.19922,-10.28698],[40.19292,-10.29015],[40.19202,-10.28952],[40.19066,-10.28351],[40.19123,-10.28254]]]},"properties":{"region":"Mtwara","district":"Mtwara","ward":"Majengo","ward_code":"012"}},{"type":"Feature","geometry":{"type":"Polygon","coordinates":[[[40.18476,-10.28085],[40.19095,-10.28299],[40.1922,-10.28768],[40.18839,-10.28847],[40.18592,-10.29249],[40.1819,-10.28803],[40.1813,-10.28851],[40.17802,-10.28562],[40.17886,-10.28386],[40.18242,-10.28556],[40.18476,-10.28085]]]},"properties":{"region":"Mtwara","district":"Mtwara","ward":"Chikongola","ward_code":"022"}},{"type":"Feature","geometry":{"type":"Polygon","coordinates":[[[40.20469,-10.27922],[40.20928,-10.27989],[40.21214,-10.284],[40.21672,-10.28798],[40.21922,-10.29229],[40.22723,-10.29461],[40.22875,-10.29927],[40.20982,-10.31145],[40.2083,-10.3164],[40.1969,-10.3154],[40.18109,-10.31557],[40.17999,-10.30386],[40.18377,-10.30318],[40.18369,-10.30143],[40.18659,-10.30106],[40.18773,-10.29991],[40.18832,-10.29609],[40.19166,-10.28925],[40.19292,-10.29015],[40.19922,-10.28698],[40.19361,-10.28362],[40.19482,-10.2817],[40.19296,-10.28063],[40.1934,-10.27826],[40.19582,-10.27938],[40.19649,-10.27813],[40.19566,-10.27761],[40.19697,-10.27506],[40.20469,-10.27922]]]},"properties":{"region":"Mtwara","district":"Mtwara","ward":"Likombe","ward_code":"032"}},{"type":"Feature","geometry":{"type":"Polygon","coordinates":[[[40.19358,-10.26693],[40.19448,-10.26758],[40.19706,-10.26704],[40.20165,-10.27035],[40.20641,-10.2701],[40.21066,-10.27484],[40.21749,-10.27523],[40.2204,-10.27719],[40.21672,-10.28798],[40.21214,-10.284],[40.20928,-10.27989],[40.20239,-10.27841],[40.19697,-10.27506],[40.19566,-10.27761],[40.19649,-10.27813],[40.19582,-10.27938],[40.19133,-10.27707],[40.19025,-10.27476],[40.18789,-10.27396],[40.18914,-10.27186],[40.19175,-10.27051],[40.19358,-10.26693]]]},"properties":{"region":"Mtwara","district":"Mtwara","ward":"Reli","ward_code":"042"}},{"type":"Feature","geometry":{"type":"Polygon","coordinates":[[[40.18662,-10.26057],[40.18834,-10.264],[40.19358,-10.26693],[40.19175,-10.27051],[40.18914,-10.27186],[40.18768,-10.27452],[40.18415,-10.27278],[40.18077,-10.27962],[40.17523,-10.27611],[40.17675,-10.27318],[40.17373,-10.27168],[40.17249,-10.27415],[40.16999,-10.27281],[40.16743,-10.26975],[40.16339,-10.27291],[40.15641,-10.26217],[40.16902,-10.25791],[40.17244,-10.2576],[40.18044,-10.25393],[40.18951,-10.25381],[40.1906,-10.25493],[40.18712,-10.25738],[40.18662,-10.26057]]]},"properties":{"region":"Mtwara","district":"Mtwara","ward":"Shangani","ward_code":"052"}},{"type":"Feature","geometry":{"type":"Polygon","coordinates":[[[40.19009,-10.27575],[40.1934,-10.27826],[40.19296,-10.28063],[40.19482,-10.2817],[40.19361,-10.28362],[40.18476,-10.28085],[40.18746,-10.27714],[40.18789,-10.27396],[40.19025,-10.27476],[40.19009,-10.27575]]]},"properties":{"region":"Mtwara","district":"Mtwara","ward":"Vigaeni","ward_code":"062"}},{"type":"Feature","geometry":{"type":"Polygon","coordinates":[[[40.16339,-10.27291],[40.16743,-10.26975],[40.16999,-10.27281],[40.17249,-10.27415],[40.17063,-10.27789],[40.17071,-10.27972],[40.17886,-10.28386],[40.17759,-10.28734],[40.17499,-10.28777],[40.17063,-10.28453],[40.16904,-10.28613],[40.16823,-10.28492],[40.1648,-10.28662],[40.16411,-10.28518],[40.15947,-10.28264],[40.15741,-10.27762],[40.15536,-10.27705],[40.15368,-10.27926],[40.1519,-10.27895],[40.1523,-10.27635],[40.15054,-10.27467],[40.15315,-10.27051],[40.15362,-10.26785],[40.1565,-10.26619],[40.15605,-10.26236],[40.16339,-10.27291]]]},"properties":{"region":"Mtwara","district":"Mtwara","ward":"Chuno","ward_code":"072"}},{"type":"Feature","geometry":{"type":"Polygon","coordinates":[[[40.1659,-10.29173],[40.16637,-10.29434],[40.16768,-10.29537],[40.16697,-10.29773],[40.1679,-10.29916],[40.16768,-10.30452],[40.17183,-10.30398],[40.17545,-10.31778],[40.17681,-10.31849],[40.17615,-10.32229],[40.16514,-10.32511],[40.15999,-10.32546],[40.15585,-10.33718],[40.14953,-10.34708],[40.1474,-10.33937],[40.14364,-10.33296],[40.13609,-10.3327],[40.1209,-10.32938],[40.12592,-10.32585],[40.13279,-10.31765],[40.13554,-10.31236],[40.13836,-10.3102],[40.14589,-10.3125],[40.14763,-10.30751],[40.15203,-10.30338],[40.15326,-10.29594],[40.15536,-10.29256],[40.16032,-10.29243],[40.1632,-10.29038],[40.1659,-10.29173]]]},"properties":{"region":"Mtwara","district":"Mtwara","ward":"Ufukoni","ward_code":"122"}},{"type":"Feature","geometry":{"type":"Polygon","coordinates":[[[40.1783,-10.2776],[40.18077,-10.27962],[40.18415,-10.27278],[40.18768,-10.27452],[40.18746,-10.27714],[40.18577,-10.27868],[40.18242,-10.28556],[40.17071,-10.27972],[40.17063,-10.27789],[40.17373,-10.27168],[40.17675,-10.27318],[40.17523,-10.27611],[40.1783,-10.2776]]]},"properties":{"region":"Mtwara","district":"Mtwara","ward":"Rahaleo","ward_code":"142"}},{"type":"Feature","geometry":{"type":"Polygon","coordinates":[[[40.17811,-10.33026],[40.1788,-10.36002],[40.1802,-10.36277],[40.18506,-10.36725],[40.19285,-10.37047],[40.18722,-10.36956],[40.18278,-10.36748],[40.17544,-10.37172],[40.17211,-10.378],[40.16531,-10.38266],[40.14508,-10.38134],[40.14612,-10.38662],[40.14469,-10.39053],[40.14584,-10.3947],[40.1318,-10.41068],[40.12852,-10.41858],[40.11767,-10.4205],[40.11824,-10.42814],[40.11919,-10.43023],[40.11434,-10.42686],[40.11018,-10.41434],[40.10488,-10.40919],[40.11045,-10.40843],[40.11394,-10.39875],[40.11845,-10.39659],[40.1246,-10.38408],[40.12455,-10.37217],[40.11691,-10.37093],[40.11406,-10.3695],[40.11554,-10.36763],[40.1154,-10.36541],[40.11843,-10.36565],[40.11872,-10.36489],[40.1158,-10.36351],[40.11214,-10.36009],[40.11293,-10.35481],[40.10636,-10.35068],[40.10445,-10.34693],[40.11114,-10.34433],[40.11703,-10.33924],[40.1209,-10.32938],[40.13609,-10.3327],[40.14364,-10.33296],[40.1474,-10.33937],[40.14953,-10.34708],[40.15585,-10.33718],[40.15999,-10.32546],[40.16514,-10.32511],[40.17615,-10.32229],[40.1802,-10.32496],[40.17658,-10.32916],[40.17811,-10.33026]]]},"properties":{"region":"Mtwara","district":"Mtwara","ward":"Naliendele","ward_code":"152"}},{"type":"Feature","geometry":{"type":"Polygon","coordinates":[[[40.16133,-10.2837],[40.1648,-10.28662],[40.16823,-10.28492],[40.16904,-10.28613],[40.17063,-10.28453],[40.17596,-10.28817],[40.17776,-10.28699],[40.17757,-10.29187],[40.18031,-10.2933],[40.18147,-10.29757],[40.18358,-10.29984],[40.18377,-10.30318],[40.17999,-10.30386],[40.18094,-10.31409],[40.17824,-10.31406],[40.17832,-10.31481],[40.17495,-10.31555],[40.1716,-10.30361],[40.16768,-10.30452],[40.1679,-10.29916],[40.16697,-10.29773],[40.16768,-10.29537],[40.16637,-10.29434],[40.1659,-10.2915],[40.1632,-10.29038],[40.16242,-10.29159],[40.15792,-10.29261],[40.15775,-10.28939],[40.16017,-10.2871],[40.16133,-10.2837]]]},"properties":{"region":"Mtwara","district":"Mtwara","ward":"Magomeni","ward_code":"162"}},{"type":"Feature","geometry":{"type":"Polygon","coordinates":[[[40.24469,-10.31259],[40.23982,-10.32081],[40.23973,-10.32276],[40.24378,-10.32772],[40.24327,-10.33178],[40.23545,-10.33244],[40.2337,-10.33157],[40.23193,-10.3327],[40.2254,-10.33191],[40.22093,-10.34629],[40.21649,-10.34866],[40.21389,-10.35586],[40.20821,-10.36048],[40.20607,-10.36632],[40.20041,-10.37427],[40.18506,-10.36725],[40.1802,-10.36277],[40.1788,-10.36002],[40.17811,-10.33026],[40.17658,-10.32916],[40.1802,-10.32496],[40.17615,-10.32229],[40.17681,-10.31849],[40.17545,-10.31778],[40.17495,-10.31555],[40.17832,-10.31481],[40.17845,-10.31402],[40.18094,-10.31409],[40.18109,-10.31557],[40.1969,-10.3154],[40.2083,-10.3164],[40.20982,-10.31145],[40.22875,-10.29927],[40.24262,-10.29835],[40.24658,-10.30524],[40.24469,-10.31259]]]},"properties":{"region":"Mtwara","district":"Mtwara","ward":"Mtawanya","ward_code":"172"}},{"type":"Feature","geometry":{"type":"Polygon","coordinates":[[[40.18094,-10.28816],[40.1819,-10.28803],[40.18592,-10.29249],[40.18839,-10.28847],[40.1922,-10.28768],[40.19246,-10.28896],[40.18832,-10.29609],[40.18829,-10.29898],[40.18659,-10.30106],[40.18369,-10.30143],[40.18031,-10.2933],[40.17757,-10.29187],[40.17802,-10.28562],[40.18094,-10.28816]]]},"properties":{"region":"Mtwara","district":"Mtwara","ward":"Tandika","ward_code":"182"}},{"type":"Feature","geometry":{"type":"Polygon","coordinates":[[[40.10746,-10.26946],[40.10798,-10.27034],[40.10966,-10.27038],[40.11027,-10.27551],[40.11173,-10.27803],[40.10947,-10.28102],[40.10666,-10.28151],[40.10509,-10.28384],[40.10095,-10.29475],[40.10068,-10.30223],[40.09884,-10.30851],[40.09557,-10.31535],[40.08828,-10.32226],[40.09529,-10.33814],[40.09695,-10.33741],[40.10573,-10.34152],[40.10445,-10.34693],[40.09075,-10.35081],[40.08476,-10.35149],[40.08267,-10.35799],[40.0805,-10.36135],[40.07083,-10.36365],[40.0539,-10.3617],[40.05322,-10.35915],[40.0563,-10.34189],[40.05118,-10.33563],[40.04893,-10.32581],[40.05848,-10.31615],[40.05594,-10.30982],[40.05751,-10.3007],[40.06814,-10.29972],[40.07276,-10.29724],[40.0829,-10.29513],[40.08694,-10.28344],[40.09282,-10.27596],[40.09936,-10.27089],[40.10112,-10.27089],[40.10276,-10.26932],[40.10362,-10.26561],[40.10497,-10.26905],[40.10746,-10.26946]]]},"properties":{"region":"Mtwara","district":"Mtwara","ward":"Jangwani","ward_code":"083"}},{"type":"Feature","geometry":{"type":"Polygon","coordinates":[[[40.11276,-10.27888],[40.10571,-10.29612],[40.10312,-10.30736],[40.09892,-10.31392],[40.09557,-10.31535],[40.09884,-10.30851],[40.10068,-10.30223],[40.10095,-10.29475],[40.10509,-10.28384],[40.10666,-10.28151],[40.10947,-10.28102],[40.11173,-10.27803],[40.11276,-10.27888]]]},"properties":{"region":"Mtwara","district":"Mtwara","ward":"Kisungule","ward_code":"092"}},{"type":"Feature","geometry":{"type":"Polygon","coordinates":[[[40.14282,-10.26203],[40.14618,-10.26696],[40.14795,-10.27693],[40.15002,-10.28052],[40.15483,-10.28494],[40.15539,-10.28735],[40.15536,-10.29256],[40.15326,-10.29594],[40.15203,-10.30338],[40.14763,-10.30751],[40.14589,-10.3125],[40.14211,-10.31189],[40.1409,-10.31046],[40.13567,-10.30975],[40.12782,-10.30507],[40.1296,-10.29698],[40.12828,-10.28889],[40.121,-10.28949],[40.11907,-10.28686],[40.12103,-10.28432],[40.12091,-10.28228],[40.11968,-10.28072],[40.12445,-10.27808],[40.13395,-10.27761],[40.13534,-10.27572],[40.13142,-10.26817],[40.12851,-10.26589],[40.12878,-10.26019],[40.13375,-10.2546],[40.14282,-10.26203]]]},"properties":{"region":"Mtwara","district":"Mtwara","ward":"Mitengo","ward_code":"102"}},{"type":"Feature","geometry":{"type":"Polygon","coordinates":[[[40.10645,-10.3108],[40.10281,-10.31399],[40.09892,-10.31392],[40.10312,-10.30736],[40.10571,-10.29612],[40.11276,-10.27888],[40.11504,-10.27973],[40.11433,-10.28256],[40.11603,-10.28381],[40.11586,-10.28586],[40.10645,-10.3108]]]},"properties":{"region":"Mtwara","district":"Mtwara","ward":"Mtonya","ward_code":"112"}},{"type":"Feature","geometry":{"type":"Polygon","coordinates":[[[40.11504,-10.27973],[40.11968,-10.28072],[40.12091,-10.28228],[40.12103,-10.28432],[40.11907,-10.28686],[40.121,-10.28949],[40.12828,-10.28889],[40.1296,-10.29698],[40.12782,-10.30507],[40.13567,-10.30975],[40.13836,-10.3102],[40.13554,-10.31236],[40.13279,-10.31765],[40.12592,-10.32585],[40.1209,-10.32938],[40.11703,-10.33924],[40.11114,-10.34433],[40.10445,-10.34693],[40.10573,-10.34152],[40.09695,-10.33741],[40.09529,-10.33814],[40.08828,-10.32226],[40.09557,-10.31535],[40.09892,-10.31392],[40.10281,-10.31399],[40.10645,-10.3108],[40.11586,-10.28586],[40.11603,-10.28381],[40.11433,-10.28256],[40.11504,-10.27973]]]},"properties":{"region":"Mtwara","district":"Mtwara","ward":"Magengeni","ward_code":"132"}},{"type":"Feature","geometry":{"type":"Polygon","coordinates":[[[39.22899,-10.48085],[39.2547,-10.50183],[39.28703,-10.49935],[39.29031,-10.5163],[39.28845,-10.52749],[39.26862,-10.53091],[39.27237,-10.55793],[39.2442,-10.56068],[39.22837,-10.56049],[39.21715,-10.55811],[39.19367,-10.58365],[39.19144,-10.58769],[39.18942,-10.60141],[39.18535,-10.61712],[39.16073,-10.61821],[39.13961,-10.6217],[39.14635,-10.57094],[39.14198,-10.5566],[39.13998,-10.54451],[39.14856,-10.53963],[39.15301,-10.5302],[39.16011,-10.53069],[39.16451,-10.52984],[39.16948,-10.52248],[39.17353,-10.52295],[39.1761,-10.52126],[39.17726,-10.51189],[39.17915,-10.50765],[39.18116,-10.50685],[39.18924,-10.50664],[39.19754,-10.49141],[39.21265,-10.47981],[39.22359,-10.47349],[39.22899,-10.48085]]]},"properties":{"region":"Mtwara","district":"Newala","ward":"Mikumbi","ward_code":"011"}},{"type":"Feature","geometry":{"type":"Polygon","coordinates":[[[39.27237,-10.55793],[39.2738,-10.57386],[39.28195,-10.58518],[39.27707,-10.59698],[39.25131,-10.61404],[39.25165,-10.6289],[39.24558,-10.64853],[39.22584,-10.65048],[39.22496,-10.63424],[39.22264,-10.63112],[39.18332,-10.63054],[39.18423,-10.62055],[39.18942,-10.60141],[39.19144,-10.58769],[39.19367,-10.58365],[39.21715,-10.55811],[39.22837,-10.56049],[39.2442,-10.56068],[39.27237,-10.55793]]]},"properties":{"region":"Mtwara","district":"Newala","ward":"Chihangu","ward_code":"021"}},{"type":"Feature","geometry":{"type":"Polygon","coordinates":[[[39.33214,-10.47159],[39.33928,-10.48411],[39.34539,-10.49087],[39.34604,-10.49323],[39.33392,-10.50952],[39.3256,-10.5145],[39.31881,-10.54214],[39.31911,-10.56075],[39.3203,-10.56861],[39.31819,-10.57497],[39.31278,-10.57857],[39.28195,-10.58518],[39.2738,-10.57386],[39.27323,-10.56287],[39.26862,-10.53091],[39.28845,-10.52749],[39.29031,-10.5163],[39.28703,-10.49935],[39.27568,-10.46145],[39.27711,-10.45797],[39.28528,-10.45763],[39.29623,-10.44877],[39.30617,-10.43409],[39.32841,-10.43298],[39.33034,-10.44119],[39.33036,-10.4588],[39.33214,-10.47159]]]},"properties":{"region":"Mtwara","district":"Newala","ward":"Nambali","ward_code":"031"}},{"type":"Feature","geometry":{"type":"Polygon","coordinates":[[[39.18332,-10.63054],[39.22264,-10.63112],[39.22496,-10.63424],[39.22519,-10.64883],[39.22815,-10.65639],[39.23199,-10.66246],[39.23199,-10.67588],[39.22198,-10.67625],[39.20839,-10.67838],[39.20077,-10.68477],[39.20376,-10.70162],[39.17234,-10.70218],[39.17086,-10.70247],[39.16914,-10.70477],[39.16088,-10.70552],[39.14846,-10.70183],[39.14556,-10.70214],[39.14497,-10.70412],[39.14699,-10.71024],[39.14763,-10.71705],[39.1462,-10.73508],[39.13952,-10.73596],[39.13007,-10.73906],[39.12627,-10.73243],[39.1265,-10.72986],[39.11887,-10.72501],[39.11308,-10.72964],[39.11214,-10.72892],[39.10849,-10.72011],[39.1038,-10.69379],[39.10177,-10.6883],[39.10143,-10.6767],[39.09712,-10.66397],[39.09797,-10.65852],[39.09489,-10.65048],[39.09283,-10.6482],[39.11195,-10.64181],[39.12173,-10.63239],[39.12693,-10.62623],[39.12724,-10.6241],[39.13035,-10.62247],[39.14145,-10.62153],[39.16073,-10.61821],[39.18535,-10.61712],[39.18332,-10.63054]]]},"properties":{"region":"Mtwara","district":"Newala","ward":"Mnyambe","ward_code":"091"}},{"type":"Feature","geometry":{"type":"Polygon","coordinates":[[[39.06944,-10.54196],[39.07834,-10.54569],[39.09141,-10.55304],[39.09555,-10.55368],[39.09793,-10.55371],[39.10982,-10.54914],[39.13121,-10.54845],[39.13757,-10.54626],[39.13998,-10.54451],[39.14198,-10.5566],[39.14635,-10.57094],[39.13961,-10.6217],[39.12849,-10.62316],[39.12724,-10.6241],[39.12693,-10.62623],[39.11692,-10.6377],[39.10863,-10.64351],[39.09283,-10.6482],[39.0899,-10.64662],[39.07876,-10.64767],[39.07597,-10.64599],[39.06869,-10.63898],[39.06805,-10.6361],[39.06919,-10.6306],[39.06718,-10.62553],[39.05891,-10.62415],[39.05383,-10.61094],[39.04668,-10.60447],[39.03839,-10.59087],[39.03436,-10.58886],[39.03072,-10.57867],[39.02449,-10.57763],[39.01918,-10.56967],[39.01212,-10.56339],[39.01084,-10.56122],[39.01289,-10.55884],[39.01667,-10.55783],[39.01883,-10.55149],[39.02281,-10.55161],[39.02557,-10.55399],[39.02731,-10.55345],[39.03327,-10.5467],[39.03833,-10.54612],[39.04352,-10.54219],[39.04708,-10.54234],[39.04942,-10.54399],[39.06944,-10.54196]]]},"properties":{"region":"Mtwara","district":"Newala","ward":"Chilangala","ward_code":"101"}},{"type":"Feature","geometry":{"type":"Polygon","coordinates":[[[39.3324,-10.32322],[39.33822,-10.33583],[39.33849,-10.34177],[39.32507,-10.39641],[39.32841,-10.43298],[39.30617,-10.43409],[39.29623,-10.44877],[39.28528,-10.45763],[39.27711,-10.45797],[39.27568,-10.46145],[39.28703,-10.49935],[39.2547,-10.50183],[39.22899,-10.48085],[39.22359,-10.47349],[39.24953,-10.45748],[39.25577,-10.45647],[39.25937,-10.45223],[39.26025,-10.44482],[39.26425,-10.43236],[39.26514,-10.41599],[39.26286,-10.41268],[39.26599,-10.38847],[39.27012,-10.37086],[39.27067,-10.35423],[39.27218,-10.35425],[39.27277,-10.3531],[39.27873,-10.35423],[39.28062,-10.34839],[39.28052,-10.34497],[39.28313,-10.34534],[39.28578,-10.34226],[39.29537,-10.33762],[39.30433,-10.33641],[39.30702,-10.33318],[39.31315,-10.33274],[39.31521,-10.3309],[39.31672,-10.33125],[39.3183,-10.32992],[39.32125,-10.33149],[39.32312,-10.3292],[39.32298,-10.32811],[39.32746,-10.328],[39.32909,-10.32378],[39.33063,-10.32255],[39.3324,-10.32322]]]},"properties":{"region":"Mtwara","district":"Newala","ward":"Mkoma II","ward_code":"111"}},{"type":"Feature","geometry":{"type":"Polygon","coordinates":[[[39.39286,-10.66757],[39.38863,-10.66861],[39.37717,-10.6669],[39.35716,-10.65985],[39.35376,-10.65559],[39.35549,-10.64061],[39.36464,-10.62935],[39.36368,-10.62518],[39.36559,-10.60505],[39.38841,-10.57617],[39.41521,-10.55534],[39.42627,-10.58307],[39.4326,-10.60485],[39.43597,-10.61226],[39.43677,-10.61712],[39.43538,-10.6211],[39.43519,-10.62554],[39.43804,-10.63283],[39.43302,-10.63772],[39.41541,-10.6461],[39.40872,-10.65467],[39.39286,-10.66757]]]},"properties":{"region":"Mtwara","district":"Newala","ward":"Nandwahi","ward_code":"041"}},{"type":"Feature","geometry":{"type":"Polygon","coordinates":[[[39.44224,-10.64806],[39.44703,-10.66891],[39.44563,-10.70305],[39.44908,-10.70998],[39.448,-10.71755],[39.44924,-10.72392],[39.43348,-10.72518],[39.43557,-10.7039],[39.43174,-10.67896],[39.41137,-10.68161],[39.40885,-10.68312],[39.40579,-10.68827],[39.39143,-10.67937],[39.37985,-10.66741],[39.38863,-10.66861],[39.39286,-10.66757],[39.40872,-10.65467],[39.41541,-10.6461],[39.43302,-10.63772],[39.43804,-10.63283],[39.43699,-10.63015],[39.44297,-10.62912],[39.44746,-10.63568],[39.44706,-10.64047],[39.44224,-10.64806]]]},"properties":{"region":"Mtwara","district":"Newala","ward":"Mnyeu","ward_code":"051"}},{"type":"Feature","geometry":{"type":"Polygon","coordinates":[[[39.36559,-10.60505],[39.36368,-10.62518],[39.36464,-10.62935],[39.3561,-10.63928],[39.35404,-10.64959],[39.35043,-10.64955],[39.34567,-10.66728],[39.34028,-10.66105],[39.33446,-10.65955],[39.33154,-10.65777],[39.32908,-10.65815],[39.32325,-10.65668],[39.32284,-10.65903],[39.32581,-10.67405],[39.30656,-10.67525],[39.28656,-10.68038],[39.27534,-10.67913],[39.27278,-10.66434],[39.27305,-10.66122],[39.27426,-10.65983],[39.28373,-10.65601],[39.29397,-10.65377],[39.29875,-10.64929],[39.30579,-10.64658],[39.31368,-10.64594],[39.3137,-10.64681],[39.31701,-10.64706],[39.32019,-10.64266],[39.32035,-10.6396],[39.32329,-10.63443],[39.33853,-10.6223],[39.34512,-10.62045],[39.35211,-10.62142],[39.35591,-10.62041],[39.36265,-10.61487],[39.36559,-10.60505]]]},"properties":{"region":"Mtwara","district":"Newala","ward":"Kitangali","ward_code":"123"}},{"type":"Feature","geometry":{"type":"Polygon","coordinates":[[[39.38841,-10.57617],[39.36559,-10.60505],[39.36356,-10.60024],[39.35268,-10.5859],[39.31819,-10.57497],[39.3203,-10.56861],[39.31911,-10.56075],[39.31881,-10.54214],[39.3256,-10.5145],[39.33392,-10.50952],[39.34604,-10.49323],[39.35257,-10.51891],[39.35896,-10.53137],[39.4063,-10.54887],[39.41521,-10.55534],[39.38841,-10.57617]]]},"properties":{"region":"Mtwara","district":"Newala","ward":"Chiwonga","ward_code":"161"}},{"type":"Feature","geometry":{"type":"Polygon","coordinates":[[[39.35591,-10.62041],[39.35211,-10.62142],[39.34512,-10.62045],[39.33853,-10.6223],[39.32329,-10.63443],[39.32035,-10.6396],[39.32019,-10.64266],[39.31701,-10.64706],[39.3137,-10.64681],[39.31368,-10.64594],[39.30579,-10.64658],[39.29875,-10.64929],[39.29397,-10.65377],[39.28373,-10.65601],[39.27426,-10.65983],[39.27278,-10.66243],[39.27317,-10.66801],[39.27206,-10.6698],[39.25963,-10.68217],[39.25051,-10.68297],[39.24111,-10.68123],[39.23199,-10.67588],[39.23199,-10.66246],[39.22815,-10.65639],[39.22584,-10.65048],[39.24558,-10.64853],[39.25165,-10.6289],[39.25131,-10.61404],[39.27707,-10.59698],[39.28195,-10.58518],[39.31278,-10.57857],[39.31819,-10.57497],[39.35268,-10.5859],[39.36356,-10.60024],[39.36559,-10.60505],[39.36265,-10.61487],[39.35591,-10.62041]]]},"properties":{"region":"Mtwara","district":"Newala","ward":"Maputi","ward_code":"171"}},{"type":"Feature","geometry":{"type":"Polygon","coordinates":[[[39.35716,-10.65985],[39.37985,-10.66741],[39.37236,-10.67579],[39.37157,-10.6859],[39.37882,-10.69918],[39.37963,-10.71011],[39.37758,-10.72346],[39.36297,-10.72351],[39.35538,-10.72262],[39.34966,-10.71938],[39.34883,-10.71361],[39.34946,-10.70479],[39.34722,-10.70091],[39.34319,-10.69825],[39.34459,-10.68939],[39.32714,-10.68799],[39.31052,-10.68965],[39.30922,-10.68933],[39.30864,-10.68774],[39.30681,-10.67524],[39.32581,-10.67405],[39.32284,-10.65903],[39.32325,-10.65668],[39.32908,-10.65815],[39.33154,-10.65777],[39.33446,-10.65955],[39.34028,-10.66105],[39.34567,-10.66728],[39.35043,-10.64955],[39.35404,-10.64959],[39.35376,-10.65559],[39.35716,-10.65985]]]},"properties":{"region":"Mtwara","district":"Newala","ward":"Muungano","ward_code":"061"}},{"type":"Feature","geometry":{"type":"Polygon","coordinates":[[[39.27534,-10.67913],[39.28656,-10.68038],[39.30681,-10.67524],[39.30922,-10.68933],[39.3076,-10.69418],[39.30699,-10.70914],[39.30053,-10.70877],[39.29788,-10.70995],[39.29555,-10.72191],[39.29681,-10.72551],[39.29327,-10.73243],[39.29021,-10.73494],[39.28919,-10.73798],[39.28961,-10.74059],[39.28802,-10.74359],[39.27867,-10.75546],[39.26987,-10.75205],[39.26691,-10.74762],[39.26648,-10.72212],[39.26233,-10.70875],[39.25724,-10.70312],[39.24914,-10.688],[39.24801,-10.68419],[39.24858,-10.68259],[39.25974,-10.68211],[39.27317,-10.66801],[39.27474,-10.67809],[39.27534,-10.67913]]]},"properties":{"region":"Mtwara","district":"Newala","ward":"Mpwapwa","ward_code":"071"}},{"type":"Feature","geometry":{"type":"Polygon","coordinates":[[[39.24914,-10.688],[39.25724,-10.70312],[39.26233,-10.70875],[39.26648,-10.72212],[39.26691,-10.74762],[39.26987,-10.75205],[39.27867,-10.75546],[39.28025,-10.78145],[39.25535,-10.78055],[39.25474,-10.77791],[39.25176,-10.77503],[39.23759,-10.76754],[39.22942,-10.75852],[39.22956,-10.75538],[39.18958,-10.75456],[39.18616,-10.73658],[39.18646,-10.72739],[39.18537,-10.71684],[39.18141,-10.7018],[39.20376,-10.70162],[39.20077,-10.68477],[39.20839,-10.67838],[39.22198,-10.67625],[39.23199,-10.67588],[39.24111,-10.68123],[39.24858,-10.68259],[39.24801,-10.68419],[39.24914,-10.688]]]},"properties":{"region":"Mtwara","district":"Newala","ward":"Malatu","ward_code":"131"}},{"type":"Feature","geometry":{"type":"Polygon","coordinates":[[[39.32754,-10.68803],[39.34459,-10.68939],[39.34319,-10.69825],[39.34722,-10.70091],[39.34946,-10.70479],[39.34883,-10.71361],[39.34966,-10.71938],[39.35538,-10.72262],[39.36297,-10.72351],[39.3776,-10.72346],[39.3701,-10.75035],[39.36741,-10.75118],[39.34265,-10.75188],[39.33271,-10.75571],[39.3205,-10.7579],[39.32079,-10.7543],[39.30107,-10.75319],[39.27867,-10.75546],[39.28802,-10.74359],[39.28961,-10.74059],[39.28919,-10.73798],[39.29021,-10.73494],[39.29327,-10.73243],[39.29681,-10.72551],[39.29555,-10.72191],[39.29788,-10.70995],[39.30053,-10.70877],[39.30699,-10.70914],[39.3076,-10.69418],[39.30875,-10.68998],[39.32754,-10.68803]]]},"properties":{"region":"Mtwara","district":"Newala","ward":"Mchemo","ward_code":"141"}},{"type":"Feature","geometry":{"type":"Polygon","coordinates":[[[39.39143,-10.67937],[39.40579,-10.68827],[39.40885,-10.68312],[39.41137,-10.68161],[39.43174,-10.67896],[39.43557,-10.7039],[39.43348,-10.72518],[39.4183,-10.72567],[39.37758,-10.72346],[39.37963,-10.71011],[39.37882,-10.69918],[39.37157,-10.6859],[39.37236,-10.67579],[39.37985,-10.66741],[39.39143,-10.67937]]]},"properties":{"region":"Mtwara","district":"Newala","ward":"Mtopwa","ward_code":"151"}},{"type":"Feature","geometry":{"type":"Polygon","coordinates":[[[39.24412,-10.83797],[39.2315,-10.84578],[39.21187,-10.81918],[39.20415,-10.80606],[39.19657,-10.79016],[39.20206,-10.78341],[39.19262,-10.77365],[39.18958,-10.75456],[39.22956,-10.75538],[39.22942,-10.75852],[39.23759,-10.76754],[39.24939,-10.77332],[39.25474,-10.77791],[39.25582,-10.79487],[39.25834,-10.79965],[39.25831,-10.80249],[39.25734,-10.80402],[39.25155,-10.80714],[39.25166,-10.82081],[39.25315,-10.8286],[39.24412,-10.83797]]]},"properties":{"region":"Mtwara","district":"Newala","ward":"Chitekete","ward_code":"081"}},{"type":"Feature","geometry":{"type":"Polygon","coordinates":[[[39.4034,-10.78021],[39.40911,-10.7951],[39.42062,-10.81215],[39.4201,-10.81954],[39.40441,-10.84691],[39.38493,-10.85398],[39.38326,-10.85623],[39.37721,-10.85656],[39.37267,-10.8553],[39.37211,-10.83907],[39.36941,-10.83323],[39.36982,-10.82865],[39.36447,-10.82],[39.36374,-10.81429],[39.3592,-10.80734],[39.34622,-10.79461],[39.37155,-10.78137],[39.39196,-10.78857],[39.4034,-10.78021]]]},"properties":{"region":"Mtwara","district":"Newala","ward":"Makukwe","ward_code":"181"}},{"type":"Feature","geometry":{"type":"Polygon","coordinates":[[[39.34093,-10.79169],[39.34622,-10.79461],[39.3592,-10.80734],[39.36374,-10.81429],[39.36447,-10.82],[39.36982,-10.82865],[39.36941,-10.83323],[39.37211,-10.83907],[39.37267,-10.8553],[39.37721,-10.85656],[39.38327,-10.85623],[39.37911,-10.86184],[39.38909,-10.87993],[39.3755,-10.88315],[39.35834,-10.88869],[39.35144,-10.87898],[39.34527,-10.87226],[39.33455,-10.86493],[39.3322,-10.83284],[39.33056,-10.82943],[39.32155,-10.82557],[39.31429,-10.81351],[39.31402,-10.80545],[39.31538,-10.79168],[39.32844,-10.79105],[39.34093,-10.79169]]]},"properties":{"region":"Mtwara","district":"Newala","ward":"Mkwedu","ward_code":"191"}},{"type":"Feature","geometry":{"type":"Polygon","coordinates":[[[39.41427,-10.72541],[39.43123,-10.72529],[39.44924,-10.72392],[39.44942,-10.73106],[39.44823,-10.73103],[39.43812,-10.74216],[39.42069,-10.75567],[39.41515,-10.76415],[39.40465,-10.76394],[39.39978,-10.77079],[39.4034,-10.78021],[39.39196,-10.78857],[39.37155,-10.78137],[39.34622,-10.79461],[39.34093,-10.79169],[39.32844,-10.79105],[39.32289,-10.77864],[39.32044,-10.7666],[39.3205,-10.7579],[39.33271,-10.75571],[39.34265,-10.75188],[39.36741,-10.75118],[39.3701,-10.75035],[39.3776,-10.72346],[39.41427,-10.72541]]]},"properties":{"region":"Mtwara","district":"Newala","ward":"Mtunguru","ward_code":"201"}},{"type":"Feature","geometry":{"type":"Polygon","coordinates":[[[39.32289,-10.77864],[39.32844,-10.79105],[39.31593,-10.79176],[39.29602,-10.78899],[39.29652,-10.8031],[39.29487,-10.81521],[39.28918,-10.81808],[39.27982,-10.81976],[39.27274,-10.81815],[39.26676,-10.81543],[39.25692,-10.80817],[39.25155,-10.80714],[39.25734,-10.80402],[39.25831,-10.80249],[39.25834,-10.79965],[39.25582,-10.79487],[39.25596,-10.78962],[39.25469,-10.78492],[39.25535,-10.78055],[39.28025,-10.78145],[39.27867,-10.75546],[39.30107,-10.75319],[39.32079,-10.7543],[39.32044,-10.7666],[39.32289,-10.77864]]]},"properties":{"region":"Mtwara","district":"Newala","ward":"Mdimba Mpelempele","ward_code":"211"}},{"type":"Feature","geometry":{"type":"Polygon","coordinates":[[[39.18141,-10.7018],[39.18537,-10.71684],[39.18646,-10.72739],[39.18616,-10.73658],[39.19262,-10.77365],[39.20206,-10.78341],[39.19657,-10.79016],[39.18179,-10.80373],[39.15887,-10.81506],[39.15345,-10.81066],[39.14893,-10.81132],[39.14667,-10.81071],[39.1417,-10.80625],[39.14084,-10.80371],[39.13638,-10.79922],[39.13263,-10.79859],[39.13008,-10.79559],[39.12323,-10.7915],[39.12359,-10.78233],[39.12538,-10.77683],[39.1319,-10.77171],[39.13337,-10.76744],[39.15136,-10.75419],[39.15314,-10.75393],[39.15353,-10.75098],[39.1516,-10.74869],[39.13595,-10.74895],[39.13196,-10.74791],[39.13007,-10.73906],[39.13952,-10.73596],[39.1462,-10.73508],[39.14763,-10.71705],[39.14699,-10.71024],[39.14497,-10.70412],[39.14556,-10.70214],[39.14846,-10.70183],[39.16088,-10.70552],[39.16914,-10.70477],[39.17086,-10.70247],[39.17234,-10.70218],[39.18141,-10.7018]]]},"properties":{"region":"Mtwara","district":"Newala","ward":"Nakahako","ward_code":"221"}},{"type":"Feature","geometry":{"type":"Polygon","coordinates":[[[39.21187,-10.81918],[39.2315,-10.84578],[39.2455,-10.83712],[39.25315,-10.8286],[39.25268,-10.83339],[39.25516,-10.8366],[39.25729,-10.84653],[39.26073,-10.85278],[39.2631,-10.85455],[39.25708,-10.85989],[39.25446,-10.86516],[39.2565,-10.87055],[39.26489,-10.8813],[39.26587,-10.88592],[39.26536,-10.89105],[39.25845,-10.88971],[39.23187,-10.89778],[39.21603,-10.8998],[39.21192,-10.88206],[39.20447,-10.86438],[39.19736,-10.85201],[39.1943,-10.84792],[39.18542,-10.84082],[39.18062,-10.84018],[39.17317,-10.84155],[39.166,-10.83623],[39.16308,-10.83249],[39.16238,-10.82681],[39.15887,-10.81506],[39.18179,-10.80373],[39.19657,-10.79016],[39.20415,-10.80606],[39.21187,-10.81918]]]},"properties":{"region":"Mtwara","district":"Newala","ward":"Mnekachi","ward_code":"071"}},{"type":"Feature","geometry":{"type":"Polygon","coordinates":[[[39.2766,-10.9501],[39.27418,-10.94977],[39.27063,-10.92742],[39.28399,-10.92543],[39.28876,-10.9336],[39.29472,-10.93459],[39.29087,-10.93697],[39.29019,-10.94078],[39.29117,-10.94277],[39.2766,-10.9501]]]},"properties":{"region":"Mtwara","district":"Newala","ward":"Luchingu","ward_code":"012"}},{"type":"Feature","geometry":{"type":"Polygon","coordinates":[[[39.33843,-10.93547],[39.33516,-10.94335],[39.35622,-10.9325],[39.36222,-10.95291],[39.34794,-10.96661],[39.34231,-10.97354],[39.32879,-10.97232],[39.32119,-10.97046],[39.31819,-10.96771],[39.31581,-10.96302],[39.31413,-10.95534],[39.30927,-10.94429],[39.31079,-10.94188],[39.31539,-10.93953],[39.31421,-10.93792],[39.31851,-10.93366],[39.32091,-10.92735],[39.32535,-10.92866],[39.33843,-10.93547]]]},"properties":{"region":"Mtwara","district":"Newala","ward":"Makote","ward_code":"021"}},{"type":"Feature","geometry":{"type":"Polygon","coordinates":[[[39.28128,-10.94776],[39.28125,-10.95144],[39.27951,-10.95287],[39.27979,-10.95494],[39.27891,-10.95631],[39.28817,-10.95598],[39.29403,-10.95872],[39.29558,-10.96081],[39.29525,-10.9745],[39.29298,-10.98624],[39.29295,-11.00533],[39.29316,-11.00743],[39.29624,-11.01014],[39.29865,-11.01098],[39.29462,-11.01829],[39.28509,-11.0261],[39.27509,-11.02689],[39.26734,-11.01976],[39.26607,-11.0175],[39.26744,-11.01642],[39.27029,-11.00972],[39.2785,-10.99864],[39.2784,-10.9947],[39.27674,-10.99145],[39.27449,-10.99023],[39.26099,-10.99261],[39.25791,-10.99152],[39.25529,-10.98425],[39.25399,-10.96197],[39.26537,-10.96022],[39.27418,-10.94977],[39.27624,-10.95027],[39.28128,-10.94776]]]},"properties":{"region":"Mtwara","district":"Newala","ward":"Mtonya","ward_code":"042"}},{"type":"Feature","geometry":{"type":"Polygon","coordinates":[[[39.32189,-10.86124],[39.32663,-10.87947],[39.33326,-10.87795],[39.35032,-10.87793],[39.35886,-10.88853],[39.35265,-10.89514],[39.34712,-10.90589],[39.34539,-10.90709],[39.34511,-10.90641],[39.33141,-10.91119],[39.32435,-10.91262],[39.32087,-10.90938],[39.30913,-10.89343],[39.30596,-10.87786],[39.30018,-10.86275],[39.29196,-10.84567],[39.30053,-10.84929],[39.30568,-10.84982],[39.30844,-10.85224],[39.32293,-10.8543],[39.32189,-10.86124]]]},"properties":{"region":"Mtwara","district":"Newala","ward":"Namiyonga","ward_code":"061"}},{"type":"Feature","geometry":{"type":"Polygon","coordinates":[[[39.36785,-10.88556],[39.37081,-10.89966],[39.37438,-10.90677],[39.3761,-10.93097],[39.3627,-10.93294],[39.35623,-10.9325],[39.33516,-10.94335],[39.33843,-10.93547],[39.32535,-10.92866],[39.32091,-10.92735],[39.32243,-10.92534],[39.32435,-10.91262],[39.33141,-10.91119],[39.34511,-10.90641],[39.34539,-10.90709],[39.34712,-10.90589],[39.35439,-10.89261],[39.35886,-10.88853],[39.36785,-10.88556]]]},"properties":{"region":"Mtwara","district":"Newala","ward":"Mahumbika","ward_code":"091"}},{"type":"Feature","geometry":{"type":"Polygon","coordinates":[[[39.2726,-10.90539],[39.28392,-10.9055],[39.31245,-10.89842],[39.31909,-10.90724],[39.30866,-10.92449],[39.30055,-10.93119],[39.29472,-10.93459],[39.28876,-10.9336],[39.28399,-10.92543],[39.26994,-10.92803],[39.26973,-10.92549],[39.25274,-10.92865],[39.25006,-10.9275],[39.24811,-10.92109],[39.24964,-10.91311],[39.24884,-10.91135],[39.24732,-10.90998],[39.24005,-10.9077],[39.2371,-10.90304],[39.23187,-10.89778],[39.25845,-10.88971],[39.26536,-10.89105],[39.26462,-10.89421],[39.26505,-10.90186],[39.2726,-10.90539]]]},"properties":{"region":"Mtwara","district":"Newala","ward":"Tulindane","ward_code":"102"}},{"type":"Feature","geometry":{"type":"Polygon","coordinates":[[[39.31418,-10.95549],[39.31581,-10.96302],[39.31819,-10.96771],[39.32119,-10.97046],[39.29777,-10.97044],[39.29511,-10.96962],[39.29558,-10.96081],[39.29403,-10.95872],[39.28817,-10.95598],[39.27891,-10.95631],[39.27979,-10.95494],[39.27951,-10.95287],[39.28125,-10.95144],[39.28128,-10.94776],[39.29117,-10.94277],[39.29015,-10.93978],[39.29105,-10.93674],[39.30055,-10.93119],[39.30866,-10.92449],[39.31909,-10.90724],[39.32435,-10.91262],[39.32243,-10.92534],[39.31851,-10.93366],[39.31421,-10.93792],[39.31539,-10.93953],[39.31079,-10.94188],[39.30927,-10.94429],[39.31418,-10.95549]]]},"properties":{"region":"Mtwara","district":"Newala","ward":"Julia","ward_code":"112"}},{"type":"Feature","geometry":{"type":"Polygon","coordinates":[[[39.23187,-10.89778],[39.2371,-10.90304],[39.24005,-10.9077],[39.24732,-10.90998],[39.24884,-10.91135],[39.24964,-10.91311],[39.24811,-10.92109],[39.25006,-10.9275],[39.25274,-10.92865],[39.26973,-10.92549],[39.26994,-10.92803],[39.27071,-10.92788],[39.2742,-10.95047],[39.26537,-10.96022],[39.25399,-10.96197],[39.25432,-10.97323],[39.24751,-10.96944],[39.24293,-10.96855],[39.23835,-10.96481],[39.22431,-10.94773],[39.22362,-10.94421],[39.22417,-10.93345],[39.2226,-10.92955],[39.21945,-10.90885],[39.21603,-10.8998],[39.23187,-10.89778]]]},"properties":{"region":"Mtwara","district":"Newala","ward":"Nangwala","ward_code":"122"}},{"type":"Feature","geometry":{"type":"Polygon","coordinates":[[[39.27274,-10.81815],[39.27982,-10.81976],[39.28918,-10.81808],[39.29263,-10.81634],[39.29919,-10.82449],[39.29191,-10.8465],[39.30018,-10.86275],[39.30596,-10.87786],[39.30913,-10.89343],[39.31245,-10.89842],[39.28392,-10.9055],[39.2726,-10.90539],[39.26505,-10.90186],[39.26462,-10.89421],[39.26593,-10.88762],[39.26489,-10.8813],[39.2565,-10.87055],[39.25446,-10.86516],[39.25708,-10.85989],[39.2631,-10.85455],[39.26073,-10.85278],[39.25856,-10.84915],[39.25554,-10.84106],[39.25516,-10.8366],[39.25268,-10.83339],[39.25315,-10.8286],[39.25166,-10.82081],[39.25155,-10.80714],[39.25692,-10.80817],[39.26676,-10.81543],[39.27274,-10.81815]]]},"properties":{"region":"Mtwara","district":"Newala","ward":"Makonga","ward_code":"131"}},{"type":"Feature","geometry":{"type":"Polygon","coordinates":[[[39.35032,-10.87793],[39.33326,-10.87795],[39.32663,-10.87947],[39.32189,-10.86124],[39.32293,-10.8543],[39.30844,-10.85224],[39.30568,-10.84982],[39.30053,-10.84929],[39.29196,-10.84567],[39.29919,-10.82449],[39.29263,-10.81634],[39.29487,-10.81521],[39.29652,-10.8031],[39.29602,-10.78899],[39.31538,-10.79168],[39.31402,-10.80545],[39.31429,-10.81351],[39.32155,-10.82557],[39.33056,-10.82943],[39.3322,-10.83284],[39.33455,-10.86493],[39.34364,-10.87071],[39.35032,-10.87793]]]},"properties":{"region":"Mtwara","district":"Newala","ward":"Mkulung'ulu","ward_code":"141"}},{"type":"Feature","geometry":{"type":"Polygon","coordinates":[[[39.29777,-10.97044],[39.32119,-10.97046],[39.32879,-10.97232],[39.34231,-10.97354],[39.34746,-10.97558],[39.3514,-10.98266],[39.35459,-10.98347],[39.36284,-10.98307],[39.36549,-10.98847],[39.37325,-10.99184],[39.3749,-10.99383],[39.37678,-10.99991],[39.37432,-11.00581],[39.37571,-11.01775],[39.37193,-11.02057],[39.40141,-11.067],[39.39503,-11.07176],[39.38947,-11.07188],[39.38348,-11.07665],[39.37905,-11.07864],[39.36467,-11.06039],[39.35586,-11.05253],[39.33626,-11.02805],[39.33227,-11.02831],[39.32996,-11.02739],[39.32832,-11.02799],[39.32363,-11.02644],[39.32219,-11.02404],[39.32042,-11.02346],[39.31946,-11.01548],[39.31783,-11.01524],[39.31542,-11.01181],[39.30331,-11.01005],[39.30178,-11.00831],[39.29994,-11.00806],[39.29865,-11.01098],[39.29624,-11.01014],[39.29316,-11.00743],[39.29359,-10.98091],[39.29525,-10.9745],[39.29511,-10.96962],[39.29777,-10.97044]]]},"properties":{"region":"Mtwara","district":"Newala","ward":"Nanguruwe","ward_code":"031"}},{"type":"Feature","geometry":{"type":"Polygon","coordinates":[[[39.38801,-10.97601],[39.38864,-10.99075],[39.39134,-11.00044],[39.39563,-11.00471],[39.406,-11.01161],[39.41018,-11.01599],[39.41905,-11.03849],[39.42225,-11.05098],[39.42552,-11.05691],[39.42868,-11.06688],[39.42708,-11.0676],[39.42452,-11.07215],[39.42242,-11.07391],[39.41906,-11.0729],[39.41646,-11.07049],[39.41149,-11.07022],[39.40646,-11.06693],[39.40141,-11.067],[39.37293,-11.02269],[39.37193,-11.02057],[39.37571,-11.01775],[39.37432,-11.00581],[39.37678,-10.99991],[39.3749,-10.99383],[39.37325,-10.99184],[39.36549,-10.98847],[39.36284,-10.98307],[39.35459,-10.98347],[39.3514,-10.98266],[39.34746,-10.97558],[39.34231,-10.97354],[39.34794,-10.96661],[39.36222,-10.95291],[39.3786,-10.95484],[39.3804,-10.95773],[39.38336,-10.96942],[39.38801,-10.97601]]]},"properties":{"region":"Mtwara","district":"Newala","ward":"Mkunya","ward_code":"041"}},{"type":"Feature","geometry":{"type":"Polygon","coordinates":[[[39.3801,-10.95693],[39.38756,-10.95726],[39.40175,-10.96073],[39.40576,-10.95993],[39.40774,-10.96196],[39.41295,-10.97269],[39.41342,-11.00009],[39.41701,-10.99823],[39.42109,-10.99226],[39.42692,-10.98981],[39.43278,-10.98531],[39.44075,-10.9813],[39.44328,-10.97892],[39.44673,-10.97772],[39.45288,-10.98735],[39.46242,-10.99937],[39.48312,-10.99871],[39.49171,-11.00186],[39.49153,-11.00516],[39.4823,-11.01522],[39.47711,-11.01765],[39.47387,-11.02616],[39.47758,-11.03024],[39.47831,-11.03228],[39.47489,-11.03759],[39.47267,-11.03855],[39.46732,-11.0369],[39.46243,-11.0329],[39.45573,-11.03745],[39.45244,-11.03541],[39.45047,-11.03584],[39.44706,-11.03917],[39.44459,-11.04381],[39.43216,-11.04905],[39.43103,-11.05062],[39.43052,-11.05401],[39.42843,-11.05805],[39.43071,-11.06499],[39.42879,-11.06723],[39.42552,-11.05691],[39.42225,-11.05098],[39.41905,-11.03849],[39.41018,-11.01599],[39.406,-11.01161],[39.39301,-11.00246],[39.39062,-10.99889],[39.38864,-10.99075],[39.38801,-10.97601],[39.38336,-10.96942],[39.3801,-10.95693]]]},"properties":{"region":"Mtwara","district":"Newala","ward":"Mcholi I","ward_code":"051"}},{"type":"Feature","geometry":{"type":"Polygon","coordinates":[[[39.40436,-10.90179],[39.40673,-10.90459],[39.41108,-10.90275],[39.41665,-10.9084],[39.42913,-10.91695],[39.43755,-10.92003],[39.44257,-10.92433],[39.44996,-10.94097],[39.45058,-10.9471],[39.45574,-10.95071],[39.45889,-10.96058],[39.46289,-10.96254],[39.46367,-10.96578],[39.46316,-10.97353],[39.46076,-10.97536],[39.45214,-10.97284],[39.45029,-10.96868],[39.44398,-10.96288],[39.44347,-10.96572],[39.44438,-10.97403],[39.44164,-10.97319],[39.43512,-10.96734],[39.43004,-10.95793],[39.42195,-10.94957],[39.41733,-10.94732],[39.4086,-10.93939],[39.40244,-10.93825],[39.39492,-10.93367],[39.39214,-10.92993],[39.38926,-10.92817],[39.38632,-10.92765],[39.37829,-10.92867],[39.37576,-10.92778],[39.37438,-10.90677],[39.37081,-10.89966],[39.36785,-10.88556],[39.38909,-10.87993],[39.39519,-10.891],[39.40286,-10.89532],[39.40436,-10.90179]]]},"properties":{"region":"Mtwara","district":"Newala","ward":"Mcholi II","ward_code":"071"}},{"type":"Feature","geometry":{"type":"Polygon","coordinates":[[[39.38632,-10.92765],[39.39214,-10.92993],[39.39492,-10.93367],[39.40244,-10.93825],[39.4086,-10.93939],[39.41733,-10.94732],[39.42195,-10.94957],[39.43004,-10.95793],[39.43512,-10.96734],[39.44164,-10.97319],[39.44438,-10.97403],[39.44673,-10.97772],[39.44328,-10.97892],[39.44075,-10.9813],[39.43278,-10.98531],[39.42692,-10.98981],[39.42109,-10.99226],[39.41806,-10.99714],[39.41471,-10.99981],[39.41342,-11.00009],[39.41295,-10.97269],[39.40774,-10.96196],[39.40576,-10.95993],[39.40175,-10.96073],[39.38756,-10.95726],[39.3801,-10.95693],[39.3786,-10.95484],[39.36222,-10.95291],[39.35622,-10.9325],[39.3627,-10.93294],[39.3761,-10.93097],[39.37576,-10.92778],[39.37829,-10.92867],[39.38632,-10.92765]]]},"properties":{"region":"Mtwara","district":"Newala","ward":"Mtumachi","ward_code":"081"}},{"type":"Feature","geometry":{"type":"Polygon","coordinates":[[[38.94219,-10.50008],[38.95097,-10.53091],[38.95356,-10.53287],[38.95859,-10.54859],[38.95987,-10.55067],[38.96476,-10.55382],[38.96628,-10.5623],[38.98139,-10.58234],[38.97199,-10.59718],[38.95734,-10.59074],[38.94645,-10.58379],[38.93257,-10.57258],[38.93027,-10.56783],[38.92492,-10.56618],[38.92364,-10.564],[38.92191,-10.56448],[38.91757,-10.55933],[38.91888,-10.55255],[38.91864,-10.54802],[38.91376,-10.54422],[38.91408,-10.54061],[38.9122,-10.53544],[38.91481,-10.52645],[38.91028,-10.51823],[38.90715,-10.5061],[38.9089,-10.50724],[38.91097,-10.50615],[38.91157,-10.50686],[38.91511,-10.50625],[38.91562,-10.50697],[38.92066,-10.50624],[38.92306,-10.50745],[38.92614,-10.50643],[38.92645,-10.50453],[38.92964,-10.50151],[38.9309,-10.50153],[38.93121,-10.50031],[38.93118,-10.50115],[38.93219,-10.50073],[38.93183,-10.50207],[38.93355,-10.50148],[38.93388,-10.50269],[38.93542,-10.50204],[38.93685,-10.5032],[38.93962,-10.50263],[38.94219,-10.50008]]]},"properties":{"region":"Mtwara","district":"Masasi","ward":"Chigugu","ward_code":"071"}},{"type":"Feature","geometry":{"type":"Polygon","coordinates":[[[39.01178,-10.46314],[39.01174,-10.46657],[39.01442,-10.47208],[39.01741,-10.48308],[39.0143,-10.49202],[39.01558,-10.49773],[39.02089,-10.50131],[39.02216,-10.52565],[39.02493,-10.54136],[39.02557,-10.55399],[39.02281,-10.55161],[39.01883,-10.55149],[39.01667,-10.55783],[39.01289,-10.55884],[39.00618,-10.56703],[39.00284,-10.56965],[38.99862,-10.54697],[38.99879,-10.51552],[38.99546,-10.49721],[38.99327,-10.46866],[38.99629,-10.46729],[38.99697,-10.46541],[39.00005,-10.46608],[39.00249,-10.46787],[39.00464,-10.46533],[39.01178,-10.46314]]]},"properties":{"region":"Mtwara","district":"Masasi","ward":"Mwena","ward_code":"083"}},{"type":"Feature","geometry":{"type":"Polygon","coordinates":[[[39.25289,-10.34744],[39.26057,-10.35442],[39.27067,-10.35423],[39.27074,-10.35656],[39.27012,-10.37086],[39.26599,-10.38847],[39.26286,-10.41268],[39.26514,-10.41599],[39.26425,-10.43236],[39.26025,-10.44482],[39.25937,-10.45223],[39.25766,-10.45507],[39.25577,-10.45647],[39.24953,-10.45748],[39.21265,-10.47981],[39.19754,-10.49141],[39.18924,-10.50664],[39.18116,-10.50685],[39.17915,-10.50765],[39.17726,-10.51189],[39.1761,-10.52126],[39.17353,-10.52295],[39.16948,-10.52248],[39.16451,-10.52984],[39.16011,-10.53069],[39.15301,-10.5302],[39.14856,-10.53963],[39.13757,-10.54626],[39.13121,-10.54845],[39.13573,-10.48076],[39.1353,-10.47204],[39.13739,-10.46158],[39.14065,-10.45145],[39.13736,-10.4421],[39.14126,-10.43145],[39.14259,-10.42059],[39.14264,-10.41638],[39.14154,-10.41376],[39.14201,-10.40782],[39.1409,-10.40314],[39.14161,-10.40148],[39.15144,-10.40036],[39.15517,-10.40088],[39.15579,-10.39849],[39.15766,-10.39699],[39.15698,-10.39544],[39.15849,-10.39398],[39.15976,-10.39418],[39.15897,-10.39292],[39.16032,-10.39193],[39.16107,-10.39257],[39.16188,-10.3909],[39.16581,-10.39267],[39.17224,-10.39196],[39.17501,-10.3936],[39.1755,-10.39129],[39.17891,-10.38906],[39.18079,-10.38602],[39.18286,-10.38568],[39.18784,-10.38806],[39.19009,-10.38691],[39.19075,-10.38518],[39.20474,-10.37953],[39.20522,-10.37794],[39.20709,-10.37723],[39.20868,-10.37338],[39.20912,-10.36882],[39.2108,-10.36579],[39.21533,-10.36376],[39.21859,-10.36377],[39.22014,-10.36082],[39.22359,-10.35808],[39.22899,-10.35588],[39.22968,-10.35355],[39.23169,-10.35386],[39.23257,-10.35134],[39.23451,-10.35007],[39.23989,-10.34784],[39.24776,-10.34899],[39.25289,-10.34744]]]},"properties":{"region":"Mtwara","district":"Masasi","ward":"Nanganga","ward_code":"093"}},{"type":"Feature","geometry":{"type":"Polygon","coordinates":[[[39.07545,-10.64623],[39.06016,-10.64699],[39.04108,-10.65109],[39.03455,-10.65427],[39.02039,-10.65593],[38.97223,-10.6529],[38.96857,-10.64382],[38.9582,-10.6259],[38.95694,-10.61282],[38.9584,-10.60645],[38.97199,-10.59718],[38.98139,-10.58234],[39.002,-10.57066],[39.01084,-10.56122],[39.01212,-10.56339],[39.01918,-10.56967],[39.02449,-10.57763],[39.03072,-10.57867],[39.03436,-10.58886],[39.03839,-10.59087],[39.04668,-10.60447],[39.05383,-10.61094],[39.05891,-10.62415],[39.06718,-10.62553],[39.06919,-10.6306],[39.06804,-10.63737],[39.06995,-10.64067],[39.07366,-10.6434],[39.07545,-10.64623]]]},"properties":{"region":"Mtwara","district":"Masasi","ward":"Chiwata","ward_code":"101"}},{"type":"Feature","geometry":{"type":"Polygon","coordinates":[[[38.96857,-10.64382],[38.97117,-10.65105],[38.97324,-10.65317],[39.02039,-10.65593],[39.03455,-10.65427],[39.04108,-10.65109],[39.06016,-10.64699],[39.07597,-10.64599],[39.08075,-10.64791],[39.0899,-10.64662],[39.09489,-10.65048],[39.09754,-10.65682],[39.09712,-10.66397],[39.10103,-10.67461],[39.10177,-10.68829],[39.1038,-10.69379],[39.10452,-10.70114],[39.09265,-10.71522],[39.08994,-10.71665],[39.08616,-10.71613],[39.0811,-10.71223],[39.07787,-10.71123],[39.0676,-10.71398],[39.04139,-10.71],[39.03992,-10.71008],[39.0349,-10.71349],[39.02732,-10.70968],[39.02118,-10.71113],[39.01292,-10.71096],[39.00896,-10.71432],[39.00839,-10.71686],[39.0098,-10.71995],[39.00703,-10.72216],[39.00764,-10.72363],[39.0045,-10.72699],[39.00306,-10.7301],[39.00542,-10.73871],[39.00051,-10.74298],[39.00041,-10.74639],[38.99769,-10.74964],[38.99606,-10.74901],[38.99468,-10.7503],[38.96763,-10.74964],[38.94916,-10.75036],[38.921,-10.74306],[38.91863,-10.74173],[38.91869,-10.73686],[38.91288,-10.72543],[38.91012,-10.72405],[38.91069,-10.70172],[38.90674,-10.66241],[38.89582,-10.64417],[38.90338,-10.64581],[38.92531,-10.64679],[38.93857,-10.64906],[38.94678,-10.6479],[38.95837,-10.64348],[38.96374,-10.64272],[38.96857,-10.64382]]]},"properties":{"region":"Mtwara","district":"Masasi","ward":"Mpindimbi","ward_code":"291"}},{"type":"Feature","geometry":{"type":"Polygon","coordinates":[[[38.90715,-10.5061],[38.91028,-10.51823],[38.91481,-10.52645],[38.9122,-10.53544],[38.91408,-10.54061],[38.91376,-10.54422],[38.91864,-10.54802],[38.91888,-10.55255],[38.91757,-10.55933],[38.91926,-10.56201],[38.92191,-10.56448],[38.92364,-10.564],[38.92387,-10.56546],[38.9258,-10.56665],[38.93027,-10.56783],[38.93257,-10.57258],[38.94645,-10.58379],[38.95734,-10.59074],[38.97199,-10.59718],[38.9584,-10.60645],[38.95694,-10.61282],[38.9582,-10.6259],[38.96857,-10.64382],[38.96064,-10.64288],[38.94678,-10.6479],[38.93857,-10.64906],[38.92531,-10.64679],[38.90338,-10.64581],[38.89582,-10.64417],[38.88922,-10.63326],[38.87772,-10.62945],[38.87586,-10.62998],[38.87606,-10.62678],[38.87303,-10.61752],[38.87488,-10.61257],[38.87464,-10.61102],[38.87152,-10.60451],[38.87261,-10.60375],[38.87268,-10.60161],[38.87509,-10.59987],[38.87556,-10.59775],[38.87375,-10.59368],[38.87505,-10.591],[38.87558,-10.58547],[38.87734,-10.58307],[38.88125,-10.58041],[38.88155,-10.57495],[38.87835,-10.57091],[38.87725,-10.57178],[38.87647,-10.57037],[38.87479,-10.57197],[38.87283,-10.57048],[38.87184,-10.5682],[38.87363,-10.56679],[38.87244,-10.56548],[38.87192,-10.56226],[38.8711,-10.56303],[38.86857,-10.55941],[38.86432,-10.55573],[38.8661,-10.5534],[38.8663,-10.55153],[38.86791,-10.55176],[38.87017,-10.5497],[38.87194,-10.54943],[38.87298,-10.54746],[38.88012,-10.5465],[38.884,-10.54142],[38.88187,-10.53928],[38.88412,-10.53444],[38.88563,-10.53528],[38.88819,-10.53439],[38.89234,-10.53525],[38.89632,-10.53295],[38.89732,-10.52723],[38.89629,-10.52455],[38.89292,-10.52149],[38.89311,-10.51986],[38.89432,-10.51904],[38.89465,-10.51609],[38.89654,-10.51557],[38.89761,-10.51292],[38.90041,-10.51074],[38.90054,-10.50942],[38.90168,-10.50935],[38.90183,-10.50791],[38.90715,-10.5061]]]},"properties":{"region":"Mtwara","district":"Masasi","ward":"Chikukwe","ward_code":"301"}},{"type":"Feature","geometry":{"type":"Polygon","coordinates":[[[39.1409,-10.40314],[39.14201,-10.40782],[39.14154,-10.41376],[39.14264,-10.41638],[39.14259,-10.42059],[39.14126,-10.43145],[39.13736,-10.4421],[39.14065,-10.45145],[39.13739,-10.46158],[39.1353,-10.47204],[39.13573,-10.48076],[39.13121,-10.54845],[39.10982,-10.54914],[39.09793,-10.55371],[39.09555,-10.55368],[39.09141,-10.55304],[39.07834,-10.54569],[39.06944,-10.54196],[39.04942,-10.54399],[39.05597,-10.53247],[39.06226,-10.51264],[39.06617,-10.50748],[39.06509,-10.48682],[39.05692,-10.46086],[39.05288,-10.45129],[39.05859,-10.44971],[39.06203,-10.44672],[39.06577,-10.44653],[39.07181,-10.4418],[39.07544,-10.43758],[39.0793,-10.43624],[39.07941,-10.43512],[39.08548,-10.43139],[39.09247,-10.42417],[39.09691,-10.42305],[39.10285,-10.42546],[39.10583,-10.42498],[39.11625,-10.41699],[39.1194,-10.41123],[39.12327,-10.40812],[39.12629,-10.40625],[39.13203,-10.40573],[39.13603,-10.4028],[39.1401,-10.40267],[39.14161,-10.40148],[39.1409,-10.40314]]]},"properties":{"region":"Mtwara","district":"Masasi","ward":"Nangoo","ward_code":"313"}},{"type":"Feature","geometry":{"type":"Polygon","coordinates":[[[38.99327,-10.46866],[38.99546,-10.49721],[38.99879,-10.51552],[38.99862,-10.54697],[39.00284,-10.56965],[38.99554,-10.57493],[38.98139,-10.58234],[38.96628,-10.5623],[38.96476,-10.55382],[38.95987,-10.55067],[38.95859,-10.54859],[38.95356,-10.53287],[38.95097,-10.53091],[38.94219,-10.50008],[38.9439,-10.49708],[38.94305,-10.49636],[38.94427,-10.49535],[38.94907,-10.49745],[38.95295,-10.49611],[38.95584,-10.48892],[38.96046,-10.48559],[38.96171,-10.48267],[38.96473,-10.4815],[38.9671,-10.48381],[38.97148,-10.48293],[38.97346,-10.48353],[38.97488,-10.48151],[38.97598,-10.48209],[38.979,-10.48014],[38.97804,-10.47433],[38.97945,-10.47324],[38.9788,-10.47245],[38.97985,-10.47206],[38.97989,-10.47095],[38.9826,-10.47128],[38.98395,-10.46945],[38.99077,-10.46769],[38.99327,-10.46866]]]},"properties":{"region":"Mtwara","district":"Masasi","ward":"Chikundi","ward_code":"323"}},{"type":"Feature","geometry":{"type":"Polygon","coordinates":[[[39.05288,-10.45129],[39.05692,-10.46086],[39.06509,-10.48682],[39.06617,-10.50748],[39.06226,-10.51264],[39.05597,-10.53247],[39.04942,-10.54399],[39.04708,-10.54234],[39.04352,-10.54219],[39.03833,-10.54612],[39.03327,-10.5467],[39.02731,-10.55345],[39.02557,-10.55399],[39.02493,-10.54136],[39.02216,-10.52565],[39.02089,-10.50131],[39.01558,-10.49773],[39.0143,-10.49202],[39.01741,-10.48308],[39.01442,-10.47208],[39.01174,-10.46657],[39.0113,-10.46209],[39.0131,-10.46096],[39.0172,-10.46256],[39.01767,-10.46102],[39.01917,-10.46064],[39.01965,-10.46222],[39.02175,-10.46223],[39.02467,-10.45699],[39.03137,-10.45695],[39.03488,-10.45372],[39.03955,-10.454],[39.04276,-10.45785],[39.05129,-10.45449],[39.05305,-10.45315],[39.05288,-10.45129]]]},"properties":{"region":"Mtwara","district":"Masasi","ward":"Ndanda","ward_code":"333"}},{"type":"Feature","geometry":{"type":"Polygon","coordinates":[[[38.60208,-10.69533],[38.60211,-10.72982],[38.58176,-10.72971],[38.56284,-10.73166],[38.53444,-10.73243],[38.51998,-10.73426],[38.51048,-10.73901],[38.50019,-10.74103],[38.49982,-10.73988],[38.4976,-10.73954],[38.49562,-10.73763],[38.4922,-10.7393],[38.49024,-10.73903],[38.48838,-10.73545],[38.48546,-10.73669],[38.48528,-10.73546],[38.4837,-10.73503],[38.48055,-10.73654],[38.4786,-10.73454],[38.47582,-10.73441],[38.47398,-10.73318],[38.47399,-10.73211],[38.46945,-10.73209],[38.46857,-10.7304],[38.46672,-10.73072],[38.46661,-10.72864],[38.46145,-10.72868],[38.45897,-10.72608],[38.45685,-10.72768],[38.4537,-10.72783],[38.45035,-10.72949],[38.44799,-10.72829],[38.45012,-10.72723],[38.44461,-10.72403],[38.44118,-10.72061],[38.44124,-10.71879],[38.43955,-10.71775],[38.43977,-10.715],[38.43717,-10.71285],[38.43784,-10.71113],[38.43303,-10.70686],[38.43282,-10.7051],[38.42714,-10.70297],[38.42615,-10.70022],[38.42404,-10.69907],[38.42301,-10.69687],[38.42522,-10.64132],[38.42525,-10.60656],[38.42287,-10.58373],[38.47775,-10.5361],[38.48904,-10.53618],[38.50754,-10.57195],[38.53937,-10.59033],[38.58311,-10.60603],[38.58801,-10.60702],[38.59036,-10.60877],[38.59573,-10.61528],[38.60471,-10.6325],[38.60788,-10.63641],[38.61307,-10.63993],[38.61267,-10.64991],[38.60429,-10.68307],[38.60208,-10.69533]]]},"properties":{"region":"Mtwara","district":"Masasi","ward":"Namatutwe","ward_code":"011"}},{"type":"Feature","geometry":{"type":"Polygon","coordinates":[[[38.6133,-10.70014],[38.63053,-10.70314],[38.63804,-10.70359],[38.6422,-10.7028],[38.65006,-10.70484],[38.67005,-10.70757],[38.67523,-10.713],[38.67564,-10.71534],[38.67397,-10.72243],[38.67333,-10.73116],[38.67375,-10.74994],[38.66021,-10.76039],[38.6561,-10.76466],[38.65498,-10.76729],[38.6528,-10.77825],[38.65266,-10.78375],[38.65349,-10.79074],[38.65528,-10.79549],[38.65468,-10.79812],[38.63933,-10.79944],[38.63319,-10.80095],[38.60995,-10.80223],[38.60208,-10.80451],[38.59818,-10.80443],[38.59372,-10.80305],[38.57855,-10.79235],[38.56845,-10.78893],[38.55648,-10.78797],[38.55618,-10.78474],[38.55855,-10.77539],[38.56439,-10.77128],[38.56698,-10.76718],[38.57132,-10.76384],[38.57284,-10.76073],[38.5727,-10.7558],[38.56933,-10.74656],[38.57022,-10.73679],[38.57157,-10.7356],[38.57758,-10.73439],[38.57886,-10.72989],[38.60257,-10.72973],[38.60261,-10.70043],[38.6133,-10.70014]]]},"properties":{"region":"Mtwara","district":"Masasi","ward":"Namajani","ward_code":"021"}},{"type":"Feature","geometry":{"type":"Polygon","coordinates":[[[38.68286,-10.63754],[38.68714,-10.63978],[38.68863,-10.64473],[38.68767,-10.65481],[38.68829,-10.66397],[38.68673,-10.67904],[38.6882,-10.69508],[38.69143,-10.70813],[38.69987,-10.73087],[38.70317,-10.74607],[38.70407,-10.74878],[38.70596,-10.75021],[38.70372,-10.75042],[38.68539,-10.76379],[38.68073,-10.78459],[38.67972,-10.79107],[38.68014,-10.79677],[38.67283,-10.79582],[38.65468,-10.79812],[38.65528,-10.79549],[38.65349,-10.79074],[38.65266,-10.78375],[38.6528,-10.77825],[38.65498,-10.76729],[38.6561,-10.76466],[38.66021,-10.76039],[38.67375,-10.74994],[38.67333,-10.73116],[38.67397,-10.72243],[38.67564,-10.71534],[38.67523,-10.713],[38.67005,-10.70757],[38.65006,-10.70484],[38.6422,-10.7028],[38.63804,-10.70359],[38.63053,-10.70314],[38.61616,-10.70038],[38.60261,-10.70043],[38.60208,-10.69533],[38.60429,-10.68307],[38.61267,-10.64991],[38.61307,-10.63993],[38.63022,-10.6374],[38.65435,-10.63788],[38.67525,-10.63557],[38.68286,-10.63754]]]},"properties":{"region":"Mtwara","district":"Masasi","ward":"Mlingula","ward_code":"031"}},{"type":"Feature","geometry":{"type":"Polygon","coordinates":[[[38.66667,-10.52444],[38.6686,-10.54009],[38.67139,-10.5485],[38.6717,-10.55405],[38.67051,-10.55905],[38.6657,-10.57011],[38.66518,-10.57441],[38.64324,-10.58995],[38.63912,-10.5977],[38.63856,-10.60254],[38.64694,-10.6014],[38.65143,-10.60287],[38.66572,-10.60222],[38.6712,-10.60374],[38.67926,-10.60141],[38.68675,-10.60263],[38.69195,-10.59987],[38.69976,-10.60246],[38.70465,-10.60177],[38.71195,-10.60281],[38.71534,-10.61051],[38.71707,-10.61737],[38.72675,-10.63747],[38.72956,-10.64575],[38.73168,-10.65475],[38.73159,-10.65747],[38.73012,-10.66068],[38.72554,-10.66187],[38.71604,-10.65958],[38.70851,-10.66143],[38.69868,-10.65967],[38.68805,-10.65989],[38.68863,-10.64473],[38.68714,-10.63978],[38.68155,-10.63706],[38.67525,-10.63557],[38.66511,-10.63726],[38.65087,-10.63802],[38.63022,-10.6374],[38.61454,-10.64007],[38.61172,-10.6393],[38.60788,-10.63641],[38.60471,-10.6325],[38.59573,-10.61528],[38.58801,-10.60702],[38.58311,-10.60603],[38.53937,-10.59033],[38.50754,-10.57195],[38.48904,-10.53618],[38.54576,-10.53644],[38.6211,-10.50623],[38.64099,-10.5021],[38.64841,-10.49562],[38.65999,-10.49539],[38.66285,-10.50651],[38.66337,-10.51569],[38.66667,-10.52444]]]},"properties":{"region":"Mtwara","district":"Masasi","ward":"Chiwale","ward_code":"041"}},{"type":"Feature","geometry":{"type":"Polygon","coordinates":[[[38.87017,-10.5497],[38.86791,-10.55176],[38.8663,-10.55153],[38.86494,-10.55581],[38.86371,-10.5568],[38.86473,-10.5571],[38.86077,-10.56345],[38.8548,-10.56621],[38.85141,-10.56609],[38.84793,-10.57287],[38.84532,-10.57482],[38.82763,-10.57518],[38.82584,-10.57599],[38.82524,-10.5917],[38.82378,-10.59926],[38.81476,-10.60074],[38.80714,-10.60065],[38.80122,-10.60913],[38.78052,-10.64464],[38.77487,-10.64062],[38.76451,-10.63586],[38.72092,-10.62559],[38.71195,-10.60281],[38.71403,-10.58817],[38.71542,-10.58561],[38.72115,-10.57966],[38.72744,-10.57875],[38.74031,-10.57434],[38.75412,-10.57304],[38.76428,-10.57375],[38.76759,-10.57232],[38.7695,-10.57082],[38.76858,-10.54841],[38.77151,-10.55061],[38.78329,-10.54881],[38.78733,-10.54965],[38.79304,-10.55262],[38.79978,-10.55265],[38.80202,-10.55108],[38.82207,-10.55327],[38.82403,-10.55218],[38.82614,-10.554],[38.83251,-10.55556],[38.83565,-10.55451],[38.83692,-10.55266],[38.84166,-10.55205],[38.84377,-10.54956],[38.84897,-10.54948],[38.85214,-10.55052],[38.86836,-10.54841],[38.87249,-10.54633],[38.87676,-10.54683],[38.87298,-10.54746],[38.87194,-10.54943],[38.87017,-10.5497]]]},"properties":{"region":"Mtwara","district":"Masasi","ward":"Lukuledi","ward_code":"053"}},{"type":"Feature","geometry":{"type":"Polygon","coordinates":[[[38.72317,-10.49679],[38.72383,-10.50588],[38.72674,-10.51329],[38.72875,-10.51605],[38.73205,-10.51878],[38.73368,-10.518],[38.73537,-10.52038],[38.73794,-10.5208],[38.73962,-10.51935],[38.74219,-10.51925],[38.74195,-10.52059],[38.7437,-10.52343],[38.7458,-10.52368],[38.74744,-10.52587],[38.74835,-10.53087],[38.74999,-10.53082],[38.75206,-10.53233],[38.75445,-10.53667],[38.75599,-10.53507],[38.75827,-10.53741],[38.75964,-10.5428],[38.76482,-10.54753],[38.76858,-10.54841],[38.7695,-10.57082],[38.76428,-10.57375],[38.75412,-10.57304],[38.74334,-10.57366],[38.72744,-10.57875],[38.72115,-10.57966],[38.71795,-10.58229],[38.71403,-10.58817],[38.71195,-10.60281],[38.70465,-10.60177],[38.69976,-10.60246],[38.69195,-10.59987],[38.68675,-10.60263],[38.67926,-10.60141],[38.6712,-10.60374],[38.66572,-10.60222],[38.65143,-10.60287],[38.64694,-10.6014],[38.63856,-10.60254],[38.63912,-10.5977],[38.64324,-10.58995],[38.66518,-10.57441],[38.6657,-10.57011],[38.67051,-10.55905],[38.6717,-10.55405],[38.67139,-10.5485],[38.6686,-10.54009],[38.66718,-10.53212],[38.66667,-10.52444],[38.66337,-10.51569],[38.66285,-10.50651],[38.65999,-10.49539],[38.67289,-10.49513],[38.69174,-10.49872],[38.69694,-10.48706],[38.70423,-10.47812],[38.70822,-10.47805],[38.71045,-10.47908],[38.7147,-10.48335],[38.71971,-10.49018],[38.72317,-10.49679]]]},"properties":{"region":"Mtwara","district":"Masasi","ward":"Mpanyani","ward_code":"061"}},{"type":"Feature","geometry":{"type":"Polygon","coordinates":[[[38.42525,-10.60656],[38.42522,-10.64132],[38.42301,-10.69687],[38.42404,-10.69907],[38.42615,-10.70022],[38.42714,-10.70297],[38.43282,-10.7051],[38.43303,-10.70686],[38.43784,-10.71113],[38.43717,-10.71285],[38.43977,-10.715],[38.43955,-10.71775],[38.44124,-10.71879],[38.44118,-10.72061],[38.44461,-10.72403],[38.45012,-10.72723],[38.44799,-10.72829],[38.45035,-10.72949],[38.4537,-10.72783],[38.45685,-10.72768],[38.45897,-10.72608],[38.46145,-10.72868],[38.46661,-10.72864],[38.46672,-10.73072],[38.46857,-10.7304],[38.46945,-10.73209],[38.47399,-10.73211],[38.47398,-10.73318],[38.47582,-10.73441],[38.4786,-10.73454],[38.48055,-10.73654],[38.4837,-10.73503],[38.48528,-10.73546],[38.48546,-10.73669],[38.48838,-10.73545],[38.49024,-10.73903],[38.49159,-10.7394],[38.49562,-10.73763],[38.4976,-10.73954],[38.49982,-10.73988],[38.50019,-10.74103],[38.50161,-10.74096],[38.51048,-10.73901],[38.51998,-10.73426],[38.52302,-10.73371],[38.54397,-10.7318],[38.56284,-10.73166],[38.57886,-10.72989],[38.57758,-10.73439],[38.57157,-10.7356],[38.57022,-10.73679],[38.56933,-10.74656],[38.5727,-10.7558],[38.57284,-10.76073],[38.57132,-10.76384],[38.56698,-10.76718],[38.56439,-10.77128],[38.55855,-10.77539],[38.55618,-10.78474],[38.55648,-10.78797],[38.54417,-10.78433],[38.54315,-10.78605],[38.5434,-10.7879],[38.54218,-10.78853],[38.54298,-10.78981],[38.54686,-10.79118],[38.54701,-10.79345],[38.5415,-10.79442],[38.54158,-10.79529],[38.53294,-10.79454],[38.52149,-10.78535],[38.51563,-10.77195],[38.5005,-10.77136],[38.47258,-10.78349],[38.45783,-10.78149],[38.44874,-10.77882],[38.41896,-10.75947],[38.40729,-10.75735],[38.39917,-10.75725],[38.39254,-10.75549],[38.38382,-10.74984],[38.37291,-10.74456],[38.3647,-10.73887],[38.34074,-10.72974],[38.33446,-10.7264],[38.31707,-10.72616],[38.30822,-10.72243],[38.28911,-10.71147],[38.27894,-10.70399],[38.2598,-10.67728],[38.27608,-10.6705],[38.27824,-10.64856],[38.2781,-10.61001],[38.28606,-10.60567],[38.29274,-10.60415],[38.32661,-10.60637],[38.34728,-10.60409],[38.36056,-10.60683],[38.36918,-10.60614],[38.40414,-10.59998],[38.42287,-10.58373],[38.42525,-10.60656]]]},"properties":{"region":"Mtwara","district":"Masasi","ward":"Msikisi","ward_code":"341"}},{"type":"Feature","geometry":{"type":"Polygon","coordinates":[[[38.86432,-10.55573],[38.8711,-10.56303],[38.87192,-10.56226],[38.87244,-10.56548],[38.87363,-10.56679],[38.87184,-10.5682],[38.87283,-10.57048],[38.87479,-10.57197],[38.87647,-10.57037],[38.87725,-10.57178],[38.87835,-10.57091],[38.88155,-10.57495],[38.88125,-10.58041],[38.87734,-10.58307],[38.87558,-10.58547],[38.87505,-10.591],[38.87375,-10.59368],[38.87556,-10.59775],[38.87509,-10.59987],[38.87268,-10.60161],[38.87261,-10.60375],[38.87152,-10.60451],[38.87464,-10.61102],[38.87488,-10.61257],[38.87303,-10.61752],[38.87606,-10.62678],[38.87586,-10.62998],[38.87247,-10.62864],[38.85973,-10.62682],[38.85469,-10.63258],[38.84929,-10.6305],[38.83086,-10.63102],[38.83718,-10.66239],[38.83456,-10.66845],[38.81932,-10.66938],[38.8104,-10.66795],[38.80052,-10.66447],[38.79021,-10.65674],[38.78052,-10.64464],[38.80122,-10.60913],[38.80714,-10.60065],[38.81476,-10.60074],[38.82378,-10.59926],[38.82524,-10.5917],[38.82584,-10.57599],[38.82763,-10.57518],[38.84532,-10.57482],[38.84793,-10.57287],[38.85141,-10.56609],[38.8548,-10.56621],[38.86077,-10.56345],[38.86473,-10.5571],[38.86371,-10.5568],[38.86432,-10.55573]]]},"properties":{"region":"Mtwara","district":"Masasi","ward":"Chikunja","ward_code":"353"}},{"type":"Feature","geometry":{"type":"Polygon","coordinates":[[[39.11887,-10.72501],[39.1265,-10.72986],[39.12627,-10.73243],[39.13007,-10.73906],[39.13196,-10.74791],[39.13595,-10.74895],[39.1516,-10.74869],[39.15353,-10.75098],[39.15314,-10.75393],[39.15136,-10.75419],[39.13337,-10.76744],[39.1319,-10.77171],[39.12538,-10.77683],[39.1231,-10.78606],[39.12323,-10.7915],[39.12414,-10.79249],[39.13008,-10.79559],[39.13263,-10.79859],[39.13638,-10.79922],[39.14084,-10.80371],[39.1417,-10.80625],[39.14667,-10.81071],[39.14893,-10.81132],[39.15345,-10.81066],[39.14028,-10.82198],[39.10906,-10.83954],[39.08986,-10.84449],[39.07798,-10.85179],[39.06264,-10.85596],[39.06327,-10.84948],[39.06097,-10.83047],[39.06304,-10.82597],[39.06262,-10.82247],[39.06114,-10.8207],[39.06018,-10.81384],[39.05758,-10.80934],[39.05661,-10.80422],[39.05803,-10.78357],[39.05491,-10.77071],[39.06893,-10.7721],[39.06999,-10.77168],[39.07164,-10.76808],[39.07317,-10.76799],[39.0731,-10.7669],[39.07572,-10.76826],[39.07822,-10.76794],[39.08188,-10.76386],[39.08717,-10.76367],[39.08925,-10.7612],[39.09315,-10.76067],[39.09457,-10.75756],[39.09724,-10.75633],[39.09913,-10.75663],[39.10044,-10.75477],[39.10067,-10.75216],[39.10249,-10.75135],[39.10272,-10.74713],[39.10617,-10.74439],[39.10807,-10.74051],[39.10753,-10.73861],[39.10873,-10.73479],[39.11308,-10.72964],[39.11887,-10.72501]]]},"properties":{"region":"Mtwara","district":"Masasi","ward":"Mkululu","ward_code":"121"}},{"type":"Feature","geometry":{"type":"Polygon","coordinates":[[[39.12917,-10.88732],[39.13389,-10.90079],[39.13623,-10.90315],[39.1361,-10.90642],[39.13406,-10.90955],[39.13509,-10.91134],[39.13297,-10.91509],[39.13326,-10.91821],[39.13033,-10.92207],[39.12993,-10.92424],[39.13344,-10.9261],[39.13427,-10.92825],[39.13774,-10.93003],[39.13637,-10.93571],[39.13475,-10.93757],[39.13239,-10.94485],[39.1342,-10.94799],[39.13305,-10.94829],[39.13226,-10.95114],[39.13272,-10.95403],[39.12861,-10.95555],[39.12874,-10.95732],[39.12694,-10.95697],[39.12503,-10.95802],[39.12527,-10.95926],[39.12197,-10.95919],[39.11972,-10.96061],[39.06816,-10.95716],[39.07844,-10.9429],[39.08683,-10.93317],[39.09415,-10.92057],[39.09723,-10.91178],[39.09701,-10.89571],[39.09973,-10.88914],[39.11747,-10.8902],[39.12917,-10.88732]]]},"properties":{"region":"Mtwara","district":"Masasi","ward":"Namalenga","ward_code":"183"}},{"type":"Feature","geometry":{"type":"Polygon","coordinates":[[[39.15345,-10.81066],[39.15887,-10.81506],[39.16238,-10.82681],[39.16308,-10.83249],[39.166,-10.83623],[39.17317,-10.84155],[39.18062,-10.84018],[39.18542,-10.84082],[39.1886,-10.84263],[39.17364,-10.85342],[39.14355,-10.87276],[39.13541,-10.87957],[39.12917,-10.88732],[39.11747,-10.8902],[39.09973,-10.88914],[39.10113,-10.88488],[39.10195,-10.87623],[39.09125,-10.87419],[39.08668,-10.87428],[39.07875,-10.87645],[39.07199,-10.87591],[39.06148,-10.86635],[39.06264,-10.85596],[39.07798,-10.85179],[39.08986,-10.84449],[39.10906,-10.83954],[39.14028,-10.82198],[39.15345,-10.81066]]]},"properties":{"region":"Mtwara","district":"Masasi","ward":"Lulindi","ward_code":"223"}},{"type":"Feature","geometry":{"type":"Polygon","coordinates":[[[39.10452,-10.70114],[39.11014,-10.72556],[39.11308,-10.72964],[39.10873,-10.73479],[39.10753,-10.73861],[39.10807,-10.74051],[39.10617,-10.74439],[39.10272,-10.74713],[39.10249,-10.75135],[39.10067,-10.75216],[39.09971,-10.75613],[39.09457,-10.75756],[39.09315,-10.76067],[39.08925,-10.7612],[39.08717,-10.76367],[39.08188,-10.76386],[39.07822,-10.76794],[39.07572,-10.76826],[39.0731,-10.7669],[39.07317,-10.76799],[39.07164,-10.76808],[39.06999,-10.77168],[39.06893,-10.7721],[39.05491,-10.77071],[39.05803,-10.78357],[39.05661,-10.80422],[39.05758,-10.80934],[39.05549,-10.80771],[39.0516,-10.80788],[39.04984,-10.80692],[39.03788,-10.81465],[39.03614,-10.81223],[39.03999,-10.79264],[39.03585,-10.78686],[39.02204,-10.77959],[39.01652,-10.76753],[39.01729,-10.75719],[39.01615,-10.75724],[39.0092,-10.75182],[39.00329,-10.74857],[39.00215,-10.74677],[39.00156,-10.74154],[39.00542,-10.73871],[39.00306,-10.7301],[39.0045,-10.72699],[39.00764,-10.72363],[39.00703,-10.72216],[39.0098,-10.71995],[39.00839,-10.71686],[39.00896,-10.71432],[39.01292,-10.71096],[39.02118,-10.71113],[39.02732,-10.70968],[39.0349,-10.71349],[39.03992,-10.71008],[39.04139,-10.71],[39.0676,-10.71398],[39.07895,-10.71131],[39.08616,-10.71613],[39.08994,-10.71665],[39.09265,-10.71522],[39.10452,-10.70114]]]},"properties":{"region":"Mtwara","district":"Masasi","ward":"Namwanga","ward_code":"231"}},{"type":"Feature","geometry":{"type":"Polygon","coordinates":[[[39.20329,-10.86221],[39.21192,-10.88206],[39.21535,-10.8983],[39.20816,-10.90117],[39.1877,-10.90416],[39.17749,-10.9079],[39.14348,-10.92132],[39.13955,-10.92349],[39.13488,-10.92867],[39.13344,-10.9261],[39.12993,-10.92424],[39.13033,-10.92207],[39.13326,-10.91821],[39.13297,-10.91509],[39.13509,-10.91134],[39.13406,-10.90955],[39.1361,-10.90642],[39.13623,-10.90315],[39.13389,-10.90079],[39.12917,-10.88732],[39.13541,-10.87957],[39.14355,-10.87276],[39.1774,-10.85091],[39.18405,-10.8453],[39.1886,-10.84263],[39.1943,-10.84792],[39.20329,-10.86221]]]},"properties":{"region":"Mtwara","district":"Masasi","ward":"Mitesa","ward_code":"241"}},{"type":"Feature","geometry":{"type":"Polygon","coordinates":[[[39.10414,-11.05798],[39.09151,-11.0765],[39.09046,-11.07624],[39.08892,-11.08023],[39.08756,-11.08888],[39.08882,-11.09423],[39.09775,-11.10588],[39.10402,-11.11656],[39.10999,-11.1346],[39.11315,-11.15332],[39.10636,-11.15586],[39.09439,-11.15841],[39.07046,-11.1596],[39.05445,-11.16361],[39.03199,-11.16586],[39.01333,-11.17038],[39.00456,-11.17106],[38.99746,-11.16974],[38.9979,-11.15761],[38.99718,-11.15213],[38.99283,-11.14388],[38.98272,-11.13359],[38.98172,-11.13151],[38.98295,-11.12099],[38.98675,-11.10875],[38.9853,-11.10064],[38.98553,-11.09403],[38.98272,-11.08378],[38.98462,-11.07699],[38.98418,-11.06285],[38.98853,-11.05584],[38.99699,-11.053],[39.006,-11.04847],[39.02588,-11.04158],[39.03343,-11.03687],[39.03482,-11.0327],[39.04364,-11.0237],[39.04672,-11.01373],[39.04588,-11.01101],[39.04697,-11.00805],[39.04576,-11.00424],[39.04666,-10.99983],[39.04956,-10.99312],[39.05464,-10.98962],[39.05485,-10.98761],[39.05372,-10.98534],[39.05689,-10.97904],[39.05703,-10.97582],[39.06399,-10.96296],[39.06816,-10.95716],[39.11972,-10.96061],[39.12032,-10.96569],[39.12238,-10.96774],[39.11893,-10.97729],[39.12081,-10.98381],[39.12084,-10.98729],[39.11219,-10.99985],[39.11056,-11.02596],[39.11067,-11.04057],[39.10414,-11.05798]]]},"properties":{"region":"Mtwara","district":"Masasi","ward":"Sindano","ward_code":"171"}},{"type":"Feature","geometry":{"type":"Polygon","coordinates":[[[39.22431,-10.94773],[39.23256,-10.95853],[39.22404,-10.96345],[39.21601,-10.96657],[39.19756,-10.97998],[39.20072,-11.0104],[39.20031,-11.01306],[39.20388,-11.03674],[39.20329,-11.04779],[39.20234,-11.05033],[39.20302,-11.05713],[39.20227,-11.07278],[39.19546,-11.08503],[39.19365,-11.10893],[39.19422,-11.12847],[39.19139,-11.16476],[39.1387,-11.14653],[39.12729,-11.14672],[39.11982,-11.14934],[39.11315,-11.15332],[39.10999,-11.1346],[39.10402,-11.11656],[39.09775,-11.10588],[39.08882,-11.09423],[39.08756,-11.08888],[39.08892,-11.08023],[39.09046,-11.07624],[39.09151,-11.0765],[39.10414,-11.05798],[39.11067,-11.04057],[39.11056,-11.02596],[39.11219,-10.99985],[39.12084,-10.98729],[39.12081,-10.98381],[39.11893,-10.97729],[39.12238,-10.96774],[39.12032,-10.96569],[39.11972,-10.96061],[39.12197,-10.95919],[39.12527,-10.95926],[39.12503,-10.95802],[39.12694,-10.95697],[39.12874,-10.95732],[39.12861,-10.95555],[39.13293,-10.95365],[39.13226,-10.95114],[39.13305,-10.94829],[39.1342,-10.94799],[39.13239,-10.94485],[39.13475,-10.93757],[39.13637,-10.93571],[39.13774,-10.93003],[39.13488,-10.92867],[39.13955,-10.92349],[39.14348,-10.92132],[39.17749,-10.9079],[39.1877,-10.90416],[39.20816,-10.90117],[39.21535,-10.8983],[39.22072,-10.91433],[39.2226,-10.92955],[39.22417,-10.93345],[39.22362,-10.94421],[39.22431,-10.94773]]]},"properties":{"region":"Mtwara","district":"Masasi","ward":"Mchauru","ward_code":"191"}},{"type":"Feature","geometry":{"type":"Polygon","coordinates":[[[39.27737,-11.04181],[39.28039,-11.0547],[39.27908,-11.0702],[39.28041,-11.08243],[39.28965,-11.09258],[39.29409,-11.09852],[39.29503,-11.10187],[39.31113,-11.11927],[39.31829,-11.13149],[39.31092,-11.13833],[39.28222,-11.15347],[39.26035,-11.16787],[39.25623,-11.1694],[39.2532,-11.17316],[39.23967,-11.17869],[39.2236,-11.17419],[39.2072,-11.17195],[39.1965,-11.16586],[39.19139,-11.16476],[39.19422,-11.12847],[39.19365,-11.10893],[39.19546,-11.08503],[39.20227,-11.07278],[39.20302,-11.05713],[39.20234,-11.05033],[39.20329,-11.04779],[39.22953,-11.04517],[39.23087,-11.04217],[39.27737,-11.04181]]]},"properties":{"region":"Mtwara","district":"Masasi","ward":"Mnavira","ward_code":"201"}},{"type":"Feature","geometry":{"type":"Polygon","coordinates":[[[39.30331,-11.01005],[39.31542,-11.01181],[39.31783,-11.01524],[39.31946,-11.01548],[39.32042,-11.02346],[39.32219,-11.02404],[39.32363,-11.02644],[39.32832,-11.02799],[39.32996,-11.02739],[39.33227,-11.02831],[39.33626,-11.02805],[39.35586,-11.05253],[39.36467,-11.06039],[39.37905,-11.07864],[39.37577,-11.08199],[39.36545,-11.08817],[39.3678,-11.0908],[39.36302,-11.09476],[39.35928,-11.09196],[39.35492,-11.09603],[39.35466,-11.10007],[39.35072,-11.10328],[39.34569,-11.0999],[39.34183,-11.10378],[39.34242,-11.10885],[39.33881,-11.11198],[39.33361,-11.11091],[39.33102,-11.11419],[39.33199,-11.11793],[39.32557,-11.12549],[39.32489,-11.12798],[39.32058,-11.12929],[39.31829,-11.13149],[39.31113,-11.11927],[39.29503,-11.10187],[39.29409,-11.09852],[39.28965,-11.09258],[39.28041,-11.08243],[39.27908,-11.0702],[39.28039,-11.0547],[39.27839,-11.04855],[39.27509,-11.02689],[39.28509,-11.0261],[39.29462,-11.01829],[39.29994,-11.00806],[39.30178,-11.00831],[39.30331,-11.01005]]]},"properties":{"region":"Mtwara","district":"Masasi","ward":"Chikoropola","ward_code":"211"}},{"type":"Feature","geometry":{"type":"Polygon","coordinates":[[[39.24502,-10.96929],[39.24751,-10.96944],[39.25432,-10.97323],[39.25558,-10.98601],[39.25791,-10.99152],[39.26099,-10.99261],[39.27449,-10.99023],[39.27765,-10.9929],[39.27877,-10.99606],[39.2785,-10.99864],[39.27029,-11.00972],[39.26744,-11.01642],[39.26607,-11.0175],[39.26734,-11.01976],[39.27509,-11.02689],[39.27737,-11.04181],[39.23087,-11.04217],[39.22953,-11.04517],[39.20329,-11.04779],[39.20388,-11.03674],[39.20031,-11.01306],[39.20072,-11.0104],[39.19756,-10.97998],[39.21601,-10.96657],[39.22404,-10.96345],[39.23256,-10.95853],[39.23835,-10.96481],[39.24502,-10.96929]]]},"properties":{"region":"Mtwara","district":"Masasi","ward":"Makong'onda","ward_code":"251"}},{"type":"Feature","geometry":{"type":"Polygon","coordinates":[[[39.01269,-10.83014],[39.01189,-10.84365],[39.00399,-10.8403],[38.99102,-10.84047],[38.96721,-10.83716],[38.96418,-10.83743],[38.9507,-10.84534],[38.93105,-10.86287],[38.92613,-10.86366],[38.91959,-10.86261],[38.92361,-10.85806],[38.92898,-10.84917],[38.94092,-10.83641],[38.94283,-10.82887],[38.95398,-10.82268],[38.96379,-10.80866],[38.96393,-10.79835],[38.96012,-10.79461],[38.95553,-10.785],[38.95526,-10.77815],[38.95802,-10.77466],[38.95874,-10.76839],[38.96011,-10.76617],[38.95565,-10.75792],[38.95736,-10.75418],[38.95723,-10.75004],[38.99468,-10.7503],[38.99583,-10.75497],[38.99618,-10.76586],[38.99384,-10.77336],[38.99496,-10.77899],[38.98679,-10.80305],[38.99606,-10.82292],[39.01269,-10.83014]]]},"properties":{"region":"Mtwara","district":"Masasi","ward":"Nanjota","ward_code":"131"}},{"type":"Feature","geometry":{"type":"Polygon","coordinates":[[[39.01879,-10.84711],[39.01491,-10.9075],[39.01009,-10.91801],[39.01166,-10.93058],[39.00944,-10.93403],[39.013,-10.93878],[39.00307,-10.9627],[38.98343,-10.98222],[38.97858,-10.981],[38.97644,-10.97886],[38.9742,-10.98059],[38.97236,-10.98054],[38.97037,-10.97814],[38.96502,-10.97826],[38.96108,-10.97552],[38.95785,-10.97592],[38.95213,-10.97342],[38.94963,-10.97115],[38.94184,-10.96934],[38.94117,-10.9671],[38.9361,-10.96589],[38.93477,-10.96329],[38.93707,-10.95918],[38.93743,-10.9561],[38.9342,-10.95065],[38.93016,-10.93646],[38.94066,-10.93251],[38.96159,-10.92839],[38.96286,-10.9268],[38.96037,-10.91307],[38.96078,-10.91126],[38.97252,-10.91085],[38.97388,-10.90512],[38.96767,-10.9052],[38.96058,-10.90175],[38.95655,-10.89484],[38.96087,-10.89426],[38.96369,-10.89273],[38.96008,-10.88756],[38.96031,-10.87832],[38.96148,-10.87232],[38.96641,-10.86589],[38.97883,-10.87179],[38.98044,-10.87971],[38.98865,-10.86308],[38.99122,-10.84879],[38.99373,-10.84043],[39.00399,-10.8403],[39.01879,-10.84711]]]},"properties":{"region":"Mtwara","district":"Masasi","ward":"Chiungutwa","ward_code":"143"}},{"type":"Feature","geometry":{"type":"Polygon","coordinates":[[[39.06097,-10.83047],[39.06327,-10.84948],[39.06148,-10.86635],[39.07199,-10.87591],[39.07875,-10.87645],[39.08668,-10.87428],[39.09125,-10.87419],[39.10195,-10.87623],[39.10086,-10.8862],[39.09682,-10.89677],[39.0975,-10.90915],[39.09601,-10.91631],[39.08683,-10.93317],[39.07844,-10.9429],[39.06399,-10.96296],[39.0588,-10.97196],[39.05703,-10.97582],[39.05689,-10.97904],[39.05372,-10.98534],[39.05488,-10.98907],[39.04956,-10.99312],[39.04576,-11.00273],[39.04697,-11.00805],[39.04588,-11.01101],[39.04672,-11.01373],[39.04425,-11.02231],[39.04231,-11.02551],[39.03482,-11.0327],[39.03343,-11.03687],[39.02588,-11.04158],[39.006,-11.04847],[38.99699,-11.053],[38.98853,-11.05584],[38.9934,-11.04839],[38.99159,-11.03969],[38.99577,-11.03511],[38.99668,-11.03276],[38.997,-11.02344],[38.99829,-11.01999],[39.00306,-11.01331],[39.00313,-11.00829],[38.99684,-10.99226],[38.99466,-10.99055],[38.99171,-10.9904],[38.98677,-10.99336],[38.98429,-10.98882],[38.98534,-10.98434],[38.98343,-10.98222],[39.00307,-10.9627],[39.013,-10.93878],[39.00944,-10.93403],[39.01166,-10.93058],[39.01009,-10.91801],[39.01491,-10.9075],[39.01801,-10.85927],[39.02986,-10.85193],[39.03857,-10.84132],[39.04977,-10.83806],[39.06097,-10.83047]]]},"properties":{"region":"Mtwara","district":"Masasi","ward":"Mbuyuni","ward_code":"151"}},{"type":"Feature","geometry":{"type":"Polygon","coordinates":[[[38.86217,-10.9182],[38.86733,-10.92081],[38.87138,-10.92064],[38.87641,-10.92788],[38.88008,-10.93071],[38.88326,-10.9376],[38.88483,-10.94374],[38.88823,-10.94797],[38.88756,-10.95069],[38.88836,-10.96946],[38.8909,-10.98021],[38.8964,-10.99728],[38.90419,-11.01707],[38.90687,-11.02746],[38.90371,-11.03192],[38.89709,-11.0474],[38.89218,-11.05417],[38.88896,-11.05597],[38.87797,-11.06743],[38.87646,-11.07432],[38.87287,-11.07751],[38.86809,-11.08513],[38.85698,-11.09794],[38.8498,-11.11367],[38.8421,-11.12468],[38.8347,-11.121],[38.82819,-11.12049],[38.82359,-11.12226],[38.81963,-11.12246],[38.814,-11.11581],[38.81076,-11.11456],[38.80967,-11.11158],[38.80561,-11.10798],[38.8035,-11.10405],[38.79914,-11.10278],[38.7954,-11.10346],[38.79287,-11.10225],[38.79034,-11.09886],[38.78941,-11.09323],[38.77533,-11.08588],[38.76837,-11.08627],[38.76469,-11.08504],[38.76246,-11.08288],[38.76499,-11.0788],[38.76287,-11.07342],[38.76029,-11.06973],[38.75551,-11.06677],[38.7546,-11.06421],[38.75035,-11.06019],[38.74424,-11.06293],[38.73576,-11.06363],[38.73339,-11.05591],[38.73368,-11.0431],[38.74024,-11.01689],[38.74284,-11.01147],[38.74732,-11.00589],[38.75103,-11.0048],[38.75252,-11.00283],[38.75616,-11.00123],[38.76766,-10.9915],[38.79527,-10.97488],[38.80227,-10.97017],[38.80365,-10.96821],[38.80726,-10.96658],[38.81941,-10.96426],[38.82987,-10.95814],[38.83693,-10.95068],[38.84551,-10.9472],[38.84847,-10.94179],[38.84698,-10.93929],[38.84929,-10.93567],[38.85376,-10.93299],[38.85485,-10.93046],[38.8604,-10.92767],[38.85889,-10.9245],[38.85975,-10.92303],[38.85901,-10.92154],[38.86016,-10.91993],[38.86244,-10.91962],[38.86217,-10.9182]]]},"properties":{"region":"Mtwara","district":"Masasi","ward":"Lipumburu","ward_code":"161"}},{"type":"Feature","geometry":{"type":"Polygon","coordinates":[[[38.96418,-10.83743],[38.99373,-10.84043],[38.99122,-10.84879],[38.98865,-10.86308],[38.98044,-10.87971],[38.97883,-10.87179],[38.96836,-10.86636],[38.96641,-10.86589],[38.96148,-10.87232],[38.95986,-10.8865],[38.96369,-10.89273],[38.96087,-10.89426],[38.95655,-10.89484],[38.96058,-10.90175],[38.96767,-10.9052],[38.97388,-10.90512],[38.97252,-10.91085],[38.96078,-10.91126],[38.96255,-10.9278],[38.94066,-10.93251],[38.93016,-10.93646],[38.92835,-10.93279],[38.92791,-10.92766],[38.92537,-10.92403],[38.9186,-10.92035],[38.91262,-10.91986],[38.90929,-10.91708],[38.90621,-10.91962],[38.90222,-10.92059],[38.89141,-10.91569],[38.88996,-10.91267],[38.88887,-10.91267],[38.87787,-10.91914],[38.87334,-10.92065],[38.86553,-10.92047],[38.86217,-10.9182],[38.86268,-10.91751],[38.86358,-10.91857],[38.8652,-10.91685],[38.86648,-10.91715],[38.86836,-10.91563],[38.86903,-10.91422],[38.86833,-10.91306],[38.87141,-10.9108],[38.87168,-10.90899],[38.874,-10.90742],[38.87447,-10.9054],[38.87589,-10.90505],[38.87627,-10.90346],[38.87524,-10.9027],[38.87633,-10.90192],[38.87585,-10.90141],[38.87837,-10.8988],[38.87812,-10.89747],[38.88063,-10.8954],[38.87705,-10.89328],[38.87711,-10.89254],[38.87877,-10.89227],[38.87716,-10.88767],[38.88066,-10.88543],[38.88031,-10.88324],[38.88256,-10.88197],[38.88198,-10.88057],[38.88396,-10.88099],[38.88514,-10.88022],[38.88362,-10.87708],[38.88225,-10.87626],[38.88347,-10.87551],[38.88269,-10.87181],[38.8855,-10.8694],[38.88418,-10.86751],[38.88658,-10.86606],[38.88599,-10.86506],[38.88946,-10.8646],[38.8891,-10.86052],[38.90094,-10.85925],[38.92613,-10.86366],[38.93105,-10.86287],[38.9507,-10.84534],[38.96418,-10.83743]]]},"properties":{"region":"Mtwara","district":"Masasi","ward":"Mpeta","ward_code":"263"}},{"type":"Feature","geometry":{"type":"Polygon","coordinates":[[[38.89141,-10.91569],[38.90222,-10.92059],[38.90621,-10.91962],[38.90929,-10.91708],[38.91262,-10.91986],[38.9186,-10.92035],[38.92537,-10.92403],[38.92791,-10.92766],[38.92835,-10.93279],[38.9313,-10.93905],[38.9342,-10.95065],[38.93743,-10.9561],[38.93707,-10.95918],[38.93477,-10.96329],[38.9361,-10.96589],[38.94117,-10.9671],[38.94184,-10.96934],[38.94963,-10.97115],[38.95213,-10.97342],[38.95785,-10.97592],[38.96108,-10.97552],[38.96502,-10.97826],[38.97037,-10.97814],[38.97236,-10.98054],[38.9742,-10.98059],[38.97644,-10.97886],[38.97858,-10.981],[38.98279,-10.98184],[38.98534,-10.98434],[38.98429,-10.98882],[38.98603,-10.99272],[38.98769,-10.99307],[38.99171,-10.9904],[38.99566,-10.99113],[38.9977,-10.99385],[39.00241,-11.00495],[39.00306,-11.01331],[38.9976,-11.02139],[38.99704,-11.03155],[38.99577,-11.03511],[38.99159,-11.03969],[38.9934,-11.04839],[38.98418,-11.06285],[38.98462,-11.07699],[38.98272,-11.08378],[38.98553,-11.09403],[38.9853,-11.10064],[38.98675,-11.10875],[38.98295,-11.12099],[38.98172,-11.13151],[38.98272,-11.13359],[38.99283,-11.14388],[38.99718,-11.15213],[38.9979,-11.15761],[38.99742,-11.16983],[38.99835,-11.17359],[38.99237,-11.1705],[38.98579,-11.16849],[38.98125,-11.16974],[38.97836,-11.17197],[38.97358,-11.17374],[38.96469,-11.17631],[38.96053,-11.17526],[38.95444,-11.17204],[38.95071,-11.1717],[38.94982,-11.17359],[38.94581,-11.17514],[38.94108,-11.1745],[38.93777,-11.17291],[38.93561,-11.16989],[38.93233,-11.17318],[38.92952,-11.17431],[38.92764,-11.17053],[38.92548,-11.16921],[38.92301,-11.16981],[38.92016,-11.16902],[38.91674,-11.1658],[38.90357,-11.16883],[38.89686,-11.17242],[38.89359,-11.17212],[38.88019,-11.17452],[38.87004,-11.16828],[38.86869,-11.16561],[38.86724,-11.15709],[38.86475,-11.15404],[38.85979,-11.15123],[38.85628,-11.15129],[38.85542,-11.15043],[38.8588,-11.14787],[38.85926,-11.14644],[38.85578,-11.14068],[38.8539,-11.13934],[38.85076,-11.13983],[38.84877,-11.13874],[38.84686,-11.12712],[38.8421,-11.12468],[38.8498,-11.11367],[38.85698,-11.09794],[38.86809,-11.08513],[38.87287,-11.07751],[38.87646,-11.07432],[38.87797,-11.06743],[38.88896,-11.05597],[38.89218,-11.05417],[38.89709,-11.0474],[38.90371,-11.03192],[38.90687,-11.02746],[38.90419,-11.01707],[38.8964,-10.99728],[38.8909,-10.98021],[38.88836,-10.96946],[38.88756,-10.95069],[38.88823,-10.94797],[38.88483,-10.94374],[38.88063,-10.93143],[38.87641,-10.92788],[38.87138,-10.92064],[38.87787,-10.91914],[38.88887,-10.91267],[38.88996,-10.91267],[38.89141,-10.91569]]]},"properties":{"region":"Mtwara","district":"Masasi","ward":"Lupaso","ward_code":"271"}},{"type":"Feature","geometry":{"type":"Polygon","coordinates":[[[39.00329,-10.74857],[39.0092,-10.75182],[39.01615,-10.75724],[39.01729,-10.75719],[39.01652,-10.76753],[39.02204,-10.77959],[39.03585,-10.78686],[39.03999,-10.79264],[39.03614,-10.81223],[39.03788,-10.81465],[39.04984,-10.80692],[39.0516,-10.80788],[39.05549,-10.80771],[39.05758,-10.80934],[39.06018,-10.81384],[39.06114,-10.8207],[39.06262,-10.82247],[39.06304,-10.82597],[39.06097,-10.83047],[39.04977,-10.83806],[39.03857,-10.84132],[39.02986,-10.85193],[39.01801,-10.85927],[39.01879,-10.84711],[39.01189,-10.84365],[39.01269,-10.83014],[38.99606,-10.82292],[38.98679,-10.80305],[38.99496,-10.77899],[38.99384,-10.77336],[38.99618,-10.76586],[38.99583,-10.75497],[38.99468,-10.7503],[38.99606,-10.74901],[38.99769,-10.74964],[39.00041,-10.74639],[38.99991,-10.74464],[39.00156,-10.74154],[39.00215,-10.74677],[39.00329,-10.74857]]]},"properties":{"region":"Mtwara","district":"Masasi","ward":"Mijelejele","ward_code":"281"}},{"type":"Feature","geometry":{"type":"Polygon","coordinates":[[[38.76629,-10.70866],[38.77055,-10.71696],[38.77611,-10.72087],[38.78129,-10.72828],[38.7802,-10.73219],[38.78336,-10.75474],[38.78657,-10.76015],[38.78922,-10.76227],[38.78259,-10.76699],[38.7755,-10.76719],[38.76928,-10.76484],[38.76132,-10.7654],[38.75805,-10.76727],[38.73063,-10.75391],[38.71836,-10.75173],[38.71425,-10.74996],[38.70596,-10.75021],[38.70407,-10.74878],[38.69987,-10.73087],[38.69143,-10.70813],[38.71715,-10.71166],[38.72263,-10.71141],[38.73054,-10.70851],[38.74672,-10.70933],[38.7506,-10.71193],[38.75152,-10.70879],[38.75478,-10.70619],[38.76246,-10.7046],[38.76629,-10.70866]]]},"properties":{"region":"Mtwara","district":"Masasi","ward":"Mwenge Mtapika","ward_code":"013"}},{"type":"Feature","geometry":{"type":"Polygon","coordinates":[[[38.79021,-10.65674],[38.80052,-10.66447],[38.80586,-10.66653],[38.81932,-10.66938],[38.80827,-10.68945],[38.80823,-10.69933],[38.78883,-10.70118],[38.782,-10.71042],[38.78143,-10.7128],[38.78342,-10.72403],[38.78129,-10.72828],[38.77611,-10.72087],[38.77055,-10.71696],[38.76629,-10.70866],[38.76246,-10.7046],[38.75478,-10.70619],[38.75152,-10.70879],[38.7506,-10.71193],[38.74672,-10.70933],[38.73054,-10.70851],[38.72263,-10.71141],[38.71715,-10.71166],[38.69143,-10.70813],[38.68744,-10.6909],[38.68673,-10.67904],[38.68805,-10.65989],[38.69868,-10.65967],[38.70851,-10.66143],[38.71604,-10.65958],[38.72554,-10.66187],[38.73012,-10.66068],[38.73159,-10.65747],[38.72956,-10.64575],[38.72675,-10.63747],[38.72092,-10.62559],[38.7576,-10.63387],[38.77126,-10.63871],[38.78052,-10.64464],[38.79021,-10.65674]]]},"properties":{"region":"Mtwara","district":"Masasi","ward":"Temeke","ward_code":"023"}},{"type":"Feature","geometry":{"type":"Polygon","coordinates":[[[38.81983,-10.71958],[38.8238,-10.72347],[38.82818,-10.72252],[38.83227,-10.72304],[38.8323,-10.72772],[38.84553,-10.73147],[38.86388,-10.73824],[38.85666,-10.74769],[38.84435,-10.7576],[38.82775,-10.74072],[38.8271,-10.7394],[38.82832,-10.73724],[38.82529,-10.73444],[38.81622,-10.73406],[38.81063,-10.72861],[38.80953,-10.7285],[38.8112,-10.72768],[38.81071,-10.7249],[38.81983,-10.71958]]]},"properties":{"region":"Mtwara","district":"Masasi","ward":"Mkuti","ward_code":"032"}},{"type":"Feature","geometry":{"type":"Polygon","coordinates":[[[38.80837,-10.73394],[38.81768,-10.74092],[38.81593,-10.74392],[38.82492,-10.77106],[38.80902,-10.76977],[38.8009,-10.77152],[38.79828,-10.77097],[38.79487,-10.76538],[38.79061,-10.76395],[38.78657,-10.76015],[38.78336,-10.75474],[38.78255,-10.74875],[38.78881,-10.74523],[38.79531,-10.73984],[38.79745,-10.7367],[38.79893,-10.73595],[38.80232,-10.73664],[38.80837,-10.73394]]]},"properties":{"region":"Mtwara","district":"Masasi","ward":"Nyasa","ward_code":"052"}},{"type":"Feature","geometry":{"type":"Polygon","coordinates":[[[38.89099,-10.79873],[38.89232,-10.80072],[38.89152,-10.80266],[38.89283,-10.804],[38.89138,-10.80677],[38.89245,-10.80983],[38.89525,-10.81155],[38.89602,-10.81438],[38.90114,-10.81698],[38.90442,-10.82276],[38.90358,-10.82528],[38.90035,-10.82915],[38.89642,-10.82908],[38.8962,-10.831],[38.89494,-10.83145],[38.89558,-10.83758],[38.88976,-10.84147],[38.89137,-10.84709],[38.89401,-10.84823],[38.89341,-10.85016],[38.89625,-10.85565],[38.89548,-10.85964],[38.88794,-10.8607],[38.88835,-10.85726],[38.88729,-10.85574],[38.88558,-10.85629],[38.88226,-10.85448],[38.88155,-10.85502],[38.87998,-10.85393],[38.87591,-10.85346],[38.87431,-10.85094],[38.87574,-10.84809],[38.87458,-10.84615],[38.87485,-10.84482],[38.87064,-10.84428],[38.86941,-10.84173],[38.86962,-10.83938],[38.86708,-10.83838],[38.86765,-10.83633],[38.867,-10.83476],[38.86398,-10.83349],[38.85986,-10.82476],[38.85604,-10.82251],[38.85245,-10.82307],[38.85115,-10.82188],[38.85039,-10.81954],[38.85088,-10.81689],[38.85601,-10.81133],[38.849,-10.80501],[38.84779,-10.7995],[38.83885,-10.79847],[38.83926,-10.79312],[38.83791,-10.7842],[38.83281,-10.77716],[38.83338,-10.77565],[38.83261,-10.77265],[38.84257,-10.7592],[38.85447,-10.74981],[38.86065,-10.74307],[38.86388,-10.73824],[38.86943,-10.72343],[38.87242,-10.71906],[38.87889,-10.71284],[38.89229,-10.70682],[38.89983,-10.71192],[38.91012,-10.72405],[38.91288,-10.72543],[38.91869,-10.73686],[38.91895,-10.74587],[38.9181,-10.7498],[38.9139,-10.75547],[38.90707,-10.77337],[38.90644,-10.78313],[38.8952,-10.7842],[38.88483,-10.78652],[38.88876,-10.79039],[38.89099,-10.79873]]]},"properties":{"region":"Mtwara","district":"Masasi","ward":"Marika","ward_code":"063"}},{"type":"Feature","geometry":{"type":"Polygon","coordinates":[[[38.78524,-10.72332],[38.7942,-10.72446],[38.79918,-10.72635],[38.79933,-10.72723],[38.80385,-10.72952],[38.80149,-10.73286],[38.79947,-10.73407],[38.80116,-10.73596],[38.79745,-10.7367],[38.79531,-10.73984],[38.78881,-10.74523],[38.78256,-10.74875],[38.7802,-10.73219],[38.78342,-10.72403],[38.78524,-10.72332]]]},"properties":{"region":"Mtwara","district":"Masasi","ward":"Mkomaindo","ward_code":"072"}},{"type":"Feature","geometry":{"type":"Polygon","coordinates":[[[38.81932,-10.66938],[38.84111,-10.66873],[38.84345,-10.67035],[38.84746,-10.66892],[38.84919,-10.67234],[38.85763,-10.68076],[38.85675,-10.68992],[38.85824,-10.70394],[38.86834,-10.7267],[38.86388,-10.73824],[38.84553,-10.73147],[38.8323,-10.72772],[38.83227,-10.72304],[38.83104,-10.72279],[38.8285,-10.71417],[38.82555,-10.71166],[38.82537,-10.71037],[38.82173,-10.70827],[38.81223,-10.68306],[38.81371,-10.67874],[38.81932,-10.66938]]]},"properties":{"region":"Mtwara","district":"Masasi","ward":"Mtandi","ward_code":"082"}},{"type":"Feature","geometry":{"type":"Polygon","coordinates":[[[38.8285,-10.71417],[38.83104,-10.72279],[38.8238,-10.72347],[38.81983,-10.71958],[38.81025,-10.72514],[38.80895,-10.72138],[38.81008,-10.71892],[38.80823,-10.69933],[38.80827,-10.68945],[38.81021,-10.68487],[38.81223,-10.68306],[38.82173,-10.70827],[38.82537,-10.71037],[38.82555,-10.71166],[38.8285,-10.71417]]]},"properties":{"region":"Mtwara","district":"Masasi","ward":"Jida","ward_code":"092"}},{"type":"Feature","geometry":{"type":"Polygon","coordinates":[[[38.80823,-10.69933],[38.81008,-10.71892],[38.80895,-10.72138],[38.8112,-10.72768],[38.80953,-10.7285],[38.80638,-10.72735],[38.80385,-10.72952],[38.79933,-10.72723],[38.79918,-10.72635],[38.79366,-10.72427],[38.78524,-10.72332],[38.78342,-10.72403],[38.78143,-10.7128],[38.782,-10.71042],[38.78883,-10.70118],[38.80823,-10.69933]]]},"properties":{"region":"Mtwara","district":"Masasi","ward":"Migongo","ward_code":"102"}},{"type":"Feature","geometry":{"type":"Polygon","coordinates":[[[38.71425,-10.74996],[38.71836,-10.75173],[38.73063,-10.75391],[38.75217,-10.76404],[38.75574,-10.76662],[38.75638,-10.76811],[38.75631,-10.77334],[38.75486,-10.7779],[38.74645,-10.79071],[38.74581,-10.79308],[38.74338,-10.82848],[38.73781,-10.82449],[38.73168,-10.81288],[38.72436,-10.80488],[38.71621,-10.81579],[38.70861,-10.81736],[38.68263,-10.81703],[38.66527,-10.81504],[38.65796,-10.81087],[38.65468,-10.79812],[38.67283,-10.79582],[38.68014,-10.79677],[38.67972,-10.79107],[38.68073,-10.78459],[38.68539,-10.76379],[38.70372,-10.75042],[38.71425,-10.74996]]]},"properties":{"region":"Mtwara","district":"Masasi","ward":"Sululu","ward_code":"113"}},{"type":"Feature","geometry":{"type":"Polygon","coordinates":[[[38.85973,-10.62682],[38.87247,-10.62864],[38.87536,-10.62994],[38.87772,-10.62945],[38.88922,-10.63326],[38.90674,-10.66241],[38.91069,-10.70172],[38.91012,-10.72405],[38.89983,-10.71192],[38.89229,-10.70682],[38.87889,-10.71284],[38.87242,-10.71906],[38.86834,-10.7267],[38.85824,-10.70394],[38.85675,-10.68992],[38.85763,-10.68076],[38.84919,-10.67234],[38.84746,-10.66892],[38.84345,-10.67035],[38.84111,-10.66873],[38.83456,-10.66845],[38.83718,-10.66239],[38.83086,-10.63102],[38.84929,-10.6305],[38.85162,-10.6309],[38.85374,-10.63269],[38.85973,-10.62682]]]},"properties":{"region":"Mtwara","district":"Masasi","ward":"Chanikanguo","ward_code":"122"}},{"type":"Feature","geometry":{"type":"Polygon","coordinates":[[[38.80638,-10.72735],[38.81063,-10.72861],[38.81622,-10.73406],[38.82529,-10.73444],[38.82832,-10.73724],[38.8271,-10.7394],[38.82775,-10.74072],[38.84435,-10.7576],[38.84084,-10.76104],[38.83261,-10.77265],[38.82888,-10.7738],[38.82492,-10.77106],[38.81593,-10.74392],[38.81768,-10.74092],[38.80837,-10.73394],[38.802,-10.73669],[38.79947,-10.73407],[38.80149,-10.73286],[38.80506,-10.7282],[38.80638,-10.72735]]]},"properties":{"region":"Mtwara","district":"Masasi","ward":"Napupa","ward_code":"132"}},{"type":"Feature","geometry":{"type":"Polygon","coordinates":[[[38.91863,-10.74173],[38.94527,-10.74978],[38.95723,-10.75004],[38.95736,-10.75418],[38.95565,-10.75792],[38.96011,-10.76617],[38.95874,-10.76839],[38.95802,-10.77466],[38.95526,-10.77815],[38.95553,-10.785],[38.96012,-10.79461],[38.96393,-10.79835],[38.96379,-10.80866],[38.95398,-10.82268],[38.94283,-10.82887],[38.94092,-10.83641],[38.92898,-10.84917],[38.92361,-10.85806],[38.91959,-10.86261],[38.90468,-10.85966],[38.89548,-10.85964],[38.89625,-10.85565],[38.89341,-10.85016],[38.89401,-10.84823],[38.89137,-10.84709],[38.88976,-10.84147],[38.89558,-10.83758],[38.89494,-10.83145],[38.8962,-10.831],[38.89642,-10.82908],[38.90035,-10.82915],[38.90358,-10.82528],[38.90442,-10.82276],[38.90114,-10.81698],[38.89602,-10.81438],[38.89525,-10.81155],[38.89245,-10.80983],[38.89138,-10.80677],[38.89283,-10.804],[38.89146,-10.80233],[38.89232,-10.80072],[38.89115,-10.79942],[38.88876,-10.79039],[38.88483,-10.78652],[38.8952,-10.7842],[38.90644,-10.78313],[38.90707,-10.77337],[38.9139,-10.75547],[38.9181,-10.7498],[38.91863,-10.74173]]]},"properties":{"region":"Mtwara","district":"Masasi","ward":"Mumbaka","ward_code":"143"}},{"type":"Feature","geometry":{"type":"Polygon","coordinates":[[[38.79568,-10.7664],[38.79828,-10.77097],[38.8009,-10.77152],[38.80902,-10.76977],[38.81313,-10.77057],[38.81748,-10.77004],[38.82492,-10.77106],[38.82888,-10.7738],[38.83261,-10.77265],[38.83338,-10.77565],[38.83281,-10.77716],[38.83791,-10.7842],[38.83926,-10.79312],[38.83885,-10.79847],[38.84779,-10.7995],[38.849,-10.80501],[38.85601,-10.81133],[38.85088,-10.81689],[38.85055,-10.82086],[38.85245,-10.82307],[38.8352,-10.83336],[38.8223,-10.8381],[38.80616,-10.84663],[38.78672,-10.85214],[38.77315,-10.86025],[38.75786,-10.86645],[38.75052,-10.87259],[38.74936,-10.88366],[38.74805,-10.88008],[38.74365,-10.87694],[38.74349,-10.86664],[38.74714,-10.85768],[38.74942,-10.85498],[38.74983,-10.85175],[38.75315,-10.84809],[38.75969,-10.84365],[38.75966,-10.83871],[38.75621,-10.83471],[38.75108,-10.83225],[38.74616,-10.83122],[38.74338,-10.82848],[38.74325,-10.82695],[38.74581,-10.79308],[38.74645,-10.79071],[38.75486,-10.7779],[38.75659,-10.77034],[38.75574,-10.76662],[38.75913,-10.76719],[38.76132,-10.7654],[38.76928,-10.76484],[38.7755,-10.76719],[38.78123,-10.76719],[38.78394,-10.76647],[38.78922,-10.76227],[38.79061,-10.76395],[38.79568,-10.7664]]]},"properties":{"region":"Mtwara","district":"Masasi","ward":"Matawale","ward_code":"153"}},{"type":"Feature","geometry":{"type":"Polygon","coordinates":[[[39.74031,-10.71646],[39.73825,-10.72785],[39.73995,-10.74041],[39.74268,-10.74385],[39.74678,-10.74432],[39.75126,-10.74843],[39.75218,-10.75213],[39.75512,-10.7549],[39.75484,-10.75744],[39.7565,-10.75965],[39.75724,-10.76336],[39.74969,-10.7584],[39.74997,-10.77221],[39.74456,-10.77081],[39.74336,-10.77283],[39.74639,-10.79568],[39.74658,-10.80321],[39.73192,-10.8029],[39.70649,-10.80418],[39.69779,-10.80702],[39.69998,-10.79832],[39.69892,-10.7903],[39.69965,-10.78064],[39.69715,-10.77322],[39.69698,-10.73743],[39.69805,-10.72187],[39.6797,-10.72059],[39.66825,-10.72214],[39.64789,-10.72251],[39.65174,-10.70749],[39.65768,-10.7017],[39.65745,-10.69068],[39.66578,-10.67537],[39.68642,-10.65636],[39.69904,-10.66478],[39.71635,-10.66566],[39.72242,-10.69148],[39.74031,-10.71646]]]},"properties":{"region":"Mtwara","district":"Tandahimba","ward":"Kitama 1","ward_code":"023"}},{"type":"Feature","geometry":{"type":"Polygon","coordinates":[[[39.85369,-10.76994],[39.88357,-10.77537],[39.89264,-10.77296],[39.89718,-10.77343],[39.90695,-10.77642],[39.92122,-10.83003],[39.91438,-10.83054],[39.91084,-10.83233],[39.90948,-10.83648],[39.90188,-10.84368],[39.896,-10.84249],[39.89324,-10.84555],[39.89015,-10.84573],[39.88882,-10.84863],[39.88567,-10.84877],[39.88313,-10.84667],[39.87541,-10.84601],[39.86869,-10.84983],[39.86405,-10.85824],[39.84958,-10.86701],[39.83792,-10.83557],[39.83782,-10.83141],[39.83426,-10.82434],[39.82679,-10.82037],[39.82094,-10.81574],[39.81154,-10.80059],[39.80753,-10.78905],[39.77219,-10.80711],[39.77579,-10.78859],[39.77385,-10.77399],[39.80188,-10.74834],[39.85369,-10.76994]]]},"properties":{"region":"Mtwara","district":"Tandahimba","ward":"Michenjele","ward_code":"031"}},{"type":"Feature","geometry":{"type":"Polygon","coordinates":[[[39.74969,-10.7584],[39.77385,-10.77399],[39.77579,-10.78859],[39.77219,-10.80711],[39.80753,-10.78905],[39.81154,-10.80059],[39.82094,-10.81574],[39.82679,-10.82037],[39.83426,-10.82434],[39.83782,-10.83141],[39.83792,-10.83557],[39.84958,-10.86701],[39.8437,-10.87272],[39.83051,-10.88062],[39.82647,-10.8869],[39.81699,-10.88751],[39.81009,-10.8939],[39.78015,-10.9083],[39.77761,-10.88479],[39.77315,-10.86641],[39.773,-10.84774],[39.77133,-10.84185],[39.76878,-10.83825],[39.7695,-10.8335],[39.7651,-10.8314],[39.74868,-10.8293],[39.74593,-10.80664],[39.74639,-10.79568],[39.74336,-10.77283],[39.74456,-10.77081],[39.74997,-10.77221],[39.74969,-10.7584]]]},"properties":{"region":"Mtwara","district":"Tandahimba","ward":"Mihambwe","ward_code":"041"}},{"type":"Feature","geometry":{"type":"Polygon","coordinates":[[[39.73192,-10.8029],[39.74658,-10.80321],[39.74593,-10.80664],[39.74868,-10.8293],[39.7651,-10.8314],[39.7695,-10.8335],[39.76878,-10.83825],[39.77133,-10.84185],[39.773,-10.84774],[39.77315,-10.86641],[39.77761,-10.88479],[39.78015,-10.9083],[39.77052,-10.91203],[39.7651,-10.91603],[39.7613,-10.91463],[39.75053,-10.92093],[39.74576,-10.91913],[39.73931,-10.92541],[39.73163,-10.93499],[39.72409,-10.93244],[39.7201,-10.93546],[39.7236,-10.90744],[39.72444,-10.8913],[39.72248,-10.86917],[39.71572,-10.84762],[39.70933,-10.80427],[39.73192,-10.8029]]]},"properties":{"region":"Mtwara","district":"Tandahimba","ward":"Mkoreha","ward_code":"051"}},{"type":"Feature","geometry":{"type":"Polygon","coordinates":[[[39.75117,-10.71932],[39.76226,-10.71903],[39.7642,-10.72421],[39.77036,-10.7297],[39.78611,-10.73294],[39.80188,-10.74834],[39.77385,-10.77399],[39.75724,-10.76336],[39.7565,-10.75965],[39.75484,-10.75744],[39.75512,-10.7549],[39.75218,-10.75213],[39.75126,-10.74843],[39.74678,-10.74432],[39.74268,-10.74385],[39.73995,-10.74041],[39.73825,-10.72785],[39.74276,-10.72542],[39.74534,-10.71923],[39.74668,-10.71859],[39.75117,-10.71932]]]},"properties":{"region":"Mtwara","district":"Tandahimba","ward":"Miuta","ward_code":"251"}},{"type":"Feature","geometry":{"type":"Polygon","coordinates":[[[39.69805,-10.72187],[39.69698,-10.73743],[39.69715,-10.77322],[39.69965,-10.78064],[39.69919,-10.78672],[39.68752,-10.78906],[39.67317,-10.78826],[39.6659,-10.78897],[39.65239,-10.78788],[39.64824,-10.79862],[39.64751,-10.80356],[39.6443,-10.80692],[39.63808,-10.80839],[39.62524,-10.80832],[39.62217,-10.77869],[39.6201,-10.77112],[39.62103,-10.76629],[39.61972,-10.76033],[39.62032,-10.75109],[39.62408,-10.74901],[39.62578,-10.72548],[39.64204,-10.72517],[39.64625,-10.72461],[39.64789,-10.72251],[39.66825,-10.72214],[39.6797,-10.72059],[39.69805,-10.72187]]]},"properties":{"region":"Mtwara","district":"Tandahimba","ward":"Tandahimba","ward_code":"013"}},{"type":"Feature","geometry":{"type":"Polygon","coordinates":[[[39.72248,-10.86917],[39.69925,-10.87886],[39.6819,-10.87076],[39.66426,-10.87016],[39.64882,-10.8727],[39.64115,-10.86831],[39.64279,-10.8465],[39.64468,-10.83471],[39.64966,-10.82655],[39.66233,-10.82241],[39.66668,-10.81995],[39.68408,-10.81562],[39.69089,-10.80943],[39.70644,-10.8042],[39.70933,-10.80427],[39.71572,-10.84762],[39.72248,-10.86917]]]},"properties":{"region":"Mtwara","district":"Tandahimba","ward":"Naputa","ward_code":"071"}},{"type":"Feature","geometry":{"type":"Polygon","coordinates":[[[39.69919,-10.78672],[39.69998,-10.79832],[39.69779,-10.80702],[39.69089,-10.80943],[39.68408,-10.81562],[39.66668,-10.81995],[39.66233,-10.82241],[39.64966,-10.82655],[39.64468,-10.83471],[39.64279,-10.8465],[39.64115,-10.86831],[39.63755,-10.86625],[39.62726,-10.85423],[39.61947,-10.85934],[39.62224,-10.85419],[39.6208,-10.85138],[39.62152,-10.84715],[39.61817,-10.83317],[39.61345,-10.82828],[39.61025,-10.82074],[39.59639,-10.80892],[39.61122,-10.80777],[39.63808,-10.80839],[39.6443,-10.80692],[39.64751,-10.80356],[39.64824,-10.79862],[39.65239,-10.78788],[39.6659,-10.78897],[39.67317,-10.78826],[39.68752,-10.78906],[39.69919,-10.78672]]]},"properties":{"region":"Mtwara","district":"Tandahimba","ward":"Namikupa","ward_code":"083"}},{"type":"Feature","geometry":{"type":"Polygon","coordinates":[[[39.62662,-10.59771],[39.63069,-10.61341],[39.64467,-10.61613],[39.65207,-10.62087],[39.67051,-10.63591],[39.68642,-10.65636],[39.66578,-10.67537],[39.65745,-10.69068],[39.65768,-10.7017],[39.65174,-10.70749],[39.64789,-10.72251],[39.64625,-10.72461],[39.62578,-10.72548],[39.61742,-10.70859],[39.60906,-10.70516],[39.59001,-10.70276],[39.5833,-10.70307],[39.5735,-10.69999],[39.57018,-10.69484],[39.57277,-10.68942],[39.57391,-10.66484],[39.57888,-10.64886],[39.57911,-10.62709],[39.58389,-10.62485],[39.5847,-10.6229],[39.58871,-10.5989],[39.60498,-10.60003],[39.62662,-10.59771]]]},"properties":{"region":"Mtwara","district":"Tandahimba","ward":"Nambahu","ward_code":"241"}},{"type":"Feature","geometry":{"type":"Polygon","coordinates":[[[39.61977,-10.76007],[39.62103,-10.76629],[39.6201,-10.77112],[39.62217,-10.77869],[39.62524,-10.80832],[39.61122,-10.80777],[39.59639,-10.80892],[39.59487,-10.81187],[39.59183,-10.81324],[39.583,-10.81161],[39.57613,-10.8132],[39.56865,-10.81316],[39.57295,-10.79512],[39.56977,-10.77973],[39.5749,-10.77873],[39.58629,-10.77429],[39.6068,-10.76096],[39.61176,-10.75534],[39.59651,-10.74112],[39.58116,-10.72036],[39.59078,-10.71933],[39.59346,-10.71264],[39.59001,-10.70276],[39.60906,-10.70516],[39.61742,-10.70859],[39.62101,-10.71509],[39.62578,-10.72548],[39.62408,-10.74901],[39.62032,-10.75109],[39.61977,-10.76007]]]},"properties":{"region":"Mtwara","district":"Tandahimba","ward":"Malopokelo","ward_code":"313"}},{"type":"Feature","geometry":{"type":"Polygon","coordinates":[[[39.64835,-10.87243],[39.66426,-10.87016],[39.6819,-10.87076],[39.69925,-10.87886],[39.72248,-10.86917],[39.72444,-10.8913],[39.7236,-10.90744],[39.7201,-10.93546],[39.71646,-10.93778],[39.70003,-10.94237],[39.69546,-10.93598],[39.66945,-10.94531],[39.64061,-10.94791],[39.62006,-10.94674],[39.61374,-10.95133],[39.60879,-10.93418],[39.60141,-10.92656],[39.59657,-10.91924],[39.59762,-10.90504],[39.60221,-10.8857],[39.62075,-10.87655],[39.61947,-10.85934],[39.62726,-10.85423],[39.63755,-10.86625],[39.64835,-10.87243]]]},"properties":{"region":"Mtwara","district":"Tandahimba","ward":"Maundo","ward_code":"061"}},{"type":"Feature","geometry":{"type":"Polygon","coordinates":[[[39.5125,-10.88525],[39.52182,-10.89025],[39.52728,-10.88629],[39.53673,-10.88538],[39.55287,-10.88709],[39.55565,-10.9108],[39.55367,-10.92148],[39.54027,-10.93323],[39.53363,-10.94762],[39.52686,-10.95294],[39.51843,-10.94151],[39.51518,-10.93312],[39.5111,-10.92851],[39.49978,-10.92108],[39.4974,-10.91415],[39.49663,-10.90545],[39.49317,-10.89864],[39.4911,-10.88798],[39.50065,-10.88477],[39.5125,-10.88525]]]},"properties":{"region":"Mtwara","district":"Tandahimba","ward":"Mnyawa","ward_code":"091"}},{"type":"Feature","geometry":{"type":"Polygon","coordinates":[[[39.53038,-10.84143],[39.56403,-10.84188],[39.56816,-10.87853],[39.55287,-10.88709],[39.53673,-10.88538],[39.52728,-10.88629],[39.52182,-10.89025],[39.51078,-10.8851],[39.50065,-10.88477],[39.4911,-10.88798],[39.48991,-10.88184],[39.48586,-10.88143],[39.46941,-10.87343],[39.47147,-10.86858],[39.47808,-10.8664],[39.48056,-10.85968],[39.49638,-10.85647],[39.50353,-10.85841],[39.51539,-10.85235],[39.53038,-10.84143]]]},"properties":{"region":"Mtwara","district":"Tandahimba","ward":"Lukokoda","ward_code":"111"}},{"type":"Feature","geometry":{"type":"Polygon","coordinates":[[[39.59639,-10.80892],[39.61025,-10.82074],[39.61345,-10.82828],[39.61817,-10.83317],[39.62152,-10.84715],[39.6208,-10.85138],[39.62224,-10.85419],[39.61947,-10.85934],[39.62075,-10.87655],[39.60268,-10.88569],[39.58177,-10.88517],[39.56816,-10.87853],[39.56403,-10.84188],[39.56749,-10.83602],[39.56656,-10.82863],[39.56865,-10.81316],[39.57613,-10.8132],[39.583,-10.81161],[39.59183,-10.81324],[39.59487,-10.81187],[39.59639,-10.80892]]]},"properties":{"region":"Mtwara","district":"Tandahimba","ward":"Kwanyama","ward_code":"261"}},{"type":"Feature","geometry":{"type":"Polygon","coordinates":[[[39.59044,-10.88581],[39.60221,-10.8857],[39.59762,-10.90504],[39.59657,-10.91924],[39.60141,-10.92656],[39.60879,-10.93418],[39.61374,-10.95133],[39.60475,-10.94991],[39.59135,-10.95403],[39.58915,-10.96972],[39.58326,-10.97768],[39.57484,-10.97821],[39.5667,-10.97245],[39.55961,-10.97559],[39.54321,-10.97409],[39.53577,-10.97883],[39.53149,-10.95995],[39.52842,-10.95739],[39.52686,-10.95294],[39.53363,-10.94762],[39.54027,-10.93323],[39.55367,-10.92148],[39.55565,-10.9108],[39.55287,-10.88709],[39.56816,-10.87853],[39.5792,-10.88437],[39.59044,-10.88581]]]},"properties":{"region":"Mtwara","district":"Tandahimba","ward":"Mchichira","ward_code":"271"}},{"type":"Feature","geometry":{"type":"Polygon","coordinates":[[[39.4639,-10.87168],[39.48586,-10.88143],[39.48991,-10.88184],[39.49317,-10.89864],[39.49663,-10.90545],[39.4974,-10.91415],[39.49978,-10.92108],[39.5111,-10.92851],[39.51518,-10.93312],[39.51843,-10.94151],[39.52686,-10.95294],[39.52842,-10.95739],[39.53149,-10.95995],[39.53577,-10.97883],[39.53052,-10.9927],[39.52033,-11.0008],[39.5032,-11.00374],[39.49475,-11.00297],[39.48312,-10.99871],[39.46242,-10.99937],[39.45288,-10.98735],[39.44438,-10.97403],[39.44347,-10.96572],[39.44398,-10.96288],[39.45029,-10.96868],[39.45214,-10.97284],[39.46076,-10.97536],[39.46316,-10.97353],[39.46367,-10.96578],[39.46289,-10.96254],[39.45889,-10.96058],[39.45574,-10.95071],[39.45058,-10.9471],[39.44996,-10.94097],[39.44653,-10.93422],[39.44447,-10.92765],[39.44788,-10.92687],[39.45404,-10.92093],[39.46108,-10.92516],[39.46495,-10.92518],[39.47461,-10.90962],[39.47435,-10.90641],[39.47144,-10.90262],[39.46246,-10.90204],[39.46105,-10.89656],[39.46056,-10.87652],[39.45893,-10.87263],[39.4639,-10.87168]]]},"properties":{"region":"Mtwara","district":"Tandahimba","ward":"Mkundi","ward_code":"101"}},{"type":"Feature","geometry":{"type":"Polygon","coordinates":[[[39.4244,-10.85379],[39.42307,-10.86005],[39.4245,-10.86626],[39.42451,-10.87311],[39.4374,-10.90437],[39.44973,-10.92509],[39.44788,-10.92687],[39.44447,-10.92765],[39.44035,-10.92187],[39.42913,-10.91695],[39.41665,-10.9084],[39.41108,-10.90275],[39.40673,-10.90459],[39.40436,-10.90179],[39.40286,-10.89532],[39.39519,-10.891],[39.37911,-10.86184],[39.38493,-10.85398],[39.40441,-10.84691],[39.42432,-10.84748],[39.4244,-10.85379]]]},"properties":{"region":"Mtwara","district":"Tandahimba","ward":"Mahuta","ward_code":"123"}},{"type":"Feature","geometry":{"type":"Polygon","coordinates":[[[39.56749,-10.83602],[39.56403,-10.84188],[39.53038,-10.84143],[39.51539,-10.85235],[39.51061,-10.83635],[39.50359,-10.8215],[39.49969,-10.80808],[39.50059,-10.80296],[39.50738,-10.79299],[39.52461,-10.77408],[39.52953,-10.75699],[39.5292,-10.73818],[39.54173,-10.73792],[39.54878,-10.74406],[39.55803,-10.74945],[39.56286,-10.75903],[39.56859,-10.76523],[39.57006,-10.78334],[39.57295,-10.79512],[39.56865,-10.81316],[39.56656,-10.82863],[39.56749,-10.83602]]]},"properties":{"region":"Mtwara","district":"Tandahimba","ward":"Nanhyanga","ward_code":"133"}},{"type":"Feature","geometry":{"type":"Polygon","coordinates":[[[39.44961,-10.7631],[39.45135,-10.76592],[39.45143,-10.79277],[39.45308,-10.79769],[39.47393,-10.79991],[39.46194,-10.83],[39.45857,-10.84867],[39.44263,-10.85597],[39.4411,-10.84892],[39.4417,-10.84707],[39.43635,-10.8517],[39.43109,-10.8488],[39.42615,-10.84774],[39.41914,-10.84674],[39.40441,-10.84691],[39.4201,-10.81954],[39.42062,-10.81215],[39.40911,-10.7951],[39.39978,-10.77079],[39.40465,-10.76394],[39.41515,-10.76415],[39.4157,-10.76486],[39.44961,-10.7631]]]},"properties":{"region":"Mtwara","district":"Tandahimba","ward":"Chingungwe","ward_code":"141"}},{"type":"Feature","geometry":{"type":"Polygon","coordinates":[[[39.44151,-10.85133],[39.44263,-10.85597],[39.45857,-10.84867],[39.46386,-10.85565],[39.47808,-10.8664],[39.47147,-10.86858],[39.46941,-10.87343],[39.4639,-10.87168],[39.45893,-10.87263],[39.46056,-10.87652],[39.46105,-10.89656],[39.46246,-10.90204],[39.47144,-10.90262],[39.47435,-10.90641],[39.47461,-10.90962],[39.46495,-10.92518],[39.46108,-10.92516],[39.45404,-10.92093],[39.44973,-10.92509],[39.4374,-10.90437],[39.42451,-10.87311],[39.4245,-10.86626],[39.42307,-10.86005],[39.4244,-10.85379],[39.42432,-10.84748],[39.43109,-10.8488],[39.43635,-10.8517],[39.4417,-10.84707],[39.44151,-10.85133]]]},"properties":{"region":"Mtwara","district":"Tandahimba","ward":"Chikongola","ward_code":"283"}},{"type":"Feature","geometry":{"type":"Polygon","coordinates":[[[39.51539,-10.85234],[39.50353,-10.85841],[39.49638,-10.85647],[39.48056,-10.85968],[39.47808,-10.8664],[39.46386,-10.85565],[39.45857,-10.84867],[39.46194,-10.83],[39.47393,-10.79991],[39.48371,-10.79291],[39.49143,-10.79428],[39.50198,-10.80092],[39.50059,-10.80296],[39.49969,-10.80808],[39.50359,-10.8215],[39.51061,-10.83635],[39.51539,-10.85234]]]},"properties":{"region":"Mtwara","district":"Tandahimba","ward":"Dinduma","ward_code":"291"}},{"type":"Feature","geometry":{"type":"Polygon","coordinates":[[[39.47526,-10.72793],[39.49505,-10.73806],[39.49929,-10.74599],[39.50155,-10.75545],[39.5033,-10.75708],[39.5109,-10.76228],[39.52586,-10.76972],[39.52461,-10.77408],[39.50738,-10.79299],[39.50198,-10.80092],[39.49143,-10.79428],[39.48371,-10.79291],[39.47393,-10.79991],[39.45308,-10.79769],[39.45143,-10.79277],[39.45135,-10.76592],[39.44961,-10.7631],[39.4157,-10.76486],[39.41515,-10.76415],[39.42069,-10.75567],[39.43812,-10.74216],[39.44823,-10.73103],[39.46003,-10.73132],[39.47526,-10.72793]]]},"properties":{"region":"Mtwara","district":"Tandahimba","ward":"Mdimba Mnyoma","ward_code":"151"}},{"type":"Feature","geometry":{"type":"Polygon","coordinates":[[[39.57018,-10.69484],[39.5735,-10.69999],[39.5833,-10.70307],[39.59001,-10.70276],[39.59346,-10.71264],[39.59078,-10.71933],[39.58116,-10.72036],[39.59651,-10.74112],[39.61176,-10.75534],[39.6068,-10.76096],[39.58629,-10.77429],[39.5749,-10.77873],[39.56977,-10.77973],[39.56859,-10.76523],[39.56286,-10.75903],[39.55803,-10.74945],[39.54878,-10.74406],[39.54173,-10.73792],[39.5292,-10.73818],[39.52738,-10.72753],[39.52838,-10.71029],[39.53305,-10.70591],[39.55315,-10.70463],[39.55403,-10.70378],[39.55222,-10.69755],[39.55264,-10.69612],[39.55644,-10.69487],[39.56251,-10.69558],[39.57018,-10.69484]]]},"properties":{"region":"Mtwara","district":"Tandahimba","ward":"Milongodi","ward_code":"161"}},{"type":"Feature","geometry":{"type":"Polygon","coordinates":[[[39.57013,-10.69484],[39.55441,-10.6952],[39.55264,-10.69612],[39.55222,-10.69755],[39.55403,-10.70378],[39.55315,-10.70463],[39.53969,-10.70525],[39.53543,-10.66786],[39.5312,-10.65557],[39.52694,-10.63813],[39.55646,-10.62773],[39.57911,-10.62709],[39.57888,-10.64886],[39.57391,-10.66484],[39.57277,-10.68942],[39.57013,-10.69484]]]},"properties":{"region":"Mtwara","district":"Tandahimba","ward":"Lyenje","ward_code":"171"}},{"type":"Feature","geometry":{"type":"Polygon","coordinates":[[[39.49886,-10.57207],[39.50174,-10.62104],[39.50954,-10.63719],[39.49929,-10.64044],[39.49628,-10.64261],[39.49468,-10.64149],[39.48589,-10.64392],[39.46179,-10.66054],[39.44703,-10.66891],[39.44224,-10.64806],[39.44706,-10.64047],[39.44746,-10.63568],[39.44297,-10.62912],[39.43699,-10.63015],[39.43519,-10.62554],[39.43538,-10.6211],[39.43677,-10.61712],[39.43597,-10.61226],[39.4326,-10.60485],[39.42836,-10.58923],[39.42412,-10.57841],[39.4377,-10.57605],[39.44146,-10.57394],[39.44747,-10.57335],[39.48521,-10.5744],[39.49886,-10.57207]]]},"properties":{"region":"Mtwara","district":"Tandahimba","ward":"Chaume","ward_code":"181"}},{"type":"Feature","geometry":{"type":"Polygon","coordinates":[[[39.52694,-10.63813],[39.50954,-10.63719],[39.50174,-10.62104],[39.49886,-10.57207],[39.50027,-10.55616],[39.5058,-10.54911],[39.53789,-10.54351],[39.53642,-10.54171],[39.54137,-10.53992],[39.54612,-10.53901],[39.5705,-10.53966],[39.58871,-10.5989],[39.58389,-10.62485],[39.57911,-10.62709],[39.55646,-10.62773],[39.55157,-10.62887],[39.53758,-10.63485],[39.52694,-10.63813]]]},"properties":{"region":"Mtwara","district":"Tandahimba","ward":"Mkonjowano","ward_code":"191"}},{"type":"Feature","geometry":{"type":"Polygon","coordinates":[[[39.50904,-10.69594],[39.51718,-10.70318],[39.52224,-10.70113],[39.52624,-10.70356],[39.53305,-10.70591],[39.52838,-10.71029],[39.52738,-10.72753],[39.5292,-10.73818],[39.52953,-10.75699],[39.52586,-10.76972],[39.5109,-10.76228],[39.50155,-10.75545],[39.49929,-10.74599],[39.49505,-10.73806],[39.47526,-10.72793],[39.46003,-10.73132],[39.44942,-10.73106],[39.44928,-10.72256],[39.448,-10.71755],[39.44908,-10.70998],[39.44563,-10.70305],[39.44653,-10.6888],[39.47808,-10.68489],[39.49069,-10.68639],[39.49866,-10.69391],[39.50904,-10.69594]]]},"properties":{"region":"Mtwara","district":"Tandahimba","ward":"Mndumbwe","ward_code":"301"}},{"type":"Feature","geometry":{"type":"Polygon","coordinates":[[[39.50954,-10.63719],[39.52694,-10.63813],[39.5312,-10.65557],[39.53543,-10.66786],[39.53969,-10.70525],[39.53305,-10.70591],[39.52624,-10.70356],[39.52224,-10.70113],[39.51718,-10.70318],[39.50904,-10.69594],[39.49866,-10.69391],[39.49069,-10.68639],[39.48162,-10.68473],[39.44653,-10.6888],[39.44617,-10.67559],[39.44703,-10.66891],[39.46179,-10.66054],[39.48589,-10.64392],[39.49468,-10.64149],[39.49628,-10.64261],[39.49929,-10.64044],[39.50954,-10.63719]]]},"properties":{"region":"Mtwara","district":"Tandahimba","ward":"Mkwedu","ward_code":"321"}},{"type":"Feature","geometry":{"type":"Polygon","coordinates":[[[39.47601,-10.52652],[39.49026,-10.5274],[39.51222,-10.54794],[39.5058,-10.54911],[39.50027,-10.55616],[39.49886,-10.57207],[39.48521,-10.5744],[39.44747,-10.57335],[39.44146,-10.57394],[39.4377,-10.57605],[39.42412,-10.57841],[39.41521,-10.55534],[39.4063,-10.54887],[39.39032,-10.54313],[39.39737,-10.51261],[39.4239,-10.49173],[39.43866,-10.47721],[39.45839,-10.49173],[39.46081,-10.50559],[39.46739,-10.50851],[39.46843,-10.51125],[39.46705,-10.51947],[39.47601,-10.52652]]]},"properties":{"region":"Mtwara","district":"Tandahimba","ward":"Luagala","ward_code":"201"}},{"type":"Feature","geometry":{"type":"Polygon","coordinates":[[[39.48847,-10.44558],[39.49452,-10.46059],[39.51812,-10.46959],[39.52943,-10.48308],[39.53313,-10.49899],[39.57,-10.53803],[39.5705,-10.53966],[39.54612,-10.53901],[39.53642,-10.54171],[39.53789,-10.54351],[39.51222,-10.54794],[39.49026,-10.5274],[39.47601,-10.52652],[39.46705,-10.51947],[39.46843,-10.51125],[39.46739,-10.50851],[39.46081,-10.50559],[39.45839,-10.49173],[39.43877,-10.47744],[39.4331,-10.46506],[39.43219,-10.45821],[39.43523,-10.44963],[39.44585,-10.44327],[39.45666,-10.43888],[39.48041,-10.43217],[39.48859,-10.43189],[39.48847,-10.44558]]]},"properties":{"region":"Mtwara","district":"Tandahimba","ward":"Litehu","ward_code":"231"}},{"type":"Feature","geometry":{"type":"Polygon","coordinates":[[[39.43523,-10.44963],[39.43219,-10.45821],[39.4331,-10.46506],[39.43866,-10.47721],[39.4239,-10.49173],[39.39737,-10.51261],[39.39032,-10.54313],[39.35896,-10.53137],[39.35257,-10.51891],[39.34539,-10.49087],[39.33928,-10.48411],[39.33161,-10.47066],[39.33036,-10.4588],[39.33034,-10.44119],[39.3507,-10.44238],[39.36971,-10.44747],[39.38337,-10.45516],[39.39506,-10.44045],[39.40015,-10.43009],[39.41294,-10.3959],[39.4392,-10.38501],[39.45795,-10.38282],[39.48085,-10.3769],[39.48273,-10.38265],[39.48428,-10.39365],[39.48516,-10.40914],[39.48859,-10.43189],[39.48041,-10.43217],[39.45666,-10.43888],[39.44585,-10.44327],[39.43523,-10.44963]]]},"properties":{"region":"Mtwara","district":"Tandahimba","ward":"Ngunja","ward_code":"211"}},{"type":"Feature","geometry":{"type":"Polygon","coordinates":[[[39.40404,-10.33814],[39.40749,-10.3391],[39.41289,-10.33639],[39.41609,-10.33823],[39.42104,-10.33927],[39.42447,-10.34519],[39.43362,-10.34919],[39.45479,-10.35529],[39.46288,-10.36643],[39.48085,-10.3769],[39.45795,-10.38282],[39.4392,-10.38501],[39.41294,-10.3959],[39.40015,-10.43009],[39.39506,-10.44045],[39.38337,-10.45516],[39.36971,-10.44747],[39.3507,-10.44238],[39.33034,-10.44119],[39.32748,-10.42903],[39.32507,-10.39641],[39.33743,-10.34607],[39.35075,-10.34842],[39.36923,-10.34304],[39.3852,-10.34029],[39.39358,-10.33719],[39.39655,-10.33431],[39.39853,-10.33449],[39.40404,-10.33814]]]},"properties":{"region":"Mtwara","district":"Tandahimba","ward":"Mkwiti","ward_code":"221"}},{"type":"Feature","geometry":{"type":"Polygon","coordinates":[[[38.09527,-10.71984],[38.10869,-10.74056],[38.11639,-10.74567],[38.10783,-10.81089],[38.11909,-10.82894],[38.12348,-10.88019],[38.1382,-10.91079],[38.13987,-10.91988],[38.14101,-10.98455],[38.14249,-11.00959],[38.13832,-11.01044],[38.13946,-11.01237],[38.13756,-11.01288],[38.13789,-11.01419],[38.13634,-11.01414],[38.13566,-11.01624],[38.135,-11.01608],[38.13702,-11.01764],[38.13557,-11.02215],[38.13736,-11.02211],[38.13582,-11.02698],[38.13647,-11.02797],[38.13546,-11.02893],[38.1366,-11.03037],[38.13905,-11.03122],[38.02513,-11.0304],[38.02536,-11.02842],[38.01946,-11.02363],[38.01767,-11.01885],[38.01812,-11.01673],[38.0212,-11.01502],[38.02232,-11.00755],[38.02177,-11.00493],[38.01977,-11.004],[38.0167,-10.99937],[38.01703,-10.99516],[38.01491,-10.99259],[38.0191,-10.9873],[38.01952,-10.97977],[38.02052,-10.97848],[38.02271,-10.97789],[38.02049,-10.97127],[38.02043,-10.96508],[38.02267,-10.96474],[38.02324,-10.96381],[38.02189,-10.95901],[38.02212,-10.95612],[38.01837,-10.95077],[38.01315,-10.94984],[38.009,-10.94146],[38.01222,-10.93955],[38.01237,-10.93774],[38.01227,-10.93644],[38.01068,-10.93535],[38.01096,-10.93307],[38.00901,-10.92836],[38.01313,-10.92466],[38.01427,-10.92223],[38.01301,-10.91664],[38.01425,-10.91466],[38.01435,-10.91169],[38.01607,-10.90926],[38.01906,-10.90751],[38.01978,-10.90217],[38.01415,-10.89532],[38.01245,-10.89504],[38.0116,-10.89384],[38.01435,-10.88859],[38.01317,-10.88442],[38.01174,-10.88434],[38.01065,-10.88131],[38.01133,-10.87589],[38.00935,-10.8732],[38.00962,-10.87137],[38.00698,-10.87057],[38.00573,-10.86813],[38.00287,-10.86654],[38.00256,-10.86387],[37.99842,-10.86149],[37.99843,-10.85673],[38.00066,-10.85604],[38.00258,-10.85355],[38.00068,-10.84851],[38.00144,-10.84703],[38.0031,-10.84742],[38.00394,-10.84639],[38.00356,-10.84498],[38.00117,-10.84385],[37.99951,-10.83726],[38.00202,-10.83505],[38.00218,-10.8334],[37.9951,-10.82754],[37.99683,-10.82533],[37.99536,-10.82239],[37.99526,-10.81954],[37.99249,-10.81942],[37.99137,-10.82044],[37.99036,-10.81983],[37.98886,-10.82155],[37.98835,-10.8206],[37.98918,-10.8184],[37.98783,-10.81724],[37.9883,-10.81618],[37.9869,-10.81439],[37.98707,-10.81189],[37.98645,-10.81095],[37.98463,-10.81279],[37.9828,-10.81074],[37.98639,-10.80922],[37.98675,-10.81059],[37.9882,-10.81122],[37.99005,-10.80812],[37.98846,-10.80714],[37.98964,-10.80416],[37.98822,-10.80403],[37.98901,-10.80126],[37.98751,-10.80081],[37.98651,-10.79881],[37.98911,-10.79568],[37.98522,-10.79397],[37.98324,-10.79485],[37.98233,-10.79262],[37.98327,-10.79118],[37.98233,-10.78968],[37.9826,-10.78788],[37.97659,-10.78489],[37.97731,-10.78361],[37.97487,-10.78351],[37.97329,-10.77974],[37.97383,-10.77575],[37.97198,-10.77429],[37.97204,-10.77088],[37.97012,-10.76902],[37.97002,-10.76774],[37.9679,-10.76643],[37.96687,-10.76446],[37.96528,-10.76445],[37.96067,-10.75881],[37.96259,-10.75597],[37.96178,-10.75347],[37.95805,-10.75153],[37.9577,-10.74891],[37.95587,-10.74792],[37.95279,-10.74331],[37.95149,-10.74339],[37.95145,-10.74129],[37.94865,-10.7399],[37.9494,-10.73561],[37.94832,-10.73525],[37.97939,-10.72913],[37.99668,-10.72336],[38.00806,-10.7254],[38.01484,-10.72916],[38.03701,-10.71449],[38.05432,-10.71255],[38.07348,-10.71583],[38.08583,-10.71659],[38.09527,-10.71984]]]},"properties":{"region":"Mtwara","district":"Nanyumbu","ward":"Lumesule","ward_code":"031"}},{"type":"Feature","geometry":{"type":"Polygon","coordinates":[[[38.25276,-10.83653],[38.2544,-10.85317],[38.25659,-10.85543],[38.2555,-10.86311],[38.25881,-10.8696],[38.26084,-10.8712],[38.25926,-10.87329],[38.26264,-10.87537],[38.26381,-10.88062],[38.26534,-10.88191],[38.26621,-10.88787],[38.26917,-10.89115],[38.28467,-10.88854],[38.30813,-10.89301],[38.31225,-10.89455],[38.3129,-10.92015],[38.30776,-10.93196],[38.29888,-10.94039],[38.297,-10.96496],[38.28814,-10.96382],[38.28791,-10.96718],[38.27792,-10.97074],[38.27861,-10.97871],[38.28455,-11.00342],[38.28201,-11.00386],[38.27589,-11.00074],[38.27446,-11.00215],[38.27298,-10.99983],[38.27109,-11.0004],[38.26585,-10.99575],[38.26075,-10.98954],[38.23522,-10.94482],[38.22597,-10.94316],[38.22021,-10.93321],[38.21759,-10.92227],[38.20964,-10.91596],[38.20835,-10.91213],[38.19947,-10.90109],[38.20746,-10.87836],[38.22881,-10.86748],[38.22536,-10.86441],[38.22478,-10.86521],[38.21814,-10.86361],[38.21473,-10.86037],[38.21166,-10.85988],[38.21075,-10.85513],[38.20765,-10.85275],[38.20206,-10.8529],[38.19997,-10.84694],[38.19908,-10.84652],[38.19968,-10.84521],[38.19614,-10.8437],[38.19633,-10.84302],[38.19091,-10.84126],[38.18997,-10.83837],[38.19118,-10.83571],[38.18951,-10.83296],[38.1766,-10.82518],[38.1758,-10.81713],[38.16907,-10.81371],[38.15967,-10.79486],[38.16707,-10.78672],[38.16311,-10.7575],[38.17506,-10.70493],[38.18609,-10.7019],[38.19797,-10.69648],[38.20514,-10.69646],[38.20654,-10.70736],[38.20892,-10.71428],[38.20694,-10.73461],[38.22207,-10.74381],[38.23007,-10.75803],[38.22356,-10.78142],[38.2181,-10.79667],[38.22462,-10.80944],[38.23108,-10.81234],[38.24819,-10.82306],[38.25083,-10.82871],[38.25276,-10.83653]]]},"properties":{"region":"Mtwara","district":"Nanyumbu","ward":"Likokona","ward_code":"043"}},{"type":"Feature","geometry":{"type":"Polygon","coordinates":[[[38.1848,-10.97617],[38.22756,-10.99926],[38.26471,-10.99436],[38.26948,-10.99942],[38.27109,-11.0004],[38.27298,-10.99983],[38.27446,-11.00215],[38.27589,-11.00074],[38.28201,-11.00386],[38.28455,-11.00342],[38.28613,-11.00458],[38.28788,-11.00399],[38.29394,-11.01019],[38.29637,-11.01375],[38.29697,-11.0223],[38.30533,-11.03407],[38.30998,-11.03519],[38.3138,-11.04747],[38.31584,-11.05068],[38.31532,-11.05365],[38.31729,-11.05759],[38.32307,-11.05731],[38.32349,-11.05953],[38.3284,-11.06457],[38.33598,-11.0687],[38.33347,-11.07368],[38.33478,-11.0752],[38.3364,-11.07534],[38.3376,-11.07824],[38.33574,-11.08038],[38.33349,-11.08128],[38.33299,-11.08267],[38.3389,-11.0856],[38.34293,-11.08631],[38.34613,-11.09084],[38.34525,-11.09178],[38.34513,-11.09522],[38.35169,-11.09889],[38.34838,-11.10063],[38.34864,-11.1034],[38.34381,-11.10229],[38.34237,-11.10295],[38.34502,-11.10864],[38.34954,-11.11023],[38.35423,-11.11032],[38.35565,-11.11218],[38.35087,-11.11775],[38.34806,-11.12295],[38.35147,-11.12739],[38.35599,-11.1293],[38.35304,-11.13261],[38.35635,-11.13745],[38.35353,-11.14174],[38.35594,-11.14535],[38.35901,-11.14704],[38.35783,-11.15098],[38.36063,-11.15993],[38.36547,-11.16332],[38.36503,-11.16426],[38.36378,-11.16392],[38.36292,-11.16667],[38.36364,-11.16845],[38.36576,-11.16901],[38.36557,-11.17036],[38.36249,-11.17247],[38.36091,-11.1717],[38.36017,-11.17252],[38.36203,-11.17638],[38.35855,-11.18155],[38.35658,-11.18653],[38.35252,-11.18433],[38.33822,-11.18293],[38.3091,-11.1872],[38.26498,-11.20372],[38.25697,-11.2043],[38.25496,-11.20904],[38.2478,-11.2077],[38.247,-11.21422],[38.25482,-11.21474],[38.25261,-11.2163],[38.2527,-11.21835],[38.25469,-11.22155],[38.25202,-11.22428],[38.25219,-11.22692],[38.25777,-11.22967],[38.25696,-11.2316],[38.25971,-11.2343],[38.25875,-11.23551],[38.2561,-11.23572],[38.25865,-11.24033],[38.25514,-11.23994],[38.25354,-11.24178],[38.25392,-11.24255],[38.25638,-11.24249],[38.25642,-11.24577],[38.25981,-11.24387],[38.26157,-11.24555],[38.26293,-11.24354],[38.2654,-11.24474],[38.26495,-11.25183],[38.26337,-11.25428],[38.26305,-11.25749],[38.26432,-11.26131],[38.26299,-11.2643],[38.26383,-11.26654],[38.2587,-11.26748],[38.25739,-11.27226],[38.25783,-11.27404],[38.26091,-11.27499],[38.26297,-11.27431],[38.26806,-11.27503],[38.26891,-11.27599],[38.26857,-11.27838],[38.26991,-11.28035],[38.26762,-11.28187],[38.26763,-11.2846],[38.26503,-11.28704],[38.25667,-11.29142],[38.24388,-11.28451],[38.21224,-11.27386],[38.18924,-11.27882],[38.16214,-11.27973],[38.12469,-11.26523],[38.11357,-11.25774],[38.11256,-11.25802],[38.10404,-11.24447],[38.10088,-11.24343],[38.09675,-11.24416],[38.09288,-11.24303],[38.09047,-11.24123],[38.09032,-11.23812],[38.08798,-11.23374],[38.08666,-11.2275],[38.09037,-11.22641],[38.09257,-11.22448],[38.09245,-11.22145],[38.09031,-11.21916],[38.08511,-11.21714],[38.07724,-11.20752],[38.07646,-11.20535],[38.07928,-11.19579],[38.07074,-11.18808],[38.07074,-11.18648],[38.0721,-11.18504],[38.0757,-11.18498],[38.07639,-11.18316],[38.07579,-11.17709],[38.07179,-11.17369],[38.07025,-11.16945],[38.07123,-11.16636],[38.07657,-11.16416],[38.07551,-11.15882],[38.07676,-11.15735],[38.0709,-11.15495],[38.06863,-11.15244],[38.06154,-11.14841],[38.0592,-11.14531],[38.05416,-11.14353],[38.04942,-11.13878],[38.05001,-11.13515],[38.04815,-11.13092],[38.04894,-11.12861],[38.05115,-11.12776],[38.0515,-11.12315],[38.0498,-11.11982],[38.04843,-11.11268],[38.05178,-11.11004],[38.04936,-11.10186],[38.05248,-11.0898],[38.05199,-11.08582],[38.04961,-11.08366],[38.04446,-11.08347],[38.04294,-11.08146],[38.04347,-11.0794],[38.04123,-11.07712],[38.04078,-11.07504],[38.04186,-11.07228],[38.04049,-11.06564],[38.04156,-11.06027],[38.03959,-11.05753],[38.04024,-11.05536],[38.03438,-11.04787],[38.03057,-11.04553],[38.0237,-11.03248],[38.02513,-11.0304],[38.13905,-11.03122],[38.1366,-11.03037],[38.13546,-11.02893],[38.13647,-11.02797],[38.13582,-11.02698],[38.13736,-11.02211],[38.13557,-11.02215],[38.13702,-11.01764],[38.135,-11.01608],[38.13566,-11.01624],[38.13634,-11.01414],[38.13789,-11.01419],[38.13756,-11.01288],[38.13946,-11.01237],[38.13832,-11.01044],[38.14249,-11.00959],[38.14101,-10.98455],[38.15203,-10.98359],[38.1848,-10.97617]]]},"properties":{"region":"Mtwara","district":"Nanyumbu","ward":"Napacho","ward_code":"141"}},{"type":"Feature","geometry":{"type":"Polygon","coordinates":[[[38.17506,-10.70493],[38.16311,-10.7575],[38.16707,-10.78672],[38.15967,-10.79486],[38.16907,-10.81371],[38.1758,-10.81713],[38.1766,-10.82518],[38.18951,-10.83296],[38.19118,-10.83571],[38.18997,-10.83837],[38.19091,-10.84126],[38.19633,-10.84302],[38.19614,-10.8437],[38.19968,-10.84521],[38.19908,-10.84652],[38.19997,-10.84694],[38.20206,-10.8529],[38.20765,-10.85275],[38.21075,-10.85513],[38.21166,-10.85988],[38.21473,-10.86037],[38.21814,-10.86361],[38.22478,-10.86521],[38.22536,-10.86441],[38.22881,-10.86748],[38.20746,-10.87836],[38.19947,-10.90109],[38.20835,-10.91213],[38.20964,-10.91596],[38.21759,-10.92227],[38.22021,-10.93321],[38.22597,-10.94316],[38.23522,-10.94482],[38.26075,-10.98954],[38.26471,-10.99436],[38.22756,-10.99926],[38.1848,-10.97617],[38.15203,-10.98359],[38.14101,-10.98455],[38.14048,-10.92612],[38.1382,-10.91079],[38.12348,-10.88019],[38.11909,-10.82894],[38.10783,-10.81089],[38.11639,-10.74567],[38.12324,-10.74615],[38.13262,-10.73694],[38.14045,-10.73508],[38.14295,-10.73711],[38.14832,-10.73429],[38.15031,-10.73474],[38.15701,-10.73083],[38.1633,-10.72343],[38.17506,-10.70493]]]},"properties":{"region":"Mtwara","district":"Nanyumbu","ward":"Michiga","ward_code":"153"}},{"type":"Feature","geometry":{"type":"Polygon","coordinates":[[[38.44669,-10.9122],[38.45407,-10.91444],[38.47361,-10.90964],[38.48063,-10.92786],[38.47904,-10.93212],[38.47994,-10.9374],[38.4858,-10.94078],[38.4907,-10.94979],[38.4887,-10.95087],[38.48505,-10.95018],[38.48446,-10.94859],[38.48293,-10.94903],[38.48267,-10.94807],[38.4811,-10.94801],[38.48061,-10.94618],[38.47712,-10.9458],[38.47666,-10.94667],[38.47454,-10.94552],[38.46513,-10.94762],[38.46287,-10.9492],[38.46131,-10.94707],[38.45731,-10.94617],[38.4568,-10.94694],[38.4552,-10.94673],[38.45401,-10.9485],[38.45448,-10.94946],[38.45078,-10.94933],[38.44886,-10.95158],[38.44797,-10.9506],[38.44259,-10.95188],[38.43733,-10.94884],[38.43052,-10.94852],[38.42788,-10.95195],[38.42825,-10.95756],[38.42635,-10.95927],[38.42451,-10.96351],[38.42429,-10.97426],[38.42595,-10.97535],[38.42714,-10.98517],[38.4292,-10.98807],[38.40143,-10.98918],[38.38591,-10.98541],[38.37746,-10.97567],[38.37277,-10.9685],[38.3699,-10.96936],[38.35086,-10.98069],[38.33656,-10.99601],[38.29697,-11.0223],[38.29637,-11.01375],[38.28788,-11.00399],[38.28613,-11.00458],[38.28455,-11.00342],[38.27861,-10.97871],[38.27792,-10.97074],[38.28791,-10.96718],[38.28814,-10.96382],[38.297,-10.96496],[38.31401,-10.96349],[38.32063,-10.96402],[38.33055,-10.95926],[38.35408,-10.95589],[38.36383,-10.95216],[38.36631,-10.94372],[38.36257,-10.93681],[38.36927,-10.9346],[38.3772,-10.93383],[38.41079,-10.93306],[38.4102,-10.92855],[38.41808,-10.91577],[38.42765,-10.9138],[38.44501,-10.90487],[38.44669,-10.9122]]]},"properties":{"region":"Mtwara","district":"Nanyumbu","ward":"Mangaka","ward_code":"013"}},{"type":"Feature","geometry":{"type":"Polygon","coordinates":[[[38.43312,-10.76908],[38.44874,-10.77882],[38.45783,-10.78149],[38.47258,-10.78349],[38.44317,-10.83574],[38.44339,-10.83736],[38.44699,-10.83914],[38.44697,-10.84171],[38.44837,-10.84209],[38.44832,-10.84564],[38.455,-10.84684],[38.45547,-10.84836],[38.46002,-10.85062],[38.46153,-10.85406],[38.46107,-10.85573],[38.46599,-10.85738],[38.46711,-10.86046],[38.46992,-10.86177],[38.47198,-10.86055],[38.47463,-10.86062],[38.47779,-10.86495],[38.47787,-10.86742],[38.48009,-10.86863],[38.48097,-10.87172],[38.47961,-10.87262],[38.47933,-10.87416],[38.48299,-10.87587],[38.48947,-10.88179],[38.49627,-10.884],[38.50322,-10.88038],[38.51393,-10.88178],[38.52083,-10.88647],[38.52644,-10.88688],[38.52877,-10.88862],[38.53598,-10.88744],[38.5435,-10.89263],[38.54696,-10.89704],[38.54843,-10.90569],[38.55103,-10.90742],[38.55049,-10.90933],[38.55342,-10.9128],[38.55522,-10.91716],[38.55933,-10.9212],[38.56634,-10.93416],[38.56091,-10.94114],[38.56656,-10.96146],[38.57164,-10.96632],[38.57133,-10.97073],[38.57657,-10.97549],[38.57849,-10.98146],[38.57937,-10.98651],[38.57503,-10.98805],[38.56917,-10.98619],[38.56513,-10.98817],[38.56551,-10.99142],[38.56402,-10.99474],[38.55655,-10.999],[38.55742,-11.00095],[38.55492,-11.00353],[38.55146,-11.00178],[38.54904,-11.00518],[38.54583,-11.00586],[38.54435,-11.00522],[38.54141,-11.00707],[38.53836,-11.00451],[38.53644,-11.00601],[38.53065,-11.00559],[38.52833,-10.99984],[38.52585,-11.00085],[38.52233,-10.99958],[38.52007,-11.00046],[38.51977,-11.00222],[38.51718,-11.0037],[38.51519,-11.00734],[38.50941,-11.00998],[38.50584,-11.01677],[38.48888,-11.0255],[38.48752,-11.02849],[38.48696,-11.03436],[38.48534,-11.02815],[38.49492,-11.01137],[38.49642,-11.00514],[38.495,-11.0041],[38.48972,-11.00469],[38.44244,-11.00339],[38.43824,-11.00403],[38.4348,-11.00604],[38.4292,-10.98807],[38.42714,-10.98517],[38.42595,-10.97535],[38.42429,-10.97426],[38.42451,-10.96351],[38.42635,-10.95927],[38.42825,-10.95756],[38.42788,-10.95195],[38.43052,-10.94852],[38.43733,-10.94884],[38.44259,-10.95188],[38.44797,-10.9506],[38.44886,-10.95158],[38.45078,-10.94933],[38.45448,-10.94946],[38.45401,-10.9485],[38.4552,-10.94673],[38.4568,-10.94694],[38.45731,-10.94617],[38.46131,-10.94707],[38.46287,-10.9492],[38.46513,-10.94762],[38.47454,-10.94552],[38.47666,-10.94667],[38.47712,-10.9458],[38.48061,-10.94618],[38.4811,-10.94801],[38.48267,-10.94807],[38.48293,-10.94903],[38.48446,-10.94859],[38.48505,-10.95018],[38.4887,-10.95087],[38.4907,-10.94979],[38.4858,-10.94078],[38.47994,-10.9374],[38.47904,-10.93212],[38.48063,-10.92786],[38.47361,-10.90964],[38.45407,-10.91444],[38.44669,-10.9122],[38.44121,-10.89347],[38.452,-10.88151],[38.45049,-10.8778],[38.4467,-10.87603],[38.44652,-10.87456],[38.44434,-10.8736],[38.44142,-10.87452],[38.43929,-10.87303],[38.43813,-10.87193],[38.43919,-10.87015],[38.43797,-10.86832],[38.43545,-10.86839],[38.43151,-10.86564],[38.43031,-10.86779],[38.42866,-10.86754],[38.4281,-10.86526],[38.42585,-10.86404],[38.42455,-10.8652],[38.41945,-10.86303],[38.4184,-10.86401],[38.4163,-10.86087],[38.41192,-10.86167],[38.41084,-10.8587],[38.40939,-10.85994],[38.40616,-10.85966],[38.40181,-10.85426],[38.39548,-10.85313],[38.39296,-10.85111],[38.38846,-10.85061],[38.38219,-10.85262],[38.38107,-10.85046],[38.37616,-10.84697],[38.36955,-10.84571],[38.37061,-10.84321],[38.37321,-10.84148],[38.40338,-10.80712],[38.43312,-10.76908]]]},"properties":{"region":"Mtwara","district":"Nanyumbu","ward":"Nangomba","ward_code":"021"}},{"type":"Feature","geometry":{"type":"Polygon","coordinates":[[[38.2598,-10.67728],[38.27894,-10.70399],[38.28911,-10.71147],[38.30822,-10.72243],[38.31707,-10.72616],[38.33446,-10.7264],[38.34074,-10.72974],[38.3647,-10.73887],[38.37291,-10.74456],[38.38382,-10.74984],[38.39254,-10.75549],[38.39917,-10.75725],[38.40729,-10.75735],[38.41896,-10.75947],[38.43312,-10.76908],[38.40338,-10.80712],[38.37321,-10.84148],[38.37061,-10.84321],[38.36955,-10.84571],[38.37616,-10.84697],[38.3829,-10.85283],[38.38846,-10.85061],[38.39162,-10.85076],[38.39548,-10.85313],[38.40027,-10.85363],[38.40181,-10.85426],[38.40616,-10.85966],[38.40025,-10.86796],[38.37593,-10.88713],[38.37205,-10.89441],[38.37171,-10.90166],[38.35991,-10.91021],[38.35035,-10.91923],[38.35134,-10.92129],[38.35374,-10.92308],[38.35603,-10.93227],[38.35864,-10.93409],[38.36023,-10.93391],[38.36444,-10.9392],[38.36631,-10.94372],[38.36383,-10.95216],[38.35408,-10.95589],[38.33055,-10.95926],[38.32063,-10.96402],[38.31401,-10.96349],[38.297,-10.96496],[38.29888,-10.94039],[38.30776,-10.93196],[38.3129,-10.92015],[38.31225,-10.89455],[38.30813,-10.89301],[38.28467,-10.88854],[38.26917,-10.89115],[38.26621,-10.88787],[38.26534,-10.88191],[38.26381,-10.88062],[38.26264,-10.87537],[38.25926,-10.87329],[38.26084,-10.8712],[38.25881,-10.8696],[38.2555,-10.86311],[38.25659,-10.85543],[38.2544,-10.85317],[38.25276,-10.83653],[38.25083,-10.82871],[38.24819,-10.82306],[38.23108,-10.81234],[38.22462,-10.80944],[38.2181,-10.79667],[38.22356,-10.78142],[38.23007,-10.75803],[38.22207,-10.74381],[38.20694,-10.73461],[38.20892,-10.71428],[38.20654,-10.70736],[38.20514,-10.69646],[38.20874,-10.69674],[38.21244,-10.69399],[38.22171,-10.6918],[38.2598,-10.67728]]]},"properties":{"region":"Mtwara","district":"Nanyumbu","ward":"Sengenya","ward_code":"051"}},{"type":"Feature","geometry":{"type":"Polygon","coordinates":[[[38.38591,-10.98541],[38.40143,-10.98918],[38.4292,-10.98807],[38.4348,-11.00604],[38.43824,-11.00403],[38.44244,-11.00339],[38.48972,-11.00469],[38.495,-11.0041],[38.49642,-11.00514],[38.49492,-11.01137],[38.48534,-11.02815],[38.48829,-11.03787],[38.48683,-11.05426],[38.489,-11.06319],[38.48861,-11.07767],[38.46365,-11.08331],[38.45618,-11.08606],[38.43746,-11.09867],[38.42149,-11.11258],[38.40498,-11.11633],[38.39767,-11.14171],[38.39622,-11.16073],[38.38588,-11.17439],[38.37371,-11.19444],[38.36452,-11.19096],[38.35658,-11.18653],[38.35855,-11.18155],[38.36203,-11.17638],[38.36017,-11.17252],[38.36091,-11.1717],[38.36249,-11.17247],[38.36557,-11.17036],[38.36576,-11.16901],[38.36364,-11.16845],[38.36292,-11.16667],[38.36378,-11.16392],[38.36503,-11.16426],[38.36547,-11.16332],[38.36063,-11.15993],[38.35783,-11.15098],[38.35901,-11.14704],[38.35594,-11.14535],[38.35353,-11.14174],[38.35635,-11.13745],[38.35304,-11.13261],[38.35599,-11.1293],[38.35147,-11.12739],[38.34806,-11.12295],[38.35087,-11.11775],[38.35565,-11.11218],[38.35423,-11.11032],[38.34954,-11.11023],[38.34502,-11.10864],[38.34237,-11.10295],[38.34381,-11.10229],[38.34864,-11.1034],[38.34838,-11.10063],[38.35169,-11.09889],[38.34513,-11.09522],[38.34525,-11.09178],[38.34613,-11.09084],[38.34293,-11.08631],[38.3389,-11.0856],[38.33299,-11.08267],[38.33349,-11.08128],[38.33574,-11.08038],[38.3376,-11.07824],[38.3364,-11.07534],[38.33478,-11.0752],[38.33347,-11.07368],[38.33598,-11.0687],[38.3284,-11.06457],[38.32349,-11.05953],[38.32307,-11.05731],[38.31729,-11.05759],[38.31532,-11.05365],[38.31584,-11.05068],[38.3138,-11.04747],[38.30998,-11.03519],[38.30533,-11.03407],[38.29697,-11.0223],[38.33656,-10.99601],[38.35086,-10.98069],[38.3699,-10.96936],[38.37277,-10.9685],[38.37746,-10.97567],[38.38591,-10.98541]]]},"properties":{"region":"Mtwara","district":"Nanyumbu","ward":"Chipuputa","ward_code":"131"}},{"type":"Feature","geometry":{"type":"Polygon","coordinates":[[[38.41127,-10.85924],[38.41093,-10.8605],[38.41192,-10.86167],[38.4163,-10.86087],[38.4184,-10.86401],[38.41945,-10.86303],[38.42455,-10.8652],[38.42585,-10.86404],[38.4281,-10.86526],[38.42866,-10.86754],[38.43031,-10.86779],[38.43151,-10.86564],[38.43545,-10.86839],[38.43797,-10.86832],[38.43919,-10.87015],[38.43813,-10.87193],[38.44041,-10.87389],[38.44142,-10.87452],[38.44434,-10.8736],[38.44652,-10.87456],[38.4467,-10.87603],[38.45049,-10.8778],[38.452,-10.88151],[38.44121,-10.89347],[38.44501,-10.90487],[38.42765,-10.9138],[38.41808,-10.91577],[38.4102,-10.92855],[38.41079,-10.93306],[38.3772,-10.93383],[38.36927,-10.9346],[38.36257,-10.93681],[38.36023,-10.93391],[38.35864,-10.93409],[38.35603,-10.93227],[38.35374,-10.92308],[38.35134,-10.92129],[38.35035,-10.91923],[38.35991,-10.91021],[38.37171,-10.90166],[38.37205,-10.89441],[38.37593,-10.88713],[38.40025,-10.86796],[38.40616,-10.85966],[38.41127,-10.85924]]]},"properties":{"region":"Mtwara","district":"Nanyumbu","ward":"Kilimanihewa","ward_code":"173"}},{"type":"Feature","geometry":{"type":"Polygon","coordinates":[[[38.73168,-10.81288],[38.73781,-10.82449],[38.74616,-10.83122],[38.75108,-10.83225],[38.75621,-10.83471],[38.75966,-10.83871],[38.75969,-10.84365],[38.75315,-10.84809],[38.74983,-10.85175],[38.74942,-10.85498],[38.74714,-10.85768],[38.74349,-10.86664],[38.74365,-10.87694],[38.74805,-10.88008],[38.75083,-10.88595],[38.74984,-10.8867],[38.75119,-10.88853],[38.75024,-10.88935],[38.74963,-10.88835],[38.74924,-10.88988],[38.74757,-10.88997],[38.74704,-10.8919],[38.74629,-10.89178],[38.74361,-10.89607],[38.74164,-10.89703],[38.7396,-10.90128],[38.74116,-10.90215],[38.74304,-10.90547],[38.74117,-10.90969],[38.73914,-10.91208],[38.73817,-10.91206],[38.7361,-10.91591],[38.73441,-10.91468],[38.73437,-10.91569],[38.73195,-10.91697],[38.73035,-10.91955],[38.72884,-10.92002],[38.72909,-10.92117],[38.72656,-10.92265],[38.72716,-10.92552],[38.72598,-10.9293],[38.72684,-10.93108],[38.72584,-10.93114],[38.72405,-10.93353],[38.72243,-10.93856],[38.72472,-10.94278],[38.72603,-10.94305],[38.72504,-10.94778],[38.72766,-10.9493],[38.72856,-10.95158],[38.72621,-10.95262],[38.72532,-10.95433],[38.72652,-10.95655],[38.72781,-10.95617],[38.73027,-10.95801],[38.72945,-10.95883],[38.73025,-10.95985],[38.73156,-10.95939],[38.73199,-10.96188],[38.73405,-10.96168],[38.73615,-10.96599],[38.73451,-10.9676],[38.73416,-10.97038],[38.73154,-10.97146],[38.72902,-10.97065],[38.72963,-10.97268],[38.72725,-10.97271],[38.72631,-10.97512],[38.71997,-10.97469],[38.72018,-10.97637],[38.719,-10.97662],[38.71658,-10.98098],[38.71162,-10.98451],[38.7129,-10.9865],[38.71014,-10.98885],[38.70935,-10.98857],[38.70326,-10.99447],[38.69716,-10.98895],[38.69502,-10.98231],[38.68674,-10.97595],[38.68678,-10.97007],[38.68371,-10.96181],[38.67615,-10.95625],[38.67444,-10.95324],[38.67092,-10.95074],[38.67193,-10.94689],[38.66869,-10.94308],[38.66875,-10.94154],[38.66322,-10.93131],[38.66435,-10.92777],[38.66205,-10.92714],[38.66125,-10.92449],[38.66218,-10.92298],[38.65835,-10.91701],[38.65164,-10.91499],[38.64892,-10.91515],[38.64731,-10.91342],[38.65054,-10.91119],[38.65764,-10.9099],[38.66458,-10.90275],[38.66053,-10.89024],[38.67383,-10.87487],[38.67796,-10.87349],[38.68058,-10.87075],[38.68065,-10.8587],[38.678,-10.84568],[38.70616,-10.81735],[38.71621,-10.81579],[38.72436,-10.80488],[38.73168,-10.81288]]]},"properties":{"region":"Mtwara","district":"Nanyumbu","ward":"Mnanje","ward_code":"061"}},{"type":"Feature","geometry":{"type":"Polygon","coordinates":[[[38.70616,-10.81735],[38.678,-10.84568],[38.68082,-10.86139],[38.68058,-10.87075],[38.67796,-10.87349],[38.67383,-10.87487],[38.66642,-10.88363],[38.65684,-10.87476],[38.63947,-10.8865],[38.63188,-10.89396],[38.62613,-10.89131],[38.61915,-10.88281],[38.59901,-10.88391],[38.59342,-10.86317],[38.59021,-10.85683],[38.58774,-10.85417],[38.58892,-10.852],[38.57483,-10.83682],[38.57782,-10.83297],[38.5822,-10.82945],[38.59922,-10.8278],[38.61083,-10.82937],[38.61825,-10.80198],[38.65468,-10.79812],[38.65796,-10.81087],[38.66527,-10.81504],[38.68263,-10.81703],[38.70616,-10.81735]]]},"properties":{"region":"Mtwara","district":"Nanyumbu","ward":"Mikangaula","ward_code":"071"}},{"type":"Feature","geometry":{"type":"Polygon","coordinates":[[[38.64892,-10.91515],[38.65164,-10.91499],[38.65835,-10.91701],[38.66218,-10.92298],[38.66125,-10.92449],[38.66205,-10.92714],[38.66435,-10.92777],[38.66322,-10.93131],[38.66875,-10.94154],[38.66869,-10.94308],[38.67193,-10.94689],[38.67092,-10.95074],[38.67444,-10.95324],[38.67615,-10.95625],[38.68371,-10.96181],[38.68678,-10.97007],[38.68674,-10.97595],[38.69502,-10.98231],[38.69716,-10.98895],[38.70429,-10.99525],[38.7033,-10.99857],[38.70517,-11.0047],[38.70608,-11.00317],[38.7076,-11.00529],[38.70863,-11.00416],[38.71054,-11.00797],[38.71322,-11.00928],[38.7129,-11.01008],[38.71615,-11.0107],[38.71596,-11.01187],[38.71464,-11.01173],[38.71738,-11.01445],[38.71854,-11.01776],[38.72301,-11.01942],[38.72009,-11.0227],[38.71762,-11.02285],[38.71849,-11.02385],[38.71749,-11.02553],[38.7195,-11.02669],[38.71733,-11.02878],[38.71789,-11.03259],[38.71636,-11.03385],[38.71397,-11.03369],[38.71323,-11.03649],[38.71103,-11.03791],[38.71148,-11.04025],[38.71019,-11.04436],[38.71165,-11.04667],[38.71402,-11.0481],[38.70948,-11.04858],[38.70505,-11.05352],[38.7015,-11.05387],[38.70063,-11.05833],[38.6987,-11.06001],[38.69099,-11.063],[38.68299,-11.06234],[38.67777,-11.06879],[38.67516,-11.06521],[38.67614,-11.06163],[38.67562,-11.06058],[38.67156,-11.05899],[38.66936,-11.05913],[38.66653,-11.0613],[38.66347,-11.06081],[38.66159,-11.06151],[38.65984,-11.06942],[38.65794,-11.06995],[38.6508,-11.05972],[38.6464,-11.05873],[38.64542,-11.05942],[38.64537,-11.06293],[38.64832,-11.06681],[38.64664,-11.06782],[38.64405,-11.0733],[38.64285,-11.07279],[38.64205,-11.07083],[38.63758,-11.06796],[38.63737,-11.06638],[38.63958,-11.06135],[38.63771,-11.05483],[38.63495,-11.05398],[38.6345,-11.05225],[38.62926,-11.05126],[38.62685,-11.04357],[38.62393,-11.04163],[38.62036,-11.04137],[38.61893,-11.04003],[38.61221,-11.02703],[38.6123,-11.02507],[38.61439,-11.02302],[38.61514,-11.02078],[38.61434,-11.01808],[38.61499,-11.01539],[38.60981,-11.01519],[38.60841,-11.01426],[38.60529,-11.01531],[38.60306,-11.0147],[38.60254,-11.01293],[38.60123,-11.01399],[38.59531,-11.0146],[38.59424,-11.0114],[38.59282,-11.01197],[38.59146,-11.0104],[38.59222,-11.00888],[38.5888,-10.99957],[38.58898,-10.99535],[38.57937,-10.98651],[38.57657,-10.97549],[38.57133,-10.97073],[38.57164,-10.96632],[38.56656,-10.96146],[38.56091,-10.94114],[38.56634,-10.93416],[38.55933,-10.9212],[38.58576,-10.9205],[38.63159,-10.91682],[38.63506,-10.91503],[38.6392,-10.9078],[38.63739,-10.90364],[38.63833,-10.89862],[38.63188,-10.89396],[38.63947,-10.8865],[38.65684,-10.87476],[38.66642,-10.88363],[38.66053,-10.89024],[38.66458,-10.90275],[38.65764,-10.9099],[38.65054,-10.91119],[38.64731,-10.91342],[38.64892,-10.91515]]]},"properties":{"region":"Mtwara","district":"Nanyumbu","ward":"Maratani","ward_code":"081"}},{"type":"Feature","geometry":{"type":"Polygon","coordinates":[[[38.85986,-10.82476],[38.86398,-10.83349],[38.867,-10.83476],[38.86765,-10.83633],[38.86708,-10.83838],[38.86962,-10.83938],[38.86941,-10.84173],[38.87064,-10.84428],[38.87485,-10.84482],[38.87458,-10.84615],[38.87574,-10.84809],[38.87431,-10.85094],[38.87591,-10.85346],[38.87998,-10.85393],[38.88155,-10.85502],[38.88226,-10.85448],[38.88558,-10.85629],[38.88729,-10.85574],[38.88835,-10.85726],[38.88794,-10.8607],[38.8891,-10.86052],[38.88944,-10.86166],[38.88869,-10.86187],[38.88946,-10.8646],[38.88599,-10.86506],[38.88658,-10.86606],[38.88418,-10.86751],[38.8855,-10.8694],[38.88269,-10.87181],[38.88347,-10.87551],[38.88225,-10.87626],[38.88362,-10.87708],[38.88514,-10.88022],[38.88396,-10.88099],[38.88198,-10.88057],[38.88256,-10.88197],[38.88031,-10.88324],[38.88066,-10.88543],[38.87716,-10.88767],[38.87877,-10.89227],[38.87711,-10.89254],[38.87705,-10.89328],[38.88063,-10.8954],[38.87812,-10.89747],[38.87837,-10.8988],[38.87585,-10.90141],[38.87633,-10.90192],[38.87524,-10.9027],[38.87627,-10.90346],[38.87589,-10.90505],[38.87447,-10.9054],[38.874,-10.90742],[38.87168,-10.90899],[38.87141,-10.9108],[38.86849,-10.91282],[38.86903,-10.91422],[38.86836,-10.91563],[38.86648,-10.91715],[38.8652,-10.91685],[38.86358,-10.91857],[38.86242,-10.91763],[38.86244,-10.91962],[38.86016,-10.91993],[38.85901,-10.92154],[38.85975,-10.92303],[38.85889,-10.9245],[38.8604,-10.92767],[38.85485,-10.93046],[38.85376,-10.93299],[38.84929,-10.93567],[38.84698,-10.93929],[38.84847,-10.94179],[38.84551,-10.9472],[38.83693,-10.95068],[38.82987,-10.95814],[38.81941,-10.96426],[38.80726,-10.96658],[38.80365,-10.96821],[38.80227,-10.97017],[38.79527,-10.97488],[38.76766,-10.9915],[38.75616,-11.00123],[38.75252,-11.00283],[38.75103,-11.0048],[38.74732,-11.00589],[38.74284,-11.01147],[38.74024,-11.01689],[38.73368,-11.0431],[38.73339,-11.05591],[38.73576,-11.06363],[38.72893,-11.06138],[38.71368,-11.04747],[38.71165,-11.04667],[38.71019,-11.04436],[38.71148,-11.04025],[38.71103,-11.03791],[38.71323,-11.03649],[38.71334,-11.03426],[38.71636,-11.03385],[38.71789,-11.03259],[38.71733,-11.02878],[38.7195,-11.02669],[38.71749,-11.02553],[38.71849,-11.02385],[38.71762,-11.02285],[38.72009,-11.0227],[38.72301,-11.01942],[38.71854,-11.01776],[38.71738,-11.01445],[38.71464,-11.01173],[38.71596,-11.01187],[38.71615,-11.0107],[38.7129,-11.01008],[38.71322,-11.00928],[38.71054,-11.00797],[38.70863,-11.00416],[38.7076,-11.00529],[38.70608,-11.00317],[38.70517,-11.0047],[38.7033,-10.99857],[38.70444,-10.99571],[38.70319,-10.99462],[38.70935,-10.98857],[38.71014,-10.98885],[38.7129,-10.9865],[38.71162,-10.98451],[38.71658,-10.98098],[38.719,-10.97662],[38.72018,-10.97637],[38.71997,-10.97469],[38.72631,-10.97512],[38.72725,-10.97271],[38.72963,-10.97268],[38.72902,-10.97065],[38.73154,-10.97146],[38.73416,-10.97038],[38.73451,-10.9676],[38.73615,-10.96599],[38.73405,-10.96168],[38.73199,-10.96188],[38.73156,-10.95939],[38.73025,-10.95985],[38.72945,-10.95883],[38.73027,-10.95801],[38.72781,-10.95617],[38.72652,-10.95655],[38.72532,-10.95433],[38.72621,-10.95262],[38.72856,-10.95158],[38.72766,-10.9493],[38.72504,-10.94778],[38.72603,-10.94305],[38.72472,-10.94278],[38.72243,-10.93856],[38.72405,-10.93353],[38.72584,-10.93114],[38.72684,-10.93108],[38.72598,-10.9293],[38.72716,-10.92552],[38.72656,-10.92265],[38.72909,-10.92117],[38.72884,-10.92002],[38.73035,-10.91955],[38.73195,-10.91697],[38.73437,-10.91569],[38.73441,-10.91468],[38.7361,-10.91591],[38.73817,-10.91206],[38.73914,-10.91208],[38.74117,-10.90969],[38.74304,-10.90547],[38.74116,-10.90215],[38.7396,-10.90128],[38.74164,-10.89703],[38.74361,-10.89607],[38.74629,-10.89178],[38.74704,-10.8919],[38.74757,-10.88997],[38.74924,-10.88988],[38.74963,-10.88835],[38.75024,-10.88935],[38.75119,-10.88853],[38.74984,-10.8867],[38.75086,-10.88619],[38.7505,-10.88509],[38.74931,-10.88405],[38.75052,-10.87259],[38.75786,-10.86645],[38.77315,-10.86025],[38.78672,-10.85214],[38.80616,-10.84663],[38.8223,-10.8381],[38.8352,-10.83336],[38.85439,-10.82235],[38.85986,-10.82476]]]},"properties":{"region":"Mtwara","district":"Nanyumbu","ward":"Nandete","ward_code":"091"}},{"type":"Feature","geometry":{"type":"Polygon","coordinates":[[[38.53294,-10.79454],[38.54158,-10.79529],[38.5415,-10.79442],[38.54701,-10.79345],[38.54686,-10.79118],[38.54298,-10.78981],[38.54218,-10.78853],[38.5434,-10.7879],[38.54315,-10.78605],[38.54417,-10.78433],[38.55341,-10.78765],[38.56845,-10.78893],[38.57855,-10.79235],[38.59372,-10.80305],[38.59818,-10.80443],[38.60208,-10.80451],[38.60995,-10.80223],[38.61825,-10.80198],[38.61083,-10.82937],[38.59922,-10.8278],[38.5822,-10.82945],[38.57782,-10.83297],[38.57483,-10.83682],[38.58892,-10.852],[38.58774,-10.85417],[38.59021,-10.85683],[38.59342,-10.86317],[38.59901,-10.88391],[38.61915,-10.88281],[38.62613,-10.89131],[38.63188,-10.89396],[38.63833,-10.89862],[38.63739,-10.90364],[38.6392,-10.9078],[38.63506,-10.91503],[38.63159,-10.91682],[38.62088,-10.91813],[38.58576,-10.9205],[38.55933,-10.9212],[38.55522,-10.91716],[38.55342,-10.9128],[38.55049,-10.90933],[38.55103,-10.90742],[38.54843,-10.90569],[38.54696,-10.89704],[38.5435,-10.89263],[38.53598,-10.88744],[38.52877,-10.88862],[38.52644,-10.88688],[38.52083,-10.88647],[38.51393,-10.88178],[38.50322,-10.88038],[38.49627,-10.884],[38.48947,-10.88179],[38.48299,-10.87587],[38.47933,-10.87416],[38.47961,-10.87262],[38.48097,-10.87172],[38.48009,-10.86863],[38.47787,-10.86742],[38.47779,-10.86495],[38.47463,-10.86062],[38.47198,-10.86055],[38.46992,-10.86177],[38.46711,-10.86046],[38.46599,-10.85738],[38.46107,-10.85573],[38.46153,-10.85406],[38.46002,-10.85062],[38.45547,-10.84836],[38.455,-10.84684],[38.44832,-10.84564],[38.44837,-10.84209],[38.44697,-10.84171],[38.44699,-10.83914],[38.44339,-10.83736],[38.44317,-10.83574],[38.47258,-10.78349],[38.47377,-10.78289],[38.5005,-10.77136],[38.51563,-10.77195],[38.52149,-10.78535],[38.53294,-10.79454]]]},"properties":{"region":"Mtwara","district":"Nanyumbu","ward":"Kamundi","ward_code":"161"}},{"type":"Feature","geometry":{"type":"Polygon","coordinates":[[[38.72893,-11.06138],[38.73576,-11.06363],[38.74424,-11.06293],[38.75035,-11.06019],[38.7546,-11.06421],[38.75551,-11.06677],[38.76029,-11.06973],[38.76287,-11.07342],[38.76499,-11.0788],[38.76246,-11.08288],[38.76469,-11.08504],[38.76837,-11.08627],[38.77533,-11.08588],[38.78941,-11.09323],[38.79034,-11.09886],[38.79287,-11.10225],[38.7954,-11.10346],[38.79914,-11.10278],[38.8035,-11.10405],[38.80561,-11.10798],[38.80967,-11.11158],[38.81076,-11.11456],[38.814,-11.11581],[38.81895,-11.12216],[38.82359,-11.12226],[38.82819,-11.12049],[38.8347,-11.121],[38.84686,-11.12712],[38.84877,-11.13874],[38.85076,-11.13983],[38.8539,-11.13934],[38.85578,-11.14068],[38.85926,-11.14644],[38.8588,-11.14787],[38.85542,-11.15043],[38.85628,-11.15129],[38.85979,-11.15123],[38.86475,-11.15404],[38.86724,-11.15709],[38.86869,-11.16561],[38.87004,-11.16828],[38.88019,-11.17452],[38.87974,-11.17567],[38.85871,-11.19],[38.85094,-11.20124],[38.83917,-11.21051],[38.81734,-11.22405],[38.81292,-11.22933],[38.80776,-11.23304],[38.78916,-11.24035],[38.77535,-11.24887],[38.7574,-11.26229],[38.75035,-11.26887],[38.74181,-11.27155],[38.70829,-11.2667],[38.66504,-11.27773],[38.64405,-11.28181],[38.6365,-11.28611],[38.61457,-11.30333],[38.60541,-11.31159],[38.60124,-11.31708],[38.58059,-11.28186],[38.57573,-11.25992],[38.57654,-11.25535],[38.57407,-11.24697],[38.56954,-11.24167],[38.56928,-11.23929],[38.57216,-11.23444],[38.57001,-11.22544],[38.55903,-11.21599],[38.55953,-11.21084],[38.55253,-11.20287],[38.55161,-11.18933],[38.55539,-11.18847],[38.53728,-11.15382],[38.53421,-11.15058],[38.51562,-11.0963],[38.51811,-11.09455],[38.52136,-11.0948],[38.52411,-11.09678],[38.53726,-11.09322],[38.54339,-11.09397],[38.55329,-11.09726],[38.56383,-11.098],[38.58209,-11.0969],[38.59599,-11.09813],[38.61296,-11.09629],[38.61947,-11.08987],[38.62441,-11.07995],[38.62891,-11.07638],[38.63256,-11.07516],[38.63527,-11.07175],[38.63751,-11.06676],[38.63897,-11.06937],[38.64205,-11.07083],[38.64285,-11.07279],[38.64405,-11.0733],[38.64664,-11.06782],[38.64832,-11.06681],[38.64537,-11.06293],[38.64542,-11.05942],[38.6464,-11.05873],[38.6508,-11.05972],[38.65794,-11.06995],[38.65984,-11.06942],[38.66159,-11.06151],[38.66347,-11.06081],[38.66653,-11.0613],[38.66936,-11.05913],[38.67156,-11.05899],[38.67562,-11.06058],[38.67614,-11.06163],[38.67516,-11.06521],[38.67777,-11.06879],[38.68299,-11.06234],[38.69099,-11.063],[38.6987,-11.06001],[38.70063,-11.05833],[38.7015,-11.05387],[38.70505,-11.05352],[38.70948,-11.04858],[38.71115,-11.04797],[38.71402,-11.0481],[38.72893,-11.06138]]]},"properties":{"region":"Mtwara","district":"Nanyumbu","ward":"Mkonona","ward_code":"101"}},{"type":"Feature","geometry":{"type":"Polygon","coordinates":[[[38.56988,-10.98615],[38.57503,-10.98805],[38.57937,-10.98651],[38.58898,-10.99535],[38.5888,-10.99957],[38.59222,-11.00888],[38.59146,-11.0104],[38.59282,-11.01197],[38.59424,-11.0114],[38.59531,-11.0146],[38.60123,-11.01399],[38.60254,-11.01293],[38.60306,-11.0147],[38.60529,-11.01531],[38.60841,-11.01426],[38.60981,-11.01519],[38.61499,-11.01539],[38.61434,-11.01808],[38.61514,-11.02078],[38.61439,-11.02302],[38.6123,-11.02507],[38.61221,-11.02703],[38.61893,-11.04003],[38.62036,-11.04137],[38.62393,-11.04163],[38.62685,-11.04357],[38.62926,-11.05126],[38.6345,-11.05225],[38.63495,-11.05398],[38.63771,-11.05483],[38.63958,-11.06135],[38.63527,-11.07175],[38.63256,-11.07516],[38.62891,-11.07638],[38.62441,-11.07995],[38.61947,-11.08987],[38.61296,-11.09629],[38.59599,-11.09813],[38.58209,-11.0969],[38.56383,-11.098],[38.55329,-11.09726],[38.54339,-11.09397],[38.53726,-11.09322],[38.52411,-11.09678],[38.52136,-11.0948],[38.51811,-11.09455],[38.51562,-11.0963],[38.53421,-11.15058],[38.53728,-11.15382],[38.55539,-11.18847],[38.55161,-11.18933],[38.55253,-11.20287],[38.55953,-11.21084],[38.55903,-11.21599],[38.57001,-11.22544],[38.57216,-11.23444],[38.56928,-11.23929],[38.56954,-11.24167],[38.57407,-11.24697],[38.57654,-11.25535],[38.57573,-11.25992],[38.58059,-11.28186],[38.60124,-11.31708],[38.5944,-11.32242],[38.58833,-11.33062],[38.55336,-11.35198],[38.54249,-11.36281],[38.53748,-11.36649],[38.52592,-11.3316],[38.51631,-11.30612],[38.50533,-11.2795],[38.49895,-11.26958],[38.48978,-11.26249],[38.47072,-11.26268],[38.46351,-11.26117],[38.45609,-11.26152],[38.4412,-11.25852],[38.42554,-11.25713],[38.42049,-11.25547],[38.39061,-11.25403],[38.38464,-11.25006],[38.3738,-11.23684],[38.37438,-11.22391],[38.37351,-11.19558],[38.38588,-11.17439],[38.39622,-11.16073],[38.39767,-11.14171],[38.40498,-11.11633],[38.42149,-11.11258],[38.43746,-11.09867],[38.45618,-11.08606],[38.46365,-11.08331],[38.48861,-11.07767],[38.489,-11.06319],[38.48683,-11.05426],[38.48829,-11.03787],[38.48696,-11.03436],[38.48752,-11.02849],[38.48888,-11.0255],[38.50584,-11.01677],[38.50941,-11.00998],[38.51519,-11.00734],[38.51718,-11.0037],[38.51977,-11.00222],[38.51984,-11.00069],[38.52233,-10.99958],[38.52585,-11.00085],[38.52833,-10.99984],[38.53065,-11.00559],[38.53644,-11.00601],[38.53836,-11.00451],[38.54141,-11.00707],[38.54435,-11.00522],[38.54583,-11.00586],[38.54904,-11.00518],[38.55146,-11.00178],[38.55492,-11.00353],[38.55742,-11.00095],[38.55655,-10.999],[38.56402,-10.99474],[38.56551,-10.99142],[38.56513,-10.98817],[38.56988,-10.98615]]]},"properties":{"region":"Mtwara","district":"Nanyumbu","ward":"Nanyumbu","ward_code":"111"}},{"type":"Feature","geometry":{"type":"Polygon","coordinates":[[[38.37371,-11.19444],[38.37438,-11.22391],[38.3738,-11.23684],[38.38464,-11.25006],[38.39061,-11.25403],[38.42049,-11.25547],[38.42554,-11.25713],[38.4412,-11.25852],[38.45609,-11.26152],[38.46351,-11.26117],[38.47072,-11.26268],[38.48978,-11.26249],[38.49895,-11.26958],[38.50533,-11.2795],[38.52592,-11.3316],[38.53748,-11.36649],[38.52133,-11.37884],[38.50001,-11.40418],[38.49245,-11.41557],[38.48849,-11.41841],[38.48539,-11.41938],[38.47884,-11.41812],[38.47003,-11.41796],[38.46482,-11.41906],[38.46151,-11.4185],[38.45095,-11.41313],[38.43941,-11.40303],[38.43414,-11.3953],[38.42816,-11.39146],[38.42337,-11.38965],[38.40667,-11.38934],[38.39393,-11.38528],[38.38047,-11.38358],[38.37625,-11.38183],[38.36887,-11.37361],[38.36208,-11.36814],[38.3603,-11.36791],[38.35561,-11.35679],[38.35342,-11.35581],[38.34676,-11.34899],[38.3348,-11.33386],[38.32636,-11.32681],[38.31568,-11.32437],[38.30588,-11.32501],[38.29897,-11.32653],[38.29206,-11.32959],[38.28115,-11.33022],[38.27805,-11.32538],[38.27674,-11.31527],[38.27676,-11.30516],[38.26879,-11.28866],[38.26631,-11.28544],[38.26763,-11.2846],[38.26762,-11.28187],[38.26991,-11.28035],[38.26857,-11.27838],[38.26891,-11.27599],[38.26806,-11.27503],[38.26297,-11.27431],[38.25934,-11.27478],[38.25783,-11.27404],[38.25739,-11.27226],[38.2587,-11.26748],[38.26383,-11.26654],[38.26299,-11.2643],[38.26432,-11.26131],[38.26305,-11.25749],[38.26337,-11.25428],[38.26495,-11.25183],[38.2654,-11.24474],[38.26293,-11.24354],[38.26157,-11.24555],[38.25981,-11.24387],[38.25642,-11.24577],[38.25638,-11.24249],[38.25392,-11.24255],[38.25354,-11.24178],[38.25514,-11.23994],[38.25865,-11.24033],[38.2561,-11.23572],[38.25875,-11.23551],[38.25971,-11.2343],[38.25696,-11.2316],[38.25777,-11.22967],[38.25219,-11.22692],[38.25202,-11.22428],[38.25469,-11.22155],[38.2527,-11.21835],[38.25261,-11.2163],[38.25482,-11.21474],[38.247,-11.21422],[38.2478,-11.2077],[38.25496,-11.20904],[38.25697,-11.2043],[38.26498,-11.20372],[38.3091,-11.1872],[38.33822,-11.18293],[38.35252,-11.18433],[38.36452,-11.19096],[38.37371,-11.19444]]]},"properties":{"region":"Mtwara","district":"Nanyumbu","ward":"Masuguru","ward_code":"121"}}]}