{"type":"FeatureCollection","features":[{"type":"Feature","geometry":{"type":"Polygon","coordinates":[[[33.07144,-1.83056],[33.07794,-1.83914],[33.07986,-1.8444],[33.08424,-1.84428],[33.08098,-1.84975],[33.07995,-1.85677],[33.0816,-1.8605],[33.07128,-1.86601],[33.05916,-1.87962],[33.04969,-1.88656],[33.04672,-1.8856],[33.04155,-1.88841],[33.0364,-1.88835],[33.03307,-1.88757],[33.02983,-1.88488],[33.02695,-1.88494],[33.02283,-1.88836],[33.0243,-1.88104],[33.02264,-1.87699],[33.01697,-1.87479],[33.01142,-1.87507],[33.01051,-1.87301],[33.00745,-1.87056],[33.00683,-1.86618],[33.00424,-1.86446],[33.0071,-1.86387],[33.01017,-1.85767],[33.012,-1.85886],[33.01506,-1.85871],[33.01993,-1.85646],[33.02308,-1.85343],[33.02354,-1.85104],[33.02601,-1.84923],[33.02988,-1.84034],[33.03274,-1.83867],[33.05105,-1.83878],[33.05933,-1.83971],[33.06186,-1.83696],[33.06241,-1.833],[33.07144,-1.83056]]]},"properties":{"region":"Mwanza","district":"Ukerewe","ward":"Bwisya","ward_code":"203"}},{"type":"Feature","geometry":{"type":"Polygon","coordinates":[[[33.03172,-1.81981],[33.03628,-1.82239],[33.0394,-1.82595],[33.03989,-1.82875],[33.03804,-1.83524],[33.0365,-1.83734],[33.02988,-1.84034],[33.02601,-1.84923],[33.02354,-1.85104],[33.02308,-1.85343],[33.01993,-1.85646],[33.01607,-1.85846],[33.012,-1.85886],[33.01017,-1.85767],[33.01045,-1.85401],[33.00879,-1.85011],[33.00535,-1.85049],[33.00303,-1.84993],[33.00276,-1.84867],[33.00437,-1.84552],[33.00369,-1.8446],[33.00424,-1.8429],[33.00729,-1.83772],[33.0077,-1.83466],[33.00671,-1.8283],[33.00321,-1.82544],[33.01092,-1.81561],[33.01219,-1.81252],[33.01085,-1.81048],[33.01155,-1.80786],[33.0083,-1.80476],[33.00719,-1.80171],[33.00854,-1.80022],[33.01952,-1.81472],[33.02392,-1.8173],[33.03172,-1.81981]]]},"properties":{"region":"Mwanza","district":"Ukerewe","ward":"Bukungu","ward_code":"211"}},{"type":"Feature","geometry":{"type":"Polygon","coordinates":[[[33.06851,-1.8037],[33.07205,-1.81409],[33.07002,-1.81891],[33.07042,-1.82102],[33.06902,-1.8263],[33.07041,-1.83069],[33.06241,-1.833],[33.06186,-1.83696],[33.05933,-1.83971],[33.05105,-1.83878],[33.03457,-1.83911],[33.03274,-1.83867],[33.0365,-1.83734],[33.03899,-1.83311],[33.03989,-1.82875],[33.0394,-1.82595],[33.03585,-1.82213],[33.01952,-1.81472],[33.00854,-1.80022],[33.0092,-1.79959],[33.0133,-1.8013],[33.01528,-1.80017],[33.02575,-1.80106],[33.03448,-1.79979],[33.03557,-1.80389],[33.04027,-1.80479],[33.04626,-1.80354],[33.05135,-1.80054],[33.05355,-1.79786],[33.05564,-1.80142],[33.06851,-1.8037]]]},"properties":{"region":"Mwanza","district":"Ukerewe","ward":"Nyamanga","ward_code":"221"}},{"type":"Feature","geometry":{"type":"Polygon","coordinates":[[[33.08683,-1.79183],[33.08739,-1.79341],[33.08611,-1.79949],[33.08797,-1.80143],[33.09018,-1.80071],[33.09104,-1.80175],[33.09057,-1.80321],[33.08906,-1.80401],[33.08947,-1.80579],[33.09234,-1.80816],[33.09698,-1.80678],[33.09879,-1.8077],[33.09797,-1.80996],[33.09839,-1.81285],[33.10017,-1.81655],[33.10013,-1.81789],[33.0989,-1.81823],[33.09631,-1.81594],[33.09352,-1.81506],[33.09076,-1.81159],[33.08934,-1.81156],[33.08498,-1.81814],[33.0869,-1.82492],[33.08784,-1.8259],[33.08916,-1.82495],[33.09144,-1.82552],[33.09059,-1.8263],[33.09248,-1.83107],[33.09641,-1.83185],[33.09781,-1.83002],[33.09855,-1.83027],[33.09984,-1.83361],[33.09876,-1.83826],[33.0998,-1.84246],[33.09856,-1.84742],[33.10045,-1.8513],[33.10255,-1.85189],[33.10268,-1.85402],[33.10181,-1.85514],[33.09983,-1.85521],[33.09392,-1.86207],[33.092,-1.86278],[33.08899,-1.86005],[33.0816,-1.8605],[33.07995,-1.85677],[33.08098,-1.84975],[33.08424,-1.84428],[33.08042,-1.84471],[33.07937,-1.84386],[33.07794,-1.83914],[33.07191,-1.83089],[33.07041,-1.83069],[33.06903,-1.82731],[33.07042,-1.82102],[33.07002,-1.81891],[33.07205,-1.81409],[33.06851,-1.8037],[33.07137,-1.80414],[33.07798,-1.80171],[33.07951,-1.79982],[33.07873,-1.79727],[33.07971,-1.79429],[33.08067,-1.79517],[33.08028,-1.79596],[33.08165,-1.79646],[33.08309,-1.79439],[33.08298,-1.79218],[33.08457,-1.79265],[33.08517,-1.79136],[33.08683,-1.79183]]]},"properties":{"region":"Mwanza","district":"Ukerewe","ward":"Bukiko","ward_code":"231"}},{"type":"Feature","geometry":{"type":"MultiPolygon","coordinates":[[[[32.96955,-2.17757],[32.96844,-2.17822],[32.96784,-2.17788],[32.96886,-2.17657],[32.96955,-2.17757]]],[[[33.01794,-2.02461],[33.01651,-2.03045],[33.01693,-2.03757],[33.02067,-2.05029],[33.0285,-2.05217],[33.03426,-2.05576],[33.03319,-2.05778],[33.03327,-2.06164],[33.03062,-2.06893],[33.0312,-2.0714],[33.0302,-2.07657],[33.02931,-2.07712],[33.02435,-2.0757],[33.02296,-2.07625],[33.0193,-2.09226],[33.00738,-2.08274],[33.00427,-2.082],[33.00408,-2.0921],[33.0018,-2.09811],[33.00285,-2.10124],[33.00227,-2.10263],[32.99811,-2.10294],[32.9903,-2.0993],[32.98066,-2.09684],[32.97878,-2.094],[32.97501,-2.094],[32.97509,-2.09103],[32.96709,-2.07671],[32.96162,-2.07242],[32.96041,-2.06586],[32.96237,-2.06181],[32.96298,-2.05154],[32.99036,-2.05987],[32.99223,-2.05495],[32.99466,-2.05183],[32.99398,-2.04376],[32.99502,-2.04138],[32.99449,-2.03788],[32.99327,-2.03705],[32.99242,-2.03421],[32.99671,-2.0236],[33.01185,-2.02585],[33.01482,-2.02341],[33.01794,-2.02461]]]]},"properties":{"region":"Mwanza","district":"Ukerewe","ward":"Mukituntu","ward_code":"081"}},{"type":"Feature","geometry":{"type":"Polygon","coordinates":[[[33.03106,-1.97267],[33.03566,-1.97532],[33.03371,-1.98385],[33.03442,-1.98463],[33.03897,-1.98497],[33.04202,-1.98346],[33.05032,-1.98471],[33.05385,-1.98743],[33.06562,-1.99292],[33.06497,-2.00104],[33.06267,-2.00467],[33.05992,-2.00253],[33.05856,-2.00364],[33.05108,-2.00382],[33.04197,-2.00148],[33.03808,-2.00421],[33.03785,-2.00602],[33.05589,-2.0141],[33.0575,-2.01327],[33.05871,-2.01741],[33.05952,-2.01675],[33.06163,-2.01825],[33.06281,-2.01768],[33.0633,-2.01935],[33.06596,-2.01938],[33.07461,-2.03044],[33.07898,-2.03154],[33.07577,-2.03888],[33.07001,-2.0478],[33.05737,-2.0433],[33.04298,-2.04167],[33.04068,-2.04222],[33.03569,-2.02849],[33.02823,-2.02797],[33.01482,-2.02341],[33.01185,-2.02585],[32.99671,-2.0236],[32.99679,-2.02109],[32.99821,-2.01955],[32.99814,-2.01721],[32.99959,-2.01517],[32.99846,-2.0069],[33.00081,-2.00039],[32.99961,-1.99554],[33.00171,-1.99334],[33.00018,-1.98835],[33.00135,-1.98395],[33.0065,-1.98676],[33.01531,-1.98447],[33.02895,-1.97735],[33.03107,-1.97512],[33.03106,-1.97267]]]},"properties":{"region":"Mwanza","district":"Ukerewe","ward":"Murutunguru","ward_code":"151"}},{"type":"Feature","geometry":{"type":"MultiPolygon","coordinates":[[[[33.09703,-1.95127],[33.10152,-1.95268],[33.10349,-1.95756],[33.10793,-1.96047],[33.10776,-1.96212],[33.10562,-1.96283],[33.10454,-1.96672],[33.10471,-1.97197],[33.10615,-1.97483],[33.10893,-1.97722],[33.1117,-1.97746],[33.11478,-1.98029],[33.11779,-1.9808],[33.11687,-1.98123],[33.11646,-1.9843],[33.11424,-1.98378],[33.1117,-1.98584],[33.10774,-1.98612],[33.10649,-1.98825],[33.10637,-1.99219],[33.10468,-1.99344],[33.10282,-1.99232],[33.10188,-1.99014],[33.09775,-1.99014],[33.09153,-1.99798],[33.08709,-1.99542],[33.08602,-2.00307],[33.08868,-2.01078],[33.08791,-2.015],[33.07898,-2.03154],[33.07594,-2.03091],[33.07461,-2.03044],[33.06741,-2.0222],[33.06596,-2.01938],[33.0633,-2.01935],[33.06281,-2.01768],[33.06163,-2.01825],[33.05952,-2.01675],[33.05871,-2.01741],[33.0575,-2.01327],[33.05589,-2.0141],[33.03785,-2.00602],[33.03808,-2.00421],[33.04197,-2.00148],[33.05108,-2.00382],[33.05856,-2.00364],[33.05992,-2.00253],[33.06267,-2.00467],[33.06497,-2.00104],[33.06562,-1.99292],[33.05385,-1.98743],[33.05032,-1.98471],[33.04202,-1.98346],[33.03897,-1.98497],[33.03442,-1.98463],[33.03371,-1.98385],[33.03566,-1.97532],[33.03106,-1.97267],[33.03211,-1.96435],[33.03335,-1.96439],[33.03849,-1.96822],[33.05007,-1.96695],[33.05201,-1.96772],[33.06382,-1.96714],[33.07446,-1.96801],[33.0795,-1.96647],[33.08124,-1.96336],[33.08371,-1.963],[33.08634,-1.96515],[33.08782,-1.96841],[33.09203,-1.96903],[33.09643,-1.96699],[33.09841,-1.9641],[33.09884,-1.96163],[33.09598,-1.95774],[33.09539,-1.95394],[33.09549,-1.9516],[33.09703,-1.95127]]],[[[33.21131,-1.93297],[33.21537,-1.93344],[33.21806,-1.93504],[33.21811,-1.93613],[33.21227,-1.93776],[33.21021,-1.9347],[33.20656,-1.93246],[33.20751,-1.93012],[33.20929,-1.92924],[33.21131,-1.93297]]],[[[33.19327,-1.92499],[33.1958,-1.92531],[33.19875,-1.92792],[33.19609,-1.92978],[33.1901,-1.92653],[33.19327,-1.92499]]],[[[33.15171,-1.91846],[33.16012,-1.92153],[33.17362,-1.92296],[33.18555,-1.92293],[33.18825,-1.925],[33.17704,-1.93409],[33.17615,-1.93334],[33.17433,-1.934],[33.17081,-1.93676],[33.16188,-1.93342],[33.15466,-1.93262],[33.15021,-1.9298],[33.14392,-1.92941],[33.14037,-1.93046],[33.14016,-1.93035],[33.14271,-1.92844],[33.14321,-1.92669],[33.14247,-1.92493],[33.14428,-1.92182],[33.14768,-1.92205],[33.1491,-1.91954],[33.1505,-1.92029],[33.15171,-1.91846]]],[[[33.06175,-1.92081],[33.06528,-1.92484],[33.07013,-1.93301],[33.07142,-1.93905],[33.07084,-1.94009],[33.06512,-1.93928],[33.05971,-1.94341],[33.0573,-1.9439],[33.05237,-1.93583],[33.05158,-1.93158],[33.05394,-1.92106],[33.05105,-1.91905],[33.05071,-1.91554],[33.05307,-1.91496],[33.06175,-1.92081]]]]},"properties":{"region":"Mwanza","district":"Ukerewe","ward":"Kagunguli","ward_code":"161"}},{"type":"Feature","geometry":{"type":"Polygon","coordinates":[[[33.10438,-1.99332],[33.10638,-1.99219],[33.11126,-1.9958],[33.11436,-1.99479],[33.11543,-1.99986],[33.11527,-2.00174],[33.11149,-2.00748],[33.10449,-2.01297],[33.10365,-2.01518],[33.10351,-2.02735],[33.10431,-2.03235],[33.10692,-2.03905],[33.11265,-2.04516],[33.11814,-2.04929],[33.1259,-2.05098],[33.13195,-2.04997],[33.13766,-2.04552],[33.14049,-2.04573],[33.14367,-2.0499],[33.14835,-2.05284],[33.14846,-2.05424],[33.14414,-2.06048],[33.1402,-2.05929],[33.13674,-2.05653],[33.13089,-2.05948],[33.12277,-2.06843],[33.12284,-2.07344],[33.12122,-2.07358],[33.11201,-2.06818],[33.10649,-2.06715],[33.10625,-2.06925],[33.10175,-2.0714],[33.09932,-2.0738],[33.09563,-2.07502],[33.08968,-2.07354],[33.08617,-2.07445],[33.08067,-2.06912],[33.07806,-2.0535],[33.07414,-2.05169],[33.07001,-2.0478],[33.07577,-2.03888],[33.08791,-2.015],[33.08868,-2.01078],[33.08602,-2.00307],[33.08709,-1.99542],[33.09153,-1.99798],[33.09775,-1.99014],[33.10188,-1.99014],[33.10282,-1.99232],[33.10438,-1.99332]]]},"properties":{"region":"Mwanza","district":"Ukerewe","ward":"Bukindo","ward_code":"171"}},{"type":"Feature","geometry":{"type":"MultiPolygon","coordinates":[[[[33.41317,-1.73533],[33.40822,-1.73987],[33.40627,-1.73713],[33.40654,-1.73363],[33.40892,-1.7322],[33.41196,-1.73287],[33.41317,-1.73533]]],[[[33.33321,-1.70059],[33.33486,-1.70013],[33.34078,-1.70142],[33.34829,-1.70013],[33.35151,-1.70095],[33.35214,-1.70215],[33.35062,-1.70408],[33.35082,-1.70576],[33.3528,-1.70953],[33.35814,-1.71159],[33.3618,-1.71041],[33.36551,-1.71435],[33.36661,-1.71795],[33.37182,-1.72355],[33.37022,-1.73272],[33.37078,-1.74368],[33.36898,-1.74149],[33.36665,-1.74075],[33.36194,-1.73526],[33.35888,-1.73383],[33.35395,-1.73378],[33.35133,-1.72954],[33.34872,-1.72751],[33.34641,-1.7278],[33.33626,-1.72498],[33.33536,-1.72213],[33.33342,-1.72137],[33.33324,-1.72017],[33.33421,-1.71379],[33.33245,-1.71019],[33.33426,-1.70661],[33.33127,-1.70099],[33.3325,-1.69991],[33.33321,-1.70059]]],[[[33.42742,-1.67866],[33.42761,-1.67957],[33.42596,-1.68105],[33.4262,-1.68427],[33.42856,-1.68683],[33.42929,-1.68948],[33.43183,-1.68961],[33.43183,-1.69097],[33.42536,-1.69408],[33.42274,-1.693],[33.42372,-1.69206],[33.4227,-1.68708],[33.41876,-1.68632],[33.41788,-1.6851],[33.41987,-1.68003],[33.4219,-1.68104],[33.42742,-1.67866]]],[[[33.40297,-1.66984],[33.40282,-1.67057],[33.40575,-1.6709],[33.4042,-1.67266],[33.40458,-1.67434],[33.40565,-1.67475],[33.40449,-1.67678],[33.39368,-1.67515],[33.39542,-1.67283],[33.39471,-1.67218],[33.39612,-1.67105],[33.39893,-1.67089],[33.40047,-1.66965],[33.40297,-1.66984]]]]},"properties":{"region":"Mwanza","district":"Ukerewe","ward":"Irugwa","ward_code":"241"}},{"type":"Feature","geometry":{"type":"Polygon","coordinates":[[[33.09792,-2.10389],[33.10392,-2.10904],[33.10286,-2.11697],[33.10174,-2.11729],[33.0994,-2.11727],[33.09792,-2.1141],[33.09086,-2.11082],[33.08457,-2.10969],[33.08782,-2.10532],[33.09182,-2.10826],[33.09213,-2.107],[33.09792,-2.10389]]]},"properties":{"region":"Mwanza","district":"Ukerewe","ward":"Nansio","ward_code":"012"}},{"type":"Feature","geometry":{"type":"Polygon","coordinates":[[[33.08294,-2.09309],[33.09031,-2.09543],[33.08989,-2.09776],[33.09895,-2.09887],[33.09776,-2.10073],[33.09792,-2.10389],[33.09213,-2.107],[33.09182,-2.10826],[33.08782,-2.10532],[33.08457,-2.10969],[33.08382,-2.10841],[33.085,-2.10594],[33.08401,-2.10557],[33.08153,-2.09969],[33.08257,-2.09838],[33.08154,-2.09591],[33.07934,-2.09625],[33.07879,-2.09206],[33.08259,-2.09114],[33.08294,-2.09309]]]},"properties":{"region":"Mwanza","district":"Ukerewe","ward":"Kagera","ward_code":"022"}},{"type":"Feature","geometry":{"type":"Polygon","coordinates":[[[33.08154,-2.09591],[33.08257,-2.09838],[33.08159,-2.0999],[33.08401,-2.10557],[33.085,-2.10594],[33.08461,-2.10727],[33.08382,-2.10841],[33.081,-2.10804],[33.07653,-2.10968],[33.07497,-2.1123],[33.07631,-2.11541],[33.07523,-2.11545],[33.0751,-2.1179],[33.074,-2.11846],[33.07295,-2.11692],[33.07121,-2.11704],[33.06877,-2.11105],[33.06539,-2.10762],[33.07672,-2.10227],[33.0789,-2.09775],[33.07863,-2.09655],[33.08154,-2.09591]]]},"properties":{"region":"Mwanza","district":"Ukerewe","ward":"Nakatunguru","ward_code":"032"}},{"type":"Feature","geometry":{"type":"Polygon","coordinates":[[[33.06453,-2.09056],[33.07372,-2.09549],[33.07501,-2.09394],[33.07872,-2.09467],[33.07934,-2.09625],[33.07672,-2.10227],[33.06539,-2.10762],[33.06316,-2.10564],[33.05235,-2.1017],[33.04242,-2.09484],[33.04392,-2.09103],[33.05152,-2.09048],[33.05859,-2.08584],[33.0605,-2.08637],[33.06453,-2.09056]]]},"properties":{"region":"Mwanza","district":"Ukerewe","ward":"Kakerege","ward_code":"041"}},{"type":"Feature","geometry":{"type":"Polygon","coordinates":[[[33.11115,-2.07284],[33.1065,-2.07753],[33.10365,-2.08263],[33.09393,-2.09013],[33.09133,-2.09485],[33.09031,-2.09543],[33.08615,-2.09461],[33.0863,-2.09344],[33.08294,-2.09309],[33.08259,-2.09114],[33.08024,-2.09174],[33.07873,-2.08048],[33.08521,-2.07398],[33.08968,-2.07354],[33.09563,-2.07502],[33.09932,-2.0738],[33.10175,-2.0714],[33.10625,-2.06925],[33.10649,-2.06715],[33.11201,-2.06818],[33.1174,-2.07102],[33.11115,-2.07284]]]},"properties":{"region":"Mwanza","district":"Ukerewe","ward":"Bukongo","ward_code":"053"}},{"type":"Feature","geometry":{"type":"Polygon","coordinates":[[[33.11616,-2.07108],[33.12452,-2.07491],[33.12438,-2.07778],[33.12519,-2.07875],[33.12737,-2.07879],[33.12752,-2.08133],[33.1292,-2.08163],[33.12602,-2.09014],[33.12455,-2.10313],[33.11475,-2.11647],[33.11017,-2.11827],[33.10613,-2.11824],[33.10286,-2.11697],[33.10392,-2.10904],[33.09827,-2.10512],[33.09759,-2.10178],[33.09895,-2.09887],[33.08989,-2.09776],[33.09049,-2.09471],[33.09133,-2.09485],[33.09393,-2.09013],[33.10365,-2.08263],[33.1065,-2.07753],[33.11115,-2.07284],[33.11616,-2.07108]]]},"properties":{"region":"Mwanza","district":"Ukerewe","ward":"Nkilizya","ward_code":"063"}},{"type":"Feature","geometry":{"type":"MultiPolygon","coordinates":[[[[33.04222,-2.25289],[33.04383,-2.25312],[33.04392,-2.25385],[33.04215,-2.25402],[33.04222,-2.25289]]],[[[33.00878,-2.12222],[33.01035,-2.12439],[33.01141,-2.12885],[33.00995,-2.13088],[33.00973,-2.13333],[33.00856,-2.13337],[33.00653,-2.12831],[33.00725,-2.12248],[33.00878,-2.12222]]],[[[33.02641,-2.07621],[33.03439,-2.07975],[33.03833,-2.08378],[33.03975,-2.08388],[33.04259,-2.09004],[33.04242,-2.09484],[33.05235,-2.1017],[33.06316,-2.10564],[33.06877,-2.11105],[33.07121,-2.11704],[33.06854,-2.11839],[33.06743,-2.12061],[33.07036,-2.12597],[33.07068,-2.1294],[33.06746,-2.13237],[33.06439,-2.13277],[33.06222,-2.13457],[33.06148,-2.13659],[33.05901,-2.13773],[33.05737,-2.13723],[33.0567,-2.13423],[33.05371,-2.13331],[33.05126,-2.1305],[33.04757,-2.13003],[33.04799,-2.12753],[33.04678,-2.12641],[33.04042,-2.12152],[33.03667,-2.12079],[33.03499,-2.11718],[33.03451,-2.11312],[33.02975,-2.11165],[33.02272,-2.11346],[33.01607,-2.11329],[33.0144,-2.10721],[33.01238,-2.10437],[33.00664,-2.10212],[33.00227,-2.10263],[33.00285,-2.10124],[33.0018,-2.09811],[33.00408,-2.0921],[33.00427,-2.082],[33.00738,-2.08274],[33.0193,-2.09226],[33.02296,-2.07625],[33.02641,-2.07621]]]]},"properties":{"region":"Mwanza","district":"Ukerewe","ward":"Bukanda","ward_code":"071"}},{"type":"Feature","geometry":{"type":"Polygon","coordinates":[[[33.03569,-2.02849],[33.04068,-2.04222],[33.04298,-2.04167],[33.06151,-2.04424],[33.07045,-2.04798],[33.07414,-2.05169],[33.07806,-2.0535],[33.08067,-2.06912],[33.08521,-2.07398],[33.07873,-2.08048],[33.08024,-2.09174],[33.07879,-2.09206],[33.07872,-2.09467],[33.07501,-2.09394],[33.0743,-2.09547],[33.07204,-2.09512],[33.0709,-2.09341],[33.06782,-2.09277],[33.0605,-2.08637],[33.05859,-2.08584],[33.05152,-2.09048],[33.04392,-2.09103],[33.04244,-2.09355],[33.04259,-2.09004],[33.03975,-2.08388],[33.03833,-2.08378],[33.03439,-2.07975],[33.02931,-2.07712],[33.0302,-2.07657],[33.0312,-2.0714],[33.03062,-2.06893],[33.03327,-2.06164],[33.03319,-2.05778],[33.03426,-2.05576],[33.0285,-2.05217],[33.02067,-2.05029],[33.01693,-2.03757],[33.01651,-2.03045],[33.01794,-2.02461],[33.02823,-2.02797],[33.03569,-2.02849]]]},"properties":{"region":"Mwanza","district":"Ukerewe","ward":"Namagondo","ward_code":"181"}},{"type":"Feature","geometry":{"type":"MultiPolygon","coordinates":[[[[33.19556,-2.10996],[33.19339,-2.11378],[33.19117,-2.11399],[33.18984,-2.11277],[33.18748,-2.11294],[33.18714,-2.11382],[33.18654,-2.11307],[33.18734,-2.11067],[33.19023,-2.10988],[33.19293,-2.11079],[33.19556,-2.10996]]],[[[33.16256,-2.11774],[33.1653,-2.11841],[33.16864,-2.11691],[33.16988,-2.11861],[33.17203,-2.11843],[33.1729,-2.12378],[33.17167,-2.12836],[33.1724,-2.1305],[33.17603,-2.13246],[33.18117,-2.13188],[33.18175,-2.13087],[33.18333,-2.13354],[33.18295,-2.13449],[33.18584,-2.13658],[33.18564,-2.13901],[33.18292,-2.14081],[33.18472,-2.14517],[33.1826,-2.14508],[33.18281,-2.14272],[33.18071,-2.14227],[33.17914,-2.14277],[33.17882,-2.146],[33.17726,-2.14669],[33.17758,-2.14407],[33.1768,-2.14198],[33.17566,-2.14164],[33.17437,-2.14187],[33.17434,-2.14445],[33.17265,-2.14395],[33.17135,-2.14008],[33.16796,-2.13932],[33.16892,-2.13731],[33.1673,-2.13424],[33.16727,-2.13081],[33.16437,-2.12694],[33.15917,-2.12745],[33.15438,-2.13015],[33.1523,-2.1333],[33.15464,-2.13697],[33.15359,-2.13991],[33.15432,-2.1414],[33.15157,-2.14726],[33.15112,-2.15281],[33.15292,-2.15673],[33.16135,-2.16299],[33.16522,-2.16303],[33.16581,-2.16476],[33.1634,-2.16568],[33.16196,-2.16434],[33.16008,-2.16529],[33.15904,-2.16918],[33.15373,-2.17298],[33.15008,-2.17655],[33.15025,-2.17767],[33.14859,-2.17819],[33.14393,-2.17534],[33.14246,-2.17603],[33.14149,-2.17066],[33.13992,-2.16791],[33.13527,-2.16781],[33.13257,-2.1632],[33.13071,-2.16227],[33.12798,-2.16369],[33.12583,-2.16308],[33.12187,-2.15862],[33.11866,-2.15797],[33.11538,-2.15366],[33.11492,-2.15029],[33.1117,-2.14951],[33.10833,-2.14559],[33.10616,-2.14502],[33.09887,-2.13585],[33.09549,-2.12646],[33.09988,-2.1208],[33.10024,-2.1173],[33.10262,-2.11693],[33.10613,-2.11824],[33.11017,-2.11827],[33.11657,-2.11493],[33.12455,-2.10313],[33.12602,-2.09014],[33.12908,-2.08224],[33.1321,-2.0867],[33.13499,-2.08749],[33.14005,-2.09358],[33.15355,-2.10181],[33.15903,-2.10962],[33.15805,-2.11126],[33.15939,-2.11503],[33.16256,-2.11774]]]]},"properties":{"region":"Mwanza","district":"Ukerewe","ward":"Ngoma","ward_code":"191"}},{"type":"Feature","geometry":{"type":"Polygon","coordinates":[[[32.95932,-2.01233],[32.9582,-2.02624],[32.956,-2.0364],[32.9538,-2.03866],[32.95147,-2.04403],[32.94897,-2.04511],[32.95451,-2.04895],[32.96298,-2.05154],[32.96237,-2.06181],[32.96041,-2.06586],[32.96162,-2.07242],[32.96709,-2.07671],[32.97509,-2.09103],[32.97501,-2.094],[32.96668,-2.09495],[32.96199,-2.09202],[32.9533,-2.09251],[32.94802,-2.09096],[32.9457,-2.08888],[32.94649,-2.08629],[32.94935,-2.08504],[32.95113,-2.0717],[32.95325,-2.06617],[32.95254,-2.06476],[32.95913,-2.06394],[32.95774,-2.06289],[32.95186,-2.06035],[32.94721,-2.05984],[32.9423,-2.06058],[32.9384,-2.06575],[32.93791,-2.06955],[32.93178,-2.07064],[32.93072,-2.07048],[32.92916,-2.06674],[32.91618,-2.06799],[32.91019,-2.06636],[32.9091,-2.06303],[32.90599,-2.05906],[32.8986,-2.04107],[32.90681,-2.03371],[32.92157,-2.02699],[32.92635,-2.02004],[32.93837,-2.01517],[32.94606,-2.01068],[32.95185,-2.005],[32.96205,-2.00262],[32.96153,-2.00838],[32.95932,-2.01233]]]},"properties":{"region":"Mwanza","district":"Ukerewe","ward":"Igalla","ward_code":"091"}},{"type":"Feature","geometry":{"type":"MultiPolygon","coordinates":[[[[32.77947,-2.114],[32.7815,-2.11502],[32.78051,-2.11654],[32.78116,-2.11754],[32.77947,-2.11809],[32.77986,-2.11878],[32.77786,-2.12023],[32.77668,-2.11831],[32.77815,-2.1168],[32.77755,-2.11504],[32.779,-2.11513],[32.77947,-2.114]]],[[[32.88142,-2.0986],[32.88503,-2.09984],[32.88697,-2.1016],[32.88835,-2.10733],[32.89285,-2.10815],[32.89935,-2.10711],[32.90089,-2.11093],[32.90307,-2.11163],[32.90483,-2.1107],[32.90738,-2.11312],[32.90693,-2.12342],[32.90472,-2.12466],[32.90411,-2.12733],[32.90551,-2.12972],[32.90436,-2.13508],[32.90062,-2.13527],[32.89892,-2.13281],[32.89404,-2.13353],[32.89083,-2.13743],[32.89001,-2.13719],[32.88882,-2.13183],[32.89078,-2.12561],[32.88836,-2.12411],[32.88516,-2.1262],[32.88108,-2.12604],[32.87772,-2.12304],[32.87479,-2.11869],[32.87705,-2.11318],[32.87555,-2.11186],[32.87015,-2.11284],[32.86965,-2.10993],[32.86789,-2.10832],[32.86925,-2.10341],[32.87161,-2.10133],[32.87324,-2.1016],[32.87547,-2.09939],[32.87934,-2.09919],[32.88086,-2.09608],[32.88142,-2.0986]]],[[[32.9034,-2.05307],[32.91019,-2.06636],[32.91618,-2.06799],[32.92916,-2.06674],[32.93072,-2.07048],[32.93791,-2.06955],[32.9384,-2.06575],[32.9423,-2.06058],[32.94721,-2.05984],[32.95186,-2.06035],[32.95913,-2.06394],[32.95254,-2.06476],[32.95325,-2.06617],[32.95113,-2.0717],[32.94935,-2.08504],[32.94649,-2.08629],[32.9457,-2.08888],[32.93809,-2.08655],[32.93514,-2.08422],[32.93486,-2.08062],[32.9317,-2.07936],[32.92916,-2.0797],[32.92159,-2.08428],[32.9177,-2.08512],[32.91572,-2.08908],[32.915,-2.08879],[32.91496,-2.0859],[32.9122,-2.08384],[32.90702,-2.08255],[32.90411,-2.08079],[32.90263,-2.08066],[32.89918,-2.08326],[32.88964,-2.07914],[32.8858,-2.07906],[32.88317,-2.08027],[32.88456,-2.07357],[32.88391,-2.06788],[32.88499,-2.06016],[32.87991,-2.05499],[32.87575,-2.05342],[32.87865,-2.05244],[32.8831,-2.05325],[32.88645,-2.04789],[32.89121,-2.04453],[32.89439,-2.04053],[32.8986,-2.04107],[32.9034,-2.05307]]]]},"properties":{"region":"Mwanza","district":"Ukerewe","ward":"Bwiro","ward_code":"101"}},{"type":"Feature","geometry":{"type":"Polygon","coordinates":[[[32.91133,-1.98204],[32.94243,-1.98118],[32.94393,-1.98412],[32.94809,-1.98772],[32.95448,-1.98558],[32.95731,-1.9823],[32.96161,-1.99088],[32.9607,-1.99712],[32.96205,-2.00262],[32.95185,-2.005],[32.94606,-2.01068],[32.93837,-2.01517],[32.92635,-2.02004],[32.92014,-2.02798],[32.90681,-2.03371],[32.8986,-2.04107],[32.89439,-2.04053],[32.89121,-2.04453],[32.88645,-2.04789],[32.8831,-2.05325],[32.87865,-2.05244],[32.87575,-2.05342],[32.87156,-2.05325],[32.86971,-2.05729],[32.86851,-2.05494],[32.86417,-2.05561],[32.86317,-2.05631],[32.86317,-2.06003],[32.8613,-2.06455],[32.85879,-2.06653],[32.85652,-2.06499],[32.85226,-2.06505],[32.8483,-2.06226],[32.84721,-2.06026],[32.84381,-2.05973],[32.84327,-2.05888],[32.84447,-2.05444],[32.84357,-2.05168],[32.84178,-2.04989],[32.83605,-2.04799],[32.83566,-2.04511],[32.83663,-2.04308],[32.83949,-2.04144],[32.8426,-2.03603],[32.85838,-2.02036],[32.86183,-2.02043],[32.86305,-2.01902],[32.86746,-2.00792],[32.86805,-2.00261],[32.86661,-2.00016],[32.86715,-1.99857],[32.86961,-1.99943],[32.86986,-2.00113],[32.87161,-2.00218],[32.87538,-2.00125],[32.8827,-2.00254],[32.88987,-1.99507],[32.89315,-1.98637],[32.89687,-1.98357],[32.89962,-1.9829],[32.90484,-1.97905],[32.91133,-1.98204]]]},"properties":{"region":"Mwanza","district":"Ukerewe","ward":"Muriti","ward_code":"111"}},{"type":"Feature","geometry":{"type":"MultiPolygon","coordinates":[[[[32.8321,-1.96537],[32.83141,-1.96818],[32.82862,-1.96591],[32.82986,-1.9648],[32.8321,-1.96537]]],[[[32.82281,-1.96036],[32.82544,-1.966],[32.8231,-1.9692],[32.82259,-1.97436],[32.82053,-1.9747],[32.8203,-1.97188],[32.82139,-1.96892],[32.81852,-1.96548],[32.81894,-1.96407],[32.81772,-1.96189],[32.81813,-1.96019],[32.82069,-1.96071],[32.82181,-1.95855],[32.82301,-1.95904],[32.82281,-1.96036]]],[[[32.85596,-1.95828],[32.85406,-1.95809],[32.85406,-1.95643],[32.85776,-1.95196],[32.85772,-1.956],[32.85596,-1.95828]]],[[[32.87328,-1.95618],[32.8745,-1.95381],[32.87106,-1.95004],[32.86537,-1.94764],[32.8611,-1.94353],[32.85919,-1.94428],[32.85771,-1.94865],[32.85634,-1.94935],[32.8551,-1.94897],[32.85433,-1.94711],[32.85564,-1.94468],[32.85455,-1.94328],[32.84738,-1.94204],[32.84458,-1.94305],[32.84407,-1.94817],[32.84204,-1.95108],[32.8405,-1.95173],[32.84014,-1.9539],[32.83819,-1.95473],[32.83749,-1.95332],[32.83581,-1.95296],[32.83543,-1.95103],[32.83259,-1.94959],[32.83185,-1.94615],[32.83297,-1.94108],[32.83516,-1.93808],[32.8335,-1.93298],[32.83102,-1.92996],[32.8279,-1.9282],[32.82419,-1.92995],[32.82169,-1.93259],[32.82197,-1.9308],[32.82028,-1.92803],[32.8221,-1.92774],[32.82317,-1.92562],[32.82436,-1.926],[32.82523,-1.92493],[32.82758,-1.92461],[32.8295,-1.92832],[32.8309,-1.92834],[32.83237,-1.926],[32.83381,-1.92767],[32.83675,-1.92846],[32.84012,-1.92627],[32.84046,-1.92417],[32.8417,-1.92374],[32.84474,-1.92797],[32.84536,-1.9313],[32.84405,-1.93423],[32.84577,-1.93611],[32.8491,-1.93717],[32.85175,-1.93423],[32.8532,-1.93476],[32.85766,-1.93278],[32.85976,-1.93082],[32.85999,-1.92852],[32.86157,-1.92831],[32.86243,-1.93206],[32.86596,-1.93337],[32.8677,-1.93196],[32.86963,-1.93214],[32.87296,-1.93053],[32.87726,-1.92526],[32.88179,-1.92784],[32.8844,-1.92741],[32.88567,-1.92843],[32.8875,-1.92762],[32.8925,-1.93184],[32.89274,-1.93809],[32.89163,-1.94271],[32.89253,-1.9534],[32.87328,-1.95618]]],[[[32.88215,-1.87616],[32.88463,-1.88015],[32.88226,-1.87907],[32.88149,-1.87731],[32.88215,-1.87616]]],[[[32.84076,-1.85142],[32.84173,-1.85209],[32.84357,-1.85153],[32.84764,-1.85358],[32.85002,-1.85287],[32.85147,-1.85394],[32.85451,-1.85371],[32.85792,-1.85748],[32.85775,-1.86091],[32.86226,-1.86287],[32.86524,-1.86297],[32.86586,-1.86215],[32.86673,-1.87039],[32.86815,-1.87191],[32.86559,-1.87397],[32.86447,-1.87837],[32.85937,-1.87291],[32.85573,-1.8733],[32.85377,-1.8695],[32.84803,-1.86705],[32.8431,-1.86308],[32.83868,-1.85682],[32.83874,-1.85365],[32.84076,-1.85142]]],[[[32.83787,-1.83821],[32.83916,-1.83838],[32.83901,-1.84046],[32.83732,-1.83982],[32.83787,-1.83821]]],[[[32.88912,-1.83818],[32.88991,-1.83903],[32.89247,-1.83923],[32.89212,-1.84168],[32.89023,-1.84275],[32.88845,-1.84149],[32.88912,-1.83818]]],[[[32.81218,-1.83173],[32.81364,-1.83617],[32.81336,-1.83942],[32.81157,-1.84091],[32.80816,-1.83728],[32.80661,-1.83256],[32.80928,-1.83347],[32.81218,-1.83173]]],[[[32.8906,-1.83212],[32.88974,-1.83355],[32.88749,-1.83287],[32.88882,-1.83012],[32.8906,-1.83212]]],[[[32.90107,-1.82404],[32.90322,-1.82513],[32.90298,-1.82632],[32.9009,-1.82585],[32.90107,-1.82404]]],[[[32.83819,-1.83407],[32.83475,-1.83302],[32.83331,-1.83142],[32.8322,-1.82536],[32.83578,-1.82382],[32.83746,-1.82543],[32.83819,-1.83407]]],[[[32.81035,-1.81971],[32.81238,-1.82021],[32.81147,-1.82432],[32.80734,-1.82369],[32.80627,-1.82203],[32.81035,-1.81971]]],[[[32.81412,-1.81911],[32.81346,-1.81931],[32.81318,-1.81827],[32.81363,-1.81809],[32.81412,-1.81911]]],[[[32.81892,-1.81085],[32.81839,-1.81266],[32.81638,-1.81262],[32.8148,-1.81613],[32.81207,-1.813],[32.81242,-1.80982],[32.81471,-1.81193],[32.81554,-1.80903],[32.81892,-1.81085]]],[[[32.80248,-1.80404],[32.80681,-1.80634],[32.80632,-1.80696],[32.80272,-1.80562],[32.79892,-1.80868],[32.79574,-1.80814],[32.79657,-1.80294],[32.79875,-1.80231],[32.79704,-1.79866],[32.79833,-1.79779],[32.80168,-1.79987],[32.80299,-1.80198],[32.80248,-1.80404]]]]},"properties":{"region":"Mwanza","district":"Ukerewe","ward":"Ilangala","ward_code":"121"}},{"type":"Feature","geometry":{"type":"Polygon","coordinates":[[[32.90194,-1.93615],[32.90643,-1.93668],[32.91139,-1.93899],[32.91584,-1.94734],[32.91887,-1.95018],[32.925,-1.95314],[32.92723,-1.94996],[32.93089,-1.94818],[32.93062,-1.94612],[32.932,-1.94451],[32.9368,-1.94798],[32.93921,-1.9523],[32.944,-1.9576],[32.94764,-1.95818],[32.9519,-1.96054],[32.95424,-1.97028],[32.96033,-1.97732],[32.95848,-1.97871],[32.95731,-1.9823],[32.95448,-1.98558],[32.94809,-1.98772],[32.94393,-1.98412],[32.94243,-1.98118],[32.9114,-1.98207],[32.90484,-1.97905],[32.90464,-1.97353],[32.90311,-1.97212],[32.90057,-1.97246],[32.8984,-1.96887],[32.8947,-1.96589],[32.89113,-1.9665],[32.88737,-1.96907],[32.88161,-1.9681],[32.87687,-1.97012],[32.87455,-1.97251],[32.87283,-1.97074],[32.86955,-1.971],[32.8668,-1.96948],[32.8669,-1.96668],[32.86881,-1.96451],[32.86932,-1.95922],[32.87118,-1.95762],[32.87292,-1.95745],[32.87324,-1.95619],[32.89253,-1.9534],[32.89163,-1.94271],[32.89274,-1.93809],[32.8925,-1.93184],[32.90194,-1.93615]]]},"properties":{"region":"Mwanza","district":"Ukerewe","ward":"Namilembe","ward_code":"131"}},{"type":"Feature","geometry":{"type":"Polygon","coordinates":[[[32.96467,-1.97927],[32.97212,-1.97988],[32.97605,-1.98188],[32.9791,-1.9822],[32.98337,-1.98189],[32.98464,-1.98017],[32.9915,-1.98112],[32.99509,-1.9807],[32.99682,-1.9821],[32.99969,-1.98237],[33.00135,-1.98395],[33.00018,-1.98835],[33.00171,-1.99334],[32.99961,-1.99554],[33.00081,-2.00039],[32.99846,-2.0069],[32.99959,-2.01517],[32.99814,-2.01721],[32.99821,-2.01955],[32.99679,-2.02109],[32.99539,-2.02797],[32.99374,-2.02992],[32.99242,-2.03421],[32.99327,-2.03705],[32.99449,-2.03788],[32.99502,-2.04138],[32.99398,-2.04376],[32.99466,-2.05183],[32.99223,-2.05495],[32.99036,-2.05987],[32.97093,-2.05379],[32.96864,-2.05381],[32.96763,-2.05261],[32.9613,-2.05158],[32.95451,-2.04895],[32.94897,-2.04511],[32.95147,-2.04403],[32.9538,-2.03866],[32.956,-2.0364],[32.9582,-2.02624],[32.95932,-2.01233],[32.96153,-2.00838],[32.96205,-2.00262],[32.9607,-1.99712],[32.96161,-1.99088],[32.95731,-1.9823],[32.95848,-1.97871],[32.96033,-1.97732],[32.96467,-1.97927]]]},"properties":{"region":"Mwanza","district":"Ukerewe","ward":"Nduruma","ward_code":"141"}},{"type":"Feature","geometry":{"type":"Polygon","coordinates":[[[32.9076,-1.88634],[32.91702,-1.8876],[32.92219,-1.88555],[32.92609,-1.88691],[32.93091,-1.89101],[32.93236,-1.89826],[32.9393,-1.89928],[32.94597,-1.89556],[32.94991,-1.89876],[32.94667,-1.90362],[32.94548,-1.90333],[32.94252,-1.90981],[32.93887,-1.91483],[32.93936,-1.91937],[32.93742,-1.91963],[32.93449,-1.91663],[32.93166,-1.91621],[32.92869,-1.91996],[32.92756,-1.92335],[32.92727,-1.93357],[32.92894,-1.94108],[32.93173,-1.94451],[32.93062,-1.94612],[32.93089,-1.94818],[32.92723,-1.94996],[32.925,-1.95314],[32.91887,-1.95018],[32.91584,-1.94734],[32.91139,-1.93899],[32.89455,-1.93324],[32.8875,-1.92762],[32.89235,-1.9221],[32.89447,-1.91741],[32.89366,-1.91298],[32.89033,-1.9106],[32.89009,-1.90906],[32.89676,-1.9073],[32.89974,-1.90451],[32.9048,-1.89697],[32.9052,-1.8926],[32.90353,-1.89143],[32.90425,-1.88925],[32.90355,-1.88621],[32.90614,-1.88606],[32.9066,-1.88496],[32.9076,-1.88634]]]},"properties":{"region":"Mwanza","district":"Ukerewe","ward":"Kakukuru","ward_code":"251"}},{"type":"Feature","geometry":{"type":"Polygon","coordinates":[[[33.06142,-2.55484],[33.06197,-2.55928],[33.07254,-2.56193],[33.07782,-2.56963],[33.08334,-2.57338],[33.08495,-2.57635],[33.07997,-2.58081],[33.08774,-2.58678],[33.08962,-2.58718],[33.09259,-2.59354],[33.10035,-2.59333],[33.10317,-2.59673],[33.10988,-2.61363],[33.10262,-2.61638],[33.0965,-2.62049],[33.0911,-2.62717],[33.08734,-2.62986],[33.08153,-2.63097],[33.07496,-2.6308],[33.07377,-2.62774],[33.07451,-2.62598],[33.07351,-2.62447],[33.07602,-2.61791],[33.07442,-2.61819],[33.07188,-2.62117],[33.06591,-2.62313],[33.03891,-2.61641],[33.03603,-2.61362],[33.0286,-2.61155],[33.02704,-2.60859],[33.0248,-2.595],[33.02147,-2.59134],[33.01976,-2.58767],[33.02681,-2.5814],[33.02935,-2.57738],[33.03196,-2.57028],[33.03155,-2.56645],[33.03398,-2.56218],[33.0352,-2.56066],[33.04017,-2.55836],[33.04151,-2.55547],[33.06142,-2.55484]]]},"properties":{"region":"Mwanza","district":"Magu","ward":"Kisesa","ward_code":"013"}},{"type":"Feature","geometry":{"type":"Polygon","coordinates":[[[33.07571,-2.45015],[33.0761,-2.45845],[33.0798,-2.46871],[33.08594,-2.47282],[33.08632,-2.47657],[33.0879,-2.47763],[33.08835,-2.47921],[33.08868,-2.48351],[33.09062,-2.48514],[33.09415,-2.48416],[33.09622,-2.48499],[33.09838,-2.48455],[33.10818,-2.47937],[33.11227,-2.48561],[33.12051,-2.48441],[33.1256,-2.5123],[33.12492,-2.51919],[33.12123,-2.52488],[33.12269,-2.52807],[33.12199,-2.53096],[33.11593,-2.53698],[33.10935,-2.53944],[33.10191,-2.54008],[33.10136,-2.54111],[33.08952,-2.54521],[33.08868,-2.54101],[33.0899,-2.53993],[33.08866,-2.53854],[33.08837,-2.53474],[33.08084,-2.52874],[33.07571,-2.52695],[33.07605,-2.52598],[33.07252,-2.52176],[33.06589,-2.52986],[33.05936,-2.53286],[33.05639,-2.53671],[33.05601,-2.53378],[33.0481,-2.53486],[33.04515,-2.53378],[33.04445,-2.53574],[33.0315,-2.53704],[33.02522,-2.5393],[33.0274,-2.52177],[33.02614,-2.51061],[33.02676,-2.50851],[33.0214,-2.50551],[33.02569,-2.50269],[33.02541,-2.50003],[33.02313,-2.49764],[33.02797,-2.49739],[33.02673,-2.4937],[33.03244,-2.49215],[33.02545,-2.4833],[33.02313,-2.47626],[33.02982,-2.46593],[33.0354,-2.45935],[33.03592,-2.45624],[33.04027,-2.45526],[33.0399,-2.45185],[33.04879,-2.44821],[33.05309,-2.44271],[33.05504,-2.43521],[33.05414,-2.43443],[33.05363,-2.43038],[33.06757,-2.43361],[33.0728,-2.44104],[33.07571,-2.45015]]]},"properties":{"region":"Mwanza","district":"Magu","ward":"Bujashi","ward_code":"021"}},{"type":"Feature","geometry":{"type":"Polygon","coordinates":[[[33.09475,-2.38352],[33.09742,-2.38432],[33.10542,-2.38441],[33.10887,-2.39141],[33.11357,-2.39554],[33.11867,-2.39597],[33.12259,-2.39334],[33.12653,-2.39391],[33.13224,-2.40209],[33.13407,-2.4021],[33.13599,-2.40075],[33.13825,-2.40121],[33.13534,-2.40392],[33.13472,-2.40835],[33.13636,-2.41355],[33.13599,-2.41516],[33.12784,-2.41797],[33.12498,-2.42503],[33.12214,-2.4223],[33.12065,-2.42226],[33.11852,-2.42272],[33.11746,-2.42501],[33.11551,-2.42546],[33.11353,-2.42451],[33.10425,-2.42454],[33.0956,-2.42549],[33.09382,-2.42678],[33.09183,-2.43075],[33.09069,-2.43724],[33.09199,-2.44126],[33.09573,-2.44441],[33.09936,-2.44548],[33.10033,-2.45316],[33.1034,-2.4587],[33.09707,-2.46825],[33.08594,-2.47282],[33.0798,-2.46871],[33.0761,-2.45845],[33.07567,-2.44919],[33.0728,-2.44104],[33.0698,-2.43615],[33.0664,-2.4331],[33.05363,-2.43038],[33.05731,-2.42026],[33.05529,-2.41125],[33.06458,-2.40404],[33.07359,-2.40748],[33.07935,-2.39877],[33.0797,-2.3942],[33.08091,-2.39273],[33.08015,-2.39143],[33.0816,-2.39008],[33.08084,-2.38899],[33.08567,-2.38871],[33.09475,-2.38352]]]},"properties":{"region":"Mwanza","district":"Magu","ward":"Lutale","ward_code":"031"}},{"type":"Feature","geometry":{"type":"Polygon","coordinates":[[[33.12498,-2.42503],[33.12383,-2.42585],[33.12334,-2.42957],[33.1256,-2.44042],[33.12788,-2.44583],[33.13102,-2.44595],[33.13354,-2.44809],[33.13404,-2.44973],[33.13273,-2.45213],[33.13312,-2.45424],[33.13608,-2.46061],[33.13865,-2.46366],[33.13794,-2.46759],[33.13902,-2.47055],[33.13691,-2.4759],[33.12982,-2.47864],[33.12745,-2.47811],[33.12291,-2.47908],[33.12151,-2.48298],[33.11593,-2.48552],[33.11227,-2.48561],[33.10818,-2.47937],[33.09838,-2.48455],[33.09622,-2.48499],[33.09415,-2.48416],[33.09062,-2.48514],[33.08868,-2.48351],[33.08835,-2.47921],[33.0879,-2.47763],[33.08632,-2.47657],[33.08594,-2.47282],[33.09707,-2.46825],[33.1034,-2.4587],[33.10033,-2.45316],[33.09936,-2.44548],[33.09573,-2.44441],[33.09199,-2.44126],[33.09069,-2.43724],[33.09183,-2.43075],[33.09382,-2.42678],[33.0956,-2.42549],[33.10425,-2.42454],[33.11353,-2.42451],[33.11551,-2.42546],[33.11746,-2.42501],[33.11852,-2.42272],[33.12065,-2.42226],[33.12214,-2.4223],[33.12498,-2.42503]]]},"properties":{"region":"Mwanza","district":"Magu","ward":"Kongolo","ward_code":"041"}},{"type":"Feature","geometry":{"type":"Polygon","coordinates":[[[33.07252,-2.52176],[33.07605,-2.52598],[33.07571,-2.52695],[33.08084,-2.52874],[33.08837,-2.53474],[33.08866,-2.53854],[33.0899,-2.53993],[33.08868,-2.54101],[33.08952,-2.54521],[33.10136,-2.54111],[33.10191,-2.54008],[33.10935,-2.53944],[33.11593,-2.53698],[33.12199,-2.53096],[33.12269,-2.52807],[33.12618,-2.53413],[33.12872,-2.53626],[33.13565,-2.5381],[33.13761,-2.54032],[33.13745,-2.54498],[33.14571,-2.54407],[33.14652,-2.54867],[33.14836,-2.54889],[33.15059,-2.55124],[33.15376,-2.55273],[33.14978,-2.55361],[33.1473,-2.55557],[33.14603,-2.57188],[33.15882,-2.58835],[33.1545,-2.5917],[33.15111,-2.59173],[33.14828,-2.59412],[33.14254,-2.59642],[33.13369,-2.60234],[33.12762,-2.60172],[33.12018,-2.6041],[33.1169,-2.6107],[33.10988,-2.61363],[33.1056,-2.60173],[33.10035,-2.59333],[33.09259,-2.59354],[33.08962,-2.58718],[33.08774,-2.58678],[33.07997,-2.58081],[33.08495,-2.57635],[33.08334,-2.57338],[33.07782,-2.56963],[33.07254,-2.56193],[33.06197,-2.55928],[33.06135,-2.55462],[33.05584,-2.55121],[33.05108,-2.54669],[33.05016,-2.54679],[33.04932,-2.54408],[33.04704,-2.54275],[33.04723,-2.54193],[33.04542,-2.54203],[33.04466,-2.54091],[33.04515,-2.53378],[33.0481,-2.53486],[33.05601,-2.53378],[33.05639,-2.53671],[33.05936,-2.53286],[33.06589,-2.52986],[33.07252,-2.52176]]]},"properties":{"region":"Mwanza","district":"Magu","ward":"Bukandwe","ward_code":"181"}},{"type":"Feature","geometry":{"type":"Polygon","coordinates":[[[33.04445,-2.53574],[33.04542,-2.54203],[33.04723,-2.54193],[33.04704,-2.54275],[33.04932,-2.54408],[33.05016,-2.54679],[33.05108,-2.54669],[33.05584,-2.55121],[33.06141,-2.5548],[33.04151,-2.55547],[33.04017,-2.55836],[33.0352,-2.56066],[33.03398,-2.56218],[33.03155,-2.56645],[33.03196,-2.57028],[33.02935,-2.57738],[33.02681,-2.5814],[33.01976,-2.58767],[33.01601,-2.58148],[33.01521,-2.57154],[33.01235,-2.56642],[33.01239,-2.55998],[33.01435,-2.55574],[33.02321,-2.54672],[33.02522,-2.5393],[33.0315,-2.53704],[33.04445,-2.53574]]]},"properties":{"region":"Mwanza","district":"Magu","ward":"Bujora","ward_code":"193"}},{"type":"Feature","geometry":{"type":"MultiPolygon","coordinates":[[[[33.13889,-2.46607],[33.1396,-2.46517],[33.1442,-2.46884],[33.14993,-2.46874],[33.15173,-2.46656],[33.15751,-2.46463],[33.16629,-2.46923],[33.16756,-2.47209],[33.16499,-2.47442],[33.1654,-2.4789],[33.17078,-2.4904],[33.17609,-2.49784],[33.18757,-2.51092],[33.19115,-2.5143],[33.1953,-2.51654],[33.19367,-2.52169],[33.19169,-2.52251],[33.16764,-2.52239],[33.16549,-2.52266],[33.16233,-2.52468],[33.16053,-2.52399],[33.15158,-2.53081],[33.14808,-2.53611],[33.14572,-2.53688],[33.14545,-2.5439],[33.13745,-2.54498],[33.13761,-2.54032],[33.13565,-2.5381],[33.12959,-2.53684],[33.12618,-2.53413],[33.12123,-2.52488],[33.12492,-2.51919],[33.1256,-2.5123],[33.12029,-2.48406],[33.12291,-2.47908],[33.12745,-2.47811],[33.12982,-2.47864],[33.13691,-2.4759],[33.13902,-2.47055],[33.13794,-2.46759],[33.13865,-2.46366],[33.13889,-2.46607]]],[[[33.1842,-2.45956],[33.18185,-2.45974],[33.18201,-2.45537],[33.18387,-2.45502],[33.1842,-2.45956]]]]},"properties":{"region":"Mwanza","district":"Magu","ward":"Chabula","ward_code":"201"}},{"type":"Feature","geometry":{"type":"Polygon","coordinates":[[[33.20286,-2.51932],[33.20807,-2.51942],[33.21116,-2.51819],[33.21066,-2.52238],[33.21144,-2.52461],[33.21253,-2.52501],[33.21309,-2.52917],[33.21524,-2.53067],[33.21432,-2.53251],[33.21638,-2.53716],[33.22205,-2.5449],[33.22118,-2.55581],[33.21426,-2.56351],[33.21141,-2.56862],[33.20572,-2.57426],[33.19985,-2.58331],[33.1988,-2.58239],[33.19756,-2.58346],[33.19542,-2.58167],[33.19477,-2.58324],[33.19262,-2.58351],[33.19146,-2.58253],[33.19052,-2.58341],[33.18661,-2.58262],[33.18581,-2.58411],[33.18228,-2.5848],[33.18098,-2.5868],[33.17481,-2.58922],[33.16941,-2.58778],[33.1631,-2.58799],[33.15876,-2.58941],[33.15882,-2.58835],[33.14603,-2.57188],[33.1473,-2.55557],[33.14978,-2.55361],[33.15376,-2.55273],[33.15059,-2.55124],[33.14836,-2.54889],[33.14652,-2.54867],[33.14512,-2.54368],[33.14589,-2.54274],[33.14572,-2.53688],[33.14808,-2.53611],[33.15158,-2.53081],[33.16053,-2.52399],[33.16233,-2.52468],[33.16549,-2.52266],[33.16764,-2.52239],[33.19169,-2.52251],[33.19367,-2.52169],[33.1953,-2.51654],[33.20286,-2.51932]]]},"properties":{"region":"Mwanza","district":"Magu","ward":"Nyanguge","ward_code":"053"}},{"type":"Feature","geometry":{"type":"Polygon","coordinates":[[[33.28744,-2.50652],[33.29382,-2.50627],[33.29616,-2.50762],[33.29812,-2.51216],[33.29327,-2.51842],[33.29352,-2.5226],[33.29536,-2.52696],[33.29419,-2.53144],[33.29014,-2.53346],[33.28137,-2.53142],[33.27804,-2.53278],[33.27802,-2.53871],[33.27711,-2.54107],[33.28085,-2.54444],[33.28967,-2.54634],[33.28923,-2.55367],[33.28747,-2.56029],[33.29027,-2.57073],[33.29008,-2.57368],[33.28685,-2.58458],[33.28508,-2.58756],[33.28524,-2.59155],[33.279,-2.58479],[33.27467,-2.58208],[33.27355,-2.58345],[33.26882,-2.58544],[33.26532,-2.58429],[33.26298,-2.58096],[33.26305,-2.57694],[33.25453,-2.57305],[33.24936,-2.56751],[33.23403,-2.56308],[33.22874,-2.55749],[33.22136,-2.55424],[33.22205,-2.5449],[33.21638,-2.53716],[33.21432,-2.53251],[33.21524,-2.53067],[33.21309,-2.52917],[33.21253,-2.52501],[33.21144,-2.52461],[33.21066,-2.52238],[33.21118,-2.51843],[33.21647,-2.51808],[33.2229,-2.51518],[33.22768,-2.51616],[33.23189,-2.51587],[33.23725,-2.51379],[33.24081,-2.51041],[33.24665,-2.5079],[33.24763,-2.50576],[33.25289,-2.50817],[33.25358,-2.5122],[33.25563,-2.51402],[33.26341,-2.51606],[33.27151,-2.5133],[33.27753,-2.50698],[33.28351,-2.50492],[33.28744,-2.50652]]]},"properties":{"region":"Mwanza","district":"Magu","ward":"Kitongo Sima","ward_code":"061"}},{"type":"Feature","geometry":{"type":"Polygon","coordinates":[[[33.26298,-2.58096],[33.26532,-2.58429],[33.26882,-2.58544],[33.27355,-2.58345],[33.27467,-2.58208],[33.279,-2.58479],[33.28461,-2.59021],[33.28877,-2.60007],[33.30097,-2.6084],[33.30014,-2.61164],[33.30224,-2.61327],[33.30302,-2.6161],[33.30117,-2.61974],[33.30199,-2.62857],[33.30302,-2.63017],[33.3012,-2.63291],[33.30213,-2.63371],[33.30089,-2.63615],[33.30244,-2.64543],[33.30473,-2.64749],[33.30277,-2.65075],[33.29972,-2.65173],[33.29578,-2.65618],[33.29144,-2.65721],[33.28316,-2.65287],[33.27632,-2.65164],[33.26534,-2.65159],[33.25729,-2.64762],[33.24683,-2.65124],[33.24383,-2.65083],[33.2368,-2.64535],[33.23136,-2.64587],[33.22787,-2.64145],[33.22883,-2.64016],[33.22912,-2.63668],[33.22771,-2.63487],[33.22774,-2.63155],[33.22928,-2.62906],[33.2294,-2.62791],[33.2285,-2.62765],[33.22109,-2.6298],[33.21814,-2.63271],[33.21448,-2.63351],[33.21114,-2.63696],[33.20849,-2.63786],[33.20403,-2.63582],[33.20279,-2.63653],[33.19744,-2.63471],[33.19412,-2.63149],[33.19026,-2.63045],[33.18709,-2.62567],[33.1816,-2.62196],[33.18105,-2.6194],[33.17568,-2.61426],[33.1617,-2.61949],[33.15489,-2.61971],[33.14622,-2.60636],[33.14617,-2.60018],[33.14011,-2.59932],[33.13965,-2.59855],[33.14828,-2.59412],[33.15111,-2.59173],[33.1545,-2.5917],[33.15882,-2.58835],[33.15955,-2.58959],[33.1631,-2.58799],[33.16883,-2.58779],[33.17481,-2.58922],[33.18098,-2.5868],[33.18228,-2.5848],[33.18581,-2.58411],[33.18661,-2.58262],[33.19052,-2.58341],[33.19146,-2.58253],[33.19262,-2.58351],[33.19477,-2.58324],[33.19542,-2.58167],[33.19756,-2.58346],[33.1988,-2.58239],[33.19985,-2.58331],[33.20572,-2.57426],[33.21141,-2.56862],[33.21426,-2.56351],[33.22118,-2.55581],[33.22136,-2.55424],[33.22874,-2.55749],[33.23403,-2.56308],[33.24936,-2.56751],[33.25453,-2.57305],[33.26305,-2.57694],[33.26298,-2.58096]]]},"properties":{"region":"Mwanza","district":"Magu","ward":"Mwamanga","ward_code":"071"}},{"type":"Feature","geometry":{"type":"MultiPolygon","coordinates":[[[[33.39554,-2.52575],[33.3979,-2.52618],[33.39998,-2.52465],[33.40145,-2.52538],[33.40438,-2.53242],[33.40063,-2.53916],[33.39872,-2.54624],[33.39731,-2.55778],[33.39389,-2.56202],[33.39289,-2.56733],[33.39006,-2.56709],[33.38855,-2.57298],[33.38194,-2.576],[33.37465,-2.58391],[33.36803,-2.58806],[33.36642,-2.59221],[33.36648,-2.60519],[33.36558,-2.60793],[33.36178,-2.60349],[33.34796,-2.59809],[33.34711,-2.59392],[33.34568,-2.59352],[33.33758,-2.60612],[33.33634,-2.61114],[33.33343,-2.61357],[33.32774,-2.61222],[33.32721,-2.61382],[33.32683,-2.6174],[33.33077,-2.61896],[33.33105,-2.6215],[33.33634,-2.62943],[33.34014,-2.63298],[33.33706,-2.6368],[33.33712,-2.64412],[33.32543,-2.64348],[33.31623,-2.64904],[33.30444,-2.64837],[33.3044,-2.64683],[33.30244,-2.64543],[33.30089,-2.63615],[33.30213,-2.63371],[33.3012,-2.63291],[33.30302,-2.63017],[33.30199,-2.62857],[33.30117,-2.61974],[33.30302,-2.6161],[33.30224,-2.61327],[33.30014,-2.61164],[33.30097,-2.6084],[33.28877,-2.60007],[33.28524,-2.59155],[33.28508,-2.58756],[33.28685,-2.58458],[33.29008,-2.57368],[33.29027,-2.57073],[33.28747,-2.56029],[33.28923,-2.55367],[33.28967,-2.54634],[33.29351,-2.54925],[33.30021,-2.55004],[33.31138,-2.54574],[33.31521,-2.54307],[33.32107,-2.54324],[33.32734,-2.54147],[33.33174,-2.53781],[33.33368,-2.53406],[33.33589,-2.53462],[33.3368,-2.53602],[33.33984,-2.53303],[33.34685,-2.53423],[33.35563,-2.53772],[33.35979,-2.53649],[33.36025,-2.53807],[33.3656,-2.53491],[33.37411,-2.53316],[33.38251,-2.52487],[33.38361,-2.52225],[33.38546,-2.52181],[33.39365,-2.52323],[33.39554,-2.52575]]],[[[33.34621,-2.49363],[33.34582,-2.49748],[33.34722,-2.49911],[33.34893,-2.50025],[33.35383,-2.5009],[33.35497,-2.50232],[33.35574,-2.5059],[33.35836,-2.50967],[33.35822,-2.51389],[33.34316,-2.52461],[33.33934,-2.53116],[33.33237,-2.52816],[33.32901,-2.52314],[33.33184,-2.51928],[33.33451,-2.51767],[33.34169,-2.51639],[33.34293,-2.51236],[33.34114,-2.50916],[33.33489,-2.50396],[33.33222,-2.50055],[33.33181,-2.49681],[33.3378,-2.49291],[33.3406,-2.49398],[33.34244,-2.49317],[33.34327,-2.49159],[33.34621,-2.49363]]]]},"properties":{"region":"Mwanza","district":"Magu","ward":"Kahangara","ward_code":"081"}},{"type":"Feature","geometry":{"type":"Polygon","coordinates":[[[33.41552,-2.52957],[33.41684,-2.53105],[33.4199,-2.53033],[33.41994,-2.53345],[33.42124,-2.53548],[33.41894,-2.53922],[33.41996,-2.54457],[33.42232,-2.54982],[33.41737,-2.56142],[33.41503,-2.58722],[33.41027,-2.58693],[33.41311,-2.59503],[33.41303,-2.60348],[33.4055,-2.60946],[33.4043,-2.61071],[33.40454,-2.61176],[33.40244,-2.61349],[33.40152,-2.61741],[33.40215,-2.62149],[33.40124,-2.62246],[33.39564,-2.62243],[33.39156,-2.62538],[33.388,-2.62624],[33.38625,-2.63128],[33.3836,-2.63473],[33.38272,-2.64193],[33.37983,-2.64583],[33.38045,-2.64774],[33.37839,-2.65039],[33.36815,-2.65542],[33.35788,-2.65273],[33.35447,-2.65334],[33.35216,-2.65628],[33.34893,-2.65609],[33.3451,-2.65029],[33.33712,-2.64412],[33.33706,-2.6368],[33.34014,-2.63298],[33.33634,-2.62943],[33.33105,-2.6215],[33.33077,-2.61896],[33.32683,-2.6174],[33.32774,-2.61222],[33.33343,-2.61357],[33.33634,-2.61114],[33.33758,-2.60612],[33.34568,-2.59352],[33.34711,-2.59392],[33.34796,-2.59809],[33.36178,-2.60349],[33.36558,-2.60793],[33.36648,-2.60519],[33.36642,-2.59221],[33.36803,-2.58806],[33.37465,-2.58391],[33.38194,-2.576],[33.38855,-2.57298],[33.39006,-2.56709],[33.39289,-2.56733],[33.39389,-2.56202],[33.39731,-2.55778],[33.39872,-2.54624],[33.40063,-2.53916],[33.40438,-2.53242],[33.40511,-2.5381],[33.4066,-2.53984],[33.40588,-2.54336],[33.40864,-2.54416],[33.41306,-2.54047],[33.4134,-2.53827],[33.4151,-2.5364],[33.41416,-2.53084],[33.41552,-2.52957]]]},"properties":{"region":"Mwanza","district":"Magu","ward":"Nyigogo","ward_code":"091"}},{"type":"Feature","geometry":{"type":"Polygon","coordinates":[[[33.44646,-2.63834],[33.45022,-2.6416],[33.45076,-2.64096],[33.45174,-2.64344],[33.45111,-2.64454],[33.45359,-2.6484],[33.45322,-2.6509],[33.45072,-2.6525],[33.45083,-2.65589],[33.44959,-2.6578],[33.4499,-2.66079],[33.4487,-2.66363],[33.44978,-2.66549],[33.44911,-2.66819],[33.44973,-2.67122],[33.44854,-2.67229],[33.4491,-2.67369],[33.44814,-2.67565],[33.44717,-2.67563],[33.4468,-2.67845],[33.44241,-2.68215],[33.43887,-2.68923],[33.43769,-2.69576],[33.43409,-2.69839],[33.43147,-2.70192],[33.42818,-2.70299],[33.4275,-2.70437],[33.42066,-2.70466],[33.41618,-2.70739],[33.41323,-2.71207],[33.41345,-2.71327],[33.40795,-2.71775],[33.40116,-2.71944],[33.39747,-2.71552],[33.39616,-2.71092],[33.3935,-2.70682],[33.39101,-2.70553],[33.38883,-2.70177],[33.38586,-2.699],[33.38425,-2.69546],[33.37909,-2.69001],[33.37563,-2.68828],[33.3702,-2.68072],[33.36603,-2.66747],[33.3667,-2.66337],[33.37156,-2.65462],[33.37317,-2.65279],[33.37839,-2.65039],[33.38034,-2.64686],[33.38344,-2.65294],[33.38545,-2.65487],[33.38594,-2.65709],[33.38726,-2.65801],[33.39093,-2.6561],[33.39561,-2.65148],[33.41567,-2.6513],[33.42609,-2.64844],[33.43034,-2.64587],[33.43908,-2.64526],[33.44665,-2.63597],[33.44646,-2.63834]]]},"properties":{"region":"Mwanza","district":"Magu","ward":"Mwamabanza","ward_code":"101"}},{"type":"Feature","geometry":{"type":"Polygon","coordinates":[[[33.52531,-2.62818],[33.5383,-2.63831],[33.54654,-2.64241],[33.54885,-2.64224],[33.54612,-2.64777],[33.54057,-2.65442],[33.5398,-2.65978],[33.53839,-2.66245],[33.53626,-2.66238],[33.53521,-2.66381],[33.53556,-2.66542],[33.54053,-2.67061],[33.54487,-2.67127],[33.54551,-2.67383],[33.5446,-2.67761],[33.54788,-2.68269],[33.54748,-2.6913],[33.54858,-2.69352],[33.54136,-2.69867],[33.53954,-2.70255],[33.53387,-2.70321],[33.52994,-2.70525],[33.52685,-2.70446],[33.52505,-2.70036],[33.522,-2.69796],[33.5174,-2.6987],[33.51553,-2.70078],[33.50734,-2.69607],[33.49842,-2.68928],[33.49664,-2.6904],[33.49258,-2.68994],[33.4874,-2.68591],[33.48685,-2.68467],[33.4902,-2.6747],[33.49002,-2.67128],[33.48821,-2.66695],[33.48903,-2.66252],[33.48707,-2.65512],[33.48466,-2.65354],[33.48927,-2.6398],[33.49279,-2.64009],[33.50346,-2.63637],[33.50473,-2.63372],[33.50995,-2.62983],[33.51221,-2.63143],[33.52488,-2.62894],[33.52531,-2.62818]]]},"properties":{"region":"Mwanza","district":"Magu","ward":"Sukuma","ward_code":"111"}},{"type":"Feature","geometry":{"type":"Polygon","coordinates":[[[33.47864,-2.48879],[33.4824,-2.49433],[33.48008,-2.49778],[33.48097,-2.50008],[33.48391,-2.50187],[33.48626,-2.5015],[33.48866,-2.50237],[33.49883,-2.50748],[33.50251,-2.50839],[33.50441,-2.51078],[33.51253,-2.51535],[33.51274,-2.51665],[33.51552,-2.5181],[33.51632,-2.52156],[33.51878,-2.52207],[33.53791,-2.51778],[33.5409,-2.51298],[33.54625,-2.51035],[33.54954,-2.50722],[33.55761,-2.50335],[33.56535,-2.50942],[33.57389,-2.5236],[33.58073,-2.53958],[33.58419,-2.55247],[33.58423,-2.56372],[33.5858,-2.56715],[33.59144,-2.56775],[33.59001,-2.56803],[33.58981,-2.56922],[33.58527,-2.56987],[33.58553,-2.56813],[33.58223,-2.56885],[33.58202,-2.56759],[33.58296,-2.56709],[33.58172,-2.56648],[33.57791,-2.5693],[33.5803,-2.5712],[33.58242,-2.57055],[33.58321,-2.57404],[33.5814,-2.57507],[33.5826,-2.57576],[33.58247,-2.57767],[33.5834,-2.57676],[33.58473,-2.57706],[33.58465,-2.57861],[33.58202,-2.57923],[33.58045,-2.5786],[33.58099,-2.57971],[33.5786,-2.58062],[33.57739,-2.5799],[33.57828,-2.58137],[33.57705,-2.58232],[33.57626,-2.57963],[33.5755,-2.57977],[33.57527,-2.58152],[33.5738,-2.58011],[33.5745,-2.57942],[33.57287,-2.57914],[33.57474,-2.578],[33.57283,-2.57611],[33.57125,-2.57809],[33.57242,-2.57929],[33.57191,-2.57971],[33.56988,-2.57952],[33.56776,-2.57783],[33.56802,-2.57678],[33.56933,-2.57709],[33.56748,-2.57594],[33.56618,-2.57839],[33.5627,-2.57732],[33.56106,-2.5787],[33.5565,-2.57842],[33.55495,-2.58048],[33.55454,-2.57935],[33.556,-2.57844],[33.55562,-2.57639],[33.5524,-2.57672],[33.55206,-2.57387],[33.55094,-2.57423],[33.55019,-2.57642],[33.54914,-2.57593],[33.54891,-2.57294],[33.54983,-2.57236],[33.54814,-2.57126],[33.54726,-2.57363],[33.5462,-2.57281],[33.54359,-2.57358],[33.54253,-2.57282],[33.54197,-2.57412],[33.54159,-2.57187],[33.54342,-2.57162],[33.54394,-2.5695],[33.53993,-2.56808],[33.53583,-2.57188],[33.5331,-2.57236],[33.52955,-2.57151],[33.52852,-2.57029],[33.52604,-2.57219],[33.52382,-2.57152],[33.52306,-2.57358],[33.51983,-2.57331],[33.51799,-2.57703],[33.51648,-2.5759],[33.51707,-2.57314],[33.51379,-2.57274],[33.51235,-2.5742],[33.51233,-2.57577],[33.50964,-2.5755],[33.50875,-2.57642],[33.50755,-2.57407],[33.5049,-2.57583],[33.50467,-2.5743],[33.50233,-2.57243],[33.49869,-2.57343],[33.49895,-2.57028],[33.49391,-2.56848],[33.493,-2.56621],[33.49169,-2.56699],[33.49152,-2.56859],[33.49033,-2.56739],[33.48827,-2.56792],[33.48773,-2.56896],[33.48466,-2.56865],[33.4788,-2.57125],[33.47944,-2.57357],[33.4777,-2.57218],[33.47765,-2.57401],[33.47542,-2.57488],[33.47494,-2.57598],[33.47211,-2.57244],[33.4695,-2.57411],[33.46811,-2.57303],[33.4653,-2.57398],[33.46486,-2.57654],[33.46385,-2.57723],[33.46163,-2.57672],[33.4616,-2.57475],[33.4583,-2.57465],[33.45737,-2.57325],[33.45896,-2.57254],[33.4588,-2.57184],[33.45746,-2.57137],[33.45585,-2.57216],[33.45563,-2.57081],[33.45362,-2.56924],[33.4538,-2.56829],[33.4523,-2.56818],[33.45159,-2.5671],[33.45179,-2.56595],[33.44695,-2.56753],[33.44732,-2.56381],[33.44408,-2.56361],[33.44561,-2.56589],[33.44315,-2.56849],[33.44262,-2.56477],[33.44068,-2.56681],[33.43955,-2.56522],[33.43643,-2.56704],[33.43563,-2.56658],[33.43397,-2.56294],[33.43432,-2.5604],[33.43327,-2.55796],[33.43059,-2.55475],[33.42733,-2.55376],[33.42507,-2.55033],[33.42232,-2.54982],[33.42159,-2.54859],[33.41894,-2.53922],[33.42124,-2.53548],[33.41994,-2.53345],[33.4199,-2.53033],[33.42643,-2.53039],[33.43476,-2.53463],[33.4427,-2.53441],[33.4553,-2.53232],[33.4585,-2.53047],[33.45857,-2.52923],[33.46326,-2.52718],[33.46908,-2.51408],[33.46818,-2.51211],[33.46844,-2.50641],[33.4672,-2.50333],[33.4618,-2.50103],[33.46246,-2.49966],[33.45908,-2.49654],[33.44982,-2.49246],[33.45421,-2.49253],[33.45932,-2.49084],[33.46462,-2.49074],[33.4755,-2.48813],[33.47864,-2.48879]]]},"properties":{"region":"Mwanza","district":"Magu","ward":"Lubugu","ward_code":"121"}},{"type":"Feature","geometry":{"type":"Polygon","coordinates":[[[33.44776,-2.56448],[33.44695,-2.56753],[33.44888,-2.56685],[33.44635,-2.57646],[33.44526,-2.58872],[33.44462,-2.5889],[33.44462,-2.5922],[33.44618,-2.59213],[33.44649,-2.59373],[33.44577,-2.59398],[33.44673,-2.60251],[33.44063,-2.60138],[33.43931,-2.60302],[33.43766,-2.59984],[33.43951,-2.59023],[33.42758,-2.58879],[33.4293,-2.58534],[33.42916,-2.57923],[33.43086,-2.57322],[33.43467,-2.56514],[33.43643,-2.56704],[33.43955,-2.56522],[33.44123,-2.56662],[33.44085,-2.56578],[33.44262,-2.56477],[33.44315,-2.56849],[33.44561,-2.56589],[33.44408,-2.56361],[33.446,-2.56353],[33.44776,-2.56448]]]},"properties":{"region":"Mwanza","district":"Magu","ward":"Magu Mjini","ward_code":"173"}},{"type":"Feature","geometry":{"type":"Polygon","coordinates":[[[33.41938,-2.58754],[33.42279,-2.60265],[33.42466,-2.60006],[33.42774,-2.59807],[33.43022,-2.5978],[33.4323,-2.59804],[33.43548,-2.60185],[33.43931,-2.60302],[33.44004,-2.60151],[33.44204,-2.60133],[33.44673,-2.60251],[33.44656,-2.6016],[33.44738,-2.60157],[33.45619,-2.60257],[33.45673,-2.6061],[33.46609,-2.60963],[33.45952,-2.61345],[33.4597,-2.61474],[33.45669,-2.61724],[33.45703,-2.61981],[33.45541,-2.62066],[33.45552,-2.62261],[33.45391,-2.62552],[33.45293,-2.62653],[33.45038,-2.62665],[33.44574,-2.63765],[33.43908,-2.64526],[33.43034,-2.64587],[33.42609,-2.64844],[33.41567,-2.6513],[33.39561,-2.65148],[33.39093,-2.6561],[33.38726,-2.65801],[33.38594,-2.65709],[33.38545,-2.65487],[33.38344,-2.65294],[33.37983,-2.64583],[33.38242,-2.64265],[33.3836,-2.63473],[33.38625,-2.63128],[33.388,-2.62624],[33.39156,-2.62538],[33.39564,-2.62243],[33.40124,-2.62246],[33.40215,-2.62149],[33.40152,-2.61741],[33.40244,-2.61349],[33.40454,-2.61176],[33.4043,-2.61071],[33.4055,-2.60946],[33.41303,-2.60348],[33.41311,-2.59503],[33.41027,-2.58693],[33.41938,-2.58754]]]},"properties":{"region":"Mwanza","district":"Magu","ward":"Kandawe","ward_code":"213"}},{"type":"Feature","geometry":{"type":"Polygon","coordinates":[[[33.42232,-2.54982],[33.42507,-2.55033],[33.42733,-2.55376],[33.43059,-2.55475],[33.43414,-2.5592],[33.43467,-2.56514],[33.43086,-2.57322],[33.42916,-2.57923],[33.4293,-2.58534],[33.42758,-2.58879],[33.43951,-2.59023],[33.43766,-2.59984],[33.43847,-2.60254],[33.43548,-2.60185],[33.4323,-2.59804],[33.42961,-2.59778],[33.42466,-2.60006],[33.42279,-2.60265],[33.41938,-2.58754],[33.41503,-2.58722],[33.41737,-2.56142],[33.42232,-2.54982]]]},"properties":{"region":"Mwanza","district":"Magu","ward":"Isandula","ward_code":"223"}},{"type":"Feature","geometry":{"type":"Polygon","coordinates":[[[33.45563,-2.57081],[33.45585,-2.57216],[33.45746,-2.57137],[33.4588,-2.57184],[33.45896,-2.57254],[33.45737,-2.57325],[33.4583,-2.57465],[33.4616,-2.57475],[33.46212,-2.577],[33.46486,-2.57654],[33.46502,-2.57422],[33.46598,-2.57361],[33.46811,-2.57303],[33.46933,-2.5741],[33.4684,-2.58084],[33.46617,-2.5834],[33.46542,-2.59009],[33.46233,-2.59233],[33.46485,-2.59617],[33.46477,-2.59762],[33.46669,-2.59937],[33.46669,-2.60216],[33.46832,-2.60601],[33.46794,-2.60912],[33.46609,-2.60963],[33.45673,-2.6061],[33.45619,-2.60257],[33.44656,-2.6016],[33.44577,-2.59398],[33.44649,-2.59373],[33.44618,-2.59213],[33.44462,-2.5922],[33.44462,-2.5889],[33.44526,-2.58872],[33.44635,-2.57646],[33.44888,-2.56685],[33.45179,-2.56595],[33.4523,-2.56818],[33.4538,-2.56829],[33.45362,-2.56924],[33.45563,-2.57081]]]},"properties":{"region":"Mwanza","district":"Magu","ward":"Itumbili","ward_code":"233"}},{"type":"Feature","geometry":{"type":"Polygon","coordinates":[[[33.47211,-2.57244],[33.47454,-2.57546],[33.47232,-2.57587],[33.47547,-2.58081],[33.4763,-2.58092],[33.47522,-2.57867],[33.47644,-2.57746],[33.47977,-2.57782],[33.4802,-2.57928],[33.47881,-2.58057],[33.48075,-2.58153],[33.47984,-2.58392],[33.4811,-2.58457],[33.48269,-2.58306],[33.4849,-2.58484],[33.48702,-2.58463],[33.48699,-2.5861],[33.48926,-2.58736],[33.48885,-2.58911],[33.49137,-2.59246],[33.49309,-2.59211],[33.49412,-2.5898],[33.49328,-2.58554],[33.49432,-2.58436],[33.49536,-2.5847],[33.49512,-2.588],[33.49742,-2.58865],[33.49837,-2.591],[33.49789,-2.59349],[33.49611,-2.59461],[33.49652,-2.59603],[33.49831,-2.59553],[33.49908,-2.59397],[33.50081,-2.5941],[33.50377,-2.59657],[33.50437,-2.59891],[33.50687,-2.60005],[33.50805,-2.59907],[33.50816,-2.59566],[33.51003,-2.5947],[33.51398,-2.60077],[33.51755,-2.60868],[33.52262,-2.61462],[33.52964,-2.62004],[33.52488,-2.62894],[33.51221,-2.63143],[33.50995,-2.62983],[33.50473,-2.63372],[33.50346,-2.63637],[33.49279,-2.64009],[33.48927,-2.6398],[33.48486,-2.65185],[33.48466,-2.65354],[33.48707,-2.65512],[33.48903,-2.66252],[33.48821,-2.66695],[33.49002,-2.67128],[33.4902,-2.6747],[33.48685,-2.68467],[33.49258,-2.68994],[33.49664,-2.6904],[33.49842,-2.68928],[33.50734,-2.69607],[33.51553,-2.70078],[33.50712,-2.70492],[33.50279,-2.70517],[33.5001,-2.70356],[33.49435,-2.7029],[33.49269,-2.70543],[33.49037,-2.70672],[33.48623,-2.70523],[33.47743,-2.7068],[33.47219,-2.70147],[33.46964,-2.70023],[33.46781,-2.70058],[33.46207,-2.69396],[33.45942,-2.69237],[33.45551,-2.69286],[33.45434,-2.68936],[33.45253,-2.68811],[33.45263,-2.68323],[33.45051,-2.68291],[33.44943,-2.68161],[33.44707,-2.67602],[33.44814,-2.67565],[33.4491,-2.67369],[33.44854,-2.67229],[33.44973,-2.67122],[33.44911,-2.66819],[33.44978,-2.66549],[33.4487,-2.66363],[33.4499,-2.66079],[33.44959,-2.6578],[33.45083,-2.65589],[33.45072,-2.6525],[33.45322,-2.6509],[33.45359,-2.6484],[33.45111,-2.64454],[33.45174,-2.64344],[33.45076,-2.64096],[33.45005,-2.64153],[33.44658,-2.63888],[33.44669,-2.63436],[33.44774,-2.63376],[33.45038,-2.62665],[33.45293,-2.62653],[33.45391,-2.62552],[33.45552,-2.62261],[33.45541,-2.62066],[33.45703,-2.61981],[33.45669,-2.61724],[33.4597,-2.61474],[33.45952,-2.61345],[33.4684,-2.60831],[33.46669,-2.59937],[33.46477,-2.59762],[33.46485,-2.59617],[33.46233,-2.59233],[33.46542,-2.59009],[33.46617,-2.5834],[33.4684,-2.58084],[33.46933,-2.5741],[33.47211,-2.57244]]]},"properties":{"region":"Mwanza","district":"Magu","ward":"Buhumbi","ward_code":"241"}},{"type":"Feature","geometry":{"type":"Polygon","coordinates":[[[33.64177,-2.55271],[33.64891,-2.56729],[33.65601,-2.57503],[33.64569,-2.58562],[33.63977,-2.58949],[33.62913,-2.59046],[33.64214,-2.59947],[33.64321,-2.60459],[33.64095,-2.60981],[33.63992,-2.61695],[33.63911,-2.62535],[33.6396,-2.63432],[33.63163,-2.63814],[33.63165,-2.6439],[33.63484,-2.64451],[33.63724,-2.64359],[33.64029,-2.64579],[33.64415,-2.64417],[33.64536,-2.64597],[33.64769,-2.64473],[33.65025,-2.6464],[33.64964,-2.64753],[33.65154,-2.64773],[33.65276,-2.64969],[33.6537,-2.6495],[33.6534,-2.65025],[33.6546,-2.65035],[33.65487,-2.65227],[33.65261,-2.66043],[33.64213,-2.68291],[33.63871,-2.68479],[33.61978,-2.68859],[33.61584,-2.69029],[33.61127,-2.68599],[33.60818,-2.67842],[33.59292,-2.65793],[33.58572,-2.66668],[33.57993,-2.67049],[33.57802,-2.67534],[33.57962,-2.67657],[33.58304,-2.6828],[33.57805,-2.68052],[33.5708,-2.67912],[33.55104,-2.68064],[33.54693,-2.67825],[33.54495,-2.67586],[33.54487,-2.67127],[33.54053,-2.67061],[33.53556,-2.66542],[33.53521,-2.66381],[33.53626,-2.66238],[33.53839,-2.66245],[33.5398,-2.65978],[33.54057,-2.65442],[33.54612,-2.64777],[33.54885,-2.64224],[33.54654,-2.64241],[33.5383,-2.63831],[33.52531,-2.62818],[33.52964,-2.62004],[33.52262,-2.61462],[33.51755,-2.60868],[33.51398,-2.60077],[33.51003,-2.5947],[33.50816,-2.59566],[33.50805,-2.59907],[33.50687,-2.60005],[33.50437,-2.59891],[33.50377,-2.59657],[33.50081,-2.5941],[33.49908,-2.59397],[33.49831,-2.59553],[33.49652,-2.59603],[33.49611,-2.59461],[33.49789,-2.59349],[33.49837,-2.591],[33.49742,-2.58865],[33.49512,-2.588],[33.49536,-2.5847],[33.49432,-2.58436],[33.49328,-2.58554],[33.49412,-2.5898],[33.49309,-2.59211],[33.49137,-2.59246],[33.48885,-2.58911],[33.48926,-2.58736],[33.48699,-2.5861],[33.48702,-2.58463],[33.4849,-2.58484],[33.48269,-2.58306],[33.4811,-2.58457],[33.47984,-2.58392],[33.48075,-2.58153],[33.47881,-2.58057],[33.4802,-2.57928],[33.47977,-2.57782],[33.47644,-2.57746],[33.47522,-2.57867],[33.47599,-2.58109],[33.47232,-2.57587],[33.47298,-2.57524],[33.47494,-2.57598],[33.47542,-2.57488],[33.47734,-2.57442],[33.4777,-2.57218],[33.47944,-2.57357],[33.4788,-2.57125],[33.48353,-2.56905],[33.48773,-2.56896],[33.48827,-2.56792],[33.49033,-2.56739],[33.4919,-2.56843],[33.49169,-2.56699],[33.49265,-2.56621],[33.49391,-2.56848],[33.49895,-2.57028],[33.49869,-2.57343],[33.50233,-2.57243],[33.50467,-2.5743],[33.5049,-2.57583],[33.50755,-2.57407],[33.50875,-2.57642],[33.50964,-2.5755],[33.51233,-2.57577],[33.51334,-2.57286],[33.51668,-2.57299],[33.5174,-2.57395],[33.51648,-2.5759],[33.51752,-2.57704],[33.51855,-2.57654],[33.51983,-2.57331],[33.52306,-2.57358],[33.52382,-2.57152],[33.52604,-2.57219],[33.52852,-2.57029],[33.52955,-2.57151],[33.5331,-2.57236],[33.53583,-2.57188],[33.53993,-2.56808],[33.54394,-2.5695],[33.54342,-2.57162],[33.54159,-2.57187],[33.54197,-2.57412],[33.54253,-2.57282],[33.54359,-2.57358],[33.5462,-2.57281],[33.54726,-2.57363],[33.54814,-2.57126],[33.54983,-2.57236],[33.54891,-2.57294],[33.54914,-2.57593],[33.55019,-2.57642],[33.55094,-2.57423],[33.55206,-2.57387],[33.5524,-2.57672],[33.55562,-2.57639],[33.556,-2.57844],[33.55454,-2.57935],[33.55495,-2.58048],[33.5565,-2.57842],[33.56106,-2.5787],[33.5627,-2.57732],[33.56618,-2.57839],[33.56748,-2.57594],[33.56933,-2.57709],[33.56802,-2.57678],[33.56776,-2.57783],[33.56988,-2.57952],[33.57191,-2.57971],[33.57242,-2.57929],[33.57125,-2.57809],[33.5723,-2.57762],[33.5723,-2.57598],[33.57474,-2.578],[33.57287,-2.57914],[33.5745,-2.57942],[33.5738,-2.58011],[33.57527,-2.58152],[33.5755,-2.57977],[33.57626,-2.57963],[33.57679,-2.58219],[33.57763,-2.58227],[33.57828,-2.58137],[33.57739,-2.5799],[33.5786,-2.58062],[33.58099,-2.57971],[33.58045,-2.5786],[33.58394,-2.57895],[33.58503,-2.57785],[33.58386,-2.57666],[33.58247,-2.57767],[33.5826,-2.57576],[33.5814,-2.57507],[33.58321,-2.57404],[33.58242,-2.57055],[33.5803,-2.5712],[33.57943,-2.56984],[33.57781,-2.56967],[33.58031,-2.56702],[33.58279,-2.56687],[33.58223,-2.56885],[33.58553,-2.56813],[33.58575,-2.56989],[33.5882,-2.56887],[33.58981,-2.56922],[33.59001,-2.56803],[33.59144,-2.56775],[33.59358,-2.56929],[33.5945,-2.56753],[33.59684,-2.56766],[33.59889,-2.56577],[33.60184,-2.56776],[33.60228,-2.5663],[33.60413,-2.56717],[33.60739,-2.56642],[33.61332,-2.56677],[33.61412,-2.56633],[33.61378,-2.56455],[33.61572,-2.5637],[33.61339,-2.56313],[33.61364,-2.56216],[33.61579,-2.56092],[33.62007,-2.56126],[33.6222,-2.55916],[33.62373,-2.55988],[33.62512,-2.55897],[33.62528,-2.5572],[33.62679,-2.55671],[33.6282,-2.55698],[33.62827,-2.55856],[33.62917,-2.55871],[33.63026,-2.55721],[33.63343,-2.55812],[33.63431,-2.5566],[33.63672,-2.55681],[33.64057,-2.55523],[33.64177,-2.55271]]]},"properties":{"region":"Mwanza","district":"Magu","ward":"Ng'haya","ward_code":"131"}},{"type":"Feature","geometry":{"type":"MultiPolygon","coordinates":[[[[33.60865,-2.67982],[33.61127,-2.68599],[33.61495,-2.68991],[33.61644,-2.69015],[33.62082,-2.69776],[33.61979,-2.699],[33.61783,-2.69909],[33.61487,-2.69766],[33.61283,-2.69839],[33.60943,-2.70193],[33.60453,-2.7027],[33.6041,-2.70482],[33.60018,-2.70472],[33.59841,-2.70639],[33.59628,-2.70649],[33.59365,-2.7093],[33.59452,-2.71612],[33.59388,-2.71759],[33.58866,-2.72437],[33.57934,-2.73264],[33.57781,-2.72732],[33.57209,-2.72266],[33.57071,-2.7184],[33.56684,-2.71455],[33.56416,-2.70805],[33.55875,-2.70616],[33.55463,-2.69778],[33.55219,-2.69704],[33.54858,-2.69352],[33.54748,-2.6913],[33.54788,-2.68269],[33.5446,-2.67761],[33.54495,-2.67586],[33.54693,-2.67825],[33.55104,-2.68064],[33.5708,-2.67912],[33.57805,-2.68052],[33.58304,-2.6828],[33.57962,-2.67657],[33.57802,-2.67534],[33.57993,-2.67049],[33.58572,-2.66668],[33.59292,-2.65793],[33.60865,-2.67982]]],[[[33.66308,-2.6597],[33.67273,-2.66937],[33.67689,-2.67053],[33.67979,-2.6734],[33.68051,-2.67365],[33.68198,-2.67193],[33.68521,-2.67318],[33.68615,-2.6745],[33.68708,-2.67356],[33.6874,-2.67573],[33.68896,-2.67731],[33.69181,-2.67729],[33.69319,-2.67615],[33.69704,-2.67669],[33.69773,-2.67937],[33.69738,-2.69333],[33.6948,-2.70038],[33.69394,-2.70758],[33.67223,-2.72051],[33.66742,-2.72178],[33.65808,-2.71848],[33.65996,-2.71153],[33.65908,-2.70586],[33.65653,-2.70271],[33.65508,-2.69878],[33.64853,-2.69763],[33.6438,-2.69361],[33.64122,-2.69406],[33.63871,-2.68479],[33.64213,-2.68291],[33.65261,-2.66043],[33.65487,-2.65227],[33.65793,-2.65725],[33.66308,-2.6597]]]]},"properties":{"region":"Mwanza","district":"Magu","ward":"Nkungulu","ward_code":"141"}},{"type":"Feature","geometry":{"type":"Polygon","coordinates":[[[33.69917,-2.68057],[33.70044,-2.68025],[33.69993,-2.6813],[33.70112,-2.68178],[33.70116,-2.6832],[33.70462,-2.687],[33.70669,-2.68589],[33.71535,-2.68928],[33.72132,-2.68944],[33.72193,-2.69015],[33.72561,-2.6885],[33.72625,-2.68707],[33.73157,-2.6886],[33.73671,-2.68877],[33.73648,-2.69129],[33.73808,-2.6922],[33.73735,-2.69255],[33.73734,-2.69574],[33.74002,-2.6987],[33.74325,-2.69936],[33.74564,-2.70391],[33.74752,-2.70471],[33.7474,-2.70584],[33.75263,-2.70789],[33.75383,-2.70952],[33.75745,-2.70977],[33.75849,-2.71268],[33.76382,-2.71082],[33.76532,-2.71208],[33.77202,-2.71322],[33.77523,-2.71502],[33.77498,-2.71939],[33.7761,-2.7201],[33.77688,-2.72529],[33.7824,-2.73082],[33.78248,-2.73359],[33.78365,-2.73442],[33.78268,-2.73876],[33.78281,-2.74759],[33.78466,-2.74918],[33.78464,-2.75146],[33.7874,-2.75233],[33.78542,-2.75703],[33.77901,-2.7564],[33.77322,-2.75927],[33.76261,-2.7626],[33.75411,-2.76199],[33.74717,-2.75797],[33.73653,-2.75882],[33.71964,-2.74976],[33.71845,-2.74774],[33.71838,-2.74547],[33.71934,-2.74428],[33.71736,-2.74025],[33.71699,-2.73683],[33.71771,-2.73467],[33.71915,-2.73392],[33.70558,-2.73371],[33.69928,-2.73149],[33.68812,-2.73032],[33.68648,-2.7362],[33.68583,-2.74403],[33.68287,-2.75408],[33.68082,-2.75586],[33.67774,-2.77057],[33.6718,-2.76867],[33.65072,-2.7661],[33.6496,-2.76303],[33.64651,-2.76097],[33.63941,-2.76298],[33.63895,-2.76086],[33.63798,-2.76197],[33.63512,-2.76148],[33.63432,-2.76398],[33.62899,-2.76586],[33.63156,-2.76099],[33.63041,-2.75734],[33.63234,-2.7576],[33.6369,-2.75447],[33.63991,-2.74836],[33.63913,-2.74837],[33.63865,-2.746],[33.64111,-2.73842],[33.64523,-2.73735],[33.65047,-2.73276],[33.65197,-2.73058],[33.65155,-2.72569],[33.65556,-2.72608],[33.65808,-2.71848],[33.66742,-2.72178],[33.67223,-2.72051],[33.69394,-2.70758],[33.6948,-2.70038],[33.69738,-2.69333],[33.69773,-2.67937],[33.69917,-2.68057]]]},"properties":{"region":"Mwanza","district":"Magu","ward":"Jinjimili","ward_code":"151"}},{"type":"Feature","geometry":{"type":"Polygon","coordinates":[[[33.68812,-2.73032],[33.69928,-2.73149],[33.70558,-2.73371],[33.71915,-2.73392],[33.71771,-2.73467],[33.71699,-2.73683],[33.71736,-2.74025],[33.71934,-2.74428],[33.71838,-2.74547],[33.71845,-2.74774],[33.71964,-2.74976],[33.73653,-2.75882],[33.74717,-2.75797],[33.75411,-2.76199],[33.76261,-2.7626],[33.77322,-2.75927],[33.77901,-2.7564],[33.78522,-2.75716],[33.78552,-2.75791],[33.78213,-2.76068],[33.78179,-2.76229],[33.78257,-2.76333],[33.78361,-2.76286],[33.78414,-2.76471],[33.78293,-2.76836],[33.78371,-2.76872],[33.78313,-2.77558],[33.7845,-2.7776],[33.78468,-2.78003],[33.78293,-2.78342],[33.78401,-2.78571],[33.78155,-2.78809],[33.78147,-2.7896],[33.78268,-2.79039],[33.78241,-2.79168],[33.78355,-2.792],[33.78269,-2.79378],[33.78338,-2.79549],[33.78417,-2.79502],[33.78539,-2.79675],[33.78629,-2.7959],[33.78902,-2.79766],[33.79063,-2.80197],[33.78994,-2.80459],[33.78831,-2.80537],[33.78876,-2.80718],[33.7877,-2.80871],[33.78024,-2.813],[33.78019,-2.81602],[33.77538,-2.82067],[33.77285,-2.82588],[33.76018,-2.83212],[33.75734,-2.83222],[33.75241,-2.83463],[33.74791,-2.83409],[33.74512,-2.83341],[33.73761,-2.8253],[33.73509,-2.81866],[33.73143,-2.81566],[33.72714,-2.81482],[33.72371,-2.81695],[33.71498,-2.81916],[33.70914,-2.82366],[33.70035,-2.82744],[33.69734,-2.82744],[33.68607,-2.83509],[33.68073,-2.83669],[33.67553,-2.83546],[33.67356,-2.83684],[33.67036,-2.83685],[33.66856,-2.83837],[33.66624,-2.83708],[33.66112,-2.83864],[33.66009,-2.83781],[33.65868,-2.83587],[33.65909,-2.83217],[33.65783,-2.82675],[33.657,-2.82527],[33.65581,-2.8264],[33.66052,-2.81744],[33.6607,-2.80118],[33.67173,-2.78397],[33.67521,-2.78045],[33.68082,-2.75586],[33.68287,-2.75408],[33.68583,-2.74403],[33.68692,-2.73357],[33.68812,-2.73032]]]},"properties":{"region":"Mwanza","district":"Magu","ward":"Shishani","ward_code":"163"}},{"type":"Feature","geometry":{"type":"Polygon","coordinates":[[[33.63871,-2.68479],[33.64122,-2.69406],[33.6438,-2.69361],[33.64853,-2.69763],[33.65508,-2.69878],[33.65653,-2.70271],[33.65908,-2.70586],[33.65996,-2.71153],[33.656,-2.7255],[33.65506,-2.72657],[33.65155,-2.72569],[33.65197,-2.73058],[33.65047,-2.73276],[33.64523,-2.73735],[33.64111,-2.73842],[33.63865,-2.746],[33.63913,-2.74837],[33.63991,-2.74836],[33.6369,-2.75447],[33.63234,-2.7576],[33.63041,-2.75734],[33.63156,-2.76099],[33.62899,-2.76586],[33.63432,-2.76398],[33.63512,-2.76148],[33.63798,-2.76197],[33.63895,-2.76086],[33.63941,-2.76298],[33.64651,-2.76097],[33.6496,-2.76303],[33.65072,-2.7661],[33.6718,-2.76867],[33.67774,-2.77057],[33.67521,-2.78045],[33.67173,-2.78397],[33.66152,-2.79883],[33.66016,-2.80462],[33.66052,-2.81744],[33.65581,-2.8264],[33.64592,-2.82512],[33.64367,-2.8256],[33.64173,-2.81946],[33.63897,-2.81649],[33.63633,-2.81643],[33.63785,-2.81394],[33.62868,-2.81146],[33.62542,-2.81169],[33.61968,-2.80652],[33.61723,-2.80558],[33.61633,-2.80156],[33.6187,-2.79936],[33.61604,-2.79773],[33.61542,-2.79315],[33.61197,-2.79228],[33.61295,-2.79034],[33.61044,-2.78463],[33.60985,-2.7794],[33.60665,-2.77482],[33.60669,-2.77277],[33.6055,-2.77141],[33.60158,-2.77007],[33.6,-2.76737],[33.5943,-2.77039],[33.59399,-2.76735],[33.59175,-2.76681],[33.5916,-2.76141],[33.59387,-2.75446],[33.59241,-2.75169],[33.58922,-2.74938],[33.58695,-2.7452],[33.5836,-2.74303],[33.58354,-2.73761],[33.58049,-2.73503],[33.57934,-2.73264],[33.58866,-2.72437],[33.59388,-2.71759],[33.59452,-2.71612],[33.59365,-2.7093],[33.59628,-2.70649],[33.59841,-2.70639],[33.60018,-2.70472],[33.6041,-2.70482],[33.60453,-2.7027],[33.60943,-2.70193],[33.61283,-2.69839],[33.61487,-2.69766],[33.61783,-2.69909],[33.62054,-2.69816],[33.61644,-2.69015],[33.61978,-2.68859],[33.63871,-2.68479]]]},"properties":{"region":"Mwanza","district":"Magu","ward":"Kabila","ward_code":"251"}},{"type":"Feature","geometry":{"type":"Polygon","coordinates":[[[32.90781,-2.5438],[32.91264,-2.54988],[32.91221,-2.55275],[32.91525,-2.55496],[32.9177,-2.55452],[32.91886,-2.55372],[32.91873,-2.55206],[32.92418,-2.54885],[32.92624,-2.55097],[32.92579,-2.55172],[32.92658,-2.55232],[32.92463,-2.55666],[32.92259,-2.55775],[32.9194,-2.56225],[32.9178,-2.56101],[32.91591,-2.56163],[32.91463,-2.56048],[32.91224,-2.56121],[32.90935,-2.56039],[32.90865,-2.55641],[32.90605,-2.55214],[32.90311,-2.54418],[32.90513,-2.54373],[32.90484,-2.54248],[32.90762,-2.54203],[32.90781,-2.5438]]]},"properties":{"region":"Mwanza","district":"Nyamagana","ward":"Mkuyuni","ward_code":"012"}},{"type":"Feature","geometry":{"type":"Polygon","coordinates":[[[32.90277,-2.52736],[32.9082,-2.53224],[32.91065,-2.53159],[32.91684,-2.53687],[32.9169,-2.53867],[32.91449,-2.54173],[32.91491,-2.54263],[32.91335,-2.54459],[32.91115,-2.54429],[32.91015,-2.5463],[32.90782,-2.54392],[32.90762,-2.54203],[32.90484,-2.54248],[32.90513,-2.54373],[32.90311,-2.54418],[32.90103,-2.54079],[32.90148,-2.53806],[32.90007,-2.52796],[32.90277,-2.52736]]]},"properties":{"region":"Mwanza","district":"Nyamagana","ward":"Igogo","ward_code":"022"}},{"type":"Feature","geometry":{"type":"Polygon","coordinates":[[[32.90311,-2.5189],[32.90556,-2.51948],[32.90697,-2.52119],[32.91,-2.52162],[32.91161,-2.5231],[32.91125,-2.52492],[32.91305,-2.52785],[32.91457,-2.52873],[32.91767,-2.52784],[32.91935,-2.53077],[32.92353,-2.53326],[32.92267,-2.53503],[32.91955,-2.53457],[32.9163,-2.53679],[32.91065,-2.53159],[32.90844,-2.53239],[32.90277,-2.52736],[32.90007,-2.52796],[32.8996,-2.5266],[32.90105,-2.52618],[32.8999,-2.52237],[32.90169,-2.522],[32.90311,-2.5189]]]},"properties":{"region":"Mwanza","district":"Nyamagana","ward":"Pamba","ward_code":"032"}},{"type":"Feature","geometry":{"type":"MultiPolygon","coordinates":[[[[32.89029,-2.53894],[32.89228,-2.53954],[32.8927,-2.54078],[32.89184,-2.54102],[32.89169,-2.54506],[32.88961,-2.54627],[32.88976,-2.54865],[32.88887,-2.54862],[32.8867,-2.54687],[32.88812,-2.5458],[32.88735,-2.54375],[32.88821,-2.54188],[32.88931,-2.54224],[32.89023,-2.54114],[32.89029,-2.53894]]],[[[32.87538,-2.52276],[32.87686,-2.52467],[32.8752,-2.52519],[32.87397,-2.52425],[32.87301,-2.52566],[32.87142,-2.51718],[32.87583,-2.51972],[32.87666,-2.5214],[32.87538,-2.52276]]],[[[32.89741,-2.51517],[32.90142,-2.51628],[32.90306,-2.51807],[32.90169,-2.522],[32.8999,-2.52237],[32.90105,-2.52618],[32.8996,-2.52659],[32.89733,-2.52547],[32.89224,-2.53208],[32.88951,-2.53304],[32.8848,-2.52952],[32.88605,-2.52275],[32.88937,-2.52017],[32.89302,-2.52155],[32.89631,-2.51838],[32.89602,-2.5162],[32.89741,-2.51517]]],[[[32.86709,-2.51085],[32.86751,-2.51252],[32.86835,-2.51121],[32.86988,-2.51308],[32.87007,-2.51443],[32.86905,-2.51441],[32.87072,-2.51639],[32.86917,-2.51732],[32.86768,-2.51661],[32.86799,-2.51466],[32.86507,-2.51354],[32.86374,-2.5099],[32.865,-2.50936],[32.86709,-2.51085]]]]},"properties":{"region":"Mwanza","district":"Nyamagana","ward":"Nyamagana","ward_code":"042"}},{"type":"Feature","geometry":{"type":"Polygon","coordinates":[[[32.90276,-2.51562],[32.90475,-2.5149],[32.90696,-2.51598],[32.90659,-2.51765],[32.90833,-2.51858],[32.90697,-2.52119],[32.90556,-2.51948],[32.90311,-2.5189],[32.90255,-2.5169],[32.89863,-2.51576],[32.90041,-2.51355],[32.90276,-2.51562]]]},"properties":{"region":"Mwanza","district":"Nyamagana","ward":"Mirongo","ward_code":"052"}},{"type":"Feature","geometry":{"type":"Polygon","coordinates":[[[32.91117,-2.50062],[32.91459,-2.5035],[32.91623,-2.50292],[32.91852,-2.50471],[32.92086,-2.50469],[32.9203,-2.50712],[32.91969,-2.50654],[32.91904,-2.50821],[32.91623,-2.51035],[32.9182,-2.51499],[32.91763,-2.5164],[32.91333,-2.51826],[32.91331,-2.51748],[32.90891,-2.51675],[32.90732,-2.51802],[32.90659,-2.51765],[32.90696,-2.51598],[32.90594,-2.5153],[32.90276,-2.51562],[32.90041,-2.51355],[32.89863,-2.51576],[32.89741,-2.51517],[32.89933,-2.5124],[32.90166,-2.50375],[32.90246,-2.50417],[32.90378,-2.50236],[32.90553,-2.50291],[32.90699,-2.50191],[32.9096,-2.50186],[32.91117,-2.50062]]]},"properties":{"region":"Mwanza","district":"Nyamagana","ward":"Isamilo","ward_code":"062"}},{"type":"Feature","geometry":{"type":"Polygon","coordinates":[[[32.92153,-2.50319],[32.92733,-2.50713],[32.92664,-2.50918],[32.92903,-2.51178],[32.92923,-2.52143],[32.92796,-2.52292],[32.9178,-2.52059],[32.91831,-2.52172],[32.91669,-2.52547],[32.91429,-2.52446],[32.91294,-2.52747],[32.91125,-2.52492],[32.91161,-2.5231],[32.91,-2.52162],[32.90697,-2.52119],[32.90833,-2.51858],[32.90732,-2.51802],[32.90779,-2.51721],[32.91331,-2.51748],[32.91333,-2.51826],[32.91763,-2.5164],[32.9182,-2.51499],[32.91623,-2.51035],[32.91904,-2.50821],[32.91969,-2.50654],[32.9203,-2.50712],[32.92153,-2.50319]]]},"properties":{"region":"Mwanza","district":"Nyamagana","ward":"Mbugani","ward_code":"072"}},{"type":"Feature","geometry":{"type":"Polygon","coordinates":[[[32.92359,-2.53314],[32.92929,-2.53487],[32.93017,-2.53341],[32.94346,-2.53675],[32.94312,-2.53826],[32.94488,-2.54167],[32.94824,-2.54576],[32.95355,-2.54837],[32.95486,-2.55391],[32.96226,-2.56917],[32.96623,-2.57451],[32.96607,-2.58237],[32.95712,-2.58356],[32.95294,-2.58098],[32.95555,-2.57526],[32.95571,-2.5731],[32.95458,-2.57231],[32.9544,-2.57046],[32.95168,-2.56985],[32.95199,-2.56844],[32.95113,-2.56748],[32.94806,-2.56824],[32.94233,-2.56673],[32.94033,-2.56396],[32.93354,-2.56159],[32.92823,-2.5609],[32.92664,-2.5592],[32.92667,-2.55668],[32.9246,-2.55668],[32.92658,-2.55232],[32.92418,-2.54885],[32.91873,-2.55206],[32.91886,-2.55372],[32.9177,-2.55452],[32.91525,-2.55496],[32.91246,-2.55305],[32.91264,-2.54988],[32.91157,-2.54774],[32.91056,-2.54764],[32.91056,-2.5451],[32.91115,-2.54429],[32.91335,-2.54459],[32.9169,-2.53867],[32.91684,-2.53687],[32.91932,-2.53464],[32.92267,-2.53503],[32.92359,-2.53314]]]},"properties":{"region":"Mwanza","district":"Nyamagana","ward":"Mahina","ward_code":"082"}},{"type":"Feature","geometry":{"type":"Polygon","coordinates":[[[32.991,-2.5387],[32.99544,-2.54441],[32.99615,-2.54425],[32.99815,-2.54801],[32.99402,-2.54715],[32.99155,-2.55523],[32.98913,-2.55844],[32.98792,-2.55806],[32.98495,-2.56272],[32.97787,-2.56912],[32.97573,-2.57247],[32.97092,-2.57649],[32.96667,-2.57598],[32.96226,-2.56917],[32.96363,-2.56759],[32.96774,-2.56763],[32.96929,-2.56363],[32.96988,-2.55608],[32.9725,-2.5554],[32.9716,-2.55299],[32.97293,-2.55262],[32.97362,-2.54774],[32.97541,-2.54547],[32.97528,-2.5433],[32.9735,-2.54285],[32.97404,-2.54006],[32.98573,-2.53418],[32.98614,-2.53238],[32.98661,-2.53506],[32.991,-2.5387]]]},"properties":{"region":"Mwanza","district":"Nyamagana","ward":"Igoma","ward_code":"092"}},{"type":"Feature","geometry":{"type":"Polygon","coordinates":[[[32.95544,-2.62406],[32.95529,-2.63562],[32.95955,-2.64204],[32.95656,-2.64418],[32.95262,-2.64244],[32.949,-2.64226],[32.93982,-2.64388],[32.93618,-2.64582],[32.92713,-2.65492],[32.92495,-2.6555],[32.92009,-2.6545],[32.91896,-2.65143],[32.91676,-2.65087],[32.9168,-2.6495],[32.91271,-2.64819],[32.911,-2.6441],[32.90751,-2.64154],[32.90229,-2.64025],[32.89829,-2.64051],[32.90522,-2.63142],[32.91081,-2.62693],[32.91036,-2.62493],[32.92429,-2.62436],[32.92738,-2.62146],[32.93196,-2.61209],[32.93332,-2.60715],[32.9382,-2.60628],[32.9414,-2.60209],[32.95085,-2.59502],[32.9531,-2.59506],[32.95465,-2.59869],[32.95523,-2.60341],[32.95447,-2.60748],[32.95336,-2.60841],[32.95271,-2.61495],[32.9532,-2.6204],[32.95544,-2.62406]]]},"properties":{"region":"Mwanza","district":"Nyamagana","ward":"Buhongwa","ward_code":"102"}},{"type":"Feature","geometry":{"type":"Polygon","coordinates":[[[32.93509,-2.57456],[32.9512,-2.58292],[32.95294,-2.58098],[32.95712,-2.58356],[32.95297,-2.59377],[32.95337,-2.59468],[32.95022,-2.5952],[32.94693,-2.59749],[32.9414,-2.60209],[32.9382,-2.60628],[32.93332,-2.60715],[32.93196,-2.61209],[32.92738,-2.62146],[32.92429,-2.62436],[32.91036,-2.62493],[32.90867,-2.61305],[32.90862,-2.60495],[32.90504,-2.60179],[32.90202,-2.60204],[32.90117,-2.60033],[32.90333,-2.59384],[32.90511,-2.59411],[32.9046,-2.59114],[32.9053,-2.58889],[32.91211,-2.59201],[32.91421,-2.59166],[32.91608,-2.59372],[32.92293,-2.59743],[32.92679,-2.59711],[32.92816,-2.59539],[32.92789,-2.59427],[32.93082,-2.59288],[32.93094,-2.59191],[32.93226,-2.59194],[32.93248,-2.58765],[32.92926,-2.58422],[32.93212,-2.58224],[32.93291,-2.57782],[32.9343,-2.57744],[32.93509,-2.57456]]]},"properties":{"region":"Mwanza","district":"Nyamagana","ward":"Mkolani","ward_code":"112"}},{"type":"Feature","geometry":{"type":"MultiPolygon","coordinates":[[[[32.92667,-2.55668],[32.92664,-2.5592],[32.92823,-2.5609],[32.93354,-2.56159],[32.94033,-2.56396],[32.94233,-2.56673],[32.94806,-2.56824],[32.95113,-2.56748],[32.95199,-2.56844],[32.95168,-2.56985],[32.9544,-2.57046],[32.95458,-2.57231],[32.95571,-2.5731],[32.95544,-2.57573],[32.9512,-2.58292],[32.93107,-2.57171],[32.92927,-2.57316],[32.92491,-2.57141],[32.92163,-2.57202],[32.91905,-2.57485],[32.91424,-2.57602],[32.91267,-2.57469],[32.90819,-2.57533],[32.90266,-2.58042],[32.90065,-2.58455],[32.8972,-2.58428],[32.89602,-2.58128],[32.8861,-2.5724],[32.88945,-2.57046],[32.89363,-2.57247],[32.89496,-2.56966],[32.89317,-2.56894],[32.89098,-2.5648],[32.88774,-2.56151],[32.88848,-2.55928],[32.89838,-2.56483],[32.89997,-2.56528],[32.90342,-2.56407],[32.90666,-2.5652],[32.90935,-2.56039],[32.91224,-2.56121],[32.91463,-2.56048],[32.91591,-2.56163],[32.9178,-2.56101],[32.9194,-2.56225],[32.92259,-2.55775],[32.92667,-2.55668]]],[[[32.88588,-2.55556],[32.88571,-2.55641],[32.88263,-2.55584],[32.88422,-2.55419],[32.88588,-2.55556]]]]},"properties":{"region":"Mwanza","district":"Nyamagana","ward":"Butimba","ward_code":"122"}},{"type":"Feature","geometry":{"type":"Polygon","coordinates":[[[32.92751,-2.57193],[32.92927,-2.57316],[32.93107,-2.57171],[32.93509,-2.57456],[32.9343,-2.57744],[32.93291,-2.57782],[32.93212,-2.58224],[32.92926,-2.58422],[32.93248,-2.58765],[32.93226,-2.59194],[32.93094,-2.59191],[32.93082,-2.59288],[32.92789,-2.59427],[32.92816,-2.59539],[32.92679,-2.59711],[32.92293,-2.59743],[32.91608,-2.59372],[32.91421,-2.59166],[32.91211,-2.59201],[32.90291,-2.58811],[32.9011,-2.58617],[32.90065,-2.58455],[32.90266,-2.58042],[32.90819,-2.57533],[32.91267,-2.57469],[32.91424,-2.57602],[32.91905,-2.57485],[32.92163,-2.57202],[32.92751,-2.57193]]]},"properties":{"region":"Mwanza","district":"Nyamagana","ward":"Nyegezi","ward_code":"132"}},{"type":"Feature","geometry":{"type":"Polygon","coordinates":[[[32.9178,-2.52059],[32.92796,-2.52292],[32.92747,-2.52362],[32.92866,-2.52565],[32.9279,-2.52708],[32.92923,-2.52906],[32.92824,-2.53136],[32.93017,-2.53341],[32.92929,-2.53487],[32.92168,-2.53246],[32.91935,-2.53077],[32.91767,-2.52784],[32.91457,-2.52873],[32.91305,-2.52785],[32.91429,-2.52446],[32.91669,-2.52547],[32.91831,-2.52172],[32.9178,-2.52059]]]},"properties":{"region":"Mwanza","district":"Nyamagana","ward":"Mabatini","ward_code":"142"}},{"type":"Feature","geometry":{"type":"Polygon","coordinates":[[[32.95699,-2.54045],[32.96376,-2.54038],[32.97528,-2.5433],[32.97536,-2.5457],[32.97362,-2.54774],[32.97293,-2.55262],[32.9716,-2.55299],[32.9725,-2.5554],[32.96988,-2.55608],[32.96929,-2.56363],[32.96774,-2.56763],[32.96363,-2.56759],[32.96226,-2.56917],[32.95486,-2.55391],[32.95355,-2.54837],[32.94824,-2.54576],[32.94312,-2.53826],[32.94346,-2.53675],[32.95699,-2.54045]]]},"properties":{"region":"Mwanza","district":"Nyamagana","ward":"Mhandu","ward_code":"152"}},{"type":"Feature","geometry":{"type":"Polygon","coordinates":[[[32.99815,-2.54801],[33.00845,-2.56253],[33.0135,-2.56771],[33.01521,-2.57154],[33.01601,-2.58148],[33.02147,-2.59134],[33.0248,-2.595],[33.02704,-2.60859],[33.02846,-2.61091],[33.02927,-2.61573],[33.02626,-2.62307],[33.02663,-2.62469],[33.02391,-2.62889],[33.01739,-2.63109],[33.00863,-2.63194],[33.00535,-2.6354],[33.00395,-2.63487],[33.00251,-2.63598],[33.00144,-2.63487],[33.00405,-2.63269],[33.00474,-2.63086],[33.00422,-2.62323],[33.00177,-2.62045],[32.99927,-2.61212],[32.99172,-2.60479],[32.98816,-2.59761],[32.98289,-2.59205],[32.97286,-2.58714],[32.96607,-2.58237],[32.96667,-2.57598],[32.97092,-2.57649],[32.98495,-2.56272],[32.98792,-2.55806],[32.98913,-2.55844],[32.99155,-2.55523],[32.99402,-2.54715],[32.99815,-2.54801]]]},"properties":{"region":"Mwanza","district":"Nyamagana","ward":"Kishili","ward_code":"162"}},{"type":"Feature","geometry":{"type":"Polygon","coordinates":[[[33.00422,-2.62323],[33.00474,-2.63086],[33.00405,-2.63269],[32.9988,-2.6367],[32.99444,-2.63429],[32.99372,-2.63497],[32.9866,-2.63416],[32.9859,-2.63512],[32.98243,-2.63527],[32.97491,-2.63875],[32.96152,-2.64027],[32.95955,-2.64204],[32.95529,-2.63562],[32.95599,-2.62595],[32.9532,-2.6204],[32.95271,-2.61495],[32.95336,-2.60841],[32.95447,-2.60748],[32.95523,-2.60341],[32.95297,-2.59377],[32.95712,-2.58356],[32.96607,-2.58237],[32.97286,-2.58714],[32.98289,-2.59205],[32.98816,-2.59761],[32.99172,-2.60479],[32.99927,-2.61212],[33.00177,-2.62045],[33.00422,-2.62323]]]},"properties":{"region":"Mwanza","district":"Nyamagana","ward":"Lwanhima","ward_code":"172"}},{"type":"Feature","geometry":{"type":"MultiPolygon","coordinates":[[[[32.86259,-2.61018],[32.86106,-2.60972],[32.86049,-2.60662],[32.86191,-2.60407],[32.86302,-2.60426],[32.86386,-2.60705],[32.86259,-2.61018]]],[[[32.88332,-2.5842],[32.88513,-2.58436],[32.88738,-2.59007],[32.88901,-2.59184],[32.89138,-2.59125],[32.89569,-2.58768],[32.8972,-2.58428],[32.90065,-2.58455],[32.90219,-2.58754],[32.9053,-2.58889],[32.9046,-2.59114],[32.90511,-2.59411],[32.90333,-2.59384],[32.90117,-2.60033],[32.90202,-2.60204],[32.90504,-2.60179],[32.90862,-2.60495],[32.90867,-2.61305],[32.91081,-2.62693],[32.90522,-2.63142],[32.89055,-2.64901],[32.88947,-2.64848],[32.88306,-2.65358],[32.88103,-2.65307],[32.87713,-2.64962],[32.87323,-2.64933],[32.87336,-2.64532],[32.87247,-2.64363],[32.866,-2.64056],[32.86356,-2.63788],[32.8634,-2.62933],[32.86083,-2.62681],[32.86584,-2.62133],[32.86597,-2.61878],[32.86455,-2.61573],[32.8651,-2.61073],[32.87133,-2.60468],[32.87584,-2.60376],[32.87577,-2.60633],[32.87847,-2.60876],[32.88551,-2.60808],[32.88478,-2.60793],[32.88519,-2.60519],[32.88183,-2.60203],[32.88465,-2.596],[32.88126,-2.59269],[32.88142,-2.58573],[32.88227,-2.58513],[32.88107,-2.58385],[32.88161,-2.58229],[32.88332,-2.5842]]]]},"properties":{"region":"Mwanza","district":"Nyamagana","ward":"Luchelele","ward_code":"182"}},{"type":"Feature","geometry":{"type":"Polygon","coordinates":[[[33.30239,-2.98538],[33.30598,-2.98558],[33.3103,-2.99142],[33.31267,-2.99305],[33.32104,-2.99483],[33.32438,-2.9973],[33.32887,-2.99734],[33.33227,-2.99557],[33.33581,-2.99553],[33.33929,-2.99426],[33.34691,-2.99461],[33.3486,-2.99687],[33.35102,-2.99764],[33.3586,-3.00774],[33.3832,-2.99822],[33.38255,-2.99527],[33.38713,-2.9968],[33.3937,-2.99587],[33.39407,-3.00106],[33.39787,-3.00724],[33.40406,-3.00968],[33.40341,-3.01412],[33.40106,-3.01861],[33.4054,-3.0299],[33.39675,-3.02874],[33.39982,-3.03344],[33.39901,-3.03568],[33.3869,-3.05081],[33.38875,-3.05254],[33.39031,-3.05605],[33.39318,-3.05748],[33.3947,-3.06228],[33.39074,-3.06846],[33.39075,-3.07145],[33.38932,-3.07478],[33.38186,-3.08052],[33.38612,-3.08658],[33.38609,-3.09187],[33.38152,-3.09521],[33.3698,-3.10036],[33.356,-3.10048],[33.35416,-3.08342],[33.34449,-3.07848],[33.34158,-3.07829],[33.32837,-3.0699],[33.32009,-3.07774],[33.31761,-3.07863],[33.31537,-3.08491],[33.30933,-3.08726],[33.30689,-3.07861],[33.30384,-3.07418],[33.30334,-3.06954],[33.29718,-3.06413],[33.29404,-3.05969],[33.29888,-3.05472],[33.30451,-3.02844],[33.30722,-3.02],[33.31254,-3.01251],[33.30923,-3.00984],[33.30566,-3.00927],[33.30565,-3.00787],[33.29988,-2.99951],[33.30095,-2.99652],[33.29981,-2.99535],[33.30028,-2.99305],[33.29886,-2.99166],[33.30027,-2.98884],[33.29945,-2.98709],[33.29971,-2.98186],[33.3016,-2.98284],[33.30239,-2.98538]]]},"properties":{"region":"Mwanza","district":"Kwimba","ward":"Mwang'halanga","ward_code":"141"}},{"type":"Feature","geometry":{"type":"Polygon","coordinates":[[[33.25351,-2.91203],[33.26265,-2.91571],[33.26422,-2.91744],[33.27334,-2.91508],[33.27522,-2.91343],[33.28011,-2.91378],[33.28298,-2.9129],[33.28548,-2.91311],[33.28614,-2.91417],[33.29025,-2.91299],[33.29207,-2.92208],[33.31218,-2.92894],[33.29875,-2.93401],[33.29853,-2.94209],[33.29393,-2.9413],[33.29157,-2.94972],[33.28459,-2.94759],[33.28181,-2.94998],[33.27989,-2.96091],[33.27893,-2.96353],[33.27689,-2.96475],[33.27677,-2.9668],[33.28312,-2.9681],[33.28473,-2.9692],[33.28586,-2.97287],[33.29446,-2.97719],[33.29971,-2.98186],[33.29945,-2.98709],[33.30027,-2.98884],[33.29886,-2.99166],[33.30028,-2.99305],[33.29981,-2.99535],[33.30095,-2.99652],[33.3002,-2.9986],[33.28679,-3.00515],[33.28408,-3.00836],[33.28002,-3.01085],[33.27008,-3.01422],[33.25655,-3.02082],[33.24731,-3.02617],[33.24359,-3.02994],[33.23726,-3.03116],[33.22552,-3.05162],[33.22134,-3.05524],[33.21623,-3.0635],[33.20128,-3.0696],[33.18254,-3.06836],[33.18098,-3.06678],[33.18106,-3.06441],[33.17962,-3.06327],[33.17707,-3.06309],[33.17649,-3.06118],[33.17959,-3.05935],[33.17748,-3.05684],[33.17569,-3.0573],[33.17528,-3.05399],[33.17654,-3.05337],[33.17777,-3.04962],[33.17974,-3.04912],[33.17914,-3.04754],[33.18173,-3.0474],[33.1825,-3.04516],[33.17998,-3.04477],[33.18179,-3.04326],[33.18132,-3.042],[33.18301,-3.04155],[33.18053,-3.0403],[33.18101,-3.03904],[33.17924,-3.03841],[33.17976,-3.03753],[33.17854,-3.0354],[33.17611,-3.03544],[33.17497,-3.03286],[33.1724,-3.03194],[33.17292,-3.03082],[33.17035,-3.03074],[33.17035,-3.02779],[33.16894,-3.02711],[33.16894,-3.02615],[33.18513,-3.01424],[33.19424,-3.01022],[33.19869,-3.00646],[33.20584,-2.99731],[33.2171,-2.98812],[33.22645,-2.98294],[33.23587,-2.97983],[33.23901,-2.97336],[33.24156,-2.9715],[33.24055,-2.96808],[33.24079,-2.95675],[33.23703,-2.956],[33.23524,-2.95262],[33.23139,-2.95259],[33.23078,-2.94921],[33.22716,-2.94701],[33.22538,-2.9432],[33.22229,-2.94152],[33.21629,-2.93456],[33.21607,-2.93314],[33.214,-2.93373],[33.21188,-2.93234],[33.21011,-2.93037],[33.2094,-2.9271],[33.21227,-2.92454],[33.21202,-2.92313],[33.22115,-2.92078],[33.22314,-2.92126],[33.2246,-2.91966],[33.2251,-2.92051],[33.22671,-2.9194],[33.2294,-2.92048],[33.22975,-2.91875],[33.23032,-2.91956],[33.23239,-2.91919],[33.23465,-2.92108],[33.23831,-2.91939],[33.24055,-2.91996],[33.24568,-2.91754],[33.24802,-2.91407],[33.25045,-2.91248],[33.25351,-2.91203]]]},"properties":{"region":"Mwanza","district":"Kwimba","ward":"Igongwa","ward_code":"241"}},{"type":"Feature","geometry":{"type":"Polygon","coordinates":[[[33.39347,-2.90544],[33.39576,-2.91074],[33.39862,-2.91189],[33.40109,-2.91561],[33.40469,-2.91487],[33.40857,-2.91687],[33.40894,-2.919],[33.41069,-2.91851],[33.4118,-2.92029],[33.41122,-2.92258],[33.41247,-2.92471],[33.41439,-2.92541],[33.41504,-2.92768],[33.42041,-2.93328],[33.42424,-2.94424],[33.42475,-2.94836],[33.42364,-2.95211],[33.4251,-2.95262],[33.42482,-2.95391],[33.42596,-2.95496],[33.42511,-2.95729],[33.42656,-2.95826],[33.42464,-2.95893],[33.41563,-2.95685],[33.41043,-2.95707],[33.40405,-2.95868],[33.4002,-2.96182],[33.39921,-2.96622],[33.39669,-2.97089],[33.39127,-2.97427],[33.38806,-2.98228],[33.3823,-2.98528],[33.38086,-2.9876],[33.3832,-2.99822],[33.3586,-3.00774],[33.35102,-2.99764],[33.3486,-2.99687],[33.34691,-2.99461],[33.33929,-2.99426],[33.33581,-2.99553],[33.33227,-2.99557],[33.32887,-2.99734],[33.32438,-2.9973],[33.32104,-2.99483],[33.31267,-2.99305],[33.3103,-2.99142],[33.30598,-2.98558],[33.30239,-2.98538],[33.3016,-2.98284],[33.29446,-2.97719],[33.28586,-2.97287],[33.28473,-2.9692],[33.27677,-2.9668],[33.27689,-2.96475],[33.27893,-2.96353],[33.27989,-2.96091],[33.28181,-2.94998],[33.28459,-2.94759],[33.29157,-2.94972],[33.29393,-2.9413],[33.29853,-2.94209],[33.29875,-2.93401],[33.31218,-2.92894],[33.29207,-2.92208],[33.29025,-2.91299],[33.29529,-2.9103],[33.3012,-2.90926],[33.30234,-2.91164],[33.30521,-2.91045],[33.30685,-2.91241],[33.31007,-2.9137],[33.31234,-2.91228],[33.31633,-2.9143],[33.31819,-2.91657],[33.33221,-2.91945],[33.33867,-2.91795],[33.33934,-2.9157],[33.34508,-2.91331],[33.34837,-2.91351],[33.3498,-2.91193],[33.35127,-2.91264],[33.35333,-2.91147],[33.3604,-2.91606],[33.36419,-2.91505],[33.36715,-2.91302],[33.3688,-2.91408],[33.37187,-2.91388],[33.37321,-2.91064],[33.37737,-2.90982],[33.3809,-2.91032],[33.3812,-2.90832],[33.3841,-2.90634],[33.38569,-2.90711],[33.38693,-2.90561],[33.38984,-2.90654],[33.39235,-2.90507],[33.39347,-2.90544]]]},"properties":{"region":"Mwanza","district":"Kwimba","ward":"Ngudu","ward_code":"252"}},{"type":"Feature","geometry":{"type":"Polygon","coordinates":[[[33.39318,-3.05748],[33.39856,-3.05894],[33.39936,-3.05768],[33.40259,-3.06144],[33.40378,-3.06167],[33.40461,-3.06389],[33.40941,-3.06906],[33.4113,-3.07773],[33.41447,-3.08139],[33.41387,-3.08639],[33.40949,-3.09348],[33.40883,-3.09798],[33.40904,-3.09969],[33.41429,-3.10506],[33.41212,-3.10641],[33.40639,-3.11521],[33.40683,-3.11691],[33.40587,-3.11987],[33.40461,-3.12006],[33.40196,-3.13504],[33.39266,-3.1395],[33.39063,-3.14184],[33.38645,-3.14364],[33.38533,-3.14537],[33.37861,-3.14547],[33.37463,-3.14449],[33.37283,-3.14529],[33.36969,-3.14282],[33.36765,-3.14256],[33.36779,-3.14122],[33.36288,-3.13952],[33.35792,-3.14],[33.356,-3.13613],[33.35162,-3.13317],[33.34791,-3.13398],[33.34524,-3.13197],[33.3433,-3.13168],[33.33781,-3.13253],[33.33312,-3.1298],[33.32563,-3.13054],[33.32394,-3.1326],[33.32262,-3.13206],[33.32306,-3.1306],[33.32226,-3.12988],[33.32078,-3.13232],[33.31895,-3.13114],[33.3137,-3.13186],[33.30633,-3.12829],[33.30508,-3.12892],[33.30119,-3.12828],[33.29888,-3.12622],[33.29596,-3.12703],[33.29555,-3.12401],[33.28996,-3.12166],[33.29043,-3.11871],[33.29249,-3.11647],[33.29455,-3.11143],[33.29929,-3.10908],[33.30308,-3.10517],[33.30331,-3.10158],[33.30464,-3.10146],[33.30566,-3.09958],[33.30681,-3.09295],[33.30933,-3.08726],[33.31537,-3.08491],[33.31761,-3.07863],[33.32009,-3.07774],[33.32837,-3.0699],[33.34158,-3.07829],[33.34449,-3.07848],[33.35416,-3.08342],[33.356,-3.10048],[33.3698,-3.10036],[33.38152,-3.09521],[33.38609,-3.09187],[33.38612,-3.08658],[33.38186,-3.08052],[33.38541,-3.0783],[33.39024,-3.07331],[33.39074,-3.06846],[33.3947,-3.06228],[33.39318,-3.05748]]]},"properties":{"region":"Mwanza","district":"Kwimba","ward":"Nyamilama","ward_code":"151"}},{"type":"Feature","geometry":{"type":"Polygon","coordinates":[[[33.29085,-3.12162],[33.29266,-3.12323],[33.29555,-3.12401],[33.29596,-3.12703],[33.29888,-3.12622],[33.30119,-3.12828],[33.30508,-3.12892],[33.30633,-3.12829],[33.3137,-3.13186],[33.31895,-3.13114],[33.32078,-3.13232],[33.32226,-3.12988],[33.32306,-3.1306],[33.32262,-3.13206],[33.32394,-3.1326],[33.32563,-3.13054],[33.33312,-3.1298],[33.33781,-3.13253],[33.3433,-3.13168],[33.34524,-3.13197],[33.34791,-3.13398],[33.35162,-3.13317],[33.356,-3.13613],[33.35792,-3.14],[33.36288,-3.13952],[33.36779,-3.14122],[33.36765,-3.14256],[33.36969,-3.14282],[33.37283,-3.14529],[33.37463,-3.14449],[33.37939,-3.14552],[33.38359,-3.14497],[33.38697,-3.14618],[33.39049,-3.14563],[33.39881,-3.14739],[33.40421,-3.15153],[33.43874,-3.16316],[33.43909,-3.16649],[33.44254,-3.17314],[33.44114,-3.17485],[33.44382,-3.17962],[33.44868,-3.185],[33.4491,-3.18948],[33.44734,-3.19754],[33.44617,-3.19768],[33.44564,-3.20032],[33.44087,-3.20531],[33.43677,-3.21461],[33.43649,-3.21731],[33.4338,-3.21794],[33.4334,-3.22004],[33.42999,-3.21962],[33.4285,-3.22135],[33.42579,-3.22178],[33.42288,-3.22383],[33.4215,-3.22121],[33.41804,-3.22203],[33.41735,-3.22581],[33.41456,-3.22892],[33.40751,-3.22944],[33.403,-3.23339],[33.3981,-3.23431],[33.39456,-3.23109],[33.39335,-3.23164],[33.39005,-3.23475],[33.39001,-3.23783],[33.38857,-3.23984],[33.38006,-3.24637],[33.37815,-3.24449],[33.37586,-3.24527],[33.37547,-3.24794],[33.37425,-3.24868],[33.37309,-3.24825],[33.37167,-3.24531],[33.36324,-3.2433],[33.35753,-3.23963],[33.35429,-3.23573],[33.33951,-3.20931],[33.33609,-3.20473],[33.33219,-3.20133],[33.31662,-3.2],[33.30701,-3.18137],[33.31256,-3.17731],[33.31173,-3.17468],[33.31153,-3.16496],[33.3067,-3.16119],[33.29799,-3.16052],[33.29704,-3.14089],[33.29627,-3.14044],[33.29308,-3.14364],[33.28866,-3.14417],[33.28449,-3.14036],[33.28179,-3.13073],[33.27718,-3.12507],[33.27663,-3.12305],[33.27913,-3.1216],[33.28085,-3.12348],[33.28688,-3.12354],[33.29085,-3.12162]]]},"properties":{"region":"Mwanza","district":"Kwimba","ward":"Mwakilyambiti","ward_code":"161"}},{"type":"Feature","geometry":{"type":"Polygon","coordinates":[[[33.19961,-3.08218],[33.20044,-3.08369],[33.20545,-3.08418],[33.20859,-3.08817],[33.21108,-3.08884],[33.21317,-3.09149],[33.22065,-3.09435],[33.22457,-3.09512],[33.22644,-3.09412],[33.22807,-3.09567],[33.234,-3.09451],[33.23578,-3.09524],[33.23631,-3.0969],[33.23884,-3.09669],[33.24068,-3.09877],[33.24502,-3.09895],[33.26078,-3.09204],[33.26428,-3.09664],[33.26911,-3.09805],[33.27189,-3.10115],[33.27488,-3.11042],[33.27433,-3.12131],[33.27672,-3.12304],[33.27718,-3.12507],[33.28179,-3.13073],[33.28449,-3.14036],[33.28866,-3.14417],[33.29308,-3.14364],[33.29627,-3.14044],[33.29704,-3.14089],[33.29799,-3.16052],[33.3067,-3.16119],[33.31153,-3.16496],[33.31173,-3.17468],[33.31256,-3.17731],[33.30701,-3.18137],[33.31662,-3.2],[33.30074,-3.20298],[33.29541,-3.21963],[33.28521,-3.2311],[33.28736,-3.23409],[33.28493,-3.2361],[33.28451,-3.23543],[33.28006,-3.23573],[33.28011,-3.23487],[33.28267,-3.2337],[33.28229,-3.23236],[33.27781,-3.23376],[33.27418,-3.23082],[33.27416,-3.22599],[33.27133,-3.22329],[33.27412,-3.22252],[33.27372,-3.22066],[33.27535,-3.2204],[33.27546,-3.21953],[33.27244,-3.21847],[33.27133,-3.21618],[33.26939,-3.21533],[33.26906,-3.21329],[33.26805,-3.21293],[33.26656,-3.21459],[33.26586,-3.21408],[33.26712,-3.21139],[33.26581,-3.21099],[33.26398,-3.21266],[33.26358,-3.21163],[33.2615,-3.21136],[33.26134,-3.20837],[33.25967,-3.20698],[33.26123,-3.20428],[33.26,-3.20304],[33.25817,-3.20208],[33.25379,-3.20272],[33.2532,-3.20112],[33.25146,-3.20167],[33.24916,-3.19838],[33.24595,-3.19937],[33.24584,-3.19707],[33.24334,-3.19639],[33.24361,-3.19518],[33.24136,-3.19606],[33.24051,-3.19305],[33.23915,-3.19328],[33.23957,-3.19116],[33.23889,-3.19059],[33.23688,-3.19184],[33.23449,-3.19044],[33.23529,-3.18911],[33.23377,-3.18755],[33.23547,-3.18554],[33.23492,-3.1849],[33.23157,-3.18527],[33.23199,-3.18299],[33.23136,-3.18266],[33.22983,-3.1853],[33.22918,-3.18512],[33.22976,-3.18252],[33.22734,-3.18265],[33.22787,-3.18033],[33.2244,-3.18063],[33.22379,-3.17933],[33.22493,-3.17856],[33.22214,-3.17838],[33.22365,-3.17659],[33.2224,-3.17538],[33.2253,-3.17321],[33.22237,-3.17304],[33.22162,-3.17252],[33.22222,-3.17071],[33.22084,-3.1705],[33.22201,-3.16911],[33.22469,-3.16967],[33.22476,-3.16872],[33.2228,-3.16711],[33.22528,-3.16652],[33.22422,-3.16258],[33.22262,-3.16337],[33.22173,-3.16245],[33.22184,-3.16125],[33.22403,-3.1609],[33.22459,-3.15971],[33.22354,-3.15902],[33.22142,-3.15952],[33.22177,-3.15777],[33.22512,-3.15728],[33.2254,-3.15618],[33.22439,-3.15586],[33.22454,-3.15074],[33.22308,-3.15042],[33.2214,-3.14491],[33.21406,-3.13689],[33.21232,-3.13019],[33.2127,-3.12757],[33.21056,-3.126],[33.21124,-3.12451],[33.21191,-3.12537],[33.21283,-3.12488],[33.21014,-3.12148],[33.20751,-3.1217],[33.20773,-3.12026],[33.20571,-3.11703],[33.20347,-3.11649],[33.20458,-3.11148],[33.2014,-3.11281],[33.20022,-3.11245],[33.19866,-3.10837],[33.19654,-3.10757],[33.19491,-3.10116],[33.19099,-3.09826],[33.18898,-3.09912],[33.18747,-3.09651],[33.19001,-3.09308],[33.18779,-3.09071],[33.18702,-3.08726],[33.18907,-3.08637],[33.18951,-3.08433],[33.19157,-3.08261],[33.19334,-3.08322],[33.19527,-3.082],[33.19788,-3.0829],[33.19961,-3.08218]]]},"properties":{"region":"Mwanza","district":"Kwimba","ward":"Hungumalwa","ward_code":"171"}},{"type":"Feature","geometry":{"type":"Polygon","coordinates":[[[33.3002,-2.9986],[33.29988,-2.99951],[33.30565,-3.00787],[33.30566,-3.00927],[33.30923,-3.00984],[33.31254,-3.01251],[33.30722,-3.02],[33.30451,-3.02844],[33.29888,-3.05472],[33.29404,-3.05969],[33.29718,-3.06413],[33.30334,-3.06954],[33.30384,-3.07418],[33.30689,-3.07861],[33.30933,-3.08726],[33.30681,-3.09295],[33.30566,-3.09958],[33.30464,-3.10146],[33.30331,-3.10158],[33.30308,-3.10517],[33.29929,-3.10908],[33.29455,-3.11143],[33.29249,-3.11647],[33.29043,-3.11871],[33.28996,-3.12166],[33.28876,-3.12258],[33.28688,-3.12354],[33.28228,-3.12361],[33.28085,-3.12348],[33.27913,-3.1216],[33.27672,-3.12304],[33.27433,-3.12131],[33.27488,-3.11042],[33.27189,-3.10115],[33.26911,-3.09805],[33.26428,-3.09664],[33.26078,-3.09204],[33.24502,-3.09895],[33.24068,-3.09877],[33.23884,-3.09669],[33.23631,-3.0969],[33.23578,-3.09524],[33.234,-3.09451],[33.22807,-3.09567],[33.22644,-3.09412],[33.22457,-3.09512],[33.2173,-3.09336],[33.21165,-3.09052],[33.21108,-3.08884],[33.20963,-3.08903],[33.20545,-3.08418],[33.20044,-3.08369],[33.19935,-3.08197],[33.19788,-3.0829],[33.1962,-3.08204],[33.19334,-3.08322],[33.19157,-3.08261],[33.18948,-3.08438],[33.18397,-3.08164],[33.18148,-3.07621],[33.17876,-3.07616],[33.178,-3.07522],[33.17867,-3.07232],[33.18113,-3.07173],[33.18254,-3.06836],[33.20128,-3.0696],[33.21623,-3.0635],[33.22134,-3.05524],[33.22552,-3.05162],[33.23726,-3.03116],[33.24359,-3.02994],[33.24731,-3.02617],[33.25655,-3.02082],[33.27008,-3.01422],[33.28002,-3.01085],[33.28408,-3.00836],[33.28679,-3.00515],[33.3002,-2.9986]]]},"properties":{"region":"Mwanza","district":"Kwimba","ward":"Ng'hundi","ward_code":"231"}},{"type":"Feature","geometry":{"type":"Polygon","coordinates":[[[33.48168,-3.07471],[33.48512,-3.08511],[33.48887,-3.08942],[33.49123,-3.09426],[33.48921,-3.09849],[33.48799,-3.10712],[33.4858,-3.11015],[33.48644,-3.11346],[33.48438,-3.11951],[33.48546,-3.1211],[33.48394,-3.1225],[33.48448,-3.12459],[33.48191,-3.13321],[33.48395,-3.13539],[33.48508,-3.14038],[33.48441,-3.14379],[33.48179,-3.14688],[33.48218,-3.14918],[33.48059,-3.15266],[33.48311,-3.15663],[33.4818,-3.16092],[33.48431,-3.16425],[33.48203,-3.16652],[33.48202,-3.16749],[33.48409,-3.16811],[33.48239,-3.17069],[33.48456,-3.17368],[33.4839,-3.17672],[33.48196,-3.18003],[33.47955,-3.18133],[33.47585,-3.18123],[33.47104,-3.18783],[33.47011,-3.19124],[33.46611,-3.19239],[33.46567,-3.1936],[33.46243,-3.19517],[33.45957,-3.19436],[33.45689,-3.19587],[33.45499,-3.19359],[33.45209,-3.1975],[33.44734,-3.19754],[33.4491,-3.18948],[33.44868,-3.185],[33.44382,-3.17962],[33.44114,-3.17485],[33.44254,-3.17314],[33.43909,-3.16649],[33.43874,-3.16316],[33.40421,-3.15153],[33.39881,-3.14739],[33.38533,-3.14537],[33.38645,-3.14364],[33.39063,-3.14184],[33.39266,-3.1395],[33.40196,-3.13504],[33.4028,-3.13358],[33.40242,-3.13047],[33.40363,-3.12883],[33.40461,-3.12006],[33.40587,-3.11987],[33.40683,-3.11691],[33.40639,-3.11521],[33.41212,-3.10641],[33.41429,-3.10506],[33.40904,-3.09969],[33.40883,-3.09798],[33.40949,-3.09348],[33.41387,-3.08639],[33.41447,-3.08139],[33.41919,-3.08024],[33.42404,-3.08064],[33.42503,-3.08193],[33.42571,-3.08121],[33.43018,-3.08258],[33.43084,-3.08137],[33.4472,-3.07966],[33.45181,-3.07776],[33.45885,-3.07807],[33.46749,-3.07689],[33.48204,-3.07054],[33.48168,-3.07471]]]},"properties":{"region":"Mwanza","district":"Kwimba","ward":"Mwankulwe","ward_code":"281"}},{"type":"Feature","geometry":{"type":"Polygon","coordinates":[[[33.36324,-3.2433],[33.37167,-3.24531],[33.37309,-3.24825],[33.37425,-3.24868],[33.37547,-3.24794],[33.37586,-3.24527],[33.37815,-3.24449],[33.38006,-3.24637],[33.38857,-3.23984],[33.39001,-3.23783],[33.39005,-3.23475],[33.39335,-3.23164],[33.39456,-3.23109],[33.3981,-3.23431],[33.4007,-3.23414],[33.40542,-3.23202],[33.40751,-3.22944],[33.41456,-3.22892],[33.41735,-3.22581],[33.41804,-3.22203],[33.4215,-3.22121],[33.42288,-3.22383],[33.42579,-3.22178],[33.4285,-3.22135],[33.42999,-3.21962],[33.4334,-3.22004],[33.4338,-3.21794],[33.43611,-3.21775],[33.43763,-3.22253],[33.43794,-3.22837],[33.43917,-3.22889],[33.44209,-3.23697],[33.44106,-3.24165],[33.44278,-3.26997],[33.44171,-3.27262],[33.43255,-3.2781],[33.43012,-3.28073],[33.4296,-3.28346],[33.42726,-3.28453],[33.42328,-3.30424],[33.41629,-3.31332],[33.41371,-3.3146],[33.41334,-3.31661],[33.41033,-3.31816],[33.40047,-3.3139],[33.38366,-3.31351],[33.37095,-3.31179],[33.36443,-3.31271],[33.35687,-3.31237],[33.35156,-3.31507],[33.34248,-3.31537],[33.33186,-3.32425],[33.32577,-3.3358],[33.32141,-3.32627],[33.32199,-3.32499],[33.31915,-3.32167],[33.31978,-3.32029],[33.31784,-3.31097],[33.30759,-3.27004],[33.30062,-3.26849],[33.30082,-3.25856],[33.30188,-3.25292],[33.29899,-3.2459],[33.2948,-3.24404],[33.29053,-3.24372],[33.28828,-3.24538],[33.28587,-3.24236],[33.28231,-3.24152],[33.2835,-3.23796],[33.28736,-3.23409],[33.28521,-3.2311],[33.29541,-3.21963],[33.30074,-3.20298],[33.31662,-3.2],[33.33219,-3.20133],[33.33951,-3.20931],[33.35429,-3.23573],[33.35753,-3.23963],[33.36324,-3.2433]]]},"properties":{"region":"Mwanza","district":"Kwimba","ward":"Ilula","ward_code":"291"}},{"type":"Feature","geometry":{"type":"MultiPolygon","coordinates":[[[[33.20506,-3.27714],[33.20506,-3.27714],[33.20506,-3.27714],[33.20506,-3.27714]]],[[[33.20022,-3.11245],[33.2014,-3.11281],[33.20458,-3.11148],[33.20347,-3.11649],[33.20571,-3.11703],[33.20773,-3.12026],[33.20751,-3.1217],[33.21014,-3.12148],[33.21283,-3.12488],[33.21191,-3.12537],[33.21124,-3.12451],[33.21056,-3.126],[33.2127,-3.12757],[33.21232,-3.13019],[33.21406,-3.13689],[33.2214,-3.14491],[33.22308,-3.15042],[33.22454,-3.15074],[33.22439,-3.15586],[33.2254,-3.15618],[33.22512,-3.15728],[33.22177,-3.15777],[33.22142,-3.15952],[33.22354,-3.15902],[33.22459,-3.15971],[33.22403,-3.1609],[33.22184,-3.16125],[33.22173,-3.16245],[33.22262,-3.16337],[33.22422,-3.16258],[33.22528,-3.16652],[33.2228,-3.16711],[33.22476,-3.16872],[33.22469,-3.16967],[33.22201,-3.16911],[33.22084,-3.1705],[33.22222,-3.17071],[33.22162,-3.17252],[33.22237,-3.17304],[33.2253,-3.17321],[33.2224,-3.17538],[33.22365,-3.17659],[33.22214,-3.17838],[33.22493,-3.17856],[33.22379,-3.17933],[33.2244,-3.18063],[33.22787,-3.18033],[33.22734,-3.18265],[33.22976,-3.18252],[33.22918,-3.18512],[33.22983,-3.1853],[33.23136,-3.18266],[33.23199,-3.18299],[33.23157,-3.18527],[33.23247,-3.18566],[33.23378,-3.18471],[33.23547,-3.18554],[33.23377,-3.18755],[33.23529,-3.18911],[33.23439,-3.18994],[33.23509,-3.19137],[33.23514,-3.20541],[33.23375,-3.23462],[33.22619,-3.23724],[33.22351,-3.23966],[33.22174,-3.23927],[33.21456,-3.24216],[33.20851,-3.24624],[33.20429,-3.24348],[33.20282,-3.24412],[33.20506,-3.27714],[33.19756,-3.27458],[33.19636,-3.26931],[33.19014,-3.26336],[33.18218,-3.24496],[33.1796,-3.24177],[33.18027,-3.23216],[33.1736,-3.21892],[33.17118,-3.20986],[33.17466,-3.20317],[33.17216,-3.19784],[33.17851,-3.19648],[33.18679,-3.19258],[33.18786,-3.1897],[33.18925,-3.17417],[33.18491,-3.16702],[33.15718,-3.1629],[33.15795,-3.16215],[33.15752,-3.16075],[33.15924,-3.15882],[33.15854,-3.15784],[33.16144,-3.1532],[33.16165,-3.1508],[33.16417,-3.14744],[33.16393,-3.14431],[33.16474,-3.14289],[33.16315,-3.13849],[33.16447,-3.13696],[33.16409,-3.13535],[33.16531,-3.13448],[33.16387,-3.13334],[33.16418,-3.12481],[33.16598,-3.12227],[33.16688,-3.11778],[33.18183,-3.10907],[33.18719,-3.10413],[33.19249,-3.101],[33.19491,-3.10116],[33.19654,-3.10757],[33.19866,-3.10837],[33.20022,-3.11245]]]]},"properties":{"region":"Mwanza","district":"Kwimba","ward":"Mwamala","ward_code":"181"}},{"type":"Feature","geometry":{"type":"Polygon","coordinates":[[[33.20506,-3.27714],[33.21433,-3.31683],[33.21725,-3.31977],[33.21637,-3.32356],[33.21865,-3.37819],[33.222,-3.38544],[33.22782,-3.39426],[33.2175,-3.39226],[33.20555,-3.39665],[33.20016,-3.40092],[33.18989,-3.40349],[33.18423,-3.40716],[33.17427,-3.40893],[33.15766,-3.40632],[33.15402,-3.41777],[33.1534,-3.42326],[33.1444,-3.43009],[33.13826,-3.43621],[33.1284,-3.43694],[33.12679,-3.43441],[33.11596,-3.43812],[33.11185,-3.43606],[33.10955,-3.43635],[33.10803,-3.43538],[33.10665,-3.4362],[33.10099,-3.43397],[33.09876,-3.43017],[33.09962,-3.42919],[33.09876,-3.42809],[33.09385,-3.42675],[33.09348,-3.42832],[33.09237,-3.42749],[33.0901,-3.42821],[33.08982,-3.4255],[33.07861,-3.41735],[33.07907,-3.41603],[33.07728,-3.41216],[33.07799,-3.4096],[33.07507,-3.40853],[33.0723,-3.40579],[33.06805,-3.4053],[33.06807,-3.40443],[33.07026,-3.40346],[33.06824,-3.40136],[33.06144,-3.39879],[33.05689,-3.39448],[33.05112,-3.39185],[33.04754,-3.3929],[33.04436,-3.39185],[33.0409,-3.39455],[33.03949,-3.3344],[33.04419,-3.3335],[33.04642,-3.32524],[33.05085,-3.32943],[33.05543,-3.32948],[33.06252,-3.33181],[33.06468,-3.3335],[33.07498,-3.33413],[33.0869,-3.33162],[33.09162,-3.32743],[33.09811,-3.30757],[33.12169,-3.31111],[33.12606,-3.3035],[33.13549,-3.30686],[33.15225,-3.3101],[33.17447,-3.29883],[33.17912,-3.28766],[33.18365,-3.28618],[33.18458,-3.27551],[33.19636,-3.26931],[33.19756,-3.27458],[33.20506,-3.27714]]]},"properties":{"region":"Mwanza","district":"Kwimba","ward":"Kikubiji","ward_code":"191"}},{"type":"Feature","geometry":{"type":"Polygon","coordinates":[[[32.9962,-3.28651],[33.00059,-3.28651],[33.00399,-3.28488],[33.01819,-3.28268],[33.02857,-3.28252],[33.05598,-3.28703],[33.06199,-3.29076],[33.09944,-3.28594],[33.09811,-3.30757],[33.09584,-3.3161],[33.09162,-3.32743],[33.0869,-3.33162],[33.07498,-3.33413],[33.06625,-3.3338],[33.05543,-3.32948],[33.05085,-3.32943],[33.04642,-3.32524],[33.04419,-3.3335],[33.03949,-3.3344],[33.0409,-3.39455],[33.03063,-3.39007],[33.02393,-3.39032],[33.02093,-3.39257],[33.01673,-3.39176],[33.00588,-3.382],[32.99349,-3.36679],[32.98144,-3.36553],[32.97787,-3.35336],[32.96762,-3.34579],[32.95488,-3.33964],[32.92947,-3.34228],[32.92301,-3.31677],[32.91737,-3.30485],[32.92682,-3.28722],[32.93439,-3.28177],[32.93515,-3.26908],[32.92814,-3.25231],[32.92899,-3.23652],[32.96778,-3.24425],[32.97601,-3.24443],[32.98915,-3.26849],[32.99101,-3.27534],[32.9962,-3.28651]]]},"properties":{"region":"Mwanza","district":"Kwimba","ward":"Mhande","ward_code":"201"}},{"type":"Feature","geometry":{"type":"Polygon","coordinates":[[[33.02089,-3.19144],[33.04798,-3.18897],[33.04834,-3.1916],[33.05711,-3.19419],[33.05919,-3.19388],[33.0866,-3.20454],[33.10358,-3.20537],[33.10637,-3.2018],[33.10896,-3.20247],[33.11425,-3.21533],[33.12639,-3.21854],[33.12734,-3.23035],[33.12474,-3.24742],[33.12539,-3.25229],[33.12434,-3.2603],[33.11895,-3.27868],[33.11682,-3.30048],[33.12598,-3.30362],[33.12169,-3.31111],[33.09811,-3.30757],[33.09944,-3.28594],[33.06199,-3.29076],[33.05598,-3.28703],[33.02857,-3.28252],[33.01819,-3.28268],[33.00399,-3.28488],[33.00059,-3.28651],[32.9962,-3.28651],[32.99101,-3.27534],[32.98915,-3.26849],[32.976,-3.24441],[32.98197,-3.24452],[32.98896,-3.2401],[32.99683,-3.23307],[32.99195,-3.21977],[32.98228,-3.21824],[32.96845,-3.21183],[32.96542,-3.19938],[32.95678,-3.17949],[32.95339,-3.16703],[32.95302,-3.16478],[32.95579,-3.15143],[32.97541,-3.17619],[32.98803,-3.18154],[32.9939,-3.18547],[33.02089,-3.19144]]]},"properties":{"region":"Mwanza","district":"Kwimba","ward":"Bupamwa","ward_code":"211"}},{"type":"Feature","geometry":{"type":"Polygon","coordinates":[[[33.11685,-3.12044],[33.13843,-3.13337],[33.14508,-3.13294],[33.14727,-3.1306],[33.15091,-3.13014],[33.15424,-3.13213],[33.16445,-3.13157],[33.16387,-3.13334],[33.16531,-3.13448],[33.16409,-3.13535],[33.16447,-3.13696],[33.16315,-3.13849],[33.16474,-3.14289],[33.16393,-3.14431],[33.16417,-3.14744],[33.16165,-3.1508],[33.16144,-3.1532],[33.15854,-3.15784],[33.15924,-3.15882],[33.15752,-3.16075],[33.15795,-3.16215],[33.15718,-3.1629],[33.18491,-3.16702],[33.18925,-3.17417],[33.18786,-3.1897],[33.18679,-3.19258],[33.17851,-3.19648],[33.17216,-3.19784],[33.17466,-3.20317],[33.17118,-3.20986],[33.1736,-3.21892],[33.18027,-3.23216],[33.1796,-3.24177],[33.18218,-3.24496],[33.19014,-3.26336],[33.19636,-3.26931],[33.18458,-3.27551],[33.18365,-3.28618],[33.17912,-3.28766],[33.17447,-3.29883],[33.15225,-3.3101],[33.13549,-3.30686],[33.11682,-3.30048],[33.11895,-3.27868],[33.12434,-3.2603],[33.12539,-3.25229],[33.12474,-3.24742],[33.12734,-3.23035],[33.12639,-3.21854],[33.11425,-3.21533],[33.10896,-3.20247],[33.10637,-3.2018],[33.10358,-3.20537],[33.0866,-3.20454],[33.05919,-3.19388],[33.05711,-3.19419],[33.04834,-3.1916],[33.04798,-3.18897],[33.06256,-3.18655],[33.06546,-3.17617],[33.06349,-3.17205],[33.0828,-3.17002],[33.10123,-3.16005],[33.1126,-3.15144],[33.09978,-3.13145],[33.09427,-3.11516],[33.10334,-3.11595],[33.11685,-3.12044]]]},"properties":{"region":"Mwanza","district":"Kwimba","ward":"Fukalo","ward_code":"221"}},{"type":"Feature","geometry":{"type":"Polygon","coordinates":[[[33.23957,-3.19116],[33.23915,-3.19328],[33.24051,-3.19305],[33.24136,-3.19606],[33.24302,-3.19477],[33.24334,-3.19639],[33.24584,-3.19707],[33.24595,-3.19937],[33.24916,-3.19838],[33.25146,-3.20167],[33.2532,-3.20112],[33.25379,-3.20272],[33.25817,-3.20208],[33.26,-3.20304],[33.26123,-3.20428],[33.25967,-3.20698],[33.26134,-3.20837],[33.2615,-3.21136],[33.26358,-3.21163],[33.26398,-3.21266],[33.26581,-3.21099],[33.26712,-3.21139],[33.26586,-3.21408],[33.26656,-3.21459],[33.26805,-3.21293],[33.26906,-3.21329],[33.26939,-3.21533],[33.27133,-3.21618],[33.27244,-3.21847],[33.27546,-3.21953],[33.27535,-3.2204],[33.27372,-3.22066],[33.27412,-3.22252],[33.27133,-3.22329],[33.27416,-3.22599],[33.27418,-3.23082],[33.27781,-3.23376],[33.28229,-3.23236],[33.28267,-3.2337],[33.28011,-3.23487],[33.28006,-3.23573],[33.28499,-3.23584],[33.28231,-3.24152],[33.28587,-3.24236],[33.28828,-3.24538],[33.29053,-3.24372],[33.2948,-3.24404],[33.29899,-3.2459],[33.30221,-3.25409],[33.30082,-3.25856],[33.30062,-3.26849],[33.30759,-3.27004],[33.31784,-3.31097],[33.31978,-3.32029],[33.31915,-3.32167],[33.32199,-3.32499],[33.32141,-3.32627],[33.32577,-3.3358],[33.31845,-3.35207],[33.30636,-3.37074],[33.305,-3.38004],[33.28665,-3.40201],[33.28143,-3.39974],[33.25402,-3.39301],[33.23033,-3.39474],[33.22782,-3.39426],[33.222,-3.38544],[33.21865,-3.37819],[33.21637,-3.32356],[33.21725,-3.31977],[33.21433,-3.31683],[33.20506,-3.27714],[33.20282,-3.24412],[33.20429,-3.24348],[33.20851,-3.24624],[33.21456,-3.24216],[33.22174,-3.23927],[33.22351,-3.23966],[33.22619,-3.23724],[33.23375,-3.23462],[33.2346,-3.22809],[33.23489,-3.19084],[33.23688,-3.19184],[33.23889,-3.19059],[33.23957,-3.19116]]]},"properties":{"region":"Mwanza","district":"Kwimba","ward":"Shilembo","ward_code":"301"}},{"type":"Feature","geometry":{"type":"Polygon","coordinates":[[[33.33619,-2.7883],[33.33947,-2.79113],[33.33946,-2.79852],[33.32688,-2.80949],[33.33167,-2.8213],[33.33718,-2.83086],[33.34394,-2.83254],[33.34865,-2.83715],[33.35555,-2.83982],[33.35659,-2.84115],[33.36022,-2.83841],[33.36718,-2.8413],[33.37298,-2.83984],[33.37302,-2.83815],[33.37476,-2.83676],[33.3822,-2.8382],[33.38675,-2.8413],[33.38753,-2.84321],[33.38558,-2.84496],[33.38435,-2.84828],[33.382,-2.84915],[33.38207,-2.85128],[33.3806,-2.85371],[33.38045,-2.86025],[33.38297,-2.86365],[33.37921,-2.86968],[33.37863,-2.8747],[33.37535,-2.87669],[33.37454,-2.88038],[33.37171,-2.88129],[33.36929,-2.88378],[33.3675,-2.88349],[33.36529,-2.88665],[33.38859,-2.89617],[33.38693,-2.90561],[33.38569,-2.90711],[33.3841,-2.90634],[33.3812,-2.90832],[33.3809,-2.91032],[33.37737,-2.90982],[33.37321,-2.91064],[33.37187,-2.91388],[33.3688,-2.91408],[33.36715,-2.91302],[33.36419,-2.91505],[33.3604,-2.91606],[33.35333,-2.91147],[33.35127,-2.91264],[33.3498,-2.91193],[33.34837,-2.91351],[33.34508,-2.91331],[33.33934,-2.9157],[33.33867,-2.91795],[33.33221,-2.91945],[33.31819,-2.91657],[33.31633,-2.9143],[33.31234,-2.91228],[33.31007,-2.9137],[33.30685,-2.91241],[33.30521,-2.91045],[33.30234,-2.91164],[33.3012,-2.90926],[33.29746,-2.90949],[33.29209,-2.91252],[33.28614,-2.91417],[33.28548,-2.91311],[33.28298,-2.9129],[33.28011,-2.91378],[33.27522,-2.91343],[33.27334,-2.91508],[33.26749,-2.91611],[33.26566,-2.91738],[33.26422,-2.91744],[33.26265,-2.91571],[33.25351,-2.91203],[33.25642,-2.91134],[33.25907,-2.90865],[33.26266,-2.90806],[33.26248,-2.90685],[33.26398,-2.90626],[33.26497,-2.90235],[33.27131,-2.89676],[33.27586,-2.88955],[33.27863,-2.88836],[33.27902,-2.88637],[33.28339,-2.88257],[33.28351,-2.8812],[33.28586,-2.87991],[33.28535,-2.87853],[33.2863,-2.87421],[33.29139,-2.86867],[33.29198,-2.86181],[33.29297,-2.86045],[33.28865,-2.85828],[33.28509,-2.85439],[33.28304,-2.85048],[33.28217,-2.84648],[33.28565,-2.84262],[33.28517,-2.83807],[33.28213,-2.8329],[33.28226,-2.8272],[33.27844,-2.82034],[33.2833,-2.81389],[33.28765,-2.80596],[33.28893,-2.80009],[33.2917,-2.79544],[33.29338,-2.79457],[33.29572,-2.79587],[33.29747,-2.79396],[33.29925,-2.79451],[33.30102,-2.79228],[33.30271,-2.7927],[33.30505,-2.79063],[33.30744,-2.79113],[33.30994,-2.78814],[33.31221,-2.78892],[33.31521,-2.78796],[33.3157,-2.78867],[33.32116,-2.78711],[33.32901,-2.77923],[33.33134,-2.77865],[33.33301,-2.77605],[33.33425,-2.77578],[33.33565,-2.7763],[33.33357,-2.7814],[33.33619,-2.7883]]]},"properties":{"region":"Mwanza","district":"Kwimba","ward":"Walla","ward_code":"011"}},{"type":"Feature","geometry":{"type":"Polygon","coordinates":[[[33.33226,-2.73092],[33.36123,-2.74664],[33.3566,-2.75836],[33.35215,-2.7635],[33.34933,-2.77455],[33.34327,-2.77442],[33.33744,-2.77656],[33.33301,-2.77605],[33.33134,-2.77865],[33.32901,-2.77923],[33.32116,-2.78711],[33.3157,-2.78867],[33.31521,-2.78796],[33.31221,-2.78892],[33.30949,-2.78828],[33.30744,-2.79113],[33.30505,-2.79063],[33.30271,-2.7927],[33.30102,-2.79228],[33.29925,-2.79451],[33.29747,-2.79396],[33.29572,-2.79587],[33.29253,-2.79462],[33.28893,-2.80009],[33.28765,-2.80596],[33.2833,-2.81389],[33.27844,-2.82034],[33.27103,-2.82187],[33.2622,-2.82101],[33.25145,-2.81782],[33.23268,-2.81816],[33.23231,-2.81708],[33.23322,-2.81623],[33.23577,-2.81573],[33.23515,-2.81376],[33.23663,-2.81241],[33.23691,-2.80889],[33.24043,-2.80762],[33.24168,-2.80478],[33.24412,-2.80527],[33.24887,-2.80175],[33.25508,-2.78853],[33.25831,-2.78561],[33.25818,-2.78343],[33.26073,-2.77887],[33.26279,-2.7779],[33.26422,-2.7729],[33.26275,-2.77249],[33.26248,-2.76296],[33.261,-2.76146],[33.26116,-2.7587],[33.26341,-2.75733],[33.26396,-2.75458],[33.27054,-2.74909],[33.27152,-2.74695],[33.27359,-2.74597],[33.27629,-2.74667],[33.27958,-2.74314],[33.28226,-2.74451],[33.28563,-2.7415],[33.28822,-2.74166],[33.29076,-2.73916],[33.29727,-2.73803],[33.29867,-2.73689],[33.30508,-2.73661],[33.31163,-2.73394],[33.31608,-2.73069],[33.3243,-2.72878],[33.33226,-2.73092]]]},"properties":{"region":"Mwanza","district":"Kwimba","ward":"Bungulwa","ward_code":"021"}},{"type":"Feature","geometry":{"type":"Polygon","coordinates":[[[33.20569,-2.74067],[33.20709,-2.7426],[33.21275,-2.73998],[33.21828,-2.73896],[33.22114,-2.73712],[33.2316,-2.7375],[33.23295,-2.73925],[33.2364,-2.73807],[33.23967,-2.74418],[33.2466,-2.75257],[33.25209,-2.75702],[33.25628,-2.75668],[33.25835,-2.76282],[33.26225,-2.76514],[33.26275,-2.77249],[33.26422,-2.7729],[33.26279,-2.7779],[33.26073,-2.77887],[33.25818,-2.78343],[33.25831,-2.78561],[33.25508,-2.78853],[33.24887,-2.80175],[33.24412,-2.80527],[33.24168,-2.80478],[33.24043,-2.80762],[33.23691,-2.80889],[33.23663,-2.81241],[33.23515,-2.81376],[33.23577,-2.81573],[33.23322,-2.81623],[33.23231,-2.81708],[33.23268,-2.81816],[33.2263,-2.81551],[33.21556,-2.81482],[33.20251,-2.80869],[33.1818,-2.81107],[33.17476,-2.81041],[33.15599,-2.8164],[33.15438,-2.81274],[33.15502,-2.81215],[33.15417,-2.80859],[33.15538,-2.80425],[33.15334,-2.79807],[33.1545,-2.77847],[33.16016,-2.77508],[33.168,-2.76463],[33.16894,-2.75305],[33.16639,-2.74391],[33.17951,-2.74172],[33.188,-2.73274],[33.19749,-2.73093],[33.20218,-2.73177],[33.20369,-2.73621],[33.20636,-2.73849],[33.20569,-2.74067]]]},"properties":{"region":"Mwanza","district":"Kwimba","ward":"Sumve","ward_code":"031"}},{"type":"Feature","geometry":{"type":"Polygon","coordinates":[[[33.26534,-2.65159],[33.27632,-2.65164],[33.28316,-2.65287],[33.29144,-2.65721],[33.29578,-2.65618],[33.29972,-2.65173],[33.30314,-2.65028],[33.30411,-2.65562],[33.29629,-2.67301],[33.28271,-2.67398],[33.26861,-2.67373],[33.2675,-2.67462],[33.25334,-2.67386],[33.25491,-2.67753],[33.25424,-2.68249],[33.25661,-2.68751],[33.26226,-2.6914],[33.26207,-2.69331],[33.26323,-2.69318],[33.26389,-2.69549],[33.26295,-2.70236],[33.26577,-2.71597],[33.26625,-2.73499],[33.26747,-2.73888],[33.26775,-2.74469],[33.27073,-2.74843],[33.26396,-2.75458],[33.26341,-2.75733],[33.26149,-2.75788],[33.261,-2.76146],[33.26219,-2.76191],[33.26225,-2.76514],[33.25835,-2.76282],[33.25628,-2.75668],[33.25209,-2.75702],[33.2466,-2.75257],[33.23967,-2.74418],[33.2364,-2.73807],[33.23295,-2.73925],[33.2316,-2.7375],[33.22114,-2.73712],[33.21828,-2.73896],[33.21275,-2.73998],[33.20709,-2.7426],[33.20577,-2.74116],[33.20636,-2.73849],[33.20369,-2.73621],[33.20218,-2.73177],[33.20781,-2.72134],[33.21111,-2.71178],[33.20736,-2.70514],[33.2069,-2.70024],[33.20495,-2.69293],[33.203,-2.68957],[33.20308,-2.68734],[33.20411,-2.68567],[33.20359,-2.68429],[33.2052,-2.67855],[33.2086,-2.67566],[33.21027,-2.67115],[33.21193,-2.67011],[33.21228,-2.66849],[33.21286,-2.66918],[33.21373,-2.66595],[33.21591,-2.66454],[33.21591,-2.66342],[33.22234,-2.6599],[33.22293,-2.65552],[33.23097,-2.65314],[33.24485,-2.65815],[33.24683,-2.65124],[33.25729,-2.64762],[33.26534,-2.65159]]]},"properties":{"region":"Mwanza","district":"Kwimba","ward":"Mantare","ward_code":"041"}},{"type":"Feature","geometry":{"type":"Polygon","coordinates":[[[33.32455,-2.64379],[33.33712,-2.64412],[33.33459,-2.65792],[33.33149,-2.66544],[33.33109,-2.67072],[33.32543,-2.67994],[33.32538,-2.68597],[33.32926,-2.69993],[33.3346,-2.70763],[33.32921,-2.70694],[33.32161,-2.70994],[33.32016,-2.7171],[33.3198,-2.72786],[33.31888,-2.73006],[33.31608,-2.73069],[33.31163,-2.73394],[33.30508,-2.73661],[33.29867,-2.73689],[33.29727,-2.73803],[33.29076,-2.73916],[33.28822,-2.74166],[33.28563,-2.7415],[33.28226,-2.74451],[33.27958,-2.74314],[33.27629,-2.74667],[33.27359,-2.74597],[33.27073,-2.74843],[33.26775,-2.74469],[33.26747,-2.73888],[33.26625,-2.73499],[33.26577,-2.71597],[33.26295,-2.70236],[33.26389,-2.69549],[33.26323,-2.69318],[33.26207,-2.69331],[33.26226,-2.6914],[33.25661,-2.68751],[33.25424,-2.68249],[33.25491,-2.67753],[33.25334,-2.67386],[33.2675,-2.67462],[33.26861,-2.67373],[33.28271,-2.67398],[33.29629,-2.67301],[33.30411,-2.65562],[33.30314,-2.65028],[33.30444,-2.64837],[33.31623,-2.64904],[33.32455,-2.64379]]]},"properties":{"region":"Mwanza","district":"Kwimba","ward":"Ngulla","ward_code":"051"}},{"type":"Feature","geometry":{"type":"Polygon","coordinates":[[[33.34893,-2.65609],[33.35216,-2.65628],[33.35447,-2.65334],[33.35788,-2.65273],[33.36815,-2.65542],[33.37317,-2.65279],[33.3667,-2.66337],[33.36603,-2.66747],[33.3702,-2.68072],[33.37563,-2.68828],[33.37909,-2.69001],[33.38425,-2.69546],[33.38586,-2.699],[33.38883,-2.70177],[33.39101,-2.70553],[33.3935,-2.70682],[33.39616,-2.71092],[33.39747,-2.71552],[33.40115,-2.71941],[33.39869,-2.72462],[33.40036,-2.73004],[33.3982,-2.73773],[33.4006,-2.74577],[33.39965,-2.75268],[33.39594,-2.76065],[33.39467,-2.76092],[33.39346,-2.76432],[33.39362,-2.76887],[33.38568,-2.76384],[33.37246,-2.7584],[33.36747,-2.75422],[33.36723,-2.75276],[33.36459,-2.75159],[33.36425,-2.74879],[33.36253,-2.74724],[33.33226,-2.73092],[33.3243,-2.72878],[33.31888,-2.73006],[33.3198,-2.72786],[33.32016,-2.7171],[33.32161,-2.70994],[33.32921,-2.70694],[33.3346,-2.70763],[33.32926,-2.69993],[33.32578,-2.68813],[33.32526,-2.6829],[33.32543,-2.67994],[33.33109,-2.67072],[33.33149,-2.66544],[33.33459,-2.65792],[33.33712,-2.64412],[33.3451,-2.65029],[33.34893,-2.65609]]]},"properties":{"region":"Mwanza","district":"Kwimba","ward":"Mwabomba","ward_code":"061"}},{"type":"Feature","geometry":{"type":"Polygon","coordinates":[[[33.38326,-2.76289],[33.39362,-2.76887],[33.40649,-2.77962],[33.40663,-2.78248],[33.40212,-2.79418],[33.40099,-2.79508],[33.40099,-2.79764],[33.39819,-2.80454],[33.39715,-2.81025],[33.40793,-2.82297],[33.40855,-2.82886],[33.41045,-2.8303],[33.41024,-2.83615],[33.40782,-2.84226],[33.4067,-2.85007],[33.40734,-2.85223],[33.40559,-2.85678],[33.40469,-2.85684],[33.40378,-2.85988],[33.40282,-2.86002],[33.40253,-2.86301],[33.39826,-2.8676],[33.39744,-2.86972],[33.38552,-2.8702],[33.38427,-2.87148],[33.38127,-2.87137],[33.38113,-2.87257],[33.3789,-2.87337],[33.37921,-2.86968],[33.38297,-2.86365],[33.38045,-2.86025],[33.3806,-2.85371],[33.38207,-2.85128],[33.382,-2.84915],[33.38435,-2.84828],[33.38558,-2.84496],[33.38753,-2.84321],[33.38675,-2.8413],[33.3822,-2.8382],[33.37645,-2.83684],[33.3736,-2.83755],[33.37298,-2.83984],[33.36718,-2.8413],[33.36022,-2.83841],[33.35659,-2.84115],[33.35555,-2.83982],[33.34865,-2.83715],[33.34394,-2.83254],[33.33718,-2.83086],[33.33167,-2.8213],[33.32688,-2.80949],[33.33946,-2.79852],[33.33947,-2.79113],[33.33619,-2.7883],[33.33357,-2.7814],[33.33565,-2.7763],[33.33744,-2.77656],[33.34327,-2.77442],[33.34933,-2.77455],[33.35215,-2.7635],[33.3566,-2.75836],[33.36123,-2.74664],[33.36425,-2.74879],[33.36459,-2.75159],[33.36723,-2.75276],[33.36747,-2.75422],[33.37246,-2.7584],[33.38326,-2.76289]]]},"properties":{"region":"Mwanza","district":"Kwimba","ward":"Mwagi","ward_code":"071"}},{"type":"Feature","geometry":{"type":"Polygon","coordinates":[[[33.54858,-2.69352],[33.55463,-2.69778],[33.55875,-2.70616],[33.56416,-2.70805],[33.56684,-2.71455],[33.57071,-2.7184],[33.57209,-2.72266],[33.57693,-2.72615],[33.57947,-2.73337],[33.58354,-2.73761],[33.5831,-2.7415],[33.58389,-2.74329],[33.57749,-2.75277],[33.56947,-2.75767],[33.56336,-2.76378],[33.54875,-2.76458],[33.54361,-2.76326],[33.54023,-2.76344],[33.53864,-2.766],[33.53496,-2.76767],[33.5345,-2.77312],[33.52271,-2.77436],[33.51316,-2.77437],[33.50723,-2.76226],[33.49886,-2.75547],[33.49576,-2.75726],[33.49303,-2.75732],[33.49061,-2.7551],[33.48607,-2.7584],[33.49034,-2.74821],[33.48886,-2.74433],[33.48964,-2.74209],[33.48534,-2.72694],[33.48083,-2.72516],[33.47962,-2.72183],[33.47923,-2.71772],[33.48054,-2.71151],[33.47695,-2.70852],[33.47678,-2.70633],[33.48623,-2.70523],[33.49037,-2.70672],[33.49269,-2.70543],[33.49435,-2.7029],[33.5001,-2.70356],[33.50279,-2.70517],[33.50712,-2.70492],[33.51553,-2.70078],[33.5174,-2.6987],[33.52115,-2.69764],[33.52505,-2.70036],[33.52685,-2.70446],[33.52994,-2.70525],[33.53387,-2.70321],[33.53954,-2.70255],[33.54136,-2.69867],[33.54858,-2.69352]]]},"properties":{"region":"Mwanza","district":"Kwimba","ward":"Iseni","ward_code":"081"}},{"type":"Feature","geometry":{"type":"Polygon","coordinates":[[[33.44531,-2.74111],[33.44756,-2.74068],[33.44533,-2.74731],[33.45187,-2.74865],[33.45416,-2.74789],[33.4564,-2.7504],[33.45807,-2.75085],[33.45514,-2.76166],[33.45807,-2.76726],[33.46834,-2.77137],[33.47153,-2.76901],[33.47648,-2.7676],[33.48309,-2.76019],[33.48607,-2.7584],[33.48568,-2.76533],[33.48729,-2.77347],[33.48884,-2.77636],[33.48883,-2.77925],[33.48987,-2.78022],[33.48894,-2.78332],[33.48902,-2.78898],[33.48478,-2.79489],[33.48224,-2.80249],[33.4805,-2.80372],[33.47935,-2.80992],[33.46925,-2.81592],[33.46322,-2.82093],[33.46232,-2.82565],[33.4586,-2.82513],[33.45844,-2.82996],[33.45679,-2.83155],[33.45402,-2.83177],[33.44903,-2.83593],[33.44778,-2.83811],[33.44217,-2.84082],[33.4392,-2.84683],[33.4323,-2.85127],[33.42461,-2.85913],[33.42712,-2.8606],[33.42733,-2.87045],[33.42585,-2.87281],[33.42794,-2.87853],[33.42378,-2.89089],[33.42227,-2.89258],[33.42197,-2.89692],[33.41879,-2.89989],[33.41424,-2.90131],[33.41016,-2.9011],[33.40919,-2.90186],[33.40845,-2.90034],[33.40742,-2.90176],[33.40234,-2.90295],[33.40115,-2.90498],[33.39846,-2.90672],[33.39283,-2.90504],[33.38837,-2.90647],[33.38693,-2.90561],[33.38859,-2.89617],[33.36529,-2.88665],[33.36531,-2.88572],[33.36699,-2.88505],[33.3675,-2.88349],[33.36929,-2.88378],[33.37171,-2.88129],[33.37454,-2.88038],[33.37535,-2.87669],[33.37819,-2.87552],[33.3789,-2.87337],[33.38113,-2.87257],[33.38127,-2.87137],[33.38427,-2.87148],[33.38552,-2.8702],[33.39744,-2.86972],[33.39826,-2.8676],[33.40253,-2.86301],[33.40282,-2.86002],[33.40378,-2.85988],[33.40469,-2.85684],[33.40559,-2.85678],[33.40734,-2.85223],[33.40675,-2.84943],[33.40782,-2.84226],[33.41024,-2.83615],[33.4107,-2.82906],[33.41598,-2.82345],[33.42424,-2.8195],[33.42694,-2.81728],[33.42842,-2.81455],[33.42914,-2.80966],[33.42794,-2.80078],[33.42952,-2.77783],[33.42516,-2.77433],[33.4235,-2.7712],[33.42377,-2.76806],[33.42676,-2.7647],[33.42631,-2.76345],[33.42499,-2.76325],[33.42447,-2.75912],[33.42277,-2.75643],[33.42212,-2.7517],[33.42327,-2.74804],[33.42585,-2.74734],[33.43042,-2.74339],[33.431,-2.73696],[33.43374,-2.73122],[33.43395,-2.72771],[33.43522,-2.72665],[33.43669,-2.73099],[33.44358,-2.73749],[33.44531,-2.74111]]]},"properties":{"region":"Mwanza","district":"Kwimba","ward":"Nyambiti","ward_code":"091"}},{"type":"Feature","geometry":{"type":"Polygon","coordinates":[[[33.59197,-2.75929],[33.59175,-2.76681],[33.59399,-2.76735],[33.5943,-2.77039],[33.6,-2.76737],[33.60158,-2.77007],[33.6055,-2.77141],[33.60669,-2.77277],[33.60665,-2.77482],[33.60985,-2.7794],[33.61044,-2.78463],[33.61295,-2.79034],[33.61197,-2.79228],[33.61542,-2.79315],[33.61604,-2.79773],[33.6187,-2.79936],[33.61523,-2.80224],[33.6173,-2.80824],[33.61735,-2.8105],[33.61564,-2.81297],[33.61602,-2.81577],[33.61474,-2.81722],[33.59572,-2.82104],[33.58898,-2.82598],[33.58386,-2.82778],[33.58131,-2.83198],[33.5819,-2.83371],[33.57963,-2.84044],[33.57381,-2.84288],[33.56972,-2.84213],[33.56179,-2.83496],[33.56179,-2.83099],[33.5559,-2.82749],[33.55329,-2.82736],[33.54958,-2.83781],[33.54704,-2.83983],[33.54856,-2.84207],[33.54856,-2.84383],[33.54795,-2.84642],[33.54681,-2.84701],[33.5474,-2.84833],[33.54621,-2.85169],[33.54817,-2.85697],[33.54673,-2.85992],[33.53914,-2.86154],[33.52954,-2.87267],[33.52271,-2.87744],[33.51662,-2.87697],[33.51087,-2.87844],[33.50272,-2.89032],[33.49617,-2.8649],[33.49709,-2.85829],[33.49528,-2.85199],[33.49528,-2.84869],[33.49697,-2.84411],[33.49945,-2.8429],[33.50307,-2.8381],[33.50726,-2.83616],[33.50684,-2.83061],[33.4976,-2.82829],[33.4921,-2.82338],[33.4852,-2.81991],[33.47935,-2.80992],[33.47989,-2.80512],[33.48297,-2.80116],[33.48478,-2.79489],[33.48798,-2.79145],[33.48951,-2.7855],[33.48894,-2.78332],[33.48987,-2.78022],[33.48883,-2.77925],[33.48884,-2.77636],[33.48729,-2.77347],[33.48568,-2.76533],[33.48607,-2.7584],[33.49061,-2.7551],[33.49303,-2.75732],[33.49576,-2.75726],[33.49886,-2.75547],[33.50723,-2.76226],[33.51316,-2.77437],[33.5345,-2.77312],[33.53496,-2.76767],[33.53864,-2.766],[33.54023,-2.76344],[33.54361,-2.76326],[33.54875,-2.76458],[33.56336,-2.76378],[33.56947,-2.75767],[33.57749,-2.75277],[33.58389,-2.74329],[33.58695,-2.7452],[33.58922,-2.74938],[33.59321,-2.75276],[33.59401,-2.75552],[33.59197,-2.75929]]]},"properties":{"region":"Mwanza","district":"Kwimba","ward":"Maligisu","ward_code":"101"}},{"type":"Feature","geometry":{"type":"Polygon","coordinates":[[[33.4921,-2.82338],[33.4976,-2.82829],[33.50684,-2.83061],[33.50726,-2.83616],[33.50307,-2.8381],[33.49945,-2.8429],[33.49697,-2.84411],[33.49528,-2.84869],[33.49528,-2.85199],[33.49709,-2.85829],[33.49617,-2.8649],[33.50272,-2.89032],[33.50143,-2.89243],[33.50194,-2.89842],[33.50455,-2.90908],[33.50308,-2.9252],[33.49512,-2.93649],[33.49159,-2.93003],[33.47702,-2.91498],[33.46403,-2.9154],[33.46228,-2.91422],[33.45657,-2.91307],[33.45041,-2.91427],[33.4497,-2.91671],[33.44826,-2.91702],[33.44735,-2.91872],[33.44762,-2.92066],[33.44425,-2.92712],[33.44022,-2.92984],[33.42143,-2.93673],[33.42041,-2.93328],[33.41504,-2.92768],[33.41439,-2.92541],[33.41247,-2.92471],[33.41122,-2.92258],[33.4118,-2.92029],[33.41069,-2.91851],[33.40894,-2.919],[33.40857,-2.91687],[33.40469,-2.91487],[33.40109,-2.91561],[33.39862,-2.91189],[33.39576,-2.91074],[33.39347,-2.90544],[33.39846,-2.90672],[33.40115,-2.90498],[33.40234,-2.90295],[33.40742,-2.90176],[33.40845,-2.90034],[33.40919,-2.90186],[33.41016,-2.9011],[33.41424,-2.90131],[33.41879,-2.89989],[33.42197,-2.89692],[33.42227,-2.89258],[33.42378,-2.89089],[33.42794,-2.87853],[33.42585,-2.87281],[33.42733,-2.87045],[33.42712,-2.8606],[33.42461,-2.85913],[33.4323,-2.85127],[33.4392,-2.84683],[33.44217,-2.84082],[33.44778,-2.83811],[33.44903,-2.83593],[33.45402,-2.83177],[33.45679,-2.83155],[33.45844,-2.82996],[33.4586,-2.82513],[33.46232,-2.82565],[33.46322,-2.82093],[33.46925,-2.81592],[33.47935,-2.80992],[33.4852,-2.81991],[33.4921,-2.82338]]]},"properties":{"region":"Mwanza","district":"Kwimba","ward":"Mwandu","ward_code":"111"}},{"type":"Feature","geometry":{"type":"Polygon","coordinates":[[[33.46228,-2.91422],[33.46403,-2.9154],[33.47702,-2.91498],[33.49159,-2.93003],[33.49512,-2.93649],[33.50308,-2.9252],[33.51477,-2.92642],[33.52459,-2.9765],[33.52406,-2.99211],[33.52193,-3.00366],[33.51866,-3.00631],[33.51808,-3.00928],[33.51295,-3.01389],[33.50095,-3.02041],[33.49713,-3.02115],[33.47978,-3.01185],[33.46873,-3.00075],[33.45103,-3.00141],[33.44463,-2.99487],[33.43958,-2.99226],[33.43634,-2.98842],[33.43536,-2.9887],[33.43157,-2.98613],[33.42947,-2.98278],[33.43002,-2.98187],[33.42853,-2.97987],[33.4292,-2.97895],[33.42821,-2.97868],[33.42862,-2.9759],[33.42792,-2.9757],[33.42768,-2.97128],[33.43193,-2.96384],[33.42834,-2.96049],[33.42808,-2.95907],[33.42511,-2.95729],[33.42596,-2.95496],[33.42482,-2.95391],[33.4251,-2.95262],[33.42364,-2.95211],[33.42475,-2.94836],[33.42424,-2.94424],[33.42143,-2.93673],[33.44022,-2.92984],[33.44425,-2.92712],[33.44762,-2.92066],[33.44735,-2.91872],[33.44826,-2.91702],[33.4497,-2.91671],[33.45041,-2.91427],[33.45657,-2.91307],[33.46228,-2.91422]]]},"properties":{"region":"Mwanza","district":"Kwimba","ward":"Malya","ward_code":"123"}},{"type":"Feature","geometry":{"type":"Polygon","coordinates":[[[33.42346,-2.95853],[33.42736,-2.95841],[33.43193,-2.96384],[33.42768,-2.97128],[33.42792,-2.9757],[33.42862,-2.9759],[33.42821,-2.97868],[33.4292,-2.97895],[33.42853,-2.97987],[33.43002,-2.98187],[33.42947,-2.98278],[33.43157,-2.98613],[33.43536,-2.9887],[33.43634,-2.98842],[33.43958,-2.99226],[33.44463,-2.99487],[33.45103,-3.00141],[33.46873,-3.00075],[33.47978,-3.01185],[33.49713,-3.02115],[33.49536,-3.02413],[33.49448,-3.02828],[33.49559,-3.04848],[33.49414,-3.04813],[33.49233,-3.04583],[33.49098,-3.04661],[33.48514,-3.04546],[33.48872,-3.06058],[33.48204,-3.07054],[33.46749,-3.07689],[33.45885,-3.07807],[33.45181,-3.07776],[33.4472,-3.07966],[33.43084,-3.08137],[33.43018,-3.08258],[33.42571,-3.08121],[33.42503,-3.08193],[33.42404,-3.08064],[33.41919,-3.08024],[33.41447,-3.08139],[33.4113,-3.07773],[33.40941,-3.06906],[33.40461,-3.06389],[33.40378,-3.06167],[33.40259,-3.06144],[33.39936,-3.05768],[33.39856,-3.05894],[33.39031,-3.05605],[33.38875,-3.05254],[33.3869,-3.05081],[33.39901,-3.03568],[33.39982,-3.03344],[33.39675,-3.02874],[33.4054,-3.0299],[33.40106,-3.01861],[33.40341,-3.01412],[33.40406,-3.00968],[33.39787,-3.00724],[33.39407,-3.00106],[33.3937,-2.99587],[33.38713,-2.9968],[33.38255,-2.99527],[33.38086,-2.9876],[33.3823,-2.98528],[33.38806,-2.98228],[33.39127,-2.97427],[33.39669,-2.97089],[33.39921,-2.96622],[33.4002,-2.96182],[33.40405,-2.95868],[33.41563,-2.95685],[33.42346,-2.95853]]]},"properties":{"region":"Mwanza","district":"Kwimba","ward":"Lyoma","ward_code":"131"}},{"type":"Feature","geometry":{"type":"Polygon","coordinates":[[[33.4477,-2.67703],[33.44943,-2.68161],[33.45051,-2.68291],[33.45263,-2.68323],[33.45253,-2.68811],[33.45434,-2.68936],[33.45551,-2.69286],[33.45942,-2.69237],[33.4647,-2.69643],[33.46781,-2.70058],[33.46964,-2.70023],[33.47219,-2.70147],[33.47678,-2.70633],[33.47695,-2.70852],[33.48054,-2.71151],[33.47942,-2.72123],[33.48083,-2.72516],[33.48534,-2.72694],[33.48964,-2.74209],[33.48886,-2.74433],[33.49034,-2.74821],[33.48641,-2.75799],[33.48309,-2.76019],[33.47648,-2.7676],[33.47153,-2.76901],[33.46834,-2.77137],[33.45807,-2.76726],[33.45514,-2.76166],[33.45807,-2.75085],[33.4564,-2.7504],[33.45416,-2.74789],[33.45187,-2.74865],[33.44533,-2.74731],[33.44756,-2.74068],[33.44531,-2.74111],[33.44358,-2.73749],[33.43669,-2.73099],[33.43522,-2.72665],[33.43733,-2.71464],[33.43467,-2.70654],[33.43501,-2.7031],[33.43342,-2.69907],[33.43769,-2.69576],[33.43806,-2.69089],[33.44241,-2.68215],[33.44514,-2.68037],[33.4477,-2.67703]]]},"properties":{"region":"Mwanza","district":"Kwimba","ward":"Bugando","ward_code":"261"}},{"type":"Feature","geometry":{"type":"Polygon","coordinates":[[[33.43501,-2.7031],[33.43467,-2.70654],[33.43733,-2.71464],[33.43573,-2.72546],[33.43395,-2.72771],[33.43374,-2.73122],[33.431,-2.73696],[33.43042,-2.74339],[33.42585,-2.74734],[33.42349,-2.74777],[33.42212,-2.7517],[33.42499,-2.76325],[33.42631,-2.76345],[33.42676,-2.7647],[33.42377,-2.76806],[33.4235,-2.7712],[33.42516,-2.77433],[33.42952,-2.77783],[33.42794,-2.80078],[33.42914,-2.80966],[33.42842,-2.81455],[33.42694,-2.81728],[33.42424,-2.8195],[33.41598,-2.82345],[33.41189,-2.82713],[33.41045,-2.8303],[33.40855,-2.82886],[33.40745,-2.82206],[33.39715,-2.81025],[33.39819,-2.80454],[33.40099,-2.79764],[33.40099,-2.79508],[33.40212,-2.79418],[33.40678,-2.7807],[33.4053,-2.7784],[33.39362,-2.76887],[33.39346,-2.76432],[33.39467,-2.76092],[33.39594,-2.76065],[33.39897,-2.75495],[33.4006,-2.74577],[33.39828,-2.73891],[33.40036,-2.73004],[33.39869,-2.72462],[33.40115,-2.71941],[33.40612,-2.71865],[33.41033,-2.71611],[33.41345,-2.71327],[33.41323,-2.71207],[33.41618,-2.70739],[33.41972,-2.70512],[33.4275,-2.70437],[33.42818,-2.70299],[33.43147,-2.70192],[33.43342,-2.69907],[33.43501,-2.7031]]]},"properties":{"region":"Mwanza","district":"Kwimba","ward":"Nkalalo","ward_code":"271"}},{"type":"Feature","geometry":{"type":"Polygon","coordinates":[[[32.65765,-2.64745],[32.66094,-2.64791],[32.66438,-2.6503],[32.66473,-2.64918],[32.67152,-2.65146],[32.6707,-2.65306],[32.67107,-2.65977],[32.66981,-2.66764],[32.65451,-2.65917],[32.65067,-2.65783],[32.64572,-2.65776],[32.64313,-2.65473],[32.64169,-2.65603],[32.63867,-2.65115],[32.64332,-2.64969],[32.65024,-2.65004],[32.65765,-2.64745]]]},"properties":{"region":"Mwanza","district":"Sengerema","ward":"Ibisabageni","ward_code":"012"}},{"type":"Feature","geometry":{"type":"Polygon","coordinates":[[[32.6985,-2.62925],[32.70338,-2.63091],[32.71402,-2.63023],[32.72298,-2.6339],[32.73729,-2.64198],[32.74056,-2.64266],[32.74603,-2.64989],[32.73968,-2.65413],[32.72815,-2.65629],[32.72193,-2.66123],[32.72347,-2.66967],[32.72152,-2.67759],[32.7222,-2.68242],[32.72605,-2.6901],[32.73265,-2.6984],[32.73772,-2.72045],[32.74547,-2.72791],[32.74116,-2.73797],[32.71699,-2.74834],[32.69548,-2.75139],[32.68537,-2.74547],[32.68226,-2.73824],[32.67605,-2.73508],[32.67304,-2.73185],[32.67313,-2.72554],[32.67445,-2.71967],[32.67429,-2.71082],[32.67234,-2.70171],[32.67072,-2.70288],[32.66867,-2.69856],[32.66581,-2.69523],[32.66622,-2.68826],[32.66514,-2.68615],[32.664,-2.67736],[32.6656,-2.67269],[32.66981,-2.66764],[32.67107,-2.65977],[32.6707,-2.65306],[32.67152,-2.65146],[32.67786,-2.64659],[32.68294,-2.64022],[32.6834,-2.63722],[32.68707,-2.63816],[32.68917,-2.6369],[32.69106,-2.632],[32.6905,-2.62962],[32.69334,-2.62619],[32.6935,-2.62448],[32.69543,-2.62546],[32.6985,-2.62925]]]},"properties":{"region":"Mwanza","district":"Sengerema","ward":"Tabaruka","ward_code":"071"}},{"type":"Feature","geometry":{"type":"Polygon","coordinates":[[[32.85588,-2.72102],[32.85923,-2.72163],[32.87332,-2.72755],[32.87371,-2.72939],[32.87184,-2.73162],[32.87203,-2.73432],[32.87317,-2.73927],[32.87545,-2.74208],[32.87674,-2.75389],[32.87524,-2.7576],[32.86563,-2.76451],[32.86943,-2.76846],[32.8736,-2.77103],[32.87597,-2.77118],[32.87583,-2.77681],[32.87419,-2.77889],[32.86926,-2.78011],[32.86688,-2.78519],[32.86353,-2.78629],[32.86136,-2.78951],[32.85583,-2.78976],[32.85473,-2.79074],[32.85432,-2.79582],[32.84373,-2.79251],[32.83776,-2.78783],[32.82301,-2.78254],[32.81839,-2.782],[32.81431,-2.77947],[32.8099,-2.76945],[32.81658,-2.76681],[32.81451,-2.75792],[32.81011,-2.74866],[32.82969,-2.74597],[32.82751,-2.72993],[32.82464,-2.72322],[32.82565,-2.71653],[32.82454,-2.71297],[32.82637,-2.70843],[32.83115,-2.7124],[32.83887,-2.71304],[32.85028,-2.71745],[32.85588,-2.72102]]]},"properties":{"region":"Mwanza","district":"Sengerema","ward":"Busisi","ward_code":"083"}},{"type":"Feature","geometry":{"type":"Polygon","coordinates":[[[32.5842,-2.68063],[32.59137,-2.68607],[32.6079,-2.68488],[32.62537,-2.69301],[32.61957,-2.70007],[32.61349,-2.72649],[32.61966,-2.72788],[32.63531,-2.73849],[32.63647,-2.74121],[32.63432,-2.76225],[32.62547,-2.7717],[32.62621,-2.77868],[32.62166,-2.7852],[32.61966,-2.78454],[32.61424,-2.78922],[32.60677,-2.78604],[32.6059,-2.78741],[32.60211,-2.78761],[32.60034,-2.79015],[32.59801,-2.79008],[32.59656,-2.79218],[32.59361,-2.79203],[32.57875,-2.80322],[32.57333,-2.79824],[32.5563,-2.80137],[32.54818,-2.79656],[32.54642,-2.79711],[32.53596,-2.79399],[32.51963,-2.79115],[32.50973,-2.78171],[32.50976,-2.77969],[32.51567,-2.76276],[32.51777,-2.75263],[32.51998,-2.74971],[32.51766,-2.73716],[32.51986,-2.72838],[32.5221,-2.72177],[32.52842,-2.71219],[32.53245,-2.70182],[32.53834,-2.69488],[32.54253,-2.69257],[32.55344,-2.69675],[32.564,-2.69213],[32.56956,-2.69275],[32.57383,-2.68832],[32.57632,-2.68296],[32.58035,-2.67983],[32.58173,-2.67643],[32.5842,-2.68063]]]},"properties":{"region":"Mwanza","district":"Sengerema","ward":"Sima","ward_code":"121"}},{"type":"Feature","geometry":{"type":"Polygon","coordinates":[[[32.51927,-2.65903],[32.51645,-2.66304],[32.51677,-2.66636],[32.51511,-2.67233],[32.51646,-2.67791],[32.52068,-2.684],[32.52359,-2.69304],[32.53245,-2.70182],[32.52842,-2.71219],[32.5221,-2.72177],[32.51986,-2.72838],[32.51766,-2.73716],[32.51998,-2.74971],[32.51777,-2.75263],[32.51567,-2.76276],[32.50973,-2.78171],[32.49787,-2.77776],[32.48607,-2.77621],[32.47465,-2.77585],[32.4647,-2.77834],[32.46093,-2.77742],[32.4539,-2.77824],[32.44434,-2.77378],[32.43129,-2.77095],[32.42798,-2.76624],[32.42715,-2.76056],[32.42308,-2.75712],[32.42095,-2.75107],[32.41769,-2.74653],[32.4104,-2.73886],[32.40526,-2.73691],[32.40657,-2.73211],[32.40874,-2.72978],[32.40776,-2.71689],[32.41938,-2.70075],[32.41851,-2.69672],[32.4188,-2.68949],[32.42048,-2.6838],[32.42262,-2.68202],[32.43504,-2.67778],[32.44046,-2.67847],[32.4471,-2.67535],[32.45322,-2.66711],[32.45616,-2.66459],[32.46071,-2.66446],[32.46844,-2.66183],[32.48252,-2.65964],[32.49166,-2.66048],[32.50127,-2.65897],[32.50687,-2.66218],[32.50991,-2.66259],[32.51921,-2.65786],[32.51927,-2.65903]]]},"properties":{"region":"Mwanza","district":"Sengerema","ward":"Buzilasoga","ward_code":"131"}},{"type":"Feature","geometry":{"type":"Polygon","coordinates":[[[32.55611,-2.59739],[32.56322,-2.59905],[32.57213,-2.59791],[32.57767,-2.60574],[32.58755,-2.61188],[32.59633,-2.62264],[32.60472,-2.6286],[32.5992,-2.6403],[32.60056,-2.64714],[32.59789,-2.65498],[32.58806,-2.66844],[32.58261,-2.67386],[32.58035,-2.67983],[32.57632,-2.68296],[32.57383,-2.68832],[32.56956,-2.69275],[32.564,-2.69213],[32.55344,-2.69675],[32.54253,-2.69257],[32.53834,-2.69488],[32.53245,-2.70182],[32.52359,-2.69304],[32.52068,-2.684],[32.51646,-2.67791],[32.51511,-2.67233],[32.51677,-2.66636],[32.51645,-2.66304],[32.51927,-2.65903],[32.52092,-2.64302],[32.51501,-2.62997],[32.51237,-2.62771],[32.52441,-2.62336],[32.53175,-2.61833],[32.53717,-2.61344],[32.54964,-2.60543],[32.55611,-2.59739]]]},"properties":{"region":"Mwanza","district":"Sengerema","ward":"Igulumuki","ward_code":"141"}},{"type":"Feature","geometry":{"type":"Polygon","coordinates":[[[32.81239,-2.6775],[32.81428,-2.67768],[32.81567,-2.67672],[32.81873,-2.66486],[32.8239,-2.66071],[32.82917,-2.66051],[32.83156,-2.66348],[32.83538,-2.66594],[32.83697,-2.67141],[32.83833,-2.67154],[32.84086,-2.67473],[32.84403,-2.67507],[32.84497,-2.67641],[32.84432,-2.67949],[32.84205,-2.68115],[32.83354,-2.67757],[32.83103,-2.68015],[32.83135,-2.68264],[32.8301,-2.68307],[32.82641,-2.6793],[32.82429,-2.67956],[32.82303,-2.68343],[32.81859,-2.68617],[32.81959,-2.68974],[32.82169,-2.69257],[32.82084,-2.69335],[32.81767,-2.69332],[32.81624,-2.69846],[32.81734,-2.70034],[32.81702,-2.70224],[32.82115,-2.70604],[32.82637,-2.70843],[32.82454,-2.71297],[32.82565,-2.71653],[32.82464,-2.72322],[32.82751,-2.72993],[32.82969,-2.74597],[32.81011,-2.74866],[32.78381,-2.74663],[32.78609,-2.72405],[32.78302,-2.72021],[32.78282,-2.71507],[32.7855,-2.71215],[32.78596,-2.70417],[32.7903,-2.70126],[32.78935,-2.69364],[32.77651,-2.68921],[32.77283,-2.68213],[32.77357,-2.67892],[32.77304,-2.67458],[32.77536,-2.66681],[32.77585,-2.65759],[32.75332,-2.64916],[32.75579,-2.64574],[32.75826,-2.63265],[32.76285,-2.62646],[32.78291,-2.62234],[32.79083,-2.62202],[32.79605,-2.62621],[32.80362,-2.63041],[32.81079,-2.63937],[32.8132,-2.64871],[32.81126,-2.66069],[32.8075,-2.66212],[32.80747,-2.66716],[32.81034,-2.67154],[32.81079,-2.67525],[32.81239,-2.6775]]]},"properties":{"region":"Mwanza","district":"Sengerema","ward":"Kahumulo","ward_code":"181"}},{"type":"Feature","geometry":{"type":"Polygon","coordinates":[[[32.75106,-2.64851],[32.77585,-2.65759],[32.77536,-2.66681],[32.77304,-2.67458],[32.77357,-2.67892],[32.77283,-2.68213],[32.77651,-2.68921],[32.78935,-2.69364],[32.7903,-2.70126],[32.78596,-2.70417],[32.7855,-2.71215],[32.78282,-2.71507],[32.78302,-2.72021],[32.78609,-2.72405],[32.78493,-2.73521],[32.77858,-2.73529],[32.7707,-2.74359],[32.7666,-2.75229],[32.76248,-2.75078],[32.75643,-2.74587],[32.74116,-2.73797],[32.74547,-2.72791],[32.73772,-2.72045],[32.73265,-2.6984],[32.72605,-2.6901],[32.7222,-2.68242],[32.72152,-2.67759],[32.72347,-2.66967],[32.72193,-2.66123],[32.72815,-2.65629],[32.73968,-2.65413],[32.74425,-2.65069],[32.75106,-2.64851]]]},"properties":{"region":"Mwanza","district":"Sengerema","ward":"Nyampande","ward_code":"201"}},{"type":"Feature","geometry":{"type":"Polygon","coordinates":[[[32.68537,-2.74547],[32.69548,-2.75139],[32.71699,-2.74834],[32.74116,-2.73797],[32.75643,-2.74587],[32.76248,-2.75078],[32.76006,-2.75577],[32.7468,-2.75806],[32.74421,-2.76235],[32.74422,-2.77569],[32.74929,-2.78675],[32.74799,-2.79577],[32.73532,-2.80095],[32.72712,-2.80215],[32.71808,-2.8069],[32.71007,-2.81536],[32.69321,-2.83791],[32.69251,-2.83594],[32.69128,-2.83719],[32.69048,-2.83558],[32.68393,-2.83522],[32.68036,-2.82114],[32.68202,-2.821],[32.68243,-2.8187],[32.679,-2.8135],[32.67888,-2.81126],[32.68111,-2.80977],[32.6775,-2.80569],[32.67828,-2.80235],[32.67645,-2.7974],[32.66953,-2.79616],[32.65183,-2.79553],[32.64377,-2.78163],[32.62621,-2.77868],[32.62547,-2.7717],[32.63432,-2.76225],[32.63647,-2.74121],[32.63531,-2.73849],[32.62837,-2.73362],[32.63529,-2.72555],[32.63546,-2.72304],[32.63701,-2.72283],[32.64266,-2.71535],[32.64799,-2.71508],[32.66251,-2.71929],[32.67605,-2.73508],[32.68226,-2.73824],[32.68537,-2.74547]]]},"properties":{"region":"Mwanza","district":"Sengerema","ward":"Kishinda","ward_code":"211"}},{"type":"Feature","geometry":{"type":"Polygon","coordinates":[[[32.65067,-2.65783],[32.66981,-2.66764],[32.6656,-2.67269],[32.664,-2.67736],[32.66514,-2.68615],[32.66622,-2.68826],[32.66581,-2.69523],[32.66867,-2.69856],[32.67072,-2.70288],[32.67234,-2.70171],[32.67429,-2.71082],[32.67445,-2.71967],[32.67313,-2.72554],[32.67304,-2.73185],[32.66251,-2.71929],[32.64799,-2.71508],[32.64266,-2.71535],[32.63701,-2.72283],[32.63546,-2.72304],[32.63529,-2.72555],[32.62837,-2.73362],[32.61966,-2.72788],[32.61349,-2.72649],[32.61957,-2.70007],[32.62537,-2.69301],[32.6231,-2.6916],[32.62174,-2.68928],[32.63175,-2.67031],[32.63356,-2.67006],[32.63521,-2.66795],[32.63626,-2.66362],[32.63824,-2.66367],[32.63836,-2.65954],[32.64222,-2.65933],[32.64464,-2.65678],[32.64572,-2.65776],[32.65067,-2.65783]]]},"properties":{"region":"Mwanza","district":"Sengerema","ward":"Mwabaluhi","ward_code":"222"}},{"type":"Feature","geometry":{"type":"Polygon","coordinates":[[[32.605,-2.6288],[32.61309,-2.63723],[32.61893,-2.63564],[32.62093,-2.63673],[32.62301,-2.63632],[32.62479,-2.63824],[32.62398,-2.64132],[32.62194,-2.63976],[32.62074,-2.64157],[32.62363,-2.64377],[32.62452,-2.64214],[32.62689,-2.64234],[32.63245,-2.6452],[32.63838,-2.65065],[32.64169,-2.65603],[32.64313,-2.65473],[32.64464,-2.65678],[32.64222,-2.65933],[32.63836,-2.65954],[32.63824,-2.66367],[32.63626,-2.66362],[32.63521,-2.66795],[32.63356,-2.67006],[32.63175,-2.67031],[32.62382,-2.68452],[32.62174,-2.68928],[32.6231,-2.6916],[32.6079,-2.68488],[32.59137,-2.68607],[32.5842,-2.68063],[32.58173,-2.67643],[32.58261,-2.67386],[32.58806,-2.66844],[32.59789,-2.65498],[32.60056,-2.64714],[32.5992,-2.6403],[32.605,-2.6288]]]},"properties":{"region":"Mwanza","district":"Sengerema","ward":"Nyatukala","ward_code":"232"}},{"type":"Feature","geometry":{"type":"Polygon","coordinates":[[[32.62234,-2.62797],[32.627,-2.62875],[32.62663,-2.63045],[32.62868,-2.63058],[32.63367,-2.64047],[32.64267,-2.63822],[32.65093,-2.64027],[32.65259,-2.64125],[32.65174,-2.64196],[32.6527,-2.64433],[32.6566,-2.64515],[32.65604,-2.64864],[32.65024,-2.65004],[32.64332,-2.64969],[32.63867,-2.65115],[32.62968,-2.64348],[32.62452,-2.64214],[32.62363,-2.64377],[32.62074,-2.64157],[32.62194,-2.63976],[32.62398,-2.64132],[32.6247,-2.6379],[32.62301,-2.63632],[32.62093,-2.63673],[32.61893,-2.63564],[32.62191,-2.63052],[32.62234,-2.62797]]]},"properties":{"region":"Mwanza","district":"Sengerema","ward":"Nyampulukano","ward_code":"242"}},{"type":"Feature","geometry":{"type":"Polygon","coordinates":[[[32.65825,-2.6259],[32.66029,-2.62604],[32.6661,-2.62314],[32.67362,-2.62459],[32.67165,-2.63134],[32.6618,-2.64075],[32.66726,-2.64139],[32.68294,-2.64022],[32.67786,-2.64659],[32.67152,-2.65146],[32.66473,-2.64918],[32.66438,-2.6503],[32.66094,-2.64791],[32.65725,-2.64728],[32.65629,-2.6479],[32.6566,-2.64515],[32.6527,-2.64433],[32.65174,-2.64196],[32.65259,-2.64125],[32.65093,-2.64027],[32.64267,-2.63822],[32.63367,-2.64047],[32.62868,-2.63058],[32.62663,-2.63045],[32.627,-2.62875],[32.62234,-2.62797],[32.62496,-2.61884],[32.63129,-2.61174],[32.633,-2.60479],[32.63472,-2.60282],[32.63706,-2.60259],[32.64808,-2.60802],[32.64962,-2.61506],[32.65578,-2.62166],[32.65825,-2.6259]]]},"properties":{"region":"Mwanza","district":"Sengerema","ward":"Mission","ward_code":"252"}},{"type":"Feature","geometry":{"type":"Polygon","coordinates":[[[32.69876,-2.61365],[32.69334,-2.62619],[32.6905,-2.62962],[32.69106,-2.632],[32.69031,-2.6346],[32.68917,-2.6369],[32.68707,-2.63816],[32.6834,-2.63722],[32.68294,-2.64022],[32.66726,-2.64139],[32.6618,-2.64075],[32.67165,-2.63134],[32.67362,-2.62459],[32.6661,-2.62314],[32.66029,-2.62604],[32.65825,-2.6259],[32.65578,-2.62166],[32.64962,-2.61506],[32.64808,-2.60802],[32.63706,-2.60259],[32.65388,-2.58921],[32.66424,-2.58646],[32.67515,-2.58758],[32.69944,-2.59684],[32.70123,-2.60585],[32.69876,-2.61365]]]},"properties":{"region":"Mwanza","district":"Sengerema","ward":"Ibondo","ward_code":"262"}},{"type":"Feature","geometry":{"type":"Polygon","coordinates":[[[32.57831,-2.51642],[32.58454,-2.52126],[32.58633,-2.52074],[32.58984,-2.52225],[32.5956,-2.52565],[32.59473,-2.53526],[32.59739,-2.53809],[32.59852,-2.54486],[32.6021,-2.55516],[32.60356,-2.56492],[32.59979,-2.57121],[32.59703,-2.57362],[32.59475,-2.57813],[32.58994,-2.58039],[32.58526,-2.58047],[32.5741,-2.58939],[32.57213,-2.59791],[32.56322,-2.59905],[32.55611,-2.59739],[32.54164,-2.58844],[32.53249,-2.56902],[32.52327,-2.55988],[32.53001,-2.56061],[32.53391,-2.5537],[32.53648,-2.55227],[32.54459,-2.54238],[32.54945,-2.53955],[32.55307,-2.53532],[32.55378,-2.53239],[32.55744,-2.52869],[32.56194,-2.52092],[32.57564,-2.51979],[32.57831,-2.51642]]]},"properties":{"region":"Mwanza","district":"Sengerema","ward":"Nyamazugo","ward_code":"021"}},{"type":"Feature","geometry":{"type":"MultiPolygon","coordinates":[[[[32.70395,-2.42843],[32.70709,-2.43235],[32.7122,-2.43144],[32.71622,-2.43318],[32.71893,-2.43689],[32.72039,-2.44141],[32.71825,-2.44352],[32.71813,-2.44499],[32.70664,-2.43785],[32.70552,-2.43438],[32.69771,-2.43106],[32.69628,-2.42865],[32.69706,-2.42365],[32.69643,-2.42155],[32.69834,-2.42128],[32.69834,-2.42463],[32.70395,-2.42843]]],[[[32.7015,-2.3707],[32.69966,-2.36905],[32.70046,-2.36578],[32.70256,-2.36717],[32.7015,-2.3707]]],[[[32.66963,-2.36801],[32.66862,-2.38538],[32.67174,-2.39582],[32.67023,-2.39657],[32.66819,-2.39348],[32.66491,-2.39227],[32.6638,-2.39322],[32.66171,-2.39288],[32.6605,-2.39415],[32.66094,-2.39581],[32.65974,-2.39769],[32.65951,-2.40114],[32.66104,-2.41042],[32.66384,-2.41524],[32.66751,-2.41694],[32.67226,-2.41244],[32.67414,-2.41191],[32.67623,-2.41441],[32.67629,-2.41679],[32.67199,-2.42436],[32.67177,-2.42704],[32.67547,-2.43258],[32.6794,-2.43496],[32.68553,-2.43613],[32.68894,-2.43892],[32.69654,-2.43803],[32.69843,-2.4369],[32.69779,-2.44365],[32.6991,-2.45272],[32.69789,-2.46027],[32.70005,-2.46496],[32.70539,-2.46707],[32.70684,-2.46822],[32.70695,-2.46996],[32.7054,-2.47131],[32.697,-2.47247],[32.69413,-2.48121],[32.69201,-2.48305],[32.68963,-2.48295],[32.68248,-2.48658],[32.67809,-2.48519],[32.67202,-2.48675],[32.67287,-2.48908],[32.67199,-2.49092],[32.67558,-2.49299],[32.6651,-2.48999],[32.64931,-2.49046],[32.63584,-2.47086],[32.62951,-2.46492],[32.63222,-2.46334],[32.63347,-2.46094],[32.64008,-2.44274],[32.63922,-2.42807],[32.6415,-2.42592],[32.64047,-2.42281],[32.64176,-2.41728],[32.64531,-2.41325],[32.64577,-2.4109],[32.64222,-2.40114],[32.65239,-2.39527],[32.65353,-2.39319],[32.65428,-2.38256],[32.65692,-2.37733],[32.6585,-2.37782],[32.66158,-2.37663],[32.66118,-2.37545],[32.66445,-2.36933],[32.66439,-2.36753],[32.66802,-2.36334],[32.66963,-2.36801]]],[[[32.64742,-2.35953],[32.65524,-2.361],[32.65639,-2.36284],[32.6532,-2.36873],[32.65402,-2.37121],[32.64605,-2.36552],[32.6453,-2.36312],[32.64742,-2.35953]]],[[[32.69689,-2.33348],[32.70045,-2.33721],[32.70062,-2.33501],[32.70153,-2.33514],[32.70302,-2.33939],[32.7104,-2.34477],[32.70998,-2.34745],[32.70683,-2.3483],[32.70009,-2.3441],[32.69636,-2.33717],[32.69689,-2.33348]]],[[[32.68467,-2.31485],[32.68538,-2.31765],[32.68213,-2.31701],[32.68234,-2.31462],[32.68467,-2.31485]]]]},"properties":{"region":"Mwanza","district":"Sengerema","ward":"Chifunfu","ward_code":"031"}},{"type":"Feature","geometry":{"type":"MultiPolygon","coordinates":[[[[32.67558,-2.49299],[32.67973,-2.49929],[32.6821,-2.49923],[32.6851,-2.5036],[32.69041,-2.50374],[32.69552,-2.5095],[32.70066,-2.50966],[32.70306,-2.50566],[32.70737,-2.50196],[32.71568,-2.49735],[32.7184,-2.50111],[32.73135,-2.50176],[32.73455,-2.49751],[32.73567,-2.49381],[32.73757,-2.49368],[32.73893,-2.49503],[32.74316,-2.49357],[32.74474,-2.49527],[32.74486,-2.49722],[32.74141,-2.50018],[32.74099,-2.50232],[32.74481,-2.50664],[32.75158,-2.51157],[32.74946,-2.5157],[32.74518,-2.51539],[32.74295,-2.51872],[32.74381,-2.52339],[32.74661,-2.52565],[32.74627,-2.53094],[32.74915,-2.53348],[32.75371,-2.53497],[32.75564,-2.53408],[32.75956,-2.52846],[32.76234,-2.53177],[32.76259,-2.53425],[32.76632,-2.53825],[32.76642,-2.55372],[32.76427,-2.55812],[32.75291,-2.55628],[32.74645,-2.55349],[32.74053,-2.54697],[32.7268,-2.54336],[32.71768,-2.53859],[32.71644,-2.5362],[32.71166,-2.5393],[32.70977,-2.53911],[32.71159,-2.54829],[32.71382,-2.55378],[32.71411,-2.55617],[32.71275,-2.55879],[32.69826,-2.56443],[32.69399,-2.55638],[32.68721,-2.54963],[32.67278,-2.54467],[32.6687,-2.54202],[32.66311,-2.54127],[32.65877,-2.53936],[32.65977,-2.53047],[32.65887,-2.51763],[32.66066,-2.50508],[32.65732,-2.5053],[32.64931,-2.49046],[32.6651,-2.48999],[32.67558,-2.49299]]],[[[32.73217,-2.44987],[32.73015,-2.45248],[32.72898,-2.45191],[32.72763,-2.44709],[32.72936,-2.44372],[32.73178,-2.44608],[32.73217,-2.44987]]],[[[32.75612,-2.42779],[32.75872,-2.43089],[32.76417,-2.43007],[32.76629,-2.43293],[32.76764,-2.43256],[32.76871,-2.43505],[32.77169,-2.43534],[32.77283,-2.43641],[32.76967,-2.43917],[32.76765,-2.43835],[32.76227,-2.43961],[32.76318,-2.44278],[32.76194,-2.44519],[32.7623,-2.4484],[32.7596,-2.45045],[32.75685,-2.4492],[32.75128,-2.44333],[32.74678,-2.44346],[32.7376,-2.43962],[32.73779,-2.4379],[32.74018,-2.43537],[32.73974,-2.43152],[32.74131,-2.43001],[32.74344,-2.4298],[32.74389,-2.42731],[32.74694,-2.4238],[32.74998,-2.42371],[32.75287,-2.42528],[32.75549,-2.4254],[32.75612,-2.42779]]],[[[32.72905,-2.42535],[32.72728,-2.42466],[32.72723,-2.42272],[32.7283,-2.42263],[32.72905,-2.42535]]]]},"properties":{"region":"Mwanza","district":"Sengerema","ward":"Katunguru","ward_code":"043"}},{"type":"Feature","geometry":{"type":"Polygon","coordinates":[[[32.71768,-2.53859],[32.7268,-2.54336],[32.74053,-2.54697],[32.74645,-2.55349],[32.75291,-2.55628],[32.76427,-2.55812],[32.76292,-2.56155],[32.76154,-2.57306],[32.7619,-2.57757],[32.76968,-2.59998],[32.76498,-2.60444],[32.766,-2.61755],[32.76898,-2.62573],[32.76285,-2.62646],[32.75826,-2.63265],[32.75579,-2.64574],[32.75332,-2.64916],[32.75106,-2.64851],[32.74603,-2.64989],[32.74056,-2.64266],[32.73729,-2.64198],[32.72298,-2.6339],[32.71402,-2.63023],[32.70338,-2.63091],[32.6985,-2.62925],[32.69543,-2.62546],[32.6935,-2.62448],[32.69719,-2.61755],[32.70123,-2.60585],[32.69944,-2.59684],[32.67515,-2.58758],[32.66424,-2.58646],[32.65388,-2.58921],[32.63709,-2.60257],[32.63559,-2.60184],[32.63613,-2.59482],[32.64853,-2.57457],[32.65721,-2.56438],[32.65008,-2.55748],[32.65702,-2.54792],[32.65877,-2.53936],[32.66311,-2.54127],[32.6687,-2.54202],[32.67278,-2.54467],[32.68721,-2.54963],[32.69399,-2.55638],[32.69826,-2.56443],[32.71275,-2.55879],[32.71411,-2.55617],[32.71382,-2.55378],[32.71159,-2.54829],[32.70977,-2.53911],[32.71166,-2.5393],[32.71644,-2.5362],[32.71768,-2.53859]]]},"properties":{"region":"Mwanza","district":"Sengerema","ward":"Kasungamile","ward_code":"051"}},{"type":"Feature","geometry":{"type":"Polygon","coordinates":[[[32.81799,-2.48178],[32.8199,-2.48338],[32.81985,-2.48453],[32.82056,-2.48424],[32.81969,-2.4854],[32.81878,-2.48517],[32.81852,-2.48681],[32.8206,-2.49004],[32.8263,-2.48834],[32.82971,-2.49045],[32.83157,-2.49028],[32.83192,-2.49203],[32.8343,-2.49156],[32.83344,-2.49362],[32.82844,-2.49719],[32.82667,-2.49968],[32.82269,-2.50143],[32.81648,-2.50686],[32.81856,-2.50941],[32.821,-2.51045],[32.82392,-2.51034],[32.82704,-2.51276],[32.83171,-2.51121],[32.83177,-2.50921],[32.83294,-2.50892],[32.83395,-2.51035],[32.83674,-2.50876],[32.83697,-2.51073],[32.8341,-2.51441],[32.83487,-2.51709],[32.83765,-2.51928],[32.83723,-2.52167],[32.83476,-2.52212],[32.83458,-2.52474],[32.83783,-2.53065],[32.83887,-2.53513],[32.84103,-2.53694],[32.8399,-2.54146],[32.83817,-2.54266],[32.83503,-2.53808],[32.83069,-2.5388],[32.8266,-2.53668],[32.8243,-2.53371],[32.82032,-2.53172],[32.81912,-2.5347],[32.81248,-2.53642],[32.80611,-2.54043],[32.80188,-2.53883],[32.79584,-2.54054],[32.79195,-2.53961],[32.7839,-2.54061],[32.7666,-2.54816],[32.76632,-2.53825],[32.76259,-2.53425],[32.76234,-2.53177],[32.75958,-2.52748],[32.76458,-2.52288],[32.76622,-2.51437],[32.77183,-2.5135],[32.77314,-2.51201],[32.77369,-2.50682],[32.77256,-2.50404],[32.77276,-2.50131],[32.77951,-2.50214],[32.78225,-2.49901],[32.78066,-2.49658],[32.77914,-2.4902],[32.78516,-2.49045],[32.78778,-2.49255],[32.78761,-2.49333],[32.78876,-2.49308],[32.79056,-2.49679],[32.79596,-2.50115],[32.79655,-2.50659],[32.80142,-2.51002],[32.80511,-2.50839],[32.80522,-2.50442],[32.80131,-2.49904],[32.80348,-2.49394],[32.79957,-2.49008],[32.79741,-2.48943],[32.79737,-2.48853],[32.79915,-2.48927],[32.80337,-2.48794],[32.80338,-2.48925],[32.80485,-2.49033],[32.80731,-2.49021],[32.80786,-2.48869],[32.81141,-2.48754],[32.81311,-2.4839],[32.81568,-2.48395],[32.81509,-2.48318],[32.81585,-2.48169],[32.81711,-2.48264],[32.81799,-2.48178]]]},"properties":{"region":"Mwanza","district":"Sengerema","ward":"Nyamatongo","ward_code":"061"}},{"type":"Feature","geometry":{"type":"Polygon","coordinates":[[[32.65721,-2.56438],[32.64853,-2.57457],[32.63613,-2.59482],[32.63559,-2.60184],[32.63709,-2.60257],[32.63472,-2.60282],[32.633,-2.60479],[32.63129,-2.61174],[32.62496,-2.61884],[32.62191,-2.63052],[32.61893,-2.63564],[32.61309,-2.63723],[32.605,-2.6288],[32.59633,-2.62264],[32.58755,-2.61188],[32.57767,-2.60574],[32.57213,-2.59791],[32.5741,-2.58939],[32.58526,-2.58047],[32.58994,-2.58039],[32.59475,-2.57813],[32.59703,-2.57362],[32.60243,-2.56743],[32.61819,-2.5673],[32.62009,-2.57127],[32.64356,-2.5647],[32.64937,-2.56519],[32.65721,-2.56438]]]},"properties":{"region":"Mwanza","district":"Sengerema","ward":"Nyamizeze","ward_code":"151"}},{"type":"Feature","geometry":{"type":"Polygon","coordinates":[[[32.65732,-2.5053],[32.66066,-2.50508],[32.65887,-2.51763],[32.65977,-2.53047],[32.65877,-2.53936],[32.65702,-2.54792],[32.65008,-2.55748],[32.65721,-2.56438],[32.64937,-2.56519],[32.64356,-2.5647],[32.62009,-2.57127],[32.61819,-2.5673],[32.60243,-2.56743],[32.60356,-2.56492],[32.6021,-2.55516],[32.59852,-2.54486],[32.59739,-2.53809],[32.59473,-2.53526],[32.5956,-2.52565],[32.58633,-2.52074],[32.58454,-2.52126],[32.57831,-2.51642],[32.57988,-2.50991],[32.5809,-2.50901],[32.59051,-2.50831],[32.59447,-2.50475],[32.60087,-2.50177],[32.60176,-2.48987],[32.60416,-2.4863],[32.60838,-2.47495],[32.61329,-2.46842],[32.61729,-2.46632],[32.62951,-2.46492],[32.63584,-2.47086],[32.64923,-2.49031],[32.65732,-2.5053]]]},"properties":{"region":"Mwanza","district":"Sengerema","ward":"Kasenyi","ward_code":"161"}},{"type":"Feature","geometry":{"type":"MultiPolygon","coordinates":[[[[32.82881,-2.55006],[32.8269,-2.54976],[32.82488,-2.54792],[32.82839,-2.54834],[32.82934,-2.54917],[32.82881,-2.55006]]],[[[32.80581,-2.54032],[32.80909,-2.53899],[32.81523,-2.54101],[32.81698,-2.54452],[32.81394,-2.54768],[32.81338,-2.55022],[32.82139,-2.55457],[32.82315,-2.56141],[32.82705,-2.56164],[32.82965,-2.55501],[32.83333,-2.5533],[32.83865,-2.55905],[32.84227,-2.5593],[32.84465,-2.56235],[32.84091,-2.56414],[32.83726,-2.5675],[32.83672,-2.57148],[32.84043,-2.57595],[32.84238,-2.57544],[32.84278,-2.58204],[32.84569,-2.58409],[32.84614,-2.58742],[32.84196,-2.5871],[32.83701,-2.57908],[32.83412,-2.58104],[32.83245,-2.58463],[32.8335,-2.58938],[32.83952,-2.59675],[32.84014,-2.60045],[32.83924,-2.60349],[32.8406,-2.60766],[32.83686,-2.60783],[32.83494,-2.60975],[32.83358,-2.60975],[32.83234,-2.60622],[32.82962,-2.60266],[32.82221,-2.60275],[32.81907,-2.60588],[32.81876,-2.60746],[32.82325,-2.61377],[32.82797,-2.61369],[32.82983,-2.61785],[32.83029,-2.62509],[32.82945,-2.63163],[32.82477,-2.63578],[32.81826,-2.63522],[32.80624,-2.62764],[32.80362,-2.63041],[32.79605,-2.62621],[32.79083,-2.62202],[32.78291,-2.62234],[32.76898,-2.62573],[32.766,-2.61755],[32.76498,-2.60444],[32.76968,-2.59998],[32.7619,-2.57757],[32.76154,-2.57306],[32.76292,-2.56155],[32.76642,-2.55372],[32.7666,-2.54816],[32.7839,-2.54061],[32.79195,-2.53961],[32.79584,-2.54054],[32.80188,-2.53883],[32.80581,-2.54032]]]]},"properties":{"region":"Mwanza","district":"Sengerema","ward":"Ngoma","ward_code":"171"}},{"type":"Feature","geometry":{"type":"Polygon","coordinates":[[[32.8615,-2.81103],[32.85992,-2.82239],[32.85728,-2.82406],[32.8551,-2.82842],[32.85074,-2.83051],[32.84321,-2.82959],[32.8393,-2.82733],[32.83597,-2.82766],[32.83128,-2.83369],[32.83239,-2.83797],[32.82839,-2.84372],[32.80648,-2.85125],[32.80392,-2.85066],[32.79967,-2.85296],[32.79694,-2.85357],[32.78615,-2.85228],[32.77327,-2.8563],[32.76384,-2.86709],[32.75049,-2.86902],[32.74971,-2.87222],[32.7457,-2.8734],[32.72075,-2.86697],[32.71105,-2.86051],[32.70173,-2.8472],[32.70164,-2.84387],[32.69967,-2.84105],[32.69398,-2.8378],[32.71007,-2.81536],[32.71808,-2.8069],[32.72712,-2.80215],[32.73532,-2.80095],[32.75121,-2.79444],[32.75643,-2.79405],[32.76614,-2.79563],[32.76554,-2.80015],[32.76311,-2.80126],[32.76152,-2.8062],[32.75904,-2.80764],[32.76085,-2.81646],[32.76786,-2.81936],[32.77637,-2.81966],[32.78181,-2.81687],[32.78673,-2.81792],[32.79145,-2.81715],[32.79332,-2.81882],[32.80117,-2.82165],[32.80916,-2.82049],[32.81182,-2.80403],[32.81548,-2.79276],[32.81981,-2.78533],[32.82301,-2.78254],[32.83776,-2.78783],[32.84373,-2.79251],[32.85432,-2.79582],[32.85399,-2.79845],[32.86018,-2.80539],[32.8615,-2.81103]]]},"properties":{"region":"Mwanza","district":"Sengerema","ward":"Buyagu","ward_code":"091"}},{"type":"Feature","geometry":{"type":"Polygon","coordinates":[[[32.74599,-2.87622],[32.74822,-2.87762],[32.75193,-2.87637],[32.75627,-2.87899],[32.76634,-2.874],[32.77136,-2.87537],[32.77064,-2.86618],[32.77729,-2.86052],[32.80184,-2.87067],[32.80395,-2.88219],[32.78625,-2.89076],[32.78536,-2.89343],[32.78833,-2.89773],[32.78773,-2.90026],[32.79204,-2.90322],[32.7962,-2.90337],[32.80556,-2.90856],[32.80885,-2.91223],[32.80674,-2.91487],[32.79185,-2.92601],[32.78447,-2.92577],[32.77199,-2.93097],[32.77125,-2.94031],[32.76976,-2.9413],[32.77078,-2.94235],[32.77228,-2.95314],[32.77779,-2.9582],[32.77968,-2.9673],[32.77361,-2.97414],[32.77152,-2.98598],[32.73037,-3.01173],[32.7108,-3.00694],[32.69877,-2.99723],[32.68493,-2.9921],[32.67012,-2.98143],[32.66762,-2.97706],[32.66006,-2.97399],[32.64882,-2.9611],[32.65021,-2.95712],[32.64934,-2.94899],[32.65276,-2.93928],[32.64948,-2.911],[32.64548,-2.90712],[32.62963,-2.8992],[32.6329,-2.88839],[32.64365,-2.88472],[32.64627,-2.88713],[32.65036,-2.88766],[32.66358,-2.88025],[32.66631,-2.87434],[32.67408,-2.86221],[32.69148,-2.84984],[32.70173,-2.8472],[32.71105,-2.86051],[32.72075,-2.86697],[32.7457,-2.8734],[32.74599,-2.87622]]]},"properties":{"region":"Mwanza","district":"Sengerema","ward":"Igalula","ward_code":"101"}},{"type":"Feature","geometry":{"type":"Polygon","coordinates":[[[32.64377,-2.78163],[32.65183,-2.79553],[32.66953,-2.79616],[32.67645,-2.7974],[32.67828,-2.80235],[32.6775,-2.80569],[32.68111,-2.80977],[32.67888,-2.81126],[32.679,-2.8135],[32.68243,-2.8187],[32.68202,-2.821],[32.68036,-2.82114],[32.68393,-2.83522],[32.69048,-2.83558],[32.69128,-2.83719],[32.69251,-2.83594],[32.69251,-2.83775],[32.69447,-2.83793],[32.69967,-2.84105],[32.70164,-2.84387],[32.70173,-2.8472],[32.69148,-2.84984],[32.67408,-2.86221],[32.66631,-2.87434],[32.66358,-2.88025],[32.65036,-2.88766],[32.64627,-2.88713],[32.64365,-2.88472],[32.6329,-2.88839],[32.62963,-2.8992],[32.64548,-2.90712],[32.64948,-2.911],[32.65276,-2.93928],[32.64934,-2.94899],[32.65021,-2.95712],[32.64882,-2.9611],[32.62712,-2.95375],[32.61774,-2.93882],[32.60671,-2.93629],[32.58959,-2.93481],[32.58574,-2.93398],[32.58524,-2.93272],[32.58215,-2.93132],[32.57935,-2.93364],[32.5792,-2.92626],[32.58246,-2.89895],[32.57407,-2.85757],[32.56242,-2.8482],[32.55754,-2.84746],[32.54223,-2.82447],[32.54448,-2.81165],[32.5563,-2.80137],[32.57333,-2.79824],[32.57875,-2.80322],[32.59361,-2.79203],[32.59656,-2.79218],[32.59801,-2.79008],[32.60034,-2.79015],[32.60211,-2.78761],[32.6059,-2.78741],[32.60677,-2.78604],[32.61424,-2.78922],[32.61966,-2.78454],[32.62166,-2.7852],[32.62621,-2.77868],[32.64377,-2.78163]]]},"properties":{"region":"Mwanza","district":"Sengerema","ward":"Kagunga","ward_code":"111"}},{"type":"Feature","geometry":{"type":"Polygon","coordinates":[[[32.81011,-2.74866],[32.81451,-2.75792],[32.81658,-2.76681],[32.8099,-2.76945],[32.81431,-2.77947],[32.81839,-2.782],[32.82301,-2.78254],[32.81981,-2.78533],[32.81548,-2.79276],[32.81182,-2.80403],[32.80916,-2.82049],[32.80117,-2.82165],[32.79332,-2.81882],[32.79145,-2.81715],[32.78673,-2.81792],[32.78181,-2.81687],[32.77637,-2.81966],[32.76786,-2.81936],[32.76085,-2.81646],[32.75904,-2.80764],[32.76152,-2.8062],[32.76311,-2.80126],[32.76554,-2.80015],[32.76614,-2.79563],[32.75643,-2.79405],[32.75121,-2.79444],[32.74799,-2.79577],[32.74929,-2.78675],[32.74422,-2.77569],[32.74421,-2.76235],[32.7468,-2.75806],[32.76006,-2.75577],[32.76248,-2.75078],[32.7666,-2.75229],[32.7707,-2.74359],[32.77858,-2.73529],[32.78493,-2.73521],[32.78381,-2.74663],[32.81011,-2.74866]]]},"properties":{"region":"Mwanza","district":"Sengerema","ward":"Bitoto","ward_code":"191"}},{"type":"Feature","geometry":{"type":"Polygon","coordinates":[[[32.10609,-2.37796],[32.10899,-2.37747],[32.11291,-2.37884],[32.11239,-2.37991],[32.11334,-2.38399],[32.1262,-2.38961],[32.12679,-2.39148],[32.12952,-2.3927],[32.12873,-2.39409],[32.12887,-2.40084],[32.12743,-2.40396],[32.12461,-2.4063],[32.12388,-2.41196],[32.12121,-2.41637],[32.12163,-2.4183],[32.12249,-2.41985],[32.12646,-2.42096],[32.13046,-2.41948],[32.1326,-2.42267],[32.13297,-2.42532],[32.1337,-2.42533],[32.13429,-2.43037],[32.13685,-2.43302],[32.13657,-2.43411],[32.13985,-2.43627],[32.14394,-2.44162],[32.14467,-2.44445],[32.14387,-2.44611],[32.14624,-2.45196],[32.14575,-2.46595],[32.1353,-2.46626],[32.12927,-2.46538],[32.12468,-2.47223],[32.12244,-2.48077],[32.12015,-2.4817],[32.11663,-2.4767],[32.11466,-2.47532],[32.11538,-2.47388],[32.11455,-2.47316],[32.10862,-2.47244],[32.10693,-2.47007],[32.10455,-2.4689],[32.10182,-2.469],[32.1018,-2.46228],[32.10595,-2.45818],[32.10671,-2.45191],[32.10297,-2.4464],[32.10184,-2.44073],[32.09791,-2.43892],[32.09942,-2.43194],[32.10836,-2.4228],[32.10697,-2.42066],[32.10799,-2.41709],[32.10758,-2.40637],[32.10553,-2.39527],[32.10413,-2.39301],[32.10079,-2.38009],[32.10328,-2.37908],[32.10374,-2.37303],[32.10525,-2.37443],[32.10488,-2.37607],[32.10609,-2.37796]]]},"properties":{"region":"Mwanza","district":"Sengerema","ward":"Bangwe","ward_code":"011"}},{"type":"Feature","geometry":{"type":"Polygon","coordinates":[[[32.08217,-2.38548],[32.08452,-2.38552],[32.08901,-2.38373],[32.08909,-2.38027],[32.09626,-2.38114],[32.10079,-2.38009],[32.10413,-2.39301],[32.10553,-2.39527],[32.10758,-2.40637],[32.10799,-2.41709],[32.10697,-2.42066],[32.10836,-2.4228],[32.09942,-2.43194],[32.09757,-2.43945],[32.09263,-2.43811],[32.08999,-2.43398],[32.08758,-2.43394],[32.0864,-2.43593],[32.08154,-2.43509],[32.07818,-2.43569],[32.06962,-2.4317],[32.06904,-2.42755],[32.06664,-2.42348],[32.06135,-2.41813],[32.05759,-2.41649],[32.05523,-2.41395],[32.05799,-2.41065],[32.05956,-2.40448],[32.05522,-2.39926],[32.05733,-2.3977],[32.05907,-2.39419],[32.05978,-2.38874],[32.0668,-2.38363],[32.06933,-2.37783],[32.07147,-2.37789],[32.07188,-2.37981],[32.07546,-2.38244],[32.08217,-2.38548]]]},"properties":{"region":"Mwanza","district":"Sengerema","ward":"Katwe","ward_code":"021"}},{"type":"Feature","geometry":{"type":"MultiPolygon","coordinates":[[[[32.06516,-2.23463],[32.064,-2.23443],[32.0651,-2.2307],[32.0646,-2.2254],[32.06698,-2.21991],[32.06967,-2.2187],[32.07131,-2.22028],[32.07033,-2.22325],[32.07202,-2.22561],[32.06516,-2.23463]]],[[[32.03706,-2.22008],[32.03944,-2.21996],[32.04027,-2.2221],[32.04811,-2.2246],[32.04906,-2.22602],[32.04788,-2.22923],[32.04384,-2.23457],[32.04217,-2.24193],[32.04288,-2.24419],[32.04574,-2.24538],[32.04788,-2.2449],[32.05322,-2.2398],[32.05833,-2.2379],[32.06309,-2.23766],[32.06297,-2.23885],[32.05477,-2.24609],[32.05215,-2.24692],[32.05227,-2.24965],[32.04158,-2.25737],[32.04098,-2.25975],[32.04193,-2.26165],[32.04384,-2.26248],[32.04086,-2.26604],[32.0367,-2.26877],[32.03564,-2.27103],[32.03643,-2.27403],[32.0387,-2.27671],[32.04166,-2.27699],[32.06476,-2.26623],[32.07047,-2.26618],[32.07241,-2.2651],[32.07646,-2.26577],[32.07777,-2.26466],[32.07854,-2.26518],[32.07787,-2.26754],[32.07921,-2.27055],[32.07702,-2.27267],[32.07825,-2.27711],[32.07395,-2.28063],[32.0636,-2.29206],[32.05859,-2.29533],[32.05681,-2.29843],[32.05727,-2.30423],[32.06161,-2.30633],[32.06631,-2.3071],[32.06392,-2.30945],[32.06463,-2.31277],[32.06382,-2.31392],[32.05992,-2.31694],[32.05713,-2.3168],[32.05463,-2.3182],[32.0528,-2.3239],[32.05312,-2.32604],[32.0553,-2.32727],[32.0526,-2.32993],[32.05394,-2.33246],[32.04792,-2.33584],[32.04449,-2.34173],[32.04424,-2.34494],[32.04291,-2.34664],[32.03961,-2.34783],[32.03712,-2.34763],[32.02839,-2.35201],[32.02755,-2.35343],[32.01519,-2.35771],[32.01377,-2.35925],[32.00295,-2.36234],[31.99749,-2.36471],[31.99285,-2.36816],[31.98881,-2.36709],[31.9856,-2.36839],[31.97859,-2.37445],[31.97788,-2.37362],[31.98037,-2.36994],[31.97954,-2.36899],[31.97728,-2.37065],[31.98133,-2.36543],[31.98608,-2.35379],[31.9774,-2.34655],[31.97182,-2.34429],[31.96695,-2.34453],[31.96314,-2.34738],[31.95946,-2.35415],[31.95209,-2.35842],[31.95162,-2.35498],[31.95447,-2.34785],[31.95399,-2.34702],[31.95007,-2.34892],[31.94722,-2.34453],[31.94841,-2.34192],[31.94971,-2.34108],[31.95328,-2.34144],[31.95554,-2.34405],[31.9572,-2.34334],[31.9572,-2.34144],[31.95411,-2.33942],[31.95375,-2.33586],[31.95637,-2.33384],[31.95946,-2.33301],[31.96374,-2.32814],[31.9679,-2.33467],[31.97015,-2.33539],[31.97289,-2.33384],[31.97562,-2.32992],[31.97859,-2.32814],[31.98156,-2.32185],[31.98798,-2.32161],[31.99487,-2.32624],[32.0007,-2.32565],[32.00343,-2.3222],[32.00165,-2.32078],[31.99654,-2.31983],[31.99238,-2.31757],[31.99119,-2.31591],[31.98382,-2.31461],[31.97978,-2.31686],[31.97871,-2.31615],[31.97728,-2.31389],[31.97895,-2.30938],[31.98311,-2.30653],[31.99262,-2.30392],[31.9881,-2.30119],[31.98537,-2.30071],[31.98073,-2.29573],[31.97538,-2.29442],[31.97122,-2.29014],[31.96089,-2.29014],[31.94793,-2.29406],[31.94116,-2.29288],[31.93557,-2.2943],[31.93379,-2.29359],[31.94318,-2.28765],[31.95031,-2.28112],[31.95007,-2.27958],[31.94805,-2.27839],[31.94484,-2.27803],[31.94223,-2.27898],[31.94211,-2.27696],[31.94365,-2.27518],[31.95589,-2.27079],[31.95851,-2.27281],[31.96932,-2.27399],[31.97562,-2.27281],[31.98121,-2.26877],[31.98465,-2.262],[31.98406,-2.25891],[31.98133,-2.25725],[31.98014,-2.2582],[31.9774,-2.25713],[31.97717,-2.25559],[31.9742,-2.25393],[31.97526,-2.25155],[31.98073,-2.25381],[31.98465,-2.25274],[31.98608,-2.25428],[31.98572,-2.25666],[31.99143,-2.25986],[31.99499,-2.26022],[31.99891,-2.25595],[32.00165,-2.25559],[32.00604,-2.25286],[32.01424,-2.24181],[32.01317,-2.24086],[32.01543,-2.23825],[32.01531,-2.23433],[32.02078,-2.23172],[32.02149,-2.22685],[32.02399,-2.22471],[32.02351,-2.22329],[32.02518,-2.22008],[32.02934,-2.21783],[32.03421,-2.21676],[32.03504,-2.21901],[32.03706,-2.22008]]],[[[32.0831,-2.21088],[32.08138,-2.21461],[32.07829,-2.21267],[32.07311,-2.21295],[32.07618,-2.211],[32.0786,-2.21213],[32.08178,-2.21037],[32.0831,-2.21088]]]]},"properties":{"region":"Mwanza","district":"Sengerema","ward":"Maisome","ward_code":"031"}},{"type":"Feature","geometry":{"type":"Polygon","coordinates":[[[32.39485,-2.48093],[32.39834,-2.49072],[32.40619,-2.49386],[32.41006,-2.49778],[32.41226,-2.49813],[32.41191,-2.50672],[32.40573,-2.52275],[32.39893,-2.52639],[32.3913,-2.52812],[32.3869,-2.53288],[32.37957,-2.55483],[32.37632,-2.56773],[32.37442,-2.57046],[32.37503,-2.57366],[32.36946,-2.59431],[32.37682,-2.6094],[32.37436,-2.60873],[32.37022,-2.6093],[32.3667,-2.60785],[32.35937,-2.60751],[32.34839,-2.6051],[32.33939,-2.60476],[32.33662,-2.60002],[32.33394,-2.59864],[32.32703,-2.59697],[32.32141,-2.59752],[32.31613,-2.59551],[32.31219,-2.59523],[32.30736,-2.5918],[32.29978,-2.59094],[32.30295,-2.58868],[32.30896,-2.57917],[32.31455,-2.56786],[32.32203,-2.54615],[32.31776,-2.53186],[32.31936,-2.5293],[32.31824,-2.52714],[32.3196,-2.52305],[32.31976,-2.51807],[32.32114,-2.51529],[32.32074,-2.51288],[32.3235,-2.50694],[32.3293,-2.50222],[32.33455,-2.49487],[32.34142,-2.49129],[32.34955,-2.48532],[32.35163,-2.48211],[32.36401,-2.48896],[32.36985,-2.48729],[32.38765,-2.48803],[32.39485,-2.48093]]]},"properties":{"region":"Mwanza","district":"Sengerema","ward":"Kalebezo","ward_code":"111"}},{"type":"Feature","geometry":{"type":"Polygon","coordinates":[[[32.32114,-2.51529],[32.31976,-2.51807],[32.3196,-2.52305],[32.31824,-2.52714],[32.31936,-2.5293],[32.31776,-2.53186],[32.32203,-2.54615],[32.31455,-2.56786],[32.30588,-2.58483],[32.30295,-2.58868],[32.29634,-2.59407],[32.28851,-2.60819],[32.28511,-2.61051],[32.26322,-2.61021],[32.24654,-2.60763],[32.24291,-2.60543],[32.25419,-2.59489],[32.25661,-2.59036],[32.2498,-2.58829],[32.24687,-2.58858],[32.24195,-2.56715],[32.24271,-2.56224],[32.2381,-2.56057],[32.23172,-2.5538],[32.2257,-2.54454],[32.20834,-2.49863],[32.23497,-2.48796],[32.23909,-2.48386],[32.24037,-2.47577],[32.23779,-2.46132],[32.24648,-2.43554],[32.26006,-2.40797],[32.27789,-2.41264],[32.28539,-2.44829],[32.2846,-2.47288],[32.29994,-2.48401],[32.33455,-2.49487],[32.3293,-2.50222],[32.3235,-2.50694],[32.32074,-2.51288],[32.32114,-2.51529]]]},"properties":{"region":"Mwanza","district":"Sengerema","ward":"Nyehunge","ward_code":"121"}},{"type":"Feature","geometry":{"type":"Polygon","coordinates":[[[32.24937,-2.40535],[32.25449,-2.40566],[32.26006,-2.40797],[32.24648,-2.43554],[32.23779,-2.46132],[32.24037,-2.47577],[32.23909,-2.48386],[32.23497,-2.48796],[32.20834,-2.49863],[32.21535,-2.5161],[32.19382,-2.51797],[32.19268,-2.49789],[32.18335,-2.49817],[32.17022,-2.50252],[32.16845,-2.49928],[32.16888,-2.49566],[32.17076,-2.49496],[32.17204,-2.49216],[32.16854,-2.49139],[32.16288,-2.48786],[32.16741,-2.48446],[32.17141,-2.47939],[32.17134,-2.4752],[32.16925,-2.47068],[32.16948,-2.46391],[32.17671,-2.45629],[32.17704,-2.44353],[32.17802,-2.43927],[32.18005,-2.436],[32.1902,-2.43096],[32.19878,-2.43338],[32.20315,-2.43369],[32.21361,-2.42898],[32.22862,-2.42047],[32.23817,-2.40865],[32.24068,-2.40221],[32.24937,-2.40535]]]},"properties":{"region":"Mwanza","district":"Sengerema","ward":"Kafunzo","ward_code":"131"}},{"type":"Feature","geometry":{"type":"Polygon","coordinates":[[[32.16763,-2.39162],[32.16944,-2.39869],[32.16818,-2.40227],[32.16856,-2.40473],[32.17046,-2.40701],[32.17459,-2.40087],[32.17921,-2.40179],[32.18569,-2.40682],[32.19007,-2.40818],[32.19374,-2.4107],[32.19922,-2.4101],[32.2039,-2.41165],[32.20783,-2.41169],[32.21218,-2.415],[32.22018,-2.41697],[32.22862,-2.42047],[32.21361,-2.42898],[32.20315,-2.43369],[32.19878,-2.43338],[32.1902,-2.43096],[32.18005,-2.436],[32.17802,-2.43927],[32.17704,-2.44353],[32.17671,-2.45629],[32.16948,-2.46391],[32.16925,-2.47068],[32.17134,-2.4752],[32.17141,-2.47939],[32.16741,-2.48446],[32.16288,-2.48786],[32.1605,-2.48528],[32.15862,-2.48526],[32.1579,-2.48302],[32.15387,-2.47898],[32.15293,-2.48095],[32.15068,-2.48166],[32.1412,-2.48126],[32.14013,-2.479],[32.14157,-2.47618],[32.14732,-2.47059],[32.14787,-2.46719],[32.14575,-2.46595],[32.14624,-2.45196],[32.14387,-2.44611],[32.14467,-2.44445],[32.14394,-2.44162],[32.13985,-2.43627],[32.13657,-2.43411],[32.13685,-2.43302],[32.13429,-2.43037],[32.1337,-2.42533],[32.13297,-2.42532],[32.1326,-2.42267],[32.13046,-2.41948],[32.12646,-2.42096],[32.12249,-2.41985],[32.12121,-2.41637],[32.12388,-2.41196],[32.12461,-2.4063],[32.12743,-2.40396],[32.12887,-2.40084],[32.12873,-2.39409],[32.12949,-2.39277],[32.13784,-2.39439],[32.15192,-2.39479],[32.15884,-2.39315],[32.16269,-2.39112],[32.16363,-2.389],[32.16763,-2.39162]]]},"properties":{"region":"Mwanza","district":"Sengerema","ward":"Bupandwa","ward_code":"141"}},{"type":"Feature","geometry":{"type":"Polygon","coordinates":[[[32.21358,-2.3145],[32.22147,-2.32433],[32.22836,-2.32351],[32.23371,-2.31897],[32.23668,-2.31902],[32.23858,-2.32204],[32.24062,-2.32324],[32.24258,-2.32841],[32.24876,-2.33352],[32.24887,-2.33737],[32.24639,-2.34292],[32.24525,-2.35094],[32.24684,-2.35835],[32.24686,-2.36558],[32.25004,-2.37449],[32.24502,-2.37877],[32.24397,-2.38402],[32.24415,-2.39399],[32.23817,-2.40865],[32.22862,-2.42047],[32.22018,-2.41697],[32.21218,-2.415],[32.20783,-2.41169],[32.2039,-2.41165],[32.19922,-2.4101],[32.19374,-2.4107],[32.19007,-2.40818],[32.18569,-2.40682],[32.17921,-2.40179],[32.17459,-2.40087],[32.17046,-2.40701],[32.16856,-2.40473],[32.16818,-2.40227],[32.16944,-2.39869],[32.16878,-2.39353],[32.16763,-2.39162],[32.16363,-2.389],[32.16774,-2.38656],[32.1701,-2.38392],[32.17095,-2.37697],[32.17249,-2.37481],[32.17754,-2.37199],[32.17778,-2.36937],[32.17577,-2.36618],[32.17578,-2.36466],[32.17663,-2.36205],[32.17914,-2.36072],[32.18179,-2.35258],[32.18089,-2.34925],[32.18256,-2.34587],[32.18579,-2.34126],[32.1897,-2.34047],[32.19727,-2.33524],[32.1986,-2.33201],[32.19627,-2.32637],[32.19519,-2.32578],[32.19724,-2.32321],[32.19677,-2.32019],[32.19878,-2.31882],[32.20251,-2.31913],[32.2119,-2.31647],[32.21358,-2.3145]]]},"properties":{"region":"Mwanza","district":"Sengerema","ward":"Iligamba","ward_code":"151"}},{"type":"Feature","geometry":{"type":"Polygon","coordinates":[[[32.413,-2.31016],[32.41875,-2.31402],[32.42025,-2.3201],[32.42737,-2.32807],[32.43314,-2.33677],[32.4339,-2.33992],[32.43364,-2.35343],[32.43119,-2.35281],[32.42984,-2.35653],[32.4282,-2.35785],[32.4166,-2.35465],[32.41264,-2.3545],[32.41193,-2.3534],[32.41224,-2.34952],[32.4069,-2.34373],[32.40595,-2.3373],[32.40806,-2.33357],[32.40687,-2.33155],[32.4092,-2.32764],[32.41298,-2.32391],[32.41067,-2.31578],[32.413,-2.31016]]]},"properties":{"region":"Mwanza","district":"Sengerema","ward":"Bugoro","ward_code":"041"}},{"type":"Feature","geometry":{"type":"MultiPolygon","coordinates":[[[[32.47424,-2.2704],[32.47578,-2.26944],[32.47582,-2.27124],[32.47433,-2.27471],[32.47693,-2.27719],[32.47632,-2.27864],[32.47298,-2.28018],[32.47199,-2.27855],[32.47191,-2.27648],[32.47303,-2.27505],[32.47203,-2.2744],[32.47281,-2.27341],[32.47225,-2.2719],[32.47311,-2.27013],[32.47424,-2.2704]]],[[[32.44143,-2.26802],[32.43394,-2.27716],[32.43466,-2.27942],[32.43668,-2.28108],[32.44072,-2.28061],[32.44143,-2.28251],[32.43858,-2.28476],[32.43668,-2.28939],[32.43644,-2.29165],[32.4382,-2.29488],[32.44411,-2.29686],[32.44631,-2.29559],[32.44663,-2.29428],[32.44998,-2.2928],[32.45115,-2.29141],[32.45172,-2.28664],[32.45509,-2.28531],[32.45549,-2.28115],[32.45718,-2.27831],[32.46046,-2.27701],[32.46267,-2.27682],[32.46355,-2.279],[32.46867,-2.28217],[32.47147,-2.28736],[32.47167,-2.29006],[32.46987,-2.29287],[32.46937,-2.29653],[32.46208,-2.29648],[32.45146,-2.29873],[32.44912,-2.30573],[32.44869,-2.31144],[32.45064,-2.31413],[32.45334,-2.31464],[32.45491,-2.31906],[32.45935,-2.31976],[32.46334,-2.31725],[32.46507,-2.31829],[32.46325,-2.32255],[32.4646,-2.32623],[32.46417,-2.33143],[32.46507,-2.33504],[32.46891,-2.33805],[32.46666,-2.34131],[32.4691,-2.34461],[32.47017,-2.35179],[32.46997,-2.35696],[32.46576,-2.3687],[32.46907,-2.37638],[32.47365,-2.38066],[32.46664,-2.38303],[32.46614,-2.3873],[32.45799,-2.39193],[32.45275,-2.39661],[32.4504,-2.40069],[32.44074,-2.40695],[32.43823,-2.41017],[32.4346,-2.41229],[32.43825,-2.40742],[32.43798,-2.40519],[32.43872,-2.40427],[32.4291,-2.40282],[32.42694,-2.40011],[32.42559,-2.39361],[32.42946,-2.38941],[32.42924,-2.38669],[32.43267,-2.38207],[32.44393,-2.37879],[32.44634,-2.37674],[32.44873,-2.36845],[32.44824,-2.36167],[32.44537,-2.35936],[32.43993,-2.36103],[32.4374,-2.35948],[32.43675,-2.35479],[32.43496,-2.3533],[32.43364,-2.35343],[32.4339,-2.33992],[32.43314,-2.33677],[32.42737,-2.32807],[32.42025,-2.3201],[32.41875,-2.31402],[32.41295,-2.31012],[32.41513,-2.30633],[32.41793,-2.30402],[32.41808,-2.30267],[32.42296,-2.30084],[32.42364,-2.2998],[32.42431,-2.30045],[32.4244,-2.29956],[32.42589,-2.30068],[32.42778,-2.29975],[32.43435,-2.29355],[32.4343,-2.29023],[32.42871,-2.28298],[32.42955,-2.27894],[32.42753,-2.27336],[32.42931,-2.27218],[32.42907,-2.26861],[32.43323,-2.26885],[32.43715,-2.26766],[32.43751,-2.26541],[32.43882,-2.26434],[32.4406,-2.26576],[32.44143,-2.26802]]]]},"properties":{"region":"Mwanza","district":"Sengerema","ward":"Lugata","ward_code":"051"}},{"type":"Feature","geometry":{"type":"MultiPolygon","coordinates":[[[[32.5428,-2.27259],[32.53928,-2.28162],[32.53928,-2.28798],[32.54574,-2.29786],[32.54603,-2.30954],[32.5428,-2.32218],[32.53909,-2.32313],[32.53528,-2.32256],[32.53139,-2.31999],[32.52716,-2.32416],[32.52654,-2.32904],[32.52831,-2.33405],[32.52598,-2.33535],[32.52591,-2.33767],[32.52881,-2.34562],[32.52608,-2.34679],[32.52348,-2.34498],[32.5192,-2.34736],[32.51718,-2.34677],[32.51528,-2.34755],[32.51351,-2.34997],[32.51292,-2.35298],[32.51446,-2.35455],[32.51499,-2.3584],[32.51035,-2.36397],[32.5054,-2.3646],[32.49736,-2.36419],[32.49688,-2.36341],[32.49009,-2.36662],[32.4749,-2.36578],[32.47054,-2.36814],[32.46576,-2.3687],[32.46997,-2.35696],[32.47017,-2.35179],[32.4691,-2.34461],[32.46666,-2.34131],[32.46894,-2.338],[32.47027,-2.33815],[32.47429,-2.3352],[32.47639,-2.32856],[32.47694,-2.3283],[32.47687,-2.33177],[32.47799,-2.33357],[32.48243,-2.33423],[32.48454,-2.33289],[32.48541,-2.32966],[32.48617,-2.33011],[32.4895,-2.32847],[32.49061,-2.32936],[32.49335,-2.32856],[32.49432,-2.3242],[32.49583,-2.32285],[32.50238,-2.3238],[32.5036,-2.32266],[32.50481,-2.3237],[32.51113,-2.32497],[32.51426,-2.32439],[32.51628,-2.32239],[32.5157,-2.31923],[32.51028,-2.31211],[32.50923,-2.30878],[32.50562,-2.30498],[32.50676,-2.30261],[32.50296,-2.29672],[32.50277,-2.29273],[32.50077,-2.2895],[32.50248,-2.28456],[32.50353,-2.28418],[32.5119,-2.29482],[32.51351,-2.29472],[32.51675,-2.29282],[32.51532,-2.28523],[32.51694,-2.28076],[32.51399,-2.27706],[32.51456,-2.27259],[32.52121,-2.27497],[32.52492,-2.27411],[32.52777,-2.27753],[32.53101,-2.27791],[32.53471,-2.27725],[32.54156,-2.2724],[32.5428,-2.27259]]],[[[32.55166,-2.25228],[32.55071,-2.25508],[32.55499,-2.25508],[32.5601,-2.25662],[32.562,-2.25395],[32.56854,-2.25763],[32.57002,-2.25947],[32.57062,-2.2625],[32.57026,-2.26873],[32.56753,-2.26683],[32.56283,-2.26743],[32.56069,-2.26511],[32.55665,-2.26297],[32.54643,-2.26321],[32.54435,-2.26066],[32.54495,-2.25876],[32.54299,-2.253],[32.54625,-2.2473],[32.54732,-2.247],[32.54946,-2.24849],[32.54958,-2.25021],[32.55124,-2.25044],[32.55166,-2.25228]]],[[[32.53817,-2.2492],[32.53984,-2.25246],[32.53098,-2.2524],[32.53009,-2.24795],[32.53069,-2.24647],[32.52938,-2.24231],[32.53104,-2.23982],[32.53389,-2.23934],[32.53473,-2.241],[32.53811,-2.24326],[32.53817,-2.2492]]]]},"properties":{"region":"Mwanza","district":"Sengerema","ward":"Buhama","ward_code":"061"}},{"type":"Feature","geometry":{"type":"Polygon","coordinates":[[[32.49688,-2.36341],[32.49736,-2.36419],[32.5054,-2.3646],[32.51035,-2.36397],[32.51111,-2.36774],[32.5151,-2.37387],[32.51965,-2.37161],[32.52688,-2.37106],[32.52836,-2.37633],[32.52609,-2.3784],[32.52596,-2.38015],[32.52382,-2.38096],[32.52329,-2.38269],[32.52639,-2.38744],[32.52496,-2.3929],[32.52066,-2.39331],[32.518,-2.38892],[32.51195,-2.38401],[32.50911,-2.38376],[32.50769,-2.38625],[32.50933,-2.39119],[32.50929,-2.3958],[32.50843,-2.39636],[32.50411,-2.39425],[32.50105,-2.39539],[32.49363,-2.39447],[32.49139,-2.39735],[32.49105,-2.40169],[32.49236,-2.40603],[32.49564,-2.40826],[32.49405,-2.41153],[32.49106,-2.41366],[32.48726,-2.41245],[32.48549,-2.41077],[32.48464,-2.40917],[32.48528,-2.40789],[32.48344,-2.40487],[32.48412,-2.40117],[32.48249,-2.39773],[32.47908,-2.39686],[32.47369,-2.40313],[32.47246,-2.40593],[32.46713,-2.41065],[32.46639,-2.41698],[32.46377,-2.41971],[32.45785,-2.42385],[32.44808,-2.42734],[32.44485,-2.42819],[32.44102,-2.42735],[32.43933,-2.42811],[32.43944,-2.42651],[32.43391,-2.41662],[32.43406,-2.4126],[32.43823,-2.41017],[32.44074,-2.40695],[32.4504,-2.40069],[32.45275,-2.39661],[32.45799,-2.39193],[32.46614,-2.3873],[32.46664,-2.38303],[32.47365,-2.38066],[32.46907,-2.37638],[32.46576,-2.3687],[32.47054,-2.36814],[32.4749,-2.36578],[32.49009,-2.36662],[32.49688,-2.36341]]]},"properties":{"region":"Mwanza","district":"Sengerema","ward":"Nyakasasa","ward_code":"071"}},{"type":"Feature","geometry":{"type":"Polygon","coordinates":[[[32.54974,-2.45619],[32.54929,-2.46376],[32.54421,-2.46742],[32.54174,-2.47639],[32.54238,-2.47879],[32.54469,-2.48151],[32.54457,-2.48897],[32.53757,-2.49901],[32.53759,-2.50319],[32.53524,-2.50381],[32.53097,-2.50227],[32.5256,-2.4994],[32.52313,-2.49698],[32.52042,-2.49637],[32.5171,-2.49744],[32.51489,-2.50096],[32.5146,-2.50565],[32.51568,-2.50959],[32.51501,-2.52471],[32.50793,-2.53802],[32.50378,-2.537],[32.49648,-2.52492],[32.49421,-2.51318],[32.49541,-2.49726],[32.466,-2.49558],[32.46948,-2.48222],[32.46938,-2.47203],[32.47007,-2.47065],[32.47686,-2.46948],[32.47998,-2.46515],[32.48012,-2.45709],[32.4811,-2.45581],[32.48322,-2.46003],[32.4823,-2.46402],[32.48553,-2.46916],[32.48711,-2.47661],[32.48904,-2.47932],[32.5021,-2.4841],[32.507,-2.47801],[32.5071,-2.46602],[32.51074,-2.45837],[32.51957,-2.45543],[32.53085,-2.45964],[32.53436,-2.46005],[32.53834,-2.45716],[32.54045,-2.44974],[32.54065,-2.4455],[32.54267,-2.44485],[32.54456,-2.44564],[32.54787,-2.45447],[32.54974,-2.45619]]]},"properties":{"region":"Mwanza","district":"Sengerema","ward":"Kasisa","ward_code":"081"}},{"type":"Feature","geometry":{"type":"Polygon","coordinates":[[[32.49953,-2.54628],[32.48999,-2.55018],[32.48506,-2.54869],[32.48178,-2.55143],[32.47812,-2.55817],[32.47507,-2.56753],[32.46498,-2.57795],[32.46563,-2.58366],[32.46384,-2.5867],[32.4589,-2.5864],[32.45255,-2.58455],[32.44606,-2.58823],[32.44055,-2.58971],[32.4356,-2.55668],[32.43308,-2.55459],[32.43247,-2.54791],[32.44254,-2.54795],[32.44698,-2.52693],[32.46171,-2.52505],[32.46618,-2.52019],[32.46691,-2.51483],[32.46341,-2.51032],[32.46393,-2.50251],[32.466,-2.49558],[32.49541,-2.49726],[32.49421,-2.51318],[32.49648,-2.52492],[32.50378,-2.537],[32.50793,-2.53802],[32.51155,-2.54289],[32.49953,-2.54628]]]},"properties":{"region":"Mwanza","district":"Sengerema","ward":"Nyakasungwa","ward_code":"091"}},{"type":"Feature","geometry":{"type":"Polygon","coordinates":[[[32.51155,-2.54289],[32.51591,-2.54644],[32.51482,-2.55361],[32.51663,-2.55599],[32.5276,-2.56336],[32.53249,-2.56902],[32.54164,-2.58844],[32.55611,-2.59739],[32.54964,-2.60543],[32.53717,-2.61344],[32.52441,-2.62336],[32.5132,-2.62787],[32.50319,-2.62915],[32.49618,-2.63397],[32.48244,-2.62789],[32.48169,-2.62662],[32.46681,-2.62619],[32.46053,-2.62253],[32.44919,-2.62058],[32.4463,-2.61822],[32.4437,-2.61781],[32.43988,-2.61906],[32.43942,-2.62044],[32.42215,-2.61528],[32.41638,-2.61489],[32.41285,-2.61596],[32.41149,-2.6151],[32.39722,-2.61324],[32.3937,-2.61431],[32.38879,-2.61348],[32.3864,-2.61075],[32.3834,-2.6099],[32.38074,-2.61068],[32.37682,-2.6094],[32.36946,-2.59431],[32.37503,-2.57366],[32.37442,-2.57046],[32.37632,-2.56773],[32.37957,-2.55483],[32.38982,-2.56883],[32.39444,-2.57273],[32.41035,-2.57841],[32.42611,-2.58656],[32.42958,-2.5869],[32.4326,-2.58892],[32.44055,-2.58971],[32.44606,-2.58823],[32.45255,-2.58455],[32.4589,-2.5864],[32.46384,-2.5867],[32.46563,-2.58366],[32.46498,-2.57795],[32.47507,-2.56753],[32.47812,-2.55817],[32.48178,-2.55143],[32.48506,-2.54869],[32.48999,-2.55018],[32.49958,-2.54626],[32.51155,-2.54289]]]},"properties":{"region":"Mwanza","district":"Sengerema","ward":"Nyanzenda","ward_code":"101"}},{"type":"Feature","geometry":{"type":"MultiPolygon","coordinates":[[[[32.19531,-2.24855],[32.19747,-2.25005],[32.2014,-2.2495],[32.20541,-2.25392],[32.20234,-2.25563],[32.20186,-2.25749],[32.20019,-2.25784],[32.19589,-2.25437],[32.19413,-2.24968],[32.19531,-2.24855]]],[[[32.22779,-2.24614],[32.23048,-2.24636],[32.23214,-2.24985],[32.23025,-2.25242],[32.23144,-2.25578],[32.22998,-2.26043],[32.23342,-2.26271],[32.23691,-2.26029],[32.23895,-2.26176],[32.23859,-2.2661],[32.23974,-2.26602],[32.23917,-2.26971],[32.24207,-2.27452],[32.24098,-2.27726],[32.24623,-2.28224],[32.25273,-2.28439],[32.25953,-2.2844],[32.26388,-2.27972],[32.27271,-2.27855],[32.27854,-2.27955],[32.27913,-2.28245],[32.27862,-2.27939],[32.28917,-2.27915],[32.29836,-2.2767],[32.30273,-2.27232],[32.30396,-2.2675],[32.30383,-2.26078],[32.30705,-2.25936],[32.30987,-2.2595],[32.31078,-2.26022],[32.31058,-2.26726],[32.31521,-2.27428],[32.31715,-2.27987],[32.32113,-2.2845],[32.32523,-2.28724],[32.33189,-2.29716],[32.33251,-2.30204],[32.33069,-2.3048],[32.32611,-2.30619],[32.324,-2.31013],[32.32599,-2.31522],[32.33433,-2.32418],[32.3314,-2.32476],[32.32807,-2.32221],[32.32648,-2.32322],[32.3232,-2.323],[32.3177,-2.32478],[32.31394,-2.32886],[32.29898,-2.32748],[32.27061,-2.3275],[32.26286,-2.33075],[32.25778,-2.33056],[32.25511,-2.33262],[32.24876,-2.33352],[32.24583,-2.33182],[32.24258,-2.32841],[32.24062,-2.32324],[32.23858,-2.32204],[32.23668,-2.31902],[32.23371,-2.31897],[32.23435,-2.31737],[32.23105,-2.30966],[32.2307,-2.30525],[32.22783,-2.29737],[32.22757,-2.2919],[32.2295,-2.28591],[32.2288,-2.28062],[32.23224,-2.27576],[32.23246,-2.27034],[32.22909,-2.26453],[32.22657,-2.26304],[32.22402,-2.263],[32.21821,-2.25751],[32.21851,-2.25359],[32.2195,-2.25434],[32.22356,-2.25373],[32.22561,-2.25143],[32.22459,-2.24969],[32.22492,-2.24788],[32.22791,-2.24745],[32.22779,-2.24614]]],[[[32.17421,-2.24334],[32.17458,-2.24436],[32.17519,-2.24313],[32.17607,-2.24306],[32.17616,-2.24415],[32.17894,-2.24312],[32.17941,-2.24454],[32.17868,-2.2446],[32.17832,-2.24642],[32.17217,-2.24536],[32.17193,-2.24344],[32.17421,-2.24334]]],[[[32.32066,-2.23487],[32.32284,-2.23581],[32.32328,-2.23762],[32.32436,-2.23802],[32.3293,-2.23779],[32.33018,-2.23945],[32.32691,-2.23998],[32.32509,-2.24154],[32.32362,-2.24128],[32.32162,-2.23851],[32.32188,-2.23707],[32.32066,-2.23487]]],[[[32.28217,-2.20969],[32.28502,-2.21311],[32.28249,-2.21494],[32.27887,-2.21483],[32.27898,-2.21269],[32.28043,-2.2122],[32.28085,-2.21017],[32.28217,-2.20969]]],[[[32.15112,-2.18085],[32.15231,-2.18186],[32.14958,-2.18342],[32.14595,-2.18224],[32.15112,-2.18085]]],[[[32.13402,-2.17662],[32.13035,-2.17708],[32.127,-2.17865],[32.12967,-2.17626],[32.13146,-2.17675],[32.13366,-2.1758],[32.13402,-2.17662]]],[[[32.15459,-2.16115],[32.15543,-2.16193],[32.15723,-2.16152],[32.15408,-2.16424],[32.15432,-2.16782],[32.15153,-2.16853],[32.15122,-2.16968],[32.15218,-2.17055],[32.15019,-2.17076],[32.15057,-2.172],[32.1451,-2.17283],[32.13824,-2.17076],[32.13451,-2.17074],[32.13607,-2.16918],[32.13945,-2.17075],[32.14496,-2.16454],[32.14653,-2.16539],[32.15033,-2.16535],[32.15212,-2.16151],[32.15459,-2.16115]]],[[[32.12225,-2.15663],[32.12662,-2.15709],[32.12544,-2.15977],[32.12587,-2.16137],[32.12818,-2.16303],[32.13195,-2.16394],[32.13295,-2.1649],[32.13244,-2.1659],[32.1272,-2.16356],[32.12263,-2.16334],[32.12124,-2.16238],[32.12409,-2.16022],[32.12396,-2.15743],[32.12225,-2.15663]]],[[[32.36367,-2.1331],[32.36444,-2.13311],[32.36445,-2.13419],[32.36314,-2.13535],[32.36367,-2.1331]]],[[[32.3616,-2.13117],[32.36206,-2.13113],[32.36188,-2.13152],[32.3616,-2.13117]]]]},"properties":{"region":"Mwanza","district":"Sengerema","ward":"Bulyaheke","ward_code":"161"}},{"type":"Feature","geometry":{"type":"Polygon","coordinates":[[[32.35356,-2.32154],[32.35576,-2.32134],[32.35694,-2.32305],[32.36115,-2.32503],[32.36114,-2.32818],[32.36213,-2.32944],[32.36074,-2.33084],[32.36092,-2.33263],[32.36527,-2.33644],[32.36884,-2.34219],[32.36923,-2.34457],[32.36459,-2.34264],[32.35824,-2.33666],[32.35081,-2.3319],[32.33811,-2.32953],[32.32865,-2.33088],[32.3238,-2.32936],[32.32211,-2.32956],[32.31987,-2.3324],[32.31913,-2.33525],[32.32157,-2.34137],[32.3253,-2.34506],[32.32663,-2.35045],[32.33079,-2.35534],[32.3341,-2.35473],[32.33568,-2.35579],[32.33734,-2.35989],[32.33634,-2.36567],[32.34012,-2.37322],[32.34024,-2.3809],[32.33439,-2.38467],[32.33381,-2.38831],[32.33515,-2.39083],[32.32552,-2.39141],[32.32288,-2.3926],[32.31771,-2.39184],[32.31371,-2.38931],[32.30836,-2.38875],[32.30672,-2.38773],[32.2943,-2.38758],[32.28352,-2.40103],[32.27789,-2.41264],[32.26006,-2.40797],[32.25449,-2.40566],[32.24937,-2.40535],[32.24068,-2.40221],[32.24415,-2.39399],[32.24397,-2.38402],[32.24502,-2.37877],[32.25004,-2.37449],[32.24686,-2.36558],[32.24684,-2.35835],[32.24525,-2.35094],[32.24639,-2.34292],[32.24887,-2.33737],[32.24876,-2.33352],[32.25511,-2.33262],[32.25778,-2.33056],[32.26286,-2.33075],[32.27061,-2.3275],[32.29898,-2.32748],[32.31394,-2.32886],[32.3177,-2.32478],[32.32807,-2.32221],[32.33258,-2.32512],[32.33444,-2.32354],[32.33538,-2.32402],[32.3354,-2.32675],[32.3384,-2.32896],[32.34368,-2.32921],[32.34731,-2.3275],[32.34842,-2.32563],[32.35207,-2.3254],[32.35408,-2.32428],[32.35444,-2.32254],[32.35356,-2.32154]]]},"properties":{"region":"Mwanza","district":"Sengerema","ward":"Kazunzu","ward_code":"171"}},{"type":"Feature","geometry":{"type":"Polygon","coordinates":[[[32.30672,-2.38773],[32.30836,-2.38875],[32.31371,-2.38931],[32.31771,-2.39184],[32.32288,-2.3926],[32.32552,-2.39141],[32.33515,-2.39083],[32.3433,-2.40271],[32.35615,-2.40675],[32.36161,-2.4034],[32.36419,-2.39925],[32.36704,-2.39947],[32.36926,-2.40756],[32.37215,-2.41196],[32.37599,-2.41471],[32.37808,-2.41485],[32.37709,-2.41649],[32.37812,-2.41991],[32.37339,-2.4191],[32.3682,-2.42075],[32.36116,-2.42469],[32.35942,-2.43002],[32.36154,-2.43387],[32.35764,-2.44119],[32.35576,-2.43885],[32.35395,-2.44005],[32.34915,-2.43802],[32.3372,-2.43571],[32.33668,-2.43445],[32.33446,-2.43662],[32.33037,-2.43431],[32.32035,-2.43432],[32.31806,-2.43346],[32.31114,-2.42739],[32.30759,-2.42122],[32.30301,-2.41802],[32.28825,-2.42854],[32.28062,-2.42415],[32.27789,-2.41264],[32.28352,-2.40103],[32.2943,-2.38758],[32.30672,-2.38773]]]},"properties":{"region":"Mwanza","district":"Sengerema","ward":"Irenza","ward_code":"181"}},{"type":"Feature","geometry":{"type":"Polygon","coordinates":[[[32.31114,-2.42739],[32.31806,-2.43346],[32.32035,-2.43432],[32.33037,-2.43431],[32.33446,-2.43662],[32.33668,-2.43445],[32.3372,-2.43571],[32.34915,-2.43802],[32.35395,-2.44005],[32.35576,-2.43885],[32.35764,-2.44119],[32.35586,-2.4479],[32.35346,-2.45145],[32.35163,-2.45685],[32.35115,-2.46095],[32.34461,-2.46797],[32.34236,-2.47535],[32.35163,-2.48211],[32.35122,-2.48334],[32.34142,-2.49129],[32.33455,-2.49487],[32.29994,-2.48401],[32.2846,-2.47288],[32.28539,-2.44829],[32.28062,-2.42415],[32.28825,-2.42854],[32.30301,-2.41802],[32.30759,-2.42122],[32.31114,-2.42739]]]},"properties":{"region":"Mwanza","district":"Sengerema","ward":"Luharanyonga","ward_code":"191"}},{"type":"Feature","geometry":{"type":"Polygon","coordinates":[[[32.36817,-2.44575],[32.37076,-2.44638],[32.37419,-2.44313],[32.38334,-2.44229],[32.38778,-2.44283],[32.39252,-2.44139],[32.40323,-2.44085],[32.4118,-2.43806],[32.41127,-2.43618],[32.41291,-2.43559],[32.41914,-2.43825],[32.42262,-2.44533],[32.42397,-2.44593],[32.42634,-2.44618],[32.44158,-2.44277],[32.4427,-2.44405],[32.44233,-2.44659],[32.43281,-2.45773],[32.42826,-2.45999],[32.42431,-2.46425],[32.42259,-2.47257],[32.42441,-2.47446],[32.42102,-2.48918],[32.42129,-2.49861],[32.41006,-2.49778],[32.40619,-2.49386],[32.39834,-2.49072],[32.39485,-2.48093],[32.38765,-2.48803],[32.36985,-2.48729],[32.36401,-2.48896],[32.35163,-2.48211],[32.34236,-2.47535],[32.34461,-2.46797],[32.35115,-2.46095],[32.35346,-2.45145],[32.35586,-2.4479],[32.35795,-2.4401],[32.36154,-2.43387],[32.36551,-2.43864],[32.36498,-2.4412],[32.36766,-2.44334],[32.36817,-2.44575]]]},"properties":{"region":"Mwanza","district":"Sengerema","ward":"Nyakaliro","ward_code":"201"}},{"type":"Feature","geometry":{"type":"Polygon","coordinates":[[[32.46007,-2.46493],[32.46639,-2.47259],[32.46938,-2.47203],[32.46948,-2.48222],[32.46775,-2.49127],[32.46393,-2.50251],[32.46341,-2.51032],[32.46691,-2.51483],[32.46618,-2.52019],[32.46171,-2.52505],[32.44698,-2.52693],[32.44254,-2.54795],[32.43247,-2.54791],[32.43308,-2.55459],[32.4356,-2.55668],[32.44055,-2.58971],[32.4326,-2.58892],[32.42958,-2.5869],[32.42611,-2.58656],[32.41035,-2.57841],[32.39444,-2.57273],[32.38982,-2.56883],[32.37957,-2.55483],[32.3869,-2.53288],[32.3913,-2.52812],[32.39893,-2.52639],[32.40573,-2.52275],[32.41191,-2.50672],[32.41226,-2.49813],[32.42129,-2.49861],[32.42102,-2.48918],[32.42441,-2.47446],[32.4323,-2.47718],[32.43867,-2.4745],[32.45485,-2.46377],[32.46007,-2.46493]]]},"properties":{"region":"Mwanza","district":"Sengerema","ward":"Bukokwa","ward_code":"211"}},{"type":"Feature","geometry":{"type":"Polygon","coordinates":[[[32.96559,-2.48431],[32.96963,-2.48597],[32.97104,-2.48933],[32.973,-2.48974],[32.97435,-2.49506],[32.97688,-2.49735],[32.9762,-2.49786],[32.97746,-2.50093],[32.98168,-2.50054],[32.98241,-2.50237],[32.98353,-2.50154],[32.9868,-2.50476],[32.98763,-2.50428],[32.99041,-2.5097],[32.98565,-2.52249],[32.98657,-2.52656],[32.984,-2.52895],[32.98614,-2.53238],[32.98573,-2.53418],[32.97404,-2.54006],[32.97434,-2.53864],[32.97221,-2.5382],[32.97286,-2.53641],[32.97086,-2.53404],[32.97119,-2.5317],[32.96815,-2.53124],[32.96837,-2.53003],[32.96678,-2.5281],[32.96732,-2.52687],[32.96487,-2.52778],[32.96217,-2.5272],[32.96293,-2.52426],[32.96176,-2.52425],[32.96227,-2.52178],[32.96103,-2.51867],[32.95984,-2.51921],[32.9594,-2.51816],[32.96048,-2.51542],[32.95536,-2.51522],[32.95589,-2.5122],[32.95429,-2.512],[32.95455,-2.50982],[32.95659,-2.50712],[32.95658,-2.50474],[32.9593,-2.50149],[32.95772,-2.49583],[32.95826,-2.49504],[32.9558,-2.49269],[32.96063,-2.49098],[32.95921,-2.48934],[32.96559,-2.48431]]]},"properties":{"region":"Mwanza","district":"Ilemela","ward":"Buswelu","ward_code":"012"}},{"type":"Feature","geometry":{"type":"Polygon","coordinates":[[[32.94876,-2.51177],[32.95589,-2.5122],[32.95536,-2.51522],[32.96048,-2.51542],[32.9594,-2.51816],[32.95984,-2.51921],[32.96103,-2.51867],[32.96227,-2.52178],[32.96176,-2.52425],[32.96293,-2.52426],[32.96217,-2.5272],[32.96487,-2.52778],[32.96732,-2.52687],[32.96678,-2.5281],[32.96837,-2.53003],[32.96815,-2.53124],[32.97119,-2.5317],[32.97086,-2.53404],[32.97286,-2.53641],[32.97221,-2.5382],[32.97434,-2.53864],[32.9735,-2.54285],[32.96376,-2.54038],[32.95765,-2.54059],[32.9524,-2.53954],[32.94163,-2.53619],[32.94366,-2.53494],[32.94669,-2.535],[32.94838,-2.53332],[32.95352,-2.53269],[32.95746,-2.53064],[32.95715,-2.52803],[32.95171,-2.52806],[32.94848,-2.52381],[32.9531,-2.52123],[32.95378,-2.5193],[32.94968,-2.51744],[32.94805,-2.51377],[32.94876,-2.51177]]]},"properties":{"region":"Mwanza","district":"Ilemela","ward":"Nyakato","ward_code":"022"}},{"type":"Feature","geometry":{"type":"Polygon","coordinates":[[[32.90557,-2.4911],[32.91481,-2.49461],[32.9142,-2.4975],[32.91263,-2.49893],[32.91099,-2.49835],[32.91185,-2.50149],[32.91117,-2.50062],[32.90553,-2.50291],[32.90378,-2.50236],[32.90246,-2.50417],[32.90166,-2.50375],[32.9023,-2.50238],[32.90035,-2.50165],[32.90209,-2.49323],[32.90308,-2.49121],[32.9051,-2.49227],[32.90557,-2.4911]]]},"properties":{"region":"Mwanza","district":"Ilemela","ward":"Nyamanoro","ward_code":"032"}},{"type":"Feature","geometry":{"type":"Polygon","coordinates":[[[32.87514,-2.48112],[32.88567,-2.48553],[32.88589,-2.48811],[32.88826,-2.48707],[32.89243,-2.49008],[32.89416,-2.49391],[32.89353,-2.49474],[32.8944,-2.49738],[32.89724,-2.49872],[32.89666,-2.50053],[32.9023,-2.50238],[32.90019,-2.50839],[32.8978,-2.5086],[32.89641,-2.50656],[32.89293,-2.50805],[32.88489,-2.50666],[32.87731,-2.49861],[32.8764,-2.49591],[32.87685,-2.4943],[32.87545,-2.49318],[32.8765,-2.49228],[32.8759,-2.48743],[32.8741,-2.48284],[32.87514,-2.48112]]]},"properties":{"region":"Mwanza","district":"Ilemela","ward":"Kirumba","ward_code":"042"}},{"type":"Feature","geometry":{"type":"Polygon","coordinates":[[[32.88139,-2.4773],[32.89066,-2.47934],[32.89092,-2.47851],[32.89303,-2.47824],[32.89418,-2.48207],[32.89777,-2.48765],[32.90111,-2.48803],[32.90356,-2.49062],[32.90093,-2.49668],[32.9006,-2.50164],[32.89666,-2.50053],[32.89724,-2.49872],[32.8944,-2.49738],[32.89353,-2.49474],[32.89416,-2.49391],[32.89243,-2.49008],[32.88826,-2.48707],[32.88589,-2.48811],[32.88567,-2.48553],[32.87514,-2.48112],[32.87871,-2.47901],[32.87798,-2.4769],[32.87942,-2.47552],[32.88139,-2.4773]]]},"properties":{"region":"Mwanza","district":"Ilemela","ward":"Kitangiri","ward_code":"052"}},{"type":"Feature","geometry":{"type":"Polygon","coordinates":[[[32.89117,-2.46153],[32.89289,-2.46121],[32.8932,-2.46201],[32.89419,-2.46753],[32.89371,-2.46957],[32.89488,-2.47131],[32.89787,-2.47199],[32.90128,-2.47127],[32.90631,-2.46777],[32.90871,-2.47082],[32.9114,-2.47175],[32.90807,-2.48315],[32.90566,-2.48218],[32.90457,-2.48268],[32.90338,-2.48152],[32.90317,-2.48331],[32.90173,-2.48498],[32.89941,-2.485],[32.89925,-2.48763],[32.89833,-2.48787],[32.89418,-2.48207],[32.89303,-2.47824],[32.89092,-2.47851],[32.89066,-2.47934],[32.88725,-2.47904],[32.8859,-2.47786],[32.88139,-2.4773],[32.87942,-2.47552],[32.87798,-2.4769],[32.87825,-2.47579],[32.8762,-2.47421],[32.87625,-2.473],[32.87523,-2.47285],[32.87548,-2.47169],[32.87906,-2.47027],[32.88041,-2.46836],[32.88237,-2.468],[32.88422,-2.46543],[32.88415,-2.46375],[32.88915,-2.45996],[32.89074,-2.45979],[32.89117,-2.46153]],[[32.89935,-2.48519],[32.89935,-2.48519],[32.89935,-2.48519],[32.89935,-2.48519]]]},"properties":{"region":"Mwanza","district":"Ilemela","ward":"Pasiansi","ward_code":"062"}},{"type":"Feature","geometry":{"type":"Polygon","coordinates":[[[32.90378,-2.44186],[32.90777,-2.44313],[32.91145,-2.44214],[32.92033,-2.45539],[32.92561,-2.46006],[32.92247,-2.46111],[32.92258,-2.46753],[32.92324,-2.46752],[32.92462,-2.47377],[32.92699,-2.47413],[32.92676,-2.475],[32.92806,-2.47515],[32.92803,-2.47668],[32.92944,-2.47762],[32.92865,-2.48085],[32.9268,-2.48284],[32.9246,-2.48258],[32.92367,-2.4814],[32.9187,-2.48306],[32.91739,-2.47936],[32.91631,-2.47924],[32.91374,-2.47406],[32.9114,-2.47175],[32.90871,-2.47082],[32.90637,-2.46808],[32.91015,-2.46251],[32.90961,-2.45904],[32.9044,-2.45401],[32.9035,-2.45461],[32.90185,-2.45323],[32.90013,-2.45354],[32.89894,-2.4509],[32.90034,-2.45135],[32.90266,-2.44982],[32.90359,-2.44834],[32.90378,-2.44186]]]},"properties":{"region":"Mwanza","district":"Ilemela","ward":"Ilemela","ward_code":"072"}},{"type":"Feature","geometry":{"type":"Polygon","coordinates":[[[32.98224,-2.3797],[32.98768,-2.38235],[32.99076,-2.38821],[32.99332,-2.38793],[32.99943,-2.39731],[33.00119,-2.40636],[33.00706,-2.42025],[33.00686,-2.42658],[33.00837,-2.43124],[33.01097,-2.43394],[33.0117,-2.43852],[33.01392,-2.44254],[33.02325,-2.45194],[33.02973,-2.46002],[33.03316,-2.4616],[33.02313,-2.47626],[33.01914,-2.47481],[33.01362,-2.47594],[33.00935,-2.47338],[33.01132,-2.47045],[33.01107,-2.46371],[33.00652,-2.46527],[33.00616,-2.46394],[33.00427,-2.4649],[33.00099,-2.46421],[33.00022,-2.46515],[32.98798,-2.45937],[32.9814,-2.44547],[32.98015,-2.43672],[32.97716,-2.43439],[32.97711,-2.43321],[32.97392,-2.42949],[32.97288,-2.42988],[32.96929,-2.42804],[32.9631,-2.42829],[32.95987,-2.42605],[32.95751,-2.42608],[32.95561,-2.42249],[32.95671,-2.4209],[32.95511,-2.41986],[32.95535,-2.4187],[32.95356,-2.41933],[32.9522,-2.41823],[32.95312,-2.417],[32.95062,-2.41264],[32.95068,-2.40996],[32.94902,-2.40812],[32.94649,-2.4078],[32.9463,-2.40631],[32.96604,-2.39318],[32.96831,-2.39086],[32.96825,-2.38967],[32.97906,-2.38062],[32.98224,-2.3797]]]},"properties":{"region":"Mwanza","district":"Ilemela","ward":"Bugogwa","ward_code":"082"}},{"type":"Feature","geometry":{"type":"MultiPolygon","coordinates":[[[[33.00722,-2.37352],[33.01136,-2.37373],[33.01162,-2.37479],[33.00883,-2.37583],[33.00914,-2.37879],[33.01121,-2.38246],[33.01532,-2.38519],[33.01793,-2.38531],[33.0221,-2.38204],[33.0246,-2.38437],[33.03204,-2.38164],[33.03853,-2.38093],[33.03978,-2.381],[33.04242,-2.3842],[33.04627,-2.38371],[33.04749,-2.38587],[33.04686,-2.38717],[33.04794,-2.3947],[33.0491,-2.39591],[33.04839,-2.39805],[33.05219,-2.40054],[33.05312,-2.40555],[33.056,-2.41219],[33.05731,-2.42026],[33.05373,-2.42928],[33.05344,-2.43198],[33.05504,-2.43521],[33.05309,-2.44271],[33.04879,-2.44821],[33.0399,-2.45185],[33.04027,-2.45526],[33.03592,-2.45624],[33.0354,-2.45935],[33.03316,-2.4616],[33.02973,-2.46002],[33.01214,-2.43956],[33.01097,-2.43394],[33.00837,-2.43124],[33.00686,-2.42658],[33.00706,-2.42025],[33.00119,-2.40636],[32.99943,-2.39731],[32.9933,-2.3879],[32.99955,-2.38648],[33.00522,-2.38039],[33.00688,-2.3772],[33.00722,-2.37352]]],[[[32.99906,-2.36403],[33.00528,-2.36669],[33.00581,-2.3723],[32.99921,-2.36997],[32.99684,-2.36608],[32.99684,-2.36502],[32.99779,-2.36452],[32.99829,-2.36521],[32.99906,-2.36403]]]]},"properties":{"region":"Mwanza","district":"Ilemela","ward":"Sangabuye","ward_code":"092"}},{"type":"Feature","geometry":{"type":"MultiPolygon","coordinates":[[[[33.06442,-2.37638],[33.07032,-2.37573],[33.07574,-2.38555],[33.08154,-2.38988],[33.08015,-2.39143],[33.08081,-2.39323],[33.0797,-2.3942],[33.07935,-2.39877],[33.07359,-2.40748],[33.06458,-2.40404],[33.05529,-2.41125],[33.05219,-2.40054],[33.04839,-2.39805],[33.0491,-2.39591],[33.04794,-2.3947],[33.04686,-2.38717],[33.04749,-2.38587],[33.04627,-2.38371],[33.05025,-2.38197],[33.05566,-2.37722],[33.06148,-2.37448],[33.06442,-2.37638]]],[[[33.15509,-2.28103],[33.1575,-2.28329],[33.15789,-2.28256],[33.15914,-2.28346],[33.15961,-2.28662],[33.15884,-2.28801],[33.15707,-2.28546],[33.15527,-2.28634],[33.1541,-2.28342],[33.15341,-2.28393],[33.15509,-2.28103]]],[[[33.12088,-2.27805],[33.12436,-2.28153],[33.12956,-2.28138],[33.13218,-2.27926],[33.13502,-2.28073],[33.13237,-2.28548],[33.13055,-2.28491],[33.12921,-2.28889],[33.12666,-2.28871],[33.1269,-2.28692],[33.12395,-2.28973],[33.12062,-2.28471],[33.1196,-2.28511],[33.11733,-2.28286],[33.11754,-2.27985],[33.11915,-2.27849],[33.11967,-2.27941],[33.12088,-2.27805]]],[[[33.04466,-2.25828],[33.04537,-2.25945],[33.04447,-2.26015],[33.04391,-2.25937],[33.04466,-2.25828]]]]},"properties":{"region":"Mwanza","district":"Ilemela","ward":"Kayenze","ward_code":"102"}},{"type":"Feature","geometry":{"type":"MultiPolygon","coordinates":[[[[32.92318,-2.36685],[32.92219,-2.36717],[32.92149,-2.36625],[32.92163,-2.36486],[32.92337,-2.36373],[32.92318,-2.36685]]],[[[32.94649,-2.4078],[32.94902,-2.40812],[32.95068,-2.40996],[32.95062,-2.41264],[32.95312,-2.417],[32.9522,-2.41823],[32.95356,-2.41933],[32.95535,-2.4187],[32.95511,-2.41986],[32.95671,-2.4209],[32.95561,-2.42249],[32.95751,-2.42608],[32.95987,-2.42605],[32.9631,-2.42829],[32.96929,-2.42804],[32.97288,-2.42988],[32.97392,-2.42949],[32.97711,-2.43321],[32.97716,-2.43439],[32.98015,-2.43672],[32.9814,-2.44547],[32.98798,-2.45937],[33.00022,-2.46515],[33.00099,-2.46421],[33.00427,-2.4649],[33.00616,-2.46394],[33.00652,-2.46527],[33.01107,-2.46371],[33.01132,-2.47045],[33.00935,-2.47338],[33.01362,-2.47594],[33.01914,-2.47481],[33.02313,-2.47626],[33.02545,-2.4833],[33.03244,-2.49215],[33.02673,-2.4937],[33.02705,-2.49477],[33.02308,-2.49454],[33.01222,-2.48628],[33.00252,-2.48124],[32.99802,-2.48],[32.99522,-2.47742],[32.98249,-2.47216],[32.97868,-2.46896],[32.97727,-2.46928],[32.97289,-2.46449],[32.97019,-2.46402],[32.96196,-2.46033],[32.95812,-2.45743],[32.95605,-2.4571],[32.95179,-2.4528],[32.93879,-2.4446],[32.93841,-2.44335],[32.93192,-2.44029],[32.93046,-2.44073],[32.92847,-2.43854],[32.92628,-2.43835],[32.9254,-2.43657],[32.92416,-2.43711],[32.92354,-2.43566],[32.92006,-2.43504],[32.92107,-2.43056],[32.91914,-2.42765],[32.91903,-2.42543],[32.92301,-2.4224],[32.92392,-2.42027],[32.92361,-2.416],[32.93104,-2.41193],[32.93452,-2.41084],[32.93928,-2.41107],[32.9463,-2.40631],[32.94649,-2.4078]]]]},"properties":{"region":"Mwanza","district":"Ilemela","ward":"Shibula","ward_code":"112"}},{"type":"Feature","geometry":{"type":"Polygon","coordinates":[[[32.99799,-2.50352],[32.99469,-2.50635],[32.99463,-2.50754],[32.99166,-2.50886],[32.99015,-2.50859],[32.98763,-2.50428],[32.9868,-2.50476],[32.98353,-2.50154],[32.98241,-2.50237],[32.98168,-2.50054],[32.97746,-2.50093],[32.9762,-2.49786],[32.97688,-2.49735],[32.97435,-2.49506],[32.973,-2.48974],[32.97104,-2.48933],[32.96963,-2.48597],[32.96621,-2.48547],[32.96559,-2.48431],[32.95921,-2.48934],[32.96063,-2.49098],[32.9558,-2.49269],[32.95358,-2.48787],[32.95067,-2.48564],[32.94788,-2.4805],[32.93278,-2.46367],[32.92866,-2.46221],[32.92033,-2.45539],[32.91145,-2.44214],[32.92006,-2.43504],[32.92354,-2.43566],[32.92416,-2.43711],[32.9254,-2.43657],[32.92628,-2.43835],[32.92847,-2.43854],[32.93046,-2.44073],[32.93192,-2.44029],[32.93841,-2.44335],[32.93879,-2.4446],[32.95179,-2.4528],[32.95605,-2.4571],[32.97339,-2.46479],[32.97727,-2.46928],[32.97868,-2.46896],[32.98249,-2.47216],[32.99522,-2.47742],[32.99802,-2.48],[33.00252,-2.48124],[33.01222,-2.48628],[33.01148,-2.4919],[33.01239,-2.49295],[33.01074,-2.49556],[33.01316,-2.49899],[33.01085,-2.50054],[33.01111,-2.50265],[33.00961,-2.50414],[33.00798,-2.50417],[33.00423,-2.5016],[32.99799,-2.50352]],[[32.99827,-2.50298],[32.99827,-2.50298],[32.99827,-2.50298],[32.99827,-2.50298]]]},"properties":{"region":"Mwanza","district":"Ilemela","ward":"Kahama","ward_code":"122"}},{"type":"Feature","geometry":{"type":"Polygon","coordinates":[[[32.92616,-2.46054],[32.93278,-2.46367],[32.94788,-2.4805],[32.95067,-2.48564],[32.95358,-2.48787],[32.9558,-2.49269],[32.95826,-2.49504],[32.95772,-2.49583],[32.9593,-2.50149],[32.95658,-2.50474],[32.95659,-2.50712],[32.95455,-2.50982],[32.95434,-2.51171],[32.94648,-2.51238],[32.94557,-2.51176],[32.94511,-2.51098],[32.94707,-2.5102],[32.94734,-2.5079],[32.9462,-2.50799],[32.94617,-2.50621],[32.94452,-2.50735],[32.94262,-2.50493],[32.94346,-2.50417],[32.94039,-2.49323],[32.93505,-2.49264],[32.93506,-2.49021],[32.93228,-2.49015],[32.93194,-2.4872],[32.93007,-2.48397],[32.92725,-2.48472],[32.9268,-2.48284],[32.92865,-2.48085],[32.92944,-2.47762],[32.92803,-2.47668],[32.92806,-2.47515],[32.92676,-2.475],[32.92699,-2.47413],[32.92462,-2.47377],[32.92324,-2.46752],[32.92258,-2.46753],[32.92247,-2.46111],[32.92616,-2.46054]]]},"properties":{"region":"Mwanza","district":"Ilemela","ward":"Kiseke","ward_code":"132"}},{"type":"Feature","geometry":{"type":"Polygon","coordinates":[[[32.91613,-2.47896],[32.91739,-2.47936],[32.9187,-2.48306],[32.92367,-2.4814],[32.9246,-2.48258],[32.9268,-2.48284],[32.92754,-2.48503],[32.92891,-2.48371],[32.93007,-2.48397],[32.93194,-2.4872],[32.93228,-2.49015],[32.93506,-2.49021],[32.93505,-2.49264],[32.94039,-2.49323],[32.94182,-2.49719],[32.94174,-2.49989],[32.9379,-2.49754],[32.93652,-2.49813],[32.93518,-2.49554],[32.93159,-2.49774],[32.92896,-2.49749],[32.92862,-2.49842],[32.92233,-2.48785],[32.92123,-2.48716],[32.92133,-2.48811],[32.91737,-2.48891],[32.91623,-2.48825],[32.91621,-2.48559],[32.91529,-2.48585],[32.91357,-2.4834],[32.91159,-2.48224],[32.90983,-2.48226],[32.9094,-2.48352],[32.90807,-2.48315],[32.9114,-2.47175],[32.91502,-2.47567],[32.91613,-2.47896]]]},"properties":{"region":"Mwanza","district":"Ilemela","ward":"Kawekamo","ward_code":"142"}},{"type":"Feature","geometry":{"type":"MultiPolygon","coordinates":[[[[32.89935,-2.48519],[32.89935,-2.48519],[32.89935,-2.48519],[32.89935,-2.48519]]],[[[32.9046,-2.48268],[32.90678,-2.48236],[32.9094,-2.48352],[32.90983,-2.48226],[32.91159,-2.48224],[32.91529,-2.48585],[32.91621,-2.48559],[32.91623,-2.48825],[32.91737,-2.48891],[32.92133,-2.48811],[32.92123,-2.48716],[32.92233,-2.48785],[32.9276,-2.49651],[32.92721,-2.49749],[32.92378,-2.49893],[32.92097,-2.49536],[32.91855,-2.4953],[32.91771,-2.4942],[32.91626,-2.49501],[32.90557,-2.4911],[32.9051,-2.49227],[32.90333,-2.4913],[32.90125,-2.48812],[32.89916,-2.48773],[32.89906,-2.48584],[32.89966,-2.4848],[32.90173,-2.48498],[32.90338,-2.48152],[32.9046,-2.48268]]]]},"properties":{"region":"Mwanza","district":"Ilemela","ward":"Ibungilo","ward_code":"152"}},{"type":"Feature","geometry":{"type":"MultiPolygon","coordinates":[[[[32.99827,-2.50298],[33.00159,-2.50291],[33.00257,-2.50175],[33.00423,-2.5016],[33.00798,-2.50417],[33.00961,-2.50414],[33.01111,-2.50265],[33.01085,-2.50054],[33.01316,-2.49899],[33.01074,-2.49556],[33.01239,-2.49295],[33.01148,-2.49176],[33.01257,-2.48659],[33.02308,-2.49454],[33.02705,-2.49477],[33.02792,-2.49624],[33.02797,-2.49739],[33.02313,-2.49764],[33.02541,-2.50003],[33.02569,-2.50269],[33.0214,-2.50551],[33.02676,-2.50851],[33.02614,-2.51061],[33.02752,-2.51884],[33.02731,-2.52358],[33.02646,-2.52652],[33.02649,-2.53392],[33.02473,-2.54198],[33.02306,-2.54508],[33.02321,-2.54672],[33.01435,-2.55574],[33.01239,-2.55998],[33.01235,-2.56642],[33.00845,-2.56253],[33.00039,-2.55055],[32.99941,-2.55034],[32.99615,-2.54425],[32.99544,-2.54441],[32.99127,-2.53869],[32.98661,-2.53506],[32.98614,-2.53238],[32.984,-2.52895],[32.98657,-2.52656],[32.98565,-2.52249],[32.98989,-2.51178],[32.99034,-2.50821],[32.99166,-2.50886],[32.99463,-2.50754],[32.99469,-2.50635],[32.99827,-2.50298]]],[[[32.99827,-2.50298],[32.99827,-2.50298],[32.99827,-2.50298],[32.99827,-2.50298]]]]},"properties":{"region":"Mwanza","district":"Ilemela","ward":"Nyamhongolo","ward_code":"162"}},{"type":"Feature","geometry":{"type":"Polygon","coordinates":[[[32.94805,-2.51565],[32.94968,-2.51744],[32.95378,-2.5193],[32.9531,-2.52123],[32.94875,-2.52299],[32.94889,-2.52475],[32.95171,-2.52806],[32.95715,-2.52803],[32.95746,-2.53064],[32.95352,-2.53269],[32.94838,-2.53332],[32.94607,-2.53525],[32.94366,-2.53494],[32.94196,-2.53586],[32.94132,-2.53401],[32.94323,-2.52712],[32.94002,-2.52224],[32.94517,-2.51866],[32.94671,-2.51594],[32.94805,-2.51565]]]},"properties":{"region":"Mwanza","district":"Ilemela","ward":"Mecco","ward_code":"172"}},{"type":"Feature","geometry":{"type":"Polygon","coordinates":[[[32.93342,-2.5218],[32.93459,-2.52048],[32.93758,-2.52191],[32.93941,-2.52102],[32.94247,-2.52496],[32.94323,-2.52712],[32.94132,-2.53401],[32.94163,-2.53619],[32.93069,-2.53375],[32.92824,-2.53136],[32.92923,-2.52906],[32.9279,-2.52708],[32.9286,-2.52468],[32.92758,-2.52334],[32.92927,-2.52044],[32.93342,-2.5218]]]},"properties":{"region":"Mwanza","district":"Ilemela","ward":"Buzuruga","ward_code":"182"}},{"type":"Feature","geometry":{"type":"Polygon","coordinates":[[[32.91481,-2.49461],[32.92097,-2.49536],[32.92378,-2.49893],[32.92698,-2.49767],[32.9276,-2.49651],[32.92862,-2.49842],[32.92896,-2.49749],[32.93159,-2.49774],[32.93518,-2.49554],[32.93652,-2.49813],[32.9379,-2.49754],[32.94235,-2.49985],[32.94228,-2.50212],[32.94349,-2.50437],[32.94262,-2.50493],[32.94452,-2.50735],[32.94617,-2.50621],[32.9462,-2.50799],[32.94734,-2.5079],[32.94707,-2.5102],[32.94511,-2.51098],[32.94648,-2.51238],[32.94876,-2.51177],[32.94805,-2.51377],[32.9492,-2.51658],[32.94805,-2.51565],[32.94671,-2.51594],[32.9465,-2.5173],[32.94062,-2.52216],[32.93941,-2.52102],[32.93758,-2.52191],[32.93459,-2.52048],[32.93372,-2.52182],[32.92927,-2.52044],[32.92903,-2.51178],[32.92664,-2.50918],[32.92733,-2.50713],[32.92313,-2.50476],[32.92245,-2.50348],[32.92153,-2.50319],[32.92086,-2.50469],[32.91852,-2.50471],[32.91623,-2.50292],[32.91474,-2.50356],[32.91185,-2.50149],[32.91099,-2.49835],[32.91365,-2.49846],[32.91481,-2.49461]]]},"properties":{"region":"Mwanza","district":"Ilemela","ward":"Nyasaka","ward_code":"192"}},{"type":"Feature","geometry":{"type":"Polygon","coordinates":[[[33.03287,-2.69287],[33.01789,-2.7141],[33.01551,-2.71898],[33.01786,-2.72384],[33.01214,-2.72735],[33.01128,-2.72994],[33.014,-2.73214],[33.01438,-2.73475],[33.0197,-2.73637],[33.02387,-2.74087],[33.02421,-2.74415],[33.02285,-2.7516],[33.01801,-2.7569],[33.01785,-2.75929],[33.01595,-2.76165],[33.01648,-2.76459],[33.01461,-2.76537],[33.01237,-2.76869],[33.0088,-2.7699],[33.00585,-2.77418],[33.00057,-2.77501],[32.99928,-2.77799],[32.99663,-2.7801],[32.9936,-2.77952],[32.9905,-2.78138],[32.98465,-2.78823],[32.98321,-2.79213],[32.97635,-2.79471],[32.96441,-2.794],[32.95865,-2.787],[32.95467,-2.78395],[32.95452,-2.78073],[32.95069,-2.77885],[32.95144,-2.77092],[32.95694,-2.76513],[32.96089,-2.75636],[32.96248,-2.74867],[32.96364,-2.74811],[32.96496,-2.7437],[32.96632,-2.7306],[32.96996,-2.72731],[32.9741,-2.71742],[32.9764,-2.71439],[32.98275,-2.71133],[32.9882,-2.70738],[32.99387,-2.70751],[33.01027,-2.70433],[33.02415,-2.70015],[33.03287,-2.69287]]]},"properties":{"region":"Mwanza","district":"Misungwi","ward":"Bulemeji","ward_code":"011"}},{"type":"Feature","geometry":{"type":"Polygon","coordinates":[[[32.91271,-2.64819],[32.9168,-2.6495],[32.91676,-2.65087],[32.91896,-2.65143],[32.92009,-2.6545],[32.92176,-2.65501],[32.92713,-2.65492],[32.92961,-2.65231],[32.93561,-2.65941],[32.94593,-2.66499],[32.9494,-2.66926],[32.9524,-2.67075],[32.95473,-2.67056],[32.96152,-2.67453],[32.963,-2.67948],[32.96274,-2.6865],[32.96631,-2.6893],[32.96725,-2.69849],[32.95175,-2.70405],[32.97155,-2.71353],[32.9764,-2.71439],[32.97173,-2.72214],[32.96996,-2.72731],[32.96632,-2.7306],[32.96496,-2.7437],[32.96364,-2.74811],[32.96248,-2.74867],[32.96089,-2.75636],[32.95861,-2.76153],[32.95694,-2.76513],[32.95144,-2.77092],[32.9403,-2.77261],[32.93857,-2.77144],[32.93699,-2.76747],[32.92727,-2.77006],[32.92196,-2.76882],[32.91816,-2.7612],[32.91209,-2.75993],[32.91117,-2.75869],[32.911,-2.75045],[32.91428,-2.74582],[32.91407,-2.74275],[32.90395,-2.73385],[32.9029,-2.73138],[32.90472,-2.72564],[32.90441,-2.72406],[32.90626,-2.7203],[32.9058,-2.71771],[32.89813,-2.71946],[32.89353,-2.71579],[32.89352,-2.71368],[32.88785,-2.7091],[32.88338,-2.70196],[32.88507,-2.69471],[32.88909,-2.68962],[32.89084,-2.69301],[32.89965,-2.69812],[32.90045,-2.69798],[32.90142,-2.69227],[32.90646,-2.68916],[32.91015,-2.68864],[32.92319,-2.69368],[32.92236,-2.68295],[32.92079,-2.67985],[32.91492,-2.673],[32.90936,-2.66854],[32.90604,-2.65962],[32.90303,-2.65765],[32.8988,-2.65811],[32.89521,-2.65678],[32.89597,-2.6506],[32.89055,-2.64901],[32.89829,-2.64051],[32.90229,-2.64025],[32.90751,-2.64154],[32.911,-2.6441],[32.91271,-2.64819]]]},"properties":{"region":"Mwanza","district":"Misungwi","ward":"Idetemya","ward_code":"021"}},{"type":"Feature","geometry":{"type":"Polygon","coordinates":[[[32.98826,-2.63438],[32.99372,-2.63497],[32.99444,-2.63429],[32.9983,-2.63644],[32.99824,-2.64982],[32.99519,-2.65479],[32.99281,-2.65688],[32.99671,-2.66102],[32.99996,-2.6615],[33.00231,-2.66354],[33.00272,-2.66507],[33.00703,-2.66903],[33.01328,-2.67744],[33.02742,-2.68245],[33.0349,-2.6839],[33.03787,-2.68621],[33.03287,-2.69287],[33.02415,-2.70015],[33.01027,-2.70433],[32.99387,-2.70751],[32.9882,-2.70738],[32.98275,-2.71133],[32.9764,-2.71439],[32.97411,-2.71441],[32.95175,-2.70405],[32.96725,-2.69849],[32.96631,-2.6893],[32.96274,-2.6865],[32.963,-2.67948],[32.96152,-2.67453],[32.95473,-2.67056],[32.9524,-2.67075],[32.9494,-2.66926],[32.94593,-2.66499],[32.93561,-2.65941],[32.92961,-2.65231],[32.93618,-2.64582],[32.93982,-2.64388],[32.949,-2.64226],[32.95262,-2.64244],[32.95656,-2.64418],[32.96152,-2.64027],[32.97491,-2.63875],[32.98243,-2.63527],[32.98826,-2.63438]]]},"properties":{"region":"Mwanza","district":"Misungwi","ward":"Usagara","ward_code":"033"}},{"type":"Feature","geometry":{"type":"Polygon","coordinates":[[[33.05885,-2.65905],[33.06216,-2.66144],[33.06537,-2.66771],[33.0696,-2.6693],[33.07473,-2.67445],[33.07738,-2.68431],[33.08169,-2.68927],[33.08276,-2.68901],[33.08538,-2.69475],[33.08657,-2.70784],[33.08255,-2.71504],[33.07761,-2.73036],[33.07339,-2.73344],[33.06859,-2.73264],[33.06006,-2.7394],[33.05833,-2.74366],[33.05077,-2.75048],[33.04683,-2.75112],[33.0432,-2.74989],[33.04007,-2.75059],[33.0351,-2.74975],[33.03321,-2.75185],[33.03165,-2.75215],[33.02679,-2.74987],[33.02285,-2.7516],[33.02421,-2.74415],[33.02387,-2.74087],[33.0197,-2.73637],[33.01438,-2.73475],[33.014,-2.73214],[33.01128,-2.72994],[33.01214,-2.72735],[33.01786,-2.72384],[33.01551,-2.71898],[33.01789,-2.7141],[33.03851,-2.68542],[33.04221,-2.67526],[33.0449,-2.6708],[33.0494,-2.66915],[33.05519,-2.66096],[33.05904,-2.65802],[33.05885,-2.65905]]]},"properties":{"region":"Mwanza","district":"Misungwi","ward":"Ukiriguru","ward_code":"041"}},{"type":"Feature","geometry":{"type":"Polygon","coordinates":[[[33.14617,-2.60018],[33.14622,-2.60636],[33.15489,-2.61971],[33.1617,-2.61949],[33.17568,-2.61426],[33.18105,-2.6194],[33.1816,-2.62196],[33.18709,-2.62567],[33.19026,-2.63045],[33.19412,-2.63149],[33.19744,-2.63471],[33.20158,-2.63619],[33.20403,-2.63582],[33.20849,-2.63786],[33.21,-2.63735],[33.20741,-2.64092],[33.20547,-2.64612],[33.20381,-2.64764],[33.20195,-2.65491],[33.20029,-2.65597],[33.19964,-2.65822],[33.19699,-2.65962],[33.18901,-2.65771],[33.18374,-2.65765],[33.17823,-2.65912],[33.1716,-2.66359],[33.17195,-2.66541],[33.16801,-2.66899],[33.16456,-2.67179],[33.16297,-2.67135],[33.15847,-2.67499],[33.15759,-2.6868],[33.15612,-2.69028],[33.13593,-2.68991],[33.12469,-2.68826],[33.11961,-2.68541],[33.11617,-2.68131],[33.115,-2.68304],[33.10223,-2.69231],[33.10039,-2.70453],[33.0901,-2.71009],[33.08819,-2.70885],[33.08694,-2.70631],[33.08538,-2.69475],[33.08276,-2.68901],[33.08169,-2.68927],[33.07738,-2.68431],[33.07473,-2.67445],[33.0696,-2.6693],[33.06537,-2.66771],[33.06216,-2.66144],[33.05895,-2.65928],[33.05485,-2.64758],[33.05788,-2.64644],[33.0606,-2.64664],[33.06377,-2.64474],[33.06734,-2.63996],[33.07062,-2.63869],[33.07071,-2.63685],[33.07152,-2.63733],[33.07401,-2.6341],[33.0742,-2.63154],[33.07734,-2.63053],[33.08153,-2.63097],[33.08734,-2.62986],[33.0911,-2.62717],[33.0965,-2.62049],[33.10262,-2.61638],[33.1109,-2.61381],[33.1169,-2.6107],[33.12018,-2.6041],[33.12762,-2.60172],[33.13369,-2.60234],[33.13965,-2.59855],[33.14011,-2.59932],[33.14617,-2.60018]]]},"properties":{"region":"Mwanza","district":"Misungwi","ward":"Kanyelele","ward_code":"051"}},{"type":"Feature","geometry":{"type":"Polygon","coordinates":[[[33.03891,-2.61641],[33.06591,-2.62313],[33.07188,-2.62117],[33.07442,-2.61819],[33.07602,-2.61791],[33.07351,-2.62447],[33.07451,-2.62598],[33.07377,-2.62774],[33.07533,-2.63114],[33.0742,-2.63154],[33.07401,-2.6341],[33.07152,-2.63733],[33.07071,-2.63685],[33.07062,-2.63869],[33.06734,-2.63996],[33.06377,-2.64474],[33.0606,-2.64664],[33.05788,-2.64644],[33.05485,-2.64758],[33.05904,-2.65802],[33.05519,-2.66096],[33.0494,-2.66915],[33.0449,-2.6708],[33.03787,-2.68621],[33.0349,-2.6839],[33.02742,-2.68245],[33.01328,-2.67744],[33.00703,-2.66903],[33.00272,-2.66507],[33.00231,-2.66354],[32.99996,-2.6615],[32.99671,-2.66102],[32.99281,-2.65688],[32.99519,-2.65479],[32.99824,-2.64982],[32.9983,-2.63644],[33.00144,-2.63487],[33.00251,-2.63598],[33.00395,-2.63487],[33.00535,-2.6354],[33.00863,-2.63194],[33.01739,-2.63109],[33.02391,-2.62889],[33.02663,-2.62469],[33.02626,-2.62307],[33.02854,-2.61897],[33.02927,-2.61573],[33.0286,-2.61155],[33.03603,-2.61362],[33.03891,-2.61641]]]},"properties":{"region":"Mwanza","district":"Misungwi","ward":"Fella","ward_code":"271"}},{"type":"Feature","geometry":{"type":"Polygon","coordinates":[[[33.22933,-2.62863],[33.22774,-2.63155],[33.22771,-2.63487],[33.22912,-2.63668],[33.22883,-2.64016],[33.22787,-2.64145],[33.23017,-2.64483],[33.23136,-2.64587],[33.2368,-2.64535],[33.24383,-2.65083],[33.24683,-2.65124],[33.24485,-2.65815],[33.23097,-2.65314],[33.22293,-2.65552],[33.22234,-2.6599],[33.21591,-2.66342],[33.21591,-2.66454],[33.21373,-2.66595],[33.21286,-2.66918],[33.21228,-2.66849],[33.21193,-2.67011],[33.21027,-2.67115],[33.2086,-2.67566],[33.2052,-2.67855],[33.203,-2.68957],[33.20569,-2.69519],[33.20736,-2.70514],[33.21111,-2.71178],[33.20781,-2.72134],[33.20218,-2.73177],[33.19749,-2.73093],[33.188,-2.73274],[33.17951,-2.74172],[33.16639,-2.74391],[33.16054,-2.73944],[33.15371,-2.73787],[33.1381,-2.72311],[33.13401,-2.72201],[33.12366,-2.72394],[33.11586,-2.72423],[33.10021,-2.71239],[33.0971,-2.7124],[33.0901,-2.71009],[33.10039,-2.70453],[33.10223,-2.69231],[33.115,-2.68304],[33.11617,-2.68131],[33.11961,-2.68541],[33.12469,-2.68826],[33.13593,-2.68991],[33.15612,-2.69028],[33.15759,-2.6868],[33.15847,-2.67499],[33.16297,-2.67135],[33.16456,-2.67179],[33.16801,-2.66899],[33.17195,-2.66541],[33.1716,-2.66359],[33.17823,-2.65912],[33.18374,-2.65765],[33.18901,-2.65771],[33.19527,-2.65971],[33.19964,-2.65822],[33.20029,-2.65597],[33.20256,-2.65349],[33.20381,-2.64764],[33.20547,-2.64612],[33.20741,-2.64092],[33.21,-2.63735],[33.21448,-2.63351],[33.21814,-2.63271],[33.22109,-2.6298],[33.2285,-2.62765],[33.22933,-2.62863]]]},"properties":{"region":"Mwanza","district":"Misungwi","ward":"Koromije","ward_code":"061"}},{"type":"Feature","geometry":{"type":"Polygon","coordinates":[[[33.07815,-2.74633],[33.08985,-2.7528],[33.09622,-2.76429],[33.1012,-2.77648],[33.10381,-2.77985],[33.09465,-2.78237],[33.08564,-2.78718],[33.09187,-2.79325],[33.0965,-2.80113],[33.09705,-2.80435],[33.09573,-2.80617],[33.09613,-2.81239],[33.09728,-2.81499],[33.09365,-2.813],[33.08695,-2.81169],[33.08709,-2.81105],[33.08362,-2.80977],[33.07626,-2.80945],[33.07433,-2.80857],[33.07068,-2.81123],[33.07226,-2.81352],[33.06918,-2.81607],[33.06805,-2.81984],[33.06621,-2.82173],[33.05667,-2.82132],[33.04891,-2.83223],[33.04279,-2.84284],[33.0401,-2.85108],[33.03992,-2.86208],[33.03543,-2.86603],[33.01546,-2.86278],[33.01706,-2.862],[33.01811,-2.8598],[33.01806,-2.85655],[33.01667,-2.85656],[33.01566,-2.85376],[33.01315,-2.85284],[33.00741,-2.84743],[33.00554,-2.8472],[33.00486,-2.85041],[33.00118,-2.8569],[32.99591,-2.8596],[32.99239,-2.85736],[32.98014,-2.85794],[32.97206,-2.8427],[32.97265,-2.82752],[32.97127,-2.8236],[32.96762,-2.82536],[32.95895,-2.82249],[32.94462,-2.82843],[32.93892,-2.82879],[32.93382,-2.82715],[32.93476,-2.81969],[32.94105,-2.81215],[32.9442,-2.79771],[32.94624,-2.79577],[32.95771,-2.79339],[32.96213,-2.795],[32.96441,-2.794],[32.97635,-2.79471],[32.98321,-2.79213],[32.98465,-2.78823],[32.9905,-2.78138],[32.9936,-2.77952],[32.99663,-2.7801],[32.99928,-2.77799],[33.00057,-2.77501],[33.00585,-2.77418],[33.0088,-2.7699],[33.01237,-2.76869],[33.01461,-2.76537],[33.01648,-2.76459],[33.01595,-2.76165],[33.01785,-2.75929],[33.01801,-2.7569],[33.02285,-2.7516],[33.02679,-2.74987],[33.03165,-2.75215],[33.03321,-2.75185],[33.0351,-2.74975],[33.05023,-2.75084],[33.05833,-2.74366],[33.06006,-2.7394],[33.06859,-2.73264],[33.07811,-2.73703],[33.07815,-2.74633]]]},"properties":{"region":"Mwanza","district":"Misungwi","ward":"Igokelo","ward_code":"071"}},{"type":"Feature","geometry":{"type":"Polygon","coordinates":[[[33.17476,-2.81041],[33.17314,-2.8226],[33.17299,-2.83091],[33.1738,-2.83172],[33.17159,-2.83413],[33.18126,-2.84193],[33.18129,-2.85116],[33.18691,-2.86267],[33.1877,-2.8686],[33.18971,-2.86824],[33.19348,-2.86445],[33.19634,-2.86491],[33.19744,-2.86396],[33.19744,-2.86222],[33.1993,-2.85926],[33.20437,-2.85592],[33.20569,-2.85446],[33.20567,-2.85288],[33.20803,-2.85212],[33.21118,-2.84765],[33.23495,-2.85839],[33.23812,-2.86159],[33.23697,-2.87146],[33.24161,-2.87002],[33.24564,-2.86674],[33.25412,-2.86327],[33.25681,-2.8663],[33.25556,-2.86992],[33.2557,-2.87347],[33.25217,-2.87734],[33.25223,-2.89203],[33.25468,-2.8975],[33.25898,-2.90093],[33.26488,-2.90377],[33.26383,-2.90653],[33.26248,-2.90685],[33.26266,-2.90806],[33.25907,-2.90865],[33.25441,-2.91216],[33.25045,-2.91248],[33.24802,-2.91407],[33.24568,-2.91754],[33.24055,-2.91996],[33.23831,-2.91939],[33.23465,-2.92108],[33.23239,-2.91919],[33.23032,-2.91956],[33.22975,-2.91875],[33.2294,-2.92048],[33.22671,-2.9194],[33.2251,-2.92051],[33.22394,-2.91977],[33.22314,-2.92126],[33.22115,-2.92078],[33.21202,-2.92313],[33.21227,-2.92454],[33.20907,-2.92766],[33.20016,-2.92593],[33.19899,-2.9242],[33.19713,-2.92673],[33.19461,-2.92673],[33.19081,-2.92187],[33.18842,-2.92473],[33.18737,-2.92373],[33.18378,-2.92344],[33.18185,-2.92659],[33.18053,-2.91506],[33.18237,-2.91218],[33.18033,-2.90907],[33.18006,-2.90474],[33.18386,-2.89052],[33.1829,-2.88462],[33.18148,-2.88267],[33.18116,-2.87624],[33.17858,-2.87843],[33.17013,-2.88122],[33.15147,-2.87453],[33.14301,-2.87312],[33.14424,-2.85673],[33.14357,-2.85572],[33.1425,-2.85633],[33.14133,-2.85554],[33.13981,-2.8504],[33.14164,-2.84562],[33.14106,-2.84463],[33.14319,-2.84248],[33.14274,-2.8408],[33.14428,-2.83638],[33.146,-2.83483],[33.14672,-2.83119],[33.14923,-2.83044],[33.14826,-2.82919],[33.14931,-2.82839],[33.14922,-2.82387],[33.15329,-2.82166],[33.15307,-2.81948],[33.15615,-2.81619],[33.17476,-2.81041]]]},"properties":{"region":"Mwanza","district":"Misungwi","ward":"Mwaniko","ward_code":"081"}},{"type":"Feature","geometry":{"type":"Polygon","coordinates":[[[33.13361,-2.81009],[33.13795,-2.81827],[33.1408,-2.81956],[33.14231,-2.82181],[33.14486,-2.82884],[33.14671,-2.83002],[33.146,-2.83483],[33.14428,-2.83638],[33.14274,-2.8408],[33.14319,-2.84248],[33.14106,-2.84463],[33.14164,-2.84562],[33.13983,-2.84969],[33.14133,-2.85554],[33.14401,-2.85614],[33.14432,-2.85842],[33.14301,-2.87312],[33.14231,-2.87515],[33.141,-2.87561],[33.1412,-2.88232],[33.13854,-2.88847],[33.12698,-2.89942],[33.12136,-2.9033],[33.11945,-2.90239],[33.11525,-2.90276],[33.10973,-2.90542],[33.10771,-2.90775],[33.09803,-2.91342],[33.09742,-2.91683],[33.09314,-2.91681],[33.09238,-2.9156],[33.09023,-2.92083],[33.08546,-2.92703],[33.08493,-2.92541],[33.08206,-2.92532],[33.08086,-2.92125],[33.07598,-2.9232],[33.07067,-2.92],[33.06644,-2.91991],[33.06565,-2.91879],[33.0659,-2.91216],[33.06263,-2.91104],[33.06133,-2.90826],[33.05941,-2.90797],[33.06166,-2.90562],[33.06176,-2.90398],[33.05866,-2.90326],[33.05742,-2.90114],[33.05964,-2.89862],[33.05817,-2.89707],[33.05908,-2.894],[33.06083,-2.89331],[33.05987,-2.88906],[33.0532,-2.88351],[33.05121,-2.88395],[33.04889,-2.88189],[33.04416,-2.88189],[33.04259,-2.88093],[33.0391,-2.86842],[33.03543,-2.86603],[33.03992,-2.86208],[33.0401,-2.85108],[33.04279,-2.84284],[33.04679,-2.83553],[33.05667,-2.82132],[33.06621,-2.82173],[33.06805,-2.81984],[33.06918,-2.81607],[33.07226,-2.81352],[33.07041,-2.81189],[33.07287,-2.80899],[33.08362,-2.80977],[33.08709,-2.81105],[33.08695,-2.81169],[33.09365,-2.813],[33.09728,-2.81499],[33.09613,-2.81239],[33.09573,-2.80617],[33.09705,-2.80435],[33.0965,-2.80113],[33.09187,-2.79325],[33.08564,-2.78718],[33.10086,-2.78009],[33.10381,-2.77985],[33.10849,-2.78694],[33.13361,-2.81009]]]},"properties":{"region":"Mwanza","district":"Misungwi","ward":"Misungwi","ward_code":"093"}},{"type":"Feature","geometry":{"type":"Polygon","coordinates":[[[33.15147,-2.87453],[33.17013,-2.88122],[33.17858,-2.87843],[33.18116,-2.87624],[33.18148,-2.88267],[33.1829,-2.88462],[33.18386,-2.89052],[33.18006,-2.90474],[33.18033,-2.90907],[33.18237,-2.91218],[33.18053,-2.91506],[33.18185,-2.92659],[33.18378,-2.92344],[33.18737,-2.92373],[33.18842,-2.92473],[33.19081,-2.92187],[33.19461,-2.92673],[33.19713,-2.92673],[33.19899,-2.9242],[33.19969,-2.92562],[33.20226,-2.92653],[33.20513,-2.92636],[33.20607,-2.92758],[33.2094,-2.9271],[33.21011,-2.93037],[33.21188,-2.93234],[33.214,-2.93373],[33.21607,-2.93314],[33.21629,-2.93456],[33.22229,-2.94152],[33.22538,-2.9432],[33.22716,-2.94701],[33.23078,-2.94921],[33.23139,-2.95259],[33.23524,-2.95262],[33.23703,-2.956],[33.24079,-2.95675],[33.24055,-2.96808],[33.24156,-2.9715],[33.23901,-2.97336],[33.23587,-2.97983],[33.22645,-2.98294],[33.21141,-2.99208],[33.20584,-2.99731],[33.19869,-3.00646],[33.19424,-3.01022],[33.18513,-3.01424],[33.16933,-3.02593],[33.16646,-3.02615],[33.16746,-3.02438],[33.16683,-3.02285],[33.16495,-3.02233],[33.16477,-3.02107],[33.16237,-3.01956],[33.16016,-3.01921],[33.15876,-3.02134],[33.15714,-3.0195],[33.1552,-3.0195],[33.15499,-3.01751],[33.15308,-3.01747],[33.15313,-3.01589],[33.1501,-3.01607],[33.15034,-3.01453],[33.15152,-3.01381],[33.15054,-3.01257],[33.15277,-3.01239],[33.15037,-3.01141],[33.15154,-3.00932],[33.14864,-3.01004],[33.14842,-3.00885],[33.14798,-3.00946],[33.14718,-3.00866],[33.14904,-3.0081],[33.14741,-3.00661],[33.14793,-3.00546],[33.14576,-3.00617],[33.14438,-3.00539],[33.14445,-3.0028],[33.14727,-3.00206],[33.14726,-3.00124],[33.14492,-2.99959],[33.14268,-3.00128],[33.14094,-3.00113],[33.13999,-2.99969],[33.13781,-3.00064],[33.13868,-2.99792],[33.14124,-2.99867],[33.14059,-2.99714],[33.13859,-2.99751],[33.13794,-2.99617],[33.13986,-2.993],[33.13822,-2.99254],[33.13598,-2.994],[33.13285,-2.99289],[33.13379,-2.98969],[33.13276,-2.98849],[33.13439,-2.98808],[33.13417,-2.98745],[33.13154,-2.98738],[33.131,-2.98832],[33.1292,-2.98557],[33.12821,-2.98642],[33.1291,-2.98861],[33.12836,-2.98909],[33.12735,-2.98882],[33.127,-2.98683],[33.12562,-2.98672],[33.12441,-2.98792],[33.12408,-2.98578],[33.1224,-2.9849],[33.11931,-2.98422],[33.11666,-2.98605],[33.11517,-2.9839],[33.11397,-2.98371],[33.1147,-2.97895],[33.11409,-2.97819],[33.11265,-2.9785],[33.11249,-2.97689],[33.11143,-2.97699],[33.11096,-2.97582],[33.11243,-2.97418],[33.11148,-2.97144],[33.11049,-2.97115],[33.11182,-2.96861],[33.10874,-2.9686],[33.10449,-2.96684],[33.1063,-2.96504],[33.10365,-2.96373],[33.10401,-2.9599],[33.09728,-2.95703],[33.09789,-2.95512],[33.09951,-2.95638],[33.10094,-2.95516],[33.09961,-2.94292],[33.10137,-2.9437],[33.1039,-2.94259],[33.10491,-2.9446],[33.10605,-2.94441],[33.10477,-2.94091],[33.10556,-2.93796],[33.10467,-2.93729],[33.10472,-2.93393],[33.10043,-2.93265],[33.09937,-2.93268],[33.09812,-2.93471],[33.09603,-2.93358],[33.0939,-2.93414],[33.09218,-2.92986],[33.09051,-2.92927],[33.08822,-2.93064],[33.0865,-2.93049],[33.08505,-2.92972],[33.08463,-2.92817],[33.09023,-2.92083],[33.09238,-2.9156],[33.09314,-2.91681],[33.09742,-2.91683],[33.09803,-2.91342],[33.10771,-2.90775],[33.10973,-2.90542],[33.11525,-2.90276],[33.11945,-2.90239],[33.12136,-2.9033],[33.12698,-2.89942],[33.13854,-2.88847],[33.1412,-2.88232],[33.141,-2.87561],[33.14231,-2.87515],[33.14301,-2.87312],[33.15147,-2.87453]]]},"properties":{"region":"Mwanza","district":"Misungwi","ward":"Mabuki","ward_code":"241"}},{"type":"Feature","geometry":{"type":"Polygon","coordinates":[[[33.20251,-2.80869],[33.21556,-2.81482],[33.2263,-2.81551],[33.23268,-2.81816],[33.25145,-2.81782],[33.2622,-2.82101],[33.27103,-2.82187],[33.27905,-2.82084],[33.28226,-2.8272],[33.28213,-2.8329],[33.28517,-2.83807],[33.28565,-2.84262],[33.28217,-2.84648],[33.28304,-2.85048],[33.28509,-2.85439],[33.28865,-2.85828],[33.29297,-2.86045],[33.29198,-2.86181],[33.29139,-2.86867],[33.2863,-2.87421],[33.28535,-2.87853],[33.28586,-2.87991],[33.28351,-2.8812],[33.28339,-2.88257],[33.27902,-2.88637],[33.27863,-2.88836],[33.27586,-2.88955],[33.27188,-2.89613],[33.26775,-2.89915],[33.2677,-2.90025],[33.26497,-2.90235],[33.26488,-2.90377],[33.25898,-2.90093],[33.25468,-2.8975],[33.25223,-2.89203],[33.25217,-2.87734],[33.2557,-2.87347],[33.25556,-2.86992],[33.25681,-2.8663],[33.25412,-2.86327],[33.24564,-2.86674],[33.24161,-2.87002],[33.23697,-2.87146],[33.23812,-2.86159],[33.23495,-2.85839],[33.21118,-2.84765],[33.20803,-2.85212],[33.20567,-2.85288],[33.20569,-2.85446],[33.20437,-2.85592],[33.1993,-2.85926],[33.19744,-2.86222],[33.19744,-2.86396],[33.19634,-2.86491],[33.19348,-2.86445],[33.18971,-2.86824],[33.1877,-2.8686],[33.18691,-2.86267],[33.18129,-2.85116],[33.18126,-2.84193],[33.17159,-2.83413],[33.1738,-2.83172],[33.17299,-2.83091],[33.17314,-2.8226],[33.17476,-2.81041],[33.1818,-2.81107],[33.20251,-2.80869]]]},"properties":{"region":"Mwanza","district":"Misungwi","ward":"Mondo","ward_code":"251"}},{"type":"Feature","geometry":{"type":"Polygon","coordinates":[[[33.09088,-2.71093],[33.10021,-2.71239],[33.1041,-2.71461],[33.11169,-2.72164],[33.11586,-2.72423],[33.12366,-2.72394],[33.13401,-2.72201],[33.1381,-2.72311],[33.15371,-2.73787],[33.16054,-2.73944],[33.16639,-2.74391],[33.16894,-2.75305],[33.168,-2.76463],[33.16016,-2.77508],[33.1545,-2.77847],[33.15334,-2.79807],[33.15538,-2.80425],[33.15417,-2.80859],[33.15502,-2.81215],[33.15438,-2.81274],[33.15606,-2.81659],[33.15307,-2.81948],[33.15329,-2.82166],[33.14922,-2.82387],[33.14931,-2.82839],[33.14826,-2.82919],[33.14923,-2.83044],[33.14672,-2.83119],[33.14671,-2.83002],[33.14486,-2.82884],[33.14231,-2.82181],[33.1408,-2.81956],[33.13795,-2.81827],[33.13161,-2.80793],[33.10849,-2.78694],[33.1012,-2.77648],[33.09622,-2.76429],[33.08985,-2.7528],[33.07815,-2.74633],[33.07811,-2.73703],[33.06859,-2.73264],[33.07339,-2.73344],[33.07761,-2.73036],[33.08255,-2.71504],[33.08694,-2.70631],[33.08819,-2.70885],[33.09088,-2.71093]]]},"properties":{"region":"Mwanza","district":"Misungwi","ward":"Mamaye","ward_code":"261"}},{"type":"Feature","geometry":{"type":"Polygon","coordinates":[[[33.0939,-2.93414],[33.09603,-2.93358],[33.09812,-2.93471],[33.09937,-2.93268],[33.10043,-2.93265],[33.10491,-2.93439],[33.10467,-2.93729],[33.10556,-2.93796],[33.10477,-2.94091],[33.10605,-2.94441],[33.10491,-2.9446],[33.1039,-2.94259],[33.10137,-2.9437],[33.09961,-2.94292],[33.10094,-2.95516],[33.09951,-2.95638],[33.09789,-2.95512],[33.09728,-2.95703],[33.10401,-2.9599],[33.10365,-2.96373],[33.1063,-2.96504],[33.10449,-2.96684],[33.10874,-2.9686],[33.11182,-2.96861],[33.11049,-2.97115],[33.11148,-2.97144],[33.11243,-2.97418],[33.11096,-2.97582],[33.11143,-2.97699],[33.11249,-2.97689],[33.11265,-2.9785],[33.11409,-2.97819],[33.1147,-2.97895],[33.11397,-2.98371],[33.11517,-2.9839],[33.11666,-2.98605],[33.11931,-2.98422],[33.1224,-2.9849],[33.12408,-2.98578],[33.12441,-2.98792],[33.12562,-2.98672],[33.127,-2.98683],[33.12735,-2.98882],[33.12836,-2.98909],[33.1291,-2.98861],[33.12815,-2.98676],[33.12881,-2.98569],[33.12991,-2.98577],[33.131,-2.98832],[33.13154,-2.98738],[33.13378,-2.98715],[33.13439,-2.98808],[33.13268,-2.98888],[33.13379,-2.98969],[33.13285,-2.99289],[33.13598,-2.994],[33.13822,-2.99254],[33.13986,-2.993],[33.13794,-2.99617],[33.13859,-2.99751],[33.14059,-2.99714],[33.14124,-2.99867],[33.13868,-2.99792],[33.13781,-3.00064],[33.13999,-2.99969],[33.14094,-3.00113],[33.14268,-3.00128],[33.14476,-2.99962],[33.14587,-2.99986],[33.14743,-3.00173],[33.14445,-3.0028],[33.14445,-3.00574],[33.14793,-3.00546],[33.14741,-3.00661],[33.14904,-3.0081],[33.14718,-3.00866],[33.14883,-3.00976],[33.11857,-3.01739],[33.11736,-3.01863],[33.11049,-3.01996],[33.10997,-3.0192],[33.10257,-3.02018],[33.1019,-3.02248],[33.09874,-3.02295],[33.09761,-3.02616],[33.09552,-3.02826],[33.09521,-3.03028],[33.0962,-3.03145],[33.09442,-3.0423],[33.09645,-3.04954],[33.09568,-3.05134],[33.09059,-3.05367],[33.08187,-3.05328],[33.06909,-3.06646],[33.05492,-3.06193],[33.0488,-3.05585],[33.04727,-3.05247],[33.0435,-3.04954],[33.04119,-3.04296],[33.04002,-3.04456],[33.03344,-3.04833],[33.03096,-3.05111],[33.02966,-3.05074],[33.03565,-3.04244],[33.036,-3.03982],[33.01503,-3.03206],[33.01373,-3.03062],[33.01155,-3.0242],[33.01146,-3.01948],[33.01024,-3.01827],[33.01059,-3.01614],[33.00934,-3.01233],[33.0077,-3.01097],[33.00398,-3.01008],[33.00297,-3.00797],[32.99964,-3.00706],[32.99793,-3.00432],[32.99439,-3.00313],[32.99247,-3.00074],[32.99111,-3.00043],[32.99078,-2.99899],[32.99372,-2.99296],[32.99464,-2.98733],[32.99941,-2.98219],[33.00353,-2.97942],[33.00663,-2.9791],[33.00801,-2.97586],[33.01257,-2.97963],[33.02894,-2.98718],[33.03396,-2.99075],[33.03653,-2.99058],[33.03855,-2.98725],[33.04185,-2.98512],[33.0588,-2.99244],[33.06281,-2.99289],[33.06902,-2.98723],[33.07078,-2.98231],[33.07976,-2.97114],[33.08822,-2.93064],[33.09051,-2.92927],[33.09218,-2.92986],[33.0939,-2.93414]]]},"properties":{"region":"Mwanza","district":"Misungwi","ward":"Misasi","ward_code":"103"}},{"type":"Feature","geometry":{"type":"Polygon","coordinates":[[[33.15155,-3.00986],[33.15037,-3.01141],[33.15277,-3.01239],[33.15054,-3.01257],[33.15152,-3.01381],[33.15034,-3.01453],[33.1501,-3.01607],[33.15313,-3.01589],[33.15308,-3.01747],[33.15499,-3.01751],[33.1552,-3.0195],[33.15714,-3.0195],[33.15876,-3.02134],[33.16091,-3.01904],[33.16477,-3.02107],[33.16495,-3.02233],[33.16623,-3.02209],[33.16746,-3.02438],[33.16625,-3.02601],[33.16933,-3.02593],[33.16894,-3.02711],[33.17035,-3.02779],[33.17035,-3.03074],[33.17292,-3.03082],[33.1724,-3.03194],[33.17497,-3.03286],[33.17611,-3.03544],[33.17854,-3.0354],[33.17976,-3.03753],[33.17924,-3.03841],[33.18101,-3.03904],[33.18053,-3.0403],[33.18301,-3.04155],[33.18132,-3.042],[33.18179,-3.04326],[33.17998,-3.04477],[33.1825,-3.04516],[33.18173,-3.0474],[33.17914,-3.04754],[33.17974,-3.04912],[33.17777,-3.04962],[33.17654,-3.05337],[33.17528,-3.05399],[33.17569,-3.0573],[33.17748,-3.05684],[33.17959,-3.05935],[33.17649,-3.06118],[33.17707,-3.06309],[33.17962,-3.06327],[33.18106,-3.06441],[33.18098,-3.06678],[33.18254,-3.06836],[33.18113,-3.07173],[33.17867,-3.07232],[33.178,-3.07522],[33.17876,-3.07616],[33.18148,-3.07621],[33.18397,-3.08164],[33.18948,-3.08438],[33.18907,-3.08637],[33.18683,-3.08809],[33.19001,-3.09308],[33.18747,-3.09651],[33.18811,-3.09851],[33.18898,-3.09912],[33.19099,-3.09826],[33.19491,-3.10116],[33.19249,-3.101],[33.18719,-3.10413],[33.18183,-3.10907],[33.16688,-3.11778],[33.16598,-3.12227],[33.16418,-3.12481],[33.16445,-3.13157],[33.15424,-3.13213],[33.15091,-3.13014],[33.14727,-3.1306],[33.14508,-3.13294],[33.13843,-3.13337],[33.11685,-3.12044],[33.10334,-3.11595],[33.09427,-3.11516],[33.08674,-3.1019],[33.08181,-3.10119],[33.07579,-3.09762],[33.07385,-3.09721],[33.07196,-3.09829],[33.06846,-3.09701],[33.06702,-3.09809],[33.06561,-3.09713],[33.06578,-3.08397],[33.06909,-3.06646],[33.07635,-3.05846],[33.08187,-3.05328],[33.09059,-3.05367],[33.09568,-3.05134],[33.09645,-3.04954],[33.09442,-3.0423],[33.0962,-3.03145],[33.09521,-3.03028],[33.09559,-3.02799],[33.09761,-3.02616],[33.09874,-3.02295],[33.1019,-3.02248],[33.10257,-3.02018],[33.10997,-3.0192],[33.11049,-3.01996],[33.11736,-3.01863],[33.11857,-3.01739],[33.15103,-3.0092],[33.15155,-3.00986]]]},"properties":{"region":"Mwanza","district":"Misungwi","ward":"Kijima","ward_code":"111"}},{"type":"Feature","geometry":{"type":"Polygon","coordinates":[[[33.06578,-3.08397],[33.06561,-3.09713],[33.06702,-3.09809],[33.06846,-3.09701],[33.07196,-3.09829],[33.07385,-3.09721],[33.07579,-3.09762],[33.08181,-3.10119],[33.08674,-3.1019],[33.09427,-3.11516],[33.09978,-3.13145],[33.1126,-3.15144],[33.10123,-3.16005],[33.0828,-3.17002],[33.06349,-3.17205],[33.06546,-3.17617],[33.06256,-3.18655],[33.04347,-3.18976],[33.01937,-3.19139],[32.9939,-3.18547],[32.98803,-3.18154],[32.97541,-3.17619],[32.95648,-3.15147],[32.95855,-3.14967],[32.95924,-3.14698],[32.96024,-3.14722],[32.96087,-3.14452],[32.96377,-3.14014],[32.9646,-3.13533],[32.96628,-3.13224],[32.9665,-3.1248],[32.96778,-3.12315],[32.97189,-3.12183],[32.97661,-3.11787],[32.99966,-3.11395],[33.00575,-3.11046],[33.02006,-3.09432],[33.03248,-3.09144],[33.04352,-3.09134],[33.04422,-3.08624],[33.04666,-3.08407],[33.06578,-3.08397]]]},"properties":{"region":"Mwanza","district":"Misungwi","ward":"Shilalo","ward_code":"121"}},{"type":"Feature","geometry":{"type":"Polygon","coordinates":[[[32.9932,-2.99392],[32.99193,-2.99775],[32.99104,-2.99765],[32.99111,-3.00043],[32.99631,-3.00425],[32.99793,-3.00432],[32.99964,-3.00706],[33.00297,-3.00797],[33.00398,-3.01008],[33.0077,-3.01097],[33.00934,-3.01233],[33.01059,-3.01614],[33.01024,-3.01827],[33.01146,-3.01948],[33.01155,-3.0242],[33.01373,-3.03062],[33.01503,-3.03206],[33.036,-3.03982],[33.03565,-3.04244],[33.02966,-3.05074],[33.03096,-3.05111],[33.03344,-3.04833],[33.04002,-3.04456],[33.04119,-3.04296],[33.0435,-3.04954],[33.04727,-3.05247],[33.0488,-3.05585],[33.05492,-3.06193],[33.06909,-3.06646],[33.06578,-3.08397],[33.04666,-3.08407],[33.04422,-3.08624],[33.04352,-3.09134],[33.03248,-3.09144],[33.02006,-3.09432],[33.00575,-3.11046],[32.99966,-3.11395],[32.97661,-3.11787],[32.97189,-3.12183],[32.96778,-3.12315],[32.96927,-3.10234],[32.96802,-3.09001],[32.97398,-3.07711],[32.98057,-3.07189],[32.98144,-3.06994],[32.97896,-3.05907],[32.96699,-3.04778],[32.96129,-3.04029],[32.96354,-3.02525],[32.96229,-3.02145],[32.96307,-3.01586],[32.96566,-3.01075],[32.9649,-3.0099],[32.96582,-3.00767],[32.96884,-3.00251],[32.97309,-3.00191],[32.9742,-3.00078],[32.97907,-3.00055],[32.9828,-2.99856],[32.98719,-2.99458],[32.98865,-2.99513],[32.9932,-2.99392]]]},"properties":{"region":"Mwanza","district":"Misungwi","ward":"Buhingo","ward_code":"131"}},{"type":"Feature","geometry":{"type":"Polygon","coordinates":[[[32.91878,-3.08741],[32.92391,-3.08999],[32.92719,-3.08729],[32.93192,-3.08651],[32.94087,-3.08874],[32.95092,-3.089],[32.96299,-3.09119],[32.96802,-3.09001],[32.96927,-3.10234],[32.96778,-3.12315],[32.96623,-3.1261],[32.96628,-3.13224],[32.9646,-3.13533],[32.96377,-3.14014],[32.96087,-3.14452],[32.96024,-3.14722],[32.95924,-3.14698],[32.95855,-3.14967],[32.95684,-3.15138],[32.9509,-3.15245],[32.94634,-3.1513],[32.94481,-3.1523],[32.9444,-3.15125],[32.94221,-3.15277],[32.93926,-3.15207],[32.93682,-3.15397],[32.93349,-3.15394],[32.93159,-3.15496],[32.93092,-3.15418],[32.92675,-3.15462],[32.92169,-3.15312],[32.91905,-3.15327],[32.91544,-3.15099],[32.90818,-3.14954],[32.9076,-3.1506],[32.90475,-3.15017],[32.90161,-3.15163],[32.8976,-3.14999],[32.89435,-3.15274],[32.89384,-3.15181],[32.89478,-3.15126],[32.89432,-3.14947],[32.89539,-3.14624],[32.89468,-3.14395],[32.89381,-3.14382],[32.89419,-3.14158],[32.89264,-3.13474],[32.88597,-3.13421],[32.87239,-3.13618],[32.87306,-3.12217],[32.88124,-3.10262],[32.87989,-3.09665],[32.87229,-3.08859],[32.87372,-3.08178],[32.87785,-3.07772],[32.87901,-3.07469],[32.8822,-3.07131],[32.89149,-3.06701],[32.89212,-3.0739],[32.90054,-3.07715],[32.91015,-3.07916],[32.91878,-3.08741]]]},"properties":{"region":"Mwanza","district":"Misungwi","ward":"Busongo","ward_code":"141"}},{"type":"Feature","geometry":{"type":"Polygon","coordinates":[[[32.90872,-3.14957],[32.91544,-3.15099],[32.91905,-3.15327],[32.92169,-3.15312],[32.92675,-3.15462],[32.93092,-3.15418],[32.93159,-3.15496],[32.93349,-3.15394],[32.93682,-3.15397],[32.93926,-3.15207],[32.94221,-3.15277],[32.9444,-3.15125],[32.94481,-3.1523],[32.94634,-3.1513],[32.9509,-3.15245],[32.95579,-3.15143],[32.95302,-3.16478],[32.95339,-3.16703],[32.95678,-3.17949],[32.96542,-3.19938],[32.96845,-3.21183],[32.98228,-3.21824],[32.99195,-3.21977],[32.99683,-3.23307],[32.98896,-3.2401],[32.98197,-3.24452],[32.96778,-3.24425],[32.92899,-3.23652],[32.92814,-3.25231],[32.93515,-3.26908],[32.93439,-3.28177],[32.92682,-3.28722],[32.91737,-3.30485],[32.9125,-3.30314],[32.88747,-3.27586],[32.87506,-3.26806],[32.87865,-3.25797],[32.88501,-3.24491],[32.89454,-3.2379],[32.89917,-3.22302],[32.90061,-3.2141],[32.89796,-3.21273],[32.89828,-3.21221],[32.89026,-3.21144],[32.8819,-3.20803],[32.87878,-3.20378],[32.87062,-3.20178],[32.86947,-3.19925],[32.86831,-3.19872],[32.86583,-3.19811],[32.86504,-3.19961],[32.86254,-3.19938],[32.87357,-3.19411],[32.87606,-3.19486],[32.89721,-3.17392],[32.88934,-3.15641],[32.89384,-3.15181],[32.89477,-3.15263],[32.8976,-3.14999],[32.90161,-3.15163],[32.90475,-3.15017],[32.9076,-3.1506],[32.90872,-3.14957]]]},"properties":{"region":"Mwanza","district":"Misungwi","ward":"Nhundulu","ward_code":"151"}},{"type":"Feature","geometry":{"type":"Polygon","coordinates":[[[33.04359,-2.88178],[33.04638,-2.88138],[33.04889,-2.88189],[33.05121,-2.88395],[33.0532,-2.88351],[33.05987,-2.88906],[33.06083,-2.89331],[33.05908,-2.894],[33.05817,-2.89707],[33.05964,-2.89862],[33.05742,-2.90114],[33.05866,-2.90326],[33.06176,-2.90398],[33.06166,-2.90562],[33.05941,-2.90797],[33.06133,-2.90826],[33.06263,-2.91104],[33.0659,-2.91216],[33.06605,-2.91963],[33.07067,-2.92],[33.07598,-2.9232],[33.08086,-2.92125],[33.08206,-2.92532],[33.08534,-2.92577],[33.08505,-2.92972],[33.08822,-2.93064],[33.07976,-2.97114],[33.07078,-2.98231],[33.06902,-2.98723],[33.06281,-2.99289],[33.0588,-2.99244],[33.04185,-2.98512],[33.03855,-2.98725],[33.03653,-2.99058],[33.03396,-2.99075],[33.02894,-2.98718],[33.01257,-2.97963],[33.00801,-2.97586],[33.00663,-2.9791],[33.00353,-2.97942],[32.99698,-2.98435],[32.99406,-2.98862],[32.99429,-2.99105],[32.9932,-2.99392],[32.98865,-2.99513],[32.98719,-2.99458],[32.9828,-2.99856],[32.97907,-3.00055],[32.97072,-3.0017],[32.96622,-3.00457],[32.96053,-3.0028],[32.95349,-2.99831],[32.93767,-2.98025],[32.9337,-2.97367],[32.93292,-2.96671],[32.93478,-2.96651],[32.94669,-2.95841],[32.95263,-2.95793],[32.95507,-2.95664],[32.95982,-2.95056],[32.95946,-2.94931],[32.96267,-2.94705],[32.9643,-2.94273],[32.96439,-2.93942],[32.96565,-2.93751],[32.97432,-2.93689],[32.9807,-2.93371],[32.98134,-2.93162],[32.983,-2.93103],[32.9839,-2.92903],[32.9872,-2.9263],[33.00554,-2.91983],[33.00848,-2.91746],[33.01445,-2.90961],[33.0184,-2.90245],[33.03508,-2.89368],[33.0346,-2.88759],[33.03591,-2.88448],[33.03855,-2.8829],[33.03756,-2.8815],[33.03848,-2.88048],[33.04187,-2.87996],[33.04359,-2.88178]]]},"properties":{"region":"Mwanza","district":"Misungwi","ward":"Kasololo","ward_code":"201"}},{"type":"Feature","geometry":{"type":"Polygon","coordinates":[[[32.85387,-3.19612],[32.85978,-3.19685],[32.86326,-3.19994],[32.86518,-3.19954],[32.86583,-3.19811],[32.86831,-3.19872],[32.86947,-3.19925],[32.87062,-3.20178],[32.87878,-3.20378],[32.8819,-3.20803],[32.89026,-3.21144],[32.89828,-3.21221],[32.89796,-3.21273],[32.90061,-3.2141],[32.89917,-3.22302],[32.89454,-3.2379],[32.88501,-3.24491],[32.87865,-3.25797],[32.87506,-3.26806],[32.86119,-3.26536],[32.86044,-3.26048],[32.86178,-3.25026],[32.85486,-3.24367],[32.85322,-3.23988],[32.84905,-3.23627],[32.843,-3.24274],[32.83511,-3.24276],[32.83017,-3.24069],[32.82531,-3.24131],[32.82169,-3.24507],[32.80921,-3.25118],[32.79905,-3.25316],[32.77543,-3.25115],[32.77647,-3.23887],[32.78006,-3.23153],[32.77982,-3.22739],[32.78072,-3.22467],[32.78363,-3.2195],[32.78276,-3.2159],[32.78387,-3.21468],[32.78355,-3.21338],[32.78556,-3.21378],[32.78705,-3.21294],[32.78704,-3.21098],[32.78809,-3.20982],[32.78987,-3.21045],[32.79101,-3.20943],[32.79628,-3.20925],[32.79651,-3.20827],[32.79789,-3.20887],[32.79888,-3.20837],[32.79879,-3.2073],[32.80055,-3.20841],[32.80974,-3.20635],[32.81095,-3.20662],[32.81132,-3.2079],[32.81246,-3.20683],[32.81581,-3.20814],[32.81528,-3.2058],[32.81919,-3.2044],[32.82148,-3.20177],[32.8264,-3.202],[32.82782,-3.20033],[32.82901,-3.20191],[32.83283,-3.20044],[32.83473,-3.20193],[32.83602,-3.20119],[32.839,-3.20164],[32.8398,-3.20022],[32.84134,-3.20038],[32.84076,-3.19915],[32.84402,-3.19901],[32.84547,-3.19773],[32.85387,-3.19612]]]},"properties":{"region":"Mwanza","district":"Misungwi","ward":"Isenengeja","ward_code":"211"}},{"type":"Feature","geometry":{"type":"Polygon","coordinates":[[[32.92422,-2.94998],[32.92892,-2.95541],[32.9318,-2.96233],[32.9337,-2.97367],[32.94075,-2.98458],[32.9461,-2.9893],[32.95349,-2.99831],[32.96347,-3.00402],[32.96755,-3.00403],[32.9649,-3.0099],[32.96566,-3.01075],[32.96307,-3.01586],[32.96229,-3.02145],[32.96354,-3.02525],[32.96129,-3.04029],[32.96699,-3.04778],[32.97896,-3.05907],[32.98144,-3.06994],[32.98057,-3.07189],[32.97398,-3.07711],[32.96802,-3.09001],[32.96299,-3.09119],[32.95092,-3.089],[32.94087,-3.08874],[32.93192,-3.08651],[32.92719,-3.08729],[32.92391,-3.08999],[32.91878,-3.08741],[32.91015,-3.07916],[32.90054,-3.07715],[32.89212,-3.0739],[32.89149,-3.06701],[32.89365,-3.05055],[32.90554,-3.03683],[32.9087,-3.02608],[32.91308,-3.01827],[32.91416,-3.01072],[32.91371,-3.006],[32.90875,-2.99681],[32.91336,-2.98232],[32.9141,-2.9752],[32.91627,-2.97206],[32.91576,-2.97061],[32.91725,-2.96766],[32.91709,-2.96494],[32.91828,-2.95921],[32.91923,-2.95874],[32.92032,-2.95141],[32.92422,-2.94998]]]},"properties":{"region":"Mwanza","district":"Misungwi","ward":"Gulumungu","ward_code":"231"}},{"type":"Feature","geometry":{"type":"Polygon","coordinates":[[[32.83508,-3.10313],[32.8403,-3.1239],[32.84436,-3.12386],[32.84889,-3.12688],[32.85293,-3.1261],[32.86173,-3.13538],[32.87239,-3.13618],[32.88597,-3.13421],[32.89264,-3.13474],[32.89419,-3.14158],[32.89381,-3.14382],[32.89468,-3.14395],[32.89539,-3.14624],[32.89432,-3.14947],[32.89478,-3.15126],[32.88934,-3.15641],[32.89721,-3.17392],[32.87606,-3.19486],[32.87357,-3.19411],[32.86254,-3.19938],[32.85978,-3.19685],[32.85387,-3.19612],[32.84547,-3.19773],[32.84402,-3.19901],[32.84076,-3.19915],[32.84134,-3.20038],[32.8398,-3.20022],[32.839,-3.20164],[32.83602,-3.20119],[32.83473,-3.20193],[32.83283,-3.20044],[32.82901,-3.20191],[32.82782,-3.20033],[32.8264,-3.202],[32.82148,-3.20177],[32.81919,-3.2044],[32.81582,-3.20523],[32.81581,-3.20814],[32.81246,-3.20683],[32.81132,-3.2079],[32.81095,-3.20662],[32.80974,-3.20635],[32.80055,-3.20841],[32.79879,-3.2073],[32.79888,-3.20837],[32.79789,-3.20887],[32.79651,-3.20827],[32.79628,-3.20925],[32.79101,-3.20943],[32.78987,-3.21045],[32.78809,-3.20982],[32.78704,-3.21098],[32.78705,-3.21294],[32.78556,-3.21378],[32.78355,-3.21338],[32.78387,-3.21468],[32.78276,-3.2159],[32.77781,-3.20313],[32.78038,-3.19616],[32.77968,-3.18734],[32.78854,-3.16945],[32.78004,-3.15439],[32.76711,-3.12319],[32.76945,-3.10032],[32.78694,-3.06818],[32.78244,-3.04944],[32.79277,-3.05304],[32.82265,-3.07371],[32.83481,-3.0935],[32.83508,-3.10313]]]},"properties":{"region":"Mwanza","district":"Misungwi","ward":"Lubili","ward_code":"161"}},{"type":"Feature","geometry":{"type":"Polygon","coordinates":[[[32.81871,-2.95894],[32.83682,-2.9628],[32.83968,-2.96473],[32.86373,-2.96535],[32.87267,-2.96662],[32.87621,-2.96992],[32.88378,-2.96954],[32.88588,-2.97068],[32.89056,-2.97612],[32.9019,-2.98355],[32.90962,-2.97945],[32.91208,-2.97925],[32.91364,-2.97783],[32.91377,-2.97856],[32.90875,-2.99681],[32.91371,-3.006],[32.91416,-3.01072],[32.91308,-3.01827],[32.9087,-3.02608],[32.90528,-3.02383],[32.90193,-3.01989],[32.8935,-3.01921],[32.88799,-3.02075],[32.88385,-3.01896],[32.87805,-3.01905],[32.86776,-3.01036],[32.85387,-3.00644],[32.84956,-3.00694],[32.84524,-3.01084],[32.83348,-3.03147],[32.84348,-3.0421],[32.84113,-3.05955],[32.83509,-3.07622],[32.82003,-3.07259],[32.79277,-3.05304],[32.78244,-3.04944],[32.77765,-3.04408],[32.77199,-3.041],[32.76432,-3.03394],[32.76554,-3.02737],[32.76774,-3.02387],[32.76613,-3.01125],[32.768,-3.00679],[32.77202,-3.00454],[32.78128,-2.9957],[32.78599,-2.99427],[32.79135,-2.99113],[32.80285,-2.97628],[32.80597,-2.96383],[32.80772,-2.96141],[32.81003,-2.96189],[32.8105,-2.95898],[32.81871,-2.95894]]]},"properties":{"region":"Mwanza","district":"Misungwi","ward":"Ilujamate","ward_code":"171"}},{"type":"Feature","geometry":{"type":"MultiPolygon","coordinates":[[[[32.88167,-2.79768],[32.88277,-2.79881],[32.88332,-2.80249],[32.88568,-2.80406],[32.88669,-2.80679],[32.88553,-2.81008],[32.88246,-2.81131],[32.87566,-2.80862],[32.87548,-2.80737],[32.87627,-2.80646],[32.87607,-2.80039],[32.87678,-2.79928],[32.87821,-2.79815],[32.88167,-2.79768]]],[[[32.92051,-2.81808],[32.91894,-2.82239],[32.91652,-2.82236],[32.91294,-2.82905],[32.91025,-2.8321],[32.9095,-2.83472],[32.91056,-2.8379],[32.9135,-2.83906],[32.91558,-2.84119],[32.92119,-2.84237],[32.92381,-2.84746],[32.92465,-2.89452],[32.91848,-2.90323],[32.91017,-2.90609],[32.89101,-2.90034],[32.88879,-2.90045],[32.88631,-2.90362],[32.88175,-2.90527],[32.87554,-2.9173],[32.88108,-2.93297],[32.88569,-2.94188],[32.88291,-2.94699],[32.88471,-2.94906],[32.88429,-2.95177],[32.8854,-2.9542],[32.88213,-2.96155],[32.88261,-2.96267],[32.88491,-2.96289],[32.88321,-2.96692],[32.88588,-2.97068],[32.88378,-2.96954],[32.87621,-2.96992],[32.87267,-2.96662],[32.86373,-2.96535],[32.83968,-2.96473],[32.83682,-2.9628],[32.81871,-2.95894],[32.82071,-2.95233],[32.81585,-2.94698],[32.81507,-2.94209],[32.81879,-2.93684],[32.82156,-2.92536],[32.82101,-2.92206],[32.82517,-2.90738],[32.82873,-2.89951],[32.83051,-2.89772],[32.82829,-2.88483],[32.84106,-2.85664],[32.84834,-2.84803],[32.85322,-2.84682],[32.85621,-2.8449],[32.86224,-2.84594],[32.86743,-2.8437],[32.86829,-2.83373],[32.87212,-2.83437],[32.87355,-2.83358],[32.87518,-2.83434],[32.88665,-2.83209],[32.89193,-2.82983],[32.89827,-2.82552],[32.90538,-2.8137],[32.90378,-2.80192],[32.90771,-2.79691],[32.91058,-2.79523],[32.91365,-2.79632],[32.91405,-2.79851],[32.91542,-2.79929],[32.91412,-2.80058],[32.91379,-2.8076],[32.91851,-2.81669],[32.92051,-2.81808]]]]},"properties":{"region":"Mwanza","district":"Misungwi","ward":"Mbarika","ward_code":"181"}},{"type":"Feature","geometry":{"type":"Polygon","coordinates":[[[32.93583,-2.84861],[32.94216,-2.86041],[32.9459,-2.86123],[32.94552,-2.86312],[32.94869,-2.86053],[32.95295,-2.85884],[32.95825,-2.85894],[32.9584,-2.86726],[32.9604,-2.86916],[32.96175,-2.87406],[32.96527,-2.8804],[32.96779,-2.88028],[32.97189,-2.87672],[32.97461,-2.87697],[32.97482,-2.8738],[32.97357,-2.87094],[32.97154,-2.87096],[32.97049,-2.86962],[32.96967,-2.86544],[32.97036,-2.86271],[32.96867,-2.85941],[32.97164,-2.86088],[32.97452,-2.86085],[32.97644,-2.86245],[32.97659,-2.8674],[32.97934,-2.87071],[32.97747,-2.86947],[32.97549,-2.86944],[32.97854,-2.87096],[32.97672,-2.87403],[32.97848,-2.87323],[32.98101,-2.86972],[32.98583,-2.87075],[32.99805,-2.8765],[32.99812,-2.88011],[32.99723,-2.88056],[32.99736,-2.87959],[32.99353,-2.88073],[32.99328,-2.882],[32.998,-2.883],[33.00109,-2.87975],[33.0192,-2.88305],[33.02189,-2.88016],[33.02218,-2.87578],[33.01546,-2.86278],[33.01763,-2.86368],[33.02511,-2.86386],[33.03756,-2.86701],[33.03985,-2.87027],[33.04213,-2.87953],[33.03848,-2.88048],[33.03756,-2.8815],[33.03855,-2.8829],[33.03591,-2.88448],[33.0346,-2.88759],[33.03508,-2.89368],[33.0184,-2.90245],[33.01445,-2.90961],[33.00848,-2.91746],[33.00554,-2.91983],[32.9872,-2.9263],[32.9839,-2.92903],[32.983,-2.93103],[32.98134,-2.93162],[32.9807,-2.93371],[32.97432,-2.93689],[32.96565,-2.93751],[32.96439,-2.93942],[32.9643,-2.94273],[32.96267,-2.94705],[32.95946,-2.94931],[32.95982,-2.95056],[32.95442,-2.95722],[32.94669,-2.95841],[32.93478,-2.96651],[32.93292,-2.96671],[32.92892,-2.95541],[32.92698,-2.95247],[32.92422,-2.94998],[32.92032,-2.95141],[32.91923,-2.95874],[32.91828,-2.95921],[32.91709,-2.96494],[32.91725,-2.96766],[32.91576,-2.97061],[32.91627,-2.97206],[32.9141,-2.9752],[32.91364,-2.97783],[32.9019,-2.98355],[32.89056,-2.97612],[32.88321,-2.96692],[32.88491,-2.96289],[32.88261,-2.96267],[32.88213,-2.96155],[32.8854,-2.9542],[32.88429,-2.95177],[32.88471,-2.94906],[32.88291,-2.94699],[32.88569,-2.94188],[32.88108,-2.93297],[32.87554,-2.9173],[32.88175,-2.90527],[32.88631,-2.90362],[32.88879,-2.90045],[32.89101,-2.90034],[32.91017,-2.90609],[32.91848,-2.90323],[32.92465,-2.89452],[32.9239,-2.84896],[32.9301,-2.84908],[32.93402,-2.84749],[32.93583,-2.84861]]]},"properties":{"region":"Mwanza","district":"Misungwi","ward":"Sumbugu","ward_code":"191"}},{"type":"Feature","geometry":{"type":"Polygon","coordinates":[[[32.85387,-3.00644],[32.86776,-3.01036],[32.87805,-3.01905],[32.88385,-3.01896],[32.88799,-3.02075],[32.8935,-3.01921],[32.90193,-3.01989],[32.90528,-3.02383],[32.9087,-3.02608],[32.90554,-3.03683],[32.89365,-3.05055],[32.89149,-3.06701],[32.8822,-3.07131],[32.87901,-3.07469],[32.87785,-3.07772],[32.87372,-3.08178],[32.87229,-3.08859],[32.87989,-3.09665],[32.88124,-3.10262],[32.87306,-3.12217],[32.87239,-3.13618],[32.86173,-3.13538],[32.85293,-3.1261],[32.84889,-3.12688],[32.84436,-3.12386],[32.8403,-3.1239],[32.83508,-3.10313],[32.83481,-3.0935],[32.82265,-3.07371],[32.82003,-3.07259],[32.83509,-3.07622],[32.84113,-3.05955],[32.84348,-3.0421],[32.83348,-3.03147],[32.84524,-3.01084],[32.84956,-3.00694],[32.85387,-3.00644]]]},"properties":{"region":"Mwanza","district":"Misungwi","ward":"Buhunda","ward_code":"221"}}]}