{"type":"FeatureCollection","features":[{"type":"Feature","geometry":{"type":"Polygon","coordinates":[[[35.02858,-9.16528],[35.05333,-9.16784],[35.06936,-9.17615],[35.08488,-9.17275],[35.09623,-9.1724],[35.10392,-9.16651],[35.11183,-9.16745],[35.1194,-9.17218],[35.13693,-9.17172],[35.14698,-9.17303],[35.14855,-9.17457],[35.1499,-9.17364],[35.15095,-9.17383],[35.15124,-9.17482],[35.15153,-9.17486],[35.15369,-9.17394],[35.15734,-9.17503],[35.15869,-9.17447],[35.15652,-9.1809],[35.15891,-9.19205],[35.15644,-9.19287],[35.15608,-9.19518],[35.15473,-9.19617],[35.15281,-9.19612],[35.15242,-9.19717],[35.14919,-9.19797],[35.14877,-9.19915],[35.14549,-9.19963],[35.145,-9.20202],[35.14242,-9.20301],[35.14184,-9.20469],[35.13958,-9.20501],[35.13921,-9.20729],[35.1335,-9.21549],[35.13141,-9.21683],[35.13256,-9.2217],[35.12976,-9.22656],[35.13032,-9.22911],[35.12798,-9.236],[35.12332,-9.23768],[35.11911,-9.24097],[35.10649,-9.2396],[35.09638,-9.24273],[35.09076,-9.24317],[35.08451,-9.24944],[35.08025,-9.25721],[35.07796,-9.25913],[35.07668,-9.26147],[35.07744,-9.2664],[35.07652,-9.26897],[35.0775,-9.27033],[35.0768,-9.27495],[35.07443,-9.28251],[35.06944,-9.29256],[35.06998,-9.29469],[35.06813,-9.29609],[35.06648,-9.30182],[35.06247,-9.30843],[35.0603,-9.30903],[35.05832,-9.31528],[35.05536,-9.31845],[35.05306,-9.32413],[35.05524,-9.32483],[35.05736,-9.32791],[35.0657,-9.33418],[35.06382,-9.34422],[35.06611,-9.35138],[35.06529,-9.35761],[35.06156,-9.35811],[35.06089,-9.35973],[35.05989,-9.3594],[35.05909,-9.36211],[35.05654,-9.36412],[35.0566,-9.3653],[35.05542,-9.36501],[35.05558,-9.36685],[35.05347,-9.37008],[35.0512,-9.37134],[35.05004,-9.37094],[35.05036,-9.37306],[35.05187,-9.37425],[35.05377,-9.37405],[35.05189,-9.37868],[35.05031,-9.37805],[35.04895,-9.37939],[35.04787,-9.37838],[35.04713,-9.38019],[35.04467,-9.37735],[35.04155,-9.38039],[35.03976,-9.38061],[35.03607,-9.38328],[35.03308,-9.3801],[35.0295,-9.37947],[35.02934,-9.37814],[35.02847,-9.37825],[35.02922,-9.37684],[35.02538,-9.37661],[35.02432,-9.3793],[35.02304,-9.37785],[35.02224,-9.37852],[35.02203,-9.37667],[35.01865,-9.37636],[35.01864,-9.37496],[35.01551,-9.37409],[35.01668,-9.37201],[35.01553,-9.36926],[35.01611,-9.36898],[35.01425,-9.36751],[35.01327,-9.36827],[35.01293,-9.36629],[35.0094,-9.36457],[35.01051,-9.3629],[35.00803,-9.36253],[35.00758,-9.361],[35.00654,-9.36119],[35.00586,-9.36008],[35.00456,-9.36069],[35.0024,-9.3572],[34.99792,-9.35595],[34.99724,-9.35414],[34.99565,-9.35483],[34.99459,-9.35293],[34.99222,-9.35303],[34.99059,-9.35026],[34.98939,-9.35007],[34.98889,-9.35165],[34.98583,-9.35055],[34.98469,-9.35166],[34.98327,-9.35119],[34.98326,-9.35235],[34.98168,-9.35142],[34.97999,-9.35268],[34.97837,-9.35259],[34.97892,-9.35497],[34.97732,-9.35524],[34.97809,-9.35549],[34.97804,-9.35617],[34.97657,-9.35568],[34.97501,-9.35753],[34.97391,-9.35694],[34.9737,-9.35791],[34.9734,-9.35658],[34.97173,-9.3564],[34.97035,-9.35483],[34.96817,-9.3548],[34.96731,-9.35303],[34.96331,-9.35206],[34.96318,-9.35068],[34.96015,-9.35073],[34.95968,-9.34653],[34.96048,-9.34515],[34.9634,-9.34397],[34.96254,-9.34284],[34.96332,-9.3403],[34.96242,-9.33992],[34.96379,-9.33942],[34.96307,-9.33914],[34.96295,-9.33812],[34.96224,-9.33776],[34.96212,-9.33933],[34.96151,-9.33783],[34.96127,-9.33859],[34.96005,-9.33719],[34.95952,-9.33791],[34.95891,-9.33734],[34.95995,-9.33662],[34.95872,-9.33503],[34.96052,-9.33394],[34.96018,-9.33288],[34.95892,-9.3339],[34.95914,-9.3323],[34.95824,-9.33314],[34.95717,-9.33049],[34.95396,-9.32943],[34.95283,-9.32729],[34.95228,-9.32811],[34.95129,-9.32753],[34.95204,-9.32743],[34.95176,-9.32649],[34.95095,-9.32695],[34.95152,-9.32563],[34.95084,-9.3252],[34.95094,-9.32637],[34.94935,-9.3257],[34.94995,-9.32491],[34.9481,-9.32355],[34.94803,-9.32068],[34.94597,-9.32159],[34.94499,-9.32053],[34.94616,-9.31983],[34.944,-9.31825],[34.94477,-9.31859],[34.94577,-9.31615],[34.94351,-9.31704],[34.94288,-9.31531],[34.94203,-9.31642],[34.94033,-9.31432],[34.938,-9.31392],[34.93424,-9.30721],[34.93632,-9.30367],[34.94004,-9.30261],[34.951,-9.29416],[34.95303,-9.29375],[34.95842,-9.28834],[34.96724,-9.28309],[34.97358,-9.26894],[34.97468,-9.25973],[34.97294,-9.25637],[34.97813,-9.25104],[34.97867,-9.24903],[34.9755,-9.24409],[34.97491,-9.24036],[34.97925,-9.2335],[34.98366,-9.23088],[34.99367,-9.22972],[34.99831,-9.22628],[35.00032,-9.22136],[35.00166,-9.21169],[35.00894,-9.20286],[35.01376,-9.19965],[35.01496,-9.19681],[35.01447,-9.19189],[35.00792,-9.1766],[35.00808,-9.17405],[35.01921,-9.16607],[35.02858,-9.16528]]]},"properties":{"region":"Njombe","district":"Njombe","ward":"Kidegembye","ward_code":"061"}},{"type":"Feature","geometry":{"type":"Polygon","coordinates":[[[35.14319,-9.13655],[35.1505,-9.1405],[35.15697,-9.13923],[35.16155,-9.14061],[35.17839,-9.13931],[35.18502,-9.14111],[35.19314,-9.13925],[35.20023,-9.14132],[35.20315,-9.14039],[35.21878,-9.14398],[35.22367,-9.14408],[35.22816,-9.14565],[35.23154,-9.14505],[35.23217,-9.14819],[35.22822,-9.14966],[35.22944,-9.15024],[35.22869,-9.15227],[35.22972,-9.15433],[35.22883,-9.15847],[35.22546,-9.16126],[35.22615,-9.16383],[35.22549,-9.16792],[35.22817,-9.17161],[35.22708,-9.1754],[35.22748,-9.17742],[35.22259,-9.18474],[35.21936,-9.18544],[35.21896,-9.18696],[35.21704,-9.18713],[35.21616,-9.18779],[35.21672,-9.18839],[35.21478,-9.18926],[35.22326,-9.19004],[35.23588,-9.1885],[35.24319,-9.1884],[35.23867,-9.18847],[35.23791,-9.19323],[35.23623,-9.21113],[35.23939,-9.21513],[35.23976,-9.22353],[35.2375,-9.22975],[35.238,-9.23305],[35.23461,-9.23621],[35.23517,-9.23866],[35.23707,-9.23858],[35.24169,-9.23532],[35.23819,-9.24251],[35.23232,-9.24708],[35.23163,-9.24982],[35.23471,-9.25194],[35.23253,-9.25685],[35.23112,-9.26678],[35.23401,-9.26596],[35.23589,-9.26656],[35.23611,-9.27373],[35.23062,-9.27228],[35.22681,-9.27547],[35.22546,-9.27849],[35.22279,-9.28025],[35.21623,-9.28383],[35.21195,-9.28461],[35.20327,-9.28889],[35.20388,-9.29243],[35.186,-9.29418],[35.18499,-9.29633],[35.18679,-9.30182],[35.18946,-9.30414],[35.18844,-9.30516],[35.18905,-9.30607],[35.18695,-9.30718],[35.18883,-9.30799],[35.18872,-9.3106],[35.18978,-9.3101],[35.18984,-9.31267],[35.19187,-9.31464],[35.1922,-9.31746],[35.19346,-9.31747],[35.19372,-9.31844],[35.1935,-9.3206],[35.19252,-9.32011],[35.1924,-9.32084],[35.19366,-9.32131],[35.19384,-9.32265],[35.19288,-9.32268],[35.19231,-9.32598],[35.19388,-9.3297],[35.19327,-9.33149],[35.19425,-9.33097],[35.19454,-9.33364],[35.19545,-9.33328],[35.19717,-9.33443],[35.19877,-9.33383],[35.19895,-9.33519],[35.19938,-9.33398],[35.20047,-9.33505],[35.19974,-9.3361],[35.20093,-9.33563],[35.202,-9.33742],[35.20114,-9.33754],[35.20199,-9.34067],[35.20082,-9.34121],[35.20192,-9.34269],[35.19955,-9.34651],[35.20098,-9.34699],[35.20139,-9.34965],[35.20042,-9.35136],[35.20125,-9.35159],[35.19764,-9.35325],[35.19639,-9.35539],[35.19833,-9.35606],[35.197,-9.36141],[35.1977,-9.36273],[35.2,-9.36587],[35.2027,-9.36674],[35.20166,-9.36724],[35.20266,-9.36822],[35.20178,-9.37069],[35.19892,-9.36874],[35.19281,-9.36811],[35.19288,-9.37092],[35.19072,-9.37171],[35.1898,-9.37352],[35.18668,-9.37421],[35.1843,-9.37008],[35.18162,-9.37158],[35.17895,-9.37013],[35.18009,-9.36615],[35.17775,-9.3643],[35.17017,-9.36636],[35.16262,-9.36647],[35.15476,-9.35726],[35.14009,-9.35462],[35.13057,-9.35574],[35.12309,-9.35451],[35.11467,-9.35137],[35.10677,-9.35195],[35.09977,-9.35017],[35.09599,-9.35018],[35.09061,-9.34806],[35.08884,-9.34865],[35.08711,-9.346],[35.0843,-9.34557],[35.08175,-9.34639],[35.07922,-9.34413],[35.07654,-9.34941],[35.07425,-9.35101],[35.07338,-9.35553],[35.07283,-9.356],[35.07018,-9.35435],[35.06752,-9.35551],[35.06747,-9.35442],[35.06633,-9.35422],[35.06382,-9.34422],[35.0657,-9.33418],[35.05736,-9.32791],[35.05524,-9.32483],[35.05306,-9.32413],[35.05536,-9.31845],[35.05832,-9.31528],[35.0603,-9.30903],[35.06247,-9.30843],[35.06648,-9.30182],[35.06813,-9.29609],[35.06998,-9.29469],[35.06944,-9.29256],[35.07443,-9.28251],[35.07743,-9.27188],[35.07652,-9.26897],[35.07744,-9.2664],[35.07668,-9.26147],[35.08025,-9.25721],[35.08451,-9.24944],[35.09076,-9.24317],[35.09638,-9.24273],[35.10649,-9.2396],[35.11911,-9.24097],[35.12332,-9.23768],[35.12798,-9.236],[35.13032,-9.22911],[35.12976,-9.22656],[35.13256,-9.2217],[35.13141,-9.21683],[35.1335,-9.21549],[35.13921,-9.20729],[35.13958,-9.20501],[35.14184,-9.20469],[35.14242,-9.20301],[35.145,-9.20202],[35.14549,-9.19963],[35.14877,-9.19915],[35.14919,-9.19797],[35.15242,-9.19717],[35.15281,-9.19612],[35.15473,-9.19617],[35.15608,-9.19518],[35.15644,-9.19287],[35.15891,-9.19205],[35.15652,-9.1809],[35.15869,-9.17447],[35.15734,-9.17503],[35.15369,-9.17394],[35.15153,-9.17486],[35.1499,-9.17364],[35.14855,-9.17457],[35.14698,-9.17303],[35.13693,-9.17172],[35.13297,-9.16369],[35.12969,-9.14751],[35.12673,-9.1383],[35.13087,-9.13897],[35.13802,-9.13545],[35.14319,-9.13655]]]},"properties":{"region":"Njombe","district":"Njombe","ward":"Matembwe","ward_code":"073"}},{"type":"Feature","geometry":{"type":"Polygon","coordinates":[[[35.25518,-9.18392],[35.28339,-9.18724],[35.28879,-9.18621],[35.30248,-9.18735],[35.31079,-9.19134],[35.32125,-9.18535],[35.33343,-9.18501],[35.33379,-9.1894],[35.31355,-9.21572],[35.31181,-9.22082],[35.30779,-9.22616],[35.30757,-9.23114],[35.29928,-9.23959],[35.29621,-9.25266],[35.29762,-9.25512],[35.29704,-9.26037],[35.29813,-9.26409],[35.29755,-9.2673],[35.29835,-9.27161],[35.29743,-9.27355],[35.29713,-9.28006],[35.29834,-9.28172],[35.29649,-9.28472],[35.29807,-9.28742],[35.29811,-9.29475],[35.29713,-9.29838],[35.29727,-9.30624],[35.29621,-9.30802],[35.29667,-9.31232],[35.29324,-9.31515],[35.28482,-9.31535],[35.27845,-9.31423],[35.27661,-9.31825],[35.27444,-9.31958],[35.26675,-9.31855],[35.25838,-9.31897],[35.25541,-9.31762],[35.24575,-9.32431],[35.24049,-9.32655],[35.23509,-9.33417],[35.23273,-9.33514],[35.22789,-9.33465],[35.22643,-9.33628],[35.22687,-9.33795],[35.22595,-9.33991],[35.22398,-9.3408],[35.22309,-9.34236],[35.22358,-9.34344],[35.22279,-9.34452],[35.21683,-9.34623],[35.21591,-9.34562],[35.21511,-9.34726],[35.21033,-9.34872],[35.21006,-9.34709],[35.20826,-9.34667],[35.20142,-9.34893],[35.20098,-9.34699],[35.19955,-9.34651],[35.20192,-9.34269],[35.20082,-9.34121],[35.20199,-9.34067],[35.20114,-9.33754],[35.202,-9.33742],[35.20093,-9.33563],[35.19974,-9.3361],[35.20047,-9.33505],[35.19938,-9.33398],[35.19895,-9.33519],[35.19877,-9.33383],[35.19717,-9.33443],[35.19545,-9.33328],[35.19454,-9.33364],[35.19425,-9.33097],[35.19327,-9.33149],[35.19388,-9.3297],[35.19231,-9.32598],[35.19288,-9.32268],[35.19384,-9.32265],[35.19366,-9.32131],[35.1924,-9.32084],[35.19252,-9.32011],[35.1935,-9.3206],[35.19372,-9.31844],[35.19346,-9.31747],[35.1922,-9.31746],[35.19187,-9.31464],[35.18984,-9.31267],[35.18978,-9.3101],[35.18872,-9.3106],[35.18883,-9.30799],[35.18695,-9.30718],[35.18905,-9.30607],[35.18844,-9.30516],[35.18946,-9.30414],[35.18679,-9.30182],[35.18699,-9.30066],[35.18549,-9.29893],[35.18499,-9.29633],[35.18583,-9.29423],[35.20388,-9.29243],[35.20327,-9.28889],[35.21195,-9.28461],[35.21623,-9.28383],[35.22279,-9.28025],[35.22546,-9.27849],[35.22681,-9.27547],[35.23062,-9.27228],[35.23611,-9.27373],[35.23589,-9.26656],[35.23401,-9.26596],[35.23112,-9.26678],[35.23102,-9.26555],[35.23253,-9.25685],[35.23471,-9.25194],[35.23163,-9.24982],[35.23232,-9.24708],[35.23819,-9.24251],[35.24169,-9.23532],[35.23707,-9.23858],[35.23517,-9.23866],[35.23461,-9.23621],[35.238,-9.23305],[35.2375,-9.22975],[35.23976,-9.22353],[35.23939,-9.21513],[35.23623,-9.21113],[35.23867,-9.18847],[35.24595,-9.18787],[35.24934,-9.18479],[35.25518,-9.18392]]]},"properties":{"region":"Njombe","district":"Njombe","ward":"Lupembe","ward_code":"083"}},{"type":"Feature","geometry":{"type":"Polygon","coordinates":[[[35.39203,-9.00463],[35.44141,-9.03043],[35.47622,-9.045],[35.44184,-9.06901],[35.42663,-9.08365],[35.41743,-9.09621],[35.41083,-9.10147],[35.40832,-9.09919],[35.40568,-9.10148],[35.40418,-9.10429],[35.39698,-9.11029],[35.39141,-9.11215],[35.38897,-9.11446],[35.3798,-9.11898],[35.37785,-9.12088],[35.35517,-9.13117],[35.33874,-9.13343],[35.33369,-9.13308],[35.32305,-9.13783],[35.31901,-9.13678],[35.31536,-9.13945],[35.30316,-9.14224],[35.29832,-9.14513],[35.29266,-9.14425],[35.29161,-9.14064],[35.28737,-9.14218],[35.2846,-9.14455],[35.28215,-9.14418],[35.27817,-9.14561],[35.27057,-9.14512],[35.26922,-9.1462],[35.26609,-9.14633],[35.2612,-9.14543],[35.2557,-9.14591],[35.25389,-9.14531],[35.25259,-9.14347],[35.24987,-9.14317],[35.24895,-9.14083],[35.24673,-9.14279],[35.24151,-9.14073],[35.24004,-9.14317],[35.23833,-9.14297],[35.23747,-9.1444],[35.22816,-9.14565],[35.22367,-9.14408],[35.21878,-9.14398],[35.20315,-9.14039],[35.20023,-9.14132],[35.19314,-9.13925],[35.18502,-9.14111],[35.17839,-9.13931],[35.16155,-9.14061],[35.15697,-9.13923],[35.1505,-9.1405],[35.14319,-9.13655],[35.13802,-9.13545],[35.13087,-9.13897],[35.12673,-9.1383],[35.12629,-9.13114],[35.12878,-9.12401],[35.12836,-9.11871],[35.1308,-9.11385],[35.1304,-9.11115],[35.1289,-9.10928],[35.12677,-9.10857],[35.12631,-9.09763],[35.12411,-9.09065],[35.12154,-9.08855],[35.12325,-9.08641],[35.12332,-9.08407],[35.12732,-9.08181],[35.12807,-9.07939],[35.13504,-9.07383],[35.13432,-9.06873],[35.13635,-9.06524],[35.13642,-9.06244],[35.13346,-9.05545],[35.13661,-9.05022],[35.13533,-9.04665],[35.13924,-9.04074],[35.13996,-9.03483],[35.142,-9.0398],[35.14884,-9.04159],[35.14996,-9.03968],[35.15631,-9.04136],[35.15739,-9.0444],[35.15924,-9.04288],[35.16911,-9.04639],[35.17214,-9.04446],[35.1798,-9.0334],[35.19426,-9.03466],[35.19789,-9.0331],[35.20036,-9.03565],[35.20318,-9.03584],[35.20451,-9.03355],[35.20974,-9.03082],[35.21326,-9.03655],[35.21777,-9.03394],[35.22008,-9.03741],[35.22632,-9.03655],[35.23062,-9.03359],[35.23441,-9.03671],[35.23311,-9.03964],[35.23349,-9.04126],[35.2345,-9.03986],[35.23651,-9.04206],[35.25578,-9.03635],[35.2582,-9.03726],[35.26067,-9.03592],[35.26223,-9.03681],[35.26749,-9.03504],[35.26991,-9.03563],[35.27427,-9.03905],[35.27935,-9.04024],[35.2863,-9.03983],[35.2886,-9.03842],[35.28989,-9.03954],[35.29124,-9.03814],[35.29262,-9.04034],[35.29454,-9.03844],[35.29638,-9.03906],[35.29635,-9.03998],[35.29725,-9.03969],[35.29761,-9.04088],[35.30222,-9.03999],[35.30409,-9.04012],[35.3042,-9.041],[35.30537,-9.04082],[35.30582,-9.0387],[35.30713,-9.03819],[35.30885,-9.03901],[35.30771,-9.0363],[35.30845,-9.03494],[35.31085,-9.03505],[35.31117,-9.03334],[35.31217,-9.03375],[35.31269,-9.0327],[35.31482,-9.03382],[35.31466,-9.03134],[35.31652,-9.03314],[35.31799,-9.03026],[35.32643,-9.03353],[35.32466,-9.02949],[35.32842,-9.03068],[35.32941,-9.032],[35.33083,-9.0311],[35.33508,-9.03243],[35.34393,-9.03223],[35.35075,-9.0306],[35.35436,-9.03107],[35.35632,-9.02891],[35.35857,-9.03069],[35.36125,-9.02565],[35.36033,-9.02546],[35.36093,-9.02373],[35.3592,-9.02224],[35.3609,-9.02137],[35.3606,-9.01748],[35.36284,-9.01789],[35.36286,-9.0191],[35.36517,-9.02133],[35.36958,-9.02186],[35.37187,-9.01489],[35.3738,-9.01683],[35.37533,-9.01631],[35.37534,-9.017],[35.37827,-9.01478],[35.37959,-9.01525],[35.38299,-9.01408],[35.38491,-9.0115],[35.38732,-9.01041],[35.38953,-9.00533],[35.39203,-9.00463]]]},"properties":{"region":"Njombe","district":"Njombe","ward":"Ikondo","ward_code":"091"}},{"type":"Feature","geometry":{"type":"Polygon","coordinates":[[[35.53569,-9.13685],[35.5019,-9.2417],[35.50001,-9.24145],[35.5019,-9.2417],[35.50306,-9.37266],[35.50607,-9.47368],[35.50266,-9.47588],[35.50239,-9.47927],[35.50045,-9.48028],[35.49835,-9.48439],[35.49819,-9.48686],[35.49523,-9.49028],[35.48963,-9.48999],[35.48159,-9.49622],[35.47493,-9.49856],[35.4657,-9.50608],[35.46182,-9.50644],[35.4601,-9.50817],[35.45498,-9.51012],[35.45492,-9.51298],[35.45234,-9.51542],[35.45082,-9.52062],[35.44469,-9.52555],[35.44448,-9.52734],[35.44046,-9.53223],[35.43857,-9.53299],[35.43512,-9.53859],[35.43648,-9.54167],[35.43564,-9.54471],[35.43222,-9.54953],[35.40161,-9.57919],[35.39157,-9.58731],[35.37459,-9.60435],[35.35328,-9.63092],[35.33526,-9.63495],[35.33294,-9.62413],[35.33398,-9.57914],[35.33292,-9.54183],[35.33451,-9.48969],[35.33413,-9.47598],[35.33243,-9.46899],[35.33308,-9.45816],[35.32965,-9.44795],[35.33052,-9.44241],[35.33321,-9.44155],[35.33606,-9.4378],[35.33409,-9.43418],[35.32969,-9.43145],[35.32833,-9.42943],[35.33065,-9.42233],[35.32549,-9.41866],[35.32561,-9.41012],[35.32872,-9.39745],[35.3262,-9.39212],[35.32727,-9.38734],[35.32428,-9.38568],[35.32777,-9.37738],[35.3281,-9.36906],[35.33089,-9.36731],[35.32693,-9.36455],[35.32638,-9.36155],[35.32796,-9.34906],[35.32758,-9.34754],[35.3243,-9.34493],[35.32337,-9.34207],[35.32349,-9.33612],[35.32515,-9.33068],[35.31953,-9.32946],[35.31394,-9.32985],[35.30993,-9.32621],[35.30341,-9.3251],[35.30145,-9.32394],[35.29487,-9.3183],[35.29462,-9.31423],[35.29667,-9.31232],[35.29621,-9.30802],[35.29727,-9.30624],[35.29713,-9.29838],[35.29811,-9.29475],[35.29807,-9.28742],[35.29649,-9.28472],[35.29834,-9.28172],[35.29713,-9.28006],[35.29743,-9.27355],[35.29835,-9.27161],[35.29755,-9.2673],[35.29813,-9.26409],[35.29704,-9.26037],[35.29762,-9.25512],[35.29621,-9.25266],[35.29928,-9.23959],[35.30757,-9.23114],[35.30779,-9.22616],[35.31181,-9.22082],[35.31355,-9.21572],[35.33379,-9.1894],[35.33343,-9.18501],[35.34467,-9.18363],[35.36705,-9.16996],[35.39284,-9.15602],[35.42665,-9.14012],[35.45549,-9.12254],[35.48354,-9.09457],[35.50337,-9.08629],[35.51215,-9.0794],[35.5254,-9.06565],[35.52967,-9.10057],[35.53302,-9.10265],[35.53607,-9.1166],[35.53569,-9.13685]]]},"properties":{"region":"Njombe","district":"Njombe","ward":"Mfriga","ward_code":"101"}},{"type":"Feature","geometry":{"type":"Polygon","coordinates":[[[35.28171,-9.31506],[35.29324,-9.31515],[35.29462,-9.31423],[35.29487,-9.3183],[35.29588,-9.31991],[35.30341,-9.3251],[35.30993,-9.32621],[35.31394,-9.32985],[35.31953,-9.32946],[35.32515,-9.33068],[35.32349,-9.33612],[35.32337,-9.34207],[35.3243,-9.34493],[35.32758,-9.34754],[35.32796,-9.34906],[35.32638,-9.36155],[35.32693,-9.36455],[35.33089,-9.36731],[35.3281,-9.36906],[35.32777,-9.37738],[35.32428,-9.38568],[35.32727,-9.38734],[35.3262,-9.39212],[35.32872,-9.39745],[35.32561,-9.41012],[35.32549,-9.41866],[35.33065,-9.42233],[35.32833,-9.42943],[35.32969,-9.43145],[35.33409,-9.43418],[35.33606,-9.4378],[35.33321,-9.44155],[35.33052,-9.44241],[35.32965,-9.44795],[35.33308,-9.45816],[35.33243,-9.46899],[35.33413,-9.47598],[35.33451,-9.48969],[35.33292,-9.54183],[35.33398,-9.57914],[35.33294,-9.62413],[35.33526,-9.63495],[35.305,-9.64178],[35.30106,-9.63305],[35.29807,-9.6047],[35.29728,-9.5311],[35.29816,-9.52309],[35.29417,-9.52208],[35.29426,-9.52059],[35.29821,-9.51697],[35.29919,-9.51375],[35.29794,-9.51265],[35.29865,-9.51146],[35.29734,-9.50964],[35.29763,-9.50862],[35.30397,-9.50732],[35.30618,-9.50414],[35.30565,-9.49927],[35.30428,-9.49843],[35.30584,-9.49288],[35.3044,-9.48606],[35.30497,-9.48369],[35.30374,-9.48016],[35.30278,-9.47905],[35.29928,-9.47813],[35.30139,-9.47629],[35.29913,-9.47334],[35.29729,-9.4727],[35.29765,-9.469],[35.29438,-9.47235],[35.29213,-9.47235],[35.29139,-9.47143],[35.28971,-9.47173],[35.28674,-9.47051],[35.28371,-9.46835],[35.28096,-9.46888],[35.27728,-9.4678],[35.27736,-9.466],[35.27973,-9.46504],[35.28073,-9.46227],[35.28445,-9.4596],[35.28478,-9.45795],[35.28358,-9.45562],[35.28206,-9.45591],[35.27981,-9.45264],[35.27753,-9.45326],[35.27876,-9.45031],[35.27688,-9.45104],[35.2758,-9.45027],[35.27278,-9.44586],[35.27137,-9.44578],[35.27154,-9.44363],[35.26982,-9.44371],[35.26944,-9.44261],[35.26639,-9.4414],[35.26578,-9.43911],[35.26352,-9.43812],[35.26252,-9.43867],[35.25832,-9.43529],[35.25364,-9.43381],[35.25469,-9.43363],[35.25526,-9.43144],[35.25369,-9.42714],[35.25801,-9.42634],[35.25572,-9.42459],[35.25545,-9.42321],[35.25452,-9.42322],[35.25528,-9.42097],[35.25214,-9.41666],[35.24907,-9.41592],[35.24778,-9.41389],[35.24555,-9.41323],[35.24592,-9.41013],[35.24316,-9.40941],[35.24003,-9.40998],[35.23809,-9.40677],[35.2334,-9.40446],[35.23381,-9.40288],[35.22978,-9.39884],[35.22656,-9.39868],[35.22509,-9.39612],[35.22065,-9.39452],[35.21924,-9.39041],[35.21104,-9.38182],[35.20937,-9.38192],[35.21157,-9.37939],[35.20864,-9.37585],[35.21073,-9.37439],[35.21131,-9.37226],[35.21327,-9.37168],[35.2103,-9.37021],[35.21119,-9.36809],[35.20709,-9.36776],[35.2055,-9.36603],[35.2027,-9.36674],[35.2,-9.36587],[35.197,-9.36141],[35.19833,-9.35606],[35.19639,-9.35539],[35.19764,-9.35325],[35.20125,-9.35159],[35.20045,-9.35044],[35.20142,-9.34893],[35.20826,-9.34667],[35.21006,-9.34709],[35.21033,-9.34872],[35.21511,-9.34726],[35.21591,-9.34562],[35.21683,-9.34623],[35.22279,-9.34452],[35.22358,-9.34344],[35.22309,-9.34236],[35.22398,-9.3408],[35.22595,-9.33991],[35.22687,-9.33795],[35.22643,-9.33628],[35.22789,-9.33465],[35.23273,-9.33514],[35.23509,-9.33417],[35.24049,-9.32655],[35.24575,-9.32431],[35.25541,-9.31762],[35.25838,-9.31897],[35.26675,-9.31855],[35.27444,-9.31958],[35.27661,-9.31825],[35.27845,-9.31423],[35.28171,-9.31506]]]},"properties":{"region":"Njombe","district":"Njombe","ward":"Idamba","ward_code":"111"}},{"type":"Feature","geometry":{"type":"Polygon","coordinates":[[[35.48354,-9.09457],[35.45549,-9.12254],[35.42665,-9.14012],[35.39284,-9.15602],[35.36705,-9.16996],[35.34467,-9.18363],[35.32125,-9.18535],[35.31079,-9.19134],[35.30248,-9.18735],[35.28879,-9.18621],[35.28339,-9.18724],[35.25518,-9.18392],[35.24934,-9.18479],[35.24595,-9.18787],[35.24319,-9.1884],[35.22326,-9.19004],[35.21478,-9.18926],[35.21672,-9.18839],[35.21616,-9.18779],[35.21704,-9.18713],[35.21896,-9.18696],[35.21936,-9.18544],[35.22259,-9.18474],[35.22748,-9.17742],[35.22708,-9.1754],[35.22817,-9.17161],[35.22549,-9.16792],[35.22615,-9.16383],[35.22546,-9.16126],[35.22883,-9.15847],[35.22972,-9.15433],[35.22869,-9.15227],[35.22944,-9.15024],[35.22831,-9.15015],[35.22822,-9.14966],[35.23217,-9.14819],[35.23135,-9.145],[35.23314,-9.14556],[35.23468,-9.14452],[35.23747,-9.1444],[35.23833,-9.14297],[35.24004,-9.14317],[35.24151,-9.14073],[35.24673,-9.14279],[35.24895,-9.14083],[35.24987,-9.14317],[35.25259,-9.14347],[35.25389,-9.14531],[35.2557,-9.14591],[35.27817,-9.14561],[35.28215,-9.14418],[35.2846,-9.14455],[35.28737,-9.14218],[35.29161,-9.14064],[35.29266,-9.14425],[35.29832,-9.14513],[35.30316,-9.14224],[35.31536,-9.13945],[35.31901,-9.13678],[35.32305,-9.13783],[35.33369,-9.13308],[35.33874,-9.13343],[35.35517,-9.13117],[35.37785,-9.12088],[35.3798,-9.11898],[35.38897,-9.11446],[35.39141,-9.11215],[35.39698,-9.11029],[35.40418,-9.10429],[35.40568,-9.10148],[35.40832,-9.09919],[35.41083,-9.10147],[35.41743,-9.09621],[35.42663,-9.08365],[35.44184,-9.06901],[35.47622,-9.045],[35.5254,-9.06565],[35.51215,-9.0794],[35.50337,-9.08629],[35.48354,-9.09457]]]},"properties":{"region":"Njombe","district":"Njombe","ward":"Ukalawa","ward_code":"121"}},{"type":"Feature","geometry":{"type":"Polygon","coordinates":[[[34.83805,-8.95589],[34.856,-8.95643],[34.8554,-8.95831],[34.86559,-8.96084],[34.86319,-8.97047],[34.86344,-8.98393],[34.86213,-8.98773],[34.8629,-8.99045],[34.86109,-8.99208],[34.8606,-8.99579],[34.86058,-9.01744],[34.85208,-9.02951],[34.85118,-9.03449],[34.84892,-9.03717],[34.84732,-9.04215],[34.84461,-9.04696],[34.83969,-9.05167],[34.83482,-9.06147],[34.8359,-9.07248],[34.83943,-9.07734],[34.84196,-9.07922],[34.84359,-9.08758],[34.84108,-9.09287],[34.84082,-9.10444],[34.83879,-9.10886],[34.83949,-9.11395],[34.83705,-9.12022],[34.83029,-9.12062],[34.82688,-9.11842],[34.8235,-9.1205],[34.82231,-9.11757],[34.81603,-9.11705],[34.81133,-9.10968],[34.80243,-9.10703],[34.79923,-9.10311],[34.78932,-9.10002],[34.7896,-9.09661],[34.7878,-9.09364],[34.7789,-9.08822],[34.77782,-9.08202],[34.78032,-9.07458],[34.77968,-9.06873],[34.78046,-9.06643],[34.77767,-9.05925],[34.77638,-9.05182],[34.77249,-9.04992],[34.77062,-9.04696],[34.75497,-9.04103],[34.74839,-9.03499],[34.73197,-9.02839],[34.72467,-9.02186],[34.72299,-9.0163],[34.72422,-9.01502],[34.73766,-9.01596],[34.75253,-9.01539],[34.76993,-8.99877],[34.77306,-8.99267],[34.7773,-8.99157],[34.78562,-8.99497],[34.79369,-8.99645],[34.80071,-9.00601],[34.80294,-9.00731],[34.81241,-9.00951],[34.81323,-9.01157],[34.82969,-8.99194],[34.82924,-8.99083],[34.83044,-8.99115],[34.82953,-8.98223],[34.83394,-8.97451],[34.83699,-8.97366],[34.83876,-8.9714],[34.83952,-8.9685],[34.84073,-8.96258],[34.83805,-8.95589]]]},"properties":{"region":"Njombe","district":"Njombe","ward":"Mtwango","ward_code":"013"}},{"type":"Feature","geometry":{"type":"Polygon","coordinates":[[[34.89911,-8.92688],[34.90075,-8.93046],[34.90226,-8.9296],[34.90452,-8.93206],[34.91296,-8.93445],[34.921,-8.93349],[34.92522,-8.93088],[34.93411,-8.93245],[34.93252,-8.94192],[34.93433,-8.95073],[34.94662,-8.95466],[34.95361,-8.9522],[34.95671,-8.95381],[34.96812,-8.95368],[34.96768,-8.9632],[34.97299,-8.97051],[34.97894,-8.9828],[34.97742,-8.98628],[34.97973,-8.99056],[34.98002,-8.99445],[34.98683,-9.00006],[34.9862,-9.00355],[34.98798,-9.00569],[34.9808,-9.00709],[34.97689,-9.00526],[34.96769,-8.99403],[34.97041,-9.01243],[34.95017,-9.0142],[34.94583,-9.01804],[34.94138,-9.02387],[34.92624,-9.02265],[34.92282,-9.02423],[34.92155,-9.0269],[34.91552,-9.03104],[34.91304,-9.03435],[34.90316,-9.03466],[34.89205,-9.03112],[34.89064,-9.02798],[34.89166,-9.02086],[34.87341,-9.02164],[34.86559,-9.01973],[34.86058,-9.01744],[34.8606,-8.99579],[34.86109,-8.99208],[34.8629,-8.99045],[34.86213,-8.98773],[34.86344,-8.98393],[34.86319,-8.97047],[34.86543,-8.96204],[34.86522,-8.95616],[34.86691,-8.95565],[34.86833,-8.93812],[34.87656,-8.9273],[34.87837,-8.92597],[34.8846,-8.92499],[34.88785,-8.92232],[34.89213,-8.92221],[34.89911,-8.92688]]]},"properties":{"region":"Njombe","district":"Njombe","ward":"Igongolo","ward_code":"021"}},{"type":"Feature","geometry":{"type":"Polygon","coordinates":[[[34.97689,-9.00526],[34.9808,-9.00709],[34.99011,-9.00576],[34.98961,-9.00648],[34.99208,-9.01012],[34.9924,-9.01248],[34.99384,-9.01219],[34.99521,-9.01365],[34.99474,-9.01477],[34.99417,-9.01438],[34.99433,-9.0158],[34.99633,-9.01553],[34.99772,-9.01917],[34.99858,-9.02675],[35.00137,-9.03449],[35.00065,-9.03585],[34.99533,-9.03686],[34.99139,-9.0396],[34.98688,-9.04506],[34.98285,-9.05284],[34.98013,-9.05482],[34.97348,-9.06295],[34.97104,-9.06354],[34.9509,-9.06278],[34.94648,-9.06425],[34.94295,-9.06768],[34.93763,-9.07402],[34.93325,-9.08179],[34.92919,-9.08517],[34.92811,-9.08853],[34.92411,-9.09237],[34.91915,-9.09974],[34.91941,-9.10657],[34.91603,-9.11549],[34.91547,-9.12064],[34.91358,-9.12493],[34.90682,-9.1343],[34.89883,-9.1437],[34.89663,-9.14492],[34.89116,-9.14565],[34.88861,-9.14803],[34.88673,-9.15266],[34.88039,-9.15775],[34.87284,-9.17131],[34.87303,-9.17332],[34.87166,-9.17544],[34.86775,-9.1781],[34.86732,-9.1827],[34.86386,-9.1856],[34.85946,-9.18723],[34.84517,-9.19083],[34.84253,-9.20242],[34.82481,-9.18383],[34.81697,-9.18163],[34.81614,-9.17826],[34.8175,-9.16783],[34.81718,-9.15771],[34.8189,-9.15232],[34.81959,-9.14513],[34.82153,-9.13992],[34.83533,-9.12548],[34.83716,-9.11853],[34.83949,-9.11395],[34.83879,-9.10886],[34.84082,-9.10444],[34.84108,-9.09287],[34.84359,-9.08758],[34.84196,-9.07922],[34.83943,-9.07734],[34.8359,-9.07248],[34.83482,-9.06147],[34.83969,-9.05167],[34.84461,-9.04696],[34.84732,-9.04215],[34.85353,-9.02737],[34.86058,-9.01744],[34.86559,-9.01973],[34.87341,-9.02164],[34.89166,-9.02086],[34.89064,-9.02798],[34.89205,-9.03112],[34.90316,-9.03466],[34.91304,-9.03435],[34.91552,-9.03104],[34.92155,-9.0269],[34.92282,-9.02423],[34.92624,-9.02265],[34.94138,-9.02387],[34.94583,-9.01804],[34.95017,-9.0142],[34.97041,-9.01243],[34.96769,-8.99403],[34.97689,-9.00526]]]},"properties":{"region":"Njombe","district":"Njombe","ward":"Kichiwa","ward_code":"031"}},{"type":"Feature","geometry":{"type":"Polygon","coordinates":[[[35.12159,-9.02135],[35.1232,-9.02181],[35.1231,-9.02286],[35.12386,-9.02252],[35.12352,-9.02386],[35.12557,-9.0229],[35.12655,-9.02372],[35.12844,-9.02192],[35.12948,-9.02404],[35.12828,-9.02495],[35.13,-9.02543],[35.13109,-9.02474],[35.13168,-9.02629],[35.13254,-9.02565],[35.13377,-9.02852],[35.13675,-9.02706],[35.1419,-9.03088],[35.13989,-9.03465],[35.13924,-9.04074],[35.13533,-9.04665],[35.13661,-9.05022],[35.13346,-9.05545],[35.13642,-9.06244],[35.13635,-9.06524],[35.13432,-9.06873],[35.13504,-9.07383],[35.12807,-9.07939],[35.12732,-9.08181],[35.12332,-9.08407],[35.12325,-9.08641],[35.12154,-9.08855],[35.12411,-9.09065],[35.12631,-9.09763],[35.12677,-9.10857],[35.1289,-9.10928],[35.1304,-9.11115],[35.1308,-9.11385],[35.12836,-9.11871],[35.12878,-9.12401],[35.12629,-9.13114],[35.12673,-9.1383],[35.12969,-9.14751],[35.13297,-9.16369],[35.13693,-9.17172],[35.1194,-9.17218],[35.11183,-9.16745],[35.10392,-9.16651],[35.09623,-9.1724],[35.08488,-9.17275],[35.06936,-9.17615],[35.05333,-9.16784],[35.02858,-9.16528],[35.01921,-9.16607],[35.01651,-9.16493],[35.01314,-9.1606],[35.01025,-9.15391],[35.01093,-9.15214],[35.00932,-9.14566],[35.00278,-9.14044],[35.00213,-9.13834],[34.98802,-9.1361],[34.97777,-9.13758],[34.97722,-9.13603],[34.9787,-9.12532],[34.9769,-9.10279],[34.9728,-9.09882],[34.96749,-9.08537],[34.96602,-9.08347],[34.96059,-9.08026],[34.96092,-9.07673],[34.96768,-9.06599],[34.97033,-9.06347],[34.97348,-9.06295],[34.98013,-9.05482],[34.98285,-9.05284],[34.98688,-9.04506],[34.99139,-9.0396],[34.99533,-9.03686],[35.00065,-9.03585],[35.00014,-9.03681],[35.00111,-9.03718],[35.00884,-9.03645],[35.02107,-9.02752],[35.02563,-9.02845],[35.02702,-9.0258],[35.02845,-9.02651],[35.03001,-9.02586],[35.03014,-9.02483],[35.03142,-9.02479],[35.03109,-9.02547],[35.03434,-9.02725],[35.03664,-9.03024],[35.04,-9.02951],[35.04255,-9.03088],[35.04297,-9.03384],[35.04547,-9.03164],[35.04752,-9.03365],[35.05032,-9.03407],[35.05575,-9.03108],[35.05986,-9.0354],[35.06308,-9.03679],[35.07899,-9.03094],[35.12111,-9.01943],[35.1221,-9.02058],[35.12159,-9.02135]]]},"properties":{"region":"Njombe","district":"Njombe","ward":"Ninga","ward_code":"041"}},{"type":"Feature","geometry":{"type":"Polygon","coordinates":[[[34.9787,-9.12532],[34.97777,-9.13758],[34.98802,-9.1361],[35.00213,-9.13834],[35.00278,-9.14044],[35.00932,-9.14566],[35.01093,-9.15214],[35.01025,-9.15391],[35.01314,-9.1606],[35.01651,-9.16493],[35.01921,-9.16607],[35.00808,-9.17405],[35.00792,-9.1766],[35.01447,-9.19189],[35.01496,-9.19681],[35.01376,-9.19965],[35.00894,-9.20286],[35.00166,-9.21169],[35.00032,-9.22136],[34.99831,-9.22628],[34.99367,-9.22972],[34.98366,-9.23088],[34.97925,-9.2335],[34.97491,-9.24036],[34.9755,-9.24409],[34.97867,-9.24903],[34.97813,-9.25104],[34.97294,-9.25637],[34.97468,-9.25973],[34.97358,-9.26894],[34.96724,-9.28309],[34.95842,-9.28834],[34.95303,-9.29375],[34.951,-9.29416],[34.94004,-9.30261],[34.93632,-9.30367],[34.93499,-9.30501],[34.93424,-9.30721],[34.93867,-9.31466],[34.93604,-9.31509],[34.93629,-9.31588],[34.93522,-9.31643],[34.93475,-9.31527],[34.93307,-9.31613],[34.93227,-9.3144],[34.93179,-9.31584],[34.93155,-9.31467],[34.92851,-9.31606],[34.92755,-9.31499],[34.92806,-9.31365],[34.92677,-9.31234],[34.92471,-9.31406],[34.92273,-9.31109],[34.92211,-9.31174],[34.921,-9.31098],[34.92112,-9.31039],[34.92275,-9.31062],[34.92308,-9.30996],[34.92189,-9.3101],[34.92157,-9.309],[34.91954,-9.30947],[34.91815,-9.30766],[34.91891,-9.30628],[34.91766,-9.30658],[34.91763,-9.30561],[34.91727,-9.30622],[34.91599,-9.30489],[34.91488,-9.30535],[34.9141,-9.30409],[34.91293,-9.30572],[34.91027,-9.30384],[34.90968,-9.30451],[34.90643,-9.30389],[34.90625,-9.30455],[34.903,-9.30352],[34.89823,-9.30641],[34.89749,-9.30607],[34.89814,-9.3052],[34.89642,-9.30558],[34.89452,-9.30376],[34.89381,-9.3043],[34.89309,-9.30355],[34.89198,-9.30491],[34.89298,-9.30059],[34.89185,-9.29941],[34.89021,-9.30154],[34.88895,-9.30118],[34.88729,-9.30299],[34.88658,-9.30154],[34.88617,-9.30241],[34.88453,-9.30071],[34.88559,-9.3002],[34.88536,-9.29941],[34.88333,-9.29888],[34.88006,-9.29591],[34.87775,-9.29679],[34.87411,-9.29613],[34.87067,-9.29468],[34.87093,-9.29349],[34.87017,-9.29322],[34.86758,-9.29439],[34.86701,-9.29352],[34.86543,-9.2942],[34.86507,-9.29323],[34.85941,-9.29432],[34.85914,-9.29322],[34.85205,-9.29607],[34.84868,-9.29094],[34.84601,-9.28326],[34.84857,-9.26894],[34.84611,-9.26361],[34.84475,-9.25168],[34.84075,-9.24882],[34.84486,-9.24568],[34.83549,-9.2388],[34.83091,-9.22959],[34.84351,-9.20383],[34.84253,-9.20242],[34.84517,-9.19083],[34.85946,-9.18723],[34.86386,-9.1856],[34.86732,-9.1827],[34.86775,-9.1781],[34.87166,-9.17544],[34.87303,-9.17332],[34.87284,-9.17131],[34.88039,-9.15775],[34.88673,-9.15266],[34.88861,-9.14803],[34.89116,-9.14565],[34.89663,-9.14492],[34.90173,-9.14079],[34.91358,-9.12493],[34.91547,-9.12064],[34.91603,-9.11549],[34.91941,-9.10657],[34.91915,-9.09974],[34.92024,-9.09783],[34.92811,-9.08853],[34.92919,-9.08517],[34.93325,-9.08179],[34.93763,-9.07402],[34.94648,-9.06425],[34.9509,-9.06278],[34.97033,-9.06347],[34.96768,-9.06599],[34.96092,-9.07673],[34.96059,-9.08026],[34.96602,-9.08347],[34.96749,-9.08537],[34.9728,-9.09882],[34.9769,-9.10279],[34.9787,-9.12532]]]},"properties":{"region":"Njombe","district":"Njombe","ward":"Ikuna","ward_code":"051"}},{"type":"Feature","geometry":{"type":"Polygon","coordinates":[[[34.7668,-9.32167],[34.76783,-9.32048],[34.76914,-9.32152],[34.77027,-9.32102],[34.77318,-9.3238],[34.77423,-9.3236],[34.77746,-9.32567],[34.77962,-9.3253],[34.7806,-9.32633],[34.78568,-9.32215],[34.78727,-9.3256],[34.78677,-9.32704],[34.78841,-9.32771],[34.78669,-9.33796],[34.78072,-9.34094],[34.7802,-9.34026],[34.78113,-9.33848],[34.77873,-9.3373],[34.77504,-9.33716],[34.77448,-9.34067],[34.77277,-9.34121],[34.77311,-9.3451],[34.77199,-9.34784],[34.7695,-9.34677],[34.77067,-9.35235],[34.77213,-9.35421],[34.79027,-9.36358],[34.78645,-9.36818],[34.78314,-9.3704],[34.77606,-9.36869],[34.76227,-9.3699],[34.75327,-9.36668],[34.74802,-9.36943],[34.74231,-9.36631],[34.74342,-9.36471],[34.74279,-9.36302],[34.74159,-9.36301],[34.74243,-9.3625],[34.74236,-9.36016],[34.74023,-9.3594],[34.74005,-9.35828],[34.74147,-9.35463],[34.74386,-9.35392],[34.74376,-9.35131],[34.74445,-9.35056],[34.74554,-9.35104],[34.74536,-9.34937],[34.74386,-9.34803],[34.74435,-9.34581],[34.74543,-9.34675],[34.74741,-9.3459],[34.74888,-9.34261],[34.75053,-9.34205],[34.75067,-9.33992],[34.75358,-9.33947],[34.75329,-9.34069],[34.75411,-9.34087],[34.75611,-9.33828],[34.75643,-9.33599],[34.75811,-9.33571],[34.75831,-9.33439],[34.75935,-9.33407],[34.75814,-9.33251],[34.75867,-9.33072],[34.76002,-9.33038],[34.75944,-9.32933],[34.76034,-9.32967],[34.76062,-9.3283],[34.76138,-9.32856],[34.76089,-9.32803],[34.76304,-9.3271],[34.76397,-9.32355],[34.76339,-9.32233],[34.76603,-9.32215],[34.76532,-9.32155],[34.7655,-9.32043],[34.7668,-9.32167]]]},"properties":{"region":"Njombe","district":"Njombe","ward":"Njombe Mjini","ward_code":"012"}},{"type":"Feature","geometry":{"type":"Polygon","coordinates":[[[34.82578,-9.29093],[34.82497,-9.29194],[34.82643,-9.29241],[34.82831,-9.29219],[34.82855,-9.29105],[34.83148,-9.29146],[34.83565,-9.29037],[34.83731,-9.29176],[34.83967,-9.29036],[34.84191,-9.29277],[34.84501,-9.29405],[34.84737,-9.2929],[34.85104,-9.29713],[34.85914,-9.29322],[34.85941,-9.29432],[34.86507,-9.29323],[34.86543,-9.2942],[34.86701,-9.29352],[34.86758,-9.29439],[34.87017,-9.29322],[34.87093,-9.29349],[34.87067,-9.29468],[34.87289,-9.29573],[34.87775,-9.29679],[34.87955,-9.29567],[34.88333,-9.29888],[34.88536,-9.29941],[34.88559,-9.3002],[34.88453,-9.30071],[34.88617,-9.30241],[34.88658,-9.30154],[34.88729,-9.30299],[34.88541,-9.30404],[34.88153,-9.30899],[34.88575,-9.3132],[34.88273,-9.31578],[34.88488,-9.31893],[34.88056,-9.3198],[34.88017,-9.32446],[34.88131,-9.32965],[34.88064,-9.33292],[34.87617,-9.33402],[34.87908,-9.33704],[34.87738,-9.34038],[34.87251,-9.34103],[34.86716,-9.34974],[34.86287,-9.34893],[34.8568,-9.34949],[34.85294,-9.35247],[34.85122,-9.35861],[34.84398,-9.35811],[34.84218,-9.36073],[34.83868,-9.36242],[34.83822,-9.36486],[34.83703,-9.36555],[34.83456,-9.37098],[34.82844,-9.37543],[34.82732,-9.37797],[34.82885,-9.38096],[34.82842,-9.38885],[34.82188,-9.3981],[34.82283,-9.39896],[34.81997,-9.40378],[34.82185,-9.4048],[34.82135,-9.40551],[34.82015,-9.40505],[34.81957,-9.40625],[34.81811,-9.40542],[34.81878,-9.40707],[34.8164,-9.40894],[34.81802,-9.41129],[34.81656,-9.41231],[34.82027,-9.41524],[34.81303,-9.41814],[34.81365,-9.42185],[34.81287,-9.42202],[34.81354,-9.42358],[34.81273,-9.42451],[34.8136,-9.42731],[34.8097,-9.42468],[34.80721,-9.42619],[34.80588,-9.42425],[34.80316,-9.4236],[34.79929,-9.42661],[34.79623,-9.42994],[34.79599,-9.43139],[34.79358,-9.43218],[34.79007,-9.42976],[34.78495,-9.42395],[34.78388,-9.41335],[34.78626,-9.40395],[34.78526,-9.39995],[34.78485,-9.38757],[34.78335,-9.38465],[34.77663,-9.37983],[34.77603,-9.3786],[34.77736,-9.37459],[34.77487,-9.36962],[34.77156,-9.36921],[34.77606,-9.36869],[34.78314,-9.3704],[34.78645,-9.36818],[34.79027,-9.36358],[34.77213,-9.35421],[34.77067,-9.35235],[34.7695,-9.34677],[34.77199,-9.34784],[34.77311,-9.3451],[34.77277,-9.34121],[34.77448,-9.34067],[34.77504,-9.33716],[34.77873,-9.3373],[34.78113,-9.33848],[34.7802,-9.34026],[34.78072,-9.34094],[34.78669,-9.33796],[34.78841,-9.32771],[34.78677,-9.32704],[34.78727,-9.3256],[34.78549,-9.32191],[34.78654,-9.32062],[34.7874,-9.32121],[34.78639,-9.32025],[34.78782,-9.31993],[34.78818,-9.31877],[34.78888,-9.31915],[34.78879,-9.31838],[34.79282,-9.3175],[34.79176,-9.31628],[34.79322,-9.31554],[34.79297,-9.31377],[34.79438,-9.31346],[34.79347,-9.31089],[34.79467,-9.3108],[34.79467,-9.30919],[34.79586,-9.30924],[34.7954,-9.30635],[34.79664,-9.30552],[34.79586,-9.30532],[34.79655,-9.30465],[34.79518,-9.30322],[34.7954,-9.30177],[34.79763,-9.30216],[34.79828,-9.3011],[34.79876,-9.3016],[34.79832,-9.30048],[34.80209,-9.29944],[34.80313,-9.30092],[34.80491,-9.30092],[34.80585,-9.29558],[34.80701,-9.29498],[34.80927,-9.29648],[34.81406,-9.29079],[34.81692,-9.29148],[34.81788,-9.29045],[34.81976,-9.29162],[34.82315,-9.28984],[34.82578,-9.29093]]]},"properties":{"region":"Njombe","district":"Njombe","ward":"Mjimwema","ward_code":"022"}},{"type":"Feature","geometry":{"type":"Polygon","coordinates":[[[34.84351,-9.20383],[34.83091,-9.22959],[34.83549,-9.2388],[34.84486,-9.24568],[34.84075,-9.24882],[34.84475,-9.25168],[34.84611,-9.26361],[34.84857,-9.26894],[34.84601,-9.28326],[34.84868,-9.29094],[34.85205,-9.29607],[34.85104,-9.29713],[34.84998,-9.29679],[34.84737,-9.2929],[34.84501,-9.29405],[34.84214,-9.29292],[34.83942,-9.29032],[34.83731,-9.29176],[34.83565,-9.29037],[34.83148,-9.29146],[34.82855,-9.29105],[34.82831,-9.29219],[34.82643,-9.29241],[34.82497,-9.29194],[34.82578,-9.29093],[34.82315,-9.28984],[34.81976,-9.29162],[34.81788,-9.29045],[34.81692,-9.29148],[34.81406,-9.29079],[34.80927,-9.29648],[34.80701,-9.29498],[34.80585,-9.29558],[34.80491,-9.30092],[34.80313,-9.30092],[34.80209,-9.29944],[34.79832,-9.30048],[34.79876,-9.3016],[34.79828,-9.3011],[34.79763,-9.30216],[34.7954,-9.30177],[34.79518,-9.30322],[34.79655,-9.30465],[34.79586,-9.30532],[34.79664,-9.30552],[34.7954,-9.30635],[34.79586,-9.30924],[34.79467,-9.30919],[34.79467,-9.3108],[34.79347,-9.31089],[34.79438,-9.31346],[34.79297,-9.31377],[34.79322,-9.31554],[34.79176,-9.31628],[34.79282,-9.3175],[34.79218,-9.31705],[34.79089,-9.31841],[34.78818,-9.31877],[34.78782,-9.31993],[34.78639,-9.32025],[34.7874,-9.32121],[34.78632,-9.32077],[34.78512,-9.32333],[34.78125,-9.3261],[34.77877,-9.32513],[34.77746,-9.32567],[34.77423,-9.3236],[34.77318,-9.3238],[34.77027,-9.32102],[34.76914,-9.32152],[34.76783,-9.32048],[34.76714,-9.32193],[34.7655,-9.32043],[34.76603,-9.32215],[34.76339,-9.32233],[34.76397,-9.32355],[34.76304,-9.3271],[34.76089,-9.32803],[34.76138,-9.32856],[34.76062,-9.3283],[34.76034,-9.32967],[34.75944,-9.32933],[34.76002,-9.33038],[34.75867,-9.33072],[34.75814,-9.33251],[34.75935,-9.33407],[34.75831,-9.33439],[34.75811,-9.33571],[34.75643,-9.33599],[34.75611,-9.33828],[34.75411,-9.34087],[34.75329,-9.34069],[34.75358,-9.33947],[34.75067,-9.33992],[34.75053,-9.34205],[34.74888,-9.34261],[34.74741,-9.3459],[34.74543,-9.34675],[34.74435,-9.34581],[34.74386,-9.34803],[34.74536,-9.34937],[34.74554,-9.35104],[34.74429,-9.35065],[34.74375,-9.35412],[34.74147,-9.35463],[34.74042,-9.35777],[34.73901,-9.35832],[34.73933,-9.3599],[34.73777,-9.36324],[34.73588,-9.36479],[34.73658,-9.36544],[34.73465,-9.3695],[34.73001,-9.37198],[34.72836,-9.37459],[34.72491,-9.37607],[34.72476,-9.37892],[34.72277,-9.38293],[34.72101,-9.38397],[34.71874,-9.38788],[34.71411,-9.39246],[34.71306,-9.39579],[34.71079,-9.3983],[34.70895,-9.39858],[34.70843,-9.39774],[34.70488,-9.39753],[34.70328,-9.39647],[34.70021,-9.39719],[34.69727,-9.39601],[34.69461,-9.39797],[34.69026,-9.38627],[34.6908,-9.35481],[34.68594,-9.34801],[34.68586,-9.32762],[34.68432,-9.3279],[34.68406,-9.32696],[34.68247,-9.31535],[34.68579,-9.30128],[34.69185,-9.29755],[34.68921,-9.2842],[34.69845,-9.2812],[34.69331,-9.27305],[34.6921,-9.26556],[34.69425,-9.25971],[34.69836,-9.25515],[34.69695,-9.24822],[34.70657,-9.24951],[34.71543,-9.25222],[34.72305,-9.24326],[34.72579,-9.22983],[34.7404,-9.2285],[34.74562,-9.23231],[34.76063,-9.23488],[34.76244,-9.23255],[34.76214,-9.2152],[34.7674,-9.20928],[34.77367,-9.20779],[34.78449,-9.20337],[34.78593,-9.19957],[34.78603,-9.19444],[34.78376,-9.18814],[34.79449,-9.18956],[34.79063,-9.19591],[34.78892,-9.20094],[34.78364,-9.2049],[34.79019,-9.20741],[34.80091,-9.20783],[34.80976,-9.20187],[34.81297,-9.19616],[34.81933,-9.18847],[34.81695,-9.18106],[34.82481,-9.18383],[34.84096,-9.20021],[34.84351,-9.20383]]]},"properties":{"region":"Njombe","district":"Njombe","ward":"Ramadhani","ward_code":"032"}},{"type":"Feature","geometry":{"type":"Polygon","coordinates":[[[34.89103,-9.29956],[34.89298,-9.30059],[34.89198,-9.30491],[34.89309,-9.30355],[34.89381,-9.3043],[34.89452,-9.30376],[34.89642,-9.30558],[34.89814,-9.3052],[34.89749,-9.30607],[34.89823,-9.30641],[34.903,-9.30352],[34.90625,-9.30455],[34.90643,-9.30389],[34.90968,-9.30451],[34.91027,-9.30384],[34.91293,-9.30572],[34.9141,-9.30409],[34.91488,-9.30535],[34.91599,-9.30489],[34.91727,-9.30622],[34.91763,-9.30561],[34.91766,-9.30658],[34.91891,-9.30628],[34.91815,-9.30766],[34.91954,-9.30947],[34.92157,-9.309],[34.92189,-9.3101],[34.92308,-9.30996],[34.921,-9.31098],[34.92211,-9.31174],[34.92273,-9.31109],[34.92471,-9.31406],[34.92677,-9.31234],[34.92806,-9.31365],[34.92755,-9.31499],[34.92851,-9.31606],[34.93155,-9.31467],[34.93179,-9.31584],[34.93227,-9.3144],[34.93307,-9.31613],[34.93475,-9.31527],[34.93522,-9.31643],[34.93629,-9.31588],[34.93604,-9.31509],[34.93854,-9.31487],[34.938,-9.31392],[34.94033,-9.31432],[34.94203,-9.31642],[34.94288,-9.31531],[34.94351,-9.31704],[34.94577,-9.31615],[34.94477,-9.31859],[34.944,-9.31825],[34.94616,-9.31983],[34.94499,-9.32053],[34.94536,-9.32117],[34.94803,-9.32068],[34.9481,-9.32355],[34.94995,-9.32491],[34.94935,-9.3257],[34.95094,-9.32637],[34.95084,-9.3252],[34.95152,-9.32563],[34.95095,-9.32695],[34.95176,-9.32649],[34.95204,-9.32743],[34.95129,-9.32753],[34.95228,-9.32811],[34.95283,-9.32729],[34.95396,-9.32943],[34.95717,-9.33049],[34.95824,-9.33314],[34.95914,-9.3323],[34.95892,-9.3339],[34.96018,-9.33288],[34.96052,-9.33394],[34.95872,-9.33503],[34.95995,-9.33662],[34.95891,-9.33734],[34.95952,-9.33791],[34.96005,-9.33719],[34.96127,-9.33859],[34.96151,-9.33783],[34.96212,-9.33933],[34.96224,-9.33776],[34.96379,-9.33942],[34.96242,-9.33992],[34.96332,-9.3403],[34.96254,-9.34284],[34.9634,-9.34397],[34.96048,-9.34515],[34.95968,-9.34653],[34.96015,-9.35073],[34.96318,-9.35068],[34.96331,-9.35206],[34.96731,-9.35303],[34.96817,-9.3548],[34.97035,-9.35483],[34.96958,-9.35981],[34.96494,-9.36862],[34.96648,-9.37857],[34.96377,-9.38853],[34.9608,-9.39121],[34.95962,-9.39431],[34.95648,-9.39661],[34.95607,-9.39886],[34.95425,-9.40062],[34.9582,-9.39987],[34.95903,-9.40082],[34.96166,-9.4005],[34.9664,-9.40321],[34.96769,-9.40276],[34.96804,-9.40435],[34.97329,-9.40651],[34.97738,-9.41138],[34.97761,-9.41459],[34.97676,-9.41545],[34.97957,-9.4168],[34.97991,-9.41797],[34.98237,-9.41715],[34.98382,-9.41894],[34.98511,-9.41907],[34.98451,-9.41996],[34.98733,-9.42164],[34.98582,-9.42167],[34.98665,-9.42491],[34.98908,-9.4268],[34.98812,-9.42726],[34.98879,-9.42826],[34.9879,-9.43046],[34.98524,-9.43084],[34.98551,-9.43188],[34.98465,-9.4323],[34.98547,-9.43289],[34.98172,-9.43239],[34.98122,-9.43424],[34.9781,-9.43671],[34.97659,-9.44006],[34.97606,-9.43956],[34.9728,-9.44161],[34.97171,-9.44131],[34.97118,-9.44306],[34.97196,-9.44334],[34.96943,-9.44582],[34.96716,-9.44658],[34.96382,-9.45237],[34.96297,-9.45189],[34.96065,-9.45329],[34.96065,-9.45461],[34.95871,-9.45508],[34.95729,-9.45827],[34.95589,-9.45801],[34.95548,-9.46036],[34.95285,-9.46265],[34.95244,-9.46718],[34.95133,-9.46797],[34.95069,-9.46731],[34.95072,-9.46907],[34.94938,-9.47073],[34.94498,-9.46898],[34.94347,-9.47109],[34.94221,-9.4698],[34.93847,-9.47098],[34.93334,-9.46942],[34.9314,-9.4711],[34.91664,-9.4732],[34.91199,-9.47662],[34.91097,-9.47578],[34.90866,-9.47607],[34.9068,-9.47827],[34.90383,-9.47843],[34.90028,-9.47586],[34.90076,-9.47529],[34.89929,-9.47337],[34.8978,-9.47318],[34.89785,-9.47192],[34.8955,-9.47128],[34.89293,-9.47272],[34.89293,-9.47365],[34.88519,-9.46903],[34.88476,-9.46766],[34.88353,-9.46797],[34.88092,-9.46648],[34.87954,-9.4673],[34.87698,-9.46646],[34.87509,-9.46707],[34.86573,-9.45709],[34.85413,-9.45865],[34.85328,-9.45971],[34.85069,-9.4589],[34.84941,-9.45956],[34.84052,-9.45874],[34.82203,-9.44761],[34.81757,-9.44301],[34.81514,-9.44215],[34.81419,-9.42922],[34.81273,-9.42451],[34.81354,-9.42358],[34.81287,-9.42202],[34.81365,-9.42185],[34.81303,-9.41814],[34.82027,-9.41524],[34.81656,-9.41231],[34.81802,-9.41129],[34.8164,-9.40894],[34.81878,-9.40707],[34.81811,-9.40542],[34.81957,-9.40625],[34.82015,-9.40505],[34.82135,-9.40551],[34.82185,-9.4048],[34.81997,-9.40378],[34.82283,-9.39896],[34.82188,-9.3981],[34.82842,-9.38885],[34.82885,-9.38096],[34.82732,-9.37797],[34.82844,-9.37543],[34.83456,-9.37098],[34.83703,-9.36555],[34.83822,-9.36486],[34.83868,-9.36242],[34.84218,-9.36073],[34.84398,-9.35811],[34.85122,-9.35861],[34.85294,-9.35247],[34.8568,-9.34949],[34.86287,-9.34893],[34.86716,-9.34974],[34.87251,-9.34103],[34.87738,-9.34038],[34.87908,-9.33704],[34.87617,-9.33402],[34.88064,-9.33292],[34.88131,-9.32965],[34.88017,-9.32446],[34.88056,-9.3198],[34.88488,-9.31893],[34.88273,-9.31578],[34.88575,-9.3132],[34.88153,-9.30899],[34.88541,-9.30404],[34.88696,-9.30371],[34.88895,-9.30118],[34.89021,-9.30154],[34.89103,-9.29956]]]},"properties":{"region":"Njombe","district":"Njombe","ward":"Yakobi","ward_code":"041"}},{"type":"Feature","geometry":{"type":"Polygon","coordinates":[[[34.96691,-9.44773],[34.9686,-9.44898],[34.97045,-9.44899],[34.9712,-9.45016],[34.97905,-9.45092],[34.98256,-9.45266],[34.9856,-9.45219],[34.99223,-9.45361],[35.00005,-9.45826],[35.00247,-9.45751],[35.01833,-9.46163],[35.02291,-9.46077],[35.03052,-9.46116],[35.03651,-9.46321],[35.03837,-9.4624],[35.0396,-9.46352],[35.04823,-9.46293],[35.05678,-9.45998],[35.06119,-9.46043],[35.06742,-9.45792],[35.07675,-9.45874],[35.08127,-9.46095],[35.09151,-9.46962],[35.09818,-9.47893],[35.10293,-9.48077],[35.10606,-9.48473],[35.11214,-9.48808],[35.12191,-9.49552],[35.13275,-9.49596],[35.13715,-9.49809],[35.14164,-9.49658],[35.15149,-9.49812],[35.15243,-9.49981],[35.15731,-9.50315],[35.15767,-9.50459],[35.16195,-9.50658],[35.16204,-9.50793],[35.164,-9.50833],[35.16428,-9.51007],[35.16714,-9.51056],[35.16692,-9.51185],[35.16925,-9.51204],[35.16963,-9.51345],[35.17208,-9.51357],[35.17326,-9.51513],[35.17578,-9.51489],[35.17631,-9.51673],[35.17957,-9.51777],[35.18,-9.51927],[35.18675,-9.51994],[35.18752,-9.52161],[35.19085,-9.52207],[35.19562,-9.52556],[35.19829,-9.52627],[35.20077,-9.52861],[35.20077,-9.53013],[35.20264,-9.53135],[35.20261,-9.53319],[35.20429,-9.53357],[35.20592,-9.53538],[35.20676,-9.53831],[35.20989,-9.53954],[35.20998,-9.54135],[35.21415,-9.54193],[35.21826,-9.5457],[35.22656,-9.55926],[35.22697,-9.56555],[35.22966,-9.57139],[35.22953,-9.57354],[35.23136,-9.57444],[35.23174,-9.57754],[35.2329,-9.5776],[35.2326,-9.57905],[35.23393,-9.5792],[35.23428,-9.58174],[35.23645,-9.58302],[35.23647,-9.58447],[35.23801,-9.58496],[35.23756,-9.5859],[35.23916,-9.58665],[35.24028,-9.58893],[35.24166,-9.58923],[35.2419,-9.59048],[35.24904,-9.5934],[35.25056,-9.59611],[35.2514,-9.5955],[35.25096,-9.5968],[35.25226,-9.59654],[35.25243,-9.59769],[35.25417,-9.59754],[35.2543,-9.59897],[35.25556,-9.59848],[35.25699,-9.60028],[35.25855,-9.59994],[35.25983,-9.60128],[35.26206,-9.60164],[35.26263,-9.60369],[35.26481,-9.60393],[35.26595,-9.60821],[35.26824,-9.60843],[35.26994,-9.60962],[35.27005,-9.61095],[35.27259,-9.61137],[35.27371,-9.61678],[35.27642,-9.61863],[35.27621,-9.62186],[35.27963,-9.62271],[35.2795,-9.62506],[35.28236,-9.62632],[35.28131,-9.62816],[35.28473,-9.62955],[35.28772,-9.63217],[35.28815,-9.63369],[35.29291,-9.63543],[35.29424,-9.63881],[35.29992,-9.64468],[35.25822,-9.66851],[35.13874,-9.76563],[35.13478,-9.76699],[35.11528,-9.76606],[35.07562,-9.77337],[35.07449,-9.7728],[35.07461,-9.7717],[35.07139,-9.77154],[35.07048,-9.76912],[35.06562,-9.76954],[35.062,-9.76568],[35.05827,-9.76436],[35.05472,-9.76166],[35.05038,-9.76146],[35.04916,-9.76227],[35.04372,-9.75841],[35.04289,-9.75402],[35.04159,-9.7542],[35.03718,-9.75115],[35.03398,-9.75082],[35.03264,-9.74929],[35.0311,-9.74967],[35.02868,-9.74826],[35.02736,-9.74913],[35.0267,-9.74795],[35.02292,-9.74903],[35.02145,-9.74705],[35.0182,-9.74553],[35.01834,-9.74467],[35.01394,-9.74345],[35.0108,-9.74037],[35.00266,-9.73708],[35.00089,-9.73456],[34.99922,-9.73477],[34.99838,-9.73376],[34.99748,-9.73449],[34.99647,-9.73352],[34.99702,-9.73126],[34.99352,-9.72772],[34.98606,-9.71473],[34.98213,-9.7096],[34.98647,-9.70586],[34.98966,-9.69428],[34.99245,-9.69063],[34.99395,-9.68549],[34.99323,-9.68361],[34.99473,-9.68196],[34.99455,-9.67701],[34.99341,-9.67538],[34.9984,-9.67216],[34.99726,-9.67126],[34.99814,-9.67032],[34.99756,-9.66814],[34.99646,-9.66751],[34.99568,-9.66816],[34.99491,-9.66567],[34.99374,-9.66655],[34.99262,-9.66502],[34.99282,-9.66212],[34.99201,-9.66104],[34.99281,-9.66043],[34.99192,-9.65983],[34.99412,-9.65802],[34.9951,-9.65877],[34.99591,-9.65521],[34.99265,-9.65445],[34.99293,-9.65307],[34.99033,-9.64704],[34.99169,-9.6417],[34.99364,-9.64076],[34.99354,-9.64147],[34.99499,-9.64124],[34.99378,-9.63524],[34.9962,-9.63298],[34.99639,-9.63161],[34.99823,-9.63122],[34.99759,-9.62821],[34.99865,-9.62622],[34.99786,-9.62471],[35.00003,-9.62156],[34.99931,-9.62092],[35.00201,-9.61894],[34.99987,-9.61821],[34.99524,-9.61371],[34.99398,-9.61185],[34.99446,-9.6101],[34.99322,-9.60898],[34.995,-9.60441],[34.99818,-9.6006],[34.99715,-9.59947],[34.99714,-9.5966],[34.99351,-9.59255],[34.98912,-9.59032],[34.98104,-9.58941],[34.97263,-9.59132],[34.96162,-9.58675],[34.95377,-9.58657],[34.94968,-9.58783],[34.93938,-9.58733],[34.91965,-9.57908],[34.90626,-9.57701],[34.90911,-9.57239],[34.90792,-9.57191],[34.90834,-9.57046],[34.90735,-9.57027],[34.90814,-9.56954],[34.90705,-9.56832],[34.90815,-9.56676],[34.90817,-9.56425],[34.90989,-9.56318],[34.91072,-9.55869],[34.91235,-9.5558],[34.9184,-9.54905],[34.92272,-9.54795],[34.92542,-9.5462],[34.91966,-9.53355],[34.90849,-9.5256],[34.90687,-9.52117],[34.91898,-9.50889],[34.92688,-9.50878],[34.93258,-9.50157],[34.93739,-9.50538],[34.94116,-9.51074],[34.95407,-9.5036],[34.95321,-9.49678],[34.95075,-9.49241],[34.95079,-9.49007],[34.95238,-9.48126],[34.9553,-9.4796],[34.95092,-9.47401],[34.95123,-9.4677],[34.95244,-9.46718],[34.95285,-9.46265],[34.95548,-9.46036],[34.95589,-9.45801],[34.95729,-9.45827],[34.95871,-9.45508],[34.96065,-9.45461],[34.96065,-9.45329],[34.96297,-9.45189],[34.96382,-9.45237],[34.96498,-9.45112],[34.96481,-9.44951],[34.96691,-9.44773]]]},"properties":{"region":"Njombe","district":"Njombe","ward":"Kifanya","ward_code":"051"}},{"type":"Feature","geometry":{"type":"Polygon","coordinates":[[[35.07922,-9.34413],[35.08175,-9.34639],[35.0843,-9.34557],[35.08711,-9.346],[35.08884,-9.34865],[35.09061,-9.34806],[35.09599,-9.35018],[35.09977,-9.35017],[35.10677,-9.35195],[35.11467,-9.35137],[35.12309,-9.35451],[35.13057,-9.35574],[35.14009,-9.35462],[35.15476,-9.35726],[35.16262,-9.36647],[35.17017,-9.36636],[35.17775,-9.3643],[35.18009,-9.36615],[35.17895,-9.37013],[35.18162,-9.37158],[35.1843,-9.37008],[35.18668,-9.37421],[35.1898,-9.37352],[35.19072,-9.37171],[35.19288,-9.37092],[35.19281,-9.36811],[35.19892,-9.36874],[35.20178,-9.37069],[35.20233,-9.36678],[35.2055,-9.36603],[35.20709,-9.36776],[35.21074,-9.36782],[35.21137,-9.36853],[35.2103,-9.37021],[35.21327,-9.37168],[35.21131,-9.37226],[35.21073,-9.37439],[35.20864,-9.37585],[35.21157,-9.37939],[35.20937,-9.38192],[35.21104,-9.38182],[35.21924,-9.39041],[35.22065,-9.39452],[35.22509,-9.39612],[35.22656,-9.39868],[35.22978,-9.39884],[35.23381,-9.40288],[35.2334,-9.40446],[35.23809,-9.40677],[35.24003,-9.40998],[35.24316,-9.40941],[35.24592,-9.41013],[35.24555,-9.41323],[35.24778,-9.41389],[35.24907,-9.41592],[35.25214,-9.41666],[35.25528,-9.42097],[35.25452,-9.42322],[35.25545,-9.42321],[35.25572,-9.42459],[35.25801,-9.42634],[35.25369,-9.42714],[35.25526,-9.43144],[35.25469,-9.43363],[35.25364,-9.43381],[35.25832,-9.43529],[35.26252,-9.43867],[35.26352,-9.43812],[35.26578,-9.43911],[35.26639,-9.4414],[35.26944,-9.44261],[35.26982,-9.44371],[35.27154,-9.44363],[35.27137,-9.44578],[35.27278,-9.44586],[35.2758,-9.45027],[35.27688,-9.45104],[35.27876,-9.45031],[35.27753,-9.45326],[35.27981,-9.45264],[35.28206,-9.45591],[35.28358,-9.45562],[35.28478,-9.45795],[35.28445,-9.4596],[35.28073,-9.46227],[35.27973,-9.46504],[35.27736,-9.466],[35.27728,-9.4678],[35.28096,-9.46888],[35.28371,-9.46835],[35.28674,-9.47051],[35.28971,-9.47173],[35.29139,-9.47143],[35.29213,-9.47235],[35.29438,-9.47235],[35.29765,-9.469],[35.29729,-9.4727],[35.29913,-9.47334],[35.30139,-9.47629],[35.29928,-9.47813],[35.30278,-9.47905],[35.30497,-9.48369],[35.3044,-9.48606],[35.30584,-9.49288],[35.30428,-9.49843],[35.30565,-9.49927],[35.30618,-9.50414],[35.30397,-9.50732],[35.29763,-9.50862],[35.29734,-9.50964],[35.29865,-9.51146],[35.29794,-9.51265],[35.29919,-9.51375],[35.29821,-9.51697],[35.29426,-9.52059],[35.29417,-9.52208],[35.29816,-9.52309],[35.29728,-9.5311],[35.29807,-9.6047],[35.30106,-9.63305],[35.305,-9.64178],[35.29992,-9.64468],[35.29424,-9.63881],[35.29291,-9.63543],[35.28815,-9.63369],[35.28772,-9.63217],[35.28473,-9.62955],[35.28131,-9.62816],[35.28236,-9.62632],[35.2795,-9.62506],[35.27963,-9.62271],[35.27621,-9.62186],[35.27642,-9.61863],[35.27371,-9.61678],[35.27259,-9.61137],[35.27005,-9.61095],[35.26994,-9.60962],[35.26824,-9.60843],[35.26595,-9.60821],[35.26481,-9.60393],[35.26263,-9.60369],[35.26206,-9.60164],[35.25983,-9.60128],[35.25855,-9.59994],[35.25699,-9.60028],[35.25556,-9.59848],[35.2543,-9.59897],[35.25417,-9.59754],[35.25096,-9.5968],[35.2514,-9.5955],[35.25056,-9.59611],[35.24904,-9.5934],[35.24362,-9.59148],[35.24028,-9.58893],[35.23916,-9.58665],[35.23756,-9.5859],[35.23801,-9.58496],[35.23647,-9.58447],[35.23645,-9.58302],[35.23428,-9.58174],[35.23393,-9.5792],[35.2326,-9.57905],[35.2329,-9.5776],[35.23174,-9.57754],[35.23136,-9.57444],[35.22953,-9.57354],[35.22966,-9.57139],[35.22697,-9.56555],[35.22656,-9.55926],[35.22163,-9.5501],[35.21415,-9.54193],[35.20998,-9.54135],[35.20989,-9.53954],[35.20676,-9.53831],[35.20592,-9.53538],[35.20429,-9.53357],[35.20261,-9.53319],[35.20264,-9.53135],[35.20077,-9.53013],[35.20077,-9.52861],[35.19829,-9.52627],[35.19562,-9.52556],[35.19085,-9.52207],[35.18752,-9.52161],[35.18675,-9.51994],[35.18,-9.51927],[35.17957,-9.51777],[35.17631,-9.51673],[35.17578,-9.51489],[35.17326,-9.51513],[35.17208,-9.51357],[35.16963,-9.51345],[35.16925,-9.51204],[35.16692,-9.51185],[35.16714,-9.51056],[35.16428,-9.51007],[35.164,-9.50833],[35.16204,-9.50793],[35.16195,-9.50658],[35.15767,-9.50459],[35.15731,-9.50315],[35.15243,-9.49981],[35.15149,-9.49812],[35.14164,-9.49658],[35.13715,-9.49809],[35.13275,-9.49596],[35.12191,-9.49552],[35.11214,-9.48808],[35.10606,-9.48473],[35.10293,-9.48077],[35.09818,-9.47893],[35.09151,-9.46962],[35.08127,-9.46095],[35.07675,-9.45874],[35.06742,-9.45792],[35.06119,-9.46043],[35.05678,-9.45998],[35.04823,-9.46293],[35.0396,-9.46352],[35.03837,-9.4624],[35.03651,-9.46321],[35.03052,-9.46116],[35.02291,-9.46077],[35.01833,-9.46163],[35.00247,-9.45751],[35.00005,-9.45826],[34.99223,-9.45361],[34.9856,-9.45219],[34.98256,-9.45266],[34.97905,-9.45092],[34.9712,-9.45016],[34.96745,-9.4476],[34.96716,-9.44658],[34.96943,-9.44582],[34.97196,-9.44334],[34.97118,-9.44306],[34.97171,-9.44131],[34.9728,-9.44161],[34.97606,-9.43956],[34.97659,-9.44006],[34.9781,-9.43671],[34.98122,-9.43424],[34.98172,-9.43239],[34.98547,-9.43289],[34.98465,-9.4323],[34.98551,-9.43188],[34.98524,-9.43084],[34.9879,-9.43046],[34.98879,-9.42826],[34.98812,-9.42726],[34.98908,-9.4268],[34.98665,-9.42491],[34.98582,-9.42167],[34.98733,-9.42164],[34.98451,-9.41996],[34.98511,-9.41907],[34.98382,-9.41894],[34.98237,-9.41715],[34.97991,-9.41797],[34.97957,-9.4168],[34.97676,-9.41545],[34.97761,-9.41459],[34.97738,-9.41138],[34.97329,-9.40651],[34.96804,-9.40435],[34.96769,-9.40276],[34.9664,-9.40321],[34.96166,-9.4005],[34.95903,-9.40082],[34.9582,-9.39987],[34.95425,-9.40062],[34.95607,-9.39886],[34.95648,-9.39661],[34.95962,-9.39431],[34.9608,-9.39121],[34.96377,-9.38853],[34.96648,-9.37857],[34.96494,-9.36862],[34.96958,-9.35981],[34.97035,-9.35483],[34.97173,-9.3564],[34.9734,-9.35658],[34.9737,-9.35791],[34.97391,-9.35694],[34.97501,-9.35753],[34.97657,-9.35568],[34.97804,-9.35617],[34.97732,-9.35524],[34.97892,-9.35497],[34.97837,-9.35259],[34.97999,-9.35268],[34.98168,-9.35142],[34.98326,-9.35235],[34.98327,-9.35119],[34.98469,-9.35166],[34.98583,-9.35055],[34.98889,-9.35165],[34.98939,-9.35007],[34.99059,-9.35026],[34.99222,-9.35303],[34.99459,-9.35293],[34.99565,-9.35483],[34.99724,-9.35414],[34.99792,-9.35595],[35.0024,-9.3572],[35.00456,-9.36069],[35.00586,-9.36008],[35.00654,-9.36119],[35.00758,-9.361],[35.00803,-9.36253],[35.01051,-9.3629],[35.0094,-9.36457],[35.01293,-9.36629],[35.01327,-9.36827],[35.01425,-9.36751],[35.01611,-9.36898],[35.01553,-9.36926],[35.01668,-9.37201],[35.01551,-9.37409],[35.01864,-9.37496],[35.01865,-9.37636],[35.02203,-9.37667],[35.02224,-9.37852],[35.02304,-9.37785],[35.02432,-9.3793],[35.02538,-9.37661],[35.02922,-9.37684],[35.02847,-9.37825],[35.02934,-9.37814],[35.0295,-9.37947],[35.03308,-9.3801],[35.03607,-9.38328],[35.03976,-9.38061],[35.04155,-9.38039],[35.04467,-9.37735],[35.04713,-9.38019],[35.04787,-9.37838],[35.04895,-9.37939],[35.05031,-9.37805],[35.05189,-9.37868],[35.05377,-9.37405],[35.05187,-9.37425],[35.05036,-9.37306],[35.05004,-9.37094],[35.0512,-9.37134],[35.05347,-9.37008],[35.05558,-9.36685],[35.05542,-9.36501],[35.0566,-9.3653],[35.05654,-9.36412],[35.05909,-9.36211],[35.05989,-9.3594],[35.06089,-9.35973],[35.06156,-9.35811],[35.06529,-9.35761],[35.06515,-9.35526],[35.06633,-9.35422],[35.06747,-9.35442],[35.06752,-9.35551],[35.07018,-9.35435],[35.07283,-9.356],[35.07425,-9.35101],[35.07654,-9.34941],[35.07922,-9.34413]]]},"properties":{"region":"Njombe","district":"Njombe","ward":"Ihanga","ward_code":"061"}},{"type":"Feature","geometry":{"type":"Polygon","coordinates":[[[34.86573,-9.45709],[34.87509,-9.46707],[34.87698,-9.46646],[34.87954,-9.4673],[34.88092,-9.46648],[34.88353,-9.46797],[34.88476,-9.46766],[34.88519,-9.46903],[34.89293,-9.47365],[34.89293,-9.47272],[34.8955,-9.47128],[34.89785,-9.47192],[34.89748,-9.47275],[34.89929,-9.47337],[34.90052,-9.4761],[34.90475,-9.47855],[34.9068,-9.47827],[34.90866,-9.47607],[34.91097,-9.47578],[34.91199,-9.47662],[34.91664,-9.4732],[34.9314,-9.4711],[34.93334,-9.46942],[34.93847,-9.47098],[34.94221,-9.4698],[34.94347,-9.47109],[34.94498,-9.46898],[34.94938,-9.47073],[34.95072,-9.46907],[34.95069,-9.46731],[34.95111,-9.46745],[34.95124,-9.46772],[34.95092,-9.47401],[34.9553,-9.4796],[34.95238,-9.48126],[34.95079,-9.49007],[34.95075,-9.49241],[34.95321,-9.49678],[34.95407,-9.5036],[34.94116,-9.51074],[34.93739,-9.50538],[34.93258,-9.50157],[34.92688,-9.50878],[34.91898,-9.50889],[34.90687,-9.52117],[34.90849,-9.5256],[34.91966,-9.53355],[34.92542,-9.5462],[34.92272,-9.54795],[34.9184,-9.54905],[34.91235,-9.5558],[34.91072,-9.55869],[34.90989,-9.56318],[34.90817,-9.56425],[34.90815,-9.56676],[34.90705,-9.56832],[34.90814,-9.56954],[34.90735,-9.57027],[34.90834,-9.57046],[34.90792,-9.57191],[34.90911,-9.57239],[34.90626,-9.57701],[34.91965,-9.57908],[34.93938,-9.58733],[34.94968,-9.58783],[34.95377,-9.58657],[34.96162,-9.58675],[34.97263,-9.59132],[34.98104,-9.58941],[34.98912,-9.59032],[34.99351,-9.59255],[34.99714,-9.5966],[34.99715,-9.59947],[34.99818,-9.6006],[34.995,-9.60441],[34.99322,-9.60898],[34.99446,-9.6101],[34.99398,-9.61185],[34.99524,-9.61371],[34.99987,-9.61821],[35.00201,-9.61894],[34.99931,-9.62092],[35.00003,-9.62156],[34.99786,-9.62471],[34.99865,-9.62622],[34.99759,-9.62821],[34.99823,-9.63122],[34.99639,-9.63161],[34.9962,-9.63298],[34.99378,-9.63524],[34.99499,-9.64124],[34.99354,-9.64147],[34.99364,-9.64076],[34.99169,-9.6417],[34.99033,-9.64704],[34.99293,-9.65307],[34.99265,-9.65445],[34.99591,-9.65521],[34.9951,-9.65877],[34.99412,-9.65802],[34.99192,-9.65983],[34.99281,-9.66043],[34.99201,-9.66104],[34.99282,-9.66212],[34.99262,-9.66502],[34.99374,-9.66655],[34.99491,-9.66567],[34.99568,-9.66816],[34.99646,-9.66751],[34.99756,-9.66814],[34.99814,-9.67032],[34.99726,-9.67126],[34.9984,-9.67216],[34.99341,-9.67538],[34.99455,-9.67701],[34.99473,-9.68196],[34.99323,-9.68361],[34.99395,-9.68549],[34.99245,-9.69063],[34.98966,-9.69428],[34.98647,-9.70586],[34.98213,-9.7096],[34.98606,-9.71473],[34.99352,-9.72772],[34.99702,-9.73126],[34.99647,-9.73352],[34.99301,-9.73264],[34.98769,-9.73477],[34.98564,-9.74053],[34.98616,-9.74128],[34.98404,-9.74118],[34.98338,-9.74243],[34.98156,-9.74077],[34.98031,-9.74127],[34.98102,-9.73976],[34.97903,-9.73877],[34.97614,-9.73961],[34.97568,-9.73806],[34.97688,-9.73734],[34.97567,-9.7346],[34.97625,-9.73283],[34.9754,-9.73225],[34.97628,-9.73179],[34.9762,-9.72859],[34.97552,-9.72856],[34.97453,-9.72449],[34.97232,-9.72392],[34.97222,-9.72303],[34.97163,-9.72355],[34.97165,-9.72289],[34.96819,-9.72238],[34.96901,-9.72159],[34.96726,-9.72008],[34.96676,-9.7176],[34.96567,-9.71872],[34.96444,-9.71747],[34.96291,-9.71865],[34.95455,-9.71612],[34.95423,-9.70866],[34.95271,-9.70554],[34.9515,-9.70515],[34.95275,-9.70386],[34.95,-9.70284],[34.94924,-9.70028],[34.94749,-9.70096],[34.94539,-9.69757],[34.94236,-9.69777],[34.94271,-9.69668],[34.94187,-9.69779],[34.9415,-9.69621],[34.93857,-9.69604],[34.93933,-9.69434],[34.93765,-9.69487],[34.93638,-9.6935],[34.93473,-9.69527],[34.93295,-9.69483],[34.93013,-9.69648],[34.9272,-9.6957],[34.9247,-9.69673],[34.92158,-9.69477],[34.91681,-9.69531],[34.91492,-9.69294],[34.91203,-9.69245],[34.90937,-9.69065],[34.90881,-9.69242],[34.90445,-9.69181],[34.90408,-9.6902],[34.90164,-9.68856],[34.89594,-9.68637],[34.88825,-9.68141],[34.8875,-9.67831],[34.88224,-9.67384],[34.87253,-9.67024],[34.86978,-9.67177],[34.86621,-9.67076],[34.86549,-9.67214],[34.86314,-9.67265],[34.86434,-9.66928],[34.86602,-9.66953],[34.86801,-9.66678],[34.86632,-9.66578],[34.86496,-9.66291],[34.86838,-9.66261],[34.86737,-9.66164],[34.86795,-9.66103],[34.86655,-9.65764],[34.8648,-9.65783],[34.86122,-9.6542],[34.85912,-9.65448],[34.85722,-9.65302],[34.85485,-9.65401],[34.85218,-9.65352],[34.8449,-9.6375],[34.84511,-9.63449],[34.84821,-9.63138],[34.85046,-9.62618],[34.85672,-9.61982],[34.85753,-9.6159],[34.85554,-9.61335],[34.85446,-9.60982],[34.85142,-9.60818],[34.85127,-9.60646],[34.84893,-9.60401],[34.84908,-9.60013],[34.84753,-9.59944],[34.84628,-9.59712],[34.84615,-9.59446],[34.84378,-9.59362],[34.84201,-9.58978],[34.84132,-9.58396],[34.83926,-9.58207],[34.83694,-9.57549],[34.83312,-9.57104],[34.83338,-9.56745],[34.83513,-9.56801],[34.83689,-9.56698],[34.838,-9.55695],[34.84108,-9.55291],[34.84157,-9.55039],[34.84038,-9.54347],[34.84114,-9.54042],[34.84003,-9.53544],[34.83864,-9.53532],[34.83785,-9.53345],[34.83894,-9.52991],[34.83656,-9.52901],[34.8359,-9.52744],[34.83722,-9.52192],[34.83592,-9.52126],[34.83325,-9.51598],[34.83593,-9.51274],[34.83317,-9.50418],[34.83693,-9.49792],[34.84078,-9.47331],[34.84052,-9.45874],[34.84941,-9.45956],[34.85069,-9.4589],[34.85328,-9.45971],[34.85413,-9.45865],[34.86573,-9.45709]]]},"properties":{"region":"Njombe","district":"Njombe","ward":"Iwungilo","ward_code":"071"}},{"type":"Feature","geometry":{"type":"Polygon","coordinates":[[[34.72996,-9.48798],[34.73093,-9.49059],[34.73319,-9.49208],[34.73614,-9.49639],[34.73563,-9.49905],[34.73663,-9.50169],[34.74068,-9.50736],[34.75005,-9.5115],[34.75314,-9.52177],[34.75219,-9.5274],[34.76374,-9.53652],[34.76706,-9.54068],[34.76799,-9.54427],[34.77606,-9.54739],[34.78596,-9.54957],[34.79524,-9.5545],[34.79954,-9.55788],[34.82319,-9.5637],[34.82938,-9.56687],[34.83338,-9.56745],[34.83312,-9.57104],[34.83694,-9.57549],[34.83926,-9.58207],[34.84132,-9.58396],[34.84201,-9.58978],[34.84378,-9.59362],[34.84615,-9.59446],[34.84628,-9.59712],[34.84753,-9.59944],[34.84908,-9.60013],[34.84893,-9.60401],[34.85127,-9.60646],[34.85142,-9.60818],[34.85446,-9.60982],[34.85554,-9.61335],[34.85753,-9.6159],[34.85672,-9.61982],[34.85046,-9.62618],[34.84821,-9.63138],[34.84511,-9.63449],[34.8449,-9.6375],[34.85218,-9.65352],[34.85485,-9.65401],[34.85722,-9.65302],[34.85912,-9.65448],[34.86122,-9.6542],[34.8648,-9.65783],[34.86655,-9.65764],[34.86795,-9.66103],[34.86737,-9.66164],[34.86838,-9.66261],[34.86496,-9.66291],[34.86632,-9.66578],[34.86801,-9.66678],[34.86602,-9.66953],[34.86434,-9.66928],[34.86314,-9.67265],[34.84121,-9.67865],[34.82897,-9.68045],[34.82228,-9.68259],[34.82147,-9.67997],[34.8199,-9.68002],[34.8181,-9.67818],[34.81349,-9.67734],[34.81185,-9.67815],[34.81087,-9.67677],[34.8095,-9.677],[34.81008,-9.67551],[34.809,-9.67529],[34.81001,-9.67397],[34.79843,-9.67137],[34.79712,-9.67001],[34.791,-9.66918],[34.78503,-9.6699],[34.78337,-9.6688],[34.77969,-9.66894],[34.77089,-9.67495],[34.76958,-9.67486],[34.76804,-9.67663],[34.7668,-9.6764],[34.76435,-9.67793],[34.76332,-9.67702],[34.76065,-9.67748],[34.75857,-9.6735],[34.75865,-9.6672],[34.76006,-9.666],[34.75778,-9.66542],[34.75803,-9.66427],[34.75402,-9.66225],[34.75399,-9.66031],[34.74972,-9.65902],[34.74965,-9.65783],[34.74801,-9.6571],[34.74746,-9.65415],[34.74608,-9.65259],[34.74677,-9.65013],[34.74621,-9.64747],[34.73897,-9.64012],[34.72882,-9.63505],[34.72804,-9.63203],[34.72624,-9.63112],[34.71839,-9.62935],[34.71537,-9.6267],[34.70746,-9.62594],[34.7029,-9.62323],[34.70085,-9.62321],[34.68299,-9.61538],[34.67148,-9.60315],[34.67037,-9.59036],[34.66112,-9.58434],[34.65175,-9.58028],[34.6462,-9.57539],[34.64638,-9.57406],[34.64452,-9.57209],[34.6426,-9.56504],[34.64273,-9.55881],[34.65082,-9.55789],[34.65369,-9.55588],[34.65795,-9.54928],[34.65554,-9.54805],[34.64665,-9.53479],[34.6437,-9.52765],[34.63707,-9.51939],[34.64283,-9.51333],[34.64523,-9.51218],[34.65932,-9.51131],[34.6625,-9.50999],[34.66486,-9.51102],[34.66776,-9.51032],[34.66934,-9.51107],[34.67786,-9.5046],[34.68119,-9.50481],[34.68406,-9.50378],[34.68846,-9.50466],[34.6894,-9.50356],[34.69179,-9.50409],[34.69276,-9.50295],[34.69795,-9.50285],[34.69864,-9.50177],[34.70056,-9.5019],[34.70083,-9.5009],[34.70375,-9.50019],[34.70573,-9.49817],[34.70719,-9.49924],[34.70933,-9.49768],[34.70992,-9.49812],[34.71016,-9.49716],[34.71348,-9.49707],[34.71566,-9.4939],[34.71703,-9.49396],[34.7188,-9.49229],[34.72269,-9.49084],[34.72739,-9.49068],[34.72865,-9.48883],[34.72997,-9.48899],[34.72996,-9.48798]]]},"properties":{"region":"Njombe","district":"Njombe","ward":"Luponde","ward_code":"083"}},{"type":"Feature","geometry":{"type":"Polygon","coordinates":[[[34.63707,-9.51939],[34.6437,-9.52765],[34.64665,-9.53479],[34.65554,-9.54805],[34.65795,-9.54928],[34.65369,-9.55588],[34.65082,-9.55789],[34.64273,-9.55881],[34.6426,-9.56504],[34.64452,-9.57209],[34.64638,-9.57406],[34.6462,-9.57539],[34.65175,-9.58028],[34.66112,-9.58434],[34.67037,-9.59036],[34.67148,-9.60315],[34.68299,-9.61538],[34.70085,-9.62321],[34.7029,-9.62323],[34.70746,-9.62594],[34.71537,-9.6267],[34.71839,-9.62935],[34.72624,-9.63112],[34.72804,-9.63203],[34.72882,-9.63505],[34.73897,-9.64012],[34.74621,-9.64747],[34.74677,-9.65013],[34.74608,-9.65259],[34.74746,-9.65415],[34.74801,-9.6571],[34.74965,-9.65783],[34.74972,-9.65902],[34.75399,-9.66031],[34.75402,-9.66225],[34.75803,-9.66427],[34.75778,-9.66542],[34.76006,-9.666],[34.75865,-9.6672],[34.75857,-9.6735],[34.76021,-9.67543],[34.76065,-9.67873],[34.75545,-9.68178],[34.74648,-9.68298],[34.7374,-9.68729],[34.7283,-9.68655],[34.72372,-9.68406],[34.71929,-9.68306],[34.71721,-9.68119],[34.71493,-9.67492],[34.71303,-9.67332],[34.71124,-9.67374],[34.70585,-9.67211],[34.70432,-9.67302],[34.70276,-9.67203],[34.69828,-9.67251],[34.69739,-9.67144],[34.69525,-9.67136],[34.67449,-9.6606],[34.66799,-9.66005],[34.62837,-9.64357],[34.61078,-9.63232],[34.60016,-9.63391],[34.59228,-9.63144],[34.58883,-9.6292],[34.5844,-9.63407],[34.5574,-9.6273],[34.55477,-9.62447],[34.54857,-9.62793],[34.54558,-9.62768],[34.54178,-9.62565],[34.53978,-9.62124],[34.53794,-9.61997],[34.53483,-9.62021],[34.53411,-9.61756],[34.53122,-9.61515],[34.52926,-9.61441],[34.52236,-9.61746],[34.51421,-9.60765],[34.51491,-9.59963],[34.52137,-9.58956],[34.52447,-9.57645],[34.52513,-9.57073],[34.52355,-9.56577],[34.52401,-9.56064],[34.52849,-9.54866],[34.52772,-9.54595],[34.5239,-9.54425],[34.52564,-9.54387],[34.53064,-9.53903],[34.54026,-9.53446],[34.54481,-9.53344],[34.55453,-9.53321],[34.56128,-9.52991],[34.56827,-9.52846],[34.57208,-9.52839],[34.58228,-9.531],[34.59229,-9.53207],[34.60149,-9.52724],[34.60498,-9.52655],[34.61228,-9.52307],[34.61633,-9.52319],[34.61876,-9.52151],[34.63168,-9.52247],[34.63423,-9.52172],[34.63707,-9.51939]]]},"properties":{"region":"Njombe","district":"Njombe","ward":"Matola","ward_code":"091"}},{"type":"Feature","geometry":{"type":"MultiPolygon","coordinates":[[[[34.43368,-9.53513],[34.43367,-9.53513],[34.43366,-9.53513],[34.43368,-9.53513]]],[[[34.43368,-9.53513],[34.46204,-9.53555],[34.46848,-9.53857],[34.4752,-9.53848],[34.48186,-9.53987],[34.48611,-9.53725],[34.48916,-9.53187],[34.49087,-9.53192],[34.49195,-9.53214],[34.49424,-9.53535],[34.49515,-9.53558],[34.49583,-9.53439],[34.49777,-9.53523],[34.49976,-9.53414],[34.51451,-9.5386],[34.52128,-9.54328],[34.52772,-9.54595],[34.52849,-9.54866],[34.52401,-9.56064],[34.52355,-9.56577],[34.52513,-9.57073],[34.52214,-9.58684],[34.52137,-9.58956],[34.51491,-9.59963],[34.51421,-9.60765],[34.52233,-9.61742],[34.52159,-9.61765],[34.52241,-9.61745],[34.51507,-9.62613],[34.51518,-9.63065],[34.51755,-9.63391],[34.51524,-9.63357],[34.50654,-9.64306],[34.50176,-9.64443],[34.49312,-9.64968],[34.48981,-9.65414],[34.48023,-9.65998],[34.47544,-9.66678],[34.47173,-9.66866],[34.45958,-9.67159],[34.4524,-9.67761],[34.43355,-9.67558],[34.42392,-9.66925],[34.41546,-9.65754],[34.42533,-9.64249],[34.42345,-9.63687],[34.42381,-9.63517],[34.42129,-9.63186],[34.41857,-9.63127],[34.41829,-9.62731],[34.41573,-9.62384],[34.41694,-9.62061],[34.41651,-9.61791],[34.4199,-9.61296],[34.4208,-9.61324],[34.42008,-9.61128],[34.42188,-9.61],[34.42103,-9.60579],[34.42252,-9.6009],[34.41935,-9.59632],[34.41899,-9.59305],[34.41787,-9.59165],[34.41563,-9.59115],[34.41312,-9.58655],[34.41039,-9.58621],[34.40996,-9.5846],[34.41034,-9.58348],[34.41194,-9.5832],[34.4124,-9.58153],[34.41713,-9.57802],[34.4171,-9.57637],[34.41987,-9.57557],[34.42233,-9.56799],[34.42864,-9.56813],[34.43218,-9.56539],[34.43221,-9.56379],[34.43518,-9.56115],[34.43506,-9.55884],[34.43336,-9.55903],[34.43219,-9.55616],[34.43306,-9.55313],[34.43276,-9.54819],[34.43472,-9.5449],[34.43339,-9.54436],[34.43383,-9.54265],[34.43158,-9.5424],[34.43253,-9.53977],[34.4315,-9.53903],[34.43368,-9.53513]]]]},"properties":{"region":"Njombe","district":"Njombe","ward":"Makowo","ward_code":"101"}},{"type":"Feature","geometry":{"type":"Polygon","coordinates":[[[34.59838,-9.4097],[34.61242,-9.415],[34.6128,-9.41957],[34.61509,-9.4212],[34.61567,-9.4243],[34.62045,-9.42609],[34.62782,-9.43121],[34.6361,-9.43857],[34.63662,-9.44056],[34.64189,-9.4476],[34.64348,-9.45576],[34.64522,-9.45788],[34.6548,-9.46139],[34.65681,-9.46443],[34.66077,-9.46466],[34.66981,-9.46216],[34.67183,-9.46292],[34.67341,-9.46643],[34.67482,-9.47504],[34.67696,-9.47665],[34.67918,-9.48414],[34.68174,-9.48426],[34.68603,-9.4903],[34.68976,-9.49288],[34.69333,-9.5032],[34.69179,-9.50409],[34.6894,-9.50356],[34.68846,-9.50466],[34.68406,-9.50378],[34.68119,-9.50481],[34.67736,-9.50475],[34.66934,-9.51107],[34.66776,-9.51032],[34.66486,-9.51102],[34.6625,-9.50999],[34.65932,-9.51131],[34.64523,-9.51218],[34.64283,-9.51333],[34.63423,-9.52172],[34.63168,-9.52247],[34.61876,-9.52151],[34.61633,-9.52319],[34.61228,-9.52307],[34.60498,-9.52655],[34.60149,-9.52724],[34.59229,-9.53207],[34.58228,-9.531],[34.57208,-9.52839],[34.56827,-9.52846],[34.56128,-9.52991],[34.55453,-9.53321],[34.54481,-9.53344],[34.54026,-9.53446],[34.53064,-9.53903],[34.52564,-9.54387],[34.5239,-9.54425],[34.51451,-9.5386],[34.50141,-9.53442],[34.49976,-9.53414],[34.49777,-9.53523],[34.49583,-9.53439],[34.49515,-9.53558],[34.49424,-9.53535],[34.49195,-9.53214],[34.49087,-9.53192],[34.48916,-9.53187],[34.48611,-9.53725],[34.48186,-9.53987],[34.4752,-9.53848],[34.46848,-9.53857],[34.46204,-9.53555],[34.43368,-9.53513],[34.43299,-9.53353],[34.4365,-9.53198],[34.43576,-9.52776],[34.43904,-9.52683],[34.43906,-9.52381],[34.44173,-9.5246],[34.44341,-9.52331],[34.44775,-9.524],[34.44845,-9.523],[34.45027,-9.52295],[34.44918,-9.52082],[34.45022,-9.51872],[34.45191,-9.51871],[34.45115,-9.51603],[34.46144,-9.50488],[34.46152,-9.50192],[34.46425,-9.4965],[34.47107,-9.48961],[34.47544,-9.47764],[34.48456,-9.466],[34.47423,-9.45066],[34.47961,-9.45339],[34.48378,-9.44808],[34.48571,-9.44728],[34.48726,-9.44785],[34.49573,-9.44404],[34.49891,-9.44058],[34.50668,-9.43882],[34.50922,-9.44335],[34.51534,-9.44228],[34.5245,-9.43832],[34.53227,-9.4387],[34.53552,-9.43788],[34.54309,-9.43329],[34.55105,-9.42613],[34.55468,-9.42719],[34.55723,-9.4304],[34.56197,-9.44183],[34.56664,-9.44192],[34.57211,-9.43935],[34.56987,-9.42766],[34.56756,-9.42257],[34.5695,-9.41899],[34.57501,-9.41497],[34.58354,-9.41391],[34.58704,-9.41166],[34.58925,-9.41252],[34.59838,-9.4097]]]},"properties":{"region":"Njombe","district":"Njombe","ward":"Lugenge","ward_code":"111"}},{"type":"Feature","geometry":{"type":"Polygon","coordinates":[[[34.76227,-9.3699],[34.77367,-9.36897],[34.77487,-9.36962],[34.77736,-9.37459],[34.77603,-9.3786],[34.77663,-9.37983],[34.78335,-9.38465],[34.78485,-9.38757],[34.78526,-9.39995],[34.78626,-9.40395],[34.78388,-9.41335],[34.78495,-9.42395],[34.79007,-9.42976],[34.79414,-9.43226],[34.79599,-9.43139],[34.79623,-9.42994],[34.80258,-9.42384],[34.8049,-9.42367],[34.80721,-9.42619],[34.8097,-9.42468],[34.8136,-9.42731],[34.81407,-9.42853],[34.81514,-9.44215],[34.81757,-9.44301],[34.82203,-9.44761],[34.84052,-9.45874],[34.84078,-9.47331],[34.83693,-9.49792],[34.83317,-9.50418],[34.83593,-9.51274],[34.83325,-9.51598],[34.83592,-9.52126],[34.83722,-9.52192],[34.8359,-9.52744],[34.83656,-9.52901],[34.83894,-9.52991],[34.83785,-9.53345],[34.83864,-9.53532],[34.84003,-9.53544],[34.84114,-9.54042],[34.84038,-9.54347],[34.84157,-9.55039],[34.84108,-9.55291],[34.838,-9.55695],[34.83805,-9.56101],[34.83642,-9.56779],[34.83073,-9.56731],[34.82319,-9.5637],[34.79954,-9.55788],[34.79524,-9.5545],[34.78596,-9.54957],[34.77606,-9.54739],[34.76799,-9.54427],[34.76706,-9.54068],[34.76374,-9.53652],[34.75219,-9.5274],[34.75314,-9.52177],[34.75005,-9.5115],[34.74068,-9.50736],[34.73663,-9.50169],[34.73563,-9.49905],[34.73614,-9.49639],[34.73485,-9.49412],[34.73093,-9.49059],[34.73034,-9.48827],[34.73101,-9.48726],[34.73184,-9.48767],[34.73396,-9.48554],[34.73402,-9.48632],[34.73721,-9.48562],[34.74081,-9.48315],[34.74096,-9.48211],[34.74231,-9.48281],[34.74455,-9.48147],[34.74637,-9.47768],[34.74566,-9.47791],[34.74538,-9.47694],[34.74644,-9.47663],[34.74647,-9.47544],[34.74795,-9.47527],[34.74841,-9.47395],[34.74977,-9.47392],[34.75021,-9.473],[34.75239,-9.47373],[34.75402,-9.47195],[34.75705,-9.47191],[34.75992,-9.47028],[34.75907,-9.4592],[34.76298,-9.45423],[34.75488,-9.42335],[34.75355,-9.40768],[34.75441,-9.40389],[34.75298,-9.39858],[34.75809,-9.39023],[34.75614,-9.38548],[34.75605,-9.3828],[34.75389,-9.38103],[34.75442,-9.37859],[34.75233,-9.37745],[34.75168,-9.37364],[34.74699,-9.37132],[34.74802,-9.36943],[34.75327,-9.36668],[34.76227,-9.3699]]]},"properties":{"region":"Njombe","district":"Njombe","ward":"Uwemba","ward_code":"123"}},{"type":"Feature","geometry":{"type":"Polygon","coordinates":[[[34.74013,-9.35795],[34.74236,-9.36016],[34.74243,-9.3625],[34.74159,-9.36301],[34.74279,-9.36302],[34.74342,-9.36456],[34.74259,-9.36678],[34.74802,-9.36943],[34.74699,-9.37132],[34.75168,-9.37364],[34.75233,-9.37745],[34.75442,-9.37859],[34.75389,-9.38103],[34.75605,-9.3828],[34.75614,-9.38548],[34.75809,-9.39023],[34.75298,-9.39858],[34.75441,-9.40389],[34.75355,-9.40768],[34.75488,-9.42335],[34.76298,-9.45423],[34.75907,-9.4592],[34.75992,-9.47028],[34.75705,-9.47191],[34.75402,-9.47195],[34.75239,-9.47373],[34.75021,-9.473],[34.74977,-9.47392],[34.74841,-9.47395],[34.74795,-9.47527],[34.74647,-9.47544],[34.74644,-9.47663],[34.74538,-9.47694],[34.74566,-9.47791],[34.74585,-9.47741],[34.74637,-9.47768],[34.74455,-9.48147],[34.74231,-9.48281],[34.74096,-9.48211],[34.74081,-9.48315],[34.73721,-9.48562],[34.73402,-9.48632],[34.73396,-9.48554],[34.73184,-9.48767],[34.72996,-9.48798],[34.72997,-9.48899],[34.72865,-9.48883],[34.72739,-9.49068],[34.72269,-9.49084],[34.7188,-9.49229],[34.71703,-9.49396],[34.71613,-9.49358],[34.71348,-9.49707],[34.71016,-9.49716],[34.70992,-9.49812],[34.70933,-9.49768],[34.70719,-9.49924],[34.70573,-9.49817],[34.70375,-9.50019],[34.70083,-9.5009],[34.70056,-9.5019],[34.69333,-9.5032],[34.68976,-9.49288],[34.68603,-9.4903],[34.68174,-9.48426],[34.67918,-9.48414],[34.67696,-9.47665],[34.67482,-9.47504],[34.67341,-9.46643],[34.67183,-9.46292],[34.66981,-9.46216],[34.66077,-9.46466],[34.65681,-9.46443],[34.6548,-9.46139],[34.64522,-9.45788],[34.64348,-9.45576],[34.64189,-9.4476],[34.63662,-9.44056],[34.6361,-9.43857],[34.62782,-9.43121],[34.62045,-9.42609],[34.61567,-9.4243],[34.61509,-9.4212],[34.6128,-9.41957],[34.61239,-9.41503],[34.6148,-9.41215],[34.61635,-9.41386],[34.61787,-9.41371],[34.63621,-9.40749],[34.66107,-9.40292],[34.67782,-9.40303],[34.69461,-9.39797],[34.69727,-9.39601],[34.70021,-9.39719],[34.70328,-9.39647],[34.70488,-9.39753],[34.70843,-9.39774],[34.70895,-9.39858],[34.71079,-9.3983],[34.71306,-9.39579],[34.71411,-9.39246],[34.71874,-9.38788],[34.72101,-9.38397],[34.72277,-9.38293],[34.72476,-9.37892],[34.72491,-9.37607],[34.72836,-9.37459],[34.73001,-9.37198],[34.73465,-9.3695],[34.73658,-9.36544],[34.73588,-9.36479],[34.73777,-9.36324],[34.73933,-9.3599],[34.73901,-9.35832],[34.74013,-9.35795]]]},"properties":{"region":"Njombe","district":"Njombe","ward":"Utalingolo","ward_code":"131"}},{"type":"Feature","geometry":{"type":"Polygon","coordinates":[[[34.84625,-8.79866],[34.85766,-8.8176],[34.86103,-8.82786],[34.85313,-8.82793],[34.84349,-8.82381],[34.84058,-8.82439],[34.83735,-8.83658],[34.82805,-8.84896],[34.82332,-8.8452],[34.82256,-8.84071],[34.82628,-8.84031],[34.82075,-8.83078],[34.82024,-8.82522],[34.8187,-8.82325],[34.81975,-8.81966],[34.8216,-8.82091],[34.82457,-8.8138],[34.82105,-8.80835],[34.82767,-8.79964],[34.83512,-8.80235],[34.83853,-8.79344],[34.83999,-8.7944],[34.84096,-8.79688],[34.84625,-8.79866]]]},"properties":{"region":"Njombe","district":"Njombe","ward":"Makambako","ward_code":"012"}},{"type":"Feature","geometry":{"type":"Polygon","coordinates":[[[34.82898,-8.84767],[34.83324,-8.84859],[34.83913,-8.85684],[34.8363,-8.85873],[34.83179,-8.86757],[34.82319,-8.86505],[34.82528,-8.85583],[34.82443,-8.85146],[34.82685,-8.85044],[34.82898,-8.84767]]]},"properties":{"region":"Njombe","district":"Njombe","ward":"Mjimwema","ward_code":"022"}},{"type":"Feature","geometry":{"type":"Polygon","coordinates":[[[34.8639,-8.77941],[34.87405,-8.78394],[34.87968,-8.79023],[34.88848,-8.79535],[34.89037,-8.79779],[34.8941,-8.79793],[34.90365,-8.80994],[34.90619,-8.81167],[34.90166,-8.81919],[34.90007,-8.82854],[34.90126,-8.8379],[34.90572,-8.84615],[34.91486,-8.85745],[34.91411,-8.85801],[34.91621,-8.86322],[34.91689,-8.86814],[34.91849,-8.87013],[34.92526,-8.87365],[34.92277,-8.87621],[34.92375,-8.87877],[34.92694,-8.88196],[34.92321,-8.88709],[34.9229,-8.89105],[34.92087,-8.89312],[34.92097,-8.89911],[34.93059,-8.90943],[34.93121,-8.92462],[34.93411,-8.93245],[34.92522,-8.93088],[34.921,-8.93349],[34.91296,-8.93445],[34.90833,-8.93325],[34.90452,-8.93206],[34.90226,-8.9296],[34.90075,-8.93046],[34.8988,-8.92636],[34.88933,-8.92074],[34.88598,-8.91249],[34.88605,-8.90628],[34.87755,-8.88452],[34.87387,-8.88234],[34.86974,-8.87298],[34.86785,-8.86535],[34.86592,-8.86247],[34.86635,-8.8598],[34.86397,-8.85012],[34.86476,-8.84811],[34.86422,-8.84166],[34.86193,-8.82995],[34.85766,-8.8176],[34.84625,-8.79866],[34.84096,-8.79688],[34.83999,-8.7944],[34.83853,-8.79344],[34.84027,-8.7912],[34.84953,-8.78506],[34.85426,-8.77955],[34.86143,-8.77736],[34.8639,-8.77941]]]},"properties":{"region":"Njombe","district":"Njombe","ward":"Mlowa","ward_code":"032"}},{"type":"Feature","geometry":{"type":"Polygon","coordinates":[[[34.77126,-8.85949],[34.80334,-8.8796],[34.81195,-8.88604],[34.81642,-8.88614],[34.81948,-8.88285],[34.82091,-8.88221],[34.82215,-8.88347],[34.82358,-8.88186],[34.82427,-8.88305],[34.84477,-8.88554],[34.84891,-8.88236],[34.85283,-8.88271],[34.8587,-8.87871],[34.86188,-8.87876],[34.87387,-8.88234],[34.87755,-8.88452],[34.88605,-8.90628],[34.88598,-8.91249],[34.88933,-8.92074],[34.89213,-8.92221],[34.88785,-8.92232],[34.8846,-8.92499],[34.87837,-8.92597],[34.86833,-8.93812],[34.86691,-8.95565],[34.86522,-8.95616],[34.86559,-8.96084],[34.8554,-8.95831],[34.856,-8.95643],[34.84131,-8.9566],[34.80252,-8.94764],[34.79668,-8.94531],[34.80425,-8.92883],[34.81128,-8.92503],[34.79962,-8.90533],[34.78694,-8.90923],[34.78119,-8.90626],[34.7757,-8.90431],[34.77417,-8.90461],[34.76992,-8.90171],[34.76656,-8.90136],[34.76571,-8.90009],[34.74341,-8.89288],[34.73431,-8.886],[34.72817,-8.88572],[34.73354,-8.88153],[34.73839,-8.88004],[34.73998,-8.87645],[34.74255,-8.87407],[34.74887,-8.8721],[34.76178,-8.86249],[34.76453,-8.86116],[34.76992,-8.86056],[34.77126,-8.85949]]]},"properties":{"region":"Njombe","district":"Njombe","ward":"Lyamkena","ward_code":"042"}},{"type":"Feature","geometry":{"type":"Polygon","coordinates":[[[34.82443,-8.85146],[34.81892,-8.8492],[34.81898,-8.84708],[34.81675,-8.84386],[34.81791,-8.84151],[34.82256,-8.84071],[34.82332,-8.8452],[34.82805,-8.84896],[34.82443,-8.85146]]]},"properties":{"region":"Njombe","district":"Njombe","ward":"Mwembetogwa","ward_code":"052"}},{"type":"Feature","geometry":{"type":"Polygon","coordinates":[[[34.96181,-8.84603],[34.9726,-8.84606],[34.97647,-8.8481],[34.98379,-8.84629],[34.98839,-8.84671],[34.99152,-8.84877],[34.99438,-8.84803],[34.99628,-8.84913],[34.99723,-8.8511],[35.00316,-8.84886],[35.01117,-8.85396],[35.01271,-8.85676],[35.01665,-8.85876],[35.02639,-8.85711],[35.03132,-8.86315],[35.04558,-8.86553],[35.04735,-8.86792],[35.04864,-8.87627],[35.04652,-8.88757],[35.04722,-8.89154],[35.05007,-8.89436],[35.0498,-8.8962],[35.05103,-8.89755],[35.05131,-8.90106],[35.05356,-8.90492],[35.05633,-8.90803],[35.0647,-8.91105],[35.06615,-8.91397],[35.06231,-8.9295],[35.07101,-8.94072],[35.08289,-8.94266],[35.08462,-8.94547],[35.08681,-8.9466],[35.0887,-8.9508],[35.09963,-8.95412],[35.10993,-8.95075],[35.11288,-8.9512],[35.1134,-8.95846],[35.12102,-8.96605],[35.12399,-8.9717],[35.1256,-8.97233],[35.13116,-8.98111],[35.12874,-8.98538],[35.12948,-8.99145],[35.12729,-9.00027],[35.12381,-9.00629],[35.124,-9.01067],[35.12193,-9.01162],[35.12012,-9.01839],[35.12111,-9.01943],[35.07899,-9.03094],[35.06308,-9.03679],[35.05986,-9.0354],[35.05575,-9.03108],[35.05032,-9.03407],[35.04752,-9.03365],[35.04547,-9.03164],[35.04297,-9.03384],[35.04255,-9.03088],[35.04,-9.02951],[35.03664,-9.03024],[35.03434,-9.02725],[35.03109,-9.02547],[35.03119,-9.02469],[35.02845,-9.02651],[35.02702,-9.0258],[35.02563,-9.02845],[35.02107,-9.02752],[35.00884,-9.03645],[35.00014,-9.03681],[35.00137,-9.03449],[34.99858,-9.02675],[34.99772,-9.01917],[34.99633,-9.01553],[34.99433,-9.0158],[34.99417,-9.01438],[34.99474,-9.01477],[34.99521,-9.01365],[34.99384,-9.01219],[34.9924,-9.01248],[34.99208,-9.01012],[34.98961,-9.00648],[34.99011,-9.00576],[34.98798,-9.00569],[34.9862,-9.00355],[34.98683,-9.00006],[34.98002,-8.99445],[34.97973,-8.99056],[34.97742,-8.98628],[34.97894,-8.9828],[34.97299,-8.97051],[34.96768,-8.9632],[34.96812,-8.95368],[34.95671,-8.95381],[34.95361,-8.9522],[34.94662,-8.95466],[34.93433,-8.95073],[34.93252,-8.94192],[34.93411,-8.93245],[34.93121,-8.92462],[34.93059,-8.90943],[34.92097,-8.89911],[34.92087,-8.89312],[34.9229,-8.89105],[34.92321,-8.88709],[34.92694,-8.88196],[34.92375,-8.87877],[34.92277,-8.87621],[34.92685,-8.87129],[34.92909,-8.87139],[34.93026,-8.86749],[34.93704,-8.86276],[34.93902,-8.85973],[34.94316,-8.85709],[34.94673,-8.85669],[34.94808,-8.84917],[34.95261,-8.8515],[34.96181,-8.84603]]]},"properties":{"region":"Njombe","district":"Njombe","ward":"Mahongole","ward_code":"061"}},{"type":"Feature","geometry":{"type":"Polygon","coordinates":[[[35.11143,-8.7729],[35.12536,-8.78014],[35.13099,-8.77688],[35.12911,-8.78203],[35.12772,-8.79242],[35.12928,-8.79929],[35.13677,-8.81118],[35.14151,-8.81338],[35.14118,-8.81614],[35.14337,-8.8201],[35.1424,-8.82366],[35.14612,-8.83184],[35.1447,-8.83981],[35.13965,-8.85628],[35.13523,-8.86672],[35.13507,-8.86961],[35.12957,-8.87802],[35.12866,-8.88149],[35.13046,-8.88714],[35.13222,-8.8902],[35.13593,-8.89239],[35.14088,-8.90299],[35.14006,-8.9059],[35.13288,-8.91188],[35.12858,-8.91667],[35.12653,-8.92083],[35.11383,-8.93256],[35.11247,-8.93537],[35.11383,-8.93961],[35.11016,-8.94326],[35.11288,-8.9512],[35.10993,-8.95075],[35.10223,-8.95374],[35.09704,-8.95394],[35.0887,-8.9508],[35.08681,-8.9466],[35.08462,-8.94547],[35.08289,-8.94266],[35.07101,-8.94072],[35.06231,-8.9295],[35.06615,-8.91397],[35.0647,-8.91105],[35.05633,-8.90803],[35.05356,-8.90492],[35.05131,-8.90106],[35.05103,-8.89755],[35.0498,-8.8962],[35.05007,-8.89436],[35.04722,-8.89154],[35.04652,-8.88757],[35.04864,-8.87627],[35.04735,-8.86792],[35.04558,-8.86553],[35.03132,-8.86315],[35.02639,-8.85711],[35.01665,-8.85876],[35.01271,-8.85676],[35.01117,-8.85396],[35.00316,-8.84886],[34.99723,-8.8511],[34.99628,-8.84913],[34.99438,-8.84803],[34.99152,-8.84877],[34.98839,-8.84671],[34.98379,-8.84629],[34.97647,-8.8481],[34.9726,-8.84606],[34.96697,-8.84562],[34.96181,-8.84603],[34.95261,-8.8515],[34.94808,-8.84917],[34.94673,-8.85669],[34.94316,-8.85709],[34.93902,-8.85973],[34.93704,-8.86276],[34.93026,-8.86749],[34.92909,-8.87139],[34.92685,-8.87129],[34.92526,-8.87365],[34.91849,-8.87013],[34.91689,-8.86814],[34.91621,-8.86322],[34.91411,-8.85801],[34.91486,-8.85745],[34.90572,-8.84615],[34.90126,-8.8379],[34.90007,-8.82854],[34.90166,-8.81919],[34.90619,-8.81167],[34.92524,-8.80952],[34.92751,-8.81085],[34.93524,-8.82065],[34.94908,-8.82809],[34.95753,-8.82499],[34.969,-8.82675],[34.97909,-8.83],[34.98322,-8.82632],[34.99446,-8.82065],[35.00242,-8.81537],[35.02479,-8.80799],[35.02843,-8.80817],[35.0278,-8.80516],[35.03019,-8.80451],[35.03262,-8.80048],[35.03588,-8.79944],[35.0408,-8.79556],[35.0383,-8.7933],[35.04499,-8.77746],[35.06093,-8.77706],[35.06859,-8.7759],[35.07837,-8.77988],[35.08095,-8.78567],[35.08547,-8.78829],[35.11143,-8.7729]]]},"properties":{"region":"Njombe","district":"Njombe","ward":"Kitandililo","ward_code":"071"}},{"type":"Feature","geometry":{"type":"Polygon","coordinates":[[[34.76992,-8.90171],[34.77417,-8.90461],[34.7757,-8.90431],[34.78119,-8.90626],[34.78694,-8.90923],[34.79962,-8.90533],[34.81128,-8.92503],[34.80425,-8.92883],[34.79668,-8.94531],[34.80252,-8.94764],[34.83805,-8.95589],[34.84073,-8.96258],[34.83876,-8.9714],[34.83699,-8.97366],[34.83394,-8.97451],[34.82953,-8.98223],[34.83044,-8.99115],[34.82924,-8.99083],[34.82969,-8.99194],[34.81323,-9.01157],[34.81241,-9.00951],[34.80294,-9.00731],[34.80071,-9.00601],[34.79369,-8.99645],[34.78562,-8.99497],[34.7773,-8.99157],[34.77306,-8.99267],[34.76993,-8.99877],[34.75253,-9.01539],[34.73766,-9.01596],[34.72422,-9.01502],[34.72523,-9.01387],[34.72501,-9.01009],[34.73221,-8.99856],[34.7343,-8.98929],[34.73214,-8.98118],[34.73661,-8.97932],[34.74068,-8.96788],[34.75118,-8.96682],[34.75575,-8.96372],[34.76021,-8.96365],[34.76817,-8.96178],[34.75467,-8.94622],[34.75059,-8.93493],[34.74645,-8.93478],[34.74221,-8.93269],[34.73878,-8.92947],[34.72713,-8.92643],[34.72062,-8.92239],[34.71097,-8.92064],[34.70799,-8.91742],[34.70376,-8.91477],[34.70086,-8.91134],[34.7,-8.90843],[34.69749,-8.90609],[34.70478,-8.90503],[34.70952,-8.9032],[34.72598,-8.89058],[34.72817,-8.88572],[34.73431,-8.886],[34.74341,-8.89288],[34.76571,-8.90009],[34.76656,-8.90136],[34.76992,-8.90171]]]},"properties":{"region":"Njombe","district":"Njombe","ward":"Utengule","ward_code":"081"}},{"type":"Feature","geometry":{"type":"Polygon","coordinates":[[[34.85142,-8.82749],[34.86103,-8.82786],[34.86193,-8.82995],[34.86422,-8.84166],[34.86476,-8.84811],[34.86397,-8.85012],[34.86635,-8.8598],[34.86592,-8.86247],[34.86785,-8.86535],[34.86974,-8.87298],[34.87387,-8.88234],[34.86188,-8.87876],[34.8587,-8.87871],[34.8521,-8.87263],[34.85158,-8.87085],[34.84216,-8.86067],[34.83324,-8.84859],[34.82898,-8.84767],[34.83735,-8.83658],[34.84058,-8.82439],[34.84349,-8.82381],[34.85142,-8.82749]]]},"properties":{"region":"Njombe","district":"Njombe","ward":"Maguvani","ward_code":"092"}},{"type":"Feature","geometry":{"type":"Polygon","coordinates":[[[34.8121,-8.80948],[34.81429,-8.81486],[34.81975,-8.81966],[34.8187,-8.82325],[34.82024,-8.82522],[34.82075,-8.83078],[34.82628,-8.84031],[34.81791,-8.84151],[34.81675,-8.84386],[34.81898,-8.84708],[34.81892,-8.8492],[34.81442,-8.84686],[34.81235,-8.855],[34.80432,-8.85391],[34.79712,-8.85431],[34.79543,-8.85291],[34.79115,-8.85227],[34.78733,-8.8503],[34.79283,-8.84543],[34.79142,-8.83835],[34.79506,-8.83145],[34.80534,-8.82077],[34.80983,-8.81127],[34.8121,-8.80948]]]},"properties":{"region":"Njombe","district":"Njombe","ward":"Majengo","ward_code":"102"}},{"type":"Feature","geometry":{"type":"Polygon","coordinates":[[[34.81442,-8.84686],[34.82456,-8.8514],[34.82531,-8.85406],[34.82285,-8.86586],[34.81789,-8.86359],[34.81577,-8.86557],[34.81474,-8.86528],[34.81229,-8.86321],[34.81166,-8.85989],[34.81442,-8.84686]]]},"properties":{"region":"Njombe","district":"Njombe","ward":"Kitisi","ward_code":"112"}},{"type":"Feature","geometry":{"type":"Polygon","coordinates":[[[34.79543,-8.85291],[34.79712,-8.85431],[34.80432,-8.85391],[34.81235,-8.855],[34.81166,-8.85989],[34.81229,-8.86321],[34.81474,-8.86528],[34.81577,-8.86557],[34.81789,-8.86359],[34.82285,-8.86586],[34.82319,-8.86505],[34.83179,-8.86757],[34.8363,-8.85873],[34.83913,-8.85684],[34.85158,-8.87085],[34.8521,-8.87263],[34.8587,-8.87871],[34.85283,-8.88271],[34.84891,-8.88236],[34.84477,-8.88554],[34.82427,-8.88305],[34.82358,-8.88186],[34.82215,-8.88347],[34.82091,-8.88221],[34.81948,-8.88285],[34.81642,-8.88614],[34.81195,-8.88604],[34.80334,-8.8796],[34.77126,-8.85949],[34.77762,-8.85751],[34.7828,-8.85399],[34.78542,-8.8508],[34.78733,-8.8503],[34.79115,-8.85227],[34.79543,-8.85291]]]},"properties":{"region":"Njombe","district":"Njombe","ward":"Kivavi","ward_code":"122"}},{"type":"Feature","geometry":{"type":"Polygon","coordinates":[[[34.5253,-9.66699],[34.52542,-9.67007],[34.53252,-9.66884],[34.52082,-9.71546],[34.52111,-9.71795],[34.51805,-9.73465],[34.5215,-9.73877],[34.52086,-9.74343],[34.51905,-9.74971],[34.51608,-9.75364],[34.50855,-9.75618],[34.50201,-9.75611],[34.49785,-9.74845],[34.49252,-9.74713],[34.48985,-9.7448],[34.47977,-9.74262],[34.47159,-9.74362],[34.46634,-9.7427],[34.46445,-9.74394],[34.46248,-9.74991],[34.45741,-9.7548],[34.45307,-9.75623],[34.45097,-9.75527],[34.44884,-9.75572],[34.43064,-9.76467],[34.41694,-9.76793],[34.41627,-9.7654],[34.4095,-9.76991],[34.40898,-9.77358],[34.40174,-9.78087],[34.39701,-9.77912],[34.39362,-9.77959],[34.38777,-9.77845],[34.38328,-9.77702],[34.37732,-9.7699],[34.35561,-9.75268],[34.35092,-9.74724],[34.33894,-9.73802],[34.32785,-9.72441],[34.32576,-9.71965],[34.32947,-9.70914],[34.34346,-9.71549],[34.37425,-9.6954],[34.4069,-9.69031],[34.40541,-9.67218],[34.41546,-9.65754],[34.42392,-9.66925],[34.43355,-9.67558],[34.4524,-9.67761],[34.45958,-9.67159],[34.47173,-9.66866],[34.47544,-9.66678],[34.48023,-9.65998],[34.48981,-9.65414],[34.49312,-9.64968],[34.50176,-9.64443],[34.50654,-9.64306],[34.51524,-9.63357],[34.51755,-9.63391],[34.51789,-9.65567],[34.5253,-9.66699]]]},"properties":{"region":"Njombe","district":"Ludewa","ward":"Lupanga","ward_code":"041"}},{"type":"Feature","geometry":{"type":"Polygon","coordinates":[[[34.47977,-9.74262],[34.48985,-9.7448],[34.49252,-9.74713],[34.49785,-9.74845],[34.50201,-9.75611],[34.50855,-9.75618],[34.51608,-9.75364],[34.52162,-9.75471],[34.52216,-9.75564],[34.53054,-9.75556],[34.53416,-9.75715],[34.54175,-9.75727],[34.54337,-9.75817],[34.54824,-9.7568],[34.55127,-9.75857],[34.55549,-9.76579],[34.56369,-9.77077],[34.56463,-9.78123],[34.5659,-9.78277],[34.5634,-9.78459],[34.56382,-9.78931],[34.56646,-9.79327],[34.5814,-9.79944],[34.58537,-9.79861],[34.57251,-9.81259],[34.56478,-9.81039],[34.55189,-9.81507],[34.5464,-9.81407],[34.54451,-9.81624],[34.54345,-9.81621],[34.5419,-9.81761],[34.54056,-9.82155],[34.54123,-9.82586],[34.53918,-9.83323],[34.53493,-9.83553],[34.53097,-9.84054],[34.52808,-9.84164],[34.51733,-9.83206],[34.51101,-9.82468],[34.50974,-9.81611],[34.50549,-9.81941],[34.50325,-9.8186],[34.49825,-9.81382],[34.49663,-9.80776],[34.49341,-9.8049],[34.48464,-9.78857],[34.46874,-9.77861],[34.44588,-9.75712],[34.45097,-9.75527],[34.45307,-9.75623],[34.45741,-9.7548],[34.46248,-9.74991],[34.46445,-9.74394],[34.46634,-9.7427],[34.47159,-9.74362],[34.47977,-9.74262]]]},"properties":{"region":"Njombe","district":"Ludewa","ward":"Mlangali","ward_code":"053"}},{"type":"Feature","geometry":{"type":"Polygon","coordinates":[[[34.59625,-9.80486],[34.62035,-9.81135],[34.63463,-9.81234],[34.64176,-9.81404],[34.6407,-9.82084],[34.64251,-9.82197],[34.64241,-9.83412],[34.6432,-9.83733],[34.64463,-9.838],[34.6434,-9.84083],[34.64193,-9.84182],[34.64266,-9.8445],[34.64271,-9.86135],[34.65165,-9.86461],[34.65682,-9.8693],[34.66152,-9.87025],[34.66605,-9.87272],[34.67282,-9.87476],[34.67661,-9.87227],[34.67615,-9.87765],[34.67394,-9.88467],[34.6658,-9.88944],[34.63973,-9.93528],[34.6361,-9.93269],[34.63097,-9.92592],[34.6234,-9.92477],[34.61026,-9.91592],[34.60508,-9.90872],[34.60202,-9.90026],[34.5924,-9.894],[34.58684,-9.88713],[34.56274,-9.87723],[34.54032,-9.8616],[34.53169,-9.852],[34.52808,-9.84164],[34.53097,-9.84054],[34.53493,-9.83553],[34.53918,-9.83323],[34.54123,-9.82586],[34.54056,-9.82155],[34.5419,-9.81761],[34.5464,-9.81407],[34.55189,-9.81507],[34.56478,-9.81039],[34.57251,-9.81259],[34.58537,-9.79861],[34.59625,-9.80486]]]},"properties":{"region":"Njombe","district":"Ludewa","ward":"Milo","ward_code":"061"}},{"type":"Feature","geometry":{"type":"Polygon","coordinates":[[[34.65527,-9.74809],[34.64477,-9.74086],[34.63798,-9.74041],[34.63114,-9.7368],[34.63342,-9.7324],[34.62916,-9.71151],[34.61621,-9.69901],[34.59843,-9.69078],[34.58886,-9.69106],[34.58521,-9.68692],[34.58166,-9.68635],[34.57548,-9.68326],[34.57505,-9.68182],[34.56174,-9.68017],[34.55845,-9.68405],[34.55542,-9.68254],[34.55285,-9.67869],[34.55127,-9.68008],[34.54869,-9.67943],[34.54692,-9.68012],[34.54578,-9.6789],[34.54413,-9.68019],[34.53884,-9.67496],[34.53495,-9.67336],[34.53471,-9.67026],[34.53252,-9.66884],[34.52542,-9.67007],[34.5253,-9.66699],[34.51789,-9.65567],[34.51755,-9.63391],[34.5152,-9.6307],[34.5148,-9.62856],[34.51507,-9.62613],[34.52241,-9.61745],[34.52159,-9.61765],[34.52951,-9.61442],[34.53331,-9.61648],[34.53483,-9.62021],[34.53794,-9.61997],[34.53978,-9.62124],[34.54038,-9.62389],[34.54354,-9.62698],[34.54857,-9.62793],[34.55477,-9.62447],[34.5574,-9.6273],[34.5844,-9.63407],[34.58883,-9.6292],[34.59228,-9.63144],[34.60016,-9.63391],[34.61078,-9.63232],[34.62837,-9.64357],[34.6621,-9.65787],[34.66799,-9.66005],[34.67449,-9.6606],[34.69828,-9.67251],[34.69973,-9.6719],[34.70117,-9.67275],[34.70276,-9.67203],[34.70432,-9.67302],[34.70585,-9.67211],[34.70884,-9.6728],[34.70658,-9.67833],[34.70831,-9.69194],[34.70517,-9.69602],[34.70452,-9.71385],[34.70219,-9.72624],[34.709,-9.73356],[34.7086,-9.74872],[34.71006,-9.7493],[34.70923,-9.75525],[34.71191,-9.7566],[34.71321,-9.76173],[34.71094,-9.76058],[34.70953,-9.76107],[34.70581,-9.75752],[34.69548,-9.76167],[34.66758,-9.75814],[34.65984,-9.75442],[34.65885,-9.75334],[34.65813,-9.75177],[34.65629,-9.74969],[34.65527,-9.74809]],[[34.65527,-9.74809],[34.65527,-9.74809],[34.65527,-9.74809],[34.65527,-9.74809]]]},"properties":{"region":"Njombe","district":"Ludewa","ward":"Madope","ward_code":"081"}},{"type":"Feature","geometry":{"type":"Polygon","coordinates":[[[34.67999,-9.86894],[34.68893,-9.87074],[34.6942,-9.87846],[34.69714,-9.88005],[34.70006,-9.88356],[34.70394,-9.88487],[34.71697,-9.88538],[34.72282,-9.88651],[34.73442,-9.89288],[34.74304,-9.8954],[34.75081,-9.89906],[34.76645,-9.90122],[34.76816,-9.90049],[34.77399,-9.90072],[34.78228,-9.903],[34.79232,-9.9042],[34.80284,-9.90327],[34.8026,-9.90571],[34.80815,-9.90945],[34.80701,-9.91097],[34.81279,-9.91615],[34.81116,-9.91813],[34.81189,-9.91942],[34.81478,-9.92076],[34.81313,-9.92235],[34.81341,-9.92457],[34.81109,-9.92323],[34.81004,-9.92381],[34.81152,-9.92459],[34.80851,-9.92892],[34.80986,-9.92915],[34.80967,-9.93108],[34.80426,-9.93102],[34.80382,-9.93225],[34.80545,-9.93181],[34.80616,-9.93274],[34.80359,-9.93994],[34.80221,-9.94001],[34.80217,-9.94092],[34.80279,-9.94532],[34.80562,-9.94594],[34.80637,-9.94593],[34.80629,-9.94479],[34.80808,-9.94526],[34.80933,-9.94782],[34.80826,-9.94962],[34.80942,-9.95057],[34.8086,-9.95222],[34.8092,-9.9535],[34.80695,-9.95465],[34.80629,-9.95749],[34.80778,-9.95784],[34.80704,-9.95976],[34.80917,-9.9616],[34.80949,-9.9634],[34.81181,-9.96338],[34.81161,-9.96448],[34.81445,-9.96623],[34.81532,-9.96548],[34.81653,-9.96611],[34.81594,-9.96766],[34.81449,-9.9682],[34.81374,-9.96743],[34.81345,-9.96843],[34.80966,-9.96927],[34.81157,-9.97053],[34.80993,-9.97245],[34.81057,-9.97352],[34.80756,-9.97482],[34.80927,-9.97598],[34.80716,-9.97821],[34.80906,-9.9807],[34.81004,-9.97979],[34.81119,-9.98045],[34.81115,-9.98192],[34.81311,-9.97959],[34.81556,-9.98333],[34.81369,-9.98435],[34.81364,-9.98756],[34.81286,-9.98769],[34.81344,-9.9888],[34.81075,-9.98811],[34.80867,-9.99044],[34.80567,-9.98989],[34.80743,-9.99107],[34.80603,-9.99172],[34.80717,-9.99306],[34.80535,-9.99656],[34.80256,-9.99557],[34.80169,-9.99666],[34.80223,-9.99777],[34.8003,-9.99775],[34.80251,-10.00034],[34.80414,-10.00024],[34.80427,-10.00146],[34.80313,-10.0017],[34.80386,-10.00458],[34.80524,-10.00446],[34.80699,-10.0027],[34.81115,-10.00999],[34.81008,-10.01066],[34.8098,-10.00969],[34.80712,-10.00859],[34.80666,-10.00959],[34.80828,-10.01006],[34.80849,-10.01156],[34.80392,-10.01236],[34.80337,-10.01428],[34.80201,-10.01519],[34.80208,-10.01714],[34.80286,-10.01739],[34.80195,-10.02085],[34.80036,-10.02267],[34.80073,-10.02382],[34.79948,-10.02469],[34.7967,-10.02456],[34.79598,-10.02624],[34.79465,-10.02614],[34.79478,-10.02715],[34.79237,-10.02918],[34.79343,-10.03192],[34.79219,-10.03566],[34.79018,-10.03469],[34.78709,-10.03793],[34.77311,-10.03856],[34.6987,-10.03815],[34.69873,-10.03543],[34.70149,-10.03253],[34.70082,-10.0317],[34.7042,-10.02929],[34.70195,-10.0294],[34.70297,-10.02812],[34.70218,-10.02648],[34.70073,-10.02626],[34.70152,-10.02344],[34.69859,-10.02387],[34.69768,-10.01967],[34.6958,-10.02015],[34.69405,-10.01891],[34.69222,-10.01957],[34.69078,-10.01864],[34.69141,-10.01338],[34.68547,-10.01332],[34.68635,-10.01092],[34.6835,-10.01128],[34.68498,-10.01035],[34.68497,-10.0084],[34.68285,-10.01039],[34.68328,-10.00949],[34.67999,-10.00763],[34.67827,-10.00912],[34.67745,-10.00657],[34.6764,-10.00809],[34.6755,-10.00686],[34.67416,-10.00762],[34.67328,-10.00662],[34.67158,-10.00359],[34.67246,-9.99658],[34.67081,-9.98758],[34.6713,-9.98123],[34.66528,-9.96959],[34.66312,-9.96875],[34.66301,-9.96514],[34.64836,-9.95433],[34.64745,-9.95259],[34.64867,-9.94936],[34.65195,-9.94796],[34.65118,-9.94598],[34.63973,-9.93528],[34.6658,-9.88944],[34.67394,-9.88467],[34.67615,-9.87765],[34.67666,-9.86978],[34.67999,-9.86894]]]},"properties":{"region":"Njombe","district":"Ludewa","ward":"Ludende","ward_code":"201"}},{"type":"Feature","geometry":{"type":"MultiPolygon","coordinates":[[[[34.65527,-9.74809],[34.65527,-9.74809],[34.65527,-9.74809],[34.65527,-9.74809]]],[[[34.65312,-9.74544],[34.65984,-9.75442],[34.64879,-9.77325],[34.64849,-9.77559],[34.64954,-9.78456],[34.6531,-9.79047],[34.6606,-9.81663],[34.65451,-9.82375],[34.65331,-9.8228],[34.64706,-9.82211],[34.64636,-9.82105],[34.64116,-9.82167],[34.64064,-9.81986],[34.64176,-9.81404],[34.63463,-9.81234],[34.62035,-9.81135],[34.60212,-9.80695],[34.59372,-9.80373],[34.58537,-9.79861],[34.5814,-9.79944],[34.56646,-9.79327],[34.56382,-9.78931],[34.5634,-9.78459],[34.5659,-9.78277],[34.56463,-9.78123],[34.56369,-9.77077],[34.55549,-9.76579],[34.55127,-9.75857],[34.54706,-9.7566],[34.54337,-9.75817],[34.54175,-9.75727],[34.53416,-9.75715],[34.53054,-9.75556],[34.52216,-9.75564],[34.52162,-9.75471],[34.51608,-9.75364],[34.51905,-9.74971],[34.52086,-9.74343],[34.5215,-9.73877],[34.51805,-9.73465],[34.52111,-9.71795],[34.52082,-9.71546],[34.53252,-9.66884],[34.53471,-9.67026],[34.53495,-9.67336],[34.53884,-9.67496],[34.54413,-9.68019],[34.54578,-9.6789],[34.54692,-9.68012],[34.54869,-9.67943],[34.55127,-9.68008],[34.55285,-9.67869],[34.55542,-9.68254],[34.55845,-9.68405],[34.56174,-9.68017],[34.57505,-9.68182],[34.57548,-9.68326],[34.58166,-9.68635],[34.58521,-9.68692],[34.58886,-9.69106],[34.59843,-9.69078],[34.61621,-9.69901],[34.62916,-9.71151],[34.63342,-9.7324],[34.63114,-9.7368],[34.63798,-9.74041],[34.64477,-9.74086],[34.65312,-9.74544]]]]},"properties":{"region":"Njombe","district":"Ludewa","ward":"Lubonde","ward_code":"261"}},{"type":"Feature","geometry":{"type":"Polygon","coordinates":[[[34.44588,-9.75712],[34.46874,-9.77861],[34.48464,-9.78857],[34.49341,-9.8049],[34.49663,-9.80776],[34.49825,-9.81382],[34.50325,-9.8186],[34.50549,-9.81941],[34.50974,-9.81611],[34.51101,-9.82468],[34.51733,-9.83206],[34.52808,-9.84164],[34.53169,-9.852],[34.54032,-9.8616],[34.56274,-9.87723],[34.58684,-9.88713],[34.58367,-9.88986],[34.57563,-9.89289],[34.57057,-9.897],[34.55847,-9.9015],[34.554,-9.90581],[34.54923,-9.90664],[34.5447,-9.90971],[34.5396,-9.90979],[34.53213,-9.91406],[34.5245,-9.91499],[34.51626,-9.92209],[34.49557,-9.93306],[34.49421,-9.92991],[34.49428,-9.91926],[34.48901,-9.90789],[34.48843,-9.89246],[34.47177,-9.89371],[34.464,-9.89607],[34.46156,-9.89418],[34.45979,-9.89453],[34.45828,-9.89367],[34.45647,-9.88957],[34.4557,-9.88997],[34.4541,-9.88757],[34.44028,-9.88541],[34.43554,-9.87879],[34.4268,-9.87492],[34.41901,-9.8586],[34.4118,-9.84993],[34.43766,-9.82263],[34.43428,-9.81615],[34.42785,-9.8102],[34.42604,-9.81023],[34.41729,-9.79815],[34.39362,-9.77959],[34.39701,-9.77912],[34.40174,-9.78087],[34.40898,-9.77358],[34.4095,-9.76991],[34.41627,-9.7654],[34.41694,-9.76793],[34.43064,-9.76467],[34.44588,-9.75712]]]},"properties":{"region":"Njombe","district":"Ludewa","ward":"Mawengi","ward_code":"031"}},{"type":"Feature","geometry":{"type":"Polygon","coordinates":[[[34.63478,-10.02334],[34.63935,-10.02515],[34.65657,-10.02389],[34.66694,-10.02871],[34.6776,-10.0388],[34.6987,-10.03815],[34.75093,-10.03883],[34.78709,-10.03793],[34.78232,-10.03947],[34.77885,-10.0437],[34.77784,-10.04351],[34.77583,-10.04024],[34.77393,-10.04088],[34.77262,-10.04442],[34.77477,-10.046],[34.77494,-10.04799],[34.77318,-10.04982],[34.7755,-10.05147],[34.77311,-10.05187],[34.77276,-10.05666],[34.77009,-10.05791],[34.77191,-10.06066],[34.77252,-10.06322],[34.77159,-10.06398],[34.77407,-10.06487],[34.77447,-10.06592],[34.76698,-10.07011],[34.76524,-10.06986],[34.76349,-10.07235],[34.76352,-10.07379],[34.76203,-10.075],[34.76081,-10.0748],[34.76012,-10.07616],[34.75791,-10.07633],[34.75433,-10.07898],[34.75453,-10.08034],[34.75063,-10.08244],[34.74778,-10.08194],[34.7464,-10.08396],[34.74813,-10.08589],[34.74659,-10.08653],[34.74408,-10.09031],[34.74484,-10.09264],[34.74228,-10.09749],[34.74322,-10.10041],[34.74645,-10.10047],[34.7493,-10.10475],[34.74892,-10.10682],[34.74724,-10.10853],[34.74733,-10.11278],[34.74902,-10.11335],[34.75182,-10.11112],[34.74999,-10.11558],[34.7501,-10.11778],[34.75175,-10.11756],[34.75275,-10.11962],[34.75456,-10.12054],[34.75436,-10.12393],[34.75655,-10.12533],[34.75861,-10.12853],[34.75693,-10.13151],[34.75839,-10.13392],[34.7579,-10.13549],[34.76249,-10.13974],[34.76265,-10.14144],[34.76098,-10.14474],[34.76239,-10.14633],[34.76026,-10.14949],[34.76656,-10.15137],[34.76766,-10.15541],[34.77119,-10.15856],[34.76983,-10.1598],[34.76923,-10.15847],[34.76832,-10.159],[34.76632,-10.16438],[34.76698,-10.16501],[34.77008,-10.1641],[34.77314,-10.16503],[34.77457,-10.16588],[34.7747,-10.16816],[34.77713,-10.17056],[34.77415,-10.17029],[34.77072,-10.17382],[34.77093,-10.1756],[34.77292,-10.17803],[34.77541,-10.1801],[34.77715,-10.18022],[34.77865,-10.18507],[34.77593,-10.186],[34.77497,-10.18797],[34.77207,-10.18987],[34.76719,-10.18887],[34.76716,-10.19061],[34.7694,-10.19212],[34.76889,-10.19387],[34.77114,-10.1966],[34.7646,-10.19756],[34.7519,-10.19743],[34.74846,-10.19947],[34.74232,-10.19774],[34.73202,-10.19974],[34.72809,-10.19623],[34.71624,-10.19666],[34.70914,-10.19339],[34.70481,-10.19445],[34.7027,-10.19316],[34.68855,-10.19402],[34.67934,-10.19801],[34.67717,-10.20862],[34.67523,-10.20903],[34.6688,-10.20604],[34.66354,-10.20579],[34.66022,-10.21008],[34.65046,-10.20692],[34.63963,-10.18816],[34.63832,-10.16513],[34.6501,-10.14886],[34.65587,-10.14338],[34.64044,-10.13838],[34.63035,-10.12766],[34.63194,-10.11847],[34.64582,-10.09886],[34.62866,-10.07924],[34.62095,-10.06243],[34.61021,-10.05456],[34.60391,-10.04627],[34.59794,-10.03163],[34.60101,-10.02823],[34.60998,-10.02757],[34.61968,-10.02422],[34.62703,-10.02476],[34.63478,-10.02334]]]},"properties":{"region":"Njombe","district":"Ludewa","ward":"Ludewa","ward_code":"193"}},{"type":"Feature","geometry":{"type":"Polygon","coordinates":[[[34.60508,-9.90872],[34.61026,-9.91592],[34.62081,-9.92335],[34.6234,-9.92477],[34.63207,-9.92668],[34.6361,-9.93269],[34.64198,-9.93657],[34.65072,-9.94524],[34.65195,-9.94796],[34.64867,-9.94936],[34.64745,-9.95259],[34.64836,-9.95433],[34.66301,-9.96514],[34.66312,-9.96875],[34.66528,-9.96959],[34.6713,-9.98123],[34.67081,-9.98758],[34.67246,-9.99658],[34.67158,-10.00359],[34.67328,-10.00662],[34.67416,-10.00762],[34.6755,-10.00686],[34.6764,-10.00809],[34.67745,-10.00657],[34.67827,-10.00912],[34.67999,-10.00763],[34.68328,-10.00949],[34.68285,-10.01039],[34.68497,-10.0084],[34.68498,-10.01035],[34.6835,-10.01128],[34.68635,-10.01092],[34.68547,-10.01332],[34.69141,-10.01338],[34.69078,-10.01864],[34.69222,-10.01957],[34.69405,-10.01891],[34.6958,-10.02015],[34.69768,-10.01967],[34.69859,-10.02387],[34.70152,-10.02344],[34.70073,-10.02626],[34.70218,-10.02648],[34.70297,-10.02812],[34.70195,-10.0294],[34.7042,-10.02929],[34.70082,-10.0317],[34.70149,-10.03253],[34.69873,-10.03543],[34.6987,-10.03815],[34.6776,-10.0388],[34.66694,-10.02871],[34.65657,-10.02389],[34.63935,-10.02515],[34.63478,-10.02334],[34.62703,-10.02476],[34.61968,-10.02422],[34.60998,-10.02757],[34.60101,-10.02823],[34.59794,-10.03163],[34.59037,-10.02532],[34.58643,-10.01734],[34.57905,-10.00666],[34.57194,-9.99876],[34.56492,-9.99311],[34.55934,-9.98271],[34.55197,-9.98209],[34.54846,-9.97975],[34.53969,-9.96668],[34.53262,-9.95239],[34.53185,-9.93968],[34.52678,-9.92721],[34.52586,-9.91491],[34.53213,-9.91406],[34.5396,-9.90979],[34.5447,-9.90971],[34.54923,-9.90664],[34.554,-9.90581],[34.55847,-9.9015],[34.57057,-9.897],[34.57563,-9.89289],[34.58367,-9.88986],[34.58684,-9.88713],[34.5924,-9.894],[34.60202,-9.90026],[34.60508,-9.90872]]]},"properties":{"region":"Njombe","district":"Ludewa","ward":"Luana","ward_code":"211"}},{"type":"Feature","geometry":{"type":"Polygon","coordinates":[[[34.7027,-10.19316],[34.70481,-10.19445],[34.70914,-10.19339],[34.71624,-10.19666],[34.72809,-10.19623],[34.73202,-10.19974],[34.74232,-10.19774],[34.74846,-10.19947],[34.7519,-10.19743],[34.7646,-10.19756],[34.77114,-10.1966],[34.77241,-10.19799],[34.77171,-10.19914],[34.77277,-10.20042],[34.7736,-10.20609],[34.77225,-10.20912],[34.7693,-10.21067],[34.76954,-10.2128],[34.76725,-10.21401],[34.76719,-10.21573],[34.76873,-10.21968],[34.77084,-10.21969],[34.77483,-10.22252],[34.77612,-10.22206],[34.77666,-10.22333],[34.77554,-10.2247],[34.77626,-10.22722],[34.77117,-10.22812],[34.77437,-10.23231],[34.7747,-10.23421],[34.78047,-10.23875],[34.78747,-10.23815],[34.78766,-10.23966],[34.79025,-10.24195],[34.79355,-10.24022],[34.79548,-10.24156],[34.79667,-10.24331],[34.79592,-10.24689],[34.79697,-10.24946],[34.79533,-10.25024],[34.79539,-10.25157],[34.79801,-10.25555],[34.7944,-10.26288],[34.79641,-10.26384],[34.80097,-10.26107],[34.80518,-10.26284],[34.80495,-10.26136],[34.80684,-10.25934],[34.80541,-10.26596],[34.80571,-10.26869],[34.8067,-10.26948],[34.80488,-10.27022],[34.8048,-10.27162],[34.8071,-10.27118],[34.80719,-10.2737],[34.8131,-10.27096],[34.81492,-10.27429],[34.81676,-10.27376],[34.81794,-10.27481],[34.81691,-10.27638],[34.81835,-10.27742],[34.81832,-10.27869],[34.81425,-10.27989],[34.81585,-10.28118],[34.81378,-10.28188],[34.81413,-10.2835],[34.81288,-10.28381],[34.81287,-10.28471],[34.81438,-10.2847],[34.81538,-10.28589],[34.81028,-10.29219],[34.80836,-10.29728],[34.8046,-10.29641],[34.80632,-10.29934],[34.80412,-10.30067],[34.80437,-10.30382],[34.80003,-10.30492],[34.79438,-10.31472],[34.79492,-10.31769],[34.79925,-10.31536],[34.80044,-10.31602],[34.80166,-10.31546],[34.80288,-10.31709],[34.80552,-10.31789],[34.80571,-10.31893],[34.80335,-10.31939],[34.803,-10.32272],[34.80157,-10.32346],[34.79928,-10.32241],[34.79771,-10.32402],[34.79621,-10.32326],[34.79525,-10.32363],[34.79555,-10.3247],[34.79058,-10.32631],[34.78185,-10.32541],[34.76196,-10.32045],[34.75764,-10.32115],[34.74723,-10.32525],[34.74067,-10.33001],[34.71307,-10.33176],[34.70275,-10.3365],[34.69536,-10.34141],[34.68174,-10.33585],[34.67764,-10.33596],[34.67447,-10.33488],[34.66386,-10.33575],[34.6567,-10.33855],[34.65598,-10.3245],[34.64061,-10.3204],[34.64282,-10.29584],[34.65292,-10.28808],[34.66743,-10.26525],[34.6724,-10.2487],[34.66683,-10.23706],[34.66035,-10.22836],[34.66021,-10.21614],[34.65015,-10.20777],[34.65046,-10.20692],[34.66022,-10.21008],[34.66354,-10.20579],[34.6688,-10.20604],[34.67523,-10.20903],[34.67717,-10.20862],[34.67934,-10.19801],[34.68855,-10.19402],[34.7027,-10.19316]]]},"properties":{"region":"Njombe","district":"Ludewa","ward":"Nkomang'ombe","ward_code":"131"}},{"type":"Feature","geometry":{"type":"Polygon","coordinates":[[[34.90591,-10.31286],[34.92547,-10.31949],[34.94521,-10.3424],[34.94356,-10.34551],[34.93456,-10.35494],[34.93007,-10.35776],[34.92349,-10.36611],[34.91743,-10.36793],[34.91005,-10.36656],[34.90544,-10.36842],[34.90432,-10.37009],[34.8965,-10.36946],[34.8927,-10.37079],[34.88574,-10.37929],[34.87936,-10.38518],[34.87547,-10.38535],[34.8752,-10.38732],[34.87186,-10.38892],[34.86341,-10.39023],[34.8597,-10.39215],[34.85611,-10.39224],[34.85367,-10.39344],[34.85293,-10.39943],[34.84896,-10.39883],[34.84564,-10.39997],[34.84234,-10.40197],[34.84087,-10.40448],[34.83661,-10.40544],[34.82568,-10.4119],[34.82717,-10.42073],[34.83158,-10.42501],[34.82778,-10.42726],[34.82354,-10.425],[34.81833,-10.42673],[34.81667,-10.42864],[34.81722,-10.43032],[34.81635,-10.43167],[34.81493,-10.43043],[34.81558,-10.42936],[34.81475,-10.42817],[34.81253,-10.43004],[34.81216,-10.42808],[34.80975,-10.42798],[34.80548,-10.42298],[34.80655,-10.42093],[34.80579,-10.41884],[34.80229,-10.41648],[34.80129,-10.4146],[34.79954,-10.41417],[34.80093,-10.41252],[34.80005,-10.41045],[34.79693,-10.41067],[34.79579,-10.40842],[34.79375,-10.40911],[34.79375,-10.4106],[34.79206,-10.41232],[34.79015,-10.4111],[34.78722,-10.41223],[34.78636,-10.41458],[34.78278,-10.4156],[34.78115,-10.41718],[34.77448,-10.41609],[34.75413,-10.41622],[34.7539,-10.41782],[34.75266,-10.41823],[34.74252,-10.41604],[34.74062,-10.41726],[34.73469,-10.41803],[34.73243,-10.41963],[34.73017,-10.41904],[34.72733,-10.42256],[34.72294,-10.4242],[34.72076,-10.42637],[34.71173,-10.42872],[34.71155,-10.43],[34.70853,-10.42971],[34.70986,-10.43065],[34.70663,-10.4309],[34.7076,-10.43224],[34.70686,-10.43288],[34.70016,-10.43329],[34.69571,-10.43504],[34.69442,-10.43177],[34.69185,-10.43107],[34.69279,-10.42883],[34.69035,-10.42735],[34.69179,-10.42523],[34.69124,-10.42244],[34.69173,-10.42172],[34.69347,-10.42334],[34.69423,-10.42264],[34.69418,-10.41934],[34.69521,-10.41871],[34.69612,-10.41979],[34.69698,-10.41883],[34.69569,-10.41734],[34.69714,-10.41554],[34.69395,-10.41489],[34.69377,-10.41181],[34.69182,-10.40876],[34.6926,-10.40792],[34.69137,-10.40616],[34.69174,-10.40507],[34.6895,-10.40408],[34.68902,-10.40062],[34.68627,-10.4003],[34.68423,-10.39717],[34.68468,-10.39577],[34.68036,-10.39426],[34.6764,-10.39071],[34.66832,-10.37783],[34.66408,-10.36863],[34.66195,-10.3669],[34.6609,-10.36207],[34.66213,-10.36126],[34.66159,-10.35959],[34.65979,-10.3593],[34.66316,-10.35604],[34.66,-10.35147],[34.65968,-10.34883],[34.65732,-10.34746],[34.65624,-10.34135],[34.6567,-10.33855],[34.66386,-10.33575],[34.67447,-10.33488],[34.67764,-10.33596],[34.68174,-10.33585],[34.69536,-10.34141],[34.70275,-10.3365],[34.71307,-10.33176],[34.74067,-10.33001],[34.752,-10.32275],[34.76196,-10.32045],[34.78185,-10.32541],[34.79058,-10.32631],[34.79555,-10.3247],[34.79525,-10.32363],[34.79621,-10.32326],[34.79771,-10.32402],[34.79928,-10.32241],[34.80157,-10.32346],[34.803,-10.32272],[34.80575,-10.32426],[34.80518,-10.3281],[34.80633,-10.33],[34.80908,-10.32874],[34.80775,-10.32628],[34.80913,-10.32453],[34.80832,-10.32246],[34.8107,-10.32242],[34.81269,-10.32422],[34.81395,-10.32245],[34.81749,-10.32648],[34.82036,-10.33315],[34.82231,-10.33375],[34.82417,-10.33184],[34.82406,-10.33051],[34.82225,-10.32919],[34.8224,-10.32744],[34.83034,-10.32764],[34.83389,-10.32447],[34.83577,-10.32493],[34.83688,-10.32715],[34.83907,-10.32572],[34.83994,-10.32694],[34.84985,-10.31989],[34.85582,-10.32106],[34.87288,-10.31401],[34.87696,-10.31326],[34.87954,-10.31503],[34.90591,-10.31286]]]},"properties":{"region":"Njombe","district":"Ludewa","ward":"Luilo","ward_code":"141"}},{"type":"Feature","geometry":{"type":"Polygon","coordinates":[[[34.79693,-10.41067],[34.80005,-10.41045],[34.80093,-10.41252],[34.79954,-10.41417],[34.80129,-10.4146],[34.80229,-10.41648],[34.80579,-10.41884],[34.80655,-10.42093],[34.80548,-10.42298],[34.80975,-10.42798],[34.81216,-10.42808],[34.81253,-10.43004],[34.81475,-10.42817],[34.81558,-10.42936],[34.81493,-10.43043],[34.81635,-10.43167],[34.80754,-10.44702],[34.80592,-10.44806],[34.78975,-10.44527],[34.7845,-10.44257],[34.7801,-10.44323],[34.7744,-10.45219],[34.77189,-10.45829],[34.77371,-10.46098],[34.77253,-10.46378],[34.77267,-10.4676],[34.77105,-10.47045],[34.76687,-10.47242],[34.7662,-10.4744],[34.76229,-10.47827],[34.76293,-10.48695],[34.76239,-10.48866],[34.75932,-10.48896],[34.75885,-10.48974],[34.76032,-10.49186],[34.75877,-10.49627],[34.75726,-10.49736],[34.75194,-10.49801],[34.75003,-10.50253],[34.74701,-10.50475],[34.74506,-10.50234],[34.74338,-10.50202],[34.73744,-10.50772],[34.73212,-10.50527],[34.73065,-10.50771],[34.72802,-10.50861],[34.72607,-10.51292],[34.72123,-10.51349],[34.71536,-10.51014],[34.70926,-10.51129],[34.70447,-10.51093],[34.702,-10.51256],[34.70069,-10.52277],[34.69678,-10.52865],[34.6928,-10.52947],[34.69056,-10.5325],[34.68659,-10.53304],[34.68174,-10.53689],[34.66948,-10.53572],[34.66677,-10.53112],[34.65982,-10.52664],[34.65437,-10.52127],[34.65376,-10.51977],[34.65571,-10.51694],[34.6554,-10.51434],[34.66858,-10.50228],[34.67111,-10.50124],[34.65709,-10.47619],[34.65114,-10.46112],[34.65444,-10.44313],[34.65649,-10.44268],[34.65616,-10.4394],[34.66073,-10.43825],[34.66511,-10.44036],[34.66573,-10.43939],[34.66495,-10.43755],[34.66629,-10.43726],[34.67141,-10.44386],[34.67304,-10.4439],[34.6752,-10.4419],[34.67451,-10.43877],[34.67793,-10.43734],[34.6829,-10.43716],[34.68535,-10.43811],[34.68581,-10.43641],[34.68689,-10.43646],[34.68742,-10.43786],[34.69074,-10.43759],[34.69121,-10.43592],[34.69451,-10.43608],[34.70016,-10.43329],[34.70686,-10.43288],[34.7076,-10.43224],[34.70663,-10.4309],[34.70986,-10.43065],[34.70853,-10.42971],[34.71155,-10.43],[34.71173,-10.42872],[34.72076,-10.42637],[34.72294,-10.4242],[34.72733,-10.42256],[34.73017,-10.41904],[34.73243,-10.41963],[34.73469,-10.41803],[34.74062,-10.41726],[34.74252,-10.41604],[34.75266,-10.41823],[34.7539,-10.41782],[34.75413,-10.41622],[34.77448,-10.41609],[34.78115,-10.41718],[34.78278,-10.4156],[34.78636,-10.41458],[34.78722,-10.41223],[34.79015,-10.4111],[34.79206,-10.41232],[34.79375,-10.4106],[34.79375,-10.40911],[34.79647,-10.40859],[34.79693,-10.41067]]]},"properties":{"region":"Njombe","district":"Ludewa","ward":"Masasi","ward_code":"151"}},{"type":"Feature","geometry":{"type":"Polygon","coordinates":[[[34.69569,-10.41734],[34.69698,-10.41883],[34.69612,-10.41979],[34.69521,-10.41871],[34.69418,-10.41934],[34.69423,-10.42264],[34.69347,-10.42334],[34.69173,-10.42172],[34.69179,-10.42523],[34.69035,-10.42735],[34.69279,-10.42883],[34.69185,-10.43107],[34.69245,-10.4318],[34.69337,-10.43128],[34.69499,-10.43278],[34.69571,-10.43504],[34.69451,-10.43608],[34.69121,-10.43592],[34.69074,-10.43759],[34.68742,-10.43786],[34.68689,-10.43646],[34.68581,-10.43641],[34.68535,-10.43811],[34.684,-10.43823],[34.6829,-10.43716],[34.67793,-10.43734],[34.67451,-10.43877],[34.6752,-10.4419],[34.67304,-10.4439],[34.67141,-10.44386],[34.66629,-10.43726],[34.66495,-10.43755],[34.66573,-10.43939],[34.66511,-10.44036],[34.66073,-10.43825],[34.65616,-10.4394],[34.65649,-10.44268],[34.65444,-10.44313],[34.65114,-10.46112],[34.65709,-10.47619],[34.67111,-10.50124],[34.66858,-10.50228],[34.6554,-10.51434],[34.63279,-10.51326],[34.62245,-10.50809],[34.6249,-10.50512],[34.62549,-10.50159],[34.62903,-10.4995],[34.63009,-10.49614],[34.62592,-10.48871],[34.62606,-10.48115],[34.61798,-10.4818],[34.61328,-10.48547],[34.61019,-10.48661],[34.6096,-10.48858],[34.60753,-10.48972],[34.60581,-10.48922],[34.60383,-10.49058],[34.59903,-10.48958],[34.59673,-10.48777],[34.59225,-10.48761],[34.59303,-10.48177],[34.58559,-10.47094],[34.58916,-10.46018],[34.58242,-10.45441],[34.5721,-10.46222],[34.56658,-10.44216],[34.55752,-10.42932],[34.55951,-10.426],[34.55946,-10.42057],[34.62398,-10.41168],[34.67042,-10.38078],[34.6764,-10.39071],[34.68036,-10.39426],[34.68468,-10.39577],[34.68423,-10.39717],[34.68627,-10.4003],[34.68902,-10.40062],[34.6895,-10.40408],[34.69174,-10.40507],[34.69137,-10.40616],[34.6926,-10.40792],[34.69182,-10.40876],[34.69377,-10.41181],[34.69395,-10.41489],[34.69714,-10.41554],[34.69569,-10.41734]]]},"properties":{"region":"Njombe","district":"Ludewa","ward":"Manda","ward_code":"163"}},{"type":"Feature","geometry":{"type":"Polygon","coordinates":[[[34.61798,-10.4818],[34.62606,-10.48115],[34.62592,-10.48871],[34.63009,-10.49614],[34.62903,-10.4995],[34.62549,-10.50159],[34.6249,-10.50512],[34.62245,-10.50809],[34.63279,-10.51326],[34.6554,-10.51434],[34.65571,-10.51694],[34.65376,-10.51977],[34.65437,-10.52127],[34.65982,-10.52664],[34.66677,-10.53112],[34.66948,-10.53572],[34.66644,-10.53661],[34.65791,-10.53379],[34.64331,-10.53879],[34.63865,-10.53714],[34.6344,-10.53234],[34.63177,-10.53146],[34.62398,-10.53571],[34.62043,-10.53393],[34.61921,-10.53201],[34.61963,-10.52803],[34.61678,-10.52759],[34.61309,-10.5298],[34.60728,-10.5304],[34.60382,-10.53519],[34.60379,-10.53832],[34.59977,-10.53851],[34.59804,-10.53594],[34.59902,-10.52861],[34.5983,-10.52617],[34.59429,-10.52495],[34.59235,-10.52643],[34.59146,-10.53043],[34.58225,-10.53561],[34.5694,-10.53679],[34.56669,-10.53214],[34.56798,-10.52736],[34.57125,-10.52259],[34.57034,-10.51701],[34.57326,-10.50951],[34.59168,-10.4919],[34.59225,-10.48761],[34.59673,-10.48777],[34.59903,-10.48958],[34.60383,-10.49058],[34.60581,-10.48922],[34.60753,-10.48972],[34.6096,-10.48858],[34.61019,-10.48661],[34.61328,-10.48547],[34.61798,-10.4818]]]},"properties":{"region":"Njombe","district":"Ludewa","ward":"Ruhuhu","ward_code":"251"}},{"type":"Feature","geometry":{"type":"Polygon","coordinates":[[[34.12277,-9.52562],[34.14978,-9.55004],[34.18309,-9.55785],[34.18451,-9.57241],[34.19203,-9.58572],[34.20329,-9.59524],[34.21878,-9.59501],[34.22057,-9.60939],[34.23156,-9.61325],[34.23243,-9.6226],[34.24213,-9.627],[34.24772,-9.63505],[34.23548,-9.6452],[34.22691,-9.64965],[34.21965,-9.65219],[34.21828,-9.65421],[34.20928,-9.64543],[34.20624,-9.64449],[34.1892,-9.62965],[34.17984,-9.61867],[34.17783,-9.61434],[34.17266,-9.61262],[34.16096,-9.60332],[34.16231,-9.60196],[34.15988,-9.60222],[34.15729,-9.59838],[34.15302,-9.59641],[34.15274,-9.5981],[34.15084,-9.59665],[34.14965,-9.5931],[34.14728,-9.59275],[34.14691,-9.59148],[34.14512,-9.59057],[34.14559,-9.59013],[34.14271,-9.59015],[34.14162,-9.59148],[34.13566,-9.58085],[34.13114,-9.57817],[34.13145,-9.57749],[34.12989,-9.57676],[34.12687,-9.57228],[34.11635,-9.56362],[34.11251,-9.5577],[34.107,-9.55579],[34.10663,-9.5541],[34.09673,-9.54545],[34.09441,-9.54609],[34.09204,-9.54527],[34.08656,-9.53633],[34.07975,-9.5296],[34.0874,-9.52207],[34.09131,-9.50985],[34.12277,-9.52562]]]},"properties":{"region":"Njombe","district":"Ludewa","ward":"Lumbila","ward_code":"011"}},{"type":"Feature","geometry":{"type":"Polygon","coordinates":[[[34.35523,-9.75186],[34.37732,-9.7699],[34.38222,-9.7759],[34.3802,-9.7791],[34.37113,-9.78114],[34.37072,-9.78234],[34.36519,-9.78384],[34.36543,-9.78572],[34.36466,-9.78608],[34.36331,-9.78544],[34.35883,-9.78699],[34.35817,-9.78471],[34.35722,-9.78548],[34.3574,-9.78728],[34.35529,-9.78763],[34.35416,-9.7892],[34.35281,-9.78817],[34.34781,-9.79342],[34.3492,-9.79665],[34.34791,-9.7974],[34.3481,-9.79993],[34.34695,-9.79921],[34.34529,-9.8],[34.34104,-9.79405],[34.34136,-9.7931],[34.33971,-9.79029],[34.33484,-9.78517],[34.33633,-9.77987],[34.33612,-9.77607],[34.33328,-9.77242],[34.33282,-9.77015],[34.33003,-9.76804],[34.33003,-9.76399],[34.32804,-9.76244],[34.32671,-9.75761],[34.32206,-9.75566],[34.32072,-9.75161],[34.31524,-9.74574],[34.31288,-9.74491],[34.30802,-9.73917],[34.30066,-9.73479],[34.29949,-9.73157],[34.29613,-9.72728],[34.29304,-9.72599],[34.28783,-9.72145],[34.28482,-9.721],[34.27857,-9.71543],[34.27575,-9.70854],[34.27189,-9.70628],[34.26823,-9.70206],[34.26074,-9.69727],[34.26056,-9.6951],[34.2549,-9.69012],[34.25302,-9.68957],[34.24964,-9.68517],[34.24665,-9.68371],[34.24548,-9.6813],[34.23789,-9.67637],[34.2311,-9.66765],[34.21985,-9.65621],[34.21828,-9.65421],[34.21919,-9.65279],[34.23548,-9.6452],[34.24772,-9.63505],[34.27084,-9.66399],[34.29483,-9.67892],[34.30784,-9.69138],[34.32405,-9.69725],[34.32947,-9.70914],[34.32576,-9.71965],[34.32785,-9.72441],[34.33894,-9.73802],[34.35092,-9.74724],[34.35523,-9.75186]]]},"properties":{"region":"Njombe","district":"Ludewa","ward":"Kilondo","ward_code":"021"}},{"type":"Feature","geometry":{"type":"Polygon","coordinates":[[[34.63035,-10.12766],[34.64044,-10.13838],[34.65587,-10.14338],[34.6501,-10.14886],[34.63832,-10.16513],[34.63963,-10.18816],[34.65046,-10.20692],[34.65015,-10.20777],[34.66021,-10.21614],[34.66035,-10.22836],[34.66683,-10.23706],[34.6724,-10.2487],[34.66743,-10.26525],[34.65292,-10.28808],[34.64282,-10.29584],[34.64061,-10.3204],[34.65598,-10.3245],[34.6568,-10.33066],[34.65624,-10.34135],[34.65732,-10.34746],[34.65968,-10.34883],[34.66,-10.35147],[34.66316,-10.35604],[34.65979,-10.3593],[34.66159,-10.35959],[34.66213,-10.36126],[34.6609,-10.36207],[34.66195,-10.3669],[34.66408,-10.36863],[34.67042,-10.38078],[34.62398,-10.41168],[34.55952,-10.42057],[34.56014,-10.41514],[34.55929,-10.41121],[34.56177,-10.40775],[34.55993,-10.40701],[34.5594,-10.40498],[34.56095,-10.40052],[34.56424,-10.39757],[34.56554,-10.39495],[34.56441,-10.38958],[34.56674,-10.38055],[34.56716,-10.3719],[34.56824,-10.37048],[34.56768,-10.36844],[34.56954,-10.36647],[34.56947,-10.36442],[34.57179,-10.36091],[34.57156,-10.3582],[34.57308,-10.3519],[34.57231,-10.34881],[34.57541,-10.34416],[34.57322,-10.34308],[34.58253,-10.32654],[34.58331,-10.32226],[34.58073,-10.32101],[34.58433,-10.30902],[34.5856,-10.30893],[34.58092,-10.29794],[34.58188,-10.29429],[34.58017,-10.28945],[34.58097,-10.28739],[34.57708,-10.27602],[34.57231,-10.27344],[34.57058,-10.26791],[34.56817,-10.26597],[34.56713,-10.26145],[34.56774,-10.25931],[34.56515,-10.25752],[34.56523,-10.25576],[34.56638,-10.25516],[34.56498,-10.25315],[34.56684,-10.24965],[34.56853,-10.24869],[34.56851,-10.24675],[34.57016,-10.24571],[34.56872,-10.24337],[34.57091,-10.24239],[34.56806,-10.2376],[34.56744,-10.23338],[34.56797,-10.23039],[34.57042,-10.22793],[34.57099,-10.22597],[34.56894,-10.22412],[34.56858,-10.22079],[34.56459,-10.21423],[34.56886,-10.21239],[34.5697,-10.20989],[34.56883,-10.20892],[34.56968,-10.20639],[34.56646,-10.20445],[34.56995,-10.20228],[34.57584,-10.19292],[34.57755,-10.19479],[34.57927,-10.19406],[34.57695,-10.19198],[34.57847,-10.18998],[34.58027,-10.19141],[34.58284,-10.18668],[34.5877,-10.1848],[34.58655,-10.18272],[34.58845,-10.18257],[34.58966,-10.18002],[34.59094,-10.17976],[34.59634,-10.17262],[34.59839,-10.17245],[34.59832,-10.16497],[34.59939,-10.16501],[34.59946,-10.16335],[34.60145,-10.16041],[34.60377,-10.15932],[34.60272,-10.15767],[34.60566,-10.155],[34.60591,-10.15356],[34.60802,-10.15323],[34.6059,-10.15012],[34.60927,-10.1484],[34.60908,-10.15069],[34.61019,-10.15029],[34.61454,-10.14531],[34.61738,-10.14013],[34.61668,-10.13928],[34.6175,-10.13733],[34.61918,-10.13628],[34.61857,-10.13526],[34.61996,-10.13432],[34.61927,-10.13293],[34.62094,-10.13304],[34.62544,-10.12933],[34.6267,-10.12959],[34.63035,-10.12766]]]},"properties":{"region":"Njombe","district":"Ludewa","ward":"Iwela","ward_code":"171"}},{"type":"Feature","geometry":{"type":"Polygon","coordinates":[[[34.55934,-9.98271],[34.56492,-9.99311],[34.57194,-9.99876],[34.57905,-10.00666],[34.58643,-10.01734],[34.59037,-10.02532],[34.59794,-10.03163],[34.60391,-10.04627],[34.61021,-10.05456],[34.62095,-10.06243],[34.62866,-10.07924],[34.64582,-10.09886],[34.63194,-10.11847],[34.63035,-10.12766],[34.6267,-10.12959],[34.62544,-10.12933],[34.62094,-10.13304],[34.61927,-10.13293],[34.61996,-10.13432],[34.61857,-10.13526],[34.61918,-10.13628],[34.6175,-10.13733],[34.61668,-10.13928],[34.61738,-10.14013],[34.61454,-10.14531],[34.61019,-10.15029],[34.60908,-10.15069],[34.60927,-10.1484],[34.60805,-10.14968],[34.60615,-10.1497],[34.60802,-10.15323],[34.60591,-10.15356],[34.60566,-10.155],[34.60272,-10.15767],[34.60377,-10.15932],[34.60145,-10.16041],[34.59946,-10.16335],[34.59939,-10.16501],[34.59832,-10.16497],[34.59839,-10.17245],[34.59634,-10.17262],[34.59094,-10.17976],[34.58966,-10.18002],[34.58845,-10.18257],[34.58655,-10.18272],[34.5877,-10.1848],[34.58284,-10.18668],[34.58027,-10.19141],[34.57847,-10.18998],[34.57695,-10.19198],[34.57927,-10.19406],[34.57755,-10.19479],[34.57584,-10.19292],[34.56995,-10.20228],[34.56493,-10.20493],[34.56342,-10.20174],[34.56528,-10.1997],[34.56532,-10.19809],[34.56361,-10.19707],[34.5632,-10.19491],[34.56011,-10.19211],[34.56032,-10.18986],[34.55536,-10.18301],[34.55444,-10.17786],[34.55068,-10.17528],[34.54962,-10.17094],[34.5465,-10.16632],[34.54571,-10.16163],[34.54088,-10.15227],[34.53209,-10.14174],[34.53162,-10.138],[34.52824,-10.13867],[34.52615,-10.13617],[34.52719,-10.13234],[34.52381,-10.12738],[34.52313,-10.12529],[34.5237,-10.12236],[34.52274,-10.12099],[34.52013,-10.12102],[34.51932,-10.11889],[34.52122,-10.11624],[34.52047,-10.11372],[34.52271,-10.11249],[34.52362,-10.11034],[34.52486,-10.11079],[34.52728,-10.10852],[34.53045,-10.10318],[34.53229,-10.10259],[34.53143,-10.10151],[34.53306,-10.1006],[34.5333,-10.09918],[34.53653,-10.09742],[34.53596,-10.09289],[34.53887,-10.08921],[34.53891,-10.08553],[34.54048,-10.08438],[34.54202,-10.08098],[34.537,-10.07605],[34.54008,-10.07316],[34.54029,-10.06693],[34.5366,-10.06286],[34.53614,-10.06089],[34.53679,-10.06058],[34.53549,-10.0598],[34.52955,-10.04998],[34.53041,-10.0494],[34.52999,-10.04837],[34.5273,-10.04662],[34.52713,-10.04471],[34.52345,-10.04173],[34.52067,-10.036],[34.51802,-10.03498],[34.51711,-10.03281],[34.5181,-10.03261],[34.51753,-10.0309],[34.51899,-10.02954],[34.5207,-10.0306],[34.52071,-10.02899],[34.52363,-10.02456],[34.52739,-10.02343],[34.5286,-10.01907],[34.52787,-10.01812],[34.53057,-10.01378],[34.53044,-10.00998],[34.53242,-10.01024],[34.53292,-10.01128],[34.53527,-10.00843],[34.54127,-9.99467],[34.54681,-9.99095],[34.54617,-9.98929],[34.55224,-9.98391],[34.55291,-9.98217],[34.55934,-9.98271]]]},"properties":{"region":"Njombe","district":"Ludewa","ward":"Lupingu","ward_code":"181"}},{"type":"Feature","geometry":{"type":"Polygon","coordinates":[[[34.39724,-9.78305],[34.40299,-9.78621],[34.4031,-9.78766],[34.41091,-9.79256],[34.41729,-9.79815],[34.42604,-9.81023],[34.42785,-9.8102],[34.43428,-9.81615],[34.43766,-9.82263],[34.4118,-9.84993],[34.41901,-9.8586],[34.4268,-9.87492],[34.43554,-9.87879],[34.44028,-9.88541],[34.4541,-9.88757],[34.4557,-9.88997],[34.45647,-9.88957],[34.45828,-9.89367],[34.45979,-9.89453],[34.46156,-9.89418],[34.464,-9.89607],[34.47177,-9.89371],[34.48843,-9.89246],[34.48901,-9.90789],[34.49428,-9.91926],[34.49421,-9.92991],[34.49557,-9.93306],[34.48841,-9.93691],[34.47914,-9.94004],[34.47716,-9.93854],[34.47609,-9.94267],[34.47149,-9.94351],[34.47114,-9.94456],[34.46474,-9.9486],[34.46496,-9.95065],[34.46261,-9.955],[34.45787,-9.9512],[34.45324,-9.94545],[34.4523,-9.93754],[34.44676,-9.92933],[34.44349,-9.92659],[34.4313,-9.90583],[34.42285,-9.8963],[34.41589,-9.88504],[34.41282,-9.8818],[34.41072,-9.88099],[34.40809,-9.87697],[34.40208,-9.87226],[34.39999,-9.86872],[34.39496,-9.86393],[34.39344,-9.86093],[34.39106,-9.85934],[34.38829,-9.85504],[34.38804,-9.85236],[34.38672,-9.85229],[34.38315,-9.84566],[34.37992,-9.84456],[34.37744,-9.83803],[34.37315,-9.83342],[34.37206,-9.82927],[34.36233,-9.81938],[34.36146,-9.81633],[34.35529,-9.81012],[34.35176,-9.80404],[34.34868,-9.8016],[34.3481,-9.79993],[34.34791,-9.7974],[34.3492,-9.79665],[34.34781,-9.79342],[34.35281,-9.78817],[34.35416,-9.7892],[34.35529,-9.78763],[34.3574,-9.78728],[34.35722,-9.78548],[34.35817,-9.78471],[34.35883,-9.78699],[34.36331,-9.78544],[34.36466,-9.78608],[34.36543,-9.78572],[34.36519,-9.78384],[34.37072,-9.78234],[34.37113,-9.78114],[34.3802,-9.7791],[34.38222,-9.7759],[34.38524,-9.77788],[34.39362,-9.77959],[34.39724,-9.78305]]]},"properties":{"region":"Njombe","district":"Ludewa","ward":"Makonde","ward_code":"221"}},{"type":"Feature","geometry":{"type":"Polygon","coordinates":[[[34.53124,-9.93675],[34.53262,-9.95239],[34.53969,-9.96668],[34.54846,-9.97975],[34.55291,-9.98217],[34.55224,-9.98391],[34.54617,-9.98929],[34.54681,-9.99095],[34.54127,-9.99467],[34.53379,-10.01044],[34.53292,-10.01128],[34.53242,-10.01024],[34.53044,-10.00998],[34.53057,-10.01378],[34.52787,-10.01812],[34.5286,-10.01907],[34.52739,-10.02343],[34.52363,-10.02456],[34.52071,-10.02899],[34.5207,-10.0306],[34.51899,-10.02954],[34.51753,-10.0309],[34.51824,-10.03169],[34.51769,-10.03269],[34.51509,-10.03164],[34.51415,-10.0302],[34.51311,-10.02595],[34.51371,-10.02377],[34.51109,-10.02327],[34.5038,-10.01624],[34.50482,-10.00229],[34.50197,-10.00086],[34.50126,-9.99658],[34.49982,-9.99454],[34.50057,-9.99197],[34.4993,-9.9897],[34.49036,-9.97857],[34.48487,-9.97719],[34.48321,-9.97359],[34.47985,-9.97268],[34.47608,-9.96672],[34.47336,-9.96585],[34.46905,-9.95873],[34.46627,-9.95636],[34.46261,-9.955],[34.46496,-9.95065],[34.46474,-9.9486],[34.47114,-9.94456],[34.47149,-9.94351],[34.47609,-9.94267],[34.47716,-9.93854],[34.47914,-9.94004],[34.48841,-9.93691],[34.51369,-9.92368],[34.5245,-9.91499],[34.52586,-9.91491],[34.52591,-9.9227],[34.52748,-9.9297],[34.53124,-9.93675]]]},"properties":{"region":"Njombe","district":"Ludewa","ward":"Lifuma","ward_code":"241"}},{"type":"Feature","geometry":{"type":"Polygon","coordinates":[[[34.66758,-9.75814],[34.69548,-9.76167],[34.70581,-9.75752],[34.70953,-9.76107],[34.71094,-9.76058],[34.71321,-9.76173],[34.70959,-9.77992],[34.72702,-9.79548],[34.74212,-9.79664],[34.75302,-9.79914],[34.75665,-9.79845],[34.78805,-9.80092],[34.79463,-9.80664],[34.79787,-9.80546],[34.79846,-9.80977],[34.80232,-9.80894],[34.80345,-9.81283],[34.80766,-9.81132],[34.8131,-9.81366],[34.82413,-9.8134],[34.83274,-9.82006],[34.83938,-9.82013],[34.84576,-9.81763],[34.84968,-9.81803],[34.85085,-9.82216],[34.85812,-9.82354],[34.85956,-9.82188],[34.85825,-9.82067],[34.85937,-9.81916],[34.86119,-9.82044],[34.85981,-9.82847],[34.86898,-9.8307],[34.87662,-9.8286],[34.91217,-9.84142],[34.92773,-9.84404],[34.92588,-9.84849],[34.92671,-9.85016],[34.92539,-9.85293],[34.92082,-9.85237],[34.91852,-9.85021],[34.91683,-9.84995],[34.91654,-9.85274],[34.91502,-9.85038],[34.91269,-9.85046],[34.9114,-9.85195],[34.89347,-9.85334],[34.89144,-9.85478],[34.88884,-9.85412],[34.88274,-9.85885],[34.87744,-9.85831],[34.87591,-9.86219],[34.87129,-9.86318],[34.87085,-9.86493],[34.86852,-9.8645],[34.8645,-9.86563],[34.86255,-9.86707],[34.86302,-9.8695],[34.86198,-9.87056],[34.86045,-9.87122],[34.85988,-9.86993],[34.85374,-9.87294],[34.85352,-9.87552],[34.85267,-9.87602],[34.85193,-9.87547],[34.85092,-9.87665],[34.85137,-9.87537],[34.84914,-9.87504],[34.84961,-9.87634],[34.84798,-9.87648],[34.84783,-9.87786],[34.84696,-9.87795],[34.84536,-9.87783],[34.84598,-9.87691],[34.8443,-9.87626],[34.84431,-9.87743],[34.84248,-9.87721],[34.84038,-9.87845],[34.84035,-9.87944],[34.83895,-9.87909],[34.83771,-9.88043],[34.83617,-9.88037],[34.83518,-9.87924],[34.83466,-9.88152],[34.83398,-9.88088],[34.83298,-9.88148],[34.83234,-9.88049],[34.83222,-9.88177],[34.82922,-9.88131],[34.8287,-9.88294],[34.82703,-9.88155],[34.82607,-9.88242],[34.82489,-9.88176],[34.82514,-9.88326],[34.82234,-9.88229],[34.81605,-9.88267],[34.8131,-9.88587],[34.81156,-9.88423],[34.8125,-9.88333],[34.81,-9.88178],[34.8097,-9.87962],[34.80897,-9.88044],[34.8077,-9.87947],[34.80797,-9.87852],[34.80477,-9.87863],[34.80395,-9.87658],[34.80121,-9.87599],[34.79364,-9.87161],[34.79301,-9.87203],[34.794,-9.87053],[34.79363,-9.86924],[34.79175,-9.86787],[34.78978,-9.86812],[34.78473,-9.86599],[34.78561,-9.86356],[34.78493,-9.86391],[34.78428,-9.86155],[34.78175,-9.86136],[34.78193,-9.8596],[34.77513,-9.85423],[34.7671,-9.85181],[34.757,-9.85153],[34.74855,-9.84863],[34.7383,-9.84304],[34.73287,-9.84128],[34.72845,-9.84412],[34.72316,-9.84442],[34.71804,-9.84194],[34.71222,-9.84125],[34.70348,-9.83762],[34.70159,-9.8377],[34.69672,-9.83518],[34.69393,-9.83585],[34.68775,-9.83316],[34.68766,-9.83164],[34.68396,-9.83067],[34.68149,-9.8313],[34.68013,-9.82876],[34.67732,-9.82814],[34.67458,-9.82886],[34.66467,-9.82468],[34.65568,-9.82299],[34.6606,-9.81663],[34.6531,-9.79047],[34.64954,-9.78456],[34.64861,-9.78121],[34.64879,-9.77325],[34.65984,-9.75442],[34.66758,-9.75814]]]},"properties":{"region":"Njombe","district":"Ludewa","ward":"Lugarawa","ward_code":"073"}},{"type":"Feature","geometry":{"type":"Polygon","coordinates":[[[34.78337,-9.6688],[34.78503,-9.6699],[34.791,-9.66918],[34.79712,-9.67001],[34.79843,-9.67137],[34.81001,-9.67397],[34.809,-9.67529],[34.81008,-9.67551],[34.8095,-9.677],[34.81087,-9.67677],[34.81185,-9.67815],[34.81349,-9.67734],[34.8181,-9.67818],[34.8199,-9.68002],[34.82147,-9.67997],[34.82228,-9.68259],[34.82897,-9.68045],[34.84121,-9.67865],[34.85394,-9.67537],[34.86549,-9.67214],[34.86621,-9.67076],[34.86978,-9.67177],[34.87253,-9.67024],[34.88224,-9.67384],[34.8875,-9.67831],[34.88825,-9.68141],[34.9039,-9.69036],[34.8888,-9.69898],[34.88293,-9.71203],[34.88376,-9.73103],[34.88561,-9.74393],[34.91031,-9.78038],[34.91658,-9.80201],[34.91884,-9.81971],[34.90643,-9.8393],[34.87662,-9.8286],[34.86898,-9.8307],[34.85981,-9.82847],[34.86119,-9.82044],[34.85937,-9.81916],[34.85825,-9.82067],[34.85956,-9.82188],[34.85812,-9.82354],[34.85085,-9.82216],[34.84968,-9.81803],[34.84576,-9.81763],[34.83938,-9.82013],[34.83274,-9.82006],[34.82413,-9.8134],[34.8131,-9.81366],[34.80766,-9.81132],[34.80345,-9.81283],[34.80232,-9.80894],[34.79846,-9.80977],[34.79787,-9.80546],[34.79463,-9.80664],[34.78805,-9.80092],[34.75665,-9.79845],[34.75302,-9.79914],[34.74212,-9.79664],[34.72702,-9.79548],[34.70959,-9.77992],[34.71321,-9.76173],[34.71191,-9.7566],[34.70923,-9.75525],[34.71006,-9.7493],[34.7086,-9.74872],[34.709,-9.73356],[34.70219,-9.72624],[34.70452,-9.71385],[34.70517,-9.69602],[34.70831,-9.69194],[34.70659,-9.68065],[34.70821,-9.67359],[34.70947,-9.67267],[34.71124,-9.67374],[34.71303,-9.67332],[34.71493,-9.67492],[34.71721,-9.68119],[34.71929,-9.68306],[34.73024,-9.68701],[34.7374,-9.68729],[34.74648,-9.68298],[34.75545,-9.68178],[34.76065,-9.67873],[34.76065,-9.67748],[34.76332,-9.67702],[34.76366,-9.6779],[34.76512,-9.67781],[34.76657,-9.67648],[34.76911,-9.67602],[34.76958,-9.67486],[34.77089,-9.67495],[34.77488,-9.6716],[34.77574,-9.67206],[34.77738,-9.66985],[34.78337,-9.6688]]]},"properties":{"region":"Njombe","district":"Ludewa","ward":"Madilu","ward_code":"091"}},{"type":"Feature","geometry":{"type":"Polygon","coordinates":[[[34.90445,-9.69181],[34.90881,-9.69242],[34.90937,-9.69065],[34.91203,-9.69245],[34.91492,-9.69294],[34.91681,-9.69531],[34.92158,-9.69477],[34.9247,-9.69673],[34.9272,-9.6957],[34.93013,-9.69648],[34.93295,-9.69483],[34.93473,-9.69527],[34.93638,-9.6935],[34.93765,-9.69487],[34.93933,-9.69434],[34.93857,-9.69604],[34.9415,-9.69621],[34.94187,-9.69779],[34.94271,-9.69668],[34.94236,-9.69777],[34.94539,-9.69757],[34.94749,-9.70096],[34.94924,-9.70028],[34.95,-9.70284],[34.95275,-9.70386],[34.9515,-9.70515],[34.95271,-9.70554],[34.95423,-9.70866],[34.95455,-9.71612],[34.96291,-9.71865],[34.96444,-9.71747],[34.96567,-9.71872],[34.96676,-9.7176],[34.96726,-9.72008],[34.96901,-9.72159],[34.96819,-9.72238],[34.97165,-9.72289],[34.97163,-9.72355],[34.97222,-9.72303],[34.97232,-9.72392],[34.97353,-9.72379],[34.97527,-9.72543],[34.97482,-9.7266],[34.9762,-9.72859],[34.97628,-9.73179],[34.9754,-9.73225],[34.97625,-9.73283],[34.97567,-9.7346],[34.97688,-9.73734],[34.97568,-9.73806],[34.97647,-9.73982],[34.97903,-9.73877],[34.98102,-9.73976],[34.98031,-9.74127],[34.9822,-9.74104],[34.9829,-9.74252],[34.98404,-9.74118],[34.98616,-9.74128],[34.98564,-9.74053],[34.98769,-9.73477],[34.99301,-9.73264],[34.99748,-9.73449],[34.99838,-9.73376],[34.99922,-9.73477],[35.00089,-9.73456],[35.00266,-9.73708],[35.0108,-9.74037],[35.01394,-9.74345],[35.01834,-9.74467],[35.0182,-9.74553],[35.02145,-9.74705],[35.02292,-9.74903],[35.0267,-9.74795],[35.02736,-9.74913],[35.02868,-9.74826],[35.0311,-9.74967],[35.03264,-9.74929],[35.04294,-9.81495],[35.04989,-9.8274],[35.04869,-9.83983],[35.04891,-9.86932],[35.05261,-9.87903],[35.05522,-9.9215],[35.0617,-9.92393],[35.06817,-9.92942],[35.07833,-9.92988],[35.09129,-9.94045],[35.11293,-9.94847],[35.13211,-9.95253],[35.14866,-9.94463],[35.16355,-9.94046],[35.16963,-9.93571],[35.17284,-9.93653],[35.17709,-9.9346],[35.17758,-9.93673],[35.18199,-9.93826],[35.18368,-9.93774],[35.18654,-9.93418],[35.18752,-9.93766],[35.1834,-9.94111],[35.18391,-9.94425],[35.1852,-9.94508],[35.18868,-9.94347],[35.19505,-9.9459],[35.19667,-9.94893],[35.19457,-9.95093],[35.19711,-9.95179],[35.19545,-9.95594],[35.19672,-9.95804],[35.19075,-9.96085],[35.20078,-9.96479],[35.20444,-9.96942],[35.20809,-9.97029],[35.20848,-9.97312],[35.20936,-9.97086],[35.21148,-9.97042],[35.21293,-9.97115],[35.2128,-9.97225],[35.20949,-9.97353],[35.20866,-9.9771],[35.21056,-9.98148],[35.20886,-9.98282],[35.21108,-9.98315],[35.21127,-9.98498],[35.21268,-9.9858],[35.21345,-9.98335],[35.21269,-9.98178],[35.21351,-9.98138],[35.21504,-9.98268],[35.21523,-9.98429],[35.2171,-9.98631],[35.21644,-9.99229],[35.21816,-9.99198],[35.22073,-9.99622],[35.21986,-9.99778],[35.21694,-9.99544],[35.21549,-9.99525],[35.21439,-9.99664],[35.21862,-9.99933],[35.21826,-10.00034],[35.21488,-10.00084],[35.21443,-10.00259],[35.21254,-10.00235],[35.21195,-10.00427],[35.21489,-10.00605],[35.21488,-10.00969],[35.2177,-10.00822],[35.21861,-10.00906],[35.21583,-10.0116],[35.21374,-10.01166],[35.21296,-10.01982],[35.21235,-10.02046],[35.20898,-10.01938],[35.20397,-10.02529],[35.20411,-10.02682],[35.20641,-10.02869],[35.20554,-10.02979],[35.20295,-10.03024],[35.20282,-10.03311],[35.19977,-10.034],[35.19985,-10.03585],[35.11429,-10.03883],[34.95075,-10.03861],[34.87221,-10.02526],[34.84739,-10.03159],[34.83972,-10.03939],[34.83235,-10.03589],[34.82584,-10.03679],[34.8202,-10.04188],[34.80947,-10.04339],[34.79355,-10.03746],[34.78709,-10.03793],[34.79018,-10.03469],[34.79219,-10.03566],[34.79317,-10.03442],[34.79343,-10.03192],[34.79237,-10.02918],[34.79478,-10.02715],[34.79465,-10.02614],[34.79598,-10.02624],[34.7967,-10.02456],[34.79948,-10.02469],[34.80073,-10.02382],[34.80036,-10.02267],[34.80195,-10.02085],[34.80286,-10.01739],[34.80208,-10.01714],[34.80201,-10.01519],[34.80337,-10.01428],[34.80392,-10.01236],[34.80775,-10.01186],[34.80882,-10.01084],[34.80666,-10.00959],[34.80712,-10.00859],[34.8098,-10.00969],[34.81008,-10.01066],[34.81115,-10.00999],[34.80699,-10.0027],[34.80524,-10.00446],[34.80386,-10.00458],[34.80313,-10.0017],[34.80427,-10.00146],[34.80414,-10.00024],[34.80251,-10.00034],[34.8003,-9.99775],[34.80223,-9.99777],[34.80169,-9.99666],[34.80256,-9.99557],[34.80535,-9.99656],[34.80717,-9.99306],[34.80603,-9.99172],[34.80743,-9.99107],[34.80567,-9.98989],[34.80867,-9.99044],[34.81075,-9.98811],[34.81344,-9.9888],[34.81286,-9.98769],[34.81364,-9.98756],[34.81369,-9.98435],[34.81556,-9.98333],[34.81311,-9.97959],[34.81115,-9.98192],[34.81119,-9.98045],[34.81004,-9.97979],[34.80906,-9.9807],[34.80716,-9.97821],[34.80927,-9.97598],[34.80756,-9.97482],[34.81057,-9.97352],[34.80993,-9.97245],[34.81157,-9.97053],[34.80966,-9.96927],[34.81345,-9.96843],[34.81374,-9.96743],[34.81449,-9.9682],[34.81594,-9.96766],[34.81653,-9.96611],[34.81532,-9.96548],[34.81445,-9.96623],[34.81161,-9.96448],[34.81181,-9.96338],[34.80949,-9.9634],[34.80917,-9.9616],[34.80704,-9.95976],[34.80778,-9.95784],[34.80629,-9.95749],[34.80695,-9.95465],[34.8092,-9.9535],[34.8086,-9.95222],[34.80942,-9.95057],[34.80826,-9.94962],[34.80933,-9.94782],[34.80808,-9.94526],[34.80629,-9.94479],[34.80637,-9.94593],[34.80562,-9.94594],[34.80279,-9.94532],[34.80217,-9.94092],[34.80221,-9.94001],[34.80359,-9.93994],[34.80616,-9.93274],[34.80545,-9.93181],[34.80382,-9.93225],[34.80426,-9.93102],[34.80967,-9.93108],[34.80986,-9.92915],[34.80851,-9.92892],[34.81152,-9.92459],[34.81004,-9.92381],[34.81109,-9.92323],[34.81341,-9.92457],[34.81313,-9.92235],[34.81478,-9.92076],[34.81189,-9.91942],[34.81116,-9.91813],[34.81279,-9.91615],[34.80701,-9.91097],[34.80815,-9.90945],[34.8026,-9.90571],[34.80288,-9.90309],[34.80149,-9.90148],[34.80294,-9.90015],[34.80119,-9.90006],[34.80115,-9.89927],[34.80253,-9.89812],[34.80221,-9.89698],[34.80475,-9.89745],[34.80443,-9.89642],[34.79983,-9.89538],[34.79919,-9.89412],[34.79986,-9.89125],[34.79899,-9.89001],[34.79995,-9.88861],[34.80212,-9.88928],[34.80346,-9.88777],[34.80412,-9.88844],[34.8054,-9.88535],[34.80731,-9.88363],[34.80902,-9.88469],[34.81058,-9.88333],[34.8131,-9.88587],[34.81605,-9.88267],[34.82234,-9.88229],[34.82514,-9.88326],[34.82489,-9.88176],[34.82607,-9.88242],[34.82703,-9.88155],[34.8287,-9.88294],[34.82922,-9.88131],[34.83222,-9.88177],[34.83234,-9.88049],[34.83298,-9.88148],[34.83398,-9.88088],[34.83466,-9.88152],[34.83518,-9.87924],[34.83617,-9.88037],[34.83771,-9.88043],[34.83895,-9.87909],[34.84035,-9.87944],[34.84038,-9.87845],[34.84248,-9.87721],[34.84431,-9.87743],[34.8443,-9.87626],[34.84598,-9.87691],[34.84536,-9.87783],[34.84696,-9.87795],[34.84783,-9.87786],[34.84798,-9.87648],[34.84961,-9.87634],[34.84914,-9.87504],[34.85137,-9.87537],[34.85092,-9.87665],[34.85193,-9.87547],[34.85267,-9.87602],[34.85352,-9.87552],[34.85374,-9.87294],[34.85988,-9.86993],[34.86045,-9.87122],[34.86198,-9.87056],[34.86302,-9.8695],[34.86255,-9.86707],[34.8645,-9.86563],[34.86852,-9.8645],[34.87085,-9.86493],[34.87129,-9.86318],[34.87591,-9.86219],[34.87744,-9.85831],[34.88274,-9.85885],[34.88884,-9.85412],[34.89144,-9.85478],[34.89347,-9.85334],[34.9114,-9.85195],[34.91269,-9.85046],[34.91502,-9.85038],[34.91654,-9.85274],[34.91683,-9.84995],[34.91852,-9.85021],[34.92082,-9.85237],[34.92539,-9.85293],[34.92671,-9.85016],[34.92588,-9.84849],[34.92773,-9.84404],[34.91217,-9.84142],[34.90643,-9.8393],[34.91884,-9.81971],[34.91658,-9.80201],[34.91031,-9.78038],[34.88561,-9.74393],[34.88376,-9.73103],[34.88293,-9.71203],[34.8888,-9.69898],[34.90408,-9.6902],[34.90445,-9.69181]]]},"properties":{"region":"Njombe","district":"Ludewa","ward":"Mundindi","ward_code":"101"}},{"type":"Feature","geometry":{"type":"Polygon","coordinates":[[[35.03551,-9.75044],[35.0409,-9.75302],[35.04159,-9.7542],[35.04289,-9.75402],[35.04372,-9.75841],[35.04916,-9.76227],[35.05038,-9.76146],[35.05472,-9.76166],[35.05827,-9.76436],[35.062,-9.76568],[35.06562,-9.76954],[35.07048,-9.76912],[35.07139,-9.77154],[35.07461,-9.7717],[35.07449,-9.7728],[35.07562,-9.77337],[35.11528,-9.76606],[35.13483,-9.76699],[35.09698,-9.78018],[35.1036,-9.78509],[35.10864,-9.78595],[35.11357,-9.79406],[35.11509,-9.79467],[35.11968,-9.80155],[35.12149,-9.80259],[35.12832,-9.80289],[35.13042,-9.80487],[35.12884,-9.8072],[35.13459,-9.81017],[35.13676,-9.81282],[35.13944,-9.81323],[35.14034,-9.81555],[35.14307,-9.81553],[35.14251,-9.81839],[35.14533,-9.8179],[35.14339,-9.82058],[35.14401,-9.82158],[35.14145,-9.82199],[35.14099,-9.8243],[35.1417,-9.82505],[35.13934,-9.82718],[35.14117,-9.82782],[35.14135,-9.82984],[35.14361,-9.82946],[35.14774,-9.83124],[35.14626,-9.83224],[35.1493,-9.83305],[35.14963,-9.83445],[35.15227,-9.83577],[35.1552,-9.8361],[35.1613,-9.83449],[35.16557,-9.8371],[35.16714,-9.83708],[35.1684,-9.83922],[35.17228,-9.84148],[35.17159,-9.85055],[35.17573,-9.85618],[35.17446,-9.86136],[35.17277,-9.86407],[35.17242,-9.86756],[35.17013,-9.86885],[35.17093,-9.87052],[35.16925,-9.87045],[35.16919,-9.87241],[35.16768,-9.87234],[35.16918,-9.87419],[35.1689,-9.87616],[35.17126,-9.87747],[35.16792,-9.87884],[35.16188,-9.87761],[35.16343,-9.8807],[35.16851,-9.88187],[35.16572,-9.88239],[35.1647,-9.88436],[35.16556,-9.8876],[35.16415,-9.88901],[35.16281,-9.88834],[35.16123,-9.89372],[35.16227,-9.89469],[35.1655,-9.89477],[35.1658,-9.89739],[35.16826,-9.89973],[35.16699,-9.90098],[35.16792,-9.9021],[35.16666,-9.90502],[35.16803,-9.90564],[35.16711,-9.91074],[35.16623,-9.91094],[35.166,-9.90931],[35.16254,-9.90885],[35.16238,-9.91284],[35.16375,-9.91522],[35.16176,-9.9179],[35.16441,-9.91931],[35.16401,-9.92061],[35.1662,-9.92499],[35.16563,-9.92544],[35.16839,-9.9239],[35.17184,-9.92418],[35.17404,-9.92581],[35.17584,-9.92514],[35.17497,-9.92892],[35.17599,-9.9314],[35.17719,-9.93186],[35.17643,-9.93382],[35.17709,-9.9346],[35.17284,-9.93653],[35.16963,-9.93571],[35.16355,-9.94046],[35.14866,-9.94463],[35.13211,-9.95253],[35.11293,-9.94847],[35.09129,-9.94045],[35.07833,-9.92988],[35.06817,-9.92942],[35.0617,-9.92393],[35.05522,-9.9215],[35.05261,-9.87903],[35.04891,-9.86932],[35.04869,-9.83983],[35.04989,-9.8274],[35.04294,-9.81495],[35.03336,-9.75047],[35.03551,-9.75044]]]},"properties":{"region":"Njombe","district":"Ludewa","ward":"Mavanga","ward_code":"111"}},{"type":"Feature","geometry":{"type":"Polygon","coordinates":[[[34.95074,-10.0386],[35.11429,-10.03883],[35.19985,-10.03585],[35.20043,-10.03833],[35.19906,-10.04101],[35.1994,-10.04222],[35.20304,-10.04112],[35.2045,-10.04227],[35.20182,-10.04641],[35.20714,-10.05058],[35.20267,-10.05514],[35.19995,-10.05452],[35.19977,-10.05625],[35.20134,-10.05759],[35.19628,-10.05842],[35.19815,-10.06019],[35.19519,-10.0628],[35.19408,-10.0625],[35.193,-10.06457],[35.19379,-10.0694],[35.18752,-10.07257],[35.18898,-10.07425],[35.18937,-10.0766],[35.18799,-10.07996],[35.18475,-10.08249],[35.18347,-10.08156],[35.18405,-10.08418],[35.18704,-10.08513],[35.18694,-10.08605],[35.18559,-10.08715],[35.18353,-10.08649],[35.18289,-10.08956],[35.18141,-10.09092],[35.17983,-10.09084],[35.17885,-10.09422],[35.17596,-10.09614],[35.17434,-10.10034],[35.17132,-10.10141],[35.1695,-10.10325],[35.17094,-10.10661],[35.1702,-10.10817],[35.16605,-10.10956],[35.16278,-10.10759],[35.16222,-10.11201],[35.16123,-10.11258],[35.15968,-10.11137],[35.15768,-10.11209],[35.15838,-10.11318],[35.15752,-10.11789],[35.15091,-10.12083],[35.15052,-10.12365],[35.14676,-10.12306],[35.14603,-10.12746],[35.14722,-10.12927],[35.15034,-10.13041],[35.14981,-10.1324],[35.14877,-10.13288],[35.14681,-10.13199],[35.14589,-10.13276],[35.14492,-10.13606],[35.14364,-10.13609],[35.1427,-10.13427],[35.14139,-10.1344],[35.14088,-10.13602],[35.14261,-10.14173],[35.14204,-10.14644],[35.1394,-10.14472],[35.13548,-10.14545],[35.13505,-10.14345],[35.13357,-10.14238],[35.13211,-10.14213],[35.13038,-10.14426],[35.1338,-10.15217],[35.13565,-10.15262],[35.1368,-10.15483],[35.13438,-10.15748],[35.13119,-10.15789],[35.12994,-10.16034],[35.12872,-10.15758],[35.12756,-10.15728],[35.12655,-10.15873],[35.12682,-10.16064],[35.13067,-10.16469],[35.13445,-10.16408],[35.136,-10.16662],[35.13592,-10.16833],[35.13008,-10.16955],[35.126,-10.17231],[35.12576,-10.1736],[35.12707,-10.17577],[35.1264,-10.17651],[35.11883,-10.17644],[35.1168,-10.17431],[35.11426,-10.17477],[35.11415,-10.17642],[35.11834,-10.18189],[35.12115,-10.18306],[35.11752,-10.18565],[35.11838,-10.188],[35.11652,-10.1916],[35.11284,-10.19345],[35.11837,-10.19695],[35.11793,-10.20127],[35.11109,-10.20198],[35.10667,-10.20611],[35.10489,-10.20556],[35.10266,-10.20114],[35.10074,-10.19979],[35.08943,-10.20337],[35.08867,-10.20225],[35.0891,-10.20044],[35.0919,-10.19778],[35.09171,-10.19615],[35.08869,-10.19405],[35.08302,-10.19895],[35.08151,-10.19813],[35.08073,-10.19575],[35.08283,-10.18805],[35.08222,-10.18627],[35.0805,-10.1856],[35.07887,-10.1859],[35.07771,-10.1879],[35.07755,-10.19302],[35.07892,-10.19611],[35.07762,-10.19723],[35.0735,-10.19621],[35.07227,-10.19318],[35.07044,-10.19252],[35.06821,-10.19444],[35.07027,-10.19851],[35.06463,-10.1988],[35.06387,-10.19997],[35.0639,-10.20108],[35.06551,-10.20236],[35.06744,-10.20308],[35.07065,-10.20184],[35.07259,-10.20351],[35.07233,-10.2056],[35.07055,-10.20577],[35.06982,-10.20717],[35.06777,-10.20794],[35.0655,-10.20618],[35.05871,-10.20523],[35.05652,-10.20292],[35.05508,-10.19851],[35.05409,-10.19815],[35.05069,-10.20295],[35.04631,-10.20281],[35.04421,-10.20528],[35.0387,-10.20364],[35.03747,-10.20673],[35.03899,-10.20965],[35.03862,-10.21106],[35.03718,-10.21174],[35.03496,-10.20789],[35.03032,-10.20777],[35.02813,-10.20285],[35.0269,-10.20198],[35.02559,-10.20201],[35.02603,-10.20311],[35.02407,-10.20483],[35.0234,-10.20814],[35.01968,-10.20932],[35.01631,-10.2058],[35.01459,-10.20581],[35.01365,-10.20751],[35.01583,-10.21135],[35.01133,-10.2127],[35.00856,-10.2115],[35.00721,-10.21366],[35.00697,-10.21773],[35.00535,-10.21988],[35.00532,-10.22164],[35.00288,-10.22283],[35.00054,-10.22604],[35.0006,-10.22726],[35.01015,-10.22894],[35.01161,-10.22974],[35.01138,-10.23054],[35.00987,-10.23232],[35.00519,-10.23359],[35.00477,-10.23503],[35.0061,-10.23798],[35.0017,-10.24028],[34.99833,-10.2386],[34.99723,-10.24296],[34.99592,-10.24371],[34.99301,-10.24289],[34.99236,-10.24393],[34.99451,-10.25057],[34.99804,-10.25105],[34.99991,-10.25578],[35.00182,-10.25797],[35.00389,-10.25776],[35.00506,-10.25864],[35.00637,-10.26243],[35.01071,-10.26524],[35.01198,-10.26915],[35.00996,-10.27007],[35.00593,-10.269],[35.00429,-10.27035],[34.99911,-10.26883],[34.99364,-10.27061],[34.99111,-10.26732],[34.99404,-10.2639],[34.99287,-10.26224],[34.98732,-10.26556],[34.98541,-10.26713],[34.98387,-10.27178],[34.98855,-10.27692],[34.98967,-10.27936],[34.98938,-10.28243],[34.9836,-10.28472],[34.98306,-10.28683],[34.98526,-10.28951],[34.98709,-10.2898],[34.98788,-10.29189],[34.98366,-10.29479],[34.98406,-10.29627],[34.98628,-10.29834],[34.99204,-10.29879],[34.99464,-10.29785],[34.99608,-10.2949],[34.99441,-10.28769],[34.99618,-10.28525],[34.99834,-10.28572],[34.99998,-10.29131],[35.00296,-10.29627],[35.00906,-10.30031],[35.01231,-10.30519],[35.01427,-10.31134],[35.01256,-10.31367],[35.00924,-10.31486],[35.00515,-10.31182],[34.99909,-10.31038],[34.9963,-10.31327],[34.9916,-10.31519],[34.9894,-10.31861],[34.98266,-10.31251],[34.97547,-10.31411],[34.97359,-10.31851],[34.97349,-10.32256],[34.97497,-10.32678],[34.97314,-10.32776],[34.97,-10.3261],[34.96797,-10.32673],[34.96052,-10.32481],[34.95697,-10.32825],[34.95462,-10.33378],[34.95204,-10.33455],[34.94973,-10.3338],[34.94948,-10.33803],[34.94521,-10.3424],[34.92547,-10.31949],[34.90581,-10.31283],[34.87954,-10.31503],[34.87696,-10.31326],[34.87288,-10.31401],[34.85582,-10.32106],[34.84985,-10.31989],[34.83994,-10.32694],[34.83907,-10.32572],[34.83688,-10.32715],[34.83577,-10.32493],[34.83389,-10.32447],[34.83034,-10.32764],[34.8224,-10.32744],[34.82225,-10.32919],[34.82406,-10.33051],[34.82417,-10.33184],[34.82231,-10.33375],[34.82036,-10.33315],[34.81749,-10.32648],[34.81488,-10.32299],[34.81395,-10.32245],[34.81269,-10.32422],[34.80914,-10.32187],[34.80832,-10.32246],[34.80913,-10.32453],[34.80775,-10.32628],[34.80908,-10.32874],[34.80633,-10.33],[34.80518,-10.3281],[34.80575,-10.32426],[34.80263,-10.32176],[34.80335,-10.31939],[34.80571,-10.31893],[34.80552,-10.31789],[34.80288,-10.31709],[34.80166,-10.31546],[34.80044,-10.31602],[34.79925,-10.31536],[34.79492,-10.31769],[34.79438,-10.31472],[34.80003,-10.30492],[34.80437,-10.30382],[34.80412,-10.30067],[34.80632,-10.29934],[34.8046,-10.29641],[34.80836,-10.29728],[34.81028,-10.29219],[34.81538,-10.28589],[34.81438,-10.2847],[34.81287,-10.28471],[34.81288,-10.28381],[34.81413,-10.2835],[34.81378,-10.28188],[34.81585,-10.28118],[34.81425,-10.27989],[34.81832,-10.27869],[34.81835,-10.27742],[34.81691,-10.27638],[34.81794,-10.27481],[34.81676,-10.27376],[34.81492,-10.27429],[34.8131,-10.27096],[34.80719,-10.2737],[34.8071,-10.27118],[34.8048,-10.27162],[34.80488,-10.27022],[34.8067,-10.26948],[34.80571,-10.26869],[34.80541,-10.26596],[34.80684,-10.25934],[34.80495,-10.26136],[34.80518,-10.26284],[34.80097,-10.26107],[34.79641,-10.26384],[34.79505,-10.26378],[34.7944,-10.26288],[34.79801,-10.25555],[34.79539,-10.25157],[34.79533,-10.25024],[34.79697,-10.24946],[34.79592,-10.24689],[34.79667,-10.24331],[34.79355,-10.24022],[34.79025,-10.24195],[34.78766,-10.23966],[34.78747,-10.23815],[34.78047,-10.23875],[34.7747,-10.23421],[34.77437,-10.23231],[34.77117,-10.22812],[34.77626,-10.22722],[34.77554,-10.2247],[34.77666,-10.22333],[34.77612,-10.22206],[34.77483,-10.22252],[34.77084,-10.21969],[34.76873,-10.21968],[34.76719,-10.21573],[34.76725,-10.21401],[34.76954,-10.2128],[34.7693,-10.21067],[34.77225,-10.20912],[34.77368,-10.20463],[34.77171,-10.19914],[34.77241,-10.19799],[34.76889,-10.19387],[34.7694,-10.19212],[34.76716,-10.19061],[34.76719,-10.18887],[34.77207,-10.18987],[34.77497,-10.18797],[34.77593,-10.186],[34.77865,-10.18507],[34.77715,-10.18022],[34.77541,-10.1801],[34.77292,-10.17803],[34.77093,-10.1756],[34.77072,-10.17382],[34.77415,-10.17029],[34.77713,-10.17056],[34.7747,-10.16816],[34.77457,-10.16588],[34.77314,-10.16503],[34.77008,-10.1641],[34.76698,-10.16501],[34.76632,-10.16438],[34.76832,-10.159],[34.76923,-10.15847],[34.76983,-10.1598],[34.77119,-10.15856],[34.76766,-10.15541],[34.76656,-10.15137],[34.76026,-10.14949],[34.76239,-10.14633],[34.76098,-10.14474],[34.76265,-10.14144],[34.76249,-10.13974],[34.7579,-10.13549],[34.75839,-10.13392],[34.75693,-10.13151],[34.75861,-10.12853],[34.75655,-10.12533],[34.75436,-10.12393],[34.75456,-10.12054],[34.75275,-10.11962],[34.75175,-10.11756],[34.7501,-10.11778],[34.74999,-10.11558],[34.75182,-10.11112],[34.74902,-10.11335],[34.74733,-10.11278],[34.74724,-10.10853],[34.74892,-10.10682],[34.7493,-10.10475],[34.74645,-10.10047],[34.74322,-10.10041],[34.74228,-10.09749],[34.74484,-10.09264],[34.74408,-10.09031],[34.74659,-10.08653],[34.74813,-10.08589],[34.7464,-10.08396],[34.74778,-10.08194],[34.75063,-10.08244],[34.75453,-10.08034],[34.75433,-10.07898],[34.75791,-10.07633],[34.76203,-10.075],[34.76352,-10.07379],[34.76349,-10.07235],[34.76524,-10.06986],[34.76698,-10.07011],[34.77447,-10.06592],[34.77407,-10.06487],[34.77159,-10.06398],[34.77252,-10.06322],[34.77191,-10.06066],[34.77009,-10.05791],[34.77276,-10.05666],[34.77311,-10.05187],[34.7755,-10.05147],[34.77318,-10.04982],[34.77494,-10.04799],[34.77477,-10.046],[34.77262,-10.04442],[34.77393,-10.04088],[34.77583,-10.04024],[34.77784,-10.04351],[34.77885,-10.0437],[34.78384,-10.03865],[34.79355,-10.03746],[34.80947,-10.04339],[34.8202,-10.04188],[34.82584,-10.03679],[34.83235,-10.03589],[34.83972,-10.03939],[34.84739,-10.03159],[34.87221,-10.02526],[34.95074,-10.0386]]]},"properties":{"region":"Njombe","district":"Ludewa","ward":"Ibumi","ward_code":"121"}},{"type":"Feature","geometry":{"type":"Polygon","coordinates":[[[34.64706,-9.82211],[34.65331,-9.8228],[34.65451,-9.82375],[34.6577,-9.82297],[34.66467,-9.82468],[34.67458,-9.82886],[34.67732,-9.82814],[34.68013,-9.82876],[34.68149,-9.8313],[34.68396,-9.83067],[34.68766,-9.83164],[34.68775,-9.83316],[34.69393,-9.83585],[34.69672,-9.83518],[34.70159,-9.8377],[34.70348,-9.83762],[34.71222,-9.84125],[34.71804,-9.84194],[34.72316,-9.84442],[34.72845,-9.84412],[34.73287,-9.84128],[34.7383,-9.84304],[34.74855,-9.84863],[34.757,-9.85153],[34.7671,-9.85181],[34.77513,-9.85423],[34.78193,-9.8596],[34.78175,-9.86136],[34.78428,-9.86155],[34.78493,-9.86391],[34.78561,-9.86356],[34.78473,-9.86599],[34.78978,-9.86812],[34.79246,-9.86827],[34.794,-9.87053],[34.79301,-9.87203],[34.79364,-9.87161],[34.80121,-9.87599],[34.80395,-9.87658],[34.80398,-9.87799],[34.80576,-9.87907],[34.80571,-9.87837],[34.80797,-9.87852],[34.80808,-9.88001],[34.80897,-9.88044],[34.8097,-9.87962],[34.81031,-9.88223],[34.8125,-9.88333],[34.81156,-9.88423],[34.81058,-9.88333],[34.80902,-9.88469],[34.80702,-9.88373],[34.80412,-9.88844],[34.80346,-9.88777],[34.80212,-9.88928],[34.79995,-9.88861],[34.79899,-9.89001],[34.79986,-9.89125],[34.79919,-9.89412],[34.79983,-9.89538],[34.80443,-9.89642],[34.80475,-9.89745],[34.80221,-9.89698],[34.80253,-9.89812],[34.80115,-9.89927],[34.80119,-9.90006],[34.80294,-9.90015],[34.80149,-9.90148],[34.80283,-9.90327],[34.78911,-9.90393],[34.77399,-9.90072],[34.76816,-9.90049],[34.76645,-9.90122],[34.75395,-9.89976],[34.73442,-9.89288],[34.72282,-9.88651],[34.71697,-9.88538],[34.70394,-9.88487],[34.70006,-9.88356],[34.69714,-9.88005],[34.6942,-9.87846],[34.69036,-9.87193],[34.68712,-9.8701],[34.67813,-9.86911],[34.67666,-9.86978],[34.67661,-9.87227],[34.67282,-9.87476],[34.66605,-9.87272],[34.66152,-9.87025],[34.65916,-9.8702],[34.65682,-9.8693],[34.65165,-9.86461],[34.64271,-9.86135],[34.64266,-9.8445],[34.64193,-9.84182],[34.6434,-9.84083],[34.64463,-9.838],[34.6432,-9.83733],[34.64241,-9.83412],[34.64251,-9.82197],[34.64636,-9.82105],[34.64706,-9.82211]]]},"properties":{"region":"Njombe","district":"Ludewa","ward":"Mkongobaki","ward_code":"231"}},{"type":"Feature","geometry":{"type":"Polygon","coordinates":[[[34.34178,-9.52011],[34.34733,-9.52401],[34.3595,-9.52428],[34.36345,-9.5321],[34.36697,-9.53476],[34.36887,-9.53553],[34.37373,-9.53478],[34.42147,-9.5553],[34.43336,-9.55903],[34.43469,-9.55854],[34.43521,-9.56061],[34.43221,-9.56379],[34.43218,-9.56539],[34.42864,-9.56813],[34.42233,-9.56799],[34.41987,-9.57557],[34.4171,-9.57637],[34.41713,-9.57802],[34.4124,-9.58153],[34.41194,-9.5832],[34.41034,-9.58348],[34.40996,-9.5846],[34.41039,-9.58621],[34.41312,-9.58655],[34.41563,-9.59115],[34.41787,-9.59165],[34.41899,-9.59305],[34.41935,-9.59632],[34.42252,-9.6009],[34.42103,-9.60579],[34.42188,-9.61],[34.42008,-9.61128],[34.4208,-9.61324],[34.4199,-9.61296],[34.41651,-9.61791],[34.41694,-9.62061],[34.41573,-9.62384],[34.41829,-9.62731],[34.41857,-9.63127],[34.42129,-9.63186],[34.42381,-9.63517],[34.42345,-9.63687],[34.42533,-9.64249],[34.40541,-9.67218],[34.4069,-9.69031],[34.37425,-9.6954],[34.34346,-9.71549],[34.32947,-9.70914],[34.32405,-9.69725],[34.30784,-9.69138],[34.29483,-9.67892],[34.27084,-9.66399],[34.24213,-9.627],[34.23243,-9.6226],[34.23156,-9.61325],[34.22057,-9.60939],[34.21878,-9.59501],[34.20329,-9.59524],[34.19203,-9.58572],[34.18451,-9.57241],[34.18309,-9.55785],[34.18921,-9.55807],[34.19324,-9.56538],[34.19719,-9.56275],[34.20111,-9.56809],[34.2056,-9.56732],[34.20592,-9.5695],[34.20841,-9.56921],[34.20987,-9.57058],[34.20956,-9.57209],[34.21259,-9.57174],[34.21376,-9.57038],[34.21614,-9.57105],[34.21685,-9.5733],[34.21839,-9.57428],[34.21955,-9.57188],[34.22293,-9.57589],[34.22555,-9.57525],[34.22538,-9.57916],[34.22804,-9.57845],[34.23024,-9.58098],[34.23204,-9.57837],[34.23825,-9.57937],[34.23884,-9.57707],[34.23784,-9.57629],[34.24,-9.57531],[34.24339,-9.5768],[34.24375,-9.57434],[34.24625,-9.57065],[34.24764,-9.57136],[34.24955,-9.56943],[34.24775,-9.5685],[34.24973,-9.56595],[34.25113,-9.56469],[34.25198,-9.56527],[34.25496,-9.56239],[34.25487,-9.56328],[34.25651,-9.56394],[34.26124,-9.55833],[34.26343,-9.5584],[34.26949,-9.55521],[34.26986,-9.55596],[34.2708,-9.55515],[34.2724,-9.55556],[34.27308,-9.55428],[34.27389,-9.555],[34.27477,-9.554],[34.27568,-9.5546],[34.27946,-9.55305],[34.28142,-9.55364],[34.28232,-9.55211],[34.28372,-9.55268],[34.28819,-9.5493],[34.28894,-9.54768],[34.29414,-9.54492],[34.29647,-9.54474],[34.2992,-9.5463],[34.30291,-9.54225],[34.30244,-9.54111],[34.30427,-9.53991],[34.30416,-9.53867],[34.30628,-9.54056],[34.31064,-9.54027],[34.31177,-9.53393],[34.31342,-9.53226],[34.31418,-9.52825],[34.31495,-9.52805],[34.31602,-9.52964],[34.31688,-9.52839],[34.31843,-9.52843],[34.31854,-9.52752],[34.32112,-9.52772],[34.32327,-9.52668],[34.32408,-9.52553],[34.32749,-9.52451],[34.32844,-9.52337],[34.3278,-9.52209],[34.33128,-9.51991],[34.33579,-9.51954],[34.33765,-9.5205],[34.33942,-9.52004],[34.34149,-9.51741],[34.34178,-9.52011]]]},"properties":{"region":"Njombe","district":"Makete","ward":"Lupila","ward_code":"041"}},{"type":"Feature","geometry":{"type":"Polygon","coordinates":[[[34.26884,-9.40849],[34.27141,-9.40782],[34.27181,-9.4089],[34.27387,-9.41501],[34.27325,-9.4167],[34.27456,-9.41866],[34.27317,-9.42222],[34.27495,-9.42245],[34.27363,-9.42345],[34.27447,-9.42569],[34.27344,-9.42668],[34.27634,-9.42824],[34.27607,-9.43048],[34.27732,-9.43149],[34.27652,-9.43346],[34.27745,-9.43331],[34.27715,-9.43427],[34.2792,-9.43668],[34.27858,-9.43717],[34.2796,-9.43713],[34.27914,-9.4388],[34.28016,-9.44068],[34.2796,-9.44132],[34.2788,-9.44067],[34.27755,-9.44233],[34.27723,-9.44599],[34.27602,-9.44566],[34.27404,-9.44716],[34.27379,-9.45033],[34.27471,-9.45201],[34.27356,-9.45339],[34.27462,-9.4571],[34.27304,-9.45875],[34.27427,-9.45921],[34.27427,-9.46041],[34.2733,-9.46024],[34.27392,-9.46104],[34.27317,-9.46184],[34.2707,-9.46129],[34.27045,-9.46222],[34.26977,-9.46192],[34.27096,-9.46373],[34.27022,-9.4639],[34.27008,-9.46568],[34.27121,-9.4663],[34.26986,-9.46759],[34.27014,-9.47011],[34.26727,-9.47312],[34.26622,-9.47196],[34.26409,-9.47264],[34.26397,-9.47635],[34.25514,-9.48461],[34.25006,-9.4857],[34.24752,-9.48776],[34.2463,-9.4916],[34.24487,-9.49243],[34.24585,-9.49484],[34.24277,-9.49897],[34.23988,-9.5003],[34.23742,-9.50521],[34.23434,-9.50791],[34.23354,-9.51116],[34.2289,-9.51796],[34.22714,-9.51895],[34.22593,-9.51751],[34.22448,-9.51738],[34.22161,-9.51904],[34.2201,-9.51764],[34.21767,-9.51877],[34.21474,-9.51859],[34.21393,-9.52046],[34.21423,-9.52437],[34.21081,-9.52842],[34.20941,-9.52822],[34.20832,-9.53024],[34.20535,-9.53134],[34.20602,-9.53687],[34.20148,-9.53896],[34.19796,-9.54235],[34.19302,-9.54365],[34.18665,-9.55086],[34.18309,-9.55785],[34.14978,-9.55004],[34.12277,-9.52562],[34.09107,-9.50972],[34.08908,-9.48927],[34.09505,-9.48602],[34.10238,-9.4836],[34.10849,-9.4766],[34.11179,-9.48032],[34.11566,-9.48092],[34.11707,-9.47965],[34.11952,-9.47947],[34.12505,-9.48309],[34.12631,-9.48153],[34.12938,-9.48233],[34.13128,-9.48048],[34.13224,-9.48167],[34.14281,-9.48167],[34.14308,-9.48333],[34.14401,-9.48357],[34.14548,-9.48272],[34.14655,-9.47945],[34.14572,-9.47479],[34.14449,-9.47457],[34.14441,-9.47364],[34.14596,-9.47269],[34.14525,-9.47095],[34.14679,-9.4696],[34.14684,-9.46781],[34.14888,-9.46719],[34.14984,-9.46538],[34.15331,-9.46444],[34.15182,-9.46149],[34.15669,-9.4587],[34.15708,-9.45591],[34.15874,-9.45508],[34.15965,-9.45232],[34.15832,-9.4505],[34.16002,-9.44797],[34.15932,-9.44167],[34.16042,-9.44113],[34.16025,-9.43951],[34.16322,-9.43884],[34.16324,-9.4374],[34.16618,-9.43442],[34.16915,-9.43386],[34.173,-9.43099],[34.17343,-9.42738],[34.17185,-9.42477],[34.17093,-9.41832],[34.17284,-9.41493],[34.17657,-9.41315],[34.17749,-9.40772],[34.17879,-9.40572],[34.18932,-9.41549],[34.1939,-9.41547],[34.1956,-9.41399],[34.19877,-9.41551],[34.20236,-9.41504],[34.20909,-9.41644],[34.21177,-9.42082],[34.2138,-9.42051],[34.22162,-9.4154],[34.22482,-9.41069],[34.22809,-9.40784],[34.22762,-9.40433],[34.23999,-9.40325],[34.24336,-9.40186],[34.24864,-9.40202],[34.25136,-9.40331],[34.25741,-9.40367],[34.26432,-9.40795],[34.26884,-9.40849]]]},"properties":{"region":"Njombe","district":"Makete","ward":"Ukwama","ward_code":"051"}},{"type":"Feature","geometry":{"type":"Polygon","coordinates":[[[34.32218,-9.40964],[34.3266,-9.42103],[34.33385,-9.43116],[34.35242,-9.46274],[34.36134,-9.48059],[34.36451,-9.48243],[34.36973,-9.48364],[34.38346,-9.50734],[34.39228,-9.51176],[34.41036,-9.51626],[34.41637,-9.51602],[34.42413,-9.52102],[34.43632,-9.52613],[34.43571,-9.52886],[34.4365,-9.53198],[34.43299,-9.53353],[34.43368,-9.53513],[34.4315,-9.53903],[34.43253,-9.53977],[34.43158,-9.5424],[34.43383,-9.54265],[34.43339,-9.54436],[34.43472,-9.5449],[34.43276,-9.54819],[34.43299,-9.55038],[34.43242,-9.54994],[34.43306,-9.55313],[34.43219,-9.55616],[34.43336,-9.55903],[34.42147,-9.5553],[34.37373,-9.53478],[34.36887,-9.53553],[34.36697,-9.53476],[34.36345,-9.5321],[34.3595,-9.52428],[34.34733,-9.52401],[34.34178,-9.52011],[34.34149,-9.51741],[34.33942,-9.52004],[34.33765,-9.5205],[34.33445,-9.51944],[34.32908,-9.52064],[34.3278,-9.52209],[34.32844,-9.52337],[34.32749,-9.52451],[34.32408,-9.52553],[34.32112,-9.52772],[34.31854,-9.52752],[34.31843,-9.52843],[34.31688,-9.52839],[34.31602,-9.52964],[34.31495,-9.52805],[34.31418,-9.52825],[34.31342,-9.53226],[34.31177,-9.53393],[34.31064,-9.54027],[34.30628,-9.54056],[34.30416,-9.53867],[34.30427,-9.53991],[34.30244,-9.54111],[34.30291,-9.54225],[34.2992,-9.5463],[34.29647,-9.54474],[34.29414,-9.54492],[34.28894,-9.54768],[34.28819,-9.5493],[34.28372,-9.55268],[34.28232,-9.55211],[34.28142,-9.55364],[34.27946,-9.55305],[34.27568,-9.5546],[34.27477,-9.554],[34.27389,-9.555],[34.27308,-9.55428],[34.2724,-9.55556],[34.2708,-9.55515],[34.26986,-9.55596],[34.26949,-9.55521],[34.26343,-9.5584],[34.26124,-9.55833],[34.25651,-9.56394],[34.25487,-9.56328],[34.25496,-9.56239],[34.25198,-9.56527],[34.25113,-9.56469],[34.24973,-9.56595],[34.24775,-9.5685],[34.24955,-9.56943],[34.24764,-9.57136],[34.24625,-9.57065],[34.24375,-9.57434],[34.24339,-9.5768],[34.24,-9.57531],[34.23784,-9.57629],[34.23884,-9.57707],[34.23825,-9.57937],[34.23204,-9.57837],[34.23024,-9.58098],[34.22804,-9.57845],[34.22538,-9.57916],[34.22555,-9.57525],[34.22293,-9.57589],[34.21955,-9.57188],[34.21839,-9.57428],[34.21685,-9.5733],[34.21614,-9.57105],[34.21376,-9.57038],[34.21259,-9.57174],[34.20956,-9.57209],[34.20987,-9.57058],[34.20841,-9.56921],[34.20592,-9.5695],[34.2056,-9.56732],[34.20111,-9.56809],[34.19719,-9.56275],[34.19324,-9.56538],[34.18921,-9.55807],[34.18309,-9.55784],[34.18665,-9.55086],[34.19302,-9.54365],[34.19796,-9.54235],[34.20148,-9.53896],[34.20602,-9.53687],[34.20535,-9.53134],[34.20832,-9.53024],[34.20941,-9.52822],[34.21081,-9.52842],[34.21423,-9.52437],[34.21393,-9.52046],[34.21474,-9.51859],[34.21767,-9.51877],[34.2201,-9.51764],[34.22161,-9.51904],[34.22448,-9.51738],[34.22593,-9.51751],[34.22714,-9.51895],[34.2289,-9.51796],[34.23354,-9.51116],[34.23434,-9.50791],[34.23742,-9.50521],[34.23988,-9.5003],[34.24277,-9.49897],[34.24585,-9.49484],[34.24487,-9.49243],[34.2463,-9.4916],[34.24752,-9.48776],[34.25006,-9.4857],[34.25514,-9.48461],[34.26397,-9.47635],[34.26409,-9.47264],[34.26622,-9.47196],[34.26727,-9.47312],[34.27014,-9.47011],[34.26986,-9.46759],[34.27121,-9.4663],[34.27008,-9.46568],[34.27022,-9.4639],[34.27096,-9.46373],[34.26977,-9.46192],[34.27045,-9.46222],[34.2707,-9.46129],[34.27317,-9.46184],[34.27392,-9.46104],[34.2733,-9.46024],[34.27427,-9.46041],[34.27427,-9.45921],[34.27304,-9.45875],[34.27462,-9.4571],[34.27356,-9.45339],[34.27471,-9.45201],[34.27379,-9.45033],[34.27404,-9.44716],[34.27602,-9.44566],[34.27723,-9.44599],[34.27755,-9.44233],[34.2788,-9.44067],[34.2796,-9.44132],[34.28016,-9.44068],[34.27914,-9.4388],[34.2796,-9.43713],[34.27858,-9.43717],[34.2792,-9.43668],[34.27715,-9.43427],[34.27745,-9.43331],[34.27652,-9.43346],[34.27732,-9.43149],[34.27607,-9.43048],[34.27634,-9.42824],[34.27344,-9.42668],[34.27447,-9.42569],[34.27363,-9.42345],[34.27495,-9.42245],[34.27317,-9.42222],[34.27456,-9.41866],[34.276,-9.41947],[34.27637,-9.41829],[34.28523,-9.41229],[34.28853,-9.41215],[34.29412,-9.41378],[34.30211,-9.41142],[34.31018,-9.41661],[34.31704,-9.41414],[34.32218,-9.40964]]]},"properties":{"region":"Njombe","district":"Makete","ward":"Ipepo","ward_code":"161"}},{"type":"Feature","geometry":{"type":"Polygon","coordinates":[[[34.39987,-9.34449],[34.41518,-9.35431],[34.42869,-9.35891],[34.43185,-9.36492],[34.43533,-9.37599],[34.43933,-9.38056],[34.4471,-9.3961],[34.45335,-9.40519],[34.45877,-9.41886],[34.46615,-9.43285],[34.47569,-9.43955],[34.4738,-9.44617],[34.47423,-9.45066],[34.48456,-9.466],[34.47544,-9.47764],[34.47107,-9.48961],[34.46425,-9.4965],[34.46152,-9.50192],[34.46144,-9.50488],[34.45115,-9.51603],[34.45191,-9.51871],[34.45022,-9.51872],[34.44918,-9.52082],[34.45027,-9.52295],[34.44845,-9.523],[34.44775,-9.524],[34.44341,-9.52331],[34.44173,-9.5246],[34.43906,-9.52381],[34.43904,-9.52683],[34.43669,-9.52703],[34.43632,-9.52613],[34.42901,-9.5234],[34.41637,-9.51602],[34.41036,-9.51626],[34.39228,-9.51176],[34.38346,-9.50734],[34.36973,-9.48364],[34.36451,-9.48243],[34.36134,-9.48059],[34.35242,-9.46274],[34.33385,-9.43116],[34.3266,-9.42103],[34.32226,-9.40968],[34.35022,-9.41084],[34.36352,-9.39678],[34.3703,-9.39248],[34.37577,-9.38681],[34.3809,-9.38779],[34.39125,-9.38273],[34.39241,-9.3789],[34.39944,-9.36786],[34.39702,-9.36461],[34.39718,-9.35912],[34.40095,-9.3494],[34.39848,-9.34533],[34.39987,-9.34449]]]},"properties":{"region":"Njombe","district":"Makete","ward":"Mbalatse","ward_code":"171"}},{"type":"Feature","geometry":{"type":"Polygon","coordinates":[[[34.1492,-9.24196],[34.15077,-9.24345],[34.15282,-9.2431],[34.15535,-9.24538],[34.1604,-9.24557],[34.16118,-9.24468],[34.16574,-9.24485],[34.16966,-9.24328],[34.17155,-9.24353],[34.17344,-9.24728],[34.18099,-9.25633],[34.19159,-9.26063],[34.19667,-9.26406],[34.19943,-9.27056],[34.20052,-9.27985],[34.20326,-9.28423],[34.20715,-9.28778],[34.21454,-9.29105],[34.21458,-9.29257],[34.22227,-9.29378],[34.22149,-9.29617],[34.22427,-9.3012],[34.22088,-9.304],[34.22058,-9.30785],[34.21729,-9.31269],[34.21122,-9.31516],[34.20584,-9.32941],[34.20256,-9.33179],[34.20444,-9.3327],[34.20485,-9.33377],[34.20399,-9.33498],[34.20581,-9.33727],[34.20623,-9.34007],[34.20591,-9.34545],[34.20244,-9.35014],[34.20275,-9.35292],[34.20383,-9.35397],[34.20194,-9.35607],[34.20344,-9.35871],[34.20206,-9.3602],[34.20232,-9.36197],[34.20167,-9.36166],[34.20064,-9.363],[34.19886,-9.36212],[34.19784,-9.36272],[34.19546,-9.36672],[34.1937,-9.36706],[34.19355,-9.36817],[34.19011,-9.37114],[34.18475,-9.37225],[34.18048,-9.37491],[34.17955,-9.37804],[34.17779,-9.37713],[34.17164,-9.37757],[34.17446,-9.37993],[34.17594,-9.3828],[34.17529,-9.38549],[34.17734,-9.38677],[34.17858,-9.38923],[34.17902,-9.39531],[34.17791,-9.39757],[34.17983,-9.40067],[34.17657,-9.41315],[34.17284,-9.41493],[34.17093,-9.41832],[34.17192,-9.42372],[34.16667,-9.41208],[34.16264,-9.39872],[34.1559,-9.38767],[34.15133,-9.38127],[34.14807,-9.37865],[34.12148,-9.34706],[34.11932,-9.34305],[34.11864,-9.34322],[34.11552,-9.33783],[34.11006,-9.32333],[34.08988,-9.29652],[34.09423,-9.29554],[34.09679,-9.29627],[34.10214,-9.30008],[34.1155,-9.30187],[34.12045,-9.30158],[34.12476,-9.29973],[34.12816,-9.29942],[34.13031,-9.30177],[34.13365,-9.30236],[34.13914,-9.3004],[34.14173,-9.29],[34.14218,-9.28363],[34.14389,-9.28128],[34.14369,-9.27792],[34.14608,-9.27562],[34.14488,-9.27321],[34.14622,-9.27217],[34.14812,-9.26727],[34.14673,-9.26408],[34.14748,-9.25801],[34.14593,-9.25205],[34.14755,-9.24967],[34.1492,-9.24196]]]},"properties":{"region":"Njombe","district":"Makete","ward":"Lupalilo","ward_code":"011"}},{"type":"Feature","geometry":{"type":"Polygon","coordinates":[[[34.13236,-9.14692],[34.15443,-9.17268],[34.16322,-9.17651],[34.17142,-9.17805],[34.17747,-9.18029],[34.15076,-9.22698],[34.1431,-9.23445],[34.1492,-9.24196],[34.14755,-9.24967],[34.14593,-9.25205],[34.14748,-9.25801],[34.14673,-9.26408],[34.14812,-9.26727],[34.14622,-9.27217],[34.14488,-9.27321],[34.14608,-9.27562],[34.14369,-9.27792],[34.14389,-9.28128],[34.14218,-9.28363],[34.14173,-9.29],[34.13914,-9.3004],[34.13365,-9.30236],[34.13031,-9.30177],[34.12816,-9.29942],[34.12476,-9.29973],[34.12045,-9.30158],[34.1155,-9.30187],[34.10214,-9.30008],[34.09679,-9.29627],[34.09423,-9.29554],[34.08988,-9.29652],[34.08487,-9.29352],[34.08768,-9.29149],[34.08715,-9.29102],[34.07064,-9.28339],[34.067,-9.28069],[34.0657,-9.27792],[34.06651,-9.27156],[34.06556,-9.26983],[34.06643,-9.2684],[34.06509,-9.2653],[34.06775,-9.26434],[34.06949,-9.26533],[34.07035,-9.26748],[34.07236,-9.2682],[34.07636,-9.26419],[34.07848,-9.2639],[34.07951,-9.25901],[34.0822,-9.25585],[34.08195,-9.25034],[34.08066,-9.24994],[34.08025,-9.24758],[34.0814,-9.24499],[34.07999,-9.24305],[34.08202,-9.23872],[34.07922,-9.23795],[34.07832,-9.23652],[34.07664,-9.23696],[34.07603,-9.23389],[34.0753,-9.2346],[34.07225,-9.23239],[34.0735,-9.22939],[34.07046,-9.22799],[34.0708,-9.2269],[34.06922,-9.22423],[34.06922,-9.22338],[34.07034,-9.22323],[34.06742,-9.22087],[34.06835,-9.21887],[34.0698,-9.21934],[34.06912,-9.21805],[34.06778,-9.21784],[34.06754,-9.21681],[34.06881,-9.21624],[34.06776,-9.21412],[34.06992,-9.21527],[34.07105,-9.21302],[34.07014,-9.2125],[34.07003,-9.20812],[34.06874,-9.20707],[34.0688,-9.20584],[34.06969,-9.20578],[34.06917,-9.20457],[34.07148,-9.20426],[34.06931,-9.20245],[34.07134,-9.19958],[34.06924,-9.19688],[34.07185,-9.19567],[34.07226,-9.19659],[34.07425,-9.1948],[34.07443,-9.19274],[34.07642,-9.19191],[34.07735,-9.18789],[34.07607,-9.18787],[34.07661,-9.18635],[34.0755,-9.186],[34.07628,-9.18461],[34.07513,-9.1837],[34.07614,-9.18347],[34.07315,-9.18129],[34.07425,-9.17916],[34.07329,-9.17984],[34.07266,-9.17854],[34.07236,-9.17947],[34.0716,-9.1789],[34.07043,-9.17968],[34.06877,-9.17646],[34.06735,-9.1752],[34.06653,-9.17589],[34.0661,-9.17321],[34.06249,-9.17184],[34.06195,-9.17257],[34.06194,-9.17162],[34.05888,-9.17085],[34.05841,-9.16805],[34.06037,-9.16806],[34.05927,-9.16699],[34.06574,-9.16621],[34.07841,-9.1527],[34.10898,-9.13293],[34.1159,-9.13569],[34.11883,-9.13857],[34.13236,-9.14692]]]},"properties":{"region":"Njombe","district":"Makete","ward":"Iwawa","ward_code":"023"}},{"type":"Feature","geometry":{"type":"Polygon","coordinates":[[[34.22254,-9.2046],[34.23064,-9.20412],[34.24037,-9.19967],[34.24824,-9.19895],[34.25082,-9.20168],[34.2537,-9.20168],[34.26174,-9.2043],[34.26694,-9.20398],[34.2773,-9.20893],[34.28529,-9.21399],[34.28307,-9.22441],[34.27473,-9.2398],[34.27586,-9.24332],[34.27969,-9.24839],[34.28147,-9.24992],[34.28759,-9.2508],[34.30084,-9.25609],[34.30225,-9.25822],[34.30245,-9.2618],[34.30581,-9.26668],[34.31017,-9.26937],[34.31804,-9.26863],[34.32043,-9.26981],[34.3223,-9.27354],[34.32261,-9.28026],[34.3257,-9.29589],[34.33002,-9.2977],[34.34197,-9.29947],[34.35431,-9.30768],[34.3802,-9.32848],[34.38182,-9.33156],[34.39269,-9.33829],[34.39987,-9.34449],[34.39848,-9.34533],[34.40095,-9.3494],[34.39744,-9.35755],[34.39702,-9.36461],[34.39944,-9.36786],[34.39241,-9.3789],[34.39125,-9.38273],[34.3809,-9.38779],[34.37577,-9.38681],[34.3703,-9.39248],[34.36352,-9.39678],[34.35022,-9.41084],[34.32218,-9.40964],[34.31704,-9.41414],[34.31018,-9.41661],[34.30211,-9.41142],[34.29412,-9.41378],[34.28853,-9.41215],[34.28523,-9.41229],[34.27637,-9.41829],[34.276,-9.41947],[34.27456,-9.41866],[34.27325,-9.4167],[34.27387,-9.41501],[34.26855,-9.39993],[34.26484,-9.39519],[34.26165,-9.38674],[34.26379,-9.37334],[34.2647,-9.3592],[34.26389,-9.34935],[34.26233,-9.34518],[34.26175,-9.33583],[34.25756,-9.33002],[34.24989,-9.32616],[34.24578,-9.30824],[34.24449,-9.30598],[34.24131,-9.30266],[34.2336,-9.29751],[34.22712,-9.29492],[34.21458,-9.29257],[34.21454,-9.29105],[34.20715,-9.28778],[34.20326,-9.28423],[34.20052,-9.27985],[34.19943,-9.27056],[34.19667,-9.26406],[34.19159,-9.26063],[34.18099,-9.25633],[34.17344,-9.24728],[34.17155,-9.24353],[34.16966,-9.24328],[34.16574,-9.24485],[34.16118,-9.24468],[34.1604,-9.24557],[34.15535,-9.24538],[34.15282,-9.2431],[34.15077,-9.24345],[34.1431,-9.23445],[34.15076,-9.22698],[34.17747,-9.18029],[34.18543,-9.18416],[34.19167,-9.18511],[34.19601,-9.18723],[34.21233,-9.19911],[34.22254,-9.2046]]]},"properties":{"region":"Njombe","district":"Makete","ward":"Mang'oto","ward_code":"031"}},{"type":"Feature","geometry":{"type":"Polygon","coordinates":[[[34.24989,-9.32616],[34.25756,-9.33002],[34.26175,-9.33583],[34.26233,-9.34518],[34.26389,-9.34935],[34.2647,-9.3592],[34.26379,-9.37334],[34.26165,-9.38674],[34.26484,-9.39519],[34.26855,-9.39993],[34.27141,-9.40782],[34.26969,-9.40862],[34.26432,-9.40795],[34.25741,-9.40367],[34.25136,-9.40331],[34.24864,-9.40202],[34.24336,-9.40186],[34.23999,-9.40325],[34.22762,-9.40433],[34.22809,-9.40784],[34.22482,-9.41069],[34.22408,-9.41279],[34.22029,-9.41658],[34.21319,-9.42083],[34.21177,-9.42082],[34.20909,-9.41644],[34.20236,-9.41504],[34.19877,-9.41551],[34.1956,-9.41399],[34.1939,-9.41547],[34.19171,-9.41566],[34.18792,-9.41454],[34.17879,-9.40572],[34.17983,-9.40067],[34.17791,-9.39757],[34.17902,-9.39531],[34.17858,-9.38923],[34.17734,-9.38677],[34.17529,-9.38549],[34.17594,-9.3828],[34.17446,-9.37993],[34.17164,-9.37757],[34.17779,-9.37713],[34.17955,-9.37804],[34.18048,-9.37491],[34.18475,-9.37225],[34.19011,-9.37114],[34.19355,-9.36817],[34.1937,-9.36706],[34.19546,-9.36672],[34.19784,-9.36272],[34.19886,-9.36212],[34.20064,-9.363],[34.20167,-9.36166],[34.20232,-9.36197],[34.20206,-9.3602],[34.20344,-9.35871],[34.20194,-9.35607],[34.20383,-9.35397],[34.20275,-9.35292],[34.20244,-9.35014],[34.20591,-9.34545],[34.20623,-9.34007],[34.20581,-9.33727],[34.20399,-9.33498],[34.20485,-9.33377],[34.20444,-9.3327],[34.20256,-9.33179],[34.20584,-9.32941],[34.21122,-9.31516],[34.21729,-9.31269],[34.22058,-9.30785],[34.22088,-9.304],[34.22427,-9.3012],[34.22149,-9.29617],[34.22227,-9.29378],[34.2336,-9.29751],[34.24131,-9.30266],[34.24449,-9.30598],[34.24578,-9.30824],[34.24989,-9.32616]]]},"properties":{"region":"Njombe","district":"Makete","ward":"Tandala","ward_code":"183"}},{"type":"Feature","geometry":{"type":"Polygon","coordinates":[[[34.05095,-9.16779],[34.05219,-9.16784],[34.0532,-9.16919],[34.05351,-9.16848],[34.05495,-9.16937],[34.0544,-9.17046],[34.05801,-9.17116],[34.05767,-9.16963],[34.05861,-9.16931],[34.05888,-9.17085],[34.06194,-9.17162],[34.06195,-9.17257],[34.06249,-9.17184],[34.06531,-9.17264],[34.06588,-9.17442],[34.06675,-9.17418],[34.06653,-9.17589],[34.06735,-9.1752],[34.06877,-9.17646],[34.07043,-9.17968],[34.0716,-9.1789],[34.07236,-9.17947],[34.07266,-9.17854],[34.07329,-9.17984],[34.0741,-9.17903],[34.07396,-9.18091],[34.07315,-9.18129],[34.07614,-9.18347],[34.07513,-9.1837],[34.07628,-9.18461],[34.0755,-9.186],[34.07661,-9.18635],[34.07607,-9.18787],[34.07735,-9.18789],[34.07642,-9.19191],[34.07443,-9.19274],[34.07425,-9.1948],[34.07226,-9.19659],[34.07185,-9.19567],[34.06924,-9.19688],[34.07134,-9.19958],[34.06931,-9.20245],[34.07148,-9.20426],[34.06917,-9.20457],[34.06969,-9.20578],[34.0688,-9.20584],[34.06874,-9.20707],[34.07003,-9.20812],[34.07014,-9.2125],[34.07105,-9.21302],[34.06992,-9.21527],[34.06776,-9.21412],[34.06881,-9.21624],[34.06754,-9.21681],[34.06778,-9.21784],[34.06912,-9.21805],[34.0698,-9.21934],[34.06835,-9.21887],[34.06742,-9.22087],[34.07034,-9.22323],[34.06922,-9.22338],[34.06922,-9.22423],[34.0708,-9.2269],[34.07046,-9.22799],[34.0735,-9.22939],[34.07225,-9.23239],[34.0753,-9.2346],[34.07603,-9.23389],[34.07664,-9.23696],[34.07832,-9.23652],[34.07922,-9.23795],[34.08202,-9.23872],[34.07999,-9.24305],[34.0814,-9.24499],[34.08025,-9.24758],[34.08066,-9.24994],[34.08195,-9.25034],[34.08236,-9.25375],[34.0822,-9.25585],[34.07887,-9.26063],[34.07848,-9.2639],[34.07636,-9.26419],[34.07236,-9.2682],[34.07035,-9.26748],[34.06857,-9.26472],[34.06581,-9.26475],[34.06603,-9.2631],[34.06314,-9.26081],[34.05822,-9.25347],[34.05299,-9.25564],[34.04691,-9.25525],[34.04361,-9.25079],[34.04109,-9.24348],[34.03692,-9.2392],[34.02683,-9.22437],[34.02001,-9.21834],[34.01816,-9.21536],[34.01783,-9.21327],[34.02202,-9.21327],[34.02347,-9.21427],[34.0308,-9.21402],[34.03517,-9.21161],[34.03279,-9.20991],[34.03327,-9.20608],[34.03508,-9.20209],[34.03475,-9.19913],[34.03689,-9.19531],[34.03525,-9.19025],[34.03675,-9.1863],[34.0352,-9.18417],[34.03459,-9.18023],[34.0357,-9.17585],[34.0383,-9.17609],[34.03913,-9.16784],[34.03963,-9.16861],[34.04297,-9.16785],[34.04525,-9.16985],[34.04843,-9.16881],[34.05025,-9.16923],[34.05095,-9.16779]]]},"properties":{"region":"Njombe","district":"Makete","ward":"Isapulano","ward_code":"201"}},{"type":"Feature","geometry":{"type":"Polygon","coordinates":[[[34.06543,-9.26502],[34.06643,-9.2684],[34.06556,-9.26983],[34.06651,-9.27156],[34.0657,-9.27792],[34.067,-9.28069],[34.07349,-9.2851],[34.08768,-9.29149],[34.08487,-9.29352],[34.08988,-9.29652],[34.09427,-9.30158],[34.11006,-9.32333],[34.11552,-9.33783],[34.12309,-9.34848],[34.12206,-9.35142],[34.116,-9.35753],[34.11245,-9.3587],[34.10694,-9.3582],[34.10157,-9.35399],[34.09702,-9.34861],[34.08619,-9.35358],[34.08346,-9.35265],[34.07895,-9.34923],[34.07734,-9.34957],[34.07382,-9.3483],[34.06671,-9.3415],[34.06353,-9.34416],[34.05793,-9.34605],[34.05855,-9.34495],[34.05779,-9.34291],[34.04831,-9.34174],[34.04851,-9.33955],[34.04747,-9.34019],[34.04703,-9.33899],[34.04525,-9.33852],[34.0426,-9.3285],[34.03801,-9.32894],[34.03701,-9.32509],[34.03854,-9.32529],[34.03832,-9.32424],[34.03961,-9.3244],[34.04121,-9.32209],[34.04268,-9.3218],[34.04266,-9.31877],[34.0441,-9.31948],[34.04389,-9.31805],[34.04594,-9.31669],[34.04659,-9.31764],[34.04655,-9.31676],[34.04834,-9.31582],[34.04771,-9.31503],[34.04897,-9.31541],[34.04862,-9.31473],[34.04983,-9.31445],[34.04987,-9.31356],[34.05203,-9.31301],[34.05154,-9.31188],[34.05461,-9.31232],[34.05514,-9.31078],[34.05635,-9.31091],[34.0566,-9.3093],[34.05788,-9.30873],[34.0572,-9.3073],[34.05871,-9.30724],[34.05808,-9.30533],[34.05923,-9.30411],[34.05789,-9.30363],[34.05859,-9.30292],[34.05769,-9.3022],[34.05879,-9.29957],[34.05717,-9.29908],[34.0583,-9.29614],[34.05726,-9.29649],[34.05639,-9.29507],[34.05797,-9.29484],[34.05718,-9.29264],[34.05569,-9.29248],[34.05597,-9.2912],[34.05472,-9.29063],[34.05461,-9.28983],[34.05554,-9.29015],[34.05523,-9.28762],[34.05442,-9.28763],[34.05371,-9.28369],[34.05089,-9.28181],[34.04893,-9.27778],[34.05086,-9.27635],[34.05244,-9.27339],[34.05757,-9.27095],[34.05967,-9.26803],[34.06253,-9.26806],[34.06378,-9.26529],[34.06543,-9.26502]]]},"properties":{"region":"Njombe","district":"Makete","ward":"Bulongwa","ward_code":"061"}},{"type":"Feature","geometry":{"type":"Polygon","coordinates":[[[33.98504,-9.32006],[33.98919,-9.32154],[33.99013,-9.32494],[33.99317,-9.32592],[33.99561,-9.32492],[34.0002,-9.32692],[34.00191,-9.32588],[34.00411,-9.32869],[34.00625,-9.32784],[34.00842,-9.3302],[34.01636,-9.32697],[34.02098,-9.32763],[34.02113,-9.32908],[34.02214,-9.32766],[34.02173,-9.32689],[34.02295,-9.32741],[34.02413,-9.32648],[34.02771,-9.32798],[34.0278,-9.32644],[34.02962,-9.32951],[34.03237,-9.32698],[34.03348,-9.32742],[34.03357,-9.32569],[34.03406,-9.32542],[34.03396,-9.32644],[34.03484,-9.32571],[34.03801,-9.32894],[34.0426,-9.3285],[34.04478,-9.33767],[34.04747,-9.34019],[34.04851,-9.33955],[34.04831,-9.34174],[34.05779,-9.34291],[34.05855,-9.34495],[34.05793,-9.34605],[34.06353,-9.34416],[34.06671,-9.3415],[34.07038,-9.34508],[34.07028,-9.3476],[34.06902,-9.34889],[34.06992,-9.34948],[34.06774,-9.35004],[34.06545,-9.35359],[34.06437,-9.35909],[34.06641,-9.3665],[34.06972,-9.36897],[34.07165,-9.37299],[34.07264,-9.3765],[34.07199,-9.37854],[34.07335,-9.38057],[34.06961,-9.38094],[34.06493,-9.37689],[34.06112,-9.3766],[34.05545,-9.38543],[34.0526,-9.38821],[34.05071,-9.38836],[34.05104,-9.39375],[34.05133,-9.39537],[34.05881,-9.3964],[34.07116,-9.39403],[34.08042,-9.39813],[34.07963,-9.39988],[34.08094,-9.3997],[34.08076,-9.40092],[34.0893,-9.40953],[34.09115,-9.41373],[34.08921,-9.41759],[34.08625,-9.4363],[34.08619,-9.44315],[34.08347,-9.45019],[34.08244,-9.46194],[34.08908,-9.48927],[34.09107,-9.50972],[34.06665,-9.49668],[34.00722,-9.42509],[34.00368,-9.41738],[34.00095,-9.40553],[33.99484,-9.40182],[33.98863,-9.39546],[33.98379,-9.38766],[33.98066,-9.3789],[33.97893,-9.3701],[33.9824,-9.36515],[33.98349,-9.35771],[33.98102,-9.33545],[33.97919,-9.32681],[33.97615,-9.32297],[33.98504,-9.32006]]]},"properties":{"region":"Njombe","district":"Makete","ward":"Kipagalo","ward_code":"071"}},{"type":"Feature","geometry":{"type":"Polygon","coordinates":[[[34.07588,-9.34925],[34.07895,-9.34923],[34.08346,-9.35265],[34.08619,-9.35358],[34.09702,-9.34861],[34.10157,-9.35399],[34.10694,-9.3582],[34.11245,-9.3587],[34.116,-9.35753],[34.12,-9.35384],[34.12309,-9.34848],[34.14807,-9.37865],[34.15133,-9.38127],[34.16264,-9.39872],[34.16667,-9.41208],[34.17359,-9.42844],[34.173,-9.43099],[34.16915,-9.43386],[34.16618,-9.43442],[34.16324,-9.4374],[34.16322,-9.43884],[34.16025,-9.43951],[34.16042,-9.44113],[34.15932,-9.44167],[34.16002,-9.44797],[34.15832,-9.4505],[34.15965,-9.45232],[34.15914,-9.4541],[34.15838,-9.45561],[34.15708,-9.45591],[34.15669,-9.4587],[34.15182,-9.46149],[34.15331,-9.46444],[34.14984,-9.46538],[34.14888,-9.46719],[34.14649,-9.46833],[34.14679,-9.4696],[34.14525,-9.47095],[34.14596,-9.47269],[34.14441,-9.47364],[34.14449,-9.47457],[34.14572,-9.47479],[34.14624,-9.48154],[34.14401,-9.48357],[34.14308,-9.48333],[34.14281,-9.48167],[34.13224,-9.48167],[34.13128,-9.48048],[34.12938,-9.48233],[34.12631,-9.48153],[34.12505,-9.48309],[34.11952,-9.47947],[34.11707,-9.47965],[34.11566,-9.48092],[34.11179,-9.48032],[34.10849,-9.4766],[34.10238,-9.4836],[34.09505,-9.48602],[34.08908,-9.48927],[34.08244,-9.46194],[34.08257,-9.45545],[34.08347,-9.45019],[34.08619,-9.44315],[34.08625,-9.4363],[34.08921,-9.41759],[34.09115,-9.41373],[34.0893,-9.40953],[34.08076,-9.40092],[34.08094,-9.3997],[34.07963,-9.39988],[34.08042,-9.39813],[34.07116,-9.39403],[34.05881,-9.3964],[34.05133,-9.39537],[34.05104,-9.39375],[34.05071,-9.38836],[34.0526,-9.38821],[34.05545,-9.38543],[34.06112,-9.3766],[34.06493,-9.37689],[34.06961,-9.38094],[34.07335,-9.38057],[34.07199,-9.37854],[34.07264,-9.3765],[34.07165,-9.37299],[34.06972,-9.36897],[34.06611,-9.36593],[34.06436,-9.35859],[34.06545,-9.35359],[34.06774,-9.35004],[34.06992,-9.34948],[34.06902,-9.34889],[34.07028,-9.3476],[34.07038,-9.34508],[34.07588,-9.34925]]]},"properties":{"region":"Njombe","district":"Makete","ward":"Luwumbu","ward_code":"191"}},{"type":"Feature","geometry":{"type":"Polygon","coordinates":[[[33.99273,-8.8688],[33.99376,-8.88825],[33.99769,-8.8893],[34.00564,-8.89424],[34.01514,-8.89635],[34.01366,-8.89728],[34.01633,-8.90192],[34.01279,-8.90609],[34.01183,-8.90611],[34.0109,-8.90807],[33.99981,-8.91101],[33.99889,-8.9125],[33.99798,-8.91211],[33.99989,-8.91422],[33.99962,-8.91547],[33.99884,-8.91523],[33.9988,-8.9165],[33.99694,-8.91766],[33.99564,-8.91658],[33.99438,-8.91747],[33.993,-8.92413],[33.99254,-8.93366],[33.98821,-8.93804],[33.98723,-8.94229],[33.97712,-8.95496],[33.97434,-8.96119],[33.96935,-8.96626],[33.96887,-8.96737],[33.97166,-8.97328],[33.9607,-8.97971],[33.95918,-8.98501],[33.95932,-8.99079],[33.94592,-8.99188],[33.9389,-8.98973],[33.93898,-8.99337],[33.93615,-8.99997],[33.93279,-9.00378],[33.93219,-9.00624],[33.93293,-9.00996],[33.93157,-9.01519],[33.93235,-9.01985],[33.93179,-9.02233],[33.92959,-9.02365],[33.91797,-9.0266],[33.91376,-9.02535],[33.91056,-9.02263],[33.90403,-9.02357],[33.90195,-9.02292],[33.89837,-9.01978],[33.89854,-9.01462],[33.8971,-9.01367],[33.89639,-9.01115],[33.89027,-9.00421],[33.88982,-8.99547],[33.8864,-8.9905],[33.88769,-8.99075],[33.88923,-8.9894],[33.89029,-8.98983],[33.89457,-8.98696],[33.89908,-8.98664],[33.89978,-8.98765],[33.90368,-8.98473],[33.90492,-8.98543],[33.90858,-8.98488],[33.91218,-8.98619],[33.91555,-8.98441],[33.91655,-8.98573],[33.91794,-8.98385],[33.92258,-8.98245],[33.92509,-8.98394],[33.9275,-8.98234],[33.92949,-8.98232],[33.93116,-8.98011],[33.93334,-8.98043],[33.93718,-8.97855],[33.93788,-8.97142],[33.93898,-8.97046],[33.93957,-8.96623],[33.94268,-8.9638],[33.9431,-8.96123],[33.95313,-8.95497],[33.95695,-8.95566],[33.96059,-8.95167],[33.96202,-8.95153],[33.96264,-8.94969],[33.964,-8.94946],[33.96375,-8.94618],[33.96621,-8.94586],[33.96616,-8.94401],[33.96751,-8.94411],[33.9673,-8.94265],[33.96988,-8.93975],[33.97026,-8.93699],[33.97258,-8.93597],[33.9726,-8.93487],[33.97084,-8.93478],[33.9726,-8.93234],[33.97074,-8.92978],[33.97085,-8.92611],[33.97239,-8.92418],[33.97451,-8.92337],[33.97333,-8.92305],[33.97619,-8.92081],[33.97243,-8.91984],[33.97056,-8.92099],[33.96905,-8.91536],[33.9664,-8.91469],[33.96532,-8.91168],[33.96417,-8.91128],[33.96253,-8.90833],[33.96122,-8.90815],[33.96148,-8.90537],[33.96341,-8.90196],[33.96019,-8.89494],[33.95903,-8.89473],[33.95891,-8.89348],[33.95668,-8.89155],[33.9559,-8.88976],[33.95655,-8.8885],[33.95356,-8.88548],[33.95081,-8.87925],[33.94586,-8.87378],[33.94943,-8.87443],[33.96787,-8.87285],[33.96802,-8.87141],[33.97712,-8.86986],[33.99273,-8.8688]]]},"properties":{"region":"Njombe","district":"Makete","ward":"Matamba","ward_code":"113"}},{"type":"Feature","geometry":{"type":"Polygon","coordinates":[[[34.09742,-8.86683],[34.09783,-8.87061],[34.09326,-8.87287],[34.09647,-8.88044],[34.09551,-8.88728],[34.10097,-8.88961],[34.10141,-8.89065],[34.10006,-8.89456],[34.09844,-8.8939],[34.0982,-8.89583],[34.09648,-8.89767],[34.09452,-8.89801],[34.09431,-8.8994],[34.09597,-8.89955],[34.09574,-8.90284],[34.09823,-8.90217],[34.09697,-8.90441],[34.09758,-8.9052],[34.09647,-8.90591],[34.09799,-8.90676],[34.09792,-8.90872],[34.09551,-8.90879],[34.09689,-8.91035],[34.09673,-8.91238],[34.0955,-8.91364],[34.09767,-8.91464],[34.09625,-8.91556],[34.09574,-8.91911],[34.09641,-8.92064],[34.09476,-8.92231],[34.09619,-8.92336],[34.09689,-8.93443],[34.09793,-8.93738],[34.09619,-8.93881],[34.09379,-8.93899],[34.09389,-8.94226],[34.08592,-8.94562],[34.08401,-8.94869],[34.08098,-8.96033],[34.08212,-8.96247],[34.08383,-8.96151],[34.08473,-8.96286],[34.08547,-8.96455],[34.08488,-8.96611],[34.08635,-8.96624],[34.08598,-8.96799],[34.08304,-8.97032],[34.08029,-8.97839],[34.07802,-8.98013],[34.07785,-8.98585],[34.07656,-8.98636],[34.07624,-8.99115],[34.07529,-8.99131],[34.07339,-8.99744],[34.07178,-8.99801],[34.07079,-8.99973],[34.06916,-9.00549],[34.06815,-9.00559],[34.06713,-9.00844],[34.06804,-9.01306],[34.06599,-9.01603],[34.06093,-9.01795],[34.05702,-9.02325],[34.05705,-9.02506],[34.05472,-9.02732],[34.05261,-9.02759],[34.05044,-9.03461],[34.0488,-9.0347],[34.04429,-9.0376],[34.04168,-9.03764],[34.04051,-9.0389],[34.03855,-9.03562],[34.03652,-9.03578],[34.0348,-9.03759],[34.03126,-9.03889],[34.02984,-9.0384],[34.02729,-9.04051],[34.02722,-9.04197],[34.02644,-9.04177],[34.02619,-9.04417],[34.0249,-9.04501],[34.02388,-9.04388],[34.02293,-9.04538],[34.01913,-9.03929],[34.02155,-9.03626],[34.01818,-9.03036],[34.01858,-9.0234],[34.01446,-9.02046],[34.01252,-9.01321],[34.01276,-9.01098],[34.00951,-9.00701],[34.00859,-9.00117],[34.00898,-8.99601],[34.0081,-8.99431],[34.01331,-8.9906],[34.01507,-8.98761],[34.01631,-8.98767],[34.0171,-8.98362],[34.01933,-8.9831],[34.02078,-8.97803],[34.02329,-8.97466],[34.0221,-8.97204],[34.02401,-8.96637],[34.02691,-8.96553],[34.02134,-8.96249],[34.01994,-8.96271],[34.01601,-8.96659],[34.01274,-8.96649],[34.007,-8.9732],[34.00458,-8.9745],[34.00271,-8.97457],[33.99802,-8.97096],[33.99523,-8.97281],[33.97893,-8.97637],[33.97166,-8.97328],[33.96887,-8.96737],[33.97434,-8.96119],[33.97712,-8.95496],[33.98723,-8.94229],[33.98821,-8.93804],[33.99254,-8.93366],[33.993,-8.92413],[33.99438,-8.91747],[33.99564,-8.91658],[33.99694,-8.91766],[33.9988,-8.9165],[33.99884,-8.91523],[33.99962,-8.91547],[33.99989,-8.91422],[33.99798,-8.91211],[33.99889,-8.9125],[33.99981,-8.91101],[34.00564,-8.9094],[34.00776,-8.90949],[34.01279,-8.90609],[34.01633,-8.90192],[34.01357,-8.89675],[34.01514,-8.89635],[34.02401,-8.89984],[34.03927,-8.90072],[34.04272,-8.89659],[34.04362,-8.89322],[34.04302,-8.8869],[34.04538,-8.88669],[34.04647,-8.88259],[34.05608,-8.87918],[34.05712,-8.88041],[34.06602,-8.87698],[34.07333,-8.87236],[34.08771,-8.86646],[34.09794,-8.86093],[34.0994,-8.86301],[34.09742,-8.86683]]]},"properties":{"region":"Njombe","district":"Makete","ward":"Mlondwe","ward_code":"121"}},{"type":"Feature","geometry":{"type":"Polygon","coordinates":[[[33.85358,-8.92744],[33.84713,-8.94048],[33.84615,-8.95064],[33.84928,-8.99515],[33.84584,-9.00429],[33.84727,-9.02519],[33.8553,-9.03724],[33.85642,-9.03697],[33.86021,-9.02828],[33.86341,-9.02611],[33.86901,-9.01761],[33.86927,-9.01146],[33.87689,-9.0069],[33.87755,-9.00219],[33.88248,-8.99671],[33.88581,-8.99439],[33.88672,-8.99042],[33.88982,-8.99547],[33.89027,-9.00421],[33.89639,-9.01115],[33.8971,-9.01367],[33.89854,-9.01462],[33.89837,-9.01978],[33.90195,-9.02292],[33.90403,-9.02357],[33.91056,-9.02263],[33.91376,-9.02535],[33.91797,-9.0266],[33.92959,-9.02365],[33.93179,-9.02233],[33.93438,-9.02686],[33.94056,-9.03376],[33.94562,-9.03725],[33.96283,-9.04308],[33.965,-9.04737],[33.96805,-9.0496],[33.98803,-9.05349],[33.99259,-9.05218],[34.00184,-9.04645],[34.01191,-9.04186],[34.02138,-9.04398],[34.02293,-9.04538],[34.0209,-9.0548],[34.01918,-9.07134],[34.01252,-9.08601],[34.02212,-9.10412],[34.03453,-9.11883],[34.0395,-9.1232],[34.04876,-9.12212],[34.06272,-9.12485],[34.07692,-9.13919],[34.07835,-9.15275],[34.06574,-9.16621],[34.05927,-9.16699],[34.06037,-9.16806],[34.05841,-9.16805],[34.05901,-9.16963],[34.05883,-9.17049],[34.05861,-9.16931],[34.05767,-9.16963],[34.05801,-9.17116],[34.0544,-9.17046],[34.05495,-9.16937],[34.05351,-9.16848],[34.0532,-9.16919],[34.05219,-9.16784],[34.05199,-9.16861],[34.05095,-9.16779],[34.05025,-9.16923],[34.04843,-9.16881],[34.04525,-9.16985],[34.04297,-9.16785],[34.03963,-9.16861],[34.0373,-9.16576],[34.03166,-9.16425],[34.02417,-9.16513],[34.01991,-9.16386],[34.00801,-9.15598],[34.00459,-9.15089],[33.94365,-9.16294],[33.91715,-9.16317],[33.89919,-9.16529],[33.88414,-9.1685],[33.87984,-9.15943],[33.87242,-9.14946],[33.85992,-9.12548],[33.85472,-9.11349],[33.85132,-9.10937],[33.84965,-9.10942],[33.84836,-9.10399],[33.84508,-9.09921],[33.83993,-9.09679],[33.83244,-9.09484],[33.8279,-9.09021],[33.8215,-9.07456],[33.81295,-9.06795],[33.81109,-9.06311],[33.81139,-9.05905],[33.82343,-9.04894],[33.827,-9.04037],[33.82875,-9.03125],[33.82633,-8.96778],[33.81981,-8.91186],[33.83277,-8.89521],[33.8416,-8.85667],[33.86464,-8.85668],[33.86538,-8.88652],[33.85358,-8.92744]]]},"properties":{"region":"Njombe","district":"Makete","ward":"Kitulo","ward_code":"131"}},{"type":"Feature","geometry":{"type":"Polygon","coordinates":[[[34.02691,-8.96553],[34.02489,-8.96671],[34.02437,-8.96587],[34.02273,-8.96942],[34.0221,-8.97204],[34.02329,-8.97466],[34.02078,-8.97803],[34.01933,-8.9831],[34.0171,-8.98362],[34.01631,-8.98767],[34.01507,-8.98761],[34.01331,-8.9906],[34.0081,-8.99431],[34.00898,-8.99601],[34.00859,-9.00117],[34.00951,-9.00701],[34.01276,-9.01098],[34.01363,-9.01881],[34.01446,-9.02046],[34.01858,-9.0234],[34.01818,-9.03036],[34.02155,-9.03626],[34.01913,-9.03929],[34.02138,-9.04398],[34.01191,-9.04186],[34.00184,-9.04645],[33.99259,-9.05218],[33.98803,-9.05349],[33.97491,-9.05134],[33.96805,-9.0496],[33.965,-9.04737],[33.96283,-9.04308],[33.94515,-9.03702],[33.94056,-9.03376],[33.93438,-9.02686],[33.93179,-9.02233],[33.93235,-9.01985],[33.93157,-9.01519],[33.93293,-9.00996],[33.93219,-9.00624],[33.93279,-9.00378],[33.93615,-8.99997],[33.93898,-8.99337],[33.9389,-8.98973],[33.94378,-8.99173],[33.95891,-8.99123],[33.9596,-8.98223],[33.9607,-8.97971],[33.97166,-8.97328],[33.97893,-8.97637],[33.9818,-8.97615],[33.98731,-8.97406],[33.99523,-8.97281],[33.99802,-8.97096],[34.00271,-8.97457],[34.00458,-8.9745],[34.007,-8.9732],[34.01274,-8.96649],[34.01601,-8.96659],[34.01994,-8.96271],[34.02134,-8.96249],[34.02691,-8.96553]]]},"properties":{"region":"Njombe","district":"Makete","ward":"Itundu","ward_code":"221"}},{"type":"Feature","geometry":{"type":"Polygon","coordinates":[[[33.90088,-8.8415],[33.89974,-8.84891],[33.90074,-8.85357],[33.89914,-8.86411],[33.90209,-8.87651],[33.91268,-8.87729],[33.93121,-8.87364],[33.94019,-8.87311],[33.94585,-8.87378],[33.95081,-8.87925],[33.95356,-8.88548],[33.95655,-8.8885],[33.9559,-8.88976],[33.95668,-8.89155],[33.95891,-8.89348],[33.95903,-8.89473],[33.96019,-8.89494],[33.96341,-8.90196],[33.96148,-8.90537],[33.96122,-8.90815],[33.96253,-8.90833],[33.96417,-8.91128],[33.96532,-8.91168],[33.9664,-8.91469],[33.96905,-8.91536],[33.97056,-8.92099],[33.97243,-8.91984],[33.97619,-8.92081],[33.97333,-8.92305],[33.97451,-8.92337],[33.97239,-8.92418],[33.97085,-8.92611],[33.97074,-8.92978],[33.9726,-8.93234],[33.97084,-8.93478],[33.9726,-8.93487],[33.97258,-8.93597],[33.97026,-8.93699],[33.96988,-8.93975],[33.9673,-8.94265],[33.96751,-8.94411],[33.96616,-8.94401],[33.96621,-8.94586],[33.96375,-8.94618],[33.964,-8.94946],[33.96264,-8.94969],[33.96202,-8.95153],[33.96059,-8.95167],[33.95695,-8.95566],[33.95313,-8.95497],[33.9431,-8.96123],[33.94268,-8.9638],[33.93957,-8.96623],[33.93898,-8.97046],[33.93788,-8.97142],[33.93718,-8.97855],[33.93334,-8.98043],[33.93116,-8.98011],[33.92949,-8.98232],[33.9275,-8.98234],[33.92509,-8.98394],[33.92258,-8.98245],[33.91794,-8.98385],[33.91655,-8.98573],[33.91555,-8.98441],[33.91218,-8.98619],[33.90858,-8.98488],[33.90492,-8.98543],[33.90368,-8.98473],[33.89978,-8.98765],[33.89908,-8.98664],[33.89457,-8.98696],[33.89029,-8.98983],[33.88923,-8.9894],[33.88769,-8.99075],[33.88629,-8.99053],[33.88581,-8.99439],[33.88248,-8.99671],[33.87755,-9.00219],[33.87689,-9.0069],[33.86927,-9.01146],[33.86901,-9.01761],[33.86341,-9.02611],[33.86021,-9.02828],[33.85642,-9.03697],[33.8553,-9.03724],[33.84727,-9.02519],[33.84584,-9.00429],[33.84928,-8.99515],[33.84615,-8.95064],[33.84713,-8.94048],[33.85357,-8.92775],[33.86538,-8.88652],[33.86457,-8.85371],[33.86325,-8.84948],[33.87128,-8.85139],[33.86998,-8.84935],[33.87064,-8.84558],[33.87238,-8.84291],[33.90088,-8.8415]]]},"properties":{"region":"Njombe","district":"Makete","ward":"Kinyika","ward_code":"231"}},{"type":"Feature","geometry":{"type":"Polygon","coordinates":[[[34.04611,-9.25407],[34.04911,-9.25587],[34.05299,-9.25564],[34.05822,-9.25347],[34.06314,-9.26081],[34.06612,-9.26325],[34.06581,-9.26475],[34.06352,-9.26561],[34.063,-9.26771],[34.06145,-9.26854],[34.05967,-9.26803],[34.05757,-9.27095],[34.05244,-9.27339],[34.05086,-9.27635],[34.04893,-9.27778],[34.05089,-9.28181],[34.05371,-9.28369],[34.05442,-9.28763],[34.05523,-9.28762],[34.05554,-9.29015],[34.05461,-9.28983],[34.05472,-9.29063],[34.05597,-9.2912],[34.05569,-9.29248],[34.05718,-9.29264],[34.05797,-9.29484],[34.0565,-9.2948],[34.05651,-9.29561],[34.05726,-9.29649],[34.0583,-9.29614],[34.05717,-9.29908],[34.05879,-9.29957],[34.05769,-9.3022],[34.05926,-9.30476],[34.05808,-9.30533],[34.05871,-9.30724],[34.0572,-9.3073],[34.05793,-9.30856],[34.0566,-9.3093],[34.05635,-9.31091],[34.05514,-9.31078],[34.05461,-9.31232],[34.05154,-9.31188],[34.05203,-9.31301],[34.04987,-9.31356],[34.04983,-9.31445],[34.04862,-9.31473],[34.04897,-9.31541],[34.04771,-9.31503],[34.04834,-9.31582],[34.04655,-9.31676],[34.04659,-9.31764],[34.04594,-9.31669],[34.04389,-9.31805],[34.0441,-9.31948],[34.04266,-9.31877],[34.04268,-9.3218],[34.04121,-9.32209],[34.03961,-9.3244],[34.03832,-9.32424],[34.03854,-9.32529],[34.03701,-9.32509],[34.03757,-9.3278],[34.03604,-9.32757],[34.03484,-9.32571],[34.03396,-9.32644],[34.03406,-9.32542],[34.03348,-9.32742],[34.03237,-9.32698],[34.02962,-9.32951],[34.0278,-9.32644],[34.02771,-9.32798],[34.02413,-9.32648],[34.02295,-9.32741],[34.02173,-9.32689],[34.02214,-9.32766],[34.02113,-9.32908],[34.02098,-9.32763],[34.01636,-9.32697],[34.00842,-9.3302],[34.00625,-9.32784],[34.00411,-9.32869],[34.00191,-9.32588],[34.0002,-9.32692],[33.99561,-9.32492],[33.99317,-9.32592],[33.99013,-9.32494],[33.98919,-9.32154],[33.98521,-9.32004],[33.97615,-9.32297],[33.96536,-9.30948],[33.96661,-9.30187],[33.96833,-9.29872],[33.96846,-9.29534],[33.96723,-9.29171],[33.96827,-9.2891],[33.96876,-9.27547],[33.97556,-9.27275],[33.97756,-9.27104],[33.97969,-9.26746],[33.97875,-9.26634],[33.98018,-9.2627],[33.98204,-9.26033],[33.98585,-9.25919],[33.98605,-9.25808],[33.98845,-9.25719],[33.99062,-9.25406],[33.99167,-9.25425],[33.99072,-9.25038],[33.99126,-9.24764],[33.99582,-9.24473],[33.99402,-9.24129],[33.99375,-9.23646],[33.99529,-9.23096],[34.0026,-9.21981],[34.01571,-9.21343],[34.01783,-9.21327],[34.02001,-9.21834],[34.02683,-9.22437],[34.03692,-9.2392],[34.04109,-9.24348],[34.04361,-9.25079],[34.04611,-9.25407]]]},"properties":{"region":"Njombe","district":"Makete","ward":"Iniho","ward_code":"081"}},{"type":"Feature","geometry":{"type":"Polygon","coordinates":[[[34.01991,-9.16386],[34.02417,-9.16513],[34.03166,-9.16425],[34.0373,-9.16576],[34.03913,-9.16784],[34.0383,-9.17609],[34.0357,-9.17585],[34.03459,-9.18023],[34.0352,-9.18417],[34.03675,-9.1863],[34.03525,-9.19025],[34.03689,-9.19531],[34.03475,-9.19913],[34.03508,-9.20209],[34.03327,-9.20608],[34.03279,-9.20991],[34.03525,-9.21144],[34.03328,-9.21328],[34.0308,-9.21402],[34.01571,-9.21343],[34.0026,-9.21981],[33.99529,-9.23096],[33.99375,-9.23646],[33.99402,-9.24129],[33.99582,-9.24473],[33.99126,-9.24764],[33.99072,-9.25038],[33.99167,-9.25425],[33.99062,-9.25406],[33.98845,-9.25719],[33.98605,-9.25808],[33.98585,-9.25919],[33.98204,-9.26033],[33.98018,-9.2627],[33.97875,-9.26634],[33.97969,-9.26746],[33.97756,-9.27104],[33.97556,-9.27275],[33.96876,-9.27547],[33.96827,-9.2891],[33.96723,-9.29171],[33.96846,-9.29534],[33.96833,-9.29872],[33.96661,-9.30187],[33.96536,-9.30948],[33.92879,-9.26353],[33.92497,-9.24071],[33.91403,-9.21785],[33.90652,-9.20871],[33.89382,-9.18896],[33.88414,-9.16848],[33.89919,-9.16529],[33.91715,-9.16317],[33.94365,-9.16294],[34.00459,-9.15089],[34.00801,-9.15598],[34.01991,-9.16386]]]},"properties":{"region":"Njombe","district":"Makete","ward":"Ipelele","ward_code":"091"}},{"type":"Feature","geometry":{"type":"Polygon","coordinates":[[[33.85132,-9.10937],[33.85472,-9.11349],[33.85992,-9.12548],[33.87242,-9.14946],[33.87984,-9.15943],[33.89382,-9.18896],[33.90652,-9.20871],[33.91403,-9.21785],[33.92497,-9.24071],[33.92879,-9.26353],[33.9098,-9.25871],[33.89843,-9.26109],[33.89273,-9.25977],[33.8872,-9.25554],[33.88383,-9.24999],[33.87143,-9.23927],[33.87003,-9.23547],[33.86666,-9.23246],[33.86521,-9.22793],[33.86077,-9.22727],[33.85898,-9.22572],[33.85765,-9.22169],[33.85528,-9.21984],[33.85435,-9.22041],[33.85528,-9.21983],[33.85295,-9.21648],[33.85377,-9.21574],[33.85025,-9.21003],[33.84738,-9.20995],[33.84612,-9.20854],[33.84717,-9.20681],[33.84123,-9.20422],[33.84015,-9.19896],[33.83567,-9.1926],[33.83637,-9.19025],[33.84083,-9.18893],[33.83954,-9.18729],[33.83974,-9.18584],[33.84655,-9.17402],[33.84919,-9.17014],[33.85966,-9.16181],[33.85993,-9.15956],[33.85519,-9.15266],[33.84804,-9.14649],[33.84746,-9.14406],[33.84965,-9.10942],[33.85132,-9.10937]]]},"properties":{"region":"Njombe","district":"Makete","ward":"Kigulu","ward_code":"101"}},{"type":"Feature","geometry":{"type":"Polygon","coordinates":[[[34.10221,-8.93771],[34.10981,-8.94071],[34.13175,-8.9392],[34.14445,-8.9471],[34.149,-8.95304],[34.14795,-8.95694],[34.14506,-8.9598],[34.14583,-8.96114],[34.14549,-8.96877],[34.14685,-8.9794],[34.14557,-8.97952],[34.14509,-8.98372],[34.14288,-8.98494],[34.14359,-8.98698],[34.14267,-8.98977],[34.13877,-8.99166],[34.13925,-8.99564],[34.13738,-8.99831],[34.13371,-9.00054],[34.13261,-9.00004],[34.12821,-9.00294],[34.12635,-9.00596],[34.12548,-9.00807],[34.12791,-9.01544],[34.12455,-9.0211],[34.11845,-9.02362],[34.11831,-9.02478],[34.11195,-9.03109],[34.10958,-9.0379],[34.11086,-9.04628],[34.1095,-9.05242],[34.10305,-9.05998],[34.09721,-9.06441],[34.09837,-9.07686],[34.10465,-9.08944],[34.10545,-9.09355],[34.08797,-9.11934],[34.08688,-9.12466],[34.09143,-9.13065],[34.09167,-9.13671],[34.08873,-9.14603],[34.07835,-9.15275],[34.07692,-9.13919],[34.06272,-9.12485],[34.04876,-9.12212],[34.0395,-9.1232],[34.03453,-9.11883],[34.02212,-9.10412],[34.01252,-9.08601],[34.01918,-9.07134],[34.02278,-9.04562],[34.02388,-9.04388],[34.0249,-9.04501],[34.02619,-9.04417],[34.02644,-9.04177],[34.02722,-9.04197],[34.02729,-9.04051],[34.02984,-9.0384],[34.03126,-9.03889],[34.03551,-9.03732],[34.03652,-9.03578],[34.03855,-9.03562],[34.04051,-9.0389],[34.04168,-9.03764],[34.04429,-9.0376],[34.0488,-9.0347],[34.05044,-9.03461],[34.05261,-9.02759],[34.05472,-9.02732],[34.05705,-9.02506],[34.05702,-9.02325],[34.06093,-9.01795],[34.06599,-9.01603],[34.06804,-9.01306],[34.06713,-9.00844],[34.06815,-9.00559],[34.06916,-9.00549],[34.07037,-9.00055],[34.07178,-8.99801],[34.07339,-8.99744],[34.07529,-8.99131],[34.07624,-8.99115],[34.07656,-8.98636],[34.07785,-8.98585],[34.07802,-8.98013],[34.08029,-8.97839],[34.08304,-8.97032],[34.08598,-8.96799],[34.08635,-8.96624],[34.08488,-8.96611],[34.08547,-8.96455],[34.08473,-8.96286],[34.08383,-8.96151],[34.08212,-8.96247],[34.08098,-8.96033],[34.08401,-8.94869],[34.08592,-8.94562],[34.09389,-8.94226],[34.09379,-8.93899],[34.09619,-8.93881],[34.09793,-8.93738],[34.09785,-8.93598],[34.09689,-8.93443],[34.09695,-8.93435],[34.10221,-8.93771]]]},"properties":{"region":"Njombe","district":"Makete","ward":"Ikuwo","ward_code":"141"}},{"type":"Feature","geometry":{"type":"MultiPolygon","coordinates":[[[[34.21191,-9.04065],[34.21175,-9.04094],[34.21192,-9.04063],[34.21214,-9.04028],[34.21191,-9.04065]]],[[[34.21115,-9.02941],[34.21114,-9.02941],[34.21106,-9.0294],[34.21115,-9.02941]]],[[[34.21147,-9.0293],[34.21131,-9.02935],[34.21148,-9.02929],[34.21147,-9.0293]]],[[[34.20437,-9.0045],[34.20427,-9.00479],[34.20423,-9.00472],[34.20437,-9.0045]]],[[[34.20774,-8.9671],[34.20754,-8.96713],[34.20774,-8.96709],[34.20774,-8.9671]]],[[[34.2037,-8.96127],[34.20343,-8.96134],[34.20338,-8.96133],[34.2037,-8.96127]]],[[[34.20294,-8.96123],[34.20343,-8.96134],[34.20372,-8.96127],[34.20342,-8.96135],[34.20294,-8.96123]]],[[[34.16321,-8.83772],[34.16341,-8.8407],[34.16863,-8.83945],[34.16928,-8.84334],[34.17309,-8.84678],[34.17675,-8.85264],[34.17534,-8.85571],[34.17581,-8.85705],[34.17939,-8.85703],[34.1808,-8.85798],[34.18188,-8.86083],[34.18109,-8.86349],[34.18496,-8.86705],[34.18233,-8.86798],[34.1813,-8.86968],[34.18653,-8.86855],[34.1889,-8.87058],[34.18787,-8.87171],[34.18866,-8.8728],[34.1877,-8.87514],[34.18599,-8.87466],[34.18412,-8.87826],[34.18346,-8.87999],[34.1843,-8.88194],[34.1831,-8.88194],[34.1831,-8.88384],[34.18403,-8.88486],[34.18536,-8.8845],[34.18639,-8.88058],[34.19064,-8.88037],[34.19135,-8.88746],[34.19855,-8.89052],[34.19089,-8.89498],[34.19322,-8.89832],[34.1979,-8.89576],[34.20227,-8.89611],[34.20385,-8.89868],[34.20767,-8.89498],[34.21034,-8.89784],[34.20757,-8.90187],[34.20769,-8.90347],[34.20997,-8.9045],[34.21021,-8.90668],[34.20804,-8.90632],[34.20557,-8.90728],[34.20577,-8.90812],[34.2076,-8.90848],[34.20804,-8.91184],[34.20722,-8.91341],[34.2081,-8.91439],[34.20938,-8.91346],[34.21088,-8.91421],[34.20657,-8.92223],[34.20859,-8.9285],[34.21546,-8.92964],[34.2152,-8.93204],[34.21373,-8.93236],[34.21371,-8.93876],[34.22038,-8.93321],[34.22473,-8.93204],[34.22713,-8.92939],[34.23189,-8.93199],[34.24027,-8.92993],[34.25143,-8.93246],[34.25905,-8.93203],[34.26222,-8.93389],[34.26762,-8.93936],[34.27277,-8.94156],[34.27528,-8.94214],[34.27872,-8.94093],[34.28526,-8.93666],[34.29614,-8.93963],[34.2998,-8.94365],[34.29963,-8.94892],[34.29283,-8.9663],[34.29583,-8.97371],[34.30153,-8.97318],[34.32218,-8.98213],[34.32942,-8.99091],[34.33382,-8.9977],[34.33629,-9.00606],[34.34319,-9.01413],[34.34502,-9.01794],[34.34375,-9.02273],[34.3489,-9.03104],[34.34509,-9.03257],[34.34918,-9.03705],[34.35149,-9.04315],[34.34972,-9.05046],[34.35027,-9.05683],[34.35703,-9.06545],[34.36663,-9.06638],[34.37156,-9.06787],[34.37714,-9.07177],[34.3863,-9.08205],[34.39134,-9.09079],[34.3962,-9.09573],[34.39904,-9.10546],[34.40043,-9.10731],[34.39901,-9.11136],[34.40097,-9.1123],[34.4015,-9.11475],[34.40087,-9.12842],[34.4017,-9.13617],[34.4008,-9.14429],[34.38915,-9.14964],[34.37423,-9.16874],[34.36177,-9.18786],[34.32842,-9.19313],[34.2853,-9.21399],[34.2773,-9.20893],[34.26694,-9.20398],[34.26174,-9.2043],[34.2537,-9.20168],[34.25082,-9.20168],[34.24824,-9.19895],[34.24039,-9.19966],[34.2333,-9.20347],[34.22885,-9.2044],[34.22028,-9.20403],[34.21777,-9.20157],[34.2175,-9.19513],[34.21467,-9.18671],[34.21487,-9.18419],[34.21559,-9.18115],[34.21949,-9.17886],[34.22014,-9.17658],[34.22224,-9.17538],[34.22492,-9.17044],[34.2232,-9.16489],[34.22527,-9.16381],[34.22398,-9.15935],[34.22565,-9.15777],[34.23206,-9.12707],[34.23538,-9.11872],[34.23579,-9.109],[34.23289,-9.10085],[34.24238,-9.09838],[34.24495,-9.09037],[34.23966,-9.08404],[34.2323,-9.0821],[34.22949,-9.08014],[34.2306,-9.07782],[34.22978,-9.07456],[34.22684,-9.07401],[34.2262,-9.07247],[34.22826,-9.07027],[34.22624,-9.06753],[34.22766,-9.0675],[34.22843,-9.0662],[34.22656,-9.06578],[34.22793,-9.06582],[34.22708,-9.06434],[34.22518,-9.06453],[34.22366,-9.05999],[34.22456,-9.05945],[34.22319,-9.05872],[34.22324,-9.05923],[34.22289,-9.05942],[34.22262,-9.05836],[34.22317,-9.05621],[34.22159,-9.0561],[34.22093,-9.05804],[34.22064,-9.05714],[34.22257,-9.0541],[34.22033,-9.05059],[34.22118,-9.04958],[34.21983,-9.0485],[34.22072,-9.04702],[34.21777,-9.04647],[34.21902,-9.04643],[34.21939,-9.04536],[34.21756,-9.04443],[34.21503,-9.04602],[34.21447,-9.04345],[34.21269,-9.04491],[34.21153,-9.04138],[34.21215,-9.04027],[34.21215,-9.03965],[34.21066,-9.03882],[34.21068,-9.03882],[34.21176,-9.03857],[34.21269,-9.03858],[34.213,-9.0414],[34.21537,-9.03943],[34.21334,-9.03683],[34.21167,-9.03666],[34.2127,-9.03601],[34.21145,-9.03491],[34.21088,-9.03624],[34.20949,-9.03252],[34.20835,-9.0323],[34.21062,-9.031],[34.21065,-9.02953],[34.21075,-9.02936],[34.21114,-9.02941],[34.21147,-9.0293],[34.2116,-9.02915],[34.21169,-9.02902],[34.21168,-9.02751],[34.21052,-9.02644],[34.20963,-9.02689],[34.21006,-9.02571],[34.20701,-9.02678],[34.20764,-9.02529],[34.21044,-9.02437],[34.21084,-9.02385],[34.20945,-9.02131],[34.20978,-9.02104],[34.21133,-9.02075],[34.21028,-9.02043],[34.21081,-9.01796],[34.20902,-9.01352],[34.20941,-9.01093],[34.20821,-9.00827],[34.20591,-9.00725],[34.20426,-9.00483],[34.20458,-9.0039],[34.20497,-9.00334],[34.20509,-9.00302],[34.20314,-8.99822],[34.20521,-8.99469],[34.20323,-8.99422],[34.20276,-8.993],[34.20675,-8.99008],[34.2019,-8.98846],[34.2029,-8.98692],[34.20049,-8.98606],[34.19981,-8.98481],[34.20571,-8.98487],[34.20642,-8.9835],[34.20526,-8.98014],[34.2062,-8.97925],[34.20361,-8.97572],[34.20483,-8.9756],[34.20605,-8.97757],[34.2076,-8.97685],[34.20754,-8.97465],[34.20603,-8.97376],[34.20613,-8.97196],[34.20444,-8.97036],[34.20525,-8.96821],[34.20634,-8.96736],[34.20774,-8.9671],[34.20806,-8.96685],[34.20244,-8.9628],[34.20291,-8.96123],[34.20617,-8.96204],[34.20814,-8.95982],[34.2088,-8.95527],[34.21015,-8.95456],[34.20925,-8.95203],[34.21074,-8.94988],[34.20367,-8.9535],[34.19559,-8.95159],[34.17856,-8.95064],[34.17441,-8.96725],[34.17262,-8.96907],[34.16175,-8.96331],[34.15797,-8.96359],[34.15252,-8.95646],[34.15264,-8.9534],[34.15051,-8.9544],[34.14445,-8.9471],[34.13381,-8.93979],[34.12914,-8.93888],[34.10981,-8.94071],[34.10056,-8.93708],[34.09695,-8.93436],[34.09619,-8.92336],[34.09476,-8.92231],[34.09641,-8.92064],[34.09574,-8.91911],[34.09625,-8.91556],[34.09767,-8.91464],[34.0955,-8.91364],[34.09673,-8.91238],[34.09689,-8.91035],[34.09551,-8.90879],[34.09792,-8.90872],[34.09799,-8.90676],[34.09647,-8.90591],[34.09758,-8.9052],[34.09697,-8.90441],[34.09823,-8.90217],[34.09574,-8.90284],[34.09597,-8.89955],[34.09431,-8.8994],[34.09452,-8.89801],[34.09648,-8.89767],[34.0982,-8.89583],[34.09844,-8.8939],[34.10006,-8.89456],[34.10141,-8.89065],[34.10097,-8.88961],[34.09551,-8.88728],[34.09647,-8.88044],[34.09326,-8.87287],[34.09783,-8.87061],[34.09742,-8.86683],[34.0994,-8.86301],[34.09794,-8.86093],[34.08771,-8.86646],[34.07333,-8.87236],[34.06602,-8.87698],[34.05712,-8.88041],[34.05608,-8.87918],[34.05787,-8.87825],[34.05858,-8.87632],[34.05852,-8.8739],[34.05718,-8.87188],[34.0583,-8.86644],[34.0569,-8.86192],[34.05803,-8.85959],[34.06452,-8.85679],[34.06652,-8.85405],[34.06862,-8.8473],[34.0718,-8.84426],[34.0777,-8.8425],[34.09554,-8.84045],[34.10389,-8.84273],[34.10785,-8.83928],[34.12159,-8.83876],[34.12192,-8.84559],[34.12625,-8.84394],[34.16043,-8.839],[34.16321,-8.83772]],[[34.20978,-9.02104],[34.20978,-9.02104],[34.20979,-9.02104],[34.20978,-9.02104]],[[34.21068,-9.03882],[34.21068,-9.03882],[34.21068,-9.03882],[34.21068,-9.03882]]]]},"properties":{"region":"Njombe","district":"Makete","ward":"Mfumbi","ward_code":"151"}},{"type":"Feature","geometry":{"type":"MultiPolygon","coordinates":[[[[34.21068,-9.03882],[34.21068,-9.03882],[34.21068,-9.03882],[34.21068,-9.03882]]],[[[34.20945,-9.02131],[34.20979,-9.02104],[34.20945,-9.02131],[34.20945,-9.02131]]],[[[34.21074,-8.94988],[34.20925,-8.95203],[34.21015,-8.95456],[34.2088,-8.95527],[34.20814,-8.95982],[34.20617,-8.96204],[34.20291,-8.96123],[34.20244,-8.9628],[34.20806,-8.96685],[34.20774,-8.9671],[34.20634,-8.96736],[34.20525,-8.96821],[34.20444,-8.97036],[34.20613,-8.97196],[34.20603,-8.97376],[34.20754,-8.97465],[34.2076,-8.97685],[34.20605,-8.97757],[34.20483,-8.9756],[34.20361,-8.97572],[34.2062,-8.97925],[34.20526,-8.98014],[34.20642,-8.9835],[34.20571,-8.98487],[34.19981,-8.98481],[34.20049,-8.98606],[34.2029,-8.98692],[34.2019,-8.98846],[34.20675,-8.99008],[34.20276,-8.993],[34.20323,-8.99422],[34.20521,-8.99469],[34.20314,-8.99822],[34.20509,-9.00302],[34.20426,-9.00483],[34.20591,-9.00725],[34.20821,-9.00827],[34.20941,-9.01093],[34.20902,-9.01352],[34.21081,-9.01796],[34.21028,-9.02043],[34.21133,-9.02075],[34.20978,-9.02104],[34.20945,-9.02131],[34.21084,-9.02385],[34.20764,-9.02529],[34.20701,-9.02678],[34.21006,-9.02571],[34.20963,-9.02689],[34.21052,-9.02644],[34.21168,-9.02751],[34.21169,-9.02902],[34.2116,-9.02915],[34.21147,-9.0293],[34.21114,-9.02941],[34.21075,-9.02936],[34.21065,-9.02953],[34.21062,-9.031],[34.20835,-9.0323],[34.20949,-9.03252],[34.21088,-9.03624],[34.21145,-9.03491],[34.2127,-9.03601],[34.21167,-9.03666],[34.21334,-9.03683],[34.21537,-9.03943],[34.213,-9.0414],[34.21269,-9.03858],[34.21176,-9.03857],[34.21068,-9.03882],[34.21066,-9.03882],[34.21215,-9.03965],[34.21215,-9.04027],[34.21153,-9.04138],[34.21269,-9.04491],[34.21447,-9.04345],[34.21503,-9.04602],[34.21756,-9.04443],[34.21939,-9.04536],[34.21902,-9.04643],[34.21777,-9.04647],[34.22072,-9.04702],[34.21983,-9.0485],[34.22118,-9.04958],[34.22033,-9.05059],[34.22257,-9.0541],[34.22064,-9.05714],[34.22093,-9.05804],[34.22159,-9.0561],[34.22317,-9.05621],[34.22262,-9.05836],[34.22289,-9.05942],[34.22319,-9.05872],[34.22456,-9.05945],[34.22366,-9.05999],[34.22518,-9.06453],[34.22708,-9.06434],[34.22793,-9.06582],[34.22656,-9.06578],[34.22843,-9.0662],[34.22766,-9.0675],[34.22624,-9.06753],[34.22826,-9.07027],[34.2262,-9.07247],[34.22684,-9.07401],[34.22978,-9.07456],[34.2306,-9.07782],[34.22949,-9.08014],[34.2323,-9.0821],[34.23966,-9.08404],[34.24495,-9.09037],[34.24238,-9.09838],[34.23289,-9.10085],[34.23579,-9.109],[34.23538,-9.11872],[34.23206,-9.12707],[34.22565,-9.15777],[34.22398,-9.15935],[34.22527,-9.16381],[34.2232,-9.16489],[34.22492,-9.17044],[34.22224,-9.17538],[34.22014,-9.17658],[34.21949,-9.17886],[34.21559,-9.18115],[34.21487,-9.18419],[34.21467,-9.18671],[34.2175,-9.19513],[34.21777,-9.20157],[34.21233,-9.19911],[34.19601,-9.18723],[34.19167,-9.18511],[34.18543,-9.18416],[34.17774,-9.18036],[34.17142,-9.17805],[34.16322,-9.17651],[34.15443,-9.17268],[34.13236,-9.14692],[34.11367,-9.13455],[34.10898,-9.13293],[34.08873,-9.14603],[34.09167,-9.13671],[34.09143,-9.13065],[34.08688,-9.12466],[34.08797,-9.11934],[34.10545,-9.09355],[34.10465,-9.08944],[34.09837,-9.07686],[34.09721,-9.06441],[34.10305,-9.05998],[34.1095,-9.05242],[34.11086,-9.04628],[34.10958,-9.0379],[34.11039,-9.03415],[34.11277,-9.02967],[34.11831,-9.02478],[34.11845,-9.02362],[34.12455,-9.0211],[34.1272,-9.01714],[34.12791,-9.01544],[34.12748,-9.0126],[34.12548,-9.00807],[34.12635,-9.00596],[34.12821,-9.00294],[34.13261,-9.00004],[34.13371,-9.00054],[34.13738,-8.99831],[34.13925,-8.99564],[34.13877,-8.99166],[34.14267,-8.98977],[34.14359,-8.98698],[34.14288,-8.98494],[34.14509,-8.98372],[34.14557,-8.97952],[34.14685,-8.9794],[34.14549,-8.96877],[34.14583,-8.96114],[34.14506,-8.9598],[34.14795,-8.95694],[34.149,-8.95304],[34.15051,-8.9544],[34.15264,-8.9534],[34.15252,-8.95646],[34.15797,-8.96359],[34.16175,-8.96331],[34.17262,-8.96907],[34.17441,-8.96725],[34.17856,-8.95064],[34.19559,-8.95159],[34.20367,-8.9535],[34.21074,-8.94988]],[[34.20769,-8.9671],[34.20754,-8.96713],[34.20774,-8.96709],[34.20769,-8.9671]],[[34.20423,-9.00472],[34.20427,-9.00479],[34.20437,-9.0045],[34.20423,-9.00472]],[[34.21148,-9.02929],[34.21131,-9.02935],[34.21147,-9.0293],[34.21148,-9.02929]],[[34.21192,-9.04063],[34.21175,-9.04094],[34.21214,-9.04028],[34.21192,-9.04063]],[[34.21106,-9.0294],[34.21114,-9.02941],[34.21115,-9.02941],[34.21106,-9.0294]],[[34.20343,-8.96134],[34.20342,-8.96135],[34.20372,-8.96127],[34.20343,-8.96134]],[[34.20343,-8.96134],[34.20342,-8.96134],[34.20338,-8.96133],[34.20343,-8.96134]]]]},"properties":{"region":"Njombe","district":"Makete","ward":"Kigala","ward_code":"211"}},{"type":"Feature","geometry":{"type":"Polygon","coordinates":[[[34.59255,-9.10049],[34.60107,-9.10312],[34.60849,-9.10417],[34.61498,-9.10971],[34.62388,-9.11464],[34.62549,-9.11696],[34.62546,-9.11885],[34.63033,-9.12321],[34.63186,-9.12309],[34.63319,-9.12529],[34.63235,-9.12824],[34.63373,-9.13344],[34.63587,-9.13316],[34.63635,-9.13202],[34.63661,-9.13462],[34.64081,-9.13779],[34.64265,-9.14196],[34.64245,-9.14827],[34.64321,-9.14993],[34.64136,-9.15532],[34.64197,-9.15669],[34.64077,-9.16142],[34.64279,-9.17082],[34.64542,-9.17043],[34.64812,-9.17219],[34.64927,-9.1735],[34.64843,-9.17503],[34.65023,-9.17976],[34.65144,-9.18066],[34.65129,-9.18215],[34.65423,-9.18574],[34.6581,-9.18895],[34.66326,-9.18946],[34.66588,-9.19119],[34.66768,-9.19748],[34.67139,-9.19831],[34.67448,-9.20162],[34.67696,-9.2016],[34.68017,-9.20378],[34.68218,-9.20586],[34.68375,-9.20951],[34.68324,-9.21021],[34.68452,-9.21183],[34.68354,-9.21559],[34.67692,-9.22294],[34.67578,-9.22645],[34.67172,-9.22897],[34.66853,-9.23267],[34.66769,-9.23469],[34.66876,-9.23845],[34.66509,-9.24286],[34.66451,-9.24498],[34.66442,-9.24828],[34.66591,-9.24997],[34.6615,-9.25354],[34.65934,-9.25379],[34.65828,-9.25636],[34.64599,-9.26565],[34.64134,-9.27075],[34.62567,-9.25987],[34.62535,-9.24377],[34.62192,-9.24541],[34.62162,-9.2473],[34.61671,-9.24793],[34.61451,-9.24964],[34.61106,-9.25522],[34.6119,-9.25977],[34.61103,-9.26293],[34.60953,-9.2644],[34.60302,-9.26096],[34.60213,-9.2613],[34.60129,-9.25929],[34.59857,-9.25917],[34.59696,-9.26099],[34.59462,-9.26127],[34.59151,-9.25919],[34.58928,-9.25933],[34.58895,-9.25803],[34.58527,-9.25656],[34.58517,-9.25496],[34.58412,-9.25529],[34.58132,-9.25286],[34.58007,-9.25282],[34.58014,-9.2516],[34.57885,-9.25199],[34.57628,-9.25059],[34.57536,-9.24912],[34.57655,-9.24635],[34.57064,-9.24479],[34.56756,-9.24044],[34.56597,-9.23979],[34.56363,-9.24049],[34.56394,-9.23942],[34.56196,-9.23843],[34.55909,-9.23897],[34.55682,-9.23525],[34.55501,-9.23481],[34.55443,-9.23269],[34.55218,-9.2317],[34.55061,-9.22948],[34.54718,-9.22917],[34.54664,-9.22683],[34.54448,-9.22714],[34.54408,-9.22864],[34.54261,-9.22802],[34.54183,-9.22912],[34.53994,-9.22808],[34.53876,-9.22566],[34.5379,-9.22601],[34.53858,-9.22548],[34.53695,-9.21521],[34.53715,-9.20849],[34.53374,-9.20143],[34.53687,-9.19951],[34.53649,-9.19688],[34.53948,-9.19083],[34.53798,-9.18926],[34.53818,-9.18687],[34.54028,-9.18223],[34.53974,-9.17935],[34.53776,-9.17764],[34.53843,-9.17539],[34.53766,-9.17249],[34.53866,-9.16497],[34.53991,-9.16344],[34.54554,-9.16564],[34.549,-9.16381],[34.55024,-9.16554],[34.55284,-9.16671],[34.55794,-9.16797],[34.56186,-9.16754],[34.56225,-9.16869],[34.56645,-9.17013],[34.57101,-9.16928],[34.57858,-9.17487],[34.58567,-9.17509],[34.5897,-9.17681],[34.59194,-9.17559],[34.59187,-9.16843],[34.59102,-9.16647],[34.581,-9.15638],[34.57606,-9.15268],[34.57589,-9.15115],[34.57395,-9.14905],[34.57342,-9.14534],[34.57024,-9.1441],[34.56815,-9.13899],[34.5702,-9.13394],[34.5668,-9.1325],[34.56509,-9.13271],[34.5635,-9.13134],[34.56393,-9.11305],[34.5662,-9.106],[34.56781,-9.10588],[34.5683,-9.10462],[34.5702,-9.10491],[34.57101,-9.10299],[34.57377,-9.10354],[34.57453,-9.10237],[34.57729,-9.10172],[34.58405,-9.10163],[34.58362,-9.10057],[34.58569,-9.09936],[34.59052,-9.10101],[34.59218,-9.09877],[34.59255,-9.10049]]]},"properties":{"region":"Njombe","district":"Wanging'ombe","ward":"Imalinyi","ward_code":"101"}},{"type":"Feature","geometry":{"type":"Polygon","coordinates":[[[34.62535,-9.24377],[34.62567,-9.25987],[34.6428,-9.27167],[34.64794,-9.27303],[34.66435,-9.27183],[34.68136,-9.27664],[34.68866,-9.27693],[34.69652,-9.27858],[34.69845,-9.2812],[34.68921,-9.2842],[34.69185,-9.29755],[34.68579,-9.30128],[34.68247,-9.31535],[34.68406,-9.32696],[34.68432,-9.3279],[34.68586,-9.32762],[34.68594,-9.34801],[34.6908,-9.35481],[34.69026,-9.38627],[34.69461,-9.39797],[34.67782,-9.40303],[34.66107,-9.40292],[34.63621,-9.40749],[34.61787,-9.41371],[34.61635,-9.41386],[34.6148,-9.41215],[34.61242,-9.415],[34.59838,-9.4097],[34.58925,-9.41252],[34.58704,-9.41166],[34.58354,-9.41391],[34.5754,-9.41489],[34.57415,-9.41291],[34.56649,-9.40712],[34.56601,-9.40464],[34.57341,-9.38931],[34.57336,-9.38681],[34.57628,-9.38176],[34.57628,-9.37902],[34.58061,-9.37112],[34.58596,-9.36752],[34.59026,-9.36031],[34.59139,-9.35282],[34.59463,-9.34698],[34.59436,-9.34487],[34.59314,-9.34466],[34.59809,-9.33784],[34.59681,-9.33469],[34.59446,-9.33295],[34.6068,-9.31502],[34.60913,-9.30958],[34.60991,-9.30298],[34.61277,-9.29928],[34.61507,-9.29148],[34.61744,-9.28916],[34.6171,-9.28571],[34.61466,-9.28119],[34.6144,-9.2751],[34.61715,-9.27168],[34.61445,-9.26964],[34.6146,-9.26665],[34.60953,-9.2644],[34.61103,-9.26293],[34.6119,-9.25977],[34.61106,-9.25522],[34.61615,-9.24827],[34.62162,-9.2473],[34.62192,-9.24541],[34.62535,-9.24377]]]},"properties":{"region":"Njombe","district":"Wanging'ombe","ward":"Ulembwe","ward_code":"111"}},{"type":"Feature","geometry":{"type":"Polygon","coordinates":[[[34.56111,-9.23832],[34.56394,-9.23942],[34.56363,-9.24049],[34.56597,-9.23979],[34.56756,-9.24044],[34.57064,-9.24479],[34.57655,-9.24635],[34.57536,-9.24912],[34.57628,-9.25059],[34.57885,-9.25199],[34.58014,-9.2516],[34.58007,-9.25282],[34.58132,-9.25286],[34.58412,-9.25529],[34.58517,-9.25496],[34.58527,-9.25656],[34.58895,-9.25803],[34.58928,-9.25933],[34.59151,-9.25919],[34.59462,-9.26127],[34.59696,-9.26099],[34.59857,-9.25917],[34.60129,-9.25929],[34.60213,-9.2613],[34.60302,-9.26096],[34.6146,-9.26665],[34.61445,-9.26964],[34.61715,-9.27168],[34.6144,-9.2751],[34.61466,-9.28119],[34.6171,-9.28571],[34.61744,-9.28916],[34.61507,-9.29148],[34.61277,-9.29928],[34.60991,-9.30298],[34.60913,-9.30958],[34.6068,-9.31502],[34.59446,-9.33295],[34.59681,-9.33469],[34.59809,-9.33784],[34.59314,-9.34466],[34.59436,-9.34487],[34.59463,-9.34698],[34.59139,-9.35282],[34.59026,-9.36031],[34.58596,-9.36752],[34.58061,-9.37112],[34.57628,-9.37902],[34.57628,-9.38176],[34.57336,-9.38681],[34.57341,-9.38931],[34.56601,-9.40464],[34.56649,-9.40712],[34.57415,-9.41291],[34.5754,-9.41489],[34.56824,-9.42027],[34.55698,-9.4199],[34.54186,-9.41246],[34.53709,-9.40883],[34.53245,-9.40866],[34.52919,-9.40461],[34.51439,-9.39956],[34.50626,-9.39524],[34.51024,-9.38055],[34.50809,-9.36964],[34.50539,-9.36346],[34.49767,-9.35106],[34.50833,-9.34682],[34.51024,-9.34143],[34.52618,-9.32293],[34.5295,-9.31615],[34.52936,-9.31332],[34.53092,-9.31292],[34.53179,-9.30966],[34.53543,-9.30545],[34.53596,-9.30313],[34.53848,-9.30202],[34.54196,-9.29597],[34.54933,-9.29314],[34.55018,-9.29007],[34.55304,-9.28931],[34.55371,-9.28104],[34.55654,-9.27331],[34.56056,-9.26616],[34.55848,-9.26268],[34.55975,-9.2539],[34.55744,-9.25183],[34.56092,-9.25009],[34.55819,-9.24748],[34.55921,-9.24572],[34.55801,-9.2443],[34.55937,-9.24349],[34.55864,-9.23917],[34.56111,-9.23832]]]},"properties":{"region":"Njombe","district":"Wanging'ombe","ward":"Makoga","ward_code":"121"}},{"type":"Feature","geometry":{"type":"Polygon","coordinates":[[[34.36838,-9.20835],[34.37524,-9.21016],[34.3816,-9.20693],[34.39434,-9.21427],[34.40012,-9.21902],[34.40264,-9.21659],[34.40663,-9.21698],[34.40736,-9.21901],[34.406,-9.22022],[34.40669,-9.22154],[34.408,-9.221],[34.4091,-9.22209],[34.40773,-9.22349],[34.4109,-9.22617],[34.41118,-9.22835],[34.41542,-9.23],[34.41698,-9.23317],[34.41908,-9.23429],[34.41914,-9.23356],[34.42001,-9.23389],[34.41969,-9.23588],[34.42097,-9.23737],[34.42016,-9.23758],[34.41984,-9.24041],[34.41855,-9.24176],[34.4197,-9.24151],[34.41935,-9.24403],[34.42406,-9.24496],[34.42566,-9.24647],[34.42703,-9.24527],[34.42784,-9.24681],[34.42949,-9.24595],[34.43223,-9.24684],[34.43527,-9.24478],[34.43523,-9.24075],[34.43944,-9.23862],[34.44147,-9.23892],[34.44641,-9.23709],[34.46051,-9.24245],[34.46378,-9.24173],[34.46563,-9.23485],[34.47313,-9.2393],[34.4742,-9.26064],[34.48245,-9.28048],[34.4813,-9.28429],[34.485,-9.28722],[34.48562,-9.289],[34.48502,-9.29103],[34.48567,-9.30129],[34.48492,-9.30319],[34.48852,-9.3125],[34.48955,-9.31851],[34.4938,-9.32776],[34.49471,-9.33235],[34.49386,-9.33621],[34.49437,-9.34322],[34.49607,-9.34947],[34.50539,-9.36346],[34.50809,-9.36964],[34.51024,-9.38055],[34.50626,-9.39524],[34.51439,-9.39956],[34.52919,-9.40461],[34.53245,-9.40866],[34.53709,-9.40883],[34.54186,-9.41246],[34.55698,-9.4199],[34.56824,-9.42027],[34.56756,-9.42257],[34.56987,-9.42766],[34.57211,-9.43935],[34.56664,-9.44192],[34.56197,-9.44183],[34.55723,-9.4304],[34.55468,-9.42719],[34.55105,-9.42613],[34.54309,-9.43329],[34.53552,-9.43788],[34.53227,-9.4387],[34.5245,-9.43832],[34.51534,-9.44228],[34.50922,-9.44335],[34.50668,-9.43882],[34.49891,-9.44058],[34.49573,-9.44404],[34.48726,-9.44785],[34.48571,-9.44728],[34.48378,-9.44808],[34.47961,-9.45339],[34.47423,-9.45066],[34.4738,-9.44617],[34.47569,-9.43955],[34.46615,-9.43285],[34.45877,-9.41886],[34.45335,-9.40519],[34.4471,-9.3961],[34.43933,-9.38056],[34.43533,-9.37599],[34.43185,-9.36492],[34.42813,-9.35816],[34.41518,-9.35431],[34.40933,-9.35151],[34.39269,-9.33829],[34.38182,-9.33156],[34.3802,-9.32848],[34.35431,-9.30768],[34.34197,-9.29947],[34.33002,-9.2977],[34.3257,-9.29589],[34.32261,-9.28026],[34.3223,-9.27354],[34.32043,-9.26981],[34.31804,-9.26863],[34.3102,-9.26938],[34.30749,-9.26782],[34.30245,-9.2618],[34.30225,-9.25822],[34.30084,-9.25609],[34.28759,-9.2508],[34.28141,-9.24989],[34.27472,-9.24125],[34.27473,-9.2398],[34.28307,-9.22441],[34.28528,-9.21399],[34.32842,-9.19313],[34.33568,-9.19198],[34.36838,-9.20835]]]},"properties":{"region":"Njombe","district":"Wanging'ombe","ward":"Kipengele(Kipengere)","ward_code":"131"}},{"type":"Feature","geometry":{"type":"Polygon","coordinates":[[[34.52014,-9.21961],[34.52281,-9.22072],[34.5243,-9.22265],[34.52561,-9.22293],[34.52564,-9.22229],[34.52809,-9.22481],[34.52708,-9.22528],[34.5285,-9.22603],[34.53177,-9.22519],[34.5352,-9.22633],[34.53544,-9.22557],[34.53635,-9.22664],[34.53647,-9.22572],[34.53876,-9.22566],[34.53994,-9.22808],[34.54183,-9.22912],[34.54261,-9.22802],[34.54408,-9.22864],[34.54448,-9.22714],[34.54664,-9.22683],[34.54718,-9.22917],[34.55061,-9.22948],[34.55218,-9.2317],[34.55443,-9.23269],[34.55501,-9.23481],[34.55682,-9.23525],[34.5592,-9.23852],[34.55859,-9.23976],[34.55937,-9.24349],[34.55801,-9.2443],[34.55921,-9.24572],[34.55819,-9.24748],[34.56092,-9.25009],[34.55744,-9.25183],[34.55975,-9.2539],[34.55848,-9.26268],[34.56056,-9.26616],[34.55654,-9.27331],[34.55371,-9.28104],[34.55304,-9.28931],[34.55018,-9.29007],[34.54933,-9.29314],[34.54196,-9.29597],[34.53848,-9.30202],[34.53596,-9.30313],[34.53543,-9.30545],[34.53179,-9.30966],[34.53092,-9.31292],[34.52936,-9.31332],[34.5295,-9.31615],[34.52618,-9.32293],[34.51024,-9.34143],[34.50833,-9.34682],[34.49767,-9.35106],[34.49607,-9.34947],[34.49437,-9.34322],[34.49386,-9.33621],[34.49471,-9.33235],[34.4938,-9.32776],[34.48955,-9.31851],[34.48852,-9.3125],[34.48492,-9.30319],[34.48567,-9.30129],[34.48502,-9.29103],[34.48562,-9.289],[34.485,-9.28722],[34.4813,-9.28429],[34.48245,-9.28048],[34.4742,-9.26064],[34.47313,-9.2393],[34.46563,-9.23485],[34.48595,-9.23433],[34.48701,-9.23322],[34.48491,-9.23143],[34.48531,-9.23015],[34.48969,-9.22978],[34.49041,-9.22777],[34.49448,-9.22789],[34.49536,-9.22683],[34.49851,-9.22864],[34.49994,-9.22675],[34.50506,-9.22476],[34.50529,-9.2231],[34.50717,-9.22224],[34.50982,-9.22265],[34.5141,-9.21967],[34.52014,-9.21961]]]},"properties":{"region":"Njombe","district":"Wanging'ombe","ward":"Igosi","ward_code":"141"}},{"type":"Feature","geometry":{"type":"Polygon","coordinates":[[[34.49044,-9.1439],[34.49209,-9.14646],[34.49182,-9.15166],[34.48953,-9.15962],[34.49367,-9.15853],[34.49719,-9.15425],[34.50006,-9.15324],[34.50637,-9.1523],[34.50682,-9.15516],[34.50944,-9.15574],[34.50822,-9.15836],[34.50957,-9.1621],[34.50834,-9.16178],[34.50891,-9.16247],[34.50638,-9.16466],[34.50828,-9.16499],[34.50755,-9.16709],[34.50919,-9.16728],[34.50942,-9.16846],[34.50488,-9.17489],[34.50609,-9.17595],[34.50685,-9.18264],[34.50805,-9.18408],[34.50915,-9.1834],[34.50978,-9.18467],[34.50809,-9.18578],[34.50657,-9.18879],[34.50761,-9.18928],[34.50596,-9.19083],[34.50595,-9.19196],[34.5072,-9.19218],[34.50638,-9.19265],[34.50644,-9.19521],[34.50452,-9.19542],[34.50392,-9.19721],[34.50673,-9.19902],[34.50691,-9.19802],[34.50752,-9.19833],[34.50816,-9.19954],[34.50991,-9.19891],[34.51016,-9.20057],[34.51819,-9.20376],[34.51715,-9.20441],[34.51813,-9.20507],[34.51662,-9.2072],[34.51703,-9.20814],[34.51564,-9.20804],[34.51504,-9.20894],[34.51564,-9.21021],[34.51604,-9.20946],[34.51697,-9.21034],[34.51757,-9.21232],[34.5164,-9.21346],[34.5198,-9.21645],[34.51996,-9.21919],[34.5141,-9.21967],[34.50982,-9.22265],[34.50717,-9.22224],[34.50529,-9.2231],[34.50506,-9.22476],[34.49994,-9.22675],[34.49851,-9.22864],[34.49536,-9.22683],[34.49448,-9.22789],[34.49041,-9.22777],[34.48969,-9.22978],[34.48531,-9.23015],[34.48491,-9.23143],[34.48701,-9.23322],[34.48595,-9.23433],[34.46569,-9.23482],[34.46378,-9.24173],[34.46051,-9.24245],[34.44641,-9.23709],[34.44147,-9.23892],[34.43944,-9.23862],[34.43523,-9.24075],[34.43527,-9.24478],[34.43223,-9.24684],[34.42949,-9.24595],[34.42784,-9.24681],[34.42703,-9.24527],[34.42566,-9.24647],[34.42406,-9.24496],[34.41935,-9.24403],[34.4197,-9.24151],[34.41855,-9.24176],[34.41984,-9.24041],[34.42016,-9.23758],[34.42097,-9.23737],[34.41969,-9.23588],[34.42001,-9.23389],[34.41914,-9.23356],[34.41908,-9.23429],[34.41698,-9.23317],[34.41542,-9.23],[34.41118,-9.22835],[34.4109,-9.22617],[34.40773,-9.22349],[34.4091,-9.22209],[34.408,-9.221],[34.40669,-9.22154],[34.406,-9.22022],[34.40736,-9.21901],[34.40663,-9.21698],[34.40264,-9.21659],[34.40012,-9.21902],[34.39434,-9.21427],[34.3816,-9.20693],[34.37524,-9.21016],[34.36838,-9.20835],[34.33568,-9.19198],[34.36177,-9.18786],[34.37423,-9.16874],[34.38915,-9.14964],[34.40079,-9.1443],[34.41734,-9.14506],[34.42554,-9.14744],[34.43619,-9.1482],[34.44309,-9.1429],[34.4462,-9.14899],[34.44979,-9.15233],[34.45518,-9.15412],[34.45637,-9.14975],[34.45889,-9.14911],[34.46153,-9.15029],[34.47127,-9.14884],[34.47158,-9.14546],[34.47522,-9.14389],[34.47899,-9.14432],[34.48602,-9.13878],[34.48879,-9.13844],[34.49085,-9.14308],[34.49044,-9.1439]]]},"properties":{"region":"Njombe","district":"Wanging'ombe","ward":"Wangama","ward_code":"151"}},{"type":"Feature","geometry":{"type":"Polygon","coordinates":[[[34.50041,-9.05949],[34.4999,-9.06252],[34.50271,-9.0664],[34.50454,-9.06556],[34.50541,-9.06362],[34.51176,-9.06682],[34.51255,-9.06871],[34.51574,-9.07084],[34.51994,-9.07237],[34.51966,-9.07376],[34.52252,-9.0758],[34.52226,-9.07854],[34.52308,-9.07945],[34.52236,-9.08342],[34.52427,-9.08349],[34.52482,-9.08217],[34.52711,-9.08379],[34.52675,-9.08664],[34.52903,-9.09042],[34.53052,-9.09116],[34.53018,-9.09573],[34.53152,-9.09664],[34.53298,-9.09629],[34.53574,-9.09831],[34.53834,-9.10378],[34.54119,-9.10423],[34.54082,-9.10748],[34.5451,-9.10978],[34.54568,-9.10825],[34.54711,-9.10987],[34.54847,-9.10976],[34.54702,-9.10764],[34.54779,-9.10581],[34.54733,-9.10305],[34.55076,-9.1017],[34.55233,-9.10212],[34.554,-9.10091],[34.55402,-9.1023],[34.55663,-9.10229],[34.55671,-9.10333],[34.56121,-9.10517],[34.56218,-9.10705],[34.5662,-9.106],[34.56393,-9.11305],[34.56349,-9.13171],[34.5702,-9.13394],[34.56815,-9.13899],[34.57024,-9.1441],[34.57342,-9.14534],[34.57395,-9.14905],[34.57589,-9.15115],[34.57606,-9.15268],[34.581,-9.15638],[34.59102,-9.16647],[34.59187,-9.16843],[34.59194,-9.17559],[34.5897,-9.17681],[34.58567,-9.17509],[34.57858,-9.17487],[34.57101,-9.16928],[34.56645,-9.17013],[34.56225,-9.16869],[34.56186,-9.16754],[34.55794,-9.16797],[34.55284,-9.16671],[34.55024,-9.16554],[34.549,-9.16381],[34.54554,-9.16564],[34.53991,-9.16344],[34.53866,-9.16497],[34.53766,-9.17249],[34.53843,-9.17539],[34.53776,-9.17764],[34.53974,-9.17935],[34.54028,-9.18223],[34.53818,-9.18687],[34.53798,-9.18926],[34.53948,-9.19083],[34.53649,-9.19688],[34.53687,-9.19951],[34.53374,-9.20143],[34.53715,-9.20849],[34.53695,-9.21521],[34.53858,-9.22548],[34.53647,-9.22572],[34.53635,-9.22664],[34.53544,-9.22557],[34.5352,-9.22633],[34.53177,-9.22519],[34.5285,-9.22603],[34.52708,-9.22528],[34.52809,-9.22481],[34.52564,-9.22229],[34.52561,-9.22293],[34.5243,-9.22265],[34.52281,-9.22072],[34.5203,-9.21992],[34.5198,-9.21645],[34.5164,-9.21346],[34.51757,-9.21232],[34.51697,-9.21034],[34.51604,-9.20946],[34.51564,-9.21021],[34.51504,-9.20894],[34.51564,-9.20804],[34.51703,-9.20814],[34.51662,-9.2072],[34.51813,-9.20507],[34.51715,-9.20441],[34.51819,-9.20376],[34.51016,-9.20057],[34.50991,-9.19891],[34.50816,-9.19954],[34.50752,-9.19833],[34.50691,-9.19802],[34.50673,-9.19902],[34.50392,-9.19721],[34.50452,-9.19542],[34.50644,-9.19521],[34.50638,-9.19265],[34.5072,-9.19218],[34.50595,-9.19196],[34.50596,-9.19083],[34.50761,-9.18928],[34.50657,-9.18879],[34.50809,-9.18578],[34.50978,-9.18467],[34.50915,-9.1834],[34.50805,-9.18408],[34.50685,-9.18264],[34.50609,-9.17595],[34.50488,-9.17489],[34.50942,-9.16846],[34.50919,-9.16728],[34.50755,-9.16709],[34.50828,-9.16499],[34.50638,-9.16466],[34.50891,-9.16247],[34.50834,-9.16178],[34.50957,-9.1621],[34.50822,-9.15836],[34.50944,-9.15574],[34.50682,-9.15516],[34.50637,-9.1523],[34.50006,-9.15324],[34.49719,-9.15425],[34.49367,-9.15853],[34.48953,-9.15962],[34.49182,-9.15166],[34.49209,-9.14646],[34.49047,-9.14498],[34.49085,-9.14308],[34.48879,-9.13844],[34.49239,-9.12917],[34.49266,-9.12628],[34.49715,-9.12439],[34.49794,-9.12242],[34.49989,-9.12235],[34.49993,-9.12112],[34.49648,-9.11851],[34.49531,-9.11574],[34.50021,-9.11507],[34.49986,-9.11429],[34.50065,-9.11401],[34.50051,-9.11139],[34.49949,-9.1115],[34.49919,-9.10988],[34.50118,-9.09948],[34.49921,-9.09846],[34.50059,-9.09665],[34.4996,-9.09639],[34.4996,-9.09543],[34.50368,-9.09476],[34.50319,-9.09375],[34.50429,-9.09256],[34.50349,-9.09198],[34.5044,-9.09119],[34.50084,-9.09107],[34.50188,-9.08891],[34.50094,-9.08781],[34.50166,-9.08423],[34.49859,-9.08204],[34.49886,-9.08104],[34.49623,-9.08098],[34.49539,-9.07921],[34.49597,-9.07768],[34.49728,-9.07778],[34.49705,-9.07682],[34.49916,-9.07573],[34.49992,-9.07291],[34.4975,-9.07294],[34.49858,-9.0724],[34.49827,-9.0703],[34.4973,-9.07155],[34.49234,-9.06844],[34.49188,-9.06671],[34.49472,-9.06426],[34.49404,-9.0622],[34.49623,-9.06163],[34.49628,-9.05989],[34.50041,-9.05949]]]},"properties":{"region":"Njombe","district":"Wanging'ombe","ward":"Kidugala","ward_code":"161"}},{"type":"Feature","geometry":{"type":"MultiPolygon","coordinates":[[[[34.58517,-8.93153],[34.58517,-8.93153],[34.58517,-8.93153],[34.58517,-8.93153]]],[[[34.58518,-8.93152],[34.58119,-8.92214],[34.58272,-8.92308],[34.58403,-8.92236],[34.58788,-8.92452],[34.58872,-8.92595],[34.58936,-8.92545],[34.59295,-8.92885],[34.5933,-8.93112],[34.596,-8.93178],[34.59558,-8.93359],[34.59818,-8.93476],[34.5994,-8.93866],[34.60436,-8.93943],[34.60873,-8.94346],[34.60931,-8.9467],[34.62295,-8.94964],[34.62681,-8.94969],[34.63499,-8.95249],[34.63475,-8.95492],[34.63737,-8.95627],[34.63955,-8.9611],[34.64571,-8.96204],[34.64686,-8.96144],[34.65083,-8.96438],[34.65878,-8.96603],[34.65902,-8.96684],[34.66214,-8.96763],[34.66719,-8.97456],[34.67134,-8.97616],[34.67296,-8.97817],[34.67512,-8.97774],[34.67747,-8.98055],[34.67847,-8.9795],[34.68447,-8.97907],[34.68515,-8.97774],[34.69524,-8.97782],[34.70128,-8.97556],[34.70783,-8.97684],[34.71286,-8.97876],[34.71481,-8.98069],[34.72268,-8.97952],[34.72353,-8.97838],[34.72835,-8.97851],[34.73217,-8.98117],[34.7343,-8.98929],[34.73221,-8.99856],[34.72501,-9.01009],[34.72523,-9.01387],[34.72319,-9.01629],[34.71972,-9.01549],[34.71033,-9.01805],[34.70968,-9.01946],[34.7023,-9.02531],[34.69525,-9.02886],[34.69184,-9.02721],[34.68461,-9.03126],[34.6764,-9.03426],[34.67592,-9.03146],[34.67483,-9.03159],[34.67475,-9.03357],[34.67081,-9.03471],[34.65932,-9.03514],[34.65375,-9.0249],[34.65555,-9.0096],[34.64633,-9.00887],[34.64571,-9.00764],[34.63547,-9.00765],[34.63083,-9.00983],[34.62633,-9.00576],[34.61885,-9.00155],[34.61805,-8.99857],[34.61406,-8.99575],[34.61357,-8.99344],[34.60863,-8.98921],[34.60902,-8.98812],[34.60369,-8.97943],[34.60642,-8.97264],[34.60454,-8.97289],[34.60375,-8.97176],[34.60529,-8.96814],[34.59631,-8.96558],[34.59067,-8.96658],[34.58929,-8.9658],[34.59336,-8.95797],[34.58927,-8.95477],[34.59192,-8.94906],[34.59054,-8.9443],[34.58839,-8.94263],[34.58395,-8.93523],[34.58518,-8.93152]]]]},"properties":{"region":"Njombe","district":"Wanging'ombe","ward":"Usuka","ward_code":"061"}},{"type":"Feature","geometry":{"type":"Polygon","coordinates":[[[34.59631,-8.96558],[34.60529,-8.96814],[34.60375,-8.97176],[34.60454,-8.97289],[34.60642,-8.97264],[34.60369,-8.97943],[34.60902,-8.98812],[34.60863,-8.98921],[34.61357,-8.99344],[34.61406,-8.99575],[34.61805,-8.99857],[34.61885,-9.00155],[34.62039,-9.00289],[34.62633,-9.00576],[34.63083,-9.00983],[34.63547,-9.00765],[34.64571,-9.00764],[34.64633,-9.00887],[34.65555,-9.0096],[34.65375,-9.0249],[34.65932,-9.03514],[34.67081,-9.03471],[34.67475,-9.03357],[34.67483,-9.03159],[34.67592,-9.03146],[34.6764,-9.03426],[34.68461,-9.03126],[34.69184,-9.02721],[34.69115,-9.03285],[34.68863,-9.03649],[34.68988,-9.03758],[34.68908,-9.0402],[34.69079,-9.04183],[34.68988,-9.04576],[34.6883,-9.04806],[34.68891,-9.04924],[34.68792,-9.04991],[34.68899,-9.05197],[34.68805,-9.05429],[34.68916,-9.05524],[34.68807,-9.0619],[34.6898,-9.07104],[34.68809,-9.07794],[34.68682,-9.0808],[34.68391,-9.07901],[34.66998,-9.07545],[34.6531,-9.07286],[34.64777,-9.07364],[34.63531,-9.07745],[34.63069,-9.0826],[34.62741,-9.08447],[34.62242,-9.08495],[34.62117,-9.08658],[34.61182,-9.08829],[34.60916,-9.08664],[34.60587,-9.08781],[34.60192,-9.09157],[34.59974,-9.09197],[34.59762,-9.09425],[34.59648,-9.094],[34.59052,-9.10101],[34.58569,-9.09936],[34.58362,-9.10057],[34.58405,-9.10163],[34.57729,-9.10172],[34.57453,-9.10237],[34.57377,-9.10354],[34.57101,-9.10299],[34.5702,-9.10491],[34.5683,-9.10462],[34.56781,-9.10588],[34.56218,-9.10705],[34.56121,-9.10517],[34.55671,-9.10333],[34.55663,-9.10229],[34.55402,-9.1023],[34.554,-9.10091],[34.55233,-9.10212],[34.55076,-9.1017],[34.54733,-9.10305],[34.54779,-9.10581],[34.54702,-9.10764],[34.54847,-9.10976],[34.54711,-9.10987],[34.54568,-9.10825],[34.5451,-9.10978],[34.54407,-9.10943],[34.54082,-9.10748],[34.54119,-9.10423],[34.53834,-9.10378],[34.53574,-9.09831],[34.53298,-9.09629],[34.53152,-9.09664],[34.53018,-9.09573],[34.53052,-9.09116],[34.52903,-9.09042],[34.52675,-9.08664],[34.52711,-9.08379],[34.52585,-9.08232],[34.52298,-9.0837],[34.52211,-9.08282],[34.52308,-9.07945],[34.52226,-9.07854],[34.52221,-9.0752],[34.52047,-9.07477],[34.51994,-9.07237],[34.51574,-9.07084],[34.53911,-9.04012],[34.54238,-9.03427],[34.54958,-9.03263],[34.55304,-9.01912],[34.55243,-9.01203],[34.55552,-9.00294],[34.55966,-8.99988],[34.56084,-8.99559],[34.56353,-8.99082],[34.56999,-8.98595],[34.57758,-8.9698],[34.57961,-8.96811],[34.58929,-8.9658],[34.59067,-8.96658],[34.59631,-8.96558]]]},"properties":{"region":"Njombe","district":"Wanging'ombe","ward":"Igwachanya","ward_code":"073"}},{"type":"Feature","geometry":{"type":"Polygon","coordinates":[[[34.67412,-9.07711],[34.67774,-9.07706],[34.68535,-9.0796],[34.68921,-9.08353],[34.68802,-9.08928],[34.68881,-9.09308],[34.69142,-9.09717],[34.69991,-9.09951],[34.70863,-9.10389],[34.71561,-9.1106],[34.71689,-9.11568],[34.72067,-9.11958],[34.72604,-9.13355],[34.72709,-9.14247],[34.7284,-9.14596],[34.72745,-9.14712],[34.72766,-9.15135],[34.72902,-9.15444],[34.7277,-9.16194],[34.72507,-9.1659],[34.72583,-9.16749],[34.72531,-9.17155],[34.72411,-9.17443],[34.71951,-9.17978],[34.71229,-9.17977],[34.71064,-9.17848],[34.70801,-9.17896],[34.70722,-9.18143],[34.69696,-9.18571],[34.68852,-9.19059],[34.68361,-9.19663],[34.67696,-9.2016],[34.67448,-9.20162],[34.67139,-9.19831],[34.66768,-9.19748],[34.66588,-9.19119],[34.66326,-9.18946],[34.6581,-9.18895],[34.65423,-9.18574],[34.65129,-9.18215],[34.65144,-9.18066],[34.64922,-9.17753],[34.64843,-9.17503],[34.64927,-9.1735],[34.64542,-9.17043],[34.64279,-9.17082],[34.64077,-9.16142],[34.64197,-9.15669],[34.64136,-9.15532],[34.64321,-9.14993],[34.64245,-9.14827],[34.64265,-9.14196],[34.64081,-9.13779],[34.63661,-9.13462],[34.63635,-9.13202],[34.63587,-9.13316],[34.63373,-9.13344],[34.63235,-9.12824],[34.63319,-9.12529],[34.63186,-9.12309],[34.63033,-9.12321],[34.62546,-9.11885],[34.62549,-9.11696],[34.62388,-9.11464],[34.61498,-9.10971],[34.60849,-9.10417],[34.60107,-9.10312],[34.5921,-9.10012],[34.59218,-9.09877],[34.59648,-9.094],[34.59762,-9.09425],[34.59974,-9.09197],[34.60192,-9.09157],[34.60587,-9.08781],[34.60916,-9.08664],[34.61182,-9.08829],[34.62117,-9.08658],[34.62242,-9.08495],[34.62741,-9.08447],[34.63069,-9.0826],[34.63531,-9.07745],[34.64777,-9.07364],[34.6531,-9.07286],[34.66998,-9.07545],[34.67412,-9.07711]]]},"properties":{"region":"Njombe","district":"Wanging'ombe","ward":"Mdandu","ward_code":"081"}},{"type":"Feature","geometry":{"type":"Polygon","coordinates":[[[34.78368,-9.11171],[34.79533,-9.11701],[34.79621,-9.11226],[34.80063,-9.10532],[34.80243,-9.10703],[34.81133,-9.10968],[34.81603,-9.11705],[34.82231,-9.11757],[34.8235,-9.1205],[34.82688,-9.11842],[34.83029,-9.12062],[34.83705,-9.12022],[34.83533,-9.12548],[34.82153,-9.13992],[34.81959,-9.14513],[34.8189,-9.15232],[34.81718,-9.15771],[34.8175,-9.16783],[34.81614,-9.17826],[34.81933,-9.18847],[34.81297,-9.19616],[34.80976,-9.20187],[34.80091,-9.20783],[34.79019,-9.20741],[34.78568,-9.20619],[34.78364,-9.2049],[34.78892,-9.20094],[34.79063,-9.19591],[34.79449,-9.18956],[34.78376,-9.18814],[34.78603,-9.19444],[34.78593,-9.19957],[34.78449,-9.20337],[34.77367,-9.20779],[34.7674,-9.20928],[34.76214,-9.2152],[34.76244,-9.23255],[34.76063,-9.23488],[34.74562,-9.23231],[34.7404,-9.2285],[34.72579,-9.22983],[34.72305,-9.24326],[34.71543,-9.25222],[34.70657,-9.24951],[34.69695,-9.24822],[34.69836,-9.25515],[34.69425,-9.25971],[34.6921,-9.26556],[34.69331,-9.27305],[34.69652,-9.27858],[34.68866,-9.27693],[34.68136,-9.27664],[34.66435,-9.27183],[34.64794,-9.27303],[34.64134,-9.27075],[34.64599,-9.26565],[34.65828,-9.25636],[34.65934,-9.25379],[34.6615,-9.25354],[34.66591,-9.24997],[34.66442,-9.24828],[34.66451,-9.24498],[34.66509,-9.24286],[34.66876,-9.23845],[34.66769,-9.23469],[34.66853,-9.23267],[34.67172,-9.22897],[34.67578,-9.22645],[34.67605,-9.22427],[34.68354,-9.21559],[34.68434,-9.21309],[34.68218,-9.20586],[34.67696,-9.2016],[34.68361,-9.19663],[34.68852,-9.19059],[34.69696,-9.18571],[34.70722,-9.18143],[34.70801,-9.17896],[34.71064,-9.17848],[34.71229,-9.17977],[34.71951,-9.17978],[34.72411,-9.17443],[34.72583,-9.16749],[34.72507,-9.1659],[34.7277,-9.16194],[34.72902,-9.15444],[34.72766,-9.15135],[34.72745,-9.14712],[34.7284,-9.14596],[34.72709,-9.14247],[34.72629,-9.13457],[34.72211,-9.12383],[34.73374,-9.12687],[34.73823,-9.1259],[34.73964,-9.12465],[34.73671,-9.11715],[34.73836,-9.11642],[34.74095,-9.11303],[34.74523,-9.11366],[34.75138,-9.11031],[34.75394,-9.10703],[34.75899,-9.10493],[34.78368,-9.11171]]]},"properties":{"region":"Njombe","district":"Wanging'ombe","ward":"Igima","ward_code":"091"}},{"type":"Feature","geometry":{"type":"Polygon","coordinates":[[[34.71972,-9.01549],[34.723,-9.0163],[34.72467,-9.02186],[34.73197,-9.02839],[34.74839,-9.03499],[34.75497,-9.04103],[34.77062,-9.04696],[34.77249,-9.04992],[34.77638,-9.05182],[34.77767,-9.05925],[34.78046,-9.06643],[34.77968,-9.06873],[34.78032,-9.07458],[34.77782,-9.08202],[34.7789,-9.08822],[34.7878,-9.09364],[34.7896,-9.09661],[34.78932,-9.10002],[34.79923,-9.10311],[34.80063,-9.10532],[34.79621,-9.11226],[34.79533,-9.11701],[34.78368,-9.11171],[34.75899,-9.10493],[34.75394,-9.10703],[34.75138,-9.11031],[34.74523,-9.11366],[34.74095,-9.11303],[34.73836,-9.11642],[34.73671,-9.11715],[34.73964,-9.12465],[34.73823,-9.1259],[34.73374,-9.12687],[34.72211,-9.12383],[34.72067,-9.11958],[34.71689,-9.11568],[34.71561,-9.1106],[34.70863,-9.10389],[34.69991,-9.09951],[34.69142,-9.09717],[34.68881,-9.09308],[34.68802,-9.08928],[34.68921,-9.08353],[34.68682,-9.0808],[34.6898,-9.07104],[34.68807,-9.0619],[34.68916,-9.05524],[34.68805,-9.05429],[34.68899,-9.05197],[34.68792,-9.04991],[34.68891,-9.04924],[34.6883,-9.04806],[34.68988,-9.04576],[34.69079,-9.04183],[34.68908,-9.0402],[34.68988,-9.03758],[34.68863,-9.03649],[34.69115,-9.03285],[34.69184,-9.02721],[34.69525,-9.02886],[34.7023,-9.02531],[34.70968,-9.01946],[34.71033,-9.01805],[34.71972,-9.01549]]]},"properties":{"region":"Njombe","district":"Wanging'ombe","ward":"Itulahumba","ward_code":"181"}},{"type":"Feature","geometry":{"type":"Polygon","coordinates":[[[34.714,-8.67194],[34.71448,-8.67313],[34.71662,-8.67219],[34.71753,-8.67329],[34.71915,-8.67244],[34.7214,-8.67293],[34.72128,-8.67389],[34.72724,-8.6751],[34.7282,-8.67668],[34.72855,-8.67523],[34.72958,-8.67551],[34.7298,-8.67678],[34.73468,-8.67657],[34.73517,-8.67804],[34.7366,-8.67886],[34.73756,-8.67832],[34.73802,-8.68138],[34.74191,-8.68145],[34.75025,-8.68692],[34.7537,-8.68736],[34.75457,-8.68623],[34.75648,-8.68687],[34.76181,-8.68393],[34.76731,-8.6796],[34.76935,-8.6809],[34.77052,-8.68033],[34.77156,-8.67821],[34.77328,-8.67887],[34.7744,-8.6783],[34.77458,-8.67951],[34.77633,-8.68069],[34.77686,-8.67897],[34.77821,-8.67839],[34.78014,-8.67892],[34.7872,-8.67718],[34.79547,-8.67826],[34.79834,-8.67704],[34.80141,-8.67958],[34.80521,-8.68492],[34.80803,-8.68532],[34.81121,-8.6874],[34.8207,-8.68455],[34.8274,-8.68559],[34.83146,-8.68418],[34.84355,-8.68599],[34.8495,-8.68972],[34.86165,-8.68738],[34.87163,-8.69399],[34.8827,-8.70437],[34.88697,-8.70667],[34.89579,-8.7211],[34.90228,-8.72468],[34.89894,-8.73015],[34.89139,-8.73775],[34.88977,-8.73702],[34.88277,-8.74146],[34.88079,-8.74903],[34.87779,-8.75333],[34.87851,-8.76159],[34.87626,-8.76769],[34.87389,-8.77112],[34.87025,-8.77421],[34.85426,-8.77955],[34.84788,-8.78651],[34.83929,-8.79234],[34.83512,-8.80235],[34.82767,-8.79964],[34.82105,-8.80835],[34.82457,-8.8138],[34.8216,-8.82091],[34.81429,-8.81486],[34.8121,-8.80948],[34.81014,-8.81151],[34.80563,-8.80735],[34.8028,-8.80631],[34.79408,-8.79787],[34.78069,-8.79687],[34.77571,-8.79473],[34.77946,-8.78633],[34.77789,-8.78298],[34.77809,-8.77983],[34.77354,-8.7738],[34.77146,-8.76888],[34.76918,-8.75784],[34.76596,-8.7507],[34.76371,-8.74855],[34.76409,-8.74685],[34.76173,-8.74189],[34.75682,-8.73929],[34.75257,-8.73415],[34.75228,-8.73219],[34.75346,-8.73048],[34.75283,-8.72887],[34.75503,-8.72468],[34.75367,-8.72447],[34.74057,-8.72939],[34.7355,-8.71943],[34.72791,-8.71048],[34.71883,-8.70443],[34.71274,-8.69666],[34.70743,-8.68714],[34.70679,-8.68314],[34.71075,-8.67191],[34.714,-8.67194]]]},"properties":{"region":"Njombe","district":"Wanging'ombe","ward":"Saja","ward_code":"011"}},{"type":"Feature","geometry":{"type":"Polygon","coordinates":[[[34.66466,-8.76116],[34.66652,-8.76214],[34.66669,-8.76388],[34.66787,-8.76489],[34.67709,-8.76083],[34.68229,-8.76026],[34.70988,-8.76542],[34.71103,-8.76973],[34.70725,-8.77537],[34.70981,-8.77653],[34.71082,-8.77863],[34.71852,-8.78264],[34.72222,-8.78836],[34.72258,-8.79168],[34.71378,-8.81026],[34.69519,-8.81621],[34.69914,-8.82074],[34.69845,-8.82065],[34.68802,-8.81606],[34.68435,-8.81556],[34.68005,-8.81638],[34.67465,-8.80835],[34.66035,-8.80695],[34.65116,-8.80385],[34.64776,-8.80174],[34.641,-8.80074],[34.63604,-8.79794],[34.62747,-8.79841],[34.6204,-8.80703],[34.60991,-8.81294],[34.60549,-8.80789],[34.60261,-8.80711],[34.59442,-8.80804],[34.59046,-8.81075],[34.58681,-8.80765],[34.57445,-8.80279],[34.57344,-8.80341],[34.56515,-8.7973],[34.56542,-8.79516],[34.56105,-8.79504],[34.54594,-8.7842],[34.54415,-8.78254],[34.54648,-8.78068],[34.54219,-8.76802],[34.54263,-8.75545],[34.54538,-8.75252],[34.54996,-8.75239],[34.56486,-8.73654],[34.56687,-8.72609],[34.58876,-8.69394],[34.59254,-8.69123],[34.61236,-8.6839],[34.61641,-8.68377],[34.6226,-8.68156],[34.62814,-8.68152],[34.64939,-8.67427],[34.65787,-8.67673],[34.65733,-8.67888],[34.66037,-8.68791],[34.65749,-8.69575],[34.65407,-8.71596],[34.65532,-8.71871],[34.65883,-8.75252],[34.66285,-8.75703],[34.66466,-8.76116]]]},"properties":{"region":"Njombe","district":"Wanging'ombe","ward":"Kijombe","ward_code":"021"}},{"type":"Feature","geometry":{"type":"Polygon","coordinates":[[[34.72171,-8.76984],[34.73335,-8.77506],[34.73724,-8.77331],[34.74201,-8.77282],[34.75295,-8.77658],[34.76682,-8.79148],[34.77158,-8.7925],[34.78069,-8.79687],[34.79408,-8.79787],[34.8028,-8.80631],[34.80563,-8.80735],[34.80984,-8.81127],[34.80557,-8.82042],[34.80099,-8.82612],[34.79506,-8.83145],[34.79142,-8.83835],[34.76083,-8.84417],[34.76038,-8.8462],[34.76165,-8.84759],[34.75987,-8.84901],[34.7566,-8.84858],[34.75149,-8.85051],[34.74444,-8.85077],[34.73297,-8.8468],[34.73069,-8.84783],[34.72083,-8.84702],[34.71767,-8.84807],[34.70349,-8.84715],[34.70187,-8.8479],[34.70111,-8.84714],[34.69513,-8.8511],[34.69063,-8.86405],[34.68496,-8.86624],[34.68391,-8.86552],[34.68138,-8.86681],[34.67902,-8.86669],[34.67553,-8.87033],[34.67176,-8.87129],[34.67023,-8.87162],[34.6638,-8.86863],[34.6629,-8.86709],[34.65935,-8.86593],[34.659,-8.86418],[34.65553,-8.86319],[34.64914,-8.85807],[34.64401,-8.8603],[34.64199,-8.86022],[34.64799,-8.87362],[34.64671,-8.87966],[34.64446,-8.88118],[34.64491,-8.8843],[34.64176,-8.89127],[34.64283,-8.8962],[34.62841,-8.89287],[34.62382,-8.89426],[34.62034,-8.89786],[34.61133,-8.90112],[34.59867,-8.89901],[34.59371,-8.89363],[34.58539,-8.87704],[34.5828,-8.87544],[34.58424,-8.86775],[34.58172,-8.86798],[34.58087,-8.86673],[34.57964,-8.86683],[34.57134,-8.8614],[34.56928,-8.85881],[34.55711,-8.85861],[34.55491,-8.85531],[34.55151,-8.8547],[34.54868,-8.85296],[34.54885,-8.84742],[34.54989,-8.84587],[34.54907,-8.84116],[34.5479,-8.84074],[34.54647,-8.8419],[34.54258,-8.84016],[34.54147,-8.84057],[34.53767,-8.83894],[34.53599,-8.83749],[34.53592,-8.83597],[34.53466,-8.83552],[34.53708,-8.82937],[34.53942,-8.82622],[34.54085,-8.82068],[34.54266,-8.81944],[34.546,-8.81258],[34.54426,-8.81004],[34.54591,-8.80849],[34.54456,-8.80512],[34.54503,-8.80346],[34.54341,-8.80304],[34.54387,-8.80106],[34.54221,-8.79782],[34.54325,-8.79584],[34.54036,-8.79353],[34.54075,-8.7919],[34.54298,-8.79071],[34.54202,-8.78473],[34.54415,-8.78254],[34.56105,-8.79504],[34.56542,-8.79516],[34.56515,-8.7973],[34.57344,-8.80341],[34.57445,-8.80279],[34.58681,-8.80765],[34.59046,-8.81075],[34.59442,-8.80804],[34.60261,-8.80711],[34.60549,-8.80789],[34.60991,-8.81294],[34.6204,-8.80703],[34.62747,-8.79841],[34.63604,-8.79794],[34.641,-8.80074],[34.64776,-8.80174],[34.65116,-8.80385],[34.66035,-8.80695],[34.67465,-8.80835],[34.68005,-8.81638],[34.68435,-8.81556],[34.68802,-8.81606],[34.69914,-8.82074],[34.69519,-8.81621],[34.71378,-8.81026],[34.72258,-8.79168],[34.72222,-8.78836],[34.71852,-8.78264],[34.71082,-8.77863],[34.70981,-8.77653],[34.70725,-8.77537],[34.71169,-8.76876],[34.7158,-8.76833],[34.72171,-8.76984]]]},"properties":{"region":"Njombe","district":"Wanging'ombe","ward":"Wanging'ombe","ward_code":"033"}},{"type":"Feature","geometry":{"type":"Polygon","coordinates":[[[34.56936,-8.8589],[34.57134,-8.8614],[34.57964,-8.86683],[34.58087,-8.86673],[34.58172,-8.86798],[34.58424,-8.86775],[34.5828,-8.87544],[34.58539,-8.87704],[34.59371,-8.89363],[34.59867,-8.89901],[34.61133,-8.90112],[34.62034,-8.89786],[34.62382,-8.89426],[34.62841,-8.89287],[34.64279,-8.89602],[34.65367,-8.90259],[34.65479,-8.90231],[34.65573,-8.90434],[34.65844,-8.90601],[34.65971,-8.91054],[34.66166,-8.91342],[34.66737,-8.91794],[34.66595,-8.92219],[34.66644,-8.9271],[34.66475,-8.92923],[34.66542,-8.9308],[34.66328,-8.94458],[34.66105,-8.94398],[34.65363,-8.95389],[34.65405,-8.96021],[34.65313,-8.96476],[34.64923,-8.96359],[34.64686,-8.96144],[34.64571,-8.96204],[34.63955,-8.9611],[34.63737,-8.95627],[34.63475,-8.95492],[34.63499,-8.95249],[34.62681,-8.94969],[34.62295,-8.94964],[34.60931,-8.9467],[34.60873,-8.94346],[34.60574,-8.94036],[34.5994,-8.93866],[34.59818,-8.93476],[34.59558,-8.93359],[34.596,-8.93178],[34.5933,-8.93112],[34.59295,-8.92885],[34.58639,-8.92354],[34.58056,-8.92194],[34.57862,-8.91859],[34.57137,-8.92335],[34.56581,-8.92211],[34.56226,-8.91587],[34.56189,-8.91154],[34.56075,-8.91083],[34.5599,-8.90687],[34.55712,-8.90572],[34.55447,-8.90264],[34.55357,-8.89891],[34.5544,-8.89651],[34.55265,-8.89188],[34.55455,-8.88809],[34.5555,-8.88801],[34.55544,-8.88633],[34.55731,-8.88488],[34.55621,-8.88441],[34.55875,-8.88091],[34.5583,-8.87397],[34.55665,-8.87344],[34.55614,-8.87123],[34.55818,-8.86799],[34.55519,-8.86384],[34.55852,-8.86085],[34.55796,-8.85897],[34.5656,-8.85826],[34.56936,-8.8589]]]},"properties":{"region":"Njombe","district":"Wanging'ombe","ward":"Ilembula","ward_code":"043"}},{"type":"Feature","geometry":{"type":"Polygon","coordinates":[[[34.79283,-8.84543],[34.77762,-8.85751],[34.77343,-8.85843],[34.76992,-8.86056],[34.76453,-8.86116],[34.75822,-8.86563],[34.75601,-8.86625],[34.74887,-8.8721],[34.74255,-8.87407],[34.73998,-8.87645],[34.73839,-8.88004],[34.73027,-8.88358],[34.72745,-8.88649],[34.72598,-8.89058],[34.70952,-8.9032],[34.70478,-8.90503],[34.69749,-8.90609],[34.7,-8.90843],[34.70185,-8.91264],[34.70566,-8.91646],[34.71274,-8.93095],[34.71425,-8.93879],[34.7112,-8.94137],[34.70999,-8.9464],[34.6986,-8.94221],[34.69446,-8.93741],[34.68279,-8.92797],[34.67908,-8.92361],[34.66946,-8.92028],[34.66632,-8.91669],[34.66286,-8.91479],[34.65971,-8.91054],[34.65844,-8.90601],[34.65573,-8.90434],[34.65479,-8.90231],[34.65367,-8.90259],[34.64279,-8.89602],[34.64176,-8.89127],[34.64491,-8.8843],[34.64446,-8.88118],[34.64671,-8.87966],[34.64799,-8.87362],[34.64199,-8.86022],[34.64401,-8.8603],[34.64826,-8.85799],[34.65579,-8.86334],[34.659,-8.86418],[34.66018,-8.86645],[34.66202,-8.86656],[34.6638,-8.86863],[34.67023,-8.87162],[34.67553,-8.87033],[34.67902,-8.86669],[34.68138,-8.86681],[34.68391,-8.86552],[34.68496,-8.86624],[34.69063,-8.86405],[34.69513,-8.8511],[34.70111,-8.84714],[34.70187,-8.8479],[34.70349,-8.84715],[34.71767,-8.84807],[34.72083,-8.84702],[34.73069,-8.84783],[34.73297,-8.8468],[34.74326,-8.8507],[34.75149,-8.85051],[34.7566,-8.84858],[34.75987,-8.84901],[34.76165,-8.84759],[34.76038,-8.8462],[34.76083,-8.84417],[34.79142,-8.83835],[34.79283,-8.84543]]]},"properties":{"region":"Njombe","district":"Wanging'ombe","ward":"Uhambule","ward_code":"051"}},{"type":"Feature","geometry":{"type":"Polygon","coordinates":[[[34.58533,-8.93192],[34.58395,-8.93523],[34.58839,-8.94263],[34.59054,-8.9443],[34.59192,-8.94906],[34.58927,-8.95477],[34.59336,-8.95797],[34.58915,-8.96609],[34.58097,-8.96766],[34.57758,-8.9698],[34.56999,-8.98595],[34.56353,-8.99082],[34.56084,-8.99559],[34.55966,-8.99988],[34.55552,-9.00294],[34.55243,-9.01203],[34.55304,-9.01912],[34.54958,-9.03263],[34.54238,-9.03427],[34.53911,-9.04012],[34.51574,-9.07084],[34.51255,-9.06871],[34.51176,-9.06682],[34.50541,-9.06362],[34.50454,-9.06556],[34.50271,-9.0664],[34.4999,-9.06252],[34.50041,-9.05949],[34.49758,-9.05973],[34.49728,-9.0569],[34.49525,-9.05685],[34.49319,-9.05532],[34.49708,-9.05067],[34.49531,-9.04533],[34.49255,-9.04137],[34.49098,-9.04285],[34.48509,-9.0393],[34.49113,-9.035],[34.48916,-9.03337],[34.4871,-9.02721],[34.48571,-9.02736],[34.48522,-9.02444],[34.48047,-9.01475],[34.48041,-9.00957],[34.47314,-9.00989],[34.46604,-9.0087],[34.46395,-9.00541],[34.46086,-9.00351],[34.45942,-9.00507],[34.45483,-9.0044],[34.45672,-9.00095],[34.45349,-8.99802],[34.45607,-8.99432],[34.4522,-8.99444],[34.45264,-8.99297],[34.44975,-8.99002],[34.44942,-8.98775],[34.44765,-8.98644],[34.44928,-8.98436],[34.44898,-8.98292],[34.44691,-8.98051],[34.44281,-8.97884],[34.44173,-8.97469],[34.43891,-8.97211],[34.43963,-8.96739],[34.44237,-8.96491],[34.44183,-8.96035],[34.44003,-8.95687],[34.44284,-8.95399],[34.44051,-8.95163],[34.44093,-8.94144],[34.44044,-8.94027],[34.43326,-8.93861],[34.4334,-8.93464],[34.43706,-8.93037],[34.43673,-8.92841],[34.4382,-8.92619],[34.43695,-8.92072],[34.43822,-8.91945],[34.43862,-8.91479],[34.43821,-8.91357],[34.43501,-8.91376],[34.43394,-8.91272],[34.43349,-8.90885],[34.43386,-8.9048],[34.43516,-8.90278],[34.43438,-8.90065],[34.43884,-8.88709],[34.43637,-8.887],[34.41839,-8.87773],[34.41465,-8.86494],[34.40831,-8.85093],[34.40267,-8.84564],[34.39174,-8.83019],[34.41813,-8.82632],[34.43466,-8.82021],[34.45488,-8.82304],[34.47073,-8.81223],[34.50781,-8.80903],[34.51214,-8.8121],[34.54036,-8.79353],[34.542,-8.79426],[34.54325,-8.79584],[34.54221,-8.79782],[34.54387,-8.80106],[34.54341,-8.80304],[34.54503,-8.80346],[34.54456,-8.80512],[34.54591,-8.80849],[34.54426,-8.81004],[34.546,-8.81258],[34.54266,-8.81944],[34.54085,-8.82068],[34.53942,-8.82622],[34.53708,-8.82937],[34.53466,-8.83552],[34.53592,-8.83597],[34.53599,-8.83749],[34.53767,-8.83894],[34.54147,-8.84057],[34.54258,-8.84016],[34.54647,-8.8419],[34.5479,-8.84074],[34.54907,-8.84116],[34.54989,-8.84587],[34.54885,-8.84742],[34.54868,-8.85296],[34.55151,-8.8547],[34.55491,-8.85531],[34.5585,-8.8601],[34.55519,-8.86384],[34.55818,-8.86799],[34.55614,-8.87123],[34.55665,-8.87344],[34.5583,-8.87397],[34.55875,-8.88091],[34.55621,-8.88441],[34.55731,-8.88488],[34.55544,-8.88633],[34.5555,-8.88801],[34.55455,-8.88809],[34.55265,-8.89188],[34.5544,-8.89651],[34.55357,-8.89891],[34.55447,-8.90264],[34.55712,-8.90572],[34.5599,-8.90687],[34.56075,-8.91083],[34.56189,-8.91154],[34.56226,-8.91587],[34.56581,-8.92211],[34.57137,-8.92335],[34.57862,-8.91859],[34.58119,-8.92214],[34.58448,-8.9297],[34.58533,-8.93192]],[[34.58517,-8.93153],[34.58517,-8.93153],[34.58518,-8.93152],[34.58517,-8.93153]]]},"properties":{"region":"Njombe","district":"Wanging'ombe","ward":"Luduga","ward_code":"171"}},{"type":"Feature","geometry":{"type":"Polygon","coordinates":[[[34.43884,-8.88709],[34.43438,-8.90065],[34.43516,-8.90278],[34.43386,-8.9048],[34.43349,-8.90885],[34.43394,-8.91272],[34.43501,-8.91376],[34.43821,-8.91357],[34.43862,-8.91479],[34.43822,-8.91945],[34.43695,-8.92072],[34.4382,-8.92619],[34.43673,-8.92841],[34.43706,-8.93037],[34.4334,-8.93464],[34.43326,-8.93861],[34.44044,-8.94027],[34.44051,-8.95163],[34.44284,-8.95399],[34.44003,-8.95687],[34.44183,-8.96035],[34.44237,-8.96491],[34.43963,-8.96739],[34.43891,-8.97211],[34.44173,-8.97469],[34.44281,-8.97884],[34.44691,-8.98051],[34.44898,-8.98292],[34.44928,-8.98436],[34.44765,-8.98644],[34.44942,-8.98775],[34.44975,-8.99002],[34.45264,-8.99297],[34.4522,-8.99444],[34.45607,-8.99432],[34.45349,-8.99802],[34.45672,-9.00095],[34.45483,-9.0044],[34.45942,-9.00507],[34.46086,-9.00351],[34.46395,-9.00541],[34.46604,-9.0087],[34.47314,-9.00989],[34.48041,-9.00957],[34.48047,-9.01475],[34.48522,-9.02444],[34.48571,-9.02736],[34.4871,-9.02721],[34.48916,-9.03337],[34.49113,-9.035],[34.48509,-9.0393],[34.49098,-9.04285],[34.49255,-9.04137],[34.4969,-9.04959],[34.49708,-9.05067],[34.49319,-9.05532],[34.49525,-9.05685],[34.49728,-9.0569],[34.49758,-9.05973],[34.49628,-9.05989],[34.49623,-9.06163],[34.49404,-9.0622],[34.49472,-9.06426],[34.49209,-9.06613],[34.49183,-9.06794],[34.4973,-9.07155],[34.49827,-9.0703],[34.49858,-9.0724],[34.4975,-9.07294],[34.49992,-9.07291],[34.49916,-9.07573],[34.49705,-9.07682],[34.49728,-9.07778],[34.49597,-9.07768],[34.49539,-9.07921],[34.49623,-9.08098],[34.49886,-9.08104],[34.49859,-9.08204],[34.50166,-9.08423],[34.50094,-9.08781],[34.50188,-9.08891],[34.50084,-9.09107],[34.5044,-9.09119],[34.50349,-9.09198],[34.50429,-9.09256],[34.50319,-9.09375],[34.50368,-9.09476],[34.4996,-9.09543],[34.4996,-9.09639],[34.50059,-9.09665],[34.49921,-9.09846],[34.50118,-9.09948],[34.49919,-9.10988],[34.49949,-9.1115],[34.50051,-9.11139],[34.50065,-9.11401],[34.49986,-9.11429],[34.50021,-9.11507],[34.49531,-9.11574],[34.49648,-9.11851],[34.49993,-9.12112],[34.49989,-9.12235],[34.49794,-9.12242],[34.49715,-9.12439],[34.49266,-9.12628],[34.48909,-9.1384],[34.48602,-9.13878],[34.47899,-9.14432],[34.47522,-9.14389],[34.47158,-9.14546],[34.47127,-9.14884],[34.46153,-9.15029],[34.45889,-9.14911],[34.45637,-9.14975],[34.45518,-9.15412],[34.44979,-9.15233],[34.4462,-9.14899],[34.44309,-9.1429],[34.43619,-9.1482],[34.42554,-9.14744],[34.41734,-9.14506],[34.40079,-9.1443],[34.4017,-9.13617],[34.40087,-9.12842],[34.4015,-9.11475],[34.40097,-9.1123],[34.39901,-9.11136],[34.40043,-9.10731],[34.39904,-9.10546],[34.3962,-9.09573],[34.39134,-9.09079],[34.3863,-9.08205],[34.37714,-9.07177],[34.37156,-9.06787],[34.36663,-9.06638],[34.35703,-9.06545],[34.35027,-9.05683],[34.34972,-9.05046],[34.35149,-9.04315],[34.34918,-9.03705],[34.34509,-9.03257],[34.3489,-9.03104],[34.34375,-9.02273],[34.34502,-9.01794],[34.34319,-9.01413],[34.33629,-9.00606],[34.33382,-8.9977],[34.32942,-8.99091],[34.32218,-8.98213],[34.30153,-8.97318],[34.29583,-8.97371],[34.29283,-8.9663],[34.29963,-8.94892],[34.2998,-8.94365],[34.29614,-8.93963],[34.28524,-8.93666],[34.28262,-8.92269],[34.28622,-8.92147],[34.28939,-8.89966],[34.28902,-8.89074],[34.29116,-8.87056],[34.29342,-8.86586],[34.29284,-8.83364],[34.29375,-8.82648],[34.33699,-8.82567],[34.39174,-8.83019],[34.40267,-8.84564],[34.40831,-8.85093],[34.41465,-8.86494],[34.41839,-8.87773],[34.43637,-8.887],[34.43884,-8.88709]]]},"properties":{"region":"Njombe","district":"Wanging'ombe","ward":"Malangali","ward_code":"191"}},{"type":"Feature","geometry":{"type":"Polygon","coordinates":[[[34.6841,-8.67609],[34.69419,-8.68383],[34.70609,-8.68844],[34.70572,-8.68477],[34.70679,-8.68314],[34.70743,-8.68714],[34.71274,-8.69666],[34.71883,-8.70443],[34.72776,-8.71034],[34.7355,-8.71943],[34.74001,-8.72901],[34.75503,-8.72468],[34.75283,-8.72887],[34.75346,-8.73048],[34.75228,-8.73219],[34.75257,-8.73415],[34.75682,-8.73929],[34.76173,-8.74189],[34.76409,-8.74685],[34.76371,-8.74855],[34.76596,-8.7507],[34.76918,-8.75784],[34.77146,-8.76888],[34.77354,-8.7738],[34.77809,-8.77983],[34.77789,-8.78298],[34.77946,-8.78633],[34.77571,-8.79473],[34.77158,-8.7925],[34.76682,-8.79148],[34.75295,-8.77658],[34.74201,-8.77282],[34.73724,-8.77331],[34.73335,-8.77506],[34.72463,-8.77082],[34.7158,-8.76833],[34.71169,-8.76876],[34.71103,-8.76973],[34.70988,-8.76542],[34.68229,-8.76026],[34.67709,-8.76083],[34.66787,-8.76489],[34.66669,-8.76388],[34.66652,-8.76214],[34.66357,-8.76],[34.66285,-8.75703],[34.65883,-8.75252],[34.65532,-8.71871],[34.65407,-8.71596],[34.65749,-8.69575],[34.66037,-8.68791],[34.65733,-8.67888],[34.65787,-8.67673],[34.66936,-8.68186],[34.67948,-8.67866],[34.6841,-8.67609]]]},"properties":{"region":"Njombe","district":"Wanging'ombe","ward":"Uhenga","ward_code":"201"}},{"type":"Feature","geometry":{"type":"Polygon","coordinates":[[[34.75467,-8.94622],[34.76817,-8.96178],[34.76021,-8.96365],[34.75575,-8.96372],[34.75118,-8.96682],[34.74068,-8.96788],[34.73661,-8.97932],[34.73217,-8.98117],[34.72835,-8.97851],[34.72353,-8.97838],[34.72268,-8.97952],[34.71481,-8.98069],[34.71286,-8.97876],[34.70398,-8.97556],[34.69925,-8.97595],[34.69524,-8.97782],[34.68515,-8.97774],[34.68447,-8.97907],[34.67847,-8.9795],[34.67747,-8.98055],[34.67512,-8.97774],[34.67296,-8.97817],[34.67134,-8.97616],[34.66719,-8.97456],[34.66214,-8.96763],[34.65313,-8.96476],[34.65405,-8.96021],[34.65363,-8.95389],[34.66105,-8.94398],[34.66328,-8.94458],[34.66542,-8.9308],[34.66475,-8.92923],[34.66644,-8.9271],[34.66595,-8.92219],[34.66737,-8.91794],[34.66946,-8.92028],[34.67908,-8.92361],[34.68279,-8.92797],[34.69446,-8.93741],[34.6986,-8.94221],[34.70785,-8.94595],[34.70999,-8.9464],[34.7112,-8.94137],[34.71425,-8.93879],[34.71187,-8.92833],[34.70912,-8.92267],[34.70691,-8.92028],[34.70566,-8.91646],[34.70799,-8.91742],[34.71097,-8.92064],[34.72062,-8.92239],[34.72713,-8.92643],[34.73878,-8.92947],[34.74221,-8.93269],[34.74645,-8.93478],[34.75059,-8.93493],[34.75467,-8.94622]]]},"properties":{"region":"Njombe","district":"Wanging'ombe","ward":"Udonja","ward_code":"211"}}]}