{"type":"FeatureCollection","features":[{"type":"Feature","geometry":{"type":"Polygon","coordinates":[[[38.81692,-6.11748],[38.86428,-6.17176],[38.86484,-6.21281],[38.83901,-6.30972],[38.84092,-6.3344],[38.85444,-6.36223],[38.86266,-6.37581],[38.85388,-6.38213],[38.85222,-6.38934],[38.85318,-6.39172],[38.85538,-6.39366],[38.86693,-6.39664],[38.86831,-6.3997],[38.85757,-6.40673],[38.85408,-6.40756],[38.85296,-6.40499],[38.85403,-6.39833],[38.85173,-6.39646],[38.84915,-6.39838],[38.848,-6.40212],[38.84187,-6.40598],[38.84123,-6.41029],[38.83814,-6.41143],[38.8363,-6.4134],[38.83334,-6.4189],[38.83391,-6.42052],[38.83523,-6.421],[38.83854,-6.41722],[38.84035,-6.41749],[38.84152,-6.42094],[38.8416,-6.42629],[38.83942,-6.42724],[38.83039,-6.4219],[38.82851,-6.42277],[38.82886,-6.42754],[38.83234,-6.43041],[38.83708,-6.43085],[38.83753,-6.43188],[38.83385,-6.43596],[38.83327,-6.43748],[38.83407,-6.4401],[38.837,-6.44235],[38.8392,-6.44258],[38.84038,-6.43662],[38.84249,-6.4358],[38.84381,-6.43722],[38.84353,-6.44226],[38.84088,-6.44357],[38.84041,-6.44575],[38.84231,-6.44971],[38.84039,-6.45155],[38.83484,-6.45184],[38.8324,-6.45343],[38.83281,-6.45459],[38.83753,-6.45525],[38.83821,-6.45612],[38.83796,-6.46123],[38.83103,-6.46044],[38.83053,-6.4618],[38.83411,-6.4624],[38.83496,-6.46436],[38.8341,-6.47187],[38.83709,-6.47393],[38.83646,-6.47487],[38.83374,-6.47359],[38.82838,-6.47845],[38.82797,-6.47951],[38.82881,-6.47984],[38.83101,-6.4783],[38.8324,-6.47919],[38.83144,-6.48127],[38.83433,-6.48276],[38.83338,-6.48382],[38.83069,-6.48397],[38.83038,-6.48507],[38.83185,-6.48644],[38.83132,-6.4875],[38.82825,-6.48718],[38.82743,-6.49133],[38.82837,-6.49381],[38.82632,-6.49653],[38.82638,-6.4995],[38.82304,-6.49725],[38.82265,-6.50353],[38.82438,-6.50675],[38.82174,-6.50749],[38.82315,-6.51086],[38.82552,-6.51019],[38.82789,-6.51386],[38.8275,-6.51475],[38.82404,-6.51431],[38.82589,-6.51721],[38.8253,-6.51783],[38.82357,-6.51694],[38.822,-6.52109],[38.82007,-6.52084],[38.82047,-6.52443],[38.81796,-6.52532],[38.81543,-6.52798],[38.81669,-6.5293],[38.81857,-6.52725],[38.81958,-6.52766],[38.81945,-6.52907],[38.81781,-6.5297],[38.81689,-6.53136],[38.81858,-6.53149],[38.81926,-6.53797],[38.82256,-6.53763],[38.82406,-6.53986],[38.82234,-6.53937],[38.82076,-6.54323],[38.82271,-6.54456],[38.82275,-6.54565],[38.81821,-6.54843],[38.81828,-6.54922],[38.82071,-6.54939],[38.82121,-6.55027],[38.82019,-6.55168],[38.81733,-6.55215],[38.82053,-6.55267],[38.81847,-6.55664],[38.81697,-6.55673],[38.8158,-6.55441],[38.81533,-6.55746],[38.81397,-6.55816],[38.81241,-6.55726],[38.81218,-6.55942],[38.81053,-6.55873],[38.80678,-6.56116],[38.80578,-6.56301],[38.80838,-6.56356],[38.8092,-6.56661],[38.80475,-6.56413],[38.79981,-6.54986],[38.72784,-6.54905],[38.72114,-6.55529],[38.71146,-6.55405],[38.72218,-6.51249],[38.72813,-6.48122],[38.75788,-6.45682],[38.75746,-6.42332],[38.73851,-6.42204],[38.73694,-6.30722],[38.73189,-6.28336],[38.71744,-6.26927],[38.71465,-6.26445],[38.7115,-6.24277],[38.71445,-6.24162],[38.71466,-6.24041],[38.7114,-6.23774],[38.71461,-6.23359],[38.71741,-6.23449],[38.72023,-6.24068],[38.72123,-6.24039],[38.72112,-6.23851],[38.72288,-6.23503],[38.72493,-6.23509],[38.72713,-6.23737],[38.73127,-6.23581],[38.73383,-6.23652],[38.73565,-6.23829],[38.73826,-6.23658],[38.74017,-6.2334],[38.74264,-6.23281],[38.74387,-6.23056],[38.74519,-6.23144],[38.748,-6.23031],[38.74841,-6.22851],[38.74687,-6.22686],[38.7474,-6.22583],[38.75361,-6.22583],[38.75304,-6.22382],[38.75419,-6.22288],[38.75811,-6.22701],[38.75904,-6.22655],[38.75934,-6.22346],[38.75732,-6.22276],[38.75561,-6.21927],[38.75828,-6.21805],[38.76098,-6.2187],[38.76283,-6.21762],[38.76427,-6.21946],[38.76678,-6.21748],[38.76741,-6.21475],[38.76902,-6.21388],[38.77087,-6.21633],[38.77317,-6.2159],[38.77314,-6.21692],[38.77142,-6.21747],[38.77156,-6.21861],[38.77445,-6.21712],[38.77595,-6.21776],[38.77731,-6.22008],[38.77825,-6.21977],[38.77845,-6.21331],[38.77673,-6.20986],[38.7771,-6.20876],[38.77776,-6.20843],[38.77935,-6.21016],[38.78208,-6.20898],[38.78128,-6.20631],[38.77949,-6.20609],[38.77714,-6.20722],[38.7766,-6.20643],[38.77862,-6.20387],[38.77934,-6.20105],[38.77866,-6.1995],[38.77916,-6.19904],[38.78227,-6.20077],[38.78362,-6.20329],[38.78599,-6.20282],[38.78665,-6.20065],[38.78847,-6.19899],[38.78727,-6.19638],[38.78994,-6.1948],[38.78993,-6.19379],[38.78611,-6.19464],[38.78563,-6.19393],[38.7909,-6.19103],[38.79073,-6.18969],[38.78942,-6.18922],[38.78716,-6.1919],[38.78771,-6.18692],[38.79324,-6.1882],[38.79269,-6.18698],[38.7877,-6.18426],[38.78909,-6.1803],[38.79062,-6.18009],[38.79132,-6.18294],[38.79339,-6.18329],[38.79407,-6.17515],[38.79851,-6.17271],[38.797,-6.16954],[38.80058,-6.16823],[38.79878,-6.16412],[38.80395,-6.16261],[38.80279,-6.16071],[38.80334,-6.15865],[38.80785,-6.15972],[38.80788,-6.15847],[38.8062,-6.15682],[38.80624,-6.15322],[38.80045,-6.14883],[38.80072,-6.14624],[38.80409,-6.1455],[38.80501,-6.14223],[38.80394,-6.13946],[38.80734,-6.13887],[38.80995,-6.1361],[38.81231,-6.13566],[38.81273,-6.13859],[38.81539,-6.13887],[38.81566,-6.13635],[38.81231,-6.13312],[38.81299,-6.13091],[38.81691,-6.12856],[38.81439,-6.12295],[38.81519,-6.11953],[38.81692,-6.11748]]]},"properties":{"region":"Pwani","district":"Bagamoyo","ward":"Makurunge","ward_code":"023"}},{"type":"Feature","geometry":{"type":"Polygon","coordinates":[[[38.83942,-6.42724],[38.8416,-6.42629],[38.85932,-6.43202],[38.85954,-6.43491],[38.85648,-6.44423],[38.85932,-6.45046],[38.86704,-6.45986],[38.87588,-6.45848],[38.87826,-6.46085],[38.8837,-6.46098],[38.88423,-6.46258],[38.88617,-6.46286],[38.8901,-6.45469],[38.90093,-6.44486],[38.90176,-6.44467],[38.90184,-6.44615],[38.90083,-6.4493],[38.90784,-6.45019],[38.90747,-6.45591],[38.90178,-6.45654],[38.9008,-6.45965],[38.89375,-6.45975],[38.89362,-6.47063],[38.89536,-6.48312],[38.88639,-6.48288],[38.87945,-6.48161],[38.87575,-6.47951],[38.87383,-6.5035],[38.86905,-6.50724],[38.86509,-6.50867],[38.86369,-6.50813],[38.86234,-6.51183],[38.85805,-6.51266],[38.85031,-6.51664],[38.8408,-6.51888],[38.83246,-6.51752],[38.82381,-6.5148],[38.82498,-6.51407],[38.8275,-6.51475],[38.82789,-6.51386],[38.82552,-6.51019],[38.82315,-6.51086],[38.82174,-6.50749],[38.82438,-6.50675],[38.82265,-6.50353],[38.82304,-6.49725],[38.82638,-6.4995],[38.82632,-6.49653],[38.82837,-6.49381],[38.82743,-6.49133],[38.82825,-6.48718],[38.83132,-6.4875],[38.83185,-6.48644],[38.83038,-6.48507],[38.83069,-6.48397],[38.83338,-6.48382],[38.83433,-6.48276],[38.83144,-6.48127],[38.8324,-6.47919],[38.83101,-6.4783],[38.82881,-6.47984],[38.82797,-6.47951],[38.82838,-6.47845],[38.83374,-6.47359],[38.83646,-6.47487],[38.83709,-6.47393],[38.8341,-6.47187],[38.83496,-6.46436],[38.83411,-6.4624],[38.83053,-6.4618],[38.83103,-6.46044],[38.83796,-6.46123],[38.83821,-6.45612],[38.83753,-6.45525],[38.83281,-6.45459],[38.8324,-6.45343],[38.83484,-6.45184],[38.84039,-6.45155],[38.84231,-6.44971],[38.84041,-6.44575],[38.84088,-6.44357],[38.84353,-6.44226],[38.84381,-6.43722],[38.84249,-6.4358],[38.84038,-6.43662],[38.8392,-6.44258],[38.837,-6.44235],[38.83407,-6.4401],[38.83327,-6.43748],[38.83385,-6.43596],[38.83753,-6.43188],[38.83708,-6.43085],[38.83234,-6.43041],[38.82886,-6.42754],[38.82851,-6.42277],[38.83039,-6.4219],[38.83942,-6.42724]]]},"properties":{"region":"Pwani","district":"Bagamoyo","ward":"Magomeni","ward_code":"043"}},{"type":"Feature","geometry":{"type":"Polygon","coordinates":[[[38.87885,-6.39606],[38.8794,-6.39773],[38.88184,-6.39777],[38.88512,-6.40096],[38.89049,-6.40351],[38.89577,-6.40478],[38.89932,-6.40443],[38.90109,-6.40581],[38.90178,-6.4082],[38.90048,-6.41009],[38.90148,-6.41191],[38.90055,-6.41521],[38.90631,-6.43217],[38.89972,-6.43385],[38.9013,-6.43923],[38.90045,-6.44351],[38.89877,-6.44172],[38.89182,-6.44175],[38.89137,-6.43998],[38.89026,-6.43953],[38.87715,-6.44536],[38.87242,-6.43884],[38.86222,-6.43304],[38.8416,-6.42629],[38.84152,-6.42094],[38.84035,-6.41749],[38.83854,-6.41722],[38.83523,-6.421],[38.83391,-6.42052],[38.83334,-6.4189],[38.8363,-6.4134],[38.83814,-6.41143],[38.84123,-6.41029],[38.84187,-6.40598],[38.848,-6.40212],[38.84915,-6.39838],[38.85173,-6.39646],[38.85403,-6.39833],[38.85296,-6.40499],[38.85408,-6.40756],[38.85757,-6.40673],[38.86834,-6.39967],[38.86896,-6.39749],[38.8683,-6.39573],[38.86637,-6.39429],[38.86042,-6.39276],[38.85746,-6.38981],[38.85689,-6.38774],[38.8596,-6.38482],[38.86638,-6.38189],[38.87047,-6.38234],[38.87545,-6.38798],[38.87406,-6.38956],[38.87387,-6.39198],[38.87885,-6.39606]]]},"properties":{"region":"Pwani","district":"Bagamoyo","ward":"Kisutu","ward_code":"053"}},{"type":"Feature","geometry":{"type":"Polygon","coordinates":[[[38.87242,-6.43884],[38.87736,-6.44531],[38.89026,-6.43953],[38.89137,-6.43998],[38.89182,-6.44175],[38.89877,-6.44172],[38.90045,-6.44351],[38.90041,-6.44524],[38.8901,-6.45469],[38.88617,-6.46286],[38.88423,-6.46258],[38.8837,-6.46098],[38.87826,-6.46085],[38.87588,-6.45848],[38.86704,-6.45986],[38.85932,-6.45046],[38.85648,-6.44423],[38.85954,-6.43491],[38.85932,-6.43202],[38.87242,-6.43884]]]},"properties":{"region":"Pwani","district":"Bagamoyo","ward":"Nianjema","ward_code":"063"}},{"type":"Feature","geometry":{"type":"Polygon","coordinates":[[[38.93939,-6.4879],[38.93561,-6.48747],[38.93073,-6.48982],[38.92851,-6.48985],[38.92851,-6.49155],[38.9172,-6.49411],[38.89536,-6.48312],[38.89362,-6.47063],[38.89375,-6.45975],[38.9008,-6.45965],[38.90178,-6.45654],[38.90747,-6.45591],[38.90784,-6.45019],[38.90083,-6.4493],[38.90182,-6.44494],[38.90041,-6.44524],[38.9013,-6.43923],[38.89972,-6.43385],[38.90631,-6.43217],[38.91025,-6.44009],[38.9141,-6.44491],[38.9251,-6.45174],[38.94865,-6.46042],[38.95466,-6.45978],[38.95787,-6.45833],[38.95645,-6.46335],[38.95806,-6.46595],[38.95595,-6.46613],[38.9574,-6.46745],[38.95382,-6.4691],[38.95203,-6.46867],[38.94996,-6.47314],[38.95081,-6.47632],[38.9536,-6.47976],[38.95057,-6.482],[38.94652,-6.48739],[38.94386,-6.48527],[38.93939,-6.4879]],[[38.94387,-6.48525],[38.94387,-6.48525],[38.94386,-6.48527],[38.94387,-6.48525]]]},"properties":{"region":"Pwani","district":"Bagamoyo","ward":"Dunda","ward_code":"073"}},{"type":"Feature","geometry":{"type":"Polygon","coordinates":[[[38.70369,-6.23899],[38.70746,-6.23996],[38.7079,-6.24109],[38.70497,-6.24173],[38.70416,-6.24305],[38.70486,-6.24405],[38.70826,-6.24351],[38.70946,-6.24458],[38.7115,-6.24277],[38.71465,-6.26445],[38.71744,-6.26927],[38.73189,-6.28336],[38.73694,-6.30722],[38.73851,-6.42204],[38.75746,-6.42332],[38.75788,-6.45682],[38.72813,-6.48122],[38.72218,-6.51249],[38.71146,-6.55405],[38.70704,-6.56608],[38.67069,-6.54947],[38.63899,-6.56127],[38.59759,-6.53811],[38.55078,-6.52712],[38.51723,-6.50552],[38.50416,-6.48468],[38.5459,-6.4337],[38.56671,-6.43374],[38.58411,-6.44595],[38.60398,-6.44935],[38.60417,-6.43512],[38.60519,-6.43269],[38.59713,-6.42867],[38.59618,-6.42423],[38.59315,-6.4203],[38.58891,-6.41835],[38.57815,-6.41601],[38.57746,-6.41487],[38.57772,-6.40954],[38.57594,-6.40571],[38.58067,-6.40395],[38.58151,-6.40049],[38.58216,-6.39967],[38.58393,-6.40023],[38.58525,-6.39732],[38.58774,-6.39842],[38.59025,-6.39669],[38.59169,-6.39692],[38.5919,-6.39478],[38.5908,-6.39242],[38.59161,-6.39085],[38.59614,-6.3923],[38.59824,-6.39058],[38.60273,-6.38245],[38.60396,-6.37665],[38.60399,-6.36794],[38.61684,-6.3529],[38.626,-6.34733],[38.62747,-6.27889],[38.62991,-6.28191],[38.63155,-6.28233],[38.63309,-6.28122],[38.63399,-6.27861],[38.63362,-6.27518],[38.64061,-6.2759],[38.64305,-6.27364],[38.64579,-6.27525],[38.64909,-6.26897],[38.65724,-6.27057],[38.65907,-6.27282],[38.66347,-6.26078],[38.66758,-6.26532],[38.67155,-6.26068],[38.67564,-6.26155],[38.67654,-6.2608],[38.67665,-6.25947],[38.67322,-6.2578],[38.67304,-6.25671],[38.67646,-6.25542],[38.6794,-6.25838],[38.68568,-6.25618],[38.68837,-6.25134],[38.68994,-6.2513],[38.69195,-6.25373],[38.69267,-6.25294],[38.68912,-6.24579],[38.68985,-6.24497],[38.69472,-6.24456],[38.6967,-6.24303],[38.70266,-6.24503],[38.70309,-6.24453],[38.70006,-6.24022],[38.70103,-6.23655],[38.70024,-6.23417],[38.70198,-6.23361],[38.7028,-6.23424],[38.70369,-6.23899]]]},"properties":{"region":"Pwani","district":"Bagamoyo","ward":"Fukayosi","ward_code":"011"}},{"type":"Feature","geometry":{"type":"Polygon","coordinates":[[[38.87383,-6.5035],[38.8778,-6.52302],[38.88008,-6.52686],[38.88022,-6.53301],[38.88489,-6.53693],[38.88579,-6.54079],[38.88487,-6.54469],[38.87515,-6.55615],[38.87482,-6.56685],[38.88337,-6.56767],[38.88778,-6.56973],[38.88847,-6.57257],[38.88735,-6.57459],[38.88306,-6.57685],[38.8811,-6.58565],[38.88625,-6.59419],[38.88358,-6.59731],[38.87934,-6.5999],[38.87566,-6.59991],[38.87288,-6.60373],[38.87077,-6.6085],[38.87302,-6.61528],[38.86881,-6.62298],[38.84762,-6.6256],[38.85201,-6.64131],[38.85111,-6.66312],[38.83358,-6.65841],[38.80952,-6.64899],[38.81019,-6.64286],[38.80838,-6.63824],[38.80576,-6.63508],[38.80395,-6.62994],[38.80465,-6.6291],[38.80403,-6.62682],[38.80693,-6.62218],[38.80945,-6.62011],[38.81012,-6.6178],[38.81393,-6.61446],[38.81344,-6.6086],[38.81421,-6.60178],[38.81592,-6.60019],[38.81541,-6.59365],[38.81734,-6.59179],[38.81734,-6.58542],[38.81831,-6.5841],[38.81734,-6.58255],[38.81762,-6.57812],[38.82029,-6.57555],[38.81417,-6.56556],[38.8099,-6.56359],[38.80578,-6.56301],[38.80678,-6.56116],[38.81053,-6.55873],[38.81218,-6.55942],[38.81241,-6.55726],[38.81397,-6.55816],[38.81533,-6.55746],[38.8158,-6.55441],[38.81697,-6.55673],[38.818,-6.55697],[38.8205,-6.55331],[38.82026,-6.5524],[38.81749,-6.55252],[38.81824,-6.55154],[38.82119,-6.55114],[38.82071,-6.54939],[38.81828,-6.54922],[38.81821,-6.54843],[38.82275,-6.54565],[38.82271,-6.54456],[38.82076,-6.54323],[38.82234,-6.53937],[38.82406,-6.53986],[38.82256,-6.53763],[38.81926,-6.53797],[38.81858,-6.53149],[38.81689,-6.53136],[38.81781,-6.5297],[38.81945,-6.52907],[38.81958,-6.52766],[38.81857,-6.52725],[38.81669,-6.5293],[38.81543,-6.52798],[38.81796,-6.52532],[38.82047,-6.52443],[38.82007,-6.52084],[38.822,-6.52109],[38.82357,-6.51694],[38.8253,-6.51783],[38.82589,-6.51721],[38.82381,-6.5148],[38.83246,-6.51752],[38.8408,-6.51888],[38.85031,-6.51664],[38.85805,-6.51266],[38.86234,-6.51183],[38.86369,-6.50813],[38.86509,-6.50867],[38.86905,-6.50724],[38.87383,-6.5035]]]},"properties":{"region":"Pwani","district":"Bagamoyo","ward":"Yombo","ward_code":"031"}},{"type":"Feature","geometry":{"type":"MultiPolygon","coordinates":[[[[38.94386,-6.48527],[38.94387,-6.48525],[38.94387,-6.48525],[38.94386,-6.48527]]],[[[38.94386,-6.48527],[38.94652,-6.48739],[38.95057,-6.482],[38.9536,-6.47976],[38.95644,-6.48458],[38.96101,-6.48744],[38.95808,-6.4959],[38.95366,-6.50019],[38.96221,-6.5145],[38.95961,-6.52147],[38.95862,-6.53297],[38.95306,-6.53724],[38.94979,-6.54301],[38.9526,-6.55055],[38.94374,-6.54891],[38.94175,-6.55341],[38.93579,-6.557],[38.93273,-6.56763],[38.92918,-6.57153],[38.90466,-6.5856],[38.88625,-6.59419],[38.8811,-6.58565],[38.88306,-6.57685],[38.88735,-6.57459],[38.88847,-6.57257],[38.88778,-6.56973],[38.88337,-6.56767],[38.87482,-6.56685],[38.87515,-6.55615],[38.88487,-6.54469],[38.88579,-6.54079],[38.88489,-6.53693],[38.88022,-6.53301],[38.88008,-6.52686],[38.8778,-6.52302],[38.8745,-6.50771],[38.87383,-6.5035],[38.87575,-6.47951],[38.87945,-6.48161],[38.88639,-6.48288],[38.89536,-6.48312],[38.9172,-6.49411],[38.92851,-6.49155],[38.92851,-6.48985],[38.93072,-6.48982],[38.93721,-6.48716],[38.93939,-6.4879],[38.94386,-6.48527]]]]},"properties":{"region":"Pwani","district":"Bagamoyo","ward":"Kiromo","ward_code":"083"}},{"type":"Feature","geometry":{"type":"Polygon","coordinates":[[[38.95785,-6.46513],[38.98321,-6.47669],[38.99585,-6.47565],[39.00191,-6.47921],[39.00831,-6.48129],[39.00973,-6.48483],[39.01565,-6.49227],[39.02007,-6.49425],[39.02421,-6.4939],[39.02617,-6.49491],[39.03041,-6.49347],[39.03269,-6.49149],[39.03433,-6.48894],[39.03305,-6.48646],[39.03376,-6.48568],[39.03604,-6.48596],[39.03555,-6.48114],[39.03947,-6.47973],[39.04004,-6.47774],[39.03847,-6.47378],[39.03455,-6.47094],[39.02563,-6.46931],[39.02542,-6.46789],[39.02271,-6.46556],[39.03247,-6.46784],[39.04588,-6.47872],[39.04884,-6.48308],[39.05517,-6.48915],[39.06401,-6.49544],[39.06607,-6.50156],[39.06436,-6.50281],[39.06527,-6.50411],[39.07271,-6.50413],[39.07992,-6.50753],[39.08369,-6.51305],[39.08592,-6.52096],[39.08063,-6.52425],[39.07755,-6.52795],[39.07691,-6.53051],[39.07351,-6.53281],[39.07195,-6.53235],[39.0693,-6.53397],[39.06604,-6.53269],[39.06233,-6.53661],[39.05977,-6.53593],[39.05955,-6.53693],[39.05637,-6.53669],[39.05563,-6.53788],[39.05617,-6.53852],[39.055,-6.53952],[39.0555,-6.54152],[39.05404,-6.54256],[39.05173,-6.5418],[39.051,-6.543],[39.05007,-6.54278],[39.04737,-6.54758],[39.04884,-6.54935],[39.04752,-6.5511],[39.04561,-6.55084],[39.04517,-6.55314],[39.04064,-6.55326],[39.03887,-6.55228],[39.03862,-6.55323],[39.03671,-6.55359],[39.03591,-6.55663],[39.03663,-6.55714],[39.0326,-6.55802],[39.03194,-6.55947],[39.03053,-6.55685],[39.02959,-6.55762],[39.02914,-6.55706],[39.02879,-6.55898],[39.02462,-6.56103],[39.02462,-6.56259],[39.02303,-6.56451],[39.0217,-6.56434],[39.0212,-6.56584],[39.01958,-6.56586],[39.01685,-6.5634],[39.01515,-6.56334],[39.01382,-6.56496],[39.01258,-6.56446],[39.01184,-6.56553],[39.00957,-6.56383],[39.00759,-6.56443],[39.00873,-6.5651],[39.00543,-6.56782],[38.98022,-6.56287],[38.97518,-6.56005],[38.97089,-6.55469],[38.9526,-6.55055],[38.94979,-6.54301],[38.95306,-6.53724],[38.95862,-6.53297],[38.95961,-6.52147],[38.96221,-6.5145],[38.95366,-6.50019],[38.95808,-6.4959],[38.96101,-6.48744],[38.95644,-6.48458],[38.95426,-6.48186],[38.95081,-6.47632],[38.94996,-6.47314],[38.95203,-6.46867],[38.95382,-6.4691],[38.9574,-6.46745],[38.95595,-6.46613],[38.95806,-6.46595],[38.95785,-6.46513]]]},"properties":{"region":"Pwani","district":"Bagamoyo","ward":"Zinga","ward_code":"093"}},{"type":"Feature","geometry":{"type":"MultiPolygon","coordinates":[[[[39.07213,-6.55367],[39.07213,-6.55367],[39.07213,-6.55367],[39.07213,-6.55367]]],[[[39.08722,-6.52521],[39.09186,-6.5328],[39.08,-6.53822],[39.0786,-6.5467],[39.07497,-6.54755],[39.07213,-6.55367],[39.0721,-6.55372],[39.06949,-6.55282],[39.06048,-6.56323],[39.05764,-6.57328],[39.0561,-6.5728],[39.05545,-6.57544],[39.0539,-6.57565],[39.05397,-6.57759],[39.05243,-6.57779],[39.05226,-6.58041],[39.04921,-6.58222],[39.05553,-6.58837],[39.05391,-6.59059],[39.05288,-6.59723],[39.05122,-6.59695],[39.05174,-6.59814],[39.04371,-6.61556],[39.03759,-6.61304],[39.03826,-6.61949],[39.0411,-6.62841],[39.03953,-6.62902],[39.02493,-6.6158],[39.00334,-6.62884],[39.00434,-6.62604],[39.00392,-6.62445],[39.00586,-6.62263],[39.00568,-6.62163],[39.00787,-6.62071],[39.00796,-6.61596],[39.0088,-6.61566],[39.00867,-6.61417],[39.01086,-6.61254],[39.01042,-6.60949],[39.01307,-6.60562],[39.01303,-6.60339],[39.01472,-6.59991],[39.01305,-6.59779],[39.01396,-6.59698],[39.01135,-6.59435],[39.01094,-6.59013],[39.00945,-6.58897],[39.01029,-6.5817],[39.00821,-6.57916],[39.00764,-6.57958],[39.00723,-6.57807],[39.00637,-6.57812],[39.00657,-6.57713],[39.0049,-6.57515],[39.00558,-6.57448],[39.00488,-6.57086],[39.00543,-6.56782],[39.00873,-6.5651],[39.00759,-6.56443],[39.00957,-6.56383],[39.01184,-6.56553],[39.01258,-6.56446],[39.01382,-6.56496],[39.01515,-6.56334],[39.01685,-6.5634],[39.01958,-6.56586],[39.0212,-6.56584],[39.0217,-6.56434],[39.02303,-6.56451],[39.02462,-6.56259],[39.02462,-6.56103],[39.02879,-6.55898],[39.02914,-6.55706],[39.02959,-6.55762],[39.03053,-6.55685],[39.03194,-6.55947],[39.0326,-6.55802],[39.03663,-6.55714],[39.03591,-6.55663],[39.03671,-6.55359],[39.03862,-6.55323],[39.03887,-6.55228],[39.04064,-6.55326],[39.04517,-6.55314],[39.04561,-6.55084],[39.04752,-6.5511],[39.04884,-6.54935],[39.04737,-6.54758],[39.05007,-6.54278],[39.051,-6.543],[39.05173,-6.5418],[39.05404,-6.54256],[39.0555,-6.54152],[39.055,-6.53952],[39.05617,-6.53852],[39.05563,-6.53788],[39.05637,-6.53669],[39.05955,-6.53693],[39.05977,-6.53593],[39.06233,-6.53661],[39.06604,-6.53269],[39.0693,-6.53397],[39.07195,-6.53235],[39.07351,-6.53281],[39.07691,-6.53051],[39.07755,-6.52795],[39.08063,-6.52425],[39.08592,-6.52096],[39.08722,-6.52521]]]]},"properties":{"region":"Pwani","district":"Bagamoyo","ward":"Kerege","ward_code":"103"}},{"type":"Feature","geometry":{"type":"Polygon","coordinates":[[[39.12063,-6.55173],[39.12763,-6.56117],[39.12264,-6.5695],[39.11752,-6.57215],[39.11884,-6.57541],[39.11771,-6.57873],[39.11424,-6.58092],[39.10953,-6.57878],[39.10776,-6.58523],[39.10264,-6.59212],[39.10009,-6.59356],[39.09813,-6.59297],[39.09468,-6.59628],[39.09226,-6.59512],[39.08804,-6.59631],[39.08631,-6.59828],[39.08876,-6.6003],[39.08847,-6.60237],[39.08691,-6.60298],[39.08445,-6.60111],[39.08239,-6.60178],[39.07817,-6.61111],[39.0793,-6.61377],[39.07891,-6.61544],[39.07687,-6.61563],[39.07539,-6.61819],[39.07884,-6.61925],[39.07917,-6.62027],[39.07853,-6.62248],[39.07391,-6.62843],[39.07309,-6.63358],[39.06914,-6.63534],[39.0607,-6.63169],[39.05531,-6.63036],[39.04608,-6.63061],[39.0411,-6.62841],[39.03826,-6.61949],[39.03759,-6.61304],[39.04371,-6.61556],[39.05174,-6.59814],[39.05122,-6.59695],[39.05288,-6.59723],[39.05391,-6.59059],[39.05553,-6.58837],[39.04921,-6.58222],[39.05226,-6.58041],[39.05243,-6.57779],[39.05397,-6.57759],[39.0539,-6.57565],[39.05545,-6.57544],[39.0561,-6.5728],[39.05764,-6.57328],[39.06048,-6.56323],[39.06949,-6.55282],[39.0721,-6.55372],[39.07213,-6.55367],[39.07497,-6.54755],[39.0786,-6.5467],[39.08,-6.53822],[39.09186,-6.5328],[39.09353,-6.53742],[39.12063,-6.55173]],[[39.07213,-6.55367],[39.07213,-6.55367],[39.07213,-6.55367],[39.07213,-6.55367]]]},"properties":{"region":"Pwani","district":"Bagamoyo","ward":"Mapinga","ward_code":"113"}},{"type":"Feature","geometry":{"type":"Polygon","coordinates":[[[38.71938,-5.93942],[38.71946,-5.9404],[38.72092,-5.93994],[38.72159,-5.94106],[38.72206,-5.93967],[38.72424,-5.94127],[38.72363,-5.94206],[38.72427,-5.94286],[38.72534,-5.94236],[38.72737,-5.9438],[38.72796,-5.9427],[38.73058,-5.94221],[38.73093,-5.94468],[38.7339,-5.94811],[38.73366,-5.94935],[38.73805,-5.94802],[38.73839,-5.9488],[38.74199,-5.94769],[38.74268,-5.94883],[38.74394,-5.94848],[38.74439,-5.946],[38.75065,-5.94716],[38.75031,-5.94875],[38.75283,-5.95024],[38.75433,-5.94887],[38.75683,-5.94993],[38.75705,-5.95137],[38.75823,-5.95101],[38.7605,-5.95223],[38.76418,-5.95133],[38.76573,-5.95361],[38.76711,-5.95295],[38.7675,-5.95524],[38.77022,-5.95827],[38.76847,-5.96063],[38.77066,-5.96387],[38.77216,-5.96379],[38.7726,-5.9621],[38.77405,-5.96218],[38.77537,-5.96467],[38.77745,-5.96601],[38.77919,-5.96595],[38.78106,-5.96449],[38.78184,-5.96552],[38.78098,-5.96605],[38.78259,-5.96847],[38.78427,-5.96737],[38.78528,-5.96803],[38.78598,-5.96693],[38.78748,-5.96722],[38.78756,-5.96889],[38.78913,-5.96897],[38.78936,-5.96719],[38.79083,-5.96842],[38.79417,-5.96828],[38.7945,-5.96609],[38.79545,-5.96715],[38.79546,-5.96567],[38.79751,-5.96571],[38.7985,-5.96959],[38.80025,-5.97031],[38.77976,-6.02219],[38.77901,-6.02957],[38.77751,-6.02985],[38.77682,-6.03194],[38.77536,-6.04077],[38.77724,-6.04361],[38.7756,-6.04397],[38.78053,-6.04477],[38.78103,-6.05406],[38.78305,-6.05935],[38.78741,-6.06582],[38.78924,-6.07404],[38.79549,-6.08749],[38.80088,-6.09532],[38.81578,-6.11268],[38.82061,-6.11566],[38.81692,-6.11748],[38.81519,-6.11953],[38.81439,-6.12295],[38.81691,-6.12856],[38.81299,-6.13091],[38.81231,-6.13312],[38.81566,-6.13635],[38.81539,-6.13887],[38.81273,-6.13859],[38.81231,-6.13566],[38.80995,-6.1361],[38.80734,-6.13887],[38.80394,-6.13946],[38.80501,-6.14223],[38.80409,-6.1455],[38.80072,-6.14624],[38.80045,-6.14883],[38.80624,-6.15322],[38.8062,-6.15682],[38.80788,-6.15847],[38.80785,-6.15972],[38.80334,-6.15865],[38.80279,-6.16071],[38.80395,-6.16261],[38.79878,-6.16412],[38.80058,-6.16823],[38.797,-6.16954],[38.79851,-6.17271],[38.79407,-6.17515],[38.79339,-6.18329],[38.79132,-6.18294],[38.79062,-6.18009],[38.78909,-6.1803],[38.7877,-6.18426],[38.79269,-6.18698],[38.79324,-6.1882],[38.78771,-6.18692],[38.78716,-6.1919],[38.78942,-6.18922],[38.79073,-6.18969],[38.7909,-6.19103],[38.78563,-6.19393],[38.78611,-6.19464],[38.78993,-6.19379],[38.78994,-6.1948],[38.78727,-6.19638],[38.78847,-6.19899],[38.78665,-6.20065],[38.78599,-6.20282],[38.78362,-6.20329],[38.78227,-6.20077],[38.77916,-6.19904],[38.77866,-6.1995],[38.77934,-6.20105],[38.77862,-6.20387],[38.7766,-6.20643],[38.77714,-6.20722],[38.77949,-6.20609],[38.78128,-6.20631],[38.78208,-6.20898],[38.77935,-6.21016],[38.77776,-6.20843],[38.7771,-6.20876],[38.77673,-6.20986],[38.77845,-6.21331],[38.77825,-6.21977],[38.77731,-6.22008],[38.77595,-6.21776],[38.77445,-6.21712],[38.77156,-6.21861],[38.77142,-6.21747],[38.77314,-6.21692],[38.77317,-6.2159],[38.77087,-6.21633],[38.76902,-6.21388],[38.76741,-6.21475],[38.76678,-6.21748],[38.76427,-6.21946],[38.76283,-6.21762],[38.76098,-6.2187],[38.75828,-6.21805],[38.75561,-6.21927],[38.75732,-6.22276],[38.75934,-6.22346],[38.75904,-6.22655],[38.75811,-6.22701],[38.75419,-6.22288],[38.75304,-6.22382],[38.75361,-6.22583],[38.7474,-6.22583],[38.74687,-6.22686],[38.74841,-6.22851],[38.748,-6.23031],[38.74519,-6.23144],[38.74387,-6.23056],[38.74264,-6.23281],[38.74017,-6.2334],[38.73826,-6.23658],[38.73565,-6.23829],[38.73383,-6.23652],[38.73127,-6.23581],[38.72713,-6.23737],[38.72493,-6.23509],[38.72288,-6.23503],[38.72112,-6.23851],[38.72123,-6.24039],[38.72023,-6.24068],[38.71741,-6.23449],[38.71461,-6.23359],[38.7114,-6.23774],[38.71419,-6.23973],[38.71445,-6.24162],[38.71079,-6.24264],[38.70946,-6.24458],[38.70826,-6.24351],[38.70486,-6.24405],[38.70416,-6.24305],[38.70497,-6.24173],[38.7079,-6.24109],[38.70746,-6.23996],[38.70369,-6.23899],[38.7028,-6.23424],[38.70198,-6.23361],[38.70024,-6.23417],[38.70103,-6.23655],[38.70006,-6.24022],[38.70309,-6.24453],[38.70192,-6.24513],[38.6967,-6.24303],[38.69472,-6.24456],[38.68985,-6.24497],[38.68912,-6.24579],[38.69267,-6.25294],[38.69195,-6.25373],[38.68994,-6.2513],[38.68837,-6.25134],[38.68568,-6.25618],[38.6794,-6.25838],[38.67646,-6.25542],[38.67304,-6.25671],[38.67322,-6.2578],[38.67665,-6.25947],[38.67654,-6.2608],[38.67564,-6.26155],[38.67155,-6.26068],[38.66758,-6.26532],[38.66347,-6.26078],[38.65907,-6.27282],[38.65724,-6.27057],[38.64909,-6.26897],[38.64579,-6.27525],[38.64305,-6.27364],[38.64061,-6.2759],[38.63362,-6.27518],[38.63399,-6.27861],[38.63309,-6.28122],[38.63155,-6.28233],[38.62991,-6.28191],[38.62694,-6.27726],[38.62716,-6.27106],[38.62975,-6.27128],[38.62919,-6.27281],[38.63004,-6.27392],[38.63289,-6.26866],[38.63126,-6.26599],[38.62701,-6.26256],[38.62111,-6.2614],[38.62045,-6.2621],[38.62157,-6.26399],[38.62082,-6.26529],[38.61606,-6.26647],[38.61085,-6.27219],[38.60954,-6.27108],[38.60691,-6.26444],[38.60705,-6.25627],[38.60127,-6.26089],[38.5984,-6.25655],[38.59595,-6.25559],[38.59158,-6.2571],[38.58981,-6.25914],[38.58569,-6.26126],[38.58356,-6.26138],[38.58221,-6.25569],[38.58188,-6.21824],[38.58343,-6.18183],[38.58255,-6.15651],[38.58882,-6.14181],[38.59506,-6.13293],[38.59484,-6.13041],[38.5905,-6.12027],[38.59045,-6.11198],[38.58504,-6.10909],[38.58321,-6.10576],[38.58172,-6.10543],[38.57557,-6.10715],[38.57247,-6.10593],[38.56546,-6.1087],[38.56141,-6.10695],[38.55677,-6.10736],[38.55219,-6.10577],[38.53676,-6.1042],[38.52236,-6.09815],[38.47615,-6.09773],[38.46896,-6.0901],[38.46546,-6.07582],[38.47347,-6.04442],[38.47449,-6.03664],[38.4684,-6.02854],[38.46706,-6.02321],[38.46874,-6.02385],[38.47269,-6.0218],[38.47178,-6.017],[38.47585,-6.01405],[38.48042,-6.01236],[38.47896,-6.00832],[38.4815,-6.00452],[38.48451,-6.00301],[38.49146,-6.00421],[38.49172,-6.00551],[38.49465,-6.00771],[38.50083,-6.00633],[38.50356,-6.00901],[38.50835,-6.00949],[38.51233,-6.00843],[38.51271,-6.01111],[38.51738,-6.01228],[38.52599,-6.01141],[38.5325,-6.01243],[38.53987,-6.00596],[38.54355,-6.00101],[38.54899,-6.003],[38.55937,-6.00444],[38.56145,-6.00934],[38.55599,-6.01149],[38.55722,-6.01337],[38.55418,-6.01489],[38.55434,-6.01668],[38.55986,-6.01999],[38.56376,-6.02068],[38.56896,-6.01533],[38.57787,-6.01524],[38.57888,-6.01051],[38.58256,-6.0089],[38.58825,-6.00408],[38.59157,-5.99854],[38.59492,-5.99576],[38.59914,-5.99444],[38.59901,-5.98513],[38.60359,-5.98793],[38.60516,-5.98083],[38.60778,-5.98177],[38.61077,-5.98484],[38.60721,-5.98829],[38.60845,-5.9916],[38.61277,-5.98867],[38.6235,-5.98921],[38.6292,-5.99157],[38.63407,-5.99052],[38.63412,-5.98744],[38.6368,-5.98537],[38.64576,-5.98299],[38.64975,-5.97525],[38.65021,-5.96984],[38.64902,-5.96511],[38.6527,-5.96021],[38.65802,-5.95452],[38.6658,-5.95256],[38.67638,-5.95493],[38.68336,-5.96026],[38.69706,-5.96776],[38.69917,-5.96797],[38.69915,-5.96432],[38.70226,-5.96357],[38.70458,-5.95715],[38.70338,-5.95655],[38.70137,-5.95767],[38.70138,-5.95191],[38.7047,-5.95079],[38.7114,-5.95078],[38.71469,-5.94627],[38.71398,-5.94411],[38.71593,-5.94352],[38.71643,-5.94013],[38.71938,-5.93942]]]},"properties":{"region":"Pwani","district":"Bagamoyo","ward":"Mkange","ward_code":"091"}},{"type":"Feature","geometry":{"type":"Polygon","coordinates":[[[38.30101,-5.93034],[38.30237,-5.93207],[38.30436,-5.9324],[38.30348,-5.93429],[38.3057,-5.94064],[38.31017,-5.945],[38.3125,-5.94314],[38.31095,-5.94149],[38.31207,-5.93792],[38.31725,-5.93898],[38.31943,-5.93815],[38.3217,-5.94004],[38.31983,-5.94232],[38.32491,-5.94731],[38.32487,-5.94965],[38.32667,-5.94943],[38.32971,-5.95283],[38.33136,-5.95241],[38.33116,-5.95481],[38.33617,-5.95582],[38.33803,-5.95724],[38.33858,-5.96147],[38.33497,-5.96212],[38.33178,-5.96872],[38.33302,-5.96971],[38.33643,-5.9696],[38.33868,-5.97193],[38.34118,-5.97291],[38.34208,-5.9778],[38.34435,-5.97666],[38.34519,-5.98019],[38.34353,-5.98057],[38.34261,-5.991],[38.34361,-5.99152],[38.34535,-5.98983],[38.34843,-5.99098],[38.3516,-5.98829],[38.35645,-5.98757],[38.36097,-5.99106],[38.36191,-5.98979],[38.36748,-5.98719],[38.37204,-5.98989],[38.37391,-5.98936],[38.37626,-5.99278],[38.37591,-5.99082],[38.37771,-5.99064],[38.37667,-5.98867],[38.37872,-5.98855],[38.38166,-5.98492],[38.38151,-5.98655],[38.38595,-5.98901],[38.38513,-5.99111],[38.38739,-5.99172],[38.38962,-5.99009],[38.39304,-5.99284],[38.39065,-5.99611],[38.39207,-5.99708],[38.39667,-5.99284],[38.39823,-5.99322],[38.39817,-5.99195],[38.39619,-5.99148],[38.39804,-5.98823],[38.39407,-5.98807],[38.39444,-5.98634],[38.39818,-5.98632],[38.39846,-5.9851],[38.397,-5.98317],[38.40144,-5.9828],[38.4011,-5.98567],[38.4036,-5.9866],[38.40491,-5.98611],[38.4041,-5.98483],[38.40468,-5.9829],[38.40782,-5.98594],[38.40975,-5.98653],[38.40812,-5.98878],[38.40839,-5.99007],[38.4069,-5.99073],[38.40799,-5.99152],[38.4089,-5.99092],[38.41075,-5.99284],[38.41164,-5.99002],[38.41325,-5.98982],[38.41435,-5.9912],[38.41337,-5.99294],[38.41495,-5.99676],[38.41433,-6.00124],[38.41795,-5.99861],[38.41737,-6.00352],[38.41883,-6.00664],[38.41592,-6.00886],[38.41782,-6.00996],[38.41859,-6.00831],[38.42039,-6.00891],[38.42052,-6.01202],[38.42402,-6.00958],[38.42629,-6.00947],[38.42459,-6.015],[38.42792,-6.01534],[38.42826,-6.01829],[38.43267,-6.01894],[38.44041,-6.01495],[38.44318,-6.01561],[38.44827,-6.01085],[38.45187,-6.01542],[38.45835,-6.01945],[38.46303,-6.02071],[38.46706,-6.02321],[38.4684,-6.02854],[38.47449,-6.03664],[38.47347,-6.04442],[38.46546,-6.07582],[38.46896,-6.0901],[38.47615,-6.09773],[38.52236,-6.09815],[38.53676,-6.1042],[38.55219,-6.10577],[38.55677,-6.10736],[38.56141,-6.10695],[38.56546,-6.1087],[38.57247,-6.10593],[38.57557,-6.10715],[38.58172,-6.10543],[38.58321,-6.10576],[38.58504,-6.10909],[38.59045,-6.11198],[38.5905,-6.12027],[38.59484,-6.13041],[38.59506,-6.13293],[38.58882,-6.14181],[38.58255,-6.15651],[38.58343,-6.18183],[38.58188,-6.21824],[38.58221,-6.25569],[38.57935,-6.25624],[38.57674,-6.25808],[38.57525,-6.25771],[38.57416,-6.25545],[38.56982,-6.25444],[38.56716,-6.25278],[38.56468,-6.24826],[38.55966,-6.24813],[38.55796,-6.24517],[38.55515,-6.24805],[38.5503,-6.24813],[38.54682,-6.25107],[38.54353,-6.25096],[38.53888,-6.24916],[38.53662,-6.24572],[38.53522,-6.24531],[38.52822,-6.25088],[38.52568,-6.25455],[38.52431,-6.25441],[38.52218,-6.25216],[38.51923,-6.25396],[38.51548,-6.25001],[38.51162,-6.25007],[38.50967,-6.25235],[38.51159,-6.25701],[38.51141,-6.26023],[38.50784,-6.26155],[38.50517,-6.25545],[38.5014,-6.25572],[38.49951,-6.2545],[38.49765,-6.25107],[38.49391,-6.25044],[38.48754,-6.24352],[38.48489,-6.23852],[38.48445,-6.23154],[38.47949,-6.22299],[38.48185,-6.20535],[38.47644,-6.19691],[38.47319,-6.18189],[38.46598,-6.17686],[38.46467,-6.1714],[38.46166,-6.17108],[38.45681,-6.17335],[38.45534,-6.17014],[38.45436,-6.16333],[38.45271,-6.16445],[38.44661,-6.16509],[38.44346,-6.15553],[38.43712,-6.15599],[38.43273,-6.16032],[38.42668,-6.16013],[38.41482,-6.1524],[38.40861,-6.1498],[38.4056,-6.15208],[38.39976,-6.15258],[38.37003,-6.15207],[38.36358,-6.15275],[38.34688,-6.14898],[38.34452,-6.14218],[38.33849,-6.13632],[38.34386,-6.11138],[38.3504,-6.1096],[38.35354,-6.10589],[38.35471,-6.09784],[38.35987,-6.09327],[38.36075,-6.08862],[38.36716,-6.0892],[38.37301,-6.08435],[38.38238,-6.07905],[38.37884,-6.07566],[38.377,-6.07053],[38.37731,-6.06706],[38.363,-6.06082],[38.3625,-6.05467],[38.35978,-6.05125],[38.35934,-6.04906],[38.3537,-6.04992],[38.35193,-6.05362],[38.34781,-6.05342],[38.34619,-6.05214],[38.33588,-6.05481],[38.3293,-6.0504],[38.32559,-6.0438],[38.31278,-6.03227],[38.29869,-6.02487],[38.29844,-5.97542],[38.2998,-5.94519],[38.29861,-5.93124],[38.29953,-5.93171],[38.30101,-5.93034]]]},"properties":{"region":"Pwani","district":"Bagamoyo","ward":"Miono","ward_code":"103"}},{"type":"Feature","geometry":{"type":"Polygon","coordinates":[[[38.34688,-6.14898],[38.36358,-6.15275],[38.37003,-6.15207],[38.39976,-6.15258],[38.4056,-6.15208],[38.40861,-6.1498],[38.41482,-6.1524],[38.42668,-6.16013],[38.43273,-6.16032],[38.43712,-6.15599],[38.44346,-6.15553],[38.44661,-6.16509],[38.45271,-6.16445],[38.45436,-6.16333],[38.45534,-6.17014],[38.45681,-6.17335],[38.46166,-6.17108],[38.46467,-6.1714],[38.46598,-6.17686],[38.47319,-6.18189],[38.47644,-6.19691],[38.48185,-6.20535],[38.47949,-6.22299],[38.48445,-6.23154],[38.48489,-6.23852],[38.47747,-6.24116],[38.46921,-6.24251],[38.45924,-6.24196],[38.45321,-6.2429],[38.43066,-6.24914],[38.41846,-6.24862],[38.41411,-6.24323],[38.40726,-6.24116],[38.40527,-6.24137],[38.40299,-6.24453],[38.39958,-6.24626],[38.39409,-6.2448],[38.38523,-6.24675],[38.37827,-6.24159],[38.37279,-6.23959],[38.37081,-6.23997],[38.36455,-6.2463],[38.3606,-6.24471],[38.35392,-6.24463],[38.35082,-6.2437],[38.34754,-6.24709],[38.34469,-6.24709],[38.3409,-6.24198],[38.33701,-6.23994],[38.33624,-6.22516],[38.32817,-6.21304],[38.33005,-6.21096],[38.32564,-6.21175],[38.32312,-6.20856],[38.32192,-6.21316],[38.31385,-6.22103],[38.31271,-6.21519],[38.31818,-6.21307],[38.31252,-6.21068],[38.31376,-6.20496],[38.30801,-6.20532],[38.30678,-6.20263],[38.30038,-6.1994],[38.30064,-6.19625],[38.29705,-6.19582],[38.2971,-6.19468],[38.29996,-6.19438],[38.30009,-6.19232],[38.29651,-6.18992],[38.29802,-6.18416],[38.29936,-6.18232],[38.29857,-6.18009],[38.29582,-6.17965],[38.29246,-6.18369],[38.29071,-6.18438],[38.28985,-6.18369],[38.29233,-6.18104],[38.29056,-6.18139],[38.28955,-6.18014],[38.28758,-6.18066],[38.28755,-6.17824],[38.29309,-6.17695],[38.29414,-6.17844],[38.29618,-6.17791],[38.29576,-6.1765],[38.29437,-6.17617],[38.2937,-6.17338],[38.29494,-6.17201],[38.29641,-6.17215],[38.2962,-6.16912],[38.29496,-6.16918],[38.29521,-6.16726],[38.29416,-6.16748],[38.29441,-6.16568],[38.2924,-6.16485],[38.29232,-6.16622],[38.28924,-6.16588],[38.28847,-6.16535],[38.2896,-6.1633],[38.28802,-6.16229],[38.28943,-6.1619],[38.28883,-6.16072],[38.29059,-6.15942],[38.29229,-6.15919],[38.29103,-6.15773],[38.29244,-6.15553],[38.29324,-6.15146],[38.30108,-6.15184],[38.31711,-6.1438],[38.3329,-6.15435],[38.34082,-6.14884],[38.34201,-6.13999],[38.34452,-6.14218],[38.34688,-6.14898]]]},"properties":{"region":"Pwani","district":"Bagamoyo","ward":"Mandera","ward_code":"121"}},{"type":"Feature","geometry":{"type":"Polygon","coordinates":[[[38.55796,-6.24517],[38.55966,-6.24813],[38.56468,-6.24826],[38.56716,-6.25278],[38.56982,-6.25444],[38.57416,-6.25545],[38.57525,-6.25771],[38.57674,-6.25808],[38.57935,-6.25624],[38.58221,-6.25569],[38.58356,-6.26138],[38.58569,-6.26126],[38.58981,-6.25914],[38.59158,-6.2571],[38.59595,-6.25559],[38.5984,-6.25655],[38.60127,-6.26089],[38.60705,-6.25627],[38.60691,-6.26444],[38.60954,-6.27108],[38.61085,-6.27219],[38.61606,-6.26647],[38.62082,-6.26529],[38.62157,-6.26399],[38.62045,-6.2621],[38.62111,-6.2614],[38.62701,-6.26256],[38.63126,-6.26599],[38.63289,-6.26866],[38.63004,-6.27392],[38.62919,-6.27281],[38.62975,-6.27128],[38.62716,-6.27106],[38.626,-6.34733],[38.61684,-6.3529],[38.60399,-6.36794],[38.60396,-6.37665],[38.60273,-6.38245],[38.59824,-6.39058],[38.59614,-6.3923],[38.59161,-6.39085],[38.5908,-6.39242],[38.5919,-6.39478],[38.59169,-6.39692],[38.59025,-6.39669],[38.58774,-6.39842],[38.58525,-6.39732],[38.58393,-6.40023],[38.58216,-6.39967],[38.58151,-6.40049],[38.58067,-6.40395],[38.57594,-6.40571],[38.57772,-6.40954],[38.57746,-6.41487],[38.57815,-6.41601],[38.58891,-6.41835],[38.59315,-6.4203],[38.59618,-6.42423],[38.59713,-6.42867],[38.60519,-6.43269],[38.60417,-6.43512],[38.60398,-6.44935],[38.58411,-6.44595],[38.56671,-6.43374],[38.5459,-6.4337],[38.54031,-6.44048],[38.5265,-6.43421],[38.51706,-6.43251],[38.51214,-6.42974],[38.50421,-6.42314],[38.5009,-6.41843],[38.50062,-6.40889],[38.50495,-6.40454],[38.49937,-6.40574],[38.48431,-6.41496],[38.4737,-6.41502],[38.4638,-6.41296],[38.45619,-6.41377],[38.43794,-6.39013],[38.4218,-6.37527],[38.42433,-6.36019],[38.43073,-6.35047],[38.43154,-6.33665],[38.43686,-6.33249],[38.43889,-6.32812],[38.44483,-6.32236],[38.44865,-6.32169],[38.45222,-6.31782],[38.45448,-6.31257],[38.4637,-6.30802],[38.46969,-6.30281],[38.48585,-6.30316],[38.49224,-6.30146],[38.50082,-6.30091],[38.50907,-6.30162],[38.5281,-6.29609],[38.53389,-6.29298],[38.53999,-6.24958],[38.54682,-6.25107],[38.5503,-6.24813],[38.55515,-6.24805],[38.55796,-6.24517]]]},"properties":{"region":"Pwani","district":"Bagamoyo","ward":"Kiwangwa","ward_code":"083"}},{"type":"Feature","geometry":{"type":"Polygon","coordinates":[[[38.04325,-6.21417],[38.05679,-6.2156],[38.06201,-6.2141],[38.07521,-6.21585],[38.09306,-6.22527],[38.09594,-6.22339],[38.09505,-6.22769],[38.09609,-6.22794],[38.09988,-6.22365],[38.10353,-6.22611],[38.10472,-6.22493],[38.10602,-6.23206],[38.11049,-6.24345],[38.11365,-6.23779],[38.11739,-6.23761],[38.12005,-6.23626],[38.12516,-6.23743],[38.13136,-6.23511],[38.13441,-6.23595],[38.13642,-6.23512],[38.14177,-6.23678],[38.14438,-6.23917],[38.14676,-6.23833],[38.156,-6.24098],[38.15685,-6.24533],[38.15622,-6.24778],[38.15713,-6.24895],[38.16338,-6.24747],[38.16483,-6.24975],[38.1905,-6.26282],[38.19743,-6.26279],[38.20335,-6.26473],[38.20747,-6.26163],[38.21378,-6.26605],[38.21184,-6.27213],[38.2175,-6.27346],[38.22011,-6.27665],[38.22623,-6.27469],[38.22879,-6.26719],[38.23474,-6.26124],[38.23905,-6.26413],[38.2433,-6.26166],[38.24948,-6.26262],[38.25236,-6.26144],[38.25453,-6.25884],[38.25789,-6.25819],[38.26667,-6.25986],[38.27557,-6.25459],[38.27873,-6.25047],[38.28485,-6.25],[38.29306,-6.25429],[38.30223,-6.25409],[38.30474,-6.25314],[38.30678,-6.24897],[38.30909,-6.24833],[38.31375,-6.24856],[38.31704,-6.25007],[38.32058,-6.24768],[38.3262,-6.24933],[38.3409,-6.2471],[38.34754,-6.24709],[38.35082,-6.2437],[38.35392,-6.24463],[38.3606,-6.24471],[38.36455,-6.2463],[38.37081,-6.23997],[38.37279,-6.23959],[38.37827,-6.24159],[38.38523,-6.24675],[38.39409,-6.2448],[38.39958,-6.24626],[38.40299,-6.24453],[38.40527,-6.24137],[38.40726,-6.24116],[38.41411,-6.24323],[38.41846,-6.24862],[38.43066,-6.24914],[38.45321,-6.2429],[38.45924,-6.24196],[38.46921,-6.24251],[38.47747,-6.24116],[38.48489,-6.23852],[38.48754,-6.24352],[38.49391,-6.25044],[38.49765,-6.25107],[38.49951,-6.2545],[38.5014,-6.25572],[38.50517,-6.25545],[38.50739,-6.26121],[38.50865,-6.26169],[38.51141,-6.26023],[38.51159,-6.25701],[38.50967,-6.25235],[38.51162,-6.25007],[38.51548,-6.25001],[38.51923,-6.25396],[38.52218,-6.25216],[38.52431,-6.25441],[38.52568,-6.25455],[38.52822,-6.25088],[38.53522,-6.24531],[38.53662,-6.24572],[38.538,-6.24863],[38.53999,-6.24958],[38.53389,-6.29298],[38.5281,-6.29609],[38.50907,-6.30162],[38.50082,-6.30091],[38.49224,-6.30146],[38.48585,-6.30316],[38.46969,-6.30281],[38.4637,-6.30802],[38.45448,-6.31257],[38.45222,-6.31782],[38.44865,-6.32169],[38.44483,-6.32236],[38.43889,-6.32812],[38.43686,-6.33249],[38.43154,-6.33665],[38.43073,-6.35047],[38.42433,-6.36019],[38.4218,-6.37527],[38.43794,-6.39013],[38.45619,-6.41377],[38.4638,-6.41296],[38.46972,-6.41419],[38.45698,-6.42443],[38.43776,-6.42116],[38.40725,-6.43463],[38.37548,-6.42598],[38.35804,-6.41267],[38.34814,-6.39967],[38.3447,-6.39739],[38.34312,-6.3927],[38.33636,-6.38893],[38.33372,-6.38561],[38.33262,-6.38088],[38.3295,-6.38189],[38.31793,-6.37481],[38.31268,-6.35216],[38.308,-6.35099],[38.30402,-6.34808],[38.29853,-6.34583],[38.26932,-6.38793],[38.21673,-6.38318],[38.20041,-6.34638],[38.19955,-6.33407],[38.20044,-6.32825],[38.1987,-6.32581],[38.19647,-6.32541],[38.19639,-6.32404],[38.19831,-6.32328],[38.19796,-6.32123],[38.19685,-6.32186],[38.19631,-6.31938],[38.20059,-6.31436],[38.1947,-6.31024],[38.19499,-6.30872],[38.19824,-6.30629],[38.19754,-6.30473],[38.19608,-6.30481],[38.19583,-6.30401],[38.19829,-6.30275],[38.19711,-6.30107],[38.19812,-6.29884],[38.19777,-6.29738],[38.19642,-6.2989],[38.19446,-6.29892],[38.19522,-6.29591],[38.19387,-6.29531],[38.19157,-6.29869],[38.18675,-6.30192],[38.18732,-6.30483],[38.18571,-6.30767],[38.18429,-6.30673],[38.18417,-6.30455],[38.18356,-6.3055],[38.18242,-6.30422],[38.17981,-6.30473],[38.17776,-6.30815],[38.17622,-6.30873],[38.17613,-6.31215],[38.17335,-6.31349],[38.1705,-6.32041],[38.1711,-6.32402],[38.16837,-6.3325],[38.1641,-6.338],[38.16116,-6.3372],[38.16583,-6.35046],[38.16306,-6.35866],[38.15378,-6.36227],[38.14699,-6.35256],[38.13574,-6.35675],[38.12582,-6.35428],[38.10736,-6.36736],[38.09899,-6.37086],[38.09863,-6.37882],[38.09119,-6.38445],[38.07802,-6.38359],[38.067,-6.38055],[38.05044,-6.38849],[38.02911,-6.39218],[38.00308,-6.39832],[38.00505,-6.23069],[38.00943,-6.23056],[38.01107,-6.22771],[38.03281,-6.22319],[38.03454,-6.2208],[38.03427,-6.21938],[38.03616,-6.21446],[38.03942,-6.20983],[38.04159,-6.21096],[38.04126,-6.21262],[38.04325,-6.21417]]]},"properties":{"region":"Pwani","district":"Bagamoyo","ward":"Msata","ward_code":"113"}},{"type":"Feature","geometry":{"type":"Polygon","coordinates":[[[38.35978,-6.05125],[38.3625,-6.05467],[38.363,-6.06082],[38.37731,-6.06706],[38.377,-6.07053],[38.37884,-6.07566],[38.38238,-6.07905],[38.37301,-6.08435],[38.36716,-6.0892],[38.36075,-6.08862],[38.35987,-6.09327],[38.35471,-6.09784],[38.35354,-6.10589],[38.3504,-6.1096],[38.34386,-6.11138],[38.33849,-6.13632],[38.34201,-6.13999],[38.34082,-6.14884],[38.3329,-6.15435],[38.31711,-6.1438],[38.30108,-6.15184],[38.29324,-6.15146],[38.29244,-6.15553],[38.29103,-6.15773],[38.29229,-6.15919],[38.29059,-6.15942],[38.28883,-6.16072],[38.28943,-6.1619],[38.28802,-6.16229],[38.2896,-6.1633],[38.28847,-6.16535],[38.28924,-6.16588],[38.29232,-6.16622],[38.2924,-6.16485],[38.29441,-6.16568],[38.29416,-6.16748],[38.29521,-6.16726],[38.29496,-6.16918],[38.2962,-6.16912],[38.29641,-6.17215],[38.29494,-6.17201],[38.2937,-6.17338],[38.29437,-6.17617],[38.29576,-6.1765],[38.29618,-6.17791],[38.29414,-6.17844],[38.29309,-6.17695],[38.28755,-6.17824],[38.28758,-6.18066],[38.28955,-6.18014],[38.29056,-6.18139],[38.29233,-6.18104],[38.28985,-6.18369],[38.29071,-6.18438],[38.29246,-6.18369],[38.29582,-6.17965],[38.29857,-6.18009],[38.29936,-6.18232],[38.29802,-6.18416],[38.29651,-6.18992],[38.30009,-6.19232],[38.29996,-6.19438],[38.2971,-6.19468],[38.29705,-6.19582],[38.30064,-6.19625],[38.30038,-6.1994],[38.30678,-6.20263],[38.30801,-6.20532],[38.31376,-6.20496],[38.31252,-6.21068],[38.31818,-6.21307],[38.31271,-6.21519],[38.31385,-6.22103],[38.32192,-6.21316],[38.32312,-6.20856],[38.32564,-6.21175],[38.33005,-6.21096],[38.32817,-6.21304],[38.33624,-6.22516],[38.33701,-6.23994],[38.3409,-6.24198],[38.34469,-6.24709],[38.3262,-6.24933],[38.32058,-6.24768],[38.31704,-6.25007],[38.31375,-6.24856],[38.30909,-6.24833],[38.30678,-6.24897],[38.30419,-6.25354],[38.29605,-6.25473],[38.29306,-6.25429],[38.28485,-6.25],[38.27873,-6.25047],[38.27557,-6.25459],[38.26667,-6.25986],[38.25789,-6.25819],[38.25453,-6.25884],[38.25236,-6.26144],[38.24948,-6.26262],[38.2433,-6.26166],[38.23905,-6.26413],[38.23474,-6.26124],[38.22879,-6.26719],[38.22623,-6.27469],[38.22011,-6.27665],[38.2175,-6.27346],[38.21184,-6.27213],[38.21378,-6.26605],[38.20747,-6.26163],[38.20335,-6.26473],[38.19743,-6.26279],[38.1905,-6.26282],[38.16483,-6.24975],[38.16338,-6.24747],[38.15713,-6.24895],[38.15622,-6.24778],[38.15685,-6.24533],[38.156,-6.24098],[38.15195,-6.24004],[38.14852,-6.23723],[38.14828,-6.23587],[38.14517,-6.23284],[38.14402,-6.22978],[38.14262,-6.22974],[38.14039,-6.225],[38.14264,-6.20934],[38.1398,-6.20992],[38.13909,-6.21714],[38.13609,-6.21137],[38.13837,-6.20423],[38.13729,-6.20379],[38.1358,-6.20704],[38.13365,-6.20666],[38.13039,-6.20996],[38.12224,-6.20706],[38.1226,-6.20396],[38.1212,-6.2037],[38.12141,-6.20099],[38.12428,-6.20099],[38.12358,-6.19869],[38.12671,-6.19681],[38.12413,-6.19363],[38.11893,-6.19153],[38.12055,-6.18959],[38.11891,-6.18985],[38.11829,-6.18799],[38.11623,-6.18762],[38.11597,-6.18373],[38.11679,-6.1847],[38.11938,-6.18478],[38.12084,-6.18343],[38.12223,-6.18539],[38.12961,-6.17248],[38.13397,-6.16883],[38.13518,-6.16163],[38.13655,-6.16051],[38.14046,-6.1599],[38.14627,-6.14449],[38.13979,-6.12467],[38.14908,-6.11603],[38.14347,-6.09753],[38.15677,-6.08071],[38.18273,-6.07276],[38.19926,-6.08377],[38.20851,-6.08623],[38.21478,-6.09036],[38.21873,-6.09774],[38.23264,-6.09604],[38.23629,-6.09718],[38.2403,-6.10107],[38.24479,-6.10777],[38.24698,-6.10766],[38.24778,-6.10922],[38.25337,-6.11184],[38.25435,-6.11095],[38.25876,-6.1117],[38.26009,-6.1097],[38.26025,-6.10544],[38.26291,-6.10127],[38.26167,-6.09582],[38.26488,-6.09219],[38.27163,-6.08936],[38.28306,-6.08203],[38.30181,-6.06794],[38.3293,-6.0504],[38.33588,-6.05481],[38.34619,-6.05214],[38.34781,-6.05342],[38.35193,-6.05362],[38.35487,-6.04924],[38.35934,-6.04906],[38.35978,-6.05125]]]},"properties":{"region":"Pwani","district":"Bagamoyo","ward":"Kimange","ward_code":"131"}},{"type":"Feature","geometry":{"type":"Polygon","coordinates":[[[38.17237,-5.8648],[38.17462,-5.8672],[38.17079,-5.871],[38.17011,-5.8741],[38.17107,-5.87494],[38.1731,-5.87234],[38.1728,-5.87093],[38.17521,-5.8705],[38.17527,-5.87229],[38.18026,-5.87685],[38.18561,-5.87327],[38.19662,-5.87925],[38.19904,-5.87836],[38.20285,-5.88046],[38.20247,-5.8832],[38.20592,-5.885],[38.20345,-5.88914],[38.20965,-5.88844],[38.20958,-5.89097],[38.20577,-5.89116],[38.20362,-5.89248],[38.20099,-5.89563],[38.2003,-5.89797],[38.20413,-5.90095],[38.20476,-5.89639],[38.20668,-5.89498],[38.2085,-5.89494],[38.21675,-5.9013],[38.21963,-5.89895],[38.22042,-5.89945],[38.22027,-5.90221],[38.21941,-5.90298],[38.22005,-5.90541],[38.22088,-5.90545],[38.22129,-5.90687],[38.22361,-5.9051],[38.22675,-5.91073],[38.22601,-5.91176],[38.22803,-5.91344],[38.22791,-5.91541],[38.22884,-5.91611],[38.22827,-5.91714],[38.23141,-5.91905],[38.23121,-5.91975],[38.22781,-5.91919],[38.22734,-5.92133],[38.22971,-5.92087],[38.22959,-5.92284],[38.23183,-5.92366],[38.23201,-5.92544],[38.23395,-5.92435],[38.23437,-5.9277],[38.23566,-5.92483],[38.23677,-5.9264],[38.239,-5.92546],[38.23927,-5.92313],[38.23997,-5.92311],[38.24219,-5.92478],[38.23989,-5.92523],[38.24103,-5.92974],[38.24305,-5.92984],[38.24344,-5.9288],[38.24524,-5.92851],[38.24491,-5.93298],[38.24664,-5.93291],[38.24842,-5.93422],[38.25054,-5.93198],[38.25667,-5.93183],[38.25633,-5.93009],[38.25715,-5.93011],[38.25778,-5.9317],[38.26023,-5.93135],[38.26197,-5.93369],[38.26217,-5.93179],[38.26395,-5.93167],[38.26477,-5.93504],[38.26757,-5.9348],[38.27634,-5.93116],[38.27961,-5.92391],[38.28488,-5.92814],[38.28808,-5.93326],[38.28796,-5.94276],[38.29136,-5.9399],[38.29036,-5.93808],[38.29106,-5.93495],[38.29343,-5.93471],[38.29472,-5.93323],[38.29396,-5.92903],[38.29513,-5.92867],[38.29861,-5.93124],[38.2998,-5.94519],[38.29844,-5.97542],[38.29869,-6.02487],[38.31278,-6.03227],[38.32559,-6.0438],[38.3293,-6.0504],[38.30181,-6.06794],[38.28306,-6.08203],[38.27163,-6.08936],[38.26488,-6.09219],[38.26167,-6.09582],[38.26291,-6.10127],[38.26025,-6.10544],[38.26009,-6.1097],[38.25876,-6.1117],[38.25435,-6.11095],[38.25337,-6.11184],[38.24778,-6.10922],[38.24698,-6.10766],[38.24479,-6.10777],[38.2403,-6.10107],[38.23629,-6.09718],[38.23264,-6.09604],[38.21873,-6.09774],[38.21478,-6.09036],[38.20851,-6.08623],[38.19926,-6.08377],[38.18273,-6.07276],[38.15677,-6.08071],[38.14347,-6.09753],[38.14908,-6.11603],[38.13979,-6.12467],[38.14627,-6.14449],[38.14046,-6.1599],[38.13655,-6.16051],[38.13518,-6.16163],[38.13397,-6.16883],[38.12961,-6.17248],[38.12223,-6.18539],[38.12084,-6.18343],[38.11938,-6.18478],[38.11679,-6.1847],[38.11638,-6.18348],[38.11585,-6.18545],[38.11623,-6.18762],[38.11829,-6.18799],[38.11891,-6.18985],[38.12055,-6.18959],[38.11893,-6.19153],[38.12413,-6.19363],[38.12671,-6.19681],[38.12358,-6.19869],[38.12428,-6.20099],[38.12141,-6.20099],[38.1212,-6.2037],[38.1226,-6.20396],[38.12224,-6.20706],[38.13039,-6.20996],[38.13365,-6.20666],[38.1358,-6.20704],[38.13729,-6.20379],[38.13837,-6.20423],[38.13609,-6.21137],[38.13909,-6.21714],[38.1398,-6.20992],[38.14264,-6.20934],[38.14039,-6.225],[38.14262,-6.22974],[38.14402,-6.22978],[38.14517,-6.23284],[38.14828,-6.23587],[38.14852,-6.23723],[38.15195,-6.24004],[38.14676,-6.23833],[38.14438,-6.23917],[38.14177,-6.23678],[38.13642,-6.23512],[38.13441,-6.23595],[38.13136,-6.23511],[38.12516,-6.23743],[38.12005,-6.23626],[38.11739,-6.23761],[38.11365,-6.23779],[38.11049,-6.24345],[38.10602,-6.23206],[38.10472,-6.22493],[38.10353,-6.22611],[38.09988,-6.22365],[38.09609,-6.22794],[38.09505,-6.22769],[38.09594,-6.22339],[38.09306,-6.22527],[38.08744,-6.22198],[38.08298,-6.22062],[38.07888,-6.21742],[38.07834,-6.21541],[38.0798,-6.21084],[38.07112,-6.20533],[38.07199,-6.20215],[38.07093,-6.20065],[38.06844,-6.20118],[38.06622,-6.19819],[38.06309,-6.1993],[38.06276,-6.19797],[38.06493,-6.19535],[38.06616,-6.19104],[38.06557,-6.19063],[38.06279,-6.19275],[38.05985,-6.1926],[38.05904,-6.19057],[38.06012,-6.18755],[38.0536,-6.19044],[38.05025,-6.18906],[38.04453,-6.19076],[38.03231,-6.18771],[38.0286,-6.18326],[38.02452,-6.18249],[38.01453,-6.17647],[38.01358,-6.17468],[38.01483,-6.17355],[38.01326,-6.17217],[38.01444,-6.17091],[38.01329,-6.1702],[38.01326,-6.16218],[38.01911,-6.15943],[38.02001,-6.1504],[38.02498,-6.14457],[38.03863,-6.13305],[38.04031,-6.1294],[38.04222,-6.12759],[38.04736,-6.12674],[38.05118,-6.1245],[38.05357,-6.11874],[38.05854,-6.11777],[38.0609,-6.11421],[38.06324,-6.10779],[38.06261,-6.09335],[38.06512,-6.08756],[38.0656,-6.07994],[38.06361,-6.06702],[38.05794,-6.04321],[38.06308,-6.04658],[38.06795,-6.04765],[38.07403,-6.05267],[38.08344,-6.05433],[38.16225,-6.05271],[38.16257,-5.94561],[38.16646,-5.86461],[38.16953,-5.86551],[38.16977,-5.86408],[38.17237,-5.8648]]]},"properties":{"region":"Pwani","district":"Bagamoyo","ward":"Mbwewe","ward_code":"143"}},{"type":"Feature","geometry":{"type":"Polygon","coordinates":[[[37.94471,-5.84578],[37.94724,-5.85087],[37.96108,-5.85368],[37.9725,-5.85073],[37.99259,-5.86244],[37.99387,-5.86928],[37.99879,-5.8752],[38.00236,-5.87599],[38.00443,-5.87484],[38.00671,-5.86486],[38.00952,-5.86147],[38.01557,-5.86059],[38.02317,-5.86533],[38.02613,-5.86508],[38.02698,-5.86294],[38.02936,-5.86108],[38.04255,-5.86125],[38.04466,-5.8628],[38.051,-5.86385],[38.05354,-5.86172],[38.0555,-5.86228],[38.05843,-5.86564],[38.06225,-5.86454],[38.06516,-5.86138],[38.06649,-5.85597],[38.07354,-5.85],[38.07764,-5.8512],[38.08308,-5.85702],[38.08629,-5.8523],[38.08812,-5.85255],[38.09164,-5.8604],[38.0943,-5.86007],[38.1005,-5.86248],[38.1076,-5.85731],[38.11171,-5.86017],[38.11431,-5.85969],[38.11609,-5.86291],[38.11875,-5.86436],[38.12098,-5.86341],[38.12447,-5.86444],[38.12953,-5.86186],[38.13629,-5.86732],[38.13828,-5.86587],[38.13579,-5.86046],[38.13942,-5.85905],[38.14187,-5.85641],[38.14572,-5.85613],[38.14684,-5.85943],[38.1532,-5.85738],[38.1602,-5.86093],[38.1656,-5.85762],[38.16655,-5.86289],[38.16257,-5.94561],[38.16225,-6.05271],[38.08344,-6.05433],[38.07403,-6.05267],[38.06795,-6.04765],[38.06308,-6.04658],[38.05794,-6.04321],[38.06361,-6.06702],[38.0656,-6.07994],[38.06512,-6.08756],[38.06261,-6.09335],[38.06324,-6.10779],[38.0609,-6.11421],[38.05854,-6.11777],[38.05357,-6.11874],[38.05118,-6.1245],[38.04844,-6.12636],[38.04222,-6.12759],[38.04031,-6.1294],[38.03863,-6.13305],[38.02498,-6.14457],[38.02001,-6.1504],[38.01911,-6.15943],[38.01326,-6.16218],[38.01329,-6.1702],[38.01444,-6.17091],[38.01326,-6.17217],[38.01483,-6.17355],[38.01358,-6.17468],[38.01453,-6.17647],[38.0046,-6.17745],[38.00086,-6.17887],[37.99368,-6.17732],[37.98901,-6.1774],[37.98031,-6.17317],[37.97422,-6.17497],[37.97307,-6.17184],[37.97546,-6.16959],[37.97551,-6.1672],[37.97026,-6.16836],[37.96624,-6.16703],[37.96255,-6.16839],[37.96184,-6.16749],[37.96364,-6.16508],[37.97185,-6.16428],[37.97406,-6.16215],[37.97576,-6.16194],[37.9755,-6.16024],[37.97286,-6.15836],[37.97518,-6.15134],[37.97139,-6.15043],[37.9652,-6.15287],[37.96132,-6.15179],[37.96028,-6.14971],[37.96308,-6.14793],[37.96294,-6.14576],[37.96498,-6.14126],[37.95899,-6.13874],[37.9567,-6.13494],[37.96359,-6.12757],[37.95922,-6.12606],[37.95762,-6.12691],[37.95282,-6.12683],[37.95307,-6.1257],[37.95396,-6.12593],[37.9546,-6.12446],[37.95688,-6.12316],[37.95669,-6.1202],[37.95514,-6.11864],[37.95343,-6.11953],[37.9512,-6.11828],[37.94949,-6.11892],[37.94785,-6.11765],[37.94682,-6.1187],[37.9457,-6.11778],[37.94326,-6.11826],[37.94261,-6.11705],[37.93195,-6.11391],[37.92814,-6.1114],[37.92858,-6.10849],[37.92702,-6.10719],[37.92442,-6.10868],[37.92394,-6.11186],[37.91139,-6.11751],[37.90992,-6.11103],[37.91607,-6.10271],[37.91124,-6.10119],[37.91014,-6.09617],[37.90439,-6.09919],[37.89875,-6.09692],[37.89653,-6.0989],[37.89214,-6.09757],[37.88517,-6.10088],[37.88844,-6.09413],[37.88766,-6.08789],[37.88557,-6.08208],[37.87688,-6.07057],[37.87205,-6.05478],[37.87558,-6.05049],[37.87151,-6.04951],[37.86755,-6.04641],[37.87051,-6.03786],[37.86808,-6.03526],[37.86761,-6.027],[37.86378,-6.01219],[37.85893,-6.00596],[37.85968,-6.0013],[37.85781,-5.99939],[37.85243,-6.00105],[37.84519,-5.99783],[37.84511,-5.98939],[37.84758,-5.98928],[37.84616,-5.98511],[37.84692,-5.98497],[37.84682,-5.98178],[37.84528,-5.98018],[37.84846,-5.97691],[37.85181,-5.97591],[37.85251,-5.97655],[37.85455,-5.97491],[37.85671,-5.97536],[37.85917,-5.97459],[37.85897,-5.97189],[37.86463,-5.97207],[37.86533,-5.97024],[37.86373,-5.96691],[37.86833,-5.96595],[37.86724,-5.96061],[37.86474,-5.95826],[37.86625,-5.9541],[37.86496,-5.95261],[37.86214,-5.95229],[37.85895,-5.95031],[37.85489,-5.94609],[37.85606,-5.94247],[37.85512,-5.94091],[37.85274,-5.94043],[37.85115,-5.94287],[37.85017,-5.94263],[37.84968,-5.94075],[37.85273,-5.93709],[37.84055,-5.93587],[37.84129,-5.93312],[37.84543,-5.93083],[37.84488,-5.92863],[37.84203,-5.92894],[37.84234,-5.92637],[37.83921,-5.92705],[37.83661,-5.92619],[37.8325,-5.92347],[37.83037,-5.92084],[37.82923,-5.92153],[37.82804,-5.91974],[37.83025,-5.92008],[37.83139,-5.91909],[37.83017,-5.91765],[37.82874,-5.91751],[37.82942,-5.91671],[37.82688,-5.91465],[37.82306,-5.9163],[37.81653,-5.91],[37.81846,-5.90605],[37.8069,-5.90178],[37.8044,-5.90268],[37.80288,-5.89785],[37.80035,-5.895],[37.80114,-5.89201],[37.81706,-5.88669],[37.82114,-5.8864],[37.83183,-5.88795],[37.83802,-5.89037],[37.85073,-5.8908],[37.86195,-5.89419],[37.86631,-5.89405],[37.86824,-5.88954],[37.87385,-5.8887],[37.87391,-5.88627],[37.87568,-5.88401],[37.8776,-5.88487],[37.87874,-5.8839],[37.87806,-5.88154],[37.88145,-5.87599],[37.8839,-5.87632],[37.88967,-5.874],[37.90009,-5.87448],[37.9043,-5.86918],[37.90799,-5.86755],[37.91759,-5.85137],[37.92292,-5.8466],[37.92753,-5.84508],[37.93366,-5.84612],[37.93669,-5.84354],[37.94471,-5.84578]]]},"properties":{"region":"Pwani","district":"Bagamoyo","ward":"Kibindu","ward_code":"151"}},{"type":"Feature","geometry":{"type":"Polygon","coordinates":[[[38.21673,-6.38318],[38.26932,-6.38793],[38.29853,-6.34583],[38.30402,-6.34808],[38.308,-6.35099],[38.31268,-6.35216],[38.31793,-6.37481],[38.3295,-6.38189],[38.33262,-6.38088],[38.33372,-6.38561],[38.33636,-6.38893],[38.34312,-6.3927],[38.3447,-6.39739],[38.34814,-6.39967],[38.35804,-6.41267],[38.37548,-6.42598],[38.39343,-6.43087],[38.37769,-6.44293],[38.37606,-6.45397],[38.37712,-6.47213],[38.36006,-6.47322],[38.3419,-6.47213],[38.33249,-6.46866],[38.32736,-6.4641],[38.32708,-6.46287],[38.31661,-6.46874],[38.31156,-6.47315],[38.30968,-6.47597],[38.30588,-6.47424],[38.30257,-6.46995],[38.29506,-6.4659],[38.28807,-6.4672],[38.28447,-6.47166],[38.27504,-6.4654],[38.26182,-6.45063],[38.25625,-6.44894],[38.25059,-6.45127],[38.23573,-6.46022],[38.22915,-6.46576],[38.21642,-6.47151],[38.21301,-6.47196],[38.1623,-6.43897],[38.15873,-6.39831],[38.17245,-6.37986],[38.18524,-6.35451],[38.19116,-6.34913],[38.19243,-6.34132],[38.1917,-6.33476],[38.19481,-6.33325],[38.19627,-6.32906],[38.19501,-6.32723],[38.19647,-6.32541],[38.1987,-6.32581],[38.20044,-6.32825],[38.19955,-6.33407],[38.20041,-6.34638],[38.21673,-6.38318]]]},"properties":{"region":"Pwani","district":"Bagamoyo","ward":"Lugoba","ward_code":"023"}},{"type":"Feature","geometry":{"type":"Polygon","coordinates":[[[38.27504,-6.4654],[38.28447,-6.47166],[38.28807,-6.4672],[38.29506,-6.4659],[38.30257,-6.46995],[38.30588,-6.47424],[38.30968,-6.47597],[38.31156,-6.47315],[38.31661,-6.46874],[38.32708,-6.46287],[38.32736,-6.4641],[38.33249,-6.46866],[38.3419,-6.47213],[38.36006,-6.47322],[38.37712,-6.47213],[38.37511,-6.52954],[38.37219,-6.52943],[38.36609,-6.52669],[38.36333,-6.52223],[38.34648,-6.52365],[38.34458,-6.52904],[38.3475,-6.53706],[38.35261,-6.54371],[38.35911,-6.54999],[38.36667,-6.59142],[38.3615,-6.59584],[38.33448,-6.5867],[38.32856,-6.58072],[38.32901,-6.59102],[38.30349,-6.60131],[38.27783,-6.58654],[38.27658,-6.57862],[38.27325,-6.56933],[38.27715,-6.5626],[38.26993,-6.553],[38.24928,-6.55122],[38.24561,-6.55439],[38.24051,-6.54905],[38.24026,-6.52921],[38.23747,-6.50573],[38.23187,-6.49747],[38.22537,-6.49341],[38.22412,-6.48992],[38.21842,-6.48585],[38.21301,-6.47196],[38.21642,-6.47151],[38.22915,-6.46576],[38.23573,-6.46022],[38.25059,-6.45127],[38.25625,-6.44894],[38.26182,-6.45063],[38.27197,-6.46254],[38.27504,-6.4654]]]},"properties":{"region":"Pwani","district":"Bagamoyo","ward":"Msoga","ward_code":"033"}},{"type":"Feature","geometry":{"type":"Polygon","coordinates":[[[38.50062,-6.40889],[38.5009,-6.41843],[38.5027,-6.42162],[38.51214,-6.42974],[38.51706,-6.43251],[38.5265,-6.43421],[38.54031,-6.44048],[38.50416,-6.48468],[38.51723,-6.50552],[38.55078,-6.52712],[38.57157,-6.532],[38.56127,-6.56255],[38.56155,-6.56498],[38.55822,-6.56967],[38.55853,-6.57131],[38.54804,-6.60126],[38.55063,-6.60851],[38.55307,-6.61016],[38.55291,-6.61308],[38.55535,-6.61535],[38.55089,-6.61614],[38.54957,-6.61409],[38.54561,-6.61303],[38.54397,-6.60849],[38.54074,-6.60997],[38.53728,-6.60876],[38.53627,-6.60492],[38.5319,-6.60732],[38.52646,-6.60582],[38.5201,-6.60795],[38.51863,-6.60144],[38.51355,-6.6006],[38.51017,-6.60199],[38.50872,-6.6],[38.50624,-6.60572],[38.5002,-6.60447],[38.49881,-6.60725],[38.49536,-6.60988],[38.49113,-6.60995],[38.48777,-6.6133],[38.4842,-6.61166],[38.47324,-6.61427],[38.47172,-6.60816],[38.46741,-6.60656],[38.46551,-6.60789],[38.4609,-6.60798],[38.45661,-6.60446],[38.45479,-6.60127],[38.44938,-6.59877],[38.44408,-6.59206],[38.43912,-6.58005],[38.43706,-6.57815],[38.43579,-6.56383],[38.42562,-6.5698],[38.41859,-6.56173],[38.4022,-6.55835],[38.39899,-6.55731],[38.39569,-6.5531],[38.38611,-6.55147],[38.38145,-6.54663],[38.37928,-6.54717],[38.3747,-6.54113],[38.37712,-6.47216],[38.37606,-6.45397],[38.37769,-6.44293],[38.39343,-6.43087],[38.40725,-6.43463],[38.43776,-6.42116],[38.45698,-6.42443],[38.46972,-6.41419],[38.4737,-6.41502],[38.48431,-6.41496],[38.49937,-6.40574],[38.50495,-6.40454],[38.50062,-6.40889]]]},"properties":{"region":"Pwani","district":"Bagamoyo","ward":"Talawanda","ward_code":"071"}},{"type":"Feature","geometry":{"type":"Polygon","coordinates":[[[38.19446,-6.29892],[38.19642,-6.2989],[38.19777,-6.29738],[38.19812,-6.29884],[38.19711,-6.30107],[38.19829,-6.30275],[38.19583,-6.30401],[38.19608,-6.30481],[38.19754,-6.30473],[38.19824,-6.30629],[38.19499,-6.30872],[38.1947,-6.31024],[38.20059,-6.31436],[38.19631,-6.31938],[38.19685,-6.32186],[38.19796,-6.32123],[38.19831,-6.32328],[38.19639,-6.32404],[38.19647,-6.32541],[38.19501,-6.32723],[38.19627,-6.32906],[38.19481,-6.33325],[38.1917,-6.33476],[38.19243,-6.34132],[38.19116,-6.34913],[38.18524,-6.35451],[38.17245,-6.37986],[38.15873,-6.39831],[38.1623,-6.43897],[38.21301,-6.47196],[38.21842,-6.48585],[38.22412,-6.48992],[38.22537,-6.49341],[38.23187,-6.49747],[38.23478,-6.50133],[38.23747,-6.50573],[38.23882,-6.51321],[38.24026,-6.52921],[38.23968,-6.56302],[38.213,-6.55599],[38.193,-6.56019],[38.19147,-6.57324],[38.19488,-6.58107],[38.19374,-6.58326],[38.19498,-6.58369],[38.19931,-6.58217],[38.19976,-6.58451],[38.20319,-6.58731],[38.20417,-6.59235],[38.20451,-6.60216],[38.20951,-6.62476],[38.20711,-6.62839],[38.20723,-6.63694],[38.21166,-6.64155],[38.21212,-6.64399],[38.21962,-6.6502],[38.22366,-6.65104],[38.22467,-6.65352],[38.21735,-6.66126],[38.19782,-6.67017],[38.19015,-6.67517],[38.19182,-6.67849],[38.20045,-6.68161],[38.2056,-6.68603],[38.21059,-6.69897],[38.20965,-6.7098],[38.20367,-6.70266],[38.19942,-6.70692],[38.18658,-6.70058],[38.17944,-6.6984],[38.17377,-6.70192],[38.16663,-6.69151],[38.15591,-6.68365],[38.14853,-6.6766],[38.13431,-6.67197],[38.12813,-6.67663],[38.12103,-6.67176],[38.11792,-6.67279],[38.1084,-6.66757],[38.10165,-6.66728],[38.1015,-6.66574],[38.09719,-6.66282],[38.07801,-6.65756],[38.05955,-6.65534],[38.04978,-6.66081],[38.04108,-6.6602],[38.03988,-6.65658],[38.04145,-6.65662],[38.03658,-6.64881],[38.03393,-6.64969],[38.03126,-6.64858],[38.03146,-6.64564],[38.03326,-6.64515],[38.03579,-6.64687],[38.03689,-6.64654],[38.03713,-6.6438],[38.03418,-6.64419],[38.03403,-6.64195],[38.03526,-6.63943],[38.02785,-6.63493],[38.02126,-6.63338],[38.01659,-6.6304],[38.02013,-6.62827],[38.01318,-6.62162],[38.01706,-6.61687],[38.01302,-6.61654],[38.00933,-6.61336],[38.01006,-6.60899],[38.00903,-6.6035],[38.00172,-6.60219],[38.00308,-6.39832],[38.02911,-6.39218],[38.05044,-6.38849],[38.067,-6.38055],[38.07802,-6.38359],[38.09119,-6.38445],[38.09863,-6.37882],[38.09899,-6.37086],[38.10736,-6.36736],[38.12582,-6.35428],[38.13574,-6.35675],[38.14699,-6.35256],[38.15378,-6.36227],[38.16306,-6.35866],[38.16583,-6.35046],[38.16116,-6.3372],[38.1641,-6.338],[38.16837,-6.3325],[38.1711,-6.32402],[38.1705,-6.32041],[38.17335,-6.31349],[38.17613,-6.31215],[38.17622,-6.30873],[38.17776,-6.30815],[38.17981,-6.30473],[38.18242,-6.30422],[38.18356,-6.3055],[38.18417,-6.30455],[38.18429,-6.30673],[38.18571,-6.30767],[38.18732,-6.30483],[38.18675,-6.30192],[38.19157,-6.29869],[38.19387,-6.29531],[38.19522,-6.29591],[38.19446,-6.29892]]]},"properties":{"region":"Pwani","district":"Bagamoyo","ward":"Ubenazomozi","ward_code":"011"}},{"type":"Feature","geometry":{"type":"Polygon","coordinates":[[[38.24051,-6.54905],[38.24561,-6.55439],[38.24928,-6.55122],[38.26993,-6.553],[38.27715,-6.5626],[38.27325,-6.56933],[38.27658,-6.57862],[38.27783,-6.58654],[38.30349,-6.60131],[38.32901,-6.59102],[38.32856,-6.58072],[38.33448,-6.5867],[38.35754,-6.59395],[38.36866,-6.61518],[38.3623,-6.63088],[38.35988,-6.63967],[38.36153,-6.65479],[38.36917,-6.65467],[38.39846,-6.67846],[38.39395,-6.70488],[38.38746,-6.7025],[38.38462,-6.70514],[38.38182,-6.70463],[38.37365,-6.70738],[38.36846,-6.70442],[38.36776,-6.7031],[38.36481,-6.70354],[38.36336,-6.69883],[38.35749,-6.69452],[38.3574,-6.69347],[38.35336,-6.69183],[38.34736,-6.68565],[38.34412,-6.68349],[38.33251,-6.67975],[38.32767,-6.68131],[38.31706,-6.68919],[38.30188,-6.68613],[38.29844,-6.68931],[38.28052,-6.69566],[38.271,-6.68759],[38.26709,-6.69054],[38.26093,-6.69308],[38.26009,-6.69844],[38.2525,-6.70194],[38.25057,-6.7061],[38.24249,-6.70615],[38.23871,-6.70319],[38.22597,-6.70645],[38.22382,-6.70883],[38.21238,-6.71305],[38.20965,-6.7098],[38.21059,-6.69897],[38.2056,-6.68603],[38.20045,-6.68161],[38.19182,-6.67849],[38.19015,-6.67517],[38.19782,-6.67017],[38.21735,-6.66126],[38.22467,-6.65352],[38.22366,-6.65104],[38.21962,-6.6502],[38.21212,-6.64399],[38.21166,-6.64155],[38.20723,-6.63694],[38.20711,-6.62839],[38.20951,-6.62476],[38.20451,-6.60216],[38.20417,-6.59235],[38.20319,-6.58731],[38.19976,-6.58451],[38.19931,-6.58217],[38.19498,-6.58369],[38.19374,-6.58326],[38.19488,-6.58107],[38.19147,-6.57324],[38.193,-6.56019],[38.213,-6.55599],[38.23968,-6.56302],[38.24051,-6.54905]]]},"properties":{"region":"Pwani","district":"Bagamoyo","ward":"Bwilingu","ward_code":"043"}},{"type":"Feature","geometry":{"type":"Polygon","coordinates":[[[38.3747,-6.54113],[38.37928,-6.54717],[38.38145,-6.54663],[38.38611,-6.55147],[38.39569,-6.5531],[38.39899,-6.55731],[38.41859,-6.56173],[38.42562,-6.5698],[38.43579,-6.56383],[38.43706,-6.57815],[38.43912,-6.58005],[38.44212,-6.58719],[38.43814,-6.63914],[38.43537,-6.64214],[38.43073,-6.68879],[38.43264,-6.69844],[38.43337,-6.72523],[38.42599,-6.72427],[38.4203,-6.71898],[38.41647,-6.71819],[38.41081,-6.71505],[38.4032,-6.71595],[38.39579,-6.71025],[38.39395,-6.70488],[38.39846,-6.67846],[38.36917,-6.65467],[38.36153,-6.65479],[38.35988,-6.63967],[38.3623,-6.63088],[38.36866,-6.61518],[38.35814,-6.5951],[38.3615,-6.59584],[38.36667,-6.59142],[38.35911,-6.54999],[38.35261,-6.54371],[38.3475,-6.53706],[38.34458,-6.52904],[38.34648,-6.52365],[38.36333,-6.52223],[38.36609,-6.52669],[38.37219,-6.52943],[38.37511,-6.52954],[38.3747,-6.54113]]]},"properties":{"region":"Pwani","district":"Bagamoyo","ward":"Pera","ward_code":"053"}},{"type":"Feature","geometry":{"type":"Polygon","coordinates":[[[38.59759,-6.53811],[38.63899,-6.56127],[38.67069,-6.54947],[38.70704,-6.56608],[38.71146,-6.55405],[38.72114,-6.55529],[38.72784,-6.54905],[38.79981,-6.54986],[38.80475,-6.56413],[38.80473,-6.56678],[38.80702,-6.56749],[38.80857,-6.57061],[38.8083,-6.572],[38.80521,-6.57479],[38.80336,-6.57264],[38.80412,-6.57081],[38.80259,-6.57084],[38.8035,-6.57765],[38.80192,-6.57634],[38.80019,-6.57687],[38.80221,-6.58158],[38.79944,-6.58238],[38.80116,-6.58004],[38.79777,-6.5802],[38.79756,-6.58227],[38.79503,-6.58401],[38.79769,-6.58501],[38.79787,-6.58667],[38.7961,-6.58753],[38.79457,-6.58632],[38.79271,-6.58804],[38.79331,-6.58886],[38.79546,-6.5881],[38.79508,-6.59046],[38.7935,-6.59093],[38.79329,-6.5893],[38.7905,-6.58879],[38.79102,-6.59117],[38.78964,-6.59213],[38.7886,-6.58993],[38.7866,-6.5925],[38.78445,-6.59002],[38.78287,-6.59138],[38.7852,-6.59536],[38.78055,-6.59861],[38.78561,-6.59887],[38.7814,-6.60087],[38.78021,-6.60256],[38.78105,-6.60407],[38.78403,-6.60379],[38.78493,-6.60496],[38.78474,-6.60646],[38.78091,-6.60607],[38.78293,-6.60955],[38.78302,-6.61104],[38.78192,-6.6119],[38.78293,-6.6143],[38.77991,-6.61446],[38.78082,-6.61641],[38.7778,-6.61986],[38.77655,-6.6181],[38.77493,-6.61887],[38.77393,-6.61701],[38.77242,-6.62087],[38.76984,-6.62161],[38.76626,-6.62497],[38.76412,-6.63049],[38.76544,-6.63076],[38.76572,-6.63277],[38.76088,-6.63345],[38.76054,-6.63897],[38.75739,-6.63882],[38.75504,-6.64135],[38.75654,-6.64319],[38.75674,-6.64533],[38.75586,-6.64561],[38.75378,-6.64403],[38.75297,-6.64606],[38.75155,-6.64641],[38.74994,-6.64428],[38.74917,-6.64714],[38.74616,-6.64632],[38.74428,-6.64912],[38.74293,-6.64774],[38.74226,-6.64884],[38.74033,-6.64803],[38.73698,-6.64872],[38.73896,-6.65087],[38.73665,-6.65208],[38.7357,-6.65474],[38.72904,-6.65047],[38.72627,-6.65273],[38.7261,-6.65113],[38.72853,-6.64951],[38.72727,-6.64798],[38.72463,-6.64928],[38.72181,-6.64908],[38.72122,-6.64947],[38.72209,-6.65123],[38.71983,-6.65144],[38.71889,-6.65256],[38.7191,-6.65585],[38.71593,-6.65248],[38.7152,-6.65603],[38.71039,-6.65896],[38.71234,-6.6617],[38.71325,-6.66781],[38.71598,-6.67052],[38.71612,-6.67585],[38.70661,-6.67366],[38.70648,-6.68343],[38.70294,-6.6825],[38.69773,-6.68428],[38.69625,-6.68867],[38.69201,-6.69478],[38.69288,-6.69706],[38.69215,-6.70038],[38.69285,-6.70488],[38.69164,-6.71472],[38.6856,-6.72785],[38.67851,-6.73412],[38.6768,-6.74174],[38.67274,-6.74821],[38.67441,-6.75429],[38.67408,-6.76338],[38.67245,-6.76605],[38.66995,-6.76701],[38.66559,-6.77458],[38.6607,-6.7756],[38.6552,-6.77982],[38.65195,-6.78027],[38.64787,-6.77726],[38.64863,-6.77381],[38.64609,-6.77121],[38.64363,-6.77332],[38.63207,-6.77306],[38.62271,-6.76994],[38.60945,-6.78004],[38.59914,-6.78186],[38.59724,-6.77003],[38.57922,-6.73955],[38.56639,-6.72826],[38.55424,-6.72427],[38.52324,-6.71979],[38.51667,-6.73109],[38.50145,-6.73426],[38.49027,-6.73464],[38.48647,-6.72981],[38.4855,-6.72367],[38.48303,-6.71896],[38.47728,-6.71896],[38.47626,-6.71671],[38.47465,-6.718],[38.47271,-6.71578],[38.4713,-6.71654],[38.46681,-6.7128],[38.46503,-6.71424],[38.46429,-6.71658],[38.46073,-6.71632],[38.45803,-6.71757],[38.45943,-6.72015],[38.45245,-6.72475],[38.44245,-6.7269],[38.43337,-6.72523],[38.43264,-6.69844],[38.43073,-6.68879],[38.43537,-6.64214],[38.43814,-6.63914],[38.44212,-6.58719],[38.44408,-6.59206],[38.44938,-6.59877],[38.45479,-6.60127],[38.45661,-6.60446],[38.4609,-6.60798],[38.46551,-6.60789],[38.46741,-6.60656],[38.47172,-6.60816],[38.47324,-6.61427],[38.4842,-6.61166],[38.48777,-6.6133],[38.49113,-6.60995],[38.49536,-6.60988],[38.49881,-6.60725],[38.5002,-6.60447],[38.50624,-6.60572],[38.50872,-6.6],[38.51017,-6.60199],[38.51355,-6.6006],[38.51863,-6.60144],[38.5201,-6.60795],[38.52646,-6.60582],[38.5319,-6.60732],[38.53627,-6.60492],[38.53728,-6.60876],[38.54074,-6.60997],[38.54397,-6.60849],[38.54561,-6.61303],[38.54957,-6.61409],[38.55089,-6.61614],[38.55535,-6.61535],[38.55291,-6.61308],[38.55307,-6.61016],[38.55063,-6.60851],[38.54804,-6.60126],[38.55853,-6.57131],[38.55822,-6.56967],[38.56155,-6.56498],[38.56127,-6.56255],[38.57157,-6.532],[38.59759,-6.53811]]]},"properties":{"region":"Pwani","district":"Bagamoyo","ward":"Vigwaza","ward_code":"063"}},{"type":"Feature","geometry":{"type":"Polygon","coordinates":[[[38.36336,-6.69883],[38.36481,-6.70354],[38.36776,-6.7031],[38.36846,-6.70442],[38.37365,-6.70738],[38.38182,-6.70463],[38.38462,-6.70514],[38.38746,-6.7025],[38.39395,-6.70488],[38.39579,-6.71025],[38.4032,-6.71595],[38.41081,-6.71505],[38.41647,-6.71819],[38.4203,-6.71898],[38.42599,-6.72427],[38.44245,-6.7269],[38.45043,-6.72512],[38.44998,-6.76545],[38.40547,-6.77674],[38.39948,-6.80397],[38.34113,-6.78899],[38.30949,-6.77865],[38.32425,-6.76602],[38.32568,-6.76241],[38.32488,-6.75913],[38.32538,-6.75668],[38.32224,-6.7521],[38.3206,-6.74633],[38.3242,-6.73606],[38.32201,-6.72486],[38.32617,-6.71435],[38.32195,-6.68503],[38.32767,-6.68131],[38.33251,-6.67975],[38.34412,-6.68349],[38.35336,-6.69183],[38.3574,-6.69347],[38.35749,-6.69452],[38.36336,-6.69883]]]},"properties":{"region":"Pwani","district":"Kibaha","ward":"Gwata","ward_code":"011"}},{"type":"Feature","geometry":{"type":"Polygon","coordinates":[[[38.56554,-6.81203],[38.59278,-6.81157],[38.60885,-6.81469],[38.63774,-6.82522],[38.63795,-6.82649],[38.63791,-6.82774],[38.63669,-6.82781],[38.63514,-6.82962],[38.63763,-6.82959],[38.63669,-6.83185],[38.63272,-6.83369],[38.63302,-6.83454],[38.63441,-6.83369],[38.63537,-6.83419],[38.63409,-6.83644],[38.63272,-6.83578],[38.63248,-6.83843],[38.62991,-6.84009],[38.62771,-6.83856],[38.62726,-6.84185],[38.628,-6.8426],[38.62941,-6.84151],[38.62925,-6.8458],[38.62674,-6.84426],[38.62606,-6.84471],[38.62662,-6.84712],[38.62484,-6.8457],[38.62415,-6.84624],[38.62377,-6.84767],[38.62772,-6.84826],[38.62772,-6.85208],[38.62611,-6.85518],[38.62444,-6.85106],[38.6227,-6.8527],[38.62358,-6.85409],[38.62307,-6.85706],[38.62109,-6.85372],[38.61916,-6.85341],[38.61728,-6.8555],[38.61581,-6.85959],[38.61036,-6.85706],[38.60247,-6.86435],[38.59743,-6.87162],[38.58604,-6.87961],[38.56791,-6.88807],[38.56297,-6.91291],[38.5547,-6.92138],[38.54424,-6.96046],[38.54706,-6.96647],[38.55902,-6.9772],[38.55929,-6.97938],[38.55509,-6.98062],[38.55737,-6.98191],[38.55776,-6.98311],[38.55614,-6.98505],[38.55455,-6.98527],[38.55645,-6.99035],[38.55704,-6.99618],[38.55593,-7.0021],[38.55961,-7.00202],[38.55907,-7.00661],[38.56315,-7.00777],[38.56042,-7.01227],[38.56402,-7.01457],[38.56297,-7.01749],[38.56576,-7.02255],[38.56238,-7.0263],[38.56372,-7.03407],[38.5597,-7.03498],[38.559,-7.04036],[38.55526,-7.03847],[38.5546,-7.04074],[38.54664,-7.03534],[38.54522,-7.04056],[38.53712,-7.03513],[38.53856,-7.04371],[38.53701,-7.0458],[38.53316,-7.04794],[38.52609,-7.0491],[38.52516,-7.05234],[38.50662,-7.05966],[38.49229,-7.02868],[38.45939,-7.03104],[38.4126,-7.02843],[38.41798,-6.93061],[38.40237,-6.82028],[38.52484,-6.81006],[38.56554,-6.81203]]]},"properties":{"region":"Pwani","district":"Kibaha","ward":"Dutumi","ward_code":"021"}},{"type":"Feature","geometry":{"type":"Polygon","coordinates":[[[38.41798,-6.93061],[38.4126,-7.02843],[38.39014,-6.97402],[38.3358,-6.94634],[38.32792,-6.94777],[38.32371,-6.94751],[38.31324,-6.94067],[38.30914,-6.93624],[38.30641,-6.92273],[38.30349,-6.91404],[38.29601,-6.90265],[38.29446,-6.89665],[38.29018,-6.89386],[38.28976,-6.88459],[38.2838,-6.87487],[38.28204,-6.8602],[38.2693,-6.85191],[38.26653,-6.84828],[38.26786,-6.83886],[38.25655,-6.82873],[38.2632,-6.81826],[38.30949,-6.77865],[38.34113,-6.78899],[38.39948,-6.80397],[38.40413,-6.83117],[38.41798,-6.93061]]]},"properties":{"region":"Pwani","district":"Kibaha","ward":"Magindu","ward_code":"031"}},{"type":"Feature","geometry":{"type":"Polygon","coordinates":[[[38.87271,-6.76147],[38.8755,-6.76271],[38.87919,-6.77025],[38.87627,-6.7748],[38.87805,-6.78048],[38.87666,-6.78197],[38.88091,-6.79702],[38.8784,-6.81099],[38.87646,-6.81291],[38.88016,-6.81619],[38.89942,-6.82686],[38.88496,-6.83408],[38.87896,-6.85253],[38.88332,-6.88358],[38.88747,-6.88728],[38.88378,-6.89376],[38.88019,-6.8941],[38.8802,-6.90633],[38.88196,-6.92174],[38.88005,-6.93547],[38.88129,-6.94555],[38.82989,-6.94016],[38.82147,-6.90506],[38.8145,-6.89512],[38.81826,-6.88762],[38.82201,-6.8826],[38.82082,-6.87107],[38.81266,-6.85189],[38.80086,-6.83384],[38.79343,-6.80596],[38.78922,-6.80059],[38.79317,-6.78384],[38.80836,-6.78957],[38.8137,-6.78742],[38.81752,-6.78778],[38.82264,-6.79125],[38.82716,-6.78551],[38.82923,-6.78468],[38.83169,-6.782],[38.83388,-6.77001],[38.83531,-6.76688],[38.84221,-6.7688],[38.84652,-6.76737],[38.8517,-6.76715],[38.85213,-6.76249],[38.85101,-6.75998],[38.85341,-6.75954],[38.85659,-6.76156],[38.85887,-6.75781],[38.86995,-6.75611],[38.87271,-6.76147]]]},"properties":{"region":"Pwani","district":"Kibaha","ward":"Soga","ward_code":"041"}},{"type":"Feature","geometry":{"type":"Polygon","coordinates":[[[38.66883,-6.78705],[38.67368,-6.79528],[38.67691,-6.81017],[38.66911,-6.81737],[38.65567,-6.82705],[38.64594,-6.86056],[38.61711,-6.89896],[38.61055,-6.91292],[38.59713,-6.94786],[38.59621,-6.96217],[38.58991,-6.96168],[38.58234,-6.97099],[38.57383,-6.97392],[38.57078,-6.97346],[38.56546,-6.97591],[38.55902,-6.9772],[38.54706,-6.96647],[38.54424,-6.96046],[38.5547,-6.92138],[38.56297,-6.91291],[38.56791,-6.88807],[38.58604,-6.87961],[38.59743,-6.87162],[38.60247,-6.86435],[38.61036,-6.85706],[38.61581,-6.85959],[38.61728,-6.8555],[38.61916,-6.85341],[38.62109,-6.85372],[38.62307,-6.85706],[38.62358,-6.85409],[38.6227,-6.8527],[38.62444,-6.85106],[38.62611,-6.85518],[38.62772,-6.85208],[38.62772,-6.84826],[38.62377,-6.84767],[38.62415,-6.84624],[38.62484,-6.8457],[38.62662,-6.84712],[38.62606,-6.84471],[38.62674,-6.84426],[38.62925,-6.8458],[38.62941,-6.84151],[38.628,-6.8426],[38.62726,-6.84185],[38.62771,-6.83856],[38.62991,-6.84009],[38.63248,-6.83843],[38.63272,-6.83578],[38.63409,-6.83644],[38.63537,-6.83419],[38.63441,-6.83369],[38.63302,-6.83454],[38.63304,-6.83313],[38.6363,-6.83229],[38.63761,-6.83007],[38.63514,-6.82962],[38.63669,-6.82781],[38.63791,-6.82774],[38.63797,-6.82436],[38.63694,-6.82417],[38.63693,-6.82188],[38.63335,-6.82212],[38.63643,-6.81847],[38.63756,-6.81982],[38.63843,-6.81817],[38.63647,-6.81694],[38.63386,-6.81691],[38.63656,-6.81535],[38.6359,-6.81373],[38.64104,-6.81493],[38.63881,-6.81262],[38.63924,-6.81023],[38.64158,-6.81213],[38.64388,-6.81085],[38.64354,-6.81245],[38.64519,-6.81267],[38.64535,-6.80812],[38.64666,-6.80585],[38.64824,-6.80876],[38.65039,-6.8069],[38.65104,-6.80465],[38.64833,-6.80554],[38.65058,-6.8032],[38.65001,-6.80212],[38.65075,-6.80176],[38.65498,-6.80307],[38.65592,-6.80448],[38.65544,-6.80571],[38.65694,-6.80601],[38.6584,-6.80464],[38.65858,-6.80221],[38.65722,-6.80088],[38.6565,-6.79798],[38.65733,-6.79675],[38.66113,-6.79674],[38.66257,-6.79158],[38.66472,-6.79265],[38.66654,-6.79159],[38.66451,-6.78886],[38.66883,-6.78705]]]},"properties":{"region":"Pwani","district":"Kibaha","ward":"Ruvu","ward_code":"061"}},{"type":"Feature","geometry":{"type":"Polygon","coordinates":[[[38.46681,-6.7128],[38.4713,-6.71654],[38.47271,-6.71578],[38.47465,-6.718],[38.47626,-6.71671],[38.47728,-6.71896],[38.48303,-6.71896],[38.4855,-6.72367],[38.48647,-6.72981],[38.49027,-6.73464],[38.50145,-6.73426],[38.51667,-6.73109],[38.52324,-6.71979],[38.55424,-6.72427],[38.56639,-6.72826],[38.57922,-6.73955],[38.59724,-6.77003],[38.59914,-6.78186],[38.60945,-6.78004],[38.62271,-6.76994],[38.63207,-6.77306],[38.64363,-6.77332],[38.64609,-6.77121],[38.64863,-6.77381],[38.64787,-6.77726],[38.65195,-6.78027],[38.6552,-6.77982],[38.6607,-6.7756],[38.66559,-6.77458],[38.66995,-6.76701],[38.67245,-6.76605],[38.68069,-6.77558],[38.67819,-6.7764],[38.67672,-6.77981],[38.67519,-6.77938],[38.67457,-6.78069],[38.67243,-6.78064],[38.67074,-6.7823],[38.66841,-6.78292],[38.66799,-6.78382],[38.67028,-6.78384],[38.66967,-6.78636],[38.66441,-6.78909],[38.66654,-6.79159],[38.66472,-6.79265],[38.66257,-6.79158],[38.66113,-6.79674],[38.65733,-6.79675],[38.65634,-6.79869],[38.65858,-6.80221],[38.6584,-6.80464],[38.65694,-6.80601],[38.65544,-6.80571],[38.65592,-6.80448],[38.65498,-6.80307],[38.65075,-6.80176],[38.65001,-6.80212],[38.65058,-6.8032],[38.64833,-6.80554],[38.65104,-6.80465],[38.65039,-6.8069],[38.64824,-6.80876],[38.64666,-6.80585],[38.64535,-6.80812],[38.64519,-6.81267],[38.64354,-6.81245],[38.64388,-6.81085],[38.64158,-6.81213],[38.63924,-6.81023],[38.63881,-6.81262],[38.64104,-6.81493],[38.6359,-6.81373],[38.63656,-6.81535],[38.63386,-6.81691],[38.63647,-6.81694],[38.63843,-6.81817],[38.63756,-6.81982],[38.63643,-6.81847],[38.63335,-6.82212],[38.63693,-6.82188],[38.63774,-6.82522],[38.60885,-6.81469],[38.59278,-6.81157],[38.56555,-6.81203],[38.52484,-6.81006],[38.40237,-6.82028],[38.39918,-6.80535],[38.40547,-6.77674],[38.44998,-6.76545],[38.45043,-6.72512],[38.45245,-6.72475],[38.45943,-6.72015],[38.45803,-6.71757],[38.46073,-6.71632],[38.46429,-6.71658],[38.46503,-6.71424],[38.46681,-6.7128]]]},"properties":{"region":"Pwani","district":"Kibaha","ward":"Kwala","ward_code":"081"}},{"type":"Feature","geometry":{"type":"Polygon","coordinates":[[[38.7093,-6.76706],[38.70957,-6.78392],[38.72088,-6.78397],[38.7241,-6.78078],[38.73617,-6.78399],[38.74228,-6.78754],[38.74483,-6.79726],[38.74666,-6.80024],[38.74697,-6.80347],[38.75123,-6.80399],[38.75519,-6.80937],[38.76088,-6.81159],[38.76448,-6.81115],[38.76682,-6.80886],[38.77049,-6.8089],[38.77378,-6.81051],[38.77556,-6.8104],[38.78266,-6.80756],[38.78349,-6.80619],[38.79233,-6.80471],[38.79343,-6.80596],[38.80177,-6.83682],[38.79709,-6.83988],[38.75386,-6.85389],[38.70681,-6.86277],[38.69541,-6.85809],[38.68503,-6.85577],[38.67867,-6.8554],[38.64594,-6.86056],[38.65567,-6.82705],[38.66911,-6.81737],[38.67691,-6.81017],[38.67368,-6.79528],[38.66883,-6.78705],[38.67028,-6.78384],[38.66787,-6.78345],[38.67243,-6.78064],[38.67457,-6.78069],[38.67519,-6.77938],[38.67672,-6.77981],[38.67819,-6.7764],[38.68069,-6.77558],[38.67245,-6.76605],[38.67408,-6.76338],[38.67441,-6.75429],[38.67326,-6.75009],[38.71024,-6.75973],[38.7093,-6.76706]]]},"properties":{"region":"Pwani","district":"Kibaha","ward":"Kikongo","ward_code":"051"}},{"type":"Feature","geometry":{"type":"Polygon","coordinates":[[[38.76749,-6.70722],[38.76985,-6.71003],[38.76942,-6.71217],[38.76647,-6.71601],[38.76736,-6.72982],[38.76308,-6.74372],[38.74963,-6.73992],[38.74715,-6.73499],[38.75022,-6.72734],[38.7504,-6.72312],[38.73876,-6.71702],[38.74067,-6.71304],[38.74032,-6.70726],[38.7411,-6.70674],[38.74337,-6.70854],[38.7489,-6.70301],[38.75254,-6.69627],[38.75539,-6.68641],[38.75563,-6.68065],[38.76053,-6.67462],[38.76522,-6.67226],[38.76788,-6.666],[38.7689,-6.66539],[38.77241,-6.67107],[38.77424,-6.68523],[38.7757,-6.68611],[38.77505,-6.69027],[38.77275,-6.69466],[38.77047,-6.69602],[38.77051,-6.70008],[38.76749,-6.70722]]]},"properties":{"region":"Pwani","district":"Kibaha","ward":"Mlandizi","ward_code":"073"}},{"type":"Feature","geometry":{"type":"Polygon","coordinates":[[[38.73789,-6.72394],[38.73594,-6.73165],[38.73565,-6.73749],[38.72646,-6.75784],[38.72198,-6.7723],[38.72197,-6.77994],[38.72308,-6.78221],[38.72088,-6.78397],[38.70957,-6.78392],[38.7093,-6.76706],[38.71024,-6.75973],[38.67326,-6.75009],[38.67274,-6.74821],[38.67713,-6.74025],[38.69838,-6.74542],[38.70485,-6.7414],[38.71002,-6.74027],[38.71631,-6.73729],[38.72605,-6.73743],[38.7287,-6.72683],[38.72997,-6.72669],[38.73238,-6.72417],[38.73659,-6.72381],[38.73789,-6.72394]]]},"properties":{"region":"Pwani","district":"Kibaha","ward":"Kilangalanga","ward_code":"093"}},{"type":"Feature","geometry":{"type":"Polygon","coordinates":[[[38.74963,-6.73992],[38.74422,-6.74013],[38.7387,-6.74322],[38.73521,-6.74306],[38.73386,-6.7417],[38.73609,-6.73558],[38.73594,-6.73165],[38.73876,-6.71702],[38.7504,-6.72312],[38.75022,-6.72734],[38.74715,-6.73499],[38.74963,-6.73992]]]},"properties":{"region":"Pwani","district":"Kibaha","ward":"Janga","ward_code":"103"}},{"type":"Feature","geometry":{"type":"Polygon","coordinates":[[[38.93292,-6.81027],[38.932,-6.81051],[38.93106,-6.81545],[38.93661,-6.81537],[38.93903,-6.82055],[38.94304,-6.82454],[38.94154,-6.82924],[38.94311,-6.83239],[38.94305,-6.83582],[38.94636,-6.8356],[38.94916,-6.83889],[38.9504,-6.83883],[38.95674,-6.84471],[38.95175,-6.85108],[38.95238,-6.85758],[38.95494,-6.86357],[38.96093,-6.87289],[38.96136,-6.87742],[38.95952,-6.88345],[38.95976,-6.9014],[38.95636,-6.90969],[38.96228,-6.92726],[38.9745,-6.94202],[38.97523,-6.95041],[38.95893,-6.94052],[38.93685,-6.93987],[38.88129,-6.94555],[38.88005,-6.93547],[38.88196,-6.92174],[38.8802,-6.90633],[38.88019,-6.8941],[38.88378,-6.89376],[38.88747,-6.88728],[38.88332,-6.88358],[38.87896,-6.85253],[38.88315,-6.83852],[38.88496,-6.83408],[38.89942,-6.82686],[38.90301,-6.82903],[38.9021,-6.82581],[38.9125,-6.81732],[38.9167,-6.81158],[38.92594,-6.80426],[38.92591,-6.80844],[38.93292,-6.81027]]]},"properties":{"region":"Pwani","district":"Kibaha","ward":"Bokomnemela","ward_code":"111"}},{"type":"Feature","geometry":{"type":"Polygon","coordinates":[[[38.75378,-6.64403],[38.75586,-6.64561],[38.75686,-6.64448],[38.7602,-6.64736],[38.76921,-6.66543],[38.76788,-6.666],[38.76522,-6.67226],[38.76053,-6.67462],[38.75563,-6.68065],[38.75539,-6.68641],[38.75172,-6.69858],[38.74791,-6.70435],[38.74337,-6.70854],[38.74067,-6.70659],[38.74067,-6.71304],[38.73876,-6.71702],[38.72762,-6.71118],[38.71309,-6.70143],[38.70222,-6.69756],[38.69464,-6.69066],[38.69773,-6.68428],[38.70294,-6.6825],[38.70648,-6.68343],[38.70661,-6.67366],[38.71612,-6.67585],[38.71598,-6.67052],[38.71325,-6.66781],[38.71234,-6.6617],[38.71039,-6.65896],[38.7152,-6.65603],[38.71593,-6.65248],[38.7191,-6.65585],[38.71889,-6.65256],[38.71983,-6.65144],[38.72209,-6.65123],[38.72122,-6.64947],[38.72519,-6.64915],[38.72727,-6.64798],[38.72853,-6.64951],[38.7261,-6.65113],[38.72627,-6.65273],[38.72904,-6.65047],[38.7357,-6.65474],[38.73665,-6.65208],[38.73896,-6.65087],[38.73698,-6.64872],[38.74033,-6.64803],[38.74226,-6.64884],[38.74293,-6.64774],[38.74428,-6.64912],[38.74616,-6.64632],[38.74917,-6.64714],[38.74994,-6.64428],[38.75214,-6.64646],[38.75378,-6.64403]]]},"properties":{"region":"Pwani","district":"Kibaha","ward":"Mtambani","ward_code":"123"}},{"type":"Feature","geometry":{"type":"Polygon","coordinates":[[[38.73876,-6.71702],[38.73789,-6.72394],[38.73238,-6.72417],[38.72997,-6.72669],[38.7287,-6.72683],[38.72605,-6.73743],[38.71631,-6.73729],[38.71002,-6.74027],[38.70485,-6.7414],[38.69838,-6.74542],[38.67713,-6.74025],[38.67851,-6.73412],[38.6856,-6.72785],[38.69164,-6.71472],[38.69285,-6.70488],[38.69215,-6.70038],[38.69288,-6.69706],[38.69201,-6.69478],[38.69464,-6.69066],[38.70222,-6.69756],[38.71309,-6.70143],[38.72762,-6.71118],[38.73876,-6.71702]]]},"properties":{"region":"Pwani","district":"Kibaha","ward":"Mtongani","ward_code":"133"}},{"type":"Feature","geometry":{"type":"Polygon","coordinates":[[[38.74963,-6.73992],[38.76308,-6.74372],[38.75943,-6.76089],[38.76104,-6.77104],[38.77057,-6.77352],[38.77796,-6.77673],[38.78037,-6.77902],[38.79317,-6.78384],[38.78922,-6.80059],[38.79233,-6.80471],[38.78349,-6.80619],[38.78266,-6.80756],[38.77556,-6.8104],[38.77378,-6.81051],[38.77049,-6.8089],[38.76682,-6.80886],[38.76448,-6.81115],[38.76088,-6.81159],[38.75519,-6.80937],[38.75123,-6.80399],[38.74697,-6.80347],[38.74666,-6.80024],[38.74483,-6.79726],[38.74228,-6.78754],[38.73617,-6.78399],[38.72732,-6.78126],[38.7241,-6.78078],[38.72308,-6.78221],[38.72197,-6.77994],[38.72198,-6.7723],[38.72646,-6.75784],[38.73386,-6.7417],[38.73521,-6.74306],[38.7387,-6.74322],[38.74422,-6.74013],[38.74963,-6.73992]]]},"properties":{"region":"Pwani","district":"Kibaha","ward":"Kawawa","ward_code":"143"}},{"type":"Feature","geometry":{"type":"Polygon","coordinates":[[[39.02493,-6.6158],[39.03953,-6.62902],[39.0411,-6.62841],[39.04608,-6.63061],[39.05531,-6.63036],[39.0607,-6.63169],[39.07286,-6.63773],[39.07294,-6.64059],[39.07171,-6.64312],[39.0727,-6.64576],[39.07228,-6.64732],[39.06882,-6.65149],[39.06783,-6.65836],[39.06545,-6.66034],[39.06178,-6.66709],[39.06249,-6.67163],[39.05927,-6.67489],[39.06045,-6.67734],[39.05949,-6.68008],[39.06062,-6.68204],[39.05832,-6.68602],[39.06197,-6.68835],[39.05989,-6.69851],[39.06144,-6.7019],[39.06017,-6.70572],[39.06142,-6.70709],[39.06128,-6.71015],[39.0586,-6.71133],[39.0577,-6.71524],[39.06015,-6.71625],[39.06067,-6.72092],[39.05894,-6.7232],[39.05619,-6.72133],[39.05198,-6.72419],[39.05208,-6.72652],[39.04949,-6.72826],[39.05059,-6.73076],[39.04544,-6.73301],[39.04688,-6.73777],[39.04438,-6.73924],[39.04383,-6.74259],[39.04103,-6.74365],[39.03992,-6.74554],[39.03805,-6.7411],[39.03283,-6.74162],[39.03133,-6.74256],[39.03007,-6.74202],[39.02742,-6.74298],[39.02509,-6.7461],[39.01966,-6.74563],[39.01721,-6.74687],[39.01576,-6.75054],[39.00888,-6.75623],[39.00287,-6.75714],[38.99487,-6.75599],[38.99108,-6.76023],[38.98331,-6.75646],[38.97742,-6.75719],[38.97747,-6.75051],[38.98121,-6.74026],[38.9781,-6.73709],[38.97246,-6.72358],[38.97735,-6.70539],[38.96891,-6.7044],[38.96295,-6.70528],[38.96222,-6.70099],[38.96446,-6.69492],[38.96416,-6.68995],[38.96631,-6.68328],[38.96955,-6.6809],[38.97426,-6.66731],[38.97429,-6.66447],[38.97656,-6.66107],[38.97885,-6.66037],[38.98253,-6.65356],[38.99636,-6.64351],[39.00384,-6.63385],[39.00334,-6.62884],[39.02493,-6.6158]]]},"properties":{"region":"Pwani","district":"Kibaha","ward":"Pangani","ward_code":"012"}},{"type":"Feature","geometry":{"type":"Polygon","coordinates":[[[39.03805,-6.7411],[39.03992,-6.74554],[39.03822,-6.74705],[39.03563,-6.74639],[39.03587,-6.74904],[39.03353,-6.75027],[39.03184,-6.75354],[39.03019,-6.75382],[39.02782,-6.75881],[39.02769,-6.76047],[39.02932,-6.75962],[39.03046,-6.76052],[39.03077,-6.76242],[39.02976,-6.76441],[39.03106,-6.76632],[39.02988,-6.76561],[39.02959,-6.76648],[39.02839,-6.76617],[39.02793,-6.76533],[39.02737,-6.76601],[39.02846,-6.76807],[39.02674,-6.77011],[39.02721,-6.77173],[39.0259,-6.77113],[39.02137,-6.77411],[39.01993,-6.77387],[39.01987,-6.77563],[39.01821,-6.77551],[39.01789,-6.77702],[39.01628,-6.77622],[39.01285,-6.77696],[39.01179,-6.7758],[39.00835,-6.77849],[39.00847,-6.78105],[39.01131,-6.78037],[39.01237,-6.78339],[39.0103,-6.78429],[39.00958,-6.78735],[39.0081,-6.7882],[39.00705,-6.79057],[38.99078,-6.78336],[38.9915,-6.78065],[38.99273,-6.77965],[38.99671,-6.78025],[38.99913,-6.774],[39.00145,-6.77356],[39.0032,-6.7718],[39.0025,-6.77054],[39.00321,-6.76687],[39.00218,-6.76658],[39.00336,-6.76523],[39.00342,-6.76198],[39.00472,-6.76198],[39.006,-6.75991],[39.0048,-6.75941],[39.00396,-6.75697],[39.00888,-6.75623],[39.01576,-6.75054],[39.01819,-6.74621],[39.02474,-6.74622],[39.02742,-6.74298],[39.03805,-6.7411]]]},"properties":{"region":"Pwani","district":"Kibaha","ward":"Mailimoja","ward_code":"022"}},{"type":"Feature","geometry":{"type":"Polygon","coordinates":[[[38.96381,-6.76846],[38.98852,-6.78229],[39.00705,-6.79057],[39.00677,-6.79161],[39.0081,-6.79322],[39.00656,-6.79502],[39.00602,-6.79792],[39.0024,-6.79791],[39.00245,-6.79935],[39.0012,-6.80025],[39.00204,-6.80207],[38.99558,-6.80758],[38.99438,-6.8062],[38.99276,-6.80631],[38.99245,-6.80444],[38.99126,-6.80425],[38.98844,-6.80652],[38.98493,-6.80552],[38.98381,-6.80613],[38.98245,-6.81161],[38.97774,-6.81335],[38.97709,-6.81619],[38.97349,-6.82164],[38.97321,-6.82441],[38.97043,-6.82701],[38.97054,-6.82862],[38.9693,-6.82975],[38.9699,-6.83221],[38.96695,-6.83436],[38.96445,-6.83434],[38.95981,-6.83908],[38.9589,-6.84303],[38.95674,-6.84471],[38.9504,-6.83883],[38.94916,-6.83889],[38.94636,-6.8356],[38.94305,-6.83582],[38.94311,-6.83239],[38.94154,-6.82924],[38.94304,-6.82454],[38.93903,-6.82055],[38.93661,-6.81537],[38.93106,-6.81545],[38.932,-6.81051],[38.93652,-6.80953],[38.93907,-6.8063],[38.94026,-6.80347],[38.93945,-6.79611],[38.95718,-6.76803],[38.95788,-6.76865],[38.95876,-6.76664],[38.96381,-6.76846]]]},"properties":{"region":"Pwani","district":"Kibaha","ward":"Tumbi","ward_code":"032"}},{"type":"Feature","geometry":{"type":"Polygon","coordinates":[[[38.97246,-6.72358],[38.9781,-6.73709],[38.98121,-6.74026],[38.97747,-6.75051],[38.977,-6.75537],[38.97793,-6.75815],[38.98114,-6.76062],[38.97675,-6.76874],[38.97306,-6.76669],[38.97124,-6.77202],[38.96342,-6.76831],[38.93291,-6.75779],[38.93513,-6.75038],[38.93527,-6.74292],[38.93749,-6.73937],[38.93856,-6.73024],[38.93616,-6.72422],[38.95643,-6.72458],[38.95633,-6.71682],[38.96295,-6.70528],[38.96891,-6.7044],[38.97735,-6.70539],[38.97246,-6.72358]]]},"properties":{"region":"Pwani","district":"Kibaha","ward":"Picha ya Ndege","ward_code":"042"}},{"type":"Feature","geometry":{"type":"Polygon","coordinates":[[[38.9168,-6.71853],[38.92531,-6.72192],[38.92696,-6.72126],[38.92867,-6.72362],[38.93616,-6.72422],[38.93631,-6.72606],[38.93852,-6.72957],[38.93749,-6.73937],[38.93527,-6.74292],[38.93513,-6.75038],[38.93291,-6.75779],[38.9477,-6.76272],[38.9471,-6.76799],[38.9417,-6.77221],[38.93897,-6.77625],[38.93358,-6.77996],[38.92988,-6.79399],[38.9291,-6.79216],[38.9239,-6.78928],[38.91721,-6.7904],[38.91546,-6.7895],[38.91162,-6.78527],[38.91304,-6.78113],[38.91112,-6.78081],[38.91115,-6.77952],[38.90794,-6.77825],[38.91004,-6.76854],[38.91349,-6.76487],[38.91587,-6.75938],[38.91622,-6.75779],[38.915,-6.75738],[38.91556,-6.75548],[38.91632,-6.75576],[38.91686,-6.75241],[38.91586,-6.7521],[38.91499,-6.74876],[38.91625,-6.74816],[38.91721,-6.74362],[38.91912,-6.741],[38.91676,-6.73582],[38.91859,-6.72342],[38.9168,-6.71853]]]},"properties":{"region":"Pwani","district":"Kibaha","ward":"Mkuza","ward_code":"052"}},{"type":"Feature","geometry":{"type":"Polygon","coordinates":[[[38.89815,-6.71302],[38.90783,-6.71468],[38.90981,-6.7161],[38.91486,-6.71453],[38.91831,-6.7159],[38.9168,-6.71853],[38.91859,-6.72342],[38.91676,-6.73582],[38.91912,-6.741],[38.91721,-6.74362],[38.91625,-6.74816],[38.91499,-6.74876],[38.91586,-6.7521],[38.91686,-6.75241],[38.91603,-6.75435],[38.9167,-6.75464],[38.91632,-6.75576],[38.91556,-6.75548],[38.915,-6.75738],[38.91622,-6.75779],[38.91349,-6.76487],[38.91004,-6.76854],[38.90323,-6.76891],[38.89968,-6.77462],[38.8854,-6.76781],[38.88131,-6.76696],[38.89203,-6.75246],[38.89364,-6.74469],[38.89481,-6.74211],[38.89558,-6.74224],[38.89492,-6.73764],[38.8975,-6.73724],[38.89303,-6.72621],[38.89383,-6.72247],[38.89213,-6.71709],[38.89337,-6.71107],[38.8931,-6.70742],[38.89513,-6.71137],[38.89815,-6.71302]]]},"properties":{"region":"Pwani","district":"Kibaha","ward":"Kibaha","ward_code":"062"}},{"type":"Feature","geometry":{"type":"Polygon","coordinates":[[[39.00637,-6.57812],[39.00723,-6.57807],[39.00764,-6.57958],[39.00821,-6.57916],[39.01029,-6.5817],[39.00945,-6.58897],[39.01094,-6.59013],[39.01135,-6.59435],[39.01396,-6.59698],[39.01305,-6.59779],[39.01472,-6.59991],[39.01303,-6.60339],[39.01307,-6.60562],[39.01042,-6.60949],[39.01086,-6.61254],[39.00867,-6.61417],[39.0088,-6.61566],[39.00796,-6.61596],[39.00787,-6.62071],[39.00568,-6.62163],[39.00586,-6.62263],[39.00392,-6.62445],[39.00434,-6.62604],[39.00327,-6.62741],[39.00384,-6.63385],[38.99636,-6.64351],[38.98253,-6.65356],[38.97885,-6.66037],[38.97656,-6.66107],[38.97429,-6.66447],[38.97426,-6.66731],[38.96955,-6.6809],[38.96631,-6.68328],[38.96473,-6.68708],[38.96446,-6.69492],[38.96222,-6.70099],[38.96295,-6.70528],[38.95633,-6.71682],[38.95643,-6.72458],[38.93294,-6.72456],[38.92867,-6.72362],[38.92696,-6.72126],[38.92531,-6.72192],[38.9168,-6.71853],[38.91831,-6.7159],[38.91598,-6.71479],[38.91372,-6.71465],[38.90981,-6.7161],[38.90783,-6.71468],[38.89815,-6.71302],[38.89513,-6.71137],[38.89175,-6.70537],[38.89233,-6.70397],[38.89045,-6.69907],[38.89064,-6.69347],[38.8915,-6.69097],[38.89398,-6.69044],[38.89847,-6.68675],[38.89925,-6.67532],[38.90748,-6.6679],[38.91012,-6.6568],[38.9079,-6.65327],[38.90455,-6.63647],[38.89943,-6.63388],[38.89146,-6.62477],[38.89132,-6.61534],[38.88815,-6.60287],[38.88811,-6.59802],[38.88587,-6.59365],[38.88625,-6.59419],[38.90466,-6.5856],[38.92918,-6.57153],[38.93273,-6.56763],[38.93579,-6.557],[38.94175,-6.55341],[38.94374,-6.54891],[38.97089,-6.55469],[38.97518,-6.56005],[38.98022,-6.56287],[39.00543,-6.56782],[39.00488,-6.57086],[39.00558,-6.57448],[39.0049,-6.57515],[39.00657,-6.57713],[39.00637,-6.57812]]]},"properties":{"region":"Pwani","district":"Kibaha","ward":"Msangani","ward_code":"072"}},{"type":"Feature","geometry":{"type":"Polygon","coordinates":[[[38.99487,-6.75599],[39.00396,-6.75697],[39.0048,-6.75941],[39.006,-6.75991],[39.00472,-6.76198],[39.00342,-6.76198],[39.00336,-6.76523],[39.00218,-6.76658],[39.00321,-6.76687],[39.0025,-6.77054],[39.0032,-6.7718],[39.00145,-6.77356],[38.99913,-6.774],[38.99671,-6.78025],[38.99273,-6.77965],[38.9915,-6.78065],[38.99078,-6.78336],[38.97124,-6.77202],[38.97306,-6.76669],[38.97675,-6.76874],[38.98065,-6.76196],[38.98114,-6.76062],[38.97742,-6.75719],[38.98331,-6.75646],[38.99108,-6.76023],[38.99487,-6.75599]]]},"properties":{"region":"Pwani","district":"Kibaha","ward":"Tangini","ward_code":"122"}},{"type":"Feature","geometry":{"type":"Polygon","coordinates":[[[38.95876,-6.76664],[38.93945,-6.79611],[38.94026,-6.80347],[38.93907,-6.8063],[38.93652,-6.80953],[38.93421,-6.81002],[38.92591,-6.80844],[38.92627,-6.80612],[38.92467,-6.79904],[38.92974,-6.79441],[38.93358,-6.77996],[38.93897,-6.77625],[38.9417,-6.77221],[38.9471,-6.76799],[38.9477,-6.76272],[38.95876,-6.76664]]]},"properties":{"region":"Pwani","district":"Kibaha","ward":"Sofu","ward_code":"132"}},{"type":"Feature","geometry":{"type":"Polygon","coordinates":[[[38.8975,-6.73724],[38.89464,-6.73856],[38.89558,-6.74224],[38.89481,-6.74211],[38.89364,-6.74469],[38.89203,-6.75246],[38.87919,-6.77025],[38.8755,-6.76271],[38.87321,-6.76233],[38.86995,-6.75611],[38.85887,-6.75781],[38.85659,-6.76156],[38.85341,-6.75954],[38.85101,-6.75998],[38.8502,-6.75866],[38.85525,-6.74869],[38.85566,-6.74239],[38.85654,-6.74142],[38.85593,-6.73761],[38.85979,-6.72769],[38.8599,-6.72511],[38.85498,-6.71982],[38.85352,-6.71508],[38.85328,-6.7075],[38.86082,-6.68704],[38.86894,-6.67133],[38.87191,-6.64519],[38.86881,-6.62298],[38.87302,-6.61528],[38.87077,-6.6085],[38.87566,-6.59991],[38.87934,-6.5999],[38.88358,-6.59731],[38.88625,-6.59419],[38.88811,-6.59802],[38.88815,-6.60287],[38.89132,-6.61534],[38.89146,-6.62477],[38.89943,-6.63388],[38.90455,-6.63647],[38.9079,-6.65327],[38.91012,-6.6568],[38.90748,-6.6679],[38.89925,-6.67532],[38.89847,-6.68675],[38.89398,-6.69044],[38.8915,-6.69097],[38.89064,-6.69347],[38.89045,-6.69907],[38.89331,-6.70896],[38.89213,-6.71709],[38.89383,-6.72247],[38.89303,-6.72621],[38.8975,-6.73724]]]},"properties":{"region":"Pwani","district":"Kibaha","ward":"Kongowe","ward_code":"082"}},{"type":"Feature","geometry":{"type":"Polygon","coordinates":[[[38.87191,-6.64519],[38.86894,-6.67133],[38.86082,-6.68704],[38.85328,-6.7075],[38.85352,-6.71508],[38.85498,-6.71982],[38.8599,-6.72511],[38.85865,-6.7322],[38.85593,-6.73761],[38.85654,-6.74142],[38.85566,-6.74239],[38.85525,-6.74869],[38.8502,-6.75866],[38.85213,-6.76249],[38.8517,-6.76715],[38.84652,-6.76737],[38.84221,-6.7688],[38.83531,-6.76688],[38.83388,-6.77001],[38.83169,-6.782],[38.82923,-6.78468],[38.82716,-6.78551],[38.82264,-6.79125],[38.81752,-6.78778],[38.8137,-6.78742],[38.80836,-6.78957],[38.78037,-6.77902],[38.78315,-6.78007],[38.7907,-6.76925],[38.7994,-6.75376],[38.8041,-6.75672],[38.80521,-6.7588],[38.80731,-6.75564],[38.8101,-6.75753],[38.8102,-6.75503],[38.81359,-6.75306],[38.81431,-6.75057],[38.81906,-6.7451],[38.81932,-6.74191],[38.81769,-6.7399],[38.82017,-6.72874],[38.82051,-6.72223],[38.8221,-6.72007],[38.8214,-6.70943],[38.83358,-6.65841],[38.85111,-6.66312],[38.85201,-6.64131],[38.84762,-6.6256],[38.86881,-6.62298],[38.87191,-6.64519]]]},"properties":{"region":"Pwani","district":"Kibaha","ward":"Misugusugu","ward_code":"092"}},{"type":"Feature","geometry":{"type":"Polygon","coordinates":[[[38.83358,-6.65841],[38.8214,-6.70943],[38.8221,-6.72007],[38.82051,-6.72223],[38.82017,-6.72874],[38.81769,-6.7399],[38.81932,-6.74191],[38.8187,-6.74582],[38.81431,-6.75057],[38.81359,-6.75306],[38.8102,-6.75503],[38.8101,-6.75753],[38.80731,-6.75564],[38.80521,-6.7588],[38.8041,-6.75672],[38.7994,-6.75376],[38.7907,-6.76925],[38.78315,-6.78007],[38.77057,-6.77352],[38.76104,-6.77104],[38.75943,-6.76089],[38.76308,-6.74372],[38.76736,-6.72982],[38.76647,-6.71601],[38.76942,-6.71217],[38.76985,-6.71003],[38.76749,-6.70722],[38.77051,-6.70008],[38.77047,-6.69602],[38.77275,-6.69466],[38.77505,-6.69027],[38.7757,-6.68611],[38.78278,-6.68698],[38.78479,-6.68631],[38.79761,-6.68812],[38.79982,-6.6792],[38.80632,-6.68247],[38.80962,-6.68179],[38.81434,-6.67472],[38.81434,-6.67153],[38.81803,-6.66691],[38.8183,-6.66282],[38.8134,-6.65425],[38.80973,-6.65158],[38.80952,-6.64899],[38.83358,-6.65841]]]},"properties":{"region":"Pwani","district":"Kibaha","ward":"Visiga","ward_code":"102"}},{"type":"Feature","geometry":{"type":"Polygon","coordinates":[[[38.81417,-6.56556],[38.82029,-6.57555],[38.81762,-6.57812],[38.81734,-6.58255],[38.81831,-6.5841],[38.81734,-6.58542],[38.81734,-6.59179],[38.81541,-6.59365],[38.81592,-6.60019],[38.81421,-6.60178],[38.81344,-6.6086],[38.81393,-6.61446],[38.81012,-6.6178],[38.80945,-6.62011],[38.80512,-6.62478],[38.80403,-6.62682],[38.80465,-6.6291],[38.80395,-6.62994],[38.80576,-6.63508],[38.80838,-6.63824],[38.81019,-6.64286],[38.80973,-6.65158],[38.8134,-6.65425],[38.81576,-6.65806],[38.8183,-6.66282],[38.81803,-6.66691],[38.81434,-6.67153],[38.81434,-6.67472],[38.80962,-6.68179],[38.80632,-6.68247],[38.79982,-6.6792],[38.79761,-6.68812],[38.78479,-6.68631],[38.78278,-6.68698],[38.77599,-6.68632],[38.77424,-6.68523],[38.77241,-6.67107],[38.7602,-6.64736],[38.75686,-6.64448],[38.75504,-6.64135],[38.75739,-6.63882],[38.76054,-6.63897],[38.76088,-6.63345],[38.76572,-6.63277],[38.76544,-6.63076],[38.76412,-6.63049],[38.76626,-6.62497],[38.76984,-6.62161],[38.77242,-6.62087],[38.77393,-6.61701],[38.77493,-6.61887],[38.77655,-6.6181],[38.7778,-6.61986],[38.78082,-6.61641],[38.77991,-6.61446],[38.78293,-6.6143],[38.78192,-6.6119],[38.78302,-6.61104],[38.78293,-6.60955],[38.78091,-6.60607],[38.78474,-6.60646],[38.78493,-6.60496],[38.78403,-6.60379],[38.78105,-6.60407],[38.78021,-6.60256],[38.7814,-6.60087],[38.78561,-6.59887],[38.78055,-6.59861],[38.7852,-6.59536],[38.78287,-6.59138],[38.78445,-6.59002],[38.7866,-6.5925],[38.7886,-6.58993],[38.78964,-6.59213],[38.79102,-6.59117],[38.7905,-6.58879],[38.79329,-6.5893],[38.7935,-6.59093],[38.79508,-6.59046],[38.79546,-6.5881],[38.79331,-6.58886],[38.79271,-6.58804],[38.79457,-6.58632],[38.7961,-6.58753],[38.79787,-6.58667],[38.79769,-6.58501],[38.79503,-6.58401],[38.79756,-6.58227],[38.79777,-6.5802],[38.80116,-6.58004],[38.79944,-6.58238],[38.80221,-6.58158],[38.80019,-6.57687],[38.80192,-6.57634],[38.8035,-6.57765],[38.80259,-6.57084],[38.80412,-6.57081],[38.80336,-6.57264],[38.80521,-6.57479],[38.8083,-6.572],[38.80857,-6.57061],[38.80702,-6.56749],[38.80473,-6.56678],[38.80475,-6.56413],[38.80835,-6.56656],[38.80956,-6.56591],[38.80838,-6.56356],[38.81417,-6.56556]]]},"properties":{"region":"Pwani","district":"Kibaha","ward":"Mbwawa","ward_code":"112"}},{"type":"Feature","geometry":{"type":"Polygon","coordinates":[[[38.88212,-6.76691],[38.89983,-6.77455],[38.90323,-6.76891],[38.91004,-6.76854],[38.90794,-6.77825],[38.91115,-6.77952],[38.91112,-6.78081],[38.91304,-6.78113],[38.91162,-6.78527],[38.91303,-6.78762],[38.91721,-6.7904],[38.9239,-6.78928],[38.9291,-6.79216],[38.92988,-6.79399],[38.92467,-6.79904],[38.92594,-6.80426],[38.9167,-6.81158],[38.9125,-6.81732],[38.9021,-6.82581],[38.90301,-6.82903],[38.88016,-6.81619],[38.87646,-6.81291],[38.8784,-6.81099],[38.88091,-6.79702],[38.87666,-6.78197],[38.87805,-6.78048],[38.87627,-6.7748],[38.88131,-6.76696],[38.88212,-6.76691]]]},"properties":{"region":"Pwani","district":"Kibaha","ward":"Viziwaziwa","ward_code":"142"}},{"type":"Feature","geometry":{"type":"Polygon","coordinates":[[[38.65235,-6.94857],[38.66405,-6.96312],[38.67032,-6.96138],[38.67348,-6.96195],[38.6803,-6.97418],[38.68035,-6.97786],[38.67056,-6.98707],[38.63954,-7.02046],[38.62892,-7.02347],[38.61897,-7.03503],[38.61456,-7.04221],[38.60735,-7.05091],[38.61196,-7.05259],[38.61135,-7.06078],[38.61591,-7.07469],[38.61541,-7.07716],[38.61997,-7.09359],[38.62253,-7.09844],[38.62098,-7.1077],[38.6351,-7.12765],[38.60361,-7.13446],[38.58101,-7.11618],[38.56414,-7.14675],[38.55411,-7.14876],[38.54852,-7.15969],[38.53466,-7.1739],[38.52428,-7.21017],[38.49656,-7.22679],[38.48071,-7.26999],[38.47851,-7.28975],[38.46929,-7.31208],[38.47337,-7.32477],[38.46464,-7.33453],[38.43073,-7.33351],[38.35658,-7.32602],[38.30588,-7.30159],[38.30602,-7.27019],[38.30723,-7.26965],[38.3076,-7.27315],[38.30911,-7.2745],[38.31262,-7.27238],[38.31183,-7.2694],[38.31416,-7.26396],[38.31202,-7.26156],[38.31607,-7.26045],[38.31669,-7.25649],[38.31895,-7.25341],[38.32279,-7.25132],[38.32509,-7.25343],[38.32651,-7.25209],[38.32674,-7.24608],[38.32831,-7.24441],[38.33016,-7.24426],[38.33104,-7.24612],[38.33177,-7.24532],[38.33158,-7.24225],[38.32836,-7.24053],[38.32892,-7.23884],[38.3371,-7.23847],[38.33761,-7.23711],[38.33477,-7.23579],[38.33451,-7.2344],[38.33569,-7.23292],[38.33912,-7.23378],[38.34009,-7.23312],[38.34015,-7.23021],[38.34206,-7.22806],[38.34122,-7.22525],[38.34791,-7.22209],[38.34742,-7.21986],[38.34599,-7.21868],[38.34204,-7.21755],[38.34268,-7.21538],[38.34713,-7.21599],[38.34953,-7.2181],[38.35092,-7.21706],[38.35242,-7.21763],[38.35199,-7.21492],[38.35333,-7.21259],[38.35243,-7.20912],[38.35385,-7.20827],[38.35791,-7.21109],[38.35735,-7.20831],[38.35561,-7.20709],[38.35898,-7.20499],[38.36117,-7.2048],[38.36215,-7.20568],[38.36229,-7.20811],[38.36362,-7.20966],[38.3684,-7.20217],[38.36589,-7.20011],[38.37281,-7.19616],[38.37289,-7.18812],[38.38154,-7.18736],[38.38575,-7.17715],[38.3918,-7.18563],[38.39765,-7.18724],[38.39975,-7.19406],[38.40664,-7.18616],[38.42607,-7.18966],[38.42784,-7.17739],[38.44285,-7.17037],[38.43844,-7.15739],[38.4478,-7.15248],[38.44856,-7.14007],[38.45672,-7.13378],[38.45519,-7.12537],[38.47088,-7.12084],[38.47299,-7.10539],[38.48433,-7.09777],[38.48191,-7.08747],[38.49418,-7.08749],[38.49093,-7.07147],[38.50662,-7.05966],[38.52516,-7.05234],[38.52609,-7.0491],[38.53316,-7.04794],[38.53701,-7.0458],[38.53856,-7.04371],[38.53712,-7.03513],[38.54522,-7.04056],[38.54664,-7.03534],[38.55268,-7.04014],[38.5546,-7.04074],[38.55526,-7.03847],[38.559,-7.04036],[38.5597,-7.03498],[38.56372,-7.03407],[38.56238,-7.0263],[38.56576,-7.02255],[38.56297,-7.01749],[38.56402,-7.01457],[38.56042,-7.01227],[38.56315,-7.00777],[38.55907,-7.00661],[38.55961,-7.00202],[38.55593,-7.0021],[38.55704,-6.99618],[38.55645,-6.99035],[38.55455,-6.98527],[38.55614,-6.98505],[38.55776,-6.98311],[38.55737,-6.98191],[38.55509,-6.98062],[38.55929,-6.97938],[38.55902,-6.9772],[38.56546,-6.97591],[38.57078,-6.97346],[38.57383,-6.97392],[38.58234,-6.97099],[38.58991,-6.96168],[38.59621,-6.96217],[38.59713,-6.94786],[38.61055,-6.91292],[38.61576,-6.90183],[38.61679,-6.90913],[38.63273,-6.92649],[38.63074,-6.93367],[38.639,-6.9386],[38.64379,-6.94303],[38.65235,-6.94857]]]},"properties":{"region":"Pwani","district":"Kisarawe","ward":"Mafizi","ward_code":"113"}},{"type":"Feature","geometry":{"type":"Polygon","coordinates":[[[38.69807,-6.99041],[38.72279,-6.99292],[38.72964,-6.99167],[38.74936,-6.99717],[38.8102,-7.00326],[38.79126,-7.04587],[38.78498,-7.0552],[38.78461,-7.06],[38.78814,-7.07054],[38.79293,-7.0777],[38.79386,-7.08676],[38.8038,-7.10045],[38.80172,-7.11127],[38.80505,-7.11937],[38.79791,-7.11923],[38.78632,-7.11449],[38.77861,-7.11652],[38.76909,-7.10756],[38.76259,-7.09978],[38.75407,-7.0955],[38.75042,-7.09104],[38.74277,-7.08924],[38.73691,-7.08662],[38.72978,-7.09131],[38.72393,-7.09301],[38.71666,-7.10172],[38.7073,-7.10376],[38.70242,-7.10791],[38.69994,-7.10572],[38.70272,-7.09976],[38.69274,-7.09411],[38.68941,-7.08536],[38.68694,-7.08167],[38.68719,-7.07439],[38.68174,-7.07286],[38.67613,-7.05861],[38.67095,-7.04841],[38.66768,-7.03554],[38.66144,-7.02933],[38.653,-7.02477],[38.64178,-7.02301],[38.63954,-7.02046],[38.67593,-6.98202],[38.67911,-6.98493],[38.68935,-6.98852],[38.69807,-6.99041]]]},"properties":{"region":"Pwani","district":"Kisarawe","ward":"Kurui","ward_code":"121"}},{"type":"Feature","geometry":{"type":"Polygon","coordinates":[[[38.74961,-6.92439],[38.78116,-6.93643],[38.80015,-6.93611],[38.88129,-6.94555],[38.87238,-6.96647],[38.87943,-7.01001],[38.75771,-6.99814],[38.74936,-6.99717],[38.72964,-6.99167],[38.72279,-6.99292],[38.69807,-6.99041],[38.68935,-6.98852],[38.67911,-6.98493],[38.67593,-6.98202],[38.68035,-6.97786],[38.6803,-6.97418],[38.67348,-6.96195],[38.67032,-6.96138],[38.66405,-6.96312],[38.65906,-6.95694],[38.65944,-6.95355],[38.66529,-6.94389],[38.66901,-6.94232],[38.67497,-6.93701],[38.67398,-6.93199],[38.69227,-6.93366],[38.7094,-6.92998],[38.71204,-6.92818],[38.72261,-6.9252],[38.7404,-6.9153],[38.74961,-6.92439]]]},"properties":{"region":"Pwani","district":"Kisarawe","ward":"Mzenga","ward_code":"131"}},{"type":"Feature","geometry":{"type":"Polygon","coordinates":[[[38.81266,-6.85189],[38.82082,-6.87107],[38.82201,-6.8826],[38.81826,-6.88762],[38.8145,-6.89512],[38.82147,-6.90506],[38.82989,-6.94016],[38.80015,-6.93611],[38.78116,-6.93643],[38.74961,-6.92439],[38.7404,-6.9153],[38.72261,-6.9252],[38.71204,-6.92818],[38.7094,-6.92998],[38.69227,-6.93366],[38.67398,-6.93199],[38.67497,-6.93701],[38.66901,-6.94232],[38.66529,-6.94389],[38.65944,-6.95355],[38.65906,-6.95692],[38.65235,-6.94857],[38.64379,-6.94303],[38.639,-6.9386],[38.63074,-6.93367],[38.63273,-6.92649],[38.61679,-6.90913],[38.61576,-6.90183],[38.61711,-6.89896],[38.64594,-6.86056],[38.67867,-6.8554],[38.68503,-6.85577],[38.69541,-6.85809],[38.70681,-6.86277],[38.75386,-6.85389],[38.79709,-6.83988],[38.80177,-6.83682],[38.80203,-6.83558],[38.81266,-6.85189]]]},"properties":{"region":"Pwani","district":"Kisarawe","ward":"Vihingo","ward_code":"141"}},{"type":"Feature","geometry":{"type":"Polygon","coordinates":[[[39.10132,-6.8754],[39.1186,-6.88075],[39.10969,-6.89797],[39.11298,-6.89958],[39.11241,-6.90324],[39.11318,-6.90485],[39.1102,-6.90849],[39.10801,-6.90895],[39.10893,-6.91637],[39.11185,-6.91815],[39.10869,-6.92408],[39.10406,-6.92725],[39.09939,-6.92824],[39.09794,-6.93483],[39.09458,-6.93623],[39.09093,-6.94003],[39.08078,-6.94735],[39.05533,-6.93562],[39.05947,-6.92696],[39.05844,-6.92453],[39.05976,-6.92327],[39.06486,-6.92414],[39.06576,-6.91645],[39.06503,-6.91273],[39.06771,-6.9081],[39.06687,-6.90582],[39.06761,-6.90099],[39.06842,-6.8989],[39.07064,-6.89787],[39.07441,-6.89268],[39.07121,-6.88687],[39.07409,-6.88271],[39.0783,-6.88037],[39.07969,-6.87497],[39.08066,-6.87414],[39.08729,-6.87632],[39.10132,-6.8754]]]},"properties":{"region":"Pwani","district":"Kisarawe","ward":"Kisarawe","ward_code":"013"}},{"type":"Feature","geometry":{"type":"Polygon","coordinates":[[[39.05626,-6.99171],[39.06082,-7.00471],[39.06518,-7.01395],[39.05102,-7.02822],[39.04744,-7.02489],[39.03619,-7.02197],[39.02786,-7.02413],[39.02312,-7.02327],[39.0223,-7.0257],[39.02273,-7.02801],[39.02511,-7.02984],[39.02344,-7.03225],[39.0238,-7.03609],[39.03026,-7.04658],[39.0352,-7.04627],[39.03693,-7.04778],[39.03752,-7.04991],[39.04117,-7.04827],[39.04619,-7.0433],[39.05088,-7.04268],[39.05152,-7.04078],[39.05261,-7.04091],[39.05328,-7.0392],[39.05567,-7.03779],[39.05802,-7.03806],[39.05957,-7.03612],[39.06048,-7.03249],[39.06795,-7.03224],[39.0687,-7.03121],[39.06869,-7.03259],[39.07031,-7.0336],[39.06873,-7.03651],[39.06806,-7.04177],[39.07462,-7.04568],[39.07412,-7.04668],[39.06983,-7.04808],[39.06858,-7.05018],[39.07056,-7.05785],[39.07841,-7.06082],[39.07917,-7.06433],[39.07859,-7.06765],[39.08034,-7.06874],[39.08243,-7.06738],[39.0784,-7.07545],[39.07682,-7.07689],[39.07818,-7.08393],[39.07759,-7.08653],[39.06509,-7.10285],[39.06178,-7.11081],[39.05935,-7.11121],[39.04927,-7.1379],[39.03554,-7.15874],[39.02751,-7.15984],[39.02579,-7.16182],[39.0268,-7.16261],[39.02425,-7.16768],[39.02187,-7.16922],[39.01982,-7.16929],[39.01884,-7.16841],[39.0179,-7.17001],[39.01661,-7.1699],[39.01655,-7.16895],[39.01132,-7.17126],[39.01083,-7.16993],[39.00738,-7.17109],[39.0055,-7.17045],[39.00261,-7.16385],[38.99795,-7.16118],[38.99464,-7.16121],[38.99355,-7.16217],[38.9844,-7.16187],[38.98049,-7.15604],[38.97613,-7.15488],[38.97428,-7.15125],[38.98065,-7.14732],[38.97947,-7.14396],[38.98025,-7.14228],[38.98183,-7.13948],[38.98523,-7.13933],[38.98662,-7.13538],[38.97984,-7.12643],[38.9803,-7.12495],[38.98309,-7.12274],[38.98331,-7.12069],[38.99161,-7.12495],[38.99494,-7.12884],[39.00224,-7.1295],[39.00742,-7.12374],[39.01237,-7.1108],[39.01444,-7.10687],[39.01797,-7.10351],[39.01895,-7.10037],[39.00346,-7.09494],[38.99994,-7.09136],[38.99863,-7.08603],[39.00036,-7.06525],[38.99956,-7.06251],[39.0006,-7.06076],[39.00266,-7.04196],[39.00482,-7.03771],[39.00383,-7.02628],[39.00002,-7.02639],[39.0024,-7.02048],[39.00557,-7.01879],[39.00954,-7.01932],[39.01293,-7.01777],[39.01446,-7.01591],[39.01916,-7.00424],[39.0243,-7.00221],[39.0281,-6.99669],[39.03032,-6.99818],[39.04184,-6.99637],[39.05174,-6.9879],[39.05626,-6.99171]]]},"properties":{"region":"Pwani","district":"Kisarawe","ward":"Msimbu","ward_code":"023"}},{"type":"Feature","geometry":{"type":"Polygon","coordinates":[[[38.93078,-6.95931],[38.93955,-6.9803],[38.9482,-6.97505],[38.95317,-6.97471],[38.95466,-6.97317],[38.95603,-6.96877],[38.95833,-6.96847],[38.96439,-6.9624],[38.97498,-6.96727],[38.98917,-6.97712],[38.99604,-6.9837],[39.00323,-6.98225],[39.0107,-6.98874],[39.02076,-6.9918],[39.0281,-6.99669],[39.0243,-7.00221],[39.01916,-7.00424],[39.01446,-7.01591],[39.01293,-7.01777],[39.00954,-7.01932],[39.00557,-7.01879],[39.0024,-7.02048],[39.00002,-7.02639],[39.00383,-7.02628],[39.00482,-7.03771],[39.00266,-7.04196],[39.0006,-7.06076],[38.99956,-7.06251],[39.00036,-7.06525],[38.99863,-7.08603],[38.99994,-7.09136],[39.00346,-7.09494],[39.01895,-7.10037],[39.01797,-7.10351],[39.01444,-7.10687],[39.01237,-7.1108],[39.00742,-7.12374],[39.00224,-7.1295],[38.99494,-7.12884],[38.99161,-7.12495],[38.98191,-7.11987],[38.97631,-7.12136],[38.97481,-7.12072],[38.97219,-7.11839],[38.96908,-7.11772],[38.96398,-7.11014],[38.95541,-7.10511],[38.95477,-7.10394],[38.9535,-7.10421],[38.94807,-7.10194],[38.94475,-7.10211],[38.94224,-7.10007],[38.9355,-7.08578],[38.9355,-7.08249],[38.93454,-7.0813],[38.93674,-7.07663],[38.93728,-7.07032],[38.9399,-7.06571],[38.94655,-7.06241],[38.94732,-7.06084],[38.93954,-7.05515],[38.93769,-7.04343],[38.93385,-7.03669],[38.93713,-7.03107],[38.93698,-7.0238],[38.94151,-7.01942],[38.94626,-7.01765],[38.94867,-7.01084],[38.94605,-7.00374],[38.93025,-7.00385],[38.90755,-7.01154],[38.87943,-7.01001],[38.87238,-6.96647],[38.88129,-6.94555],[38.92572,-6.94098],[38.93078,-6.95931]]]},"properties":{"region":"Pwani","district":"Kisarawe","ward":"Masaki","ward_code":"031"}},{"type":"Feature","geometry":{"type":"Polygon","coordinates":[[[38.94867,-7.01084],[38.94626,-7.01765],[38.94151,-7.01942],[38.93698,-7.0238],[38.93713,-7.03107],[38.93385,-7.03669],[38.93769,-7.04343],[38.93954,-7.05515],[38.94732,-7.06084],[38.94655,-7.06241],[38.9399,-7.06571],[38.93728,-7.07032],[38.93674,-7.07663],[38.93454,-7.0813],[38.9355,-7.08249],[38.9355,-7.08578],[38.94224,-7.10007],[38.94475,-7.10211],[38.94807,-7.10194],[38.9535,-7.10421],[38.95477,-7.10394],[38.95541,-7.10511],[38.96398,-7.11014],[38.96908,-7.11772],[38.97219,-7.11839],[38.97481,-7.12072],[38.97631,-7.12136],[38.98191,-7.11987],[38.98331,-7.12069],[38.98309,-7.12274],[38.9803,-7.12495],[38.97984,-7.12643],[38.98662,-7.13538],[38.98523,-7.13933],[38.98183,-7.13948],[38.98025,-7.14228],[38.97947,-7.14396],[38.98065,-7.14732],[38.97449,-7.15086],[38.97446,-7.15255],[38.97613,-7.15488],[38.98049,-7.15604],[38.9844,-7.16187],[38.99355,-7.16217],[38.99464,-7.16121],[38.99795,-7.16118],[39.00261,-7.16385],[39.0055,-7.17045],[39.00738,-7.17109],[39.01083,-7.16993],[39.01132,-7.17126],[39.01655,-7.16895],[39.01661,-7.1699],[39.0179,-7.17001],[39.01884,-7.16841],[39.01982,-7.16929],[39.01539,-7.17474],[39.01457,-7.1783],[39.011,-7.18017],[38.99576,-7.19601],[38.99105,-7.19715],[38.98969,-7.19918],[38.98641,-7.20124],[38.98164,-7.19919],[38.9751,-7.20082],[38.96949,-7.19953],[38.96829,-7.20041],[38.96763,-7.20349],[38.96612,-7.2035],[38.96108,-7.20802],[38.9587,-7.20651],[38.95642,-7.20752],[38.95149,-7.20633],[38.94686,-7.20698],[38.93359,-7.21924],[38.92677,-7.22321],[38.91901,-7.22455],[38.90837,-7.22085],[38.89878,-7.22063],[38.89971,-7.21805],[38.89939,-7.20846],[38.89045,-7.19825],[38.8756,-7.1873],[38.86906,-7.18498],[38.86583,-7.18066],[38.86383,-7.17082],[38.86766,-7.16855],[38.87058,-7.15997],[38.88115,-7.1585],[38.88821,-7.14911],[38.88961,-7.14415],[38.89972,-7.13743],[38.88472,-7.1342],[38.87804,-7.13674],[38.87183,-7.13735],[38.86328,-7.13614],[38.8601,-7.13497],[38.85915,-7.13155],[38.85447,-7.12726],[38.84984,-7.11018],[38.84779,-7.10778],[38.84583,-7.09951],[38.8307,-7.00525],[38.88593,-7.01064],[38.90755,-7.01154],[38.93025,-7.00385],[38.94605,-7.00374],[38.94867,-7.01084]]]},"properties":{"region":"Pwani","district":"Kisarawe","ward":"Kibuta","ward_code":"041"}},{"type":"Feature","geometry":{"type":"Polygon","coordinates":[[[39.05419,-6.79008],[39.05258,-6.7932],[39.05374,-6.79695],[39.05234,-6.80026],[39.05143,-6.80959],[39.05259,-6.81089],[39.05497,-6.81137],[39.05768,-6.81607],[39.05833,-6.82317],[39.05951,-6.82459],[39.06015,-6.82842],[39.05925,-6.83097],[39.05964,-6.83318],[39.05847,-6.83545],[39.0587,-6.84015],[39.05479,-6.84076],[39.05407,-6.84237],[39.05523,-6.84481],[39.06023,-6.85081],[39.06195,-6.8523],[39.06519,-6.85305],[39.06581,-6.85413],[39.07069,-6.85447],[39.07212,-6.85559],[39.07497,-6.85568],[39.07705,-6.85465],[39.08051,-6.85781],[39.08853,-6.86126],[39.09355,-6.85943],[39.09465,-6.86176],[39.09585,-6.86215],[39.09546,-6.86281],[39.09748,-6.86222],[39.09956,-6.8648],[39.09872,-6.86984],[39.09773,-6.87002],[39.0993,-6.87173],[39.09882,-6.87301],[39.10075,-6.87409],[39.10164,-6.87333],[39.10218,-6.87466],[39.11046,-6.87437],[39.11338,-6.87635],[39.1136,-6.87873],[39.10132,-6.8754],[39.08729,-6.87632],[39.08066,-6.87414],[39.07759,-6.88116],[39.07409,-6.88271],[39.068,-6.88263],[39.06645,-6.88207],[39.06437,-6.87888],[39.05906,-6.87692],[39.05512,-6.87769],[39.05127,-6.87576],[39.04972,-6.87587],[39.047,-6.87875],[39.04219,-6.87725],[39.04032,-6.87752],[39.03365,-6.87214],[39.03032,-6.87357],[39.02578,-6.87322],[39.01284,-6.87942],[39.00221,-6.88136],[38.99604,-6.87934],[38.98777,-6.88147],[38.98397,-6.87566],[38.98222,-6.87481],[38.96678,-6.8774],[38.96339,-6.87888],[38.96105,-6.87843],[38.96093,-6.87289],[38.95494,-6.86357],[38.95238,-6.85758],[38.95175,-6.85108],[38.9589,-6.84303],[38.95981,-6.83908],[38.96183,-6.83688],[38.96445,-6.83434],[38.96695,-6.83436],[38.9699,-6.83221],[38.9693,-6.82975],[38.97054,-6.82862],[38.97043,-6.82701],[38.97321,-6.82441],[38.97349,-6.82164],[38.97709,-6.81619],[38.97774,-6.81335],[38.98245,-6.81161],[38.98381,-6.80613],[38.98493,-6.80552],[38.98844,-6.80652],[38.99126,-6.80425],[38.99245,-6.80444],[38.99276,-6.80631],[38.99438,-6.8062],[38.99558,-6.80758],[38.99792,-6.80621],[39.00204,-6.80207],[39.0012,-6.80025],[39.00245,-6.79935],[39.0024,-6.79791],[39.00328,-6.79734],[39.00518,-6.79828],[39.00643,-6.79742],[39.00642,-6.79536],[39.0081,-6.79322],[39.00677,-6.79161],[39.00705,-6.79057],[39.00984,-6.79129],[39.01978,-6.79041],[39.03382,-6.79192],[39.05419,-6.79008]]]},"properties":{"region":"Pwani","district":"Kisarawe","ward":"Kiluvya","ward_code":"153"}},{"type":"Feature","geometry":{"type":"Polygon","coordinates":[[[39.03438,-6.87239],[39.04032,-6.87752],[39.04219,-6.87725],[39.047,-6.87875],[39.04972,-6.87587],[39.05127,-6.87576],[39.05512,-6.87769],[39.05906,-6.87692],[39.06437,-6.87888],[39.06704,-6.88244],[39.07409,-6.88271],[39.07121,-6.88687],[39.07441,-6.89268],[39.07064,-6.89787],[39.06842,-6.8989],[39.06761,-6.90099],[39.06687,-6.90582],[39.06771,-6.9081],[39.06503,-6.91273],[39.06576,-6.91645],[39.06486,-6.92414],[39.05976,-6.92327],[39.05844,-6.92453],[39.05947,-6.92696],[39.05533,-6.93562],[39.08078,-6.94735],[39.07865,-6.94906],[39.0788,-6.95167],[39.07679,-6.95532],[39.06789,-6.95633],[39.06712,-6.9612],[39.0623,-6.97151],[39.05975,-6.97294],[39.06671,-6.97964],[39.07114,-6.9789],[39.07244,-6.98223],[39.05862,-6.99912],[39.05626,-6.99171],[39.05174,-6.9879],[39.04184,-6.99637],[39.03032,-6.99818],[39.02076,-6.9918],[39.0107,-6.98874],[39.00323,-6.98225],[38.99604,-6.9837],[38.98917,-6.97712],[38.97498,-6.96727],[38.96439,-6.9624],[38.95833,-6.96847],[38.95603,-6.96877],[38.95466,-6.97317],[38.95317,-6.97471],[38.9482,-6.97505],[38.93955,-6.9803],[38.93078,-6.95931],[38.92572,-6.94098],[38.93685,-6.93987],[38.95893,-6.94052],[38.97523,-6.95041],[38.9745,-6.94202],[38.96228,-6.92726],[38.95636,-6.90969],[38.95976,-6.9014],[38.95952,-6.88345],[38.96105,-6.87843],[38.96339,-6.87888],[38.96678,-6.8774],[38.98222,-6.87481],[38.98397,-6.87566],[38.98777,-6.88147],[38.99604,-6.87934],[39.00221,-6.88136],[39.01284,-6.87942],[39.02578,-6.87322],[39.03032,-6.87357],[39.03285,-6.87214],[39.03438,-6.87239]]]},"properties":{"region":"Pwani","district":"Kisarawe","ward":"Kazimzumbwi","ward_code":"163"}},{"type":"Feature","geometry":{"type":"Polygon","coordinates":[[[38.84984,-7.11018],[38.85447,-7.12726],[38.85915,-7.13155],[38.8601,-7.13497],[38.87183,-7.13735],[38.87804,-7.13674],[38.88472,-7.1342],[38.89972,-7.13743],[38.88961,-7.14415],[38.88821,-7.14911],[38.88115,-7.1585],[38.87058,-7.15997],[38.86766,-7.16855],[38.86383,-7.17082],[38.86583,-7.18066],[38.86906,-7.18498],[38.8756,-7.1873],[38.89045,-7.19825],[38.89939,-7.20846],[38.89971,-7.21805],[38.89528,-7.22997],[38.89693,-7.23919],[38.89566,-7.25066],[38.89902,-7.25755],[38.89982,-7.26428],[38.90164,-7.26944],[38.89682,-7.27729],[38.89475,-7.27754],[38.88878,-7.27469],[38.87477,-7.26197],[38.86475,-7.26384],[38.86239,-7.24812],[38.84539,-7.22661],[38.83379,-7.2177],[38.82846,-7.21955],[38.82421,-7.2171],[38.81973,-7.21225],[38.81958,-7.20894],[38.82374,-7.20484],[38.8214,-7.19223],[38.82683,-7.18983],[38.83363,-7.1843],[38.83461,-7.18436],[38.83514,-7.17867],[38.83249,-7.17431],[38.83013,-7.16114],[38.82352,-7.16358],[38.81459,-7.16462],[38.80464,-7.17237],[38.80414,-7.17728],[38.79072,-7.17179],[38.73652,-7.17092],[38.7246,-7.16391],[38.72053,-7.15874],[38.65724,-7.16178],[38.63809,-7.14105],[38.6351,-7.12765],[38.62098,-7.1077],[38.62253,-7.09844],[38.61997,-7.09359],[38.61541,-7.07716],[38.61591,-7.07469],[38.61135,-7.06078],[38.61196,-7.05259],[38.60735,-7.05091],[38.61456,-7.04221],[38.61897,-7.03503],[38.62892,-7.02347],[38.63954,-7.02046],[38.64178,-7.02301],[38.653,-7.02477],[38.66144,-7.02933],[38.66768,-7.03554],[38.67095,-7.04841],[38.67613,-7.05861],[38.68174,-7.07286],[38.68719,-7.07439],[38.68694,-7.08167],[38.68941,-7.08536],[38.69274,-7.09411],[38.70272,-7.09976],[38.69994,-7.10572],[38.70242,-7.10791],[38.7073,-7.10376],[38.71666,-7.10172],[38.72393,-7.09301],[38.72978,-7.09131],[38.73691,-7.08662],[38.74277,-7.08924],[38.75042,-7.09104],[38.75407,-7.0955],[38.76259,-7.09978],[38.76909,-7.10756],[38.77861,-7.11652],[38.78632,-7.11449],[38.79791,-7.11923],[38.80505,-7.11937],[38.80172,-7.11127],[38.8038,-7.10045],[38.79386,-7.08676],[38.79293,-7.0777],[38.78814,-7.07054],[38.78461,-7.06],[38.78498,-7.0552],[38.79126,-7.04587],[38.8102,-7.00326],[38.8307,-7.00525],[38.84583,-7.09951],[38.84779,-7.10778],[38.84984,-7.11018]]]},"properties":{"region":"Pwani","district":"Kisarawe","ward":"Marumbo","ward_code":"051"}},{"type":"Feature","geometry":{"type":"Polygon","coordinates":[[[38.83349,-7.17698],[38.83514,-7.17867],[38.83461,-7.18436],[38.83363,-7.1843],[38.82683,-7.18983],[38.8214,-7.19223],[38.81962,-7.19592],[38.81224,-7.19601],[38.80621,-7.19971],[38.79686,-7.19762],[38.7955,-7.20272],[38.79202,-7.2067],[38.79208,-7.20821],[38.79051,-7.21015],[38.7861,-7.21348],[38.78208,-7.21272],[38.77849,-7.21368],[38.77272,-7.21997],[38.77042,-7.22138],[38.76863,-7.22127],[38.76605,-7.2177],[38.75852,-7.21394],[38.75318,-7.2175],[38.74672,-7.21708],[38.74581,-7.21554],[38.74688,-7.20967],[38.74601,-7.20899],[38.74561,-7.20438],[38.74432,-7.20184],[38.74018,-7.19995],[38.7379,-7.19138],[38.74122,-7.18316],[38.7378,-7.17653],[38.73823,-7.17589],[38.73555,-7.17263],[38.73409,-7.17357],[38.73363,-7.17193],[38.7246,-7.16391],[38.73652,-7.17092],[38.79072,-7.17179],[38.80414,-7.17728],[38.80464,-7.17237],[38.81459,-7.16462],[38.82352,-7.16358],[38.83013,-7.16114],[38.83069,-7.16762],[38.83349,-7.17698]]]},"properties":{"region":"Pwani","district":"Kisarawe","ward":"Maneromango","ward_code":"063"}},{"type":"Feature","geometry":{"type":"Polygon","coordinates":[[[38.74186,-7.24668],[38.75813,-7.25065],[38.7628,-7.24934],[38.76633,-7.25139],[38.76726,-7.2548],[38.77021,-7.25581],[38.77211,-7.2594],[38.7823,-7.26263],[38.787,-7.26349],[38.79402,-7.26067],[38.79655,-7.26147],[38.79798,-7.26086],[38.79878,-7.26429],[38.80001,-7.26474],[38.81285,-7.2635],[38.82033,-7.26424],[38.83741,-7.27105],[38.83599,-7.29279],[38.82515,-7.32827],[38.8185,-7.34545],[38.80764,-7.33506],[38.79627,-7.33099],[38.79072,-7.32262],[38.78279,-7.31639],[38.77245,-7.32062],[38.76746,-7.31875],[38.76704,-7.31249],[38.75125,-7.31164],[38.74497,-7.30804],[38.73317,-7.29582],[38.71952,-7.29572],[38.71676,-7.27951],[38.70761,-7.25686],[38.71736,-7.24372],[38.74186,-7.24668]]]},"properties":{"region":"Pwani","district":"Kisarawe","ward":"Msanga","ward_code":"073"}},{"type":"Feature","geometry":{"type":"Polygon","coordinates":[[[38.82148,-7.19317],[38.82374,-7.20484],[38.81958,-7.20894],[38.81973,-7.21225],[38.82421,-7.2171],[38.82846,-7.21955],[38.83379,-7.2177],[38.84539,-7.22661],[38.86239,-7.24812],[38.86474,-7.26382],[38.86,-7.25699],[38.84531,-7.24952],[38.83838,-7.25762],[38.83741,-7.27105],[38.82033,-7.26424],[38.81285,-7.2635],[38.80001,-7.26474],[38.79878,-7.26429],[38.79798,-7.26086],[38.79655,-7.26147],[38.79402,-7.26067],[38.787,-7.26349],[38.7823,-7.26263],[38.77211,-7.2594],[38.77021,-7.25581],[38.76726,-7.2548],[38.76633,-7.25139],[38.7628,-7.24934],[38.75813,-7.25065],[38.75576,-7.24969],[38.75331,-7.24999],[38.74806,-7.24793],[38.75185,-7.24568],[38.75598,-7.24061],[38.75605,-7.23653],[38.75226,-7.23003],[38.75068,-7.23095],[38.74812,-7.23058],[38.74246,-7.22628],[38.74225,-7.2234],[38.74672,-7.21708],[38.75318,-7.2175],[38.75852,-7.21394],[38.76605,-7.2177],[38.76863,-7.22127],[38.77042,-7.22138],[38.77668,-7.21634],[38.77849,-7.21368],[38.78208,-7.21272],[38.7861,-7.21348],[38.79051,-7.21015],[38.79208,-7.20821],[38.79202,-7.2067],[38.7955,-7.20272],[38.79686,-7.19762],[38.80621,-7.19971],[38.81224,-7.19601],[38.81962,-7.19592],[38.82148,-7.19317]]]},"properties":{"region":"Pwani","district":"Kisarawe","ward":"Boga","ward_code":"171"}},{"type":"Feature","geometry":{"type":"Polygon","coordinates":[[[38.78279,-7.31639],[38.79072,-7.32262],[38.79627,-7.33099],[38.80764,-7.33506],[38.8185,-7.34545],[38.80839,-7.37157],[38.78555,-7.40532],[38.72224,-7.47373],[38.72586,-7.48227],[38.7057,-7.50805],[38.67223,-7.54046],[38.64786,-7.54774],[38.67235,-7.59237],[38.6724,-7.6996],[38.67031,-7.69984],[38.66475,-7.69724],[38.66217,-7.69814],[38.65478,-7.69743],[38.64513,-7.69026],[38.645,-7.68848],[38.64147,-7.68569],[38.6398,-7.68193],[38.63569,-7.67944],[38.6352,-7.67782],[38.63255,-7.67699],[38.63138,-7.67458],[38.62804,-7.6724],[38.63998,-7.46252],[38.65638,-7.44088],[38.67906,-7.4152],[38.67013,-7.40835],[38.66591,-7.40248],[38.65717,-7.39595],[38.6642,-7.38464],[38.69342,-7.36972],[38.70044,-7.37356],[38.71643,-7.37695],[38.72463,-7.3758],[38.74621,-7.34627],[38.75663,-7.33042],[38.75898,-7.33022],[38.7674,-7.31872],[38.77245,-7.32062],[38.78279,-7.31639]]]},"properties":{"region":"Pwani","district":"Kisarawe","ward":"Marui","ward_code":"081"}},{"type":"Feature","geometry":{"type":"Polygon","coordinates":[[[38.58101,-7.11618],[38.60361,-7.13446],[38.6351,-7.12765],[38.63809,-7.14105],[38.65724,-7.16178],[38.72053,-7.15874],[38.7246,-7.16391],[38.73363,-7.17193],[38.73409,-7.17357],[38.73555,-7.17263],[38.73823,-7.17589],[38.7378,-7.17653],[38.74122,-7.18316],[38.7379,-7.19138],[38.74018,-7.19995],[38.74432,-7.20184],[38.74561,-7.20438],[38.74601,-7.20899],[38.74688,-7.20967],[38.74581,-7.21554],[38.74672,-7.21708],[38.74225,-7.2234],[38.74246,-7.22628],[38.74812,-7.23058],[38.75068,-7.23095],[38.75226,-7.23003],[38.75605,-7.23653],[38.75598,-7.24061],[38.75185,-7.24568],[38.74806,-7.24793],[38.71736,-7.24372],[38.70761,-7.25686],[38.71676,-7.27951],[38.71952,-7.29572],[38.73317,-7.29582],[38.74497,-7.30804],[38.75125,-7.31164],[38.76704,-7.31249],[38.76746,-7.31875],[38.75898,-7.33022],[38.75663,-7.33042],[38.74621,-7.34627],[38.72463,-7.3758],[38.71643,-7.37695],[38.70044,-7.37356],[38.69342,-7.36972],[38.6642,-7.38464],[38.65717,-7.39595],[38.6472,-7.3885],[38.63774,-7.38336],[38.61531,-7.35705],[38.57729,-7.34915],[38.52932,-7.33243],[38.50989,-7.33458],[38.50386,-7.32485],[38.50279,-7.31481],[38.49931,-7.31285],[38.49313,-7.31593],[38.4844,-7.31864],[38.47337,-7.32477],[38.46929,-7.31208],[38.47851,-7.28975],[38.48071,-7.26999],[38.49656,-7.22679],[38.52428,-7.21017],[38.53466,-7.1739],[38.54852,-7.15969],[38.55411,-7.14876],[38.56414,-7.14675],[38.58101,-7.11618]]]},"properties":{"region":"Pwani","district":"Kisarawe","ward":"Chole","ward_code":"091"}},{"type":"Feature","geometry":{"type":"Polygon","coordinates":[[[38.43073,-7.33351],[38.46464,-7.33453],[38.47337,-7.32477],[38.4844,-7.31864],[38.49313,-7.31593],[38.49931,-7.31285],[38.50279,-7.31481],[38.50386,-7.32485],[38.50989,-7.33458],[38.52932,-7.33243],[38.57729,-7.34915],[38.61531,-7.35705],[38.63774,-7.38336],[38.6472,-7.3885],[38.66591,-7.40248],[38.67013,-7.40835],[38.67906,-7.4152],[38.65638,-7.44088],[38.63998,-7.46252],[38.62804,-7.6724],[38.62114,-7.66593],[38.61654,-7.65836],[38.61313,-7.65801],[38.60446,-7.64798],[38.56008,-7.60807],[38.54319,-7.60429],[38.48834,-7.70526],[38.48175,-7.70123],[38.47838,-7.6964],[38.47905,-7.69121],[38.47746,-7.6807],[38.47292,-7.67684],[38.46967,-7.6759],[38.46657,-7.67359],[38.46066,-7.67212],[38.45506,-7.66708],[38.45252,-7.6662],[38.44859,-7.66675],[38.44714,-7.66577],[38.44331,-7.65528],[38.4404,-7.65427],[38.42599,-7.64302],[38.40936,-7.63908],[38.39531,-7.6374],[38.36726,-7.65228],[38.34982,-7.65689],[38.33725,-7.65564],[38.30062,-7.63118],[38.30151,-7.41269],[38.30588,-7.30159],[38.35658,-7.32602],[38.43073,-7.33351]]]},"properties":{"region":"Pwani","district":"Kisarawe","ward":"Vikumbulu","ward_code":"101"}},{"type":"Feature","geometry":{"type":"Polygon","coordinates":[[[39.21539,-7.05846],[39.21888,-7.06026],[39.2227,-7.05881],[39.22595,-7.0614],[39.23047,-7.0604],[39.23244,-7.06231],[39.23744,-7.06401],[39.24027,-7.06398],[39.24158,-7.06305],[39.2433,-7.06406],[39.25514,-7.06292],[39.25878,-7.06434],[39.26556,-7.06362],[39.26887,-7.06544],[39.27141,-7.06865],[39.29195,-7.07867],[39.29261,-7.08467],[39.28791,-7.0903],[39.28753,-7.09446],[39.2904,-7.09838],[39.28851,-7.11265],[39.29037,-7.1142],[39.29355,-7.1204],[39.29581,-7.12238],[39.29984,-7.12289],[39.29236,-7.12729],[39.29192,-7.13063],[39.28046,-7.14272],[39.27839,-7.14269],[39.27329,-7.14516],[39.2687,-7.1438],[39.26367,-7.14514],[39.26074,-7.14423],[39.25916,-7.1453],[39.25514,-7.14397],[39.25364,-7.14583],[39.2469,-7.14757],[39.24562,-7.15221],[39.23651,-7.16081],[39.23432,-7.16035],[39.22927,-7.16259],[39.22064,-7.16318],[39.21871,-7.16076],[39.21901,-7.15845],[39.217,-7.15588],[39.21501,-7.15612],[39.21315,-7.15395],[39.21288,-7.14996],[39.20593,-7.14182],[39.18995,-7.13802],[39.18391,-7.13385],[39.18328,-7.13151],[39.17903,-7.13114],[39.17012,-7.12594],[39.17005,-7.12427],[39.17307,-7.12045],[39.17284,-7.11811],[39.17446,-7.11509],[39.1737,-7.10201],[39.17023,-7.10018],[39.17048,-7.09585],[39.16693,-7.09428],[39.17389,-7.08698],[39.17568,-7.087],[39.18032,-7.09218],[39.18652,-7.09226],[39.18983,-7.08955],[39.19191,-7.08452],[39.19765,-7.08868],[39.21066,-7.08816],[39.21157,-7.09025],[39.21703,-7.09321],[39.21018,-7.0782],[39.21411,-7.07258],[39.21259,-7.06531],[39.21403,-7.06294],[39.21324,-7.05977],[39.21539,-7.05846]]]},"properties":{"region":"Pwani","district":"Mkuranga","ward":"Mkuranga","ward_code":"013"}},{"type":"Feature","geometry":{"type":"MultiPolygon","coordinates":[[[[39.19662,-6.9835],[39.21654,-6.99383],[39.21084,-6.9984],[39.20571,-6.99968],[39.20434,-7.00273],[39.19916,-7.00386],[39.19596,-7.00281],[39.1906,-7.00504],[39.18925,-7.00954],[39.18472,-7.0128],[39.18207,-7.01279],[39.1751,-7.01019],[39.16927,-7.01394],[39.166,-7.01118],[39.16418,-7.00645],[39.1664,-7.00463],[39.16545,-7.00071],[39.16717,-7.00115],[39.1691,-6.99691],[39.17234,-6.99908],[39.17824,-6.99597],[39.17669,-6.99473],[39.17694,-6.99109],[39.18318,-6.99113],[39.18317,-6.9879],[39.18404,-6.98808],[39.18695,-6.98496],[39.18893,-6.9855],[39.19298,-6.98324],[39.19662,-6.9835]]],[[[39.27513,-6.94588],[39.27755,-6.94916],[39.27749,-6.95155],[39.27619,-6.95262],[39.27716,-6.95425],[39.27633,-6.9578],[39.27689,-6.95893],[39.27412,-6.96438],[39.27282,-6.982],[39.2745,-6.98928],[39.27298,-6.99681],[39.26929,-7.00196],[39.26952,-7.00465],[39.26795,-7.009],[39.26605,-7.0094],[39.26382,-7.01156],[39.26012,-7.01152],[39.25825,-7.01372],[39.25862,-7.01611],[39.25774,-7.01743],[39.25914,-7.01944],[39.25357,-7.02602],[39.24726,-7.02387],[39.24325,-7.01955],[39.23998,-7.01862],[39.23087,-7.01896],[39.2345,-7.00838],[39.23401,-7.00502],[39.23511,-7.00173],[39.22956,-6.99713],[39.22796,-6.99709],[39.22571,-6.99356],[39.22143,-6.994],[39.2225,-6.99181],[39.22237,-6.98816],[39.22521,-6.98565],[39.22491,-6.98387],[39.22624,-6.98333],[39.22696,-6.98109],[39.22561,-6.97971],[39.22618,-6.97753],[39.22906,-6.97634],[39.22908,-6.9749],[39.23125,-6.97357],[39.23084,-6.97018],[39.23208,-6.96894],[39.2346,-6.96855],[39.23785,-6.96549],[39.23933,-6.96172],[39.23846,-6.95948],[39.2403,-6.95508],[39.24325,-6.95183],[39.24736,-6.9513],[39.25179,-6.94908],[39.25471,-6.95087],[39.25771,-6.95031],[39.2615,-6.94739],[39.26693,-6.94614],[39.27513,-6.94588]]]]},"properties":{"region":"Pwani","district":"Mkuranga","ward":"Tambani","ward_code":"021"}},{"type":"Feature","geometry":{"type":"Polygon","coordinates":[[[39.33152,-6.98074],[39.33899,-6.98587],[39.35303,-6.98541],[39.35286,-6.98635],[39.36248,-6.98693],[39.36804,-6.98626],[39.3747,-6.98269],[39.37638,-6.98326],[39.37716,-6.98496],[39.38068,-6.9776],[39.38843,-6.97575],[39.38882,-6.98189],[39.38727,-6.98838],[39.38907,-6.99179],[39.39105,-6.99075],[39.39276,-6.99152],[39.39601,-6.98808],[39.40081,-6.9852],[39.40542,-6.98719],[39.40596,-6.99193],[39.40372,-6.99845],[39.40535,-7.00406],[39.40505,-7.00926],[39.40361,-7.01169],[39.40436,-7.01458],[39.40364,-7.0253],[39.40184,-7.0318],[39.40364,-7.03873],[39.40131,-7.04076],[39.39854,-7.04648],[39.38813,-7.04807],[39.38725,-7.04926],[39.38912,-7.05413],[39.38686,-7.05654],[39.38319,-7.05609],[39.37678,-7.06168],[39.37166,-7.06208],[39.36851,-7.06566],[39.36288,-7.06628],[39.36179,-7.06717],[39.3608,-7.06632],[39.36072,-7.06239],[39.36276,-7.06151],[39.36272,-7.06035],[39.36624,-7.05918],[39.36995,-7.05307],[39.37006,-7.05112],[39.36873,-7.04977],[39.36771,-7.04582],[39.3619,-7.03738],[39.36733,-7.03265],[39.36748,-7.02898],[39.36631,-7.02755],[39.36473,-7.02806],[39.3581,-7.02654],[39.35416,-7.02356],[39.35187,-7.02336],[39.34524,-7.01835],[39.34288,-7.01785],[39.34199,-7.01561],[39.34035,-7.01558],[39.33897,-7.01825],[39.33893,-7.02224],[39.33688,-7.02431],[39.33551,-7.02919],[39.33381,-7.0316],[39.32807,-7.0317],[39.32176,-7.02966],[39.32291,-7.03217],[39.32144,-7.03304],[39.31418,-7.03305],[39.3127,-7.04726],[39.30836,-7.0472],[39.30654,-7.04862],[39.30456,-7.04794],[39.30227,-7.04845],[39.29834,-7.05125],[39.29588,-7.05185],[39.29367,-7.06021],[39.29452,-7.06152],[39.29412,-7.06401],[39.29279,-7.06465],[39.29216,-7.06694],[39.29297,-7.06833],[39.29285,-7.07118],[39.29132,-7.07295],[39.29195,-7.07867],[39.27141,-7.06865],[39.26887,-7.06544],[39.26556,-7.06362],[39.26051,-7.06404],[39.2621,-7.05664],[39.26601,-7.05224],[39.26371,-7.05031],[39.26311,-7.04813],[39.26067,-7.04528],[39.2608,-7.04398],[39.2643,-7.04116],[39.25927,-7.03371],[39.25846,-7.02884],[39.25721,-7.02742],[39.25357,-7.02602],[39.25914,-7.01944],[39.25774,-7.01743],[39.25862,-7.01611],[39.25825,-7.01372],[39.26012,-7.01152],[39.26382,-7.01156],[39.26605,-7.0094],[39.26795,-7.009],[39.26952,-7.00465],[39.26929,-7.00196],[39.27298,-6.99681],[39.2745,-6.98928],[39.27282,-6.982],[39.27311,-6.97806],[39.27715,-6.97964],[39.28038,-6.98344],[39.28172,-6.98835],[39.28582,-6.99068],[39.28692,-6.99321],[39.29061,-6.99543],[39.29655,-6.99413],[39.29758,-6.99342],[39.2982,-6.9905],[39.30491,-6.99126],[39.30627,-6.99222],[39.31218,-6.9906],[39.31158,-6.98877],[39.31371,-6.98019],[39.31651,-6.97565],[39.32036,-6.97204],[39.32482,-6.97596],[39.327,-6.98045],[39.33152,-6.98074]]]},"properties":{"region":"Pwani","district":"Mkuranga","ward":"Vikindu","ward_code":"033"}},{"type":"Feature","geometry":{"type":"Polygon","coordinates":[[[39.34199,-7.01561],[39.34288,-7.01785],[39.34994,-7.0212],[39.35187,-7.02336],[39.35416,-7.02356],[39.3581,-7.02654],[39.36473,-7.02806],[39.36631,-7.02755],[39.36748,-7.02898],[39.36733,-7.03265],[39.3619,-7.03738],[39.36771,-7.04582],[39.36873,-7.04977],[39.37006,-7.05112],[39.36995,-7.05307],[39.36624,-7.05918],[39.36272,-7.06035],[39.36276,-7.06151],[39.36072,-7.06239],[39.3608,-7.06632],[39.36179,-7.06717],[39.36288,-7.06628],[39.36851,-7.06566],[39.37166,-7.06208],[39.37678,-7.06168],[39.38319,-7.05609],[39.38686,-7.05654],[39.38912,-7.05413],[39.38725,-7.04926],[39.38813,-7.04807],[39.39107,-7.0471],[39.40193,-7.05643],[39.41523,-7.05275],[39.41671,-7.05096],[39.41509,-7.04716],[39.41561,-7.04421],[39.41899,-7.03854],[39.43319,-7.04402],[39.43272,-7.04625],[39.43001,-7.04895],[39.4278,-7.05371],[39.42825,-7.05632],[39.43207,-7.06193],[39.43182,-7.06565],[39.43383,-7.07109],[39.43279,-7.0741],[39.43309,-7.07649],[39.42958,-7.07809],[39.42784,-7.08004],[39.42649,-7.08185],[39.42679,-7.08321],[39.42527,-7.0845],[39.42531,-7.08656],[39.42409,-7.08751],[39.4232,-7.08687],[39.42277,-7.08773],[39.42068,-7.08727],[39.41793,-7.09203],[39.41373,-7.09484],[39.41309,-7.09725],[39.40947,-7.09806],[39.40711,-7.0999],[39.40682,-7.10407],[39.40601,-7.10491],[39.4073,-7.11055],[39.39814,-7.11123],[39.39723,-7.11308],[39.39425,-7.11385],[39.39416,-7.11625],[39.39245,-7.11815],[39.39409,-7.12313],[39.39234,-7.12633],[39.39044,-7.12555],[39.38754,-7.12603],[39.38598,-7.12776],[39.38315,-7.12833],[39.38348,-7.13085],[39.38213,-7.13349],[39.38285,-7.13776],[39.37864,-7.14303],[39.37541,-7.142],[39.36533,-7.13281],[39.35704,-7.13745],[39.34919,-7.13375],[39.3382,-7.13132],[39.33399,-7.12877],[39.33169,-7.12984],[39.33054,-7.12715],[39.32905,-7.12687],[39.32411,-7.12113],[39.31499,-7.12212],[39.311,-7.12125],[39.30547,-7.12341],[39.29581,-7.12238],[39.29355,-7.1204],[39.29037,-7.1142],[39.28851,-7.11265],[39.2904,-7.09838],[39.28753,-7.09446],[39.28791,-7.0903],[39.29261,-7.08467],[39.29132,-7.07295],[39.29285,-7.07118],[39.29216,-7.06694],[39.29279,-7.06465],[39.29412,-7.06401],[39.29452,-7.06152],[39.29367,-7.06021],[39.29588,-7.05185],[39.29834,-7.05125],[39.30227,-7.04845],[39.30456,-7.04794],[39.30654,-7.04862],[39.30836,-7.0472],[39.3127,-7.04726],[39.31418,-7.03305],[39.32144,-7.03304],[39.32291,-7.03217],[39.32176,-7.02966],[39.32807,-7.0317],[39.33381,-7.0316],[39.33551,-7.02919],[39.33688,-7.02431],[39.33893,-7.02224],[39.33978,-7.01611],[39.34199,-7.01561]]]},"properties":{"region":"Pwani","district":"Mkuranga","ward":"Vianzi","ward_code":"163"}},{"type":"Feature","geometry":{"type":"Polygon","coordinates":[[[39.11203,-7.10857],[39.1458,-7.12458],[39.14677,-7.12238],[39.15053,-7.11987],[39.15389,-7.12106],[39.15674,-7.11966],[39.16026,-7.12093],[39.16073,-7.12293],[39.16204,-7.12396],[39.16968,-7.12413],[39.17072,-7.12649],[39.17903,-7.13114],[39.18328,-7.13151],[39.18391,-7.13385],[39.18995,-7.13802],[39.20593,-7.14182],[39.21167,-7.14805],[39.21288,-7.14996],[39.21315,-7.15395],[39.21501,-7.15612],[39.217,-7.15588],[39.21901,-7.15845],[39.21465,-7.1587],[39.21443,-7.16051],[39.21241,-7.16027],[39.21018,-7.163],[39.20519,-7.16446],[39.2027,-7.16674],[39.20186,-7.16993],[39.19688,-7.1748],[39.19865,-7.19473],[39.19387,-7.19287],[39.18741,-7.19345],[39.1782,-7.19821],[39.17355,-7.1943],[39.16528,-7.1937],[39.16409,-7.19456],[39.16213,-7.19357],[39.15102,-7.19331],[39.14852,-7.19426],[39.14525,-7.19333],[39.14073,-7.18059],[39.13825,-7.18026],[39.13618,-7.17793],[39.13186,-7.18023],[39.1216,-7.17995],[39.11943,-7.1812],[39.1123,-7.18012],[39.10851,-7.17791],[39.10676,-7.17864],[39.10129,-7.17765],[39.09753,-7.17864],[39.09289,-7.17792],[39.09253,-7.16994],[39.08824,-7.15469],[39.08732,-7.14695],[39.10053,-7.14814],[39.10079,-7.13797],[39.09743,-7.13205],[39.11203,-7.10857]]]},"properties":{"region":"Pwani","district":"Mkuranga","ward":"Kiparang'anda","ward_code":"181"}},{"type":"Feature","geometry":{"type":"Polygon","coordinates":[[[39.3047,-6.95254],[39.30523,-6.95401],[39.30996,-6.95566],[39.30957,-6.95836],[39.31238,-6.96256],[39.31618,-6.95846],[39.32046,-6.95656],[39.31872,-6.95207],[39.31983,-6.94904],[39.32538,-6.95098],[39.32949,-6.95032],[39.33013,-6.95212],[39.33372,-6.95351],[39.34044,-6.95305],[39.34302,-6.95531],[39.34496,-6.9554],[39.34401,-6.95945],[39.34669,-6.96059],[39.35452,-6.96111],[39.35826,-6.95721],[39.36786,-6.95212],[39.36866,-6.95037],[39.37499,-6.94915],[39.37635,-6.95133],[39.37615,-6.9592],[39.37743,-6.96396],[39.38776,-6.97121],[39.38843,-6.97575],[39.38068,-6.9776],[39.37716,-6.98496],[39.37638,-6.98326],[39.3747,-6.98269],[39.36804,-6.98626],[39.36248,-6.98693],[39.35286,-6.98635],[39.35303,-6.98541],[39.33899,-6.98587],[39.33152,-6.98074],[39.327,-6.98045],[39.32482,-6.97596],[39.32036,-6.97204],[39.31651,-6.97565],[39.31371,-6.98019],[39.31158,-6.98877],[39.31218,-6.9906],[39.30627,-6.99222],[39.30491,-6.99126],[39.2982,-6.9905],[39.29758,-6.99342],[39.29655,-6.99413],[39.29061,-6.99543],[39.28692,-6.99321],[39.28582,-6.99068],[39.28172,-6.98835],[39.28038,-6.98344],[39.27715,-6.97964],[39.27311,-6.97806],[39.27412,-6.96438],[39.27689,-6.95893],[39.27633,-6.9578],[39.27692,-6.9562],[39.27781,-6.95891],[39.28024,-6.95801],[39.28563,-6.95215],[39.28835,-6.95361],[39.29178,-6.95345],[39.29695,-6.94858],[39.29872,-6.94797],[39.3047,-6.95254]]]},"properties":{"region":"Pwani","district":"Mkuranga","ward":"Mwandege","ward_code":"193"}},{"type":"Feature","geometry":{"type":"Polygon","coordinates":[[[39.22571,-6.99356],[39.22796,-6.99709],[39.22956,-6.99713],[39.23511,-7.00173],[39.23401,-7.00502],[39.2345,-7.00838],[39.23087,-7.01896],[39.23998,-7.01862],[39.24325,-7.01955],[39.24726,-7.02387],[39.25721,-7.02742],[39.25846,-7.02884],[39.25927,-7.03371],[39.2643,-7.04116],[39.2608,-7.04398],[39.26067,-7.04528],[39.26311,-7.04813],[39.26371,-7.05031],[39.26601,-7.05224],[39.2621,-7.05664],[39.26051,-7.06404],[39.25826,-7.06424],[39.25514,-7.06292],[39.2433,-7.06406],[39.24158,-7.06305],[39.24027,-7.06398],[39.23744,-7.06401],[39.23244,-7.06231],[39.23047,-7.0604],[39.22595,-7.0614],[39.2227,-7.05881],[39.21888,-7.06026],[39.21539,-7.05846],[39.2131,-7.05841],[39.21169,-7.05283],[39.20628,-7.05121],[39.20516,-7.04899],[39.20066,-7.04717],[39.19367,-7.03991],[39.19123,-7.04238],[39.1912,-7.05233],[39.16785,-7.05032],[39.14168,-7.04526],[39.1428,-7.04188],[39.14662,-7.03791],[39.14925,-7.03685],[39.15144,-7.03274],[39.15061,-7.02989],[39.15101,-7.02665],[39.15242,-7.02572],[39.15134,-7.022],[39.15549,-7.01699],[39.15791,-7.01724],[39.15778,-7.01817],[39.15932,-7.01873],[39.16289,-7.01629],[39.17163,-7.01309],[39.1751,-7.01019],[39.18207,-7.01279],[39.18472,-7.0128],[39.18925,-7.00954],[39.1906,-7.00504],[39.19596,-7.00281],[39.19916,-7.00386],[39.20434,-7.00273],[39.20571,-6.99968],[39.21084,-6.9984],[39.21654,-6.99383],[39.22015,-6.99525],[39.22143,-6.994],[39.22571,-6.99356]]]},"properties":{"region":"Pwani","district":"Mkuranga","ward":"Mipeko","ward_code":"201"}},{"type":"Feature","geometry":{"type":"Polygon","coordinates":[[[39.20066,-7.04717],[39.20516,-7.04899],[39.20701,-7.05159],[39.21169,-7.05283],[39.2131,-7.05841],[39.21539,-7.05846],[39.21324,-7.05977],[39.21403,-7.06294],[39.21259,-7.06531],[39.21411,-7.07258],[39.21018,-7.0782],[39.21703,-7.09321],[39.21157,-7.09025],[39.21066,-7.08816],[39.19765,-7.08868],[39.19191,-7.08452],[39.18983,-7.08955],[39.18652,-7.09226],[39.18032,-7.09218],[39.17568,-7.087],[39.17389,-7.08698],[39.16693,-7.09428],[39.17048,-7.09585],[39.17023,-7.10018],[39.1737,-7.10201],[39.17446,-7.11509],[39.17284,-7.11811],[39.17307,-7.12045],[39.17005,-7.12427],[39.16204,-7.12396],[39.16073,-7.12293],[39.16026,-7.12093],[39.15674,-7.11966],[39.15389,-7.12106],[39.15053,-7.11987],[39.14677,-7.12238],[39.1458,-7.12458],[39.11203,-7.10857],[39.10444,-7.10859],[39.09941,-7.11282],[39.09709,-7.11188],[39.09484,-7.11315],[39.09067,-7.11156],[39.08507,-7.11298],[39.08084,-7.11682],[39.07808,-7.12408],[39.05727,-7.11563],[39.05935,-7.11121],[39.06178,-7.11081],[39.06509,-7.10285],[39.07759,-7.08653],[39.07818,-7.08393],[39.07682,-7.07689],[39.0784,-7.07545],[39.08243,-7.06738],[39.0846,-7.06464],[39.09068,-7.06091],[39.09194,-7.06125],[39.09156,-7.06422],[39.09351,-7.06982],[39.09719,-7.0709],[39.09909,-7.06812],[39.10506,-7.07033],[39.10417,-7.07223],[39.11318,-7.07629],[39.10892,-7.08886],[39.11246,-7.09254],[39.12635,-7.07804],[39.13204,-7.07356],[39.13559,-7.06483],[39.13985,-7.0588],[39.14147,-7.05208],[39.14098,-7.04563],[39.14168,-7.04526],[39.16785,-7.05032],[39.1912,-7.05233],[39.19123,-7.04238],[39.19367,-7.03991],[39.20066,-7.04717]]]},"properties":{"region":"Pwani","district":"Mkuranga","ward":"Tengelea","ward_code":"211"}},{"type":"Feature","geometry":{"type":"Polygon","coordinates":[[[39.13722,-7.3848],[39.14245,-7.38903],[39.14265,-7.39182],[39.14426,-7.39278],[39.15003,-7.39151],[39.15986,-7.39694],[39.1675,-7.39946],[39.15917,-7.4115],[39.15377,-7.41382],[39.14837,-7.42736],[39.15081,-7.43205],[39.15095,-7.44392],[39.15258,-7.45706],[39.14998,-7.46419],[39.14395,-7.47221],[39.14054,-7.4735],[39.13886,-7.47769],[39.13028,-7.48579],[39.12842,-7.48971],[39.11186,-7.49991],[39.10296,-7.49965],[39.09638,-7.5012],[39.09005,-7.50931],[39.08397,-7.51403],[39.08203,-7.51797],[39.08061,-7.52759],[39.07705,-7.54028],[39.0756,-7.54034],[39.07476,-7.54179],[39.06824,-7.54511],[39.06751,-7.54733],[39.06457,-7.54567],[39.05122,-7.5465],[39.04818,-7.5439],[39.04393,-7.54552],[39.03972,-7.54281],[39.0351,-7.5416],[39.03162,-7.54186],[39.03003,-7.54319],[39.02668,-7.54375],[39.0232,-7.54042],[39.02268,-7.53254],[39.01936,-7.52923],[39.01148,-7.52899],[39.01082,-7.52445],[38.99895,-7.51113],[38.99423,-7.50767],[38.99215,-7.50864],[38.98925,-7.50652],[38.986,-7.50725],[38.98002,-7.50357],[38.9718,-7.4925],[38.97073,-7.49281],[38.97017,-7.4913],[38.96829,-7.49094],[38.96717,-7.48875],[38.96489,-7.48873],[38.96476,-7.48675],[38.96333,-7.48547],[38.9635,-7.48193],[38.9614,-7.47829],[38.9655,-7.4729],[38.96738,-7.46687],[38.96762,-7.45521],[38.96661,-7.44501],[38.97087,-7.43256],[38.97687,-7.42616],[38.9839,-7.42692],[38.98757,-7.4297],[38.98904,-7.43215],[38.99456,-7.43301],[38.9948,-7.4345],[38.99797,-7.43686],[38.99961,-7.437],[39.00116,-7.43946],[39.00468,-7.44152],[39.00692,-7.44145],[39.00729,-7.44298],[39.01088,-7.44479],[39.01387,-7.44483],[39.01495,-7.44342],[39.01858,-7.44832],[39.02197,-7.44905],[39.02286,-7.45058],[39.024,-7.45027],[39.02433,-7.44904],[39.02739,-7.44891],[39.03057,-7.44697],[39.03003,-7.44419],[39.03128,-7.44157],[39.03037,-7.43969],[39.03144,-7.43716],[39.03396,-7.43572],[39.0354,-7.4363],[39.03611,-7.43254],[39.03776,-7.43284],[39.03732,-7.43194],[39.0385,-7.43103],[39.03782,-7.43051],[39.03895,-7.43024],[39.03781,-7.42966],[39.03739,-7.42784],[39.0389,-7.42709],[39.03778,-7.4254],[39.03824,-7.42352],[39.03973,-7.42224],[39.04058,-7.42301],[39.04131,-7.42053],[39.04419,-7.42261],[39.04638,-7.42168],[39.04738,-7.41969],[39.05124,-7.42079],[39.05394,-7.4231],[39.05942,-7.4236],[39.06438,-7.42568],[39.06802,-7.42556],[39.0683,-7.42438],[39.06906,-7.42494],[39.07127,-7.42415],[39.07143,-7.42527],[39.07363,-7.42596],[39.07506,-7.42797],[39.07715,-7.42547],[39.07943,-7.42071],[39.07838,-7.40852],[39.07572,-7.40216],[39.06664,-7.38906],[39.07124,-7.38537],[39.07745,-7.38343],[39.0816,-7.38058],[39.08304,-7.38119],[39.08476,-7.38571],[39.08676,-7.38684],[39.09401,-7.38756],[39.10013,-7.38303],[39.10734,-7.3818],[39.12336,-7.36595],[39.12641,-7.37279],[39.13174,-7.37547],[39.13722,-7.3848]]]},"properties":{"region":"Pwani","district":"Mkuranga","ward":"Nyamato","ward_code":"101"}},{"type":"Feature","geometry":{"type":"Polygon","coordinates":[[[39.05045,-7.33585],[39.05509,-7.33818],[39.06051,-7.33867],[39.06456,-7.33697],[39.06629,-7.33715],[39.06921,-7.34082],[39.06987,-7.3391],[39.07069,-7.33947],[39.07149,-7.34133],[39.08737,-7.34942],[39.09234,-7.34698],[39.09775,-7.34026],[39.10289,-7.34046],[39.10449,-7.33741],[39.10973,-7.33803],[39.11203,-7.34134],[39.11615,-7.34284],[39.12013,-7.34707],[39.12608,-7.34824],[39.12336,-7.36595],[39.10734,-7.3818],[39.10013,-7.38303],[39.09401,-7.38756],[39.08676,-7.38684],[39.08476,-7.38571],[39.08304,-7.38119],[39.0816,-7.38058],[39.07745,-7.38343],[39.07124,-7.38537],[39.06844,-7.38824],[39.0659,-7.3894],[39.06552,-7.39295],[39.0612,-7.39815],[39.05683,-7.39819],[39.05319,-7.39648],[39.04808,-7.39772],[39.04519,-7.39625],[39.04619,-7.3913],[39.0432,-7.38932],[39.04501,-7.38624],[39.04516,-7.38258],[39.04311,-7.38128],[39.04177,-7.37412],[39.03233,-7.37067],[39.02731,-7.36582],[39.02292,-7.36475],[39.02377,-7.36325],[39.02274,-7.36226],[39.0277,-7.35673],[39.02669,-7.35225],[39.02722,-7.34869],[39.03567,-7.34404],[39.03584,-7.33966],[39.03453,-7.33752],[39.05045,-7.33585]]]},"properties":{"region":"Pwani","district":"Mkuranga","ward":"Kimanzichana","ward_code":"113"}},{"type":"Feature","geometry":{"type":"Polygon","coordinates":[[[39.01484,-7.33069],[39.01567,-7.33197],[39.01867,-7.33325],[39.02148,-7.33264],[39.02304,-7.33061],[39.02609,-7.33022],[39.02745,-7.33168],[39.03099,-7.33254],[39.03561,-7.33876],[39.03567,-7.34404],[39.02722,-7.34869],[39.02669,-7.35225],[39.0277,-7.35673],[39.02274,-7.36226],[39.02377,-7.36325],[39.02292,-7.36475],[39.02731,-7.36582],[39.03233,-7.37067],[39.04177,-7.37412],[39.04311,-7.38128],[39.04516,-7.38258],[39.04501,-7.38624],[39.0432,-7.38932],[39.04619,-7.3913],[39.04519,-7.39625],[39.04808,-7.39772],[39.05319,-7.39648],[39.05683,-7.39819],[39.0612,-7.39815],[39.06552,-7.39295],[39.0659,-7.3894],[39.06664,-7.38906],[39.07572,-7.40216],[39.07838,-7.40852],[39.07936,-7.4151],[39.07943,-7.42071],[39.07506,-7.42797],[39.07363,-7.42596],[39.07143,-7.42527],[39.07127,-7.42415],[39.06906,-7.42494],[39.0683,-7.42438],[39.06802,-7.42556],[39.06438,-7.42568],[39.05942,-7.4236],[39.05394,-7.4231],[39.05124,-7.42079],[39.04738,-7.41969],[39.04638,-7.42168],[39.04419,-7.42261],[39.04131,-7.42053],[39.04058,-7.42301],[39.03973,-7.42224],[39.03824,-7.42352],[39.03778,-7.4254],[39.0389,-7.42709],[39.03739,-7.42784],[39.03781,-7.42966],[39.03895,-7.43024],[39.03782,-7.43051],[39.0385,-7.43103],[39.03732,-7.43194],[39.03776,-7.43284],[39.03611,-7.43254],[39.0354,-7.4363],[39.03396,-7.43572],[39.03144,-7.43716],[39.03037,-7.43969],[39.03128,-7.44157],[39.03003,-7.44419],[39.03057,-7.44697],[39.02739,-7.44891],[39.02433,-7.44904],[39.024,-7.45027],[39.02286,-7.45058],[39.02197,-7.44905],[39.01858,-7.44832],[39.01495,-7.44342],[39.01387,-7.44483],[39.01088,-7.44479],[39.00729,-7.44298],[39.00692,-7.44145],[39.00468,-7.44152],[39.00116,-7.43946],[38.99961,-7.437],[38.99797,-7.43686],[38.9948,-7.4345],[38.99456,-7.43301],[38.98904,-7.43215],[38.98757,-7.4297],[38.9839,-7.42692],[38.97729,-7.42648],[38.97084,-7.4215],[38.96304,-7.41719],[38.96184,-7.41407],[38.95939,-7.41306],[38.95296,-7.41342],[38.94662,-7.41133],[38.94078,-7.4078],[38.93658,-7.40677],[38.93196,-7.40848],[38.92608,-7.40704],[38.92085,-7.4039],[38.91803,-7.40171],[38.9186,-7.39461],[38.91331,-7.38627],[38.91137,-7.38494],[38.91012,-7.38169],[38.91127,-7.37995],[38.91048,-7.37877],[38.91443,-7.37737],[38.92801,-7.37661],[38.9292,-7.37373],[38.9357,-7.36816],[38.94105,-7.36805],[38.94596,-7.36227],[38.94836,-7.36146],[38.95097,-7.36238],[38.95426,-7.35991],[38.95869,-7.35269],[38.96298,-7.35081],[38.96521,-7.34671],[38.96759,-7.3453],[38.97436,-7.33311],[38.98402,-7.33218],[39.00131,-7.33346],[39.00443,-7.33148],[39.01293,-7.33019],[39.01484,-7.33069]]]},"properties":{"region":"Pwani","district":"Mkuranga","ward":"Mkamba","ward_code":"121"}},{"type":"Feature","geometry":{"type":"Polygon","coordinates":[[[38.97085,-7.19975],[38.97179,-7.20048],[38.97287,-7.19997],[38.96725,-7.22513],[38.97081,-7.23817],[38.99193,-7.23653],[39.00054,-7.25153],[38.99935,-7.25914],[38.99727,-7.26386],[39.00099,-7.27045],[39.01627,-7.27728],[39.02329,-7.25622],[39.02805,-7.25982],[39.03278,-7.2727],[39.03506,-7.27532],[39.03368,-7.2971],[39.0257,-7.30598],[39.0246,-7.30575],[39.02569,-7.30598],[39.02359,-7.30973],[39.02631,-7.32108],[39.0241,-7.32771],[39.02609,-7.33022],[39.02304,-7.33061],[39.02148,-7.33264],[39.01867,-7.33325],[39.01293,-7.33019],[39.00443,-7.33148],[39.00131,-7.33346],[38.98402,-7.33218],[38.97436,-7.33311],[38.96759,-7.3453],[38.96521,-7.34671],[38.96298,-7.35081],[38.95869,-7.35269],[38.95426,-7.35991],[38.95097,-7.36238],[38.94836,-7.36146],[38.94596,-7.36227],[38.94105,-7.36805],[38.9357,-7.36816],[38.9292,-7.37373],[38.92801,-7.37661],[38.91443,-7.37737],[38.91048,-7.37877],[38.90973,-7.37774],[38.89956,-7.37436],[38.89438,-7.36963],[38.88363,-7.36969],[38.88358,-7.36148],[38.88228,-7.35577],[38.88316,-7.33795],[38.87809,-7.33521],[38.86723,-7.31931],[38.85724,-7.31375],[38.85227,-7.30512],[38.84797,-7.30273],[38.83709,-7.29273],[38.83606,-7.2903],[38.83838,-7.25762],[38.84531,-7.24952],[38.86,-7.25699],[38.86475,-7.26384],[38.87477,-7.26197],[38.88878,-7.27469],[38.89475,-7.27754],[38.89682,-7.27729],[38.90164,-7.26944],[38.89982,-7.26428],[38.89902,-7.25755],[38.89566,-7.25066],[38.89693,-7.23919],[38.89528,-7.22997],[38.89878,-7.22063],[38.90837,-7.22085],[38.91901,-7.22455],[38.92677,-7.22321],[38.93359,-7.21924],[38.94686,-7.20698],[38.95149,-7.20633],[38.95642,-7.20752],[38.9587,-7.20651],[38.96108,-7.20802],[38.96612,-7.2035],[38.96763,-7.20349],[38.96829,-7.20041],[38.97085,-7.19975]]]},"properties":{"region":"Pwani","district":"Mkuranga","ward":"Panzuo","ward_code":"131"}},{"type":"Feature","geometry":{"type":"Polygon","coordinates":[[[39.11203,-7.10857],[39.09743,-7.13205],[39.10079,-7.13797],[39.10053,-7.14814],[39.08732,-7.14695],[39.08824,-7.15469],[39.09253,-7.16994],[39.09289,-7.17792],[39.0973,-7.19454],[39.10605,-7.21235],[39.09989,-7.22934],[39.09135,-7.23021],[39.07589,-7.26023],[39.09144,-7.26934],[39.10128,-7.26874],[39.07866,-7.28841],[39.06266,-7.27965],[39.04879,-7.2786],[39.04485,-7.28036],[39.04296,-7.27732],[39.03513,-7.2754],[39.03278,-7.2727],[39.02805,-7.25982],[39.02329,-7.25622],[39.01627,-7.27728],[39.00099,-7.27045],[38.99727,-7.26386],[38.99935,-7.25914],[39.00054,-7.25153],[38.99193,-7.23653],[38.97081,-7.23817],[38.96725,-7.22513],[38.97287,-7.19997],[38.9751,-7.20082],[38.98164,-7.19919],[38.98641,-7.20124],[38.98969,-7.19918],[38.99105,-7.19715],[38.99576,-7.19601],[39.011,-7.18017],[39.01457,-7.1783],[39.01539,-7.17474],[39.01982,-7.16929],[39.02187,-7.16922],[39.02425,-7.16768],[39.0268,-7.16261],[39.02579,-7.16182],[39.02751,-7.15984],[39.03554,-7.15874],[39.04927,-7.1379],[39.05727,-7.11563],[39.07808,-7.12408],[39.08084,-7.11682],[39.08507,-7.11298],[39.09067,-7.11156],[39.09484,-7.11315],[39.09709,-7.11188],[39.09941,-7.11282],[39.10444,-7.10859],[39.11203,-7.10857]]]},"properties":{"region":"Pwani","district":"Mkuranga","ward":"Bupu","ward_code":"141"}},{"type":"Feature","geometry":{"type":"Polygon","coordinates":[[[39.10665,-7.17862],[39.1098,-7.1781],[39.1123,-7.18012],[39.11943,-7.1812],[39.1216,-7.17995],[39.13186,-7.18023],[39.13618,-7.17793],[39.13825,-7.18026],[39.14073,-7.18059],[39.14525,-7.19333],[39.14852,-7.19426],[39.15102,-7.19331],[39.16213,-7.19357],[39.16409,-7.19456],[39.16528,-7.1937],[39.17355,-7.1943],[39.1782,-7.19821],[39.18741,-7.19345],[39.19387,-7.19287],[39.19865,-7.19473],[39.19524,-7.20506],[39.19563,-7.21891],[39.18945,-7.22461],[39.18816,-7.22877],[39.17635,-7.23486],[39.17518,-7.2372],[39.1718,-7.23925],[39.17167,-7.24276],[39.17012,-7.24576],[39.17263,-7.24905],[39.16986,-7.25436],[39.16533,-7.25714],[39.16502,-7.26512],[39.16236,-7.26292],[39.15912,-7.26464],[39.15392,-7.27072],[39.14786,-7.27554],[39.1527,-7.28352],[39.15443,-7.28915],[39.14565,-7.29179],[39.14085,-7.29508],[39.13542,-7.3091],[39.13366,-7.30915],[39.10974,-7.29144],[39.10549,-7.2781],[39.10892,-7.27132],[39.11248,-7.26804],[39.09144,-7.26934],[39.07589,-7.26023],[39.09135,-7.23021],[39.09989,-7.22934],[39.10605,-7.21235],[39.0973,-7.19454],[39.09289,-7.17792],[39.09753,-7.17864],[39.10129,-7.17765],[39.10665,-7.17862]]]},"properties":{"region":"Pwani","district":"Mkuranga","ward":"Mwarusembe","ward_code":"153"}},{"type":"Feature","geometry":{"type":"Polygon","coordinates":[[[39.10549,-7.2781],[39.10974,-7.29144],[39.13366,-7.30915],[39.12794,-7.31304],[39.12285,-7.31437],[39.12022,-7.32086],[39.11598,-7.32671],[39.11361,-7.32654],[39.11195,-7.32499],[39.10951,-7.32533],[39.10724,-7.32438],[39.10533,-7.32638],[39.10675,-7.32736],[39.10616,-7.32978],[39.10733,-7.33394],[39.1104,-7.33462],[39.10928,-7.33797],[39.10449,-7.33741],[39.10289,-7.34046],[39.09775,-7.34026],[39.09234,-7.34698],[39.08737,-7.34942],[39.07149,-7.34133],[39.07069,-7.33947],[39.06987,-7.3391],[39.06921,-7.34082],[39.06629,-7.33715],[39.06456,-7.33697],[39.06051,-7.33867],[39.05509,-7.33818],[39.05045,-7.33585],[39.03453,-7.33752],[39.03099,-7.33254],[39.02745,-7.33168],[39.0241,-7.32771],[39.02631,-7.32108],[39.02359,-7.30973],[39.02569,-7.30598],[39.0246,-7.30575],[39.0257,-7.30598],[39.03368,-7.2971],[39.03506,-7.27532],[39.04296,-7.27732],[39.04485,-7.28036],[39.04879,-7.2786],[39.06266,-7.27965],[39.07866,-7.28841],[39.10128,-7.26874],[39.11248,-7.26804],[39.10892,-7.27132],[39.10549,-7.2781]]]},"properties":{"region":"Pwani","district":"Mkuranga","ward":"Beta","ward_code":"221"}},{"type":"Feature","geometry":{"type":"Polygon","coordinates":[[[39.32411,-7.12113],[39.32905,-7.12687],[39.33054,-7.12715],[39.33169,-7.12984],[39.33399,-7.12877],[39.3382,-7.13132],[39.34919,-7.13375],[39.35704,-7.13745],[39.36533,-7.13281],[39.37541,-7.142],[39.36851,-7.14338],[39.36752,-7.14904],[39.36455,-7.151],[39.36652,-7.15688],[39.36559,-7.15995],[39.36597,-7.16343],[39.36268,-7.1646],[39.35612,-7.16311],[39.35465,-7.1643],[39.35143,-7.16423],[39.34991,-7.16595],[39.34766,-7.16521],[39.34407,-7.17],[39.34322,-7.16996],[39.34238,-7.17675],[39.34318,-7.17822],[39.34292,-7.19202],[39.34017,-7.19473],[39.33327,-7.19696],[39.3177,-7.20768],[39.30289,-7.20896],[39.29089,-7.2076],[39.28915,-7.21859],[39.28254,-7.22933],[39.27196,-7.23597],[39.26568,-7.24322],[39.25779,-7.23962],[39.25172,-7.23317],[39.25066,-7.23395],[39.24877,-7.24037],[39.24562,-7.24241],[39.24356,-7.24691],[39.23998,-7.24688],[39.23739,-7.24434],[39.23552,-7.24422],[39.23344,-7.24635],[39.23128,-7.2463],[39.23123,-7.24463],[39.22205,-7.25023],[39.22209,-7.25328],[39.22418,-7.25578],[39.2236,-7.25972],[39.20743,-7.2547],[39.20471,-7.25188],[39.18563,-7.25776],[39.17661,-7.26255],[39.16502,-7.26512],[39.16533,-7.25714],[39.16986,-7.25436],[39.17263,-7.24905],[39.17012,-7.24576],[39.17167,-7.24276],[39.1718,-7.23925],[39.17518,-7.2372],[39.17635,-7.23486],[39.18816,-7.22877],[39.18945,-7.22461],[39.19563,-7.21891],[39.19524,-7.20506],[39.19865,-7.19473],[39.19688,-7.1748],[39.20186,-7.16993],[39.2027,-7.16674],[39.20519,-7.16446],[39.21018,-7.163],[39.21241,-7.16027],[39.21443,-7.16051],[39.21465,-7.1587],[39.21714,-7.15802],[39.21901,-7.15845],[39.21871,-7.16076],[39.22064,-7.16318],[39.22927,-7.16259],[39.23432,-7.16035],[39.23651,-7.16081],[39.24562,-7.15221],[39.2469,-7.14757],[39.25364,-7.14583],[39.25514,-7.14397],[39.25916,-7.1453],[39.26074,-7.14423],[39.26367,-7.14514],[39.2687,-7.1438],[39.27329,-7.14516],[39.27839,-7.14269],[39.28046,-7.14272],[39.29192,-7.13063],[39.29236,-7.12729],[39.29984,-7.12289],[39.30547,-7.12341],[39.311,-7.12125],[39.31499,-7.12212],[39.32411,-7.12113]]]},"properties":{"region":"Pwani","district":"Mkuranga","ward":"Mbezi","ward_code":"041"}},{"type":"Feature","geometry":{"type":"Polygon","coordinates":[[[39.40744,-7.11054],[39.4141,-7.11855],[39.41823,-7.12797],[39.41514,-7.13145],[39.41383,-7.1315],[39.41277,-7.13267],[39.41333,-7.13376],[39.41126,-7.13568],[39.40775,-7.13628],[39.40615,-7.13821],[39.40708,-7.13986],[39.40634,-7.14161],[39.4051,-7.1415],[39.4061,-7.14271],[39.40471,-7.1481],[39.40385,-7.1481],[39.40346,-7.14972],[39.40448,-7.15],[39.40354,-7.15128],[39.40529,-7.15173],[39.40619,-7.15395],[39.40389,-7.15497],[39.40548,-7.15672],[39.40224,-7.1607],[39.4019,-7.16462],[39.40264,-7.16718],[39.40508,-7.17011],[39.40713,-7.17094],[39.40513,-7.17508],[39.41401,-7.1723],[39.41576,-7.16972],[39.4218,-7.16955],[39.42365,-7.16161],[39.4279,-7.1637],[39.42828,-7.16536],[39.42641,-7.16642],[39.42811,-7.16782],[39.43266,-7.16837],[39.4315,-7.17021],[39.4277,-7.17245],[39.43064,-7.17682],[39.43193,-7.18155],[39.4365,-7.18309],[39.44035,-7.18206],[39.44711,-7.18286],[39.44931,-7.18536],[39.4392,-7.19401],[39.43384,-7.20522],[39.4312,-7.21698],[39.42813,-7.24215],[39.42462,-7.24838],[39.41965,-7.25284],[39.41328,-7.25649],[39.40888,-7.25576],[39.40682,-7.25749],[39.39046,-7.27737],[39.38816,-7.27847],[39.3827,-7.27886],[39.37964,-7.27793],[39.38358,-7.26929],[39.39091,-7.26088],[39.38912,-7.25723],[39.38494,-7.25673],[39.38348,-7.25778],[39.38248,-7.26077],[39.37803,-7.25964],[39.37666,-7.25821],[39.37709,-7.25515],[39.37555,-7.25595],[39.37414,-7.25286],[39.3702,-7.24973],[39.35137,-7.24499],[39.3401,-7.23878],[39.32332,-7.24578],[39.29721,-7.24704],[39.28848,-7.23663],[39.28028,-7.23794],[39.27534,-7.23573],[39.27196,-7.23597],[39.28254,-7.22933],[39.28915,-7.21859],[39.29089,-7.2076],[39.30289,-7.20896],[39.3177,-7.20768],[39.33327,-7.19696],[39.34017,-7.19473],[39.34292,-7.19202],[39.34318,-7.17822],[39.34238,-7.17675],[39.34322,-7.16996],[39.34407,-7.17],[39.34766,-7.16521],[39.34991,-7.16595],[39.35143,-7.16423],[39.35465,-7.1643],[39.35612,-7.16311],[39.36268,-7.1646],[39.36597,-7.16343],[39.36559,-7.15995],[39.36652,-7.15688],[39.36455,-7.151],[39.36752,-7.14904],[39.36851,-7.14338],[39.37541,-7.142],[39.37864,-7.14303],[39.38285,-7.13776],[39.38213,-7.13349],[39.38348,-7.13085],[39.38315,-7.12833],[39.38598,-7.12776],[39.38754,-7.12603],[39.39044,-7.12555],[39.39234,-7.12633],[39.3942,-7.12239],[39.39245,-7.11815],[39.39416,-7.11625],[39.39505,-7.11312],[39.39723,-7.11308],[39.39814,-7.11123],[39.40744,-7.11054]]]},"properties":{"region":"Pwani","district":"Mkuranga","ward":"Shungubweni","ward_code":"051"}},{"type":"Feature","geometry":{"type":"Polygon","coordinates":[[[39.2854,-7.40172],[39.28503,-7.40345],[39.28733,-7.40288],[39.28798,-7.40429],[39.28866,-7.4029],[39.28969,-7.40564],[39.29088,-7.40509],[39.29445,-7.40707],[39.296,-7.40858],[39.29662,-7.41099],[39.29986,-7.40909],[39.30124,-7.41064],[39.30404,-7.40982],[39.30472,-7.41075],[39.30282,-7.41204],[39.30202,-7.41622],[39.30352,-7.41613],[39.30331,-7.41483],[39.3045,-7.41324],[39.3087,-7.41214],[39.31364,-7.4078],[39.31435,-7.40856],[39.31386,-7.41011],[39.31204,-7.41056],[39.31039,-7.4135],[39.31099,-7.41428],[39.31356,-7.4139],[39.31457,-7.41946],[39.31534,-7.41967],[39.31866,-7.41841],[39.31897,-7.41111],[39.31985,-7.41045],[39.32666,-7.41585],[39.3391,-7.40762],[39.34309,-7.4093],[39.34371,-7.41244],[39.34013,-7.41188],[39.32178,-7.43216],[39.3088,-7.4579],[39.30095,-7.48971],[39.2996,-7.50817],[39.29458,-7.53238],[39.28715,-7.55265],[39.28004,-7.55062],[39.2753,-7.55142],[39.27285,-7.5503],[39.26376,-7.53727],[39.25919,-7.53692],[39.25713,-7.53967],[39.25215,-7.54077],[39.25,-7.53748],[39.24452,-7.53668],[39.24104,-7.53453],[39.23922,-7.52979],[39.23183,-7.5279],[39.23176,-7.52216],[39.23286,-7.52048],[39.22728,-7.50946],[39.2263,-7.50537],[39.2272,-7.50157],[39.2261,-7.49686],[39.22719,-7.49058],[39.22849,-7.48871],[39.2266,-7.48124],[39.22604,-7.4725],[39.22807,-7.46865],[39.22931,-7.45605],[39.23228,-7.44429],[39.23283,-7.43546],[39.26978,-7.431],[39.27651,-7.4266],[39.27671,-7.42362],[39.27806,-7.42141],[39.27741,-7.41452],[39.27857,-7.41018],[39.27811,-7.40771],[39.2847,-7.40142],[39.2854,-7.40172]]]},"properties":{"region":"Pwani","district":"Mkuranga","ward":"Magawa","ward_code":"071"}},{"type":"Feature","geometry":{"type":"Polygon","coordinates":[[[39.20642,-7.25364],[39.218,-7.25835],[39.2178,-7.25986],[39.21966,-7.26097],[39.21987,-7.26284],[39.21668,-7.26924],[39.22346,-7.27977],[39.22289,-7.28518],[39.22451,-7.29078],[39.22178,-7.29187],[39.21711,-7.29609],[39.21448,-7.2954],[39.21067,-7.29676],[39.20821,-7.29871],[39.20818,-7.30288],[39.20741,-7.30396],[39.20608,-7.30347],[39.20425,-7.30554],[39.20245,-7.30505],[39.20074,-7.29745],[39.19933,-7.29518],[39.19464,-7.29444],[39.19124,-7.29573],[39.1856,-7.30477],[39.18676,-7.30669],[39.18513,-7.313],[39.18069,-7.31954],[39.18071,-7.32244],[39.17851,-7.32407],[39.17279,-7.32383],[39.15726,-7.31902],[39.15681,-7.32465],[39.15387,-7.33046],[39.15125,-7.34306],[39.15285,-7.35166],[39.15151,-7.35426],[39.14937,-7.35429],[39.139,-7.34986],[39.13276,-7.345],[39.13039,-7.34472],[39.12608,-7.34824],[39.12013,-7.34707],[39.11615,-7.34284],[39.11203,-7.34134],[39.10923,-7.33796],[39.1104,-7.33462],[39.10733,-7.33394],[39.10616,-7.32978],[39.10675,-7.32736],[39.10533,-7.32638],[39.10724,-7.32438],[39.10951,-7.32533],[39.11195,-7.32499],[39.11361,-7.32654],[39.11598,-7.32671],[39.12022,-7.32086],[39.12285,-7.31437],[39.12794,-7.31304],[39.1321,-7.30992],[39.13542,-7.3091],[39.14085,-7.29508],[39.14565,-7.29179],[39.15443,-7.28915],[39.1527,-7.28352],[39.14786,-7.27554],[39.15392,-7.27072],[39.15912,-7.26464],[39.16236,-7.26292],[39.16502,-7.26512],[39.17304,-7.26362],[39.18064,-7.26077],[39.18563,-7.25776],[39.19662,-7.25494],[39.20336,-7.25207],[39.2058,-7.25216],[39.20642,-7.25364]]]},"properties":{"region":"Pwani","district":"Mkuranga","ward":"Kitomondo","ward_code":"081"}},{"type":"Feature","geometry":{"type":"Polygon","coordinates":[[[39.18874,-7.42254],[39.19808,-7.42481],[39.20127,-7.42328],[39.205,-7.41946],[39.21101,-7.41784],[39.21738,-7.41906],[39.22727,-7.41538],[39.23061,-7.4153],[39.23278,-7.42723],[39.23283,-7.43546],[39.23228,-7.44429],[39.22931,-7.45605],[39.22807,-7.46865],[39.22604,-7.4725],[39.2266,-7.48124],[39.22849,-7.48871],[39.22719,-7.49058],[39.2261,-7.49686],[39.2272,-7.50157],[39.2263,-7.50537],[39.22728,-7.50946],[39.2317,-7.51897],[39.21593,-7.518],[39.20942,-7.52958],[39.20395,-7.53104],[39.20055,-7.52624],[39.19348,-7.51912],[39.18916,-7.5171],[39.18526,-7.52252],[39.17608,-7.52397],[39.1759,-7.5275],[39.17003,-7.52724],[39.16463,-7.52597],[39.16218,-7.5244],[39.15865,-7.52434],[39.1359,-7.53125],[39.13043,-7.5315],[39.126,-7.53308],[39.12469,-7.534],[39.12342,-7.5392],[39.11302,-7.54202],[39.1121,-7.54299],[39.10882,-7.54249],[39.10949,-7.53968],[39.10752,-7.53699],[39.10429,-7.5362],[39.09616,-7.53145],[39.0948,-7.53387],[39.09404,-7.53328],[39.09422,-7.5347],[39.09086,-7.53859],[39.08931,-7.53875],[39.08899,-7.53691],[39.08671,-7.53833],[39.08591,-7.53724],[39.08641,-7.53604],[39.08374,-7.53858],[39.0812,-7.53825],[39.07991,-7.53982],[39.07788,-7.53946],[39.07705,-7.54028],[39.08061,-7.52759],[39.08203,-7.51797],[39.08397,-7.51403],[39.09005,-7.50931],[39.09638,-7.5012],[39.10296,-7.49965],[39.11186,-7.49991],[39.12842,-7.48971],[39.13028,-7.48579],[39.13886,-7.47769],[39.14054,-7.4735],[39.14395,-7.47221],[39.14998,-7.46419],[39.15258,-7.45706],[39.15095,-7.44392],[39.15081,-7.43205],[39.14837,-7.42736],[39.15377,-7.41382],[39.15917,-7.4115],[39.1675,-7.39946],[39.17976,-7.40463],[39.18311,-7.40735],[39.18442,-7.41075],[39.18603,-7.41149],[39.18831,-7.41744],[39.18874,-7.42254]]]},"properties":{"region":"Pwani","district":"Mkuranga","ward":"Lukanga","ward_code":"091"}},{"type":"Feature","geometry":{"type":"Polygon","coordinates":[[[39.19464,-7.29444],[39.19933,-7.29518],[39.20074,-7.29745],[39.20245,-7.30505],[39.20425,-7.30554],[39.20608,-7.30347],[39.20741,-7.30396],[39.21031,-7.30615],[39.21108,-7.30826],[39.21455,-7.30989],[39.2142,-7.31423],[39.21121,-7.32069],[39.21234,-7.32249],[39.21359,-7.32966],[39.21881,-7.33228],[39.22297,-7.33208],[39.22364,-7.33509],[39.22988,-7.33954],[39.22681,-7.34946],[39.21608,-7.36443],[39.21117,-7.36765],[39.2075,-7.37529],[39.19739,-7.38046],[39.18864,-7.39101],[39.17717,-7.39121],[39.17294,-7.39746],[39.1675,-7.39946],[39.15986,-7.39694],[39.15003,-7.39151],[39.14426,-7.39278],[39.14265,-7.39182],[39.14245,-7.38903],[39.13722,-7.3848],[39.13174,-7.37547],[39.12641,-7.37279],[39.12336,-7.36595],[39.1259,-7.34851],[39.13039,-7.34472],[39.13276,-7.345],[39.139,-7.34986],[39.14937,-7.35429],[39.15151,-7.35426],[39.15285,-7.35166],[39.15125,-7.34306],[39.15387,-7.33046],[39.15681,-7.32465],[39.15726,-7.31902],[39.17279,-7.32383],[39.17851,-7.32407],[39.18071,-7.32244],[39.18069,-7.31954],[39.18513,-7.313],[39.18676,-7.30669],[39.1856,-7.30477],[39.19124,-7.29573],[39.19464,-7.29444]]]},"properties":{"region":"Pwani","district":"Mkuranga","ward":"Njianne","ward_code":"171"}},{"type":"Feature","geometry":{"type":"Polygon","coordinates":[[[39.25441,-7.35319],[39.26788,-7.35422],[39.27401,-7.35918],[39.27502,-7.36263],[39.27365,-7.36713],[39.27459,-7.36843],[39.27833,-7.36851],[39.27908,-7.37356],[39.27815,-7.37702],[39.27633,-7.37871],[39.27738,-7.38421],[39.27673,-7.38746],[39.2746,-7.3885],[39.27447,-7.39227],[39.27559,-7.39309],[39.27459,-7.39469],[39.27801,-7.40089],[39.28017,-7.40109],[39.28028,-7.4019],[39.28402,-7.40127],[39.27811,-7.40771],[39.27857,-7.41018],[39.27741,-7.41452],[39.27806,-7.42141],[39.27671,-7.42362],[39.27651,-7.4266],[39.26978,-7.431],[39.23283,-7.43546],[39.23278,-7.42723],[39.23061,-7.4153],[39.22727,-7.41538],[39.21738,-7.41906],[39.21101,-7.41784],[39.205,-7.41946],[39.20127,-7.42328],[39.19808,-7.42481],[39.18874,-7.42254],[39.18831,-7.41744],[39.18603,-7.41149],[39.18442,-7.41075],[39.18311,-7.40735],[39.17976,-7.40463],[39.1675,-7.39946],[39.17294,-7.39746],[39.17717,-7.39121],[39.18864,-7.39101],[39.19739,-7.38046],[39.2075,-7.37529],[39.21117,-7.36765],[39.21608,-7.36443],[39.22681,-7.34946],[39.23211,-7.35344],[39.23834,-7.35371],[39.24284,-7.34784],[39.24966,-7.34732],[39.25441,-7.35319]]]},"properties":{"region":"Pwani","district":"Mkuranga","ward":"Msonga","ward_code":"241"}},{"type":"Feature","geometry":{"type":"Polygon","coordinates":[[[39.25779,-7.23962],[39.26568,-7.24322],[39.27196,-7.23597],[39.27534,-7.23573],[39.28028,-7.23794],[39.28848,-7.23663],[39.29721,-7.24704],[39.32332,-7.24578],[39.3401,-7.23878],[39.35137,-7.24499],[39.3702,-7.24973],[39.37414,-7.25286],[39.37555,-7.25595],[39.37709,-7.25515],[39.37666,-7.25821],[39.37803,-7.25964],[39.38248,-7.26077],[39.38348,-7.25778],[39.38494,-7.25673],[39.38912,-7.25723],[39.39091,-7.26088],[39.38358,-7.26929],[39.37964,-7.27793],[39.3827,-7.27886],[39.38816,-7.27847],[39.39046,-7.27737],[39.38107,-7.28757],[39.37074,-7.31059],[39.36646,-7.32766],[39.35116,-7.36658],[39.35336,-7.38781],[39.35066,-7.39092],[39.34822,-7.39199],[39.34677,-7.38934],[39.34477,-7.39025],[39.34337,-7.38701],[39.34116,-7.38775],[39.33998,-7.38641],[39.34121,-7.37706],[39.33998,-7.36896],[39.34252,-7.36222],[39.34036,-7.3603],[39.33892,-7.35686],[39.34151,-7.35087],[39.3175,-7.33711],[39.30134,-7.32172],[39.30007,-7.312],[39.29331,-7.32984],[39.29328,-7.33393],[39.28223,-7.33885],[39.28059,-7.34279],[39.26788,-7.35422],[39.25441,-7.35319],[39.24966,-7.34732],[39.24284,-7.34784],[39.23834,-7.35371],[39.23211,-7.35344],[39.22681,-7.34946],[39.22988,-7.33954],[39.22364,-7.33509],[39.22297,-7.33208],[39.21881,-7.33228],[39.21359,-7.32966],[39.21234,-7.32249],[39.21121,-7.32069],[39.2142,-7.31423],[39.21455,-7.30989],[39.21108,-7.30826],[39.21031,-7.30615],[39.20741,-7.30396],[39.20818,-7.30288],[39.20821,-7.29871],[39.21448,-7.2954],[39.21675,-7.29618],[39.21825,-7.29546],[39.22178,-7.29187],[39.22451,-7.29078],[39.22463,-7.28913],[39.22336,-7.2882],[39.22289,-7.28518],[39.22346,-7.27977],[39.21668,-7.26924],[39.21987,-7.26284],[39.21966,-7.26097],[39.2178,-7.25986],[39.218,-7.25835],[39.2236,-7.25972],[39.22418,-7.25578],[39.22209,-7.25328],[39.22205,-7.25023],[39.22906,-7.24656],[39.22993,-7.24509],[39.23123,-7.24463],[39.23128,-7.2463],[39.23344,-7.24635],[39.23552,-7.24422],[39.23739,-7.24434],[39.23998,-7.24688],[39.24356,-7.24691],[39.24562,-7.24241],[39.24877,-7.24037],[39.25066,-7.23395],[39.25172,-7.23317],[39.25779,-7.23962]]]},"properties":{"region":"Pwani","district":"Mkuranga","ward":"Dondo","ward_code":"251"}},{"type":"Feature","geometry":{"type":"Polygon","coordinates":[[[38.88228,-7.35577],[38.88363,-7.36969],[38.89438,-7.36963],[38.89956,-7.37436],[38.90973,-7.37774],[38.91127,-7.37995],[38.91012,-7.38169],[38.91137,-7.38494],[38.91331,-7.38627],[38.9186,-7.39461],[38.91803,-7.40171],[38.92085,-7.4039],[38.92608,-7.40704],[38.93196,-7.40848],[38.93658,-7.40677],[38.94078,-7.4078],[38.94662,-7.41133],[38.95296,-7.41342],[38.95939,-7.41306],[38.96184,-7.41407],[38.96304,-7.41719],[38.97084,-7.4215],[38.97687,-7.42616],[38.97087,-7.43256],[38.96747,-7.44167],[38.96654,-7.44662],[38.96762,-7.45521],[38.96738,-7.46687],[38.9655,-7.4729],[38.9614,-7.47829],[38.95907,-7.47428],[38.95131,-7.4746],[38.93759,-7.47706],[38.92924,-7.48461],[38.91453,-7.49317],[38.91225,-7.49604],[38.90994,-7.50306],[38.90731,-7.506],[38.90632,-7.50949],[38.90775,-7.51315],[38.90689,-7.51488],[38.9015,-7.5182],[38.89584,-7.52397],[38.89165,-7.52994],[38.89242,-7.53559],[38.88788,-7.53932],[38.88361,-7.54102],[38.87723,-7.54149],[38.87457,-7.54383],[38.87263,-7.54728],[38.86377,-7.5527],[38.86023,-7.55244],[38.85761,-7.5545],[38.85426,-7.5533],[38.84752,-7.55418],[38.83302,-7.55868],[38.82052,-7.56875],[38.81127,-7.56769],[38.79728,-7.55812],[38.78205,-7.55407],[38.67223,-7.54046],[38.7057,-7.50805],[38.71943,-7.49142],[38.72586,-7.48227],[38.72224,-7.47373],[38.78555,-7.40532],[38.80839,-7.37157],[38.82515,-7.32827],[38.83599,-7.29279],[38.83606,-7.2903],[38.83709,-7.29273],[38.84797,-7.30273],[38.85227,-7.30512],[38.85724,-7.31375],[38.86723,-7.31931],[38.87809,-7.33521],[38.88316,-7.33795],[38.88228,-7.35577]]]},"properties":{"region":"Pwani","district":"Mkuranga","ward":"Kisegese","ward_code":"231"}},{"type":"Feature","geometry":{"type":"MultiPolygon","coordinates":[[[[39.39902,-7.53667],[39.39739,-7.53949],[39.39537,-7.53935],[39.40084,-7.54406],[39.39792,-7.54878],[39.39278,-7.55104],[39.39151,-7.5503],[39.39061,-7.54554],[39.38622,-7.5425],[39.38935,-7.54125],[39.39038,-7.53854],[39.39841,-7.53601],[39.39902,-7.53667]]],[[[39.40938,-7.39859],[39.40897,-7.40039],[39.41063,-7.40289],[39.41328,-7.4041],[39.41328,-7.40867],[39.4114,-7.40774],[39.41083,-7.40914],[39.4134,-7.41229],[39.41661,-7.41335],[39.41862,-7.42119],[39.41511,-7.4236],[39.41022,-7.41929],[39.40672,-7.42329],[39.40301,-7.42393],[39.40127,-7.42282],[39.3997,-7.41708],[39.39769,-7.41772],[39.39607,-7.4153],[39.39144,-7.41604],[39.39176,-7.41849],[39.38836,-7.41901],[39.37343,-7.41317],[39.37408,-7.41223],[39.37685,-7.41194],[39.37793,-7.40956],[39.38003,-7.41027],[39.3875,-7.40705],[39.39766,-7.40141],[39.40069,-7.3982],[39.4026,-7.39799],[39.40379,-7.39934],[39.40788,-7.39792],[39.40938,-7.39859]]],[[[39.3175,-7.33711],[39.34151,-7.35087],[39.33892,-7.35686],[39.34036,-7.3603],[39.34252,-7.36222],[39.33998,-7.36896],[39.34121,-7.37706],[39.33998,-7.38641],[39.34116,-7.38775],[39.34337,-7.38701],[39.34477,-7.39025],[39.34677,-7.38934],[39.34822,-7.39199],[39.35066,-7.39092],[39.35336,-7.38781],[39.35364,-7.3967],[39.34517,-7.41148],[39.34371,-7.41244],[39.34309,-7.4093],[39.3391,-7.40762],[39.32666,-7.41585],[39.31985,-7.41045],[39.31897,-7.41111],[39.31866,-7.41841],[39.31534,-7.41967],[39.31457,-7.41946],[39.31356,-7.4139],[39.31099,-7.41428],[39.31039,-7.4135],[39.31204,-7.41056],[39.31386,-7.41011],[39.31435,-7.40856],[39.31364,-7.4078],[39.3087,-7.41214],[39.3045,-7.41324],[39.30331,-7.41483],[39.30352,-7.41613],[39.30202,-7.41622],[39.30282,-7.41204],[39.30472,-7.41075],[39.30404,-7.40982],[39.30124,-7.41064],[39.29986,-7.40909],[39.29662,-7.41099],[39.296,-7.40858],[39.29088,-7.40509],[39.28969,-7.40564],[39.28866,-7.4029],[39.28743,-7.40433],[39.28733,-7.40288],[39.28503,-7.40345],[39.2851,-7.40124],[39.28436,-7.402],[39.28379,-7.40115],[39.28028,-7.4019],[39.28017,-7.40109],[39.27801,-7.40089],[39.27724,-7.39832],[39.27557,-7.39772],[39.2759,-7.39599],[39.27455,-7.39442],[39.27559,-7.39309],[39.27447,-7.39227],[39.2746,-7.3885],[39.27673,-7.38746],[39.27737,-7.3826],[39.27646,-7.38222],[39.27633,-7.37871],[39.27815,-7.37702],[39.27878,-7.3749],[39.27887,-7.3696],[39.27833,-7.36851],[39.27459,-7.36843],[39.27365,-7.36713],[39.27502,-7.36263],[39.27401,-7.35918],[39.26788,-7.35422],[39.28059,-7.34279],[39.28223,-7.33885],[39.29328,-7.33393],[39.29331,-7.32984],[39.30007,-7.312],[39.30134,-7.32172],[39.3175,-7.33711]]]]},"properties":{"region":"Pwani","district":"Mkuranga","ward":"Kisiju","ward_code":"061"}},{"type":"Feature","geometry":{"type":"Polygon","coordinates":[[[38.45523,-7.93336],[38.45919,-7.93887],[38.46594,-7.93623],[38.47312,-7.93662],[38.47624,-7.94162],[38.48115,-7.93957],[38.48639,-7.9406],[38.48854,-7.94175],[38.48799,-7.9479],[38.48881,-7.94933],[38.49089,-7.94918],[38.49834,-7.93911],[38.54046,-7.94157],[38.5447,-7.94076],[38.55085,-7.94222],[38.55532,-7.94048],[38.56085,-7.94484],[38.56543,-7.9429],[38.5673,-7.93679],[38.57046,-7.93378],[38.57285,-7.93359],[38.58025,-7.94308],[38.58531,-7.94414],[38.58948,-7.93737],[38.59166,-7.93566],[38.59499,-7.93493],[38.59636,-7.9364],[38.59778,-7.93527],[38.59766,-7.93157],[38.59879,-7.92939],[38.60624,-7.92963],[38.60783,-7.93198],[38.60586,-7.935],[38.61845,-7.94009],[38.61556,-7.94555],[38.61889,-7.94997],[38.62308,-7.95282],[38.62938,-7.96583],[38.6575,-7.9762],[38.67214,-7.96276],[38.67701,-7.95508],[38.6833,-7.9601],[38.69501,-7.97885],[38.70712,-7.9815],[38.71171,-7.98141],[38.7116,-7.95124],[38.7478,-7.94919],[38.75356,-7.95049],[38.7617,-7.95418],[38.76949,-7.94796],[38.77267,-7.94695],[38.77531,-7.94756],[38.77291,-7.97746],[38.76856,-7.98072],[38.76419,-7.98838],[38.76132,-7.99021],[38.7532,-7.99872],[38.74494,-7.99946],[38.74003,-8.00222],[38.73365,-8.00697],[38.73025,-8.01238],[38.7228,-8.01904],[38.7204,-8.02353],[38.70612,-8.04124],[38.67403,-8.09192],[38.62721,-8.16199],[38.62501,-8.1606],[38.60396,-8.1581],[38.48135,-8.12329],[38.44999,-8.17397],[38.41495,-8.17632],[38.39176,-7.94089],[38.40551,-7.9261],[38.41816,-7.91814],[38.42578,-7.91896],[38.4354,-7.92269],[38.44917,-7.93091],[38.45523,-7.93336]]]},"properties":{"region":"Pwani","district":"Rufiji","ward":"Utete","ward_code":"043"}},{"type":"Feature","geometry":{"type":"Polygon","coordinates":[[[38.71107,-7.79966],[38.78864,-7.82667],[38.85197,-7.8257],[38.85219,-7.82658],[38.85473,-7.8275],[38.85596,-7.82964],[38.86175,-7.83321],[38.86241,-7.83685],[38.86585,-7.83697],[38.86714,-7.84125],[38.87201,-7.84281],[38.88548,-7.84163],[38.89261,-7.84492],[38.88801,-7.85487],[38.88902,-7.86584],[38.88659,-7.87162],[38.88707,-7.87656],[38.89194,-7.89424],[38.89743,-7.89252],[38.90367,-7.90336],[38.90925,-7.90904],[38.91511,-7.92054],[38.91383,-7.9241],[38.91587,-7.92837],[38.91523,-7.94415],[38.91204,-7.94622],[38.91142,-7.95051],[38.90298,-7.96035],[38.89951,-7.96252],[38.89563,-7.96326],[38.88927,-7.96147],[38.88603,-7.97512],[38.88102,-7.98392],[38.88088,-7.99396],[38.87749,-7.99834],[38.87252,-8.00116],[38.86603,-8.00117],[38.85649,-7.99204],[38.85261,-7.98924],[38.8505,-7.98894],[38.8489,-7.99081],[38.84725,-7.99573],[38.84727,-8.00882],[38.84476,-8.0125],[38.84192,-8.01269],[38.8337,-8.00294],[38.82806,-7.99853],[38.8084,-8.00288],[38.78233,-7.99362],[38.77991,-7.99026],[38.77727,-7.98301],[38.78343,-7.95866],[38.78374,-7.94953],[38.77267,-7.94695],[38.76949,-7.94796],[38.7617,-7.95418],[38.75356,-7.95049],[38.7478,-7.94919],[38.7116,-7.95124],[38.71107,-7.79966]]]},"properties":{"region":"Pwani","district":"Rufiji","ward":"Mkongo","ward_code":"051"}},{"type":"Feature","geometry":{"type":"Polygon","coordinates":[[[38.69757,-7.63834],[38.71097,-7.7402],[38.71171,-7.98141],[38.70712,-7.9815],[38.69501,-7.97885],[38.6833,-7.9601],[38.67701,-7.95508],[38.67214,-7.96276],[38.6575,-7.9762],[38.62938,-7.96583],[38.62308,-7.95282],[38.61889,-7.94997],[38.61556,-7.94555],[38.61845,-7.94009],[38.60586,-7.935],[38.60783,-7.93198],[38.60624,-7.92963],[38.59879,-7.92939],[38.60407,-7.91842],[38.5976,-7.90759],[38.60096,-7.89711],[38.60075,-7.89512],[38.59836,-7.89516],[38.59807,-7.89252],[38.59466,-7.89018],[38.59519,-7.88499],[38.59433,-7.88181],[38.59214,-7.87992],[38.59318,-7.63785],[38.60446,-7.64798],[38.61313,-7.65801],[38.61654,-7.65836],[38.62292,-7.66795],[38.63138,-7.67458],[38.63255,-7.67699],[38.6352,-7.67782],[38.63569,-7.67944],[38.6398,-7.68193],[38.64147,-7.68569],[38.645,-7.68848],[38.64513,-7.69026],[38.64808,-7.6926],[38.6533,-7.69561],[38.65478,-7.69743],[38.66217,-7.69814],[38.66475,-7.69724],[38.67031,-7.69984],[38.6724,-7.6996],[38.67235,-7.59237],[38.69757,-7.63834]]]},"properties":{"region":"Pwani","district":"Rufiji","ward":"Ngorongo","ward_code":"061"}},{"type":"Feature","geometry":{"type":"Polygon","coordinates":[[[38.08243,-7.62218],[38.08405,-7.63642],[38.20867,-7.60657],[38.25597,-7.60981],[38.27848,-7.62801],[38.30062,-7.63118],[38.33725,-7.65564],[38.34982,-7.65689],[38.36726,-7.65228],[38.39531,-7.6374],[38.39176,-7.94089],[38.41495,-8.17632],[38.40931,-8.16384],[38.39305,-8.16288],[38.36698,-8.17382],[38.34309,-8.17819],[38.31831,-8.17207],[38.30315,-8.15052],[38.27328,-8.15226],[38.21146,-8.16356],[37.97503,-8.07452],[37.84293,-8.01096],[37.82662,-7.94107],[37.83588,-7.83922],[37.82022,-7.77955],[37.83364,-7.69804],[37.91861,-7.58828],[38.01488,-7.50239],[38.01783,-7.50946],[38.02281,-7.51524],[38.03204,-7.52344],[38.04709,-7.53289],[38.0542,-7.54479],[38.05368,-7.55312],[38.05474,-7.55439],[38.05386,-7.55661],[38.06123,-7.5711],[38.06959,-7.58233],[38.07188,-7.58758],[38.07048,-7.58973],[38.0731,-7.59772],[38.07693,-7.60004],[38.08024,-7.60465],[38.07819,-7.60949],[38.07975,-7.61198],[38.08243,-7.62218]]]},"properties":{"region":"Pwani","district":"Rufiji","ward":"Mwaseni","ward_code":"071"}},{"type":"Feature","geometry":{"type":"Polygon","coordinates":[[[38.59318,-7.63785],[38.59214,-7.87992],[38.59433,-7.88181],[38.59519,-7.88499],[38.59466,-7.89018],[38.59807,-7.89252],[38.59836,-7.89516],[38.60075,-7.89512],[38.60096,-7.89711],[38.5976,-7.90759],[38.60407,-7.91842],[38.59766,-7.93157],[38.59778,-7.93527],[38.59636,-7.9364],[38.59499,-7.93493],[38.59166,-7.93566],[38.58948,-7.93737],[38.58531,-7.94414],[38.58025,-7.94308],[38.57285,-7.93359],[38.57046,-7.93378],[38.5673,-7.93679],[38.56543,-7.9429],[38.56085,-7.94484],[38.55532,-7.94048],[38.55085,-7.94222],[38.5447,-7.94076],[38.54046,-7.94157],[38.49834,-7.93911],[38.49089,-7.94918],[38.48881,-7.94933],[38.48799,-7.9479],[38.48854,-7.94175],[38.48639,-7.9406],[38.48115,-7.93957],[38.47624,-7.94162],[38.47312,-7.93662],[38.46594,-7.93623],[38.45919,-7.93887],[38.45523,-7.93336],[38.44917,-7.93091],[38.4354,-7.92269],[38.42578,-7.91896],[38.41816,-7.91814],[38.40551,-7.9261],[38.39176,-7.94089],[38.39531,-7.6374],[38.40936,-7.63908],[38.42599,-7.64302],[38.4404,-7.65427],[38.44331,-7.65528],[38.44714,-7.66577],[38.44859,-7.66675],[38.45252,-7.6662],[38.45506,-7.66708],[38.46066,-7.67212],[38.46657,-7.67359],[38.46967,-7.6759],[38.47292,-7.67684],[38.47746,-7.6807],[38.47905,-7.69121],[38.47838,-7.6964],[38.48175,-7.70123],[38.48834,-7.70526],[38.54319,-7.60429],[38.56008,-7.60807],[38.59318,-7.63785]]]},"properties":{"region":"Pwani","district":"Rufiji","ward":"Kipugira","ward_code":"081"}},{"type":"Feature","geometry":{"type":"Polygon","coordinates":[[[38.77991,-7.99026],[38.78233,-7.99362],[38.8084,-8.00288],[38.82806,-7.99853],[38.8337,-8.00294],[38.84192,-8.01269],[38.84476,-8.0125],[38.84727,-8.00882],[38.84725,-7.99573],[38.8489,-7.99081],[38.8505,-7.98894],[38.85261,-7.98924],[38.85649,-7.99204],[38.86603,-8.00117],[38.87252,-8.00116],[38.87749,-7.99834],[38.88088,-7.99396],[38.8846,-7.99319],[38.88802,-7.99457],[38.89855,-8.00691],[38.90932,-8.01085],[38.92995,-8.00998],[38.93199,-8.01076],[38.92856,-8.03973],[38.9397,-8.05747],[38.91996,-8.11002],[38.91858,-8.16233],[38.9109,-8.18553],[38.8124,-8.15778],[38.76293,-8.17743],[38.71759,-8.1713],[38.68633,-8.19087],[38.67116,-8.20935],[38.65607,-8.18634],[38.64591,-8.17376],[38.62721,-8.16199],[38.67403,-8.09192],[38.70612,-8.04124],[38.7204,-8.02353],[38.7228,-8.01904],[38.73025,-8.01238],[38.73365,-8.00697],[38.74003,-8.00222],[38.74494,-7.99946],[38.7532,-7.99872],[38.76132,-7.99021],[38.76419,-7.98838],[38.76856,-7.98072],[38.77291,-7.97746],[38.77531,-7.94756],[38.78374,-7.94953],[38.78343,-7.95866],[38.77727,-7.98301],[38.77991,-7.99026]]]},"properties":{"region":"Pwani","district":"Rufiji","ward":"Chemchem","ward_code":"093"}},{"type":"Feature","geometry":{"type":"Polygon","coordinates":[[[38.78363,-8.28635],[38.78221,-8.40796],[38.73637,-8.41214],[38.72673,-8.40783],[38.72053,-8.4094],[38.71612,-8.40928],[38.71365,-8.40349],[38.70725,-8.40286],[38.7065,-8.40397],[38.7052,-8.40276],[38.70128,-8.40595],[38.6989,-8.40503],[38.69902,-8.40782],[38.6961,-8.40878],[38.69645,-8.4066],[38.69438,-8.40778],[38.69312,-8.41014],[38.69412,-8.41067],[38.69303,-8.4121],[38.68601,-8.41095],[38.68611,-8.41354],[38.68454,-8.41357],[38.68044,-8.41216],[38.67712,-8.4157],[38.677,-8.4118],[38.67473,-8.41178],[38.67515,-8.41371],[38.67401,-8.41334],[38.6689,-8.41128],[38.66817,-8.40744],[38.65879,-8.40557],[38.65748,-8.40724],[38.65318,-8.40763],[38.64925,-8.41327],[38.64753,-8.41238],[38.64776,-8.41125],[38.64918,-8.41162],[38.64944,-8.4099],[38.64824,-8.40909],[38.64213,-8.4119],[38.63986,-8.4115],[38.63888,-8.41225],[38.63866,-8.41568],[38.63529,-8.4156],[38.637,-8.45346],[38.61562,-8.466],[38.55059,-8.48487],[38.54979,-8.48042],[38.54636,-8.47735],[38.54573,-8.46984],[38.54161,-8.46401],[38.54091,-8.46414],[38.54181,-8.46109],[38.54034,-8.45853],[38.54221,-8.45626],[38.53902,-8.45228],[38.53506,-8.45058],[38.53236,-8.44003],[38.53391,-8.4388],[38.53302,-8.43725],[38.53088,-8.43692],[38.5312,-8.43298],[38.52972,-8.43113],[38.5298,-8.42911],[38.5282,-8.42784],[38.52899,-8.42672],[38.52548,-8.42157],[38.52463,-8.41337],[38.52666,-8.41055],[38.52384,-8.40749],[38.5225,-8.40277],[38.51941,-8.40182],[38.51671,-8.39772],[38.51936,-8.39591],[38.51873,-8.39053],[38.51725,-8.38756],[38.51587,-8.38756],[38.51739,-8.38575],[38.51718,-8.38446],[38.51611,-8.38446],[38.51503,-8.38142],[38.51219,-8.37776],[38.51365,-8.37631],[38.51328,-8.37314],[38.51157,-8.37332],[38.5103,-8.37216],[38.5109,-8.37034],[38.51468,-8.36718],[38.51393,-8.36544],[38.51429,-8.36124],[38.51306,-8.3603],[38.51407,-8.35944],[38.512,-8.35895],[38.51353,-8.35591],[38.51295,-8.35491],[38.5095,-8.35341],[38.50856,-8.35392],[38.50765,-8.35228],[38.5059,-8.35331],[38.50557,-8.3517],[38.50212,-8.35201],[38.50233,-8.34983],[38.4998,-8.34937],[38.50014,-8.346],[38.49814,-8.34477],[38.49979,-8.34396],[38.5009,-8.34159],[38.4988,-8.33855],[38.49638,-8.3397],[38.4953,-8.33927],[38.49554,-8.33659],[38.49299,-8.33816],[38.49327,-8.33368],[38.49077,-8.33402],[38.48888,-8.32877],[38.48602,-8.32854],[38.48194,-8.33011],[38.47926,-8.32505],[38.47936,-8.32312],[38.4776,-8.32182],[38.47883,-8.32014],[38.47799,-8.31927],[38.47862,-8.31747],[38.47755,-8.31305],[38.40924,-8.27648],[38.41495,-8.17632],[38.44999,-8.17397],[38.48135,-8.12329],[38.60396,-8.1581],[38.62501,-8.1606],[38.64591,-8.17376],[38.65607,-8.18634],[38.67116,-8.20935],[38.70184,-8.2427],[38.78363,-8.28635]]]},"properties":{"region":"Pwani","district":"Rufiji","ward":"Ngarambe","ward_code":"101"}},{"type":"Feature","geometry":{"type":"Polygon","coordinates":[[[38.9529,-7.85596],[38.95639,-7.85798],[38.95852,-7.85609],[38.96011,-7.85645],[38.96187,-7.85822],[38.96387,-7.86342],[38.96406,-7.87976],[38.97008,-7.89754],[38.97529,-7.92456],[39.00664,-8.00923],[38.98966,-8.00909],[38.96902,-8.01206],[38.96575,-8.00523],[38.96538,-8.0015],[38.96624,-7.99798],[38.97677,-7.98353],[38.97856,-7.9743],[38.98045,-7.97247],[38.98089,-7.96733],[38.98321,-7.96148],[38.97605,-7.94353],[38.97312,-7.93258],[38.9736,-7.93151],[38.97233,-7.9293],[38.96629,-7.92528],[38.95956,-7.91781],[38.95897,-7.91113],[38.95748,-7.90969],[38.95742,-7.90825],[38.95254,-7.90528],[38.95091,-7.90062],[38.94553,-7.89756],[38.94366,-7.88908],[38.9352,-7.88173],[38.93357,-7.87809],[38.93345,-7.87375],[38.92954,-7.86687],[38.93271,-7.8586],[38.94341,-7.86117],[38.95136,-7.85848],[38.9529,-7.85596]]]},"properties":{"region":"Pwani","district":"Rufiji","ward":"Ikwiriri","ward_code":"013"}},{"type":"Feature","geometry":{"type":"Polygon","coordinates":[[[38.89647,-7.8533],[38.90417,-7.85556],[38.90659,-7.85367],[38.90816,-7.85433],[38.90898,-7.85217],[38.91092,-7.85295],[38.9136,-7.85195],[38.91413,-7.85268],[38.91279,-7.85504],[38.91381,-7.85539],[38.91781,-7.85347],[38.92373,-7.85598],[38.92785,-7.85628],[38.93087,-7.85403],[38.93271,-7.8586],[38.92954,-7.86687],[38.93345,-7.87375],[38.93357,-7.87809],[38.9352,-7.88173],[38.94366,-7.88908],[38.94553,-7.89756],[38.95091,-7.90062],[38.95254,-7.90528],[38.95742,-7.90825],[38.95748,-7.90969],[38.95897,-7.91113],[38.95956,-7.91781],[38.96629,-7.92528],[38.97233,-7.9293],[38.9736,-7.93151],[38.97312,-7.93258],[38.97605,-7.94353],[38.98321,-7.96148],[38.98089,-7.96733],[38.98045,-7.97247],[38.97856,-7.9743],[38.97677,-7.98353],[38.96575,-7.99938],[38.96575,-8.00523],[38.96902,-8.01206],[38.95563,-8.01928],[38.9405,-8.0151],[38.92995,-8.00998],[38.90932,-8.01085],[38.89855,-8.00691],[38.88802,-7.99457],[38.8846,-7.99319],[38.88088,-7.99396],[38.88102,-7.98392],[38.88603,-7.97512],[38.88927,-7.96147],[38.89563,-7.96326],[38.89951,-7.96252],[38.90298,-7.96035],[38.91142,-7.95051],[38.91204,-7.94622],[38.91523,-7.94415],[38.9157,-7.94037],[38.91499,-7.93629],[38.91587,-7.92837],[38.91383,-7.9241],[38.91511,-7.92054],[38.90925,-7.90904],[38.90367,-7.90336],[38.89743,-7.89252],[38.89194,-7.89424],[38.88707,-7.87656],[38.88659,-7.87162],[38.88902,-7.86584],[38.88801,-7.85487],[38.89261,-7.84492],[38.89647,-7.8533]]]},"properties":{"region":"Pwani","district":"Rufiji","ward":"Mgomba","ward_code":"023"}},{"type":"Feature","geometry":{"type":"Polygon","coordinates":[[[38.9742,-7.85245],[38.97477,-7.85484],[38.9828,-7.85612],[38.98494,-7.85978],[38.9886,-7.86068],[38.99118,-7.86472],[38.99389,-7.87314],[38.99746,-7.87398],[39.00592,-7.90956],[39.01261,-7.91774],[39.01704,-7.9281],[39.02069,-7.94272],[39.03507,-7.95008],[39.03701,-7.96147],[39.04517,-7.97944],[39.09838,-7.99952],[39.10683,-8.01067],[39.10139,-8.01683],[39.10755,-8.02021],[39.10678,-8.02348],[39.10767,-8.03342],[39.09422,-8.02774],[39.08584,-8.02805],[39.07907,-8.03121],[39.07057,-8.04588],[39.06091,-8.05141],[39.05637,-8.04762],[39.05505,-8.04509],[39.05327,-8.04032],[39.05258,-8.03058],[39.04736,-8.02385],[39.03886,-8.0195],[39.02556,-8.01773],[39.01893,-8.02608],[39.01194,-8.02715],[39.00421,-8.01852],[39.00664,-8.00923],[38.9758,-7.9262],[38.97008,-7.89754],[38.96406,-7.87976],[38.96421,-7.86497],[38.96187,-7.85822],[38.96633,-7.85653],[38.96698,-7.85441],[38.97167,-7.85448],[38.9742,-7.85245]]]},"properties":{"region":"Pwani","district":"Rufiji","ward":"Umwe","ward_code":"033"}},{"type":"Feature","geometry":{"type":"Polygon","coordinates":[[[39.19347,-8.06962],[39.19603,-8.07386],[39.20147,-8.0746],[39.20323,-8.07393],[39.20747,-8.07721],[39.21092,-8.07111],[39.21531,-8.07123],[39.223,-8.07405],[39.22991,-8.0732],[39.23175,-8.07402],[39.23527,-8.07256],[39.23926,-8.07354],[39.25451,-8.08274],[39.25478,-8.08415],[39.25219,-8.08619],[39.24996,-8.08627],[39.2483,-8.08874],[39.24213,-8.08822],[39.24138,-8.09276],[39.24171,-8.09377],[39.24414,-8.09413],[39.24485,-8.09713],[39.24776,-8.09817],[39.24819,-8.09915],[39.24777,-8.10147],[39.24397,-8.10127],[39.24312,-8.10248],[39.24717,-8.10934],[39.25,-8.10807],[39.24721,-8.10476],[39.25075,-8.10204],[39.25229,-8.0996],[39.25588,-8.09843],[39.25822,-8.0995],[39.25862,-8.10101],[39.25762,-8.10268],[39.25376,-8.10177],[39.25304,-8.10256],[39.25533,-8.1068],[39.25901,-8.10826],[39.25891,-8.11092],[39.25704,-8.11222],[39.25427,-8.11041],[39.2532,-8.11281],[39.25344,-8.11391],[39.25526,-8.11466],[39.25974,-8.11239],[39.26255,-8.12506],[39.26291,-8.1284],[39.25465,-8.14283],[39.25208,-8.15213],[39.25091,-8.16352],[39.25092,-8.17712],[39.25246,-8.17933],[39.28216,-8.1983],[39.27885,-8.20077],[39.27526,-8.20162],[39.27258,-8.20486],[39.27128,-8.20394],[39.27134,-8.20039],[39.26842,-8.20025],[39.26553,-8.20755],[39.26556,-8.21207],[39.26242,-8.21158],[39.25945,-8.21505],[39.25003,-8.21913],[39.24371,-8.22102],[39.24101,-8.22036],[39.23906,-8.22908],[39.24035,-8.24382],[39.23983,-8.27028],[39.24126,-8.27649],[39.22812,-8.27499],[39.21892,-8.26579],[39.20573,-8.2689],[39.18511,-8.27894],[39.16581,-8.30751],[39.15599,-8.30815],[39.12181,-8.33297],[39.11644,-8.33553],[39.10838,-8.33692],[39.10374,-8.30644],[39.10491,-8.28481],[39.11593,-8.26261],[39.13459,-8.2105],[39.12174,-8.20422],[39.11857,-8.20421],[39.11737,-8.20317],[39.13881,-8.13592],[39.15918,-8.12344],[39.16423,-8.10288],[39.16385,-8.09764],[39.16196,-8.09419],[39.16376,-8.08685],[39.16944,-8.08216],[39.17344,-8.07093],[39.17476,-8.0712],[39.17652,-8.07337],[39.17771,-8.07143],[39.17891,-8.07178],[39.18012,-8.07077],[39.181,-8.06806],[39.18346,-8.06992],[39.18587,-8.06745],[39.18988,-8.06617],[39.19347,-8.06962]]]},"properties":{"region":"Pwani","district":"Rufiji","ward":"Mohoro","ward_code":"113"}},{"type":"Feature","geometry":{"type":"Polygon","coordinates":[[[39.11171,-8.03917],[39.12441,-8.04235],[39.14419,-8.03364],[39.15499,-8.03289],[39.16835,-8.03882],[39.18637,-8.05508],[39.19892,-8.05293],[39.20992,-8.04058],[39.21702,-8.03724],[39.22559,-8.03577],[39.24915,-8.0445],[39.25049,-8.05241],[39.24848,-8.05395],[39.24866,-8.05703],[39.2519,-8.05905],[39.25435,-8.06312],[39.25637,-8.06439],[39.25668,-8.07061],[39.2544,-8.07431],[39.25457,-8.07559],[39.25736,-8.07705],[39.25663,-8.07861],[39.25723,-8.07997],[39.25484,-8.08115],[39.25451,-8.08274],[39.23926,-8.07354],[39.23527,-8.07256],[39.23175,-8.07402],[39.22991,-8.0732],[39.223,-8.07405],[39.21922,-8.07225],[39.21313,-8.07101],[39.21092,-8.07111],[39.20747,-8.07721],[39.20323,-8.07393],[39.20147,-8.0746],[39.19603,-8.07386],[39.19347,-8.06962],[39.18988,-8.06617],[39.18587,-8.06745],[39.18346,-8.06992],[39.181,-8.06806],[39.18012,-8.07077],[39.17891,-8.07178],[39.17771,-8.07143],[39.17652,-8.07337],[39.17476,-8.0712],[39.17344,-8.07093],[39.16944,-8.08216],[39.16376,-8.08685],[39.16253,-8.09127],[39.16196,-8.09419],[39.16385,-8.09764],[39.16423,-8.10288],[39.15918,-8.12344],[39.13881,-8.13592],[39.11737,-8.20317],[39.11236,-8.19884],[39.0992,-8.19913],[39.06509,-8.1945],[39.05922,-8.19503],[39.0602,-8.18856],[39.05605,-8.18526],[39.05292,-8.18759],[39.04934,-8.18703],[39.03617,-8.12886],[39.0466,-8.11176],[39.02928,-8.06049],[39.04238,-8.05345],[39.05505,-8.04509],[39.05637,-8.04762],[39.06091,-8.05141],[39.07057,-8.04588],[39.07907,-8.03121],[39.08584,-8.02805],[39.09422,-8.02774],[39.10767,-8.03342],[39.11171,-8.03917]]]},"properties":{"region":"Pwani","district":"Rufiji","ward":"Chumbi","ward_code":"123"}},{"type":"Feature","geometry":{"type":"Polygon","coordinates":[[[39.00421,-8.01852],[39.01194,-8.02715],[39.01893,-8.02608],[39.02556,-8.01773],[39.03886,-8.0195],[39.04736,-8.02385],[39.05258,-8.03058],[39.05327,-8.04032],[39.05505,-8.04509],[39.04238,-8.05345],[39.02928,-8.06049],[39.0466,-8.11176],[39.03617,-8.12886],[39.04934,-8.18703],[39.05292,-8.18759],[39.05605,-8.18526],[39.0602,-8.18856],[39.05922,-8.19503],[39.06509,-8.1945],[39.0992,-8.19913],[39.11236,-8.19884],[39.11857,-8.20421],[39.12174,-8.20422],[39.13459,-8.2105],[39.11593,-8.26261],[39.10491,-8.28481],[39.10374,-8.30644],[39.10838,-8.33692],[39.0974,-8.34418],[39.07626,-8.34466],[39.05645,-8.33937],[39.05119,-8.33944],[39.03245,-8.34487],[39.02578,-8.33824],[39.02117,-8.33741],[39.013,-8.34451],[39.00205,-8.34392],[38.98926,-8.34773],[38.9828,-8.36046],[38.95192,-8.37524],[38.92215,-8.38135],[38.90202,-8.3822],[38.84699,-8.39617],[38.81267,-8.40015],[38.78221,-8.40796],[38.78363,-8.28635],[38.70184,-8.2427],[38.67116,-8.20935],[38.68633,-8.19087],[38.71759,-8.1713],[38.76293,-8.17743],[38.8124,-8.15778],[38.9109,-8.18553],[38.91858,-8.16233],[38.91996,-8.11002],[38.9397,-8.05747],[38.92856,-8.03973],[38.93199,-8.01076],[38.9405,-8.0151],[38.95563,-8.01928],[38.96902,-8.01206],[38.98966,-8.00909],[39.00664,-8.00923],[39.00421,-8.01852]]]},"properties":{"region":"Pwani","district":"Rufiji","ward":"Mbwara","ward_code":"131"}},{"type":"Feature","geometry":{"type":"Polygon","coordinates":[[[39.91058,-7.71052],[39.90083,-7.76069],[39.86843,-7.74422],[39.86002,-7.74919],[39.8591,-7.75435],[39.85714,-7.75145],[39.84889,-7.74966],[39.84363,-7.74696],[39.84116,-7.74856],[39.83779,-7.74875],[39.83833,-7.74543],[39.84176,-7.74053],[39.84214,-7.73387],[39.84643,-7.72906],[39.8484,-7.72012],[39.85535,-7.71187],[39.85955,-7.71004],[39.85968,-7.70828],[39.86534,-7.70338],[39.86892,-7.69828],[39.87055,-7.69067],[39.87014,-7.68854],[39.869,-7.6882],[39.86707,-7.68456],[39.87171,-7.67976],[39.88592,-7.66919],[39.89503,-7.65241],[39.90186,-7.637],[39.91137,-7.63116],[39.91575,-7.63984],[39.9157,-7.65717],[39.9134,-7.68798],[39.91058,-7.71052]]]},"properties":{"region":"Pwani","district":"Mafia","ward":"Kanga","ward_code":"011"}},{"type":"Feature","geometry":{"type":"Polygon","coordinates":[[[39.86843,-7.74422],[39.90083,-7.76069],[39.88792,-7.80479],[39.87619,-7.82679],[39.86556,-7.84277],[39.84984,-7.83373],[39.84768,-7.83],[39.84206,-7.82675],[39.83858,-7.8285],[39.83493,-7.82532],[39.83079,-7.82611],[39.82644,-7.82982],[39.82248,-7.83067],[39.81459,-7.8377],[39.80405,-7.83534],[39.79934,-7.83202],[39.79016,-7.8276],[39.78805,-7.80344],[39.76716,-7.79109],[39.7716,-7.78332],[39.77955,-7.77753],[39.79592,-7.77089],[39.80211,-7.76629],[39.80306,-7.76141],[39.80146,-7.75822],[39.81159,-7.75268],[39.82338,-7.75032],[39.83176,-7.74558],[39.83779,-7.74875],[39.84116,-7.74856],[39.84363,-7.74696],[39.84889,-7.74966],[39.85714,-7.75145],[39.8591,-7.75435],[39.86002,-7.74919],[39.86843,-7.74422]]]},"properties":{"region":"Pwani","district":"Mafia","ward":"Kirongwe","ward_code":"021"}},{"type":"Feature","geometry":{"type":"Polygon","coordinates":[[[39.83493,-7.82532],[39.83858,-7.8285],[39.84206,-7.82675],[39.84768,-7.83],[39.84984,-7.83373],[39.86155,-7.84079],[39.85923,-7.84039],[39.85789,-7.84336],[39.85364,-7.84379],[39.85086,-7.85096],[39.8497,-7.85862],[39.85131,-7.85957],[39.85214,-7.86465],[39.85579,-7.86601],[39.85659,-7.86329],[39.85727,-7.86438],[39.8552,-7.8747],[39.84584,-7.8965],[39.83402,-7.91392],[39.83041,-7.91558],[39.83026,-7.91423],[39.82872,-7.91402],[39.8277,-7.91552],[39.82493,-7.91512],[39.82075,-7.91903],[39.81768,-7.92028],[39.81398,-7.91815],[39.80997,-7.91807],[39.81019,-7.91732],[39.80683,-7.91808],[39.80756,-7.91659],[39.80626,-7.91607],[39.80697,-7.91489],[39.80343,-7.91363],[39.8003,-7.91474],[39.79871,-7.91234],[39.79718,-7.91308],[39.79428,-7.90313],[39.78858,-7.90401],[39.78488,-7.90563],[39.78381,-7.87794],[39.7749,-7.85615],[39.78045,-7.852],[39.78905,-7.83691],[39.79032,-7.83339],[39.79016,-7.8276],[39.79934,-7.83202],[39.80405,-7.83534],[39.81459,-7.8377],[39.82248,-7.83067],[39.82644,-7.82982],[39.83079,-7.82611],[39.83493,-7.82532]]]},"properties":{"region":"Pwani","district":"Mafia","ward":"Baleni","ward_code":"031"}},{"type":"Feature","geometry":{"type":"Polygon","coordinates":[[[39.78805,-7.80344],[39.79032,-7.83339],[39.78045,-7.852],[39.7749,-7.85615],[39.78381,-7.87794],[39.78488,-7.90563],[39.78209,-7.90695],[39.77636,-7.90701],[39.76241,-7.91076],[39.75279,-7.92049],[39.74906,-7.91871],[39.74723,-7.9164],[39.74424,-7.90709],[39.74023,-7.90748],[39.73669,-7.90309],[39.73521,-7.90355],[39.72884,-7.90022],[39.72393,-7.90034],[39.71992,-7.89257],[39.71028,-7.85507],[39.71538,-7.85193],[39.71671,-7.84166],[39.71216,-7.83987],[39.71049,-7.84017],[39.70639,-7.83568],[39.7038,-7.83589],[39.7037,-7.8335],[39.7083,-7.82717],[39.7078,-7.82381],[39.70589,-7.82084],[39.70699,-7.81909],[39.71334,-7.81726],[39.71447,-7.81525],[39.71703,-7.8147],[39.7353,-7.81681],[39.74315,-7.81661],[39.75252,-7.81466],[39.76716,-7.79109],[39.78805,-7.80344]]]},"properties":{"region":"Pwani","district":"Mafia","ward":"Ndagoni","ward_code":"081"}},{"type":"Feature","geometry":{"type":"MultiPolygon","coordinates":[[[[39.51067,-7.94165],[39.52886,-7.945],[39.53433,-7.94776],[39.53276,-7.94906],[39.53079,-7.94687],[39.52658,-7.94697],[39.51098,-7.94423],[39.50661,-7.9445],[39.5056,-7.94359],[39.51067,-7.94165]]],[[[39.72485,-7.9081],[39.72384,-7.91614],[39.72008,-7.91463],[39.71738,-7.91543],[39.71421,-7.91857],[39.70963,-7.92036],[39.69745,-7.92205],[39.6975,-7.9242],[39.69477,-7.92781],[39.6904,-7.92549],[39.68627,-7.92595],[39.68397,-7.92395],[39.68258,-7.92621],[39.68051,-7.92686],[39.67929,-7.92984],[39.68058,-7.93256],[39.67935,-7.93641],[39.6819,-7.9431],[39.68525,-7.94502],[39.68775,-7.94792],[39.68752,-7.94949],[39.6858,-7.9509],[39.68256,-7.9494],[39.68068,-7.94643],[39.67445,-7.94715],[39.66952,-7.9442],[39.66671,-7.94103],[39.66784,-7.93581],[39.66126,-7.93643],[39.65646,-7.93184],[39.65187,-7.93096],[39.65007,-7.93219],[39.6443,-7.92178],[39.65756,-7.91389],[39.6702,-7.90239],[39.67608,-7.89313],[39.6904,-7.87599],[39.69098,-7.87349],[39.70534,-7.85516],[39.71028,-7.85506],[39.71992,-7.89257],[39.72393,-7.90034],[39.72318,-7.90107],[39.72423,-7.90269],[39.72485,-7.9081]]]]},"properties":{"region":"Pwani","district":"Mafia","ward":"Kilindoni","ward_code":"043"}},{"type":"Feature","geometry":{"type":"Polygon","coordinates":[[[39.6443,-7.92178],[39.65007,-7.93219],[39.65187,-7.93096],[39.65646,-7.93184],[39.66126,-7.93643],[39.66784,-7.93581],[39.66671,-7.94103],[39.66952,-7.9442],[39.67445,-7.94715],[39.68068,-7.94643],[39.68256,-7.9494],[39.6858,-7.9509],[39.68796,-7.956],[39.6868,-7.9636],[39.6853,-7.9655],[39.69053,-7.97361],[39.68948,-7.97596],[39.68989,-7.97913],[39.68831,-7.98253],[39.68822,-7.98911],[39.68952,-7.99382],[39.68792,-7.99503],[39.68451,-7.99367],[39.67901,-7.99407],[39.67572,-7.99278],[39.67161,-7.99259],[39.65156,-7.99232],[39.64615,-7.99422],[39.62263,-7.98358],[39.6183,-7.98063],[39.61641,-7.97798],[39.61388,-7.97029],[39.60383,-7.9569],[39.59799,-7.95679],[39.59089,-7.95049],[39.58823,-7.9454],[39.58836,-7.94201],[39.59041,-7.9414],[39.59555,-7.94538],[39.60731,-7.94636],[39.61521,-7.94072],[39.6231,-7.92782],[39.6443,-7.92178]]]},"properties":{"region":"Pwani","district":"Mafia","ward":"Miburani","ward_code":"051"}},{"type":"Feature","geometry":{"type":"Polygon","coordinates":[[[39.7352,-7.90355],[39.73669,-7.90309],[39.74023,-7.90748],[39.74424,-7.90709],[39.74723,-7.9164],[39.74906,-7.91871],[39.75279,-7.92049],[39.73557,-7.93762],[39.73127,-7.94835],[39.73128,-7.95358],[39.73624,-7.9572],[39.73934,-7.95665],[39.7446,-7.96066],[39.74816,-7.96543],[39.74952,-7.9747],[39.74739,-7.9768],[39.73475,-7.98193],[39.7264,-7.98143],[39.72198,-7.98234],[39.72107,-7.98578],[39.71534,-7.98593],[39.70401,-7.98812],[39.69884,-7.99176],[39.6927,-7.99397],[39.68952,-7.99382],[39.68822,-7.98911],[39.68831,-7.98253],[39.68989,-7.97913],[39.68948,-7.97596],[39.69053,-7.97361],[39.6853,-7.9655],[39.6868,-7.9636],[39.68796,-7.956],[39.6858,-7.9509],[39.68752,-7.94949],[39.68775,-7.94792],[39.68525,-7.94502],[39.68231,-7.94355],[39.68048,-7.94038],[39.67935,-7.93641],[39.68044,-7.93109],[39.67929,-7.92984],[39.68051,-7.92686],[39.68258,-7.92621],[39.68397,-7.92395],[39.68627,-7.92595],[39.6904,-7.92549],[39.69477,-7.92781],[39.6975,-7.9242],[39.69745,-7.92205],[39.70963,-7.92036],[39.71421,-7.91857],[39.71738,-7.91543],[39.72008,-7.91463],[39.72384,-7.91614],[39.72485,-7.9081],[39.72423,-7.90269],[39.72318,-7.90107],[39.72393,-7.90034],[39.72884,-7.90022],[39.7352,-7.90355]]]},"properties":{"region":"Pwani","district":"Mafia","ward":"Kiegeani","ward_code":"061"}},{"type":"Feature","geometry":{"type":"MultiPolygon","coordinates":[[[[39.72007,-8.05039],[39.72977,-8.05221],[39.7372,-8.04918],[39.74556,-8.05084],[39.74072,-8.05971],[39.73384,-8.06076],[39.72222,-8.06965],[39.72036,-8.06685],[39.72052,-8.06567],[39.71944,-8.06518],[39.71878,-8.06143],[39.71967,-8.05839],[39.71886,-8.05466],[39.71282,-8.04749],[39.71633,-8.04815],[39.72007,-8.05039]]],[[[39.8167,-7.97223],[39.8117,-7.98465],[39.80227,-7.99963],[39.79109,-8.01212],[39.78674,-8.02119],[39.77672,-8.03301],[39.75978,-8.0506],[39.743,-8.03169],[39.76042,-7.98937],[39.7576,-7.98608],[39.75931,-7.97937],[39.75897,-7.97379],[39.75784,-7.97142],[39.76084,-7.9701],[39.76811,-7.97396],[39.77774,-7.98142],[39.77725,-7.9877],[39.78265,-7.98883],[39.78411,-7.98806],[39.78703,-7.98878],[39.78954,-7.98667],[39.79238,-7.98635],[39.79419,-7.98483],[39.79668,-7.97983],[39.79841,-7.98074],[39.80067,-7.97732],[39.79946,-7.97625],[39.80106,-7.97239],[39.80323,-7.97153],[39.80591,-7.96694],[39.81092,-7.96425],[39.81281,-7.96431],[39.8167,-7.97223]]]]},"properties":{"region":"Pwani","district":"Mafia","ward":"Jibondo","ward_code":"071"}},{"type":"Feature","geometry":{"type":"Polygon","coordinates":[[[38.83059,-7.61968],[38.83455,-7.64002],[38.83401,-7.6661],[38.82712,-7.68098],[38.8411,-7.68731],[38.85316,-7.68687],[38.85768,-7.68996],[38.86342,-7.69834],[38.86634,-7.70047],[38.87444,-7.70159],[38.87843,-7.70312],[38.88118,-7.70243],[38.88729,-7.70521],[38.89522,-7.71916],[38.8963,-7.72617],[38.89486,-7.74181],[38.89573,-7.74194],[38.901,-7.76113],[38.90956,-7.76037],[38.92757,-7.76118],[38.93426,-7.77204],[38.93228,-7.77468],[38.93073,-7.78073],[38.92502,-7.78525],[38.92318,-7.79381],[38.92737,-7.81323],[38.92596,-7.82345],[38.91243,-7.85201],[38.91092,-7.85295],[38.90898,-7.85217],[38.90816,-7.85433],[38.90659,-7.85367],[38.90417,-7.85556],[38.89647,-7.8533],[38.89261,-7.84492],[38.88548,-7.84163],[38.87201,-7.84281],[38.86714,-7.84125],[38.86585,-7.83697],[38.86241,-7.83685],[38.86175,-7.83321],[38.85596,-7.82964],[38.85473,-7.8275],[38.85219,-7.82658],[38.85197,-7.8257],[38.78864,-7.82667],[38.71107,-7.79966],[38.71097,-7.7402],[38.69757,-7.63834],[38.71037,-7.63612],[38.75639,-7.63127],[38.79228,-7.63697],[38.83059,-7.61968]]]},"properties":{"region":"Pwani","district":"Kibiti","ward":"Dimani","ward_code":"011"}},{"type":"Feature","geometry":{"type":"MultiPolygon","coordinates":[[[[38.98023,-7.72486],[38.98023,-7.72486],[38.98023,-7.72486],[38.98023,-7.72486]]],[[[38.83059,-7.61968],[38.86956,-7.62103],[38.87219,-7.63843],[38.87339,-7.64307],[38.8758,-7.6456],[38.88307,-7.64563],[38.88808,-7.64811],[38.89173,-7.6488],[38.91453,-7.66052],[38.93993,-7.65729],[38.94808,-7.66748],[38.94896,-7.67779],[38.94694,-7.68335],[38.95442,-7.69454],[38.95382,-7.69977],[38.94874,-7.70033],[38.94486,-7.70771],[38.95225,-7.71114],[38.95797,-7.71197],[38.96306,-7.71163],[38.96608,-7.70959],[38.96894,-7.71055],[38.97507,-7.71567],[38.98186,-7.71362],[38.98022,-7.72484],[38.97682,-7.72876],[38.97867,-7.73994],[38.97571,-7.74838],[38.97374,-7.75268],[38.96513,-7.7596],[38.96223,-7.7686],[38.97141,-7.77796],[38.96594,-7.79437],[38.96441,-7.79391],[38.96222,-7.79544],[38.96915,-7.80112],[38.9608,-7.81138],[38.94921,-7.81168],[38.93555,-7.82248],[38.92596,-7.82345],[38.92737,-7.81323],[38.92318,-7.79381],[38.92502,-7.78525],[38.93073,-7.78073],[38.93228,-7.77468],[38.93426,-7.77204],[38.92757,-7.76118],[38.90956,-7.76037],[38.901,-7.76113],[38.89573,-7.74194],[38.89486,-7.74181],[38.8963,-7.72617],[38.89522,-7.71916],[38.88729,-7.70521],[38.88118,-7.70243],[38.87843,-7.70312],[38.87444,-7.70159],[38.86634,-7.70047],[38.86342,-7.69834],[38.85768,-7.68996],[38.85316,-7.68687],[38.8411,-7.68731],[38.82712,-7.68098],[38.83401,-7.6661],[38.83455,-7.64002],[38.83059,-7.61968]]]]},"properties":{"region":"Pwani","district":"Kibiti","ward":"Kibiti","ward_code":"023"}},{"type":"Feature","geometry":{"type":"Polygon","coordinates":[[[38.97017,-7.4913],[38.98002,-7.50357],[38.986,-7.50725],[38.98925,-7.50652],[38.99215,-7.50864],[38.99423,-7.50767],[38.99632,-7.5092],[38.96824,-7.53204],[38.9562,-7.56593],[38.96483,-7.59152],[38.95581,-7.60688],[38.95554,-7.61449],[38.9529,-7.61812],[38.95206,-7.62286],[38.95789,-7.63115],[38.95726,-7.63703],[38.95461,-7.64319],[38.9611,-7.64754],[38.97361,-7.64213],[38.97839,-7.63742],[38.99391,-7.65011],[38.9976,-7.65922],[38.99609,-7.66824],[38.99853,-7.66948],[39.00047,-7.66902],[39.00642,-7.67264],[39.01064,-7.67352],[39.00989,-7.67726],[39.01595,-7.68132],[39.0153,-7.68396],[39.01647,-7.68782],[39.01485,-7.69386],[39.01659,-7.69636],[39.01086,-7.69729],[39.00494,-7.70052],[38.99553,-7.70348],[38.98641,-7.70916],[38.98186,-7.71362],[38.97507,-7.71567],[38.96894,-7.71055],[38.96608,-7.70959],[38.96306,-7.71163],[38.95797,-7.71197],[38.95225,-7.71114],[38.94486,-7.70771],[38.94874,-7.70033],[38.95382,-7.69977],[38.95442,-7.69454],[38.94694,-7.68335],[38.94896,-7.67779],[38.94808,-7.66748],[38.93993,-7.65729],[38.91453,-7.66052],[38.89173,-7.6488],[38.88808,-7.64811],[38.88307,-7.64563],[38.8758,-7.6456],[38.87339,-7.64307],[38.87219,-7.63843],[38.86956,-7.62103],[38.85245,-7.62109],[38.83059,-7.61968],[38.79228,-7.63697],[38.75639,-7.63127],[38.71037,-7.63612],[38.69757,-7.63834],[38.64786,-7.54774],[38.67223,-7.54046],[38.78205,-7.55407],[38.79728,-7.55812],[38.81127,-7.56769],[38.82052,-7.56875],[38.83302,-7.55868],[38.84752,-7.55418],[38.85426,-7.5533],[38.85761,-7.5545],[38.86023,-7.55244],[38.86377,-7.5527],[38.87263,-7.54728],[38.87457,-7.54383],[38.87723,-7.54149],[38.88361,-7.54102],[38.88788,-7.53932],[38.89242,-7.53559],[38.89165,-7.52994],[38.89584,-7.52397],[38.9015,-7.5182],[38.90689,-7.51488],[38.90775,-7.51315],[38.90632,-7.50949],[38.90731,-7.506],[38.90994,-7.50306],[38.91225,-7.49604],[38.91453,-7.49317],[38.92924,-7.48461],[38.93759,-7.47706],[38.95131,-7.4746],[38.95907,-7.47428],[38.9635,-7.48193],[38.96333,-7.48547],[38.96476,-7.48675],[38.96489,-7.48873],[38.96717,-7.48875],[38.96829,-7.49094],[38.97017,-7.4913]]]},"properties":{"region":"Pwani","district":"Kibiti","ward":"Mtawanya","ward_code":"031"}},{"type":"Feature","geometry":{"type":"Polygon","coordinates":[[[39.0232,-7.54042],[39.02668,-7.54375],[39.03003,-7.54319],[39.03162,-7.54186],[39.0351,-7.5416],[39.03972,-7.54281],[39.04102,-7.55494],[39.04442,-7.56574],[39.04906,-7.57271],[39.05887,-7.57512],[39.0796,-7.58949],[39.09197,-7.59499],[39.08949,-7.59917],[39.09315,-7.60181],[39.09496,-7.6013],[39.09998,-7.60215],[39.10425,-7.60484],[39.10626,-7.60759],[39.10576,-7.6125],[39.11465,-7.61475],[39.11728,-7.61248],[39.11904,-7.6139],[39.11966,-7.616],[39.12209,-7.61659],[39.12544,-7.61241],[39.12845,-7.61071],[39.12927,-7.61217],[39.13202,-7.61238],[39.13413,-7.61392],[39.12981,-7.62527],[39.12638,-7.62642],[39.12416,-7.6288],[39.12986,-7.6321],[39.12922,-7.63616],[39.133,-7.64081],[39.13124,-7.64105],[39.1298,-7.64452],[39.12472,-7.64619],[39.11828,-7.65104],[39.11579,-7.6616],[39.10989,-7.66011],[39.10174,-7.66128],[39.08903,-7.66489],[39.08646,-7.67105],[39.08425,-7.67376],[39.08164,-7.68153],[39.07954,-7.6837],[39.07243,-7.68666],[39.06775,-7.68708],[39.06582,-7.6859],[39.0602,-7.68562],[39.05083,-7.69184],[39.04716,-7.69308],[39.03897,-7.70121],[39.03758,-7.70137],[39.03754,-7.7033],[39.04113,-7.70669],[39.04051,-7.70973],[39.04136,-7.71132],[39.03704,-7.71051],[39.03107,-7.70599],[39.02629,-7.70378],[39.02416,-7.70416],[39.0173,-7.7009],[39.01695,-7.69687],[39.01485,-7.69386],[39.01647,-7.68782],[39.0153,-7.68396],[39.01595,-7.68132],[39.00989,-7.67726],[39.01064,-7.67352],[39.00642,-7.67264],[39.00047,-7.66902],[38.99853,-7.66948],[38.99609,-7.66824],[38.9976,-7.65922],[38.99391,-7.65011],[38.97839,-7.63742],[38.97361,-7.64213],[38.9611,-7.64754],[38.95461,-7.64319],[38.95726,-7.63703],[38.95789,-7.63115],[38.95206,-7.62286],[38.9529,-7.61812],[38.95554,-7.61449],[38.95581,-7.60688],[38.96483,-7.59152],[38.9562,-7.56593],[38.96824,-7.53204],[38.99632,-7.5092],[39.0064,-7.51863],[39.01082,-7.52445],[39.01148,-7.52899],[39.01936,-7.52923],[39.02268,-7.53254],[39.0232,-7.54042]]]},"properties":{"region":"Pwani","district":"Kibiti","ward":"Bungu","ward_code":"043"}},{"type":"Feature","geometry":{"type":"Polygon","coordinates":[[[39.16218,-7.5244],[39.16463,-7.52597],[39.16927,-7.52695],[39.17106,-7.5406],[39.17639,-7.54653],[39.18544,-7.54999],[39.1837,-7.55622],[39.18108,-7.55935],[39.17143,-7.56272],[39.16727,-7.56686],[39.16482,-7.5767],[39.17134,-7.57897],[39.16448,-7.59162],[39.16009,-7.59412],[39.1555,-7.59439],[39.1522,-7.59778],[39.15168,-7.60145],[39.14945,-7.60302],[39.14714,-7.60314],[39.14512,-7.60552],[39.14587,-7.6079],[39.13682,-7.61131],[39.13413,-7.61392],[39.13202,-7.61238],[39.12927,-7.61217],[39.12845,-7.61071],[39.12544,-7.61241],[39.12209,-7.61659],[39.11966,-7.616],[39.11904,-7.6139],[39.11728,-7.61248],[39.11465,-7.61475],[39.10576,-7.6125],[39.10626,-7.60759],[39.10425,-7.60484],[39.09998,-7.60215],[39.09496,-7.6013],[39.09315,-7.60181],[39.08949,-7.59917],[39.09197,-7.59499],[39.0796,-7.58949],[39.05887,-7.57512],[39.04906,-7.57271],[39.04442,-7.56574],[39.04102,-7.55494],[39.03972,-7.54281],[39.04393,-7.54552],[39.04818,-7.5439],[39.05122,-7.5465],[39.06457,-7.54567],[39.06751,-7.54733],[39.06824,-7.54511],[39.07476,-7.54179],[39.0756,-7.54034],[39.07991,-7.53982],[39.0812,-7.53825],[39.08374,-7.53858],[39.08641,-7.53604],[39.08591,-7.53724],[39.08671,-7.53833],[39.08899,-7.53691],[39.08931,-7.53875],[39.09086,-7.53859],[39.09422,-7.5347],[39.09404,-7.53328],[39.0948,-7.53387],[39.09616,-7.53145],[39.10429,-7.5362],[39.10752,-7.53699],[39.10949,-7.53968],[39.10882,-7.54249],[39.1121,-7.54299],[39.11302,-7.54202],[39.12342,-7.5392],[39.12469,-7.534],[39.126,-7.53308],[39.13043,-7.5315],[39.1359,-7.53125],[39.15865,-7.52434],[39.16218,-7.5244]]]},"properties":{"region":"Pwani","district":"Kibiti","ward":"Mjawa","ward_code":"053"}},{"type":"Feature","geometry":{"type":"Polygon","coordinates":[[[39.20055,-7.52624],[39.20395,-7.53104],[39.20942,-7.52958],[39.21593,-7.518],[39.23115,-7.51859],[39.23286,-7.52048],[39.23176,-7.52216],[39.23183,-7.5279],[39.23922,-7.52979],[39.24104,-7.53453],[39.24227,-7.53556],[39.25,-7.53748],[39.25215,-7.54077],[39.25713,-7.53967],[39.25919,-7.53692],[39.26376,-7.53727],[39.27285,-7.5503],[39.2753,-7.55142],[39.28004,-7.55062],[39.28643,-7.55265],[39.28182,-7.56325],[39.27956,-7.56619],[39.27718,-7.5738],[39.27479,-7.59892],[39.27271,-7.60603],[39.27408,-7.61291],[39.27383,-7.62743],[39.28685,-7.6557],[39.30321,-7.6733],[39.30223,-7.67635],[39.30133,-7.67757],[39.30031,-7.67711],[39.29946,-7.67865],[39.29921,-7.68044],[39.30071,-7.68036],[39.30017,-7.68113],[39.30148,-7.68227],[39.29977,-7.68384],[39.30012,-7.68607],[39.29918,-7.68521],[39.29851,-7.68823],[39.29726,-7.68932],[39.29731,-7.69163],[39.29617,-7.69252],[39.29727,-7.69414],[39.29636,-7.69607],[39.2942,-7.69746],[39.29492,-7.69916],[39.29248,-7.70093],[39.29245,-7.703],[39.29139,-7.70343],[39.2918,-7.70449],[39.28997,-7.70583],[39.29146,-7.70826],[39.29073,-7.71174],[39.29169,-7.71555],[39.29059,-7.71928],[39.29471,-7.71945],[39.29306,-7.72116],[39.29343,-7.72235],[39.29408,-7.72203],[39.29359,-7.72289],[39.3047,-7.73926],[39.29327,-7.74242],[39.28543,-7.73969],[39.27666,-7.73492],[39.26632,-7.7316],[39.26028,-7.73804],[39.25278,-7.73206],[39.24658,-7.72381],[39.23688,-7.70757],[39.2346,-7.70178],[39.23687,-7.67465],[39.23372,-7.66137],[39.23437,-7.65813],[39.2287,-7.65213],[39.22537,-7.64042],[39.2139,-7.62407],[39.20759,-7.62395],[39.20148,-7.6271],[39.19842,-7.62605],[39.1947,-7.62941],[39.1873,-7.63244],[39.18437,-7.62703],[39.17955,-7.62171],[39.17511,-7.61836],[39.16881,-7.61583],[39.16838,-7.6143],[39.16475,-7.61194],[39.16297,-7.60919],[39.15832,-7.60666],[39.15164,-7.60568],[39.14678,-7.60357],[39.15168,-7.60145],[39.1522,-7.59778],[39.1555,-7.59439],[39.16009,-7.59412],[39.16448,-7.59162],[39.17134,-7.57897],[39.16482,-7.5767],[39.16727,-7.56686],[39.17143,-7.56272],[39.18108,-7.55935],[39.1837,-7.55622],[39.18544,-7.54999],[39.17639,-7.54653],[39.17106,-7.5406],[39.16927,-7.52695],[39.1759,-7.5275],[39.17608,-7.52397],[39.18526,-7.52252],[39.18916,-7.5171],[39.19348,-7.51912],[39.20055,-7.52624]]]},"properties":{"region":"Pwani","district":"Kibiti","ward":"Mwambao","ward_code":"061"}},{"type":"Feature","geometry":{"type":"Polygon","coordinates":[[[39.14807,-7.60455],[39.15832,-7.60666],[39.16297,-7.60919],[39.16475,-7.61194],[39.16838,-7.6143],[39.16881,-7.61583],[39.17511,-7.61836],[39.17955,-7.62171],[39.18437,-7.62703],[39.1873,-7.63244],[39.1947,-7.62941],[39.19842,-7.62605],[39.20148,-7.6271],[39.20759,-7.62395],[39.2139,-7.62407],[39.22537,-7.64042],[39.2287,-7.65213],[39.23437,-7.65813],[39.23372,-7.66137],[39.23687,-7.67465],[39.2346,-7.70178],[39.23688,-7.70757],[39.24658,-7.72381],[39.25278,-7.73206],[39.26028,-7.73804],[39.26145,-7.74131],[39.24721,-7.74177],[39.24325,-7.74067],[39.23972,-7.74192],[39.23591,-7.74014],[39.23141,-7.741],[39.22449,-7.73679],[39.2184,-7.73777],[39.21235,-7.73738],[39.21013,-7.74031],[39.20642,-7.74115],[39.20395,-7.74153],[39.20214,-7.74033],[39.19703,-7.74028],[39.19023,-7.74397],[39.18842,-7.74681],[39.18321,-7.7399],[39.17728,-7.73811],[39.17416,-7.732],[39.17061,-7.72805],[39.16163,-7.7216],[39.15894,-7.71762],[39.15306,-7.70416],[39.15029,-7.70136],[39.14518,-7.69857],[39.14232,-7.69367],[39.13615,-7.68654],[39.12931,-7.68186],[39.11676,-7.67532],[39.11398,-7.67065],[39.11425,-7.6659],[39.11714,-7.65782],[39.11767,-7.65224],[39.12472,-7.64619],[39.1298,-7.64452],[39.13124,-7.64105],[39.133,-7.64081],[39.12922,-7.63616],[39.12986,-7.6321],[39.12416,-7.6288],[39.12638,-7.62642],[39.12981,-7.62527],[39.13249,-7.61683],[39.13473,-7.6132],[39.13682,-7.61131],[39.14587,-7.6079],[39.14512,-7.60552],[39.14678,-7.60357],[39.14807,-7.60455]]]},"properties":{"region":"Pwani","district":"Kibiti","ward":"Mahege","ward_code":"071"}},{"type":"Feature","geometry":{"type":"Polygon","coordinates":[[[39.0173,-7.7009],[39.02416,-7.70416],[39.02629,-7.70378],[39.03107,-7.70599],[39.03704,-7.71051],[39.06119,-7.71763],[39.05291,-7.73505],[39.04774,-7.74341],[39.04913,-7.74512],[39.0488,-7.7465],[39.05724,-7.75038],[39.05508,-7.75445],[39.04138,-7.76196],[39.03768,-7.76697],[39.03847,-7.77589],[39.03541,-7.78511],[39.05066,-7.78877],[39.06291,-7.78971],[39.07375,-7.78921],[39.07481,-7.80532],[39.07965,-7.81033],[39.09666,-7.80758],[39.09696,-7.80915],[39.09572,-7.81159],[39.09646,-7.81345],[39.10439,-7.82035],[39.08805,-7.82964],[39.08771,-7.8318],[39.08964,-7.83643],[39.09026,-7.84262],[39.08979,-7.8482],[39.10048,-7.85089],[39.10958,-7.85883],[39.1134,-7.86631],[39.10485,-7.8702],[39.05121,-7.8509],[39.02415,-7.85514],[38.99746,-7.87398],[38.99389,-7.87314],[38.99118,-7.86472],[38.9886,-7.86068],[38.98494,-7.85978],[38.9828,-7.85612],[38.97477,-7.85484],[38.9742,-7.85245],[38.97167,-7.85448],[38.96698,-7.85441],[38.96633,-7.85653],[38.96187,-7.85822],[38.95929,-7.85624],[38.95639,-7.85798],[38.9529,-7.85596],[38.95136,-7.85848],[38.94341,-7.86117],[38.93201,-7.85842],[38.93087,-7.85403],[38.92785,-7.85628],[38.92373,-7.85598],[38.91781,-7.85347],[38.91381,-7.85539],[38.91279,-7.85504],[38.91413,-7.85268],[38.91243,-7.85201],[38.92596,-7.82345],[38.93555,-7.82248],[38.94921,-7.81168],[38.9608,-7.81138],[38.96915,-7.80112],[38.96222,-7.79544],[38.96441,-7.79391],[38.96594,-7.79437],[38.97141,-7.77796],[38.96223,-7.7686],[38.96513,-7.7596],[38.97374,-7.75268],[38.97571,-7.74838],[38.97867,-7.73994],[38.97682,-7.72876],[38.98022,-7.72484],[38.98186,-7.71362],[38.98641,-7.70916],[38.99553,-7.70348],[39.00494,-7.70052],[39.01086,-7.69729],[39.01659,-7.69636],[39.0173,-7.7009]],[[38.98023,-7.72486],[38.98023,-7.72486],[38.98023,-7.72486],[38.98023,-7.72486]]]},"properties":{"region":"Pwani","district":"Kibiti","ward":"Mchukwi","ward_code":"151"}},{"type":"Feature","geometry":{"type":"Polygon","coordinates":[[[39.13615,-7.68654],[39.14232,-7.69367],[39.14518,-7.69857],[39.15029,-7.70136],[39.15306,-7.70416],[39.15894,-7.71762],[39.16163,-7.7216],[39.15684,-7.72046],[39.154,-7.72192],[39.15177,-7.72182],[39.14563,-7.72598],[39.1436,-7.72433],[39.13789,-7.72594],[39.13494,-7.73328],[39.13771,-7.74106],[39.1359,-7.74349],[39.12657,-7.74754],[39.11494,-7.74643],[39.11546,-7.73834],[39.11403,-7.73433],[39.10903,-7.72685],[39.10859,-7.7227],[39.1031,-7.71754],[39.10058,-7.71691],[39.09707,-7.72612],[39.09489,-7.72665],[39.08437,-7.73385],[39.07282,-7.74758],[39.07157,-7.74831],[39.06807,-7.74621],[39.06786,-7.75333],[39.05724,-7.75038],[39.0488,-7.7465],[39.04913,-7.74512],[39.04774,-7.74341],[39.05291,-7.73505],[39.06119,-7.71763],[39.04081,-7.71059],[39.04113,-7.70669],[39.03754,-7.7033],[39.03758,-7.70137],[39.03897,-7.70121],[39.04716,-7.69308],[39.05083,-7.69184],[39.0602,-7.68562],[39.06582,-7.6859],[39.06775,-7.68708],[39.07243,-7.68666],[39.07954,-7.6837],[39.08164,-7.68153],[39.08425,-7.67376],[39.08646,-7.67105],[39.08903,-7.66489],[39.10174,-7.66128],[39.10989,-7.66011],[39.11579,-7.6616],[39.11425,-7.6659],[39.11398,-7.67065],[39.11676,-7.67532],[39.12931,-7.68186],[39.13615,-7.68654]]]},"properties":{"region":"Pwani","district":"Kibiti","ward":"Mlanzi","ward_code":"161"}},{"type":"Feature","geometry":{"type":"Polygon","coordinates":[[[39.34768,-7.73903],[39.36624,-7.75684],[39.40892,-7.78402],[39.45403,-7.81041],[39.45439,-7.85562],[39.43718,-7.89416],[39.4155,-7.91617],[39.40148,-7.92108],[39.39212,-7.92231],[39.38815,-7.92514],[39.38498,-7.92407],[39.3829,-7.91999],[39.38284,-7.91487],[39.38457,-7.91216],[39.39068,-7.90885],[39.39439,-7.90373],[39.39422,-7.89734],[39.39234,-7.89497],[39.38407,-7.90236],[39.37838,-7.90612],[39.36937,-7.9074],[39.36345,-7.90288],[39.36178,-7.90312],[39.36069,-7.90596],[39.36089,-7.90956],[39.36317,-7.9141],[39.37006,-7.91186],[39.37214,-7.91461],[39.37109,-7.91948],[39.36651,-7.92324],[39.35365,-7.92316],[39.34913,-7.92794],[39.34637,-7.9277],[39.34344,-7.92286],[39.3429,-7.90724],[39.34183,-7.90527],[39.33888,-7.9047],[39.33557,-7.90681],[39.33341,-7.90976],[39.33327,-7.91242],[39.3359,-7.91708],[39.33332,-7.9207],[39.32456,-7.92378],[39.32321,-7.92325],[39.32088,-7.91964],[39.3187,-7.91897],[39.31542,-7.9199],[39.30949,-7.9287],[39.30417,-7.93145],[39.29928,-7.93055],[39.2953,-7.93163],[39.29271,-7.92854],[39.2896,-7.92903],[39.28292,-7.93715],[39.2803,-7.93837],[39.27713,-7.93762],[39.27488,-7.93556],[39.29018,-7.90942],[39.30162,-7.90066],[39.28077,-7.8726],[39.28295,-7.86576],[39.29032,-7.85847],[39.2912,-7.85214],[39.23714,-7.83568],[39.24084,-7.82471],[39.2448,-7.81988],[39.25208,-7.81522],[39.26037,-7.8125],[39.26575,-7.80772],[39.22724,-7.77868],[39.23044,-7.76653],[39.24255,-7.75456],[39.24604,-7.74145],[39.26145,-7.74131],[39.26028,-7.73804],[39.26632,-7.7316],[39.27666,-7.73492],[39.28543,-7.73969],[39.29327,-7.74242],[39.3047,-7.73926],[39.32135,-7.71987],[39.34768,-7.73903]]]},"properties":{"region":"Pwani","district":"Kibiti","ward":"Salale","ward_code":"081"}},{"type":"Feature","geometry":{"type":"Polygon","coordinates":[[[39.29018,-7.90942],[39.27488,-7.93556],[39.27713,-7.93762],[39.2803,-7.93837],[39.28292,-7.93715],[39.2896,-7.92903],[39.29271,-7.92854],[39.2953,-7.93163],[39.29928,-7.93055],[39.30581,-7.94151],[39.30659,-7.94531],[39.3055,-7.95081],[39.30687,-7.95297],[39.29228,-7.95932],[39.28714,-7.9634],[39.2877,-7.9806],[39.29033,-7.98564],[39.29507,-7.98826],[39.29532,-7.9937],[39.29261,-7.99521],[39.29061,-7.99458],[39.28426,-7.98916],[39.28067,-7.98758],[39.26679,-7.99701],[39.26676,-8.00039],[39.26892,-8.0039],[39.2685,-8.00801],[39.26485,-8.01298],[39.26402,-8.01853],[39.2661,-8.01869],[39.26743,-8.01715],[39.27119,-8.01802],[39.27361,-8.01996],[39.27218,-8.02628],[39.27,-8.02745],[39.26856,-8.03421],[39.25837,-8.03659],[39.25628,-8.04036],[39.24915,-8.0445],[39.22559,-8.03577],[39.21702,-8.03724],[39.20992,-8.04058],[39.19892,-8.05293],[39.18637,-8.05508],[39.16835,-8.03882],[39.15499,-8.03289],[39.14419,-8.03364],[39.12441,-8.04235],[39.11171,-8.03917],[39.10767,-8.03342],[39.10678,-8.02348],[39.10755,-8.02021],[39.10139,-8.01683],[39.10683,-8.01067],[39.09838,-7.99952],[39.04517,-7.97944],[39.03701,-7.96147],[39.03507,-7.95008],[39.02069,-7.94272],[39.01704,-7.9281],[39.01261,-7.91774],[39.00592,-7.90956],[38.99746,-7.87398],[39.02415,-7.85514],[39.05121,-7.8509],[39.10485,-7.8702],[39.10601,-7.87349],[39.10879,-7.87596],[39.1069,-7.87944],[39.10161,-7.88316],[39.10496,-7.89051],[39.10484,-7.89273],[39.10852,-7.89459],[39.11221,-7.89844],[39.11601,-7.89828],[39.11928,-7.90234],[39.12012,-7.90617],[39.12265,-7.90737],[39.12192,-7.91029],[39.12408,-7.9121],[39.12584,-7.91172],[39.12624,-7.91482],[39.12787,-7.91443],[39.12803,-7.9133],[39.13008,-7.91186],[39.13316,-7.91234],[39.13574,-7.91472],[39.15606,-7.89289],[39.16512,-7.86567],[39.16867,-7.82554],[39.18664,-7.82609],[39.23449,-7.83487],[39.2912,-7.85214],[39.29032,-7.85847],[39.28295,-7.86576],[39.28077,-7.8726],[39.30162,-7.90066],[39.29018,-7.90942]]]},"properties":{"region":"Pwani","district":"Kibiti","ward":"Mtunda","ward_code":"131"}},{"type":"Feature","geometry":{"type":"Polygon","coordinates":[[[39.11494,-7.74643],[39.12657,-7.74754],[39.1359,-7.74349],[39.13771,-7.74106],[39.13494,-7.73328],[39.13789,-7.72594],[39.1436,-7.72433],[39.14563,-7.72598],[39.15177,-7.72182],[39.154,-7.72192],[39.15684,-7.72046],[39.16163,-7.7216],[39.16859,-7.7263],[39.17416,-7.732],[39.17728,-7.73811],[39.18321,-7.7399],[39.18842,-7.74681],[39.19023,-7.74397],[39.19703,-7.74028],[39.20214,-7.74033],[39.20395,-7.74153],[39.20642,-7.74115],[39.21013,-7.74031],[39.21235,-7.73738],[39.2184,-7.73777],[39.22449,-7.73679],[39.23141,-7.741],[39.23591,-7.74014],[39.23972,-7.74192],[39.24325,-7.74067],[39.24604,-7.74145],[39.24255,-7.75456],[39.23044,-7.76653],[39.22724,-7.77868],[39.26575,-7.80772],[39.26037,-7.8125],[39.25208,-7.81522],[39.2448,-7.81988],[39.24084,-7.82471],[39.23714,-7.83568],[39.18664,-7.82609],[39.16867,-7.82554],[39.16512,-7.86567],[39.15606,-7.89289],[39.13574,-7.91472],[39.13316,-7.91234],[39.13008,-7.91186],[39.12803,-7.9133],[39.12787,-7.91443],[39.12624,-7.91482],[39.12584,-7.91172],[39.12408,-7.9121],[39.12192,-7.91029],[39.12265,-7.90737],[39.12012,-7.90617],[39.11928,-7.90234],[39.11601,-7.89828],[39.11221,-7.89844],[39.10852,-7.89459],[39.10484,-7.89273],[39.10496,-7.89051],[39.10161,-7.88316],[39.1069,-7.87944],[39.10879,-7.87596],[39.10601,-7.87349],[39.10485,-7.8702],[39.1134,-7.86631],[39.11304,-7.8645],[39.10958,-7.85883],[39.10048,-7.85089],[39.08979,-7.8482],[39.08964,-7.83643],[39.08771,-7.8318],[39.08805,-7.82964],[39.10439,-7.82035],[39.09646,-7.81345],[39.09572,-7.81159],[39.09696,-7.80915],[39.09666,-7.80758],[39.07965,-7.81033],[39.07481,-7.80532],[39.07375,-7.78921],[39.06291,-7.78971],[39.05066,-7.78877],[39.03541,-7.78511],[39.03847,-7.77589],[39.03768,-7.76697],[39.04138,-7.76196],[39.05508,-7.75445],[39.05724,-7.75038],[39.06786,-7.75333],[39.06807,-7.74621],[39.07157,-7.74831],[39.07282,-7.74758],[39.08437,-7.73385],[39.09489,-7.72665],[39.09707,-7.72612],[39.10058,-7.71691],[39.1031,-7.71754],[39.10859,-7.7227],[39.10903,-7.72685],[39.11403,-7.73433],[39.11546,-7.73834],[39.11494,-7.74643]]]},"properties":{"region":"Pwani","district":"Kibiti","ward":"Ruaruke","ward_code":"141"}},{"type":"Feature","geometry":{"type":"Polygon","coordinates":[[[39.39224,-7.90726],[39.38457,-7.91216],[39.38284,-7.91487],[39.38356,-7.92236],[39.38584,-7.92477],[39.38815,-7.92514],[39.39212,-7.92231],[39.40148,-7.92108],[39.4155,-7.91617],[39.41764,-7.91775],[39.41891,-7.92073],[39.42049,-7.93645],[39.4228,-7.9419],[39.42229,-7.94785],[39.42472,-7.952],[39.4243,-7.95942],[39.42549,-7.96382],[39.42931,-7.9667],[39.42978,-7.96606],[39.43513,-7.96659],[39.43537,-7.98178],[39.43337,-7.99224],[39.43767,-8.0138],[39.43624,-8.02663],[39.43114,-8.03063],[39.42147,-8.02867],[39.41028,-8.03047],[39.39759,-8.02712],[39.39215,-8.0289],[39.38533,-8.04018],[39.38184,-8.0404],[39.37666,-8.04344],[39.37623,-8.0392],[39.37486,-8.03919],[39.37301,-8.04154],[39.37028,-8.03876],[39.36863,-8.03121],[39.36361,-8.03027],[39.36075,-8.02621],[39.35981,-8.03043],[39.35569,-8.02864],[39.35202,-8.02115],[39.34549,-8.02324],[39.34546,-8.02561],[39.34368,-8.02509],[39.34212,-8.01872],[39.34283,-8.01581],[39.34035,-8.01584],[39.33566,-8.02124],[39.33212,-8.02359],[39.3284,-8.01934],[39.3285,-8.0127],[39.33156,-8.00944],[39.32994,-8.0077],[39.32739,-8.00647],[39.32612,-8.00707],[39.32375,-8.01202],[39.32,-8.01317],[39.31715,-8.011],[39.31692,-8.00594],[39.31498,-8.00425],[39.30716,-8.00299],[39.30793,-8.00139],[39.30619,-7.9992],[39.30508,-7.99934],[39.30451,-7.99686],[39.3001,-7.99521],[39.29708,-7.99026],[39.29033,-7.98564],[39.28857,-7.98339],[39.2877,-7.9806],[39.28714,-7.9634],[39.29228,-7.95932],[39.30687,-7.95297],[39.3055,-7.95081],[39.30659,-7.94531],[39.30581,-7.94151],[39.29928,-7.93055],[39.30417,-7.93145],[39.30949,-7.9287],[39.31542,-7.9199],[39.3187,-7.91897],[39.32088,-7.91964],[39.32321,-7.92325],[39.32456,-7.92378],[39.33332,-7.9207],[39.3359,-7.91708],[39.33327,-7.91242],[39.33341,-7.90976],[39.33557,-7.90681],[39.33888,-7.9047],[39.34183,-7.90527],[39.3429,-7.90724],[39.34344,-7.92286],[39.34637,-7.9277],[39.34913,-7.92794],[39.35365,-7.92316],[39.36565,-7.92348],[39.36842,-7.92242],[39.37109,-7.91948],[39.37214,-7.91461],[39.3707,-7.91206],[39.3682,-7.91223],[39.36453,-7.91425],[39.36317,-7.9141],[39.36165,-7.91199],[39.36069,-7.90596],[39.36178,-7.90312],[39.36345,-7.90288],[39.36937,-7.9074],[39.37838,-7.90612],[39.38407,-7.90236],[39.39234,-7.89497],[39.39422,-7.89734],[39.39439,-7.90373],[39.39224,-7.90726]]]},"properties":{"region":"Pwani","district":"Kibiti","ward":"Msala","ward_code":"091"}},{"type":"Feature","geometry":{"type":"Polygon","coordinates":[[[39.44735,-8.01104],[39.42922,-8.04905],[39.42088,-8.0758],[39.41677,-8.08427],[39.41289,-8.08573],[39.41106,-8.08531],[39.40988,-8.07696],[39.40595,-8.07457],[39.40083,-8.07599],[39.39909,-8.07888],[39.39288,-8.08285],[39.38966,-8.07786],[39.39093,-8.07173],[39.3816,-8.06681],[39.37963,-8.06215],[39.37828,-8.05502],[39.36962,-8.06217],[39.36365,-8.0644],[39.35421,-8.07191],[39.35136,-8.072],[39.34079,-8.06866],[39.33665,-8.0698],[39.33284,-8.06705],[39.33291,-8.06026],[39.33496,-8.05586],[39.33501,-8.05397],[39.3333,-8.05257],[39.33054,-8.05247],[39.32924,-8.05401],[39.329,-8.06035],[39.32699,-8.06314],[39.32263,-8.06332],[39.31985,-8.06066],[39.3195,-8.05603],[39.32128,-8.04852],[39.31748,-8.04352],[39.31617,-8.03943],[39.314,-8.03879],[39.31092,-8.03995],[39.30965,-8.0418],[39.30954,-8.04636],[39.30812,-8.04807],[39.30399,-8.04774],[39.30122,-8.04626],[39.2984,-8.04721],[39.29773,-8.04519],[39.29487,-8.04414],[39.29313,-8.04465],[39.27,-8.02745],[39.27218,-8.02628],[39.27361,-8.01996],[39.27119,-8.01802],[39.26743,-8.01715],[39.2661,-8.01869],[39.26402,-8.01853],[39.26485,-8.01298],[39.2685,-8.00801],[39.26892,-8.0039],[39.26676,-8.00039],[39.26741,-7.99626],[39.27201,-7.99282],[39.2754,-7.99184],[39.27747,-7.98907],[39.28067,-7.98758],[39.29261,-7.99521],[39.29532,-7.9937],[39.29546,-7.98966],[39.29708,-7.99026],[39.3001,-7.99521],[39.30451,-7.99686],[39.30508,-7.99934],[39.30619,-7.9992],[39.30793,-8.00139],[39.30716,-8.00299],[39.31356,-8.0036],[39.31692,-8.00594],[39.31685,-8.0104],[39.32,-8.01317],[39.32375,-8.01202],[39.32612,-8.00707],[39.32739,-8.00647],[39.32994,-8.0077],[39.33156,-8.00944],[39.3285,-8.0127],[39.3284,-8.01934],[39.33212,-8.02359],[39.33566,-8.02124],[39.34035,-8.01584],[39.34283,-8.01581],[39.34212,-8.01872],[39.34368,-8.02509],[39.34546,-8.02561],[39.34549,-8.02324],[39.35202,-8.02115],[39.35569,-8.02864],[39.35981,-8.03043],[39.36075,-8.02621],[39.36361,-8.03027],[39.36863,-8.03121],[39.37028,-8.03876],[39.37301,-8.04154],[39.37486,-8.03919],[39.37623,-8.0392],[39.37709,-8.04348],[39.3799,-8.04114],[39.38533,-8.04018],[39.39215,-8.0289],[39.39759,-8.02712],[39.41028,-8.03047],[39.42147,-8.02867],[39.43114,-8.03063],[39.43624,-8.02663],[39.43767,-8.0138],[39.43337,-7.99224],[39.43537,-7.98178],[39.44361,-7.98078],[39.44744,-7.98288],[39.45067,-7.9919],[39.44962,-8.00294],[39.44735,-8.01104]]]},"properties":{"region":"Pwani","district":"Kibiti","ward":"Maparoni","ward_code":"101"}},{"type":"Feature","geometry":{"type":"Polygon","coordinates":[[[39.27,-8.02745],[39.29313,-8.04465],[39.29487,-8.04414],[39.29773,-8.04519],[39.2984,-8.04721],[39.30122,-8.04626],[39.30742,-8.04822],[39.30954,-8.04636],[39.30965,-8.0418],[39.31092,-8.03995],[39.314,-8.03879],[39.31617,-8.03943],[39.31748,-8.04352],[39.32128,-8.04852],[39.3195,-8.05603],[39.31985,-8.06066],[39.32263,-8.06332],[39.32699,-8.06314],[39.329,-8.06035],[39.32924,-8.05401],[39.33054,-8.05247],[39.3333,-8.05257],[39.33501,-8.05397],[39.33496,-8.05586],[39.33291,-8.06026],[39.33284,-8.06705],[39.33665,-8.0698],[39.34079,-8.06866],[39.35136,-8.072],[39.35421,-8.07191],[39.36365,-8.0644],[39.36962,-8.06217],[39.37828,-8.05502],[39.37963,-8.06215],[39.3816,-8.06681],[39.39093,-8.07173],[39.38966,-8.07786],[39.39288,-8.08285],[39.39909,-8.07888],[39.39961,-8.07716],[39.40262,-8.07516],[39.40595,-8.07457],[39.40874,-8.07558],[39.41044,-8.07845],[39.41106,-8.08531],[39.41045,-8.08943],[39.41272,-8.09654],[39.41153,-8.09983],[39.40861,-8.10593],[39.39436,-8.12317],[39.38483,-8.14311],[39.38222,-8.14432],[39.37899,-8.14895],[39.36466,-8.13435],[39.35647,-8.13008],[39.35283,-8.12977],[39.34838,-8.13168],[39.344,-8.14006],[39.34119,-8.14087],[39.33964,-8.14264],[39.3422,-8.14701],[39.3401,-8.14797],[39.33858,-8.14751],[39.33566,-8.14355],[39.33743,-8.14074],[39.3371,-8.13763],[39.32541,-8.13326],[39.32437,-8.13044],[39.32483,-8.12604],[39.32291,-8.12362],[39.32325,-8.12085],[39.32092,-8.12016],[39.31806,-8.12264],[39.31646,-8.12121],[39.31538,-8.12369],[39.31245,-8.12302],[39.31353,-8.12524],[39.31731,-8.12843],[39.3163,-8.13173],[39.31434,-8.13284],[39.30434,-8.13653],[39.3006,-8.13537],[39.30065,-8.13208],[39.29944,-8.13381],[39.29854,-8.13347],[39.29477,-8.13631],[39.29088,-8.13654],[39.28803,-8.13289],[39.2881,-8.13109],[39.28902,-8.13006],[39.29317,-8.12911],[39.29349,-8.12686],[39.29022,-8.12528],[39.28417,-8.1268],[39.28302,-8.12613],[39.28271,-8.12203],[39.2758,-8.12051],[39.27591,-8.11852],[39.27837,-8.11556],[39.27805,-8.11433],[39.26822,-8.10966],[39.26698,-8.10184],[39.2649,-8.10168],[39.26314,-8.10389],[39.26437,-8.10778],[39.26333,-8.11088],[39.25661,-8.11426],[39.25344,-8.11391],[39.25364,-8.1113],[39.25479,-8.11027],[39.2565,-8.11203],[39.2583,-8.11187],[39.25901,-8.10826],[39.25533,-8.1068],[39.25304,-8.10256],[39.25376,-8.10177],[39.25637,-8.10296],[39.25809,-8.10229],[39.25865,-8.10027],[39.25724,-8.09879],[39.25332,-8.09874],[39.25075,-8.10204],[39.2475,-8.10425],[39.2473,-8.10519],[39.25,-8.10807],[39.24717,-8.10934],[39.24312,-8.10248],[39.24397,-8.10127],[39.24777,-8.10147],[39.24819,-8.09915],[39.24776,-8.09817],[39.24485,-8.09713],[39.24414,-8.09413],[39.24171,-8.09377],[39.24183,-8.08867],[39.24431,-8.08789],[39.24759,-8.089],[39.24996,-8.08627],[39.25219,-8.08619],[39.25478,-8.08415],[39.25451,-8.0819],[39.25694,-8.08055],[39.25663,-8.07861],[39.25756,-8.0775],[39.25457,-8.07559],[39.2544,-8.07431],[39.25668,-8.07061],[39.25637,-8.06439],[39.25435,-8.06312],[39.2519,-8.05905],[39.24866,-8.05703],[39.24848,-8.05395],[39.25049,-8.05241],[39.24915,-8.0445],[39.25628,-8.04036],[39.25837,-8.03659],[39.26856,-8.03421],[39.27,-8.02745]]]},"properties":{"region":"Pwani","district":"Kibiti","ward":"Mbuchi","ward_code":"111"}},{"type":"Feature","geometry":{"type":"Polygon","coordinates":[[[39.27695,-8.12106],[39.28271,-8.12203],[39.28302,-8.12613],[39.28417,-8.1268],[39.29022,-8.12528],[39.29349,-8.12686],[39.29317,-8.12911],[39.28902,-8.13006],[39.2881,-8.13109],[39.28803,-8.13289],[39.28944,-8.135],[39.29246,-8.13692],[39.29733,-8.13502],[39.29854,-8.13347],[39.29944,-8.13381],[39.30065,-8.13208],[39.3006,-8.13537],[39.30434,-8.13653],[39.31434,-8.13284],[39.3163,-8.13173],[39.31731,-8.12843],[39.31353,-8.12524],[39.31245,-8.12302],[39.31538,-8.12369],[39.31646,-8.12121],[39.31806,-8.12264],[39.32092,-8.12016],[39.32212,-8.12046],[39.32325,-8.12085],[39.32291,-8.12362],[39.32483,-8.12604],[39.325,-8.13276],[39.32736,-8.13437],[39.3371,-8.13763],[39.33743,-8.14074],[39.33566,-8.14355],[39.33858,-8.14751],[39.3401,-8.14797],[39.3422,-8.14701],[39.33964,-8.14264],[39.34119,-8.14087],[39.344,-8.14006],[39.34838,-8.13168],[39.35283,-8.12977],[39.35647,-8.13008],[39.36466,-8.13435],[39.37899,-8.14895],[39.37149,-8.16712],[39.36198,-8.20969],[39.35875,-8.21373],[39.35733,-8.21397],[39.35174,-8.20731],[39.34685,-8.20394],[39.34811,-8.20024],[39.34489,-8.20257],[39.3421,-8.20247],[39.33114,-8.19664],[39.32346,-8.19565],[39.31566,-8.20142],[39.31367,-8.20185],[39.31219,-8.19863],[39.31428,-8.19095],[39.30882,-8.1988],[39.30931,-8.20149],[39.31408,-8.20462],[39.31794,-8.20475],[39.32201,-8.19998],[39.32418,-8.19925],[39.32839,-8.1993],[39.33315,-8.20194],[39.33737,-8.20597],[39.3438,-8.21854],[39.3426,-8.22078],[39.34511,-8.22245],[39.34533,-8.2293],[39.34283,-8.24781],[39.34009,-8.25055],[39.33502,-8.25253],[39.33597,-8.25543],[39.33847,-8.25681],[39.34038,-8.26344],[39.34428,-8.26837],[39.34413,-8.26976],[39.34587,-8.2698],[39.35036,-8.27285],[39.34909,-8.27992],[39.33851,-8.28089],[39.33487,-8.27896],[39.32838,-8.26908],[39.32325,-8.2661],[39.32002,-8.26172],[39.31687,-8.24537],[39.31518,-8.24345],[39.31447,-8.25018],[39.31633,-8.25549],[39.31643,-8.26289],[39.31913,-8.26398],[39.32363,-8.27078],[39.32929,-8.27418],[39.33465,-8.28212],[39.34239,-8.28729],[39.34318,-8.29643],[39.3403,-8.29799],[39.33666,-8.29552],[39.33266,-8.29617],[39.32088,-8.28857],[39.327,-8.29623],[39.32617,-8.29868],[39.3222,-8.29689],[39.31739,-8.29239],[39.30871,-8.27976],[39.3047,-8.27702],[39.3006,-8.27185],[39.29919,-8.2688],[39.2982,-8.25822],[39.29491,-8.25676],[39.29575,-8.26631],[39.29462,-8.26836],[39.28459,-8.2668],[39.27504,-8.26853],[39.29256,-8.27675],[39.30189,-8.2853],[39.30645,-8.29526],[39.30719,-8.30018],[39.30438,-8.30329],[39.30218,-8.2998],[39.29341,-8.29998],[39.29282,-8.30139],[39.29733,-8.30163],[39.30136,-8.30564],[39.30192,-8.30786],[39.29263,-8.30521],[39.28748,-8.31079],[39.28444,-8.31156],[39.282,-8.3103],[39.28049,-8.3013],[39.27778,-8.29398],[39.27102,-8.28262],[39.26881,-8.28137],[39.26991,-8.28945],[39.27711,-8.30823],[39.27202,-8.31458],[39.26572,-8.31049],[39.25995,-8.29713],[39.25813,-8.29671],[39.26657,-8.31656],[39.26567,-8.31887],[39.26793,-8.32635],[39.26259,-8.31599],[39.24418,-8.2892],[39.23983,-8.27028],[39.24035,-8.24382],[39.23906,-8.22908],[39.24101,-8.22036],[39.24371,-8.22102],[39.25003,-8.21913],[39.25945,-8.21505],[39.26242,-8.21158],[39.26569,-8.21194],[39.26553,-8.20755],[39.26842,-8.20025],[39.27134,-8.20039],[39.27128,-8.20394],[39.27258,-8.20486],[39.27526,-8.20162],[39.27885,-8.20077],[39.28216,-8.1983],[39.25246,-8.17933],[39.25092,-8.17712],[39.25091,-8.16352],[39.25208,-8.15213],[39.25465,-8.14283],[39.26291,-8.1284],[39.25974,-8.11239],[39.26333,-8.11088],[39.26437,-8.10778],[39.26314,-8.10389],[39.2649,-8.10168],[39.26754,-8.10257],[39.26727,-8.1072],[39.26822,-8.10966],[39.27805,-8.11433],[39.27782,-8.11684],[39.27544,-8.11958],[39.27695,-8.12106]]]},"properties":{"region":"Pwani","district":"Kibiti","ward":"Kiongoroni","ward_code":"121"}}]}