{"type":"FeatureCollection","features":[{"type":"Feature","geometry":{"type":"Polygon","coordinates":[[[36.94486,-10.16848],[36.98529,-10.24745],[37.03102,-10.28359],[37.03766,-10.43362],[37.00474,-10.56978],[36.99515,-10.61901],[37.01521,-10.65409],[37.00159,-10.67061],[37.00487,-10.69788],[37.00001,-10.6967],[36.99747,-10.69467],[36.99339,-10.69798],[36.99062,-10.70174],[36.98926,-10.70203],[36.98852,-10.70049],[36.98754,-10.70053],[36.98484,-10.70444],[36.97931,-10.70268],[36.97388,-10.70583],[36.9729,-10.7076],[36.97084,-10.70753],[36.96817,-10.71007],[36.96735,-10.70533],[36.9663,-10.70494],[36.96267,-10.70775],[36.95486,-10.70671],[36.95141,-10.71003],[36.94981,-10.7103],[36.94871,-10.70749],[36.94495,-10.70507],[36.94464,-10.70109],[36.93652,-10.69903],[36.93291,-10.70207],[36.93102,-10.70192],[36.92898,-10.69785],[36.92915,-10.696],[36.92689,-10.69553],[36.92488,-10.69613],[36.92531,-10.70075],[36.92174,-10.70223],[36.91913,-10.69997],[36.92174,-10.69873],[36.92204,-10.69802],[36.92071,-10.69701],[36.91369,-10.70072],[36.90944,-10.69756],[36.90971,-10.69417],[36.9084,-10.69413],[36.90611,-10.69831],[36.90312,-10.69916],[36.90159,-10.7031],[36.90043,-10.70389],[36.89775,-10.70271],[36.89428,-10.70393],[36.89334,-10.70288],[36.89351,-10.69882],[36.89141,-10.69705],[36.88893,-10.6967],[36.88914,-10.69968],[36.88046,-10.70049],[36.87844,-10.69977],[36.87971,-10.69504],[36.87657,-10.69456],[36.87056,-10.69633],[36.86894,-10.69094],[36.86656,-10.68956],[36.86405,-10.68979],[36.86092,-10.68769],[36.86055,-10.6801],[36.85949,-10.67734],[36.85695,-10.67579],[36.85736,-10.67404],[36.85876,-10.67396],[36.85895,-10.67238],[36.85629,-10.67167],[36.8535,-10.67526],[36.85087,-10.67373],[36.85049,-10.67169],[36.84818,-10.67019],[36.84561,-10.66595],[36.84149,-10.66211],[36.83646,-10.66338],[36.83493,-10.66254],[36.83558,-10.65971],[36.83491,-10.65752],[36.83059,-10.65478],[36.82768,-10.66044],[36.82562,-10.65793],[36.81782,-10.65836],[36.81677,-10.65991],[36.81467,-10.65913],[36.80996,-10.6643],[36.80563,-10.66184],[36.80234,-10.66145],[36.80024,-10.66427],[36.79516,-10.66477],[36.79038,-10.6667],[36.78454,-10.67165],[36.78235,-10.6682],[36.77198,-10.66144],[36.76151,-10.66558],[36.75764,-10.66541],[36.74748,-10.67595],[36.74426,-10.67671],[36.74294,-10.6781],[36.73833,-10.67881],[36.73521,-10.68121],[36.73249,-10.68089],[36.72837,-10.68264],[36.72421,-10.67872],[36.71717,-10.6788],[36.71316,-10.67784],[36.70801,-10.68375],[36.70345,-10.68692],[36.69688,-10.68635],[36.69409,-10.68796],[36.68594,-10.68668],[36.68007,-10.69015],[36.67682,-10.69075],[36.67299,-10.68966],[36.66829,-10.69077],[36.66437,-10.68837],[36.66199,-10.68806],[36.65531,-10.68996],[36.65368,-10.69194],[36.64118,-10.69771],[36.60467,-10.69798],[36.57582,-10.70728],[36.54401,-10.70337],[36.5384,-10.6813],[36.53859,-10.66382],[36.55519,-10.61685],[36.57653,-10.57387],[36.59822,-10.53622],[36.65303,-10.4764],[36.69378,-10.43929],[36.70246,-10.41766],[36.70551,-10.39852],[36.69541,-10.38187],[36.69494,-10.37754],[36.69584,-10.3759],[36.69848,-10.37439],[36.70138,-10.36472],[36.70743,-10.36138],[36.71084,-10.35198],[36.71992,-10.34848],[36.72372,-10.34951],[36.72792,-10.3397],[36.73538,-10.33752],[36.73957,-10.32938],[36.75036,-10.32845],[36.76277,-10.314],[36.75721,-10.30672],[36.76059,-10.30369],[36.75605,-10.2941],[36.76019,-10.28792],[36.76841,-10.285],[36.77059,-10.27995],[36.76448,-10.27492],[36.77644,-10.26528],[36.78592,-10.26149],[36.81265,-10.24208],[36.83301,-10.22329],[36.84632,-10.21768],[36.85306,-10.19713],[36.86613,-10.20242],[36.87539,-10.17796],[36.86967,-10.16289],[36.87515,-10.15471],[36.86761,-10.14651],[36.86842,-10.13887],[36.87987,-10.13512],[36.87829,-10.11949],[36.89133,-10.11675],[36.88896,-10.10044],[36.89239,-10.10193],[36.94486,-10.16848]]]},"properties":{"region":"Ruvuma","district":"Tunduru","ward":"Kalulu","ward_code":"011"}},{"type":"Feature","geometry":{"type":"Polygon","coordinates":[[[37.24172,-10.34964],[37.24577,-10.63498],[37.23403,-10.75742],[37.22299,-10.79348],[37.24057,-10.8132],[37.23589,-10.80926],[37.23242,-10.81647],[37.22715,-10.81758],[37.22009,-10.82899],[37.2188,-10.83446],[37.2118,-10.83629],[37.20127,-10.83406],[37.19093,-10.85068],[37.18009,-10.85041],[37.17836,-10.85552],[37.16956,-10.85299],[37.16695,-10.85459],[37.16355,-10.86398],[37.15345,-10.86235],[37.15133,-10.86521],[37.14825,-10.86443],[37.14325,-10.8728],[37.13718,-10.8772],[37.13289,-10.87123],[37.12691,-10.86656],[37.12054,-10.85318],[37.11066,-10.84682],[37.10912,-10.83703],[37.10677,-10.83434],[37.10347,-10.83751],[37.10188,-10.83724],[37.10189,-10.83529],[37.09974,-10.83561],[37.09873,-10.83467],[37.09569,-10.83557],[37.09387,-10.83082],[37.09197,-10.82918],[37.08877,-10.83132],[37.08625,-10.82871],[37.08466,-10.82936],[37.08143,-10.82574],[37.07921,-10.82695],[37.07702,-10.82514],[37.0754,-10.82611],[37.07675,-10.82913],[37.07534,-10.83198],[37.05035,-10.80718],[37.0638,-10.78662],[37.06813,-10.73795],[37.07918,-10.73406],[37.13418,-10.73436],[37.14016,-10.72683],[37.15095,-10.68722],[37.14425,-10.66389],[37.14776,-10.6082],[37.1521,-10.6102],[37.16189,-10.60603],[37.15866,-10.60403],[37.15527,-10.60604],[37.15425,-10.60354],[37.15517,-10.59146],[37.15253,-10.58657],[37.1492,-10.58741],[37.14806,-10.58467],[37.14962,-10.58084],[37.14663,-10.57229],[37.14685,-10.56593],[37.14545,-10.56313],[37.14573,-10.55996],[37.15095,-10.55688],[37.15094,-10.54709],[37.15699,-10.5435],[37.15611,-10.54097],[37.15311,-10.54004],[37.151,-10.53759],[37.15745,-10.52747],[37.1629,-10.52577],[37.16363,-10.52251],[37.16187,-10.5184],[37.16318,-10.51239],[37.16636,-10.51019],[37.16391,-10.50074],[37.16776,-10.50051],[37.16987,-10.49883],[37.16241,-10.49043],[37.16457,-10.48519],[37.16342,-10.48051],[37.15975,-10.47757],[37.16434,-10.47136],[37.16182,-10.4697],[37.16134,-10.46753],[37.16377,-10.46611],[37.16579,-10.46325],[37.16303,-10.4591],[37.16408,-10.4564],[37.15816,-10.44961],[37.15427,-10.44009],[37.15314,-10.43403],[37.15607,-10.43324],[37.15769,-10.43061],[37.15676,-10.42471],[37.15985,-10.42228],[37.15964,-10.41666],[37.15704,-10.41428],[37.15736,-10.40852],[37.15866,-10.40448],[37.15493,-10.39984],[37.15142,-10.39994],[37.15559,-10.35659],[37.1563,-10.33296],[37.16006,-10.30372],[37.16987,-10.3077],[37.24172,-10.34964]]]},"properties":{"region":"Ruvuma","district":"Tunduru","ward":"Ligunga","ward_code":"021"}},{"type":"Feature","geometry":{"type":"Polygon","coordinates":[[[36.99796,-10.69478],[37.00365,-10.69813],[37.00487,-10.69788],[37.00583,-10.70514],[37.01137,-10.72372],[37.02344,-10.73027],[37.06169,-10.73795],[37.06813,-10.73795],[37.0638,-10.78662],[37.05035,-10.80718],[37.07534,-10.83198],[37.07172,-10.87981],[37.0386,-10.87705],[37.00805,-10.88057],[36.99815,-10.88049],[36.99721,-10.86693],[36.99865,-10.84839],[36.99825,-10.79795],[36.97381,-10.78727],[36.95498,-10.78114],[36.94863,-10.78018],[36.91271,-10.75608],[36.90944,-10.69756],[36.91369,-10.70072],[36.92071,-10.69701],[36.92204,-10.69802],[36.92174,-10.69873],[36.91913,-10.69997],[36.92174,-10.70223],[36.92531,-10.70075],[36.92488,-10.69613],[36.92915,-10.696],[36.92898,-10.69785],[36.93102,-10.70192],[36.93291,-10.70207],[36.93652,-10.69903],[36.94464,-10.70109],[36.94495,-10.70507],[36.94871,-10.70749],[36.94981,-10.7103],[36.95141,-10.71003],[36.95486,-10.70671],[36.96267,-10.70775],[36.9663,-10.70494],[36.96735,-10.70533],[36.96817,-10.71007],[36.97084,-10.70753],[36.9729,-10.7076],[36.97388,-10.70583],[36.97931,-10.70268],[36.98543,-10.70428],[36.98623,-10.70151],[36.98754,-10.70053],[36.98852,-10.70049],[36.98926,-10.70203],[36.99062,-10.70174],[36.99685,-10.695],[36.99796,-10.69478]]]},"properties":{"region":"Ruvuma","district":"Tunduru","ward":"Matemanga","ward_code":"231"}},{"type":"Feature","geometry":{"type":"Polygon","coordinates":[[[36.83558,-10.65971],[36.83493,-10.66254],[36.83646,-10.66338],[36.84149,-10.66211],[36.84561,-10.66595],[36.84818,-10.67019],[36.85049,-10.67169],[36.85087,-10.67373],[36.8535,-10.67526],[36.85629,-10.67167],[36.85895,-10.67238],[36.85876,-10.67396],[36.85736,-10.67404],[36.85695,-10.67579],[36.85949,-10.67734],[36.86055,-10.6801],[36.86092,-10.68769],[36.86405,-10.68979],[36.86656,-10.68956],[36.86894,-10.69094],[36.87056,-10.69633],[36.87657,-10.69456],[36.87971,-10.69504],[36.87844,-10.69977],[36.88046,-10.70049],[36.88914,-10.69968],[36.88893,-10.6967],[36.89141,-10.69705],[36.89351,-10.69882],[36.89375,-10.70357],[36.89775,-10.70271],[36.90043,-10.70389],[36.90371,-10.69844],[36.90611,-10.69831],[36.9084,-10.69413],[36.90971,-10.69417],[36.91271,-10.75608],[36.94863,-10.78018],[36.95498,-10.78114],[36.97381,-10.78727],[36.99825,-10.79795],[36.99865,-10.84839],[36.99721,-10.86693],[36.99815,-10.87941],[36.99818,-10.91086],[36.9935,-10.91168],[36.98824,-10.90594],[36.9835,-10.90419],[36.98062,-10.90467],[36.97932,-10.89896],[36.97284,-10.89867],[36.96942,-10.89743],[36.96621,-10.88973],[36.96445,-10.8886],[36.95977,-10.88792],[36.95377,-10.88199],[36.95419,-10.8806],[36.95677,-10.87895],[36.95573,-10.87647],[36.95361,-10.87639],[36.95043,-10.87987],[36.94797,-10.881],[36.94437,-10.88086],[36.94647,-10.87588],[36.94192,-10.87463],[36.93846,-10.87021],[36.93712,-10.86495],[36.93593,-10.86423],[36.92982,-10.86584],[36.92903,-10.86234],[36.92756,-10.86171],[36.92267,-10.86596],[36.92077,-10.86301],[36.9145,-10.85982],[36.91285,-10.86043],[36.91174,-10.86298],[36.91052,-10.8629],[36.90954,-10.86218],[36.90875,-10.85792],[36.90335,-10.85791],[36.9001,-10.85944],[36.89967,-10.85836],[36.90108,-10.85716],[36.90077,-10.85633],[36.89638,-10.85382],[36.89419,-10.85364],[36.89165,-10.85483],[36.88783,-10.85825],[36.88646,-10.85776],[36.88626,-10.85419],[36.88532,-10.85371],[36.88279,-10.85592],[36.87714,-10.85753],[36.87851,-10.85351],[36.87727,-10.85295],[36.87566,-10.85349],[36.87391,-10.85726],[36.87353,-10.85317],[36.87079,-10.85195],[36.86859,-10.85443],[36.86859,-10.85638],[36.86377,-10.85632],[36.86171,-10.85498],[36.83445,-10.87801],[36.83008,-10.88003],[36.82666,-10.87936],[36.8232,-10.88432],[36.8076,-10.89222],[36.75543,-10.89685],[36.72229,-10.87325],[36.68329,-10.83313],[36.61264,-10.83428],[36.58767,-10.81774],[36.53924,-10.74662],[36.54262,-10.72918],[36.54401,-10.70337],[36.57582,-10.70728],[36.60467,-10.69798],[36.64118,-10.69771],[36.65368,-10.69194],[36.65531,-10.68996],[36.66199,-10.68806],[36.66437,-10.68837],[36.66829,-10.69077],[36.67299,-10.68966],[36.67682,-10.69075],[36.68007,-10.69015],[36.68594,-10.68668],[36.69409,-10.68796],[36.69688,-10.68635],[36.70345,-10.68692],[36.70801,-10.68375],[36.71316,-10.67784],[36.71717,-10.6788],[36.72421,-10.67872],[36.72837,-10.68264],[36.73249,-10.68089],[36.73521,-10.68121],[36.73833,-10.67881],[36.74294,-10.6781],[36.74426,-10.67671],[36.74748,-10.67595],[36.75764,-10.66541],[36.76151,-10.66558],[36.77198,-10.66144],[36.78235,-10.6682],[36.78454,-10.67165],[36.79038,-10.6667],[36.79516,-10.66477],[36.80024,-10.66427],[36.80234,-10.66145],[36.80563,-10.66184],[36.80996,-10.6643],[36.81467,-10.65913],[36.81677,-10.65991],[36.81782,-10.65836],[36.82562,-10.65793],[36.82768,-10.66044],[36.83059,-10.65478],[36.83491,-10.65752],[36.83558,-10.65971]]]},"properties":{"region":"Ruvuma","district":"Tunduru","ward":"Namwinyu","ward_code":"241"}},{"type":"Feature","geometry":{"type":"Polygon","coordinates":[[[37.15559,-10.35659],[37.15142,-10.39994],[37.15493,-10.39984],[37.15866,-10.40448],[37.15736,-10.40852],[37.15704,-10.41428],[37.15964,-10.41666],[37.15985,-10.42228],[37.15676,-10.42471],[37.15769,-10.43061],[37.15607,-10.43324],[37.15314,-10.43403],[37.15427,-10.44009],[37.15816,-10.44961],[37.16408,-10.4564],[37.16303,-10.4591],[37.16579,-10.46325],[37.16377,-10.46611],[37.16134,-10.46753],[37.16182,-10.4697],[37.16434,-10.47136],[37.15975,-10.47757],[37.16342,-10.48051],[37.16457,-10.48519],[37.16241,-10.49043],[37.16987,-10.49883],[37.16776,-10.50051],[37.16391,-10.50074],[37.16636,-10.51019],[37.16318,-10.51239],[37.16187,-10.5184],[37.16363,-10.52251],[37.1629,-10.52577],[37.15745,-10.52747],[37.151,-10.53759],[37.15311,-10.54004],[37.15611,-10.54097],[37.15699,-10.5435],[37.15094,-10.54709],[37.15095,-10.55688],[37.14573,-10.55996],[37.14545,-10.56313],[37.14685,-10.56593],[37.14663,-10.57229],[37.14962,-10.58084],[37.14806,-10.58467],[37.1492,-10.58741],[37.15253,-10.58657],[37.15517,-10.59146],[37.15425,-10.60354],[37.15527,-10.60604],[37.15866,-10.60403],[37.16189,-10.60603],[37.1521,-10.6102],[37.14776,-10.6082],[37.14425,-10.66389],[37.15095,-10.68722],[37.14016,-10.72683],[37.13418,-10.73436],[37.07918,-10.73406],[37.06813,-10.73795],[37.06169,-10.73795],[37.02344,-10.73027],[37.01137,-10.72372],[37.00583,-10.70514],[37.00159,-10.67061],[37.01521,-10.65409],[36.99515,-10.61901],[37.00474,-10.56978],[37.03766,-10.43362],[37.03102,-10.28359],[37.10717,-10.29522],[37.15409,-10.30129],[37.16006,-10.30372],[37.1563,-10.33296],[37.15559,-10.35659]]]},"properties":{"region":"Ruvuma","district":"Tunduru","ward":"Jakika","ward_code":"291"}},{"type":"Feature","geometry":{"type":"Polygon","coordinates":[[[37.76283,-10.58071],[37.7583,-10.58868],[37.76342,-10.6037],[37.76054,-10.62659],[37.76471,-10.63858],[37.76491,-10.64325],[37.76708,-10.64472],[37.76844,-10.64768],[37.77011,-10.64804],[37.77368,-10.6529],[37.77344,-10.66103],[37.77522,-10.66394],[37.77747,-10.66516],[37.77847,-10.67124],[37.77798,-10.67691],[37.78015,-10.68056],[37.77987,-10.68257],[37.78131,-10.68398],[37.78281,-10.68983],[37.78161,-10.69971],[37.78371,-10.70307],[37.78648,-10.71584],[37.78614,-10.71858],[37.78386,-10.72053],[37.79209,-10.71967],[37.79819,-10.72237],[37.80732,-10.73156],[37.81392,-10.73231],[37.81649,-10.73402],[37.81989,-10.74124],[37.82477,-10.74831],[37.82596,-10.75227],[37.83139,-10.75562],[37.83753,-10.75594],[37.83064,-10.77384],[37.83094,-10.78363],[37.8354,-10.79528],[37.83528,-10.79909],[37.83673,-10.80085],[37.82173,-10.80733],[37.80885,-10.80858],[37.80687,-10.8101],[37.7918,-10.83712],[37.76638,-10.86757],[37.76541,-10.88844],[37.76587,-10.90943],[37.7646,-10.92476],[37.75205,-10.9271],[37.70715,-10.92866],[37.69735,-10.93046],[37.69132,-10.92424],[37.68499,-10.91388],[37.67298,-10.90011],[37.67301,-10.89513],[37.6769,-10.87683],[37.67641,-10.87262],[37.67828,-10.86166],[37.67728,-10.83991],[37.67767,-10.82664],[37.67678,-10.8197],[37.67802,-10.82047],[37.68469,-10.81856],[37.68862,-10.81888],[37.6904,-10.81734],[37.69033,-10.81575],[37.69441,-10.81436],[37.69261,-10.80991],[37.69755,-10.80491],[37.69995,-10.79779],[37.70337,-10.79546],[37.70097,-10.79003],[37.7011,-10.78801],[37.70301,-10.78712],[37.70416,-10.78873],[37.70676,-10.78889],[37.70955,-10.78322],[37.70976,-10.782],[37.7074,-10.78028],[37.7056,-10.77704],[37.70691,-10.77179],[37.70874,-10.77074],[37.70755,-10.76906],[37.7083,-10.76381],[37.70651,-10.76146],[37.70584,-10.75736],[37.70392,-10.75429],[37.70373,-10.75096],[37.69609,-10.74698],[37.69605,-10.74546],[37.69805,-10.7421],[37.69603,-10.73734],[37.69302,-10.73584],[37.69132,-10.73293],[37.69458,-10.73017],[37.69307,-10.7266],[37.69144,-10.72639],[37.68998,-10.72469],[37.68776,-10.71294],[37.68824,-10.70859],[37.67995,-10.70034],[37.67127,-10.69874],[37.66704,-10.69476],[37.662,-10.69283],[37.66443,-10.69011],[37.66392,-10.68877],[37.65659,-10.67759],[37.65569,-10.67419],[37.65022,-10.67056],[37.64945,-10.66368],[37.64552,-10.66285],[37.64072,-10.65903],[37.63939,-10.65697],[37.63971,-10.65387],[37.63793,-10.64808],[37.63534,-10.64767],[37.63195,-10.64499],[37.62972,-10.64492],[37.62742,-10.64062],[37.62286,-10.63781],[37.6262,-10.63035],[37.62477,-10.6274],[37.62673,-10.62521],[37.62263,-10.61921],[37.62287,-10.61595],[37.61902,-10.61018],[37.6194,-10.60321],[37.62367,-10.60085],[37.62388,-10.59872],[37.62249,-10.59664],[37.62892,-10.59361],[37.6305,-10.58917],[37.63053,-10.58526],[37.63565,-10.58316],[37.64011,-10.58334],[37.65467,-10.58936],[37.66357,-10.58972],[37.66836,-10.5886],[37.67571,-10.58374],[37.68215,-10.58083],[37.69313,-10.57802],[37.70771,-10.58045],[37.71537,-10.58105],[37.72246,-10.58043],[37.74243,-10.57635],[37.7544,-10.57052],[37.76142,-10.56903],[37.76283,-10.58071]]]},"properties":{"region":"Ruvuma","district":"Tunduru","ward":"Mindu","ward_code":"041"}},{"type":"Feature","geometry":{"type":"Polygon","coordinates":[[[37.90892,-10.70219],[37.89709,-10.70863],[37.8907,-10.71615],[37.88357,-10.71748],[37.88376,-10.71885],[37.88301,-10.71918],[37.87814,-10.71908],[37.87499,-10.7179],[37.8683,-10.71872],[37.86326,-10.71678],[37.85834,-10.71333],[37.85557,-10.71412],[37.85073,-10.71381],[37.8483,-10.71117],[37.84683,-10.71126],[37.84612,-10.72551],[37.84478,-10.73072],[37.83788,-10.74357],[37.83753,-10.75594],[37.83139,-10.75562],[37.82596,-10.75227],[37.82477,-10.74831],[37.81989,-10.74124],[37.81649,-10.73402],[37.81392,-10.73231],[37.80732,-10.73156],[37.79819,-10.72237],[37.79209,-10.71967],[37.78386,-10.72053],[37.78614,-10.71858],[37.78648,-10.71584],[37.78371,-10.70307],[37.78161,-10.69971],[37.78281,-10.68983],[37.78131,-10.68398],[37.77987,-10.68257],[37.78015,-10.68056],[37.77798,-10.67691],[37.77847,-10.67124],[37.77747,-10.66516],[37.77522,-10.66394],[37.77344,-10.66103],[37.77368,-10.6529],[37.77011,-10.64804],[37.76844,-10.64768],[37.76708,-10.64472],[37.76491,-10.64325],[37.76471,-10.63858],[37.76054,-10.62659],[37.76342,-10.6037],[37.7583,-10.58868],[37.76283,-10.58071],[37.76142,-10.56903],[37.7544,-10.57052],[37.74243,-10.57635],[37.72246,-10.58043],[37.71537,-10.58105],[37.70771,-10.58045],[37.69313,-10.57802],[37.68215,-10.58083],[37.67571,-10.58374],[37.66836,-10.5886],[37.66357,-10.58972],[37.65467,-10.58936],[37.64011,-10.58334],[37.63565,-10.58316],[37.63053,-10.58526],[37.62609,-10.57148],[37.62464,-10.57076],[37.62346,-10.56822],[37.62356,-10.56376],[37.62555,-10.55931],[37.62578,-10.55464],[37.62187,-10.55295],[37.6192,-10.54987],[37.61922,-10.54657],[37.62114,-10.54709],[37.62212,-10.5454],[37.62138,-10.54011],[37.61966,-10.53692],[37.61649,-10.53594],[37.61752,-10.53105],[37.61639,-10.53021],[37.61383,-10.53052],[37.61184,-10.52785],[37.6142,-10.5204],[37.61411,-10.51791],[37.61225,-10.518],[37.61142,-10.5195],[37.60868,-10.51918],[37.60846,-10.51652],[37.61031,-10.51616],[37.61085,-10.51391],[37.60747,-10.5138],[37.60825,-10.50807],[37.60438,-10.50623],[37.60571,-10.50337],[37.60266,-10.5009],[37.60359,-10.49774],[37.59971,-10.49493],[37.60091,-10.49293],[37.60475,-10.49397],[37.60733,-10.49257],[37.60632,-10.49055],[37.60192,-10.49005],[37.60171,-10.488],[37.60463,-10.48511],[37.60443,-10.48232],[37.60071,-10.4811],[37.59756,-10.48271],[37.59519,-10.48035],[37.59385,-10.47656],[37.5956,-10.47463],[37.59759,-10.47416],[37.59793,-10.47221],[37.59586,-10.47127],[37.59529,-10.46978],[37.59678,-10.46906],[37.59597,-10.46516],[37.59837,-10.45404],[37.59792,-10.45178],[37.59407,-10.44599],[37.59203,-10.44572],[37.58642,-10.43912],[37.58843,-10.43356],[37.58637,-10.42709],[37.67377,-10.41023],[37.67544,-10.41296],[37.67893,-10.41452],[37.67983,-10.41623],[37.67866,-10.41755],[37.68119,-10.41794],[37.68284,-10.41949],[37.68441,-10.42449],[37.68871,-10.42609],[37.6887,-10.43257],[37.69041,-10.43528],[37.6898,-10.43697],[37.6915,-10.44054],[37.69408,-10.43948],[37.69604,-10.44054],[37.70287,-10.43979],[37.70397,-10.44082],[37.70529,-10.4396],[37.70831,-10.44117],[37.71044,-10.43977],[37.71331,-10.44287],[37.71878,-10.44093],[37.72222,-10.44513],[37.72545,-10.4426],[37.73113,-10.44301],[37.73286,-10.44141],[37.73454,-10.44162],[37.73502,-10.44346],[37.73907,-10.44583],[37.74132,-10.44418],[37.74227,-10.44511],[37.74572,-10.44517],[37.74611,-10.44765],[37.75027,-10.44718],[37.75131,-10.4482],[37.75008,-10.45156],[37.75221,-10.45275],[37.75248,-10.45509],[37.75431,-10.45615],[37.75384,-10.45983],[37.75518,-10.46189],[37.76696,-10.46432],[37.76837,-10.46667],[37.77122,-10.46505],[37.77216,-10.46644],[37.7739,-10.46586],[37.77741,-10.46866],[37.78136,-10.46984],[37.78448,-10.47293],[37.78655,-10.47193],[37.78701,-10.4741],[37.78872,-10.47402],[37.79038,-10.47662],[37.79271,-10.477],[37.79293,-10.47995],[37.80119,-10.4824],[37.80195,-10.48542],[37.80619,-10.48486],[37.80718,-10.48391],[37.80795,-10.48519],[37.81235,-10.4865],[37.8148,-10.48925],[37.81618,-10.48956],[37.81823,-10.49267],[37.81804,-10.49396],[37.8204,-10.49398],[37.81961,-10.49584],[37.82144,-10.4975],[37.82128,-10.49915],[37.8237,-10.49982],[37.82574,-10.50256],[37.83285,-10.5062],[37.83243,-10.50833],[37.83455,-10.50945],[37.83405,-10.51127],[37.83569,-10.51278],[37.83478,-10.51535],[37.83527,-10.51627],[37.8369,-10.51613],[37.83679,-10.52052],[37.8385,-10.52124],[37.83882,-10.52757],[37.84092,-10.52975],[37.83941,-10.53143],[37.84523,-10.53546],[37.84748,-10.53617],[37.84861,-10.53541],[37.85026,-10.53757],[37.84954,-10.5398],[37.85115,-10.54],[37.85197,-10.54178],[37.85355,-10.54131],[37.85429,-10.54355],[37.85626,-10.54365],[37.85991,-10.54617],[37.86676,-10.55437],[37.86547,-10.55443],[37.86607,-10.55596],[37.86213,-10.55913],[37.86041,-10.56243],[37.86097,-10.56451],[37.8628,-10.56518],[37.86161,-10.56775],[37.8629,-10.57125],[37.8617,-10.57088],[37.85999,-10.576],[37.85764,-10.57493],[37.85597,-10.57656],[37.85809,-10.57789],[37.8588,-10.58089],[37.86287,-10.58176],[37.86539,-10.58124],[37.866,-10.5828],[37.86377,-10.58488],[37.86744,-10.58761],[37.86859,-10.58967],[37.86999,-10.59786],[37.87446,-10.60349],[37.87367,-10.60723],[37.87454,-10.61013],[37.87553,-10.61011],[37.8774,-10.61235],[37.87783,-10.6152],[37.87698,-10.615],[37.87495,-10.6185],[37.87538,-10.62413],[37.87869,-10.6233],[37.88389,-10.6299],[37.8877,-10.63024],[37.88851,-10.63263],[37.89587,-10.63404],[37.89734,-10.63754],[37.89682,-10.63906],[37.89817,-10.64146],[37.89813,-10.64442],[37.90271,-10.64632],[37.90292,-10.64814],[37.90601,-10.64732],[37.91019,-10.65215],[37.91015,-10.65351],[37.90806,-10.65544],[37.90858,-10.65876],[37.90757,-10.66011],[37.90931,-10.66128],[37.90793,-10.66426],[37.90156,-10.66689],[37.90045,-10.67246],[37.90131,-10.67417],[37.90251,-10.67376],[37.90235,-10.67594],[37.90532,-10.67744],[37.90514,-10.68206],[37.90871,-10.68403],[37.90742,-10.68728],[37.90871,-10.68839],[37.90789,-10.68988],[37.91209,-10.69067],[37.91328,-10.6917],[37.9134,-10.69335],[37.91441,-10.69226],[37.91728,-10.69272],[37.9202,-10.69578],[37.90892,-10.70219]],[[37.90887,-10.70208],[37.90887,-10.70208],[37.90892,-10.70219],[37.90887,-10.70208]]]},"properties":{"region":"Ruvuma","district":"Tunduru","ward":"Ngapa","ward_code":"051"}},{"type":"Feature","geometry":{"type":"Polygon","coordinates":[[[37.7944,-10.86141],[37.80481,-10.8707],[37.80961,-10.8796],[37.808,-10.8935],[37.80472,-10.90149],[37.80019,-10.92174],[37.80193,-10.92484],[37.804,-10.92533],[37.80364,-10.92646],[37.80506,-10.92807],[37.80591,-10.93361],[37.8078,-10.93371],[37.80736,-10.93596],[37.80867,-10.9371],[37.8071,-10.93827],[37.80838,-10.93943],[37.80779,-10.94041],[37.81009,-10.94243],[37.81177,-10.94819],[37.81367,-10.94928],[37.81471,-10.95362],[37.81583,-10.95342],[37.81532,-10.95447],[37.81667,-10.95548],[37.8144,-10.95918],[37.81409,-10.96404],[37.8154,-10.96549],[37.81561,-10.96772],[37.81689,-10.96808],[37.81682,-10.97192],[37.81837,-10.97183],[37.81874,-10.973],[37.81869,-10.97581],[37.81763,-10.97658],[37.81816,-10.97816],[37.81505,-10.98554],[37.81555,-10.98655],[37.81382,-10.98808],[37.81277,-10.99102],[37.81508,-10.99304],[37.81484,-10.99772],[37.81707,-11.00293],[37.81623,-11.00416],[37.81659,-11.00873],[37.81535,-11.00951],[37.81683,-11.01077],[37.81611,-11.011],[37.81679,-11.01217],[37.81566,-11.01601],[37.81647,-11.0174],[37.81557,-11.01771],[37.81576,-11.01979],[37.8144,-11.02322],[37.81515,-11.03236],[37.80804,-11.07046],[37.80708,-11.085],[37.80532,-11.092],[37.80374,-11.08935],[37.80289,-11.08456],[37.80599,-11.08063],[37.80257,-11.07766],[37.80054,-11.07263],[37.79786,-11.07198],[37.79558,-11.06878],[37.79576,-11.06435],[37.78986,-11.05864],[37.78745,-11.05432],[37.78184,-11.05102],[37.77857,-11.05078],[37.77578,-11.05174],[37.77293,-11.05056],[37.7694,-11.04443],[37.76387,-11.03993],[37.75584,-11.03763],[37.74894,-11.03415],[37.74277,-11.03293],[37.73203,-11.02638],[37.7258,-11.02491],[37.72474,-11.02545],[37.72389,-11.02332],[37.7241,-11.01909],[37.72288,-11.01745],[37.724,-11.00871],[37.7276,-10.99774],[37.7235,-10.98866],[37.72066,-10.98714],[37.72238,-10.98113],[37.72567,-10.97768],[37.71755,-10.97634],[37.71585,-10.97259],[37.71646,-10.96831],[37.71443,-10.96692],[37.71333,-10.9643],[37.71647,-10.96288],[37.71624,-10.96136],[37.71287,-10.96042],[37.70985,-10.9611],[37.70827,-10.95998],[37.70917,-10.9528],[37.71346,-10.94747],[37.71071,-10.94524],[37.70961,-10.94124],[37.71242,-10.93615],[37.70821,-10.93462],[37.70318,-10.93713],[37.70136,-10.93607],[37.70037,-10.9332],[37.69735,-10.93046],[37.70715,-10.92866],[37.75205,-10.9271],[37.7646,-10.92476],[37.76587,-10.90943],[37.76541,-10.88844],[37.76638,-10.86757],[37.78937,-10.84026],[37.79169,-10.84302],[37.79172,-10.85379],[37.7944,-10.86141]]]},"properties":{"region":"Ruvuma","district":"Tunduru","ward":"Nakapanya","ward_code":"061"}},{"type":"Feature","geometry":{"type":"Polygon","coordinates":[[[37.50242,-10.86425],[37.50468,-10.90551],[37.50258,-10.92874],[37.50227,-10.94054],[37.5033,-10.94533],[37.49238,-10.94655],[37.4817,-10.95221],[37.4638,-10.9533],[37.44452,-10.95075],[37.42732,-10.95513],[37.42024,-10.9556],[37.40893,-10.95551],[37.39602,-10.95358],[37.37783,-10.95393],[37.37032,-10.9496],[37.3656,-10.94133],[37.35561,-10.92736],[37.35337,-10.92064],[37.35144,-10.91799],[37.35265,-10.91809],[37.35757,-10.91513],[37.35783,-10.91062],[37.36,-10.91063],[37.36021,-10.90838],[37.36259,-10.90852],[37.36369,-10.90755],[37.3631,-10.90604],[37.36579,-10.90545],[37.36628,-10.90419],[37.36017,-10.89488],[37.34839,-10.89019],[37.33949,-10.88895],[37.33699,-10.88733],[37.32925,-10.87093],[37.32036,-10.86616],[37.34482,-10.8468],[37.35386,-10.81639],[37.37288,-10.7988],[37.38371,-10.74873],[37.38932,-10.67108],[37.35516,-10.5613],[37.35166,-10.37955],[37.50399,-10.40657],[37.50188,-10.45037],[37.50279,-10.47106],[37.5017,-10.48441],[37.50202,-10.5056],[37.50296,-10.51495],[37.50153,-10.54567],[37.50193,-10.58927],[37.50083,-10.60244],[37.50239,-10.63913],[37.5019,-10.69583],[37.50373,-10.7115],[37.50159,-10.72975],[37.50163,-10.7515],[37.50275,-10.76165],[37.50188,-10.78847],[37.50286,-10.79819],[37.50162,-10.81195],[37.50269,-10.83356],[37.50158,-10.85037],[37.50315,-10.85763],[37.50242,-10.86425]]]},"properties":{"region":"Ruvuma","district":"Tunduru","ward":"Muhuwesi","ward_code":"071"}},{"type":"Feature","geometry":{"type":"Polygon","coordinates":[[[37.62893,-10.64384],[37.63534,-10.64767],[37.63793,-10.64808],[37.63971,-10.65387],[37.63939,-10.65697],[37.64072,-10.65903],[37.64552,-10.66285],[37.64945,-10.66368],[37.65022,-10.67056],[37.65569,-10.67419],[37.65659,-10.67759],[37.66392,-10.68877],[37.66443,-10.69011],[37.662,-10.69283],[37.66704,-10.69476],[37.67127,-10.69874],[37.67995,-10.70034],[37.68824,-10.70859],[37.68776,-10.71294],[37.68998,-10.72469],[37.69144,-10.72639],[37.69307,-10.7266],[37.69458,-10.73017],[37.69132,-10.73293],[37.69302,-10.73584],[37.69603,-10.73734],[37.69805,-10.7421],[37.69605,-10.74546],[37.69609,-10.74698],[37.70373,-10.75096],[37.70392,-10.75429],[37.70584,-10.75736],[37.70651,-10.76146],[37.7083,-10.76381],[37.70755,-10.76906],[37.70874,-10.77074],[37.70691,-10.77179],[37.7056,-10.77704],[37.7074,-10.78028],[37.70976,-10.782],[37.70955,-10.78322],[37.70676,-10.78889],[37.70416,-10.78873],[37.70301,-10.78712],[37.7011,-10.78801],[37.70097,-10.79003],[37.70337,-10.79546],[37.69995,-10.79779],[37.69755,-10.80491],[37.69261,-10.80991],[37.69441,-10.81436],[37.69033,-10.81575],[37.6904,-10.81734],[37.68862,-10.81888],[37.68469,-10.81856],[37.67802,-10.82047],[37.67678,-10.8197],[37.67767,-10.82664],[37.67728,-10.83991],[37.67828,-10.86166],[37.67641,-10.87262],[37.6769,-10.87683],[37.67301,-10.89513],[37.67298,-10.90011],[37.68499,-10.91388],[37.69132,-10.92424],[37.70037,-10.9332],[37.70136,-10.93607],[37.70318,-10.93713],[37.70821,-10.93462],[37.71242,-10.93615],[37.70961,-10.94124],[37.71071,-10.94524],[37.71346,-10.94747],[37.70917,-10.9528],[37.70827,-10.95998],[37.70985,-10.9611],[37.71287,-10.96042],[37.71624,-10.96136],[37.71647,-10.96288],[37.71333,-10.9643],[37.71443,-10.96692],[37.71646,-10.96831],[37.71585,-10.97259],[37.71755,-10.97634],[37.72567,-10.97768],[37.72238,-10.98113],[37.72066,-10.98714],[37.7235,-10.98866],[37.7276,-10.99774],[37.724,-11.00871],[37.72288,-11.01745],[37.7241,-11.01909],[37.72389,-11.02332],[37.72474,-11.02545],[37.72237,-11.02667],[37.72083,-11.02513],[37.71718,-11.02725],[37.71534,-11.02574],[37.71113,-11.01571],[37.70936,-11.01491],[37.70156,-11.01712],[37.69427,-11.01443],[37.68957,-11.01722],[37.68484,-11.01461],[37.67825,-11.01816],[37.67534,-11.01783],[37.67363,-11.01539],[37.6686,-11.01269],[37.66393,-11.01187],[37.6619,-11.00927],[37.66109,-11.00365],[37.65861,-11.00332],[37.65466,-11.00549],[37.65134,-11.00593],[37.64443,-11.00375],[37.64189,-11.00167],[37.64049,-10.9984],[37.64095,-10.99512],[37.63833,-10.99301],[37.63462,-10.99402],[37.62988,-11.00071],[37.62637,-10.99355],[37.62491,-10.98446],[37.62594,-10.97224],[37.62253,-10.95612],[37.62333,-10.94949],[37.62671,-10.94086],[37.62744,-10.92626],[37.62403,-10.9201],[37.62261,-10.91404],[37.61369,-10.89571],[37.60626,-10.88373],[37.60432,-10.87628],[37.60418,-10.87079],[37.60786,-10.84311],[37.61485,-10.84179],[37.61657,-10.84067],[37.6214,-10.84066],[37.62439,-10.83815],[37.62289,-10.83075],[37.62136,-10.80432],[37.62469,-10.74833],[37.62405,-10.74355],[37.62481,-10.72169],[37.6228,-10.68004],[37.62388,-10.65906],[37.62332,-10.6384],[37.62742,-10.64062],[37.62893,-10.64384]]]},"properties":{"region":"Ruvuma","district":"Tunduru","ward":"Namiungo","ward_code":"281"}},{"type":"Feature","geometry":{"type":"Polygon","coordinates":[[[37.59519,-10.48035],[37.59756,-10.48271],[37.60071,-10.4811],[37.60443,-10.48232],[37.60463,-10.48511],[37.60171,-10.488],[37.60192,-10.49005],[37.60632,-10.49055],[37.60733,-10.49257],[37.60475,-10.49397],[37.60091,-10.49293],[37.59971,-10.49493],[37.60359,-10.49774],[37.60266,-10.5009],[37.60571,-10.50337],[37.60438,-10.50623],[37.60825,-10.50807],[37.60747,-10.5138],[37.61085,-10.51391],[37.61031,-10.51616],[37.60846,-10.51652],[37.60868,-10.51918],[37.61142,-10.5195],[37.61225,-10.518],[37.61411,-10.51791],[37.6142,-10.5204],[37.61184,-10.52785],[37.61383,-10.53052],[37.61639,-10.53021],[37.61752,-10.53105],[37.61649,-10.53594],[37.61966,-10.53692],[37.62138,-10.54011],[37.62212,-10.5454],[37.62114,-10.54709],[37.61922,-10.54657],[37.6192,-10.54987],[37.62187,-10.55295],[37.62578,-10.55464],[37.62555,-10.55931],[37.62356,-10.56376],[37.62346,-10.56822],[37.62464,-10.57076],[37.62609,-10.57148],[37.63053,-10.58526],[37.6305,-10.58917],[37.62892,-10.59361],[37.62249,-10.59664],[37.62388,-10.59872],[37.62367,-10.60085],[37.6194,-10.60321],[37.61897,-10.60939],[37.62287,-10.61595],[37.62263,-10.61921],[37.62673,-10.62521],[37.62477,-10.6274],[37.6262,-10.63035],[37.62286,-10.63781],[37.62388,-10.65906],[37.6228,-10.68004],[37.62481,-10.72169],[37.62405,-10.74355],[37.62469,-10.74833],[37.62136,-10.80432],[37.62289,-10.83075],[37.62451,-10.83706],[37.62384,-10.83901],[37.6214,-10.84066],[37.61657,-10.84067],[37.61485,-10.84179],[37.60786,-10.84311],[37.60418,-10.87079],[37.60432,-10.87628],[37.60626,-10.88373],[37.61369,-10.89571],[37.62261,-10.91404],[37.62403,-10.9201],[37.62744,-10.92626],[37.62671,-10.94086],[37.62333,-10.94949],[37.62253,-10.95612],[37.62594,-10.97224],[37.62491,-10.98446],[37.62637,-10.99355],[37.62988,-11.00071],[37.62662,-11.00152],[37.6188,-10.99834],[37.61622,-10.99846],[37.61389,-10.99498],[37.61159,-10.99409],[37.60972,-10.99008],[37.60701,-10.98965],[37.6015,-10.99224],[37.59935,-10.99207],[37.59803,-10.9908],[37.59663,-10.98788],[37.59855,-10.97644],[37.60509,-10.96795],[37.59549,-10.96273],[37.59016,-10.95708],[37.58669,-10.95642],[37.57698,-10.95151],[37.57663,-10.94974],[37.57957,-10.94434],[37.57438,-10.93701],[37.57071,-10.93501],[37.57033,-10.93217],[37.57234,-10.92725],[37.57704,-10.92398],[37.57721,-10.9214],[37.57431,-10.91998],[37.56922,-10.92026],[37.56266,-10.91858],[37.5569,-10.91884],[37.55193,-10.91491],[37.54911,-10.91072],[37.54386,-10.90894],[37.54059,-10.90563],[37.53766,-10.90426],[37.53539,-10.90463],[37.53218,-10.90301],[37.53133,-10.89868],[37.52735,-10.8978],[37.52391,-10.8992],[37.51949,-10.8989],[37.51389,-10.89391],[37.50468,-10.90551],[37.50242,-10.86425],[37.50315,-10.85763],[37.50158,-10.85037],[37.50269,-10.83356],[37.50162,-10.81195],[37.50286,-10.79819],[37.50188,-10.78847],[37.50275,-10.76165],[37.50163,-10.7515],[37.50159,-10.72975],[37.50373,-10.7115],[37.5019,-10.69583],[37.50239,-10.63913],[37.50083,-10.60244],[37.50193,-10.58927],[37.50153,-10.54567],[37.50296,-10.51495],[37.50202,-10.5056],[37.5017,-10.48441],[37.50279,-10.47106],[37.50188,-10.45037],[37.50399,-10.40657],[37.58496,-10.42126],[37.58738,-10.42489],[37.58615,-10.42758],[37.58843,-10.43356],[37.58642,-10.43912],[37.59203,-10.44572],[37.59407,-10.44599],[37.59792,-10.45178],[37.59837,-10.45404],[37.59597,-10.46516],[37.59678,-10.46906],[37.59529,-10.46978],[37.59586,-10.47127],[37.59793,-10.47221],[37.59759,-10.47416],[37.5956,-10.47463],[37.59385,-10.47656],[37.59519,-10.48035]]]},"properties":{"region":"Ruvuma","district":"Tunduru","ward":"Majimaji","ward_code":"371"}},{"type":"Feature","geometry":{"type":"Polygon","coordinates":[[[37.84131,-10.80215],[37.84425,-10.81054],[37.84688,-10.81337],[37.85402,-10.81623],[37.85917,-10.82038],[37.86324,-10.82116],[37.86465,-10.8254],[37.86772,-10.83009],[37.87386,-10.83511],[37.87319,-10.83783],[37.87604,-10.83904],[37.88023,-10.83742],[37.88749,-10.83734],[37.88936,-10.83778],[37.89841,-10.84419],[37.90223,-10.84247],[37.91033,-10.83322],[37.91605,-10.83295],[37.92734,-10.83472],[37.93685,-10.84143],[37.94051,-10.8426],[37.9499,-10.84394],[37.96236,-10.84427],[37.96716,-10.84594],[37.97225,-10.84379],[37.9775,-10.84493],[37.97785,-10.84639],[37.98062,-10.84583],[37.98257,-10.84684],[37.98293,-10.84604],[37.98992,-10.849],[37.99363,-10.85341],[37.99336,-10.85586],[37.99505,-10.85841],[38.00102,-10.86355],[38.00256,-10.86387],[38.00287,-10.86654],[38.00573,-10.86813],[38.00698,-10.87057],[38.00962,-10.87137],[38.00935,-10.8732],[38.01133,-10.87589],[38.01065,-10.88131],[38.01174,-10.88434],[38.01317,-10.88442],[38.01435,-10.88859],[38.0116,-10.89384],[38.01245,-10.89504],[38.01415,-10.89532],[38.01767,-10.90048],[38.01924,-10.90099],[38.01985,-10.90496],[38.01906,-10.90751],[38.01607,-10.90926],[38.01435,-10.91169],[38.01425,-10.91466],[38.01301,-10.91664],[38.01427,-10.92223],[38.01313,-10.92466],[38.00901,-10.92836],[38.01096,-10.93307],[38.01068,-10.93535],[38.01227,-10.93644],[38.01237,-10.93774],[38.01222,-10.93955],[38.009,-10.94146],[38.01315,-10.94984],[38.01837,-10.95077],[38.02212,-10.95612],[38.02189,-10.95901],[38.02324,-10.96381],[38.02267,-10.96474],[38.02043,-10.96508],[38.02049,-10.97127],[38.02271,-10.97789],[38.02052,-10.97848],[38.01952,-10.97977],[38.0191,-10.9873],[38.01491,-10.99259],[38.01703,-10.99516],[38.0167,-10.99937],[38.01977,-11.004],[38.02177,-11.00493],[38.02232,-11.00755],[38.0212,-11.01502],[38.01812,-11.01673],[38.01767,-11.01885],[38.01946,-11.02363],[38.02536,-11.02842],[38.0237,-11.03248],[38.03057,-11.04553],[38.03438,-11.04787],[38.04024,-11.05536],[38.03959,-11.05753],[38.04156,-11.06027],[38.04049,-11.06564],[38.04186,-11.07228],[38.04078,-11.07504],[38.04123,-11.07712],[38.04347,-11.0794],[38.04294,-11.08146],[38.04446,-11.08347],[38.04961,-11.08366],[38.05199,-11.08582],[38.05248,-11.0898],[38.04936,-11.10186],[38.05178,-11.11004],[38.04843,-11.11268],[38.0498,-11.11982],[38.0515,-11.12315],[38.05115,-11.12776],[38.04894,-11.12861],[38.04815,-11.13092],[38.05001,-11.13515],[38.04942,-11.13878],[38.05416,-11.14353],[38.0592,-11.14531],[38.06154,-11.14841],[38.06863,-11.15244],[38.0709,-11.15495],[38.07676,-11.15735],[38.07551,-11.15882],[38.07657,-11.16416],[38.07123,-11.16636],[38.07025,-11.16945],[38.07179,-11.17369],[38.07579,-11.17709],[38.07639,-11.18316],[38.0757,-11.18498],[38.0721,-11.18504],[38.07074,-11.18648],[38.07074,-11.18808],[38.07928,-11.19579],[38.07646,-11.20535],[38.07724,-11.20752],[38.08511,-11.21714],[38.09031,-11.21916],[38.09245,-11.22145],[38.09257,-11.22448],[38.09037,-11.22641],[38.08666,-11.2275],[38.08798,-11.23374],[38.09032,-11.23812],[38.09047,-11.24123],[38.09288,-11.24303],[38.09675,-11.24416],[38.10088,-11.24343],[38.10404,-11.24447],[38.11256,-11.25802],[38.10727,-11.26113],[38.0897,-11.26746],[38.0622,-11.27458],[38.04492,-11.27002],[38.03743,-11.27041],[38.02671,-11.26907],[38.0165,-11.27109],[38.01186,-11.26911],[38.009,-11.26617],[37.99894,-11.26269],[37.99468,-11.26211],[37.98287,-11.26239],[37.9758,-11.2649],[37.9605,-11.26481],[37.94732,-11.25922],[37.9472,-11.24971],[37.94918,-11.24227],[37.94844,-11.23786],[37.94904,-11.23559],[37.95563,-11.23276],[37.95642,-11.2302],[37.95475,-11.227],[37.94401,-11.2218],[37.9382,-11.21642],[37.93601,-11.21656],[37.92837,-11.22097],[37.92554,-11.22],[37.91963,-11.21335],[37.90699,-11.20243],[37.90564,-11.1984],[37.90324,-11.17715],[37.89076,-11.17432],[37.88421,-11.17089],[37.87941,-11.17214],[37.87413,-11.16787],[37.86847,-11.16102],[37.85858,-11.15157],[37.85618,-11.14788],[37.85162,-11.14643],[37.84179,-11.13658],[37.83232,-11.12327],[37.82659,-11.11887],[37.81744,-11.10585],[37.80915,-11.09842],[37.80532,-11.092],[37.80708,-11.085],[37.80804,-11.07046],[37.81515,-11.03236],[37.8144,-11.02322],[37.81576,-11.01979],[37.81557,-11.01771],[37.81647,-11.0174],[37.81566,-11.01601],[37.81679,-11.01217],[37.81655,-11.01002],[37.81535,-11.00951],[37.81659,-11.00873],[37.81623,-11.00416],[37.81707,-11.00293],[37.81484,-10.99772],[37.81451,-10.99453],[37.81532,-10.9937],[37.81277,-10.99102],[37.81382,-10.98808],[37.81555,-10.98655],[37.81505,-10.98554],[37.81816,-10.97816],[37.81763,-10.97658],[37.81869,-10.97581],[37.81874,-10.973],[37.81837,-10.97183],[37.81682,-10.97192],[37.81689,-10.96808],[37.81561,-10.96772],[37.8154,-10.96549],[37.81409,-10.96404],[37.8144,-10.95918],[37.81667,-10.95548],[37.81532,-10.95447],[37.81583,-10.95342],[37.81471,-10.95362],[37.81367,-10.94928],[37.81177,-10.94819],[37.81009,-10.94243],[37.80779,-10.94041],[37.80838,-10.93943],[37.8071,-10.93827],[37.80867,-10.9371],[37.80736,-10.93596],[37.8078,-10.93371],[37.80591,-10.93361],[37.80506,-10.92807],[37.80364,-10.92646],[37.804,-10.92533],[37.80193,-10.92484],[37.80019,-10.92174],[37.80472,-10.90149],[37.808,-10.8935],[37.80961,-10.8796],[37.80481,-10.8707],[37.7944,-10.86141],[37.79114,-10.85204],[37.79169,-10.84302],[37.78937,-10.84026],[37.79989,-10.82355],[37.80687,-10.8101],[37.80885,-10.80858],[37.82173,-10.80733],[37.83673,-10.80085],[37.84131,-10.80215]]]},"properties":{"region":"Ruvuma","district":"Tunduru","ward":"Namakambale","ward_code":"381"}},{"type":"Feature","geometry":{"type":"MultiPolygon","coordinates":[[[[37.90892,-10.70219],[37.90887,-10.70208],[37.90887,-10.70208],[37.90892,-10.70219]]],[[[37.89709,-10.70863],[37.9202,-10.69578],[37.9205,-10.69886],[37.9224,-10.69926],[37.924,-10.69716],[37.9256,-10.69977],[37.92864,-10.70101],[37.92656,-10.70415],[37.92832,-10.70529],[37.92717,-10.71369],[37.92911,-10.71531],[37.93019,-10.71416],[37.93129,-10.71542],[37.93252,-10.71491],[37.93485,-10.71971],[37.93433,-10.72185],[37.93967,-10.7248],[37.94019,-10.72908],[37.94159,-10.72775],[37.9423,-10.72814],[37.9418,-10.73018],[37.94263,-10.73198],[37.94733,-10.7318],[37.94832,-10.73525],[37.9494,-10.73561],[37.94865,-10.7399],[37.95145,-10.74129],[37.95149,-10.74339],[37.95279,-10.74331],[37.95587,-10.74792],[37.9577,-10.74891],[37.95805,-10.75153],[37.96178,-10.75347],[37.96259,-10.75597],[37.96067,-10.75881],[37.96528,-10.76445],[37.96687,-10.76446],[37.9679,-10.76643],[37.97002,-10.76774],[37.97012,-10.76902],[37.97204,-10.77088],[37.97198,-10.77429],[37.97383,-10.77575],[37.97329,-10.77974],[37.97487,-10.78351],[37.97731,-10.78361],[37.97659,-10.78489],[37.9826,-10.78788],[37.98233,-10.78968],[37.98327,-10.79118],[37.98233,-10.79262],[37.98324,-10.79485],[37.98522,-10.79397],[37.98911,-10.79568],[37.98651,-10.79881],[37.98751,-10.80081],[37.98901,-10.80126],[37.98822,-10.80403],[37.98964,-10.80416],[37.98846,-10.80714],[37.99005,-10.80812],[37.9882,-10.81122],[37.98675,-10.81059],[37.98639,-10.80922],[37.9828,-10.81074],[37.98463,-10.81279],[37.98645,-10.81095],[37.98707,-10.81189],[37.9869,-10.81439],[37.9883,-10.81618],[37.98783,-10.81724],[37.98918,-10.8184],[37.98835,-10.8206],[37.98886,-10.82155],[37.99036,-10.81983],[37.99137,-10.82044],[37.99249,-10.81942],[37.99526,-10.81954],[37.99536,-10.82239],[37.99683,-10.82533],[37.9951,-10.82754],[38.00218,-10.8334],[38.00202,-10.83505],[37.99951,-10.83726],[38.00117,-10.84385],[38.00356,-10.84498],[38.00394,-10.84639],[38.0031,-10.84742],[38.00144,-10.84703],[38.00068,-10.84851],[38.00258,-10.85355],[38.00066,-10.85604],[37.99843,-10.85673],[37.99842,-10.86149],[37.99336,-10.85586],[37.99305,-10.85249],[37.98992,-10.849],[37.98595,-10.84688],[37.9799,-10.84577],[37.97785,-10.84639],[37.9775,-10.84493],[37.97225,-10.84379],[37.96716,-10.84594],[37.96236,-10.84427],[37.9499,-10.84394],[37.94051,-10.8426],[37.93685,-10.84143],[37.92734,-10.83472],[37.91605,-10.83295],[37.91033,-10.83322],[37.90223,-10.84247],[37.89841,-10.84419],[37.88936,-10.83778],[37.88749,-10.83734],[37.88023,-10.83742],[37.87604,-10.83904],[37.87319,-10.83783],[37.87386,-10.83511],[37.86772,-10.83009],[37.86465,-10.8254],[37.86324,-10.82116],[37.85917,-10.82038],[37.85402,-10.81623],[37.84688,-10.81337],[37.84425,-10.81054],[37.84131,-10.80215],[37.83725,-10.80127],[37.83528,-10.79909],[37.8354,-10.79528],[37.83094,-10.78363],[37.83064,-10.77384],[37.83753,-10.75701],[37.83788,-10.74357],[37.84478,-10.73072],[37.84703,-10.71724],[37.84683,-10.71126],[37.8483,-10.71117],[37.85073,-10.71381],[37.85557,-10.71412],[37.85834,-10.71333],[37.86326,-10.71678],[37.8683,-10.71872],[37.87499,-10.7179],[37.87814,-10.71908],[37.88301,-10.71918],[37.88376,-10.71885],[37.88357,-10.71748],[37.8907,-10.71615],[37.89709,-10.70863]]]]},"properties":{"region":"Ruvuma","district":"Tunduru","ward":"Tinginya","ward_code":"391"}},{"type":"Feature","geometry":{"type":"Polygon","coordinates":[[[37.33575,-11.03307],[37.34132,-11.04176],[37.341,-11.04276],[37.34323,-11.04425],[37.34056,-11.04675],[37.34073,-11.04933],[37.33988,-11.05022],[37.33698,-11.04916],[37.33548,-11.04554],[37.32972,-11.03825],[37.33575,-11.03307]]]},"properties":{"region":"Ruvuma","district":"Tunduru","ward":"Mlingoti Mashariki","ward_code":"033"}},{"type":"Feature","geometry":{"type":"Polygon","coordinates":[[[37.30957,-11.07697],[37.31288,-11.07893],[37.31523,-11.07861],[37.32007,-11.08295],[37.37448,-11.08282],[37.36677,-11.10718],[37.35957,-11.1087],[37.32654,-11.12526],[37.30085,-11.13548],[37.27981,-11.14266],[37.27782,-11.14153],[37.27797,-11.13939],[37.2751,-11.13868],[37.272,-11.13398],[37.25933,-11.14002],[37.25624,-11.13632],[37.25427,-11.13603],[37.24381,-11.13591],[37.24374,-11.13516],[37.24151,-11.13511],[37.23469,-11.13653],[37.22898,-11.13918],[37.20721,-11.15782],[37.20603,-11.16503],[37.20394,-11.16689],[37.19195,-11.15432],[37.19099,-11.14653],[37.202,-11.12714],[37.20012,-11.12206],[37.19227,-11.11725],[37.18935,-11.10974],[37.19735,-11.09364],[37.20653,-11.08428],[37.23033,-11.07189],[37.23048,-11.06774],[37.23197,-11.06514],[37.23435,-11.06402],[37.23567,-11.062],[37.23874,-11.04522],[37.28492,-11.04072],[37.28744,-11.05431],[37.30172,-11.06521],[37.30957,-11.07697]]]},"properties":{"region":"Ruvuma","district":"Tunduru","ward":"Mlingoti Magharibi","ward_code":"191"}},{"type":"Feature","geometry":{"type":"Polygon","coordinates":[[[37.24172,-10.34964],[37.28852,-10.36314],[37.29716,-10.36285],[37.35166,-10.37955],[37.35516,-10.5613],[37.38932,-10.67108],[37.38371,-10.74873],[37.37288,-10.7988],[37.35386,-10.81639],[37.34482,-10.8468],[37.32036,-10.86616],[37.32925,-10.87093],[37.33699,-10.88733],[37.33949,-10.88895],[37.34839,-10.89019],[37.36017,-10.89488],[37.36636,-10.90506],[37.3631,-10.90604],[37.36369,-10.90755],[37.36259,-10.90852],[37.36021,-10.90838],[37.36,-10.91063],[37.35783,-10.91062],[37.35757,-10.91513],[37.34919,-10.91988],[37.34916,-10.92247],[37.34708,-10.92329],[37.34309,-10.92916],[37.34064,-10.93078],[37.3368,-10.96309],[37.34019,-10.99399],[37.34208,-11.00001],[37.3433,-11.00997],[37.33643,-11.02738],[37.33214,-11.02595],[37.33302,-11.02872],[37.33476,-11.03028],[37.33556,-11.03352],[37.32972,-11.03825],[37.32564,-11.03134],[37.31974,-11.02526],[37.31949,-11.02356],[37.31013,-11.01199],[37.30835,-11.00724],[37.30777,-11.00021],[37.3044,-10.99684],[37.29856,-10.98193],[37.30492,-10.97277],[37.30832,-10.95821],[37.2959,-10.95402],[37.29334,-10.94649],[37.27954,-10.93226],[37.27226,-10.93234],[37.2739,-10.90176],[37.27085,-10.89667],[37.26092,-10.89602],[37.25865,-10.89421],[37.25797,-10.89087],[37.25491,-10.88549],[37.25033,-10.88233],[37.24416,-10.8311],[37.24433,-10.82295],[37.24057,-10.8132],[37.22299,-10.79348],[37.23403,-10.75742],[37.24577,-10.63498],[37.24172,-10.34964]]]},"properties":{"region":"Ruvuma","district":"Tunduru","ward":"Masonya","ward_code":"303"}},{"type":"Feature","geometry":{"type":"Polygon","coordinates":[[[37.51949,-10.8989],[37.52391,-10.8992],[37.52735,-10.8978],[37.53133,-10.89868],[37.53218,-10.90301],[37.53539,-10.90463],[37.53766,-10.90426],[37.54059,-10.90563],[37.54386,-10.90894],[37.54911,-10.91072],[37.55193,-10.91491],[37.5569,-10.91884],[37.56266,-10.91858],[37.56922,-10.92026],[37.57431,-10.91998],[37.57721,-10.9214],[37.57704,-10.92398],[37.57234,-10.92725],[37.57033,-10.93217],[37.57071,-10.93501],[37.57438,-10.93701],[37.57957,-10.94434],[37.57663,-10.94974],[37.57698,-10.95151],[37.57188,-10.95396],[37.54556,-10.95322],[37.54496,-10.95478],[37.53489,-10.95434],[37.53193,-10.97352],[37.5256,-10.97831],[37.52445,-10.99508],[37.45931,-10.99359],[37.45138,-10.99409],[37.41935,-11.02398],[37.37769,-11.02155],[37.36778,-11.01553],[37.36246,-11.01352],[37.3433,-11.00997],[37.34208,-11.00001],[37.34019,-10.99399],[37.3368,-10.96309],[37.34064,-10.93078],[37.34309,-10.92916],[37.34708,-10.92329],[37.34916,-10.92247],[37.34919,-10.91988],[37.35144,-10.91799],[37.35337,-10.92064],[37.35561,-10.92736],[37.3656,-10.94133],[37.37032,-10.9496],[37.37783,-10.95393],[37.39602,-10.95358],[37.40893,-10.95551],[37.42024,-10.9556],[37.42732,-10.95513],[37.44452,-10.95075],[37.4638,-10.9533],[37.4817,-10.95221],[37.49238,-10.94655],[37.5033,-10.94533],[37.50227,-10.94054],[37.50258,-10.92874],[37.50468,-10.90551],[37.51389,-10.89391],[37.51949,-10.8989]]]},"properties":{"region":"Ruvuma","district":"Tunduru","ward":"Sisi Kwa Sisi","ward_code":"311"}},{"type":"Feature","geometry":{"type":"Polygon","coordinates":[[[37.41519,-11.02373],[37.41922,-11.03182],[37.41587,-11.0352],[37.41217,-11.03567],[37.41153,-11.03658],[37.41141,-11.03738],[37.41412,-11.03806],[37.41413,-11.0393],[37.41082,-11.05009],[37.41849,-11.04977],[37.42259,-11.04839],[37.42826,-11.05126],[37.44007,-11.05397],[37.43887,-11.06444],[37.44039,-11.07612],[37.42913,-11.07747],[37.42351,-11.07649],[37.41971,-11.07479],[37.41568,-11.0747],[37.41029,-11.07299],[37.40821,-11.06813],[37.40655,-11.06708],[37.40381,-11.06709],[37.40206,-11.06811],[37.38019,-11.06411],[37.3768,-11.07314],[37.37448,-11.08282],[37.36779,-11.08286],[37.36231,-11.08154],[37.36012,-11.07961],[37.35569,-11.07795],[37.34995,-11.07335],[37.34776,-11.0702],[37.34458,-11.06224],[37.34075,-11.05584],[37.34246,-11.05372],[37.33988,-11.05022],[37.34073,-11.04933],[37.34056,-11.04675],[37.34323,-11.04425],[37.341,-11.04276],[37.34132,-11.04176],[37.33732,-11.03631],[37.33214,-11.02595],[37.33643,-11.02738],[37.3433,-11.00997],[37.36246,-11.01352],[37.36778,-11.01553],[37.37769,-11.02155],[37.41519,-11.02373]]]},"properties":{"region":"Ruvuma","district":"Tunduru","ward":"Mchangani","ward_code":"321"}},{"type":"Feature","geometry":{"type":"Polygon","coordinates":[[[37.32138,-11.04379],[37.32719,-11.04365],[37.32815,-11.04202],[37.32761,-11.04079],[37.32909,-11.03972],[37.32994,-11.04087],[37.33104,-11.04015],[37.33548,-11.04554],[37.33698,-11.04916],[37.33988,-11.05022],[37.34244,-11.05404],[37.32681,-11.04871],[37.32526,-11.05177],[37.32076,-11.05274],[37.31301,-11.04875],[37.29954,-11.04706],[37.28492,-11.04072],[37.28543,-11.03347],[37.28624,-11.03255],[37.28566,-11.0295],[37.28759,-11.02687],[37.28608,-11.02407],[37.29986,-11.02941],[37.31696,-11.04124],[37.32138,-11.04379]]]},"properties":{"region":"Ruvuma","district":"Tunduru","ward":"Majengo","ward_code":"333"}},{"type":"Feature","geometry":{"type":"Polygon","coordinates":[[[37.31301,-11.04875],[37.32076,-11.05274],[37.32526,-11.05177],[37.32681,-11.04871],[37.34244,-11.05404],[37.34075,-11.05584],[37.34995,-11.07335],[37.35569,-11.07795],[37.36012,-11.07961],[37.36231,-11.08154],[37.36779,-11.08286],[37.32007,-11.08295],[37.31523,-11.07861],[37.31288,-11.07893],[37.30957,-11.07697],[37.30172,-11.06521],[37.28744,-11.05431],[37.28492,-11.04072],[37.29954,-11.04706],[37.31301,-11.04875]]]},"properties":{"region":"Ruvuma","district":"Tunduru","ward":"Nanjoka","ward_code":"343"}},{"type":"Feature","geometry":{"type":"Polygon","coordinates":[[[37.30777,-11.00021],[37.30835,-11.00724],[37.31013,-11.01199],[37.31949,-11.02356],[37.31974,-11.02526],[37.32564,-11.03134],[37.33104,-11.04015],[37.32994,-11.04087],[37.32909,-11.03972],[37.32773,-11.04068],[37.32815,-11.04202],[37.32668,-11.04389],[37.32138,-11.04379],[37.29986,-11.02941],[37.28608,-11.02407],[37.28201,-11.01703],[37.28429,-11.01223],[37.28806,-11.00973],[37.28939,-11.00631],[37.28414,-10.99986],[37.28558,-10.99146],[37.25957,-10.97611],[37.26609,-10.97458],[37.27128,-10.97109],[37.27514,-10.95737],[37.27317,-10.95099],[37.27226,-10.93234],[37.27954,-10.93226],[37.29334,-10.94649],[37.2959,-10.95402],[37.30832,-10.95821],[37.30492,-10.97277],[37.29856,-10.98193],[37.3044,-10.99684],[37.30777,-11.00021]]]},"properties":{"region":"Ruvuma","district":"Tunduru","ward":"Nakayaya","ward_code":"353"}},{"type":"Feature","geometry":{"type":"Polygon","coordinates":[[[37.28436,-11.00017],[37.28893,-11.00479],[37.28939,-11.00631],[37.28806,-11.00973],[37.28429,-11.01223],[37.28201,-11.01703],[37.28759,-11.02687],[37.28566,-11.0295],[37.28624,-11.03255],[37.28543,-11.03347],[37.28492,-11.04072],[37.23874,-11.04522],[37.23567,-11.062],[37.23435,-11.06402],[37.23197,-11.06514],[37.23048,-11.06774],[37.23033,-11.07189],[37.20653,-11.08428],[37.19735,-11.09364],[37.18935,-11.10974],[37.19227,-11.11725],[37.20012,-11.12206],[37.202,-11.12714],[37.19099,-11.14653],[37.19195,-11.15432],[37.1794,-11.15096],[37.16968,-11.15322],[37.15247,-11.16099],[37.14469,-11.15758],[37.13999,-11.15796],[37.13562,-11.15673],[37.13265,-11.15437],[37.12924,-11.15314],[37.1271,-11.15302],[37.12373,-11.15527],[37.11967,-11.1542],[37.11343,-11.15522],[37.10338,-11.15254],[37.09603,-11.1518],[37.08675,-11.14645],[37.08864,-11.13125],[37.08675,-11.11313],[37.06882,-11.04618],[37.07271,-11.02486],[37.07915,-11.0134],[37.09946,-11.00929],[37.11855,-11.00905],[37.13128,-11.01115],[37.15594,-11.00917],[37.16775,-11.01058],[37.21886,-11.0067],[37.21929,-10.99552],[37.22211,-10.98815],[37.25054,-10.98648],[37.26683,-10.98088],[37.28558,-10.99146],[37.28436,-11.00017]]]},"properties":{"region":"Ruvuma","district":"Tunduru","ward":"Kidodoma","ward_code":"201"}},{"type":"Feature","geometry":{"type":"Polygon","coordinates":[[[37.24416,-10.8311],[37.25033,-10.88233],[37.25491,-10.88549],[37.25797,-10.89087],[37.25865,-10.89421],[37.26092,-10.89602],[37.27085,-10.89667],[37.2739,-10.90176],[37.272,-10.93419],[37.27317,-10.95099],[37.27514,-10.95737],[37.27128,-10.97109],[37.26609,-10.97458],[37.25957,-10.97611],[37.26683,-10.98088],[37.25054,-10.98648],[37.22211,-10.98815],[37.21929,-10.99552],[37.21886,-11.0067],[37.17741,-11.01008],[37.18444,-10.97317],[37.15852,-10.94638],[37.15127,-10.91325],[37.13718,-10.8772],[37.14325,-10.8728],[37.14825,-10.86443],[37.15133,-10.86521],[37.15345,-10.86235],[37.16355,-10.86398],[37.16695,-10.85459],[37.16956,-10.85299],[37.17836,-10.85552],[37.18009,-10.85041],[37.19093,-10.85068],[37.20127,-10.83406],[37.2118,-10.83629],[37.2188,-10.83446],[37.22009,-10.82899],[37.22715,-10.81758],[37.23242,-10.81647],[37.23589,-10.80926],[37.24057,-10.8132],[37.2421,-10.81624],[37.24433,-10.82295],[37.24416,-10.8311]]]},"properties":{"region":"Ruvuma","district":"Tunduru","ward":"Nandembo","ward_code":"211"}},{"type":"Feature","geometry":{"type":"Polygon","coordinates":[[[37.07702,-10.82514],[37.07921,-10.82695],[37.08143,-10.82574],[37.08466,-10.82936],[37.08625,-10.82871],[37.08877,-10.83132],[37.09197,-10.82918],[37.09387,-10.83082],[37.09569,-10.83557],[37.09873,-10.83467],[37.09974,-10.83561],[37.10189,-10.83529],[37.10188,-10.83724],[37.10347,-10.83751],[37.10677,-10.83434],[37.10912,-10.83703],[37.11066,-10.84682],[37.12054,-10.85318],[37.12691,-10.86656],[37.13289,-10.87123],[37.13718,-10.8772],[37.15127,-10.91325],[37.15852,-10.94638],[37.18444,-10.97317],[37.17741,-11.01008],[37.1748,-11.00949],[37.16775,-11.01058],[37.15594,-11.00917],[37.13128,-11.01115],[37.11855,-11.00905],[37.09946,-11.00929],[37.07915,-11.0134],[37.07271,-11.02486],[37.06882,-11.04618],[37.08675,-11.11313],[37.08864,-11.13125],[37.08675,-11.14645],[37.08324,-11.19733],[37.09098,-11.25394],[37.0889,-11.25665],[37.08567,-11.25843],[37.08173,-11.25777],[37.05003,-11.24139],[37.01897,-11.23485],[37.02558,-11.22627],[37.02064,-11.18272],[36.99405,-11.18474],[36.96365,-11.19527],[36.94661,-11.2034],[36.92959,-11.20909],[36.91297,-11.19852],[36.87636,-11.22585],[36.86912,-11.22279],[36.85902,-11.2222],[36.85524,-11.22432],[36.85,-11.22243],[36.84422,-11.21822],[36.83774,-11.22247],[36.83231,-11.22458],[36.82565,-11.22569],[36.82447,-11.22762],[36.8221,-11.22884],[36.82294,-11.23127],[36.82002,-11.23176],[36.81688,-11.23095],[36.81587,-11.23426],[36.81001,-11.23585],[36.81117,-11.23735],[36.81096,-11.23921],[36.80836,-11.23802],[36.80331,-11.23942],[36.80071,-11.24122],[36.79898,-11.24097],[36.79721,-11.24246],[36.79359,-11.24236],[36.79123,-11.24334],[36.78965,-11.24738],[36.78609,-11.24778],[36.78526,-11.25161],[36.78008,-11.25414],[36.77649,-11.2535],[36.77337,-11.25902],[36.76997,-11.25453],[36.76601,-11.25213],[36.76611,-11.25079],[36.77051,-11.24822],[36.77099,-11.24197],[36.77449,-11.23315],[36.77234,-11.2307],[36.76712,-11.22812],[36.7653,-11.22528],[36.76866,-11.22198],[36.76886,-11.21582],[36.7722,-11.21192],[36.7719,-11.21008],[36.76944,-11.20957],[36.76639,-11.20721],[36.76649,-11.20399],[36.76922,-11.20145],[36.76869,-11.19713],[36.76467,-11.19679],[36.7624,-11.20014],[36.75936,-11.20096],[36.7577,-11.19975],[36.75587,-11.19622],[36.75619,-11.191],[36.75464,-11.18572],[36.74946,-11.18883],[36.74705,-11.18674],[36.74676,-11.18109],[36.74142,-11.18101],[36.74008,-11.17422],[36.73644,-11.16785],[36.73061,-11.1652],[36.73241,-11.16339],[36.7327,-11.16083],[36.7276,-11.15888],[36.72807,-11.15359],[36.724,-11.15014],[36.72366,-11.14689],[36.72155,-11.14672],[36.72085,-11.1442],[36.72395,-11.14218],[36.72411,-11.13765],[36.71842,-11.13406],[36.7186,-11.12693],[36.72044,-11.12419],[36.72038,-11.11858],[36.71486,-11.11607],[36.71392,-11.11087],[36.71865,-11.11245],[36.71879,-11.10793],[36.71598,-11.10719],[36.71496,-11.10591],[36.71515,-11.10443],[36.71785,-11.10222],[36.71892,-11.10237],[36.71997,-11.09818],[36.71763,-11.09556],[36.71781,-11.09254],[36.71574,-11.09109],[36.71904,-11.08846],[36.71802,-11.08474],[36.71905,-11.08176],[36.72047,-11.0802],[36.76148,-11.05728],[36.78704,-11.00046],[36.7855,-10.94973],[36.76854,-10.90619],[36.75543,-10.89685],[36.8076,-10.89222],[36.8232,-10.88432],[36.82666,-10.87936],[36.83008,-10.88003],[36.83445,-10.87801],[36.86171,-10.85498],[36.86377,-10.85632],[36.86859,-10.85638],[36.86859,-10.85443],[36.87079,-10.85195],[36.87353,-10.85317],[36.87391,-10.85726],[36.87566,-10.85349],[36.87727,-10.85295],[36.87851,-10.85351],[36.87714,-10.85753],[36.88279,-10.85592],[36.88532,-10.85371],[36.88626,-10.85419],[36.88646,-10.85776],[36.88783,-10.85825],[36.89165,-10.85483],[36.89419,-10.85364],[36.89638,-10.85382],[36.90077,-10.85633],[36.90108,-10.85716],[36.89967,-10.85836],[36.9001,-10.85944],[36.90335,-10.85791],[36.90875,-10.85792],[36.90954,-10.86218],[36.91052,-10.8629],[36.91174,-10.86298],[36.91285,-10.86043],[36.9145,-10.85982],[36.92077,-10.86301],[36.92267,-10.86596],[36.92756,-10.86171],[36.92903,-10.86234],[36.92982,-10.86584],[36.93593,-10.86423],[36.93712,-10.86495],[36.93846,-10.87021],[36.94192,-10.87463],[36.94647,-10.87588],[36.94437,-10.88086],[36.94797,-10.881],[36.95043,-10.87987],[36.95361,-10.87639],[36.95573,-10.87647],[36.95677,-10.87895],[36.95419,-10.8806],[36.95377,-10.88199],[36.95977,-10.88792],[36.96445,-10.8886],[36.96621,-10.88973],[36.96942,-10.89743],[36.97284,-10.89867],[36.97932,-10.89896],[36.98062,-10.90467],[36.9835,-10.90419],[36.98824,-10.90594],[36.9935,-10.91168],[36.99818,-10.91086],[36.99815,-10.88049],[37.00805,-10.88057],[37.0386,-10.87705],[37.07172,-10.87981],[37.07534,-10.83198],[37.07675,-10.82913],[37.0754,-10.82611],[37.07702,-10.82514]]]},"properties":{"region":"Ruvuma","district":"Tunduru","ward":"Nampungu","ward_code":"221"}},{"type":"Feature","geometry":{"type":"Polygon","coordinates":[[[37.38019,-11.06411],[37.40206,-11.06811],[37.40381,-11.06709],[37.40655,-11.06708],[37.40821,-11.06813],[37.41029,-11.07299],[37.42913,-11.07747],[37.43886,-11.07581],[37.44449,-11.07676],[37.45303,-11.07631],[37.47747,-11.06708],[37.47617,-11.08733],[37.47393,-11.10361],[37.4662,-11.11641],[37.46644,-11.1174],[37.46269,-11.11542],[37.46131,-11.11281],[37.45448,-11.11124],[37.45303,-11.10991],[37.43846,-11.10808],[37.43157,-11.10932],[37.42703,-11.11151],[37.42448,-11.12367],[37.42477,-11.12825],[37.41489,-11.21988],[37.41501,-11.22854],[37.41402,-11.23376],[37.41483,-11.24184],[37.41274,-11.24547],[37.41133,-11.25143],[37.39704,-11.24984],[37.37287,-11.2454],[37.37088,-11.2436],[37.36597,-11.24289],[37.36117,-11.23907],[37.36068,-11.23692],[37.35661,-11.23298],[37.35154,-11.2321],[37.34763,-11.23256],[37.34374,-11.23101],[37.3345,-11.22005],[37.32525,-11.21397],[37.3235,-11.20681],[37.30904,-11.18887],[37.30177,-11.17801],[37.29687,-11.16797],[37.29424,-11.16563],[37.2942,-11.16396],[37.29218,-11.16083],[37.2894,-11.15885],[37.28923,-11.15665],[37.28615,-11.15406],[37.28347,-11.14579],[37.27981,-11.14266],[37.29387,-11.13815],[37.32654,-11.12526],[37.35957,-11.1087],[37.36677,-11.10718],[37.38019,-11.06411]]]},"properties":{"region":"Ruvuma","district":"Tunduru","ward":"Tuwemacho","ward_code":"081"}},{"type":"Feature","geometry":{"type":"Polygon","coordinates":[[[37.57698,-10.95151],[37.58669,-10.95642],[37.59016,-10.95708],[37.59549,-10.96273],[37.60509,-10.96795],[37.59855,-10.97644],[37.59663,-10.98788],[37.59935,-10.99207],[37.6015,-10.99224],[37.60701,-10.98965],[37.60972,-10.99008],[37.61159,-10.99409],[37.61389,-10.99498],[37.61622,-10.99846],[37.6188,-10.99834],[37.62662,-11.00152],[37.62988,-11.00071],[37.63462,-10.99402],[37.63833,-10.99301],[37.64095,-10.99512],[37.64049,-10.9984],[37.64189,-11.00167],[37.64443,-11.00375],[37.65134,-11.00593],[37.65466,-11.00549],[37.65861,-11.00332],[37.66109,-11.00365],[37.6619,-11.00927],[37.66393,-11.01187],[37.6686,-11.01269],[37.67363,-11.01539],[37.67534,-11.01783],[37.67825,-11.01816],[37.68484,-11.01461],[37.68957,-11.01722],[37.69427,-11.01443],[37.70156,-11.01712],[37.70936,-11.01491],[37.71113,-11.01571],[37.71534,-11.02574],[37.71718,-11.02725],[37.72083,-11.02513],[37.72237,-11.02667],[37.7258,-11.02491],[37.73203,-11.02638],[37.74277,-11.03293],[37.74894,-11.03415],[37.75584,-11.03763],[37.76387,-11.03993],[37.7694,-11.04443],[37.77293,-11.05056],[37.77578,-11.05174],[37.77857,-11.05078],[37.78184,-11.05102],[37.78745,-11.05432],[37.78986,-11.05864],[37.79576,-11.06435],[37.79558,-11.06878],[37.79642,-11.06986],[37.79494,-11.07142],[37.79216,-11.07118],[37.79186,-11.0738],[37.7849,-11.07754],[37.78132,-11.07647],[37.78165,-11.07408],[37.77617,-11.07029],[37.77477,-11.07047],[37.7718,-11.06652],[37.76883,-11.06929],[37.76605,-11.06845],[37.76578,-11.06503],[37.76179,-11.06443],[37.76102,-11.06283],[37.75697,-11.06348],[37.75595,-11.06185],[37.75117,-11.06752],[37.75022,-11.06729],[37.7487,-11.06865],[37.74307,-11.06515],[37.73906,-11.06502],[37.73554,-11.06346],[37.73074,-11.06755],[37.72812,-11.06888],[37.72717,-11.06837],[37.72451,-11.07033],[37.72288,-11.06982],[37.72113,-11.07147],[37.71873,-11.07153],[37.71822,-11.07253],[37.71554,-11.07159],[37.70914,-11.0732],[37.70696,-11.07172],[37.70552,-11.07203],[37.70038,-11.07559],[37.699,-11.07764],[37.69634,-11.07803],[37.6933,-11.08061],[37.69118,-11.08034],[37.6901,-11.08301],[37.68899,-11.08269],[37.68598,-11.08635],[37.68317,-11.08731],[37.67978,-11.09115],[37.67271,-11.09438],[37.66991,-11.09411],[37.66595,-11.09743],[37.66328,-11.09808],[37.65928,-11.09583],[37.6546,-11.09722],[37.64889,-11.09753],[37.64744,-11.09971],[37.64614,-11.09937],[37.64547,-11.10167],[37.64096,-11.10342],[37.63735,-11.10263],[37.63716,-11.10126],[37.63045,-11.09469],[37.62696,-11.09519],[37.62452,-11.09395],[37.62278,-11.09478],[37.62125,-11.09302],[37.61625,-11.09321],[37.61263,-11.09109],[37.60248,-11.09485],[37.59623,-11.08243],[37.59473,-11.08062],[37.58974,-11.07865],[37.58334,-11.079],[37.56833,-11.08281],[37.55209,-11.08101],[37.5305,-11.08201],[37.52307,-11.08395],[37.522,-11.08602],[37.52186,-11.09779],[37.52096,-11.10042],[37.51624,-11.10257],[37.51412,-11.10181],[37.511,-11.10382],[37.51095,-11.1056],[37.50784,-11.1089],[37.50501,-11.11008],[37.50019,-11.1155],[37.4943,-11.12786],[37.49226,-11.1288],[37.47894,-11.12698],[37.47025,-11.1269],[37.46851,-11.12574],[37.4662,-11.11641],[37.47393,-11.10361],[37.47617,-11.08733],[37.47747,-11.06708],[37.47417,-11.05893],[37.47295,-11.05143],[37.4738,-11.04208],[37.47245,-11.02062],[37.47314,-11.0196],[37.48926,-11.01892],[37.49276,-11.01765],[37.49664,-11.01733],[37.49984,-11.0186],[37.52493,-11.01554],[37.52443,-10.99406],[37.5256,-10.97831],[37.53193,-10.97352],[37.53489,-10.95434],[37.54496,-10.95478],[37.54556,-10.95322],[37.57188,-10.95396],[37.57698,-10.95151]]]},"properties":{"region":"Ruvuma","district":"Tunduru","ward":"Ligoma","ward_code":"091"}},{"type":"Feature","geometry":{"type":"Polygon","coordinates":[[[37.75697,-11.06348],[37.76102,-11.06283],[37.76179,-11.06443],[37.76578,-11.06503],[37.76605,-11.06845],[37.76883,-11.06929],[37.7718,-11.06652],[37.77477,-11.07047],[37.77617,-11.07029],[37.78165,-11.07408],[37.78132,-11.07647],[37.78219,-11.07711],[37.7849,-11.07754],[37.78732,-11.07639],[37.79005,-11.07409],[37.79186,-11.0738],[37.79216,-11.07118],[37.79494,-11.07142],[37.79642,-11.06986],[37.79786,-11.07198],[37.80054,-11.07263],[37.80257,-11.07766],[37.80599,-11.08063],[37.80289,-11.08456],[37.80374,-11.08935],[37.80915,-11.09842],[37.81744,-11.10585],[37.82659,-11.11887],[37.83232,-11.12327],[37.84179,-11.13658],[37.85162,-11.14643],[37.85618,-11.14788],[37.85858,-11.15157],[37.86847,-11.16102],[37.87413,-11.16787],[37.87941,-11.17214],[37.88421,-11.17089],[37.89076,-11.17432],[37.90324,-11.17715],[37.90564,-11.1984],[37.90699,-11.20243],[37.91963,-11.21335],[37.92554,-11.22],[37.92837,-11.22097],[37.93601,-11.21656],[37.9382,-11.21642],[37.94401,-11.2218],[37.95475,-11.227],[37.95642,-11.2302],[37.95563,-11.23276],[37.94904,-11.23559],[37.94844,-11.23786],[37.94918,-11.24227],[37.9472,-11.24971],[37.94731,-11.25921],[37.93558,-11.25895],[37.91524,-11.26111],[37.88487,-11.27891],[37.87142,-11.28606],[37.86218,-11.28982],[37.85742,-11.29309],[37.8609,-11.30092],[37.83197,-11.30813],[37.82991,-11.31835],[37.82965,-11.33354],[37.82648,-11.3548],[37.82765,-11.37148],[37.82382,-11.37329],[37.81859,-11.37403],[37.81548,-11.37911],[37.8143,-11.39574],[37.80579,-11.41095],[37.79716,-11.40018],[37.77721,-11.4028],[37.76189,-11.39034],[37.74578,-11.38414],[37.72897,-11.3886],[37.71594,-11.39826],[37.70586,-11.4075],[37.65398,-11.36764],[37.6353,-11.32001],[37.62061,-11.3051],[37.6182,-11.28404],[37.58725,-11.27154],[37.57465,-11.26436],[37.56151,-11.2608],[37.55365,-11.26063],[37.53655,-11.25795],[37.53423,-11.25862],[37.53219,-11.25745],[37.53143,-11.25516],[37.52493,-11.2548],[37.51996,-11.25782],[37.51862,-11.25999],[37.51433,-11.26149],[37.51277,-11.2642],[37.5078,-11.267],[37.50351,-11.26546],[37.4991,-11.26707],[37.49558,-11.26564],[37.49205,-11.26725],[37.48996,-11.26626],[37.4905,-11.24877],[37.48967,-11.23174],[37.49353,-11.228],[37.49791,-11.22112],[37.50151,-11.21832],[37.50045,-11.21276],[37.50963,-11.21214],[37.51085,-11.20969],[37.51296,-11.20899],[37.51898,-11.20123],[37.52649,-11.19984],[37.53093,-11.19511],[37.53482,-11.19278],[37.54058,-11.19454],[37.54591,-11.19411],[37.54996,-11.19066],[37.55325,-11.18337],[37.55795,-11.17936],[37.55965,-11.17362],[37.563,-11.17139],[37.56692,-11.17331],[37.57144,-11.17362],[37.57833,-11.1727],[37.58483,-11.17025],[37.58793,-11.1707],[37.58834,-11.17154],[37.59658,-11.17119],[37.59602,-11.16644],[37.60006,-11.14619],[37.59936,-11.12104],[37.60002,-11.10697],[37.60248,-11.09485],[37.61263,-11.09109],[37.61625,-11.09321],[37.62125,-11.09302],[37.62278,-11.09478],[37.62452,-11.09395],[37.62696,-11.09519],[37.63045,-11.09469],[37.63716,-11.10126],[37.63735,-11.10263],[37.64096,-11.10342],[37.64547,-11.10167],[37.64614,-11.09937],[37.64744,-11.09971],[37.64889,-11.09753],[37.6546,-11.09722],[37.65928,-11.09583],[37.66328,-11.09808],[37.66765,-11.09646],[37.66991,-11.09411],[37.67271,-11.09438],[37.67978,-11.09115],[37.68317,-11.08731],[37.68598,-11.08635],[37.68899,-11.08269],[37.6901,-11.08301],[37.69118,-11.08034],[37.6933,-11.08061],[37.69634,-11.07803],[37.699,-11.07764],[37.70038,-11.07559],[37.70552,-11.07203],[37.70696,-11.07172],[37.70914,-11.0732],[37.71554,-11.07159],[37.71822,-11.07253],[37.71873,-11.07153],[37.72113,-11.07147],[37.72288,-11.06982],[37.72451,-11.07033],[37.72717,-11.06837],[37.72812,-11.06888],[37.73074,-11.06755],[37.73554,-11.06346],[37.73906,-11.06502],[37.74307,-11.06515],[37.7487,-11.06865],[37.75022,-11.06729],[37.75117,-11.06752],[37.75595,-11.06185],[37.75697,-11.06348]]]},"properties":{"region":"Ruvuma","district":"Tunduru","ward":"Misechela","ward_code":"101"}},{"type":"Feature","geometry":{"type":"Polygon","coordinates":[[[37.59473,-11.08062],[37.60248,-11.09485],[37.60002,-11.10697],[37.59936,-11.12104],[37.60006,-11.14619],[37.59602,-11.16644],[37.59658,-11.17119],[37.58834,-11.17154],[37.58793,-11.1707],[37.58483,-11.17025],[37.57833,-11.1727],[37.57144,-11.17362],[37.56692,-11.17331],[37.563,-11.17139],[37.55965,-11.17362],[37.55795,-11.17936],[37.55325,-11.18337],[37.54996,-11.19066],[37.54591,-11.19411],[37.54058,-11.19454],[37.53482,-11.19278],[37.53093,-11.19511],[37.52649,-11.19984],[37.51898,-11.20123],[37.51296,-11.20899],[37.51085,-11.20969],[37.50963,-11.21214],[37.50045,-11.21276],[37.50151,-11.21832],[37.49791,-11.22112],[37.49353,-11.228],[37.48967,-11.23174],[37.4905,-11.24877],[37.48995,-11.26616],[37.48519,-11.26728],[37.4811,-11.26572],[37.47781,-11.26273],[37.4759,-11.26289],[37.47303,-11.26503],[37.46714,-11.26445],[37.45955,-11.26853],[37.44823,-11.26496],[37.44105,-11.26057],[37.43707,-11.2626],[37.4337,-11.26025],[37.43015,-11.25953],[37.42702,-11.25578],[37.42384,-11.25438],[37.41254,-11.25378],[37.41133,-11.25143],[37.41274,-11.24547],[37.41483,-11.24184],[37.41402,-11.23376],[37.41501,-11.22854],[37.41489,-11.21988],[37.42477,-11.12825],[37.42448,-11.12367],[37.42703,-11.11151],[37.43157,-11.10932],[37.43846,-11.10808],[37.45303,-11.10991],[37.45448,-11.11124],[37.46131,-11.11281],[37.46269,-11.11542],[37.46644,-11.1174],[37.46851,-11.12574],[37.47025,-11.1269],[37.47894,-11.12698],[37.49226,-11.1288],[37.4943,-11.12786],[37.50019,-11.1155],[37.50501,-11.11008],[37.50784,-11.1089],[37.51095,-11.1056],[37.511,-11.10382],[37.51412,-11.10181],[37.51624,-11.10257],[37.52096,-11.10042],[37.52186,-11.09779],[37.522,-11.08602],[37.52307,-11.08395],[37.5305,-11.08201],[37.54804,-11.08096],[37.56833,-11.08281],[37.58334,-11.079],[37.58974,-11.07865],[37.59473,-11.08062]]]},"properties":{"region":"Ruvuma","district":"Tunduru","ward":"Namasakata","ward_code":"111"}},{"type":"Feature","geometry":{"type":"Polygon","coordinates":[[[37.52493,-11.01554],[37.49984,-11.0186],[37.49664,-11.01733],[37.48926,-11.01892],[37.47314,-11.0196],[37.47245,-11.02062],[37.4738,-11.04208],[37.47295,-11.05143],[37.47417,-11.05893],[37.47747,-11.06708],[37.45682,-11.07523],[37.44684,-11.07677],[37.44039,-11.07612],[37.43887,-11.06444],[37.44007,-11.05397],[37.42826,-11.05126],[37.42259,-11.04839],[37.41849,-11.04977],[37.41082,-11.05009],[37.41413,-11.0393],[37.41412,-11.03806],[37.41141,-11.03738],[37.41153,-11.03658],[37.41217,-11.03567],[37.41587,-11.0352],[37.41922,-11.03182],[37.41519,-11.02373],[37.41935,-11.02398],[37.45138,-10.99409],[37.45931,-10.99359],[37.52445,-10.99508],[37.52493,-11.01554]]]},"properties":{"region":"Ruvuma","district":"Tunduru","ward":"Mchuluka","ward_code":"271"}},{"type":"Feature","geometry":{"type":"Polygon","coordinates":[[[37.27265,-11.13423],[37.2751,-11.13868],[37.27797,-11.13939],[37.27782,-11.14153],[37.27931,-11.14178],[37.28347,-11.14579],[37.28615,-11.15406],[37.28923,-11.15665],[37.2894,-11.15885],[37.29218,-11.16083],[37.2942,-11.16396],[37.29424,-11.16563],[37.29687,-11.16797],[37.30177,-11.17801],[37.31236,-11.19341],[37.3235,-11.20681],[37.32525,-11.21397],[37.3345,-11.22005],[37.34374,-11.23101],[37.34763,-11.23256],[37.35154,-11.2321],[37.35661,-11.23298],[37.36068,-11.23692],[37.36117,-11.23907],[37.36597,-11.24289],[37.37088,-11.2436],[37.37287,-11.2454],[37.39704,-11.24984],[37.41133,-11.25143],[37.41339,-11.25432],[37.41991,-11.2537],[37.42702,-11.25578],[37.42866,-11.25792],[37.42831,-11.26087],[37.43025,-11.26911],[37.42813,-11.27881],[37.42513,-11.28328],[37.41774,-11.28943],[37.40697,-11.29574],[37.40663,-11.29745],[37.40925,-11.30211],[37.41982,-11.30984],[37.42353,-11.3116],[37.42842,-11.3122],[37.44387,-11.31673],[37.4503,-11.32276],[37.45185,-11.32702],[37.45196,-11.34209],[37.45676,-11.35952],[37.45711,-11.3688],[37.46166,-11.37928],[37.45109,-11.37906],[37.43995,-11.37615],[37.43309,-11.37595],[37.4115,-11.37901],[37.40133,-11.37937],[37.3944,-11.37868],[37.38194,-11.37551],[37.37425,-11.37588],[37.35195,-11.37388],[37.34046,-11.37487],[37.33459,-11.37427],[37.3327,-11.37312],[37.33137,-11.37392],[37.33101,-11.37215],[37.32871,-11.37055],[37.3272,-11.36737],[37.30919,-11.35722],[37.30341,-11.34932],[37.30116,-11.34094],[37.29901,-11.33805],[37.29817,-11.33451],[37.30008,-11.32723],[37.29968,-11.31594],[37.2965,-11.31014],[37.29601,-11.30592],[37.26786,-11.30427],[37.23324,-11.30442],[37.234,-11.30164],[37.23486,-11.26744],[37.23343,-11.25788],[37.23081,-11.25424],[37.22806,-11.24755],[37.23061,-11.23887],[37.23627,-11.22571],[37.24047,-11.21052],[37.24831,-11.20085],[37.24787,-11.19998],[37.2344,-11.19512],[37.21802,-11.18357],[37.20394,-11.16689],[37.20603,-11.16503],[37.20721,-11.15782],[37.22898,-11.13918],[37.23196,-11.13768],[37.24151,-11.13511],[37.24374,-11.13516],[37.24381,-11.13591],[37.24986,-11.13554],[37.25624,-11.13632],[37.25933,-11.14002],[37.26752,-11.13547],[37.27265,-11.13423]]]},"properties":{"region":"Ruvuma","district":"Tunduru","ward":"Mtina","ward_code":"121"}},{"type":"Feature","geometry":{"type":"Polygon","coordinates":[[[37.33641,-11.3746],[37.3593,-11.374],[37.37425,-11.37588],[37.38194,-11.37551],[37.3944,-11.37868],[37.40133,-11.37937],[37.4115,-11.37901],[37.41671,-11.37774],[37.43664,-11.37597],[37.45109,-11.37906],[37.46166,-11.37928],[37.46313,-11.38247],[37.45865,-11.41661],[37.45894,-11.42395],[37.46114,-11.4313],[37.43973,-11.43054],[37.42725,-11.43145],[37.42097,-11.42995],[37.40965,-11.4294],[37.40717,-11.42955],[37.40592,-11.43076],[37.40463,-11.46981],[37.4052,-11.48564],[37.40414,-11.4977],[37.40468,-11.50528],[37.36291,-11.50888],[37.34612,-11.50863],[37.32172,-11.51077],[37.30403,-11.51067],[37.30419,-11.52551],[37.30191,-11.55076],[37.29888,-11.5662],[37.29709,-11.57102],[37.3001,-11.59095],[37.2987,-11.59558],[37.29867,-11.60196],[37.30309,-11.61628],[37.30542,-11.61958],[37.30675,-11.62597],[37.30908,-11.63081],[37.30631,-11.63486],[37.30667,-11.63988],[37.30464,-11.64625],[37.2993,-11.63966],[37.29203,-11.6365],[37.28665,-11.63639],[37.27311,-11.63315],[37.26214,-11.63534],[37.25699,-11.63742],[37.24753,-11.64415],[37.24005,-11.64619],[37.23916,-11.64763],[37.23441,-11.64967],[37.21979,-11.6536],[37.21018,-11.65087],[37.20496,-11.64699],[37.20328,-11.64874],[37.19024,-11.6431],[37.16866,-11.63548],[37.15095,-11.63152],[37.15525,-11.61628],[37.15608,-11.57957],[37.15729,-11.57417],[37.15657,-11.56411],[37.15864,-11.5477],[37.16547,-11.52165],[37.17183,-11.50797],[37.17698,-11.49931],[37.19064,-11.48568],[37.2083,-11.46426],[37.21757,-11.44891],[37.22598,-11.43869],[37.23992,-11.41717],[37.24786,-11.40197],[37.2544,-11.39296],[37.26245,-11.38836],[37.26675,-11.38757],[37.30197,-11.38558],[37.31107,-11.38384],[37.32533,-11.37544],[37.33212,-11.37311],[37.33641,-11.3746]]]},"properties":{"region":"Ruvuma","district":"Tunduru","ward":"Mchesi","ward_code":"131"}},{"type":"Feature","geometry":{"type":"Polygon","coordinates":[[[37.52493,-11.2548],[37.53143,-11.25516],[37.53219,-11.25745],[37.53423,-11.25862],[37.53655,-11.25795],[37.55365,-11.26063],[37.56151,-11.2608],[37.57465,-11.26436],[37.58725,-11.27154],[37.6182,-11.28404],[37.62061,-11.3051],[37.6353,-11.32001],[37.65398,-11.36764],[37.70586,-11.4075],[37.71594,-11.39826],[37.72897,-11.3886],[37.74578,-11.38414],[37.76189,-11.39034],[37.77721,-11.4028],[37.79716,-11.40018],[37.80579,-11.41095],[37.80515,-11.41239],[37.80289,-11.41415],[37.79587,-11.4142],[37.79403,-11.41511],[37.79029,-11.42112],[37.78741,-11.42277],[37.78617,-11.42631],[37.78595,-11.43228],[37.78196,-11.43905],[37.78235,-11.44602],[37.77603,-11.45481],[37.76946,-11.45938],[37.76881,-11.4623],[37.76855,-11.46735],[37.77079,-11.46879],[37.7699,-11.47092],[37.77294,-11.47384],[37.77316,-11.4757],[37.77236,-11.47615],[37.77825,-11.47883],[37.78297,-11.47717],[37.78764,-11.4781],[37.78827,-11.47898],[37.78712,-11.48344],[37.78714,-11.48942],[37.78561,-11.49399],[37.7855,-11.50251],[37.78333,-11.51255],[37.77804,-11.51802],[37.77415,-11.52021],[37.76937,-11.5275],[37.76738,-11.52694],[37.76625,-11.53071],[37.74792,-11.54919],[37.73787,-11.55254],[37.72506,-11.55464],[37.71146,-11.56037],[37.6986,-11.56421],[37.68878,-11.56417],[37.67773,-11.57169],[37.67097,-11.57383],[37.65877,-11.575],[37.65165,-11.58236],[37.6364,-11.59287],[37.6217,-11.60914],[37.61343,-11.60892],[37.60708,-11.61395],[37.5918,-11.61996],[37.58756,-11.62497],[37.57802,-11.62562],[37.571,-11.62273],[37.55667,-11.6196],[37.54452,-11.61563],[37.53008,-11.60893],[37.52133,-11.61784],[37.51275,-11.61589],[37.50254,-11.61144],[37.48721,-11.62489],[37.44587,-11.63688],[37.42955,-11.65306],[37.42434,-11.66216],[37.41936,-11.67978],[37.41387,-11.68373],[37.3901,-11.6896],[37.38128,-11.68971],[37.36614,-11.68143],[37.36572,-11.67664],[37.36074,-11.67679],[37.3547,-11.67935],[37.33183,-11.67563],[37.32951,-11.67042],[37.31819,-11.66523],[37.31692,-11.65819],[37.30464,-11.64625],[37.30667,-11.63988],[37.30631,-11.63486],[37.30908,-11.63081],[37.30675,-11.62597],[37.30542,-11.61958],[37.30309,-11.61628],[37.29867,-11.60196],[37.2987,-11.59558],[37.3001,-11.59095],[37.29709,-11.57102],[37.29888,-11.5662],[37.30191,-11.55076],[37.30419,-11.52551],[37.30403,-11.51067],[37.32172,-11.51077],[37.34612,-11.50863],[37.36291,-11.50888],[37.40468,-11.50528],[37.40414,-11.4977],[37.4052,-11.48564],[37.40463,-11.46981],[37.40592,-11.43076],[37.40717,-11.42955],[37.40965,-11.4294],[37.42097,-11.42995],[37.42725,-11.43145],[37.43973,-11.43054],[37.46114,-11.4313],[37.45894,-11.42395],[37.45865,-11.41661],[37.46313,-11.38247],[37.45711,-11.3688],[37.45676,-11.35952],[37.45196,-11.34209],[37.45185,-11.32702],[37.4503,-11.32276],[37.44387,-11.31673],[37.42842,-11.3122],[37.42353,-11.3116],[37.41982,-11.30984],[37.40925,-11.30211],[37.40663,-11.29745],[37.40697,-11.29574],[37.41774,-11.28943],[37.42671,-11.28141],[37.42813,-11.27881],[37.43025,-11.26911],[37.42831,-11.26087],[37.42866,-11.25792],[37.43015,-11.25953],[37.4337,-11.26025],[37.43707,-11.2626],[37.44105,-11.26057],[37.44823,-11.26496],[37.45955,-11.26853],[37.46714,-11.26445],[37.47303,-11.26503],[37.4759,-11.26289],[37.47781,-11.26273],[37.4811,-11.26572],[37.48519,-11.26728],[37.48869,-11.26593],[37.49282,-11.26714],[37.49558,-11.26564],[37.4991,-11.26707],[37.50119,-11.26686],[37.50351,-11.26546],[37.5078,-11.267],[37.51277,-11.2642],[37.51433,-11.26149],[37.51862,-11.25999],[37.51996,-11.25782],[37.52493,-11.2548]]]},"properties":{"region":"Ruvuma","district":"Tunduru","ward":"Lukumbule","ward_code":"141"}},{"type":"Feature","geometry":{"type":"Polygon","coordinates":[[[36.9764,-11.40612],[36.99768,-11.413],[37.01565,-11.41214],[37.0199,-11.41395],[37.02423,-11.41362],[37.02719,-11.41575],[37.03316,-11.41654],[37.03531,-11.4181],[37.03749,-11.41591],[37.04154,-11.41491],[37.04021,-11.41835],[37.04018,-11.42238],[37.04428,-11.43425],[37.04719,-11.44697],[37.04209,-11.4623],[37.00992,-11.46004],[36.99761,-11.46157],[36.99181,-11.46477],[36.98772,-11.46374],[36.98623,-11.46525],[36.98437,-11.46476],[36.98288,-11.46845],[36.9752,-11.47529],[36.96734,-11.48829],[36.96438,-11.49156],[36.96008,-11.50034],[36.95636,-11.5106],[36.95666,-11.51237],[36.95779,-11.51156],[36.9577,-11.51339],[36.96011,-11.51577],[36.96205,-11.52008],[36.96569,-11.5248],[36.9655,-11.52967],[36.9676,-11.53176],[36.96532,-11.53509],[36.96537,-11.53662],[36.96636,-11.53702],[36.96607,-11.53868],[36.96738,-11.54023],[36.96639,-11.54089],[36.97342,-11.5438],[36.97441,-11.54512],[36.97423,-11.54706],[36.97661,-11.54797],[36.97724,-11.55076],[36.98134,-11.55433],[36.98168,-11.5564],[36.98528,-11.55749],[36.98786,-11.56112],[36.99061,-11.56012],[36.99049,-11.56157],[36.99534,-11.56535],[36.99464,-11.56573],[36.99559,-11.56637],[36.99499,-11.56796],[36.99591,-11.56891],[36.99432,-11.57056],[36.99582,-11.57241],[36.99461,-11.57517],[36.99463,-11.57788],[36.99587,-11.57951],[36.99503,-11.58103],[36.98849,-11.57971],[36.98176,-11.58079],[36.97554,-11.58381],[36.96569,-11.59136],[36.95549,-11.59722],[36.9485,-11.59839],[36.9394,-11.59689],[36.93228,-11.59812],[36.92528,-11.60563],[36.92154,-11.60643],[36.9156,-11.60413],[36.91222,-11.60062],[36.90851,-11.5929],[36.9044,-11.59023],[36.89364,-11.59013],[36.88913,-11.58713],[36.87861,-11.59199],[36.87529,-11.59199],[36.87549,-11.5625],[36.87582,-11.55816],[36.87777,-11.55237],[36.88205,-11.54994],[36.89633,-11.54686],[36.90372,-11.54097],[36.90774,-11.53491],[36.91073,-11.5274],[36.91538,-11.51453],[36.91947,-11.49833],[36.92624,-11.49693],[36.93005,-11.49826],[36.94985,-11.49787],[36.95016,-11.49615],[36.94918,-11.49491],[36.95114,-11.4911],[36.95033,-11.48831],[36.95175,-11.48747],[36.95164,-11.48504],[36.95246,-11.48514],[36.95324,-11.4836],[36.9529,-11.48075],[36.9549,-11.47869],[36.95547,-11.47662],[36.9517,-11.47112],[36.95285,-11.4695],[36.95028,-11.4664],[36.95066,-11.46344],[36.94871,-11.45839],[36.94834,-11.44795],[36.95014,-11.44246],[36.9651,-11.4259],[36.96882,-11.4194],[36.97356,-11.41378],[36.97669,-11.40772],[36.9764,-11.40612]]]},"properties":{"region":"Ruvuma","district":"Tunduru","ward":"Nalasi Magharibi","ward_code":"151"}},{"type":"Feature","geometry":{"type":"Polygon","coordinates":[[[36.97249,-11.35464],[36.97116,-11.37898],[36.97506,-11.38915],[36.97546,-11.39394],[36.97453,-11.40132],[36.97669,-11.40772],[36.97356,-11.41378],[36.96882,-11.4194],[36.9651,-11.4259],[36.95177,-11.44015],[36.94924,-11.44492],[36.94834,-11.44795],[36.94871,-11.45839],[36.95066,-11.46344],[36.95028,-11.4664],[36.95285,-11.4695],[36.9517,-11.47112],[36.95547,-11.47662],[36.9549,-11.47869],[36.9529,-11.48075],[36.95324,-11.4836],[36.95246,-11.48514],[36.95164,-11.48504],[36.95175,-11.48747],[36.95033,-11.48831],[36.95114,-11.4911],[36.94918,-11.49491],[36.95016,-11.49615],[36.94985,-11.49787],[36.93005,-11.49826],[36.92624,-11.49693],[36.91947,-11.49833],[36.91538,-11.51453],[36.91073,-11.5274],[36.90774,-11.53491],[36.90372,-11.54097],[36.89633,-11.54686],[36.88205,-11.54994],[36.87777,-11.55237],[36.87673,-11.55439],[36.87549,-11.5625],[36.87529,-11.59199],[36.87187,-11.59247],[36.86739,-11.58878],[36.86239,-11.58726],[36.85778,-11.58713],[36.85009,-11.58411],[36.84378,-11.58396],[36.83809,-11.58185],[36.83042,-11.57547],[36.82587,-11.56872],[36.82411,-11.56228],[36.82545,-11.55795],[36.82426,-11.55626],[36.81449,-11.54996],[36.81326,-11.55011],[36.81301,-11.54636],[36.81882,-11.5394],[36.82687,-11.53883],[36.83108,-11.5372],[36.83714,-11.53222],[36.83878,-11.53043],[36.84086,-11.52485],[36.84091,-11.52137],[36.84,-11.52008],[36.83427,-11.51968],[36.82584,-11.51703],[36.81757,-11.51358],[36.81217,-11.5095],[36.81125,-11.50797],[36.81147,-11.50598],[36.81033,-11.50527],[36.81195,-11.5026],[36.80934,-11.49724],[36.80287,-11.49068],[36.79571,-11.48767],[36.79312,-11.48405],[36.79207,-11.48122],[36.79359,-11.47635],[36.79529,-11.47348],[36.79969,-11.46984],[36.80226,-11.46575],[36.80164,-11.46324],[36.79849,-11.46216],[36.79801,-11.46103],[36.79844,-11.45724],[36.8017,-11.45108],[36.80045,-11.44969],[36.79378,-11.45156],[36.79159,-11.45158],[36.79061,-11.45049],[36.79015,-11.44616],[36.78752,-11.44248],[36.78589,-11.43794],[36.78703,-11.43412],[36.78958,-11.4318],[36.79004,-11.42999],[36.78836,-11.42771],[36.78531,-11.42625],[36.78639,-11.4237],[36.78269,-11.42193],[36.78154,-11.41966],[36.7856,-11.41659],[36.78289,-11.41489],[36.78624,-11.41136],[36.78443,-11.40788],[36.78085,-11.40441],[36.77775,-11.40375],[36.77465,-11.40452],[36.77402,-11.40671],[36.77314,-11.40691],[36.77144,-11.40146],[36.76969,-11.39929],[36.7704,-11.38718],[36.77159,-11.38455],[36.7755,-11.38518],[36.77714,-11.38412],[36.77602,-11.3779],[36.77434,-11.3766],[36.83546,-11.37293],[36.84788,-11.3744],[36.8592,-11.37213],[36.86952,-11.37203],[36.86975,-11.37573],[36.8911,-11.40004],[36.89363,-11.40013],[36.89765,-11.39345],[36.90269,-11.39116],[36.90309,-11.38966],[36.90488,-11.3902],[36.90909,-11.38681],[36.90877,-11.38336],[36.91456,-11.37871],[36.91843,-11.37362],[36.92441,-11.37233],[36.926,-11.37116],[36.9264,-11.36944],[36.92819,-11.36862],[36.92975,-11.36561],[36.93751,-11.36253],[36.93956,-11.36034],[36.94309,-11.35967],[36.96152,-11.34981],[36.97099,-11.34876],[36.97249,-11.35464]]]},"properties":{"region":"Ruvuma","district":"Tunduru","ward":"Mchoteka","ward_code":"161"}},{"type":"Feature","geometry":{"type":"Polygon","coordinates":[[[36.93074,-11.22458],[36.9244,-11.24217],[36.92454,-11.25373],[36.92619,-11.26898],[36.92267,-11.28116],[36.9234,-11.29506],[36.92577,-11.29855],[36.92323,-11.30207],[36.92578,-11.32072],[36.92124,-11.33767],[36.94309,-11.35967],[36.93956,-11.36034],[36.93751,-11.36253],[36.92975,-11.36561],[36.92819,-11.36862],[36.9264,-11.36944],[36.926,-11.37116],[36.92441,-11.37233],[36.91843,-11.37362],[36.91456,-11.37871],[36.90877,-11.38336],[36.90909,-11.38681],[36.90488,-11.3902],[36.90309,-11.38966],[36.90269,-11.39116],[36.89765,-11.39345],[36.89363,-11.40013],[36.8911,-11.40004],[36.86975,-11.37573],[36.86952,-11.37203],[36.8592,-11.37213],[36.84788,-11.3744],[36.83546,-11.37293],[36.77322,-11.37667],[36.77221,-11.37935],[36.77057,-11.37902],[36.77056,-11.37529],[36.76662,-11.37285],[36.76587,-11.37015],[36.76712,-11.36874],[36.76614,-11.36643],[36.76693,-11.36505],[36.76988,-11.36457],[36.77218,-11.36253],[36.77371,-11.35753],[36.77625,-11.35479],[36.77708,-11.34767],[36.77595,-11.34385],[36.77732,-11.33793],[36.77689,-11.33358],[36.78107,-11.33144],[36.78115,-11.32612],[36.77893,-11.32306],[36.77392,-11.32333],[36.77106,-11.32246],[36.76831,-11.31971],[36.76976,-11.31673],[36.78127,-11.30933],[36.78345,-11.30565],[36.78206,-11.30089],[36.77912,-11.29592],[36.77565,-11.29371],[36.7758,-11.29138],[36.77846,-11.2888],[36.77905,-11.28577],[36.77667,-11.2832],[36.76831,-11.27992],[36.76764,-11.27555],[36.77053,-11.26601],[36.76795,-11.2624],[36.7713,-11.25721],[36.77337,-11.25902],[36.77649,-11.2535],[36.78008,-11.25414],[36.78526,-11.25161],[36.78609,-11.24778],[36.78965,-11.24738],[36.79123,-11.24334],[36.79359,-11.24236],[36.79721,-11.24246],[36.79898,-11.24097],[36.80071,-11.24122],[36.80331,-11.23942],[36.80836,-11.23802],[36.81096,-11.23921],[36.81117,-11.23735],[36.81001,-11.23585],[36.81587,-11.23426],[36.81688,-11.23095],[36.82002,-11.23176],[36.82294,-11.23127],[36.8221,-11.22884],[36.82447,-11.22762],[36.82565,-11.22569],[36.83231,-11.22458],[36.83774,-11.22247],[36.84422,-11.21822],[36.85,-11.22243],[36.85524,-11.22432],[36.85902,-11.2222],[36.86912,-11.22279],[36.87636,-11.22585],[36.91297,-11.19852],[36.92959,-11.20909],[36.93074,-11.22458]]]},"properties":{"region":"Ruvuma","district":"Tunduru","ward":"Marumba","ward_code":"171"}},{"type":"Feature","geometry":{"type":"Polygon","coordinates":[[[37.09482,-11.2569],[37.09995,-11.26481],[37.10356,-11.27354],[37.10268,-11.27861],[37.10522,-11.28527],[37.11312,-11.28677],[37.11857,-11.29561],[37.12754,-11.30435],[37.15656,-11.30486],[37.20273,-11.30391],[37.20933,-11.30493],[37.21738,-11.30411],[37.22519,-11.30503],[37.23985,-11.30392],[37.2838,-11.30472],[37.29601,-11.30592],[37.2965,-11.31014],[37.29968,-11.31594],[37.30008,-11.32723],[37.29817,-11.33451],[37.29901,-11.33805],[37.30116,-11.34094],[37.30341,-11.34932],[37.30919,-11.35722],[37.3272,-11.36737],[37.32871,-11.37055],[37.33101,-11.37215],[37.33137,-11.37392],[37.32284,-11.37648],[37.31107,-11.38384],[37.30197,-11.38558],[37.26675,-11.38757],[37.26245,-11.38836],[37.2544,-11.39296],[37.24786,-11.40197],[37.23992,-11.41717],[37.22598,-11.43869],[37.21757,-11.44891],[37.2083,-11.46426],[37.18961,-11.48624],[37.17583,-11.48216],[37.1666,-11.48168],[37.1589,-11.47435],[37.15167,-11.47082],[37.14405,-11.47016],[37.13374,-11.47224],[37.12879,-11.47037],[37.11684,-11.47055],[37.10621,-11.46381],[37.09117,-11.46096],[37.08396,-11.45809],[37.07906,-11.45742],[37.0649,-11.44961],[37.05037,-11.44592],[37.04665,-11.44329],[37.04018,-11.42238],[37.04021,-11.41835],[37.04648,-11.40394],[37.0516,-11.39495],[37.05142,-11.38919],[37.05617,-11.38484],[37.0548,-11.38263],[37.05521,-11.38179],[37.04742,-11.37835],[37.04616,-11.37884],[37.0449,-11.38124],[37.04393,-11.38009],[37.04162,-11.38114],[37.04079,-11.38],[37.03863,-11.38112],[37.03435,-11.38032],[37.0313,-11.38137],[37.0307,-11.38006],[37.02877,-11.37989],[37.02755,-11.37797],[37.02607,-11.37864],[37.02339,-11.37602],[37.02225,-11.37272],[37.02355,-11.37018],[37.02313,-11.36863],[37.0181,-11.36686],[37.0149,-11.36824],[37.01302,-11.36261],[37.01039,-11.364],[37.00721,-11.3627],[37.00513,-11.36361],[37.00326,-11.36045],[37.00075,-11.35944],[37.00044,-11.35803],[36.99929,-11.35752],[36.9987,-11.35481],[36.99985,-11.35349],[37.00056,-11.34939],[37.00767,-11.34389],[37.01657,-11.32892],[37.02869,-11.32037],[37.0379,-11.30765],[37.06677,-11.28523],[37.08173,-11.25777],[37.08567,-11.25843],[37.0889,-11.25665],[37.09098,-11.25394],[37.09482,-11.2569]]]},"properties":{"region":"Ruvuma","district":"Tunduru","ward":"Mbesa","ward_code":"181"}},{"type":"Feature","geometry":{"type":"Polygon","coordinates":[[[37.01657,-11.32892],[37.00767,-11.34389],[37.00315,-11.34375],[36.99775,-11.34546],[36.96152,-11.34981],[36.94309,-11.35967],[36.92124,-11.33767],[36.92578,-11.32072],[36.92323,-11.30207],[36.92577,-11.29855],[36.9234,-11.29506],[36.92267,-11.28116],[36.92619,-11.26898],[36.92454,-11.25373],[36.9244,-11.24217],[36.93074,-11.22458],[36.92959,-11.20909],[36.94661,-11.2034],[36.96365,-11.19527],[36.99405,-11.18474],[37.02064,-11.18272],[37.02558,-11.22627],[37.01897,-11.23485],[37.05003,-11.24139],[37.08173,-11.25777],[37.06677,-11.28523],[37.0379,-11.30765],[37.02869,-11.32037],[37.01657,-11.32892]]]},"properties":{"region":"Ruvuma","district":"Tunduru","ward":"Mbati","ward_code":"251"}},{"type":"Feature","geometry":{"type":"MultiPolygon","coordinates":[[[[37.07741,-11.45686],[37.10868,-11.4648],[37.11684,-11.47055],[37.12879,-11.47037],[37.13374,-11.47224],[37.14405,-11.47016],[37.15167,-11.47082],[37.1589,-11.47435],[37.1666,-11.48168],[37.17583,-11.48216],[37.18961,-11.48624],[37.18487,-11.49201],[37.17698,-11.49931],[37.17183,-11.50797],[37.16547,-11.52165],[37.15864,-11.5477],[37.15657,-11.56411],[37.15729,-11.57417],[37.15608,-11.57957],[37.15525,-11.61628],[37.15095,-11.63152],[37.13865,-11.63417],[37.12149,-11.63008],[37.1192,-11.62652],[37.11542,-11.62631],[37.11009,-11.62398],[37.10352,-11.62475],[37.09836,-11.62779],[37.09657,-11.62795],[37.08432,-11.62531],[37.0821,-11.62445],[37.0804,-11.62245],[37.07852,-11.61816],[37.07302,-11.61677],[37.07089,-11.61516],[37.0693,-11.61227],[37.06292,-11.60911],[37.06014,-11.60513],[37.05157,-11.59769],[37.04669,-11.59481],[37.0405,-11.5936],[37.02972,-11.58786],[37.0197,-11.58413],[37.01247,-11.58635],[37.00687,-11.5838],[36.99942,-11.58347],[36.99503,-11.58103],[36.99587,-11.57951],[36.99463,-11.57788],[36.99461,-11.57517],[36.99582,-11.57241],[36.99432,-11.57056],[36.99591,-11.56891],[36.99499,-11.56796],[36.99559,-11.56637],[36.99464,-11.56573],[36.99534,-11.56535],[36.99049,-11.56157],[36.99061,-11.56012],[36.98786,-11.56112],[36.98528,-11.55749],[36.98168,-11.5564],[36.98134,-11.55433],[36.97724,-11.55076],[36.97661,-11.54797],[36.97423,-11.54706],[36.97441,-11.54512],[36.97342,-11.5438],[36.96639,-11.54089],[36.96738,-11.54023],[36.96607,-11.53868],[36.96636,-11.53702],[36.96537,-11.53662],[36.96532,-11.53509],[36.9676,-11.53176],[36.9655,-11.52967],[36.96569,-11.5248],[36.96205,-11.52008],[36.96011,-11.51577],[36.9577,-11.51339],[36.95779,-11.51156],[36.95666,-11.51237],[36.95635,-11.51037],[36.96438,-11.49156],[36.96734,-11.48829],[36.9752,-11.47529],[36.98288,-11.46845],[36.98437,-11.46476],[36.98623,-11.46525],[36.98772,-11.46374],[36.99181,-11.46477],[36.99761,-11.46157],[37.00992,-11.46004],[37.04209,-11.4623],[37.04719,-11.44697],[37.04665,-11.44329],[37.05037,-11.44592],[37.0649,-11.44961],[37.07335,-11.45379],[37.07741,-11.45686]]],[[[37.00767,-11.34389],[37.00056,-11.34939],[36.99985,-11.35349],[36.9987,-11.35481],[36.99929,-11.35752],[37.00044,-11.35803],[37.00075,-11.35944],[37.00326,-11.36045],[37.00513,-11.36361],[37.00721,-11.3627],[37.01039,-11.364],[37.01302,-11.36261],[37.0149,-11.36824],[37.0181,-11.36686],[37.02313,-11.36863],[37.02355,-11.37018],[37.02225,-11.37272],[37.02339,-11.37602],[37.02607,-11.37864],[37.02755,-11.37797],[37.02877,-11.37989],[37.0307,-11.38006],[37.0313,-11.38137],[37.03435,-11.38032],[37.03863,-11.38112],[37.04079,-11.38],[37.04162,-11.38114],[37.04393,-11.38009],[37.0449,-11.38124],[37.04616,-11.37884],[37.04742,-11.37835],[37.05521,-11.38179],[37.0548,-11.38263],[37.05617,-11.38484],[37.05142,-11.38919],[37.0516,-11.39495],[37.04154,-11.41491],[37.03749,-11.41591],[37.03531,-11.4181],[37.03316,-11.41654],[37.02719,-11.41575],[37.02423,-11.41362],[37.0199,-11.41395],[37.01565,-11.41214],[36.99768,-11.413],[36.9924,-11.41177],[36.97789,-11.4071],[36.97495,-11.40394],[36.97506,-11.38915],[36.97116,-11.37898],[36.97091,-11.37231],[36.97249,-11.35464],[36.97099,-11.34876],[36.99775,-11.34546],[37.00315,-11.34375],[37.00767,-11.34389]]]]},"properties":{"region":"Ruvuma","district":"Tunduru","ward":"Nalasi Mashariki","ward_code":"261"}},{"type":"Feature","geometry":{"type":"Polygon","coordinates":[[[37.11185,-11.15482],[37.11967,-11.1542],[37.12373,-11.15527],[37.1271,-11.15302],[37.12924,-11.15314],[37.13265,-11.15437],[37.13562,-11.15673],[37.13999,-11.15796],[37.14469,-11.15758],[37.15247,-11.16099],[37.16968,-11.15322],[37.1794,-11.15096],[37.19195,-11.15432],[37.20564,-11.16828],[37.21802,-11.18357],[37.2344,-11.19512],[37.24787,-11.19998],[37.24831,-11.20085],[37.24047,-11.21052],[37.23627,-11.22571],[37.23061,-11.23887],[37.22806,-11.24755],[37.23081,-11.25424],[37.23343,-11.25788],[37.23486,-11.26744],[37.234,-11.30164],[37.23324,-11.30442],[37.22519,-11.30503],[37.21738,-11.30411],[37.20933,-11.30493],[37.20273,-11.30391],[37.15656,-11.30486],[37.12754,-11.30435],[37.11857,-11.29561],[37.11312,-11.28677],[37.10522,-11.28527],[37.10268,-11.27861],[37.10356,-11.27354],[37.09995,-11.26481],[37.09482,-11.2569],[37.09098,-11.25394],[37.08324,-11.19733],[37.08675,-11.14645],[37.09603,-11.1518],[37.10338,-11.15254],[37.11185,-11.15482]]]},"properties":{"region":"Ruvuma","district":"Tunduru","ward":"Chiwana","ward_code":"361"}},{"type":"Feature","geometry":{"type":"Polygon","coordinates":[[[35.17438,-10.5507],[35.18574,-10.56099],[35.19625,-10.56471],[35.20114,-10.56164],[35.20188,-10.56416],[35.21255,-10.56877],[35.21778,-10.57238],[35.2339,-10.56844],[35.23412,-10.58261],[35.25441,-10.58034],[35.26968,-10.58635],[35.28491,-10.58457],[35.29981,-10.59455],[35.30214,-10.6059],[35.30375,-10.6094],[35.30308,-10.61637],[35.30391,-10.62123],[35.30806,-10.62851],[35.3068,-10.6341],[35.30909,-10.64439],[35.30792,-10.65221],[35.29532,-10.6646],[35.292,-10.67205],[35.28308,-10.68592],[35.27992,-10.6857],[35.27939,-10.68689],[35.27758,-10.68569],[35.27539,-10.68719],[35.27315,-10.6872],[35.27345,-10.6862],[35.27246,-10.68569],[35.27093,-10.68809],[35.26921,-10.68872],[35.26947,-10.68769],[35.25216,-10.69542],[35.25203,-10.69667],[35.25403,-10.69787],[35.2532,-10.70046],[35.2483,-10.70163],[35.24779,-10.70655],[35.24539,-10.70752],[35.24374,-10.7098],[35.2425,-10.70932],[35.24132,-10.71004],[35.24127,-10.71203],[35.24,-10.71242],[35.24023,-10.71411],[35.23823,-10.71463],[35.23723,-10.71617],[35.23418,-10.71449],[35.23525,-10.71552],[35.2346,-10.71684],[35.23305,-10.71733],[35.23226,-10.71886],[35.231,-10.7184],[35.22905,-10.72096],[35.22597,-10.72069],[35.20824,-10.72596],[35.20382,-10.71919],[35.20288,-10.71909],[35.20289,-10.71716],[35.20186,-10.71736],[35.19984,-10.71523],[35.19999,-10.71416],[35.19934,-10.71479],[35.19939,-10.71315],[35.19849,-10.71249],[35.1991,-10.71167],[35.19292,-10.70555],[35.18711,-10.68367],[35.18849,-10.67203],[35.18614,-10.66678],[35.18508,-10.65648],[35.18364,-10.65513],[35.18403,-10.64211],[35.18313,-10.62939],[35.17528,-10.61888],[35.1749,-10.61652],[35.17587,-10.61462],[35.17318,-10.61],[35.17382,-10.60249],[35.17532,-10.59759],[35.17374,-10.5919],[35.17011,-10.58516],[35.16691,-10.58152],[35.16794,-10.58009],[35.16546,-10.57634],[35.16418,-10.56697],[35.15882,-10.56522],[35.15516,-10.56243],[35.15342,-10.56273],[35.14265,-10.55412],[35.14012,-10.55507],[35.13825,-10.55438],[35.13674,-10.55638],[35.13311,-10.55408],[35.13207,-10.55111],[35.13084,-10.55054],[35.13192,-10.54987],[35.13142,-10.5453],[35.13423,-10.54164],[35.14261,-10.54326],[35.1457,-10.54604],[35.15322,-10.54637],[35.15483,-10.54943],[35.17438,-10.5507]]]},"properties":{"region":"Ruvuma","district":"Songea","ward":"Liganga","ward_code":"101"}},{"type":"Feature","geometry":{"type":"Polygon","coordinates":[[[35.33918,-10.24752],[35.34029,-10.25187],[35.34114,-10.2524],[35.34736,-10.25081],[35.34959,-10.25297],[35.34663,-10.25474],[35.34556,-10.25727],[35.34262,-10.25897],[35.34078,-10.26631],[35.34365,-10.26815],[35.34817,-10.2668],[35.35385,-10.26759],[35.35544,-10.26867],[35.3551,-10.27156],[35.3565,-10.27146],[35.36038,-10.26426],[35.3716,-10.27039],[35.373,-10.26903],[35.37009,-10.26412],[35.37809,-10.2644],[35.37999,-10.2635],[35.3807,-10.26155],[35.38031,-10.25559],[35.38154,-10.25402],[35.38429,-10.25567],[35.38585,-10.25522],[35.38617,-10.25668],[35.38763,-10.25657],[35.38752,-10.25778],[35.38909,-10.25669],[35.38811,-10.26029],[35.38966,-10.2605],[35.38979,-10.26141],[35.388,-10.26354],[35.38864,-10.26448],[35.38749,-10.26422],[35.388,-10.26791],[35.389,-10.26725],[35.39047,-10.2679],[35.39054,-10.26898],[35.39124,-10.26755],[35.39261,-10.27059],[35.39429,-10.27015],[35.39483,-10.27188],[35.39418,-10.27265],[35.39296,-10.27219],[35.39038,-10.27583],[35.39323,-10.27786],[35.39407,-10.27759],[35.39346,-10.279],[35.3904,-10.27857],[35.39004,-10.28344],[35.38919,-10.28272],[35.38893,-10.28368],[35.38757,-10.28318],[35.38684,-10.28443],[35.38748,-10.28493],[35.38662,-10.2864],[35.3884,-10.28925],[35.38774,-10.2909],[35.38661,-10.29093],[35.38655,-10.28978],[35.38255,-10.29275],[35.3839,-10.29286],[35.38309,-10.29387],[35.38348,-10.29454],[35.38417,-10.29364],[35.38434,-10.29517],[35.38503,-10.29498],[35.38472,-10.29664],[35.38374,-10.29654],[35.38635,-10.29851],[35.38587,-10.2998],[35.38704,-10.30124],[35.38685,-10.30375],[35.38833,-10.30583],[35.38785,-10.30771],[35.38932,-10.30877],[35.38717,-10.31043],[35.38488,-10.31019],[35.38552,-10.31161],[35.39223,-10.31444],[35.39163,-10.3157],[35.39411,-10.31796],[35.39848,-10.31753],[35.39899,-10.31891],[35.40226,-10.31954],[35.40886,-10.31365],[35.41077,-10.31489],[35.41183,-10.31748],[35.41559,-10.31815],[35.41586,-10.31622],[35.41764,-10.31618],[35.41818,-10.31878],[35.42032,-10.32015],[35.42217,-10.31951],[35.42276,-10.31815],[35.42442,-10.31799],[35.42409,-10.31568],[35.42618,-10.31576],[35.42926,-10.31846],[35.43158,-10.31618],[35.43559,-10.31468],[35.43726,-10.31602],[35.43671,-10.3146],[35.43895,-10.31273],[35.43821,-10.31429],[35.43988,-10.31476],[35.44042,-10.31326],[35.44184,-10.31363],[35.44134,-10.31233],[35.44383,-10.31273],[35.44417,-10.31416],[35.44473,-10.31276],[35.44507,-10.31358],[35.4463,-10.3135],[35.44604,-10.31544],[35.44707,-10.31609],[35.44629,-10.31783],[35.4455,-10.31668],[35.44557,-10.31813],[35.44418,-10.31777],[35.44385,-10.32215],[35.44542,-10.3225],[35.44596,-10.32198],[35.44488,-10.32139],[35.44662,-10.32079],[35.44735,-10.32191],[35.44883,-10.32032],[35.4486,-10.32169],[35.44947,-10.32179],[35.44852,-10.32298],[35.44963,-10.32419],[35.45075,-10.32271],[35.45309,-10.32349],[35.4549,-10.3257],[35.45387,-10.32688],[35.45525,-10.33036],[35.4559,-10.32981],[35.45684,-10.33064],[35.45638,-10.33336],[35.4574,-10.33458],[35.45556,-10.33551],[35.45747,-10.33613],[35.45913,-10.33877],[35.46156,-10.33878],[35.46373,-10.34182],[35.46275,-10.34195],[35.46027,-10.34591],[35.45798,-10.34436],[35.45615,-10.34548],[35.45516,-10.34773],[35.46162,-10.36255],[35.44661,-10.37388],[35.44698,-10.37944],[35.44558,-10.38182],[35.44788,-10.38187],[35.44735,-10.38429],[35.44321,-10.38608],[35.44268,-10.38782],[35.43914,-10.38952],[35.43872,-10.39164],[35.43691,-10.39186],[35.43615,-10.39297],[35.43426,-10.39315],[35.43356,-10.39236],[35.43242,-10.39331],[35.42837,-10.39123],[35.42663,-10.39259],[35.42483,-10.39211],[35.42372,-10.39366],[35.4191,-10.39326],[35.41603,-10.3946],[35.41232,-10.39421],[35.41139,-10.39712],[35.40915,-10.39709],[35.41026,-10.39816],[35.40992,-10.39989],[35.405,-10.40159],[35.40503,-10.40685],[35.40338,-10.41136],[35.40189,-10.41195],[35.402,-10.4147],[35.40018,-10.41478],[35.39882,-10.41804],[35.39729,-10.41778],[35.39836,-10.41924],[35.39513,-10.41889],[35.39599,-10.42058],[35.39495,-10.42187],[35.39589,-10.42281],[35.3948,-10.42388],[35.39523,-10.4248],[35.39426,-10.42462],[35.39436,-10.42577],[35.39535,-10.42547],[35.39392,-10.4279],[35.39546,-10.42793],[35.39552,-10.42944],[35.36902,-10.50717],[35.36786,-10.52375],[35.37599,-10.54486],[35.36786,-10.54664],[35.32278,-10.54466],[35.29457,-10.54902],[35.28491,-10.58457],[35.26968,-10.58635],[35.25441,-10.58034],[35.23412,-10.58261],[35.2339,-10.56844],[35.21778,-10.57238],[35.21255,-10.56877],[35.20188,-10.56416],[35.20114,-10.56164],[35.19625,-10.56471],[35.18574,-10.56099],[35.17438,-10.5507],[35.15483,-10.54943],[35.15322,-10.54637],[35.1457,-10.54604],[35.14261,-10.54326],[35.13423,-10.54164],[35.13319,-10.53955],[35.13369,-10.53792],[35.13207,-10.53725],[35.13329,-10.53646],[35.1318,-10.53467],[35.13274,-10.53356],[35.13118,-10.53358],[35.13108,-10.53225],[35.12884,-10.53337],[35.12932,-10.53202],[35.12802,-10.53184],[35.12808,-10.53075],[35.12969,-10.52977],[35.12822,-10.52888],[35.12905,-10.52841],[35.12863,-10.52737],[35.13055,-10.52566],[35.12917,-10.52355],[35.13092,-10.52319],[35.12953,-10.52087],[35.13135,-10.52027],[35.12907,-10.51878],[35.13031,-10.51505],[35.12867,-10.51436],[35.12961,-10.51177],[35.12842,-10.51118],[35.12966,-10.50953],[35.12911,-10.50803],[35.13032,-10.50827],[35.13103,-10.50619],[35.13012,-10.50539],[35.13053,-10.50449],[35.12915,-10.50456],[35.12832,-10.50296],[35.1291,-10.50118],[35.12831,-10.49846],[35.1294,-10.4976],[35.12919,-10.49654],[35.12752,-10.49607],[35.12808,-10.49501],[35.12588,-10.49219],[35.12709,-10.49121],[35.12635,-10.48996],[35.12695,-10.48896],[35.12558,-10.48853],[35.12574,-10.4842],[35.1269,-10.48225],[35.12435,-10.48127],[35.12715,-10.48069],[35.12728,-10.47973],[35.12873,-10.48077],[35.12951,-10.47777],[35.13195,-10.47871],[35.13373,-10.47572],[35.13641,-10.47552],[35.13574,-10.47414],[35.13987,-10.47351],[35.14094,-10.47136],[35.14379,-10.46991],[35.14379,-10.46817],[35.14536,-10.46916],[35.14929,-10.46765],[35.1509,-10.4686],[35.15268,-10.46795],[35.15083,-10.46731],[35.15093,-10.46561],[35.14985,-10.46462],[35.15212,-10.46337],[35.15276,-10.46192],[35.15361,-10.46229],[35.15286,-10.46109],[35.15495,-10.46077],[35.15598,-10.45882],[35.15547,-10.4575],[35.1575,-10.45691],[35.15716,-10.45576],[35.15874,-10.45537],[35.1585,-10.45414],[35.15655,-10.45341],[35.15818,-10.45202],[35.15728,-10.44925],[35.1585,-10.44965],[35.15896,-10.44683],[35.15702,-10.44246],[35.16019,-10.4409],[35.16206,-10.43738],[35.16523,-10.43639],[35.1662,-10.43425],[35.16579,-10.43104],[35.16348,-10.43026],[35.1643,-10.4232],[35.16245,-10.41737],[35.16467,-10.41741],[35.1656,-10.41638],[35.16472,-10.40988],[35.16658,-10.40861],[35.16755,-10.40622],[35.16936,-10.40933],[35.17262,-10.40917],[35.17402,-10.4059],[35.17146,-10.40483],[35.17495,-10.40278],[35.17692,-10.39985],[35.17953,-10.39875],[35.17877,-10.39791],[35.17923,-10.39634],[35.18077,-10.39733],[35.18121,-10.39568],[35.18322,-10.39616],[35.18908,-10.39377],[35.18999,-10.39158],[35.18956,-10.38944],[35.18662,-10.38741],[35.18615,-10.38611],[35.19005,-10.38423],[35.18945,-10.37887],[35.19529,-10.36998],[35.19319,-10.37093],[35.19246,-10.36736],[35.19516,-10.3647],[35.19102,-10.36172],[35.19039,-10.35895],[35.19128,-10.35576],[35.18989,-10.35282],[35.19128,-10.35134],[35.18956,-10.35018],[35.18522,-10.35114],[35.18468,-10.34904],[35.18083,-10.34752],[35.18143,-10.34591],[35.17968,-10.34591],[35.17999,-10.34353],[35.17683,-10.34379],[35.17832,-10.34156],[35.1778,-10.34006],[35.17201,-10.33906],[35.17629,-10.33376],[35.17871,-10.33271],[35.176,-10.33331],[35.18096,-10.32815],[35.18076,-10.32527],[35.17988,-10.32539],[35.18044,-10.32441],[35.18576,-10.32622],[35.19013,-10.3312],[35.19125,-10.32951],[35.18929,-10.32175],[35.19226,-10.32302],[35.19513,-10.32174],[35.19685,-10.32242],[35.20035,-10.32061],[35.20163,-10.32228],[35.20154,-10.32534],[35.20259,-10.32721],[35.20481,-10.32814],[35.20873,-10.32463],[35.21001,-10.31883],[35.21165,-10.31628],[35.2148,-10.31765],[35.21634,-10.31701],[35.21745,-10.31088],[35.22002,-10.30789],[35.22485,-10.30859],[35.22642,-10.31062],[35.23175,-10.30436],[35.23478,-10.30339],[35.23697,-10.30499],[35.23901,-10.30378],[35.24076,-10.29683],[35.24446,-10.29286],[35.24582,-10.29248],[35.25035,-10.29813],[35.25328,-10.29811],[35.25409,-10.29649],[35.25637,-10.29514],[35.25681,-10.29122],[35.25897,-10.29165],[35.26022,-10.28863],[35.26792,-10.28113],[35.27134,-10.27489],[35.27385,-10.27472],[35.27793,-10.27747],[35.28101,-10.27516],[35.28168,-10.27305],[35.28004,-10.26945],[35.28025,-10.26615],[35.28482,-10.25964],[35.28899,-10.25644],[35.29173,-10.25635],[35.29404,-10.2604],[35.29555,-10.26044],[35.29641,-10.2595],[35.29593,-10.2566],[35.2993,-10.25455],[35.2997,-10.25121],[35.30088,-10.24957],[35.30333,-10.25178],[35.30878,-10.25307],[35.31037,-10.25552],[35.31515,-10.25683],[35.31705,-10.25241],[35.32466,-10.24952],[35.33439,-10.25156],[35.33567,-10.25108],[35.33789,-10.24663],[35.33918,-10.24752]]]},"properties":{"region":"Ruvuma","district":"Songea","ward":"Kilagano","ward_code":"111"}},{"type":"Feature","geometry":{"type":"Polygon","coordinates":[[[35.4265,-10.39262],[35.44175,-10.42619],[35.44204,-10.43714],[35.45689,-10.44063],[35.45887,-10.45598],[35.45883,-10.46724],[35.44363,-10.49355],[35.43996,-10.50189],[35.43497,-10.52898],[35.4491,-10.54532],[35.45087,-10.54962],[35.46081,-10.5548],[35.45698,-10.56026],[35.45929,-10.56449],[35.45862,-10.57077],[35.4567,-10.57227],[35.45633,-10.57542],[35.46217,-10.57572],[35.45498,-10.59053],[35.45092,-10.59647],[35.44687,-10.59722],[35.44615,-10.5962],[35.44069,-10.59996],[35.43774,-10.60073],[35.43828,-10.60335],[35.43657,-10.6058],[35.43774,-10.60869],[35.41591,-10.60913],[35.39737,-10.59901],[35.38962,-10.59998],[35.38159,-10.60772],[35.37685,-10.59059],[35.37661,-10.58415],[35.37838,-10.57286],[35.37843,-10.56367],[35.37436,-10.55626],[35.37404,-10.55189],[35.37599,-10.54486],[35.36786,-10.52375],[35.36902,-10.50717],[35.39552,-10.42944],[35.39546,-10.42793],[35.39392,-10.4279],[35.39535,-10.42547],[35.39436,-10.42577],[35.39426,-10.42462],[35.39523,-10.4248],[35.3948,-10.42388],[35.39589,-10.42281],[35.39495,-10.42187],[35.39599,-10.42058],[35.39513,-10.41889],[35.39836,-10.41924],[35.39729,-10.41778],[35.39882,-10.41804],[35.40018,-10.41478],[35.402,-10.4147],[35.40189,-10.41195],[35.40338,-10.41136],[35.40503,-10.40685],[35.405,-10.40159],[35.40992,-10.39989],[35.41026,-10.39816],[35.40915,-10.39709],[35.41139,-10.39712],[35.41232,-10.39421],[35.41603,-10.3946],[35.4191,-10.39326],[35.42372,-10.39366],[35.42536,-10.39198],[35.4265,-10.39262]]]},"properties":{"region":"Ruvuma","district":"Songea","ward":"Maposeni","ward_code":"121"}},{"type":"Feature","geometry":{"type":"Polygon","coordinates":[[[35.60415,-10.44104],[35.60738,-10.44499],[35.60677,-10.45656],[35.60869,-10.46252],[35.61025,-10.46176],[35.61227,-10.46273],[35.61366,-10.46165],[35.62075,-10.46466],[35.62247,-10.46169],[35.62741,-10.46119],[35.63022,-10.4635],[35.63452,-10.46497],[35.63569,-10.46765],[35.63966,-10.46813],[35.64713,-10.47188],[35.65093,-10.47673],[35.66342,-10.48151],[35.65783,-10.49645],[35.65563,-10.50626],[35.65506,-10.51429],[35.65063,-10.51806],[35.64527,-10.52956],[35.64277,-10.53781],[35.64379,-10.5477],[35.64507,-10.54908],[35.64573,-10.55259],[35.64364,-10.56164],[35.64,-10.56316],[35.62992,-10.56348],[35.62594,-10.56636],[35.61825,-10.56777],[35.61224,-10.56559],[35.61068,-10.566],[35.60536,-10.56939],[35.60087,-10.5745],[35.59439,-10.57972],[35.58784,-10.58802],[35.58089,-10.59246],[35.57224,-10.59097],[35.57066,-10.5879],[35.56622,-10.58483],[35.55808,-10.58392],[35.55389,-10.58559],[35.54977,-10.58213],[35.54289,-10.58281],[35.54246,-10.58091],[35.53849,-10.58258],[35.53639,-10.58182],[35.5336,-10.57967],[35.53286,-10.57574],[35.53069,-10.57436],[35.53072,-10.5727],[35.52045,-10.56519],[35.5107,-10.53829],[35.50609,-10.53618],[35.50559,-10.53439],[35.50766,-10.53064],[35.51303,-10.5272],[35.51499,-10.51657],[35.51809,-10.47983],[35.52379,-10.45949],[35.52307,-10.45195],[35.52614,-10.44772],[35.52365,-10.44507],[35.52394,-10.43848],[35.53535,-10.44332],[35.54119,-10.44024],[35.55758,-10.41765],[35.58222,-10.40159],[35.58865,-10.40502],[35.58912,-10.41191],[35.59596,-10.4194],[35.60174,-10.42027],[35.59889,-10.42559],[35.59984,-10.42961],[35.599,-10.43161],[35.60415,-10.44104]]]},"properties":{"region":"Ruvuma","district":"Songea","ward":"Mpandangindo","ward_code":"131"}},{"type":"Feature","geometry":{"type":"Polygon","coordinates":[[[35.4594,-10.32194],[35.46287,-10.32393],[35.46148,-10.32481],[35.46299,-10.3264],[35.46473,-10.32574],[35.46766,-10.32733],[35.46743,-10.32924],[35.46922,-10.33105],[35.46902,-10.33249],[35.4703,-10.33371],[35.47146,-10.3332],[35.4712,-10.33399],[35.47284,-10.33569],[35.47253,-10.3364],[35.47082,-10.33572],[35.47147,-10.3368],[35.47623,-10.33709],[35.47714,-10.33807],[35.47624,-10.34005],[35.47671,-10.34169],[35.47957,-10.34246],[35.48101,-10.34448],[35.48092,-10.34732],[35.47947,-10.34718],[35.47986,-10.34866],[35.48354,-10.34713],[35.48264,-10.34806],[35.48332,-10.3495],[35.48479,-10.34759],[35.48644,-10.34837],[35.48628,-10.3491],[35.48703,-10.34834],[35.48797,-10.34929],[35.48911,-10.34752],[35.4901,-10.34778],[35.48895,-10.3493],[35.48985,-10.34968],[35.48973,-10.35076],[35.48759,-10.35093],[35.48852,-10.35301],[35.48973,-10.35295],[35.4885,-10.35523],[35.49077,-10.35897],[35.49021,-10.36037],[35.49301,-10.36268],[35.49475,-10.36158],[35.49563,-10.36284],[35.49421,-10.36467],[35.49466,-10.367],[35.49375,-10.36645],[35.49267,-10.36818],[35.4951,-10.36818],[35.49464,-10.36992],[35.49754,-10.37029],[35.49722,-10.37168],[35.49869,-10.37298],[35.49815,-10.37409],[35.49943,-10.37424],[35.49791,-10.37541],[35.50021,-10.37728],[35.49934,-10.38032],[35.50028,-10.38165],[35.49927,-10.3818],[35.49956,-10.38289],[35.49822,-10.38387],[35.49966,-10.38584],[35.49873,-10.38646],[35.50001,-10.38683],[35.49926,-10.38768],[35.49984,-10.38854],[35.49903,-10.38795],[35.4977,-10.39053],[35.49853,-10.39258],[35.49734,-10.39464],[35.49794,-10.39569],[35.49687,-10.3967],[35.49755,-10.39804],[35.49879,-10.39746],[35.50026,-10.39853],[35.49926,-10.39981],[35.50029,-10.40232],[35.49955,-10.40393],[35.49759,-10.4044],[35.49718,-10.40769],[35.50419,-10.40959],[35.5034,-10.41231],[35.50157,-10.41315],[35.50082,-10.4152],[35.5021,-10.41777],[35.50206,-10.42005],[35.50316,-10.42009],[35.50348,-10.42169],[35.50605,-10.42309],[35.50776,-10.42757],[35.51192,-10.42794],[35.51473,-10.42925],[35.51466,-10.43034],[35.51769,-10.43019],[35.52112,-10.43187],[35.52394,-10.43848],[35.52365,-10.44507],[35.52614,-10.44772],[35.52307,-10.45195],[35.52379,-10.45949],[35.51809,-10.47983],[35.51499,-10.51657],[35.51303,-10.5272],[35.50766,-10.53064],[35.50559,-10.53439],[35.50609,-10.53618],[35.5107,-10.53829],[35.52045,-10.56519],[35.52927,-10.57125],[35.53072,-10.5727],[35.53069,-10.57436],[35.53286,-10.57574],[35.5336,-10.57967],[35.53849,-10.58258],[35.53125,-10.60071],[35.51578,-10.6219],[35.51101,-10.62537],[35.50435,-10.63937],[35.4894,-10.64529],[35.48736,-10.63921],[35.48369,-10.63327],[35.48036,-10.63265],[35.47746,-10.62974],[35.47862,-10.62246],[35.47716,-10.61125],[35.4739,-10.6118],[35.46984,-10.61069],[35.46645,-10.60658],[35.4683,-10.60272],[35.46958,-10.59606],[35.47445,-10.58569],[35.47324,-10.58248],[35.47193,-10.58076],[35.46378,-10.57604],[35.45633,-10.57542],[35.4567,-10.57227],[35.45862,-10.57077],[35.45929,-10.56449],[35.45698,-10.56026],[35.46081,-10.5548],[35.45087,-10.54962],[35.4491,-10.54532],[35.43497,-10.52898],[35.43996,-10.50189],[35.44363,-10.49355],[35.45883,-10.46724],[35.45887,-10.45598],[35.45689,-10.44063],[35.44204,-10.43714],[35.44175,-10.42619],[35.4265,-10.39262],[35.42837,-10.39123],[35.43242,-10.39331],[35.43356,-10.39236],[35.43426,-10.39315],[35.43615,-10.39297],[35.43691,-10.39186],[35.43872,-10.39164],[35.43914,-10.38952],[35.44268,-10.38782],[35.44321,-10.38608],[35.44659,-10.38509],[35.44802,-10.38265],[35.44757,-10.38175],[35.44558,-10.38182],[35.44698,-10.37944],[35.44661,-10.37388],[35.46162,-10.36255],[35.45516,-10.34773],[35.45615,-10.34548],[35.45798,-10.34436],[35.46027,-10.34591],[35.46275,-10.34195],[35.46373,-10.34182],[35.46156,-10.33878],[35.45913,-10.33877],[35.45747,-10.33613],[35.45556,-10.33551],[35.4574,-10.33458],[35.45638,-10.33336],[35.4567,-10.33016],[35.45525,-10.33036],[35.45454,-10.32822],[35.457,-10.32767],[35.457,-10.32281],[35.4594,-10.32194]]]},"properties":{"region":"Ruvuma","district":"Songea","ward":"Parangu","ward_code":"141"}},{"type":"Feature","geometry":{"type":"MultiPolygon","coordinates":[[[[35.46217,-10.57572],[35.47193,-10.58076],[35.47324,-10.58248],[35.47445,-10.58569],[35.46958,-10.59606],[35.4683,-10.60272],[35.46645,-10.60658],[35.46984,-10.61069],[35.4739,-10.6118],[35.47716,-10.61125],[35.47862,-10.62246],[35.47746,-10.62974],[35.48036,-10.63265],[35.48369,-10.63327],[35.48736,-10.63921],[35.4894,-10.64529],[35.48185,-10.64759],[35.47148,-10.65319],[35.46468,-10.65819],[35.4609,-10.65791],[35.45098,-10.66679],[35.44374,-10.66778],[35.43883,-10.67117],[35.42988,-10.66954],[35.42116,-10.67097],[35.42291,-10.66644],[35.42498,-10.6539],[35.42421,-10.64134],[35.43394,-10.63396],[35.43642,-10.62614],[35.44219,-10.62108],[35.44141,-10.61907],[35.44247,-10.61256],[35.43774,-10.60869],[35.43657,-10.6058],[35.43828,-10.60335],[35.43774,-10.60073],[35.44069,-10.59996],[35.44615,-10.5962],[35.44687,-10.59722],[35.45092,-10.59647],[35.45498,-10.59053],[35.46217,-10.57572]]],[[[35.46211,-10.5757],[35.46211,-10.57571],[35.46211,-10.57571],[35.46211,-10.5757]]]]},"properties":{"region":"Ruvuma","district":"Songea","ward":"Peramiho","ward_code":"153"}},{"type":"Feature","geometry":{"type":"Polygon","coordinates":[[[35.32278,-10.54466],[35.36786,-10.54664],[35.37599,-10.54486],[35.37404,-10.55189],[35.37436,-10.55626],[35.37843,-10.56367],[35.37838,-10.57286],[35.37661,-10.58415],[35.37685,-10.59059],[35.38159,-10.60772],[35.38962,-10.59998],[35.39737,-10.59901],[35.41591,-10.60913],[35.43774,-10.60869],[35.44247,-10.61256],[35.44141,-10.61907],[35.44219,-10.62108],[35.43642,-10.62614],[35.43394,-10.63396],[35.42421,-10.64134],[35.42498,-10.6539],[35.42291,-10.66644],[35.42116,-10.67097],[35.41847,-10.67141],[35.40654,-10.68912],[35.40031,-10.69548],[35.39681,-10.69672],[35.39403,-10.699],[35.39352,-10.69789],[35.3927,-10.69855],[35.39243,-10.69752],[35.39113,-10.69727],[35.38869,-10.69952],[35.38849,-10.69855],[35.38771,-10.69874],[35.38375,-10.70274],[35.38259,-10.70162],[35.3823,-10.70311],[35.38134,-10.70287],[35.38131,-10.70117],[35.38045,-10.70208],[35.37764,-10.70195],[35.37537,-10.70085],[35.37397,-10.70281],[35.37355,-10.70151],[35.37141,-10.7013],[35.36891,-10.70289],[35.36864,-10.7017],[35.36737,-10.70129],[35.36593,-10.7037],[35.36367,-10.70242],[35.36291,-10.70342],[35.36229,-10.7026],[35.36195,-10.70371],[35.36123,-10.70302],[35.35905,-10.70347],[35.3578,-10.70122],[35.35598,-10.70264],[35.3556,-10.70125],[35.35189,-10.70032],[35.34826,-10.70149],[35.34667,-10.70094],[35.34704,-10.70207],[35.34413,-10.70222],[35.34347,-10.7031],[35.34265,-10.70211],[35.34179,-10.70358],[35.3416,-10.70157],[35.34058,-10.70168],[35.34041,-10.7027],[35.34005,-10.70174],[35.33734,-10.70325],[35.3377,-10.70253],[35.3324,-10.70302],[35.33211,-10.70202],[35.33147,-10.70256],[35.33046,-10.70178],[35.33044,-10.70268],[35.32664,-10.70377],[35.32578,-10.70247],[35.3233,-10.70319],[35.32143,-10.70201],[35.32115,-10.70287],[35.31979,-10.70238],[35.31982,-10.70155],[35.31915,-10.70232],[35.31733,-10.70007],[35.31594,-10.7005],[35.31611,-10.69965],[35.31376,-10.69774],[35.31318,-10.69812],[35.31311,-10.69729],[35.30727,-10.69644],[35.30659,-10.69552],[35.30635,-10.6965],[35.30512,-10.69632],[35.3046,-10.69446],[35.30336,-10.69567],[35.30314,-10.69486],[35.30156,-10.69512],[35.2973,-10.69234],[35.29687,-10.69293],[35.295,-10.69229],[35.29469,-10.69307],[35.2901,-10.68883],[35.28916,-10.68928],[35.2837,-10.68757],[35.28308,-10.68592],[35.292,-10.67205],[35.29532,-10.6646],[35.30792,-10.65221],[35.30909,-10.64439],[35.3068,-10.6341],[35.30806,-10.62851],[35.30391,-10.62123],[35.30308,-10.61637],[35.30375,-10.6094],[35.30214,-10.6059],[35.29981,-10.59455],[35.28491,-10.58457],[35.29457,-10.54902],[35.32278,-10.54466]]]},"properties":{"region":"Ruvuma","district":"Songea","ward":"Litisha","ward_code":"161"}},{"type":"Feature","geometry":{"type":"Polygon","coordinates":[[[35.53085,-10.71269],[35.53682,-10.71691],[35.54338,-10.72903],[35.54307,-10.73711],[35.53734,-10.73863],[35.53056,-10.74338],[35.53464,-10.75519],[35.54086,-10.7645],[35.52839,-10.77335],[35.52812,-10.77988],[35.5083,-10.80108],[35.46759,-10.77739],[35.4593,-10.778],[35.4502,-10.76528],[35.44003,-10.75421],[35.43809,-10.74863],[35.4193,-10.71871],[35.4061,-10.71245],[35.39797,-10.70183],[35.40976,-10.70436],[35.41903,-10.70779],[35.42473,-10.70685],[35.4344,-10.71185],[35.43541,-10.71401],[35.45294,-10.71353],[35.45798,-10.70499],[35.48001,-10.70166],[35.50158,-10.69099],[35.52421,-10.68826],[35.53,-10.70463],[35.53169,-10.70702],[35.53085,-10.71269]]]},"properties":{"region":"Ruvuma","district":"Songea","ward":"Litapwasi","ward_code":"011"}},{"type":"Feature","geometry":{"type":"Polygon","coordinates":[[[35.63247,-10.744],[35.62127,-10.75981],[35.62644,-10.76365],[35.63311,-10.77336],[35.63716,-10.77695],[35.6449,-10.77659],[35.66657,-10.7871],[35.65827,-10.81407],[35.71039,-10.81185],[35.70618,-10.82213],[35.68248,-10.86539],[35.67466,-10.90954],[35.60081,-10.92188],[35.54162,-10.91382],[35.53491,-10.90381],[35.53081,-10.87597],[35.52352,-10.87551],[35.51006,-10.87694],[35.5038,-10.87637],[35.50063,-10.87255],[35.49553,-10.8707],[35.47817,-10.85935],[35.45612,-10.85011],[35.42828,-10.84507],[35.42957,-10.8274],[35.43752,-10.80844],[35.45081,-10.80177],[35.45407,-10.79578],[35.4593,-10.778],[35.46759,-10.77739],[35.5083,-10.80108],[35.52812,-10.77988],[35.52839,-10.77335],[35.54086,-10.7645],[35.54787,-10.77399],[35.56157,-10.77351],[35.57265,-10.75288],[35.60362,-10.74845],[35.60866,-10.74993],[35.61199,-10.74602],[35.614,-10.74553],[35.61605,-10.74359],[35.63247,-10.744]]]},"properties":{"region":"Ruvuma","district":"Songea","ward":"Mpitimbi","ward_code":"021"}},{"type":"Feature","geometry":{"type":"Polygon","coordinates":[[[35.77703,-10.63337],[35.77832,-10.6662],[35.79571,-10.6555],[35.81159,-10.65571],[35.82489,-10.63447],[35.83016,-10.6325],[35.83629,-10.63541],[35.83746,-10.63699],[35.84254,-10.63722],[35.84857,-10.63562],[35.85606,-10.63586],[35.85724,-10.63499],[35.86012,-10.63558],[35.86134,-10.63766],[35.86366,-10.63605],[35.86489,-10.6377],[35.8687,-10.63541],[35.87051,-10.63714],[35.87256,-10.63505],[35.88101,-10.6366],[35.88224,-10.63817],[35.88497,-10.63762],[35.88661,-10.6388],[35.88659,-10.64074],[35.88899,-10.64384],[35.89492,-10.64858],[35.90231,-10.64996],[35.90538,-10.65447],[35.9076,-10.65571],[35.90758,-10.65732],[35.90957,-10.65776],[35.91394,-10.66565],[35.91523,-10.68788],[35.90792,-10.70024],[35.90519,-10.70902],[35.89532,-10.71754],[35.86217,-10.76007],[35.89546,-10.7981],[35.89053,-10.86396],[35.87938,-10.87549],[35.82765,-10.9379],[35.70255,-10.94054],[35.67466,-10.90954],[35.68248,-10.86539],[35.70618,-10.82213],[35.71039,-10.81185],[35.65827,-10.81407],[35.67982,-10.74402],[35.70786,-10.73661],[35.74231,-10.70993],[35.71919,-10.69882],[35.71745,-10.69072],[35.72305,-10.67525],[35.72055,-10.65432],[35.72288,-10.64345],[35.73399,-10.64422],[35.7364,-10.64062],[35.74629,-10.63509],[35.74524,-10.62078],[35.7508,-10.6189],[35.75363,-10.60651],[35.77703,-10.63337]]]},"properties":{"region":"Ruvuma","district":"Songea","ward":"Matimira","ward_code":"031"}},{"type":"Feature","geometry":{"type":"Polygon","coordinates":[[[35.5038,-10.87637],[35.51006,-10.87694],[35.52352,-10.87551],[35.53081,-10.87597],[35.53491,-10.90381],[35.54162,-10.91382],[35.60081,-10.92188],[35.67466,-10.90954],[35.70255,-10.94054],[35.82765,-10.9379],[35.8109,-10.99062],[35.81675,-11.02474],[35.81335,-11.03849],[35.80929,-11.04112],[35.80748,-11.04797],[35.81008,-11.05096],[35.82105,-11.05407],[35.81741,-11.06619],[35.83769,-11.07307],[35.83009,-11.08882],[35.81979,-11.09523],[35.81352,-11.11568],[35.81818,-11.13376],[35.81472,-11.13875],[35.81849,-11.14287],[35.80821,-11.1554],[35.80229,-11.16002],[35.80001,-11.16474],[35.79027,-11.17285],[35.79013,-11.17613],[35.7937,-11.18362],[35.79567,-11.18446],[35.79634,-11.18713],[35.7983,-11.18943],[35.79693,-11.19043],[35.79804,-11.19134],[35.79563,-11.19261],[35.79551,-11.1962],[35.79618,-11.19654],[35.79719,-11.19483],[35.79794,-11.19545],[35.79758,-11.19778],[35.7954,-11.19964],[35.79608,-11.20067],[35.80092,-11.20101],[35.80205,-11.20497],[35.79701,-11.20791],[35.79688,-11.20866],[35.79989,-11.209],[35.79803,-11.21227],[35.80031,-11.21428],[35.80359,-11.21403],[35.80529,-11.2153],[35.80593,-11.21398],[35.80788,-11.21396],[35.8096,-11.2124],[35.81149,-11.21406],[35.81309,-11.21383],[35.81428,-11.21581],[35.81859,-11.21501],[35.82045,-11.21871],[35.82007,-11.22182],[35.82083,-11.22278],[35.82426,-11.22326],[35.82781,-11.22644],[35.82547,-11.22657],[35.82522,-11.22786],[35.82578,-11.22902],[35.82776,-11.22897],[35.82821,-11.22999],[35.82721,-11.23056],[35.82806,-11.23105],[35.82996,-11.22893],[35.83246,-11.2301],[35.83328,-11.22956],[35.83333,-11.23114],[35.8324,-11.23185],[35.83413,-11.234],[35.83772,-11.23255],[35.84247,-11.23362],[35.84383,-11.23278],[35.84684,-11.23593],[35.84809,-11.23511],[35.84958,-11.23655],[35.85167,-11.23632],[35.85178,-11.23881],[35.85403,-11.23928],[35.85426,-11.2412],[35.85598,-11.24236],[35.85466,-11.24347],[35.85461,-11.24583],[35.85614,-11.24603],[35.85605,-11.24709],[35.85427,-11.24736],[35.85526,-11.24893],[35.85653,-11.24876],[35.85554,-11.2499],[35.85594,-11.25079],[35.85978,-11.25405],[35.85881,-11.25472],[35.8596,-11.25828],[35.86223,-11.26168],[35.86394,-11.26174],[35.86473,-11.2659],[35.86672,-11.26708],[35.86593,-11.26893],[35.86221,-11.27035],[35.86201,-11.27174],[35.86462,-11.27347],[35.86616,-11.27787],[35.86871,-11.27852],[35.87017,-11.28082],[35.86976,-11.2857],[35.85891,-11.28109],[35.85777,-11.28117],[35.85665,-11.28274],[35.85694,-11.28414],[35.86156,-11.2864],[35.86143,-11.29091],[35.86564,-11.29276],[35.8648,-11.29599],[35.86281,-11.2969],[35.8603,-11.29659],[35.86009,-11.29759],[35.86151,-11.29861],[35.86286,-11.29808],[35.86669,-11.30061],[35.87227,-11.29845],[35.87333,-11.2992],[35.86996,-11.30325],[35.87231,-11.30573],[35.87503,-11.30555],[35.87446,-11.30712],[35.86984,-11.31021],[35.87139,-11.31376],[35.87062,-11.31544],[35.86632,-11.31687],[35.87041,-11.322],[35.8684,-11.32704],[35.86931,-11.32852],[35.87319,-11.33009],[35.87197,-11.33239],[35.87195,-11.33592],[35.87003,-11.33827],[35.87052,-11.33925],[35.87295,-11.33844],[35.87444,-11.33901],[35.87404,-11.34309],[35.87748,-11.34412],[35.87469,-11.35284],[35.87515,-11.35386],[35.87786,-11.35565],[35.88282,-11.3535],[35.88336,-11.35504],[35.88256,-11.35766],[35.87969,-11.36106],[35.88047,-11.36361],[35.8797,-11.36829],[35.88071,-11.36992],[35.87296,-11.36874],[35.8724,-11.37031],[35.87608,-11.37415],[35.87243,-11.37617],[35.87482,-11.38013],[35.87715,-11.37853],[35.87795,-11.37932],[35.87569,-11.38404],[35.87824,-11.38664],[35.8778,-11.38788],[35.87595,-11.38853],[35.87566,-11.38991],[35.88206,-11.39225],[35.88639,-11.3995],[35.88839,-11.40154],[35.89129,-11.40223],[35.89125,-11.40434],[35.8864,-11.41021],[35.88381,-11.40996],[35.88178,-11.41123],[35.87621,-11.40832],[35.8738,-11.40932],[35.87109,-11.40632],[35.8695,-11.40842],[35.86724,-11.40856],[35.86542,-11.41002],[35.86561,-11.41226],[35.86738,-11.41247],[35.87041,-11.40934],[35.87196,-11.40936],[35.87401,-11.41484],[35.87238,-11.41577],[35.86959,-11.41441],[35.8676,-11.41634],[35.86913,-11.42249],[35.86518,-11.42739],[35.86841,-11.43115],[35.86604,-11.43215],[35.86326,-11.43164],[35.86122,-11.42993],[35.85677,-11.42924],[35.85163,-11.42678],[35.85043,-11.42466],[35.85334,-11.42011],[35.84787,-11.41242],[35.84283,-11.41098],[35.83447,-11.41333],[35.83128,-11.41276],[35.83036,-11.4115],[35.82773,-11.41061],[35.82412,-11.4163],[35.81101,-11.41951],[35.80876,-11.42435],[35.81001,-11.42592],[35.81424,-11.42603],[35.81501,-11.42825],[35.81134,-11.43106],[35.8044,-11.42939],[35.80332,-11.43038],[35.80455,-11.43433],[35.79995,-11.44221],[35.79749,-11.44318],[35.79511,-11.44034],[35.79302,-11.43986],[35.79195,-11.44105],[35.79426,-11.44744],[35.7938,-11.45186],[35.79118,-11.4485],[35.78656,-11.44795],[35.7856,-11.44945],[35.7866,-11.45514],[35.78309,-11.45757],[35.78046,-11.46307],[35.7772,-11.46493],[35.77703,-11.46926],[35.77492,-11.47074],[35.77354,-11.47032],[35.77408,-11.46563],[35.7697,-11.45938],[35.76737,-11.4603],[35.76538,-11.46295],[35.76572,-11.46684],[35.77051,-11.46923],[35.77044,-11.47098],[35.76933,-11.47146],[35.76269,-11.47122],[35.7559,-11.46814],[35.75356,-11.469],[35.74918,-11.4738],[35.74729,-11.47433],[35.74474,-11.4727],[35.73966,-11.47181],[35.73949,-11.46873],[35.73834,-11.46769],[35.7373,-11.46807],[35.73605,-11.47132],[35.73533,-11.47804],[35.73362,-11.47865],[35.72085,-11.47474],[35.71594,-11.47737],[35.71215,-11.47722],[35.71127,-11.4783],[35.71287,-11.4835],[35.7154,-11.48555],[35.71528,-11.48705],[35.71364,-11.48853],[35.70923,-11.48973],[35.70458,-11.49391],[35.67008,-11.43955],[35.64062,-11.36668],[35.59401,-11.32505],[35.61516,-11.21527],[35.58416,-11.14692],[35.55971,-11.12208],[35.55875,-11.07663],[35.54847,-11.03776],[35.53455,-11.03524],[35.52445,-11.03583],[35.51509,-11.04321],[35.5162,-10.99622],[35.50153,-10.98798],[35.48202,-10.99424],[35.46736,-10.99425],[35.46303,-10.99834],[35.45217,-11.00434],[35.44161,-11.00179],[35.4256,-10.99519],[35.40314,-11.00267],[35.38746,-10.99343],[35.38717,-10.97959],[35.39229,-10.97038],[35.39571,-10.95579],[35.40323,-10.88846],[35.42828,-10.84507],[35.45612,-10.85011],[35.47817,-10.85935],[35.49553,-10.8707],[35.50063,-10.87255],[35.5038,-10.87637]]]},"properties":{"region":"Ruvuma","district":"Songea","ward":"Ndongosi","ward_code":"041"}},{"type":"Feature","geometry":{"type":"Polygon","coordinates":[[[35.5162,-10.99622],[35.51509,-11.04321],[35.52445,-11.03583],[35.53455,-11.03524],[35.54847,-11.03776],[35.55875,-11.07663],[35.55971,-11.12208],[35.58416,-11.14692],[35.61516,-11.21527],[35.59401,-11.32505],[35.64062,-11.36668],[35.67008,-11.43955],[35.70458,-11.49391],[35.70346,-11.49706],[35.70435,-11.49791],[35.71043,-11.49739],[35.7127,-11.49839],[35.71349,-11.49978],[35.71154,-11.50661],[35.70921,-11.5088],[35.70306,-11.50754],[35.69844,-11.50737],[35.69726,-11.50815],[35.69787,-11.51586],[35.69566,-11.5217],[35.68164,-11.5337],[35.67824,-11.53518],[35.67098,-11.5354],[35.6684,-11.53688],[35.66299,-11.5426],[35.65027,-11.55071],[35.64851,-11.55872],[35.64504,-11.56296],[35.64325,-11.56321],[35.63562,-11.5536],[35.63426,-11.55297],[35.6269,-11.55533],[35.61496,-11.5553],[35.60793,-11.55857],[35.60291,-11.55975],[35.59486,-11.56003],[35.58633,-11.5562],[35.57994,-11.55487],[35.57793,-11.54952],[35.57397,-11.54911],[35.57083,-11.54627],[35.57092,-11.54327],[35.56781,-11.53539],[35.5685,-11.53257],[35.56329,-11.528],[35.56064,-11.52746],[35.56073,-11.52248],[35.55409,-11.51964],[35.55264,-11.51693],[35.55387,-11.50878],[35.54955,-11.501],[35.5492,-11.49728],[35.54775,-11.497],[35.54931,-11.49468],[35.54822,-11.49379],[35.5491,-11.49069],[35.54777,-11.48801],[35.5481,-11.48681],[35.54621,-11.48639],[35.54498,-11.48455],[35.54712,-11.47922],[35.54615,-11.47929],[35.54539,-11.47749],[35.54489,-11.47817],[35.54307,-11.47664],[35.54123,-11.47662],[35.53628,-11.47019],[35.5369,-11.46905],[35.52577,-11.46428],[35.51936,-11.45287],[35.51954,-11.4466],[35.52209,-11.44256],[35.52794,-11.44205],[35.52955,-11.43883],[35.53388,-11.43809],[35.53576,-11.43466],[35.538,-11.43588],[35.53875,-11.43371],[35.53569,-11.43101],[35.53088,-11.42995],[35.52959,-11.42799],[35.52628,-11.42589],[35.52173,-11.42735],[35.51782,-11.42656],[35.51431,-11.4211],[35.51603,-11.41648],[35.52039,-11.41471],[35.54028,-11.40092],[35.53769,-11.39806],[35.5358,-11.38924],[35.53785,-11.38827],[35.53805,-11.38425],[35.53542,-11.38043],[35.53617,-11.36939],[35.53314,-11.3657],[35.53316,-11.36048],[35.52989,-11.3535],[35.52452,-11.3522],[35.52214,-11.35028],[35.52258,-11.34711],[35.52001,-11.34577],[35.51944,-11.34388],[35.51685,-11.34438],[35.51647,-11.34246],[35.51389,-11.34162],[35.51132,-11.337],[35.50512,-11.33477],[35.50312,-11.32558],[35.50378,-11.31946],[35.50221,-11.31395],[35.49796,-11.3099],[35.49485,-11.30996],[35.49414,-11.30862],[35.49289,-11.30231],[35.49398,-11.29831],[35.45334,-11.26224],[35.45359,-11.23194],[35.46044,-11.21998],[35.46076,-11.19591],[35.4622,-11.18602],[35.46642,-11.16885],[35.46624,-11.16502],[35.47557,-11.15067],[35.47571,-11.14506],[35.48082,-11.13532],[35.48323,-11.12019],[35.48637,-11.11039],[35.48534,-11.10474],[35.48651,-11.09778],[35.48607,-11.08995],[35.48216,-11.08016],[35.48169,-11.07614],[35.47653,-11.0696],[35.46921,-11.06666],[35.46981,-11.06559],[35.46888,-11.06483],[35.46794,-11.066],[35.46632,-11.06513],[35.46131,-11.05461],[35.44729,-11.04988],[35.42812,-11.06547],[35.411,-11.06817],[35.3833,-11.04349],[35.37892,-11.03183],[35.38746,-10.99343],[35.40314,-11.00267],[35.4256,-10.99519],[35.44161,-11.00179],[35.45217,-11.00434],[35.46303,-10.99834],[35.46736,-10.99425],[35.48202,-10.99424],[35.50153,-10.98798],[35.5162,-10.99622]]]},"properties":{"region":"Ruvuma","district":"Songea","ward":"Lilahi","ward_code":"051"}},{"type":"Feature","geometry":{"type":"Polygon","coordinates":[[[35.38746,-10.99343],[35.37892,-11.03183],[35.3833,-11.04349],[35.411,-11.06817],[35.42812,-11.06547],[35.44729,-11.04988],[35.46131,-11.05461],[35.46632,-11.06513],[35.46794,-11.066],[35.46888,-11.06483],[35.46981,-11.06559],[35.46921,-11.06666],[35.47653,-11.0696],[35.48169,-11.07614],[35.48216,-11.08016],[35.48607,-11.08995],[35.48651,-11.09778],[35.48534,-11.10474],[35.48637,-11.11039],[35.48323,-11.12019],[35.48082,-11.13532],[35.47571,-11.14506],[35.47557,-11.15067],[35.46624,-11.16502],[35.46642,-11.16885],[35.4622,-11.18602],[35.46076,-11.19591],[35.46044,-11.21998],[35.45359,-11.23194],[35.45334,-11.26224],[35.49398,-11.29831],[35.49289,-11.30231],[35.49414,-11.30862],[35.49485,-11.30996],[35.49796,-11.3099],[35.50221,-11.31395],[35.50378,-11.31946],[35.50312,-11.32558],[35.50512,-11.33477],[35.51132,-11.337],[35.51389,-11.34162],[35.51647,-11.34246],[35.51685,-11.34438],[35.51944,-11.34388],[35.52001,-11.34577],[35.52258,-11.34711],[35.52214,-11.35028],[35.52452,-11.3522],[35.52989,-11.3535],[35.53316,-11.36048],[35.53314,-11.3657],[35.53617,-11.36939],[35.53542,-11.38043],[35.53805,-11.38425],[35.53785,-11.38827],[35.5358,-11.38924],[35.53769,-11.39806],[35.54028,-11.40092],[35.52039,-11.41471],[35.51603,-11.41648],[35.51431,-11.4211],[35.51782,-11.42656],[35.52173,-11.42735],[35.52628,-11.42589],[35.52959,-11.42799],[35.53088,-11.42995],[35.53569,-11.43101],[35.53875,-11.43371],[35.538,-11.43588],[35.53576,-11.43466],[35.53388,-11.43809],[35.52955,-11.43883],[35.52794,-11.44205],[35.52209,-11.44256],[35.51954,-11.4466],[35.51936,-11.45287],[35.52577,-11.46428],[35.5369,-11.46905],[35.53628,-11.47019],[35.54123,-11.47662],[35.54307,-11.47664],[35.54489,-11.47817],[35.54539,-11.47749],[35.54615,-11.47929],[35.54712,-11.47922],[35.54498,-11.48455],[35.54621,-11.48639],[35.5481,-11.48681],[35.54777,-11.48801],[35.5491,-11.49069],[35.54822,-11.49379],[35.54931,-11.49468],[35.54775,-11.497],[35.5492,-11.49728],[35.54955,-11.501],[35.55387,-11.50878],[35.55264,-11.51693],[35.55409,-11.51964],[35.56073,-11.52248],[35.56064,-11.52746],[35.56329,-11.528],[35.5685,-11.53257],[35.56781,-11.53539],[35.57092,-11.54327],[35.57083,-11.54627],[35.57397,-11.54911],[35.57095,-11.55373],[35.56734,-11.56345],[35.56393,-11.56332],[35.56109,-11.56595],[35.55942,-11.56584],[35.55645,-11.56289],[35.55441,-11.56283],[35.5527,-11.56448],[35.55246,-11.56801],[35.54969,-11.56981],[35.54871,-11.5685],[35.54966,-11.56486],[35.54838,-11.56313],[35.54156,-11.55916],[35.53735,-11.56024],[35.54021,-11.56471],[35.5393,-11.56542],[35.53674,-11.5653],[35.5345,-11.56326],[35.53196,-11.5578],[35.52804,-11.5588],[35.52368,-11.56228],[35.52089,-11.56621],[35.52153,-11.57192],[35.52781,-11.57569],[35.52729,-11.57691],[35.5192,-11.57923],[35.51607,-11.582],[35.50523,-11.58093],[35.50267,-11.56866],[35.50282,-11.5616],[35.50149,-11.56076],[35.49225,-11.55991],[35.48417,-11.56194],[35.47793,-11.55947],[35.47383,-11.56111],[35.47295,-11.56374],[35.47996,-11.57023],[35.48123,-11.572],[35.481,-11.57354],[35.47854,-11.57649],[35.47412,-11.57859],[35.46292,-11.5811],[35.45192,-11.57556],[35.45016,-11.57785],[35.44888,-11.57779],[35.44765,-11.5736],[35.44675,-11.57307],[35.44421,-11.57623],[35.44337,-11.58243],[35.4418,-11.58433],[35.4377,-11.58311],[35.43319,-11.57986],[35.42725,-11.57939],[35.42156,-11.58205],[35.41988,-11.58135],[35.42031,-11.57764],[35.42335,-11.57574],[35.42549,-11.57283],[35.42537,-11.5678],[35.42835,-11.56803],[35.42784,-11.56537],[35.42887,-11.56331],[35.43282,-11.56495],[35.43396,-11.56446],[35.43401,-11.56212],[35.43553,-11.55961],[35.43884,-11.55851],[35.43835,-11.55665],[35.44072,-11.55571],[35.44239,-11.55282],[35.4401,-11.54953],[35.44325,-11.54776],[35.44367,-11.54661],[35.44154,-11.54257],[35.44203,-11.53947],[35.44021,-11.54004],[35.43775,-11.53873],[35.43196,-11.54006],[35.42807,-11.53785],[35.43134,-11.53735],[35.43318,-11.53475],[35.43263,-11.5336],[35.42371,-11.53259],[35.42139,-11.5298],[35.42156,-11.52693],[35.41849,-11.52492],[35.41582,-11.5273],[35.41487,-11.52713],[35.41532,-11.52213],[35.41896,-11.51859],[35.41804,-11.51675],[35.41299,-11.51368],[35.40603,-11.51334],[35.41035,-11.50656],[35.40695,-11.50773],[35.40493,-11.50545],[35.40526,-11.50373],[35.4044,-11.50236],[35.39503,-11.49735],[35.39251,-11.49828],[35.38973,-11.49542],[35.38723,-11.49691],[35.38521,-11.49635],[35.38636,-11.49425],[35.38998,-11.49351],[35.39318,-11.49166],[35.38797,-11.49046],[35.38657,-11.48926],[35.38693,-11.48553],[35.38567,-11.48414],[35.38631,-11.48126],[35.38376,-11.47913],[35.38294,-11.4711],[35.38356,-11.46842],[35.38214,-11.46543],[35.37785,-11.4678],[35.37771,-11.46948],[35.37634,-11.46939],[35.37533,-11.46806],[35.3758,-11.46542],[35.37851,-11.46137],[35.382,-11.46401],[35.38403,-11.46111],[35.38692,-11.4647],[35.3898,-11.46274],[35.39004,-11.4616],[35.38865,-11.46024],[35.38509,-11.46064],[35.38142,-11.45679],[35.37749,-11.45474],[35.37718,-11.45389],[35.37864,-11.45219],[35.38476,-11.45504],[35.38733,-11.45054],[35.38991,-11.44937],[35.38626,-11.44632],[35.38717,-11.44078],[35.38604,-11.43919],[35.38398,-11.43806],[35.38242,-11.43907],[35.38218,-11.44332],[35.38047,-11.44166],[35.37735,-11.44194],[35.37477,-11.44074],[35.37358,-11.43756],[35.37717,-11.43262],[35.37367,-11.42701],[35.37489,-11.426],[35.3774,-11.42653],[35.37931,-11.42369],[35.38076,-11.42394],[35.38305,-11.42631],[35.38539,-11.42509],[35.38647,-11.42331],[35.38459,-11.42092],[35.382,-11.42089],[35.38081,-11.41983],[35.38028,-11.41712],[35.37615,-11.41249],[35.37638,-11.41155],[35.38347,-11.41375],[35.38555,-11.41187],[35.38813,-11.41273],[35.38921,-11.41182],[35.38588,-11.40529],[35.38945,-11.40326],[35.38723,-11.40123],[35.38892,-11.39969],[35.38777,-11.39588],[35.3887,-11.39445],[35.38827,-11.3923],[35.39099,-11.39126],[35.38915,-11.38992],[35.38887,-11.38532],[35.39084,-11.38029],[35.39259,-11.37925],[35.38572,-11.37613],[35.38471,-11.37454],[35.38762,-11.37088],[35.38794,-11.36758],[35.3894,-11.36685],[35.39143,-11.36853],[35.39224,-11.36756],[35.3897,-11.36403],[35.39033,-11.36173],[35.38955,-11.35871],[35.38568,-11.35871],[35.38464,-11.35752],[35.38088,-11.35718],[35.38118,-11.35228],[35.37976,-11.35178],[35.37792,-11.34621],[35.37847,-11.34218],[35.37696,-11.34148],[35.37525,-11.33873],[35.37197,-11.33806],[35.36833,-11.33503],[35.36631,-11.33873],[35.3587,-11.33686],[35.3561,-11.32965],[35.36159,-11.3214],[35.35423,-11.31523],[35.35266,-11.30874],[35.34837,-11.30457],[35.34785,-11.29353],[35.34522,-11.2913],[35.34634,-11.28909],[35.3459,-11.28525],[35.34772,-11.28141],[35.34778,-11.27915],[35.34568,-11.2773],[35.34113,-11.27651],[35.33936,-11.27206],[35.33685,-11.26947],[35.33655,-11.26725],[35.33409,-11.26572],[35.33435,-11.2603],[35.33643,-11.25778],[35.33386,-11.25546],[35.33432,-11.25193],[35.33594,-11.24896],[35.339,-11.24416],[35.34407,-11.2462],[35.34736,-11.24311],[35.34623,-11.23978],[35.34259,-11.23563],[35.34304,-11.23119],[35.35213,-11.22704],[35.35189,-11.22352],[35.34707,-11.22535],[35.34316,-11.22421],[35.34312,-11.22293],[35.34043,-11.2212],[35.34097,-11.21836],[35.34632,-11.21853],[35.34664,-11.21512],[35.34461,-11.21127],[35.34389,-11.20501],[35.34257,-11.20287],[35.34536,-11.20144],[35.342,-11.19501],[35.34388,-11.19266],[35.3407,-11.19079],[35.34171,-11.18943],[35.34533,-11.19088],[35.34583,-11.18773],[35.34912,-11.187],[35.34885,-11.18579],[35.34807,-11.18511],[35.34504,-11.18567],[35.34412,-11.18384],[35.33847,-11.18386],[35.33733,-11.18214],[35.33812,-11.17934],[35.33735,-11.17789],[35.33568,-11.17842],[35.33501,-11.17777],[35.33448,-11.16718],[35.33264,-11.16768],[35.33126,-11.16662],[35.3305,-11.1638],[35.33305,-11.16175],[35.33084,-11.16055],[35.33096,-11.15723],[35.32921,-11.15541],[35.33225,-11.15286],[35.33378,-11.14998],[35.32714,-11.14859],[35.3265,-11.1496],[35.3282,-11.15176],[35.32774,-11.15237],[35.32473,-11.14989],[35.32264,-11.15113],[35.32273,-11.15303],[35.32171,-11.15271],[35.32097,-11.14791],[35.31951,-11.14642],[35.32116,-11.14508],[35.32029,-11.14424],[35.31732,-11.14669],[35.31486,-11.14302],[35.3126,-11.14262],[35.31138,-11.1409],[35.31313,-11.13712],[35.31039,-11.13438],[35.31035,-11.13275],[35.30768,-11.13278],[35.30479,-11.13409],[35.30282,-11.13196],[35.29894,-11.13203],[35.29494,-11.13401],[35.29387,-11.13289],[35.29315,-11.13412],[35.29128,-11.13245],[35.28994,-11.12836],[35.28855,-11.12864],[35.28786,-11.12991],[35.28671,-11.12958],[35.2827,-11.12363],[35.2856,-11.12017],[35.28224,-11.11799],[35.28232,-11.11514],[35.28001,-11.11304],[35.28019,-11.10944],[35.27565,-11.10263],[35.2741,-11.10164],[35.2749,-11.09671],[35.27979,-11.09416],[35.27875,-11.08874],[35.27512,-11.08559],[35.26967,-11.07072],[35.27351,-11.06905],[35.27404,-11.06713],[35.27608,-11.06516],[35.27565,-11.0637],[35.27872,-11.06235],[35.27854,-11.06035],[35.28059,-11.0593],[35.28052,-11.05697],[35.28339,-11.05339],[35.28583,-11.05267],[35.28721,-11.05048],[35.28986,-11.04908],[35.29461,-11.04696],[35.29716,-11.047],[35.30134,-11.03554],[35.30754,-11.02872],[35.30622,-11.02183],[35.30946,-11.01422],[35.31282,-11.01127],[35.32198,-11.01168],[35.32723,-11.00898],[35.3407,-10.99797],[35.34657,-10.99081],[35.35764,-10.98696],[35.37066,-10.98682],[35.37942,-10.99109],[35.38746,-10.99343]]]},"properties":{"region":"Ruvuma","district":"Songea","ward":"Muhukuru","ward_code":"061"}},{"type":"Feature","geometry":{"type":"Polygon","coordinates":[[[35.42828,-10.84507],[35.40323,-10.88846],[35.39571,-10.95579],[35.39229,-10.97038],[35.38717,-10.97959],[35.38746,-10.99343],[35.37942,-10.99109],[35.37066,-10.98682],[35.35764,-10.98696],[35.34657,-10.99081],[35.3407,-10.99797],[35.32723,-11.00898],[35.32198,-11.01168],[35.31282,-11.01127],[35.30946,-11.01422],[35.30622,-11.02183],[35.30754,-11.02872],[35.30134,-11.03554],[35.29716,-11.047],[35.29461,-11.04696],[35.28986,-11.04908],[35.28721,-11.05048],[35.28583,-11.05267],[35.28339,-11.05339],[35.28052,-11.05697],[35.28059,-11.0593],[35.27854,-11.06035],[35.27872,-11.06235],[35.27565,-11.0637],[35.27608,-11.06516],[35.27404,-11.06713],[35.27351,-11.06905],[35.26967,-11.07072],[35.26453,-11.06225],[35.26401,-11.0592],[35.26207,-11.05833],[35.26318,-11.05416],[35.26155,-11.05171],[35.26225,-11.04844],[35.26025,-11.04518],[35.25661,-11.04426],[35.25271,-11.04546],[35.25115,-11.04334],[35.25375,-11.04109],[35.25684,-11.03619],[35.25614,-11.03415],[35.25245,-11.03317],[35.25226,-11.03225],[35.25531,-11.03003],[35.25539,-11.02813],[35.24971,-11.02784],[35.24565,-11.02168],[35.24613,-11.01886],[35.2504,-11.02023],[35.25005,-11.0167],[35.25236,-11.01439],[35.25553,-11.01439],[35.25637,-11.01622],[35.25987,-11.01346],[35.25774,-11.01249],[35.25568,-11.00864],[35.25634,-11.00756],[35.25574,-11.00449],[35.25346,-11.00423],[35.2534,-11.0034],[35.25098,-11.00277],[35.24982,-11.0013],[35.2513,-10.99628],[35.25276,-10.99497],[35.24882,-10.99382],[35.24751,-10.99153],[35.24573,-10.99127],[35.24748,-10.98318],[35.24604,-10.98265],[35.24655,-10.97977],[35.2454,-10.9783],[35.2476,-10.97745],[35.24914,-10.97793],[35.24554,-10.97417],[35.24761,-10.97385],[35.24498,-10.97114],[35.2441,-10.96752],[35.2447,-10.96518],[35.24812,-10.96311],[35.24494,-10.96187],[35.2452,-10.95975],[35.24367,-10.9577],[35.24052,-10.95907],[35.23939,-10.95872],[35.23916,-10.95608],[35.23793,-10.95659],[35.23572,-10.95342],[35.23501,-10.95478],[35.23464,-10.95377],[35.23381,-10.95464],[35.23153,-10.9541],[35.23027,-10.95207],[35.22946,-10.95268],[35.23002,-10.95408],[35.22906,-10.95499],[35.22808,-10.95418],[35.22942,-10.95077],[35.23184,-10.95145],[35.22859,-10.94156],[35.22654,-10.94088],[35.22914,-10.9404],[35.2287,-10.93939],[35.22714,-10.9392],[35.22712,-10.93659],[35.22999,-10.93387],[35.23281,-10.93398],[35.23412,-10.93201],[35.23354,-10.93029],[35.23214,-10.93031],[35.23174,-10.92941],[35.22771,-10.93045],[35.22516,-10.92877],[35.22506,-10.92768],[35.22654,-10.92834],[35.22555,-10.92602],[35.22382,-10.92508],[35.22481,-10.92285],[35.22255,-10.92215],[35.22287,-10.92067],[35.22059,-10.91687],[35.22188,-10.91415],[35.22014,-10.90949],[35.21571,-10.91045],[35.21498,-10.90988],[35.21558,-10.90934],[35.21428,-10.9064],[35.21516,-10.90363],[35.21664,-10.90339],[35.21644,-10.90241],[35.21426,-10.90135],[35.21412,-10.8996],[35.21298,-10.89948],[35.2133,-10.89785],[35.21105,-10.89586],[35.21159,-10.89481],[35.20969,-10.891],[35.20815,-10.89191],[35.20883,-10.88838],[35.20779,-10.88391],[35.2056,-10.88483],[35.20529,-10.88363],[35.20584,-10.8812],[35.2073,-10.88001],[35.20577,-10.87907],[35.20524,-10.87569],[35.20382,-10.87476],[35.20547,-10.87415],[35.20637,-10.87026],[35.20379,-10.87019],[35.20103,-10.86751],[35.20182,-10.86468],[35.20044,-10.86216],[35.19721,-10.86274],[35.19711,-10.85843],[35.19574,-10.85854],[35.19381,-10.85706],[35.19396,-10.85577],[35.19326,-10.8567],[35.19333,-10.85575],[35.19156,-10.85534],[35.19163,-10.8532],[35.19061,-10.8531],[35.19177,-10.85093],[35.19067,-10.85033],[35.19109,-10.84876],[35.18925,-10.84752],[35.18994,-10.84601],[35.19191,-10.84643],[35.19468,-10.84545],[35.20456,-10.8483],[35.25091,-10.84855],[35.26084,-10.87708],[35.26798,-10.87716],[35.27428,-10.8752],[35.2773,-10.87685],[35.28273,-10.87459],[35.28668,-10.87489],[35.28903,-10.87313],[35.29182,-10.87325],[35.29578,-10.87104],[35.30046,-10.86316],[35.29988,-10.85871],[35.30105,-10.85705],[35.29868,-10.84709],[35.29952,-10.84322],[35.30375,-10.83636],[35.30772,-10.83287],[35.30389,-10.82456],[35.3049,-10.81652],[35.30379,-10.81218],[35.32785,-10.80847],[35.33438,-10.80096],[35.33989,-10.80133],[35.34599,-10.80493],[35.34764,-10.80834],[35.35509,-10.81116],[35.37355,-10.8134],[35.41313,-10.83745],[35.42828,-10.84507]]]},"properties":{"region":"Ruvuma","district":"Songea","ward":"Kizuka","ward_code":"071"}},{"type":"Feature","geometry":{"type":"Polygon","coordinates":[[[35.2214,-10.72883],[35.22728,-10.73709],[35.26484,-10.74096],[35.25299,-10.77233],[35.2707,-10.77816],[35.27298,-10.78023],[35.27909,-10.78038],[35.28136,-10.78144],[35.28295,-10.78389],[35.28594,-10.78431],[35.28875,-10.78666],[35.29521,-10.78796],[35.29927,-10.78632],[35.3055,-10.78894],[35.3054,-10.79304],[35.30326,-10.79815],[35.30365,-10.8015],[35.3026,-10.80578],[35.3049,-10.81652],[35.30389,-10.82456],[35.30772,-10.83287],[35.30375,-10.83636],[35.29952,-10.84322],[35.29868,-10.84709],[35.30105,-10.85705],[35.29988,-10.85871],[35.30046,-10.86316],[35.29578,-10.87104],[35.29182,-10.87325],[35.28903,-10.87313],[35.28668,-10.87489],[35.28273,-10.87459],[35.2773,-10.87685],[35.27428,-10.8752],[35.26798,-10.87716],[35.26084,-10.87708],[35.25091,-10.84855],[35.20456,-10.8483],[35.19468,-10.84545],[35.19285,-10.84215],[35.19333,-10.8395],[35.19078,-10.83825],[35.19349,-10.83537],[35.19187,-10.83482],[35.19174,-10.8334],[35.1901,-10.83452],[35.18999,-10.833],[35.19175,-10.83169],[35.19018,-10.82998],[35.19037,-10.82822],[35.18745,-10.82552],[35.18682,-10.82787],[35.18445,-10.82747],[35.18497,-10.8251],[35.18701,-10.82472],[35.18748,-10.82349],[35.18517,-10.8212],[35.18601,-10.81946],[35.18331,-10.81668],[35.17956,-10.81737],[35.18233,-10.81558],[35.18138,-10.81194],[35.18272,-10.81238],[35.18605,-10.81106],[35.18479,-10.80957],[35.18498,-10.80682],[35.18598,-10.80603],[35.18467,-10.80498],[35.18462,-10.80344],[35.18561,-10.80365],[35.1846,-10.80179],[35.18636,-10.80135],[35.18542,-10.80028],[35.18609,-10.80031],[35.18643,-10.79741],[35.18715,-10.79773],[35.18798,-10.79653],[35.18642,-10.79494],[35.18614,-10.79226],[35.18543,-10.79256],[35.18469,-10.79101],[35.18524,-10.78987],[35.18634,-10.7904],[35.18585,-10.78952],[35.18733,-10.78806],[35.18659,-10.78743],[35.1879,-10.78613],[35.18692,-10.78359],[35.1885,-10.78271],[35.18752,-10.78272],[35.18842,-10.78162],[35.18738,-10.7814],[35.18606,-10.7786],[35.18697,-10.77757],[35.18517,-10.77645],[35.18442,-10.7748],[35.18524,-10.77453],[35.18399,-10.77365],[35.18379,-10.77254],[35.18473,-10.77223],[35.18338,-10.77168],[35.18355,-10.77084],[35.18261,-10.77165],[35.18249,-10.77028],[35.18062,-10.77049],[35.18079,-10.76869],[35.18206,-10.7686],[35.18131,-10.76829],[35.18219,-10.76745],[35.18193,-10.76526],[35.18281,-10.76494],[35.18106,-10.76184],[35.18291,-10.75969],[35.18208,-10.75695],[35.18283,-10.7564],[35.18486,-10.75758],[35.18544,-10.75651],[35.18588,-10.75783],[35.18769,-10.75773],[35.18784,-10.75595],[35.18654,-10.75532],[35.19249,-10.75163],[35.19427,-10.75176],[35.19523,-10.7533],[35.19579,-10.75249],[35.1937,-10.74805],[35.19406,-10.74607],[35.19895,-10.74673],[35.19717,-10.74461],[35.19711,-10.73887],[35.19558,-10.73822],[35.19527,-10.73698],[35.1965,-10.7365],[35.1986,-10.7389],[35.19986,-10.7356],[35.20218,-10.73559],[35.20554,-10.73167],[35.20583,-10.72925],[35.20767,-10.72858],[35.20824,-10.72596],[35.22263,-10.72222],[35.2214,-10.72883]]]},"properties":{"region":"Ruvuma","district":"Songea","ward":"Magagula (Magagura)","ward_code":"081"}},{"type":"Feature","geometry":{"type":"Polygon","coordinates":[[[35.28308,-10.68592],[35.2837,-10.68757],[35.28916,-10.68928],[35.2901,-10.68883],[35.29469,-10.69307],[35.295,-10.69229],[35.29687,-10.69293],[35.2973,-10.69234],[35.30156,-10.69512],[35.30314,-10.69486],[35.30336,-10.69567],[35.3046,-10.69446],[35.30512,-10.69632],[35.30635,-10.6965],[35.30659,-10.69552],[35.30727,-10.69644],[35.31311,-10.69729],[35.31318,-10.69812],[35.31376,-10.69774],[35.31611,-10.69965],[35.31594,-10.7005],[35.31733,-10.70007],[35.31915,-10.70232],[35.31982,-10.70155],[35.31979,-10.70238],[35.32115,-10.70287],[35.32143,-10.70201],[35.3233,-10.70319],[35.32578,-10.70247],[35.32664,-10.70377],[35.33044,-10.70268],[35.33046,-10.70178],[35.33147,-10.70256],[35.33211,-10.70202],[35.3324,-10.70302],[35.3377,-10.70253],[35.33734,-10.70325],[35.34005,-10.70174],[35.34041,-10.7027],[35.34058,-10.70168],[35.3416,-10.70157],[35.34179,-10.70358],[35.34265,-10.70211],[35.34347,-10.7031],[35.34413,-10.70222],[35.34704,-10.70207],[35.34667,-10.70094],[35.34826,-10.70149],[35.35189,-10.70032],[35.3556,-10.70125],[35.35598,-10.70264],[35.3578,-10.70122],[35.35905,-10.70347],[35.36123,-10.70302],[35.36195,-10.70371],[35.36229,-10.7026],[35.36291,-10.70342],[35.36367,-10.70242],[35.36593,-10.7037],[35.36737,-10.70129],[35.36864,-10.7017],[35.36891,-10.70289],[35.37141,-10.7013],[35.37355,-10.70151],[35.37397,-10.70281],[35.37537,-10.70085],[35.37764,-10.70195],[35.38045,-10.70208],[35.38131,-10.70117],[35.38134,-10.70287],[35.3823,-10.70311],[35.38259,-10.70162],[35.38375,-10.70274],[35.38771,-10.69874],[35.38849,-10.69855],[35.38869,-10.69952],[35.38943,-10.69805],[35.39185,-10.69741],[35.39525,-10.70212],[35.39797,-10.70183],[35.4061,-10.71245],[35.4193,-10.71871],[35.43809,-10.74863],[35.44003,-10.75421],[35.4502,-10.76528],[35.4593,-10.778],[35.45407,-10.79578],[35.45081,-10.80177],[35.43752,-10.80844],[35.42957,-10.8274],[35.42828,-10.84507],[35.41313,-10.83745],[35.37355,-10.8134],[35.35509,-10.81116],[35.34764,-10.80834],[35.34599,-10.80493],[35.33989,-10.80133],[35.33438,-10.80096],[35.32785,-10.80847],[35.30379,-10.81218],[35.3026,-10.80578],[35.30365,-10.8015],[35.30326,-10.79815],[35.3054,-10.79304],[35.3055,-10.78894],[35.29927,-10.78632],[35.29521,-10.78796],[35.28875,-10.78666],[35.28594,-10.78431],[35.28295,-10.78389],[35.28136,-10.78144],[35.27909,-10.78038],[35.27298,-10.78023],[35.2707,-10.77816],[35.25299,-10.77233],[35.26484,-10.74096],[35.22728,-10.73709],[35.2214,-10.72883],[35.22263,-10.72222],[35.22597,-10.72069],[35.22905,-10.72096],[35.231,-10.7184],[35.23226,-10.71886],[35.23525,-10.71552],[35.23418,-10.71449],[35.23723,-10.71617],[35.23823,-10.71463],[35.24023,-10.71411],[35.24,-10.71242],[35.24127,-10.71203],[35.24132,-10.71004],[35.2425,-10.70932],[35.24374,-10.7098],[35.24539,-10.70752],[35.24779,-10.70655],[35.2483,-10.70163],[35.2532,-10.70046],[35.25403,-10.69787],[35.25203,-10.69667],[35.25216,-10.69542],[35.26947,-10.68769],[35.26921,-10.68872],[35.27093,-10.68809],[35.27246,-10.68569],[35.27345,-10.6862],[35.27315,-10.6872],[35.27539,-10.68719],[35.27758,-10.68569],[35.27939,-10.68689],[35.27992,-10.6857],[35.28308,-10.68592]]]},"properties":{"region":"Ruvuma","district":"Songea","ward":"Mbinga Mhalule","ward_code":"091"}},{"type":"Feature","geometry":{"type":"Polygon","coordinates":[[[35.66434,-10.66485],[35.66431,-10.67134],[35.66596,-10.66904],[35.66636,-10.67102],[35.66492,-10.67509],[35.66006,-10.67756],[35.65984,-10.68162],[35.65683,-10.68939],[35.6517,-10.69016],[35.65134,-10.68661],[35.65328,-10.68422],[35.64631,-10.68061],[35.64744,-10.67076],[35.64783,-10.66976],[35.65014,-10.6699],[35.65534,-10.67135],[35.65735,-10.66917],[35.65869,-10.66611],[35.65794,-10.66334],[35.65836,-10.65996],[35.65721,-10.65799],[35.65809,-10.65596],[35.65784,-10.65178],[35.6609,-10.65374],[35.66085,-10.65699],[35.66434,-10.66485]]]},"properties":{"region":"Ruvuma","district":"Songea","ward":"Mjini","ward_code":"012"}},{"type":"Feature","geometry":{"type":"Polygon","coordinates":[[[35.65784,-10.65178],[35.65809,-10.65596],[35.65721,-10.65799],[35.65836,-10.65996],[35.65794,-10.66334],[35.65869,-10.66611],[35.65735,-10.66917],[35.65534,-10.67135],[35.65014,-10.6699],[35.64282,-10.66993],[35.64142,-10.66859],[35.64327,-10.66676],[35.63934,-10.66342],[35.64296,-10.65988],[35.64415,-10.65655],[35.64673,-10.65322],[35.65051,-10.65338],[35.65784,-10.65178]]]},"properties":{"region":"Ruvuma","district":"Songea","ward":"Bombambili","ward_code":"072"}},{"type":"Feature","geometry":{"type":"Polygon","coordinates":[[[35.67837,-10.66842],[35.67759,-10.67288],[35.67827,-10.67548],[35.68241,-10.67563],[35.68232,-10.67785],[35.68894,-10.6801],[35.69423,-10.67681],[35.69457,-10.68308],[35.69977,-10.68315],[35.70442,-10.68047],[35.70781,-10.68115],[35.7214,-10.68003],[35.71745,-10.69072],[35.71919,-10.69882],[35.74231,-10.70993],[35.70786,-10.73661],[35.6881,-10.74184],[35.68666,-10.7362],[35.68223,-10.72969],[35.68104,-10.726],[35.68049,-10.71636],[35.67286,-10.71087],[35.67479,-10.70769],[35.67431,-10.70245],[35.67204,-10.70067],[35.6719,-10.69773],[35.66897,-10.69808],[35.66843,-10.69712],[35.66814,-10.69353],[35.67088,-10.69049],[35.66921,-10.68799],[35.6687,-10.68337],[35.67183,-10.68308],[35.67301,-10.67951],[35.67277,-10.67653],[35.67527,-10.67673],[35.67464,-10.6689],[35.67837,-10.66842]]]},"properties":{"region":"Ruvuma","district":"Songea","ward":"Matogoro","ward_code":"082"}},{"type":"Feature","geometry":{"type":"Polygon","coordinates":[[[35.63578,-10.56633],[35.64242,-10.57595],[35.64593,-10.57646],[35.64566,-10.5851],[35.6578,-10.59035],[35.65921,-10.59302],[35.66294,-10.59316],[35.66628,-10.59201],[35.66722,-10.59309],[35.67545,-10.59443],[35.67855,-10.59032],[35.68281,-10.59327],[35.68327,-10.60866],[35.67822,-10.61349],[35.68051,-10.61991],[35.67973,-10.62807],[35.67208,-10.63729],[35.66915,-10.63891],[35.66129,-10.62881],[35.65762,-10.62596],[35.64618,-10.62357],[35.63961,-10.6252],[35.63741,-10.62202],[35.63487,-10.62097],[35.61979,-10.62361],[35.61614,-10.61989],[35.61224,-10.61833],[35.60258,-10.61685],[35.60201,-10.61404],[35.60029,-10.61287],[35.59805,-10.60867],[35.59642,-10.60799],[35.59251,-10.60919],[35.59244,-10.60842],[35.58613,-10.60596],[35.58413,-10.59721],[35.58089,-10.59246],[35.58784,-10.58802],[35.59439,-10.57972],[35.60087,-10.5745],[35.60536,-10.56939],[35.61224,-10.56559],[35.61825,-10.56777],[35.62594,-10.56636],[35.62992,-10.56348],[35.63514,-10.56329],[35.63578,-10.56633]]]},"properties":{"region":"Ruvuma","district":"Songea","ward":"Mshangano","ward_code":"122"}},{"type":"Feature","geometry":{"type":"Polygon","coordinates":[[[35.74666,-10.61836],[35.7508,-10.6189],[35.74524,-10.62078],[35.74629,-10.63509],[35.7364,-10.64062],[35.73399,-10.64422],[35.72288,-10.64345],[35.72055,-10.65432],[35.72305,-10.67525],[35.7214,-10.68003],[35.70781,-10.68115],[35.70442,-10.68047],[35.69977,-10.68315],[35.69457,-10.68308],[35.69489,-10.67831],[35.69388,-10.67522],[35.691,-10.67293],[35.6911,-10.66813],[35.68739,-10.66418],[35.68469,-10.65934],[35.68249,-10.6579],[35.68296,-10.65359],[35.68809,-10.64726],[35.68776,-10.64532],[35.6847,-10.64338],[35.68748,-10.63886],[35.68575,-10.63692],[35.67871,-10.63407],[35.67796,-10.63024],[35.67973,-10.62807],[35.68051,-10.61991],[35.67822,-10.61349],[35.68327,-10.60866],[35.68281,-10.59327],[35.67961,-10.59146],[35.68701,-10.58154],[35.69229,-10.57213],[35.70075,-10.57045],[35.6993,-10.56732],[35.7036,-10.56788],[35.70332,-10.57417],[35.71073,-10.57999],[35.71263,-10.58757],[35.71773,-10.58847],[35.71716,-10.59331],[35.71444,-10.60047],[35.71858,-10.60515],[35.72021,-10.6093],[35.72635,-10.61174],[35.74286,-10.61293],[35.74666,-10.61836]]]},"properties":{"region":"Ruvuma","district":"Songea","ward":"Mletele","ward_code":"132"}},{"type":"Feature","geometry":{"type":"Polygon","coordinates":[[[35.68748,-10.63886],[35.6847,-10.64338],[35.68776,-10.64532],[35.68809,-10.64726],[35.68296,-10.65359],[35.68249,-10.6579],[35.68469,-10.65934],[35.68739,-10.66418],[35.6911,-10.66813],[35.691,-10.67293],[35.69388,-10.67522],[35.69423,-10.67681],[35.68894,-10.6801],[35.68232,-10.67785],[35.68241,-10.67563],[35.67827,-10.67548],[35.67759,-10.67288],[35.67837,-10.66842],[35.66885,-10.66818],[35.66617,-10.66888],[35.66431,-10.67134],[35.66434,-10.66485],[35.66085,-10.65699],[35.6609,-10.65374],[35.65784,-10.65178],[35.65836,-10.64503],[35.66856,-10.64226],[35.66852,-10.63887],[35.67208,-10.63729],[35.67796,-10.63024],[35.67871,-10.63407],[35.68575,-10.63692],[35.68748,-10.63886]]]},"properties":{"region":"Ruvuma","district":"Songea","ward":"Seedfarm","ward_code":"142"}},{"type":"Feature","geometry":{"type":"Polygon","coordinates":[[[35.67958,-10.53184],[35.69885,-10.53241],[35.70849,-10.53963],[35.70909,-10.53916],[35.71113,-10.5403],[35.72916,-10.54099],[35.74739,-10.54415],[35.75529,-10.58666],[35.75563,-10.59702],[35.7508,-10.6189],[35.74666,-10.61836],[35.74286,-10.61293],[35.72635,-10.61174],[35.72021,-10.6093],[35.71858,-10.60515],[35.71444,-10.60047],[35.71716,-10.59331],[35.71773,-10.58847],[35.71263,-10.58757],[35.71073,-10.57999],[35.70332,-10.57417],[35.7036,-10.56788],[35.6993,-10.56732],[35.70075,-10.57045],[35.69229,-10.57213],[35.68701,-10.58154],[35.67961,-10.59146],[35.67855,-10.59032],[35.67545,-10.59443],[35.66722,-10.59309],[35.66628,-10.59201],[35.66294,-10.59316],[35.65921,-10.59302],[35.6578,-10.59035],[35.64566,-10.5851],[35.64593,-10.57646],[35.64242,-10.57595],[35.63602,-10.56698],[35.63514,-10.56329],[35.64,-10.56316],[35.64364,-10.56164],[35.64522,-10.55714],[35.64566,-10.55118],[35.64379,-10.5477],[35.64277,-10.53781],[35.64527,-10.52956],[35.65063,-10.51806],[35.65506,-10.51429],[35.65563,-10.50626],[35.65783,-10.49645],[35.66342,-10.48151],[35.66611,-10.48743],[35.6666,-10.49645],[35.66819,-10.50161],[35.68017,-10.51038],[35.67772,-10.52806],[35.67958,-10.53184]]]},"properties":{"region":"Ruvuma","district":"Songea","ward":"Tanga","ward_code":"152"}},{"type":"Feature","geometry":{"type":"Polygon","coordinates":[[[35.61614,-10.61989],[35.61979,-10.62361],[35.63487,-10.62097],[35.63741,-10.62202],[35.63961,-10.6252],[35.64618,-10.62357],[35.65762,-10.62596],[35.66462,-10.63271],[35.66852,-10.63887],[35.66856,-10.64226],[35.65836,-10.64503],[35.65784,-10.65178],[35.65051,-10.65338],[35.64673,-10.65322],[35.64415,-10.65655],[35.64296,-10.65988],[35.63848,-10.65477],[35.63887,-10.65251],[35.6371,-10.65183],[35.63344,-10.65184],[35.62904,-10.65475],[35.62232,-10.65685],[35.61518,-10.65736],[35.61104,-10.65667],[35.61357,-10.64829],[35.61337,-10.64078],[35.6125,-10.63934],[35.6136,-10.63379],[35.61187,-10.62863],[35.61265,-10.61886],[35.61614,-10.61989]]]},"properties":{"region":"Ruvuma","district":"Songea","ward":"Msamala","ward_code":"162"}},{"type":"Feature","geometry":{"type":"MultiPolygon","coordinates":[[[[35.67982,-10.74402],[35.66657,-10.7871],[35.6449,-10.77659],[35.63716,-10.77695],[35.63311,-10.77336],[35.62644,-10.76365],[35.62127,-10.75981],[35.63247,-10.744],[35.66718,-10.70679],[35.67479,-10.70769],[35.67286,-10.71087],[35.68049,-10.71636],[35.68104,-10.726],[35.68223,-10.72969],[35.68666,-10.7362],[35.6881,-10.74184],[35.67982,-10.74402]]],[[[35.6752,-10.6763],[35.67277,-10.67653],[35.67301,-10.67951],[35.67183,-10.68308],[35.66262,-10.68416],[35.65908,-10.68317],[35.66069,-10.67662],[35.66317,-10.67637],[35.66534,-10.67425],[35.66617,-10.66888],[35.66978,-10.66805],[35.67464,-10.6689],[35.67544,-10.67149],[35.6752,-10.6763]]]]},"properties":{"region":"Ruvuma","district":"Songea","ward":"Ndilimalitembo","ward_code":"212"}},{"type":"Feature","geometry":{"type":"Polygon","coordinates":[[[35.65317,-10.68479],[35.65134,-10.68661],[35.65156,-10.68998],[35.64757,-10.68841],[35.63867,-10.68216],[35.6418,-10.67988],[35.64263,-10.67811],[35.64665,-10.67865],[35.64631,-10.68061],[35.65317,-10.68479]]]},"properties":{"region":"Ruvuma","district":"Songea","ward":"Majengo","ward_code":"022"}},{"type":"Feature","geometry":{"type":"Polygon","coordinates":[[[35.64783,-10.66976],[35.64697,-10.67718],[35.64552,-10.67683],[35.64077,-10.67458],[35.63909,-10.67281],[35.64203,-10.6701],[35.64783,-10.66976]]]},"properties":{"region":"Ruvuma","district":"Songea","ward":"Misufini","ward_code":"032"}},{"type":"Feature","geometry":{"type":"Polygon","coordinates":[[[35.63909,-10.67281],[35.64697,-10.67718],[35.64665,-10.67865],[35.64263,-10.67811],[35.6418,-10.67988],[35.63867,-10.68216],[35.63442,-10.67981],[35.62986,-10.67986],[35.63241,-10.67485],[35.63536,-10.67511],[35.63909,-10.67281]]]},"properties":{"region":"Ruvuma","district":"Songea","ward":"Mfaranyaki","ward_code":"042"}},{"type":"Feature","geometry":{"type":"Polygon","coordinates":[[[35.62837,-10.67158],[35.6279,-10.67468],[35.63241,-10.67485],[35.62975,-10.68],[35.62619,-10.68037],[35.62304,-10.6819],[35.62194,-10.68419],[35.61817,-10.68577],[35.61596,-10.68936],[35.61021,-10.69342],[35.60918,-10.69196],[35.60729,-10.69428],[35.60534,-10.69317],[35.60382,-10.6953],[35.6018,-10.69417],[35.59927,-10.69416],[35.59782,-10.69553],[35.59104,-10.6971],[35.59276,-10.69419],[35.59416,-10.68827],[35.59604,-10.68867],[35.60065,-10.68663],[35.60446,-10.68633],[35.61287,-10.68227],[35.61242,-10.68],[35.61638,-10.674],[35.61848,-10.67272],[35.61974,-10.673],[35.62036,-10.67003],[35.61977,-10.66655],[35.62069,-10.66605],[35.62228,-10.66714],[35.62837,-10.67158]]]},"properties":{"region":"Ruvuma","district":"Songea","ward":"Lizaboni","ward_code":"052"}},{"type":"Feature","geometry":{"type":"Polygon","coordinates":[[[35.63485,-10.67526],[35.63241,-10.67485],[35.63267,-10.67283],[35.63934,-10.66342],[35.64327,-10.66676],[35.64142,-10.66859],[35.64282,-10.66993],[35.63485,-10.67526]]]},"properties":{"region":"Ruvuma","district":"Songea","ward":"Matarawe","ward_code":"062"}},{"type":"Feature","geometry":{"type":"Polygon","coordinates":[[[35.63442,-10.67981],[35.64757,-10.68841],[35.65298,-10.69391],[35.66025,-10.69726],[35.66403,-10.70225],[35.66576,-10.70187],[35.66718,-10.70679],[35.64928,-10.72597],[35.64225,-10.71768],[35.64138,-10.71463],[35.63808,-10.7102],[35.62634,-10.70447],[35.62565,-10.69873],[35.61696,-10.68763],[35.61817,-10.68577],[35.62194,-10.68419],[35.62304,-10.6819],[35.62619,-10.68037],[35.63442,-10.67981]]]},"properties":{"region":"Ruvuma","district":"Songea","ward":"Ruvuma","ward_code":"092"}},{"type":"Feature","geometry":{"type":"Polygon","coordinates":[[[35.61696,-10.68763],[35.62565,-10.69873],[35.62634,-10.70447],[35.63808,-10.7102],[35.64138,-10.71463],[35.64225,-10.71768],[35.64928,-10.72597],[35.63247,-10.744],[35.61605,-10.74359],[35.614,-10.74553],[35.61199,-10.74602],[35.60866,-10.74993],[35.60362,-10.74845],[35.57265,-10.75288],[35.56157,-10.77351],[35.54787,-10.77399],[35.53464,-10.75519],[35.53056,-10.74338],[35.53734,-10.73863],[35.54307,-10.73711],[35.54338,-10.72903],[35.53682,-10.71691],[35.53085,-10.71269],[35.53169,-10.70702],[35.53,-10.70463],[35.53623,-10.70584],[35.55142,-10.69689],[35.56656,-10.69197],[35.59416,-10.68827],[35.59125,-10.6971],[35.59782,-10.69553],[35.59927,-10.69416],[35.6018,-10.69417],[35.60382,-10.6953],[35.60534,-10.69317],[35.60729,-10.69428],[35.60918,-10.69196],[35.61021,-10.69342],[35.61596,-10.68936],[35.61696,-10.68763]]]},"properties":{"region":"Ruvuma","district":"Songea","ward":"Subira","ward_code":"102"}},{"type":"Feature","geometry":{"type":"Polygon","coordinates":[[[35.59773,-10.65678],[35.6133,-10.65666],[35.61518,-10.65736],[35.61859,-10.66094],[35.62059,-10.66407],[35.61973,-10.66566],[35.62069,-10.66605],[35.61934,-10.66689],[35.62036,-10.67003],[35.61974,-10.673],[35.61848,-10.67272],[35.61638,-10.674],[35.61242,-10.68],[35.61287,-10.68227],[35.61217,-10.68295],[35.60822,-10.68502],[35.59929,-10.68702],[35.59604,-10.68867],[35.59416,-10.68827],[35.56656,-10.69197],[35.56695,-10.68979],[35.56559,-10.68475],[35.56269,-10.67811],[35.55364,-10.66954],[35.5512,-10.66458],[35.55131,-10.66367],[35.55822,-10.66417],[35.56587,-10.6633],[35.57202,-10.66568],[35.58183,-10.66497],[35.59196,-10.65869],[35.59773,-10.65678]]]},"properties":{"region":"Ruvuma","district":"Songea","ward":"Ruhuwiko","ward_code":"112"}},{"type":"Feature","geometry":{"type":"Polygon","coordinates":[[[35.54246,-10.58091],[35.54289,-10.58281],[35.54977,-10.58213],[35.55389,-10.58559],[35.55808,-10.58392],[35.56622,-10.58483],[35.57066,-10.5879],[35.57224,-10.59097],[35.57595,-10.59201],[35.57653,-10.59524],[35.57413,-10.6057],[35.57488,-10.60974],[35.57175,-10.61786],[35.57198,-10.62182],[35.5738,-10.62596],[35.57796,-10.62936],[35.572,-10.6379],[35.57349,-10.64537],[35.56738,-10.65178],[35.5655,-10.66087],[35.56587,-10.6633],[35.55822,-10.66417],[35.55131,-10.66367],[35.5512,-10.66458],[35.55364,-10.66954],[35.56269,-10.67811],[35.56559,-10.68475],[35.56695,-10.68979],[35.56656,-10.69197],[35.55142,-10.69689],[35.53623,-10.70584],[35.53,-10.70463],[35.52421,-10.68826],[35.50158,-10.69099],[35.48001,-10.70166],[35.45798,-10.70499],[35.45294,-10.71353],[35.43541,-10.71401],[35.4344,-10.71185],[35.42473,-10.70685],[35.41903,-10.70779],[35.40976,-10.70436],[35.39797,-10.70183],[35.39525,-10.70212],[35.39188,-10.69747],[35.3927,-10.69855],[35.39372,-10.69801],[35.39403,-10.699],[35.39681,-10.69672],[35.40031,-10.69548],[35.40654,-10.68912],[35.41847,-10.67141],[35.42988,-10.66954],[35.43883,-10.67117],[35.44374,-10.66778],[35.45098,-10.66679],[35.4609,-10.65791],[35.46468,-10.65819],[35.47148,-10.65319],[35.48185,-10.64759],[35.50435,-10.63937],[35.51101,-10.62537],[35.51578,-10.6219],[35.53125,-10.60071],[35.53849,-10.58258],[35.54246,-10.58091]]]},"properties":{"region":"Ruvuma","district":"Songea","ward":"Lilambo","ward_code":"172"}},{"type":"Feature","geometry":{"type":"Polygon","coordinates":[[[35.58613,-10.60596],[35.59244,-10.60842],[35.59251,-10.60919],[35.59642,-10.60799],[35.59805,-10.60867],[35.60029,-10.61287],[35.60201,-10.61404],[35.60258,-10.61685],[35.61265,-10.61886],[35.61187,-10.62863],[35.6136,-10.63379],[35.6125,-10.63934],[35.61337,-10.64078],[35.61315,-10.65171],[35.61104,-10.65667],[35.6032,-10.65613],[35.59773,-10.65678],[35.58882,-10.65994],[35.58466,-10.66369],[35.58183,-10.66497],[35.57202,-10.66568],[35.56587,-10.6633],[35.5655,-10.66087],[35.56738,-10.65178],[35.57349,-10.64537],[35.572,-10.6379],[35.57796,-10.62936],[35.5738,-10.62596],[35.57198,-10.62182],[35.57175,-10.61786],[35.57488,-10.60974],[35.57413,-10.6057],[35.57653,-10.59524],[35.57595,-10.59201],[35.58089,-10.59246],[35.58413,-10.59721],[35.58613,-10.60596]]]},"properties":{"region":"Ruvuma","district":"Songea","ward":"Mwengemshindo","ward_code":"182"}},{"type":"Feature","geometry":{"type":"Polygon","coordinates":[[[35.63344,-10.65184],[35.63887,-10.65251],[35.63848,-10.65477],[35.64296,-10.65988],[35.63638,-10.66663],[35.63267,-10.67283],[35.63241,-10.67485],[35.6279,-10.67468],[35.62837,-10.67158],[35.61973,-10.66566],[35.62059,-10.66407],[35.61518,-10.65736],[35.62232,-10.65685],[35.62904,-10.65475],[35.63344,-10.65184]]]},"properties":{"region":"Ruvuma","district":"Songea","ward":"Mjimwema","ward_code":"192"}},{"type":"Feature","geometry":{"type":"Polygon","coordinates":[[[35.65908,-10.68317],[35.66262,-10.68416],[35.6687,-10.68337],[35.66921,-10.68799],[35.67088,-10.69049],[35.66814,-10.69353],[35.66843,-10.69712],[35.66897,-10.69808],[35.6719,-10.69773],[35.67204,-10.70067],[35.67477,-10.70393],[35.67479,-10.70769],[35.66718,-10.70679],[35.66576,-10.70187],[35.66403,-10.70225],[35.66025,-10.69726],[35.65298,-10.69391],[35.64742,-10.68911],[35.64757,-10.68841],[35.6517,-10.69016],[35.65642,-10.68978],[35.65908,-10.68317]]]},"properties":{"region":"Ruvuma","district":"Songea","ward":"Mateka","ward_code":"202"}},{"type":"Feature","geometry":{"type":"Polygon","coordinates":[[[35.45041,-9.86331],[35.43222,-9.89417],[35.42011,-10.24056],[35.38433,-10.25504],[35.38154,-10.25402],[35.38031,-10.25559],[35.3807,-10.26155],[35.37999,-10.2635],[35.37809,-10.2644],[35.37009,-10.26412],[35.373,-10.26903],[35.3716,-10.27039],[35.36038,-10.26426],[35.3565,-10.27146],[35.3551,-10.27156],[35.35544,-10.26867],[35.35385,-10.26759],[35.34817,-10.2668],[35.34365,-10.26815],[35.34078,-10.26631],[35.34262,-10.25897],[35.34556,-10.25727],[35.34663,-10.25474],[35.34959,-10.25297],[35.34622,-10.25059],[35.34114,-10.2524],[35.33864,-10.24686],[35.33789,-10.24663],[35.33567,-10.25108],[35.33439,-10.25156],[35.32466,-10.24952],[35.31844,-10.25144],[35.31656,-10.25321],[35.31515,-10.25683],[35.31037,-10.25552],[35.30878,-10.25307],[35.30647,-10.25256],[35.31383,-9.90143],[35.3348,-9.90237],[35.34434,-9.90146],[35.35254,-9.89871],[35.35336,-9.89547],[35.34803,-9.89264],[35.34578,-9.8925],[35.34365,-9.89063],[35.34385,-9.88888],[35.33889,-9.882],[35.33661,-9.87695],[35.33656,-9.8723],[35.36309,-9.87203],[35.38578,-9.8685],[35.40337,-9.86211],[35.45041,-9.86331]]]},"properties":{"region":"Ruvuma","district":"Songea","ward":"Lituta","ward_code":"013"}},{"type":"Feature","geometry":{"type":"Polygon","coordinates":[[[35.23782,-9.8656],[35.26358,-9.86763],[35.29158,-9.86457],[35.30447,-9.87065],[35.31952,-9.86822],[35.33374,-9.86833],[35.33656,-9.8723],[35.33661,-9.87695],[35.33889,-9.882],[35.34385,-9.88888],[35.34365,-9.89063],[35.34578,-9.8925],[35.34803,-9.89264],[35.35336,-9.89547],[35.35254,-9.89871],[35.34434,-9.90146],[35.3348,-9.90237],[35.31383,-9.90143],[35.30647,-10.25256],[35.30333,-10.25178],[35.30048,-10.24978],[35.2993,-10.25455],[35.29593,-10.2566],[35.29641,-10.2595],[35.29449,-10.26083],[35.29175,-10.25636],[35.28899,-10.25644],[35.28482,-10.25964],[35.28086,-10.26444],[35.28004,-10.26945],[35.28168,-10.27305],[35.28101,-10.27516],[35.27867,-10.27722],[35.27601,-10.27661],[35.27385,-10.27472],[35.27134,-10.27489],[35.26792,-10.28113],[35.26022,-10.28863],[35.25897,-10.29165],[35.25681,-10.29122],[35.25637,-10.29514],[35.25409,-10.29649],[35.25328,-10.29811],[35.25035,-10.29813],[35.24582,-10.29248],[35.24446,-10.29286],[35.24076,-10.29683],[35.23901,-10.30378],[35.23697,-10.30499],[35.23478,-10.30339],[35.23175,-10.30436],[35.22642,-10.31062],[35.22485,-10.30859],[35.22002,-10.30789],[35.21745,-10.31088],[35.21634,-10.31701],[35.2148,-10.31765],[35.21165,-10.31628],[35.21001,-10.31883],[35.20873,-10.32463],[35.20481,-10.32814],[35.20259,-10.32721],[35.20154,-10.32534],[35.20163,-10.32228],[35.20035,-10.32061],[35.19685,-10.32242],[35.19513,-10.32174],[35.19226,-10.32302],[35.18929,-10.32175],[35.19125,-10.32951],[35.19013,-10.3312],[35.18576,-10.32622],[35.18044,-10.32441],[35.1793,-10.32625],[35.17711,-10.32638],[35.16786,-10.32272],[35.16304,-10.32391],[35.15856,-10.32305],[35.15257,-10.32505],[35.14206,-10.32523],[35.14007,-10.32401],[35.13821,-10.32515],[35.1413,-10.32259],[35.14313,-10.31931],[35.14298,-10.31646],[35.14069,-10.31494],[35.14002,-10.31323],[35.14209,-10.31026],[35.13664,-10.30427],[35.13206,-10.30349],[35.12741,-10.30018],[35.13248,-10.28966],[35.13441,-10.27726],[35.13974,-10.27332],[35.14,-10.27663],[35.14101,-10.27686],[35.1426,-10.27349],[35.1458,-10.27326],[35.14582,-10.26931],[35.15037,-10.26986],[35.15267,-10.26838],[35.15241,-10.26571],[35.15006,-10.26158],[35.1515,-10.25935],[35.15062,-10.25708],[35.1484,-10.25521],[35.14612,-10.25634],[35.14489,-10.25549],[35.14527,-10.25215],[35.14931,-10.248],[35.15012,-10.24462],[35.14818,-10.24267],[35.14035,-10.24656],[35.13874,-10.25234],[35.13674,-10.25236],[35.1374,-10.24663],[35.13645,-10.24451],[35.14108,-10.24025],[35.13792,-10.23812],[35.13789,-10.22845],[35.13424,-10.22866],[35.13393,-10.22683],[35.13691,-10.22302],[35.13982,-10.2212],[35.1399,-10.2172],[35.13752,-10.21606],[35.13479,-10.21733],[35.13366,-10.22131],[35.1307,-10.2215],[35.12782,-10.21248],[35.12955,-10.20675],[35.12434,-10.21257],[35.12288,-10.20831],[35.11862,-10.20631],[35.1185,-10.20498],[35.12208,-10.20301],[35.12313,-10.20143],[35.12536,-10.19097],[35.12302,-10.19046],[35.11817,-10.19235],[35.1139,-10.19247],[35.11652,-10.1916],[35.11838,-10.188],[35.11752,-10.18565],[35.12115,-10.18306],[35.11834,-10.18189],[35.11415,-10.17642],[35.11426,-10.17477],[35.1168,-10.17431],[35.11883,-10.17644],[35.1264,-10.17651],[35.12707,-10.17577],[35.12576,-10.1736],[35.126,-10.17231],[35.13008,-10.16955],[35.13592,-10.16833],[35.136,-10.16662],[35.13445,-10.16408],[35.13067,-10.16469],[35.12682,-10.16064],[35.12655,-10.15873],[35.12756,-10.15728],[35.12872,-10.15758],[35.12994,-10.16034],[35.13119,-10.15789],[35.13438,-10.15748],[35.1368,-10.15483],[35.13565,-10.15262],[35.1338,-10.15217],[35.13038,-10.14426],[35.13211,-10.14213],[35.13357,-10.14238],[35.13505,-10.14345],[35.13548,-10.14545],[35.1394,-10.14472],[35.14204,-10.14644],[35.14261,-10.14173],[35.14088,-10.13602],[35.14139,-10.1344],[35.1427,-10.13427],[35.14364,-10.13609],[35.14492,-10.13606],[35.14589,-10.13276],[35.14681,-10.13199],[35.14877,-10.13288],[35.14981,-10.1324],[35.15034,-10.13041],[35.14722,-10.12927],[35.14603,-10.12746],[35.14676,-10.12306],[35.15052,-10.12365],[35.15091,-10.12083],[35.15752,-10.11789],[35.15838,-10.11318],[35.15768,-10.11209],[35.15968,-10.11137],[35.16123,-10.11258],[35.16222,-10.11201],[35.16278,-10.10759],[35.16605,-10.10956],[35.1702,-10.10817],[35.17094,-10.10661],[35.1695,-10.10325],[35.17132,-10.10141],[35.17434,-10.10034],[35.17596,-10.09614],[35.17885,-10.09422],[35.17983,-10.09084],[35.18141,-10.09092],[35.18289,-10.08956],[35.18353,-10.08649],[35.18559,-10.08715],[35.18694,-10.08605],[35.18704,-10.08513],[35.18405,-10.08418],[35.18347,-10.08156],[35.18475,-10.08249],[35.18799,-10.07996],[35.18937,-10.0766],[35.18898,-10.07425],[35.18752,-10.07257],[35.19379,-10.0694],[35.193,-10.06457],[35.19408,-10.0625],[35.19519,-10.0628],[35.19815,-10.06019],[35.19628,-10.05842],[35.20134,-10.05759],[35.19977,-10.05625],[35.19995,-10.05452],[35.20267,-10.05514],[35.20714,-10.05058],[35.20182,-10.04641],[35.2045,-10.04227],[35.20304,-10.04112],[35.1994,-10.04222],[35.19906,-10.04101],[35.20043,-10.03833],[35.19945,-10.03499],[35.19977,-10.034],[35.20282,-10.03311],[35.20295,-10.03024],[35.20611,-10.02926],[35.20397,-10.02529],[35.20795,-10.02045],[35.20972,-10.01903],[35.21235,-10.02046],[35.21296,-10.01982],[35.21374,-10.01166],[35.21583,-10.0116],[35.21861,-10.00906],[35.2177,-10.00822],[35.21488,-10.00969],[35.21489,-10.00605],[35.21195,-10.00427],[35.21254,-10.00235],[35.21443,-10.00259],[35.21488,-10.00084],[35.21826,-10.00034],[35.21862,-9.99933],[35.21439,-9.99664],[35.21549,-9.99525],[35.21694,-9.99544],[35.21986,-9.99778],[35.22073,-9.99622],[35.21816,-9.99198],[35.21644,-9.99229],[35.2171,-9.98631],[35.21523,-9.98429],[35.21504,-9.98268],[35.21351,-9.98138],[35.21269,-9.98178],[35.21345,-9.98335],[35.21268,-9.9858],[35.21127,-9.98498],[35.21108,-9.98315],[35.20886,-9.98282],[35.21056,-9.98148],[35.20866,-9.9771],[35.20949,-9.97353],[35.2128,-9.97225],[35.21293,-9.97115],[35.21148,-9.97042],[35.20936,-9.97086],[35.20848,-9.97312],[35.20809,-9.97029],[35.20444,-9.96942],[35.20078,-9.96479],[35.19075,-9.96085],[35.19621,-9.95877],[35.19649,-9.95709],[35.19545,-9.95594],[35.19711,-9.95179],[35.19457,-9.95093],[35.19667,-9.94893],[35.19505,-9.9459],[35.18868,-9.94347],[35.1852,-9.94508],[35.18391,-9.94425],[35.18374,-9.94205],[35.18303,-9.94193],[35.18752,-9.93766],[35.18714,-9.93487],[35.18654,-9.93418],[35.18542,-9.93481],[35.18368,-9.93774],[35.18199,-9.93826],[35.17758,-9.93673],[35.17643,-9.93382],[35.17719,-9.93186],[35.17599,-9.9314],[35.17497,-9.92892],[35.17584,-9.92514],[35.17404,-9.92581],[35.17184,-9.92418],[35.16839,-9.9239],[35.16563,-9.92544],[35.1662,-9.92499],[35.16401,-9.92061],[35.16441,-9.91931],[35.16176,-9.9179],[35.16375,-9.91522],[35.16238,-9.91284],[35.16254,-9.90885],[35.166,-9.90931],[35.16623,-9.91094],[35.16711,-9.91074],[35.16803,-9.90564],[35.16666,-9.90502],[35.16792,-9.9021],[35.16699,-9.90098],[35.16826,-9.89973],[35.1658,-9.89739],[35.1655,-9.89477],[35.16227,-9.89469],[35.16123,-9.89372],[35.16281,-9.88834],[35.16415,-9.88901],[35.16556,-9.8876],[35.1647,-9.88436],[35.16572,-9.88239],[35.16851,-9.88187],[35.16343,-9.8807],[35.16188,-9.87761],[35.16792,-9.87884],[35.17126,-9.87747],[35.1689,-9.87616],[35.16918,-9.87419],[35.16768,-9.87234],[35.16919,-9.87241],[35.16925,-9.87045],[35.17093,-9.87052],[35.17013,-9.86885],[35.17242,-9.86756],[35.17474,-9.85812],[35.23782,-9.8656]]]},"properties":{"region":"Ruvuma","district":"Songea","ward":"Mahanje","ward_code":"021"}},{"type":"Feature","geometry":{"type":"Polygon","coordinates":[[[35.30662,-9.79972],[35.3052,-9.81803],[35.30323,-9.81979],[35.30177,-9.82499],[35.30302,-9.83096],[35.31952,-9.86822],[35.30447,-9.87065],[35.29158,-9.86457],[35.26358,-9.86763],[35.25079,-9.86714],[35.17474,-9.85812],[35.17573,-9.85618],[35.17159,-9.85055],[35.17228,-9.84148],[35.1684,-9.83922],[35.16714,-9.83708],[35.16557,-9.8371],[35.1613,-9.83449],[35.1552,-9.8361],[35.15227,-9.83577],[35.14963,-9.83445],[35.1493,-9.83305],[35.14626,-9.83224],[35.14774,-9.83124],[35.14361,-9.82946],[35.14135,-9.82984],[35.14117,-9.82782],[35.13934,-9.82718],[35.1417,-9.82505],[35.14099,-9.8243],[35.14145,-9.82199],[35.14401,-9.82158],[35.14339,-9.82058],[35.14533,-9.8179],[35.14251,-9.81839],[35.14307,-9.81553],[35.14034,-9.81555],[35.13944,-9.81323],[35.13676,-9.81282],[35.13459,-9.81017],[35.12884,-9.8072],[35.13042,-9.80487],[35.12832,-9.80289],[35.12149,-9.80259],[35.11968,-9.80155],[35.11509,-9.79467],[35.11357,-9.79406],[35.10864,-9.78595],[35.1036,-9.78509],[35.09698,-9.78018],[35.13874,-9.76563],[35.25822,-9.66851],[35.27528,-9.70256],[35.27257,-9.7366],[35.27876,-9.7508],[35.27309,-9.76428],[35.27661,-9.78461],[35.30662,-9.79972]]]},"properties":{"region":"Ruvuma","district":"Songea","ward":"Matetereka","ward_code":"031"}},{"type":"Feature","geometry":{"type":"Polygon","coordinates":[[[35.47442,-9.81041],[35.45041,-9.86331],[35.40337,-9.86211],[35.38578,-9.8685],[35.36309,-9.87203],[35.33656,-9.8723],[35.33374,-9.86833],[35.31952,-9.86822],[35.30302,-9.83096],[35.30177,-9.82499],[35.30323,-9.81979],[35.3052,-9.81803],[35.30662,-9.79972],[35.27661,-9.78461],[35.27309,-9.76428],[35.27876,-9.7508],[35.27257,-9.7366],[35.27528,-9.70256],[35.25822,-9.66851],[35.305,-9.64178],[35.35328,-9.63092],[35.37781,-9.65156],[35.41482,-9.66383],[35.44249,-9.69429],[35.45384,-9.7335],[35.47708,-9.7569],[35.47442,-9.81041]]]},"properties":{"region":"Ruvuma","district":"Songea","ward":"Wino","ward_code":"041"}},{"type":"Feature","geometry":{"type":"Polygon","coordinates":[[[35.90108,-9.18972],[35.90301,-9.19967],[35.90211,-9.20486],[35.90454,-9.20837],[35.90433,-9.21089],[35.8972,-9.21191],[35.89831,-9.21676],[35.89356,-9.22015],[35.8936,-9.22209],[35.89635,-9.22676],[35.89606,-9.23332],[35.89822,-9.24235],[35.90283,-9.25263],[35.9033,-9.25605],[35.9019,-9.25865],[35.89927,-9.26052],[35.89817,-9.26313],[35.9056,-9.28318],[35.90425,-9.289],[35.90116,-9.29207],[35.89973,-9.30039],[35.90238,-9.30558],[35.90731,-9.31059],[35.9062,-9.31524],[35.91,-9.31832],[35.90697,-9.3278],[35.908,-9.34142],[35.91258,-9.34924],[35.91282,-9.35246],[35.92193,-9.36459],[35.92658,-9.3744],[35.92892,-9.37538],[35.92758,-9.37732],[35.92805,-9.38058],[35.93379,-9.39352],[35.9322,-9.39821],[35.9347,-9.40228],[35.9326,-9.40746],[35.93439,-9.41119],[35.93203,-9.41332],[35.93566,-9.41805],[35.93381,-9.41929],[35.93329,-9.42301],[35.93156,-9.42623],[35.93142,-9.43025],[35.92624,-9.438],[35.92564,-9.44425],[35.92332,-9.44557],[35.91924,-9.44186],[35.91809,-9.44325],[35.91713,-9.44768],[35.91614,-9.44885],[35.91031,-9.45077],[35.90759,-9.45586],[35.90361,-9.45736],[35.90224,-9.46015],[35.89915,-9.46103],[35.89776,-9.46349],[35.89614,-9.46294],[35.88488,-9.46652],[35.87836,-9.47467],[35.87744,-9.48306],[35.87871,-9.48993],[35.87765,-9.4933],[35.87259,-9.49712],[35.87259,-9.50182],[35.87372,-9.50382],[35.87162,-9.50632],[35.87299,-9.50872],[35.86736,-9.50984],[35.86485,-9.51261],[35.86173,-9.5131],[35.86021,-9.51791],[35.85716,-9.5221],[35.85875,-9.52358],[35.85723,-9.52654],[35.85771,-9.52887],[35.86016,-9.53204],[35.85783,-9.53447],[35.86065,-9.53704],[35.85716,-9.53747],[35.85596,-9.53935],[35.8571,-9.53937],[35.86152,-9.5432],[35.86388,-9.54205],[35.86702,-9.54209],[35.8711,-9.54605],[35.87137,-9.5486],[35.87472,-9.55057],[35.87461,-9.55164],[35.86977,-9.55538],[35.86893,-9.55918],[35.87216,-9.56156],[35.86925,-9.56399],[35.86765,-9.56724],[35.86849,-9.57158],[35.86686,-9.57233],[35.86499,-9.57637],[35.86662,-9.57998],[35.86623,-9.58146],[35.86512,-9.58327],[35.86296,-9.58387],[35.85908,-9.58268],[35.85545,-9.58526],[35.85537,-9.58784],[35.85336,-9.58979],[35.85397,-9.5926],[35.85076,-9.59654],[35.85055,-9.6004],[35.84492,-9.60269],[35.84228,-9.60525],[35.84167,-9.60797],[35.83949,-9.60688],[35.83561,-9.61001],[35.83379,-9.61354],[35.8337,-9.61708],[35.83181,-9.61981],[35.83255,-9.62411],[35.83148,-9.62844],[35.83299,-9.63188],[35.83043,-9.6339],[35.83059,-9.63712],[35.82896,-9.63828],[35.82624,-9.64317],[35.82318,-9.64406],[35.82186,-9.64154],[35.81964,-9.64249],[35.81703,-9.64595],[35.81564,-9.65002],[35.8141,-9.65103],[35.81298,-9.6542],[35.81405,-9.65676],[35.81236,-9.65739],[35.8109,-9.65952],[35.812,-9.66078],[35.80601,-9.663],[35.79969,-9.66924],[35.80006,-9.67206],[35.79728,-9.67281],[35.79706,-9.67361],[35.79911,-9.67528],[35.79928,-9.67748],[35.79527,-9.67798],[35.79389,-9.67711],[35.79257,-9.67787],[35.79203,-9.68289],[35.79054,-9.68469],[35.79172,-9.6874],[35.79444,-9.68998],[35.79429,-9.69094],[35.79003,-9.69185],[35.78201,-9.69548],[35.78156,-9.69691],[35.78278,-9.69902],[35.78397,-9.69895],[35.78387,-9.7015],[35.77777,-9.69719],[35.77712,-9.69947],[35.77079,-9.70387],[35.77028,-9.70965],[35.76858,-9.71098],[35.77017,-9.71242],[35.76964,-9.71354],[35.76602,-9.71218],[35.7652,-9.7127],[35.76337,-9.71462],[35.7621,-9.71984],[35.75889,-9.71845],[35.75702,-9.72176],[35.75324,-9.7243],[35.75164,-9.72905],[35.74977,-9.72953],[35.74707,-9.72819],[35.74695,-9.73301],[35.74278,-9.7304],[35.74101,-9.73122],[35.73938,-9.73562],[35.73688,-9.73734],[35.73646,-9.73945],[35.73195,-9.73937],[35.72888,-9.74403],[35.72265,-9.74616],[35.7209,-9.75132],[35.71842,-9.74957],[35.71556,-9.75092],[35.7158,-9.75407],[35.71341,-9.75385],[35.71369,-9.75946],[35.70931,-9.75743],[35.70798,-9.76512],[35.70284,-9.76424],[35.70257,-9.76525],[35.70462,-9.76836],[35.70138,-9.76967],[35.70062,-9.76629],[35.69854,-9.76691],[35.69629,-9.76458],[35.69444,-9.76552],[35.69416,-9.76371],[35.69016,-9.76078],[35.68727,-9.76287],[35.68349,-9.76128],[35.67873,-9.76447],[35.6798,-9.76774],[35.67749,-9.77086],[35.67172,-9.77116],[35.66985,-9.77613],[35.66785,-9.77797],[35.66841,-9.77902],[35.66958,-9.77873],[35.66961,-9.78018],[35.66722,-9.78658],[35.67123,-9.79444],[35.63747,-9.79517],[35.62252,-9.78373],[35.59348,-9.77921],[35.56976,-9.77333],[35.553,-9.7749],[35.53854,-9.76657],[35.50063,-9.78074],[35.48753,-9.77737],[35.47708,-9.7569],[35.45384,-9.7335],[35.44249,-9.69429],[35.41482,-9.66383],[35.37781,-9.65156],[35.35328,-9.63092],[35.37459,-9.60435],[35.39157,-9.58731],[35.40161,-9.57919],[35.43222,-9.54953],[35.43564,-9.54471],[35.43648,-9.54167],[35.43512,-9.53859],[35.43857,-9.53299],[35.44046,-9.53223],[35.44448,-9.52734],[35.44469,-9.52555],[35.45082,-9.52062],[35.45234,-9.51542],[35.45492,-9.51298],[35.45498,-9.51012],[35.4601,-9.50817],[35.46182,-9.50644],[35.4657,-9.50608],[35.47493,-9.49856],[35.48159,-9.49622],[35.48963,-9.48999],[35.49523,-9.49028],[35.49819,-9.48686],[35.49835,-9.48439],[35.50045,-9.48028],[35.50239,-9.47927],[35.503,-9.47552],[35.51185,-9.47082],[35.51817,-9.46956],[35.52162,-9.46658],[35.5346,-9.46005],[35.5349,-9.45606],[35.53138,-9.45023],[35.53388,-9.44876],[35.53426,-9.44685],[35.537,-9.44433],[35.53582,-9.44159],[35.53822,-9.44061],[35.53804,-9.43938],[35.53873,-9.439],[35.5401,-9.44051],[35.5425,-9.43946],[35.54317,-9.44109],[35.54511,-9.43968],[35.54686,-9.4401],[35.54608,-9.43778],[35.54757,-9.43768],[35.54836,-9.4398],[35.55015,-9.43703],[35.54868,-9.43444],[35.54963,-9.43322],[35.55164,-9.43314],[35.55216,-9.43113],[35.55535,-9.43114],[35.55671,-9.43234],[35.55715,-9.43063],[35.55985,-9.43159],[35.5616,-9.43011],[35.56253,-9.43135],[35.56332,-9.43098],[35.56326,-9.42924],[35.56406,-9.42923],[35.56509,-9.43133],[35.56876,-9.42911],[35.56833,-9.42612],[35.56995,-9.42616],[35.57169,-9.42805],[35.57497,-9.4242],[35.57636,-9.42379],[35.57822,-9.42378],[35.57999,-9.4257],[35.58115,-9.42332],[35.5843,-9.4254],[35.58623,-9.42415],[35.58879,-9.42614],[35.59008,-9.42563],[35.5906,-9.42322],[35.59283,-9.42598],[35.59423,-9.42375],[35.59811,-9.42103],[35.60098,-9.42379],[35.60292,-9.41974],[35.60615,-9.41802],[35.60613,-9.41596],[35.61128,-9.41218],[35.61059,-9.4089],[35.61391,-9.40695],[35.61289,-9.40254],[35.61427,-9.40061],[35.62485,-9.40234],[35.62621,-9.39982],[35.62544,-9.39798],[35.62193,-9.39619],[35.62226,-9.39385],[35.63085,-9.39192],[35.63192,-9.39128],[35.63288,-9.38715],[35.63608,-9.38438],[35.63763,-9.38338],[35.64138,-9.38355],[35.64269,-9.38244],[35.64211,-9.37899],[35.64796,-9.37524],[35.64811,-9.37152],[35.6538,-9.36975],[35.65623,-9.36716],[35.66163,-9.36667],[35.66329,-9.3623],[35.66438,-9.36169],[35.66812,-9.36414],[35.66908,-9.3637],[35.66934,-9.36231],[35.66671,-9.35989],[35.66991,-9.36039],[35.67118,-9.36157],[35.67159,-9.35913],[35.67286,-9.35846],[35.67859,-9.36112],[35.68069,-9.35819],[35.68026,-9.35536],[35.68694,-9.35417],[35.69124,-9.35494],[35.69624,-9.35022],[35.69709,-9.35064],[35.69723,-9.35352],[35.70088,-9.35414],[35.70137,-9.35338],[35.69947,-9.3487],[35.70051,-9.34816],[35.70278,-9.34916],[35.70384,-9.35192],[35.70497,-9.35188],[35.70629,-9.34836],[35.70902,-9.34655],[35.7136,-9.34967],[35.71452,-9.34873],[35.71433,-9.34473],[35.71518,-9.34379],[35.717,-9.34362],[35.72032,-9.34583],[35.72259,-9.34599],[35.72705,-9.34435],[35.72858,-9.34921],[35.72949,-9.346],[35.73358,-9.34629],[35.73777,-9.34245],[35.7414,-9.34388],[35.74455,-9.34227],[35.74692,-9.34236],[35.75038,-9.33858],[35.75281,-9.3382],[35.75309,-9.33682],[35.75194,-9.3352],[35.7532,-9.33143],[35.75484,-9.32842],[35.75951,-9.32489],[35.75943,-9.32282],[35.75771,-9.32032],[35.76013,-9.32206],[35.76211,-9.31987],[35.76223,-9.31583],[35.76511,-9.31665],[35.76683,-9.3161],[35.76469,-9.31317],[35.7685,-9.31247],[35.77029,-9.31074],[35.77075,-9.30819],[35.77368,-9.30907],[35.77446,-9.31145],[35.77573,-9.31188],[35.77752,-9.31081],[35.77844,-9.30678],[35.77956,-9.306],[35.78162,-9.30653],[35.78473,-9.30518],[35.78646,-9.30637],[35.78925,-9.30431],[35.79254,-9.30346],[35.79302,-9.29388],[35.79868,-9.29578],[35.79785,-9.28969],[35.79944,-9.2891],[35.80176,-9.29022],[35.8022,-9.28901],[35.8004,-9.28505],[35.80167,-9.28331],[35.80674,-9.28825],[35.80829,-9.28813],[35.81217,-9.2844],[35.814,-9.28021],[35.816,-9.28075],[35.81765,-9.28265],[35.81798,-9.2809],[35.81653,-9.27866],[35.81741,-9.27596],[35.817,-9.27353],[35.82211,-9.27381],[35.82258,-9.26988],[35.8245,-9.27008],[35.825,-9.27371],[35.82658,-9.27224],[35.82644,-9.26998],[35.82416,-9.2681],[35.82686,-9.26535],[35.82626,-9.2613],[35.83113,-9.26411],[35.83259,-9.26364],[35.83286,-9.26094],[35.83402,-9.25969],[35.83752,-9.26054],[35.8388,-9.25898],[35.84221,-9.25918],[35.84416,-9.25707],[35.84835,-9.25635],[35.84867,-9.2558],[35.84665,-9.255],[35.84557,-9.2533],[35.84897,-9.24939],[35.8498,-9.24628],[35.84858,-9.24505],[35.84995,-9.24487],[35.85255,-9.24194],[35.85764,-9.24085],[35.85848,-9.23997],[35.85859,-9.23683],[35.86097,-9.23796],[35.85996,-9.23499],[35.86187,-9.22905],[35.8645,-9.22805],[35.86244,-9.22502],[35.8644,-9.22311],[35.86689,-9.22498],[35.86834,-9.22467],[35.86569,-9.22077],[35.86681,-9.21927],[35.87131,-9.21764],[35.87202,-9.21436],[35.87154,-9.20897],[35.87684,-9.20758],[35.87847,-9.20348],[35.87992,-9.20264],[35.88419,-9.20356],[35.88318,-9.19983],[35.89078,-9.19626],[35.89294,-9.1961],[35.89538,-9.19876],[35.89642,-9.19863],[35.89694,-9.1967],[35.89561,-9.19402],[35.89376,-9.19298],[35.89442,-9.19238],[35.90108,-9.18972]]]},"properties":{"region":"Ruvuma","district":"Songea","ward":"Matumbi","ward_code":"051"}},{"type":"Feature","geometry":{"type":"Polygon","coordinates":[[[35.48753,-9.77737],[35.50063,-9.78074],[35.53854,-9.76657],[35.553,-9.7749],[35.56976,-9.77333],[35.59348,-9.77921],[35.62252,-9.78373],[35.63747,-9.79517],[35.67123,-9.79444],[35.67434,-9.79571],[35.67159,-9.80017],[35.6735,-9.8014],[35.67397,-9.80356],[35.67321,-9.80524],[35.67163,-9.80592],[35.67044,-9.81158],[35.67124,-9.81514],[35.67213,-9.81624],[35.6741,-9.81653],[35.67333,-9.81782],[35.67032,-9.81837],[35.66896,-9.81999],[35.67061,-9.82128],[35.67168,-9.82681],[35.67173,-9.82856],[35.66964,-9.82911],[35.66923,-9.83071],[35.67013,-9.83264],[35.67452,-9.83097],[35.6764,-9.83425],[35.67871,-9.83458],[35.68194,-9.8378],[35.68236,-9.84022],[35.68347,-9.84074],[35.68737,-9.8703],[35.70026,-9.90588],[35.69467,-9.97062],[35.68416,-9.97622],[35.66171,-10.03976],[35.58034,-10.07538],[35.55192,-10.07467],[35.53766,-10.06748],[35.52579,-10.06457],[35.50105,-10.06158],[35.49611,-10.06896],[35.49125,-10.18774],[35.50218,-10.20131],[35.5511,-10.23165],[35.56219,-10.33318],[35.56434,-10.36962],[35.58222,-10.40159],[35.55758,-10.41765],[35.54119,-10.44024],[35.53535,-10.44332],[35.52394,-10.43848],[35.52112,-10.43187],[35.51769,-10.43019],[35.51466,-10.43034],[35.51473,-10.42925],[35.51192,-10.42794],[35.50776,-10.42757],[35.50605,-10.42309],[35.50348,-10.42169],[35.50316,-10.42009],[35.50206,-10.42005],[35.5008,-10.41406],[35.5034,-10.41231],[35.50419,-10.40959],[35.49718,-10.40769],[35.49759,-10.4044],[35.49955,-10.40393],[35.50029,-10.40232],[35.49926,-10.39981],[35.50026,-10.39853],[35.49879,-10.39746],[35.49755,-10.39804],[35.49687,-10.3967],[35.49794,-10.39569],[35.49734,-10.39464],[35.49853,-10.39258],[35.4977,-10.39053],[35.49903,-10.38795],[35.49984,-10.38854],[35.49926,-10.38768],[35.50001,-10.38683],[35.49873,-10.38646],[35.49966,-10.38584],[35.49822,-10.38387],[35.49956,-10.38289],[35.49927,-10.3818],[35.50028,-10.38165],[35.49934,-10.38032],[35.50021,-10.37728],[35.49791,-10.37541],[35.49943,-10.37424],[35.49815,-10.37409],[35.49869,-10.37298],[35.49722,-10.37168],[35.49754,-10.37029],[35.49464,-10.36992],[35.4951,-10.36818],[35.49267,-10.36818],[35.49375,-10.36645],[35.49466,-10.367],[35.49421,-10.36467],[35.49563,-10.36284],[35.49475,-10.36158],[35.49301,-10.36268],[35.49021,-10.36037],[35.49077,-10.35897],[35.4885,-10.35523],[35.48973,-10.35295],[35.48852,-10.35301],[35.48759,-10.35093],[35.48973,-10.35076],[35.48985,-10.34968],[35.48895,-10.3493],[35.48985,-10.34739],[35.48797,-10.34929],[35.48703,-10.34834],[35.48628,-10.3491],[35.48644,-10.34837],[35.48479,-10.34759],[35.48332,-10.3495],[35.48264,-10.34806],[35.48354,-10.34713],[35.47986,-10.34866],[35.47947,-10.34718],[35.48092,-10.34732],[35.48101,-10.34448],[35.47957,-10.34246],[35.47671,-10.34169],[35.47624,-10.34005],[35.47714,-10.33807],[35.47623,-10.33709],[35.47147,-10.3368],[35.47082,-10.33572],[35.47253,-10.3364],[35.47284,-10.33569],[35.4712,-10.33399],[35.47146,-10.3332],[35.4703,-10.33371],[35.46902,-10.33249],[35.46922,-10.33105],[35.46743,-10.32924],[35.46766,-10.32733],[35.46473,-10.32574],[35.46299,-10.3264],[35.46148,-10.32481],[35.4629,-10.32418],[35.46176,-10.32305],[35.4594,-10.32194],[35.457,-10.32281],[35.457,-10.32767],[35.45563,-10.32825],[35.45393,-10.32744],[35.4549,-10.3257],[35.45309,-10.32349],[35.45075,-10.32271],[35.45005,-10.3243],[35.44875,-10.32338],[35.44923,-10.32045],[35.44735,-10.32191],[35.44673,-10.32082],[35.44505,-10.32118],[35.44583,-10.32227],[35.44406,-10.32236],[35.44347,-10.32041],[35.44452,-10.31954],[35.44418,-10.31777],[35.44557,-10.31813],[35.4455,-10.31668],[35.44629,-10.31783],[35.44707,-10.31609],[35.44604,-10.31544],[35.4463,-10.3135],[35.44507,-10.31358],[35.44473,-10.31276],[35.44417,-10.31416],[35.44285,-10.31211],[35.44173,-10.31288],[35.44134,-10.31233],[35.44184,-10.31363],[35.44042,-10.31326],[35.43988,-10.31476],[35.43821,-10.31429],[35.43895,-10.31273],[35.43671,-10.3146],[35.43726,-10.31602],[35.43559,-10.31468],[35.43158,-10.31618],[35.42926,-10.31846],[35.42618,-10.31576],[35.42409,-10.31568],[35.42442,-10.31799],[35.42276,-10.31815],[35.42217,-10.31951],[35.42032,-10.32015],[35.41818,-10.31878],[35.41764,-10.31618],[35.41586,-10.31622],[35.41559,-10.31815],[35.41183,-10.31748],[35.41077,-10.31489],[35.40886,-10.31365],[35.40226,-10.31954],[35.39899,-10.31891],[35.39848,-10.31753],[35.39411,-10.31796],[35.39163,-10.3157],[35.39223,-10.31444],[35.38552,-10.31161],[35.38488,-10.31019],[35.38717,-10.31043],[35.38932,-10.30877],[35.38785,-10.30771],[35.38833,-10.30583],[35.38685,-10.30375],[35.38704,-10.30124],[35.38587,-10.2998],[35.38635,-10.29851],[35.38374,-10.29654],[35.38472,-10.29664],[35.38503,-10.29498],[35.38434,-10.29517],[35.38417,-10.29364],[35.38348,-10.29454],[35.38309,-10.29387],[35.3839,-10.29286],[35.38255,-10.29275],[35.38655,-10.28978],[35.38661,-10.29093],[35.38774,-10.2909],[35.3884,-10.28925],[35.38662,-10.2864],[35.38748,-10.28493],[35.38684,-10.28443],[35.38757,-10.28318],[35.38893,-10.28368],[35.38919,-10.28272],[35.39004,-10.28344],[35.3904,-10.27857],[35.39346,-10.279],[35.39407,-10.27759],[35.39323,-10.27786],[35.39038,-10.27583],[35.39296,-10.27219],[35.39418,-10.27265],[35.39483,-10.27188],[35.39429,-10.27015],[35.39261,-10.27059],[35.39124,-10.26755],[35.39054,-10.26898],[35.39047,-10.2679],[35.389,-10.26725],[35.388,-10.26791],[35.38749,-10.26422],[35.38864,-10.26448],[35.388,-10.26354],[35.38979,-10.26141],[35.38966,-10.2605],[35.38811,-10.26029],[35.38944,-10.25701],[35.38752,-10.25778],[35.38763,-10.25657],[35.38617,-10.25668],[35.38629,-10.25558],[35.38429,-10.25567],[35.38433,-10.25504],[35.42011,-10.24056],[35.43222,-9.89417],[35.45041,-9.86331],[35.47442,-9.81041],[35.47708,-9.7569],[35.48753,-9.77737]]]},"properties":{"region":"Ruvuma","district":"Songea","ward":"Mkongotema","ward_code":"061"}},{"type":"Feature","geometry":{"type":"Polygon","coordinates":[[[35.77218,-10.03876],[35.77724,-10.13909],[35.7852,-10.14573],[35.80673,-10.14049],[35.82323,-10.12388],[35.8516,-10.12229],[35.86713,-10.14897],[35.87002,-10.17658],[35.85474,-10.22409],[35.85522,-10.25677],[35.78905,-10.2593],[35.73613,-10.24491],[35.73982,-10.26496],[35.76311,-10.27309],[35.77012,-10.31564],[35.75738,-10.33226],[35.7045,-10.32409],[35.65484,-10.3313],[35.56219,-10.33318],[35.5511,-10.23165],[35.50218,-10.20131],[35.49125,-10.18774],[35.49611,-10.06896],[35.50105,-10.06158],[35.52579,-10.06457],[35.53766,-10.06748],[35.55192,-10.07467],[35.58034,-10.07538],[35.66171,-10.03976],[35.68416,-9.97622],[35.69467,-9.97062],[35.6957,-9.99381],[35.72743,-10.00407],[35.77218,-10.03876]]]},"properties":{"region":"Ruvuma","district":"Songea","ward":"Gumbiro","ward_code":"071"}},{"type":"Feature","geometry":{"type":"Polygon","coordinates":[[[35.71218,-10.45631],[35.70474,-10.45948],[35.69806,-10.4579],[35.69095,-10.45901],[35.68695,-10.46185],[35.68269,-10.46331],[35.6749,-10.46902],[35.66496,-10.47391],[35.65913,-10.47255],[35.65093,-10.47673],[35.64713,-10.47188],[35.63966,-10.46813],[35.63569,-10.46765],[35.63452,-10.46497],[35.63022,-10.4635],[35.62741,-10.46119],[35.62247,-10.46169],[35.62075,-10.46466],[35.61505,-10.46286],[35.61423,-10.46176],[35.61289,-10.46172],[35.61227,-10.46273],[35.61025,-10.46176],[35.60981,-10.46258],[35.60851,-10.46238],[35.60677,-10.45656],[35.60738,-10.44499],[35.60415,-10.44104],[35.599,-10.43161],[35.59984,-10.42961],[35.59889,-10.42559],[35.60174,-10.42027],[35.59596,-10.4194],[35.58912,-10.41191],[35.58865,-10.40502],[35.58222,-10.40159],[35.56434,-10.36962],[35.56219,-10.33318],[35.65484,-10.3313],[35.7045,-10.32409],[35.75738,-10.33226],[35.75147,-10.35875],[35.74661,-10.37392],[35.72584,-10.39292],[35.72336,-10.4159],[35.72671,-10.42437],[35.72552,-10.42604],[35.71784,-10.43044],[35.71642,-10.43462],[35.71406,-10.43745],[35.71409,-10.44416],[35.71775,-10.45093],[35.71218,-10.45631]]]},"properties":{"region":"Ruvuma","district":"Songea","ward":"Mtyangimbole","ward_code":"081"}},{"type":"Feature","geometry":{"type":"Polygon","coordinates":[[[35.06764,-10.67746],[35.08836,-10.68926],[35.09004,-10.69043],[35.09146,-10.69397],[35.08824,-10.70565],[35.08321,-10.7125],[35.08027,-10.72359],[35.08321,-10.73265],[35.08176,-10.73626],[35.08271,-10.74364],[35.08756,-10.75087],[35.08931,-10.7555],[35.0938,-10.75683],[35.10106,-10.75443],[35.1107,-10.76957],[35.11488,-10.78084],[35.11591,-10.7894],[35.11542,-10.80359],[35.11749,-10.81033],[35.12031,-10.81362],[35.12306,-10.8149],[35.1391,-10.8136],[35.14438,-10.81906],[35.14901,-10.81686],[35.15204,-10.81983],[35.15473,-10.82001],[35.15976,-10.82442],[35.17044,-10.82464],[35.18789,-10.82907],[35.19037,-10.82822],[35.19018,-10.82998],[35.19169,-10.83101],[35.18999,-10.833],[35.18719,-10.83238],[35.16491,-10.83498],[35.15887,-10.83838],[35.1551,-10.83592],[35.1466,-10.83656],[35.14194,-10.83821],[35.14083,-10.84158],[35.1352,-10.84335],[35.13272,-10.8454],[35.13124,-10.84849],[35.12977,-10.85699],[35.12585,-10.86088],[35.12486,-10.86321],[35.1226,-10.87293],[35.11572,-10.87686],[35.10458,-10.87296],[35.09958,-10.87244],[35.10233,-10.86109],[35.10779,-10.85676],[35.11066,-10.85211],[35.11106,-10.84601],[35.10908,-10.83869],[35.10223,-10.83272],[35.09997,-10.82923],[35.0957,-10.8264],[35.08505,-10.83091],[35.07847,-10.83548],[35.07654,-10.83109],[35.07666,-10.82774],[35.07461,-10.8248],[35.06585,-10.82398],[35.06116,-10.8246],[35.05146,-10.82168],[35.04648,-10.8214],[35.04948,-10.81791],[35.05143,-10.81286],[35.04645,-10.79773],[35.03975,-10.78639],[35.03339,-10.77958],[35.02521,-10.77374],[35.02436,-10.77186],[35.0215,-10.77093],[35.02085,-10.76763],[35.02193,-10.76636],[35.01987,-10.76165],[35.01685,-10.75891],[35.01834,-10.75932],[35.01703,-10.75647],[35.01905,-10.75041],[35.02295,-10.74816],[35.02323,-10.74685],[35.02171,-10.74674],[35.0238,-10.74476],[35.02255,-10.744],[35.02414,-10.74321],[35.02429,-10.74036],[35.02192,-10.73927],[35.02427,-10.73748],[35.02528,-10.7382],[35.02723,-10.73334],[35.02809,-10.72295],[35.02951,-10.72107],[35.0291,-10.72012],[35.03079,-10.71809],[35.033,-10.71876],[35.03413,-10.71811],[35.03329,-10.71648],[35.03162,-10.71606],[35.03074,-10.71347],[35.03201,-10.7106],[35.0333,-10.7102],[35.03327,-10.70824],[35.03419,-10.70815],[35.03492,-10.70223],[35.03779,-10.69955],[35.04057,-10.69278],[35.043,-10.69298],[35.04223,-10.69054],[35.03939,-10.69045],[35.03907,-10.68912],[35.03787,-10.68942],[35.04242,-10.68454],[35.03969,-10.68141],[35.03566,-10.68388],[35.03511,-10.68229],[35.0372,-10.68151],[35.03581,-10.67949],[35.02953,-10.67854],[35.02768,-10.67657],[35.02597,-10.66757],[35.02227,-10.66238],[35.02264,-10.65963],[35.02148,-10.65441],[35.01894,-10.6527],[35.01878,-10.64629],[35.02247,-10.64535],[35.02212,-10.64249],[35.03318,-10.64405],[35.03657,-10.64464],[35.04973,-10.6501],[35.06088,-10.65301],[35.06764,-10.67746]]]},"properties":{"region":"Ruvuma","district":"Mbinga","ward":"Kigonsera","ward_code":"033"}},{"type":"Feature","geometry":{"type":"Polygon","coordinates":[[[34.94947,-10.77664],[34.96605,-10.77498],[34.97539,-10.80201],[34.97997,-10.80266],[34.98717,-10.80139],[34.99174,-10.79935],[35.00337,-10.8022],[35.00856,-10.80101],[35.00924,-10.80408],[35.00498,-10.81064],[35.00527,-10.81346],[35.00707,-10.81927],[35.01172,-10.82668],[35.01364,-10.82744],[35.01536,-10.8276],[35.01933,-10.82592],[35.02433,-10.82613],[35.02812,-10.82358],[35.0321,-10.82471],[35.0398,-10.82194],[35.05099,-10.81164],[35.05143,-10.81286],[35.04948,-10.81791],[35.04332,-10.82468],[35.03682,-10.84159],[35.02505,-10.86235],[35.02345,-10.86379],[35.02345,-10.86571],[35.01695,-10.86702],[35.01075,-10.86257],[35.008,-10.86406],[35.00369,-10.86881],[34.99954,-10.86662],[34.99604,-10.86757],[34.98986,-10.86277],[34.98933,-10.8613],[34.97329,-10.84954],[34.95155,-10.8276],[34.94494,-10.82535],[34.92773,-10.81461],[34.92624,-10.81111],[34.92879,-10.80655],[34.93148,-10.78788],[34.93346,-10.7848],[34.93538,-10.78411],[34.93475,-10.77973],[34.93648,-10.7785],[34.94157,-10.77832],[34.94608,-10.77484],[34.94947,-10.77664]]]},"properties":{"region":"Ruvuma","district":"Mbinga","ward":"Kihangimahuka","ward_code":"041"}},{"type":"Feature","geometry":{"type":"Polygon","coordinates":[[[35.02885,-10.67801],[35.03581,-10.67949],[35.0372,-10.68151],[35.03511,-10.68229],[35.03566,-10.68388],[35.03969,-10.68141],[35.04242,-10.68454],[35.03787,-10.68942],[35.03907,-10.68912],[35.03939,-10.69045],[35.04223,-10.69054],[35.043,-10.69298],[35.04057,-10.69278],[35.03779,-10.69955],[35.03492,-10.70223],[35.03419,-10.70815],[35.03327,-10.70824],[35.0333,-10.7102],[35.03201,-10.7106],[35.03074,-10.71347],[35.03162,-10.71606],[35.03329,-10.71648],[35.03413,-10.71811],[35.033,-10.71876],[35.03079,-10.71809],[35.0291,-10.72012],[35.02951,-10.72107],[35.02809,-10.72295],[35.02723,-10.73334],[35.02528,-10.7382],[35.02427,-10.73748],[35.02192,-10.73927],[35.02429,-10.74036],[35.02414,-10.74321],[35.02255,-10.744],[35.0238,-10.74476],[35.02171,-10.74674],[35.02323,-10.74685],[35.02295,-10.74816],[35.01905,-10.75041],[35.01703,-10.75647],[35.01834,-10.75932],[35.01685,-10.75891],[35.01987,-10.76165],[35.02193,-10.76636],[35.02085,-10.76763],[35.0215,-10.77093],[35.02436,-10.77186],[35.02521,-10.77374],[35.03339,-10.77958],[35.03975,-10.78639],[35.04645,-10.79773],[35.05099,-10.81164],[35.0398,-10.82194],[35.0321,-10.82471],[35.02812,-10.82358],[35.02433,-10.82613],[35.01933,-10.82592],[35.01536,-10.8276],[35.01364,-10.82744],[35.01172,-10.82668],[35.00707,-10.81927],[35.00527,-10.81346],[35.00498,-10.81064],[35.00924,-10.80408],[35.00856,-10.80101],[35.00337,-10.8022],[34.99174,-10.79935],[34.98717,-10.80139],[34.97997,-10.80266],[34.97539,-10.80201],[34.96605,-10.77498],[34.94949,-10.77665],[34.94608,-10.77484],[34.94603,-10.77198],[34.93477,-10.77374],[34.93329,-10.76958],[34.93397,-10.76602],[34.93645,-10.76374],[34.93649,-10.76076],[34.93866,-10.75907],[34.94035,-10.75598],[34.94126,-10.75148],[34.94065,-10.74892],[34.9425,-10.74845],[34.95033,-10.74982],[34.95657,-10.74937],[34.96216,-10.74721],[34.96615,-10.74722],[34.98901,-10.72048],[34.99127,-10.71945],[34.99485,-10.72082],[34.99988,-10.72099],[35.00535,-10.71901],[35.00612,-10.71956],[35.00716,-10.71539],[35.01151,-10.71334],[35.01194,-10.71058],[35.01524,-10.70837],[35.01547,-10.70212],[35.01739,-10.69809],[35.02101,-10.69385],[35.02145,-10.69214],[35.02042,-10.68977],[35.01699,-10.68683],[35.02075,-10.68011],[35.02717,-10.67516],[35.02885,-10.67801]]]},"properties":{"region":"Ruvuma","district":"Mbinga","ward":"Lukarasi","ward_code":"081"}},{"type":"Feature","geometry":{"type":"Polygon","coordinates":[[[35.15182,-10.56161],[35.16418,-10.56697],[35.16546,-10.57634],[35.16794,-10.58009],[35.16691,-10.58152],[35.17011,-10.58516],[35.17374,-10.5919],[35.1754,-10.59898],[35.17382,-10.60249],[35.17318,-10.61],[35.17587,-10.61462],[35.1749,-10.61652],[35.17528,-10.61888],[35.18313,-10.62939],[35.18403,-10.64211],[35.18364,-10.65513],[35.18508,-10.65648],[35.18614,-10.66678],[35.18849,-10.67203],[35.18711,-10.68367],[35.1882,-10.68988],[35.19109,-10.69728],[35.19292,-10.70555],[35.1991,-10.71167],[35.19849,-10.71249],[35.19939,-10.71315],[35.19934,-10.71479],[35.19999,-10.71416],[35.19984,-10.71523],[35.20186,-10.71736],[35.20289,-10.71716],[35.20288,-10.71909],[35.20382,-10.71919],[35.20824,-10.72596],[35.20767,-10.72858],[35.20583,-10.72925],[35.20554,-10.73167],[35.20218,-10.73559],[35.19986,-10.7356],[35.1986,-10.7389],[35.1965,-10.7365],[35.19527,-10.73698],[35.19558,-10.73822],[35.19711,-10.73887],[35.19717,-10.74461],[35.19895,-10.74673],[35.19406,-10.74607],[35.1937,-10.74805],[35.19579,-10.75249],[35.19523,-10.7533],[35.19427,-10.75176],[35.19249,-10.75163],[35.18654,-10.75532],[35.18784,-10.75595],[35.18769,-10.75773],[35.18588,-10.75783],[35.18544,-10.75651],[35.18486,-10.75758],[35.18283,-10.7564],[35.18208,-10.75695],[35.18291,-10.75969],[35.18115,-10.76137],[35.1823,-10.76297],[35.18168,-10.76379],[35.17807,-10.76028],[35.17916,-10.75847],[35.17856,-10.75481],[35.18193,-10.74769],[35.18091,-10.74072],[35.17922,-10.73222],[35.1731,-10.71612],[35.16699,-10.71091],[35.16451,-10.7112],[35.15832,-10.71837],[35.1559,-10.71935],[35.15346,-10.71531],[35.15321,-10.70681],[35.14952,-10.70528],[35.14608,-10.70487],[35.14322,-10.70708],[35.08824,-10.70565],[35.09146,-10.69397],[35.09004,-10.69043],[35.06764,-10.67746],[35.06088,-10.65301],[35.07664,-10.6318],[35.08274,-10.62495],[35.08259,-10.62414],[35.08707,-10.62461],[35.09402,-10.62102],[35.11317,-10.61775],[35.11704,-10.61594],[35.12386,-10.60797],[35.12678,-10.60103],[35.13318,-10.5908],[35.15064,-10.56698],[35.15182,-10.56161]]]},"properties":{"region":"Ruvuma","district":"Mbinga","ward":"Amani Makoro","ward_code":"091"}},{"type":"Feature","geometry":{"type":"Polygon","coordinates":[[[35.02212,-10.64249],[35.02247,-10.64535],[35.01878,-10.64629],[35.01894,-10.6527],[35.02148,-10.65441],[35.02264,-10.65963],[35.02227,-10.66238],[35.02597,-10.66757],[35.02717,-10.67516],[35.02075,-10.68011],[35.01699,-10.68683],[35.02042,-10.68977],[35.02145,-10.69214],[35.02101,-10.69385],[35.01739,-10.69809],[35.01547,-10.70212],[35.01524,-10.70837],[35.01194,-10.71058],[35.01151,-10.71334],[35.00716,-10.71539],[35.00612,-10.71956],[35.00535,-10.71901],[34.99988,-10.72099],[34.99485,-10.72082],[34.99127,-10.71945],[34.98901,-10.72048],[34.96615,-10.74722],[34.96216,-10.74721],[34.95657,-10.74937],[34.95033,-10.74982],[34.9425,-10.74845],[34.94065,-10.74892],[34.94126,-10.75148],[34.94035,-10.75598],[34.93866,-10.75907],[34.93649,-10.76076],[34.93645,-10.76374],[34.93361,-10.76381],[34.92857,-10.76189],[34.92397,-10.76185],[34.92233,-10.76244],[34.9204,-10.76488],[34.91888,-10.76474],[34.9146,-10.76347],[34.91146,-10.76128],[34.91001,-10.75968],[34.91223,-10.75803],[34.91219,-10.75077],[34.9055,-10.74323],[34.90155,-10.73078],[34.89784,-10.7284],[34.89323,-10.7233],[34.89445,-10.71662],[34.89416,-10.70935],[34.89996,-10.69863],[34.91031,-10.69412],[34.90886,-10.69131],[34.91198,-10.67983],[34.9175,-10.67833],[34.91998,-10.6751],[34.91975,-10.66955],[34.92393,-10.66895],[34.93528,-10.66422],[34.94363,-10.65915],[34.95029,-10.65831],[34.95071,-10.65932],[34.95693,-10.65967],[34.96213,-10.657],[34.96984,-10.64807],[34.97865,-10.64359],[34.98632,-10.64282],[34.99609,-10.64517],[35.00985,-10.64233],[35.02007,-10.6414],[35.02212,-10.64249]]]},"properties":{"region":"Ruvuma","district":"Mbinga","ward":"Mhongozi","ward_code":"161"}},{"type":"Feature","geometry":{"type":"Polygon","coordinates":[[[34.9146,-10.76347],[34.9204,-10.76488],[34.92233,-10.76244],[34.92397,-10.76185],[34.92857,-10.76189],[34.93361,-10.76381],[34.93645,-10.76374],[34.93397,-10.76602],[34.93329,-10.76958],[34.93477,-10.77374],[34.94603,-10.77198],[34.94608,-10.77484],[34.94157,-10.77832],[34.93648,-10.7785],[34.93475,-10.77973],[34.93538,-10.78411],[34.93346,-10.7848],[34.93148,-10.78788],[34.92879,-10.80655],[34.92624,-10.81111],[34.91996,-10.81413],[34.91695,-10.81806],[34.91439,-10.81822],[34.91141,-10.82152],[34.90316,-10.82208],[34.89171,-10.81174],[34.88821,-10.80199],[34.88526,-10.79984],[34.88123,-10.80135],[34.87597,-10.79777],[34.87211,-10.78807],[34.87515,-10.78727],[34.87856,-10.7834],[34.88356,-10.77121],[34.88391,-10.76777],[34.89136,-10.7567],[34.89107,-10.75586],[34.89558,-10.75098],[34.9055,-10.74323],[34.91261,-10.75216],[34.91223,-10.75803],[34.91001,-10.75968],[34.9146,-10.76347]]]},"properties":{"region":"Ruvuma","district":"Mbinga","ward":"Kitumbalomo","ward_code":"181"}},{"type":"Feature","geometry":{"type":"Polygon","coordinates":[[[35.15321,-10.70681],[35.15346,-10.71531],[35.1559,-10.71935],[35.15832,-10.71837],[35.16451,-10.7112],[35.16699,-10.71091],[35.1731,-10.71612],[35.17922,-10.73222],[35.18193,-10.74769],[35.17856,-10.75481],[35.17916,-10.75847],[35.17807,-10.76028],[35.18281,-10.76494],[35.18193,-10.76526],[35.18219,-10.76745],[35.18131,-10.76829],[35.18206,-10.7686],[35.18079,-10.76869],[35.18062,-10.77049],[35.18249,-10.77028],[35.18261,-10.77165],[35.18355,-10.77084],[35.18338,-10.77168],[35.18473,-10.77223],[35.18379,-10.77254],[35.18399,-10.77365],[35.18524,-10.77453],[35.18442,-10.7748],[35.18517,-10.77645],[35.18697,-10.77757],[35.18606,-10.7786],[35.18738,-10.7814],[35.18842,-10.78162],[35.18752,-10.78272],[35.1885,-10.78271],[35.18692,-10.78359],[35.1879,-10.78613],[35.18659,-10.78743],[35.18733,-10.78806],[35.18585,-10.78952],[35.18634,-10.7904],[35.18524,-10.78987],[35.18469,-10.79101],[35.18543,-10.79256],[35.18614,-10.79226],[35.18642,-10.79494],[35.18798,-10.79653],[35.18715,-10.79773],[35.18643,-10.79741],[35.18609,-10.80031],[35.18542,-10.80028],[35.18636,-10.80135],[35.1846,-10.80179],[35.18561,-10.80365],[35.18462,-10.80344],[35.18467,-10.80498],[35.18598,-10.80603],[35.18498,-10.80682],[35.18479,-10.80957],[35.18605,-10.81106],[35.18272,-10.81238],[35.18138,-10.81194],[35.18233,-10.81558],[35.17956,-10.81737],[35.18331,-10.81668],[35.18601,-10.81946],[35.18517,-10.8212],[35.18748,-10.82349],[35.18701,-10.82472],[35.18497,-10.8251],[35.18436,-10.82707],[35.18682,-10.82787],[35.18745,-10.82552],[35.18948,-10.82809],[35.18789,-10.82907],[35.17044,-10.82464],[35.15976,-10.82442],[35.15473,-10.82001],[35.15204,-10.81983],[35.14901,-10.81686],[35.14438,-10.81906],[35.1391,-10.8136],[35.12306,-10.8149],[35.12031,-10.81362],[35.11668,-10.80891],[35.11542,-10.80359],[35.11591,-10.7894],[35.11488,-10.78084],[35.1107,-10.76957],[35.10106,-10.75443],[35.0938,-10.75683],[35.08931,-10.7555],[35.08756,-10.75087],[35.08271,-10.74364],[35.08176,-10.73626],[35.08321,-10.73265],[35.08027,-10.72359],[35.08321,-10.7125],[35.08824,-10.70565],[35.14322,-10.70708],[35.14608,-10.70487],[35.15321,-10.70681]]]},"properties":{"region":"Ruvuma","district":"Mbinga","ward":"Mkako","ward_code":"191"}},{"type":"Feature","geometry":{"type":"Polygon","coordinates":[[[34.85623,-10.63373],[34.87056,-10.64973],[34.8738,-10.64635],[34.89417,-10.67147],[34.89894,-10.66105],[34.9083,-10.66068],[34.91663,-10.66159],[34.91852,-10.66384],[34.92039,-10.67103],[34.91998,-10.6751],[34.9175,-10.67833],[34.91198,-10.67983],[34.90886,-10.69131],[34.91031,-10.69412],[34.89996,-10.69863],[34.89416,-10.70935],[34.89445,-10.71662],[34.89323,-10.7233],[34.89784,-10.7284],[34.90155,-10.73078],[34.9055,-10.74323],[34.89558,-10.75098],[34.89107,-10.75586],[34.89136,-10.7567],[34.88391,-10.76777],[34.88356,-10.77121],[34.87856,-10.7834],[34.87376,-10.78783],[34.85592,-10.78714],[34.84591,-10.79069],[34.83674,-10.79056],[34.83098,-10.78843],[34.82315,-10.78352],[34.82025,-10.7835],[34.80618,-10.78747],[34.80226,-10.7855],[34.79919,-10.78581],[34.79336,-10.78231],[34.79193,-10.78349],[34.7901,-10.78327],[34.78909,-10.78501],[34.78918,-10.79117],[34.78719,-10.79327],[34.78842,-10.79596],[34.7858,-10.79586],[34.78538,-10.79247],[34.78459,-10.7921],[34.78065,-10.79358],[34.78148,-10.79482],[34.77924,-10.79497],[34.77723,-10.79215],[34.77654,-10.79236],[34.77713,-10.79387],[34.77472,-10.79394],[34.77366,-10.79244],[34.77444,-10.79031],[34.772,-10.79021],[34.77118,-10.79118],[34.77108,-10.78919],[34.76544,-10.78935],[34.76569,-10.79152],[34.76428,-10.79224],[34.76406,-10.79111],[34.7625,-10.79135],[34.76162,-10.79358],[34.75876,-10.79306],[34.76123,-10.77874],[34.72956,-10.75041],[34.7243,-10.74204],[34.72004,-10.73229],[34.71326,-10.71274],[34.70218,-10.69408],[34.71357,-10.69742],[34.72174,-10.68853],[34.72234,-10.68331],[34.72405,-10.68205],[34.72403,-10.67565],[34.72512,-10.67435],[34.73955,-10.68368],[34.74943,-10.6867],[34.77795,-10.67762],[34.78237,-10.67881],[34.78688,-10.6782],[34.7929,-10.675],[34.79604,-10.67561],[34.7977,-10.66924],[34.80282,-10.66479],[34.80105,-10.6631],[34.80182,-10.66089],[34.80097,-10.65995],[34.80249,-10.65864],[34.805,-10.66252],[34.80649,-10.65844],[34.80881,-10.65749],[34.8084,-10.65926],[34.80982,-10.65928],[34.82983,-10.64463],[34.85623,-10.63373]]]},"properties":{"region":"Ruvuma","district":"Mbinga","ward":"Matiri","ward_code":"283"}},{"type":"Feature","geometry":{"type":"Polygon","coordinates":[[[34.77161,-10.87192],[34.77794,-10.87238],[34.77991,-10.86824],[34.78332,-10.86779],[34.78658,-10.86927],[34.7967,-10.87764],[34.79843,-10.88005],[34.80174,-10.89126],[34.80443,-10.89312],[34.80846,-10.90046],[34.81194,-10.91424],[34.81532,-10.92297],[34.81719,-10.92557],[34.819,-10.92601],[34.82646,-10.93151],[34.82263,-10.93973],[34.81792,-10.94187],[34.81283,-10.9471],[34.80704,-10.94694],[34.80402,-10.94572],[34.80062,-10.9491],[34.79689,-10.94914],[34.79665,-10.95099],[34.79137,-10.95437],[34.78307,-10.96176],[34.77744,-10.95536],[34.76532,-10.95077],[34.75554,-10.94369],[34.75337,-10.94111],[34.75115,-10.93183],[34.75319,-10.91751],[34.75262,-10.89752],[34.74944,-10.88726],[34.75015,-10.88648],[34.74854,-10.88546],[34.74558,-10.87684],[34.75458,-10.87426],[34.76629,-10.86704],[34.77161,-10.87192]]]},"properties":{"region":"Ruvuma","district":"Mbinga","ward":"Kitura","ward_code":"051"}},{"type":"Feature","geometry":{"type":"Polygon","coordinates":[[[34.94442,-11.09263],[34.95392,-11.10361],[34.9536,-11.10626],[34.95192,-11.10899],[34.95293,-11.11642],[34.9523,-11.12275],[34.95087,-11.12517],[34.95385,-11.13224],[34.9577,-11.14727],[34.96142,-11.15477],[34.96479,-11.1591],[34.94279,-11.16109],[34.94051,-11.16245],[34.9336,-11.17078],[34.93011,-11.17398],[34.9288,-11.17413],[34.92811,-11.1758],[34.92947,-11.18089],[34.92818,-11.18394],[34.92894,-11.18561],[34.92778,-11.18733],[34.92867,-11.18902],[34.93186,-11.19012],[34.93357,-11.19495],[34.93364,-11.20131],[34.93013,-11.20747],[34.92486,-11.2113],[34.92284,-11.21177],[34.92089,-11.215],[34.91941,-11.21572],[34.91815,-11.22103],[34.91664,-11.22168],[34.91657,-11.22577],[34.90994,-11.23135],[34.90996,-11.23513],[34.90605,-11.23658],[34.90824,-11.24102],[34.90651,-11.24261],[34.90622,-11.2454],[34.90487,-11.24639],[34.90639,-11.24862],[34.90498,-11.24885],[34.90439,-11.25535],[34.89585,-11.2547],[34.89051,-11.25701],[34.86721,-11.2727],[34.86403,-11.274],[34.86127,-11.26918],[34.8617,-11.26808],[34.85887,-11.26914],[34.85664,-11.26536],[34.85597,-11.26291],[34.85769,-11.26053],[34.85606,-11.26085],[34.85279,-11.25914],[34.85243,-11.25298],[34.85688,-11.24521],[34.85939,-11.23432],[34.86599,-11.22636],[34.87281,-11.2157],[34.88072,-11.20885],[34.88478,-11.19068],[34.892,-11.16905],[34.88909,-11.14085],[34.88232,-11.11079],[34.89171,-11.10899],[34.89902,-11.10949],[34.90308,-11.10757],[34.9052,-11.10524],[34.91263,-11.1023],[34.91339,-11.09955],[34.91847,-11.09661],[34.93448,-11.09526],[34.93525,-11.0909],[34.93782,-11.09059],[34.94442,-11.09263]]]},"properties":{"region":"Ruvuma","district":"Mbinga","ward":"Mpapa","ward_code":"071"}},{"type":"Feature","geometry":{"type":"Polygon","coordinates":[[[34.9663,-11.02318],[34.96555,-11.03028],[34.96648,-11.0331],[34.96818,-11.03404],[34.97021,-11.03812],[34.97175,-11.03841],[34.97529,-11.04158],[34.97545,-11.04756],[34.97637,-11.04981],[34.98448,-11.05552],[34.98308,-11.05716],[34.9773,-11.0591],[34.97876,-11.06052],[34.97712,-11.06439],[34.98083,-11.0766],[34.98125,-11.08674],[34.98462,-11.09096],[34.9864,-11.09866],[34.98637,-11.10551],[34.97052,-11.0992],[34.96772,-11.0996],[34.96444,-11.10215],[34.95392,-11.10361],[34.94442,-11.09263],[34.93782,-11.09059],[34.93525,-11.0909],[34.93448,-11.09526],[34.91847,-11.09661],[34.91339,-11.09955],[34.91263,-11.1023],[34.9052,-11.10524],[34.90308,-11.10757],[34.89902,-11.10949],[34.89171,-11.10899],[34.88232,-11.11079],[34.88565,-11.10585],[34.88248,-11.09868],[34.88261,-11.09305],[34.87961,-11.08315],[34.87872,-11.07621],[34.87349,-11.07213],[34.85736,-11.06332],[34.85498,-11.05914],[34.85875,-11.05731],[34.87531,-11.05611],[34.87555,-11.05689],[34.87932,-11.05728],[34.88218,-11.05963],[34.88346,-11.05798],[34.89256,-11.05896],[34.89596,-11.06284],[34.89682,-11.06597],[34.90638,-11.06104],[34.90602,-11.06387],[34.91389,-11.06228],[34.91915,-11.06963],[34.92972,-11.06793],[34.93098,-11.06871],[34.93271,-11.04228],[34.92841,-11.04085],[34.92996,-11.03773],[34.92582,-11.03225],[34.92519,-11.02838],[34.93144,-11.02682],[34.93577,-11.0286],[34.94005,-11.02904],[34.95022,-11.0275],[34.95329,-11.0279],[34.95339,-11.02664],[34.95496,-11.02574],[34.95521,-11.02302],[34.95899,-11.02021],[34.9604,-11.02015],[34.96037,-11.01856],[34.96437,-11.01198],[34.96391,-11.01605],[34.9663,-11.02318]]]},"properties":{"region":"Ruvuma","district":"Mbinga","ward":"Nyoni","ward_code":"151"}},{"type":"Feature","geometry":{"type":"Polygon","coordinates":[[[34.90324,-10.96842],[34.90871,-10.96834],[34.91319,-10.98252],[34.91758,-10.99039],[34.91435,-10.99558],[34.91751,-10.99859],[34.91328,-11.00234],[34.9136,-11.01428],[34.9205,-11.02707],[34.92519,-11.02838],[34.92582,-11.03225],[34.92996,-11.03773],[34.92841,-11.04085],[34.93271,-11.04228],[34.93098,-11.06871],[34.92972,-11.06793],[34.91915,-11.06963],[34.91389,-11.06228],[34.90602,-11.06387],[34.90638,-11.06104],[34.89682,-11.06597],[34.89596,-11.06284],[34.89256,-11.05896],[34.88731,-11.05783],[34.88346,-11.05798],[34.88218,-11.05963],[34.87932,-11.05728],[34.87555,-11.05689],[34.87531,-11.05611],[34.86583,-11.05633],[34.85696,-11.05763],[34.85498,-11.05914],[34.85071,-11.05522],[34.84852,-11.05427],[34.84742,-11.05524],[34.83273,-11.04184],[34.82759,-11.03368],[34.82661,-11.02652],[34.82346,-11.02279],[34.81596,-11.00847],[34.82327,-11.00726],[34.83098,-11.00325],[34.83461,-11.01399],[34.83673,-11.01559],[34.83985,-11.01613],[34.84208,-11.01506],[34.84541,-11.00616],[34.85175,-10.99894],[34.86387,-11.00174],[34.86688,-11.00122],[34.87325,-11.00558],[34.87813,-11.00208],[34.87567,-10.99897],[34.87229,-10.9916],[34.87084,-10.98323],[34.87247,-10.98434],[34.88558,-10.97904],[34.88835,-10.97709],[34.89005,-10.97338],[34.8955,-10.97296],[34.90324,-10.96842]]]},"properties":{"region":"Ruvuma","district":"Mbinga","ward":"Mbuji","ward_code":"221"}},{"type":"Feature","geometry":{"type":"Polygon","coordinates":[[[34.83376,-10.93378],[34.83452,-10.94208],[34.83989,-10.94482],[34.84565,-10.95294],[34.84356,-10.95803],[34.84485,-10.9606],[34.84618,-10.96106],[34.85579,-10.96046],[34.8594,-10.95777],[34.86025,-10.95874],[34.86121,-10.95827],[34.86211,-10.95659],[34.86303,-10.95755],[34.86705,-10.9565],[34.8679,-10.95446],[34.86658,-10.95019],[34.86706,-10.9494],[34.8731,-10.9494],[34.87414,-10.9504],[34.87204,-10.95364],[34.87455,-10.95759],[34.87275,-10.96941],[34.87155,-10.97227],[34.86757,-10.97429],[34.86723,-10.97907],[34.87084,-10.98323],[34.87229,-10.9916],[34.87567,-10.99897],[34.87813,-11.00208],[34.87325,-11.00558],[34.86688,-11.00122],[34.86387,-11.00174],[34.85175,-10.99894],[34.84541,-11.00616],[34.84208,-11.01506],[34.83985,-11.01613],[34.83673,-11.01559],[34.83461,-11.01399],[34.83112,-11.00345],[34.82489,-10.99658],[34.82075,-10.99363],[34.807,-10.98684],[34.80278,-10.97439],[34.79816,-10.97091],[34.78759,-10.96649],[34.78307,-10.96176],[34.79137,-10.95437],[34.79665,-10.95099],[34.79689,-10.94914],[34.80062,-10.9491],[34.80402,-10.94572],[34.80704,-10.94694],[34.81283,-10.9471],[34.81792,-10.94187],[34.82263,-10.93973],[34.82402,-10.93674],[34.8259,-10.93767],[34.83376,-10.93378]]]},"properties":{"region":"Ruvuma","district":"Mbinga","ward":"Litembo","ward_code":"231"}},{"type":"Feature","geometry":{"type":"Polygon","coordinates":[[[34.88132,-11.08677],[34.88278,-11.0948],[34.88248,-11.09868],[34.88565,-11.10585],[34.88232,-11.11079],[34.8843,-11.119],[34.86729,-11.11266],[34.86557,-11.11303],[34.86269,-11.11607],[34.86106,-11.12223],[34.85348,-11.1246],[34.84368,-11.12229],[34.83554,-11.12359],[34.83225,-11.12534],[34.82672,-11.1303],[34.82685,-11.13379],[34.81578,-11.14531],[34.8061,-11.13301],[34.79864,-11.12833],[34.79509,-11.11886],[34.79535,-11.11676],[34.80324,-11.11177],[34.80173,-11.10696],[34.805,-11.10456],[34.80961,-11.1039],[34.81317,-11.1017],[34.81725,-11.09611],[34.81975,-11.09458],[34.82306,-11.09371],[34.82493,-11.09505],[34.82531,-11.09314],[34.82732,-11.09186],[34.82671,-11.09047],[34.8298,-11.09069],[34.82974,-11.0898],[34.83115,-11.08987],[34.83253,-11.08829],[34.83765,-11.08717],[34.84272,-11.07869],[34.84776,-11.07535],[34.85155,-11.06991],[34.85882,-11.06408],[34.87349,-11.07213],[34.87872,-11.07621],[34.87961,-11.08315],[34.88132,-11.08677]]]},"properties":{"region":"Ruvuma","district":"Mbinga","ward":"Kambarage","ward_code":"111"}},{"type":"Feature","geometry":{"type":"Polygon","coordinates":[[[34.84715,-11.05503],[34.84852,-11.05427],[34.85071,-11.05522],[34.85882,-11.06408],[34.85155,-11.06991],[34.84776,-11.07535],[34.84272,-11.07869],[34.83765,-11.08717],[34.83253,-11.08829],[34.83115,-11.08987],[34.82974,-11.0898],[34.8298,-11.09069],[34.82671,-11.09047],[34.82732,-11.09186],[34.82531,-11.09314],[34.82493,-11.09505],[34.82306,-11.09371],[34.81975,-11.09458],[34.81725,-11.09611],[34.81317,-11.1017],[34.80961,-11.1039],[34.805,-11.10456],[34.80173,-11.10696],[34.78461,-11.11504],[34.77433,-11.10633],[34.76574,-11.09738],[34.78117,-11.08263],[34.79321,-11.07549],[34.80012,-11.06527],[34.79769,-11.0587],[34.79807,-11.05571],[34.80278,-11.05907],[34.80502,-11.05937],[34.80726,-11.05837],[34.81082,-11.06005],[34.81305,-11.05794],[34.81626,-11.04957],[34.82448,-11.04697],[34.82583,-11.04437],[34.83273,-11.04184],[34.84715,-11.05503]]]},"properties":{"region":"Ruvuma","district":"Mbinga","ward":"Mapera","ward_code":"121"}},{"type":"Feature","geometry":{"type":"Polygon","coordinates":[[[34.71221,-10.98306],[34.7209,-10.98286],[34.71859,-10.98719],[34.71928,-10.98862],[34.72096,-10.99012],[34.72499,-10.99142],[34.72898,-10.99467],[34.73666,-10.98973],[34.73911,-10.99038],[34.73954,-10.99779],[34.73846,-10.99867],[34.74042,-10.99939],[34.74508,-11.00406],[34.74412,-11.00528],[34.7471,-11.00882],[34.75011,-11.00908],[34.75243,-11.01182],[34.75612,-11.01314],[34.7562,-11.01426],[34.7582,-11.01519],[34.76506,-11.01414],[34.76331,-11.02252],[34.76007,-11.02255],[34.7485,-11.03297],[34.72502,-11.04603],[34.72141,-11.03903],[34.71258,-11.03117],[34.70001,-11.0122],[34.69936,-11.00693],[34.69352,-10.99741],[34.69417,-10.99717],[34.69275,-10.98937],[34.69513,-10.98469],[34.69427,-10.98416],[34.69482,-10.98094],[34.71221,-10.98306]]]},"properties":{"region":"Ruvuma","district":"Mbinga","ward":"Kipapa","ward_code":"131"}},{"type":"Feature","geometry":{"type":"Polygon","coordinates":[[[34.81596,-11.00848],[34.82346,-11.02279],[34.82661,-11.02652],[34.82759,-11.03368],[34.83273,-11.04184],[34.82583,-11.04437],[34.82448,-11.04697],[34.81626,-11.04957],[34.81305,-11.05794],[34.81082,-11.06005],[34.80726,-11.05837],[34.80502,-11.05937],[34.80278,-11.05907],[34.79807,-11.05571],[34.79769,-11.0587],[34.80012,-11.06527],[34.79321,-11.07549],[34.78117,-11.08263],[34.76574,-11.09738],[34.76119,-11.09108],[34.75976,-11.08374],[34.75464,-11.07803],[34.75102,-11.07102],[34.73752,-11.05705],[34.73052,-11.05358],[34.72502,-11.04603],[34.7485,-11.03297],[34.76007,-11.02255],[34.76331,-11.02252],[34.76417,-11.01834],[34.76728,-11.01978],[34.77881,-11.02025],[34.78402,-11.01418],[34.78706,-11.01302],[34.79747,-11.00423],[34.79759,-11.00313],[34.80542,-10.99892],[34.81272,-10.9901],[34.82288,-10.99498],[34.83098,-11.00325],[34.82327,-11.00726],[34.81596,-11.00848]]]},"properties":{"region":"Ruvuma","district":"Mbinga","ward":"Maguu","ward_code":"173"}},{"type":"Feature","geometry":{"type":"Polygon","coordinates":[[[34.8843,-11.119],[34.88909,-11.14085],[34.892,-11.16905],[34.88478,-11.19068],[34.88072,-11.20885],[34.87281,-11.2157],[34.86599,-11.22636],[34.85939,-11.23432],[34.85688,-11.24521],[34.85243,-11.25298],[34.85279,-11.25914],[34.85126,-11.25581],[34.84818,-11.25277],[34.84479,-11.23624],[34.83846,-11.21796],[34.83828,-11.20273],[34.83259,-11.18225],[34.8401,-11.17587],[34.84187,-11.17092],[34.83693,-11.16492],[34.83359,-11.16335],[34.8311,-11.16028],[34.82408,-11.15586],[34.81578,-11.14531],[34.82685,-11.13379],[34.82672,-11.1303],[34.83225,-11.12534],[34.83554,-11.12359],[34.84368,-11.12229],[34.85348,-11.1246],[34.86106,-11.12223],[34.86269,-11.11607],[34.86557,-11.11303],[34.86729,-11.11266],[34.8843,-11.119]]]},"properties":{"region":"Ruvuma","district":"Mbinga","ward":"Mikalanga","ward_code":"201"}},{"type":"Feature","geometry":{"type":"Polygon","coordinates":[[[34.80278,-10.97439],[34.807,-10.98684],[34.81272,-10.9901],[34.80542,-10.99892],[34.79759,-11.00313],[34.79747,-11.00423],[34.78706,-11.01302],[34.78402,-11.01418],[34.77881,-11.02025],[34.77588,-11.02037],[34.76728,-11.01978],[34.76417,-11.01834],[34.76506,-11.01414],[34.7582,-11.01519],[34.7562,-11.01426],[34.75612,-11.01314],[34.75243,-11.01182],[34.75011,-11.00908],[34.7471,-11.00882],[34.74412,-11.00528],[34.74508,-11.00406],[34.74042,-10.99939],[34.73846,-10.99867],[34.73954,-10.99779],[34.73911,-10.99038],[34.73666,-10.98973],[34.72898,-10.99467],[34.72499,-10.99142],[34.72096,-10.99012],[34.71928,-10.98862],[34.71859,-10.98719],[34.7209,-10.98286],[34.70458,-10.98261],[34.69482,-10.98094],[34.69981,-10.97532],[34.70717,-10.96333],[34.71813,-10.95092],[34.72691,-10.9443],[34.73436,-10.94174],[34.75001,-10.93419],[34.75115,-10.93183],[34.75337,-10.94111],[34.75554,-10.94369],[34.76532,-10.95077],[34.77744,-10.95536],[34.78759,-10.96649],[34.80029,-10.97247],[34.80278,-10.97439]]]},"properties":{"region":"Ruvuma","district":"Mbinga","ward":"Langiro","ward_code":"211"}},{"type":"Feature","geometry":{"type":"Polygon","coordinates":[[[34.98871,-10.31915],[34.98951,-10.32054],[34.99293,-10.31882],[34.99606,-10.32002],[34.99402,-10.33063],[34.99562,-10.3327],[34.99494,-10.33587],[34.99566,-10.33804],[34.99409,-10.34256],[34.99226,-10.34415],[34.99357,-10.34761],[34.99169,-10.35046],[34.99119,-10.35379],[34.98767,-10.35868],[34.98913,-10.36061],[34.98824,-10.36579],[34.98424,-10.36967],[34.98392,-10.37116],[34.98609,-10.37195],[34.98858,-10.37509],[34.98597,-10.37625],[34.98829,-10.38004],[34.98889,-10.38059],[34.99324,-10.37933],[34.99554,-10.3822],[34.99638,-10.38132],[34.99619,-10.37907],[34.9934,-10.37638],[34.99344,-10.37538],[34.99583,-10.37539],[34.99749,-10.3728],[34.99958,-10.3732],[35.00123,-10.37581],[35.00284,-10.37587],[35.00325,-10.3774],[35.00486,-10.37852],[35.00661,-10.37469],[35.01186,-10.37523],[35.0122,-10.37893],[35.01102,-10.38101],[35.00238,-10.3824],[35.00395,-10.38531],[35.00685,-10.38447],[35.00987,-10.38667],[35.00948,-10.38746],[35.00336,-10.38837],[35.00276,-10.38673],[35.0011,-10.38728],[35.00279,-10.39035],[35.00232,-10.39294],[35.00471,-10.39348],[35.00551,-10.39525],[35.00435,-10.39648],[34.99843,-10.39579],[34.99971,-10.39762],[34.99808,-10.3994],[34.99826,-10.4007],[34.99904,-10.4019],[35.00235,-10.39977],[35.00399,-10.39982],[35.0032,-10.4037],[35.00502,-10.40434],[35.0068,-10.40311],[35.00816,-10.40613],[35.00951,-10.40613],[35.00902,-10.41209],[35.00731,-10.41517],[35.00947,-10.41796],[35.0086,-10.4196],[35.00634,-10.41998],[35.0076,-10.42594],[35.00908,-10.42656],[35.00821,-10.42852],[35.0104,-10.42848],[35.01234,-10.42399],[35.0146,-10.4235],[35.01545,-10.42452],[35.01589,-10.42202],[35.01789,-10.42312],[35.01915,-10.4217],[35.01941,-10.42407],[35.02219,-10.42537],[35.02202,-10.4271],[35.02291,-10.42779],[35.02347,-10.42654],[35.02648,-10.42662],[35.02741,-10.42522],[35.02714,-10.42788],[35.02332,-10.42909],[35.02489,-10.43122],[35.02485,-10.43347],[35.02385,-10.43436],[35.02983,-10.43871],[35.026,-10.44168],[35.02746,-10.44313],[35.0251,-10.44588],[35.01983,-10.4489],[35.02271,-10.45074],[35.02214,-10.45336],[35.02519,-10.45578],[35.02167,-10.46058],[35.02522,-10.46214],[35.02148,-10.46404],[35.02006,-10.46276],[35.01874,-10.46304],[35.01858,-10.46591],[35.01578,-10.46828],[35.01065,-10.46859],[35.01033,-10.46984],[35.0085,-10.46965],[35.00726,-10.46719],[35.00555,-10.46965],[35.00742,-10.47087],[35.00485,-10.47068],[35.00529,-10.47293],[35.00203,-10.47424],[35.00308,-10.47642],[34.99894,-10.47908],[34.99558,-10.4778],[34.99631,-10.48021],[34.99564,-10.48139],[34.99352,-10.48186],[34.99662,-10.48443],[34.99377,-10.48611],[34.99524,-10.48706],[34.99254,-10.48882],[34.99432,-10.49035],[34.99139,-10.49176],[34.99161,-10.49293],[34.99449,-10.49311],[34.99537,-10.49481],[34.9981,-10.49525],[34.99851,-10.49411],[34.99973,-10.49454],[35.00012,-10.49676],[34.99894,-10.49818],[35.00069,-10.49974],[34.99884,-10.5009],[35.00339,-10.50236],[35.00002,-10.50448],[35.00067,-10.5054],[35.00242,-10.50518],[35.00281,-10.50641],[35.00446,-10.50684],[35.00443,-10.508],[35.00835,-10.50914],[35.00647,-10.51099],[35.00893,-10.51202],[35.00444,-10.51432],[35.00494,-10.51526],[35.00625,-10.51423],[35.00588,-10.51593],[35.0094,-10.51719],[35.00849,-10.51906],[35.01096,-10.5212],[35.00881,-10.52416],[35.00983,-10.5271],[35.00872,-10.52768],[35.00632,-10.52559],[35.00586,-10.52675],[35.00661,-10.52951],[35.00811,-10.53041],[35.00408,-10.53298],[35.00659,-10.53397],[35.00508,-10.53702],[35.00527,-10.53935],[35.00368,-10.53906],[35.00457,-10.5435],[35.00399,-10.54468],[35.00551,-10.54555],[35.00329,-10.55373],[35.00371,-10.56107],[35.005,-10.5617],[35.00438,-10.5633],[35.00581,-10.56451],[35.00593,-10.56735],[35.00853,-10.56843],[35.00859,-10.57065],[35.01068,-10.57169],[35.01109,-10.57023],[35.0118,-10.5704],[35.01344,-10.5722],[35.01489,-10.57184],[35.01562,-10.57299],[35.01725,-10.57247],[35.0174,-10.5738],[35.01995,-10.5724],[35.02144,-10.57009],[35.02333,-10.57016],[35.02271,-10.57267],[35.02427,-10.57423],[35.02596,-10.57398],[35.02741,-10.57897],[35.03065,-10.57833],[35.03672,-10.58488],[35.0382,-10.58289],[35.0386,-10.57925],[35.03956,-10.579],[35.04007,-10.58022],[35.04213,-10.5803],[35.04357,-10.58147],[35.05179,-10.58068],[35.06336,-10.59335],[35.06977,-10.59493],[35.07273,-10.59762],[35.07434,-10.60013],[35.07395,-10.60191],[35.08016,-10.6143],[35.08011,-10.61749],[35.08274,-10.62495],[35.07664,-10.6318],[35.06088,-10.65301],[35.04316,-10.64785],[35.03657,-10.64464],[35.02199,-10.64247],[35.02007,-10.6414],[35.00985,-10.64233],[34.99609,-10.64517],[34.98334,-10.64274],[34.97428,-10.64531],[34.96984,-10.64807],[34.96213,-10.657],[34.95693,-10.65967],[34.95071,-10.65932],[34.95029,-10.65831],[34.94363,-10.65915],[34.93528,-10.66422],[34.92393,-10.66895],[34.91975,-10.66955],[34.91852,-10.66384],[34.91663,-10.66159],[34.9083,-10.66068],[34.89894,-10.66105],[34.90088,-10.64698],[34.89884,-10.63883],[34.90039,-10.62709],[34.89952,-10.61894],[34.89391,-10.60661],[34.88522,-10.59579],[34.88456,-10.58987],[34.87519,-10.57951],[34.87003,-10.56093],[34.86863,-10.54406],[34.86669,-10.53572],[34.86682,-10.52243],[34.8694,-10.51615],[34.87084,-10.50622],[34.8863,-10.4669],[34.89018,-10.45171],[34.9039,-10.42353],[34.90672,-10.4038],[34.91526,-10.39126],[34.92814,-10.38636],[34.94348,-10.36305],[34.95153,-10.34776],[34.94521,-10.3424],[34.94948,-10.33803],[34.94973,-10.3338],[34.95204,-10.33455],[34.95462,-10.33378],[34.95697,-10.32825],[34.96052,-10.32481],[34.96797,-10.32673],[34.97,-10.3261],[34.97314,-10.32776],[34.97497,-10.32678],[34.97349,-10.32256],[34.97359,-10.31851],[34.97547,-10.31411],[34.98266,-10.31251],[34.9894,-10.31861],[34.98871,-10.31915]]]},"properties":{"region":"Ruvuma","district":"Mbinga","ward":"Ruanda","ward_code":"011"}},{"type":"Feature","geometry":{"type":"MultiPolygon","coordinates":[[[[35.1155,-10.19211],[35.11398,-10.19245],[35.11551,-10.19211],[35.1155,-10.19211]]],[[[35.08073,-10.19575],[35.08151,-10.19813],[35.08302,-10.19895],[35.08602,-10.1956],[35.08869,-10.19405],[35.09022,-10.19466],[35.09171,-10.19615],[35.0919,-10.19778],[35.0891,-10.20044],[35.08867,-10.20225],[35.08943,-10.20337],[35.10074,-10.19979],[35.10266,-10.20114],[35.10489,-10.20556],[35.10667,-10.20611],[35.11109,-10.20198],[35.11793,-10.20127],[35.11837,-10.19695],[35.11728,-10.19567],[35.11389,-10.19478],[35.11284,-10.19345],[35.1133,-10.1926],[35.11817,-10.19235],[35.12302,-10.19046],[35.12536,-10.19097],[35.12313,-10.20143],[35.12208,-10.20301],[35.1185,-10.20498],[35.11862,-10.20631],[35.12288,-10.20831],[35.12434,-10.21257],[35.12955,-10.20675],[35.12782,-10.21248],[35.1307,-10.2215],[35.13366,-10.22131],[35.13479,-10.21733],[35.13752,-10.21606],[35.1399,-10.2172],[35.13982,-10.2212],[35.13691,-10.22302],[35.13393,-10.22683],[35.13424,-10.22866],[35.13789,-10.22845],[35.13792,-10.23812],[35.14108,-10.24025],[35.13645,-10.24451],[35.1374,-10.24663],[35.13674,-10.25236],[35.13874,-10.25234],[35.14035,-10.24656],[35.14818,-10.24267],[35.14972,-10.24341],[35.14949,-10.24755],[35.14527,-10.25215],[35.14489,-10.25549],[35.14612,-10.25634],[35.1484,-10.25521],[35.15062,-10.25708],[35.1515,-10.25935],[35.15006,-10.26158],[35.15241,-10.26571],[35.15267,-10.26838],[35.15037,-10.26986],[35.14582,-10.26931],[35.1458,-10.27326],[35.1426,-10.27349],[35.14101,-10.27686],[35.14,-10.27663],[35.13974,-10.27332],[35.13441,-10.27726],[35.13248,-10.28966],[35.12741,-10.30018],[35.13206,-10.30349],[35.13664,-10.30427],[35.14209,-10.31026],[35.14002,-10.31323],[35.14069,-10.31494],[35.14298,-10.31646],[35.14313,-10.31931],[35.1413,-10.32259],[35.13821,-10.32515],[35.14007,-10.32401],[35.14206,-10.32523],[35.15257,-10.32505],[35.15856,-10.32305],[35.16304,-10.32391],[35.1667,-10.32271],[35.17082,-10.32331],[35.17711,-10.32638],[35.18076,-10.32527],[35.18096,-10.32815],[35.176,-10.33331],[35.17871,-10.33271],[35.17629,-10.33376],[35.17201,-10.33906],[35.1778,-10.34006],[35.17832,-10.34156],[35.17683,-10.34379],[35.17999,-10.34353],[35.17968,-10.34591],[35.18143,-10.34591],[35.18083,-10.34752],[35.18468,-10.34904],[35.18522,-10.35114],[35.18956,-10.35018],[35.19128,-10.35134],[35.18989,-10.35282],[35.19128,-10.35576],[35.19039,-10.35895],[35.19102,-10.36172],[35.19516,-10.3647],[35.19246,-10.36736],[35.19319,-10.37093],[35.19529,-10.36998],[35.18945,-10.37887],[35.19005,-10.38423],[35.18615,-10.38611],[35.18662,-10.38741],[35.18956,-10.38944],[35.18999,-10.39158],[35.18908,-10.39377],[35.18322,-10.39616],[35.18121,-10.39568],[35.18077,-10.39733],[35.17923,-10.39634],[35.17877,-10.39791],[35.17953,-10.39875],[35.17692,-10.39985],[35.17495,-10.40278],[35.17146,-10.40483],[35.17402,-10.4059],[35.17262,-10.40917],[35.16936,-10.40933],[35.16755,-10.40622],[35.16658,-10.40861],[35.16472,-10.40988],[35.1656,-10.41638],[35.16467,-10.41741],[35.16245,-10.41737],[35.1643,-10.4232],[35.16348,-10.43026],[35.16579,-10.43104],[35.1662,-10.43425],[35.16523,-10.43639],[35.16206,-10.43738],[35.16019,-10.4409],[35.15702,-10.44246],[35.15896,-10.44683],[35.1585,-10.44965],[35.15728,-10.44925],[35.15818,-10.45202],[35.15655,-10.45341],[35.1585,-10.45414],[35.15874,-10.45537],[35.15716,-10.45576],[35.1575,-10.45691],[35.15547,-10.4575],[35.15598,-10.45882],[35.15495,-10.46077],[35.15286,-10.46109],[35.15361,-10.46229],[35.15276,-10.46192],[35.15212,-10.46337],[35.14985,-10.46462],[35.15093,-10.46561],[35.15083,-10.46731],[35.15268,-10.46795],[35.1509,-10.4686],[35.14929,-10.46765],[35.14536,-10.46916],[35.14379,-10.46817],[35.14379,-10.46991],[35.14094,-10.47136],[35.13987,-10.47351],[35.13574,-10.47414],[35.13641,-10.47552],[35.13373,-10.47572],[35.13195,-10.47871],[35.12951,-10.47777],[35.12873,-10.48077],[35.12728,-10.47973],[35.12715,-10.48069],[35.12435,-10.48127],[35.1269,-10.48225],[35.12574,-10.4842],[35.12558,-10.48853],[35.12695,-10.48896],[35.12635,-10.48996],[35.12709,-10.49121],[35.12588,-10.49219],[35.12808,-10.49501],[35.12752,-10.49607],[35.12919,-10.49654],[35.1294,-10.4976],[35.12831,-10.49846],[35.1291,-10.50118],[35.12832,-10.50296],[35.12915,-10.50456],[35.13053,-10.50449],[35.13012,-10.50539],[35.13103,-10.50619],[35.13032,-10.50827],[35.12911,-10.50803],[35.12966,-10.50953],[35.12842,-10.51118],[35.12961,-10.51177],[35.12867,-10.51436],[35.13031,-10.51505],[35.12907,-10.51878],[35.13135,-10.52027],[35.12953,-10.52087],[35.13092,-10.52319],[35.12917,-10.52355],[35.13055,-10.52566],[35.12863,-10.52737],[35.12905,-10.52841],[35.12822,-10.52888],[35.12969,-10.52977],[35.12808,-10.53075],[35.12802,-10.53184],[35.12932,-10.53202],[35.12884,-10.53337],[35.13108,-10.53225],[35.13118,-10.53358],[35.13274,-10.53356],[35.1318,-10.53467],[35.13329,-10.53646],[35.13207,-10.53725],[35.13369,-10.53792],[35.13319,-10.53955],[35.13423,-10.54164],[35.13142,-10.5453],[35.13192,-10.54987],[35.13084,-10.55054],[35.13207,-10.55111],[35.13311,-10.55408],[35.13674,-10.55638],[35.13825,-10.55438],[35.14012,-10.55507],[35.14265,-10.55412],[35.14862,-10.55854],[35.14895,-10.55973],[35.15182,-10.56161],[35.15064,-10.56698],[35.13318,-10.5908],[35.12678,-10.60103],[35.12386,-10.60797],[35.11704,-10.61594],[35.11317,-10.61775],[35.09402,-10.62102],[35.08707,-10.62461],[35.08259,-10.62414],[35.08011,-10.61749],[35.08016,-10.6143],[35.07395,-10.60191],[35.07434,-10.60013],[35.07273,-10.59762],[35.06977,-10.59493],[35.06336,-10.59335],[35.05179,-10.58068],[35.04357,-10.58147],[35.04213,-10.5803],[35.04007,-10.58022],[35.03956,-10.579],[35.0386,-10.57925],[35.0382,-10.58289],[35.03672,-10.58488],[35.03065,-10.57833],[35.02741,-10.57897],[35.02596,-10.57398],[35.02427,-10.57423],[35.02271,-10.57267],[35.02333,-10.57016],[35.02144,-10.57009],[35.01995,-10.5724],[35.0174,-10.5738],[35.01725,-10.57247],[35.01562,-10.57299],[35.01489,-10.57184],[35.01344,-10.5722],[35.0118,-10.5704],[35.01109,-10.57023],[35.01068,-10.57169],[35.00859,-10.57065],[35.00853,-10.56843],[35.00593,-10.56735],[35.00581,-10.56451],[35.00438,-10.5633],[35.005,-10.5617],[35.00371,-10.56107],[35.00329,-10.55373],[35.00551,-10.54555],[35.00399,-10.54468],[35.00457,-10.5435],[35.00368,-10.53906],[35.00527,-10.53935],[35.00508,-10.53702],[35.00659,-10.53397],[35.00408,-10.53298],[35.00811,-10.53041],[35.00661,-10.52951],[35.00586,-10.52675],[35.00632,-10.52559],[35.00872,-10.52768],[35.00983,-10.5271],[35.00881,-10.52416],[35.01096,-10.5212],[35.00849,-10.51906],[35.0094,-10.51719],[35.00588,-10.51593],[35.00625,-10.51423],[35.00494,-10.51526],[35.00444,-10.51432],[35.00893,-10.51202],[35.00647,-10.51099],[35.00835,-10.50914],[35.00443,-10.508],[35.00446,-10.50684],[35.00281,-10.50641],[35.00242,-10.50518],[35.00067,-10.5054],[35.00002,-10.50448],[35.00339,-10.50236],[34.99884,-10.5009],[35.00069,-10.49974],[34.99894,-10.49818],[35.00012,-10.49676],[34.99973,-10.49454],[34.99851,-10.49411],[34.9981,-10.49525],[34.99537,-10.49481],[34.99449,-10.49311],[34.99161,-10.49293],[34.99139,-10.49176],[34.99432,-10.49035],[34.99254,-10.48882],[34.99524,-10.48706],[34.99377,-10.48611],[34.99662,-10.48443],[34.99352,-10.48186],[34.99564,-10.48139],[34.99631,-10.48021],[34.99558,-10.4778],[34.99894,-10.47908],[35.00308,-10.47642],[35.00203,-10.47424],[35.00529,-10.47293],[35.00485,-10.47068],[35.00742,-10.47087],[35.00555,-10.46965],[35.00726,-10.46719],[35.0085,-10.46965],[35.01033,-10.46984],[35.01065,-10.46859],[35.01578,-10.46828],[35.01858,-10.46591],[35.01874,-10.46304],[35.02006,-10.46276],[35.02148,-10.46404],[35.02522,-10.46214],[35.02167,-10.46058],[35.02519,-10.45578],[35.02214,-10.45336],[35.02271,-10.45074],[35.01983,-10.4489],[35.0251,-10.44588],[35.02746,-10.44313],[35.026,-10.44168],[35.02983,-10.43871],[35.02385,-10.43436],[35.02485,-10.43347],[35.02489,-10.43122],[35.02332,-10.42909],[35.02714,-10.42788],[35.02741,-10.42522],[35.02648,-10.42662],[35.02347,-10.42654],[35.02291,-10.42779],[35.02202,-10.4271],[35.02219,-10.42537],[35.01941,-10.42407],[35.01915,-10.4217],[35.01789,-10.42312],[35.01589,-10.42202],[35.01545,-10.42452],[35.0146,-10.4235],[35.01234,-10.42399],[35.0104,-10.42848],[35.00821,-10.42852],[35.00908,-10.42656],[35.0076,-10.42594],[35.00634,-10.41998],[35.0086,-10.4196],[35.00947,-10.41796],[35.00731,-10.41517],[35.00902,-10.41209],[35.00951,-10.40613],[35.00816,-10.40613],[35.0068,-10.40311],[35.00502,-10.40434],[35.0032,-10.4037],[35.00399,-10.39982],[35.00235,-10.39977],[34.99904,-10.4019],[34.99826,-10.4007],[34.99808,-10.3994],[34.99971,-10.39762],[34.99843,-10.39579],[35.00435,-10.39648],[35.00551,-10.39525],[35.00471,-10.39348],[35.00232,-10.39294],[35.00279,-10.39035],[35.0011,-10.38728],[35.00276,-10.38673],[35.00336,-10.38837],[35.00948,-10.38746],[35.00987,-10.38667],[35.00685,-10.38447],[35.00395,-10.38531],[35.00238,-10.3824],[35.01102,-10.38101],[35.0122,-10.37893],[35.01186,-10.37523],[35.00661,-10.37469],[35.00486,-10.37852],[35.00325,-10.3774],[35.00284,-10.37587],[35.00123,-10.37581],[34.99958,-10.3732],[34.99749,-10.3728],[34.99583,-10.37539],[34.99344,-10.37538],[34.9934,-10.37638],[34.99619,-10.37907],[34.99638,-10.38132],[34.99554,-10.3822],[34.99324,-10.37933],[34.98889,-10.38059],[34.98829,-10.38004],[34.98597,-10.37625],[34.98858,-10.37509],[34.98609,-10.37195],[34.98392,-10.37116],[34.98424,-10.36967],[34.98824,-10.36579],[34.98913,-10.36061],[34.98767,-10.35868],[34.99119,-10.35379],[34.99169,-10.35046],[34.99357,-10.34761],[34.99226,-10.34415],[34.99409,-10.34256],[34.99566,-10.33804],[34.99494,-10.33587],[34.99562,-10.3327],[34.99402,-10.33063],[34.99606,-10.32002],[34.99293,-10.31882],[34.98951,-10.32054],[34.98871,-10.31915],[34.99081,-10.3173],[34.9916,-10.31519],[34.9963,-10.31327],[34.99909,-10.31038],[35.00515,-10.31182],[35.00924,-10.31486],[35.01256,-10.31367],[35.01427,-10.31134],[35.01231,-10.30519],[35.00906,-10.30031],[35.00296,-10.29627],[34.99998,-10.29131],[34.99834,-10.28572],[34.99618,-10.28525],[34.99441,-10.28769],[34.99608,-10.2949],[34.99464,-10.29785],[34.99204,-10.29879],[34.98628,-10.29834],[34.98406,-10.29627],[34.98366,-10.29479],[34.98788,-10.29189],[34.98709,-10.2898],[34.98526,-10.28951],[34.98306,-10.28683],[34.9836,-10.28472],[34.98938,-10.28243],[34.98967,-10.27936],[34.98855,-10.27692],[34.98387,-10.27178],[34.98541,-10.26713],[34.98732,-10.26556],[34.99287,-10.26224],[34.99404,-10.2639],[34.99111,-10.26732],[34.99364,-10.27061],[34.99911,-10.26883],[35.00429,-10.27035],[35.00593,-10.269],[35.00996,-10.27007],[35.01198,-10.26915],[35.01071,-10.26524],[35.00637,-10.26243],[35.00506,-10.25864],[35.00389,-10.25776],[35.00182,-10.25797],[34.99991,-10.25578],[34.99804,-10.25105],[34.99451,-10.25057],[34.99236,-10.24393],[34.99301,-10.24289],[34.99592,-10.24371],[34.99723,-10.24296],[34.99833,-10.2386],[35.0017,-10.24028],[35.0061,-10.23798],[35.00477,-10.23503],[35.00519,-10.23359],[35.00987,-10.23232],[35.01138,-10.23054],[35.01161,-10.22974],[35.01015,-10.22894],[35.0006,-10.22726],[35.00054,-10.22604],[35.00288,-10.22283],[35.00532,-10.22164],[35.00535,-10.21988],[35.00697,-10.21773],[35.00721,-10.21366],[35.00856,-10.2115],[35.01133,-10.2127],[35.01583,-10.21135],[35.01365,-10.20751],[35.01459,-10.20581],[35.01631,-10.2058],[35.01968,-10.20932],[35.0234,-10.20814],[35.02407,-10.20483],[35.02603,-10.20311],[35.02559,-10.20201],[35.02813,-10.20285],[35.03032,-10.20777],[35.03496,-10.20789],[35.03718,-10.21174],[35.03862,-10.21106],[35.03899,-10.20965],[35.03747,-10.20673],[35.0387,-10.20364],[35.04421,-10.20528],[35.04631,-10.20281],[35.05069,-10.20295],[35.05409,-10.19815],[35.05508,-10.19851],[35.05652,-10.20292],[35.05871,-10.20523],[35.0655,-10.20618],[35.06777,-10.20794],[35.06982,-10.20717],[35.07055,-10.20577],[35.07233,-10.2056],[35.07189,-10.20218],[35.06744,-10.20308],[35.0639,-10.20108],[35.06387,-10.19997],[35.06463,-10.1988],[35.07027,-10.19851],[35.06821,-10.19444],[35.07044,-10.19252],[35.07227,-10.19318],[35.0735,-10.19621],[35.07762,-10.19723],[35.07892,-10.19611],[35.07755,-10.19302],[35.07771,-10.1879],[35.07887,-10.1859],[35.0805,-10.1856],[35.08222,-10.18627],[35.08283,-10.18805],[35.08073,-10.19575]]]]},"properties":{"region":"Ruvuma","district":"Mbinga","ward":"Litumbandyosi","ward_code":"021"}},{"type":"Feature","geometry":{"type":"Polygon","coordinates":[[[34.86682,-10.52243],[34.86669,-10.53572],[34.86863,-10.54406],[34.86849,-10.54864],[34.87144,-10.56759],[34.87519,-10.57951],[34.88456,-10.58987],[34.88522,-10.59579],[34.89391,-10.60661],[34.89667,-10.61325],[34.89435,-10.61479],[34.8929,-10.61297],[34.8892,-10.61258],[34.88575,-10.61341],[34.88496,-10.61239],[34.88271,-10.61362],[34.87959,-10.61346],[34.87771,-10.61492],[34.87325,-10.6148],[34.87133,-10.61567],[34.86496,-10.6139],[34.8648,-10.61195],[34.86002,-10.61221],[34.85736,-10.61336],[34.85467,-10.61209],[34.85083,-10.61251],[34.84605,-10.60741],[34.83407,-10.61048],[34.8308,-10.6068],[34.82812,-10.61022],[34.82454,-10.60732],[34.81954,-10.61084],[34.80655,-10.60636],[34.80261,-10.60671],[34.79675,-10.60394],[34.79574,-10.604],[34.79606,-10.60628],[34.79574,-10.604],[34.79615,-10.5956],[34.79505,-10.59064],[34.79117,-10.58435],[34.7879,-10.57474],[34.78399,-10.5702],[34.76845,-10.56177],[34.76189,-10.56028],[34.75815,-10.56053],[34.73991,-10.544],[34.75426,-10.54213],[34.7837,-10.52442],[34.78283,-10.52096],[34.78652,-10.51995],[34.7967,-10.52273],[34.79986,-10.5223],[34.806,-10.52434],[34.80826,-10.5231],[34.81249,-10.51714],[34.81523,-10.51122],[34.81454,-10.50046],[34.8179,-10.49193],[34.85762,-10.46388],[34.86824,-10.45926],[34.87431,-10.43704],[34.90672,-10.4038],[34.9039,-10.42353],[34.89018,-10.45171],[34.8863,-10.4669],[34.87084,-10.50622],[34.8694,-10.51615],[34.86682,-10.52243]]]},"properties":{"region":"Ruvuma","district":"Mbinga","ward":"Namswea","ward_code":"061"}},{"type":"Feature","geometry":{"type":"Polygon","coordinates":[[[34.73991,-10.544],[34.75815,-10.56053],[34.76189,-10.56028],[34.76845,-10.56177],[34.78399,-10.5702],[34.78644,-10.57293],[34.7879,-10.57474],[34.7928,-10.58776],[34.79505,-10.59064],[34.79615,-10.5956],[34.79574,-10.604],[34.79606,-10.60628],[34.79574,-10.604],[34.79675,-10.60394],[34.80261,-10.60671],[34.80655,-10.60636],[34.81954,-10.61084],[34.82454,-10.60732],[34.82812,-10.61022],[34.8308,-10.6068],[34.83407,-10.61048],[34.84605,-10.60741],[34.85083,-10.61251],[34.85467,-10.61209],[34.85736,-10.61336],[34.86002,-10.61221],[34.8648,-10.61195],[34.86496,-10.6139],[34.87133,-10.61567],[34.87325,-10.6148],[34.87771,-10.61492],[34.87959,-10.61346],[34.88271,-10.61362],[34.88496,-10.61239],[34.88575,-10.61341],[34.8892,-10.61258],[34.8929,-10.61297],[34.89435,-10.61479],[34.89667,-10.61325],[34.89952,-10.61894],[34.90039,-10.62709],[34.89884,-10.63883],[34.90088,-10.64698],[34.89894,-10.66105],[34.89417,-10.67147],[34.8738,-10.64635],[34.87056,-10.64973],[34.85623,-10.63373],[34.82983,-10.64463],[34.80982,-10.65928],[34.8084,-10.65926],[34.80881,-10.65749],[34.80649,-10.65844],[34.805,-10.66252],[34.80249,-10.65864],[34.80097,-10.65995],[34.80182,-10.66089],[34.80105,-10.6631],[34.80282,-10.66479],[34.7977,-10.66924],[34.79604,-10.67561],[34.7929,-10.675],[34.78688,-10.6782],[34.78237,-10.67881],[34.77795,-10.67762],[34.74943,-10.6867],[34.73955,-10.68368],[34.72512,-10.67435],[34.73376,-10.67454],[34.73565,-10.67669],[34.73824,-10.67756],[34.73988,-10.67533],[34.73958,-10.66785],[34.73671,-10.65472],[34.73241,-10.64849],[34.72645,-10.64498],[34.72211,-10.6371],[34.69231,-10.61259],[34.7037,-10.57862],[34.71037,-10.56874],[34.71771,-10.56204],[34.71865,-10.55671],[34.72972,-10.54533],[34.73991,-10.544]]]},"properties":{"region":"Ruvuma","district":"Mbinga","ward":"Muungano","ward_code":"251"}},{"type":"Feature","geometry":{"type":"Polygon","coordinates":[[[34.84461,-10.91951],[34.8509,-10.92124],[34.85224,-10.92021],[34.85336,-10.92094],[34.85809,-10.9196],[34.85898,-10.92106],[34.86463,-10.91895],[34.86589,-10.92135],[34.87001,-10.92217],[34.872,-10.92754],[34.87476,-10.92667],[34.8774,-10.92908],[34.87809,-10.92806],[34.87921,-10.92857],[34.87952,-10.9299],[34.87816,-10.93085],[34.88118,-10.93301],[34.88208,-10.93815],[34.88324,-10.93782],[34.88446,-10.93563],[34.88672,-10.93522],[34.88957,-10.93878],[34.87968,-10.94609],[34.87325,-10.94714],[34.8731,-10.9494],[34.86706,-10.9494],[34.86658,-10.95019],[34.8679,-10.95446],[34.86705,-10.9565],[34.86303,-10.95755],[34.86211,-10.95659],[34.86121,-10.95827],[34.86025,-10.95874],[34.8594,-10.95777],[34.85579,-10.96046],[34.84805,-10.96118],[34.84485,-10.9606],[34.84356,-10.95803],[34.84565,-10.95294],[34.83989,-10.94482],[34.83452,-10.94208],[34.839,-10.92847],[34.83947,-10.92426],[34.83749,-10.92438],[34.83769,-10.92305],[34.83575,-10.91966],[34.83564,-10.91914],[34.84229,-10.91786],[34.84461,-10.91951]]]},"properties":{"region":"Ruvuma","district":"Mbinga","ward":"Wukiro","ward_code":"101"}},{"type":"Feature","geometry":{"type":"Polygon","coordinates":[[[34.83478,-10.86756],[34.83867,-10.8775],[34.84429,-10.88768],[34.84144,-10.88976],[34.83922,-10.89553],[34.83154,-10.90491],[34.81516,-10.90984],[34.81153,-10.9118],[34.80846,-10.90046],[34.80443,-10.89312],[34.80174,-10.89126],[34.79843,-10.88005],[34.79414,-10.87537],[34.79038,-10.87301],[34.80298,-10.86941],[34.80809,-10.86939],[34.80991,-10.86678],[34.81701,-10.86933],[34.8212,-10.86711],[34.82161,-10.86317],[34.82058,-10.85843],[34.8247,-10.8548],[34.82669,-10.85437],[34.83328,-10.85717],[34.83478,-10.86756]]]},"properties":{"region":"Ruvuma","district":"Mbinga","ward":"Kipololo","ward_code":"141"}},{"type":"Feature","geometry":{"type":"Polygon","coordinates":[[[34.86186,-10.89889],[34.8689,-10.90596],[34.87011,-10.90587],[34.87722,-10.91177],[34.88209,-10.91297],[34.88952,-10.91131],[34.89532,-10.90818],[34.89523,-10.91106],[34.89862,-10.91751],[34.89853,-10.92233],[34.90403,-10.92598],[34.90531,-10.9278],[34.90738,-10.92826],[34.90999,-10.93399],[34.90257,-10.93591],[34.89339,-10.93662],[34.88957,-10.93878],[34.88672,-10.93522],[34.88446,-10.93563],[34.88324,-10.93782],[34.88208,-10.93815],[34.88118,-10.93301],[34.87816,-10.93085],[34.87952,-10.9299],[34.87921,-10.92857],[34.87809,-10.92806],[34.8774,-10.92908],[34.87476,-10.92667],[34.872,-10.92754],[34.87001,-10.92217],[34.86589,-10.92135],[34.86463,-10.91895],[34.85898,-10.92106],[34.85809,-10.9196],[34.85336,-10.92094],[34.85224,-10.92021],[34.8509,-10.92124],[34.84461,-10.91951],[34.84229,-10.91786],[34.83564,-10.91914],[34.83769,-10.92305],[34.83749,-10.92438],[34.83947,-10.92426],[34.83741,-10.93405],[34.8347,-10.94093],[34.83345,-10.93916],[34.83376,-10.93378],[34.8259,-10.93767],[34.82402,-10.93674],[34.82646,-10.93151],[34.819,-10.92601],[34.81719,-10.92557],[34.81532,-10.92297],[34.81153,-10.9118],[34.81516,-10.90984],[34.83154,-10.90491],[34.83922,-10.89553],[34.84144,-10.88976],[34.84429,-10.88768],[34.84888,-10.89376],[34.8553,-10.89736],[34.86186,-10.89889]]]},"properties":{"region":"Ruvuma","district":"Mbinga","ward":"Ngima","ward_code":"241"}},{"type":"Feature","geometry":{"type":"Polygon","coordinates":[[[34.81238,-10.82563],[34.81963,-10.82886],[34.81968,-10.83102],[34.82059,-10.83184],[34.82352,-10.83155],[34.82637,-10.83289],[34.82776,-10.83184],[34.83243,-10.83236],[34.83413,-10.83147],[34.83605,-10.82853],[34.83896,-10.82664],[34.83883,-10.82542],[34.84343,-10.82714],[34.85064,-10.8323],[34.85633,-10.83221],[34.85401,-10.83493],[34.85708,-10.84256],[34.85688,-10.84497],[34.85824,-10.8465],[34.86055,-10.84675],[34.86257,-10.8487],[34.86602,-10.85007],[34.87727,-10.85138],[34.88004,-10.85016],[34.88466,-10.8447],[34.88726,-10.84299],[34.89003,-10.84381],[34.8981,-10.85199],[34.89892,-10.85607],[34.9066,-10.86578],[34.90463,-10.86551],[34.90336,-10.87022],[34.90455,-10.87259],[34.9045,-10.87649],[34.90077,-10.88],[34.90729,-10.88276],[34.91,-10.88244],[34.91518,-10.89693],[34.92349,-10.90303],[34.92804,-10.89953],[34.93129,-10.89524],[34.93457,-10.89347],[34.93715,-10.89689],[34.94442,-10.8975],[34.946,-10.89936],[34.95044,-10.89727],[34.9515,-10.90138],[34.95012,-10.90857],[34.94953,-10.90917],[34.94827,-10.90844],[34.94752,-10.91045],[34.94713,-10.90949],[34.94598,-10.91058],[34.94304,-10.9109],[34.94184,-10.90937],[34.93952,-10.91076],[34.93943,-10.91242],[34.93501,-10.91261],[34.93188,-10.91611],[34.93188,-10.91795],[34.92931,-10.91859],[34.92868,-10.92066],[34.92736,-10.92077],[34.92713,-10.92305],[34.92542,-10.92517],[34.92617,-10.92666],[34.92476,-10.9283],[34.92373,-10.92778],[34.92083,-10.93167],[34.91989,-10.93087],[34.91858,-10.93387],[34.9163,-10.93406],[34.91587,-10.93621],[34.91449,-10.93689],[34.91212,-10.93555],[34.90999,-10.93399],[34.90738,-10.92826],[34.90531,-10.9278],[34.90403,-10.92598],[34.89853,-10.92233],[34.89862,-10.91751],[34.89523,-10.91106],[34.89532,-10.90818],[34.88952,-10.91131],[34.88447,-10.91275],[34.87955,-10.91261],[34.87533,-10.9106],[34.87011,-10.90587],[34.8689,-10.90596],[34.86186,-10.89889],[34.8553,-10.89736],[34.84755,-10.89233],[34.83867,-10.8775],[34.83478,-10.86756],[34.83328,-10.85717],[34.82669,-10.85437],[34.8247,-10.8548],[34.82401,-10.85179],[34.8163,-10.84182],[34.81608,-10.83916],[34.81002,-10.83624],[34.80726,-10.83592],[34.80552,-10.83032],[34.81031,-10.8295],[34.81124,-10.82688],[34.81301,-10.82697],[34.81238,-10.82563]]]},"properties":{"region":"Ruvuma","district":"Mbinga","ward":"Mkumbi","ward_code":"261"}},{"type":"Feature","geometry":{"type":"Polygon","coordinates":[[[34.87211,-10.78807],[34.87597,-10.79777],[34.88123,-10.80135],[34.88526,-10.79984],[34.88821,-10.80199],[34.89171,-10.81174],[34.90248,-10.82176],[34.91141,-10.82152],[34.91439,-10.81822],[34.91695,-10.81806],[34.91996,-10.81413],[34.92624,-10.81111],[34.92773,-10.81461],[34.94002,-10.82266],[34.95331,-10.82899],[34.95868,-10.83414],[34.96052,-10.83745],[34.97329,-10.84954],[34.98933,-10.8613],[34.98986,-10.86277],[34.97855,-10.87503],[34.96264,-10.8821],[34.96057,-10.88725],[34.95726,-10.88911],[34.95572,-10.89331],[34.95261,-10.89481],[34.95044,-10.89727],[34.946,-10.89936],[34.94442,-10.8975],[34.93715,-10.89689],[34.93457,-10.89347],[34.93129,-10.89524],[34.92804,-10.89953],[34.92349,-10.90303],[34.91518,-10.89693],[34.91,-10.88244],[34.90729,-10.88276],[34.90077,-10.88],[34.9045,-10.87649],[34.90455,-10.87259],[34.90336,-10.87022],[34.90463,-10.86551],[34.9066,-10.86578],[34.89892,-10.85607],[34.8981,-10.85199],[34.89003,-10.84381],[34.88726,-10.84299],[34.88466,-10.8447],[34.88004,-10.85016],[34.87727,-10.85138],[34.86602,-10.85007],[34.86257,-10.8487],[34.86055,-10.84675],[34.85824,-10.8465],[34.85688,-10.84497],[34.85708,-10.84256],[34.85401,-10.83493],[34.85633,-10.83221],[34.85064,-10.8323],[34.84343,-10.82714],[34.83883,-10.82542],[34.83896,-10.82664],[34.83605,-10.82853],[34.83413,-10.83147],[34.83243,-10.83236],[34.82776,-10.83184],[34.82637,-10.83289],[34.82352,-10.83155],[34.82059,-10.83184],[34.81968,-10.83102],[34.81963,-10.82886],[34.81434,-10.82657],[34.81321,-10.82518],[34.81457,-10.82357],[34.81632,-10.81625],[34.81851,-10.81171],[34.81851,-10.80912],[34.81984,-10.80809],[34.81822,-10.80555],[34.8189,-10.80446],[34.81807,-10.80305],[34.81948,-10.8003],[34.81709,-10.79738],[34.81732,-10.79538],[34.82196,-10.79136],[34.82684,-10.78873],[34.83098,-10.78843],[34.83674,-10.79056],[34.84591,-10.79069],[34.85592,-10.78714],[34.87211,-10.78807]]]},"properties":{"region":"Ruvuma","district":"Mbinga","ward":"Linda","ward_code":"271"}},{"type":"Feature","geometry":{"type":"Polygon","coordinates":[[[34.79336,-10.78231],[34.79919,-10.78581],[34.80226,-10.7855],[34.80618,-10.78747],[34.82025,-10.7835],[34.82315,-10.78352],[34.83098,-10.78843],[34.82684,-10.78873],[34.81869,-10.79364],[34.81732,-10.79538],[34.81709,-10.79738],[34.81948,-10.8003],[34.81807,-10.80305],[34.8189,-10.80446],[34.81822,-10.80555],[34.81984,-10.80809],[34.81851,-10.80912],[34.81851,-10.81171],[34.81632,-10.81625],[34.81508,-10.82213],[34.81238,-10.82563],[34.81301,-10.82697],[34.81124,-10.82688],[34.81031,-10.8295],[34.80534,-10.83069],[34.80726,-10.83592],[34.81002,-10.83624],[34.81608,-10.83916],[34.8163,-10.84182],[34.82401,-10.85179],[34.8247,-10.8548],[34.82058,-10.85843],[34.82161,-10.86317],[34.8212,-10.86711],[34.81701,-10.86933],[34.80991,-10.86678],[34.80809,-10.86939],[34.80298,-10.86941],[34.79038,-10.87301],[34.78658,-10.86927],[34.78332,-10.86779],[34.77991,-10.86824],[34.77794,-10.87238],[34.77161,-10.87192],[34.76629,-10.86704],[34.75458,-10.87426],[34.74558,-10.87684],[34.74203,-10.86865],[34.73582,-10.86253],[34.73219,-10.85478],[34.73532,-10.84508],[34.73586,-10.83722],[34.73972,-10.8294],[34.74845,-10.81496],[34.75241,-10.81134],[34.75431,-10.80333],[34.75573,-10.8018],[34.75876,-10.79306],[34.76162,-10.79358],[34.7625,-10.79135],[34.76406,-10.79111],[34.76428,-10.79224],[34.76569,-10.79152],[34.76544,-10.78935],[34.77108,-10.78919],[34.77118,-10.79118],[34.772,-10.79021],[34.77444,-10.79031],[34.77366,-10.79244],[34.77472,-10.79394],[34.77713,-10.79387],[34.77654,-10.79236],[34.77723,-10.79215],[34.77924,-10.79497],[34.78148,-10.79482],[34.78065,-10.79358],[34.78459,-10.7921],[34.78538,-10.79247],[34.7858,-10.79586],[34.78842,-10.79596],[34.78719,-10.79327],[34.78918,-10.79117],[34.78909,-10.78501],[34.7901,-10.78327],[34.79193,-10.78349],[34.79336,-10.78231]]]},"properties":{"region":"Ruvuma","district":"Mbinga","ward":"Ukata","ward_code":"291"}},{"type":"Feature","geometry":{"type":"Polygon","coordinates":[[[34.98077,-10.95871],[34.98067,-10.96095],[34.97852,-10.96188],[34.9773,-10.96374],[34.97606,-10.96325],[34.97359,-10.96571],[34.96412,-10.96942],[34.96608,-10.97213],[34.96734,-11.00008],[34.96653,-11.00381],[34.96345,-11.00818],[34.96437,-11.01198],[34.96037,-11.01856],[34.9604,-11.02015],[34.95899,-11.02021],[34.95521,-11.02302],[34.95496,-11.02574],[34.95339,-11.02664],[34.95329,-11.0279],[34.95022,-11.0275],[34.94005,-11.02904],[34.93577,-11.0286],[34.93144,-11.02682],[34.92519,-11.02838],[34.9205,-11.02707],[34.9136,-11.01428],[34.91328,-11.00234],[34.91751,-10.99859],[34.91435,-10.99558],[34.91758,-10.99039],[34.91319,-10.98252],[34.91832,-10.98368],[34.92085,-10.98143],[34.92262,-10.97693],[34.92629,-10.97437],[34.92814,-10.97451],[34.92977,-10.96894],[34.9282,-10.96712],[34.93086,-10.96566],[34.9323,-10.9611],[34.93805,-10.9632],[34.94144,-10.963],[34.94703,-10.96438],[34.95316,-10.96305],[34.95664,-10.95868],[34.95889,-10.95903],[34.96661,-10.9462],[34.96664,-10.94379],[34.97129,-10.94029],[34.97109,-10.94383],[34.97492,-10.94648],[34.97687,-10.95347],[34.98077,-10.95871]]]},"properties":{"region":"Ruvuma","district":"Mbinga","ward":"Luwaita","ward_code":"011"}},{"type":"Feature","geometry":{"type":"Polygon","coordinates":[[[34.94238,-10.91026],[34.94598,-10.91058],[34.94432,-10.91143],[34.94071,-10.92067],[34.93274,-10.92762],[34.93442,-10.9326],[34.9336,-10.93686],[34.9376,-10.94343],[34.94035,-10.94298],[34.9406,-10.94596],[34.93658,-10.94724],[34.93394,-10.94924],[34.93216,-10.95319],[34.93069,-10.95407],[34.9326,-10.95916],[34.93086,-10.96566],[34.9282,-10.96712],[34.92977,-10.96894],[34.92814,-10.97451],[34.92629,-10.97437],[34.92262,-10.97693],[34.92085,-10.98143],[34.91832,-10.98368],[34.91319,-10.98252],[34.90871,-10.96834],[34.90324,-10.96842],[34.8955,-10.97296],[34.89005,-10.97338],[34.88835,-10.97709],[34.88558,-10.97904],[34.87247,-10.98434],[34.87084,-10.98323],[34.86723,-10.97907],[34.8671,-10.97608],[34.86757,-10.97429],[34.87155,-10.97227],[34.87275,-10.96941],[34.87455,-10.95759],[34.87204,-10.95364],[34.87414,-10.9504],[34.8731,-10.9494],[34.87325,-10.94714],[34.87968,-10.94609],[34.88572,-10.94108],[34.89339,-10.93662],[34.90257,-10.93591],[34.90999,-10.93399],[34.91449,-10.93689],[34.91587,-10.93621],[34.9163,-10.93406],[34.91858,-10.93387],[34.91989,-10.93087],[34.92083,-10.93167],[34.92194,-10.92939],[34.92403,-10.92763],[34.92476,-10.9283],[34.92617,-10.92666],[34.92542,-10.92517],[34.92713,-10.92305],[34.92736,-10.92077],[34.92868,-10.92066],[34.92931,-10.91859],[34.93188,-10.91795],[34.93188,-10.91611],[34.93501,-10.91261],[34.93943,-10.91242],[34.93952,-10.91076],[34.94184,-10.90937],[34.94238,-10.91026]]]},"properties":{"region":"Ruvuma","district":"Mbinga","ward":"Myangayanga","ward_code":"021"}},{"type":"Feature","geometry":{"type":"Polygon","coordinates":[[[35.1901,-10.83452],[35.19174,-10.8334],[35.19187,-10.83482],[35.19349,-10.83537],[35.19078,-10.83825],[35.19333,-10.8395],[35.19285,-10.84215],[35.19467,-10.84439],[35.19468,-10.84545],[35.19191,-10.84643],[35.18994,-10.84601],[35.18927,-10.8472],[35.19109,-10.84876],[35.19067,-10.85033],[35.19177,-10.85093],[35.19061,-10.8531],[35.19163,-10.8532],[35.19193,-10.85566],[35.19333,-10.85575],[35.19326,-10.8567],[35.19396,-10.85577],[35.19381,-10.85706],[35.19574,-10.85854],[35.19711,-10.85843],[35.19721,-10.86274],[35.20044,-10.86216],[35.20182,-10.86468],[35.20103,-10.86751],[35.20379,-10.87019],[35.20637,-10.87026],[35.20547,-10.87415],[35.20382,-10.87476],[35.20524,-10.87569],[35.20577,-10.87907],[35.2073,-10.88001],[35.20584,-10.8812],[35.20529,-10.88363],[35.2056,-10.88483],[35.20779,-10.88391],[35.20883,-10.88838],[35.20815,-10.89191],[35.20969,-10.891],[35.21159,-10.89481],[35.21105,-10.89586],[35.2133,-10.89785],[35.21298,-10.89948],[35.21412,-10.8996],[35.21426,-10.90135],[35.21644,-10.90241],[35.21664,-10.90339],[35.21516,-10.90363],[35.21428,-10.9064],[35.21558,-10.90934],[35.21498,-10.90988],[35.21571,-10.91045],[35.22014,-10.90949],[35.22188,-10.91415],[35.22059,-10.91687],[35.22287,-10.92067],[35.22255,-10.92215],[35.22481,-10.92285],[35.22382,-10.92508],[35.22555,-10.92602],[35.22654,-10.92834],[35.22506,-10.92768],[35.22516,-10.92877],[35.22771,-10.93045],[35.23174,-10.92941],[35.23214,-10.93031],[35.23354,-10.93029],[35.23412,-10.93201],[35.23236,-10.93436],[35.22999,-10.93387],[35.22712,-10.93659],[35.22714,-10.9392],[35.2287,-10.93939],[35.22914,-10.9404],[35.22654,-10.94088],[35.22859,-10.94156],[35.23184,-10.95145],[35.22942,-10.95077],[35.22808,-10.95418],[35.22906,-10.95499],[35.23002,-10.95408],[35.23042,-10.95607],[35.22868,-10.95676],[35.22766,-10.9585],[35.22121,-10.96084],[35.21965,-10.96299],[35.21066,-10.96846],[35.20957,-10.97075],[35.20446,-10.97317],[35.1988,-10.97232],[35.18962,-10.97345],[35.18539,-10.97513],[35.16974,-10.97183],[35.15707,-10.96788],[35.15317,-10.97399],[35.15447,-10.97642],[35.14993,-10.97551],[35.13999,-10.96734],[35.13018,-10.95706],[35.12669,-10.95466],[35.12597,-10.95257],[35.12138,-10.95591],[35.11887,-10.9565],[35.11767,-10.95484],[35.10705,-10.95056],[35.1012,-10.94672],[35.0872,-10.93493],[35.07845,-10.94454],[35.06604,-10.9467],[35.06217,-10.94535],[35.06344,-10.94003],[35.06345,-10.936],[35.06251,-10.93394],[35.06456,-10.93094],[35.06448,-10.9271],[35.06728,-10.92208],[35.07952,-10.91643],[35.07879,-10.91378],[35.08085,-10.90762],[35.08563,-10.90598],[35.08952,-10.90169],[35.09089,-10.89661],[35.09484,-10.88998],[35.09516,-10.88622],[35.09751,-10.88231],[35.09958,-10.87244],[35.10458,-10.87296],[35.11572,-10.87686],[35.1226,-10.87293],[35.12486,-10.86321],[35.12585,-10.86088],[35.12977,-10.85699],[35.13124,-10.84849],[35.13272,-10.8454],[35.1352,-10.84335],[35.14083,-10.84158],[35.14194,-10.83821],[35.1466,-10.83656],[35.1551,-10.83592],[35.15887,-10.83838],[35.16491,-10.83498],[35.18719,-10.83238],[35.18999,-10.833],[35.1901,-10.83452]]]},"properties":{"region":"Ruvuma","district":"Mbinga","ward":"Kitanda","ward_code":"031"}},{"type":"Feature","geometry":{"type":"Polygon","coordinates":[[[35.14291,-11.05842],[35.14716,-11.06924],[35.15482,-11.07076],[35.15675,-11.07362],[35.16025,-11.07575],[35.16422,-11.06855],[35.17465,-11.06932],[35.17549,-11.07535],[35.18367,-11.08658],[35.18261,-11.09493],[35.19378,-11.09998],[35.19716,-11.10038],[35.20288,-11.09907],[35.20716,-11.10027],[35.20817,-11.10172],[35.22056,-11.09483],[35.22726,-11.0941],[35.23163,-11.09592],[35.2357,-11.09399],[35.23809,-11.09427],[35.24465,-11.09228],[35.24659,-11.09066],[35.24665,-11.08824],[35.249,-11.08431],[35.25154,-11.08502],[35.25326,-11.08432],[35.25564,-11.0821],[35.25604,-11.08006],[35.25842,-11.07979],[35.25915,-11.07679],[35.26045,-11.07688],[35.26093,-11.07542],[35.26321,-11.07556],[35.26309,-11.07699],[35.26446,-11.07661],[35.26398,-11.0777],[35.26583,-11.07847],[35.26584,-11.07939],[35.26825,-11.07983],[35.27172,-11.0785],[35.27512,-11.08559],[35.27875,-11.08874],[35.27979,-11.09416],[35.2749,-11.09671],[35.2741,-11.10164],[35.27565,-11.10263],[35.28019,-11.10944],[35.28001,-11.11304],[35.28232,-11.11514],[35.28224,-11.11799],[35.2856,-11.12017],[35.2827,-11.12363],[35.28671,-11.12958],[35.28786,-11.12991],[35.28855,-11.12864],[35.28994,-11.12836],[35.29128,-11.13245],[35.29315,-11.13412],[35.29387,-11.13289],[35.29494,-11.13401],[35.29894,-11.13203],[35.30282,-11.13196],[35.30479,-11.13409],[35.30768,-11.13278],[35.31035,-11.13275],[35.31039,-11.13438],[35.31313,-11.13712],[35.31138,-11.1409],[35.3126,-11.14262],[35.31486,-11.14302],[35.31732,-11.14669],[35.32029,-11.14424],[35.32116,-11.14508],[35.31951,-11.14642],[35.32097,-11.14791],[35.32171,-11.15271],[35.32273,-11.15303],[35.32264,-11.15113],[35.32473,-11.14989],[35.32774,-11.15237],[35.3282,-11.15176],[35.3265,-11.1496],[35.32714,-11.14859],[35.33378,-11.14998],[35.33225,-11.15286],[35.32921,-11.15541],[35.33096,-11.15723],[35.33084,-11.16055],[35.33305,-11.16175],[35.3305,-11.1638],[35.33126,-11.16662],[35.33264,-11.16768],[35.33448,-11.16718],[35.33501,-11.17777],[35.33568,-11.17842],[35.33735,-11.17789],[35.33812,-11.17934],[35.33733,-11.18214],[35.33847,-11.18386],[35.34412,-11.18384],[35.34504,-11.18567],[35.34807,-11.18511],[35.34912,-11.187],[35.34583,-11.18773],[35.34533,-11.19088],[35.34171,-11.18943],[35.3407,-11.19079],[35.34388,-11.19266],[35.342,-11.19501],[35.34536,-11.20144],[35.34257,-11.20287],[35.34389,-11.20501],[35.34461,-11.21127],[35.34664,-11.21512],[35.34632,-11.21853],[35.34097,-11.21836],[35.3405,-11.22054],[35.33676,-11.21754],[35.33446,-11.2179],[35.33229,-11.21672],[35.3319,-11.2134],[35.3233,-11.2109],[35.31956,-11.20805],[35.31935,-11.20629],[35.31624,-11.20346],[35.3184,-11.20253],[35.31917,-11.20113],[35.32089,-11.19784],[35.32112,-11.19552],[35.31999,-11.19422],[35.32216,-11.19232],[35.31839,-11.19129],[35.31739,-11.18803],[35.31468,-11.18776],[35.31457,-11.18591],[35.31376,-11.18677],[35.31237,-11.18594],[35.312,-11.18738],[35.31136,-11.1869],[35.30855,-11.18867],[35.30353,-11.18979],[35.30293,-11.18593],[35.29918,-11.18583],[35.29684,-11.18462],[35.29317,-11.17574],[35.29011,-11.17525],[35.28954,-11.17399],[35.29028,-11.17145],[35.29291,-11.17041],[35.29453,-11.16855],[35.29462,-11.16649],[35.29228,-11.16566],[35.28571,-11.16658],[35.28246,-11.16976],[35.28065,-11.17108],[35.27898,-11.17094],[35.27726,-11.17284],[35.2747,-11.1734],[35.27323,-11.17262],[35.27245,-11.17345],[35.2692,-11.17244],[35.26724,-11.1744],[35.26388,-11.17253],[35.26303,-11.17058],[35.26173,-11.17064],[35.26002,-11.16846],[35.2604,-11.16628],[35.2643,-11.16349],[35.26274,-11.16085],[35.26045,-11.15924],[35.25355,-11.16618],[35.24969,-11.16809],[35.24877,-11.16807],[35.24831,-11.16039],[35.24172,-11.16346],[35.23757,-11.16356],[35.23934,-11.16953],[35.23532,-11.17476],[35.23446,-11.17543],[35.23345,-11.1745],[35.23436,-11.1771],[35.23337,-11.18197],[35.22815,-11.1818],[35.22808,-11.18043],[35.22664,-11.17914],[35.22699,-11.17632],[35.22162,-11.17626],[35.19247,-11.20176],[35.19498,-11.20855],[35.18673,-11.20942],[35.17413,-11.2126],[35.16978,-11.219],[35.16136,-11.2236],[35.1569,-11.21703],[35.15322,-11.22277],[35.15302,-11.23072],[35.14819,-11.23938],[35.14151,-11.23853],[35.13155,-11.23283],[35.12343,-11.2302],[35.12209,-11.22855],[35.12244,-11.2251],[35.12431,-11.223],[35.12581,-11.22363],[35.12591,-11.22144],[35.1256,-11.2192],[35.12315,-11.21712],[35.12008,-11.21712],[35.11828,-11.22246],[35.11446,-11.2251],[35.10745,-11.22058],[35.10487,-11.21727],[35.10131,-11.21867],[35.10134,-11.21219],[35.09711,-11.20998],[35.09505,-11.20774],[35.09535,-11.20439],[35.08774,-11.197],[35.08395,-11.19597],[35.07575,-11.18204],[35.07376,-11.17617],[35.07181,-11.17541],[35.07092,-11.17226],[35.06932,-11.17076],[35.06724,-11.17057],[35.06893,-11.16887],[35.06814,-11.16349],[35.07745,-11.15859],[35.07998,-11.15301],[35.08108,-11.15313],[35.08775,-11.14706],[35.08938,-11.14361],[35.09184,-11.14361],[35.10021,-11.13547],[35.1036,-11.13665],[35.10263,-11.13262],[35.10353,-11.12676],[35.10533,-11.12222],[35.1006,-11.10736],[35.09535,-11.09998],[35.09384,-11.09401],[35.09641,-11.08314],[35.10212,-11.07592],[35.10674,-11.06588],[35.10912,-11.06451],[35.11419,-11.06682],[35.11677,-11.06646],[35.11979,-11.06325],[35.12027,-11.06444],[35.12558,-11.06408],[35.12467,-11.07224],[35.12625,-11.07302],[35.13039,-11.06747],[35.13143,-11.06688],[35.13454,-11.06774],[35.13711,-11.06582],[35.13823,-11.06181],[35.14052,-11.0582],[35.14291,-11.05842]]]},"properties":{"region":"Ruvuma","district":"Mbinga","ward":"Mpepai","ward_code":"041"}},{"type":"Feature","geometry":{"type":"Polygon","coordinates":[[[35.04648,-10.8214],[35.06116,-10.8246],[35.06585,-10.82398],[35.07461,-10.8248],[35.07666,-10.82774],[35.07654,-10.83109],[35.07847,-10.83548],[35.08505,-10.83091],[35.0925,-10.8273],[35.0957,-10.8264],[35.09773,-10.82745],[35.10908,-10.83869],[35.11106,-10.84601],[35.11066,-10.85211],[35.10779,-10.85676],[35.10233,-10.86109],[35.09751,-10.88231],[35.09516,-10.88622],[35.09484,-10.88998],[35.09089,-10.89661],[35.08952,-10.90169],[35.08563,-10.90598],[35.08085,-10.90762],[35.07879,-10.91378],[35.07952,-10.91643],[35.06728,-10.92208],[35.06448,-10.9271],[35.0633,-10.92538],[35.05196,-10.92135],[35.04122,-10.92832],[35.03318,-10.92192],[35.02834,-10.91644],[35.02151,-10.91361],[35.0082,-10.90583],[35.00937,-10.89894],[34.99877,-10.88477],[34.99466,-10.88158],[34.99213,-10.87531],[34.98553,-10.86723],[34.98986,-10.86277],[34.99604,-10.86757],[34.99954,-10.86662],[35.00369,-10.86881],[35.008,-10.86406],[35.01075,-10.86257],[35.01695,-10.86702],[35.02345,-10.86571],[35.02345,-10.86379],[35.02505,-10.86235],[35.03682,-10.84159],[35.04332,-10.82468],[35.04648,-10.8214]]]},"properties":{"region":"Ruvuma","district":"Mbinga","ward":"Utiri","ward_code":"051"}},{"type":"Feature","geometry":{"type":"Polygon","coordinates":[[[35.00386,-10.94646],[35.00491,-10.94903],[35.00098,-10.95045],[34.99982,-10.94866],[34.9962,-10.95085],[34.99479,-10.94948],[34.99123,-10.94862],[34.99055,-10.94435],[34.99382,-10.94456],[34.99523,-10.9466],[35.00037,-10.94355],[35.00386,-10.94646]]]},"properties":{"region":"Ruvuma","district":"Mbinga","ward":"Mbinga Mjini","ward_code":"062"}},{"type":"Feature","geometry":{"type":"Polygon","coordinates":[[[35.0872,-10.93493],[35.1012,-10.94672],[35.10705,-10.95056],[35.11767,-10.95484],[35.11887,-10.9565],[35.12138,-10.95591],[35.12597,-10.95257],[35.12669,-10.95466],[35.13018,-10.95706],[35.13999,-10.96734],[35.14993,-10.97551],[35.15447,-10.97642],[35.14752,-10.98545],[35.14179,-10.99606],[35.14077,-10.99993],[35.13723,-10.99918],[35.1277,-11.00056],[35.1106,-10.99304],[35.10589,-10.99237],[35.10294,-10.99301],[35.1001,-10.99061],[35.09121,-10.99121],[35.08322,-10.98831],[35.08201,-10.9849],[35.07334,-10.9805],[35.06956,-10.9796],[35.06411,-10.99683],[35.06323,-11.00391],[35.06131,-11.00815],[35.06193,-11.00903],[35.05011,-11.01122],[35.03237,-11.01984],[35.02844,-11.01765],[35.01919,-11.01796],[35.01768,-11.01851],[35.01215,-11.02496],[35.00594,-11.02639],[35.00907,-11.03052],[35.00781,-11.03831],[35.01432,-11.03464],[35.01833,-11.03582],[35.02039,-11.04246],[35.0163,-11.0446],[35.01193,-11.04532],[35.01187,-11.04661],[35.01794,-11.05703],[35.01312,-11.05843],[35.00643,-11.06204],[35.00125,-11.06221],[34.99764,-11.05648],[34.99456,-11.05772],[34.98836,-11.05572],[34.98448,-11.05552],[34.97637,-11.04981],[34.97545,-11.04756],[34.97529,-11.04158],[34.97175,-11.03841],[34.97021,-11.03812],[34.96818,-11.03404],[34.96648,-11.0331],[34.96555,-11.03028],[34.9663,-11.02318],[34.96391,-11.01605],[34.96437,-11.01198],[34.96345,-11.00818],[34.96653,-11.00381],[34.96734,-11.00008],[34.96608,-10.97213],[34.96412,-10.96942],[34.97359,-10.96571],[34.97606,-10.96325],[34.9773,-10.96374],[34.97852,-10.96188],[34.98032,-10.96785],[34.97946,-10.97346],[34.98379,-10.9741],[34.98428,-10.97289],[34.98931,-10.97305],[34.99067,-10.97747],[34.99429,-10.98043],[34.99794,-10.97922],[35.00376,-10.97399],[35.00814,-10.97467],[35.01904,-10.96941],[35.03203,-10.96829],[35.0331,-10.96286],[35.0397,-10.96292],[35.04434,-10.96148],[35.05114,-10.96427],[35.05595,-10.96387],[35.05859,-10.96217],[35.06217,-10.94535],[35.06604,-10.9467],[35.07845,-10.94454],[35.0872,-10.93493]]]},"properties":{"region":"Ruvuma","district":"Mbinga","ward":"Kilimani","ward_code":"071"}},{"type":"Feature","geometry":{"type":"Polygon","coordinates":[[[35.09121,-10.99121],[35.10083,-10.99115],[35.09111,-11.01584],[35.09171,-11.0215],[35.09708,-11.02522],[35.09948,-11.0359],[35.10801,-11.04089],[35.1139,-11.04862],[35.10697,-11.05626],[35.10674,-11.05868],[35.10552,-11.05966],[35.1071,-11.06042],[35.10704,-11.06182],[35.10912,-11.06451],[35.10674,-11.06588],[35.10212,-11.07592],[35.09641,-11.08314],[35.09384,-11.09401],[35.09535,-11.09998],[35.1006,-11.10736],[35.10533,-11.12222],[35.10353,-11.12676],[35.10263,-11.13262],[35.1036,-11.13665],[35.10021,-11.13547],[35.09184,-11.14361],[35.08938,-11.14361],[35.08775,-11.14706],[35.08108,-11.15313],[35.07998,-11.15301],[35.07745,-11.15859],[35.06814,-11.16349],[35.06893,-11.16887],[35.06724,-11.17057],[35.0668,-11.16175],[35.06168,-11.15177],[35.06076,-11.14553],[35.06038,-11.13783],[35.06144,-11.13123],[35.06041,-11.12372],[35.0588,-11.11959],[35.05946,-11.11828],[35.05783,-11.11563],[35.05818,-11.10709],[35.05444,-11.10473],[35.05359,-11.10247],[35.05445,-11.09679],[35.06021,-11.08754],[35.05864,-11.08584],[35.05882,-11.08419],[35.05782,-11.08295],[35.05836,-11.08033],[35.05625,-11.07362],[35.05447,-11.07006],[35.05012,-11.06944],[35.04538,-11.06114],[35.03593,-11.05889],[35.03004,-11.06142],[35.02675,-11.06093],[35.02213,-11.06003],[35.01794,-11.05703],[35.01187,-11.04661],[35.01193,-11.04532],[35.0163,-11.0446],[35.02039,-11.04246],[35.01833,-11.03582],[35.01432,-11.03464],[35.00781,-11.03831],[35.00907,-11.03052],[35.00594,-11.02639],[35.01215,-11.02496],[35.01768,-11.01851],[35.01919,-11.01796],[35.02844,-11.01765],[35.03237,-11.01984],[35.05011,-11.01122],[35.06193,-11.00903],[35.06131,-11.00815],[35.06323,-11.00391],[35.06411,-10.99683],[35.06956,-10.9796],[35.07334,-10.9805],[35.08201,-10.9849],[35.08322,-10.98831],[35.09121,-10.99121]]]},"properties":{"region":"Ruvuma","district":"Mbinga","ward":"Mbangamao","ward_code":"081"}},{"type":"Feature","geometry":{"type":"Polygon","coordinates":[[[35.23357,-10.95457],[35.23428,-10.9537],[35.23501,-10.95478],[35.23572,-10.95342],[35.23793,-10.95659],[35.23916,-10.95608],[35.23939,-10.95872],[35.24052,-10.95907],[35.24367,-10.9577],[35.2452,-10.95975],[35.24494,-10.96187],[35.24812,-10.96311],[35.2447,-10.96518],[35.2441,-10.96752],[35.24498,-10.97114],[35.24761,-10.97385],[35.24554,-10.97417],[35.24914,-10.97793],[35.2476,-10.97745],[35.2454,-10.9783],[35.24655,-10.97977],[35.24604,-10.98265],[35.24748,-10.98318],[35.24573,-10.99127],[35.24751,-10.99153],[35.24882,-10.99382],[35.25276,-10.99497],[35.2513,-10.99628],[35.24982,-11.0013],[35.25098,-11.00277],[35.2534,-11.0034],[35.25346,-11.00423],[35.25574,-11.00449],[35.25634,-11.00756],[35.25568,-11.00864],[35.25774,-11.01249],[35.25987,-11.01346],[35.25637,-11.01622],[35.25553,-11.01439],[35.25236,-11.01439],[35.25005,-11.0167],[35.2504,-11.02023],[35.24613,-11.01886],[35.24565,-11.02168],[35.24971,-11.02784],[35.25539,-11.02813],[35.25531,-11.03003],[35.25226,-11.03225],[35.25245,-11.03317],[35.25614,-11.03415],[35.25684,-11.03619],[35.25375,-11.04109],[35.25115,-11.04334],[35.25271,-11.04546],[35.25661,-11.04426],[35.25934,-11.04475],[35.26225,-11.04844],[35.26155,-11.05171],[35.26318,-11.05416],[35.26207,-11.05833],[35.26401,-11.0592],[35.26453,-11.06225],[35.26919,-11.06945],[35.27276,-11.07944],[35.27172,-11.0785],[35.26825,-11.07983],[35.26584,-11.07939],[35.26583,-11.07847],[35.26398,-11.0777],[35.26446,-11.07661],[35.26309,-11.07699],[35.26321,-11.07556],[35.26093,-11.07542],[35.26045,-11.07688],[35.25915,-11.07679],[35.25842,-11.07979],[35.25604,-11.08006],[35.25564,-11.0821],[35.25326,-11.08432],[35.25154,-11.08502],[35.249,-11.08431],[35.24665,-11.08824],[35.24659,-11.09066],[35.24465,-11.09228],[35.23809,-11.09427],[35.2357,-11.09399],[35.23163,-11.09592],[35.22726,-11.0941],[35.22056,-11.09483],[35.20817,-11.10172],[35.20716,-11.10027],[35.20288,-11.09907],[35.19716,-11.10038],[35.19378,-11.09998],[35.18261,-11.09493],[35.18367,-11.08658],[35.17549,-11.07535],[35.17465,-11.06932],[35.17991,-11.06798],[35.18566,-11.06427],[35.1863,-11.05964],[35.17912,-11.04979],[35.19342,-11.04346],[35.19667,-11.04375],[35.20417,-11.04201],[35.20343,-11.02941],[35.1915,-10.99501],[35.19232,-10.97317],[35.1988,-10.97232],[35.20446,-10.97317],[35.20957,-10.97075],[35.21066,-10.96846],[35.21965,-10.96299],[35.22121,-10.96084],[35.22766,-10.9585],[35.22868,-10.95676],[35.23042,-10.95607],[35.2296,-10.9523],[35.23051,-10.95229],[35.23153,-10.9541],[35.23357,-10.95457]]]},"properties":{"region":"Ruvuma","district":"Mbinga","ward":"Kihungu","ward_code":"091"}},{"type":"Feature","geometry":{"type":"Polygon","coordinates":[[[35.15707,-10.96788],[35.18539,-10.97513],[35.19232,-10.97317],[35.1915,-10.99501],[35.20343,-11.02941],[35.20417,-11.04201],[35.19667,-11.04375],[35.19342,-11.04346],[35.17912,-11.04979],[35.1863,-11.05964],[35.18566,-11.06427],[35.17991,-11.06798],[35.17465,-11.06932],[35.16422,-11.06855],[35.16025,-11.07575],[35.15675,-11.07362],[35.15482,-11.07076],[35.14716,-11.06924],[35.14291,-11.05842],[35.14052,-11.0582],[35.13823,-11.06181],[35.13711,-11.06582],[35.13454,-11.06774],[35.13143,-11.06688],[35.13039,-11.06747],[35.12625,-11.07302],[35.12467,-11.07224],[35.12558,-11.06408],[35.12027,-11.06444],[35.11979,-11.06325],[35.11677,-11.06646],[35.11419,-11.06682],[35.10912,-11.06451],[35.10704,-11.06182],[35.1071,-11.06042],[35.10552,-11.05966],[35.10674,-11.05868],[35.10697,-11.05626],[35.1139,-11.04862],[35.10801,-11.04089],[35.09948,-11.0359],[35.09708,-11.02522],[35.09171,-11.0215],[35.09082,-11.01718],[35.10083,-10.99115],[35.10294,-10.99301],[35.10589,-10.99237],[35.11428,-10.99425],[35.11944,-10.99748],[35.1277,-11.00056],[35.13723,-10.99918],[35.14077,-10.99993],[35.14179,-10.99606],[35.14752,-10.98545],[35.15447,-10.97642],[35.15317,-10.97399],[35.15707,-10.96788]]]},"properties":{"region":"Ruvuma","district":"Mbinga","ward":"Kikolo","ward_code":"101"}},{"type":"Feature","geometry":{"type":"Polygon","coordinates":[[[35.00928,-10.90261],[35.0082,-10.90583],[35.00654,-10.90578],[35.00553,-10.91213],[35.00292,-10.91516],[35.00306,-10.91955],[34.9982,-10.91905],[34.99035,-10.91427],[34.98626,-10.91463],[34.98502,-10.91598],[34.98492,-10.92144],[34.98253,-10.92369],[34.97866,-10.91962],[34.97637,-10.91981],[34.97642,-10.92238],[34.974,-10.92606],[34.97092,-10.93458],[34.97051,-10.93813],[34.97129,-10.94029],[34.96664,-10.94379],[34.96661,-10.9462],[34.95889,-10.95903],[34.95664,-10.95868],[34.95316,-10.96305],[34.94703,-10.96438],[34.94144,-10.963],[34.93805,-10.9632],[34.9323,-10.9611],[34.9326,-10.95916],[34.93069,-10.95407],[34.93216,-10.95319],[34.93394,-10.94924],[34.93658,-10.94724],[34.9406,-10.94596],[34.94035,-10.94298],[34.9376,-10.94343],[34.9336,-10.93686],[34.93442,-10.9326],[34.93274,-10.92762],[34.94071,-10.92067],[34.94432,-10.91143],[34.94713,-10.90949],[34.94752,-10.91045],[34.94827,-10.90844],[34.94953,-10.90917],[34.95012,-10.90857],[34.9515,-10.90138],[34.95044,-10.89727],[34.95261,-10.89481],[34.95572,-10.89331],[34.95726,-10.88911],[34.96057,-10.88725],[34.96264,-10.8821],[34.97855,-10.87503],[34.98553,-10.86723],[34.98645,-10.8677],[34.99213,-10.87531],[34.99466,-10.88158],[34.99877,-10.88477],[35.00937,-10.89894],[35.00928,-10.90261]]]},"properties":{"region":"Ruvuma","district":"Mbinga","ward":"Mateka","ward_code":"111"}},{"type":"Feature","geometry":{"type":"Polygon","coordinates":[[[35.00037,-10.94355],[34.99523,-10.9466],[34.99382,-10.94456],[34.99055,-10.94435],[34.99123,-10.94862],[34.98618,-10.94835],[34.98417,-10.9501],[34.98039,-10.94767],[34.97585,-10.94799],[34.97109,-10.94383],[34.97092,-10.93458],[34.974,-10.92606],[34.97642,-10.92238],[34.97637,-10.91981],[34.97866,-10.91962],[34.98253,-10.92369],[34.98838,-10.92615],[34.988,-10.92746],[34.99184,-10.93666],[34.99427,-10.9375],[35.00037,-10.94355]]]},"properties":{"region":"Ruvuma","district":"Mbinga","ward":"Mbambi","ward_code":"122"}},{"type":"Feature","geometry":{"type":"Polygon","coordinates":[[[34.9982,-10.91905],[35.00652,-10.91932],[35.00759,-10.92334],[35.00681,-10.92551],[35.00738,-10.92884],[35.01154,-10.93393],[35.0114,-10.93744],[35.0105,-10.93838],[35.00658,-10.93857],[35.00498,-10.9401],[35.005,-10.94343],[35.00364,-10.94621],[34.99652,-10.94046],[34.99427,-10.9375],[34.99184,-10.93666],[34.988,-10.92746],[34.98838,-10.92615],[34.98253,-10.92369],[34.98492,-10.92144],[34.98502,-10.91598],[34.98626,-10.91463],[34.99035,-10.91427],[34.9982,-10.91905]]]},"properties":{"region":"Ruvuma","district":"Mbinga","ward":"Matarawe","ward_code":"132"}},{"type":"Feature","geometry":{"type":"Polygon","coordinates":[[[35.02776,-10.91605],[35.04122,-10.92832],[35.03464,-10.93088],[35.03197,-10.93303],[35.02254,-10.93515],[35.02113,-10.93808],[35.01803,-10.93945],[35.01766,-10.94046],[35.01932,-10.94467],[35.01587,-10.94539],[35.01114,-10.94171],[35.00534,-10.94868],[35.00364,-10.94621],[35.005,-10.94343],[35.00498,-10.9401],[35.00658,-10.93857],[35.0105,-10.93838],[35.0115,-10.93635],[35.01106,-10.93266],[35.00738,-10.92884],[35.00681,-10.92551],[35.00759,-10.92334],[35.00652,-10.91932],[35.00306,-10.91955],[35.00292,-10.91516],[35.00553,-10.91213],[35.00654,-10.90578],[35.00981,-10.90619],[35.01403,-10.90961],[35.01713,-10.91038],[35.02151,-10.91361],[35.02776,-10.91605]]]},"properties":{"region":"Ruvuma","district":"Mbinga","ward":"Bethrehemu","ward_code":"142"}},{"type":"Feature","geometry":{"type":"Polygon","coordinates":[[[35.06344,-10.94003],[35.05859,-10.96217],[35.05329,-10.96442],[35.04434,-10.96148],[35.0397,-10.96292],[35.03202,-10.96292],[35.02716,-10.95948],[35.02046,-10.95929],[35.01769,-10.95562],[35.0108,-10.95097],[35.00534,-10.94868],[35.01114,-10.94171],[35.01587,-10.94539],[35.01932,-10.94467],[35.01766,-10.94046],[35.01803,-10.93945],[35.02113,-10.93808],[35.02254,-10.93515],[35.03197,-10.93303],[35.05196,-10.92135],[35.0633,-10.92538],[35.06448,-10.9271],[35.06456,-10.93094],[35.06251,-10.93394],[35.06345,-10.936],[35.06344,-10.94003]]]},"properties":{"region":"Ruvuma","district":"Mbinga","ward":"Luhuwiko","ward_code":"152"}},{"type":"Feature","geometry":{"type":"Polygon","coordinates":[[[35.01769,-10.95562],[35.02046,-10.95929],[35.02716,-10.95948],[35.0331,-10.96286],[35.03203,-10.96829],[35.01904,-10.96941],[35.00814,-10.97467],[35.00376,-10.97399],[35.0001,-10.97746],[34.99834,-10.97503],[34.99894,-10.97172],[34.99683,-10.96762],[34.99803,-10.96364],[34.99368,-10.95524],[34.99798,-10.95242],[35.00032,-10.95615],[35.00471,-10.95051],[35.00635,-10.94971],[35.0108,-10.95097],[35.01769,-10.95562]]]},"properties":{"region":"Ruvuma","district":"Mbinga","ward":"Lusonga","ward_code":"162"}},{"type":"Feature","geometry":{"type":"Polygon","coordinates":[[[34.98476,-10.95495],[34.99368,-10.95524],[34.99803,-10.96364],[34.99683,-10.96762],[34.99894,-10.97172],[34.99834,-10.97503],[35.0001,-10.97746],[34.99429,-10.98043],[34.99067,-10.97747],[34.98931,-10.97305],[34.98428,-10.97289],[34.98379,-10.9741],[34.97946,-10.97346],[34.98032,-10.96785],[34.97852,-10.96188],[34.98067,-10.96095],[34.98077,-10.95871],[34.97687,-10.95347],[34.97585,-10.94799],[34.98039,-10.94767],[34.98417,-10.9501],[34.98476,-10.95495]]]},"properties":{"region":"Ruvuma","district":"Mbinga","ward":"Masumuni","ward_code":"172"}},{"type":"Feature","geometry":{"type":"Polygon","coordinates":[[[34.98618,-10.94835],[34.99466,-10.94943],[34.9962,-10.95085],[34.99982,-10.94866],[35.00098,-10.95045],[35.00534,-10.94868],[35.00635,-10.94971],[35.00471,-10.95051],[35.00032,-10.95615],[34.99798,-10.95242],[34.99227,-10.95568],[34.98476,-10.95495],[34.98417,-10.9501],[34.98618,-10.94835]]]},"properties":{"region":"Ruvuma","district":"Mbinga","ward":"Mbinga Mjini B","ward_code":"182"}},{"type":"Feature","geometry":{"type":"Polygon","coordinates":[[[34.99333,-11.05747],[34.99764,-11.05648],[35.00125,-11.06221],[35.00643,-11.06204],[35.01312,-11.05843],[35.01794,-11.05703],[35.02213,-11.06003],[35.02675,-11.06093],[35.03004,-11.06142],[35.03593,-11.05889],[35.04538,-11.06114],[35.05012,-11.06944],[35.05447,-11.07006],[35.05625,-11.07362],[35.05836,-11.08033],[35.05782,-11.08295],[35.05882,-11.08419],[35.05864,-11.08584],[35.06021,-11.08754],[35.05445,-11.09679],[35.05359,-11.10247],[35.05444,-11.10473],[35.05818,-11.10709],[35.05783,-11.11563],[35.05946,-11.11828],[35.0588,-11.11959],[35.06041,-11.12372],[35.06144,-11.13123],[35.06038,-11.13783],[35.05457,-11.14337],[35.04978,-11.15032],[35.04607,-11.15105],[35.04431,-11.15374],[35.04401,-11.16253],[35.03771,-11.17064],[35.03326,-11.17389],[35.03032,-11.17439],[35.028,-11.17171],[35.02312,-11.15552],[35.01941,-11.15057],[35.01635,-11.13964],[35.01438,-11.13637],[35.01503,-11.1322],[35.01175,-11.12648],[35.00805,-11.12468],[35.00682,-11.12309],[35.0033,-11.10441],[35.00563,-11.10127],[35.00319,-11.09842],[34.99738,-11.09614],[34.99433,-11.10004],[34.99219,-11.10555],[34.98637,-11.10551],[34.9864,-11.09866],[34.98462,-11.09096],[34.98125,-11.08674],[34.98067,-11.08434],[34.98083,-11.0766],[34.97712,-11.06439],[34.97876,-11.06052],[34.9773,-11.0591],[34.98308,-11.05716],[34.98448,-11.05552],[34.98836,-11.05572],[34.99333,-11.05747]]]},"properties":{"region":"Ruvuma","district":"Mbinga","ward":"Kagugu","ward_code":"191"}},{"type":"Feature","geometry":{"type":"Polygon","coordinates":[[[34.96686,-11.34042],[34.96984,-11.35707],[34.96694,-11.38942],[34.97186,-11.42493],[34.97758,-11.44205],[34.98556,-11.45703],[35.00035,-11.48928],[35.00016,-11.50838],[35.00147,-11.53908],[34.9989,-11.55719],[35.00349,-11.5919],[34.99757,-11.59306],[34.98701,-11.58511],[34.9854,-11.58183],[34.97923,-11.58025],[34.97876,-11.5762],[34.97604,-11.5729],[34.96827,-11.57155],[34.95924,-11.57374],[34.95961,-11.5654],[34.96353,-11.5591],[34.96405,-11.55236],[34.96224,-11.54626],[34.9626,-11.54215],[34.95984,-11.5378],[34.95975,-11.53492],[34.96184,-11.52801],[34.95878,-11.52391],[34.95815,-11.51094],[34.95875,-11.50961],[34.95562,-11.50597],[34.9548,-11.50345],[34.95612,-11.50012],[34.95495,-11.49561],[34.95572,-11.49088],[34.95089,-11.48453],[34.95025,-11.47941],[34.94739,-11.47511],[34.93384,-11.46489],[34.93098,-11.46106],[34.93116,-11.45733],[34.93469,-11.45219],[34.9344,-11.4488],[34.93289,-11.44415],[34.92644,-11.43755],[34.9241,-11.43051],[34.92537,-11.42912],[34.9227,-11.42235],[34.92402,-11.41848],[34.92484,-11.41003],[34.92778,-11.40682],[34.92929,-11.40003],[34.92833,-11.39764],[34.92399,-11.39355],[34.91223,-11.38464],[34.91446,-11.38351],[34.92059,-11.3848],[34.92261,-11.38313],[34.92377,-11.37848],[34.92655,-11.37333],[34.93441,-11.36572],[34.93511,-11.36052],[34.93435,-11.35918],[34.93619,-11.35699],[34.93568,-11.35227],[34.93873,-11.35272],[34.94104,-11.35065],[34.94602,-11.35129],[34.9498,-11.3504],[34.95366,-11.34468],[34.96686,-11.34042]]]},"properties":{"region":"Ruvuma","district":"Nyasa","ward":"Chiwanda","ward_code":"031"}},{"type":"Feature","geometry":{"type":"Polygon","coordinates":[[[34.93073,-11.26604],[34.92585,-11.31786],[34.92748,-11.32668],[34.92519,-11.32979],[34.92414,-11.33442],[34.95411,-11.33129],[34.96959,-11.32662],[34.96958,-11.32972],[34.96686,-11.34042],[34.95366,-11.34468],[34.9498,-11.3504],[34.94602,-11.35129],[34.94104,-11.35065],[34.93873,-11.35272],[34.93539,-11.35254],[34.93619,-11.35699],[34.93435,-11.35918],[34.93511,-11.36052],[34.93441,-11.36572],[34.92655,-11.37333],[34.92377,-11.37848],[34.92261,-11.38313],[34.92059,-11.3848],[34.9161,-11.38363],[34.91257,-11.38392],[34.91223,-11.38464],[34.90863,-11.38358],[34.89028,-11.3716],[34.88526,-11.36975],[34.88157,-11.3701],[34.88242,-11.36602],[34.85136,-11.34876],[34.84627,-11.3475],[34.84849,-11.34223],[34.84708,-11.3396],[34.84885,-11.33886],[34.85002,-11.33985],[34.85061,-11.33915],[34.85073,-11.33692],[34.84948,-11.3358],[34.85047,-11.33364],[34.8525,-11.33272],[34.85388,-11.33427],[34.85504,-11.33388],[34.85328,-11.33135],[34.85563,-11.33106],[34.85569,-11.32879],[34.85714,-11.32911],[34.85972,-11.32616],[34.866,-11.32193],[34.8664,-11.3199],[34.86933,-11.31848],[34.87044,-11.31972],[34.87247,-11.31938],[34.87352,-11.31774],[34.87489,-11.3176],[34.87547,-11.31551],[34.87425,-11.31163],[34.87766,-11.30936],[34.87867,-11.30673],[34.88699,-11.30643],[34.89586,-11.30378],[34.90101,-11.29301],[34.9189,-11.27832],[34.91975,-11.27647],[34.92527,-11.27278],[34.93073,-11.26604]]]},"properties":{"region":"Ruvuma","district":"Nyasa","ward":"Mtipwili","ward_code":"041"}},{"type":"Feature","geometry":{"type":"Polygon","coordinates":[[[34.89585,-11.2547],[34.90653,-11.2553],[34.92508,-11.26106],[34.9249,-11.26639],[34.92608,-11.2675],[34.93073,-11.26604],[34.92527,-11.27278],[34.91975,-11.27647],[34.9189,-11.27832],[34.90101,-11.29301],[34.89586,-11.30378],[34.88699,-11.30643],[34.87867,-11.30673],[34.87766,-11.30936],[34.87425,-11.31163],[34.87547,-11.31551],[34.87489,-11.3176],[34.87352,-11.31774],[34.87247,-11.31938],[34.87044,-11.31972],[34.86933,-11.31848],[34.8664,-11.3199],[34.866,-11.32193],[34.85972,-11.32616],[34.85714,-11.32911],[34.85569,-11.32879],[34.85563,-11.33106],[34.85328,-11.33135],[34.85504,-11.33388],[34.85388,-11.33427],[34.8525,-11.33272],[34.85047,-11.33364],[34.84948,-11.3358],[34.85073,-11.33692],[34.85061,-11.33915],[34.85002,-11.33985],[34.84885,-11.33886],[34.84708,-11.3396],[34.84849,-11.34223],[34.84627,-11.3475],[34.84521,-11.34558],[34.83461,-11.33914],[34.83025,-11.33544],[34.80492,-11.32233],[34.80028,-11.32085],[34.79725,-11.32433],[34.79486,-11.32455],[34.79191,-11.32129],[34.79315,-11.31878],[34.79247,-11.31674],[34.79094,-11.31584],[34.79132,-11.31361],[34.8028,-11.30397],[34.80764,-11.30254],[34.80731,-11.2997],[34.80827,-11.29741],[34.81023,-11.29749],[34.81381,-11.30311],[34.81506,-11.30305],[34.81635,-11.30456],[34.81919,-11.30444],[34.82222,-11.30279],[34.8244,-11.30006],[34.82659,-11.29995],[34.828,-11.29728],[34.82987,-11.29623],[34.83348,-11.29478],[34.83799,-11.29571],[34.84135,-11.29474],[34.84237,-11.29376],[34.84142,-11.28853],[34.84214,-11.28648],[34.84817,-11.27608],[34.85247,-11.27083],[34.85981,-11.26942],[34.86109,-11.26793],[34.8628,-11.27276],[34.86403,-11.274],[34.86522,-11.27379],[34.89051,-11.25701],[34.89585,-11.2547]]]},"properties":{"region":"Ruvuma","district":"Nyasa","ward":"Kilosa","ward_code":"071"}},{"type":"Feature","geometry":{"type":"Polygon","coordinates":[[[34.8389,-11.20714],[34.83846,-11.21796],[34.84479,-11.23624],[34.84818,-11.25277],[34.85126,-11.25581],[34.85279,-11.25914],[34.85606,-11.26085],[34.85769,-11.26053],[34.85597,-11.26291],[34.85664,-11.26536],[34.85981,-11.26942],[34.85247,-11.27083],[34.84817,-11.27608],[34.84214,-11.28648],[34.84142,-11.28853],[34.84237,-11.29376],[34.84135,-11.29474],[34.83799,-11.29571],[34.83348,-11.29478],[34.82987,-11.29623],[34.828,-11.29728],[34.82659,-11.29995],[34.8244,-11.30006],[34.82222,-11.30279],[34.81919,-11.30444],[34.81635,-11.30456],[34.81506,-11.30305],[34.81381,-11.30311],[34.81023,-11.29749],[34.80827,-11.29741],[34.80731,-11.2997],[34.80764,-11.30254],[34.8028,-11.30397],[34.79132,-11.31361],[34.78855,-11.30806],[34.78625,-11.29636],[34.78663,-11.29217],[34.78908,-11.28781],[34.79415,-11.29099],[34.79823,-11.2883],[34.80064,-11.28361],[34.80066,-11.27919],[34.79665,-11.27219],[34.79558,-11.27191],[34.79349,-11.26658],[34.77731,-11.25576],[34.77635,-11.25557],[34.77364,-11.25793],[34.77293,-11.25729],[34.7748,-11.25137],[34.77408,-11.24984],[34.77142,-11.24991],[34.7727,-11.23967],[34.77157,-11.23442],[34.76406,-11.22901],[34.76401,-11.22527],[34.7609,-11.22354],[34.76074,-11.2223],[34.7623,-11.22134],[34.76026,-11.21896],[34.75969,-11.21562],[34.76058,-11.21247],[34.75968,-11.21087],[34.75794,-11.21089],[34.75737,-11.2084],[34.76101,-11.20306],[34.76829,-11.20023],[34.77066,-11.19774],[34.78278,-11.19144],[34.80014,-11.1732],[34.81952,-11.15006],[34.82408,-11.15586],[34.8311,-11.16028],[34.83359,-11.16335],[34.83693,-11.16492],[34.84187,-11.17092],[34.8401,-11.17587],[34.83259,-11.18225],[34.8389,-11.20714]]]},"properties":{"region":"Ruvuma","district":"Nyasa","ward":"Mbamba_Bay","ward_code":"083"}},{"type":"Feature","geometry":{"type":"Polygon","coordinates":[[[34.77433,-11.10633],[34.78461,-11.11504],[34.80173,-11.10696],[34.80324,-11.11177],[34.79535,-11.11676],[34.79509,-11.11886],[34.79864,-11.12833],[34.8061,-11.13301],[34.81952,-11.15006],[34.80014,-11.1732],[34.78278,-11.19144],[34.77066,-11.19774],[34.76829,-11.20023],[34.76101,-11.20306],[34.75737,-11.2084],[34.74745,-11.20477],[34.73604,-11.19854],[34.71771,-11.19088],[34.71294,-11.18606],[34.70934,-11.18389],[34.70775,-11.18096],[34.7037,-11.17844],[34.70585,-11.17443],[34.70441,-11.17085],[34.70532,-11.1701],[34.70485,-11.16791],[34.70285,-11.16368],[34.69808,-11.15971],[34.70236,-11.15551],[34.70218,-11.15068],[34.70881,-11.14824],[34.70901,-11.14286],[34.71549,-11.1285],[34.71714,-11.12823],[34.72186,-11.12272],[34.72404,-11.11551],[34.72886,-11.11403],[34.74805,-11.1018],[34.7654,-11.09703],[34.77433,-11.10633]]]},"properties":{"region":"Ruvuma","district":"Nyasa","ward":"Lipingo","ward_code":"091"}},{"type":"Feature","geometry":{"type":"Polygon","coordinates":[[[34.72502,-11.04603],[34.73052,-11.05358],[34.73752,-11.05705],[34.75102,-11.07102],[34.75464,-11.07803],[34.75976,-11.08374],[34.76119,-11.09108],[34.7654,-11.09703],[34.74805,-11.1018],[34.72886,-11.11403],[34.72404,-11.11551],[34.72186,-11.12272],[34.71714,-11.12823],[34.71549,-11.1285],[34.70901,-11.14286],[34.70881,-11.14824],[34.70218,-11.15068],[34.70236,-11.15551],[34.69808,-11.15971],[34.69484,-11.15807],[34.69068,-11.154],[34.67485,-11.1459],[34.67526,-11.14398],[34.67379,-11.14249],[34.65383,-11.13273],[34.64987,-11.1283],[34.645,-11.12582],[34.64412,-11.12121],[34.63834,-11.11695],[34.63742,-11.11486],[34.63766,-11.10852],[34.6366,-11.1074],[34.63806,-11.10539],[34.6361,-11.10137],[34.64119,-11.09394],[34.64123,-11.09075],[34.64036,-11.08921],[34.63723,-11.08908],[34.63782,-11.08608],[34.6369,-11.08469],[34.63811,-11.08408],[34.639,-11.08034],[34.63787,-11.0784],[34.63509,-11.07662],[34.63804,-11.0696],[34.63639,-11.06514],[34.63868,-11.06009],[34.63741,-11.0585],[34.64011,-11.05885],[34.64198,-11.05742],[34.64499,-11.05779],[34.64687,-11.05913],[34.64926,-11.05868],[34.65282,-11.0608],[34.65707,-11.0608],[34.66424,-11.05461],[34.67319,-11.05204],[34.67709,-11.04999],[34.69174,-11.05031],[34.69899,-11.04765],[34.70627,-11.04695],[34.7216,-11.03942],[34.72502,-11.04603]]]},"properties":{"region":"Ruvuma","district":"Nyasa","ward":"Liuli","ward_code":"103"}},{"type":"Feature","geometry":{"type":"Polygon","coordinates":[[[34.69513,-10.98469],[34.69275,-10.98937],[34.69417,-10.99717],[34.69352,-10.99741],[34.69936,-11.00693],[34.70001,-11.0122],[34.71258,-11.03117],[34.72141,-11.03903],[34.7207,-11.0402],[34.70627,-11.04695],[34.69899,-11.04765],[34.69174,-11.05031],[34.67709,-11.04999],[34.67319,-11.05204],[34.66424,-11.05461],[34.65707,-11.0608],[34.65282,-11.0608],[34.64926,-11.05868],[34.64687,-11.05913],[34.64499,-11.05779],[34.64198,-11.05742],[34.64011,-11.05885],[34.63741,-11.0585],[34.63676,-11.05784],[34.63759,-11.05333],[34.63355,-11.04994],[34.63024,-11.04856],[34.61637,-11.04791],[34.61543,-11.04718],[34.61517,-11.03701],[34.61273,-11.03376],[34.61215,-11.02899],[34.61456,-11.02605],[34.615,-11.01838],[34.61753,-11.01425],[34.61753,-11.01265],[34.61933,-11.01118],[34.61939,-11.00952],[34.622,-11.00698],[34.62299,-11.00218],[34.62706,-10.99751],[34.62922,-10.99709],[34.62978,-10.99498],[34.63483,-10.99285],[34.63711,-10.98834],[34.64169,-10.98851],[34.64936,-10.98701],[34.65748,-10.98264],[34.66225,-10.98155],[34.67009,-10.97566],[34.67775,-10.97276],[34.68168,-10.96655],[34.69363,-10.9728],[34.69973,-10.97492],[34.69482,-10.98094],[34.69427,-10.98416],[34.69513,-10.98469]]]},"properties":{"region":"Ruvuma","district":"Nyasa","ward":"Kihagara","ward_code":"111"}},{"type":"Feature","geometry":{"type":"Polygon","coordinates":[[[35.2643,-11.16349],[35.25988,-11.16725],[35.26068,-11.1698],[35.26303,-11.17058],[35.26388,-11.17253],[35.26778,-11.17449],[35.2692,-11.17244],[35.27245,-11.17345],[35.27323,-11.17262],[35.2747,-11.1734],[35.27726,-11.17284],[35.27898,-11.17094],[35.28065,-11.17108],[35.28246,-11.16976],[35.28571,-11.16658],[35.29406,-11.16613],[35.29453,-11.16855],[35.29291,-11.17041],[35.29028,-11.17145],[35.28954,-11.17399],[35.29011,-11.17525],[35.29317,-11.17574],[35.29684,-11.18462],[35.29918,-11.18583],[35.30293,-11.18593],[35.30353,-11.18979],[35.30855,-11.18867],[35.31136,-11.1869],[35.312,-11.18738],[35.31237,-11.18594],[35.31376,-11.18677],[35.31457,-11.18591],[35.31468,-11.18776],[35.31739,-11.18803],[35.31839,-11.19129],[35.32216,-11.19232],[35.31999,-11.19422],[35.32112,-11.19552],[35.32089,-11.19784],[35.31917,-11.20113],[35.3184,-11.20253],[35.31624,-11.20346],[35.31935,-11.20629],[35.31956,-11.20805],[35.3233,-11.2109],[35.3319,-11.2134],[35.33229,-11.21672],[35.33446,-11.2179],[35.33676,-11.21754],[35.3405,-11.22054],[35.34071,-11.22171],[35.34312,-11.22293],[35.34316,-11.22421],[35.34707,-11.22535],[35.35189,-11.22352],[35.35213,-11.22704],[35.34304,-11.23119],[35.34259,-11.23563],[35.34623,-11.23978],[35.34736,-11.24311],[35.34407,-11.2462],[35.339,-11.24416],[35.33594,-11.24896],[35.33432,-11.25193],[35.33386,-11.25546],[35.33643,-11.25778],[35.33435,-11.2603],[35.33409,-11.26572],[35.33655,-11.26725],[35.33685,-11.26947],[35.33936,-11.27206],[35.34113,-11.27651],[35.34568,-11.2773],[35.34778,-11.27915],[35.34772,-11.28141],[35.3459,-11.28525],[35.34634,-11.28909],[35.34522,-11.2913],[35.34785,-11.29353],[35.34837,-11.30457],[35.35266,-11.30874],[35.35423,-11.31523],[35.36159,-11.3214],[35.3561,-11.32965],[35.3587,-11.33686],[35.36631,-11.33873],[35.36833,-11.33503],[35.37197,-11.33806],[35.37525,-11.33873],[35.37696,-11.34148],[35.37847,-11.34218],[35.37792,-11.34621],[35.37976,-11.35178],[35.38118,-11.35228],[35.38088,-11.35718],[35.38999,-11.35914],[35.3897,-11.36403],[35.39224,-11.36756],[35.39143,-11.36853],[35.3894,-11.36685],[35.38794,-11.36758],[35.38762,-11.37088],[35.38471,-11.37454],[35.38572,-11.37613],[35.39259,-11.37925],[35.39084,-11.38029],[35.38887,-11.38532],[35.38915,-11.38992],[35.39099,-11.39126],[35.38827,-11.3923],[35.3887,-11.39445],[35.38777,-11.39588],[35.38892,-11.39969],[35.38723,-11.40123],[35.38945,-11.40326],[35.38588,-11.40529],[35.38921,-11.41182],[35.38813,-11.41273],[35.38555,-11.41187],[35.38347,-11.41375],[35.37638,-11.41155],[35.37615,-11.41249],[35.38028,-11.41712],[35.38081,-11.41983],[35.382,-11.42089],[35.38459,-11.42092],[35.38647,-11.42331],[35.38539,-11.42509],[35.38305,-11.42631],[35.38076,-11.42394],[35.37931,-11.42369],[35.3774,-11.42653],[35.37489,-11.426],[35.37367,-11.42701],[35.37717,-11.43262],[35.37358,-11.43756],[35.37477,-11.44074],[35.37735,-11.44194],[35.38047,-11.44166],[35.38218,-11.44332],[35.38242,-11.43907],[35.38446,-11.43829],[35.38717,-11.44078],[35.38605,-11.44535],[35.38742,-11.44746],[35.28805,-11.4529],[35.27505,-11.44985],[35.2559,-11.44364],[35.22047,-11.44288],[35.19174,-11.44443],[35.16761,-11.43585],[35.16399,-11.44187],[35.16377,-11.4439],[35.16169,-11.44486],[35.1599,-11.44716],[35.15902,-11.45402],[35.15578,-11.45812],[35.15178,-11.46049],[35.1496,-11.46488],[35.14796,-11.46475],[35.14818,-11.46762],[35.14676,-11.46807],[35.1463,-11.4709],[35.14318,-11.47339],[35.14135,-11.47342],[35.14051,-11.47729],[35.13802,-11.47869],[35.13323,-11.4838],[35.13208,-11.481],[35.13463,-11.47061],[35.13073,-11.45439],[35.12869,-11.45041],[35.13432,-11.4404],[35.12097,-11.42389],[35.11258,-11.42031],[35.10537,-11.40851],[35.10809,-11.40548],[35.10819,-11.40335],[35.10709,-11.40229],[35.11132,-11.39226],[35.11063,-11.39151],[35.11181,-11.38852],[35.11064,-11.38739],[35.11055,-11.38571],[35.11269,-11.37981],[35.11141,-11.378],[35.11219,-11.37509],[35.11133,-11.37375],[35.11627,-11.36811],[35.11655,-11.35969],[35.11387,-11.35183],[35.11089,-11.35089],[35.11109,-11.34294],[35.11311,-11.3402],[35.11261,-11.33513],[35.11374,-11.33112],[35.11899,-11.32412],[35.1191,-11.31783],[35.12175,-11.30449],[35.12599,-11.29632],[35.12482,-11.29004],[35.13979,-11.26152],[35.14198,-11.24961],[35.15302,-11.23072],[35.15322,-11.22277],[35.1569,-11.21703],[35.16136,-11.2236],[35.16978,-11.219],[35.17413,-11.2126],[35.18673,-11.20942],[35.19498,-11.20855],[35.19247,-11.20176],[35.22162,-11.17626],[35.22699,-11.17632],[35.22664,-11.17914],[35.22808,-11.18043],[35.22815,-11.1818],[35.23337,-11.18197],[35.23436,-11.1771],[35.23345,-11.1745],[35.23446,-11.17543],[35.23532,-11.17476],[35.23934,-11.16953],[35.23757,-11.16356],[35.24172,-11.16346],[35.24831,-11.16039],[35.24877,-11.16807],[35.24969,-11.16809],[35.25355,-11.16618],[35.25936,-11.15974],[35.26081,-11.15926],[35.2643,-11.16349]]]},"properties":{"region":"Ruvuma","district":"Nyasa","ward":"Liparamba","ward_code":"011"}},{"type":"Feature","geometry":{"type":"Polygon","coordinates":[[[35.1256,-11.2192],[35.12581,-11.22363],[35.12431,-11.223],[35.12244,-11.2251],[35.12209,-11.22855],[35.12343,-11.2302],[35.13155,-11.23283],[35.14151,-11.23853],[35.14819,-11.23938],[35.14198,-11.24961],[35.13979,-11.26152],[35.12482,-11.29004],[35.12599,-11.29632],[35.12175,-11.30449],[35.1191,-11.31783],[35.11899,-11.32412],[35.11374,-11.33112],[35.11261,-11.33513],[35.11311,-11.3402],[35.11109,-11.34294],[35.11146,-11.34365],[35.09931,-11.34819],[35.09287,-11.35252],[35.08928,-11.35708],[35.08009,-11.35793],[35.06225,-11.36519],[35.05831,-11.36588],[35.05496,-11.36976],[35.05278,-11.37406],[35.0491,-11.38669],[35.04577,-11.40665],[35.03684,-11.40999],[35.03207,-11.40878],[35.03094,-11.41712],[35.02447,-11.42631],[35.0158,-11.4272],[35.01009,-11.43113],[35.0026,-11.44237],[34.98153,-11.44964],[34.97758,-11.44205],[34.97186,-11.42493],[34.96694,-11.38942],[34.96984,-11.35707],[34.97514,-11.35754],[34.98032,-11.3566],[34.98445,-11.3583],[34.98619,-11.35752],[34.98909,-11.35862],[34.9969,-11.35558],[34.99709,-11.34297],[35.00204,-11.33162],[35.00917,-11.31896],[35.008,-11.30971],[35.01501,-11.28767],[35.02417,-11.28749],[35.0426,-11.2777],[35.05711,-11.26508],[35.05789,-11.25812],[35.06265,-11.25933],[35.06582,-11.26139],[35.07346,-11.2627],[35.08302,-11.27353],[35.08402,-11.26936],[35.08507,-11.26797],[35.08715,-11.26848],[35.08908,-11.26513],[35.09011,-11.26159],[35.08899,-11.26009],[35.09708,-11.25567],[35.0988,-11.25579],[35.10213,-11.24569],[35.10655,-11.24412],[35.10623,-11.24036],[35.10461,-11.23966],[35.10399,-11.23818],[35.10561,-11.23532],[35.10762,-11.22747],[35.10952,-11.22537],[35.11446,-11.2251],[35.11828,-11.22246],[35.12008,-11.21712],[35.12315,-11.21712],[35.1256,-11.2192]]]},"properties":{"region":"Ruvuma","district":"Nyasa","ward":"Tingi","ward_code":"021"}},{"type":"Feature","geometry":{"type":"Polygon","coordinates":[[[34.96477,-11.1591],[34.96912,-11.16464],[34.97459,-11.16432],[34.97595,-11.16615],[34.97645,-11.16896],[34.97359,-11.17388],[34.97365,-11.18262],[34.97535,-11.1825],[34.97584,-11.18883],[34.97844,-11.19106],[34.98787,-11.21292],[34.98841,-11.2208],[34.9853,-11.22859],[34.98226,-11.23161],[34.98486,-11.23701],[34.9815,-11.23898],[34.97336,-11.23943],[34.97141,-11.2561],[34.9697,-11.26202],[34.96995,-11.27133],[34.97088,-11.27452],[34.96881,-11.2774],[34.96893,-11.27872],[34.96442,-11.28215],[34.96215,-11.28814],[34.95829,-11.28933],[34.94729,-11.30217],[34.94178,-11.3051],[34.92662,-11.30948],[34.93073,-11.26604],[34.92608,-11.2675],[34.9249,-11.26639],[34.92508,-11.26106],[34.90653,-11.2553],[34.90439,-11.25535],[34.90498,-11.24885],[34.90639,-11.24862],[34.90487,-11.24639],[34.90622,-11.2454],[34.90651,-11.24261],[34.90824,-11.24102],[34.90605,-11.23658],[34.90996,-11.23513],[34.90994,-11.23135],[34.91657,-11.22577],[34.91664,-11.22168],[34.91815,-11.22103],[34.91941,-11.21572],[34.92089,-11.215],[34.92284,-11.21177],[34.92486,-11.2113],[34.93013,-11.20747],[34.93364,-11.20131],[34.93357,-11.19495],[34.93186,-11.19012],[34.92867,-11.18902],[34.92778,-11.18733],[34.92894,-11.18561],[34.92818,-11.18394],[34.92947,-11.18089],[34.92811,-11.1758],[34.9288,-11.17413],[34.93011,-11.17398],[34.9336,-11.17078],[34.94051,-11.16245],[34.94279,-11.16109],[34.96477,-11.1591]]]},"properties":{"region":"Ruvuma","district":"Nyasa","ward":"Kingerikiti","ward_code":"051"}},{"type":"Feature","geometry":{"type":"Polygon","coordinates":[[[35.0033,-11.10441],[35.00682,-11.12309],[35.00805,-11.12468],[35.01175,-11.12648],[35.01503,-11.1322],[35.01438,-11.13637],[35.01635,-11.13964],[35.01941,-11.15057],[35.02312,-11.15552],[35.02404,-11.1594],[35.01103,-11.17209],[35.01271,-11.17867],[35.01045,-11.19383],[35.01264,-11.19772],[35.0186,-11.20428],[35.01973,-11.22276],[34.99231,-11.2259],[34.98721,-11.22346],[34.98841,-11.2208],[34.98787,-11.21292],[34.98628,-11.20778],[34.97844,-11.19106],[34.97584,-11.18883],[34.97535,-11.1825],[34.97365,-11.18262],[34.97359,-11.17388],[34.97645,-11.16896],[34.97595,-11.16615],[34.97459,-11.16432],[34.96912,-11.16464],[34.96142,-11.15477],[34.9577,-11.14727],[34.95385,-11.13224],[34.95087,-11.12517],[34.9523,-11.12275],[34.95293,-11.11642],[34.95192,-11.10899],[34.9536,-11.10626],[34.95392,-11.10361],[34.96444,-11.10215],[34.96772,-11.0996],[34.97052,-11.0992],[34.98637,-11.10551],[34.99219,-11.10555],[34.99433,-11.10004],[34.99738,-11.09614],[35.00319,-11.09842],[35.00563,-11.10127],[35.0033,-11.10441]]]},"properties":{"region":"Ruvuma","district":"Nyasa","ward":"Luhangarasi","ward_code":"061"}},{"type":"Feature","geometry":{"type":"Polygon","coordinates":[[[35.10633,-11.40903],[35.10643,-11.41134],[35.11258,-11.42031],[35.12097,-11.42389],[35.13432,-11.4404],[35.12869,-11.45041],[35.13073,-11.45439],[35.13463,-11.47061],[35.13208,-11.481],[35.13488,-11.48811],[35.13139,-11.49434],[35.12804,-11.51344],[35.1184,-11.52848],[35.11776,-11.53383],[35.12258,-11.53636],[35.12393,-11.53819],[35.12215,-11.54002],[35.12065,-11.54607],[35.1132,-11.56256],[35.11322,-11.56614],[35.11023,-11.57271],[35.11108,-11.57481],[35.11018,-11.57643],[35.07086,-11.57392],[35.04247,-11.57643],[35.01499,-11.57619],[35.01409,-11.57769],[35.01492,-11.57951],[35.01412,-11.58127],[35.01125,-11.58366],[35.00847,-11.58222],[35.00666,-11.58427],[35.00461,-11.59168],[35.00349,-11.5919],[34.9989,-11.55719],[35.00147,-11.53908],[35.00016,-11.50838],[35.00035,-11.48928],[34.98153,-11.44964],[35.0026,-11.44237],[35.01009,-11.43113],[35.0158,-11.4272],[35.02447,-11.42631],[35.03094,-11.41712],[35.03207,-11.40878],[35.03684,-11.40999],[35.04577,-11.40665],[35.0491,-11.38669],[35.05278,-11.37406],[35.05496,-11.36976],[35.05831,-11.36588],[35.06225,-11.36519],[35.08009,-11.35793],[35.08928,-11.35708],[35.09287,-11.35252],[35.09931,-11.34819],[35.11146,-11.34365],[35.11089,-11.35089],[35.11387,-11.35183],[35.11655,-11.35969],[35.11627,-11.36811],[35.11133,-11.37375],[35.11219,-11.37509],[35.11141,-11.378],[35.11269,-11.37981],[35.11055,-11.38571],[35.11064,-11.38739],[35.11181,-11.38852],[35.11063,-11.39151],[35.11132,-11.39226],[35.10709,-11.40229],[35.10847,-11.40442],[35.10537,-11.40851],[35.10633,-11.40903]]]},"properties":{"region":"Ruvuma","district":"Nyasa","ward":"Mpepo","ward_code":"161"}},{"type":"Feature","geometry":{"type":"Polygon","coordinates":[[[35.16761,-11.43585],[35.19174,-11.44443],[35.22047,-11.44288],[35.2559,-11.44364],[35.27505,-11.44985],[35.28805,-11.4529],[35.38742,-11.44746],[35.38991,-11.44937],[35.38733,-11.45054],[35.38476,-11.45504],[35.37864,-11.45219],[35.37718,-11.45389],[35.37807,-11.45555],[35.38142,-11.45679],[35.38509,-11.46064],[35.38946,-11.46079],[35.3898,-11.46274],[35.38692,-11.4647],[35.38403,-11.46111],[35.382,-11.46401],[35.37851,-11.46137],[35.3758,-11.46542],[35.37533,-11.46806],[35.37634,-11.46939],[35.37771,-11.46948],[35.37785,-11.4678],[35.38214,-11.46543],[35.38356,-11.46842],[35.38294,-11.4711],[35.38376,-11.47913],[35.38631,-11.48126],[35.38567,-11.48414],[35.38693,-11.48553],[35.38657,-11.48926],[35.38797,-11.49046],[35.39318,-11.49166],[35.38998,-11.49351],[35.38636,-11.49425],[35.38521,-11.49635],[35.38723,-11.49691],[35.38973,-11.49542],[35.39251,-11.49828],[35.39503,-11.49735],[35.4044,-11.50236],[35.40526,-11.50373],[35.40493,-11.50545],[35.40695,-11.50773],[35.41035,-11.50656],[35.40603,-11.51334],[35.41299,-11.51368],[35.41804,-11.51675],[35.41896,-11.51859],[35.41532,-11.52213],[35.41487,-11.52713],[35.41582,-11.5273],[35.41849,-11.52492],[35.42156,-11.52693],[35.42139,-11.5298],[35.42371,-11.53259],[35.43263,-11.5336],[35.43318,-11.53475],[35.43134,-11.53735],[35.42807,-11.53785],[35.43196,-11.54006],[35.43775,-11.53873],[35.44021,-11.54004],[35.44203,-11.53947],[35.44154,-11.54257],[35.44367,-11.54661],[35.44325,-11.54776],[35.44042,-11.54896],[35.44011,-11.55038],[35.44239,-11.55282],[35.44072,-11.55571],[35.43835,-11.55665],[35.43884,-11.55851],[35.43553,-11.55961],[35.43401,-11.56212],[35.43396,-11.56446],[35.43282,-11.56495],[35.43057,-11.56352],[35.42853,-11.56351],[35.42784,-11.56537],[35.42835,-11.56803],[35.42645,-11.56742],[35.42488,-11.56894],[35.42569,-11.57143],[35.41996,-11.56437],[35.41621,-11.562],[35.41443,-11.56191],[35.4134,-11.56321],[35.41544,-11.57105],[35.41221,-11.57334],[35.41198,-11.57642],[35.40633,-11.57601],[35.40009,-11.57842],[35.39955,-11.57987],[35.28696,-11.57903],[35.19596,-11.57661],[35.1277,-11.5776],[35.11018,-11.57643],[35.11108,-11.57481],[35.11023,-11.57271],[35.11322,-11.56614],[35.1132,-11.56256],[35.12065,-11.54607],[35.12215,-11.54002],[35.12393,-11.53819],[35.12258,-11.53636],[35.11776,-11.53383],[35.1184,-11.52848],[35.12804,-11.51344],[35.13139,-11.49434],[35.13488,-11.48811],[35.13323,-11.4838],[35.13802,-11.47869],[35.14051,-11.47729],[35.14135,-11.47342],[35.14318,-11.47339],[35.1463,-11.4709],[35.14676,-11.46807],[35.14818,-11.46762],[35.14796,-11.46475],[35.1496,-11.46488],[35.15178,-11.46049],[35.15578,-11.45812],[35.15902,-11.45402],[35.1599,-11.44716],[35.16169,-11.44486],[35.16377,-11.4439],[35.16399,-11.44187],[35.16761,-11.43585]]]},"properties":{"region":"Ruvuma","district":"Nyasa","ward":"Mipotopoto","ward_code":"171"}},{"type":"Feature","geometry":{"type":"Polygon","coordinates":[[[35.06932,-11.17076],[35.07181,-11.17541],[35.07376,-11.17617],[35.07575,-11.18204],[35.08395,-11.19597],[35.08774,-11.197],[35.09535,-11.20439],[35.09505,-11.20774],[35.09711,-11.20998],[35.10134,-11.21219],[35.10131,-11.21867],[35.10487,-11.21727],[35.10745,-11.22058],[35.11364,-11.22473],[35.10952,-11.22537],[35.10762,-11.22747],[35.10561,-11.23532],[35.10399,-11.23818],[35.10461,-11.23966],[35.10623,-11.24036],[35.10655,-11.24412],[35.10213,-11.24569],[35.0988,-11.25579],[35.09708,-11.25567],[35.08899,-11.26009],[35.09011,-11.26159],[35.08908,-11.26513],[35.08715,-11.26848],[35.08507,-11.26797],[35.08402,-11.26936],[35.08302,-11.27353],[35.07346,-11.2627],[35.06582,-11.26139],[35.06265,-11.25933],[35.05789,-11.25812],[35.05799,-11.25416],[35.05654,-11.25167],[35.05481,-11.25185],[35.05366,-11.25018],[35.04309,-11.24738],[35.03552,-11.24804],[35.02818,-11.25059],[35.02512,-11.24971],[35.02379,-11.24138],[35.0201,-11.23579],[35.01907,-11.23143],[35.01977,-11.2235],[35.0186,-11.20428],[35.01264,-11.19772],[35.01045,-11.19383],[35.01271,-11.17867],[35.01103,-11.17209],[35.01208,-11.17084],[35.02404,-11.1594],[35.02614,-11.16374],[35.02669,-11.16868],[35.02919,-11.17369],[35.03032,-11.17439],[35.03425,-11.17339],[35.03771,-11.17064],[35.04401,-11.16253],[35.04431,-11.15374],[35.04607,-11.15105],[35.04978,-11.15032],[35.05457,-11.14337],[35.06038,-11.13783],[35.06168,-11.15177],[35.0668,-11.16175],[35.06724,-11.17057],[35.06932,-11.17076]]]},"properties":{"region":"Ruvuma","district":"Nyasa","ward":"Upolo","ward_code":"181"}},{"type":"Feature","geometry":{"type":"Polygon","coordinates":[[[35.01973,-11.22276],[35.01907,-11.23143],[35.0201,-11.23579],[35.02379,-11.24138],[35.02512,-11.24971],[35.02818,-11.25059],[35.03552,-11.24804],[35.04309,-11.24738],[35.05366,-11.25018],[35.05481,-11.25185],[35.05654,-11.25167],[35.05799,-11.25416],[35.05711,-11.26508],[35.0426,-11.2777],[35.02417,-11.28749],[35.01501,-11.28767],[35.008,-11.30971],[35.00917,-11.31896],[35.00204,-11.33162],[34.99709,-11.34297],[34.9969,-11.35558],[34.98909,-11.35862],[34.98619,-11.35752],[34.98445,-11.3583],[34.98032,-11.3566],[34.97514,-11.35754],[34.96984,-11.35707],[34.96682,-11.34056],[34.96959,-11.32662],[34.95411,-11.33129],[34.92414,-11.33442],[34.92519,-11.32979],[34.92748,-11.32668],[34.92585,-11.31786],[34.92662,-11.30948],[34.94178,-11.3051],[34.94729,-11.30217],[34.95829,-11.28933],[34.96215,-11.28814],[34.96442,-11.28215],[34.96893,-11.27872],[34.96881,-11.2774],[34.97088,-11.27452],[34.96995,-11.27133],[34.9697,-11.26202],[34.97141,-11.2561],[34.97336,-11.23943],[34.9815,-11.23898],[34.98486,-11.23701],[34.98226,-11.23161],[34.9853,-11.22859],[34.98721,-11.22346],[34.99231,-11.2259],[35.0042,-11.22401],[35.01973,-11.22276]]]},"properties":{"region":"Ruvuma","district":"Nyasa","ward":"Lumeme","ward_code":"191"}},{"type":"Feature","geometry":{"type":"Polygon","coordinates":[[[34.71469,-10.71826],[34.7243,-10.74204],[34.72956,-10.75041],[34.76123,-10.77874],[34.75924,-10.79159],[34.75573,-10.8018],[34.75431,-10.80333],[34.75241,-10.81134],[34.74845,-10.81496],[34.73586,-10.83722],[34.73532,-10.84508],[34.73219,-10.85478],[34.73345,-10.85855],[34.73765,-10.86426],[34.73195,-10.86558],[34.72622,-10.86881],[34.71434,-10.86628],[34.71201,-10.86736],[34.70711,-10.86457],[34.70401,-10.86522],[34.69666,-10.86323],[34.68653,-10.86507],[34.68164,-10.86436],[34.67848,-10.86232],[34.67165,-10.85316],[34.67045,-10.8474],[34.67105,-10.8427],[34.67623,-10.83859],[34.67783,-10.8361],[34.67745,-10.83327],[34.67474,-10.82849],[34.6749,-10.8261],[34.67747,-10.81935],[34.67727,-10.81562],[34.67906,-10.81508],[34.68021,-10.81268],[34.67879,-10.80822],[34.67668,-10.80632],[34.6743,-10.79853],[34.67254,-10.78807],[34.67279,-10.78373],[34.67839,-10.77607],[34.67917,-10.77136],[34.67877,-10.7641],[34.68252,-10.76079],[34.6813,-10.7506],[34.67953,-10.74827],[34.67976,-10.74715],[34.67688,-10.74495],[34.66998,-10.73354],[34.67021,-10.73239],[34.67387,-10.72981],[34.67565,-10.72974],[34.67628,-10.73066],[34.68118,-10.72937],[34.68514,-10.73032],[34.68828,-10.72767],[34.69392,-10.72018],[34.71469,-10.71826]]]},"properties":{"region":"Ruvuma","district":"Nyasa","ward":"Ngumbo","ward_code":"121"}},{"type":"Feature","geometry":{"type":"Polygon","coordinates":[[[34.67989,-10.86358],[34.68653,-10.86507],[34.69666,-10.86323],[34.70401,-10.86522],[34.70711,-10.86457],[34.71201,-10.86736],[34.71434,-10.86628],[34.72622,-10.86881],[34.73195,-10.86558],[34.73765,-10.86426],[34.74203,-10.86865],[34.7483,-10.88318],[34.74854,-10.88546],[34.75015,-10.88648],[34.74944,-10.88726],[34.75262,-10.89752],[34.75319,-10.91751],[34.75188,-10.92993],[34.75001,-10.93419],[34.73436,-10.94174],[34.72691,-10.9443],[34.71813,-10.95092],[34.70717,-10.96333],[34.69973,-10.97492],[34.69363,-10.9728],[34.68168,-10.96655],[34.67775,-10.97276],[34.67009,-10.97566],[34.66225,-10.98155],[34.65748,-10.98264],[34.64936,-10.98701],[34.64169,-10.98851],[34.63711,-10.98834],[34.63842,-10.98009],[34.64643,-10.9682],[34.64818,-10.96771],[34.64935,-10.96375],[34.64872,-10.96101],[34.65036,-10.95853],[34.65462,-10.95353],[34.66063,-10.94944],[34.6644,-10.9447],[34.67057,-10.94134],[34.67278,-10.9386],[34.67377,-10.9356],[34.6715,-10.9267],[34.67605,-10.91898],[34.67548,-10.91637],[34.67819,-10.91272],[34.67905,-10.90502],[34.67716,-10.90122],[34.66929,-10.89298],[34.66916,-10.89037],[34.67158,-10.88581],[34.67117,-10.88056],[34.67572,-10.8769],[34.6764,-10.86883],[34.67494,-10.86511],[34.67656,-10.85974],[34.67989,-10.86358]]]},"properties":{"region":"Ruvuma","district":"Nyasa","ward":"Liwundi","ward_code":"131"}},{"type":"Feature","geometry":{"type":"Polygon","coordinates":[[[34.63691,-10.60363],[34.6465,-10.60678],[34.69289,-10.61052],[34.69231,-10.61259],[34.72211,-10.6371],[34.72645,-10.64498],[34.73241,-10.64849],[34.73671,-10.65472],[34.73978,-10.67074],[34.73988,-10.67533],[34.73824,-10.67756],[34.73565,-10.67669],[34.73376,-10.67454],[34.72512,-10.67435],[34.72403,-10.67565],[34.72405,-10.68205],[34.72234,-10.68331],[34.72174,-10.68853],[34.71357,-10.69742],[34.70218,-10.69408],[34.71326,-10.71274],[34.71469,-10.71826],[34.69392,-10.72018],[34.68828,-10.72767],[34.68514,-10.73032],[34.68118,-10.72937],[34.67628,-10.73066],[34.67565,-10.72974],[34.67387,-10.72981],[34.67049,-10.73174],[34.66998,-10.73354],[34.66507,-10.72835],[34.66001,-10.72591],[34.65067,-10.71399],[34.64944,-10.71007],[34.65365,-10.70653],[34.65417,-10.70247],[34.65591,-10.70146],[34.65684,-10.69953],[34.65709,-10.69434],[34.66002,-10.68927],[34.66001,-10.68741],[34.6579,-10.68416],[34.65453,-10.68198],[34.65236,-10.67853],[34.65562,-10.67213],[34.6552,-10.66987],[34.65358,-10.66702],[34.64778,-10.66264],[34.64564,-10.65887],[34.64297,-10.65697],[34.64512,-10.64512],[34.64154,-10.64175],[34.63635,-10.63925],[34.63599,-10.63559],[34.62195,-10.62482],[34.6174,-10.61587],[34.61773,-10.61474],[34.62069,-10.61419],[34.62283,-10.61205],[34.62291,-10.60925],[34.62534,-10.60352],[34.63691,-10.60363]]]},"properties":{"region":"Ruvuma","district":"Nyasa","ward":"Mbaha","ward_code":"141"}},{"type":"Feature","geometry":{"type":"Polygon","coordinates":[[[34.59804,-10.53594],[34.59977,-10.53851],[34.60379,-10.53832],[34.60382,-10.53519],[34.60728,-10.5304],[34.61309,-10.5298],[34.61678,-10.52759],[34.61963,-10.52803],[34.61921,-10.53201],[34.62043,-10.53393],[34.62398,-10.53571],[34.63177,-10.53146],[34.6344,-10.53234],[34.63865,-10.53714],[34.64331,-10.53879],[34.65791,-10.53379],[34.66644,-10.53661],[34.66948,-10.53572],[34.67578,-10.5365],[34.67696,-10.55117],[34.68184,-10.55838],[34.688,-10.56325],[34.69347,-10.56948],[34.70413,-10.57798],[34.69289,-10.61052],[34.6465,-10.60678],[34.63691,-10.60363],[34.62534,-10.60352],[34.62433,-10.60165],[34.62491,-10.59847],[34.62409,-10.59655],[34.61943,-10.59211],[34.60715,-10.58713],[34.58641,-10.57506],[34.58166,-10.5681],[34.57656,-10.55529],[34.57767,-10.5487],[34.57737,-10.54231],[34.57641,-10.53946],[34.57299,-10.53617],[34.58225,-10.53561],[34.59146,-10.53043],[34.59235,-10.52643],[34.59429,-10.52495],[34.5983,-10.52617],[34.59902,-10.52861],[34.59804,-10.53594]]]},"properties":{"region":"Ruvuma","district":"Nyasa","ward":"Lituhi","ward_code":"151"}},{"type":"Feature","geometry":{"type":"Polygon","coordinates":[[[34.94348,-10.36305],[34.92814,-10.38636],[34.91526,-10.39126],[34.90672,-10.4038],[34.87431,-10.43704],[34.86824,-10.45926],[34.85762,-10.46388],[34.8179,-10.49193],[34.81454,-10.50046],[34.81523,-10.51122],[34.81249,-10.51714],[34.80826,-10.5231],[34.806,-10.52434],[34.79986,-10.5223],[34.7967,-10.52273],[34.78652,-10.51995],[34.78283,-10.52096],[34.7837,-10.52442],[34.75426,-10.54213],[34.72972,-10.54533],[34.71865,-10.55671],[34.71771,-10.56204],[34.71037,-10.56874],[34.70413,-10.57798],[34.69347,-10.56948],[34.688,-10.56325],[34.68184,-10.55838],[34.67696,-10.55117],[34.67578,-10.5365],[34.68174,-10.53689],[34.68659,-10.53304],[34.69056,-10.5325],[34.6928,-10.52947],[34.69678,-10.52865],[34.70069,-10.52277],[34.702,-10.51256],[34.70447,-10.51093],[34.70926,-10.51129],[34.71536,-10.51014],[34.72123,-10.51349],[34.72607,-10.51292],[34.72802,-10.50861],[34.73065,-10.50771],[34.73212,-10.50527],[34.73744,-10.50772],[34.74338,-10.50202],[34.74506,-10.50234],[34.74701,-10.50475],[34.75003,-10.50253],[34.75194,-10.49801],[34.75726,-10.49736],[34.75877,-10.49627],[34.76032,-10.49186],[34.75885,-10.48974],[34.75932,-10.48896],[34.76239,-10.48866],[34.76293,-10.48695],[34.76229,-10.47827],[34.7662,-10.4744],[34.76687,-10.47242],[34.77105,-10.47045],[34.77267,-10.4676],[34.77253,-10.46378],[34.77371,-10.46098],[34.77189,-10.45829],[34.7744,-10.45219],[34.7801,-10.44323],[34.7845,-10.44257],[34.78975,-10.44527],[34.80592,-10.44806],[34.80754,-10.44702],[34.81722,-10.43032],[34.81667,-10.42864],[34.81833,-10.42673],[34.82354,-10.425],[34.82778,-10.42726],[34.83158,-10.42501],[34.82717,-10.42073],[34.82568,-10.4119],[34.83661,-10.40544],[34.84087,-10.40448],[34.84234,-10.40197],[34.84564,-10.39997],[34.84896,-10.39883],[34.85293,-10.39943],[34.85367,-10.39344],[34.85611,-10.39224],[34.8597,-10.39215],[34.86341,-10.39023],[34.87186,-10.38892],[34.8752,-10.38732],[34.87547,-10.38535],[34.87936,-10.38518],[34.88574,-10.37929],[34.8927,-10.37079],[34.8965,-10.36946],[34.90432,-10.37009],[34.90544,-10.36842],[34.91005,-10.36656],[34.91743,-10.36793],[34.92349,-10.36611],[34.93007,-10.35776],[34.93456,-10.35494],[34.94356,-10.34551],[34.94521,-10.3424],[34.95153,-10.34776],[34.94348,-10.36305]]]},"properties":{"region":"Ruvuma","district":"Nyasa","ward":"Linga","ward_code":"201"}},{"type":"Feature","geometry":{"type":"Polygon","coordinates":[[[36.17519,-10.90136],[36.17636,-10.90773],[36.17956,-10.90705],[36.18136,-10.90184],[36.18382,-10.9016],[36.28947,-10.98623],[36.40355,-11.01425],[36.46579,-11.21276],[36.49116,-11.2449],[36.47085,-11.2563],[36.41916,-11.28973],[36.42623,-11.33965],[36.3992,-11.35164],[36.39044,-11.35308],[36.39061,-11.36276],[36.38613,-11.3661],[36.39092,-11.39459],[36.41182,-11.46101],[36.41788,-11.52491],[36.41688,-11.56],[36.40845,-11.57195],[36.40019,-11.57296],[36.39068,-11.58224],[36.39056,-11.60314],[36.39574,-11.60417],[36.39486,-11.60973],[36.39535,-11.61424],[36.38841,-11.61818],[36.38825,-11.61971],[36.39067,-11.62053],[36.39328,-11.62477],[36.40118,-11.62624],[36.39963,-11.63325],[36.39995,-11.6365],[36.39283,-11.64171],[36.39267,-11.64342],[36.39399,-11.64554],[36.3907,-11.64736],[36.38965,-11.64994],[36.39038,-11.65298],[36.38851,-11.65666],[36.39387,-11.67067],[36.38864,-11.67857],[36.38332,-11.67842],[36.37459,-11.68932],[36.36842,-11.69356],[36.36317,-11.70612],[36.35415,-11.71375],[36.32536,-11.70689],[36.31758,-11.71716],[36.29846,-11.72014],[36.28803,-11.72071],[36.27836,-11.71168],[36.28042,-11.70221],[36.27488,-11.69372],[36.26921,-11.69028],[36.25818,-11.69369],[36.24571,-11.69957],[36.24002,-11.69594],[36.22545,-11.7061],[36.21786,-11.70903],[36.23265,-11.62258],[36.24356,-11.54089],[36.26961,-11.41655],[36.27245,-11.35275],[36.26918,-11.29822],[36.24515,-11.25653],[36.21955,-11.25615],[36.18309,-11.2605],[36.16341,-11.27242],[36.15201,-11.27151],[36.13183,-11.28042],[36.12548,-11.28234],[36.12121,-11.28913],[36.11917,-11.28967],[36.11136,-11.28796],[36.10553,-11.29153],[36.0994,-11.2929],[36.09092,-11.29651],[36.0897,-11.30089],[36.0834,-11.30286],[36.069,-11.30202],[36.05894,-11.31057],[36.05555,-11.31197],[36.05291,-11.31496],[36.04279,-11.31855],[36.0356,-11.31744],[36.03008,-11.31861],[36.00443,-11.3119],[36.00342,-11.3054],[35.99209,-11.2929],[35.98266,-11.29473],[35.97604,-11.29306],[35.96767,-11.29391],[35.96099,-11.29283],[35.94898,-11.28905],[35.94034,-11.2923],[35.92043,-11.28729],[35.91432,-11.28821],[35.86616,-11.27787],[35.86941,-11.27559],[35.88473,-11.246],[35.91708,-11.22597],[35.927,-11.21458],[35.93819,-11.21862],[35.9471,-11.21195],[35.96543,-11.2035],[35.96783,-11.19136],[35.96378,-11.18312],[35.96489,-11.1704],[35.96847,-11.15576],[35.9938,-11.1223],[35.99842,-11.1107],[36.00634,-11.10887],[36.01166,-11.10133],[36.02049,-11.10179],[36.02203,-11.09695],[36.01481,-11.09329],[36.01603,-11.08068],[36.04064,-11.0839],[36.04407,-11.07206],[36.0418,-11.06846],[36.04239,-11.06649],[36.05016,-11.05551],[36.04555,-11.0514],[36.04545,-11.0414],[36.05118,-11.03851],[36.05809,-11.02792],[36.06369,-11.01459],[36.06917,-11.00729],[36.0696,-10.99748],[36.08157,-10.99255],[36.08002,-10.98812],[36.08396,-10.98725],[36.08324,-10.98165],[36.09138,-10.98188],[36.10455,-10.9623],[36.10798,-10.95517],[36.11175,-10.95657],[36.11695,-10.95239],[36.11849,-10.94537],[36.12375,-10.94471],[36.12459,-10.94154],[36.12857,-10.94085],[36.14136,-10.93465],[36.14315,-10.92647],[36.14525,-10.92422],[36.14676,-10.92415],[36.14785,-10.92587],[36.14783,-10.91802],[36.14862,-10.91707],[36.15498,-10.91892],[36.15612,-10.91672],[36.15539,-10.91419],[36.15874,-10.90766],[36.16738,-10.90571],[36.17206,-10.9098],[36.17398,-10.90123],[36.17519,-10.90136]]]},"properties":{"region":"Ruvuma","district":"Namtumbo","ward":"Lusewa","ward_code":"043"}},{"type":"Feature","geometry":{"type":"Polygon","coordinates":[[[36.50156,-11.26266],[36.53365,-11.30892],[36.60224,-11.30346],[36.6502,-11.29304],[36.76823,-11.27944],[36.77667,-11.2832],[36.77905,-11.28577],[36.77846,-11.2888],[36.7758,-11.29138],[36.77565,-11.29371],[36.77912,-11.29592],[36.78206,-11.30089],[36.78345,-11.30565],[36.78127,-11.30933],[36.76976,-11.31673],[36.76831,-11.31971],[36.77106,-11.32246],[36.77392,-11.32333],[36.77893,-11.32306],[36.78115,-11.32612],[36.78107,-11.33144],[36.77689,-11.33358],[36.77732,-11.33793],[36.77595,-11.34385],[36.77708,-11.34767],[36.77625,-11.35479],[36.77371,-11.35753],[36.77218,-11.36253],[36.76988,-11.36457],[36.76693,-11.36505],[36.76614,-11.36643],[36.76712,-11.36874],[36.76587,-11.37015],[36.76662,-11.37285],[36.77056,-11.37529],[36.77057,-11.37902],[36.77221,-11.37935],[36.77322,-11.37667],[36.77506,-11.3766],[36.77727,-11.38262],[36.77714,-11.38412],[36.7755,-11.38518],[36.77159,-11.38455],[36.7704,-11.38718],[36.76969,-11.39929],[36.77144,-11.40146],[36.77314,-11.40691],[36.77402,-11.40671],[36.77465,-11.40452],[36.77775,-11.40375],[36.78085,-11.40441],[36.78443,-11.40788],[36.78624,-11.41136],[36.78289,-11.41489],[36.7856,-11.41659],[36.78154,-11.41966],[36.78269,-11.42193],[36.78639,-11.4237],[36.78531,-11.42625],[36.78836,-11.42771],[36.79004,-11.42999],[36.78958,-11.4318],[36.78703,-11.43412],[36.78589,-11.43794],[36.78752,-11.44248],[36.79015,-11.44616],[36.79061,-11.45049],[36.79159,-11.45158],[36.79378,-11.45156],[36.80045,-11.44969],[36.8017,-11.45108],[36.79844,-11.45724],[36.79801,-11.46103],[36.79849,-11.46216],[36.80164,-11.46324],[36.80226,-11.46575],[36.79969,-11.46984],[36.79529,-11.47348],[36.79359,-11.47635],[36.79207,-11.48122],[36.79312,-11.48405],[36.79571,-11.48767],[36.80287,-11.49068],[36.80934,-11.49724],[36.81195,-11.5026],[36.81033,-11.50527],[36.81147,-11.50598],[36.81125,-11.50797],[36.81217,-11.5095],[36.81757,-11.51358],[36.82584,-11.51703],[36.83427,-11.51968],[36.84,-11.52008],[36.84134,-11.52282],[36.83878,-11.53043],[36.83714,-11.53222],[36.83108,-11.5372],[36.82687,-11.53883],[36.81882,-11.5394],[36.81301,-11.54636],[36.81294,-11.54922],[36.81182,-11.55063],[36.8086,-11.5508],[36.80061,-11.57361],[36.79546,-11.60709],[36.77848,-11.62251],[36.7681,-11.64824],[36.76155,-11.64774],[36.74907,-11.65749],[36.71069,-11.67655],[36.69579,-11.69808],[36.68613,-11.70429],[36.67844,-11.70776],[36.66267,-11.71928],[36.64038,-11.72853],[36.63227,-11.73429],[36.61955,-11.72892],[36.5999,-11.70958],[36.58623,-11.70078],[36.57734,-11.69804],[36.57103,-11.70026],[36.56334,-11.71208],[36.55563,-11.72814],[36.54294,-11.73438],[36.52875,-11.7509],[36.5225,-11.76024],[36.51311,-11.7602],[36.5055,-11.75161],[36.50309,-11.73331],[36.51047,-11.72185],[36.51081,-11.71233],[36.51842,-11.7025],[36.51801,-11.69968],[36.49432,-11.68119],[36.4686,-11.6799],[36.46518,-11.68218],[36.46038,-11.68146],[36.43088,-11.68457],[36.41539,-11.68101],[36.40469,-11.68778],[36.39581,-11.68708],[36.39125,-11.67969],[36.38864,-11.67857],[36.39387,-11.67067],[36.38851,-11.65666],[36.39038,-11.65298],[36.38965,-11.64994],[36.3907,-11.64736],[36.39399,-11.64554],[36.39267,-11.64342],[36.39283,-11.64171],[36.39995,-11.6365],[36.39963,-11.63325],[36.40118,-11.62624],[36.39328,-11.62477],[36.39067,-11.62053],[36.38825,-11.61971],[36.38841,-11.61818],[36.39535,-11.61424],[36.39486,-11.60973],[36.39574,-11.60417],[36.39056,-11.60314],[36.39068,-11.58224],[36.40019,-11.57296],[36.40845,-11.57195],[36.41688,-11.56],[36.41788,-11.52491],[36.41182,-11.46101],[36.39092,-11.39459],[36.38613,-11.3661],[36.39061,-11.36276],[36.39044,-11.35308],[36.3992,-11.35164],[36.42623,-11.33965],[36.41916,-11.28973],[36.47085,-11.2563],[36.49116,-11.2449],[36.50156,-11.26266]]]},"properties":{"region":"Ruvuma","district":"Namtumbo","ward":"Magazini","ward_code":"051"}},{"type":"Feature","geometry":{"type":"Polygon","coordinates":[[[36.24515,-11.25653],[36.26918,-11.29822],[36.27245,-11.35275],[36.26961,-11.41655],[36.24356,-11.54089],[36.23265,-11.62258],[36.21786,-11.70903],[36.20107,-11.6932],[36.19589,-11.68417],[36.1905,-11.68081],[36.18562,-11.66616],[36.18208,-11.66081],[36.1853,-11.65073],[36.18372,-11.64277],[36.18155,-11.63928],[36.18469,-11.62355],[36.18835,-11.61802],[36.18637,-11.60239],[36.18673,-11.59944],[36.19944,-11.5878],[36.19985,-11.57991],[36.19196,-11.57203],[36.186,-11.56234],[36.18568,-11.55203],[36.18052,-11.54474],[36.17791,-11.54684],[36.16439,-11.57106],[36.15527,-11.57049],[36.15166,-11.56916],[36.14624,-11.5592],[36.13498,-11.55816],[36.12854,-11.54931],[36.12546,-11.5412],[36.13022,-11.53529],[36.12699,-11.51744],[36.12545,-11.51416],[36.11814,-11.51157],[36.11345,-11.5115],[36.10906,-11.51533],[36.10947,-11.52346],[36.09972,-11.53247],[36.08964,-11.53277],[36.08494,-11.53475],[36.08055,-11.53854],[36.076,-11.54072],[36.06598,-11.54102],[36.0617,-11.53438],[36.06255,-11.52671],[36.05774,-11.52741],[36.05385,-11.51617],[36.04997,-11.5096],[36.04321,-11.50551],[36.04298,-11.49496],[36.02406,-11.48821],[36.01711,-11.48475],[36.00892,-11.48701],[36.00262,-11.48106],[35.99893,-11.48126],[35.99616,-11.47577],[35.99019,-11.47434],[35.98956,-11.46485],[35.98542,-11.45784],[35.98243,-11.45741],[35.97621,-11.46272],[35.97226,-11.46066],[35.96931,-11.45252],[35.96473,-11.4541],[35.96752,-11.46595],[35.96347,-11.46903],[35.95956,-11.46649],[35.95741,-11.46315],[35.95742,-11.45484],[35.95161,-11.44607],[35.95247,-11.43694],[35.94939,-11.42933],[35.94594,-11.4264],[35.94387,-11.4223],[35.94182,-11.423],[35.93935,-11.42657],[35.93595,-11.42931],[35.93155,-11.43851],[35.9209,-11.43534],[35.91121,-11.43749],[35.90299,-11.43232],[35.88961,-11.42958],[35.88391,-11.42529],[35.8819,-11.4251],[35.87786,-11.42901],[35.87492,-11.43006],[35.87105,-11.4295],[35.86841,-11.43115],[35.86628,-11.42951],[35.86532,-11.42627],[35.86842,-11.4238],[35.86935,-11.42116],[35.86772,-11.41839],[35.8679,-11.41551],[35.86959,-11.41441],[35.87238,-11.41577],[35.87401,-11.41484],[35.87196,-11.40936],[35.87041,-11.40934],[35.86738,-11.41247],[35.86561,-11.41226],[35.86542,-11.41002],[35.86724,-11.40856],[35.8695,-11.40842],[35.87109,-11.40632],[35.8738,-11.40932],[35.87621,-11.40832],[35.88178,-11.41123],[35.88381,-11.40996],[35.8864,-11.41021],[35.89125,-11.40434],[35.89129,-11.40223],[35.88839,-11.40154],[35.88639,-11.3995],[35.88206,-11.39225],[35.87566,-11.38991],[35.87595,-11.38853],[35.8778,-11.38788],[35.87824,-11.38664],[35.87569,-11.38404],[35.87795,-11.37932],[35.87715,-11.37853],[35.87482,-11.38013],[35.87292,-11.37793],[35.87243,-11.37617],[35.87608,-11.37415],[35.8724,-11.37031],[35.87235,-11.36922],[35.87697,-11.36878],[35.88071,-11.36992],[35.8797,-11.36829],[35.88047,-11.36361],[35.87969,-11.36106],[35.88256,-11.35766],[35.88336,-11.35504],[35.88282,-11.3535],[35.88197,-11.35358],[35.8795,-11.35553],[35.87786,-11.35565],[35.87469,-11.35284],[35.87748,-11.34412],[35.87404,-11.34309],[35.87444,-11.33901],[35.87295,-11.33844],[35.87052,-11.33925],[35.87003,-11.33827],[35.87195,-11.33592],[35.87197,-11.33239],[35.87319,-11.33009],[35.86931,-11.32852],[35.8684,-11.32704],[35.87041,-11.322],[35.86632,-11.31687],[35.87062,-11.31544],[35.87139,-11.31376],[35.86984,-11.31021],[35.87243,-11.30894],[35.87503,-11.30555],[35.87231,-11.30573],[35.86996,-11.30325],[35.87333,-11.2992],[35.87227,-11.29845],[35.86669,-11.30061],[35.86286,-11.29808],[35.86151,-11.29861],[35.86009,-11.29759],[35.8603,-11.29659],[35.86281,-11.2969],[35.8648,-11.29599],[35.86564,-11.29276],[35.86143,-11.29091],[35.86156,-11.2864],[35.85694,-11.28414],[35.85665,-11.28274],[35.85777,-11.28117],[35.85891,-11.28109],[35.86976,-11.2857],[35.87017,-11.28082],[35.86871,-11.27852],[35.86616,-11.27787],[35.91432,-11.28821],[35.92043,-11.28729],[35.94034,-11.2923],[35.94898,-11.28905],[35.96099,-11.29283],[35.96767,-11.29391],[35.97604,-11.29306],[35.98266,-11.29473],[35.99209,-11.2929],[36.00342,-11.3054],[36.00443,-11.3119],[36.03008,-11.31861],[36.0356,-11.31744],[36.04279,-11.31855],[36.05291,-11.31496],[36.05555,-11.31197],[36.05894,-11.31057],[36.069,-11.30202],[36.0834,-11.30286],[36.0897,-11.30089],[36.09092,-11.29651],[36.0994,-11.2929],[36.10553,-11.29153],[36.11136,-11.28796],[36.11917,-11.28967],[36.12121,-11.28913],[36.12548,-11.28234],[36.13183,-11.28042],[36.15201,-11.27151],[36.16341,-11.27242],[36.18309,-11.2605],[36.21955,-11.25615],[36.24515,-11.25653]]]},"properties":{"region":"Ruvuma","district":"Namtumbo","ward":"Msisima","ward_code":"191"}},{"type":"Feature","geometry":{"type":"Polygon","coordinates":[[[36.01901,-10.66516],[36.01489,-10.67858],[36.01546,-10.68214],[36.01776,-10.6838],[36.01567,-10.68623],[36.0181,-10.69175],[36.01919,-10.69325],[36.02138,-10.69392],[36.02214,-10.69225],[36.02665,-10.69203],[36.0342,-10.69848],[36.03757,-10.69864],[36.0372,-10.70512],[36.02726,-10.70673],[36.01716,-10.70985],[36.01883,-10.72644],[36.02837,-10.72851],[36.03045,-10.72986],[36.03336,-10.7299],[36.03763,-10.73626],[36.03971,-10.74264],[36.04599,-10.74761],[36.05037,-10.75685],[36.06186,-10.76497],[36.05884,-10.77278],[36.04039,-10.76162],[36.02926,-10.74984],[36.02224,-10.74425],[36.01726,-10.74237],[36.01594,-10.74346],[36.00983,-10.74136],[36.00101,-10.74368],[35.99172,-10.74161],[35.98549,-10.74237],[35.98095,-10.74133],[35.97008,-10.74213],[35.95475,-10.73872],[35.94569,-10.73537],[35.93266,-10.7342],[35.91801,-10.73591],[35.89761,-10.73133],[35.88915,-10.72545],[35.87783,-10.73998],[35.89532,-10.71754],[35.90519,-10.70902],[35.90792,-10.70024],[35.91523,-10.68788],[35.91394,-10.66565],[35.92921,-10.66638],[35.96822,-10.66356],[35.97251,-10.66223],[35.97492,-10.66513],[35.97884,-10.66464],[35.99225,-10.66828],[36.00766,-10.65903],[36.01338,-10.65737],[36.01965,-10.65737],[36.02223,-10.65906],[36.01901,-10.66516]]]},"properties":{"region":"Ruvuma","district":"Namtumbo","ward":"Mkongo","ward_code":"021"}},{"type":"Feature","geometry":{"type":"Polygon","coordinates":[[[36.31759,-10.75726],[36.27752,-10.79511],[36.29758,-10.8011],[36.30474,-10.86102],[36.25108,-10.88452],[36.23784,-10.88411],[36.23118,-10.8933],[36.22653,-10.89028],[36.22392,-10.891],[36.21794,-10.88995],[36.21446,-10.89392],[36.21302,-10.89759],[36.2122,-10.89832],[36.2093,-10.89751],[36.20427,-10.90482],[36.20096,-10.90382],[36.20028,-10.90568],[36.19908,-10.90593],[36.19573,-10.90008],[36.19228,-10.90037],[36.18961,-10.89815],[36.18776,-10.89901],[36.18665,-10.90296],[36.1855,-10.9033],[36.18382,-10.9016],[36.18136,-10.90184],[36.17956,-10.90705],[36.17636,-10.90773],[36.17519,-10.90136],[36.17398,-10.90123],[36.17206,-10.9098],[36.16738,-10.90571],[36.15874,-10.90766],[36.15539,-10.91419],[36.15612,-10.91672],[36.15498,-10.91892],[36.14862,-10.91707],[36.14783,-10.91802],[36.14785,-10.92587],[36.14676,-10.92415],[36.14525,-10.92422],[36.14315,-10.92647],[36.14136,-10.93465],[36.12857,-10.94085],[36.12459,-10.94154],[36.12375,-10.94471],[36.11849,-10.94537],[36.11695,-10.95239],[36.11175,-10.95657],[36.10798,-10.95517],[36.10455,-10.9623],[36.09138,-10.98188],[36.08324,-10.98165],[36.08396,-10.98725],[36.08016,-10.98754],[36.07864,-10.9802],[36.07318,-10.97544],[36.07542,-10.96997],[36.07656,-10.96295],[36.07114,-10.95171],[36.06766,-10.94849],[36.06701,-10.94395],[36.06897,-10.93678],[36.06776,-10.93521],[36.06801,-10.93346],[36.06683,-10.93276],[36.06692,-10.92766],[36.05133,-10.92281],[36.01219,-10.90215],[36.00737,-10.89698],[36.00125,-10.89327],[36.0037,-10.89203],[36.00534,-10.88839],[36.00751,-10.88866],[36.00829,-10.8863],[36.01039,-10.88609],[36.01128,-10.88401],[36.00877,-10.88293],[36.00953,-10.87826],[36.00839,-10.87701],[36.00875,-10.87443],[36.01121,-10.87367],[36.01162,-10.86932],[36.01299,-10.86893],[36.01335,-10.86681],[36.01499,-10.86562],[36.0158,-10.86656],[36.01976,-10.86287],[36.02131,-10.86269],[36.02405,-10.85739],[36.02598,-10.85609],[36.02832,-10.85705],[36.03193,-10.85438],[36.03964,-10.8547],[36.04124,-10.8563],[36.04178,-10.85429],[36.04447,-10.85195],[36.04539,-10.85294],[36.04788,-10.8526],[36.04877,-10.85023],[36.05091,-10.84959],[36.05603,-10.84356],[36.05625,-10.84066],[36.05447,-10.84087],[36.05353,-10.83718],[36.05008,-10.83589],[36.05194,-10.83378],[36.05046,-10.82688],[36.05284,-10.82405],[36.05191,-10.82088],[36.05213,-10.81846],[36.05394,-10.81841],[36.05287,-10.81436],[36.05363,-10.81326],[36.0561,-10.81309],[36.05579,-10.81183],[36.0572,-10.81153],[36.05733,-10.81064],[36.0644,-10.80896],[36.06892,-10.80585],[36.07071,-10.80662],[36.07493,-10.80639],[36.07579,-10.80495],[36.07769,-10.80561],[36.08244,-10.80265],[36.08359,-10.80354],[36.08968,-10.80418],[36.11017,-10.77661],[36.12182,-10.77408],[36.13352,-10.77566],[36.14523,-10.77198],[36.1446,-10.76681],[36.12244,-10.75062],[36.13651,-10.72011],[36.16722,-10.70603],[36.17407,-10.69179],[36.26906,-10.67655],[36.2829,-10.70298],[36.31759,-10.75726]]]},"properties":{"region":"Ruvuma","district":"Namtumbo","ward":"Ligera","ward_code":"031"}},{"type":"Feature","geometry":{"type":"Polygon","coordinates":[[[35.81615,-10.50318],[35.81631,-10.51896],[35.80004,-10.55882],[35.80688,-10.55826],[35.81672,-10.60178],[35.82669,-10.62154],[35.82489,-10.63447],[35.81159,-10.65571],[35.79571,-10.6555],[35.77832,-10.6662],[35.77703,-10.63337],[35.75363,-10.60651],[35.75563,-10.59702],[35.75529,-10.58666],[35.74739,-10.54415],[35.7247,-10.54037],[35.72917,-10.52286],[35.7344,-10.51653],[35.73721,-10.50914],[35.74019,-10.50642],[35.74835,-10.50465],[35.75795,-10.50731],[35.75898,-10.496],[35.78215,-10.48687],[35.79185,-10.4858],[35.8008,-10.48185],[35.81342,-10.48661],[35.81615,-10.50318]]]},"properties":{"region":"Ruvuma","district":"Namtumbo","ward":"Msindo","ward_code":"061"}},{"type":"Feature","geometry":{"type":"Polygon","coordinates":[[[36.18347,-10.54774],[36.19539,-10.57631],[36.20968,-10.60076],[36.2182,-10.6255],[36.23033,-10.65357],[36.22876,-10.66646],[36.22055,-10.68132],[36.21659,-10.68518],[36.17407,-10.69179],[36.15202,-10.66655],[36.11541,-10.6699],[36.10277,-10.66247],[36.07412,-10.67155],[36.06588,-10.67558],[36.05774,-10.66823],[36.04066,-10.65968],[36.02982,-10.6586],[36.02687,-10.66024],[36.02223,-10.65906],[36.01965,-10.65737],[36.00803,-10.63519],[36.0063,-10.60423],[36.00693,-10.60021],[36.00548,-10.59665],[36.00773,-10.593],[36.00974,-10.59249],[36.00922,-10.59111],[36.01162,-10.58965],[36.01126,-10.58834],[36.01276,-10.58716],[36.01243,-10.58373],[36.01063,-10.58377],[36.01021,-10.57992],[36.01351,-10.57437],[36.01675,-10.57384],[36.02017,-10.57028],[36.02017,-10.56658],[36.02838,-10.56831],[36.03,-10.56504],[36.03349,-10.56202],[36.03158,-10.56095],[36.03226,-10.55893],[36.03368,-10.55731],[36.03559,-10.55696],[36.04073,-10.55169],[36.04245,-10.551],[36.04356,-10.55481],[36.04269,-10.55856],[36.04707,-10.56998],[36.07018,-10.5654],[36.10755,-10.5651],[36.11805,-10.56681],[36.14206,-10.56258],[36.15726,-10.555],[36.16371,-10.55397],[36.16787,-10.54969],[36.16787,-10.54786],[36.17038,-10.54579],[36.17191,-10.54122],[36.178,-10.53801],[36.18347,-10.54774]]]},"properties":{"region":"Ruvuma","district":"Namtumbo","ward":"Luchili","ward_code":"071"}},{"type":"Feature","geometry":{"type":"Polygon","coordinates":[[[35.83674,-10.51602],[35.85422,-10.51313],[35.87601,-10.51823],[35.87756,-10.51432],[35.88082,-10.51116],[35.88737,-10.51588],[35.89897,-10.52972],[35.89814,-10.54515],[35.89537,-10.56201],[35.89762,-10.57067],[35.89571,-10.57879],[35.90036,-10.5809],[35.89588,-10.59132],[35.89511,-10.59551],[35.90328,-10.59931],[35.91223,-10.60502],[35.90831,-10.6153],[35.90827,-10.61919],[35.90613,-10.62145],[35.90627,-10.62379],[35.90353,-10.62622],[35.90406,-10.62933],[35.90256,-10.63163],[35.90335,-10.63429],[35.89483,-10.64849],[35.88899,-10.64384],[35.88659,-10.64074],[35.88661,-10.6388],[35.88497,-10.63762],[35.88224,-10.63817],[35.88101,-10.6366],[35.87256,-10.63505],[35.87051,-10.63714],[35.8687,-10.63541],[35.86489,-10.6377],[35.86366,-10.63605],[35.86216,-10.6378],[35.86012,-10.63558],[35.85724,-10.63499],[35.85606,-10.63586],[35.84857,-10.63562],[35.84254,-10.63722],[35.83746,-10.63699],[35.83629,-10.63541],[35.83016,-10.6325],[35.82489,-10.63447],[35.82669,-10.62154],[35.81672,-10.60178],[35.80688,-10.55826],[35.80004,-10.55882],[35.81631,-10.51896],[35.83674,-10.51602]],[[35.83674,-10.51603],[35.83675,-10.51603],[35.83674,-10.51602],[35.83674,-10.51603]]]},"properties":{"region":"Ruvuma","district":"Namtumbo","ward":"Namabengo","ward_code":"081"}},{"type":"Feature","geometry":{"type":"MultiPolygon","coordinates":[[[[35.83675,-10.51603],[35.83675,-10.51603],[35.83675,-10.51603],[35.83675,-10.51603]]],[[[35.85195,-10.51384],[35.81631,-10.51896],[35.81615,-10.50316],[35.81342,-10.48661],[35.8008,-10.48185],[35.79185,-10.4858],[35.78215,-10.48687],[35.75898,-10.496],[35.75795,-10.50731],[35.74835,-10.50465],[35.74019,-10.50642],[35.73721,-10.50914],[35.7344,-10.51653],[35.72917,-10.52286],[35.7246,-10.54082],[35.71113,-10.5403],[35.70909,-10.53916],[35.70849,-10.53963],[35.69885,-10.53241],[35.68995,-10.53292],[35.67958,-10.53184],[35.67772,-10.52806],[35.68017,-10.51038],[35.66819,-10.50161],[35.6666,-10.49645],[35.66611,-10.48743],[35.66342,-10.48151],[35.65093,-10.47673],[35.65913,-10.47255],[35.66496,-10.47391],[35.6749,-10.46902],[35.68269,-10.46331],[35.68695,-10.46185],[35.69095,-10.45901],[35.69806,-10.4579],[35.70474,-10.45948],[35.71218,-10.45631],[35.71775,-10.45093],[35.71409,-10.44416],[35.71406,-10.43745],[35.71642,-10.43462],[35.71784,-10.43044],[35.72552,-10.42604],[35.72671,-10.42437],[35.72336,-10.4159],[35.72584,-10.39292],[35.74661,-10.37392],[35.75108,-10.35996],[35.77189,-10.35851],[35.80084,-10.35458],[35.80503,-10.35593],[35.80984,-10.35488],[35.86283,-10.35803],[35.86893,-10.37302],[35.86482,-10.38261],[35.86116,-10.40132],[35.86492,-10.40641],[35.85976,-10.41436],[35.85927,-10.41744],[35.85563,-10.46448],[35.85172,-10.4804],[35.84849,-10.48893],[35.85195,-10.51384]]]]},"properties":{"region":"Ruvuma","district":"Namtumbo","ward":"Hanga","ward_code":"163"}},{"type":"Feature","geometry":{"type":"Polygon","coordinates":[[[35.89761,-10.73133],[35.91801,-10.73591],[35.93266,-10.7342],[35.94569,-10.73537],[35.95475,-10.73872],[35.97008,-10.74213],[35.98095,-10.74133],[35.98549,-10.74237],[35.99172,-10.74161],[36.00101,-10.74368],[36.00983,-10.74136],[36.01594,-10.74346],[36.01726,-10.74237],[36.02224,-10.74425],[36.03537,-10.75546],[36.04039,-10.76162],[36.05829,-10.77175],[36.05967,-10.7743],[36.05969,-10.77795],[36.06208,-10.78181],[36.05494,-10.79362],[36.0648,-10.80129],[36.06892,-10.80585],[36.0644,-10.80896],[36.05733,-10.81064],[36.0572,-10.81153],[36.05579,-10.81183],[36.0561,-10.81309],[36.05363,-10.81326],[36.05287,-10.81436],[36.05394,-10.81841],[36.05213,-10.81846],[36.05284,-10.82405],[36.05046,-10.82688],[36.05194,-10.83378],[36.05008,-10.83589],[36.05353,-10.83718],[36.05447,-10.84087],[36.05625,-10.84066],[36.05603,-10.84356],[36.05091,-10.84959],[36.04877,-10.85023],[36.04788,-10.8526],[36.04539,-10.85294],[36.04447,-10.85195],[36.04178,-10.85429],[36.04124,-10.8563],[36.03964,-10.8547],[36.03193,-10.85438],[36.02832,-10.85705],[36.02598,-10.85609],[36.02405,-10.85739],[36.02131,-10.86269],[36.01976,-10.86287],[36.0158,-10.86656],[36.01499,-10.86562],[36.01335,-10.86681],[36.01299,-10.86893],[36.01162,-10.86932],[36.01121,-10.87367],[36.00875,-10.87443],[36.00839,-10.87701],[36.00953,-10.87826],[36.00877,-10.88293],[36.01128,-10.88401],[36.01039,-10.88609],[36.00829,-10.8863],[36.00751,-10.88866],[36.00534,-10.88839],[36.0037,-10.89203],[36.00125,-10.89327],[35.98373,-10.92428],[35.95003,-10.93757],[35.93102,-10.97799],[35.87812,-10.99974],[35.81335,-11.03849],[35.81675,-11.02474],[35.8109,-10.99062],[35.82765,-10.9379],[35.87938,-10.87549],[35.89053,-10.86396],[35.89546,-10.7981],[35.86217,-10.76007],[35.88915,-10.72545],[35.89761,-10.73133]]]},"properties":{"region":"Ruvuma","district":"Namtumbo","ward":"Limamu","ward_code":"171"}},{"type":"Feature","geometry":{"type":"Polygon","coordinates":[[[36.04066,-10.65968],[36.05774,-10.66823],[36.06588,-10.67558],[36.07412,-10.67155],[36.10277,-10.66247],[36.11541,-10.6699],[36.15202,-10.66655],[36.17407,-10.69179],[36.16722,-10.70603],[36.13651,-10.72011],[36.12244,-10.75062],[36.1446,-10.76681],[36.14523,-10.77198],[36.13352,-10.77566],[36.12182,-10.77408],[36.11017,-10.77661],[36.08968,-10.80418],[36.08359,-10.80354],[36.08244,-10.80265],[36.07769,-10.80561],[36.0767,-10.8047],[36.07493,-10.80639],[36.07071,-10.80662],[36.05494,-10.79362],[36.06208,-10.78181],[36.05969,-10.77795],[36.05884,-10.77278],[36.06186,-10.76497],[36.05037,-10.75685],[36.04599,-10.74761],[36.03971,-10.74264],[36.03763,-10.73626],[36.03336,-10.7299],[36.03045,-10.72986],[36.02837,-10.72851],[36.01883,-10.72644],[36.01716,-10.70985],[36.02726,-10.70673],[36.0372,-10.70512],[36.03757,-10.69864],[36.0342,-10.69848],[36.02665,-10.69203],[36.02214,-10.69225],[36.02138,-10.69392],[36.01919,-10.69325],[36.01567,-10.68623],[36.01776,-10.6838],[36.01546,-10.68214],[36.01489,-10.67858],[36.01615,-10.67344],[36.02223,-10.65906],[36.02687,-10.66024],[36.02982,-10.6586],[36.04066,-10.65968]]]},"properties":{"region":"Ruvuma","district":"Namtumbo","ward":"Mkongo Gulioni","ward_code":"201"}},{"type":"Feature","geometry":{"type":"Polygon","coordinates":[[[36.04407,-11.07206],[36.04064,-11.0839],[36.01603,-11.08068],[36.01481,-11.09329],[36.02203,-11.09695],[36.02049,-11.10179],[36.01166,-11.10133],[36.00634,-11.10887],[35.99842,-11.1107],[35.9938,-11.1223],[35.96847,-11.15576],[35.96489,-11.1704],[35.96378,-11.18312],[35.96783,-11.19136],[35.96543,-11.2035],[35.9471,-11.21195],[35.93819,-11.21862],[35.927,-11.21458],[35.91708,-11.22597],[35.88473,-11.246],[35.86941,-11.27559],[35.86616,-11.27787],[35.86462,-11.27347],[35.86201,-11.27174],[35.86221,-11.27035],[35.86593,-11.26893],[35.86672,-11.26708],[35.86473,-11.2659],[35.86394,-11.26174],[35.86223,-11.26168],[35.8596,-11.25828],[35.85881,-11.25472],[35.85978,-11.25405],[35.85594,-11.25079],[35.85554,-11.2499],[35.85653,-11.24876],[35.85526,-11.24893],[35.85427,-11.24736],[35.85605,-11.24709],[35.85614,-11.24603],[35.85461,-11.24583],[35.85466,-11.24347],[35.85598,-11.24236],[35.85426,-11.2412],[35.85403,-11.23928],[35.85178,-11.23881],[35.85226,-11.23689],[35.84958,-11.23655],[35.84809,-11.23511],[35.84684,-11.23593],[35.84383,-11.23278],[35.84247,-11.23362],[35.83772,-11.23255],[35.83413,-11.234],[35.8324,-11.23185],[35.83333,-11.23114],[35.83328,-11.22956],[35.83246,-11.2301],[35.82996,-11.22893],[35.82806,-11.23105],[35.82721,-11.23056],[35.82821,-11.22999],[35.82776,-11.22897],[35.82578,-11.22902],[35.82522,-11.22786],[35.82547,-11.22657],[35.82781,-11.22644],[35.82426,-11.22326],[35.82083,-11.22278],[35.82007,-11.22182],[35.82045,-11.21871],[35.81859,-11.21501],[35.81428,-11.21581],[35.81309,-11.21383],[35.81149,-11.21406],[35.8096,-11.2124],[35.80788,-11.21396],[35.80593,-11.21398],[35.80529,-11.2153],[35.80359,-11.21403],[35.80031,-11.21428],[35.79803,-11.21227],[35.79989,-11.209],[35.79688,-11.20866],[35.79701,-11.20791],[35.80205,-11.20497],[35.80092,-11.20101],[35.79608,-11.20067],[35.7954,-11.19964],[35.79758,-11.19778],[35.79794,-11.19545],[35.79719,-11.19483],[35.79618,-11.19654],[35.79551,-11.1962],[35.79563,-11.19261],[35.79804,-11.19134],[35.79693,-11.19043],[35.7983,-11.18943],[35.79634,-11.18713],[35.79567,-11.18446],[35.7937,-11.18362],[35.79013,-11.17613],[35.79027,-11.17285],[35.80001,-11.16474],[35.80229,-11.16002],[35.80821,-11.1554],[35.81849,-11.14287],[35.81472,-11.13875],[35.81818,-11.13376],[35.81352,-11.11568],[35.81979,-11.09523],[35.83009,-11.08882],[35.83769,-11.07307],[35.81741,-11.06619],[35.82105,-11.05407],[35.81008,-11.05096],[35.80748,-11.04797],[35.80929,-11.04112],[35.87812,-10.99974],[35.93102,-10.97799],[35.95003,-10.93757],[35.98373,-10.92428],[36.00125,-10.89327],[36.00737,-10.89698],[36.01219,-10.90215],[36.05133,-10.92281],[36.06692,-10.92766],[36.06683,-10.93276],[36.06801,-10.93346],[36.06776,-10.93521],[36.06897,-10.93678],[36.06701,-10.94395],[36.06766,-10.94849],[36.07114,-10.95171],[36.07656,-10.96295],[36.07542,-10.96997],[36.07318,-10.97544],[36.07864,-10.9802],[36.07993,-10.98873],[36.08157,-10.99255],[36.0696,-10.99748],[36.06917,-11.00729],[36.06369,-11.01459],[36.05809,-11.02792],[36.05118,-11.03851],[36.04545,-11.0414],[36.04555,-11.0514],[36.05016,-11.05551],[36.04239,-11.06649],[36.0418,-11.06846],[36.04407,-11.07206]]]},"properties":{"region":"Ruvuma","district":"Namtumbo","ward":"Lisimonji","ward_code":"211"}},{"type":"Feature","geometry":{"type":"Polygon","coordinates":[[[36.12216,-10.4168],[36.14665,-10.4208],[36.16878,-10.42057],[36.1788,-10.41727],[36.2062,-10.41366],[36.21344,-10.43234],[36.21464,-10.43331],[36.21654,-10.43375],[36.21987,-10.43117],[36.2246,-10.43435],[36.23118,-10.43521],[36.23296,-10.43371],[36.23573,-10.43354],[36.23848,-10.43472],[36.24324,-10.43375],[36.24537,-10.43547],[36.24699,-10.43373],[36.24966,-10.43434],[36.25015,-10.43607],[36.25729,-10.43542],[36.27296,-10.44135],[36.2757,-10.43996],[36.28312,-10.44298],[36.2917,-10.45272],[36.31325,-10.46159],[36.32424,-10.46211],[36.33245,-10.4759],[36.35091,-10.48539],[36.31136,-10.50058],[36.30429,-10.52061],[36.28792,-10.52532],[36.28011,-10.53631],[36.27381,-10.53537],[36.27211,-10.53633],[36.26926,-10.53487],[36.26452,-10.53471],[36.26323,-10.53704],[36.2597,-10.53561],[36.25402,-10.53655],[36.24962,-10.53487],[36.24496,-10.53531],[36.22995,-10.52875],[36.22349,-10.52427],[36.21916,-10.52408],[36.21637,-10.52041],[36.21067,-10.52074],[36.20782,-10.51749],[36.2058,-10.51779],[36.20147,-10.52034],[36.19498,-10.52251],[36.18921,-10.52849],[36.18334,-10.52744],[36.178,-10.53801],[36.17191,-10.54122],[36.17038,-10.54579],[36.16787,-10.54786],[36.16787,-10.54969],[36.16527,-10.55263],[36.16371,-10.55397],[36.15726,-10.555],[36.15725,-10.54615],[36.1508,-10.54189],[36.15218,-10.52727],[36.14561,-10.5195],[36.14057,-10.50623],[36.14418,-10.49946],[36.14457,-10.49459],[36.14538,-10.49364],[36.14466,-10.48713],[36.14325,-10.48336],[36.14446,-10.48248],[36.14676,-10.47716],[36.14909,-10.47602],[36.14392,-10.47118],[36.13716,-10.47124],[36.13579,-10.47045],[36.13317,-10.4685],[36.13183,-10.4653],[36.12885,-10.46741],[36.12247,-10.46972],[36.11858,-10.46967],[36.11437,-10.47243],[36.11158,-10.47271],[36.10789,-10.47635],[36.10461,-10.4767],[36.10222,-10.47919],[36.08877,-10.47978],[36.08453,-10.47416],[36.07995,-10.46525],[36.07535,-10.46404],[36.0727,-10.46185],[36.0704,-10.45764],[36.06714,-10.45533],[36.0683,-10.45204],[36.06657,-10.45005],[36.06844,-10.44865],[36.06845,-10.44698],[36.07144,-10.44719],[36.07549,-10.44455],[36.07426,-10.44204],[36.07474,-10.43876],[36.07632,-10.4377],[36.07629,-10.43051],[36.07795,-10.42863],[36.07756,-10.42648],[36.08222,-10.42324],[36.08392,-10.41943],[36.08128,-10.41899],[36.08019,-10.41607],[36.08445,-10.41273],[36.08945,-10.41149],[36.09116,-10.40591],[36.09427,-10.40553],[36.09793,-10.40265],[36.1019,-10.40427],[36.12216,-10.4168]]]},"properties":{"region":"Ruvuma","district":"Namtumbo","ward":"Rwinga","ward_code":"013"}},{"type":"Feature","geometry":{"type":"Polygon","coordinates":[[[35.92319,-9.8162],[35.96896,-9.88792],[35.97166,-9.95314],[35.97052,-10.03872],[35.96155,-10.05552],[35.97989,-10.07494],[35.98221,-10.09458],[35.98839,-10.1103],[35.97764,-10.12791],[35.98272,-10.1402],[35.99249,-10.17447],[35.99533,-10.18031],[35.98642,-10.18929],[35.98639,-10.2014],[35.98918,-10.22218],[35.98811,-10.2251],[35.89269,-10.22148],[35.88794,-10.21816],[35.85673,-10.2179],[35.87002,-10.17658],[35.86713,-10.14897],[35.8516,-10.12229],[35.82323,-10.12388],[35.80673,-10.14049],[35.7852,-10.14573],[35.77724,-10.13909],[35.77218,-10.03876],[35.72743,-10.00407],[35.6957,-9.99381],[35.69467,-9.97062],[35.70026,-9.90588],[35.68737,-9.8703],[35.68347,-9.84074],[35.68848,-9.84206],[35.69374,-9.83997],[35.69638,-9.83653],[35.69833,-9.83567],[35.70045,-9.839],[35.70653,-9.84233],[35.71082,-9.84229],[35.71294,-9.84374],[35.71995,-9.84539],[35.72219,-9.84731],[35.72393,-9.84507],[35.73023,-9.85085],[35.72851,-9.85275],[35.72928,-9.85497],[35.72752,-9.85833],[35.72743,-9.86161],[35.72902,-9.8647],[35.73423,-9.86685],[35.73757,-9.87017],[35.74105,-9.87145],[35.74277,-9.87625],[35.74476,-9.87815],[35.75141,-9.87917],[35.76157,-9.88545],[35.76492,-9.90045],[35.76865,-9.90702],[35.77544,-9.90729],[35.7779,-9.91027],[35.79252,-9.90873],[35.79659,-9.90944],[35.80114,-9.90642],[35.80119,-9.90425],[35.8043,-9.9004],[35.8064,-9.8998],[35.80773,-9.89807],[35.81085,-9.89826],[35.81277,-9.89535],[35.81721,-9.89362],[35.82292,-9.88885],[35.82669,-9.88784],[35.82811,-9.88438],[35.83338,-9.88038],[35.83322,-9.87903],[35.83705,-9.87547],[35.85119,-9.87239],[35.85357,-9.86861],[35.85971,-9.8626],[35.86111,-9.85891],[35.86883,-9.8558],[35.86928,-9.84575],[35.88645,-9.84399],[35.89614,-9.83992],[35.92319,-9.8162]]]},"properties":{"region":"Ruvuma","district":"Namtumbo","ward":"Kitanda","ward_code":"091"}},{"type":"Feature","geometry":{"type":"Polygon","coordinates":[[[36.04656,-10.49086],[36.04514,-10.49953],[36.04958,-10.50659],[36.04904,-10.50981],[36.05014,-10.51097],[36.05185,-10.52217],[36.0516,-10.5261],[36.05294,-10.52753],[36.05175,-10.52912],[36.05266,-10.53368],[36.05534,-10.53593],[36.0545,-10.53866],[36.05543,-10.53923],[36.05552,-10.54463],[36.0518,-10.54661],[36.0437,-10.54859],[36.04245,-10.551],[36.03226,-10.55893],[36.03158,-10.56095],[36.03349,-10.56202],[36.03,-10.56504],[36.02838,-10.56831],[36.02017,-10.56658],[36.02017,-10.57028],[36.01675,-10.57384],[36.01351,-10.57437],[36.01093,-10.57815],[36.01018,-10.58177],[36.01063,-10.58377],[36.01243,-10.58373],[36.01276,-10.58716],[36.01126,-10.58834],[36.01162,-10.58965],[36.00922,-10.59111],[36.00974,-10.59249],[36.00773,-10.593],[36.00548,-10.59665],[36.00693,-10.60021],[36.0063,-10.60423],[36.00803,-10.63519],[35.99658,-10.63186],[35.97914,-10.61925],[35.9697,-10.61014],[35.95531,-10.58425],[35.95874,-10.5801],[35.96478,-10.58007],[35.97255,-10.57151],[35.97544,-10.56986],[35.9773,-10.56699],[35.97839,-10.55883],[35.97813,-10.54789],[35.9798,-10.54484],[35.97975,-10.5422],[35.98191,-10.54067],[35.98253,-10.53647],[35.99126,-10.52414],[35.99772,-10.51819],[35.99667,-10.51604],[35.99924,-10.51456],[35.9981,-10.51258],[36.00388,-10.51118],[36.00231,-10.50847],[36.00227,-10.50524],[36.00551,-10.50234],[36.00634,-10.50261],[36.00716,-10.49777],[36.00703,-10.49428],[36.00232,-10.4969],[35.99958,-10.49538],[35.99907,-10.49414],[35.99635,-10.4946],[35.99477,-10.49246],[35.99266,-10.49223],[35.99031,-10.49028],[35.9869,-10.49012],[35.9752,-10.48246],[35.97756,-10.47235],[35.95466,-10.44995],[35.95898,-10.43196],[35.96879,-10.40513],[35.99507,-10.43445],[36.01749,-10.44953],[36.05464,-10.46092],[36.04656,-10.49086]]]},"properties":{"region":"Ruvuma","district":"Namtumbo","ward":"Luegu","ward_code":"101"}},{"type":"Feature","geometry":{"type":"Polygon","coordinates":[[[35.9341,-10.32448],[35.99687,-10.33711],[36.06904,-10.33437],[36.06661,-10.35538],[36.0766,-10.3853],[36.08231,-10.3945],[36.09293,-10.40109],[36.09427,-10.40553],[36.09116,-10.40591],[36.08945,-10.41149],[36.08445,-10.41273],[36.08019,-10.41607],[36.08128,-10.41899],[36.08392,-10.41943],[36.08222,-10.42324],[36.07756,-10.42648],[36.07795,-10.42863],[36.07629,-10.43051],[36.07632,-10.4377],[36.07474,-10.43876],[36.07426,-10.44204],[36.07549,-10.44455],[36.07144,-10.44719],[36.06845,-10.44698],[36.06844,-10.44865],[36.06657,-10.45005],[36.0683,-10.45204],[36.06714,-10.45533],[36.0704,-10.45764],[36.0727,-10.46185],[36.07535,-10.46404],[36.07995,-10.46525],[36.08453,-10.47416],[36.08877,-10.47978],[36.10222,-10.47919],[36.10461,-10.4767],[36.10789,-10.47635],[36.11158,-10.47271],[36.11437,-10.47243],[36.11858,-10.46967],[36.12247,-10.46972],[36.12885,-10.46741],[36.13183,-10.4653],[36.13317,-10.4685],[36.13579,-10.47045],[36.13716,-10.47124],[36.14392,-10.47118],[36.14909,-10.47602],[36.14676,-10.47716],[36.14446,-10.48248],[36.14325,-10.48336],[36.14466,-10.48713],[36.14538,-10.49364],[36.14457,-10.49459],[36.14418,-10.49946],[36.14057,-10.50623],[36.14561,-10.5195],[36.15218,-10.52727],[36.1508,-10.54189],[36.15725,-10.54615],[36.15726,-10.555],[36.14206,-10.56258],[36.11805,-10.56681],[36.10755,-10.5651],[36.07018,-10.5654],[36.04707,-10.56998],[36.04269,-10.55856],[36.04356,-10.55481],[36.04245,-10.551],[36.0437,-10.54859],[36.0518,-10.54661],[36.05552,-10.54463],[36.05543,-10.53923],[36.0545,-10.53866],[36.05534,-10.53593],[36.05266,-10.53368],[36.05175,-10.52912],[36.05294,-10.52753],[36.0516,-10.5261],[36.05185,-10.52217],[36.05014,-10.51097],[36.04904,-10.50981],[36.04958,-10.50659],[36.04514,-10.49953],[36.04656,-10.49086],[36.05464,-10.46092],[36.01749,-10.44953],[35.99507,-10.43445],[35.96879,-10.40513],[35.95263,-10.40388],[35.94209,-10.41457],[35.9223,-10.41872],[35.91172,-10.41662],[35.90116,-10.42202],[35.88511,-10.41947],[35.87341,-10.42038],[35.85927,-10.41744],[35.85976,-10.41436],[35.86492,-10.40641],[35.86116,-10.40132],[35.86482,-10.38261],[35.86893,-10.37302],[35.86283,-10.35803],[35.90008,-10.31757],[35.91211,-10.32136],[35.9341,-10.32448]]]},"properties":{"region":"Ruvuma","district":"Namtumbo","ward":"Namtumbo","ward_code":"113"}},{"type":"Feature","geometry":{"type":"Polygon","coordinates":[[[36.08605,-9.70291],[36.08749,-9.70412],[36.08622,-9.70577],[36.0858,-9.70882],[36.08749,-9.71084],[36.08449,-9.71283],[36.08588,-9.71423],[36.08583,-9.71603],[36.08888,-9.71478],[36.09024,-9.71641],[36.08744,-9.71815],[36.08284,-9.71643],[36.08357,-9.71921],[36.08232,-9.71981],[36.08243,-9.72129],[36.08654,-9.72542],[36.08508,-9.72971],[36.08823,-9.73028],[36.09012,-9.72834],[36.09107,-9.73296],[36.09348,-9.73388],[36.09417,-9.7326],[36.09278,-9.73119],[36.0931,-9.72797],[36.09767,-9.72978],[36.10108,-9.72546],[36.10247,-9.73171],[36.10581,-9.72933],[36.10903,-9.73101],[36.10711,-9.73263],[36.10742,-9.73996],[36.10493,-9.74057],[36.10494,-9.74149],[36.10755,-9.74428],[36.10919,-9.74212],[36.11206,-9.7423],[36.11253,-9.74701],[36.11442,-9.74624],[36.11799,-9.75009],[36.11865,-9.75196],[36.1174,-9.7522],[36.11776,-9.75304],[36.12369,-9.75087],[36.12488,-9.75201],[36.1274,-9.7524],[36.12661,-9.74909],[36.12731,-9.74898],[36.12974,-9.75113],[36.13326,-9.75156],[36.13417,-9.75308],[36.13552,-9.75028],[36.13977,-9.74988],[36.14042,-9.74697],[36.14356,-9.75236],[36.14729,-9.74874],[36.15014,-9.75228],[36.15442,-9.75318],[36.15503,-9.75116],[36.15647,-9.75133],[36.16111,-9.75464],[36.16226,-9.75334],[36.16135,-9.75181],[36.16389,-9.74918],[36.16519,-9.74456],[36.16948,-9.74514],[36.17038,-9.74165],[36.17448,-9.74152],[36.17422,-9.73901],[36.17523,-9.73873],[36.17648,-9.74005],[36.17613,-9.74081],[36.17797,-9.74063],[36.17849,-9.74259],[36.17978,-9.74271],[36.17952,-9.73994],[36.18114,-9.7377],[36.18317,-9.73762],[36.1877,-9.73209],[36.18843,-9.73566],[36.19033,-9.73639],[36.19129,-9.73598],[36.1918,-9.7327],[36.19452,-9.73292],[36.19602,-9.73592],[36.1985,-9.73726],[36.19986,-9.73537],[36.20284,-9.73849],[36.20634,-9.73872],[36.20728,-9.73731],[36.21224,-9.73816],[36.21469,-9.73642],[36.21651,-9.73707],[36.21728,-9.73468],[36.22864,-9.73648],[36.24225,-9.7338],[36.24453,-9.73207],[36.24418,-9.73456],[36.24491,-9.73497],[36.25615,-9.73443],[36.25757,-9.73672],[36.26135,-9.73445],[36.26278,-9.73656],[36.26423,-9.73643],[36.26593,-9.73817],[36.2728,-9.73828],[36.27361,-9.73787],[36.27364,-9.73601],[36.2769,-9.73596],[36.27745,-9.73803],[36.28564,-9.73837],[36.28991,-9.73737],[36.29468,-9.73878],[36.29526,-9.74311],[36.2982,-9.74265],[36.30525,-9.74663],[36.30889,-9.74608],[36.31033,-9.74468],[36.31282,-9.73595],[36.31623,-9.73726],[36.31697,-9.73681],[36.31688,-9.73463],[36.31819,-9.73381],[36.32155,-9.73793],[36.32631,-9.73884],[36.32744,-9.73586],[36.33299,-9.73235],[36.33817,-9.72754],[36.345,-9.72902],[36.34764,-9.7258],[36.34916,-9.72782],[36.35609,-9.7301],[36.35793,-9.72556],[36.36241,-9.72414],[36.36864,-9.72689],[36.36954,-9.72835],[36.36432,-9.73923],[36.36151,-9.75253],[36.3524,-9.76289],[36.34798,-9.75443],[36.3219,-9.77293],[36.29178,-9.78751],[36.27267,-9.85884],[36.21507,-9.94929],[36.20748,-10.03461],[36.21039,-10.03956],[36.20678,-10.045],[36.20713,-10.05288],[36.20077,-10.06123],[36.20695,-10.07404],[36.19645,-10.0836],[36.19734,-10.09117],[36.20328,-10.09057],[36.21174,-10.09672],[36.20991,-10.10097],[36.21131,-10.11104],[36.21663,-10.12319],[36.21513,-10.12533],[36.21094,-10.12512],[36.20905,-10.12786],[36.20859,-10.13434],[36.20473,-10.13815],[36.20315,-10.136],[36.20004,-10.14179],[36.19799,-10.1403],[36.19694,-10.14206],[36.19365,-10.14072],[36.19049,-10.1423],[36.18391,-10.14343],[36.18593,-10.14816],[36.1882,-10.15087],[36.1881,-10.15389],[36.18618,-10.15503],[36.18265,-10.16041],[36.18175,-10.16458],[36.18018,-10.16409],[36.1734,-10.16668],[36.1762,-10.16865],[36.17613,-10.17041],[36.173,-10.1719],[36.17548,-10.17464],[36.17486,-10.17915],[36.17272,-10.18146],[36.17039,-10.18117],[36.1705,-10.18321],[36.17392,-10.18291],[36.1756,-10.18611],[36.17239,-10.19045],[36.17207,-10.19659],[36.16772,-10.20925],[36.16882,-10.21153],[36.1674,-10.21583],[36.1681,-10.21842],[36.16581,-10.2231],[36.16631,-10.22515],[36.16468,-10.22647],[36.16324,-10.22262],[36.16022,-10.22718],[36.15635,-10.22726],[36.15691,-10.23226],[36.16089,-10.23356],[36.16152,-10.23799],[36.16383,-10.23916],[36.16136,-10.24547],[36.15569,-10.24763],[36.15531,-10.25685],[36.15438,-10.25724],[36.15567,-10.26415],[36.15367,-10.26745],[36.15443,-10.26919],[36.15801,-10.27061],[36.15751,-10.27354],[36.15301,-10.27643],[36.15561,-10.27927],[36.15536,-10.28418],[36.16008,-10.28947],[36.15754,-10.29068],[36.15628,-10.2973],[36.15446,-10.29825],[36.15218,-10.30444],[36.15268,-10.31336],[36.15417,-10.31973],[36.15174,-10.32388],[36.15158,-10.32861],[36.14906,-10.32971],[36.14793,-10.33224],[36.14602,-10.33244],[36.1458,-10.33432],[36.14884,-10.33715],[36.14507,-10.338],[36.14521,-10.33965],[36.14359,-10.34117],[36.1383,-10.34263],[36.1302,-10.33888],[36.12913,-10.33668],[36.11926,-10.333],[36.11426,-10.33364],[36.08911,-10.33297],[36.05747,-10.33517],[35.99687,-10.33711],[35.96695,-10.33178],[35.9341,-10.32448],[35.91211,-10.32136],[35.90898,-10.32037],[35.91051,-10.31077],[35.92109,-10.29829],[35.92392,-10.29118],[35.9252,-10.29066],[35.9357,-10.27054],[35.93679,-10.26952],[35.9385,-10.27001],[35.94032,-10.26654],[35.95498,-10.25969],[35.96425,-10.26268],[35.97385,-10.24741],[35.97453,-10.24385],[35.97584,-10.24251],[35.97505,-10.24142],[35.97638,-10.24063],[35.97839,-10.23587],[35.97994,-10.23547],[35.98065,-10.23164],[35.98303,-10.23063],[35.98597,-10.23091],[35.98918,-10.22218],[35.98639,-10.2014],[35.98642,-10.18929],[35.99533,-10.18031],[35.99249,-10.17447],[35.98272,-10.1402],[35.97764,-10.12791],[35.98839,-10.1103],[35.98221,-10.09458],[35.97989,-10.07494],[35.96155,-10.05552],[35.97052,-10.03872],[35.97166,-9.95314],[35.96896,-9.88792],[35.92319,-9.8162],[35.93525,-9.80702],[35.94072,-9.7996],[35.94121,-9.78704],[35.93956,-9.78484],[35.94074,-9.7815],[35.9398,-9.77005],[35.94591,-9.76809],[35.94689,-9.76643],[35.94821,-9.76679],[35.94988,-9.76545],[35.9512,-9.76544],[35.95246,-9.7668],[35.95298,-9.76403],[35.95637,-9.76323],[35.95666,-9.76446],[35.95848,-9.76421],[35.96026,-9.76624],[35.96655,-9.75814],[35.96974,-9.7582],[35.96986,-9.7566],[35.97284,-9.7543],[35.97393,-9.75518],[35.97431,-9.75344],[35.97645,-9.75401],[35.97716,-9.75264],[35.97829,-9.75257],[35.97946,-9.75348],[35.98429,-9.75147],[35.98476,-9.75256],[35.98648,-9.75041],[35.98748,-9.75104],[35.98984,-9.75039],[35.99024,-9.74756],[35.99132,-9.74694],[35.99259,-9.74854],[35.99347,-9.74625],[35.99583,-9.74634],[35.99941,-9.74351],[36.00268,-9.74286],[36.00281,-9.74457],[36.00701,-9.74066],[36.00791,-9.7422],[36.00798,-9.73968],[36.00927,-9.73883],[36.01195,-9.7403],[36.01316,-9.7397],[36.01561,-9.74037],[36.01869,-9.73589],[36.02315,-9.73567],[36.02518,-9.73063],[36.03111,-9.73064],[36.03195,-9.73205],[36.03581,-9.73014],[36.0378,-9.7308],[36.03882,-9.72855],[36.03951,-9.72941],[36.03876,-9.72573],[36.0415,-9.72454],[36.04353,-9.72592],[36.04471,-9.72344],[36.0458,-9.72455],[36.04693,-9.7235],[36.04874,-9.72445],[36.04968,-9.72227],[36.05125,-9.72305],[36.05208,-9.72177],[36.05307,-9.72333],[36.05473,-9.72314],[36.05632,-9.7257],[36.05706,-9.72513],[36.05498,-9.72187],[36.05576,-9.72003],[36.05674,-9.71929],[36.05802,-9.71995],[36.05952,-9.71873],[36.05944,-9.71637],[36.06349,-9.7136],[36.06395,-9.71103],[36.06627,-9.71003],[36.06657,-9.70852],[36.06892,-9.70747],[36.06808,-9.70609],[36.07151,-9.70531],[36.07298,-9.70766],[36.07608,-9.70606],[36.07832,-9.70617],[36.07856,-9.70476],[36.07985,-9.70473],[36.08074,-9.70597],[36.08361,-9.70571],[36.08417,-9.705],[36.08349,-9.70352],[36.08614,-9.70383],[36.08605,-9.70291]]]},"properties":{"region":"Ruvuma","district":"Namtumbo","ward":"Mgombasi","ward_code":"121"}},{"type":"Feature","geometry":{"type":"Polygon","coordinates":[[[35.96879,-10.40513],[35.95898,-10.43196],[35.95466,-10.44995],[35.97756,-10.47235],[35.9752,-10.48246],[35.9869,-10.49012],[35.99031,-10.49028],[35.99266,-10.49223],[35.99477,-10.49246],[35.99635,-10.4946],[35.99907,-10.49414],[35.99958,-10.49538],[36.00232,-10.4969],[36.00703,-10.49428],[36.00716,-10.49777],[36.00634,-10.50261],[36.00551,-10.50234],[36.00227,-10.50524],[36.00231,-10.50847],[36.00388,-10.51118],[35.9981,-10.51258],[35.99924,-10.51456],[35.99667,-10.51604],[35.99772,-10.51819],[35.99126,-10.52414],[35.98253,-10.53647],[35.98191,-10.54067],[35.97975,-10.5422],[35.9798,-10.54484],[35.97813,-10.54789],[35.97839,-10.55883],[35.9773,-10.56699],[35.97544,-10.56986],[35.97255,-10.57151],[35.96478,-10.58007],[35.95874,-10.5801],[35.95531,-10.58425],[35.9697,-10.61014],[35.97914,-10.61925],[35.99658,-10.63186],[36.00803,-10.63519],[36.01965,-10.65737],[36.01338,-10.65737],[36.00766,-10.65903],[35.99225,-10.66828],[35.97884,-10.66464],[35.97492,-10.66513],[35.97251,-10.66223],[35.96822,-10.66356],[35.92921,-10.66638],[35.91394,-10.66565],[35.90957,-10.65776],[35.90758,-10.65732],[35.9076,-10.65571],[35.90538,-10.65447],[35.90231,-10.64996],[35.89483,-10.64849],[35.90335,-10.63429],[35.90256,-10.63163],[35.90406,-10.62933],[35.90353,-10.62622],[35.90627,-10.62379],[35.90613,-10.62145],[35.90827,-10.61919],[35.90831,-10.6153],[35.91223,-10.60502],[35.90328,-10.59931],[35.89511,-10.59551],[35.89588,-10.59132],[35.90036,-10.5809],[35.89571,-10.57879],[35.89762,-10.57067],[35.89537,-10.56201],[35.89814,-10.54515],[35.89897,-10.52972],[35.88737,-10.51588],[35.88082,-10.51116],[35.87756,-10.51432],[35.87601,-10.51823],[35.85422,-10.51313],[35.85195,-10.51384],[35.84849,-10.48893],[35.85172,-10.4804],[35.85563,-10.46448],[35.85927,-10.41744],[35.87341,-10.42038],[35.88511,-10.41947],[35.90116,-10.42202],[35.91172,-10.41662],[35.9223,-10.41872],[35.94209,-10.41457],[35.95263,-10.40388],[35.96879,-10.40513]]]},"properties":{"region":"Ruvuma","district":"Namtumbo","ward":"Litola","ward_code":"131"}},{"type":"Feature","geometry":{"type":"Polygon","coordinates":[[[37.05247,-9.75202],[37.04159,-9.79092],[37.01303,-9.8021],[36.98147,-9.87207],[36.97017,-9.88869],[36.90487,-9.92861],[36.88862,-9.94404],[36.88219,-10.01861],[36.86949,-10.05215],[36.87398,-10.09393],[36.88896,-10.10044],[36.89133,-10.11675],[36.87829,-10.11949],[36.87987,-10.13512],[36.86842,-10.13887],[36.86761,-10.14651],[36.87515,-10.15471],[36.86967,-10.16289],[36.87539,-10.17796],[36.86613,-10.20242],[36.85306,-10.19713],[36.84632,-10.21768],[36.83301,-10.22329],[36.81265,-10.24208],[36.78592,-10.26149],[36.77644,-10.26528],[36.76448,-10.27492],[36.77059,-10.27995],[36.76841,-10.285],[36.76019,-10.28792],[36.75605,-10.2941],[36.76059,-10.30369],[36.75721,-10.30672],[36.76277,-10.314],[36.75036,-10.32845],[36.73957,-10.32938],[36.73538,-10.33752],[36.72792,-10.3397],[36.72372,-10.34951],[36.71992,-10.34848],[36.71084,-10.35198],[36.70743,-10.36138],[36.70138,-10.36472],[36.69848,-10.37439],[36.69584,-10.3759],[36.69494,-10.37754],[36.69542,-10.38191],[36.67,-10.38057],[36.62606,-10.31633],[36.61077,-10.3856],[36.5272,-10.44519],[36.43875,-10.45261],[36.3719,-10.43779],[36.32094,-10.45675],[36.31325,-10.46159],[36.2917,-10.45272],[36.28312,-10.44298],[36.2757,-10.43996],[36.27296,-10.44135],[36.25729,-10.43542],[36.25015,-10.43607],[36.24966,-10.43434],[36.24699,-10.43373],[36.24537,-10.43547],[36.24324,-10.43375],[36.23848,-10.43472],[36.23573,-10.43354],[36.23296,-10.43371],[36.23118,-10.43521],[36.2246,-10.43435],[36.21987,-10.43117],[36.21654,-10.43375],[36.21464,-10.43331],[36.21344,-10.43234],[36.2062,-10.41366],[36.1788,-10.41727],[36.16878,-10.42057],[36.14665,-10.4208],[36.12216,-10.4168],[36.1019,-10.40427],[36.09793,-10.40265],[36.09427,-10.40553],[36.09293,-10.40109],[36.08231,-10.3945],[36.0766,-10.3853],[36.06661,-10.35538],[36.06904,-10.33437],[36.08911,-10.33297],[36.11426,-10.33364],[36.11926,-10.333],[36.12913,-10.33668],[36.1302,-10.33888],[36.1383,-10.34263],[36.14359,-10.34117],[36.14521,-10.33965],[36.14507,-10.338],[36.14884,-10.33715],[36.1458,-10.33432],[36.14602,-10.33244],[36.14793,-10.33224],[36.14906,-10.32971],[36.15158,-10.32861],[36.15174,-10.32388],[36.15417,-10.31973],[36.15268,-10.31336],[36.15218,-10.30444],[36.15446,-10.29825],[36.15628,-10.2973],[36.15754,-10.29068],[36.16008,-10.28947],[36.15536,-10.28418],[36.15561,-10.27927],[36.15301,-10.27643],[36.15751,-10.27354],[36.15801,-10.27061],[36.15443,-10.26919],[36.15367,-10.26745],[36.15567,-10.26415],[36.15438,-10.25724],[36.15531,-10.25685],[36.15569,-10.24763],[36.16136,-10.24547],[36.16383,-10.23916],[36.16152,-10.23799],[36.16089,-10.23356],[36.15691,-10.23226],[36.15635,-10.22726],[36.16022,-10.22718],[36.16324,-10.22262],[36.16468,-10.22647],[36.16631,-10.22515],[36.16581,-10.2231],[36.1681,-10.21842],[36.1674,-10.21583],[36.16882,-10.21153],[36.16772,-10.20925],[36.17207,-10.19659],[36.17239,-10.19045],[36.1756,-10.18611],[36.17392,-10.18291],[36.1705,-10.18321],[36.17039,-10.18117],[36.17272,-10.18146],[36.17486,-10.17915],[36.17548,-10.17464],[36.173,-10.1719],[36.17613,-10.17041],[36.1762,-10.16865],[36.1734,-10.16668],[36.18018,-10.16409],[36.18175,-10.16458],[36.18265,-10.16041],[36.18618,-10.15503],[36.1881,-10.15389],[36.1882,-10.15087],[36.18593,-10.14816],[36.18391,-10.14343],[36.19049,-10.1423],[36.19365,-10.14072],[36.19694,-10.14206],[36.19799,-10.1403],[36.20004,-10.14179],[36.20315,-10.136],[36.20473,-10.13815],[36.20859,-10.13434],[36.20905,-10.12786],[36.21094,-10.12512],[36.21513,-10.12533],[36.21663,-10.12319],[36.21131,-10.11104],[36.20991,-10.10097],[36.21174,-10.09672],[36.20328,-10.09057],[36.19734,-10.09117],[36.19645,-10.0836],[36.20695,-10.07404],[36.20077,-10.06123],[36.20713,-10.05288],[36.20678,-10.045],[36.21039,-10.03956],[36.20748,-10.03461],[36.21507,-9.94929],[36.27267,-9.85884],[36.29178,-9.78751],[36.3219,-9.77293],[36.34798,-9.75443],[36.3524,-9.76289],[36.36151,-9.75253],[36.36432,-9.73923],[36.36954,-9.72835],[36.37221,-9.7327],[36.37629,-9.73113],[36.37719,-9.73327],[36.3792,-9.73431],[36.38174,-9.73324],[36.38351,-9.72812],[36.38076,-9.72499],[36.37848,-9.72031],[36.38496,-9.71411],[36.39028,-9.71047],[36.3908,-9.70627],[36.39291,-9.70287],[36.39926,-9.70022],[36.39967,-9.69826],[36.39718,-9.69621],[36.40353,-9.68734],[36.40619,-9.69019],[36.40877,-9.68771],[36.40883,-9.68194],[36.40687,-9.67792],[36.40786,-9.67472],[36.4116,-9.67313],[36.41525,-9.66824],[36.41743,-9.66886],[36.41949,-9.67336],[36.42621,-9.67055],[36.4255,-9.66686],[36.42627,-9.66044],[36.42784,-9.65676],[36.43279,-9.65853],[36.4384,-9.65449],[36.43512,-9.65173],[36.43476,-9.64917],[36.44063,-9.64365],[36.44809,-9.64129],[36.44949,-9.63604],[36.44679,-9.63115],[36.44681,-9.62891],[36.45248,-9.62344],[36.45106,-9.62098],[36.45113,-9.61832],[36.45375,-9.61584],[36.45394,-9.61241],[36.45543,-9.61074],[36.45976,-9.61212],[36.46304,-9.61178],[36.46472,-9.60747],[36.46861,-9.60738],[36.47021,-9.60876],[36.46965,-9.61024],[36.46657,-9.61102],[36.46597,-9.61249],[36.46853,-9.61569],[36.46754,-9.61767],[36.46593,-9.61672],[36.46463,-9.6206],[36.46666,-9.62153],[36.47256,-9.62055],[36.47296,-9.62195],[36.47084,-9.62337],[36.46911,-9.63009],[36.47034,-9.63326],[36.4706,-9.63794],[36.46782,-9.64017],[36.46696,-9.64226],[36.46857,-9.64633],[36.4677,-9.64707],[36.4653,-9.64488],[36.46431,-9.64517],[36.46497,-9.64837],[36.46376,-9.6511],[36.46562,-9.65389],[36.46074,-9.65572],[36.457,-9.65277],[36.45416,-9.6528],[36.45321,-9.65506],[36.45833,-9.65693],[36.4579,-9.65911],[36.45411,-9.66233],[36.45355,-9.66478],[36.45661,-9.6659],[36.45638,-9.66919],[36.45238,-9.67022],[36.4513,-9.67277],[36.45591,-9.67498],[36.46014,-9.68045],[36.46292,-9.68933],[36.46562,-9.69149],[36.47903,-9.69166],[36.48533,-9.69732],[36.4875,-9.70472],[36.49552,-9.70713],[36.49917,-9.71608],[36.4942,-9.7207],[36.49621,-9.72627],[36.49975,-9.73108],[36.50046,-9.73581],[36.49381,-9.74213],[36.49235,-9.74602],[36.49797,-9.7514],[36.497,-9.75861],[36.50089,-9.76112],[36.50373,-9.76569],[36.50653,-9.76608],[36.50692,-9.76294],[36.50898,-9.76334],[36.51145,-9.76798],[36.51234,-9.76816],[36.51472,-9.76518],[36.51315,-9.76083],[36.51457,-9.75967],[36.51662,-9.7621],[36.51679,-9.76604],[36.52076,-9.76704],[36.52022,-9.77031],[36.51808,-9.7739],[36.51822,-9.77702],[36.52264,-9.78155],[36.51916,-9.78381],[36.51893,-9.78906],[36.51556,-9.79276],[36.51046,-9.79595],[36.5154,-9.79982],[36.5178,-9.80383],[36.51521,-9.80574],[36.51121,-9.81862],[36.51603,-9.81635],[36.52576,-9.81588],[36.55381,-9.79432],[36.57396,-9.79285],[36.68684,-9.75234],[36.71283,-9.76024],[36.75108,-9.75468],[36.77363,-9.75468],[36.8606,-9.70746],[36.91326,-9.67452],[36.96198,-9.65586],[36.99741,-9.63522],[37.06272,-9.61401],[37.12563,-9.59032],[37.13907,-9.59053],[37.12275,-9.64648],[37.08784,-9.72787],[37.05247,-9.75202]]]},"properties":{"region":"Ruvuma","district":"Namtumbo","ward":"Likuyuseka","ward_code":"141"}},{"type":"Feature","geometry":{"type":"Polygon","coordinates":[[[35.98811,-10.2251],[35.98597,-10.23091],[35.98303,-10.23063],[35.98065,-10.23164],[35.97994,-10.23547],[35.97839,-10.23587],[35.97638,-10.24063],[35.97505,-10.24142],[35.97584,-10.24251],[35.97453,-10.24385],[35.97385,-10.24741],[35.96425,-10.26268],[35.95498,-10.25969],[35.94032,-10.26654],[35.9385,-10.27001],[35.93679,-10.26952],[35.9357,-10.27054],[35.9252,-10.29066],[35.92392,-10.29118],[35.92109,-10.29829],[35.91051,-10.31077],[35.90919,-10.32013],[35.90008,-10.31757],[35.86283,-10.35803],[35.80984,-10.35488],[35.80503,-10.35593],[35.80084,-10.35458],[35.77189,-10.35851],[35.75108,-10.35996],[35.75695,-10.33283],[35.77012,-10.31564],[35.76311,-10.27309],[35.73982,-10.26496],[35.73613,-10.24491],[35.78905,-10.2593],[35.85522,-10.25677],[35.85474,-10.22409],[35.85673,-10.2179],[35.88794,-10.21816],[35.89269,-10.22148],[35.98811,-10.2251]]]},"properties":{"region":"Ruvuma","district":"Namtumbo","ward":"Mputa","ward_code":"151"}},{"type":"Feature","geometry":{"type":"Polygon","coordinates":[[[36.67,-10.38057],[36.69613,-10.38191],[36.70551,-10.39852],[36.70246,-10.41766],[36.69378,-10.43929],[36.65303,-10.4764],[36.59822,-10.53622],[36.57653,-10.57387],[36.55519,-10.61685],[36.53859,-10.66382],[36.5384,-10.6813],[36.54403,-10.70344],[36.54262,-10.72918],[36.53924,-10.74662],[36.58767,-10.81774],[36.61264,-10.83428],[36.68329,-10.83313],[36.72229,-10.87325],[36.76854,-10.90619],[36.7855,-10.94973],[36.78704,-11.00046],[36.76148,-11.05728],[36.72047,-11.0802],[36.71905,-11.08176],[36.71802,-11.08474],[36.71904,-11.08846],[36.71574,-11.09109],[36.71781,-11.09254],[36.71763,-11.09556],[36.71997,-11.09818],[36.71892,-11.10237],[36.71785,-11.10222],[36.71515,-11.10443],[36.71496,-11.10591],[36.71598,-11.10719],[36.71879,-11.10793],[36.71865,-11.11245],[36.71392,-11.11087],[36.71486,-11.11607],[36.72038,-11.11858],[36.72044,-11.12419],[36.7186,-11.12693],[36.71842,-11.13406],[36.72411,-11.13765],[36.72395,-11.14218],[36.72085,-11.1442],[36.72155,-11.14672],[36.72366,-11.14689],[36.724,-11.15014],[36.72807,-11.15359],[36.7276,-11.15888],[36.7327,-11.16083],[36.73241,-11.16339],[36.73061,-11.1652],[36.73644,-11.16785],[36.74008,-11.17422],[36.74142,-11.18101],[36.74676,-11.18109],[36.74705,-11.18674],[36.74946,-11.18883],[36.75464,-11.18572],[36.75619,-11.191],[36.75587,-11.19622],[36.7577,-11.19975],[36.75936,-11.20096],[36.7624,-11.20014],[36.76467,-11.19679],[36.76869,-11.19713],[36.76922,-11.20145],[36.76649,-11.20399],[36.76639,-11.20721],[36.76944,-11.20957],[36.7719,-11.21008],[36.7722,-11.21192],[36.76886,-11.21582],[36.76866,-11.22198],[36.7653,-11.22528],[36.76712,-11.22812],[36.77234,-11.2307],[36.77449,-11.23315],[36.77099,-11.24197],[36.77051,-11.24822],[36.76611,-11.25079],[36.76601,-11.25213],[36.76997,-11.25453],[36.77155,-11.25681],[36.76795,-11.2624],[36.77053,-11.26601],[36.76764,-11.27555],[36.76823,-11.27944],[36.6502,-11.29304],[36.60224,-11.30346],[36.53365,-11.30892],[36.50156,-11.26266],[36.49116,-11.2449],[36.46579,-11.21276],[36.40355,-11.01425],[36.28947,-10.98623],[36.1855,-10.9033],[36.18665,-10.90296],[36.18776,-10.89901],[36.18961,-10.89815],[36.19228,-10.90037],[36.19573,-10.90008],[36.19908,-10.90593],[36.20028,-10.90568],[36.20096,-10.90382],[36.20427,-10.90482],[36.2093,-10.89751],[36.2122,-10.89832],[36.21302,-10.89759],[36.21446,-10.89392],[36.21794,-10.88995],[36.22392,-10.891],[36.22653,-10.89028],[36.23118,-10.8933],[36.23784,-10.88411],[36.25108,-10.88452],[36.30474,-10.86102],[36.29758,-10.8011],[36.27752,-10.79511],[36.31759,-10.75726],[36.2829,-10.70298],[36.26906,-10.67655],[36.21659,-10.68518],[36.22055,-10.68132],[36.22876,-10.66646],[36.23033,-10.65357],[36.2182,-10.6255],[36.20968,-10.60076],[36.19539,-10.57631],[36.18347,-10.54774],[36.178,-10.53801],[36.18334,-10.52744],[36.18921,-10.52849],[36.19498,-10.52251],[36.20782,-10.51749],[36.21067,-10.52074],[36.21637,-10.52041],[36.21916,-10.52408],[36.22349,-10.52427],[36.22995,-10.52875],[36.24496,-10.53531],[36.24962,-10.53487],[36.25402,-10.53655],[36.2597,-10.53561],[36.26323,-10.53704],[36.26452,-10.53471],[36.26926,-10.53487],[36.27211,-10.53633],[36.27381,-10.53537],[36.28011,-10.53631],[36.28792,-10.52532],[36.30429,-10.52061],[36.31136,-10.50058],[36.35091,-10.48539],[36.33245,-10.4759],[36.32424,-10.46211],[36.31325,-10.46159],[36.32094,-10.45675],[36.3719,-10.43779],[36.43875,-10.45261],[36.5272,-10.44519],[36.61077,-10.3856],[36.62606,-10.31633],[36.67,-10.38057]]]},"properties":{"region":"Ruvuma","district":"Namtumbo","ward":"Mchomoro","ward_code":"181"}}]}