{"type":"FeatureCollection","features":[{"type":"Feature","geometry":{"type":"Polygon","coordinates":[[[32.27668,-3.76857],[32.28356,-3.77735],[32.28961,-3.77631],[32.29283,-3.77794],[32.29327,-3.78146],[32.29969,-3.78139],[32.30978,-3.79194],[32.31316,-3.79142],[32.35601,-3.81134],[32.35535,-3.81678],[32.3526,-3.82335],[32.3545,-3.83057],[32.35014,-3.84015],[32.34719,-3.84178],[32.34311,-3.83949],[32.32914,-3.84049],[32.32323,-3.84695],[32.3143,-3.84743],[32.30807,-3.8384],[32.30235,-3.84338],[32.30292,-3.85076],[32.30006,-3.86582],[32.26266,-3.84877],[32.24876,-3.84398],[32.24631,-3.83895],[32.23233,-3.84152],[32.22579,-3.84365],[32.21837,-3.83931],[32.20116,-3.81706],[32.1821,-3.8174],[32.16925,-3.8141],[32.16387,-3.79869],[32.15456,-3.78887],[32.13127,-3.7687],[32.14853,-3.75203],[32.14954,-3.74953],[32.1517,-3.75023],[32.15727,-3.74642],[32.16051,-3.74644],[32.18435,-3.78421],[32.19498,-3.77663],[32.22069,-3.74653],[32.22382,-3.73614],[32.24176,-3.74499],[32.24345,-3.74948],[32.25084,-3.75303],[32.25893,-3.76174],[32.27668,-3.76857]]]},"properties":{"region":"Shinyanga","district":"Kahama","ward":"Igwamanoni","ward_code":"021"}},{"type":"Feature","geometry":{"type":"Polygon","coordinates":[[[32.30807,-3.8384],[32.3143,-3.84743],[32.32323,-3.84695],[32.33392,-3.86055],[32.34837,-3.85634],[32.36197,-3.86129],[32.3684,-3.86627],[32.37047,-3.88405],[32.35574,-3.89306],[32.36472,-3.9005],[32.36788,-3.91709],[32.3751,-3.9326],[32.37794,-3.94811],[32.3691,-3.95415],[32.34029,-3.97074],[32.33674,-3.97103],[32.32334,-3.97926],[32.31046,-3.97422],[32.30544,-3.9802],[32.28561,-3.98625],[32.27863,-3.973],[32.264,-3.97729],[32.25324,-3.97304],[32.2373,-3.96089],[32.2265,-3.94505],[32.2378,-3.92725],[32.23803,-3.92182],[32.26034,-3.92884],[32.26732,-3.91828],[32.2629,-3.86876],[32.26266,-3.84877],[32.30006,-3.86582],[32.30292,-3.85076],[32.30235,-3.84338],[32.30807,-3.8384]],[[32.30191,-3.98126],[32.30191,-3.98126],[32.30191,-3.98126],[32.30191,-3.98126]]]},"properties":{"region":"Shinyanga","district":"Kahama","ward":"Sabasabini","ward_code":"031"}},{"type":"Feature","geometry":{"type":"Polygon","coordinates":[[[32.3635,-3.81733],[32.37316,-3.81736],[32.40124,-3.83713],[32.40633,-3.8381],[32.41389,-3.84269],[32.41157,-3.86132],[32.41252,-3.87421],[32.42408,-3.88104],[32.42293,-3.8894],[32.42615,-3.89827],[32.42834,-3.91458],[32.4267,-3.92413],[32.42994,-3.92785],[32.44573,-3.93418],[32.44007,-3.9387],[32.43363,-3.94137],[32.43221,-3.94435],[32.42114,-3.95451],[32.41041,-3.96174],[32.40467,-3.9695],[32.39588,-3.96661],[32.38136,-3.94986],[32.37794,-3.94811],[32.3751,-3.9326],[32.36788,-3.91709],[32.36472,-3.9005],[32.35574,-3.89306],[32.37047,-3.88405],[32.3684,-3.86627],[32.36197,-3.86129],[32.34837,-3.85634],[32.33392,-3.86055],[32.32323,-3.84695],[32.32914,-3.84049],[32.34311,-3.83949],[32.34719,-3.84178],[32.35014,-3.84015],[32.3545,-3.83057],[32.3526,-3.82335],[32.35535,-3.81678],[32.35601,-3.81134],[32.35996,-3.81349],[32.3635,-3.81733]]]},"properties":{"region":"Shinyanga","district":"Kahama","ward":"Mpunze","ward_code":"041"}},{"type":"Feature","geometry":{"type":"Polygon","coordinates":[[[32.50702,-3.95589],[32.5122,-3.95898],[32.51736,-3.96519],[32.51998,-3.97151],[32.51812,-3.97375],[32.51364,-3.97449],[32.51228,-3.97286],[32.51015,-3.97374],[32.50834,-3.97623],[32.49974,-3.98133],[32.48962,-3.97896],[32.48263,-3.98018],[32.48266,-3.98597],[32.48769,-3.99225],[32.48915,-3.99641],[32.48853,-3.9977],[32.48611,-3.99865],[32.48596,-4.00328],[32.48466,-4.00472],[32.4697,-4.01458],[32.46689,-4.02538],[32.4657,-4.02648],[32.45332,-4.02891],[32.43202,-4.02866],[32.42824,-4.0278],[32.42184,-4.02219],[32.40787,-4.01425],[32.41921,-3.99966],[32.42045,-3.98112],[32.40467,-3.9695],[32.41041,-3.96174],[32.42114,-3.95451],[32.43221,-3.94435],[32.43786,-3.95397],[32.45166,-3.95803],[32.45511,-3.9566],[32.45799,-3.95707],[32.46619,-3.96472],[32.47155,-3.95737],[32.47437,-3.95569],[32.47561,-3.9525],[32.48247,-3.95591],[32.48677,-3.94766],[32.48692,-3.93768],[32.49808,-3.93772],[32.49905,-3.94334],[32.50413,-3.94838],[32.50702,-3.95589]]]},"properties":{"region":"Shinyanga","district":"Kahama","ward":"Igunda","ward_code":"051"}},{"type":"Feature","geometry":{"type":"Polygon","coordinates":[[[32.51998,-3.97151],[32.52432,-3.97481],[32.53094,-3.98326],[32.53766,-3.98653],[32.54704,-3.98433],[32.55454,-4.00139],[32.56158,-4.00893],[32.56617,-4.01131],[32.56642,-4.01695],[32.56335,-4.02621],[32.56444,-4.03598],[32.55764,-4.05633],[32.55706,-4.06257],[32.56194,-4.07072],[32.56249,-4.08114],[32.5641,-4.08684],[32.56329,-4.10111],[32.55923,-4.11673],[32.55684,-4.11917],[32.55248,-4.12021],[32.54436,-4.11737],[32.54191,-4.11774],[32.53243,-4.12105],[32.52119,-4.12944],[32.51669,-4.12956],[32.50857,-4.11753],[32.50736,-4.09752],[32.50473,-4.09092],[32.49305,-4.0883],[32.47548,-4.07723],[32.46788,-4.0705],[32.463,-4.06827],[32.45623,-4.06882],[32.44535,-4.05852],[32.44388,-4.05602],[32.4406,-4.03696],[32.4412,-4.02825],[32.45332,-4.02891],[32.4657,-4.02648],[32.46689,-4.02538],[32.4697,-4.01458],[32.48596,-4.00328],[32.48611,-3.99865],[32.48853,-3.9977],[32.48915,-3.99641],[32.48769,-3.99225],[32.48266,-3.98597],[32.48263,-3.98018],[32.48962,-3.97896],[32.49974,-3.98133],[32.50834,-3.97623],[32.51015,-3.97374],[32.51228,-3.97286],[32.51364,-3.97449],[32.51812,-3.97375],[32.51998,-3.97151]]]},"properties":{"region":"Shinyanga","district":"Kahama","ward":"Ukune","ward_code":"061"}},{"type":"Feature","geometry":{"type":"Polygon","coordinates":[[[32.66544,-4.04709],[32.68238,-4.05415],[32.68939,-4.04863],[32.69364,-4.07373],[32.69364,-4.08103],[32.69233,-4.08704],[32.68766,-4.09365],[32.67531,-4.09868],[32.67649,-4.10461],[32.68676,-4.11406],[32.6633,-4.12619],[32.64641,-4.13916],[32.64234,-4.13762],[32.63921,-4.13207],[32.61152,-4.13684],[32.60892,-4.13872],[32.60092,-4.15025],[32.59792,-4.15643],[32.5976,-4.16013],[32.59511,-4.16702],[32.59508,-4.17087],[32.59213,-4.17972],[32.59415,-4.19063],[32.59404,-4.20027],[32.59049,-4.20315],[32.58233,-4.20494],[32.55939,-4.2024],[32.5364,-4.17547],[32.52175,-4.18317],[32.51946,-4.17556],[32.51859,-4.1423],[32.51765,-4.13118],[32.51669,-4.12956],[32.52119,-4.12944],[32.53243,-4.12105],[32.54191,-4.11774],[32.54436,-4.11737],[32.55248,-4.12021],[32.55684,-4.11917],[32.55923,-4.11673],[32.56329,-4.10111],[32.5641,-4.08684],[32.56249,-4.08114],[32.56194,-4.07072],[32.55706,-4.06257],[32.55764,-4.05633],[32.563,-4.04043],[32.57167,-4.0439],[32.58005,-4.05244],[32.58515,-4.05446],[32.59059,-4.04671],[32.59316,-4.03878],[32.6071,-4.03763],[32.60626,-4.03079],[32.60724,-4.02548],[32.62191,-4.02538],[32.62838,-4.02724],[32.63643,-4.03536],[32.65274,-4.04498],[32.65748,-4.04686],[32.66544,-4.04709]]]},"properties":{"region":"Shinyanga","district":"Kahama","ward":"Chona","ward_code":"071"}},{"type":"Feature","geometry":{"type":"Polygon","coordinates":[[[32.69985,-4.18613],[32.70163,-4.18872],[32.70853,-4.18489],[32.71989,-4.18547],[32.72799,-4.18968],[32.73527,-4.19746],[32.73567,-4.20429],[32.73894,-4.21512],[32.74916,-4.23299],[32.7411,-4.24084],[32.71872,-4.24689],[32.70061,-4.25771],[32.69062,-4.25697],[32.6821,-4.25833],[32.6786,-4.26092],[32.67372,-4.26193],[32.67203,-4.26451],[32.66918,-4.26539],[32.66841,-4.26725],[32.66719,-4.26692],[32.66567,-4.26911],[32.66088,-4.26862],[32.65659,-4.27095],[32.65535,-4.27015],[32.64922,-4.27202],[32.64727,-4.27129],[32.64478,-4.27522],[32.64232,-4.27501],[32.64081,-4.27631],[32.63843,-4.27511],[32.635,-4.27596],[32.63345,-4.27533],[32.63152,-4.27665],[32.62998,-4.27615],[32.62908,-4.27713],[32.62261,-4.27801],[32.61726,-4.28066],[32.61216,-4.28042],[32.60694,-4.28435],[32.60319,-4.28364],[32.60039,-4.28512],[32.59792,-4.28496],[32.59212,-4.2887],[32.58811,-4.28975],[32.58798,-4.28606],[32.59268,-4.27679],[32.59665,-4.25858],[32.59583,-4.24987],[32.58894,-4.24521],[32.58723,-4.23951],[32.58581,-4.2284],[32.58988,-4.21384],[32.58233,-4.20494],[32.59049,-4.20315],[32.59404,-4.20027],[32.59415,-4.19063],[32.59213,-4.17972],[32.59508,-4.17087],[32.59511,-4.16702],[32.59941,-4.15289],[32.60892,-4.13872],[32.61152,-4.13684],[32.63921,-4.13207],[32.64234,-4.13762],[32.64641,-4.13916],[32.65412,-4.15116],[32.66268,-4.16136],[32.67763,-4.16839],[32.6952,-4.1839],[32.69985,-4.18613]]]},"properties":{"region":"Shinyanga","district":"Kahama","ward":"Chambo","ward_code":"081"}},{"type":"Feature","geometry":{"type":"Polygon","coordinates":[[[32.49305,-4.0883],[32.50473,-4.09092],[32.50736,-4.09752],[32.50857,-4.11753],[32.51765,-4.13118],[32.51946,-4.17556],[32.52175,-4.18317],[32.50285,-4.19311],[32.50514,-4.21696],[32.48533,-4.22937],[32.4467,-4.21462],[32.46928,-4.19755],[32.47071,-4.19205],[32.46998,-4.18644],[32.46738,-4.18216],[32.45762,-4.17345],[32.4456,-4.16834],[32.44373,-4.16507],[32.43607,-4.16184],[32.43083,-4.15614],[32.42911,-4.15159],[32.42543,-4.14701],[32.41149,-4.13788],[32.41718,-4.13245],[32.41858,-4.12989],[32.42904,-4.12309],[32.43287,-4.11819],[32.43381,-4.1147],[32.43384,-4.10692],[32.43562,-4.10439],[32.43489,-4.10159],[32.43839,-4.09759],[32.44786,-4.09451],[32.45891,-4.09439],[32.47158,-4.09257],[32.47494,-4.08221],[32.47548,-4.07723],[32.49305,-4.0883]]]},"properties":{"region":"Shinyanga","district":"Kahama","ward":"Mapamba","ward_code":"091"}},{"type":"Feature","geometry":{"type":"Polygon","coordinates":[[[32.1459,-3.90555],[32.16131,-3.91395],[32.17026,-3.91323],[32.17081,-3.9167],[32.17482,-3.92158],[32.18813,-3.92407],[32.19234,-3.93221],[32.21023,-3.93003],[32.2265,-3.94505],[32.2373,-3.96089],[32.25324,-3.97304],[32.264,-3.97729],[32.27863,-3.973],[32.28561,-3.98625],[32.28656,-4.00933],[32.2794,-4.02649],[32.28188,-4.04504],[32.27644,-4.07538],[32.26809,-4.08466],[32.26292,-4.08792],[32.25905,-4.08822],[32.25777,-4.09051],[32.2355,-4.08896],[32.22032,-4.09328],[32.19681,-4.0933],[32.16941,-4.10117],[32.15303,-4.1004],[32.14633,-4.09651],[32.13667,-4.09842],[32.13378,-4.1044],[32.13115,-4.10314],[32.1295,-4.09639],[32.12774,-4.09505],[32.12495,-4.08602],[32.12724,-4.0751],[32.12661,-4.07256],[32.13222,-4.06663],[32.1325,-4.06047],[32.13992,-4.04822],[32.142,-4.03966],[32.15356,-4.0161],[32.16345,-4.00615],[32.15096,-3.97024],[32.14811,-3.96579],[32.12976,-3.92193],[32.13979,-3.90634],[32.1459,-3.90555]]]},"properties":{"region":"Shinyanga","district":"Kahama","ward":"Bulungwa","ward_code":"161"}},{"type":"Feature","geometry":{"type":"MultiPolygon","coordinates":[[[[32.30191,-3.98126],[32.30191,-3.98126],[32.30191,-3.98126],[32.30191,-3.98126]]],[[[32.40467,-3.9695],[32.42045,-3.98112],[32.41921,-3.99966],[32.40787,-4.01425],[32.42184,-4.02219],[32.39818,-4.03907],[32.39339,-4.04456],[32.3909,-4.05101],[32.3824,-4.05843],[32.37586,-4.06182],[32.36788,-4.06199],[32.35641,-4.05334],[32.35154,-4.04502],[32.34562,-4.04041],[32.33687,-4.04824],[32.33299,-4.04912],[32.3283,-4.05243],[32.32542,-4.05702],[32.32426,-4.06235],[32.31906,-4.06538],[32.31298,-4.06687],[32.29812,-4.07317],[32.28698,-4.07523],[32.27644,-4.07538],[32.28188,-4.04504],[32.2794,-4.02649],[32.28656,-4.00933],[32.28561,-3.98625],[32.30544,-3.9802],[32.31046,-3.97422],[32.32334,-3.97926],[32.33674,-3.97103],[32.34029,-3.97074],[32.3691,-3.95415],[32.37794,-3.94811],[32.38136,-3.94986],[32.39588,-3.96661],[32.40467,-3.9695]]]]},"properties":{"region":"Shinyanga","district":"Kahama","ward":"Kinamapula","ward_code":"171"}},{"type":"Feature","geometry":{"type":"Polygon","coordinates":[[[32.43207,-4.02866],[32.4412,-4.02825],[32.4406,-4.03696],[32.44307,-4.05303],[32.44535,-4.05852],[32.45623,-4.06882],[32.463,-4.06827],[32.46788,-4.0705],[32.47548,-4.07723],[32.47494,-4.08221],[32.47158,-4.09257],[32.45891,-4.09439],[32.44786,-4.09451],[32.44046,-4.09645],[32.43598,-4.10049],[32.40516,-4.08727],[32.39304,-4.07813],[32.38999,-4.07161],[32.38638,-4.05824],[32.38642,-4.05497],[32.39223,-4.0491],[32.39339,-4.04456],[32.39504,-4.04225],[32.39818,-4.03907],[32.42184,-4.02219],[32.42824,-4.0278],[32.43207,-4.02866]]]},"properties":{"region":"Shinyanga","district":"Kahama","ward":"Kisuke","ward_code":"181"}},{"type":"Feature","geometry":{"type":"Polygon","coordinates":[[[32.41149,-4.13788],[32.40819,-4.14888],[32.40532,-4.15483],[32.3999,-4.15895],[32.39357,-4.16192],[32.38407,-4.16204],[32.38295,-4.1631],[32.37247,-4.15861],[32.37288,-4.15695],[32.36904,-4.15361],[32.36933,-4.15129],[32.36803,-4.15052],[32.36653,-4.15108],[32.3655,-4.14966],[32.36353,-4.14915],[32.36298,-4.14656],[32.35905,-4.14455],[32.35864,-4.14299],[32.35512,-4.14262],[32.35151,-4.14007],[32.35145,-4.13887],[32.34794,-4.13956],[32.3449,-4.12376],[32.34509,-4.11485],[32.34657,-4.11101],[32.3485,-4.10951],[32.35348,-4.10827],[32.35714,-4.10569],[32.36304,-4.0958],[32.36745,-4.09219],[32.37254,-4.08234],[32.37963,-4.07631],[32.38965,-4.07035],[32.39304,-4.07813],[32.40516,-4.08727],[32.43562,-4.10034],[32.43489,-4.10159],[32.43562,-4.10439],[32.43384,-4.10692],[32.43381,-4.1147],[32.43287,-4.11819],[32.42904,-4.12309],[32.41858,-4.12989],[32.41718,-4.13245],[32.41149,-4.13788]]]},"properties":{"region":"Shinyanga","district":"Kahama","ward":"Nyamilangano","ward_code":"193"}},{"type":"Feature","geometry":{"type":"Polygon","coordinates":[[[32.35641,-4.05334],[32.36788,-4.06199],[32.37586,-4.06182],[32.3824,-4.05843],[32.38642,-4.05497],[32.38638,-4.05824],[32.38999,-4.07161],[32.38965,-4.07035],[32.37963,-4.07631],[32.37254,-4.08234],[32.36745,-4.09219],[32.36304,-4.0958],[32.35812,-4.10467],[32.35348,-4.10827],[32.3485,-4.10951],[32.34657,-4.11101],[32.34509,-4.11485],[32.3449,-4.12376],[32.34795,-4.13957],[32.34437,-4.13965],[32.34188,-4.14208],[32.34021,-4.14172],[32.3347,-4.14554],[32.33279,-4.14544],[32.3326,-4.14405],[32.33036,-4.14496],[32.32434,-4.14336],[32.32453,-4.14148],[32.32199,-4.13914],[32.3151,-4.13715],[32.31045,-4.13139],[32.30978,-4.12808],[32.3076,-4.12779],[32.30542,-4.12846],[32.30505,-4.1299],[32.30251,-4.12985],[32.2999,-4.12631],[32.29824,-4.12636],[32.29329,-4.12138],[32.29126,-4.11772],[32.28673,-4.11565],[32.28639,-4.11235],[32.28377,-4.11196],[32.28074,-4.10933],[32.2802,-4.10663],[32.27857,-4.10608],[32.27817,-4.10473],[32.27662,-4.1051],[32.26621,-4.09479],[32.25777,-4.09051],[32.25905,-4.08822],[32.26292,-4.08792],[32.26809,-4.08466],[32.27644,-4.07538],[32.28698,-4.07523],[32.29812,-4.07317],[32.31298,-4.06687],[32.31906,-4.06538],[32.32426,-4.06235],[32.32542,-4.05702],[32.3283,-4.05243],[32.33299,-4.04912],[32.33687,-4.04824],[32.34562,-4.04041],[32.35154,-4.04502],[32.35641,-4.05334]]]},"properties":{"region":"Shinyanga","district":"Kahama","ward":"Bukomela","ward_code":"201"}},{"type":"Feature","geometry":{"type":"Polygon","coordinates":[[[32.01769,-3.75631],[32.01986,-3.76042],[32.02366,-3.76009],[32.04813,-3.77401],[32.05747,-3.77803],[32.06544,-3.7841],[32.08491,-3.78768],[32.09784,-3.78521],[32.10284,-3.78193],[32.10852,-3.77655],[32.119,-3.77329],[32.12548,-3.77428],[32.13127,-3.7687],[32.15456,-3.78887],[32.16387,-3.79869],[32.16925,-3.8141],[32.1821,-3.8174],[32.20116,-3.81706],[32.21837,-3.83931],[32.22579,-3.84365],[32.23233,-3.84152],[32.24631,-3.83895],[32.24876,-3.84398],[32.26266,-3.84877],[32.2629,-3.86876],[32.26732,-3.91828],[32.26034,-3.92884],[32.23803,-3.92182],[32.2378,-3.92725],[32.2265,-3.94505],[32.21023,-3.93003],[32.19234,-3.93221],[32.18813,-3.92407],[32.17482,-3.92158],[32.17081,-3.9167],[32.17026,-3.91323],[32.16131,-3.91395],[32.1459,-3.90555],[32.13979,-3.90634],[32.12976,-3.92193],[32.1081,-3.90749],[32.09648,-3.91635],[32.09484,-3.91867],[32.08488,-3.91831],[32.08038,-3.91594],[32.05903,-3.89641],[32.04057,-3.89905],[32.042,-3.89542],[32.03745,-3.89175],[32.03478,-3.88813],[32.03297,-3.87943],[32.03047,-3.87676],[32.02495,-3.87408],[31.99108,-3.864],[31.9541,-3.84452],[31.92988,-3.83995],[31.91273,-3.8346],[31.90307,-3.82969],[31.89178,-3.82168],[31.88339,-3.8224],[31.87482,-3.78781],[31.92035,-3.77126],[31.93363,-3.77064],[31.94211,-3.76715],[31.94707,-3.76211],[31.95108,-3.76084],[31.95773,-3.75495],[31.98236,-3.74685],[32.00161,-3.74694],[32.01769,-3.75631]]]},"properties":{"region":"Shinyanga","district":"Kahama","ward":"Idahina","ward_code":"011"}},{"type":"Feature","geometry":{"type":"Polygon","coordinates":[[[32.31107,-4.13204],[32.31752,-4.13843],[32.32199,-4.13914],[32.32453,-4.14148],[32.32434,-4.14336],[32.33036,-4.14496],[32.3326,-4.14405],[32.33279,-4.14544],[32.33582,-4.14511],[32.34021,-4.14172],[32.34188,-4.14208],[32.34437,-4.13965],[32.35145,-4.13887],[32.35151,-4.14007],[32.35512,-4.14262],[32.35864,-4.14299],[32.35905,-4.14455],[32.36298,-4.14656],[32.36353,-4.14915],[32.3655,-4.14966],[32.36653,-4.15108],[32.36803,-4.15052],[32.36933,-4.15129],[32.36904,-4.15361],[32.37288,-4.15695],[32.37247,-4.15861],[32.38295,-4.1631],[32.38407,-4.16204],[32.39357,-4.16192],[32.3999,-4.15895],[32.40532,-4.15483],[32.40819,-4.14888],[32.41149,-4.13788],[32.42543,-4.14701],[32.42911,-4.15159],[32.43083,-4.15614],[32.43607,-4.16184],[32.44373,-4.16507],[32.4456,-4.16834],[32.45762,-4.17345],[32.46738,-4.18216],[32.46998,-4.18644],[32.47071,-4.19205],[32.46928,-4.19755],[32.4467,-4.21462],[32.40792,-4.21505],[32.41941,-4.25199],[32.42159,-4.29521],[32.40528,-4.32691],[32.36329,-4.30727],[32.34648,-4.28165],[32.31411,-4.26974],[32.30789,-4.25378],[32.30221,-4.23357],[32.30871,-4.22583],[32.31285,-4.22369],[32.31082,-4.21281],[32.31131,-4.20806],[32.30756,-4.20059],[32.30467,-4.18806],[32.30722,-4.18049],[32.30797,-4.17055],[32.30721,-4.1699],[32.30966,-4.15362],[32.30867,-4.14269],[32.31107,-4.13204]]]},"properties":{"region":"Shinyanga","district":"Kahama","ward":"Uyogo","ward_code":"101"}},{"type":"Feature","geometry":{"type":"Polygon","coordinates":[[[32.25777,-4.09051],[32.26621,-4.09479],[32.27662,-4.1051],[32.27817,-4.10473],[32.27857,-4.10608],[32.2802,-4.10663],[32.28074,-4.10933],[32.28377,-4.11196],[32.28639,-4.11235],[32.28673,-4.11565],[32.29126,-4.11772],[32.29329,-4.12138],[32.29824,-4.12636],[32.2999,-4.12631],[32.30251,-4.12985],[32.30505,-4.1299],[32.30542,-4.12846],[32.3076,-4.12779],[32.30978,-4.12808],[32.30963,-4.12963],[32.31103,-4.13156],[32.30867,-4.14269],[32.30966,-4.15362],[32.30721,-4.1699],[32.30797,-4.17055],[32.30722,-4.18049],[32.30467,-4.18806],[32.30756,-4.20059],[32.31131,-4.20806],[32.31082,-4.21281],[32.31285,-4.22369],[32.30871,-4.22583],[32.30221,-4.23357],[32.30789,-4.25378],[32.31411,-4.26974],[32.28714,-4.27757],[32.24489,-4.26864],[32.22968,-4.26802],[32.22106,-4.26326],[32.1948,-4.26291],[32.19356,-4.25937],[32.18432,-4.25169],[32.18634,-4.2457],[32.1907,-4.24773],[32.19225,-4.24619],[32.19454,-4.24597],[32.19517,-4.23597],[32.19907,-4.22968],[32.20041,-4.21863],[32.19928,-4.21491],[32.20205,-4.20424],[32.20749,-4.1663],[32.2064,-4.16366],[32.19901,-4.16447],[32.19379,-4.16253],[32.18661,-4.16249],[32.17917,-4.16041],[32.17461,-4.15121],[32.17599,-4.14954],[32.17389,-4.14593],[32.16519,-4.14117],[32.15616,-4.12503],[32.15274,-4.12123],[32.15712,-4.11489],[32.16931,-4.10726],[32.17381,-4.10006],[32.19681,-4.0933],[32.22032,-4.09328],[32.2355,-4.08896],[32.25777,-4.09051]]]},"properties":{"region":"Shinyanga","district":"Kahama","ward":"Ushetu","ward_code":"111"}},{"type":"Feature","geometry":{"type":"Polygon","coordinates":[[[32.15303,-4.1004],[32.16941,-4.10117],[32.17381,-4.10006],[32.16931,-4.10726],[32.15712,-4.11489],[32.15274,-4.12123],[32.15616,-4.12503],[32.16519,-4.14117],[32.17389,-4.14593],[32.17599,-4.14954],[32.17461,-4.15121],[32.17917,-4.16041],[32.18661,-4.16249],[32.19379,-4.16253],[32.19901,-4.16447],[32.2064,-4.16366],[32.20749,-4.1663],[32.20205,-4.20424],[32.19928,-4.21491],[32.20041,-4.21863],[32.19907,-4.22968],[32.19517,-4.23597],[32.19454,-4.24597],[32.19225,-4.24619],[32.1907,-4.24773],[32.18634,-4.2457],[32.18432,-4.25169],[32.19356,-4.25937],[32.1948,-4.26291],[32.17775,-4.25379],[32.15418,-4.2507],[32.14146,-4.24699],[32.10622,-4.24895],[32.10266,-4.24431],[32.07983,-4.23627],[32.0543,-4.21416],[32.04164,-4.21421],[32.02987,-4.20112],[32.03204,-4.19818],[32.03721,-4.19479],[32.04297,-4.1959],[32.0477,-4.19351],[32.0514,-4.19297],[32.05461,-4.19465],[32.05568,-4.19268],[32.06446,-4.19083],[32.07587,-4.19304],[32.08498,-4.18186],[32.09271,-4.16715],[32.09446,-4.16049],[32.09641,-4.16062],[32.1003,-4.15549],[32.10185,-4.14904],[32.10557,-4.14147],[32.10711,-4.12901],[32.11342,-4.12702],[32.11408,-4.12102],[32.11731,-4.11607],[32.12333,-4.11166],[32.12518,-4.10795],[32.12775,-4.10713],[32.13115,-4.10314],[32.13378,-4.1044],[32.13667,-4.09842],[32.14633,-4.09651],[32.15303,-4.1004]]]},"properties":{"region":"Shinyanga","district":"Kahama","ward":"Ulowa","ward_code":"123"}},{"type":"Feature","geometry":{"type":"Polygon","coordinates":[[[31.70487,-4.03985],[31.71493,-4.04098],[31.71729,-4.04269],[31.72167,-4.0422],[31.72792,-4.04431],[31.73433,-4.04398],[31.7405,-4.04236],[31.74667,-4.04252],[31.75202,-4.04488],[31.75933,-4.04642],[31.79285,-4.04545],[31.82823,-4.04707],[31.86297,-4.05251],[31.90087,-4.0538],[31.95102,-4.06054],[31.9722,-4.05762],[31.98324,-4.0577],[31.98462,-4.05672],[31.99117,-4.05596],[32.00098,-4.05854],[32.01537,-4.0582],[32.02067,-4.05718],[32.02444,-4.05809],[32.02853,-4.05712],[32.04174,-4.05804],[32.04761,-4.05908],[32.05241,-4.06322],[32.0665,-4.06228],[32.07249,-4.07346],[32.07353,-4.08009],[32.08285,-4.09872],[32.10174,-4.10393],[32.10727,-4.10979],[32.11432,-4.11261],[32.11731,-4.11607],[32.11408,-4.12102],[32.11342,-4.12702],[32.10711,-4.12901],[32.10557,-4.14147],[32.10185,-4.14904],[32.1003,-4.15549],[32.09641,-4.16062],[32.09446,-4.16049],[32.09271,-4.16715],[32.08498,-4.18186],[32.07587,-4.19304],[32.06446,-4.19083],[32.05568,-4.19268],[32.05461,-4.19465],[32.0514,-4.19297],[32.0477,-4.19351],[32.04297,-4.1959],[32.03721,-4.19479],[32.03204,-4.19818],[32.02987,-4.20112],[32.02732,-4.20093],[32.0193,-4.19591],[32.01807,-4.19596],[32.01646,-4.19309],[32.0136,-4.19315],[32.01213,-4.18958],[32.00817,-4.18769],[32.00433,-4.19006],[31.99998,-4.18698],[31.99092,-4.17498],[31.96813,-4.15563],[31.96212,-4.14939],[31.9598,-4.14511],[31.93991,-4.12672],[31.89968,-4.11218],[31.88238,-4.10154],[31.82886,-4.09184],[31.78499,-4.09008],[31.77304,-4.0851],[31.72306,-4.0696],[31.70865,-4.06161],[31.68366,-4.05548],[31.68479,-4.04553],[31.68684,-4.04339],[31.68778,-4.03976],[31.6917,-4.0362],[31.70179,-4.03782],[31.70487,-4.03985]]]},"properties":{"region":"Shinyanga","district":"Kahama","ward":"Ubagwe","ward_code":"131"}},{"type":"Feature","geometry":{"type":"Polygon","coordinates":[[[31.85812,-3.95111],[31.87085,-3.95877],[31.89076,-3.96072],[31.91557,-3.95844],[31.95392,-3.96447],[31.97317,-3.96414],[32.01039,-3.97333],[32.02154,-3.96702],[32.03528,-3.96873],[32.04137,-3.97303],[32.0529,-3.97179],[32.0564,-3.96994],[32.05756,-3.97503],[32.057,-3.99829],[32.06596,-3.99849],[32.0698,-4.0],[32.06897,-4.00199],[32.08276,-4.00778],[32.08196,-4.01237],[32.09168,-4.01229],[32.09761,-4.01069],[32.10391,-4.00751],[32.1036,-4.00328],[32.0994,-3.9965],[32.0877,-3.99005],[32.0848,-3.98339],[32.0868,-3.98138],[32.09749,-3.98228],[32.09906,-3.98053],[32.11171,-3.97482],[32.11958,-3.98113],[32.12503,-3.96729],[32.14188,-3.96736],[32.14811,-3.96579],[32.15096,-3.97024],[32.16345,-4.00615],[32.15356,-4.0161],[32.142,-4.03966],[32.13992,-4.04822],[32.1325,-4.06047],[32.13222,-4.06663],[32.12661,-4.07256],[32.12724,-4.0751],[32.12495,-4.08602],[32.12774,-4.09505],[32.1295,-4.09639],[32.13115,-4.10314],[32.12775,-4.10713],[32.12518,-4.10795],[32.12333,-4.11166],[32.11731,-4.11607],[32.11432,-4.11261],[32.10727,-4.10979],[32.10174,-4.10393],[32.08285,-4.09872],[32.07353,-4.08009],[32.07249,-4.07346],[32.0665,-4.06228],[32.05241,-4.06322],[32.04761,-4.05908],[32.04174,-4.05804],[32.02853,-4.05712],[32.02444,-4.05809],[32.02067,-4.05718],[32.01537,-4.0582],[32.00098,-4.05854],[31.99117,-4.05596],[31.98462,-4.05672],[31.98324,-4.0577],[31.9722,-4.05762],[31.95102,-4.06054],[31.90087,-4.0538],[31.86297,-4.05251],[31.82823,-4.04707],[31.79285,-4.04545],[31.75933,-4.04642],[31.75202,-4.04488],[31.74667,-4.04252],[31.7405,-4.04236],[31.73433,-4.04398],[31.72792,-4.04431],[31.72167,-4.0422],[31.71729,-4.04269],[31.71315,-4.04066],[31.70739,-4.04066],[31.70179,-4.03782],[31.6917,-4.0362],[31.69442,-4.03237],[31.69161,-4.02215],[31.69466,-4.01796],[31.69748,-4.00965],[31.69963,-4.00753],[31.69823,-4.00027],[31.70041,-3.9959],[31.70522,-3.99291],[31.70436,-3.98842],[31.71146,-3.984],[31.71204,-3.97977],[31.73604,-3.973],[31.74613,-3.97363],[31.74627,-3.96926],[31.75533,-3.96898],[31.76074,-3.96681],[31.76267,-3.96089],[31.76704,-3.9616],[31.77228,-3.95698],[31.77981,-3.95835],[31.78631,-3.95627],[31.79297,-3.96029],[31.83038,-3.95014],[31.83577,-3.95144],[31.84948,-3.94932],[31.85812,-3.95111]]]},"properties":{"region":"Shinyanga","district":"Kahama","ward":"Ulewe","ward_code":"141"}},{"type":"Feature","geometry":{"type":"Polygon","coordinates":[[[32.042,-3.89542],[32.04057,-3.89905],[32.05903,-3.89641],[32.08038,-3.91594],[32.08488,-3.91831],[32.09484,-3.91867],[32.09648,-3.91635],[32.1081,-3.90749],[32.12976,-3.92193],[32.14811,-3.96579],[32.14188,-3.96736],[32.12503,-3.96729],[32.11958,-3.98113],[32.11171,-3.97482],[32.09906,-3.98053],[32.09749,-3.98228],[32.0868,-3.98138],[32.0848,-3.98339],[32.0877,-3.99005],[32.0994,-3.9965],[32.1036,-4.00328],[32.10391,-4.00751],[32.09761,-4.01069],[32.09168,-4.01229],[32.08196,-4.01237],[32.08276,-4.00778],[32.06897,-4.00199],[32.0698,-4.0],[32.06596,-3.99849],[32.057,-3.99829],[32.05756,-3.97503],[32.0564,-3.96994],[32.0529,-3.97179],[32.04137,-3.97303],[32.03528,-3.96873],[32.02154,-3.96702],[32.01039,-3.97333],[31.97317,-3.96414],[31.95392,-3.96447],[31.91557,-3.95844],[31.89076,-3.96072],[31.87085,-3.95877],[31.85812,-3.95111],[31.84948,-3.94932],[31.83577,-3.95144],[31.83255,-3.95017],[31.83369,-3.94795],[31.83269,-3.94625],[31.83437,-3.94272],[31.83608,-3.94214],[31.83668,-3.93399],[31.83793,-3.93281],[31.83643,-3.92836],[31.8375,-3.92271],[31.84058,-3.92288],[31.84349,-3.91852],[31.84497,-3.91299],[31.84781,-3.91135],[31.8476,-3.90887],[31.85194,-3.90266],[31.85644,-3.9004],[31.85753,-3.89631],[31.86067,-3.89358],[31.86026,-3.89061],[31.86205,-3.88867],[31.8642,-3.88341],[31.86848,-3.87932],[31.86356,-3.86657],[31.86397,-3.86388],[31.87124,-3.86003],[31.87612,-3.84517],[31.87985,-3.84227],[31.87837,-3.83683],[31.88128,-3.83552],[31.88181,-3.82958],[31.88328,-3.82694],[31.88339,-3.8224],[31.89178,-3.82168],[31.90307,-3.82969],[31.91273,-3.8346],[31.92988,-3.83995],[31.9541,-3.84452],[31.99108,-3.864],[32.02495,-3.87408],[32.03047,-3.87676],[32.03297,-3.87943],[32.03478,-3.88813],[32.03745,-3.89175],[32.042,-3.89542]]]},"properties":{"region":"Shinyanga","district":"Kahama","ward":"Nyankende","ward_code":"151"}},{"type":"Feature","geometry":{"type":"Polygon","coordinates":[[[32.58485,-3.73488],[32.58827,-3.74265],[32.59422,-3.74186],[32.59187,-3.75432],[32.59431,-3.76082],[32.59956,-3.76616],[32.58831,-3.77647],[32.59097,-3.78217],[32.58912,-3.78186],[32.58322,-3.78611],[32.57867,-3.78723],[32.57402,-3.78699],[32.56714,-3.78402],[32.56344,-3.80179],[32.56048,-3.80109],[32.56025,-3.80338],[32.54122,-3.79773],[32.5383,-3.80579],[32.53695,-3.807],[32.52884,-3.80408],[32.52896,-3.80717],[32.5037,-3.80623],[32.5069,-3.79716],[32.52013,-3.77688],[32.53179,-3.77191],[32.54436,-3.76149],[32.55216,-3.75301],[32.551,-3.74909],[32.54333,-3.74142],[32.5497,-3.73558],[32.55059,-3.72581],[32.54633,-3.71567],[32.55774,-3.70955],[32.56375,-3.70039],[32.56908,-3.69533],[32.57874,-3.68881],[32.58659,-3.69969],[32.58476,-3.70465],[32.58408,-3.72727],[32.58485,-3.73488]]]},"properties":{"region":"Shinyanga","district":"Kahama","ward":"Busoka","ward_code":"102"}},{"type":"Feature","geometry":{"type":"Polygon","coordinates":[[[32.67575,-3.77112],[32.67131,-3.78847],[32.65407,-3.8353],[32.65122,-3.83992],[32.64176,-3.83912],[32.61995,-3.8349],[32.61928,-3.82938],[32.61811,-3.82929],[32.61561,-3.82348],[32.6203,-3.8124],[32.61565,-3.812],[32.60585,-3.80848],[32.60314,-3.80787],[32.60296,-3.80849],[32.60156,-3.80739],[32.59769,-3.80672],[32.59695,-3.80553],[32.59196,-3.80404],[32.59181,-3.80297],[32.58956,-3.80269],[32.58946,-3.79813],[32.5834,-3.79806],[32.58322,-3.78611],[32.58912,-3.78186],[32.59097,-3.78217],[32.58831,-3.77647],[32.59956,-3.76616],[32.6118,-3.77158],[32.62782,-3.77262],[32.64135,-3.76916],[32.64411,-3.76182],[32.65232,-3.76757],[32.67575,-3.77112]]]},"properties":{"region":"Shinyanga","district":"Kahama","ward":"Mhongolo","ward_code":"112"}},{"type":"Feature","geometry":{"type":"Polygon","coordinates":[[[32.69742,-3.76594],[32.69819,-3.76907],[32.69672,-3.78549],[32.69964,-3.7924],[32.70143,-3.80398],[32.69962,-3.82919],[32.70599,-3.83008],[32.70519,-3.83327],[32.71083,-3.83196],[32.70688,-3.83661],[32.70336,-3.84336],[32.69753,-3.85921],[32.70023,-3.85978],[32.70159,-3.86202],[32.71138,-3.8631],[32.70836,-3.86652],[32.70649,-3.87331],[32.70423,-3.8725],[32.70184,-3.87908],[32.69783,-3.88087],[32.69893,-3.8872],[32.6896,-3.90364],[32.68949,-3.90962],[32.68792,-3.91019],[32.68445,-3.9148],[32.67416,-3.93715],[32.66771,-3.92271],[32.65138,-3.91441],[32.63456,-3.90404],[32.63653,-3.87882],[32.62749,-3.87407],[32.62625,-3.86563],[32.62247,-3.85538],[32.62382,-3.85048],[32.62503,-3.85044],[32.62651,-3.84749],[32.63057,-3.85091],[32.63094,-3.84706],[32.63374,-3.84705],[32.63432,-3.8428],[32.63981,-3.84277],[32.64029,-3.83888],[32.65122,-3.83992],[32.65407,-3.8353],[32.67131,-3.78847],[32.67575,-3.77112],[32.68212,-3.76916],[32.68332,-3.76983],[32.68763,-3.76743],[32.68922,-3.76834],[32.69104,-3.76709],[32.6949,-3.76767],[32.69518,-3.76655],[32.69742,-3.76594]]]},"properties":{"region":"Shinyanga","district":"Kahama","ward":"Mwendakulima","ward_code":"122"}},{"type":"Feature","geometry":{"type":"Polygon","coordinates":[[[32.56223,-3.84343],[32.56537,-3.84956],[32.56776,-3.85083],[32.56785,-3.85508],[32.57404,-3.85882],[32.57905,-3.86437],[32.59304,-3.87227],[32.59744,-3.87226],[32.60151,-3.87018],[32.60378,-3.86742],[32.60541,-3.85959],[32.60446,-3.85667],[32.6066,-3.85659],[32.61508,-3.85296],[32.61503,-3.85166],[32.62382,-3.85048],[32.62247,-3.85538],[32.62625,-3.86563],[32.62749,-3.87407],[32.63653,-3.87882],[32.63456,-3.90404],[32.6044,-3.89911],[32.59029,-3.90287],[32.57023,-3.90123],[32.56213,-3.9041],[32.55258,-3.90522],[32.54811,-3.90403],[32.53505,-3.89779],[32.52445,-3.88678],[32.50697,-3.87933],[32.49672,-3.87324],[32.47975,-3.87125],[32.47486,-3.86165],[32.48631,-3.84482],[32.4983,-3.83327],[32.5022,-3.81045],[32.5037,-3.80623],[32.52896,-3.80717],[32.53019,-3.8177],[32.53718,-3.82511],[32.5529,-3.83867],[32.56223,-3.84343]]]},"properties":{"region":"Shinyanga","district":"Kahama","ward":"Zongomera","ward_code":"132"}},{"type":"Feature","geometry":{"type":"Polygon","coordinates":[[[32.54122,-3.79773],[32.56025,-3.80338],[32.56048,-3.80109],[32.56976,-3.80476],[32.5736,-3.81404],[32.57584,-3.81422],[32.58272,-3.81973],[32.59312,-3.82519],[32.59232,-3.83024],[32.59501,-3.83374],[32.58949,-3.83727],[32.58608,-3.83553],[32.58493,-3.83656],[32.57847,-3.83657],[32.57588,-3.84136],[32.57603,-3.84307],[32.56838,-3.84161],[32.56538,-3.84282],[32.564,-3.84618],[32.56223,-3.84343],[32.5529,-3.83867],[32.53718,-3.82511],[32.53019,-3.8177],[32.52884,-3.80408],[32.53695,-3.807],[32.5383,-3.80579],[32.54122,-3.79773]]]},"properties":{"region":"Shinyanga","district":"Kahama","ward":"Nyahanga","ward_code":"142"}},{"type":"Feature","geometry":{"type":"Polygon","coordinates":[[[32.57402,-3.78699],[32.57867,-3.78723],[32.58322,-3.78611],[32.5834,-3.79806],[32.58938,-3.79808],[32.58956,-3.80269],[32.59181,-3.80297],[32.59196,-3.80404],[32.60296,-3.80849],[32.59972,-3.82191],[32.59687,-3.82272],[32.59598,-3.82733],[32.58272,-3.81973],[32.57584,-3.81422],[32.5736,-3.81404],[32.57029,-3.80521],[32.56344,-3.80179],[32.56714,-3.78402],[32.57402,-3.78699]]]},"properties":{"region":"Shinyanga","district":"Kahama","ward":"Malunga","ward_code":"152"}},{"type":"Feature","geometry":{"type":"Polygon","coordinates":[[[32.61596,-3.81201],[32.6203,-3.8124],[32.61621,-3.82273],[32.61368,-3.82265],[32.61323,-3.82379],[32.61012,-3.82284],[32.60675,-3.82606],[32.60575,-3.83022],[32.59888,-3.82818],[32.60314,-3.80787],[32.61596,-3.81201]]]},"properties":{"region":"Shinyanga","district":"Kahama","ward":"Majengo","ward_code":"162"}},{"type":"Feature","geometry":{"type":"Polygon","coordinates":[[[32.61368,-3.82265],[32.61621,-3.82273],[32.61561,-3.82348],[32.61811,-3.82929],[32.61928,-3.82938],[32.61995,-3.8349],[32.64029,-3.83888],[32.63981,-3.84277],[32.63432,-3.8428],[32.63374,-3.84705],[32.63094,-3.84706],[32.63057,-3.85091],[32.62651,-3.84749],[32.62503,-3.85044],[32.61503,-3.85166],[32.61508,-3.85296],[32.61404,-3.853],[32.61402,-3.85086],[32.60833,-3.84025],[32.60222,-3.84164],[32.60378,-3.8336],[32.60133,-3.83284],[32.60222,-3.82919],[32.60575,-3.83022],[32.60675,-3.82606],[32.61012,-3.82284],[32.61323,-3.82379],[32.61368,-3.82265]]]},"properties":{"region":"Shinyanga","district":"Kahama","ward":"Nyasubi","ward_code":"172"}},{"type":"Feature","geometry":{"type":"Polygon","coordinates":[[[32.60101,-3.83377],[32.60133,-3.83284],[32.60378,-3.8336],[32.60222,-3.84164],[32.60833,-3.84025],[32.61402,-3.85086],[32.61404,-3.853],[32.6066,-3.85659],[32.60446,-3.85667],[32.60055,-3.84934],[32.59522,-3.84854],[32.59541,-3.84495],[32.59165,-3.84369],[32.58974,-3.84503],[32.58788,-3.84254],[32.58799,-3.83835],[32.58949,-3.83727],[32.59728,-3.83215],[32.60101,-3.83377]]]},"properties":{"region":"Shinyanga","district":"Kahama","ward":"Nyihogo","ward_code":"182"}},{"type":"Feature","geometry":{"type":"Polygon","coordinates":[[[32.58673,-3.83584],[32.58949,-3.83727],[32.58799,-3.83835],[32.58788,-3.84254],[32.58974,-3.84503],[32.59165,-3.84369],[32.59315,-3.84383],[32.59541,-3.84495],[32.59522,-3.84854],[32.60055,-3.84934],[32.60541,-3.85959],[32.60378,-3.86742],[32.60151,-3.87018],[32.59744,-3.87226],[32.59304,-3.87227],[32.57905,-3.86437],[32.57404,-3.85882],[32.56785,-3.85508],[32.56776,-3.85083],[32.56537,-3.84956],[32.564,-3.84618],[32.56538,-3.84282],[32.56838,-3.84161],[32.57603,-3.84307],[32.57588,-3.84136],[32.57847,-3.83657],[32.58673,-3.83584]]]},"properties":{"region":"Shinyanga","district":"Kahama","ward":"Mhungula","ward_code":"192"}},{"type":"Feature","geometry":{"type":"Polygon","coordinates":[[[32.59972,-3.82191],[32.60027,-3.82269],[32.59888,-3.82818],[32.60222,-3.82919],[32.60121,-3.83386],[32.59728,-3.83215],[32.59501,-3.83374],[32.59243,-3.83071],[32.59229,-3.82698],[32.59312,-3.82519],[32.59598,-3.82733],[32.59687,-3.82272],[32.59972,-3.82191]]]},"properties":{"region":"Shinyanga","district":"Kahama","ward":"Kahama Mjini","ward_code":"202"}},{"type":"Feature","geometry":{"type":"Polygon","coordinates":[[[32.67416,-3.93715],[32.69229,-3.94894],[32.70565,-3.94729],[32.70516,-3.9613],[32.70351,-3.9659],[32.70448,-3.97038],[32.6967,-3.97486],[32.70001,-3.98042],[32.70197,-3.98717],[32.69942,-3.99709],[32.69735,-4.00066],[32.69782,-4.00176],[32.68648,-4.00222],[32.68939,-4.04863],[32.68238,-4.05415],[32.66544,-4.04709],[32.65748,-4.04686],[32.65274,-4.04498],[32.63643,-4.03536],[32.62838,-4.02724],[32.62191,-4.02538],[32.61725,-4.01102],[32.61451,-4.00688],[32.61473,-4.00518],[32.61231,-4.00364],[32.61257,-4.00183],[32.61028,-4.00094],[32.61185,-3.99676],[32.61823,-3.99072],[32.62048,-3.97939],[32.6243,-3.97638],[32.62438,-3.97165],[32.62342,-3.9701],[32.62526,-3.95796],[32.62034,-3.94478],[32.62531,-3.94621],[32.63636,-3.94686],[32.63857,-3.94604],[32.64653,-3.9328],[32.65138,-3.91441],[32.66771,-3.92271],[32.67416,-3.93715]]]},"properties":{"region":"Shinyanga","district":"Kahama","ward":"Iyenze","ward_code":"052"}},{"type":"Feature","geometry":{"type":"Polygon","coordinates":[[[32.6044,-3.89911],[32.63456,-3.90404],[32.65138,-3.91441],[32.64653,-3.9328],[32.63857,-3.94604],[32.63636,-3.94686],[32.62531,-3.94621],[32.62034,-3.94478],[32.62526,-3.95796],[32.62342,-3.9701],[32.62438,-3.97165],[32.6243,-3.97638],[32.62048,-3.97939],[32.61823,-3.99072],[32.61185,-3.99676],[32.61028,-4.00094],[32.61257,-4.00183],[32.61231,-4.00364],[32.61473,-4.00518],[32.61451,-4.00688],[32.61725,-4.01102],[32.62191,-4.02538],[32.60724,-4.02548],[32.60626,-4.03079],[32.6071,-4.03763],[32.59316,-4.03878],[32.59059,-4.04671],[32.58515,-4.05446],[32.58005,-4.05244],[32.57167,-4.0439],[32.563,-4.04043],[32.56444,-4.03598],[32.56335,-4.02621],[32.56642,-4.01695],[32.56617,-4.01131],[32.56158,-4.00893],[32.55454,-4.00139],[32.54704,-3.98433],[32.54975,-3.96856],[32.55112,-3.95275],[32.54811,-3.90403],[32.55258,-3.90522],[32.56213,-3.9041],[32.57023,-3.90123],[32.59029,-3.90287],[32.6044,-3.89911]]]},"properties":{"region":"Shinyanga","district":"Kahama","ward":"Kilago","ward_code":"062"}},{"type":"Feature","geometry":{"type":"Polygon","coordinates":[[[32.42945,-3.8394],[32.42964,-3.84034],[32.43119,-3.83968],[32.43232,-3.84083],[32.43381,-3.83985],[32.43757,-3.84225],[32.43894,-3.84481],[32.44112,-3.84607],[32.44097,-3.84727],[32.44239,-3.84835],[32.44344,-3.84805],[32.44819,-3.85295],[32.44813,-3.85391],[32.44984,-3.85404],[32.45242,-3.85751],[32.45671,-3.86064],[32.45624,-3.86123],[32.45727,-3.8622],[32.46273,-3.86327],[32.463,-3.8624],[32.46548,-3.86288],[32.46796,-3.86156],[32.47486,-3.86165],[32.47975,-3.87125],[32.49672,-3.87324],[32.50697,-3.87933],[32.52445,-3.88678],[32.53505,-3.89779],[32.54811,-3.90403],[32.55112,-3.95275],[32.54975,-3.96856],[32.54704,-3.98433],[32.53766,-3.98653],[32.53094,-3.98326],[32.52432,-3.97481],[32.51998,-3.97151],[32.51736,-3.96519],[32.5122,-3.95898],[32.50702,-3.95589],[32.50413,-3.94838],[32.49905,-3.94334],[32.49808,-3.93772],[32.48692,-3.93768],[32.48677,-3.94766],[32.48247,-3.95591],[32.47561,-3.9525],[32.47437,-3.95569],[32.47155,-3.95737],[32.46619,-3.96472],[32.45799,-3.95707],[32.45511,-3.9566],[32.45166,-3.95803],[32.43786,-3.95397],[32.43221,-3.94435],[32.43363,-3.94137],[32.44007,-3.9387],[32.44573,-3.93418],[32.42994,-3.92785],[32.4267,-3.92413],[32.42834,-3.91458],[32.42615,-3.89827],[32.42293,-3.8894],[32.42408,-3.88104],[32.41252,-3.87421],[32.41157,-3.86132],[32.41405,-3.84237],[32.42277,-3.84343],[32.42584,-3.84264],[32.4267,-3.83897],[32.42945,-3.8394]]]},"properties":{"region":"Shinyanga","district":"Kahama","ward":"Nyandekwa","ward_code":"072"}},{"type":"Feature","geometry":{"type":"Polygon","coordinates":[[[32.46343,-3.80966],[32.46653,-3.83131],[32.45614,-3.8368],[32.43871,-3.83784],[32.43757,-3.84225],[32.43381,-3.83985],[32.43232,-3.84083],[32.43119,-3.83968],[32.42964,-3.84034],[32.42945,-3.8394],[32.4267,-3.83897],[32.42584,-3.84264],[32.42131,-3.84358],[32.41389,-3.84269],[32.40633,-3.8381],[32.40124,-3.83713],[32.37316,-3.81736],[32.36708,-3.81746],[32.37065,-3.72182],[32.388,-3.72135],[32.40524,-3.71175],[32.42859,-3.70769],[32.44228,-3.71951],[32.45528,-3.72729],[32.46143,-3.74267],[32.46384,-3.74568],[32.46033,-3.75051],[32.46007,-3.75915],[32.45611,-3.76166],[32.45843,-3.77559],[32.45535,-3.79001],[32.46077,-3.79915],[32.46065,-3.80119],[32.46343,-3.80966]]]},"properties":{"region":"Shinyanga","district":"Kahama","ward":"Wendele","ward_code":"082"}},{"type":"Feature","geometry":{"type":"Polygon","coordinates":[[[32.49612,-3.7131],[32.51405,-3.7129],[32.52479,-3.71619],[32.54633,-3.71567],[32.55059,-3.72581],[32.5497,-3.73558],[32.54333,-3.74142],[32.551,-3.74909],[32.55216,-3.75301],[32.54436,-3.76149],[32.53179,-3.77191],[32.52013,-3.77688],[32.5069,-3.79716],[32.5022,-3.81045],[32.4983,-3.83327],[32.48631,-3.84482],[32.47486,-3.86165],[32.46796,-3.86156],[32.46548,-3.86288],[32.463,-3.8624],[32.46273,-3.86327],[32.46075,-3.86317],[32.45642,-3.86158],[32.45671,-3.86064],[32.45242,-3.85751],[32.44984,-3.85404],[32.44813,-3.85391],[32.44819,-3.85295],[32.44344,-3.84805],[32.44239,-3.84835],[32.44097,-3.84727],[32.44112,-3.84607],[32.43894,-3.84481],[32.43757,-3.84225],[32.43871,-3.83784],[32.45614,-3.8368],[32.46653,-3.83131],[32.46343,-3.80966],[32.46065,-3.80119],[32.46077,-3.79915],[32.45535,-3.79001],[32.45843,-3.77559],[32.45611,-3.76166],[32.46007,-3.75915],[32.46033,-3.75051],[32.46384,-3.74568],[32.46143,-3.74267],[32.45528,-3.72729],[32.44228,-3.71951],[32.42859,-3.70769],[32.46758,-3.70057],[32.48396,-3.71004],[32.49612,-3.7131]]]},"properties":{"region":"Shinyanga","district":"Kahama","ward":"Ngogwa","ward_code":"092"}},{"type":"Feature","geometry":{"type":"Polygon","coordinates":[[[32.7088,-3.70316],[32.71983,-3.71072],[32.72452,-3.72399],[32.73649,-3.72731],[32.75449,-3.73626],[32.7485,-3.7371],[32.74653,-3.73853],[32.74661,-3.74061],[32.74187,-3.74069],[32.74047,-3.74294],[32.73935,-3.74252],[32.73759,-3.74484],[32.73532,-3.74434],[32.73503,-3.74605],[32.73259,-3.74693],[32.73298,-3.74823],[32.72866,-3.75013],[32.72646,-3.75216],[32.72437,-3.75172],[32.72399,-3.7537],[32.72092,-3.75442],[32.72085,-3.7555],[32.71816,-3.75616],[32.71295,-3.76071],[32.70528,-3.76439],[32.70401,-3.76357],[32.7009,-3.76534],[32.69903,-3.76488],[32.69518,-3.76655],[32.6949,-3.76767],[32.69104,-3.76709],[32.68922,-3.76834],[32.68763,-3.76743],[32.68332,-3.76983],[32.68212,-3.76916],[32.67659,-3.77131],[32.65232,-3.76757],[32.64411,-3.76182],[32.64135,-3.76916],[32.62782,-3.77262],[32.6118,-3.77158],[32.59956,-3.76616],[32.59431,-3.76082],[32.59187,-3.75432],[32.59422,-3.74186],[32.58827,-3.74265],[32.58485,-3.73488],[32.58408,-3.72727],[32.58476,-3.70465],[32.58659,-3.69969],[32.59457,-3.70121],[32.59964,-3.70383],[32.62387,-3.70538],[32.63418,-3.66145],[32.63912,-3.65515],[32.66929,-3.62998],[32.67028,-3.63315],[32.6934,-3.66494],[32.69879,-3.67573],[32.70448,-3.67959],[32.70299,-3.68889],[32.7088,-3.70316]]]},"properties":{"region":"Shinyanga","district":"Kahama","ward":"Kinaga","ward_code":"012"}},{"type":"Feature","geometry":{"type":"Polygon","coordinates":[[[32.77043,-3.73844],[32.76598,-3.75975],[32.76471,-3.7862],[32.75467,-3.80018],[32.7459,-3.8185],[32.74901,-3.85091],[32.74492,-3.85407],[32.7483,-3.85972],[32.74667,-3.86572],[32.74603,-3.87402],[32.74728,-3.88848],[32.75037,-3.89432],[32.74774,-3.89617],[32.73085,-3.91571],[32.73236,-3.9227],[32.73773,-3.93371],[32.7429,-3.9489],[32.70565,-3.94729],[32.69229,-3.94894],[32.67416,-3.93715],[32.68445,-3.9148],[32.68792,-3.91019],[32.68949,-3.90962],[32.6896,-3.90364],[32.69893,-3.8872],[32.69783,-3.88087],[32.70184,-3.87908],[32.70423,-3.8725],[32.70649,-3.87331],[32.70836,-3.86652],[32.71138,-3.8631],[32.70159,-3.86202],[32.70023,-3.85978],[32.69753,-3.85921],[32.70336,-3.84336],[32.70688,-3.83661],[32.71083,-3.83196],[32.70519,-3.83327],[32.70599,-3.83008],[32.69962,-3.82919],[32.70143,-3.80398],[32.69964,-3.7924],[32.69672,-3.78549],[32.69819,-3.76907],[32.69742,-3.76594],[32.69903,-3.76488],[32.7009,-3.76534],[32.70401,-3.76357],[32.70528,-3.76439],[32.71295,-3.76071],[32.71816,-3.75616],[32.72399,-3.7537],[32.72437,-3.75172],[32.72646,-3.75216],[32.72866,-3.75013],[32.73298,-3.74823],[32.73259,-3.74693],[32.73503,-3.74605],[32.73532,-3.74434],[32.73759,-3.74484],[32.73935,-3.74252],[32.74047,-3.74294],[32.74187,-3.74069],[32.74661,-3.74061],[32.74653,-3.73853],[32.7485,-3.7371],[32.76382,-3.73567],[32.77074,-3.73181],[32.77043,-3.73844]]]},"properties":{"region":"Shinyanga","district":"Kahama","ward":"Mondo","ward_code":"022"}},{"type":"Feature","geometry":{"type":"Polygon","coordinates":[[[32.79821,-3.84016],[32.80047,-3.85219],[32.80008,-3.85579],[32.80608,-3.85895],[32.81229,-3.85801],[32.81174,-3.86629],[32.80554,-3.87305],[32.80693,-3.87371],[32.79246,-3.87442],[32.79008,-3.88581],[32.78659,-3.88732],[32.77573,-3.88764],[32.76569,-3.88957],[32.7611,-3.88915],[32.75743,-3.89189],[32.75037,-3.89432],[32.74728,-3.88848],[32.74603,-3.87402],[32.74667,-3.86572],[32.7483,-3.85972],[32.74492,-3.85407],[32.74901,-3.85091],[32.74836,-3.84519],[32.76386,-3.85038],[32.77535,-3.84565],[32.78656,-3.83693],[32.79821,-3.84016]]]},"properties":{"region":"Shinyanga","district":"Kahama","ward":"Kagongwa","ward_code":"032"}},{"type":"Feature","geometry":{"type":"Polygon","coordinates":[[[32.81325,-3.88735],[32.82221,-3.89969],[32.83321,-3.92012],[32.84392,-3.92553],[32.84256,-3.92882],[32.83866,-3.93082],[32.8382,-3.93407],[32.83578,-3.93676],[32.82602,-3.94205],[32.82425,-3.94204],[32.8208,-3.94436],[32.81746,-3.9486],[32.81242,-3.952],[32.80643,-3.9528],[32.79412,-3.95846],[32.79046,-3.95709],[32.7726,-3.95615],[32.76455,-3.95774],[32.75777,-3.95666],[32.75555,-3.95489],[32.7437,-3.9498],[32.73773,-3.93371],[32.73236,-3.9227],[32.73085,-3.91571],[32.74774,-3.89617],[32.75545,-3.89204],[32.75743,-3.89189],[32.7611,-3.88915],[32.76569,-3.88957],[32.77573,-3.88764],[32.78659,-3.88732],[32.79008,-3.88581],[32.79246,-3.87442],[32.80693,-3.87371],[32.81419,-3.87716],[32.81512,-3.88178],[32.81325,-3.88735]]]},"properties":{"region":"Shinyanga","district":"Kahama","ward":"Isagehe","ward_code":"042"}},{"type":"Feature","geometry":{"type":"Polygon","coordinates":[[[32.4933,-3.19878],[32.4976,-3.20014],[32.49851,-3.19912],[32.50237,-3.19987],[32.50515,-3.19908],[32.50618,-3.19999],[32.51161,-3.19983],[32.51475,-3.20156],[32.52133,-3.20143],[32.52495,-3.20471],[32.52504,-3.20599],[32.52779,-3.20676],[32.52863,-3.21589],[32.53033,-3.21839],[32.52919,-3.22192],[32.52918,-3.22809],[32.53074,-3.23749],[32.53216,-3.23936],[32.53428,-3.24698],[32.53391,-3.2515],[32.53824,-3.26036],[32.54357,-3.28115],[32.54507,-3.28309],[32.54199,-3.2952],[32.52835,-3.29964],[32.52187,-3.30342],[32.51871,-3.30309],[32.50735,-3.31686],[32.49595,-3.31114],[32.48529,-3.30925],[32.48303,-3.30199],[32.47508,-3.29777],[32.46342,-3.30312],[32.45301,-3.29677],[32.45252,-3.28169],[32.45135,-3.27502],[32.45248,-3.27049],[32.44521,-3.27003],[32.4372,-3.26564],[32.43867,-3.25662],[32.43695,-3.24823],[32.43653,-3.23354],[32.43918,-3.22085],[32.45191,-3.22006],[32.45451,-3.2224],[32.45839,-3.22345],[32.46085,-3.22127],[32.46472,-3.22023],[32.46562,-3.21765],[32.469,-3.21419],[32.47274,-3.21296],[32.47726,-3.20784],[32.48278,-3.2046],[32.48339,-3.2025],[32.48585,-3.20243],[32.4933,-3.19878]]]},"properties":{"region":"Shinyanga","district":"Kahama","ward":"Bulyan'hulu","ward_code":"013"}},{"type":"Feature","geometry":{"type":"Polygon","coordinates":[[[32.4372,-3.26564],[32.44521,-3.27003],[32.45248,-3.27049],[32.45135,-3.27502],[32.45252,-3.28169],[32.45301,-3.29677],[32.46342,-3.30312],[32.47508,-3.29777],[32.48303,-3.30199],[32.48529,-3.30925],[32.49595,-3.31114],[32.50735,-3.31686],[32.493,-3.32867],[32.4823,-3.3314],[32.47417,-3.33116],[32.466,-3.32813],[32.45831,-3.32329],[32.44953,-3.32058],[32.43773,-3.3214],[32.42865,-3.32354],[32.41438,-3.33505],[32.39936,-3.33886],[32.38657,-3.3382],[32.38017,-3.33931],[32.37257,-3.33772],[32.36335,-3.33311],[32.34819,-3.32937],[32.34846,-3.32258],[32.35264,-3.31455],[32.35614,-3.30472],[32.36097,-3.28272],[32.36363,-3.27889],[32.36782,-3.27794],[32.36888,-3.27378],[32.37794,-3.25968],[32.38242,-3.2643],[32.38801,-3.26126],[32.39449,-3.26691],[32.39813,-3.26624],[32.40413,-3.2575],[32.41122,-3.25136],[32.42756,-3.22864],[32.43918,-3.22085],[32.43653,-3.23354],[32.43695,-3.24823],[32.43867,-3.25662],[32.4372,-3.26564]]]},"properties":{"region":"Shinyanga","district":"Kahama","ward":"Bugarama","ward_code":"023"}},{"type":"Feature","geometry":{"type":"Polygon","coordinates":[[[32.5452,-3.30174],[32.54301,-3.3079],[32.53949,-3.31349],[32.5393,-3.31518],[32.53787,-3.31598],[32.53824,-3.31723],[32.53336,-3.32571],[32.53279,-3.33576],[32.53147,-3.33678],[32.53168,-3.34068],[32.53027,-3.34216],[32.52841,-3.34753],[32.52909,-3.34912],[32.52816,-3.35299],[32.52537,-3.35748],[32.5181,-3.36379],[32.51027,-3.38385],[32.50277,-3.39376],[32.49144,-3.40323],[32.47429,-3.40865],[32.4627,-3.41577],[32.45272,-3.42481],[32.44074,-3.43295],[32.43321,-3.43484],[32.39938,-3.44768],[32.3913,-3.44931],[32.38483,-3.44504],[32.37331,-3.44845],[32.35491,-3.45668],[32.35424,-3.4497],[32.35767,-3.43942],[32.3585,-3.42595],[32.35535,-3.41447],[32.3615,-3.40283],[32.36907,-3.40815],[32.37565,-3.41058],[32.37478,-3.39731],[32.37683,-3.38765],[32.38064,-3.3762],[32.39527,-3.35986],[32.39936,-3.33886],[32.41438,-3.33505],[32.42865,-3.32354],[32.43773,-3.3214],[32.44953,-3.32058],[32.45831,-3.32329],[32.466,-3.32813],[32.47417,-3.33116],[32.4823,-3.3314],[32.493,-3.32867],[32.50735,-3.31686],[32.51871,-3.30309],[32.52187,-3.30342],[32.52835,-3.29964],[32.54199,-3.2952],[32.54462,-3.29774],[32.5452,-3.30174]]]},"properties":{"region":"Shinyanga","district":"Kahama","ward":"Lunguya","ward_code":"031"}},{"type":"Feature","geometry":{"type":"Polygon","coordinates":[[[32.49115,-3.41325],[32.48268,-3.45039],[32.47884,-3.47904],[32.4527,-3.48551],[32.44229,-3.49368],[32.4341,-3.50717],[32.41642,-3.50343],[32.3929,-3.50532],[32.37298,-3.51866],[32.33841,-3.51926],[32.33057,-3.52333],[32.32903,-3.49627],[32.32294,-3.48256],[32.33071,-3.47311],[32.34857,-3.46435],[32.35491,-3.45668],[32.37331,-3.44845],[32.38483,-3.44504],[32.3913,-3.44931],[32.39938,-3.44768],[32.43321,-3.43484],[32.44074,-3.43295],[32.45272,-3.42481],[32.4627,-3.41577],[32.47429,-3.40865],[32.49144,-3.40323],[32.49115,-3.41325]]]},"properties":{"region":"Shinyanga","district":"Kahama","ward":"Shilela","ward_code":"041"}},{"type":"Feature","geometry":{"type":"Polygon","coordinates":[[[32.47813,-3.50669],[32.47928,-3.50996],[32.48803,-3.50428],[32.49691,-3.50513],[32.50878,-3.50146],[32.52572,-3.49939],[32.53509,-3.49938],[32.54135,-3.52245],[32.52677,-3.52624],[32.50603,-3.53906],[32.49691,-3.54281],[32.4876,-3.54865],[32.47593,-3.55171],[32.46604,-3.53715],[32.45223,-3.54823],[32.44425,-3.54648],[32.43986,-3.54742],[32.42843,-3.54667],[32.42299,-3.55161],[32.41751,-3.55448],[32.41506,-3.54948],[32.41359,-3.54845],[32.3868,-3.54717],[32.37342,-3.53473],[32.37298,-3.51866],[32.3929,-3.50532],[32.41642,-3.50343],[32.4341,-3.50717],[32.44229,-3.49368],[32.4527,-3.48551],[32.47884,-3.47904],[32.47734,-3.4915],[32.47875,-3.4944],[32.47813,-3.50669]]]},"properties":{"region":"Shinyanga","district":"Kahama","ward":"Segese","ward_code":"053"}},{"type":"Feature","geometry":{"type":"Polygon","coordinates":[[[32.37298,-3.51866],[32.37342,-3.53473],[32.3868,-3.54717],[32.41359,-3.54845],[32.41506,-3.54948],[32.41751,-3.55448],[32.42299,-3.55161],[32.42843,-3.54667],[32.43986,-3.54742],[32.44425,-3.54648],[32.45223,-3.54823],[32.45833,-3.55927],[32.46243,-3.57155],[32.46216,-3.57684],[32.4582,-3.58448],[32.45493,-3.58648],[32.45317,-3.60235],[32.43216,-3.59186],[32.42894,-3.59222],[32.42203,-3.5879],[32.41746,-3.58796],[32.41103,-3.58944],[32.40274,-3.59302],[32.39798,-3.59175],[32.39515,-3.59709],[32.37064,-3.61263],[32.37,-3.61723],[32.36502,-3.61643],[32.34822,-3.62183],[32.32538,-3.62678],[32.31614,-3.62224],[32.31522,-3.5994],[32.30274,-3.59011],[32.30164,-3.57103],[32.31091,-3.55902],[32.33057,-3.52333],[32.33841,-3.51926],[32.37298,-3.51866]]]},"properties":{"region":"Shinyanga","district":"Kahama","ward":"Mega","ward_code":"061"}},{"type":"Feature","geometry":{"type":"Polygon","coordinates":[[[32.60044,-3.42694],[32.61707,-3.4346],[32.62167,-3.43402],[32.63515,-3.43779],[32.63966,-3.43993],[32.62902,-3.4625],[32.60791,-3.47849],[32.60763,-3.49032],[32.60396,-3.49392],[32.60699,-3.51115],[32.62875,-3.53292],[32.61982,-3.54005],[32.61933,-3.54723],[32.62621,-3.56779],[32.61584,-3.56467],[32.58883,-3.57494],[32.58362,-3.60317],[32.55884,-3.57853],[32.54958,-3.57296],[32.52418,-3.58656],[32.52918,-3.60125],[32.54018,-3.61695],[32.51564,-3.60935],[32.49756,-3.60203],[32.45317,-3.60235],[32.45493,-3.58648],[32.4582,-3.58448],[32.46216,-3.57684],[32.46243,-3.57155],[32.45833,-3.55927],[32.45223,-3.54823],[32.46604,-3.53715],[32.47593,-3.55171],[32.4876,-3.54865],[32.49691,-3.54281],[32.50603,-3.53906],[32.52677,-3.52624],[32.54135,-3.52245],[32.53509,-3.49938],[32.52572,-3.49939],[32.50878,-3.50146],[32.49691,-3.50513],[32.48803,-3.50428],[32.47928,-3.50996],[32.47813,-3.50669],[32.47875,-3.4944],[32.47734,-3.4915],[32.48268,-3.45039],[32.49115,-3.41325],[32.49144,-3.40323],[32.50277,-3.39376],[32.51761,-3.39463],[32.54646,-3.39999],[32.58916,-3.41492],[32.60044,-3.42694]]]},"properties":{"region":"Shinyanga","district":"Kahama","ward":"Chela","ward_code":"071"}},{"type":"Feature","geometry":{"type":"Polygon","coordinates":[[[32.58362,-3.60317],[32.59145,-3.62483],[32.58993,-3.63807],[32.59858,-3.66084],[32.59041,-3.67101],[32.57712,-3.68113],[32.57874,-3.68881],[32.56908,-3.69533],[32.56375,-3.70039],[32.55774,-3.70955],[32.54633,-3.71567],[32.54058,-3.71617],[32.52479,-3.71619],[32.51405,-3.7129],[32.5102,-3.7],[32.51127,-3.69249],[32.51739,-3.67546],[32.51886,-3.66276],[32.52512,-3.65094],[32.52913,-3.64104],[32.51225,-3.64698],[32.49973,-3.65005],[32.49039,-3.64768],[32.47843,-3.63894],[32.47711,-3.61506],[32.47785,-3.60252],[32.49756,-3.60203],[32.51564,-3.60935],[32.54018,-3.61695],[32.52918,-3.60125],[32.52418,-3.58656],[32.54958,-3.57296],[32.55884,-3.57853],[32.58362,-3.60317]]]},"properties":{"region":"Shinyanga","district":"Kahama","ward":"Busangi","ward_code":"081"}},{"type":"Feature","geometry":{"type":"Polygon","coordinates":[[[32.42203,-3.5879],[32.42894,-3.59222],[32.43216,-3.59186],[32.45317,-3.60235],[32.47785,-3.60252],[32.47711,-3.61506],[32.47843,-3.63894],[32.49039,-3.64768],[32.49973,-3.65005],[32.51225,-3.64698],[32.52913,-3.64104],[32.52512,-3.65094],[32.51886,-3.66276],[32.51739,-3.67546],[32.51127,-3.69249],[32.5102,-3.7],[32.51405,-3.7129],[32.49612,-3.7131],[32.48396,-3.71004],[32.46758,-3.70057],[32.40524,-3.71175],[32.41456,-3.66886],[32.41552,-3.6522],[32.41289,-3.64553],[32.4116,-3.63839],[32.40057,-3.6201],[32.39966,-3.61728],[32.39992,-3.60812],[32.39515,-3.59709],[32.39798,-3.59175],[32.40274,-3.59302],[32.41103,-3.58944],[32.42203,-3.5879]]]},"properties":{"region":"Shinyanga","district":"Kahama","ward":"Ntobo","ward_code":"093"}},{"type":"Feature","geometry":{"type":"Polygon","coordinates":[[[32.65048,-3.54457],[32.65348,-3.5528],[32.65776,-3.54936],[32.67691,-3.55536],[32.68223,-3.54822],[32.69594,-3.5488],[32.71646,-3.55427],[32.72643,-3.57801],[32.73114,-3.57902],[32.73387,-3.5843],[32.7189,-3.59801],[32.6971,-3.61341],[32.68425,-3.61858],[32.68377,-3.61994],[32.68066,-3.62129],[32.66929,-3.62998],[32.63912,-3.65515],[32.63418,-3.66145],[32.62387,-3.70538],[32.59964,-3.70383],[32.59457,-3.70121],[32.58659,-3.69969],[32.57874,-3.68881],[32.57712,-3.68113],[32.59041,-3.67101],[32.59858,-3.66084],[32.58993,-3.63807],[32.59145,-3.62483],[32.58362,-3.60317],[32.58883,-3.57494],[32.61584,-3.56467],[32.62621,-3.56779],[32.61933,-3.54723],[32.61982,-3.54005],[32.64115,-3.52296],[32.65229,-3.5284],[32.65318,-3.52985],[32.65386,-3.5415],[32.65048,-3.54457]]]},"properties":{"region":"Shinyanga","district":"Kahama","ward":"Ngaya","ward_code":"101"}},{"type":"Feature","geometry":{"type":"Polygon","coordinates":[[[32.67552,-3.4555],[32.69201,-3.4598],[32.69727,-3.45955],[32.70741,-3.46967],[32.7059,-3.48],[32.71351,-3.48788],[32.71025,-3.49559],[32.71799,-3.50347],[32.71048,-3.52394],[32.7088,-3.53477],[32.71646,-3.55427],[32.69594,-3.5488],[32.68223,-3.54822],[32.67691,-3.55536],[32.65776,-3.54936],[32.65348,-3.5528],[32.65048,-3.54457],[32.65386,-3.5415],[32.65318,-3.52985],[32.65229,-3.5284],[32.64115,-3.52296],[32.62875,-3.53292],[32.60699,-3.51115],[32.60396,-3.49392],[32.60763,-3.49032],[32.60791,-3.47849],[32.62902,-3.4625],[32.63966,-3.43993],[32.65217,-3.44491],[32.65746,-3.44602],[32.65905,-3.44791],[32.66435,-3.45071],[32.67552,-3.4555]]]},"properties":{"region":"Shinyanga","district":"Kahama","ward":"Bulige","ward_code":"113"}},{"type":"Feature","geometry":{"type":"Polygon","coordinates":[[[32.77281,-3.58443],[32.74148,-3.58649],[32.73387,-3.5843],[32.73114,-3.57902],[32.72643,-3.57801],[32.7088,-3.53477],[32.71048,-3.52394],[32.71799,-3.50347],[32.71025,-3.49559],[32.71351,-3.48788],[32.7059,-3.48],[32.70741,-3.46967],[32.72372,-3.45726],[32.74289,-3.43896],[32.75844,-3.41964],[32.76311,-3.41618],[32.77145,-3.41346],[32.79369,-3.41926],[32.82578,-3.46992],[32.82891,-3.47639],[32.82737,-3.48054],[32.82945,-3.48292],[32.82954,-3.4866],[32.82629,-3.49056],[32.82909,-3.49889],[32.82775,-3.51032],[32.83067,-3.51339],[32.83171,-3.51796],[32.8343,-3.51955],[32.83298,-3.52522],[32.83426,-3.53235],[32.83815,-3.53435],[32.83816,-3.53881],[32.82861,-3.5452],[32.81592,-3.56082],[32.80134,-3.56728],[32.78884,-3.57768],[32.77281,-3.58443]]]},"properties":{"region":"Shinyanga","district":"Kahama","ward":"Kashishi","ward_code":"121"}},{"type":"Feature","geometry":{"type":"Polygon","coordinates":[[[32.37257,-3.33772],[32.38017,-3.33931],[32.38657,-3.3382],[32.39936,-3.33886],[32.39527,-3.35986],[32.38064,-3.3762],[32.37683,-3.38765],[32.37478,-3.39731],[32.37565,-3.41058],[32.36907,-3.40815],[32.3615,-3.40283],[32.35535,-3.41447],[32.3585,-3.42595],[32.35767,-3.43942],[32.35424,-3.4497],[32.35491,-3.45668],[32.34857,-3.46435],[32.33071,-3.47311],[32.32294,-3.48256],[32.32029,-3.46162],[32.32406,-3.43642],[32.29603,-3.41002],[32.29929,-3.40526],[32.30281,-3.40322],[32.30878,-3.38119],[32.3134,-3.37779],[32.31566,-3.37176],[32.31305,-3.3664],[32.30468,-3.35983],[32.30311,-3.35148],[32.31131,-3.34998],[32.30199,-3.32968],[32.30311,-3.32498],[32.31005,-3.31311],[32.33209,-3.32123],[32.34819,-3.32937],[32.36335,-3.33311],[32.37257,-3.33772]]]},"properties":{"region":"Shinyanga","district":"Kahama","ward":"Ikinda","ward_code":"171"}},{"type":"Feature","geometry":{"type":"Polygon","coordinates":[[[32.83831,-3.58231],[32.83551,-3.58831],[32.83633,-3.59133],[32.83347,-3.59504],[32.83547,-3.59841],[32.83237,-3.60044],[32.83386,-3.60214],[32.83006,-3.60986],[32.82933,-3.61483],[32.82591,-3.61971],[32.8257,-3.62759],[32.82191,-3.64129],[32.82362,-3.64849],[32.82282,-3.65385],[32.82325,-3.66037],[32.81696,-3.685],[32.81681,-3.69056],[32.80329,-3.70765],[32.78821,-3.7223],[32.77746,-3.7305],[32.77074,-3.73181],[32.76382,-3.73567],[32.75449,-3.73626],[32.73649,-3.72731],[32.72452,-3.72399],[32.71983,-3.71072],[32.7088,-3.70316],[32.70565,-3.69699],[32.70299,-3.68889],[32.70448,-3.67959],[32.69879,-3.67573],[32.6934,-3.66494],[32.67028,-3.63315],[32.66929,-3.62998],[32.68066,-3.62129],[32.68377,-3.61994],[32.68425,-3.61858],[32.6971,-3.61341],[32.7189,-3.59801],[32.73387,-3.5843],[32.74148,-3.58649],[32.77281,-3.58443],[32.78884,-3.57768],[32.80134,-3.56728],[32.81592,-3.56082],[32.82861,-3.5452],[32.83816,-3.53881],[32.84054,-3.54059],[32.84252,-3.54079],[32.8421,-3.54392],[32.84382,-3.5462],[32.84352,-3.54961],[32.84081,-3.5507],[32.84106,-3.55311],[32.83727,-3.57128],[32.83959,-3.57445],[32.83879,-3.57682],[32.83644,-3.57791],[32.83831,-3.58231]]]},"properties":{"region":"Shinyanga","district":"Kahama","ward":"Mwanase","ward_code":"131"}},{"type":"Feature","geometry":{"type":"Polygon","coordinates":[[[32.87132,-3.83624],[32.85702,-3.86486],[32.8608,-3.86773],[32.85883,-3.87183],[32.85843,-3.8753],[32.84793,-3.88652],[32.84938,-3.90027],[32.85134,-3.90615],[32.85074,-3.91619],[32.84392,-3.92553],[32.83321,-3.92012],[32.82221,-3.89969],[32.81325,-3.88735],[32.81512,-3.88178],[32.81419,-3.87716],[32.80554,-3.87305],[32.81174,-3.86629],[32.81229,-3.85801],[32.80608,-3.85895],[32.80008,-3.85579],[32.80047,-3.85219],[32.79821,-3.84016],[32.78656,-3.83693],[32.77535,-3.84565],[32.76386,-3.85038],[32.74836,-3.84519],[32.7459,-3.8185],[32.75467,-3.80018],[32.76471,-3.7862],[32.76598,-3.75975],[32.77025,-3.74128],[32.77074,-3.73181],[32.77746,-3.7305],[32.78821,-3.7223],[32.80329,-3.70765],[32.81681,-3.69056],[32.81659,-3.69814],[32.81787,-3.71013],[32.83438,-3.73996],[32.84282,-3.75255],[32.86079,-3.76159],[32.8696,-3.77191],[32.88095,-3.77608],[32.87975,-3.79367],[32.87566,-3.80258],[32.87734,-3.81302],[32.87132,-3.83624]]]},"properties":{"region":"Shinyanga","district":"Kahama","ward":"Mwalugulu","ward_code":"141"}},{"type":"Feature","geometry":{"type":"Polygon","coordinates":[[[32.84804,-3.67034],[32.85153,-3.67959],[32.88614,-3.67583],[32.88795,-3.67659],[32.88806,-3.68053],[32.8914,-3.68313],[32.89698,-3.68172],[32.90129,-3.68346],[32.90931,-3.67961],[32.93186,-3.69676],[32.93006,-3.70566],[32.94786,-3.70837],[32.96748,-3.70948],[32.95062,-3.74083],[32.95502,-3.74904],[32.96355,-3.7519],[33.01732,-3.77661],[33.01768,-3.78456],[33.01502,-3.78738],[33.01471,-3.79349],[33.01258,-3.79611],[33.00845,-3.79739],[33.00678,-3.80078],[33.00132,-3.80296],[32.99191,-3.8122],[32.9891,-3.81731],[32.98483,-3.8365],[32.9783,-3.85869],[32.97832,-3.87154],[32.97129,-3.8646],[32.9704,-3.86232],[32.96731,-3.85912],[32.95942,-3.85236],[32.95474,-3.84148],[32.92612,-3.80717],[32.91025,-3.79776],[32.89724,-3.78422],[32.88095,-3.77608],[32.8696,-3.77191],[32.86079,-3.76159],[32.84282,-3.75255],[32.83438,-3.73996],[32.81787,-3.71013],[32.81659,-3.69814],[32.81696,-3.685],[32.82268,-3.66245],[32.8356,-3.66334],[32.84804,-3.67034]]]},"properties":{"region":"Shinyanga","district":"Kahama","ward":"Jana","ward_code":"151"}},{"type":"Feature","geometry":{"type":"Polygon","coordinates":[[[32.98315,-3.91124],[32.96925,-3.91168],[32.95428,-3.91445],[32.92891,-3.91717],[32.92679,-3.9179],[32.92421,-3.92092],[32.91845,-3.90708],[32.91866,-3.89552],[32.91711,-3.8851],[32.91773,-3.87677],[32.9207,-3.86982],[32.91861,-3.86115],[32.92059,-3.85707],[32.92675,-3.85309],[32.93097,-3.83879],[32.92852,-3.83352],[32.92999,-3.82632],[32.93149,-3.82523],[32.93447,-3.81979],[32.93618,-3.81923],[32.95474,-3.84148],[32.95942,-3.85236],[32.96731,-3.85912],[32.9704,-3.86232],[32.97129,-3.8646],[32.97832,-3.87154],[32.98151,-3.87588],[32.98419,-3.88189],[32.99472,-3.89038],[32.99483,-3.89244],[32.99807,-3.89733],[33.00459,-3.90207],[32.9964,-3.90859],[32.98315,-3.91124]]]},"properties":{"region":"Shinyanga","district":"Kahama","ward":"Isaka","ward_code":"163"}},{"type":"Feature","geometry":{"type":"Polygon","coordinates":[[[32.91845,-3.90708],[32.92421,-3.92092],[32.91954,-3.91796],[32.89194,-3.92226],[32.8748,-3.91118],[32.86911,-3.90964],[32.8635,-3.91321],[32.86269,-3.91558],[32.85942,-3.91833],[32.85666,-3.91829],[32.85074,-3.91619],[32.85134,-3.90615],[32.84938,-3.90027],[32.84793,-3.88652],[32.85843,-3.8753],[32.85883,-3.87183],[32.8608,-3.86773],[32.85702,-3.86486],[32.87132,-3.83624],[32.87734,-3.81302],[32.87566,-3.80258],[32.87975,-3.79367],[32.88095,-3.77608],[32.89724,-3.78422],[32.91025,-3.79776],[32.92612,-3.80717],[32.93618,-3.81923],[32.93313,-3.82122],[32.93149,-3.82523],[32.92999,-3.82632],[32.92852,-3.83352],[32.93097,-3.83879],[32.92675,-3.85309],[32.92059,-3.85707],[32.91861,-3.86115],[32.9207,-3.86982],[32.91773,-3.87677],[32.91711,-3.8851],[32.91866,-3.89552],[32.91845,-3.90708]]]},"properties":{"region":"Shinyanga","district":"Kahama","ward":"Mwakata","ward_code":"181"}},{"type":"Feature","geometry":{"type":"Polygon","coordinates":[[[33.96025,-3.81419],[33.96466,-3.81885],[33.96482,-3.82303],[33.97216,-3.82227],[33.97956,-3.82522],[33.97878,-3.83358],[33.9848,-3.83153],[33.98354,-3.84468],[33.98687,-3.85925],[33.9848,-3.86231],[33.98456,-3.86564],[33.98727,-3.872],[33.98411,-3.87667],[33.98725,-3.87838],[33.98276,-3.88122],[33.9868,-3.88756],[33.9875,-3.89584],[33.98688,-3.9011],[33.99101,-3.90915],[33.98989,-3.91601],[33.99354,-3.93002],[33.99774,-3.94028],[34.00503,-3.94867],[34.00607,-3.95858],[34.00044,-3.96965],[34.00065,-3.99199],[33.99559,-4.00563],[33.98369,-4.02355],[33.98332,-4.02259],[33.98152,-4.02302],[33.97873,-4.02197],[33.97894,-4.02084],[33.9778,-4.02004],[33.97331,-4.02067],[33.97418,-4.01813],[33.9736,-4.01585],[33.9708,-4.0168],[33.96572,-4.01327],[33.96435,-4.01091],[33.96528,-4.00725],[33.96197,-4.00546],[33.96181,-4.0038],[33.9608,-4.00548],[33.95886,-4.00546],[33.95958,-4.00316],[33.95576,-4.00167],[33.95468,-3.99977],[33.94886,-3.99924],[33.94878,-3.99828],[33.95089,-3.99768],[33.9505,-3.99628],[33.94788,-3.99484],[33.94968,-3.9871],[33.93938,-3.98106],[33.93618,-3.97814],[33.92858,-3.96008],[33.92585,-3.96118],[33.92346,-3.95887],[33.92169,-3.95883],[33.91832,-3.96587],[33.91193,-3.96173],[33.89991,-3.96513],[33.89241,-3.95763],[33.88986,-3.95958],[33.88629,-3.95919],[33.88477,-3.95724],[33.885,-3.95329],[33.88045,-3.95423],[33.88123,-3.95683],[33.87833,-3.95763],[33.87851,-3.95866],[33.88081,-3.95888],[33.8806,-3.95995],[33.87819,-3.96118],[33.87625,-3.95783],[33.87397,-3.95909],[33.87395,-3.95633],[33.87158,-3.95862],[33.87004,-3.95678],[33.86687,-3.95621],[33.86838,-3.95458],[33.86627,-3.95226],[33.86461,-3.95391],[33.86215,-3.95125],[33.85981,-3.95157],[33.85783,-3.95442],[33.85556,-3.95228],[33.85192,-3.9518],[33.85195,-3.95412],[33.84963,-3.95451],[33.8468,-3.95284],[33.846,-3.95457],[33.84755,-3.95608],[33.84566,-3.95885],[33.84477,-3.95696],[33.84266,-3.95822],[33.84485,-3.9601],[33.84414,-3.9609],[33.84287,-3.96032],[33.84201,-3.96347],[33.84099,-3.96202],[33.83884,-3.96133],[33.8406,-3.95937],[33.83754,-3.9579],[33.8436,-3.95294],[33.84441,-3.94753],[33.84115,-3.94195],[33.84212,-3.93743],[33.84553,-3.93387],[33.84592,-3.92998],[33.84263,-3.9254],[33.84394,-3.92276],[33.84243,-3.92089],[33.84066,-3.9151],[33.84071,-3.9122],[33.83892,-3.91002],[33.8392,-3.90545],[33.84024,-3.90394],[33.83926,-3.90238],[33.83896,-3.89566],[33.83739,-3.89453],[33.8354,-3.88961],[33.84041,-3.88762],[33.84818,-3.88642],[33.85394,-3.88388],[33.85756,-3.87878],[33.86353,-3.87581],[33.86741,-3.87078],[33.86699,-3.86571],[33.85623,-3.85127],[33.85541,-3.84466],[33.86,-3.8413],[33.86635,-3.84184],[33.87191,-3.84062],[33.89241,-3.84036],[33.90151,-3.83697],[33.91141,-3.83605],[33.92655,-3.83061],[33.93476,-3.82593],[33.94273,-3.82541],[33.94724,-3.82255],[33.94817,-3.81862],[33.95027,-3.81647],[33.95288,-3.81804],[33.95595,-3.81438],[33.95775,-3.81494],[33.96025,-3.81419]]]},"properties":{"region":"Shinyanga","district":"Kishapu","ward":"Lagana","ward_code":"141"}},{"type":"Feature","geometry":{"type":"Polygon","coordinates":[[[33.75622,-3.68182],[33.76695,-3.68748],[33.77662,-3.68735],[33.78616,-3.68919],[33.80383,-3.6906],[33.81566,-3.68856],[33.82402,-3.68882],[33.82532,-3.6915],[33.82239,-3.69313],[33.82427,-3.69813],[33.82429,-3.70177],[33.82262,-3.70555],[33.82379,-3.71333],[33.82561,-3.71791],[33.82485,-3.72295],[33.82633,-3.72796],[33.83516,-3.73216],[33.83505,-3.73492],[33.8371,-3.73718],[33.84124,-3.73846],[33.84484,-3.74273],[33.84898,-3.74435],[33.85509,-3.75064],[33.86037,-3.75335],[33.86247,-3.7521],[33.86991,-3.75429],[33.87184,-3.75301],[33.87612,-3.75239],[33.88144,-3.75673],[33.88636,-3.75309],[33.88813,-3.7547],[33.88898,-3.75729],[33.89315,-3.75653],[33.89529,-3.75721],[33.89848,-3.759],[33.90393,-3.76423],[33.90771,-3.7655],[33.9108,-3.76941],[33.91332,-3.77064],[33.9167,-3.77035],[33.9172,-3.7765],[33.92049,-3.77811],[33.92179,-3.78011],[33.92844,-3.78336],[33.9299,-3.78846],[33.93341,-3.78985],[33.93414,-3.79228],[33.93252,-3.79424],[33.9332,-3.79642],[33.93784,-3.79483],[33.93945,-3.79649],[33.94105,-3.80122],[33.94064,-3.80544],[33.94242,-3.80734],[33.94622,-3.80805],[33.94897,-3.81204],[33.95312,-3.81005],[33.95654,-3.81064],[33.96025,-3.81419],[33.95775,-3.81494],[33.95595,-3.81438],[33.95288,-3.81804],[33.95027,-3.81647],[33.94817,-3.81862],[33.94724,-3.82255],[33.94273,-3.82541],[33.93476,-3.82593],[33.92655,-3.83061],[33.91141,-3.83605],[33.90151,-3.83697],[33.89241,-3.84036],[33.87191,-3.84062],[33.86635,-3.84184],[33.86,-3.8413],[33.85811,-3.8255],[33.8558,-3.81979],[33.8329,-3.8132],[33.81547,-3.81084],[33.795,-3.80487],[33.78599,-3.80429],[33.77352,-3.80184],[33.76087,-3.79617],[33.75988,-3.78878],[33.75805,-3.78578],[33.75437,-3.7745],[33.75903,-3.76851],[33.75733,-3.75233],[33.75934,-3.74793],[33.75763,-3.744],[33.75989,-3.74033],[33.75825,-3.73846],[33.76008,-3.7333],[33.75663,-3.73149],[33.76476,-3.71906],[33.75817,-3.71403],[33.75879,-3.69814],[33.75469,-3.68879],[33.75622,-3.68182]]]},"properties":{"region":"Shinyanga","district":"Kishapu","ward":"Mwamashele","ward_code":"151"}},{"type":"Feature","geometry":{"type":"Polygon","coordinates":[[[33.84041,-3.88762],[33.8354,-3.88961],[33.83739,-3.89453],[33.83896,-3.89566],[33.83926,-3.90238],[33.84024,-3.90394],[33.8392,-3.90545],[33.83892,-3.91002],[33.84071,-3.9122],[33.84066,-3.9151],[33.84243,-3.92089],[33.84394,-3.92276],[33.84263,-3.9254],[33.84592,-3.92998],[33.84553,-3.93387],[33.84212,-3.93743],[33.84115,-3.94195],[33.84441,-3.94753],[33.8436,-3.95294],[33.83754,-3.9579],[33.83391,-3.95879],[33.83329,-3.95639],[33.83214,-3.9579],[33.8304,-3.95744],[33.83083,-3.95587],[33.83246,-3.95585],[33.83273,-3.95494],[33.83136,-3.95436],[33.8307,-3.95043],[33.82923,-3.94991],[33.82832,-3.95296],[33.82991,-3.95353],[33.8295,-3.95499],[33.82564,-3.95382],[33.82354,-3.956],[33.82043,-3.95361],[33.82084,-3.95537],[33.81964,-3.95647],[33.81794,-3.9533],[33.81909,-3.95274],[33.81942,-3.95079],[33.81832,-3.94977],[33.81697,-3.94991],[33.81566,-3.95344],[33.81443,-3.95243],[33.81034,-3.95448],[33.80965,-3.9534],[33.81124,-3.9523],[33.8124,-3.95265],[33.8117,-3.95053],[33.80924,-3.95076],[33.80827,-3.95217],[33.80392,-3.95],[33.80314,-3.95131],[33.80203,-3.95083],[33.79994,-3.9584],[33.79863,-3.95816],[33.79606,-3.95284],[33.79308,-3.94981],[33.79195,-3.94656],[33.78835,-3.94741],[33.78542,-3.94467],[33.78764,-3.94235],[33.78561,-3.9398],[33.78305,-3.93909],[33.78173,-3.94164],[33.77837,-3.94282],[33.7787,-3.93947],[33.77288,-3.94126],[33.77198,-3.93659],[33.76786,-3.93937],[33.76592,-3.93744],[33.76512,-3.93456],[33.76348,-3.93539],[33.7613,-3.93508],[33.76092,-3.93391],[33.759,-3.9345],[33.75807,-3.93267],[33.7523,-3.93338],[33.74979,-3.93479],[33.74818,-3.93201],[33.74274,-3.93191],[33.74063,-3.92828],[33.72048,-3.92267],[33.71048,-3.92342],[33.70394,-3.92938],[33.70055,-3.92947],[33.69684,-3.92751],[33.6918,-3.92918],[33.68919,-3.93565],[33.68449,-3.93622],[33.68371,-3.93689],[33.68454,-3.93919],[33.6832,-3.94011],[33.68163,-3.93854],[33.67801,-3.94109],[33.67744,-3.94046],[33.67828,-3.93849],[33.67725,-3.93594],[33.6748,-3.93425],[33.67376,-3.93464],[33.67396,-3.93697],[33.67289,-3.93723],[33.66918,-3.93515],[33.66799,-3.93674],[33.66548,-3.93452],[33.66199,-3.9341],[33.66621,-3.92445],[33.674,-3.91681],[33.68691,-3.89292],[33.69889,-3.88771],[33.71891,-3.88772],[33.73741,-3.86902],[33.74013,-3.86189],[33.73629,-3.84273],[33.73984,-3.83862],[33.74119,-3.83286],[33.74453,-3.83023],[33.75659,-3.82712],[33.76163,-3.81597],[33.76378,-3.80823],[33.76087,-3.79617],[33.77352,-3.80184],[33.78599,-3.80429],[33.795,-3.80487],[33.81547,-3.81084],[33.8329,-3.8132],[33.8558,-3.81979],[33.85811,-3.8255],[33.86,-3.8413],[33.85541,-3.84466],[33.85623,-3.85127],[33.86699,-3.86571],[33.86741,-3.87078],[33.86353,-3.87581],[33.85756,-3.87878],[33.85394,-3.88388],[33.84818,-3.88642],[33.84041,-3.88762]]]},"properties":{"region":"Shinyanga","district":"Kishapu","ward":"Ngofila","ward_code":"161"}},{"type":"Feature","geometry":{"type":"Polygon","coordinates":[[[33.7234,-3.77187],[33.72645,-3.77294],[33.73212,-3.77263],[33.74224,-3.77046],[33.75437,-3.7745],[33.75805,-3.78578],[33.75988,-3.78878],[33.76095,-3.79792],[33.76378,-3.80823],[33.76163,-3.81597],[33.75659,-3.82712],[33.74453,-3.83023],[33.74119,-3.83286],[33.73984,-3.83862],[33.73629,-3.84273],[33.74013,-3.86189],[33.73741,-3.86902],[33.71891,-3.88772],[33.69889,-3.88771],[33.68691,-3.89292],[33.674,-3.91681],[33.66621,-3.92445],[33.66288,-3.93232],[33.6543,-3.91649],[33.66191,-3.89948],[33.63748,-3.88618],[33.62365,-3.88609],[33.62221,-3.88236],[33.6092,-3.88446],[33.59532,-3.88168],[33.5922,-3.87994],[33.59184,-3.86966],[33.59392,-3.8613],[33.596,-3.86025],[33.5953,-3.85869],[33.59721,-3.8505],[33.59858,-3.83638],[33.60291,-3.82087],[33.60481,-3.83217],[33.62556,-3.83154],[33.62598,-3.82713],[33.62876,-3.82538],[33.63014,-3.81859],[33.62914,-3.81354],[33.63368,-3.80891],[33.63551,-3.809],[33.63817,-3.805],[33.63776,-3.80255],[33.64641,-3.79133],[33.65071,-3.79287],[33.657,-3.79333],[33.67539,-3.78114],[33.68275,-3.77775],[33.68505,-3.77544],[33.69747,-3.7762],[33.70513,-3.77542],[33.72138,-3.7694],[33.7234,-3.77187]]]},"properties":{"region":"Shinyanga","district":"Kishapu","ward":"Kiloleli","ward_code":"171"}},{"type":"Feature","geometry":{"type":"Polygon","coordinates":[[[33.60311,-3.60099],[33.61328,-3.60501],[33.61567,-3.60269],[33.619,-3.603],[33.62124,-3.60142],[33.63656,-3.60238],[33.64139,-3.60504],[33.64237,-3.61044],[33.64228,-3.63163],[33.64746,-3.64656],[33.65314,-3.65607],[33.65816,-3.651],[33.65829,-3.64814],[33.66413,-3.64485],[33.67366,-3.6464],[33.67831,-3.64621],[33.6849,-3.6488],[33.68928,-3.65257],[33.69468,-3.65539],[33.69523,-3.66033],[33.70105,-3.66423],[33.70513,-3.66994],[33.70628,-3.66998],[33.70933,-3.68831],[33.69892,-3.69479],[33.69472,-3.69906],[33.68925,-3.70251],[33.68618,-3.7079],[33.6643,-3.70954],[33.66477,-3.71443],[33.66372,-3.72109],[33.66438,-3.73009],[33.66046,-3.73045],[33.64397,-3.73729],[33.63871,-3.73665],[33.63374,-3.72927],[33.63597,-3.71773],[33.63174,-3.70579],[33.62322,-3.70234],[33.61826,-3.69929],[33.61489,-3.69585],[33.61013,-3.69466],[33.60471,-3.68862],[33.60253,-3.68756],[33.59916,-3.68352],[33.5987,-3.67781],[33.59367,-3.66912],[33.58786,-3.66594],[33.58654,-3.66249],[33.58713,-3.66004],[33.58646,-3.65062],[33.58255,-3.63164],[33.58005,-3.62627],[33.57957,-3.61942],[33.58102,-3.61555],[33.58108,-3.61237],[33.57397,-3.60289],[33.57556,-3.60051],[33.58228,-3.59622],[33.59365,-3.59176],[33.59682,-3.59217],[33.60311,-3.60099]]]},"properties":{"region":"Shinyanga","district":"Kishapu","ward":"Ukenyenge","ward_code":"181"}},{"type":"Feature","geometry":{"type":"Polygon","coordinates":[[[33.58654,-3.66249],[33.58786,-3.66594],[33.59367,-3.66912],[33.5987,-3.67781],[33.59916,-3.68352],[33.60253,-3.68756],[33.60471,-3.68862],[33.61013,-3.69466],[33.61489,-3.69585],[33.61826,-3.69929],[33.62322,-3.70234],[33.63174,-3.70579],[33.63597,-3.71773],[33.63374,-3.72927],[33.63871,-3.73665],[33.63548,-3.75441],[33.63586,-3.772],[33.64641,-3.79133],[33.63776,-3.80255],[33.63817,-3.805],[33.63551,-3.809],[33.63368,-3.80891],[33.62914,-3.81354],[33.63014,-3.81859],[33.62876,-3.82538],[33.62598,-3.82713],[33.62556,-3.83154],[33.60481,-3.83217],[33.60247,-3.8161],[33.60334,-3.81384],[33.60064,-3.8031],[33.57669,-3.78534],[33.57686,-3.77472],[33.54792,-3.77599],[33.54146,-3.77174],[33.54888,-3.75991],[33.54683,-3.75435],[33.54927,-3.74512],[33.55091,-3.74314],[33.55013,-3.74014],[33.5519,-3.73582],[33.54133,-3.71852],[33.52805,-3.70984],[33.52243,-3.70374],[33.52098,-3.70175],[33.51899,-3.69319],[33.51919,-3.68974],[33.52467,-3.68861],[33.52757,-3.68529],[33.54329,-3.68601],[33.54475,-3.68767],[33.55003,-3.68899],[33.55305,-3.68773],[33.56,-3.68195],[33.56064,-3.67916],[33.56811,-3.67626],[33.57018,-3.67149],[33.56979,-3.66764],[33.57072,-3.66464],[33.57298,-3.66384],[33.57357,-3.66156],[33.57607,-3.66098],[33.58122,-3.66391],[33.58352,-3.65938],[33.58713,-3.66004],[33.58654,-3.66249]]]},"properties":{"region":"Shinyanga","district":"Kishapu","ward":"Talaga","ward_code":"191"}},{"type":"Feature","geometry":{"type":"Polygon","coordinates":[[[33.51919,-3.68974],[33.52098,-3.70175],[33.52243,-3.70374],[33.52805,-3.70984],[33.54133,-3.71852],[33.5519,-3.73582],[33.55013,-3.74014],[33.55091,-3.74314],[33.54927,-3.74512],[33.54683,-3.75435],[33.54888,-3.75991],[33.54146,-3.77174],[33.54792,-3.77599],[33.57686,-3.77472],[33.57669,-3.78534],[33.60064,-3.8031],[33.60334,-3.81384],[33.6017,-3.82697],[33.59858,-3.83638],[33.59721,-3.8505],[33.5953,-3.85869],[33.596,-3.86025],[33.59392,-3.8613],[33.59184,-3.86966],[33.5922,-3.87994],[33.58794,-3.8811],[33.58743,-3.8825],[33.58534,-3.88093],[33.585,-3.8832],[33.58309,-3.88285],[33.58257,-3.88459],[33.57997,-3.88459],[33.57757,-3.88724],[33.57596,-3.88651],[33.57591,-3.88866],[33.57197,-3.88826],[33.57074,-3.88578],[33.57005,-3.88777],[33.56852,-3.88773],[33.5686,-3.88703],[33.5621,-3.88548],[33.56002,-3.89004],[33.55109,-3.89823],[33.53729,-3.89824],[33.53274,-3.89602],[33.52405,-3.89539],[33.52233,-3.89237],[33.51431,-3.89097],[33.51296,-3.88571],[33.50996,-3.88362],[33.50801,-3.87813],[33.50501,-3.87657],[33.50479,-3.87461],[33.50237,-3.87137],[33.4986,-3.86894],[33.49402,-3.86259],[33.49603,-3.85705],[33.49091,-3.8384],[33.49118,-3.8357],[33.494,-3.83042],[33.49333,-3.82853],[33.49185,-3.82799],[33.49345,-3.81299],[33.49251,-3.80569],[33.48702,-3.80068],[33.48671,-3.79549],[33.48358,-3.79127],[33.48103,-3.79123],[33.46918,-3.77585],[33.47085,-3.77313],[33.46971,-3.77024],[33.47008,-3.7654],[33.47231,-3.76299],[33.47169,-3.75843],[33.47498,-3.75452],[33.47378,-3.75208],[33.47112,-3.75077],[33.47206,-3.74667],[33.47031,-3.74314],[33.46948,-3.7376],[33.46745,-3.73399],[33.469,-3.73067],[33.46809,-3.72684],[33.46879,-3.72274],[33.46649,-3.71994],[33.46906,-3.71752],[33.46921,-3.71179],[33.4735,-3.70967],[33.47601,-3.7098],[33.47871,-3.7086],[33.48017,-3.70515],[33.4838,-3.70475],[33.48644,-3.70123],[33.48954,-3.7009],[33.49106,-3.69884],[33.4968,-3.69539],[33.49859,-3.69479],[33.49938,-3.69645],[33.50631,-3.69552],[33.51463,-3.68814],[33.51919,-3.68974]]]},"properties":{"region":"Shinyanga","district":"Kishapu","ward":"Itilima","ward_code":"201"}},{"type":"Feature","geometry":{"type":"Polygon","coordinates":[[[33.72961,-3.66672],[33.73238,-3.67119],[33.74724,-3.68007],[33.7463,-3.68257],[33.75091,-3.68759],[33.75469,-3.68879],[33.75879,-3.69814],[33.75817,-3.71403],[33.76476,-3.71906],[33.75663,-3.73149],[33.76008,-3.7333],[33.75825,-3.73846],[33.75989,-3.74033],[33.75763,-3.744],[33.75934,-3.74793],[33.75733,-3.75233],[33.75903,-3.76851],[33.75437,-3.7745],[33.74224,-3.77046],[33.72645,-3.77294],[33.7234,-3.77187],[33.72138,-3.7694],[33.70513,-3.77542],[33.69747,-3.7762],[33.68505,-3.77544],[33.68275,-3.77775],[33.67539,-3.78114],[33.657,-3.79333],[33.65071,-3.79287],[33.64641,-3.79133],[33.63586,-3.772],[33.63548,-3.75441],[33.63871,-3.73665],[33.64397,-3.73729],[33.66046,-3.73045],[33.66438,-3.73009],[33.66372,-3.72109],[33.66477,-3.71443],[33.6643,-3.70954],[33.68618,-3.7079],[33.68925,-3.70251],[33.69472,-3.69906],[33.69892,-3.69479],[33.70933,-3.68831],[33.70628,-3.66998],[33.72298,-3.67071],[33.72703,-3.67006],[33.72961,-3.66672]]]},"properties":{"region":"Shinyanga","district":"Kishapu","ward":"Mwaweja","ward_code":"211"}},{"type":"Feature","geometry":{"type":"Polygon","coordinates":[[[33.73718,-3.54639],[33.74509,-3.54837],[33.74715,-3.55146],[33.75087,-3.55247],[33.75467,-3.55779],[33.7592,-3.55975],[33.76173,-3.55984],[33.76474,-3.55843],[33.7657,-3.56003],[33.76454,-3.56473],[33.76716,-3.56772],[33.77341,-3.56847],[33.78044,-3.57542],[33.79273,-3.58491],[33.79229,-3.59306],[33.79468,-3.59958],[33.79876,-3.60293],[33.7985,-3.60419],[33.79041,-3.60595],[33.78053,-3.61243],[33.77096,-3.61082],[33.77045,-3.62527],[33.77293,-3.63591],[33.76779,-3.63365],[33.76048,-3.63492],[33.74986,-3.6346],[33.74597,-3.64589],[33.74122,-3.64046],[33.73751,-3.63087],[33.71652,-3.63228],[33.71681,-3.62722],[33.71932,-3.62378],[33.71932,-3.61994],[33.71306,-3.61331],[33.7073,-3.60909],[33.70575,-3.60488],[33.71074,-3.58581],[33.72574,-3.57212],[33.73671,-3.56493],[33.73915,-3.56186],[33.73497,-3.54936],[33.73718,-3.54639]]]},"properties":{"region":"Shinyanga","district":"Kishapu","ward":"Uchunga","ward_code":"071"}},{"type":"Feature","geometry":{"type":"Polygon","coordinates":[[[33.85912,-3.502],[33.86089,-3.50323],[33.86684,-3.52639],[33.88992,-3.53147],[33.88182,-3.54187],[33.87685,-3.54482],[33.86484,-3.54718],[33.86215,-3.55253],[33.86435,-3.56468],[33.86465,-3.57184],[33.86174,-3.5766],[33.86255,-3.58143],[33.86443,-3.5843],[33.87227,-3.58489],[33.87539,-3.5875],[33.89474,-3.5873],[33.89905,-3.58555],[33.91215,-3.58516],[33.91632,-3.59472],[33.92321,-3.60658],[33.9007,-3.61086],[33.90128,-3.61812],[33.89515,-3.62123],[33.88817,-3.61848],[33.87645,-3.62334],[33.87839,-3.62592],[33.87473,-3.63332],[33.86908,-3.63303],[33.84911,-3.63865],[33.84684,-3.63422],[33.84357,-3.63211],[33.83557,-3.63152],[33.82963,-3.63476],[33.81837,-3.64467],[33.81268,-3.64577],[33.81334,-3.64073],[33.80814,-3.63771],[33.8043,-3.63116],[33.80381,-3.62032],[33.80458,-3.61762],[33.79876,-3.60293],[33.79468,-3.59958],[33.79229,-3.59306],[33.79273,-3.58491],[33.78044,-3.57542],[33.77341,-3.56847],[33.77491,-3.56647],[33.77401,-3.56186],[33.77756,-3.5581],[33.78371,-3.55779],[33.78556,-3.55204],[33.79314,-3.54435],[33.79335,-3.53946],[33.79862,-3.53423],[33.81179,-3.52469],[33.81312,-3.5182],[33.81575,-3.51437],[33.81673,-3.50964],[33.81975,-3.50932],[33.82121,-3.50676],[33.82857,-3.50648],[33.83206,-3.50828],[33.83861,-3.5095],[33.8469,-3.50489],[33.84791,-3.50202],[33.85084,-3.50182],[33.85306,-3.50287],[33.85912,-3.502]]]},"properties":{"region":"Shinyanga","district":"Kishapu","ward":"Kishapu","ward_code":"083"}},{"type":"Feature","geometry":{"type":"Polygon","coordinates":[[[33.87644,-3.5046],[33.87904,-3.50678],[33.88333,-3.5045],[33.89212,-3.50539],[33.89734,-3.5085],[33.89815,-3.50991],[33.90469,-3.5127],[33.91044,-3.51387],[33.91235,-3.51549],[33.91514,-3.51402],[33.91667,-3.5146],[33.91693,-3.51618],[33.9214,-3.51918],[33.92251,-3.52244],[33.92423,-3.52239],[33.92626,-3.52615],[33.92964,-3.52686],[33.93108,-3.52872],[33.93345,-3.52969],[33.93456,-3.53173],[33.9364,-3.53175],[33.93869,-3.53339],[33.93965,-3.5324],[33.94089,-3.53276],[33.94275,-3.5351],[33.94322,-3.53307],[33.94519,-3.53311],[33.94663,-3.53512],[33.95103,-3.53626],[33.95377,-3.54117],[33.95866,-3.5407],[33.96073,-3.5421],[33.96469,-3.54102],[33.97061,-3.54993],[33.97091,-3.55319],[33.97246,-3.55552],[33.97999,-3.55879],[33.98003,-3.56494],[33.98141,-3.57103],[33.98841,-3.57654],[33.9917,-3.57564],[33.9935,-3.57803],[34.00056,-3.58235],[34.00303,-3.58791],[34.00768,-3.58989],[34.0094,-3.59179],[34.01019,-3.59691],[34.00884,-3.60024],[33.99986,-3.60601],[33.99866,-3.60951],[34.00274,-3.61113],[34.00718,-3.6112],[34.01373,-3.61394],[34.02332,-3.61538],[34.03033,-3.61411],[34.043,-3.61507],[34.0505,-3.61291],[34.05915,-3.61287],[34.06102,-3.61188],[34.06819,-3.61329],[34.06522,-3.61634],[34.06294,-3.62065],[34.05832,-3.62321],[34.06127,-3.6289],[34.06039,-3.63321],[34.06171,-3.63649],[34.0608,-3.64347],[34.05914,-3.64227],[34.05078,-3.64032],[34.04363,-3.63527],[34.03469,-3.64357],[34.03183,-3.65351],[34.03358,-3.65943],[34.03389,-3.68104],[34.03503,-3.68923],[34.02694,-3.69185],[34.02105,-3.69505],[34.01655,-3.69446],[34.01433,-3.69886],[34.00582,-3.69212],[33.99477,-3.6861],[33.98512,-3.67792],[33.98109,-3.67706],[33.9749,-3.67103],[33.97222,-3.67311],[33.9456,-3.67693],[33.95719,-3.66489],[33.9652,-3.66017],[33.95984,-3.65715],[33.95989,-3.65477],[33.95066,-3.6525],[33.9436,-3.65416],[33.93221,-3.64949],[33.92697,-3.64348],[33.92872,-3.63852],[33.92758,-3.63392],[33.91539,-3.63275],[33.91277,-3.63151],[33.90976,-3.62713],[33.90736,-3.6284],[33.90338,-3.6194],[33.90128,-3.61812],[33.9007,-3.61086],[33.92321,-3.60658],[33.91632,-3.59472],[33.91215,-3.58516],[33.89905,-3.58555],[33.89474,-3.5873],[33.87539,-3.5875],[33.87227,-3.58489],[33.86443,-3.5843],[33.86255,-3.58143],[33.86174,-3.5766],[33.86465,-3.57184],[33.86435,-3.56468],[33.86215,-3.55253],[33.86484,-3.54718],[33.87685,-3.54482],[33.88182,-3.54187],[33.88992,-3.53147],[33.86684,-3.52639],[33.86089,-3.50323],[33.86387,-3.50283],[33.87644,-3.5046]]]},"properties":{"region":"Shinyanga","district":"Kishapu","ward":"Mwakipoya","ward_code":"091"}},{"type":"Feature","geometry":{"type":"Polygon","coordinates":[[[33.93221,-3.64949],[33.9436,-3.65416],[33.95066,-3.6525],[33.95989,-3.65477],[33.95984,-3.65715],[33.9652,-3.66017],[33.95719,-3.66489],[33.9456,-3.67693],[33.97222,-3.67311],[33.9749,-3.67103],[33.98109,-3.67706],[33.98512,-3.67792],[33.99477,-3.6861],[34.00582,-3.69212],[34.00606,-3.69785],[34.00338,-3.70194],[33.99594,-3.70752],[33.97479,-3.71536],[33.96735,-3.71123],[33.961,-3.70239],[33.95847,-3.70424],[33.95571,-3.70795],[33.95405,-3.71245],[33.94491,-3.72401],[33.93887,-3.73774],[33.938,-3.74259],[33.93908,-3.74825],[33.94303,-3.75241],[33.94448,-3.75788],[33.92469,-3.763],[33.92211,-3.76147],[33.92142,-3.76437],[33.9108,-3.76941],[33.90771,-3.7655],[33.90393,-3.76423],[33.89848,-3.759],[33.89529,-3.75721],[33.89315,-3.75653],[33.88898,-3.75729],[33.88813,-3.7547],[33.88636,-3.75309],[33.88144,-3.75673],[33.87612,-3.75239],[33.87863,-3.74466],[33.88679,-3.73304],[33.89264,-3.72598],[33.89764,-3.72178],[33.89789,-3.71555],[33.89932,-3.70999],[33.89208,-3.70552],[33.8922,-3.69249],[33.8909,-3.69061],[33.89148,-3.68778],[33.89023,-3.68591],[33.89135,-3.68393],[33.89453,-3.68211],[33.89564,-3.68294],[33.89544,-3.67329],[33.89421,-3.66913],[33.89522,-3.66692],[33.89673,-3.66633],[33.89992,-3.66212],[33.90524,-3.65801],[33.90846,-3.65826],[33.91079,-3.65737],[33.91622,-3.6522],[33.9224,-3.64802],[33.92599,-3.64343],[33.92697,-3.64348],[33.93221,-3.64949]]]},"properties":{"region":"Shinyanga","district":"Kishapu","ward":"Shagihilu","ward_code":"101"}},{"type":"Feature","geometry":{"type":"Polygon","coordinates":[[[34.06417,-3.64795],[34.07124,-3.64992],[34.07485,-3.64919],[34.07489,-3.65251],[34.0776,-3.65606],[34.07845,-3.66055],[34.08057,-3.66403],[34.0807,-3.6655],[34.07781,-3.66631],[34.07914,-3.67366],[34.08199,-3.67449],[34.08188,-3.67646],[34.07897,-3.67629],[34.0801,-3.67788],[34.07928,-3.67995],[34.08159,-3.67989],[34.08188,-3.68068],[34.0808,-3.68176],[34.07902,-3.68117],[34.07897,-3.6821],[34.08108,-3.68316],[34.08085,-3.68468],[34.07873,-3.68456],[34.07841,-3.68241],[34.0775,-3.6825],[34.07769,-3.68505],[34.07513,-3.68642],[34.07668,-3.69188],[34.08437,-3.70129],[34.08464,-3.70545],[34.08804,-3.71167],[34.09211,-3.71454],[34.09351,-3.71979],[34.09148,-3.72341],[34.09233,-3.72699],[34.08885,-3.73331],[34.08141,-3.73797],[34.08175,-3.74583],[34.08494,-3.74831],[34.08664,-3.75154],[34.09108,-3.75454],[34.09141,-3.75951],[34.09369,-3.76063],[34.09937,-3.77097],[34.09033,-3.78608],[34.08369,-3.7999],[34.07828,-3.80667],[34.07514,-3.81569],[34.07556,-3.82236],[34.07401,-3.82491],[34.07187,-3.83992],[34.05411,-3.84326],[34.05139,-3.84647],[34.04634,-3.83941],[34.03714,-3.81838],[34.02912,-3.80615],[34.02434,-3.80375],[34.02298,-3.8003],[34.02117,-3.79153],[34.02191,-3.77693],[34.01887,-3.74949],[34.01835,-3.73627],[34.01031,-3.73401],[34.0051,-3.72747],[34.01008,-3.71906],[34.00969,-3.71379],[34.01433,-3.69886],[34.01655,-3.69446],[34.02105,-3.69505],[34.02694,-3.69185],[34.03503,-3.68923],[34.03389,-3.68104],[34.03358,-3.65943],[34.03183,-3.65351],[34.03469,-3.64357],[34.04363,-3.63527],[34.05078,-3.64032],[34.05914,-3.64227],[34.06417,-3.64795]]]},"properties":{"region":"Shinyanga","district":"Kishapu","ward":"Somagedi","ward_code":"111"}},{"type":"Feature","geometry":{"type":"Polygon","coordinates":[[[34.1161,-3.7993],[34.1179,-3.79982],[34.12184,-3.79866],[34.12422,-3.80299],[34.12741,-3.80491],[34.12966,-3.81162],[34.13455,-3.81483],[34.13566,-3.81872],[34.14478,-3.82615],[34.14772,-3.83029],[34.15058,-3.82813],[34.15277,-3.83321],[34.15632,-3.83227],[34.16441,-3.8402],[34.17122,-3.84959],[34.16751,-3.85395],[34.16757,-3.85649],[34.17327,-3.85708],[34.17467,-3.86065],[34.17282,-3.86511],[34.17736,-3.86707],[34.17954,-3.87118],[34.18348,-3.87144],[34.18463,-3.87261],[34.18511,-3.87856],[34.18938,-3.88418],[34.1904,-3.88793],[34.20088,-3.89634],[34.21377,-3.89339],[34.21383,-3.89594],[34.21771,-3.90457],[34.22087,-3.90914],[34.23629,-3.92413],[34.23867,-3.93033],[34.24221,-3.93065],[34.25205,-3.94202],[34.25126,-3.94965],[34.2549,-3.95245],[34.25145,-3.95888],[34.2542,-3.96786],[34.25159,-3.99286],[34.25436,-3.99406],[34.25592,-3.99889],[34.25912,-4.0014],[34.26032,-4.00557],[34.26006,-4.01041],[34.26231,-4.01192],[34.26229,-4.01506],[34.26317,-4.01581],[34.26007,-4.02447],[34.22664,-4.07944],[34.21785,-4.07851],[34.20536,-4.08064],[34.20211,-4.07956],[34.20207,-4.0756],[34.19208,-4.07534],[34.18979,-4.07134],[34.19062,-4.0669],[34.18421,-4.0632],[34.18314,-4.06427],[34.18111,-4.06436],[34.17911,-4.05578],[34.17364,-4.05548],[34.17149,-4.05625],[34.17149,-4.05768],[34.16967,-4.05802],[34.16853,-4.05477],[34.16612,-4.05275],[34.16169,-4.0599],[34.15627,-4.06244],[34.15301,-4.05743],[34.14811,-4.05806],[34.15817,-4.02105],[34.15694,-3.992],[34.1608,-3.97638],[34.15194,-3.95446],[34.15195,-3.94893],[34.15013,-3.94608],[34.1488,-3.93003],[34.15221,-3.92314],[34.1512,-3.91604],[34.13002,-3.91669],[34.12579,-3.9186],[34.11122,-3.91928],[34.09238,-3.90336],[34.0854,-3.90074],[34.07508,-3.9027],[34.07258,-3.89515],[34.07239,-3.88651],[34.06209,-3.87413],[34.05495,-3.85992],[34.0542,-3.84855],[34.05139,-3.84647],[34.05411,-3.84326],[34.07187,-3.83992],[34.07401,-3.82491],[34.07556,-3.82236],[34.07514,-3.81569],[34.07828,-3.80667],[34.08369,-3.7999],[34.09033,-3.78608],[34.09937,-3.77097],[34.09973,-3.77994],[34.10071,-3.78233],[34.10554,-3.78563],[34.10388,-3.78853],[34.10644,-3.79007],[34.10966,-3.79045],[34.1122,-3.79568],[34.1161,-3.7993]]]},"properties":{"region":"Shinyanga","district":"Kishapu","ward":"Mwamalasa","ward_code":"121"}},{"type":"Feature","geometry":{"type":"Polygon","coordinates":[[[34.04634,-3.83941],[34.05139,-3.84647],[34.0542,-3.84855],[34.05495,-3.85992],[34.05798,-3.86672],[34.06209,-3.87413],[34.07239,-3.88651],[34.07258,-3.89515],[34.07508,-3.9027],[34.0854,-3.90074],[34.09238,-3.90336],[34.11122,-3.91928],[34.12579,-3.9186],[34.13002,-3.91669],[34.1512,-3.91604],[34.15221,-3.92314],[34.1488,-3.93003],[34.15013,-3.94608],[34.15195,-3.94893],[34.15194,-3.95446],[34.1608,-3.97638],[34.15694,-3.992],[34.15817,-4.02105],[34.14733,-4.05936],[34.13833,-4.06109],[34.13815,-4.06277],[34.1369,-4.06346],[34.13299,-4.06077],[34.13156,-4.0614],[34.12791,-4.05963],[34.1269,-4.05802],[34.1235,-4.059],[34.12152,-4.05687],[34.12025,-4.05715],[34.11946,-4.05392],[34.11631,-4.05273],[34.11898,-4.04746],[34.11919,-4.04473],[34.11774,-4.04275],[34.11641,-4.04394],[34.11556,-4.04703],[34.1086,-4.05024],[34.10726,-4.04799],[34.10832,-4.04548],[34.10669,-4.0459],[34.10545,-4.04476],[34.10504,-4.04003],[34.10611,-4.04053],[34.10698,-4.03946],[34.10629,-4.03761],[34.10309,-4.03727],[34.10346,-4.03521],[34.10171,-4.03601],[34.10063,-4.03456],[34.10223,-4.03428],[34.10322,-4.03044],[34.09986,-4.03052],[34.09881,-4.03252],[34.0991,-4.03457],[34.09787,-4.03498],[34.09639,-4.03437],[34.09526,-4.03128],[34.09382,-4.03077],[34.09468,-4.02939],[34.09419,-4.02668],[34.09313,-4.02673],[34.09165,-4.0287],[34.08857,-4.0255],[34.08076,-4.02751],[34.08292,-4.0304],[34.0806,-4.03105],[34.08204,-4.03373],[34.07876,-4.03362],[34.0777,-4.03122],[34.07414,-4.03254],[34.07359,-4.02976],[34.07272,-4.02965],[34.07047,-4.03066],[34.06823,-4.02989],[34.06708,-4.03373],[34.06532,-4.03071],[34.06336,-4.0319],[34.06284,-4.03384],[34.06215,-4.03323],[34.05974,-4.03385],[34.05704,-4.03295],[34.05749,-4.03079],[34.05576,-4.02903],[34.05407,-4.02907],[34.05348,-4.0304],[34.05481,-4.03321],[34.05756,-4.03467],[34.05536,-4.03618],[34.05299,-4.03708],[34.05153,-4.036],[34.04729,-4.0368],[34.04591,-4.03636],[34.04528,-4.03391],[34.04399,-4.03363],[34.0412,-4.03758],[34.04245,-4.04035],[34.03884,-4.04096],[34.03927,-4.04372],[34.03759,-4.04591],[34.03236,-4.04683],[34.02981,-4.04833],[34.03063,-4.05254],[34.02864,-4.05401],[34.02812,-4.05667],[34.02646,-4.05668],[34.02516,-4.05632],[34.02513,-4.05414],[34.02328,-4.05498],[34.02369,-4.05257],[34.02182,-4.05283],[34.02089,-4.04807],[34.01875,-4.04757],[34.0188,-4.04494],[34.02022,-4.0439],[34.01762,-4.04029],[34.01902,-4.03894],[34.01802,-4.03506],[34.01722,-4.03564],[34.01588,-4.03335],[34.01729,-4.03132],[34.01454,-4.02972],[34.0156,-4.02867],[34.01516,-4.02793],[34.00934,-4.0266],[34.00641,-4.0285],[34.00468,-4.02812],[34.00198,-4.02679],[34.00221,-4.02413],[34.00065,-4.02517],[33.99704,-4.02549],[33.99594,-4.02328],[33.99483,-4.02396],[33.9932,-4.02348],[33.99254,-4.0254],[33.98997,-4.02419],[33.98913,-4.02515],[33.98362,-4.02497],[33.98369,-4.02355],[33.99559,-4.00563],[34.00065,-3.99199],[34.00044,-3.96965],[34.00607,-3.95858],[34.00503,-3.94867],[33.99774,-3.94028],[33.99354,-3.93002],[33.98989,-3.91601],[33.99101,-3.90915],[33.98688,-3.9011],[33.9875,-3.89584],[33.9868,-3.88756],[33.98276,-3.88122],[33.98725,-3.87838],[33.98411,-3.87667],[33.98727,-3.872],[33.98456,-3.86564],[33.9848,-3.86231],[33.98687,-3.85925],[33.99432,-3.8543],[34.00401,-3.85013],[34.01429,-3.84424],[34.02363,-3.84263],[34.03527,-3.8429],[34.04634,-3.83941]]]},"properties":{"region":"Shinyanga","district":"Kishapu","ward":"Masanga","ward_code":"131"}},{"type":"Feature","geometry":{"type":"Polygon","coordinates":[[[34.00969,-3.71379],[34.01008,-3.71906],[34.0051,-3.72747],[34.01031,-3.73401],[34.01835,-3.73627],[34.01887,-3.74949],[34.02191,-3.77693],[34.02117,-3.79153],[34.02298,-3.8003],[34.02434,-3.80375],[34.02912,-3.80615],[34.03714,-3.81838],[34.04634,-3.83941],[34.03527,-3.8429],[34.02363,-3.84263],[34.01429,-3.84424],[34.00401,-3.85013],[33.99432,-3.8543],[33.98687,-3.85925],[33.98354,-3.84468],[33.9848,-3.83153],[33.97878,-3.83358],[33.97956,-3.82522],[33.97216,-3.82227],[33.96482,-3.82303],[33.96466,-3.81885],[33.95654,-3.81064],[33.95312,-3.81005],[33.94897,-3.81204],[33.94622,-3.80805],[33.94242,-3.80734],[33.94064,-3.80544],[33.94105,-3.80122],[33.93945,-3.79649],[33.93784,-3.79483],[33.9332,-3.79642],[33.93252,-3.79424],[33.93414,-3.79228],[33.93341,-3.78985],[33.9299,-3.78846],[33.92844,-3.78336],[33.92179,-3.78011],[33.92049,-3.77811],[33.9172,-3.7765],[33.9167,-3.77035],[33.91332,-3.77064],[33.9108,-3.76941],[33.92142,-3.76437],[33.92211,-3.76147],[33.92469,-3.763],[33.94448,-3.75788],[33.94303,-3.75241],[33.93908,-3.74825],[33.938,-3.74259],[33.93887,-3.73774],[33.94491,-3.72401],[33.95405,-3.71245],[33.95571,-3.70795],[33.95847,-3.70424],[33.961,-3.70239],[33.96735,-3.71123],[33.97479,-3.71536],[33.99594,-3.70752],[34.00338,-3.70194],[34.00606,-3.69785],[34.00582,-3.69212],[34.01433,-3.69886],[34.00969,-3.71379]]]},"properties":{"region":"Shinyanga","district":"Kishapu","ward":"Ndoleleji","ward_code":"221"}},{"type":"Feature","geometry":{"type":"Polygon","coordinates":[[[33.90338,-3.6194],[33.90736,-3.6284],[33.90976,-3.62713],[33.91277,-3.63151],[33.91539,-3.63275],[33.92758,-3.63392],[33.92844,-3.64074],[33.92697,-3.64348],[33.92599,-3.64343],[33.9224,-3.64802],[33.91622,-3.6522],[33.91079,-3.65737],[33.90846,-3.65826],[33.90524,-3.65801],[33.89992,-3.66212],[33.89673,-3.66633],[33.89522,-3.66692],[33.89421,-3.66913],[33.89544,-3.67329],[33.89564,-3.68294],[33.89453,-3.68211],[33.89135,-3.68393],[33.89023,-3.68591],[33.89148,-3.68778],[33.8909,-3.69061],[33.8922,-3.69249],[33.89208,-3.70552],[33.89932,-3.70999],[33.89789,-3.71555],[33.89764,-3.72178],[33.89264,-3.72598],[33.88679,-3.73304],[33.87863,-3.74466],[33.87612,-3.75239],[33.87184,-3.75301],[33.86991,-3.75429],[33.86247,-3.7521],[33.86037,-3.75335],[33.85509,-3.75064],[33.84898,-3.74435],[33.84484,-3.74273],[33.84124,-3.73846],[33.8371,-3.73718],[33.83505,-3.73492],[33.83516,-3.73216],[33.82633,-3.72796],[33.82485,-3.72295],[33.82561,-3.71791],[33.82379,-3.71333],[33.82262,-3.70555],[33.82429,-3.70177],[33.82427,-3.69813],[33.82239,-3.69313],[33.82532,-3.6915],[33.82402,-3.68882],[33.82334,-3.68072],[33.81662,-3.67797],[33.81427,-3.6741],[33.81441,-3.66114],[33.81774,-3.66115],[33.8192,-3.65618],[33.81309,-3.64859],[33.81268,-3.64577],[33.81837,-3.64467],[33.82963,-3.63476],[33.83557,-3.63152],[33.84357,-3.63211],[33.84684,-3.63422],[33.84911,-3.63865],[33.86908,-3.63303],[33.87473,-3.63332],[33.87839,-3.62592],[33.87645,-3.62334],[33.88817,-3.61848],[33.89515,-3.62123],[33.90128,-3.61812],[33.90338,-3.6194]]]},"properties":{"region":"Shinyanga","district":"Kishapu","ward":"Mwataga","ward_code":"233"}},{"type":"Feature","geometry":{"type":"Polygon","coordinates":[[[33.72151,-3.64403],[33.72581,-3.65233],[33.72527,-3.65623],[33.72645,-3.65999],[33.72886,-3.66269],[33.72866,-3.66514],[33.72961,-3.66672],[33.72703,-3.67006],[33.72298,-3.67071],[33.70513,-3.66994],[33.70105,-3.66423],[33.69523,-3.66033],[33.69468,-3.65539],[33.68928,-3.65257],[33.6849,-3.6488],[33.67831,-3.64621],[33.67366,-3.6464],[33.66413,-3.64485],[33.65829,-3.64814],[33.65816,-3.651],[33.65314,-3.65607],[33.64746,-3.64656],[33.64228,-3.63163],[33.64237,-3.61044],[33.64139,-3.60504],[33.65228,-3.59154],[33.65814,-3.58909],[33.66,-3.58735],[33.65969,-3.58519],[33.66273,-3.58207],[33.66333,-3.57964],[33.65942,-3.5692],[33.65906,-3.5598],[33.66585,-3.55027],[33.66182,-3.54546],[33.66827,-3.53391],[33.68606,-3.51829],[33.69334,-3.50695],[33.70745,-3.51095],[33.71305,-3.51863],[33.72253,-3.51998],[33.72137,-3.5263],[33.72399,-3.52965],[33.72502,-3.53459],[33.73271,-3.54304],[33.73595,-3.54316],[33.73718,-3.54639],[33.73497,-3.54936],[33.73915,-3.56186],[33.73671,-3.56493],[33.72574,-3.57212],[33.71074,-3.58581],[33.70575,-3.60488],[33.7073,-3.60909],[33.71306,-3.61331],[33.71932,-3.61994],[33.71932,-3.62378],[33.71681,-3.62722],[33.71652,-3.63228],[33.72061,-3.63893],[33.71913,-3.64176],[33.72151,-3.64403]]]},"properties":{"region":"Shinyanga","district":"Kishapu","ward":"Bupigi","ward_code":"261"}},{"type":"Feature","geometry":{"type":"Polygon","coordinates":[[[33.79876,-3.60293],[33.80458,-3.61762],[33.80381,-3.62032],[33.8043,-3.63116],[33.80814,-3.63771],[33.81334,-3.64073],[33.81309,-3.64859],[33.8192,-3.65618],[33.81774,-3.66115],[33.81441,-3.66114],[33.81427,-3.6741],[33.81662,-3.67797],[33.82334,-3.68072],[33.82402,-3.68882],[33.81566,-3.68856],[33.80383,-3.6906],[33.78616,-3.68919],[33.77662,-3.68735],[33.76695,-3.68748],[33.75784,-3.68351],[33.75622,-3.68182],[33.75469,-3.68879],[33.75091,-3.68759],[33.7463,-3.68257],[33.74724,-3.68007],[33.73238,-3.67119],[33.72866,-3.66514],[33.72886,-3.66269],[33.72645,-3.65999],[33.72527,-3.65623],[33.72581,-3.65233],[33.72151,-3.64403],[33.71913,-3.64176],[33.72061,-3.63893],[33.71652,-3.63228],[33.73751,-3.63087],[33.74122,-3.64046],[33.74597,-3.64589],[33.74986,-3.6346],[33.76048,-3.63492],[33.76779,-3.63365],[33.77293,-3.63591],[33.77045,-3.62527],[33.77096,-3.61082],[33.78053,-3.61243],[33.79041,-3.60595],[33.7985,-3.60419],[33.79876,-3.60293]]]},"properties":{"region":"Shinyanga","district":"Kishapu","ward":"Igaga","ward_code":"271"}},{"type":"Feature","geometry":{"type":"Polygon","coordinates":[[[33.35146,-3.39078],[33.35676,-3.40384],[33.35965,-3.42304],[33.37462,-3.43784],[33.37942,-3.45424],[33.38189,-3.47419],[33.36674,-3.47357],[33.35593,-3.47186],[33.33369,-3.47213],[33.32415,-3.47111],[33.3098,-3.47223],[33.28394,-3.4722],[33.28409,-3.46548],[33.29191,-3.44017],[33.29288,-3.43711],[33.29719,-3.43052],[33.25279,-3.42453],[33.22757,-3.42261],[33.22815,-3.40712],[33.23033,-3.39474],[33.25402,-3.39301],[33.28143,-3.39974],[33.28665,-3.40201],[33.305,-3.38004],[33.30636,-3.37074],[33.31845,-3.35207],[33.32626,-3.35735],[33.33012,-3.36658],[33.33525,-3.36986],[33.34599,-3.38185],[33.35146,-3.39078]]]},"properties":{"region":"Shinyanga","district":"Kishapu","ward":"Bunambiyu","ward_code":"011"}},{"type":"Feature","geometry":{"type":"Polygon","coordinates":[[[33.37095,-3.31179],[33.38366,-3.31351],[33.40047,-3.3139],[33.41033,-3.31816],[33.41334,-3.31661],[33.41371,-3.3146],[33.42186,-3.3428],[33.43011,-3.35309],[33.43556,-3.36612],[33.44221,-3.3748],[33.43381,-3.37973],[33.42487,-3.39005],[33.39898,-3.39883],[33.38438,-3.39863],[33.36328,-3.40364],[33.35676,-3.40384],[33.35146,-3.39078],[33.34599,-3.38185],[33.33525,-3.36986],[33.33012,-3.36658],[33.32626,-3.35735],[33.31845,-3.35207],[33.32133,-3.34424],[33.33186,-3.32425],[33.34248,-3.31537],[33.35156,-3.31507],[33.35687,-3.31237],[33.36443,-3.31271],[33.37095,-3.31179]]]},"properties":{"region":"Shinyanga","district":"Kishapu","ward":"Bubiki","ward_code":"021"}},{"type":"Feature","geometry":{"type":"Polygon","coordinates":[[[33.50111,-3.45082],[33.50576,-3.45225],[33.50895,-3.4514],[33.51349,-3.46062],[33.51468,-3.46632],[33.51088,-3.4776],[33.51088,-3.49064],[33.51921,-3.49702],[33.52358,-3.49621],[33.52673,-3.49025],[33.53153,-3.4924],[33.53962,-3.49374],[33.54502,-3.49693],[33.55272,-3.49713],[33.55397,-3.50268],[33.54954,-3.50519],[33.54146,-3.52016],[33.5369,-3.51934],[33.52549,-3.52671],[33.51464,-3.52541],[33.51121,-3.52619],[33.51214,-3.5239],[33.5152,-3.52145],[33.51854,-3.50958],[33.51829,-3.50238],[33.51716,-3.50054],[33.5125,-3.50171],[33.50613,-3.49941],[33.50062,-3.50054],[33.49164,-3.49949],[33.48227,-3.50027],[33.47506,-3.49781],[33.47273,-3.49849],[33.46552,-3.49757],[33.45287,-3.49851],[33.44741,-3.49689],[33.44146,-3.50172],[33.42453,-3.50699],[33.43509,-3.4887],[33.44168,-3.47388],[33.44022,-3.47017],[33.44503,-3.46794],[33.44709,-3.45498],[33.46154,-3.45931],[33.49698,-3.46563],[33.49742,-3.45237],[33.50111,-3.45082]]]},"properties":{"region":"Shinyanga","district":"Kishapu","ward":"Songwa","ward_code":"031"}},{"type":"Feature","geometry":{"type":"Polygon","coordinates":[[[33.5237,-3.28687],[33.52907,-3.28844],[33.53398,-3.28718],[33.53974,-3.28895],[33.5421,-3.28811],[33.55473,-3.28836],[33.55957,-3.2872],[33.56091,-3.29077],[33.56213,-3.29166],[33.56234,-3.29369],[33.56612,-3.29566],[33.56775,-3.30532],[33.56742,-3.30639],[33.56093,-3.30918],[33.55783,-3.31703],[33.5526,-3.31774],[33.541,-3.33939],[33.53596,-3.34751],[33.53213,-3.35174],[33.53196,-3.35643],[33.52959,-3.35905],[33.52291,-3.3596],[33.51976,-3.36634],[33.51471,-3.37234],[33.51023,-3.38894],[33.50529,-3.39329],[33.50767,-3.39847],[33.51119,-3.39852],[33.51733,-3.40319],[33.5187,-3.40687],[33.51738,-3.41004],[33.51821,-3.41721],[33.51682,-3.42035],[33.51822,-3.42128],[33.51751,-3.42173],[33.51836,-3.42572],[33.51568,-3.4332],[33.51683,-3.43401],[33.51196,-3.43801],[33.51073,-3.442],[33.50937,-3.44248],[33.50895,-3.4514],[33.50576,-3.45225],[33.50111,-3.45082],[33.49742,-3.45237],[33.49698,-3.46563],[33.46154,-3.45931],[33.44709,-3.45498],[33.44715,-3.44338],[33.46608,-3.4216],[33.44945,-3.40541],[33.44283,-3.39022],[33.44507,-3.38008],[33.44221,-3.3748],[33.43556,-3.36612],[33.43011,-3.35309],[33.42186,-3.3428],[33.41371,-3.3146],[33.41629,-3.31332],[33.42328,-3.30424],[33.42573,-3.29431],[33.43025,-3.29375],[33.43151,-3.29543],[33.43856,-3.29666],[33.44521,-3.29627],[33.44798,-3.29381],[33.4522,-3.29373],[33.45434,-3.29211],[33.45788,-3.29272],[33.47661,-3.29158],[33.48142,-3.29503],[33.4857,-3.29448],[33.48663,-3.29578],[33.48791,-3.29578],[33.49187,-3.29228],[33.49496,-3.29211],[33.4959,-3.29102],[33.49814,-3.29197],[33.50199,-3.29053],[33.50694,-3.29087],[33.50994,-3.28955],[33.5159,-3.28974],[33.51908,-3.28695],[33.5237,-3.28687]]]},"properties":{"region":"Shinyanga","district":"Kishapu","ward":"Seke-Bugoro","ward_code":"041"}},{"type":"Feature","geometry":{"type":"Polygon","coordinates":[[[33.56604,-3.48864],[33.56517,-3.4904],[33.56002,-3.49249],[33.55482,-3.49674],[33.55272,-3.49713],[33.54502,-3.49693],[33.53962,-3.49374],[33.53153,-3.4924],[33.52673,-3.49025],[33.52358,-3.49621],[33.51921,-3.49702],[33.51088,-3.49064],[33.51088,-3.4776],[33.51468,-3.46632],[33.51349,-3.46062],[33.50895,-3.4514],[33.50859,-3.44649],[33.50937,-3.44248],[33.51073,-3.442],[33.51196,-3.43801],[33.51683,-3.43401],[33.51568,-3.4332],[33.51836,-3.42572],[33.51751,-3.42173],[33.51822,-3.42128],[33.51682,-3.42035],[33.51821,-3.41721],[33.51738,-3.41004],[33.5187,-3.40687],[33.51733,-3.40319],[33.51119,-3.39852],[33.50767,-3.39847],[33.50529,-3.39329],[33.51023,-3.38894],[33.51471,-3.37234],[33.51976,-3.36634],[33.52291,-3.3596],[33.52959,-3.35905],[33.53196,-3.35643],[33.53213,-3.35174],[33.53596,-3.34751],[33.541,-3.33939],[33.5526,-3.31774],[33.55783,-3.31703],[33.56093,-3.30918],[33.56742,-3.30639],[33.56846,-3.30884],[33.57285,-3.31186],[33.58141,-3.32077],[33.58487,-3.33366],[33.58907,-3.33715],[33.58838,-3.3411],[33.59051,-3.34446],[33.5966,-3.34984],[33.60079,-3.35173],[33.60681,-3.35239],[33.60539,-3.35784],[33.60666,-3.36193],[33.61056,-3.36784],[33.60987,-3.36977],[33.60363,-3.37473],[33.59679,-3.38492],[33.5974,-3.38672],[33.59333,-3.40145],[33.59344,-3.40695],[33.5949,-3.41021],[33.59447,-3.41862],[33.5922,-3.42543],[33.59233,-3.43233],[33.58772,-3.45104],[33.58766,-3.45668],[33.58913,-3.46024],[33.57752,-3.47634],[33.56995,-3.47953],[33.5681,-3.4877],[33.56604,-3.48864]]]},"properties":{"region":"Shinyanga","district":"Kishapu","ward":"Mondo","ward_code":"051"}},{"type":"Feature","geometry":{"type":"MultiPolygon","coordinates":[[[[33.55903,-3.54129],[33.55903,-3.54129],[33.55903,-3.54129],[33.55903,-3.54129]]],[[[33.55903,-3.54129],[33.5587,-3.52921],[33.55941,-3.52758],[33.55397,-3.50268],[33.5657,-3.49723],[33.57461,-3.49563],[33.57474,-3.49099],[33.58801,-3.48866],[33.59593,-3.48945],[33.60253,-3.47963],[33.61864,-3.48446],[33.63007,-3.48631],[33.63506,-3.47755],[33.63548,-3.47154],[33.65472,-3.47249],[33.6667,-3.47098],[33.66969,-3.47248],[33.67981,-3.47221],[33.68717,-3.4716],[33.70061,-3.46787],[33.71304,-3.47229],[33.71931,-3.47985],[33.71865,-3.49071],[33.72421,-3.49969],[33.72312,-3.50291],[33.7241,-3.50547],[33.72266,-3.51519],[33.7235,-3.51864],[33.72253,-3.51998],[33.71305,-3.51863],[33.70745,-3.51095],[33.69334,-3.50695],[33.68606,-3.51829],[33.66827,-3.53391],[33.66182,-3.54546],[33.66585,-3.55027],[33.65906,-3.5598],[33.65942,-3.5692],[33.66333,-3.57964],[33.66273,-3.58207],[33.65969,-3.58519],[33.66,-3.58735],[33.65814,-3.58909],[33.65228,-3.59154],[33.64139,-3.60504],[33.63656,-3.60238],[33.62124,-3.60142],[33.619,-3.603],[33.61567,-3.60269],[33.61328,-3.60501],[33.60311,-3.60099],[33.59682,-3.59217],[33.59646,-3.58619],[33.59817,-3.58094],[33.59711,-3.57822],[33.59467,-3.57643],[33.59235,-3.57285],[33.59063,-3.56595],[33.58357,-3.56888],[33.58172,-3.56742],[33.58739,-3.55766],[33.58567,-3.54698],[33.58745,-3.54572],[33.58811,-3.54207],[33.59015,-3.54069],[33.58301,-3.54172],[33.56826,-3.54749],[33.55903,-3.54129]]]]},"properties":{"region":"Shinyanga","district":"Kishapu","ward":"Mwadui Lohumbo","ward_code":"061"}},{"type":"Feature","geometry":{"type":"Polygon","coordinates":[[[33.55903,-3.54129],[33.56826,-3.54749],[33.58301,-3.54172],[33.59015,-3.54069],[33.58811,-3.54207],[33.58745,-3.54572],[33.58567,-3.54698],[33.58739,-3.55766],[33.58172,-3.56742],[33.58357,-3.56888],[33.59063,-3.56595],[33.59235,-3.57285],[33.59467,-3.57643],[33.59711,-3.57822],[33.59817,-3.58094],[33.59646,-3.58619],[33.59682,-3.59217],[33.59365,-3.59176],[33.58228,-3.59622],[33.57556,-3.60051],[33.57397,-3.60289],[33.5668,-3.58378],[33.55914,-3.57865],[33.55175,-3.57633],[33.54939,-3.57468],[33.54623,-3.56813],[33.53689,-3.56528],[33.52776,-3.56495],[33.52738,-3.56007],[33.52065,-3.55687],[33.51399,-3.55624],[33.5124,-3.55666],[33.51154,-3.55858],[33.50854,-3.55831],[33.50157,-3.54966],[33.49979,-3.54948],[33.49769,-3.54737],[33.49353,-3.54542],[33.49944,-3.54102],[33.50067,-3.53651],[33.50573,-3.53562],[33.51121,-3.52619],[33.51464,-3.52541],[33.52549,-3.52671],[33.5369,-3.51934],[33.54146,-3.52016],[33.54954,-3.50519],[33.55397,-3.50268],[33.55941,-3.52758],[33.55856,-3.53926],[33.55903,-3.54129]],[[33.55903,-3.54129],[33.55903,-3.54129],[33.55903,-3.54129],[33.55903,-3.54129]]]},"properties":{"region":"Shinyanga","district":"Kishapu","ward":"Maganzo","ward_code":"243"}},{"type":"Feature","geometry":{"type":"Polygon","coordinates":[[[33.44283,-3.39022],[33.44945,-3.40541],[33.46608,-3.4216],[33.44715,-3.44338],[33.44709,-3.45498],[33.44503,-3.46794],[33.44022,-3.47017],[33.44168,-3.47388],[33.43509,-3.4887],[33.42453,-3.50699],[33.42251,-3.49874],[33.41664,-3.49251],[33.40885,-3.48],[33.4052,-3.47774],[33.40233,-3.47788],[33.39212,-3.47481],[33.38189,-3.47419],[33.37942,-3.45424],[33.37462,-3.43784],[33.35965,-3.42304],[33.35676,-3.40384],[33.36328,-3.40364],[33.38438,-3.39863],[33.39898,-3.39883],[33.42487,-3.39005],[33.43381,-3.37973],[33.44221,-3.3748],[33.44507,-3.38008],[33.44283,-3.39022]]]},"properties":{"region":"Shinyanga","district":"Kishapu","ward":"Busangwa","ward_code":"251"}},{"type":"Feature","geometry":{"type":"Polygon","coordinates":[[[33.63324,-3.38671],[33.63587,-3.3873],[33.64417,-3.39491],[33.64518,-3.39495],[33.64643,-3.39761],[33.65088,-3.40169],[33.65266,-3.40551],[33.66091,-3.41091],[33.66208,-3.41207],[33.66265,-3.41492],[33.66717,-3.41856],[33.66784,-3.43049],[33.6707,-3.43392],[33.67012,-3.44025],[33.67126,-3.44636],[33.67029,-3.44762],[33.67378,-3.45466],[33.67645,-3.45757],[33.67951,-3.45617],[33.68073,-3.45653],[33.68531,-3.46268],[33.6915,-3.46388],[33.69409,-3.46562],[33.69763,-3.46586],[33.70061,-3.46787],[33.68717,-3.4716],[33.67981,-3.47221],[33.66969,-3.47248],[33.6667,-3.47098],[33.65472,-3.47249],[33.63548,-3.47154],[33.63506,-3.47755],[33.63007,-3.48631],[33.61864,-3.48446],[33.60253,-3.47963],[33.59593,-3.48945],[33.58801,-3.48866],[33.57474,-3.49099],[33.57461,-3.49563],[33.5657,-3.49723],[33.55397,-3.50268],[33.55272,-3.49713],[33.55482,-3.49674],[33.5681,-3.4877],[33.56995,-3.47953],[33.57752,-3.47634],[33.58913,-3.46024],[33.58766,-3.45668],[33.58772,-3.45104],[33.59233,-3.43233],[33.5922,-3.42543],[33.59447,-3.41862],[33.5949,-3.41021],[33.59344,-3.40695],[33.59333,-3.40145],[33.5974,-3.38672],[33.59679,-3.38492],[33.59883,-3.38122],[33.60363,-3.37473],[33.60987,-3.36977],[33.61436,-3.37408],[33.61837,-3.37585],[33.62361,-3.38139],[33.63021,-3.38409],[33.63324,-3.38671]]]},"properties":{"region":"Shinyanga","district":"Kishapu","ward":"Idukilo","ward_code":"283"}},{"type":"Feature","geometry":{"type":"Polygon","coordinates":[[[33.22815,-3.40712],[33.22757,-3.42261],[33.25279,-3.42453],[33.29719,-3.43052],[33.29288,-3.43711],[33.29191,-3.44017],[33.28409,-3.46548],[33.28394,-3.4722],[33.26821,-3.47278],[33.26131,-3.47217],[33.25043,-3.46924],[33.23862,-3.47048],[33.23096,-3.47341],[33.22667,-3.47387],[33.19902,-3.47121],[33.19505,-3.47204],[33.18317,-3.46568],[33.17807,-3.46056],[33.16773,-3.45528],[33.1614,-3.44784],[33.15507,-3.43518],[33.1534,-3.42326],[33.15402,-3.41777],[33.15766,-3.40632],[33.17427,-3.40893],[33.18423,-3.40716],[33.18989,-3.40349],[33.20016,-3.40092],[33.20555,-3.39665],[33.2175,-3.39226],[33.23033,-3.39474],[33.22815,-3.40712]]]},"properties":{"region":"Shinyanga","district":"Kishapu","ward":"Mwasubi","ward_code":"291"}},{"type":"Feature","geometry":{"type":"Polygon","coordinates":[[[33.26131,-3.47217],[33.28394,-3.4722],[33.28197,-3.48028],[33.28252,-3.48729],[33.28718,-3.49086],[33.28991,-3.49169],[33.29621,-3.49031],[33.30204,-3.4903],[33.30469,-3.49182],[33.30838,-3.49622],[33.31843,-3.51236],[33.32326,-3.51589],[33.33325,-3.52037],[33.33171,-3.52655],[33.33435,-3.53002],[33.3467,-3.53553],[33.36075,-3.53673],[33.36424,-3.53795],[33.36231,-3.54428],[33.36197,-3.55106],[33.35836,-3.55429],[33.35603,-3.56034],[33.34766,-3.57458],[33.34198,-3.57914],[33.34147,-3.58137],[33.33767,-3.58462],[33.33264,-3.58729],[33.33003,-3.58731],[33.31605,-3.58417],[33.30831,-3.58101],[33.29627,-3.58143],[33.29268,-3.57729],[33.27649,-3.57259],[33.27192,-3.57411],[33.26521,-3.57212],[33.26552,-3.56283],[33.26222,-3.55273],[33.26233,-3.54867],[33.26756,-3.53289],[33.25308,-3.53928],[33.21991,-3.53756],[33.22201,-3.53129],[33.2223,-3.52254],[33.22096,-3.50637],[33.22064,-3.47327],[33.2223,-3.47393],[33.23096,-3.47341],[33.23862,-3.47048],[33.25043,-3.46924],[33.26131,-3.47217]]]},"properties":{"region":"Shinyanga","district":"Shinyanga","ward":"Pandagichiza","ward_code":"031"}},{"type":"Feature","geometry":{"type":"Polygon","coordinates":[[[32.80831,-3.33476],[32.80045,-3.34459],[32.79694,-3.35508],[32.7903,-3.35957],[32.79684,-3.36729],[32.80828,-3.37655],[32.81888,-3.38142],[32.82534,-3.38754],[32.83089,-3.39517],[32.84154,-3.39905],[32.85616,-3.43228],[32.85471,-3.44572],[32.85636,-3.46805],[32.82578,-3.46992],[32.79369,-3.41926],[32.77145,-3.41346],[32.76311,-3.41618],[32.75844,-3.41964],[32.74289,-3.43896],[32.72372,-3.45726],[32.70741,-3.46967],[32.6972,-3.45953],[32.69419,-3.45181],[32.69604,-3.42316],[32.69945,-3.40309],[32.69914,-3.39351],[32.69144,-3.37082],[32.68895,-3.36724],[32.68618,-3.36623],[32.68151,-3.36096],[32.68323,-3.34855],[32.68318,-3.33219],[32.68576,-3.3254],[32.69658,-3.32119],[32.70729,-3.32119],[32.72145,-3.32442],[32.72985,-3.32401],[32.73347,-3.31514],[32.7308,-3.32428],[32.73191,-3.32794],[32.73521,-3.33047],[32.7416,-3.33115],[32.75023,-3.33929],[32.76463,-3.33339],[32.77065,-3.32854],[32.77299,-3.32454],[32.77763,-3.32166],[32.77879,-3.31957],[32.78387,-3.31707],[32.79451,-3.30466],[32.81674,-3.30447],[32.81633,-3.31019],[32.81949,-3.32031],[32.81281,-3.32646],[32.80831,-3.33476]]]},"properties":{"region":"Shinyanga","district":"Shinyanga","ward":"Mwakitolyo","ward_code":"073"}},{"type":"Feature","geometry":{"type":"Polygon","coordinates":[[[32.92947,-3.34228],[32.93252,-3.38012],[32.90392,-3.37435],[32.88684,-3.379],[32.88218,-3.38719],[32.86495,-3.3937],[32.8503,-3.3984],[32.84154,-3.39905],[32.83798,-3.39784],[32.84359,-3.37653],[32.84479,-3.37437],[32.85187,-3.36876],[32.85359,-3.36498],[32.85372,-3.35283],[32.85286,-3.34891],[32.84855,-3.3424],[32.84824,-3.33892],[32.85099,-3.33329],[32.85413,-3.32279],[32.85962,-3.29534],[32.85199,-3.2837],[32.8537,-3.27684],[32.85801,-3.26609],[32.86065,-3.26183],[32.86119,-3.26536],[32.87578,-3.26816],[32.88747,-3.27586],[32.9125,-3.30314],[32.91737,-3.30485],[32.92301,-3.31677],[32.92947,-3.34228]]]},"properties":{"region":"Shinyanga","district":"Shinyanga","ward":"Salawe","ward_code":"081"}},{"type":"Feature","geometry":{"type":"Polygon","coordinates":[[[32.99349,-3.36679],[33.00588,-3.382],[33.01673,-3.39176],[33.01617,-3.40106],[33.01734,-3.40771],[33.01728,-3.41563],[33.01623,-3.42976],[33.00918,-3.45465],[32.99998,-3.44795],[32.99183,-3.45568],[32.98569,-3.45878],[32.98652,-3.46029],[32.98496,-3.46797],[32.98502,-3.47302],[32.97771,-3.4728],[32.96893,-3.47069],[32.88001,-3.46777],[32.85636,-3.46805],[32.85471,-3.44572],[32.85616,-3.43228],[32.84154,-3.39905],[32.8503,-3.3984],[32.88218,-3.38719],[32.88684,-3.379],[32.90392,-3.37435],[32.93252,-3.38012],[32.92947,-3.34228],[32.95488,-3.33964],[32.96762,-3.34579],[32.97787,-3.35336],[32.98144,-3.36553],[32.99349,-3.36679]]]},"properties":{"region":"Shinyanga","district":"Shinyanga","ward":"Solwa","ward_code":"091"}},{"type":"Feature","geometry":{"type":"Polygon","coordinates":[[[33.13719,-3.52146],[33.1432,-3.52428],[33.14712,-3.52299],[33.15043,-3.52341],[33.16078,-3.53167],[33.16319,-3.53258],[33.17756,-3.53056],[33.19272,-3.52981],[33.2123,-3.52963],[33.22201,-3.53129],[33.21376,-3.5572],[33.21423,-3.55939],[33.21727,-3.56125],[33.21973,-3.57029],[33.20687,-3.5806],[33.2031,-3.59002],[33.20679,-3.59598],[33.17666,-3.60405],[33.17501,-3.60673],[33.16645,-3.61252],[33.15994,-3.61909],[33.15484,-3.61803],[33.14936,-3.62073],[33.14718,-3.62585],[33.12161,-3.63779],[33.11563,-3.6453],[33.09874,-3.65792],[33.08154,-3.65964],[33.0852,-3.63902],[33.08008,-3.63238],[33.07851,-3.61496],[33.07157,-3.61772],[33.0526,-3.60828],[33.04722,-3.60855],[33.04426,-3.59166],[33.04963,-3.59044],[33.07144,-3.5772],[33.07176,-3.56923],[33.07034,-3.56118],[33.07571,-3.55308],[33.08741,-3.53793],[33.09923,-3.53051],[33.11012,-3.51932],[33.11756,-3.51418],[33.12723,-3.51454],[33.13719,-3.52146]]]},"properties":{"region":"Shinyanga","district":"Shinyanga","ward":"Iselamagazi","ward_code":"101"}},{"type":"Feature","geometry":{"type":"Polygon","coordinates":[[[32.88001,-3.46777],[32.96893,-3.47069],[32.97771,-3.4728],[32.98502,-3.47302],[32.98837,-3.49091],[32.98791,-3.4958],[32.98892,-3.5058],[32.98348,-3.53008],[32.98032,-3.56092],[32.98924,-3.5711],[33.00036,-3.5943],[32.99591,-3.59525],[32.99131,-3.59281],[32.98894,-3.5945],[32.98737,-3.59755],[32.98071,-3.59424],[32.97296,-3.59224],[32.96466,-3.60101],[32.95989,-3.6019],[32.95829,-3.60096],[32.95418,-3.60231],[32.95021,-3.60913],[32.95044,-3.61525],[32.94731,-3.61989],[32.93726,-3.62281],[32.93091,-3.61854],[32.91702,-3.61331],[32.88007,-3.61646],[32.86298,-3.62033],[32.85616,-3.61657],[32.84185,-3.6137],[32.83006,-3.60986],[32.83386,-3.60214],[32.83237,-3.60044],[32.83547,-3.59841],[32.83347,-3.59504],[32.83633,-3.59133],[32.83551,-3.58831],[32.83831,-3.58231],[32.83644,-3.57791],[32.83879,-3.57682],[32.83959,-3.57445],[32.83727,-3.57128],[32.84106,-3.55311],[32.84081,-3.5507],[32.84352,-3.54961],[32.84382,-3.5462],[32.8421,-3.54392],[32.84252,-3.54079],[32.84054,-3.54059],[32.83816,-3.53881],[32.83815,-3.53435],[32.83426,-3.53235],[32.83298,-3.52522],[32.8343,-3.51955],[32.83171,-3.51796],[32.83067,-3.51339],[32.82775,-3.51032],[32.82909,-3.49889],[32.82629,-3.49056],[32.82954,-3.4866],[32.82945,-3.48292],[32.82737,-3.48054],[32.82891,-3.47639],[32.82578,-3.46992],[32.85618,-3.46805],[32.88001,-3.46777]]]},"properties":{"region":"Shinyanga","district":"Shinyanga","ward":"Lyabukande","ward_code":"111"}},{"type":"Feature","geometry":{"type":"MultiPolygon","coordinates":[[[[33.22401,-3.63487],[33.23831,-3.63598],[33.24736,-3.63557],[33.24843,-3.645],[33.24728,-3.65802],[33.26183,-3.65932],[33.26543,-3.6701],[33.28873,-3.67647],[33.30517,-3.68211],[33.32003,-3.68877],[33.31351,-3.69884],[33.3109,-3.70542],[33.30914,-3.70735],[33.30464,-3.70486],[33.29152,-3.70079],[33.28357,-3.70375],[33.27605,-3.70492],[33.26879,-3.70795],[33.26543,-3.70611],[33.259,-3.70797],[33.24817,-3.7089],[33.22956,-3.70333],[33.21889,-3.70595],[33.19845,-3.70043],[33.19403,-3.68853],[33.18744,-3.67503],[33.18792,-3.6726],[33.18345,-3.66666],[33.19305,-3.66352],[33.19787,-3.66097],[33.20003,-3.66124],[33.20645,-3.6582],[33.20918,-3.65407],[33.22013,-3.64704],[33.2223,-3.63918],[33.22144,-3.63433],[33.22204,-3.63357],[33.22401,-3.63487]]],[[[33.15428,-3.66139],[33.16489,-3.67414],[33.1625,-3.68098],[33.12321,-3.67477],[33.11651,-3.67591],[33.11554,-3.67431],[33.1047,-3.67159],[33.09948,-3.67304],[33.08933,-3.67349],[33.08479,-3.67182],[33.08209,-3.67224],[33.08154,-3.65964],[33.09874,-3.65792],[33.11563,-3.6453],[33.12161,-3.63779],[33.14718,-3.62585],[33.14808,-3.6366],[33.15045,-3.64068],[33.15025,-3.6516],[33.15428,-3.66139]]]]},"properties":{"region":"Shinyanga","district":"Shinyanga","ward":"Mwantini","ward_code":"121"}},{"type":"Feature","geometry":{"type":"Polygon","coordinates":[[[32.85322,-3.23988],[32.85486,-3.24367],[32.86178,-3.25026],[32.86065,-3.26183],[32.85801,-3.26609],[32.8537,-3.27684],[32.85199,-3.2837],[32.85962,-3.29534],[32.85413,-3.32279],[32.85099,-3.33329],[32.84824,-3.33892],[32.84855,-3.3424],[32.85286,-3.34891],[32.85407,-3.36191],[32.85187,-3.36876],[32.84479,-3.37437],[32.84359,-3.37653],[32.83798,-3.39784],[32.83089,-3.39517],[32.82534,-3.38754],[32.81888,-3.38142],[32.80828,-3.37655],[32.79684,-3.36729],[32.7903,-3.35957],[32.79694,-3.35508],[32.80045,-3.34459],[32.80831,-3.33476],[32.81281,-3.32646],[32.81949,-3.32031],[32.81633,-3.31019],[32.81674,-3.30447],[32.79451,-3.30466],[32.78387,-3.31707],[32.77879,-3.31957],[32.77763,-3.32166],[32.77299,-3.32454],[32.77065,-3.32854],[32.76463,-3.33339],[32.75023,-3.33929],[32.7416,-3.33115],[32.73448,-3.33002],[32.73191,-3.32794],[32.7308,-3.32428],[32.73347,-3.31514],[32.74008,-3.31085],[32.75002,-3.28868],[32.75384,-3.28421],[32.75616,-3.27309],[32.77003,-3.25657],[32.77257,-3.25595],[32.77543,-3.25115],[32.79905,-3.25316],[32.80921,-3.25118],[32.82169,-3.24507],[32.82531,-3.24131],[32.83017,-3.24069],[32.83511,-3.24276],[32.843,-3.24274],[32.84905,-3.23627],[32.85322,-3.23988]]]},"properties":{"region":"Shinyanga","district":"Shinyanga","ward":"Mwenge","ward_code":"211"}},{"type":"Feature","geometry":{"type":"Polygon","coordinates":[[[33.03063,-3.39007],[33.0409,-3.39455],[33.04436,-3.39185],[33.04754,-3.3929],[33.05112,-3.39185],[33.05689,-3.39448],[33.06144,-3.39879],[33.06824,-3.40136],[33.07026,-3.40346],[33.06807,-3.40443],[33.06805,-3.4053],[33.0723,-3.40579],[33.07507,-3.40853],[33.07799,-3.4096],[33.07728,-3.41216],[33.07907,-3.41603],[33.07861,-3.41735],[33.08982,-3.4255],[33.0901,-3.42821],[33.09237,-3.42749],[33.09348,-3.42832],[33.09385,-3.42675],[33.09876,-3.42809],[33.09962,-3.42919],[33.09876,-3.43017],[33.10099,-3.43397],[33.10665,-3.4362],[33.10803,-3.43538],[33.10955,-3.43635],[33.11185,-3.43606],[33.11596,-3.43812],[33.12679,-3.43441],[33.1284,-3.43694],[33.13826,-3.43621],[33.1444,-3.43009],[33.1534,-3.42326],[33.15507,-3.43518],[33.1614,-3.44784],[33.16773,-3.45528],[33.17807,-3.46056],[33.18317,-3.46568],[33.19505,-3.47204],[33.19902,-3.47121],[33.22064,-3.47327],[33.22201,-3.53129],[33.2123,-3.52963],[33.19272,-3.52981],[33.17756,-3.53056],[33.16319,-3.53258],[33.16078,-3.53167],[33.15043,-3.52341],[33.14712,-3.52299],[33.1432,-3.52428],[33.13719,-3.52146],[33.12723,-3.51454],[33.11756,-3.51418],[33.10697,-3.52183],[33.10327,-3.52665],[33.09534,-3.53365],[33.08741,-3.53793],[33.07571,-3.55308],[33.07034,-3.56118],[33.07176,-3.56923],[33.07144,-3.5772],[33.04963,-3.59044],[33.04426,-3.59166],[33.04412,-3.59282],[33.03415,-3.58793],[33.02189,-3.58404],[33.01458,-3.57896],[32.99627,-3.58682],[32.98924,-3.5711],[32.98032,-3.56092],[32.98348,-3.53008],[32.98892,-3.5058],[32.98791,-3.4958],[32.98837,-3.49091],[32.98502,-3.47301],[32.98496,-3.46797],[32.98652,-3.46029],[32.98569,-3.45878],[32.99183,-3.45568],[32.99998,-3.44795],[33.00918,-3.45465],[33.01623,-3.42976],[33.01728,-3.41563],[33.01734,-3.40771],[33.01617,-3.40106],[33.01673,-3.39176],[33.02093,-3.39257],[33.02393,-3.39032],[33.03063,-3.39007]]]},"properties":{"region":"Shinyanga","district":"Shinyanga","ward":"Lyabusalu","ward_code":"231"}},{"type":"Feature","geometry":{"type":"Polygon","coordinates":[[[33.32415,-3.47111],[33.33369,-3.47213],[33.35593,-3.47186],[33.36674,-3.47357],[33.3875,-3.47428],[33.40424,-3.47826],[33.4052,-3.47774],[33.40885,-3.48],[33.41664,-3.49251],[33.42251,-3.49874],[33.42508,-3.5112],[33.42228,-3.52232],[33.41861,-3.52216],[33.41592,-3.52485],[33.41107,-3.52206],[33.40818,-3.51843],[33.40229,-3.51884],[33.40157,-3.52123],[33.40285,-3.5461],[33.39759,-3.546],[33.3937,-3.54341],[33.39033,-3.53887],[33.38525,-3.53948],[33.38259,-3.53841],[33.37568,-3.53861],[33.3703,-3.5366],[33.36426,-3.5382],[33.36075,-3.53673],[33.3467,-3.53553],[33.33827,-3.5322],[33.33205,-3.52784],[33.33166,-3.52472],[33.33325,-3.52037],[33.32326,-3.51589],[33.31843,-3.51236],[33.30838,-3.49622],[33.30469,-3.49182],[33.30204,-3.4903],[33.29621,-3.49031],[33.28991,-3.49169],[33.28718,-3.49086],[33.28184,-3.48605],[33.28197,-3.48028],[33.28394,-3.4722],[33.3098,-3.47223],[33.32415,-3.47111]]]},"properties":{"region":"Shinyanga","district":"Shinyanga","ward":"Mwalukwa","ward_code":"241"}},{"type":"Feature","geometry":{"type":"Polygon","coordinates":[[[33.26756,-3.53289],[33.26233,-3.54867],[33.26222,-3.55273],[33.26552,-3.56283],[33.26521,-3.57212],[33.27192,-3.57411],[33.27649,-3.57259],[33.29268,-3.57729],[33.29627,-3.58143],[33.30831,-3.58101],[33.31605,-3.58417],[33.32931,-3.58708],[33.3276,-3.60478],[33.33438,-3.61426],[33.33972,-3.61747],[33.33219,-3.66327],[33.32003,-3.68877],[33.30517,-3.68211],[33.28873,-3.67647],[33.26543,-3.6701],[33.26183,-3.65932],[33.24728,-3.65802],[33.24843,-3.645],[33.24736,-3.63557],[33.23831,-3.63598],[33.22401,-3.63487],[33.22204,-3.63357],[33.2215,-3.63581],[33.2223,-3.63918],[33.22013,-3.64704],[33.20918,-3.65407],[33.20645,-3.6582],[33.20003,-3.66124],[33.19787,-3.66097],[33.19305,-3.66352],[33.18345,-3.66666],[33.17517,-3.67801],[33.17221,-3.67995],[33.16432,-3.68155],[33.1625,-3.68098],[33.16489,-3.67414],[33.15428,-3.66139],[33.15025,-3.6516],[33.15045,-3.64068],[33.14808,-3.6366],[33.14718,-3.62585],[33.14936,-3.62073],[33.15484,-3.61803],[33.15994,-3.61909],[33.16645,-3.61252],[33.17501,-3.60673],[33.17666,-3.60405],[33.20679,-3.59598],[33.2031,-3.59002],[33.20687,-3.5806],[33.21973,-3.57029],[33.21727,-3.56125],[33.21423,-3.55939],[33.21376,-3.5572],[33.21991,-3.53756],[33.25308,-3.53928],[33.26756,-3.53289]]]},"properties":{"region":"Shinyanga","district":"Shinyanga","ward":"Nyamalogo","ward_code":"251"}},{"type":"Feature","geometry":{"type":"Polygon","coordinates":[[[33.04412,-3.59282],[33.04722,-3.60855],[33.0526,-3.60828],[33.07157,-3.61772],[33.07851,-3.61496],[33.08008,-3.63238],[33.0852,-3.63902],[33.08154,-3.65964],[33.08209,-3.67224],[33.07982,-3.67349],[33.07472,-3.6713],[33.07115,-3.67186],[33.06733,-3.67103],[33.06678,-3.67259],[33.0645,-3.67337],[33.06454,-3.67521],[33.05912,-3.67626],[33.05832,-3.67839],[33.05553,-3.68001],[33.05295,-3.68079],[33.05084,-3.67992],[33.04653,-3.68342],[33.04482,-3.68336],[33.04443,-3.68663],[33.0379,-3.68609],[33.03686,-3.68822],[33.02692,-3.68862],[33.02466,-3.69342],[33.02299,-3.69308],[33.02043,-3.69489],[33.01893,-3.69741],[33.01503,-3.69681],[33.01435,-3.69426],[33.01067,-3.69511],[33.00638,-3.69382],[33.00483,-3.69499],[32.99856,-3.69322],[32.99305,-3.69568],[32.98497,-3.69502],[32.98616,-3.70433],[32.96748,-3.70948],[32.94786,-3.70837],[32.93006,-3.70566],[32.93186,-3.69676],[32.90931,-3.67961],[32.90129,-3.68346],[32.89698,-3.68172],[32.8914,-3.68313],[32.88806,-3.68053],[32.88795,-3.67659],[32.88614,-3.67583],[32.85153,-3.67959],[32.84804,-3.67034],[32.8356,-3.66334],[32.82268,-3.66245],[32.82352,-3.6558],[32.82282,-3.65385],[32.82376,-3.65087],[32.82206,-3.63927],[32.8257,-3.62759],[32.82591,-3.61971],[32.82933,-3.61483],[32.83006,-3.60986],[32.84185,-3.6137],[32.85616,-3.61657],[32.86298,-3.62033],[32.88007,-3.61646],[32.91702,-3.61331],[32.93091,-3.61854],[32.93726,-3.62281],[32.94731,-3.61989],[32.95044,-3.61525],[32.95021,-3.60913],[32.95418,-3.60231],[32.95829,-3.60096],[32.95989,-3.6019],[32.96466,-3.60101],[32.97296,-3.59224],[32.98071,-3.59424],[32.98737,-3.59755],[32.98894,-3.5945],[32.99131,-3.59281],[32.99591,-3.59525],[33.00021,-3.59438],[32.99627,-3.58682],[33.01458,-3.57896],[33.02189,-3.58404],[33.03415,-3.58793],[33.04412,-3.59282]]]},"properties":{"region":"Shinyanga","district":"Shinyanga","ward":"Lyamidati","ward_code":"261"}},{"type":"Feature","geometry":{"type":"Polygon","coordinates":[[[33.06733,-3.67103],[33.07472,-3.6713],[33.08041,-3.67351],[33.08479,-3.67182],[33.08933,-3.67349],[33.09948,-3.67304],[33.1047,-3.67159],[33.11838,-3.68618],[33.14177,-3.71881],[33.13771,-3.72535],[33.13872,-3.72987],[33.13843,-3.73581],[33.14225,-3.75352],[33.14164,-3.75559],[33.14535,-3.75883],[33.14587,-3.76077],[33.14891,-3.76408],[33.14817,-3.76807],[33.14384,-3.7749],[33.14499,-3.78378],[33.14367,-3.79039],[33.13483,-3.7978],[33.12195,-3.79968],[33.09642,-3.79477],[33.09168,-3.80312],[33.0842,-3.79106],[33.07305,-3.78563],[33.07399,-3.78016],[33.07135,-3.77073],[33.07466,-3.74846],[33.0747,-3.71711],[33.07568,-3.70512],[33.07429,-3.70283],[33.06659,-3.70022],[33.05381,-3.69945],[33.05167,-3.6943],[33.05912,-3.67626],[33.06454,-3.67521],[33.0645,-3.67337],[33.06678,-3.67259],[33.06733,-3.67103]]]},"properties":{"region":"Shinyanga","district":"Shinyanga","ward":"Imesela","ward_code":"011"}},{"type":"Feature","geometry":{"type":"Polygon","coordinates":[[[33.18123,-3.74974],[33.19273,-3.75059],[33.19549,-3.74953],[33.20729,-3.73761],[33.2151,-3.73483],[33.22456,-3.73328],[33.23421,-3.73557],[33.24723,-3.735],[33.25208,-3.7414],[33.2493,-3.74391],[33.24675,-3.74452],[33.24257,-3.75399],[33.24135,-3.76222],[33.24364,-3.76958],[33.24235,-3.77701],[33.239,-3.78367],[33.23897,-3.78443],[33.24101,-3.78538],[33.24142,-3.78803],[33.2413,-3.79422],[33.24025,-3.79651],[33.23913,-3.79787],[33.23542,-3.79816],[33.22906,-3.79402],[33.22177,-3.79252],[33.2161,-3.79703],[33.19692,-3.79068],[33.18741,-3.7853],[33.17933,-3.77902],[33.17223,-3.76855],[33.15752,-3.77461],[33.15711,-3.7699],[33.1527,-3.76559],[33.14891,-3.76408],[33.14587,-3.76077],[33.14535,-3.75883],[33.14164,-3.75559],[33.14225,-3.75352],[33.13878,-3.73718],[33.14423,-3.72736],[33.15499,-3.72322],[33.17076,-3.71317],[33.17687,-3.71281],[33.17877,-3.71933],[33.18331,-3.72344],[33.18476,-3.7261],[33.18646,-3.73536],[33.18527,-3.7405],[33.18123,-3.74974]]]},"properties":{"region":"Shinyanga","district":"Shinyanga","ward":"Usule","ward_code":"021"}},{"type":"Feature","geometry":{"type":"Polygon","coordinates":[[[33.05742,-3.67886],[33.05167,-3.6943],[33.05381,-3.69945],[33.06659,-3.70022],[33.07429,-3.70283],[33.07568,-3.70512],[33.0747,-3.71711],[33.07466,-3.74846],[33.07135,-3.77073],[33.07399,-3.78016],[33.07305,-3.78563],[33.05813,-3.7817],[33.0431,-3.78034],[33.03025,-3.77219],[33.01732,-3.77661],[32.96355,-3.7519],[32.95502,-3.74904],[32.95062,-3.74083],[32.96748,-3.70948],[32.98616,-3.70433],[32.98497,-3.69502],[32.99305,-3.69568],[32.99856,-3.69322],[33.00483,-3.69499],[33.00638,-3.69382],[33.01067,-3.69511],[33.01435,-3.69426],[33.01503,-3.69681],[33.01893,-3.69741],[33.02043,-3.69489],[33.02299,-3.69308],[33.02466,-3.69342],[33.02692,-3.68862],[33.03686,-3.68822],[33.0379,-3.68609],[33.04443,-3.68663],[33.04482,-3.68336],[33.04653,-3.68342],[33.05084,-3.67992],[33.05295,-3.68079],[33.05742,-3.67886]]]},"properties":{"region":"Shinyanga","district":"Shinyanga","ward":"Ilola","ward_code":"031"}},{"type":"Feature","geometry":{"type":"Polygon","coordinates":[[[33.0842,-3.79106],[33.09168,-3.80312],[33.09207,-3.80562],[33.09869,-3.80831],[33.0946,-3.81369],[33.09285,-3.81957],[33.09643,-3.82792],[33.0942,-3.83339],[33.09302,-3.83278],[33.09169,-3.83428],[33.08828,-3.83297],[33.08671,-3.83493],[33.08319,-3.83648],[33.08212,-3.8383],[33.07615,-3.84147],[33.06908,-3.85206],[33.06692,-3.85046],[33.06504,-3.84399],[33.03129,-3.85678],[33.02798,-3.83937],[32.98446,-3.83787],[32.99032,-3.81451],[33.00132,-3.80296],[33.00678,-3.80078],[33.00845,-3.79739],[33.01258,-3.79611],[33.01471,-3.79349],[33.01502,-3.78738],[33.01768,-3.78456],[33.01732,-3.77661],[33.03025,-3.77219],[33.0431,-3.78034],[33.05813,-3.7817],[33.06856,-3.78421],[33.0842,-3.79106]]]},"properties":{"region":"Shinyanga","district":"Shinyanga","ward":"Didia","ward_code":"041"}},{"type":"Feature","geometry":{"type":"Polygon","coordinates":[[[33.14367,-3.79039],[33.1445,-3.80322],[33.14279,-3.813],[33.13867,-3.82871],[33.13144,-3.84723],[33.1291,-3.86064],[33.13335,-3.89192],[33.1309,-3.89381],[33.13007,-3.90042],[33.13506,-3.90568],[33.13768,-3.90648],[33.13658,-3.91015],[33.13732,-3.91415],[33.13967,-3.9162],[33.144,-3.92376],[33.14317,-3.94198],[33.14415,-3.95454],[33.1372,-3.96131],[33.13296,-3.95875],[33.13006,-3.95898],[33.11902,-3.96404],[33.10227,-3.96768],[33.08957,-3.93999],[33.08996,-3.93072],[33.09565,-3.92394],[33.09756,-3.91824],[33.09337,-3.91483],[33.09137,-3.9106],[33.09068,-3.90662],[33.09227,-3.89963],[33.08705,-3.87785],[33.09188,-3.87222],[33.09021,-3.86143],[33.09366,-3.84814],[33.0933,-3.84291],[33.0952,-3.83497],[33.0942,-3.83339],[33.09643,-3.82792],[33.09285,-3.81957],[33.0946,-3.81369],[33.09869,-3.80831],[33.09207,-3.80562],[33.09168,-3.80312],[33.09642,-3.79477],[33.1235,-3.7997],[33.13483,-3.7978],[33.14367,-3.79039]]]},"properties":{"region":"Shinyanga","district":"Shinyanga","ward":"Itwangi","ward_code":"051"}},{"type":"Feature","geometry":{"type":"Polygon","coordinates":[[[33.15711,-3.7699],[33.15752,-3.77461],[33.17223,-3.76855],[33.17933,-3.77902],[33.18741,-3.7853],[33.19692,-3.79068],[33.2161,-3.79703],[33.22197,-3.81631],[33.22378,-3.83317],[33.21939,-3.85324],[33.21859,-3.86353],[33.21698,-3.86705],[33.22056,-3.89322],[33.21125,-3.89167],[33.20782,-3.89237],[33.20108,-3.89597],[33.18996,-3.89804],[33.18122,-3.90333],[33.17633,-3.90979],[33.17585,-3.90849],[33.17108,-3.90781],[33.17057,-3.90556],[33.16949,-3.90499],[33.16821,-3.89595],[33.164,-3.89823],[33.14868,-3.89537],[33.14633,-3.90349],[33.144,-3.92376],[33.13967,-3.9162],[33.13732,-3.91415],[33.13658,-3.91015],[33.13768,-3.90648],[33.13506,-3.90568],[33.13007,-3.90042],[33.1309,-3.89381],[33.13335,-3.89192],[33.1291,-3.86064],[33.13144,-3.84723],[33.13867,-3.82871],[33.1445,-3.80322],[33.14367,-3.79039],[33.14499,-3.78378],[33.14384,-3.7749],[33.14817,-3.76807],[33.14891,-3.76408],[33.1527,-3.76559],[33.15711,-3.7699]]]},"properties":{"region":"Shinyanga","district":"Shinyanga","ward":"Tinde","ward_code":"063"}},{"type":"Feature","geometry":{"type":"Polygon","coordinates":[[[33.09302,-3.83278],[33.0952,-3.83497],[33.0933,-3.84291],[33.09366,-3.84814],[33.09021,-3.86143],[33.09188,-3.87222],[33.09105,-3.87381],[33.08451,-3.87119],[33.07808,-3.86595],[33.07431,-3.86941],[33.06894,-3.87091],[33.06354,-3.87807],[33.06076,-3.87422],[33.06038,-3.87148],[33.04362,-3.87855],[33.044,-3.8815],[33.04256,-3.89223],[33.0382,-3.89656],[33.03383,-3.89665],[33.02396,-3.90243],[33.01872,-3.91551],[33.01229,-3.90741],[32.99807,-3.89733],[32.99483,-3.89244],[32.99472,-3.89038],[32.98419,-3.88189],[32.98151,-3.87588],[32.97832,-3.87154],[32.9783,-3.85869],[32.98446,-3.83787],[33.02798,-3.83937],[33.03129,-3.85678],[33.06504,-3.84399],[33.06692,-3.85046],[33.06908,-3.85206],[33.07615,-3.84147],[33.08212,-3.8383],[33.08319,-3.83648],[33.08671,-3.83493],[33.08828,-3.83297],[33.09169,-3.83428],[33.09302,-3.83278]]]},"properties":{"region":"Shinyanga","district":"Shinyanga","ward":"Puni","ward_code":"171"}},{"type":"Feature","geometry":{"type":"Polygon","coordinates":[[[33.08705,-3.87785],[33.09227,-3.89963],[33.09068,-3.90662],[33.09137,-3.9106],[33.09337,-3.91483],[33.09756,-3.91824],[33.09565,-3.92394],[33.08996,-3.93072],[33.08957,-3.93999],[33.10223,-3.96769],[33.09164,-3.96561],[33.08738,-3.96829],[33.06929,-3.96458],[33.05763,-3.95512],[33.04634,-3.94942],[33.028,-3.93816],[33.02456,-3.92143],[33.02308,-3.91813],[33.01872,-3.91551],[33.02396,-3.90243],[33.03383,-3.89665],[33.0382,-3.89656],[33.04256,-3.89223],[33.044,-3.8815],[33.04362,-3.87855],[33.06038,-3.87148],[33.06076,-3.87422],[33.06354,-3.87807],[33.06894,-3.87091],[33.07431,-3.86941],[33.07808,-3.86595],[33.08451,-3.87119],[33.09105,-3.87381],[33.08705,-3.87785]]]},"properties":{"region":"Shinyanga","district":"Shinyanga","ward":"Nyida","ward_code":"181"}},{"type":"Feature","geometry":{"type":"Polygon","coordinates":[[[33.22627,-3.90162],[33.23427,-3.90983],[33.23716,-3.91874],[33.23708,-3.925],[33.23913,-3.93603],[33.23523,-3.93366],[33.23077,-3.93384],[33.22954,-3.93695],[33.22683,-3.93548],[33.22371,-3.93731],[33.22398,-3.94412],[33.22282,-3.94586],[33.22021,-3.94601],[33.21874,-3.95001],[33.21991,-3.9521],[33.21825,-3.9578],[33.20942,-3.95639],[33.20651,-3.95861],[33.20215,-3.95247],[33.1977,-3.95274],[33.19706,-3.95095],[33.19606,-3.95096],[33.1927,-3.95261],[33.19002,-3.9566],[33.18936,-3.95625],[33.1876,-3.95977],[33.18441,-3.96086],[33.18221,-3.95953],[33.17938,-3.96124],[33.16445,-3.96456],[33.16096,-3.96354],[33.15945,-3.96483],[33.15686,-3.9641],[33.15298,-3.96098],[33.15144,-3.96115],[33.14957,-3.96327],[33.14366,-3.96417],[33.1372,-3.96131],[33.14415,-3.95454],[33.14317,-3.94198],[33.144,-3.92376],[33.14633,-3.90349],[33.14868,-3.89537],[33.164,-3.89823],[33.16821,-3.89595],[33.16949,-3.90499],[33.17057,-3.90556],[33.17108,-3.90781],[33.17585,-3.90849],[33.17633,-3.90979],[33.18122,-3.90333],[33.18996,-3.89804],[33.20108,-3.89597],[33.20782,-3.89237],[33.21125,-3.89167],[33.22056,-3.89322],[33.2248,-3.89658],[33.22627,-3.90162]]]},"properties":{"region":"Shinyanga","district":"Shinyanga","ward":"Nsalala","ward_code":"191"}},{"type":"Feature","geometry":{"type":"Polygon","coordinates":[[[33.19066,-3.68089],[33.19845,-3.70043],[33.21468,-3.70423],[33.21731,-3.70565],[33.22175,-3.70569],[33.22956,-3.70333],[33.24817,-3.7089],[33.259,-3.70797],[33.26543,-3.70611],[33.26879,-3.70795],[33.27605,-3.70492],[33.28357,-3.70375],[33.29072,-3.70127],[33.28328,-3.70937],[33.27821,-3.71924],[33.27539,-3.72232],[33.27138,-3.73107],[33.26747,-3.735],[33.26071,-3.739],[33.25208,-3.7414],[33.24723,-3.735],[33.23421,-3.73557],[33.22456,-3.73328],[33.2151,-3.73483],[33.20729,-3.73761],[33.19549,-3.74953],[33.19273,-3.75059],[33.18123,-3.74974],[33.18527,-3.7405],[33.18646,-3.73536],[33.18476,-3.7261],[33.18331,-3.72344],[33.17877,-3.71933],[33.17687,-3.71281],[33.17076,-3.71317],[33.15499,-3.72322],[33.14423,-3.72736],[33.13878,-3.73718],[33.13771,-3.72535],[33.14177,-3.71881],[33.11838,-3.68618],[33.1047,-3.67159],[33.11554,-3.67431],[33.11651,-3.67591],[33.12321,-3.67477],[33.14007,-3.67694],[33.16432,-3.68155],[33.1738,-3.6791],[33.18345,-3.66666],[33.18792,-3.6726],[33.18744,-3.67503],[33.19066,-3.68089]]]},"properties":{"region":"Shinyanga","district":"Shinyanga","ward":"Bukene","ward_code":"201"}},{"type":"Feature","geometry":{"type":"Polygon","coordinates":[[[33.31888,-3.71423],[33.32466,-3.71815],[33.32759,-3.71698],[33.33409,-3.71963],[33.34076,-3.71794],[33.3461,-3.71871],[33.34991,-3.71706],[33.35545,-3.71705],[33.36007,-3.71397],[33.36399,-3.71321],[33.36629,-3.7152],[33.36866,-3.71327],[33.37395,-3.71449],[33.37321,-3.72229],[33.37791,-3.73173],[33.37914,-3.73702],[33.36332,-3.74888],[33.35764,-3.75754],[33.34415,-3.76743],[33.33955,-3.77394],[33.33027,-3.77001],[33.325,-3.77361],[33.32797,-3.77837],[33.32729,-3.78267],[33.32015,-3.78918],[33.31808,-3.79418],[33.31915,-3.7974],[33.31614,-3.80345],[33.30056,-3.80718],[33.29218,-3.79677],[33.27757,-3.79253],[33.26474,-3.81911],[33.24736,-3.81392],[33.24418,-3.82224],[33.22197,-3.81631],[33.2161,-3.79703],[33.22177,-3.79252],[33.22906,-3.79402],[33.23542,-3.79816],[33.23913,-3.79787],[33.24025,-3.79651],[33.2413,-3.79422],[33.24142,-3.78803],[33.24101,-3.78538],[33.23897,-3.78443],[33.239,-3.78367],[33.24235,-3.77701],[33.24364,-3.76958],[33.24135,-3.75995],[33.2431,-3.75198],[33.24523,-3.74933],[33.24675,-3.74452],[33.2493,-3.74391],[33.25208,-3.7414],[33.26332,-3.7378],[33.26945,-3.73329],[33.27285,-3.72921],[33.27539,-3.72232],[33.27821,-3.71924],[33.28328,-3.70937],[33.29152,-3.70079],[33.30464,-3.70486],[33.31408,-3.71096],[33.31473,-3.71386],[33.31888,-3.71423]]]},"properties":{"region":"Shinyanga","district":"Shinyanga","ward":"Mwamala","ward_code":"141"}},{"type":"Feature","geometry":{"type":"MultiPolygon","coordinates":[[[[33.38461,-3.74755],[33.38461,-3.74755],[33.38461,-3.74755],[33.38461,-3.74755]]],[[[33.38562,-3.74767],[33.38982,-3.74734],[33.39414,-3.74953],[33.39867,-3.74219],[33.41061,-3.74434],[33.41478,-3.74672],[33.41214,-3.75727],[33.40994,-3.7586],[33.40769,-3.75855],[33.40226,-3.77002],[33.39968,-3.78336],[33.40068,-3.78705],[33.40966,-3.79115],[33.42179,-3.7911],[33.43387,-3.79591],[33.43257,-3.80302],[33.43009,-3.80839],[33.41735,-3.81261],[33.40054,-3.8074],[33.39669,-3.81613],[33.38594,-3.82182],[33.37512,-3.81622],[33.37329,-3.82498],[33.37055,-3.82884],[33.3675,-3.83721],[33.36237,-3.84493],[33.36478,-3.84998],[33.3722,-3.85054],[33.39504,-3.84874],[33.39779,-3.85628],[33.39942,-3.87589],[33.40293,-3.8873],[33.40142,-3.88977],[33.39923,-3.8883],[33.39574,-3.891],[33.3941,-3.89469],[33.39235,-3.89284],[33.38958,-3.89295],[33.38989,-3.89541],[33.38753,-3.89603],[33.3864,-3.89397],[33.38383,-3.89521],[33.38301,-3.89346],[33.38106,-3.89254],[33.37972,-3.89418],[33.37821,-3.89354],[33.37572,-3.895],[33.37377,-3.895],[33.37141,-3.89295],[33.36042,-3.89962],[33.35621,-3.89541],[33.3517,-3.89716],[33.35098,-3.89972],[33.34667,-3.90219],[33.34446,-3.90095],[33.33846,-3.90129],[33.33436,-3.87951],[33.32959,-3.83548],[33.32514,-3.83016],[33.314,-3.82286],[33.31437,-3.81109],[33.31027,-3.80534],[33.31614,-3.80345],[33.31915,-3.7974],[33.31808,-3.79418],[33.32015,-3.78918],[33.32729,-3.78267],[33.32797,-3.77837],[33.325,-3.77361],[33.33027,-3.77001],[33.33955,-3.77394],[33.34415,-3.76743],[33.35764,-3.75754],[33.36332,-3.74888],[33.37914,-3.73702],[33.38298,-3.74626],[33.38443,-3.74753],[33.38562,-3.74767]]]]},"properties":{"region":"Shinyanga","district":"Shinyanga","ward":"Samuye","ward_code":"151"}},{"type":"Feature","geometry":{"type":"Polygon","coordinates":[[[33.29218,-3.79677],[33.30056,-3.80718],[33.31027,-3.80534],[33.31437,-3.81109],[33.314,-3.82286],[33.32514,-3.83016],[33.32959,-3.83548],[33.33436,-3.87951],[33.33846,-3.90129],[33.33047,-3.90205],[33.32786,-3.9051],[33.32241,-3.90722],[33.3196,-3.9101],[33.31766,-3.91078],[33.31564,-3.9112],[33.31244,-3.90934],[33.31008,-3.90909],[33.30898,-3.90748],[33.30536,-3.91095],[33.30233,-3.91011],[33.29879,-3.91265],[33.29609,-3.91282],[33.29398,-3.91612],[33.29213,-3.91629],[33.2896,-3.91485],[33.28851,-3.91663],[33.28615,-3.91536],[33.28185,-3.91748],[33.27915,-3.91452],[33.27721,-3.91418],[33.2778,-3.91562],[33.27603,-3.91726],[33.27502,-3.91799],[33.27418,-3.91697],[33.27266,-3.91841],[33.27191,-3.91748],[33.27073,-3.91807],[33.26838,-3.92207],[33.26459,-3.92436],[33.2605,-3.92526],[33.24847,-3.93542],[33.24514,-3.93685],[33.23913,-3.93603],[33.23708,-3.925],[33.23716,-3.91874],[33.23427,-3.90983],[33.22627,-3.90162],[33.2248,-3.89658],[33.22056,-3.89322],[33.21698,-3.86705],[33.21859,-3.86353],[33.21939,-3.85324],[33.22378,-3.83317],[33.22197,-3.81631],[33.24418,-3.82224],[33.24736,-3.81392],[33.26474,-3.81911],[33.27757,-3.79253],[33.29218,-3.79677]]]},"properties":{"region":"Shinyanga","district":"Shinyanga","ward":"Usanda","ward_code":"161"}},{"type":"Feature","geometry":{"type":"Polygon","coordinates":[[[33.42692,-3.75604],[33.43596,-3.75913],[33.44463,-3.76003],[33.46397,-3.75929],[33.47165,-3.7608],[33.47231,-3.76299],[33.47008,-3.7654],[33.46971,-3.77024],[33.47085,-3.77313],[33.46918,-3.77585],[33.48103,-3.79123],[33.48358,-3.79127],[33.48671,-3.79549],[33.48702,-3.80068],[33.49251,-3.80569],[33.49345,-3.81299],[33.49185,-3.82799],[33.49333,-3.82853],[33.494,-3.83042],[33.49118,-3.8357],[33.49091,-3.8384],[33.49603,-3.85705],[33.49402,-3.86259],[33.4986,-3.86894],[33.50237,-3.87137],[33.50479,-3.87461],[33.50501,-3.87657],[33.50801,-3.87813],[33.50996,-3.88362],[33.51296,-3.88571],[33.51431,-3.89097],[33.52233,-3.89237],[33.52405,-3.89539],[33.52421,-3.90207],[33.5224,-3.90549],[33.51888,-3.90808],[33.51217,-3.90846],[33.50423,-3.90726],[33.49555,-3.91052],[33.47478,-3.90512],[33.46634,-3.90389],[33.46485,-3.90459],[33.46451,-3.90357],[33.4601,-3.90312],[33.459,-3.90738],[33.45731,-3.90647],[33.45359,-3.90868],[33.45219,-3.9107],[33.45293,-3.91293],[33.45207,-3.9135],[33.44984,-3.91181],[33.44797,-3.91258],[33.44679,-3.91128],[33.44446,-3.91476],[33.44288,-3.91471],[33.44169,-3.91191],[33.43761,-3.91136],[33.43542,-3.90917],[33.43722,-3.90773],[33.43722,-3.9067],[33.43448,-3.90502],[33.42952,-3.90475],[33.42726,-3.9027],[33.42654,-3.90044],[33.42038,-3.89983],[33.41904,-3.8989],[33.41925,-3.89644],[33.41791,-3.89397],[33.41555,-3.89377],[33.41637,-3.89223],[33.41483,-3.89007],[33.4136,-3.88935],[33.41052,-3.89018],[33.40857,-3.89192],[33.40631,-3.89213],[33.40364,-3.88853],[33.39942,-3.87589],[33.39779,-3.85628],[33.39504,-3.84874],[33.3722,-3.85054],[33.36478,-3.84998],[33.36237,-3.84493],[33.3675,-3.83721],[33.37055,-3.82884],[33.37329,-3.82498],[33.37512,-3.81622],[33.38594,-3.82182],[33.39669,-3.81613],[33.40054,-3.8074],[33.41735,-3.81261],[33.43009,-3.80839],[33.43257,-3.80302],[33.43387,-3.79591],[33.42179,-3.7911],[33.41269,-3.79163],[33.40662,-3.79007],[33.40068,-3.78705],[33.39968,-3.78336],[33.40226,-3.77002],[33.40769,-3.75855],[33.40994,-3.7586],[33.41214,-3.75727],[33.41478,-3.74672],[33.42418,-3.75219],[33.42692,-3.75604]]]},"properties":{"region":"Shinyanga","district":"Shinyanga","ward":"Masengwa","ward_code":"211"}},{"type":"Feature","geometry":{"type":"Polygon","coordinates":[[[33.44741,-3.49689],[33.45287,-3.49851],[33.46552,-3.49757],[33.47273,-3.49849],[33.47506,-3.49781],[33.48227,-3.50027],[33.49164,-3.49949],[33.50062,-3.50054],[33.50613,-3.49941],[33.5125,-3.50171],[33.51716,-3.50054],[33.51829,-3.50238],[33.51854,-3.50958],[33.5154,-3.52098],[33.51214,-3.5239],[33.50573,-3.53562],[33.50067,-3.53651],[33.49944,-3.54102],[33.48985,-3.54741],[33.48395,-3.5526],[33.48265,-3.55549],[33.47939,-3.55652],[33.47839,-3.56209],[33.47711,-3.56428],[33.47412,-3.56591],[33.47215,-3.56591],[33.47021,-3.5698],[33.46826,-3.57802],[33.46926,-3.58264],[33.46885,-3.58847],[33.46439,-3.5928],[33.46238,-3.59779],[33.46311,-3.60188],[33.46142,-3.61161],[33.4565,-3.61719],[33.45564,-3.61981],[33.45849,-3.6256],[33.45446,-3.62526],[33.45172,-3.62382],[33.44613,-3.61745],[33.43987,-3.61666],[33.43575,-3.61353],[33.42401,-3.5997],[33.42234,-3.59673],[33.42094,-3.59043],[33.43135,-3.57999],[33.44132,-3.56727],[33.44247,-3.56109],[33.43971,-3.55535],[33.43419,-3.54843],[33.43231,-3.53925],[33.43343,-3.53384],[33.42913,-3.52577],[33.42616,-3.52305],[33.42228,-3.52232],[33.42508,-3.5112],[33.42453,-3.50699],[33.44146,-3.50172],[33.44741,-3.49689]]]},"properties":{"region":"Shinyanga","district":"Shinyanga","ward":"Mwamalili","ward_code":"011"}},{"type":"Feature","geometry":{"type":"Polygon","coordinates":[[[33.36848,-3.58088],[33.37305,-3.5881],[33.38022,-3.58943],[33.38099,-3.59169],[33.38726,-3.59144],[33.39282,-3.59673],[33.39955,-3.59634],[33.40062,-3.59805],[33.40309,-3.59738],[33.40485,-3.59874],[33.41105,-3.59912],[33.41354,-3.62471],[33.40824,-3.6246],[33.40829,-3.62288],[33.40076,-3.62179],[33.39779,-3.62268],[33.3963,-3.62498],[33.39409,-3.62495],[33.39357,-3.62577],[33.38644,-3.62578],[33.3835,-3.62672],[33.38044,-3.62577],[33.37462,-3.62881],[33.36761,-3.63578],[33.36014,-3.64087],[33.35005,-3.63422],[33.34423,-3.62715],[33.33816,-3.62697],[33.33972,-3.61747],[33.33438,-3.61426],[33.3276,-3.60478],[33.32931,-3.58708],[33.33264,-3.58729],[33.34147,-3.58137],[33.34664,-3.58296],[33.36448,-3.58021],[33.36848,-3.58088]]]},"properties":{"region":"Shinyanga","district":"Shinyanga","ward":"Chibe","ward_code":"132"}},{"type":"Feature","geometry":{"type":"Polygon","coordinates":[[[33.41107,-3.52206],[33.41592,-3.52485],[33.41861,-3.52216],[33.42228,-3.52232],[33.42616,-3.52305],[33.42913,-3.52577],[33.43343,-3.53384],[33.43231,-3.53925],[33.43419,-3.54843],[33.43971,-3.55535],[33.44247,-3.56109],[33.44132,-3.56727],[33.43135,-3.57999],[33.42094,-3.59043],[33.42234,-3.59673],[33.42724,-3.60322],[33.42359,-3.60282],[33.41729,-3.59798],[33.41465,-3.59914],[33.40748,-3.59921],[33.40309,-3.59738],[33.40062,-3.59805],[33.39955,-3.59634],[33.39282,-3.59673],[33.38726,-3.59144],[33.38099,-3.59169],[33.38022,-3.58943],[33.37305,-3.5881],[33.36848,-3.58088],[33.36448,-3.58021],[33.34664,-3.58296],[33.34147,-3.58137],[33.34198,-3.57914],[33.34766,-3.57458],[33.35603,-3.56034],[33.35836,-3.55429],[33.36197,-3.55106],[33.36231,-3.54428],[33.36416,-3.53826],[33.3703,-3.5366],[33.37568,-3.53861],[33.38259,-3.53841],[33.38525,-3.53948],[33.39033,-3.53887],[33.3937,-3.54341],[33.39759,-3.546],[33.40285,-3.5461],[33.40157,-3.52123],[33.40229,-3.51884],[33.40818,-3.51843],[33.41107,-3.52206]]]},"properties":{"region":"Shinyanga","district":"Shinyanga","ward":"Old Shinyanga","ward_code":"173"}},{"type":"Feature","geometry":{"type":"Polygon","coordinates":[[[33.50854,-3.55831],[33.51154,-3.55858],[33.5124,-3.55666],[33.51399,-3.55624],[33.52065,-3.55687],[33.52738,-3.56007],[33.52776,-3.56495],[33.53689,-3.56528],[33.54623,-3.56813],[33.54939,-3.57468],[33.55175,-3.57633],[33.55914,-3.57865],[33.5668,-3.58378],[33.57397,-3.60289],[33.58108,-3.61237],[33.58102,-3.61555],[33.57957,-3.61942],[33.58005,-3.62627],[33.58255,-3.63164],[33.58646,-3.65062],[33.58713,-3.66004],[33.58352,-3.65938],[33.58122,-3.66391],[33.57607,-3.66098],[33.57357,-3.66156],[33.57298,-3.66384],[33.57072,-3.66464],[33.56979,-3.66764],[33.57018,-3.67149],[33.56811,-3.67626],[33.56064,-3.67916],[33.56,-3.68195],[33.55861,-3.68334],[33.55305,-3.68773],[33.55003,-3.68899],[33.54475,-3.68767],[33.54329,-3.68601],[33.52757,-3.68529],[33.52467,-3.68861],[33.52236,-3.6896],[33.51919,-3.68974],[33.51463,-3.68814],[33.50631,-3.69552],[33.49938,-3.69645],[33.49859,-3.69479],[33.49106,-3.69884],[33.48954,-3.7009],[33.48664,-3.70126],[33.48525,-3.68748],[33.48626,-3.67892],[33.49006,-3.67172],[33.48894,-3.66715],[33.49458,-3.65755],[33.50711,-3.63935],[33.52904,-3.63419],[33.52491,-3.62986],[33.51977,-3.62689],[33.50882,-3.60785],[33.50322,-3.60189],[33.50119,-3.59105],[33.50226,-3.57217],[33.50441,-3.55596],[33.50343,-3.55157],[33.50854,-3.55831]]]},"properties":{"region":"Shinyanga","district":"Shinyanga","ward":"Kolandoto","ward_code":"021"}},{"type":"Feature","geometry":{"type":"Polygon","coordinates":[[[33.49353,-3.54542],[33.50343,-3.55157],[33.50441,-3.55596],[33.50226,-3.57217],[33.50119,-3.59105],[33.50322,-3.60189],[33.50882,-3.60785],[33.51977,-3.62689],[33.52491,-3.62986],[33.52904,-3.63419],[33.50711,-3.63935],[33.48894,-3.66715],[33.49006,-3.67172],[33.48626,-3.67892],[33.48542,-3.68384],[33.48663,-3.70125],[33.4838,-3.70475],[33.48017,-3.70515],[33.47871,-3.7086],[33.47601,-3.7098],[33.4735,-3.70967],[33.46938,-3.71176],[33.46649,-3.71079],[33.46341,-3.70699],[33.46214,-3.70209],[33.4625,-3.69755],[33.4595,-3.69421],[33.46042,-3.68761],[33.45977,-3.68323],[33.45856,-3.68228],[33.45728,-3.67832],[33.45463,-3.67608],[33.44994,-3.66721],[33.45077,-3.66464],[33.45262,-3.66351],[33.45173,-3.65961],[33.45216,-3.65729],[33.45427,-3.65532],[33.45868,-3.6359],[33.45812,-3.63284],[33.45942,-3.6289],[33.45564,-3.61981],[33.4565,-3.61719],[33.46142,-3.61161],[33.46311,-3.60188],[33.46238,-3.59779],[33.46439,-3.5928],[33.46885,-3.58847],[33.46862,-3.57423],[33.47215,-3.56591],[33.47412,-3.56591],[33.47711,-3.56428],[33.47839,-3.56209],[33.47939,-3.55652],[33.48265,-3.55549],[33.48395,-3.5526],[33.48985,-3.54741],[33.49353,-3.54542]]]},"properties":{"region":"Shinyanga","district":"Shinyanga","ward":"Ibadakuli","ward_code":"043"}},{"type":"Feature","geometry":{"type":"Polygon","coordinates":[[[33.41587,-3.65623],[33.41454,-3.65286],[33.41354,-3.62471],[33.4205,-3.62728],[33.42286,-3.6292],[33.42483,-3.63309],[33.43423,-3.63836],[33.43777,-3.64593],[33.43601,-3.6468],[33.43351,-3.64654],[33.43357,-3.64949],[33.43541,-3.65231],[33.42996,-3.65674],[33.42985,-3.66539],[33.42585,-3.6647],[33.42412,-3.6623],[33.42187,-3.66215],[33.42076,-3.66039],[33.41692,-3.65865],[33.41587,-3.65623]],[[33.41627,-3.65713],[33.41606,-3.65665],[33.41643,-3.65749],[33.41627,-3.65713]]]},"properties":{"region":"Shinyanga","district":"Shinyanga","ward":"Ngokolo","ward_code":"032"}},{"type":"Feature","geometry":{"type":"Polygon","coordinates":[[[33.42585,-3.6647],[33.43096,-3.66523],[33.43724,-3.66835],[33.43481,-3.67112],[33.42683,-3.67347],[33.42611,-3.67521],[33.42308,-3.67626],[33.42106,-3.67455],[33.41675,-3.67341],[33.41813,-3.67288],[33.41959,-3.66982],[33.419,-3.66941],[33.42059,-3.66675],[33.42231,-3.66594],[33.42226,-3.66498],[33.42359,-3.66474],[33.42493,-3.6629],[33.42585,-3.6647]]]},"properties":{"region":"Shinyanga","district":"Shinyanga","ward":"Mjini","ward_code":"052"}},{"type":"Feature","geometry":{"type":"Polygon","coordinates":[[[33.44911,-3.66471],[33.44948,-3.66758],[33.45215,-3.67046],[33.45511,-3.67681],[33.45728,-3.67832],[33.45989,-3.68365],[33.45537,-3.68245],[33.44935,-3.6831],[33.44667,-3.6825],[33.43939,-3.67679],[33.43232,-3.67423],[33.42773,-3.67568],[33.42611,-3.67521],[33.42683,-3.67347],[33.43481,-3.67112],[33.4374,-3.6677],[33.44238,-3.66717],[33.44758,-3.6646],[33.44911,-3.66471]]]},"properties":{"region":"Shinyanga","district":"Shinyanga","ward":"Chamaguha","ward_code":"062"}},{"type":"Feature","geometry":{"type":"Polygon","coordinates":[[[33.41431,-3.69128],[33.41042,-3.69186],[33.40531,-3.6849],[33.4134,-3.68107],[33.41597,-3.67771],[33.42611,-3.67521],[33.42773,-3.67568],[33.42086,-3.68622],[33.42125,-3.68699],[33.41431,-3.69128]]]},"properties":{"region":"Shinyanga","district":"Shinyanga","ward":"Ibinzamata","ward_code":"072"}},{"type":"Feature","geometry":{"type":"Polygon","coordinates":[[[33.43232,-3.67423],[33.43939,-3.67679],[33.44667,-3.6825],[33.44935,-3.6831],[33.45537,-3.68245],[33.45989,-3.68365],[33.45981,-3.69075],[33.44189,-3.69485],[33.42863,-3.69409],[33.42567,-3.69224],[33.42546,-3.69015],[33.42306,-3.69042],[33.42086,-3.68622],[33.42314,-3.6837],[33.42697,-3.6762],[33.43232,-3.67423]]]},"properties":{"region":"Shinyanga","district":"Shinyanga","ward":"Kitangili","ward_code":"082"}},{"type":"Feature","geometry":{"type":"Polygon","coordinates":[[[33.40531,-3.6849],[33.41042,-3.69186],[33.41431,-3.69128],[33.42125,-3.68699],[33.42306,-3.69042],[33.42546,-3.69015],[33.42567,-3.69224],[33.42863,-3.69409],[33.4321,-3.69461],[33.44189,-3.69485],[33.45981,-3.69075],[33.4595,-3.69421],[33.4625,-3.69755],[33.46214,-3.70209],[33.46341,-3.70699],[33.46649,-3.71079],[33.46938,-3.71135],[33.46906,-3.71752],[33.46649,-3.71994],[33.46879,-3.72274],[33.46809,-3.72684],[33.469,-3.73067],[33.46745,-3.73399],[33.46948,-3.7376],[33.47031,-3.74314],[33.47206,-3.74667],[33.47112,-3.75077],[33.47378,-3.75208],[33.47498,-3.75452],[33.47169,-3.75843],[33.47165,-3.7608],[33.46397,-3.75929],[33.44463,-3.76003],[33.43596,-3.75913],[33.42692,-3.75604],[33.42418,-3.75219],[33.41061,-3.74434],[33.39867,-3.74219],[33.39414,-3.74953],[33.38982,-3.74734],[33.38833,-3.748],[33.38443,-3.74753],[33.38298,-3.74626],[33.37918,-3.73754],[33.37791,-3.73173],[33.37321,-3.72229],[33.37395,-3.71449],[33.37779,-3.71413],[33.38127,-3.71051],[33.38103,-3.70447],[33.38283,-3.6994],[33.3857,-3.69832],[33.39076,-3.69259],[33.39269,-3.69185],[33.39346,-3.68999],[33.39554,-3.69],[33.39997,-3.68593],[33.40339,-3.68612],[33.40531,-3.6849]],[[33.38461,-3.74755],[33.38461,-3.74755],[33.38461,-3.74755],[33.38461,-3.74755]]]},"properties":{"region":"Shinyanga","district":"Shinyanga","ward":"Kizumbi","ward_code":"091"}},{"type":"Feature","geometry":{"type":"Polygon","coordinates":[[[33.36612,-3.65341],[33.36922,-3.65534],[33.36882,-3.65959],[33.37446,-3.66049],[33.38012,-3.66524],[33.38118,-3.66864],[33.37882,-3.67201],[33.37928,-3.6735],[33.38969,-3.67848],[33.38936,-3.68306],[33.39418,-3.68799],[33.39657,-3.68868],[33.39462,-3.69048],[33.39346,-3.68999],[33.39269,-3.69185],[33.39076,-3.69259],[33.3857,-3.69832],[33.38283,-3.6994],[33.38103,-3.70447],[33.38127,-3.71051],[33.37647,-3.71449],[33.37263,-3.71473],[33.36866,-3.71327],[33.36629,-3.7152],[33.36399,-3.71321],[33.36007,-3.71397],[33.35545,-3.71705],[33.34991,-3.71706],[33.3461,-3.71871],[33.34076,-3.71794],[33.33409,-3.71963],[33.32759,-3.71698],[33.32466,-3.71815],[33.31888,-3.71423],[33.31473,-3.71386],[33.31408,-3.71096],[33.30914,-3.70735],[33.3109,-3.70542],[33.3154,-3.69545],[33.31912,-3.69111],[33.33219,-3.66327],[33.33816,-3.62697],[33.34423,-3.62715],[33.35005,-3.63422],[33.36237,-3.64263],[33.36347,-3.64732],[33.36643,-3.6504],[33.36612,-3.65341]]]},"properties":{"region":"Shinyanga","district":"Shinyanga","ward":"Mwawaza","ward_code":"101"}},{"type":"Feature","geometry":{"type":"Polygon","coordinates":[[[33.39827,-3.66121],[33.40307,-3.66225],[33.40645,-3.66437],[33.40884,-3.66734],[33.41208,-3.66878],[33.41309,-3.67171],[33.41518,-3.67185],[33.41675,-3.67341],[33.40812,-3.67511],[33.39652,-3.67311],[33.38636,-3.67355],[33.37882,-3.67201],[33.38118,-3.66864],[33.38538,-3.67121],[33.38789,-3.66985],[33.39827,-3.66121]]]},"properties":{"region":"Shinyanga","district":"Shinyanga","ward":"Ndala","ward_code":"112"}},{"type":"Feature","geometry":{"type":"Polygon","coordinates":[[[33.39979,-3.64818],[33.40415,-3.64936],[33.40854,-3.65239],[33.412,-3.65825],[33.41777,-3.65874],[33.42076,-3.66039],[33.42187,-3.66215],[33.42493,-3.6629],[33.42059,-3.66675],[33.41813,-3.67288],[33.41675,-3.67341],[33.41518,-3.67185],[33.41309,-3.67171],[33.41208,-3.66878],[33.40884,-3.66734],[33.40645,-3.66437],[33.40307,-3.66225],[33.39827,-3.66121],[33.38538,-3.67121],[33.38139,-3.66942],[33.38012,-3.66524],[33.37446,-3.66049],[33.36882,-3.65959],[33.36922,-3.65534],[33.37259,-3.65289],[33.37798,-3.65167],[33.37887,-3.65035],[33.38437,-3.65005],[33.38511,-3.64929],[33.39393,-3.64985],[33.3956,-3.64893],[33.39866,-3.64934],[33.39979,-3.64818]]]},"properties":{"region":"Shinyanga","district":"Shinyanga","ward":"Kambarage","ward_code":"122"}},{"type":"Feature","geometry":{"type":"MultiPolygon","coordinates":[[[[33.41643,-3.65749],[33.41606,-3.65665],[33.41627,-3.65713],[33.41643,-3.65749]]],[[[33.41454,-3.65286],[33.41632,-3.65888],[33.412,-3.65825],[33.40854,-3.65239],[33.40415,-3.64936],[33.39979,-3.64818],[33.39866,-3.64934],[33.3956,-3.64893],[33.39393,-3.64985],[33.38511,-3.64929],[33.38437,-3.65005],[33.37887,-3.65035],[33.37798,-3.65167],[33.37259,-3.65289],[33.36922,-3.65534],[33.36612,-3.65341],[33.36643,-3.6504],[33.36347,-3.64732],[33.36237,-3.64263],[33.36014,-3.64087],[33.36761,-3.63578],[33.37462,-3.62881],[33.38044,-3.62577],[33.3835,-3.62672],[33.38644,-3.62578],[33.39357,-3.62577],[33.39409,-3.62495],[33.3963,-3.62498],[33.39779,-3.62268],[33.39996,-3.62184],[33.40829,-3.62288],[33.40824,-3.6246],[33.41354,-3.62471],[33.41454,-3.65286]]]]},"properties":{"region":"Shinyanga","district":"Shinyanga","ward":"Lubaga","ward_code":"142"}},{"type":"Feature","geometry":{"type":"Polygon","coordinates":[[[33.41729,-3.59798],[33.42359,-3.60282],[33.42724,-3.60322],[33.43722,-3.61489],[33.43987,-3.61666],[33.44613,-3.61745],[33.45172,-3.62382],[33.45446,-3.62526],[33.45849,-3.6256],[33.45942,-3.6289],[33.45812,-3.63284],[33.45868,-3.6359],[33.4578,-3.6405],[33.45427,-3.65532],[33.45216,-3.65729],[33.45173,-3.65961],[33.45262,-3.66351],[33.45002,-3.66588],[33.45026,-3.66825],[33.44911,-3.66471],[33.43848,-3.66806],[33.42985,-3.66539],[33.42996,-3.65674],[33.43541,-3.65231],[33.43357,-3.64949],[33.43351,-3.64654],[33.43601,-3.6468],[33.43777,-3.64593],[33.43423,-3.63836],[33.42483,-3.63309],[33.42286,-3.6292],[33.4205,-3.62728],[33.41354,-3.62471],[33.41105,-3.59912],[33.41465,-3.59914],[33.41729,-3.59798]]]},"properties":{"region":"Shinyanga","district":"Shinyanga","ward":"Ndembezi","ward_code":"152"}},{"type":"Feature","geometry":{"type":"Polygon","coordinates":[[[33.38823,-3.67362],[33.39652,-3.67311],[33.40946,-3.67511],[33.41675,-3.67341],[33.42106,-3.67455],[33.42308,-3.67626],[33.41597,-3.67771],[33.4134,-3.68107],[33.40964,-3.68329],[33.40339,-3.68612],[33.39997,-3.68593],[33.39657,-3.68868],[33.39418,-3.68799],[33.38936,-3.68306],[33.38969,-3.67848],[33.37928,-3.6735],[33.37882,-3.67201],[33.38823,-3.67362]]]},"properties":{"region":"Shinyanga","district":"Shinyanga","ward":"Masekelo","ward_code":"162"}}]}