{"type":"FeatureCollection","features":[{"type":"Feature","geometry":{"type":"Polygon","coordinates":[[[33.82494,-2.7249],[33.83447,-2.73019],[33.83736,-2.72894],[33.84343,-2.73242],[33.84661,-2.74018],[33.84583,-2.74971],[33.84404,-2.75601],[33.83824,-2.76247],[33.82606,-2.7705],[33.82601,-2.77142],[33.8288,-2.77502],[33.8296,-2.77935],[33.83415,-2.78272],[33.83642,-2.78657],[33.84119,-2.78833],[33.84152,-2.79449],[33.85048,-2.79907],[33.85783,-2.8009],[33.8605,-2.80004],[33.86364,-2.80072],[33.86803,-2.8084],[33.86832,-2.81515],[33.87051,-2.81698],[33.87205,-2.81676],[33.87412,-2.82338],[33.87778,-2.82771],[33.87837,-2.83197],[33.87308,-2.84083],[33.87833,-2.84888],[33.87582,-2.84988],[33.87255,-2.84837],[33.8656,-2.85042],[33.86104,-2.8466],[33.85414,-2.84691],[33.83903,-2.84485],[33.83227,-2.84142],[33.82478,-2.83507],[33.81511,-2.8388],[33.80876,-2.83672],[33.80744,-2.83523],[33.80413,-2.83399],[33.79949,-2.83336],[33.79708,-2.83158],[33.79352,-2.83186],[33.79458,-2.82771],[33.79276,-2.8251],[33.79273,-2.82255],[33.79062,-2.81985],[33.78985,-2.81711],[33.79034,-2.81494],[33.78938,-2.81317],[33.78993,-2.81105],[33.78806,-2.8062],[33.78994,-2.80459],[33.79038,-2.79984],[33.78902,-2.79766],[33.78629,-2.7959],[33.78539,-2.79675],[33.78417,-2.79502],[33.78338,-2.79549],[33.78269,-2.79378],[33.78355,-2.792],[33.78241,-2.79168],[33.78268,-2.79039],[33.78147,-2.7896],[33.78155,-2.78809],[33.78401,-2.78571],[33.78293,-2.78342],[33.78468,-2.78003],[33.7845,-2.7776],[33.78313,-2.77558],[33.78371,-2.76872],[33.78293,-2.76836],[33.78414,-2.76471],[33.78361,-2.76286],[33.78257,-2.76333],[33.78179,-2.76229],[33.78213,-2.76068],[33.78552,-2.75791],[33.78521,-2.75606],[33.78628,-2.75545],[33.7874,-2.75233],[33.78464,-2.75146],[33.78466,-2.74918],[33.78281,-2.74759],[33.78268,-2.73876],[33.78346,-2.73666],[33.79729,-2.73637],[33.79615,-2.73455],[33.79693,-2.7304],[33.79569,-2.72851],[33.80368,-2.72088],[33.81729,-2.72449],[33.82494,-2.7249]]]},"properties":{"region":"Simiyu","district":"Bariadi","ward":"Itubukilo","ward_code":"011"}},{"type":"Feature","geometry":{"type":"Polygon","coordinates":[[[33.8719,-2.73501],[33.87581,-2.73555],[33.8803,-2.7321],[33.87815,-2.73734],[33.87904,-2.74274],[33.87777,-2.74686],[33.88558,-2.75585],[33.89818,-2.75277],[33.90113,-2.75561],[33.90337,-2.75415],[33.91914,-2.75763],[33.92255,-2.75517],[33.93159,-2.75296],[33.93891,-2.74692],[33.94625,-2.75374],[33.94981,-2.75938],[33.95213,-2.75967],[33.95605,-2.76403],[33.95781,-2.76424],[33.96119,-2.76663],[33.96134,-2.77147],[33.95834,-2.77652],[33.94969,-2.78202],[33.94903,-2.78715],[33.94434,-2.79955],[33.94352,-2.80636],[33.94197,-2.81073],[33.9369,-2.81079],[33.93224,-2.80865],[33.92716,-2.80846],[33.92236,-2.80571],[33.90624,-2.80655],[33.90453,-2.80964],[33.9007,-2.81182],[33.89634,-2.81804],[33.8926,-2.82094],[33.88519,-2.8213],[33.87929,-2.82498],[33.87778,-2.82771],[33.87412,-2.82338],[33.87205,-2.81676],[33.87051,-2.81698],[33.86832,-2.81515],[33.86803,-2.8084],[33.86364,-2.80072],[33.8605,-2.80004],[33.85783,-2.8009],[33.85048,-2.79907],[33.84152,-2.79449],[33.84119,-2.78833],[33.83642,-2.78657],[33.83415,-2.78272],[33.8296,-2.77935],[33.8288,-2.77502],[33.82601,-2.77091],[33.83824,-2.76247],[33.84404,-2.75601],[33.84583,-2.74971],[33.84661,-2.74018],[33.84343,-2.73242],[33.84869,-2.72863],[33.85644,-2.72807],[33.86409,-2.72939],[33.8673,-2.73271],[33.8719,-2.73501]]]},"properties":{"region":"Simiyu","district":"Bariadi","ward":"Sakwe","ward_code":"021"}},{"type":"Feature","geometry":{"type":"Polygon","coordinates":[[[33.78675,-2.65202],[33.79121,-2.65308],[33.80094,-2.65319],[33.80251,-2.65636],[33.80918,-2.6576],[33.81447,-2.65978],[33.81619,-2.66209],[33.81919,-2.66215],[33.82191,-2.65933],[33.82454,-2.66069],[33.82776,-2.65859],[33.82953,-2.66051],[33.83352,-2.66851],[33.83461,-2.67711],[33.83422,-2.6822],[33.84071,-2.69887],[33.84068,-2.70334],[33.83788,-2.7088],[33.83931,-2.71248],[33.83888,-2.71558],[33.84025,-2.72356],[33.83949,-2.7272],[33.83736,-2.72894],[33.83447,-2.73019],[33.82494,-2.7249],[33.81729,-2.72449],[33.80368,-2.72088],[33.79569,-2.72851],[33.79693,-2.7304],[33.79615,-2.73455],[33.79729,-2.73637],[33.78343,-2.73669],[33.78365,-2.73442],[33.78248,-2.73359],[33.7824,-2.73082],[33.77756,-2.72611],[33.77599,-2.72322],[33.7761,-2.7201],[33.77498,-2.71939],[33.77523,-2.71502],[33.77202,-2.71322],[33.76532,-2.71208],[33.76382,-2.71082],[33.75849,-2.71268],[33.75787,-2.71007],[33.75604,-2.70921],[33.75383,-2.70952],[33.75263,-2.70789],[33.7474,-2.70584],[33.74752,-2.70471],[33.74564,-2.70391],[33.74325,-2.69936],[33.74002,-2.6987],[33.73734,-2.69574],[33.73735,-2.69255],[33.7381,-2.69246],[33.73648,-2.69129],[33.73679,-2.68905],[33.74261,-2.6868],[33.75237,-2.6809],[33.75549,-2.66752],[33.75905,-2.66298],[33.76149,-2.65695],[33.76488,-2.65359],[33.77096,-2.65346],[33.77524,-2.65088],[33.77634,-2.64729],[33.78675,-2.65202]]]},"properties":{"region":"Simiyu","district":"Bariadi","ward":"Ngulyati","ward_code":"033"}},{"type":"Feature","geometry":{"type":"Polygon","coordinates":[[[33.70616,-2.53262],[33.71382,-2.53474],[33.71567,-2.53622],[33.71651,-2.53902],[33.72217,-2.54067],[33.72277,-2.53966],[33.72858,-2.54514],[33.73013,-2.5443],[33.73301,-2.54701],[33.73474,-2.54625],[33.73958,-2.54684],[33.73954,-2.54438],[33.74229,-2.54567],[33.74152,-2.54851],[33.74351,-2.5496],[33.74581,-2.54701],[33.74726,-2.54805],[33.74707,-2.55123],[33.75559,-2.5545],[33.75824,-2.5525],[33.76086,-2.55549],[33.76019,-2.5583],[33.76182,-2.55806],[33.76389,-2.55564],[33.76532,-2.55587],[33.76391,-2.56301],[33.76207,-2.56596],[33.76224,-2.56797],[33.76001,-2.57248],[33.75745,-2.58157],[33.75298,-2.58372],[33.74509,-2.58205],[33.74222,-2.59213],[33.74211,-2.59851],[33.7441,-2.60031],[33.74007,-2.60482],[33.73784,-2.61167],[33.73938,-2.6125],[33.74102,-2.61672],[33.74358,-2.61769],[33.74522,-2.61984],[33.747,-2.62448],[33.74958,-2.6233],[33.7524,-2.62599],[33.75878,-2.62795],[33.76173,-2.63027],[33.76597,-2.63154],[33.76859,-2.63394],[33.77921,-2.63791],[33.77524,-2.65088],[33.77096,-2.65346],[33.76488,-2.65359],[33.76149,-2.65695],[33.75905,-2.66298],[33.75549,-2.66752],[33.75237,-2.6809],[33.74261,-2.6868],[33.73679,-2.68905],[33.72625,-2.68707],[33.72561,-2.6885],[33.72193,-2.69015],[33.72132,-2.68944],[33.71535,-2.68928],[33.70669,-2.68589],[33.70462,-2.687],[33.70116,-2.6832],[33.70112,-2.68178],[33.69993,-2.6813],[33.70044,-2.68025],[33.69944,-2.68081],[33.6975,-2.67907],[33.69704,-2.67669],[33.69319,-2.67615],[33.69181,-2.67729],[33.69036,-2.67683],[33.69289,-2.66789],[33.69665,-2.66109],[33.70321,-2.64218],[33.70315,-2.63457],[33.70808,-2.61906],[33.70792,-2.61701],[33.7114,-2.60892],[33.7124,-2.59665],[33.71056,-2.59357],[33.7104,-2.58856],[33.71025,-2.58223],[33.71276,-2.57971],[33.7117,-2.57224],[33.70843,-2.56695],[33.70708,-2.56648],[33.70284,-2.55381],[33.69592,-2.54308],[33.69654,-2.54175],[33.69566,-2.53954],[33.70126,-2.53695],[33.70182,-2.5347],[33.70531,-2.53442],[33.70616,-2.53262]]]},"properties":{"region":"Simiyu","district":"Bariadi","ward":"Kilalo","ward_code":"041"}},{"type":"Feature","geometry":{"type":"Polygon","coordinates":[[[33.6927,-2.54235],[33.69592,-2.54308],[33.70284,-2.55381],[33.70708,-2.56648],[33.70843,-2.56695],[33.7117,-2.57224],[33.71276,-2.57971],[33.71025,-2.58223],[33.7104,-2.58856],[33.71056,-2.59357],[33.7124,-2.59665],[33.7114,-2.60892],[33.70792,-2.61701],[33.70808,-2.61906],[33.70315,-2.63457],[33.70321,-2.64218],[33.69665,-2.66109],[33.69289,-2.66789],[33.69036,-2.67683],[33.68896,-2.67731],[33.6874,-2.67573],[33.68708,-2.67356],[33.68615,-2.6745],[33.68521,-2.67318],[33.68198,-2.67193],[33.68051,-2.67365],[33.67979,-2.6734],[33.67689,-2.67053],[33.67273,-2.66937],[33.67014,-2.66735],[33.66308,-2.6597],[33.65793,-2.65725],[33.65441,-2.65149],[33.6546,-2.65035],[33.6534,-2.65025],[33.6537,-2.6495],[33.65276,-2.64969],[33.65154,-2.64773],[33.64964,-2.64753],[33.65025,-2.6464],[33.64822,-2.64496],[33.64678,-2.64458],[33.64536,-2.64597],[33.64415,-2.64417],[33.64029,-2.64579],[33.63724,-2.64359],[33.63484,-2.64451],[33.63165,-2.6439],[33.63163,-2.63814],[33.6396,-2.63432],[33.63911,-2.62535],[33.63992,-2.61695],[33.64095,-2.60981],[33.64321,-2.60459],[33.64214,-2.59947],[33.62913,-2.59046],[33.63977,-2.58949],[33.64569,-2.58562],[33.65601,-2.57503],[33.64891,-2.56729],[33.64204,-2.55194],[33.64294,-2.55372],[33.64643,-2.55551],[33.64899,-2.55349],[33.65083,-2.55737],[33.65256,-2.55533],[33.65299,-2.55837],[33.6539,-2.55877],[33.65654,-2.55628],[33.66115,-2.5575],[33.66543,-2.5565],[33.67277,-2.54937],[33.67784,-2.54766],[33.67948,-2.54525],[33.67928,-2.54415],[33.68193,-2.54379],[33.68303,-2.54261],[33.68617,-2.54473],[33.6927,-2.54235]]]},"properties":{"region":"Simiyu","district":"Bariadi","ward":"Kasoli","ward_code":"051"}},{"type":"Feature","geometry":{"type":"Polygon","coordinates":[[[33.83313,-2.5554],[33.8379,-2.55773],[33.84075,-2.55747],[33.84596,-2.56342],[33.8465,-2.56522],[33.84917,-2.56667],[33.84828,-2.57004],[33.84272,-2.57126],[33.83524,-2.57667],[33.82795,-2.57978],[33.8226,-2.58515],[33.82487,-2.59007],[33.825,-2.5952],[33.8239,-2.59875],[33.8147,-2.60434],[33.81374,-2.60818],[33.80573,-2.60405],[33.807,-2.61046],[33.80372,-2.61455],[33.7982,-2.61736],[33.79682,-2.62473],[33.79171,-2.63025],[33.78814,-2.62791],[33.78515,-2.62959],[33.78549,-2.63316],[33.78321,-2.63864],[33.7739,-2.63633],[33.76859,-2.63394],[33.76597,-2.63154],[33.76173,-2.63027],[33.75878,-2.62795],[33.7524,-2.62599],[33.74958,-2.6233],[33.747,-2.62448],[33.74522,-2.61984],[33.74358,-2.61769],[33.74102,-2.61672],[33.73938,-2.6125],[33.73784,-2.61167],[33.74007,-2.60482],[33.7441,-2.60031],[33.74211,-2.59851],[33.74222,-2.59213],[33.74509,-2.58205],[33.75298,-2.58372],[33.75745,-2.58157],[33.76509,-2.55864],[33.77005,-2.55843],[33.77055,-2.56132],[33.77264,-2.56003],[33.7736,-2.56068],[33.77297,-2.56213],[33.77622,-2.56513],[33.77832,-2.56583],[33.77672,-2.56892],[33.78199,-2.57009],[33.78758,-2.56383],[33.79067,-2.56554],[33.79237,-2.56337],[33.79679,-2.56291],[33.79781,-2.56511],[33.80009,-2.56355],[33.80274,-2.56357],[33.81045,-2.55771],[33.81348,-2.55652],[33.81496,-2.55879],[33.8175,-2.55776],[33.82072,-2.55914],[33.82854,-2.56],[33.83165,-2.55796],[33.83313,-2.5554]]]},"properties":{"region":"Simiyu","district":"Bariadi","ward":"Mwasubuya","ward_code":"061"}},{"type":"Feature","geometry":{"type":"Polygon","coordinates":[[[33.84889,-2.55719],[33.85033,-2.558],[33.85544,-2.55672],[33.85579,-2.55874],[33.86308,-2.56182],[33.86731,-2.57173],[33.87031,-2.5752],[33.86717,-2.57914],[33.86863,-2.5807],[33.86646,-2.5844],[33.8643,-2.59439],[33.86313,-2.59517],[33.86148,-2.59466],[33.8587,-2.60068],[33.86169,-2.60844],[33.86186,-2.61136],[33.86456,-2.61363],[33.86454,-2.61838],[33.8666,-2.61811],[33.8669,-2.62005],[33.86494,-2.6213],[33.8641,-2.62522],[33.8631,-2.62572],[33.86471,-2.62704],[33.86296,-2.63267],[33.85739,-2.63834],[33.85647,-2.64219],[33.85293,-2.64457],[33.8506,-2.6506],[33.84855,-2.65131],[33.84673,-2.64988],[33.84371,-2.65172],[33.84201,-2.65627],[33.83577,-2.66004],[33.83138,-2.66006],[33.82776,-2.65859],[33.82454,-2.66069],[33.82191,-2.65933],[33.81919,-2.66215],[33.81619,-2.66209],[33.81447,-2.65978],[33.80918,-2.6576],[33.80251,-2.65636],[33.80094,-2.65319],[33.79121,-2.65308],[33.78675,-2.65202],[33.77634,-2.64729],[33.77921,-2.63791],[33.78321,-2.63864],[33.78549,-2.63316],[33.78515,-2.62959],[33.78814,-2.62791],[33.79171,-2.63025],[33.79682,-2.62473],[33.7982,-2.61736],[33.80372,-2.61455],[33.807,-2.61046],[33.80573,-2.60405],[33.81374,-2.60818],[33.8147,-2.60434],[33.8239,-2.59875],[33.825,-2.5952],[33.82487,-2.59007],[33.8226,-2.58515],[33.82795,-2.57978],[33.83524,-2.57667],[33.84272,-2.57126],[33.84828,-2.57004],[33.84917,-2.56667],[33.8465,-2.56522],[33.84596,-2.56342],[33.84075,-2.55747],[33.84292,-2.55615],[33.84535,-2.55741],[33.84592,-2.5551],[33.84715,-2.55444],[33.8488,-2.55549],[33.84889,-2.55719]]]},"properties":{"region":"Simiyu","district":"Bariadi","ward":"Gambosi","ward_code":"071"}},{"type":"Feature","geometry":{"type":"Polygon","coordinates":[[[33.9391,-2.55737],[33.94,-2.55864],[33.94071,-2.55744],[33.94525,-2.56292],[33.95192,-2.5688],[33.95162,-2.57023],[33.95406,-2.57646],[33.95347,-2.58102],[33.95565,-2.58395],[33.98364,-2.59165],[33.98602,-2.60724],[33.97872,-2.61817],[33.96436,-2.62747],[33.9632,-2.63672],[33.95913,-2.63689],[33.94868,-2.64201],[33.94053,-2.63921],[33.93595,-2.63994],[33.93537,-2.63758],[33.92692,-2.63457],[33.90854,-2.63344],[33.90487,-2.63093],[33.89945,-2.6312],[33.89832,-2.6294],[33.89286,-2.62535],[33.89164,-2.62178],[33.88894,-2.61854],[33.88748,-2.61402],[33.88084,-2.60963],[33.87721,-2.6095],[33.87314,-2.60708],[33.87157,-2.60527],[33.87005,-2.60076],[33.8643,-2.59439],[33.86646,-2.5844],[33.86863,-2.5807],[33.86717,-2.57914],[33.87022,-2.57565],[33.86873,-2.57346],[33.87211,-2.57487],[33.87718,-2.57318],[33.87862,-2.57592],[33.88017,-2.57653],[33.88133,-2.5746],[33.88362,-2.57681],[33.88738,-2.57739],[33.89067,-2.57447],[33.89326,-2.57459],[33.89473,-2.57579],[33.89654,-2.57055],[33.89976,-2.56849],[33.9016,-2.56844],[33.90359,-2.56645],[33.90446,-2.56837],[33.90649,-2.5696],[33.90833,-2.56822],[33.91217,-2.56806],[33.91243,-2.5671],[33.91663,-2.56537],[33.92018,-2.56876],[33.92151,-2.56897],[33.9257,-2.56546],[33.92779,-2.56125],[33.93092,-2.55995],[33.93346,-2.56111],[33.93504,-2.55762],[33.9391,-2.55737]]]},"properties":{"region":"Simiyu","district":"Bariadi","ward":"Ikungulyabashashi","ward_code":"081"}},{"type":"Feature","geometry":{"type":"Polygon","coordinates":[[[33.97908,-2.46046],[33.98442,-2.46632],[33.98705,-2.46704],[33.98744,-2.46834],[33.98928,-2.46859],[33.99223,-2.47096],[33.99518,-2.47153],[33.99553,-2.47267],[33.9972,-2.47243],[34.00059,-2.47484],[33.99554,-2.4797],[33.99537,-2.48475],[33.9962,-2.48638],[33.99475,-2.48744],[34.0059,-2.50667],[34.01069,-2.51333],[34.01255,-2.51401],[34.02044,-2.52625],[34.02148,-2.52876],[34.02026,-2.52958],[34.02056,-2.53173],[34.01977,-2.53303],[34.02092,-2.53414],[34.0192,-2.53792],[34.0175,-2.53863],[34.01584,-2.53788],[34.01424,-2.53912],[34.00677,-2.54039],[33.9998,-2.54652],[33.99917,-2.545],[33.99785,-2.54614],[33.99802,-2.54781],[33.99454,-2.54675],[33.99349,-2.5482],[33.98605,-2.54938],[33.9873,-2.55335],[33.98529,-2.55486],[33.98056,-2.5529],[33.97953,-2.55412],[33.97,-2.54993],[33.96391,-2.54832],[33.96044,-2.55096],[33.9573,-2.55099],[33.95576,-2.55409],[33.95354,-2.55431],[33.95241,-2.55253],[33.95106,-2.5527],[33.95042,-2.55501],[33.94951,-2.55532],[33.94877,-2.55416],[33.94779,-2.55431],[33.94571,-2.55593],[33.94375,-2.55446],[33.94122,-2.55636],[33.94,-2.55864],[33.9391,-2.55737],[33.93504,-2.55762],[33.93346,-2.56111],[33.93092,-2.55995],[33.92779,-2.56125],[33.9257,-2.56546],[33.92151,-2.56897],[33.92018,-2.56876],[33.91663,-2.56537],[33.91243,-2.5671],[33.91217,-2.56806],[33.90833,-2.56822],[33.90649,-2.5696],[33.90446,-2.56837],[33.90359,-2.56645],[33.9016,-2.56844],[33.89866,-2.56917],[33.89954,-2.56795],[33.89992,-2.55515],[33.89765,-2.53379],[33.89915,-2.52092],[33.89814,-2.51594],[33.9046,-2.50595],[33.90561,-2.49892],[33.9114,-2.48801],[33.92037,-2.47864],[33.92498,-2.47083],[33.92598,-2.47343],[33.93639,-2.46823],[33.94097,-2.46891],[33.94699,-2.46708],[33.95347,-2.46643],[33.95346,-2.45237],[33.96306,-2.45286],[33.97908,-2.46046]]]},"properties":{"region":"Simiyu","district":"Bariadi","ward":"Dutwa","ward_code":"093"}},{"type":"Feature","geometry":{"type":"Polygon","coordinates":[[[34.02565,-2.20912],[34.03722,-2.21607],[34.04662,-2.215],[34.04889,-2.22036],[34.01475,-2.26818],[34.00866,-2.28241],[34.00932,-2.28487],[34.00676,-2.28658],[34.00623,-2.29078],[33.99981,-2.29992],[33.99436,-2.3052],[33.99354,-2.30762],[33.98817,-2.31094],[33.98856,-2.3151],[33.987,-2.31707],[33.97515,-2.3268],[33.97766,-2.33361],[33.97684,-2.33812],[33.9803,-2.34609],[33.98687,-2.36835],[34.00384,-2.36876],[33.99624,-2.37803],[33.98981,-2.38353],[33.98748,-2.38924],[33.97877,-2.3992],[33.98136,-2.41225],[33.98626,-2.4253],[33.9893,-2.4369],[33.98829,-2.44283],[33.99161,-2.44473],[33.99039,-2.4489],[33.99269,-2.45225],[33.99018,-2.46959],[33.98744,-2.46834],[33.98705,-2.46704],[33.98442,-2.46632],[33.97908,-2.46046],[33.97606,-2.45966],[33.97206,-2.4568],[33.96306,-2.45286],[33.95346,-2.45237],[33.95347,-2.46643],[33.94699,-2.46708],[33.94097,-2.46891],[33.93639,-2.46823],[33.92598,-2.47343],[33.92498,-2.47083],[33.9258,-2.46252],[33.92486,-2.45957],[33.9212,-2.45628],[33.92137,-2.44278],[33.92384,-2.43021],[33.9279,-2.42243],[33.9237,-2.41998],[33.91611,-2.4174],[33.90384,-2.40779],[33.89385,-2.40447],[33.89676,-2.39978],[33.9003,-2.388],[33.90678,-2.37949],[33.90976,-2.37014],[33.91155,-2.3692],[33.9137,-2.36284],[33.92017,-2.35579],[33.92335,-2.34855],[33.93468,-2.3394],[33.9451,-2.33518],[33.94771,-2.32956],[33.94907,-2.3233],[33.95279,-2.3206],[33.95984,-2.30594],[33.96306,-2.30555],[33.9682,-2.30026],[33.97199,-2.29857],[33.98318,-2.28651],[33.98469,-2.2829],[33.98274,-2.28127],[33.98395,-2.27404],[34.02565,-2.20912]]]},"properties":{"region":"Simiyu","district":"Bariadi","ward":"Sapiwi","ward_code":"103"}},{"type":"Feature","geometry":{"type":"Polygon","coordinates":[[[34.09287,-2.26338],[34.06761,-2.31139],[34.06585,-2.31079],[34.06601,-2.31593],[34.06786,-2.32009],[34.06699,-2.32114],[34.06724,-2.32361],[34.06005,-2.33586],[34.05833,-2.34071],[34.05747,-2.34992],[34.05578,-2.3522],[34.05464,-2.35289],[34.04821,-2.3508],[34.02785,-2.34848],[34.02539,-2.34945],[34.02368,-2.35188],[34.01029,-2.35743],[34.00709,-2.36183],[34.00475,-2.36298],[34.00384,-2.36876],[33.98687,-2.36835],[33.9803,-2.34609],[33.97684,-2.33812],[33.97766,-2.33361],[33.97515,-2.3268],[33.987,-2.31707],[33.98856,-2.3151],[33.98817,-2.31094],[33.99354,-2.30762],[33.99436,-2.3052],[33.99981,-2.29992],[34.00623,-2.29078],[34.00676,-2.28658],[34.00932,-2.28487],[34.00866,-2.28241],[34.01475,-2.26818],[34.04889,-2.22036],[34.05721,-2.22547],[34.06572,-2.23298],[34.06703,-2.23679],[34.07222,-2.23812],[34.07955,-2.24468],[34.08855,-2.26193],[34.09287,-2.26338]]]},"properties":{"region":"Simiyu","district":"Bariadi","ward":"Masewa","ward_code":"111"}},{"type":"Feature","geometry":{"type":"Polygon","coordinates":[[[34.17093,-2.2615],[34.20153,-2.29401],[34.2104,-2.29732],[34.21585,-2.30167],[34.17017,-2.3732],[34.17279,-2.37841],[34.1743,-2.37858],[34.17405,-2.38091],[34.16501,-2.38651],[34.15736,-2.3995],[34.14782,-2.39809],[34.14084,-2.39423],[34.13386,-2.40416],[34.13267,-2.40413],[34.12872,-2.41043],[34.12451,-2.41064],[34.12126,-2.41193],[34.12156,-2.41406],[34.10687,-2.41911],[34.10289,-2.41681],[34.09588,-2.41877],[34.08472,-2.41868],[34.07343,-2.42731],[34.06644,-2.41806],[34.05347,-2.43401],[34.04246,-2.42824],[34.03819,-2.41786],[34.03808,-2.42915],[34.0363,-2.43207],[34.03801,-2.4338],[34.03427,-2.4375],[34.02267,-2.43772],[34.02853,-2.44409],[34.0282,-2.44712],[34.02045,-2.45537],[34.01624,-2.45517],[34.0107,-2.45636],[34.00681,-2.46399],[33.99624,-2.46359],[33.9914,-2.45919],[33.99269,-2.45225],[33.99039,-2.4489],[33.99161,-2.44473],[33.98829,-2.44283],[33.9893,-2.4369],[33.98626,-2.4253],[33.98136,-2.41225],[33.97877,-2.3992],[33.98748,-2.38924],[33.98981,-2.38353],[33.99624,-2.37803],[34.00453,-2.36805],[34.00387,-2.3657],[34.00469,-2.36524],[34.00475,-2.36298],[34.00709,-2.36183],[34.01029,-2.35743],[34.02368,-2.35188],[34.02539,-2.34945],[34.02785,-2.34848],[34.04821,-2.3508],[34.05464,-2.35289],[34.05578,-2.3522],[34.05747,-2.34992],[34.05833,-2.34071],[34.06005,-2.33586],[34.06724,-2.32361],[34.06699,-2.32114],[34.06786,-2.32009],[34.06601,-2.31593],[34.06585,-2.31079],[34.06761,-2.31139],[34.09287,-2.26338],[34.09467,-2.26398],[34.10206,-2.26102],[34.10392,-2.26382],[34.10772,-2.26371],[34.10809,-2.26694],[34.11415,-2.27002],[34.12701,-2.27074],[34.13557,-2.26823],[34.1362,-2.26526],[34.13942,-2.26585],[34.14817,-2.25897],[34.16018,-2.25608],[34.17093,-2.2615]]]},"properties":{"region":"Simiyu","district":"Bariadi","ward":"Matongo","ward_code":"121"}},{"type":"Feature","geometry":{"type":"Polygon","coordinates":[[[34.2173,-2.30075],[34.23104,-2.30904],[34.23787,-2.30705],[34.24574,-2.30614],[34.25537,-2.31202],[34.26318,-2.31246],[34.26546,-2.30968],[34.26448,-2.30738],[34.26918,-2.30549],[34.27003,-2.30694],[34.27219,-2.30484],[34.27307,-2.30566],[34.27751,-2.3057],[34.27697,-2.30671],[34.28052,-2.31041],[34.28317,-2.30993],[34.28361,-2.30766],[34.28634,-2.30754],[34.28977,-2.31065],[34.29065,-2.30969],[34.29484,-2.31327],[34.29769,-2.31432],[34.29552,-2.32344],[34.29717,-2.32263],[34.29781,-2.32442],[34.30202,-2.32829],[34.30158,-2.33131],[34.3039,-2.3332],[34.30295,-2.33552],[34.30838,-2.34085],[34.30792,-2.34421],[34.31174,-2.34829],[34.31586,-2.35855],[34.31992,-2.36052],[34.32168,-2.35993],[34.32079,-2.36153],[34.32312,-2.3626],[34.32423,-2.36448],[34.32403,-2.36634],[34.32545,-2.36583],[34.32589,-2.36758],[34.33042,-2.36809],[34.32979,-2.36889],[34.33095,-2.36988],[34.33318,-2.36812],[34.33373,-2.37084],[34.33508,-2.37081],[34.24981,-2.42926],[34.24873,-2.42917],[34.2479,-2.43057],[34.24552,-2.42945],[34.24601,-2.42835],[34.24304,-2.42681],[34.2411,-2.42753],[34.24128,-2.42651],[34.23967,-2.42796],[34.23713,-2.42725],[34.23793,-2.42845],[34.23631,-2.42945],[34.23564,-2.42695],[34.23395,-2.42872],[34.23187,-2.42845],[34.23237,-2.42962],[34.23026,-2.43018],[34.22868,-2.42955],[34.22778,-2.43091],[34.2265,-2.43017],[34.22567,-2.43097],[34.22495,-2.42932],[34.22255,-2.42961],[34.22151,-2.43122],[34.22167,-2.43],[34.22033,-2.43005],[34.21923,-2.42844],[34.21737,-2.4283],[34.21597,-2.42971],[34.21415,-2.4291],[34.21405,-2.43],[34.21351,-2.4278],[34.21237,-2.42817],[34.21198,-2.42721],[34.21042,-2.42831],[34.21072,-2.42752],[34.20917,-2.42742],[34.21006,-2.42908],[34.20877,-2.42972],[34.2088,-2.42885],[34.20781,-2.42911],[34.20664,-2.4278],[34.20592,-2.42837],[34.2056,-2.42724],[34.20299,-2.42647],[34.20368,-2.42607],[34.20301,-2.42496],[34.20198,-2.4263],[34.20179,-2.42917],[34.19863,-2.4268],[34.19776,-2.42884],[34.1975,-2.42748],[34.19586,-2.42666],[34.19454,-2.42696],[34.19454,-2.42817],[34.19207,-2.42852],[34.19153,-2.42765],[34.19107,-2.42876],[34.19053,-2.42774],[34.19041,-2.42956],[34.18714,-2.43172],[34.18719,-2.43415],[34.18357,-2.43702],[34.18271,-2.44126],[34.18499,-2.44368],[34.18385,-2.44391],[34.18401,-2.44528],[34.18284,-2.44558],[34.18314,-2.44732],[34.18088,-2.44944],[34.18004,-2.44864],[34.1789,-2.44903],[34.1764,-2.45323],[34.17777,-2.45401],[34.17725,-2.45485],[34.17511,-2.45365],[34.172,-2.45648],[34.17219,-2.45849],[34.1696,-2.45651],[34.16689,-2.45905],[34.16783,-2.45899],[34.16771,-2.46025],[34.16535,-2.45954],[34.16543,-2.46104],[34.16344,-2.46215],[34.16124,-2.46173],[34.15884,-2.46242],[34.15845,-2.46357],[34.15572,-2.46352],[34.15473,-2.46255],[34.15421,-2.46402],[34.1526,-2.46353],[34.15216,-2.46455],[34.15202,-2.46387],[34.15069,-2.46791],[34.14827,-2.46836],[34.14913,-2.46865],[34.14891,-2.46961],[34.14441,-2.47064],[34.14487,-2.4729],[34.14345,-2.47231],[34.1438,-2.47362],[34.14263,-2.47333],[34.14239,-2.47478],[34.14106,-2.47554],[34.14157,-2.47798],[34.137,-2.48],[34.1374,-2.48343],[34.13638,-2.48274],[34.1357,-2.485],[34.13085,-2.48558],[34.1291,-2.48861],[34.12656,-2.48836],[34.12432,-2.48966],[34.12216,-2.49332],[34.12062,-2.4919],[34.11446,-2.49508],[34.11317,-2.49169],[34.11146,-2.4904],[34.11022,-2.49197],[34.10605,-2.49232],[34.1017,-2.49457],[34.10229,-2.49287],[34.10153,-2.49172],[34.0982,-2.49033],[34.09672,-2.48782],[34.09531,-2.48707],[34.09078,-2.48808],[34.08927,-2.48582],[34.08793,-2.48737],[34.08676,-2.48727],[34.08551,-2.4902],[34.08378,-2.48937],[34.08382,-2.49192],[34.08085,-2.49131],[34.07998,-2.49291],[34.07697,-2.49337],[34.07562,-2.49452],[34.07567,-2.49668],[34.0708,-2.49873],[34.07161,-2.50111],[34.07095,-2.5014],[34.06894,-2.49994],[34.06874,-2.5016],[34.06694,-2.50145],[34.0655,-2.50323],[34.06405,-2.5022],[34.06137,-2.50418],[34.0603,-2.50319],[34.05675,-2.50498],[34.05566,-2.50416],[34.05336,-2.50535],[34.05237,-2.50422],[34.05059,-2.50437],[34.04783,-2.50634],[34.04499,-2.50508],[34.04332,-2.50772],[34.04093,-2.50716],[34.03795,-2.5091],[34.03479,-2.50888],[34.03151,-2.51147],[34.02984,-2.51539],[34.02827,-2.51639],[34.02761,-2.52059],[34.02555,-2.52228],[34.02371,-2.52142],[34.02321,-2.52619],[34.02148,-2.52876],[34.01255,-2.51401],[34.01069,-2.51333],[34.0059,-2.50667],[33.99475,-2.48744],[33.9962,-2.48638],[33.99537,-2.48475],[33.99554,-2.4797],[34.00059,-2.47484],[33.9972,-2.47243],[33.99553,-2.47267],[33.99518,-2.47153],[33.99018,-2.46959],[33.9914,-2.45919],[33.99624,-2.46359],[34.00681,-2.46399],[34.0107,-2.45636],[34.01624,-2.45517],[34.02045,-2.45537],[34.0282,-2.44712],[34.02853,-2.44409],[34.02267,-2.43772],[34.03427,-2.4375],[34.03801,-2.4338],[34.0363,-2.43207],[34.03808,-2.42915],[34.03819,-2.41786],[34.04246,-2.42824],[34.05347,-2.43401],[34.06644,-2.41806],[34.07343,-2.42731],[34.08472,-2.41868],[34.09588,-2.41877],[34.10289,-2.41681],[34.10687,-2.41911],[34.12156,-2.41406],[34.12126,-2.41193],[34.12451,-2.41064],[34.12872,-2.41043],[34.13267,-2.40413],[34.13386,-2.40416],[34.14084,-2.39423],[34.14782,-2.39809],[34.15736,-2.3995],[34.16501,-2.38651],[34.17405,-2.38091],[34.1743,-2.37858],[34.17279,-2.37841],[34.17017,-2.3732],[34.21585,-2.30167],[34.2173,-2.30075]]]},"properties":{"region":"Simiyu","district":"Bariadi","ward":"Gilya","ward_code":"131"}},{"type":"Feature","geometry":{"type":"Polygon","coordinates":[[[34.14362,-2.48095],[34.14533,-2.48203],[34.14583,-2.48135],[34.14635,-2.48207],[34.14758,-2.48155],[34.14811,-2.48249],[34.14919,-2.48208],[34.14954,-2.4833],[34.15063,-2.48311],[34.15054,-2.48385],[34.15369,-2.4853],[34.15806,-2.4901],[34.16034,-2.4912],[34.16103,-2.49058],[34.16232,-2.49362],[34.16332,-2.49341],[34.16459,-2.49563],[34.16559,-2.49543],[34.16605,-2.49651],[34.16821,-2.49575],[34.17082,-2.50008],[34.17049,-2.50753],[34.17202,-2.51765],[34.17606,-2.52848],[34.17273,-2.53674],[34.16815,-2.54001],[34.1686,-2.546],[34.16215,-2.54579],[34.16062,-2.54483],[34.15609,-2.54607],[34.15176,-2.54371],[34.14809,-2.54381],[34.14637,-2.54879],[34.1454,-2.55017],[34.14389,-2.5504],[34.14419,-2.55119],[34.14108,-2.55523],[34.13235,-2.55307],[34.12977,-2.55008],[34.12724,-2.54924],[34.12272,-2.54997],[34.11538,-2.55371],[34.1135,-2.55401],[34.11232,-2.55309],[34.10934,-2.55452],[34.10435,-2.55417],[34.10068,-2.555],[34.09613,-2.55064],[34.09357,-2.55002],[34.08454,-2.54393],[34.07877,-2.54452],[34.07648,-2.54329],[34.07921,-2.52893],[34.07761,-2.51979],[34.08078,-2.51657],[34.08175,-2.51298],[34.0782,-2.50633],[34.07713,-2.50175],[34.07333,-2.49785],[34.07567,-2.49668],[34.07562,-2.49452],[34.07697,-2.49337],[34.07998,-2.49291],[34.08085,-2.49131],[34.08382,-2.49192],[34.08378,-2.48937],[34.08551,-2.4902],[34.08676,-2.48727],[34.08793,-2.48737],[34.08927,-2.48582],[34.09078,-2.48808],[34.09531,-2.48707],[34.09672,-2.48782],[34.0982,-2.49033],[34.10153,-2.49172],[34.10229,-2.49287],[34.1017,-2.49457],[34.10605,-2.49232],[34.11022,-2.49197],[34.11146,-2.4904],[34.11317,-2.49169],[34.11446,-2.49508],[34.11556,-2.49506],[34.12062,-2.4919],[34.12216,-2.49332],[34.12432,-2.48966],[34.12656,-2.48836],[34.1291,-2.48861],[34.13085,-2.48558],[34.1357,-2.485],[34.13638,-2.48274],[34.13893,-2.48328],[34.13936,-2.48218],[34.14362,-2.48095]]]},"properties":{"region":"Simiyu","district":"Bariadi","ward":"Mwaubingi","ward_code":"141"}},{"type":"Feature","geometry":{"type":"Polygon","coordinates":[[[34.20583,-2.4282],[34.20664,-2.4278],[34.20901,-2.42969],[34.21006,-2.42908],[34.20917,-2.42742],[34.21072,-2.42752],[34.21042,-2.42831],[34.21198,-2.42721],[34.21237,-2.42817],[34.21351,-2.4278],[34.21366,-2.42938],[34.21452,-2.43005],[34.21415,-2.4291],[34.21597,-2.42971],[34.21737,-2.4283],[34.21923,-2.42844],[34.22033,-2.43005],[34.22167,-2.43],[34.22151,-2.43122],[34.22255,-2.42961],[34.22495,-2.42932],[34.22567,-2.43097],[34.2265,-2.43017],[34.22778,-2.43091],[34.22859,-2.42972],[34.22981,-2.43991],[34.22698,-2.45422],[34.22,-2.46596],[34.21846,-2.46468],[34.21546,-2.46686],[34.20846,-2.46293],[34.20562,-2.46689],[34.19835,-2.4727],[34.19829,-2.48124],[34.19711,-2.48231],[34.19627,-2.4858],[34.19719,-2.48773],[34.19693,-2.49498],[34.19653,-2.4959],[34.19558,-2.49554],[34.19535,-2.49685],[34.19458,-2.4962],[34.19073,-2.49731],[34.18978,-2.49656],[34.18893,-2.49731],[34.1865,-2.49673],[34.18422,-2.49861],[34.1834,-2.49797],[34.17852,-2.49875],[34.1764,-2.49743],[34.17541,-2.49838],[34.17236,-2.49766],[34.16962,-2.49591],[34.16605,-2.49651],[34.16332,-2.49341],[34.16232,-2.49362],[34.16103,-2.49058],[34.16034,-2.4912],[34.15806,-2.4901],[34.15369,-2.4853],[34.15054,-2.48385],[34.15063,-2.48311],[34.14954,-2.4833],[34.14919,-2.48208],[34.14811,-2.48249],[34.14758,-2.48155],[34.14635,-2.48207],[34.14583,-2.48135],[34.14533,-2.48203],[34.14364,-2.48065],[34.13936,-2.48218],[34.13893,-2.48328],[34.13768,-2.48286],[34.137,-2.48],[34.14157,-2.47798],[34.14106,-2.47554],[34.14239,-2.47478],[34.14263,-2.47333],[34.1438,-2.47362],[34.14345,-2.47231],[34.14487,-2.4729],[34.14441,-2.47064],[34.14891,-2.46961],[34.14913,-2.46865],[34.14827,-2.46836],[34.15069,-2.46791],[34.15202,-2.46387],[34.15216,-2.46455],[34.1526,-2.46353],[34.15421,-2.46402],[34.15473,-2.46255],[34.15572,-2.46352],[34.15845,-2.46357],[34.15884,-2.46242],[34.16124,-2.46173],[34.16344,-2.46215],[34.16543,-2.46104],[34.16535,-2.45954],[34.16771,-2.46025],[34.16783,-2.45899],[34.16689,-2.45905],[34.1696,-2.45651],[34.17219,-2.45849],[34.172,-2.45648],[34.17511,-2.45365],[34.17725,-2.45485],[34.17777,-2.45401],[34.1764,-2.45323],[34.1789,-2.44903],[34.18004,-2.44864],[34.18088,-2.44944],[34.18314,-2.44732],[34.18284,-2.44558],[34.18401,-2.44528],[34.18385,-2.44391],[34.18499,-2.44368],[34.18271,-2.44126],[34.18345,-2.4403],[34.18313,-2.43808],[34.18473,-2.43549],[34.18719,-2.43415],[34.18793,-2.43069],[34.19041,-2.42956],[34.18997,-2.42819],[34.19454,-2.42817],[34.19454,-2.42696],[34.19546,-2.42662],[34.1975,-2.42748],[34.19776,-2.42884],[34.19863,-2.4268],[34.20179,-2.42917],[34.20198,-2.4263],[34.20301,-2.42496],[34.20368,-2.42607],[34.20299,-2.42647],[34.2056,-2.42724],[34.20583,-2.4282]]]},"properties":{"region":"Simiyu","district":"Bariadi","ward":"Gibishi","ward_code":"151"}},{"type":"Feature","geometry":{"type":"Polygon","coordinates":[[[34.33917,-2.37352],[34.34293,-2.37331],[34.3484,-2.3766],[34.34906,-2.37826],[34.34958,-2.37646],[34.35123,-2.37774],[34.35272,-2.37526],[34.35683,-2.37593],[34.35753,-2.37725],[34.35656,-2.37791],[34.35884,-2.37981],[34.35842,-2.38358],[34.36024,-2.38295],[34.36179,-2.38543],[34.35927,-2.3873],[34.36075,-2.39065],[34.36622,-2.39058],[34.36797,-2.38952],[34.36869,-2.39121],[34.36999,-2.38988],[34.37238,-2.39186],[34.37375,-2.38888],[34.37479,-2.38911],[34.37644,-2.3921],[34.37966,-2.39091],[34.38058,-2.39238],[34.3793,-2.39306],[34.37952,-2.39379],[34.38219,-2.39244],[34.38455,-2.39322],[34.38724,-2.39654],[34.3871,-2.39805],[34.3855,-2.39751],[34.38632,-2.39987],[34.39119,-2.39814],[34.39682,-2.40035],[34.39929,-2.3999],[34.40184,-2.40426],[34.40179,-2.40726],[34.41918,-2.43165],[34.4291,-2.43811],[34.43166,-2.43827],[34.43303,-2.44067],[34.43822,-2.44051],[34.44182,-2.44294],[34.28129,-2.52973],[34.28149,-2.53101],[34.27719,-2.53195],[34.27512,-2.53101],[34.27047,-2.53238],[34.26933,-2.5318],[34.26769,-2.53331],[34.26433,-2.53198],[34.26133,-2.53201],[34.25564,-2.52799],[34.25465,-2.52838],[34.25472,-2.52672],[34.25376,-2.52643],[34.25305,-2.52403],[34.24964,-2.522],[34.24757,-2.5187],[34.24636,-2.51885],[34.24463,-2.51746],[34.2444,-2.52878],[34.24359,-2.53138],[34.22463,-2.5484],[34.22216,-2.54789],[34.2198,-2.54883],[34.21527,-2.55275],[34.1986,-2.55449],[34.19059,-2.55972],[34.18079,-2.55417],[34.17625,-2.55256],[34.17413,-2.55311],[34.17429,-2.5521],[34.17312,-2.55129],[34.17355,-2.54889],[34.17162,-2.54577],[34.16991,-2.54718],[34.16997,-2.54627],[34.16836,-2.54552],[34.16815,-2.54001],[34.17273,-2.53674],[34.17606,-2.52848],[34.17202,-2.51765],[34.17049,-2.50753],[34.17082,-2.50008],[34.16821,-2.49575],[34.17236,-2.49766],[34.17541,-2.49838],[34.1764,-2.49743],[34.17852,-2.49875],[34.1834,-2.49797],[34.18422,-2.49861],[34.1865,-2.49673],[34.18893,-2.49731],[34.18978,-2.49656],[34.19073,-2.49731],[34.19458,-2.4962],[34.19535,-2.49685],[34.19558,-2.49554],[34.19674,-2.49572],[34.19719,-2.48773],[34.19627,-2.4858],[34.19711,-2.48231],[34.19829,-2.48124],[34.19835,-2.4727],[34.20562,-2.46689],[34.20846,-2.46293],[34.21546,-2.46686],[34.21846,-2.46468],[34.22,-2.46596],[34.22698,-2.45422],[34.22981,-2.43991],[34.22868,-2.42955],[34.23026,-2.43018],[34.23237,-2.42962],[34.23187,-2.42845],[34.23395,-2.42872],[34.23564,-2.42695],[34.23631,-2.42945],[34.23793,-2.42845],[34.23713,-2.42725],[34.23967,-2.42796],[34.24128,-2.42651],[34.2411,-2.42753],[34.24304,-2.42681],[34.24601,-2.42835],[34.24552,-2.42945],[34.2479,-2.43057],[34.24873,-2.42917],[34.24981,-2.42926],[34.33508,-2.37081],[34.3373,-2.37127],[34.33917,-2.37352]]]},"properties":{"region":"Simiyu","district":"Bariadi","ward":"Nkindwabiye","ward_code":"161"}},{"type":"Feature","geometry":{"type":"Polygon","coordinates":[[[34.44486,-2.44548],[34.44952,-2.44501],[34.45082,-2.44743],[34.45216,-2.44698],[34.45406,-2.44875],[34.4535,-2.45541],[34.4573,-2.45727],[34.45754,-2.45969],[34.45899,-2.45989],[34.46011,-2.46295],[34.46475,-2.46288],[34.46561,-2.46413],[34.46532,-2.46607],[34.46734,-2.46615],[34.46907,-2.47042],[34.47165,-2.47005],[34.47106,-2.47159],[34.47207,-2.47308],[34.47408,-2.47225],[34.47489,-2.47302],[34.47445,-2.47377],[34.47616,-2.47433],[34.47888,-2.47833],[34.4806,-2.4791],[34.48,-2.47985],[34.48954,-2.48772],[34.48897,-2.49209],[34.50498,-2.49067],[34.51685,-2.49248],[34.51976,-2.48867],[34.53498,-2.49224],[34.55221,-2.48877],[34.56588,-2.4933],[34.59918,-2.4907],[34.63966,-2.49261],[34.31075,-2.60774],[34.30365,-2.60843],[34.2989,-2.6064],[34.29368,-2.60606],[34.27906,-2.61364],[34.27601,-2.61396],[34.27262,-2.61275],[34.26505,-2.6131],[34.26296,-2.61722],[34.25923,-2.62108],[34.2523,-2.62185],[34.24819,-2.62472],[34.24606,-2.62503],[34.23999,-2.62295],[34.23563,-2.62444],[34.23401,-2.6269],[34.23152,-2.62793],[34.22261,-2.62746],[34.2129,-2.63153],[34.21184,-2.62921],[34.21056,-2.62932],[34.20847,-2.62751],[34.20084,-2.62871],[34.19776,-2.62683],[34.19444,-2.61917],[34.19292,-2.61038],[34.19146,-2.60754],[34.19172,-2.6047],[34.18727,-2.59673],[34.1871,-2.59369],[34.18374,-2.59021],[34.1837,-2.58662],[34.18477,-2.58402],[34.1831,-2.58299],[34.18225,-2.57981],[34.18322,-2.57906],[34.18269,-2.57727],[34.18357,-2.57657],[34.18489,-2.56856],[34.18206,-2.5652],[34.18176,-2.5633],[34.17954,-2.56145],[34.17928,-2.55909],[34.17836,-2.55888],[34.17911,-2.55819],[34.17873,-2.55631],[34.17487,-2.55412],[34.17522,-2.5525],[34.18079,-2.55417],[34.19059,-2.55972],[34.1986,-2.55449],[34.21527,-2.55275],[34.2198,-2.54883],[34.22216,-2.54789],[34.22463,-2.5484],[34.24359,-2.53138],[34.2444,-2.52878],[34.24463,-2.51746],[34.24636,-2.51885],[34.24757,-2.5187],[34.24964,-2.522],[34.25305,-2.52403],[34.25376,-2.52643],[34.25472,-2.52672],[34.25465,-2.52838],[34.25564,-2.52799],[34.26133,-2.53201],[34.26433,-2.53198],[34.26769,-2.53331],[34.26933,-2.5318],[34.27047,-2.53238],[34.27512,-2.53101],[34.27719,-2.53195],[34.28149,-2.53101],[34.28129,-2.52973],[34.44182,-2.44294],[34.44178,-2.44475],[34.44486,-2.44548]]]},"properties":{"region":"Simiyu","district":"Bariadi","ward":"Ihusi","ward_code":"171"}},{"type":"Feature","geometry":{"type":"Polygon","coordinates":[[[34.76345,-2.47592],[34.78057,-2.4909],[35.0121,-2.49027],[35.21814,-2.5001],[35.22417,-2.49945],[35.21063,-2.58417],[35.20808,-2.59496],[35.20726,-2.60682],[35.1947,-2.67426],[34.92969,-2.67582],[34.74709,-2.67342],[34.62473,-2.67563],[34.49864,-2.67466],[34.37357,-2.67213],[34.35779,-2.66899],[34.34546,-2.68311],[34.32654,-2.68995],[34.32329,-2.69202],[34.32081,-2.68945],[34.3137,-2.69022],[34.31104,-2.68817],[34.30108,-2.68578],[34.29553,-2.68958],[34.28938,-2.69155],[34.28305,-2.68999],[34.27861,-2.6911],[34.27191,-2.69375],[34.26586,-2.69736],[34.26423,-2.6994],[34.258,-2.69486],[34.24964,-2.69977],[34.24815,-2.70186],[34.24604,-2.70182],[34.24423,-2.70054],[34.24083,-2.70198],[34.23926,-2.70126],[34.23739,-2.70219],[34.23602,-2.7015],[34.23744,-2.69897],[34.23677,-2.69721],[34.23806,-2.6926],[34.24032,-2.69125],[34.24074,-2.68685],[34.23728,-2.687],[34.2325,-2.6845],[34.231,-2.68124],[34.22316,-2.67422],[34.21926,-2.66475],[34.21819,-2.65511],[34.21911,-2.65168],[34.21521,-2.64748],[34.21449,-2.64536],[34.21515,-2.64351],[34.21356,-2.64],[34.21412,-2.63807],[34.21232,-2.63593],[34.2129,-2.63153],[34.22261,-2.62746],[34.23152,-2.62793],[34.23401,-2.6269],[34.23563,-2.62444],[34.23999,-2.62295],[34.24606,-2.62503],[34.24819,-2.62472],[34.2523,-2.62185],[34.25923,-2.62108],[34.26296,-2.61722],[34.26505,-2.6131],[34.27262,-2.61275],[34.27601,-2.61396],[34.27906,-2.61364],[34.29368,-2.60606],[34.2989,-2.6064],[34.30365,-2.60843],[34.31075,-2.60774],[34.63966,-2.49261],[34.66534,-2.49381],[34.76345,-2.47592]]]},"properties":{"region":"Simiyu","district":"Bariadi","ward":"Mwaumatondo","ward_code":"181"}},{"type":"Feature","geometry":{"type":"Polygon","coordinates":[[[34.18727,-2.59673],[34.19172,-2.6047],[34.19146,-2.60754],[34.19292,-2.61038],[34.19531,-2.62227],[34.19776,-2.62683],[34.20084,-2.62871],[34.20847,-2.62751],[34.21056,-2.62932],[34.21184,-2.62921],[34.2129,-2.63153],[34.21232,-2.63593],[34.21412,-2.63807],[34.21356,-2.64],[34.21515,-2.64351],[34.21449,-2.64536],[34.21617,-2.64909],[34.2183,-2.65001],[34.21911,-2.65168],[34.21819,-2.65511],[34.21926,-2.66475],[34.22316,-2.67422],[34.231,-2.68124],[34.2325,-2.6845],[34.23728,-2.687],[34.24074,-2.68685],[34.24032,-2.69125],[34.23757,-2.69389],[34.2368,-2.70049],[34.23235,-2.7063],[34.23186,-2.70571],[34.22828,-2.70766],[34.22707,-2.71029],[34.22796,-2.71104],[34.22468,-2.71118],[34.2229,-2.70953],[34.22119,-2.70934],[34.2199,-2.71144],[34.21828,-2.71117],[34.21644,-2.71297],[34.2154,-2.7125],[34.21519,-2.71416],[34.20976,-2.71274],[34.20743,-2.71409],[34.20611,-2.71358],[34.2043,-2.71461],[34.20406,-2.71385],[34.2037,-2.71494],[34.20175,-2.71544],[34.20108,-2.71315],[34.20009,-2.71322],[34.19893,-2.71149],[34.19512,-2.71096],[34.19465,-2.70981],[34.1933,-2.71014],[34.19317,-2.70912],[34.1911,-2.70938],[34.19054,-2.70765],[34.18955,-2.70796],[34.18898,-2.70709],[34.1891,-2.70566],[34.18557,-2.70673],[34.18606,-2.70524],[34.18464,-2.70385],[34.18664,-2.70308],[34.1841,-2.70238],[34.17178,-2.70421],[34.1696,-2.70379],[34.15662,-2.70733],[34.14816,-2.70781],[34.14596,-2.7125],[34.14202,-2.71678],[34.13854,-2.7226],[34.13484,-2.72036],[34.13051,-2.72019],[34.12865,-2.71913],[34.12682,-2.71605],[34.12284,-2.71458],[34.1212,-2.7093],[34.12116,-2.70116],[34.11535,-2.69431],[34.11662,-2.6931],[34.11494,-2.68932],[34.11712,-2.68415],[34.11643,-2.68208],[34.11749,-2.67831],[34.11576,-2.67647],[34.11686,-2.66963],[34.11482,-2.66472],[34.11757,-2.65907],[34.11722,-2.64816],[34.11571,-2.64752],[34.11385,-2.64205],[34.11483,-2.64063],[34.11289,-2.63676],[34.1138,-2.63554],[34.11257,-2.63453],[34.11329,-2.63274],[34.11126,-2.63016],[34.11095,-2.62791],[34.10827,-2.62523],[34.10747,-2.61832],[34.10615,-2.6161],[34.10708,-2.61177],[34.10856,-2.61362],[34.11138,-2.61385],[34.11312,-2.61582],[34.1133,-2.61759],[34.11835,-2.6198],[34.12259,-2.62024],[34.126,-2.61892],[34.13115,-2.61897],[34.14268,-2.61117],[34.14424,-2.60877],[34.14463,-2.60143],[34.15598,-2.60282],[34.16946,-2.59673],[34.18034,-2.59614],[34.18689,-2.59425],[34.18727,-2.59673]]]},"properties":{"region":"Simiyu","district":"Bariadi","ward":"Nkololo","ward_code":"193"}},{"type":"Feature","geometry":{"type":"Polygon","coordinates":[[[34.07333,-2.49785],[34.07713,-2.50175],[34.0782,-2.50633],[34.08175,-2.51298],[34.08078,-2.51657],[34.07761,-2.51979],[34.07921,-2.52893],[34.07648,-2.54329],[34.07877,-2.54452],[34.06833,-2.54564],[34.06672,-2.55165],[34.06834,-2.55505],[34.06827,-2.55823],[34.06407,-2.56009],[34.06326,-2.57156],[34.05827,-2.57165],[34.05265,-2.57492],[34.05733,-2.57965],[34.05584,-2.58326],[34.05662,-2.58795],[34.05506,-2.59113],[34.05637,-2.59419],[34.06148,-2.59659],[34.06561,-2.60409],[34.06152,-2.61096],[34.09252,-2.62242],[34.09862,-2.62558],[34.1028,-2.62996],[34.10835,-2.62918],[34.10849,-2.6338],[34.10557,-2.6384],[34.10137,-2.6397],[34.09792,-2.64243],[34.09786,-2.64426],[34.09513,-2.64792],[34.09129,-2.65023],[34.08842,-2.66097],[34.08626,-2.66282],[34.08424,-2.66649],[34.07754,-2.6709],[34.07108,-2.67291],[34.06859,-2.67819],[34.06337,-2.674],[34.06241,-2.66982],[34.05612,-2.66357],[34.0536,-2.6599],[34.05236,-2.65147],[34.04591,-2.64806],[34.04495,-2.64391],[34.04034,-2.64596],[34.03494,-2.65013],[34.03274,-2.64556],[34.0327,-2.63913],[34.02657,-2.63107],[34.02547,-2.62454],[34.02169,-2.61667],[34.01623,-2.61117],[34.00927,-2.59944],[34.01307,-2.59255],[34.01829,-2.5868],[34.02491,-2.58216],[34.02477,-2.57869],[34.02268,-2.57335],[34.02374,-2.57117],[34.02333,-2.56949],[34.0147,-2.56317],[34.00914,-2.55741],[34.00738,-2.55009],[34.00845,-2.54797],[34.00342,-2.54344],[34.00677,-2.54039],[34.01424,-2.53912],[34.01584,-2.53788],[34.0175,-2.53863],[34.0192,-2.53792],[34.02092,-2.53414],[34.01977,-2.53303],[34.02056,-2.53173],[34.02026,-2.52958],[34.02244,-2.5281],[34.02371,-2.52142],[34.02555,-2.52228],[34.02761,-2.52059],[34.02827,-2.51639],[34.02984,-2.51539],[34.03151,-2.51147],[34.03342,-2.50976],[34.03424,-2.51006],[34.03479,-2.50888],[34.03795,-2.5091],[34.04093,-2.50716],[34.04332,-2.50772],[34.04499,-2.50508],[34.04783,-2.50634],[34.05059,-2.50437],[34.05237,-2.50422],[34.05336,-2.50535],[34.05566,-2.50416],[34.05675,-2.50498],[34.0603,-2.50319],[34.06137,-2.50418],[34.06405,-2.5022],[34.0655,-2.50323],[34.06694,-2.50145],[34.06874,-2.5016],[34.06894,-2.49994],[34.07018,-2.50148],[34.07161,-2.50111],[34.0708,-2.49873],[34.07333,-2.49785]]]},"properties":{"region":"Simiyu","district":"Bariadi","ward":"Banemhi","ward_code":"201"}},{"type":"Feature","geometry":{"type":"Polygon","coordinates":[[[34.15176,-2.54371],[34.15609,-2.54607],[34.16062,-2.54483],[34.16215,-2.54579],[34.16969,-2.54608],[34.16991,-2.54718],[34.17147,-2.54574],[34.17241,-2.54683],[34.17413,-2.55311],[34.17873,-2.55631],[34.17911,-2.55819],[34.17836,-2.55888],[34.17928,-2.55909],[34.17954,-2.56145],[34.18176,-2.5633],[34.18206,-2.5652],[34.18489,-2.56856],[34.18233,-2.58095],[34.1831,-2.58299],[34.18477,-2.58402],[34.1837,-2.58662],[34.18374,-2.59021],[34.1872,-2.59403],[34.18034,-2.59614],[34.16946,-2.59673],[34.15598,-2.60282],[34.14463,-2.60143],[34.14424,-2.60877],[34.14268,-2.61117],[34.13115,-2.61897],[34.126,-2.61892],[34.12259,-2.62024],[34.11835,-2.6198],[34.1133,-2.61759],[34.11312,-2.61582],[34.11138,-2.61385],[34.10856,-2.61362],[34.10708,-2.61177],[34.10615,-2.6161],[34.10818,-2.62156],[34.10835,-2.62918],[34.1028,-2.62996],[34.09862,-2.62558],[34.09252,-2.62242],[34.06152,-2.61096],[34.06561,-2.60409],[34.06148,-2.59659],[34.05637,-2.59419],[34.05506,-2.59113],[34.05662,-2.58795],[34.05584,-2.58326],[34.05733,-2.57965],[34.05265,-2.57492],[34.05827,-2.57165],[34.06326,-2.57156],[34.06407,-2.56009],[34.06827,-2.55823],[34.06834,-2.55505],[34.06672,-2.55165],[34.06833,-2.54564],[34.08454,-2.54393],[34.09357,-2.55002],[34.09613,-2.55064],[34.10068,-2.555],[34.10435,-2.55417],[34.10934,-2.55452],[34.11232,-2.55309],[34.1135,-2.55401],[34.11538,-2.55371],[34.12272,-2.54997],[34.12724,-2.54924],[34.12977,-2.55008],[34.13235,-2.55307],[34.14022,-2.55534],[34.14183,-2.55506],[34.14389,-2.5504],[34.1454,-2.55017],[34.14637,-2.54879],[34.14809,-2.54381],[34.15176,-2.54371]]]},"properties":{"region":"Simiyu","district":"Bariadi","ward":"Mwadobana","ward_code":"211"}},{"type":"Feature","geometry":{"type":"Polygon","coordinates":[[[33.8651,-2.67732],[33.87243,-2.67542],[33.87799,-2.67521],[33.88499,-2.67265],[33.88745,-2.67632],[33.89359,-2.68089],[33.89789,-2.68176],[33.89849,-2.69476],[33.90338,-2.69634],[33.90467,-2.70124],[33.90877,-2.70666],[33.91144,-2.70643],[33.91369,-2.7095],[33.91826,-2.71001],[33.92041,-2.71443],[33.92743,-2.71614],[33.9269,-2.71752],[33.9278,-2.72202],[33.92694,-2.72373],[33.92878,-2.7311],[33.92741,-2.73301],[33.92759,-2.73507],[33.93181,-2.73954],[33.93436,-2.74412],[33.93891,-2.74692],[33.93159,-2.75296],[33.92255,-2.75517],[33.91914,-2.75763],[33.90337,-2.75415],[33.90113,-2.75561],[33.89818,-2.75277],[33.88558,-2.75585],[33.87777,-2.74686],[33.87904,-2.74274],[33.87815,-2.73734],[33.8803,-2.7321],[33.87581,-2.73555],[33.8719,-2.73501],[33.8673,-2.73271],[33.86409,-2.72939],[33.85644,-2.72807],[33.84869,-2.72863],[33.84343,-2.73242],[33.83736,-2.72894],[33.83949,-2.7272],[33.84025,-2.72356],[33.83888,-2.71558],[33.83931,-2.71248],[33.83788,-2.7088],[33.84068,-2.70334],[33.84071,-2.69887],[33.83422,-2.6822],[33.83461,-2.67711],[33.83352,-2.66851],[33.83169,-2.66411],[33.83372,-2.6637],[33.83571,-2.665],[33.85232,-2.66824],[33.85887,-2.67432],[33.8651,-2.67732]]]},"properties":{"region":"Simiyu","district":"Bariadi","ward":"Mhango","ward_code":"052"}},{"type":"Feature","geometry":{"type":"Polygon","coordinates":[[[33.86509,-2.59504],[33.87005,-2.60076],[33.87157,-2.60527],[33.87314,-2.60708],[33.87721,-2.6095],[33.88084,-2.60963],[33.88748,-2.61402],[33.88894,-2.61854],[33.89164,-2.62178],[33.89286,-2.62535],[33.89832,-2.6294],[33.89945,-2.6312],[33.90487,-2.63093],[33.90854,-2.63344],[33.92692,-2.63457],[33.93537,-2.63758],[33.93595,-2.63994],[33.94053,-2.63921],[33.94868,-2.64201],[33.95913,-2.63689],[33.9632,-2.63672],[33.96255,-2.64221],[33.95936,-2.64556],[33.9567,-2.65477],[33.96584,-2.66332],[33.96361,-2.67287],[33.96115,-2.67634],[33.96,-2.68438],[33.96464,-2.69062],[33.96848,-2.69267],[33.96844,-2.69939],[33.96569,-2.7052],[33.96531,-2.71181],[33.96333,-2.71242],[33.95899,-2.7106],[33.95539,-2.71132],[33.94834,-2.70953],[33.94598,-2.711],[33.94098,-2.7113],[33.93708,-2.71474],[33.92908,-2.70996],[33.92243,-2.71333],[33.92046,-2.71319],[33.91826,-2.71001],[33.91369,-2.7095],[33.91144,-2.70643],[33.90877,-2.70666],[33.90467,-2.70124],[33.90338,-2.69634],[33.89849,-2.69476],[33.89789,-2.68176],[33.89359,-2.68089],[33.88745,-2.67632],[33.88499,-2.67265],[33.87799,-2.67521],[33.87243,-2.67542],[33.8651,-2.67732],[33.85887,-2.67432],[33.85232,-2.66824],[33.83571,-2.665],[33.83372,-2.6637],[33.83169,-2.66411],[33.83006,-2.66264],[33.82776,-2.65859],[33.83138,-2.66006],[33.83577,-2.66004],[33.84201,-2.65627],[33.84371,-2.65172],[33.84673,-2.64988],[33.84855,-2.65131],[33.8506,-2.6506],[33.85293,-2.64457],[33.85647,-2.64219],[33.85739,-2.63834],[33.86296,-2.63267],[33.86471,-2.62704],[33.8631,-2.62572],[33.8641,-2.62522],[33.86494,-2.6213],[33.8669,-2.62005],[33.8666,-2.61811],[33.86454,-2.61838],[33.86456,-2.61363],[33.86186,-2.61136],[33.86169,-2.60844],[33.8587,-2.60068],[33.86148,-2.59466],[33.86509,-2.59504]]]},"properties":{"region":"Simiyu","district":"Bariadi","ward":"Guduwi","ward_code":"062"}},{"type":"Feature","geometry":{"type":"Polygon","coordinates":[[[34.00342,-2.54344],[34.00845,-2.54797],[34.00738,-2.55009],[34.00914,-2.55741],[34.0147,-2.56317],[34.02333,-2.56949],[34.02374,-2.57117],[34.02268,-2.57335],[34.02477,-2.57869],[34.02491,-2.58216],[34.01829,-2.5868],[34.01307,-2.59255],[34.00927,-2.59944],[34.01623,-2.61117],[34.02169,-2.61667],[34.02547,-2.62454],[34.02657,-2.63107],[34.0327,-2.63913],[34.03274,-2.64556],[34.03494,-2.65013],[34.04034,-2.64596],[34.04495,-2.64391],[34.04591,-2.64806],[34.05236,-2.65147],[34.0536,-2.6599],[34.05511,-2.662],[34.05153,-2.66257],[34.02937,-2.67233],[34.03288,-2.68156],[34.03334,-2.69307],[34.03011,-2.6967],[34.02553,-2.69801],[34.025,-2.70211],[34.02334,-2.70539],[34.01528,-2.71088],[34.01613,-2.71391],[34.01321,-2.71458],[34.00952,-2.71839],[34.0073,-2.7172],[33.99808,-2.72374],[33.99731,-2.71519],[33.98331,-2.71984],[33.97922,-2.71967],[33.9716,-2.71398],[33.97158,-2.71212],[33.96949,-2.71054],[33.96531,-2.71181],[33.96569,-2.7052],[33.96844,-2.69939],[33.96848,-2.69267],[33.96464,-2.69062],[33.96,-2.68438],[33.96115,-2.67634],[33.96361,-2.67287],[33.96584,-2.66332],[33.9567,-2.65477],[33.95936,-2.64556],[33.96255,-2.64221],[33.9635,-2.63915],[33.96436,-2.62747],[33.97872,-2.61817],[33.98602,-2.60724],[33.98364,-2.59165],[33.95565,-2.58395],[33.95347,-2.58102],[33.95406,-2.57646],[33.95162,-2.57023],[33.95192,-2.5688],[33.94525,-2.56292],[33.94071,-2.55744],[33.94375,-2.55446],[33.94571,-2.55593],[33.94779,-2.55431],[33.95042,-2.55501],[33.95106,-2.5527],[33.95241,-2.55253],[33.95354,-2.55431],[33.95576,-2.55409],[33.9573,-2.55099],[33.96044,-2.55096],[33.96391,-2.54832],[33.97,-2.54993],[33.97953,-2.55412],[33.98056,-2.5529],[33.98529,-2.55486],[33.9873,-2.55335],[33.98605,-2.54938],[33.99349,-2.5482],[33.99454,-2.54675],[33.99802,-2.54781],[33.99785,-2.54614],[33.99917,-2.545],[33.9998,-2.54652],[34.00342,-2.54344]]]},"properties":{"region":"Simiyu","district":"Bariadi","ward":"Nyakabindi","ward_code":"072"}},{"type":"Feature","geometry":{"type":"Polygon","coordinates":[[[33.97746,-2.78261],[33.98044,-2.78577],[33.98394,-2.78548],[33.99245,-2.79289],[33.98037,-2.81475],[33.97731,-2.82255],[33.96147,-2.82555],[33.9531,-2.82282],[33.94734,-2.81841],[33.94197,-2.81073],[33.94352,-2.80636],[33.94434,-2.79955],[33.94903,-2.78715],[33.94969,-2.78202],[33.95834,-2.77652],[33.96134,-2.77147],[33.96123,-2.76667],[33.96392,-2.76848],[33.96542,-2.77075],[33.96529,-2.77273],[33.97074,-2.77473],[33.97335,-2.77786],[33.97644,-2.77951],[33.97746,-2.78261]]]},"properties":{"region":"Simiyu","district":"Bariadi","ward":"Bariadi","ward_code":"012"}},{"type":"Feature","geometry":{"type":"Polygon","coordinates":[[[33.9921,-2.80622],[33.9924,-2.80557],[34.0017,-2.8097],[34.00129,-2.81295],[33.9976,-2.81778],[33.99482,-2.81789],[33.99668,-2.82461],[33.99072,-2.82742],[33.98408,-2.82647],[33.97816,-2.8208],[33.98037,-2.81475],[33.98748,-2.8014],[33.98975,-2.8025],[33.98872,-2.80468],[33.9921,-2.80622]]]},"properties":{"region":"Simiyu","district":"Bariadi","ward":"Sima","ward_code":"022"}},{"type":"Feature","geometry":{"type":"Polygon","coordinates":[[[34.03571,-2.78781],[34.03444,-2.79548],[34.03513,-2.7954],[34.03547,-2.79775],[34.03333,-2.80306],[34.02778,-2.80941],[34.02687,-2.81256],[34.02467,-2.81373],[34.02454,-2.81587],[34.02209,-2.81728],[34.02049,-2.81673],[34.02031,-2.81535],[34.01941,-2.81575],[34.01771,-2.81417],[34.01547,-2.81071],[34.01293,-2.80879],[34.01047,-2.80848],[34.01263,-2.81379],[34.01223,-2.81742],[34.01012,-2.82145],[34.00948,-2.82437],[34.01012,-2.82646],[34.00918,-2.82844],[33.99709,-2.82641],[33.99482,-2.81789],[33.9976,-2.81778],[34.00129,-2.81295],[34.0017,-2.8097],[33.98872,-2.80468],[33.98975,-2.8025],[33.98748,-2.8014],[33.99245,-2.79289],[33.99333,-2.79338],[33.99575,-2.79136],[34.00047,-2.79225],[34.00548,-2.78656],[34.00904,-2.78615],[34.01066,-2.78493],[34.01604,-2.78854],[34.01901,-2.7889],[34.02414,-2.78691],[34.02525,-2.78781],[34.03438,-2.78373],[34.03571,-2.78781]]]},"properties":{"region":"Simiyu","district":"Bariadi","ward":"Malambo","ward_code":"032"}},{"type":"Feature","geometry":{"type":"Polygon","coordinates":[[[33.95039,-2.70954],[33.95539,-2.71132],[33.95899,-2.7106],[33.96333,-2.71242],[33.96949,-2.71054],[33.97158,-2.71212],[33.9716,-2.71398],[33.97922,-2.71967],[33.98331,-2.71984],[33.99731,-2.71519],[33.9985,-2.72866],[34.00298,-2.72974],[34.01449,-2.72712],[34.01758,-2.72769],[34.01828,-2.72651],[34.02494,-2.72802],[34.02556,-2.7269],[34.02772,-2.72695],[34.02958,-2.7245],[34.03536,-2.72328],[34.03847,-2.72402],[34.04155,-2.72713],[34.04407,-2.72822],[34.04985,-2.72886],[34.0493,-2.73981],[34.04841,-2.74188],[34.05352,-2.75186],[34.05234,-2.75538],[34.05617,-2.76054],[34.06405,-2.76383],[34.06216,-2.77014],[34.05909,-2.77405],[34.06023,-2.78131],[34.05749,-2.78666],[34.05441,-2.78868],[34.05299,-2.78585],[34.05118,-2.78542],[34.0477,-2.78155],[34.04713,-2.78298],[34.04456,-2.78294],[34.04182,-2.78438],[34.03903,-2.78332],[34.03438,-2.78373],[34.02525,-2.78781],[34.02414,-2.78691],[34.01901,-2.7889],[34.01604,-2.78854],[34.01066,-2.78493],[34.00904,-2.78615],[34.00548,-2.78656],[34.00047,-2.79225],[33.99575,-2.79136],[33.99333,-2.79338],[33.98394,-2.78548],[33.98044,-2.78577],[33.97746,-2.78261],[33.97644,-2.77951],[33.97335,-2.77786],[33.97074,-2.77473],[33.96529,-2.77273],[33.96542,-2.77075],[33.96392,-2.76848],[33.95781,-2.76424],[33.95605,-2.76403],[33.95213,-2.75967],[33.94981,-2.75938],[33.94381,-2.75102],[33.93436,-2.74412],[33.93181,-2.73954],[33.92759,-2.73507],[33.92741,-2.73301],[33.92878,-2.7311],[33.92694,-2.72373],[33.9278,-2.72202],[33.9269,-2.71752],[33.92743,-2.71614],[33.92112,-2.71472],[33.92031,-2.71326],[33.92243,-2.71333],[33.92908,-2.70996],[33.93708,-2.71474],[33.94098,-2.7113],[33.94432,-2.71133],[33.95039,-2.70954]]]},"properties":{"region":"Simiyu","district":"Bariadi","ward":"Somanda","ward_code":"042"}},{"type":"Feature","geometry":{"type":"Polygon","coordinates":[[[34.10886,-2.6265],[34.11095,-2.62791],[34.11126,-2.63016],[34.11329,-2.63274],[34.11257,-2.63453],[34.1138,-2.63554],[34.11289,-2.63676],[34.11483,-2.64063],[34.11385,-2.64205],[34.11571,-2.64752],[34.11722,-2.64816],[34.11757,-2.65907],[34.11482,-2.66472],[34.11686,-2.66963],[34.11576,-2.67647],[34.11749,-2.67831],[34.11643,-2.68208],[34.11712,-2.68415],[34.11494,-2.68932],[34.11662,-2.6931],[34.11535,-2.69431],[34.12116,-2.70116],[34.1212,-2.7093],[34.12284,-2.71458],[34.12682,-2.71605],[34.12865,-2.71913],[34.13051,-2.72019],[34.13484,-2.72036],[34.13854,-2.7226],[34.13616,-2.72474],[34.13501,-2.73767],[34.12207,-2.74465],[34.11234,-2.74681],[34.11028,-2.74814],[34.10702,-2.75481],[34.10325,-2.75589],[34.09677,-2.76203],[34.0965,-2.76932],[34.09294,-2.77654],[34.08668,-2.77841],[34.08172,-2.77804],[34.08663,-2.7823],[34.08675,-2.78355],[34.08853,-2.78403],[34.08855,-2.78496],[34.09195,-2.78576],[34.0918,-2.79221],[34.09857,-2.80611],[34.10069,-2.80865],[34.09999,-2.81673],[34.09701,-2.82839],[34.07782,-2.82769],[34.07094,-2.82357],[34.06288,-2.82493],[34.05423,-2.82446],[34.0488,-2.82029],[34.04498,-2.82056],[34.03669,-2.81837],[34.03321,-2.8162],[34.03289,-2.81143],[34.03435,-2.80012],[34.03547,-2.79775],[34.03513,-2.7954],[34.03444,-2.79548],[34.03571,-2.78781],[34.03438,-2.78373],[34.03903,-2.78332],[34.04182,-2.78438],[34.04456,-2.78294],[34.04713,-2.78298],[34.0477,-2.78155],[34.05118,-2.78542],[34.05299,-2.78585],[34.05441,-2.78868],[34.05622,-2.78819],[34.06023,-2.78131],[34.05909,-2.77405],[34.06216,-2.77014],[34.06405,-2.76383],[34.05617,-2.76054],[34.05234,-2.75538],[34.05352,-2.75186],[34.04841,-2.74188],[34.0493,-2.73981],[34.04985,-2.72886],[34.04407,-2.72822],[34.04155,-2.72713],[34.03847,-2.72402],[34.03536,-2.72328],[34.02958,-2.7245],[34.02772,-2.72695],[34.02556,-2.7269],[34.02494,-2.72802],[34.01828,-2.72651],[34.01758,-2.72769],[34.01449,-2.72712],[34.00298,-2.72974],[33.9985,-2.72866],[33.99808,-2.72374],[34.0073,-2.7172],[34.00952,-2.71839],[34.01321,-2.71458],[34.01613,-2.71391],[34.01528,-2.71088],[34.02334,-2.70539],[34.025,-2.70211],[34.02553,-2.69801],[34.03011,-2.6967],[34.03334,-2.69307],[34.03288,-2.68156],[34.02937,-2.67233],[34.05153,-2.66257],[34.05511,-2.662],[34.06241,-2.66982],[34.06337,-2.674],[34.06859,-2.67819],[34.07108,-2.67291],[34.07754,-2.6709],[34.08424,-2.66649],[34.08626,-2.66282],[34.08842,-2.66097],[34.09129,-2.65023],[34.09513,-2.64792],[34.09786,-2.64426],[34.09792,-2.64243],[34.10137,-2.6397],[34.10557,-2.6384],[34.10849,-2.6338],[34.10886,-2.6265]]]},"properties":{"region":"Simiyu","district":"Bariadi","ward":"Nyangokolwa","ward_code":"082"}},{"type":"Feature","geometry":{"type":"Polygon","coordinates":[[[34.03321,-2.8162],[34.03994,-2.81935],[34.04498,-2.82056],[34.0488,-2.82029],[34.05423,-2.82446],[34.06288,-2.82493],[34.07094,-2.82357],[34.07782,-2.82769],[34.09701,-2.82839],[34.09587,-2.83916],[34.09085,-2.84185],[34.09125,-2.85704],[34.08508,-2.85661],[34.08267,-2.85582],[34.07823,-2.85223],[34.07789,-2.85322],[34.07886,-2.85426],[34.07818,-2.85551],[34.07926,-2.85806],[34.07887,-2.86375],[34.07419,-2.87012],[34.07373,-2.88051],[34.07154,-2.89403],[34.0717,-2.90366],[34.07466,-2.91179],[34.07896,-2.91291],[34.08679,-2.91262],[34.08923,-2.91655],[34.09314,-2.91548],[34.10722,-2.93187],[34.10738,-2.94142],[34.11608,-2.95871],[34.12139,-2.96557],[34.12333,-2.97153],[34.11872,-2.99689],[34.10822,-3.00475],[34.09418,-2.99597],[34.0915,-2.98799],[34.08898,-2.98509],[34.08158,-2.98038],[34.07725,-2.98113],[34.07563,-2.97887],[34.07421,-2.97291],[34.06695,-2.95406],[34.06132,-2.94903],[34.05501,-2.94589],[34.05475,-2.94403],[34.0282,-2.95558],[34.02529,-2.95205],[34.02291,-2.94628],[34.02513,-2.93992],[34.03822,-2.93239],[34.04015,-2.92915],[34.03638,-2.92422],[34.03145,-2.92357],[34.02423,-2.9179],[34.01495,-2.9161],[34.00473,-2.912],[34.00025,-2.91183],[33.99499,-2.91026],[33.9805,-2.89551],[33.97771,-2.89338],[33.96873,-2.88971],[33.96108,-2.88045],[33.95506,-2.876],[33.96242,-2.85723],[33.97009,-2.84156],[33.98507,-2.84997],[33.98753,-2.84964],[33.99261,-2.85084],[33.99721,-2.85401],[34.00732,-2.84882],[34.00581,-2.84258],[34.00659,-2.83424],[34.01012,-2.82646],[34.00948,-2.82437],[34.01223,-2.81742],[34.01263,-2.81379],[34.01047,-2.80848],[34.01293,-2.80879],[34.01547,-2.81071],[34.01771,-2.81417],[34.02209,-2.81728],[34.02454,-2.81587],[34.02467,-2.81373],[34.02687,-2.81256],[34.02778,-2.80941],[34.03333,-2.80306],[34.03435,-2.80012],[34.03289,-2.81143],[34.03321,-2.8162]]]},"properties":{"region":"Simiyu","district":"Bariadi","ward":"Bunamhala","ward_code":"092"}},{"type":"Feature","geometry":{"type":"Polygon","coordinates":[[[33.90624,-2.80655],[33.92384,-2.80609],[33.92716,-2.80846],[33.93224,-2.80865],[33.9369,-2.81079],[33.94197,-2.81073],[33.94734,-2.81841],[33.9531,-2.82282],[33.96147,-2.82555],[33.96765,-2.82394],[33.97171,-2.8242],[33.97731,-2.82255],[33.97816,-2.8208],[33.98408,-2.82647],[33.98694,-2.82732],[33.99072,-2.82742],[33.99668,-2.82461],[33.99709,-2.82641],[34.00918,-2.82844],[34.00659,-2.83424],[34.00585,-2.84056],[34.00732,-2.84882],[33.99721,-2.85401],[33.99261,-2.85084],[33.98753,-2.84964],[33.98507,-2.84997],[33.97009,-2.84156],[33.96242,-2.85723],[33.95506,-2.876],[33.94796,-2.87336],[33.93944,-2.86759],[33.93178,-2.85329],[33.92898,-2.85982],[33.92005,-2.86773],[33.90985,-2.86443],[33.89501,-2.86719],[33.8897,-2.86735],[33.88928,-2.86312],[33.88666,-2.86061],[33.8814,-2.84927],[33.87833,-2.84888],[33.87308,-2.84083],[33.87837,-2.83197],[33.87736,-2.82847],[33.87929,-2.82498],[33.88519,-2.8213],[33.8926,-2.82094],[33.89634,-2.81804],[33.9007,-2.81182],[33.90453,-2.80964],[33.90624,-2.80655]]]},"properties":{"region":"Simiyu","district":"Bariadi","ward":"Isanga","ward_code":"102"}},{"type":"Feature","geometry":{"type":"Polygon","coordinates":[[[34.18664,-2.70308],[34.18464,-2.70385],[34.18606,-2.70524],[34.18557,-2.70673],[34.1891,-2.70566],[34.18898,-2.70709],[34.18955,-2.70796],[34.19054,-2.70765],[34.1911,-2.70938],[34.19317,-2.70912],[34.1933,-2.71014],[34.19465,-2.70981],[34.19512,-2.71096],[34.19893,-2.71149],[34.20009,-2.71322],[34.20108,-2.71315],[34.20175,-2.71544],[34.19564,-2.72514],[34.1903,-2.74014],[34.18464,-2.74702],[34.1807,-2.75451],[34.1777,-2.75508],[34.17855,-2.75738],[34.16736,-2.7666],[34.16387,-2.77331],[34.16364,-2.77675],[34.16608,-2.78526],[34.16309,-2.78886],[34.15853,-2.80424],[34.15812,-2.80867],[34.15657,-2.80951],[34.15237,-2.80925],[34.14571,-2.81281],[34.14106,-2.8135],[34.13358,-2.81129],[34.12986,-2.80868],[34.11971,-2.80479],[34.11853,-2.80302],[34.09875,-2.80633],[34.0918,-2.79221],[34.09195,-2.78576],[34.08855,-2.78496],[34.08853,-2.78403],[34.08675,-2.78355],[34.08663,-2.7823],[34.08172,-2.77804],[34.08668,-2.77841],[34.09294,-2.77654],[34.0965,-2.76932],[34.09677,-2.76203],[34.10325,-2.75589],[34.10702,-2.75481],[34.11028,-2.74814],[34.11234,-2.74681],[34.12207,-2.74465],[34.13501,-2.73767],[34.13616,-2.72474],[34.14596,-2.7125],[34.14816,-2.70781],[34.15662,-2.70733],[34.1696,-2.70379],[34.17178,-2.70421],[34.1841,-2.70238],[34.18664,-2.70308]]]},"properties":{"region":"Simiyu","district":"Itilima","ward":"Bumera","ward_code":"011"}},{"type":"Feature","geometry":{"type":"Polygon","coordinates":[[[34.20366,-2.79184],[34.20816,-2.79179],[34.21155,-2.79064],[34.21944,-2.78504],[34.23324,-2.7896],[34.23957,-2.79408],[34.23697,-2.80232],[34.23389,-2.80574],[34.23334,-2.8087],[34.23867,-2.81768],[34.23604,-2.81881],[34.22926,-2.81757],[34.22749,-2.81803],[34.22603,-2.8165],[34.2233,-2.81573],[34.22191,-2.81694],[34.21777,-2.81759],[34.21406,-2.81711],[34.21318,-2.8159],[34.20988,-2.81469],[34.2053,-2.81661],[34.20057,-2.81692],[34.19889,-2.82047],[34.19542,-2.82192],[34.19296,-2.82168],[34.19129,-2.83076],[34.18934,-2.83366],[34.18945,-2.83606],[34.19227,-2.84923],[34.1947,-2.85056],[34.19112,-2.85152],[34.1897,-2.85112],[34.18943,-2.84997],[34.1878,-2.851],[34.18963,-2.85707],[34.19393,-2.86041],[34.19496,-2.86391],[34.18401,-2.86189],[34.17267,-2.86167],[34.1691,-2.86251],[34.1673,-2.86081],[34.16453,-2.86136],[34.15917,-2.85857],[34.15504,-2.86121],[34.15053,-2.86266],[34.14983,-2.86952],[34.13064,-2.86473],[34.12262,-2.86173],[34.11745,-2.8573],[34.1084,-2.85685],[34.1016,-2.85867],[34.09125,-2.85704],[34.09085,-2.84185],[34.09587,-2.83916],[34.09709,-2.82777],[34.09999,-2.81673],[34.10091,-2.80957],[34.09875,-2.80633],[34.11853,-2.80302],[34.11971,-2.80479],[34.12986,-2.80868],[34.13358,-2.81129],[34.14106,-2.8135],[34.14571,-2.81281],[34.15237,-2.80925],[34.15657,-2.80951],[34.15812,-2.80867],[34.15853,-2.80424],[34.16309,-2.78886],[34.16874,-2.78205],[34.17894,-2.78702],[34.19716,-2.78952],[34.20366,-2.79184]]]},"properties":{"region":"Simiyu","district":"Itilima","ward":"Ikindilo","ward_code":"021"}},{"type":"Feature","geometry":{"type":"Polygon","coordinates":[[[34.62292,-2.67561],[34.74709,-2.67342],[34.92969,-2.67582],[35.19394,-2.67426],[35.18235,-2.7302],[34.3562,-2.736],[34.34877,-2.74029],[34.32492,-2.75077],[34.32285,-2.75233],[34.32144,-2.75539],[34.31494,-2.75544],[34.31188,-2.76156],[34.30713,-2.76548],[34.29657,-2.76738],[34.2934,-2.76908],[34.28976,-2.76899],[34.27234,-2.76342],[34.26545,-2.76683],[34.26326,-2.76667],[34.26123,-2.76473],[34.25809,-2.75819],[34.25494,-2.75622],[34.25353,-2.753],[34.24541,-2.74619],[34.22521,-2.74457],[34.2214,-2.74212],[34.21476,-2.74195],[34.21578,-2.73302],[34.20716,-2.72592],[34.20235,-2.72442],[34.20187,-2.72354],[34.20277,-2.72059],[34.20227,-2.71548],[34.20406,-2.71385],[34.2043,-2.71461],[34.20611,-2.71358],[34.20743,-2.71409],[34.20976,-2.71274],[34.21519,-2.71416],[34.2154,-2.7125],[34.21644,-2.71297],[34.21828,-2.71117],[34.2199,-2.71144],[34.22119,-2.70934],[34.2229,-2.70953],[34.22468,-2.71118],[34.22796,-2.71104],[34.22707,-2.71029],[34.22828,-2.70766],[34.23186,-2.70571],[34.23235,-2.7063],[34.23602,-2.7015],[34.24083,-2.70198],[34.24423,-2.70054],[34.24604,-2.70182],[34.24815,-2.70186],[34.24964,-2.69977],[34.258,-2.69486],[34.26423,-2.6994],[34.26586,-2.69736],[34.27191,-2.69375],[34.27861,-2.6911],[34.28305,-2.68999],[34.28938,-2.69155],[34.29553,-2.68958],[34.30108,-2.68578],[34.31104,-2.68817],[34.3137,-2.69022],[34.32081,-2.68945],[34.32329,-2.69202],[34.32443,-2.69168],[34.32654,-2.68995],[34.34546,-2.68311],[34.35779,-2.66899],[34.37357,-2.67213],[34.49864,-2.67466],[34.62292,-2.67561]]]},"properties":{"region":"Simiyu","district":"Itilima","ward":"Mwamtani","ward_code":"031"}},{"type":"Feature","geometry":{"type":"Polygon","coordinates":[[[34.2654,-2.76677],[34.27234,-2.76342],[34.28976,-2.76899],[34.2934,-2.76908],[34.29657,-2.76738],[34.30713,-2.76548],[34.31188,-2.76156],[34.31268,-2.76927],[34.31409,-2.77081],[34.3199,-2.77239],[34.32063,-2.77447],[34.32225,-2.77529],[34.32211,-2.77621],[34.32426,-2.77827],[34.32147,-2.78203],[34.31601,-2.78583],[34.3155,-2.78744],[34.3046,-2.79457],[34.30088,-2.79582],[34.29748,-2.79997],[34.29619,-2.80458],[34.29945,-2.81871],[34.29604,-2.81988],[34.29445,-2.82155],[34.29174,-2.82922],[34.29204,-2.83164],[34.29329,-2.83304],[34.29263,-2.83457],[34.29878,-2.84222],[34.29757,-2.8438],[34.29854,-2.84431],[34.29801,-2.84593],[34.29516,-2.84906],[34.28977,-2.84903],[34.27414,-2.84154],[34.27019,-2.83878],[34.26599,-2.83401],[34.26199,-2.83393],[34.25569,-2.83191],[34.24942,-2.82826],[34.24729,-2.82599],[34.23894,-2.82489],[34.24028,-2.82213],[34.23867,-2.81768],[34.23334,-2.8087],[34.23389,-2.80574],[34.23697,-2.80232],[34.23957,-2.79408],[34.23324,-2.7896],[34.21944,-2.78504],[34.21155,-2.79064],[34.2042,-2.7923],[34.19716,-2.78952],[34.17894,-2.78702],[34.16874,-2.78205],[34.16608,-2.78526],[34.16364,-2.77675],[34.16387,-2.77331],[34.16736,-2.7666],[34.17855,-2.75738],[34.1777,-2.75508],[34.1807,-2.75451],[34.18464,-2.74702],[34.1903,-2.74014],[34.19564,-2.72514],[34.20211,-2.71538],[34.20282,-2.71796],[34.20235,-2.72442],[34.20716,-2.72592],[34.21578,-2.73302],[34.21476,-2.74195],[34.2214,-2.74212],[34.22521,-2.74457],[34.24541,-2.74619],[34.25353,-2.753],[34.25494,-2.75622],[34.25809,-2.75819],[34.26188,-2.76543],[34.26326,-2.76667],[34.2654,-2.76677]]]},"properties":{"region":"Simiyu","district":"Itilima","ward":"Sagata","ward_code":"041"}},{"type":"Feature","geometry":{"type":"Polygon","coordinates":[[[35.18235,-2.7302],[35.1687,-2.79158],[35.15227,-2.85487],[34.86457,-2.83493],[34.68927,-2.83674],[34.42622,-2.84628],[34.39985,-2.85486],[34.3876,-2.85395],[34.38048,-2.85497],[34.37908,-2.85414],[34.37879,-2.85078],[34.37674,-2.84896],[34.37352,-2.84769],[34.36462,-2.84763],[34.36324,-2.84346],[34.3608,-2.84174],[34.35876,-2.8422],[34.35546,-2.84911],[34.35165,-2.85085],[34.35042,-2.85413],[34.34775,-2.85663],[34.34571,-2.85704],[34.34445,-2.85875],[34.34343,-2.85799],[34.33766,-2.861],[34.33754,-2.86429],[34.33467,-2.86547],[34.33427,-2.86682],[34.33274,-2.86747],[34.33223,-2.87294],[34.32508,-2.87581],[34.32349,-2.87508],[34.32093,-2.87547],[34.31871,-2.87798],[34.31472,-2.87819],[34.3125,-2.88042],[34.31239,-2.88377],[34.30787,-2.88745],[34.30253,-2.88927],[34.30252,-2.88999],[34.30098,-2.88962],[34.30055,-2.89094],[34.29988,-2.89031],[34.29758,-2.89095],[34.29493,-2.88993],[34.29622,-2.88675],[34.29516,-2.88602],[34.29494,-2.88305],[34.29621,-2.8803],[34.2957,-2.87744],[34.29659,-2.87429],[34.29353,-2.86915],[34.29376,-2.86166],[34.29184,-2.85878],[34.2883,-2.85731],[34.28718,-2.85344],[34.28771,-2.85178],[34.28491,-2.85007],[34.28321,-2.84695],[34.28314,-2.8457],[34.29227,-2.8495],[34.29516,-2.84906],[34.29801,-2.84593],[34.29854,-2.84431],[34.29757,-2.8438],[34.29878,-2.84222],[34.29263,-2.83457],[34.29329,-2.83304],[34.29204,-2.83164],[34.29174,-2.82922],[34.29445,-2.82155],[34.29604,-2.81988],[34.29945,-2.81871],[34.29619,-2.80458],[34.29748,-2.79997],[34.30088,-2.79582],[34.3046,-2.79457],[34.3155,-2.78744],[34.31601,-2.78583],[34.32147,-2.78203],[34.32426,-2.77827],[34.32211,-2.77621],[34.32225,-2.77529],[34.32063,-2.77447],[34.3199,-2.77239],[34.31409,-2.77081],[34.31268,-2.76927],[34.31188,-2.76156],[34.31494,-2.75544],[34.32144,-2.75539],[34.32285,-2.75233],[34.32492,-2.75077],[34.34877,-2.74029],[34.3562,-2.736],[35.18235,-2.7302]]]},"properties":{"region":"Simiyu","district":"Itilima","ward":"Mwaswale","ward_code":"051"}},{"type":"Feature","geometry":{"type":"Polygon","coordinates":[[[34.86457,-2.83493],[35.15227,-2.85487],[35.14456,-2.88459],[34.7905,-2.85046],[34.43709,-2.85647],[34.4116,-2.88431],[34.38091,-2.92085],[34.37794,-2.91913],[34.37197,-2.9199],[34.361,-2.91266],[34.35509,-2.91534],[34.35188,-2.91508],[34.34024,-2.90957],[34.32772,-2.90723],[34.32293,-2.90459],[34.31943,-2.90396],[34.31869,-2.90177],[34.31499,-2.90094],[34.31489,-2.89916],[34.31378,-2.89887],[34.31402,-2.89722],[34.30865,-2.89502],[34.30253,-2.88927],[34.30787,-2.88745],[34.31239,-2.88377],[34.3125,-2.88042],[34.31472,-2.87819],[34.31871,-2.87798],[34.32093,-2.87547],[34.32349,-2.87508],[34.32508,-2.87581],[34.33223,-2.87294],[34.33274,-2.86747],[34.33427,-2.86682],[34.33467,-2.86547],[34.33754,-2.86429],[34.33766,-2.861],[34.34343,-2.85799],[34.34445,-2.85875],[34.34571,-2.85704],[34.34775,-2.85663],[34.35042,-2.85413],[34.35165,-2.85085],[34.35546,-2.84911],[34.35876,-2.8422],[34.3608,-2.84174],[34.36324,-2.84346],[34.36462,-2.84763],[34.37352,-2.84769],[34.37674,-2.84896],[34.37879,-2.85078],[34.37908,-2.85414],[34.38048,-2.85497],[34.3876,-2.85395],[34.39985,-2.85486],[34.42622,-2.84628],[34.68927,-2.83674],[34.86457,-2.83493]]]},"properties":{"region":"Simiyu","district":"Itilima","ward":"Nkuyu","ward_code":"061"}},{"type":"Feature","geometry":{"type":"MultiPolygon","coordinates":[[[[34.16292,-2.98576],[34.16292,-2.98575],[34.16285,-2.98497],[34.16292,-2.98576]]],[[[34.16292,-2.98576],[34.16411,-2.98532],[34.16657,-2.98134],[34.17003,-2.97997],[34.17139,-2.97748],[34.17435,-2.9769],[34.17985,-2.96957],[34.18135,-2.96964],[34.18088,-2.96788],[34.18428,-2.96632],[34.18315,-2.965],[34.18553,-2.96347],[34.18634,-2.96071],[34.19105,-2.95777],[34.1918,-2.9561],[34.19552,-2.95485],[34.1958,-2.95256],[34.1975,-2.95223],[34.19757,-2.95026],[34.19999,-2.94875],[34.20203,-2.95035],[34.20353,-2.94643],[34.20517,-2.94636],[34.20745,-2.94398],[34.21028,-2.94317],[34.21032,-2.94173],[34.21235,-2.93986],[34.21719,-2.93894],[34.21962,-2.93639],[34.22281,-2.93731],[34.2225,-2.93579],[34.22357,-2.93548],[34.22583,-2.93839],[34.22892,-2.93749],[34.23071,-2.93211],[34.23246,-2.93234],[34.23458,-2.93115],[34.23973,-2.93242],[34.24078,-2.93364],[34.24176,-2.93329],[34.24915,-2.94026],[34.2616,-2.94168],[34.26872,-2.94433],[34.26977,-2.94689],[34.27101,-2.95776],[34.27075,-2.96124],[34.26767,-2.96569],[34.26714,-2.97403],[34.26917,-2.98998],[34.26894,-2.99276],[34.26678,-2.99328],[34.26851,-2.99439],[34.26767,-2.99506],[34.26466,-2.99484],[34.26403,-2.99613],[34.2603,-2.994],[34.25881,-2.99508],[34.25791,-2.99369],[34.25516,-2.99558],[34.25307,-2.99391],[34.25156,-2.99601],[34.24908,-2.9955],[34.24845,-3.00001],[34.24359,-2.99798],[34.24231,-2.99864],[34.24115,-3.00131],[34.23726,-3.00134],[34.2364,-3.00042],[34.23361,-3.00295],[34.23176,-3.00205],[34.22797,-3.00494],[34.2275,-3.00318],[34.22501,-3.0029],[34.22378,-3.00104],[34.21957,-3.00384],[34.21688,-3.00434],[34.21624,-3.0029],[34.21456,-3.0023],[34.21114,-3.00393],[34.2091,-3.00245],[34.20479,-3.00413],[34.20444,-3.00625],[34.20072,-3.00666],[34.19889,-3.00561],[34.198,-3.00175],[34.19475,-3.00012],[34.19413,-3.00064],[34.19254,-2.99796],[34.18842,-2.99755],[34.18661,-2.99625],[34.18552,-2.99719],[34.18177,-2.99351],[34.1747,-2.99199],[34.17026,-2.98978],[34.16905,-2.98766],[34.16758,-2.98723],[34.16676,-2.9847],[34.16459,-2.98883],[34.16292,-2.98576]]]]},"properties":{"region":"Simiyu","district":"Itilima","ward":"Mhunze","ward_code":"071"}},{"type":"Feature","geometry":{"type":"Polygon","coordinates":[[[35.14456,-2.88459],[35.13859,-2.9076],[35.1315,-2.91432],[35.12377,-2.9196],[35.06169,-2.94914],[35.05105,-2.96667],[35.00323,-2.97769],[35.00874,-3.0015],[34.98524,-3.00733],[34.98247,-2.98919],[34.88391,-2.90643],[34.88399,-2.94728],[34.8132,-2.9473],[34.803,-2.95169],[34.79469,-2.95086],[34.7843,-2.94687],[34.76749,-2.94567],[34.75573,-2.94031],[34.74193,-2.93895],[34.74122,-2.93763],[34.73978,-2.93732],[34.73291,-2.93833],[34.72811,-2.93608],[34.72578,-2.93807],[34.72314,-2.93776],[34.71688,-2.93253],[34.70052,-2.93241],[34.69611,-2.93144],[34.69148,-2.93378],[34.68264,-2.9329],[34.67545,-2.93372],[34.6691,-2.9377],[34.66204,-2.9369],[34.6545,-2.93832],[34.63956,-2.94518],[34.63567,-2.94824],[34.63183,-2.9471],[34.62744,-2.94819],[34.62367,-2.95087],[34.62074,-2.95074],[34.6148,-2.95251],[34.61108,-2.95159],[34.60916,-2.95242],[34.60731,-2.95063],[34.60853,-2.94886],[34.60792,-2.94808],[34.60487,-2.94936],[34.60248,-2.94901],[34.59873,-2.94993],[34.59705,-2.95191],[34.59484,-2.95104],[34.59032,-2.95262],[34.5881,-2.95621],[34.58433,-2.95803],[34.58325,-2.95646],[34.58119,-2.95584],[34.57929,-2.95728],[34.57724,-2.95682],[34.57626,-2.95544],[34.57029,-2.95685],[34.56776,-2.9557],[34.56761,-2.954],[34.56606,-2.95276],[34.56514,-2.95491],[34.55858,-2.95683],[34.55926,-2.95934],[34.55817,-2.95958],[34.55816,-2.96127],[34.5543,-2.96448],[34.55528,-2.96706],[34.5528,-2.96738],[34.55252,-2.96858],[34.5501,-2.96988],[34.55083,-2.97253],[34.54797,-2.97383],[34.54739,-2.97835],[34.54626,-2.97859],[34.54551,-2.97605],[34.54453,-2.97601],[34.54232,-2.97723],[34.54179,-2.97937],[34.54012,-2.97812],[34.54066,-2.97608],[34.53374,-2.97833],[34.52996,-2.97283],[34.52453,-2.97248],[34.52287,-2.97355],[34.52191,-2.97011],[34.51733,-2.97119],[34.51496,-2.96834],[34.51352,-2.96994],[34.51199,-2.96919],[34.51156,-2.97062],[34.51049,-2.96925],[34.50865,-2.96953],[34.5052,-2.97219],[34.50429,-2.97185],[34.50414,-2.96968],[34.50216,-2.97041],[34.49982,-2.96715],[34.49242,-2.97099],[34.48944,-2.97062],[34.48873,-2.97161],[34.48593,-2.97068],[34.48587,-2.96736],[34.48355,-2.96846],[34.47938,-2.96721],[34.47769,-2.96838],[34.47794,-2.97048],[34.47495,-2.97153],[34.47271,-2.9712],[34.47049,-2.97467],[34.46844,-2.976],[34.46191,-2.97561],[34.45538,-2.97219],[34.45539,-2.97392],[34.45416,-2.97509],[34.45095,-2.97498],[34.44874,-2.97381],[34.44959,-2.97148],[34.44521,-2.97381],[34.44423,-2.9771],[34.43984,-2.97682],[34.43637,-2.9792],[34.43569,-2.97681],[34.43227,-2.97686],[34.43024,-2.97801],[34.43084,-2.97999],[34.4271,-2.98153],[34.42553,-2.97948],[34.42439,-2.97966],[34.42452,-2.97879],[34.42321,-2.97843],[34.42332,-2.97668],[34.42218,-2.97606],[34.4221,-2.97926],[34.4202,-2.9793],[34.41755,-2.97782],[34.41529,-2.98118],[34.41561,-2.98208],[34.41252,-2.98255],[34.41321,-2.98461],[34.41224,-2.98646],[34.40924,-2.98492],[34.40641,-2.98717],[34.40561,-2.9862],[34.40017,-2.98781],[34.39981,-2.98936],[34.39833,-2.98802],[34.39765,-2.99032],[34.39514,-2.99031],[34.39414,-2.98938],[34.39406,-2.9906],[34.39229,-2.99163],[34.38992,-2.99137],[34.38952,-2.99314],[34.38564,-2.9918],[34.38421,-2.99255],[34.383,-2.99661],[34.38154,-2.99501],[34.37704,-2.99681],[34.36741,-2.99662],[34.36834,-2.99564],[34.36725,-2.99483],[34.36597,-2.99547],[34.36638,-2.99728],[34.3627,-2.99592],[34.36261,-2.99368],[34.36191,-2.9955],[34.36134,-2.9943],[34.36019,-2.99494],[34.35828,-2.99408],[34.35679,-2.99512],[34.3568,-2.99287],[34.35504,-2.99301],[34.35477,-2.99469],[34.35383,-2.99392],[34.35408,-2.99287],[34.35088,-2.99476],[34.34833,-2.99344],[34.34689,-2.99477],[34.34551,-2.99371],[34.34573,-2.99234],[34.34238,-2.99265],[34.34077,-2.99003],[34.33733,-2.99149],[34.33551,-2.99107],[34.33486,-2.99367],[34.33377,-2.99251],[34.33239,-2.9931],[34.33141,-2.99249],[34.3317,-2.99379],[34.33075,-2.99398],[34.32762,-2.99173],[34.32681,-2.99294],[34.32525,-2.99269],[34.32505,-2.9938],[34.32152,-2.99225],[34.32125,-2.99383],[34.31931,-2.99237],[34.31809,-2.99396],[34.31505,-2.99306],[34.31191,-2.99584],[34.31031,-2.99576],[34.31086,-2.99677],[34.31001,-2.99784],[34.30837,-2.99694],[34.30709,-2.99732],[34.30643,-2.99641],[34.30561,-2.99737],[34.30481,-2.99645],[34.3056,-2.9951],[34.30428,-2.99489],[34.30191,-2.99632],[34.29826,-2.99272],[34.298,-2.99401],[34.29727,-2.99366],[34.29649,-2.99481],[34.29345,-2.99529],[34.29226,-2.99395],[34.29009,-2.99568],[34.28726,-2.99438],[34.28685,-2.99247],[34.28478,-2.99493],[34.28299,-2.99219],[34.27911,-2.99359],[34.27762,-2.99255],[34.2748,-2.99407],[34.27506,-2.99521],[34.27413,-2.99569],[34.27035,-2.99401],[34.27042,-2.99242],[34.26895,-2.99256],[34.26759,-2.98088],[34.26767,-2.96569],[34.27075,-2.96124],[34.27101,-2.95776],[34.26999,-2.9482],[34.27324,-2.95009],[34.28371,-2.95211],[34.29526,-2.95082],[34.31107,-2.95263],[34.31868,-2.95042],[34.3428,-2.94796],[34.36216,-2.94475],[34.39007,-2.90918],[34.43709,-2.85647],[34.7905,-2.85046],[35.14456,-2.88459]]]},"properties":{"region":"Simiyu","district":"Itilima","ward":"Migato","ward_code":"081"}},{"type":"Feature","geometry":{"type":"Polygon","coordinates":[[[34.20988,-2.81469],[34.21406,-2.81711],[34.21777,-2.81759],[34.22191,-2.81694],[34.2233,-2.81573],[34.22603,-2.8165],[34.22749,-2.81803],[34.22926,-2.81757],[34.23604,-2.81881],[34.23867,-2.81768],[34.24028,-2.82213],[34.23894,-2.82489],[34.24729,-2.82599],[34.24942,-2.82826],[34.25569,-2.83191],[34.26199,-2.83393],[34.26599,-2.83401],[34.27019,-2.83878],[34.27414,-2.84154],[34.28314,-2.8457],[34.28491,-2.85007],[34.28771,-2.85178],[34.28718,-2.85344],[34.2883,-2.85731],[34.2916,-2.85861],[34.29218,-2.85983],[34.28047,-2.86299],[34.27574,-2.86534],[34.24617,-2.86666],[34.23765,-2.86429],[34.23324,-2.85986],[34.23298,-2.86554],[34.23019,-2.86904],[34.23219,-2.87247],[34.23544,-2.87541],[34.23571,-2.87713],[34.23914,-2.88184],[34.23978,-2.8844],[34.23883,-2.88578],[34.24033,-2.88849],[34.24451,-2.89111],[34.24504,-2.89329],[34.2442,-2.89692],[34.24624,-2.89868],[34.24888,-2.90653],[34.25149,-2.90813],[34.24963,-2.91578],[34.24807,-2.91859],[34.24545,-2.92071],[34.23908,-2.9222],[34.2371,-2.92345],[34.23562,-2.92608],[34.2338,-2.92654],[34.22849,-2.93772],[34.22763,-2.93761],[34.22561,-2.92836],[34.22006,-2.91506],[34.21497,-2.91406],[34.21367,-2.91144],[34.20686,-2.90747],[34.20516,-2.90685],[34.19872,-2.91078],[34.19313,-2.91015],[34.19117,-2.91135],[34.18511,-2.9097],[34.18274,-2.90668],[34.17693,-2.9064],[34.1639,-2.90851],[34.15996,-2.90688],[34.15429,-2.90627],[34.15457,-2.89903],[34.14961,-2.88012],[34.14823,-2.87936],[34.15053,-2.86266],[34.15504,-2.86121],[34.15789,-2.85891],[34.16165,-2.8594],[34.16453,-2.86136],[34.1673,-2.86081],[34.1691,-2.86251],[34.17267,-2.86167],[34.18401,-2.86189],[34.19496,-2.86391],[34.19393,-2.86041],[34.18963,-2.85707],[34.1878,-2.851],[34.18943,-2.84997],[34.1897,-2.85112],[34.19112,-2.85152],[34.1947,-2.85056],[34.19227,-2.84923],[34.18945,-2.83606],[34.18934,-2.83366],[34.19129,-2.83076],[34.19257,-2.82271],[34.19296,-2.82168],[34.19542,-2.82192],[34.19889,-2.82047],[34.20057,-2.81692],[34.2053,-2.81661],[34.20988,-2.81469]]]},"properties":{"region":"Simiyu","district":"Itilima","ward":"Chinamili","ward_code":"091"}},{"type":"Feature","geometry":{"type":"Polygon","coordinates":[[[34.29414,-2.86512],[34.29338,-2.86564],[34.29353,-2.86915],[34.29659,-2.87429],[34.2957,-2.87744],[34.29621,-2.8803],[34.29494,-2.88305],[34.29516,-2.88602],[34.29622,-2.88675],[34.29493,-2.88993],[34.30055,-2.89094],[34.30098,-2.88962],[34.30265,-2.88975],[34.30865,-2.89502],[34.31402,-2.89722],[34.31378,-2.89887],[34.31489,-2.89916],[34.31499,-2.90094],[34.31869,-2.90177],[34.31943,-2.90396],[34.32293,-2.90459],[34.32772,-2.90723],[34.34024,-2.90957],[34.35188,-2.91508],[34.35509,-2.91534],[34.361,-2.91266],[34.37197,-2.9199],[34.37794,-2.91913],[34.38091,-2.92085],[34.36216,-2.94475],[34.3428,-2.94796],[34.31868,-2.95042],[34.31107,-2.95263],[34.29526,-2.95082],[34.28371,-2.95211],[34.27324,-2.95009],[34.26999,-2.9482],[34.26872,-2.94433],[34.2616,-2.94168],[34.25213,-2.94002],[34.24953,-2.94044],[34.24176,-2.93329],[34.24078,-2.93364],[34.23973,-2.93242],[34.23458,-2.93115],[34.23246,-2.93234],[34.23071,-2.93211],[34.2326,-2.92807],[34.23429,-2.92608],[34.23562,-2.92608],[34.2371,-2.92345],[34.24347,-2.92065],[34.24545,-2.92071],[34.24807,-2.91859],[34.24963,-2.91578],[34.25149,-2.90813],[34.24888,-2.90653],[34.24624,-2.89868],[34.2442,-2.89692],[34.24504,-2.89329],[34.24451,-2.89111],[34.24033,-2.88849],[34.23883,-2.88578],[34.23978,-2.8844],[34.23914,-2.88184],[34.23571,-2.87713],[34.23544,-2.87541],[34.23219,-2.87247],[34.23019,-2.86904],[34.23298,-2.86554],[34.23324,-2.85986],[34.23765,-2.86429],[34.24617,-2.86666],[34.27574,-2.86534],[34.28047,-2.86299],[34.29218,-2.85983],[34.29376,-2.86166],[34.29414,-2.86512]]]},"properties":{"region":"Simiyu","district":"Itilima","ward":"Ndolelezi","ward_code":"101"}},{"type":"Feature","geometry":{"type":"Polygon","coordinates":[[[34.15241,-2.90618],[34.16505,-2.90851],[34.17693,-2.9064],[34.18274,-2.90668],[34.18511,-2.9097],[34.19117,-2.91135],[34.19313,-2.91015],[34.19872,-2.91078],[34.20516,-2.90685],[34.20686,-2.90747],[34.21367,-2.91144],[34.21497,-2.91406],[34.22006,-2.91506],[34.22561,-2.92836],[34.22763,-2.93761],[34.22583,-2.93839],[34.22357,-2.93548],[34.2225,-2.93579],[34.22281,-2.93731],[34.21962,-2.93639],[34.21719,-2.93894],[34.21235,-2.93986],[34.21032,-2.94173],[34.21028,-2.94317],[34.20745,-2.94398],[34.20517,-2.94636],[34.20353,-2.94643],[34.20203,-2.95035],[34.19999,-2.94875],[34.19757,-2.95026],[34.1975,-2.95223],[34.1958,-2.95256],[34.19552,-2.95485],[34.1918,-2.9561],[34.19105,-2.95777],[34.18634,-2.96071],[34.18553,-2.96347],[34.18315,-2.965],[34.18428,-2.96632],[34.18088,-2.96788],[34.18135,-2.96964],[34.17985,-2.96957],[34.17435,-2.9769],[34.17139,-2.97748],[34.16868,-2.98113],[34.16657,-2.98134],[34.16356,-2.98567],[34.16215,-2.98451],[34.1595,-2.9861],[34.15912,-2.98738],[34.16139,-2.98929],[34.16139,-2.99072],[34.15806,-2.98952],[34.15396,-2.9931],[34.15013,-2.99388],[34.14856,-2.99702],[34.1475,-2.99648],[34.14668,-2.9972],[34.14549,-3.00064],[34.14158,-3.00377],[34.13858,-3.00283],[34.13758,-3.00456],[34.13649,-3.00451],[34.1361,-3.00551],[34.13817,-3.00725],[34.13596,-3.0083],[34.13549,-3.01045],[34.13006,-3.01765],[34.12662,-3.01211],[34.12544,-3.00716],[34.11872,-2.99689],[34.12333,-2.97153],[34.12139,-2.96557],[34.11608,-2.95871],[34.10738,-2.94142],[34.10699,-2.93161],[34.11891,-2.93062],[34.12553,-2.92868],[34.13086,-2.92583],[34.1328,-2.92579],[34.13581,-2.92777],[34.14027,-2.92562],[34.14367,-2.92719],[34.1467,-2.92258],[34.15021,-2.91029],[34.15241,-2.90618]]]},"properties":{"region":"Simiyu","district":"Itilima","ward":"Lagangabilili","ward_code":"111"}},{"type":"Feature","geometry":{"type":"Polygon","coordinates":[[[34.08267,-2.85582],[34.1016,-2.85867],[34.1084,-2.85685],[34.11745,-2.8573],[34.12262,-2.86173],[34.13064,-2.86473],[34.14983,-2.86952],[34.14823,-2.87936],[34.14961,-2.88012],[34.15457,-2.89903],[34.15429,-2.90627],[34.15241,-2.90618],[34.15021,-2.91029],[34.14762,-2.91997],[34.14461,-2.92649],[34.14318,-2.92736],[34.14027,-2.92562],[34.13581,-2.92777],[34.1328,-2.92579],[34.13086,-2.92583],[34.12553,-2.92868],[34.11891,-2.93062],[34.10699,-2.93161],[34.09314,-2.91548],[34.08923,-2.91655],[34.08679,-2.91262],[34.07896,-2.91291],[34.07466,-2.91179],[34.0717,-2.90366],[34.07154,-2.89403],[34.07373,-2.88051],[34.07419,-2.87012],[34.07887,-2.86375],[34.07926,-2.85806],[34.07818,-2.85551],[34.07886,-2.85426],[34.07789,-2.85322],[34.07823,-2.85223],[34.08267,-2.85582]]]},"properties":{"region":"Simiyu","district":"Itilima","ward":"Budalabujiga","ward_code":"121"}},{"type":"Feature","geometry":{"type":"Polygon","coordinates":[[[34.07563,-2.97887],[34.07725,-2.98113],[34.08158,-2.98038],[34.08898,-2.98509],[34.0915,-2.98799],[34.09418,-2.99597],[34.10822,-3.00475],[34.11872,-2.99689],[34.12544,-3.00716],[34.12662,-3.01211],[34.12967,-3.01591],[34.12947,-3.0187],[34.12568,-3.02341],[34.11774,-3.02778],[34.1174,-3.03143],[34.11338,-3.03335],[34.10723,-3.0345],[34.10708,-3.03776],[34.10476,-3.03725],[34.10258,-3.03858],[34.10197,-3.04187],[34.09753,-3.0422],[34.09758,-3.04389],[34.09333,-3.04674],[34.09399,-3.04943],[34.09124,-3.05329],[34.09138,-3.05516],[34.09314,-3.05619],[34.09285,-3.05785],[34.09201,-3.05818],[34.08787,-3.05543],[34.08405,-3.05974],[34.07705,-3.05975],[34.07573,-3.06076],[34.07527,-3.06323],[34.07435,-3.06362],[34.07318,-3.06081],[34.07205,-3.0611],[34.07052,-3.0638],[34.06776,-3.06357],[34.06629,-3.0645],[34.06352,-3.06701],[34.06177,-3.07077],[34.05803,-3.07203],[34.05652,-3.07497],[34.05409,-3.07339],[34.05335,-3.07394],[34.05491,-3.07616],[34.05445,-3.07723],[34.04498,-3.08332],[34.04252,-3.08778],[34.04209,-3.09104],[34.0408,-3.09144],[34.03993,-3.08683],[34.03814,-3.08677],[34.03339,-3.0928],[34.03396,-3.09401],[34.03608,-3.09444],[34.03517,-3.0958],[34.03141,-3.09643],[34.03051,-3.09869],[34.02983,-3.09665],[34.02733,-3.09665],[34.02668,-3.09922],[34.02532,-3.10003],[34.02417,-3.09901],[34.02517,-3.09669],[34.02292,-3.0968],[34.0223,-3.09344],[34.01891,-3.09584],[34.01583,-3.09519],[34.01418,-3.09839],[34.01287,-3.0972],[34.01279,-3.0953],[34.01424,-3.09461],[34.01099,-3.09427],[34.00953,-3.09296],[34.00853,-3.09306],[34.00652,-3.09576],[34.00689,-3.07556],[34.00271,-3.0679],[34.00195,-3.06173],[33.99974,-3.06213],[34.00583,-3.04513],[34.00521,-3.0336],[34.00121,-3.03171],[33.99867,-3.02489],[33.99449,-3.02153],[33.99305,-3.01582],[33.99101,-3.01355],[33.9859,-3.01066],[33.98329,-3.00687],[33.97815,-2.99699],[33.98035,-2.99373],[33.97839,-2.99004],[33.97432,-2.98575],[33.97511,-2.98061],[33.97042,-2.96752],[33.97528,-2.96438],[33.9767,-2.95748],[33.98697,-2.9589],[33.99492,-2.96787],[34.01041,-2.97503],[34.02196,-2.98602],[34.02397,-2.96965],[34.02377,-2.96166],[34.0282,-2.95558],[34.05475,-2.94403],[34.05501,-2.94589],[34.06132,-2.94903],[34.06695,-2.95406],[34.07421,-2.97291],[34.07563,-2.97887]]]},"properties":{"region":"Simiyu","district":"Itilima","ward":"Nkoma","ward_code":"131"}},{"type":"Feature","geometry":{"type":"Polygon","coordinates":[[[33.97815,-2.99699],[33.9859,-3.01066],[33.99101,-3.01355],[33.99305,-3.01582],[33.99449,-3.02153],[33.99867,-3.02489],[34.00121,-3.03171],[34.00521,-3.0336],[34.00583,-3.04513],[33.99974,-3.06213],[34.00195,-3.06173],[34.00271,-3.0679],[34.00689,-3.07556],[34.00652,-3.09576],[34.00478,-3.09536],[34.00482,-3.09404],[34.00239,-3.09222],[34.00062,-3.09213],[34.00026,-3.09317],[34.0014,-3.09397],[33.99911,-3.09549],[33.99757,-3.0947],[33.99633,-3.09757],[33.99708,-3.09974],[33.99852,-3.0991],[33.99909,-3.10078],[34.00022,-3.10122],[34.00434,-3.10065],[34.00378,-3.10172],[34.00246,-3.10167],[34.00246,-3.10375],[34.00132,-3.10384],[34.00127,-3.10496],[33.99782,-3.10516],[33.99596,-3.10644],[33.9937,-3.10609],[33.99047,-3.10294],[33.98758,-3.1029],[33.98546,-3.10399],[33.98202,-3.10337],[33.98013,-3.10484],[33.97597,-3.1002],[33.97414,-3.10187],[33.97409,-3.10485],[33.97109,-3.10344],[33.968,-3.10435],[33.96704,-3.09942],[33.96463,-3.10004],[33.96101,-3.10289],[33.95839,-3.10197],[33.95597,-3.10346],[33.95476,-3.10097],[33.94916,-3.1027],[33.94771,-3.09887],[33.94346,-3.09659],[33.93935,-3.09862],[33.93535,-3.09445],[33.93188,-3.09483],[33.93153,-3.09181],[33.92351,-3.09246],[33.92024,-3.09721],[33.91845,-3.0976],[33.91421,-3.09582],[33.91378,-3.09477],[33.91081,-3.0947],[33.90923,-3.09324],[33.91051,-3.09003],[33.90908,-3.08805],[33.90653,-3.08964],[33.90066,-3.08932],[33.91399,-3.06737],[33.91552,-3.06189],[33.91891,-3.06071],[33.92083,-3.0566],[33.92205,-3.05056],[33.93121,-3.04987],[33.9386,-3.05239],[33.94775,-3.04851],[33.95124,-3.04804],[33.95086,-3.04544],[33.95319,-3.03997],[33.95027,-3.03199],[33.95755,-3.02915],[33.95838,-3.02534],[33.95674,-3.02302],[33.95767,-3.00684],[33.96463,-3.0062],[33.96247,-3.00192],[33.9674,-3.00081],[33.97245,-3.00123],[33.97675,-2.99905],[33.97815,-2.99699]]]},"properties":{"region":"Simiyu","district":"Itilima","ward":"Mwalushu","ward_code":"141"}},{"type":"Feature","geometry":{"type":"Polygon","coordinates":[[[33.89683,-2.98843],[33.92059,-2.99568],[33.92445,-2.99871],[33.93281,-3.00278],[33.93812,-3.00366],[33.94307,-3.00191],[33.95232,-3.00656],[33.95767,-3.00684],[33.95674,-3.02302],[33.95838,-3.02534],[33.95755,-3.02915],[33.95027,-3.03199],[33.95319,-3.03997],[33.95086,-3.04544],[33.95124,-3.04804],[33.94775,-3.04851],[33.9386,-3.05239],[33.93121,-3.04987],[33.92205,-3.05056],[33.92083,-3.0566],[33.91891,-3.06071],[33.91552,-3.06189],[33.91399,-3.06737],[33.90066,-3.08932],[33.89938,-3.08795],[33.89921,-3.08543],[33.89713,-3.0854],[33.89457,-3.08716],[33.8891,-3.08844],[33.88658,-3.08552],[33.88429,-3.08499],[33.86922,-3.07255],[33.86057,-3.07424],[33.85407,-3.06934],[33.84717,-3.06891],[33.84292,-3.0674],[33.83281,-3.05998],[33.82602,-3.05318],[33.82297,-3.0518],[33.819,-3.05584],[33.81613,-3.05433],[33.81643,-3.05244],[33.81534,-3.05153],[33.81259,-3.05111],[33.79823,-3.04277],[33.79839,-3.041],[33.80287,-3.03647],[33.80144,-3.03486],[33.80498,-3.0332],[33.8138,-3.03591],[33.82643,-3.03414],[33.82933,-3.0323],[33.83742,-3.03109],[33.84496,-3.0205],[33.84666,-3.01599],[33.85122,-3.01361],[33.85533,-3.01351],[33.86192,-3.0152],[33.86557,-3.01723],[33.86955,-3.01567],[33.87088,-3.01234],[33.87948,-3.01229],[33.88096,-3.00685],[33.87801,-3.00333],[33.87384,-2.99471],[33.87019,-2.99155],[33.87456,-2.99237],[33.8937,-2.98826],[33.89683,-2.98843]]]},"properties":{"region":"Simiyu","district":"Itilima","ward":"Mwamapalala","ward_code":"153"}},{"type":"Feature","geometry":{"type":"Polygon","coordinates":[[[33.89104,-2.94596],[33.89114,-2.95545],[33.89711,-2.95021],[33.90253,-2.94777],[33.90261,-2.946],[33.90515,-2.9455],[33.90906,-2.94689],[33.91245,-2.94689],[33.915,-2.94576],[33.91462,-2.94496],[33.91939,-2.94459],[33.92192,-2.94644],[33.92802,-2.94408],[33.93128,-2.94433],[33.93627,-2.94689],[33.93752,-2.94712],[33.93762,-2.94621],[33.94457,-2.94822],[33.96,-2.94652],[33.96687,-2.94648],[33.97366,-2.94767],[33.97376,-2.95497],[33.97667,-2.95581],[33.9767,-2.95748],[33.97528,-2.96438],[33.97042,-2.96752],[33.97043,-2.96875],[33.97511,-2.98061],[33.97432,-2.98575],[33.97839,-2.99004],[33.98035,-2.99373],[33.97675,-2.99905],[33.97245,-3.00123],[33.9674,-3.00081],[33.96247,-3.00192],[33.96463,-3.0062],[33.95232,-3.00656],[33.94307,-3.00191],[33.93812,-3.00366],[33.93281,-3.00278],[33.92445,-2.99871],[33.92059,-2.99568],[33.89683,-2.98843],[33.8937,-2.98826],[33.87456,-2.99237],[33.86234,-2.98986],[33.84441,-2.98088],[33.85741,-2.96372],[33.85702,-2.94917],[33.86024,-2.94591],[33.86148,-2.93982],[33.86988,-2.93553],[33.88132,-2.93374],[33.8884,-2.93088],[33.89104,-2.94596]]]},"properties":{"region":"Simiyu","district":"Itilima","ward":"Nyamalapa","ward_code":"161"}},{"type":"Feature","geometry":{"type":"Polygon","coordinates":[[[33.9805,-2.89551],[33.99499,-2.91026],[34.00025,-2.91183],[34.00473,-2.912],[34.01495,-2.9161],[34.02423,-2.9179],[34.03145,-2.92357],[34.03638,-2.92422],[34.04015,-2.92915],[34.03822,-2.93239],[34.02513,-2.93992],[34.02291,-2.94628],[34.02529,-2.95205],[34.0282,-2.95558],[34.02377,-2.96166],[34.02397,-2.96965],[34.02196,-2.98602],[34.01041,-2.97503],[33.99492,-2.96787],[33.98697,-2.9589],[33.9767,-2.95748],[33.97667,-2.95581],[33.97376,-2.95497],[33.97366,-2.94767],[33.96687,-2.94648],[33.96,-2.94652],[33.94457,-2.94822],[33.93762,-2.94621],[33.93752,-2.94712],[33.93627,-2.94689],[33.93128,-2.94433],[33.92802,-2.94408],[33.92192,-2.94644],[33.91939,-2.94459],[33.91462,-2.94496],[33.915,-2.94576],[33.91245,-2.94689],[33.90906,-2.94689],[33.90515,-2.9455],[33.90261,-2.946],[33.90253,-2.94777],[33.89711,-2.95021],[33.89114,-2.95545],[33.89104,-2.94596],[33.90009,-2.9295],[33.89988,-2.92827],[33.9026,-2.92494],[33.90773,-2.92188],[33.9101,-2.92213],[33.91354,-2.91987],[33.9165,-2.91551],[33.9182,-2.91051],[33.92424,-2.9061],[33.92915,-2.9055],[33.93507,-2.90841],[33.93587,-2.90715],[33.9383,-2.90892],[33.93896,-2.90478],[33.93716,-2.90295],[33.9383,-2.89443],[33.93648,-2.88768],[33.93827,-2.87968],[33.9361,-2.87156],[33.93691,-2.86286],[33.93944,-2.86759],[33.94796,-2.87336],[33.95751,-2.87729],[33.96873,-2.88971],[33.97771,-2.89338],[33.9805,-2.89551]]]},"properties":{"region":"Simiyu","district":"Itilima","ward":"Luguru","ward_code":"173"}},{"type":"Feature","geometry":{"type":"Polygon","coordinates":[[[33.84673,-2.8459],[33.85414,-2.84691],[33.86104,-2.8466],[33.8656,-2.85042],[33.87255,-2.84837],[33.87582,-2.84988],[33.87833,-2.84888],[33.8814,-2.84927],[33.88666,-2.86061],[33.88928,-2.86312],[33.8897,-2.86735],[33.89501,-2.86719],[33.90985,-2.86443],[33.92005,-2.86773],[33.92898,-2.85982],[33.93178,-2.85329],[33.93691,-2.86286],[33.9361,-2.87156],[33.93827,-2.87968],[33.93648,-2.88768],[33.9383,-2.89443],[33.93716,-2.90295],[33.93896,-2.90478],[33.9383,-2.90892],[33.93587,-2.90715],[33.93507,-2.90841],[33.92768,-2.90533],[33.92424,-2.9061],[33.9182,-2.91051],[33.9165,-2.91551],[33.91354,-2.91987],[33.9101,-2.92213],[33.90699,-2.92224],[33.90115,-2.92655],[33.89104,-2.94596],[33.8884,-2.93088],[33.88132,-2.93374],[33.86988,-2.93553],[33.86148,-2.93982],[33.85791,-2.9335],[33.85215,-2.9284],[33.84962,-2.92435],[33.84031,-2.91655],[33.83379,-2.91273],[33.82873,-2.91161],[33.82888,-2.90566],[33.83375,-2.89905],[33.84246,-2.89026],[33.84829,-2.88739],[33.84644,-2.88361],[33.84707,-2.8795],[33.84598,-2.87908],[33.84568,-2.87651],[33.84804,-2.87358],[33.85059,-2.8647],[33.85067,-2.85896],[33.85019,-2.85511],[33.84758,-2.85108],[33.84673,-2.8459]]]},"properties":{"region":"Simiyu","district":"Itilima","ward":"Nhobora","ward_code":"181"}},{"type":"Feature","geometry":{"type":"Polygon","coordinates":[[[33.83379,-2.91273],[33.84962,-2.92435],[33.85215,-2.9284],[33.85791,-2.9335],[33.86155,-2.93948],[33.86024,-2.94591],[33.85702,-2.94917],[33.85741,-2.96372],[33.84441,-2.98088],[33.86234,-2.98986],[33.87025,-2.9916],[33.87384,-2.99471],[33.87801,-3.00333],[33.88096,-3.00685],[33.87948,-3.01229],[33.87088,-3.01234],[33.86955,-3.01567],[33.86557,-3.01723],[33.86192,-3.0152],[33.85533,-3.01351],[33.85122,-3.01361],[33.84666,-3.01599],[33.84496,-3.0205],[33.83742,-3.03109],[33.8181,-3.0354],[33.8138,-3.03591],[33.80498,-3.0332],[33.79736,-3.03585],[33.79538,-3.03445],[33.79465,-3.0326],[33.79506,-3.02877],[33.79315,-3.02644],[33.79005,-3.02832],[33.78824,-3.02787],[33.78827,-3.02561],[33.78712,-3.02411],[33.78883,-3.01913],[33.78781,-3.01775],[33.77914,-3.01653],[33.77625,-3.01407],[33.7715,-3.01377],[33.76982,-3.01159],[33.76489,-3.00927],[33.76491,-3.00495],[33.76041,-2.99758],[33.75708,-2.97997],[33.75563,-2.96867],[33.75595,-2.96372],[33.77593,-2.95883],[33.77944,-2.95713],[33.78029,-2.95517],[33.78532,-2.95179],[33.78978,-2.94367],[33.79167,-2.93813],[33.79104,-2.93057],[33.78846,-2.91993],[33.79194,-2.91959],[33.7964,-2.92125],[33.81039,-2.92097],[33.82873,-2.91161],[33.83379,-2.91273]]]},"properties":{"region":"Simiyu","district":"Itilima","ward":"Zagayu","ward_code":"191"}},{"type":"Feature","geometry":{"type":"Polygon","coordinates":[[[33.7467,-2.90702],[33.76102,-2.90941],[33.77408,-2.90009],[33.77844,-2.90016],[33.78104,-2.8984],[33.78726,-2.89757],[33.79217,-2.89473],[33.79869,-2.90083],[33.80244,-2.90621],[33.80127,-2.91221],[33.80838,-2.9209],[33.7964,-2.92125],[33.79194,-2.91959],[33.78846,-2.91993],[33.79104,-2.93057],[33.79167,-2.93813],[33.78978,-2.94367],[33.78532,-2.95179],[33.78029,-2.95517],[33.77944,-2.95713],[33.77593,-2.95883],[33.75595,-2.96372],[33.75563,-2.96867],[33.75708,-2.97997],[33.76041,-2.99758],[33.76491,-3.00495],[33.76489,-3.00927],[33.75977,-3.00914],[33.75574,-3.00666],[33.7495,-3.00939],[33.74813,-3.00787],[33.74891,-3.0046],[33.74507,-3.00226],[33.74208,-3.00255],[33.7377,-2.99939],[33.73092,-2.99638],[33.73227,-2.99213],[33.72858,-2.98763],[33.72487,-2.9887],[33.717,-2.98584],[33.71682,-2.98473],[33.71856,-2.98253],[33.71702,-2.9796],[33.71372,-2.977],[33.71072,-2.9764],[33.70781,-2.971],[33.70482,-2.96867],[33.70454,-2.95937],[33.70335,-2.96],[33.70131,-2.95871],[33.69989,-2.95356],[33.70187,-2.95353],[33.7032,-2.95114],[33.70222,-2.94896],[33.69671,-2.94839],[33.69699,-2.94661],[33.7008,-2.94344],[33.70089,-2.93676],[33.69937,-2.93544],[33.69673,-2.93574],[33.69445,-2.93291],[33.69167,-2.93131],[33.69131,-2.92474],[33.6852,-2.91961],[33.68128,-2.92074],[33.67908,-2.92032],[33.68019,-2.91916],[33.67719,-2.91296],[33.69466,-2.90039],[33.70495,-2.89662],[33.70994,-2.89262],[33.71734,-2.88858],[33.72458,-2.88203],[33.7304,-2.88283],[33.73386,-2.88524],[33.73541,-2.89118],[33.74174,-2.9019],[33.7467,-2.90702]]]},"properties":{"region":"Simiyu","district":"Itilima","ward":"Kinang'weli","ward_code":"201"}},{"type":"Feature","geometry":{"type":"Polygon","coordinates":[[[33.78862,-2.80882],[33.78993,-2.81105],[33.78938,-2.81317],[33.79034,-2.81494],[33.78985,-2.81711],[33.79062,-2.81985],[33.79273,-2.82255],[33.79276,-2.8251],[33.79458,-2.82771],[33.79352,-2.83186],[33.79708,-2.83158],[33.79949,-2.83336],[33.80413,-2.83399],[33.80744,-2.83523],[33.80876,-2.83672],[33.81511,-2.8388],[33.82478,-2.83507],[33.83227,-2.84142],[33.83903,-2.84485],[33.84673,-2.8459],[33.84758,-2.85108],[33.85019,-2.85511],[33.85059,-2.8647],[33.84804,-2.87358],[33.84568,-2.87651],[33.84598,-2.87908],[33.84707,-2.8795],[33.84644,-2.88361],[33.84829,-2.88739],[33.84246,-2.89026],[33.83375,-2.89905],[33.82888,-2.90566],[33.82873,-2.91161],[33.81039,-2.92097],[33.80838,-2.9209],[33.80323,-2.91536],[33.80127,-2.91221],[33.80244,-2.90621],[33.79869,-2.90083],[33.79217,-2.89473],[33.79888,-2.87352],[33.79334,-2.86353],[33.78395,-2.86102],[33.77211,-2.85576],[33.76689,-2.85532],[33.76232,-2.85902],[33.7596,-2.86448],[33.75706,-2.86714],[33.75294,-2.86756],[33.74981,-2.86982],[33.74515,-2.87106],[33.73736,-2.87125],[33.73211,-2.86664],[33.72798,-2.8646],[33.72793,-2.86351],[33.72532,-2.86253],[33.72481,-2.86027],[33.72194,-2.85698],[33.72194,-2.8548],[33.72031,-2.8534],[33.71885,-2.84899],[33.71718,-2.84935],[33.71018,-2.84603],[33.70471,-2.84564],[33.70304,-2.84299],[33.69812,-2.84052],[33.69553,-2.83699],[33.69158,-2.83802],[33.69023,-2.83686],[33.68628,-2.83754],[33.68344,-2.83588],[33.68607,-2.83509],[33.69734,-2.82744],[33.70035,-2.82744],[33.70914,-2.82366],[33.71498,-2.81916],[33.72371,-2.81695],[33.72714,-2.81482],[33.73143,-2.81566],[33.73509,-2.81866],[33.73761,-2.8253],[33.74512,-2.83341],[33.75241,-2.83463],[33.75734,-2.83222],[33.76018,-2.83212],[33.77285,-2.82588],[33.77538,-2.82067],[33.78019,-2.81602],[33.78024,-2.813],[33.7877,-2.80871],[33.78876,-2.80718],[33.78862,-2.80882]]]},"properties":{"region":"Simiyu","district":"Itilima","ward":"Mbita","ward_code":"211"}},{"type":"Feature","geometry":{"type":"Polygon","coordinates":[[[33.67553,-2.83546],[33.68344,-2.83588],[33.68628,-2.83754],[33.69023,-2.83686],[33.69158,-2.83802],[33.69553,-2.83699],[33.69812,-2.84052],[33.70304,-2.84299],[33.70471,-2.84564],[33.71018,-2.84603],[33.71718,-2.84935],[33.71885,-2.84899],[33.72031,-2.8534],[33.72194,-2.8548],[33.72194,-2.85698],[33.72481,-2.86027],[33.72532,-2.86253],[33.72793,-2.86351],[33.72798,-2.8646],[33.73211,-2.86664],[33.73736,-2.87125],[33.74515,-2.87106],[33.74981,-2.86982],[33.75294,-2.86756],[33.75706,-2.86714],[33.7596,-2.86448],[33.76232,-2.85902],[33.76689,-2.85532],[33.77211,-2.85576],[33.78395,-2.86102],[33.79334,-2.86353],[33.79888,-2.87352],[33.79217,-2.89473],[33.78726,-2.89757],[33.78104,-2.8984],[33.77844,-2.90016],[33.77408,-2.90009],[33.76102,-2.90941],[33.7577,-2.90931],[33.7467,-2.90702],[33.74174,-2.9019],[33.73541,-2.89118],[33.73386,-2.88524],[33.7304,-2.88283],[33.72458,-2.88203],[33.71734,-2.88858],[33.70994,-2.89262],[33.70495,-2.89662],[33.69466,-2.90039],[33.67719,-2.91296],[33.6749,-2.9117],[33.672,-2.90734],[33.67084,-2.90367],[33.67252,-2.89997],[33.67175,-2.89461],[33.67041,-2.89251],[33.66765,-2.89463],[33.66527,-2.89334],[33.66295,-2.88851],[33.65862,-2.88471],[33.66008,-2.88269],[33.65427,-2.87832],[33.65491,-2.87614],[33.65768,-2.87536],[33.65883,-2.87379],[33.65841,-2.872],[33.65779,-2.87079],[33.65227,-2.86852],[33.65182,-2.86752],[33.65517,-2.85842],[33.65508,-2.85067],[33.65373,-2.84656],[33.65621,-2.84666],[33.6581,-2.84488],[33.65878,-2.84213],[33.66208,-2.83774],[33.66498,-2.83792],[33.66624,-2.83708],[33.66856,-2.83837],[33.67036,-2.83685],[33.67356,-2.83684],[33.67553,-2.83546]]]},"properties":{"region":"Simiyu","district":"Itilima","ward":"Sawida","ward_code":"221"}},{"type":"Feature","geometry":{"type":"Polygon","coordinates":[[[34.42159,-3.41022],[34.41329,-3.44133],[34.41068,-3.45607],[34.41063,-3.46338],[34.40944,-3.46484],[34.40483,-3.46493],[34.39695,-3.46829],[34.39355,-3.47387],[34.39512,-3.47676],[34.3925,-3.47833],[34.39332,-3.47998],[34.39226,-3.48198],[34.39258,-3.48695],[34.38873,-3.49094],[34.38924,-3.49187],[34.38148,-3.49755],[34.37814,-3.5057],[34.37291,-3.51212],[34.37117,-3.51567],[34.36412,-3.51857],[34.35444,-3.52843],[34.35178,-3.52902],[34.34984,-3.53064],[34.35038,-3.53675],[34.34886,-3.53899],[34.34872,-3.54899],[34.35121,-3.55114],[34.35326,-3.55147],[34.35653,-3.55628],[34.35649,-3.56609],[34.35476,-3.57443],[34.35499,-3.57828],[34.35336,-3.57881],[34.35445,-3.58085],[34.35341,-3.58337],[34.35343,-3.58771],[34.35244,-3.58868],[34.35227,-3.59231],[34.35374,-3.59604],[34.35105,-3.60361],[34.3488,-3.60364],[34.34905,-3.6057],[34.34714,-3.6062],[34.34749,-3.60827],[34.34589,-3.60948],[34.34553,-3.61272],[34.33948,-3.61999],[34.34197,-3.62474],[34.34011,-3.62776],[34.3378,-3.62941],[34.33135,-3.62993],[34.32927,-3.63106],[34.3242,-3.64145],[34.32165,-3.64329],[34.3217,-3.64678],[34.32031,-3.65151],[34.3224,-3.65652],[34.3222,-3.65979],[34.31935,-3.66095],[34.30271,-3.66326],[34.30022,-3.66272],[34.30321,-3.66038],[34.30232,-3.65791],[34.30491,-3.6557],[34.30493,-3.65387],[34.3079,-3.64835],[34.30798,-3.64388],[34.3069,-3.64078],[34.30941,-3.63491],[34.31126,-3.63362],[34.30988,-3.63179],[34.31035,-3.62972],[34.30923,-3.62649],[34.31301,-3.62467],[34.31301,-3.62164],[34.31605,-3.62135],[34.31582,-3.61816],[34.31823,-3.61522],[34.3177,-3.61204],[34.31954,-3.60838],[34.31914,-3.60636],[34.31674,-3.60314],[34.31624,-3.59889],[34.31786,-3.59725],[34.31892,-3.59399],[34.31802,-3.59098],[34.31872,-3.58874],[34.31731,-3.58631],[34.31832,-3.58448],[34.31629,-3.58425],[34.31588,-3.58297],[34.31674,-3.57783],[34.31599,-3.5754],[34.30609,-3.57354],[34.30656,-3.5675],[34.30106,-3.56627],[34.29916,-3.56979],[34.29449,-3.5693],[34.29228,-3.56598],[34.28645,-3.56496],[34.28168,-3.56536],[34.28063,-3.56443],[34.2814,-3.56361],[34.27962,-3.56079],[34.28059,-3.55972],[34.27605,-3.55124],[34.27625,-3.54858],[34.27756,-3.54759],[34.27762,-3.54029],[34.27952,-3.53805],[34.27903,-3.53711],[34.28007,-3.53648],[34.28058,-3.53365],[34.28201,-3.53361],[34.28247,-3.53174],[34.28137,-3.53062],[34.28197,-3.52949],[34.27863,-3.52658],[34.27846,-3.51646],[34.2859,-3.51711],[34.28981,-3.51323],[34.29516,-3.51573],[34.29758,-3.50827],[34.30897,-3.49927],[34.3162,-3.4989],[34.3178,-3.49717],[34.33227,-3.49577],[34.33716,-3.49424],[34.33701,-3.49567],[34.33929,-3.49622],[34.3456,-3.49351],[34.34636,-3.49496],[34.34804,-3.4936],[34.34632,-3.48677],[34.34288,-3.48001],[34.34263,-3.47651],[34.34663,-3.47253],[34.3493,-3.47126],[34.34908,-3.46622],[34.34595,-3.46008],[34.34958,-3.4561],[34.35063,-3.45628],[34.35364,-3.4542],[34.35799,-3.45456],[34.36316,-3.44797],[34.3662,-3.44854],[34.36987,-3.44513],[34.3759,-3.44474],[34.38094,-3.44818],[34.3954,-3.44378],[34.39954,-3.43701],[34.40912,-3.43366],[34.40612,-3.42973],[34.40266,-3.43028],[34.40106,-3.42936],[34.4034,-3.42606],[34.40579,-3.42467],[34.40986,-3.42446],[34.41022,-3.42347],[34.41295,-3.42388],[34.41518,-3.42218],[34.41644,-3.41005],[34.42159,-3.41022]]]},"properties":{"region":"Simiyu","district":"Meatu","ward":"Mwanhuzi","ward_code":"013"}},{"type":"Feature","geometry":{"type":"Polygon","coordinates":[[[34.47218,-3.62775],[34.46977,-3.63321],[34.47154,-3.64265],[34.46601,-3.6486],[34.45507,-3.6716],[34.45161,-3.67701],[34.44015,-3.67921],[34.42299,-3.6803],[34.41828,-3.67897],[34.41649,-3.67674],[34.41336,-3.67505],[34.39619,-3.67408],[34.38177,-3.67044],[34.37854,-3.66634],[34.37273,-3.66289],[34.36704,-3.66206],[34.36402,-3.66633],[34.3546,-3.66485],[34.3449,-3.6659],[34.34342,-3.66954],[34.34519,-3.67221],[34.34358,-3.67349],[34.34384,-3.67503],[34.34114,-3.67715],[34.34262,-3.67946],[34.33851,-3.6805],[34.33956,-3.68308],[34.33407,-3.68819],[34.33166,-3.68884],[34.3299,-3.68748],[34.33099,-3.68208],[34.32885,-3.67805],[34.32676,-3.67639],[34.32676,-3.67179],[34.32482,-3.66835],[34.32385,-3.66204],[34.3222,-3.65979],[34.3224,-3.65652],[34.32031,-3.65151],[34.3217,-3.64678],[34.32165,-3.64329],[34.3242,-3.64145],[34.32927,-3.63106],[34.33135,-3.62993],[34.3378,-3.62941],[34.34042,-3.62741],[34.34197,-3.62474],[34.33948,-3.61999],[34.34553,-3.61272],[34.34589,-3.60948],[34.34749,-3.60827],[34.34714,-3.6062],[34.34905,-3.6057],[34.3488,-3.60364],[34.35105,-3.60361],[34.35374,-3.59604],[34.35227,-3.59231],[34.35244,-3.58868],[34.35343,-3.58771],[34.35341,-3.58337],[34.35445,-3.58085],[34.35336,-3.57881],[34.35499,-3.57828],[34.35476,-3.57443],[34.35649,-3.56609],[34.35591,-3.56145],[34.35692,-3.55993],[34.35653,-3.55628],[34.35326,-3.55147],[34.35121,-3.55114],[34.34872,-3.54899],[34.34886,-3.53899],[34.35038,-3.53675],[34.34984,-3.53064],[34.35178,-3.52902],[34.35444,-3.52843],[34.36412,-3.51857],[34.37117,-3.51567],[34.37291,-3.51212],[34.37814,-3.5057],[34.38148,-3.49755],[34.38531,-3.49475],[34.39274,-3.50843],[34.38675,-3.52245],[34.38873,-3.52709],[34.39266,-3.53101],[34.39607,-3.54773],[34.43006,-3.55888],[34.42971,-3.56491],[34.42614,-3.56857],[34.42754,-3.5719],[34.42544,-3.57475],[34.42527,-3.57715],[34.42365,-3.57745],[34.4262,-3.58272],[34.44018,-3.59348],[34.45721,-3.5979],[34.46704,-3.6063],[34.46609,-3.6079],[34.47218,-3.62775]]]},"properties":{"region":"Simiyu","district":"Meatu","ward":"Nkoma","ward_code":"021"}},{"type":"Feature","geometry":{"type":"Polygon","coordinates":[[[34.43064,-3.27694],[34.43288,-3.2799],[34.4344,-3.27938],[34.44364,-3.28294],[34.45217,-3.28252],[34.46273,-3.28903],[34.46487,-3.29219],[34.47177,-3.29065],[34.4745,-3.28606],[34.47511,-3.28649],[34.47447,-3.28855],[34.47592,-3.28692],[34.49237,-3.39377],[34.49138,-3.39918],[34.48714,-3.40325],[34.48575,-3.40767],[34.4825,-3.41182],[34.48139,-3.43482],[34.47332,-3.44258],[34.47338,-3.4446],[34.47214,-3.44615],[34.47401,-3.45821],[34.47308,-3.4813],[34.47785,-3.49845],[34.47619,-3.50432],[34.47739,-3.50988],[34.4768,-3.52468],[34.48114,-3.53074],[34.48633,-3.53407],[34.48837,-3.53836],[34.49217,-3.54017],[34.49169,-3.54608],[34.48727,-3.55993],[34.491,-3.57047],[34.49892,-3.57566],[34.49771,-3.57732],[34.49994,-3.57844],[34.50178,-3.58235],[34.50022,-3.58331],[34.49853,-3.58204],[34.49333,-3.58369],[34.49176,-3.58146],[34.48878,-3.58197],[34.48949,-3.5858],[34.48741,-3.58613],[34.48517,-3.58866],[34.48291,-3.58941],[34.48119,-3.59603],[34.47171,-3.5999],[34.47078,-3.60255],[34.46704,-3.6063],[34.45721,-3.5979],[34.44018,-3.59348],[34.4262,-3.58272],[34.42365,-3.57745],[34.42527,-3.57715],[34.42544,-3.57475],[34.42754,-3.5719],[34.42614,-3.56857],[34.42971,-3.56491],[34.43006,-3.55888],[34.39607,-3.54773],[34.39266,-3.53101],[34.38873,-3.52709],[34.38675,-3.52245],[34.39274,-3.50843],[34.38531,-3.49475],[34.38924,-3.49187],[34.38873,-3.49094],[34.39258,-3.48695],[34.39226,-3.48198],[34.39332,-3.47998],[34.3925,-3.47833],[34.39512,-3.47676],[34.39355,-3.47387],[34.39423,-3.47195],[34.39695,-3.46829],[34.40483,-3.46493],[34.40944,-3.46484],[34.41063,-3.46338],[34.41068,-3.45607],[34.41329,-3.44133],[34.42159,-3.41022],[34.42398,-3.36851],[34.41866,-3.36467],[34.41429,-3.35855],[34.40782,-3.35599],[34.40365,-3.35169],[34.40011,-3.35149],[34.39809,-3.34806],[34.39029,-3.34169],[34.38521,-3.3335],[34.38554,-3.33131],[34.38323,-3.32676],[34.37639,-3.32644],[34.37359,-3.32404],[34.36877,-3.32438],[34.36176,-3.32306],[34.35521,-3.32398],[34.34875,-3.32643],[34.34525,-3.32495],[34.34315,-3.32599],[34.34117,-3.3233],[34.33857,-3.32405],[34.334,-3.32045],[34.3316,-3.31631],[34.32173,-3.31385],[34.33139,-3.31086],[34.34171,-3.30183],[34.34592,-3.30462],[34.35032,-3.30405],[34.35249,-3.30231],[34.3555,-3.30252],[34.35665,-3.30073],[34.35535,-3.29589],[34.35609,-3.29528],[34.35959,-3.29704],[34.36151,-3.29624],[34.36395,-3.29861],[34.36525,-3.29817],[34.37049,-3.29119],[34.37533,-3.29119],[34.37691,-3.28659],[34.38204,-3.28045],[34.38476,-3.28097],[34.38527,-3.28261],[34.38895,-3.28024],[34.39139,-3.28015],[34.39421,-3.28138],[34.39522,-3.27842],[34.39786,-3.27831],[34.39928,-3.27627],[34.40172,-3.27759],[34.41045,-3.27819],[34.41224,-3.27909],[34.41207,-3.28003],[34.41461,-3.2786],[34.41735,-3.27869],[34.41826,-3.27706],[34.4209,-3.27655],[34.42465,-3.27419],[34.42546,-3.27654],[34.43064,-3.27694]]]},"properties":{"region":"Simiyu","district":"Meatu","ward":"Kimali","ward_code":"031"}},{"type":"Feature","geometry":{"type":"Polygon","coordinates":[[[34.22274,-3.48699],[34.23407,-3.49089],[34.23824,-3.49038],[34.24073,-3.49232],[34.24655,-3.49407],[34.26979,-3.50797],[34.27802,-3.51194],[34.27863,-3.52658],[34.28197,-3.52949],[34.28137,-3.53062],[34.28247,-3.53174],[34.28201,-3.53361],[34.28058,-3.53365],[34.28007,-3.53648],[34.27903,-3.53711],[34.27952,-3.53805],[34.27762,-3.54029],[34.27756,-3.54759],[34.27625,-3.54858],[34.27605,-3.55124],[34.28059,-3.55972],[34.27962,-3.56079],[34.2814,-3.56361],[34.28063,-3.56443],[34.28168,-3.56536],[34.28645,-3.56496],[34.29228,-3.56598],[34.29449,-3.5693],[34.29916,-3.56979],[34.30106,-3.56627],[34.30656,-3.5675],[34.30609,-3.57354],[34.31599,-3.5754],[34.31674,-3.57783],[34.31588,-3.58297],[34.31629,-3.58425],[34.31832,-3.58448],[34.31731,-3.58631],[34.31872,-3.58874],[34.31802,-3.59098],[34.31892,-3.59399],[34.31786,-3.59725],[34.31624,-3.59889],[34.31674,-3.60314],[34.31914,-3.60636],[34.31954,-3.60838],[34.3177,-3.61204],[34.31823,-3.61522],[34.31582,-3.61816],[34.31605,-3.62135],[34.31301,-3.62164],[34.31301,-3.62467],[34.30923,-3.62649],[34.31035,-3.62972],[34.30988,-3.63179],[34.31126,-3.63362],[34.30941,-3.63491],[34.3069,-3.64078],[34.30798,-3.64388],[34.3079,-3.64835],[34.30493,-3.65387],[34.30491,-3.6557],[34.30232,-3.65791],[34.30321,-3.66038],[34.30022,-3.66272],[34.28739,-3.6634],[34.28622,-3.66897],[34.28392,-3.67151],[34.28262,-3.6774],[34.27505,-3.67487],[34.26875,-3.67779],[34.27209,-3.68629],[34.27341,-3.70368],[34.26235,-3.71209],[34.26173,-3.70897],[34.25752,-3.70897],[34.25879,-3.70389],[34.25378,-3.70152],[34.2534,-3.6993],[34.2556,-3.69572],[34.25281,-3.69337],[34.25091,-3.68963],[34.2471,-3.68963],[34.24443,-3.68846],[34.2416,-3.68999],[34.23462,-3.68608],[34.23363,-3.68259],[34.23636,-3.68011],[34.23308,-3.67954],[34.22631,-3.67307],[34.22798,-3.66903],[34.22656,-3.66044],[34.22388,-3.65657],[34.21578,-3.65605],[34.21473,-3.6508],[34.2097,-3.64833],[34.20658,-3.64399],[34.20239,-3.64404],[34.19567,-3.63541],[34.19034,-3.63442],[34.18235,-3.62399],[34.1822,-3.61972],[34.18057,-3.61687],[34.1807,-3.61493],[34.1827,-3.61345],[34.18261,-3.61145],[34.18369,-3.60994],[34.18777,-3.61144],[34.18829,-3.60983],[34.18599,-3.60861],[34.18601,-3.60683],[34.19033,-3.59727],[34.18909,-3.59424],[34.18969,-3.58918],[34.18831,-3.5832],[34.1886,-3.57937],[34.18648,-3.5776],[34.18509,-3.57459],[34.18595,-3.57137],[34.18362,-3.5685],[34.18523,-3.56468],[34.1821,-3.5604],[34.17801,-3.56075],[34.17608,-3.55909],[34.17965,-3.55241],[34.17911,-3.5473],[34.18507,-3.54299],[34.19045,-3.54328],[34.19262,-3.54253],[34.19868,-3.53474],[34.19853,-3.53249],[34.20397,-3.53149],[34.20453,-3.52966],[34.20576,-3.52915],[34.2086,-3.53116],[34.20953,-3.53006],[34.20969,-3.52753],[34.20851,-3.52517],[34.21096,-3.52378],[34.21265,-3.5252],[34.21486,-3.52262],[34.21628,-3.51629],[34.21488,-3.5146],[34.2135,-3.5092],[34.21834,-3.50578],[34.21812,-3.49626],[34.22135,-3.49518],[34.22274,-3.48699]]]},"properties":{"region":"Simiyu","district":"Meatu","ward":"Mwamishali","ward_code":"041"}},{"type":"Feature","geometry":{"type":"MultiPolygon","coordinates":[[[[34.47592,-3.28692],[34.47447,-3.28855],[34.47511,-3.28634],[34.47592,-3.28692]]],[[[34.47592,-3.28692],[34.47846,-3.28722],[34.47917,-3.28447],[34.48039,-3.28416],[34.48282,-3.28528],[34.48475,-3.28201],[34.48668,-3.28272],[34.48718,-3.27966],[34.49336,-3.2719],[34.49183,-3.27058],[34.49345,-3.26731],[34.49335,-3.26527],[34.49172,-3.26394],[34.49314,-3.26374],[34.49273,-3.25884],[34.49375,-3.25904],[34.49618,-3.25649],[34.49688,-3.24853],[34.50062,-3.24261],[34.50032,-3.24047],[34.50163,-3.2371],[34.50477,-3.23618],[34.5063,-3.23648],[34.50671,-3.2377],[34.50762,-3.23719],[34.50914,-3.23382],[34.51052,-3.23334],[34.50978,-3.23185],[34.51486,-3.22978],[34.51629,-3.23018],[34.52039,-3.22598],[34.52136,-3.22684],[34.52364,-3.22546],[34.52461,-3.22649],[34.53003,-3.22384],[34.53203,-3.22545],[34.5362,-3.22573],[34.5366,-3.22739],[34.53774,-3.22659],[34.54214,-3.22669],[34.54489,-3.23031],[34.54871,-3.23041],[34.55003,-3.23162],[34.55059,-3.2284],[34.55202,-3.22823],[34.55299,-3.22685],[34.55499,-3.22736],[34.5563,-3.22667],[34.55618,-3.22489],[34.564,-3.22517],[34.5652,-3.22482],[34.5648,-3.2231],[34.56583,-3.22287],[34.56691,-3.22488],[34.56777,-3.22499],[34.56822,-3.22327],[34.56902,-3.22384],[34.57153,-3.22286],[34.57325,-3.22475],[34.57815,-3.22176],[34.57867,-3.21981],[34.58198,-3.22221],[34.58295,-3.22049],[34.58466,-3.22192],[34.58597,-3.22043],[34.58814,-3.22106],[34.58894,-3.21784],[34.59134,-3.21853],[34.59567,-3.21496],[34.59687,-3.2149],[34.59892,-3.2114],[34.59989,-3.21266],[34.60069,-3.21071],[34.60154,-3.21145],[34.60216,-3.20663],[34.59959,-3.18726],[34.60114,-3.18245],[34.59973,-3.1782],[34.59668,-3.17372],[34.58402,-3.16473],[34.57198,-3.153],[34.57013,-3.14982],[34.56581,-3.15116],[34.56463,-3.15011],[34.56891,-3.14569],[34.56941,-3.1412],[34.57428,-3.1365],[34.58589,-3.121],[34.59152,-3.10955],[34.64516,-3.12006],[34.70911,-3.13457],[34.76986,-3.14663],[34.88434,-3.14417],[34.88492,-3.46202],[34.79526,-3.46547],[34.72985,-3.49241],[34.67727,-3.50297],[34.67617,-3.52041],[34.66611,-3.53611],[34.63629,-3.54251],[34.63071,-3.53784],[34.6215,-3.53335],[34.61772,-3.53331],[34.59548,-3.54473],[34.58534,-3.54591],[34.57401,-3.53834],[34.56587,-3.53988],[34.55868,-3.54314],[34.54469,-3.553],[34.54039,-3.55162],[34.53987,-3.55479],[34.5382,-3.55407],[34.53699,-3.55471],[34.53578,-3.55733],[34.53239,-3.55486],[34.53142,-3.55554],[34.53247,-3.56219],[34.53061,-3.56235],[34.53003,-3.56042],[34.52531,-3.56029],[34.52435,-3.56155],[34.52376,-3.56311],[34.52584,-3.56667],[34.5253,-3.5711],[34.52279,-3.57172],[34.51921,-3.56988],[34.51606,-3.56998],[34.51558,-3.57248],[34.51404,-3.57398],[34.50845,-3.57257],[34.50644,-3.57498],[34.50418,-3.57331],[34.49892,-3.57566],[34.491,-3.57047],[34.48727,-3.55993],[34.49169,-3.54608],[34.49217,-3.54017],[34.48837,-3.53836],[34.48633,-3.53407],[34.48114,-3.53074],[34.4768,-3.52468],[34.47739,-3.50988],[34.47619,-3.50432],[34.47785,-3.49845],[34.47308,-3.4813],[34.47401,-3.45821],[34.47214,-3.44615],[34.47338,-3.4446],[34.47332,-3.44258],[34.48139,-3.43482],[34.4825,-3.41182],[34.48575,-3.40767],[34.48714,-3.40325],[34.49138,-3.39918],[34.49237,-3.39377],[34.47592,-3.28692]]]]},"properties":{"region":"Simiyu","district":"Meatu","ward":"Mwangudo","ward_code":"241"}},{"type":"Feature","geometry":{"type":"Polygon","coordinates":[[[34.334,-3.32045],[34.33857,-3.32405],[34.34117,-3.3233],[34.34315,-3.32599],[34.34525,-3.32495],[34.34875,-3.32643],[34.35521,-3.32398],[34.36176,-3.32306],[34.36877,-3.32438],[34.37359,-3.32404],[34.37639,-3.32644],[34.38323,-3.32676],[34.38554,-3.33131],[34.38521,-3.3335],[34.39029,-3.34169],[34.39809,-3.34806],[34.40011,-3.35149],[34.40365,-3.35169],[34.40782,-3.35599],[34.41429,-3.35855],[34.41866,-3.36467],[34.42398,-3.36851],[34.42159,-3.41022],[34.41644,-3.41005],[34.41518,-3.42218],[34.41295,-3.42388],[34.41022,-3.42347],[34.40986,-3.42446],[34.40579,-3.42467],[34.4034,-3.42606],[34.40106,-3.42936],[34.40266,-3.43028],[34.40612,-3.42973],[34.40912,-3.43366],[34.39954,-3.43701],[34.3954,-3.44378],[34.38094,-3.44818],[34.3759,-3.44474],[34.36987,-3.44513],[34.3662,-3.44854],[34.36316,-3.44797],[34.35799,-3.45456],[34.35364,-3.4542],[34.35063,-3.45628],[34.34958,-3.4561],[34.34595,-3.46008],[34.34908,-3.46622],[34.3493,-3.47126],[34.34663,-3.47253],[34.34263,-3.47651],[34.34288,-3.48001],[34.34632,-3.48677],[34.34804,-3.4936],[34.34636,-3.49496],[34.3456,-3.49351],[34.33929,-3.49622],[34.33701,-3.49567],[34.33716,-3.49424],[34.33227,-3.49577],[34.3178,-3.49717],[34.3162,-3.4989],[34.30897,-3.49927],[34.29758,-3.50827],[34.29516,-3.51573],[34.28981,-3.51323],[34.2859,-3.51711],[34.27846,-3.51646],[34.27802,-3.51194],[34.26979,-3.50797],[34.24655,-3.49407],[34.24073,-3.49232],[34.23824,-3.49038],[34.23407,-3.49089],[34.22274,-3.48699],[34.22458,-3.48403],[34.22402,-3.48065],[34.2192,-3.4773],[34.2199,-3.47419],[34.21747,-3.47177],[34.21909,-3.46982],[34.21869,-3.46816],[34.21425,-3.4678],[34.2149,-3.46556],[34.21204,-3.46124],[34.21282,-3.45406],[34.21621,-3.45007],[34.21706,-3.44529],[34.22091,-3.44427],[34.22352,-3.44247],[34.22138,-3.43636],[34.22739,-3.42643],[34.228,-3.42337],[34.22996,-3.4218],[34.23304,-3.42122],[34.23355,-3.41841],[34.23659,-3.41511],[34.23785,-3.41081],[34.23701,-3.40751],[34.238,-3.40202],[34.24622,-3.39727],[34.2473,-3.39469],[34.25178,-3.38981],[34.25467,-3.38799],[34.25258,-3.38438],[34.25339,-3.38313],[34.25571,-3.38268],[34.26092,-3.37057],[34.2609,-3.3684],[34.26392,-3.36791],[34.26663,-3.36334],[34.27201,-3.35777],[34.28204,-3.35018],[34.28649,-3.35118],[34.28907,-3.34944],[34.29243,-3.35082],[34.29448,-3.34722],[34.29671,-3.34717],[34.29577,-3.34257],[34.29765,-3.33801],[34.30152,-3.33736],[34.30331,-3.33365],[34.30284,-3.3259],[34.30844,-3.323],[34.31228,-3.31864],[34.31581,-3.31622],[34.32173,-3.31385],[34.3316,-3.31631],[34.334,-3.32045]]]},"properties":{"region":"Simiyu","district":"Meatu","ward":"Mwanyahina","ward_code":"251"}},{"type":"Feature","geometry":{"type":"Polygon","coordinates":[[[34.1822,-3.61972],[34.18235,-3.62399],[34.19034,-3.63442],[34.19567,-3.63541],[34.20239,-3.64404],[34.20658,-3.64399],[34.2097,-3.64833],[34.21473,-3.6508],[34.21578,-3.65605],[34.22388,-3.65657],[34.22656,-3.66044],[34.22798,-3.66903],[34.22631,-3.67307],[34.23308,-3.67954],[34.19415,-3.68263],[34.18385,-3.68818],[34.17933,-3.69396],[34.17886,-3.69978],[34.18347,-3.71104],[34.1809,-3.72648],[34.18564,-3.73539],[34.18376,-3.73835],[34.16544,-3.74916],[34.15403,-3.75715],[34.13823,-3.76398],[34.13568,-3.76604],[34.13243,-3.76954],[34.12108,-3.79888],[34.1179,-3.79982],[34.1161,-3.7993],[34.1122,-3.79568],[34.10966,-3.79045],[34.10644,-3.79007],[34.10388,-3.78853],[34.10554,-3.78563],[34.10071,-3.78233],[34.09973,-3.77994],[34.09937,-3.77097],[34.09369,-3.76063],[34.09141,-3.75951],[34.09108,-3.75454],[34.08664,-3.75154],[34.08494,-3.74831],[34.08175,-3.74583],[34.08141,-3.73797],[34.08885,-3.73331],[34.09233,-3.72699],[34.09148,-3.72341],[34.09351,-3.71979],[34.09211,-3.71454],[34.08804,-3.71167],[34.08464,-3.70545],[34.08437,-3.70129],[34.07668,-3.69188],[34.07513,-3.68642],[34.07769,-3.68505],[34.0775,-3.6825],[34.07841,-3.68241],[34.07873,-3.68456],[34.08085,-3.68468],[34.08108,-3.68316],[34.07897,-3.6821],[34.07902,-3.68117],[34.0808,-3.68176],[34.08188,-3.68068],[34.08159,-3.67989],[34.07928,-3.67995],[34.0801,-3.67788],[34.07897,-3.67629],[34.08188,-3.67646],[34.08199,-3.67449],[34.07914,-3.67366],[34.07781,-3.66631],[34.0807,-3.6655],[34.09922,-3.66588],[34.10398,-3.65418],[34.10767,-3.64911],[34.11816,-3.64494],[34.12577,-3.63851],[34.13884,-3.63257],[34.14591,-3.62625],[34.1649,-3.62281],[34.16926,-3.61862],[34.17203,-3.61994],[34.17691,-3.61806],[34.18107,-3.61796],[34.1822,-3.61972]]]},"properties":{"region":"Simiyu","district":"Meatu","ward":"Imalaseko","ward_code":"101"}},{"type":"Feature","geometry":{"type":"Polygon","coordinates":[[[34.22905,-3.78674],[34.24022,-3.78806],[34.2495,-3.78655],[34.252,-3.78846],[34.2525,-3.79061],[34.25466,-3.7909],[34.25696,-3.79624],[34.2595,-3.79699],[34.26343,-3.80703],[34.26535,-3.80864],[34.26515,-3.81026],[34.27211,-3.81442],[34.27474,-3.81762],[34.27839,-3.81825],[34.27969,-3.82118],[34.28325,-3.82261],[34.28664,-3.82196],[34.28997,-3.82445],[34.29254,-3.82353],[34.29768,-3.82667],[34.30349,-3.82672],[34.30888,-3.82813],[34.30504,-3.83531],[34.30787,-3.83781],[34.3078,-3.83996],[34.30255,-3.8464],[34.30214,-3.84994],[34.30013,-3.8523],[34.29906,-3.85951],[34.29712,-3.86379],[34.30045,-3.86514],[34.29753,-3.87527],[34.29488,-3.87893],[34.29212,-3.88015],[34.27786,-3.88088],[34.27245,-3.88692],[34.27253,-3.89302],[34.26787,-3.92145],[34.2742,-3.94043],[34.27593,-3.94218],[34.27525,-3.94584],[34.27692,-3.94697],[34.27543,-3.9509],[34.27872,-3.9522],[34.27966,-3.95627],[34.28298,-3.95924],[34.28264,-3.9637],[34.28454,-3.96495],[34.28463,-3.96699],[34.28268,-3.96898],[34.28243,-3.9712],[34.28459,-3.9749],[34.28651,-3.97619],[34.28813,-3.98002],[34.30204,-3.98909],[34.31581,-4.00583],[34.3355,-4.07194],[34.32029,-4.08323],[34.30281,-4.08598],[34.28455,-4.08684],[34.2564,-4.08383],[34.2361,-4.08287],[34.22664,-4.07944],[34.26007,-4.02447],[34.26317,-4.01581],[34.26229,-4.01506],[34.26231,-4.01192],[34.26006,-4.01041],[34.26032,-4.00557],[34.25912,-4.0014],[34.25592,-3.99889],[34.25436,-3.99406],[34.25159,-3.99286],[34.2542,-3.96786],[34.25145,-3.95888],[34.2549,-3.95245],[34.25126,-3.94965],[34.25205,-3.94202],[34.24221,-3.93065],[34.23867,-3.93033],[34.23629,-3.92413],[34.22087,-3.90914],[34.21771,-3.90457],[34.21383,-3.89594],[34.21377,-3.89339],[34.20088,-3.89634],[34.1904,-3.88793],[34.18938,-3.88418],[34.18511,-3.87856],[34.18463,-3.87261],[34.18348,-3.87144],[34.17954,-3.87118],[34.17736,-3.86707],[34.17282,-3.86511],[34.17467,-3.86065],[34.17327,-3.85708],[34.16757,-3.85649],[34.16751,-3.85395],[34.17122,-3.84959],[34.16913,-3.84624],[34.1584,-3.83377],[34.15632,-3.83227],[34.15277,-3.83321],[34.15058,-3.82813],[34.14772,-3.83029],[34.14478,-3.82615],[34.13566,-3.81872],[34.13455,-3.81483],[34.12966,-3.81162],[34.12741,-3.80491],[34.12422,-3.80299],[34.12184,-3.79866],[34.12108,-3.79888],[34.13243,-3.76954],[34.13568,-3.76604],[34.13823,-3.76398],[34.15403,-3.75715],[34.16544,-3.74916],[34.18376,-3.73835],[34.18564,-3.73539],[34.19177,-3.74151],[34.20388,-3.75081],[34.20618,-3.76763],[34.22905,-3.78674]]]},"properties":{"region":"Simiyu","district":"Meatu","ward":"Mwabuzo","ward_code":"111"}},{"type":"Feature","geometry":{"type":"Polygon","coordinates":[[[34.328,-3.80478],[34.33661,-3.80613],[34.33944,-3.80996],[34.3404,-3.81507],[34.33985,-3.81899],[34.34507,-3.82492],[34.34611,-3.82836],[34.34581,-3.83386],[34.34786,-3.8355],[34.34717,-3.83888],[34.35204,-3.84462],[34.3569,-3.84264],[34.36524,-3.84349],[34.39736,-3.83998],[34.40332,-3.84727],[34.4032,-3.85339],[34.40443,-3.85687],[34.40275,-3.85948],[34.40356,-3.86085],[34.40679,-3.85948],[34.40735,-3.86204],[34.41287,-3.86579],[34.41454,-3.86986],[34.41911,-3.87396],[34.41884,-3.87534],[34.42307,-3.87779],[34.42504,-3.8802],[34.42677,-3.88506],[34.43021,-3.88768],[34.43082,-3.89298],[34.43307,-3.89399],[34.43414,-3.89579],[34.43723,-3.90502],[34.43896,-3.90679],[34.43873,-3.90788],[34.44069,-3.90997],[34.4435,-3.91146],[34.44703,-3.91156],[34.44945,-3.91375],[34.45201,-3.92027],[34.46113,-3.92134],[34.46684,-3.93437],[34.47038,-3.93804],[34.46922,-3.94357],[34.46569,-3.94116],[34.4632,-3.94334],[34.46093,-3.94357],[34.45973,-3.94253],[34.45874,-3.94389],[34.45554,-3.94465],[34.45652,-3.94619],[34.45534,-3.94931],[34.45023,-3.94568],[34.447,-3.94866],[34.44407,-3.94777],[34.44308,-3.9513],[34.43438,-3.95302],[34.42876,-3.96235],[34.42565,-3.96439],[34.42473,-3.96794],[34.41961,-3.96966],[34.41721,-3.97224],[34.40988,-3.97585],[34.40883,-3.97458],[34.40609,-3.97636],[34.40223,-3.98285],[34.39682,-3.98723],[34.39354,-3.99436],[34.38651,-3.99807],[34.38599,-4.00013],[34.3864,-4.00828],[34.38981,-4.0179],[34.39183,-4.03563],[34.39202,-4.03982],[34.39043,-4.04201],[34.36969,-4.04779],[34.3665,-4.04899],[34.36012,-4.05357],[34.35234,-4.05617],[34.34596,-4.06075],[34.3355,-4.07194],[34.31581,-4.00583],[34.30204,-3.98909],[34.28813,-3.98002],[34.28651,-3.97619],[34.28459,-3.9749],[34.28243,-3.9712],[34.28268,-3.96898],[34.28463,-3.96699],[34.28454,-3.96495],[34.28264,-3.9637],[34.28298,-3.95924],[34.27966,-3.95627],[34.27872,-3.9522],[34.27543,-3.9509],[34.27692,-3.94697],[34.27525,-3.94584],[34.27593,-3.94218],[34.2742,-3.94043],[34.26787,-3.92145],[34.27253,-3.89302],[34.27245,-3.88692],[34.27786,-3.88088],[34.29212,-3.88015],[34.29488,-3.87893],[34.29753,-3.87527],[34.30045,-3.86514],[34.29712,-3.86379],[34.29906,-3.85951],[34.30013,-3.8523],[34.30214,-3.84994],[34.30255,-3.8464],[34.3078,-3.83996],[34.30787,-3.83781],[34.30504,-3.83531],[34.30839,-3.82864],[34.31029,-3.82669],[34.31454,-3.82588],[34.31995,-3.82328],[34.32364,-3.81501],[34.32861,-3.81095],[34.32754,-3.80661],[34.328,-3.80478]]]},"properties":{"region":"Simiyu","district":"Meatu","ward":"Mwamalole","ward_code":"121"}},{"type":"Feature","geometry":{"type":"Polygon","coordinates":[[[34.5885,-3.64232],[34.63006,-3.65254],[34.67053,-3.67221],[34.61274,-3.72791],[34.60012,-3.73134],[34.59054,-3.73753],[34.57647,-3.74028],[34.56613,-3.74742],[34.54527,-3.75076],[34.53206,-3.76351],[34.51766,-3.77368],[34.50555,-3.76681],[34.49812,-3.77274],[34.47909,-3.78229],[34.46953,-3.7853],[34.47283,-3.78894],[34.47157,-3.79372],[34.48271,-3.80367],[34.47988,-3.81145],[34.47048,-3.81781],[34.46366,-3.8265],[34.46638,-3.83025],[34.46504,-3.83229],[34.46303,-3.83315],[34.46442,-3.83479],[34.46422,-3.83787],[34.46785,-3.84044],[34.46703,-3.84316],[34.46924,-3.843],[34.46989,-3.84557],[34.47301,-3.84602],[34.4722,-3.85246],[34.47418,-3.85457],[34.46527,-3.85576],[34.42889,-3.88682],[34.42677,-3.88506],[34.42504,-3.8802],[34.42307,-3.87779],[34.41884,-3.87534],[34.41911,-3.87396],[34.41751,-3.87179],[34.41454,-3.86986],[34.41287,-3.86579],[34.40735,-3.86204],[34.40679,-3.85948],[34.40356,-3.86085],[34.40275,-3.85948],[34.40443,-3.85687],[34.4032,-3.85339],[34.40332,-3.84727],[34.39736,-3.83998],[34.3974,-3.83589],[34.39325,-3.83573],[34.39461,-3.83195],[34.39226,-3.82775],[34.39164,-3.82422],[34.39517,-3.82266],[34.39719,-3.81955],[34.39627,-3.81583],[34.3922,-3.81198],[34.3879,-3.81089],[34.38608,-3.80876],[34.38225,-3.7991],[34.38374,-3.79593],[34.38178,-3.79093],[34.3859,-3.78859],[34.4108,-3.78847],[34.41302,-3.77774],[34.41307,-3.77274],[34.41063,-3.76936],[34.41067,-3.76724],[34.39382,-3.76643],[34.39294,-3.75195],[34.39054,-3.74579],[34.38812,-3.73171],[34.36797,-3.7268],[34.36364,-3.72751],[34.35534,-3.71819],[34.33997,-3.72335],[34.33518,-3.72065],[34.33636,-3.71809],[34.33358,-3.71511],[34.33666,-3.70907],[34.33502,-3.70589],[34.32858,-3.70147],[34.32795,-3.69866],[34.33097,-3.69306],[34.33166,-3.68884],[34.33407,-3.68819],[34.33818,-3.68487],[34.33956,-3.68308],[34.33851,-3.6805],[34.34262,-3.67946],[34.34114,-3.67715],[34.34384,-3.67503],[34.34358,-3.67349],[34.34519,-3.67221],[34.34342,-3.66954],[34.3449,-3.6659],[34.3546,-3.66485],[34.36402,-3.66633],[34.36704,-3.66206],[34.37273,-3.66289],[34.37854,-3.66634],[34.38177,-3.67044],[34.39619,-3.67408],[34.41336,-3.67505],[34.41649,-3.67674],[34.41828,-3.67897],[34.42299,-3.6803],[34.44015,-3.67921],[34.47523,-3.67994],[34.49693,-3.67859],[34.50822,-3.67984],[34.52524,-3.68006],[34.54522,-3.6684],[34.55508,-3.64564],[34.56037,-3.64694],[34.56496,-3.64394],[34.5885,-3.64232]]]},"properties":{"region":"Simiyu","district":"Meatu","ward":"Mwanjolo","ward_code":"131"}},{"type":"Feature","geometry":{"type":"Polygon","coordinates":[[[34.23462,-3.68608],[34.2416,-3.68999],[34.24443,-3.68846],[34.2471,-3.68963],[34.25091,-3.68963],[34.25281,-3.69337],[34.2556,-3.69572],[34.2534,-3.6993],[34.25378,-3.70152],[34.25879,-3.70389],[34.25752,-3.70897],[34.26173,-3.70897],[34.26235,-3.71209],[34.26578,-3.71592],[34.26375,-3.72032],[34.27325,-3.72911],[34.27399,-3.73609],[34.28625,-3.73997],[34.29145,-3.74612],[34.30005,-3.74868],[34.30576,-3.75787],[34.31176,-3.75961],[34.31718,-3.76947],[34.32027,-3.77048],[34.32121,-3.77229],[34.31757,-3.7762],[34.3181,-3.77914],[34.32057,-3.7821],[34.32082,-3.78666],[34.32256,-3.79121],[34.32649,-3.79402],[34.3249,-3.79626],[34.32805,-3.79875],[34.32898,-3.8024],[34.32754,-3.80661],[34.32861,-3.81095],[34.32364,-3.81501],[34.31995,-3.82328],[34.31454,-3.82588],[34.31029,-3.82669],[34.30888,-3.82813],[34.30349,-3.82672],[34.29768,-3.82667],[34.29254,-3.82353],[34.28997,-3.82445],[34.28664,-3.82196],[34.28325,-3.82261],[34.27969,-3.82118],[34.27839,-3.81825],[34.27474,-3.81762],[34.27211,-3.81442],[34.26515,-3.81026],[34.26535,-3.80864],[34.26343,-3.80703],[34.2595,-3.79699],[34.25696,-3.79624],[34.25466,-3.7909],[34.2525,-3.79061],[34.252,-3.78846],[34.2495,-3.78655],[34.24022,-3.78806],[34.22905,-3.78674],[34.20618,-3.76763],[34.20388,-3.75081],[34.19177,-3.74151],[34.18325,-3.73176],[34.1809,-3.72648],[34.18347,-3.71104],[34.17886,-3.69978],[34.17933,-3.69396],[34.18385,-3.68818],[34.19415,-3.68263],[34.23444,-3.67922],[34.23636,-3.68011],[34.23363,-3.68259],[34.23462,-3.68608]]]},"properties":{"region":"Simiyu","district":"Meatu","ward":"Mwamanongu","ward_code":"171"}},{"type":"Feature","geometry":{"type":"Polygon","coordinates":[[[34.14798,-3.46391],[34.15942,-3.48746],[34.17,-3.49672],[34.16944,-3.49965],[34.17062,-3.5001],[34.17178,-3.50505],[34.17132,-3.51037],[34.17378,-3.5205],[34.18495,-3.52245],[34.18812,-3.52748],[34.19853,-3.53249],[34.19868,-3.53474],[34.19262,-3.54253],[34.19045,-3.54328],[34.18507,-3.54299],[34.17911,-3.5473],[34.17965,-3.55241],[34.17616,-3.55795],[34.17608,-3.55909],[34.17801,-3.56075],[34.1821,-3.5604],[34.18523,-3.56468],[34.18362,-3.5685],[34.18595,-3.57137],[34.18509,-3.57459],[34.18648,-3.5776],[34.1886,-3.57937],[34.18831,-3.5832],[34.18969,-3.58918],[34.18909,-3.59424],[34.19033,-3.59727],[34.18601,-3.60683],[34.18599,-3.60861],[34.18829,-3.60983],[34.18777,-3.61144],[34.18369,-3.60994],[34.18261,-3.61145],[34.1827,-3.61345],[34.1807,-3.61493],[34.18107,-3.61796],[34.17691,-3.61806],[34.17203,-3.61994],[34.16926,-3.61862],[34.1649,-3.62281],[34.14591,-3.62625],[34.13884,-3.63257],[34.12577,-3.63851],[34.11816,-3.64494],[34.10767,-3.64911],[34.10398,-3.65418],[34.09922,-3.66588],[34.08351,-3.66556],[34.08546,-3.66261],[34.08325,-3.65675],[34.08446,-3.65217],[34.08655,-3.64997],[34.08745,-3.64699],[34.08855,-3.64668],[34.08874,-3.64467],[34.0952,-3.64166],[34.09603,-3.6347],[34.09818,-3.62839],[34.10069,-3.62637],[34.10123,-3.62479],[34.10385,-3.62455],[34.10435,-3.62148],[34.10605,-3.62026],[34.10629,-3.61815],[34.10858,-3.61697],[34.10925,-3.61372],[34.11112,-3.61251],[34.11201,-3.60846],[34.11292,-3.6081],[34.11434,-3.59994],[34.11358,-3.59495],[34.11443,-3.58952],[34.11079,-3.58319],[34.10956,-3.57632],[34.11172,-3.57269],[34.1111,-3.56676],[34.11279,-3.56543],[34.11516,-3.55948],[34.11459,-3.55807],[34.12822,-3.53883],[34.09793,-3.53452],[34.09867,-3.53111],[34.09498,-3.52577],[34.09576,-3.52009],[34.09443,-3.51893],[34.0918,-3.5121],[34.09031,-3.51096],[34.09486,-3.50984],[34.09612,-3.51039],[34.0963,-3.50679],[34.09798,-3.50398],[34.10066,-3.5022],[34.10082,-3.50064],[34.09982,-3.50013],[34.09699,-3.50143],[34.09642,-3.50065],[34.09777,-3.49922],[34.09784,-3.49764],[34.09594,-3.49579],[34.09964,-3.48992],[34.10138,-3.48978],[34.10287,-3.48614],[34.10425,-3.48594],[34.10568,-3.48415],[34.11388,-3.48281],[34.12095,-3.48005],[34.13337,-3.47856],[34.13393,-3.47649],[34.13569,-3.47485],[34.13568,-3.46986],[34.13442,-3.46598],[34.1386,-3.45844],[34.14798,-3.46391]]]},"properties":{"region":"Simiyu","district":"Meatu","ward":"Ng'hoboko","ward_code":"181"}},{"type":"Feature","geometry":{"type":"Polygon","coordinates":[[[34.88512,-3.57556],[34.8854,-3.62428],[34.88225,-3.62693],[34.88255,-3.62467],[34.87983,-3.62662],[34.87803,-3.62569],[34.87706,-3.62689],[34.87746,-3.62558],[34.87322,-3.62863],[34.87249,-3.6282],[34.87405,-3.62681],[34.8724,-3.6266],[34.87225,-3.62761],[34.87069,-3.62694],[34.86947,-3.62865],[34.869,-3.62713],[34.8674,-3.62892],[34.86321,-3.62842],[34.86272,-3.62757],[34.86162,-3.62818],[34.8573,-3.62586],[34.8592,-3.62546],[34.85854,-3.62357],[34.84082,-3.61937],[34.83794,-3.61649],[34.83523,-3.61586],[34.82992,-3.62019],[34.82467,-3.62247],[34.82433,-3.62372],[34.82252,-3.62245],[34.8203,-3.62281],[34.82068,-3.62353],[34.81975,-3.62378],[34.82043,-3.62639],[34.82127,-3.62655],[34.82076,-3.62753],[34.82228,-3.62651],[34.82446,-3.6283],[34.82405,-3.63278],[34.82272,-3.63316],[34.82415,-3.63506],[34.82201,-3.63615],[34.82182,-3.63714],[34.82306,-3.63714],[34.82239,-3.63918],[34.82429,-3.64369],[34.82348,-3.6472],[34.82215,-3.64881],[34.82267,-3.65331],[34.82111,-3.65583],[34.81871,-3.65467],[34.81585,-3.6561],[34.81193,-3.66131],[34.80243,-3.6676],[34.80219,-3.66938],[34.79732,-3.67163],[34.79803,-3.67341],[34.79732,-3.67483],[34.7947,-3.67519],[34.79446,-3.67792],[34.78424,-3.68195],[34.77917,-3.68642],[34.76717,-3.7041],[34.7638,-3.70374],[34.76263,-3.7045],[34.76238,-3.70606],[34.75271,-3.71889],[34.75158,-3.72257],[34.75109,-3.73674],[34.74917,-3.73759],[34.74938,-3.73926],[34.75916,-3.7451],[34.76081,-3.74737],[34.76246,-3.74766],[34.7653,-3.74408],[34.76542,-3.74025],[34.76767,-3.73691],[34.76948,-3.7367],[34.77006,-3.73779],[34.76867,-3.73815],[34.76728,-3.74283],[34.76941,-3.74751],[34.76716,-3.74647],[34.76741,-3.7525],[34.76297,-3.75615],[34.76166,-3.76189],[34.75975,-3.7576],[34.75641,-3.76052],[34.7547,-3.76007],[34.75531,-3.76423],[34.75183,-3.76969],[34.75164,-3.7727],[34.75473,-3.77285],[34.75846,-3.76934],[34.76012,-3.76986],[34.7602,-3.77308],[34.75726,-3.77573],[34.75439,-3.78133],[34.75775,-3.77993],[34.75894,-3.78304],[34.75694,-3.7872],[34.75847,-3.79229],[34.76423,-3.79457],[34.7674,-3.79305],[34.76886,-3.79409],[34.76784,-3.79594],[34.76833,-3.79772],[34.77166,-3.7934],[34.77047,-3.79069],[34.77445,-3.7906],[34.77559,-3.79298],[34.77839,-3.79159],[34.77895,-3.79228],[34.77555,-3.79994],[34.76899,-3.80719],[34.76297,-3.811],[34.75021,-3.80795],[34.74524,-3.80304],[34.74253,-3.80309],[34.73776,-3.80906],[34.73492,-3.80979],[34.73404,-3.81415],[34.73216,-3.81358],[34.73036,-3.81158],[34.72817,-3.8142],[34.72595,-3.81342],[34.72526,-3.81674],[34.71298,-3.82016],[34.71049,-3.82345],[34.71141,-3.83272],[34.70864,-3.83359],[34.70805,-3.83584],[34.70977,-3.83972],[34.71594,-3.83935],[34.71629,-3.84276],[34.71413,-3.84618],[34.71161,-3.84707],[34.70928,-3.84463],[34.7084,-3.84582],[34.70472,-3.84687],[34.70265,-3.85086],[34.70087,-3.85065],[34.69808,-3.85215],[34.69657,-3.8579],[34.69122,-3.86018],[34.68884,-3.85919],[34.68685,-3.85988],[34.68461,-3.86491],[34.68145,-3.86733],[34.68064,-3.8713],[34.67874,-3.86984],[34.67326,-3.87363],[34.67137,-3.87098],[34.66304,-3.87218],[34.66292,-3.87089],[34.66526,-3.86998],[34.66524,-3.86835],[34.66315,-3.86811],[34.66223,-3.86574],[34.65655,-3.86051],[34.65107,-3.86091],[34.65027,-3.85894],[34.64828,-3.85828],[34.64447,-3.85995],[34.64261,-3.8623],[34.64491,-3.86295],[34.64531,-3.86434],[34.64225,-3.86571],[34.64374,-3.8705],[34.64137,-3.87148],[34.64334,-3.87426],[34.63946,-3.87671],[34.63996,-3.87795],[34.6404,-3.87668],[34.64164,-3.87664],[34.64314,-3.87916],[34.6425,-3.88011],[34.64104,-3.87926],[34.64116,-3.88099],[34.63949,-3.8801],[34.63842,-3.88082],[34.64035,-3.88384],[34.6403,-3.88655],[34.63397,-3.89012],[34.63282,-3.89597],[34.63135,-3.89738],[34.63345,-3.90056],[34.63134,-3.9016],[34.63221,-3.90494],[34.62932,-3.90411],[34.62783,-3.90925],[34.627,-3.90883],[34.62699,-3.90711],[34.62582,-3.90663],[34.62594,-3.90933],[34.62471,-3.91],[34.62348,-3.91331],[34.62213,-3.91027],[34.62079,-3.91104],[34.62013,-3.90985],[34.61948,-3.91017],[34.61998,-3.91225],[34.61874,-3.91378],[34.61718,-3.91226],[34.61436,-3.91156],[34.61417,-3.91339],[34.61241,-3.91285],[34.61226,-3.91613],[34.60911,-3.91625],[34.60838,-3.91953],[34.60622,-3.91784],[34.60525,-3.92122],[34.60349,-3.92231],[34.60471,-3.92335],[34.60329,-3.92398],[34.60149,-3.92792],[34.59944,-3.92637],[34.60172,-3.92434],[34.59978,-3.9218],[34.59884,-3.92233],[34.59935,-3.9242],[34.59842,-3.92311],[34.59754,-3.92359],[34.59509,-3.92669],[34.59383,-3.92482],[34.59385,-3.92264],[34.59292,-3.92506],[34.58989,-3.9236],[34.59077,-3.92565],[34.58766,-3.92427],[34.58816,-3.9259],[34.58626,-3.92613],[34.58766,-3.92821],[34.58687,-3.92914],[34.58535,-3.92667],[34.58441,-3.92661],[34.58477,-3.92484],[34.58298,-3.92407],[34.58271,-3.92073],[34.579,-3.91845],[34.57708,-3.91968],[34.57253,-3.91839],[34.57129,-3.9189],[34.57141,-3.91983],[34.56748,-3.91993],[34.56662,-3.92171],[34.56411,-3.9224],[34.56393,-3.92366],[34.56202,-3.92324],[34.56293,-3.92461],[34.56139,-3.9243],[34.56001,-3.92603],[34.55751,-3.9239],[34.54948,-3.92097],[34.54938,-3.91799],[34.54855,-3.91782],[34.54729,-3.91823],[34.54843,-3.92021],[34.54645,-3.91933],[34.54653,-3.92116],[34.54489,-3.92164],[34.5448,-3.91939],[34.54362,-3.91972],[34.54234,-3.91856],[34.54145,-3.91895],[34.54234,-3.92103],[34.54101,-3.91993],[34.53853,-3.921],[34.53826,-3.91952],[34.53984,-3.91827],[34.53862,-3.91777],[34.53726,-3.91989],[34.53536,-3.92062],[34.53474,-3.92266],[34.53451,-3.92053],[34.5322,-3.9221],[34.53058,-3.92074],[34.52895,-3.92137],[34.5274,-3.91956],[34.52585,-3.92119],[34.52686,-3.92268],[34.52449,-3.92413],[34.52391,-3.92291],[34.52511,-3.9225],[34.52514,-3.92154],[34.52211,-3.922],[34.51896,-3.92504],[34.51877,-3.92646],[34.5154,-3.9279],[34.5148,-3.93026],[34.51198,-3.92901],[34.50804,-3.93098],[34.50149,-3.92953],[34.49533,-3.92987],[34.49469,-3.93134],[34.49306,-3.93116],[34.49231,-3.9326],[34.49009,-3.93218],[34.48881,-3.93501],[34.4843,-3.93184],[34.47949,-3.93528],[34.47867,-3.93708],[34.47491,-3.93768],[34.4728,-3.94007],[34.47179,-3.93969],[34.47164,-3.93803],[34.47038,-3.93804],[34.46684,-3.93437],[34.46113,-3.92134],[34.45201,-3.92027],[34.44945,-3.91375],[34.44703,-3.91156],[34.4435,-3.91146],[34.44069,-3.90997],[34.43873,-3.90788],[34.43896,-3.90679],[34.43723,-3.90502],[34.43414,-3.89579],[34.43307,-3.89399],[34.43082,-3.89298],[34.43021,-3.88768],[34.42889,-3.88682],[34.46527,-3.85576],[34.47418,-3.85457],[34.4722,-3.85246],[34.47301,-3.84602],[34.46989,-3.84557],[34.46924,-3.843],[34.46703,-3.84316],[34.46785,-3.84044],[34.46422,-3.83787],[34.46442,-3.83479],[34.46303,-3.83315],[34.46504,-3.83229],[34.46638,-3.83025],[34.46366,-3.8265],[34.47048,-3.81781],[34.47988,-3.81145],[34.48271,-3.80367],[34.47157,-3.79372],[34.47283,-3.78894],[34.46953,-3.7853],[34.47909,-3.78229],[34.49812,-3.77274],[34.50555,-3.76681],[34.51766,-3.77368],[34.53206,-3.76351],[34.54527,-3.75076],[34.56613,-3.74742],[34.57647,-3.74028],[34.59054,-3.73753],[34.60012,-3.73134],[34.61274,-3.72791],[34.67053,-3.67221],[34.77935,-3.60963],[34.82226,-3.60138],[34.84648,-3.58316],[34.88512,-3.57556]]]},"properties":{"region":"Simiyu","district":"Meatu","ward":"Bukundi","ward_code":"191"}},{"type":"Feature","geometry":{"type":"Polygon","coordinates":[[[34.32385,-3.66204],[34.32482,-3.66835],[34.32676,-3.67179],[34.32676,-3.67639],[34.32885,-3.67805],[34.33099,-3.68208],[34.3299,-3.68748],[34.33166,-3.68884],[34.33097,-3.69306],[34.32795,-3.69866],[34.32858,-3.70147],[34.33502,-3.70589],[34.33666,-3.70907],[34.33358,-3.71511],[34.33636,-3.71809],[34.33518,-3.72065],[34.33997,-3.72335],[34.35534,-3.71819],[34.36364,-3.72751],[34.36797,-3.7268],[34.38812,-3.73171],[34.39054,-3.74579],[34.39294,-3.75195],[34.39382,-3.76643],[34.41067,-3.76724],[34.41063,-3.76936],[34.41307,-3.77274],[34.41302,-3.77774],[34.4108,-3.78847],[34.3859,-3.78859],[34.38178,-3.79093],[34.38374,-3.79593],[34.38225,-3.7991],[34.38608,-3.80876],[34.3879,-3.81089],[34.3922,-3.81198],[34.39627,-3.81583],[34.39719,-3.81955],[34.39517,-3.82266],[34.39164,-3.82422],[34.39226,-3.82775],[34.39461,-3.83195],[34.39325,-3.83573],[34.3974,-3.83589],[34.39736,-3.83998],[34.36524,-3.84349],[34.3569,-3.84264],[34.35204,-3.84462],[34.34717,-3.83888],[34.34786,-3.8355],[34.34581,-3.83386],[34.34611,-3.82836],[34.34507,-3.82492],[34.33985,-3.81899],[34.3404,-3.81507],[34.33944,-3.80996],[34.33661,-3.80613],[34.328,-3.80478],[34.32898,-3.8024],[34.32805,-3.79875],[34.3249,-3.79626],[34.32649,-3.79402],[34.32256,-3.79121],[34.32082,-3.78666],[34.32057,-3.7821],[34.3181,-3.77914],[34.31757,-3.7762],[34.32121,-3.77229],[34.32027,-3.77048],[34.31718,-3.76947],[34.31176,-3.75961],[34.30576,-3.75787],[34.30005,-3.74868],[34.29145,-3.74612],[34.28625,-3.73997],[34.27399,-3.73609],[34.27325,-3.72911],[34.26375,-3.72032],[34.26578,-3.71592],[34.26235,-3.71209],[34.27341,-3.70368],[34.27209,-3.68629],[34.26875,-3.67779],[34.27505,-3.67487],[34.28262,-3.6774],[34.28392,-3.67151],[34.28622,-3.66897],[34.28739,-3.6634],[34.29839,-3.66259],[34.30271,-3.66326],[34.31935,-3.66095],[34.3222,-3.65979],[34.32385,-3.66204]]]},"properties":{"region":"Simiyu","district":"Meatu","ward":"Mwamanimba","ward_code":"211"}},{"type":"Feature","geometry":{"type":"Polygon","coordinates":[[[34.88492,-3.46202],[34.88512,-3.57556],[34.84648,-3.58316],[34.82226,-3.60138],[34.77935,-3.60963],[34.67053,-3.67221],[34.63006,-3.65254],[34.5885,-3.64232],[34.56496,-3.64394],[34.56037,-3.64694],[34.55508,-3.64564],[34.54522,-3.6684],[34.52524,-3.68006],[34.50822,-3.67984],[34.49693,-3.67859],[34.47523,-3.67994],[34.44015,-3.67921],[34.45161,-3.67701],[34.45507,-3.6716],[34.46601,-3.6486],[34.47154,-3.64265],[34.46977,-3.63321],[34.47218,-3.62775],[34.46609,-3.6079],[34.47078,-3.60255],[34.47138,-3.60032],[34.48119,-3.59603],[34.48291,-3.58941],[34.48517,-3.58866],[34.48741,-3.58613],[34.48949,-3.5858],[34.48878,-3.58197],[34.49176,-3.58146],[34.49333,-3.58369],[34.49853,-3.58204],[34.50022,-3.58331],[34.50178,-3.58235],[34.49994,-3.57844],[34.49771,-3.57732],[34.49773,-3.57629],[34.50418,-3.57331],[34.50644,-3.57498],[34.50845,-3.57257],[34.51404,-3.57398],[34.51558,-3.57248],[34.51606,-3.56998],[34.51921,-3.56988],[34.52279,-3.57172],[34.52594,-3.57065],[34.52584,-3.56667],[34.52376,-3.56311],[34.52435,-3.56155],[34.52531,-3.56029],[34.53003,-3.56042],[34.53061,-3.56235],[34.53247,-3.56219],[34.53125,-3.55651],[34.53239,-3.55486],[34.53578,-3.55733],[34.53699,-3.55471],[34.5382,-3.55407],[34.53987,-3.55479],[34.54039,-3.55162],[34.54469,-3.553],[34.55868,-3.54314],[34.56587,-3.53988],[34.57401,-3.53834],[34.58534,-3.54591],[34.59548,-3.54473],[34.61772,-3.53331],[34.6215,-3.53335],[34.63071,-3.53784],[34.63629,-3.54251],[34.66611,-3.53611],[34.67617,-3.52041],[34.67727,-3.50297],[34.72985,-3.49241],[34.79526,-3.46547],[34.88492,-3.46202]]]},"properties":{"region":"Simiyu","district":"Meatu","ward":"Mbushi","ward_code":"261"}},{"type":"Feature","geometry":{"type":"Polygon","coordinates":[[[34.09642,-3.50065],[34.09699,-3.50143],[34.09854,-3.50031],[34.10082,-3.50064],[34.10066,-3.5022],[34.09798,-3.50398],[34.0963,-3.50679],[34.09612,-3.51039],[34.09486,-3.50984],[34.09031,-3.51096],[34.0918,-3.5121],[34.09443,-3.51893],[34.09576,-3.52009],[34.09498,-3.52577],[34.09867,-3.53111],[34.09793,-3.53452],[34.12822,-3.53883],[34.11459,-3.55807],[34.11516,-3.55948],[34.11279,-3.56543],[34.1111,-3.56676],[34.11172,-3.57269],[34.10956,-3.57632],[34.11079,-3.58319],[34.11443,-3.58952],[34.11358,-3.59495],[34.11434,-3.59994],[34.11292,-3.6081],[34.11201,-3.60846],[34.11112,-3.61251],[34.10925,-3.61372],[34.10858,-3.61697],[34.10629,-3.61815],[34.10605,-3.62026],[34.10435,-3.62148],[34.10385,-3.62455],[34.10123,-3.62479],[34.10069,-3.62637],[34.09818,-3.62839],[34.09603,-3.6347],[34.0952,-3.64166],[34.08874,-3.64467],[34.08855,-3.64668],[34.08745,-3.64699],[34.08655,-3.64997],[34.08446,-3.65217],[34.08325,-3.65675],[34.08546,-3.66261],[34.08351,-3.66556],[34.0807,-3.6655],[34.0776,-3.65606],[34.07489,-3.65251],[34.07485,-3.64919],[34.07124,-3.64992],[34.06417,-3.64795],[34.0608,-3.64347],[34.06171,-3.63649],[34.06039,-3.63321],[34.06127,-3.6289],[34.05832,-3.62321],[34.06294,-3.62065],[34.06522,-3.61634],[34.06819,-3.61329],[34.06925,-3.6087],[34.07126,-3.60537],[34.07135,-3.60247],[34.06813,-3.59651],[34.06487,-3.59412],[34.06438,-3.5915],[34.06541,-3.58598],[34.0641,-3.5748],[34.06449,-3.57184],[34.06662,-3.57007],[34.06677,-3.56848],[34.06537,-3.56696],[34.06609,-3.56434],[34.06875,-3.56084],[34.06886,-3.55904],[34.06759,-3.55758],[34.06803,-3.55607],[34.07224,-3.55519],[34.07459,-3.5524],[34.07638,-3.55168],[34.07989,-3.55137],[34.08311,-3.54887],[34.08426,-3.54373],[34.0813,-3.54166],[34.08002,-3.53834],[34.08061,-3.53542],[34.07942,-3.53308],[34.07978,-3.52558],[34.07206,-3.52338],[34.06916,-3.52372],[34.06833,-3.52286],[34.06797,-3.51328],[34.07068,-3.50692],[34.07392,-3.50609],[34.07488,-3.50262],[34.07415,-3.49796],[34.07759,-3.49345],[34.0775,-3.49194],[34.07526,-3.48905],[34.0758,-3.48491],[34.0722,-3.47913],[34.07248,-3.4753],[34.06894,-3.47045],[34.07114,-3.46935],[34.08816,-3.4698],[34.09452,-3.47452],[34.09427,-3.47661],[34.09966,-3.48301],[34.10005,-3.48664],[34.09936,-3.49141],[34.09594,-3.49579],[34.09784,-3.49764],[34.09777,-3.49922],[34.09642,-3.50065]]]},"properties":{"region":"Simiyu","district":"Meatu","ward":"Kabondo","ward_code":"271"}},{"type":"Feature","geometry":{"type":"Polygon","coordinates":[[[34.17489,-3.31488],[34.17757,-3.31921],[34.17979,-3.33632],[34.17624,-3.34483],[34.17352,-3.3463],[34.17482,-3.34955],[34.17493,-3.35339],[34.16597,-3.36969],[34.16662,-3.37218],[34.16553,-3.3742],[34.16537,-3.37805],[34.16733,-3.38755],[34.16563,-3.39263],[34.16716,-3.39433],[34.16615,-3.40031],[34.16522,-3.40225],[34.16297,-3.40363],[34.16255,-3.40549],[34.16351,-3.40624],[34.1635,-3.40804],[34.1609,-3.41469],[34.16096,-3.41575],[34.16266,-3.41593],[34.16125,-3.42052],[34.16142,-3.42432],[34.15887,-3.42804],[34.1592,-3.43059],[34.15593,-3.4331],[34.1569,-3.43724],[34.15635,-3.44115],[34.15347,-3.44185],[34.15357,-3.44457],[34.15181,-3.44827],[34.14891,-3.44911],[34.14523,-3.45399],[34.13968,-3.45411],[34.13863,-3.45512],[34.1386,-3.45844],[34.13442,-3.46598],[34.13568,-3.46986],[34.13569,-3.47485],[34.13393,-3.47649],[34.13337,-3.47856],[34.12095,-3.48005],[34.11388,-3.48281],[34.10568,-3.48415],[34.10425,-3.48594],[34.10287,-3.48614],[34.10138,-3.48978],[34.09964,-3.48992],[34.09966,-3.48301],[34.09427,-3.47661],[34.09452,-3.47452],[34.08816,-3.4698],[34.07114,-3.46935],[34.06894,-3.47045],[34.06578,-3.46673],[34.06602,-3.4638],[34.06876,-3.45962],[34.06874,-3.45743],[34.07134,-3.45491],[34.07267,-3.45418],[34.07936,-3.4545],[34.08309,-3.44852],[34.08601,-3.44975],[34.08745,-3.44909],[34.08964,-3.44566],[34.09164,-3.44432],[34.09157,-3.44202],[34.09553,-3.43442],[34.10314,-3.4309],[34.1042,-3.42878],[34.10451,-3.4236],[34.10752,-3.42055],[34.1054,-3.41712],[34.11283,-3.41216],[34.1157,-3.40668],[34.11416,-3.40396],[34.11477,-3.40016],[34.11677,-3.39645],[34.11876,-3.39642],[34.11912,-3.39775],[34.12171,-3.39608],[34.12151,-3.39195],[34.12345,-3.39004],[34.12189,-3.38563],[34.1231,-3.38336],[34.11992,-3.37708],[34.12039,-3.37573],[34.12184,-3.37521],[34.12215,-3.36948],[34.12007,-3.36826],[34.12038,-3.36168],[34.11873,-3.35999],[34.11887,-3.35726],[34.12159,-3.35516],[34.12357,-3.35063],[34.12284,-3.34956],[34.12008,-3.34928],[34.11882,-3.34726],[34.11636,-3.34577],[34.11727,-3.34106],[34.11434,-3.33965],[34.11252,-3.33513],[34.10945,-3.33244],[34.10938,-3.33096],[34.11642,-3.33167],[34.13006,-3.32797],[34.13377,-3.32309],[34.13719,-3.32158],[34.14179,-3.31536],[34.167,-3.31601],[34.17489,-3.31488]]]},"properties":{"region":"Simiyu","district":"Meatu","ward":"Itinje","ward_code":"051"}},{"type":"Feature","geometry":{"type":"Polygon","coordinates":[[[34.11196,-3.24342],[34.12397,-3.24582],[34.13507,-3.24568],[34.1414,-3.24927],[34.16183,-3.24942],[34.17079,-3.26307],[34.17558,-3.26676],[34.17807,-3.27203],[34.18122,-3.27466],[34.18517,-3.27474],[34.18938,-3.27696],[34.19016,-3.28066],[34.1917,-3.28239],[34.19767,-3.28428],[34.19825,-3.28552],[34.19986,-3.28443],[34.1981,-3.28242],[34.19903,-3.2796],[34.20462,-3.27447],[34.20311,-3.27145],[34.20341,-3.26525],[34.2058,-3.26423],[34.20916,-3.26068],[34.21415,-3.26101],[34.22318,-3.25941],[34.23116,-3.25683],[34.23316,-3.25859],[34.22837,-3.27156],[34.23058,-3.27966],[34.23615,-3.29214],[34.23073,-3.29856],[34.22993,-3.3032],[34.23536,-3.30931],[34.23392,-3.31137],[34.24094,-3.32649],[34.22077,-3.32629],[34.22081,-3.33252],[34.21885,-3.3387],[34.21148,-3.33419],[34.20283,-3.33627],[34.19627,-3.33295],[34.19605,-3.33162],[34.19785,-3.3281],[34.19373,-3.32735],[34.18527,-3.3281],[34.18314,-3.32665],[34.17905,-3.32818],[34.17757,-3.31921],[34.17489,-3.31488],[34.167,-3.31601],[34.14349,-3.31502],[34.14179,-3.31536],[34.13719,-3.32158],[34.13377,-3.32309],[34.13006,-3.32797],[34.11642,-3.33167],[34.10938,-3.33096],[34.10919,-3.32714],[34.10684,-3.32503],[34.10408,-3.32411],[34.10198,-3.32516],[34.09966,-3.32216],[34.09406,-3.31924],[34.0921,-3.31649],[34.09062,-3.31616],[34.08893,-3.31325],[34.08891,-3.30896],[34.09005,-3.30739],[34.08979,-3.30344],[34.08919,-3.30195],[34.08712,-3.30071],[34.08778,-3.29929],[34.08695,-3.29708],[34.08365,-3.29544],[34.08059,-3.29671],[34.078,-3.29284],[34.07801,-3.29037],[34.0711,-3.28944],[34.06893,-3.28792],[34.0677,-3.28631],[34.06778,-3.28272],[34.05742,-3.27668],[34.05109,-3.26368],[34.06938,-3.26039],[34.09893,-3.26413],[34.10514,-3.27012],[34.10969,-3.2669],[34.11246,-3.26219],[34.10736,-3.26207],[34.10597,-3.25693],[34.11075,-3.24689],[34.11246,-3.24507],[34.11196,-3.24342]]]},"properties":{"region":"Simiyu","district":"Meatu","ward":"Lubiga","ward_code":"161"}},{"type":"Feature","geometry":{"type":"Polygon","coordinates":[[[34.23758,-3.3824],[34.24976,-3.38744],[34.25258,-3.38438],[34.25467,-3.38799],[34.25178,-3.38981],[34.2473,-3.39469],[34.24622,-3.39727],[34.238,-3.40202],[34.23701,-3.40751],[34.23785,-3.41081],[34.23659,-3.41511],[34.23355,-3.41841],[34.23304,-3.42122],[34.22996,-3.4218],[34.228,-3.42337],[34.22739,-3.42643],[34.22138,-3.43636],[34.22352,-3.44247],[34.22091,-3.44427],[34.21706,-3.44529],[34.21621,-3.45007],[34.21282,-3.45406],[34.21204,-3.46124],[34.2149,-3.46556],[34.21425,-3.4678],[34.21869,-3.46816],[34.21909,-3.46982],[34.21747,-3.47177],[34.2199,-3.47419],[34.2192,-3.4773],[34.22402,-3.48065],[34.22458,-3.48403],[34.22274,-3.48699],[34.22135,-3.49518],[34.21812,-3.49626],[34.21834,-3.50578],[34.2135,-3.5092],[34.21488,-3.5146],[34.21628,-3.51629],[34.21486,-3.52262],[34.21265,-3.5252],[34.21096,-3.52378],[34.20851,-3.52517],[34.20969,-3.52753],[34.2086,-3.53116],[34.20576,-3.52915],[34.20453,-3.52966],[34.20397,-3.53149],[34.19853,-3.53249],[34.18812,-3.52748],[34.18495,-3.52245],[34.17378,-3.5205],[34.17132,-3.51037],[34.17178,-3.50505],[34.17062,-3.5001],[34.16944,-3.49965],[34.17,-3.49672],[34.15942,-3.48746],[34.14798,-3.46391],[34.1386,-3.45844],[34.13863,-3.45512],[34.13968,-3.45411],[34.14523,-3.45399],[34.14891,-3.44911],[34.15181,-3.44827],[34.15357,-3.44457],[34.15347,-3.44185],[34.15635,-3.44115],[34.1569,-3.43724],[34.15593,-3.4331],[34.1592,-3.43059],[34.15887,-3.42804],[34.16142,-3.42432],[34.16125,-3.42052],[34.16266,-3.41593],[34.16096,-3.41575],[34.1609,-3.41469],[34.1635,-3.40804],[34.16351,-3.40624],[34.16255,-3.40549],[34.16297,-3.40363],[34.16522,-3.40225],[34.16615,-3.40031],[34.17038,-3.39819],[34.17498,-3.40232],[34.18028,-3.40251],[34.18674,-3.40488],[34.19346,-3.40039],[34.20179,-3.404],[34.2141,-3.39559],[34.23315,-3.38589],[34.23758,-3.3824]]]},"properties":{"region":"Simiyu","district":"Meatu","ward":"Isengwa","ward_code":"281"}},{"type":"Feature","geometry":{"type":"Polygon","coordinates":[[[34.30284,-3.3259],[34.30331,-3.33365],[34.30152,-3.33736],[34.29765,-3.33801],[34.29577,-3.34257],[34.29671,-3.34717],[34.29448,-3.34722],[34.29243,-3.35082],[34.28907,-3.34944],[34.28649,-3.35118],[34.28204,-3.35018],[34.27201,-3.35777],[34.26663,-3.36334],[34.26392,-3.36791],[34.2609,-3.3684],[34.26092,-3.37057],[34.25571,-3.38268],[34.25339,-3.38313],[34.24976,-3.38744],[34.23758,-3.3824],[34.23315,-3.38589],[34.2141,-3.39559],[34.20179,-3.404],[34.19346,-3.40039],[34.18674,-3.40488],[34.18028,-3.40251],[34.17498,-3.40232],[34.17038,-3.39819],[34.16615,-3.40031],[34.16716,-3.39433],[34.16563,-3.39263],[34.16733,-3.38755],[34.16537,-3.37805],[34.16553,-3.3742],[34.16662,-3.37218],[34.16597,-3.36969],[34.17493,-3.35339],[34.17482,-3.34955],[34.17352,-3.3463],[34.17624,-3.34483],[34.17979,-3.33632],[34.17905,-3.32818],[34.18314,-3.32665],[34.18527,-3.3281],[34.19373,-3.32735],[34.19785,-3.3281],[34.19605,-3.33162],[34.19627,-3.33295],[34.20283,-3.33627],[34.21148,-3.33419],[34.21885,-3.3387],[34.22081,-3.33252],[34.22077,-3.32629],[34.24094,-3.32649],[34.23392,-3.31137],[34.23536,-3.30931],[34.22993,-3.3032],[34.23073,-3.29856],[34.23615,-3.29214],[34.23058,-3.27966],[34.22837,-3.27156],[34.23316,-3.25859],[34.23939,-3.25518],[34.2458,-3.25383],[34.25702,-3.25995],[34.25261,-3.26388],[34.25986,-3.27101],[34.25794,-3.27805],[34.26315,-3.28299],[34.26615,-3.29073],[34.28287,-3.30205],[34.28566,-3.30753],[34.30284,-3.3259]]]},"properties":{"region":"Simiyu","district":"Meatu","ward":"Mbugayabanghya","ward_code":"291"}},{"type":"Feature","geometry":{"type":"Polygon","coordinates":[[[34.16444,-2.98874],[34.16676,-2.9847],[34.16758,-2.98723],[34.16905,-2.98766],[34.17026,-2.98978],[34.1747,-2.99199],[34.18177,-2.99351],[34.18552,-2.99719],[34.18661,-2.99625],[34.18842,-2.99755],[34.19254,-2.99796],[34.19413,-3.00064],[34.19475,-3.00012],[34.198,-3.00175],[34.20023,-3.00967],[34.20579,-3.01375],[34.20731,-3.01881],[34.21184,-3.02415],[34.21502,-3.03296],[34.2137,-3.03632],[34.21418,-3.04307],[34.21667,-3.04823],[34.21524,-3.05328],[34.21733,-3.05852],[34.21744,-3.06624],[34.22286,-3.07286],[34.22001,-3.09268],[34.22893,-3.10311],[34.22184,-3.10511],[34.21211,-3.10313],[34.19904,-3.11093],[34.18426,-3.13662],[34.18269,-3.13677],[34.18136,-3.13555],[34.17657,-3.1378],[34.17226,-3.13683],[34.16417,-3.13849],[34.15987,-3.13553],[34.15584,-3.1343],[34.14872,-3.13312],[34.14701,-3.13425],[34.13767,-3.13398],[34.15475,-3.11409],[34.1493,-3.1011],[34.1483,-3.10104],[34.14668,-3.09651],[34.14242,-3.09128],[34.13658,-3.08987],[34.13074,-3.08499],[34.12981,-3.07866],[34.12847,-3.0764],[34.11294,-3.06597],[34.10353,-3.05597],[34.10545,-3.03737],[34.10476,-3.03725],[34.10576,-3.03742],[34.10673,-3.03776],[34.10708,-3.03776],[34.10723,-3.0345],[34.11338,-3.03335],[34.1174,-3.03143],[34.11774,-3.02778],[34.12568,-3.02341],[34.13549,-3.01045],[34.13596,-3.0083],[34.13817,-3.00725],[34.1361,-3.00551],[34.13649,-3.00451],[34.13758,-3.00456],[34.13858,-3.00283],[34.14158,-3.00377],[34.14549,-3.00064],[34.14668,-2.9972],[34.1475,-2.99648],[34.14856,-2.99702],[34.15013,-2.99388],[34.15396,-2.9931],[34.15806,-2.98952],[34.16139,-2.99072],[34.16139,-2.98929],[34.15904,-2.98689],[34.16075,-2.98508],[34.16274,-2.98466],[34.16444,-2.98874]]]},"properties":{"region":"Simiyu","district":"Meatu","ward":"Kisesa","ward_code":"061"}},{"type":"Feature","geometry":{"type":"Polygon","coordinates":[[[34.22286,-3.07286],[34.23181,-3.07781],[34.24629,-3.07549],[34.27538,-3.08138],[34.29116,-3.08135],[34.2908,-3.1157],[34.28367,-3.12974],[34.27853,-3.13317],[34.27399,-3.14568],[34.26573,-3.15936],[34.26241,-3.17082],[34.26273,-3.1753],[34.25773,-3.1751],[34.24636,-3.18019],[34.24696,-3.18079],[34.24399,-3.18591],[34.24689,-3.18743],[34.25083,-3.18627],[34.2536,-3.19226],[34.25786,-3.19358],[34.26067,-3.19738],[34.28037,-3.20882],[34.27547,-3.22224],[34.28053,-3.22445],[34.29058,-3.22147],[34.29405,-3.2236],[34.2953,-3.22716],[34.29205,-3.24204],[34.28996,-3.24351],[34.28844,-3.24286],[34.28556,-3.24508],[34.28503,-3.24722],[34.28155,-3.25053],[34.27999,-3.24853],[34.27431,-3.24854],[34.27271,-3.2462],[34.27187,-3.24743],[34.26649,-3.24776],[34.26294,-3.25085],[34.26066,-3.24854],[34.25722,-3.2476],[34.24998,-3.25022],[34.24727,-3.25463],[34.2458,-3.25383],[34.23939,-3.25518],[34.23316,-3.25859],[34.23116,-3.25683],[34.22318,-3.25941],[34.21415,-3.26101],[34.20916,-3.26068],[34.2058,-3.26423],[34.20341,-3.26525],[34.20311,-3.27145],[34.20462,-3.27447],[34.19903,-3.2796],[34.1981,-3.28242],[34.19986,-3.28443],[34.19825,-3.28552],[34.19767,-3.28428],[34.1917,-3.28239],[34.19016,-3.28066],[34.18938,-3.27696],[34.18517,-3.27474],[34.18122,-3.27466],[34.17807,-3.27203],[34.17558,-3.26676],[34.17079,-3.26307],[34.16183,-3.24942],[34.15149,-3.24934],[34.15349,-3.24419],[34.15643,-3.24219],[34.15624,-3.23924],[34.16566,-3.23851],[34.17587,-3.22151],[34.1776,-3.22191],[34.17719,-3.22285],[34.18403,-3.22396],[34.18478,-3.21883],[34.18717,-3.2127],[34.19399,-3.2172],[34.19743,-3.21799],[34.19727,-3.21346],[34.20006,-3.20388],[34.20286,-3.20387],[34.20711,-3.20092],[34.20866,-3.19651],[34.21377,-3.18881],[34.21659,-3.18941],[34.22177,-3.1887],[34.22136,-3.18434],[34.21656,-3.17687],[34.21502,-3.1726],[34.20699,-3.16695],[34.2059,-3.16385],[34.20836,-3.15616],[34.20778,-3.15314],[34.20313,-3.14861],[34.20155,-3.13927],[34.18426,-3.13662],[34.19904,-3.11093],[34.21211,-3.10313],[34.22184,-3.10511],[34.22893,-3.10311],[34.22001,-3.09268],[34.22286,-3.07286]]]},"properties":{"region":"Simiyu","district":"Meatu","ward":"Mwandoya","ward_code":"073"}},{"type":"Feature","geometry":{"type":"Polygon","coordinates":[[[34.31153,-3.05322],[34.3264,-3.05745],[34.3335,-3.05723],[34.33442,-3.06037],[34.33928,-3.06111],[34.34866,-3.06453],[34.35381,-3.0633],[34.37855,-3.06339],[34.37885,-3.06776],[34.38064,-3.07229],[34.38056,-3.07916],[34.37557,-3.08451],[34.37456,-3.09704],[34.3681,-3.10425],[34.36822,-3.1074],[34.36166,-3.11629],[34.35715,-3.11699],[34.3504,-3.12009],[34.34584,-3.12816],[34.34446,-3.12891],[34.3447,-3.1306],[34.34171,-3.13138],[34.33962,-3.13679],[34.33749,-3.13927],[34.33544,-3.13912],[34.33178,-3.14229],[34.33056,-3.14614],[34.33102,-3.14733],[34.32952,-3.14873],[34.33041,-3.15301],[34.32946,-3.15406],[34.32797,-3.1527],[34.32797,-3.14948],[34.32367,-3.14049],[34.32428,-3.13896],[34.3222,-3.13693],[34.32343,-3.13621],[34.32417,-3.13368],[34.32361,-3.13152],[34.32199,-3.13002],[34.32209,-3.12535],[34.31787,-3.12387],[34.31084,-3.12439],[34.30146,-3.12235],[34.29645,-3.12255],[34.29579,-3.12747],[34.28542,-3.12628],[34.2908,-3.1157],[34.29133,-3.10449],[34.29095,-3.07036],[34.28736,-3.06227],[34.31153,-3.05322]]]},"properties":{"region":"Simiyu","district":"Meatu","ward":"Lingeka","ward_code":"081"}},{"type":"Feature","geometry":{"type":"Polygon","coordinates":[[[34.41831,-3.13328],[34.42449,-3.13817],[34.42866,-3.13769],[34.43805,-3.1344],[34.49714,-3.14028],[34.57428,-3.1365],[34.56941,-3.1412],[34.56891,-3.14569],[34.56463,-3.15011],[34.56581,-3.15116],[34.57013,-3.14982],[34.57198,-3.153],[34.58402,-3.16473],[34.59668,-3.17372],[34.59973,-3.1782],[34.60114,-3.18245],[34.59959,-3.18726],[34.60206,-3.21048],[34.60154,-3.21145],[34.60069,-3.21071],[34.59989,-3.21266],[34.59892,-3.2114],[34.59687,-3.2149],[34.59567,-3.21496],[34.59134,-3.21853],[34.58894,-3.21784],[34.58814,-3.22106],[34.58597,-3.22043],[34.58466,-3.22192],[34.58295,-3.22049],[34.58198,-3.22221],[34.57867,-3.21981],[34.57815,-3.22176],[34.57325,-3.22475],[34.57153,-3.22286],[34.56902,-3.22384],[34.56822,-3.22327],[34.56777,-3.22499],[34.56691,-3.22488],[34.56583,-3.22287],[34.5648,-3.2231],[34.5652,-3.22482],[34.564,-3.22517],[34.55618,-3.22489],[34.5563,-3.22667],[34.55499,-3.22736],[34.55299,-3.22685],[34.55202,-3.22823],[34.55059,-3.2284],[34.55003,-3.23162],[34.54871,-3.23041],[34.54489,-3.23031],[34.54214,-3.22669],[34.53774,-3.22659],[34.5366,-3.22739],[34.5362,-3.22573],[34.53203,-3.22545],[34.53003,-3.22384],[34.52461,-3.22649],[34.52364,-3.22546],[34.52136,-3.22684],[34.52039,-3.22598],[34.51629,-3.23018],[34.51486,-3.22978],[34.50978,-3.23185],[34.51052,-3.23334],[34.50914,-3.23382],[34.50762,-3.23719],[34.50671,-3.2377],[34.5063,-3.23648],[34.50477,-3.23618],[34.50163,-3.2371],[34.50032,-3.24047],[34.50062,-3.24261],[34.49688,-3.24853],[34.49618,-3.25649],[34.49375,-3.25904],[34.49273,-3.25884],[34.49314,-3.26374],[34.49172,-3.26394],[34.49335,-3.26527],[34.49345,-3.26731],[34.49183,-3.27058],[34.49336,-3.2719],[34.48718,-3.27966],[34.48668,-3.28272],[34.48475,-3.28201],[34.48282,-3.28528],[34.47917,-3.28447],[34.47846,-3.28722],[34.4745,-3.28606],[34.47177,-3.29065],[34.46487,-3.29219],[34.46273,-3.28903],[34.45217,-3.28252],[34.44364,-3.28294],[34.4344,-3.27938],[34.43288,-3.2799],[34.43064,-3.27694],[34.42546,-3.27654],[34.42465,-3.27419],[34.4209,-3.27655],[34.41826,-3.27706],[34.41735,-3.27869],[34.41461,-3.2786],[34.41207,-3.28003],[34.41224,-3.27909],[34.41045,-3.27819],[34.40172,-3.27759],[34.39928,-3.27627],[34.39786,-3.27831],[34.39522,-3.27842],[34.39421,-3.28138],[34.39139,-3.28015],[34.38895,-3.28024],[34.38527,-3.28261],[34.38476,-3.28097],[34.38204,-3.28045],[34.37691,-3.28659],[34.37533,-3.29119],[34.37049,-3.29119],[34.36525,-3.29817],[34.36395,-3.29861],[34.36151,-3.29624],[34.35959,-3.29704],[34.35609,-3.29528],[34.35535,-3.29589],[34.35665,-3.30073],[34.3555,-3.30252],[34.35249,-3.30231],[34.35032,-3.30405],[34.34592,-3.30462],[34.34173,-3.30188],[34.34023,-3.29868],[34.34017,-3.29668],[34.34193,-3.29478],[34.34187,-3.28927],[34.33918,-3.28635],[34.3414,-3.28003],[34.34066,-3.27785],[34.33477,-3.27568],[34.33186,-3.27293],[34.32992,-3.27299],[34.3286,-3.27046],[34.32552,-3.27012],[34.32391,-3.26742],[34.32625,-3.26489],[34.32619,-3.26191],[34.32293,-3.25859],[34.32145,-3.25876],[34.32082,-3.25738],[34.32081,-3.25526],[34.3244,-3.24682],[34.32337,-3.24619],[34.32409,-3.24464],[34.32177,-3.24018],[34.32355,-3.23672],[34.32622,-3.23484],[34.32524,-3.23075],[34.32633,-3.2278],[34.32549,-3.22613],[34.32623,-3.22327],[34.32532,-3.21967],[34.32715,-3.21727],[34.32655,-3.21255],[34.33121,-3.20946],[34.33214,-3.20764],[34.33431,-3.20816],[34.33584,-3.20622],[34.3377,-3.20731],[34.33932,-3.20554],[34.34223,-3.20494],[34.34294,-3.20186],[34.34491,-3.20095],[34.34553,-3.19927],[34.34694,-3.19948],[34.34737,-3.19811],[34.35133,-3.19582],[34.35163,-3.19443],[34.35411,-3.19308],[34.35778,-3.18797],[34.35902,-3.18833],[34.36099,-3.18633],[34.35444,-3.17946],[34.35479,-3.17464],[34.35909,-3.16975],[34.3597,-3.16429],[34.36268,-3.16026],[34.36148,-3.15062],[34.3651,-3.14557],[34.36349,-3.13933],[34.36783,-3.14103],[34.3766,-3.13978],[34.38681,-3.14095],[34.39376,-3.13464],[34.40074,-3.13593],[34.41657,-3.13605],[34.41831,-3.13328]]]},"properties":{"region":"Simiyu","district":"Meatu","ward":"Sakasaka","ward_code":"091"}},{"type":"Feature","geometry":{"type":"Polygon","coordinates":[[[34.28299,-2.99219],[34.28478,-2.99493],[34.28685,-2.99247],[34.28726,-2.99438],[34.29009,-2.99568],[34.29226,-2.99395],[34.29345,-2.99529],[34.29649,-2.99481],[34.29893,-2.99278],[34.30191,-2.99632],[34.30428,-2.99489],[34.3056,-2.9951],[34.30481,-2.99645],[34.30561,-2.99737],[34.30643,-2.99641],[34.30709,-2.99732],[34.31055,-2.99745],[34.31061,-2.99831],[34.31235,-2.99841],[34.31453,-3.00007],[34.31588,-2.99978],[34.31673,-3.00103],[34.31821,-2.99929],[34.32566,-2.99769],[34.3264,-2.99868],[34.32772,-2.99831],[34.32854,-2.99966],[34.33154,-3.0],[34.33131,-3.00134],[34.33294,-3.00333],[34.3372,-3.00374],[34.33887,-3.00217],[34.33918,-3.00465],[34.3437,-3.00586],[34.34366,-3.00764],[34.34633,-3.00967],[34.34209,-3.03272],[34.33972,-3.05462],[34.3335,-3.05723],[34.3264,-3.05745],[34.31153,-3.05322],[34.28736,-3.06227],[34.29095,-3.07036],[34.29116,-3.08135],[34.27538,-3.08138],[34.24629,-3.07549],[34.23181,-3.07781],[34.22286,-3.07286],[34.21744,-3.06624],[34.21733,-3.05852],[34.21524,-3.05328],[34.21667,-3.04823],[34.21418,-3.04307],[34.2137,-3.03632],[34.21502,-3.03296],[34.21184,-3.02415],[34.20731,-3.01881],[34.20579,-3.01375],[34.20023,-3.00967],[34.19981,-3.00655],[34.20444,-3.00625],[34.20479,-3.00413],[34.20788,-3.00265],[34.21021,-3.00271],[34.21114,-3.00393],[34.21456,-3.0023],[34.21624,-3.0029],[34.21688,-3.00434],[34.21957,-3.00384],[34.22378,-3.00104],[34.22501,-3.0029],[34.22709,-3.00282],[34.22828,-3.00487],[34.23176,-3.00205],[34.23361,-3.00295],[34.2364,-3.00042],[34.23726,-3.00134],[34.24115,-3.00131],[34.24231,-2.99864],[34.24359,-2.99798],[34.24845,-3.00001],[34.24908,-2.9955],[34.25156,-2.99601],[34.25307,-2.99391],[34.25516,-2.99558],[34.25791,-2.99369],[34.25881,-2.99508],[34.2603,-2.994],[34.26403,-2.99613],[34.26466,-2.99484],[34.26814,-2.99479],[34.26828,-2.99401],[34.26666,-2.99379],[34.26721,-2.99298],[34.27042,-2.99242],[34.27035,-2.99401],[34.27413,-2.99569],[34.27665,-2.9929],[34.27855,-2.99274],[34.27911,-2.99359],[34.28299,-2.99219]]]},"properties":{"region":"Simiyu","district":"Meatu","ward":"Mwabuma","ward_code":"141"}},{"type":"Feature","geometry":{"type":"Polygon","coordinates":[[[34.14945,-3.13346],[34.15788,-3.13484],[34.16417,-3.13849],[34.17226,-3.13683],[34.17657,-3.1378],[34.18136,-3.13555],[34.18269,-3.13677],[34.20155,-3.13927],[34.20313,-3.14861],[34.20778,-3.15314],[34.20836,-3.15616],[34.2059,-3.16385],[34.20699,-3.16695],[34.21502,-3.1726],[34.21656,-3.17687],[34.22136,-3.18434],[34.22177,-3.1887],[34.21659,-3.18941],[34.21377,-3.18881],[34.20866,-3.19651],[34.20711,-3.20092],[34.20286,-3.20387],[34.20006,-3.20388],[34.19727,-3.21346],[34.19743,-3.21799],[34.19399,-3.2172],[34.18717,-3.2127],[34.18478,-3.21883],[34.18403,-3.22396],[34.17719,-3.22285],[34.1776,-3.22191],[34.17587,-3.22151],[34.16566,-3.23851],[34.15624,-3.23924],[34.15643,-3.24219],[34.15349,-3.24419],[34.15149,-3.24934],[34.1414,-3.24927],[34.13507,-3.24568],[34.12397,-3.24582],[34.11196,-3.24342],[34.11246,-3.24507],[34.11075,-3.24689],[34.10597,-3.25693],[34.10736,-3.26207],[34.11246,-3.26219],[34.10969,-3.2669],[34.10514,-3.27012],[34.09893,-3.26413],[34.06938,-3.26039],[34.05109,-3.26368],[34.04631,-3.25453],[34.04767,-3.24728],[34.05061,-3.24273],[34.05261,-3.24083],[34.05809,-3.23987],[34.0593,-3.23834],[34.06048,-3.23855],[34.06324,-3.23565],[34.07279,-3.22957],[34.07525,-3.22023],[34.07499,-3.21676],[34.07793,-3.21292],[34.08155,-3.21152],[34.08501,-3.20729],[34.08912,-3.19848],[34.10018,-3.18882],[34.10193,-3.18013],[34.10868,-3.16999],[34.11565,-3.16585],[34.11621,-3.16334],[34.11506,-3.16111],[34.11866,-3.15973],[34.12501,-3.15112],[34.13337,-3.1437],[34.13767,-3.13398],[34.14376,-3.13445],[34.14945,-3.13346]]]},"properties":{"region":"Simiyu","district":"Meatu","ward":"Mwabusalu","ward_code":"151"}},{"type":"Feature","geometry":{"type":"Polygon","coordinates":[[[34.69611,-2.93144],[34.70052,-2.93241],[34.71688,-2.93253],[34.72314,-2.93776],[34.72578,-2.93807],[34.72811,-2.93608],[34.73291,-2.93833],[34.73978,-2.93732],[34.74122,-2.93763],[34.74193,-2.93895],[34.75573,-2.94031],[34.76749,-2.94567],[34.7843,-2.94687],[34.79469,-2.95086],[34.803,-2.95169],[34.8132,-2.9473],[34.88399,-2.94728],[34.88434,-3.14417],[34.76986,-3.14663],[34.70911,-3.13457],[34.64516,-3.12006],[34.59099,-3.10945],[34.5624,-3.10523],[34.52502,-3.08773],[34.46554,-3.07599],[34.42302,-3.07534],[34.40964,-3.08152],[34.3983,-3.07449],[34.38841,-3.07252],[34.38385,-3.06323],[34.35381,-3.0633],[34.34866,-3.06453],[34.33928,-3.06111],[34.33442,-3.06037],[34.3335,-3.05723],[34.33972,-3.05462],[34.34209,-3.03272],[34.34633,-3.00967],[34.34366,-3.00764],[34.3437,-3.00586],[34.33918,-3.00465],[34.33887,-3.00217],[34.3372,-3.00374],[34.33294,-3.00333],[34.33131,-3.00134],[34.33154,-3.0],[34.32854,-2.99966],[34.32772,-2.99831],[34.3264,-2.99868],[34.32566,-2.99769],[34.31821,-2.99929],[34.31673,-3.00103],[34.31588,-2.99978],[34.31453,-3.00007],[34.31235,-2.99841],[34.31061,-2.99831],[34.31031,-2.99576],[34.31191,-2.99584],[34.31505,-2.99306],[34.31809,-2.99396],[34.31931,-2.99237],[34.32125,-2.99383],[34.32152,-2.99225],[34.32505,-2.9938],[34.32525,-2.99269],[34.32681,-2.99294],[34.32762,-2.99173],[34.33075,-2.99398],[34.3317,-2.99379],[34.33141,-2.99249],[34.33239,-2.9931],[34.33377,-2.99251],[34.33486,-2.99367],[34.33551,-2.99107],[34.33733,-2.99149],[34.34077,-2.99003],[34.34238,-2.99265],[34.34573,-2.99234],[34.34551,-2.99371],[34.34689,-2.99477],[34.34833,-2.99344],[34.35088,-2.99476],[34.35408,-2.99287],[34.35383,-2.99392],[34.35477,-2.99469],[34.35504,-2.99301],[34.3568,-2.99287],[34.35679,-2.99512],[34.35828,-2.99408],[34.36019,-2.99494],[34.36134,-2.9943],[34.36191,-2.9955],[34.36261,-2.99368],[34.3627,-2.99592],[34.36638,-2.99728],[34.36597,-2.99547],[34.36725,-2.99483],[34.36834,-2.99564],[34.36741,-2.99662],[34.37704,-2.99681],[34.38154,-2.99501],[34.383,-2.99661],[34.38421,-2.99255],[34.38564,-2.9918],[34.38952,-2.99314],[34.38992,-2.99137],[34.39229,-2.99163],[34.39406,-2.9906],[34.39414,-2.98938],[34.39514,-2.99031],[34.39765,-2.99032],[34.39833,-2.98802],[34.39981,-2.98936],[34.40017,-2.98781],[34.40561,-2.9862],[34.40641,-2.98717],[34.40924,-2.98492],[34.41224,-2.98646],[34.41321,-2.98461],[34.41252,-2.98255],[34.41561,-2.98208],[34.41529,-2.98118],[34.41755,-2.97782],[34.4202,-2.9793],[34.4221,-2.97926],[34.42218,-2.97606],[34.42332,-2.97668],[34.42321,-2.97843],[34.42452,-2.97879],[34.42439,-2.97966],[34.42553,-2.97948],[34.4271,-2.98153],[34.43084,-2.97999],[34.43024,-2.97801],[34.43227,-2.97686],[34.43569,-2.97681],[34.43637,-2.9792],[34.43984,-2.97682],[34.44423,-2.9771],[34.44521,-2.97381],[34.44959,-2.97148],[34.44874,-2.97381],[34.45095,-2.97498],[34.45416,-2.97509],[34.45539,-2.97392],[34.45538,-2.97219],[34.46191,-2.97561],[34.46844,-2.976],[34.47049,-2.97467],[34.47271,-2.9712],[34.47495,-2.97153],[34.47794,-2.97048],[34.47769,-2.96838],[34.47938,-2.96721],[34.48355,-2.96846],[34.48587,-2.96736],[34.48593,-2.97068],[34.48873,-2.97161],[34.48944,-2.97062],[34.49242,-2.97099],[34.49982,-2.96715],[34.50216,-2.97041],[34.50414,-2.96968],[34.50429,-2.97185],[34.5052,-2.97219],[34.50865,-2.96953],[34.51049,-2.96925],[34.51156,-2.97062],[34.51199,-2.96919],[34.51352,-2.96994],[34.51496,-2.96834],[34.51733,-2.97119],[34.52191,-2.97011],[34.52287,-2.97355],[34.52453,-2.97248],[34.52996,-2.97283],[34.53374,-2.97833],[34.54066,-2.97608],[34.54012,-2.97812],[34.54179,-2.97937],[34.54232,-2.97723],[34.54453,-2.97601],[34.54551,-2.97605],[34.54626,-2.97859],[34.54695,-2.97858],[34.54797,-2.97383],[34.55083,-2.97253],[34.5501,-2.96988],[34.55252,-2.96858],[34.5528,-2.96738],[34.55528,-2.96706],[34.5543,-2.96448],[34.55816,-2.96127],[34.55817,-2.95958],[34.55926,-2.95934],[34.55858,-2.95683],[34.56514,-2.95491],[34.56606,-2.95276],[34.56761,-2.954],[34.56776,-2.9557],[34.57029,-2.95685],[34.57626,-2.95544],[34.57724,-2.95682],[34.57929,-2.95728],[34.58119,-2.95584],[34.58325,-2.95646],[34.58433,-2.95803],[34.5881,-2.95621],[34.59032,-2.95262],[34.59484,-2.95104],[34.59705,-2.95191],[34.59873,-2.94993],[34.60248,-2.94901],[34.60487,-2.94936],[34.60792,-2.94808],[34.60853,-2.94886],[34.60731,-2.95063],[34.60916,-2.95242],[34.61108,-2.95159],[34.6148,-2.95251],[34.62074,-2.95074],[34.62367,-2.95087],[34.62744,-2.94819],[34.63183,-2.9471],[34.63567,-2.94824],[34.63956,-2.94518],[34.6545,-2.93832],[34.66204,-2.9369],[34.6691,-2.9377],[34.67545,-2.93372],[34.68264,-2.9329],[34.69148,-2.93378],[34.69611,-2.93144]]]},"properties":{"region":"Simiyu","district":"Meatu","ward":"Mwasengela","ward_code":"201"}},{"type":"Feature","geometry":{"type":"Polygon","coordinates":[[[34.38385,-3.06323],[34.38841,-3.07252],[34.3983,-3.07449],[34.40964,-3.08152],[34.42302,-3.07534],[34.46554,-3.07599],[34.52502,-3.08773],[34.5624,-3.10523],[34.59152,-3.10955],[34.58589,-3.121],[34.57428,-3.1365],[34.49714,-3.14028],[34.43805,-3.1344],[34.42866,-3.13769],[34.42449,-3.13817],[34.41831,-3.13328],[34.41657,-3.13605],[34.40074,-3.13593],[34.39376,-3.13464],[34.38681,-3.14095],[34.3766,-3.13978],[34.36783,-3.14103],[34.36349,-3.13933],[34.3651,-3.14557],[34.36148,-3.15062],[34.36268,-3.16026],[34.3597,-3.16429],[34.35909,-3.16975],[34.35479,-3.17464],[34.35444,-3.17946],[34.36099,-3.18633],[34.35902,-3.18833],[34.35778,-3.18797],[34.35411,-3.19308],[34.35163,-3.19443],[34.35133,-3.19582],[34.34737,-3.19811],[34.34694,-3.19948],[34.34553,-3.19927],[34.34491,-3.20095],[34.34294,-3.20186],[34.34223,-3.20494],[34.33932,-3.20554],[34.3377,-3.20731],[34.33584,-3.20622],[34.33431,-3.20816],[34.33214,-3.20764],[34.33121,-3.20946],[34.3281,-3.211],[34.32878,-3.20402],[34.32592,-3.19916],[34.32399,-3.19624],[34.31962,-3.19406],[34.31865,-3.19217],[34.3191,-3.19089],[34.31702,-3.18783],[34.31497,-3.18633],[34.31165,-3.18619],[34.30953,-3.18476],[34.30848,-3.179],[34.30537,-3.17455],[34.30605,-3.16885],[34.30693,-3.16812],[34.30652,-3.15936],[34.30798,-3.15843],[34.3088,-3.15606],[34.30757,-3.15511],[34.30704,-3.15148],[34.30602,-3.15115],[34.30671,-3.14151],[34.30399,-3.13518],[34.29645,-3.13092],[34.29579,-3.12747],[34.29645,-3.12255],[34.30146,-3.12235],[34.31084,-3.12439],[34.31787,-3.12387],[34.32209,-3.12535],[34.32199,-3.13002],[34.32361,-3.13152],[34.32417,-3.13368],[34.32343,-3.13621],[34.3222,-3.13693],[34.32428,-3.13896],[34.32367,-3.14049],[34.32797,-3.14948],[34.32797,-3.1527],[34.32946,-3.15406],[34.33041,-3.15301],[34.32952,-3.14873],[34.33102,-3.14733],[34.33056,-3.14614],[34.33178,-3.14229],[34.33544,-3.13912],[34.33749,-3.13927],[34.33962,-3.13679],[34.34171,-3.13138],[34.3447,-3.1306],[34.34446,-3.12891],[34.34584,-3.12816],[34.3504,-3.12009],[34.35715,-3.11699],[34.36166,-3.11629],[34.36822,-3.1074],[34.3681,-3.10425],[34.36978,-3.10169],[34.37456,-3.09704],[34.37557,-3.08451],[34.38056,-3.07916],[34.38111,-3.0758],[34.37855,-3.06339],[34.38385,-3.06323]]]},"properties":{"region":"Simiyu","district":"Meatu","ward":"Tindabuligi","ward_code":"221"}},{"type":"Feature","geometry":{"type":"Polygon","coordinates":[[[34.30602,-3.15115],[34.30704,-3.15148],[34.30757,-3.15511],[34.3088,-3.15606],[34.30798,-3.15843],[34.30652,-3.15936],[34.30693,-3.16812],[34.30605,-3.16885],[34.30537,-3.17455],[34.30848,-3.179],[34.3093,-3.18427],[34.31165,-3.18619],[34.31497,-3.18633],[34.31702,-3.18783],[34.3191,-3.19089],[34.31865,-3.19217],[34.31962,-3.19406],[34.32399,-3.19624],[34.32878,-3.20402],[34.3281,-3.211],[34.32655,-3.21255],[34.32715,-3.21727],[34.32532,-3.21967],[34.32623,-3.22327],[34.32549,-3.22613],[34.32633,-3.2278],[34.32524,-3.23075],[34.32622,-3.23484],[34.32355,-3.23672],[34.32177,-3.24018],[34.32409,-3.24464],[34.32337,-3.24619],[34.3244,-3.24682],[34.32081,-3.25526],[34.32082,-3.25738],[34.32145,-3.25876],[34.32293,-3.25859],[34.32619,-3.26191],[34.32625,-3.26489],[34.32391,-3.26742],[34.32552,-3.27012],[34.3286,-3.27046],[34.32992,-3.27299],[34.33186,-3.27293],[34.33477,-3.27568],[34.34066,-3.27785],[34.3414,-3.28003],[34.33918,-3.28635],[34.34187,-3.28927],[34.34193,-3.29478],[34.34017,-3.29668],[34.34171,-3.30183],[34.33139,-3.31086],[34.31581,-3.31622],[34.31228,-3.31864],[34.30844,-3.323],[34.30284,-3.3259],[34.28566,-3.30753],[34.28287,-3.30205],[34.26615,-3.29073],[34.26315,-3.28299],[34.25794,-3.27805],[34.25986,-3.27101],[34.25261,-3.26388],[34.25702,-3.25995],[34.24727,-3.25463],[34.24998,-3.25022],[34.25722,-3.2476],[34.26066,-3.24854],[34.26294,-3.25085],[34.26649,-3.24776],[34.27187,-3.24743],[34.27271,-3.2462],[34.27431,-3.24854],[34.27999,-3.24853],[34.28155,-3.25053],[34.28503,-3.24722],[34.28556,-3.24508],[34.28844,-3.24286],[34.28996,-3.24351],[34.29205,-3.24204],[34.2953,-3.22716],[34.29405,-3.2236],[34.29058,-3.22147],[34.28053,-3.22445],[34.27547,-3.22224],[34.28037,-3.20882],[34.26067,-3.19738],[34.25786,-3.19358],[34.2536,-3.19226],[34.25083,-3.18627],[34.24689,-3.18743],[34.24399,-3.18591],[34.24696,-3.18079],[34.24636,-3.18019],[34.25773,-3.1751],[34.26273,-3.1753],[34.26241,-3.17082],[34.26573,-3.15936],[34.27399,-3.14568],[34.27853,-3.13317],[34.28367,-3.12974],[34.28542,-3.12628],[34.29579,-3.12747],[34.29645,-3.13092],[34.30399,-3.13518],[34.30671,-3.14151],[34.30602,-3.15115]]]},"properties":{"region":"Simiyu","district":"Meatu","ward":"Mwakisandu","ward_code":"231"}},{"type":"Feature","geometry":{"type":"Polygon","coordinates":[[[33.67908,-2.92032],[33.68128,-2.92074],[33.6852,-2.91961],[33.69131,-2.92474],[33.69167,-2.93131],[33.69445,-2.93291],[33.69673,-2.93574],[33.69937,-2.93544],[33.70089,-2.93676],[33.7008,-2.94344],[33.69699,-2.94661],[33.69671,-2.94839],[33.70222,-2.94896],[33.7032,-2.95114],[33.70187,-2.95353],[33.69989,-2.95356],[33.70131,-2.95871],[33.70335,-2.96],[33.70454,-2.95937],[33.70482,-2.96867],[33.70781,-2.971],[33.71072,-2.9764],[33.71372,-2.977],[33.71702,-2.9796],[33.71856,-2.98253],[33.71682,-2.98473],[33.717,-2.98584],[33.72241,-2.98817],[33.72173,-2.99381],[33.72039,-2.99554],[33.7201,-2.99819],[33.71701,-2.99996],[33.71559,-3.00262],[33.71381,-3.00376],[33.71347,-3.00522],[33.71431,-3.00637],[33.71261,-3.00878],[33.71429,-3.00997],[33.71359,-3.01282],[33.71603,-3.01714],[33.71573,-3.01956],[33.71704,-3.02277],[33.71588,-3.02624],[33.71746,-3.0282],[33.71597,-3.03209],[33.71682,-3.03462],[33.71373,-3.03986],[33.71733,-3.04625],[33.7186,-3.05171],[33.71768,-3.05242],[33.71793,-3.05402],[33.71903,-3.05446],[33.7197,-3.05649],[33.71599,-3.05979],[33.7148,-3.06386],[33.71215,-3.06717],[33.71154,-3.0704],[33.70993,-3.0709],[33.70759,-3.07402],[33.70547,-3.07468],[33.70531,-3.07589],[33.70251,-3.07657],[33.7008,-3.07559],[33.69628,-3.07703],[33.69206,-3.08041],[33.68902,-3.08497],[33.68697,-3.08551],[33.68091,-3.08431],[33.67683,-3.08611],[33.67329,-3.0884],[33.66897,-3.09668],[33.66386,-3.10146],[33.66075,-3.1005],[33.65132,-3.10108],[33.64995,-3.09862],[33.64727,-3.08453],[33.64679,-3.07184],[33.66019,-3.06358],[33.67318,-3.05254],[33.67803,-3.04223],[33.67882,-3.03385],[33.67794,-3.03155],[33.68129,-3.02512],[33.68496,-3.02379],[33.6791,-3.00699],[33.67497,-3.00005],[33.67239,-2.98827],[33.66827,-2.98365],[33.66373,-2.98399],[33.65172,-2.99035],[33.64366,-3.00162],[33.6415,-2.99818],[33.63757,-2.99657],[33.64256,-2.99033],[33.64254,-2.98607],[33.63465,-2.95712],[33.63701,-2.94765],[33.64296,-2.93286],[33.6406,-2.92591],[33.67806,-2.9145],[33.68019,-2.91916],[33.67908,-2.92032]]]},"properties":{"region":"Simiyu","district":"Maswa","ward":"Kadoto","ward_code":"181"}},{"type":"Feature","geometry":{"type":"Polygon","coordinates":[[[33.60986,-2.88313],[33.61204,-2.88637],[33.64917,-2.87543],[33.65768,-2.87536],[33.65491,-2.87614],[33.65427,-2.87832],[33.66008,-2.88269],[33.65862,-2.88471],[33.66295,-2.88851],[33.66527,-2.89334],[33.66765,-2.89463],[33.67041,-2.89251],[33.67175,-2.89461],[33.67252,-2.89997],[33.67084,-2.90367],[33.672,-2.90734],[33.6749,-2.9117],[33.67697,-2.91256],[33.67806,-2.9145],[33.6406,-2.92591],[33.64296,-2.93286],[33.63701,-2.94765],[33.63465,-2.95712],[33.64254,-2.98607],[33.64256,-2.99033],[33.63757,-2.99657],[33.6322,-2.99378],[33.62783,-2.99376],[33.62191,-2.99087],[33.61461,-2.98877],[33.61028,-2.99079],[33.60159,-2.99042],[33.59347,-2.988],[33.59242,-2.99036],[33.57834,-2.98277],[33.57012,-2.98505],[33.56367,-2.97766],[33.55931,-2.96128],[33.554,-2.95548],[33.5525,-2.95056],[33.54265,-2.94317],[33.53933,-2.93527],[33.53958,-2.93188],[33.53704,-2.92891],[33.53722,-2.92759],[33.54853,-2.9294],[33.56138,-2.92343],[33.55896,-2.9186],[33.56139,-2.91367],[33.56352,-2.91275],[33.56606,-2.90929],[33.57282,-2.90525],[33.57639,-2.90001],[33.57701,-2.89028],[33.58803,-2.87954],[33.58991,-2.87573],[33.58951,-2.86985],[33.59457,-2.87019],[33.59494,-2.87216],[33.59867,-2.87409],[33.60619,-2.8748],[33.60557,-2.8802],[33.60986,-2.88313]]]},"properties":{"region":"Simiyu","district":"Maswa","ward":"Shishiyu","ward_code":"191"}},{"type":"Feature","geometry":{"type":"Polygon","coordinates":[[[33.54707,-2.86609],[33.54606,-2.8679],[33.54764,-2.87291],[33.54656,-2.87375],[33.5476,-2.87539],[33.54646,-2.8796],[33.54732,-2.88293],[33.54603,-2.88501],[33.54733,-2.88648],[33.54738,-2.88923],[33.54593,-2.89042],[33.54433,-2.89419],[33.54005,-2.89682],[33.53961,-2.89977],[33.53656,-2.9019],[33.53701,-2.90445],[33.53478,-2.90692],[33.53485,-2.91027],[33.53257,-2.91759],[33.53155,-2.91839],[33.53356,-2.91882],[33.53327,-2.92365],[33.5348,-2.9239],[33.5345,-2.92525],[33.5356,-2.9266],[33.53679,-2.92632],[33.53704,-2.92891],[33.53958,-2.93188],[33.53933,-2.93527],[33.54265,-2.94317],[33.5525,-2.95056],[33.554,-2.95548],[33.55931,-2.96128],[33.56367,-2.97766],[33.57012,-2.98505],[33.56846,-2.99456],[33.56463,-3.00432],[33.56574,-3.01344],[33.56678,-3.01481],[33.56441,-3.01751],[33.56453,-3.01969],[33.56326,-3.02052],[33.56433,-3.02895],[33.55229,-3.03121],[33.54621,-3.04016],[33.53966,-3.04073],[33.53258,-3.04566],[33.50042,-3.05137],[33.49661,-3.04865],[33.49544,-3.04888],[33.4944,-3.03287],[33.49536,-3.02413],[33.49713,-3.02115],[33.50095,-3.02041],[33.51295,-3.01389],[33.51808,-3.00928],[33.51866,-3.00631],[33.52193,-3.00366],[33.52406,-2.99211],[33.52458,-2.97882],[33.51477,-2.92642],[33.50308,-2.9252],[33.50455,-2.90908],[33.50194,-2.89842],[33.50143,-2.89243],[33.51087,-2.87844],[33.51662,-2.87697],[33.52271,-2.87744],[33.52954,-2.87267],[33.53914,-2.86154],[33.54673,-2.85992],[33.54707,-2.86609]]]},"properties":{"region":"Simiyu","district":"Maswa","ward":"Nyabubinza","ward_code":"201"}},{"type":"Feature","geometry":{"type":"Polygon","coordinates":[[[33.57834,-2.98277],[33.59242,-2.99036],[33.59347,-2.988],[33.60159,-2.99042],[33.61028,-2.99079],[33.61461,-2.98877],[33.62191,-2.99087],[33.62783,-2.99376],[33.6322,-2.99378],[33.6415,-2.99818],[33.6442,-3.00417],[33.64115,-3.01168],[33.6256,-3.02211],[33.61631,-3.03987],[33.61142,-3.05214],[33.61148,-3.05799],[33.61791,-3.07214],[33.62065,-3.07517],[33.6203,-3.08019],[33.61777,-3.08845],[33.60304,-3.10092],[33.59004,-3.10152],[33.58479,-3.09867],[33.57348,-3.09969],[33.56386,-3.10182],[33.55896,-3.10058],[33.54678,-3.09352],[33.53318,-3.09085],[33.5326,-3.08803],[33.53432,-3.08445],[33.53393,-3.08091],[33.53548,-3.07857],[33.53737,-3.07765],[33.53786,-3.06444],[33.54621,-3.04016],[33.55229,-3.03121],[33.56433,-3.02895],[33.56326,-3.02052],[33.56453,-3.01969],[33.56441,-3.01751],[33.56678,-3.01481],[33.56574,-3.01344],[33.56463,-3.00432],[33.56846,-2.99456],[33.57012,-2.98505],[33.57834,-2.98277]]]},"properties":{"region":"Simiyu","district":"Maswa","ward":"Mwang'honoli","ward_code":"211"}},{"type":"Feature","geometry":{"type":"Polygon","coordinates":[[[33.58479,-3.09867],[33.59004,-3.10152],[33.60304,-3.10092],[33.60701,-3.10855],[33.60843,-3.12287],[33.6127,-3.12922],[33.61673,-3.1384],[33.6185,-3.14871],[33.6206,-3.14983],[33.62432,-3.14818],[33.62578,-3.14991],[33.62824,-3.14977],[33.62976,-3.14863],[33.63183,-3.14961],[33.63163,-3.15029],[33.63692,-3.14906],[33.6371,-3.15006],[33.63971,-3.14961],[33.64284,-3.15075],[33.64363,-3.15003],[33.65132,-3.15555],[33.65074,-3.15663],[33.65212,-3.15964],[33.6518,-3.16254],[33.65306,-3.16382],[33.65339,-3.16844],[33.64437,-3.17559],[33.63963,-3.18127],[33.63607,-3.18178],[33.63464,-3.18287],[33.63375,-3.18595],[33.63021,-3.19008],[33.62382,-3.19088],[33.62084,-3.19665],[33.61747,-3.1978],[33.61564,-3.19421],[33.60624,-3.1881],[33.60374,-3.18424],[33.59976,-3.18265],[33.59637,-3.1798],[33.59507,-3.17983],[33.59403,-3.17761],[33.59241,-3.17849],[33.59174,-3.17765],[33.58945,-3.17797],[33.58372,-3.17637],[33.58044,-3.17788],[33.57811,-3.17458],[33.57266,-3.17377],[33.56986,-3.17058],[33.56734,-3.16981],[33.56164,-3.17315],[33.56307,-3.1514],[33.56056,-3.14664],[33.55989,-3.12374],[33.559,-3.12196],[33.55983,-3.12061],[33.55936,-3.1167],[33.5624,-3.11151],[33.5613,-3.10781],[33.56239,-3.10681],[33.56386,-3.10182],[33.57348,-3.09969],[33.58479,-3.09867]]]},"properties":{"region":"Simiyu","district":"Maswa","ward":"Kulimi","ward_code":"221"}},{"type":"Feature","geometry":{"type":"Polygon","coordinates":[[[33.54558,-3.12054],[33.54691,-3.12137],[33.55399,-3.1212],[33.55989,-3.12374],[33.56056,-3.14664],[33.56307,-3.1514],[33.5633,-3.15655],[33.56164,-3.17315],[33.55622,-3.16981],[33.54992,-3.17341],[33.54572,-3.17302],[33.54391,-3.17514],[33.54086,-3.17348],[33.53682,-3.17289],[33.53497,-3.17741],[33.53504,-3.18224],[33.53332,-3.18643],[33.52887,-3.18761],[33.52894,-3.18844],[33.52484,-3.18686],[33.51851,-3.18634],[33.51662,-3.19375],[33.51158,-3.19071],[33.50924,-3.18684],[33.50752,-3.18794],[33.50562,-3.18709],[33.50395,-3.18825],[33.50295,-3.18769],[33.49462,-3.18932],[33.49261,-3.18714],[33.48609,-3.18485],[33.48265,-3.18201],[33.48032,-3.18225],[33.47856,-3.1812],[33.48196,-3.18003],[33.48338,-3.1782],[33.48456,-3.17368],[33.48239,-3.17069],[33.48409,-3.16811],[33.48202,-3.16749],[33.4825,-3.16563],[33.48431,-3.16425],[33.4818,-3.16092],[33.48311,-3.15663],[33.48059,-3.15266],[33.48218,-3.14918],[33.48179,-3.14688],[33.48441,-3.14379],[33.48451,-3.14189],[33.48735,-3.14128],[33.48939,-3.13897],[33.4923,-3.1401],[33.49529,-3.13819],[33.49799,-3.13804],[33.50202,-3.13616],[33.5062,-3.13619],[33.51132,-3.13336],[33.51466,-3.134],[33.51829,-3.13284],[33.52538,-3.13301],[33.52959,-3.13114],[33.53127,-3.12504],[33.54084,-3.1206],[33.54558,-3.12054]]]},"properties":{"region":"Simiyu","district":"Maswa","ward":"Malampaka","ward_code":"233"}},{"type":"Feature","geometry":{"type":"Polygon","coordinates":[[[33.55622,-3.16981],[33.5628,-3.17304],[33.56734,-3.16981],[33.56986,-3.17058],[33.57266,-3.17377],[33.57811,-3.17458],[33.58044,-3.17788],[33.58372,-3.17637],[33.58945,-3.17797],[33.59174,-3.17765],[33.59241,-3.17849],[33.59403,-3.17761],[33.59507,-3.17983],[33.59637,-3.1798],[33.59976,-3.18265],[33.60374,-3.18424],[33.60624,-3.1881],[33.61564,-3.19421],[33.61747,-3.1978],[33.61131,-3.20328],[33.60463,-3.20368],[33.60013,-3.2068],[33.59701,-3.20738],[33.59814,-3.21058],[33.59813,-3.21449],[33.58952,-3.21803],[33.58363,-3.22467],[33.58153,-3.23085],[33.58194,-3.23371],[33.58113,-3.23365],[33.58086,-3.23542],[33.57961,-3.23643],[33.57968,-3.23757],[33.58324,-3.2406],[33.58046,-3.24568],[33.57988,-3.25012],[33.5733,-3.25123],[33.57032,-3.25947],[33.56881,-3.25984],[33.56799,-3.26133],[33.56691,-3.261],[33.56681,-3.26201],[33.56498,-3.26214],[33.56471,-3.26319],[33.56111,-3.26355],[33.55541,-3.26691],[33.55239,-3.27105],[33.55281,-3.27314],[33.55039,-3.27348],[33.5497,-3.27957],[33.54736,-3.28068],[33.54874,-3.2827],[33.54671,-3.28493],[33.54171,-3.28872],[33.53974,-3.28895],[33.53398,-3.28718],[33.52836,-3.2884],[33.52309,-3.28635],[33.51908,-3.28695],[33.5159,-3.28974],[33.50994,-3.28955],[33.50694,-3.29087],[33.50199,-3.29053],[33.49814,-3.29197],[33.4959,-3.29102],[33.49496,-3.29211],[33.49187,-3.29228],[33.48791,-3.29578],[33.48663,-3.29578],[33.4857,-3.29448],[33.48142,-3.29503],[33.47661,-3.29158],[33.45788,-3.29272],[33.45434,-3.29211],[33.4522,-3.29373],[33.44798,-3.29381],[33.44521,-3.29627],[33.43856,-3.29666],[33.43151,-3.29543],[33.43025,-3.29375],[33.42573,-3.29431],[33.42726,-3.28453],[33.4296,-3.28346],[33.43012,-3.28073],[33.43255,-3.2781],[33.44171,-3.27262],[33.44278,-3.26997],[33.44106,-3.24165],[33.44209,-3.23697],[33.43917,-3.22889],[33.43794,-3.22837],[33.43763,-3.22253],[33.43611,-3.21775],[33.43873,-3.20936],[33.44163,-3.20397],[33.44564,-3.20032],[33.44617,-3.19768],[33.45209,-3.1975],[33.45499,-3.19359],[33.45689,-3.19587],[33.45957,-3.19436],[33.46243,-3.19517],[33.46567,-3.1936],[33.46611,-3.19239],[33.47011,-3.19124],[33.47104,-3.18783],[33.47585,-3.18123],[33.48265,-3.18201],[33.48609,-3.18485],[33.49261,-3.18714],[33.49462,-3.18932],[33.50295,-3.18769],[33.50395,-3.18825],[33.50562,-3.18709],[33.50752,-3.18794],[33.50924,-3.18684],[33.51158,-3.19071],[33.51662,-3.19375],[33.51851,-3.18634],[33.52484,-3.18686],[33.52894,-3.18844],[33.52887,-3.18761],[33.53332,-3.18643],[33.53504,-3.18224],[33.53497,-3.17741],[33.53682,-3.17289],[33.54086,-3.17348],[33.54391,-3.17514],[33.54572,-3.17302],[33.54992,-3.17341],[33.55622,-3.16981]]]},"properties":{"region":"Simiyu","district":"Maswa","ward":"Badi","ward_code":"241"}},{"type":"Feature","geometry":{"type":"Polygon","coordinates":[[[33.65132,-3.10108],[33.66075,-3.1005],[33.66386,-3.10146],[33.66404,-3.10269],[33.66141,-3.10802],[33.66301,-3.11286],[33.66162,-3.11814],[33.66232,-3.1187],[33.66134,-3.11976],[33.66199,-3.12325],[33.65897,-3.12598],[33.66024,-3.13489],[33.65936,-3.13952],[33.64284,-3.15075],[33.63971,-3.14961],[33.6371,-3.15006],[33.63692,-3.14906],[33.63163,-3.15029],[33.63183,-3.14961],[33.62976,-3.14863],[33.62765,-3.14994],[33.62578,-3.14991],[33.62432,-3.14818],[33.6206,-3.14983],[33.6185,-3.14871],[33.61673,-3.1384],[33.6127,-3.12922],[33.60843,-3.12287],[33.60701,-3.10855],[33.60304,-3.10092],[33.61777,-3.08845],[33.6203,-3.08019],[33.62065,-3.07517],[33.61791,-3.07214],[33.61148,-3.05799],[33.61142,-3.05214],[33.61631,-3.03987],[33.6256,-3.02211],[33.64115,-3.01168],[33.6442,-3.00417],[33.64366,-3.00162],[33.65172,-2.99035],[33.66373,-2.98399],[33.66827,-2.98365],[33.67239,-2.98827],[33.67497,-3.00005],[33.6791,-3.00699],[33.68496,-3.02379],[33.68129,-3.02512],[33.67794,-3.03155],[33.67882,-3.03385],[33.67803,-3.04223],[33.67318,-3.05254],[33.66019,-3.06358],[33.64679,-3.07184],[33.64727,-3.08453],[33.64995,-3.09862],[33.65132,-3.10108]]]},"properties":{"region":"Simiyu","district":"Maswa","ward":"Mwabayanda","ward_code":"321"}},{"type":"Feature","geometry":{"type":"Polygon","coordinates":[[[33.54621,-3.04016],[33.53786,-3.06444],[33.53737,-3.07765],[33.53548,-3.07857],[33.53393,-3.08091],[33.53432,-3.08445],[33.5325,-3.08952],[33.53318,-3.09085],[33.54678,-3.09352],[33.55896,-3.10058],[33.56386,-3.10182],[33.56239,-3.10681],[33.5613,-3.10781],[33.5624,-3.11151],[33.55936,-3.1167],[33.55983,-3.12061],[33.559,-3.12196],[33.55989,-3.12374],[33.55399,-3.1212],[33.54084,-3.1206],[33.53127,-3.12504],[33.52959,-3.13114],[33.52538,-3.13301],[33.51829,-3.13284],[33.51466,-3.134],[33.51132,-3.13336],[33.5062,-3.13619],[33.50202,-3.13616],[33.49799,-3.13804],[33.49529,-3.13819],[33.4923,-3.1401],[33.48939,-3.13897],[33.48735,-3.14128],[33.48451,-3.14189],[33.48508,-3.14038],[33.48395,-3.13539],[33.48191,-3.13321],[33.48448,-3.12459],[33.48394,-3.1225],[33.48546,-3.1211],[33.48438,-3.11951],[33.48644,-3.11346],[33.4858,-3.11015],[33.48799,-3.10712],[33.48921,-3.09849],[33.49123,-3.09426],[33.48887,-3.08942],[33.48512,-3.08511],[33.48168,-3.07471],[33.48204,-3.07054],[33.48872,-3.06058],[33.48514,-3.04546],[33.49098,-3.04661],[33.49273,-3.04595],[33.49414,-3.04813],[33.49661,-3.04865],[33.50042,-3.05137],[33.53258,-3.04566],[33.53966,-3.04073],[33.54621,-3.04016]]]},"properties":{"region":"Simiyu","district":"Maswa","ward":"Mataba","ward_code":"331"}},{"type":"Feature","geometry":{"type":"Polygon","coordinates":[[[33.62394,-2.81101],[33.63785,-2.81394],[33.63633,-2.81643],[33.63897,-2.81649],[33.64173,-2.81946],[33.64367,-2.8256],[33.64665,-2.82517],[33.65507,-2.82646],[33.657,-2.82527],[33.65783,-2.82675],[33.65909,-2.83217],[33.65868,-2.83587],[33.66112,-2.83864],[33.6581,-2.84488],[33.65621,-2.84666],[33.65373,-2.84656],[33.65508,-2.85067],[33.65517,-2.85842],[33.65182,-2.86752],[33.65227,-2.86852],[33.65779,-2.87079],[33.65883,-2.87379],[33.65768,-2.87536],[33.64917,-2.87543],[33.61204,-2.88637],[33.60986,-2.88313],[33.60557,-2.8802],[33.60619,-2.8748],[33.59867,-2.87409],[33.59494,-2.87216],[33.59457,-2.87019],[33.58951,-2.86985],[33.58991,-2.87573],[33.58803,-2.87954],[33.57701,-2.89028],[33.57639,-2.90001],[33.57282,-2.90525],[33.56606,-2.90929],[33.56352,-2.91275],[33.56139,-2.91367],[33.55896,-2.9186],[33.56138,-2.92343],[33.54853,-2.9294],[33.53722,-2.92759],[33.53679,-2.92632],[33.5356,-2.9266],[33.5345,-2.92525],[33.5348,-2.9239],[33.53327,-2.92365],[33.53356,-2.91882],[33.5316,-2.91783],[33.53257,-2.91759],[33.53485,-2.91027],[33.53478,-2.90692],[33.53701,-2.90445],[33.53656,-2.9019],[33.53961,-2.89977],[33.54005,-2.89682],[33.54433,-2.89419],[33.54593,-2.89042],[33.54738,-2.88923],[33.54733,-2.88648],[33.54603,-2.88501],[33.54732,-2.88293],[33.54646,-2.8796],[33.5476,-2.87539],[33.54656,-2.87375],[33.54764,-2.87291],[33.54606,-2.8679],[33.54758,-2.8659],[33.54637,-2.86325],[33.54742,-2.86171],[33.54655,-2.86087],[33.54683,-2.85921],[33.54817,-2.85697],[33.54621,-2.85169],[33.54856,-2.84207],[33.54704,-2.83983],[33.54958,-2.83781],[33.55329,-2.82736],[33.5559,-2.82749],[33.56179,-2.83099],[33.56179,-2.83496],[33.56972,-2.84213],[33.57381,-2.84288],[33.57963,-2.84044],[33.5819,-2.83371],[33.58131,-2.83198],[33.58386,-2.82778],[33.58898,-2.82598],[33.59572,-2.82104],[33.61474,-2.81722],[33.61602,-2.81577],[33.61564,-2.81297],[33.61735,-2.8105],[33.61561,-2.80188],[33.61633,-2.80156],[33.61723,-2.80558],[33.61968,-2.80652],[33.62394,-2.81101]]]},"properties":{"region":"Simiyu","district":"Maswa","ward":"Jija","ward_code":"341"}},{"type":"Feature","geometry":{"type":"Polygon","coordinates":[[[33.73667,-3.33512],[33.74038,-3.3402],[33.74025,-3.34197],[33.74307,-3.34653],[33.74636,-3.35942],[33.74465,-3.36247],[33.73899,-3.3648],[33.73871,-3.37007],[33.73733,-3.37444],[33.7406,-3.38119],[33.73846,-3.38378],[33.73827,-3.38786],[33.74181,-3.39329],[33.74067,-3.39484],[33.74135,-3.40034],[33.74609,-3.40681],[33.74547,-3.40894],[33.74616,-3.41407],[33.74833,-3.41628],[33.74729,-3.41705],[33.74699,-3.41949],[33.75088,-3.42902],[33.75005,-3.4352],[33.7517,-3.43734],[33.75414,-3.4447],[33.75826,-3.44587],[33.76565,-3.44557],[33.76715,-3.44618],[33.76906,-3.45011],[33.76703,-3.45659],[33.76129,-3.46362],[33.76112,-3.46563],[33.7587,-3.46865],[33.75962,-3.47601],[33.76148,-3.47983],[33.76389,-3.48186],[33.77103,-3.48294],[33.76998,-3.49262],[33.77091,-3.49358],[33.7727,-3.49219],[33.77343,-3.49563],[33.77213,-3.49742],[33.76582,-3.50019],[33.76015,-3.50919],[33.76017,-3.5133],[33.75474,-3.51583],[33.75232,-3.51918],[33.75246,-3.52174],[33.75112,-3.52396],[33.75398,-3.53149],[33.75815,-3.53299],[33.76217,-3.54415],[33.76573,-3.55019],[33.76474,-3.55843],[33.76173,-3.55984],[33.7592,-3.55975],[33.75467,-3.55779],[33.75087,-3.55247],[33.74715,-3.55146],[33.74509,-3.54837],[33.74271,-3.5484],[33.73718,-3.54639],[33.73595,-3.54316],[33.73271,-3.54304],[33.72502,-3.53459],[33.72399,-3.52965],[33.72137,-3.5263],[33.7235,-3.51864],[33.72266,-3.51519],[33.7241,-3.50547],[33.72312,-3.50291],[33.72421,-3.49969],[33.71865,-3.49071],[33.71931,-3.47985],[33.71304,-3.47229],[33.70088,-3.46805],[33.69763,-3.46586],[33.69409,-3.46562],[33.6915,-3.46388],[33.68531,-3.46268],[33.68073,-3.45653],[33.67951,-3.45617],[33.67645,-3.45757],[33.67378,-3.45466],[33.67029,-3.44762],[33.67126,-3.44636],[33.67012,-3.44025],[33.6707,-3.43392],[33.66784,-3.43049],[33.66761,-3.42114],[33.66717,-3.41856],[33.66579,-3.41715],[33.66568,-3.41474],[33.66763,-3.41248],[33.66827,-3.40554],[33.67028,-3.40091],[33.67064,-3.39756],[33.67321,-3.39441],[33.67662,-3.39273],[33.6817,-3.39307],[33.68479,-3.39139],[33.68607,-3.39172],[33.68707,-3.38945],[33.69566,-3.38568],[33.70476,-3.37821],[33.70512,-3.37229],[33.70725,-3.36918],[33.70626,-3.36502],[33.70716,-3.35995],[33.71247,-3.35592],[33.71148,-3.34971],[33.71215,-3.34772],[33.72799,-3.33768],[33.73256,-3.33565],[33.73463,-3.33599],[33.73667,-3.33512]]]},"properties":{"region":"Simiyu","district":"Maswa","ward":"Seng'wa","ward_code":"121"}},{"type":"Feature","geometry":{"type":"Polygon","coordinates":[[[33.5733,-3.25123],[33.57783,-3.25154],[33.57944,-3.25262],[33.5818,-3.25604],[33.5848,-3.26562],[33.59149,-3.2654],[33.59481,-3.26702],[33.59405,-3.26837],[33.59454,-3.27149],[33.5971,-3.27319],[33.60471,-3.28453],[33.60868,-3.28633],[33.608,-3.29055],[33.61051,-3.29129],[33.60831,-3.2814],[33.6094,-3.27847],[33.61089,-3.27751],[33.61769,-3.28224],[33.62433,-3.28304],[33.62616,-3.28524],[33.62851,-3.28617],[33.63472,-3.28548],[33.63503,-3.28399],[33.63714,-3.28307],[33.6381,-3.28383],[33.63868,-3.28306],[33.6412,-3.28353],[33.64938,-3.29039],[33.65574,-3.29175],[33.65752,-3.29438],[33.6618,-3.29648],[33.66242,-3.29848],[33.66318,-3.29809],[33.66561,-3.29985],[33.66601,-3.3041],[33.66973,-3.30665],[33.67098,-3.31183],[33.67432,-3.31464],[33.67661,-3.32068],[33.6803,-3.32302],[33.68216,-3.32864],[33.67993,-3.33373],[33.67734,-3.33412],[33.66976,-3.34025],[33.67168,-3.34134],[33.67345,-3.33931],[33.67685,-3.33865],[33.68629,-3.34081],[33.69022,-3.33545],[33.68996,-3.33265],[33.69439,-3.33131],[33.69774,-3.32574],[33.69918,-3.326],[33.70087,-3.32796],[33.70348,-3.3274],[33.70322,-3.32369],[33.70537,-3.32194],[33.70908,-3.32077],[33.71177,-3.3212],[33.71351,-3.31847],[33.7196,-3.31869],[33.72058,-3.31823],[33.71944,-3.31572],[33.72033,-3.31505],[33.72309,-3.31587],[33.72623,-3.32183],[33.73074,-3.32675],[33.73085,-3.32918],[33.73529,-3.33276],[33.73667,-3.33512],[33.73463,-3.33599],[33.73256,-3.33565],[33.72799,-3.33768],[33.71215,-3.34772],[33.71148,-3.34971],[33.71247,-3.35592],[33.70716,-3.35995],[33.70626,-3.36502],[33.70725,-3.36918],[33.70512,-3.37229],[33.70476,-3.37821],[33.69566,-3.38568],[33.68707,-3.38945],[33.68607,-3.39172],[33.68479,-3.39139],[33.6817,-3.39307],[33.67662,-3.39273],[33.67321,-3.39441],[33.67064,-3.39756],[33.67028,-3.40091],[33.66827,-3.40554],[33.66763,-3.41248],[33.66568,-3.41474],[33.66579,-3.41715],[33.66265,-3.41492],[33.66208,-3.41207],[33.66091,-3.41091],[33.65266,-3.40551],[33.65088,-3.40169],[33.64643,-3.39761],[33.64518,-3.39495],[33.64417,-3.39491],[33.63587,-3.3873],[33.63441,-3.38741],[33.63021,-3.38409],[33.62361,-3.38139],[33.61837,-3.37585],[33.61151,-3.37201],[33.60987,-3.36977],[33.61056,-3.36784],[33.60666,-3.36193],[33.60539,-3.35784],[33.60681,-3.35239],[33.60079,-3.35173],[33.5966,-3.34984],[33.59051,-3.34446],[33.58838,-3.3411],[33.58907,-3.33715],[33.58487,-3.33366],[33.58141,-3.32077],[33.57285,-3.31186],[33.56846,-3.30884],[33.56612,-3.29566],[33.56234,-3.29369],[33.56019,-3.28759],[33.54421,-3.28868],[33.5421,-3.28811],[33.54874,-3.2827],[33.54736,-3.28068],[33.5497,-3.27957],[33.55039,-3.27348],[33.55281,-3.27314],[33.55239,-3.27105],[33.55541,-3.26691],[33.56111,-3.26355],[33.56471,-3.26319],[33.56498,-3.26214],[33.56681,-3.26201],[33.56691,-3.261],[33.56799,-3.26133],[33.56881,-3.25984],[33.57032,-3.25947],[33.5733,-3.25123]]]},"properties":{"region":"Simiyu","district":"Maswa","ward":"Masela","ward_code":"131"}},{"type":"Feature","geometry":{"type":"Polygon","coordinates":[[[33.62382,-3.19088],[33.63036,-3.19219],[33.63434,-3.19131],[33.63786,-3.19493],[33.63785,-3.19702],[33.64137,-3.20304],[33.64353,-3.20399],[33.64481,-3.20348],[33.64662,-3.205],[33.64898,-3.20475],[33.6564,-3.20866],[33.65738,-3.21065],[33.65639,-3.21835],[33.64983,-3.22183],[33.6575,-3.22441],[33.66301,-3.22957],[33.66587,-3.23493],[33.66715,-3.23994],[33.67126,-3.24622],[33.68417,-3.24344],[33.68584,-3.24254],[33.68554,-3.24145],[33.69173,-3.23866],[33.69368,-3.23586],[33.6945,-3.22948],[33.69637,-3.22819],[33.70639,-3.22498],[33.71158,-3.22644],[33.71838,-3.22179],[33.72116,-3.21788],[33.7238,-3.21874],[33.72645,-3.22123],[33.72689,-3.22483],[33.72426,-3.22898],[33.72274,-3.22886],[33.72254,-3.23082],[33.72089,-3.23224],[33.71946,-3.23737],[33.71974,-3.24136],[33.71748,-3.24393],[33.71536,-3.25401],[33.71222,-3.25637],[33.71293,-3.25964],[33.71183,-3.26179],[33.7086,-3.26339],[33.7081,-3.26453],[33.70688,-3.26401],[33.70564,-3.26646],[33.7055,-3.26768],[33.70786,-3.26974],[33.70691,-3.27262],[33.70501,-3.27464],[33.7046,-3.27891],[33.70213,-3.28571],[33.70483,-3.28767],[33.70552,-3.29086],[33.70217,-3.29529],[33.69948,-3.29514],[33.69581,-3.29872],[33.69077,-3.2984],[33.69019,-3.29918],[33.68799,-3.30323],[33.68837,-3.30502],[33.68726,-3.30577],[33.68821,-3.31224],[33.68666,-3.31185],[33.68504,-3.3152],[33.68339,-3.31572],[33.6834,-3.31691],[33.68127,-3.31818],[33.68297,-3.32046],[33.68103,-3.32554],[33.6792,-3.3217],[33.67604,-3.31994],[33.67432,-3.31464],[33.67098,-3.31183],[33.66973,-3.30665],[33.66601,-3.3041],[33.66574,-3.29999],[33.66318,-3.29809],[33.66242,-3.29848],[33.6618,-3.29648],[33.65752,-3.29438],[33.65574,-3.29175],[33.64938,-3.29039],[33.63983,-3.28309],[33.6359,-3.28347],[33.63472,-3.28548],[33.63234,-3.28616],[33.62851,-3.28617],[33.62616,-3.28524],[33.62433,-3.28304],[33.61769,-3.28224],[33.61089,-3.27751],[33.6094,-3.27847],[33.60831,-3.2814],[33.61051,-3.29129],[33.608,-3.29055],[33.60868,-3.28633],[33.60471,-3.28453],[33.5971,-3.27319],[33.59454,-3.27149],[33.59405,-3.26837],[33.59481,-3.26702],[33.59149,-3.2654],[33.5848,-3.26562],[33.5818,-3.25604],[33.57944,-3.25262],[33.57783,-3.25154],[33.5733,-3.25123],[33.57988,-3.25012],[33.58046,-3.24568],[33.58324,-3.2406],[33.57968,-3.23757],[33.57961,-3.23643],[33.58086,-3.23542],[33.58113,-3.23365],[33.58194,-3.23371],[33.58153,-3.23085],[33.58363,-3.22467],[33.58952,-3.21803],[33.59813,-3.21449],[33.59814,-3.21058],[33.59701,-3.20738],[33.60013,-3.2068],[33.60463,-3.20368],[33.61131,-3.20328],[33.61747,-3.1978],[33.62084,-3.19665],[33.62382,-3.19088]]]},"properties":{"region":"Simiyu","district":"Maswa","ward":"Isanga","ward_code":"141"}},{"type":"Feature","geometry":{"type":"Polygon","coordinates":[[[33.84717,-3.06891],[33.85407,-3.06934],[33.86057,-3.07424],[33.86922,-3.07255],[33.8788,-3.08048],[33.88089,-3.08527],[33.88044,-3.0869],[33.87769,-3.08906],[33.87783,-3.09097],[33.87581,-3.09246],[33.87471,-3.09554],[33.87523,-3.09631],[33.87384,-3.09816],[33.87392,-3.10051],[33.87287,-3.10121],[33.87406,-3.10152],[33.87491,-3.10474],[33.87683,-3.1066],[33.87617,-3.11824],[33.87308,-3.12153],[33.86839,-3.12369],[33.86196,-3.13012],[33.85871,-3.13005],[33.8569,-3.1315],[33.8559,-3.13429],[33.85625,-3.13637],[33.85493,-3.13835],[33.85219,-3.14034],[33.8483,-3.14122],[33.84445,-3.14732],[33.84175,-3.14407],[33.83427,-3.14062],[33.82647,-3.13114],[33.81439,-3.12565],[33.80909,-3.11928],[33.81803,-3.11105],[33.81748,-3.09892],[33.82649,-3.07543],[33.8257,-3.06868],[33.82969,-3.05684],[33.84292,-3.0674],[33.84717,-3.06891]]]},"properties":{"region":"Simiyu","district":"Maswa","ward":"Zanzui","ward_code":"151"}},{"type":"Feature","geometry":{"type":"Polygon","coordinates":[[[33.76982,-3.01159],[33.7715,-3.01377],[33.77625,-3.01407],[33.77914,-3.01653],[33.78781,-3.01775],[33.78883,-3.01913],[33.78712,-3.02411],[33.78827,-3.02561],[33.78824,-3.02787],[33.79005,-3.02832],[33.79315,-3.02644],[33.79506,-3.02877],[33.79465,-3.0326],[33.79538,-3.03445],[33.79736,-3.03585],[33.80144,-3.03486],[33.80287,-3.03647],[33.79839,-3.041],[33.79823,-3.04277],[33.81259,-3.05111],[33.81534,-3.05153],[33.81643,-3.05244],[33.81613,-3.05433],[33.819,-3.05584],[33.82297,-3.0518],[33.82602,-3.05318],[33.82969,-3.05684],[33.8257,-3.06868],[33.82649,-3.07543],[33.81748,-3.09892],[33.81803,-3.11105],[33.80909,-3.11928],[33.80812,-3.12954],[33.80604,-3.13268],[33.8083,-3.13751],[33.80387,-3.14437],[33.80269,-3.14874],[33.79945,-3.15167],[33.78226,-3.15345],[33.77874,-3.15542],[33.77471,-3.15364],[33.76599,-3.15217],[33.76518,-3.15105],[33.76801,-3.14913],[33.76704,-3.14705],[33.76808,-3.14383],[33.76936,-3.14324],[33.76909,-3.14054],[33.76665,-3.13823],[33.76571,-3.13541],[33.765,-3.13549],[33.76592,-3.13293],[33.76382,-3.1311],[33.7636,-3.12961],[33.76009,-3.13051],[33.75887,-3.12948],[33.75867,-3.12667],[33.75446,-3.11959],[33.75468,-3.11353],[33.75044,-3.10962],[33.75045,-3.10666],[33.74893,-3.10555],[33.74687,-3.10129],[33.74692,-3.09955],[33.74451,-3.09802],[33.74413,-3.09657],[33.75046,-3.08929],[33.75081,-3.08635],[33.75361,-3.08464],[33.75459,-3.08227],[33.75383,-3.08149],[33.75419,-3.07899],[33.75573,-3.07726],[33.75467,-3.07694],[33.75459,-3.07503],[33.75604,-3.07405],[33.75487,-3.07324],[33.7549,-3.07146],[33.75788,-3.06935],[33.75941,-3.06288],[33.76199,-3.06163],[33.76177,-3.05997],[33.76344,-3.05813],[33.76487,-3.05817],[33.76606,-3.05509],[33.76461,-3.05336],[33.76536,-3.04658],[33.76793,-3.04311],[33.771,-3.04088],[33.77097,-3.03951],[33.77289,-3.03746],[33.77256,-3.03485],[33.77126,-3.03361],[33.77104,-3.02891],[33.7684,-3.02369],[33.76615,-3.0231],[33.76354,-3.01936],[33.76338,-3.01259],[33.76279,-3.01031],[33.7614,-3.00923],[33.76541,-3.00931],[33.76982,-3.01159]]]},"properties":{"region":"Simiyu","district":"Maswa","ward":"Mwamashimba","ward_code":"161"}},{"type":"Feature","geometry":{"type":"Polygon","coordinates":[[[33.72858,-2.98763],[33.73227,-2.99213],[33.73092,-2.99638],[33.7377,-2.99939],[33.74208,-3.00255],[33.74507,-3.00226],[33.74891,-3.0046],[33.74813,-3.00787],[33.7495,-3.00939],[33.75574,-3.00666],[33.76279,-3.01031],[33.76397,-3.01547],[33.76354,-3.01936],[33.76615,-3.0231],[33.7684,-3.02369],[33.77104,-3.02891],[33.77126,-3.03361],[33.77256,-3.03485],[33.77289,-3.03746],[33.77097,-3.03951],[33.771,-3.04088],[33.76793,-3.04311],[33.76536,-3.04658],[33.76461,-3.05336],[33.76606,-3.05509],[33.76487,-3.05817],[33.76344,-3.05813],[33.76177,-3.05997],[33.76199,-3.06163],[33.75941,-3.06288],[33.75788,-3.06935],[33.7549,-3.07146],[33.75487,-3.07324],[33.75604,-3.07405],[33.75459,-3.07503],[33.75467,-3.07694],[33.75573,-3.07726],[33.75419,-3.07899],[33.75383,-3.08149],[33.75459,-3.08227],[33.75361,-3.08464],[33.75081,-3.08635],[33.75046,-3.08929],[33.74413,-3.09657],[33.74451,-3.09802],[33.74692,-3.09955],[33.74687,-3.10129],[33.74893,-3.10555],[33.75045,-3.10666],[33.75044,-3.10962],[33.75468,-3.11353],[33.75446,-3.11959],[33.75867,-3.12667],[33.75887,-3.12948],[33.76009,-3.13051],[33.7636,-3.12961],[33.76382,-3.1311],[33.76592,-3.13293],[33.765,-3.13549],[33.76571,-3.13541],[33.76665,-3.13823],[33.76909,-3.14054],[33.76936,-3.14324],[33.76808,-3.14383],[33.76704,-3.14705],[33.76801,-3.14913],[33.76301,-3.15282],[33.76145,-3.15601],[33.75858,-3.15636],[33.75878,-3.15723],[33.75534,-3.16056],[33.75419,-3.16316],[33.74601,-3.1661],[33.74165,-3.1692],[33.74228,-3.17127],[33.74154,-3.17275],[33.74499,-3.17789],[33.74511,-3.18151],[33.74376,-3.18443],[33.74452,-3.18744],[33.73308,-3.18838],[33.7308,-3.19873],[33.72626,-3.20006],[33.72179,-3.19678],[33.71863,-3.19083],[33.71344,-3.18533],[33.71617,-3.18226],[33.71464,-3.17669],[33.71561,-3.17623],[33.71505,-3.17463],[33.716,-3.17213],[33.71358,-3.17013],[33.71213,-3.16502],[33.71022,-3.16412],[33.70821,-3.16135],[33.70751,-3.15648],[33.70135,-3.15086],[33.7004,-3.14742],[33.69391,-3.14375],[33.69204,-3.13623],[33.68652,-3.12635],[33.6791,-3.12047],[33.68231,-3.11665],[33.67957,-3.10992],[33.67223,-3.10537],[33.66706,-3.09861],[33.66897,-3.09668],[33.67329,-3.0884],[33.67925,-3.08463],[33.6878,-3.08538],[33.69628,-3.07703],[33.7008,-3.07559],[33.70251,-3.07657],[33.70531,-3.07589],[33.70547,-3.07468],[33.70759,-3.07402],[33.70993,-3.0709],[33.71154,-3.0704],[33.71215,-3.06717],[33.7148,-3.06386],[33.71599,-3.05979],[33.7197,-3.05649],[33.71903,-3.05446],[33.71793,-3.05402],[33.71768,-3.05242],[33.7186,-3.05171],[33.71733,-3.04625],[33.71373,-3.03986],[33.71682,-3.03462],[33.71597,-3.03209],[33.71746,-3.0282],[33.71588,-3.02624],[33.71704,-3.02277],[33.71573,-3.01956],[33.71603,-3.01714],[33.71359,-3.01282],[33.71429,-3.00997],[33.71261,-3.00878],[33.71431,-3.00637],[33.71347,-3.00522],[33.71381,-3.00376],[33.71559,-3.00262],[33.71701,-2.99996],[33.7201,-2.99819],[33.72039,-2.99554],[33.72173,-2.99381],[33.72241,-2.98817],[33.72487,-2.9887],[33.72858,-2.98763]]]},"properties":{"region":"Simiyu","district":"Maswa","ward":"Buchambi","ward_code":"171"}},{"type":"Feature","geometry":{"type":"Polygon","coordinates":[[[33.68231,-3.11665],[33.6791,-3.12047],[33.68652,-3.12635],[33.69204,-3.13623],[33.69391,-3.14375],[33.7004,-3.14742],[33.70135,-3.15086],[33.70751,-3.15648],[33.70765,-3.16016],[33.71022,-3.16412],[33.71213,-3.16502],[33.71381,-3.1705],[33.71572,-3.17124],[33.71501,-3.17529],[33.71561,-3.17623],[33.71464,-3.17669],[33.71617,-3.18226],[33.71344,-3.18533],[33.71863,-3.19083],[33.72179,-3.19678],[33.72626,-3.20006],[33.7308,-3.19873],[33.73026,-3.20241],[33.73267,-3.20814],[33.73101,-3.21226],[33.73446,-3.21314],[33.73712,-3.21617],[33.73617,-3.21793],[33.72689,-3.22483],[33.72577,-3.22024],[33.72116,-3.21788],[33.71838,-3.22179],[33.71158,-3.22644],[33.70639,-3.22498],[33.69637,-3.22819],[33.6945,-3.22948],[33.69368,-3.23586],[33.69173,-3.23866],[33.68554,-3.24145],[33.68584,-3.24254],[33.68417,-3.24344],[33.67126,-3.24622],[33.66715,-3.23994],[33.66587,-3.23493],[33.66301,-3.22957],[33.6575,-3.22441],[33.64983,-3.22183],[33.65639,-3.21835],[33.65738,-3.21065],[33.6564,-3.20866],[33.64898,-3.20475],[33.64662,-3.205],[33.64481,-3.20348],[33.64353,-3.20399],[33.64137,-3.20304],[33.63785,-3.19702],[33.63786,-3.19493],[33.63434,-3.19131],[33.63036,-3.19219],[33.62554,-3.19085],[33.63021,-3.19008],[33.63375,-3.18595],[33.63464,-3.18287],[33.63607,-3.18178],[33.63963,-3.18127],[33.64437,-3.17559],[33.65339,-3.16844],[33.65306,-3.16382],[33.6518,-3.16254],[33.65212,-3.15964],[33.65074,-3.15663],[33.65132,-3.15555],[33.64363,-3.15003],[33.65936,-3.13952],[33.66024,-3.13489],[33.65897,-3.12598],[33.66199,-3.12325],[33.66134,-3.11976],[33.66232,-3.1187],[33.66162,-3.11814],[33.66301,-3.11286],[33.66141,-3.10802],[33.66404,-3.10269],[33.66386,-3.10146],[33.66706,-3.09861],[33.67223,-3.10537],[33.67957,-3.10992],[33.68231,-3.11665]]]},"properties":{"region":"Simiyu","district":"Maswa","ward":"Busangi","ward_code":"311"}},{"type":"Feature","geometry":{"type":"Polygon","coordinates":[[[33.84445,-3.14732],[33.84274,-3.14855],[33.84215,-3.1512],[33.84008,-3.15343],[33.84101,-3.15445],[33.83791,-3.15674],[33.83786,-3.15863],[33.83626,-3.15952],[33.83692,-3.16058],[33.82986,-3.16491],[33.82103,-3.16472],[33.81106,-3.1675],[33.80568,-3.1663],[33.80088,-3.17449],[33.78962,-3.18281],[33.78437,-3.18139],[33.77702,-3.18355],[33.77676,-3.18053],[33.77969,-3.16254],[33.77971,-3.15784],[33.77874,-3.15542],[33.78226,-3.15345],[33.79945,-3.15167],[33.80269,-3.14874],[33.80387,-3.14437],[33.8083,-3.13751],[33.80604,-3.13268],[33.80812,-3.12954],[33.80909,-3.11928],[33.81439,-3.12565],[33.82647,-3.13114],[33.83427,-3.14062],[33.84175,-3.14407],[33.84445,-3.14732]]]},"properties":{"region":"Simiyu","district":"Maswa","ward":"Nyalikungu","ward_code":"253"}},{"type":"Feature","geometry":{"type":"Polygon","coordinates":[[[33.77579,-3.18384],[33.77613,-3.18625],[33.77734,-3.18606],[33.77779,-3.18933],[33.77648,-3.19083],[33.78114,-3.19271],[33.78778,-3.19362],[33.79024,-3.19512],[33.79275,-3.20414],[33.79534,-3.20624],[33.79395,-3.21274],[33.79102,-3.21252],[33.78767,-3.21975],[33.78774,-3.22286],[33.79004,-3.22489],[33.79407,-3.23168],[33.79123,-3.23721],[33.78609,-3.23946],[33.78988,-3.24574],[33.7887,-3.25114],[33.78913,-3.25512],[33.78809,-3.25789],[33.77974,-3.25232],[33.779,-3.25276],[33.77537,-3.25053],[33.76604,-3.24741],[33.76216,-3.25059],[33.75242,-3.2537],[33.74962,-3.256],[33.74377,-3.25473],[33.73997,-3.25642],[33.72721,-3.25473],[33.72292,-3.25061],[33.7201,-3.24989],[33.71183,-3.26179],[33.71293,-3.25964],[33.71222,-3.25637],[33.71536,-3.25401],[33.71748,-3.24393],[33.71974,-3.24136],[33.71946,-3.23737],[33.72089,-3.23224],[33.72254,-3.23082],[33.72274,-3.22886],[33.72426,-3.22898],[33.72827,-3.22336],[33.73071,-3.22251],[33.73712,-3.21617],[33.73446,-3.21314],[33.73101,-3.21226],[33.73267,-3.20814],[33.73026,-3.20241],[33.73308,-3.18838],[33.75936,-3.18659],[33.77579,-3.18384]]]},"properties":{"region":"Simiyu","district":"Maswa","ward":"Binza","ward_code":"263"}},{"type":"Feature","geometry":{"type":"Polygon","coordinates":[[[33.77765,-3.25218],[33.77974,-3.25232],[33.78743,-3.2568],[33.78825,-3.26627],[33.78621,-3.2684],[33.78642,-3.27085],[33.7853,-3.27232],[33.77843,-3.27417],[33.77824,-3.27588],[33.777,-3.27584],[33.77487,-3.28022],[33.77349,-3.28097],[33.77334,-3.28368],[33.77127,-3.28547],[33.772,-3.28744],[33.7711,-3.28911],[33.77524,-3.28772],[33.77753,-3.28865],[33.78083,-3.28764],[33.7802,-3.28679],[33.78168,-3.28767],[33.78429,-3.28697],[33.7859,-3.28737],[33.78597,-3.28847],[33.78782,-3.28826],[33.79091,-3.29012],[33.79259,-3.2897],[33.79482,-3.29148],[33.80331,-3.29293],[33.80753,-3.29658],[33.80463,-3.30038],[33.79441,-3.30798],[33.79076,-3.30901],[33.78297,-3.31507],[33.78412,-3.32333],[33.78028,-3.33104],[33.7799,-3.3431],[33.77936,-3.34595],[33.77823,-3.34705],[33.77853,-3.34999],[33.77428,-3.35079],[33.7678,-3.35533],[33.76568,-3.35846],[33.76597,-3.36322],[33.76908,-3.3712],[33.7708,-3.37322],[33.77175,-3.37313],[33.77467,-3.37736],[33.77005,-3.38972],[33.77203,-3.39712],[33.76961,-3.4007],[33.76879,-3.40477],[33.76961,-3.40579],[33.76716,-3.41093],[33.76787,-3.41295],[33.76295,-3.41042],[33.75837,-3.40985],[33.75648,-3.41065],[33.75527,-3.41271],[33.74961,-3.41278],[33.74616,-3.41407],[33.74547,-3.40894],[33.74609,-3.40681],[33.74135,-3.40034],[33.74067,-3.39484],[33.74181,-3.39329],[33.73827,-3.38786],[33.73846,-3.38378],[33.7406,-3.38119],[33.73733,-3.37444],[33.73871,-3.37007],[33.73899,-3.3648],[33.74465,-3.36247],[33.74636,-3.35942],[33.74454,-3.35159],[33.74307,-3.34653],[33.74025,-3.34197],[33.74038,-3.3402],[33.73529,-3.33276],[33.73311,-3.3307],[33.73194,-3.33072],[33.73061,-3.32852],[33.73074,-3.32675],[33.72623,-3.32183],[33.72309,-3.31587],[33.72033,-3.31505],[33.71944,-3.31572],[33.72058,-3.31823],[33.7196,-3.31869],[33.71351,-3.31847],[33.71177,-3.3212],[33.70908,-3.32077],[33.70537,-3.32194],[33.70322,-3.32369],[33.70348,-3.3274],[33.70087,-3.32796],[33.69918,-3.326],[33.69774,-3.32574],[33.69439,-3.33131],[33.68996,-3.33265],[33.69022,-3.33545],[33.68629,-3.34081],[33.67685,-3.33865],[33.67345,-3.33931],[33.67168,-3.34134],[33.66976,-3.34025],[33.67466,-3.33594],[33.68074,-3.33267],[33.68216,-3.32864],[33.68103,-3.32554],[33.68179,-3.32483],[33.68136,-3.32349],[33.68297,-3.32046],[33.68127,-3.31818],[33.6834,-3.31691],[33.68339,-3.31572],[33.68504,-3.3152],[33.68666,-3.31185],[33.68821,-3.31224],[33.68726,-3.30577],[33.68837,-3.30502],[33.68799,-3.30323],[33.69019,-3.29918],[33.69077,-3.2984],[33.69581,-3.29872],[33.69948,-3.29514],[33.70307,-3.29463],[33.70517,-3.2916],[33.70483,-3.28767],[33.70213,-3.28571],[33.7046,-3.27891],[33.70501,-3.27464],[33.70691,-3.27262],[33.70786,-3.26974],[33.7055,-3.26768],[33.70602,-3.26527],[33.71329,-3.26038],[33.7166,-3.25391],[33.7201,-3.24989],[33.72292,-3.25061],[33.72721,-3.25473],[33.73997,-3.25642],[33.74377,-3.25473],[33.74962,-3.256],[33.75242,-3.2537],[33.76216,-3.25059],[33.76604,-3.24741],[33.77537,-3.25053],[33.77765,-3.25218]]]},"properties":{"region":"Simiyu","district":"Maswa","ward":"Bugarama","ward_code":"301"}},{"type":"Feature","geometry":{"type":"Polygon","coordinates":[[[33.77874,-3.15542],[33.77971,-3.15784],[33.77969,-3.16254],[33.77676,-3.18053],[33.77702,-3.18355],[33.75936,-3.18659],[33.74452,-3.18744],[33.74376,-3.18443],[33.74511,-3.18151],[33.74499,-3.17789],[33.74154,-3.17275],[33.74228,-3.17127],[33.74165,-3.1692],[33.74299,-3.1677],[33.74491,-3.16757],[33.74601,-3.1661],[33.75419,-3.16316],[33.75534,-3.16056],[33.75878,-3.15723],[33.75858,-3.15636],[33.76145,-3.15601],[33.76301,-3.15282],[33.76518,-3.15105],[33.76599,-3.15217],[33.77471,-3.15364],[33.77874,-3.15542]]]},"properties":{"region":"Simiyu","district":"Maswa","ward":"Shanwa","ward_code":"353"}},{"type":"Feature","geometry":{"type":"Polygon","coordinates":[[[33.83492,-3.16472],[33.82887,-3.17116],[33.82957,-3.17167],[33.82875,-3.17496],[33.82495,-3.17675],[33.82514,-3.17891],[33.82182,-3.17792],[33.81756,-3.17811],[33.81116,-3.18068],[33.80781,-3.1842],[33.80837,-3.18774],[33.80736,-3.18927],[33.79898,-3.19067],[33.7953,-3.19016],[33.7904,-3.19286],[33.78967,-3.1948],[33.77648,-3.19083],[33.77779,-3.18933],[33.77734,-3.18606],[33.77613,-3.18625],[33.77577,-3.18369],[33.78437,-3.18139],[33.78962,-3.18281],[33.80088,-3.17449],[33.80568,-3.1663],[33.81106,-3.1675],[33.82103,-3.16472],[33.82986,-3.16491],[33.83559,-3.16111],[33.83492,-3.16472]]]},"properties":{"region":"Simiyu","district":"Maswa","ward":"Sola","ward_code":"363"}},{"type":"Feature","geometry":{"type":"Polygon","coordinates":[[[33.87776,-3.12588],[33.88168,-3.12975],[33.88427,-3.12924],[33.88763,-3.13738],[33.89035,-3.13891],[33.89146,-3.14065],[33.89098,-3.14507],[33.90401,-3.1482],[33.91346,-3.15986],[33.91807,-3.16744],[33.92482,-3.17283],[33.92632,-3.17795],[33.92328,-3.18997],[33.92293,-3.19838],[33.93729,-3.20489],[33.94208,-3.20783],[33.94275,-3.20958],[33.94602,-3.20991],[33.961,-3.2216],[33.95709,-3.25551],[33.95909,-3.27252],[33.93564,-3.27236],[33.9302,-3.27689],[33.92423,-3.29039],[33.91018,-3.29429],[33.90095,-3.29911],[33.89942,-3.29753],[33.89895,-3.29309],[33.90033,-3.28708],[33.89829,-3.28654],[33.89589,-3.28039],[33.89308,-3.27782],[33.89442,-3.27174],[33.89214,-3.27015],[33.89148,-3.26794],[33.8913,-3.25695],[33.87969,-3.25006],[33.87395,-3.23828],[33.86454,-3.23493],[33.8612,-3.22391],[33.86166,-3.22182],[33.86253,-3.2217],[33.86085,-3.21805],[33.86145,-3.21169],[33.86436,-3.2028],[33.86339,-3.19822],[33.86234,-3.19695],[33.85964,-3.19665],[33.85773,-3.19798],[33.85111,-3.19856],[33.84949,-3.19547],[33.85012,-3.18879],[33.8443,-3.18748],[33.84223,-3.18592],[33.84293,-3.18346],[33.84237,-3.18148],[33.84123,-3.17956],[33.84028,-3.17954],[33.83896,-3.17648],[33.83813,-3.17644],[33.83759,-3.17367],[33.83684,-3.17289],[33.82863,-3.17409],[33.82957,-3.17167],[33.82887,-3.17116],[33.83392,-3.16657],[33.83559,-3.16111],[33.83692,-3.16058],[33.83626,-3.15952],[33.83786,-3.15863],[33.83791,-3.15674],[33.84101,-3.15445],[33.84008,-3.15343],[33.84215,-3.1512],[33.84274,-3.14855],[33.84445,-3.14732],[33.8483,-3.14122],[33.85219,-3.14034],[33.85493,-3.13835],[33.85625,-3.13637],[33.8559,-3.13429],[33.8569,-3.1315],[33.85871,-3.13005],[33.86196,-3.13012],[33.86839,-3.12369],[33.87308,-3.12153],[33.87617,-3.11824],[33.87806,-3.12425],[33.87776,-3.12588]]]},"properties":{"region":"Simiyu","district":"Maswa","ward":"Ng'wigwa","ward_code":"011"}},{"type":"Feature","geometry":{"type":"Polygon","coordinates":[[[33.8891,-3.08844],[33.89457,-3.08716],[33.89713,-3.0854],[33.89921,-3.08543],[33.89938,-3.08795],[33.90127,-3.08967],[33.90653,-3.08964],[33.9094,-3.08824],[33.91051,-3.09003],[33.90923,-3.09324],[33.91081,-3.0947],[33.91378,-3.09477],[33.91711,-3.09747],[33.92024,-3.09721],[33.92351,-3.09246],[33.93078,-3.09166],[33.93192,-3.09264],[33.93188,-3.09483],[33.93535,-3.09445],[33.93935,-3.09862],[33.94346,-3.09659],[33.94771,-3.09887],[33.94916,-3.1027],[33.95476,-3.10097],[33.95597,-3.10346],[33.95839,-3.10197],[33.96101,-3.10289],[33.96463,-3.10004],[33.96704,-3.09942],[33.968,-3.10435],[33.97109,-3.10344],[33.97409,-3.10485],[33.97414,-3.10187],[33.97597,-3.1002],[33.97773,-3.10143],[33.97938,-3.10473],[33.98202,-3.10337],[33.98546,-3.10399],[33.98535,-3.10867],[33.99131,-3.11399],[33.99286,-3.11797],[33.99666,-3.12183],[33.99677,-3.13395],[33.99535,-3.13394],[33.99073,-3.13778],[33.98683,-3.13877],[33.98662,-3.13953],[33.98119,-3.13955],[33.97787,-3.13857],[33.9769,-3.13703],[33.97558,-3.13729],[33.97474,-3.13608],[33.97174,-3.13583],[33.96882,-3.13418],[33.9675,-3.12917],[33.96526,-3.13148],[33.96539,-3.13387],[33.9634,-3.13436],[33.96386,-3.13602],[33.96106,-3.13945],[33.95593,-3.15099],[33.94759,-3.15723],[33.94733,-3.16001],[33.94269,-3.16302],[33.94232,-3.1645],[33.93845,-3.16561],[33.93839,-3.16668],[33.93529,-3.16842],[33.93475,-3.17002],[33.93128,-3.17058],[33.92632,-3.17795],[33.92482,-3.17283],[33.91807,-3.16744],[33.91346,-3.15986],[33.90401,-3.1482],[33.89098,-3.14507],[33.89146,-3.14065],[33.89035,-3.13891],[33.88763,-3.13738],[33.88427,-3.12924],[33.88105,-3.12952],[33.88135,-3.12887],[33.87913,-3.1282],[33.87776,-3.12588],[33.87806,-3.12425],[33.87617,-3.11824],[33.87683,-3.1066],[33.87491,-3.10474],[33.87406,-3.10152],[33.87287,-3.10121],[33.87392,-3.10051],[33.87384,-3.09816],[33.87523,-3.09631],[33.87471,-3.09554],[33.87581,-3.09246],[33.87783,-3.09097],[33.87769,-3.08906],[33.88044,-3.0869],[33.88089,-3.08527],[33.8788,-3.08048],[33.88429,-3.08499],[33.88658,-3.08552],[33.8891,-3.08844]]]},"properties":{"region":"Simiyu","district":"Maswa","ward":"Nguliguli","ward_code":"021"}},{"type":"Feature","geometry":{"type":"Polygon","coordinates":[[[34.10545,-3.03744],[34.10353,-3.05597],[34.11294,-3.06597],[34.12847,-3.0764],[34.12981,-3.07866],[34.13074,-3.08499],[34.13658,-3.08987],[34.14242,-3.09128],[34.14668,-3.09651],[34.1483,-3.10104],[34.1493,-3.1011],[34.15475,-3.11409],[34.13767,-3.13398],[34.13619,-3.13324],[34.13596,-3.13193],[34.13237,-3.1309],[34.13175,-3.12851],[34.12999,-3.12865],[34.12757,-3.12623],[34.12766,-3.12526],[34.11865,-3.12717],[34.11331,-3.12601],[34.09454,-3.12648],[34.09302,-3.12756],[34.09105,-3.13272],[34.08925,-3.14419],[34.07905,-3.1422],[34.07663,-3.14379],[34.07022,-3.14385],[34.06876,-3.15373],[34.06057,-3.15715],[34.05774,-3.15928],[34.05707,-3.16689],[34.05007,-3.15981],[34.03951,-3.15808],[34.03479,-3.16038],[34.02794,-3.15412],[34.02433,-3.14763],[34.00954,-3.14652],[34.01015,-3.14335],[34.00714,-3.14357],[34.00501,-3.13609],[33.99722,-3.13518],[33.99613,-3.12693],[33.99666,-3.12183],[33.99286,-3.11797],[33.99131,-3.11399],[33.98535,-3.10867],[33.98546,-3.10399],[33.98758,-3.1029],[33.99047,-3.10294],[33.9937,-3.10609],[33.99596,-3.10644],[33.99782,-3.10516],[34.00127,-3.10496],[34.00132,-3.10384],[34.00246,-3.10375],[34.00246,-3.10167],[34.00378,-3.10172],[34.00434,-3.10065],[34.00022,-3.10122],[33.99909,-3.10078],[33.99852,-3.0991],[33.99708,-3.09974],[33.99633,-3.09757],[33.99757,-3.0947],[33.99911,-3.09549],[34.0014,-3.09397],[34.00026,-3.09317],[34.00062,-3.09213],[34.00239,-3.09222],[34.00482,-3.09404],[34.00478,-3.09536],[34.00693,-3.09585],[34.00853,-3.09306],[34.01278,-3.09488],[34.01424,-3.09461],[34.01279,-3.0953],[34.01287,-3.0972],[34.01418,-3.09839],[34.01583,-3.09519],[34.01891,-3.09584],[34.0223,-3.09344],[34.02292,-3.0968],[34.02517,-3.09669],[34.02543,-3.09743],[34.02422,-3.09972],[34.02614,-3.10002],[34.02673,-3.09725],[34.02857,-3.09639],[34.02983,-3.09665],[34.03051,-3.09869],[34.0307,-3.09695],[34.03517,-3.0958],[34.03608,-3.09444],[34.03396,-3.09401],[34.03339,-3.0928],[34.03814,-3.08677],[34.03993,-3.08683],[34.0408,-3.09144],[34.04209,-3.09104],[34.04252,-3.08778],[34.04498,-3.08332],[34.05445,-3.07723],[34.05491,-3.07616],[34.05335,-3.07394],[34.05409,-3.07339],[34.05652,-3.07497],[34.05803,-3.07203],[34.06177,-3.07077],[34.06352,-3.06701],[34.06629,-3.0645],[34.06776,-3.06357],[34.07052,-3.0638],[34.07205,-3.0611],[34.07318,-3.06081],[34.07435,-3.06362],[34.07527,-3.06323],[34.07573,-3.06076],[34.07705,-3.05975],[34.08405,-3.05974],[34.08787,-3.05543],[34.09201,-3.05818],[34.09285,-3.05785],[34.09314,-3.05619],[34.09116,-3.05434],[34.09399,-3.04943],[34.09333,-3.04674],[34.09758,-3.04389],[34.09753,-3.0422],[34.10197,-3.04187],[34.10258,-3.03858],[34.10545,-3.03744]]]},"properties":{"region":"Simiyu","district":"Maswa","ward":"Ipililo","ward_code":"031"}},{"type":"Feature","geometry":{"type":"Polygon","coordinates":[[[34.12766,-3.12526],[34.12999,-3.12865],[34.13175,-3.12851],[34.13237,-3.1309],[34.13596,-3.13193],[34.13619,-3.13324],[34.13767,-3.13398],[34.13337,-3.1437],[34.12501,-3.15112],[34.11866,-3.15973],[34.11506,-3.16111],[34.11621,-3.16334],[34.11565,-3.16585],[34.10868,-3.16999],[34.10193,-3.18013],[34.10018,-3.18882],[34.08912,-3.19848],[34.08501,-3.20729],[34.08155,-3.21152],[34.07793,-3.21292],[34.07499,-3.21676],[34.07525,-3.22023],[34.07279,-3.22957],[34.06324,-3.23565],[34.06048,-3.23855],[34.0593,-3.23834],[34.05809,-3.23987],[34.05261,-3.24083],[34.05061,-3.24273],[34.04767,-3.24728],[34.04631,-3.25453],[34.05109,-3.26368],[34.04828,-3.26483],[34.04719,-3.2637],[34.03535,-3.26771],[34.01533,-3.2693],[34.01637,-3.2671],[34.01521,-3.26507],[34.01555,-3.25713],[34.01413,-3.25554],[34.01468,-3.2548],[34.01102,-3.25192],[34.01304,-3.24634],[34.00846,-3.24433],[34.00828,-3.23965],[34.00422,-3.23568],[34.00342,-3.23305],[34.00002,-3.22966],[33.99984,-3.22764],[33.99124,-3.22665],[33.99601,-3.2169],[33.99795,-3.20992],[34.00453,-3.2046],[34.00744,-3.19587],[34.00642,-3.18753],[34.00201,-3.17894],[33.9939,-3.1726],[33.99242,-3.16996],[33.99269,-3.16742],[34.00412,-3.16463],[34.00526,-3.16318],[34.00607,-3.16343],[34.00961,-3.15745],[34.01531,-3.15661],[34.01871,-3.15736],[34.02085,-3.16155],[34.01974,-3.16696],[34.02243,-3.17261],[34.02429,-3.17344],[34.02922,-3.17232],[34.034,-3.16617],[34.03479,-3.16038],[34.03951,-3.15808],[34.05007,-3.15981],[34.05707,-3.16689],[34.05774,-3.15928],[34.06057,-3.15715],[34.06876,-3.15373],[34.07022,-3.14385],[34.07663,-3.14379],[34.07905,-3.1422],[34.08925,-3.14419],[34.09105,-3.13272],[34.09302,-3.12756],[34.09454,-3.12648],[34.11331,-3.12601],[34.11865,-3.12717],[34.12766,-3.12526]]]},"properties":{"region":"Simiyu","district":"Maswa","ward":"Senani","ward_code":"041"}},{"type":"Feature","geometry":{"type":"Polygon","coordinates":[[[33.9675,-3.12917],[33.96882,-3.13418],[33.97174,-3.13583],[33.97474,-3.13608],[33.97558,-3.13729],[33.9769,-3.13703],[33.97787,-3.13857],[33.98119,-3.13955],[33.98662,-3.13953],[33.98683,-3.13877],[33.99073,-3.13778],[33.99535,-3.13394],[33.99677,-3.13395],[33.99722,-3.13518],[34.00501,-3.13609],[34.00714,-3.14357],[34.01015,-3.14335],[34.00954,-3.14652],[34.02433,-3.14763],[34.02794,-3.15412],[34.03479,-3.16038],[34.034,-3.16617],[34.02922,-3.17232],[34.02429,-3.17344],[34.02243,-3.17261],[34.01974,-3.16696],[34.02085,-3.16155],[34.01871,-3.15736],[34.01531,-3.15661],[34.00961,-3.15745],[34.00607,-3.16343],[34.00526,-3.16318],[34.00412,-3.16463],[33.99269,-3.16742],[33.99242,-3.16996],[33.9939,-3.1726],[34.00201,-3.17894],[34.00642,-3.18753],[34.00744,-3.19587],[34.00453,-3.2046],[33.99795,-3.20992],[33.99601,-3.2169],[33.99124,-3.22665],[33.99984,-3.22764],[34.00002,-3.22966],[34.00342,-3.23305],[34.00422,-3.23568],[34.00828,-3.23965],[34.00846,-3.24433],[34.01304,-3.24634],[34.01112,-3.25262],[34.01468,-3.2548],[34.01413,-3.25554],[34.01555,-3.25713],[34.01521,-3.26507],[34.01637,-3.2671],[34.01555,-3.26757],[34.01477,-3.2723],[34.01307,-3.27251],[34.01194,-3.2744],[34.00714,-3.27563],[34.00421,-3.28188],[34.00255,-3.28272],[34.00269,-3.286],[34.00113,-3.28768],[34.00162,-3.29124],[33.99908,-3.29262],[33.99875,-3.2955],[33.99653,-3.29796],[33.99392,-3.29658],[33.99487,-3.29534],[33.99422,-3.29056],[33.99266,-3.29035],[33.98611,-3.28489],[33.97978,-3.27701],[33.95909,-3.27252],[33.95709,-3.25551],[33.961,-3.2216],[33.94602,-3.20991],[33.94275,-3.20958],[33.94208,-3.20783],[33.93729,-3.20489],[33.92293,-3.19838],[33.92328,-3.18997],[33.92748,-3.17533],[33.92914,-3.17479],[33.93128,-3.17058],[33.93475,-3.17002],[33.93529,-3.16842],[33.93839,-3.16668],[33.93845,-3.16561],[33.94232,-3.1645],[33.94269,-3.16302],[33.94733,-3.16001],[33.94759,-3.15723],[33.95593,-3.15099],[33.96106,-3.13945],[33.96386,-3.13602],[33.9634,-3.13436],[33.96539,-3.13387],[33.96526,-3.13148],[33.9675,-3.12917]]]},"properties":{"region":"Simiyu","district":"Maswa","ward":"Mwamanenge","ward_code":"051"}},{"type":"Feature","geometry":{"type":"Polygon","coordinates":[[[33.83813,-3.17644],[33.84293,-3.18346],[33.84223,-3.18592],[33.8443,-3.18748],[33.85012,-3.18879],[33.84949,-3.19547],[33.85111,-3.19856],[33.85773,-3.19798],[33.85964,-3.19665],[33.86234,-3.19695],[33.86339,-3.19822],[33.86436,-3.2028],[33.86145,-3.21169],[33.86085,-3.21805],[33.86253,-3.2217],[33.86166,-3.22182],[33.8612,-3.22391],[33.86454,-3.23493],[33.87395,-3.23828],[33.87969,-3.25006],[33.8913,-3.25695],[33.89148,-3.26794],[33.89214,-3.27015],[33.89442,-3.27174],[33.89308,-3.27782],[33.89589,-3.28039],[33.89829,-3.28654],[33.90033,-3.28708],[33.89895,-3.29309],[33.89942,-3.29753],[33.90095,-3.29911],[33.89407,-3.30517],[33.88573,-3.30912],[33.88291,-3.30686],[33.88119,-3.30707],[33.87921,-3.30913],[33.87337,-3.30563],[33.86714,-3.30026],[33.86338,-3.30071],[33.86018,-3.30277],[33.85968,-3.30523],[33.8574,-3.30663],[33.85461,-3.3066],[33.85145,-3.30514],[33.84701,-3.30736],[33.84467,-3.30673],[33.84281,-3.30955],[33.84256,-3.31365],[33.83816,-3.3176],[33.83947,-3.32196],[33.83604,-3.32515],[33.83525,-3.33023],[33.83418,-3.32845],[33.83415,-3.3232],[33.83152,-3.31814],[33.82677,-3.31785],[33.82275,-3.31502],[33.81814,-3.30779],[33.81178,-3.30485],[33.80753,-3.29658],[33.80331,-3.29293],[33.79482,-3.29148],[33.79259,-3.2897],[33.79091,-3.29012],[33.78782,-3.28826],[33.78597,-3.28847],[33.7859,-3.28737],[33.78429,-3.28697],[33.78168,-3.28767],[33.7802,-3.28679],[33.78083,-3.28764],[33.77753,-3.28865],[33.77524,-3.28772],[33.77163,-3.28954],[33.77119,-3.28775],[33.77203,-3.28648],[33.771,-3.2862],[33.77334,-3.28368],[33.77349,-3.28097],[33.77487,-3.28022],[33.777,-3.27584],[33.77824,-3.27588],[33.77843,-3.27417],[33.7853,-3.27232],[33.78642,-3.27085],[33.78621,-3.2684],[33.78825,-3.26627],[33.78721,-3.25943],[33.78913,-3.25512],[33.7887,-3.25114],[33.78988,-3.24574],[33.78609,-3.23946],[33.79123,-3.23721],[33.79407,-3.23168],[33.79004,-3.22489],[33.78774,-3.22286],[33.78767,-3.21975],[33.79102,-3.21252],[33.79395,-3.21274],[33.79534,-3.20624],[33.79266,-3.20391],[33.78967,-3.1948],[33.7904,-3.19286],[33.7953,-3.19016],[33.79898,-3.19067],[33.80736,-3.18927],[33.80837,-3.18774],[33.80781,-3.1842],[33.81116,-3.18068],[33.81756,-3.17811],[33.82182,-3.17792],[33.82514,-3.17891],[33.82495,-3.17675],[33.82875,-3.17496],[33.82863,-3.17409],[33.83684,-3.17289],[33.83813,-3.17644]]]},"properties":{"region":"Simiyu","district":"Maswa","ward":"Sukuma","ward_code":"061"}},{"type":"Feature","geometry":{"type":"Polygon","coordinates":[[[34.05109,-3.26368],[34.05742,-3.27668],[34.06778,-3.28272],[34.0677,-3.28631],[34.06893,-3.28792],[34.0711,-3.28944],[34.07801,-3.29037],[34.078,-3.29284],[34.08059,-3.29671],[34.08365,-3.29544],[34.08695,-3.29708],[34.08778,-3.29929],[34.08712,-3.30071],[34.08919,-3.30195],[34.08979,-3.30344],[34.09005,-3.30739],[34.08891,-3.30896],[34.08893,-3.31325],[34.09062,-3.31616],[34.0921,-3.31649],[34.09406,-3.31924],[34.09966,-3.32216],[34.10198,-3.32516],[34.10408,-3.32411],[34.10684,-3.32503],[34.10919,-3.32714],[34.10945,-3.33244],[34.11252,-3.33513],[34.11434,-3.33965],[34.11727,-3.34106],[34.11636,-3.34577],[34.11882,-3.34726],[34.12008,-3.34928],[34.12284,-3.34956],[34.12357,-3.35063],[34.12159,-3.35516],[34.11887,-3.35726],[34.11873,-3.35999],[34.12038,-3.36168],[34.12007,-3.36826],[34.12215,-3.36948],[34.12184,-3.37521],[34.12039,-3.37573],[34.11992,-3.37708],[34.1212,-3.37932],[34.11875,-3.38016],[34.11773,-3.38247],[34.10697,-3.38649],[34.09141,-3.38601],[34.08862,-3.38472],[34.07826,-3.38737],[34.0769,-3.38886],[34.07136,-3.38991],[34.06635,-3.3897],[34.06462,-3.39318],[34.06255,-3.39122],[34.06227,-3.38876],[34.05855,-3.38949],[34.05635,-3.38874],[34.04748,-3.3904],[34.04774,-3.3922],[34.04601,-3.39431],[34.04427,-3.39988],[34.04193,-3.40152],[34.04132,-3.4034],[34.0425,-3.40623],[34.042,-3.40762],[34.03954,-3.41011],[34.03805,-3.40955],[34.03486,-3.41121],[34.03257,-3.41383],[34.03042,-3.41395],[34.02806,-3.42429],[34.02522,-3.42788],[34.01297,-3.43179],[34.01211,-3.43288],[34.00664,-3.43385],[34.00219,-3.43379],[34.00197,-3.43287],[33.9991,-3.43234],[33.99929,-3.43043],[33.99521,-3.42864],[33.99108,-3.4299],[33.98723,-3.42855],[33.98088,-3.42835],[33.97734,-3.43024],[33.97773,-3.42599],[33.97922,-3.4236],[33.97816,-3.42115],[33.97706,-3.41047],[33.97888,-3.40886],[33.97985,-3.40455],[33.98096,-3.40382],[33.98243,-3.39183],[33.98458,-3.3897],[33.98522,-3.38128],[33.98332,-3.37697],[33.98392,-3.37608],[33.98181,-3.37339],[33.98263,-3.37276],[33.98202,-3.37067],[33.98085,-3.36955],[33.98297,-3.36606],[33.98543,-3.35766],[33.99037,-3.35588],[33.99285,-3.35251],[33.99153,-3.34735],[33.9879,-3.34261],[33.99142,-3.33753],[33.98681,-3.3301],[33.98808,-3.32816],[33.98931,-3.32791],[33.98989,-3.32394],[33.99159,-3.32341],[33.99211,-3.32167],[33.99113,-3.306],[33.99336,-3.30054],[33.99522,-3.29982],[33.99875,-3.2955],[33.99908,-3.29262],[34.00162,-3.29124],[34.00113,-3.28768],[34.00269,-3.286],[34.00255,-3.28272],[34.00421,-3.28188],[34.00714,-3.27563],[34.01194,-3.2744],[34.01307,-3.27251],[34.01477,-3.2723],[34.01533,-3.2693],[34.03535,-3.26771],[34.04719,-3.2637],[34.04828,-3.26483],[34.05109,-3.26368]]]},"properties":{"region":"Simiyu","district":"Maswa","ward":"Mpindo","ward_code":"071"}},{"type":"Feature","geometry":{"type":"Polygon","coordinates":[[[34.03137,-3.51143],[34.04391,-3.51222],[34.04406,-3.51512],[34.05564,-3.51414],[34.06048,-3.51895],[34.06339,-3.51672],[34.0686,-3.51747],[34.06797,-3.52087],[34.06916,-3.52372],[34.07206,-3.52338],[34.07978,-3.52558],[34.08014,-3.52644],[34.07933,-3.52904],[34.07942,-3.53308],[34.08061,-3.53542],[34.08002,-3.53834],[34.0813,-3.54166],[34.08426,-3.54373],[34.08311,-3.54887],[34.07989,-3.55137],[34.07459,-3.5524],[34.07224,-3.55519],[34.06803,-3.55607],[34.06759,-3.55758],[34.06886,-3.55904],[34.06875,-3.56084],[34.06609,-3.56434],[34.06537,-3.56696],[34.06677,-3.56848],[34.06662,-3.57007],[34.06449,-3.57184],[34.06541,-3.58598],[34.06438,-3.5915],[34.06487,-3.59412],[34.06813,-3.59651],[34.07135,-3.60247],[34.07126,-3.60537],[34.06925,-3.6087],[34.06819,-3.61329],[34.06102,-3.61188],[34.05915,-3.61287],[34.0505,-3.61291],[34.043,-3.61507],[34.03033,-3.61411],[34.02332,-3.61538],[34.01373,-3.61394],[34.00718,-3.6112],[34.00274,-3.61113],[33.99866,-3.60951],[33.99986,-3.60601],[34.00884,-3.60024],[34.01019,-3.59691],[34.0094,-3.59179],[34.00768,-3.58989],[34.00303,-3.58791],[34.00056,-3.58235],[33.9935,-3.57803],[33.9917,-3.57564],[33.98841,-3.57654],[33.98141,-3.57103],[33.98003,-3.56494],[33.97999,-3.55879],[33.97246,-3.55552],[33.97224,-3.5534],[33.97473,-3.55028],[33.9746,-3.54456],[33.97755,-3.5408],[33.97981,-3.53434],[33.9801,-3.53177],[33.97837,-3.5249],[33.98756,-3.52072],[33.98798,-3.51903],[34.00037,-3.5172],[34.01218,-3.51944],[34.01306,-3.51304],[34.02014,-3.51288],[34.02522,-3.50992],[34.03137,-3.51143]]]},"properties":{"region":"Simiyu","district":"Maswa","ward":"Dakama","ward_code":"081"}},{"type":"Feature","geometry":{"type":"Polygon","coordinates":[[[33.95638,-3.39708],[33.95625,-3.40031],[33.95976,-3.40068],[33.96176,-3.40291],[33.9647,-3.40291],[33.9677,-3.4058],[33.96879,-3.4103],[33.97495,-3.41609],[33.9738,-3.42282],[33.97466,-3.42304],[33.97493,-3.42858],[33.97734,-3.43024],[33.98088,-3.42835],[33.98723,-3.42855],[33.99108,-3.4299],[33.99521,-3.42864],[33.99929,-3.43043],[33.9991,-3.43234],[34.00197,-3.43287],[34.00219,-3.43379],[34.01016,-3.43329],[34.01297,-3.43179],[34.01784,-3.43546],[34.0167,-3.43641],[34.01988,-3.443],[34.02,-3.44416],[34.01867,-3.44512],[34.02007,-3.44841],[34.01888,-3.45165],[34.01699,-3.45278],[34.01067,-3.45356],[34.00618,-3.45538],[34.00522,-3.45673],[34.00651,-3.46074],[34.00614,-3.4631],[34.01022,-3.46704],[34.00913,-3.47108],[34.00726,-3.47153],[34.00618,-3.47328],[34.00828,-3.47655],[33.99788,-3.48273],[33.99687,-3.48768],[33.99483,-3.49087],[33.99216,-3.49281],[33.99443,-3.50202],[33.99151,-3.50461],[33.98752,-3.50473],[33.98422,-3.50702],[33.9794,-3.51607],[33.97937,-3.52269],[33.97837,-3.5249],[33.9801,-3.53177],[33.97981,-3.53434],[33.97755,-3.5408],[33.9746,-3.54456],[33.97473,-3.55028],[33.97224,-3.5534],[33.9723,-3.55462],[33.97091,-3.55319],[33.97061,-3.54993],[33.96469,-3.54102],[33.96073,-3.5421],[33.95866,-3.5407],[33.95377,-3.54117],[33.95103,-3.53626],[33.94663,-3.53512],[33.94519,-3.53311],[33.94322,-3.53307],[33.94275,-3.5351],[33.94089,-3.53276],[33.93965,-3.5324],[33.93869,-3.53339],[33.9364,-3.53175],[33.93456,-3.53173],[33.93345,-3.52969],[33.93108,-3.52872],[33.92964,-3.52686],[33.92626,-3.52615],[33.92423,-3.52239],[33.92251,-3.52244],[33.9214,-3.51918],[33.91693,-3.51618],[33.91667,-3.5146],[33.91514,-3.51402],[33.91235,-3.51549],[33.91044,-3.51387],[33.90469,-3.5127],[33.89815,-3.50991],[33.89734,-3.5085],[33.89212,-3.50539],[33.88921,-3.48861],[33.88531,-3.48398],[33.88476,-3.48118],[33.88455,-3.47799],[33.88973,-3.46832],[33.89957,-3.46899],[33.90349,-3.45233],[33.90595,-3.44741],[33.91078,-3.44356],[33.91223,-3.44091],[33.91269,-3.43208],[33.91923,-3.42819],[33.92598,-3.41136],[33.92911,-3.40793],[33.94297,-3.40003],[33.95,-3.39863],[33.95162,-3.39745],[33.95638,-3.39708]]]},"properties":{"region":"Simiyu","district":"Maswa","ward":"Lalago","ward_code":"093"}},{"type":"Feature","geometry":{"type":"Polygon","coordinates":[[[33.83092,-3.38124],[33.83523,-3.38611],[33.84081,-3.38589],[33.84674,-3.38798],[33.84928,-3.38749],[33.85035,-3.38622],[33.85276,-3.38641],[33.85492,-3.38813],[33.86581,-3.39222],[33.86431,-3.41386],[33.86326,-3.41583],[33.86601,-3.42352],[33.86799,-3.42426],[33.86292,-3.42772],[33.86186,-3.43099],[33.85676,-3.42943],[33.8542,-3.43103],[33.85016,-3.4308],[33.8477,-3.43175],[33.84536,-3.43991],[33.84676,-3.44322],[33.8443,-3.44417],[33.84421,-3.44968],[33.83953,-3.45101],[33.83767,-3.45326],[33.83785,-3.45859],[33.83591,-3.46229],[33.83676,-3.46528],[33.83506,-3.46687],[33.83279,-3.4772],[33.82958,-3.4788],[33.82637,-3.47799],[33.82563,-3.47907],[33.82684,-3.48299],[33.80497,-3.48102],[33.79527,-3.47809],[33.77844,-3.4783],[33.77678,-3.47951],[33.77106,-3.47936],[33.76957,-3.48176],[33.77103,-3.48294],[33.76389,-3.48186],[33.76148,-3.47983],[33.75962,-3.47601],[33.7587,-3.46865],[33.76112,-3.46563],[33.76129,-3.46362],[33.76703,-3.45659],[33.76906,-3.45011],[33.76715,-3.44618],[33.76565,-3.44557],[33.75826,-3.44587],[33.75414,-3.4447],[33.7517,-3.43734],[33.75005,-3.4352],[33.75088,-3.42902],[33.74699,-3.41949],[33.74729,-3.41705],[33.74833,-3.41628],[33.74616,-3.41407],[33.74961,-3.41278],[33.75527,-3.41271],[33.75648,-3.41065],[33.75837,-3.40985],[33.76295,-3.41042],[33.76787,-3.41295],[33.76716,-3.41093],[33.76961,-3.40579],[33.76879,-3.40477],[33.77034,-3.39905],[33.77137,-3.39777],[33.77285,-3.39787],[33.77717,-3.39265],[33.78015,-3.3915],[33.78236,-3.39239],[33.78934,-3.38957],[33.7962,-3.38844],[33.80085,-3.38486],[33.80421,-3.38374],[33.80835,-3.38607],[33.81589,-3.3825],[33.82281,-3.38365],[33.8288,-3.38112],[33.83092,-3.38124]]]},"properties":{"region":"Simiyu","district":"Maswa","ward":"Budekwa","ward_code":"101"}},{"type":"Feature","geometry":{"type":"Polygon","coordinates":[[[33.81178,-3.30485],[33.81814,-3.30779],[33.82275,-3.31502],[33.82677,-3.31785],[33.83152,-3.31814],[33.83415,-3.3232],[33.83418,-3.32845],[33.83525,-3.33023],[33.83604,-3.32515],[33.83947,-3.32196],[33.83816,-3.3176],[33.84256,-3.31365],[33.84281,-3.30955],[33.84467,-3.30673],[33.84701,-3.30736],[33.85145,-3.30514],[33.85461,-3.3066],[33.8574,-3.30663],[33.85968,-3.30523],[33.86018,-3.30277],[33.86338,-3.30071],[33.86714,-3.30026],[33.87337,-3.30563],[33.87921,-3.30913],[33.87185,-3.31088],[33.87718,-3.31948],[33.88785,-3.34116],[33.88467,-3.34269],[33.88559,-3.34762],[33.88467,-3.35658],[33.88585,-3.36662],[33.88111,-3.37402],[33.88129,-3.3766],[33.87563,-3.37614],[33.86894,-3.38544],[33.86581,-3.39222],[33.85492,-3.38813],[33.85276,-3.38641],[33.85035,-3.38622],[33.84928,-3.38749],[33.84674,-3.38798],[33.84081,-3.38589],[33.83523,-3.38611],[33.83092,-3.38124],[33.8288,-3.38112],[33.82281,-3.38365],[33.81589,-3.3825],[33.80835,-3.38607],[33.80421,-3.38374],[33.80085,-3.38486],[33.7962,-3.38844],[33.78934,-3.38957],[33.78236,-3.39239],[33.78015,-3.3915],[33.77717,-3.39265],[33.77285,-3.39787],[33.77137,-3.39777],[33.77203,-3.39712],[33.77163,-3.39355],[33.77005,-3.38972],[33.77467,-3.37736],[33.77175,-3.37313],[33.7708,-3.37322],[33.76908,-3.3712],[33.76597,-3.36322],[33.76568,-3.35846],[33.7678,-3.35533],[33.77428,-3.35079],[33.77853,-3.34999],[33.77823,-3.34705],[33.77936,-3.34595],[33.7799,-3.3431],[33.78028,-3.33104],[33.78412,-3.32333],[33.78297,-3.31507],[33.79076,-3.30901],[33.79441,-3.30798],[33.80463,-3.30038],[33.80753,-3.29658],[33.81178,-3.30485]]]},"properties":{"region":"Simiyu","district":"Maswa","ward":"Busilili","ward_code":"111"}},{"type":"Feature","geometry":{"type":"Polygon","coordinates":[[[34.12189,-3.38563],[34.12345,-3.39004],[34.12151,-3.39195],[34.12171,-3.39608],[34.11912,-3.39775],[34.11876,-3.39642],[34.11677,-3.39645],[34.11477,-3.40016],[34.11416,-3.40396],[34.1157,-3.40668],[34.11283,-3.41216],[34.1054,-3.41712],[34.10752,-3.42055],[34.10451,-3.4236],[34.1042,-3.42878],[34.10314,-3.4309],[34.09553,-3.43442],[34.09157,-3.44202],[34.09164,-3.44432],[34.08964,-3.44566],[34.08745,-3.44909],[34.08601,-3.44975],[34.08309,-3.44852],[34.07936,-3.4545],[34.07267,-3.45418],[34.07134,-3.45491],[34.06874,-3.45743],[34.06876,-3.45962],[34.06602,-3.4638],[34.06578,-3.46673],[34.06789,-3.46836],[34.07029,-3.47313],[34.07194,-3.47387],[34.0722,-3.47913],[34.0758,-3.48491],[34.07526,-3.48905],[34.0775,-3.49194],[34.07759,-3.49345],[34.07415,-3.49796],[34.07488,-3.50262],[34.07392,-3.50609],[34.07068,-3.50692],[34.06797,-3.51328],[34.0686,-3.51747],[34.06339,-3.51672],[34.06048,-3.51895],[34.05564,-3.51414],[34.04406,-3.51512],[34.04391,-3.51222],[34.03137,-3.51143],[34.02522,-3.50992],[34.02014,-3.51288],[34.01306,-3.51304],[34.01218,-3.51944],[34.00037,-3.5172],[33.99264,-3.51786],[33.99125,-3.51885],[33.98798,-3.51903],[33.98756,-3.52072],[33.97837,-3.5249],[33.97937,-3.52269],[33.9794,-3.51607],[33.98422,-3.50702],[33.98752,-3.50473],[33.99151,-3.50461],[33.99443,-3.50202],[33.99216,-3.49281],[33.99483,-3.49087],[33.99687,-3.48768],[33.99788,-3.48273],[34.00828,-3.47655],[34.00618,-3.47328],[34.00726,-3.47153],[34.00913,-3.47108],[34.01022,-3.46704],[34.00614,-3.4631],[34.00651,-3.46074],[34.00522,-3.45673],[34.00618,-3.45538],[34.01067,-3.45356],[34.01699,-3.45278],[34.01888,-3.45165],[34.02007,-3.44841],[34.01867,-3.44512],[34.02,-3.44416],[34.0167,-3.43641],[34.01784,-3.43546],[34.01297,-3.43179],[34.02522,-3.42788],[34.02806,-3.42429],[34.03042,-3.41395],[34.03257,-3.41383],[34.03486,-3.41121],[34.03805,-3.40955],[34.03954,-3.41011],[34.042,-3.40762],[34.0425,-3.40623],[34.04132,-3.4034],[34.04193,-3.40152],[34.04427,-3.39988],[34.04601,-3.39431],[34.04774,-3.3922],[34.04748,-3.3904],[34.05635,-3.38874],[34.05855,-3.38949],[34.06227,-3.38876],[34.06255,-3.39122],[34.06462,-3.39318],[34.06635,-3.3897],[34.07136,-3.38991],[34.0769,-3.38886],[34.07826,-3.38737],[34.08862,-3.38472],[34.09141,-3.38601],[34.10697,-3.38649],[34.11773,-3.38247],[34.11875,-3.38016],[34.1212,-3.37932],[34.1231,-3.38336],[34.12189,-3.38563]]]},"properties":{"region":"Simiyu","district":"Maswa","ward":"Sangamwalugesha","ward_code":"273"}},{"type":"Feature","geometry":{"type":"Polygon","coordinates":[[[33.99113,-3.306],[33.99188,-3.3106],[33.99105,-3.31261],[33.99221,-3.3148],[33.99211,-3.32167],[33.99159,-3.32341],[33.98989,-3.32394],[33.98931,-3.32791],[33.98808,-3.32816],[33.98681,-3.3301],[33.99142,-3.33753],[33.9879,-3.34261],[33.99153,-3.34735],[33.99285,-3.35251],[33.99037,-3.35588],[33.98543,-3.35766],[33.98297,-3.36606],[33.98085,-3.36955],[33.98202,-3.37067],[33.98263,-3.37276],[33.98181,-3.37339],[33.98392,-3.37608],[33.98332,-3.37697],[33.98522,-3.38128],[33.98458,-3.3897],[33.98243,-3.39183],[33.98096,-3.40382],[33.97985,-3.40455],[33.97888,-3.40886],[33.97706,-3.41047],[33.97816,-3.42115],[33.97922,-3.4236],[33.97773,-3.42599],[33.97734,-3.43024],[33.97493,-3.42858],[33.97466,-3.42304],[33.9738,-3.42282],[33.97495,-3.41609],[33.96879,-3.4103],[33.9677,-3.4058],[33.9647,-3.40291],[33.96176,-3.40291],[33.95976,-3.40068],[33.95625,-3.40031],[33.95638,-3.39708],[33.95162,-3.39745],[33.95,-3.39863],[33.94297,-3.40003],[33.92911,-3.40793],[33.92492,-3.41326],[33.92434,-3.41671],[33.91923,-3.42819],[33.91269,-3.43208],[33.91223,-3.44091],[33.90407,-3.43907],[33.89949,-3.4367],[33.88996,-3.43612],[33.88343,-3.43402],[33.87929,-3.43423],[33.87802,-3.43249],[33.86817,-3.43324],[33.86799,-3.42426],[33.86601,-3.42352],[33.86326,-3.41583],[33.86431,-3.41386],[33.86581,-3.39222],[33.86894,-3.38544],[33.87563,-3.37614],[33.88129,-3.3766],[33.88111,-3.37402],[33.88585,-3.36662],[33.88467,-3.35658],[33.88559,-3.34762],[33.88467,-3.34269],[33.88785,-3.34116],[33.87718,-3.31948],[33.87185,-3.31088],[33.87921,-3.30913],[33.88119,-3.30707],[33.88291,-3.30686],[33.88573,-3.30912],[33.89407,-3.30517],[33.90095,-3.29911],[33.91018,-3.29429],[33.92423,-3.29039],[33.9302,-3.27689],[33.93564,-3.27236],[33.95909,-3.27252],[33.97978,-3.27701],[33.98611,-3.28489],[33.99266,-3.29035],[33.99422,-3.29056],[33.99472,-3.29182],[33.99487,-3.29534],[33.99392,-3.29658],[33.99653,-3.29796],[33.99522,-3.29982],[33.99336,-3.30054],[33.99113,-3.306]]]},"properties":{"region":"Simiyu","district":"Maswa","ward":"Mbaragane","ward_code":"281"}},{"type":"Feature","geometry":{"type":"Polygon","coordinates":[[[33.86799,-3.42426],[33.86817,-3.43324],[33.87802,-3.43249],[33.87929,-3.43423],[33.88343,-3.43402],[33.88996,-3.43612],[33.89949,-3.4367],[33.90407,-3.43907],[33.91223,-3.44091],[33.91078,-3.44356],[33.90595,-3.44741],[33.90349,-3.45233],[33.89957,-3.46899],[33.88973,-3.46832],[33.88455,-3.47799],[33.88531,-3.48398],[33.88921,-3.48861],[33.89212,-3.50539],[33.88333,-3.5045],[33.87904,-3.50678],[33.87644,-3.5046],[33.86387,-3.50283],[33.86089,-3.50323],[33.85774,-3.50175],[33.85667,-3.50267],[33.85465,-3.50217],[33.85306,-3.50287],[33.85084,-3.50182],[33.84791,-3.50202],[33.8469,-3.50489],[33.83861,-3.5095],[33.83206,-3.50828],[33.82857,-3.50648],[33.82121,-3.50676],[33.81975,-3.50932],[33.81673,-3.50964],[33.81575,-3.51437],[33.81312,-3.5182],[33.81179,-3.52469],[33.79862,-3.53423],[33.79335,-3.53946],[33.79314,-3.54435],[33.78556,-3.55204],[33.78371,-3.55779],[33.77756,-3.5581],[33.77401,-3.56186],[33.77491,-3.56647],[33.77341,-3.56847],[33.76716,-3.56772],[33.76454,-3.56473],[33.7657,-3.56003],[33.76466,-3.55631],[33.76573,-3.55019],[33.76217,-3.54415],[33.75815,-3.53299],[33.75398,-3.53149],[33.75112,-3.52396],[33.75246,-3.52174],[33.75232,-3.51918],[33.75474,-3.51583],[33.76017,-3.5133],[33.76015,-3.50919],[33.76582,-3.50019],[33.77213,-3.49742],[33.77343,-3.49563],[33.7727,-3.49219],[33.77091,-3.49358],[33.76998,-3.49262],[33.77103,-3.48294],[33.76957,-3.48176],[33.77106,-3.47936],[33.77678,-3.47951],[33.77844,-3.4783],[33.79527,-3.47809],[33.80497,-3.48102],[33.82684,-3.48299],[33.82563,-3.47907],[33.82637,-3.47799],[33.82958,-3.4788],[33.83279,-3.4772],[33.83506,-3.46687],[33.83676,-3.46528],[33.83591,-3.46229],[33.83785,-3.45859],[33.83767,-3.45326],[33.83953,-3.45101],[33.84421,-3.44968],[33.8443,-3.44417],[33.84676,-3.44322],[33.84536,-3.43991],[33.8477,-3.43175],[33.85016,-3.4308],[33.8542,-3.43103],[33.85676,-3.42943],[33.86186,-3.43099],[33.86292,-3.42772],[33.86799,-3.42426]]]},"properties":{"region":"Simiyu","district":"Maswa","ward":"Mwabaratulu","ward_code":"291"}},{"type":"Feature","geometry":{"type":"Polygon","coordinates":[[[33.71634,-2.33768],[33.71819,-2.34004],[33.71964,-2.34491],[33.72965,-2.34897],[33.73659,-2.35712],[33.7432,-2.35756],[33.75604,-2.36609],[33.75683,-2.37484],[33.77046,-2.39087],[33.75083,-2.40464],[33.7467,-2.40494],[33.74549,-2.40633],[33.74245,-2.40533],[33.73876,-2.40682],[33.73425,-2.40699],[33.72931,-2.41112],[33.72693,-2.41455],[33.7271,-2.41825],[33.72083,-2.42464],[33.72312,-2.4293],[33.72252,-2.43153],[33.72128,-2.4313],[33.71914,-2.43605],[33.71949,-2.45403],[33.71874,-2.45621],[33.70957,-2.45313],[33.69572,-2.4417],[33.68996,-2.44125],[33.68429,-2.43837],[33.66682,-2.41866],[33.65444,-2.41722],[33.64843,-2.41457],[33.64184,-2.41415],[33.62117,-2.41614],[33.61506,-2.41563],[33.61372,-2.41452],[33.61286,-2.41135],[33.60914,-2.41064],[33.60372,-2.41325],[33.60055,-2.41195],[33.60616,-2.40511],[33.60897,-2.40334],[33.61531,-2.40155],[33.62334,-2.39649],[33.62495,-2.39078],[33.62078,-2.38061],[33.61583,-2.37858],[33.6141,-2.37925],[33.61241,-2.37812],[33.61222,-2.37385],[33.61455,-2.37461],[33.61538,-2.3733],[33.61756,-2.37371],[33.61745,-2.37262],[33.61836,-2.37228],[33.61977,-2.37342],[33.62482,-2.37223],[33.62902,-2.37415],[33.62953,-2.37272],[33.63363,-2.37397],[33.6337,-2.37522],[33.63495,-2.37437],[33.63627,-2.37585],[33.63767,-2.37553],[33.63978,-2.37768],[33.64026,-2.37674],[33.64171,-2.37726],[33.64163,-2.37626],[33.64404,-2.37617],[33.64392,-2.37365],[33.64769,-2.36458],[33.65248,-2.3623],[33.65819,-2.36205],[33.66513,-2.36244],[33.66967,-2.36427],[33.6747,-2.36119],[33.6758,-2.35743],[33.68883,-2.35908],[33.69215,-2.35827],[33.70108,-2.35316],[33.70198,-2.34439],[33.70781,-2.34198],[33.70955,-2.33781],[33.71125,-2.33841],[33.71634,-2.33768]]]},"properties":{"region":"Simiyu","district":"Busega","ward":"Shigala","ward_code":"011"}},{"type":"Feature","geometry":{"type":"Polygon","coordinates":[[[33.61286,-2.41135],[33.61372,-2.41452],[33.61506,-2.41563],[33.62117,-2.41614],[33.64184,-2.41415],[33.64843,-2.41457],[33.65444,-2.41722],[33.66682,-2.41866],[33.68429,-2.43837],[33.68996,-2.44125],[33.69572,-2.4417],[33.70957,-2.45313],[33.71874,-2.45621],[33.71845,-2.46651],[33.71937,-2.46735],[33.72317,-2.467],[33.72378,-2.46852],[33.72685,-2.47076],[33.72605,-2.47194],[33.72687,-2.47697],[33.72521,-2.48231],[33.72495,-2.49182],[33.72411,-2.49356],[33.72593,-2.49701],[33.72569,-2.49862],[33.72381,-2.49996],[33.72229,-2.50549],[33.7195,-2.50814],[33.71989,-2.5132],[33.71746,-2.52195],[33.71562,-2.52135],[33.71374,-2.52209],[33.71446,-2.5243],[33.71063,-2.52475],[33.70945,-2.52793],[33.70226,-2.53099],[33.70263,-2.53357],[33.7015,-2.53651],[33.69614,-2.53881],[33.69592,-2.54308],[33.6927,-2.54235],[33.68617,-2.54473],[33.68341,-2.5425],[33.68193,-2.54379],[33.67928,-2.54415],[33.67845,-2.54703],[33.67535,-2.54857],[33.66953,-2.53989],[33.66348,-2.53309],[33.65819,-2.51989],[33.65756,-2.51439],[33.65819,-2.50688],[33.65681,-2.49924],[33.64573,-2.49727],[33.6439,-2.49606],[33.64444,-2.4839],[33.63939,-2.47749],[33.63486,-2.47393],[33.62007,-2.4701],[33.61049,-2.465],[33.60635,-2.46682],[33.6037,-2.46617],[33.59766,-2.46679],[33.59845,-2.46262],[33.60092,-2.45863],[33.58835,-2.45366],[33.58796,-2.4489],[33.58658,-2.44853],[33.5865,-2.44727],[33.58834,-2.44667],[33.58838,-2.44164],[33.58595,-2.4354],[33.58083,-2.43097],[33.57697,-2.43058],[33.57167,-2.42678],[33.56854,-2.42636],[33.56603,-2.42764],[33.56627,-2.42292],[33.56779,-2.41975],[33.57019,-2.41907],[33.57087,-2.41774],[33.57506,-2.41761],[33.57539,-2.4186],[33.57656,-2.41737],[33.57819,-2.41761],[33.58017,-2.41946],[33.58475,-2.41772],[33.58602,-2.41628],[33.59085,-2.41505],[33.59315,-2.41547],[33.59788,-2.41381],[33.59913,-2.41465],[33.59944,-2.41282],[33.60084,-2.41231],[33.60372,-2.41325],[33.60914,-2.41064],[33.61286,-2.41135]]]},"properties":{"region":"Simiyu","district":"Busega","ward":"Badugu","ward_code":"021"}},{"type":"Feature","geometry":{"type":"Polygon","coordinates":[[[33.59445,-2.46424],[33.59766,-2.46679],[33.6037,-2.46617],[33.60635,-2.46682],[33.61049,-2.465],[33.62007,-2.4701],[33.63486,-2.47393],[33.63939,-2.47749],[33.64444,-2.4839],[33.6439,-2.49606],[33.64573,-2.49727],[33.65681,-2.49924],[33.65819,-2.50688],[33.65756,-2.51439],[33.65819,-2.51989],[33.66348,-2.53309],[33.66953,-2.53989],[33.67535,-2.54857],[33.67277,-2.54937],[33.66543,-2.5565],[33.66236,-2.55736],[33.65654,-2.55628],[33.65341,-2.55866],[33.65256,-2.55533],[33.65083,-2.55737],[33.64899,-2.55349],[33.64643,-2.55551],[33.64294,-2.55372],[33.64204,-2.55194],[33.64057,-2.55523],[33.63672,-2.55681],[33.63431,-2.5566],[33.63343,-2.55812],[33.63026,-2.55721],[33.62917,-2.55871],[33.62827,-2.55856],[33.6282,-2.55698],[33.62679,-2.55671],[33.62528,-2.5572],[33.62512,-2.55897],[33.62373,-2.55988],[33.6222,-2.55916],[33.62007,-2.56126],[33.61579,-2.56092],[33.61364,-2.56216],[33.61339,-2.56313],[33.61572,-2.5637],[33.61378,-2.56455],[33.61412,-2.56633],[33.61332,-2.56677],[33.60739,-2.56642],[33.60413,-2.56717],[33.60228,-2.5663],[33.60184,-2.56776],[33.59889,-2.56577],[33.59684,-2.56766],[33.5945,-2.56753],[33.59358,-2.56929],[33.59136,-2.56769],[33.5858,-2.56715],[33.58423,-2.56372],[33.58419,-2.55247],[33.58317,-2.54672],[33.58073,-2.53958],[33.57389,-2.5236],[33.56535,-2.50942],[33.55761,-2.50335],[33.55681,-2.498],[33.55122,-2.48913],[33.54981,-2.48252],[33.55321,-2.47947],[33.55644,-2.47878],[33.56156,-2.47954],[33.57118,-2.47209],[33.5812,-2.46806],[33.59445,-2.46424]]]},"properties":{"region":"Simiyu","district":"Busega","ward":"Nyaluhande","ward_code":"031"}},{"type":"Feature","geometry":{"type":"Polygon","coordinates":[[[33.4903,-2.45309],[33.49989,-2.45348],[33.51126,-2.45147],[33.51912,-2.45323],[33.5216,-2.45157],[33.52655,-2.45144],[33.53105,-2.45295],[33.5299,-2.4593],[33.53169,-2.46224],[33.53458,-2.46356],[33.53223,-2.46652],[33.53521,-2.46788],[33.53923,-2.47551],[33.54321,-2.4773],[33.5457,-2.48144],[33.54981,-2.48252],[33.55122,-2.48913],[33.55681,-2.498],[33.55761,-2.50335],[33.54954,-2.50722],[33.54625,-2.51035],[33.5409,-2.51298],[33.53791,-2.51778],[33.51878,-2.52207],[33.51632,-2.52156],[33.51552,-2.5181],[33.51274,-2.51665],[33.51253,-2.51535],[33.50441,-2.51078],[33.50251,-2.50839],[33.49883,-2.50748],[33.48866,-2.50237],[33.48626,-2.5015],[33.48391,-2.50187],[33.48097,-2.50008],[33.48008,-2.49778],[33.4824,-2.49433],[33.47864,-2.48879],[33.4755,-2.48813],[33.46462,-2.49074],[33.45932,-2.49084],[33.45421,-2.49253],[33.44735,-2.49209],[33.43821,-2.48746],[33.43664,-2.48517],[33.43608,-2.47777],[33.43421,-2.4743],[33.42939,-2.47683],[33.42241,-2.47701],[33.41614,-2.47346],[33.41362,-2.47421],[33.41092,-2.47274],[33.40633,-2.47263],[33.40311,-2.46838],[33.40834,-2.46666],[33.41073,-2.46932],[33.41578,-2.47165],[33.42489,-2.46559],[33.43054,-2.46513],[33.43552,-2.46874],[33.43926,-2.46888],[33.45157,-2.45833],[33.45511,-2.45648],[33.45879,-2.45679],[33.4649,-2.45286],[33.4673,-2.4533],[33.47021,-2.45178],[33.4758,-2.4463],[33.48186,-2.438],[33.48491,-2.43598],[33.48673,-2.43781],[33.48626,-2.44179],[33.48714,-2.44391],[33.48735,-2.45107],[33.4903,-2.45309]]]},"properties":{"region":"Simiyu","district":"Busega","ward":"Kiloleli","ward_code":"041"}},{"type":"Feature","geometry":{"type":"Polygon","coordinates":[[[33.55347,-2.39021],[33.56888,-2.39978],[33.57074,-2.39611],[33.57421,-2.3986],[33.57576,-2.3982],[33.5834,-2.40026],[33.59305,-2.40967],[33.59464,-2.41445],[33.59315,-2.41547],[33.59085,-2.41505],[33.58602,-2.41628],[33.58475,-2.41772],[33.58017,-2.41946],[33.57819,-2.41761],[33.57656,-2.41737],[33.57539,-2.4186],[33.57506,-2.41761],[33.57087,-2.41774],[33.57019,-2.41907],[33.56779,-2.41975],[33.56627,-2.42292],[33.56603,-2.42764],[33.56854,-2.42636],[33.57167,-2.42678],[33.57697,-2.43058],[33.58083,-2.43097],[33.58386,-2.43316],[33.58595,-2.4354],[33.58838,-2.44164],[33.58834,-2.44667],[33.5865,-2.44727],[33.58658,-2.44853],[33.58796,-2.4489],[33.58835,-2.45366],[33.60092,-2.45863],[33.59845,-2.46262],[33.59766,-2.46679],[33.59445,-2.46424],[33.5812,-2.46806],[33.57118,-2.47209],[33.56156,-2.47954],[33.55644,-2.47878],[33.55321,-2.47947],[33.54981,-2.48252],[33.5457,-2.48144],[33.54321,-2.4773],[33.53923,-2.47551],[33.53521,-2.46788],[33.53223,-2.46652],[33.53458,-2.46356],[33.53169,-2.46224],[33.52978,-2.4586],[33.53105,-2.45295],[33.53542,-2.45444],[33.53723,-2.45371],[33.54184,-2.44832],[33.54673,-2.43502],[33.54532,-2.43034],[33.54223,-2.43055],[33.54265,-2.42646],[33.53125,-2.41992],[33.52929,-2.41653],[33.52574,-2.41603],[33.52002,-2.41239],[33.51882,-2.40935],[33.51452,-2.40552],[33.51903,-2.40173],[33.52117,-2.40282],[33.5254,-2.39861],[33.52686,-2.39413],[33.53368,-2.3844],[33.53683,-2.3824],[33.53941,-2.37906],[33.54099,-2.38045],[33.54143,-2.38325],[33.54777,-2.38906],[33.55347,-2.39021]]]},"properties":{"region":"Simiyu","district":"Busega","ward":"Mwamanyili","ward_code":"051"}},{"type":"Feature","geometry":{"type":"Polygon","coordinates":[[[33.70629,-2.31376],[33.70825,-2.32268],[33.70767,-2.32366],[33.7088,-2.32598],[33.70587,-2.33388],[33.70679,-2.3358],[33.70955,-2.33781],[33.70781,-2.34198],[33.70198,-2.34439],[33.70108,-2.35316],[33.69215,-2.35827],[33.68883,-2.35908],[33.6758,-2.35743],[33.6747,-2.36119],[33.66883,-2.36442],[33.66513,-2.36244],[33.65248,-2.3623],[33.64769,-2.36458],[33.64392,-2.37365],[33.64404,-2.37617],[33.64163,-2.37626],[33.64171,-2.37726],[33.64026,-2.37674],[33.63978,-2.37768],[33.63767,-2.37553],[33.63627,-2.37585],[33.63495,-2.37437],[33.6337,-2.37522],[33.63363,-2.37397],[33.62953,-2.37272],[33.62902,-2.37415],[33.62482,-2.37223],[33.61977,-2.37342],[33.61836,-2.37228],[33.61745,-2.37262],[33.61756,-2.37371],[33.61538,-2.3733],[33.61347,-2.37473],[33.61317,-2.37388],[33.60661,-2.37195],[33.60607,-2.37074],[33.60449,-2.37106],[33.60468,-2.37006],[33.60363,-2.36933],[33.60218,-2.36974],[33.60204,-2.36738],[33.5978,-2.36749],[33.59796,-2.36556],[33.59632,-2.36454],[33.59938,-2.36148],[33.59559,-2.35458],[33.59752,-2.35239],[33.60092,-2.34974],[33.60659,-2.34964],[33.61188,-2.34754],[33.61616,-2.3442],[33.61966,-2.34301],[33.62452,-2.33461],[33.6309,-2.3287],[33.63889,-2.31852],[33.64303,-2.31165],[33.64923,-2.30591],[33.65265,-2.31264],[33.65879,-2.31771],[33.66256,-2.31874],[33.66992,-2.31778],[33.6773,-2.31353],[33.68738,-2.30207],[33.69855,-2.29275],[33.70242,-2.2879],[33.70747,-2.29608],[33.71002,-2.30289],[33.70913,-2.30471],[33.70879,-2.31158],[33.70629,-2.31376]]]},"properties":{"region":"Simiyu","district":"Busega","ward":"Kabita","ward_code":"063"}},{"type":"Feature","geometry":{"type":"Polygon","coordinates":[[[33.59635,-2.3645],[33.59796,-2.36556],[33.5978,-2.36749],[33.60204,-2.36738],[33.60218,-2.36974],[33.60363,-2.36933],[33.60468,-2.37006],[33.60449,-2.37106],[33.60607,-2.37074],[33.60661,-2.37195],[33.61222,-2.37385],[33.61241,-2.37812],[33.6141,-2.37925],[33.61583,-2.37858],[33.62078,-2.38061],[33.62495,-2.39078],[33.62334,-2.39649],[33.61531,-2.40155],[33.60897,-2.40334],[33.60616,-2.40511],[33.60084,-2.41231],[33.59944,-2.41282],[33.59913,-2.41465],[33.59788,-2.41381],[33.59464,-2.41445],[33.59305,-2.40967],[33.5834,-2.40026],[33.57576,-2.3982],[33.57421,-2.3986],[33.57074,-2.39611],[33.56888,-2.39978],[33.55347,-2.39021],[33.54777,-2.38906],[33.54143,-2.38325],[33.54099,-2.38045],[33.53941,-2.37906],[33.541,-2.37699],[33.54544,-2.37548],[33.54835,-2.3713],[33.55415,-2.36856],[33.56078,-2.369],[33.56497,-2.36727],[33.56753,-2.36801],[33.5731,-2.36701],[33.57694,-2.36326],[33.58141,-2.36453],[33.58624,-2.36328],[33.59028,-2.35808],[33.59289,-2.35763],[33.59559,-2.35458],[33.59938,-2.36148],[33.59635,-2.3645]]]},"properties":{"region":"Simiyu","district":"Busega","ward":"Nyashimo","ward_code":"153"}},{"type":"Feature","geometry":{"type":"Polygon","coordinates":[[[33.78518,-2.29338],[33.77528,-2.30681],[33.77574,-2.31387],[33.77092,-2.32011],[33.77018,-2.32992],[33.77223,-2.33514],[33.76993,-2.33821],[33.7705,-2.34586],[33.75726,-2.35574],[33.75071,-2.3579],[33.74865,-2.36066],[33.7432,-2.35756],[33.73659,-2.35712],[33.72965,-2.34897],[33.71964,-2.34491],[33.71819,-2.34004],[33.71634,-2.33768],[33.71125,-2.33841],[33.70879,-2.33745],[33.70617,-2.3347],[33.70582,-2.33235],[33.7088,-2.32598],[33.70767,-2.32366],[33.70801,-2.32038],[33.70629,-2.31376],[33.70879,-2.31158],[33.70913,-2.30471],[33.71002,-2.30289],[33.70747,-2.29608],[33.70242,-2.2879],[33.70498,-2.28468],[33.71255,-2.28005],[33.71966,-2.29099],[33.72414,-2.29361],[33.72945,-2.29354],[33.73527,-2.29167],[33.75045,-2.28368],[33.75744,-2.27691],[33.7632,-2.27419],[33.77338,-2.26678],[33.78062,-2.26447],[33.78533,-2.26496],[33.78922,-2.26643],[33.79278,-2.26655],[33.7928,-2.26874],[33.79428,-2.27064],[33.79636,-2.27712],[33.79861,-2.28019],[33.79804,-2.28551],[33.79939,-2.28642],[33.78841,-2.29033],[33.78518,-2.29338]]]},"properties":{"region":"Simiyu","district":"Busega","ward":"Kalemela","ward_code":"073"}},{"type":"Feature","geometry":{"type":"Polygon","coordinates":[[[33.90442,-2.18119],[33.90915,-2.18464],[33.9221,-2.1832],[33.9286,-2.18521],[33.93695,-2.19267],[33.94224,-2.19219],[33.94349,-2.19456],[33.95408,-2.19091],[33.95474,-2.19346],[33.9503,-2.20669],[33.94714,-2.20759],[33.94324,-2.21421],[33.94175,-2.21443],[33.94015,-2.21874],[33.938,-2.22149],[33.93703,-2.22149],[33.93351,-2.22798],[33.93097,-2.22976],[33.92687,-2.23625],[33.92091,-2.24755],[33.91351,-2.25208],[33.91101,-2.25223],[33.90792,-2.25498],[33.90164,-2.25471],[33.89293,-2.25793],[33.88426,-2.26985],[33.87709,-2.27467],[33.86595,-2.2733],[33.85709,-2.2745],[33.82045,-2.28577],[33.80442,-2.28846],[33.80164,-2.29039],[33.79999,-2.28885],[33.80034,-2.28711],[33.79804,-2.28551],[33.79861,-2.28019],[33.79636,-2.27712],[33.79428,-2.27064],[33.7928,-2.26874],[33.79278,-2.26655],[33.79539,-2.26707],[33.79837,-2.26532],[33.80566,-2.26406],[33.81211,-2.25959],[33.81455,-2.25981],[33.81939,-2.25681],[33.83083,-2.24734],[33.83592,-2.24763],[33.84014,-2.24223],[33.84231,-2.23633],[33.84394,-2.22137],[33.84339,-2.21611],[33.84156,-2.21015],[33.83807,-2.20412],[33.83211,-2.19939],[33.83818,-2.19568],[33.84223,-2.19554],[33.84287,-2.19795],[33.84385,-2.1951],[33.84542,-2.1955],[33.84582,-2.19979],[33.84699,-2.20137],[33.84985,-2.20222],[33.85168,-2.20045],[33.85095,-2.19877],[33.85388,-2.198],[33.85553,-2.1999],[33.85802,-2.19972],[33.85818,-2.19707],[33.86625,-2.19483],[33.87125,-2.1971],[33.88132,-2.19354],[33.90442,-2.18119]]]},"properties":{"region":"Simiyu","district":"Busega","ward":"Lamadi","ward_code":"083"}},{"type":"Feature","geometry":{"type":"Polygon","coordinates":[[[33.98697,-2.1843],[33.98798,-2.18643],[33.98956,-2.18593],[33.99052,-2.1874],[33.99284,-2.18653],[33.9939,-2.18756],[33.99564,-2.1873],[33.99569,-2.18844],[33.99777,-2.18825],[33.99932,-2.18983],[33.99868,-2.19072],[34.00122,-2.19087],[34.00213,-2.19312],[33.95628,-2.26464],[33.94733,-2.28057],[33.94323,-2.28339],[33.93648,-2.28512],[33.93127,-2.28807],[33.92555,-2.29354],[33.91827,-2.29661],[33.90633,-2.30449],[33.89751,-2.3046],[33.89481,-2.3073],[33.89179,-2.31511],[33.88641,-2.31297],[33.88221,-2.31248],[33.88109,-2.3137],[33.85509,-2.31864],[33.85364,-2.32703],[33.85359,-2.33402],[33.84272,-2.33412],[33.8364,-2.33144],[33.83414,-2.32955],[33.82722,-2.32972],[33.82393,-2.33607],[33.81831,-2.34223],[33.81258,-2.34587],[33.80913,-2.35043],[33.80597,-2.34807],[33.8071,-2.34047],[33.80048,-2.33995],[33.79771,-2.33743],[33.78614,-2.33469],[33.77922,-2.33662],[33.7758,-2.33333],[33.77223,-2.33514],[33.77018,-2.32992],[33.77092,-2.32011],[33.77574,-2.31387],[33.77528,-2.30681],[33.78064,-2.29868],[33.78725,-2.29098],[33.79939,-2.28642],[33.80034,-2.28711],[33.79999,-2.28885],[33.80164,-2.29039],[33.80442,-2.28846],[33.82045,-2.28577],[33.85709,-2.2745],[33.86595,-2.2733],[33.87709,-2.27467],[33.88426,-2.26985],[33.89293,-2.25793],[33.90164,-2.25471],[33.90792,-2.25498],[33.91101,-2.25223],[33.91351,-2.25208],[33.92091,-2.24755],[33.92687,-2.23625],[33.93097,-2.22976],[33.93351,-2.22798],[33.93703,-2.22149],[33.938,-2.22149],[33.94015,-2.21874],[33.94175,-2.21443],[33.94324,-2.21421],[33.94714,-2.20759],[33.9503,-2.20669],[33.95474,-2.19346],[33.95524,-2.19536],[33.96132,-2.19385],[33.96537,-2.19161],[33.96471,-2.19009],[33.96689,-2.18947],[33.96849,-2.19041],[33.96945,-2.18882],[33.97633,-2.18576],[33.97675,-2.18719],[33.97989,-2.18821],[33.98697,-2.1843]]]},"properties":{"region":"Simiyu","district":"Busega","ward":"Lutubiga","ward_code":"091"}},{"type":"Feature","geometry":{"type":"Polygon","coordinates":[[[34.00946,-2.19786],[34.01296,-2.19995],[34.01428,-2.19877],[34.017,-2.20022],[34.01635,-2.20287],[34.02565,-2.20912],[33.98395,-2.27404],[33.98274,-2.28127],[33.9846,-2.28238],[33.98423,-2.28474],[33.98082,-2.28979],[33.97199,-2.29857],[33.9682,-2.30026],[33.96306,-2.30555],[33.95984,-2.30594],[33.95279,-2.3206],[33.94907,-2.3233],[33.94771,-2.32956],[33.9451,-2.33518],[33.93468,-2.3394],[33.92335,-2.34855],[33.92017,-2.35579],[33.9137,-2.36284],[33.91155,-2.3692],[33.90976,-2.37014],[33.90973,-2.37185],[33.90828,-2.37352],[33.90678,-2.37949],[33.9003,-2.388],[33.89676,-2.39978],[33.89071,-2.40773],[33.88815,-2.41294],[33.88715,-2.41246],[33.88678,-2.41024],[33.88182,-2.40582],[33.88197,-2.40278],[33.87964,-2.39967],[33.87766,-2.39869],[33.87075,-2.38888],[33.86808,-2.38904],[33.86351,-2.38488],[33.85763,-2.38405],[33.85484,-2.37948],[33.85134,-2.3801],[33.839,-2.379],[33.83601,-2.37453],[33.83288,-2.37312],[33.82242,-2.36154],[33.81713,-2.35939],[33.80913,-2.35043],[33.81258,-2.34587],[33.81831,-2.34223],[33.82393,-2.33607],[33.82722,-2.32972],[33.83414,-2.32955],[33.8364,-2.33144],[33.84272,-2.33412],[33.85359,-2.33402],[33.85364,-2.32703],[33.85509,-2.31864],[33.88109,-2.3137],[33.88221,-2.31248],[33.88641,-2.31297],[33.89179,-2.31511],[33.89481,-2.3073],[33.89751,-2.3046],[33.90633,-2.30449],[33.91827,-2.29661],[33.92555,-2.29354],[33.93127,-2.28807],[33.93648,-2.28512],[33.94323,-2.28339],[33.94733,-2.28057],[33.95628,-2.26464],[34.00213,-2.19312],[34.00268,-2.19447],[34.01006,-2.19637],[34.00946,-2.19786]]]},"properties":{"region":"Simiyu","district":"Busega","ward":"Mkula","ward_code":"101"}},{"type":"Feature","geometry":{"type":"Polygon","coordinates":[[[33.85021,-2.51365],[33.84552,-2.5209],[33.84731,-2.52549],[33.84687,-2.52696],[33.84775,-2.52699],[33.84595,-2.52938],[33.84505,-2.53781],[33.84357,-2.54071],[33.8445,-2.54273],[33.84408,-2.54665],[33.83894,-2.55764],[33.83313,-2.5554],[33.83165,-2.55796],[33.82854,-2.56],[33.82072,-2.55914],[33.8175,-2.55776],[33.81496,-2.55879],[33.81348,-2.55652],[33.81045,-2.55771],[33.80274,-2.56357],[33.80009,-2.56355],[33.79781,-2.56511],[33.79679,-2.56291],[33.79237,-2.56337],[33.79067,-2.56554],[33.78758,-2.56383],[33.78199,-2.57009],[33.77672,-2.56892],[33.77832,-2.56583],[33.77622,-2.56513],[33.77297,-2.56213],[33.7736,-2.56068],[33.77264,-2.56003],[33.77055,-2.56132],[33.77005,-2.55843],[33.76509,-2.55864],[33.76532,-2.55587],[33.76389,-2.55564],[33.76182,-2.55806],[33.76019,-2.5583],[33.76086,-2.55549],[33.75824,-2.5525],[33.75559,-2.5545],[33.74707,-2.55123],[33.74726,-2.54805],[33.74581,-2.54701],[33.74351,-2.5496],[33.74152,-2.54851],[33.74229,-2.54567],[33.73954,-2.54438],[33.73958,-2.54684],[33.73474,-2.54625],[33.73301,-2.54701],[33.73434,-2.53173],[33.73908,-2.5247],[33.7496,-2.51752],[33.75877,-2.51773],[33.76319,-2.5137],[33.77044,-2.5121],[33.7851,-2.51666],[33.79721,-2.51674],[33.80608,-2.51424],[33.81471,-2.50527],[33.81861,-2.49808],[33.83107,-2.49106],[33.8389,-2.48855],[33.84354,-2.48203],[33.8434,-2.47938],[33.84459,-2.4778],[33.8488,-2.47427],[33.85161,-2.47372],[33.85334,-2.48013],[33.8497,-2.48327],[33.8505,-2.48754],[33.8486,-2.49071],[33.84852,-2.49776],[33.84568,-2.49969],[33.84514,-2.5013],[33.84665,-2.50383],[33.84866,-2.50508],[33.84802,-2.50706],[33.84908,-2.50827],[33.85021,-2.51365]]]},"properties":{"region":"Simiyu","district":"Busega","ward":"Ngasamo","ward_code":"111"}},{"type":"Feature","geometry":{"type":"Polygon","coordinates":[[[33.839,-2.379],[33.85134,-2.3801],[33.85484,-2.37948],[33.85763,-2.38405],[33.86351,-2.38488],[33.86808,-2.38904],[33.87075,-2.38888],[33.87766,-2.39869],[33.87964,-2.39967],[33.88197,-2.40278],[33.88182,-2.40582],[33.88678,-2.41024],[33.88715,-2.41246],[33.88815,-2.41294],[33.88721,-2.41682],[33.88177,-2.42074],[33.87958,-2.42369],[33.88046,-2.42546],[33.87907,-2.43177],[33.87331,-2.43888],[33.86526,-2.45339],[33.8626,-2.46238],[33.85951,-2.46531],[33.85675,-2.46587],[33.85161,-2.47372],[33.8488,-2.47427],[33.84459,-2.4778],[33.8434,-2.47938],[33.84354,-2.48203],[33.8389,-2.48855],[33.83107,-2.49106],[33.81861,-2.49808],[33.81471,-2.50527],[33.80608,-2.51424],[33.79721,-2.51674],[33.7851,-2.51666],[33.77044,-2.5121],[33.76319,-2.5137],[33.75877,-2.51773],[33.7496,-2.51752],[33.73908,-2.5247],[33.73434,-2.53173],[33.73301,-2.54701],[33.73013,-2.5443],[33.72858,-2.54514],[33.72277,-2.53966],[33.72217,-2.54067],[33.71651,-2.53902],[33.71567,-2.53622],[33.71382,-2.53474],[33.71036,-2.53448],[33.70616,-2.53262],[33.70531,-2.53442],[33.70385,-2.5351],[33.7023,-2.53449],[33.70226,-2.53099],[33.70945,-2.52793],[33.71063,-2.52475],[33.71446,-2.5243],[33.71374,-2.52209],[33.71562,-2.52135],[33.71746,-2.52195],[33.71989,-2.5132],[33.7195,-2.50814],[33.72229,-2.50549],[33.72381,-2.49996],[33.72569,-2.49862],[33.72593,-2.49701],[33.72411,-2.49356],[33.72495,-2.49182],[33.72521,-2.48231],[33.72687,-2.47697],[33.72605,-2.47194],[33.72961,-2.46703],[33.73328,-2.45674],[33.7374,-2.45535],[33.73836,-2.45363],[33.74216,-2.45179],[33.74419,-2.44919],[33.74757,-2.44914],[33.7497,-2.44573],[33.75462,-2.44519],[33.75536,-2.44398],[33.75773,-2.44398],[33.76043,-2.44239],[33.76368,-2.4425],[33.77154,-2.44009],[33.77547,-2.44074],[33.78015,-2.43939],[33.7831,-2.441],[33.78472,-2.45657],[33.78671,-2.45893],[33.78773,-2.46554],[33.79011,-2.46974],[33.79205,-2.4677],[33.79574,-2.45935],[33.79563,-2.45631],[33.79953,-2.45357],[33.80205,-2.44926],[33.80015,-2.4475],[33.80045,-2.44503],[33.79914,-2.44057],[33.80467,-2.43779],[33.80707,-2.43797],[33.80846,-2.43662],[33.80835,-2.43346],[33.81106,-2.42427],[33.8152,-2.42123],[33.81892,-2.41444],[33.82344,-2.41403],[33.8254,-2.41239],[33.83114,-2.41036],[33.83539,-2.41152],[33.84161,-2.40855],[33.83963,-2.40721],[33.83843,-2.40493],[33.84071,-2.40104],[33.84115,-2.39774],[33.84265,-2.39605],[33.839,-2.379]]]},"properties":{"region":"Simiyu","district":"Busega","ward":"Malili","ward_code":"121"}},{"type":"Feature","geometry":{"type":"Polygon","coordinates":[[[33.7758,-2.33333],[33.77922,-2.33662],[33.78614,-2.33469],[33.79771,-2.33743],[33.80048,-2.33995],[33.8071,-2.34047],[33.80597,-2.34807],[33.81228,-2.35352],[33.81713,-2.35939],[33.82242,-2.36154],[33.83288,-2.37312],[33.83601,-2.37453],[33.83818,-2.37732],[33.84011,-2.38668],[33.84171,-2.38923],[33.84265,-2.39605],[33.84115,-2.39774],[33.84071,-2.40104],[33.83843,-2.40493],[33.83963,-2.40721],[33.84161,-2.40855],[33.83539,-2.41152],[33.83114,-2.41036],[33.8254,-2.41239],[33.82344,-2.41403],[33.81892,-2.41444],[33.8152,-2.42123],[33.81106,-2.42427],[33.80835,-2.43346],[33.80846,-2.43662],[33.80707,-2.43797],[33.80467,-2.43779],[33.79914,-2.44057],[33.80045,-2.44503],[33.80015,-2.4475],[33.80205,-2.44926],[33.79953,-2.45357],[33.79563,-2.45631],[33.79574,-2.45935],[33.79205,-2.4677],[33.79011,-2.46974],[33.78773,-2.46554],[33.78671,-2.45893],[33.78472,-2.45657],[33.7831,-2.441],[33.78015,-2.43939],[33.77547,-2.44074],[33.77154,-2.44009],[33.76368,-2.4425],[33.76043,-2.44239],[33.75773,-2.44398],[33.75536,-2.44398],[33.75462,-2.44519],[33.7497,-2.44573],[33.74757,-2.44914],[33.74419,-2.44919],[33.74216,-2.45179],[33.73836,-2.45363],[33.7374,-2.45535],[33.73328,-2.45674],[33.72961,-2.46703],[33.72685,-2.47076],[33.72378,-2.46852],[33.72317,-2.467],[33.71937,-2.46735],[33.71845,-2.46651],[33.71913,-2.46244],[33.71816,-2.45834],[33.71949,-2.45403],[33.71914,-2.43605],[33.72128,-2.4313],[33.72252,-2.43153],[33.72312,-2.4293],[33.72083,-2.42464],[33.7271,-2.41825],[33.72742,-2.41364],[33.73158,-2.40895],[33.73359,-2.40822],[33.73348,-2.40744],[33.74169,-2.40616],[33.74245,-2.40533],[33.74549,-2.40633],[33.7467,-2.40494],[33.75083,-2.40464],[33.77046,-2.39087],[33.75683,-2.37484],[33.75604,-2.36609],[33.74865,-2.36066],[33.75071,-2.3579],[33.75726,-2.35574],[33.7705,-2.34586],[33.76993,-2.33821],[33.77223,-2.33514],[33.7758,-2.33333]]]},"properties":{"region":"Simiyu","district":"Busega","ward":"Igalukilo","ward_code":"131"}},{"type":"Feature","geometry":{"type":"Polygon","coordinates":[[[33.89915,-2.52092],[33.89765,-2.53379],[33.89992,-2.55515],[33.89954,-2.56795],[33.89654,-2.57055],[33.89473,-2.57579],[33.89326,-2.57459],[33.89067,-2.57447],[33.88738,-2.57739],[33.88556,-2.57767],[33.88133,-2.5746],[33.88017,-2.57653],[33.87862,-2.57592],[33.87718,-2.57318],[33.87211,-2.57487],[33.86873,-2.57346],[33.86731,-2.57173],[33.86308,-2.56182],[33.85579,-2.55874],[33.85544,-2.55672],[33.85033,-2.558],[33.84715,-2.55444],[33.84592,-2.5551],[33.84535,-2.55741],[33.84292,-2.55615],[33.83894,-2.55764],[33.84408,-2.54665],[33.8445,-2.54273],[33.84357,-2.54071],[33.84505,-2.53781],[33.84595,-2.52938],[33.84775,-2.52699],[33.84687,-2.52696],[33.84731,-2.52549],[33.84552,-2.5209],[33.85021,-2.51365],[33.84908,-2.50827],[33.84802,-2.50706],[33.84866,-2.50508],[33.84665,-2.50383],[33.84514,-2.5013],[33.84568,-2.49969],[33.84852,-2.49776],[33.8486,-2.49071],[33.8505,-2.48754],[33.8497,-2.48327],[33.85334,-2.48013],[33.85161,-2.47372],[33.85675,-2.46587],[33.85951,-2.46531],[33.8626,-2.46238],[33.86526,-2.45339],[33.87331,-2.43888],[33.87907,-2.43177],[33.88046,-2.42546],[33.87958,-2.42369],[33.88177,-2.42074],[33.88721,-2.41682],[33.89071,-2.40773],[33.89385,-2.40447],[33.90384,-2.40779],[33.91611,-2.4174],[33.9237,-2.41998],[33.9279,-2.42243],[33.92384,-2.43021],[33.92137,-2.44278],[33.9212,-2.45628],[33.92486,-2.45957],[33.9258,-2.46252],[33.92498,-2.47083],[33.92037,-2.47864],[33.9114,-2.48801],[33.90561,-2.49892],[33.9046,-2.50595],[33.89814,-2.51594],[33.89915,-2.52092]]]},"properties":{"region":"Simiyu","district":"Busega","ward":"Imalamate","ward_code":"141"}}]}