{"type":"FeatureCollection","features":[{"type":"Feature","geometry":{"type":"Polygon","coordinates":[[[38.30658,-4.77984],[38.31055,-4.78809],[38.31349,-4.80376],[38.31093,-4.80834],[38.31264,-4.81431],[38.30783,-4.81794],[38.30568,-4.82478],[38.29884,-4.82097],[38.29908,-4.81816],[38.29827,-4.81668],[38.29637,-4.8183],[38.29391,-4.81589],[38.29096,-4.81782],[38.29019,-4.81656],[38.28837,-4.81639],[38.28359,-4.81877],[38.2807,-4.82413],[38.25983,-4.83058],[38.24553,-4.81146],[38.25668,-4.80625],[38.26379,-4.80462],[38.274,-4.80047],[38.27666,-4.79446],[38.28368,-4.79111],[38.28279,-4.78889],[38.28464,-4.79064],[38.2853,-4.79008],[38.28485,-4.78825],[38.28604,-4.78781],[38.2871,-4.78143],[38.28916,-4.779],[38.29046,-4.77995],[38.29402,-4.77846],[38.30658,-4.77984]]]},"properties":{"region":"Tanga","district":"Lushoto","ward":"Lushoto","ward_code":"012"}},{"type":"Feature","geometry":{"type":"Polygon","coordinates":[[[38.32103,-4.76355],[38.30658,-4.77984],[38.29402,-4.77846],[38.29046,-4.77995],[38.28916,-4.779],[38.2871,-4.78143],[38.28604,-4.78781],[38.28485,-4.78825],[38.2853,-4.79008],[38.28464,-4.79064],[38.28279,-4.78889],[38.28368,-4.79111],[38.27666,-4.79446],[38.274,-4.80047],[38.26379,-4.80462],[38.25668,-4.80625],[38.24553,-4.81146],[38.24139,-4.77978],[38.21933,-4.7425],[38.2722,-4.72815],[38.28463,-4.70938],[38.31149,-4.71303],[38.31679,-4.73973],[38.31899,-4.74235],[38.32051,-4.74953],[38.31833,-4.75291],[38.32103,-4.76355]]]},"properties":{"region":"Tanga","district":"Lushoto","ward":"Magamba","ward_code":"022"}},{"type":"Feature","geometry":{"type":"Polygon","coordinates":[[[38.35526,-4.70648],[38.36461,-4.70717],[38.36732,-4.71089],[38.36896,-4.71169],[38.37067,-4.71459],[38.37099,-4.72297],[38.37621,-4.72695],[38.37809,-4.73097],[38.3792,-4.74199],[38.37512,-4.7471],[38.36987,-4.74463],[38.36958,-4.74135],[38.36765,-4.73991],[38.36256,-4.74622],[38.36147,-4.74511],[38.35872,-4.74578],[38.35302,-4.73932],[38.35005,-4.73925],[38.34567,-4.73719],[38.3351,-4.7347],[38.32833,-4.73387],[38.32875,-4.7211],[38.33049,-4.71587],[38.34269,-4.70708],[38.34834,-4.70793],[38.35526,-4.70648]]]},"properties":{"region":"Tanga","district":"Lushoto","ward":"Kwai","ward_code":"281"}},{"type":"Feature","geometry":{"type":"Polygon","coordinates":[[[38.35302,-4.73932],[38.35872,-4.74578],[38.36147,-4.74511],[38.36256,-4.74622],[38.36658,-4.74069],[38.36765,-4.73991],[38.36891,-4.74042],[38.36996,-4.74233],[38.36987,-4.74463],[38.37512,-4.7471],[38.37881,-4.75093],[38.38171,-4.75511],[38.38136,-4.75745],[38.38558,-4.75826],[38.38809,-4.76165],[38.38593,-4.76246],[38.38575,-4.76412],[38.38319,-4.76544],[38.38176,-4.76965],[38.37963,-4.77176],[38.37737,-4.77206],[38.37714,-4.7702],[38.37338,-4.7691],[38.35768,-4.7673],[38.3565,-4.76197],[38.35096,-4.75896],[38.34755,-4.75864],[38.34443,-4.76166],[38.34342,-4.76399],[38.33995,-4.76387],[38.33765,-4.76043],[38.33818,-4.75832],[38.33228,-4.75636],[38.33072,-4.7566],[38.32734,-4.76165],[38.3263,-4.75974],[38.32414,-4.76132],[38.32291,-4.76025],[38.32018,-4.76076],[38.31833,-4.75291],[38.32051,-4.74953],[38.31899,-4.74235],[38.31679,-4.73973],[38.31149,-4.71303],[38.32875,-4.7211],[38.32833,-4.73387],[38.3351,-4.7347],[38.34567,-4.73719],[38.35005,-4.73925],[38.35302,-4.73932]]]},"properties":{"region":"Tanga","district":"Lushoto","ward":"Migambo","ward_code":"291"}},{"type":"Feature","geometry":{"type":"Polygon","coordinates":[[[38.3381,-4.7614],[38.33995,-4.76387],[38.34342,-4.76399],[38.34443,-4.76166],[38.34755,-4.75864],[38.35096,-4.75896],[38.3565,-4.76197],[38.35768,-4.7673],[38.37714,-4.7702],[38.37737,-4.77829],[38.38119,-4.77888],[38.38991,-4.78503],[38.38986,-4.78711],[38.38695,-4.78979],[38.38657,-4.7918],[38.38469,-4.79384],[38.38726,-4.79565],[38.38771,-4.79891],[38.39201,-4.80096],[38.39293,-4.8051],[38.39478,-4.80705],[38.39127,-4.81005],[38.38688,-4.81214],[38.38035,-4.81153],[38.37817,-4.81703],[38.37086,-4.8167],[38.36898,-4.82096],[38.36412,-4.81623],[38.36234,-4.81612],[38.35973,-4.81753],[38.35847,-4.81649],[38.35655,-4.81935],[38.35391,-4.82048],[38.35229,-4.81431],[38.35046,-4.81288],[38.34778,-4.81393],[38.34499,-4.813],[38.34279,-4.81409],[38.34128,-4.81286],[38.33774,-4.81231],[38.32946,-4.80067],[38.32703,-4.79343],[38.32018,-4.76076],[38.32291,-4.76025],[38.32414,-4.76132],[38.3263,-4.75974],[38.32734,-4.76165],[38.33072,-4.7566],[38.33228,-4.75636],[38.33818,-4.75832],[38.3381,-4.7614]]]},"properties":{"region":"Tanga","district":"Lushoto","ward":"Gare","ward_code":"301"}},{"type":"Feature","geometry":{"type":"Polygon","coordinates":[[[38.32946,-4.80067],[38.33774,-4.81231],[38.34128,-4.81286],[38.34279,-4.81409],[38.34499,-4.813],[38.34778,-4.81393],[38.35046,-4.81288],[38.35229,-4.81431],[38.35391,-4.82048],[38.3502,-4.82496],[38.34853,-4.82993],[38.3447,-4.83413],[38.34245,-4.83365],[38.34062,-4.83172],[38.3319,-4.83042],[38.32727,-4.82625],[38.31609,-4.82049],[38.31264,-4.81431],[38.31093,-4.80834],[38.31349,-4.80376],[38.31055,-4.78809],[38.30658,-4.77984],[38.32103,-4.76355],[38.32703,-4.79343],[38.32946,-4.80067]]]},"properties":{"region":"Tanga","district":"Lushoto","ward":"Kwemashai","ward_code":"311"}},{"type":"Feature","geometry":{"type":"Polygon","coordinates":[[[38.29294,-4.81595],[38.29637,-4.8183],[38.29827,-4.81668],[38.29908,-4.81816],[38.29884,-4.82097],[38.30568,-4.82478],[38.31211,-4.83058],[38.31511,-4.83642],[38.31055,-4.8422],[38.311,-4.84687],[38.30754,-4.84824],[38.30385,-4.85434],[38.30219,-4.85555],[38.28963,-4.85349],[38.28892,-4.85576],[38.2866,-4.85822],[38.28528,-4.86682],[38.2801,-4.86585],[38.27348,-4.84714],[38.25983,-4.83058],[38.2807,-4.82413],[38.28359,-4.81877],[38.28837,-4.81639],[38.29019,-4.81656],[38.29096,-4.81782],[38.29294,-4.81595]]]},"properties":{"region":"Tanga","district":"Lushoto","ward":"Ngulwi","ward_code":"321"}},{"type":"Feature","geometry":{"type":"Polygon","coordinates":[[[38.33287,-4.84897],[38.31768,-4.86747],[38.31582,-4.87935],[38.31731,-4.88214],[38.31555,-4.88622],[38.31352,-4.88375],[38.31263,-4.87913],[38.31088,-4.88016],[38.30854,-4.87759],[38.30649,-4.87871],[38.30223,-4.87696],[38.30234,-4.87277],[38.30033,-4.86961],[38.28528,-4.86682],[38.2866,-4.85822],[38.28892,-4.85576],[38.28963,-4.85349],[38.30219,-4.85555],[38.30385,-4.85434],[38.30754,-4.84824],[38.311,-4.84687],[38.31055,-4.8422],[38.31511,-4.83642],[38.31211,-4.83058],[38.30568,-4.82478],[38.30783,-4.81794],[38.31264,-4.81431],[38.31609,-4.82049],[38.32727,-4.82625],[38.3319,-4.83042],[38.34062,-4.83172],[38.34245,-4.83365],[38.3447,-4.83413],[38.34423,-4.8361],[38.34219,-4.8377],[38.33952,-4.84457],[38.33287,-4.84897]]]},"properties":{"region":"Tanga","district":"Lushoto","ward":"Ubiri","ward_code":"331"}},{"type":"Feature","geometry":{"type":"Polygon","coordinates":[[[38.42135,-4.58621],[38.4128,-4.60331],[38.41216,-4.60918],[38.40548,-4.6113],[38.39319,-4.60973],[38.38777,-4.61699],[38.37374,-4.61838],[38.37807,-4.6095],[38.37475,-4.60474],[38.37395,-4.60163],[38.37475,-4.59854],[38.37433,-4.59362],[38.37533,-4.59217],[38.37244,-4.58189],[38.37684,-4.57905],[38.38461,-4.58847],[38.39699,-4.57826],[38.39957,-4.57038],[38.40663,-4.56921],[38.42013,-4.56916],[38.42135,-4.58621]]]},"properties":{"region":"Tanga","district":"Lushoto","ward":"Ngwelo","ward_code":"201"}},{"type":"Feature","geometry":{"type":"Polygon","coordinates":[[[38.4056,-4.61672],[38.40962,-4.62405],[38.40247,-4.63021],[38.39886,-4.64312],[38.40133,-4.64809],[38.40499,-4.65183],[38.41175,-4.64976],[38.41656,-4.65602],[38.4103,-4.66741],[38.40703,-4.67079],[38.40219,-4.67268],[38.39378,-4.67826],[38.38605,-4.67531],[38.38404,-4.67118],[38.38368,-4.66665],[38.37624,-4.66462],[38.38039,-4.66296],[38.38444,-4.65912],[38.38397,-4.65482],[38.38758,-4.65318],[38.38656,-4.64028],[38.37374,-4.61838],[38.38777,-4.61699],[38.39319,-4.60973],[38.40548,-4.6113],[38.4056,-4.61672]]]},"properties":{"region":"Tanga","district":"Lushoto","ward":"Kilole","ward_code":"221"}},{"type":"Feature","geometry":{"type":"Polygon","coordinates":[[[38.44639,-4.64715],[38.44746,-4.66207],[38.44379,-4.66209],[38.44243,-4.66027],[38.44044,-4.66369],[38.43841,-4.66249],[38.43667,-4.66276],[38.43481,-4.65815],[38.42973,-4.6587],[38.42435,-4.65769],[38.41995,-4.65989],[38.41175,-4.64976],[38.40499,-4.65183],[38.40133,-4.64809],[38.39886,-4.64312],[38.40247,-4.63021],[38.40962,-4.62405],[38.4056,-4.61672],[38.40548,-4.6113],[38.41216,-4.60918],[38.4128,-4.60331],[38.42135,-4.58621],[38.42013,-4.56916],[38.43079,-4.56981],[38.45177,-4.57837],[38.46706,-4.59272],[38.46639,-4.6086],[38.45497,-4.62646],[38.44881,-4.63406],[38.44639,-4.64715]]]},"properties":{"region":"Tanga","district":"Lushoto","ward":"Mlola","ward_code":"231"}},{"type":"Feature","geometry":{"type":"Polygon","coordinates":[[[38.57058,-4.65157],[38.55321,-4.66425],[38.54883,-4.66573],[38.53936,-4.67109],[38.53855,-4.68223],[38.53165,-4.70048],[38.52349,-4.6993],[38.51652,-4.69385],[38.51166,-4.69351],[38.51052,-4.69645],[38.50691,-4.69588],[38.50727,-4.69797],[38.50506,-4.70042],[38.49108,-4.69377],[38.48927,-4.69701],[38.49048,-4.69866],[38.49002,-4.69988],[38.48316,-4.70114],[38.48028,-4.70391],[38.4795,-4.70608],[38.47873,-4.70514],[38.47378,-4.71016],[38.47433,-4.71145],[38.46847,-4.71197],[38.46689,-4.7137],[38.46668,-4.71566],[38.46352,-4.71654],[38.46067,-4.69175],[38.45916,-4.68702],[38.45591,-4.67939],[38.45221,-4.67606],[38.44871,-4.67051],[38.45089,-4.66928],[38.44939,-4.6676],[38.45029,-4.66324],[38.44957,-4.66218],[38.44746,-4.66207],[38.44639,-4.64715],[38.44881,-4.63406],[38.45497,-4.62646],[38.46639,-4.6086],[38.46706,-4.59272],[38.47792,-4.5897],[38.54092,-4.60976],[38.54755,-4.61663],[38.55293,-4.62693],[38.57058,-4.65157]]]},"properties":{"region":"Tanga","district":"Lushoto","ward":"Makanya","ward_code":"241"}},{"type":"Feature","geometry":{"type":"Polygon","coordinates":[[[38.43018,-4.69796],[38.42893,-4.70658],[38.43073,-4.70965],[38.43054,-4.71302],[38.42507,-4.71726],[38.42487,-4.72649],[38.42988,-4.73249],[38.42504,-4.74655],[38.421,-4.75395],[38.42037,-4.75789],[38.41345,-4.76617],[38.40859,-4.78243],[38.38971,-4.78141],[38.38641,-4.7818],[38.38638,-4.7827],[38.38119,-4.77888],[38.37737,-4.77829],[38.37737,-4.77206],[38.37963,-4.77176],[38.38176,-4.76965],[38.38319,-4.76544],[38.38575,-4.76412],[38.38593,-4.76246],[38.38809,-4.76165],[38.38558,-4.75826],[38.38136,-4.75745],[38.38171,-4.75511],[38.37512,-4.7471],[38.3792,-4.74199],[38.37809,-4.73097],[38.37621,-4.72695],[38.37099,-4.72297],[38.37067,-4.71459],[38.36461,-4.70717],[38.36697,-4.70468],[38.37449,-4.70101],[38.38143,-4.69981],[38.38591,-4.69785],[38.3931,-4.70142],[38.40884,-4.70425],[38.41265,-4.7014],[38.42581,-4.7011],[38.42635,-4.69948],[38.42723,-4.69953],[38.42722,-4.69783],[38.43018,-4.69796]]]},"properties":{"region":"Tanga","district":"Lushoto","ward":"Malibwi","ward_code":"251"}},{"type":"Feature","geometry":{"type":"Polygon","coordinates":[[[38.41656,-4.65602],[38.41995,-4.65989],[38.42435,-4.65769],[38.42973,-4.6587],[38.43481,-4.65815],[38.43667,-4.66276],[38.43841,-4.66249],[38.44044,-4.66369],[38.44243,-4.66027],[38.44532,-4.66261],[38.44669,-4.66173],[38.44957,-4.66218],[38.45033,-4.66457],[38.44939,-4.6676],[38.45089,-4.66928],[38.44871,-4.67051],[38.45221,-4.67606],[38.45591,-4.67939],[38.46067,-4.69175],[38.46352,-4.71654],[38.46117,-4.71924],[38.44889,-4.71974],[38.43438,-4.72186],[38.42988,-4.73249],[38.42487,-4.72649],[38.42507,-4.71726],[38.43054,-4.71302],[38.43073,-4.70965],[38.42893,-4.70658],[38.43018,-4.69796],[38.42722,-4.69783],[38.42723,-4.69953],[38.42635,-4.69948],[38.42581,-4.7011],[38.41265,-4.7014],[38.40884,-4.70425],[38.3931,-4.70142],[38.3903,-4.70003],[38.39248,-4.69146],[38.39157,-4.68875],[38.39368,-4.68706],[38.39229,-4.68419],[38.39378,-4.67826],[38.40219,-4.67268],[38.40703,-4.67079],[38.4103,-4.66741],[38.41656,-4.65602]]]},"properties":{"region":"Tanga","district":"Lushoto","ward":"Mbwei","ward_code":"261"}},{"type":"Feature","geometry":{"type":"Polygon","coordinates":[[[38.37228,-4.6376],[38.37249,-4.62667],[38.37374,-4.61838],[38.38656,-4.64028],[38.38758,-4.65318],[38.38397,-4.65482],[38.38444,-4.65912],[38.38039,-4.66296],[38.37624,-4.66462],[38.38368,-4.66665],[38.38404,-4.67118],[38.38605,-4.67531],[38.39378,-4.67826],[38.39229,-4.68419],[38.39368,-4.68706],[38.39157,-4.68875],[38.39248,-4.69146],[38.3903,-4.70003],[38.38591,-4.69785],[38.38143,-4.69981],[38.37449,-4.70101],[38.36697,-4.70468],[38.36461,-4.70717],[38.35598,-4.70642],[38.34834,-4.70793],[38.34269,-4.70708],[38.34038,-4.70233],[38.33826,-4.70027],[38.33833,-4.69713],[38.33727,-4.69507],[38.33619,-4.69668],[38.33382,-4.69706],[38.33016,-4.69241],[38.32667,-4.69019],[38.33177,-4.68624],[38.33455,-4.68876],[38.33761,-4.68655],[38.33825,-4.68111],[38.33512,-4.67913],[38.33263,-4.68024],[38.33284,-4.67597],[38.33167,-4.67499],[38.32857,-4.67634],[38.32511,-4.67392],[38.32591,-4.66801],[38.32929,-4.66761],[38.33328,-4.66373],[38.33392,-4.66145],[38.3329,-4.66058],[38.3332,-4.65899],[38.33976,-4.65662],[38.34223,-4.65303],[38.34685,-4.65034],[38.34935,-4.65238],[38.34946,-4.65407],[38.36564,-4.65102],[38.36755,-4.65199],[38.36813,-4.64512],[38.37228,-4.6376]],[[38.37156,-4.63941],[38.37156,-4.6394],[38.37152,-4.63938],[38.37156,-4.63941]]]},"properties":{"region":"Tanga","district":"Lushoto","ward":"Kwekanga","ward_code":"271"}},{"type":"Feature","geometry":{"type":"Polygon","coordinates":[[[38.29458,-4.54025],[38.29265,-4.5767],[38.29335,-4.5802],[38.28454,-4.58228],[38.27867,-4.57859],[38.26947,-4.58576],[38.26456,-4.58757],[38.25932,-4.59552],[38.26107,-4.59976],[38.25971,-4.60026],[38.26342,-4.6011],[38.26457,-4.59793],[38.26622,-4.59816],[38.26682,-4.5998],[38.26618,-4.60149],[38.26451,-4.60252],[38.26432,-4.60495],[38.26156,-4.60624],[38.26173,-4.60871],[38.26096,-4.60894],[38.2614,-4.61213],[38.26027,-4.61333],[38.2605,-4.61568],[38.26164,-4.61644],[38.26117,-4.61823],[38.26313,-4.62264],[38.26117,-4.62506],[38.26085,-4.62833],[38.25373,-4.63588],[38.24352,-4.63143],[38.24245,-4.62154],[38.23888,-4.60736],[38.23498,-4.60106],[38.22372,-4.59743],[38.22498,-4.5944],[38.22267,-4.59067],[38.22002,-4.58798],[38.21815,-4.58897],[38.21429,-4.58344],[38.21211,-4.57229],[38.20942,-4.56709],[38.22199,-4.57075],[38.2273,-4.56813],[38.226,-4.55469],[38.22952,-4.55381],[38.23953,-4.55555],[38.24092,-4.5534],[38.24655,-4.55371],[38.24957,-4.55244],[38.25111,-4.55158],[38.25881,-4.53898],[38.29458,-4.54025]]]},"properties":{"region":"Tanga","district":"Lushoto","ward":"Rangwi","ward_code":"081"}},{"type":"Feature","geometry":{"type":"Polygon","coordinates":[[[38.23385,-4.50772],[38.23676,-4.50867],[38.23968,-4.50388],[38.25122,-4.49677],[38.253,-4.50872],[38.25739,-4.52377],[38.25881,-4.53898],[38.24326,-4.53792],[38.23594,-4.53868],[38.23458,-4.5372],[38.22938,-4.53818],[38.22676,-4.53621],[38.22594,-4.53424],[38.22006,-4.53118],[38.2171,-4.52824],[38.21143,-4.52025],[38.20819,-4.5194],[38.19215,-4.50618],[38.22093,-4.4802],[38.22627,-4.4861],[38.22899,-4.49179],[38.23251,-4.49511],[38.23213,-4.50524],[38.23385,-4.50772]]]},"properties":{"region":"Tanga","district":"Lushoto","ward":"Sunga","ward_code":"101"}},{"type":"Feature","geometry":{"type":"Polygon","coordinates":[[[38.22926,-4.53809],[38.23458,-4.5372],[38.23594,-4.53868],[38.24326,-4.53792],[38.25881,-4.53898],[38.25111,-4.55158],[38.24957,-4.55244],[38.24655,-4.55371],[38.24092,-4.5534],[38.23953,-4.55555],[38.22952,-4.55381],[38.226,-4.55469],[38.2273,-4.56813],[38.22199,-4.57075],[38.19579,-4.56218],[38.15585,-4.57414],[38.11948,-4.57413],[38.12091,-4.54873],[38.12007,-4.5335],[38.18398,-4.51386],[38.19215,-4.50618],[38.20819,-4.5194],[38.21143,-4.52025],[38.2171,-4.52824],[38.22006,-4.53118],[38.22594,-4.53424],[38.22676,-4.53621],[38.22926,-4.53809]]]},"properties":{"region":"Tanga","district":"Lushoto","ward":"Mbaru","ward_code":"111"}},{"type":"Feature","geometry":{"type":"Polygon","coordinates":[[[38.23968,-4.50388],[38.23676,-4.50867],[38.23385,-4.50772],[38.23213,-4.50524],[38.23251,-4.49511],[38.22899,-4.49179],[38.22627,-4.4861],[38.22093,-4.4802],[38.22499,-4.47069],[38.22288,-4.46345],[38.2248,-4.4494],[38.22783,-4.43951],[38.23163,-4.43396],[38.25133,-4.41989],[38.26903,-4.45189],[38.25454,-4.47101],[38.25122,-4.49677],[38.23968,-4.50388]]]},"properties":{"region":"Tanga","district":"Lushoto","ward":"Mtae","ward_code":"121"}},{"type":"Feature","geometry":{"type":"Polygon","coordinates":[[[38.29533,-4.45276],[38.29641,-4.45588],[38.29381,-4.47035],[38.29435,-4.47463],[38.29676,-4.47825],[38.30164,-4.47911],[38.31268,-4.51743],[38.31612,-4.53923],[38.29458,-4.54025],[38.25881,-4.53898],[38.25739,-4.52377],[38.253,-4.50872],[38.25122,-4.49677],[38.25454,-4.47101],[38.26903,-4.45189],[38.27965,-4.4533],[38.28895,-4.44957],[38.29524,-4.44811],[38.29533,-4.45276]]]},"properties":{"region":"Tanga","district":"Lushoto","ward":"Shangayu","ward_code":"131"}},{"type":"Feature","geometry":{"type":"Polygon","coordinates":[[[38.37339,-4.50224],[38.37005,-4.50325],[38.3646,-4.50225],[38.35683,-4.50518],[38.34661,-4.50231],[38.34175,-4.50241],[38.33083,-4.50488],[38.32773,-4.52013],[38.32924,-4.52747],[38.33371,-4.53909],[38.31612,-4.53923],[38.31268,-4.51743],[38.30164,-4.47911],[38.29676,-4.47825],[38.29435,-4.47463],[38.29381,-4.47035],[38.29641,-4.45588],[38.29481,-4.45036],[38.29524,-4.44811],[38.30595,-4.44223],[38.32483,-4.43623],[38.32933,-4.43216],[38.34538,-4.42434],[38.37336,-4.44692],[38.37474,-4.44955],[38.37471,-4.45981],[38.37339,-4.4643],[38.36593,-4.46853],[38.36518,-4.47172],[38.37339,-4.50224]]]},"properties":{"region":"Tanga","district":"Lushoto","ward":"Mbaramo","ward_code":"141"}},{"type":"Feature","geometry":{"type":"Polygon","coordinates":[[[38.37711,-4.3745],[38.37534,-4.37551],[38.37431,-4.37472],[38.37373,-4.3763],[38.37289,-4.37582],[38.36871,-4.37704],[38.36833,-4.37766],[38.36981,-4.37799],[38.36918,-4.37854],[38.36719,-4.37775],[38.36765,-4.38034],[38.3667,-4.38108],[38.36624,-4.38048],[38.36407,-4.38226],[38.36412,-4.38319],[38.36293,-4.38296],[38.36303,-4.38163],[38.36242,-4.38206],[38.36025,-4.38394],[38.3608,-4.3849],[38.35957,-4.38615],[38.35531,-4.38805],[38.35054,-4.39331],[38.34861,-4.39793],[38.34538,-4.42434],[38.32933,-4.43216],[38.32483,-4.43623],[38.30595,-4.44223],[38.29524,-4.44811],[38.28895,-4.44957],[38.27965,-4.4533],[38.26903,-4.45189],[38.25133,-4.41989],[38.23163,-4.43396],[38.22783,-4.43951],[38.2248,-4.4494],[38.22288,-4.46345],[38.22499,-4.47069],[38.22093,-4.4802],[38.18398,-4.51386],[38.12007,-4.5335],[38.15281,-4.48989],[38.1741,-4.43887],[38.20319,-4.34439],[38.21339,-4.32214],[38.29461,-4.28338],[38.3749,-4.15807],[38.37711,-4.3745]]]},"properties":{"region":"Tanga","district":"Lushoto","ward":"Mnazi","ward_code":"151"}},{"type":"Feature","geometry":{"type":"Polygon","coordinates":[[[38.40496,-4.11108],[38.80624,-4.39331],[38.76067,-4.49369],[38.75794,-4.49625],[38.75566,-4.49679],[38.75048,-4.49567],[38.74733,-4.49374],[38.7441,-4.49722],[38.73933,-4.498],[38.7385,-4.49924],[38.73977,-4.50091],[38.73943,-4.50467],[38.736,-4.50788],[38.7328,-4.50714],[38.73147,-4.50913],[38.72885,-4.50953],[38.72868,-4.51146],[38.72765,-4.51221],[38.72395,-4.51346],[38.72347,-4.51513],[38.72441,-4.51691],[38.7099,-4.51354],[38.70601,-4.51176],[38.70568,-4.51047],[38.69991,-4.50676],[38.69624,-4.50658],[38.68805,-4.50969],[38.68793,-4.50433],[38.68391,-4.5025],[38.68116,-4.50412],[38.6779,-4.50162],[38.67321,-4.50347],[38.66993,-4.50822],[38.67173,-4.50987],[38.67199,-4.51527],[38.6688,-4.51765],[38.66365,-4.52463],[38.66418,-4.52691],[38.66834,-4.53078],[38.6685,-4.53376],[38.66712,-4.53374],[38.66515,-4.53199],[38.65773,-4.53101],[38.65176,-4.53495],[38.65269,-4.53879],[38.65145,-4.53975],[38.64977,-4.53851],[38.64676,-4.5391],[38.64428,-4.53813],[38.64302,-4.54104],[38.6392,-4.54021],[38.63696,-4.54067],[38.63506,-4.53975],[38.63447,-4.53801],[38.62908,-4.54326],[38.63169,-4.54644],[38.63415,-4.54607],[38.63483,-4.5498],[38.63386,-4.5501],[38.6321,-4.54871],[38.62956,-4.55114],[38.62373,-4.55059],[38.62136,-4.55221],[38.62018,-4.54964],[38.61757,-4.55029],[38.61502,-4.54534],[38.61337,-4.54443],[38.61035,-4.5462],[38.60909,-4.54537],[38.60516,-4.53952],[38.60171,-4.54013],[38.598,-4.53827],[38.59185,-4.54076],[38.58874,-4.54035],[38.58794,-4.54184],[38.58133,-4.54133],[38.57912,-4.53978],[38.57551,-4.53475],[38.5728,-4.53335],[38.57193,-4.53131],[38.56648,-4.52828],[38.56291,-4.53115],[38.55876,-4.52915],[38.55488,-4.5303],[38.55534,-4.52732],[38.55168,-4.5257],[38.55072,-4.52739],[38.54618,-4.52345],[38.54519,-4.5214],[38.54926,-4.52165],[38.54955,-4.52065],[38.54868,-4.51798],[38.5497,-4.51636],[38.54592,-4.5148],[38.54779,-4.51272],[38.5453,-4.51021],[38.54571,-4.50826],[38.54748,-4.50724],[38.5472,-4.5053],[38.5415,-4.50235],[38.53675,-4.50406],[38.53578,-4.50323],[38.53636,-4.50151],[38.53523,-4.50113],[38.52226,-4.50167],[38.52058,-4.5007],[38.52033,-4.49893],[38.52135,-4.4981],[38.52067,-4.49704],[38.51707,-4.49796],[38.51465,-4.49295],[38.51319,-4.4926],[38.50919,-4.49223],[38.50769,-4.49352],[38.50233,-4.49184],[38.50244,-4.49529],[38.49965,-4.49916],[38.50019,-4.50102],[38.49264,-4.49885],[38.48848,-4.49997],[38.48519,-4.49744],[38.48077,-4.49817],[38.4807,-4.50036],[38.47913,-4.50197],[38.47752,-4.50039],[38.47437,-4.50249],[38.4724,-4.50202],[38.47051,-4.49873],[38.46864,-4.4997],[38.46778,-4.50192],[38.46427,-4.50271],[38.46056,-4.50163],[38.45701,-4.49877],[38.45416,-4.50037],[38.45073,-4.50015],[38.44726,-4.50279],[38.44649,-4.50073],[38.44416,-4.50265],[38.44135,-4.50264],[38.44059,-4.50804],[38.43875,-4.50986],[38.43502,-4.509],[38.4289,-4.50962],[38.42637,-4.51215],[38.42266,-4.51244],[38.41479,-4.51167],[38.40749,-4.51538],[38.39291,-4.51873],[38.38667,-4.51907],[38.37369,-4.52756],[38.36766,-4.52995],[38.36051,-4.5291],[38.35771,-4.52724],[38.35116,-4.52751],[38.35029,-4.52605],[38.34352,-4.52414],[38.34023,-4.52424],[38.32773,-4.52013],[38.33083,-4.50488],[38.34175,-4.50241],[38.34661,-4.50231],[38.35683,-4.50518],[38.3646,-4.50225],[38.37005,-4.50325],[38.37382,-4.50211],[38.36518,-4.47172],[38.36593,-4.46853],[38.37339,-4.4643],[38.37471,-4.45981],[38.37474,-4.44955],[38.37336,-4.44692],[38.34538,-4.42434],[38.34861,-4.39793],[38.35054,-4.39331],[38.35531,-4.38805],[38.35957,-4.38615],[38.3608,-4.3849],[38.36025,-4.38394],[38.36242,-4.38206],[38.36303,-4.38163],[38.36293,-4.38296],[38.36412,-4.38319],[38.36407,-4.38226],[38.36624,-4.38048],[38.3667,-4.38108],[38.36765,-4.38034],[38.36719,-4.37775],[38.36918,-4.37854],[38.36981,-4.37799],[38.36833,-4.37766],[38.36871,-4.37704],[38.37289,-4.37582],[38.37373,-4.3763],[38.37431,-4.37472],[38.37534,-4.37551],[38.37711,-4.3745],[38.3749,-4.15807],[38.40496,-4.11108]]]},"properties":{"region":"Tanga","district":"Lushoto","ward":"Lunguza","ward_code":"161"}},{"type":"Feature","geometry":{"type":"Polygon","coordinates":[[[38.50233,-4.49184],[38.50769,-4.49352],[38.50919,-4.49223],[38.51465,-4.49295],[38.51707,-4.49796],[38.52067,-4.49704],[38.52135,-4.4981],[38.52033,-4.49893],[38.52058,-4.5007],[38.52226,-4.50167],[38.53523,-4.50113],[38.53636,-4.50151],[38.53578,-4.50323],[38.53675,-4.50406],[38.5415,-4.50235],[38.5472,-4.5053],[38.54748,-4.50724],[38.54571,-4.50826],[38.5453,-4.51021],[38.54779,-4.51272],[38.54592,-4.5148],[38.5497,-4.51636],[38.54868,-4.51798],[38.54955,-4.52065],[38.54926,-4.52165],[38.54519,-4.5214],[38.54618,-4.52345],[38.55072,-4.52739],[38.55168,-4.5257],[38.55534,-4.52732],[38.55488,-4.5303],[38.55876,-4.52915],[38.56291,-4.53115],[38.56648,-4.52828],[38.57193,-4.53131],[38.5728,-4.53335],[38.57551,-4.53475],[38.57912,-4.53978],[38.58133,-4.54133],[38.58794,-4.54184],[38.58874,-4.54035],[38.59185,-4.54076],[38.598,-4.53827],[38.60171,-4.54013],[38.60516,-4.53952],[38.60909,-4.54537],[38.61035,-4.5462],[38.61337,-4.54443],[38.61502,-4.54534],[38.61757,-4.55029],[38.62018,-4.54964],[38.62136,-4.55221],[38.62373,-4.55059],[38.62956,-4.55114],[38.6321,-4.54871],[38.63386,-4.5501],[38.63483,-4.5498],[38.63415,-4.54607],[38.63169,-4.54644],[38.62908,-4.54326],[38.63447,-4.53801],[38.63506,-4.53975],[38.63696,-4.54067],[38.6392,-4.54021],[38.64302,-4.54104],[38.64428,-4.53813],[38.64676,-4.5391],[38.64977,-4.53851],[38.65145,-4.53975],[38.65269,-4.53879],[38.65176,-4.53495],[38.65773,-4.53101],[38.66515,-4.53199],[38.66712,-4.53374],[38.6685,-4.53376],[38.66834,-4.53078],[38.66418,-4.52691],[38.66365,-4.52463],[38.6688,-4.51765],[38.67199,-4.51527],[38.67173,-4.50987],[38.66993,-4.50822],[38.67041,-4.50702],[38.67239,-4.50564],[38.67321,-4.50347],[38.6779,-4.50162],[38.68116,-4.50412],[38.68391,-4.5025],[38.68793,-4.50433],[38.68805,-4.50969],[38.69624,-4.50658],[38.69991,-4.50676],[38.70568,-4.51047],[38.70601,-4.51176],[38.71809,-4.51557],[38.713,-4.59438],[38.71448,-4.60702],[38.7239,-4.61372],[38.72619,-4.62428],[38.7263,-4.63433],[38.72177,-4.64072],[38.71503,-4.65515],[38.71094,-4.65883],[38.70697,-4.66015],[38.70134,-4.66018],[38.6942,-4.65831],[38.6931,-4.66072],[38.69274,-4.66604],[38.6884,-4.67331],[38.6812,-4.6759],[38.68047,-4.67958],[38.67262,-4.68472],[38.6709,-4.68538],[38.66665,-4.68434],[38.66047,-4.68701],[38.64269,-4.68759],[38.62956,-4.69294],[38.61533,-4.68443],[38.6106,-4.67939],[38.60407,-4.65685],[38.58828,-4.6445],[38.57058,-4.65157],[38.55293,-4.62693],[38.54755,-4.61663],[38.54092,-4.60976],[38.47792,-4.5897],[38.46706,-4.59272],[38.45177,-4.57837],[38.43079,-4.56981],[38.41451,-4.56883],[38.39957,-4.57038],[38.39771,-4.56982],[38.3944,-4.57346],[38.38973,-4.57337],[38.38117,-4.53995],[38.37369,-4.52756],[38.38022,-4.52291],[38.38667,-4.51907],[38.39291,-4.51873],[38.40749,-4.51538],[38.41479,-4.51167],[38.42266,-4.51244],[38.42637,-4.51215],[38.4289,-4.50962],[38.43502,-4.509],[38.43875,-4.50986],[38.44059,-4.50804],[38.44135,-4.50264],[38.44416,-4.50265],[38.44649,-4.50073],[38.44726,-4.50279],[38.45073,-4.50015],[38.45416,-4.50037],[38.45701,-4.49877],[38.46056,-4.50163],[38.46427,-4.50271],[38.46778,-4.50192],[38.46864,-4.4997],[38.47051,-4.49873],[38.4724,-4.50202],[38.47437,-4.50249],[38.47752,-4.50039],[38.47913,-4.50197],[38.4807,-4.50036],[38.48077,-4.49817],[38.48234,-4.49745],[38.48519,-4.49744],[38.48848,-4.49997],[38.49264,-4.49885],[38.50019,-4.50102],[38.49965,-4.49916],[38.50244,-4.49529],[38.50233,-4.49184]]]},"properties":{"region":"Tanga","district":"Lushoto","ward":"Mng'aro","ward_code":"171"}},{"type":"Feature","geometry":{"type":"Polygon","coordinates":[[[38.26692,-4.65306],[38.26764,-4.65869],[38.26313,-4.66768],[38.26432,-4.6685],[38.27109,-4.66741],[38.27382,-4.67189],[38.27298,-4.67297],[38.27336,-4.67661],[38.27516,-4.67721],[38.26706,-4.68409],[38.2722,-4.72815],[38.21933,-4.7425],[38.20454,-4.72245],[38.21073,-4.69893],[38.217,-4.66433],[38.22117,-4.65612],[38.22957,-4.65499],[38.23326,-4.65562],[38.23897,-4.64935],[38.24352,-4.63143],[38.25373,-4.63588],[38.2558,-4.64205],[38.26692,-4.65306]]]},"properties":{"region":"Tanga","district":"Lushoto","ward":"Shume","ward_code":"031"}},{"type":"Feature","geometry":{"type":"Polygon","coordinates":[[[38.28338,-4.64492],[38.2897,-4.64972],[38.29109,-4.64673],[38.29896,-4.65351],[38.29729,-4.65444],[38.29796,-4.65804],[38.29704,-4.67128],[38.30289,-4.67296],[38.30615,-4.67147],[38.31188,-4.67563],[38.32383,-4.67097],[38.32511,-4.67392],[38.32715,-4.67581],[38.32857,-4.67634],[38.33167,-4.67499],[38.33284,-4.67597],[38.33263,-4.68024],[38.33512,-4.67913],[38.33825,-4.68111],[38.33761,-4.68655],[38.33455,-4.68876],[38.33177,-4.68624],[38.32667,-4.69019],[38.33016,-4.69241],[38.33382,-4.69706],[38.33619,-4.69668],[38.33727,-4.69507],[38.33833,-4.69713],[38.33826,-4.70027],[38.34038,-4.70233],[38.34269,-4.70708],[38.33049,-4.71587],[38.32875,-4.7211],[38.31149,-4.71303],[38.28463,-4.70938],[38.2722,-4.72815],[38.26706,-4.68409],[38.27516,-4.67721],[38.27336,-4.67661],[38.27298,-4.67297],[38.27382,-4.67189],[38.27109,-4.66741],[38.26432,-4.6685],[38.26313,-4.66768],[38.26764,-4.65869],[38.26692,-4.65306],[38.2558,-4.64205],[38.25373,-4.63588],[38.26085,-4.62833],[38.26768,-4.63128],[38.27315,-4.63583],[38.27836,-4.6429],[38.28338,-4.64492]]]},"properties":{"region":"Tanga","district":"Lushoto","ward":"Lukozi","ward_code":"043"}},{"type":"Feature","geometry":{"type":"Polygon","coordinates":[[[38.28675,-4.59543],[38.28897,-4.60772],[38.28921,-4.61792],[38.29092,-4.61987],[38.2937,-4.61884],[38.29389,-4.62093],[38.30354,-4.61946],[38.31251,-4.61234],[38.31903,-4.61314],[38.32012,-4.61531],[38.32193,-4.61323],[38.32351,-4.61304],[38.32359,-4.61606],[38.32459,-4.61682],[38.32373,-4.62256],[38.32701,-4.62484],[38.32666,-4.63159],[38.33924,-4.63321],[38.34638,-4.64393],[38.34679,-4.6507],[38.34296,-4.6524],[38.33976,-4.65662],[38.3332,-4.65899],[38.3329,-4.66058],[38.33392,-4.66145],[38.33328,-4.66373],[38.32929,-4.66761],[38.32591,-4.66801],[38.32479,-4.67224],[38.32383,-4.67097],[38.31188,-4.67563],[38.30615,-4.67147],[38.30289,-4.67296],[38.29704,-4.67128],[38.29796,-4.65804],[38.29729,-4.65444],[38.29896,-4.65351],[38.29838,-4.65271],[38.29109,-4.64673],[38.28916,-4.64982],[38.28338,-4.64492],[38.27836,-4.6429],[38.27074,-4.63361],[38.2654,-4.63006],[38.2632,-4.62999],[38.26085,-4.62833],[38.26117,-4.62506],[38.26313,-4.62264],[38.26117,-4.61823],[38.26164,-4.61644],[38.2605,-4.61568],[38.26027,-4.61333],[38.2614,-4.61213],[38.26096,-4.60894],[38.26173,-4.60871],[38.26156,-4.60624],[38.26432,-4.60495],[38.26451,-4.60252],[38.26618,-4.60149],[38.26682,-4.5998],[38.26622,-4.59816],[38.26457,-4.59793],[38.26342,-4.6011],[38.25971,-4.60026],[38.26107,-4.59976],[38.25932,-4.59552],[38.26456,-4.58757],[38.26947,-4.58576],[38.27867,-4.57859],[38.28454,-4.58228],[38.28668,-4.58865],[38.28675,-4.59543]]]},"properties":{"region":"Tanga","district":"Lushoto","ward":"Malindi","ward_code":"051"}},{"type":"Feature","geometry":{"type":"Polygon","coordinates":[[[38.30108,-4.5877],[38.30412,-4.58723],[38.3078,-4.58883],[38.30954,-4.58749],[38.31083,-4.58799],[38.31016,-4.58623],[38.30893,-4.58627],[38.30874,-4.58218],[38.31177,-4.58486],[38.31208,-4.58392],[38.31556,-4.58485],[38.31453,-4.58631],[38.31811,-4.58922],[38.31984,-4.58891],[38.31877,-4.59291],[38.32114,-4.59761],[38.32254,-4.59552],[38.32565,-4.59925],[38.32704,-4.59914],[38.32738,-4.59756],[38.32907,-4.5967],[38.32997,-4.59894],[38.33117,-4.59946],[38.33255,-4.59849],[38.33455,-4.59931],[38.33634,-4.59797],[38.33751,-4.59856],[38.33716,-4.60508],[38.34142,-4.61159],[38.33469,-4.61511],[38.33891,-4.6238],[38.33924,-4.63321],[38.32666,-4.63159],[38.32701,-4.62484],[38.32373,-4.62256],[38.32459,-4.61682],[38.32359,-4.61606],[38.32351,-4.61304],[38.32193,-4.61323],[38.32012,-4.61531],[38.31903,-4.61314],[38.31251,-4.61234],[38.30354,-4.61946],[38.29389,-4.62093],[38.2937,-4.61884],[38.29136,-4.62015],[38.2897,-4.61874],[38.2886,-4.61373],[38.28897,-4.60772],[38.28612,-4.58961],[38.28668,-4.58865],[38.28454,-4.58228],[38.29335,-4.5802],[38.29593,-4.58213],[38.29641,-4.58618],[38.30108,-4.5877]]]},"properties":{"region":"Tanga","district":"Lushoto","ward":"Mwangoi","ward_code":"061"}},{"type":"Feature","geometry":{"type":"Polygon","coordinates":[[[38.32516,-4.58041],[38.32734,-4.57918],[38.32292,-4.58212],[38.32337,-4.58419],[38.32818,-4.58235],[38.33014,-4.58448],[38.33128,-4.58359],[38.33382,-4.58682],[38.3408,-4.58568],[38.34254,-4.58652],[38.34335,-4.58516],[38.34621,-4.58533],[38.34606,-4.58231],[38.3478,-4.5835],[38.349,-4.58269],[38.34924,-4.58725],[38.3502,-4.58748],[38.3513,-4.59239],[38.34891,-4.59377],[38.34831,-4.5962],[38.34617,-4.59675],[38.3461,-4.60028],[38.34498,-4.59845],[38.34194,-4.59849],[38.33995,-4.59696],[38.33455,-4.59931],[38.33255,-4.59849],[38.33117,-4.59946],[38.32997,-4.59894],[38.32907,-4.5967],[38.32738,-4.59756],[38.32659,-4.59939],[38.32413,-4.59831],[38.32254,-4.59552],[38.32114,-4.59761],[38.31877,-4.59291],[38.31984,-4.58891],[38.31811,-4.58922],[38.31453,-4.58631],[38.31556,-4.58485],[38.31208,-4.58392],[38.31177,-4.58486],[38.30874,-4.58218],[38.30893,-4.58627],[38.31016,-4.58623],[38.31033,-4.58826],[38.30954,-4.58749],[38.3078,-4.58883],[38.30611,-4.58763],[38.30131,-4.58776],[38.29641,-4.58618],[38.29593,-4.58213],[38.29335,-4.5802],[38.29265,-4.5767],[38.29458,-4.54025],[38.33371,-4.53909],[38.32507,-4.57289],[38.32443,-4.57917],[38.32516,-4.58041]]]},"properties":{"region":"Tanga","district":"Lushoto","ward":"Dule \"M\"","ward_code":"071"}},{"type":"Feature","geometry":{"type":"Polygon","coordinates":[[[38.21042,-4.56792],[38.21429,-4.58344],[38.21815,-4.58897],[38.22002,-4.58798],[38.22267,-4.59067],[38.22498,-4.5944],[38.22372,-4.59743],[38.23498,-4.60106],[38.23867,-4.60697],[38.24027,-4.61045],[38.24352,-4.63143],[38.23897,-4.64935],[38.23326,-4.65562],[38.22957,-4.65499],[38.22117,-4.65612],[38.217,-4.66433],[38.21073,-4.69893],[38.20454,-4.72245],[38.19091,-4.70397],[38.18687,-4.69579],[38.18361,-4.67739],[38.18316,-4.6613],[38.18391,-4.66],[38.18007,-4.65574],[38.18189,-4.64753],[38.18809,-4.63152],[38.193,-4.62804],[38.19184,-4.62619],[38.1866,-4.62011],[38.18017,-4.61659],[38.11109,-4.5937],[38.11605,-4.58634],[38.11948,-4.57413],[38.15585,-4.57414],[38.19579,-4.56218],[38.20791,-4.56582],[38.21042,-4.56792]]]},"properties":{"region":"Tanga","district":"Lushoto","ward":"Manolo","ward_code":"091"}},{"type":"Feature","geometry":{"type":"Polygon","coordinates":[[[38.32773,-4.52013],[38.35029,-4.52605],[38.35116,-4.52751],[38.35771,-4.52724],[38.36051,-4.5291],[38.36766,-4.52995],[38.37369,-4.52756],[38.38117,-4.53995],[38.38381,-4.54871],[38.37782,-4.54948],[38.3612,-4.55957],[38.35464,-4.56147],[38.35411,-4.57419],[38.34985,-4.5788],[38.34749,-4.57905],[38.34951,-4.58229],[38.3478,-4.5835],[38.34606,-4.58231],[38.34621,-4.58533],[38.34335,-4.58516],[38.34254,-4.58652],[38.3408,-4.58568],[38.33382,-4.58682],[38.33128,-4.58359],[38.33014,-4.58448],[38.32818,-4.58235],[38.32397,-4.5842],[38.32264,-4.58274],[38.32734,-4.57918],[38.32517,-4.58042],[38.32443,-4.57917],[38.32507,-4.57289],[38.33371,-4.53909],[38.32924,-4.52747],[38.32773,-4.52013]]]},"properties":{"region":"Tanga","district":"Lushoto","ward":"Mlalo","ward_code":"183"}},{"type":"Feature","geometry":{"type":"Polygon","coordinates":[[[38.38381,-4.54871],[38.38973,-4.57337],[38.3944,-4.57346],[38.39771,-4.56982],[38.39957,-4.57038],[38.39699,-4.57826],[38.38461,-4.58847],[38.37684,-4.57905],[38.37244,-4.58189],[38.37533,-4.59217],[38.37433,-4.59362],[38.37475,-4.59854],[38.37395,-4.60163],[38.37475,-4.60474],[38.37807,-4.6095],[38.37686,-4.61237],[38.37287,-4.61154],[38.37029,-4.60763],[38.36897,-4.60955],[38.36628,-4.60846],[38.36352,-4.61108],[38.36199,-4.6094],[38.36049,-4.61052],[38.35958,-4.60873],[38.35778,-4.60995],[38.35639,-4.60366],[38.35234,-4.60781],[38.35022,-4.60152],[38.34907,-4.6018],[38.34835,-4.60081],[38.3494,-4.59986],[38.34946,-4.5978],[38.34613,-4.59821],[38.34593,-4.59716],[38.34831,-4.5962],[38.34891,-4.59377],[38.3513,-4.59239],[38.3502,-4.58748],[38.34924,-4.58725],[38.3495,-4.58124],[38.34749,-4.57905],[38.34985,-4.5788],[38.35411,-4.57419],[38.35464,-4.56147],[38.3612,-4.55957],[38.37782,-4.54948],[38.38381,-4.54871]]]},"properties":{"region":"Tanga","district":"Lushoto","ward":"Kwemshasha","ward_code":"193"}},{"type":"Feature","geometry":{"type":"MultiPolygon","coordinates":[[[[38.37152,-4.63938],[38.37156,-4.6394],[38.37156,-4.63941],[38.37152,-4.63938]]],[[[38.37152,-4.63938],[38.36813,-4.64512],[38.36755,-4.65199],[38.36564,-4.65102],[38.34946,-4.65407],[38.34935,-4.65238],[38.34685,-4.65034],[38.34638,-4.64393],[38.33924,-4.63321],[38.33891,-4.6238],[38.33469,-4.61511],[38.34142,-4.61159],[38.33716,-4.60508],[38.33672,-4.60319],[38.33777,-4.59961],[38.33669,-4.59798],[38.33995,-4.59696],[38.34194,-4.59849],[38.34498,-4.59845],[38.3461,-4.60028],[38.34613,-4.59821],[38.34946,-4.5978],[38.3494,-4.59986],[38.34835,-4.60081],[38.34907,-4.6018],[38.35022,-4.60152],[38.35234,-4.60781],[38.35639,-4.60366],[38.35778,-4.60995],[38.35958,-4.60873],[38.36049,-4.61052],[38.36199,-4.6094],[38.36352,-4.61108],[38.36628,-4.60846],[38.36897,-4.60955],[38.37029,-4.60763],[38.37287,-4.61154],[38.37686,-4.61237],[38.37374,-4.61838],[38.37152,-4.63938]]]]},"properties":{"region":"Tanga","district":"Lushoto","ward":"Hemtoye","ward_code":"211"}},{"type":"Feature","geometry":{"type":"Polygon","coordinates":[[[38.46117,-4.71924],[38.45681,-4.72885],[38.45885,-4.73295],[38.45689,-4.73556],[38.45966,-4.74034],[38.45918,-4.74967],[38.45317,-4.75308],[38.45202,-4.75662],[38.45206,-4.76065],[38.45014,-4.76716],[38.45101,-4.77488],[38.44197,-4.77751],[38.44261,-4.78973],[38.43895,-4.79341],[38.44345,-4.8065],[38.42562,-4.80201],[38.41465,-4.80139],[38.41329,-4.79998],[38.4126,-4.79672],[38.41043,-4.79583],[38.40883,-4.80046],[38.40619,-4.79884],[38.40503,-4.80198],[38.407,-4.80844],[38.39653,-4.80891],[38.39293,-4.8051],[38.39201,-4.80096],[38.38845,-4.79958],[38.38719,-4.79793],[38.38726,-4.79565],[38.38495,-4.79454],[38.38695,-4.78979],[38.38986,-4.78711],[38.38991,-4.78503],[38.38638,-4.7827],[38.38641,-4.7818],[38.40859,-4.78243],[38.41345,-4.76617],[38.42037,-4.75789],[38.421,-4.75395],[38.42504,-4.74655],[38.43438,-4.72186],[38.44889,-4.71974],[38.46117,-4.71924]]]},"properties":{"region":"Tanga","district":"Lushoto","ward":"Baga","ward_code":"071"}},{"type":"Feature","geometry":{"type":"Polygon","coordinates":[[[38.49024,-4.69936],[38.49254,-4.70577],[38.49553,-4.71095],[38.49425,-4.71215],[38.49516,-4.71366],[38.49299,-4.71594],[38.49544,-4.72002],[38.49423,-4.72189],[38.49462,-4.72601],[38.49628,-4.72556],[38.49623,-4.72736],[38.49843,-4.72904],[38.49772,-4.73007],[38.50078,-4.73396],[38.4946,-4.74355],[38.4966,-4.75028],[38.49547,-4.75179],[38.50302,-4.74942],[38.50463,-4.7506],[38.50609,-4.75415],[38.50617,-4.76],[38.50994,-4.76318],[38.51006,-4.76676],[38.51454,-4.77343],[38.51414,-4.77678],[38.50911,-4.78045],[38.51099,-4.78529],[38.51049,-4.79368],[38.51735,-4.80847],[38.51384,-4.81303],[38.50275,-4.82244],[38.5031,-4.82867],[38.50091,-4.83233],[38.49392,-4.83239],[38.49137,-4.84304],[38.47931,-4.83707],[38.46822,-4.80591],[38.46325,-4.79692],[38.44345,-4.8065],[38.43895,-4.79341],[38.44261,-4.78973],[38.44197,-4.77751],[38.45101,-4.77488],[38.45014,-4.76716],[38.45317,-4.75308],[38.45918,-4.74967],[38.45966,-4.74034],[38.45689,-4.73556],[38.45885,-4.73295],[38.45681,-4.72885],[38.46117,-4.71924],[38.46352,-4.71654],[38.46668,-4.71566],[38.46689,-4.7137],[38.46847,-4.71197],[38.47433,-4.71145],[38.47378,-4.71016],[38.47873,-4.70514],[38.4795,-4.70608],[38.48028,-4.70391],[38.48316,-4.70114],[38.49024,-4.69936]]]},"properties":{"region":"Tanga","district":"Lushoto","ward":"Mgwashi","ward_code":"081"}},{"type":"Feature","geometry":{"type":"Polygon","coordinates":[[[38.51652,-4.69385],[38.52349,-4.6993],[38.53165,-4.70048],[38.55137,-4.74241],[38.55782,-4.74656],[38.56419,-4.75522],[38.58421,-4.76451],[38.5914,-4.76885],[38.60038,-4.77131],[38.59767,-4.7747],[38.59629,-4.78089],[38.59225,-4.78697],[38.59254,-4.79575],[38.59148,-4.79659],[38.56727,-4.79868],[38.56133,-4.80033],[38.55971,-4.80154],[38.55864,-4.80416],[38.55465,-4.80041],[38.53578,-4.80368],[38.52932,-4.80314],[38.52224,-4.80623],[38.51924,-4.80892],[38.51735,-4.80847],[38.51049,-4.79368],[38.51099,-4.78529],[38.50911,-4.78045],[38.51414,-4.77678],[38.51454,-4.77343],[38.51006,-4.76676],[38.50994,-4.76318],[38.50617,-4.76],[38.50609,-4.75415],[38.50463,-4.7506],[38.50302,-4.74942],[38.49547,-4.75179],[38.4966,-4.75028],[38.4946,-4.74355],[38.50078,-4.73396],[38.49772,-4.73007],[38.49843,-4.72904],[38.49623,-4.72736],[38.49628,-4.72556],[38.49462,-4.72601],[38.49423,-4.72189],[38.49544,-4.72002],[38.49299,-4.71594],[38.49516,-4.71366],[38.49425,-4.71215],[38.49553,-4.71095],[38.49254,-4.70577],[38.48927,-4.69701],[38.49108,-4.69377],[38.50506,-4.70042],[38.50727,-4.69797],[38.50691,-4.69588],[38.51052,-4.69645],[38.51166,-4.69351],[38.51652,-4.69385]]]},"properties":{"region":"Tanga","district":"Lushoto","ward":"Nkongoi","ward_code":"091"}},{"type":"Feature","geometry":{"type":"Polygon","coordinates":[[[38.62695,-4.75901],[38.62575,-4.76279],[38.62334,-4.76468],[38.62387,-4.76623],[38.62076,-4.77141],[38.61594,-4.77474],[38.61607,-4.77834],[38.61388,-4.78149],[38.61383,-4.78631],[38.61232,-4.78774],[38.61263,-4.79245],[38.60787,-4.79739],[38.60717,-4.80431],[38.58443,-4.82306],[38.5732,-4.82277],[38.56832,-4.82841],[38.56527,-4.82985],[38.56579,-4.83164],[38.56747,-4.83289],[38.56736,-4.83694],[38.56894,-4.84271],[38.55886,-4.83817],[38.55477,-4.83475],[38.54516,-4.83562],[38.53994,-4.83374],[38.54856,-4.82323],[38.54471,-4.81889],[38.5554,-4.8086],[38.55971,-4.80154],[38.56133,-4.80033],[38.56727,-4.79868],[38.57904,-4.79824],[38.59148,-4.79659],[38.59254,-4.79575],[38.59225,-4.78697],[38.59629,-4.78089],[38.59767,-4.7747],[38.60038,-4.77131],[38.60198,-4.76457],[38.60402,-4.76077],[38.61286,-4.76055],[38.60515,-4.75007],[38.60937,-4.7353],[38.60817,-4.72697],[38.61534,-4.72234],[38.617,-4.71358],[38.62367,-4.70901],[38.63116,-4.72335],[38.63038,-4.72803],[38.63772,-4.73765],[38.63763,-4.73915],[38.63968,-4.74292],[38.63988,-4.74745],[38.6357,-4.75411],[38.62695,-4.75901]]]},"properties":{"region":"Tanga","district":"Lushoto","ward":"Kwemkomole","ward_code":"111"}},{"type":"Feature","geometry":{"type":"Polygon","coordinates":[[[38.50167,-4.84158],[38.50316,-4.85002],[38.50001,-4.85278],[38.50219,-4.85549],[38.50581,-4.86342],[38.50344,-4.86868],[38.50409,-4.86983],[38.50354,-4.87667],[38.50645,-4.88141],[38.50343,-4.89994],[38.50101,-4.89942],[38.48394,-4.87701],[38.4784,-4.87539],[38.47475,-4.88032],[38.4726,-4.88874],[38.47061,-4.88891],[38.46761,-4.88092],[38.4659,-4.87302],[38.45917,-4.87475],[38.45573,-4.873],[38.45724,-4.86761],[38.45991,-4.86493],[38.46158,-4.85972],[38.46466,-4.85614],[38.46434,-4.85006],[38.47125,-4.84646],[38.4719,-4.84508],[38.46914,-4.84336],[38.46492,-4.83695],[38.47931,-4.83707],[38.49137,-4.84304],[38.49392,-4.83239],[38.50091,-4.83233],[38.50213,-4.83956],[38.50167,-4.84158]]]},"properties":{"region":"Tanga","district":"Lushoto","ward":"Bumbuli","ward_code":"011"}},{"type":"Feature","geometry":{"type":"Polygon","coordinates":[[[38.46822,-4.80591],[38.47931,-4.83707],[38.46492,-4.83695],[38.46914,-4.84336],[38.4719,-4.84508],[38.47125,-4.84646],[38.46434,-4.85006],[38.46466,-4.85614],[38.46158,-4.85972],[38.45991,-4.86493],[38.45724,-4.86761],[38.45573,-4.873],[38.45917,-4.87475],[38.4659,-4.87302],[38.46761,-4.88092],[38.47061,-4.88891],[38.46164,-4.8914],[38.45978,-4.88855],[38.46068,-4.8864],[38.46021,-4.88412],[38.4566,-4.88365],[38.45631,-4.88141],[38.45223,-4.88223],[38.4494,-4.88175],[38.44616,-4.8831],[38.43983,-4.88108],[38.43478,-4.88062],[38.4254,-4.88238],[38.42606,-4.89062],[38.42348,-4.89501],[38.42112,-4.89302],[38.40837,-4.8871],[38.41074,-4.88318],[38.41239,-4.87688],[38.42224,-4.86851],[38.42476,-4.86359],[38.42822,-4.84941],[38.4281,-4.83921],[38.43259,-4.83418],[38.43355,-4.8281],[38.43615,-4.82619],[38.44095,-4.82545],[38.44228,-4.82395],[38.44272,-4.80772],[38.44345,-4.8065],[38.46325,-4.79692],[38.46822,-4.80591]]]},"properties":{"region":"Tanga","district":"Lushoto","ward":"Dule \"B\"","ward_code":"021"}},{"type":"Feature","geometry":{"type":"Polygon","coordinates":[[[38.53994,-4.83374],[38.54516,-4.83562],[38.55477,-4.83475],[38.55886,-4.83817],[38.56894,-4.84271],[38.5593,-4.84711],[38.56794,-4.85625],[38.5648,-4.87173],[38.5615,-4.87143],[38.55591,-4.8766],[38.55296,-4.87722],[38.54767,-4.88252],[38.54364,-4.88247],[38.54214,-4.87957],[38.54005,-4.88248],[38.53995,-4.88675],[38.5365,-4.88801],[38.53401,-4.8913],[38.52951,-4.89123],[38.52697,-4.89431],[38.50683,-4.89358],[38.50568,-4.89256],[38.50503,-4.8998],[38.50416,-4.90062],[38.50343,-4.89994],[38.50451,-4.8907],[38.50645,-4.88141],[38.50354,-4.87667],[38.50409,-4.86983],[38.50719,-4.86807],[38.51891,-4.86816],[38.52142,-4.86548],[38.51859,-4.85271],[38.526,-4.83893],[38.53265,-4.83457],[38.53414,-4.83607],[38.53898,-4.83752],[38.54021,-4.8363],[38.53994,-4.83374]]]},"properties":{"region":"Tanga","district":"Lushoto","ward":"Kisiwani","ward_code":"043"}},{"type":"Feature","geometry":{"type":"Polygon","coordinates":[[[38.41329,-4.79998],[38.41465,-4.80139],[38.42562,-4.80201],[38.44345,-4.8065],[38.44272,-4.80772],[38.44228,-4.82395],[38.44095,-4.82545],[38.43615,-4.82619],[38.43355,-4.8281],[38.43259,-4.83418],[38.4281,-4.83921],[38.42822,-4.84941],[38.42476,-4.86359],[38.42224,-4.86851],[38.41235,-4.87694],[38.40563,-4.86219],[38.39309,-4.85725],[38.3871,-4.85239],[38.38196,-4.84335],[38.38302,-4.8399],[38.37616,-4.83449],[38.37972,-4.82902],[38.38581,-4.82229],[38.39416,-4.81497],[38.39653,-4.80891],[38.407,-4.80844],[38.40489,-4.80277],[38.40619,-4.79884],[38.40883,-4.80046],[38.41043,-4.79583],[38.4126,-4.79672],[38.41329,-4.79998]]]},"properties":{"region":"Tanga","district":"Lushoto","ward":"Mamba","ward_code":"061"}},{"type":"Feature","geometry":{"type":"Polygon","coordinates":[[[38.61533,-4.68443],[38.62956,-4.69294],[38.64269,-4.68759],[38.66047,-4.68701],[38.66038,-4.69043],[38.66273,-4.69661],[38.66422,-4.69827],[38.66743,-4.69855],[38.66885,-4.69957],[38.67232,-4.70855],[38.68377,-4.71469],[38.68886,-4.72209],[38.68508,-4.73326],[38.67492,-4.73797],[38.65918,-4.74191],[38.65011,-4.7352],[38.64809,-4.73712],[38.64488,-4.73698],[38.63968,-4.74292],[38.63763,-4.73915],[38.63772,-4.73765],[38.63038,-4.72803],[38.63116,-4.72335],[38.62367,-4.70901],[38.617,-4.71358],[38.61534,-4.72234],[38.60817,-4.72697],[38.60937,-4.7353],[38.60515,-4.75007],[38.61286,-4.76055],[38.60402,-4.76077],[38.60198,-4.76457],[38.60038,-4.77131],[38.5914,-4.76885],[38.58421,-4.76451],[38.56419,-4.75522],[38.55782,-4.74656],[38.55137,-4.74241],[38.53165,-4.70048],[38.53855,-4.68223],[38.53936,-4.67109],[38.54883,-4.66573],[38.55321,-4.66425],[38.57058,-4.65157],[38.58828,-4.6445],[38.60407,-4.65685],[38.6106,-4.67939],[38.61533,-4.68443]]]},"properties":{"region":"Tanga","district":"Lushoto","ward":"Milingano","ward_code":"101"}},{"type":"Feature","geometry":{"type":"Polygon","coordinates":[[[38.55465,-4.80041],[38.55864,-4.80416],[38.5554,-4.8086],[38.54471,-4.81889],[38.54856,-4.82323],[38.53994,-4.83374],[38.54021,-4.8363],[38.53898,-4.83752],[38.5373,-4.83743],[38.53265,-4.83457],[38.53047,-4.83537],[38.526,-4.83893],[38.51859,-4.85271],[38.52142,-4.86548],[38.51891,-4.86816],[38.50719,-4.86807],[38.50409,-4.86983],[38.50344,-4.86868],[38.50581,-4.86342],[38.50219,-4.85549],[38.50001,-4.85278],[38.50316,-4.85002],[38.50091,-4.83233],[38.5031,-4.82867],[38.50275,-4.82244],[38.51384,-4.81303],[38.51735,-4.80847],[38.51924,-4.80892],[38.52224,-4.80623],[38.52932,-4.80314],[38.53578,-4.80368],[38.55465,-4.80041]]]},"properties":{"region":"Tanga","district":"Lushoto","ward":"Mayo","ward_code":"121"}},{"type":"Feature","geometry":{"type":"Polygon","coordinates":[[[38.56482,-4.87173],[38.55864,-4.90238],[38.54043,-4.926],[38.53278,-4.954],[38.53128,-4.95875],[38.52936,-4.96078],[38.52999,-4.96275],[38.52766,-4.96827],[38.52135,-4.9714],[38.51314,-4.99324],[38.51001,-4.99427],[38.50621,-4.99246],[38.50122,-4.98518],[38.49956,-4.97343],[38.49991,-4.96065],[38.49203,-4.9609],[38.47908,-4.95888],[38.47376,-4.95912],[38.48039,-4.94735],[38.50116,-4.94536],[38.50196,-4.94652],[38.50416,-4.94683],[38.50225,-4.93827],[38.5036,-4.9355],[38.50142,-4.92001],[38.50245,-4.91644],[38.50103,-4.913],[38.50112,-4.90967],[38.50487,-4.90331],[38.50343,-4.89994],[38.50416,-4.90062],[38.50503,-4.8998],[38.50543,-4.89283],[38.52107,-4.89463],[38.52697,-4.89431],[38.52951,-4.89123],[38.53401,-4.8913],[38.5365,-4.88801],[38.53995,-4.88675],[38.54005,-4.88248],[38.54214,-4.87957],[38.54364,-4.88247],[38.54767,-4.88252],[38.55296,-4.87722],[38.55591,-4.8766],[38.5615,-4.87143],[38.56482,-4.87173]]]},"properties":{"region":"Tanga","district":"Lushoto","ward":"Mahezangulu","ward_code":"131"}},{"type":"Feature","geometry":{"type":"Polygon","coordinates":[[[38.50225,-4.93827],[38.50416,-4.94683],[38.50196,-4.94652],[38.50116,-4.94536],[38.48039,-4.94735],[38.47376,-4.95912],[38.47908,-4.95888],[38.49203,-4.9609],[38.49991,-4.96065],[38.49956,-4.97343],[38.50122,-4.98518],[38.4936,-4.98023],[38.49143,-4.98072],[38.4807,-4.97688],[38.47737,-4.97317],[38.4651,-4.96758],[38.45752,-4.95827],[38.45408,-4.95862],[38.4525,-4.95727],[38.4547,-4.94984],[38.45644,-4.9477],[38.45644,-4.94536],[38.45828,-4.94353],[38.45792,-4.94175],[38.46367,-4.93498],[38.46959,-4.93158],[38.47541,-4.924],[38.47953,-4.92065],[38.48084,-4.91824],[38.48013,-4.91581],[38.48093,-4.91332],[38.4835,-4.90952],[38.48822,-4.90693],[38.49882,-4.90546],[38.50295,-4.90197],[38.50343,-4.89994],[38.50487,-4.90331],[38.50112,-4.90967],[38.50103,-4.913],[38.50245,-4.91644],[38.50142,-4.92001],[38.5036,-4.9355],[38.50225,-4.93827]]]},"properties":{"region":"Tanga","district":"Lushoto","ward":"Tamota","ward_code":"141"}},{"type":"Feature","geometry":{"type":"Polygon","coordinates":[[[38.48394,-4.87701],[38.50101,-4.89942],[38.50343,-4.89994],[38.50295,-4.90197],[38.49882,-4.90546],[38.48822,-4.90693],[38.4835,-4.90952],[38.48093,-4.91332],[38.48013,-4.91581],[38.48084,-4.91824],[38.47953,-4.92065],[38.47541,-4.924],[38.46959,-4.93158],[38.46367,-4.93498],[38.45792,-4.94175],[38.45828,-4.94353],[38.45644,-4.94536],[38.45644,-4.9477],[38.4547,-4.94984],[38.4525,-4.95727],[38.45011,-4.95815],[38.4438,-4.95696],[38.44064,-4.955],[38.45039,-4.92919],[38.45153,-4.91266],[38.45277,-4.90833],[38.44841,-4.9077],[38.44059,-4.90115],[38.43565,-4.90414],[38.42606,-4.89062],[38.4254,-4.88238],[38.43478,-4.88062],[38.43983,-4.88108],[38.44616,-4.8831],[38.4494,-4.88175],[38.45223,-4.88223],[38.45631,-4.88141],[38.4566,-4.88365],[38.46021,-4.88412],[38.46068,-4.8864],[38.45978,-4.88855],[38.46164,-4.8914],[38.4726,-4.88874],[38.47475,-4.88032],[38.4784,-4.87539],[38.48394,-4.87701]]]},"properties":{"region":"Tanga","district":"Lushoto","ward":"Funta","ward_code":"151"}},{"type":"Feature","geometry":{"type":"Polygon","coordinates":[[[38.39653,-4.80891],[38.39416,-4.81497],[38.38581,-4.82229],[38.37972,-4.82902],[38.37616,-4.83449],[38.38302,-4.8399],[38.38196,-4.84335],[38.3871,-4.85239],[38.39309,-4.85725],[38.40563,-4.86219],[38.41235,-4.87694],[38.41074,-4.88318],[38.40837,-4.8871],[38.4018,-4.89355],[38.3933,-4.89612],[38.37758,-4.89157],[38.37495,-4.89161],[38.36884,-4.88715],[38.36401,-4.88499],[38.36481,-4.88077],[38.3638,-4.8794],[38.35506,-4.87598],[38.35201,-4.87388],[38.34853,-4.86708],[38.35508,-4.85934],[38.35736,-4.85895],[38.35882,-4.85745],[38.35924,-4.85513],[38.356,-4.85114],[38.35694,-4.84886],[38.35658,-4.84716],[38.35505,-4.84623],[38.35399,-4.84325],[38.36136,-4.84016],[38.36687,-4.83549],[38.36743,-4.83174],[38.36544,-4.81947],[38.36641,-4.81826],[38.36898,-4.82096],[38.37086,-4.8167],[38.37817,-4.81703],[38.38035,-4.81153],[38.38688,-4.81214],[38.39127,-4.81005],[38.39478,-4.80705],[38.39653,-4.80891]]]},"properties":{"region":"Tanga","district":"Lushoto","ward":"Soni","ward_code":"033"}},{"type":"Feature","geometry":{"type":"Polygon","coordinates":[[[38.36412,-4.81623],[38.36641,-4.81826],[38.36544,-4.81947],[38.36743,-4.83174],[38.36687,-4.83549],[38.36136,-4.84016],[38.35399,-4.84325],[38.35505,-4.84623],[38.35658,-4.84716],[38.35694,-4.84886],[38.356,-4.85114],[38.35924,-4.85513],[38.35882,-4.85745],[38.35736,-4.85895],[38.35508,-4.85934],[38.34688,-4.86902],[38.33807,-4.87736],[38.33361,-4.88403],[38.32758,-4.89035],[38.32464,-4.89183],[38.31555,-4.88622],[38.31731,-4.88214],[38.31582,-4.87935],[38.31768,-4.86747],[38.32253,-4.86034],[38.33287,-4.84897],[38.33952,-4.84457],[38.34219,-4.8377],[38.34423,-4.8361],[38.34444,-4.83375],[38.34853,-4.82993],[38.3502,-4.82496],[38.35222,-4.82214],[38.35655,-4.81935],[38.35847,-4.81649],[38.35973,-4.81753],[38.36234,-4.81612],[38.36412,-4.81623]]]},"properties":{"region":"Tanga","district":"Lushoto","ward":"Mbuzii","ward_code":"051"}},{"type":"Feature","geometry":{"type":"Polygon","coordinates":[[[38.42112,-4.89302],[38.42348,-4.89501],[38.42606,-4.89062],[38.43565,-4.90414],[38.44059,-4.90115],[38.44841,-4.9077],[38.45277,-4.90833],[38.45153,-4.91266],[38.45039,-4.92919],[38.44064,-4.955],[38.43114,-4.95644],[38.42273,-4.95241],[38.41379,-4.95961],[38.40718,-4.96005],[38.40021,-4.95002],[38.38783,-4.95517],[38.38582,-4.94274],[38.38949,-4.93918],[38.39113,-4.93236],[38.38713,-4.92325],[38.38359,-4.91826],[38.38174,-4.91277],[38.38934,-4.90303],[38.3933,-4.89612],[38.4018,-4.89355],[38.40837,-4.8871],[38.42112,-4.89302]]]},"properties":{"region":"Tanga","district":"Lushoto","ward":"Mponde","ward_code":"161"}},{"type":"Feature","geometry":{"type":"Polygon","coordinates":[[[38.38078,-4.92773],[38.38752,-4.93292],[38.39113,-4.93236],[38.38949,-4.93918],[38.38582,-4.94274],[38.38783,-4.95517],[38.40021,-4.95002],[38.40718,-4.96005],[38.39613,-4.96429],[38.38237,-4.97239],[38.37776,-4.9719],[38.37427,-4.97523],[38.36963,-4.97376],[38.36568,-4.97584],[38.35972,-4.9753],[38.36119,-4.95844],[38.3505,-4.95827],[38.34791,-4.95931],[38.33784,-4.95867],[38.3256,-4.95632],[38.31414,-4.94592],[38.30364,-4.94534],[38.29987,-4.9329],[38.31803,-4.93014],[38.35852,-4.93025],[38.38078,-4.92773]]]},"properties":{"region":"Tanga","district":"Lushoto","ward":"Usambara","ward_code":"171"}},{"type":"Feature","geometry":{"type":"Polygon","coordinates":[[[38.36884,-4.88715],[38.37495,-4.89161],[38.37758,-4.89157],[38.3933,-4.89612],[38.38934,-4.90303],[38.38174,-4.91277],[38.38359,-4.91826],[38.38713,-4.92325],[38.39113,-4.93236],[38.38752,-4.93292],[38.38078,-4.92773],[38.35852,-4.93025],[38.31803,-4.93014],[38.29987,-4.9329],[38.29882,-4.91812],[38.30122,-4.90973],[38.30019,-4.90334],[38.3007,-4.89088],[38.29675,-4.88651],[38.29318,-4.88439],[38.29333,-4.88264],[38.29619,-4.88202],[38.29746,-4.87813],[38.29771,-4.8744],[38.29622,-4.86885],[38.30033,-4.86961],[38.30234,-4.87277],[38.30223,-4.87696],[38.30649,-4.87871],[38.30854,-4.87759],[38.31088,-4.88016],[38.31263,-4.87913],[38.31352,-4.88375],[38.31555,-4.88622],[38.32464,-4.89183],[38.32959,-4.8883],[38.33807,-4.87736],[38.34853,-4.86708],[38.35201,-4.87388],[38.35506,-4.87598],[38.3638,-4.8794],[38.36481,-4.88077],[38.36401,-4.88499],[38.36884,-4.88715]]]},"properties":{"region":"Tanga","district":"Lushoto","ward":"Vuga","ward_code":"181"}},{"type":"Feature","geometry":{"type":"Polygon","coordinates":[[[38.28904,-5.00542],[38.29682,-5.0066],[38.30685,-5.00575],[38.31699,-5.00649],[38.32645,-5.00555],[38.33459,-5.00648],[38.33711,-5.01505],[38.33983,-5.01355],[38.34468,-5.01601],[38.34708,-5.01591],[38.34503,-5.01889],[38.34663,-5.02235],[38.34646,-5.02408],[38.34325,-5.03386],[38.34393,-5.03902],[38.3416,-5.04586],[38.34434,-5.05091],[38.34485,-5.05961],[38.33581,-5.06287],[38.33458,-5.0674],[38.32901,-5.07335],[38.32726,-5.07384],[38.32241,-5.08131],[38.31977,-5.08733],[38.31642,-5.07902],[38.3178,-5.07505],[38.31588,-5.06943],[38.31035,-5.06419],[38.30763,-5.05913],[38.30229,-5.05438],[38.2966,-5.06528],[38.28436,-5.07016],[38.27054,-5.07944],[38.26735,-5.06538],[38.2713,-5.04846],[38.26505,-5.03126],[38.26727,-5.00742],[38.28019,-5.00813],[38.28904,-5.00542]]]},"properties":{"region":"Tanga","district":"Korogwe","ward":"Makuyuni","ward_code":"111"}},{"type":"Feature","geometry":{"type":"Polygon","coordinates":[[[38.30064,-4.95562],[38.31026,-4.95571],[38.31932,-4.95742],[38.32691,-4.96109],[38.32631,-4.95646],[38.33784,-4.95867],[38.34791,-4.95931],[38.3505,-4.95827],[38.36119,-4.95844],[38.35972,-4.9753],[38.36416,-4.97589],[38.36568,-4.97584],[38.36614,-4.97492],[38.36727,-4.97535],[38.36963,-4.97376],[38.37427,-4.97523],[38.37776,-4.9719],[38.38237,-4.97239],[38.39613,-4.96429],[38.40037,-4.96307],[38.39854,-4.96498],[38.39962,-4.9668],[38.39816,-4.96944],[38.39899,-4.97272],[38.39822,-4.9754],[38.40023,-4.97804],[38.39951,-4.98986],[38.39516,-5.0002],[38.39313,-4.99247],[38.39054,-4.99218],[38.38914,-4.99027],[38.38713,-4.98274],[38.37953,-4.98502],[38.37859,-4.97845],[38.3739,-4.97854],[38.37073,-4.98085],[38.37037,-4.9822],[38.36827,-4.98237],[38.36772,-4.98433],[38.36008,-4.98285],[38.35569,-4.98374],[38.34679,-4.98777],[38.34579,-4.98927],[38.33923,-4.99288],[38.33459,-5.00648],[38.32645,-5.00555],[38.31699,-5.00649],[38.30685,-5.00575],[38.29682,-5.0066],[38.28904,-5.00542],[38.28019,-5.00813],[38.26727,-5.00742],[38.23397,-5.02274],[38.20391,-5.0028],[38.21288,-4.9935],[38.22403,-4.9933],[38.24984,-4.99731],[38.2644,-4.99797],[38.26884,-4.98674],[38.27573,-4.97878],[38.27615,-4.96819],[38.28167,-4.96454],[38.28206,-4.95972],[38.28308,-4.95978],[38.28235,-4.95727],[38.28333,-4.95666],[38.28321,-4.9546],[38.29005,-4.95381],[38.30064,-4.95562]]]},"properties":{"region":"Tanga","district":"Korogwe","ward":"Chekelei","ward_code":"121"}},{"type":"Feature","geometry":{"type":"Polygon","coordinates":[[[38.29622,-4.86885],[38.29771,-4.8744],[38.29746,-4.87813],[38.29619,-4.88202],[38.29333,-4.88264],[38.29318,-4.88439],[38.29675,-4.88651],[38.3007,-4.89088],[38.30019,-4.90334],[38.30122,-4.90973],[38.29882,-4.91812],[38.29877,-4.92423],[38.29987,-4.9329],[38.30364,-4.94534],[38.31414,-4.94592],[38.32631,-4.95646],[38.32691,-4.96109],[38.31932,-4.95742],[38.31026,-4.95571],[38.30229,-4.9559],[38.29005,-4.95381],[38.28321,-4.9546],[38.28062,-4.95215],[38.27807,-4.94575],[38.27168,-4.93491],[38.27109,-4.93062],[38.26675,-4.9274],[38.26209,-4.92012],[38.25449,-4.92112],[38.24922,-4.92554],[38.24298,-4.92575],[38.2414,-4.92693],[38.21404,-4.92779],[38.18884,-4.92154],[38.1703,-4.90082],[38.17583,-4.89638],[38.18066,-4.89662],[38.2031,-4.88663],[38.20579,-4.88768],[38.20695,-4.88722],[38.21038,-4.88292],[38.2145,-4.88152],[38.21888,-4.87641],[38.22131,-4.87682],[38.22282,-4.87461],[38.2232,-4.87079],[38.21959,-4.86626],[38.22184,-4.86301],[38.22656,-4.8652],[38.22841,-4.87135],[38.23548,-4.87313],[38.23896,-4.8706],[38.24266,-4.87069],[38.25521,-4.86604],[38.27386,-4.84823],[38.2801,-4.86585],[38.29622,-4.86885]]]},"properties":{"region":"Tanga","district":"Korogwe","ward":"Mombo","ward_code":"133"}},{"type":"Feature","geometry":{"type":"Polygon","coordinates":[[[38.00079,-4.76634],[38.00774,-4.77081],[38.01336,-4.76985],[38.01663,-4.77285],[38.01967,-4.77303],[38.05137,-4.76696],[38.07452,-4.77303],[38.11994,-4.77029],[38.13521,-4.77403],[38.13719,-4.8034],[38.13696,-4.84223],[38.15088,-4.86732],[38.14719,-4.89063],[38.15125,-4.90819],[38.15943,-4.95786],[38.15489,-4.96069],[38.14579,-4.9755],[38.13802,-5.0015],[38.13904,-5.01769],[38.14558,-5.01944],[38.14597,-5.03636],[38.15264,-5.06188],[38.15074,-5.06991],[38.13402,-5.06726],[38.13493,-5.0863],[38.12295,-5.10943],[38.12304,-5.1193],[38.04158,-5.10183],[38.01863,-5.0718],[37.99461,-5.03145],[37.95772,-4.99683],[37.91006,-4.97832],[37.90107,-4.97725],[37.89916,-4.97495],[37.9024,-4.97423],[37.90136,-4.97095],[37.9063,-4.97304],[37.90743,-4.97137],[37.90726,-4.96987],[37.90796,-4.96932],[37.91008,-4.9703],[37.91223,-4.96768],[37.91463,-4.96891],[37.91707,-4.96711],[37.91955,-4.96738],[37.92173,-4.96969],[37.92598,-4.96998],[37.93091,-4.96379],[37.93377,-4.96191],[37.93453,-4.96282],[37.93273,-4.96574],[37.93456,-4.9664],[37.93519,-4.96774],[37.93738,-4.96727],[37.93823,-4.96862],[37.94011,-4.96685],[37.94169,-4.96725],[37.94497,-4.96288],[37.93281,-4.94674],[37.92685,-4.93096],[37.90785,-4.86773],[37.91624,-4.79559],[37.93034,-4.80639],[37.95626,-4.80986],[37.97609,-4.77988],[37.98278,-4.77946],[37.98462,-4.77798],[37.98808,-4.77718],[37.99018,-4.77402],[37.99246,-4.77266],[37.99364,-4.76969],[38.00079,-4.76634]]]},"properties":{"region":"Tanga","district":"Korogwe","ward":"Mkalamo","ward_code":"141"}},{"type":"Feature","geometry":{"type":"Polygon","coordinates":[[[38.27386,-4.84823],[38.25521,-4.86604],[38.24266,-4.87069],[38.23896,-4.8706],[38.23548,-4.87313],[38.22841,-4.87135],[38.22656,-4.8652],[38.22184,-4.86301],[38.21959,-4.86626],[38.2232,-4.87079],[38.22282,-4.87461],[38.22131,-4.87682],[38.21888,-4.87641],[38.2145,-4.88152],[38.21038,-4.88292],[38.20695,-4.88722],[38.20579,-4.88768],[38.2031,-4.88663],[38.18066,-4.89662],[38.17583,-4.89638],[38.1703,-4.90082],[38.14929,-4.87733],[38.15088,-4.86732],[38.13696,-4.84223],[38.13715,-4.80909],[38.15732,-4.80333],[38.16829,-4.80265],[38.17489,-4.79944],[38.18823,-4.79639],[38.19277,-4.78945],[38.2012,-4.78424],[38.21108,-4.77385],[38.234,-4.7673],[38.24139,-4.77978],[38.24553,-4.81146],[38.27386,-4.84823]]]},"properties":{"region":"Tanga","district":"Korogwe","ward":"Mazinde","ward_code":"153"}},{"type":"Feature","geometry":{"type":"Polygon","coordinates":[[[38.14039,-4.60341],[38.13517,-4.64364],[38.12904,-4.65837],[38.10533,-4.67729],[38.11322,-4.69216],[38.11934,-4.6994],[38.12416,-4.7033],[38.11162,-4.71995],[38.10425,-4.72473],[38.13521,-4.76761],[38.13521,-4.77403],[38.11994,-4.77029],[38.07452,-4.77303],[38.05137,-4.76696],[38.01967,-4.77303],[38.01663,-4.77285],[38.01336,-4.76985],[38.00774,-4.77081],[38.00079,-4.76634],[37.99364,-4.76969],[37.99246,-4.77266],[37.99018,-4.77402],[37.98808,-4.77718],[37.98462,-4.77798],[37.98278,-4.77946],[37.97609,-4.77988],[37.95626,-4.80986],[37.93034,-4.80639],[37.91624,-4.79559],[37.93872,-4.70783],[37.99571,-4.70643],[37.99435,-4.67446],[38.0003,-4.62224],[37.99934,-4.61512],[38.00384,-4.61829],[38.00924,-4.61598],[38.01436,-4.61084],[38.01698,-4.60357],[38.02663,-4.60402],[38.0353,-4.60003],[38.03817,-4.59582],[38.04364,-4.60694],[38.04835,-4.61414],[38.05062,-4.61603],[38.05942,-4.61522],[38.07478,-4.61546],[38.07615,-4.61629],[38.08469,-4.61388],[38.10452,-4.60202],[38.10518,-4.60057],[38.10987,-4.59698],[38.11109,-4.5937],[38.14039,-4.60341]]]},"properties":{"region":"Tanga","district":"Korogwe","ward":"Mkomazi","ward_code":"161"}},{"type":"Feature","geometry":{"type":"Polygon","coordinates":[[[38.19904,-4.99956],[38.23397,-5.02274],[38.26727,-5.00742],[38.26505,-5.03126],[38.2713,-5.04846],[38.26735,-5.06538],[38.27067,-5.0797],[38.28436,-5.07016],[38.2966,-5.06528],[38.30229,-5.05438],[38.30763,-5.05913],[38.31035,-5.06419],[38.31588,-5.06943],[38.3178,-5.07505],[38.31642,-5.07902],[38.31981,-5.0874],[38.32275,-5.08852],[38.32358,-5.09049],[38.32586,-5.09067],[38.32666,-5.09217],[38.32891,-5.09157],[38.32993,-5.09275],[38.33281,-5.09197],[38.33362,-5.09413],[38.33566,-5.09503],[38.3396,-5.09473],[38.34047,-5.0966],[38.34255,-5.09741],[38.34333,-5.10157],[38.34452,-5.10179],[38.34492,-5.10326],[38.34709,-5.10414],[38.34821,-5.10596],[38.35248,-5.10739],[38.35592,-5.11187],[38.3578,-5.12645],[38.35931,-5.12959],[38.36226,-5.12924],[38.36514,-5.12665],[38.36972,-5.13301],[38.37581,-5.13268],[38.38055,-5.13626],[38.38766,-5.13486],[38.39099,-5.13556],[38.40113,-5.135],[38.40075,-5.13741],[38.39936,-5.13656],[38.39629,-5.13987],[38.38632,-5.14358],[38.38401,-5.14989],[38.37693,-5.15606],[38.37847,-5.16408],[38.38522,-5.16659],[38.39091,-5.1745],[38.39911,-5.17798],[38.39512,-5.18461],[38.38771,-5.2027],[38.38005,-5.19417],[38.36931,-5.19475],[38.36075,-5.20026],[38.35629,-5.19777],[38.33022,-5.19114],[38.32499,-5.19097],[38.31834,-5.18816],[38.29472,-5.19273],[38.28853,-5.19061],[38.28458,-5.19034],[38.27947,-5.18734],[38.27766,-5.18753],[38.27417,-5.18503],[38.27259,-5.17963],[38.26069,-5.17929],[38.25571,-5.18022],[38.2464,-5.17654],[38.23345,-5.17959],[38.22472,-5.17736],[38.2101,-5.15772],[38.17937,-5.14145],[38.18822,-5.10665],[38.19077,-5.08083],[38.19732,-5.0357],[38.20252,-5.00849],[38.19904,-4.99956]]]},"properties":{"region":"Tanga","district":"Korogwe","ward":"Mswaha","ward_code":"191"}},{"type":"Feature","geometry":{"type":"Polygon","coordinates":[[[38.18884,-4.92154],[38.21404,-4.92779],[38.2414,-4.92693],[38.24298,-4.92575],[38.24922,-4.92554],[38.25449,-4.92112],[38.26209,-4.92012],[38.26675,-4.9274],[38.27109,-4.93062],[38.27168,-4.93491],[38.27807,-4.94575],[38.28062,-4.95215],[38.28321,-4.9546],[38.28333,-4.95666],[38.28235,-4.95727],[38.28308,-4.95978],[38.28206,-4.95972],[38.28167,-4.96454],[38.27615,-4.96819],[38.27573,-4.97878],[38.26884,-4.98674],[38.2644,-4.99797],[38.24984,-4.99731],[38.22403,-4.9933],[38.21288,-4.9935],[38.20391,-5.0028],[38.19904,-4.99956],[38.20252,-5.00849],[38.19732,-5.0357],[38.19077,-5.08083],[38.18822,-5.10665],[38.17937,-5.14145],[38.14743,-5.12453],[38.12304,-5.1193],[38.12295,-5.10943],[38.13493,-5.0863],[38.13402,-5.06726],[38.15074,-5.06991],[38.15264,-5.06188],[38.14597,-5.03636],[38.14558,-5.01944],[38.13904,-5.01769],[38.13802,-5.0015],[38.14579,-4.9755],[38.15489,-4.96069],[38.15943,-4.95786],[38.15125,-4.90819],[38.14719,-4.89063],[38.14929,-4.87733],[38.18884,-4.92154]]]},"properties":{"region":"Tanga","district":"Korogwe","ward":"Magamba Kwalukonge","ward_code":"201"}},{"type":"Feature","geometry":{"type":"Polygon","coordinates":[[[38.15732,-4.80333],[38.13715,-4.80909],[38.13521,-4.76761],[38.10425,-4.72473],[38.11162,-4.71995],[38.12416,-4.7033],[38.11934,-4.6994],[38.11322,-4.69216],[38.10533,-4.67729],[38.12904,-4.65837],[38.13517,-4.64364],[38.14039,-4.60341],[38.18017,-4.61659],[38.1866,-4.62011],[38.193,-4.62804],[38.18809,-4.63152],[38.18189,-4.64753],[38.18007,-4.65574],[38.18391,-4.66],[38.18316,-4.6613],[38.18361,-4.67739],[38.18687,-4.69579],[38.19091,-4.70397],[38.21933,-4.7425],[38.234,-4.7673],[38.21108,-4.77385],[38.2012,-4.78424],[38.19277,-4.78945],[38.18823,-4.79639],[38.17489,-4.79944],[38.16829,-4.80265],[38.15732,-4.80333]]]},"properties":{"region":"Tanga","district":"Korogwe","ward":"Mkumbara","ward_code":"213"}},{"type":"Feature","geometry":{"type":"Polygon","coordinates":[[[38.35038,-5.08369],[38.35793,-5.09397],[38.36462,-5.09819],[38.37076,-5.10479],[38.38175,-5.106],[38.39413,-5.11526],[38.39468,-5.1184],[38.39635,-5.11989],[38.39525,-5.12116],[38.39613,-5.12238],[38.39551,-5.12444],[38.40045,-5.1264],[38.40326,-5.13235],[38.40113,-5.135],[38.39099,-5.13556],[38.38766,-5.13486],[38.38055,-5.13626],[38.37581,-5.13268],[38.36972,-5.13301],[38.36514,-5.12665],[38.36226,-5.12924],[38.35931,-5.12959],[38.3578,-5.12645],[38.35592,-5.11187],[38.35248,-5.10739],[38.34821,-5.10596],[38.34709,-5.10414],[38.34492,-5.10326],[38.34452,-5.10179],[38.34333,-5.10157],[38.34255,-5.09741],[38.34047,-5.0966],[38.3396,-5.09473],[38.33566,-5.09503],[38.33362,-5.09413],[38.33281,-5.09197],[38.32993,-5.09275],[38.32891,-5.09157],[38.32666,-5.09217],[38.32586,-5.09067],[38.32358,-5.09049],[38.32275,-5.08852],[38.31977,-5.08733],[38.32241,-5.08131],[38.32726,-5.07384],[38.32901,-5.07335],[38.33458,-5.0674],[38.33581,-5.06287],[38.34485,-5.05961],[38.34508,-5.06357],[38.34836,-5.06965],[38.34841,-5.0779],[38.35038,-5.08369]]]},"properties":{"region":"Tanga","district":"Korogwe","ward":"Magila Gereza","ward_code":"221"}},{"type":"Feature","geometry":{"type":"Polygon","coordinates":[[[38.45148,-5.04363],[38.44986,-5.05298],[38.45401,-5.06116],[38.45717,-5.06408],[38.46015,-5.06956],[38.46885,-5.07116],[38.47048,-5.07849],[38.46313,-5.08629],[38.4519,-5.09409],[38.45402,-5.12185],[38.45155,-5.12398],[38.44777,-5.12411],[38.44487,-5.12206],[38.43785,-5.12387],[38.43203,-5.12196],[38.42783,-5.11937],[38.41745,-5.1235],[38.41338,-5.12008],[38.4075,-5.09861],[38.41018,-5.09816],[38.41447,-5.10178],[38.42012,-5.10311],[38.4239,-5.09551],[38.4249,-5.08607],[38.41883,-5.07729],[38.41191,-5.07788],[38.40704,-5.07668],[38.40103,-5.08066],[38.40021,-5.07459],[38.39534,-5.07175],[38.3915,-5.06332],[38.39282,-5.05978],[38.39261,-5.05733],[38.39385,-5.05669],[38.3924,-5.05456],[38.39242,-5.05145],[38.39316,-5.05081],[38.39784,-5.05125],[38.40503,-5.04926],[38.42427,-5.04854],[38.43151,-5.04552],[38.43235,-5.04615],[38.43788,-5.04461],[38.44291,-5.04528],[38.44434,-5.04407],[38.44567,-5.04496],[38.45148,-5.04363]]]},"properties":{"region":"Tanga","district":"Korogwe","ward":"Vugiri","ward_code":"071"}},{"type":"Feature","geometry":{"type":"Polygon","coordinates":[[[38.42273,-4.95241],[38.43114,-4.95644],[38.44064,-4.955],[38.4438,-4.95696],[38.44805,-4.95747],[38.44829,-4.95829],[38.4473,-4.9586],[38.44827,-4.95973],[38.44659,-4.96161],[38.44468,-4.96076],[38.44413,-4.9616],[38.44488,-4.96181],[38.44417,-4.9645],[38.44655,-4.96694],[38.44635,-4.96979],[38.44543,-4.97091],[38.4452,-4.96992],[38.44269,-4.96935],[38.44095,-4.97058],[38.44149,-4.97232],[38.44075,-4.97281],[38.43984,-4.9702],[38.43889,-4.97091],[38.43969,-4.97701],[38.43811,-4.97854],[38.43668,-4.98452],[38.43871,-4.98709],[38.43553,-4.98782],[38.43618,-4.98811],[38.43453,-4.99208],[38.43237,-4.99311],[38.43209,-4.99443],[38.43424,-4.99466],[38.43409,-4.99752],[38.43766,-5.00091],[38.44255,-5.0017],[38.44329,-5.00384],[38.44434,-5.00254],[38.44322,-5.00755],[38.4442,-5.01329],[38.44659,-5.01323],[38.43775,-5.02233],[38.43343,-5.01899],[38.42645,-5.01801],[38.42445,-5.01519],[38.4233,-5.00743],[38.41876,-5.00657],[38.41359,-5.00949],[38.40835,-5.00817],[38.3996,-5.00256],[38.3978,-5.0],[38.39516,-5.0002],[38.39951,-4.98986],[38.40023,-4.97804],[38.39822,-4.9754],[38.39899,-4.97272],[38.39816,-4.96944],[38.39962,-4.9668],[38.39854,-4.96498],[38.40037,-4.96307],[38.40718,-4.96005],[38.41379,-4.95961],[38.42273,-4.95241]]]},"properties":{"region":"Tanga","district":"Korogwe","ward":"Dindira","ward_code":"081"}},{"type":"Feature","geometry":{"type":"Polygon","coordinates":[[[38.39457,-5.01518],[38.39843,-5.01551],[38.40028,-5.01869],[38.40395,-5.02095],[38.40797,-5.02006],[38.40875,-5.0215],[38.40833,-5.025],[38.41045,-5.02838],[38.41435,-5.02945],[38.42127,-5.02795],[38.42222,-5.02912],[38.42125,-5.03563],[38.41489,-5.03714],[38.41477,-5.04373],[38.41705,-5.04608],[38.41514,-5.04872],[38.40503,-5.04926],[38.39784,-5.05125],[38.39316,-5.05081],[38.39242,-5.05145],[38.3924,-5.05456],[38.39385,-5.05669],[38.39261,-5.05733],[38.39282,-5.05978],[38.3915,-5.06332],[38.38919,-5.06546],[38.38559,-5.06529],[38.38224,-5.06872],[38.38141,-5.0641],[38.3764,-5.05994],[38.37287,-5.04967],[38.3711,-5.03919],[38.3725,-5.03437],[38.37072,-5.02665],[38.36111,-5.02342],[38.36044,-5.02006],[38.36612,-5.01724],[38.37109,-5.02012],[38.37359,-5.02051],[38.37329,-5.02184],[38.37621,-5.02418],[38.38312,-5.02349],[38.38964,-5.01984],[38.39457,-5.01518]]]},"properties":{"region":"Tanga","district":"Korogwe","ward":"Bungu","ward_code":"091"}},{"type":"Feature","geometry":{"type":"Polygon","coordinates":[[[38.35382,-5.05942],[38.37129,-5.06198],[38.3764,-5.05994],[38.38141,-5.0641],[38.38224,-5.06872],[38.38559,-5.06529],[38.38919,-5.06546],[38.3915,-5.06332],[38.39534,-5.07175],[38.40021,-5.07459],[38.40103,-5.08066],[38.39887,-5.08189],[38.39192,-5.0824],[38.38573,-5.07989],[38.37885,-5.08017],[38.38265,-5.09415],[38.38175,-5.106],[38.37076,-5.10479],[38.36462,-5.09819],[38.35793,-5.09397],[38.35038,-5.08369],[38.34841,-5.0779],[38.34836,-5.06965],[38.34508,-5.06357],[38.34784,-5.06148],[38.35382,-5.05942]]]},"properties":{"region":"Tanga","district":"Korogwe","ward":"Lutindi","ward_code":"101"}},{"type":"Feature","geometry":{"type":"Polygon","coordinates":[[[38.48893,-4.97927],[38.49143,-4.98072],[38.4936,-4.98023],[38.50122,-4.98518],[38.50621,-4.99246],[38.50651,-4.99898],[38.51005,-5.00411],[38.50603,-5.02203],[38.50017,-5.02637],[38.49818,-5.03702],[38.49982,-5.04275],[38.50657,-5.04711],[38.51097,-5.05913],[38.50913,-5.06598],[38.50979,-5.07088],[38.50299,-5.07618],[38.49556,-5.07737],[38.49023,-5.08212],[38.48595,-5.0879],[38.48537,-5.09476],[38.47649,-5.09787],[38.47371,-5.11429],[38.46525,-5.11506],[38.45679,-5.11947],[38.45402,-5.12185],[38.4519,-5.09409],[38.46313,-5.08629],[38.47048,-5.07849],[38.46885,-5.07116],[38.46015,-5.06956],[38.45717,-5.06408],[38.45401,-5.06116],[38.44986,-5.05298],[38.45148,-5.04363],[38.45943,-5.03607],[38.46135,-5.03277],[38.4741,-5.03306],[38.47622,-5.02614],[38.47613,-5.01527],[38.47352,-4.99512],[38.47395,-4.99141],[38.48192,-4.99103],[38.4819,-4.9867],[38.48893,-4.97927]]]},"properties":{"region":"Tanga","district":"Korogwe","ward":"Kwashemshi","ward_code":"171"}},{"type":"Feature","geometry":{"type":"Polygon","coordinates":[[[38.4525,-4.95727],[38.45408,-4.95862],[38.45752,-4.95827],[38.4651,-4.96758],[38.47737,-4.97317],[38.4807,-4.97688],[38.48893,-4.97927],[38.4819,-4.9867],[38.48192,-4.99103],[38.47395,-4.99141],[38.47352,-4.99512],[38.47613,-5.01527],[38.47622,-5.02614],[38.4741,-5.03306],[38.46135,-5.03277],[38.45943,-5.03607],[38.45148,-5.04363],[38.44567,-5.04496],[38.44434,-5.04407],[38.44367,-5.0449],[38.44117,-5.04114],[38.43771,-5.02425],[38.43775,-5.02233],[38.44659,-5.01323],[38.4442,-5.01329],[38.44322,-5.00755],[38.44446,-5.0029],[38.44329,-5.00384],[38.44255,-5.0017],[38.43766,-5.00091],[38.43409,-4.99752],[38.43424,-4.99466],[38.43209,-4.99443],[38.43237,-4.99311],[38.43453,-4.99208],[38.43618,-4.98811],[38.43553,-4.98782],[38.43871,-4.98709],[38.43668,-4.98452],[38.43811,-4.97854],[38.43969,-4.97701],[38.43889,-4.97091],[38.43984,-4.9702],[38.44075,-4.97281],[38.44149,-4.97232],[38.44095,-4.97058],[38.44269,-4.96935],[38.4452,-4.96992],[38.44543,-4.97091],[38.44655,-4.96694],[38.44417,-4.9645],[38.44488,-4.96181],[38.44413,-4.9616],[38.44468,-4.96076],[38.4458,-4.9617],[38.44723,-4.96109],[38.44827,-4.95973],[38.44715,-4.95907],[38.44813,-4.95865],[38.44805,-4.95747],[38.45011,-4.95815],[38.4525,-4.95727]]]},"properties":{"region":"Tanga","district":"Korogwe","ward":"Mpale","ward_code":"181"}},{"type":"Feature","geometry":{"type":"Polygon","coordinates":[[[38.40835,-5.00817],[38.41359,-5.00949],[38.41876,-5.00657],[38.4233,-5.00743],[38.42445,-5.01519],[38.42645,-5.01801],[38.43343,-5.01899],[38.43775,-5.02233],[38.44117,-5.04114],[38.44367,-5.0449],[38.436,-5.04474],[38.43235,-5.04615],[38.43151,-5.04552],[38.42427,-5.04854],[38.41514,-5.04872],[38.41705,-5.04608],[38.41477,-5.04373],[38.41489,-5.03714],[38.42125,-5.03563],[38.42222,-5.02912],[38.42127,-5.02795],[38.41435,-5.02945],[38.41045,-5.02838],[38.40833,-5.025],[38.40875,-5.0215],[38.40797,-5.02006],[38.40395,-5.02095],[38.40028,-5.01869],[38.39843,-5.01551],[38.39755,-5.01624],[38.39457,-5.01518],[38.38964,-5.01984],[38.38918,-5.01278],[38.39035,-5.00709],[38.39516,-5.0002],[38.3978,-5.0],[38.3996,-5.00256],[38.40835,-5.00817]]]},"properties":{"region":"Tanga","district":"Korogwe","ward":"Mgwashi","ward_code":"231"}},{"type":"Feature","geometry":{"type":"Polygon","coordinates":[[[38.37574,-4.9783],[38.37859,-4.97845],[38.37953,-4.98502],[38.38713,-4.98274],[38.38914,-4.99027],[38.39054,-4.99218],[38.39313,-4.99247],[38.39516,-5.0002],[38.39035,-5.00709],[38.38918,-5.01278],[38.38964,-5.01984],[38.38312,-5.02349],[38.37621,-5.02418],[38.37329,-5.02184],[38.37359,-5.02051],[38.37109,-5.02012],[38.36612,-5.01724],[38.36044,-5.02006],[38.36111,-5.02342],[38.37072,-5.02665],[38.3725,-5.03437],[38.3711,-5.03919],[38.37287,-5.04967],[38.3764,-5.05994],[38.37129,-5.06198],[38.35382,-5.05942],[38.34784,-5.06148],[38.34508,-5.06357],[38.34434,-5.05091],[38.3416,-5.04586],[38.34393,-5.03902],[38.34325,-5.03386],[38.34646,-5.02408],[38.34663,-5.02235],[38.34503,-5.01889],[38.34708,-5.01591],[38.34468,-5.01601],[38.33983,-5.01355],[38.33711,-5.01505],[38.33459,-5.00648],[38.33923,-4.99288],[38.34579,-4.98927],[38.34679,-4.98777],[38.35569,-4.98374],[38.36008,-4.98285],[38.36772,-4.98433],[38.36827,-4.98237],[38.37037,-4.9822],[38.37161,-4.97996],[38.37574,-4.9783]]]},"properties":{"region":"Tanga","district":"Korogwe","ward":"Mlungui","ward_code":"241"}},{"type":"Feature","geometry":{"type":"Polygon","coordinates":[[[38.40704,-5.07668],[38.41191,-5.07788],[38.41883,-5.07729],[38.4249,-5.08607],[38.4239,-5.09551],[38.42012,-5.10311],[38.41447,-5.10178],[38.41018,-5.09816],[38.4075,-5.09861],[38.41338,-5.12008],[38.40591,-5.12542],[38.39971,-5.12648],[38.39551,-5.12444],[38.39613,-5.12238],[38.39525,-5.12116],[38.39635,-5.11989],[38.39468,-5.1184],[38.39413,-5.11526],[38.38175,-5.106],[38.38265,-5.09415],[38.37885,-5.08017],[38.38573,-5.07989],[38.39192,-5.0824],[38.39887,-5.08189],[38.40704,-5.07668]]]},"properties":{"region":"Tanga","district":"Korogwe","ward":"Lewa","ward_code":"291"}},{"type":"Feature","geometry":{"type":"Polygon","coordinates":[[[38.6987,-4.73545],[38.69522,-4.75593],[38.69541,-4.76529],[38.68721,-4.77742],[38.67504,-4.77948],[38.67288,-4.78314],[38.67182,-4.79156],[38.67476,-4.79701],[38.67455,-4.80449],[38.67096,-4.80427],[38.66686,-4.79904],[38.66217,-4.79806],[38.66004,-4.79982],[38.65214,-4.80081],[38.64757,-4.79806],[38.64735,-4.7967],[38.63645,-4.79866],[38.63207,-4.80512],[38.6226,-4.80545],[38.61908,-4.82402],[38.60812,-4.83276],[38.59914,-4.85052],[38.59465,-4.85283],[38.59388,-4.85763],[38.58817,-4.86074],[38.58416,-4.86139],[38.57825,-4.85798],[38.57284,-4.85824],[38.56794,-4.85625],[38.5593,-4.84711],[38.56894,-4.84271],[38.56736,-4.83694],[38.56747,-4.83289],[38.56579,-4.83164],[38.56527,-4.82985],[38.56832,-4.82841],[38.5732,-4.82277],[38.58443,-4.82306],[38.60717,-4.80431],[38.60787,-4.79739],[38.61263,-4.79245],[38.61232,-4.78774],[38.61383,-4.78631],[38.61388,-4.78149],[38.61607,-4.77834],[38.61594,-4.77474],[38.62076,-4.77141],[38.62387,-4.76623],[38.62334,-4.76468],[38.62575,-4.76279],[38.62695,-4.75901],[38.6357,-4.75411],[38.63988,-4.74745],[38.63968,-4.74292],[38.64488,-4.73698],[38.64809,-4.73712],[38.65011,-4.7352],[38.65918,-4.74191],[38.67492,-4.73797],[38.68508,-4.73326],[38.68886,-4.72209],[38.6987,-4.73545]]]},"properties":{"region":"Tanga","district":"Korogwe","ward":"Mashewa","ward_code":"013"}},{"type":"Feature","geometry":{"type":"Polygon","coordinates":[[[38.69166,-4.81324],[38.70358,-4.81552],[38.70441,-4.81672],[38.70359,-4.82282],[38.70869,-4.82679],[38.70856,-4.83089],[38.70253,-4.83328],[38.70554,-4.83755],[38.70132,-4.84522],[38.70043,-4.8535],[38.70254,-4.85501],[38.69769,-4.86091],[38.69246,-4.89057],[38.68076,-4.91059],[38.66841,-4.92732],[38.6517,-4.91971],[38.63729,-4.91713],[38.62567,-4.91302],[38.63498,-4.87716],[38.64619,-4.86045],[38.65913,-4.86366],[38.66187,-4.85808],[38.67213,-4.8523],[38.67179,-4.84973],[38.67371,-4.8447],[38.67896,-4.84025],[38.67701,-4.83239],[38.68328,-4.82207],[38.68269,-4.81561],[38.68681,-4.81139],[38.69166,-4.81324]]]},"properties":{"region":"Tanga","district":"Korogwe","ward":"Kizara","ward_code":"021"}},{"type":"Feature","geometry":{"type":"Polygon","coordinates":[[[38.60449,-4.85054],[38.60907,-4.85431],[38.61239,-4.85412],[38.61432,-4.85946],[38.61056,-4.86763],[38.60913,-4.87404],[38.61006,-4.89559],[38.60498,-4.90911],[38.61207,-4.90596],[38.61769,-4.90778],[38.62567,-4.91302],[38.62231,-4.92129],[38.62344,-4.9343],[38.62038,-4.94579],[38.61036,-4.94446],[38.59988,-4.94737],[38.59271,-4.94576],[38.58753,-4.947],[38.58576,-4.93678],[38.57651,-4.92957],[38.5707,-4.9315],[38.56414,-4.9377],[38.56023,-4.94685],[38.55994,-4.95625],[38.55726,-4.96325],[38.55045,-4.96911],[38.54869,-4.97797],[38.54597,-4.98205],[38.55025,-4.98919],[38.54892,-4.99348],[38.54565,-4.99532],[38.54818,-5.00372],[38.51466,-4.98895],[38.52135,-4.9714],[38.52766,-4.96827],[38.52999,-4.96275],[38.52936,-4.96078],[38.53128,-4.95875],[38.54043,-4.926],[38.55864,-4.90238],[38.56482,-4.87173],[38.5615,-4.87143],[38.5648,-4.87173],[38.56794,-4.85625],[38.57284,-4.85824],[38.57825,-4.85798],[38.58416,-4.86139],[38.58817,-4.86074],[38.59388,-4.85763],[38.59465,-4.85283],[38.59914,-4.85052],[38.60449,-4.85054]]]},"properties":{"region":"Tanga","district":"Korogwe","ward":"Magoma","ward_code":"033"}},{"type":"Feature","geometry":{"type":"Polygon","coordinates":[[[38.55693,-4.97353],[38.5602,-4.97803],[38.56462,-4.97736],[38.56896,-4.98145],[38.57312,-4.98198],[38.58153,-4.98966],[38.58469,-4.98922],[38.59012,-4.99433],[38.60922,-4.99723],[38.59768,-5.00209],[38.58946,-5.01918],[38.58834,-5.04387],[38.58119,-5.05343],[38.57263,-5.05183],[38.56859,-5.0526],[38.56527,-5.0512],[38.56391,-5.05222],[38.5608,-5.05081],[38.55771,-5.05087],[38.55316,-5.04914],[38.5533,-5.04698],[38.54807,-5.04546],[38.53093,-5.04789],[38.51938,-5.04673],[38.51409,-5.0521],[38.51097,-5.05913],[38.50657,-5.04711],[38.49982,-5.04275],[38.49818,-5.03702],[38.50017,-5.02637],[38.50603,-5.02203],[38.50909,-5.01044],[38.51005,-5.00411],[38.50651,-4.99898],[38.50621,-4.99246],[38.51001,-4.99427],[38.51314,-4.99324],[38.51466,-4.98895],[38.54818,-5.00372],[38.54565,-4.99532],[38.54892,-4.99348],[38.55025,-4.98919],[38.54597,-4.98205],[38.54869,-4.97797],[38.55045,-4.96911],[38.55693,-4.97353]]]},"properties":{"region":"Tanga","district":"Korogwe","ward":"Kerenge","ward_code":"041"}},{"type":"Feature","geometry":{"type":"Polygon","coordinates":[[[38.76067,-4.49369],[38.75879,-4.50655],[38.76147,-4.51442],[38.77406,-4.5176],[38.77842,-4.5167],[38.78109,-4.51788],[38.7899,-4.51763],[38.78839,-4.51877],[38.78874,-4.52013],[38.78657,-4.52123],[38.78682,-4.52391],[38.78429,-4.52554],[38.7851,-4.52698],[38.78373,-4.52755],[38.78214,-4.53169],[38.7844,-4.53253],[38.78427,-4.53422],[38.78501,-4.53367],[38.78528,-4.53829],[38.7841,-4.54035],[38.78346,-4.53982],[38.78414,-4.5383],[38.78185,-4.53637],[38.77907,-4.53817],[38.78006,-4.54],[38.77863,-4.54079],[38.78237,-4.54516],[38.77974,-4.54542],[38.78005,-4.54722],[38.779,-4.54869],[38.78049,-4.55135],[38.77599,-4.55218],[38.77697,-4.55353],[38.77492,-4.55284],[38.77424,-4.55447],[38.77563,-4.55557],[38.77413,-4.55643],[38.77572,-4.55912],[38.7754,-4.56184],[38.76724,-4.56412],[38.76744,-4.56692],[38.76392,-4.56827],[38.76191,-4.57453],[38.76079,-4.57348],[38.76123,-4.57668],[38.7599,-4.57688],[38.7592,-4.57846],[38.76145,-4.57809],[38.76009,-4.59272],[38.763,-4.59842],[38.7588,-4.60042],[38.75999,-4.6069],[38.75612,-4.60689],[38.75064,-4.62111],[38.75488,-4.62564],[38.75777,-4.63999],[38.75766,-4.64901],[38.75655,-4.65388],[38.75907,-4.66264],[38.75081,-4.66407],[38.74671,-4.66052],[38.73667,-4.662],[38.73435,-4.66794],[38.73285,-4.66689],[38.73029,-4.66786],[38.73033,-4.66969],[38.72747,-4.67125],[38.72752,-4.67575],[38.73434,-4.67632],[38.73386,-4.68221],[38.73916,-4.68473],[38.73774,-4.68865],[38.74511,-4.68603],[38.74581,-4.69234],[38.74316,-4.69644],[38.74811,-4.70371],[38.75488,-4.70732],[38.75604,-4.7093],[38.7551,-4.71373],[38.75617,-4.71493],[38.752,-4.72287],[38.7423,-4.72336],[38.73353,-4.72936],[38.73337,-4.73541],[38.73795,-4.73898],[38.73306,-4.74939],[38.72986,-4.7597],[38.72405,-4.77192],[38.72145,-4.77467],[38.71947,-4.78086],[38.7158,-4.78361],[38.71468,-4.78683],[38.71591,-4.78935],[38.71418,-4.79359],[38.70875,-4.80045],[38.70757,-4.80865],[38.70441,-4.81672],[38.70358,-4.81552],[38.69166,-4.81324],[38.68681,-4.81139],[38.67455,-4.80449],[38.67476,-4.79701],[38.67182,-4.79156],[38.67288,-4.78314],[38.67504,-4.77948],[38.68721,-4.77742],[38.69541,-4.76529],[38.69522,-4.75593],[38.6987,-4.73545],[38.68547,-4.71627],[38.67944,-4.71199],[38.67232,-4.70855],[38.66885,-4.69957],[38.66743,-4.69855],[38.66422,-4.69827],[38.66273,-4.69661],[38.66038,-4.69043],[38.66048,-4.68681],[38.66665,-4.68434],[38.6709,-4.68538],[38.67262,-4.68472],[38.68047,-4.67958],[38.6812,-4.6759],[38.6884,-4.67331],[38.69274,-4.66604],[38.6931,-4.66072],[38.6942,-4.65831],[38.70134,-4.66018],[38.70697,-4.66015],[38.71094,-4.65883],[38.71503,-4.65515],[38.72177,-4.64072],[38.7263,-4.63433],[38.72619,-4.62428],[38.7239,-4.61372],[38.71448,-4.60702],[38.713,-4.59438],[38.71809,-4.51557],[38.72441,-4.51691],[38.72347,-4.51513],[38.72395,-4.51346],[38.72765,-4.51221],[38.72868,-4.51146],[38.72885,-4.50953],[38.73147,-4.50913],[38.7328,-4.50714],[38.736,-4.50788],[38.73943,-4.50467],[38.73977,-4.50091],[38.7385,-4.49924],[38.73933,-4.498],[38.7441,-4.49722],[38.74733,-4.49374],[38.75048,-4.49567],[38.75566,-4.49679],[38.75794,-4.49625],[38.76067,-4.49369]]]},"properties":{"region":"Tanga","district":"Korogwe","ward":"Kalalani","ward_code":"251"}},{"type":"Feature","geometry":{"type":"Polygon","coordinates":[[[38.64757,-4.79806],[38.65214,-4.80081],[38.66004,-4.79982],[38.66217,-4.79806],[38.66686,-4.79904],[38.67096,-4.80427],[38.67455,-4.80449],[38.68681,-4.81139],[38.68269,-4.81561],[38.68328,-4.82207],[38.67701,-4.83239],[38.67896,-4.84025],[38.67371,-4.8447],[38.67179,-4.84973],[38.67213,-4.8523],[38.66187,-4.85808],[38.65913,-4.86366],[38.64619,-4.86045],[38.63498,-4.87716],[38.62567,-4.91302],[38.61769,-4.90778],[38.61207,-4.90596],[38.60498,-4.90911],[38.61006,-4.89559],[38.60913,-4.87404],[38.61056,-4.86763],[38.61432,-4.85946],[38.61239,-4.85412],[38.60907,-4.85431],[38.60449,-4.85054],[38.59914,-4.85052],[38.60812,-4.83276],[38.61908,-4.82402],[38.6226,-4.80545],[38.63207,-4.80512],[38.63645,-4.79866],[38.64735,-4.7967],[38.64757,-4.79806]]]},"properties":{"region":"Tanga","district":"Korogwe","ward":"Foroforo","ward_code":"261"}},{"type":"Feature","geometry":{"type":"Polygon","coordinates":[[[38.66841,-4.92732],[38.63481,-4.97834],[38.62616,-4.98678],[38.61586,-4.99444],[38.60922,-4.99723],[38.59012,-4.99433],[38.58469,-4.98922],[38.58153,-4.98966],[38.57312,-4.98198],[38.56896,-4.98145],[38.56462,-4.97736],[38.5602,-4.97803],[38.55693,-4.97353],[38.55045,-4.96911],[38.55726,-4.96325],[38.55994,-4.95625],[38.56023,-4.94685],[38.56414,-4.9377],[38.5707,-4.9315],[38.57651,-4.92957],[38.58576,-4.93678],[38.58753,-4.947],[38.59271,-4.94576],[38.59988,-4.94737],[38.61036,-4.94446],[38.62038,-4.94579],[38.62344,-4.9343],[38.62231,-4.92129],[38.62567,-4.91302],[38.63729,-4.91713],[38.6517,-4.91971],[38.66841,-4.92732]]]},"properties":{"region":"Tanga","district":"Korogwe","ward":"Makumba","ward_code":"271"}},{"type":"Feature","geometry":{"type":"Polygon","coordinates":[[[38.55316,-5.04914],[38.56391,-5.05222],[38.56527,-5.0512],[38.56859,-5.0526],[38.57263,-5.05183],[38.58119,-5.05343],[38.57609,-5.06024],[38.5706,-5.0713],[38.57002,-5.08657],[38.57549,-5.09991],[38.57483,-5.10488],[38.57755,-5.1431],[38.58039,-5.16099],[38.58838,-5.17057],[38.59192,-5.1787],[38.58695,-5.18202],[38.58318,-5.18771],[38.57976,-5.1877],[38.57663,-5.19286],[38.57289,-5.19681],[38.57041,-5.19638],[38.56956,-5.19875],[38.56107,-5.18967],[38.55041,-5.19929],[38.54766,-5.19904],[38.54346,-5.20235],[38.54393,-5.20035],[38.54257,-5.19964],[38.5417,-5.19634],[38.54309,-5.195],[38.54265,-5.1932],[38.54077,-5.19287],[38.54034,-5.19534],[38.53647,-5.197],[38.53246,-5.19745],[38.53033,-5.19615],[38.52717,-5.19807],[38.52767,-5.20054],[38.53169,-5.20081],[38.53156,-5.20183],[38.5293,-5.20269],[38.52275,-5.19813],[38.52351,-5.19412],[38.52741,-5.19463],[38.52769,-5.19284],[38.52974,-5.19031],[38.52574,-5.186],[38.52248,-5.1878],[38.52102,-5.19206],[38.51895,-5.18826],[38.51534,-5.18655],[38.51438,-5.18454],[38.5156,-5.18284],[38.51668,-5.18301],[38.51718,-5.18107],[38.51602,-5.17748],[38.51944,-5.17414],[38.52089,-5.17122],[38.51929,-5.17066],[38.52053,-5.16904],[38.52039,-5.16692],[38.51709,-5.15633],[38.51357,-5.15417],[38.51288,-5.14935],[38.50866,-5.14744],[38.50967,-5.14075],[38.50919,-5.13818],[38.51162,-5.13695],[38.51115,-5.13565],[38.50975,-5.13537],[38.50945,-5.1319],[38.51252,-5.13051],[38.51274,-5.1277],[38.51648,-5.12379],[38.51592,-5.1179],[38.51709,-5.11301],[38.5224,-5.11092],[38.5245,-5.10487],[38.52819,-5.10063],[38.5259,-5.09721],[38.52694,-5.09261],[38.53203,-5.08835],[38.541,-5.07785],[38.54048,-5.07397],[38.54515,-5.06197],[38.55112,-5.05725],[38.55316,-5.04914]]]},"properties":{"region":"Tanga","district":"Korogwe","ward":"Kwagunda","ward_code":"051"}},{"type":"Feature","geometry":{"type":"Polygon","coordinates":[[[38.59192,-5.1787],[38.60445,-5.20446],[38.60712,-5.21304],[38.60986,-5.23419],[38.6149,-5.24241],[38.61051,-5.24479],[38.60565,-5.24286],[38.59993,-5.24207],[38.59138,-5.23506],[38.586,-5.23728],[38.58243,-5.23533],[38.58249,-5.23379],[38.58131,-5.23347],[38.56802,-5.23491],[38.55975,-5.2375],[38.5606,-5.22829],[38.56259,-5.22408],[38.55988,-5.22116],[38.55966,-5.21909],[38.55667,-5.2175],[38.55434,-5.21889],[38.55268,-5.21783],[38.5513,-5.21432],[38.55205,-5.21276],[38.54901,-5.20995],[38.5475,-5.21239],[38.54261,-5.21285],[38.54014,-5.21091],[38.53825,-5.20779],[38.53783,-5.20371],[38.54198,-5.201],[38.54346,-5.20235],[38.54766,-5.19904],[38.55041,-5.19929],[38.56107,-5.18967],[38.56956,-5.19875],[38.57041,-5.19638],[38.57289,-5.19681],[38.57663,-5.19286],[38.57976,-5.1877],[38.58318,-5.18771],[38.58695,-5.18202],[38.59192,-5.1787]]]},"properties":{"region":"Tanga","district":"Korogwe","ward":"Mnyuzi","ward_code":"063"}},{"type":"Feature","geometry":{"type":"Polygon","coordinates":[[[38.58243,-5.23533],[38.586,-5.23728],[38.59138,-5.23506],[38.59993,-5.24207],[38.60565,-5.24286],[38.61051,-5.24479],[38.6149,-5.24241],[38.61505,-5.2473],[38.6202,-5.25336],[38.62536,-5.26228],[38.6318,-5.2683],[38.63173,-5.27305],[38.62839,-5.27763],[38.62638,-5.28297],[38.62671,-5.29051],[38.62819,-5.29294],[38.63058,-5.30743],[38.6302,-5.31184],[38.6266,-5.31505],[38.62752,-5.3273],[38.62876,-5.33058],[38.62821,-5.3357],[38.6328,-5.34502],[38.6325,-5.35185],[38.63351,-5.36084],[38.636,-5.36881],[38.63459,-5.37253],[38.61414,-5.36278],[38.61183,-5.36309],[38.59798,-5.34353],[38.57552,-5.3149],[38.57587,-5.31203],[38.58002,-5.30497],[38.56145,-5.30021],[38.5603,-5.29892],[38.55777,-5.29921],[38.5578,-5.29707],[38.56118,-5.29237],[38.5682,-5.28812],[38.56725,-5.28584],[38.56909,-5.28377],[38.56741,-5.27846],[38.56483,-5.27502],[38.56465,-5.27032],[38.56246,-5.27019],[38.56131,-5.26784],[38.56075,-5.26248],[38.56272,-5.26058],[38.5617,-5.25467],[38.5592,-5.2514],[38.55603,-5.25169],[38.55357,-5.2507],[38.55113,-5.24753],[38.54886,-5.24641],[38.55297,-5.2447],[38.55401,-5.23982],[38.55651,-5.23676],[38.55818,-5.23694],[38.55849,-5.23846],[38.56802,-5.23491],[38.58131,-5.23347],[38.58249,-5.23379],[38.58243,-5.23533]]]},"properties":{"region":"Tanga","district":"Korogwe","ward":"Hale","ward_code":"283"}},{"type":"Feature","geometry":{"type":"Polygon","coordinates":[[[38.41831,-5.15476],[38.42042,-5.15919],[38.42032,-5.16419],[38.42292,-5.16559],[38.42626,-5.163],[38.43106,-5.16152],[38.43455,-5.15786],[38.43722,-5.16115],[38.43523,-5.1642],[38.43774,-5.18469],[38.42859,-5.19148],[38.42492,-5.19949],[38.42599,-5.20435],[38.42392,-5.20905],[38.42773,-5.21316],[38.42303,-5.21501],[38.41455,-5.21337],[38.40264,-5.20672],[38.38771,-5.2027],[38.39512,-5.18461],[38.39911,-5.17798],[38.39091,-5.1745],[38.38522,-5.16659],[38.37847,-5.16408],[38.37693,-5.15606],[38.38401,-5.14989],[38.38632,-5.14358],[38.39629,-5.13987],[38.39936,-5.13656],[38.4057,-5.14082],[38.40632,-5.14211],[38.40982,-5.14223],[38.41717,-5.14828],[38.41831,-5.15476]]]},"properties":{"region":"Tanga","district":"Korogwe","ward":"Mgombezi","ward_code":"013"}},{"type":"Feature","geometry":{"type":"Polygon","coordinates":[[[38.42783,-5.11937],[38.43785,-5.12387],[38.44487,-5.12206],[38.44777,-5.12411],[38.45155,-5.12398],[38.44936,-5.12771],[38.4508,-5.13799],[38.44955,-5.14461],[38.44599,-5.15087],[38.445,-5.15505],[38.44157,-5.15799],[38.4414,-5.16032],[38.43722,-5.16115],[38.43455,-5.15786],[38.43106,-5.16152],[38.42626,-5.163],[38.42292,-5.16559],[38.42032,-5.16419],[38.42042,-5.15919],[38.41831,-5.15476],[38.41717,-5.14828],[38.40982,-5.14223],[38.40632,-5.14211],[38.40075,-5.13741],[38.40113,-5.135],[38.40326,-5.13235],[38.40045,-5.1264],[38.40591,-5.12542],[38.41338,-5.12008],[38.41745,-5.1235],[38.42783,-5.11937]]]},"properties":{"region":"Tanga","district":"Korogwe","ward":"Mtonga","ward_code":"022"}},{"type":"Feature","geometry":{"type":"Polygon","coordinates":[[[38.47575,-5.13524],[38.47618,-5.13885],[38.47457,-5.13901],[38.4743,-5.14071],[38.4719,-5.1406],[38.47058,-5.14156],[38.46472,-5.14769],[38.46319,-5.14687],[38.46461,-5.13931],[38.45953,-5.13831],[38.4587,-5.13889],[38.45643,-5.13701],[38.45281,-5.13691],[38.45369,-5.1337],[38.45005,-5.13263],[38.44936,-5.12771],[38.45155,-5.12398],[38.45679,-5.11947],[38.46525,-5.11506],[38.47371,-5.11429],[38.48036,-5.11695],[38.48012,-5.12187],[38.47797,-5.12475],[38.4817,-5.12924],[38.47795,-5.13099],[38.47575,-5.13524]]]},"properties":{"region":"Tanga","district":"Korogwe","ward":"Magunga","ward_code":"032"}},{"type":"Feature","geometry":{"type":"Polygon","coordinates":[[[38.5533,-5.04698],[38.55112,-5.05725],[38.54515,-5.06197],[38.54048,-5.07397],[38.541,-5.07785],[38.53203,-5.08835],[38.5165,-5.101],[38.50809,-5.11286],[38.49047,-5.11748],[38.4817,-5.12924],[38.47797,-5.12475],[38.48012,-5.12187],[38.48036,-5.11695],[38.47371,-5.11429],[38.47649,-5.09787],[38.48537,-5.09476],[38.48595,-5.0879],[38.49023,-5.08212],[38.49556,-5.07737],[38.50299,-5.07618],[38.50979,-5.07088],[38.50913,-5.06598],[38.51045,-5.06029],[38.51409,-5.0521],[38.51938,-5.04673],[38.53093,-5.04789],[38.54807,-5.04546],[38.5533,-5.04698]]]},"properties":{"region":"Tanga","district":"Korogwe","ward":"Kwamndolwa","ward_code":"041"}},{"type":"Feature","geometry":{"type":"Polygon","coordinates":[[[38.50975,-5.13537],[38.51115,-5.13565],[38.51162,-5.13695],[38.50919,-5.13818],[38.50967,-5.14075],[38.50866,-5.14744],[38.51288,-5.14935],[38.51357,-5.15417],[38.51709,-5.15633],[38.52039,-5.16692],[38.52053,-5.16904],[38.51929,-5.17066],[38.52089,-5.17122],[38.51944,-5.17414],[38.51602,-5.17748],[38.51401,-5.17705],[38.51165,-5.17436],[38.50397,-5.17139],[38.49801,-5.16656],[38.49645,-5.16642],[38.49531,-5.16559],[38.49587,-5.16272],[38.48947,-5.1574],[38.48577,-5.15633],[38.47887,-5.15634],[38.47644,-5.1552],[38.47577,-5.15605],[38.47731,-5.16182],[38.47606,-5.16338],[38.47644,-5.16546],[38.46286,-5.16781],[38.46186,-5.15483],[38.46258,-5.15005],[38.47058,-5.14156],[38.4719,-5.1406],[38.4743,-5.14071],[38.47457,-5.13901],[38.47618,-5.13885],[38.47575,-5.13524],[38.47795,-5.13099],[38.4817,-5.12924],[38.49047,-5.11748],[38.50809,-5.11286],[38.5165,-5.101],[38.52694,-5.09261],[38.5259,-5.09721],[38.52819,-5.10063],[38.5245,-5.10487],[38.5224,-5.11092],[38.51709,-5.11301],[38.51592,-5.1179],[38.51648,-5.12379],[38.51274,-5.1277],[38.51252,-5.13051],[38.50945,-5.1319],[38.50975,-5.13537]]]},"properties":{"region":"Tanga","district":"Korogwe","ward":"Old Korogwe","ward_code":"051"}},{"type":"Feature","geometry":{"type":"Polygon","coordinates":[[[38.45386,-5.14372],[38.46101,-5.14571],[38.46472,-5.14769],[38.45893,-5.15672],[38.4572,-5.15777],[38.45366,-5.15788],[38.45355,-5.161],[38.445,-5.15505],[38.44599,-5.15087],[38.44955,-5.14461],[38.45386,-5.14372]]]},"properties":{"region":"Tanga","district":"Korogwe","ward":"Manundu","ward_code":"062"}},{"type":"Feature","geometry":{"type":"Polygon","coordinates":[[[38.47644,-5.1552],[38.47887,-5.15634],[38.48577,-5.15633],[38.48947,-5.1574],[38.49587,-5.16272],[38.49531,-5.16559],[38.50023,-5.16795],[38.50397,-5.17139],[38.51165,-5.17436],[38.51401,-5.17705],[38.51602,-5.17748],[38.51718,-5.18107],[38.51668,-5.18301],[38.5156,-5.18284],[38.51438,-5.18454],[38.51534,-5.18655],[38.51899,-5.18837],[38.51112,-5.18898],[38.50429,-5.19162],[38.49494,-5.19064],[38.48987,-5.19235],[38.48574,-5.19166],[38.48543,-5.18258],[38.46788,-5.18466],[38.46909,-5.18021],[38.46637,-5.16731],[38.47644,-5.16546],[38.47606,-5.16338],[38.47731,-5.16182],[38.47577,-5.15605],[38.47644,-5.1552]]]},"properties":{"region":"Tanga","district":"Korogwe","ward":"Kilole","ward_code":"072"}},{"type":"Feature","geometry":{"type":"Polygon","coordinates":[[[38.48574,-5.19166],[38.48987,-5.19235],[38.49494,-5.19064],[38.50429,-5.19162],[38.51112,-5.18898],[38.51899,-5.18837],[38.52102,-5.19206],[38.52248,-5.1878],[38.52574,-5.186],[38.52974,-5.19031],[38.52769,-5.19284],[38.52741,-5.19463],[38.52351,-5.19412],[38.52275,-5.19813],[38.5293,-5.20269],[38.53156,-5.20183],[38.53169,-5.20081],[38.52767,-5.20054],[38.52717,-5.19807],[38.53033,-5.19615],[38.53246,-5.19745],[38.53647,-5.197],[38.54034,-5.19534],[38.54077,-5.19287],[38.54265,-5.1932],[38.54309,-5.195],[38.5417,-5.19634],[38.54257,-5.19964],[38.54393,-5.20035],[38.54346,-5.20235],[38.54198,-5.201],[38.53783,-5.20371],[38.53825,-5.20779],[38.54014,-5.21091],[38.54261,-5.21285],[38.5475,-5.21239],[38.54901,-5.20995],[38.55205,-5.21276],[38.5513,-5.21432],[38.55268,-5.21783],[38.55434,-5.21889],[38.55667,-5.2175],[38.55966,-5.21909],[38.55988,-5.22116],[38.56259,-5.22408],[38.5606,-5.22829],[38.55975,-5.2375],[38.55849,-5.23846],[38.55818,-5.23694],[38.55523,-5.23755],[38.55297,-5.2447],[38.54989,-5.24539],[38.54789,-5.24393],[38.54501,-5.24527],[38.54325,-5.24279],[38.54003,-5.24297],[38.53609,-5.24684],[38.52995,-5.24279],[38.5263,-5.24389],[38.52324,-5.24224],[38.52186,-5.23825],[38.52025,-5.23823],[38.51575,-5.23468],[38.51478,-5.23626],[38.51291,-5.23578],[38.5121,-5.23675],[38.50932,-5.2353],[38.50634,-5.23637],[38.50534,-5.23878],[38.50333,-5.24021],[38.50074,-5.23965],[38.49979,-5.2409],[38.49818,-5.24078],[38.4985,-5.24169],[38.49564,-5.2416],[38.49322,-5.24445],[38.48936,-5.24398],[38.48862,-5.24484],[38.48798,-5.24404],[38.48625,-5.24651],[38.48455,-5.24595],[38.48571,-5.24389],[38.48396,-5.24223],[38.4827,-5.24274],[38.48291,-5.24699],[38.47846,-5.24644],[38.47364,-5.24437],[38.47297,-5.24092],[38.47473,-5.24039],[38.47427,-5.23585],[38.473,-5.23436],[38.47334,-5.23288],[38.46975,-5.23382],[38.46965,-5.23476],[38.46795,-5.23531],[38.46617,-5.23404],[38.46204,-5.22968],[38.46293,-5.2254],[38.46106,-5.22405],[38.46,-5.21931],[38.45214,-5.21191],[38.45404,-5.19707],[38.46788,-5.18466],[38.47504,-5.18342],[38.48543,-5.18258],[38.48574,-5.19166]]]},"properties":{"region":"Tanga","district":"Korogwe","ward":"Kwamsisi","ward_code":"081"}},{"type":"Feature","geometry":{"type":"Polygon","coordinates":[[[38.45341,-5.13697],[38.45643,-5.13701],[38.4587,-5.13889],[38.45953,-5.13831],[38.46461,-5.13931],[38.46319,-5.14687],[38.45599,-5.14409],[38.45525,-5.14487],[38.45386,-5.14372],[38.44955,-5.14461],[38.4508,-5.13799],[38.45005,-5.13263],[38.45369,-5.1337],[38.45283,-5.13487],[38.45341,-5.13697]]]},"properties":{"region":"Tanga","district":"Korogwe","ward":"Masuguru","ward_code":"092"}},{"type":"Feature","geometry":{"type":"Polygon","coordinates":[[[38.46239,-5.15184],[38.46286,-5.16781],[38.45554,-5.16956],[38.45244,-5.16541],[38.44982,-5.16509],[38.44863,-5.16389],[38.44594,-5.1645],[38.4414,-5.16032],[38.44157,-5.15799],[38.445,-5.15505],[38.45355,-5.161],[38.45366,-5.15788],[38.4572,-5.15777],[38.45893,-5.15672],[38.46239,-5.15184]]]},"properties":{"region":"Tanga","district":"Korogwe","ward":"Majengo","ward_code":"102"}},{"type":"Feature","geometry":{"type":"Polygon","coordinates":[[[38.4414,-5.16032],[38.44594,-5.1645],[38.44863,-5.16389],[38.44982,-5.16509],[38.45244,-5.16541],[38.45554,-5.16956],[38.46637,-5.16731],[38.46909,-5.18021],[38.46889,-5.18281],[38.46558,-5.1871],[38.45404,-5.19707],[38.45214,-5.21191],[38.44078,-5.2119],[38.42994,-5.21352],[38.42835,-5.21575],[38.42773,-5.21316],[38.42392,-5.20905],[38.42599,-5.20435],[38.42492,-5.19949],[38.42859,-5.19148],[38.43774,-5.18469],[38.43523,-5.1642],[38.43722,-5.16115],[38.4414,-5.16032]]]},"properties":{"region":"Tanga","district":"Korogwe","ward":"Bagamoyo","ward_code":"112"}},{"type":"Feature","geometry":{"type":"Polygon","coordinates":[[[38.80722,-5.01858],[38.8127,-5.02101],[38.82282,-5.02041],[38.82879,-5.02218],[38.83353,-5.0273],[38.83131,-5.0417],[38.82232,-5.05104],[38.82514,-5.06627],[38.82196,-5.08306],[38.81744,-5.08365],[38.80789,-5.08707],[38.80432,-5.08949],[38.80194,-5.08957],[38.79773,-5.08678],[38.79042,-5.08957],[38.78852,-5.08694],[38.78449,-5.08825],[38.78216,-5.08662],[38.77883,-5.08749],[38.77694,-5.08091],[38.7711,-5.07608],[38.75787,-5.0751],[38.74689,-5.07089],[38.74509,-5.06753],[38.75807,-5.05818],[38.76734,-5.05773],[38.77363,-5.05903],[38.77561,-5.05251],[38.77591,-5.03767],[38.78472,-5.04218],[38.78522,-5.03476],[38.78843,-5.03018],[38.7932,-5.02547],[38.79747,-5.02305],[38.80118,-5.02286],[38.80204,-5.02134],[38.80627,-5.01985],[38.80722,-5.01858]]]},"properties":{"region":"Tanga","district":"Muheza","ward":"Misozwe","ward_code":"011"}},{"type":"Feature","geometry":{"type":"Polygon","coordinates":[[[38.86037,-5.03605],[38.86441,-5.0362],[38.86759,-5.03384],[38.87782,-5.03655],[38.8837,-5.0364],[38.89088,-5.03885],[38.89217,-5.03797],[38.89352,-5.03406],[38.89637,-5.03401],[38.89736,-5.03906],[38.8993,-5.03838],[38.9008,-5.04334],[38.90042,-5.06032],[38.90215,-5.07724],[38.9061,-5.07992],[38.90507,-5.08621],[38.90448,-5.08453],[38.90096,-5.08405],[38.89993,-5.08294],[38.89897,-5.08628],[38.89397,-5.08459],[38.89356,-5.08817],[38.89232,-5.08746],[38.89053,-5.08839],[38.88879,-5.08808],[38.88875,-5.09032],[38.88691,-5.09032],[38.88691,-5.08853],[38.88572,-5.08758],[38.88165,-5.08842],[38.88098,-5.08958],[38.88254,-5.09137],[38.87969,-5.09295],[38.87493,-5.09333],[38.8705,-5.09188],[38.86768,-5.09658],[38.86696,-5.0997],[38.86477,-5.09769],[38.86085,-5.09672],[38.85941,-5.0941],[38.85187,-5.09487],[38.8479,-5.09208],[38.84625,-5.09261],[38.84652,-5.09559],[38.84395,-5.09676],[38.84242,-5.09938],[38.8399,-5.09785],[38.8396,-5.09599],[38.83803,-5.09547],[38.83802,-5.09097],[38.83249,-5.08682],[38.83279,-5.0818],[38.82196,-5.08306],[38.82514,-5.06627],[38.82232,-5.05104],[38.83131,-5.0417],[38.83353,-5.0273],[38.83632,-5.02867],[38.84386,-5.02996],[38.84783,-5.03238],[38.85742,-5.0336],[38.86037,-5.03605]]]},"properties":{"region":"Tanga","district":"Muheza","ward":"Pande Darajani","ward_code":"021"}},{"type":"Feature","geometry":{"type":"Polygon","coordinates":[[[38.93758,-5.12904],[38.93885,-5.14047],[38.93689,-5.14499],[38.93726,-5.14747],[38.94202,-5.15449],[38.94605,-5.1575],[38.9481,-5.15783],[38.94904,-5.15941],[38.94866,-5.16058],[38.95057,-5.16171],[38.95009,-5.16322],[38.9515,-5.16556],[38.95115,-5.1676],[38.95226,-5.16838],[38.95265,-5.17436],[38.9541,-5.17746],[38.95386,-5.18537],[38.95803,-5.18752],[38.95952,-5.19239],[38.9583,-5.19737],[38.95477,-5.20094],[38.95489,-5.20328],[38.95324,-5.20635],[38.96215,-5.22228],[38.96242,-5.22965],[38.95112,-5.23221],[38.93647,-5.24047],[38.93636,-5.24294],[38.93798,-5.24306],[38.93826,-5.2477],[38.93211,-5.25554],[38.92639,-5.25699],[38.92585,-5.25838],[38.92681,-5.25936],[38.92333,-5.26436],[38.92191,-5.26432],[38.92114,-5.26593],[38.91471,-5.26585],[38.91358,-5.26668],[38.90748,-5.26582],[38.90376,-5.26794],[38.90148,-5.26619],[38.88152,-5.23091],[38.86723,-5.22272],[38.87413,-5.21158],[38.87615,-5.2106],[38.88065,-5.19743],[38.88424,-5.19655],[38.88372,-5.16357],[38.86914,-5.1671],[38.8633,-5.1676],[38.86135,-5.16502],[38.85961,-5.15986],[38.85699,-5.14764],[38.85789,-5.14608],[38.86404,-5.14201],[38.87106,-5.13925],[38.90434,-5.13462],[38.91886,-5.13471],[38.92931,-5.13279],[38.93758,-5.12904]]]},"properties":{"region":"Tanga","district":"Muheza","ward":"Ngomeni","ward_code":"031"}},{"type":"Feature","geometry":{"type":"Polygon","coordinates":[[[38.93948,-5.25744],[38.95248,-5.26655],[38.96874,-5.26753],[38.97141,-5.26911],[38.97789,-5.26854],[38.9888,-5.28449],[38.99942,-5.28207],[38.99998,-5.27447],[39.04918,-5.25719],[39.06372,-5.25748],[39.06564,-5.25955],[39.07095,-5.26218],[39.07058,-5.26858],[39.06802,-5.27372],[39.06814,-5.27964],[39.06673,-5.28703],[39.06135,-5.29838],[39.06262,-5.29962],[39.0567,-5.31576],[39.04746,-5.33316],[39.04814,-5.33488],[39.04717,-5.33867],[39.04834,-5.33916],[39.04842,-5.34101],[39.04751,-5.34686],[39.04396,-5.35273],[39.02206,-5.35084],[39.01936,-5.33472],[38.99573,-5.32847],[38.98637,-5.32456],[38.97903,-5.32338],[38.9732,-5.31859],[38.97001,-5.31912],[38.95997,-5.31659],[38.95066,-5.3115],[38.93228,-5.28514],[38.92827,-5.29529],[38.91498,-5.29373],[38.90218,-5.28557],[38.89801,-5.28003],[38.89002,-5.27214],[38.89224,-5.27095],[38.89218,-5.26799],[38.89313,-5.2669],[38.8944,-5.26852],[38.90148,-5.26619],[38.90376,-5.26794],[38.90748,-5.26582],[38.91358,-5.26668],[38.91471,-5.26585],[38.92114,-5.26593],[38.92191,-5.26432],[38.92333,-5.26436],[38.92681,-5.25936],[38.92585,-5.25838],[38.92639,-5.25699],[38.93211,-5.25554],[38.93826,-5.2477],[38.93919,-5.2491],[38.93858,-5.25313],[38.93948,-5.25744]]]},"properties":{"region":"Tanga","district":"Muheza","ward":"Kigombe","ward_code":"043"}},{"type":"Feature","geometry":{"type":"Polygon","coordinates":[[[38.83249,-5.08682],[38.83802,-5.09097],[38.83862,-5.09376],[38.83803,-5.09547],[38.83617,-5.09551],[38.83512,-5.09691],[38.83309,-5.09743],[38.83375,-5.09906],[38.83179,-5.10173],[38.83385,-5.10292],[38.83365,-5.10364],[38.83544,-5.10395],[38.83251,-5.10516],[38.83315,-5.1061],[38.83482,-5.10598],[38.83427,-5.1073],[38.83492,-5.10812],[38.83307,-5.10902],[38.83258,-5.11065],[38.83365,-5.11163],[38.83179,-5.11317],[38.83287,-5.11471],[38.83151,-5.11651],[38.834,-5.11818],[38.83466,-5.11758],[38.83396,-5.11891],[38.83027,-5.12011],[38.83033,-5.12089],[38.82188,-5.12724],[38.8193,-5.13292],[38.81691,-5.13314],[38.81479,-5.13573],[38.81127,-5.13647],[38.8099,-5.13839],[38.81059,-5.13962],[38.8085,-5.14086],[38.80978,-5.14386],[38.80519,-5.14445],[38.80545,-5.14705],[38.80336,-5.1463],[38.80308,-5.14523],[38.80147,-5.14528],[38.7987,-5.13557],[38.79868,-5.1314],[38.79467,-5.13137],[38.78884,-5.13405],[38.78281,-5.13203],[38.78252,-5.12499],[38.77559,-5.12338],[38.77806,-5.11628],[38.77731,-5.10514],[38.77921,-5.09241],[38.7782,-5.08678],[38.77883,-5.08749],[38.78216,-5.08662],[38.78449,-5.08825],[38.78852,-5.08694],[38.79042,-5.08957],[38.79773,-5.08678],[38.80194,-5.08957],[38.80432,-5.08949],[38.80789,-5.08707],[38.81744,-5.08365],[38.83279,-5.0818],[38.83249,-5.08682]]]},"properties":{"region":"Tanga","district":"Muheza","ward":"Kicheba","ward_code":"061"}},{"type":"Feature","geometry":{"type":"Polygon","coordinates":[[[38.88372,-5.16357],[38.88424,-5.19655],[38.88065,-5.19743],[38.87615,-5.2106],[38.87413,-5.21158],[38.86723,-5.22272],[38.88152,-5.23091],[38.90148,-5.26619],[38.8944,-5.26852],[38.89313,-5.2669],[38.89218,-5.26799],[38.89224,-5.27095],[38.88852,-5.27336],[38.88652,-5.27333],[38.88074,-5.26673],[38.87849,-5.26626],[38.87766,-5.26513],[38.87521,-5.26507],[38.86985,-5.26922],[38.86651,-5.26673],[38.85899,-5.26548],[38.85556,-5.26612],[38.85152,-5.26226],[38.84936,-5.25212],[38.8493,-5.24404],[38.84534,-5.24084],[38.83765,-5.22856],[38.83435,-5.21994],[38.82903,-5.21969],[38.82685,-5.20627],[38.82942,-5.20191],[38.8347,-5.20308],[38.84054,-5.20994],[38.84878,-5.19915],[38.85039,-5.18365],[38.85224,-5.18203],[38.85278,-5.17967],[38.8542,-5.17915],[38.85747,-5.17144],[38.85686,-5.16973],[38.85811,-5.16877],[38.88372,-5.16357]]]},"properties":{"region":"Tanga","district":"Muheza","ward":"Mpapayu","ward_code":"321"}},{"type":"Feature","geometry":{"type":"Polygon","coordinates":[[[38.90507,-5.08621],[38.90741,-5.08702],[38.90966,-5.08626],[38.91119,-5.08803],[38.91314,-5.08628],[38.91252,-5.08819],[38.9134,-5.08932],[38.91437,-5.08913],[38.91526,-5.08679],[38.91952,-5.08932],[38.91924,-5.09718],[38.92138,-5.11417],[38.93479,-5.11154],[38.93758,-5.12904],[38.92931,-5.13279],[38.91886,-5.13471],[38.90434,-5.13462],[38.87106,-5.13925],[38.86404,-5.14201],[38.8572,-5.14706],[38.85165,-5.14473],[38.83689,-5.12094],[38.83016,-5.12101],[38.83027,-5.12011],[38.833,-5.11947],[38.83466,-5.11758],[38.834,-5.11818],[38.83151,-5.11651],[38.83287,-5.11471],[38.83179,-5.11317],[38.83365,-5.11163],[38.83258,-5.11065],[38.83307,-5.10902],[38.83492,-5.10812],[38.83427,-5.1073],[38.83482,-5.10598],[38.83315,-5.1061],[38.83251,-5.10516],[38.83544,-5.10395],[38.83365,-5.10364],[38.83385,-5.10292],[38.83179,-5.10173],[38.83375,-5.09906],[38.83309,-5.09743],[38.83512,-5.09691],[38.83617,-5.09551],[38.8396,-5.09599],[38.8399,-5.09785],[38.84242,-5.09938],[38.84395,-5.09676],[38.84652,-5.09559],[38.84625,-5.09261],[38.8479,-5.09208],[38.85187,-5.09487],[38.85941,-5.0941],[38.86085,-5.09672],[38.86477,-5.09769],[38.86696,-5.0997],[38.86768,-5.09658],[38.8705,-5.09188],[38.87493,-5.09333],[38.87969,-5.09295],[38.88254,-5.09137],[38.88098,-5.08958],[38.88165,-5.08842],[38.88572,-5.08758],[38.88691,-5.08853],[38.88691,-5.09032],[38.88875,-5.09032],[38.88879,-5.08808],[38.89053,-5.08839],[38.89232,-5.08746],[38.89356,-5.08817],[38.89397,-5.08459],[38.89897,-5.08628],[38.89993,-5.08294],[38.90096,-5.08405],[38.90448,-5.08453],[38.90507,-5.08621]]]},"properties":{"region":"Tanga","district":"Muheza","ward":"Mlingano","ward_code":"331"}},{"type":"Feature","geometry":{"type":"Polygon","coordinates":[[[38.75879,-4.9976],[38.77672,-5.01021],[38.78381,-5.01207],[38.78821,-5.01058],[38.79231,-5.01128],[38.79768,-5.01523],[38.80722,-5.01858],[38.80627,-5.01985],[38.80204,-5.02134],[38.80118,-5.02286],[38.79747,-5.02305],[38.7932,-5.02547],[38.78843,-5.03018],[38.78522,-5.03476],[38.78472,-5.04218],[38.77591,-5.03767],[38.77561,-5.05251],[38.77363,-5.05903],[38.76734,-5.05773],[38.75807,-5.05818],[38.74509,-5.06753],[38.73303,-5.06246],[38.72894,-5.05858],[38.72883,-5.0399],[38.72423,-5.0402],[38.70677,-5.03704],[38.70813,-5.0329],[38.70807,-5.02982],[38.70647,-5.02704],[38.70677,-5.02092],[38.71206,-5.01721],[38.71272,-5.01263],[38.71404,-5.01228],[38.71657,-5.00682],[38.71917,-5.00588],[38.72096,-5.00221],[38.72066,-4.99948],[38.72243,-4.99867],[38.72458,-4.99954],[38.72701,-4.99626],[38.72675,-4.99449],[38.73079,-4.98882],[38.73206,-4.98376],[38.73849,-4.98738],[38.7451,-4.98964],[38.74788,-4.99278],[38.75695,-4.99748],[38.75879,-4.9976]]]},"properties":{"region":"Tanga","district":"Muheza","ward":"Kwemingoji","ward_code":"351"}},{"type":"Feature","geometry":{"type":"Polygon","coordinates":[[[38.83689,-5.12094],[38.85165,-5.14473],[38.8572,-5.14706],[38.85692,-5.14968],[38.85961,-5.15986],[38.86135,-5.16502],[38.86321,-5.16746],[38.85966,-5.16799],[38.85686,-5.16973],[38.85775,-5.17044],[38.85594,-5.17572],[38.85039,-5.18365],[38.84878,-5.19915],[38.84054,-5.20994],[38.8347,-5.20308],[38.82942,-5.20191],[38.82697,-5.20715],[38.82391,-5.20905],[38.82212,-5.20876],[38.81946,-5.20607],[38.81709,-5.20558],[38.81331,-5.20536],[38.80944,-5.20639],[38.81084,-5.19964],[38.81627,-5.18402],[38.8156,-5.17722],[38.81414,-5.17621],[38.81471,-5.17367],[38.81319,-5.16511],[38.81285,-5.15525],[38.80845,-5.14933],[38.80668,-5.14461],[38.80978,-5.14386],[38.8085,-5.14086],[38.81059,-5.13962],[38.8099,-5.13839],[38.81127,-5.13647],[38.81479,-5.13573],[38.81691,-5.13314],[38.8193,-5.13292],[38.82188,-5.12724],[38.82924,-5.12104],[38.83689,-5.12094]]]},"properties":{"region":"Tanga","district":"Muheza","ward":"Lusanga","ward_code":"053"}},{"type":"Feature","geometry":{"type":"Polygon","coordinates":[[[38.77694,-5.08091],[38.77921,-5.09241],[38.77731,-5.10514],[38.77806,-5.11628],[38.77478,-5.12844],[38.77279,-5.13041],[38.76855,-5.13859],[38.76654,-5.13921],[38.76284,-5.13713],[38.75875,-5.13712],[38.75115,-5.14026],[38.74388,-5.13793],[38.72963,-5.13877],[38.72167,-5.13464],[38.72037,-5.13238],[38.71549,-5.12931],[38.71874,-5.12212],[38.7199,-5.11361],[38.71793,-5.10608],[38.71992,-5.09979],[38.73188,-5.08227],[38.74056,-5.06562],[38.74509,-5.06753],[38.74689,-5.07089],[38.75787,-5.0751],[38.7711,-5.07608],[38.77694,-5.08091]]]},"properties":{"region":"Tanga","district":"Muheza","ward":"Magoroto","ward_code":"071"}},{"type":"Feature","geometry":{"type":"Polygon","coordinates":[[[38.78233,-5.13377],[38.77789,-5.15019],[38.78071,-5.1583],[38.77967,-5.16531],[38.7777,-5.16837],[38.77206,-5.17334],[38.77107,-5.17785],[38.76714,-5.17862],[38.76298,-5.16401],[38.7591,-5.1622],[38.75254,-5.1692],[38.74721,-5.16999],[38.74596,-5.17152],[38.73933,-5.17131],[38.73694,-5.16781],[38.74238,-5.15529],[38.74497,-5.15666],[38.74866,-5.15174],[38.75455,-5.14688],[38.75115,-5.14026],[38.75875,-5.13712],[38.76284,-5.13713],[38.76654,-5.13921],[38.76855,-5.13859],[38.77279,-5.13041],[38.77478,-5.12844],[38.77559,-5.12338],[38.78252,-5.12499],[38.78233,-5.13377]]]},"properties":{"region":"Tanga","district":"Muheza","ward":"Magila","ward_code":"081"}},{"type":"Feature","geometry":{"type":"Polygon","coordinates":[[[38.79868,-5.1314],[38.79872,-5.13563],[38.79707,-5.13788],[38.7928,-5.15175],[38.79265,-5.15532],[38.79503,-5.15822],[38.795,-5.15975],[38.79218,-5.16098],[38.79007,-5.16354],[38.79014,-5.16735],[38.78845,-5.16846],[38.78679,-5.17194],[38.77704,-5.1744],[38.77107,-5.17785],[38.77206,-5.17334],[38.7777,-5.16837],[38.77967,-5.16531],[38.78071,-5.1583],[38.77789,-5.15019],[38.78281,-5.13203],[38.78884,-5.13405],[38.79467,-5.13137],[38.79868,-5.1314]]]},"properties":{"region":"Tanga","district":"Muheza","ward":"Mbaramo","ward_code":"093"}},{"type":"Feature","geometry":{"type":"Polygon","coordinates":[[[38.79762,-5.1868],[38.796,-5.1936],[38.79546,-5.1914],[38.79441,-5.19085],[38.79192,-5.19072],[38.78728,-5.18421],[38.78925,-5.18031],[38.7906,-5.17363],[38.79273,-5.17413],[38.79214,-5.17674],[38.79537,-5.17957],[38.79661,-5.18284],[38.79762,-5.1868]]]},"properties":{"region":"Tanga","district":"Muheza","ward":"Majengo","ward_code":"102"}},{"type":"Feature","geometry":{"type":"Polygon","coordinates":[[[38.78505,-5.17374],[38.7906,-5.17363],[38.78953,-5.17891],[38.78724,-5.17828],[38.78607,-5.17916],[38.78271,-5.17761],[38.78264,-5.17314],[38.78419,-5.1727],[38.78505,-5.17374]]]},"properties":{"region":"Tanga","district":"Muheza","ward":"Masuguru","ward_code":"113"}},{"type":"Feature","geometry":{"type":"Polygon","coordinates":[[[38.79441,-5.19085],[38.796,-5.1936],[38.81324,-5.19283],[38.80944,-5.20639],[38.81331,-5.20536],[38.81709,-5.20558],[38.81946,-5.20607],[38.82306,-5.20916],[38.82092,-5.21435],[38.82005,-5.22018],[38.80783,-5.23727],[38.80599,-5.24685],[38.80722,-5.24829],[38.80425,-5.27478],[38.80742,-5.27621],[38.8052,-5.27621],[38.80126,-5.27843],[38.79997,-5.27813],[38.79942,-5.27687],[38.78788,-5.27295],[38.78495,-5.26996],[38.78475,-5.26784],[38.78245,-5.26665],[38.78277,-5.26459],[38.77925,-5.26174],[38.77902,-5.25931],[38.77806,-5.25845],[38.77809,-5.25472],[38.78058,-5.24627],[38.77811,-5.24492],[38.77284,-5.24762],[38.76778,-5.2453],[38.76646,-5.24618],[38.76214,-5.24501],[38.76398,-5.23615],[38.76624,-5.23183],[38.76757,-5.22628],[38.77,-5.22239],[38.76823,-5.21959],[38.77111,-5.21487],[38.77373,-5.20682],[38.77212,-5.20531],[38.77378,-5.20336],[38.77139,-5.20077],[38.77329,-5.1972],[38.77279,-5.19375],[38.77448,-5.19347],[38.77596,-5.19122],[38.77841,-5.19231],[38.78242,-5.19192],[38.7828,-5.19302],[38.78495,-5.19258],[38.78461,-5.19165],[38.78761,-5.18493],[38.79192,-5.19072],[38.79441,-5.19085]]]},"properties":{"region":"Tanga","district":"Muheza","ward":"Kilulu","ward_code":"131"}},{"type":"Feature","geometry":{"type":"Polygon","coordinates":[[[38.82697,-5.20715],[38.82903,-5.21969],[38.83435,-5.21994],[38.83765,-5.22856],[38.84534,-5.24084],[38.8493,-5.24404],[38.85043,-5.25958],[38.85152,-5.26226],[38.85556,-5.26612],[38.83624,-5.26992],[38.83322,-5.27189],[38.83081,-5.27515],[38.827,-5.27678],[38.82318,-5.28265],[38.82089,-5.29402],[38.82338,-5.30314],[38.82296,-5.3082],[38.82209,-5.31019],[38.82032,-5.31093],[38.81961,-5.31526],[38.81645,-5.32104],[38.81231,-5.32506],[38.81048,-5.32211],[38.8116,-5.31798],[38.81067,-5.31571],[38.81154,-5.31438],[38.81102,-5.31259],[38.80929,-5.31151],[38.80974,-5.30834],[38.80408,-5.30686],[38.80461,-5.30486],[38.80076,-5.30291],[38.8028,-5.3007],[38.80233,-5.29597],[38.80371,-5.29361],[38.80282,-5.29337],[38.80393,-5.28947],[38.79631,-5.2867],[38.79478,-5.28437],[38.79198,-5.2881],[38.79128,-5.28652],[38.79271,-5.28424],[38.79406,-5.27533],[38.79942,-5.27687],[38.79997,-5.27813],[38.80126,-5.27843],[38.8052,-5.27621],[38.80742,-5.27621],[38.80425,-5.27478],[38.80722,-5.24829],[38.80599,-5.24685],[38.80783,-5.23727],[38.82005,-5.22018],[38.82092,-5.21435],[38.82306,-5.20916],[38.82697,-5.20715]]]},"properties":{"region":"Tanga","district":"Muheza","ward":"Mkuzi","ward_code":"141"}},{"type":"Feature","geometry":{"type":"Polygon","coordinates":[[[38.78058,-5.24627],[38.77809,-5.25472],[38.77877,-5.2608],[38.78277,-5.26459],[38.78245,-5.26665],[38.78475,-5.26784],[38.78495,-5.26996],[38.78788,-5.27295],[38.79406,-5.27533],[38.79132,-5.28807],[38.79303,-5.28728],[38.79478,-5.28437],[38.79631,-5.2867],[38.80393,-5.28947],[38.80282,-5.29337],[38.80371,-5.29361],[38.80233,-5.29597],[38.8028,-5.3007],[38.79842,-5.30288],[38.7934,-5.30031],[38.78594,-5.29919],[38.77988,-5.29672],[38.77886,-5.29721],[38.77622,-5.30437],[38.77776,-5.30752],[38.77569,-5.31289],[38.77623,-5.31406],[38.77514,-5.31488],[38.77199,-5.3129],[38.76956,-5.31327],[38.76895,-5.31494],[38.76712,-5.31489],[38.76279,-5.31094],[38.75852,-5.31173],[38.75441,-5.30721],[38.74996,-5.30688],[38.74078,-5.30424],[38.72997,-5.30391],[38.73158,-5.29461],[38.72971,-5.28664],[38.73044,-5.27974],[38.74175,-5.26274],[38.74233,-5.26005],[38.75665,-5.26171],[38.76166,-5.24967],[38.76214,-5.24501],[38.76646,-5.24618],[38.76778,-5.2453],[38.77284,-5.24762],[38.77811,-5.24492],[38.78058,-5.24627]]]},"properties":{"region":"Tanga","district":"Muheza","ward":"Mtindiro","ward_code":"151"}},{"type":"Feature","geometry":{"type":"Polygon","coordinates":[[[38.74855,-5.21159],[38.75681,-5.21217],[38.77254,-5.21133],[38.76823,-5.21959],[38.77,-5.22239],[38.76757,-5.22628],[38.76624,-5.23183],[38.76398,-5.23615],[38.76166,-5.24967],[38.75665,-5.26171],[38.74233,-5.26005],[38.7429,-5.25256],[38.73564,-5.23428],[38.72732,-5.23322],[38.72822,-5.22188],[38.73547,-5.21739],[38.73641,-5.21329],[38.7333,-5.20954],[38.73635,-5.20715],[38.73713,-5.20408],[38.73453,-5.20168],[38.74751,-5.19189],[38.74892,-5.20066],[38.75047,-5.20158],[38.75064,-5.20477],[38.75202,-5.20692],[38.75077,-5.2107],[38.74855,-5.21159]]]},"properties":{"region":"Tanga","district":"Muheza","ward":"Kwakifua","ward_code":"281"}},{"type":"Feature","geometry":{"type":"Polygon","coordinates":[[[38.78245,-5.17721],[38.78607,-5.17916],[38.78724,-5.17828],[38.78953,-5.17891],[38.78461,-5.19165],[38.78495,-5.19258],[38.7828,-5.19302],[38.78242,-5.19192],[38.77841,-5.19231],[38.77596,-5.19122],[38.77448,-5.19347],[38.77279,-5.19375],[38.77257,-5.19016],[38.77451,-5.18881],[38.77514,-5.18583],[38.77437,-5.184],[38.77525,-5.18228],[38.77271,-5.17765],[38.77166,-5.17752],[38.77704,-5.1744],[38.78264,-5.17314],[38.78245,-5.17721]]]},"properties":{"region":"Tanga","district":"Muheza","ward":"Kwemkabara","ward_code":"293"}},{"type":"Feature","geometry":{"type":"Polygon","coordinates":[[[38.81354,-5.16676],[38.81471,-5.17367],[38.81414,-5.17621],[38.8156,-5.17722],[38.81627,-5.18402],[38.81324,-5.19283],[38.796,-5.1936],[38.79762,-5.1868],[38.79537,-5.17957],[38.79214,-5.17674],[38.79273,-5.17413],[38.7906,-5.17363],[38.79142,-5.1714],[38.79316,-5.17089],[38.79373,-5.16919],[38.80373,-5.17176],[38.80773,-5.17152],[38.80938,-5.16935],[38.81354,-5.16676]]]},"properties":{"region":"Tanga","district":"Muheza","ward":"Genge","ward_code":"301"}},{"type":"Feature","geometry":{"type":"Polygon","coordinates":[[[38.79872,-5.13563],[38.80147,-5.14528],[38.80308,-5.14523],[38.80336,-5.1463],[38.80545,-5.14705],[38.80519,-5.14445],[38.80668,-5.14461],[38.80845,-5.14933],[38.81266,-5.15462],[38.81354,-5.16676],[38.80938,-5.16935],[38.80773,-5.17152],[38.80373,-5.17176],[38.79373,-5.16919],[38.79316,-5.17089],[38.79142,-5.1714],[38.7906,-5.17363],[38.78505,-5.17374],[38.78419,-5.1727],[38.78679,-5.17194],[38.78845,-5.16846],[38.79014,-5.16735],[38.79007,-5.16354],[38.79218,-5.16098],[38.795,-5.15975],[38.79503,-5.15822],[38.79265,-5.15532],[38.7928,-5.15175],[38.79707,-5.13788],[38.79872,-5.13563]]]},"properties":{"region":"Tanga","district":"Muheza","ward":"Tanganyika","ward_code":"313"}},{"type":"Feature","geometry":{"type":"Polygon","coordinates":[[[38.78455,-5.29881],[38.7934,-5.30031],[38.79842,-5.30288],[38.80136,-5.30152],[38.80076,-5.30291],[38.80461,-5.30486],[38.80408,-5.30686],[38.80974,-5.30834],[38.80929,-5.31151],[38.81102,-5.31259],[38.81154,-5.31438],[38.81067,-5.31571],[38.8116,-5.31798],[38.81048,-5.32211],[38.81231,-5.32506],[38.80955,-5.32834],[38.78278,-5.34696],[38.77235,-5.35933],[38.77038,-5.36055],[38.75058,-5.38855],[38.73364,-5.39765],[38.73394,-5.35595],[38.73552,-5.34969],[38.73443,-5.3407],[38.73963,-5.3277],[38.73699,-5.31658],[38.72997,-5.30391],[38.74078,-5.30424],[38.74996,-5.30688],[38.75441,-5.30721],[38.75852,-5.31173],[38.76279,-5.31094],[38.76712,-5.31489],[38.76895,-5.31494],[38.76956,-5.31327],[38.77199,-5.3129],[38.77514,-5.31488],[38.77623,-5.31406],[38.77569,-5.31289],[38.77776,-5.30752],[38.77622,-5.30437],[38.77886,-5.29721],[38.77988,-5.29672],[38.78455,-5.29881]]]},"properties":{"region":"Tanga","district":"Muheza","ward":"Kwabada","ward_code":"361"}},{"type":"Feature","geometry":{"type":"Polygon","coordinates":[[[38.76298,-5.16401],[38.76714,-5.17862],[38.77271,-5.17765],[38.77525,-5.18228],[38.77437,-5.184],[38.77514,-5.18583],[38.77451,-5.18881],[38.77257,-5.19016],[38.77329,-5.1972],[38.77139,-5.20077],[38.77378,-5.20336],[38.77212,-5.20531],[38.77373,-5.20682],[38.77254,-5.21133],[38.75681,-5.21217],[38.74855,-5.21159],[38.75077,-5.2107],[38.75202,-5.20692],[38.75064,-5.20477],[38.75047,-5.20158],[38.74892,-5.20066],[38.74751,-5.19189],[38.73976,-5.18053],[38.74212,-5.17766],[38.74342,-5.17164],[38.74596,-5.17152],[38.74721,-5.16999],[38.75254,-5.1692],[38.7591,-5.1622],[38.76298,-5.16401]]]},"properties":{"region":"Tanga","district":"Muheza","ward":"Tingeni","ward_code":"121"}},{"type":"Feature","geometry":{"type":"MultiPolygon","coordinates":[[[[38.70478,-5.23455],[38.7047,-5.23523],[38.70487,-5.23601],[38.7047,-5.23523],[38.70478,-5.23455]]],[[[38.70478,-5.23455],[38.70146,-5.22896],[38.70633,-5.22381],[38.70847,-5.22472],[38.71126,-5.22913],[38.71968,-5.23173],[38.73564,-5.23428],[38.7429,-5.25256],[38.74175,-5.26274],[38.73044,-5.27974],[38.72971,-5.28664],[38.73158,-5.29461],[38.72997,-5.30391],[38.73699,-5.31658],[38.73963,-5.3277],[38.73443,-5.3407],[38.73552,-5.34969],[38.73394,-5.35595],[38.73364,-5.39765],[38.72451,-5.40256],[38.72805,-5.41794],[38.72643,-5.42127],[38.72513,-5.42166],[38.72504,-5.42412],[38.72414,-5.42244],[38.72353,-5.42414],[38.71923,-5.42273],[38.717,-5.4236],[38.71596,-5.4215],[38.71482,-5.42323],[38.71441,-5.42124],[38.7111,-5.41786],[38.70931,-5.41881],[38.70928,-5.42128],[38.70795,-5.41891],[38.70667,-5.41922],[38.70765,-5.42083],[38.70538,-5.42232],[38.70575,-5.42517],[38.70385,-5.42326],[38.70278,-5.41568],[38.69982,-5.41076],[38.70309,-5.4018],[38.70137,-5.39367],[38.70077,-5.37957],[38.70309,-5.37281],[38.70049,-5.36818],[38.69599,-5.36529],[38.69703,-5.36092],[38.69544,-5.35733],[38.69992,-5.35291],[38.69711,-5.34988],[38.69928,-5.3458],[38.70009,-5.33848],[38.70266,-5.33824],[38.70383,-5.33486],[38.70917,-5.32992],[38.70969,-5.32425],[38.70306,-5.31791],[38.6999,-5.31759],[38.69846,-5.30642],[38.69283,-5.3009],[38.69078,-5.30334],[38.68903,-5.30312],[38.69026,-5.30212],[38.68927,-5.30192],[38.6864,-5.29774],[38.68892,-5.29616],[38.6888,-5.29541],[38.68555,-5.29414],[38.687,-5.29391],[38.68668,-5.29209],[38.6831,-5.28803],[38.68181,-5.28395],[38.68044,-5.28381],[38.68025,-5.28139],[38.67855,-5.28097],[38.67846,-5.27817],[38.67999,-5.27786],[38.68131,-5.27997],[38.68267,-5.28018],[38.68248,-5.27699],[38.68358,-5.27399],[38.68237,-5.27308],[38.68364,-5.27292],[38.68377,-5.26969],[38.6825,-5.2681],[38.68346,-5.2661],[38.68848,-5.26353],[38.69727,-5.2636],[38.70453,-5.26062],[38.70736,-5.25784],[38.7096,-5.25737],[38.71069,-5.2491],[38.70899,-5.24571],[38.70652,-5.24515],[38.70478,-5.23455]],[[38.70296,-5.23049],[38.70296,-5.23049],[38.70296,-5.23049],[38.70296,-5.23049]]]]},"properties":{"region":"Tanga","district":"Muheza","ward":"Kwafungo","ward_code":"161"}},{"type":"Feature","geometry":{"type":"Polygon","coordinates":[[[38.65629,-5.25764],[38.65997,-5.26109],[38.66238,-5.2595],[38.66456,-5.26151],[38.66527,-5.26033],[38.66727,-5.26401],[38.66813,-5.26371],[38.66741,-5.26245],[38.6691,-5.26175],[38.67192,-5.26631],[38.67402,-5.26554],[38.67639,-5.26827],[38.6776,-5.26804],[38.67718,-5.27055],[38.67813,-5.27136],[38.68209,-5.2679],[38.68377,-5.26969],[38.68364,-5.27292],[38.68237,-5.27308],[38.68358,-5.27399],[38.68248,-5.27699],[38.68267,-5.28018],[38.68131,-5.27997],[38.67999,-5.27786],[38.67846,-5.27817],[38.67855,-5.28097],[38.68025,-5.28139],[38.68044,-5.28381],[38.68181,-5.28395],[38.6831,-5.28803],[38.68668,-5.29209],[38.687,-5.29391],[38.68555,-5.29414],[38.6888,-5.29541],[38.68892,-5.29616],[38.6864,-5.29774],[38.68927,-5.30192],[38.69026,-5.30212],[38.68932,-5.30348],[38.69078,-5.30334],[38.69283,-5.3009],[38.69846,-5.30642],[38.6999,-5.31759],[38.70306,-5.31791],[38.70969,-5.32425],[38.70917,-5.32992],[38.70383,-5.33486],[38.70266,-5.33824],[38.70009,-5.33848],[38.69928,-5.3458],[38.69711,-5.34988],[38.69992,-5.35291],[38.69544,-5.35733],[38.69703,-5.36092],[38.69599,-5.36529],[38.70049,-5.36818],[38.70309,-5.37281],[38.70188,-5.37633],[38.6915,-5.37015],[38.68541,-5.36395],[38.6751,-5.34945],[38.66777,-5.33628],[38.66811,-5.33443],[38.66599,-5.33356],[38.66808,-5.32958],[38.66886,-5.31976],[38.66849,-5.31799],[38.66448,-5.315],[38.66556,-5.31314],[38.66481,-5.31144],[38.66696,-5.30889],[38.6642,-5.30579],[38.66388,-5.30393],[38.65907,-5.29891],[38.65222,-5.29903],[38.6392,-5.29616],[38.62896,-5.29715],[38.62802,-5.29243],[38.62671,-5.29051],[38.62638,-5.28297],[38.62839,-5.27763],[38.63173,-5.27305],[38.63194,-5.26894],[38.63106,-5.26713],[38.62536,-5.26228],[38.62434,-5.25995],[38.62539,-5.2593],[38.62655,-5.26195],[38.62767,-5.2629],[38.62889,-5.26237],[38.6299,-5.2643],[38.63148,-5.26476],[38.63588,-5.26447],[38.6376,-5.25973],[38.64008,-5.25847],[38.64238,-5.25817],[38.64377,-5.25906],[38.64658,-5.25823],[38.6516,-5.2615],[38.65532,-5.26051],[38.65536,-5.2585],[38.65629,-5.25764]]]},"properties":{"region":"Tanga","district":"Muheza","ward":"Songa","ward_code":"171"}},{"type":"Feature","geometry":{"type":"Polygon","coordinates":[[[38.68599,-5.15403],[38.68758,-5.15489],[38.68894,-5.15418],[38.69127,-5.16477],[38.69421,-5.16925],[38.70119,-5.17308],[38.70423,-5.17149],[38.70821,-5.17219],[38.71022,-5.17445],[38.71189,-5.17895],[38.71304,-5.18793],[38.71961,-5.19136],[38.73986,-5.19051],[38.74751,-5.19189],[38.73453,-5.20168],[38.73713,-5.20408],[38.73635,-5.20715],[38.7333,-5.20954],[38.73641,-5.21329],[38.73547,-5.21739],[38.72822,-5.22188],[38.72732,-5.23322],[38.71126,-5.22913],[38.70847,-5.22472],[38.70633,-5.22381],[38.69375,-5.23712],[38.68967,-5.23616],[38.67674,-5.23236],[38.66396,-5.21546],[38.66231,-5.20864],[38.66252,-5.20559],[38.66424,-5.20387],[38.66602,-5.19956],[38.67426,-5.1943],[38.67501,-5.18965],[38.67715,-5.18706],[38.67361,-5.18234],[38.67186,-5.18188],[38.67039,-5.17679],[38.67385,-5.16286],[38.67607,-5.16231],[38.67909,-5.15825],[38.68599,-5.15403]]]},"properties":{"region":"Tanga","district":"Muheza","ward":"Bwembwera","ward_code":"181"}},{"type":"Feature","geometry":{"type":"Polygon","coordinates":[[[38.67039,-5.17679],[38.67186,-5.18188],[38.67361,-5.18234],[38.67715,-5.18706],[38.67501,-5.18965],[38.67426,-5.1943],[38.66602,-5.19956],[38.66424,-5.20387],[38.66252,-5.20559],[38.66231,-5.20864],[38.66396,-5.21546],[38.67301,-5.22688],[38.66289,-5.23275],[38.63715,-5.24115],[38.62891,-5.24053],[38.62001,-5.24256],[38.6149,-5.24241],[38.60986,-5.23419],[38.60712,-5.21304],[38.60445,-5.20446],[38.59597,-5.188],[38.63302,-5.18853],[38.64761,-5.18544],[38.65948,-5.18448],[38.66016,-5.18215],[38.66237,-5.17991],[38.66667,-5.18102],[38.66832,-5.1758],[38.67122,-5.17195],[38.67039,-5.17679]]]},"properties":{"region":"Tanga","district":"Muheza","ward":"Potwe","ward_code":"191"}},{"type":"Feature","geometry":{"type":"Polygon","coordinates":[[[38.72167,-5.13464],[38.72963,-5.13877],[38.74489,-5.13807],[38.75115,-5.14026],[38.75455,-5.14688],[38.74866,-5.15174],[38.74497,-5.15666],[38.74238,-5.15529],[38.73694,-5.16781],[38.73933,-5.17131],[38.74342,-5.17164],[38.74212,-5.17766],[38.73976,-5.18053],[38.74751,-5.19189],[38.73986,-5.19051],[38.71961,-5.19136],[38.71304,-5.18793],[38.71189,-5.17895],[38.71022,-5.17445],[38.70821,-5.17219],[38.70423,-5.17149],[38.70119,-5.17308],[38.69852,-5.17213],[38.69421,-5.16925],[38.69127,-5.16477],[38.69023,-5.16078],[38.70625,-5.13771],[38.71307,-5.133],[38.71549,-5.12931],[38.72037,-5.13238],[38.72167,-5.13464]]]},"properties":{"region":"Tanga","district":"Muheza","ward":"Nkumba","ward_code":"201"}},{"type":"Feature","geometry":{"type":"Polygon","coordinates":[[[38.70677,-5.03704],[38.72423,-5.0402],[38.72883,-5.0399],[38.72894,-5.05858],[38.73303,-5.06246],[38.74056,-5.06562],[38.73188,-5.08227],[38.71992,-5.09979],[38.71793,-5.10608],[38.7199,-5.11361],[38.71874,-5.12212],[38.71549,-5.12931],[38.71307,-5.133],[38.70625,-5.13771],[38.69023,-5.16078],[38.68894,-5.15418],[38.68764,-5.15486],[38.68765,-5.1524],[38.68652,-5.1509],[38.6876,-5.14924],[38.6878,-5.14469],[38.68926,-5.14456],[38.6916,-5.14114],[38.69094,-5.13824],[38.68913,-5.13808],[38.69063,-5.13474],[38.69056,-5.12956],[38.68965,-5.12757],[38.69182,-5.12747],[38.69019,-5.12436],[38.69445,-5.11714],[38.69332,-5.1126],[38.69574,-5.111],[38.69601,-5.10822],[38.6943,-5.10724],[38.69639,-5.09967],[38.69883,-5.0981],[38.69811,-5.09605],[38.69683,-5.09568],[38.69819,-5.08788],[38.70117,-5.08444],[38.70063,-5.07876],[38.7024,-5.07258],[38.70323,-5.05889],[38.70403,-5.05842],[38.70479,-5.06045],[38.70651,-5.06087],[38.70662,-5.0555],[38.70475,-5.04594],[38.70676,-5.04007],[38.70677,-5.03704]]]},"properties":{"region":"Tanga","district":"Muheza","ward":"Tongwe","ward_code":"261"}},{"type":"Feature","geometry":{"type":"Polygon","coordinates":[[[38.65167,-5.29889],[38.65907,-5.29891],[38.66654,-5.30796],[38.66696,-5.30889],[38.66481,-5.31144],[38.66556,-5.31314],[38.66448,-5.315],[38.66849,-5.31799],[38.66886,-5.31976],[38.66808,-5.32958],[38.66599,-5.33356],[38.66811,-5.33443],[38.66777,-5.33628],[38.6751,-5.34945],[38.68541,-5.36395],[38.6915,-5.37015],[38.70188,-5.37633],[38.70077,-5.37957],[38.70089,-5.38833],[38.70309,-5.4018],[38.69982,-5.41076],[38.70278,-5.41568],[38.7044,-5.42559],[38.70279,-5.42589],[38.70355,-5.42738],[38.70162,-5.42693],[38.69964,-5.42772],[38.69909,-5.4256],[38.69727,-5.42465],[38.69661,-5.4254],[38.69804,-5.42582],[38.69699,-5.42858],[38.69631,-5.42669],[38.69501,-5.42733],[38.6908,-5.42514],[38.68829,-5.42585],[38.68856,-5.42334],[38.68562,-5.42435],[38.68522,-5.42325],[38.6872,-5.42248],[38.68861,-5.4162],[38.6877,-5.41541],[38.68491,-5.4163],[38.68551,-5.41516],[38.68427,-5.41413],[38.6854,-5.41254],[38.68424,-5.41287],[38.68389,-5.41152],[38.68149,-5.41048],[38.68156,-5.4124],[38.68053,-5.41274],[38.68015,-5.41136],[38.67838,-5.41182],[38.6776,-5.41011],[38.67473,-5.40894],[38.67424,-5.41034],[38.66702,-5.41203],[38.66528,-5.41413],[38.66372,-5.41342],[38.66058,-5.41454],[38.65507,-5.41276],[38.64915,-5.41624],[38.64441,-5.41581],[38.64243,-5.41326],[38.6417,-5.40784],[38.63967,-5.40396],[38.64011,-5.39841],[38.63663,-5.3896],[38.63711,-5.38697],[38.63547,-5.37894],[38.63414,-5.37677],[38.63434,-5.37326],[38.636,-5.36881],[38.63351,-5.36084],[38.63271,-5.34459],[38.62797,-5.33436],[38.62876,-5.33058],[38.62752,-5.3273],[38.6266,-5.31505],[38.63035,-5.31134],[38.63058,-5.30743],[38.62864,-5.29906],[38.62896,-5.29715],[38.6392,-5.29616],[38.65167,-5.29889]]]},"properties":{"region":"Tanga","district":"Muheza","ward":"Mhamba","ward_code":"271"}},{"type":"Feature","geometry":{"type":"MultiPolygon","coordinates":[[[[38.70478,-5.23455],[38.70652,-5.24515],[38.70899,-5.24571],[38.71069,-5.2491],[38.7096,-5.25737],[38.70736,-5.25784],[38.70453,-5.26062],[38.69727,-5.2636],[38.68848,-5.26353],[38.68346,-5.2661],[38.6825,-5.2681],[38.67813,-5.27136],[38.67718,-5.27055],[38.6776,-5.26804],[38.67639,-5.26827],[38.67402,-5.26554],[38.67192,-5.26631],[38.6691,-5.26175],[38.66741,-5.26245],[38.66813,-5.26371],[38.66727,-5.26401],[38.66527,-5.26033],[38.66456,-5.26151],[38.66238,-5.2595],[38.65997,-5.26109],[38.65629,-5.25764],[38.65536,-5.2585],[38.65532,-5.26051],[38.6516,-5.2615],[38.64658,-5.25823],[38.64377,-5.25906],[38.64238,-5.25817],[38.64008,-5.25847],[38.6376,-5.25973],[38.63588,-5.26447],[38.6299,-5.2643],[38.62889,-5.26237],[38.62767,-5.2629],[38.62655,-5.26195],[38.62539,-5.2593],[38.62434,-5.25995],[38.61505,-5.2473],[38.6149,-5.24241],[38.62001,-5.24256],[38.62891,-5.24053],[38.63715,-5.24115],[38.66289,-5.23275],[38.67301,-5.22688],[38.67674,-5.23236],[38.68967,-5.23616],[38.69375,-5.23712],[38.70146,-5.22896],[38.70478,-5.23455]],[[38.70478,-5.23455],[38.7047,-5.23523],[38.70487,-5.23601],[38.70478,-5.23455]]],[[[38.70296,-5.23049],[38.70296,-5.23049],[38.70296,-5.23049],[38.70296,-5.23049]]]]},"properties":{"region":"Tanga","district":"Muheza","ward":"Makole","ward_code":"371"}},{"type":"Feature","geometry":{"type":"Polygon","coordinates":[[[38.70258,-5.02673],[38.70503,-5.02619],[38.70807,-5.02982],[38.70676,-5.04007],[38.70475,-5.04594],[38.70662,-5.0555],[38.70651,-5.06087],[38.70479,-5.06045],[38.70403,-5.05842],[38.70323,-5.05889],[38.7024,-5.07258],[38.70063,-5.07876],[38.70117,-5.08444],[38.69819,-5.08788],[38.69683,-5.09568],[38.69811,-5.09605],[38.69883,-5.0981],[38.69639,-5.09967],[38.6943,-5.10724],[38.69601,-5.10822],[38.69574,-5.111],[38.69332,-5.1126],[38.69445,-5.11714],[38.69019,-5.12436],[38.69182,-5.12747],[38.68965,-5.12757],[38.69056,-5.12956],[38.69063,-5.13474],[38.68913,-5.13808],[38.69094,-5.13824],[38.6916,-5.14114],[38.68926,-5.14456],[38.6878,-5.14469],[38.6876,-5.14924],[38.68652,-5.1509],[38.68765,-5.1524],[38.68764,-5.15486],[38.68599,-5.15403],[38.67909,-5.15825],[38.67607,-5.16231],[38.67385,-5.16286],[38.67122,-5.17195],[38.66832,-5.1758],[38.66667,-5.18102],[38.66237,-5.17991],[38.66016,-5.18215],[38.65948,-5.18448],[38.65227,-5.18508],[38.65108,-5.14855],[38.65595,-5.13395],[38.66142,-5.11255],[38.64946,-5.10388],[38.64176,-5.092],[38.6421,-5.0877],[38.64102,-5.08473],[38.64242,-5.08156],[38.64349,-5.07462],[38.64494,-5.07197],[38.64725,-5.07142],[38.64874,-5.07247],[38.65008,-5.07119],[38.65187,-5.07424],[38.65628,-5.07525],[38.65673,-5.08108],[38.66743,-5.08015],[38.66592,-5.06245],[38.6777,-5.04682],[38.68243,-5.04832],[38.68613,-5.04815],[38.6911,-5.03394],[38.68822,-5.03225],[38.69118,-5.029],[38.68904,-5.02718],[38.68996,-5.02645],[38.6859,-5.02184],[38.70258,-5.02673]]]},"properties":{"region":"Tanga","district":"Muheza","ward":"Kisiwani","ward_code":"211"}},{"type":"Feature","geometry":{"type":"Polygon","coordinates":[[[38.6528,-5.02695],[38.65493,-5.0399],[38.65833,-5.04307],[38.65292,-5.04621],[38.65164,-5.04477],[38.65052,-5.04638],[38.65142,-5.0487],[38.64887,-5.05174],[38.65123,-5.05975],[38.65015,-5.06177],[38.64817,-5.06133],[38.64707,-5.06272],[38.64757,-5.06486],[38.64876,-5.0655],[38.63475,-5.07279],[38.6278,-5.07541],[38.62472,-5.0736],[38.62414,-5.06836],[38.62181,-5.06522],[38.62303,-5.05958],[38.61932,-5.05346],[38.61024,-5.04989],[38.60687,-5.04946],[38.60369,-5.04505],[38.60114,-5.04362],[38.60076,-5.03975],[38.59906,-5.03671],[38.59247,-5.03557],[38.59136,-5.03123],[38.58894,-5.03052],[38.58946,-5.01918],[38.59768,-5.00209],[38.61586,-4.99444],[38.62925,-4.98376],[38.63046,-5.00081],[38.64262,-5.00859],[38.65317,-5.01028],[38.6528,-5.02695]]]},"properties":{"region":"Tanga","district":"Muheza","ward":"Misalai","ward_code":"221"}},{"type":"Feature","geometry":{"type":"Polygon","coordinates":[[[38.69566,-4.9347],[38.70237,-4.93518],[38.70658,-4.93887],[38.70277,-4.9452],[38.69795,-4.95072],[38.68594,-4.95476],[38.67156,-4.95761],[38.66735,-4.96479],[38.66571,-4.96983],[38.66609,-4.97822],[38.66478,-4.98561],[38.66315,-4.98706],[38.66391,-4.98826],[38.6624,-4.98856],[38.65795,-4.9955],[38.65317,-5.01028],[38.64262,-5.00859],[38.63046,-5.00081],[38.62925,-4.98376],[38.63481,-4.97834],[38.66313,-4.9344],[38.67602,-4.91711],[38.6882,-4.93082],[38.69566,-4.9347]]]},"properties":{"region":"Tanga","district":"Muheza","ward":"Zirai","ward_code":"231"}},{"type":"Feature","geometry":{"type":"Polygon","coordinates":[[[38.59247,-5.03557],[38.59906,-5.03671],[38.60076,-5.03975],[38.60114,-5.04362],[38.60369,-5.04505],[38.60687,-5.04946],[38.61024,-5.04989],[38.61932,-5.05346],[38.62303,-5.05958],[38.62181,-5.06522],[38.62414,-5.06836],[38.62472,-5.0736],[38.6278,-5.07541],[38.63036,-5.09392],[38.62711,-5.09913],[38.57478,-5.09818],[38.57002,-5.08657],[38.5706,-5.0713],[38.57609,-5.06024],[38.58834,-5.04387],[38.58894,-5.03052],[38.59136,-5.03123],[38.59247,-5.03557]]]},"properties":{"region":"Tanga","district":"Muheza","ward":"Mbomole","ward_code":"241"}},{"type":"Feature","geometry":{"type":"Polygon","coordinates":[[[38.6911,-5.03394],[38.68613,-5.04815],[38.68243,-5.04832],[38.6777,-5.04682],[38.66592,-5.06245],[38.66743,-5.08015],[38.65673,-5.08108],[38.65628,-5.07525],[38.65187,-5.07424],[38.65008,-5.07119],[38.64874,-5.07247],[38.64725,-5.07142],[38.64494,-5.07197],[38.64349,-5.07462],[38.64242,-5.08156],[38.64157,-5.08209],[38.64176,-5.092],[38.64409,-5.09646],[38.64946,-5.10388],[38.66142,-5.11255],[38.65595,-5.13395],[38.65108,-5.14855],[38.65227,-5.18508],[38.63302,-5.18853],[38.59597,-5.188],[38.58838,-5.17057],[38.58039,-5.16099],[38.57755,-5.1431],[38.57483,-5.10488],[38.57549,-5.09991],[38.57478,-5.09818],[38.62711,-5.09913],[38.63036,-5.09392],[38.6278,-5.07541],[38.63475,-5.07279],[38.64876,-5.0655],[38.64757,-5.06486],[38.64707,-5.06272],[38.64817,-5.06133],[38.65015,-5.06177],[38.65123,-5.05975],[38.64887,-5.05174],[38.65142,-5.0487],[38.65052,-5.04638],[38.65113,-5.04521],[38.65164,-5.04477],[38.65292,-5.04621],[38.65833,-5.04307],[38.66416,-5.04345],[38.66965,-5.02819],[38.67762,-5.01903],[38.6859,-5.02184],[38.68996,-5.02645],[38.68904,-5.02718],[38.69118,-5.029],[38.68822,-5.03225],[38.6911,-5.03394]]]},"properties":{"region":"Tanga","district":"Muheza","ward":"Amani","ward_code":"251"}},{"type":"Feature","geometry":{"type":"Polygon","coordinates":[[[38.71768,-4.94467],[38.7184,-4.947],[38.7205,-4.94792],[38.71985,-4.95091],[38.72146,-4.95318],[38.71934,-4.95806],[38.7183,-4.97052],[38.719,-4.97564],[38.72206,-4.97577],[38.72655,-4.98083],[38.73206,-4.98376],[38.73079,-4.98882],[38.72675,-4.99449],[38.72701,-4.99626],[38.72458,-4.99954],[38.72243,-4.99867],[38.72066,-4.99948],[38.72096,-5.00221],[38.71917,-5.00588],[38.71657,-5.00682],[38.71404,-5.01228],[38.71272,-5.01263],[38.71206,-5.01721],[38.70677,-5.02092],[38.70647,-5.02704],[38.70503,-5.02619],[38.70393,-5.02697],[38.69888,-5.02618],[38.68244,-5.02129],[38.67762,-5.01903],[38.66965,-5.02819],[38.66416,-5.04345],[38.65833,-5.04307],[38.65493,-5.0399],[38.65234,-5.02417],[38.65317,-5.01028],[38.65795,-4.9955],[38.6624,-4.98856],[38.66391,-4.98826],[38.66315,-4.98706],[38.66478,-4.98561],[38.66609,-4.97822],[38.66571,-4.96983],[38.66735,-4.96479],[38.67156,-4.95761],[38.68594,-4.95476],[38.69795,-4.95072],[38.70277,-4.9452],[38.70658,-4.93887],[38.71015,-4.93605],[38.71402,-4.93615],[38.71471,-4.93803],[38.7167,-4.93906],[38.71817,-4.94202],[38.71768,-4.94467]]]},"properties":{"region":"Tanga","district":"Muheza","ward":"Kwezitu","ward_code":"341"}},{"type":"Feature","geometry":{"type":"Polygon","coordinates":[[[39.08151,-5.07217],[39.08743,-5.07319],[39.0891,-5.07855],[39.06097,-5.09371],[39.05865,-5.08535],[39.05907,-5.08336],[39.05676,-5.07652],[39.05888,-5.07381],[39.06542,-5.07245],[39.06872,-5.06629],[39.07347,-5.0686],[39.08195,-5.07092],[39.08151,-5.07217]]]},"properties":{"region":"Tanga","district":"Tanga","ward":"Nguvumali","ward_code":"032"}},{"type":"Feature","geometry":{"type":"Polygon","coordinates":[[[39.08765,-5.06358],[39.0955,-5.06483],[39.0977,-5.0668],[39.09624,-5.06844],[39.0949,-5.07402],[39.08903,-5.07843],[39.08743,-5.07319],[39.08151,-5.07217],[39.08195,-5.07092],[39.07347,-5.0686],[39.06872,-5.06629],[39.07013,-5.06489],[39.07536,-5.06549],[39.07556,-5.06441],[39.0789,-5.06481],[39.0865,-5.06244],[39.08765,-5.06358]]]},"properties":{"region":"Tanga","district":"Tanga","ward":"Chumbageni","ward_code":"042"}},{"type":"Feature","geometry":{"type":"Polygon","coordinates":[[[38.99902,-4.99765],[39.00294,-4.99935],[39.01008,-4.99902],[39.01504,-5.00691],[39.01601,-5.01648],[39.02133,-5.02002],[39.02864,-5.01696],[39.03476,-5.02167],[39.042,-5.01946],[39.04322,-5.02112],[39.05025,-5.02542],[39.05221,-5.03012],[39.0525,-5.03563],[39.05418,-5.03627],[39.05511,-5.03971],[39.05751,-5.04003],[39.05942,-5.04313],[39.05898,-5.04433],[39.06052,-5.04581],[39.06336,-5.0438],[39.06336,-5.04697],[39.06407,-5.04735],[39.06749,-5.04546],[39.0692,-5.0465],[39.06906,-5.0456],[39.0702,-5.04607],[39.07153,-5.04408],[39.07467,-5.04456],[39.07586,-5.04309],[39.07743,-5.04347],[39.07942,-5.04167],[39.08406,-5.04384],[39.08651,-5.04394],[39.08915,-5.04246],[39.09089,-5.04287],[39.09155,-5.04631],[39.09076,-5.04724],[39.08835,-5.04657],[39.08528,-5.04916],[39.08416,-5.05502],[39.0822,-5.0562],[39.07716,-5.05573],[39.07544,-5.06116],[39.06822,-5.06407],[39.06584,-5.06795],[39.06578,-5.07114],[39.06352,-5.06813],[39.0632,-5.06481],[39.05829,-5.06149],[39.05669,-5.06283],[39.05082,-5.06301],[39.04859,-5.0643],[39.01555,-5.06713],[39.01535,-5.06935],[39.00137,-5.06981],[38.99804,-5.07121],[38.9979,-5.06747],[39.00006,-5.0611],[38.99831,-5.05164],[38.99897,-5.04852],[38.99807,-5.04646],[38.99219,-5.04575],[38.98053,-5.04184],[38.97776,-5.04362],[38.97758,-5.04941],[38.97176,-5.04566],[38.9702,-5.03842],[38.97316,-5.03145],[38.96363,-5.02579],[38.96007,-5.02154],[38.97969,-4.99114],[38.98665,-4.99511],[38.99902,-4.99765]]]},"properties":{"region":"Tanga","district":"Tanga","ward":"Mzizima","ward_code":"202"}},{"type":"Feature","geometry":{"type":"Polygon","coordinates":[[[39.06072,-4.97009],[39.06216,-4.97006],[39.06283,-4.96802],[39.06477,-4.96854],[39.06689,-4.96498],[39.07052,-4.96831],[39.06363,-5.00242],[39.06608,-5.0027],[39.06711,-5.00393],[39.06551,-5.00632],[39.06104,-5.00369],[39.05894,-5.00437],[39.05575,-5.00865],[39.07686,-5.024],[39.07605,-5.03144],[39.07771,-5.03565],[39.07947,-5.03736],[39.07942,-5.04167],[39.07809,-5.04314],[39.07586,-5.04309],[39.07467,-5.04456],[39.07153,-5.04408],[39.0702,-5.04607],[39.06906,-5.0456],[39.0692,-5.0465],[39.06749,-5.04546],[39.06407,-5.04735],[39.06336,-5.04697],[39.06336,-5.0438],[39.06052,-5.04581],[39.05898,-5.04433],[39.05942,-5.04313],[39.05751,-5.04003],[39.05511,-5.03971],[39.05418,-5.03627],[39.05191,-5.03442],[39.05221,-5.03012],[39.05025,-5.02542],[39.04322,-5.02112],[39.042,-5.01946],[39.03476,-5.02167],[39.02864,-5.01696],[39.02133,-5.02002],[39.01601,-5.01648],[39.01504,-5.00691],[39.01008,-4.99902],[39.00294,-4.99935],[38.99849,-4.99749],[38.99097,-4.9963],[38.98468,-4.99442],[38.97969,-4.99114],[38.98453,-4.98691],[38.98797,-4.98625],[38.99791,-4.98695],[39.00425,-4.98475],[39.01285,-4.96906],[39.01658,-4.96605],[39.02151,-4.96372],[39.04256,-4.96252],[39.05814,-4.96754],[39.06072,-4.97009]]]},"properties":{"region":"Tanga","district":"Tanga","ward":"Mabokweni","ward_code":"212"}},{"type":"Feature","geometry":{"type":"MultiPolygon","coordinates":[[[[39.16485,-5.02198],[39.16367,-5.0245],[39.16144,-5.02198],[39.16084,-5.01473],[39.1555,-5.002],[39.16144,-5.00156],[39.16768,-5.00245],[39.16916,-5.00348],[39.16575,-5.01251],[39.16485,-5.02198]]],[[[39.07052,-4.96831],[39.08376,-4.97061],[39.08803,-4.96911],[39.08807,-4.97397],[39.09164,-4.97907],[39.09359,-4.97782],[39.09437,-4.97432],[39.09817,-4.9726],[39.09954,-4.97023],[39.10114,-4.97082],[39.1028,-4.96946],[39.1034,-4.97041],[39.10251,-4.97278],[39.10375,-4.97219],[39.10429,-4.97047],[39.10661,-4.97017],[39.10678,-4.97213],[39.10369,-4.97367],[39.10779,-4.97479],[39.10892,-4.97621],[39.10886,-4.98195],[39.11053,-4.98254],[39.12063,-4.97846],[39.12295,-4.97876],[39.12425,-4.98024],[39.12384,-4.98154],[39.12206,-4.98219],[39.12224,-4.98559],[39.12554,-4.99095],[39.12915,-4.9928],[39.13428,-4.9928],[39.13381,-4.99649],[39.136,-4.99886],[39.14217,-4.99824],[39.14598,-5.0008],[39.15244,-5.00156],[39.15254,-5.00383],[39.14061,-5.00568],[39.13794,-5.01349],[39.13252,-5.01821],[39.13293,-5.02078],[39.1316,-5.02468],[39.12817,-5.0277],[39.12471,-5.02584],[39.12317,-5.02609],[39.11928,-5.02195],[39.11172,-5.02318],[39.10876,-5.02106],[39.1004,-5.02472],[39.10183,-5.02566],[39.09465,-5.02719],[39.09387,-5.02606],[39.09475,-5.02587],[39.09328,-5.02481],[39.09281,-5.02624],[39.08642,-5.02655],[39.0818,-5.0237],[39.07686,-5.024],[39.05575,-5.00865],[39.05894,-5.00437],[39.06104,-5.00369],[39.06551,-5.00632],[39.06711,-5.00393],[39.06608,-5.0027],[39.06363,-5.00242],[39.07052,-4.96831]]]]},"properties":{"region":"Tanga","district":"Tanga","ward":"Chongoleani","ward_code":"242"}},{"type":"Feature","geometry":{"type":"Polygon","coordinates":[[[39.12052,-5.05425],[39.12389,-5.05421],[39.1247,-5.05665],[39.12683,-5.05811],[39.12511,-5.05904],[39.12552,-5.06108],[39.12647,-5.06095],[39.12669,-5.06283],[39.12584,-5.06301],[39.12691,-5.0651],[39.12519,-5.07032],[39.1256,-5.07277],[39.10633,-5.07277],[39.10628,-5.07385],[39.10492,-5.07401],[39.09513,-5.07412],[39.09624,-5.06844],[39.0977,-5.0668],[39.10264,-5.06863],[39.10763,-5.06366],[39.1178,-5.06122],[39.1194,-5.05964],[39.12052,-5.05425]]]},"properties":{"region":"Tanga","district":"Tanga","ward":"Central","ward_code":"012"}},{"type":"Feature","geometry":{"type":"Polygon","coordinates":[[[39.10628,-5.07397],[39.10612,-5.07826],[39.09848,-5.07825],[39.09921,-5.07415],[39.10628,-5.07397]]]},"properties":{"region":"Tanga","district":"Tanga","ward":"Ngamiani Kaskazini","ward_code":"052"}},{"type":"Feature","geometry":{"type":"Polygon","coordinates":[[[39.10781,-5.08396],[39.10585,-5.08436],[39.10633,-5.07277],[39.11594,-5.07284],[39.11592,-5.07622],[39.11392,-5.07933],[39.10781,-5.08396]]]},"properties":{"region":"Tanga","district":"Tanga","ward":"Usagara","ward_code":"082"}},{"type":"Feature","geometry":{"type":"Polygon","coordinates":[[[39.11649,-5.09019],[39.1154,-5.09085],[39.11534,-5.09215],[39.11666,-5.09293],[39.11464,-5.09578],[39.11308,-5.09375],[39.10545,-5.09159],[39.10414,-5.09206],[39.10358,-5.0911],[39.10644,-5.08476],[39.10975,-5.08264],[39.11649,-5.09019]]]},"properties":{"region":"Tanga","district":"Tanga","ward":"Makorora","ward_code":"092"}},{"type":"Feature","geometry":{"type":"Polygon","coordinates":[[[39.12755,-5.0844],[39.12863,-5.08475],[39.13057,-5.08958],[39.1256,-5.08717],[39.12418,-5.08699],[39.1236,-5.08789],[39.12352,-5.08716],[39.12068,-5.0873],[39.11991,-5.08639],[39.11838,-5.08649],[39.11876,-5.08939],[39.11649,-5.09019],[39.10975,-5.08264],[39.11322,-5.08022],[39.11576,-5.07667],[39.11594,-5.07284],[39.1256,-5.07277],[39.12692,-5.07973],[39.12791,-5.08031],[39.12755,-5.0844]]]},"properties":{"region":"Tanga","district":"Tanga","ward":"Mzingani","ward_code":"102"}},{"type":"Feature","geometry":{"type":"MultiPolygon","coordinates":[[[[39.11838,-5.08649],[39.12352,-5.08716],[39.1236,-5.08789],[39.12418,-5.08699],[39.1256,-5.08717],[39.13057,-5.08958],[39.13196,-5.09695],[39.13414,-5.10141],[39.13464,-5.10639],[39.13791,-5.11002],[39.13991,-5.11865],[39.13934,-5.12144],[39.13683,-5.12314],[39.12736,-5.12411],[39.118,-5.12127],[39.11418,-5.1224],[39.11285,-5.12475],[39.10849,-5.11949],[39.11128,-5.11477],[39.10925,-5.11229],[39.11501,-5.10688],[39.1198,-5.10769],[39.12054,-5.10226],[39.11882,-5.10024],[39.12132,-5.0981],[39.11548,-5.09238],[39.1154,-5.09085],[39.11876,-5.08939],[39.11838,-5.08649]]],[[[39.16439,-5.089],[39.16558,-5.09025],[39.16255,-5.10416],[39.16582,-5.11067],[39.16636,-5.12789],[39.16529,-5.12889],[39.1597,-5.1296],[39.15453,-5.12582],[39.15358,-5.12392],[39.15352,-5.11108],[39.15103,-5.1051],[39.15293,-5.09983],[39.16243,-5.09267],[39.16511,-5.0861],[39.16439,-5.089]]]]},"properties":{"region":"Tanga","district":"Tanga","ward":"Mnyanjani","ward_code":"252"}},{"type":"Feature","geometry":{"type":"MultiPolygon","coordinates":[[[[39.11501,-5.10686],[39.11501,-5.10686],[39.11501,-5.10686],[39.11501,-5.10686]]],[[[39.11168,-5.10146],[39.11093,-5.10619],[39.11501,-5.10688],[39.10925,-5.11229],[39.11128,-5.11477],[39.10849,-5.11949],[39.10519,-5.11596],[39.09833,-5.11479],[39.09832,-5.1132],[39.09566,-5.11304],[39.09565,-5.11129],[39.09399,-5.11105],[39.09527,-5.11023],[39.09607,-5.1059],[39.09548,-5.10458],[39.09411,-5.10446],[39.09519,-5.09877],[39.11168,-5.10146]]]]},"properties":{"region":"Tanga","district":"Tanga","ward":"Magaoni","ward_code":"262"}},{"type":"Feature","geometry":{"type":"Polygon","coordinates":[[[39.09921,-5.07415],[39.09732,-5.08531],[39.09504,-5.08525],[39.09221,-5.08365],[39.08903,-5.07843],[39.09502,-5.07385],[39.09921,-5.07415]]]},"properties":{"region":"Tanga","district":"Tanga","ward":"Majengo","ward_code":"022"}},{"type":"Feature","geometry":{"type":"Polygon","coordinates":[[[39.09848,-5.07825],[39.10612,-5.07826],[39.106,-5.0817],[39.0979,-5.0818],[39.09848,-5.07825]]]},"properties":{"region":"Tanga","district":"Tanga","ward":"Ngamiani Kati","ward_code":"062"}},{"type":"Feature","geometry":{"type":"Polygon","coordinates":[[[39.10359,-5.08603],[39.09728,-5.08569],[39.0979,-5.0818],[39.106,-5.0817],[39.10648,-5.08473],[39.10359,-5.08603]]]},"properties":{"region":"Tanga","district":"Tanga","ward":"Ngamiani Kusini","ward_code":"072"}},{"type":"Feature","geometry":{"type":"Polygon","coordinates":[[[39.10644,-5.08476],[39.10265,-5.09227],[39.09857,-5.09495],[39.09584,-5.09479],[39.09728,-5.08569],[39.10232,-5.08616],[39.10644,-5.08476]]]},"properties":{"region":"Tanga","district":"Tanga","ward":"Msambweni","ward_code":"112"}},{"type":"Feature","geometry":{"type":"Polygon","coordinates":[[[39.0891,-5.07855],[39.09276,-5.08418],[39.09732,-5.08531],[39.09588,-5.09452],[39.08648,-5.09309],[39.085,-5.09954],[39.08255,-5.1045],[39.0812,-5.10444],[39.07874,-5.10634],[39.07367,-5.10649],[39.06556,-5.09991],[39.05961,-5.09764],[39.05866,-5.09498],[39.0891,-5.07855]]]},"properties":{"region":"Tanga","district":"Tanga","ward":"Mwanzange","ward_code":"122"}},{"type":"Feature","geometry":{"type":"Polygon","coordinates":[[[39.10358,-5.0911],[39.11308,-5.09375],[39.11464,-5.09578],[39.11666,-5.09293],[39.11752,-5.09356],[39.12132,-5.0981],[39.11882,-5.10024],[39.12054,-5.10226],[39.1198,-5.10769],[39.11093,-5.10619],[39.11168,-5.10146],[39.09519,-5.09877],[39.09584,-5.09479],[39.09857,-5.09495],[39.10358,-5.0911]],[[39.11501,-5.10686],[39.11501,-5.10686],[39.11501,-5.10686],[39.11501,-5.10686]]]},"properties":{"region":"Tanga","district":"Tanga","ward":"Mabawa","ward_code":"142"}},{"type":"Feature","geometry":{"type":"Polygon","coordinates":[[[39.09411,-5.10446],[39.09612,-5.10528],[39.09527,-5.11023],[39.09399,-5.11105],[39.09565,-5.11129],[39.09566,-5.11304],[39.09832,-5.1132],[39.09833,-5.11479],[39.10519,-5.11596],[39.11285,-5.12475],[39.10634,-5.13143],[39.10183,-5.1396],[39.10068,-5.14847],[39.10282,-5.15234],[39.10047,-5.1563],[39.09126,-5.15558],[39.08941,-5.14585],[39.0896,-5.14241],[39.09113,-5.14024],[39.09251,-5.14116],[39.09523,-5.13728],[39.0949,-5.13389],[39.09618,-5.13146],[39.08756,-5.12626],[39.08142,-5.12663],[39.07832,-5.12726],[39.07829,-5.12798],[39.07626,-5.12706],[39.07338,-5.12851],[39.07123,-5.12413],[39.0714,-5.12341],[39.07463,-5.12338],[39.07371,-5.12093],[39.0771,-5.11913],[39.08282,-5.11903],[39.08362,-5.11591],[39.08628,-5.11595],[39.08611,-5.11106],[39.08521,-5.11116],[39.08493,-5.10843],[39.08955,-5.10605],[39.08969,-5.10484],[39.09286,-5.10519],[39.09411,-5.10446]]]},"properties":{"region":"Tanga","district":"Tanga","ward":"Tangasisi","ward_code":"132"}},{"type":"Feature","geometry":{"type":"Polygon","coordinates":[[[39.06391,-5.16668],[39.06781,-5.17164],[39.07065,-5.17155],[39.07828,-5.17684],[39.08311,-5.17289],[39.08838,-5.17266],[39.09461,-5.17467],[39.09739,-5.18308],[39.08264,-5.20081],[39.06671,-5.21274],[39.06585,-5.22241],[39.07333,-5.22108],[39.08491,-5.22531],[39.08837,-5.22362],[39.08963,-5.22548],[39.08761,-5.23457],[39.08326,-5.24042],[39.07426,-5.25796],[39.07095,-5.26218],[39.06564,-5.25955],[39.06372,-5.25748],[39.06191,-5.2576],[39.06038,-5.25332],[39.05855,-5.25193],[39.05726,-5.23774],[39.05562,-5.23492],[39.06202,-5.22976],[39.06348,-5.22015],[39.05851,-5.21565],[39.05042,-5.21268],[39.04158,-5.21331],[39.03803,-5.21046],[39.03481,-5.21077],[39.03092,-5.20943],[39.02947,-5.20742],[39.02875,-5.20397],[39.02365,-5.20099],[39.01687,-5.20008],[39.01606,-5.19836],[39.01219,-5.19706],[39.01101,-5.19402],[39.0342,-5.18589],[39.03949,-5.18126],[39.0407,-5.17766],[39.04482,-5.17931],[39.04645,-5.17866],[39.04892,-5.17289],[39.0522,-5.1709],[39.05308,-5.1691],[39.05798,-5.16956],[39.06097,-5.1671],[39.06391,-5.16668]]]},"properties":{"region":"Tanga","district":"Tanga","ward":"Tongoni","ward_code":"152"}},{"type":"Feature","geometry":{"type":"Polygon","coordinates":[[[39.03092,-5.20943],[39.03481,-5.21077],[39.03803,-5.21046],[39.04158,-5.21331],[39.05042,-5.21268],[39.05851,-5.21565],[39.06348,-5.22015],[39.06202,-5.22976],[39.05223,-5.23873],[39.05288,-5.24601],[39.048,-5.24698],[39.04329,-5.24585],[39.03901,-5.24712],[39.0306,-5.24291],[39.03022,-5.23795],[39.02326,-5.23897],[39.02288,-5.23732],[39.01535,-5.23986],[39.01025,-5.24722],[38.99941,-5.24918],[38.99291,-5.24587],[38.99187,-5.2415],[38.97768,-5.23408],[38.96242,-5.22965],[38.96215,-5.22228],[38.95833,-5.21498],[38.96125,-5.21495],[38.97023,-5.20753],[38.98552,-5.20084],[39.00221,-5.1857],[39.00934,-5.18212],[39.01219,-5.19706],[39.01606,-5.19836],[39.01687,-5.20008],[39.02365,-5.20099],[39.02875,-5.20397],[39.02947,-5.20742],[39.03092,-5.20943]]]},"properties":{"region":"Tanga","district":"Tanga","ward":"Marungu","ward_code":"162"}},{"type":"Feature","geometry":{"type":"Polygon","coordinates":[[[38.97833,-5.12319],[38.98286,-5.12192],[38.98384,-5.13515],[38.98912,-5.13449],[38.9909,-5.15987],[38.99307,-5.16325],[39.0013,-5.16387],[38.99899,-5.1682],[39.00521,-5.17277],[39.01406,-5.17446],[39.0174,-5.17651],[39.0407,-5.17766],[39.03949,-5.18126],[39.0342,-5.18589],[39.01168,-5.19378],[39.00934,-5.18212],[39.00538,-5.18351],[38.98552,-5.20084],[38.97023,-5.20753],[38.96125,-5.21495],[38.95833,-5.21498],[38.95324,-5.20635],[38.95489,-5.20328],[38.95477,-5.20094],[38.9583,-5.19737],[38.95952,-5.19239],[38.95803,-5.18752],[38.95386,-5.18537],[38.9541,-5.17746],[38.95265,-5.17436],[38.95226,-5.16838],[38.95115,-5.1676],[38.9515,-5.16556],[38.95009,-5.16322],[38.95057,-5.16171],[38.94866,-5.16058],[38.94904,-5.15941],[38.9481,-5.15783],[38.94605,-5.1575],[38.94202,-5.15449],[38.93726,-5.14747],[38.93689,-5.14499],[38.93885,-5.14047],[38.93758,-5.12904],[38.95521,-5.12663],[38.96062,-5.12768],[38.96947,-5.12643],[38.96851,-5.117],[38.97756,-5.11619],[38.97833,-5.12319]]]},"properties":{"region":"Tanga","district":"Tanga","ward":"Pongwe","ward_code":"172"}},{"type":"Feature","geometry":{"type":"Polygon","coordinates":[[[39.04205,-5.07239],[39.04637,-5.07357],[39.0498,-5.07267],[39.05676,-5.07652],[39.05907,-5.08336],[39.05865,-5.08535],[39.06097,-5.09371],[39.05866,-5.09498],[39.05961,-5.09764],[39.06556,-5.09991],[39.06792,-5.10188],[39.06636,-5.10175],[39.06289,-5.10379],[39.05814,-5.11443],[39.05516,-5.11457],[39.05643,-5.12267],[39.05585,-5.12451],[39.05341,-5.12478],[39.05494,-5.13105],[39.05539,-5.13197],[39.05759,-5.13226],[39.05994,-5.13075],[39.06151,-5.13327],[39.05655,-5.13625],[39.05629,-5.14018],[39.05828,-5.14911],[39.05603,-5.15015],[39.05473,-5.15318],[39.0485,-5.15412],[39.04692,-5.15603],[39.04447,-5.1555],[39.04391,-5.15868],[39.04665,-5.16048],[39.04636,-5.16257],[39.05076,-5.16642],[39.05218,-5.16923],[39.05308,-5.1691],[39.0522,-5.1709],[39.04892,-5.17289],[39.04645,-5.17866],[39.04482,-5.17931],[39.0407,-5.17766],[39.0174,-5.17651],[39.01406,-5.17446],[39.00521,-5.17277],[38.99899,-5.1682],[39.0013,-5.16387],[38.99307,-5.16325],[38.9909,-5.15987],[38.98912,-5.13449],[38.98384,-5.13515],[38.98286,-5.12192],[38.97834,-5.12322],[38.97756,-5.11619],[38.96851,-5.117],[38.96947,-5.12643],[38.96062,-5.12768],[38.95521,-5.12663],[38.93758,-5.12904],[38.93479,-5.11154],[38.92138,-5.11417],[38.91924,-5.09718],[38.91952,-5.08932],[38.92042,-5.09006],[38.92241,-5.08971],[38.92024,-5.08707],[38.92041,-5.08642],[38.92231,-5.08668],[38.92293,-5.08264],[38.92628,-5.08154],[38.95538,-5.07798],[38.95618,-5.08245],[38.95991,-5.08203],[38.96668,-5.09994],[38.96837,-5.10229],[38.97013,-5.10031],[38.9685,-5.09937],[38.96879,-5.09835],[38.97047,-5.09972],[38.97127,-5.09848],[38.97052,-5.09687],[38.97161,-5.09579],[38.97309,-5.09713],[38.97295,-5.09613],[38.97462,-5.09516],[38.97438,-5.09675],[38.97637,-5.0974],[38.97687,-5.09602],[38.97792,-5.09674],[38.98375,-5.09188],[38.98484,-5.09243],[38.98476,-5.0915],[38.98595,-5.09198],[38.98646,-5.09119],[38.9892,-5.09264],[38.99163,-5.0907],[38.99267,-5.09157],[38.99559,-5.08965],[39.00102,-5.08914],[39.00124,-5.08784],[39.00292,-5.08819],[39.00298,-5.0893],[39.00412,-5.08915],[39.00805,-5.08722],[39.00843,-5.0846],[39.00991,-5.08357],[39.01257,-5.08368],[39.01548,-5.08131],[39.0155,-5.08033],[39.01698,-5.08306],[39.02313,-5.08105],[39.02576,-5.07889],[39.02826,-5.08075],[39.02959,-5.07627],[39.0307,-5.07651],[39.0381,-5.07316],[39.03933,-5.07456],[39.04037,-5.07428],[39.04205,-5.07239]]]},"properties":{"region":"Tanga","district":"Tanga","ward":"Maweni","ward_code":"182"}},{"type":"Feature","geometry":{"type":"Polygon","coordinates":[[[39.08648,-5.09309],[39.09588,-5.09452],[39.0943,-5.10389],[39.09391,-5.10505],[39.08969,-5.10484],[39.08955,-5.10605],[39.08493,-5.10843],[39.08521,-5.11116],[39.08611,-5.11106],[39.08628,-5.11595],[39.08362,-5.11591],[39.08137,-5.11796],[39.08002,-5.11637],[39.07806,-5.10635],[39.08255,-5.1045],[39.085,-5.09954],[39.08648,-5.09309]]]},"properties":{"region":"Tanga","district":"Tanga","ward":"Duga","ward_code":"192"}},{"type":"Feature","geometry":{"type":"Polygon","coordinates":[[[38.99187,-5.2415],[38.99291,-5.24587],[38.99941,-5.24918],[39.01025,-5.24722],[39.01535,-5.23986],[39.02288,-5.23732],[39.02326,-5.23897],[39.03022,-5.23795],[39.0306,-5.24291],[39.03901,-5.24712],[39.04329,-5.24585],[39.048,-5.24698],[39.05288,-5.24601],[39.05223,-5.23873],[39.05562,-5.23492],[39.05726,-5.23774],[39.05855,-5.25193],[39.06038,-5.25332],[39.06191,-5.2576],[39.04918,-5.25719],[38.99998,-5.27447],[38.99942,-5.28207],[38.9888,-5.28449],[38.97789,-5.26854],[38.97141,-5.26911],[38.96874,-5.26753],[38.95248,-5.26655],[38.93948,-5.25744],[38.93798,-5.24306],[38.93636,-5.24294],[38.93647,-5.24047],[38.95112,-5.23221],[38.96242,-5.22965],[38.97768,-5.23408],[38.99187,-5.2415]]]},"properties":{"region":"Tanga","district":"Tanga","ward":"Kirare","ward_code":"222"}},{"type":"Feature","geometry":{"type":"Polygon","coordinates":[[[38.93624,-5.01664],[38.94124,-5.01783],[38.94489,-5.01751],[38.96007,-5.02154],[38.96363,-5.02579],[38.97316,-5.03145],[38.9702,-5.03842],[38.97176,-5.04566],[38.97758,-5.04941],[38.97776,-5.04362],[38.98053,-5.04184],[38.99219,-5.04575],[38.99807,-5.04646],[38.99897,-5.04852],[38.99831,-5.05164],[39.00006,-5.0611],[38.9979,-5.06747],[38.99804,-5.07121],[39.00137,-5.06981],[39.01535,-5.06935],[39.01555,-5.06713],[39.04859,-5.0643],[39.05082,-5.06301],[39.05669,-5.06283],[39.05829,-5.06149],[39.0632,-5.06481],[39.06352,-5.06813],[39.06623,-5.07078],[39.06542,-5.07245],[39.05888,-5.07381],[39.05676,-5.07652],[39.0498,-5.07267],[39.04637,-5.07357],[39.04205,-5.07239],[39.04037,-5.07428],[39.03933,-5.07456],[39.0381,-5.07316],[39.0307,-5.07651],[39.02959,-5.07627],[39.02826,-5.08075],[39.02576,-5.07889],[39.02313,-5.08105],[39.01698,-5.08306],[39.0155,-5.08033],[39.01548,-5.08131],[39.01257,-5.08368],[39.00991,-5.08357],[39.00843,-5.0846],[39.00805,-5.08722],[39.00412,-5.08915],[39.00298,-5.0893],[39.00292,-5.08819],[39.00124,-5.08784],[39.00102,-5.08914],[38.99559,-5.08965],[38.99267,-5.09157],[38.99163,-5.0907],[38.9892,-5.09264],[38.98646,-5.09119],[38.98595,-5.09198],[38.98476,-5.0915],[38.98484,-5.09243],[38.98375,-5.09188],[38.97792,-5.09674],[38.97687,-5.09602],[38.97637,-5.0974],[38.97438,-5.09675],[38.97462,-5.09516],[38.97295,-5.09613],[38.97309,-5.09713],[38.97161,-5.09579],[38.97052,-5.09687],[38.97127,-5.09848],[38.97047,-5.09972],[38.96879,-5.09835],[38.9685,-5.09937],[38.97013,-5.10031],[38.96837,-5.10229],[38.96668,-5.09994],[38.95991,-5.08203],[38.95618,-5.08245],[38.95538,-5.07798],[38.92628,-5.08154],[38.92293,-5.08264],[38.92231,-5.08668],[38.92041,-5.08642],[38.92024,-5.08707],[38.92241,-5.08971],[38.92182,-5.08993],[38.92042,-5.09006],[38.91526,-5.08679],[38.91437,-5.08913],[38.9134,-5.08932],[38.91252,-5.08819],[38.91314,-5.08628],[38.91119,-5.08803],[38.90966,-5.08626],[38.90741,-5.08702],[38.90507,-5.08621],[38.9061,-5.07992],[38.90215,-5.07724],[38.90042,-5.06032],[38.9008,-5.04334],[38.8993,-5.03838],[38.90418,-5.03601],[38.90771,-5.03564],[38.91337,-5.0368],[38.9153,-5.03248],[38.91751,-5.03157],[38.91978,-5.02883],[38.91939,-5.02717],[38.92042,-5.02513],[38.92504,-5.0231],[38.92773,-5.01937],[38.93208,-5.01709],[38.93624,-5.01664]]]},"properties":{"region":"Tanga","district":"Tanga","ward":"Kiomoni","ward_code":"232"}},{"type":"Feature","geometry":{"type":"Polygon","coordinates":[[[39.07367,-5.10649],[39.07806,-5.10635],[39.08002,-5.11637],[39.08137,-5.11796],[39.08277,-5.11709],[39.08282,-5.11903],[39.0771,-5.11913],[39.07377,-5.12087],[39.07463,-5.12338],[39.0714,-5.12341],[39.07123,-5.12413],[39.0728,-5.12811],[39.07378,-5.12854],[39.07626,-5.12706],[39.07829,-5.12798],[39.07832,-5.12726],[39.08142,-5.12663],[39.08756,-5.12626],[39.09618,-5.13146],[39.0949,-5.13389],[39.09523,-5.13728],[39.09251,-5.14116],[39.09113,-5.14024],[39.08937,-5.14374],[39.09126,-5.15558],[39.09572,-5.156],[39.09608,-5.15924],[39.09947,-5.1626],[39.09925,-5.17049],[39.09461,-5.17467],[39.08838,-5.17266],[39.08311,-5.17289],[39.07828,-5.17684],[39.07065,-5.17155],[39.06781,-5.17164],[39.06391,-5.16668],[39.06097,-5.1671],[39.05798,-5.16956],[39.05544,-5.16947],[39.05526,-5.16879],[39.05218,-5.16923],[39.05076,-5.16642],[39.04636,-5.16257],[39.04665,-5.16048],[39.04391,-5.15868],[39.04447,-5.1555],[39.04692,-5.15603],[39.0485,-5.15412],[39.05473,-5.15318],[39.05603,-5.15015],[39.05828,-5.14911],[39.05629,-5.14018],[39.05655,-5.13625],[39.06151,-5.13327],[39.05994,-5.13075],[39.05759,-5.13226],[39.05539,-5.13197],[39.05494,-5.13105],[39.05341,-5.12478],[39.05585,-5.12451],[39.05643,-5.12267],[39.05516,-5.11457],[39.05814,-5.11443],[39.06289,-5.10379],[39.06636,-5.10175],[39.0717,-5.10422],[39.07367,-5.10649]]]},"properties":{"region":"Tanga","district":"Tanga","ward":"Masiwani","ward_code":"272"}},{"type":"Feature","geometry":{"type":"Polygon","coordinates":[[[38.9732,-5.31859],[38.97903,-5.32338],[38.98637,-5.32456],[38.99573,-5.32847],[39.00555,-5.33107],[38.9997,-5.34612],[38.99929,-5.35479],[38.99404,-5.37473],[38.99395,-5.38057],[38.98241,-5.40013],[38.98262,-5.40414],[38.95817,-5.39946],[38.95702,-5.39435],[38.94983,-5.38725],[38.95354,-5.38301],[38.95953,-5.37916],[38.96738,-5.37122],[38.96776,-5.36855],[38.97084,-5.36492],[38.96681,-5.35758],[38.96746,-5.33579],[38.97001,-5.31912],[38.9732,-5.31859]]]},"properties":{"region":"Tanga","district":"Pangani","ward":"Madanga","ward_code":"041"}},{"type":"Feature","geometry":{"type":"Polygon","coordinates":[[[39.02574,-5.39998],[39.02154,-5.40711],[39.01809,-5.41062],[39.0167,-5.40835],[39.0169,-5.40575],[39.01503,-5.40315],[39.01373,-5.40413],[39.01173,-5.40358],[39.01064,-5.4014],[38.99834,-5.40948],[38.99181,-5.4064],[38.98262,-5.40414],[38.98241,-5.40013],[38.99395,-5.38057],[38.99404,-5.37473],[38.99929,-5.35479],[38.9997,-5.34612],[39.00555,-5.33107],[39.01936,-5.33472],[39.02206,-5.35084],[39.04396,-5.35273],[39.04168,-5.36035],[39.03521,-5.37143],[39.03099,-5.387],[39.02755,-5.39376],[39.02574,-5.39998]]]},"properties":{"region":"Tanga","district":"Pangani","ward":"Kimang'a","ward_code":"051"}},{"type":"Feature","geometry":{"type":"Polygon","coordinates":[[[38.93228,-5.28514],[38.95066,-5.3115],[38.95997,-5.31659],[38.97001,-5.31912],[38.96746,-5.33579],[38.96681,-5.35758],[38.97084,-5.36492],[38.96776,-5.36855],[38.96738,-5.37122],[38.95953,-5.37916],[38.95354,-5.38301],[38.94983,-5.38725],[38.94739,-5.38495],[38.94532,-5.38657],[38.94294,-5.39239],[38.93798,-5.3939],[38.93493,-5.39185],[38.93268,-5.38789],[38.93003,-5.38615],[38.92776,-5.38935],[38.92834,-5.3965],[38.92747,-5.40354],[38.92191,-5.41378],[38.91914,-5.41498],[38.91336,-5.41385],[38.90404,-5.41394],[38.90352,-5.4117],[38.90667,-5.40781],[38.90468,-5.40468],[38.90319,-5.40466],[38.90064,-5.39432],[38.90257,-5.38811],[38.90316,-5.38078],[38.89788,-5.36323],[38.9,-5.35148],[38.89785,-5.34687],[38.8936,-5.32432],[38.89241,-5.32229],[38.88693,-5.32201],[38.88272,-5.31558],[38.8844,-5.31054],[38.88219,-5.30029],[38.88351,-5.29972],[38.88822,-5.29138],[38.89806,-5.28859],[38.90218,-5.28557],[38.91498,-5.29373],[38.92827,-5.29529],[38.93228,-5.28514]]]},"properties":{"region":"Tanga","district":"Pangani","ward":"Bushiri","ward_code":"061"}},{"type":"Feature","geometry":{"type":"Polygon","coordinates":[[[38.87521,-5.26507],[38.87766,-5.26513],[38.87849,-5.26626],[38.88074,-5.26673],[38.88652,-5.27333],[38.88852,-5.27336],[38.89002,-5.27214],[38.89801,-5.28003],[38.90218,-5.28557],[38.89806,-5.28859],[38.88822,-5.29138],[38.88197,-5.30148],[38.8844,-5.31054],[38.88272,-5.31558],[38.88693,-5.32201],[38.89241,-5.32229],[38.8936,-5.32432],[38.89785,-5.34687],[38.9,-5.35148],[38.89788,-5.36323],[38.90316,-5.38078],[38.90257,-5.38811],[38.90064,-5.39432],[38.90319,-5.40466],[38.89565,-5.4023],[38.88882,-5.38789],[38.87365,-5.39449],[38.86825,-5.40935],[38.85404,-5.41042],[38.85339,-5.39674],[38.84701,-5.39029],[38.82732,-5.38808],[38.81795,-5.39811],[38.81818,-5.40839],[38.80236,-5.40196],[38.79756,-5.41037],[38.78462,-5.40506],[38.77868,-5.41058],[38.77261,-5.40371],[38.76612,-5.40754],[38.7524,-5.40376],[38.75095,-5.4113],[38.74491,-5.41132],[38.74445,-5.41633],[38.73845,-5.41414],[38.73469,-5.41989],[38.72805,-5.41794],[38.72451,-5.40256],[38.75058,-5.38855],[38.77038,-5.36055],[38.77235,-5.35933],[38.78278,-5.34696],[38.80955,-5.32834],[38.81645,-5.32104],[38.81961,-5.31526],[38.82032,-5.31093],[38.82209,-5.31019],[38.82296,-5.3082],[38.82338,-5.30314],[38.82089,-5.29402],[38.82318,-5.28265],[38.827,-5.27678],[38.83081,-5.27515],[38.83322,-5.27189],[38.83731,-5.26961],[38.83957,-5.26982],[38.85899,-5.26548],[38.86651,-5.26673],[38.86985,-5.26922],[38.87521,-5.26507]]]},"properties":{"region":"Tanga","district":"Pangani","ward":"Masaika","ward_code":"141"}},{"type":"Feature","geometry":{"type":"Polygon","coordinates":[[[39.01173,-5.40358],[39.01373,-5.40413],[39.01503,-5.40315],[39.0169,-5.40575],[39.0167,-5.40835],[39.01809,-5.41062],[39.01409,-5.41148],[39.01236,-5.40958],[39.01326,-5.40767],[39.01043,-5.40705],[39.00222,-5.4107],[38.99788,-5.41454],[38.99582,-5.41181],[38.99305,-5.41288],[38.98902,-5.41922],[38.98215,-5.43376],[38.97634,-5.43082],[38.97873,-5.42436],[38.97763,-5.42355],[38.97974,-5.41997],[38.97854,-5.41964],[38.97951,-5.41561],[38.97884,-5.41155],[38.97543,-5.41067],[38.97637,-5.40279],[38.99181,-5.4064],[38.99834,-5.40948],[39.01064,-5.4014],[39.01173,-5.40358]]]},"properties":{"region":"Tanga","district":"Pangani","ward":"Pangani Mashariki","ward_code":"013"}},{"type":"Feature","geometry":{"type":"Polygon","coordinates":[[[38.95817,-5.39946],[38.97637,-5.40279],[38.97543,-5.41067],[38.97884,-5.41155],[38.97853,-5.41285],[38.97948,-5.41321],[38.97854,-5.41964],[38.97974,-5.41997],[38.97763,-5.42355],[38.97873,-5.42436],[38.97634,-5.43082],[38.9548,-5.42817],[38.95025,-5.42421],[38.94581,-5.40979],[38.94786,-5.4053],[38.9509,-5.40183],[38.956,-5.40232],[38.95817,-5.39946]]]},"properties":{"region":"Tanga","district":"Pangani","ward":"Pangani Magharibi","ward_code":"023"}},{"type":"Feature","geometry":{"type":"Polygon","coordinates":[[[38.98742,-5.44167],[38.98981,-5.44678],[38.99686,-5.44934],[38.99895,-5.44672],[39.00139,-5.4487],[39.00065,-5.45095],[39.00263,-5.45393],[38.99833,-5.4739],[38.99125,-5.49303],[38.99055,-5.49196],[38.98523,-5.49216],[38.98134,-5.48896],[38.98274,-5.48674],[38.98042,-5.47912],[38.97515,-5.47758],[38.97615,-5.47704],[38.98553,-5.45681],[38.9745,-5.44916],[38.9625,-5.44499],[38.9595,-5.44249],[38.95671,-5.44308],[38.95725,-5.43521],[38.95619,-5.43177],[38.95701,-5.42862],[38.97634,-5.43082],[38.9862,-5.43555],[38.98742,-5.44167]]]},"properties":{"region":"Tanga","district":"Pangani","ward":"Bweni","ward_code":"031"}},{"type":"Feature","geometry":{"type":"Polygon","coordinates":[[[38.9625,-5.44499],[38.9745,-5.44916],[38.98553,-5.45681],[38.97615,-5.47704],[38.97515,-5.47758],[38.98042,-5.47912],[38.98274,-5.48674],[38.98134,-5.48896],[38.98523,-5.49216],[38.98979,-5.49204],[38.98801,-5.49654],[38.98533,-5.49851],[38.98333,-5.50169],[38.97988,-5.52245],[38.97169,-5.53179],[38.9718,-5.55642],[38.96015,-5.56185],[38.94948,-5.54891],[38.94918,-5.51502],[38.95034,-5.50864],[38.95266,-5.50534],[38.95466,-5.50459],[38.95873,-5.50573],[38.95426,-5.50267],[38.9419,-5.50236],[38.92025,-5.49407],[38.91643,-5.49183],[38.92179,-5.48643],[38.92436,-5.48602],[38.92668,-5.48354],[38.92954,-5.48486],[38.93515,-5.48397],[38.94,-5.47865],[38.94103,-5.47592],[38.94607,-5.47196],[38.9506,-5.45896],[38.94911,-5.45538],[38.94937,-5.45271],[38.95116,-5.45059],[38.94918,-5.44734],[38.95053,-5.44361],[38.95336,-5.44277],[38.95664,-5.44691],[38.95671,-5.44308],[38.9595,-5.44249],[38.9625,-5.44499]]]},"properties":{"region":"Tanga","district":"Pangani","ward":"Mwera","ward_code":"071"}},{"type":"Feature","geometry":{"type":"Polygon","coordinates":[[[38.93523,-5.46387],[38.94,-5.47865],[38.93515,-5.48397],[38.92954,-5.48486],[38.92668,-5.48354],[38.92436,-5.48602],[38.92179,-5.48643],[38.91643,-5.49183],[38.92025,-5.49407],[38.9419,-5.50236],[38.95426,-5.50267],[38.95873,-5.50573],[38.95466,-5.50459],[38.95266,-5.50534],[38.95034,-5.50864],[38.94918,-5.51502],[38.9382,-5.51804],[38.93391,-5.52149],[38.92764,-5.521],[38.92677,-5.51989],[38.9237,-5.51969],[38.92113,-5.51585],[38.91745,-5.51554],[38.91397,-5.51653],[38.91088,-5.51909],[38.90355,-5.51652],[38.89158,-5.53047],[38.88572,-5.52942],[38.87417,-5.52158],[38.73301,-5.51578],[38.73244,-5.48891],[38.73009,-5.47149],[38.86247,-5.46284],[38.87788,-5.46644],[38.90051,-5.45334],[38.91988,-5.45718],[38.92636,-5.46216],[38.93523,-5.46387]]]},"properties":{"region":"Tanga","district":"Pangani","ward":"Tungamaa","ward_code":"081"}},{"type":"Feature","geometry":{"type":"Polygon","coordinates":[[[38.88564,-5.58888],[38.88814,-5.59032],[38.89473,-5.58716],[38.89889,-5.58989],[38.90027,-5.59345],[38.90441,-5.59211],[38.9071,-5.59239],[38.90889,-5.59459],[38.90886,-5.59697],[38.91249,-5.59904],[38.9378,-5.59987],[38.93422,-5.64098],[38.91766,-5.65962],[38.88862,-5.65664],[38.88682,-5.66032],[38.88524,-5.65913],[38.88495,-5.66153],[38.88383,-5.66095],[38.87874,-5.66216],[38.875,-5.66097],[38.86862,-5.662],[38.86645,-5.66396],[38.86574,-5.66332],[38.85395,-5.66382],[38.85239,-5.66785],[38.84958,-5.66919],[38.85018,-5.67356],[38.84718,-5.67447],[38.84719,-5.67592],[38.84568,-5.67587],[38.84562,-5.67689],[38.84437,-5.67682],[38.84406,-5.67781],[38.84194,-5.67715],[38.84302,-5.67613],[38.84157,-5.67563],[38.84138,-5.67439],[38.83963,-5.67467],[38.83806,-5.67693],[38.83553,-5.67208],[38.82715,-5.6721],[38.82552,-5.67649],[38.82252,-5.67637],[38.81843,-5.67362],[38.81371,-5.67464],[38.81237,-5.67612],[38.80605,-5.6754],[38.80025,-5.67678],[38.79542,-5.68077],[38.79542,-5.68404],[38.79021,-5.69422],[38.78321,-5.69497],[38.78232,-5.70091],[38.77748,-5.70338],[38.77053,-5.71213],[38.76286,-5.71279],[38.69894,-5.63475],[38.70193,-5.63418],[38.70281,-5.63627],[38.70465,-5.63576],[38.70514,-5.63866],[38.70814,-5.6393],[38.71159,-5.63692],[38.71828,-5.64186],[38.72644,-5.64529],[38.72918,-5.63911],[38.73412,-5.63567],[38.73769,-5.63482],[38.73798,-5.63586],[38.74079,-5.63412],[38.74509,-5.62606],[38.74893,-5.62572],[38.75307,-5.61973],[38.75877,-5.61983],[38.76003,-5.61796],[38.77062,-5.61826],[38.77087,-5.62065],[38.77471,-5.62237],[38.77946,-5.61908],[38.79369,-5.61727],[38.79859,-5.62179],[38.80289,-5.62017],[38.81072,-5.62055],[38.81642,-5.62317],[38.82401,-5.62014],[38.82671,-5.61752],[38.82835,-5.61888],[38.83225,-5.6197],[38.83414,-5.61728],[38.83963,-5.61646],[38.84331,-5.61444],[38.84341,-5.61097],[38.84634,-5.60655],[38.84849,-5.60091],[38.85983,-5.58691],[38.88564,-5.58888]]]},"properties":{"region":"Tanga","district":"Pangani","ward":"Kipumbwi","ward_code":"091"}},{"type":"Feature","geometry":{"type":"Polygon","coordinates":[[[38.94918,-5.51502],[38.94948,-5.54891],[38.96015,-5.56185],[38.95476,-5.56588],[38.9378,-5.59987],[38.91249,-5.59904],[38.90886,-5.59697],[38.90889,-5.59459],[38.9071,-5.59239],[38.90441,-5.59211],[38.90027,-5.59345],[38.89889,-5.58989],[38.89473,-5.58716],[38.88814,-5.59032],[38.88564,-5.58888],[38.85983,-5.58691],[38.84849,-5.60091],[38.84634,-5.60655],[38.84341,-5.61097],[38.84331,-5.61444],[38.83963,-5.61646],[38.83414,-5.61728],[38.83225,-5.6197],[38.82835,-5.61888],[38.82671,-5.61752],[38.82401,-5.62014],[38.81642,-5.62317],[38.81072,-5.62055],[38.80289,-5.62017],[38.79859,-5.62179],[38.79369,-5.61727],[38.77946,-5.61908],[38.77471,-5.62237],[38.77087,-5.62065],[38.77062,-5.61826],[38.76003,-5.61796],[38.75877,-5.61983],[38.75307,-5.61973],[38.74893,-5.62572],[38.74509,-5.62606],[38.74079,-5.63412],[38.73798,-5.63586],[38.73769,-5.63482],[38.73412,-5.63567],[38.72918,-5.63911],[38.72644,-5.64529],[38.71828,-5.64186],[38.71159,-5.63692],[38.70814,-5.6393],[38.70514,-5.63866],[38.70465,-5.63576],[38.70281,-5.63627],[38.70193,-5.63418],[38.69894,-5.63475],[38.69766,-5.63335],[38.73065,-5.5817],[38.73301,-5.51578],[38.87417,-5.52158],[38.88572,-5.52942],[38.89158,-5.53047],[38.90355,-5.51652],[38.91088,-5.51909],[38.91397,-5.51653],[38.91745,-5.51554],[38.92113,-5.51585],[38.9237,-5.51969],[38.92677,-5.51989],[38.92764,-5.521],[38.93391,-5.52149],[38.9382,-5.51804],[38.94918,-5.51502]]]},"properties":{"region":"Tanga","district":"Pangani","ward":"Mikinguni","ward_code":"101"}},{"type":"Feature","geometry":{"type":"Polygon","coordinates":[[[38.94739,-5.38495],[38.95702,-5.39435],[38.95817,-5.39946],[38.956,-5.40232],[38.9509,-5.40183],[38.94786,-5.4053],[38.94581,-5.40979],[38.95025,-5.42421],[38.9548,-5.42817],[38.95701,-5.42862],[38.95619,-5.43177],[38.95725,-5.43521],[38.95664,-5.44691],[38.95336,-5.44277],[38.95053,-5.44361],[38.94918,-5.44734],[38.95116,-5.45059],[38.94937,-5.45271],[38.94911,-5.45538],[38.9506,-5.45896],[38.94607,-5.47196],[38.94019,-5.47728],[38.93523,-5.46387],[38.92636,-5.46216],[38.91988,-5.45718],[38.90051,-5.45334],[38.87788,-5.46644],[38.86247,-5.46284],[38.73009,-5.47149],[38.72163,-5.45461],[38.71606,-5.4484],[38.71237,-5.44001],[38.7046,-5.42648],[38.70385,-5.42326],[38.70575,-5.42517],[38.70538,-5.42232],[38.70765,-5.42083],[38.70667,-5.41922],[38.70795,-5.41891],[38.70928,-5.42128],[38.70931,-5.41881],[38.7111,-5.41786],[38.71441,-5.42124],[38.71482,-5.42323],[38.71596,-5.4215],[38.717,-5.4236],[38.71923,-5.42273],[38.72353,-5.42414],[38.72414,-5.42244],[38.72504,-5.42412],[38.72513,-5.42166],[38.72643,-5.42127],[38.72805,-5.41794],[38.73469,-5.41989],[38.73845,-5.41414],[38.74445,-5.41633],[38.74491,-5.41132],[38.75095,-5.4113],[38.7524,-5.40376],[38.76612,-5.40754],[38.77261,-5.40371],[38.77868,-5.41058],[38.78462,-5.40506],[38.79756,-5.41037],[38.80236,-5.40196],[38.81818,-5.40839],[38.81795,-5.39811],[38.82732,-5.38808],[38.84701,-5.39029],[38.85339,-5.39674],[38.85404,-5.41042],[38.86825,-5.40935],[38.87365,-5.39449],[38.88882,-5.38789],[38.89565,-5.4023],[38.90468,-5.40468],[38.90667,-5.40781],[38.90352,-5.4117],[38.90404,-5.41394],[38.91336,-5.41385],[38.91914,-5.41498],[38.92191,-5.41378],[38.92747,-5.40354],[38.92834,-5.3965],[38.92776,-5.38935],[38.93003,-5.38615],[38.93268,-5.38789],[38.93493,-5.39185],[38.93798,-5.3939],[38.94294,-5.39239],[38.94532,-5.38657],[38.94739,-5.38495]]]},"properties":{"region":"Tanga","district":"Pangani","ward":"Ubangaa","ward_code":"111"}},{"type":"Feature","geometry":{"type":"Polygon","coordinates":[[[38.91766,-5.65962],[38.89513,-5.67047],[38.89513,-5.68253],[38.89755,-5.70077],[38.89646,-5.71406],[38.8736,-5.75446],[38.84101,-5.80779],[38.82622,-5.84181],[38.82127,-5.85733],[38.82252,-5.91031],[38.81925,-5.9362],[38.81499,-5.94371],[38.81074,-5.94888],[38.80729,-5.94944],[38.80475,-5.95289],[38.8004,-5.96623],[38.80025,-5.97031],[38.7985,-5.96959],[38.79751,-5.96571],[38.79546,-5.96567],[38.79545,-5.96715],[38.7945,-5.96609],[38.79417,-5.96828],[38.79083,-5.96842],[38.78936,-5.96719],[38.78913,-5.96897],[38.78756,-5.96889],[38.78748,-5.96722],[38.78598,-5.96693],[38.78528,-5.96803],[38.78427,-5.96737],[38.78259,-5.96847],[38.78098,-5.96605],[38.78184,-5.96552],[38.78106,-5.96449],[38.77919,-5.96595],[38.77745,-5.96601],[38.77537,-5.96467],[38.77405,-5.96218],[38.7726,-5.9621],[38.77216,-5.96379],[38.77066,-5.96387],[38.76847,-5.96063],[38.77022,-5.95827],[38.7675,-5.95524],[38.76711,-5.95295],[38.76573,-5.95361],[38.76418,-5.95133],[38.7605,-5.95223],[38.75823,-5.95101],[38.75705,-5.95137],[38.75683,-5.94993],[38.75433,-5.94887],[38.75283,-5.95024],[38.75031,-5.94875],[38.75065,-5.94716],[38.74439,-5.946],[38.75916,-5.77986],[38.76286,-5.71279],[38.77053,-5.71213],[38.77748,-5.70338],[38.78232,-5.70091],[38.78321,-5.69497],[38.79021,-5.69422],[38.79542,-5.68404],[38.79542,-5.68077],[38.80025,-5.67678],[38.80605,-5.6754],[38.81237,-5.67612],[38.81371,-5.67464],[38.81843,-5.67362],[38.82252,-5.67637],[38.82552,-5.67649],[38.82715,-5.6721],[38.83553,-5.67208],[38.83806,-5.67693],[38.83963,-5.67467],[38.84138,-5.67439],[38.84157,-5.67563],[38.84302,-5.67613],[38.84194,-5.67715],[38.84406,-5.67781],[38.84437,-5.67682],[38.84562,-5.67689],[38.84568,-5.67587],[38.84719,-5.67592],[38.84718,-5.67447],[38.85018,-5.67356],[38.84958,-5.66919],[38.85239,-5.66785],[38.85395,-5.66382],[38.86574,-5.66332],[38.86645,-5.66396],[38.86862,-5.662],[38.875,-5.66097],[38.87874,-5.66216],[38.88383,-5.66095],[38.88495,-5.66153],[38.88524,-5.65913],[38.88682,-5.66032],[38.88862,-5.65664],[38.91766,-5.65962]]]},"properties":{"region":"Tanga","district":"Pangani","ward":"Mkwaja","ward_code":"121"}},{"type":"Feature","geometry":{"type":"Polygon","coordinates":[[[38.69766,-5.63335],[38.76286,-5.71279],[38.75916,-5.77986],[38.74439,-5.946],[38.74394,-5.94848],[38.74268,-5.94883],[38.74199,-5.94769],[38.73366,-5.94935],[38.7339,-5.94811],[38.73093,-5.94468],[38.73058,-5.94221],[38.72796,-5.9427],[38.72737,-5.9438],[38.72534,-5.94236],[38.72427,-5.94286],[38.72363,-5.94206],[38.72424,-5.94127],[38.72206,-5.93967],[38.72159,-5.94106],[38.72092,-5.93994],[38.71946,-5.9404],[38.71938,-5.93942],[38.71643,-5.94013],[38.71593,-5.94352],[38.71398,-5.94411],[38.71469,-5.94627],[38.7114,-5.95078],[38.70688,-5.95104],[38.70587,-5.94923],[38.70265,-5.94757],[38.69931,-5.9442],[38.688,-5.94325],[38.67948,-5.94014],[38.66952,-5.93081],[38.66755,-5.92389],[38.66698,-5.91133],[38.66159,-5.9025],[38.66178,-5.89474],[38.66478,-5.88633],[38.66205,-5.882],[38.6617,-5.87985],[38.66543,-5.87336],[38.6673,-5.85959],[38.6648,-5.85586],[38.66528,-5.85005],[38.66335,-5.84674],[38.66196,-5.83223],[38.66483,-5.82376],[38.66259,-5.81787],[38.66418,-5.81206],[38.66149,-5.80002],[38.66159,-5.79557],[38.65909,-5.79226],[38.65806,-5.78638],[38.66601,-5.76932],[38.66258,-5.76407],[38.6594,-5.76318],[38.65433,-5.75785],[38.65505,-5.75618],[38.65758,-5.75543],[38.65871,-5.75357],[38.65204,-5.68812],[38.64287,-5.6354],[38.69766,-5.63335]]]},"properties":{"region":"Tanga","district":"Pangani","ward":"Mkalamo","ward_code":"131"}},{"type":"Feature","geometry":{"type":"Polygon","coordinates":[[[38.2464,-5.17654],[38.25571,-5.18022],[38.26069,-5.17929],[38.27259,-5.17963],[38.27417,-5.18503],[38.27766,-5.18753],[38.2821,-5.18822],[38.28458,-5.19034],[38.28438,-5.19593],[38.28695,-5.19888],[38.28812,-5.20346],[38.28579,-5.22102],[38.28275,-5.23244],[38.27649,-5.23856],[38.27394,-5.2444],[38.27503,-5.24834],[38.27464,-5.25024],[38.26744,-5.25767],[38.26279,-5.25932],[38.25826,-5.26466],[38.2549,-5.27395],[38.25535,-5.28202],[38.2575,-5.2895],[38.2596,-5.29254],[38.264,-5.29388],[38.26802,-5.29699],[38.26846,-5.29927],[38.28887,-5.31162],[38.29137,-5.32161],[38.30308,-5.32086],[38.3077,-5.32161],[38.31547,-5.31808],[38.33099,-5.35224],[38.33397,-5.36582],[38.33745,-5.37661],[38.34266,-5.38508],[38.34147,-5.40816],[38.32071,-5.41061],[38.31535,-5.45404],[38.31325,-5.45703],[38.31586,-5.46381],[38.30818,-5.47098],[38.31162,-5.47831],[38.30986,-5.48019],[38.30813,-5.47901],[38.30481,-5.48064],[38.30772,-5.48541],[38.30997,-5.48729],[38.30691,-5.49197],[38.30397,-5.48915],[38.30118,-5.49017],[38.29631,-5.48703],[38.29427,-5.4824],[38.29028,-5.47963],[38.28392,-5.48154],[38.28403,-5.4863],[38.27296,-5.49231],[38.26588,-5.48858],[38.26551,-5.4852],[38.26218,-5.4849],[38.25082,-5.49545],[38.25064,-5.50071],[38.24714,-5.50375],[38.2446,-5.50072],[38.23944,-5.50165],[38.23509,-5.49855],[38.23319,-5.50077],[38.23288,-5.50301],[38.22616,-5.50419],[38.22365,-5.50382],[38.22552,-5.49717],[38.22588,-5.48145],[38.22694,-5.47758],[38.2286,-5.47756],[38.22704,-5.44343],[38.21975,-5.40173],[38.21614,-5.40124],[38.19957,-5.40411],[38.18866,-5.40292],[38.17788,-5.39293],[38.17645,-5.38651],[38.18129,-5.37846],[38.18412,-5.3757],[38.19113,-5.37479],[38.19908,-5.37135],[38.19639,-5.35683],[38.1931,-5.35308],[38.19266,-5.34858],[38.19642,-5.33467],[38.20886,-5.29967],[38.20425,-5.28737],[38.2017,-5.26617],[38.21209,-5.23215],[38.22058,-5.22064],[38.22904,-5.21426],[38.23132,-5.20785],[38.23013,-5.19985],[38.23909,-5.18854],[38.2464,-5.17654]]]},"properties":{"region":"Tanga","district":"Handeni","ward":"Sindeni","ward_code":"101"}},{"type":"Feature","geometry":{"type":"Polygon","coordinates":[[[37.88225,-4.97278],[37.88595,-4.97667],[37.88851,-4.97618],[37.88959,-4.98013],[37.89637,-4.97789],[37.90062,-4.97803],[37.90107,-4.97725],[37.91006,-4.97832],[37.95772,-4.99683],[37.99461,-5.03145],[38.01863,-5.0718],[38.04158,-5.10183],[38.14743,-5.12453],[38.2101,-5.15772],[38.22472,-5.17736],[38.23345,-5.17959],[38.2464,-5.17654],[38.23909,-5.18854],[38.23013,-5.19985],[38.23132,-5.20785],[38.22904,-5.21426],[38.22058,-5.22064],[38.21209,-5.23215],[38.2017,-5.26617],[38.20425,-5.28737],[38.20886,-5.29967],[38.19642,-5.33467],[38.19266,-5.34858],[38.1931,-5.35308],[38.19639,-5.35683],[38.19908,-5.37135],[38.19113,-5.37479],[38.18412,-5.3757],[38.18129,-5.37846],[38.17645,-5.38651],[38.17788,-5.39293],[38.15513,-5.39987],[38.14874,-5.38399],[38.14885,-5.37992],[38.14732,-5.37669],[38.14456,-5.37428],[38.14471,-5.37168],[38.13905,-5.36788],[38.13978,-5.36651],[38.1389,-5.36356],[38.13773,-5.36131],[38.1355,-5.36031],[38.13145,-5.35186],[38.13015,-5.33985],[38.12321,-5.33134],[38.12838,-5.30789],[38.13176,-5.28623],[38.12687,-5.27197],[38.12787,-5.26529],[38.11696,-5.26758],[38.10948,-5.26748],[38.08605,-5.2488],[38.08034,-5.25928],[38.07131,-5.30783],[38.06831,-5.31614],[38.06308,-5.32597],[38.05018,-5.32033],[38.02781,-5.29047],[38.01417,-5.27841],[37.98819,-5.26428],[37.97928,-5.24691],[37.97995,-5.22917],[37.97494,-5.22596],[37.96627,-5.22765],[37.95252,-5.21738],[37.94604,-5.21388],[37.93834,-5.21119],[37.92988,-5.17788],[37.85897,-5.17614],[37.86277,-5.15493],[37.85967,-5.15043],[37.86323,-5.14561],[37.84918,-5.13099],[37.8496,-5.11635],[37.84541,-5.11411],[37.84544,-5.11114],[37.84305,-5.10643],[37.83995,-5.10466],[37.83926,-5.09927],[37.84239,-5.09599],[37.84182,-5.09435],[37.84449,-5.08709],[37.84257,-5.08369],[37.84232,-5.07915],[37.84293,-5.07617],[37.84603,-5.07431],[37.84669,-5.07165],[37.84436,-5.06553],[37.84587,-5.063],[37.8458,-5.05918],[37.84744,-5.05734],[37.8445,-5.05556],[37.84484,-5.05283],[37.84156,-5.04696],[37.84436,-5.04266],[37.84191,-5.03542],[37.83918,-5.03447],[37.83726,-5.03078],[37.83788,-5.02962],[37.83644,-5.02389],[37.83556,-5.023],[37.83235,-5.02286],[37.83071,-5.01604],[37.82843,-5.01481],[37.82783,-5.01089],[37.82854,-5.00632],[37.83068,-5.00604],[37.83314,-5.00401],[37.83166,-5.00178],[37.8338,-5.00032],[37.83508,-4.9961],[37.83888,-4.99541],[37.84057,-4.99226],[37.84075,-4.98802],[37.84413,-4.98975],[37.84458,-4.98571],[37.84749,-4.98486],[37.84746,-4.98294],[37.84926,-4.98123],[37.85232,-4.98212],[37.85495,-4.98061],[37.85713,-4.98294],[37.85927,-4.98192],[37.86317,-4.98396],[37.86334,-4.98217],[37.86545,-4.98244],[37.8671,-4.98018],[37.86855,-4.98079],[37.86996,-4.97853],[37.87938,-4.97727],[37.88225,-4.97278]]]},"properties":{"region":"Tanga","district":"Handeni","ward":"Misima","ward_code":"111"}},{"type":"Feature","geometry":{"type":"Polygon","coordinates":[[[38.21981,-5.40206],[38.22704,-5.44343],[38.2286,-5.47756],[38.22175,-5.47767],[38.2098,-5.48543],[38.19827,-5.49099],[38.18663,-5.49185],[38.17629,-5.49033],[38.16544,-5.52472],[38.17093,-5.52607],[38.17326,-5.52799],[38.17255,-5.52994],[38.16807,-5.52806],[38.16724,-5.52971],[38.16945,-5.53383],[38.17093,-5.53457],[38.17255,-5.53386],[38.17293,-5.53532],[38.17475,-5.53668],[38.17365,-5.53774],[38.17399,-5.54085],[38.1705,-5.54156],[38.16571,-5.53875],[38.14823,-5.53849],[38.13364,-5.53981],[38.12445,-5.53263],[38.103,-5.53026],[38.10238,-5.52427],[38.10383,-5.51867],[38.10329,-5.51344],[38.09707,-5.50059],[38.10545,-5.48888],[38.10388,-5.48697],[38.10528,-5.48599],[38.10493,-5.47607],[38.1023,-5.47331],[38.10152,-5.46947],[38.10252,-5.46706],[38.10764,-5.4619],[38.13128,-5.47337],[38.14093,-5.45675],[38.14459,-5.45389],[38.15297,-5.43859],[38.15263,-5.43727],[38.15769,-5.43051],[38.16023,-5.42901],[38.15967,-5.41541],[38.16286,-5.41039],[38.16984,-5.41165],[38.17276,-5.41086],[38.17508,-5.41264],[38.18801,-5.40831],[38.18866,-5.40292],[38.19957,-5.40411],[38.21614,-5.40124],[38.21981,-5.40206]]]},"properties":{"region":"Tanga","district":"Handeni","ward":"Kiva","ward_code":"121"}},{"type":"Feature","geometry":{"type":"Polygon","coordinates":[[[38.46204,-5.22968],[38.46795,-5.23531],[38.46965,-5.23476],[38.46975,-5.23382],[38.47334,-5.23288],[38.473,-5.23436],[38.47427,-5.23585],[38.47473,-5.24039],[38.47297,-5.24092],[38.47364,-5.24437],[38.47846,-5.24644],[38.48291,-5.24699],[38.4827,-5.24274],[38.48396,-5.24223],[38.48571,-5.24389],[38.48455,-5.24595],[38.48625,-5.24651],[38.48798,-5.24404],[38.48862,-5.24484],[38.48936,-5.24398],[38.49322,-5.24445],[38.49564,-5.2416],[38.4985,-5.24169],[38.49818,-5.24078],[38.49979,-5.2409],[38.50074,-5.23965],[38.50333,-5.24021],[38.50534,-5.23878],[38.50634,-5.23637],[38.50932,-5.2353],[38.5121,-5.23675],[38.51291,-5.23578],[38.51478,-5.23626],[38.51575,-5.23468],[38.52025,-5.23823],[38.52186,-5.23825],[38.52324,-5.24224],[38.5263,-5.24389],[38.52995,-5.24279],[38.53609,-5.24684],[38.54003,-5.24297],[38.54325,-5.24279],[38.54501,-5.24527],[38.5485,-5.24392],[38.54852,-5.24498],[38.54986,-5.24536],[38.54886,-5.24641],[38.55113,-5.24753],[38.55357,-5.2507],[38.55603,-5.25169],[38.5592,-5.2514],[38.5617,-5.25467],[38.56272,-5.26058],[38.56075,-5.26248],[38.56131,-5.26784],[38.56246,-5.27019],[38.56465,-5.27032],[38.56483,-5.27502],[38.56741,-5.27846],[38.56909,-5.28377],[38.56725,-5.28584],[38.5682,-5.28812],[38.56118,-5.29237],[38.5578,-5.29707],[38.55777,-5.29921],[38.5603,-5.29892],[38.56145,-5.30021],[38.58002,-5.30497],[38.57587,-5.31203],[38.57552,-5.3149],[38.58439,-5.32637],[38.58072,-5.3346],[38.56293,-5.35192],[38.5567,-5.35921],[38.55433,-5.36536],[38.553,-5.37331],[38.54678,-5.3749],[38.50596,-5.37457],[38.48738,-5.37704],[38.48046,-5.37601],[38.43862,-5.37567],[38.44101,-5.35998],[38.44026,-5.33789],[38.4377,-5.32631],[38.43989,-5.31016],[38.44558,-5.30468],[38.44427,-5.28871],[38.4461,-5.27783],[38.44528,-5.26639],[38.44408,-5.2503],[38.44123,-5.24593],[38.44507,-5.23602],[38.44844,-5.23173],[38.4483,-5.21464],[38.45214,-5.21191],[38.46,-5.21931],[38.46106,-5.22405],[38.46293,-5.2254],[38.46204,-5.22968]]]},"properties":{"region":"Tanga","district":"Handeni","ward":"Segera","ward_code":"011"}},{"type":"Feature","geometry":{"type":"Polygon","coordinates":[[[38.58439,-5.32637],[38.61183,-5.36309],[38.61414,-5.36278],[38.63459,-5.37253],[38.63414,-5.37677],[38.63547,-5.37894],[38.63711,-5.38697],[38.63663,-5.3896],[38.64011,-5.39841],[38.63967,-5.40396],[38.6417,-5.40784],[38.64243,-5.41326],[38.64403,-5.4155],[38.64915,-5.41624],[38.65507,-5.41276],[38.66058,-5.41454],[38.66372,-5.41342],[38.66528,-5.41413],[38.66702,-5.41203],[38.67424,-5.41034],[38.67473,-5.40894],[38.6776,-5.41011],[38.67838,-5.41182],[38.68015,-5.41136],[38.68053,-5.41274],[38.68156,-5.4124],[38.68149,-5.41048],[38.68389,-5.41152],[38.68424,-5.41287],[38.6854,-5.41254],[38.68427,-5.41413],[38.68551,-5.41516],[38.68491,-5.4163],[38.6877,-5.41541],[38.68861,-5.4162],[38.6872,-5.42248],[38.68522,-5.42325],[38.68562,-5.42435],[38.68856,-5.42334],[38.68829,-5.42585],[38.6908,-5.42514],[38.69501,-5.42733],[38.69631,-5.42669],[38.69699,-5.42858],[38.69804,-5.42582],[38.6968,-5.42479],[38.69909,-5.4256],[38.69964,-5.42772],[38.70162,-5.42693],[38.70355,-5.42738],[38.70279,-5.42589],[38.7044,-5.42559],[38.71606,-5.4484],[38.72163,-5.45461],[38.73009,-5.47149],[38.66734,-5.47163],[38.63774,-5.45389],[38.62079,-5.44564],[38.59552,-5.43886],[38.59823,-5.43268],[38.59791,-5.4304],[38.59293,-5.42468],[38.59254,-5.41889],[38.59087,-5.4197],[38.58156,-5.41899],[38.57241,-5.42366],[38.56192,-5.42441],[38.5598,-5.41835],[38.56041,-5.41733],[38.55634,-5.39691],[38.55786,-5.38969],[38.55685,-5.37494],[38.553,-5.37331],[38.55433,-5.36536],[38.5567,-5.35921],[38.56293,-5.35192],[38.58072,-5.3346],[38.58439,-5.32637]]]},"properties":{"region":"Tanga","district":"Handeni","ward":"Kwamgwe","ward_code":"201"}},{"type":"Feature","geometry":{"type":"Polygon","coordinates":[[[38.40526,-5.43373],[38.41944,-5.43653],[38.42188,-5.43611],[38.42441,-5.43749],[38.42684,-5.43593],[38.42326,-5.44475],[38.42252,-5.45445],[38.42537,-5.46216],[38.42728,-5.47229],[38.42766,-5.4821],[38.42994,-5.49268],[38.42308,-5.49833],[38.41669,-5.50553],[38.39531,-5.50753],[38.39735,-5.52199],[38.39373,-5.53078],[38.38641,-5.53701],[38.38671,-5.54144],[38.38872,-5.54425],[38.38759,-5.54909],[38.38461,-5.54951],[38.37963,-5.56004],[38.38457,-5.56445],[38.38891,-5.5723],[38.39268,-5.57471],[38.39355,-5.57989],[38.3983,-5.5845],[38.39555,-5.58883],[38.39471,-5.59574],[38.38964,-5.6027],[38.3844,-5.61309],[38.38074,-5.6251],[38.37954,-5.63645],[38.37832,-5.63855],[38.37776,-5.63765],[38.377,-5.63867],[38.3756,-5.63829],[38.37684,-5.64155],[38.36944,-5.63983],[38.36599,-5.64095],[38.37117,-5.64627],[38.3707,-5.6481],[38.36829,-5.64845],[38.36634,-5.65489],[38.36192,-5.65559],[38.3594,-5.6548],[38.35756,-5.65616],[38.3582,-5.65993],[38.35608,-5.66157],[38.35566,-5.6639],[38.3459,-5.66845],[38.3411,-5.66915],[38.33766,-5.66779],[38.33017,-5.66985],[38.32981,-5.67204],[38.32819,-5.67068],[38.32505,-5.66228],[38.31701,-5.65929],[38.30983,-5.65924],[38.30148,-5.65669],[38.29465,-5.65682],[38.28664,-5.66055],[38.27861,-5.6599],[38.28052,-5.64743],[38.27591,-5.63177],[38.2915,-5.61986],[38.29874,-5.60928],[38.30066,-5.57952],[38.29973,-5.57252],[38.28747,-5.55674],[38.29134,-5.54106],[38.29085,-5.51388],[38.29281,-5.49958],[38.2943,-5.49081],[38.29631,-5.48703],[38.30118,-5.49017],[38.30397,-5.48915],[38.30691,-5.49197],[38.30997,-5.48729],[38.30772,-5.48541],[38.30481,-5.48064],[38.30813,-5.47901],[38.30986,-5.48019],[38.31162,-5.47831],[38.30818,-5.47098],[38.31586,-5.46381],[38.31325,-5.45703],[38.31535,-5.45404],[38.32071,-5.41061],[38.34147,-5.40816],[38.34411,-5.42419],[38.36338,-5.42977],[38.37889,-5.42995],[38.39366,-5.43282],[38.40526,-5.43373]]]},"properties":{"region":"Tanga","district":"Handeni","ward":"Ndolwa","ward_code":"021"}},{"type":"Feature","geometry":{"type":"Polygon","coordinates":[[[38.47525,-5.50352],[38.47441,-5.50663],[38.4751,-5.51383],[38.47248,-5.52024],[38.46692,-5.52753],[38.46395,-5.53632],[38.50893,-5.5466],[38.51772,-5.54498],[38.52198,-5.55363],[38.54327,-5.55966],[38.55283,-5.55907],[38.55855,-5.56414],[38.57868,-5.58889],[38.58922,-5.61101],[38.56007,-5.61465],[38.54657,-5.61075],[38.54558,-5.62091],[38.53644,-5.6194],[38.52939,-5.60845],[38.51553,-5.5921],[38.50577,-5.55963],[38.49146,-5.57248],[38.47758,-5.57751],[38.47163,-5.60215],[38.46847,-5.6013],[38.46472,-5.60353],[38.46494,-5.60002],[38.46157,-5.59773],[38.45563,-5.60002],[38.4536,-5.59608],[38.44902,-5.59347],[38.45202,-5.58945],[38.44833,-5.58422],[38.44116,-5.58422],[38.4374,-5.58564],[38.4336,-5.58305],[38.43545,-5.57016],[38.42872,-5.55658],[38.43252,-5.54252],[38.43443,-5.52851],[38.42966,-5.52287],[38.42888,-5.5098],[38.42495,-5.50576],[38.4232,-5.50759],[38.42053,-5.50609],[38.41669,-5.50553],[38.42308,-5.49833],[38.42994,-5.49268],[38.42766,-5.4821],[38.42728,-5.47229],[38.42537,-5.46216],[38.4284,-5.45831],[38.44022,-5.44928],[38.44344,-5.44908],[38.47182,-5.46145],[38.47962,-5.46659],[38.48385,-5.47193],[38.49179,-5.47758],[38.48391,-5.49316],[38.47525,-5.50352]]]},"properties":{"region":"Tanga","district":"Handeni","ward":"Kabuku","ward_code":"131"}},{"type":"Feature","geometry":{"type":"Polygon","coordinates":[[[38.33022,-5.19114],[38.35629,-5.19777],[38.36075,-5.20026],[38.36931,-5.19475],[38.38005,-5.19417],[38.38771,-5.2027],[38.40264,-5.20672],[38.41455,-5.21337],[38.42303,-5.21501],[38.42728,-5.21334],[38.42835,-5.21575],[38.42994,-5.21352],[38.44078,-5.2119],[38.45214,-5.21191],[38.4483,-5.21464],[38.44844,-5.23173],[38.44507,-5.23602],[38.44123,-5.24593],[38.44408,-5.2503],[38.4461,-5.27783],[38.44427,-5.28871],[38.44558,-5.30468],[38.43989,-5.31016],[38.4377,-5.32631],[38.44026,-5.33789],[38.44101,-5.35998],[38.4354,-5.39407],[38.43287,-5.41768],[38.42684,-5.43593],[38.42441,-5.43749],[38.42188,-5.43611],[38.41944,-5.43653],[38.37889,-5.42995],[38.36338,-5.42977],[38.34411,-5.42419],[38.34147,-5.40816],[38.34266,-5.38508],[38.33745,-5.37661],[38.33397,-5.36582],[38.33099,-5.35224],[38.31547,-5.31808],[38.3077,-5.32161],[38.30308,-5.32086],[38.29137,-5.32161],[38.28887,-5.31162],[38.26846,-5.29927],[38.26802,-5.29699],[38.264,-5.29388],[38.2596,-5.29254],[38.2575,-5.2895],[38.25535,-5.28202],[38.2549,-5.27395],[38.25826,-5.26466],[38.26279,-5.25932],[38.26744,-5.25767],[38.27464,-5.25024],[38.27503,-5.24834],[38.27394,-5.2444],[38.27649,-5.23856],[38.28275,-5.23244],[38.28579,-5.22102],[38.28812,-5.20346],[38.28695,-5.19888],[38.28438,-5.19593],[38.28458,-5.19034],[38.28853,-5.19061],[38.29472,-5.19273],[38.31834,-5.18816],[38.32499,-5.19097],[38.33022,-5.19114]]]},"properties":{"region":"Tanga","district":"Handeni","ward":"Kwamatuku","ward_code":"141"}},{"type":"Feature","geometry":{"type":"Polygon","coordinates":[[[38.55685,-5.37494],[38.55786,-5.38969],[38.55634,-5.39691],[38.56041,-5.41733],[38.5598,-5.41835],[38.56192,-5.42441],[38.55019,-5.42931],[38.54643,-5.4321],[38.54592,-5.47723],[38.54445,-5.49562],[38.5354,-5.49476],[38.52295,-5.48887],[38.51902,-5.49031],[38.51379,-5.48781],[38.50147,-5.48596],[38.48385,-5.47193],[38.47962,-5.46659],[38.47182,-5.46145],[38.44344,-5.44908],[38.44022,-5.44928],[38.43629,-5.45179],[38.4284,-5.45831],[38.42537,-5.46216],[38.42252,-5.45445],[38.42326,-5.44475],[38.42892,-5.43091],[38.43287,-5.41768],[38.4354,-5.39407],[38.43862,-5.37567],[38.48046,-5.37601],[38.48738,-5.37704],[38.50596,-5.37457],[38.54678,-5.3749],[38.553,-5.37331],[38.55685,-5.37494]]]},"properties":{"region":"Tanga","district":"Handeni","ward":"Kwedizinga","ward_code":"151"}},{"type":"Feature","geometry":{"type":"Polygon","coordinates":[[[38.59254,-5.41889],[38.59293,-5.42468],[38.59791,-5.4304],[38.59823,-5.43268],[38.59552,-5.43886],[38.62079,-5.44564],[38.63774,-5.45389],[38.66734,-5.47163],[38.73009,-5.47149],[38.73244,-5.48891],[38.73318,-5.52392],[38.73065,-5.5817],[38.69766,-5.63335],[38.64287,-5.6354],[38.65204,-5.68812],[38.65705,-5.73728],[38.64165,-5.7382],[38.63046,-5.73351],[38.6176,-5.73869],[38.60447,-5.73942],[38.58791,-5.72284],[38.58408,-5.71018],[38.58713,-5.69723],[38.57171,-5.68831],[38.57435,-5.68365],[38.56955,-5.68221],[38.56185,-5.69504],[38.55624,-5.69383],[38.55366,-5.68698],[38.54105,-5.68486],[38.54631,-5.67566],[38.54494,-5.63267],[38.54657,-5.61075],[38.56007,-5.61465],[38.58922,-5.61101],[38.57868,-5.58889],[38.56653,-5.57345],[38.55429,-5.55996],[38.56262,-5.54553],[38.57039,-5.51279],[38.56996,-5.50929],[38.54445,-5.49562],[38.54592,-5.47723],[38.54643,-5.4321],[38.55019,-5.42931],[38.56192,-5.42441],[38.57241,-5.42366],[38.58156,-5.41899],[38.59087,-5.4197],[38.59254,-5.41889]]]},"properties":{"region":"Tanga","district":"Handeni","ward":"Mgambo","ward_code":"161"}},{"type":"Feature","geometry":{"type":"Polygon","coordinates":[[[38.42053,-5.50609],[38.4232,-5.50759],[38.42495,-5.50576],[38.42888,-5.5098],[38.42966,-5.52287],[38.43443,-5.52851],[38.43252,-5.54252],[38.42872,-5.55658],[38.43545,-5.57016],[38.4336,-5.58305],[38.4374,-5.58564],[38.44116,-5.58422],[38.44833,-5.58422],[38.45202,-5.58945],[38.44902,-5.59347],[38.4536,-5.59608],[38.45563,-5.60002],[38.46157,-5.59773],[38.46494,-5.60002],[38.46472,-5.60353],[38.46847,-5.6013],[38.47163,-5.60215],[38.47302,-5.60689],[38.46805,-5.6136],[38.47367,-5.61525],[38.47619,-5.61291],[38.47988,-5.61147],[38.48341,-5.61184],[38.48207,-5.61509],[38.47988,-5.61536],[38.47653,-5.61918],[38.47868,-5.61955],[38.48088,-5.61868],[38.48257,-5.62021],[38.48471,-5.61938],[38.48713,-5.62386],[38.48642,-5.6249],[38.48868,-5.62982],[38.49429,-5.63087],[38.4969,-5.63652],[38.49407,-5.63939],[38.49271,-5.63558],[38.48935,-5.63964],[38.49482,-5.64386],[38.50139,-5.63737],[38.50411,-5.64421],[38.50726,-5.64625],[38.50254,-5.65095],[38.4998,-5.65632],[38.50271,-5.65879],[38.51178,-5.64999],[38.51401,-5.65161],[38.51527,-5.66432],[38.52326,-5.66948],[38.519,-5.67268],[38.51687,-5.67244],[38.51516,-5.66897],[38.51194,-5.67246],[38.50497,-5.66694],[38.49638,-5.67076],[38.48774,-5.66483],[38.48479,-5.67099],[38.47792,-5.67177],[38.47252,-5.66269],[38.46623,-5.66669],[38.4524,-5.66109],[38.44096,-5.66555],[38.42579,-5.65653],[38.4131,-5.65805],[38.40287,-5.65241],[38.39907,-5.65282],[38.39486,-5.65093],[38.39758,-5.64833],[38.39289,-5.64731],[38.38771,-5.6441],[38.38638,-5.64715],[38.38679,-5.65175],[38.3833,-5.65093],[38.38382,-5.64933],[38.37902,-5.64624],[38.37919,-5.64316],[38.38189,-5.63807],[38.37954,-5.63645],[38.38074,-5.6251],[38.3844,-5.61309],[38.38964,-5.6027],[38.39471,-5.59574],[38.39555,-5.58883],[38.3983,-5.5845],[38.39355,-5.57989],[38.39268,-5.57471],[38.38891,-5.5723],[38.38457,-5.56445],[38.37963,-5.56004],[38.38461,-5.54951],[38.38759,-5.54909],[38.38872,-5.54425],[38.38671,-5.54144],[38.38641,-5.53701],[38.39373,-5.53078],[38.39735,-5.52199],[38.39531,-5.50753],[38.41669,-5.50553],[38.42053,-5.50609]]]},"properties":{"region":"Tanga","district":"Handeni","ward":"Komkonga","ward_code":"171"}},{"type":"Feature","geometry":{"type":"MultiPolygon","coordinates":[[[[38.52939,-5.60845],[38.53644,-5.6194],[38.54558,-5.62091],[38.54494,-5.63267],[38.54631,-5.67566],[38.54105,-5.68486],[38.53218,-5.6802],[38.52887,-5.67444],[38.52492,-5.67021],[38.51527,-5.66432],[38.51401,-5.65161],[38.51178,-5.64999],[38.50271,-5.65879],[38.4998,-5.65632],[38.50254,-5.65095],[38.50726,-5.64625],[38.50411,-5.64421],[38.50139,-5.63737],[38.49482,-5.64386],[38.48935,-5.63964],[38.49271,-5.63558],[38.49407,-5.63939],[38.4969,-5.63652],[38.49429,-5.63087],[38.48868,-5.62982],[38.48642,-5.6249],[38.48713,-5.62386],[38.48471,-5.61938],[38.48257,-5.62021],[38.48088,-5.61868],[38.47868,-5.61955],[38.47653,-5.61918],[38.47988,-5.61536],[38.48207,-5.61509],[38.48341,-5.61184],[38.47988,-5.61147],[38.47619,-5.61291],[38.47367,-5.61525],[38.46805,-5.6136],[38.47302,-5.60689],[38.47163,-5.60215],[38.47758,-5.57751],[38.49146,-5.57248],[38.50577,-5.55963],[38.51553,-5.5921],[38.52939,-5.60845]]],[[[38.51379,-5.48781],[38.51902,-5.49031],[38.52295,-5.48887],[38.52637,-5.48992],[38.5354,-5.49476],[38.54445,-5.49562],[38.56996,-5.50929],[38.57039,-5.51279],[38.56262,-5.54553],[38.55429,-5.55996],[38.55283,-5.55907],[38.54799,-5.55889],[38.54327,-5.55966],[38.52198,-5.55363],[38.51772,-5.54498],[38.50893,-5.5466],[38.46395,-5.53632],[38.46692,-5.52753],[38.47248,-5.52024],[38.4751,-5.51383],[38.47441,-5.50663],[38.47525,-5.50352],[38.48391,-5.49316],[38.49179,-5.47758],[38.50147,-5.48596],[38.51379,-5.48781]]]]},"properties":{"region":"Tanga","district":"Handeni","ward":"Kabuku Ndani","ward_code":"191"}},{"type":"Feature","geometry":{"type":"MultiPolygon","coordinates":[[[[38.03959,-5.75027],[38.03959,-5.75027],[38.03959,-5.75027],[38.03959,-5.75027]]],[[[38.03901,-5.75208],[38.04612,-5.72996],[38.06078,-5.69246],[38.09382,-5.69503],[38.13004,-5.68956],[38.17309,-5.68446],[38.18508,-5.6789],[38.18834,-5.67648],[38.20514,-5.68254],[38.21437,-5.68328],[38.22154,-5.67986],[38.22419,-5.64754],[38.23035,-5.65238],[38.24037,-5.65198],[38.25985,-5.66013],[38.26811,-5.66168],[38.27279,-5.65975],[38.28664,-5.66055],[38.29465,-5.65682],[38.30148,-5.65669],[38.30983,-5.65924],[38.31701,-5.65929],[38.32505,-5.66228],[38.32819,-5.67068],[38.32981,-5.67204],[38.32651,-5.68353],[38.3217,-5.69355],[38.31752,-5.70781],[38.31907,-5.70935],[38.30682,-5.71857],[38.29851,-5.73326],[38.29217,-5.73623],[38.28549,-5.73771],[38.28391,-5.74244],[38.27242,-5.75409],[38.27253,-5.75703],[38.26711,-5.76229],[38.24974,-5.77068],[38.23531,-5.80358],[38.22887,-5.81167],[38.2278,-5.81698],[38.19719,-5.81425],[38.16885,-5.8143],[38.1532,-5.85738],[38.14684,-5.85943],[38.14572,-5.85613],[38.14187,-5.85641],[38.13942,-5.85905],[38.13579,-5.86046],[38.13828,-5.86587],[38.13629,-5.86732],[38.12953,-5.86186],[38.12447,-5.86444],[38.12098,-5.86341],[38.11875,-5.86436],[38.11609,-5.86291],[38.11431,-5.85969],[38.11171,-5.86017],[38.1076,-5.85731],[38.1005,-5.86248],[38.0943,-5.86007],[38.09164,-5.8604],[38.08812,-5.85255],[38.08629,-5.8523],[38.08308,-5.85702],[38.07764,-5.8512],[38.07354,-5.85],[38.06649,-5.85597],[38.06516,-5.86138],[38.06225,-5.86454],[38.05843,-5.86564],[38.0555,-5.86228],[38.05354,-5.86172],[38.04477,-5.80955],[38.03901,-5.75208]]]]},"properties":{"region":"Tanga","district":"Handeni","ward":"Mazingara","ward_code":"031"}},{"type":"Feature","geometry":{"type":"Polygon","coordinates":[[[38.31909,-5.7602],[38.31933,-5.7618],[38.32213,-5.76195],[38.32434,-5.75992],[38.32567,-5.76129],[38.32543,-5.7632],[38.32739,-5.763],[38.33018,-5.76594],[38.33566,-5.76526],[38.34598,-5.76936],[38.3577,-5.75485],[38.3769,-5.76088],[38.38218,-5.77095],[38.4201,-5.74882],[38.44056,-5.75884],[38.45663,-5.75927],[38.45244,-5.76982],[38.46218,-5.777],[38.47223,-5.79166],[38.46565,-5.79529],[38.45176,-5.80925],[38.44883,-5.81407],[38.44989,-5.81797],[38.44707,-5.81878],[38.4468,-5.82156],[38.44006,-5.82204],[38.43836,-5.82899],[38.43607,-5.82824],[38.43582,-5.82527],[38.4344,-5.82565],[38.43328,-5.82421],[38.43169,-5.82608],[38.43335,-5.82849],[38.42536,-5.83141],[38.42839,-5.83299],[38.42975,-5.83612],[38.43125,-5.83644],[38.43343,-5.83919],[38.43531,-5.84358],[38.43761,-5.84439],[38.42983,-5.85273],[38.42646,-5.85925],[38.42107,-5.86331],[38.41718,-5.86277],[38.41402,-5.86504],[38.41243,-5.86776],[38.40668,-5.87038],[38.40265,-5.87507],[38.39391,-5.87663],[38.3739,-5.88639],[38.36973,-5.88652],[38.3673,-5.87883],[38.3587,-5.86975],[38.35941,-5.87148],[38.35705,-5.87834],[38.34627,-5.89731],[38.33325,-5.91363],[38.32689,-5.93031],[38.31943,-5.93815],[38.31725,-5.93898],[38.31207,-5.93792],[38.31095,-5.94149],[38.3125,-5.94314],[38.31017,-5.945],[38.3057,-5.94064],[38.30348,-5.93429],[38.30436,-5.9324],[38.30237,-5.93207],[38.30101,-5.93034],[38.29953,-5.93171],[38.29513,-5.92867],[38.29396,-5.92903],[38.29472,-5.93323],[38.29343,-5.93471],[38.29106,-5.93495],[38.29042,-5.93624],[38.29136,-5.9399],[38.28796,-5.94276],[38.28808,-5.93326],[38.28488,-5.92814],[38.27961,-5.92391],[38.27634,-5.93116],[38.26757,-5.9348],[38.26477,-5.93504],[38.26395,-5.93167],[38.26217,-5.93179],[38.26197,-5.93369],[38.26023,-5.93135],[38.25778,-5.9317],[38.25715,-5.93011],[38.25633,-5.93009],[38.25667,-5.93183],[38.25054,-5.93198],[38.24842,-5.93422],[38.24664,-5.93291],[38.24491,-5.93298],[38.24524,-5.92851],[38.24344,-5.9288],[38.24305,-5.92984],[38.24103,-5.92974],[38.23989,-5.92523],[38.24219,-5.92478],[38.23997,-5.92311],[38.23927,-5.92313],[38.239,-5.92546],[38.23677,-5.9264],[38.23566,-5.92483],[38.23437,-5.9277],[38.23395,-5.92435],[38.23201,-5.92544],[38.23183,-5.92366],[38.22959,-5.92284],[38.22971,-5.92087],[38.22734,-5.92133],[38.22781,-5.91919],[38.23121,-5.91975],[38.23141,-5.91905],[38.22827,-5.91714],[38.22884,-5.91611],[38.22791,-5.91541],[38.22803,-5.91344],[38.22601,-5.91176],[38.22675,-5.91073],[38.22361,-5.9051],[38.22129,-5.90687],[38.22088,-5.90545],[38.22005,-5.90541],[38.21941,-5.90298],[38.22027,-5.90221],[38.22042,-5.89945],[38.21963,-5.89895],[38.21675,-5.9013],[38.2085,-5.89494],[38.20668,-5.89498],[38.20476,-5.89639],[38.20413,-5.90095],[38.2003,-5.89797],[38.20099,-5.89563],[38.20362,-5.89248],[38.20577,-5.89116],[38.20958,-5.89097],[38.20965,-5.88844],[38.20345,-5.88914],[38.20592,-5.885],[38.20247,-5.8832],[38.20285,-5.88046],[38.19904,-5.87836],[38.19662,-5.87925],[38.18561,-5.87327],[38.18026,-5.87685],[38.17527,-5.87229],[38.17521,-5.8705],[38.1728,-5.87093],[38.1731,-5.87234],[38.17107,-5.87494],[38.17011,-5.8741],[38.17079,-5.871],[38.17462,-5.8672],[38.17237,-5.8648],[38.16977,-5.86408],[38.16953,-5.86551],[38.16646,-5.86461],[38.1656,-5.85762],[38.1602,-5.86093],[38.1532,-5.85738],[38.16885,-5.8143],[38.19719,-5.81425],[38.2278,-5.81698],[38.22887,-5.81167],[38.23531,-5.80358],[38.24974,-5.77068],[38.26711,-5.76229],[38.27253,-5.75703],[38.27242,-5.75409],[38.28391,-5.74244],[38.28549,-5.73771],[38.29399,-5.74219],[38.30073,-5.74755],[38.31119,-5.75308],[38.31045,-5.75439],[38.31468,-5.75586],[38.31909,-5.7602]]]},"properties":{"region":"Tanga","district":"Handeni","ward":"Mkata","ward_code":"181"}},{"type":"Feature","geometry":{"type":"Polygon","coordinates":[[[38.38189,-5.63807],[38.37866,-5.64492],[38.37902,-5.64624],[38.38382,-5.64933],[38.3833,-5.65093],[38.38679,-5.65175],[38.38638,-5.64715],[38.38771,-5.6441],[38.39289,-5.64731],[38.39758,-5.64833],[38.39486,-5.65093],[38.39907,-5.65282],[38.40287,-5.65241],[38.4131,-5.65805],[38.42579,-5.65653],[38.44096,-5.66555],[38.4524,-5.66109],[38.46623,-5.66669],[38.47252,-5.66269],[38.47792,-5.67177],[38.48479,-5.67099],[38.48774,-5.66483],[38.49638,-5.67076],[38.50497,-5.66694],[38.51194,-5.67246],[38.51516,-5.66897],[38.51687,-5.67244],[38.519,-5.67268],[38.52326,-5.66948],[38.52887,-5.67444],[38.53218,-5.6802],[38.54105,-5.68486],[38.55366,-5.68698],[38.55624,-5.69383],[38.56185,-5.69504],[38.56955,-5.68221],[38.57435,-5.68365],[38.57171,-5.68831],[38.58713,-5.69723],[38.58408,-5.71018],[38.58791,-5.72284],[38.60447,-5.73942],[38.6052,-5.75406],[38.6106,-5.76572],[38.60994,-5.76838],[38.59742,-5.76556],[38.58792,-5.77675],[38.57606,-5.77831],[38.56462,-5.78111],[38.5558,-5.79134],[38.54602,-5.7884],[38.54456,-5.79372],[38.5391,-5.79702],[38.53538,-5.79476],[38.53357,-5.79715],[38.52822,-5.7978],[38.52101,-5.7871],[38.5043,-5.77778],[38.5047,-5.77321],[38.49558,-5.76153],[38.48991,-5.76638],[38.47268,-5.76907],[38.46857,-5.76483],[38.46675,-5.76549],[38.46219,-5.76436],[38.45922,-5.75939],[38.44056,-5.75884],[38.4201,-5.74882],[38.38218,-5.77095],[38.3769,-5.76088],[38.3577,-5.75485],[38.34598,-5.76936],[38.33566,-5.76526],[38.33018,-5.76594],[38.32739,-5.763],[38.32543,-5.7632],[38.32567,-5.76129],[38.32434,-5.75992],[38.32213,-5.76195],[38.31933,-5.7618],[38.31909,-5.7602],[38.31468,-5.75586],[38.31045,-5.75439],[38.31119,-5.75308],[38.30073,-5.74755],[38.29399,-5.74219],[38.28549,-5.73771],[38.29217,-5.73623],[38.29851,-5.73326],[38.30682,-5.71857],[38.31907,-5.70935],[38.31752,-5.70781],[38.3217,-5.69355],[38.32651,-5.68353],[38.33017,-5.66985],[38.33766,-5.66779],[38.3411,-5.66915],[38.3459,-5.66845],[38.35566,-5.6639],[38.35608,-5.66157],[38.3582,-5.65993],[38.35756,-5.65616],[38.3594,-5.6548],[38.36192,-5.65559],[38.36634,-5.65489],[38.36829,-5.64845],[38.3707,-5.6481],[38.37117,-5.64627],[38.36599,-5.64095],[38.36944,-5.63983],[38.37684,-5.64155],[38.3756,-5.63829],[38.377,-5.63867],[38.37776,-5.63765],[38.37832,-5.63855],[38.37954,-5.63645],[38.38189,-5.63807]]]},"properties":{"region":"Tanga","district":"Handeni","ward":"Kitumbi","ward_code":"211"}},{"type":"Feature","geometry":{"type":"Polygon","coordinates":[[[38.69931,-5.9442],[38.70688,-5.95104],[38.70138,-5.95191],[38.70137,-5.95767],[38.70338,-5.95655],[38.70458,-5.95715],[38.70226,-5.96357],[38.69915,-5.96432],[38.69917,-5.96797],[38.69706,-5.96776],[38.68336,-5.96026],[38.67638,-5.95493],[38.6658,-5.95256],[38.65802,-5.95452],[38.64902,-5.96511],[38.65021,-5.96984],[38.64975,-5.97525],[38.64576,-5.98299],[38.6368,-5.98537],[38.63412,-5.98744],[38.63407,-5.99052],[38.6292,-5.99157],[38.6235,-5.98921],[38.61277,-5.98867],[38.60845,-5.9916],[38.60721,-5.98829],[38.61077,-5.98484],[38.60778,-5.98177],[38.60516,-5.98083],[38.60359,-5.98793],[38.59901,-5.98513],[38.59914,-5.99444],[38.59492,-5.99576],[38.59157,-5.99854],[38.58825,-6.00408],[38.58256,-6.0089],[38.57888,-6.01051],[38.57787,-6.01524],[38.56896,-6.01533],[38.56376,-6.02068],[38.55986,-6.01999],[38.55434,-6.01668],[38.55418,-6.01489],[38.55722,-6.01337],[38.55599,-6.01149],[38.56145,-6.00934],[38.55937,-6.00444],[38.54899,-6.003],[38.54355,-6.00101],[38.53987,-6.00596],[38.5325,-6.01243],[38.52599,-6.01141],[38.53019,-6.00828],[38.53052,-5.99979],[38.52936,-5.99494],[38.53043,-5.99006],[38.52999,-5.97503],[38.52682,-5.96915],[38.51917,-5.95886],[38.52236,-5.94866],[38.51534,-5.93941],[38.5135,-5.93294],[38.50698,-5.92332],[38.50359,-5.9114],[38.50507,-5.90238],[38.50219,-5.89268],[38.48183,-5.88208],[38.46789,-5.87099],[38.42107,-5.86331],[38.42646,-5.85925],[38.42983,-5.85273],[38.43761,-5.84439],[38.43531,-5.84358],[38.43343,-5.83919],[38.43125,-5.83644],[38.42975,-5.83612],[38.42839,-5.83299],[38.42536,-5.83141],[38.43335,-5.82849],[38.43169,-5.82608],[38.43328,-5.82421],[38.4344,-5.82565],[38.43582,-5.82527],[38.43607,-5.82824],[38.43836,-5.82899],[38.44006,-5.82204],[38.4468,-5.82156],[38.44707,-5.81878],[38.44989,-5.81797],[38.44883,-5.81407],[38.45176,-5.80925],[38.46565,-5.79529],[38.47223,-5.79166],[38.46218,-5.777],[38.45244,-5.76982],[38.45663,-5.75927],[38.45922,-5.75939],[38.46219,-5.76436],[38.46675,-5.76549],[38.46857,-5.76483],[38.47268,-5.76907],[38.48991,-5.76638],[38.49558,-5.76153],[38.5047,-5.77321],[38.5043,-5.77778],[38.52101,-5.7871],[38.52822,-5.7978],[38.53357,-5.79715],[38.53538,-5.79476],[38.5391,-5.79702],[38.54456,-5.79372],[38.54602,-5.7884],[38.5558,-5.79134],[38.56462,-5.78111],[38.57606,-5.77831],[38.58792,-5.77675],[38.59742,-5.76556],[38.60994,-5.76838],[38.6106,-5.76572],[38.6052,-5.75406],[38.60447,-5.73942],[38.6176,-5.73869],[38.63046,-5.73351],[38.64165,-5.7382],[38.65705,-5.73728],[38.65871,-5.75357],[38.65758,-5.75543],[38.65505,-5.75618],[38.65433,-5.75785],[38.6594,-5.76318],[38.66258,-5.76407],[38.66601,-5.76932],[38.65806,-5.78638],[38.65909,-5.79226],[38.66159,-5.79557],[38.66149,-5.80002],[38.66418,-5.81206],[38.66259,-5.81787],[38.66483,-5.82376],[38.66196,-5.83223],[38.66335,-5.84674],[38.66528,-5.85005],[38.6648,-5.85586],[38.6673,-5.85959],[38.66543,-5.87336],[38.6617,-5.87985],[38.66205,-5.882],[38.66478,-5.88633],[38.66178,-5.89474],[38.66159,-5.9025],[38.66698,-5.91133],[38.6678,-5.92539],[38.67094,-5.93295],[38.67948,-5.94014],[38.688,-5.94325],[38.69931,-5.9442]]]},"properties":{"region":"Tanga","district":"Handeni","ward":"Kwamsisi","ward_code":"041"}},{"type":"Feature","geometry":{"type":"Polygon","coordinates":[[[38.48183,-5.88208],[38.50219,-5.89268],[38.50507,-5.90238],[38.50359,-5.9114],[38.50698,-5.92332],[38.5135,-5.93294],[38.51534,-5.93941],[38.52236,-5.94866],[38.51917,-5.95886],[38.52682,-5.96915],[38.52999,-5.97503],[38.53043,-5.99006],[38.52936,-5.99494],[38.53052,-5.99979],[38.53019,-6.00828],[38.52599,-6.01141],[38.51738,-6.01228],[38.51271,-6.01111],[38.51233,-6.00843],[38.50835,-6.00949],[38.50356,-6.00901],[38.50083,-6.00633],[38.49465,-6.00771],[38.49172,-6.00551],[38.49146,-6.00421],[38.48451,-6.00301],[38.4815,-6.00452],[38.47896,-6.00832],[38.48042,-6.01236],[38.47288,-6.01566],[38.47178,-6.017],[38.47269,-6.0218],[38.46874,-6.02385],[38.46303,-6.02071],[38.45835,-6.01945],[38.45187,-6.01542],[38.44827,-6.01085],[38.44318,-6.01561],[38.44041,-6.01495],[38.43267,-6.01894],[38.42826,-6.01829],[38.42792,-6.01534],[38.42459,-6.015],[38.42629,-6.00947],[38.42402,-6.00958],[38.42052,-6.01202],[38.42039,-6.00891],[38.41859,-6.00831],[38.41782,-6.00996],[38.41592,-6.00886],[38.41883,-6.00664],[38.41737,-6.00352],[38.41795,-5.99861],[38.41433,-6.00124],[38.41495,-5.99676],[38.41337,-5.99294],[38.41435,-5.9912],[38.41325,-5.98982],[38.41164,-5.99002],[38.41075,-5.99284],[38.4089,-5.99092],[38.40799,-5.99152],[38.4069,-5.99073],[38.40839,-5.99007],[38.40812,-5.98878],[38.40975,-5.98653],[38.40782,-5.98594],[38.40468,-5.9829],[38.4041,-5.98483],[38.40491,-5.98611],[38.4036,-5.9866],[38.4011,-5.98567],[38.40144,-5.9828],[38.397,-5.98317],[38.39846,-5.9851],[38.39818,-5.98632],[38.39444,-5.98634],[38.39407,-5.98807],[38.39804,-5.98823],[38.39619,-5.99148],[38.39817,-5.99195],[38.39823,-5.99322],[38.39667,-5.99284],[38.39207,-5.99708],[38.39065,-5.99611],[38.39304,-5.99284],[38.38962,-5.99009],[38.38739,-5.99172],[38.38513,-5.99111],[38.38595,-5.98901],[38.38151,-5.98655],[38.38166,-5.98492],[38.37872,-5.98855],[38.37667,-5.98867],[38.37771,-5.99064],[38.37591,-5.99082],[38.37626,-5.99278],[38.37391,-5.98936],[38.37204,-5.98989],[38.36748,-5.98719],[38.36191,-5.98979],[38.36097,-5.99106],[38.35645,-5.98757],[38.3516,-5.98829],[38.34843,-5.99098],[38.34535,-5.98983],[38.34361,-5.99152],[38.34261,-5.991],[38.34353,-5.98057],[38.34519,-5.98019],[38.34435,-5.97666],[38.34208,-5.9778],[38.34118,-5.97291],[38.33868,-5.97193],[38.33643,-5.9696],[38.33302,-5.96971],[38.33178,-5.96872],[38.33497,-5.96212],[38.33858,-5.96147],[38.33803,-5.95724],[38.33617,-5.95582],[38.33116,-5.95481],[38.33136,-5.95241],[38.32971,-5.95283],[38.32667,-5.94943],[38.32487,-5.94965],[38.32491,-5.94731],[38.31983,-5.94232],[38.3217,-5.94004],[38.31943,-5.93815],[38.32689,-5.93031],[38.33325,-5.91363],[38.34627,-5.89731],[38.35705,-5.87834],[38.35941,-5.87148],[38.3587,-5.86975],[38.3673,-5.87883],[38.36973,-5.88652],[38.3739,-5.88639],[38.39391,-5.87663],[38.40265,-5.87507],[38.40668,-5.87038],[38.41243,-5.86776],[38.41402,-5.86504],[38.41718,-5.86277],[38.46789,-5.87099],[38.48183,-5.88208]]]},"properties":{"region":"Tanga","district":"Handeni","ward":"Kwasunga","ward_code":"051"}},{"type":"Feature","geometry":{"type":"Polygon","coordinates":[[[38.07426,-5.5284],[38.09075,-5.53173],[38.103,-5.53026],[38.12445,-5.53263],[38.13364,-5.53981],[38.14823,-5.53849],[38.16571,-5.53875],[38.1705,-5.54156],[38.17399,-5.54085],[38.17383,-5.54841],[38.16966,-5.5554],[38.17032,-5.55917],[38.16802,-5.56115],[38.16692,-5.56411],[38.16891,-5.56733],[38.16821,-5.56817],[38.16897,-5.57004],[38.17158,-5.57279],[38.17391,-5.57961],[38.17896,-5.58617],[38.17901,-5.59501],[38.18587,-5.60054],[38.18548,-5.6039],[38.18638,-5.60711],[38.18568,-5.61],[38.18094,-5.61571],[38.17065,-5.6213],[38.14869,-5.62761],[38.13721,-5.62932],[38.12804,-5.63695],[38.09163,-5.63254],[38.07019,-5.63353],[38.06234,-5.65553],[38.04941,-5.64998],[38.03867,-5.63473],[38.04156,-5.59552],[38.041,-5.58828],[38.0371,-5.56901],[38.03965,-5.561],[38.03712,-5.54758],[38.03302,-5.53597],[38.03605,-5.53185],[38.03866,-5.53126],[38.04104,-5.53267],[38.04339,-5.53101],[38.0523,-5.53066],[38.05144,-5.53314],[38.05164,-5.5382],[38.05873,-5.5374],[38.06419,-5.5329],[38.07225,-5.53],[38.07426,-5.5284]]]},"properties":{"region":"Tanga","district":"Handeni","ward":"Kwaluguru","ward_code":"061"}},{"type":"Feature","geometry":{"type":"Polygon","coordinates":[[[38.03901,-5.75208],[38.04477,-5.80955],[38.05354,-5.86172],[38.051,-5.86385],[38.04466,-5.8628],[38.04255,-5.86125],[38.02936,-5.86108],[38.02698,-5.86294],[38.02613,-5.86508],[38.02317,-5.86533],[38.01557,-5.86059],[38.00952,-5.86147],[38.00671,-5.86486],[38.00443,-5.87484],[38.00236,-5.87599],[37.99879,-5.8752],[37.99387,-5.86928],[37.99259,-5.86244],[37.9725,-5.85073],[37.96108,-5.85368],[37.94724,-5.85087],[37.94471,-5.84578],[37.93669,-5.84354],[37.93366,-5.84612],[37.92855,-5.84522],[37.92558,-5.83958],[37.92192,-5.8358],[37.92313,-5.83302],[37.91616,-5.81684],[37.90028,-5.79025],[37.89677,-5.78208],[37.87641,-5.7552],[37.86652,-5.75234],[37.85753,-5.74157],[37.85038,-5.75131],[37.83897,-5.74309],[37.84725,-5.73425],[37.84683,-5.72806],[37.84502,-5.7237],[37.84239,-5.72259],[37.83009,-5.69578],[37.81682,-5.684],[37.80388,-5.67878],[37.79354,-5.67723],[37.78782,-5.67404],[37.78718,-5.6678],[37.78569,-5.66449],[37.77442,-5.65488],[37.77502,-5.65157],[37.77115,-5.64853],[37.76626,-5.64788],[37.76258,-5.64489],[37.7609,-5.6404],[37.75835,-5.62511],[37.75143,-5.61352],[37.74471,-5.60694],[37.75209,-5.59741],[37.77519,-5.60145],[37.7864,-5.59975],[37.78991,-5.59414],[37.80421,-5.59764],[37.82677,-5.59262],[37.83749,-5.59288],[37.84134,-5.597],[37.84439,-5.61598],[37.91166,-5.60967],[37.93252,-5.61429],[37.93361,-5.62125],[37.93125,-5.63561],[37.93383,-5.65411],[37.95368,-5.639],[37.96597,-5.63364],[37.97476,-5.62795],[37.98259,-5.61644],[37.98496,-5.60885],[38.00739,-5.60281],[38.01769,-5.59578],[38.04156,-5.59552],[38.03867,-5.63473],[38.04941,-5.64998],[38.06234,-5.65553],[38.07357,-5.6792],[38.06078,-5.69246],[38.04612,-5.72996],[38.03901,-5.75208]],[[38.03959,-5.75027],[38.03959,-5.75027],[38.03959,-5.75028],[38.03959,-5.75027]]]},"properties":{"region":"Tanga","district":"Handeni","ward":"Kang'ata","ward_code":"071"}},{"type":"Feature","geometry":{"type":"Polygon","coordinates":[[[38.22588,-5.48145],[38.22552,-5.49717],[38.22391,-5.50402],[38.23288,-5.50301],[38.23319,-5.50077],[38.23509,-5.49855],[38.23944,-5.50165],[38.2446,-5.50072],[38.24714,-5.50375],[38.25064,-5.50071],[38.25082,-5.49545],[38.26218,-5.4849],[38.26551,-5.4852],[38.26588,-5.48858],[38.27296,-5.49231],[38.28403,-5.4863],[38.28392,-5.48154],[38.29028,-5.47963],[38.29427,-5.4824],[38.29631,-5.48703],[38.2943,-5.49081],[38.29085,-5.51388],[38.29134,-5.54106],[38.28747,-5.55674],[38.29973,-5.57252],[38.30066,-5.57952],[38.29874,-5.60928],[38.2915,-5.61986],[38.27591,-5.63177],[38.24733,-5.60909],[38.22586,-5.61169],[38.21935,-5.60899],[38.20461,-5.60705],[38.18587,-5.60054],[38.17901,-5.59501],[38.17896,-5.58617],[38.17391,-5.57961],[38.17158,-5.57279],[38.16821,-5.56817],[38.16891,-5.56733],[38.16692,-5.56411],[38.16802,-5.56115],[38.17032,-5.55917],[38.16966,-5.5554],[38.17383,-5.54841],[38.17365,-5.53774],[38.17475,-5.53668],[38.17293,-5.53532],[38.17255,-5.53386],[38.17093,-5.53457],[38.16945,-5.53383],[38.16724,-5.52971],[38.16807,-5.52806],[38.17255,-5.52994],[38.17326,-5.52799],[38.17093,-5.52607],[38.16544,-5.52472],[38.17629,-5.49033],[38.18663,-5.49185],[38.19827,-5.49099],[38.2098,-5.48543],[38.22175,-5.47767],[38.22694,-5.47758],[38.22588,-5.48145]]]},"properties":{"region":"Tanga","district":"Handeni","ward":"Kwankonje","ward_code":"081"}},{"type":"Feature","geometry":{"type":"Polygon","coordinates":[[[38.21935,-5.60899],[38.22586,-5.61169],[38.24733,-5.60909],[38.27591,-5.63177],[38.28052,-5.64743],[38.27861,-5.6599],[38.27279,-5.65975],[38.26811,-5.66168],[38.25985,-5.66013],[38.24037,-5.65198],[38.23035,-5.65238],[38.22419,-5.64754],[38.22154,-5.67986],[38.21437,-5.68328],[38.20514,-5.68254],[38.18834,-5.67648],[38.18508,-5.6789],[38.17309,-5.68446],[38.13004,-5.68956],[38.09382,-5.69503],[38.06078,-5.69246],[38.07357,-5.6792],[38.06234,-5.65553],[38.07019,-5.63353],[38.09163,-5.63254],[38.12804,-5.63695],[38.13721,-5.62932],[38.14869,-5.62761],[38.17065,-5.6213],[38.18094,-5.61571],[38.18568,-5.61],[38.18638,-5.60711],[38.18548,-5.6039],[38.18587,-5.60054],[38.20461,-5.60705],[38.21935,-5.60899]]]},"properties":{"region":"Tanga","district":"Handeni","ward":"Kwachaga","ward_code":"091"}},{"type":"Feature","geometry":{"type":"Polygon","coordinates":[[[37.95252,-5.21738],[37.96627,-5.22765],[37.97494,-5.22596],[37.97995,-5.22917],[37.97928,-5.24691],[37.98819,-5.26428],[38.01417,-5.27841],[38.02781,-5.29047],[38.05018,-5.32033],[38.06308,-5.32597],[38.05462,-5.33557],[38.05238,-5.34203],[38.04434,-5.34732],[38.03688,-5.36034],[38.02458,-5.35732],[38.01234,-5.36244],[38.01021,-5.3625],[38.01065,-5.35597],[38.00445,-5.35541],[37.99002,-5.3605],[37.97731,-5.36355],[37.97349,-5.36754],[37.96992,-5.36899],[37.96196,-5.36617],[37.95077,-5.36977],[37.94683,-5.35903],[37.9513,-5.35018],[37.94963,-5.34353],[37.94814,-5.34229],[37.9486,-5.33713],[37.94786,-5.33546],[37.94365,-5.33396],[37.94505,-5.32868],[37.9571,-5.326],[37.95778,-5.31705],[37.96184,-5.31588],[37.96673,-5.30848],[37.9664,-5.3049],[37.96283,-5.30287],[37.95935,-5.29557],[37.95887,-5.29094],[37.95496,-5.28845],[37.95363,-5.28551],[37.95386,-5.28258],[37.94896,-5.27906],[37.94639,-5.27858],[37.94639,-5.27674],[37.94462,-5.27534],[37.93926,-5.2747],[37.93767,-5.27103],[37.93788,-5.26495],[37.9398,-5.25733],[37.93834,-5.21119],[37.94604,-5.21388],[37.95252,-5.21738]]]},"properties":{"region":"Tanga","district":"Handeni","ward":"Malezi","ward_code":"012"}},{"type":"Feature","geometry":{"type":"Polygon","coordinates":[[[38.06087,-5.34965],[38.07666,-5.35754],[38.07911,-5.35659],[38.08445,-5.3586],[38.10178,-5.36904],[38.0906,-5.38227],[38.06663,-5.39262],[38.05831,-5.39764],[38.0626,-5.39748],[38.0625,-5.40089],[38.06366,-5.40225],[38.06202,-5.40327],[38.04547,-5.40337],[38.044,-5.40509],[38.04086,-5.41337],[38.03551,-5.41389],[38.0298,-5.41683],[38.02531,-5.416],[38.02169,-5.41889],[38.01841,-5.41923],[38.01608,-5.41809],[38.0135,-5.42046],[38.01212,-5.42017],[38.0057,-5.42382],[38.00349,-5.42735],[38.00074,-5.42674],[37.99801,-5.4276],[37.99562,-5.42633],[37.99533,-5.42436],[37.98609,-5.42328],[37.97784,-5.4181],[37.94931,-5.40699],[37.94804,-5.40127],[37.95033,-5.39407],[37.95421,-5.38957],[37.95371,-5.38273],[37.95077,-5.36977],[37.96196,-5.36617],[37.96992,-5.36899],[37.97349,-5.36754],[37.97731,-5.36355],[37.99002,-5.3605],[38.00445,-5.35541],[38.01065,-5.35597],[38.01021,-5.3625],[38.01234,-5.36244],[38.02458,-5.35732],[38.03688,-5.36034],[38.04222,-5.35057],[38.04643,-5.34539],[38.06087,-5.34965]]]},"properties":{"region":"Tanga","district":"Handeni","ward":"Kwenjugo","ward_code":"022"}},{"type":"Feature","geometry":{"type":"Polygon","coordinates":[[[38.10948,-5.26748],[38.11696,-5.26758],[38.12805,-5.26565],[38.12687,-5.27197],[38.13176,-5.28623],[38.12838,-5.30789],[38.12296,-5.3306],[38.13015,-5.33985],[38.13145,-5.35186],[38.1355,-5.36031],[38.13773,-5.36131],[38.1389,-5.36356],[38.13978,-5.36651],[38.13905,-5.36788],[38.14471,-5.37168],[38.14456,-5.37428],[38.14732,-5.37669],[38.14885,-5.37992],[38.12484,-5.38573],[38.10915,-5.3875],[38.0906,-5.38227],[38.10178,-5.36904],[38.08445,-5.3586],[38.07911,-5.35659],[38.07666,-5.35754],[38.06087,-5.34965],[38.04643,-5.34539],[38.05238,-5.34203],[38.05462,-5.33557],[38.06308,-5.32597],[38.06831,-5.31614],[38.07131,-5.30783],[38.08034,-5.25928],[38.08605,-5.2488],[38.10948,-5.26748]]]},"properties":{"region":"Tanga","district":"Handeni","ward":"Mabanda","ward_code":"032"}},{"type":"Feature","geometry":{"type":"Polygon","coordinates":[[[38.14847,-5.38261],[38.15513,-5.39987],[38.17788,-5.39293],[38.18866,-5.40292],[38.18801,-5.40831],[38.17508,-5.41264],[38.17276,-5.41086],[38.16984,-5.41165],[38.16286,-5.41039],[38.15967,-5.41541],[38.16023,-5.42901],[38.15769,-5.43051],[38.15263,-5.43727],[38.15297,-5.43859],[38.14459,-5.45389],[38.14093,-5.45675],[38.13128,-5.47337],[38.10764,-5.4619],[38.11343,-5.45485],[38.11852,-5.43823],[38.11573,-5.43563],[38.10879,-5.43323],[38.10812,-5.43119],[38.10514,-5.4307],[38.10148,-5.42824],[38.09779,-5.42377],[38.09716,-5.42152],[38.09771,-5.4184],[38.07408,-5.42422],[38.08012,-5.41281],[38.07391,-5.40663],[38.06952,-5.40681],[38.06202,-5.40327],[38.06366,-5.40225],[38.0625,-5.40089],[38.0626,-5.39748],[38.05831,-5.39764],[38.06663,-5.39262],[38.0906,-5.38227],[38.10915,-5.3875],[38.12484,-5.38573],[38.14876,-5.38053],[38.14847,-5.38261]]]},"properties":{"region":"Tanga","district":"Handeni","ward":"Konje","ward_code":"042"}},{"type":"Feature","geometry":{"type":"Polygon","coordinates":[[[38.04674,-5.40304],[38.06202,-5.40327],[38.06952,-5.40681],[38.07391,-5.40663],[38.08012,-5.41281],[38.07408,-5.42422],[38.09771,-5.4184],[38.09716,-5.42152],[38.09779,-5.42377],[38.10148,-5.42824],[38.10514,-5.4307],[38.10812,-5.43119],[38.10879,-5.43323],[38.11573,-5.43563],[38.11852,-5.43823],[38.11343,-5.45485],[38.10252,-5.46706],[38.10152,-5.46947],[38.1023,-5.47331],[38.10493,-5.47607],[38.10528,-5.48599],[38.10388,-5.48697],[38.09698,-5.48534],[38.09223,-5.48214],[38.08432,-5.48034],[38.0782,-5.47576],[38.07678,-5.47109],[38.07233,-5.46982],[38.06904,-5.47031],[38.06843,-5.47132],[38.06652,-5.47111],[38.0633,-5.47441],[38.0627,-5.47638],[38.06421,-5.47961],[38.05934,-5.48426],[38.04762,-5.46558],[38.05378,-5.4528],[38.05541,-5.44699],[38.04358,-5.43565],[38.04515,-5.43225],[38.0443,-5.42304],[38.04004,-5.41846],[38.04122,-5.41135],[38.04498,-5.40375],[38.04674,-5.40304]]]},"properties":{"region":"Tanga","district":"Handeni","ward":"Mlimani","ward_code":"052"}},{"type":"Feature","geometry":{"type":"Polygon","coordinates":[[[38.04762,-5.46558],[38.05934,-5.48426],[38.06421,-5.47961],[38.0627,-5.47638],[38.0633,-5.47441],[38.06652,-5.47111],[38.06843,-5.47132],[38.06904,-5.47031],[38.07233,-5.46982],[38.07678,-5.47109],[38.0782,-5.47576],[38.08432,-5.48034],[38.09223,-5.48214],[38.09698,-5.48534],[38.10468,-5.48754],[38.10545,-5.48888],[38.10468,-5.49068],[38.09707,-5.50059],[38.10329,-5.51344],[38.10383,-5.51867],[38.10238,-5.52427],[38.103,-5.53026],[38.09075,-5.53173],[38.07426,-5.5284],[38.07225,-5.53],[38.06419,-5.5329],[38.05873,-5.5374],[38.05164,-5.5382],[38.05144,-5.53314],[38.0523,-5.53066],[38.04339,-5.53101],[38.04104,-5.53267],[38.03866,-5.53126],[38.03605,-5.53185],[38.03144,-5.53109],[38.03092,-5.52384],[38.03407,-5.52188],[38.03587,-5.51856],[38.02915,-5.50531],[38.02768,-5.49447],[38.03387,-5.49064],[38.03587,-5.49091],[38.03974,-5.48701],[38.03654,-5.46991],[38.03869,-5.46656],[38.04423,-5.46656],[38.04762,-5.46558]]]},"properties":{"region":"Tanga","district":"Handeni","ward":"Msasa","ward_code":"062"}},{"type":"Feature","geometry":{"type":"Polygon","coordinates":[[[37.99883,-5.47038],[38.00724,-5.47301],[38.01417,-5.46804],[38.02249,-5.46514],[38.02693,-5.46568],[38.0305,-5.46496],[38.03869,-5.46656],[38.03654,-5.46991],[38.03974,-5.48701],[38.03587,-5.49091],[38.03387,-5.49064],[38.02768,-5.49447],[38.02915,-5.50531],[38.03587,-5.51856],[38.03407,-5.52188],[38.03092,-5.52384],[37.9485,-5.51577],[37.93378,-5.5121],[37.93739,-5.50537],[37.947,-5.49598],[37.95217,-5.48263],[37.95456,-5.47017],[37.96408,-5.47216],[37.96744,-5.47384],[37.97152,-5.47763],[37.97943,-5.47055],[37.99484,-5.46422],[37.99765,-5.46482],[37.99883,-5.47038]]]},"properties":{"region":"Tanga","district":"Handeni","ward":"Kideleko","ward_code":"072"}},{"type":"Feature","geometry":{"type":"Polygon","coordinates":[[[37.8749,-5.50418],[37.88107,-5.51304],[37.88551,-5.52171],[37.89362,-5.52521],[37.90266,-5.52064],[37.91203,-5.52671],[37.92219,-5.5244],[37.92973,-5.52018],[37.93378,-5.5121],[37.9485,-5.51577],[38.03092,-5.52384],[38.03144,-5.53109],[38.03605,-5.53185],[38.03302,-5.53597],[38.03712,-5.54758],[38.03965,-5.561],[38.0371,-5.56901],[38.041,-5.58828],[38.04156,-5.59552],[38.01769,-5.59578],[38.00739,-5.60281],[37.98496,-5.60885],[37.98259,-5.61644],[37.97476,-5.62795],[37.96597,-5.63364],[37.95368,-5.639],[37.93383,-5.65411],[37.93125,-5.63561],[37.93361,-5.62125],[37.93252,-5.61429],[37.91166,-5.60967],[37.84439,-5.61598],[37.83238,-5.53656],[37.82732,-5.51887],[37.83828,-5.50443],[37.85233,-5.50667],[37.86416,-5.50007],[37.86038,-5.48606],[37.86811,-5.48923],[37.87297,-5.49705],[37.8749,-5.50418]]]},"properties":{"region":"Tanga","district":"Handeni","ward":"Kwamagome","ward_code":"082"}},{"type":"Feature","geometry":{"type":"Polygon","coordinates":[[[38.0329,-5.43161],[38.04317,-5.43503],[38.05541,-5.44699],[38.05378,-5.4528],[38.04762,-5.46558],[38.04423,-5.46656],[38.03869,-5.46656],[38.0305,-5.46496],[38.02693,-5.46568],[38.02249,-5.46514],[38.01417,-5.46804],[38.00724,-5.47301],[37.99883,-5.47038],[37.99765,-5.46482],[37.99484,-5.46422],[37.99441,-5.46165],[37.99656,-5.4595],[37.99561,-5.45736],[37.99227,-5.45478],[37.99313,-5.45144],[37.99757,-5.44982],[37.99928,-5.44717],[38.00456,-5.44485],[38.0059,-5.44039],[38.01088,-5.43648],[38.01327,-5.43609],[38.01443,-5.43722],[38.01915,-5.43207],[38.02144,-5.4323],[38.02386,-5.43444],[38.02518,-5.43287],[38.03159,-5.43258],[38.0329,-5.43161]]]},"properties":{"region":"Tanga","district":"Handeni","ward":"Vibaoni","ward_code":"092"}},{"type":"Feature","geometry":{"type":"Polygon","coordinates":[[[38.04085,-5.41367],[38.04004,-5.41846],[38.02862,-5.42039],[38.02192,-5.42365],[38.01998,-5.4292],[38.02144,-5.4323],[38.01915,-5.43207],[38.01443,-5.43722],[38.01327,-5.43609],[38.01088,-5.43648],[38.0059,-5.44039],[38.00453,-5.43862],[38.00237,-5.43411],[38.00349,-5.42735],[38.0057,-5.42382],[38.01212,-5.42017],[38.0135,-5.42046],[38.01608,-5.41809],[38.01841,-5.41923],[38.02169,-5.41889],[38.02531,-5.416],[38.0298,-5.41683],[38.03551,-5.41389],[38.04085,-5.41367]]]},"properties":{"region":"Tanga","district":"Handeni","ward":"Chanika","ward_code":"102"}},{"type":"Feature","geometry":{"type":"Polygon","coordinates":[[[38.0443,-5.42304],[38.04515,-5.43225],[38.04358,-5.43565],[38.04006,-5.4332],[38.0329,-5.43161],[38.03159,-5.43258],[38.02518,-5.43287],[38.02386,-5.43444],[38.02,-5.4304],[38.02192,-5.42365],[38.02862,-5.42039],[38.04004,-5.41846],[38.0443,-5.42304]]]},"properties":{"region":"Tanga","district":"Handeni","ward":"Mdoe","ward_code":"112"}},{"type":"Feature","geometry":{"type":"Polygon","coordinates":[[[37.99562,-5.42633],[37.99801,-5.4276],[38.00074,-5.42674],[38.00349,-5.42735],[38.00237,-5.43411],[38.0059,-5.44039],[38.00592,-5.44221],[38.00456,-5.44485],[37.99928,-5.44717],[37.99757,-5.44982],[37.99313,-5.45144],[37.99227,-5.45478],[37.99561,-5.45736],[37.99656,-5.4595],[37.99441,-5.46165],[37.99484,-5.46422],[37.97943,-5.47055],[37.97152,-5.47763],[37.96744,-5.47384],[37.96408,-5.47216],[37.95456,-5.47017],[37.94854,-5.45865],[37.9377,-5.44737],[37.93965,-5.43813],[37.94747,-5.41531],[37.94931,-5.40699],[37.97784,-5.4181],[37.98609,-5.42328],[37.99533,-5.42436],[37.99562,-5.42633]]]},"properties":{"region":"Tanga","district":"Handeni","ward":"Kwediyamba","ward_code":"122"}},{"type":"Feature","geometry":{"type":"Polygon","coordinates":[[[37.35311,-5.35892],[37.36907,-5.36505],[37.37305,-5.36564],[37.37886,-5.36918],[37.38281,-5.39353],[37.38518,-5.39504],[37.39018,-5.40159],[37.39049,-5.40829],[37.39614,-5.41586],[37.40394,-5.43177],[37.41258,-5.43782],[37.41872,-5.45946],[37.42693,-5.46978],[37.42872,-5.47575],[37.42761,-5.47654],[37.42728,-5.48254],[37.43156,-5.48739],[37.42916,-5.50178],[37.43292,-5.51151],[37.43349,-5.51738],[37.43279,-5.52093],[37.39558,-5.5191],[37.38662,-5.51937],[37.37594,-5.52162],[37.3459,-5.5182],[37.34086,-5.5146],[37.33787,-5.51405],[37.33606,-5.51507],[37.32958,-5.5119],[37.32884,-5.51273],[37.3169,-5.51184],[37.30839,-5.50748],[37.29077,-5.5015],[37.28613,-5.498],[37.27838,-5.49626],[37.27042,-5.49079],[37.27724,-5.48199],[37.28996,-5.4514],[37.30248,-5.39219],[37.30436,-5.36225],[37.3413,-5.36183],[37.35311,-5.35892]]]},"properties":{"region":"Tanga","district":"Kilindi","ward":"Mvungwe","ward_code":"101"}},{"type":"Feature","geometry":{"type":"Polygon","coordinates":[[[37.61942,-5.35655],[37.61763,-5.3631],[37.61733,-5.37071],[37.62194,-5.37737],[37.62603,-5.38128],[37.6295,-5.38211],[37.63196,-5.39034],[37.63267,-5.40121],[37.63537,-5.40574],[37.63271,-5.40673],[37.63253,-5.40954],[37.63539,-5.41474],[37.63469,-5.42123],[37.63961,-5.42796],[37.64596,-5.42661],[37.64896,-5.42862],[37.64354,-5.44736],[37.62786,-5.4649],[37.62814,-5.46681],[37.62977,-5.46811],[37.62848,-5.4755],[37.62936,-5.47958],[37.62762,-5.48177],[37.62592,-5.48128],[37.62327,-5.48217],[37.6204,-5.48491],[37.62024,-5.4876],[37.61829,-5.48932],[37.61259,-5.49081],[37.60843,-5.49769],[37.60707,-5.50912],[37.60732,-5.51626],[37.60111,-5.5163],[37.59769,-5.51453],[37.59709,-5.51334],[37.59342,-5.51237],[37.58491,-5.51372],[37.58279,-5.51536],[37.5779,-5.51604],[37.56313,-5.52287],[37.55689,-5.52058],[37.5461,-5.52078],[37.5443,-5.51964],[37.54154,-5.51948],[37.54047,-5.51895],[37.5405,-5.51547],[37.53638,-5.51498],[37.53631,-5.51218],[37.53801,-5.51141],[37.53807,-5.50568],[37.54067,-5.5],[37.54048,-5.49687],[37.54256,-5.49674],[37.54204,-5.49482],[37.5437,-5.48551],[37.52838,-5.45813],[37.54113,-5.42725],[37.54774,-5.42425],[37.54868,-5.42021],[37.55414,-5.42039],[37.55862,-5.41924],[37.55428,-5.38683],[37.55433,-5.38523],[37.55907,-5.38196],[37.5584,-5.37715],[37.55965,-5.37174],[37.56157,-5.36862],[37.58641,-5.36089],[37.58767,-5.35774],[37.59072,-5.35779],[37.59294,-5.36003],[37.59672,-5.35614],[37.60875,-5.34931],[37.61041,-5.35365],[37.61359,-5.35622],[37.61942,-5.35655]]]},"properties":{"region":"Tanga","district":"Kilindi","ward":"Kwediboma","ward_code":"111"}},{"type":"Feature","geometry":{"type":"Polygon","coordinates":[[[37.70629,-4.97043],[37.70941,-4.97254],[37.71279,-4.97083],[37.71949,-4.97202],[37.727,-4.96732],[37.72791,-4.96297],[37.73105,-4.96204],[37.73521,-4.96327],[37.7379,-4.96586],[37.74042,-4.96579],[37.74242,-4.96701],[37.75401,-4.96431],[37.75442,-4.96935],[37.76015,-4.97665],[37.7659,-5.01141],[37.77313,-5.01534],[37.77512,-5.01839],[37.78304,-5.02147],[37.78483,-5.02372],[37.78797,-5.02478],[37.78889,-5.02795],[37.79293,-5.03256],[37.79837,-5.03255],[37.80377,-5.02389],[37.80664,-5.02308],[37.80861,-5.02409],[37.80968,-5.02307],[37.8125,-5.025],[37.81374,-5.02288],[37.8154,-5.024],[37.81679,-5.02324],[37.81823,-5.02476],[37.82108,-5.02284],[37.82325,-5.02476],[37.82827,-5.01971],[37.82843,-5.01481],[37.83071,-5.01604],[37.83235,-5.02286],[37.83556,-5.023],[37.83644,-5.02389],[37.83788,-5.02962],[37.83726,-5.03078],[37.83918,-5.03447],[37.84191,-5.03542],[37.84436,-5.04266],[37.84156,-5.04696],[37.84484,-5.05283],[37.8445,-5.05556],[37.84744,-5.05734],[37.8458,-5.05918],[37.84587,-5.063],[37.84436,-5.06553],[37.84669,-5.07165],[37.84603,-5.07431],[37.84293,-5.07617],[37.84232,-5.07915],[37.84257,-5.08369],[37.84449,-5.08709],[37.84182,-5.09435],[37.84239,-5.09599],[37.83926,-5.09927],[37.83995,-5.10466],[37.84305,-5.10643],[37.84544,-5.11114],[37.84541,-5.11411],[37.8496,-5.11635],[37.84918,-5.13099],[37.86323,-5.14561],[37.85967,-5.15043],[37.86277,-5.15493],[37.85897,-5.17614],[37.85633,-5.17841],[37.85697,-5.17923],[37.85632,-5.18042],[37.85068,-5.18283],[37.84983,-5.18413],[37.84503,-5.18447],[37.83266,-5.19001],[37.78678,-5.18024],[37.77047,-5.1926],[37.74047,-5.19882],[37.70164,-5.18248],[37.65804,-5.20886],[37.65481,-5.20409],[37.64783,-5.17881],[37.59438,-5.22192],[37.55385,-5.22216],[37.48578,-5.21924],[37.44894,-5.21501],[37.42977,-5.20963],[37.34719,-5.1911],[37.35298,-5.18399],[37.35379,-5.14902],[37.30739,-5.07192],[37.50261,-4.99549],[37.57183,-4.98061],[37.59474,-4.98685],[37.65558,-4.97808],[37.66814,-4.97226],[37.67149,-4.96565],[37.67998,-4.9609],[37.69044,-4.95852],[37.69945,-4.96289],[37.7023,-4.96672],[37.70543,-4.96834],[37.70629,-4.97043]]]},"properties":{"region":"Tanga","district":"Kilindi","ward":"Saunyi","ward_code":"121"}},{"type":"Feature","geometry":{"type":"Polygon","coordinates":[[[37.66659,-5.22149],[37.6569,-5.24488],[37.65924,-5.26645],[37.6932,-5.2746],[37.69449,-5.29756],[37.67749,-5.33612],[37.64876,-5.34272],[37.64295,-5.34743],[37.63417,-5.34346],[37.63168,-5.34298],[37.6273,-5.34382],[37.62091,-5.35111],[37.61942,-5.35655],[37.61359,-5.35622],[37.61041,-5.35365],[37.60875,-5.34931],[37.59672,-5.35614],[37.59294,-5.36003],[37.59072,-5.35779],[37.58767,-5.35774],[37.58641,-5.36089],[37.56157,-5.36862],[37.55965,-5.37174],[37.5584,-5.37715],[37.55907,-5.38196],[37.55433,-5.38523],[37.55539,-5.39221],[37.55487,-5.39537],[37.55671,-5.40218],[37.55862,-5.41924],[37.55414,-5.42039],[37.54868,-5.42021],[37.54774,-5.42425],[37.54113,-5.42725],[37.52838,-5.45813],[37.48934,-5.44575],[37.51263,-5.4297],[37.51115,-5.42231],[37.5115,-5.41371],[37.50953,-5.37812],[37.50659,-5.37306],[37.50174,-5.357],[37.50143,-5.34209],[37.49655,-5.32671],[37.4906,-5.28501],[37.50113,-5.21931],[37.55385,-5.22216],[37.59438,-5.22192],[37.64783,-5.17881],[37.65481,-5.20409],[37.66659,-5.22149]]]},"properties":{"region":"Tanga","district":"Kilindi","ward":"Kisangasa","ward_code":"151"}},{"type":"Feature","geometry":{"type":"Polygon","coordinates":[[[37.50174,-5.357],[37.50659,-5.37306],[37.50953,-5.37812],[37.5115,-5.41371],[37.51115,-5.42231],[37.51263,-5.4297],[37.48242,-5.45076],[37.47522,-5.44965],[37.47199,-5.45107],[37.46737,-5.48089],[37.46761,-5.52154],[37.45197,-5.52253],[37.43279,-5.52093],[37.43349,-5.51738],[37.43292,-5.51151],[37.42916,-5.50178],[37.43156,-5.48739],[37.42728,-5.48254],[37.42761,-5.47654],[37.42872,-5.47575],[37.42693,-5.46978],[37.41872,-5.45946],[37.41258,-5.43782],[37.40394,-5.43177],[37.39614,-5.41586],[37.39049,-5.40829],[37.39018,-5.40159],[37.38518,-5.39504],[37.38281,-5.39353],[37.37886,-5.36918],[37.37305,-5.36564],[37.36907,-5.36505],[37.35311,-5.35892],[37.3413,-5.36183],[37.30436,-5.36225],[37.30636,-5.32119],[37.34659,-5.29333],[37.3481,-5.26738],[37.34719,-5.1911],[37.42977,-5.20963],[37.44894,-5.21501],[37.48578,-5.21924],[37.50113,-5.21931],[37.4906,-5.28501],[37.49655,-5.32671],[37.50143,-5.34209],[37.50174,-5.357]]]},"properties":{"region":"Tanga","district":"Kilindi","ward":"Kibirashi","ward_code":"171"}},{"type":"Feature","geometry":{"type":"Polygon","coordinates":[[[37.48934,-5.44575],[37.52838,-5.45813],[37.5437,-5.48551],[37.54204,-5.49482],[37.54256,-5.49674],[37.54048,-5.49687],[37.54067,-5.5],[37.53807,-5.50568],[37.53801,-5.51141],[37.53631,-5.51218],[37.53638,-5.51498],[37.5405,-5.51547],[37.54047,-5.51895],[37.5461,-5.52078],[37.55689,-5.52058],[37.56313,-5.52287],[37.5779,-5.51604],[37.58279,-5.51536],[37.58491,-5.51372],[37.59342,-5.51237],[37.59709,-5.51334],[37.59769,-5.51453],[37.60111,-5.5163],[37.60732,-5.51626],[37.60445,-5.52224],[37.60552,-5.52512],[37.60482,-5.52922],[37.60124,-5.53907],[37.59916,-5.54201],[37.60396,-5.54609],[37.60856,-5.54669],[37.61093,-5.55789],[37.61052,-5.56203],[37.61161,-5.56787],[37.60715,-5.56685],[37.60429,-5.56857],[37.59528,-5.56856],[37.58764,-5.56768],[37.57776,-5.56505],[37.57684,-5.56866],[37.57705,-5.57966],[37.5699,-5.6106],[37.5679,-5.62348],[37.56613,-5.62684],[37.56639,-5.63213],[37.55191,-5.63938],[37.53618,-5.63928],[37.52547,-5.6323],[37.51984,-5.62572],[37.48945,-5.61094],[37.48653,-5.60736],[37.47942,-5.60388],[37.46302,-5.59989],[37.46499,-5.593],[37.46477,-5.58602],[37.45811,-5.57008],[37.45904,-5.55397],[37.46597,-5.54523],[37.46307,-5.53604],[37.46742,-5.52657],[37.46737,-5.48089],[37.47199,-5.45107],[37.47522,-5.44965],[37.48242,-5.45076],[37.48934,-5.44575]]]},"properties":{"region":"Tanga","district":"Kilindi","ward":"Kilwa","ward_code":"181"}},{"type":"Feature","geometry":{"type":"Polygon","coordinates":[[[37.92988,-5.17788],[37.93833,-5.21106],[37.9398,-5.25733],[37.93788,-5.26495],[37.93767,-5.27103],[37.93926,-5.2747],[37.94462,-5.27534],[37.94639,-5.27674],[37.94639,-5.27858],[37.94896,-5.27906],[37.95386,-5.28258],[37.95363,-5.28551],[37.95496,-5.28845],[37.95887,-5.29094],[37.95935,-5.29557],[37.96191,-5.30128],[37.96521,-5.30482],[37.9664,-5.3049],[37.96673,-5.30848],[37.96184,-5.31588],[37.95778,-5.31705],[37.9571,-5.326],[37.94505,-5.32868],[37.94365,-5.33396],[37.94786,-5.33546],[37.9486,-5.33713],[37.94814,-5.34229],[37.94963,-5.34353],[37.9513,-5.35018],[37.94686,-5.35896],[37.93719,-5.35872],[37.93193,-5.3565],[37.92879,-5.35774],[37.92226,-5.35158],[37.92161,-5.3477],[37.91632,-5.34411],[37.91066,-5.34318],[37.9076,-5.34465],[37.89275,-5.34533],[37.88822,-5.35163],[37.88784,-5.35404],[37.88943,-5.35836],[37.88292,-5.37807],[37.88766,-5.38122],[37.88651,-5.39236],[37.88229,-5.39201],[37.87903,-5.39065],[37.87782,-5.38871],[37.87618,-5.38908],[37.87599,-5.38737],[37.87168,-5.38344],[37.86012,-5.38032],[37.84836,-5.38856],[37.83569,-5.38961],[37.83151,-5.37017],[37.82176,-5.36966],[37.78822,-5.3423],[37.78695,-5.30368],[37.78386,-5.28387],[37.77973,-5.26967],[37.78277,-5.25977],[37.77024,-5.24079],[37.74482,-5.25605],[37.73275,-5.24069],[37.74047,-5.19882],[37.77047,-5.1926],[37.78678,-5.18024],[37.83266,-5.19001],[37.84503,-5.18447],[37.84983,-5.18413],[37.85068,-5.18283],[37.85632,-5.18042],[37.85697,-5.17923],[37.85633,-5.17841],[37.85815,-5.17612],[37.92988,-5.17788]]]},"properties":{"region":"Tanga","district":"Kilindi","ward":"Mkindi","ward_code":"091"}},{"type":"Feature","geometry":{"type":"Polygon","coordinates":[[[37.91188,-5.34318],[37.91632,-5.34411],[37.92161,-5.3477],[37.92226,-5.35158],[37.92879,-5.35774],[37.93193,-5.3565],[37.93719,-5.35872],[37.94686,-5.35896],[37.95026,-5.36749],[37.95371,-5.38273],[37.95421,-5.38957],[37.95033,-5.39407],[37.94804,-5.40127],[37.94931,-5.40699],[37.94747,-5.41531],[37.93965,-5.43813],[37.9377,-5.44737],[37.94854,-5.45865],[37.95456,-5.47017],[37.95217,-5.48263],[37.947,-5.49598],[37.93739,-5.50537],[37.92973,-5.52018],[37.92219,-5.5244],[37.91203,-5.52671],[37.90266,-5.52064],[37.89362,-5.52521],[37.88551,-5.52171],[37.88107,-5.51304],[37.8749,-5.50418],[37.87297,-5.49705],[37.86811,-5.48923],[37.86038,-5.48606],[37.86416,-5.50007],[37.85233,-5.50667],[37.83828,-5.50443],[37.83993,-5.49559],[37.84313,-5.487],[37.8479,-5.48756],[37.85002,-5.48901],[37.85427,-5.48905],[37.85619,-5.48366],[37.86448,-5.47856],[37.86314,-5.47245],[37.8643,-5.46589],[37.86393,-5.45532],[37.8601,-5.44396],[37.85389,-5.43743],[37.85105,-5.42777],[37.84848,-5.41332],[37.84991,-5.40894],[37.85493,-5.40752],[37.85513,-5.40308],[37.84869,-5.39979],[37.84711,-5.39454],[37.84836,-5.38856],[37.86012,-5.38032],[37.86224,-5.38051],[37.87168,-5.38344],[37.87599,-5.38737],[37.87618,-5.38908],[37.87782,-5.38871],[37.87903,-5.39065],[37.88651,-5.39236],[37.88766,-5.38122],[37.88292,-5.37807],[37.88943,-5.35836],[37.88784,-5.35404],[37.88822,-5.35163],[37.89275,-5.34533],[37.9076,-5.34465],[37.91188,-5.34318]]]},"properties":{"region":"Tanga","district":"Kilindi","ward":"Jaila","ward_code":"131"}},{"type":"Feature","geometry":{"type":"Polygon","coordinates":[[[37.72286,-5.33986],[37.72187,-5.34446],[37.72847,-5.34431],[37.73645,-5.34637],[37.75102,-5.34572],[37.75457,-5.34888],[37.76028,-5.35099],[37.75856,-5.36529],[37.75984,-5.38516],[37.78518,-5.40757],[37.80068,-5.41741],[37.80362,-5.42886],[37.80305,-5.44922],[37.80373,-5.45401],[37.80795,-5.45512],[37.81009,-5.47941],[37.81377,-5.48403],[37.81288,-5.48728],[37.81651,-5.49944],[37.82732,-5.51887],[37.83238,-5.53656],[37.84134,-5.597],[37.83749,-5.59288],[37.82677,-5.59262],[37.80421,-5.59764],[37.78991,-5.59414],[37.7864,-5.59975],[37.77519,-5.60145],[37.75209,-5.59741],[37.74471,-5.60694],[37.74105,-5.5984],[37.7355,-5.6008],[37.72009,-5.60196],[37.71941,-5.6005],[37.71403,-5.59957],[37.70115,-5.58773],[37.68587,-5.58849],[37.68334,-5.58778],[37.67836,-5.58405],[37.67694,-5.5813],[37.66811,-5.57684],[37.66434,-5.57594],[37.66181,-5.57801],[37.65819,-5.57711],[37.65525,-5.57758],[37.65328,-5.57457],[37.65332,-5.57242],[37.64948,-5.56849],[37.64954,-5.56706],[37.64665,-5.56585],[37.64076,-5.56038],[37.63718,-5.55835],[37.63481,-5.55818],[37.63298,-5.55968],[37.62471,-5.56127],[37.62282,-5.56394],[37.61557,-5.56505],[37.61161,-5.56787],[37.61052,-5.56203],[37.61093,-5.55789],[37.60856,-5.54669],[37.60396,-5.54609],[37.59916,-5.54201],[37.60124,-5.53907],[37.60482,-5.52922],[37.60552,-5.52512],[37.60445,-5.52224],[37.60732,-5.51626],[37.60707,-5.50912],[37.60843,-5.49769],[37.61259,-5.49081],[37.61829,-5.48932],[37.62024,-5.4876],[37.6204,-5.48491],[37.62327,-5.48217],[37.62592,-5.48128],[37.62762,-5.48177],[37.62936,-5.47958],[37.62848,-5.4755],[37.62977,-5.46811],[37.62814,-5.46681],[37.62786,-5.4649],[37.64354,-5.44736],[37.64896,-5.42862],[37.64596,-5.42661],[37.63961,-5.42796],[37.63469,-5.42123],[37.63539,-5.41474],[37.63253,-5.40954],[37.63271,-5.40673],[37.63537,-5.40574],[37.63267,-5.40121],[37.63196,-5.39034],[37.6295,-5.38211],[37.62603,-5.38128],[37.62194,-5.37737],[37.61733,-5.37071],[37.61763,-5.3631],[37.62091,-5.35111],[37.6273,-5.34382],[37.63168,-5.34298],[37.63417,-5.34346],[37.64295,-5.34743],[37.64876,-5.34272],[37.67749,-5.33612],[37.69449,-5.29756],[37.6932,-5.2746],[37.71004,-5.29249],[37.71473,-5.30836],[37.71514,-5.31769],[37.72286,-5.33986]]]},"properties":{"region":"Tanga","district":"Kilindi","ward":"Msanja","ward_code":"141"}},{"type":"Feature","geometry":{"type":"Polygon","coordinates":[[[37.73275,-5.24069],[37.74482,-5.25605],[37.77024,-5.24079],[37.78277,-5.25977],[37.77973,-5.26967],[37.78386,-5.28387],[37.78695,-5.30368],[37.78822,-5.3423],[37.82176,-5.36966],[37.83151,-5.37017],[37.83569,-5.38961],[37.84836,-5.38856],[37.84711,-5.39454],[37.84869,-5.39979],[37.85513,-5.40308],[37.85493,-5.40752],[37.84991,-5.40894],[37.84848,-5.41332],[37.85105,-5.42777],[37.85389,-5.43743],[37.8601,-5.44396],[37.86393,-5.45532],[37.8643,-5.46589],[37.86314,-5.47245],[37.86448,-5.47856],[37.85619,-5.48366],[37.85427,-5.48905],[37.85002,-5.48901],[37.8479,-5.48756],[37.84313,-5.487],[37.83993,-5.49559],[37.83828,-5.50443],[37.82732,-5.51887],[37.81651,-5.49944],[37.81288,-5.48728],[37.81377,-5.48403],[37.81009,-5.47941],[37.80795,-5.45512],[37.80373,-5.45401],[37.80305,-5.44922],[37.80362,-5.42886],[37.80068,-5.41741],[37.78518,-5.40757],[37.75984,-5.38516],[37.75856,-5.36529],[37.76028,-5.35099],[37.75457,-5.34888],[37.75102,-5.34572],[37.73645,-5.34637],[37.72847,-5.34431],[37.72187,-5.34446],[37.72286,-5.33986],[37.72195,-5.33557],[37.72042,-5.3335],[37.71514,-5.31769],[37.71473,-5.30836],[37.71004,-5.29249],[37.6932,-5.2746],[37.65924,-5.26645],[37.6569,-5.24488],[37.66659,-5.22149],[37.65804,-5.20886],[37.70164,-5.18248],[37.74047,-5.19882],[37.73275,-5.24069]]]},"properties":{"region":"Tanga","district":"Kilindi","ward":"Mabalanga","ward_code":"161"}},{"type":"Feature","geometry":{"type":"Polygon","coordinates":[[[37.56144,-5.69026],[37.56604,-5.69265],[37.56971,-5.69198],[37.57154,-5.69278],[37.57353,-5.6966],[37.57726,-5.69474],[37.58342,-5.69599],[37.58459,-5.69491],[37.59033,-5.6973],[37.59215,-5.69503],[37.59551,-5.69517],[37.59832,-5.69775],[37.59907,-5.70152],[37.60073,-5.70428],[37.60184,-5.70429],[37.60395,-5.70853],[37.60391,-5.71155],[37.60666,-5.71432],[37.60487,-5.71907],[37.61084,-5.72021],[37.61294,-5.72291],[37.61689,-5.721],[37.62415,-5.72068],[37.6268,-5.71939],[37.63025,-5.72138],[37.63338,-5.71959],[37.63739,-5.72018],[37.63897,-5.71826],[37.63958,-5.71428],[37.6411,-5.71383],[37.64128,-5.71021],[37.64235,-5.71],[37.64273,-5.71174],[37.64404,-5.71265],[37.64359,-5.71528],[37.64572,-5.71596],[37.64652,-5.71221],[37.64804,-5.71148],[37.65177,-5.71221],[37.65237,-5.70892],[37.65343,-5.71059],[37.65255,-5.71216],[37.65357,-5.71485],[37.66142,-5.71798],[37.66427,-5.71694],[37.6669,-5.72439],[37.66731,-5.73526],[37.66562,-5.73605],[37.65653,-5.74613],[37.65687,-5.75049],[37.6601,-5.75853],[37.6667,-5.76095],[37.67114,-5.75789],[37.67431,-5.75792],[37.67604,-5.75586],[37.68004,-5.75657],[37.68464,-5.75382],[37.68348,-5.76068],[37.68583,-5.77035],[37.70579,-5.77536],[37.71062,-5.77502],[37.7142,-5.79653],[37.71632,-5.79988],[37.72418,-5.80229],[37.72743,-5.80473],[37.73252,-5.80366],[37.73782,-5.80641],[37.74419,-5.80602],[37.75216,-5.80707],[37.74572,-5.81868],[37.74116,-5.82051],[37.74109,-5.82774],[37.73859,-5.83277],[37.73348,-5.83591],[37.73418,-5.83963],[37.73226,-5.84862],[37.72931,-5.85554],[37.72102,-5.86316],[37.7209,-5.866],[37.717,-5.87235],[37.71334,-5.87125],[37.71357,-5.87061],[37.70825,-5.86858],[37.70718,-5.86706],[37.70557,-5.86717],[37.70321,-5.86515],[37.70248,-5.8657],[37.70105,-5.86495],[37.70035,-5.86579],[37.6996,-5.8647],[37.69743,-5.86642],[37.69571,-5.86586],[37.69355,-5.86894],[37.69302,-5.87228],[37.68943,-5.86848],[37.68841,-5.87047],[37.68478,-5.86827],[37.68201,-5.8692],[37.6749,-5.86673],[37.67263,-5.87035],[37.66593,-5.86417],[37.66015,-5.86497],[37.65696,-5.86715],[37.65598,-5.86973],[37.65419,-5.87036],[37.65273,-5.87425],[37.6512,-5.87576],[37.65236,-5.87755],[37.65144,-5.88086],[37.654,-5.88118],[37.65929,-5.87944],[37.6616,-5.88409],[37.66443,-5.88469],[37.66975,-5.8952],[37.6601,-5.90139],[37.65466,-5.90833],[37.65325,-5.91687],[37.6522,-5.93521],[37.6526,-5.94575],[37.64172,-5.95212],[37.6405,-5.95133],[37.63513,-5.95419],[37.63336,-5.94846],[37.63213,-5.93896],[37.63361,-5.92741],[37.63277,-5.9233],[37.63373,-5.91944],[37.63342,-5.91536],[37.62786,-5.91556],[37.6279,-5.91289],[37.62701,-5.91182],[37.62365,-5.91155],[37.6238,-5.90939],[37.62186,-5.90662],[37.61755,-5.90348],[37.61241,-5.90168],[37.61161,-5.89718],[37.61309,-5.88496],[37.61188,-5.87836],[37.61256,-5.87569],[37.60972,-5.86929],[37.60947,-5.86469],[37.60804,-5.86059],[37.60917,-5.8582],[37.60552,-5.85583],[37.603,-5.85544],[37.59845,-5.85757],[37.59752,-5.85334],[37.59531,-5.85309],[37.59481,-5.85224],[37.59052,-5.85221],[37.58601,-5.84556],[37.58148,-5.84399],[37.58149,-5.84069],[37.57842,-5.83864],[37.57482,-5.83873],[37.57321,-5.84089],[37.5681,-5.84224],[37.56737,-5.84332],[37.56509,-5.84271],[37.56086,-5.83556],[37.55879,-5.82901],[37.5568,-5.82996],[37.55556,-5.82401],[37.54935,-5.82209],[37.5479,-5.81981],[37.54622,-5.82019],[37.54593,-5.81721],[37.54302,-5.81605],[37.54286,-5.81328],[37.54097,-5.81311],[37.53924,-5.81521],[37.5374,-5.82057],[37.53646,-5.82092],[37.53137,-5.82069],[37.53006,-5.81788],[37.52823,-5.81814],[37.52898,-5.82168],[37.52814,-5.82453],[37.52462,-5.82309],[37.52382,-5.82001],[37.52268,-5.82127],[37.51978,-5.82145],[37.51757,-5.82279],[37.51352,-5.82172],[37.51091,-5.81969],[37.50955,-5.82008],[37.50868,-5.82331],[37.50462,-5.82187],[37.50413,-5.81759],[37.50143,-5.81797],[37.49936,-5.81693],[37.49376,-5.81746],[37.49118,-5.81907],[37.49019,-5.82446],[37.48759,-5.82808],[37.48539,-5.82335],[37.48015,-5.8229],[37.48007,-5.81738],[37.47809,-5.80893],[37.47243,-5.80708],[37.46865,-5.81109],[37.4673,-5.81084],[37.46493,-5.80936],[37.4642,-5.80513],[37.46259,-5.80455],[37.46144,-5.80273],[37.46592,-5.79024],[37.46933,-5.77676],[37.48006,-5.7484],[37.4876,-5.73133],[37.48796,-5.70836],[37.49602,-5.71377],[37.50244,-5.71564],[37.51111,-5.71267],[37.51971,-5.7051],[37.52331,-5.70516],[37.52872,-5.70305],[37.53469,-5.70269],[37.53696,-5.70274],[37.53921,-5.70414],[37.5469,-5.6968],[37.55359,-5.68569],[37.55727,-5.68199],[37.5605,-5.6853],[37.56144,-5.69026]]]},"properties":{"region":"Tanga","district":"Kilindi","ward":"Kimbe","ward_code":"061"}},{"type":"Feature","geometry":{"type":"Polygon","coordinates":[[[37.64076,-5.56038],[37.64665,-5.56585],[37.64954,-5.56706],[37.64948,-5.56849],[37.65332,-5.57242],[37.65328,-5.57457],[37.65525,-5.57758],[37.65819,-5.57711],[37.66181,-5.57801],[37.66434,-5.57594],[37.66811,-5.57684],[37.67694,-5.5813],[37.67836,-5.58405],[37.68334,-5.58778],[37.68587,-5.58849],[37.70115,-5.58773],[37.71403,-5.59957],[37.71941,-5.6005],[37.72009,-5.60196],[37.7355,-5.6008],[37.74105,-5.5984],[37.74471,-5.60694],[37.75143,-5.61352],[37.75835,-5.62511],[37.7609,-5.6404],[37.76258,-5.64489],[37.76626,-5.64788],[37.77333,-5.64967],[37.77518,-5.65294],[37.77442,-5.65488],[37.76312,-5.65819],[37.75179,-5.69408],[37.74555,-5.70676],[37.74536,-5.70962],[37.74287,-5.71151],[37.73683,-5.71268],[37.73259,-5.7168],[37.72838,-5.71606],[37.72502,-5.71673],[37.72328,-5.71557],[37.71754,-5.71469],[37.70877,-5.71902],[37.70473,-5.71965],[37.70055,-5.71769],[37.68657,-5.71869],[37.6825,-5.72605],[37.67757,-5.71974],[37.67751,-5.71707],[37.66699,-5.71161],[37.66696,-5.70909],[37.6661,-5.70852],[37.66428,-5.7098],[37.66728,-5.71357],[37.66686,-5.71487],[37.66562,-5.71663],[37.66287,-5.71684],[37.66142,-5.71798],[37.65357,-5.71485],[37.65255,-5.71216],[37.65343,-5.71059],[37.65237,-5.70892],[37.65177,-5.71221],[37.64804,-5.71148],[37.64652,-5.71221],[37.64572,-5.71596],[37.64359,-5.71528],[37.64404,-5.71265],[37.64273,-5.71174],[37.64235,-5.71],[37.64128,-5.71021],[37.6411,-5.71383],[37.63958,-5.71428],[37.63897,-5.71826],[37.63739,-5.72018],[37.63338,-5.71959],[37.63025,-5.72138],[37.6268,-5.71939],[37.62415,-5.72068],[37.61689,-5.721],[37.61294,-5.72291],[37.61084,-5.72021],[37.60487,-5.71907],[37.60666,-5.71432],[37.60391,-5.71155],[37.60395,-5.70853],[37.60184,-5.70429],[37.60073,-5.70428],[37.59907,-5.70152],[37.59832,-5.69775],[37.59551,-5.69517],[37.59215,-5.69503],[37.59033,-5.6973],[37.58459,-5.69491],[37.58342,-5.69599],[37.57726,-5.69474],[37.57353,-5.6966],[37.57154,-5.69278],[37.56971,-5.69198],[37.56604,-5.69265],[37.56359,-5.69057],[37.56144,-5.69026],[37.5605,-5.6853],[37.55727,-5.68199],[37.55359,-5.68569],[37.5469,-5.6968],[37.53921,-5.70414],[37.53696,-5.70274],[37.53469,-5.70269],[37.52872,-5.70305],[37.52331,-5.70516],[37.51971,-5.7051],[37.51111,-5.71267],[37.50244,-5.71564],[37.49602,-5.71377],[37.48796,-5.70836],[37.49413,-5.69304],[37.48905,-5.6839],[37.50522,-5.65584],[37.49926,-5.65102],[37.49981,-5.64586],[37.50562,-5.63771],[37.51984,-5.62572],[37.52547,-5.6323],[37.53795,-5.63979],[37.55191,-5.63938],[37.56639,-5.63213],[37.56613,-5.62684],[37.5679,-5.62348],[37.5699,-5.6106],[37.57705,-5.57966],[37.57684,-5.56866],[37.57776,-5.56505],[37.58764,-5.56768],[37.60429,-5.56857],[37.60715,-5.56685],[37.61161,-5.56787],[37.61557,-5.56505],[37.62282,-5.56394],[37.62471,-5.56127],[37.63298,-5.55968],[37.63481,-5.55818],[37.63718,-5.55835],[37.64076,-5.56038]]]},"properties":{"region":"Tanga","district":"Kilindi","ward":"Kilindi","ward_code":"071"}},{"type":"Feature","geometry":{"type":"Polygon","coordinates":[[[37.83009,-5.69578],[37.84239,-5.72259],[37.84502,-5.7237],[37.84683,-5.72806],[37.84725,-5.73425],[37.83897,-5.74309],[37.85038,-5.75131],[37.85753,-5.74157],[37.86652,-5.75234],[37.87641,-5.7552],[37.89677,-5.78208],[37.90028,-5.79025],[37.91616,-5.81684],[37.92313,-5.83302],[37.92192,-5.8358],[37.92558,-5.83958],[37.92857,-5.84526],[37.92292,-5.8466],[37.91759,-5.85137],[37.90799,-5.86755],[37.9043,-5.86918],[37.90009,-5.87448],[37.88967,-5.874],[37.8839,-5.87632],[37.88145,-5.87599],[37.87806,-5.88154],[37.87874,-5.8839],[37.8776,-5.88487],[37.87568,-5.88401],[37.87391,-5.88627],[37.87385,-5.8887],[37.86824,-5.88954],[37.86631,-5.89405],[37.86195,-5.89419],[37.85073,-5.8908],[37.83802,-5.89037],[37.83183,-5.88795],[37.82114,-5.8864],[37.81706,-5.88669],[37.80114,-5.89201],[37.79997,-5.89529],[37.79773,-5.89286],[37.79427,-5.89206],[37.78892,-5.89794],[37.78434,-5.89761],[37.78334,-5.89601],[37.78296,-5.89724],[37.78137,-5.89784],[37.78011,-5.8956],[37.77894,-5.89667],[37.77716,-5.8955],[37.776,-5.90105],[37.77462,-5.89418],[37.77088,-5.88946],[37.76465,-5.88845],[37.76306,-5.89058],[37.75539,-5.89121],[37.75462,-5.89007],[37.75587,-5.88551],[37.75287,-5.88351],[37.75574,-5.87985],[37.7549,-5.87777],[37.75683,-5.87658],[37.75505,-5.87444],[37.74649,-5.87585],[37.74517,-5.87482],[37.74529,-5.86904],[37.7366,-5.87613],[37.73476,-5.87519],[37.73403,-5.87668],[37.7306,-5.87734],[37.73061,-5.8783],[37.72902,-5.87819],[37.7239,-5.8745],[37.72218,-5.87164],[37.72403,-5.8697],[37.72216,-5.86885],[37.72192,-5.86762],[37.72294,-5.86695],[37.7209,-5.866],[37.72102,-5.86316],[37.72931,-5.85554],[37.73226,-5.84862],[37.73418,-5.83963],[37.73348,-5.83591],[37.73859,-5.83277],[37.74109,-5.82774],[37.74116,-5.82051],[37.74572,-5.81868],[37.75216,-5.80707],[37.74419,-5.80602],[37.73782,-5.80641],[37.73252,-5.80366],[37.72743,-5.80473],[37.72418,-5.80229],[37.71632,-5.79988],[37.7142,-5.79653],[37.71062,-5.77502],[37.70579,-5.77536],[37.68583,-5.77035],[37.68348,-5.76068],[37.68464,-5.75382],[37.68004,-5.75657],[37.67604,-5.75586],[37.67431,-5.75792],[37.67114,-5.75789],[37.6667,-5.76095],[37.6601,-5.75853],[37.65687,-5.75049],[37.65653,-5.74613],[37.66562,-5.73605],[37.66731,-5.73526],[37.66759,-5.73307],[37.6669,-5.72439],[37.66427,-5.71694],[37.66562,-5.71663],[37.66728,-5.71357],[37.66428,-5.7098],[37.6661,-5.70852],[37.66696,-5.70909],[37.66699,-5.71161],[37.67751,-5.71707],[37.67757,-5.71974],[37.6825,-5.72605],[37.68657,-5.71869],[37.70055,-5.71769],[37.70473,-5.71965],[37.70877,-5.71902],[37.71754,-5.71469],[37.72328,-5.71557],[37.72502,-5.71673],[37.72838,-5.71606],[37.73259,-5.7168],[37.73683,-5.71268],[37.74287,-5.71151],[37.74536,-5.70962],[37.74555,-5.70676],[37.75179,-5.69408],[37.76312,-5.65819],[37.77442,-5.65488],[37.78569,-5.66449],[37.78718,-5.6678],[37.78782,-5.67404],[37.79354,-5.67723],[37.80388,-5.67878],[37.81682,-5.684],[37.83009,-5.69578]]]},"properties":{"region":"Tanga","district":"Kilindi","ward":"Negero","ward_code":"081"}},{"type":"Feature","geometry":{"type":"Polygon","coordinates":[[[37.48945,-5.61094],[37.51984,-5.62572],[37.50562,-5.63771],[37.49981,-5.64586],[37.49926,-5.65102],[37.50522,-5.65584],[37.48905,-5.6839],[37.49413,-5.69304],[37.48796,-5.70836],[37.4876,-5.73133],[37.48006,-5.7484],[37.46933,-5.77676],[37.46592,-5.79024],[37.46144,-5.80273],[37.46001,-5.80283],[37.45917,-5.80469],[37.45588,-5.80514],[37.4542,-5.80733],[37.44853,-5.80809],[37.44953,-5.80461],[37.44667,-5.80407],[37.44138,-5.80548],[37.42969,-5.79773],[37.42809,-5.79531],[37.42454,-5.79474],[37.41537,-5.79021],[37.4125,-5.79184],[37.41095,-5.7907],[37.40983,-5.78774],[37.40469,-5.78748],[37.40132,-5.78869],[37.39539,-5.78726],[37.3982,-5.77947],[37.38861,-5.77367],[37.38346,-5.77338],[37.38298,-5.77438],[37.38487,-5.77835],[37.38418,-5.78043],[37.38206,-5.78118],[37.37998,-5.78018],[37.38075,-5.77506],[37.37964,-5.77326],[37.37854,-5.77325],[37.37748,-5.77677],[37.37569,-5.77841],[37.3691,-5.77539],[37.36862,-5.77424],[37.37092,-5.77179],[37.36981,-5.76571],[37.37704,-5.76387],[37.37864,-5.76171],[37.38131,-5.75268],[37.37441,-5.73961],[37.37182,-5.73154],[37.3716,-5.72582],[37.37363,-5.72235],[37.37241,-5.71457],[37.37344,-5.7074],[37.37106,-5.6986],[37.36579,-5.69917],[37.36258,-5.69572],[37.36221,-5.69004],[37.36371,-5.68956],[37.36505,-5.69052],[37.36591,-5.6893],[37.36474,-5.68746],[37.36645,-5.68557],[37.36533,-5.68336],[37.36687,-5.67792],[37.36455,-5.67749],[37.36598,-5.67621],[37.36512,-5.67182],[37.367,-5.66994],[37.36579,-5.66556],[37.36432,-5.6648],[37.36346,-5.66536],[37.36558,-5.66278],[37.36481,-5.6613],[37.3661,-5.65927],[37.36469,-5.65801],[37.3638,-5.65886],[37.36329,-5.65781],[37.36596,-5.65491],[37.36422,-5.65455],[37.36481,-5.6518],[37.36761,-5.64948],[37.36779,-5.64758],[37.36759,-5.64671],[37.36597,-5.64654],[37.36585,-5.64326],[37.36373,-5.64438],[37.36253,-5.64325],[37.36245,-5.64488],[37.36129,-5.644],[37.36093,-5.64181],[37.36703,-5.63786],[37.3707,-5.63173],[37.37482,-5.62894],[37.38021,-5.62936],[37.3894,-5.62143],[37.39437,-5.61893],[37.39877,-5.61807],[37.41001,-5.61891],[37.4385,-5.61877],[37.43986,-5.61529],[37.44219,-5.61278],[37.45902,-5.60469],[37.46312,-5.59986],[37.47942,-5.60388],[37.48653,-5.60736],[37.48945,-5.61094]]]},"properties":{"region":"Tanga","district":"Kilindi","ward":"Lwande","ward_code":"011"}},{"type":"Feature","geometry":{"type":"Polygon","coordinates":[[[37.25206,-5.89558],[37.25528,-5.90789],[37.25397,-5.91472],[37.25523,-5.92033],[37.25402,-5.92331],[37.2551,-5.92616],[37.25461,-5.93095],[37.25793,-5.94039],[37.25839,-5.95002],[37.2615,-5.95605],[37.25547,-5.97546],[37.2551,-5.98259],[37.25275,-5.98504],[37.24889,-5.99578],[37.23994,-5.99783],[37.23367,-6.00245],[37.19239,-6.00093],[37.1762,-6.0027],[37.16964,-5.99955],[37.17466,-5.97867],[37.17519,-5.9637],[37.1797,-5.96418],[37.18448,-5.9623],[37.18868,-5.96202],[37.18406,-5.94938],[37.18298,-5.93882],[37.1836,-5.93218],[37.18023,-5.93234],[37.17982,-5.92433],[37.18714,-5.92402],[37.20461,-5.9055],[37.21133,-5.90606],[37.22319,-5.90283],[37.2294,-5.89915],[37.23093,-5.89719],[37.23847,-5.89532],[37.24641,-5.8948],[37.25206,-5.89558]]]},"properties":{"region":"Tanga","district":"Kilindi","ward":"Kikunde","ward_code":"021"}},{"type":"Feature","geometry":{"type":"Polygon","coordinates":[[[37.29192,-5.57086],[37.2947,-5.57073],[37.2956,-5.57205],[37.29836,-5.57239],[37.31787,-5.57261],[37.31929,-5.57574],[37.31964,-5.5814],[37.32098,-5.58557],[37.32665,-5.58224],[37.32665,-5.58122],[37.32882,-5.58067],[37.32923,-5.57917],[37.33228,-5.57878],[37.33249,-5.57793],[37.33621,-5.57635],[37.3406,-5.57823],[37.34757,-5.57701],[37.35401,-5.5785],[37.36847,-5.57784],[37.39505,-5.58067],[37.44141,-5.58163],[37.46067,-5.57621],[37.46477,-5.58602],[37.46499,-5.593],[37.46302,-5.59989],[37.45902,-5.60469],[37.44219,-5.61278],[37.43986,-5.61529],[37.4385,-5.61877],[37.41001,-5.61891],[37.39877,-5.61807],[37.39437,-5.61893],[37.3894,-5.62143],[37.38021,-5.62936],[37.37482,-5.62894],[37.3707,-5.63173],[37.36703,-5.63786],[37.3616,-5.64167],[37.3424,-5.64673],[37.32428,-5.65406],[37.31353,-5.65451],[37.31189,-5.65193],[37.29512,-5.65063],[37.28766,-5.64869],[37.28642,-5.64683],[37.2847,-5.65731],[37.2828,-5.66051],[37.28327,-5.66489],[37.28117,-5.66731],[37.28052,-5.67312],[37.27809,-5.67209],[37.27538,-5.68018],[37.26958,-5.68319],[37.26551,-5.68388],[37.25858,-5.69283],[37.23277,-5.69288],[37.22216,-5.69508],[37.21193,-5.68798],[37.21344,-5.68585],[37.21336,-5.68124],[37.21007,-5.67796],[37.20773,-5.67774],[37.20146,-5.6737],[37.19994,-5.66937],[37.20897,-5.65903],[37.2191,-5.65186],[37.22328,-5.64211],[37.22444,-5.62931],[37.22365,-5.62298],[37.2263,-5.6175],[37.23079,-5.61177],[37.23233,-5.60191],[37.22847,-5.58133],[37.22511,-5.57115],[37.22758,-5.57248],[37.23847,-5.57393],[37.26301,-5.57],[37.26665,-5.57132],[37.2789,-5.57286],[37.29105,-5.56911],[37.29192,-5.57086]]]},"properties":{"region":"Tanga","district":"Kilindi","ward":"Songe","ward_code":"031"}},{"type":"Feature","geometry":{"type":"Polygon","coordinates":[[[37.15467,-5.77149],[37.17505,-5.77627],[37.17978,-5.77631],[37.18479,-5.77399],[37.18611,-5.77505],[37.19056,-5.77545],[37.19717,-5.77952],[37.20643,-5.78204],[37.20986,-5.78188],[37.214,-5.77979],[37.22184,-5.78302],[37.21644,-5.78712],[37.21119,-5.79439],[37.21128,-5.79956],[37.20707,-5.8055],[37.20842,-5.81373],[37.20755,-5.81563],[37.20793,-5.81895],[37.21015,-5.82232],[37.20882,-5.82521],[37.20891,-5.83477],[37.20687,-5.83773],[37.20405,-5.84629],[37.19537,-5.85488],[37.18869,-5.86413],[37.18848,-5.86705],[37.18382,-5.87407],[37.18102,-5.88259],[37.19181,-5.88363],[37.19627,-5.88561],[37.19778,-5.88516],[37.19962,-5.88767],[37.20388,-5.88957],[37.23093,-5.89719],[37.2294,-5.89915],[37.22319,-5.90283],[37.21133,-5.90606],[37.20461,-5.9055],[37.18714,-5.92402],[37.17982,-5.92433],[37.18023,-5.93234],[37.1836,-5.93218],[37.18298,-5.93882],[37.18406,-5.94938],[37.18868,-5.96202],[37.18448,-5.9623],[37.1797,-5.96418],[37.17519,-5.9637],[37.17466,-5.97867],[37.16964,-5.99955],[37.15471,-5.99305],[37.14689,-5.99277],[37.13368,-5.97858],[37.1169,-5.96629],[37.11024,-5.96578],[37.10712,-5.94012],[37.09077,-5.91364],[37.08887,-5.90401],[37.08557,-5.89996],[37.08081,-5.89798],[37.0734,-5.89024],[37.06601,-5.88813],[37.06081,-5.88777],[37.04976,-5.86036],[37.06334,-5.85315],[37.0653,-5.8227],[37.06891,-5.81494],[37.08059,-5.80127],[37.08552,-5.80006],[37.09554,-5.79477],[37.09962,-5.78987],[37.12051,-5.77688],[37.15467,-5.77149]]]},"properties":{"region":"Tanga","district":"Kilindi","ward":"Pagwi","ward_code":"041"}},{"type":"Feature","geometry":{"type":"Polygon","coordinates":[[[37.36037,-5.64192],[37.36245,-5.64488],[37.36253,-5.64325],[37.36373,-5.64438],[37.36585,-5.64326],[37.36597,-5.64654],[37.36759,-5.64671],[37.36779,-5.64758],[37.36761,-5.64948],[37.36481,-5.6518],[37.36422,-5.65455],[37.36596,-5.65491],[37.36329,-5.65781],[37.3638,-5.65886],[37.36469,-5.65801],[37.3661,-5.65927],[37.36481,-5.6613],[37.36558,-5.66278],[37.36346,-5.66536],[37.36432,-5.6648],[37.36579,-5.66556],[37.367,-5.66994],[37.36512,-5.67182],[37.36598,-5.67621],[37.36455,-5.67749],[37.36687,-5.67792],[37.36533,-5.68336],[37.36645,-5.68557],[37.36474,-5.68746],[37.36591,-5.6893],[37.36505,-5.69052],[37.36371,-5.68956],[37.36221,-5.69004],[37.36258,-5.69572],[37.36579,-5.69917],[37.37106,-5.6986],[37.37344,-5.7074],[37.37241,-5.71457],[37.37363,-5.72235],[37.3716,-5.72582],[37.37182,-5.73154],[37.37441,-5.73961],[37.35188,-5.75337],[37.3315,-5.75504],[37.32135,-5.75899],[37.31945,-5.76178],[37.31186,-5.76413],[37.30041,-5.76422],[37.29179,-5.76619],[37.28741,-5.76884],[37.27613,-5.76764],[37.26769,-5.77303],[37.265,-5.77709],[37.26226,-5.77735],[37.26139,-5.78029],[37.26456,-5.78291],[37.2601,-5.78391],[37.26018,-5.78226],[37.25796,-5.78337],[37.25633,-5.78249],[37.2519,-5.78425],[37.24795,-5.78735],[37.24529,-5.79156],[37.24249,-5.78612],[37.23621,-5.78455],[37.2337,-5.78844],[37.214,-5.77979],[37.20986,-5.78188],[37.20643,-5.78204],[37.19717,-5.77952],[37.19056,-5.77545],[37.18611,-5.77505],[37.18479,-5.77399],[37.18057,-5.77621],[37.17505,-5.77627],[37.15467,-5.77149],[37.15628,-5.76995],[37.16835,-5.74133],[37.1724,-5.73401],[37.18108,-5.72645],[37.18302,-5.71814],[37.18072,-5.71513],[37.18078,-5.71048],[37.18509,-5.70587],[37.18546,-5.69967],[37.18259,-5.69368],[37.18482,-5.68517],[37.19994,-5.66937],[37.20146,-5.6737],[37.20773,-5.67774],[37.21007,-5.67796],[37.21336,-5.68124],[37.21344,-5.68585],[37.21193,-5.68798],[37.22216,-5.69508],[37.23277,-5.69288],[37.25858,-5.69283],[37.26551,-5.68388],[37.26958,-5.68319],[37.27538,-5.68018],[37.27809,-5.67209],[37.28052,-5.67312],[37.28117,-5.66731],[37.28327,-5.66489],[37.2828,-5.66051],[37.2847,-5.65731],[37.28642,-5.64683],[37.28766,-5.64869],[37.29512,-5.65063],[37.31189,-5.65193],[37.31353,-5.65451],[37.32428,-5.65406],[37.3424,-5.64673],[37.36037,-5.64192]]]},"properties":{"region":"Tanga","district":"Kilindi","ward":"Masagalu","ward_code":"051"}},{"type":"Feature","geometry":{"type":"Polygon","coordinates":[[[37.29615,-5.87163],[37.29763,-5.87384],[37.30921,-5.87055],[37.31799,-5.87171],[37.32536,-5.87461],[37.33697,-5.88095],[37.39847,-5.87746],[37.39615,-5.90048],[37.39303,-5.90837],[37.39232,-5.91482],[37.39305,-5.92906],[37.39633,-5.93525],[37.39545,-5.94469],[37.3832,-5.96475],[37.3756,-5.97205],[37.36585,-5.97754],[37.34893,-5.97892],[37.33902,-5.97659],[37.32858,-5.98022],[37.32391,-5.98355],[37.31454,-5.98448],[37.30607,-5.98091],[37.30316,-5.98525],[37.29985,-5.98758],[37.28969,-5.98844],[37.28338,-5.9915],[37.27284,-5.99276],[37.26705,-5.99489],[37.25212,-5.99648],[37.24889,-5.99578],[37.25275,-5.98504],[37.2551,-5.98259],[37.25547,-5.97546],[37.2615,-5.95605],[37.25839,-5.95002],[37.25793,-5.94039],[37.25461,-5.93095],[37.2551,-5.92616],[37.25402,-5.92331],[37.25523,-5.92033],[37.25397,-5.91472],[37.25528,-5.90789],[37.25206,-5.89558],[37.26051,-5.87879],[37.26744,-5.86867],[37.27103,-5.86772],[37.28734,-5.86949],[37.29615,-5.87163]]]},"properties":{"region":"Tanga","district":"Kilindi","ward":"Tunguli","ward_code":"191"}},{"type":"Feature","geometry":{"type":"Polygon","coordinates":[[[37.36981,-5.76571],[37.37092,-5.77179],[37.36862,-5.77424],[37.3691,-5.77539],[37.37491,-5.77851],[37.37748,-5.77677],[37.37854,-5.77325],[37.37964,-5.77326],[37.38075,-5.77506],[37.37998,-5.78018],[37.38206,-5.78118],[37.38418,-5.78043],[37.38487,-5.77835],[37.38298,-5.77438],[37.38346,-5.77338],[37.38861,-5.77367],[37.3982,-5.77947],[37.39539,-5.78726],[37.40132,-5.78869],[37.40469,-5.78748],[37.40983,-5.78774],[37.41095,-5.7907],[37.4125,-5.79184],[37.41537,-5.79021],[37.42454,-5.79474],[37.42809,-5.79531],[37.42969,-5.79773],[37.44138,-5.80548],[37.44667,-5.80407],[37.44953,-5.80461],[37.44853,-5.80809],[37.43827,-5.80934],[37.42793,-5.82384],[37.42166,-5.8312],[37.41453,-5.83661],[37.40921,-5.84583],[37.40025,-5.85555],[37.39842,-5.85979],[37.39847,-5.87746],[37.33697,-5.88095],[37.32536,-5.87461],[37.31799,-5.87171],[37.30921,-5.87055],[37.29763,-5.87384],[37.29615,-5.87163],[37.28734,-5.86949],[37.27103,-5.86772],[37.26744,-5.86867],[37.26051,-5.87879],[37.25206,-5.89558],[37.24641,-5.8948],[37.23847,-5.89532],[37.2327,-5.89726],[37.20388,-5.88957],[37.19962,-5.88767],[37.19778,-5.88516],[37.19627,-5.88561],[37.19181,-5.88363],[37.18102,-5.88259],[37.18382,-5.87407],[37.18848,-5.86705],[37.18869,-5.86413],[37.19537,-5.85488],[37.20405,-5.84629],[37.20687,-5.83773],[37.20891,-5.83477],[37.20882,-5.82521],[37.21015,-5.82232],[37.20793,-5.81895],[37.20755,-5.81563],[37.20842,-5.81373],[37.20707,-5.8055],[37.21128,-5.79956],[37.21119,-5.79439],[37.21644,-5.78712],[37.22184,-5.78302],[37.2337,-5.78844],[37.23621,-5.78455],[37.24249,-5.78612],[37.24529,-5.79156],[37.24795,-5.78735],[37.2519,-5.78425],[37.25633,-5.78249],[37.25796,-5.78337],[37.26018,-5.78226],[37.2601,-5.78391],[37.26456,-5.78291],[37.26139,-5.78029],[37.26226,-5.77735],[37.265,-5.77709],[37.26769,-5.77303],[37.27613,-5.76764],[37.28741,-5.76884],[37.29179,-5.76619],[37.30041,-5.76422],[37.31186,-5.76413],[37.31945,-5.76178],[37.32135,-5.75899],[37.3315,-5.75504],[37.35188,-5.75337],[37.37441,-5.73961],[37.38131,-5.75268],[37.37864,-5.76171],[37.37704,-5.76387],[37.36981,-5.76571]]]},"properties":{"region":"Tanga","district":"Kilindi","ward":"Kwekivu","ward_code":"201"}},{"type":"Feature","geometry":{"type":"Polygon","coordinates":[[[37.3169,-5.51184],[37.32884,-5.51273],[37.32958,-5.5119],[37.33606,-5.51507],[37.33787,-5.51405],[37.34086,-5.5146],[37.3459,-5.5182],[37.37594,-5.52162],[37.38662,-5.51937],[37.39558,-5.5191],[37.45197,-5.52253],[37.46761,-5.52154],[37.46742,-5.52657],[37.46307,-5.53604],[37.46597,-5.54523],[37.45904,-5.55397],[37.45811,-5.57008],[37.46067,-5.57621],[37.44141,-5.58163],[37.39505,-5.58067],[37.36847,-5.57784],[37.35401,-5.5785],[37.34757,-5.57701],[37.3406,-5.57823],[37.33621,-5.57635],[37.33249,-5.57793],[37.33228,-5.57878],[37.32923,-5.57917],[37.32882,-5.58067],[37.32665,-5.58122],[37.32665,-5.58224],[37.32098,-5.58557],[37.31964,-5.5814],[37.31929,-5.57574],[37.31787,-5.57261],[37.2956,-5.57205],[37.2947,-5.57073],[37.29192,-5.57086],[37.29105,-5.56911],[37.2789,-5.57286],[37.26665,-5.57132],[37.26301,-5.57],[37.23847,-5.57393],[37.22758,-5.57248],[37.22511,-5.57115],[37.22755,-5.56079],[37.24134,-5.53055],[37.25968,-5.50883],[37.26607,-5.49641],[37.27042,-5.49079],[37.27838,-5.49626],[37.28613,-5.498],[37.29077,-5.5015],[37.30839,-5.50748],[37.3169,-5.51184]]]},"properties":{"region":"Tanga","district":"Kilindi","ward":"Bokwa","ward_code":"211"}},{"type":"Feature","geometry":{"type":"Polygon","coordinates":[[[38.80624,-4.39331],[39.06164,-4.57076],[39.05087,-4.59045],[39.04767,-4.60404],[39.05997,-4.6315],[39.03587,-4.65042],[39.03792,-4.65761],[39.03769,-4.67127],[39.03651,-4.6778],[39.03236,-4.67885],[39.02627,-4.68375],[39.01144,-4.69241],[39.00141,-4.69612],[38.97304,-4.71006],[38.94287,-4.72647],[38.93498,-4.73271],[38.90824,-4.66306],[38.84713,-4.64309],[38.79927,-4.59584],[38.78683,-4.58028],[38.79243,-4.56704],[38.779,-4.54869],[38.78005,-4.54722],[38.77974,-4.54542],[38.78237,-4.54516],[38.77863,-4.54079],[38.78006,-4.54],[38.77907,-4.53817],[38.78185,-4.53637],[38.78414,-4.5383],[38.78346,-4.53982],[38.7841,-4.54035],[38.78528,-4.53829],[38.78501,-4.53367],[38.78427,-4.53422],[38.7844,-4.53253],[38.78214,-4.53169],[38.78373,-4.52755],[38.7851,-4.52698],[38.78429,-4.52554],[38.78682,-4.52391],[38.78657,-4.52123],[38.78874,-4.52013],[38.78839,-4.51877],[38.7899,-4.51763],[38.78109,-4.51788],[38.77842,-4.5167],[38.77406,-4.5176],[38.76147,-4.51442],[38.75879,-4.50655],[38.76067,-4.49369],[38.80624,-4.39331]]]},"properties":{"region":"Tanga","district":"Mkinga","ward":"Mwakijembe","ward_code":"011"}},{"type":"Feature","geometry":{"type":"Polygon","coordinates":[[[39.07394,-4.82704],[39.08656,-4.82905],[39.09107,-4.8287],[39.09501,-4.83998],[39.09415,-4.85276],[39.09456,-4.85427],[39.09799,-4.85766],[39.10058,-4.85689],[39.10685,-4.85799],[39.11213,-4.86089],[39.11935,-4.85083],[39.12346,-4.85184],[39.12881,-4.85101],[39.13197,-4.8544],[39.13138,-4.85601],[39.1286,-4.85801],[39.12773,-4.8568],[39.12089,-4.86627],[39.10735,-4.88966],[39.10489,-4.88808],[39.10508,-4.88552],[39.10372,-4.88477],[39.10098,-4.88581],[39.10164,-4.8833],[39.0998,-4.88294],[39.09874,-4.88163],[39.09534,-4.88112],[39.09499,-4.87848],[39.09257,-4.87902],[39.09204,-4.87577],[39.0886,-4.87603],[39.0898,-4.87375],[39.08931,-4.87242],[39.0855,-4.87012],[39.08203,-4.86407],[39.07983,-4.86792],[39.07607,-4.88057],[39.07399,-4.8791],[39.06964,-4.87836],[39.06609,-4.87349],[39.0598,-4.86893],[39.05958,-4.85976],[39.04961,-4.85722],[39.05156,-4.85026],[39.04552,-4.84623],[39.0433,-4.84242],[39.0455,-4.83884],[39.04212,-4.8342],[39.04711,-4.83243],[39.04743,-4.82755],[39.05238,-4.82666],[39.05369,-4.82583],[39.0545,-4.82333],[39.05744,-4.82144],[39.06627,-4.8177],[39.06686,-4.82188],[39.0699,-4.82469],[39.07394,-4.82704]]]},"properties":{"region":"Tanga","district":"Mkinga","ward":"Mkinga","ward_code":"021"}},{"type":"Feature","geometry":{"type":"Polygon","coordinates":[[[39.17493,-4.67371],[39.16416,-4.70154],[39.14914,-4.70431],[39.13175,-4.70568],[39.12508,-4.70528],[39.12402,-4.69459],[39.09684,-4.69486],[39.07004,-4.69879],[39.06601,-4.70045],[39.04953,-4.69866],[39.04956,-4.69456],[39.03431,-4.69063],[39.03463,-4.68478],[39.03769,-4.67127],[39.03792,-4.65761],[39.03587,-4.65042],[39.05997,-4.6315],[39.04767,-4.60404],[39.05087,-4.59045],[39.06164,-4.57076],[39.18255,-4.65475],[39.17531,-4.66349],[39.17602,-4.66831],[39.17493,-4.67371]]]},"properties":{"region":"Tanga","district":"Mkinga","ward":"Duga","ward_code":"031"}},{"type":"Feature","geometry":{"type":"Polygon","coordinates":[[[39.18707,-4.7543],[39.18537,-4.76046],[39.1828,-4.76061],[39.18152,-4.76501],[39.17724,-4.76942],[39.17468,-4.76919],[39.17334,-4.77355],[39.17567,-4.7788],[39.1705,-4.77576],[39.16877,-4.7779],[39.16617,-4.78611],[39.16351,-4.79012],[39.16288,-4.79505],[39.16451,-4.79832],[39.16371,-4.80003],[39.17541,-4.80481],[39.17552,-4.8065],[39.17361,-4.80735],[39.17344,-4.8104],[39.16902,-4.82166],[39.16369,-4.82577],[39.163,-4.82779],[39.15395,-4.82404],[39.14987,-4.82385],[39.14546,-4.82519],[39.14016,-4.82108],[39.13382,-4.82182],[39.1273,-4.81382],[39.1282,-4.80248],[39.13584,-4.78835],[39.13712,-4.77665],[39.13907,-4.77043],[39.13966,-4.75795],[39.13577,-4.75455],[39.14427,-4.7562],[39.15056,-4.76168],[39.1681,-4.75953],[39.18707,-4.7543]]]},"properties":{"region":"Tanga","district":"Mkinga","ward":"Moa","ward_code":"041"}},{"type":"Feature","geometry":{"type":"Polygon","coordinates":[[[39.1273,-4.81382],[39.13382,-4.82182],[39.14016,-4.82108],[39.14546,-4.82519],[39.14987,-4.82385],[39.15395,-4.82404],[39.163,-4.82779],[39.16177,-4.83833],[39.16498,-4.84003],[39.16672,-4.84422],[39.16616,-4.85022],[39.16335,-4.8519],[39.16178,-4.85474],[39.16263,-4.85687],[39.16078,-4.86241],[39.15892,-4.86298],[39.16041,-4.86476],[39.15208,-4.86795],[39.15051,-4.87137],[39.14609,-4.87577],[39.14808,-4.88213],[39.14541,-4.88581],[39.1464,-4.89312],[39.14455,-4.89622],[39.14717,-4.89892],[39.14868,-4.90215],[39.14148,-4.90879],[39.13759,-4.91721],[39.13715,-4.92045],[39.13386,-4.92217],[39.12563,-4.91946],[39.1233,-4.91548],[39.12059,-4.91557],[39.11667,-4.91823],[39.1145,-4.91793],[39.11242,-4.91894],[39.10917,-4.9181],[39.10946,-4.91544],[39.11302,-4.91228],[39.11338,-4.90862],[39.1101,-4.90858],[39.10857,-4.90759],[39.10532,-4.90286],[39.10604,-4.9018],[39.10746,-4.90265],[39.11039,-4.90187],[39.108,-4.89949],[39.10914,-4.89821],[39.10693,-4.89718],[39.10892,-4.89704],[39.10949,-4.89576],[39.10957,-4.89377],[39.10725,-4.89123],[39.1084,-4.88711],[39.12562,-4.85967],[39.12773,-4.8568],[39.1286,-4.85801],[39.13138,-4.85601],[39.13197,-4.8544],[39.12881,-4.85101],[39.12346,-4.85184],[39.11935,-4.85083],[39.12214,-4.84684],[39.12301,-4.83773],[39.12631,-4.82835],[39.1273,-4.81382]]]},"properties":{"region":"Tanga","district":"Mkinga","ward":"Manza","ward_code":"051"}},{"type":"Feature","geometry":{"type":"MultiPolygon","coordinates":[[[[39.17852,-4.96338],[39.17629,-4.969],[39.17154,-4.98913],[39.16961,-4.99327],[39.16307,-4.99224],[39.16084,-4.9875],[39.16471,-4.98365],[39.16649,-4.9798],[39.16664,-4.97359],[39.16322,-4.97803],[39.15832,-4.97803],[39.15416,-4.97625],[39.14569,-4.96649],[39.14643,-4.96412],[39.15045,-4.9616],[39.15475,-4.96042],[39.16307,-4.96397],[39.1702,-4.9579],[39.17659,-4.95568],[39.17808,-4.95583],[39.17852,-4.96338]]],[[[39.11323,-4.92176],[39.11576,-4.92564],[39.12507,-4.93285],[39.12668,-4.93543],[39.13672,-4.9417],[39.13922,-4.94735],[39.14084,-4.95689],[39.14329,-4.96386],[39.13638,-4.97372],[39.13038,-4.97786],[39.13017,-4.98076],[39.12688,-4.97997],[39.12415,-4.97722],[39.11992,-4.97572],[39.11386,-4.97787],[39.11186,-4.98202],[39.11053,-4.98254],[39.10886,-4.98195],[39.10892,-4.97621],[39.10779,-4.97479],[39.10369,-4.97367],[39.10678,-4.97213],[39.10661,-4.97017],[39.10548,-4.96982],[39.10375,-4.97219],[39.10203,-4.97236],[39.1034,-4.97041],[39.1028,-4.96946],[39.11008,-4.95892],[39.11081,-4.95544],[39.10979,-4.95186],[39.11044,-4.95053],[39.10926,-4.94058],[39.10787,-4.93704],[39.10554,-4.93439],[39.10545,-4.9325],[39.0989,-4.9278],[39.09212,-4.92463],[39.09472,-4.92398],[39.09609,-4.92555],[39.09724,-4.92407],[39.09852,-4.92499],[39.09861,-4.92327],[39.10057,-4.92232],[39.10161,-4.92268],[39.10128,-4.92448],[39.10212,-4.92475],[39.10544,-4.92292],[39.10625,-4.9207],[39.10871,-4.91883],[39.11323,-4.92176]]]]},"properties":{"region":"Tanga","district":"Mkinga","ward":"Kwale","ward_code":"061"}},{"type":"Feature","geometry":{"type":"Polygon","coordinates":[[[39.06486,-4.9202],[39.06704,-4.9231],[39.07402,-4.92702],[39.07896,-4.92336],[39.08098,-4.92452],[39.08411,-4.92371],[39.08887,-4.92408],[39.08943,-4.92538],[39.09212,-4.92463],[39.0989,-4.9278],[39.10545,-4.9325],[39.10554,-4.93439],[39.10787,-4.93704],[39.10926,-4.94058],[39.11044,-4.95053],[39.10979,-4.95186],[39.11081,-4.95544],[39.10918,-4.96118],[39.1028,-4.96946],[39.10114,-4.97082],[39.09954,-4.97023],[39.09817,-4.9726],[39.09437,-4.97432],[39.09359,-4.97782],[39.09164,-4.97907],[39.08807,-4.97397],[39.08803,-4.96911],[39.08376,-4.97061],[39.07797,-4.9701],[39.07052,-4.96831],[39.06689,-4.96498],[39.06477,-4.96854],[39.06283,-4.96802],[39.06216,-4.97006],[39.06074,-4.97013],[39.05814,-4.96754],[39.04256,-4.96252],[39.02151,-4.96372],[39.01658,-4.96605],[39.01486,-4.95507],[39.01514,-4.94886],[39.01357,-4.94217],[39.01336,-4.93034],[39.01455,-4.92438],[39.01748,-4.92632],[39.02007,-4.92617],[39.02126,-4.92351],[39.02856,-4.92205],[39.04397,-4.92125],[39.0447,-4.92048],[39.04435,-4.91622],[39.05905,-4.91771],[39.06486,-4.9202]]]},"properties":{"region":"Tanga","district":"Mkinga","ward":"Mtimbwani","ward_code":"071"}},{"type":"Feature","geometry":{"type":"Polygon","coordinates":[[[38.97185,-4.77058],[38.9749,-4.77562],[38.98191,-4.77635],[38.98402,-4.77981],[38.98764,-4.78065],[38.99043,-4.7839],[39.00254,-4.78819],[39.00808,-4.78763],[39.00846,-4.7927],[39.02001,-4.79635],[39.02294,-4.7947],[39.02475,-4.79486],[39.02186,-4.80112],[39.02281,-4.8022],[39.03099,-4.80367],[39.03288,-4.80641],[39.03372,-4.81332],[39.03807,-4.81662],[39.04351,-4.81859],[39.04113,-4.82386],[39.04268,-4.82733],[39.0407,-4.83207],[39.0455,-4.83884],[39.0433,-4.84242],[39.04552,-4.84623],[39.05156,-4.85026],[39.04961,-4.85722],[39.05958,-4.85976],[39.0598,-4.86893],[39.06609,-4.87349],[39.06964,-4.87836],[39.07399,-4.8791],[39.07607,-4.88057],[39.07983,-4.86792],[39.08203,-4.86407],[39.0855,-4.87012],[39.08931,-4.87242],[39.0898,-4.87375],[39.0886,-4.87603],[39.09204,-4.87577],[39.09257,-4.87902],[39.09499,-4.87848],[39.09534,-4.88112],[39.09874,-4.88163],[39.0998,-4.88294],[39.10164,-4.8833],[39.10098,-4.88581],[39.10372,-4.88477],[39.10508,-4.88552],[39.10489,-4.88808],[39.10735,-4.88966],[39.10725,-4.89123],[39.10957,-4.89377],[39.10935,-4.89654],[39.10693,-4.89718],[39.10914,-4.89821],[39.108,-4.89949],[39.11039,-4.90187],[39.10746,-4.90265],[39.10604,-4.9018],[39.10532,-4.90286],[39.10857,-4.90759],[39.1101,-4.90858],[39.11338,-4.90862],[39.11377,-4.91022],[39.11302,-4.91228],[39.10946,-4.91544],[39.10917,-4.9181],[39.10625,-4.9207],[39.10544,-4.92292],[39.10161,-4.92475],[39.10161,-4.92268],[39.10057,-4.92232],[39.09861,-4.92327],[39.09852,-4.92499],[39.09724,-4.92407],[39.09609,-4.92555],[39.09472,-4.92398],[39.08943,-4.92538],[39.08887,-4.92408],[39.08411,-4.92371],[39.08098,-4.92452],[39.07896,-4.92336],[39.07402,-4.92702],[39.07063,-4.92568],[39.0683,-4.92315],[39.06704,-4.9231],[39.06486,-4.9202],[39.06313,-4.92006],[39.06134,-4.91833],[39.04435,-4.91622],[39.0447,-4.92048],[39.04397,-4.92125],[39.02856,-4.92205],[39.02126,-4.92351],[39.02007,-4.92617],[39.01748,-4.92632],[39.01455,-4.92438],[39.01631,-4.91914],[39.01438,-4.91348],[39.01275,-4.91268],[39.01245,-4.90991],[39.01587,-4.90979],[39.01531,-4.90686],[39.01848,-4.90634],[39.01673,-4.90345],[39.01346,-4.9042],[39.00968,-4.8998],[39.00862,-4.89703],[38.99248,-4.89709],[38.98231,-4.89531],[38.97654,-4.88958],[38.96555,-4.88111],[38.95052,-4.86485],[38.94322,-4.85858],[38.91706,-4.83943],[38.91499,-4.83119],[38.91462,-4.82463],[38.91724,-4.81246],[38.91424,-4.80493],[38.91743,-4.80103],[38.91813,-4.79569],[38.93218,-4.78481],[38.93752,-4.78198],[38.94864,-4.777],[38.95733,-4.77605],[38.95935,-4.77139],[38.96397,-4.7717],[38.96813,-4.77044],[38.97185,-4.77058]]]},"properties":{"region":"Tanga","district":"Mkinga","ward":"Doda","ward_code":"171"}},{"type":"Feature","geometry":{"type":"Polygon","coordinates":[[[39.18332,-4.79546],[39.18451,-4.79393],[39.18691,-4.79596],[39.18835,-4.79367],[39.19471,-4.79044],[39.19588,-4.79181],[39.19589,-4.7958],[39.19789,-4.79881],[39.1988,-4.79819],[39.19884,-4.7959],[39.20023,-4.79677],[39.20064,-4.79439],[39.20242,-4.79297],[39.20911,-4.79427],[39.21259,-4.79218],[39.2147,-4.79208],[39.21738,-4.79731],[39.22097,-4.80931],[39.21937,-4.81895],[39.21671,-4.82439],[39.21526,-4.82497],[39.21345,-4.82318],[39.21219,-4.82321],[39.20997,-4.82686],[39.20825,-4.82743],[39.20526,-4.82511],[39.20264,-4.82044],[39.20083,-4.81928],[39.20048,-4.82404],[39.20295,-4.82747],[39.20237,-4.82928],[39.19694,-4.83059],[39.19537,-4.83216],[39.19674,-4.83519],[39.19289,-4.84013],[39.19268,-4.84672],[39.19331,-4.84731],[39.19424,-4.84512],[39.20012,-4.84008],[39.20214,-4.83971],[39.20218,-4.84545],[39.1998,-4.85297],[39.2024,-4.85754],[39.2055,-4.85449],[39.20459,-4.85226],[39.20782,-4.84535],[39.2076,-4.84164],[39.20826,-4.84096],[39.21175,-4.84173],[39.21277,-4.83713],[39.21451,-4.8349],[39.21674,-4.84255],[39.21588,-4.8506],[39.21306,-4.85883],[39.21285,-4.86247],[39.20623,-4.872],[39.20505,-4.87626],[39.19836,-4.88297],[39.19436,-4.89172],[39.19417,-4.89646],[39.18636,-4.90867],[39.18666,-4.91674],[39.18266,-4.92584],[39.17973,-4.92852],[39.17649,-4.93836],[39.177,-4.93981],[39.17567,-4.93983],[39.17295,-4.93862],[39.17271,-4.93412],[39.16808,-4.93069],[39.16273,-4.92844],[39.15833,-4.92382],[39.15583,-4.91387],[39.1569,-4.90961],[39.16071,-4.90558],[39.16249,-4.89777],[39.16487,-4.89469],[39.16974,-4.8825],[39.16677,-4.8729],[39.17093,-4.86994],[39.17342,-4.86615],[39.17663,-4.85834],[39.17699,-4.85526],[39.1676,-4.85242],[39.16748,-4.84993],[39.16616,-4.85022],[39.1663,-4.84209],[39.16498,-4.84003],[39.16177,-4.83833],[39.16214,-4.83153],[39.16369,-4.82577],[39.16902,-4.82166],[39.17344,-4.8104],[39.17361,-4.80735],[39.17552,-4.8065],[39.17541,-4.80481],[39.16371,-4.80003],[39.16451,-4.79832],[39.16288,-4.79505],[39.16351,-4.79012],[39.16617,-4.78611],[39.16754,-4.78163],[39.17527,-4.78216],[39.17814,-4.78787],[39.18015,-4.78851],[39.18021,-4.79001],[39.18311,-4.79087],[39.1825,-4.79368],[39.18332,-4.79546]]]},"properties":{"region":"Tanga","district":"Mkinga","ward":"Boma","ward_code":"181"}},{"type":"Feature","geometry":{"type":"Polygon","coordinates":[[[39.07148,-4.76347],[39.08542,-4.77171],[39.11184,-4.76941],[39.13865,-4.77208],[39.13712,-4.77665],[39.13584,-4.78835],[39.1282,-4.80248],[39.12631,-4.82835],[39.12301,-4.83773],[39.12214,-4.84684],[39.11213,-4.86089],[39.10685,-4.85799],[39.10058,-4.85689],[39.09799,-4.85766],[39.09456,-4.85427],[39.09388,-4.85124],[39.09501,-4.83998],[39.09107,-4.8287],[39.08656,-4.82905],[39.07394,-4.82704],[39.06686,-4.82188],[39.06627,-4.8177],[39.05744,-4.82144],[39.0545,-4.82333],[39.05369,-4.82583],[39.05238,-4.82666],[39.04743,-4.82755],[39.04711,-4.83243],[39.04212,-4.8342],[39.0407,-4.83207],[39.04268,-4.82733],[39.04113,-4.82386],[39.04351,-4.81859],[39.03807,-4.81662],[39.03372,-4.81332],[39.03288,-4.80641],[39.03099,-4.80367],[39.02281,-4.8022],[39.02186,-4.80112],[39.02475,-4.79486],[39.02294,-4.7947],[39.02001,-4.79635],[39.00846,-4.7927],[39.00808,-4.78763],[39.00254,-4.78819],[38.99043,-4.7839],[38.98764,-4.78065],[38.98402,-4.77981],[38.98191,-4.77635],[38.9749,-4.77562],[38.97185,-4.77058],[38.96813,-4.77044],[38.96397,-4.7717],[38.95935,-4.77139],[38.95733,-4.77605],[38.94864,-4.777],[38.93752,-4.78198],[38.93218,-4.78481],[38.91813,-4.79569],[38.919,-4.79001],[38.9186,-4.7843],[38.92476,-4.76103],[38.9263,-4.74683],[38.93498,-4.73271],[38.94287,-4.72647],[38.97304,-4.71006],[39.00141,-4.69612],[39.01144,-4.69241],[39.02627,-4.68375],[39.03236,-4.67885],[39.03651,-4.6778],[39.03463,-4.68478],[39.03431,-4.69063],[39.04956,-4.69456],[39.0495,-4.70305],[39.05077,-4.70881],[39.04981,-4.72378],[39.04638,-4.74225],[39.04576,-4.75323],[39.05055,-4.75703],[39.07148,-4.76347]]]},"properties":{"region":"Tanga","district":"Mkinga","ward":"Parungu Kasera","ward_code":"191"}},{"type":"Feature","geometry":{"type":"Polygon","coordinates":[[[39.20371,-4.68161],[39.21084,-4.68176],[39.21678,-4.68487],[39.21797,-4.68694],[39.21381,-4.69034],[39.21129,-4.705],[39.21069,-4.71818],[39.21411,-4.7238],[39.21515,-4.73254],[39.2147,-4.76067],[39.20832,-4.77266],[39.1997,-4.77665],[39.19539,-4.77547],[39.19034,-4.76659],[39.18707,-4.7543],[39.1681,-4.75953],[39.15056,-4.76168],[39.14427,-4.7562],[39.13577,-4.75455],[39.13248,-4.75145],[39.1314,-4.74883],[39.12928,-4.74869],[39.1293,-4.74728],[39.14032,-4.72893],[39.14224,-4.71984],[39.15148,-4.71499],[39.16298,-4.70698],[39.16722,-4.69242],[39.17493,-4.67371],[39.17602,-4.66831],[39.17531,-4.66349],[39.18255,-4.65475],[39.19208,-4.66228],[39.19475,-4.67317],[39.20371,-4.68161]]]},"properties":{"region":"Tanga","district":"Mkinga","ward":"Mayomboni","ward_code":"201"}},{"type":"Feature","geometry":{"type":"Polygon","coordinates":[[[39.12402,-4.69459],[39.12508,-4.70528],[39.13175,-4.70568],[39.14914,-4.70431],[39.16416,-4.70154],[39.16298,-4.70698],[39.15148,-4.71499],[39.14224,-4.71984],[39.14032,-4.72893],[39.1293,-4.74728],[39.12928,-4.74869],[39.1314,-4.74883],[39.13248,-4.75145],[39.13966,-4.75795],[39.13898,-4.76203],[39.13975,-4.7656],[39.13865,-4.77208],[39.11184,-4.76941],[39.08542,-4.77171],[39.07148,-4.76347],[39.05055,-4.75703],[39.04576,-4.75323],[39.04638,-4.74225],[39.04981,-4.72378],[39.05077,-4.70881],[39.04953,-4.69866],[39.06601,-4.70045],[39.07004,-4.69879],[39.09684,-4.69486],[39.12402,-4.69459]]]},"properties":{"region":"Tanga","district":"Mkinga","ward":"Sigaya","ward_code":"211"}},{"type":"Feature","geometry":{"type":"Polygon","coordinates":[[[38.89709,-4.82717],[38.91495,-4.8309],[38.91706,-4.83943],[38.94322,-4.85858],[38.95052,-4.86485],[38.96555,-4.88111],[38.97654,-4.88958],[38.98231,-4.89531],[38.99248,-4.89709],[39.00862,-4.89703],[39.00968,-4.8998],[39.01346,-4.9042],[39.01673,-4.90345],[39.01839,-4.90561],[39.01746,-4.90683],[39.01531,-4.90686],[39.01587,-4.90979],[39.01245,-4.90991],[39.01275,-4.91268],[39.01438,-4.91348],[39.01631,-4.91914],[39.01336,-4.93034],[39.01357,-4.94217],[39.01514,-4.94886],[39.01486,-4.95507],[39.01658,-4.96605],[39.01285,-4.96906],[39.00425,-4.98475],[38.99791,-4.98695],[38.98797,-4.98625],[38.98284,-4.98805],[38.97356,-4.99974],[38.96007,-5.02154],[38.95149,-5.01974],[38.94266,-5.01618],[38.94184,-5.01524],[38.94439,-5.01425],[38.94454,-5.01339],[38.94224,-5.01321],[38.94169,-5.01183],[38.94301,-5.01117],[38.94021,-5.00933],[38.94077,-5.0075],[38.93579,-5.00501],[38.93598,-5.00277],[38.92803,-4.9988],[38.92914,-4.99712],[38.92881,-4.99405],[38.92676,-4.99223],[38.91688,-4.99014],[38.91647,-4.98908],[38.91751,-4.98846],[38.91741,-4.98736],[38.91414,-4.98626],[38.91518,-4.98389],[38.91096,-4.98254],[38.91135,-4.98145],[38.9137,-4.98084],[38.9136,-4.97968],[38.90602,-4.97333],[38.89823,-4.9587],[38.89705,-4.95142],[38.90936,-4.94597],[38.91004,-4.9432],[38.90604,-4.92054],[38.89018,-4.91634],[38.87529,-4.91731],[38.86961,-4.91563],[38.87213,-4.90578],[38.87273,-4.89291],[38.87476,-4.89078],[38.87503,-4.88649],[38.87737,-4.88505],[38.87788,-4.88402],[38.87691,-4.88291],[38.87859,-4.88163],[38.87614,-4.87982],[38.87652,-4.8747],[38.87532,-4.87273],[38.87701,-4.86989],[38.87602,-4.86899],[38.87622,-4.86572],[38.87509,-4.86163],[38.86987,-4.86245],[38.86628,-4.86162],[38.8645,-4.85422],[38.86599,-4.84904],[38.86717,-4.84592],[38.86965,-4.84473],[38.87533,-4.84409],[38.87845,-4.84665],[38.88496,-4.84486],[38.88893,-4.84563],[38.88834,-4.82775],[38.89709,-4.82717]]]},"properties":{"region":"Tanga","district":"Mkinga","ward":"Gombero","ward_code":"081"}},{"type":"Feature","geometry":{"type":"Polygon","coordinates":[[[38.75487,-4.89797],[38.76316,-4.89782],[38.76491,-4.89826],[38.76721,-4.90066],[38.77432,-4.90177],[38.78117,-4.90807],[38.78745,-4.90866],[38.79141,-4.9042],[38.79411,-4.9032],[38.79721,-4.90364],[38.80025,-4.90685],[38.81343,-4.90787],[38.82093,-4.91004],[38.82627,-4.92178],[38.82428,-4.92959],[38.82271,-4.96182],[38.82395,-4.97187],[38.82231,-4.98448],[38.82476,-4.9954],[38.82835,-5.00574],[38.8372,-5.02108],[38.84386,-5.02996],[38.83632,-5.02867],[38.83282,-5.02678],[38.82879,-5.02218],[38.82559,-5.02113],[38.82282,-5.02041],[38.8127,-5.02101],[38.79768,-5.01523],[38.79231,-5.01128],[38.78821,-5.01058],[38.78381,-5.01207],[38.77672,-5.01021],[38.77289,-5.00713],[38.77123,-5.00717],[38.75879,-4.9976],[38.75695,-4.99748],[38.74788,-4.99278],[38.7451,-4.98964],[38.73849,-4.98738],[38.72655,-4.98083],[38.74438,-4.92205],[38.74516,-4.90691],[38.74376,-4.90658],[38.74446,-4.90474],[38.74807,-4.9033],[38.74679,-4.9019],[38.74764,-4.89943],[38.75127,-4.89716],[38.75391,-4.89687],[38.75487,-4.89797]]]},"properties":{"region":"Tanga","district":"Mkinga","ward":"Mhinduro","ward_code":"091"}},{"type":"Feature","geometry":{"type":"Polygon","coordinates":[[[38.83221,-4.83746],[38.83766,-4.84499],[38.84433,-4.84742],[38.84561,-4.86148],[38.83919,-4.86319],[38.81782,-4.86621],[38.81878,-4.87004],[38.82275,-4.87677],[38.82395,-4.88563],[38.83196,-4.89207],[38.83315,-4.8962],[38.83613,-4.90839],[38.83281,-4.90885],[38.83304,-4.92018],[38.82912,-4.92025],[38.82627,-4.92178],[38.82093,-4.91004],[38.81343,-4.90787],[38.80025,-4.90685],[38.79721,-4.90364],[38.79411,-4.9032],[38.79141,-4.9042],[38.78745,-4.90866],[38.78117,-4.90807],[38.77432,-4.90177],[38.76721,-4.90066],[38.76491,-4.89826],[38.76316,-4.89782],[38.75652,-4.8984],[38.75391,-4.89687],[38.75334,-4.89449],[38.75539,-4.88288],[38.75391,-4.86366],[38.77334,-4.8616],[38.77104,-4.85359],[38.77302,-4.84295],[38.79228,-4.84243],[38.80894,-4.84334],[38.81499,-4.84231],[38.82136,-4.83193],[38.82888,-4.83453],[38.83221,-4.83746]]]},"properties":{"region":"Tanga","district":"Mkinga","ward":"Maramba","ward_code":"103"}},{"type":"Feature","geometry":{"type":"Polygon","coordinates":[[[38.81362,-4.78864],[38.81568,-4.79676],[38.81613,-4.80334],[38.81406,-4.8073],[38.80825,-4.80814],[38.79736,-4.84272],[38.77302,-4.84295],[38.78585,-4.82601],[38.77179,-4.82468],[38.75691,-4.82526],[38.76958,-4.81694],[38.77022,-4.81104],[38.77235,-4.80445],[38.76805,-4.79555],[38.76897,-4.78996],[38.78269,-4.79002],[38.78665,-4.78433],[38.7865,-4.7658],[38.79614,-4.76432],[38.79708,-4.74852],[38.79396,-4.71609],[38.80246,-4.67379],[38.84713,-4.64309],[38.81344,-4.74291],[38.81415,-4.74711],[38.82081,-4.76438],[38.81998,-4.77527],[38.81551,-4.78093],[38.81362,-4.78864]]]},"properties":{"region":"Tanga","district":"Mkinga","ward":"Kigongoi Mashariki","ward_code":"111"}},{"type":"Feature","geometry":{"type":"Polygon","coordinates":[[[38.78049,-4.55135],[38.79243,-4.56704],[38.78683,-4.58028],[38.79927,-4.59584],[38.84713,-4.64309],[38.80246,-4.67379],[38.79396,-4.71609],[38.79708,-4.74852],[38.79614,-4.76432],[38.7865,-4.7658],[38.78665,-4.78433],[38.78269,-4.79002],[38.76897,-4.78996],[38.76782,-4.78787],[38.76299,-4.78924],[38.76054,-4.78646],[38.75689,-4.78692],[38.75341,-4.78203],[38.75217,-4.79536],[38.74638,-4.79124],[38.71497,-4.79197],[38.71591,-4.78935],[38.71468,-4.78683],[38.7158,-4.78361],[38.71947,-4.78086],[38.72145,-4.77467],[38.72405,-4.77192],[38.72986,-4.7597],[38.73306,-4.74939],[38.73795,-4.73898],[38.73337,-4.73541],[38.73353,-4.72936],[38.7423,-4.72336],[38.752,-4.72287],[38.75617,-4.71493],[38.7551,-4.71373],[38.75604,-4.7093],[38.75488,-4.70732],[38.74811,-4.70371],[38.74316,-4.69644],[38.74581,-4.69234],[38.74511,-4.68603],[38.73774,-4.68865],[38.73916,-4.68473],[38.73386,-4.68221],[38.73434,-4.67632],[38.72752,-4.67575],[38.72747,-4.67125],[38.73033,-4.66969],[38.73029,-4.66786],[38.73285,-4.66689],[38.73435,-4.66794],[38.73667,-4.662],[38.74671,-4.66052],[38.75081,-4.66407],[38.75907,-4.66264],[38.75655,-4.65388],[38.75766,-4.64901],[38.75777,-4.63999],[38.75488,-4.62564],[38.75064,-4.62111],[38.75612,-4.60689],[38.75999,-4.6069],[38.7588,-4.60042],[38.763,-4.59842],[38.76009,-4.59272],[38.76145,-4.57809],[38.7592,-4.57846],[38.7599,-4.57688],[38.76123,-4.57668],[38.76079,-4.57348],[38.76191,-4.57453],[38.76392,-4.56827],[38.76744,-4.56692],[38.76724,-4.56412],[38.7754,-4.56184],[38.77572,-4.55912],[38.77413,-4.55643],[38.77563,-4.55557],[38.77424,-4.55447],[38.77492,-4.55284],[38.77697,-4.55353],[38.77599,-4.55218],[38.78049,-4.55135]]]},"properties":{"region":"Tanga","district":"Mkinga","ward":"Daluni","ward_code":"121"}},{"type":"Feature","geometry":{"type":"Polygon","coordinates":[[[38.74807,-4.9033],[38.74446,-4.90474],[38.74376,-4.90658],[38.74516,-4.90691],[38.74438,-4.92205],[38.72655,-4.98083],[38.72206,-4.97577],[38.719,-4.97564],[38.7183,-4.97052],[38.71934,-4.95806],[38.72146,-4.95318],[38.71985,-4.95091],[38.7205,-4.94792],[38.7184,-4.947],[38.71732,-4.94497],[38.71817,-4.94202],[38.7167,-4.93906],[38.71274,-4.93571],[38.71015,-4.93605],[38.70587,-4.93896],[38.70237,-4.93518],[38.69566,-4.9347],[38.6882,-4.93082],[38.67602,-4.91711],[38.68508,-4.90368],[38.69246,-4.89057],[38.69769,-4.86091],[38.70254,-4.85501],[38.70043,-4.8535],[38.70132,-4.84522],[38.70554,-4.83755],[38.70253,-4.83328],[38.70856,-4.83089],[38.72601,-4.84254],[38.73154,-4.84804],[38.74374,-4.85443],[38.75231,-4.85539],[38.75598,-4.8589],[38.75391,-4.86366],[38.75539,-4.88288],[38.75334,-4.89449],[38.75391,-4.89687],[38.75127,-4.89716],[38.74764,-4.89943],[38.74679,-4.9019],[38.74807,-4.9033]]]},"properties":{"region":"Tanga","district":"Mkinga","ward":"Bosha","ward_code":"131"}},{"type":"Feature","geometry":{"type":"Polygon","coordinates":[[[38.86748,-4.86228],[38.87509,-4.86163],[38.87622,-4.86572],[38.87602,-4.86899],[38.87701,-4.86989],[38.87532,-4.87273],[38.87652,-4.8747],[38.87614,-4.87982],[38.87859,-4.88163],[38.87691,-4.88291],[38.87788,-4.88402],[38.87737,-4.88505],[38.87503,-4.88649],[38.87476,-4.89078],[38.87273,-4.89291],[38.87213,-4.90578],[38.86961,-4.91563],[38.87177,-4.92064],[38.86316,-4.95119],[38.86149,-4.95114],[38.85696,-4.95026],[38.85227,-4.94526],[38.84637,-4.94384],[38.84088,-4.93996],[38.83404,-4.93715],[38.82428,-4.92959],[38.82626,-4.92179],[38.82912,-4.92025],[38.83304,-4.92018],[38.83281,-4.90885],[38.83613,-4.90839],[38.83196,-4.89207],[38.82395,-4.88563],[38.82275,-4.87677],[38.81878,-4.87004],[38.81782,-4.86621],[38.83919,-4.86319],[38.85354,-4.85954],[38.85822,-4.85537],[38.8645,-4.85422],[38.86628,-4.86162],[38.86748,-4.86228]]]},"properties":{"region":"Tanga","district":"Mkinga","ward":"Mapatano","ward_code":"141"}},{"type":"Feature","geometry":{"type":"Polygon","coordinates":[[[38.91462,-4.82463],[38.91495,-4.8309],[38.90118,-4.82743],[38.88857,-4.82733],[38.88893,-4.84563],[38.88496,-4.84486],[38.87845,-4.84665],[38.87533,-4.84409],[38.86965,-4.84473],[38.86717,-4.84592],[38.8645,-4.85422],[38.85974,-4.85473],[38.85354,-4.85954],[38.84561,-4.86148],[38.84433,-4.84742],[38.83766,-4.84499],[38.83221,-4.83746],[38.82888,-4.83453],[38.82136,-4.83193],[38.81499,-4.84231],[38.80894,-4.84334],[38.79736,-4.84272],[38.80825,-4.80814],[38.81406,-4.8073],[38.81613,-4.80334],[38.81568,-4.79676],[38.81362,-4.78864],[38.81551,-4.78093],[38.81998,-4.77527],[38.82081,-4.76438],[38.81415,-4.74711],[38.81344,-4.74291],[38.84713,-4.64309],[38.90824,-4.66306],[38.93498,-4.73271],[38.9263,-4.74683],[38.92476,-4.76103],[38.9186,-4.7843],[38.919,-4.79001],[38.91743,-4.80103],[38.91424,-4.80493],[38.91724,-4.81246],[38.91462,-4.82463]]]},"properties":{"region":"Tanga","district":"Mkinga","ward":"Bwiti","ward_code":"151"}},{"type":"Feature","geometry":{"type":"Polygon","coordinates":[[[38.87334,-4.91722],[38.89018,-4.91634],[38.90604,-4.92054],[38.91004,-4.9432],[38.90936,-4.94597],[38.89705,-4.95142],[38.89823,-4.9587],[38.90602,-4.97333],[38.9136,-4.97968],[38.9137,-4.98084],[38.91135,-4.98145],[38.91096,-4.98254],[38.91518,-4.98389],[38.91414,-4.98626],[38.91741,-4.98736],[38.91751,-4.98846],[38.91647,-4.98908],[38.91688,-4.99014],[38.92676,-4.99223],[38.92881,-4.99405],[38.92914,-4.99712],[38.92803,-4.9988],[38.93598,-5.00277],[38.93579,-5.00501],[38.94077,-5.0075],[38.94021,-5.00933],[38.94266,-5.01042],[38.94301,-5.01117],[38.94169,-5.01183],[38.94224,-5.01321],[38.94454,-5.01339],[38.94439,-5.01425],[38.94184,-5.01524],[38.94489,-5.01751],[38.94124,-5.01783],[38.93624,-5.01664],[38.93208,-5.01709],[38.92773,-5.01937],[38.92504,-5.0231],[38.92042,-5.02513],[38.91939,-5.02717],[38.91978,-5.02883],[38.91751,-5.03157],[38.9153,-5.03248],[38.91337,-5.0368],[38.90771,-5.03564],[38.90418,-5.03601],[38.89736,-5.03906],[38.897,-5.03495],[38.8957,-5.03358],[38.89352,-5.03406],[38.89217,-5.03797],[38.89088,-5.03885],[38.8837,-5.0364],[38.87782,-5.03655],[38.86759,-5.03384],[38.86441,-5.0362],[38.86204,-5.0364],[38.85742,-5.0336],[38.84783,-5.03238],[38.84386,-5.02996],[38.8372,-5.02108],[38.83116,-5.01161],[38.82629,-5.00057],[38.82231,-4.98448],[38.82395,-4.97187],[38.82271,-4.96182],[38.82428,-4.92959],[38.83404,-4.93715],[38.84088,-4.93996],[38.84637,-4.94384],[38.85227,-4.94526],[38.85696,-4.95026],[38.86316,-4.95119],[38.87177,-4.92064],[38.86961,-4.91563],[38.87334,-4.91722]]]},"properties":{"region":"Tanga","district":"Mkinga","ward":"Mnyenzani","ward_code":"161"}},{"type":"Feature","geometry":{"type":"Polygon","coordinates":[[[38.75341,-4.78203],[38.75689,-4.78692],[38.76054,-4.78646],[38.76299,-4.78924],[38.76782,-4.78787],[38.76879,-4.78895],[38.76805,-4.79555],[38.77228,-4.803],[38.76958,-4.81694],[38.75691,-4.82526],[38.77179,-4.82468],[38.78585,-4.82601],[38.77302,-4.84295],[38.77104,-4.85359],[38.77334,-4.8616],[38.75391,-4.86366],[38.75598,-4.8589],[38.75231,-4.85539],[38.74374,-4.85443],[38.73154,-4.84804],[38.72601,-4.84254],[38.70856,-4.83089],[38.70869,-4.82679],[38.70359,-4.82282],[38.70441,-4.81672],[38.70757,-4.80865],[38.70875,-4.80045],[38.71497,-4.79197],[38.74638,-4.79124],[38.75217,-4.79536],[38.75341,-4.78203]]]},"properties":{"region":"Tanga","district":"Mkinga","ward":"Kigongoi Magharibi","ward_code":"221"}}]}