reg_code,reg_name,dist_code,dist_name,counc_name,ward_code,ward_name,pop_total,households,council,pdf_page
01,Dodoma,01,Kondoa,Halmashauri ya Wilaya ya Kondoa,011,Changaa,8436.0,1871.0,Kondoa District Council,55.0
01,Dodoma,01,Kondoa,Halmashauri ya Wilaya ya Kondoa,021,Hondomairo,14481.0,2977.0,Kondoa District Council,55.0
01,Dodoma,01,Kondoa,Halmashauri ya Wilaya ya Kondoa,031,Thawi,11932.0,2653.0,Kondoa District Council,55.0
01,Dodoma,01,Kondoa,Halmashauri ya Wilaya ya Kondoa,041,Kikilo,9620.0,2009.0,Kondoa District Council,55.0
01,Dodoma,01,Kondoa,Halmashauri ya Wilaya ya Kondoa,183,Soera,8597.0,1875.0,Kondoa District Council,55.0
01,Dodoma,01,Kondoa,Halmashauri ya Wilaya ya Kondoa,051,Salanka,10675.0,2183.0,Kondoa District Council,55.0
01,Dodoma,01,Kondoa,Halmashauri ya Wilaya ya Kondoa,063,Bereko,8223.0,1937.0,Kondoa District Council,55.0
01,Dodoma,01,Kondoa,Halmashauri ya Wilaya ya Kondoa,071,Kikore,15529.0,3434.0,Kondoa District Council,55.0
01,Dodoma,01,Kondoa,Halmashauri ya Wilaya ya Kondoa,171,Mnenia,13056.0,2888.0,Kondoa District Council,55.0
01,Dodoma,01,Kondoa,Halmashauri ya Wilaya ya Kondoa,193,Masange,6556.0,1496.0,Kondoa District Council,55.0
01,Dodoma,01,Kondoa,Halmashauri ya Wilaya ya Kondoa,201,Itololo,7594.0,1769.0,Kondoa District Council,55.0
01,Dodoma,01,Kondoa,Halmashauri ya Wilaya ya Kondoa,213,Kisese,14921.0,3256.0,Kondoa District Council,55.0
01,Dodoma,01,Kondoa,Halmashauri ya Wilaya ya Kondoa,081,Itaswi,13790.0,2898.0,Kondoa District Council,55.0
01,Dodoma,01,Kondoa,Halmashauri ya Wilaya ya Kondoa,091,Keikei,13454.0,2797.0,Kondoa District Council,55.0
01,Dodoma,01,Kondoa,Halmashauri ya Wilaya ya Kondoa,101,Kwadelo,13504.0,2942.0,Kondoa District Council,55.0
01,Dodoma,01,Kondoa,Halmashauri ya Wilaya ya Kondoa,111,Busi,9399.0,2003.0,Kondoa District Council,55.0
01,Dodoma,01,Kondoa,Halmashauri ya Wilaya ya Kondoa,121,Kalamba,14621.0,3080.0,Kondoa District Council,55.0
01,Dodoma,01,Kondoa,Halmashauri ya Wilaya ya Kondoa,131,Haubi,14679.0,3052.0,Kondoa District Council,55.0
01,Dodoma,01,Kondoa,Halmashauri ya Wilaya ya Kondoa,141,Kinyasi,9872.0,2031.0,Kondoa District Council,55.0
01,Dodoma,01,Kondoa,Halmashauri ya Wilaya ya Kondoa,153,Pahi,15766.0,3382.0,Kondoa District Council,55.0
01,Dodoma,01,Kondoa,Halmashauri ya Wilaya ya Kondoa,161,Bumbuta,10149.0,2144.0,Kondoa District Council,55.0
01,Dodoma,01,Kondoa,Halmashauri ya Mji wa Kondoa,012,Kondoa Mjini,,,,
01,Dodoma,01,Kondoa,Halmashauri ya Mji wa Kondoa,042,Kilimani,,,,
01,Dodoma,01,Kondoa,Halmashauri ya Mji wa Kondoa,052,Chemchem,,,,
01,Dodoma,01,Kondoa,Halmashauri ya Mji wa Kondoa,062,Suruke,,,,
01,Dodoma,01,Kondoa,Halmashauri ya Mji wa Kondoa,072,Kingale,,,,
01,Dodoma,01,Kondoa,Halmashauri ya Mji wa Kondoa,082,Serya,,,,
01,Dodoma,01,Kondoa,Halmashauri ya Mji wa Kondoa,022,Bolisa,,,,
01,Dodoma,01,Kondoa,Halmashauri ya Mji wa Kondoa,032,Kolo,,,,
01,Dodoma,02,Mpwapwa,Halmashauri ya Wilaya ya Mpwapwa,013,Mazae,11011.0,2729.0,Mpwapwa District Council,57.0
01,Dodoma,02,Mpwapwa,Halmashauri ya Wilaya ya Mpwapwa,023,Ving'hawe,16311.0,4161.0,Mpwapwa District Council,57.0
01,Dodoma,02,Mpwapwa,Halmashauri ya Wilaya ya Mpwapwa,031,Matomondo,11228.0,2879.0,Mpwapwa District Council,57.0
01,Dodoma,02,Mpwapwa,Halmashauri ya Wilaya ya Mpwapwa,041,Kimagai,9777.0,2336.0,Mpwapwa District Council,57.0
01,Dodoma,02,Mpwapwa,Halmashauri ya Wilaya ya Mpwapwa,151,Chunyu,19190.0,4699.0,Mpwapwa District Council,57.0
01,Dodoma,02,Mpwapwa,Halmashauri ya Wilaya ya Mpwapwa,173,Godegode,11150.0,2743.0,Mpwapwa District Council,57.0
01,Dodoma,02,Mpwapwa,Halmashauri ya Wilaya ya Mpwapwa,183,Mpwapwa Mjini,24670.0,6600.0,Mpwapwa District Council,57.0
01,Dodoma,02,Mpwapwa,Halmashauri ya Wilaya ya Mpwapwa,191,Lupeta,9795.0,2307.0,Mpwapwa District Council,57.0
01,Dodoma,02,Mpwapwa,Halmashauri ya Wilaya ya Mpwapwa,201,Gulwe,13189.0,3229.0,Mpwapwa District Council,57.0
01,Dodoma,02,Mpwapwa,Halmashauri ya Wilaya ya Mpwapwa,211,Ng'hambi,11926.0,3014.0,Mpwapwa District Council,57.0
01,Dodoma,02,Mpwapwa,Halmashauri ya Wilaya ya Mpwapwa,311,Mlembule,11335.0,2624.0,Mpwapwa District Council,57.0
01,Dodoma,02,Mpwapwa,Halmashauri ya Wilaya ya Mpwapwa,131,Mima,18138.0,4306.0,Mpwapwa District Council,57.0
01,Dodoma,02,Mpwapwa,Halmashauri ya Wilaya ya Mpwapwa,141,Berege,12668.0,3005.0,Mpwapwa District Council,57.0
01,Dodoma,02,Mpwapwa,Halmashauri ya Wilaya ya Mpwapwa,221,Chitemo,13876.0,3277.0,Mpwapwa District Council,57.0
01,Dodoma,02,Mpwapwa,Halmashauri ya Wilaya ya Mpwapwa,231,Iwondo,13211.0,3126.0,Mpwapwa District Council,57.0
01,Dodoma,02,Mpwapwa,Halmashauri ya Wilaya ya Mpwapwa,053,Kibakwe,19968.0,5087.0,Mpwapwa District Council,57.0
01,Dodoma,02,Mpwapwa,Halmashauri ya Wilaya ya Mpwapwa,061,Lumuma,4339.0,1163.0,Mpwapwa District Council,57.0
01,Dodoma,02,Mpwapwa,Halmashauri ya Wilaya ya Mpwapwa,071,Luhundwa,16424.0,4150.0,Mpwapwa District Council,57.0
01,Dodoma,02,Mpwapwa,Halmashauri ya Wilaya ya Mpwapwa,121,Wotta,7194.0,1685.0,Mpwapwa District Council,57.0
01,Dodoma,02,Mpwapwa,Halmashauri ya Wilaya ya Mpwapwa,161,Mbuga,6745.0,1425.0,Mpwapwa District Council,57.0
01,Dodoma,02,Mpwapwa,Halmashauri ya Wilaya ya Mpwapwa,241,Kingiti,9213.0,2198.0,Mpwapwa District Council,57.0
01,Dodoma,02,Mpwapwa,Halmashauri ya Wilaya ya Mpwapwa,251,Lufu,5326.0,1310.0,Mpwapwa District Council,57.0
01,Dodoma,02,Mpwapwa,Halmashauri ya Wilaya ya Mpwapwa,263,Pwaga,15386.0,3902.0,Mpwapwa District Council,57.0
01,Dodoma,02,Mpwapwa,Halmashauri ya Wilaya ya Mpwapwa,271,Galigali,5006.0,1107.0,Mpwapwa District Council,57.0
01,Dodoma,02,Mpwapwa,Halmashauri ya Wilaya ya Mpwapwa,321,Wangi,7958.0,1905.0,Mpwapwa District Council,57.0
01,Dodoma,02,Mpwapwa,Halmashauri ya Wilaya ya Mpwapwa,083,Massa,16558.0,4243.0,Mpwapwa District Council,57.0
01,Dodoma,02,Mpwapwa,Halmashauri ya Wilaya ya Mpwapwa,091,Ipera,9658.0,2342.0,Mpwapwa District Council,57.0
01,Dodoma,02,Mpwapwa,Halmashauri ya Wilaya ya Mpwapwa,101,Rudi,15440.0,3883.0,Mpwapwa District Council,57.0
01,Dodoma,02,Mpwapwa,Halmashauri ya Wilaya ya Mpwapwa,111,Mlunduzi,14342.0,3397.0,Mpwapwa District Council,57.0
01,Dodoma,02,Mpwapwa,Halmashauri ya Wilaya ya Mpwapwa,283,Mtera,14187.0,3467.0,Mpwapwa District Council,57.0
01,Dodoma,02,Mpwapwa,Halmashauri ya Wilaya ya Mpwapwa,291,Chipogoro,14515.0,3535.0,Mpwapwa District Council,57.0
01,Dodoma,02,Mpwapwa,Halmashauri ya Wilaya ya Mpwapwa,301,Malolo,7449.0,1827.0,Mpwapwa District Council,57.0
01,Dodoma,02,Mpwapwa,Halmashauri ya Wilaya ya Mpwapwa,331,Mang'aliza,6064.0,1342.0,Mpwapwa District Council,57.0
01,Dodoma,03,Kongwa,Halmashauri ya Wilaya ya Kongwa,031,Hogoro,22777.0,5429.0,Kongwa District Council,58.0
01,Dodoma,03,Kongwa,Halmashauri ya Wilaya ya Kongwa,041,Zoissa,7426.0,1786.0,Kongwa District Council,58.0
01,Dodoma,03,Kongwa,Halmashauri ya Wilaya ya Kongwa,053,Mkoka,16329.0,4067.0,Kongwa District Council,58.0
01,Dodoma,03,Kongwa,Halmashauri ya Wilaya ya Kongwa,151,Makawa,11631.0,2615.0,Kongwa District Council,58.0
01,Dodoma,03,Kongwa,Halmashauri ya Wilaya ya Kongwa,161,Chitego,15434.0,3536.0,Kongwa District Council,58.0
01,Dodoma,03,Kongwa,Halmashauri ya Wilaya ya Kongwa,171,Matongoro,11513.0,2699.0,Kongwa District Council,58.0
01,Dodoma,03,Kongwa,Halmashauri ya Wilaya ya Kongwa,193,Songambele,23342.0,5754.0,Kongwa District Council,58.0
01,Dodoma,03,Kongwa,Halmashauri ya Wilaya ya Kongwa,061,Njoge,10757.0,2512.0,Kongwa District Council,58.0
01,Dodoma,03,Kongwa,Halmashauri ya Wilaya ya Kongwa,083,Pandambili,13079.0,2767.0,Kongwa District Council,58.0
01,Dodoma,03,Kongwa,Halmashauri ya Wilaya ya Kongwa,093,Mlali,28218.0,6061.0,Kongwa District Council,58.0
01,Dodoma,03,Kongwa,Halmashauri ya Wilaya ya Kongwa,101,Iduo,15244.0,3322.0,Kongwa District Council,58.0
01,Dodoma,03,Kongwa,Halmashauri ya Wilaya ya Kongwa,123,Kibaigwa,50054.0,12220.0,Kongwa District Council,58.0
01,Dodoma,03,Kongwa,Halmashauri ya Wilaya ya Kongwa,143,Chamkoroma,18990.0,4816.0,Kongwa District Council,58.0
01,Dodoma,03,Kongwa,Halmashauri ya Wilaya ya Kongwa,183,Ngomai,14319.0,3231.0,Kongwa District Council,58.0
01,Dodoma,03,Kongwa,Halmashauri ya Wilaya ya Kongwa,201,Chiwe,30099.0,5975.0,Kongwa District Council,58.0
01,Dodoma,03,Kongwa,Halmashauri ya Wilaya ya Kongwa,211,Lenjulu,28622.0,6015.0,Kongwa District Council,58.0
01,Dodoma,03,Kongwa,Halmashauri ya Wilaya ya Kongwa,221,Ng'humbi,15778.0,3198.0,Kongwa District Council,58.0
01,Dodoma,03,Kongwa,Halmashauri ya Wilaya ya Kongwa,013,Kongwa,15351.0,4101.0,Kongwa District Council,58.0
01,Dodoma,03,Kongwa,Halmashauri ya Wilaya ya Kongwa,023,Sejeli,27312.0,6595.0,Kongwa District Council,58.0
01,Dodoma,03,Kongwa,Halmashauri ya Wilaya ya Kongwa,071,Mtanana,16435.0,3887.0,Kongwa District Council,58.0
01,Dodoma,03,Kongwa,Halmashauri ya Wilaya ya Kongwa,111,Sagara,28536.0,6035.0,Kongwa District Council,58.0
01,Dodoma,03,Kongwa,Halmashauri ya Wilaya ya Kongwa,133,Ugogoni,22621.0,5140.0,Kongwa District Council,58.0
01,Dodoma,04,Chamwino,Halmashauri ya Wilaya ya Chamwino,011,Haneti,19635.0,4753.0,Chamwino District Council,59.0
01,Dodoma,04,Chamwino,Halmashauri ya Wilaya ya Chamwino,021,Segala,21348.0,4982.0,Chamwino District Council,59.0
01,Dodoma,04,Chamwino,Halmashauri ya Wilaya ya Chamwino,031,Itiso,22547.0,5194.0,Chamwino District Council,59.0
01,Dodoma,04,Chamwino,Halmashauri ya Wilaya ya Chamwino,041,Dabalo,26241.0,6393.0,Chamwino District Council,59.0
01,Dodoma,04,Chamwino,Halmashauri ya Wilaya ya Chamwino,321,Zajilwa,16971.0,3970.0,Chamwino District Council,59.0
01,Dodoma,04,Chamwino,Halmashauri ya Wilaya ya Chamwino,051,Membe,14079.0,3408.0,Chamwino District Council,59.0
01,Dodoma,04,Chamwino,Halmashauri ya Wilaya ya Chamwino,061,Msanga,13992.0,3597.0,Chamwino District Council,59.0
01,Dodoma,04,Chamwino,Halmashauri ya Wilaya ya Chamwino,071,Chilonwa,9993.0,2644.0,Chamwino District Council,59.0
01,Dodoma,04,Chamwino,Halmashauri ya Wilaya ya Chamwino,083,Buigiri,13853.0,3906.0,Chamwino District Council,59.0
01,Dodoma,04,Chamwino,Halmashauri ya Wilaya ya Chamwino,091,Majeleko,9244.0,2259.0,Chamwino District Council,59.0
01,Dodoma,04,Chamwino,Halmashauri ya Wilaya ya Chamwino,101,Manchali,14884.0,3888.0,Chamwino District Council,59.0
01,Dodoma,04,Chamwino,Halmashauri ya Wilaya ya Chamwino,111,Ikowa,8143.0,2170.0,Chamwino District Council,59.0
01,Dodoma,04,Chamwino,Halmashauri ya Wilaya ya Chamwino,121,Msamalo,16413.0,4220.0,Chamwino District Council,59.0
01,Dodoma,04,Chamwino,Halmashauri ya Wilaya ya Chamwino,333,Chamwino,16424.0,4563.0,Chamwino District Council,59.0
01,Dodoma,04,Chamwino,Halmashauri ya Wilaya ya Chamwino,131,Igandu,8778.0,2059.0,Chamwino District Council,59.0
01,Dodoma,04,Chamwino,Halmashauri ya Wilaya ya Chamwino,141,Muungano,13029.0,3334.0,Chamwino District Council,59.0
01,Dodoma,04,Chamwino,Halmashauri ya Wilaya ya Chamwino,153,Mvumi Makulu,8618.0,2474.0,Chamwino District Council,59.0
01,Dodoma,04,Chamwino,Halmashauri ya Wilaya ya Chamwino,161,Handali,12809.0,3396.0,Chamwino District Council,59.0
01,Dodoma,04,Chamwino,Halmashauri ya Wilaya ya Chamwino,173,Mvumi Misheni,19367.0,4957.0,Chamwino District Council,59.0
01,Dodoma,04,Chamwino,Halmashauri ya Wilaya ya Chamwino,181,Idifu,11977.0,2767.0,Chamwino District Council,59.0
01,Dodoma,04,Chamwino,Halmashauri ya Wilaya ya Chamwino,341,Nghaheleze,,,,
01,Dodoma,04,Chamwino,Halmashauri ya Wilaya ya Chamwino,191,Makang'wa,8938.0,2263.0,Chamwino District Council,59.0
01,Dodoma,04,Chamwino,Halmashauri ya Wilaya ya Chamwino,201,Iringa Mvumi,9271.0,2345.0,Chamwino District Council,59.0
01,Dodoma,04,Chamwino,Halmashauri ya Wilaya ya Chamwino,211,Manzase,16874.0,3827.0,Chamwino District Council,59.0
01,Dodoma,04,Chamwino,Halmashauri ya Wilaya ya Chamwino,221,Fufu,6045.0,1395.0,Chamwino District Council,59.0
01,Dodoma,04,Chamwino,Halmashauri ya Wilaya ya Chamwino,231,Mlowa Bwawani,13326.0,3034.0,Chamwino District Council,59.0
01,Dodoma,04,Chamwino,Halmashauri ya Wilaya ya Chamwino,291,Loje,7916.0,2028.0,Chamwino District Council,59.0
01,Dodoma,04,Chamwino,Halmashauri ya Wilaya ya Chamwino,301,Chiboli,6849.0,1680.0,Chamwino District Council,59.0
01,Dodoma,04,Chamwino,Halmashauri ya Wilaya ya Chamwino,311,Nhinhi,9507.0,2320.0,Chamwino District Council,59.0
01,Dodoma,04,Chamwino,Halmashauri ya Wilaya ya Chamwino,351,Ikombolinga,6118.0,1376.0,Chamwino District Council,59.0
01,Dodoma,04,Chamwino,Halmashauri ya Wilaya ya Chamwino,363,Mlowa Barabarani,18975.0,4530.0,Chamwino District Council,59.0
01,Dodoma,04,Chamwino,Halmashauri ya Wilaya ya Chamwino,241,Mpwayungu,19282.0,4478.0,Chamwino District Council,59.0
01,Dodoma,04,Chamwino,Halmashauri ya Wilaya ya Chamwino,251,Nghambaku,10501.0,2417.0,Chamwino District Council,59.0
01,Dodoma,04,Chamwino,Halmashauri ya Wilaya ya Chamwino,261,Chinugulu,11125.0,2254.0,Chamwino District Council,59.0
01,Dodoma,04,Chamwino,Halmashauri ya Wilaya ya Chamwino,271,Manda,19144.0,4439.0,Chamwino District Council,59.0
01,Dodoma,04,Chamwino,Halmashauri ya Wilaya ya Chamwino,281,Huzi,12619.0,2698.0,Chamwino District Council,59.0
01,Dodoma,05,Dodoma,Halmashauri ya Jiji la Dodoma,072,Msalato,12905.0,3384.0,Dodoma City Council,60.0
01,Dodoma,05,Dodoma,Halmashauri ya Jiji la Dodoma,082,Makutupora,19966.0,5472.0,Dodoma City Council,60.0
01,Dodoma,05,Dodoma,Halmashauri ya Jiji la Dodoma,092,Chihanga,13605.0,3404.0,Dodoma City Council,60.0
01,Dodoma,05,Dodoma,Halmashauri ya Jiji la Dodoma,102,Hombolo Makulu,10857.0,2849.0,Dodoma City Council,60.0
01,Dodoma,05,Dodoma,Halmashauri ya Jiji la Dodoma,112,Ipala,7663.0,1920.0,Dodoma City Council,60.0
01,Dodoma,05,Dodoma,Halmashauri ya Jiji la Dodoma,352,Chahwa,6165.0,1590.0,Dodoma City Council,60.0
01,Dodoma,05,Dodoma,Halmashauri ya Jiji la Dodoma,402,Hombolo Bwawani,20033.0,5332.0,Dodoma City Council,60.0
01,Dodoma,05,Dodoma,Halmashauri ya Jiji la Dodoma,142,Mtumba,14673.0,4249.0,Dodoma City Council,60.0
01,Dodoma,05,Dodoma,Halmashauri ya Jiji la Dodoma,152,Kikombo,11269.0,3134.0,Dodoma City Council,60.0
01,Dodoma,05,Dodoma,Halmashauri ya Jiji la Dodoma,162,Nghong'onha,19173.0,5030.0,Dodoma City Council,60.0
01,Dodoma,05,Dodoma,Halmashauri ya Jiji la Dodoma,412,Ihumwa,24112.0,6658.0,Dodoma City Council,60.0
01,Dodoma,05,Dodoma,Halmashauri ya Jiji la Dodoma,012,Viwandani,4448.0,1329.0,Dodoma City Council,60.0
01,Dodoma,05,Dodoma,Halmashauri ya Jiji la Dodoma,022,Uhuru,1739.0,396.0,Dodoma City Council,60.0
01,Dodoma,05,Dodoma,Halmashauri ya Jiji la Dodoma,032,Chamwino,21407.0,6821.0,Dodoma City Council,60.0
01,Dodoma,05,Dodoma,Halmashauri ya Jiji la Dodoma,042,Kiwanja cha Ndege,10333.0,3097.0,Dodoma City Council,60.0
01,Dodoma,05,Dodoma,Halmashauri ya Jiji la Dodoma,052,Makole,10571.0,3500.0,Dodoma City Council,60.0
01,Dodoma,05,Dodoma,Halmashauri ya Jiji la Dodoma,062,Miyuji,36588.0,10378.0,Dodoma City Council,60.0
01,Dodoma,05,Dodoma,Halmashauri ya Jiji la Dodoma,122,Nzuguni,50454.0,13744.0,Dodoma City Council,60.0
01,Dodoma,05,Dodoma,Halmashauri ya Jiji la Dodoma,132,Dodoma Makulu,44013.0,12634.0,Dodoma City Council,60.0
01,Dodoma,05,Dodoma,Halmashauri ya Jiji la Dodoma,182,Tambukareli,10756.0,3319.0,Dodoma City Council,60.0
01,Dodoma,05,Dodoma,Halmashauri ya Jiji la Dodoma,192,Kilimani,9562.0,2843.0,Dodoma City Council,60.0
01,Dodoma,05,Dodoma,Halmashauri ya Jiji la Dodoma,202,Kikuyu Kusini,11126.0,3221.0,Dodoma City Council,60.0
01,Dodoma,05,Dodoma,Halmashauri ya Jiji la Dodoma,212,Kikuyu Kaskazini,17376.0,6039.0,Dodoma City Council,60.0
01,Dodoma,05,Dodoma,Halmashauri ya Jiji la Dodoma,222,Mkonze,41256.0,11006.0,Dodoma City Council,60.0
01,Dodoma,05,Dodoma,Halmashauri ya Jiji la Dodoma,252,Hazina,10419.0,3230.0,Dodoma City Council,60.0
01,Dodoma,05,Dodoma,Halmashauri ya Jiji la Dodoma,262,Madukani,2066.0,392.0,Dodoma City Council,60.0
01,Dodoma,05,Dodoma,Halmashauri ya Jiji la Dodoma,272,Majengo,4817.0,1493.0,Dodoma City Council,60.0
01,Dodoma,05,Dodoma,Halmashauri ya Jiji la Dodoma,282,Kizota,30632.0,9263.0,Dodoma City Council,60.0
01,Dodoma,05,Dodoma,Halmashauri ya Jiji la Dodoma,312,Ntyuka,13543.0,3684.0,Dodoma City Council,60.0
01,Dodoma,05,Dodoma,Halmashauri ya Jiji la Dodoma,332,Chang'ombe,39324.0,11238.0,Dodoma City Council,60.0
01,Dodoma,05,Dodoma,Halmashauri ya Jiji la Dodoma,342,Iyumbu,7740.0,2175.0,Dodoma City Council,60.0
01,Dodoma,05,Dodoma,Halmashauri ya Jiji la Dodoma,362,Mnadani,44311.0,12476.0,Dodoma City Council,60.0
01,Dodoma,05,Dodoma,Halmashauri ya Jiji la Dodoma,372,Ipagala,49289.0,13339.0,Dodoma City Council,60.0
01,Dodoma,05,Dodoma,Halmashauri ya Jiji la Dodoma,382,Nkuhungu,49327.0,13374.0,Dodoma City Council,60.0
01,Dodoma,05,Dodoma,Halmashauri ya Jiji la Dodoma,172,Mpunguzi,13491.0,3593.0,Dodoma City Council,60.0
01,Dodoma,05,Dodoma,Halmashauri ya Jiji la Dodoma,232,Mbabala,16929.0,4385.0,Dodoma City Council,60.0
01,Dodoma,05,Dodoma,Halmashauri ya Jiji la Dodoma,242,Zuzu,10054.0,2662.0,Dodoma City Council,60.0
01,Dodoma,05,Dodoma,Halmashauri ya Jiji la Dodoma,292,Nala,11715.0,3407.0,Dodoma City Council,60.0
01,Dodoma,05,Dodoma,Halmashauri ya Jiji la Dodoma,302,Mbalawala,11370.0,2960.0,Dodoma City Council,60.0
01,Dodoma,05,Dodoma,Halmashauri ya Jiji la Dodoma,322,Chigongwe,8933.0,2242.0,Dodoma City Council,60.0
01,Dodoma,05,Dodoma,Halmashauri ya Jiji la Dodoma,392,Matumbulu,11169.0,3068.0,Dodoma City Council,60.0
01,Dodoma,06,Bahi,Halmashauri ya Wilaya ya Bahi,171,Ibugule,10957.0,2563.0,Bahi District Council,61.0
01,Dodoma,06,Bahi,Halmashauri ya Wilaya ya Bahi,181,Chibelela,12791.0,3109.0,Bahi District Council,61.0
01,Dodoma,06,Bahi,Halmashauri ya Wilaya ya Bahi,191,Mwitikira,9281.0,2259.0,Bahi District Council,61.0
01,Dodoma,06,Bahi,Halmashauri ya Wilaya ya Bahi,201,Mtitaa,12105.0,2758.0,Bahi District Council,61.0
01,Dodoma,06,Bahi,Halmashauri ya Wilaya ya Bahi,121,Chikola,18107.0,4444.0,Bahi District Council,61.0
01,Dodoma,06,Bahi,Halmashauri ya Wilaya ya Bahi,131,Chipanga,13440.0,3139.0,Bahi District Council,61.0
01,Dodoma,06,Bahi,Halmashauri ya Wilaya ya Bahi,141,Chali,14687.0,3511.0,Bahi District Council,61.0
01,Dodoma,06,Bahi,Halmashauri ya Wilaya ya Bahi,151,Nondwa,12079.0,2481.0,Bahi District Council,61.0
01,Dodoma,06,Bahi,Halmashauri ya Wilaya ya Bahi,161,Mpalanga,14879.0,3532.0,Bahi District Council,61.0
01,Dodoma,06,Bahi,Halmashauri ya Wilaya ya Bahi,211,Chifutuka,18604.0,3661.0,Bahi District Council,61.0
01,Dodoma,06,Bahi,Halmashauri ya Wilaya ya Bahi,073,Bahi,31410.0,7815.0,Bahi District Council,61.0
01,Dodoma,06,Bahi,Halmashauri ya Wilaya ya Bahi,081,Mpamantwa,18046.0,3945.0,Bahi District Council,61.0
01,Dodoma,06,Bahi,Halmashauri ya Wilaya ya Bahi,091,Ibihwa,15118.0,3685.0,Bahi District Council,61.0
01,Dodoma,06,Bahi,Halmashauri ya Wilaya ya Bahi,101,Ilindi,11969.0,2632.0,Bahi District Council,61.0
01,Dodoma,06,Bahi,Halmashauri ya Wilaya ya Bahi,111,Kigwe,7201.0,2062.0,Bahi District Council,61.0
01,Dodoma,06,Bahi,Halmashauri ya Wilaya ya Bahi,221,Mpinga,12605.0,3017.0,Bahi District Council,61.0
01,Dodoma,06,Bahi,Halmashauri ya Wilaya ya Bahi,011,Makanda,12186.0,2724.0,Bahi District Council,61.0
01,Dodoma,06,Bahi,Halmashauri ya Wilaya ya Bahi,021,Lamaiti,18130.0,4117.0,Bahi District Council,61.0
01,Dodoma,06,Bahi,Halmashauri ya Wilaya ya Bahi,031,Babayu,14737.0,3315.0,Bahi District Council,61.0
01,Dodoma,06,Bahi,Halmashauri ya Wilaya ya Bahi,041,Zanka,16544.0,4103.0,Bahi District Council,61.0
01,Dodoma,06,Bahi,Halmashauri ya Wilaya ya Bahi,051,Msisi,16994.0,4083.0,Bahi District Council,61.0
01,Dodoma,06,Bahi,Halmashauri ya Wilaya ya Bahi,061,Mundemu,10656.0,2837.0,Bahi District Council,61.0
01,Dodoma,07,Chemba,Halmashauri ya Wilaya ya Chemba,051,Churuku,9635.0,2085.0,Chemba District Council,62.0
01,Dodoma,07,Chemba,Halmashauri ya Wilaya ya Chemba,071,Mondo,10986.0,2771.0,Chemba District Council,62.0
01,Dodoma,07,Chemba,Halmashauri ya Wilaya ya Chemba,081,Dalai,18195.0,3817.0,Chemba District Council,62.0
01,Dodoma,07,Chemba,Halmashauri ya Wilaya ya Chemba,091,Jangalo,21713.0,4593.0,Chemba District Council,62.0
01,Dodoma,07,Chemba,Halmashauri ya Wilaya ya Chemba,141,Paranga,17613.0,4185.0,Chemba District Council,62.0
01,Dodoma,07,Chemba,Halmashauri ya Wilaya ya Chemba,031,Msaada,7314.0,1585.0,Chemba District Council,62.0
01,Dodoma,07,Chemba,Halmashauri ya Wilaya ya Chemba,041,Kimaha,13435.0,3015.0,Chemba District Council,62.0
01,Dodoma,07,Chemba,Halmashauri ya Wilaya ya Chemba,061,Songolo,13078.0,2673.0,Chemba District Council,62.0
01,Dodoma,07,Chemba,Halmashauri ya Wilaya ya Chemba,103,Mrijo,27777.0,6407.0,Chemba District Council,62.0
01,Dodoma,07,Chemba,Halmashauri ya Wilaya ya Chemba,111,Chandama,10511.0,2221.0,Chemba District Council,62.0
01,Dodoma,07,Chemba,Halmashauri ya Wilaya ya Chemba,121,Goima,14985.0,3426.0,Chemba District Council,62.0
01,Dodoma,07,Chemba,Halmashauri ya Wilaya ya Chemba,133,Chemba,9730.0,2481.0,Chemba District Council,62.0
01,Dodoma,07,Chemba,Halmashauri ya Wilaya ya Chemba,211,Kidoka,16378.0,3693.0,Chemba District Council,62.0
01,Dodoma,07,Chemba,Halmashauri ya Wilaya ya Chemba,263,Soya,12868.0,2972.0,Chemba District Council,62.0
01,Dodoma,07,Chemba,Halmashauri ya Wilaya ya Chemba,011,Makorongo,8640.0,1975.0,Chemba District Council,62.0
01,Dodoma,07,Chemba,Halmashauri ya Wilaya ya Chemba,151,Gwandi,7328.0,1545.0,Chemba District Council,62.0
01,Dodoma,07,Chemba,Halmashauri ya Wilaya ya Chemba,161,Farkwa,15616.0,3520.0,Chemba District Council,62.0
01,Dodoma,07,Chemba,Halmashauri ya Wilaya ya Chemba,221,Tumbakose,5028.0,1177.0,Chemba District Council,62.0
01,Dodoma,07,Chemba,Halmashauri ya Wilaya ya Chemba,251,Babayu,11331.0,2699.0,Chemba District Council,62.0
01,Dodoma,07,Chemba,Halmashauri ya Wilaya ya Chemba,021,Ovada,8318.0,1987.0,Chemba District Council,62.0
01,Dodoma,07,Chemba,Halmashauri ya Wilaya ya Chemba,171,Mpendo,11861.0,2368.0,Chemba District Council,62.0
01,Dodoma,07,Chemba,Halmashauri ya Wilaya ya Chemba,181,Sanzawa,15970.0,3418.0,Chemba District Council,62.0
01,Dodoma,07,Chemba,Halmashauri ya Wilaya ya Chemba,191,Kwamtoro,17657.0,3784.0,Chemba District Council,62.0
01,Dodoma,07,Chemba,Halmashauri ya Wilaya ya Chemba,201,Lalta,5781.0,1351.0,Chemba District Council,62.0
01,Dodoma,07,Chemba,Halmashauri ya Wilaya ya Chemba,231,Lahoda,20584.0,3800.0,Chemba District Council,62.0
01,Dodoma,07,Chemba,Halmashauri ya Wilaya ya Chemba,241,Kinyamsindo,7001.0,1502.0,Chemba District Council,62.0
02,Arusha,01,Monduli,Halmashauri ya Wilaya ya Monduli,031,Monduli Juu,15051.0,3234.0,Monduli District Council,64.0
02,Arusha,01,Monduli,Halmashauri ya Wilaya ya Monduli,043,Engutoto,9643.0,2336.0,Monduli District Council,64.0
02,Arusha,01,Monduli,Halmashauri ya Wilaya ya Monduli,053,Monduli Mjini,7608.0,2410.0,Monduli District Council,64.0
02,Arusha,01,Monduli,Halmashauri ya Wilaya ya Monduli,061,Moita,14666.0,3146.0,Monduli District Council,64.0
02,Arusha,01,Monduli,Halmashauri ya Wilaya ya Monduli,071,Sepeko,13633.0,2911.0,Monduli District Council,64.0
02,Arusha,01,Monduli,Halmashauri ya Wilaya ya Monduli,081,Lolkisale,9466.0,2190.0,Monduli District Council,64.0
02,Arusha,01,Monduli,Halmashauri ya Wilaya ya Monduli,121,Lepurko,12988.0,3009.0,Monduli District Council,64.0
02,Arusha,01,Monduli,Halmashauri ya Wilaya ya Monduli,131,Meserani,10771.0,2685.0,Monduli District Council,64.0
02,Arusha,01,Monduli,Halmashauri ya Wilaya ya Monduli,161,Mfereji,8221.0,1997.0,Monduli District Council,64.0
02,Arusha,01,Monduli,Halmashauri ya Wilaya ya Monduli,171,Lashaine,,,,
02,Arusha,01,Monduli,Halmashauri ya Wilaya ya Monduli,181,Naalarami,4550.0,1020.0,Monduli District Council,64.0
02,Arusha,01,Monduli,Halmashauri ya Wilaya ya Monduli,191,Lemooti,7474.0,1582.0,Monduli District Council,64.0
02,Arusha,01,Monduli,Halmashauri ya Wilaya ya Monduli,093,Makuyuni,14803.0,3555.0,Monduli District Council,64.0
02,Arusha,01,Monduli,Halmashauri ya Wilaya ya Monduli,101,Esilalei,29020.0,7392.0,Monduli District Council,64.0
02,Arusha,01,Monduli,Halmashauri ya Wilaya ya Monduli,141,Mswakini,7803.0,1636.0,Monduli District Council,64.0
02,Arusha,01,Monduli,Halmashauri ya Wilaya ya Monduli,011,Engaruka,17187.0,4016.0,Monduli District Council,64.0
02,Arusha,01,Monduli,Halmashauri ya Wilaya ya Monduli,021,Selela,14275.0,3307.0,Monduli District Council,64.0
02,Arusha,01,Monduli,Halmashauri ya Wilaya ya Monduli,113,Mto wa Mbu,7995.0,2480.0,Monduli District Council,64.0
02,Arusha,01,Monduli,Halmashauri ya Wilaya ya Monduli,151,Majengo,9568.0,2766.0,Monduli District Council,64.0
02,Arusha,01,Monduli,Halmashauri ya Wilaya ya Monduli,201,Migungani,7731.0,2277.0,Monduli District Council,64.0
02,Arusha,02,Arumeru,Halmashauri ya Wilaya ya Meru,011,Ngarenanyuki,10078.0,2662.0,Meru District Council,65.0
02,Arusha,02,Arumeru,Halmashauri ya Wilaya ya Meru,021,Leguruki,9528.0,2319.0,Meru District Council,65.0
02,Arusha,02,Arumeru,Halmashauri ya Wilaya ya Meru,033,King'ori,13034.0,3343.0,Meru District Council,65.0
02,Arusha,02,Arumeru,Halmashauri ya Wilaya ya Meru,043,Maji ya Chai,19779.0,5222.0,Meru District Council,65.0
02,Arusha,02,Arumeru,Halmashauri ya Wilaya ya Meru,053,Kikatiti,21611.0,5840.0,Meru District Council,65.0
02,Arusha,02,Arumeru,Halmashauri ya Wilaya ya Meru,181,Ngabobo,4184.0,983.0,Meru District Council,65.0
02,Arusha,02,Arumeru,Halmashauri ya Wilaya ya Meru,191,Uwiro,11762.0,2947.0,Meru District Council,65.0
02,Arusha,02,Arumeru,Halmashauri ya Wilaya ya Meru,201,Maruvango,9796.0,2385.0,Meru District Council,65.0
02,Arusha,02,Arumeru,Halmashauri ya Wilaya ya Meru,211,Malula,12526.0,3422.0,Meru District Council,65.0
02,Arusha,02,Arumeru,Halmashauri ya Wilaya ya Meru,221,Imbaseni,29770.0,8777.0,Meru District Council,65.0
02,Arusha,02,Arumeru,Halmashauri ya Wilaya ya Meru,103,Usa River,29938.0,9203.0,Meru District Council,65.0
02,Arusha,02,Arumeru,Halmashauri ya Wilaya ya Meru,111,Nkoaranga,10229.0,2818.0,Meru District Council,65.0
02,Arusha,02,Arumeru,Halmashauri ya Wilaya ya Meru,123,Poli,11399.0,3378.0,Meru District Council,65.0
02,Arusha,02,Arumeru,Halmashauri ya Wilaya ya Meru,131,Seela Sing'isi,11756.0,3485.0,Meru District Council,65.0
02,Arusha,02,Arumeru,Halmashauri ya Wilaya ya Meru,143,Akheri,17236.0,5291.0,Meru District Council,65.0
02,Arusha,02,Arumeru,Halmashauri ya Wilaya ya Meru,151,Nkoanrua,8679.0,2446.0,Meru District Council,65.0
02,Arusha,02,Arumeru,Halmashauri ya Wilaya ya Meru,161,Songoro,10813.0,2849.0,Meru District Council,65.0
02,Arusha,02,Arumeru,Halmashauri ya Wilaya ya Meru,171,Nkoarisambu,6892.0,1944.0,Meru District Council,65.0
02,Arusha,02,Arumeru,Halmashauri ya Wilaya ya Meru,231,Nkoanekoli,4623.0,1295.0,Meru District Council,65.0
02,Arusha,02,Arumeru,Halmashauri ya Wilaya ya Meru,241,Ambureni,16971.0,4944.0,Meru District Council,65.0
02,Arusha,02,Arumeru,Halmashauri ya Wilaya ya Meru,061,Maroroni,16113.0,4162.0,Meru District Council,65.0
02,Arusha,02,Arumeru,Halmashauri ya Wilaya ya Meru,071,Makiba,10294.0,2684.0,Meru District Council,65.0
02,Arusha,02,Arumeru,Halmashauri ya Wilaya ya Meru,083,Mbuguni,10026.0,2665.0,Meru District Council,65.0
02,Arusha,02,Arumeru,Halmashauri ya Wilaya ya Meru,091,Kikwe,10965.0,3030.0,Meru District Council,65.0
02,Arusha,02,Arumeru,Halmashauri ya Wilaya ya Meru,251,Majengo,6570.0,1536.0,Meru District Council,65.0
02,Arusha,02,Arumeru,Halmashauri ya Wilaya ya Meru,261,Shambarai Burka,7031.0,1881.0,Meru District Council,65.0
02,Arusha,02,Arumeru,Halmashauri ya Wilaya ya Arusha,013,Oldonyosambu,13003.0,3022.0,Arusha District Council,66.0
02,Arusha,02,Arumeru,Halmashauri ya Wilaya ya Arusha,021,Lengijave,15027.0,3402.0,Arusha District Council,66.0
02,Arusha,02,Arumeru,Halmashauri ya Wilaya ya Arusha,103,Olturumet,13869.0,3457.0,Arusha District Council,66.0
02,Arusha,02,Arumeru,Halmashauri ya Wilaya ya Arusha,111,Mwandet,22650.0,5152.0,Arusha District Council,66.0
02,Arusha,02,Arumeru,Halmashauri ya Wilaya ya Arusha,121,Musa,13481.0,3139.0,Arusha District Council,66.0
02,Arusha,02,Arumeru,Halmashauri ya Wilaya ya Arusha,133,Kisongo,12519.0,2939.0,Arusha District Council,66.0
02,Arusha,02,Arumeru,Halmashauri ya Wilaya ya Arusha,143,Mateves,23287.0,7556.0,Arusha District Council,66.0
02,Arusha,02,Arumeru,Halmashauri ya Wilaya ya Arusha,221,Oldonyowas,,,,
02,Arusha,02,Arumeru,Halmashauri ya Wilaya ya Arusha,231,Lemanyata,14672.0,3399.0,Arusha District Council,66.0
02,Arusha,02,Arumeru,Halmashauri ya Wilaya ya Arusha,271,Laroi,7096.0,1743.0,Arusha District Council,66.0
02,Arusha,02,Arumeru,Halmashauri ya Wilaya ya Arusha,031,Ilkiding'a,15218.0,3679.0,Arusha District Council,66.0
02,Arusha,02,Arumeru,Halmashauri ya Wilaya ya Arusha,061,Olturoto,18899.0,4971.0,Arusha District Council,66.0
02,Arusha,02,Arumeru,Halmashauri ya Wilaya ya Arusha,073,Moivo,,,,
02,Arusha,02,Arumeru,Halmashauri ya Wilaya ya Arusha,083,Kiranyi,40158.0,12315.0,Arusha District Council,66.0
02,Arusha,02,Arumeru,Halmashauri ya Wilaya ya Arusha,091,Kimnyak,16332.0,3758.0,Arusha District Council,66.0
02,Arusha,02,Arumeru,Halmashauri ya Wilaya ya Arusha,151,Oljoro,9100.0,2372.0,Arusha District Council,66.0
02,Arusha,02,Arumeru,Halmashauri ya Wilaya ya Arusha,203,Oloirien,,,,
02,Arusha,02,Arumeru,Halmashauri ya Wilaya ya Arusha,191,Sambasha,12739.0,3117.0,Arusha District Council,66.0
02,Arusha,02,Arumeru,Halmashauri ya Wilaya ya Arusha,241,Tarakwa,11205.0,2689.0,Arusha District Council,66.0
02,Arusha,02,Arumeru,Halmashauri ya Wilaya ya Arusha,263,Ilboru,9367.0,3229.0,Arusha District Council,66.0
02,Arusha,02,Arumeru,Halmashauri ya Wilaya ya Arusha,041,Bangata,10166.0,2678.0,Arusha District Council,66.0
02,Arusha,02,Arumeru,Halmashauri ya Wilaya ya Arusha,053,Sokon II,20213.0,5414.0,Arusha District Council,66.0
02,Arusha,02,Arumeru,Halmashauri ya Wilaya ya Arusha,161,Bwawani,14025.0,3505.0,Arusha District Council,66.0
02,Arusha,02,Arumeru,Halmashauri ya Wilaya ya Arusha,171,Nduruma,14490.0,3698.0,Arusha District Council,66.0
02,Arusha,02,Arumeru,Halmashauri ya Wilaya ya Arusha,183,Mlangarini,19291.0,5152.0,Arusha District Council,66.0
02,Arusha,02,Arumeru,Halmashauri ya Wilaya ya Arusha,253,Kiutu,22874.0,6981.0,Arusha District Council,66.0
02,Arusha,03,Longido,Halmashauri ya Wilaya ya Longido,071,Matale,,,,
02,Arusha,03,Longido,Halmashauri ya Wilaya ya Longido,081,Engarenaibor,15227.0,3322.0,Longido District Council,67.0
02,Arusha,03,Longido,Halmashauri ya Wilaya ya Longido,091,Mundarara,11442.0,2852.0,Longido District Council,67.0
02,Arusha,03,Longido,Halmashauri ya Wilaya ya Longido,011,Ketumbeine,10203.0,2230.0,Longido District Council,67.0
02,Arusha,03,Longido,Halmashauri ya Wilaya ya Longido,031,Elang'atadapash,6528.0,1468.0,Longido District Council,67.0
02,Arusha,03,Longido,Halmashauri ya Wilaya ya Longido,041,Ilorienito,6932.0,1615.0,Longido District Council,67.0
02,Arusha,03,Longido,Halmashauri ya Wilaya ya Longido,051,Gelai Meirugoi,12474.0,3051.0,Longido District Council,67.0
02,Arusha,03,Longido,Halmashauri ya Wilaya ya Longido,061,Gelai Lumbwa,9932.0,2190.0,Longido District Council,67.0
02,Arusha,03,Longido,Halmashauri ya Wilaya ya Longido,181,Noondoto,5808.0,1342.0,Longido District Council,67.0
02,Arusha,03,Longido,Halmashauri ya Wilaya ya Longido,021,Engikaret,8298.0,1958.0,Longido District Council,67.0
02,Arusha,03,Longido,Halmashauri ya Wilaya ya Longido,101,Kimokouwa,14435.0,3548.0,Longido District Council,67.0
02,Arusha,03,Longido,Halmashauri ya Wilaya ya Longido,113,Namanga,12340.0,4299.0,Longido District Council,67.0
02,Arusha,03,Longido,Halmashauri ya Wilaya ya Longido,121,Orbomba,11060.0,2523.0,Longido District Council,67.0
02,Arusha,03,Longido,Halmashauri ya Wilaya ya Longido,133,Longido,3948.0,1181.0,Longido District Council,67.0
02,Arusha,03,Longido,Halmashauri ya Wilaya ya Longido,141,Tingatinga,8262.0,1946.0,Longido District Council,67.0
02,Arusha,03,Longido,Halmashauri ya Wilaya ya Longido,151,Olmolog,12536.0,2906.0,Longido District Council,67.0
02,Arusha,03,Longido,Halmashauri ya Wilaya ya Longido,161,Kamwanga,13053.0,3060.0,Longido District Council,67.0
02,Arusha,03,Longido,Halmashauri ya Wilaya ya Longido,171,Sinya,5097.0,1190.0,Longido District Council,67.0
02,Arusha,04,Karatu,Halmashauri ya Wilaya ya Karatu,061,Baray,31472.0,6918.0,Karatu District Council,68.0
02,Arusha,04,Karatu,Halmashauri ya Wilaya ya Karatu,073,Mang'ola,19982.0,4898.0,Karatu District Council,68.0
02,Arusha,04,Karatu,Halmashauri ya Wilaya ya Karatu,141,Endamaghang,5742.0,1318.0,Karatu District Council,68.0
02,Arusha,04,Karatu,Halmashauri ya Wilaya ya Karatu,013,Karatu,29825.0,9116.0,Karatu District Council,68.0
02,Arusha,04,Karatu,Halmashauri ya Wilaya ya Karatu,081,Daa,13561.0,3122.0,Karatu District Council,68.0
02,Arusha,04,Karatu,Halmashauri ya Wilaya ya Karatu,091,Oldean,,,,
02,Arusha,04,Karatu,Halmashauri ya Wilaya ya Karatu,103,Qurus,28576.0,6355.0,Karatu District Council,68.0
02,Arusha,04,Karatu,Halmashauri ya Wilaya ya Karatu,113,Ganako,20350.0,4781.0,Karatu District Council,68.0
02,Arusha,04,Karatu,Halmashauri ya Wilaya ya Karatu,121,Rhotia,29264.0,6258.0,Karatu District Council,68.0
02,Arusha,04,Karatu,Halmashauri ya Wilaya ya Karatu,131,Mbulumbulu,22042.0,4792.0,Karatu District Council,68.0
02,Arusha,04,Karatu,Halmashauri ya Wilaya ya Karatu,021,Endamarariek,29342.0,5937.0,Karatu District Council,68.0
02,Arusha,04,Karatu,Halmashauri ya Wilaya ya Karatu,031,Buger,10124.0,1843.0,Karatu District Council,68.0
02,Arusha,04,Karatu,Halmashauri ya Wilaya ya Karatu,041,Endabash,17964.0,3641.0,Karatu District Council,68.0
02,Arusha,04,Karatu,Halmashauri ya Wilaya ya Karatu,051,Kansay,15226.0,2896.0,Karatu District Council,68.0
02,Arusha,05,Ngorongoro,Halmashauri ya Wilaya ya Ngorongoro,013,Orgosorok,11161.0,3099.0,Ngorongoro District Council,69.0
02,Arusha,05,Ngorongoro,Halmashauri ya Wilaya ya Ngorongoro,131,Arash,14024.0,2951.0,Ngorongoro District Council,69.0
02,Arusha,05,Ngorongoro,Halmashauri ya Wilaya ya Ngorongoro,141,Soitsambu,16899.0,3334.0,Ngorongoro District Council,69.0
02,Arusha,05,Ngorongoro,Halmashauri ya Wilaya ya Ngorongoro,151,Enguserosambu,13555.0,2764.0,Ngorongoro District Council,69.0
02,Arusha,05,Ngorongoro,Halmashauri ya Wilaya ya Ngorongoro,163,Oloirien/Magaiduru,,,,
02,Arusha,05,Ngorongoro,Halmashauri ya Wilaya ya Ngorongoro,201,Ololosokwan,16503.0,3131.0,Ngorongoro District Council,69.0
02,Arusha,05,Ngorongoro,Halmashauri ya Wilaya ya Ngorongoro,211,Oloipiri,9917.0,2041.0,Ngorongoro District Council,69.0
02,Arusha,05,Ngorongoro,Halmashauri ya Wilaya ya Ngorongoro,021,Digodigo,4994.0,1114.0,Ngorongoro District Council,69.0
02,Arusha,05,Ngorongoro,Halmashauri ya Wilaya ya Ngorongoro,031,Oldonyosambu,5431.0,1103.0,Ngorongoro District Council,69.0
02,Arusha,05,Ngorongoro,Halmashauri ya Wilaya ya Ngorongoro,041,Pinyinyi,7689.0,1662.0,Ngorongoro District Council,69.0
02,Arusha,05,Ngorongoro,Halmashauri ya Wilaya ya Ngorongoro,051,Sale,6576.0,1533.0,Ngorongoro District Council,69.0
02,Arusha,05,Ngorongoro,Halmashauri ya Wilaya ya Ngorongoro,061,Malambo,12076.0,2813.0,Ngorongoro District Council,69.0
02,Arusha,05,Ngorongoro,Halmashauri ya Wilaya ya Ngorongoro,171,Samunge,10230.0,2067.0,Ngorongoro District Council,69.0
02,Arusha,05,Ngorongoro,Halmashauri ya Wilaya ya Ngorongoro,221,Kirangi,8061.0,1552.0,Ngorongoro District Council,69.0
02,Arusha,05,Ngorongoro,Halmashauri ya Wilaya ya Ngorongoro,231,Engaresero,7697.0,1782.0,Ngorongoro District Council,69.0
02,Arusha,05,Ngorongoro,Halmashauri ya Wilaya ya Ngorongoro,241,Piyaya,6203.0,1470.0,Ngorongoro District Council,69.0
02,Arusha,05,Ngorongoro,Halmashauri ya Wilaya ya Ngorongoro,071,Naiyobi,13161.0,3414.0,Ngorongoro District Council,69.0
02,Arusha,05,Ngorongoro,Halmashauri ya Wilaya ya Ngorongoro,081,Nainokanoka,15725.0,3571.0,Ngorongoro District Council,69.0
02,Arusha,05,Ngorongoro,Halmashauri ya Wilaya ya Ngorongoro,091,Olbalbal,7730.0,1879.0,Ngorongoro District Council,69.0
02,Arusha,05,Ngorongoro,Halmashauri ya Wilaya ya Ngorongoro,103,Ngorongoro,10293.0,2419.0,Ngorongoro District Council,69.0
02,Arusha,05,Ngorongoro,Halmashauri ya Wilaya ya Ngorongoro,111,Enduleni,14421.0,3425.0,Ngorongoro District Council,69.0
02,Arusha,05,Ngorongoro,Halmashauri ya Wilaya ya Ngorongoro,121,Kakesio,8268.0,1928.0,Ngorongoro District Council,69.0
02,Arusha,05,Ngorongoro,Halmashauri ya Wilaya ya Ngorongoro,181,Alailelai,11526.0,2764.0,Ngorongoro District Council,69.0
02,Arusha,05,Ngorongoro,Halmashauri ya Wilaya ya Ngorongoro,251,Ngoile,5384.0,1314.0,Ngorongoro District Council,69.0
02,Arusha,05,Ngorongoro,Halmashauri ya Wilaya ya Ngorongoro,261,Misigiyo,6989.0,1664.0,Ngorongoro District Council,69.0
02,Arusha,05,Ngorongoro,Halmashauri ya Wilaya ya Ngorongoro,271,Alaitolei,4496.0,1130.0,Ngorongoro District Council,69.0
02,Arusha,05,Ngorongoro,Halmashauri ya Wilaya ya Ngorongoro,281,Eyasi,2800.0,489.0,Ngorongoro District Council,69.0
02,Arusha,06,Arusha,Halmashauri ya Jiji la Arusha,012,Kati,2547.0,622.0,Arusha City,70.0
02,Arusha,06,Arusha,Halmashauri ya Jiji la Arusha,022,Kaloleni,7425.0,2444.0,Arusha City,70.0
02,Arusha,06,Arusha,Halmashauri ya Jiji la Arusha,032,Sekei,7707.0,2489.0,Arusha City,70.0
02,Arusha,06,Arusha,Halmashauri ya Jiji la Arusha,072,Themi,9204.0,2844.0,Arusha City,70.0
02,Arusha,06,Arusha,Halmashauri ya Jiji la Arusha,112,Daraja II,16555.0,5419.0,Arusha City,70.0
02,Arusha,06,Arusha,Halmashauri ya Jiji la Arusha,122,Unga Ltd,14006.0,4723.0,Arusha City,70.0
02,Arusha,06,Arusha,Halmashauri ya Jiji la Arusha,142,Ngarenaro,8812.0,3003.0,Arusha City,70.0
02,Arusha,06,Arusha,Halmashauri ya Jiji la Arusha,152,Levolosi,6317.0,1782.0,Arusha City,70.0
02,Arusha,06,Arusha,Halmashauri ya Jiji la Arusha,042,Kimandolu,28760.0,9417.0,Arusha City,70.0
02,Arusha,06,Arusha,Halmashauri ya Jiji la Arusha,052,Baraa,18331.0,5272.0,Arusha City,70.0
02,Arusha,06,Arusha,Halmashauri ya Jiji la Arusha,062,Oloirien,,,,
02,Arusha,06,Arusha,Halmashauri ya Jiji la Arusha,192,Moshono,26890.0,7285.0,Arusha City,70.0
02,Arusha,06,Arusha,Halmashauri ya Jiji la Arusha,252,Moivaro,12215.0,3401.0,Arusha City,70.0
02,Arusha,06,Arusha,Halmashauri ya Jiji la Arusha,082,Lemara,26884.0,8130.0,Arusha City,70.0
02,Arusha,06,Arusha,Halmashauri ya Jiji la Arusha,092,Terrat,20524.0,5211.0,Arusha City,70.0
02,Arusha,06,Arusha,Halmashauri ya Jiji la Arusha,102,Sokon I,93037.0,26327.0,Arusha City,70.0
02,Arusha,06,Arusha,Halmashauri ya Jiji la Arusha,132,Sombetini,28111.0,9032.0,Arusha City,70.0
02,Arusha,06,Arusha,Halmashauri ya Jiji la Arusha,162,Engutoto,12759.0,3160.0,Arusha City,70.0
02,Arusha,06,Arusha,Halmashauri ya Jiji la Arusha,172,Elerai,19502.0,6170.0,Arusha City,70.0
02,Arusha,06,Arusha,Halmashauri ya Jiji la Arusha,182,Olasiti,53557.0,14522.0,Arusha City,70.0
02,Arusha,06,Arusha,Halmashauri ya Jiji la Arusha,202,Muriet,60209.0,15633.0,Arusha City,70.0
02,Arusha,06,Arusha,Halmashauri ya Jiji la Arusha,212,Olmoti,14132.0,4162.0,Arusha City,70.0
02,Arusha,06,Arusha,Halmashauri ya Jiji la Arusha,222,Sakina,19172.0,6138.0,Arusha City,70.0
02,Arusha,06,Arusha,Halmashauri ya Jiji la Arusha,232,Osunyai Jr,29507.0,8923.0,Arusha City,70.0
02,Arusha,06,Arusha,Halmashauri ya Jiji la Arusha,242,Sinoni,58542.0,17059.0,Arusha City,70.0
03,Kilimanjaro,01,Rombo,Halmashauri ya Wilaya ya Rombo,011,Motamburu Kitendeni,4793.0,1186.0,Rombo District Council,73.0
03,Kilimanjaro,01,Rombo,Halmashauri ya Wilaya ya Rombo,031,Nanjara,21881.0,5406.0,Rombo District Council,73.0
03,Kilimanjaro,01,Rombo,Halmashauri ya Wilaya ya Rombo,041,Reha,7898.0,1966.0,Rombo District Council,73.0
03,Kilimanjaro,01,Rombo,Halmashauri ya Wilaya ya Rombo,051,Ubetu Kahe,20954.0,5094.0,Rombo District Council,73.0
03,Kilimanjaro,01,Rombo,Halmashauri ya Wilaya ya Rombo,061,Kitirima,12751.0,3097.0,Rombo District Council,73.0
03,Kilimanjaro,01,Rombo,Halmashauri ya Wilaya ya Rombo,071,Kingachi,8266.0,2013.0,Rombo District Council,73.0
03,Kilimanjaro,01,Rombo,Halmashauri ya Wilaya ya Rombo,081,Kirongo Samanga,15327.0,3851.0,Rombo District Council,73.0
03,Kilimanjaro,01,Rombo,Halmashauri ya Wilaya ya Rombo,091,Olele,6256.0,1626.0,Rombo District Council,73.0
03,Kilimanjaro,01,Rombo,Halmashauri ya Wilaya ya Rombo,101,Marangu Kitowo,7539.0,2012.0,Rombo District Council,73.0
03,Kilimanjaro,01,Rombo,Halmashauri ya Wilaya ya Rombo,111,Kisale Msaranga,9481.0,2500.0,Rombo District Council,73.0
03,Kilimanjaro,01,Rombo,Halmashauri ya Wilaya ya Rombo,121,Katangara/Mrere,10912.0,2749.0,Rombo District Council,73.0
03,Kilimanjaro,01,Rombo,Halmashauri ya Wilaya ya Rombo,131,Kirwa Keni,7330.0,2002.0,Rombo District Council,73.0
03,Kilimanjaro,01,Rombo,Halmashauri ya Wilaya ya Rombo,141,Mrao Keryo,7127.0,1943.0,Rombo District Council,73.0
03,Kilimanjaro,01,Rombo,Halmashauri ya Wilaya ya Rombo,151,Ushiri/Ikuini,8859.0,2219.0,Rombo District Council,73.0
03,Kilimanjaro,01,Rombo,Halmashauri ya Wilaya ya Rombo,163,Kelamfua/Mokala,13945.0,3696.0,Rombo District Council,73.0
03,Kilimanjaro,01,Rombo,Halmashauri ya Wilaya ya Rombo,171,Makiidi,8735.0,2264.0,Rombo District Council,73.0
03,Kilimanjaro,01,Rombo,Halmashauri ya Wilaya ya Rombo,181,Shimbi,5502.0,1438.0,Rombo District Council,73.0
03,Kilimanjaro,01,Rombo,Halmashauri ya Wilaya ya Rombo,191,Shimbi Kwandele,9435.0,2446.0,Rombo District Council,73.0
03,Kilimanjaro,01,Rombo,Halmashauri ya Wilaya ya Rombo,201,Aleni,10178.0,2643.0,Rombo District Council,73.0
03,Kilimanjaro,01,Rombo,Halmashauri ya Wilaya ya Rombo,211,Mengeni,8567.0,2190.0,Rombo District Council,73.0
03,Kilimanjaro,01,Rombo,Halmashauri ya Wilaya ya Rombo,221,Manda,3634.0,1037.0,Rombo District Council,73.0
03,Kilimanjaro,01,Rombo,Halmashauri ya Wilaya ya Rombo,231,Mengwe,4771.0,1316.0,Rombo District Council,73.0
03,Kilimanjaro,01,Rombo,Halmashauri ya Wilaya ya Rombo,241,Ngoyoni,4042.0,1147.0,Rombo District Council,73.0
03,Kilimanjaro,01,Rombo,Halmashauri ya Wilaya ya Rombo,251,Mamsera,4836.0,1359.0,Rombo District Council,73.0
03,Kilimanjaro,01,Rombo,Halmashauri ya Wilaya ya Rombo,261,Chala,5856.0,1620.0,Rombo District Council,73.0
03,Kilimanjaro,01,Rombo,Halmashauri ya Wilaya ya Rombo,273,Holili,10932.0,3298.0,Rombo District Council,73.0
03,Kilimanjaro,01,Rombo,Halmashauri ya Wilaya ya Rombo,281,Mahida,8488.0,2331.0,Rombo District Council,73.0
03,Kilimanjaro,02,Mwanga,Halmashauri ya Wilaya ya Mwanga,141,Kighare,5155.0,1404.0,Mwanga District Council,74.0
03,Kilimanjaro,02,Mwanga,Halmashauri ya Wilaya ya Mwanga,151,Kirongwe,4559.0,1239.0,Mwanga District Council,74.0
03,Kilimanjaro,02,Mwanga,Halmashauri ya Wilaya ya Mwanga,161,Chomvu,7352.0,1869.0,Mwanga District Council,74.0
03,Kilimanjaro,02,Mwanga,Halmashauri ya Wilaya ya Mwanga,031,Mwaniko,7272.0,1831.0,Mwanga District Council,74.0
03,Kilimanjaro,02,Mwanga,Halmashauri ya Wilaya ya Mwanga,121,Msangeni,6661.0,1721.0,Mwanga District Council,74.0
03,Kilimanjaro,02,Mwanga,Halmashauri ya Wilaya ya Mwanga,131,Kifula,7827.0,1995.0,Mwanga District Council,74.0
03,Kilimanjaro,02,Mwanga,Halmashauri ya Wilaya ya Mwanga,201,Shighatini,7016.0,1837.0,Mwanga District Council,74.0
03,Kilimanjaro,02,Mwanga,Halmashauri ya Wilaya ya Mwanga,021,Kivisini,2106.0,562.0,Mwanga District Council,74.0
03,Kilimanjaro,02,Mwanga,Halmashauri ya Wilaya ya Mwanga,041,Jipe,3222.0,814.0,Mwanga District Council,74.0
03,Kilimanjaro,02,Mwanga,Halmashauri ya Wilaya ya Mwanga,051,Kigonigoni,3325.0,820.0,Mwanga District Council,74.0
03,Kilimanjaro,02,Mwanga,Halmashauri ya Wilaya ya Mwanga,061,Toloha,3904.0,890.0,Mwanga District Council,74.0
03,Kilimanjaro,02,Mwanga,Halmashauri ya Wilaya ya Mwanga,071,Kwakoa,4359.0,1123.0,Mwanga District Council,74.0
03,Kilimanjaro,02,Mwanga,Halmashauri ya Wilaya ya Mwanga,081,Mgagao,8904.0,2095.0,Mwanga District Council,74.0
03,Kilimanjaro,02,Mwanga,Halmashauri ya Wilaya ya Mwanga,093,Kirya,5808.0,1505.0,Mwanga District Council,74.0
03,Kilimanjaro,02,Mwanga,Halmashauri ya Wilaya ya Mwanga,171,Kilomeni,3909.0,996.0,Mwanga District Council,74.0
03,Kilimanjaro,02,Mwanga,Halmashauri ya Wilaya ya Mwanga,181,Lembeni,13601.0,3574.0,Mwanga District Council,74.0
03,Kilimanjaro,02,Mwanga,Halmashauri ya Wilaya ya Mwanga,191,Ngujini,2974.0,744.0,Mwanga District Council,74.0
03,Kilimanjaro,02,Mwanga,Halmashauri ya Wilaya ya Mwanga,013,Kileo,17784.0,4811.0,Mwanga District Council,74.0
03,Kilimanjaro,02,Mwanga,Halmashauri ya Wilaya ya Mwanga,103,Lang'ata,9830.0,2671.0,Mwanga District Council,74.0
03,Kilimanjaro,02,Mwanga,Halmashauri ya Wilaya ya Mwanga,113,Mwanga,23195.0,6346.0,Mwanga District Council,74.0
03,Kilimanjaro,03,Same,Halmashauri ya Wilaya ya Same,011,Ruvu,,,,
03,Kilimanjaro,03,Same,Halmashauri ya Wilaya ya Same,021,Njoro,,,,
03,Kilimanjaro,03,Same,Halmashauri ya Wilaya ya Same,031,Vumari,,,,
03,Kilimanjaro,03,Same,Halmashauri ya Wilaya ya Same,163,Stesheni,,,,
03,Kilimanjaro,03,Same,Halmashauri ya Wilaya ya Same,173,Same,,,,
03,Kilimanjaro,03,Same,Halmashauri ya Wilaya ya Same,183,Kisima,,,,
03,Kilimanjaro,03,Same,Halmashauri ya Wilaya ya Same,043,Kisiwani,,,,
03,Kilimanjaro,03,Same,Halmashauri ya Wilaya ya Same,151,Bangalala,,,,
03,Kilimanjaro,03,Same,Halmashauri ya Wilaya ya Same,193,Mwembe,,,,
03,Kilimanjaro,03,Same,Halmashauri ya Wilaya ya Same,201,Mhezi,,,,
03,Kilimanjaro,03,Same,Halmashauri ya Wilaya ya Same,211,Mshewa,,,,
03,Kilimanjaro,03,Same,Halmashauri ya Wilaya ya Same,221,Msindo,,,,
03,Kilimanjaro,03,Same,Halmashauri ya Wilaya ya Same,341,Vudee,,,,
03,Kilimanjaro,03,Same,Halmashauri ya Wilaya ya Same,113,Hedaru,,,,
03,Kilimanjaro,03,Same,Halmashauri ya Wilaya ya Same,121,Gavao-Saweni,,,,
03,Kilimanjaro,03,Same,Halmashauri ya Wilaya ya Same,131,Mabilioni,,,,
03,Kilimanjaro,03,Same,Halmashauri ya Wilaya ya Same,143,Makanya,,,,
03,Kilimanjaro,03,Same,Halmashauri ya Wilaya ya Same,311,Suji,,,,
03,Kilimanjaro,03,Same,Halmashauri ya Wilaya ya Same,321,Tae,,,,
03,Kilimanjaro,03,Same,Halmashauri ya Wilaya ya Same,331,Chome,,,,
03,Kilimanjaro,03,Same,Halmashauri ya Wilaya ya Same,231,Vuje,,,,
03,Kilimanjaro,03,Same,Halmashauri ya Wilaya ya Same,241,Bombo,,,,
03,Kilimanjaro,03,Same,Halmashauri ya Wilaya ya Same,251,Mtii,,,,
03,Kilimanjaro,03,Same,Halmashauri ya Wilaya ya Same,261,Lugulu,,,,
03,Kilimanjaro,03,Same,Halmashauri ya Wilaya ya Same,053,Maore,,,,
03,Kilimanjaro,03,Same,Halmashauri ya Wilaya ya Same,061,Kalemawe,,,,
03,Kilimanjaro,03,Same,Halmashauri ya Wilaya ya Same,073,Kihurio,,,,
03,Kilimanjaro,03,Same,Halmashauri ya Wilaya ya Same,083,Bendera,,,,
03,Kilimanjaro,03,Same,Halmashauri ya Wilaya ya Same,273,Ndungu,,,,
03,Kilimanjaro,03,Same,Halmashauri ya Wilaya ya Same,091,Vunta,,,,
03,Kilimanjaro,03,Same,Halmashauri ya Wilaya ya Same,101,Kirangare,,,,
03,Kilimanjaro,03,Same,Halmashauri ya Wilaya ya Same,281,Myamba,,,,
03,Kilimanjaro,03,Same,Halmashauri ya Wilaya ya Same,291,Mpinji,,,,
03,Kilimanjaro,03,Same,Halmashauri ya Wilaya ya Same,301,Bwambo,,,,
03,Kilimanjaro,04,Moshi,Halmashauri ya Manispaa ya Moshi,012,Kilimanjaro,,,,
03,Kilimanjaro,04,Moshi,Halmashauri ya Manispaa ya Moshi,022,Mfumuni,,,,
03,Kilimanjaro,04,Moshi,Halmashauri ya Manispaa ya Moshi,052,Kiusa,,,,
03,Kilimanjaro,04,Moshi,Halmashauri ya Manispaa ya Moshi,072,Korongoni,,,,
03,Kilimanjaro,04,Moshi,Halmashauri ya Manispaa ya Moshi,082,Soweto,,,,
03,Kilimanjaro,04,Moshi,Halmashauri ya Manispaa ya Moshi,092,Shirimatunda,,,,
03,Kilimanjaro,04,Moshi,Halmashauri ya Manispaa ya Moshi,102,Karanga,,,,
03,Kilimanjaro,04,Moshi,Halmashauri ya Manispaa ya Moshi,112,"Longuo ""B""",,,,
03,Kilimanjaro,04,Moshi,Halmashauri ya Manispaa ya Moshi,122,Rau,,,,
03,Kilimanjaro,04,Moshi,Halmashauri ya Manispaa ya Moshi,202,Bomambuzi,,,,
03,Kilimanjaro,04,Moshi,Halmashauri ya Manispaa ya Moshi,032,Majengo,,,,
03,Kilimanjaro,04,Moshi,Halmashauri ya Manispaa ya Moshi,042,Mawenzi,,,,
03,Kilimanjaro,04,Moshi,Halmashauri ya Manispaa ya Moshi,062,Bondeni,,,,
03,Kilimanjaro,04,Moshi,Halmashauri ya Manispaa ya Moshi,132,Kiborloni (Kiboriloni),,,,
03,Kilimanjaro,04,Moshi,Halmashauri ya Manispaa ya Moshi,142,Ng'ambo,,,,
03,Kilimanjaro,04,Moshi,Halmashauri ya Manispaa ya Moshi,152,Msaranga,,,,
03,Kilimanjaro,04,Moshi,Halmashauri ya Manispaa ya Moshi,162,Mji Mpya,,,,
03,Kilimanjaro,04,Moshi,Halmashauri ya Manispaa ya Moshi,172,Miembeni,,,,
03,Kilimanjaro,04,Moshi,Halmashauri ya Manispaa ya Moshi,182,Njoro,,,,
03,Kilimanjaro,04,Moshi,Halmashauri ya Manispaa ya Moshi,192,Kaloleni,,,,
03,Kilimanjaro,04,Moshi,Halmashauri ya Manispaa ya Moshi,212,Pasua,,,,
03,Kilimanjaro,04,Moshi,Halmashauri ya Wilaya ya Moshi,011,Kindi,34045.0,8721.0,Moshi District Council,77.0
03,Kilimanjaro,04,Moshi,Halmashauri ya Wilaya ya Moshi,021,Kibosho Magharibi,19129.0,5049.0,Moshi District Council,77.0
03,Kilimanjaro,04,Moshi,Halmashauri ya Wilaya ya Moshi,031,Kibosho Okaoni,9772.0,2746.0,Moshi District Council,77.0
03,Kilimanjaro,04,Moshi,Halmashauri ya Wilaya ya Moshi,041,Kibosho Kati,9539.0,2582.0,Moshi District Council,77.0
03,Kilimanjaro,04,Moshi,Halmashauri ya Wilaya ya Moshi,051,Kibosho Kirima,11192.0,2834.0,Moshi District Council,77.0
03,Kilimanjaro,04,Moshi,Halmashauri ya Wilaya ya Moshi,061,Kibosho Mashariki,13996.0,3264.0,Moshi District Council,77.0
03,Kilimanjaro,04,Moshi,Halmashauri ya Wilaya ya Moshi,071,Uru Kusini,31557.0,9511.0,Moshi District Council,77.0
03,Kilimanjaro,04,Moshi,Halmashauri ya Wilaya ya Moshi,081,Uru Kaskazini,10817.0,2768.0,Moshi District Council,77.0
03,Kilimanjaro,04,Moshi,Halmashauri ya Wilaya ya Moshi,091,Uru Shimbwe,5218.0,1415.0,Moshi District Council,77.0
03,Kilimanjaro,04,Moshi,Halmashauri ya Wilaya ya Moshi,101,Uru Mashariki,14179.0,3857.0,Moshi District Council,77.0
03,Kilimanjaro,04,Moshi,Halmashauri ya Wilaya ya Moshi,111,Mbokomu,15899.0,4520.0,Moshi District Council,77.0
03,Kilimanjaro,04,Moshi,Halmashauri ya Wilaya ya Moshi,121,Old Moshi Magharibi,8431.0,2309.0,Moshi District Council,77.0
03,Kilimanjaro,04,Moshi,Halmashauri ya Wilaya ya Moshi,131,Old Moshi Mashariki,10502.0,2865.0,Moshi District Council,77.0
03,Kilimanjaro,04,Moshi,Halmashauri ya Wilaya ya Moshi,141,Kimochi,16046.0,4392.0,Moshi District Council,77.0
03,Kilimanjaro,04,Moshi,Halmashauri ya Wilaya ya Moshi,271,Arusha Chini,13977.0,3735.0,Moshi District Council,77.0
03,Kilimanjaro,04,Moshi,Halmashauri ya Wilaya ya Moshi,281,Mabogini,57231.0,15288.0,Moshi District Council,77.0
03,Kilimanjaro,04,Moshi,Halmashauri ya Wilaya ya Moshi,151,Kirua Vunjo Magharibi,11785.0,3130.0,Moshi District Council,77.0
03,Kilimanjaro,04,Moshi,Halmashauri ya Wilaya ya Moshi,161,Kilema Kaskazini,7785.0,2035.0,Moshi District Council,77.0
03,Kilimanjaro,04,Moshi,Halmashauri ya Wilaya ya Moshi,181,Kilema Kati,5019.0,1349.0,Moshi District Council,77.0
03,Kilimanjaro,04,Moshi,Halmashauri ya Wilaya ya Moshi,251,Kahe Mashariki,16286.0,4553.0,Moshi District Council,77.0
03,Kilimanjaro,04,Moshi,Halmashauri ya Wilaya ya Moshi,261,Kahe Magharibi,24466.0,6568.0,Moshi District Council,77.0
03,Kilimanjaro,04,Moshi,Halmashauri ya Wilaya ya Moshi,291,Kirua Vunjo Kusini,27495.0,7130.0,Moshi District Council,77.0
03,Kilimanjaro,04,Moshi,Halmashauri ya Wilaya ya Moshi,301,Kirua Vunjo Mashariki,7722.0,2134.0,Moshi District Council,77.0
03,Kilimanjaro,04,Moshi,Halmashauri ya Wilaya ya Moshi,311,Kilema Kusini,7815.0,2132.0,Moshi District Council,77.0
03,Kilimanjaro,04,Moshi,Halmashauri ya Wilaya ya Moshi,323,Njia Panda,24778.0,6840.0,Moshi District Council,77.0
03,Kilimanjaro,04,Moshi,Halmashauri ya Wilaya ya Moshi,171,Marangu Magharibi,16775.0,4456.0,Moshi District Council,77.0
03,Kilimanjaro,04,Moshi,Halmashauri ya Wilaya ya Moshi,191,Marangu Mashariki,22981.0,6235.0,Moshi District Council,77.0
03,Kilimanjaro,04,Moshi,Halmashauri ya Wilaya ya Moshi,201,Mamba Kusini,9271.0,2705.0,Moshi District Council,77.0
03,Kilimanjaro,04,Moshi,Halmashauri ya Wilaya ya Moshi,211,Mamba Kaskazini,8231.0,2325.0,Moshi District Council,77.0
03,Kilimanjaro,04,Moshi,Halmashauri ya Wilaya ya Moshi,221,Mwika Kaskazini,19934.0,5550.0,Moshi District Council,77.0
03,Kilimanjaro,04,Moshi,Halmashauri ya Wilaya ya Moshi,231,Mwika Kusini,19509.0,5525.0,Moshi District Council,77.0
03,Kilimanjaro,04,Moshi,Halmashauri ya Wilaya ya Moshi,243,Makuyuni,24421.0,7146.0,Moshi District Council,77.0
03,Kilimanjaro,05,Hai,Halmashauri ya Wilaya ya Hai,041,Machame Uroki,9761.0,2646.0,Hai District Council,78.0
03,Kilimanjaro,05,Hai,Halmashauri ya Wilaya ya Hai,051,Machame Magharibi,4827.0,1454.0,Hai District Council,78.0
03,Kilimanjaro,05,Hai,Halmashauri ya Wilaya ya Hai,061,Machame Kaskazini,24151.0,6344.0,Hai District Council,78.0
03,Kilimanjaro,05,Hai,Halmashauri ya Wilaya ya Hai,071,Machame Mashariki,11985.0,3452.0,Hai District Council,78.0
03,Kilimanjaro,05,Hai,Halmashauri ya Wilaya ya Hai,081,Machame Narumu,11031.0,2846.0,Hai District Council,78.0
03,Kilimanjaro,05,Hai,Halmashauri ya Wilaya ya Hai,091,Mnadani,20327.0,5516.0,Hai District Council,78.0
03,Kilimanjaro,05,Hai,Halmashauri ya Wilaya ya Hai,101,Weruweru,9426.0,2531.0,Hai District Council,78.0
03,Kilimanjaro,05,Hai,Halmashauri ya Wilaya ya Hai,011,Masama Magharibi,9646.0,2643.0,Hai District Council,78.0
03,Kilimanjaro,05,Hai,Halmashauri ya Wilaya ya Hai,021,Masama Kati,10298.0,2857.0,Hai District Council,78.0
03,Kilimanjaro,05,Hai,Halmashauri ya Wilaya ya Hai,031,Masama Mashariki,12904.0,3606.0,Hai District Council,78.0
03,Kilimanjaro,05,Hai,Halmashauri ya Wilaya ya Hai,111,Masama Rundugai,16475.0,4125.0,Hai District Council,78.0
03,Kilimanjaro,05,Hai,Halmashauri ya Wilaya ya Hai,123,KIA,12732.0,2968.0,Hai District Council,78.0
03,Kilimanjaro,05,Hai,Halmashauri ya Wilaya ya Hai,133,Muungano,19655.0,5080.0,Hai District Council,78.0
03,Kilimanjaro,05,Hai,Halmashauri ya Wilaya ya Hai,143,Bondeni,16182.0,4338.0,Hai District Council,78.0
03,Kilimanjaro,05,Hai,Halmashauri ya Wilaya ya Hai,153,Bomang'ombe,17883.0,5511.0,Hai District Council,78.0
03,Kilimanjaro,05,Hai,Halmashauri ya Wilaya ya Hai,163,Masama Kusini,18524.0,4899.0,Hai District Council,78.0
03,Kilimanjaro,05,Hai,Halmashauri ya Wilaya ya Hai,171,Romu,15192.0,3938.0,Hai District Council,78.0
03,Kilimanjaro,06,Siha,Halmashauri ya Wilaya ya Siha,081,Miti Mirefu,1989.0,574.0,Siha District Council,79.0
03,Kilimanjaro,06,Siha,Halmashauri ya Wilaya ya Siha,091,Ndumeti,12345.0,3359.0,Siha District Council,79.0
03,Kilimanjaro,06,Siha,Halmashauri ya Wilaya ya Siha,103,Ngarenairobi,13794.0,3782.0,Siha District Council,79.0
03,Kilimanjaro,06,Siha,Halmashauri ya Wilaya ya Siha,073,Karansi,13816.0,3196.0,Siha District Council,79.0
03,Kilimanjaro,06,Siha,Halmashauri ya Wilaya ya Siha,111,Gararagua,11815.0,2748.0,Siha District Council,79.0
03,Kilimanjaro,06,Siha,Halmashauri ya Wilaya ya Siha,133,Sanya Juu,14293.0,3828.0,Siha District Council,79.0
03,Kilimanjaro,06,Siha,Halmashauri ya Wilaya ya Siha,121,Livishi,5198.0,1475.0,Siha District Council,79.0
03,Kilimanjaro,06,Siha,Halmashauri ya Wilaya ya Siha,141,Nasai,8594.0,2571.0,Siha District Council,79.0
03,Kilimanjaro,06,Siha,Halmashauri ya Wilaya ya Siha,153,Kirua,6626.0,1845.0,Siha District Council,79.0
03,Kilimanjaro,06,Siha,Halmashauri ya Wilaya ya Siha,161,Ivaeny,3611.0,1024.0,Siha District Council,79.0
03,Kilimanjaro,06,Siha,Halmashauri ya Wilaya ya Siha,171,Kashashi,5573.0,1565.0,Siha District Council,79.0
03,Kilimanjaro,06,Siha,Halmashauri ya Wilaya ya Siha,013,Ormelili,7174.0,1768.0,Siha District Council,79.0
03,Kilimanjaro,06,Siha,Halmashauri ya Wilaya ya Siha,021,Olkolili,5100.0,1101.0,Siha District Council,79.0
03,Kilimanjaro,06,Siha,Halmashauri ya Wilaya ya Siha,031,Donyomurwak,9840.0,2180.0,Siha District Council,79.0
03,Kilimanjaro,06,Siha,Halmashauri ya Wilaya ya Siha,041,Songu,2644.0,652.0,Siha District Council,79.0
03,Kilimanjaro,06,Siha,Halmashauri ya Wilaya ya Siha,051,Biriri,5179.0,1287.0,Siha District Council,79.0
03,Kilimanjaro,06,Siha,Halmashauri ya Wilaya ya Siha,061,Makiwaru,11428.0,2586.0,Siha District Council,79.0
04,Tanga,01,Lushoto,Halmashauri ya Wilaya ya Lushoto,012,Lushoto,21870.0,6039.0,Lushoto District Council,82.0
04,Tanga,01,Lushoto,Halmashauri ya Wilaya ya Lushoto,022,Magamba,12169.0,2988.0,Lushoto District Council,82.0
04,Tanga,01,Lushoto,Halmashauri ya Wilaya ya Lushoto,281,Kwai,6990.0,1696.0,Lushoto District Council,82.0
04,Tanga,01,Lushoto,Halmashauri ya Wilaya ya Lushoto,291,Migambo,6447.0,1639.0,Lushoto District Council,82.0
04,Tanga,01,Lushoto,Halmashauri ya Wilaya ya Lushoto,301,Gare,12776.0,3156.0,Lushoto District Council,82.0
04,Tanga,01,Lushoto,Halmashauri ya Wilaya ya Lushoto,311,Kwemashai,5488.0,1305.0,Lushoto District Council,82.0
04,Tanga,01,Lushoto,Halmashauri ya Wilaya ya Lushoto,321,Ngulwi,6148.0,1457.0,Lushoto District Council,82.0
04,Tanga,01,Lushoto,Halmashauri ya Wilaya ya Lushoto,331,Ubiri,6750.0,1590.0,Lushoto District Council,82.0
04,Tanga,01,Lushoto,Halmashauri ya Wilaya ya Lushoto,201,Ngwelo,4589.0,1113.0,Lushoto District Council,82.0
04,Tanga,01,Lushoto,Halmashauri ya Wilaya ya Lushoto,221,Kilole,5983.0,1485.0,Lushoto District Council,82.0
04,Tanga,01,Lushoto,Halmashauri ya Wilaya ya Lushoto,231,Mlola,9897.0,2425.0,Lushoto District Council,82.0
04,Tanga,01,Lushoto,Halmashauri ya Wilaya ya Lushoto,241,Makanya,13413.0,3249.0,Lushoto District Council,82.0
04,Tanga,01,Lushoto,Halmashauri ya Wilaya ya Lushoto,251,Malibwi,10583.0,2657.0,Lushoto District Council,82.0
04,Tanga,01,Lushoto,Halmashauri ya Wilaya ya Lushoto,261,Mbwei,8524.0,2165.0,Lushoto District Council,82.0
04,Tanga,01,Lushoto,Halmashauri ya Wilaya ya Lushoto,271,Kwekanga,11859.0,2799.0,Lushoto District Council,82.0
04,Tanga,01,Lushoto,Halmashauri ya Wilaya ya Lushoto,081,Rangwi,14540.0,3460.0,Lushoto District Council,82.0
04,Tanga,01,Lushoto,Halmashauri ya Wilaya ya Lushoto,101,Sunga,10266.0,2342.0,Lushoto District Council,82.0
04,Tanga,01,Lushoto,Halmashauri ya Wilaya ya Lushoto,111,Mbaru,8523.0,1963.0,Lushoto District Council,82.0
04,Tanga,01,Lushoto,Halmashauri ya Wilaya ya Lushoto,121,Mtae,4525.0,1191.0,Lushoto District Council,82.0
04,Tanga,01,Lushoto,Halmashauri ya Wilaya ya Lushoto,131,Shangayu,,,,
04,Tanga,01,Lushoto,Halmashauri ya Wilaya ya Lushoto,141,Mbaramo,13013.0,2718.0,Lushoto District Council,82.0
04,Tanga,01,Lushoto,Halmashauri ya Wilaya ya Lushoto,151,Mnazi,14182.0,3382.0,Lushoto District Council,82.0
04,Tanga,01,Lushoto,Halmashauri ya Wilaya ya Lushoto,161,Lunguza,10424.0,2549.0,Lushoto District Council,82.0
04,Tanga,01,Lushoto,Halmashauri ya Wilaya ya Lushoto,171,Mng'aro,9389.0,2333.0,Lushoto District Council,82.0
04,Tanga,01,Lushoto,Halmashauri ya Wilaya ya Lushoto,031,Shume,13288.0,3046.0,Lushoto District Council,82.0
04,Tanga,01,Lushoto,Halmashauri ya Wilaya ya Lushoto,043,Lukozi,15991.0,3917.0,Lushoto District Council,82.0
04,Tanga,01,Lushoto,Halmashauri ya Wilaya ya Lushoto,051,Malindi,18438.0,4409.0,Lushoto District Council,82.0
04,Tanga,01,Lushoto,Halmashauri ya Wilaya ya Lushoto,061,Mwangoi,10752.0,2690.0,Lushoto District Council,82.0
04,Tanga,01,Lushoto,Halmashauri ya Wilaya ya Lushoto,071,"Dule ""M""",7550.0,1825.0,Lushoto District Council,82.0
04,Tanga,01,Lushoto,Halmashauri ya Wilaya ya Lushoto,091,Manolo,25519.0,5851.0,Lushoto District Council,82.0
04,Tanga,01,Lushoto,Halmashauri ya Wilaya ya Lushoto,183,Mlalo,7589.0,1947.0,Lushoto District Council,82.0
04,Tanga,01,Lushoto,Halmashauri ya Wilaya ya Lushoto,193,Kwemshasha,7748.0,1946.0,Lushoto District Council,82.0
04,Tanga,01,Lushoto,Halmashauri ya Wilaya ya Lushoto,211,Hemtoye,8484.0,2083.0,Lushoto District Council,82.0
04,Tanga,01,Lushoto,Halmashauri ya Wilaya ya Bumbuli,071,Baga,8777.0,1987.0,Bumbuli District Council,83.0
04,Tanga,01,Lushoto,Halmashauri ya Wilaya ya Bumbuli,081,Mgwashi,13450.0,3110.0,Bumbuli District Council,83.0
04,Tanga,01,Lushoto,Halmashauri ya Wilaya ya Bumbuli,091,Nkongoi,10280.0,2301.0,Bumbuli District Council,83.0
04,Tanga,01,Lushoto,Halmashauri ya Wilaya ya Bumbuli,111,Kwemkomole,4608.0,1038.0,Bumbuli District Council,83.0
04,Tanga,01,Lushoto,Halmashauri ya Wilaya ya Bumbuli,011,Bumbuli,9917.0,2522.0,Bumbuli District Council,83.0
04,Tanga,01,Lushoto,Halmashauri ya Wilaya ya Bumbuli,021,"Dule ""B""",7949.0,1978.0,Bumbuli District Council,83.0
04,Tanga,01,Lushoto,Halmashauri ya Wilaya ya Bumbuli,043,Kisiwani,6504.0,1559.0,Bumbuli District Council,83.0
04,Tanga,01,Lushoto,Halmashauri ya Wilaya ya Bumbuli,061,Mamba,11049.0,2744.0,Bumbuli District Council,83.0
04,Tanga,01,Lushoto,Halmashauri ya Wilaya ya Bumbuli,101,Milingano,8749.0,1870.0,Bumbuli District Council,83.0
04,Tanga,01,Lushoto,Halmashauri ya Wilaya ya Bumbuli,121,Mayo,5187.0,1269.0,Bumbuli District Council,83.0
04,Tanga,01,Lushoto,Halmashauri ya Wilaya ya Bumbuli,131,Mahezangulu,8683.0,2072.0,Bumbuli District Council,83.0
04,Tanga,01,Lushoto,Halmashauri ya Wilaya ya Bumbuli,141,Tamota,7951.0,2006.0,Bumbuli District Council,83.0
04,Tanga,01,Lushoto,Halmashauri ya Wilaya ya Bumbuli,151,Funta,9341.0,2515.0,Bumbuli District Council,83.0
04,Tanga,01,Lushoto,Halmashauri ya Wilaya ya Bumbuli,033,Soni,13747.0,3405.0,Bumbuli District Council,83.0
04,Tanga,01,Lushoto,Halmashauri ya Wilaya ya Bumbuli,051,Mbuzii,6213.0,1560.0,Bumbuli District Council,83.0
04,Tanga,01,Lushoto,Halmashauri ya Wilaya ya Bumbuli,161,Mponde,10205.0,2570.0,Bumbuli District Council,83.0
04,Tanga,01,Lushoto,Halmashauri ya Wilaya ya Bumbuli,171,Usambara,5353.0,1272.0,Bumbuli District Council,83.0
04,Tanga,01,Lushoto,Halmashauri ya Wilaya ya Bumbuli,181,Vuga,11410.0,2842.0,Bumbuli District Council,83.0
04,Tanga,02,Korogwe,Halmashauri ya Wilaya ya Korogwe,111,Makuyuni,10393.0,2668.0,Korogwe District Council,84.0
04,Tanga,02,Korogwe,Halmashauri ya Wilaya ya Korogwe,121,Chekelei,9778.0,2510.0,Korogwe District Council,84.0
04,Tanga,02,Korogwe,Halmashauri ya Wilaya ya Korogwe,133,Mombo,24280.0,6312.0,Korogwe District Council,84.0
04,Tanga,02,Korogwe,Halmashauri ya Wilaya ya Korogwe,141,Mkalamo,12281.0,2772.0,Korogwe District Council,84.0
04,Tanga,02,Korogwe,Halmashauri ya Wilaya ya Korogwe,153,Mazinde,13458.0,3344.0,Korogwe District Council,84.0
04,Tanga,02,Korogwe,Halmashauri ya Wilaya ya Korogwe,161,Mkomazi,12446.0,3225.0,Korogwe District Council,84.0
04,Tanga,02,Korogwe,Halmashauri ya Wilaya ya Korogwe,191,Mswaha,14331.0,3471.0,Korogwe District Council,84.0
04,Tanga,02,Korogwe,Halmashauri ya Wilaya ya Korogwe,201,Magamba Kwalukonge,7108.0,1753.0,Korogwe District Council,84.0
04,Tanga,02,Korogwe,Halmashauri ya Wilaya ya Korogwe,213,Mkumbara,11845.0,2799.0,Korogwe District Council,84.0
04,Tanga,02,Korogwe,Halmashauri ya Wilaya ya Korogwe,221,Magila Gereza,6674.0,1720.0,Korogwe District Council,84.0
04,Tanga,02,Korogwe,Halmashauri ya Wilaya ya Korogwe,071,Vugiri,8465.0,2170.0,Korogwe District Council,84.0
04,Tanga,02,Korogwe,Halmashauri ya Wilaya ya Korogwe,081,Dindira,7848.0,1931.0,Korogwe District Council,84.0
04,Tanga,02,Korogwe,Halmashauri ya Wilaya ya Korogwe,091,Bungu,6995.0,1727.0,Korogwe District Council,84.0
04,Tanga,02,Korogwe,Halmashauri ya Wilaya ya Korogwe,101,Lutindi,3084.0,772.0,Korogwe District Council,84.0
04,Tanga,02,Korogwe,Halmashauri ya Wilaya ya Korogwe,171,Kwashemshi,9064.0,2303.0,Korogwe District Council,84.0
04,Tanga,02,Korogwe,Halmashauri ya Wilaya ya Korogwe,181,Mpale,9166.0,2084.0,Korogwe District Council,84.0
04,Tanga,02,Korogwe,Halmashauri ya Wilaya ya Korogwe,231,Mgwashi,4231.0,1019.0,Korogwe District Council,84.0
04,Tanga,02,Korogwe,Halmashauri ya Wilaya ya Korogwe,241,Mlungui,5887.0,1320.0,Korogwe District Council,84.0
04,Tanga,02,Korogwe,Halmashauri ya Wilaya ya Korogwe,291,Lewa,4788.0,1192.0,Korogwe District Council,84.0
04,Tanga,02,Korogwe,Halmashauri ya Wilaya ya Korogwe,013,Mashewa,10366.0,2487.0,Korogwe District Council,84.0
04,Tanga,02,Korogwe,Halmashauri ya Wilaya ya Korogwe,021,Kizara,8583.0,1984.0,Korogwe District Council,84.0
04,Tanga,02,Korogwe,Halmashauri ya Wilaya ya Korogwe,033,Magoma,13564.0,3500.0,Korogwe District Council,84.0
04,Tanga,02,Korogwe,Halmashauri ya Wilaya ya Korogwe,041,Kerenge,9273.0,2300.0,Korogwe District Council,84.0
04,Tanga,02,Korogwe,Halmashauri ya Wilaya ya Korogwe,251,Kalalani,3654.0,1275.0,Korogwe District Council,84.0
04,Tanga,02,Korogwe,Halmashauri ya Wilaya ya Korogwe,261,Foroforo,7032.0,1477.0,Korogwe District Council,84.0
04,Tanga,02,Korogwe,Halmashauri ya Wilaya ya Korogwe,271,Makumba,6108.0,1496.0,Korogwe District Council,84.0
04,Tanga,02,Korogwe,Halmashauri ya Wilaya ya Korogwe,051,Kwagunda,9684.0,2690.0,Korogwe District Council,84.0
04,Tanga,02,Korogwe,Halmashauri ya Wilaya ya Korogwe,063,Mnyuzi,5822.0,1559.0,Korogwe District Council,84.0
04,Tanga,02,Korogwe,Halmashauri ya Wilaya ya Korogwe,283,Hale,16662.0,4417.0,Korogwe District Council,84.0
04,Tanga,02,Korogwe,Halmashauri ya Mji wa Korogwe,013,Mgombezi,4884.0,1287.0,Korogwe Town Council,85.0
04,Tanga,02,Korogwe,Halmashauri ya Mji wa Korogwe,022,Mtonga,16300.0,4174.0,Korogwe Town Council,85.0
04,Tanga,02,Korogwe,Halmashauri ya Mji wa Korogwe,032,Magunga,8848.0,2184.0,Korogwe Town Council,85.0
04,Tanga,02,Korogwe,Halmashauri ya Mji wa Korogwe,041,Kwamndolwa,5354.0,1402.0,Korogwe Town Council,85.0
04,Tanga,02,Korogwe,Halmashauri ya Mji wa Korogwe,051,Old Korogwe,8126.0,2116.0,Korogwe Town Council,85.0
04,Tanga,02,Korogwe,Halmashauri ya Mji wa Korogwe,062,Manundu,13271.0,3959.0,Korogwe Town Council,85.0
04,Tanga,02,Korogwe,Halmashauri ya Mji wa Korogwe,072,Kilole,6375.0,1697.0,Korogwe Town Council,85.0
04,Tanga,02,Korogwe,Halmashauri ya Mji wa Korogwe,081,Kwamsisi,6155.0,1571.0,Korogwe Town Council,85.0
04,Tanga,02,Korogwe,Halmashauri ya Mji wa Korogwe,092,Masuguru,3885.0,1102.0,Korogwe Town Council,85.0
04,Tanga,02,Korogwe,Halmashauri ya Mji wa Korogwe,102,Majengo,5408.0,1507.0,Korogwe Town Council,85.0
04,Tanga,02,Korogwe,Halmashauri ya Mji wa Korogwe,112,Bagamoyo,7945.0,1976.0,Korogwe Town Council,85.0
04,Tanga,03,Muheza,Halmashauri ya Wilaya ya Muheza,011,Misozwe,4252.0,1210.0,Muheza District Council,86.0
04,Tanga,03,Muheza,Halmashauri ya Wilaya ya Muheza,021,Pande Darajani,4235.0,1320.0,Muheza District Council,86.0
04,Tanga,03,Muheza,Halmashauri ya Wilaya ya Muheza,031,Ngomeni,11148.0,3027.0,Muheza District Council,86.0
04,Tanga,03,Muheza,Halmashauri ya Wilaya ya Muheza,043,Kigombe,8536.0,2403.0,Muheza District Council,86.0
04,Tanga,03,Muheza,Halmashauri ya Wilaya ya Muheza,061,Kicheba,6037.0,1633.0,Muheza District Council,86.0
04,Tanga,03,Muheza,Halmashauri ya Wilaya ya Muheza,321,Mpapayu,3167.0,916.0,Muheza District Council,86.0
04,Tanga,03,Muheza,Halmashauri ya Wilaya ya Muheza,331,Mlingano,8763.0,2381.0,Muheza District Council,86.0
04,Tanga,03,Muheza,Halmashauri ya Wilaya ya Muheza,351,Kwemingoji,2905.0,815.0,Muheza District Council,86.0
04,Tanga,03,Muheza,Halmashauri ya Wilaya ya Muheza,053,Lusanga,8654.0,2370.0,Muheza District Council,86.0
04,Tanga,03,Muheza,Halmashauri ya Wilaya ya Muheza,071,Magoroto,6658.0,1670.0,Muheza District Council,86.0
04,Tanga,03,Muheza,Halmashauri ya Wilaya ya Muheza,081,Magila,6163.0,1627.0,Muheza District Council,86.0
04,Tanga,03,Muheza,Halmashauri ya Wilaya ya Muheza,093,Mbaramo,6251.0,1673.0,Muheza District Council,86.0
04,Tanga,03,Muheza,Halmashauri ya Wilaya ya Muheza,102,Majengo,8285.0,2454.0,Muheza District Council,86.0
04,Tanga,03,Muheza,Halmashauri ya Wilaya ya Muheza,113,Masuguru,4754.0,1330.0,Muheza District Council,86.0
04,Tanga,03,Muheza,Halmashauri ya Wilaya ya Muheza,131,Kilulu,10798.0,2878.0,Muheza District Council,86.0
04,Tanga,03,Muheza,Halmashauri ya Wilaya ya Muheza,141,Mkuzi,8785.0,2479.0,Muheza District Council,86.0
04,Tanga,03,Muheza,Halmashauri ya Wilaya ya Muheza,151,Mtindiro,6034.0,1730.0,Muheza District Council,86.0
04,Tanga,03,Muheza,Halmashauri ya Wilaya ya Muheza,281,Kwakifua,3144.0,840.0,Muheza District Council,86.0
04,Tanga,03,Muheza,Halmashauri ya Wilaya ya Muheza,293,Kwemkabara,,,,
04,Tanga,03,Muheza,Halmashauri ya Wilaya ya Muheza,301,Genge,8385.0,2287.0,Muheza District Council,86.0
04,Tanga,03,Muheza,Halmashauri ya Wilaya ya Muheza,313,Tanganyika,3334.0,966.0,Muheza District Council,86.0
04,Tanga,03,Muheza,Halmashauri ya Wilaya ya Muheza,361,Kwabada,5554.0,1625.0,Muheza District Council,86.0
04,Tanga,03,Muheza,Halmashauri ya Wilaya ya Muheza,121,Tingeni,3233.0,881.0,Muheza District Council,86.0
04,Tanga,03,Muheza,Halmashauri ya Wilaya ya Muheza,161,Kwafungo,8248.0,2372.0,Muheza District Council,86.0
04,Tanga,03,Muheza,Halmashauri ya Wilaya ya Muheza,171,Songa,5941.0,1547.0,Muheza District Council,86.0
04,Tanga,03,Muheza,Halmashauri ya Wilaya ya Muheza,181,Bwembwera,5635.0,1640.0,Muheza District Council,86.0
04,Tanga,03,Muheza,Halmashauri ya Wilaya ya Muheza,191,Potwe,5874.0,1605.0,Muheza District Council,86.0
04,Tanga,03,Muheza,Halmashauri ya Wilaya ya Muheza,201,Nkumba,6960.0,1980.0,Muheza District Council,86.0
04,Tanga,03,Muheza,Halmashauri ya Wilaya ya Muheza,261,Tongwe,7087.0,2056.0,Muheza District Council,86.0
04,Tanga,03,Muheza,Halmashauri ya Wilaya ya Muheza,271,Mhamba,3557.0,935.0,Muheza District Council,86.0
04,Tanga,03,Muheza,Halmashauri ya Wilaya ya Muheza,371,Makole,6536.0,1800.0,Muheza District Council,86.0
04,Tanga,03,Muheza,Halmashauri ya Wilaya ya Muheza,211,Kisiwani,,,,
04,Tanga,03,Muheza,Halmashauri ya Wilaya ya Muheza,221,Misalai,6741.0,1807.0,Muheza District Council,86.0
04,Tanga,03,Muheza,Halmashauri ya Wilaya ya Muheza,231,Zirai,5144.0,1190.0,Muheza District Council,86.0
04,Tanga,03,Muheza,Halmashauri ya Wilaya ya Muheza,241,Mbomole,5786.0,1593.0,Muheza District Council,86.0
04,Tanga,03,Muheza,Halmashauri ya Wilaya ya Muheza,251,Amani,6148.0,1661.0,Muheza District Council,86.0
04,Tanga,03,Muheza,Halmashauri ya Wilaya ya Muheza,341,Kwezitu,5727.0,1464.0,Muheza District Council,86.0
04,Tanga,04,Tanga,Halmashauri ya Jiji la Tanga,032,Nguvumali,17249.0,4556.0,Tanga City Council,87.0
04,Tanga,04,Tanga,Halmashauri ya Jiji la Tanga,042,Chumbageni,14326.0,3725.0,Tanga City Council,87.0
04,Tanga,04,Tanga,Halmashauri ya Jiji la Tanga,202,Mzizima,17561.0,4888.0,Tanga City Council,87.0
04,Tanga,04,Tanga,Halmashauri ya Jiji la Tanga,212,Mabokweni,6276.0,1512.0,Tanga City Council,87.0
04,Tanga,04,Tanga,Halmashauri ya Jiji la Tanga,242,Chongoleani,5882.0,1469.0,Tanga City Council,87.0
04,Tanga,04,Tanga,Halmashauri ya Jiji la Tanga,012,Central,5462.0,1092.0,Tanga City Council,87.0
04,Tanga,04,Tanga,Halmashauri ya Jiji la Tanga,052,Ngamiani Kaskazini,3326.0,795.0,Tanga City Council,87.0
04,Tanga,04,Tanga,Halmashauri ya Jiji la Tanga,082,Usagara,10317.0,2795.0,Tanga City Council,87.0
04,Tanga,04,Tanga,Halmashauri ya Jiji la Tanga,092,Makorora,18630.0,4922.0,Tanga City Council,87.0
04,Tanga,04,Tanga,Halmashauri ya Jiji la Tanga,102,Mzingani,15621.0,4033.0,Tanga City Council,87.0
04,Tanga,04,Tanga,Halmashauri ya Jiji la Tanga,252,Mnyanjani,21940.0,4860.0,Tanga City Council,87.0
04,Tanga,04,Tanga,Halmashauri ya Jiji la Tanga,262,Magaoni,21746.0,5303.0,Tanga City Council,87.0
04,Tanga,04,Tanga,Halmashauri ya Jiji la Tanga,022,Majengo,7290.0,1960.0,Tanga City Council,87.0
04,Tanga,04,Tanga,Halmashauri ya Jiji la Tanga,062,Ngamiani Kati,4200.0,1084.0,Tanga City Council,87.0
04,Tanga,04,Tanga,Halmashauri ya Jiji la Tanga,072,Ngamiani Kusini,7637.0,2022.0,Tanga City Council,87.0
04,Tanga,04,Tanga,Halmashauri ya Jiji la Tanga,112,Msambweni,10774.0,2990.0,Tanga City Council,87.0
04,Tanga,04,Tanga,Halmashauri ya Jiji la Tanga,122,Mwanzange,8386.0,2226.0,Tanga City Council,87.0
04,Tanga,04,Tanga,Halmashauri ya Jiji la Tanga,142,Mabawa,26978.0,6816.0,Tanga City Council,87.0
04,Tanga,04,Tanga,Halmashauri ya Jiji la Tanga,132,Tangasisi,28434.0,6500.0,Tanga City Council,87.0
04,Tanga,04,Tanga,Halmashauri ya Jiji la Tanga,152,Tongoni,6103.0,1573.0,Tanga City Council,87.0
04,Tanga,04,Tanga,Halmashauri ya Jiji la Tanga,162,Marungu,3612.0,1066.0,Tanga City Council,87.0
04,Tanga,04,Tanga,Halmashauri ya Jiji la Tanga,172,Pongwe,23466.0,6267.0,Tanga City Council,87.0
04,Tanga,04,Tanga,Halmashauri ya Jiji la Tanga,182,Maweni,40742.0,10168.0,Tanga City Council,87.0
04,Tanga,04,Tanga,Halmashauri ya Jiji la Tanga,192,Duga,24545.0,6226.0,Tanga City Council,87.0
04,Tanga,04,Tanga,Halmashauri ya Jiji la Tanga,222,Kirare,4933.0,1365.0,Tanga City Council,87.0
04,Tanga,04,Tanga,Halmashauri ya Jiji la Tanga,232,Kiomoni,10151.0,2510.0,Tanga City Council,87.0
04,Tanga,04,Tanga,Halmashauri ya Jiji la Tanga,272,Masiwani,27842.0,6147.0,Tanga City Council,87.0
04,Tanga,05,Pangani,Halmashauri ya Wilaya ya Pangani,041,Madanga,3705.0,1109.0,Pangani District Council,88.0
04,Tanga,05,Pangani,Halmashauri ya Wilaya ya Pangani,051,Kimang'a,4739.0,1324.0,Pangani District Council,88.0
04,Tanga,05,Pangani,Halmashauri ya Wilaya ya Pangani,061,Bushiri,4127.0,1214.0,Pangani District Council,88.0
04,Tanga,05,Pangani,Halmashauri ya Wilaya ya Pangani,141,Masaika,5046.0,1468.0,Pangani District Council,88.0
04,Tanga,05,Pangani,Halmashauri ya Wilaya ya Pangani,013,Pangani Mashariki,4157.0,1056.0,Pangani District Council,88.0
04,Tanga,05,Pangani,Halmashauri ya Wilaya ya Pangani,023,Pangani Magharibi,8179.0,2184.0,Pangani District Council,88.0
04,Tanga,05,Pangani,Halmashauri ya Wilaya ya Pangani,031,Bweni,1493.0,370.0,Pangani District Council,88.0
04,Tanga,05,Pangani,Halmashauri ya Wilaya ya Pangani,071,Mwera,6059.0,1679.0,Pangani District Council,88.0
04,Tanga,05,Pangani,Halmashauri ya Wilaya ya Pangani,081,Tungamaa,3101.0,844.0,Pangani District Council,88.0
04,Tanga,05,Pangani,Halmashauri ya Wilaya ya Pangani,091,Kipumbwi,12268.0,3185.0,Pangani District Council,88.0
04,Tanga,05,Pangani,Halmashauri ya Wilaya ya Pangani,101,Mikinguni,5963.0,1463.0,Pangani District Council,88.0
04,Tanga,05,Pangani,Halmashauri ya Wilaya ya Pangani,111,Ubangaa,3261.0,880.0,Pangani District Council,88.0
04,Tanga,05,Pangani,Halmashauri ya Wilaya ya Pangani,121,Mkwaja,6663.0,1704.0,Pangani District Council,88.0
04,Tanga,05,Pangani,Halmashauri ya Wilaya ya Pangani,131,Mkalamo,6881.0,1774.0,Pangani District Council,88.0
04,Tanga,06,Handeni,Halmashauri ya Wilaya ya Handeni,101,Sindeni,21828.0,4825.0,Handeni District Council,89.0
04,Tanga,06,Handeni,Halmashauri ya Wilaya ya Handeni,111,Misima,19779.0,4077.0,Handeni District Council,89.0
04,Tanga,06,Handeni,Halmashauri ya Wilaya ya Handeni,121,Kiva,10874.0,2283.0,Handeni District Council,89.0
04,Tanga,06,Handeni,Halmashauri ya Wilaya ya Handeni,011,Segera,28576.0,7222.0,Handeni District Council,89.0
04,Tanga,06,Handeni,Halmashauri ya Wilaya ya Handeni,201,Kwamgwe,10531.0,2651.0,Handeni District Council,89.0
04,Tanga,06,Handeni,Halmashauri ya Wilaya ya Handeni,021,Ndolwa,26886.0,5610.0,Handeni District Council,89.0
04,Tanga,06,Handeni,Halmashauri ya Wilaya ya Handeni,131,Kabuku,18346.0,4342.0,Handeni District Council,89.0
04,Tanga,06,Handeni,Halmashauri ya Wilaya ya Handeni,141,Kwamatuku,16600.0,3912.0,Handeni District Council,89.0
04,Tanga,06,Handeni,Halmashauri ya Wilaya ya Handeni,151,Kwedizinga,8168.0,2052.0,Handeni District Council,89.0
04,Tanga,06,Handeni,Halmashauri ya Wilaya ya Handeni,161,Mgambo,14821.0,3060.0,Handeni District Council,89.0
04,Tanga,06,Handeni,Halmashauri ya Wilaya ya Handeni,171,Komkonga,19222.0,4278.0,Handeni District Council,89.0
04,Tanga,06,Handeni,Halmashauri ya Wilaya ya Handeni,191,Kabuku Ndani,16575.0,4280.0,Handeni District Council,89.0
04,Tanga,06,Handeni,Halmashauri ya Wilaya ya Handeni,031,Mazingara,26832.0,5791.0,Handeni District Council,89.0
04,Tanga,06,Handeni,Halmashauri ya Wilaya ya Handeni,181,Mkata,40365.0,10056.0,Handeni District Council,89.0
04,Tanga,06,Handeni,Halmashauri ya Wilaya ya Handeni,211,Kitumbi,14381.0,3236.0,Handeni District Council,89.0
04,Tanga,06,Handeni,Halmashauri ya Wilaya ya Handeni,041,Kwamsisi,16801.0,4463.0,Handeni District Council,89.0
04,Tanga,06,Handeni,Halmashauri ya Wilaya ya Handeni,051,Kwasunga,11100.0,2579.0,Handeni District Council,89.0
04,Tanga,06,Handeni,Halmashauri ya Wilaya ya Handeni,061,Kwaluguru,13650.0,3014.0,Handeni District Council,89.0
04,Tanga,06,Handeni,Halmashauri ya Wilaya ya Handeni,071,Kang'ata,21696.0,4850.0,Handeni District Council,89.0
04,Tanga,06,Handeni,Halmashauri ya Wilaya ya Handeni,081,Kwankonje,12696.0,2650.0,Handeni District Council,89.0
04,Tanga,06,Handeni,Halmashauri ya Wilaya ya Handeni,091,Kwachaga,14626.0,3262.0,Handeni District Council,89.0
04,Tanga,06,Handeni,Halmashauri ya Mji wa Handeni,012,Malezi,10238.0,2096.0,Handeni Town Council,90.0
04,Tanga,06,Handeni,Halmashauri ya Mji wa Handeni,022,Kwenjugo,11071.0,2559.0,Handeni Town Council,90.0
04,Tanga,06,Handeni,Halmashauri ya Mji wa Handeni,032,Mabanda,10207.0,2175.0,Handeni Town Council,90.0
04,Tanga,06,Handeni,Halmashauri ya Mji wa Handeni,042,Konje,4539.0,926.0,Handeni Town Council,90.0
04,Tanga,06,Handeni,Halmashauri ya Mji wa Handeni,052,Mlimani,7635.0,1692.0,Handeni Town Council,90.0
04,Tanga,06,Handeni,Halmashauri ya Mji wa Handeni,062,Msasa,5258.0,1169.0,Handeni Town Council,90.0
04,Tanga,06,Handeni,Halmashauri ya Mji wa Handeni,072,Kideleko,6037.0,1468.0,Handeni Town Council,90.0
04,Tanga,06,Handeni,Halmashauri ya Mji wa Handeni,082,Kwamagome,15138.0,3546.0,Handeni Town Council,90.0
04,Tanga,06,Handeni,Halmashauri ya Mji wa Handeni,092,Vibaoni,7563.0,1865.0,Handeni Town Council,90.0
04,Tanga,06,Handeni,Halmashauri ya Mji wa Handeni,102,Chanika,14985.0,3757.0,Handeni Town Council,90.0
04,Tanga,06,Handeni,Halmashauri ya Mji wa Handeni,112,Mdoe,11115.0,2991.0,Handeni Town Council,90.0
04,Tanga,06,Handeni,Halmashauri ya Mji wa Handeni,122,Kwediyamba,5182.0,1221.0,Handeni Town Council,90.0
04,Tanga,07,Kilindi,Halmashauri ya Wilaya ya Kilindi,101,Mvungwe,17946.0,3888.0,Kilindi District Council,91.0
04,Tanga,07,Kilindi,Halmashauri ya Wilaya ya Kilindi,111,Kwediboma,26630.0,5913.0,Kilindi District Council,91.0
04,Tanga,07,Kilindi,Halmashauri ya Wilaya ya Kilindi,121,Saunyi,7545.0,1584.0,Kilindi District Council,91.0
04,Tanga,07,Kilindi,Halmashauri ya Wilaya ya Kilindi,151,Kisangasa,18415.0,4026.0,Kilindi District Council,91.0
04,Tanga,07,Kilindi,Halmashauri ya Wilaya ya Kilindi,171,Kibirashi,31251.0,7012.0,Kilindi District Council,91.0
04,Tanga,07,Kilindi,Halmashauri ya Wilaya ya Kilindi,181,Kilwa,8749.0,1865.0,Kilindi District Council,91.0
04,Tanga,07,Kilindi,Halmashauri ya Wilaya ya Kilindi,091,Mkindi,16986.0,3701.0,Kilindi District Council,91.0
04,Tanga,07,Kilindi,Halmashauri ya Wilaya ya Kilindi,131,Jaila,14485.0,3094.0,Kilindi District Council,91.0
04,Tanga,07,Kilindi,Halmashauri ya Wilaya ya Kilindi,141,Msanja,29475.0,6647.0,Kilindi District Council,91.0
04,Tanga,07,Kilindi,Halmashauri ya Wilaya ya Kilindi,161,Mabalanga,13508.0,2909.0,Kilindi District Council,91.0
04,Tanga,07,Kilindi,Halmashauri ya Wilaya ya Kilindi,061,Kimbe,27906.0,5968.0,Kilindi District Council,91.0
04,Tanga,07,Kilindi,Halmashauri ya Wilaya ya Kilindi,071,Kilindi,23903.0,5126.0,Kilindi District Council,91.0
04,Tanga,07,Kilindi,Halmashauri ya Wilaya ya Kilindi,081,Negero,24223.0,5578.0,Kilindi District Council,91.0
04,Tanga,07,Kilindi,Halmashauri ya Wilaya ya Kilindi,011,Lwande,14391.0,3040.0,Kilindi District Council,91.0
04,Tanga,07,Kilindi,Halmashauri ya Wilaya ya Kilindi,021,Kikunde,16621.0,4071.0,Kilindi District Council,91.0
04,Tanga,07,Kilindi,Halmashauri ya Wilaya ya Kilindi,031,Songe,20202.0,4711.0,Kilindi District Council,91.0
04,Tanga,07,Kilindi,Halmashauri ya Wilaya ya Kilindi,041,Pagwi,22651.0,4394.0,Kilindi District Council,91.0
04,Tanga,07,Kilindi,Halmashauri ya Wilaya ya Kilindi,051,Masagalu,16341.0,3576.0,Kilindi District Council,91.0
04,Tanga,07,Kilindi,Halmashauri ya Wilaya ya Kilindi,191,Tunguli,10902.0,2509.0,Kilindi District Council,91.0
04,Tanga,07,Kilindi,Halmashauri ya Wilaya ya Kilindi,201,Kwekivu,16879.0,3526.0,Kilindi District Council,91.0
04,Tanga,07,Kilindi,Halmashauri ya Wilaya ya Kilindi,211,Bokwa,19382.0,4301.0,Kilindi District Council,91.0
04,Tanga,08,Mkinga,Halmashauri ya Wilaya ya Mkinga,011,Mwakijembe,7708.0,1667.0,Mkinga District Council,92.0
04,Tanga,08,Mkinga,Halmashauri ya Wilaya ya Mkinga,021,Mkinga,5628.0,1255.0,Mkinga District Council,92.0
04,Tanga,08,Mkinga,Halmashauri ya Wilaya ya Mkinga,031,Duga,15934.0,3353.0,Mkinga District Council,92.0
04,Tanga,08,Mkinga,Halmashauri ya Wilaya ya Mkinga,041,Moa,7419.0,1618.0,Mkinga District Council,92.0
04,Tanga,08,Mkinga,Halmashauri ya Wilaya ya Mkinga,051,Manza,5483.0,990.0,Mkinga District Council,92.0
04,Tanga,08,Mkinga,Halmashauri ya Wilaya ya Mkinga,061,Kwale,5988.0,1241.0,Mkinga District Council,92.0
04,Tanga,08,Mkinga,Halmashauri ya Wilaya ya Mkinga,071,Mtimbwani,4328.0,1015.0,Mkinga District Council,92.0
04,Tanga,08,Mkinga,Halmashauri ya Wilaya ya Mkinga,171,Doda,3398.0,806.0,Mkinga District Council,92.0
04,Tanga,08,Mkinga,Halmashauri ya Wilaya ya Mkinga,181,Boma,2741.0,586.0,Mkinga District Council,92.0
04,Tanga,08,Mkinga,Halmashauri ya Wilaya ya Mkinga,191,Parungu Kasera,5556.0,1288.0,Mkinga District Council,92.0
04,Tanga,08,Mkinga,Halmashauri ya Wilaya ya Mkinga,201,Mayomboni,5610.0,1256.0,Mkinga District Council,92.0
04,Tanga,08,Mkinga,Halmashauri ya Wilaya ya Mkinga,211,Sigaya,5002.0,1026.0,Mkinga District Council,92.0
04,Tanga,08,Mkinga,Halmashauri ya Wilaya ya Mkinga,081,Gombero,6292.0,1578.0,Mkinga District Council,92.0
04,Tanga,08,Mkinga,Halmashauri ya Wilaya ya Mkinga,091,Mhinduro,7354.0,2065.0,Mkinga District Council,92.0
04,Tanga,08,Mkinga,Halmashauri ya Wilaya ya Mkinga,103,Maramba,13434.0,3506.0,Mkinga District Council,92.0
04,Tanga,08,Mkinga,Halmashauri ya Wilaya ya Mkinga,111,Kigongoi Mashariki,4851.0,1077.0,Mkinga District Council,92.0
04,Tanga,08,Mkinga,Halmashauri ya Wilaya ya Mkinga,121,Daluni,7786.0,1915.0,Mkinga District Council,92.0
04,Tanga,08,Mkinga,Halmashauri ya Wilaya ya Mkinga,131,Bosha,7754.0,1828.0,Mkinga District Council,92.0
04,Tanga,08,Mkinga,Halmashauri ya Wilaya ya Mkinga,141,Mapatano,7387.0,1997.0,Mkinga District Council,92.0
04,Tanga,08,Mkinga,Halmashauri ya Wilaya ya Mkinga,151,Bwiti,10490.0,2670.0,Mkinga District Council,92.0
04,Tanga,08,Mkinga,Halmashauri ya Wilaya ya Mkinga,161,Mnyenzani,3738.0,1058.0,Mkinga District Council,92.0
04,Tanga,08,Mkinga,Halmashauri ya Wilaya ya Mkinga,221,Kigongoi Magharibi,2921.0,747.0,Mkinga District Council,92.0
05,Morogoro,01,Kilosa,Halmashauri ya Wilaya ya Kilosa,011,Mabula,9597.0,2199.0,Kilosa District Council,95.0
05,Morogoro,01,Kilosa,Halmashauri ya Wilaya ya Kilosa,021,Maguha,10389.0,2434.0,Kilosa District Council,95.0
05,Morogoro,01,Kilosa,Halmashauri ya Wilaya ya Kilosa,033,Berega,13196.0,3120.0,Kilosa District Council,95.0
05,Morogoro,01,Kilosa,Halmashauri ya Wilaya ya Kilosa,043,Magubike,14945.0,3709.0,Kilosa District Council,95.0
05,Morogoro,01,Kilosa,Halmashauri ya Wilaya ya Kilosa,051,Mamboya,15590.0,3208.0,Kilosa District Council,95.0
05,Morogoro,01,Kilosa,Halmashauri ya Wilaya ya Kilosa,063,Dumila,47237.0,13130.0,Kilosa District Council,95.0
05,Morogoro,01,Kilosa,Halmashauri ya Wilaya ya Kilosa,073,Magole,11752.0,3313.0,Kilosa District Council,95.0
05,Morogoro,01,Kilosa,Halmashauri ya Wilaya ya Kilosa,083,Msowero,30647.0,7948.0,Kilosa District Council,95.0
05,Morogoro,01,Kilosa,Halmashauri ya Wilaya ya Kilosa,321,Kitete,13229.0,3408.0,Kilosa District Council,95.0
05,Morogoro,01,Kilosa,Halmashauri ya Wilaya ya Kilosa,363,Mbigiri,13671.0,3906.0,Kilosa District Council,95.0
05,Morogoro,01,Kilosa,Halmashauri ya Wilaya ya Kilosa,381,Mtumbatu,24369.0,5159.0,Kilosa District Council,95.0
05,Morogoro,01,Kilosa,Halmashauri ya Wilaya ya Kilosa,391,Mvumi,23895.0,6241.0,Kilosa District Council,95.0
05,Morogoro,01,Kilosa,Halmashauri ya Wilaya ya Kilosa,091,Rudewa,26169.0,7078.0,Kilosa District Council,95.0
05,Morogoro,01,Kilosa,Halmashauri ya Wilaya ya Kilosa,103,Chanzuru,,,,
05,Morogoro,01,Kilosa,Halmashauri ya Wilaya ya Kilosa,112,"Kimamba ""A""",8025.0,2377.0,Kilosa District Council,95.0
05,Morogoro,01,Kilosa,Halmashauri ya Wilaya ya Kilosa,123,"Kimamba ""B""",7875.0,2221.0,Kilosa District Council,95.0
05,Morogoro,01,Kilosa,Halmashauri ya Wilaya ya Kilosa,311,Lumbiji,9300.0,1960.0,Kilosa District Council,95.0
05,Morogoro,01,Kilosa,Halmashauri ya Wilaya ya Kilosa,331,Madoto,3555.0,892.0,Kilosa District Council,95.0
05,Morogoro,01,Kilosa,Halmashauri ya Wilaya ya Kilosa,401,Parakuyo,6638.0,1358.0,Kilosa District Council,95.0
05,Morogoro,01,Kilosa,Halmashauri ya Wilaya ya Kilosa,132,Mbumi,,,,
05,Morogoro,01,Kilosa,Halmashauri ya Wilaya ya Kilosa,142,Mkwatani,,,,
05,Morogoro,01,Kilosa,Halmashauri ya Wilaya ya Kilosa,152,Magomeni,,,,
05,Morogoro,01,Kilosa,Halmashauri ya Wilaya ya Kilosa,162,Kasiki,,,,
05,Morogoro,01,Kilosa,Halmashauri ya Wilaya ya Kilosa,281,Lumuma,,,,
05,Morogoro,01,Kilosa,Halmashauri ya Wilaya ya Kilosa,301,Kidete,,,,
05,Morogoro,01,Kilosa,Halmashauri ya Wilaya ya Kilosa,261,Ulaya,,,,
05,Morogoro,01,Kilosa,Halmashauri ya Wilaya ya Kilosa,271,Zombo,,,,
05,Morogoro,01,Kilosa,Halmashauri ya Wilaya ya Kilosa,371,Mhenda,,,,
05,Morogoro,01,Kilosa,Halmashauri ya Wilaya ya Kilosa,171,Mabwerebwere,,,,
05,Morogoro,01,Kilosa,Halmashauri ya Wilaya ya Kilosa,181,Kilangali,,,,
05,Morogoro,01,Kilosa,Halmashauri ya Wilaya ya Kilosa,291,Masanze,,,,
05,Morogoro,01,Kilosa,Halmashauri ya Wilaya ya Kilosa,341,Tindiga,,,,
05,Morogoro,01,Kilosa,Halmashauri ya Wilaya ya Kilosa,193,Mikumi,,,,
05,Morogoro,01,Kilosa,Halmashauri ya Wilaya ya Kilosa,201,Ruhembe,,,,
05,Morogoro,01,Kilosa,Halmashauri ya Wilaya ya Kilosa,213,Kidodi,,,,
05,Morogoro,01,Kilosa,Halmashauri ya Wilaya ya Kilosa,221,Vidunda,,,,
05,Morogoro,01,Kilosa,Halmashauri ya Wilaya ya Kilosa,231,Malolo,,,,
05,Morogoro,01,Kilosa,Halmashauri ya Wilaya ya Kilosa,243,Kisanga,,,,
05,Morogoro,01,Kilosa,Halmashauri ya Wilaya ya Kilosa,251,Uleling'ombe,,,,
05,Morogoro,01,Kilosa,Halmashauri ya Wilaya ya Kilosa,353,Ruaha,,,,
05,Morogoro,02,Morogoro,Halmashauri ya Wilaya ya Morogoro,101,Mkambalani,18388.0,5267.0,Morogoro District Council,96.0
05,Morogoro,02,Morogoro,Halmashauri ya Wilaya ya Morogoro,113,Mikese,23637.0,6310.0,Morogoro District Council,96.0
05,Morogoro,02,Morogoro,Halmashauri ya Wilaya ya Morogoro,271,Gwata,9798.0,2429.0,Morogoro District Council,96.0
05,Morogoro,02,Morogoro,Halmashauri ya Wilaya ya Morogoro,121,Kidugalo,8939.0,2543.0,Morogoro District Council,96.0
05,Morogoro,02,Morogoro,Halmashauri ya Wilaya ya Morogoro,131,Mkulazi,6617.0,1547.0,Morogoro District Council,96.0
05,Morogoro,02,Morogoro,Halmashauri ya Wilaya ya Morogoro,143,Ngerengere,15509.0,4394.0,Morogoro District Council,96.0
05,Morogoro,02,Morogoro,Halmashauri ya Wilaya ya Morogoro,151,Tununguo,11924.0,3180.0,Morogoro District Council,96.0
05,Morogoro,02,Morogoro,Halmashauri ya Wilaya ya Morogoro,261,Matuli,8265.0,2090.0,Morogoro District Council,96.0
05,Morogoro,02,Morogoro,Halmashauri ya Wilaya ya Morogoro,161,Kinole,13356.0,3559.0,Morogoro District Council,96.0
05,Morogoro,02,Morogoro,Halmashauri ya Wilaya ya Morogoro,171,Kiroka,14307.0,4154.0,Morogoro District Council,96.0
05,Morogoro,02,Morogoro,Halmashauri ya Wilaya ya Morogoro,181,Mkuyuni,14341.0,3817.0,Morogoro District Council,96.0
05,Morogoro,02,Morogoro,Halmashauri ya Wilaya ya Morogoro,191,Tegetero,8528.0,2013.0,Morogoro District Council,96.0
05,Morogoro,02,Morogoro,Halmashauri ya Wilaya ya Morogoro,301,Kibuko,6485.0,1723.0,Morogoro District Council,96.0
05,Morogoro,02,Morogoro,Halmashauri ya Wilaya ya Morogoro,311,Tomondo,11503.0,3121.0,Morogoro District Council,96.0
05,Morogoro,02,Morogoro,Halmashauri ya Wilaya ya Morogoro,201,Kibogwa,10929.0,2624.0,Morogoro District Council,96.0
05,Morogoro,02,Morogoro,Halmashauri ya Wilaya ya Morogoro,211,Kibungo Juu,,,,
05,Morogoro,02,Morogoro,Halmashauri ya Wilaya ya Morogoro,223,Kisemu,10317.0,2939.0,Morogoro District Council,96.0
05,Morogoro,02,Morogoro,Halmashauri ya Wilaya ya Morogoro,231,Lundi,10773.0,3005.0,Morogoro District Council,96.0
05,Morogoro,02,Morogoro,Halmashauri ya Wilaya ya Morogoro,241,Mtombozi,10247.0,2539.0,Morogoro District Council,96.0
05,Morogoro,02,Morogoro,Halmashauri ya Wilaya ya Morogoro,251,Tawa,12166.0,3320.0,Morogoro District Council,96.0
05,Morogoro,02,Morogoro,Halmashauri ya Wilaya ya Morogoro,281,Konde,7146.0,1933.0,Morogoro District Council,96.0
05,Morogoro,02,Morogoro,Halmashauri ya Wilaya ya Morogoro,011,Kasanga,7364.0,1717.0,Morogoro District Council,96.0
05,Morogoro,02,Morogoro,Halmashauri ya Wilaya ya Morogoro,021,Kolero,10360.0,2769.0,Morogoro District Council,96.0
05,Morogoro,02,Morogoro,Halmashauri ya Wilaya ya Morogoro,033,Mvuha,21478.0,5196.0,Morogoro District Council,96.0
05,Morogoro,02,Morogoro,Halmashauri ya Wilaya ya Morogoro,041,Selembala,8802.0,2013.0,Morogoro District Council,96.0
05,Morogoro,02,Morogoro,Halmashauri ya Wilaya ya Morogoro,291,Bungu,4536.0,1211.0,Morogoro District Council,96.0
05,Morogoro,02,Morogoro,Halmashauri ya Wilaya ya Morogoro,053,Bwakira Chini,31419.0,7674.0,Morogoro District Council,96.0
05,Morogoro,02,Morogoro,Halmashauri ya Wilaya ya Morogoro,061,Bwakira Juu,6776.0,1591.0,Morogoro District Council,96.0
05,Morogoro,02,Morogoro,Halmashauri ya Wilaya ya Morogoro,073,Kisaki,28414.0,7914.0,Morogoro District Council,96.0
05,Morogoro,02,Morogoro,Halmashauri ya Wilaya ya Morogoro,083,Mngazi,13708.0,3914.0,Morogoro District Council,96.0
05,Morogoro,02,Morogoro,Halmashauri ya Wilaya ya Morogoro,091,Singisa,14812.0,3765.0,Morogoro District Council,96.0
05,Morogoro,02,Morogoro,Halmashauri ya Manispaa ya Morogoro,012,Sabasaba,1764.0,492.0,Morogoro Municipal Council,97.0
05,Morogoro,02,Morogoro,Halmashauri ya Manispaa ya Morogoro,022,Uwanja wa Taifa,7476.0,2495.0,Morogoro Municipal Council,97.0
05,Morogoro,02,Morogoro,Halmashauri ya Manispaa ya Morogoro,032,Kiwanja cha Ndege,12328.0,4211.0,Morogoro Municipal Council,97.0
05,Morogoro,02,Morogoro,Halmashauri ya Manispaa ya Morogoro,042,Mji Mpya,7032.0,2314.0,Morogoro Municipal Council,97.0
05,Morogoro,02,Morogoro,Halmashauri ya Manispaa ya Morogoro,052,Kingo,2131.0,652.0,Morogoro Municipal Council,97.0
05,Morogoro,02,Morogoro,Halmashauri ya Manispaa ya Morogoro,062,Mji Mkuu,3626.0,1117.0,Morogoro Municipal Council,97.0
05,Morogoro,02,Morogoro,Halmashauri ya Manispaa ya Morogoro,072,Sultan Area,2382.0,732.0,Morogoro Municipal Council,97.0
05,Morogoro,02,Morogoro,Halmashauri ya Manispaa ya Morogoro,082,Mafiga,12666.0,4371.0,Morogoro Municipal Council,97.0
05,Morogoro,02,Morogoro,Halmashauri ya Manispaa ya Morogoro,092,Mazimbu,19499.0,6101.0,Morogoro Municipal Council,97.0
05,Morogoro,02,Morogoro,Halmashauri ya Manispaa ya Morogoro,102,Mwembesongo,28328.0,8757.0,Morogoro Municipal Council,97.0
05,Morogoro,02,Morogoro,Halmashauri ya Manispaa ya Morogoro,112,Kichangani,24184.0,7107.0,Morogoro Municipal Council,97.0
05,Morogoro,02,Morogoro,Halmashauri ya Manispaa ya Morogoro,122,Kilakala,21758.0,6124.0,Morogoro Municipal Council,97.0
05,Morogoro,02,Morogoro,Halmashauri ya Manispaa ya Morogoro,132,Boma,8183.0,2033.0,Morogoro Municipal Council,97.0
05,Morogoro,02,Morogoro,Halmashauri ya Manispaa ya Morogoro,142,Mlimani,5761.0,1642.0,Morogoro Municipal Council,97.0
05,Morogoro,02,Morogoro,Halmashauri ya Manispaa ya Morogoro,152,Mbuyuni,4893.0,1570.0,Morogoro Municipal Council,97.0
05,Morogoro,02,Morogoro,Halmashauri ya Manispaa ya Morogoro,162,Kingolwira,15823.0,4547.0,Morogoro Municipal Council,97.0
05,Morogoro,02,Morogoro,Halmashauri ya Manispaa ya Morogoro,172,Bigwa,16623.0,4345.0,Morogoro Municipal Council,97.0
05,Morogoro,02,Morogoro,Halmashauri ya Manispaa ya Morogoro,182,Mzinga,1588.0,529.0,Morogoro Municipal Council,97.0
05,Morogoro,02,Morogoro,Halmashauri ya Manispaa ya Morogoro,192,Kihonda,35579.0,9412.0,Morogoro Municipal Council,97.0
05,Morogoro,02,Morogoro,Halmashauri ya Manispaa ya Morogoro,202,Kauzeni,3225.0,1005.0,Morogoro Municipal Council,97.0
05,Morogoro,02,Morogoro,Halmashauri ya Manispaa ya Morogoro,212,Luhungo,3170.0,930.0,Morogoro Municipal Council,97.0
05,Morogoro,02,Morogoro,Halmashauri ya Manispaa ya Morogoro,222,Magadu,5989.0,1645.0,Morogoro Municipal Council,97.0
05,Morogoro,02,Morogoro,Halmashauri ya Manispaa ya Morogoro,232,Mindu,22447.0,5792.0,Morogoro Municipal Council,97.0
05,Morogoro,02,Morogoro,Halmashauri ya Manispaa ya Morogoro,242,Chamwino,28779.0,8380.0,Morogoro Municipal Council,97.0
05,Morogoro,02,Morogoro,Halmashauri ya Manispaa ya Morogoro,252,Lukobe,56574.0,14208.0,Morogoro Municipal Council,97.0
05,Morogoro,02,Morogoro,Halmashauri ya Manispaa ya Morogoro,262,Mkundi,37713.0,9876.0,Morogoro Municipal Council,97.0
05,Morogoro,02,Morogoro,Halmashauri ya Manispaa ya Morogoro,272,Kihonda Maghorofani,24887.0,7164.0,Morogoro Municipal Council,97.0
05,Morogoro,02,Morogoro,Halmashauri ya Manispaa ya Morogoro,282,Mafisa,25171.0,7280.0,Morogoro Municipal Council,97.0
05,Morogoro,02,Morogoro,Halmashauri ya Manispaa ya Morogoro,292,Tungi,31830.0,8978.0,Morogoro Municipal Council,97.0
05,Morogoro,03,Kilombero,Halmashauri ya Wilaya ya Mlimba,011,Uchindile,3151.0,806.0,Mlimba District Council,98.0
05,Morogoro,03,Kilombero,Halmashauri ya Wilaya ya Mlimba,021,Masagati,11092.0,2925.0,Mlimba District Council,98.0
05,Morogoro,03,Kilombero,Halmashauri ya Wilaya ya Mlimba,031,Utengule,20307.0,4567.0,Mlimba District Council,98.0
05,Morogoro,03,Kilombero,Halmashauri ya Wilaya ya Mlimba,041,Kamwene,18169.0,5164.0,Mlimba District Council,98.0
05,Morogoro,03,Kilombero,Halmashauri ya Wilaya ya Mlimba,053,Mlimba,23984.0,6929.0,Mlimba District Council,98.0
05,Morogoro,03,Kilombero,Halmashauri ya Wilaya ya Mlimba,061,Kalengakelu,14411.0,3810.0,Mlimba District Council,98.0
05,Morogoro,03,Kilombero,Halmashauri ya Wilaya ya Mlimba,071,Chisano,10418.0,2715.0,Mlimba District Council,98.0
05,Morogoro,03,Kilombero,Halmashauri ya Wilaya ya Mlimba,081,Ching'anda,13527.0,3911.0,Mlimba District Council,98.0
05,Morogoro,03,Kilombero,Halmashauri ya Wilaya ya Mlimba,093,Chita,27858.0,6486.0,Mlimba District Council,98.0
05,Morogoro,03,Kilombero,Halmashauri ya Wilaya ya Mlimba,103,Mngeta,32409.0,8898.0,Mlimba District Council,98.0
05,Morogoro,03,Kilombero,Halmashauri ya Wilaya ya Mlimba,113,Mchombe,29875.0,8060.0,Mlimba District Council,98.0
05,Morogoro,03,Kilombero,Halmashauri ya Wilaya ya Mlimba,123,Igima,22336.0,6133.0,Mlimba District Council,98.0
05,Morogoro,03,Kilombero,Halmashauri ya Wilaya ya Mlimba,133,Mbingu,15180.0,4118.0,Mlimba District Council,98.0
05,Morogoro,03,Kilombero,Halmashauri ya Wilaya ya Mlimba,143,Mofu,18911.0,3872.0,Mlimba District Council,98.0
05,Morogoro,03,Kilombero,Halmashauri ya Wilaya ya Mlimba,151,Namwawala,19167.0,4736.0,Mlimba District Council,98.0
05,Morogoro,03,Kilombero,Halmashauri ya Wilaya ya Mlimba,161,Idete,11741.0,3160.0,Mlimba District Council,98.0
05,Morogoro,03,Kilombero,Halmashauri ya Mji Ifakara,013,Kidatu,27463.0,7699.0,Ifakara Town Council,99.0
05,Morogoro,03,Kilombero,Halmashauri ya Mji Ifakara,021,Msolwa Station,9169.0,2677.0,Ifakara Town Council,99.0
05,Morogoro,03,Kilombero,Halmashauri ya Mji Ifakara,031,Sanje,12777.0,3759.0,Ifakara Town Council,99.0
05,Morogoro,03,Kilombero,Halmashauri ya Mji Ifakara,041,Mkula,10330.0,2946.0,Ifakara Town Council,99.0
05,Morogoro,03,Kilombero,Halmashauri ya Mji Ifakara,053,Mang'ula,6144.0,1785.0,Ifakara Town Council,99.0
05,Morogoro,03,Kilombero,Halmashauri ya Mji Ifakara,063,Mang'ula 'B',8642.0,2500.0,Ifakara Town Council,99.0
05,Morogoro,03,Kilombero,Halmashauri ya Mji Ifakara,073,Mwaya,28331.0,8165.0,Ifakara Town Council,99.0
05,Morogoro,03,Kilombero,Halmashauri ya Mji Ifakara,083,Kisawasawa,9250.0,2632.0,Ifakara Town Council,99.0
05,Morogoro,03,Kilombero,Halmashauri ya Mji Ifakara,092,Kiberege,17325.0,5089.0,Ifakara Town Council,99.0
05,Morogoro,03,Kilombero,Halmashauri ya Mji Ifakara,103,Signal,11351.0,3222.0,Ifakara Town Council,99.0
05,Morogoro,03,Kilombero,Halmashauri ya Mji Ifakara,113,Kibaoni,29550.0,8022.0,Ifakara Town Council,99.0
05,Morogoro,03,Kilombero,Halmashauri ya Mji Ifakara,122,Mbasa,19674.0,5169.0,Ifakara Town Council,99.0
05,Morogoro,03,Kilombero,Halmashauri ya Mji Ifakara,132,Katindiuka,7365.0,2015.0,Ifakara Town Council,99.0
05,Morogoro,03,Kilombero,Halmashauri ya Mji Ifakara,143,Michenga,9945.0,2814.0,Ifakara Town Council,99.0
05,Morogoro,03,Kilombero,Halmashauri ya Mji Ifakara,153,Lumemo,16893.0,4685.0,Ifakara Town Council,99.0
05,Morogoro,03,Kilombero,Halmashauri ya Mji Ifakara,162,Ifakara,13367.0,4057.0,Ifakara Town Council,99.0
05,Morogoro,03,Kilombero,Halmashauri ya Mji Ifakara,172,Lipangalala,14387.0,3912.0,Ifakara Town Council,99.0
05,Morogoro,03,Kilombero,Halmashauri ya Mji Ifakara,182,Mlabani,15706.0,4455.0,Ifakara Town Council,99.0
05,Morogoro,03,Kilombero,Halmashauri ya Mji Ifakara,192,Viwanja Sitini,22755.0,6727.0,Ifakara Town Council,99.0
05,Morogoro,04,Ulanga,Halmashauri ya Wilaya ya Ulanga,081,Ruaha,9319.0,2535.0,Ulanga District Council,100.0
05,Morogoro,04,Ulanga,Halmashauri ya Wilaya ya Ulanga,091,Chilombora,,,,
05,Morogoro,04,Ulanga,Halmashauri ya Wilaya ya Ulanga,101,Sali,4663.0,1118.0,Ulanga District Council,100.0
05,Morogoro,04,Ulanga,Halmashauri ya Wilaya ya Ulanga,111,Euga,4646.0,1232.0,Ulanga District Council,100.0
05,Morogoro,04,Ulanga,Halmashauri ya Wilaya ya Ulanga,123,Mwaya,11617.0,3196.0,Ulanga District Council,100.0
05,Morogoro,04,Ulanga,Halmashauri ya Wilaya ya Ulanga,131,Lukande,8075.0,1674.0,Ulanga District Council,100.0
05,Morogoro,04,Ulanga,Halmashauri ya Wilaya ya Ulanga,141,Mbuga,17086.0,3740.0,Ulanga District Council,100.0
05,Morogoro,04,Ulanga,Halmashauri ya Wilaya ya Ulanga,151,Ilonga,6216.0,1453.0,Ulanga District Council,100.0
05,Morogoro,04,Ulanga,Halmashauri ya Wilaya ya Ulanga,171,Ketaketa,10290.0,2637.0,Ulanga District Council,100.0
05,Morogoro,04,Ulanga,Halmashauri ya Wilaya ya Ulanga,041,Msogezi,10906.0,2329.0,Ulanga District Council,100.0
05,Morogoro,04,Ulanga,Halmashauri ya Wilaya ya Ulanga,053,Vigoi,7448.0,1934.0,Ulanga District Council,100.0
05,Morogoro,04,Ulanga,Halmashauri ya Wilaya ya Ulanga,062,Mahenge,,,,
05,Morogoro,04,Ulanga,Halmashauri ya Wilaya ya Ulanga,071,Isongo,4474.0,1227.0,Ulanga District Council,100.0
05,Morogoro,04,Ulanga,Halmashauri ya Wilaya ya Ulanga,181,Uponera,5014.0,1346.0,Ulanga District Council,100.0
05,Morogoro,04,Ulanga,Halmashauri ya Wilaya ya Ulanga,191,Mawasiliano,4076.0,1244.0,Ulanga District Council,100.0
05,Morogoro,04,Ulanga,Halmashauri ya Wilaya ya Ulanga,211,Nawenge,6601.0,1554.0,Ulanga District Council,100.0
05,Morogoro,04,Ulanga,Halmashauri ya Wilaya ya Ulanga,011,Minepa,24360.0,5353.0,Ulanga District Council,100.0
05,Morogoro,04,Ulanga,Halmashauri ya Wilaya ya Ulanga,023,Lupiro,22684.0,5646.0,Ulanga District Council,100.0
05,Morogoro,04,Ulanga,Halmashauri ya Wilaya ya Ulanga,031,Kichangani,10953.0,2550.0,Ulanga District Council,100.0
05,Morogoro,04,Ulanga,Halmashauri ya Wilaya ya Ulanga,161,Iragua,31787.0,5679.0,Ulanga District Council,100.0
05,Morogoro,04,Ulanga,Halmashauri ya Wilaya ya Ulanga,201,Milola,17981.0,4183.0,Ulanga District Council,100.0
05,Morogoro,05,Malinyi,Halmashauri ya Wilaya ya Malinyi,011,Kilosa Mpepo,15956.0,3650.0,Malinyi District Council,101.0
05,Morogoro,05,Malinyi,Halmashauri ya Wilaya ya Malinyi,021,Ngoheranga,19996.0,3868.0,Malinyi District Council,101.0
05,Morogoro,05,Malinyi,Halmashauri ya Wilaya ya Malinyi,031,Biro,18301.0,3408.0,Malinyi District Council,101.0
05,Morogoro,05,Malinyi,Halmashauri ya Wilaya ya Malinyi,041,Igawa,19236.0,4503.0,Malinyi District Council,101.0
05,Morogoro,05,Malinyi,Halmashauri ya Wilaya ya Malinyi,053,Malinyi,38714.0,9465.0,Malinyi District Council,101.0
05,Morogoro,05,Malinyi,Halmashauri ya Wilaya ya Malinyi,061,Sofi,26090.0,5300.0,Malinyi District Council,101.0
05,Morogoro,05,Malinyi,Halmashauri ya Wilaya ya Malinyi,071,Usangule,24592.0,4861.0,Malinyi District Council,101.0
05,Morogoro,05,Malinyi,Halmashauri ya Wilaya ya Malinyi,083,Mtimbira,22533.0,5416.0,Malinyi District Council,101.0
05,Morogoro,05,Malinyi,Halmashauri ya Wilaya ya Malinyi,091,Itete,21196.0,5507.0,Malinyi District Council,101.0
05,Morogoro,05,Malinyi,Halmashauri ya Wilaya ya Malinyi,101,Njiwa,18512.0,3788.0,Malinyi District Council,101.0
05,Morogoro,06,Mvomero,Halmashauri ya Wilaya ya Mvomero,101,Bunduki,6464.0,1725.0,Mvomero District Council,102.0
05,Morogoro,06,Mvomero,Halmashauri ya Wilaya ya Mvomero,111,Kikeo,8226.0,2036.0,Mvomero District Council,102.0
05,Morogoro,06,Mvomero,Halmashauri ya Wilaya ya Mvomero,123,Langali,4522.0,1245.0,Mvomero District Council,102.0
05,Morogoro,06,Mvomero,Halmashauri ya Wilaya ya Mvomero,131,Tchenzema,3964.0,1092.0,Mvomero District Council,102.0
05,Morogoro,06,Mvomero,Halmashauri ya Wilaya ya Mvomero,221,Luale,7316.0,1787.0,Mvomero District Council,102.0
05,Morogoro,06,Mvomero,Halmashauri ya Wilaya ya Mvomero,251,Mgeta,3789.0,941.0,Mvomero District Council,102.0
05,Morogoro,06,Mvomero,Halmashauri ya Wilaya ya Mvomero,291,Nyandira,7801.0,1973.0,Mvomero District Council,102.0
05,Morogoro,06,Mvomero,Halmashauri ya Wilaya ya Mvomero,143,Mzumbe,19677.0,5777.0,Mvomero District Council,102.0
05,Morogoro,06,Mvomero,Halmashauri ya Wilaya ya Mvomero,153,Mlali,23384.0,6443.0,Mvomero District Council,102.0
05,Morogoro,06,Mvomero,Halmashauri ya Wilaya ya Mvomero,161,Doma,14358.0,4047.0,Mvomero District Council,102.0
05,Morogoro,06,Mvomero,Halmashauri ya Wilaya ya Mvomero,171,Melela,8920.0,2549.0,Mvomero District Council,102.0
05,Morogoro,06,Mvomero,Halmashauri ya Wilaya ya Mvomero,191,Homboza,8355.0,2165.0,Mvomero District Council,102.0
05,Morogoro,06,Mvomero,Halmashauri ya Wilaya ya Mvomero,231,Lubungo,8488.0,2358.0,Mvomero District Council,102.0
05,Morogoro,06,Mvomero,Halmashauri ya Wilaya ya Mvomero,241,Mangae,8795.0,2002.0,Mvomero District Council,102.0
05,Morogoro,06,Mvomero,Halmashauri ya Wilaya ya Mvomero,271,Msongozi,5155.0,1378.0,Mvomero District Council,102.0
05,Morogoro,06,Mvomero,Halmashauri ya Wilaya ya Mvomero,013,Mvomero,25654.0,6897.0,Mvomero District Council,102.0
05,Morogoro,06,Mvomero,Halmashauri ya Wilaya ya Mvomero,021,Hembeti,11332.0,3041.0,Mvomero District Council,102.0
05,Morogoro,06,Mvomero,Halmashauri ya Wilaya ya Mvomero,031,Maskati,9982.0,2220.0,Mvomero District Council,102.0
05,Morogoro,06,Mvomero,Halmashauri ya Wilaya ya Mvomero,041,Kibati,18379.0,4460.0,Mvomero District Council,102.0
05,Morogoro,06,Mvomero,Halmashauri ya Wilaya ya Mvomero,183,Dakawa,34810.0,9688.0,Mvomero District Council,102.0
05,Morogoro,06,Mvomero,Halmashauri ya Wilaya ya Mvomero,201,Kinda,8313.0,2010.0,Mvomero District Council,102.0
05,Morogoro,06,Mvomero,Halmashauri ya Wilaya ya Mvomero,261,Mkindo,15523.0,3898.0,Mvomero District Council,102.0
05,Morogoro,06,Mvomero,Halmashauri ya Wilaya ya Mvomero,301,Pemba,14840.0,3547.0,Mvomero District Council,102.0
05,Morogoro,06,Mvomero,Halmashauri ya Wilaya ya Mvomero,051,Sungaji,18450.0,4931.0,Mvomero District Council,102.0
05,Morogoro,06,Mvomero,Halmashauri ya Wilaya ya Mvomero,063,Mhonda,19278.0,5143.0,Mvomero District Council,102.0
05,Morogoro,06,Mvomero,Halmashauri ya Wilaya ya Mvomero,071,Diongoya,31421.0,8342.0,Mvomero District Council,102.0
05,Morogoro,06,Mvomero,Halmashauri ya Wilaya ya Mvomero,083,Mtibwa,38287.0,10522.0,Mvomero District Council,102.0
05,Morogoro,06,Mvomero,Halmashauri ya Wilaya ya Mvomero,091,Kanga,15757.0,4166.0,Mvomero District Council,102.0
05,Morogoro,06,Mvomero,Halmashauri ya Wilaya ya Mvomero,211,Kweuma,5911.0,1544.0,Mvomero District Council,102.0
05,Morogoro,06,Mvomero,Halmashauri ya Wilaya ya Mvomero,281,Mziha,14590.0,3013.0,Mvomero District Council,102.0
05,Morogoro,07,Gairo,Halmashauri ya Wilaya ya Gairo,011,Chakwale,9744.0,2092.0,Gairo District Council,103.0
05,Morogoro,07,Gairo,Halmashauri ya Wilaya ya Gairo,021,Iyogwe,14528.0,3266.0,Gairo District Council,103.0
05,Morogoro,07,Gairo,Halmashauri ya Wilaya ya Gairo,031,Idibo,12684.0,2761.0,Gairo District Council,103.0
05,Morogoro,07,Gairo,Halmashauri ya Wilaya ya Gairo,041,Kibedya,13082.0,2684.0,Gairo District Council,103.0
05,Morogoro,07,Gairo,Halmashauri ya Wilaya ya Gairo,052,Msingisi,10231.0,2107.0,Gairo District Council,103.0
05,Morogoro,07,Gairo,Halmashauri ya Wilaya ya Gairo,062,Gairo,12295.0,2906.0,Gairo District Council,103.0
05,Morogoro,07,Gairo,Halmashauri ya Wilaya ya Gairo,071,Rubeho,29034.0,5693.0,Gairo District Council,103.0
05,Morogoro,07,Gairo,Halmashauri ya Wilaya ya Gairo,121,Italagwe,15979.0,3506.0,Gairo District Council,103.0
05,Morogoro,07,Gairo,Halmashauri ya Wilaya ya Gairo,131,Chigela,10065.0,2159.0,Gairo District Council,103.0
05,Morogoro,07,Gairo,Halmashauri ya Wilaya ya Gairo,141,Leshata,21804.0,3799.0,Gairo District Council,103.0
05,Morogoro,07,Gairo,Halmashauri ya Wilaya ya Gairo,151,Madege,12765.0,2469.0,Gairo District Council,103.0
05,Morogoro,07,Gairo,Halmashauri ya Wilaya ya Gairo,162,Magoweko,19823.0,4992.0,Gairo District Council,103.0
05,Morogoro,07,Gairo,Halmashauri ya Wilaya ya Gairo,173,Mkalama,12532.0,2415.0,Gairo District Council,103.0
05,Morogoro,07,Gairo,Halmashauri ya Wilaya ya Gairo,182,Ukwamani,12901.0,2820.0,Gairo District Council,103.0
05,Morogoro,07,Gairo,Halmashauri ya Wilaya ya Gairo,081,Mandege,9625.0,1850.0,Gairo District Council,103.0
05,Morogoro,07,Gairo,Halmashauri ya Wilaya ya Gairo,091,Chagongwe,14391.0,2793.0,Gairo District Council,103.0
05,Morogoro,07,Gairo,Halmashauri ya Wilaya ya Gairo,101,Chanjale,13952.0,3017.0,Gairo District Council,103.0
05,Morogoro,07,Gairo,Halmashauri ya Wilaya ya Gairo,111,Nongwe,12770.0,2489.0,Gairo District Council,103.0
06,Pwani,01,Bagamoyo,Halmashauri ya Wilaya ya Bagamoyo,023,Makurunge,11820.0,3632.0,Bagamoyo District Council,105.0
06,Pwani,01,Bagamoyo,Halmashauri ya Wilaya ya Bagamoyo,043,Magomeni,16530.0,4665.0,Bagamoyo District Council,105.0
06,Pwani,01,Bagamoyo,Halmashauri ya Wilaya ya Bagamoyo,053,Kisutu,7772.0,2114.0,Bagamoyo District Council,105.0
06,Pwani,01,Bagamoyo,Halmashauri ya Wilaya ya Bagamoyo,063,Nianjema,25260.0,6814.0,Bagamoyo District Council,105.0
06,Pwani,01,Bagamoyo,Halmashauri ya Wilaya ya Bagamoyo,073,Dunda,16587.0,4778.0,Bagamoyo District Council,105.0
06,Pwani,01,Bagamoyo,Halmashauri ya Wilaya ya Bagamoyo,011,Fukayosi,17011.0,4888.0,Bagamoyo District Council,105.0
06,Pwani,01,Bagamoyo,Halmashauri ya Wilaya ya Bagamoyo,031,Yombo,11102.0,3210.0,Bagamoyo District Council,105.0
06,Pwani,01,Bagamoyo,Halmashauri ya Wilaya ya Bagamoyo,083,Kiromo,14454.0,4259.0,Bagamoyo District Council,105.0
06,Pwani,01,Bagamoyo,Halmashauri ya Wilaya ya Bagamoyo,093,Zinga,22585.0,6398.0,Bagamoyo District Council,105.0
06,Pwani,01,Bagamoyo,Halmashauri ya Wilaya ya Bagamoyo,103,Kerege,19814.0,5570.0,Bagamoyo District Council,105.0
06,Pwani,01,Bagamoyo,Halmashauri ya Wilaya ya Bagamoyo,113,Mapinga,42543.0,12032.0,Bagamoyo District Council,105.0
06,Pwani,01,Bagamoyo,Halmashauri ya Wilaya ya Chalinze,091,Mkange,,,,
06,Pwani,01,Bagamoyo,Halmashauri ya Wilaya ya Chalinze,103,Miono,22096.0,5403.0,Chalinze District Council,106.0
06,Pwani,01,Bagamoyo,Halmashauri ya Wilaya ya Chalinze,121,Mandera,10933.0,2904.0,Chalinze District Council,106.0
06,Pwani,01,Bagamoyo,Halmashauri ya Wilaya ya Chalinze,083,Kiwangwa,25997.0,7207.0,Chalinze District Council,106.0
06,Pwani,01,Bagamoyo,Halmashauri ya Wilaya ya Chalinze,113,Msata,24088.0,5945.0,Chalinze District Council,106.0
06,Pwani,01,Bagamoyo,Halmashauri ya Wilaya ya Chalinze,131,Kimange,11167.0,2800.0,Chalinze District Council,106.0
06,Pwani,01,Bagamoyo,Halmashauri ya Wilaya ya Chalinze,143,Mbwewe,20114.0,5224.0,Chalinze District Council,106.0
06,Pwani,01,Bagamoyo,Halmashauri ya Wilaya ya Chalinze,151,Kibindu,26588.0,6404.0,Chalinze District Council,106.0
06,Pwani,01,Bagamoyo,Halmashauri ya Wilaya ya Chalinze,023,Lugoba,17192.0,4782.0,Chalinze District Council,106.0
06,Pwani,01,Bagamoyo,Halmashauri ya Wilaya ya Chalinze,033,Msoga,14256.0,3835.0,Chalinze District Council,106.0
06,Pwani,01,Bagamoyo,Halmashauri ya Wilaya ya Chalinze,071,Talawanda,10141.0,2542.0,Chalinze District Council,106.0
06,Pwani,01,Bagamoyo,Halmashauri ya Wilaya ya Chalinze,011,Ubenazomozi,18483.0,4970.0,Chalinze District Council,106.0
06,Pwani,01,Bagamoyo,Halmashauri ya Wilaya ya Chalinze,043,Bwilingu,58071.0,16338.0,Chalinze District Council,106.0
06,Pwani,01,Bagamoyo,Halmashauri ya Wilaya ya Chalinze,053,Pera,13040.0,3720.0,Chalinze District Council,106.0
06,Pwani,01,Bagamoyo,Halmashauri ya Wilaya ya Chalinze,063,Vigwaza,29442.0,8111.0,Chalinze District Council,106.0
06,Pwani,02,Kibaha,Halmashauri ya Wilaya ya Kibaha,011,Gwata,5821.0,1576.0,Kibaha District Council,107.0
06,Pwani,02,Kibaha,Halmashauri ya Wilaya ya Kibaha,021,Dutumi,6544.0,1547.0,Kibaha District Council,107.0
06,Pwani,02,Kibaha,Halmashauri ya Wilaya ya Kibaha,031,Magindu,6785.0,1788.0,Kibaha District Council,107.0
06,Pwani,02,Kibaha,Halmashauri ya Wilaya ya Kibaha,041,Soga,10283.0,3276.0,Kibaha District Council,107.0
06,Pwani,02,Kibaha,Halmashauri ya Wilaya ya Kibaha,061,Ruvu,4111.0,1337.0,Kibaha District Council,107.0
06,Pwani,02,Kibaha,Halmashauri ya Wilaya ya Kibaha,081,Kwala,6066.0,1580.0,Kibaha District Council,107.0
06,Pwani,02,Kibaha,Halmashauri ya Wilaya ya Kibaha,051,Kikongo,6463.0,1925.0,Kibaha District Council,107.0
06,Pwani,02,Kibaha,Halmashauri ya Wilaya ya Kibaha,073,Mlandizi,13333.0,3986.0,Kibaha District Council,107.0
06,Pwani,02,Kibaha,Halmashauri ya Wilaya ya Kibaha,093,Kilangalanga,9984.0,2819.0,Kibaha District Council,107.0
06,Pwani,02,Kibaha,Halmashauri ya Wilaya ya Kibaha,103,Janga,15524.0,4639.0,Kibaha District Council,107.0
06,Pwani,02,Kibaha,Halmashauri ya Wilaya ya Kibaha,111,Bokomnemela,6871.0,2129.0,Kibaha District Council,107.0
06,Pwani,02,Kibaha,Halmashauri ya Wilaya ya Kibaha,123,Mtambani,12427.0,2860.0,Kibaha District Council,107.0
06,Pwani,02,Kibaha,Halmashauri ya Wilaya ya Kibaha,133,Mtongani,13484.0,4014.0,Kibaha District Council,107.0
06,Pwani,02,Kibaha,Halmashauri ya Wilaya ya Kibaha,143,Kawawa,5671.0,1554.0,Kibaha District Council,107.0
06,Pwani,02,Kibaha,Halmashauri ya Mji wa Kibaha,012,Pangani,26061.0,6847.0,Kibaha Town Council,108.0
06,Pwani,02,Kibaha,Halmashauri ya Mji wa Kibaha,022,Mailimoja,22164.0,6097.0,Kibaha Town Council,108.0
06,Pwani,02,Kibaha,Halmashauri ya Mji wa Kibaha,032,Tumbi,15461.0,3830.0,Kibaha Town Council,108.0
06,Pwani,02,Kibaha,Halmashauri ya Mji wa Kibaha,042,Picha ya Ndege,24955.0,7175.0,Kibaha Town Council,108.0
06,Pwani,02,Kibaha,Halmashauri ya Mji wa Kibaha,052,Mkuza,31482.0,8585.0,Kibaha Town Council,108.0
06,Pwani,02,Kibaha,Halmashauri ya Mji wa Kibaha,062,Kibaha,23657.0,6529.0,Kibaha Town Council,108.0
06,Pwani,02,Kibaha,Halmashauri ya Mji wa Kibaha,072,Msangani,12139.0,2955.0,Kibaha Town Council,108.0
06,Pwani,02,Kibaha,Halmashauri ya Mji wa Kibaha,122,Tangini,20146.0,5791.0,Kibaha Town Council,108.0
06,Pwani,02,Kibaha,Halmashauri ya Mji wa Kibaha,132,Sofu,7719.0,2116.0,Kibaha Town Council,108.0
06,Pwani,02,Kibaha,Halmashauri ya Mji wa Kibaha,082,Kongowe,35625.0,9946.0,Kibaha Town Council,108.0
06,Pwani,02,Kibaha,Halmashauri ya Mji wa Kibaha,092,Misugusugu,14326.0,4226.0,Kibaha Town Council,108.0
06,Pwani,02,Kibaha,Halmashauri ya Mji wa Kibaha,102,Visiga,19751.0,5826.0,Kibaha Town Council,108.0
06,Pwani,02,Kibaha,Halmashauri ya Mji wa Kibaha,112,Mbwawa,5846.0,1791.0,Kibaha Town Council,108.0
06,Pwani,02,Kibaha,Halmashauri ya Mji wa Kibaha,142,Viziwaziwa,6028.0,1653.0,Kibaha Town Council,108.0
06,Pwani,03,Kisarawe,Halmashauri ya Wilaya ya Kisarawe,113,Mafizi,10042.0,2720.0,Kisarawe District Council,109.0
06,Pwani,03,Kisarawe,Halmashauri ya Wilaya ya Kisarawe,121,Kurui,4345.0,1237.0,Kisarawe District Council,109.0
06,Pwani,03,Kisarawe,Halmashauri ya Wilaya ya Kisarawe,131,Mzenga,7240.0,2325.0,Kisarawe District Council,109.0
06,Pwani,03,Kisarawe,Halmashauri ya Wilaya ya Kisarawe,141,Vihingo,5245.0,1492.0,Kisarawe District Council,109.0
06,Pwani,03,Kisarawe,Halmashauri ya Wilaya ya Kisarawe,013,Kisarawe,11506.0,3047.0,Kisarawe District Council,109.0
06,Pwani,03,Kisarawe,Halmashauri ya Wilaya ya Kisarawe,023,Msimbu,18705.0,5445.0,Kisarawe District Council,109.0
06,Pwani,03,Kisarawe,Halmashauri ya Wilaya ya Kisarawe,031,Masaki,10590.0,3212.0,Kisarawe District Council,109.0
06,Pwani,03,Kisarawe,Halmashauri ya Wilaya ya Kisarawe,041,Kibuta,12981.0,3713.0,Kisarawe District Council,109.0
06,Pwani,03,Kisarawe,Halmashauri ya Wilaya ya Kisarawe,153,Kiluvya,24308.0,6305.0,Kisarawe District Council,109.0
06,Pwani,03,Kisarawe,Halmashauri ya Wilaya ya Kisarawe,163,Kazimzumbwi,7663.0,2207.0,Kisarawe District Council,109.0
06,Pwani,03,Kisarawe,Halmashauri ya Wilaya ya Kisarawe,051,Marumbo,6815.0,2044.0,Kisarawe District Council,109.0
06,Pwani,03,Kisarawe,Halmashauri ya Wilaya ya Kisarawe,063,Maneromango,5203.0,1397.0,Kisarawe District Council,109.0
06,Pwani,03,Kisarawe,Halmashauri ya Wilaya ya Kisarawe,073,Msanga,7242.0,1945.0,Kisarawe District Council,109.0
06,Pwani,03,Kisarawe,Halmashauri ya Wilaya ya Kisarawe,171,Boga,5204.0,1403.0,Kisarawe District Council,109.0
06,Pwani,03,Kisarawe,Halmashauri ya Wilaya ya Kisarawe,081,Marui,7962.0,1878.0,Kisarawe District Council,109.0
06,Pwani,03,Kisarawe,Halmashauri ya Wilaya ya Kisarawe,091,Chole,9304.0,2517.0,Kisarawe District Council,109.0
06,Pwani,03,Kisarawe,Halmashauri ya Wilaya ya Kisarawe,101,Vikumbulu,,,,
06,Pwani,04,Mkuranga,Halmashauri ya Wilaya ya Mkuranga,013,Mkuranga,46867.0,13187.0,Mkuranga District Council,110.0
06,Pwani,04,Mkuranga,Halmashauri ya Wilaya ya Mkuranga,021,Tambani,60904.0,15207.0,Mkuranga District Council,110.0
06,Pwani,04,Mkuranga,Halmashauri ya Wilaya ya Mkuranga,033,Vikindu,118210.0,32788.0,Mkuranga District Council,110.0
06,Pwani,04,Mkuranga,Halmashauri ya Wilaya ya Mkuranga,163,Vianzi,23739.0,6639.0,Mkuranga District Council,110.0
06,Pwani,04,Mkuranga,Halmashauri ya Wilaya ya Mkuranga,181,Kiparang'anda,14153.0,3801.0,Mkuranga District Council,110.0
06,Pwani,04,Mkuranga,Halmashauri ya Wilaya ya Mkuranga,193,Mwandege,67866.0,18066.0,Mkuranga District Council,110.0
06,Pwani,04,Mkuranga,Halmashauri ya Wilaya ya Mkuranga,201,Mipeko,25167.0,6923.0,Mkuranga District Council,110.0
06,Pwani,04,Mkuranga,Halmashauri ya Wilaya ya Mkuranga,211,Tengelea,13649.0,3582.0,Mkuranga District Council,110.0
06,Pwani,04,Mkuranga,Halmashauri ya Wilaya ya Mkuranga,101,Nyamato,15111.0,3954.0,Mkuranga District Council,110.0
06,Pwani,04,Mkuranga,Halmashauri ya Wilaya ya Mkuranga,113,Kimanzichana,,,,
06,Pwani,04,Mkuranga,Halmashauri ya Wilaya ya Mkuranga,121,Mkamba,,,,
06,Pwani,04,Mkuranga,Halmashauri ya Wilaya ya Mkuranga,131,Panzuo,,,,
06,Pwani,04,Mkuranga,Halmashauri ya Wilaya ya Mkuranga,141,Bupu,,,,
06,Pwani,04,Mkuranga,Halmashauri ya Wilaya ya Mkuranga,153,Mwarusembe,,,,
06,Pwani,04,Mkuranga,Halmashauri ya Wilaya ya Mkuranga,221,Beta,,,,
06,Pwani,04,Mkuranga,Halmashauri ya Wilaya ya Mkuranga,041,Mbezi,,,,
06,Pwani,04,Mkuranga,Halmashauri ya Wilaya ya Mkuranga,051,Shungubweni,,,,
06,Pwani,04,Mkuranga,Halmashauri ya Wilaya ya Mkuranga,071,Magawa,,,,
06,Pwani,04,Mkuranga,Halmashauri ya Wilaya ya Mkuranga,081,Kitomondo,,,,
06,Pwani,04,Mkuranga,Halmashauri ya Wilaya ya Mkuranga,091,Lukanga,,,,
06,Pwani,04,Mkuranga,Halmashauri ya Wilaya ya Mkuranga,171,Njianne,,,,
06,Pwani,04,Mkuranga,Halmashauri ya Wilaya ya Mkuranga,241,Msonga,,,,
06,Pwani,04,Mkuranga,Halmashauri ya Wilaya ya Mkuranga,251,Dondo,,,,
06,Pwani,04,Mkuranga,Halmashauri ya Wilaya ya Mkuranga,231,Kisegese,,,,
06,Pwani,04,Mkuranga,Halmashauri ya Wilaya ya Mkuranga,061,Kisiju,,,,
06,Pwani,05,Rufiji,Halmashauri ya Wilaya ya Rufiji,043,Utete,6629.0,1708.0,Rufiji District Council,111.0
06,Pwani,05,Rufiji,Halmashauri ya Wilaya ya Rufiji,051,Mkongo,8543.0,2223.0,Rufiji District Council,111.0
06,Pwani,05,Rufiji,Halmashauri ya Wilaya ya Rufiji,061,Ngorongo,10044.0,2569.0,Rufiji District Council,111.0
06,Pwani,05,Rufiji,Halmashauri ya Wilaya ya Rufiji,071,Mwaseni,16784.0,2680.0,Rufiji District Council,111.0
06,Pwani,05,Rufiji,Halmashauri ya Wilaya ya Rufiji,081,Kipugira,8495.0,2134.0,Rufiji District Council,111.0
06,Pwani,05,Rufiji,Halmashauri ya Wilaya ya Rufiji,093,Chemchem,7747.0,2119.0,Rufiji District Council,111.0
06,Pwani,05,Rufiji,Halmashauri ya Wilaya ya Rufiji,101,Ngarambe,2311.0,656.0,Rufiji District Council,111.0
06,Pwani,05,Rufiji,Halmashauri ya Wilaya ya Rufiji,013,Ikwiriri,13244.0,3571.0,Rufiji District Council,111.0
06,Pwani,05,Rufiji,Halmashauri ya Wilaya ya Rufiji,023,Mgomba,16120.0,3836.0,Rufiji District Council,111.0
06,Pwani,05,Rufiji,Halmashauri ya Wilaya ya Rufiji,033,Umwe,23383.0,5908.0,Rufiji District Council,111.0
06,Pwani,05,Rufiji,Halmashauri ya Wilaya ya Rufiji,113,Mohoro,21077.0,4843.0,Rufiji District Council,111.0
06,Pwani,05,Rufiji,Halmashauri ya Wilaya ya Rufiji,123,Chumbi,8664.0,1822.0,Rufiji District Council,111.0
06,Pwani,05,Rufiji,Halmashauri ya Wilaya ya Rufiji,131,Mbwara,16865.0,3908.0,Rufiji District Council,111.0
06,Pwani,06,Mafia,Halmashauri ya Wilaya ya Mafia,011,Kanga,,,,
06,Pwani,06,Mafia,Halmashauri ya Wilaya ya Mafia,021,Kirongwe,,,,
06,Pwani,06,Mafia,Halmashauri ya Wilaya ya Mafia,031,Baleni,,,,
06,Pwani,06,Mafia,Halmashauri ya Wilaya ya Mafia,081,Ndagoni,,,,
06,Pwani,06,Mafia,Halmashauri ya Wilaya ya Mafia,043,Kilindoni,,,,
06,Pwani,06,Mafia,Halmashauri ya Wilaya ya Mafia,051,Miburani,,,,
06,Pwani,06,Mafia,Halmashauri ya Wilaya ya Mafia,061,Kiegeani,,,,
06,Pwani,06,Mafia,Halmashauri ya Wilaya ya Mafia,071,Jibondo,,,,
06,Pwani,07,Kibiti,Halmashauri ya Wilaya ya Kibiti,011,Dimani,,,,
06,Pwani,07,Kibiti,Halmashauri ya Wilaya ya Kibiti,023,Kibiti,,,,
06,Pwani,07,Kibiti,Halmashauri ya Wilaya ya Kibiti,031,Mtawanya,,,,
06,Pwani,07,Kibiti,Halmashauri ya Wilaya ya Kibiti,043,Bungu,,,,
06,Pwani,07,Kibiti,Halmashauri ya Wilaya ya Kibiti,053,Mjawa,,,,
06,Pwani,07,Kibiti,Halmashauri ya Wilaya ya Kibiti,061,Mwambao,,,,
06,Pwani,07,Kibiti,Halmashauri ya Wilaya ya Kibiti,071,Mahege,,,,
06,Pwani,07,Kibiti,Halmashauri ya Wilaya ya Kibiti,151,Mchukwi,,,,
06,Pwani,07,Kibiti,Halmashauri ya Wilaya ya Kibiti,161,Mlanzi,,,,
06,Pwani,07,Kibiti,Halmashauri ya Wilaya ya Kibiti,081,Salale,,,,
06,Pwani,07,Kibiti,Halmashauri ya Wilaya ya Kibiti,131,Mtunda,,,,
06,Pwani,07,Kibiti,Halmashauri ya Wilaya ya Kibiti,141,Ruaruke,,,,
06,Pwani,07,Kibiti,Halmashauri ya Wilaya ya Kibiti,091,Msala,,,,
06,Pwani,07,Kibiti,Halmashauri ya Wilaya ya Kibiti,101,Maparoni,,,,
06,Pwani,07,Kibiti,Halmashauri ya Wilaya ya Kibiti,111,Mbuchi,,,,
06,Pwani,07,Kibiti,Halmashauri ya Wilaya ya Kibiti,121,Kiongoroni,,,,
07,Dar es Salaam,01,Kinondoni,Halmashauri ya Manispaa ya Kinondoni,012,Kigogo,45291.0,14156.0,Kinondoni Municipal Council,114.0
07,Dar es Salaam,01,Kinondoni,Halmashauri ya Manispaa ya Kinondoni,022,Mzimuni,20940.0,5989.0,Kinondoni Municipal Council,114.0
07,Dar es Salaam,01,Kinondoni,Halmashauri ya Manispaa ya Kinondoni,032,Magomeni,15241.0,4841.0,Kinondoni Municipal Council,114.0
07,Dar es Salaam,01,Kinondoni,Halmashauri ya Manispaa ya Kinondoni,042,Ndugumbi,32862.0,10577.0,Kinondoni Municipal Council,114.0
07,Dar es Salaam,01,Kinondoni,Halmashauri ya Manispaa ya Kinondoni,052,Tandale,43374.0,14126.0,Kinondoni Municipal Council,114.0
07,Dar es Salaam,01,Kinondoni,Halmashauri ya Manispaa ya Kinondoni,062,Kijitonyama,39932.0,12957.0,Kinondoni Municipal Council,114.0
07,Dar es Salaam,01,Kinondoni,Halmashauri ya Manispaa ya Kinondoni,172,Kinondoni,17337.0,5823.0,Kinondoni Municipal Council,114.0
07,Dar es Salaam,01,Kinondoni,Halmashauri ya Manispaa ya Kinondoni,182,Hananasif,27615.0,9319.0,Kinondoni Municipal Council,114.0
07,Dar es Salaam,01,Kinondoni,Halmashauri ya Manispaa ya Kinondoni,192,Mwananyamala,38645.0,12659.0,Kinondoni Municipal Council,114.0
07,Dar es Salaam,01,Kinondoni,Halmashauri ya Manispaa ya Kinondoni,202,Makumbusho,52347.0,17575.0,Kinondoni Municipal Council,114.0
07,Dar es Salaam,01,Kinondoni,Halmashauri ya Manispaa ya Kinondoni,072,Makongo,35567.0,11196.0,Kinondoni Municipal Council,114.0
07,Dar es Salaam,01,Kinondoni,Halmashauri ya Manispaa ya Kinondoni,082,Mbezi Juu,51485.0,16146.0,Kinondoni Municipal Council,114.0
07,Dar es Salaam,01,Kinondoni,Halmashauri ya Manispaa ya Kinondoni,092,Wazo,153013.0,44155.0,Kinondoni Municipal Council,114.0
07,Dar es Salaam,01,Kinondoni,Halmashauri ya Manispaa ya Kinondoni,102,Mabwepande,66794.0,19000.0,Kinondoni Municipal Council,114.0
07,Dar es Salaam,01,Kinondoni,Halmashauri ya Manispaa ya Kinondoni,112,Bunju,92587.0,27500.0,Kinondoni Municipal Council,114.0
07,Dar es Salaam,01,Kinondoni,Halmashauri ya Manispaa ya Kinondoni,122,Mbweni,25970.0,6948.0,Kinondoni Municipal Council,114.0
07,Dar es Salaam,01,Kinondoni,Halmashauri ya Manispaa ya Kinondoni,132,Kunduchi,89814.0,26125.0,Kinondoni Municipal Council,114.0
07,Dar es Salaam,01,Kinondoni,Halmashauri ya Manispaa ya Kinondoni,142,Kawe,67675.0,20370.0,Kinondoni Municipal Council,114.0
07,Dar es Salaam,01,Kinondoni,Halmashauri ya Manispaa ya Kinondoni,152,Mikocheni,25433.0,7325.0,Kinondoni Municipal Council,114.0
07,Dar es Salaam,01,Kinondoni,Halmashauri ya Manispaa ya Kinondoni,162,Msasani,40406.0,12397.0,Kinondoni Municipal Council,114.0
07,Dar es Salaam,02,Ilala,Halmashauri ya Jiji la Dar es Salaam,112,Kariakoo,,,,
07,Dar es Salaam,02,Ilala,Halmashauri ya Jiji la Dar es Salaam,122,Jangwani,,,,
07,Dar es Salaam,02,Ilala,Halmashauri ya Jiji la Dar es Salaam,132,Gerezani,,,,
07,Dar es Salaam,02,Ilala,Halmashauri ya Jiji la Dar es Salaam,142,Kisutu,,,,
07,Dar es Salaam,02,Ilala,Halmashauri ya Jiji la Dar es Salaam,152,Mchafukoge,,,,
07,Dar es Salaam,02,Ilala,Halmashauri ya Jiji la Dar es Salaam,162,Upanga Mashariki,,,,
07,Dar es Salaam,02,Ilala,Halmashauri ya Jiji la Dar es Salaam,172,Upanga Magharibi,,,,
07,Dar es Salaam,02,Ilala,Halmashauri ya Jiji la Dar es Salaam,182,Kivukoni,,,,
07,Dar es Salaam,02,Ilala,Halmashauri ya Jiji la Dar es Salaam,062,Ilala,,,,
07,Dar es Salaam,02,Ilala,Halmashauri ya Jiji la Dar es Salaam,072,Mchikichini,,,,
07,Dar es Salaam,02,Ilala,Halmashauri ya Jiji la Dar es Salaam,082,Vingunguti,,,,
07,Dar es Salaam,02,Ilala,Halmashauri ya Jiji la Dar es Salaam,092,Kipawa,,,,
07,Dar es Salaam,02,Ilala,Halmashauri ya Jiji la Dar es Salaam,102,Buguruni,,,,
07,Dar es Salaam,02,Ilala,Halmashauri ya Jiji la Dar es Salaam,192,Kiwalani,,,,
07,Dar es Salaam,02,Ilala,Halmashauri ya Jiji la Dar es Salaam,272,Mnyamani,,,,
07,Dar es Salaam,02,Ilala,Halmashauri ya Jiji la Dar es Salaam,282,Minazi Mirefu,,,,
07,Dar es Salaam,02,Ilala,Halmashauri ya Jiji la Dar es Salaam,042,Tabata,,,,
07,Dar es Salaam,02,Ilala,Halmashauri ya Jiji la Dar es Salaam,052,Kinyerezi,,,,
07,Dar es Salaam,02,Ilala,Halmashauri ya Jiji la Dar es Salaam,202,Segerea,,,,
07,Dar es Salaam,02,Ilala,Halmashauri ya Jiji la Dar es Salaam,262,Kimanga,,,,
07,Dar es Salaam,02,Ilala,Halmashauri ya Jiji la Dar es Salaam,292,Liwiti,,,,
07,Dar es Salaam,02,Ilala,Halmashauri ya Jiji la Dar es Salaam,302,Bonyokwa,,,,
07,Dar es Salaam,02,Ilala,Halmashauri ya Jiji la Dar es Salaam,312,Kisukuru,,,,
07,Dar es Salaam,02,Ilala,Halmashauri ya Jiji la Dar es Salaam,012,Ukonga,,,,
07,Dar es Salaam,02,Ilala,Halmashauri ya Jiji la Dar es Salaam,022,Pugu,,,,
07,Dar es Salaam,02,Ilala,Halmashauri ya Jiji la Dar es Salaam,032,Msongola,,,,
07,Dar es Salaam,02,Ilala,Halmashauri ya Jiji la Dar es Salaam,212,Kitunda,,,,
07,Dar es Salaam,02,Ilala,Halmashauri ya Jiji la Dar es Salaam,222,Chanika,,,,
07,Dar es Salaam,02,Ilala,Halmashauri ya Jiji la Dar es Salaam,232,Kivule,,,,
07,Dar es Salaam,02,Ilala,Halmashauri ya Jiji la Dar es Salaam,242,Gongolamboto,,,,
07,Dar es Salaam,02,Ilala,Halmashauri ya Jiji la Dar es Salaam,252,Majohe,,,,
07,Dar es Salaam,02,Ilala,Halmashauri ya Jiji la Dar es Salaam,322,Zingiziwa,,,,
07,Dar es Salaam,02,Ilala,Halmashauri ya Jiji la Dar es Salaam,332,Buyuni,,,,
07,Dar es Salaam,02,Ilala,Halmashauri ya Jiji la Dar es Salaam,342,Pugu Station,,,,
07,Dar es Salaam,02,Ilala,Halmashauri ya Jiji la Dar es Salaam,352,Mzinga,,,,
07,Dar es Salaam,02,Ilala,Halmashauri ya Jiji la Dar es Salaam,362,Kipunguni,,,,
07,Dar es Salaam,03,Temeke,Halmashauri ya Manispaa ya Temeke,012,Miburani,29351.0,8524.0,Temeke Municipal Council,116.0
07,Dar es Salaam,03,Temeke,Halmashauri ya Manispaa ya Temeke,022,Azimio,63836.0,19550.0,Temeke Municipal Council,116.0
07,Dar es Salaam,03,Temeke,Halmashauri ya Manispaa ya Temeke,032,Tandika,39340.0,12094.0,Temeke Municipal Council,116.0
07,Dar es Salaam,03,Temeke,Halmashauri ya Manispaa ya Temeke,042,Sandali,42010.0,12812.0,Temeke Municipal Council,116.0
07,Dar es Salaam,03,Temeke,Halmashauri ya Manispaa ya Temeke,052,Temeke,21752.0,6356.0,Temeke Municipal Council,116.0
07,Dar es Salaam,03,Temeke,Halmashauri ya Manispaa ya Temeke,062,Chang'ombe,14418.0,4114.0,Temeke Municipal Council,116.0
07,Dar es Salaam,03,Temeke,Halmashauri ya Manispaa ya Temeke,072,Keko,26427.0,8868.0,Temeke Municipal Council,116.0
07,Dar es Salaam,03,Temeke,Halmashauri ya Manispaa ya Temeke,082,Kurasini,8852.0,3350.0,Temeke Municipal Council,116.0
07,Dar es Salaam,03,Temeke,Halmashauri ya Manispaa ya Temeke,092,Mtoni,44713.0,14562.0,Temeke Municipal Council,116.0
07,Dar es Salaam,03,Temeke,Halmashauri ya Manispaa ya Temeke,202,Buza,71190.0,19853.0,Temeke Municipal Council,116.0
07,Dar es Salaam,03,Temeke,Halmashauri ya Manispaa ya Temeke,212,Makangarawe,50872.0,14930.0,Temeke Municipal Council,116.0
07,Dar es Salaam,03,Temeke,Halmashauri ya Manispaa ya Temeke,222,Yombo Vituka,77082.0,22292.0,Temeke Municipal Council,116.0
07,Dar es Salaam,03,Temeke,Halmashauri ya Manispaa ya Temeke,232,Kilakala,37711.0,11579.0,Temeke Municipal Council,116.0
07,Dar es Salaam,03,Temeke,Halmashauri ya Manispaa ya Temeke,102,Kijichi,69085.0,18984.0,Temeke Municipal Council,116.0
07,Dar es Salaam,03,Temeke,Halmashauri ya Manispaa ya Temeke,112,Mbagala Kuu,74925.0,22035.0,Temeke Municipal Council,116.0
07,Dar es Salaam,03,Temeke,Halmashauri ya Manispaa ya Temeke,122,Toangoma,127234.0,32866.0,Temeke Municipal Council,116.0
07,Dar es Salaam,03,Temeke,Halmashauri ya Manispaa ya Temeke,132,Mianzini,72630.0,20405.0,Temeke Municipal Council,116.0
07,Dar es Salaam,03,Temeke,Halmashauri ya Manispaa ya Temeke,142,Kibondemaji,43351.0,12781.0,Temeke Municipal Council,116.0
07,Dar es Salaam,03,Temeke,Halmashauri ya Manispaa ya Temeke,152,Chamazi,203327.0,52842.0,Temeke Municipal Council,116.0
07,Dar es Salaam,03,Temeke,Halmashauri ya Manispaa ya Temeke,162,Kilungule,70420.0,18903.0,Temeke Municipal Council,116.0
07,Dar es Salaam,03,Temeke,Halmashauri ya Manispaa ya Temeke,172,Charambe,38587.0,11661.0,Temeke Municipal Council,116.0
07,Dar es Salaam,03,Temeke,Halmashauri ya Manispaa ya Temeke,182,Mbagala,46217.0,13918.0,Temeke Municipal Council,116.0
07,Dar es Salaam,03,Temeke,Halmashauri ya Manispaa ya Temeke,192,Kiburugwa,73344.0,20767.0,Temeke Municipal Council,116.0
07,Dar es Salaam,04,Kigamboni,Halmashauri ya Manispaa ya Kigamboni,012,Kigamboni,24810.0,7949.0,Kigamboni Municipal Council,117.0
07,Dar es Salaam,04,Kigamboni,Halmashauri ya Manispaa ya Kigamboni,022,Tungi,30785.0,9349.0,Kigamboni Municipal Council,117.0
07,Dar es Salaam,04,Kigamboni,Halmashauri ya Manispaa ya Kigamboni,032,Mjimwema,54859.0,15173.0,Kigamboni Municipal Council,117.0
07,Dar es Salaam,04,Kigamboni,Halmashauri ya Manispaa ya Kigamboni,082,Kibada,28188.0,7270.0,Kigamboni Municipal Council,117.0
07,Dar es Salaam,04,Kigamboni,Halmashauri ya Manispaa ya Kigamboni,092,Vijibweni,71861.0,22120.0,Kigamboni Municipal Council,117.0
07,Dar es Salaam,04,Kigamboni,Halmashauri ya Manispaa ya Kigamboni,052,Kimbiji,10729.0,3051.0,Kigamboni Municipal Council,117.0
07,Dar es Salaam,04,Kigamboni,Halmashauri ya Manispaa ya Kigamboni,062,Pembamnazi,13323.0,3624.0,Kigamboni Municipal Council,117.0
07,Dar es Salaam,04,Kigamboni,Halmashauri ya Manispaa ya Kigamboni,042,Somangila,52187.0,14291.0,Kigamboni Municipal Council,117.0
07,Dar es Salaam,04,Kigamboni,Halmashauri ya Manispaa ya Kigamboni,072,Kisarawe II,31160.0,8308.0,Kigamboni Municipal Council,117.0
07,Dar es Salaam,05,Ubungo,Halmashauri ya Manispaa ya Ubungo,012,Ubungo,,,,
07,Dar es Salaam,05,Ubungo,Halmashauri ya Manispaa ya Ubungo,022,Sinza,,,,
07,Dar es Salaam,05,Ubungo,Halmashauri ya Manispaa ya Ubungo,032,Manzese,,,,
07,Dar es Salaam,05,Ubungo,Halmashauri ya Manispaa ya Ubungo,042,Makurumla,,,,
07,Dar es Salaam,05,Ubungo,Halmashauri ya Manispaa ya Ubungo,052,Mburahati,,,,
07,Dar es Salaam,05,Ubungo,Halmashauri ya Manispaa ya Ubungo,062,Mabibo,,,,
07,Dar es Salaam,05,Ubungo,Halmashauri ya Manispaa ya Ubungo,072,Makuburi,,,,
07,Dar es Salaam,05,Ubungo,Halmashauri ya Manispaa ya Ubungo,082,Kimara,,,,
07,Dar es Salaam,05,Ubungo,Halmashauri ya Manispaa ya Ubungo,092,Saranga,,,,
07,Dar es Salaam,05,Ubungo,Halmashauri ya Manispaa ya Ubungo,102,Msigani,,,,
07,Dar es Salaam,05,Ubungo,Halmashauri ya Manispaa ya Ubungo,112,Kwembe,,,,
07,Dar es Salaam,05,Ubungo,Halmashauri ya Manispaa ya Ubungo,122,Kibamba,,,,
07,Dar es Salaam,05,Ubungo,Halmashauri ya Manispaa ya Ubungo,132,Mbezi,,,,
07,Dar es Salaam,05,Ubungo,Halmashauri ya Manispaa ya Ubungo,142,Goba,,,,
08,Lindi,01,Kilwa,Halmashauri ya Wilaya ya Kilwa,171,Kikole,,,,
08,Lindi,01,Kilwa,Halmashauri ya Wilaya ya Kilwa,183,Kivinje,,,,
08,Lindi,01,Kilwa,Halmashauri ya Wilaya ya Kilwa,191,Songosongo,,,,
08,Lindi,01,Kilwa,Halmashauri ya Wilaya ya Kilwa,202,Masoko,,,,
08,Lindi,01,Kilwa,Halmashauri ya Wilaya ya Kilwa,133,Kiranjeranje,,,,
08,Lindi,01,Kilwa,Halmashauri ya Wilaya ya Kilwa,141,Mandawa,,,,
08,Lindi,01,Kilwa,Halmashauri ya Wilaya ya Kilwa,151,Lihimalyao,,,,
08,Lindi,01,Kilwa,Halmashauri ya Wilaya ya Kilwa,161,Pande,,,,
08,Lindi,01,Kilwa,Halmashauri ya Wilaya ya Kilwa,111,Likawage,,,,
08,Lindi,01,Kilwa,Halmashauri ya Wilaya ya Kilwa,121,Nanjirinji,,,,
08,Lindi,01,Kilwa,Halmashauri ya Wilaya ya Kilwa,051,Chumo,,,,
08,Lindi,01,Kilwa,Halmashauri ya Wilaya ya Kilwa,061,Kipatimu,,,,
08,Lindi,01,Kilwa,Halmashauri ya Wilaya ya Kilwa,071,Kandawale,,,,
08,Lindi,01,Kilwa,Halmashauri ya Wilaya ya Kilwa,211,Kibata,,,,
08,Lindi,01,Kilwa,Halmashauri ya Wilaya ya Kilwa,231,Namayuni,,,,
08,Lindi,01,Kilwa,Halmashauri ya Wilaya ya Kilwa,013,Tingi,,,,
08,Lindi,01,Kilwa,Halmashauri ya Wilaya ya Kilwa,021,Miteja,,,,
08,Lindi,01,Kilwa,Halmashauri ya Wilaya ya Kilwa,031,Mingumbi,,,,
08,Lindi,01,Kilwa,Halmashauri ya Wilaya ya Kilwa,041,Kinjumbi,,,,
08,Lindi,01,Kilwa,Halmashauri ya Wilaya ya Kilwa,223,Somanga,,,,
08,Lindi,01,Kilwa,Halmashauri ya Wilaya ya Kilwa,081,Njinjo,,,,
08,Lindi,01,Kilwa,Halmashauri ya Wilaya ya Kilwa,091,Mitole,,,,
08,Lindi,01,Kilwa,Halmashauri ya Wilaya ya Kilwa,101,Miguruwe,,,,
08,Lindi,02,Lindi,Halmashauri ya Wilaya ya Mtama,011,Pangatena,6992.0,1949.0,Mtama District Council,120.0
08,Lindi,02,Lindi,Halmashauri ya Wilaya ya Mtama,071,Navanga,5129.0,1347.0,Mtama District Council,120.0
08,Lindi,02,Lindi,Halmashauri ya Wilaya ya Mtama,091,Sudi,8127.0,2270.0,Mtama District Council,120.0
08,Lindi,02,Lindi,Halmashauri ya Wilaya ya Mtama,101,Nachunyu,9753.0,2603.0,Mtama District Council,120.0
08,Lindi,02,Lindi,Halmashauri ya Wilaya ya Mtama,063,Kiwalala,16446.0,5045.0,Mtama District Council,120.0
08,Lindi,02,Lindi,Halmashauri ya Wilaya ya Mtama,081,Mnolela,16260.0,4857.0,Mtama District Council,120.0
08,Lindi,02,Lindi,Halmashauri ya Wilaya ya Mtama,161,Nahukahuka,6886.0,2085.0,Mtama District Council,120.0
08,Lindi,02,Lindi,Halmashauri ya Wilaya ya Mtama,171,Nyangamara,9440.0,2846.0,Mtama District Council,120.0
08,Lindi,02,Lindi,Halmashauri ya Wilaya ya Mtama,181,Mandwanga,13035.0,3835.0,Mtama District Council,120.0
08,Lindi,02,Lindi,Halmashauri ya Wilaya ya Mtama,021,Longa,3500.0,1146.0,Mtama District Council,120.0
08,Lindi,02,Lindi,Halmashauri ya Wilaya ya Mtama,031,Mtumbya,2234.0,735.0,Mtama District Council,120.0
08,Lindi,02,Lindi,Halmashauri ya Wilaya ya Mtama,043,Majengo,8324.0,2678.0,Mtama District Council,120.0
08,Lindi,02,Lindi,Halmashauri ya Wilaya ya Mtama,051,Namangale,7404.0,2525.0,Mtama District Council,120.0
08,Lindi,02,Lindi,Halmashauri ya Wilaya ya Mtama,113,Mtama,5422.0,1730.0,Mtama District Council,120.0
08,Lindi,02,Lindi,Halmashauri ya Wilaya ya Mtama,123,Nyangao,11920.0,3881.0,Mtama District Council,120.0
08,Lindi,02,Lindi,Halmashauri ya Wilaya ya Mtama,131,Namupa,6274.0,2096.0,Mtama District Council,120.0
08,Lindi,02,Lindi,Halmashauri ya Wilaya ya Mtama,141,Nyengedi,6514.0,2107.0,Mtama District Council,120.0
08,Lindi,02,Lindi,Halmashauri ya Wilaya ya Mtama,151,Mtua,4236.0,1363.0,Mtama District Council,120.0
08,Lindi,02,Lindi,Halmashauri ya Wilaya ya Mtama,191,Mnara,11590.0,3524.0,Mtama District Council,120.0
08,Lindi,02,Lindi,Halmashauri ya Wilaya ya Mtama,201,Chiponda,7007.0,2086.0,Mtama District Council,120.0
08,Lindi,02,Lindi,Halmashauri ya Manispaa ya Lindi,012,Ndoro,1672.0,637.0,Lindi Municipal Council,121.0
08,Lindi,02,Lindi,Halmashauri ya Manispaa ya Lindi,022,Makonde,991.0,317.0,Lindi Municipal Council,121.0
08,Lindi,02,Lindi,Halmashauri ya Manispaa ya Lindi,032,Mikumbi,1906.0,653.0,Lindi Municipal Council,121.0
08,Lindi,02,Lindi,Halmashauri ya Manispaa ya Lindi,042,Mitandi,2463.0,932.0,Lindi Municipal Council,121.0
08,Lindi,02,Lindi,Halmashauri ya Manispaa ya Lindi,052,Rahaleo,1888.0,557.0,Lindi Municipal Council,121.0
08,Lindi,02,Lindi,Halmashauri ya Manispaa ya Lindi,062,Mwenge,3290.0,1024.0,Lindi Municipal Council,121.0
08,Lindi,02,Lindi,Halmashauri ya Manispaa ya Lindi,072,Matopeni,3704.0,1168.0,Lindi Municipal Council,121.0
08,Lindi,02,Lindi,Halmashauri ya Manispaa ya Lindi,082,Wailes,2997.0,903.0,Lindi Municipal Council,121.0
08,Lindi,02,Lindi,Halmashauri ya Manispaa ya Lindi,092,Nachingwea,3900.0,1229.0,Lindi Municipal Council,121.0
08,Lindi,02,Lindi,Halmashauri ya Manispaa ya Lindi,102,Rasbura,10087.0,2972.0,Lindi Municipal Council,121.0
08,Lindi,02,Lindi,Halmashauri ya Manispaa ya Lindi,112,Mtanda,6308.0,1943.0,Lindi Municipal Council,121.0
08,Lindi,02,Lindi,Halmashauri ya Manispaa ya Lindi,122,Jamhuri,4797.0,1422.0,Lindi Municipal Council,121.0
08,Lindi,02,Lindi,Halmashauri ya Manispaa ya Lindi,132,Msinjahili,4771.0,1476.0,Lindi Municipal Council,121.0
08,Lindi,02,Lindi,Halmashauri ya Manispaa ya Lindi,172,Chikonji,6341.0,1967.0,Lindi Municipal Council,121.0
08,Lindi,02,Lindi,Halmashauri ya Manispaa ya Lindi,182,Mbanja,3672.0,1167.0,Lindi Municipal Council,121.0
08,Lindi,02,Lindi,Halmashauri ya Manispaa ya Lindi,192,Kitumbikwela,5892.0,1754.0,Lindi Municipal Council,121.0
08,Lindi,02,Lindi,Halmashauri ya Manispaa ya Lindi,142,Mingoyo,8377.0,2489.0,Lindi Municipal Council,121.0
08,Lindi,02,Lindi,Halmashauri ya Manispaa ya Lindi,202,Mnazimmoja,9539.0,2786.0,Lindi Municipal Council,121.0
08,Lindi,02,Lindi,Halmashauri ya Manispaa ya Lindi,152,Ng'apa,8425.0,2689.0,Lindi Municipal Council,121.0
08,Lindi,02,Lindi,Halmashauri ya Manispaa ya Lindi,162,Tandangongoro,4076.0,1297.0,Lindi Municipal Council,121.0
08,Lindi,02,Lindi,Halmashauri ya Manispaa ya Lindi,211,Rutamba,12801.0,4066.0,Lindi Municipal Council,121.0
08,Lindi,02,Lindi,Halmashauri ya Manispaa ya Lindi,221,Milola,12516.0,3814.0,Lindi Municipal Council,121.0
08,Lindi,02,Lindi,Halmashauri ya Manispaa ya Lindi,231,Kiwawa,2778.0,839.0,Lindi Municipal Council,121.0
08,Lindi,02,Lindi,Halmashauri ya Manispaa ya Lindi,251,Nangaru,5904.0,1749.0,Lindi Municipal Council,121.0
08,Lindi,02,Lindi,Halmashauri ya Manispaa ya Lindi,261,Matimba,5754.0,1720.0,Lindi Municipal Council,121.0
08,Lindi,02,Lindi,Halmashauri ya Manispaa ya Lindi,241,Mipingo,8542.0,2367.0,Lindi Municipal Council,121.0
08,Lindi,02,Lindi,Halmashauri ya Manispaa ya Lindi,281,Kitomanga,7045.0,1919.0,Lindi Municipal Council,121.0
08,Lindi,02,Lindi,Halmashauri ya Manispaa ya Lindi,271,Kilangala,8112.0,2454.0,Lindi Municipal Council,121.0
08,Lindi,02,Lindi,Halmashauri ya Manispaa ya Lindi,291,Mvuleni,4809.0,1330.0,Lindi Municipal Council,121.0
08,Lindi,02,Lindi,Halmashauri ya Manispaa ya Lindi,301,Kilolambwani,2913.0,836.0,Lindi Municipal Council,121.0
08,Lindi,02,Lindi,Halmashauri ya Manispaa ya Lindi,311,Mchinga,7856.0,2333.0,Lindi Municipal Council,121.0
08,Lindi,03,Nachingwea,Halmashauri ya Wilaya ya Nachingwea,101,Kilimarondo,6717.0,1957.0,Nachingwea District Council,122.0
08,Lindi,03,Nachingwea,Halmashauri ya Wilaya ya Nachingwea,111,Mbondo,11975.0,3636.0,Nachingwea District Council,122.0
08,Lindi,03,Nachingwea,Halmashauri ya Wilaya ya Nachingwea,121,Kiegei,5874.0,1546.0,Nachingwea District Council,122.0
08,Lindi,03,Nachingwea,Halmashauri ya Wilaya ya Nachingwea,231,Matekwe,5864.0,1702.0,Nachingwea District Council,122.0
08,Lindi,03,Nachingwea,Halmashauri ya Wilaya ya Nachingwea,071,Lionja,6599.0,2250.0,Nachingwea District Council,122.0
08,Lindi,03,Nachingwea,Halmashauri ya Wilaya ya Nachingwea,081,Namikango,5047.0,1699.0,Nachingwea District Council,122.0
08,Lindi,03,Nachingwea,Halmashauri ya Wilaya ya Nachingwea,091,Nditi,5777.0,1849.0,Nachingwea District Council,122.0
08,Lindi,03,Nachingwea,Halmashauri ya Wilaya ya Nachingwea,271,Ngunichile,5132.0,1619.0,Nachingwea District Council,122.0
08,Lindi,03,Nachingwea,Halmashauri ya Wilaya ya Nachingwea,031,Ruponda,7050.0,2379.0,Nachingwea District Council,122.0
08,Lindi,03,Nachingwea,Halmashauri ya Wilaya ya Nachingwea,041,Mnero Miembeni,10200.0,3375.0,Nachingwea District Council,122.0
08,Lindi,03,Nachingwea,Halmashauri ya Wilaya ya Nachingwea,051,Namapwia,5604.0,1862.0,Nachingwea District Council,122.0
08,Lindi,03,Nachingwea,Halmashauri ya Wilaya ya Nachingwea,061,Kipara Mnero,6013.0,2080.0,Nachingwea District Council,122.0
08,Lindi,03,Nachingwea,Halmashauri ya Wilaya ya Nachingwea,131,Mkoka,8363.0,2942.0,Nachingwea District Council,122.0
08,Lindi,03,Nachingwea,Halmashauri ya Wilaya ya Nachingwea,141,Chiola,6503.0,2200.0,Nachingwea District Council,122.0
08,Lindi,03,Nachingwea,Halmashauri ya Wilaya ya Nachingwea,221,Mnero Ngongo,5500.0,1880.0,Nachingwea District Council,122.0
08,Lindi,03,Nachingwea,Halmashauri ya Wilaya ya Nachingwea,241,Marambo,10621.0,3581.0,Nachingwea District Council,122.0
08,Lindi,03,Nachingwea,Halmashauri ya Wilaya ya Nachingwea,012,Nambambo,4542.0,1407.0,Nachingwea District Council,122.0
08,Lindi,03,Nachingwea,Halmashauri ya Wilaya ya Nachingwea,023,Kilimanihewa,3828.0,1140.0,Nachingwea District Council,122.0
08,Lindi,03,Nachingwea,Halmashauri ya Wilaya ya Nachingwea,161,Nangowe,4635.0,1449.0,Nachingwea District Council,122.0
08,Lindi,03,Nachingwea,Halmashauri ya Wilaya ya Nachingwea,191,Stesheni,12860.0,4129.0,Nachingwea District Council,122.0
08,Lindi,03,Nachingwea,Halmashauri ya Wilaya ya Nachingwea,251,Namatula,5259.0,1714.0,Nachingwea District Council,122.0
08,Lindi,03,Nachingwea,Halmashauri ya Wilaya ya Nachingwea,311,Mitumbati,5985.0,1925.0,Nachingwea District Council,122.0
08,Lindi,03,Nachingwea,Halmashauri ya Wilaya ya Nachingwea,343,Ugawaji,10839.0,3414.0,Nachingwea District Council,122.0
08,Lindi,03,Nachingwea,Halmashauri ya Wilaya ya Nachingwea,353,Boma,4073.0,1299.0,Nachingwea District Council,122.0
08,Lindi,03,Nachingwea,Halmashauri ya Wilaya ya Nachingwea,363,Nachingwea Mjini,8537.0,2580.0,Nachingwea District Council,122.0
08,Lindi,03,Nachingwea,Halmashauri ya Wilaya ya Nachingwea,151,Mpiruka,7470.0,2419.0,Nachingwea District Council,122.0
08,Lindi,03,Nachingwea,Halmashauri ya Wilaya ya Nachingwea,171,Mkotokuyana,4020.0,1299.0,Nachingwea District Council,122.0
08,Lindi,03,Nachingwea,Halmashauri ya Wilaya ya Nachingwea,183,Naipanga,5038.0,1515.0,Nachingwea District Council,122.0
08,Lindi,03,Nachingwea,Halmashauri ya Wilaya ya Nachingwea,201,Naipingo,5562.0,1831.0,Nachingwea District Council,122.0
08,Lindi,03,Nachingwea,Halmashauri ya Wilaya ya Nachingwea,211,Mtua,7544.0,2433.0,Nachingwea District Council,122.0
08,Lindi,03,Nachingwea,Halmashauri ya Wilaya ya Nachingwea,261,Ndomoni,5845.0,1868.0,Nachingwea District Council,122.0
08,Lindi,03,Nachingwea,Halmashauri ya Wilaya ya Nachingwea,281,Kipara Mtua,5913.0,1889.0,Nachingwea District Council,122.0
08,Lindi,03,Nachingwea,Halmashauri ya Wilaya ya Nachingwea,291,Nang'ondo,7600.0,2332.0,Nachingwea District Council,122.0
08,Lindi,03,Nachingwea,Halmashauri ya Wilaya ya Nachingwea,301,Mchonda,2935.0,985.0,Nachingwea District Council,122.0
08,Lindi,03,Nachingwea,Halmashauri ya Wilaya ya Nachingwea,321,Chiumbati Shuleni,5458.0,1687.0,Nachingwea District Council,122.0
08,Lindi,03,Nachingwea,Halmashauri ya Wilaya ya Nachingwea,333,Rahaleo (Raha Leo),,,,
08,Lindi,04,Liwale,Halmashauri ya Wilaya ya Liwale,041,Mlembwe,3935.0,961.0,Liwale District Council,123.0
08,Lindi,04,Liwale,Halmashauri ya Wilaya ya Liwale,051,Makata,6812.0,1815.0,Liwale District Council,123.0
08,Lindi,04,Liwale,Halmashauri ya Wilaya ya Liwale,061,Barikiwa,5320.0,1426.0,Liwale District Council,123.0
08,Lindi,04,Liwale,Halmashauri ya Wilaya ya Liwale,071,Mkutano,2379.0,523.0,Liwale District Council,123.0
08,Lindi,04,Liwale,Halmashauri ya Wilaya ya Liwale,013,Liwale Mjini,11731.0,3317.0,Liwale District Council,123.0
08,Lindi,04,Liwale,Halmashauri ya Wilaya ya Liwale,021,Mihumo,7014.0,1871.0,Liwale District Council,123.0
08,Lindi,04,Liwale,Halmashauri ya Wilaya ya Liwale,031,Ngongowele,5131.0,1329.0,Liwale District Council,123.0
08,Lindi,04,Liwale,Halmashauri ya Wilaya ya Liwale,081,Mbaya,9018.0,2230.0,Liwale District Council,123.0
08,Lindi,04,Liwale,Halmashauri ya Wilaya ya Liwale,091,Kimambi,3818.0,546.0,Liwale District Council,123.0
08,Lindi,04,Liwale,Halmashauri ya Wilaya ya Liwale,131,Mpigamiti,3171.0,692.0,Liwale District Council,123.0
08,Lindi,04,Liwale,Halmashauri ya Wilaya ya Liwale,161,Mangirikiti,6302.0,1611.0,Liwale District Council,123.0
08,Lindi,04,Liwale,Halmashauri ya Wilaya ya Liwale,173,Nangando,13098.0,3726.0,Liwale District Council,123.0
08,Lindi,04,Liwale,Halmashauri ya Wilaya ya Liwale,183,Likongowele,14242.0,3987.0,Liwale District Council,123.0
08,Lindi,04,Liwale,Halmashauri ya Wilaya ya Liwale,191,Kichonda,5647.0,1371.0,Liwale District Council,123.0
08,Lindi,04,Liwale,Halmashauri ya Wilaya ya Liwale,201,Lilombe,6669.0,1567.0,Liwale District Council,123.0
08,Lindi,04,Liwale,Halmashauri ya Wilaya ya Liwale,101,Kiangara,5647.0,1595.0,Liwale District Council,123.0
08,Lindi,04,Liwale,Halmashauri ya Wilaya ya Liwale,111,Kibutuka,5137.0,1439.0,Liwale District Council,123.0
08,Lindi,04,Liwale,Halmashauri ya Wilaya ya Liwale,121,Nangano,3711.0,1067.0,Liwale District Council,123.0
08,Lindi,04,Liwale,Halmashauri ya Wilaya ya Liwale,141,Mirui,6468.0,1748.0,Liwale District Council,123.0
08,Lindi,04,Liwale,Halmashauri ya Wilaya ya Liwale,151,Liwale 'B',11255.0,3076.0,Liwale District Council,123.0
08,Lindi,05,Ruangwa,Halmashauri ya Wilaya ya Ruangwa,121,Mandawa,9868.0,3143.0,Ruangwa District Council,124.0
08,Lindi,05,Ruangwa,Halmashauri ya Wilaya ya Ruangwa,131,Nambilanje,10687.0,3079.0,Ruangwa District Council,124.0
08,Lindi,05,Ruangwa,Halmashauri ya Wilaya ya Ruangwa,181,Chibula,4056.0,1405.0,Ruangwa District Council,124.0
08,Lindi,05,Ruangwa,Halmashauri ya Wilaya ya Ruangwa,013,Ruangwa,7557.0,2384.0,Ruangwa District Council,124.0
08,Lindi,05,Ruangwa,Halmashauri ya Wilaya ya Ruangwa,023,Mbekenyera,16531.0,5522.0,Ruangwa District Council,124.0
08,Lindi,05,Ruangwa,Halmashauri ya Wilaya ya Ruangwa,071,Namichiga,7129.0,2298.0,Ruangwa District Council,124.0
08,Lindi,05,Ruangwa,Halmashauri ya Wilaya ya Ruangwa,081,Narungombe,6151.0,2033.0,Ruangwa District Council,124.0
08,Lindi,05,Ruangwa,Halmashauri ya Wilaya ya Ruangwa,091,Makanjiro,4002.0,1425.0,Ruangwa District Council,124.0
08,Lindi,05,Ruangwa,Halmashauri ya Wilaya ya Ruangwa,101,Likunja,10977.0,3822.0,Ruangwa District Council,124.0
08,Lindi,05,Ruangwa,Halmashauri ya Wilaya ya Ruangwa,141,Chunyu,7638.0,2503.0,Ruangwa District Council,124.0
08,Lindi,05,Ruangwa,Halmashauri ya Wilaya ya Ruangwa,151,Mandarawe,4613.0,1513.0,Ruangwa District Council,124.0
08,Lindi,05,Ruangwa,Halmashauri ya Wilaya ya Ruangwa,163,Nachingwea,18343.0,5828.0,Ruangwa District Council,124.0
08,Lindi,05,Ruangwa,Halmashauri ya Wilaya ya Ruangwa,171,Matambarale,7511.0,2391.0,Ruangwa District Council,124.0
08,Lindi,05,Ruangwa,Halmashauri ya Wilaya ya Ruangwa,221,Mbwemkuru,,,,
08,Lindi,05,Ruangwa,Halmashauri ya Wilaya ya Ruangwa,033,Nkowe,6403.0,2128.0,Ruangwa District Council,124.0
08,Lindi,05,Ruangwa,Halmashauri ya Wilaya ya Ruangwa,041,Malolo,9994.0,3443.0,Ruangwa District Council,124.0
08,Lindi,05,Ruangwa,Halmashauri ya Wilaya ya Ruangwa,051,Luchelegwa,5558.0,1834.0,Ruangwa District Council,124.0
08,Lindi,05,Ruangwa,Halmashauri ya Wilaya ya Ruangwa,061,Chienjele,11824.0,4004.0,Ruangwa District Council,124.0
08,Lindi,05,Ruangwa,Halmashauri ya Wilaya ya Ruangwa,111,Mnacho,8261.0,2899.0,Ruangwa District Council,124.0
08,Lindi,05,Ruangwa,Halmashauri ya Wilaya ya Ruangwa,191,Nandagala,7391.0,2441.0,Ruangwa District Council,124.0
08,Lindi,05,Ruangwa,Halmashauri ya Wilaya ya Ruangwa,201,Nanganga,6671.0,2269.0,Ruangwa District Council,124.0
08,Lindi,05,Ruangwa,Halmashauri ya Wilaya ya Ruangwa,211,Chinongwe,9356.0,3025.0,Ruangwa District Council,124.0
09,Mtwara,01,Mtwara,Halmashauri ya Wilaya ya Mtwara,041,Mahurunga,8950.0,2579.0,Mtwara District Council,127.0
09,Mtwara,01,Mtwara,Halmashauri ya Wilaya ya Mtwara,241,Tangazo,7515.0,1980.0,Mtwara District Council,127.0
09,Mtwara,01,Mtwara,Halmashauri ya Wilaya ya Mtwara,013,Madimba,11394.0,3183.0,Mtwara District Council,127.0
09,Mtwara,01,Mtwara,Halmashauri ya Wilaya ya Mtwara,021,Ziwani,6741.0,2013.0,Mtwara District Council,127.0
09,Mtwara,01,Mtwara,Halmashauri ya Wilaya ya Mtwara,031,Nanguruwe,8730.0,2495.0,Mtwara District Council,127.0
09,Mtwara,01,Mtwara,Halmashauri ya Wilaya ya Mtwara,221,Mbawala,10061.0,2873.0,Mtwara District Council,127.0
09,Mtwara,01,Mtwara,Halmashauri ya Wilaya ya Mtwara,231,Msanga Mkuu,7481.0,2043.0,Mtwara District Council,127.0
09,Mtwara,01,Mtwara,Halmashauri ya Wilaya ya Mtwara,251,Msimbati,5715.0,1660.0,Mtwara District Council,127.0
09,Mtwara,01,Mtwara,Halmashauri ya Wilaya ya Mtwara,261,Nalingu,5501.0,1546.0,Mtwara District Council,127.0
09,Mtwara,01,Mtwara,Halmashauri ya Wilaya ya Mtwara,271,Moma,4483.0,1295.0,Mtwara District Council,127.0
09,Mtwara,01,Mtwara,Halmashauri ya Wilaya ya Mtwara,111,Dihimba,8429.0,2344.0,Mtwara District Council,127.0
09,Mtwara,01,Mtwara,Halmashauri ya Wilaya ya Mtwara,211,Muungano,3474.0,962.0,Mtwara District Council,127.0
09,Mtwara,01,Mtwara,Halmashauri ya Wilaya ya Mtwara,281,Lipwidi,4007.0,1135.0,Mtwara District Council,127.0
09,Mtwara,01,Mtwara,Halmashauri ya Wilaya ya Mtwara,291,Mangopachanne,5473.0,1483.0,Mtwara District Council,127.0
09,Mtwara,01,Mtwara,Halmashauri ya Wilaya ya Mtwara,151,Mayanga,8042.0,2284.0,Mtwara District Council,127.0
09,Mtwara,01,Mtwara,Halmashauri ya Wilaya ya Mtwara,161,Naumbu,11420.0,3287.0,Mtwara District Council,127.0
09,Mtwara,01,Mtwara,Halmashauri ya Wilaya ya Mtwara,301,Mkunwa,6534.0,1854.0,Mtwara District Council,127.0
09,Mtwara,01,Mtwara,Halmashauri ya Wilaya ya Mtwara,131,Kitere,12169.0,3455.0,Mtwara District Council,127.0
09,Mtwara,01,Mtwara,Halmashauri ya Wilaya ya Mtwara,141,Ndumbwe,7350.0,2126.0,Mtwara District Council,127.0
09,Mtwara,01,Mtwara,Halmashauri ya Wilaya ya Mtwara,191,Libobe,8204.0,2263.0,Mtwara District Council,127.0
09,Mtwara,01,Mtwara,Halmashauri ya Wilaya ya Mtwara,201,Mpapura,6831.0,1908.0,Mtwara District Council,127.0
09,Mtwara,01,Mtwara,Halmashauri ya Mji wa Nanyamba,121,Mnima,,,,
09,Mtwara,01,Mtwara,Halmashauri ya Mji wa Nanyamba,051,Kitaya,,,,
09,Mtwara,01,Mtwara,Halmashauri ya Mji wa Nanyamba,061,Kiromba,,,,
09,Mtwara,01,Mtwara,Halmashauri ya Mji wa Nanyamba,171,Chawi,,,,
09,Mtwara,01,Mtwara,Halmashauri ya Mji wa Nanyamba,251,Kiyanga,,,,
09,Mtwara,01,Mtwara,Halmashauri ya Mji wa Nanyamba,071,Njengwa,,,,
09,Mtwara,01,Mtwara,Halmashauri ya Mji wa Nanyamba,081,Nitekela,,,,
09,Mtwara,01,Mtwara,Halmashauri ya Mji wa Nanyamba,092,Nanyamba,,,,
09,Mtwara,01,Mtwara,Halmashauri ya Mji wa Nanyamba,101,Mtiniko,,,,
09,Mtwara,01,Mtwara,Halmashauri ya Mji wa Nanyamba,181,Namtumbuka,,,,
09,Mtwara,01,Mtwara,Halmashauri ya Mji wa Nanyamba,261,Milangominne,,,,
09,Mtwara,01,Mtwara,Halmashauri ya Mji wa Nanyamba,271,Mbembaleo,,,,
09,Mtwara,01,Mtwara,Halmashauri ya Mji wa Nanyamba,281,Mtimbwilimbwi,,,,
09,Mtwara,01,Mtwara,Halmashauri ya Mji wa Nanyamba,292,Dinyecha,,,,
09,Mtwara,01,Mtwara,Halmashauri ya Mji wa Nanyamba,301,Nyundo,,,,
09,Mtwara,01,Mtwara,Halmashauri ya Mji wa Nanyamba,311,Mnongodi,,,,
09,Mtwara,01,Mtwara,Halmashauri ya Mji wa Nanyamba,321,Hinju,,,,
09,Mtwara,01,Mtwara,Halmashauri ya Manispaa ya Mtwara Mikindani,012,Majengo,3776.0,1325.0,Mtwara Municipal Council,129.0
09,Mtwara,01,Mtwara,Halmashauri ya Manispaa ya Mtwara Mikindani,022,Chikongola,6190.0,2145.0,Mtwara Municipal Council,129.0
09,Mtwara,01,Mtwara,Halmashauri ya Manispaa ya Mtwara Mikindani,032,Likombe,13743.0,3982.0,Mtwara Municipal Council,129.0
09,Mtwara,01,Mtwara,Halmashauri ya Manispaa ya Mtwara Mikindani,042,Reli,2420.0,856.0,Mtwara Municipal Council,129.0
09,Mtwara,01,Mtwara,Halmashauri ya Manispaa ya Mtwara Mikindani,052,Shangani,10420.0,3515.0,Mtwara Municipal Council,129.0
09,Mtwara,01,Mtwara,Halmashauri ya Manispaa ya Mtwara Mikindani,062,Vigaeni,3073.0,1038.0,Mtwara Municipal Council,129.0
09,Mtwara,01,Mtwara,Halmashauri ya Manispaa ya Mtwara Mikindani,072,Chuno,9955.0,2823.0,Mtwara Municipal Council,129.0
09,Mtwara,01,Mtwara,Halmashauri ya Manispaa ya Mtwara Mikindani,122,Ufukoni,22352.0,6534.0,Mtwara Municipal Council,129.0
09,Mtwara,01,Mtwara,Halmashauri ya Manispaa ya Mtwara Mikindani,142,Rahaleo,4744.0,1638.0,Mtwara Municipal Council,129.0
09,Mtwara,01,Mtwara,Halmashauri ya Manispaa ya Mtwara Mikindani,152,Naliendele,9738.0,2808.0,Mtwara Municipal Council,129.0
09,Mtwara,01,Mtwara,Halmashauri ya Manispaa ya Mtwara Mikindani,162,Magomeni,25220.0,7566.0,Mtwara Municipal Council,129.0
09,Mtwara,01,Mtwara,Halmashauri ya Manispaa ya Mtwara Mikindani,172,Mtawanya,7183.0,2104.0,Mtwara Municipal Council,129.0
09,Mtwara,01,Mtwara,Halmashauri ya Manispaa ya Mtwara Mikindani,182,Tandika,9689.0,3180.0,Mtwara Municipal Council,129.0
09,Mtwara,01,Mtwara,Halmashauri ya Manispaa ya Mtwara Mikindani,083,Jangwani,5979.0,1733.0,Mtwara Municipal Council,129.0
09,Mtwara,01,Mtwara,Halmashauri ya Manispaa ya Mtwara Mikindani,092,Kisungule,1587.0,492.0,Mtwara Municipal Council,129.0
09,Mtwara,01,Mtwara,Halmashauri ya Manispaa ya Mtwara Mikindani,102,Mitengo,5790.0,1605.0,Mtwara Municipal Council,129.0
09,Mtwara,01,Mtwara,Halmashauri ya Manispaa ya Mtwara Mikindani,112,Mtonya,2182.0,639.0,Mtwara Municipal Council,129.0
09,Mtwara,01,Mtwara,Halmashauri ya Manispaa ya Mtwara Mikindani,132,Magengeni,2731.0,752.0,Mtwara Municipal Council,129.0
09,Mtwara,02,Newala,Halmashauri ya Wilaya ya Newala,011,Mikumbi,6523.0,1813.0,Newala District Council,130.0
09,Mtwara,02,Newala,Halmashauri ya Wilaya ya Newala,021,Chihangu,7149.0,2094.0,Newala District Council,130.0
09,Mtwara,02,Newala,Halmashauri ya Wilaya ya Newala,031,Nambali,7149.0,2124.0,Newala District Council,130.0
09,Mtwara,02,Newala,Halmashauri ya Wilaya ya Newala,091,Mnyambe,8681.0,2698.0,Newala District Council,130.0
09,Mtwara,02,Newala,Halmashauri ya Wilaya ya Newala,101,Chilangala,4168.0,1213.0,Newala District Council,130.0
09,Mtwara,02,Newala,Halmashauri ya Wilaya ya Newala,111,Mkoma II,3040.0,955.0,Newala District Council,130.0
09,Mtwara,02,Newala,Halmashauri ya Wilaya ya Newala,041,Nandwahi,7612.0,2372.0,Newala District Council,130.0
09,Mtwara,02,Newala,Halmashauri ya Wilaya ya Newala,051,Mnyeu,4189.0,1302.0,Newala District Council,130.0
09,Mtwara,02,Newala,Halmashauri ya Wilaya ya Newala,123,Kitangali,,,,
09,Mtwara,02,Newala,Halmashauri ya Wilaya ya Newala,161,Chiwonga,6187.0,1887.0,Newala District Council,130.0
09,Mtwara,02,Newala,Halmashauri ya Wilaya ya Newala,171,Maputi,7374.0,2343.0,Newala District Council,130.0
09,Mtwara,02,Newala,Halmashauri ya Wilaya ya Newala,061,Muungano,6055.0,1865.0,Newala District Council,130.0
09,Mtwara,02,Newala,Halmashauri ya Wilaya ya Newala,071,Mpwapwa,4312.0,1374.0,Newala District Council,130.0
09,Mtwara,02,Newala,Halmashauri ya Wilaya ya Newala,131,Malatu,7811.0,2534.0,Newala District Council,130.0
09,Mtwara,02,Newala,Halmashauri ya Wilaya ya Newala,141,Mchemo,6631.0,2044.0,Newala District Council,130.0
09,Mtwara,02,Newala,Halmashauri ya Wilaya ya Newala,151,Mtopwa,6122.0,1853.0,Newala District Council,130.0
09,Mtwara,02,Newala,Halmashauri ya Wilaya ya Newala,081,Chitekete,4170.0,1331.0,Newala District Council,130.0
09,Mtwara,02,Newala,Halmashauri ya Wilaya ya Newala,181,Makukwe,7182.0,2105.0,Newala District Council,130.0
09,Mtwara,02,Newala,Halmashauri ya Wilaya ya Newala,191,Mkwedu,7332.0,2223.0,Newala District Council,130.0
09,Mtwara,02,Newala,Halmashauri ya Wilaya ya Newala,201,Mtunguru,7184.0,2191.0,Newala District Council,130.0
09,Mtwara,02,Newala,Halmashauri ya Wilaya ya Newala,211,Mdimba Mpelempele,,,,
09,Mtwara,02,Newala,Halmashauri ya Wilaya ya Newala,221,Nakahako,4924.0,1593.0,Newala District Council,130.0
09,Mtwara,02,Newala,Halmashauri ya Mji wa Newala,071,Mnekachi,6703.0,2095.0,Newala Town Council,131.0
09,Mtwara,02,Newala,Halmashauri ya Mji wa Newala,012,Luchingu,10503.0,3281.0,Newala Town Council,131.0
09,Mtwara,02,Newala,Halmashauri ya Mji wa Newala,021,Makote,6017.0,1786.0,Newala Town Council,131.0
09,Mtwara,02,Newala,Halmashauri ya Mji wa Newala,042,Mtonya,3963.0,1136.0,Newala Town Council,131.0
09,Mtwara,02,Newala,Halmashauri ya Mji wa Newala,061,Namiyonga,4178.0,1319.0,Newala Town Council,131.0
09,Mtwara,02,Newala,Halmashauri ya Mji wa Newala,091,Mahumbika,3735.0,1147.0,Newala Town Council,131.0
09,Mtwara,02,Newala,Halmashauri ya Mji wa Newala,102,Tulindane,6513.0,2048.0,Newala Town Council,131.0
09,Mtwara,02,Newala,Halmashauri ya Mji wa Newala,112,Julia,4160.0,1266.0,Newala Town Council,131.0
09,Mtwara,02,Newala,Halmashauri ya Mji wa Newala,122,Nangwala,9723.0,3012.0,Newala Town Council,131.0
09,Mtwara,02,Newala,Halmashauri ya Mji wa Newala,131,Makonga,8096.0,2514.0,Newala Town Council,131.0
09,Mtwara,02,Newala,Halmashauri ya Mji wa Newala,141,Mkulung'ulu,3872.0,1170.0,Newala Town Council,131.0
09,Mtwara,02,Newala,Halmashauri ya Mji wa Newala,031,Nanguruwe,8247.0,2481.0,Newala Town Council,131.0
09,Mtwara,02,Newala,Halmashauri ya Mji wa Newala,041,Mkunya,6998.0,2111.0,Newala Town Council,131.0
09,Mtwara,02,Newala,Halmashauri ya Mji wa Newala,051,Mcholi I,8655.0,2510.0,Newala Town Council,131.0
09,Mtwara,02,Newala,Halmashauri ya Mji wa Newala,071,Mcholi II,6954.0,2086.0,Newala Town Council,131.0
09,Mtwara,02,Newala,Halmashauri ya Mji wa Newala,081,Mtumachi,6032.0,1859.0,Newala Town Council,131.0
09,Mtwara,03,Masasi,Halmashauri ya Wilaya ya Masasi,071,Chigugu,10004.0,3161.0,Masasi District Council,132.0
09,Mtwara,03,Masasi,Halmashauri ya Wilaya ya Masasi,083,Mwena,6570.0,2155.0,Masasi District Council,132.0
09,Mtwara,03,Masasi,Halmashauri ya Wilaya ya Masasi,093,Nanganga,12735.0,4086.0,Masasi District Council,132.0
09,Mtwara,03,Masasi,Halmashauri ya Wilaya ya Masasi,101,Chiwata,6046.0,1871.0,Masasi District Council,132.0
09,Mtwara,03,Masasi,Halmashauri ya Wilaya ya Masasi,291,Mpindimbi,8689.0,2814.0,Masasi District Council,132.0
09,Mtwara,03,Masasi,Halmashauri ya Wilaya ya Masasi,301,Chikukwe,10715.0,3407.0,Masasi District Council,132.0
09,Mtwara,03,Masasi,Halmashauri ya Wilaya ya Masasi,313,Nangoo,11325.0,3654.0,Masasi District Council,132.0
09,Mtwara,03,Masasi,Halmashauri ya Wilaya ya Masasi,323,Chikundi,10324.0,3326.0,Masasi District Council,132.0
09,Mtwara,03,Masasi,Halmashauri ya Wilaya ya Masasi,333,Ndanda,14328.0,4330.0,Masasi District Council,132.0
09,Mtwara,03,Masasi,Halmashauri ya Wilaya ya Masasi,011,Namatutwe,15120.0,4704.0,Masasi District Council,132.0
09,Mtwara,03,Masasi,Halmashauri ya Wilaya ya Masasi,021,Namajani,16079.0,4749.0,Masasi District Council,132.0
09,Mtwara,03,Masasi,Halmashauri ya Wilaya ya Masasi,031,Mlingula,11092.0,3340.0,Masasi District Council,132.0
09,Mtwara,03,Masasi,Halmashauri ya Wilaya ya Masasi,041,Chiwale,21466.0,6534.0,Masasi District Council,132.0
09,Mtwara,03,Masasi,Halmashauri ya Wilaya ya Masasi,053,Lukuledi,13019.0,3985.0,Masasi District Council,132.0
09,Mtwara,03,Masasi,Halmashauri ya Wilaya ya Masasi,061,Mpanyani,9473.0,2832.0,Masasi District Council,132.0
09,Mtwara,03,Masasi,Halmashauri ya Wilaya ya Masasi,341,Msikisi,8172.0,2433.0,Masasi District Council,132.0
09,Mtwara,03,Masasi,Halmashauri ya Wilaya ya Masasi,353,Chikunja,6423.0,2129.0,Masasi District Council,132.0
09,Mtwara,03,Masasi,Halmashauri ya Wilaya ya Masasi,121,Mkululu,10118.0,3323.0,Masasi District Council,132.0
09,Mtwara,03,Masasi,Halmashauri ya Wilaya ya Masasi,183,Namalenga,10062.0,3366.0,Masasi District Council,132.0
09,Mtwara,03,Masasi,Halmashauri ya Wilaya ya Masasi,223,Lulindi,8423.0,2661.0,Masasi District Council,132.0
09,Mtwara,03,Masasi,Halmashauri ya Wilaya ya Masasi,231,Namwanga,4886.0,1562.0,Masasi District Council,132.0
09,Mtwara,03,Masasi,Halmashauri ya Wilaya ya Masasi,241,Mitesa,3085.0,998.0,Masasi District Council,132.0
09,Mtwara,03,Masasi,Halmashauri ya Wilaya ya Masasi,171,Sindano,6368.0,1954.0,Masasi District Council,132.0
09,Mtwara,03,Masasi,Halmashauri ya Wilaya ya Masasi,191,Mchauru,12941.0,4095.0,Masasi District Council,132.0
09,Mtwara,03,Masasi,Halmashauri ya Wilaya ya Masasi,201,Mnavira,7235.0,2077.0,Masasi District Council,132.0
09,Mtwara,03,Masasi,Halmashauri ya Wilaya ya Masasi,211,Chikoropola,9529.0,2736.0,Masasi District Council,132.0
09,Mtwara,03,Masasi,Halmashauri ya Wilaya ya Masasi,251,Makong'onda,6909.0,2213.0,Masasi District Council,132.0
09,Mtwara,03,Masasi,Halmashauri ya Wilaya ya Masasi,131,Nanjota,5151.0,1554.0,Masasi District Council,132.0
09,Mtwara,03,Masasi,Halmashauri ya Wilaya ya Masasi,143,Chiungutwa,9694.0,2972.0,Masasi District Council,132.0
09,Mtwara,03,Masasi,Halmashauri ya Wilaya ya Masasi,151,Mbuyuni,10004.0,3038.0,Masasi District Council,132.0
09,Mtwara,03,Masasi,Halmashauri ya Wilaya ya Masasi,161,Lipumburu,3459.0,1077.0,Masasi District Council,132.0
09,Mtwara,03,Masasi,Halmashauri ya Wilaya ya Masasi,263,Mpeta,5871.0,1847.0,Masasi District Council,132.0
09,Mtwara,03,Masasi,Halmashauri ya Wilaya ya Masasi,271,Lupaso,4938.0,1510.0,Masasi District Council,132.0
09,Mtwara,03,Masasi,Halmashauri ya Wilaya ya Masasi,281,Mijelejele,4525.0,1453.0,Masasi District Council,132.0
09,Mtwara,03,Masasi,Halmashauri ya Mji wa Masasi,013,Mwenge Mtapika,9289.0,2727.0,Masasi Town Council,133.0
09,Mtwara,03,Masasi,Halmashauri ya Mji wa Masasi,023,Temeke,13762.0,4338.0,Masasi Town Council,133.0
09,Mtwara,03,Masasi,Halmashauri ya Mji wa Masasi,032,Mkuti,14881.0,4827.0,Masasi Town Council,133.0
09,Mtwara,03,Masasi,Halmashauri ya Mji wa Masasi,052,Nyasa,12820.0,4142.0,Masasi Town Council,133.0
09,Mtwara,03,Masasi,Halmashauri ya Mji wa Masasi,063,Marika,5685.0,1820.0,Masasi Town Council,133.0
09,Mtwara,03,Masasi,Halmashauri ya Mji wa Masasi,072,Mkomaindo,7429.0,2156.0,Masasi Town Council,133.0
09,Mtwara,03,Masasi,Halmashauri ya Mji wa Masasi,082,Mtandi,9848.0,2966.0,Masasi Town Council,133.0
09,Mtwara,03,Masasi,Halmashauri ya Mji wa Masasi,092,Jida,11027.0,3523.0,Masasi Town Council,133.0
09,Mtwara,03,Masasi,Halmashauri ya Mji wa Masasi,102,Migongo,8355.0,2531.0,Masasi Town Council,133.0
09,Mtwara,03,Masasi,Halmashauri ya Mji wa Masasi,113,Sululu,12578.0,3898.0,Masasi Town Council,133.0
09,Mtwara,03,Masasi,Halmashauri ya Mji wa Masasi,122,Chanikanguo,6549.0,2101.0,Masasi Town Council,133.0
09,Mtwara,03,Masasi,Halmashauri ya Mji wa Masasi,132,Napupa,11310.0,3625.0,Masasi Town Council,133.0
09,Mtwara,03,Masasi,Halmashauri ya Mji wa Masasi,143,Mumbaka,6291.0,2095.0,Masasi Town Council,133.0
09,Mtwara,03,Masasi,Halmashauri ya Mji wa Masasi,153,Matawale,7761.0,2410.0,Masasi Town Council,133.0
09,Mtwara,04,Tandahimba,Halmashauri ya Wilaya ya Tandahimba,023,Kitama 1,17252.0,4986.0,Tandahimba District Council,134.0
09,Mtwara,04,Tandahimba,Halmashauri ya Wilaya ya Tandahimba,031,Michenjele,8387.0,2465.0,Tandahimba District Council,134.0
09,Mtwara,04,Tandahimba,Halmashauri ya Wilaya ya Tandahimba,041,Mihambwe,12454.0,3511.0,Tandahimba District Council,134.0
09,Mtwara,04,Tandahimba,Halmashauri ya Wilaya ya Tandahimba,051,Mkoreha,10453.0,3007.0,Tandahimba District Council,134.0
09,Mtwara,04,Tandahimba,Halmashauri ya Wilaya ya Tandahimba,251,Miuta,5464.0,1634.0,Tandahimba District Council,134.0
09,Mtwara,04,Tandahimba,Halmashauri ya Wilaya ya Tandahimba,013,Tandahimba,25681.0,7857.0,Tandahimba District Council,134.0
09,Mtwara,04,Tandahimba,Halmashauri ya Wilaya ya Tandahimba,071,Naputa,7939.0,2307.0,Tandahimba District Council,134.0
09,Mtwara,04,Tandahimba,Halmashauri ya Wilaya ya Tandahimba,083,Namikupa,9983.0,3107.0,Tandahimba District Council,134.0
09,Mtwara,04,Tandahimba,Halmashauri ya Wilaya ya Tandahimba,241,Nambahu,10705.0,3145.0,Tandahimba District Council,134.0
09,Mtwara,04,Tandahimba,Halmashauri ya Wilaya ya Tandahimba,313,Malopokelo,6789.0,2118.0,Tandahimba District Council,134.0
09,Mtwara,04,Tandahimba,Halmashauri ya Wilaya ya Tandahimba,061,Maundo,13928.0,4163.0,Tandahimba District Council,134.0
09,Mtwara,04,Tandahimba,Halmashauri ya Wilaya ya Tandahimba,091,Mnyawa,11218.0,3220.0,Tandahimba District Council,134.0
09,Mtwara,04,Tandahimba,Halmashauri ya Wilaya ya Tandahimba,111,Lukokoda,6193.0,1939.0,Tandahimba District Council,134.0
09,Mtwara,04,Tandahimba,Halmashauri ya Wilaya ya Tandahimba,261,Kwanyama,4972.0,1514.0,Tandahimba District Council,134.0
09,Mtwara,04,Tandahimba,Halmashauri ya Wilaya ya Tandahimba,271,Mchichira,7905.0,2447.0,Tandahimba District Council,134.0
09,Mtwara,04,Tandahimba,Halmashauri ya Wilaya ya Tandahimba,101,Mkundi,11637.0,3332.0,Tandahimba District Council,134.0
09,Mtwara,04,Tandahimba,Halmashauri ya Wilaya ya Tandahimba,123,Mahuta,6965.0,2194.0,Tandahimba District Council,134.0
09,Mtwara,04,Tandahimba,Halmashauri ya Wilaya ya Tandahimba,133,Nanhyanga,13388.0,4208.0,Tandahimba District Council,134.0
09,Mtwara,04,Tandahimba,Halmashauri ya Wilaya ya Tandahimba,141,Chingungwe,9293.0,2800.0,Tandahimba District Council,134.0
09,Mtwara,04,Tandahimba,Halmashauri ya Wilaya ya Tandahimba,283,Chikongola,9631.0,3065.0,Tandahimba District Council,134.0
09,Mtwara,04,Tandahimba,Halmashauri ya Wilaya ya Tandahimba,291,Dinduma,5428.0,1725.0,Tandahimba District Council,134.0
09,Mtwara,04,Tandahimba,Halmashauri ya Wilaya ya Tandahimba,151,Mdimba Mnyoma,11113.0,3410.0,Tandahimba District Council,134.0
09,Mtwara,04,Tandahimba,Halmashauri ya Wilaya ya Tandahimba,161,Milongodi,6155.0,1843.0,Tandahimba District Council,134.0
09,Mtwara,04,Tandahimba,Halmashauri ya Wilaya ya Tandahimba,171,Lyenje,5001.0,1489.0,Tandahimba District Council,134.0
09,Mtwara,04,Tandahimba,Halmashauri ya Wilaya ya Tandahimba,181,Chaume,9206.0,2728.0,Tandahimba District Council,134.0
09,Mtwara,04,Tandahimba,Halmashauri ya Wilaya ya Tandahimba,191,Mkonjowano,6021.0,1871.0,Tandahimba District Council,134.0
09,Mtwara,04,Tandahimba,Halmashauri ya Wilaya ya Tandahimba,301,Mndumbwe,9396.0,2942.0,Tandahimba District Council,134.0
09,Mtwara,04,Tandahimba,Halmashauri ya Wilaya ya Tandahimba,321,Mkwedu,3445.0,1057.0,Tandahimba District Council,134.0
09,Mtwara,04,Tandahimba,Halmashauri ya Wilaya ya Tandahimba,201,Luagala,8600.0,2613.0,Tandahimba District Council,134.0
09,Mtwara,04,Tandahimba,Halmashauri ya Wilaya ya Tandahimba,231,Litehu,6793.0,2023.0,Tandahimba District Council,134.0
09,Mtwara,04,Tandahimba,Halmashauri ya Wilaya ya Tandahimba,211,Ngunja,12073.0,3511.0,Tandahimba District Council,134.0
09,Mtwara,04,Tandahimba,Halmashauri ya Wilaya ya Tandahimba,221,Mkwiti,5605.0,1681.0,Tandahimba District Council,134.0
09,Mtwara,05,Nanyumbu,Halmashauri ya Wilaya Nanyumbu,031,Lumesule,14450.0,3940.0,Nanyumbu District Council,135.0
09,Mtwara,05,Nanyumbu,Halmashauri ya Wilaya Nanyumbu,043,Likokona,14707.0,4296.0,Nanyumbu District Council,135.0
09,Mtwara,05,Nanyumbu,Halmashauri ya Wilaya Nanyumbu,141,Napacho,13759.0,3976.0,Nanyumbu District Council,135.0
09,Mtwara,05,Nanyumbu,Halmashauri ya Wilaya Nanyumbu,153,Michiga,13665.0,4015.0,Nanyumbu District Council,135.0
09,Mtwara,05,Nanyumbu,Halmashauri ya Wilaya Nanyumbu,013,Mangaka,12776.0,3904.0,Nanyumbu District Council,135.0
09,Mtwara,05,Nanyumbu,Halmashauri ya Wilaya Nanyumbu,021,Nangomba,9785.0,2991.0,Nanyumbu District Council,135.0
09,Mtwara,05,Nanyumbu,Halmashauri ya Wilaya Nanyumbu,051,Sengenya,20626.0,6038.0,Nanyumbu District Council,135.0
09,Mtwara,05,Nanyumbu,Halmashauri ya Wilaya Nanyumbu,131,Chipuputa,12469.0,3688.0,Nanyumbu District Council,135.0
09,Mtwara,05,Nanyumbu,Halmashauri ya Wilaya Nanyumbu,173,Kilimanihewa,12927.0,3835.0,Nanyumbu District Council,135.0
09,Mtwara,05,Nanyumbu,Halmashauri ya Wilaya Nanyumbu,061,Mnanje,8476.0,2648.0,Nanyumbu District Council,135.0
09,Mtwara,05,Nanyumbu,Halmashauri ya Wilaya Nanyumbu,071,Mikangaula,9892.0,3084.0,Nanyumbu District Council,135.0
09,Mtwara,05,Nanyumbu,Halmashauri ya Wilaya Nanyumbu,081,Maratani,7692.0,2387.0,Nanyumbu District Council,135.0
09,Mtwara,05,Nanyumbu,Halmashauri ya Wilaya Nanyumbu,091,Nandete,11785.0,3568.0,Nanyumbu District Council,135.0
09,Mtwara,05,Nanyumbu,Halmashauri ya Wilaya Nanyumbu,161,Kamundi,9296.0,2925.0,Nanyumbu District Council,135.0
09,Mtwara,05,Nanyumbu,Halmashauri ya Wilaya Nanyumbu,101,Mkonona,9577.0,2805.0,Nanyumbu District Council,135.0
09,Mtwara,05,Nanyumbu,Halmashauri ya Wilaya Nanyumbu,111,Nanyumbu,13654.0,4067.0,Nanyumbu District Council,135.0
09,Mtwara,05,Nanyumbu,Halmashauri ya Wilaya Nanyumbu,121,Masuguru,8787.0,2570.0,Nanyumbu District Council,135.0
10,Ruvuma,01,Tunduru,Halmashauri ya Wilaya ya Tunduru,011,Kalulu,4763.0,1127.0,Tunduru District Council,138.0
10,Ruvuma,01,Tunduru,Halmashauri ya Wilaya ya Tunduru,021,Ligunga,10498.0,2582.0,Tunduru District Council,138.0
10,Ruvuma,01,Tunduru,Halmashauri ya Wilaya ya Tunduru,231,Matemanga,12155.0,2886.0,Tunduru District Council,138.0
10,Ruvuma,01,Tunduru,Halmashauri ya Wilaya ya Tunduru,241,Namwinyu,13724.0,3153.0,Tunduru District Council,138.0
10,Ruvuma,01,Tunduru,Halmashauri ya Wilaya ya Tunduru,291,Jakika,3902.0,956.0,Tunduru District Council,138.0
10,Ruvuma,01,Tunduru,Halmashauri ya Wilaya ya Tunduru,041,Mindu,5752.0,1654.0,Tunduru District Council,138.0
10,Ruvuma,01,Tunduru,Halmashauri ya Wilaya ya Tunduru,051,Ngapa,4747.0,1351.0,Tunduru District Council,138.0
10,Ruvuma,01,Tunduru,Halmashauri ya Wilaya ya Tunduru,061,Nakapanya,8537.0,2452.0,Tunduru District Council,138.0
10,Ruvuma,01,Tunduru,Halmashauri ya Wilaya ya Tunduru,071,Muhuwesi,14194.0,4087.0,Tunduru District Council,138.0
10,Ruvuma,01,Tunduru,Halmashauri ya Wilaya ya Tunduru,281,Namiungo,13014.0,3774.0,Tunduru District Council,138.0
10,Ruvuma,01,Tunduru,Halmashauri ya Wilaya ya Tunduru,371,Majimaji,9682.0,2583.0,Tunduru District Council,138.0
10,Ruvuma,01,Tunduru,Halmashauri ya Wilaya ya Tunduru,381,Namakambale,15142.0,4193.0,Tunduru District Council,138.0
10,Ruvuma,01,Tunduru,Halmashauri ya Wilaya ya Tunduru,391,Tinginya,6689.0,1798.0,Tunduru District Council,138.0
10,Ruvuma,01,Tunduru,Halmashauri ya Wilaya ya Tunduru,033,Mlingoti Mashariki,6153.0,1848.0,Tunduru District Council,138.0
10,Ruvuma,01,Tunduru,Halmashauri ya Wilaya ya Tunduru,191,Mlingoti Magharibi,4691.0,1333.0,Tunduru District Council,138.0
10,Ruvuma,01,Tunduru,Halmashauri ya Wilaya ya Tunduru,303,Masonya,10427.0,2954.0,Tunduru District Council,138.0
10,Ruvuma,01,Tunduru,Halmashauri ya Wilaya ya Tunduru,311,Sisi Kwa Sisi,7109.0,2050.0,Tunduru District Council,138.0
10,Ruvuma,01,Tunduru,Halmashauri ya Wilaya ya Tunduru,321,Mchangani,11623.0,3136.0,Tunduru District Council,138.0
10,Ruvuma,01,Tunduru,Halmashauri ya Wilaya ya Tunduru,333,Majengo,8860.0,2596.0,Tunduru District Council,138.0
10,Ruvuma,01,Tunduru,Halmashauri ya Wilaya ya Tunduru,343,Nanjoka,14851.0,4134.0,Tunduru District Council,138.0
10,Ruvuma,01,Tunduru,Halmashauri ya Wilaya ya Tunduru,353,Nakayaya,11960.0,3377.0,Tunduru District Council,138.0
10,Ruvuma,01,Tunduru,Halmashauri ya Wilaya ya Tunduru,201,Kidodoma,11527.0,2944.0,Tunduru District Council,138.0
10,Ruvuma,01,Tunduru,Halmashauri ya Wilaya ya Tunduru,211,Nandembo,9606.0,2439.0,Tunduru District Council,138.0
10,Ruvuma,01,Tunduru,Halmashauri ya Wilaya ya Tunduru,221,Nampungu,6167.0,1528.0,Tunduru District Council,138.0
10,Ruvuma,01,Tunduru,Halmashauri ya Wilaya ya Tunduru,081,Tuwemacho,10251.0,2838.0,Tunduru District Council,138.0
10,Ruvuma,01,Tunduru,Halmashauri ya Wilaya ya Tunduru,091,Ligoma,10510.0,3009.0,Tunduru District Council,138.0
10,Ruvuma,01,Tunduru,Halmashauri ya Wilaya ya Tunduru,101,Misechela,14798.0,4017.0,Tunduru District Council,138.0
10,Ruvuma,01,Tunduru,Halmashauri ya Wilaya ya Tunduru,111,Namasakata,12436.0,3630.0,Tunduru District Council,138.0
10,Ruvuma,01,Tunduru,Halmashauri ya Wilaya ya Tunduru,271,Mchuluka,3638.0,1069.0,Tunduru District Council,138.0
10,Ruvuma,01,Tunduru,Halmashauri ya Wilaya ya Tunduru,121,Mtina,24763.0,6630.0,Tunduru District Council,138.0
10,Ruvuma,01,Tunduru,Halmashauri ya Wilaya ya Tunduru,131,Mchesi,14414.0,3873.0,Tunduru District Council,138.0
10,Ruvuma,01,Tunduru,Halmashauri ya Wilaya ya Tunduru,141,Lukumbule,15399.0,4048.0,Tunduru District Council,138.0
10,Ruvuma,01,Tunduru,Halmashauri ya Wilaya ya Tunduru,151,Nalasi Magharibi,11204.0,2966.0,Tunduru District Council,138.0
10,Ruvuma,01,Tunduru,Halmashauri ya Wilaya ya Tunduru,161,Mchoteka,16133.0,4121.0,Tunduru District Council,138.0
10,Ruvuma,01,Tunduru,Halmashauri ya Wilaya ya Tunduru,171,Marumba,14639.0,3475.0,Tunduru District Council,138.0
10,Ruvuma,01,Tunduru,Halmashauri ya Wilaya ya Tunduru,181,Mbesa,15053.0,3798.0,Tunduru District Council,138.0
10,Ruvuma,01,Tunduru,Halmashauri ya Wilaya ya Tunduru,251,Mbati,7271.0,1860.0,Tunduru District Council,138.0
10,Ruvuma,01,Tunduru,Halmashauri ya Wilaya ya Tunduru,261,Nalasi Mashariki,10785.0,2620.0,Tunduru District Council,138.0
10,Ruvuma,01,Tunduru,Halmashauri ya Wilaya ya Tunduru,361,Chiwana,4987.0,1319.0,Tunduru District Council,138.0
10,Ruvuma,02,Songea,Halmashauri ya Wilaya ya Songea,101,Liganga,10517.0,2800.0,Songea District Council,139.0
10,Ruvuma,02,Songea,Halmashauri ya Wilaya ya Songea,111,Kilagano,21782.0,5154.0,Songea District Council,139.0
10,Ruvuma,02,Songea,Halmashauri ya Wilaya ya Songea,121,Maposeni,4670.0,1249.0,Songea District Council,139.0
10,Ruvuma,02,Songea,Halmashauri ya Wilaya ya Songea,131,Mpandangindo,6113.0,1723.0,Songea District Council,139.0
10,Ruvuma,02,Songea,Halmashauri ya Wilaya ya Songea,141,Parangu,4886.0,1158.0,Songea District Council,139.0
10,Ruvuma,02,Songea,Halmashauri ya Wilaya ya Songea,153,Peramiho,15503.0,3951.0,Songea District Council,139.0
10,Ruvuma,02,Songea,Halmashauri ya Wilaya ya Songea,161,Litisha,10867.0,2862.0,Songea District Council,139.0
10,Ruvuma,02,Songea,Halmashauri ya Wilaya ya Songea,011,Litapwasi,5110.0,1402.0,Songea District Council,139.0
10,Ruvuma,02,Songea,Halmashauri ya Wilaya ya Songea,021,Mpitimbi,11450.0,3131.0,Songea District Council,139.0
10,Ruvuma,02,Songea,Halmashauri ya Wilaya ya Songea,031,Matimira,12704.0,3106.0,Songea District Council,139.0
10,Ruvuma,02,Songea,Halmashauri ya Wilaya ya Songea,041,Ndongosi,12645.0,2850.0,Songea District Council,139.0
10,Ruvuma,02,Songea,Halmashauri ya Wilaya ya Songea,051,Lilahi,9868.0,2447.0,Songea District Council,139.0
10,Ruvuma,02,Songea,Halmashauri ya Wilaya ya Songea,061,Muhukuru,15519.0,3930.0,Songea District Council,139.0
10,Ruvuma,02,Songea,Halmashauri ya Wilaya ya Songea,071,Kizuka,12413.0,3323.0,Songea District Council,139.0
10,Ruvuma,02,Songea,Halmashauri ya Wilaya ya Songea,081,Magagula (Magagura),9081.0,2477.0,Songea District Council,139.0
10,Ruvuma,02,Songea,Halmashauri ya Wilaya ya Songea,091,Mbinga Mhalule,15073.0,3635.0,Songea District Council,139.0
10,Ruvuma,02,Songea,Halmashauri ya Manispaa ya Songea,012,Mjini,7419.0,2127.0,Songea Municipal Council,140.0
10,Ruvuma,02,Songea,Halmashauri ya Manispaa ya Songea,072,Bombambili,25130.0,7750.0,Songea Municipal Council,140.0
10,Ruvuma,02,Songea,Halmashauri ya Manispaa ya Songea,082,Matogoro,7692.0,1911.0,Songea Municipal Council,140.0
10,Ruvuma,02,Songea,Halmashauri ya Manispaa ya Songea,122,Mshangano,22042.0,5668.0,Songea Municipal Council,140.0
10,Ruvuma,02,Songea,Halmashauri ya Manispaa ya Songea,132,Mletele,6804.0,1700.0,Songea Municipal Council,140.0
10,Ruvuma,02,Songea,Halmashauri ya Manispaa ya Songea,142,Seedfarm,11963.0,2897.0,Songea Municipal Council,140.0
10,Ruvuma,02,Songea,Halmashauri ya Manispaa ya Songea,152,Tanga,14780.0,3644.0,Songea Municipal Council,140.0
10,Ruvuma,02,Songea,Halmashauri ya Manispaa ya Songea,162,Msamala,33822.0,8388.0,Songea Municipal Council,140.0
10,Ruvuma,02,Songea,Halmashauri ya Manispaa ya Songea,212,Ndilimalitembo,9284.0,2465.0,Songea Municipal Council,140.0
10,Ruvuma,02,Songea,Halmashauri ya Manispaa ya Songea,022,Majengo,6599.0,2083.0,Songea Municipal Council,140.0
10,Ruvuma,02,Songea,Halmashauri ya Manispaa ya Songea,032,Misufini,3719.0,1243.0,Songea Municipal Council,140.0
10,Ruvuma,02,Songea,Halmashauri ya Manispaa ya Songea,042,Mfaranyaki,8114.0,2649.0,Songea Municipal Council,140.0
10,Ruvuma,02,Songea,Halmashauri ya Manispaa ya Songea,052,Lizaboni,20120.0,5509.0,Songea Municipal Council,140.0
10,Ruvuma,02,Songea,Halmashauri ya Manispaa ya Songea,062,Matarawe,6997.0,2287.0,Songea Municipal Council,140.0
10,Ruvuma,02,Songea,Halmashauri ya Manispaa ya Songea,092,Ruvuma,27514.0,6839.0,Songea Municipal Council,140.0
10,Ruvuma,02,Songea,Halmashauri ya Manispaa ya Songea,102,Subira,8520.0,2229.0,Songea Municipal Council,140.0
10,Ruvuma,02,Songea,Halmashauri ya Manispaa ya Songea,112,Ruhuwiko,21787.0,5685.0,Songea Municipal Council,140.0
10,Ruvuma,02,Songea,Halmashauri ya Manispaa ya Songea,172,Lilambo,12642.0,3482.0,Songea Municipal Council,140.0
10,Ruvuma,02,Songea,Halmashauri ya Manispaa ya Songea,182,Mwengemshindo,4539.0,1132.0,Songea Municipal Council,140.0
10,Ruvuma,02,Songea,Halmashauri ya Manispaa ya Songea,192,Mjimwema,19640.0,5433.0,Songea Municipal Council,140.0
10,Ruvuma,02,Songea,Halmashauri ya Manispaa ya Songea,202,Mateka,7158.0,1806.0,Songea Municipal Council,140.0
10,Ruvuma,02,Songea,Halmashauri ya Wilaya ya Madaba,013,Lituta,12312.0,3298.0,Madaba District Council,141.0
10,Ruvuma,02,Songea,Halmashauri ya Wilaya ya Madaba,021,Mahanje,6002.0,1651.0,Madaba District Council,141.0
10,Ruvuma,02,Songea,Halmashauri ya Wilaya ya Madaba,031,Matetereka,4730.0,1171.0,Madaba District Council,141.0
10,Ruvuma,02,Songea,Halmashauri ya Wilaya ya Madaba,041,Wino,8870.0,2369.0,Madaba District Council,141.0
10,Ruvuma,02,Songea,Halmashauri ya Wilaya ya Madaba,051,Matumbi,2474.0,503.0,Madaba District Council,141.0
10,Ruvuma,02,Songea,Halmashauri ya Wilaya ya Madaba,061,Mkongotema,10040.0,2754.0,Madaba District Council,141.0
10,Ruvuma,02,Songea,Halmashauri ya Wilaya ya Madaba,071,Gumbiro,8328.0,2092.0,Madaba District Council,141.0
10,Ruvuma,02,Songea,Halmashauri ya Wilaya ya Madaba,081,Mtyangimbole,12459.0,2887.0,Madaba District Council,141.0
10,Ruvuma,03,Mbinga,Halmashauri ya Wilaya ya Mbinga,033,Kigonsera,13323.0,3456.0,Mbinga District Council,142.0
10,Ruvuma,03,Mbinga,Halmashauri ya Wilaya ya Mbinga,041,Kihangimahuka,7695.0,1731.0,Mbinga District Council,142.0
10,Ruvuma,03,Mbinga,Halmashauri ya Wilaya ya Mbinga,081,Lukarasi,7439.0,1758.0,Mbinga District Council,142.0
10,Ruvuma,03,Mbinga,Halmashauri ya Wilaya ya Mbinga,091,Amani Makoro,8665.0,2466.0,Mbinga District Council,142.0
10,Ruvuma,03,Mbinga,Halmashauri ya Wilaya ya Mbinga,161,Mhongozi,5774.0,1318.0,Mbinga District Council,142.0
10,Ruvuma,03,Mbinga,Halmashauri ya Wilaya ya Mbinga,181,Kitumbalomo,5725.0,1308.0,Mbinga District Council,142.0
10,Ruvuma,03,Mbinga,Halmashauri ya Wilaya ya Mbinga,191,Mkako,10299.0,2829.0,Mbinga District Council,142.0
10,Ruvuma,03,Mbinga,Halmashauri ya Wilaya ya Mbinga,283,Matiri,15690.0,3879.0,Mbinga District Council,142.0
10,Ruvuma,03,Mbinga,Halmashauri ya Wilaya ya Mbinga,051,Kitura,9129.0,2179.0,Mbinga District Council,142.0
10,Ruvuma,03,Mbinga,Halmashauri ya Wilaya ya Mbinga,071,Mpapa,12283.0,2883.0,Mbinga District Council,142.0
10,Ruvuma,03,Mbinga,Halmashauri ya Wilaya ya Mbinga,151,Nyoni,12899.0,3146.0,Mbinga District Council,142.0
10,Ruvuma,03,Mbinga,Halmashauri ya Wilaya ya Mbinga,221,Mbuji,12710.0,3156.0,Mbinga District Council,142.0
10,Ruvuma,03,Mbinga,Halmashauri ya Wilaya ya Mbinga,231,Litembo,12432.0,3023.0,Mbinga District Council,142.0
10,Ruvuma,03,Mbinga,Halmashauri ya Wilaya ya Mbinga,111,Kambarage,12091.0,2760.0,Mbinga District Council,142.0
10,Ruvuma,03,Mbinga,Halmashauri ya Wilaya ya Mbinga,121,Mapera,11707.0,2809.0,Mbinga District Council,142.0
10,Ruvuma,03,Mbinga,Halmashauri ya Wilaya ya Mbinga,131,Kipapa,7363.0,1840.0,Mbinga District Council,142.0
10,Ruvuma,03,Mbinga,Halmashauri ya Wilaya ya Mbinga,173,Maguu,16163.0,4014.0,Mbinga District Council,142.0
10,Ruvuma,03,Mbinga,Halmashauri ya Wilaya ya Mbinga,201,Mikalanga,11331.0,2549.0,Mbinga District Council,142.0
10,Ruvuma,03,Mbinga,Halmashauri ya Wilaya ya Mbinga,211,Langiro,12423.0,3142.0,Mbinga District Council,142.0
10,Ruvuma,03,Mbinga,Halmashauri ya Wilaya ya Mbinga,011,Ruanda,11450.0,2935.0,Mbinga District Council,142.0
10,Ruvuma,03,Mbinga,Halmashauri ya Wilaya ya Mbinga,021,Litumbandyosi,11506.0,2809.0,Mbinga District Council,142.0
10,Ruvuma,03,Mbinga,Halmashauri ya Wilaya ya Mbinga,061,Namswea,5191.0,1256.0,Mbinga District Council,142.0
10,Ruvuma,03,Mbinga,Halmashauri ya Wilaya ya Mbinga,251,Muungano,4492.0,1013.0,Mbinga District Council,142.0
10,Ruvuma,03,Mbinga,Halmashauri ya Wilaya ya Mbinga,101,Wukiro,4895.0,1212.0,Mbinga District Council,142.0
10,Ruvuma,03,Mbinga,Halmashauri ya Wilaya ya Mbinga,141,Kipololo,4482.0,1086.0,Mbinga District Council,142.0
10,Ruvuma,03,Mbinga,Halmashauri ya Wilaya ya Mbinga,241,Ngima,6642.0,1642.0,Mbinga District Council,142.0
10,Ruvuma,03,Mbinga,Halmashauri ya Wilaya ya Mbinga,261,Mkumbi,12749.0,3035.0,Mbinga District Council,142.0
10,Ruvuma,03,Mbinga,Halmashauri ya Wilaya ya Mbinga,271,Linda,13371.0,3129.0,Mbinga District Council,142.0
10,Ruvuma,03,Mbinga,Halmashauri ya Wilaya ya Mbinga,291,Ukata,5663.0,1412.0,Mbinga District Council,142.0
10,Ruvuma,03,Mbinga,Halmashauri ya Mji wa Mbinga,011,Luwaita,8907.0,2183.0,Mbinga Town Council,143.0
10,Ruvuma,03,Mbinga,Halmashauri ya Mji wa Mbinga,021,Myangayanga,5745.0,1427.0,Mbinga Town Council,143.0
10,Ruvuma,03,Mbinga,Halmashauri ya Mji wa Mbinga,031,Kitanda,8631.0,2034.0,Mbinga Town Council,143.0
10,Ruvuma,03,Mbinga,Halmashauri ya Mji wa Mbinga,041,Mpepai,17072.0,3865.0,Mbinga Town Council,143.0
10,Ruvuma,03,Mbinga,Halmashauri ya Mji wa Mbinga,051,Utiri,10160.0,2481.0,Mbinga Town Council,143.0
10,Ruvuma,03,Mbinga,Halmashauri ya Mji wa Mbinga,062,Mbinga Mjini,4177.0,1381.0,Mbinga Town Council,143.0
10,Ruvuma,03,Mbinga,Halmashauri ya Mji wa Mbinga,071,Kilimani,14594.0,3407.0,Mbinga Town Council,143.0
10,Ruvuma,03,Mbinga,Halmashauri ya Mji wa Mbinga,081,Mbangamao,8030.0,1809.0,Mbinga Town Council,143.0
10,Ruvuma,03,Mbinga,Halmashauri ya Mji wa Mbinga,091,Kihungu,5394.0,1361.0,Mbinga Town Council,143.0
10,Ruvuma,03,Mbinga,Halmashauri ya Mji wa Mbinga,101,Kikolo,6248.0,1461.0,Mbinga Town Council,143.0
10,Ruvuma,03,Mbinga,Halmashauri ya Mji wa Mbinga,111,Mateka,5972.0,1454.0,Mbinga Town Council,143.0
10,Ruvuma,03,Mbinga,Halmashauri ya Mji wa Mbinga,122,Mbambi,8745.0,2546.0,Mbinga Town Council,143.0
10,Ruvuma,03,Mbinga,Halmashauri ya Mji wa Mbinga,132,Matarawe,10248.0,2624.0,Mbinga Town Council,143.0
10,Ruvuma,03,Mbinga,Halmashauri ya Mji wa Mbinga,142,Bethrehemu,7592.0,2075.0,Mbinga Town Council,143.0
10,Ruvuma,03,Mbinga,Halmashauri ya Mji wa Mbinga,152,Luhuwiko,8193.0,2161.0,Mbinga Town Council,143.0
10,Ruvuma,03,Mbinga,Halmashauri ya Mji wa Mbinga,162,Lusonga,8138.0,2098.0,Mbinga Town Council,143.0
10,Ruvuma,03,Mbinga,Halmashauri ya Mji wa Mbinga,172,Masumuni,10615.0,3043.0,Mbinga Town Council,143.0
10,Ruvuma,03,Mbinga,Halmashauri ya Mji wa Mbinga,182,Mbinga Mjini B,3160.0,949.0,Mbinga Town Council,143.0
10,Ruvuma,03,Mbinga,Halmashauri ya Mji wa Mbinga,191,Kagugu,7275.0,1620.0,Mbinga Town Council,143.0
10,Ruvuma,04,Nyasa,Halmashauri ya Wilaya ya Nyasa,031,Chiwanda,9691.0,2262.0,Nyasa District Council,144.0
10,Ruvuma,04,Nyasa,Halmashauri ya Wilaya ya Nyasa,041,Mtipwili,8939.0,2071.0,Nyasa District Council,144.0
10,Ruvuma,04,Nyasa,Halmashauri ya Wilaya ya Nyasa,071,Kilosa,12530.0,3125.0,Nyasa District Council,144.0
10,Ruvuma,04,Nyasa,Halmashauri ya Wilaya ya Nyasa,083,Mbamba_Bay,13463.0,3432.0,Nyasa District Council,144.0
10,Ruvuma,04,Nyasa,Halmashauri ya Wilaya ya Nyasa,091,Lipingo,10743.0,2449.0,Nyasa District Council,144.0
10,Ruvuma,04,Nyasa,Halmashauri ya Wilaya ya Nyasa,103,Liuli,15664.0,3852.0,Nyasa District Council,144.0
10,Ruvuma,04,Nyasa,Halmashauri ya Wilaya ya Nyasa,111,Kihagara,12140.0,2923.0,Nyasa District Council,144.0
10,Ruvuma,04,Nyasa,Halmashauri ya Wilaya ya Nyasa,011,Liparamba,10857.0,2467.0,Nyasa District Council,144.0
10,Ruvuma,04,Nyasa,Halmashauri ya Wilaya ya Nyasa,021,Tingi,12097.0,2823.0,Nyasa District Council,144.0
10,Ruvuma,04,Nyasa,Halmashauri ya Wilaya ya Nyasa,051,Kingerikiti,10154.0,2209.0,Nyasa District Council,144.0
10,Ruvuma,04,Nyasa,Halmashauri ya Wilaya ya Nyasa,061,Luhangarasi,9929.0,2175.0,Nyasa District Council,144.0
10,Ruvuma,04,Nyasa,Halmashauri ya Wilaya ya Nyasa,161,Mpepo,13575.0,3114.0,Nyasa District Council,144.0
10,Ruvuma,04,Nyasa,Halmashauri ya Wilaya ya Nyasa,171,Mipotopoto,6499.0,1666.0,Nyasa District Council,144.0
10,Ruvuma,04,Nyasa,Halmashauri ya Wilaya ya Nyasa,181,Upolo,6163.0,1281.0,Nyasa District Council,144.0
10,Ruvuma,04,Nyasa,Halmashauri ya Wilaya ya Nyasa,191,Lumeme,9006.0,1993.0,Nyasa District Council,144.0
10,Ruvuma,04,Nyasa,Halmashauri ya Wilaya ya Nyasa,121,Ngumbo,4906.0,1147.0,Nyasa District Council,144.0
10,Ruvuma,04,Nyasa,Halmashauri ya Wilaya ya Nyasa,131,Liwundi,5792.0,1420.0,Nyasa District Council,144.0
10,Ruvuma,04,Nyasa,Halmashauri ya Wilaya ya Nyasa,141,Mbaha,7841.0,1776.0,Nyasa District Council,144.0
10,Ruvuma,04,Nyasa,Halmashauri ya Wilaya ya Nyasa,151,Lituhi,8552.0,1939.0,Nyasa District Council,144.0
10,Ruvuma,04,Nyasa,Halmashauri ya Wilaya ya Nyasa,201,Linga,2652.0,613.0,Nyasa District Council,144.0
10,Ruvuma,05,Namtumbo,Halmashauri ya Wilaya ya Namtumbo,043,Lusewa,20919.0,5171.0,Namtumbo District Council,145.0
10,Ruvuma,05,Namtumbo,Halmashauri ya Wilaya ya Namtumbo,051,Magazini,13060.0,3092.0,Namtumbo District Council,145.0
10,Ruvuma,05,Namtumbo,Halmashauri ya Wilaya ya Namtumbo,191,Msisima,7319.0,1670.0,Namtumbo District Council,145.0
10,Ruvuma,05,Namtumbo,Halmashauri ya Wilaya ya Namtumbo,021,Mkongo,7899.0,1722.0,Namtumbo District Council,145.0
10,Ruvuma,05,Namtumbo,Halmashauri ya Wilaya ya Namtumbo,031,Ligera,10184.0,2378.0,Namtumbo District Council,145.0
10,Ruvuma,05,Namtumbo,Halmashauri ya Wilaya ya Namtumbo,061,Msindo,7948.0,2068.0,Namtumbo District Council,145.0
10,Ruvuma,05,Namtumbo,Halmashauri ya Wilaya ya Namtumbo,071,Luchili,11553.0,2673.0,Namtumbo District Council,145.0
10,Ruvuma,05,Namtumbo,Halmashauri ya Wilaya ya Namtumbo,081,Namabengo,11486.0,2858.0,Namtumbo District Council,145.0
10,Ruvuma,05,Namtumbo,Halmashauri ya Wilaya ya Namtumbo,163,Hanga,17998.0,4603.0,Namtumbo District Council,145.0
10,Ruvuma,05,Namtumbo,Halmashauri ya Wilaya ya Namtumbo,171,Limamu,8012.0,1890.0,Namtumbo District Council,145.0
10,Ruvuma,05,Namtumbo,Halmashauri ya Wilaya ya Namtumbo,201,Mkongo Gulioni,6975.0,1626.0,Namtumbo District Council,145.0
10,Ruvuma,05,Namtumbo,Halmashauri ya Wilaya ya Namtumbo,211,Lisimonji,9181.0,2153.0,Namtumbo District Council,145.0
10,Ruvuma,05,Namtumbo,Halmashauri ya Wilaya ya Namtumbo,013,Rwinga,19462.0,4539.0,Namtumbo District Council,145.0
10,Ruvuma,05,Namtumbo,Halmashauri ya Wilaya ya Namtumbo,091,Kitanda,14638.0,3148.0,Namtumbo District Council,145.0
10,Ruvuma,05,Namtumbo,Halmashauri ya Wilaya ya Namtumbo,101,Luegu,10050.0,2190.0,Namtumbo District Council,145.0
10,Ruvuma,05,Namtumbo,Halmashauri ya Wilaya ya Namtumbo,113,Namtumbo,26440.0,6394.0,Namtumbo District Council,145.0
10,Ruvuma,05,Namtumbo,Halmashauri ya Wilaya ya Namtumbo,121,Mgombasi,12755.0,2911.0,Namtumbo District Council,145.0
10,Ruvuma,05,Namtumbo,Halmashauri ya Wilaya ya Namtumbo,131,Litola,12533.0,2941.0,Namtumbo District Council,145.0
10,Ruvuma,05,Namtumbo,Halmashauri ya Wilaya ya Namtumbo,141,Likuyuseka,13005.0,2947.0,Namtumbo District Council,145.0
10,Ruvuma,05,Namtumbo,Halmashauri ya Wilaya ya Namtumbo,151,Mputa,13831.0,2859.0,Namtumbo District Council,145.0
10,Ruvuma,05,Namtumbo,Halmashauri ya Wilaya ya Namtumbo,181,Mchomoro,16120.0,3441.0,Namtumbo District Council,145.0
11,Iringa,01,Iringa,Halmashauri ya Wilaya ya Iringa,083,Ifunda,18420.0,5106.0,Iringa District Council,148.0
11,Iringa,01,Iringa,Halmashauri ya Wilaya ya Iringa,091,Lumuli,8463.0,2191.0,Iringa District Council,148.0
11,Iringa,01,Iringa,Halmashauri ya Wilaya ya Iringa,101,Maboga,6035.0,1614.0,Iringa District Council,148.0
11,Iringa,01,Iringa,Halmashauri ya Wilaya ya Iringa,111,Wasa,11116.0,2701.0,Iringa District Council,148.0
11,Iringa,01,Iringa,Halmashauri ya Wilaya ya Iringa,271,Kihanga,7506.0,1864.0,Iringa District Council,148.0
11,Iringa,01,Iringa,Halmashauri ya Wilaya ya Iringa,011,Kalenga,11491.0,3002.0,Iringa District Council,148.0
11,Iringa,01,Iringa,Halmashauri ya Wilaya ya Iringa,021,Kiwere,11296.0,3102.0,Iringa District Council,148.0
11,Iringa,01,Iringa,Halmashauri ya Wilaya ya Iringa,031,Nzihi,15419.0,4272.0,Iringa District Council,148.0
11,Iringa,01,Iringa,Halmashauri ya Wilaya ya Iringa,041,Ulanda,10736.0,2889.0,Iringa District Council,148.0
11,Iringa,01,Iringa,Halmashauri ya Wilaya ya Iringa,053,Mseke,14131.0,3813.0,Iringa District Council,148.0
11,Iringa,01,Iringa,Halmashauri ya Wilaya ya Iringa,061,Magulilwa,15205.0,3767.0,Iringa District Council,148.0
11,Iringa,01,Iringa,Halmashauri ya Wilaya ya Iringa,071,Mgama,14937.0,3869.0,Iringa District Council,148.0
11,Iringa,01,Iringa,Halmashauri ya Wilaya ya Iringa,221,Luhota,16319.0,4102.0,Iringa District Council,148.0
11,Iringa,01,Iringa,Halmashauri ya Wilaya ya Iringa,231,Lyamgungwe,11161.0,2866.0,Iringa District Council,148.0
11,Iringa,01,Iringa,Halmashauri ya Wilaya ya Iringa,281,Masaka,5631.0,1496.0,Iringa District Council,148.0
11,Iringa,01,Iringa,Halmashauri ya Wilaya ya Iringa,171,Kising'a,9576.0,2537.0,Iringa District Council,148.0
11,Iringa,01,Iringa,Halmashauri ya Wilaya ya Iringa,181,Kihorogota,8899.0,2280.0,Iringa District Council,148.0
11,Iringa,01,Iringa,Halmashauri ya Wilaya ya Iringa,191,Izazi,8764.0,2127.0,Iringa District Council,148.0
11,Iringa,01,Iringa,Halmashauri ya Wilaya ya Iringa,201,Malengamakali,,,,
11,Iringa,01,Iringa,Halmashauri ya Wilaya ya Iringa,211,Nyang'oro,10643.0,2642.0,Iringa District Council,148.0
11,Iringa,01,Iringa,Halmashauri ya Wilaya ya Iringa,253,Migoli,,,,
11,Iringa,01,Iringa,Halmashauri ya Wilaya ya Iringa,121,Mahuninga,4994.0,1313.0,Iringa District Council,148.0
11,Iringa,01,Iringa,Halmashauri ya Wilaya ya Iringa,131,Idodi,13053.0,3480.0,Iringa District Council,148.0
11,Iringa,01,Iringa,Halmashauri ya Wilaya ya Iringa,141,Mlowa,12896.0,2994.0,Iringa District Council,148.0
11,Iringa,01,Iringa,Halmashauri ya Wilaya ya Iringa,151,Itunundu,,,,
11,Iringa,01,Iringa,Halmashauri ya Wilaya ya Iringa,161,Ilolompya,8869.0,2276.0,Iringa District Council,148.0
11,Iringa,01,Iringa,Halmashauri ya Wilaya ya Iringa,241,Mlenge,14055.0,2996.0,Iringa District Council,148.0
11,Iringa,01,Iringa,Halmashauri ya Wilaya ya Iringa,261,Mboliboli,7567.0,1945.0,Iringa District Council,148.0
11,Iringa,01,Iringa,Halmashauri ya Manispaa ya Iringa,012,Kihesa,22276.0,6716.0,Iringa Municipal Council,149.0
11,Iringa,01,Iringa,Halmashauri ya Manispaa ya Iringa,022,Mtwivila,12466.0,3666.0,Iringa Municipal Council,149.0
11,Iringa,01,Iringa,Halmashauri ya Manispaa ya Iringa,032,Gangilonga,7892.0,2037.0,Iringa Municipal Council,149.0
11,Iringa,01,Iringa,Halmashauri ya Manispaa ya Iringa,042,Kitanzini,2543.0,731.0,Iringa Municipal Council,149.0
11,Iringa,01,Iringa,Halmashauri ya Manispaa ya Iringa,052,Ruaha,11941.0,3533.0,Iringa Municipal Council,149.0
11,Iringa,01,Iringa,Halmashauri ya Manispaa ya Iringa,062,Mshindo,1563.0,514.0,Iringa Municipal Council,149.0
11,Iringa,01,Iringa,Halmashauri ya Manispaa ya Iringa,072,Mivinjeni,4454.0,1570.0,Iringa Municipal Council,149.0
11,Iringa,01,Iringa,Halmashauri ya Manispaa ya Iringa,082,Mlandege,4235.0,1391.0,Iringa Municipal Council,149.0
11,Iringa,01,Iringa,Halmashauri ya Manispaa ya Iringa,092,Mwangata,24673.0,6504.0,Iringa Municipal Council,149.0
11,Iringa,01,Iringa,Halmashauri ya Manispaa ya Iringa,102,Kwakilosa,7550.0,2483.0,Iringa Municipal Council,149.0
11,Iringa,01,Iringa,Halmashauri ya Manispaa ya Iringa,112,Makorongoni,7061.0,2526.0,Iringa Municipal Council,149.0
11,Iringa,01,Iringa,Halmashauri ya Manispaa ya Iringa,122,Ilala,3759.0,1322.0,Iringa Municipal Council,149.0
11,Iringa,01,Iringa,Halmashauri ya Manispaa ya Iringa,132,Mkwawa,15320.0,4382.0,Iringa Municipal Council,149.0
11,Iringa,01,Iringa,Halmashauri ya Manispaa ya Iringa,142,Kitwiru,20365.0,5418.0,Iringa Municipal Council,149.0
11,Iringa,01,Iringa,Halmashauri ya Manispaa ya Iringa,152,Isakalilo,20859.0,5705.0,Iringa Municipal Council,149.0
11,Iringa,01,Iringa,Halmashauri ya Manispaa ya Iringa,162,Nduli,10304.0,2897.0,Iringa Municipal Council,149.0
11,Iringa,01,Iringa,Halmashauri ya Manispaa ya Iringa,172,Mkimbizi,15020.0,3959.0,Iringa Municipal Council,149.0
11,Iringa,01,Iringa,Halmashauri ya Manispaa ya Iringa,182,Igumbilo,10209.0,2654.0,Iringa Municipal Council,149.0
11,Iringa,02,Mufindi,Halmashauri ya Mji wa Mafinga,022,Sao Hill,,,,
11,Iringa,02,Mufindi,Halmashauri ya Mji wa Mafinga,032,Changarawe,,,,
11,Iringa,02,Mufindi,Halmashauri ya Mji wa Mafinga,042,Boma,,,,
11,Iringa,02,Mufindi,Halmashauri ya Mji wa Mafinga,061,Rungemba,,,,
11,Iringa,02,Mufindi,Halmashauri ya Mji wa Mafinga,072,Kinyanambo,,,,
11,Iringa,02,Mufindi,Halmashauri ya Mji wa Mafinga,082,Upendo,,,,
11,Iringa,02,Mufindi,Halmashauri ya Mji wa Mafinga,092,Wambi,,,,
11,Iringa,02,Mufindi,Halmashauri ya Mji wa Mafinga,051,Isalavanu,,,,
11,Iringa,02,Mufindi,Halmashauri ya Mji wa Mafinga,011,Bumilayinga,,,,
11,Iringa,02,Mufindi,Halmashauri ya Wilaya ya Mufindi,131,Ikweha,10066.0,2385.0,Mufindi District Council,151.0
11,Iringa,02,Mufindi,Halmashauri ya Wilaya ya Mufindi,141,Sadani,9966.0,2569.0,Mufindi District Council,151.0
11,Iringa,02,Mufindi,Halmashauri ya Wilaya ya Mufindi,151,Igombavanu,8101.0,2067.0,Mufindi District Council,151.0
11,Iringa,02,Mufindi,Halmashauri ya Wilaya ya Mufindi,211,Ihalimba,13028.0,3329.0,Mufindi District Council,151.0
11,Iringa,02,Mufindi,Halmashauri ya Wilaya ya Mufindi,221,Kibengu,18542.0,4587.0,Mufindi District Council,151.0
11,Iringa,02,Mufindi,Halmashauri ya Wilaya ya Mufindi,231,Mapanda,13073.0,3296.0,Mufindi District Council,151.0
11,Iringa,02,Mufindi,Halmashauri ya Wilaya ya Mufindi,181,Ikongosi,9136.0,2477.0,Mufindi District Council,151.0
11,Iringa,02,Mufindi,Halmashauri ya Wilaya ya Mufindi,191,Ifwagi,10393.0,3022.0,Mufindi District Council,151.0
11,Iringa,02,Mufindi,Halmashauri ya Wilaya ya Mufindi,201,Mdabulo,11399.0,2871.0,Mufindi District Council,151.0
11,Iringa,02,Mufindi,Halmashauri ya Wilaya ya Mufindi,251,Ihanu,10063.0,2590.0,Mufindi District Council,151.0
11,Iringa,02,Mufindi,Halmashauri ya Wilaya ya Mufindi,261,Luhunga,10424.0,2896.0,Mufindi District Council,151.0
11,Iringa,02,Mufindi,Halmashauri ya Wilaya ya Mufindi,241,Mpanga Tazara,775.0,214.0,Mufindi District Council,151.0
11,Iringa,02,Mufindi,Halmashauri ya Wilaya ya Mufindi,173,Mtwango,17445.0,5512.0,Mufindi District Council,151.0
11,Iringa,02,Mufindi,Halmashauri ya Wilaya ya Mufindi,011,Kiyowela,4678.0,1327.0,Mufindi District Council,151.0
11,Iringa,02,Mufindi,Halmashauri ya Wilaya ya Mufindi,023,Makungu,17393.0,5175.0,Mufindi District Council,151.0
11,Iringa,02,Mufindi,Halmashauri ya Wilaya ya Mufindi,031,Mninga,15795.0,4562.0,Mufindi District Council,151.0
11,Iringa,02,Mufindi,Halmashauri ya Wilaya ya Mufindi,041,Kasanga,8600.0,2383.0,Mufindi District Council,151.0
11,Iringa,02,Mufindi,Halmashauri ya Wilaya ya Mufindi,053,Igowole,18925.0,5233.0,Mufindi District Council,151.0
11,Iringa,02,Mufindi,Halmashauri ya Wilaya ya Mufindi,061,Mtambula,11232.0,2804.0,Mufindi District Council,151.0
11,Iringa,02,Mufindi,Halmashauri ya Wilaya ya Mufindi,071,Itandula,14329.0,3553.0,Mufindi District Council,151.0
11,Iringa,02,Mufindi,Halmashauri ya Wilaya ya Mufindi,271,Idete,5822.0,1471.0,Mufindi District Council,151.0
11,Iringa,02,Mufindi,Halmashauri ya Wilaya ya Mufindi,081,Mbalamaziwa,9065.0,2428.0,Mufindi District Council,151.0
11,Iringa,02,Mufindi,Halmashauri ya Wilaya ya Mufindi,091,Idunda,6984.0,1820.0,Mufindi District Council,151.0
11,Iringa,02,Mufindi,Halmashauri ya Wilaya ya Mufindi,103,Malangali,6331.0,1726.0,Mufindi District Council,151.0
11,Iringa,02,Mufindi,Halmashauri ya Wilaya ya Mufindi,113,Nyololo,9448.0,2566.0,Mufindi District Council,151.0
11,Iringa,02,Mufindi,Halmashauri ya Wilaya ya Mufindi,121,Ihowanza,12466.0,3056.0,Mufindi District Council,151.0
11,Iringa,02,Mufindi,Halmashauri ya Wilaya ya Mufindi,161,Maduma,5517.0,1278.0,Mufindi District Council,151.0
11,Iringa,03,Kilolo,Halmashauri ya Wilaya ya Kilolo,011,Image,10857.0,2931.0,Kilolo District Council,152.0
11,Iringa,03,Kilolo,Halmashauri ya Wilaya ya Kilolo,021,Irole,16408.0,4309.0,Kilolo District Council,152.0
11,Iringa,03,Kilolo,Halmashauri ya Wilaya ya Kilolo,033,Ilula,14666.0,4127.0,Kilolo District Council,152.0
11,Iringa,03,Kilolo,Halmashauri ya Wilaya ya Kilolo,041,Uhambingeto,11915.0,3141.0,Kilolo District Council,152.0
11,Iringa,03,Kilolo,Halmashauri ya Wilaya ya Kilolo,171,Lugalo,13970.0,3835.0,Kilolo District Council,152.0
11,Iringa,03,Kilolo,Halmashauri ya Wilaya ya Kilolo,183,Nyalumbu,20134.0,5617.0,Kilolo District Council,152.0
11,Iringa,03,Kilolo,Halmashauri ya Wilaya ya Kilolo,193,Mlafu,7013.0,1840.0,Kilolo District Council,152.0
11,Iringa,03,Kilolo,Halmashauri ya Wilaya ya Kilolo,201,Ibumu,8264.0,2086.0,Kilolo District Council,152.0
11,Iringa,03,Kilolo,Halmashauri ya Wilaya ya Kilolo,051,Udekwa,8594.0,2309.0,Kilolo District Council,152.0
11,Iringa,03,Kilolo,Halmashauri ya Wilaya ya Kilolo,061,Mahenge,6835.0,1844.0,Kilolo District Council,152.0
11,Iringa,03,Kilolo,Halmashauri ya Wilaya ya Kilolo,211,Ruaha Mbuyuni,19543.0,5785.0,Kilolo District Council,152.0
11,Iringa,03,Kilolo,Halmashauri ya Wilaya ya Kilolo,231,Nyanzwa,7877.0,2124.0,Kilolo District Council,152.0
11,Iringa,03,Kilolo,Halmashauri ya Wilaya ya Kilolo,071,Mtitu,14280.0,3826.0,Kilolo District Council,152.0
11,Iringa,03,Kilolo,Halmashauri ya Wilaya ya Kilolo,081,Dabaga,8497.0,2182.0,Kilolo District Council,152.0
11,Iringa,03,Kilolo,Halmashauri ya Wilaya ya Kilolo,091,Ukumbi,14280.0,3681.0,Kilolo District Council,152.0
11,Iringa,03,Kilolo,Halmashauri ya Wilaya ya Kilolo,101,Ukwega,7915.0,1871.0,Kilolo District Council,152.0
11,Iringa,03,Kilolo,Halmashauri ya Wilaya ya Kilolo,111,Boma la Ng'ombe,13153.0,3346.0,Kilolo District Council,152.0
11,Iringa,03,Kilolo,Halmashauri ya Wilaya ya Kilolo,121,Idete,7656.0,1812.0,Kilolo District Council,152.0
11,Iringa,03,Kilolo,Halmashauri ya Wilaya ya Kilolo,131,Masisiwe,9272.0,2431.0,Kilolo District Council,152.0
11,Iringa,03,Kilolo,Halmashauri ya Wilaya ya Kilolo,141,Ng'uruhe,12523.0,3164.0,Kilolo District Council,152.0
11,Iringa,03,Kilolo,Halmashauri ya Wilaya ya Kilolo,151,Ng'ang'ange,4398.0,1151.0,Kilolo District Council,152.0
11,Iringa,03,Kilolo,Halmashauri ya Wilaya ya Kilolo,161,Ihimbo,11536.0,2867.0,Kilolo District Council,152.0
11,Iringa,03,Kilolo,Halmashauri ya Wilaya ya Kilolo,221,Kimala,7737.0,1749.0,Kilolo District Council,152.0
11,Iringa,03,Kilolo,Halmashauri ya Wilaya ya Kilolo,241,Kising'a,6236.0,1569.0,Kilolo District Council,152.0
12,Mbeya,01,Chunya,Halmashauri ya Wilaya ya Chunya,071,Sangambi,22789.0,6046.0,Chunya District Council,154.0
12,Mbeya,01,Chunya,Halmashauri ya Wilaya ya Chunya,083,Itewe,11385.0,3207.0,Chunya District Council,154.0
12,Mbeya,01,Chunya,Halmashauri ya Wilaya ya Chunya,093,Chokaa,30901.0,8319.0,Chunya District Council,154.0
12,Mbeya,01,Chunya,Halmashauri ya Wilaya ya Chunya,101,Mbugani,14216.0,4190.0,Chunya District Council,154.0
12,Mbeya,01,Chunya,Halmashauri ya Wilaya ya Chunya,111,Chalangwa,12553.0,3309.0,Chunya District Council,154.0
12,Mbeya,01,Chunya,Halmashauri ya Wilaya ya Chunya,123,Ifumbo,11214.0,3046.0,Chunya District Council,154.0
12,Mbeya,01,Chunya,Halmashauri ya Wilaya ya Chunya,132,Matundasi,26073.0,7450.0,Chunya District Council,154.0
12,Mbeya,01,Chunya,Halmashauri ya Wilaya ya Chunya,142,Makongolosi,23787.0,6174.0,Chunya District Council,154.0
12,Mbeya,01,Chunya,Halmashauri ya Wilaya ya Chunya,152,Bwawani,10043.0,2655.0,Chunya District Council,154.0
12,Mbeya,01,Chunya,Halmashauri ya Wilaya ya Chunya,162,Mkola,13611.0,3329.0,Chunya District Council,154.0
12,Mbeya,01,Chunya,Halmashauri ya Wilaya ya Chunya,201,Kasanga,4636.0,1389.0,Chunya District Council,154.0
12,Mbeya,01,Chunya,Halmashauri ya Wilaya ya Chunya,011,Kambikatoto,28519.0,6341.0,Chunya District Council,154.0
12,Mbeya,01,Chunya,Halmashauri ya Wilaya ya Chunya,021,Mafyeko,29996.0,8429.0,Chunya District Council,154.0
12,Mbeya,01,Chunya,Halmashauri ya Wilaya ya Chunya,031,Matwiga,18762.0,4196.0,Chunya District Council,154.0
12,Mbeya,01,Chunya,Halmashauri ya Wilaya ya Chunya,041,Mtanila,15826.0,3412.0,Chunya District Council,154.0
12,Mbeya,01,Chunya,Halmashauri ya Wilaya ya Chunya,053,Lupa,15428.0,3610.0,Chunya District Council,154.0
12,Mbeya,01,Chunya,Halmashauri ya Wilaya ya Chunya,061,Lualaje,11828.0,2521.0,Chunya District Council,154.0
12,Mbeya,01,Chunya,Halmashauri ya Wilaya ya Chunya,171,Upendo,12042.0,2083.0,Chunya District Council,154.0
12,Mbeya,01,Chunya,Halmashauri ya Wilaya ya Chunya,181,Mamba,19913.0,3771.0,Chunya District Council,154.0
12,Mbeya,01,Chunya,Halmashauri ya Wilaya ya Chunya,191,Nkung'ungu,10949.0,2522.0,Chunya District Council,154.0
12,Mbeya,02,Mbeya,Halmashauri ya Wilaya ya Mbeya,051,Santilya,17624.0,4745.0,Mbeya District Council,155.0
12,Mbeya,02,Mbeya,Halmashauri ya Wilaya ya Mbeya,061,Ilembo,15699.0,4195.0,Mbeya District Council,155.0
12,Mbeya,02,Mbeya,Halmashauri ya Wilaya ya Mbeya,071,Iwiji,8832.0,2163.0,Mbeya District Council,155.0
12,Mbeya,02,Mbeya,Halmashauri ya Wilaya ya Mbeya,081,Isuto,17611.0,4712.0,Mbeya District Council,155.0
12,Mbeya,02,Mbeya,Halmashauri ya Wilaya ya Mbeya,141,Iyunga Mapinduzi,7284.0,1889.0,Mbeya District Council,155.0
12,Mbeya,02,Mbeya,Halmashauri ya Wilaya ya Mbeya,201,Masoko,4332.0,1106.0,Mbeya District Council,155.0
12,Mbeya,02,Mbeya,Halmashauri ya Wilaya ya Mbeya,211,Itawa,8472.0,2337.0,Mbeya District Council,155.0
12,Mbeya,02,Mbeya,Halmashauri ya Wilaya ya Mbeya,261,Shizuvi,4671.0,1151.0,Mbeya District Council,155.0
12,Mbeya,02,Mbeya,Halmashauri ya Wilaya ya Mbeya,271,Izyira,,,,
12,Mbeya,02,Mbeya,Halmashauri ya Wilaya ya Mbeya,091,Igale,11471.0,3081.0,Mbeya District Council,155.0
12,Mbeya,02,Mbeya,Halmashauri ya Wilaya ya Mbeya,101,Iwindi,23109.0,6110.0,Mbeya District Council,155.0
12,Mbeya,02,Mbeya,Halmashauri ya Wilaya ya Mbeya,113,Utengule/Usongwe,55082.0,15562.0,Mbeya District Council,155.0
12,Mbeya,02,Mbeya,Halmashauri ya Wilaya ya Mbeya,121,Mshewe,8305.0,2284.0,Mbeya District Council,155.0
12,Mbeya,02,Mbeya,Halmashauri ya Wilaya ya Mbeya,131,Ikukwa,7268.0,2037.0,Mbeya District Council,155.0
12,Mbeya,02,Mbeya,Halmashauri ya Wilaya ya Mbeya,153,Bonde la Songwe,21300.0,6000.0,Mbeya District Council,155.0
12,Mbeya,02,Mbeya,Halmashauri ya Wilaya ya Mbeya,191,Swaya,15289.0,4084.0,Mbeya District Council,155.0
12,Mbeya,02,Mbeya,Halmashauri ya Wilaya ya Mbeya,223,Nsalala,36775.0,9863.0,Mbeya District Council,155.0
12,Mbeya,02,Mbeya,Halmashauri ya Wilaya ya Mbeya,281,Mjele,6738.0,1111.0,Mbeya District Council,155.0
12,Mbeya,02,Mbeya,Halmashauri ya Wilaya ya Mbeya,011,Ihango,13790.0,3974.0,Mbeya District Council,155.0
12,Mbeya,02,Mbeya,Halmashauri ya Wilaya ya Mbeya,021,Ulenje,7472.0,2094.0,Mbeya District Council,155.0
12,Mbeya,02,Mbeya,Halmashauri ya Wilaya ya Mbeya,033,Tembela,,,,
12,Mbeya,02,Mbeya,Halmashauri ya Wilaya ya Mbeya,041,Ijombe,12764.0,3519.0,Mbeya District Council,155.0
12,Mbeya,02,Mbeya,Halmashauri ya Wilaya ya Mbeya,161,Inyala,16764.0,4626.0,Mbeya District Council,155.0
12,Mbeya,02,Mbeya,Halmashauri ya Wilaya ya Mbeya,171,Ilungu,13484.0,3997.0,Mbeya District Council,155.0
12,Mbeya,02,Mbeya,Halmashauri ya Wilaya ya Mbeya,181,Maendeleo,,,,
12,Mbeya,02,Mbeya,Halmashauri ya Wilaya ya Mbeya,231,Lwanjilo,2637.0,789.0,Mbeya District Council,155.0
12,Mbeya,02,Mbeya,Halmashauri ya Wilaya ya Mbeya,241,Itewe,6019.0,1624.0,Mbeya District Council,155.0
12,Mbeya,02,Mbeya,Halmashauri ya Wilaya ya Mbeya,253,Igoma,6172.0,1736.0,Mbeya District Council,155.0
12,Mbeya,02,Mbeya,Halmashauri ya Jiji la Mbeya,062,Itezi,33019.0,9158.0,Mbeya City Council,156.0
12,Mbeya,02,Mbeya,Halmashauri ya Jiji la Mbeya,072,Nsalaga,,,,
12,Mbeya,02,Mbeya,Halmashauri ya Jiji la Mbeya,082,Igawilo,25004.0,7277.0,Mbeya City Council,156.0
12,Mbeya,02,Mbeya,Halmashauri ya Jiji la Mbeya,092,Iganjo,14939.0,4023.0,Mbeya City Council,156.0
12,Mbeya,02,Mbeya,Halmashauri ya Jiji la Mbeya,102,Uyole,13695.0,3802.0,Mbeya City Council,156.0
12,Mbeya,02,Mbeya,Halmashauri ya Jiji la Mbeya,112,Iduda,6181.0,1720.0,Mbeya City Council,156.0
12,Mbeya,02,Mbeya,Halmashauri ya Jiji la Mbeya,122,Mwasanga,2939.0,785.0,Mbeya City Council,156.0
12,Mbeya,02,Mbeya,Halmashauri ya Jiji la Mbeya,132,Tembela,,,,
12,Mbeya,02,Mbeya,Halmashauri ya Jiji la Mbeya,142,Ilomba,49478.0,14287.0,Mbeya City Council,156.0
12,Mbeya,02,Mbeya,Halmashauri ya Jiji la Mbeya,152,Mwakibete,37638.0,10978.0,Mbeya City Council,156.0
12,Mbeya,02,Mbeya,Halmashauri ya Jiji la Mbeya,182,Ruanda,18626.0,6126.0,Mbeya City Council,156.0
12,Mbeya,02,Mbeya,Halmashauri ya Jiji la Mbeya,192,Iyela,43481.0,13274.0,Mbeya City Council,156.0
12,Mbeya,02,Mbeya,Halmashauri ya Jiji la Mbeya,202,Sinde,6479.0,2134.0,Mbeya City Council,156.0
12,Mbeya,02,Mbeya,Halmashauri ya Jiji la Mbeya,212,Maanga,5727.0,1925.0,Mbeya City Council,156.0
12,Mbeya,02,Mbeya,Halmashauri ya Jiji la Mbeya,222,Mbalizi Road,5691.0,1493.0,Mbeya City Council,156.0
12,Mbeya,02,Mbeya,Halmashauri ya Jiji la Mbeya,232,Forest,9774.0,3026.0,Mbeya City Council,156.0
12,Mbeya,02,Mbeya,Halmashauri ya Jiji la Mbeya,242,Mabatini,6872.0,2054.0,Mbeya City Council,156.0
12,Mbeya,02,Mbeya,Halmashauri ya Jiji la Mbeya,252,Nzovwe,21872.0,6239.0,Mbeya City Council,156.0
12,Mbeya,02,Mbeya,Halmashauri ya Jiji la Mbeya,262,Kalobe,17498.0,4887.0,Mbeya City Council,156.0
12,Mbeya,02,Mbeya,Halmashauri ya Jiji la Mbeya,272,Iyunga,23954.0,7013.0,Mbeya City Council,156.0
12,Mbeya,02,Mbeya,Halmashauri ya Jiji la Mbeya,282,Iwambi,19798.0,5008.0,Mbeya City Council,156.0
12,Mbeya,02,Mbeya,Halmashauri ya Jiji la Mbeya,012,Sisimba,4866.0,1127.0,Mbeya City Council,156.0
12,Mbeya,02,Mbeya,Halmashauri ya Jiji la Mbeya,022,Isanga,11332.0,3422.0,Mbeya City Council,156.0
12,Mbeya,02,Mbeya,Halmashauri ya Jiji la Mbeya,032,Iganzo,27084.0,7481.0,Mbeya City Council,156.0
12,Mbeya,02,Mbeya,Halmashauri ya Jiji la Mbeya,042,Mwasenkwa,2480.0,702.0,Mbeya City Council,156.0
12,Mbeya,02,Mbeya,Halmashauri ya Jiji la Mbeya,052,Itagano,2213.0,606.0,Mbeya City Council,156.0
12,Mbeya,02,Mbeya,Halmashauri ya Jiji la Mbeya,162,Ilemi,45224.0,12141.0,Mbeya City Council,156.0
12,Mbeya,02,Mbeya,Halmashauri ya Jiji la Mbeya,172,Isyesye,19670.0,5124.0,Mbeya City Council,156.0
12,Mbeya,02,Mbeya,Halmashauri ya Jiji la Mbeya,292,Itende,5226.0,1438.0,Mbeya City Council,156.0
12,Mbeya,02,Mbeya,Halmashauri ya Jiji la Mbeya,302,Iziwa,3848.0,1096.0,Mbeya City Council,156.0
12,Mbeya,02,Mbeya,Halmashauri ya Jiji la Mbeya,312,Nsoho,2428.0,653.0,Mbeya City Council,156.0
12,Mbeya,02,Mbeya,Halmashauri ya Jiji la Mbeya,322,Majengo,2958.0,1131.0,Mbeya City Council,156.0
12,Mbeya,02,Mbeya,Halmashauri ya Jiji la Mbeya,332,Ghana,3844.0,1255.0,Mbeya City Council,156.0
12,Mbeya,02,Mbeya,Halmashauri ya Jiji la Mbeya,342,Nonde,2690.0,811.0,Mbeya City Council,156.0
12,Mbeya,02,Mbeya,Halmashauri ya Jiji la Mbeya,352,Itiji,4995.0,1528.0,Mbeya City Council,156.0
12,Mbeya,02,Mbeya,Halmashauri ya Jiji la Mbeya,362,Maendeleo,,,,
12,Mbeya,03,Kyela,Halmashauri ya Wilaya ya Kyela,011,Lusungo,7337.0,1924.0,Kyela District Council,157.0
12,Mbeya,03,Kyela,Halmashauri ya Wilaya ya Kyela,021,Makwale,15117.0,3895.0,Kyela District Council,157.0
12,Mbeya,03,Kyela,Halmashauri ya Wilaya ya Kyela,031,Matema,12231.0,3173.0,Kyela District Council,157.0
12,Mbeya,03,Kyela,Halmashauri ya Wilaya ya Kyela,041,Mwaya,12122.0,3150.0,Kyela District Council,157.0
12,Mbeya,03,Kyela,Halmashauri ya Wilaya ya Kyela,051,Ndobo,6206.0,1562.0,Kyela District Council,157.0
12,Mbeya,03,Kyela,Halmashauri ya Wilaya ya Kyela,121,Ipande,4757.0,1213.0,Kyela District Council,157.0
12,Mbeya,03,Kyela,Halmashauri ya Wilaya ya Kyela,131,Ikama,4732.0,1261.0,Kyela District Council,157.0
12,Mbeya,03,Kyela,Halmashauri ya Wilaya ya Kyela,143,Ipinda,27665.0,7602.0,Kyela District Council,157.0
12,Mbeya,03,Kyela,Halmashauri ya Wilaya ya Kyela,181,Muungano,3080.0,804.0,Kyela District Council,157.0
12,Mbeya,03,Kyela,Halmashauri ya Wilaya ya Kyela,191,Talatala,5723.0,1481.0,Kyela District Council,157.0
12,Mbeya,03,Kyela,Halmashauri ya Wilaya ya Kyela,211,Mababu,12933.0,3451.0,Kyela District Council,157.0
12,Mbeya,03,Kyela,Halmashauri ya Wilaya ya Kyela,221,Nkokwa,3422.0,916.0,Kyela District Council,157.0
12,Mbeya,03,Kyela,Halmashauri ya Wilaya ya Kyela,061,Kajunjumele,6621.0,1731.0,Kyela District Council,157.0
12,Mbeya,03,Kyela,Halmashauri ya Wilaya ya Kyela,071,Bujonde,7088.0,1863.0,Kyela District Council,157.0
12,Mbeya,03,Kyela,Halmashauri ya Wilaya ya Kyela,081,Ikolo,4647.0,1271.0,Kyela District Council,157.0
12,Mbeya,03,Kyela,Halmashauri ya Wilaya ya Kyela,091,Katumbasongwe,9316.0,2227.0,Kyela District Council,157.0
12,Mbeya,03,Kyela,Halmashauri ya Wilaya ya Kyela,101,Ngana,8694.0,2521.0,Kyela District Council,157.0
12,Mbeya,03,Kyela,Halmashauri ya Wilaya ya Kyela,111,Busale,7637.0,2250.0,Kyela District Council,157.0
12,Mbeya,03,Kyela,Halmashauri ya Wilaya ya Kyela,151,Ngonga,7712.0,2012.0,Kyela District Council,157.0
12,Mbeya,03,Kyela,Halmashauri ya Wilaya ya Kyela,161,Ikimba,17529.0,4807.0,Kyela District Council,157.0
12,Mbeya,03,Kyela,Halmashauri ya Wilaya ya Kyela,171,Itope,5898.0,1562.0,Kyela District Council,157.0
12,Mbeya,03,Kyela,Halmashauri ya Wilaya ya Kyela,203,Kyela,2507.0,876.0,Kyela District Council,157.0
12,Mbeya,03,Kyela,Halmashauri ya Wilaya ya Kyela,223,Mikoroshoni,2615.0,895.0,Kyela District Council,157.0
12,Mbeya,03,Kyela,Halmashauri ya Wilaya ya Kyela,241,Mbugani,6273.0,2092.0,Kyela District Council,157.0
12,Mbeya,03,Kyela,Halmashauri ya Wilaya ya Kyela,253,Mwanganyanga,4303.0,1294.0,Kyela District Council,157.0
12,Mbeya,03,Kyela,Halmashauri ya Wilaya ya Kyela,263,Serengeti,3517.0,892.0,Kyela District Council,157.0
12,Mbeya,03,Kyela,Halmashauri ya Wilaya ya Kyela,273,Itunge,10434.0,2636.0,Kyela District Council,157.0
12,Mbeya,03,Kyela,Halmashauri ya Wilaya ya Kyela,283,Nkuyu,5843.0,1592.0,Kyela District Council,157.0
12,Mbeya,03,Kyela,Halmashauri ya Wilaya ya Kyela,293,Ndandalo,8768.0,2475.0,Kyela District Council,157.0
12,Mbeya,03,Kyela,Halmashauri ya Wilaya ya Kyela,303,Ipyana,5882.0,1507.0,Kyela District Council,157.0
12,Mbeya,03,Kyela,Halmashauri ya Wilaya ya Kyela,313,Bondeni,10006.0,2714.0,Kyela District Council,157.0
12,Mbeya,03,Kyela,Halmashauri ya Wilaya ya Kyela,323,Ibanda,3307.0,863.0,Kyela District Council,157.0
12,Mbeya,03,Kyela,Halmashauri ya Wilaya ya Kyela,333,Njisi,12504.0,3456.0,Kyela District Council,157.0
12,Mbeya,04,Rungwe,Halmashauri ya Wilaya ya Rungwe,182,Ibighi,12553.0,3559.0,Rungwe District Council,158.0
12,Mbeya,04,Rungwe,Halmashauri ya Wilaya ya Rungwe,192,Bagamoyo,3378.0,1020.0,Rungwe District Council,158.0
12,Mbeya,04,Rungwe,Halmashauri ya Wilaya ya Rungwe,202,Kawetele,5358.0,1603.0,Rungwe District Council,158.0
12,Mbeya,04,Rungwe,Halmashauri ya Wilaya ya Rungwe,213,Bulyaga,7475.0,2129.0,Rungwe District Council,158.0
12,Mbeya,04,Rungwe,Halmashauri ya Wilaya ya Rungwe,223,Msasani,5891.0,1637.0,Rungwe District Council,158.0
12,Mbeya,04,Rungwe,Halmashauri ya Wilaya ya Rungwe,233,Makandana,8227.0,2259.0,Rungwe District Council,158.0
12,Mbeya,04,Rungwe,Halmashauri ya Wilaya ya Rungwe,241,Itagata,3719.0,1023.0,Rungwe District Council,158.0
12,Mbeya,04,Rungwe,Halmashauri ya Wilaya ya Rungwe,051,Masoko,5473.0,1560.0,Rungwe District Council,158.0
12,Mbeya,04,Rungwe,Halmashauri ya Wilaya ya Rungwe,061,Kisiba,6122.0,1757.0,Rungwe District Council,158.0
12,Mbeya,04,Rungwe,Halmashauri ya Wilaya ya Rungwe,071,Bujela,4515.0,1273.0,Rungwe District Council,158.0
12,Mbeya,04,Rungwe,Halmashauri ya Wilaya ya Rungwe,081,Masukulu,5521.0,1574.0,Rungwe District Council,158.0
12,Mbeya,04,Rungwe,Halmashauri ya Wilaya ya Rungwe,091,Ilima,5771.0,1788.0,Rungwe District Council,158.0
12,Mbeya,04,Rungwe,Halmashauri ya Wilaya ya Rungwe,101,Kisondela,10005.0,2984.0,Rungwe District Council,158.0
12,Mbeya,04,Rungwe,Halmashauri ya Wilaya ya Rungwe,113,Mpuguso,14298.0,4188.0,Rungwe District Council,158.0
12,Mbeya,04,Rungwe,Halmashauri ya Wilaya ya Rungwe,291,Matwebe,2859.0,855.0,Rungwe District Council,158.0
12,Mbeya,04,Rungwe,Halmashauri ya Wilaya ya Rungwe,011,Swaya,8811.0,2299.0,Rungwe District Council,158.0
12,Mbeya,04,Rungwe,Halmashauri ya Wilaya ya Rungwe,021,Isongole,8600.0,2519.0,Rungwe District Council,158.0
12,Mbeya,04,Rungwe,Halmashauri ya Wilaya ya Rungwe,031,Masebe,4268.0,1211.0,Rungwe District Council,158.0
12,Mbeya,04,Rungwe,Halmashauri ya Wilaya ya Rungwe,041,Suma,5996.0,1757.0,Rungwe District Council,158.0
12,Mbeya,04,Rungwe,Halmashauri ya Wilaya ya Rungwe,121,Malindo,4638.0,1337.0,Rungwe District Council,158.0
12,Mbeya,04,Rungwe,Halmashauri ya Wilaya ya Rungwe,131,Ikuti,14884.0,3764.0,Rungwe District Council,158.0
12,Mbeya,04,Rungwe,Halmashauri ya Wilaya ya Rungwe,141,Nkunga,12679.0,3186.0,Rungwe District Council,158.0
12,Mbeya,04,Rungwe,Halmashauri ya Wilaya ya Rungwe,151,Kinyala,13632.0,3550.0,Rungwe District Council,158.0
12,Mbeya,04,Rungwe,Halmashauri ya Wilaya ya Rungwe,163,Kiwira,36724.0,10335.0,Rungwe District Council,158.0
12,Mbeya,04,Rungwe,Halmashauri ya Wilaya ya Rungwe,173,Kyimo,19938.0,5582.0,Rungwe District Council,158.0
12,Mbeya,04,Rungwe,Halmashauri ya Wilaya ya Rungwe,251,Lufingo,11416.0,3063.0,Rungwe District Council,158.0
12,Mbeya,04,Rungwe,Halmashauri ya Wilaya ya Rungwe,261,Iponjola,7115.0,1904.0,Rungwe District Council,158.0
12,Mbeya,04,Rungwe,Halmashauri ya Wilaya ya Rungwe,271,Lupepo,5686.0,1369.0,Rungwe District Council,158.0
12,Mbeya,04,Rungwe,Halmashauri ya Wilaya ya Rungwe,281,Ndanto,17984.0,5157.0,Rungwe District Council,158.0
12,Mbeya,04,Rungwe,Halmashauri ya Wilaya ya Busokelo,011,Kandete,11443.0,3366.0,Busokelo District Council,159.0
12,Mbeya,04,Rungwe,Halmashauri ya Wilaya ya Busokelo,021,Luteba,7413.0,2098.0,Busokelo District Council,159.0
12,Mbeya,04,Rungwe,Halmashauri ya Wilaya ya Busokelo,031,Isange,5587.0,1646.0,Busokelo District Council,159.0
12,Mbeya,04,Rungwe,Halmashauri ya Wilaya ya Busokelo,041,Lwangwa,11134.0,3228.0,Busokelo District Council,159.0
12,Mbeya,04,Rungwe,Halmashauri ya Wilaya ya Busokelo,051,Lufilyo,6534.0,1925.0,Busokelo District Council,159.0
12,Mbeya,04,Rungwe,Halmashauri ya Wilaya ya Busokelo,061,Itete,10513.0,2877.0,Busokelo District Council,159.0
12,Mbeya,04,Rungwe,Halmashauri ya Wilaya ya Busokelo,071,Kisegese,6474.0,1686.0,Busokelo District Council,159.0
12,Mbeya,04,Rungwe,Halmashauri ya Wilaya ya Busokelo,081,Ntaba,7420.0,2110.0,Busokelo District Council,159.0
12,Mbeya,04,Rungwe,Halmashauri ya Wilaya ya Busokelo,091,Kambasegela,6746.0,1966.0,Busokelo District Council,159.0
12,Mbeya,04,Rungwe,Halmashauri ya Wilaya ya Busokelo,101,Lupata,8552.0,2312.0,Busokelo District Council,159.0
12,Mbeya,04,Rungwe,Halmashauri ya Wilaya ya Busokelo,111,Mpata,3511.0,1022.0,Busokelo District Council,159.0
12,Mbeya,04,Rungwe,Halmashauri ya Wilaya ya Busokelo,121,Kabula,6368.0,1718.0,Busokelo District Council,159.0
12,Mbeya,04,Rungwe,Halmashauri ya Wilaya ya Busokelo,131,Mpombo,8428.0,2485.0,Busokelo District Council,159.0
12,Mbeya,05,Mbarali,Halmashauri ya Wilaya ya Mbarali,023,Madibira,38120.0,9359.0,Mbarali District Council,160.0
12,Mbeya,05,Mbarali,Halmashauri ya Wilaya ya Mbarali,031,Mawindi,15287.0,3886.0,Mbarali District Council,160.0
12,Mbeya,05,Mbarali,Halmashauri ya Wilaya ya Mbarali,051,Mapogoro,37753.0,9610.0,Mbarali District Council,160.0
12,Mbeya,05,Mbarali,Halmashauri ya Wilaya ya Mbarali,103,Ubaruku,46318.0,13294.0,Mbarali District Council,160.0
12,Mbeya,05,Mbarali,Halmashauri ya Wilaya ya Mbarali,141,Imalilo Songwe,14888.0,3236.0,Mbarali District Council,160.0
12,Mbeya,05,Mbarali,Halmashauri ya Wilaya ya Mbarali,151,Igava,17396.0,3325.0,Mbarali District Council,160.0
12,Mbeya,05,Mbarali,Halmashauri ya Wilaya ya Mbarali,161,Ipwani,11229.0,2640.0,Mbarali District Council,160.0
12,Mbeya,05,Mbarali,Halmashauri ya Wilaya ya Mbarali,181,Miyombweni,14543.0,2937.0,Mbarali District Council,160.0
12,Mbeya,05,Mbarali,Halmashauri ya Wilaya ya Mbarali,193,Rujewa,42013.0,11058.0,Mbarali District Council,160.0
12,Mbeya,05,Mbarali,Halmashauri ya Wilaya ya Mbarali,203,Lugelele,15810.0,4358.0,Mbarali District Council,160.0
12,Mbeya,05,Mbarali,Halmashauri ya Wilaya ya Mbarali,011,Luhanga,25873.0,4644.0,Mbarali District Council,160.0
12,Mbeya,05,Mbarali,Halmashauri ya Wilaya ya Mbarali,041,Ihahi,8059.0,2110.0,Mbarali District Council,160.0
12,Mbeya,05,Mbarali,Halmashauri ya Wilaya ya Mbarali,063,Chimala,28646.0,8182.0,Mbarali District Council,160.0
12,Mbeya,05,Mbarali,Halmashauri ya Wilaya ya Mbarali,071,Utengule Usangu,19268.0,4108.0,Mbarali District Council,160.0
12,Mbeya,05,Mbarali,Halmashauri ya Wilaya ya Mbarali,081,Ruiwa,23129.0,5495.0,Mbarali District Council,160.0
12,Mbeya,05,Mbarali,Halmashauri ya Wilaya ya Mbarali,091,Mahongole,16227.0,4642.0,Mbarali District Council,160.0
12,Mbeya,05,Mbarali,Halmashauri ya Wilaya ya Mbarali,113,Igurusi,27878.0,7947.0,Mbarali District Council,160.0
12,Mbeya,05,Mbarali,Halmashauri ya Wilaya ya Mbarali,121,Kongolo,14079.0,3852.0,Mbarali District Council,160.0
12,Mbeya,05,Mbarali,Halmashauri ya Wilaya ya Mbarali,131,Mwatenga,12557.0,2954.0,Mbarali District Council,160.0
12,Mbeya,05,Mbarali,Halmashauri ya Wilaya ya Mbarali,171,Itamboleo,17263.0,4502.0,Mbarali District Council,160.0
13,Singida,01,Iramba,Halmashauri ya Wilaya ya Iramba,071,Tulya,8348.0,2142.0,Iramba District Council,162.0
13,Singida,01,Iramba,Halmashauri ya Wilaya ya Iramba,081,Kidaru,15321.0,2186.0,Iramba District Council,162.0
13,Singida,01,Iramba,Halmashauri ya Wilaya ya Iramba,091,Kisiriri,12487.0,2803.0,Iramba District Council,162.0
13,Singida,01,Iramba,Halmashauri ya Wilaya ya Iramba,103,Kiomboi,17350.0,4410.0,Iramba District Council,162.0
13,Singida,01,Iramba,Halmashauri ya Wilaya ya Iramba,203,Old Kiomboi,13323.0,3160.0,Iramba District Council,162.0
13,Singida,01,Iramba,Halmashauri ya Wilaya ya Iramba,011,Urughu,24363.0,3694.0,Iramba District Council,162.0
13,Singida,01,Iramba,Halmashauri ya Wilaya ya Iramba,021,Mtekente,25693.0,4035.0,Iramba District Council,162.0
13,Singida,01,Iramba,Halmashauri ya Wilaya ya Iramba,143,Ndago,20241.0,4162.0,Iramba District Council,162.0
13,Singida,01,Iramba,Halmashauri ya Wilaya ya Iramba,151,Mbelekese,17564.0,3142.0,Iramba District Council,162.0
13,Singida,01,Iramba,Halmashauri ya Wilaya ya Iramba,161,Kaselya,12876.0,2411.0,Iramba District Council,162.0
13,Singida,01,Iramba,Halmashauri ya Wilaya ya Iramba,171,Ndulungu,14496.0,2467.0,Iramba District Council,162.0
13,Singida,01,Iramba,Halmashauri ya Wilaya ya Iramba,111,Kinampanda,11030.0,2604.0,Iramba District Council,162.0
13,Singida,01,Iramba,Halmashauri ya Wilaya ya Iramba,123,Ulemo,16056.0,4082.0,Iramba District Council,162.0
13,Singida,01,Iramba,Halmashauri ya Wilaya ya Iramba,131,Kyengege,11305.0,2218.0,Iramba District Council,162.0
13,Singida,01,Iramba,Halmashauri ya Wilaya ya Iramba,181,Maluga,8857.0,1534.0,Iramba District Council,162.0
13,Singida,01,Iramba,Halmashauri ya Wilaya ya Iramba,191,Mukulu,7392.0,1504.0,Iramba District Council,162.0
13,Singida,01,Iramba,Halmashauri ya Wilaya ya Iramba,031,Mtoa,25902.0,4453.0,Iramba District Council,162.0
13,Singida,01,Iramba,Halmashauri ya Wilaya ya Iramba,041,Mgongo,19658.0,3259.0,Iramba District Council,162.0
13,Singida,01,Iramba,Halmashauri ya Wilaya ya Iramba,053,Shelui,22021.0,4588.0,Iramba District Council,162.0
13,Singida,01,Iramba,Halmashauri ya Wilaya ya Iramba,061,Ntwike,24629.0,5791.0,Iramba District Council,162.0
13,Singida,02,Singida,Halmashauri ya Wilaya ya Singida,011,Mudida,19378.0,3275.0,Singida District Council,163.0
13,Singida,02,Singida,Halmashauri ya Wilaya ya Singida,021,Makuro,20784.0,3786.0,Singida District Council,163.0
13,Singida,02,Singida,Halmashauri ya Wilaya ya Singida,181,Kijota,11777.0,2222.0,Singida District Council,163.0
13,Singida,02,Singida,Halmashauri ya Wilaya ya Singida,193,Mtinko,24535.0,4843.0,Singida District Council,163.0
13,Singida,02,Singida,Halmashauri ya Wilaya ya Singida,201,Ughandi,20686.0,3947.0,Singida District Council,163.0
13,Singida,02,Singida,Halmashauri ya Wilaya ya Singida,211,Msisi,12915.0,2592.0,Singida District Council,163.0
13,Singida,02,Singida,Halmashauri ya Wilaya ya Singida,031,Ikhanoda,13194.0,2380.0,Singida District Council,163.0
13,Singida,02,Singida,Halmashauri ya Wilaya ya Singida,043,Mwasauya,13756.0,2634.0,Singida District Council,163.0
13,Singida,02,Singida,Halmashauri ya Wilaya ya Singida,051,Msange,13563.0,2610.0,Singida District Council,163.0
13,Singida,02,Singida,Halmashauri ya Wilaya ya Singida,061,Maghojoa,9827.0,1846.0,Singida District Council,163.0
13,Singida,02,Singida,Halmashauri ya Wilaya ya Singida,111,Mughamo,9484.0,1659.0,Singida District Council,163.0
13,Singida,02,Singida,Halmashauri ya Wilaya ya Singida,121,Kinyagigi,11695.0,2145.0,Singida District Council,163.0
13,Singida,02,Singida,Halmashauri ya Wilaya ya Singida,131,Merya,9472.0,1744.0,Singida District Council,163.0
13,Singida,02,Singida,Halmashauri ya Wilaya ya Singida,141,Kinyeto,14910.0,2743.0,Singida District Council,163.0
13,Singida,02,Singida,Halmashauri ya Wilaya ya Singida,151,Ntonge,6468.0,1151.0,Singida District Council,163.0
13,Singida,02,Singida,Halmashauri ya Wilaya ya Singida,163,Ilongero,13501.0,2614.0,Singida District Council,163.0
13,Singida,02,Singida,Halmashauri ya Wilaya ya Singida,171,Mrama,10604.0,1878.0,Singida District Council,163.0
13,Singida,02,Singida,Halmashauri ya Wilaya ya Singida,071,Itaja,9267.0,1800.0,Singida District Council,163.0
13,Singida,02,Singida,Halmashauri ya Wilaya ya Singida,081,Ngimu,14486.0,2747.0,Singida District Council,163.0
13,Singida,02,Singida,Halmashauri ya Wilaya ya Singida,091,Mughunga,13409.0,2533.0,Singida District Council,163.0
13,Singida,02,Singida,Halmashauri ya Wilaya ya Singida,101,Mgori,11184.0,2309.0,Singida District Council,163.0
13,Singida,02,Singida,Halmashauri ya Manispaa ya Singida,022,Mughanga,3217.0,778.0,Singida Municipal Council,164.0
13,Singida,02,Singida,Halmashauri ya Manispaa ya Singida,032,Mitunduruni,13401.0,3397.0,Singida Municipal Council,164.0
13,Singida,02,Singida,Halmashauri ya Manispaa ya Singida,083,Mtamaa,8402.0,1659.0,Singida Municipal Council,164.0
13,Singida,02,Singida,Halmashauri ya Manispaa ya Singida,112,Utemini,12128.0,3324.0,Singida Municipal Council,164.0
13,Singida,02,Singida,Halmashauri ya Manispaa ya Singida,123,Mwankoko,7624.0,1577.0,Singida Municipal Council,164.0
13,Singida,02,Singida,Halmashauri ya Manispaa ya Singida,133,Mandewa,41507.0,10191.0,Singida Municipal Council,164.0
13,Singida,02,Singida,Halmashauri ya Manispaa ya Singida,142,Minga,23362.0,5937.0,Singida Municipal Council,164.0
13,Singida,02,Singida,Halmashauri ya Manispaa ya Singida,163,Uhamaka,9120.0,1773.0,Singida Municipal Council,164.0
13,Singida,02,Singida,Halmashauri ya Manispaa ya Singida,172,Unyianga,6085.0,1226.0,Singida Municipal Council,164.0
13,Singida,02,Singida,Halmashauri ya Manispaa ya Singida,013,Mtipa,12770.0,2538.0,Singida Municipal Council,164.0
13,Singida,02,Singida,Halmashauri ya Manispaa ya Singida,042,Majengo,10012.0,3005.0,Singida Municipal Council,164.0
13,Singida,02,Singida,Halmashauri ya Manispaa ya Singida,051,Unyambwa,13633.0,2466.0,Singida Municipal Council,164.0
13,Singida,02,Singida,Halmashauri ya Manispaa ya Singida,063,Mungumaji,8950.0,1818.0,Singida Municipal Council,164.0
13,Singida,02,Singida,Halmashauri ya Manispaa ya Singida,073,Unyamikumbi,7081.0,1276.0,Singida Municipal Council,164.0
13,Singida,02,Singida,Halmashauri ya Manispaa ya Singida,092,Kindai,18871.0,5039.0,Singida Municipal Council,164.0
13,Singida,02,Singida,Halmashauri ya Manispaa ya Singida,102,Ipembe,1499.0,304.0,Singida Municipal Council,164.0
13,Singida,02,Singida,Halmashauri ya Manispaa ya Singida,152,Misuna,25655.0,6649.0,Singida Municipal Council,164.0
13,Singida,02,Singida,Halmashauri ya Manispaa ya Singida,183,Kisaki,9142.0,1740.0,Singida Municipal Council,164.0
13,Singida,03,Manyoni,Halmashauri ya Wilaya ya Manyoni,013,Manyoni,42191.0,11470.0,Manyoni District Council,165.0
13,Singida,03,Manyoni,Halmashauri ya Wilaya ya Manyoni,023,Mkwese,8374.0,1549.0,Manyoni District Council,165.0
13,Singida,03,Manyoni,Halmashauri ya Wilaya ya Manyoni,193,Muhalala,4780.0,985.0,Manyoni District Council,165.0
13,Singida,03,Manyoni,Halmashauri ya Wilaya ya Manyoni,031,Makuru,24008.0,4817.0,Manyoni District Council,165.0
13,Singida,03,Manyoni,Halmashauri ya Wilaya ya Manyoni,041,Saranda,8175.0,1721.0,Manyoni District Council,165.0
13,Singida,03,Manyoni,Halmashauri ya Wilaya ya Manyoni,101,Majiri,17599.0,3851.0,Manyoni District Council,165.0
13,Singida,03,Manyoni,Halmashauri ya Wilaya ya Manyoni,171,Sasajila,11189.0,2349.0,Manyoni District Council,165.0
13,Singida,03,Manyoni,Halmashauri ya Wilaya ya Manyoni,183,Solya,8084.0,2089.0,Manyoni District Council,165.0
13,Singida,03,Manyoni,Halmashauri ya Wilaya ya Manyoni,051,Makutupora,9416.0,2036.0,Manyoni District Council,165.0
13,Singida,03,Manyoni,Halmashauri ya Wilaya ya Manyoni,061,Makanda,13729.0,2976.0,Manyoni District Council,165.0
13,Singida,03,Manyoni,Halmashauri ya Wilaya ya Manyoni,073,Kintinku,12946.0,3125.0,Manyoni District Council,165.0
13,Singida,03,Manyoni,Halmashauri ya Wilaya ya Manyoni,081,Maweni,11424.0,2578.0,Manyoni District Council,165.0
13,Singida,03,Manyoni,Halmashauri ya Wilaya ya Manyoni,093,Chikuyu,8474.0,2059.0,Manyoni District Council,165.0
13,Singida,03,Manyoni,Halmashauri ya Wilaya ya Manyoni,111,Sanza,12970.0,3190.0,Manyoni District Council,165.0
13,Singida,03,Manyoni,Halmashauri ya Wilaya ya Manyoni,121,Isseke,21815.0,4579.0,Manyoni District Council,165.0
13,Singida,03,Manyoni,Halmashauri ya Wilaya ya Manyoni,131,Nkonko,17459.0,3715.0,Manyoni District Council,165.0
13,Singida,03,Manyoni,Halmashauri ya Wilaya ya Manyoni,141,Sasilo,15845.0,2505.0,Manyoni District Council,165.0
13,Singida,03,Manyoni,Halmashauri ya Wilaya ya Manyoni,151,Heka,11129.0,2171.0,Manyoni District Council,165.0
13,Singida,03,Manyoni,Halmashauri ya Wilaya ya Manyoni,161,Chikola,19462.0,3294.0,Manyoni District Council,165.0
13,Singida,03,Manyoni,Halmashauri ya Wilaya ya Itigi,013,Itigi Mjini,7157.0,1568.0,Itigi District Council,166.0
13,Singida,03,Manyoni,Halmashauri ya Wilaya ya Itigi,023,Itigi Majengo,12216.0,3156.0,Itigi District Council,166.0
13,Singida,03,Manyoni,Halmashauri ya Wilaya ya Itigi,033,Tambukareli,12145.0,3295.0,Itigi District Council,166.0
13,Singida,03,Manyoni,Halmashauri ya Wilaya ya Itigi,041,Sanjaranda,12560.0,2460.0,Itigi District Council,166.0
13,Singida,03,Manyoni,Halmashauri ya Wilaya ya Itigi,051,Aghondi,10059.0,1949.0,Itigi District Council,166.0
13,Singida,03,Manyoni,Halmashauri ya Wilaya ya Itigi,061,Idodyandole,19722.0,2882.0,Itigi District Council,166.0
13,Singida,03,Manyoni,Halmashauri ya Wilaya ya Itigi,071,Ipande,19017.0,2970.0,Itigi District Council,166.0
13,Singida,03,Manyoni,Halmashauri ya Wilaya ya Itigi,081,Kitaraka,26950.0,4126.0,Itigi District Council,166.0
13,Singida,03,Manyoni,Halmashauri ya Wilaya ya Itigi,091,Mgandu,26887.0,4436.0,Itigi District Council,166.0
13,Singida,03,Manyoni,Halmashauri ya Wilaya ya Itigi,103,Mitundu,32370.0,6044.0,Itigi District Council,166.0
13,Singida,03,Manyoni,Halmashauri ya Wilaya ya Itigi,113,Kalangali,9081.0,1585.0,Itigi District Council,166.0
13,Singida,03,Manyoni,Halmashauri ya Wilaya ya Itigi,121,Mwamagembe,18114.0,2849.0,Itigi District Council,166.0
13,Singida,03,Manyoni,Halmashauri ya Wilaya ya Itigi,131,Rungwa,9669.0,1646.0,Itigi District Council,166.0
13,Singida,04,Ikungi,Halmashauri ya Wilaya ya Ikungi,201,Iyumbu,18489.0,3133.0,Ikungi District Council,167.0
13,Singida,04,Ikungi,Halmashauri ya Wilaya ya Ikungi,211,Mgungira,16929.0,2940.0,Ikungi District Council,167.0
13,Singida,04,Ikungi,Halmashauri ya Wilaya ya Ikungi,221,Mwaru,24204.0,3967.0,Ikungi District Council,167.0
13,Singida,04,Ikungi,Halmashauri ya Wilaya ya Ikungi,231,Ighombwe,26508.0,3844.0,Ikungi District Council,167.0
13,Singida,04,Ikungi,Halmashauri ya Wilaya ya Ikungi,241,Mtunduru,22292.0,3938.0,Ikungi District Council,167.0
13,Singida,04,Ikungi,Halmashauri ya Wilaya ya Ikungi,251,Sepuka,14854.0,2744.0,Ikungi District Council,167.0
13,Singida,04,Ikungi,Halmashauri ya Wilaya ya Ikungi,261,Irisya,7480.0,1382.0,Ikungi District Council,167.0
13,Singida,04,Ikungi,Halmashauri ya Wilaya ya Ikungi,013,Puma,12661.0,2686.0,Ikungi District Council,167.0
13,Singida,04,Ikungi,Halmashauri ya Wilaya ya Ikungi,021,Kituntu,10612.0,1987.0,Ikungi District Council,167.0
13,Singida,04,Ikungi,Halmashauri ya Wilaya ya Ikungi,151,Iglansoni,24556.0,3290.0,Ikungi District Council,167.0
13,Singida,04,Ikungi,Halmashauri ya Wilaya ya Ikungi,161,Isseke,8049.0,1735.0,Ikungi District Council,167.0
13,Singida,04,Ikungi,Halmashauri ya Wilaya ya Ikungi,171,Ihanja,12266.0,2422.0,Ikungi District Council,167.0
13,Singida,04,Ikungi,Halmashauri ya Wilaya ya Ikungi,181,Minyughe,11734.0,1994.0,Ikungi District Council,167.0
13,Singida,04,Ikungi,Halmashauri ya Wilaya ya Ikungi,191,Muhintiri,12199.0,2142.0,Ikungi District Council,167.0
13,Singida,04,Ikungi,Halmashauri ya Wilaya ya Ikungi,281,Makilawa,16605.0,2245.0,Ikungi District Council,167.0
13,Singida,04,Ikungi,Halmashauri ya Wilaya ya Ikungi,091,Dung'unyi,12786.0,2562.0,Ikungi District Council,167.0
13,Singida,04,Ikungi,Halmashauri ya Wilaya ya Ikungi,101,Mang'onyi,22665.0,4908.0,Ikungi District Council,167.0
13,Singida,04,Ikungi,Halmashauri ya Wilaya ya Ikungi,111,Mkiwa,8749.0,1693.0,Ikungi District Council,167.0
13,Singida,04,Ikungi,Halmashauri ya Wilaya ya Ikungi,121,Issuna,19281.0,3560.0,Ikungi District Council,167.0
13,Singida,04,Ikungi,Halmashauri ya Wilaya ya Ikungi,131,Unyahati,12088.0,2453.0,Ikungi District Council,167.0
13,Singida,04,Ikungi,Halmashauri ya Wilaya ya Ikungi,143,Ikungi,19346.0,4229.0,Ikungi District Council,167.0
13,Singida,04,Ikungi,Halmashauri ya Wilaya ya Ikungi,033,Mungaa,12868.0,2544.0,Ikungi District Council,167.0
13,Singida,04,Ikungi,Halmashauri ya Wilaya ya Ikungi,041,Siuyu,9924.0,1837.0,Ikungi District Council,167.0
13,Singida,04,Ikungi,Halmashauri ya Wilaya ya Ikungi,051,Kikio,10725.0,1977.0,Ikungi District Council,167.0
13,Singida,04,Ikungi,Halmashauri ya Wilaya ya Ikungi,061,Lighwa,9565.0,1758.0,Ikungi District Council,167.0
13,Singida,04,Ikungi,Halmashauri ya Wilaya ya Ikungi,071,Misughaa,9051.0,1799.0,Ikungi District Council,167.0
13,Singida,04,Ikungi,Halmashauri ya Wilaya ya Ikungi,081,Ntuntu,14680.0,2879.0,Ikungi District Council,167.0
13,Singida,04,Ikungi,Halmashauri ya Wilaya ya Ikungi,273,Makiungu,10096.0,1879.0,Ikungi District Council,167.0
13,Singida,05,Mkalama,Halmashauri ya Wilaya ya Mkalama,011,Mpambala,14574.0,1916.0,Mkalama District Council,168.0
13,Singida,05,Mkalama,Halmashauri ya Wilaya ya Mkalama,021,Mwangeza,32520.0,4761.0,Mkalama District Council,168.0
13,Singida,05,Mkalama,Halmashauri ya Wilaya ya Mkalama,041,Nkinto,15012.0,2809.0,Mkalama District Council,168.0
13,Singida,05,Mkalama,Halmashauri ya Wilaya ya Mkalama,053,Ibaga,15056.0,3156.0,Mkalama District Council,168.0
13,Singida,05,Mkalama,Halmashauri ya Wilaya ya Mkalama,131,Matongo,7831.0,1515.0,Mkalama District Council,168.0
13,Singida,05,Mkalama,Halmashauri ya Wilaya ya Mkalama,031,Mwanga,22773.0,4151.0,Mkalama District Council,168.0
13,Singida,05,Mkalama,Halmashauri ya Wilaya ya Mkalama,061,Gumanga,14646.0,3052.0,Mkalama District Council,168.0
13,Singida,05,Mkalama,Halmashauri ya Wilaya ya Mkalama,083,Nduguti,12821.0,2991.0,Mkalama District Council,168.0
13,Singida,05,Mkalama,Halmashauri ya Wilaya ya Mkalama,091,Ilunda,14764.0,3418.0,Mkalama District Council,168.0
13,Singida,05,Mkalama,Halmashauri ya Wilaya ya Mkalama,121,Miganga,9941.0,2061.0,Mkalama District Council,168.0
13,Singida,05,Mkalama,Halmashauri ya Wilaya ya Mkalama,151,Nkalakala,11029.0,2232.0,Mkalama District Council,168.0
13,Singida,05,Mkalama,Halmashauri ya Wilaya ya Mkalama,161,Kinampundu,13865.0,2589.0,Mkalama District Council,168.0
13,Singida,05,Mkalama,Halmashauri ya Wilaya ya Mkalama,071,Msingi,9431.0,2015.0,Mkalama District Council,168.0
13,Singida,05,Mkalama,Halmashauri ya Wilaya ya Mkalama,101,Kinyangiri,18344.0,3621.0,Mkalama District Council,168.0
13,Singida,05,Mkalama,Halmashauri ya Wilaya ya Mkalama,113,Iguguno,19132.0,4022.0,Mkalama District Council,168.0
13,Singida,05,Mkalama,Halmashauri ya Wilaya ya Mkalama,141,Kikhonda,10551.0,1829.0,Mkalama District Council,168.0
13,Singida,05,Mkalama,Halmashauri ya Wilaya ya Mkalama,171,Tumuli,13224.0,2365.0,Mkalama District Council,168.0
14,Tabora,01,Nzega,Halmashauri ya Mji wa Nzega,012,Mbogwe,8024.0,1417.0,Nzega Town Council,170.0
14,Tabora,01,Nzega,Halmashauri ya Mji wa Nzega,022,Miguwa,6180.0,1254.0,Nzega Town Council,170.0
14,Tabora,01,Nzega,Halmashauri ya Mji wa Nzega,032,Itilo,6667.0,1417.0,Nzega Town Council,170.0
14,Tabora,01,Nzega,Halmashauri ya Mji wa Nzega,042,Ijanija,7634.0,1487.0,Nzega Town Council,170.0
14,Tabora,01,Nzega,Halmashauri ya Mji wa Nzega,052,Nzega Ndogo,7666.0,1524.0,Nzega Town Council,170.0
14,Tabora,01,Nzega,Halmashauri ya Mji wa Nzega,062,Nzega Mjini Mashariki,44937.0,11724.0,Nzega Town Council,170.0
14,Tabora,01,Nzega,Halmashauri ya Mji wa Nzega,072,Nzega Mjini Magharibi,19032.0,5176.0,Nzega Town Council,170.0
14,Tabora,01,Nzega,Halmashauri ya Mji wa Nzega,082,Uchama,10559.0,2049.0,Nzega Town Council,170.0
14,Tabora,01,Nzega,Halmashauri ya Mji wa Nzega,092,Mwanzoli,8337.0,1422.0,Nzega Town Council,170.0
14,Tabora,01,Nzega,Halmashauri ya Mji wa Nzega,102,Kitangili,6157.0,1343.0,Nzega Town Council,170.0
14,Tabora,01,Nzega,Halmashauri ya Wilaya ya Nzega,243,Bukene,11239.0,2659.0,Nzega District Council,171.0
14,Tabora,01,Nzega,Halmashauri ya Wilaya ya Nzega,251,Mogwa,18256.0,2972.0,Nzega District Council,171.0
14,Tabora,01,Nzega,Halmashauri ya Wilaya ya Nzega,261,Mambali,30398.0,4715.0,Nzega District Council,171.0
14,Tabora,01,Nzega,Halmashauri ya Wilaya ya Nzega,271,Kahamanhalanga,19557.0,2962.0,Nzega District Council,171.0
14,Tabora,01,Nzega,Halmashauri ya Wilaya ya Nzega,281,Semembela,23802.0,3448.0,Nzega District Council,171.0
14,Tabora,01,Nzega,Halmashauri ya Wilaya ya Nzega,291,Isagenhe,14336.0,2333.0,Nzega District Council,171.0
14,Tabora,01,Nzega,Halmashauri ya Wilaya ya Nzega,301,Ikindwa,12171.0,2269.0,Nzega District Council,171.0
14,Tabora,01,Nzega,Halmashauri ya Wilaya ya Nzega,311,Uduka,5403.0,1101.0,Nzega District Council,171.0
14,Tabora,01,Nzega,Halmashauri ya Wilaya ya Nzega,361,Mbutu,22127.0,3433.0,Nzega District Council,171.0
14,Tabora,01,Nzega,Halmashauri ya Wilaya ya Nzega,141,Nata,20639.0,4285.0,Nzega District Council,171.0
14,Tabora,01,Nzega,Halmashauri ya Wilaya ya Nzega,161,Itobo,11656.0,2381.0,Nzega District Council,171.0
14,Tabora,01,Nzega,Halmashauri ya Wilaya ya Nzega,171,Mwangoye,18115.0,3409.0,Nzega District Council,171.0
14,Tabora,01,Nzega,Halmashauri ya Wilaya ya Nzega,191,Mwamala,22349.0,4086.0,Nzega District Council,171.0
14,Tabora,01,Nzega,Halmashauri ya Wilaya ya Nzega,201,Igusule,23316.0,3608.0,Nzega District Council,171.0
14,Tabora,01,Nzega,Halmashauri ya Wilaya ya Nzega,211,Shigamba,6405.0,1268.0,Nzega District Council,171.0
14,Tabora,01,Nzega,Halmashauri ya Wilaya ya Nzega,221,Kasela,11832.0,2277.0,Nzega District Council,171.0
14,Tabora,01,Nzega,Halmashauri ya Wilaya ya Nzega,231,Karitu,10241.0,1879.0,Nzega District Council,171.0
14,Tabora,01,Nzega,Halmashauri ya Wilaya ya Nzega,181,Sigili,13285.0,2147.0,Nzega District Council,171.0
14,Tabora,01,Nzega,Halmashauri ya Wilaya ya Nzega,101,Wela,9183.0,1445.0,Nzega District Council,171.0
14,Tabora,01,Nzega,Halmashauri ya Wilaya ya Nzega,111,Muhugi,17254.0,2693.0,Nzega District Council,171.0
14,Tabora,01,Nzega,Halmashauri ya Wilaya ya Nzega,121,Utwigu,23104.0,4155.0,Nzega District Council,171.0
14,Tabora,01,Nzega,Halmashauri ya Wilaya ya Nzega,131,Lusu,15004.0,2264.0,Nzega District Council,171.0
14,Tabora,01,Nzega,Halmashauri ya Wilaya ya Nzega,151,Isanzu,17073.0,3063.0,Nzega District Council,171.0
14,Tabora,01,Nzega,Halmashauri ya Wilaya ya Nzega,321,Mwasala,10358.0,1501.0,Nzega District Council,171.0
14,Tabora,01,Nzega,Halmashauri ya Wilaya ya Nzega,331,Mwantundu,13424.0,2040.0,Nzega District Council,171.0
14,Tabora,01,Nzega,Halmashauri ya Wilaya ya Nzega,011,Puge,17656.0,3449.0,Nzega District Council,171.0
14,Tabora,01,Nzega,Halmashauri ya Wilaya ya Nzega,021,Nkiniziwa,13215.0,2262.0,Nzega District Council,171.0
14,Tabora,01,Nzega,Halmashauri ya Wilaya ya Nzega,031,Budushi,9798.0,1276.0,Nzega District Council,171.0
14,Tabora,01,Nzega,Halmashauri ya Wilaya ya Nzega,041,Mwakashanhala,11427.0,1536.0,Nzega District Council,171.0
14,Tabora,01,Nzega,Halmashauri ya Wilaya ya Nzega,051,Tongi,20812.0,3398.0,Nzega District Council,171.0
14,Tabora,01,Nzega,Halmashauri ya Wilaya ya Nzega,061,Mizibaziba,15036.0,2238.0,Nzega District Council,171.0
14,Tabora,01,Nzega,Halmashauri ya Wilaya ya Nzega,071,Milambo Itobo,15333.0,2119.0,Nzega District Council,171.0
14,Tabora,01,Nzega,Halmashauri ya Wilaya ya Nzega,081,Magengati,15398.0,2521.0,Nzega District Council,171.0
14,Tabora,01,Nzega,Halmashauri ya Wilaya ya Nzega,091,Ndala,25570.0,5559.0,Nzega District Council,171.0
14,Tabora,01,Nzega,Halmashauri ya Wilaya ya Nzega,341,Mbagwa,13414.0,1857.0,Nzega District Council,171.0
14,Tabora,01,Nzega,Halmashauri ya Wilaya ya Nzega,351,Ugembe,16312.0,2721.0,Nzega District Council,171.0
14,Tabora,02,Igunga,Halmashauri ya Wilaya ya Igunga,013,Igunga,82768.0,17362.0,Igunga District Council,172.0
14,Tabora,02,Igunga,Halmashauri ya Wilaya ya Igunga,021,Itumba,12957.0,1485.0,Igunga District Council,172.0
14,Tabora,02,Igunga,Halmashauri ya Wilaya ya Igunga,031,Bukoko,14292.0,1656.0,Igunga District Council,172.0
14,Tabora,02,Igunga,Halmashauri ya Wilaya ya Igunga,041,Isakamaliwa,10496.0,1139.0,Igunga District Council,172.0
14,Tabora,02,Igunga,Halmashauri ya Wilaya ya Igunga,061,Nanga,21315.0,3246.0,Igunga District Council,172.0
14,Tabora,02,Igunga,Halmashauri ya Wilaya ya Igunga,071,Nguvumoja,16197.0,1942.0,Igunga District Council,172.0
14,Tabora,02,Igunga,Halmashauri ya Wilaya ya Igunga,083,Mbutu,22005.0,2783.0,Igunga District Council,172.0
14,Tabora,02,Igunga,Halmashauri ya Wilaya ya Igunga,281,Lugubu,19946.0,3023.0,Igunga District Council,172.0
14,Tabora,02,Igunga,Halmashauri ya Wilaya ya Igunga,291,Mtungulu,,,,
14,Tabora,02,Igunga,Halmashauri ya Wilaya ya Igunga,091,Kining'inila,12138.0,1414.0,Igunga District Council,172.0
14,Tabora,02,Igunga,Halmashauri ya Wilaya ya Igunga,103,Igurubi,17680.0,3265.0,Igunga District Council,172.0
14,Tabora,02,Igunga,Halmashauri ya Wilaya ya Igunga,111,Mwamashimba,9993.0,1277.0,Igunga District Council,172.0
14,Tabora,02,Igunga,Halmashauri ya Wilaya ya Igunga,121,Kinungu,14874.0,2002.0,Igunga District Council,172.0
14,Tabora,02,Igunga,Halmashauri ya Wilaya ya Igunga,141,Itunduru,16290.0,1993.0,Igunga District Council,172.0
14,Tabora,02,Igunga,Halmashauri ya Wilaya ya Igunga,151,Mwamashiga,11784.0,1422.0,Igunga District Council,172.0
14,Tabora,02,Igunga,Halmashauri ya Wilaya ya Igunga,271,Mwamakona,8350.0,1036.0,Igunga District Council,172.0
14,Tabora,02,Igunga,Halmashauri ya Wilaya ya Igunga,051,Nyandekwa,12096.0,2147.0,Igunga District Council,172.0
14,Tabora,02,Igunga,Halmashauri ya Wilaya ya Igunga,131,Ntobo,12806.0,1668.0,Igunga District Council,172.0
14,Tabora,02,Igunga,Halmashauri ya Wilaya ya Igunga,163,Chomachankola,22150.0,3918.0,Igunga District Council,172.0
14,Tabora,02,Igunga,Halmashauri ya Wilaya ya Igunga,171,Mwashikumbili,21885.0,3576.0,Igunga District Council,172.0
14,Tabora,02,Igunga,Halmashauri ya Wilaya ya Igunga,181,Ziba,16948.0,3533.0,Igunga District Council,172.0
14,Tabora,02,Igunga,Halmashauri ya Wilaya ya Igunga,191,Ndembezi,7961.0,1520.0,Igunga District Council,172.0
14,Tabora,02,Igunga,Halmashauri ya Wilaya ya Igunga,201,Nkinga,16403.0,3402.0,Igunga District Council,172.0
14,Tabora,02,Igunga,Halmashauri ya Wilaya ya Igunga,211,Ngulu,11718.0,1657.0,Igunga District Council,172.0
14,Tabora,02,Igunga,Halmashauri ya Wilaya ya Igunga,261,Sungwizi,11210.0,1694.0,Igunga District Council,172.0
14,Tabora,02,Igunga,Halmashauri ya Wilaya ya Igunga,311,Kitangili,7850.0,1399.0,Igunga District Council,172.0
14,Tabora,02,Igunga,Halmashauri ya Wilaya ya Igunga,321,Ugaka,10415.0,1760.0,Igunga District Council,172.0
14,Tabora,02,Igunga,Halmashauri ya Wilaya ya Igunga,351,Ibologelo,,,,
14,Tabora,02,Igunga,Halmashauri ya Wilaya ya Igunga,221,Simbo,11091.0,2257.0,Igunga District Council,172.0
14,Tabora,02,Igunga,Halmashauri ya Wilaya ya Igunga,231,Igoweko,22007.0,3054.0,Igunga District Council,172.0
14,Tabora,02,Igunga,Halmashauri ya Wilaya ya Igunga,241,Mwisi,14111.0,2700.0,Igunga District Council,172.0
14,Tabora,02,Igunga,Halmashauri ya Wilaya ya Igunga,251,Chabutwa,7365.0,1463.0,Igunga District Council,172.0
14,Tabora,02,Igunga,Halmashauri ya Wilaya ya Igunga,301,Mwamala,6263.0,869.0,Igunga District Council,172.0
14,Tabora,02,Igunga,Halmashauri ya Wilaya ya Igunga,331,Tambalale,9076.0,1355.0,Igunga District Council,172.0
14,Tabora,02,Igunga,Halmashauri ya Wilaya ya Igunga,341,Uswaya,15144.0,2007.0,Igunga District Council,172.0
14,Tabora,03,Uyui,Halmashauri ya Wilaya ya Uyui,011,Lutende,23203.0,3193.0,Uyui District Council,173.0
14,Tabora,03,Uyui,Halmashauri ya Wilaya ya Uyui,021,Kizengi,27707.0,4319.0,Uyui District Council,173.0
14,Tabora,03,Uyui,Halmashauri ya Wilaya ya Uyui,033,Goweko,18085.0,3185.0,Uyui District Council,173.0
14,Tabora,03,Uyui,Halmashauri ya Wilaya ya Uyui,041,Igalula,22731.0,3662.0,Uyui District Council,173.0
14,Tabora,03,Uyui,Halmashauri ya Wilaya ya Uyui,171,Loya,44552.0,7069.0,Uyui District Council,173.0
14,Tabora,03,Uyui,Halmashauri ya Wilaya ya Uyui,181,Miswaki,18431.0,2839.0,Uyui District Council,173.0
14,Tabora,03,Uyui,Halmashauri ya Wilaya ya Uyui,191,Tura,33243.0,5333.0,Uyui District Council,173.0
14,Tabora,03,Uyui,Halmashauri ya Wilaya ya Uyui,201,Nsololo,22162.0,3764.0,Uyui District Council,173.0
14,Tabora,03,Uyui,Halmashauri ya Wilaya ya Uyui,213,Kigwa,30056.0,5573.0,Uyui District Council,173.0
14,Tabora,03,Uyui,Halmashauri ya Wilaya ya Uyui,221,Miyenze,33366.0,4751.0,Uyui District Council,173.0
14,Tabora,03,Uyui,Halmashauri ya Wilaya ya Uyui,261,Mmale,12376.0,1436.0,Uyui District Council,173.0
14,Tabora,03,Uyui,Halmashauri ya Wilaya ya Uyui,111,Bukumbi,21923.0,3610.0,Uyui District Council,173.0
14,Tabora,03,Uyui,Halmashauri ya Wilaya ya Uyui,121,Ikongolo,7200.0,1249.0,Uyui District Council,173.0
14,Tabora,03,Uyui,Halmashauri ya Wilaya ya Uyui,131,Upuge,7499.0,1244.0,Uyui District Council,173.0
14,Tabora,03,Uyui,Halmashauri ya Wilaya ya Uyui,141,Magiri,17860.0,2976.0,Uyui District Council,173.0
14,Tabora,03,Uyui,Halmashauri ya Wilaya ya Uyui,151,Isikizya,16222.0,2917.0,Uyui District Council,173.0
14,Tabora,03,Uyui,Halmashauri ya Wilaya ya Uyui,161,Shitage,16724.0,2464.0,Uyui District Council,173.0
14,Tabora,03,Uyui,Halmashauri ya Wilaya ya Uyui,231,Nsimbo,10653.0,1550.0,Uyui District Council,173.0
14,Tabora,03,Uyui,Halmashauri ya Wilaya ya Uyui,241,Ibelamilundi,19958.0,3250.0,Uyui District Council,173.0
14,Tabora,03,Uyui,Halmashauri ya Wilaya ya Uyui,251,Nzubuka,9011.0,1416.0,Uyui District Council,173.0
14,Tabora,03,Uyui,Halmashauri ya Wilaya ya Uyui,271,Igulungu,13708.0,1911.0,Uyui District Council,173.0
14,Tabora,03,Uyui,Halmashauri ya Wilaya ya Uyui,053,Ilolangulu,12346.0,2472.0,Uyui District Council,173.0
14,Tabora,03,Uyui,Halmashauri ya Wilaya ya Uyui,063,Mabama,17862.0,3163.0,Uyui District Council,173.0
14,Tabora,03,Uyui,Halmashauri ya Wilaya ya Uyui,071,Ndono,13781.0,2273.0,Uyui District Council,173.0
14,Tabora,03,Uyui,Halmashauri ya Wilaya ya Uyui,083,Ufuluma,20468.0,3546.0,Uyui District Council,173.0
14,Tabora,03,Uyui,Halmashauri ya Wilaya ya Uyui,091,Usagari,13512.0,2245.0,Uyui District Council,173.0
14,Tabora,03,Uyui,Halmashauri ya Wilaya ya Uyui,101,Ibiri,22357.0,3905.0,Uyui District Council,173.0
14,Tabora,03,Uyui,Halmashauri ya Wilaya ya Uyui,281,Isila,7492.0,1341.0,Uyui District Council,173.0
14,Tabora,03,Uyui,Halmashauri ya Wilaya ya Uyui,291,Kalola,12328.0,2041.0,Uyui District Council,173.0
14,Tabora,03,Uyui,Halmashauri ya Wilaya ya Uyui,301,Makazi,15772.0,2251.0,Uyui District Council,173.0
14,Tabora,04,Urambo,Halmashauri ya Wilaya ya Urambo,011,Kapilula,5782.0,1155.0,Urambo District Council,174.0
14,Tabora,04,Urambo,Halmashauri ya Wilaya ya Urambo,023,Urambo,24299.0,5742.0,Urambo District Council,174.0
14,Tabora,04,Urambo,Halmashauri ya Wilaya ya Urambo,031,Vumilia,11539.0,2066.0,Urambo District Council,174.0
14,Tabora,04,Urambo,Halmashauri ya Wilaya ya Urambo,041,Muungano,13926.0,2708.0,Urambo District Council,174.0
14,Tabora,04,Urambo,Halmashauri ya Wilaya ya Urambo,051,Songambele,19639.0,3127.0,Urambo District Council,174.0
14,Tabora,04,Urambo,Halmashauri ya Wilaya ya Urambo,061,Uyogo,28845.0,4139.0,Urambo District Council,174.0
14,Tabora,04,Urambo,Halmashauri ya Wilaya ya Urambo,101,Ugala,,,,
14,Tabora,04,Urambo,Halmashauri ya Wilaya ya Urambo,111,Usisya,16025.0,2835.0,Urambo District Council,174.0
14,Tabora,04,Urambo,Halmashauri ya Wilaya ya Urambo,121,Itundu,7445.0,1453.0,Urambo District Council,174.0
14,Tabora,04,Urambo,Halmashauri ya Wilaya ya Urambo,131,Kasisi,11168.0,1952.0,Urambo District Council,174.0
14,Tabora,04,Urambo,Halmashauri ya Wilaya ya Urambo,141,Imalamakoye,10659.0,2297.0,Urambo District Council,174.0
14,Tabora,04,Urambo,Halmashauri ya Wilaya ya Urambo,151,Nsenda,18998.0,3137.0,Urambo District Council,174.0
14,Tabora,04,Urambo,Halmashauri ya Wilaya ya Urambo,161,Ukondamoyo,22814.0,3619.0,Urambo District Council,174.0
14,Tabora,04,Urambo,Halmashauri ya Wilaya ya Urambo,173,Kiyungi,5647.0,1293.0,Urambo District Council,174.0
14,Tabora,04,Urambo,Halmashauri ya Wilaya ya Urambo,183,Mchikichini,10286.0,2371.0,Urambo District Council,174.0
14,Tabora,04,Urambo,Halmashauri ya Wilaya ya Urambo,071,Kiloleni,9329.0,1564.0,Urambo District Council,174.0
14,Tabora,04,Urambo,Halmashauri ya Wilaya ya Urambo,081,Ussoke,9751.0,2053.0,Urambo District Council,174.0
14,Tabora,04,Urambo,Halmashauri ya Wilaya ya Urambo,091,Uyumbu,19855.0,3416.0,Urambo District Council,174.0
14,Tabora,05,Sikonge,Halmashauri ya Wilaya ya Sikonge,013,Tutuo,22982.0,4462.0,Sikonge District Council,175.0
14,Tabora,05,Sikonge,Halmashauri ya Wilaya ya Sikonge,021,Chabutwa,11971.0,1913.0,Sikonge District Council,175.0
14,Tabora,05,Sikonge,Halmashauri ya Wilaya ya Sikonge,031,Kiloleli,12733.0,2112.0,Sikonge District Council,175.0
14,Tabora,05,Sikonge,Halmashauri ya Wilaya ya Sikonge,041,Kipanga,11685.0,1929.0,Sikonge District Council,175.0
14,Tabora,05,Sikonge,Halmashauri ya Wilaya ya Sikonge,053,Sikonge,21298.0,4723.0,Sikonge District Council,175.0
14,Tabora,05,Sikonge,Halmashauri ya Wilaya ya Sikonge,061,Igigwa,31812.0,4226.0,Sikonge District Council,175.0
14,Tabora,05,Sikonge,Halmashauri ya Wilaya ya Sikonge,101,Pangale,13839.0,2315.0,Sikonge District Council,175.0
14,Tabora,05,Sikonge,Halmashauri ya Wilaya ya Sikonge,111,Ipole,8847.0,1790.0,Sikonge District Council,175.0
14,Tabora,05,Sikonge,Halmashauri ya Wilaya ya Sikonge,121,Ngoywa,10461.0,1303.0,Sikonge District Council,175.0
14,Tabora,05,Sikonge,Halmashauri ya Wilaya ya Sikonge,131,Kisanga,19464.0,2567.0,Sikonge District Council,175.0
14,Tabora,05,Sikonge,Halmashauri ya Wilaya ya Sikonge,143,Misheni,8228.0,1903.0,Sikonge District Council,175.0
14,Tabora,05,Sikonge,Halmashauri ya Wilaya ya Sikonge,151,Mole,15157.0,2589.0,Sikonge District Council,175.0
14,Tabora,05,Sikonge,Halmashauri ya Wilaya ya Sikonge,161,Mpombwe,8714.0,1277.0,Sikonge District Council,175.0
14,Tabora,05,Sikonge,Halmashauri ya Wilaya ya Sikonge,171,Usunga,10564.0,1704.0,Sikonge District Council,175.0
14,Tabora,05,Sikonge,Halmashauri ya Wilaya ya Sikonge,181,Mkolye,9319.0,1407.0,Sikonge District Council,175.0
14,Tabora,05,Sikonge,Halmashauri ya Wilaya ya Sikonge,191,Nyahua,24628.0,3392.0,Sikonge District Council,175.0
14,Tabora,05,Sikonge,Halmashauri ya Wilaya ya Sikonge,071,Kitunda,30340.0,5944.0,Sikonge District Council,175.0
14,Tabora,05,Sikonge,Halmashauri ya Wilaya ya Sikonge,081,Kiloli,19529.0,3769.0,Sikonge District Council,175.0
14,Tabora,05,Sikonge,Halmashauri ya Wilaya ya Sikonge,091,Kipili,30411.0,4897.0,Sikonge District Council,175.0
14,Tabora,05,Sikonge,Halmashauri ya Wilaya ya Sikonge,201,Kilumbi,13704.0,2293.0,Sikonge District Council,175.0
14,Tabora,06,Tabora,Halmashauri ya Manispaa ya Tabora,012,Kanyenye,11218.0,2435.0,Tabora Municipal Council,176.0
14,Tabora,06,Tabora,Halmashauri ya Manispaa ya Tabora,022,Gongoni,7094.0,2017.0,Tabora Municipal Council,176.0
14,Tabora,06,Tabora,Halmashauri ya Manispaa ya Tabora,052,Tambukareli,5396.0,1416.0,Tabora Municipal Council,176.0
14,Tabora,06,Tabora,Halmashauri ya Manispaa ya Tabora,062,Kiloleni,7439.0,2110.0,Tabora Municipal Council,176.0
14,Tabora,06,Tabora,Halmashauri ya Manispaa ya Tabora,072,Mtendeni,16983.0,3901.0,Tabora Municipal Council,176.0
14,Tabora,06,Tabora,Halmashauri ya Manispaa ya Tabora,082,Isevya,12782.0,3716.0,Tabora Municipal Council,176.0
14,Tabora,06,Tabora,Halmashauri ya Manispaa ya Tabora,092,Ipuli,20816.0,5410.0,Tabora Municipal Council,176.0
14,Tabora,06,Tabora,Halmashauri ya Manispaa ya Tabora,141,Kakola,4047.0,812.0,Tabora Municipal Council,176.0
14,Tabora,06,Tabora,Halmashauri ya Manispaa ya Tabora,151,Uyui,8438.0,1574.0,Tabora Municipal Council,176.0
14,Tabora,06,Tabora,Halmashauri ya Manispaa ya Tabora,161,Itonjanda,3313.0,668.0,Tabora Municipal Council,176.0
14,Tabora,06,Tabora,Halmashauri ya Manispaa ya Tabora,201,Kalunde,9776.0,2001.0,Tabora Municipal Council,176.0
14,Tabora,06,Tabora,Halmashauri ya Manispaa ya Tabora,211,Misha,8276.0,1653.0,Tabora Municipal Council,176.0
14,Tabora,06,Tabora,Halmashauri ya Manispaa ya Tabora,221,Kabila,7712.0,1267.0,Tabora Municipal Council,176.0
14,Tabora,06,Tabora,Halmashauri ya Manispaa ya Tabora,231,Ikomwa,8619.0,1311.0,Tabora Municipal Council,176.0
14,Tabora,06,Tabora,Halmashauri ya Manispaa ya Tabora,241,Ifucha,4680.0,839.0,Tabora Municipal Council,176.0
14,Tabora,06,Tabora,Halmashauri ya Manispaa ya Tabora,282,Mpela,19016.0,4743.0,Tabora Municipal Council,176.0
14,Tabora,06,Tabora,Halmashauri ya Manispaa ya Tabora,292,Mapambano,8944.0,2297.0,Tabora Municipal Council,176.0
14,Tabora,06,Tabora,Halmashauri ya Manispaa ya Tabora,032,Mbugani,20607.0,5558.0,Tabora Municipal Council,176.0
14,Tabora,06,Tabora,Halmashauri ya Manispaa ya Tabora,042,Chemchem,10924.0,2813.0,Tabora Municipal Council,176.0
14,Tabora,06,Tabora,Halmashauri ya Manispaa ya Tabora,102,Cheyo,9404.0,2483.0,Tabora Municipal Council,176.0
14,Tabora,06,Tabora,Halmashauri ya Manispaa ya Tabora,112,Kitete,12693.0,3310.0,Tabora Municipal Council,176.0
14,Tabora,06,Tabora,Halmashauri ya Manispaa ya Tabora,122,Ng'ambo,17829.0,4563.0,Tabora Municipal Council,176.0
14,Tabora,06,Tabora,Halmashauri ya Manispaa ya Tabora,132,Malolo,12366.0,2791.0,Tabora Municipal Council,176.0
14,Tabora,06,Tabora,Halmashauri ya Manispaa ya Tabora,171,Ndevelwa,10940.0,1953.0,Tabora Municipal Council,176.0
14,Tabora,06,Tabora,Halmashauri ya Manispaa ya Tabora,181,Itetemia,8465.0,1834.0,Tabora Municipal Council,176.0
14,Tabora,06,Tabora,Halmashauri ya Manispaa ya Tabora,191,Tumbi,7760.0,1581.0,Tabora Municipal Council,176.0
14,Tabora,06,Tabora,Halmashauri ya Manispaa ya Tabora,251,Ntalikwa,5249.0,874.0,Tabora Municipal Council,176.0
14,Tabora,06,Tabora,Halmashauri ya Manispaa ya Tabora,262,Mwinyi,16531.0,4311.0,Tabora Municipal Council,176.0
14,Tabora,06,Tabora,Halmashauri ya Manispaa ya Tabora,272,Kidongo Chekundu,11424.0,3259.0,Tabora Municipal Council,176.0
14,Tabora,07,Kaliua,Halmashauri ya Wilaya ya Kaliua,011,Ukumbi Siganga,20522.0,4046.0,Kaliua District Council,177.0
14,Tabora,07,Kaliua,Halmashauri ya Wilaya ya Kaliua,021,Zugimlole,42943.0,6761.0,Kaliua District Council,177.0
14,Tabora,07,Kaliua,Halmashauri ya Wilaya ya Kaliua,041,Ugunga,22507.0,3510.0,Kaliua District Council,177.0
14,Tabora,07,Kaliua,Halmashauri ya Wilaya ya Kaliua,053,Kaliua,16270.0,3733.0,Kaliua District Council,177.0
14,Tabora,07,Kaliua,Halmashauri ya Wilaya ya Kaliua,081,Kamsekwa,24954.0,4102.0,Kaliua District Council,177.0
14,Tabora,07,Kaliua,Halmashauri ya Wilaya ya Kaliua,283,Ufukutwa,18131.0,3616.0,Kaliua District Council,177.0
14,Tabora,07,Kaliua,Halmashauri ya Wilaya ya Kaliua,031,Ushokola,27005.0,4952.0,Kaliua District Council,177.0
14,Tabora,07,Kaliua,Halmashauri ya Wilaya ya Kaliua,091,Kazaroho,13041.0,2183.0,Kaliua District Council,177.0
14,Tabora,07,Kaliua,Halmashauri ya Wilaya ya Kaliua,101,Igwisi,72409.0,11741.0,Kaliua District Council,177.0
14,Tabora,07,Kaliua,Halmashauri ya Wilaya ya Kaliua,231,Usimba,6436.0,1156.0,Kaliua District Council,177.0
14,Tabora,07,Kaliua,Halmashauri ya Wilaya ya Kaliua,061,Usinge,69774.0,12804.0,Kaliua District Council,177.0
14,Tabora,07,Kaliua,Halmashauri ya Wilaya ya Kaliua,071,Igagala,46097.0,8902.0,Kaliua District Council,177.0
14,Tabora,07,Kaliua,Halmashauri ya Wilaya ya Kaliua,221,Usenye,14721.0,2417.0,Kaliua District Council,177.0
14,Tabora,07,Kaliua,Halmashauri ya Wilaya ya Kaliua,111,Uyowa,41656.0,6949.0,Kaliua District Council,177.0
14,Tabora,07,Kaliua,Halmashauri ya Wilaya ya Kaliua,121,Silambo,18969.0,3283.0,Kaliua District Council,177.0
14,Tabora,07,Kaliua,Halmashauri ya Wilaya ya Kaliua,161,Ichemba,5177.0,951.0,Kaliua District Council,177.0
14,Tabora,07,Kaliua,Halmashauri ya Wilaya ya Kaliua,171,Mwongozo,11963.0,2139.0,Kaliua District Council,177.0
14,Tabora,07,Kaliua,Halmashauri ya Wilaya ya Kaliua,181,Kanoge,5332.0,844.0,Kaliua District Council,177.0
14,Tabora,07,Kaliua,Halmashauri ya Wilaya ya Kaliua,191,Mkindo (Kanindo),,,,
14,Tabora,07,Kaliua,Halmashauri ya Wilaya ya Kaliua,201,Milambo,36306.0,6534.0,Kaliua District Council,177.0
14,Tabora,07,Kaliua,Halmashauri ya Wilaya ya Kaliua,241,Nhwande,16713.0,2622.0,Kaliua District Council,177.0
14,Tabora,07,Kaliua,Halmashauri ya Wilaya ya Kaliua,251,Makingi,7717.0,1093.0,Kaliua District Council,177.0
14,Tabora,07,Kaliua,Halmashauri ya Wilaya ya Kaliua,131,Kashishi,22487.0,3473.0,Kaliua District Council,177.0
14,Tabora,07,Kaliua,Halmashauri ya Wilaya ya Kaliua,141,Sasu,10645.0,1716.0,Kaliua District Council,177.0
14,Tabora,07,Kaliua,Halmashauri ya Wilaya ya Kaliua,151,Seleli,21643.0,3259.0,Kaliua District Council,177.0
14,Tabora,07,Kaliua,Halmashauri ya Wilaya ya Kaliua,211,Igombe Mkulu,30376.0,4605.0,Kaliua District Council,177.0
14,Tabora,07,Kaliua,Halmashauri ya Wilaya ya Kaliua,261,Kona Nne,14863.0,2589.0,Kaliua District Council,177.0
14,Tabora,07,Kaliua,Halmashauri ya Wilaya ya Kaliua,271,Ilege,10208.0,1437.0,Kaliua District Council,177.0
15,Rukwa,01,Kalambo,Halmashauri ya Wilaya ya Kalambo,011,Kasanga,13281.0,2961.0,Kalambo District Council,179.0
15,Rukwa,01,Kalambo,Halmashauri ya Wilaya ya Kalambo,151,Kisumba,8694.0,1908.0,Kalambo District Council,179.0
15,Rukwa,01,Kalambo,Halmashauri ya Wilaya ya Kalambo,191,Mpombwe,10901.0,2352.0,Kalambo District Council,179.0
15,Rukwa,01,Kalambo,Halmashauri ya Wilaya ya Kalambo,231,Samazi,8644.0,1858.0,Kalambo District Council,179.0
15,Rukwa,01,Kalambo,Halmashauri ya Wilaya ya Kalambo,021,Mkowe,21290.0,4449.0,Kalambo District Council,179.0
15,Rukwa,01,Kalambo,Halmashauri ya Wilaya ya Kalambo,031,Msanzi,13392.0,2849.0,Kalambo District Council,179.0
15,Rukwa,01,Kalambo,Halmashauri ya Wilaya ya Kalambo,043,Matai,15452.0,3433.0,Kalambo District Council,179.0
15,Rukwa,01,Kalambo,Halmashauri ya Wilaya ya Kalambo,051,Sopa,13222.0,2925.0,Kalambo District Council,179.0
15,Rukwa,01,Kalambo,Halmashauri ya Wilaya ya Kalambo,141,Katete,14216.0,3126.0,Kalambo District Council,179.0
15,Rukwa,01,Kalambo,Halmashauri ya Wilaya ya Kalambo,161,Mkali,14583.0,3113.0,Kalambo District Council,179.0
15,Rukwa,01,Kalambo,Halmashauri ya Wilaya ya Kalambo,181,Lyowa,18127.0,4281.0,Kalambo District Council,179.0
15,Rukwa,01,Kalambo,Halmashauri ya Wilaya ya Kalambo,211,Sundu,8142.0,1781.0,Kalambo District Council,179.0
15,Rukwa,01,Kalambo,Halmashauri ya Wilaya ya Kalambo,221,Mbuluma,13352.0,2696.0,Kalambo District Council,179.0
15,Rukwa,01,Kalambo,Halmashauri ya Wilaya ya Kalambo,081,Mwimbi,15686.0,3308.0,Kalambo District Council,179.0
15,Rukwa,01,Kalambo,Halmashauri ya Wilaya ya Kalambo,091,Mambwekenya,16241.0,3456.0,Kalambo District Council,179.0
15,Rukwa,01,Kalambo,Halmashauri ya Wilaya ya Kalambo,121,Ulumi,20142.0,4499.0,Kalambo District Council,179.0
15,Rukwa,01,Kalambo,Halmashauri ya Wilaya ya Kalambo,131,Mnamba,13216.0,2860.0,Kalambo District Council,179.0
15,Rukwa,01,Kalambo,Halmashauri ya Wilaya ya Kalambo,101,Mambwe Nkoswe,13767.0,3035.0,Kalambo District Council,179.0
15,Rukwa,01,Kalambo,Halmashauri ya Wilaya ya Kalambo,111,Legezamwendo,14892.0,3426.0,Kalambo District Council,179.0
15,Rukwa,01,Kalambo,Halmashauri ya Wilaya ya Kalambo,061,Mwazye,11981.0,2662.0,Kalambo District Council,179.0
15,Rukwa,01,Kalambo,Halmashauri ya Wilaya ya Kalambo,071,Katazi,17038.0,3674.0,Kalambo District Council,179.0
15,Rukwa,01,Kalambo,Halmashauri ya Wilaya ya Kalambo,171,Kilesha,11706.0,2494.0,Kalambo District Council,179.0
15,Rukwa,01,Kalambo,Halmashauri ya Wilaya ya Kalambo,201,Kanyezi,8818.0,2079.0,Kalambo District Council,179.0
15,Rukwa,02,Sumbawanga,Halmashauri ya Wilaya ya Sumbawanga,011,Mfinga,13878.0,2600.0,Sumbawanga District Council,180.0
15,Rukwa,02,Sumbawanga,Halmashauri ya Wilaya ya Sumbawanga,023,Muze,38344.0,7668.0,Sumbawanga District Council,180.0
15,Rukwa,02,Sumbawanga,Halmashauri ya Wilaya ya Sumbawanga,033,Mtowisa,37710.0,7838.0,Sumbawanga District Council,180.0
15,Rukwa,02,Sumbawanga,Halmashauri ya Wilaya ya Sumbawanga,041,Milepa,24675.0,5341.0,Sumbawanga District Council,180.0
15,Rukwa,02,Sumbawanga,Halmashauri ya Wilaya ya Sumbawanga,251,Zimba,11957.0,2247.0,Sumbawanga District Council,180.0
15,Rukwa,02,Sumbawanga,Halmashauri ya Wilaya ya Sumbawanga,261,Kalumbaleza,11476.0,2170.0,Sumbawanga District Council,180.0
15,Rukwa,02,Sumbawanga,Halmashauri ya Wilaya ya Sumbawanga,271,Mwadui,12983.0,2307.0,Sumbawanga District Council,180.0
15,Rukwa,02,Sumbawanga,Halmashauri ya Wilaya ya Sumbawanga,091,Ilemba,27645.0,5880.0,Sumbawanga District Council,180.0
15,Rukwa,02,Sumbawanga,Halmashauri ya Wilaya ya Sumbawanga,103,Kipeta,27430.0,6526.0,Sumbawanga District Council,180.0
15,Rukwa,02,Sumbawanga,Halmashauri ya Wilaya ya Sumbawanga,111,Kaoze,28097.0,5879.0,Sumbawanga District Council,180.0
15,Rukwa,02,Sumbawanga,Halmashauri ya Wilaya ya Sumbawanga,181,Kapenta,17400.0,3269.0,Sumbawanga District Council,180.0
15,Rukwa,02,Sumbawanga,Halmashauri ya Wilaya ya Sumbawanga,191,Kilangawana,18905.0,4016.0,Sumbawanga District Council,180.0
15,Rukwa,02,Sumbawanga,Halmashauri ya Wilaya ya Sumbawanga,201,Nankanga,16487.0,3605.0,Sumbawanga District Council,180.0
15,Rukwa,02,Sumbawanga,Halmashauri ya Wilaya ya Sumbawanga,121,Miangalua,20313.0,4638.0,Sumbawanga District Council,180.0
15,Rukwa,02,Sumbawanga,Halmashauri ya Wilaya ya Sumbawanga,141,Lusaka,21152.0,4814.0,Sumbawanga District Council,180.0
15,Rukwa,02,Sumbawanga,Halmashauri ya Wilaya ya Sumbawanga,153,Laela,16604.0,3799.0,Sumbawanga District Council,180.0
15,Rukwa,02,Sumbawanga,Halmashauri ya Wilaya ya Sumbawanga,161,Mnokola,11814.0,2761.0,Sumbawanga District Council,180.0
15,Rukwa,02,Sumbawanga,Halmashauri ya Wilaya ya Sumbawanga,173,Kasanzama,10327.0,2492.0,Sumbawanga District Council,180.0
15,Rukwa,02,Sumbawanga,Halmashauri ya Wilaya ya Sumbawanga,051,Sandulula,15659.0,3358.0,Sumbawanga District Council,180.0
15,Rukwa,02,Sumbawanga,Halmashauri ya Wilaya ya Sumbawanga,061,Kaengesa,14952.0,3289.0,Sumbawanga District Council,180.0
15,Rukwa,02,Sumbawanga,Halmashauri ya Wilaya ya Sumbawanga,071,Mpui,22019.0,4742.0,Sumbawanga District Council,180.0
15,Rukwa,02,Sumbawanga,Halmashauri ya Wilaya ya Sumbawanga,081,Msandamuungano,11302.0,2423.0,Sumbawanga District Council,180.0
15,Rukwa,02,Sumbawanga,Halmashauri ya Wilaya ya Sumbawanga,131,Kalambanzite,17004.0,3917.0,Sumbawanga District Council,180.0
15,Rukwa,02,Sumbawanga,Halmashauri ya Wilaya ya Sumbawanga,211,Ikozi,12500.0,2821.0,Sumbawanga District Council,180.0
15,Rukwa,02,Sumbawanga,Halmashauri ya Wilaya ya Sumbawanga,221,Mpwapwa,9095.0,1882.0,Sumbawanga District Council,180.0
15,Rukwa,02,Sumbawanga,Halmashauri ya Wilaya ya Sumbawanga,231,Kanda,15281.0,3140.0,Sumbawanga District Council,180.0
15,Rukwa,02,Sumbawanga,Halmashauri ya Wilaya ya Sumbawanga,241,Lyangalile,9321.0,2129.0,Sumbawanga District Council,180.0
15,Rukwa,02,Sumbawanga,Halmashauri ya Manispaa ya Sumbawanga,071,Ntendo,20486.0,4352.0,Sumbawanga Municipal Council,181.0
15,Rukwa,02,Sumbawanga,Halmashauri ya Manispaa ya Sumbawanga,081,Senga,9912.0,2065.0,Sumbawanga Municipal Council,181.0
15,Rukwa,02,Sumbawanga,Halmashauri ya Manispaa ya Sumbawanga,091,Mollo,20955.0,4556.0,Sumbawanga Municipal Council,181.0
15,Rukwa,02,Sumbawanga,Halmashauri ya Manispaa ya Sumbawanga,101,Pito,21138.0,4473.0,Sumbawanga Municipal Council,181.0
15,Rukwa,02,Sumbawanga,Halmashauri ya Manispaa ya Sumbawanga,111,Milanzi,21815.0,4758.0,Sumbawanga Municipal Council,181.0
15,Rukwa,02,Sumbawanga,Halmashauri ya Manispaa ya Sumbawanga,121,Matanga,11937.0,2612.0,Sumbawanga Municipal Council,181.0
15,Rukwa,02,Sumbawanga,Halmashauri ya Manispaa ya Sumbawanga,131,Kasense,14773.0,3241.0,Sumbawanga Municipal Council,181.0
15,Rukwa,02,Sumbawanga,Halmashauri ya Manispaa ya Sumbawanga,012,Malangali,12977.0,3068.0,Sumbawanga Municipal Council,181.0
15,Rukwa,02,Sumbawanga,Halmashauri ya Manispaa ya Sumbawanga,022,Mazwi,5144.0,1338.0,Sumbawanga Municipal Council,181.0
15,Rukwa,02,Sumbawanga,Halmashauri ya Manispaa ya Sumbawanga,032,Izia,10683.0,2834.0,Sumbawanga Municipal Council,181.0
15,Rukwa,02,Sumbawanga,Halmashauri ya Manispaa ya Sumbawanga,042,Katandala,11563.0,3262.0,Sumbawanga Municipal Council,181.0
15,Rukwa,02,Sumbawanga,Halmashauri ya Manispaa ya Sumbawanga,052,Sumbawanga,17499.0,4392.0,Sumbawanga Municipal Council,181.0
15,Rukwa,02,Sumbawanga,Halmashauri ya Manispaa ya Sumbawanga,062,Kizwite,23280.0,5428.0,Sumbawanga Municipal Council,181.0
15,Rukwa,02,Sumbawanga,Halmashauri ya Manispaa ya Sumbawanga,142,Majengo,17811.0,4287.0,Sumbawanga Municipal Council,181.0
15,Rukwa,02,Sumbawanga,Halmashauri ya Manispaa ya Sumbawanga,152,Chanji,10065.0,2718.0,Sumbawanga Municipal Council,181.0
15,Rukwa,02,Sumbawanga,Halmashauri ya Manispaa ya Sumbawanga,162,Lwiche,11474.0,2602.0,Sumbawanga Municipal Council,181.0
15,Rukwa,02,Sumbawanga,Halmashauri ya Manispaa ya Sumbawanga,172,Momoka,24839.0,5552.0,Sumbawanga Municipal Council,181.0
15,Rukwa,02,Sumbawanga,Halmashauri ya Manispaa ya Sumbawanga,182,Mafulala,13774.0,3206.0,Sumbawanga Municipal Council,181.0
15,Rukwa,02,Sumbawanga,Halmashauri ya Manispaa ya Sumbawanga,192,Msua,23861.0,5600.0,Sumbawanga Municipal Council,181.0
15,Rukwa,03,Nkasi,Halmashauri ya Wilaya ya Nkasi,031,Mkwamba,23414.0,4267.0,Nkasi District Council,182.0
15,Rukwa,03,Nkasi,Halmashauri ya Wilaya ya Nkasi,023,Mtenga,14291.0,2844.0,Nkasi District Council,182.0
15,Rukwa,03,Nkasi,Halmashauri ya Wilaya ya Nkasi,063,Isale,14428.0,2542.0,Nkasi District Council,182.0
15,Rukwa,03,Nkasi,Halmashauri ya Wilaya ya Nkasi,163,Namanyere,10403.0,1877.0,Nkasi District Council,182.0
15,Rukwa,03,Nkasi,Halmashauri ya Wilaya ya Nkasi,173,Nkomolo,15930.0,2954.0,Nkasi District Council,182.0
15,Rukwa,03,Nkasi,Halmashauri ya Wilaya ya Nkasi,223,Kipundu,13744.0,2633.0,Nkasi District Council,182.0
15,Rukwa,03,Nkasi,Halmashauri ya Wilaya ya Nkasi,233,Ntatumbila,8892.0,1614.0,Nkasi District Council,182.0
15,Rukwa,03,Nkasi,Halmashauri ya Wilaya ya Nkasi,243,Majengo,11381.0,2581.0,Nkasi District Council,182.0
15,Rukwa,03,Nkasi,Halmashauri ya Wilaya ya Nkasi,253,Mashete,12460.0,2222.0,Nkasi District Council,182.0
15,Rukwa,03,Nkasi,Halmashauri ya Wilaya ya Nkasi,273,Isunta,5555.0,1423.0,Nkasi District Council,182.0
15,Rukwa,03,Nkasi,Halmashauri ya Wilaya ya Nkasi,283,Paramawe,18204.0,3319.0,Nkasi District Council,182.0
15,Rukwa,03,Nkasi,Halmashauri ya Wilaya ya Nkasi,013,Korongwe,24513.0,5375.0,Nkasi District Council,182.0
15,Rukwa,03,Nkasi,Halmashauri ya Wilaya ya Nkasi,123,Kirando,20208.0,4323.0,Nkasi District Council,182.0
15,Rukwa,03,Nkasi,Halmashauri ya Wilaya ya Nkasi,133,Kabwe,18519.0,4027.0,Nkasi District Council,182.0
15,Rukwa,03,Nkasi,Halmashauri ya Wilaya ya Nkasi,141,Kipili,12037.0,2387.0,Nkasi District Council,182.0
15,Rukwa,03,Nkasi,Halmashauri ya Wilaya ya Nkasi,181,Itete,13522.0,2789.0,Nkasi District Council,182.0
15,Rukwa,03,Nkasi,Halmashauri ya Wilaya ya Nkasi,191,Mkinga,9785.0,2180.0,Nkasi District Council,182.0
15,Rukwa,03,Nkasi,Halmashauri ya Wilaya ya Nkasi,043,Chala,20258.0,3619.0,Nkasi District Council,182.0
15,Rukwa,03,Nkasi,Halmashauri ya Wilaya ya Nkasi,151,Nkandasi,24848.0,4620.0,Nkasi District Council,182.0
15,Rukwa,03,Nkasi,Halmashauri ya Wilaya ya Nkasi,051,Kipande,22419.0,4468.0,Nkasi District Council,182.0
15,Rukwa,03,Nkasi,Halmashauri ya Wilaya ya Nkasi,071,Kate,18987.0,3859.0,Nkasi District Council,182.0
15,Rukwa,03,Nkasi,Halmashauri ya Wilaya ya Nkasi,081,Sintali,11539.0,2490.0,Nkasi District Council,182.0
15,Rukwa,03,Nkasi,Halmashauri ya Wilaya ya Nkasi,201,Ntuchi,7228.0,1446.0,Nkasi District Council,182.0
15,Rukwa,03,Nkasi,Halmashauri ya Wilaya ya Nkasi,261,Myula,18054.0,3666.0,Nkasi District Council,182.0
15,Rukwa,03,Nkasi,Halmashauri ya Wilaya ya Nkasi,091,Kala,17508.0,3599.0,Nkasi District Council,182.0
15,Rukwa,03,Nkasi,Halmashauri ya Wilaya ya Nkasi,101,Wampembe,9637.0,2132.0,Nkasi District Council,182.0
15,Rukwa,03,Nkasi,Halmashauri ya Wilaya ya Nkasi,111,Ninde,16354.0,3305.0,Nkasi District Council,182.0
15,Rukwa,03,Nkasi,Halmashauri ya Wilaya ya Nkasi,211,Kizumbi,11302.0,2342.0,Nkasi District Council,182.0
16,Kigoma,01,Kibondo,Halmashauri ya Wilaya ya Kibondo,011,Misezero,10268.0,2287.0,Kibondo District Council,184.0
16,Kigoma,01,Kibondo,Halmashauri ya Wilaya ya Kibondo,021,Bitare,9619.0,2095.0,Kibondo District Council,184.0
16,Kigoma,01,Kibondo,Halmashauri ya Wilaya ya Kibondo,033,Kibondo Mjini,27200.0,6811.0,Kibondo District Council,184.0
16,Kigoma,01,Kibondo,Halmashauri ya Wilaya ya Kibondo,041,Murungu,84449.0,3947.0,Kibondo District Council,184.0
16,Kigoma,01,Kibondo,Halmashauri ya Wilaya ya Kibondo,111,Bunyambo,12788.0,2916.0,Kibondo District Council,184.0
16,Kigoma,01,Kibondo,Halmashauri ya Wilaya ya Kibondo,131,Kitahana,13695.0,2886.0,Kibondo District Council,184.0
16,Kigoma,01,Kibondo,Halmashauri ya Wilaya ya Kibondo,143,Biturana,10830.0,2327.0,Kibondo District Council,184.0
16,Kigoma,01,Kibondo,Halmashauri ya Wilaya ya Kibondo,153,Kumwambu,9744.0,2295.0,Kibondo District Council,184.0
16,Kigoma,01,Kibondo,Halmashauri ya Wilaya ya Kibondo,191,Rusohoko,13208.0,2744.0,Kibondo District Council,184.0
16,Kigoma,01,Kibondo,Halmashauri ya Wilaya ya Kibondo,081,Kumsenga,15087.0,3037.0,Kibondo District Council,184.0
16,Kigoma,01,Kibondo,Halmashauri ya Wilaya ya Kibondo,091,Kizazi,16300.0,3499.0,Kibondo District Council,184.0
16,Kigoma,01,Kibondo,Halmashauri ya Wilaya ya Kibondo,103,Mabamba,15171.0,3407.0,Kibondo District Council,184.0
16,Kigoma,01,Kibondo,Halmashauri ya Wilaya ya Kibondo,121,Itaba,7974.0,1748.0,Kibondo District Council,184.0
16,Kigoma,01,Kibondo,Halmashauri ya Wilaya ya Kibondo,171,Kagezi,13651.0,2802.0,Kibondo District Council,184.0
16,Kigoma,01,Kibondo,Halmashauri ya Wilaya ya Kibondo,181,Mukabuye,7089.0,1489.0,Kibondo District Council,184.0
16,Kigoma,01,Kibondo,Halmashauri ya Wilaya ya Kibondo,053,Busagara,16341.0,3561.0,Kibondo District Council,184.0
16,Kigoma,01,Kibondo,Halmashauri ya Wilaya ya Kibondo,061,Rugongwe,34429.0,6986.0,Kibondo District Council,184.0
16,Kigoma,01,Kibondo,Halmashauri ya Wilaya ya Kibondo,071,Busunzu,31085.0,6276.0,Kibondo District Council,184.0
16,Kigoma,01,Kibondo,Halmashauri ya Wilaya ya Kibondo,161,Nyaruyoba,13994.0,2816.0,Kibondo District Council,184.0
16,Kigoma,02,Kasulu,Halmashauri ya Wilaya ya Kasulu,011,Kitanga,37731.0,7759.0,Kasulu District Council,185.0
16,Kigoma,02,Kasulu,Halmashauri ya Wilaya ya Kasulu,021,Heru Ushingo,36631.0,7927.0,Kasulu District Council,185.0
16,Kigoma,02,Kasulu,Halmashauri ya Wilaya ya Kasulu,031,Nyamidaho,130932.0,22163.0,Kasulu District Council,185.0
16,Kigoma,02,Kasulu,Halmashauri ya Wilaya ya Kasulu,041,Kitagata,10469.0,2112.0,Kasulu District Council,185.0
16,Kigoma,02,Kasulu,Halmashauri ya Wilaya ya Kasulu,091,Kagera Nkanda,32399.0,6246.0,Kasulu District Council,185.0
16,Kigoma,02,Kasulu,Halmashauri ya Wilaya ya Kasulu,213,Makere,62398.0,12039.0,Kasulu District Council,185.0
16,Kigoma,02,Kasulu,Halmashauri ya Wilaya ya Kasulu,051,Nyachenda,16050.0,3230.0,Kasulu District Council,185.0
16,Kigoma,02,Kasulu,Halmashauri ya Wilaya ya Kasulu,061,Buhoro,17072.0,3302.0,Kasulu District Council,185.0
16,Kigoma,02,Kasulu,Halmashauri ya Wilaya ya Kasulu,071,Nyamnyusi,16411.0,3105.0,Kasulu District Council,185.0
16,Kigoma,02,Kasulu,Halmashauri ya Wilaya ya Kasulu,081,Nyakitonto,20171.0,4094.0,Kasulu District Council,185.0
16,Kigoma,02,Kasulu,Halmashauri ya Wilaya ya Kasulu,151,Muzye,11961.0,2257.0,Kasulu District Council,185.0
16,Kigoma,02,Kasulu,Halmashauri ya Wilaya ya Kasulu,161,Bugaga,14040.0,2673.0,Kasulu District Council,185.0
16,Kigoma,02,Kasulu,Halmashauri ya Wilaya ya Kasulu,171,Kigembe,16134.0,3181.0,Kasulu District Council,185.0
16,Kigoma,02,Kasulu,Halmashauri ya Wilaya ya Kasulu,181,Rusesa,20166.0,3975.0,Kasulu District Council,185.0
16,Kigoma,02,Kasulu,Halmashauri ya Wilaya ya Kasulu,191,Kwaga,5838.0,1159.0,Kasulu District Council,185.0
16,Kigoma,02,Kasulu,Halmashauri ya Wilaya ya Kasulu,201,Kalela,9932.0,1870.0,Kasulu District Council,185.0
16,Kigoma,02,Kasulu,Halmashauri ya Wilaya ya Kasulu,101,Kurugongo,24983.0,4860.0,Kasulu District Council,185.0
16,Kigoma,02,Kasulu,Halmashauri ya Wilaya ya Kasulu,111,Rungwe Mpya,19868.0,4036.0,Kasulu District Council,185.0
16,Kigoma,02,Kasulu,Halmashauri ya Wilaya ya Kasulu,121,Asante Nyerere,17412.0,3098.0,Kasulu District Council,185.0
16,Kigoma,02,Kasulu,Halmashauri ya Wilaya ya Kasulu,131,Titye,12266.0,2313.0,Kasulu District Council,185.0
16,Kigoma,02,Kasulu,Halmashauri ya Wilaya ya Kasulu,141,Shunguliba,4903.0,933.0,Kasulu District Council,185.0
16,Kigoma,02,Kasulu,Halmashauri ya Mji wa Kasulu,022,Kigondo,23852.0,4568.0,Kasulu Town Council,186.0
16,Kigoma,02,Kasulu,Halmashauri ya Mji wa Kasulu,032,Msambara,23610.0,4641.0,Kasulu Town Council,186.0
16,Kigoma,02,Kasulu,Halmashauri ya Mji wa Kasulu,042,Ruhita,16038.0,3137.0,Kasulu Town Council,186.0
16,Kigoma,02,Kasulu,Halmashauri ya Mji wa Kasulu,052,Nyumbigwa,11920.0,2154.0,Kasulu Town Council,186.0
16,Kigoma,02,Kasulu,Halmashauri ya Mji wa Kasulu,062,Murufiti,9977.0,1819.0,Kasulu Town Council,186.0
16,Kigoma,02,Kasulu,Halmashauri ya Mji wa Kasulu,072,Nyansha,15724.0,3089.0,Kasulu Town Council,186.0
16,Kigoma,02,Kasulu,Halmashauri ya Mji wa Kasulu,082,Kumsenga,7701.0,1710.0,Kasulu Town Council,186.0
16,Kigoma,02,Kasulu,Halmashauri ya Mji wa Kasulu,102,Mwilamvya,9925.0,2038.0,Kasulu Town Council,186.0
16,Kigoma,02,Kasulu,Halmashauri ya Mji wa Kasulu,112,Murusi,34036.0,7104.0,Kasulu Town Council,186.0
16,Kigoma,02,Kasulu,Halmashauri ya Mji wa Kasulu,122,Murubona,17661.0,4044.0,Kasulu Town Council,186.0
16,Kigoma,02,Kasulu,Halmashauri ya Mji wa Kasulu,132,Kumnyika,11681.0,2593.0,Kasulu Town Council,186.0
16,Kigoma,02,Kasulu,Halmashauri ya Mji wa Kasulu,142,Kimobwa,5309.0,1159.0,Kasulu Town Council,186.0
16,Kigoma,02,Kasulu,Halmashauri ya Mji wa Kasulu,012,Muganza,18805.0,3419.0,Kasulu Town Council,186.0
16,Kigoma,02,Kasulu,Halmashauri ya Mji wa Kasulu,092,Muhunga,17423.0,3312.0,Kasulu Town Council,186.0
16,Kigoma,02,Kasulu,Halmashauri ya Mji wa Kasulu,152,Heru Juu,14659.0,2876.0,Kasulu Town Council,186.0
16,Kigoma,03,Kigoma,Halmashauri ya Wilaya ya Kigoma,091,Mungonya,17638.0,3433.0,Kigoma District Council,187.0
16,Kigoma,03,Kigoma,Halmashauri ya Wilaya ya Kigoma,101,Kagongo,10449.0,1916.0,Kigoma District Council,187.0
16,Kigoma,03,Kigoma,Halmashauri ya Wilaya ya Kigoma,113,Mwandiga,17582.0,3442.0,Kigoma District Council,187.0
16,Kigoma,03,Kigoma,Halmashauri ya Wilaya ya Kigoma,161,Ziwani,9537.0,1859.0,Kigoma District Council,187.0
16,Kigoma,03,Kigoma,Halmashauri ya Wilaya ya Kigoma,011,Kagunga,14027.0,2618.0,Kigoma District Council,187.0
16,Kigoma,03,Kigoma,Halmashauri ya Wilaya ya Kigoma,021,Mkigo,5521.0,1031.0,Kigoma District Council,187.0
16,Kigoma,03,Kigoma,Halmashauri ya Wilaya ya Kigoma,031,Mwamgongo,12264.0,2179.0,Kigoma District Council,187.0
16,Kigoma,03,Kigoma,Halmashauri ya Wilaya ya Kigoma,041,Kalinzi,21904.0,3992.0,Kigoma District Council,187.0
16,Kigoma,03,Kigoma,Halmashauri ya Wilaya ya Kigoma,121,Nyarubanda,8717.0,1568.0,Kigoma District Council,187.0
16,Kigoma,03,Kigoma,Halmashauri ya Wilaya ya Kigoma,051,Bitale,19479.0,3429.0,Kigoma District Council,187.0
16,Kigoma,03,Kigoma,Halmashauri ya Wilaya ya Kigoma,061,Mkongoro,17971.0,3100.0,Kigoma District Council,187.0
16,Kigoma,03,Kigoma,Halmashauri ya Wilaya ya Kigoma,071,Mahembe,12362.0,2347.0,Kigoma District Council,187.0
16,Kigoma,03,Kigoma,Halmashauri ya Wilaya ya Kigoma,081,Matendo,11028.0,2066.0,Kigoma District Council,187.0
16,Kigoma,03,Kigoma,Halmashauri ya Wilaya ya Kigoma,131,Nkungwe,7439.0,1428.0,Kigoma District Council,187.0
16,Kigoma,03,Kigoma,Halmashauri ya Wilaya ya Kigoma,141,Kidahwe,10288.0,2032.0,Kigoma District Council,187.0
16,Kigoma,03,Kigoma,Halmashauri ya Wilaya ya Kigoma,151,Simbo,26586.0,5288.0,Kigoma District Council,187.0
16,Kigoma,03,Kigoma,Halmashauri ya Manispaa Kigoma Ujiji,012,Gungu,30395.0,6621.0,Kigoma Municipal Council,188.0
16,Kigoma,03,Kigoma,Halmashauri ya Manispaa Kigoma Ujiji,022,Kibirizi,36661.0,6916.0,Kigoma Municipal Council,188.0
16,Kigoma,03,Kigoma,Halmashauri ya Manispaa Kigoma Ujiji,152,Mwanga Kusini,14021.0,3384.0,Kigoma Municipal Council,188.0
16,Kigoma,03,Kigoma,Halmashauri ya Manispaa Kigoma Ujiji,162,Kigoma,6571.0,1634.0,Kigoma Municipal Council,188.0
16,Kigoma,03,Kigoma,Halmashauri ya Manispaa Kigoma Ujiji,172,Bangwe,16848.0,3479.0,Kigoma Municipal Council,188.0
16,Kigoma,03,Kigoma,Halmashauri ya Manispaa Kigoma Ujiji,182,Mwanga Kaskazini,21351.0,5487.0,Kigoma Municipal Council,188.0
16,Kigoma,03,Kigoma,Halmashauri ya Manispaa Kigoma Ujiji,192,Katubuka,19981.0,4875.0,Kigoma Municipal Council,188.0
16,Kigoma,03,Kigoma,Halmashauri ya Manispaa Kigoma Ujiji,032,Buhanda,16308.0,3286.0,Kigoma Municipal Council,188.0
16,Kigoma,03,Kigoma,Halmashauri ya Manispaa Kigoma Ujiji,042,Businde,3865.0,744.0,Kigoma Municipal Council,188.0
16,Kigoma,03,Kigoma,Halmashauri ya Manispaa Kigoma Ujiji,052,Machinjioni,5163.0,904.0,Kigoma Municipal Council,188.0
16,Kigoma,03,Kigoma,Halmashauri ya Manispaa Kigoma Ujiji,062,Kagera,9619.0,2010.0,Kigoma Municipal Council,188.0
16,Kigoma,03,Kigoma,Halmashauri ya Manispaa Kigoma Ujiji,072,Kasimbu,5234.0,1051.0,Kigoma Municipal Council,188.0
16,Kigoma,03,Kigoma,Halmashauri ya Manispaa Kigoma Ujiji,082,Rubuga,2474.0,519.0,Kigoma Municipal Council,188.0
16,Kigoma,03,Kigoma,Halmashauri ya Manispaa Kigoma Ujiji,092,Kasingirima,1776.0,376.0,Kigoma Municipal Council,188.0
16,Kigoma,03,Kigoma,Halmashauri ya Manispaa Kigoma Ujiji,102,Majengo,3981.0,804.0,Kigoma Municipal Council,188.0
16,Kigoma,03,Kigoma,Halmashauri ya Manispaa Kigoma Ujiji,112,Kitongoni,5219.0,1058.0,Kigoma Municipal Council,188.0
16,Kigoma,03,Kigoma,Halmashauri ya Manispaa Kigoma Ujiji,122,Kipampa,8943.0,1669.0,Kigoma Municipal Council,188.0
16,Kigoma,03,Kigoma,Halmashauri ya Manispaa Kigoma Ujiji,132,Rusimbi,5525.0,1141.0,Kigoma Municipal Council,188.0
16,Kigoma,03,Kigoma,Halmashauri ya Manispaa Kigoma Ujiji,142,Buzebazeba,18453.0,3698.0,Kigoma Municipal Council,188.0
16,Kigoma,04,Uvinza,Halmashauri ya Wilaya ya Uvinza,011,Kalya,43096.0,9192.0,Uvinza District Council,189.0
16,Kigoma,04,Uvinza,Halmashauri ya Wilaya ya Uvinza,021,Buhingu,15939.0,3310.0,Uvinza District Council,189.0
16,Kigoma,04,Uvinza,Halmashauri ya Wilaya ya Uvinza,031,Igalula,33348.0,6885.0,Uvinza District Council,189.0
16,Kigoma,04,Uvinza,Halmashauri ya Wilaya ya Uvinza,041,Sigunga,9376.0,1911.0,Uvinza District Council,189.0
16,Kigoma,04,Uvinza,Halmashauri ya Wilaya ya Uvinza,151,Herembe,9068.0,1891.0,Uvinza District Council,189.0
16,Kigoma,04,Uvinza,Halmashauri ya Wilaya ya Uvinza,051,Sunuka,39471.0,7697.0,Uvinza District Council,189.0
16,Kigoma,04,Uvinza,Halmashauri ya Wilaya ya Uvinza,061,Ilagala,29164.0,5908.0,Uvinza District Council,189.0
16,Kigoma,04,Uvinza,Halmashauri ya Wilaya ya Uvinza,071,Mwakizega,19235.0,3789.0,Uvinza District Council,189.0
16,Kigoma,04,Uvinza,Halmashauri ya Wilaya ya Uvinza,081,Kandaga,19014.0,3804.0,Uvinza District Council,189.0
16,Kigoma,04,Uvinza,Halmashauri ya Wilaya ya Uvinza,091,Kazuramimba,40711.0,7859.0,Uvinza District Council,189.0
16,Kigoma,04,Uvinza,Halmashauri ya Wilaya ya Uvinza,103,Uvinza,43102.0,8931.0,Uvinza District Council,189.0
16,Kigoma,04,Uvinza,Halmashauri ya Wilaya ya Uvinza,111,Mganza,58027.0,11074.0,Uvinza District Council,189.0
16,Kigoma,04,Uvinza,Halmashauri ya Wilaya ya Uvinza,121,Mtegowanoti,16824.0,3308.0,Uvinza District Council,189.0
16,Kigoma,04,Uvinza,Halmashauri ya Wilaya ya Uvinza,133,Nguruka,28115.0,5488.0,Uvinza District Council,189.0
16,Kigoma,04,Uvinza,Halmashauri ya Wilaya ya Uvinza,141,Itebula,32580.0,6315.0,Uvinza District Council,189.0
16,Kigoma,04,Uvinza,Halmashauri ya Wilaya ya Uvinza,161,Basanza,21283.0,3961.0,Uvinza District Council,189.0
16,Kigoma,05,Buhigwe,Halmashauri ya Wilaya ya Buhigwe,181,Bukuba,,,,
16,Kigoma,05,Buhigwe,Halmashauri ya Wilaya ya Buhigwe,011,Nyamugali,,,,
16,Kigoma,05,Buhigwe,Halmashauri ya Wilaya ya Buhigwe,021,Biharu,,,,
16,Kigoma,05,Buhigwe,Halmashauri ya Wilaya ya Buhigwe,031,Muyama,,,,
16,Kigoma,05,Buhigwe,Halmashauri ya Wilaya ya Buhigwe,041,Kajana,,,,
16,Kigoma,05,Buhigwe,Halmashauri ya Wilaya ya Buhigwe,051,Mugera,,,,
16,Kigoma,05,Buhigwe,Halmashauri ya Wilaya ya Buhigwe,061,Kilelema,,,,
16,Kigoma,05,Buhigwe,Halmashauri ya Wilaya ya Buhigwe,071,Munyegera,,,,
16,Kigoma,05,Buhigwe,Halmashauri ya Wilaya ya Buhigwe,083,Buhigwe,,,,
16,Kigoma,05,Buhigwe,Halmashauri ya Wilaya ya Buhigwe,091,Kibande,,,,
16,Kigoma,05,Buhigwe,Halmashauri ya Wilaya ya Buhigwe,101,Janda,,,,
16,Kigoma,05,Buhigwe,Halmashauri ya Wilaya ya Buhigwe,111,Munzeze,,,,
16,Kigoma,05,Buhigwe,Halmashauri ya Wilaya ya Buhigwe,121,Rusaba,,,,
16,Kigoma,05,Buhigwe,Halmashauri ya Wilaya ya Buhigwe,131,Muhinda,,,,
16,Kigoma,05,Buhigwe,Halmashauri ya Wilaya ya Buhigwe,143,Munanila,,,,
16,Kigoma,05,Buhigwe,Halmashauri ya Wilaya ya Buhigwe,151,Mwayaya,,,,
16,Kigoma,05,Buhigwe,Halmashauri ya Wilaya ya Buhigwe,161,Mkatanga,,,,
16,Kigoma,05,Buhigwe,Halmashauri ya Wilaya ya Buhigwe,171,Kibwigwa,,,,
16,Kigoma,05,Buhigwe,Halmashauri ya Wilaya ya Buhigwe,191,Mubanga,,,,
16,Kigoma,05,Buhigwe,Halmashauri ya Wilaya ya Buhigwe,201,Kinazi,,,,
16,Kigoma,06,Kakonko,Halmashauri ya Wilaya ya Kakonko,011,Nyabibuye,10162.0,2090.0,Kakonko District Council,191.0
16,Kigoma,06,Kakonko,Halmashauri ya Wilaya ya Kakonko,021,Nyamtukuza,20612.0,4030.0,Kakonko District Council,191.0
16,Kigoma,06,Kakonko,Halmashauri ya Wilaya ya Kakonko,031,Muhange,10246.0,2048.0,Kakonko District Council,191.0
16,Kigoma,06,Kakonko,Halmashauri ya Wilaya ya Kakonko,131,Gwarama,17668.0,3775.0,Kakonko District Council,191.0
16,Kigoma,06,Kakonko,Halmashauri ya Wilaya ya Kakonko,053,Kakonko,14629.0,3245.0,Kakonko District Council,191.0
16,Kigoma,06,Kakonko,Halmashauri ya Wilaya ya Kakonko,061,Kiziguzigu,13025.0,2695.0,Kakonko District Council,191.0
16,Kigoma,06,Kakonko,Halmashauri ya Wilaya ya Kakonko,121,Kanyonza,10608.0,2143.0,Kakonko District Council,191.0
16,Kigoma,06,Kakonko,Halmashauri ya Wilaya ya Kakonko,041,Kasuga,16769.0,3401.0,Kakonko District Council,191.0
16,Kigoma,06,Kakonko,Halmashauri ya Wilaya ya Kakonko,071,Rugenge,11257.0,2297.0,Kakonko District Council,191.0
16,Kigoma,06,Kakonko,Halmashauri ya Wilaya ya Kakonko,081,Kasanda,17927.0,3691.0,Kakonko District Council,191.0
16,Kigoma,06,Kakonko,Halmashauri ya Wilaya ya Kakonko,091,Gwanumpu,14956.0,3214.0,Kakonko District Council,191.0
16,Kigoma,06,Kakonko,Halmashauri ya Wilaya ya Kakonko,101,Katanga,9701.0,2203.0,Kakonko District Council,191.0
16,Kigoma,06,Kakonko,Halmashauri ya Wilaya ya Kakonko,111,Mugunzu,10859.0,2529.0,Kakonko District Council,191.0
18,Kagera,01,Karagwe,Halmashauri ya Wilaya ya Karagwe,011,Igurwa,12522.0,2822.0,Karagwe District Council,200.0
18,Kagera,01,Karagwe,Halmashauri ya Wilaya ya Karagwe,021,Kanoni,23140.0,5359.0,Karagwe District Council,200.0
18,Kagera,01,Karagwe,Halmashauri ya Wilaya ya Karagwe,031,Kihanga,19713.0,5343.0,Karagwe District Council,200.0
18,Kagera,01,Karagwe,Halmashauri ya Wilaya ya Karagwe,041,Kituntu,12194.0,2924.0,Karagwe District Council,200.0
18,Kagera,01,Karagwe,Halmashauri ya Wilaya ya Karagwe,051,Chanika,18574.0,4539.0,Karagwe District Council,200.0
18,Kagera,01,Karagwe,Halmashauri ya Wilaya ya Karagwe,063,Kayanga,28248.0,7805.0,Karagwe District Council,200.0
18,Kagera,01,Karagwe,Halmashauri ya Wilaya ya Karagwe,073,Bugene,26608.0,7560.0,Karagwe District Council,200.0
18,Kagera,01,Karagwe,Halmashauri ya Wilaya ya Karagwe,083,Ndama,6513.0,1561.0,Karagwe District Council,200.0
18,Kagera,01,Karagwe,Halmashauri ya Wilaya ya Karagwe,091,Rugera,11010.0,2442.0,Karagwe District Council,200.0
18,Kagera,01,Karagwe,Halmashauri ya Wilaya ya Karagwe,203,Nyakahanga,15979.0,3855.0,Karagwe District Council,200.0
18,Kagera,01,Karagwe,Halmashauri ya Wilaya ya Karagwe,211,Ihanda,7990.0,2023.0,Karagwe District Council,200.0
18,Kagera,01,Karagwe,Halmashauri ya Wilaya ya Karagwe,221,Chonyonyo,18596.0,4241.0,Karagwe District Council,200.0
18,Kagera,01,Karagwe,Halmashauri ya Wilaya ya Karagwe,101,Ihembe,9871.0,2257.0,Karagwe District Council,200.0
18,Kagera,01,Karagwe,Halmashauri ya Wilaya ya Karagwe,111,Nyaishozi,13759.0,3301.0,Karagwe District Council,200.0
18,Kagera,01,Karagwe,Halmashauri ya Wilaya ya Karagwe,121,Rugu,18043.0,4023.0,Karagwe District Council,200.0
18,Kagera,01,Karagwe,Halmashauri ya Wilaya ya Karagwe,131,Nyakasimbi,16364.0,3671.0,Karagwe District Council,200.0
18,Kagera,01,Karagwe,Halmashauri ya Wilaya ya Karagwe,141,Nyakakika,19457.0,4469.0,Karagwe District Council,200.0
18,Kagera,01,Karagwe,Halmashauri ya Wilaya ya Karagwe,151,Nyakabanga,19947.0,4633.0,Karagwe District Council,200.0
18,Kagera,01,Karagwe,Halmashauri ya Wilaya ya Karagwe,171,Kibondo,12965.0,3112.0,Karagwe District Council,200.0
18,Kagera,01,Karagwe,Halmashauri ya Wilaya ya Karagwe,161,Bweranyange,23164.0,5427.0,Karagwe District Council,200.0
18,Kagera,01,Karagwe,Halmashauri ya Wilaya ya Karagwe,181,Nyabiyonza,12325.0,2945.0,Karagwe District Council,200.0
18,Kagera,01,Karagwe,Halmashauri ya Wilaya ya Karagwe,191,Kiruruma,15923.0,3724.0,Karagwe District Council,200.0
18,Kagera,01,Karagwe,Halmashauri ya Wilaya ya Karagwe,231,Kamagambo,22839.0,5330.0,Karagwe District Council,200.0
18,Kagera,02,Bukoba,Halmashauri ya Wilaya ya Bukoba,011,Rubafu,9667.0,2771.0,Bukoba District Council,201.0
18,Kagera,02,Bukoba,Halmashauri ya Wilaya ya Bukoba,021,Kishanje,8674.0,2303.0,Bukoba District Council,201.0
18,Kagera,02,Bukoba,Halmashauri ya Wilaya ya Bukoba,031,Kaagya,16520.0,5419.0,Bukoba District Council,201.0
18,Kagera,02,Bukoba,Halmashauri ya Wilaya ya Bukoba,041,Buhendangabo,,,,
18,Kagera,02,Bukoba,Halmashauri ya Wilaya ya Bukoba,051,Nyakato,15301.0,3613.0,Bukoba District Council,201.0
18,Kagera,02,Bukoba,Halmashauri ya Wilaya ya Bukoba,061,Katoma,7293.0,1913.0,Bukoba District Council,201.0
18,Kagera,02,Bukoba,Halmashauri ya Wilaya ya Bukoba,071,Karabagaine,16312.0,4071.0,Bukoba District Council,201.0
18,Kagera,02,Bukoba,Halmashauri ya Wilaya ya Bukoba,091,Maruku,9689.0,2579.0,Bukoba District Council,201.0
18,Kagera,02,Bukoba,Halmashauri ya Wilaya ya Bukoba,101,Kanyengereko,,,,
18,Kagera,02,Bukoba,Halmashauri ya Wilaya ya Bukoba,081,Bujugo,8102.0,2067.0,Bukoba District Council,201.0
18,Kagera,02,Bukoba,Halmashauri ya Wilaya ya Bukoba,111,Katerero,5738.0,1444.0,Bukoba District Council,201.0
18,Kagera,02,Bukoba,Halmashauri ya Wilaya ya Bukoba,123,Kemondo,21506.0,5827.0,Bukoba District Council,201.0
18,Kagera,02,Bukoba,Halmashauri ya Wilaya ya Bukoba,131,Nyakibimbili,9097.0,2247.0,Bukoba District Council,201.0
18,Kagera,02,Bukoba,Halmashauri ya Wilaya ya Bukoba,141,Ibwera,9408.0,2322.0,Bukoba District Council,201.0
18,Kagera,02,Bukoba,Halmashauri ya Wilaya ya Bukoba,151,Mikoni,7891.0,1934.0,Bukoba District Council,201.0
18,Kagera,02,Bukoba,Halmashauri ya Wilaya ya Bukoba,251,Kyamulaile,14882.0,3640.0,Bukoba District Council,201.0
18,Kagera,02,Bukoba,Halmashauri ya Wilaya ya Bukoba,263,Katoro,16284.0,3887.0,Bukoba District Council,201.0
18,Kagera,02,Bukoba,Halmashauri ya Wilaya ya Bukoba,271,Kaibanja,15920.0,3893.0,Bukoba District Council,201.0
18,Kagera,02,Bukoba,Halmashauri ya Wilaya ya Bukoba,281,Kasharu,8255.0,2052.0,Bukoba District Council,201.0
18,Kagera,02,Bukoba,Halmashauri ya Wilaya ya Bukoba,291,Kishogo,9356.0,2288.0,Bukoba District Council,201.0
18,Kagera,02,Bukoba,Halmashauri ya Wilaya ya Bukoba,161,Butelankuzi,10465.0,2583.0,Bukoba District Council,201.0
18,Kagera,02,Bukoba,Halmashauri ya Wilaya ya Bukoba,171,Rubale,9475.0,2482.0,Bukoba District Council,201.0
18,Kagera,02,Bukoba,Halmashauri ya Wilaya ya Bukoba,181,Rukoma,14259.0,3236.0,Bukoba District Council,201.0
18,Kagera,02,Bukoba,Halmashauri ya Wilaya ya Bukoba,191,Kikomero,,,,
18,Kagera,02,Bukoba,Halmashauri ya Wilaya ya Bukoba,201,Kibirizi,9477.0,2315.0,Bukoba District Council,201.0
18,Kagera,02,Bukoba,Halmashauri ya Wilaya ya Bukoba,213,Izimbya,10804.0,2690.0,Bukoba District Council,201.0
18,Kagera,02,Bukoba,Halmashauri ya Wilaya ya Bukoba,221,Kyaitoke,10369.0,2684.0,Bukoba District Council,201.0
18,Kagera,02,Bukoba,Halmashauri ya Wilaya ya Bukoba,231,Ruhunga,11348.0,2749.0,Bukoba District Council,201.0
18,Kagera,02,Bukoba,Halmashauri ya Wilaya ya Bukoba,241,Mugajwale,11106.0,2672.0,Bukoba District Council,201.0
18,Kagera,02,Bukoba,Halmashauri ya Manispaa ya Bukoba,012,Hamugembe,10006.0,3108.0,Bukoba Municipal Council,202.0
18,Kagera,02,Bukoba,Halmashauri ya Manispaa ya Bukoba,022,Nshambya,13975.0,3824.0,Bukoba Municipal Council,202.0
18,Kagera,02,Bukoba,Halmashauri ya Manispaa ya Bukoba,032,Buhembe,5849.0,1539.0,Bukoba Municipal Council,202.0
18,Kagera,02,Bukoba,Halmashauri ya Manispaa ya Bukoba,042,Kahororo,9885.0,2496.0,Bukoba Municipal Council,202.0
18,Kagera,02,Bukoba,Halmashauri ya Manispaa ya Bukoba,052,Kashai,33328.0,9546.0,Bukoba Municipal Council,202.0
18,Kagera,02,Bukoba,Halmashauri ya Manispaa ya Bukoba,062,Miembeni,4058.0,1197.0,Bukoba Municipal Council,202.0
18,Kagera,02,Bukoba,Halmashauri ya Manispaa ya Bukoba,072,Bilele,3502.0,1055.0,Bukoba Municipal Council,202.0
18,Kagera,02,Bukoba,Halmashauri ya Manispaa ya Bukoba,082,Bakoba,16118.0,4879.0,Bukoba Municipal Council,202.0
18,Kagera,02,Bukoba,Halmashauri ya Manispaa ya Bukoba,092,Ijuganyondo,2670.0,725.0,Bukoba Municipal Council,202.0
18,Kagera,02,Bukoba,Halmashauri ya Manispaa ya Bukoba,102,Kitendaguro,7314.0,1928.0,Bukoba Municipal Council,202.0
18,Kagera,02,Bukoba,Halmashauri ya Manispaa ya Bukoba,112,Kibeta,13214.0,3590.0,Bukoba Municipal Council,202.0
18,Kagera,02,Bukoba,Halmashauri ya Manispaa ya Bukoba,122,Kagondo,9143.0,2437.0,Bukoba Municipal Council,202.0
18,Kagera,02,Bukoba,Halmashauri ya Manispaa ya Bukoba,132,Nyanga,5089.0,1284.0,Bukoba Municipal Council,202.0
18,Kagera,02,Bukoba,Halmashauri ya Manispaa ya Bukoba,142,Rwamishenye,10787.0,3520.0,Bukoba Municipal Council,202.0
18,Kagera,03,Muleba,Halmashauri ya Wilaya ya Muleba,301,Nyakatanga,9417.0,2176.0,Muleba District Council,203.0
18,Kagera,03,Muleba,Halmashauri ya Wilaya ya Muleba,311,Ngenge,28692.0,5971.0,Muleba District Council,203.0
18,Kagera,03,Muleba,Halmashauri ya Wilaya ya Muleba,321,Rutoro,10934.0,2380.0,Muleba District Council,203.0
18,Kagera,03,Muleba,Halmashauri ya Wilaya ya Muleba,331,Kabirizi,,,,
18,Kagera,03,Muleba,Halmashauri ya Wilaya ya Muleba,391,Ibuga,12889.0,3092.0,Muleba District Council,203.0
18,Kagera,03,Muleba,Halmashauri ya Wilaya ya Muleba,401,Bulyakashaju,10430.0,2464.0,Muleba District Council,203.0
18,Kagera,03,Muleba,Halmashauri ya Wilaya ya Muleba,413,Kamachumu,17129.0,4275.0,Muleba District Council,203.0
18,Kagera,03,Muleba,Halmashauri ya Wilaya ya Muleba,421,Ruhanga,7948.0,1975.0,Muleba District Council,203.0
18,Kagera,03,Muleba,Halmashauri ya Wilaya ya Muleba,431,Mafumbo,5519.0,1320.0,Muleba District Council,203.0
18,Kagera,03,Muleba,Halmashauri ya Wilaya ya Muleba,011,Muhutwe,12073.0,3029.0,Muleba District Council,203.0
18,Kagera,03,Muleba,Halmashauri ya Wilaya ya Muleba,021,Mayondwe,5888.0,1347.0,Muleba District Council,203.0
18,Kagera,03,Muleba,Halmashauri ya Wilaya ya Muleba,031,Goziba,11042.0,2988.0,Muleba District Council,203.0
18,Kagera,03,Muleba,Halmashauri ya Wilaya ya Muleba,041,Kerebe,3559.0,1485.0,Muleba District Council,203.0
18,Kagera,03,Muleba,Halmashauri ya Wilaya ya Muleba,051,Bumbire,15895.0,4865.0,Muleba District Council,203.0
18,Kagera,03,Muleba,Halmashauri ya Wilaya ya Muleba,071,Izigo,13297.0,3297.0,Muleba District Council,203.0
18,Kagera,03,Muleba,Halmashauri ya Wilaya ya Muleba,081,Katoke,11710.0,2760.0,Muleba District Council,203.0
18,Kagera,03,Muleba,Halmashauri ya Wilaya ya Muleba,091,Kagoma,7659.0,1809.0,Muleba District Council,203.0
18,Kagera,03,Muleba,Halmashauri ya Wilaya ya Muleba,101,Kikuku,10926.0,2398.0,Muleba District Council,203.0
18,Kagera,03,Muleba,Halmashauri ya Wilaya ya Muleba,281,Biirabo,18793.0,4500.0,Muleba District Council,203.0
18,Kagera,03,Muleba,Halmashauri ya Wilaya ya Muleba,291,Mushabago,9789.0,2248.0,Muleba District Council,203.0
18,Kagera,03,Muleba,Halmashauri ya Wilaya ya Muleba,343,Nshamba,25657.0,6185.0,Muleba District Council,203.0
18,Kagera,03,Muleba,Halmashauri ya Wilaya ya Muleba,351,Kashasha,10351.0,2336.0,Muleba District Council,203.0
18,Kagera,03,Muleba,Halmashauri ya Wilaya ya Muleba,361,Ijumbi,13193.0,3136.0,Muleba District Council,203.0
18,Kagera,03,Muleba,Halmashauri ya Wilaya ya Muleba,371,Kishanda,17364.0,4117.0,Muleba District Council,203.0
18,Kagera,03,Muleba,Halmashauri ya Wilaya ya Muleba,381,Buganguzi,11184.0,2729.0,Muleba District Council,203.0
18,Kagera,03,Muleba,Halmashauri ya Wilaya ya Muleba,061,Ikuza,12870.0,3792.0,Muleba District Council,203.0
18,Kagera,03,Muleba,Halmashauri ya Wilaya ya Muleba,111,Bureza,8404.0,1941.0,Muleba District Council,203.0
18,Kagera,03,Muleba,Halmashauri ya Wilaya ya Muleba,123,Muleba,25585.0,6857.0,Muleba District Council,203.0
18,Kagera,03,Muleba,Halmashauri ya Wilaya ya Muleba,131,Ikondo,6496.0,1407.0,Muleba District Council,203.0
18,Kagera,03,Muleba,Halmashauri ya Wilaya ya Muleba,141,Buhangaza,6350.0,1463.0,Muleba District Council,203.0
18,Kagera,03,Muleba,Halmashauri ya Wilaya ya Muleba,151,Mazinga,10463.0,3500.0,Muleba District Council,203.0
18,Kagera,03,Muleba,Halmashauri ya Wilaya ya Muleba,161,Magata Karutanga,13246.0,3026.0,Muleba District Council,203.0
18,Kagera,03,Muleba,Halmashauri ya Wilaya ya Muleba,171,Gwanseli,11523.0,2585.0,Muleba District Council,203.0
18,Kagera,03,Muleba,Halmashauri ya Wilaya ya Muleba,181,Kibanga,11118.0,2601.0,Muleba District Council,203.0
18,Kagera,03,Muleba,Halmashauri ya Wilaya ya Muleba,191,Kasharunga,36376.0,7839.0,Muleba District Council,203.0
18,Kagera,03,Muleba,Halmashauri ya Wilaya ya Muleba,201,Rulanda,12496.0,2847.0,Muleba District Council,203.0
18,Kagera,03,Muleba,Halmashauri ya Wilaya ya Muleba,211,Kimwani,28111.0,6018.0,Muleba District Council,203.0
18,Kagera,03,Muleba,Halmashauri ya Wilaya ya Muleba,221,Nyakabango,23783.0,4655.0,Muleba District Council,203.0
18,Kagera,03,Muleba,Halmashauri ya Wilaya ya Muleba,231,Kyebitembe,32349.0,6772.0,Muleba District Council,203.0
18,Kagera,03,Muleba,Halmashauri ya Wilaya ya Muleba,241,Karambi,26748.0,5716.0,Muleba District Council,203.0
18,Kagera,03,Muleba,Halmashauri ya Wilaya ya Muleba,251,Mubunda,20766.0,4467.0,Muleba District Council,203.0
18,Kagera,03,Muleba,Halmashauri ya Wilaya ya Muleba,261,Bisheke,20137.0,4552.0,Muleba District Council,203.0
18,Kagera,03,Muleba,Halmashauri ya Wilaya ya Muleba,271,Burungura,16731.0,3500.0,Muleba District Council,203.0
18,Kagera,04,Biharamulo,Halmashauri ya Wilaya ya Biharamulo,021,Ruziba,14066.0,2881.0,Biharamulo District Council,204.0
18,Kagera,04,Biharamulo,Halmashauri ya Wilaya ya Biharamulo,033,Biharamulo Mjini,27432.0,6898.0,Biharamulo District Council,204.0
18,Kagera,04,Biharamulo,Halmashauri ya Wilaya ya Biharamulo,041,Bisibo,18948.0,3674.0,Biharamulo District Council,204.0
18,Kagera,04,Biharamulo,Halmashauri ya Wilaya ya Biharamulo,051,Nyarubungo,16475.0,3502.0,Biharamulo District Council,204.0
18,Kagera,04,Biharamulo,Halmashauri ya Wilaya ya Biharamulo,061,Nyamahanga,13273.0,2655.0,Biharamulo District Council,204.0
18,Kagera,04,Biharamulo,Halmashauri ya Wilaya ya Biharamulo,071,Runazi,20517.0,3690.0,Biharamulo District Council,204.0
18,Kagera,04,Biharamulo,Halmashauri ya Wilaya ya Biharamulo,081,Kabindi,35733.0,6537.0,Biharamulo District Council,204.0
18,Kagera,04,Biharamulo,Halmashauri ya Wilaya ya Biharamulo,091,Nyamigogo,18610.0,2741.0,Biharamulo District Council,204.0
18,Kagera,04,Biharamulo,Halmashauri ya Wilaya ya Biharamulo,101,Nyabusozi,27786.0,4563.0,Biharamulo District Council,204.0
18,Kagera,04,Biharamulo,Halmashauri ya Wilaya ya Biharamulo,111,Nemba,28189.0,4451.0,Biharamulo District Council,204.0
18,Kagera,04,Biharamulo,Halmashauri ya Wilaya ya Biharamulo,161,Katahoka,14573.0,2613.0,Biharamulo District Council,204.0
18,Kagera,04,Biharamulo,Halmashauri ya Wilaya ya Biharamulo,011,Nyakahura,58483.0,11741.0,Biharamulo District Council,204.0
18,Kagera,04,Biharamulo,Halmashauri ya Wilaya ya Biharamulo,121,Lusahunga,76997.0,16040.0,Biharamulo District Council,204.0
18,Kagera,04,Biharamulo,Halmashauri ya Wilaya ya Biharamulo,131,Kaniha,23230.0,4085.0,Biharamulo District Council,204.0
18,Kagera,04,Biharamulo,Halmashauri ya Wilaya ya Biharamulo,141,Nyantakara,20812.0,3462.0,Biharamulo District Council,204.0
18,Kagera,04,Biharamulo,Halmashauri ya Wilaya ya Biharamulo,151,Kalenge,24420.0,4711.0,Biharamulo District Council,204.0
18,Kagera,04,Biharamulo,Halmashauri ya Wilaya ya Biharamulo,171,Nyanza,17570.0,3489.0,Biharamulo District Council,204.0
18,Kagera,05,Ngara,Halmashauri ya Wilaya ya Ngara,093,Kabanga,24711.0,5792.0,Ngara District Council,205.0
18,Kagera,05,Ngara,Halmashauri ya Wilaya ya Ngara,101,Mabawe,12826.0,3089.0,Ngara District Council,205.0
18,Kagera,05,Ngara,Halmashauri ya Wilaya ya Ngara,111,Kanazi,19554.0,4537.0,Ngara District Council,205.0
18,Kagera,05,Ngara,Halmashauri ya Wilaya ya Ngara,121,Mugoma,13200.0,3201.0,Ngara District Council,205.0
18,Kagera,05,Ngara,Halmashauri ya Wilaya ya Ngara,131,Kirushya,10685.0,2485.0,Ngara District Council,205.0
18,Kagera,05,Ngara,Halmashauri ya Wilaya ya Ngara,011,Rusumo,16678.0,4238.0,Ngara District Council,205.0
18,Kagera,05,Ngara,Halmashauri ya Wilaya ya Ngara,141,Ntobeye,17003.0,3798.0,Ngara District Council,205.0
18,Kagera,05,Ngara,Halmashauri ya Wilaya ya Ngara,151,Nyamiaga,9140.0,2140.0,Ngara District Council,205.0
18,Kagera,05,Ngara,Halmashauri ya Wilaya ya Ngara,163,Ngara Mjini,24062.0,6375.0,Ngara District Council,205.0
18,Kagera,05,Ngara,Halmashauri ya Wilaya ya Ngara,171,Kibimba,13512.0,3016.0,Ngara District Council,205.0
18,Kagera,05,Ngara,Halmashauri ya Wilaya ya Ngara,191,Murukurazo,18880.0,4184.0,Ngara District Council,205.0
18,Kagera,05,Ngara,Halmashauri ya Wilaya ya Ngara,201,Kasulo,26126.0,6568.0,Ngara District Council,205.0
18,Kagera,05,Ngara,Halmashauri ya Wilaya ya Ngara,021,Nyakisasa,24698.0,5509.0,Ngara District Council,205.0
18,Kagera,05,Ngara,Halmashauri ya Wilaya ya Ngara,033,Rulenge,23329.0,5114.0,Ngara District Council,205.0
18,Kagera,05,Ngara,Halmashauri ya Wilaya ya Ngara,041,Keza,12955.0,2711.0,Ngara District Council,205.0
18,Kagera,05,Ngara,Halmashauri ya Wilaya ya Ngara,071,Bugarama,18170.0,4134.0,Ngara District Council,205.0
18,Kagera,05,Ngara,Halmashauri ya Wilaya ya Ngara,081,Bukiriro,23283.0,5365.0,Ngara District Council,205.0
18,Kagera,05,Ngara,Halmashauri ya Wilaya ya Ngara,181,Mbuba,12564.0,2863.0,Ngara District Council,205.0
18,Kagera,05,Ngara,Halmashauri ya Wilaya ya Ngara,221,Kibogora,16765.0,3875.0,Ngara District Council,205.0
18,Kagera,05,Ngara,Halmashauri ya Wilaya ya Ngara,051,Murusagamba,15547.0,3433.0,Ngara District Council,205.0
18,Kagera,05,Ngara,Halmashauri ya Wilaya ya Ngara,061,Muganza,19292.0,4153.0,Ngara District Council,205.0
18,Kagera,05,Ngara,Halmashauri ya Wilaya ya Ngara,211,Nyamagoma,10112.0,1995.0,Ngara District Council,205.0
18,Kagera,06,Kyerwa,Halmashauri ya Wilaya ya Kyerwa,041,Kibingo,23569.0,5429.0,Kyerwa District Council,206.0
18,Kagera,06,Kyerwa,Halmashauri ya Wilaya ya Kyerwa,051,Murongo,20599.0,4875.0,Kyerwa District Council,206.0
18,Kagera,06,Kyerwa,Halmashauri ya Wilaya ya Kyerwa,061,Bugomora,13982.0,3200.0,Kyerwa District Council,206.0
18,Kagera,06,Kyerwa,Halmashauri ya Wilaya ya Kyerwa,071,Kibare,24075.0,5427.0,Kyerwa District Council,206.0
18,Kagera,06,Kyerwa,Halmashauri ya Wilaya ya Kyerwa,083,Mabira,29595.0,6832.0,Kyerwa District Council,206.0
18,Kagera,06,Kyerwa,Halmashauri ya Wilaya ya Kyerwa,091,Businde,17699.0,3892.0,Kyerwa District Council,206.0
18,Kagera,06,Kyerwa,Halmashauri ya Wilaya ya Kyerwa,101,Kamuli,20669.0,4636.0,Kyerwa District Council,206.0
18,Kagera,06,Kyerwa,Halmashauri ya Wilaya ya Kyerwa,111,Nyakatuntu,18888.0,4423.0,Kyerwa District Council,206.0
18,Kagera,06,Kyerwa,Halmashauri ya Wilaya ya Kyerwa,121,Kimuli,11298.0,2540.0,Kyerwa District Council,206.0
18,Kagera,06,Kyerwa,Halmashauri ya Wilaya ya Kyerwa,131,Kikukuru,23363.0,5192.0,Kyerwa District Council,206.0
18,Kagera,06,Kyerwa,Halmashauri ya Wilaya ya Kyerwa,211,Kitwe,7876.0,1787.0,Kyerwa District Council,206.0
18,Kagera,06,Kyerwa,Halmashauri ya Wilaya ya Kyerwa,221,Bugara,10544.0,2270.0,Kyerwa District Council,206.0
18,Kagera,06,Kyerwa,Halmashauri ya Wilaya ya Kyerwa,231,Kakanja,12148.0,2794.0,Kyerwa District Council,206.0
18,Kagera,06,Kyerwa,Halmashauri ya Wilaya ya Kyerwa,141,Rwabwere,11700.0,2830.0,Kyerwa District Council,206.0
18,Kagera,06,Kyerwa,Halmashauri ya Wilaya ya Kyerwa,153,Nkwenda,29757.0,7592.0,Kyerwa District Council,206.0
18,Kagera,06,Kyerwa,Halmashauri ya Wilaya ya Kyerwa,161,Rukuraijo,9673.0,2291.0,Kyerwa District Council,206.0
18,Kagera,06,Kyerwa,Halmashauri ya Wilaya ya Kyerwa,171,Songambele,24481.0,5468.0,Kyerwa District Council,206.0
18,Kagera,06,Kyerwa,Halmashauri ya Wilaya ya Kyerwa,181,Kyerwa,13536.0,3373.0,Kyerwa District Council,206.0
18,Kagera,06,Kyerwa,Halmashauri ya Wilaya ya Kyerwa,191,Kitwechenkura,16106.0,3702.0,Kyerwa District Council,206.0
18,Kagera,06,Kyerwa,Halmashauri ya Wilaya ya Kyerwa,241,Iteera,12453.0,2866.0,Kyerwa District Council,206.0
18,Kagera,06,Kyerwa,Halmashauri ya Wilaya ya Kyerwa,013,Isingiro,19545.0,4803.0,Kyerwa District Council,206.0
18,Kagera,06,Kyerwa,Halmashauri ya Wilaya ya Kyerwa,021,Kaisho,12099.0,2811.0,Kyerwa District Council,206.0
18,Kagera,06,Kyerwa,Halmashauri ya Wilaya ya Kyerwa,031,Rutunguru,14756.0,3256.0,Kyerwa District Council,206.0
18,Kagera,06,Kyerwa,Halmashauri ya Wilaya ya Kyerwa,201,Nyaruzumbura,14499.0,3694.0,Kyerwa District Council,206.0
18,Kagera,07,Missenyi,Halmashauri ya Wilaya ya Missenyi,011,Kakunyu,26379.0,6181.0,Missenyi District Council,207.0
18,Kagera,07,Missenyi,Halmashauri ya Wilaya ya Missenyi,021,Nsunga,26772.0,7965.0,Missenyi District Council,207.0
18,Kagera,07,Missenyi,Halmashauri ya Wilaya ya Missenyi,033,Mutukula,26532.0,7137.0,Missenyi District Council,207.0
18,Kagera,07,Missenyi,Halmashauri ya Wilaya ya Missenyi,043,Kassambya,37028.0,10092.0,Missenyi District Council,207.0
18,Kagera,07,Missenyi,Halmashauri ya Wilaya ya Missenyi,051,Minziro,10753.0,2614.0,Missenyi District Council,207.0
18,Kagera,07,Missenyi,Halmashauri ya Wilaya ya Missenyi,161,Bugorora,8105.0,2004.0,Missenyi District Council,207.0
18,Kagera,07,Missenyi,Halmashauri ya Wilaya ya Missenyi,173,Kyaka,16882.0,4468.0,Missenyi District Council,207.0
18,Kagera,07,Missenyi,Halmashauri ya Wilaya ya Missenyi,181,Mushasha,6284.0,1555.0,Missenyi District Council,207.0
18,Kagera,07,Missenyi,Halmashauri ya Wilaya ya Missenyi,191,Kilimilile,13640.0,3360.0,Missenyi District Council,207.0
18,Kagera,07,Missenyi,Halmashauri ya Wilaya ya Missenyi,201,Mabale,6995.0,1672.0,Missenyi District Council,207.0
18,Kagera,07,Missenyi,Halmashauri ya Wilaya ya Missenyi,061,Ruzinga,3280.0,863.0,Missenyi District Council,207.0
18,Kagera,07,Missenyi,Halmashauri ya Wilaya ya Missenyi,071,Kashenye,5786.0,1480.0,Missenyi District Council,207.0
18,Kagera,07,Missenyi,Halmashauri ya Wilaya ya Missenyi,081,Kanyigo,9547.0,2541.0,Missenyi District Council,207.0
18,Kagera,07,Missenyi,Halmashauri ya Wilaya ya Missenyi,091,Ishunju,3312.0,825.0,Missenyi District Council,207.0
18,Kagera,07,Missenyi,Halmashauri ya Wilaya ya Missenyi,101,Buyango,8592.0,2274.0,Missenyi District Council,207.0
18,Kagera,07,Missenyi,Halmashauri ya Wilaya ya Missenyi,111,Bwanjai,7886.0,2066.0,Missenyi District Council,207.0
18,Kagera,07,Missenyi,Halmashauri ya Wilaya ya Missenyi,121,Ishozi,6598.0,1711.0,Missenyi District Council,207.0
18,Kagera,07,Missenyi,Halmashauri ya Wilaya ya Missenyi,131,Gera,4619.0,1201.0,Missenyi District Council,207.0
18,Kagera,07,Missenyi,Halmashauri ya Wilaya ya Missenyi,141,Bugandika,9088.0,2391.0,Missenyi District Council,207.0
18,Kagera,07,Missenyi,Halmashauri ya Wilaya ya Missenyi,151,Kitobo,7316.0,1952.0,Missenyi District Council,207.0
20,Mara,01,Tarime,Halmashauri ya Wilaya ya Tarime,021,Susuni,14760.0,2913.0,Tarime District Council,220.0
20,Mara,01,Tarime,Halmashauri ya Wilaya ya Tarime,031,Mwema,14957.0,2907.0,Tarime District Council,220.0
20,Mara,01,Tarime,Halmashauri ya Wilaya ya Tarime,043,Sirari,28862.0,6990.0,Tarime District Council,220.0
20,Mara,01,Tarime,Halmashauri ya Wilaya ya Tarime,051,Regicheri,9389.0,1879.0,Tarime District Council,220.0
20,Mara,01,Tarime,Halmashauri ya Wilaya ya Tarime,061,Gwitiryo,8296.0,1655.0,Tarime District Council,220.0
20,Mara,01,Tarime,Halmashauri ya Wilaya ya Tarime,071,Pemba,14408.0,2656.0,Tarime District Council,220.0
20,Mara,01,Tarime,Halmashauri ya Wilaya ya Tarime,101,Mbogi,11567.0,2148.0,Tarime District Council,220.0
20,Mara,01,Tarime,Halmashauri ya Wilaya ya Tarime,081,Binagi,12870.0,2486.0,Tarime District Council,220.0
20,Mara,01,Tarime,Halmashauri ya Wilaya ya Tarime,091,Nyarero,17071.0,3137.0,Tarime District Council,220.0
20,Mara,01,Tarime,Halmashauri ya Wilaya ya Tarime,111,Nyakonga,9215.0,1840.0,Tarime District Council,220.0
20,Mara,01,Tarime,Halmashauri ya Wilaya ya Tarime,123,Ganyange,9717.0,1862.0,Tarime District Council,220.0
20,Mara,01,Tarime,Halmashauri ya Wilaya ya Tarime,231,Kibasuka,24147.0,4165.0,Tarime District Council,220.0
20,Mara,01,Tarime,Halmashauri ya Wilaya ya Tarime,133,Nyamwaga,21302.0,4277.0,Tarime District Council,220.0
20,Mara,01,Tarime,Halmashauri ya Wilaya ya Tarime,141,Nyansicha,,,,
20,Mara,01,Tarime,Halmashauri ya Wilaya ya Tarime,151,Muriba,14578.0,2844.0,Tarime District Council,220.0
20,Mara,01,Tarime,Halmashauri ya Wilaya ya Tarime,161,Itiryo,13046.0,2625.0,Tarime District Council,220.0
20,Mara,01,Tarime,Halmashauri ya Wilaya ya Tarime,171,Nyanungu,16148.0,3170.0,Tarime District Council,220.0
20,Mara,01,Tarime,Halmashauri ya Wilaya ya Tarime,181,Gorong'a,19673.0,3830.0,Tarime District Council,220.0
20,Mara,01,Tarime,Halmashauri ya Wilaya ya Tarime,191,Kwihancha,13941.0,2525.0,Tarime District Council,220.0
20,Mara,01,Tarime,Halmashauri ya Wilaya ya Tarime,201,Nyarokoba,12120.0,2303.0,Tarime District Council,220.0
20,Mara,01,Tarime,Halmashauri ya Wilaya ya Tarime,213,Kemambo,29098.0,6119.0,Tarime District Council,220.0
20,Mara,01,Tarime,Halmashauri ya Wilaya ya Tarime,223,Matongo,34678.0,7604.0,Tarime District Council,220.0
20,Mara,01,Tarime,Halmashauri ya Wilaya ya Tarime,011,Bumera,13075.0,2614.0,Tarime District Council,220.0
20,Mara,01,Tarime,Halmashauri ya Wilaya ya Tarime,241,Kiore,12265.0,2285.0,Tarime District Council,220.0
20,Mara,01,Tarime,Halmashauri ya Wilaya ya Tarime,251,Manga,10754.0,1938.0,Tarime District Council,220.0
20,Mara,01,Tarime,Halmashauri ya Wilaya ya Tarime,261,Komaswa,9260.0,1765.0,Tarime District Council,220.0
20,Mara,01,Tarime,Halmashauri ya Mji wa Tarime,012,Nyandoto,16170.0,3270.0,Tarime Town Council,221.0
20,Mara,01,Tarime,Halmashauri ya Mji wa Tarime,022,Nyamisangura,20120.0,4859.0,Tarime Town Council,221.0
20,Mara,01,Tarime,Halmashauri ya Mji wa Tarime,032,Nkende,17204.0,3417.0,Tarime Town Council,221.0
20,Mara,01,Tarime,Halmashauri ya Mji wa Tarime,042,Turwa,26281.0,5866.0,Tarime Town Council,221.0
20,Mara,01,Tarime,Halmashauri ya Mji wa Tarime,052,Ketare,12913.0,2479.0,Tarime Town Council,221.0
20,Mara,01,Tarime,Halmashauri ya Mji wa Tarime,062,Kenyamanyori,16123.0,2998.0,Tarime Town Council,221.0
20,Mara,01,Tarime,Halmashauri ya Mji wa Tarime,072,Bomani,7916.0,2025.0,Tarime Town Council,221.0
20,Mara,01,Tarime,Halmashauri ya Mji wa Tarime,082,Sabasaba,16316.0,4239.0,Tarime Town Council,221.0
20,Mara,02,Serengeti,Halmashauri ya Wilaya ya Serengeti,253,Matare,4875.0,893.0,Serengeti District Council,222.0
20,Mara,02,Serengeti,Halmashauri ya Wilaya ya Serengeti,011,Kenyamonta,16507.0,3183.0,Serengeti District Council,222.0
20,Mara,02,Serengeti,Halmashauri ya Wilaya ya Serengeti,023,Majimoto,12396.0,2592.0,Serengeti District Council,222.0
20,Mara,02,Serengeti,Halmashauri ya Wilaya ya Serengeti,031,Busawe,7804.0,1536.0,Serengeti District Council,222.0
20,Mara,02,Serengeti,Halmashauri ya Wilaya ya Serengeti,043,Kisaka,15338.0,3137.0,Serengeti District Council,222.0
20,Mara,02,Serengeti,Halmashauri ya Wilaya ya Serengeti,053,Ring'wani,12508.0,2014.0,Serengeti District Council,222.0
20,Mara,02,Serengeti,Halmashauri ya Wilaya ya Serengeti,063,Nyansurura,15274.0,2524.0,Serengeti District Council,222.0
20,Mara,02,Serengeti,Halmashauri ya Wilaya ya Serengeti,071,Kebanchabancha,10437.0,1660.0,Serengeti District Council,222.0
20,Mara,02,Serengeti,Halmashauri ya Wilaya ya Serengeti,081,Rung'abure,12540.0,1981.0,Serengeti District Council,222.0
20,Mara,02,Serengeti,Halmashauri ya Wilaya ya Serengeti,191,Mosongo,16976.0,2986.0,Serengeti District Council,222.0
20,Mara,02,Serengeti,Halmashauri ya Wilaya ya Serengeti,201,Nyambureti,18500.0,3538.0,Serengeti District Council,222.0
20,Mara,02,Serengeti,Halmashauri ya Wilaya ya Serengeti,211,Magange,9638.0,1785.0,Serengeti District Council,222.0
20,Mara,02,Serengeti,Halmashauri ya Wilaya ya Serengeti,221,Nyamatare,6482.0,1336.0,Serengeti District Council,222.0
20,Mara,02,Serengeti,Halmashauri ya Wilaya ya Serengeti,231,Nyamoko,9244.0,1599.0,Serengeti District Council,222.0
20,Mara,02,Serengeti,Halmashauri ya Wilaya ya Serengeti,091,Machochwe,12677.0,1917.0,Serengeti District Council,222.0
20,Mara,02,Serengeti,Halmashauri ya Wilaya ya Serengeti,101,Mbalibali,15655.0,2415.0,Serengeti District Council,222.0
20,Mara,02,Serengeti,Halmashauri ya Wilaya ya Serengeti,113,Kisangura,9991.0,1590.0,Serengeti District Council,222.0
20,Mara,02,Serengeti,Halmashauri ya Wilaya ya Serengeti,121,Manchira,8960.0,1691.0,Serengeti District Council,222.0
20,Mara,02,Serengeti,Halmashauri ya Wilaya ya Serengeti,131,Sedeco,14482.0,1868.0,Serengeti District Council,222.0
20,Mara,02,Serengeti,Halmashauri ya Wilaya ya Serengeti,243,Geitasamo,5038.0,817.0,Serengeti District Council,222.0
20,Mara,02,Serengeti,Halmashauri ya Wilaya ya Serengeti,262,Stendi Kuu,13089.0,3058.0,Serengeti District Council,222.0
20,Mara,02,Serengeti,Halmashauri ya Wilaya ya Serengeti,272,Mugumu,13288.0,3173.0,Serengeti District Council,222.0
20,Mara,02,Serengeti,Halmashauri ya Wilaya ya Serengeti,283,Morotonga,5495.0,1235.0,Serengeti District Council,222.0
20,Mara,02,Serengeti,Halmashauri ya Wilaya ya Serengeti,293,Uwanja wa Ndege,8462.0,1565.0,Serengeti District Council,222.0
20,Mara,02,Serengeti,Halmashauri ya Wilaya ya Serengeti,141,Ikoma,6223.0,1236.0,Serengeti District Council,222.0
20,Mara,02,Serengeti,Halmashauri ya Wilaya ya Serengeti,153,Natta,20569.0,3976.0,Serengeti District Council,222.0
20,Mara,02,Serengeti,Halmashauri ya Wilaya ya Serengeti,161,Nagusi,5955.0,991.0,Serengeti District Council,222.0
20,Mara,02,Serengeti,Halmashauri ya Wilaya ya Serengeti,173,Isenye,,,,
20,Mara,02,Serengeti,Halmashauri ya Wilaya ya Serengeti,181,Rigicha,12467.0,2052.0,Serengeti District Council,222.0
20,Mara,02,Serengeti,Halmashauri ya Wilaya ya Serengeti,301,Kyambahi,9665.0,1615.0,Serengeti District Council,222.0
20,Mara,03,Musoma,Halmashauri ya Wilaya ya Musoma,013,Bukumi,18314.0,3849.0,Musoma District Council,223.0
20,Mara,03,Musoma,Halmashauri ya Wilaya ya Musoma,021,Makojo,11135.0,1861.0,Musoma District Council,223.0
20,Mara,03,Musoma,Halmashauri ya Wilaya ya Musoma,031,Bwasi,12072.0,2202.0,Musoma District Council,223.0
20,Mara,03,Musoma,Halmashauri ya Wilaya ya Musoma,041,Bulinga,6695.0,1119.0,Musoma District Council,223.0
20,Mara,03,Musoma,Halmashauri ya Wilaya ya Musoma,053,Bukima,14412.0,2740.0,Musoma District Council,223.0
20,Mara,03,Musoma,Halmashauri ya Wilaya ya Musoma,061,Rusoli,8940.0,1448.0,Musoma District Council,223.0
20,Mara,03,Musoma,Halmashauri ya Wilaya ya Musoma,071,Murangi,10742.0,1940.0,Musoma District Council,223.0
20,Mara,03,Musoma,Halmashauri ya Wilaya ya Musoma,081,Musanja,11066.0,1749.0,Musoma District Council,223.0
20,Mara,03,Musoma,Halmashauri ya Wilaya ya Musoma,091,Nyamrandirira,17611.0,3139.0,Musoma District Council,223.0
20,Mara,03,Musoma,Halmashauri ya Wilaya ya Musoma,101,Bugwema,15106.0,2463.0,Musoma District Council,223.0
20,Mara,03,Musoma,Halmashauri ya Wilaya ya Musoma,111,Nyambono,11993.0,2063.0,Musoma District Council,223.0
20,Mara,03,Musoma,Halmashauri ya Wilaya ya Musoma,121,Bugoji,9803.0,1535.0,Musoma District Council,223.0
20,Mara,03,Musoma,Halmashauri ya Wilaya ya Musoma,131,Suguti,16146.0,2864.0,Musoma District Council,223.0
20,Mara,03,Musoma,Halmashauri ya Wilaya ya Musoma,141,Tegeruka,13229.0,2222.0,Musoma District Council,223.0
20,Mara,03,Musoma,Halmashauri ya Wilaya ya Musoma,151,Busambara,10127.0,1749.0,Musoma District Council,223.0
20,Mara,03,Musoma,Halmashauri ya Wilaya ya Musoma,161,Kiriba,21166.0,4247.0,Musoma District Council,223.0
20,Mara,03,Musoma,Halmashauri ya Wilaya ya Musoma,173,Mugango,11184.0,2173.0,Musoma District Council,223.0
20,Mara,03,Musoma,Halmashauri ya Wilaya ya Musoma,181,Ifulifu,7953.0,1539.0,Musoma District Council,223.0
20,Mara,03,Musoma,Halmashauri ya Wilaya ya Musoma,191,Nyakatende,15262.0,3328.0,Musoma District Council,223.0
20,Mara,03,Musoma,Halmashauri ya Wilaya ya Musoma,201,Nyegina,9438.0,1787.0,Musoma District Council,223.0
20,Mara,03,Musoma,Halmashauri ya Wilaya ya Musoma,211,Etaro,14271.0,3253.0,Musoma District Council,223.0
20,Mara,03,Musoma,Halmashauri ya Manispaa ya Musoma,012,Mukendo,1882.0,420.0,Musoma Municipal Council,224.0
20,Mara,03,Musoma,Halmashauri ya Manispaa ya Musoma,022,Mwigobero,1834.0,538.0,Musoma Municipal Council,224.0
20,Mara,03,Musoma,Halmashauri ya Manispaa ya Musoma,032,Iringo,4157.0,1218.0,Musoma Municipal Council,224.0
20,Mara,03,Musoma,Halmashauri ya Manispaa ya Musoma,042,Kitaji,4336.0,1163.0,Musoma Municipal Council,224.0
20,Mara,03,Musoma,Halmashauri ya Manispaa ya Musoma,052,Nyasho,5243.0,1409.0,Musoma Municipal Council,224.0
20,Mara,03,Musoma,Halmashauri ya Manispaa ya Musoma,062,Bweri,22987.0,5093.0,Musoma Municipal Council,224.0
20,Mara,03,Musoma,Halmashauri ya Manispaa ya Musoma,072,Nyakato,12790.0,3140.0,Musoma Municipal Council,224.0
20,Mara,03,Musoma,Halmashauri ya Manispaa ya Musoma,082,Kigera,8810.0,2101.0,Musoma Municipal Council,224.0
20,Mara,03,Musoma,Halmashauri ya Manispaa ya Musoma,092,Kamunyonge,4060.0,1169.0,Musoma Municipal Council,224.0
20,Mara,03,Musoma,Halmashauri ya Manispaa ya Musoma,102,Nyamatare,6416.0,1658.0,Musoma Municipal Council,224.0
20,Mara,03,Musoma,Halmashauri ya Manispaa ya Musoma,112,Mwisenge,13761.0,3341.0,Musoma Municipal Council,224.0
20,Mara,03,Musoma,Halmashauri ya Manispaa ya Musoma,122,Buhare,17101.0,3789.0,Musoma Municipal Council,224.0
20,Mara,03,Musoma,Halmashauri ya Manispaa ya Musoma,132,Makoko,12364.0,2803.0,Musoma Municipal Council,224.0
20,Mara,03,Musoma,Halmashauri ya Manispaa ya Musoma,142,Mshikamano,8280.0,1863.0,Musoma Municipal Council,224.0
20,Mara,03,Musoma,Halmashauri ya Manispaa ya Musoma,152,Rwamlimi,20779.0,4575.0,Musoma Municipal Council,224.0
20,Mara,03,Musoma,Halmashauri ya Manispaa ya Musoma,162,Kwangwa,19372.0,3998.0,Musoma Municipal Council,224.0
20,Mara,04,Bunda,Halmashauri ya Wilaya ya Bunda,013,Nyamuswa,10347.0,2233.0,Bunda District Council,225.0
20,Mara,04,Bunda,Halmashauri ya Wilaya ya Bunda,021,Ketare,13047.0,2286.0,Bunda District Council,225.0
20,Mara,04,Bunda,Halmashauri ya Wilaya ya Bunda,031,Salama,11469.0,2186.0,Bunda District Council,225.0
20,Mara,04,Bunda,Halmashauri ya Wilaya ya Bunda,041,Mihingo,16012.0,2622.0,Bunda District Council,225.0
20,Mara,04,Bunda,Halmashauri ya Wilaya ya Bunda,053,Mugeta,20124.0,3502.0,Bunda District Council,225.0
20,Mara,04,Bunda,Halmashauri ya Wilaya ya Bunda,061,Hunyari,19240.0,3067.0,Bunda District Council,225.0
20,Mara,04,Bunda,Halmashauri ya Wilaya ya Bunda,071,Nyamang'uta,12324.0,2210.0,Bunda District Council,225.0
20,Mara,04,Bunda,Halmashauri ya Wilaya ya Bunda,103,Kibara,13339.0,2968.0,Bunda District Council,225.0
20,Mara,04,Bunda,Halmashauri ya Wilaya ya Bunda,111,Chitengule,12786.0,2387.0,Bunda District Council,225.0
20,Mara,04,Bunda,Halmashauri ya Wilaya ya Bunda,121,Nansimo,14599.0,2890.0,Bunda District Council,225.0
20,Mara,04,Bunda,Halmashauri ya Wilaya ya Bunda,131,Kisorya,13445.0,2798.0,Bunda District Council,225.0
20,Mara,04,Bunda,Halmashauri ya Wilaya ya Bunda,141,Nampindi,10283.0,1859.0,Bunda District Council,225.0
20,Mara,04,Bunda,Halmashauri ya Wilaya ya Bunda,151,Igundu,13303.0,2358.0,Bunda District Council,225.0
20,Mara,04,Bunda,Halmashauri ya Wilaya ya Bunda,081,Butimba,8872.0,1726.0,Bunda District Council,225.0
20,Mara,04,Bunda,Halmashauri ya Wilaya ya Bunda,091,Neruma,10857.0,1957.0,Bunda District Council,225.0
20,Mara,04,Bunda,Halmashauri ya Wilaya ya Bunda,163,Iramba,13850.0,2741.0,Bunda District Council,225.0
20,Mara,04,Bunda,Halmashauri ya Wilaya ya Bunda,171,Namhula,16867.0,2722.0,Bunda District Council,225.0
20,Mara,04,Bunda,Halmashauri ya Wilaya ya Bunda,181,Nyamihyoro,5487.0,1002.0,Bunda District Council,225.0
20,Mara,04,Bunda,Halmashauri ya Wilaya ya Bunda,191,Kasuguti,7571.0,1242.0,Bunda District Council,225.0
20,Mara,04,Bunda,Halmashauri ya Mji wa Bunda,012,Guta,21427.0,3901.0,Bunda Town Council,226.0
20,Mara,04,Bunda,Halmashauri ya Mji wa Bunda,022,Wariku,11601.0,1942.0,Bunda Town Council,226.0
20,Mara,04,Bunda,Halmashauri ya Mji wa Bunda,032,Kabasa,17498.0,3140.0,Bunda Town Council,226.0
20,Mara,04,Bunda,Halmashauri ya Mji wa Bunda,042,Sazira,15738.0,2974.0,Bunda Town Council,226.0
20,Mara,04,Bunda,Halmashauri ya Mji wa Bunda,052,Mcharo,11690.0,2013.0,Bunda Town Council,226.0
20,Mara,04,Bunda,Halmashauri ya Mji wa Bunda,062,Kunzugu,6368.0,1081.0,Bunda Town Council,226.0
20,Mara,04,Bunda,Halmashauri ya Mji wa Bunda,072,Nyatwali,7022.0,1430.0,Bunda Town Council,226.0
20,Mara,04,Bunda,Halmashauri ya Mji wa Bunda,082,Balili,9282.0,1976.0,Bunda Town Council,226.0
20,Mara,04,Bunda,Halmashauri ya Mji wa Bunda,092,Nyamakokoto,12459.0,3123.0,Bunda Town Council,226.0
20,Mara,04,Bunda,Halmashauri ya Mji wa Bunda,102,Bunda Stoo,22434.0,4714.0,Bunda Town Council,226.0
20,Mara,04,Bunda,Halmashauri ya Mji wa Bunda,112,Bunda Mjini,5856.0,1585.0,Bunda Town Council,226.0
20,Mara,04,Bunda,Halmashauri ya Mji wa Bunda,122,Kabarimu,14052.0,3490.0,Bunda Town Council,226.0
20,Mara,04,Bunda,Halmashauri ya Mji wa Bunda,132,Nyasura,19369.0,4599.0,Bunda Town Council,226.0
20,Mara,04,Bunda,Halmashauri ya Mji wa Bunda,142,Manyamanyama,8174.0,1578.0,Bunda Town Council,226.0
20,Mara,05,Butiama,Halmashauri ya Wilaya ya Butiama,053,Buhemba,13187.0,2690.0,Butiama District Council,227.0
20,Mara,05,Butiama,Halmashauri ya Wilaya ya Butiama,061,Mirwa,25390.0,6065.0,Butiama District Council,227.0
20,Mara,05,Butiama,Halmashauri ya Wilaya ya Butiama,073,Muriaza,12886.0,2552.0,Butiama District Council,227.0
20,Mara,05,Butiama,Halmashauri ya Wilaya ya Butiama,083,Butiama,24871.0,5274.0,Butiama District Council,227.0
20,Mara,05,Butiama,Halmashauri ya Wilaya ya Butiama,091,Masaba,17713.0,3258.0,Butiama District Council,227.0
20,Mara,05,Butiama,Halmashauri ya Wilaya ya Butiama,101,Kyanyari,21886.0,3814.0,Butiama District Council,227.0
20,Mara,05,Butiama,Halmashauri ya Wilaya ya Butiama,113,Kukirango,23270.0,5130.0,Butiama District Council,227.0
20,Mara,05,Butiama,Halmashauri ya Wilaya ya Butiama,121,Kamugegi,9264.0,1560.0,Butiama District Council,227.0
20,Mara,05,Butiama,Halmashauri ya Wilaya ya Butiama,131,Buruma,21176.0,3685.0,Butiama District Council,227.0
20,Mara,05,Butiama,Halmashauri ya Wilaya ya Butiama,141,Bisumwa,12153.0,2259.0,Butiama District Council,227.0
20,Mara,05,Butiama,Halmashauri ya Wilaya ya Butiama,153,Nyankanga,18265.0,3742.0,Butiama District Council,227.0
20,Mara,05,Butiama,Halmashauri ya Wilaya ya Butiama,161,Bukabwa,13765.0,2574.0,Butiama District Council,227.0
20,Mara,05,Butiama,Halmashauri ya Wilaya ya Butiama,171,Butuguri,10764.0,1926.0,Butiama District Council,227.0
20,Mara,05,Butiama,Halmashauri ya Wilaya ya Butiama,181,Busegwe,6978.0,1279.0,Butiama District Council,227.0
20,Mara,05,Butiama,Halmashauri ya Wilaya ya Butiama,011,Bwiregi,13633.0,2613.0,Butiama District Council,227.0
20,Mara,05,Butiama,Halmashauri ya Wilaya ya Butiama,021,Buswahili,15742.0,3218.0,Butiama District Council,227.0
20,Mara,05,Butiama,Halmashauri ya Wilaya ya Butiama,031,Nyamimange,6812.0,1353.0,Butiama District Council,227.0
20,Mara,05,Butiama,Halmashauri ya Wilaya ya Butiama,043,Sirorisimba,13901.0,2742.0,Butiama District Council,227.0
20,Mara,06,Rorya,Halmashauri ya Wilaya ya Rorya,011,Kigunga,18637.0,3844.0,Rorya District Council,228.0
20,Mara,06,Rorya,Halmashauri ya Wilaya ya Rorya,021,Kirogo,9795.0,1995.0,Rorya District Council,228.0
20,Mara,06,Rorya,Halmashauri ya Wilaya ya Rorya,031,Nyamtinga,14008.0,2877.0,Rorya District Council,228.0
20,Mara,06,Rorya,Halmashauri ya Wilaya ya Rorya,041,Nyamagaro,16903.0,3377.0,Rorya District Council,228.0
20,Mara,06,Rorya,Halmashauri ya Wilaya ya Rorya,051,Nyahongo,11923.0,2512.0,Rorya District Council,228.0
20,Mara,06,Rorya,Halmashauri ya Wilaya ya Rorya,063,Mkoma,18904.0,4418.0,Rorya District Council,228.0
20,Mara,06,Rorya,Halmashauri ya Wilaya ya Rorya,071,Tai,17297.0,3887.0,Rorya District Council,228.0
20,Mara,06,Rorya,Halmashauri ya Wilaya ya Rorya,081,Bukura,20934.0,4215.0,Rorya District Council,228.0
20,Mara,06,Rorya,Halmashauri ya Wilaya ya Rorya,241,Kyangasaga,9114.0,1854.0,Rorya District Council,228.0
20,Mara,06,Rorya,Halmashauri ya Wilaya ya Rorya,251,Kinyenche,9744.0,1907.0,Rorya District Council,228.0
20,Mara,06,Rorya,Halmashauri ya Wilaya ya Rorya,263,Raranya,6621.0,1373.0,Rorya District Council,228.0
20,Mara,06,Rorya,Halmashauri ya Wilaya ya Rorya,091,Roche,10128.0,2182.0,Rorya District Council,228.0
20,Mara,06,Rorya,Halmashauri ya Wilaya ya Rorya,101,Kitembe,11617.0,2532.0,Rorya District Council,228.0
20,Mara,06,Rorya,Halmashauri ya Wilaya ya Rorya,113,Mirare,16586.0,3620.0,Rorya District Council,228.0
20,Mara,06,Rorya,Halmashauri ya Wilaya ya Rorya,121,Goribe,12377.0,2675.0,Rorya District Council,228.0
20,Mara,06,Rorya,Halmashauri ya Wilaya ya Rorya,131,Ikoma,13953.0,2904.0,Rorya District Council,228.0
20,Mara,06,Rorya,Halmashauri ya Wilaya ya Rorya,143,Koryo,10200.0,2233.0,Rorya District Council,228.0
20,Mara,06,Rorya,Halmashauri ya Wilaya ya Rorya,151,Bukwe,12757.0,2711.0,Rorya District Council,228.0
20,Mara,06,Rorya,Halmashauri ya Wilaya ya Rorya,161,Nyathorongo,8779.0,1948.0,Rorya District Council,228.0
20,Mara,06,Rorya,Halmashauri ya Wilaya ya Rorya,171,Rabour,13020.0,2791.0,Rorya District Council,228.0
20,Mara,06,Rorya,Halmashauri ya Wilaya ya Rorya,231,Nyaburongo,9176.0,1958.0,Rorya District Council,228.0
20,Mara,06,Rorya,Halmashauri ya Wilaya ya Rorya,181,Kisumwa,16008.0,3132.0,Rorya District Council,228.0
20,Mara,06,Rorya,Halmashauri ya Wilaya ya Rorya,191,Komuge,17295.0,3035.0,Rorya District Council,228.0
20,Mara,06,Rorya,Halmashauri ya Wilaya ya Rorya,203,Nyamunga,21662.0,4931.0,Rorya District Council,228.0
20,Mara,06,Rorya,Halmashauri ya Wilaya ya Rorya,211,Kyang'ombe,13793.0,2609.0,Rorya District Council,228.0
20,Mara,06,Rorya,Halmashauri ya Wilaya ya Rorya,221,Baraki,13259.0,2169.0,Rorya District Council,228.0
21,Manyara,01,Babati,Halmashauri ya Wilaya ya Babati,011,Magara,19688.0,4728.0,Babati District Council,230.0
21,Manyara,01,Babati,Halmashauri ya Wilaya ya Babati,021,Nkaiti,18653.0,4432.0,Babati District Council,230.0
21,Manyara,01,Babati,Halmashauri ya Wilaya ya Babati,031,Mwada,11605.0,2840.0,Babati District Council,230.0
21,Manyara,01,Babati,Halmashauri ya Wilaya ya Babati,173,Kiru,16031.0,3602.0,Babati District Council,230.0
21,Manyara,01,Babati,Halmashauri ya Wilaya ya Babati,183,Magugu,43282.0,11650.0,Babati District Council,230.0
21,Manyara,01,Babati,Halmashauri ya Wilaya ya Babati,251,Kisangaji,8619.0,2158.0,Babati District Council,230.0
21,Manyara,01,Babati,Halmashauri ya Wilaya ya Babati,041,Mamire,10223.0,2230.0,Babati District Council,230.0
21,Manyara,01,Babati,Halmashauri ya Wilaya ya Babati,053,Gallapo,23626.0,5461.0,Babati District Council,230.0
21,Manyara,01,Babati,Halmashauri ya Wilaya ya Babati,061,Qash,22363.0,4775.0,Babati District Council,230.0
21,Manyara,01,Babati,Halmashauri ya Wilaya ya Babati,211,Endakiso,10161.0,2070.0,Babati District Council,230.0
21,Manyara,01,Babati,Halmashauri ya Wilaya ya Babati,071,Ayasanda,6288.0,1303.0,Babati District Council,230.0
21,Manyara,01,Babati,Halmashauri ya Wilaya ya Babati,081,Gidas,7058.0,1422.0,Babati District Council,230.0
21,Manyara,01,Babati,Halmashauri ya Wilaya ya Babati,091,Duru,12609.0,2557.0,Babati District Council,230.0
21,Manyara,01,Babati,Halmashauri ya Wilaya ya Babati,101,Riroda,12337.0,2624.0,Babati District Council,230.0
21,Manyara,01,Babati,Halmashauri ya Wilaya ya Babati,191,Boay,6598.0,1473.0,Babati District Council,230.0
21,Manyara,01,Babati,Halmashauri ya Wilaya ya Babati,111,Arri,16114.0,3297.0,Babati District Council,230.0
21,Manyara,01,Babati,Halmashauri ya Wilaya ya Babati,123,Dareda,13716.0,2962.0,Babati District Council,230.0
21,Manyara,01,Babati,Halmashauri ya Wilaya ya Babati,131,Dabil,19311.0,3656.0,Babati District Council,230.0
21,Manyara,01,Babati,Halmashauri ya Wilaya ya Babati,141,Ufana,10316.0,1756.0,Babati District Council,230.0
21,Manyara,01,Babati,Halmashauri ya Wilaya ya Babati,151,Bashnet,17725.0,3189.0,Babati District Council,230.0
21,Manyara,01,Babati,Halmashauri ya Wilaya ya Babati,161,Madunga,14280.0,2548.0,Babati District Council,230.0
21,Manyara,01,Babati,Halmashauri ya Wilaya ya Babati,201,Nar,13773.0,2322.0,Babati District Council,230.0
21,Manyara,01,Babati,Halmashauri ya Wilaya ya Babati,223,Ayalagaya,11935.0,2554.0,Babati District Council,230.0
21,Manyara,01,Babati,Halmashauri ya Wilaya ya Babati,231,Secheda,16630.0,2918.0,Babati District Council,230.0
21,Manyara,01,Babati,Halmashauri ya Wilaya ya Babati,241,Qameyu,12259.0,2051.0,Babati District Council,230.0
21,Manyara,01,Babati,Halmashauri ya Mji wa Babati,012,Babati,21618.0,5785.0,Babati Town Council,231.0
21,Manyara,01,Babati,Halmashauri ya Mji wa Babati,021,Mutuka,5993.0,1277.0,Babati Town Council,231.0
21,Manyara,01,Babati,Halmashauri ya Mji wa Babati,033,Nangara,10479.0,2545.0,Babati Town Council,231.0
21,Manyara,01,Babati,Halmashauri ya Mji wa Babati,063,Bagara,39116.0,11294.0,Babati Town Council,231.0
21,Manyara,01,Babati,Halmashauri ya Mji wa Babati,071,Sigino,12457.0,2771.0,Babati Town Council,231.0
21,Manyara,01,Babati,Halmashauri ya Mji wa Babati,083,Maisaka,20759.0,5301.0,Babati Town Council,231.0
21,Manyara,01,Babati,Halmashauri ya Mji wa Babati,043,Singe,7624.0,1816.0,Babati Town Council,231.0
21,Manyara,01,Babati,Halmashauri ya Mji wa Babati,053,Bonga,11526.0,2804.0,Babati Town Council,231.0
21,Manyara,02,Hanang,Halmashauri ya Wilaya ya Hanang,011,Masakta,8179.0,1552.0,Hanang District Council,232.0
21,Manyara,02,Hanang,Halmashauri ya Wilaya ya Hanang,021,Masqaroda,8525.0,1669.0,Hanang District Council,232.0
21,Manyara,02,Hanang,Halmashauri ya Wilaya ya Hanang,031,Endasiwold,7591.0,1425.0,Hanang District Council,232.0
21,Manyara,02,Hanang,Halmashauri ya Wilaya ya Hanang,043,Endasak,5344.0,1302.0,Hanang District Council,232.0
21,Manyara,02,Hanang,Halmashauri ya Wilaya ya Hanang,051,Endagaw,6296.0,1355.0,Hanang District Council,232.0
21,Manyara,02,Hanang,Halmashauri ya Wilaya ya Hanang,061,Measkron,14311.0,2678.0,Hanang District Council,232.0
21,Manyara,02,Hanang,Halmashauri ya Wilaya ya Hanang,101,Gidahababieg,5942.0,1122.0,Hanang District Council,232.0
21,Manyara,02,Hanang,Halmashauri ya Wilaya ya Hanang,291,Gitting,15127.0,2684.0,Hanang District Council,232.0
21,Manyara,02,Hanang,Halmashauri ya Wilaya ya Hanang,091,Hidet,7068.0,1300.0,Hanang District Council,232.0
21,Manyara,02,Hanang,Halmashauri ya Wilaya ya Hanang,111,Simbay,8989.0,1687.0,Hanang District Council,232.0
21,Manyara,02,Hanang,Halmashauri ya Wilaya ya Hanang,121,Sirop,6277.0,1199.0,Hanang District Council,232.0
21,Manyara,02,Hanang,Halmashauri ya Wilaya ya Hanang,141,Gisambalang,17146.0,3436.0,Hanang District Council,232.0
21,Manyara,02,Hanang,Halmashauri ya Wilaya ya Hanang,073,Nangwa,7665.0,1539.0,Hanang District Council,232.0
21,Manyara,02,Hanang,Halmashauri ya Wilaya ya Hanang,081,Wareta,8604.0,1511.0,Hanang District Council,232.0
21,Manyara,02,Hanang,Halmashauri ya Wilaya ya Hanang,131,Dirma,14312.0,2612.0,Hanang District Council,232.0
21,Manyara,02,Hanang,Halmashauri ya Wilaya ya Hanang,261,Mogitu,16513.0,3052.0,Hanang District Council,232.0
21,Manyara,02,Hanang,Halmashauri ya Wilaya ya Hanang,271,Dawar,6821.0,1258.0,Hanang District Council,232.0
21,Manyara,02,Hanang,Halmashauri ya Wilaya ya Hanang,281,Gendabi,8340.0,1545.0,Hanang District Council,232.0
21,Manyara,02,Hanang,Halmashauri ya Wilaya ya Hanang,302,Jorodom,4605.0,847.0,Hanang District Council,232.0
21,Manyara,02,Hanang,Halmashauri ya Wilaya ya Hanang,312,Dumbeta,9121.0,1751.0,Hanang District Council,232.0
21,Manyara,02,Hanang,Halmashauri ya Wilaya ya Hanang,322,Ganana,8378.0,2291.0,Hanang District Council,232.0
21,Manyara,02,Hanang,Halmashauri ya Wilaya ya Hanang,332,Katesh,13084.0,3554.0,Hanang District Council,232.0
21,Manyara,02,Hanang,Halmashauri ya Wilaya ya Hanang,151,Lalaji,17343.0,3198.0,Hanang District Council,232.0
21,Manyara,02,Hanang,Halmashauri ya Wilaya ya Hanang,163,Balang'dalalu,19240.0,3481.0,Hanang District Council,232.0
21,Manyara,02,Hanang,Halmashauri ya Wilaya ya Hanang,171,Gehandu,15261.0,2789.0,Hanang District Council,232.0
21,Manyara,02,Hanang,Halmashauri ya Wilaya ya Hanang,181,Ishponga,7390.0,1331.0,Hanang District Council,232.0
21,Manyara,02,Hanang,Halmashauri ya Wilaya ya Hanang,191,Laghanga,14910.0,2483.0,Hanang District Council,232.0
21,Manyara,02,Hanang,Halmashauri ya Wilaya ya Hanang,201,Getanuwas,16867.0,2754.0,Hanang District Council,232.0
21,Manyara,02,Hanang,Halmashauri ya Wilaya ya Hanang,211,Hirbadaw,10459.0,1844.0,Hanang District Council,232.0
21,Manyara,02,Hanang,Halmashauri ya Wilaya ya Hanang,221,Garawja,7036.0,1142.0,Hanang District Council,232.0
21,Manyara,02,Hanang,Halmashauri ya Wilaya ya Hanang,231,Bassodesh,16151.0,2742.0,Hanang District Council,232.0
21,Manyara,02,Hanang,Halmashauri ya Wilaya ya Hanang,243,Bassotu,20647.0,4040.0,Hanang District Council,232.0
21,Manyara,02,Hanang,Halmashauri ya Wilaya ya Hanang,251,Mulbadaw,13849.0,2537.0,Hanang District Council,232.0
21,Manyara,03,Mbulu,Halmashauri ya Wilaya ya Mbulu,081,Bashay,11677.0,2190.0,Mbulu District Council,233.0
21,Manyara,03,Mbulu,Halmashauri ya Wilaya ya Mbulu,091,Yaeda Ampa,15663.0,2679.0,Mbulu District Council,233.0
21,Manyara,03,Mbulu,Halmashauri ya Wilaya ya Mbulu,101,Tumati,14745.0,2585.0,Mbulu District Council,233.0
21,Manyara,03,Mbulu,Halmashauri ya Wilaya ya Mbulu,113,Dongobesh,15799.0,3251.0,Mbulu District Council,233.0
21,Manyara,03,Mbulu,Halmashauri ya Wilaya ya Mbulu,121,Gidhim,12652.0,2213.0,Mbulu District Council,233.0
21,Manyara,03,Mbulu,Halmashauri ya Wilaya ya Mbulu,131,Dinamu,13252.0,2292.0,Mbulu District Council,233.0
21,Manyara,03,Mbulu,Halmashauri ya Wilaya ya Mbulu,013,Haydom,30631.0,6570.0,Mbulu District Council,233.0
21,Manyara,03,Mbulu,Halmashauri ya Wilaya ya Mbulu,021,Eshkesh,9838.0,1548.0,Mbulu District Council,233.0
21,Manyara,03,Mbulu,Halmashauri ya Wilaya ya Mbulu,031,Endamilay,15902.0,2600.0,Mbulu District Council,233.0
21,Manyara,03,Mbulu,Halmashauri ya Wilaya ya Mbulu,041,Yaeda Chini,9088.0,1705.0,Mbulu District Council,233.0
21,Manyara,03,Mbulu,Halmashauri ya Wilaya ya Mbulu,141,Maretadu,15200.0,2680.0,Mbulu District Council,233.0
21,Manyara,03,Mbulu,Halmashauri ya Wilaya ya Mbulu,151,Haydarer,18627.0,3206.0,Mbulu District Council,233.0
21,Manyara,03,Mbulu,Halmashauri ya Wilaya ya Mbulu,161,Geterer,14628.0,2572.0,Mbulu District Council,233.0
21,Manyara,03,Mbulu,Halmashauri ya Wilaya ya Mbulu,171,Maghang,10854.0,1957.0,Mbulu District Council,233.0
21,Manyara,03,Mbulu,Halmashauri ya Wilaya ya Mbulu,181,Labay,5919.0,1055.0,Mbulu District Council,233.0
21,Manyara,03,Mbulu,Halmashauri ya Wilaya ya Mbulu,051,Masieda,7865.0,1387.0,Mbulu District Council,233.0
21,Manyara,03,Mbulu,Halmashauri ya Wilaya ya Mbulu,061,Endahagichan,5852.0,1093.0,Mbulu District Council,233.0
21,Manyara,03,Mbulu,Halmashauri ya Wilaya ya Mbulu,071,Masqaroda,10080.0,1823.0,Mbulu District Council,233.0
21,Manyara,03,Mbulu,Halmashauri ya Mji wa Mbulu,011,Marang,7240.0,1407.0,Mbulu Town Council,234.0
21,Manyara,03,Mbulu,Halmashauri ya Mji wa Mbulu,021,Daudi,8145.0,1632.0,Mbulu Town Council,234.0
21,Manyara,03,Mbulu,Halmashauri ya Mji wa Mbulu,031,Bargish,8723.0,1748.0,Mbulu Town Council,234.0
21,Manyara,03,Mbulu,Halmashauri ya Mji wa Mbulu,171,Gunyoda,6707.0,1262.0,Mbulu Town Council,234.0
21,Manyara,03,Mbulu,Halmashauri ya Mji wa Mbulu,042,Imboru,8590.0,1863.0,Mbulu Town Council,234.0
21,Manyara,03,Mbulu,Halmashauri ya Mji wa Mbulu,052,Uhuru,6959.0,1681.0,Mbulu Town Council,234.0
21,Manyara,03,Mbulu,Halmashauri ya Mji wa Mbulu,062,Ayamohe,7486.0,1811.0,Mbulu Town Council,234.0
21,Manyara,03,Mbulu,Halmashauri ya Mji wa Mbulu,072,Sanu Baray,6793.0,1665.0,Mbulu Town Council,234.0
21,Manyara,03,Mbulu,Halmashauri ya Mji wa Mbulu,081,Gehandu,14121.0,2770.0,Mbulu Town Council,234.0
21,Manyara,03,Mbulu,Halmashauri ya Mji wa Mbulu,112,Ayamaami,5302.0,1084.0,Mbulu Town Council,234.0
21,Manyara,03,Mbulu,Halmashauri ya Mji wa Mbulu,122,Endagikot,5082.0,1081.0,Mbulu Town Council,234.0
21,Manyara,03,Mbulu,Halmashauri ya Mji wa Mbulu,151,Tlawi,8936.0,1621.0,Mbulu Town Council,234.0
21,Manyara,03,Mbulu,Halmashauri ya Mji wa Mbulu,162,Silaloda,5172.0,922.0,Mbulu Town Council,234.0
21,Manyara,03,Mbulu,Halmashauri ya Mji wa Mbulu,091,Nahasey,9138.0,1645.0,Mbulu Town Council,234.0
21,Manyara,03,Mbulu,Halmashauri ya Mji wa Mbulu,101,Kainam,9368.0,1733.0,Mbulu Town Council,234.0
21,Manyara,03,Mbulu,Halmashauri ya Mji wa Mbulu,131,Nambis,9167.0,1663.0,Mbulu Town Council,234.0
21,Manyara,03,Mbulu,Halmashauri ya Mji wa Mbulu,141,Murray,11664.0,2082.0,Mbulu Town Council,234.0
21,Manyara,04,Simanjiro,Halmashauri ya Wilaya ya Simanjiro,031,Loiborsiret,25332.0,5561.0,Simanjiro District Council,235.0
21,Manyara,04,Simanjiro,Halmashauri ya Wilaya ya Simanjiro,041,Emboreet,20996.0,4364.0,Simanjiro District Council,235.0
21,Manyara,04,Simanjiro,Halmashauri ya Wilaya ya Simanjiro,051,Terrat,14290.0,3075.0,Simanjiro District Council,235.0
21,Manyara,04,Simanjiro,Halmashauri ya Wilaya ya Simanjiro,061,Oljoro No.5,20360.0,4390.0,Simanjiro District Council,235.0
21,Manyara,04,Simanjiro,Halmashauri ya Wilaya ya Simanjiro,141,Komolo,23665.0,5265.0,Simanjiro District Council,235.0
21,Manyara,04,Simanjiro,Halmashauri ya Wilaya ya Simanjiro,071,Shambarai,15113.0,3546.0,Simanjiro District Council,235.0
21,Manyara,04,Simanjiro,Halmashauri ya Wilaya ya Simanjiro,082,Mirerani,21250.0,6064.0,Simanjiro District Council,235.0
21,Manyara,04,Simanjiro,Halmashauri ya Wilaya ya Simanjiro,151,Naisinyai,18177.0,3091.0,Simanjiro District Council,235.0
21,Manyara,04,Simanjiro,Halmashauri ya Wilaya ya Simanjiro,162,Endiamutu,15979.0,4408.0,Simanjiro District Council,235.0
21,Manyara,04,Simanjiro,Halmashauri ya Wilaya ya Simanjiro,091,Msitu wa Tembo,15383.0,3769.0,Simanjiro District Council,235.0
21,Manyara,04,Simanjiro,Halmashauri ya Wilaya ya Simanjiro,103,Ngorika,8936.0,2258.0,Simanjiro District Council,235.0
21,Manyara,04,Simanjiro,Halmashauri ya Wilaya ya Simanjiro,111,Loiborsoit,12713.0,3243.0,Simanjiro District Council,235.0
21,Manyara,04,Simanjiro,Halmashauri ya Wilaya ya Simanjiro,121,Ruvu Remit,8285.0,1854.0,Simanjiro District Council,235.0
21,Manyara,04,Simanjiro,Halmashauri ya Wilaya ya Simanjiro,013,Orkesumet,9437.0,2504.0,Simanjiro District Council,235.0
21,Manyara,04,Simanjiro,Halmashauri ya Wilaya ya Simanjiro,023,Naberera,33344.0,7703.0,Simanjiro District Council,235.0
21,Manyara,04,Simanjiro,Halmashauri ya Wilaya ya Simanjiro,131,Kitwai,10082.0,2232.0,Simanjiro District Council,235.0
21,Manyara,04,Simanjiro,Halmashauri ya Wilaya ya Simanjiro,171,Endonyongijape,7133.0,1393.0,Simanjiro District Council,235.0
21,Manyara,04,Simanjiro,Halmashauri ya Wilaya ya Simanjiro,181,Langai,10694.0,2303.0,Simanjiro District Council,235.0
21,Manyara,05,Kiteto,Halmashauri ya Wilaya ya Kiteto,051,Makame,16544.0,3560.0,Kiteto District Council,236.0
21,Manyara,05,Kiteto,Halmashauri ya Wilaya ya Kiteto,061,Ndedo,9851.0,2235.0,Kiteto District Council,236.0
21,Manyara,05,Kiteto,Halmashauri ya Wilaya ya Kiteto,071,Kijungu,12972.0,2688.0,Kiteto District Council,236.0
21,Manyara,05,Kiteto,Halmashauri ya Wilaya ya Kiteto,081,Lengatei,22098.0,4971.0,Kiteto District Council,236.0
21,Manyara,05,Kiteto,Halmashauri ya Wilaya ya Kiteto,161,Loolera,10999.0,2269.0,Kiteto District Council,236.0
21,Manyara,05,Kiteto,Halmashauri ya Wilaya ya Kiteto,093,Sunya,38167.0,8922.0,Kiteto District Council,236.0
21,Manyara,05,Kiteto,Halmashauri ya Wilaya ya Kiteto,101,Dongo,11489.0,2454.0,Kiteto District Council,236.0
21,Manyara,05,Kiteto,Halmashauri ya Wilaya ya Kiteto,211,Laiseri,17173.0,3685.0,Kiteto District Council,236.0
21,Manyara,05,Kiteto,Halmashauri ya Wilaya ya Kiteto,111,Songambele,9388.0,2073.0,Kiteto District Council,236.0
21,Manyara,05,Kiteto,Halmashauri ya Wilaya ya Kiteto,121,Dosidosi,8271.0,1880.0,Kiteto District Council,236.0
21,Manyara,05,Kiteto,Halmashauri ya Wilaya ya Kiteto,171,Magungu,9816.0,2129.0,Kiteto District Council,236.0
21,Manyara,05,Kiteto,Halmashauri ya Wilaya ya Kiteto,133,Engusero,18045.0,4278.0,Kiteto District Council,236.0
21,Manyara,05,Kiteto,Halmashauri ya Wilaya ya Kiteto,143,Matui,13965.0,3181.0,Kiteto District Council,236.0
21,Manyara,05,Kiteto,Halmashauri ya Wilaya ya Kiteto,181,Chapakazi,8231.0,1715.0,Kiteto District Council,236.0
21,Manyara,05,Kiteto,Halmashauri ya Wilaya ya Kiteto,201,Ndirgishi,10409.0,2453.0,Kiteto District Council,236.0
21,Manyara,05,Kiteto,Halmashauri ya Wilaya ya Kiteto,233,Bwawani,8463.0,1918.0,Kiteto District Council,236.0
21,Manyara,05,Kiteto,Halmashauri ya Wilaya ya Kiteto,031,Njoro,22963.0,5393.0,Kiteto District Council,236.0
21,Manyara,05,Kiteto,Halmashauri ya Wilaya ya Kiteto,043,Olboloti,12149.0,2719.0,Kiteto District Council,236.0
21,Manyara,05,Kiteto,Halmashauri ya Wilaya ya Kiteto,013,Kibaya,8943.0,2476.0,Kiteto District Council,236.0
21,Manyara,05,Kiteto,Halmashauri ya Wilaya ya Kiteto,021,Partimbo,44404.0,11150.0,Kiteto District Council,236.0
21,Manyara,05,Kiteto,Halmashauri ya Wilaya ya Kiteto,153,Bwagamoyo,5812.0,1374.0,Kiteto District Council,236.0
21,Manyara,05,Kiteto,Halmashauri ya Wilaya ya Kiteto,191,Namelock,22505.0,5534.0,Kiteto District Council,236.0
21,Manyara,05,Kiteto,Halmashauri ya Wilaya ya Kiteto,223,Kaloleni,9648.0,2431.0,Kiteto District Council,236.0
22,Njombe,01,Njombe,Halmashauri ya Wilaya ya Njombe,061,Kidegembye,10498.0,2805.0,Njombe District Council,238.0
22,Njombe,01,Njombe,Halmashauri ya Wilaya ya Njombe,073,Matembwe,11080.0,2940.0,Njombe District Council,238.0
22,Njombe,01,Njombe,Halmashauri ya Wilaya ya Njombe,083,Lupembe,8700.0,2347.0,Njombe District Council,238.0
22,Njombe,01,Njombe,Halmashauri ya Wilaya ya Njombe,091,Ikondo,6655.0,1642.0,Njombe District Council,238.0
22,Njombe,01,Njombe,Halmashauri ya Wilaya ya Njombe,101,Mfriga,6263.0,1393.0,Njombe District Council,238.0
22,Njombe,01,Njombe,Halmashauri ya Wilaya ya Njombe,111,Idamba,3743.0,948.0,Njombe District Council,238.0
22,Njombe,01,Njombe,Halmashauri ya Wilaya ya Njombe,121,Ukalawa,3444.0,863.0,Njombe District Council,238.0
22,Njombe,01,Njombe,Halmashauri ya Wilaya ya Njombe,013,Mtwango,18033.0,5020.0,Njombe District Council,238.0
22,Njombe,01,Njombe,Halmashauri ya Wilaya ya Njombe,021,Igongolo,9166.0,2301.0,Njombe District Council,238.0
22,Njombe,01,Njombe,Halmashauri ya Wilaya ya Njombe,031,Kichiwa,12268.0,3127.0,Njombe District Council,238.0
22,Njombe,01,Njombe,Halmashauri ya Wilaya ya Njombe,041,Ninga,7376.0,1821.0,Njombe District Council,238.0
22,Njombe,01,Njombe,Halmashauri ya Wilaya ya Njombe,051,Ikuna,12085.0,3337.0,Njombe District Council,238.0
22,Njombe,01,Njombe,Halmashauri ya Mji wa Njombe,012,Njombe Mjini,37900.0,12000.0,Njombe Town Council,239.0
22,Njombe,01,Njombe,Halmashauri ya Mji wa Njombe,022,Mjimwema,,,,
22,Njombe,01,Njombe,Halmashauri ya Mji wa Njombe,032,Ramadhani,25563.0,7570.0,Njombe Town Council,239.0
22,Njombe,01,Njombe,Halmashauri ya Mji wa Njombe,041,Yakobi,8389.0,2501.0,Njombe Town Council,239.0
22,Njombe,01,Njombe,Halmashauri ya Mji wa Njombe,051,Kifanya,13742.0,3910.0,Njombe Town Council,239.0
22,Njombe,01,Njombe,Halmashauri ya Mji wa Njombe,061,Ihanga,6819.0,1888.0,Njombe Town Council,239.0
22,Njombe,01,Njombe,Halmashauri ya Mji wa Njombe,071,Iwungilo,10944.0,2938.0,Njombe Town Council,239.0
22,Njombe,01,Njombe,Halmashauri ya Mji wa Njombe,083,Luponde,11451.0,3256.0,Njombe Town Council,239.0
22,Njombe,01,Njombe,Halmashauri ya Mji wa Njombe,091,Matola,12215.0,3089.0,Njombe Town Council,239.0
22,Njombe,01,Njombe,Halmashauri ya Mji wa Njombe,101,Makowo,4957.0,1206.0,Njombe Town Council,239.0
22,Njombe,01,Njombe,Halmashauri ya Mji wa Njombe,111,Lugenge,7877.0,2041.0,Njombe Town Council,239.0
22,Njombe,01,Njombe,Halmashauri ya Mji wa Njombe,123,Uwemba,10359.0,3115.0,Njombe Town Council,239.0
22,Njombe,01,Njombe,Halmashauri ya Mji wa Njombe,131,Utalingolo,,,,
22,Njombe,01,Njombe,Halmashauri ya Mji wa Makambako,012,Makambako,13844.0,4050.0,Njombe Town Council,239.0
22,Njombe,01,Njombe,Halmashauri ya Mji wa Makambako,022,Mjimwema,,,,
22,Njombe,01,Njombe,Halmashauri ya Mji wa Makambako,032,Mlowa,6303.0,1609.0,Njombe Town Council,239.0
22,Njombe,01,Njombe,Halmashauri ya Mji wa Makambako,042,Lyamkena,18809.0,4900.0,Njombe Town Council,239.0
22,Njombe,01,Njombe,Halmashauri ya Mji wa Makambako,052,Mwembetogwa,4440.0,1629.0,Njombe Town Council,239.0
22,Njombe,01,Njombe,Halmashauri ya Mji wa Makambako,061,Mahongole,10866.0,2760.0,Njombe Town Council,239.0
22,Njombe,01,Njombe,Halmashauri ya Mji wa Makambako,071,Kitandililo,8851.0,2174.0,Njombe Town Council,239.0
22,Njombe,01,Njombe,Halmashauri ya Mji wa Makambako,081,Utengule,10532.0,2897.0,Njombe Town Council,239.0
22,Njombe,01,Njombe,Halmashauri ya Mji wa Makambako,092,Maguvani,18650.0,5252.0,Njombe Town Council,239.0
22,Njombe,01,Njombe,Halmashauri ya Mji wa Makambako,102,Majengo,6144.0,1733.0,Njombe Town Council,239.0
22,Njombe,01,Njombe,Halmashauri ya Mji wa Makambako,112,Kitisi,13241.0,3927.0,Njombe Town Council,239.0
22,Njombe,01,Njombe,Halmashauri ya Mji wa Makambako,122,Kivavi,21339.0,5638.0,Njombe Town Council,239.0
22,Njombe,02,Ludewa,Halmashauri ya Wilaya ya Ludewa,041,Lupanga,6490.0,1681.0,Ludewa District Council,240.0
22,Njombe,02,Ludewa,Halmashauri ya Wilaya ya Ludewa,053,Mlangali,9434.0,2658.0,Ludewa District Council,240.0
22,Njombe,02,Ludewa,Halmashauri ya Wilaya ya Ludewa,061,Milo,7376.0,2081.0,Ludewa District Council,240.0
22,Njombe,02,Ludewa,Halmashauri ya Wilaya ya Ludewa,081,Madope,6850.0,1810.0,Ludewa District Council,240.0
22,Njombe,02,Ludewa,Halmashauri ya Wilaya ya Ludewa,201,Ludende,6216.0,1802.0,Ludewa District Council,240.0
22,Njombe,02,Ludewa,Halmashauri ya Wilaya ya Ludewa,261,Lubonde,5456.0,1477.0,Ludewa District Council,240.0
22,Njombe,02,Ludewa,Halmashauri ya Wilaya ya Ludewa,031,Mawengi,9365.0,2547.0,Ludewa District Council,240.0
22,Njombe,02,Ludewa,Halmashauri ya Wilaya ya Ludewa,193,Ludewa,12900.0,3545.0,Ludewa District Council,240.0
22,Njombe,02,Ludewa,Halmashauri ya Wilaya ya Ludewa,211,Luana,4885.0,1340.0,Ludewa District Council,240.0
22,Njombe,02,Ludewa,Halmashauri ya Wilaya ya Ludewa,131,Nkomang'ombe,3826.0,931.0,Ludewa District Council,240.0
22,Njombe,02,Ludewa,Halmashauri ya Wilaya ya Ludewa,141,Luilo,4642.0,1175.0,Ludewa District Council,240.0
22,Njombe,02,Ludewa,Halmashauri ya Wilaya ya Ludewa,151,Masasi,2413.0,580.0,Ludewa District Council,240.0
22,Njombe,02,Ludewa,Halmashauri ya Wilaya ya Ludewa,163,Manda,4564.0,1196.0,Ludewa District Council,240.0
22,Njombe,02,Ludewa,Halmashauri ya Wilaya ya Ludewa,251,Ruhuhu,4677.0,1104.0,Ludewa District Council,240.0
22,Njombe,02,Ludewa,Halmashauri ya Wilaya ya Ludewa,011,Lumbila,2038.0,455.0,Ludewa District Council,240.0
22,Njombe,02,Ludewa,Halmashauri ya Wilaya ya Ludewa,021,Kilondo,2107.0,518.0,Ludewa District Council,240.0
22,Njombe,02,Ludewa,Halmashauri ya Wilaya ya Ludewa,171,Iwela,1397.0,311.0,Ludewa District Council,240.0
22,Njombe,02,Ludewa,Halmashauri ya Wilaya ya Ludewa,181,Lupingu,5581.0,1401.0,Ludewa District Council,240.0
22,Njombe,02,Ludewa,Halmashauri ya Wilaya ya Ludewa,221,Makonde,4059.0,977.0,Ludewa District Council,240.0
22,Njombe,02,Ludewa,Halmashauri ya Wilaya ya Ludewa,241,Lifuma,2159.0,584.0,Ludewa District Council,240.0
22,Njombe,02,Ludewa,Halmashauri ya Wilaya ya Ludewa,073,Lugarawa,9687.0,2658.0,Ludewa District Council,240.0
22,Njombe,02,Ludewa,Halmashauri ya Wilaya ya Ludewa,091,Madilu,9766.0,2468.0,Ludewa District Council,240.0
22,Njombe,02,Ludewa,Halmashauri ya Wilaya ya Ludewa,101,Mundindi,9727.0,2501.0,Ludewa District Council,240.0
22,Njombe,02,Ludewa,Halmashauri ya Wilaya ya Ludewa,111,Mavanga,9738.0,2479.0,Ludewa District Council,240.0
22,Njombe,02,Ludewa,Halmashauri ya Wilaya ya Ludewa,121,Ibumi,2637.0,639.0,Ludewa District Council,240.0
22,Njombe,02,Ludewa,Halmashauri ya Wilaya ya Ludewa,231,Mkongobaki,3371.0,932.0,Ludewa District Council,240.0
22,Njombe,03,Makete,Halmashauri ya Wilaya ya Makete,041,Lupila,4692.0,1426.0,Makete District Council,241.0
22,Njombe,03,Makete,Halmashauri ya Wilaya ya Makete,051,Ukwama,3235.0,1013.0,Makete District Council,241.0
22,Njombe,03,Makete,Halmashauri ya Wilaya ya Makete,161,Ipepo,4906.0,1375.0,Makete District Council,241.0
22,Njombe,03,Makete,Halmashauri ya Wilaya ya Makete,171,Mbalatse,3125.0,877.0,Makete District Council,241.0
22,Njombe,03,Makete,Halmashauri ya Wilaya ya Makete,011,Lupalilo,4326.0,1315.0,Makete District Council,241.0
22,Njombe,03,Makete,Halmashauri ya Wilaya ya Makete,023,Iwawa,12132.0,3631.0,Makete District Council,241.0
22,Njombe,03,Makete,Halmashauri ya Wilaya ya Makete,031,Mang'oto,3918.0,1167.0,Makete District Council,241.0
22,Njombe,03,Makete,Halmashauri ya Wilaya ya Makete,183,Tandala,7592.0,2000.0,Makete District Council,241.0
22,Njombe,03,Makete,Halmashauri ya Wilaya ya Makete,201,Isapulano,3686.0,1021.0,Makete District Council,241.0
22,Njombe,03,Makete,Halmashauri ya Wilaya ya Makete,061,Bulongwa,3517.0,1025.0,Makete District Council,241.0
22,Njombe,03,Makete,Halmashauri ya Wilaya ya Makete,071,Kipagalo,3516.0,1167.0,Makete District Council,241.0
22,Njombe,03,Makete,Halmashauri ya Wilaya ya Makete,191,Luwumbu,1833.0,635.0,Makete District Council,241.0
22,Njombe,03,Makete,Halmashauri ya Wilaya ya Makete,113,Matamba,7505.0,2174.0,Makete District Council,241.0
22,Njombe,03,Makete,Halmashauri ya Wilaya ya Makete,121,Mlondwe,3934.0,1137.0,Makete District Council,241.0
22,Njombe,03,Makete,Halmashauri ya Wilaya ya Makete,131,Kitulo,5808.0,1570.0,Makete District Council,241.0
22,Njombe,03,Makete,Halmashauri ya Wilaya ya Makete,221,Itundu,5018.0,1390.0,Makete District Council,241.0
22,Njombe,03,Makete,Halmashauri ya Wilaya ya Makete,231,Kinyika,5641.0,1808.0,Makete District Council,241.0
22,Njombe,03,Makete,Halmashauri ya Wilaya ya Makete,081,Iniho,3980.0,1113.0,Makete District Council,241.0
22,Njombe,03,Makete,Halmashauri ya Wilaya ya Makete,091,Ipelele,5933.0,1731.0,Makete District Council,241.0
22,Njombe,03,Makete,Halmashauri ya Wilaya ya Makete,101,Kigulu,696.0,168.0,Makete District Council,241.0
22,Njombe,03,Makete,Halmashauri ya Wilaya ya Makete,141,Ikuwo,4684.0,1261.0,Makete District Council,241.0
22,Njombe,03,Makete,Halmashauri ya Wilaya ya Makete,151,Mfumbi,6344.0,1837.0,Makete District Council,241.0
22,Njombe,03,Makete,Halmashauri ya Wilaya ya Makete,211,Kigala,3139.0,777.0,Makete District Council,241.0
22,Njombe,04,Wanging'ombe,Halmashauri ya Wilaya ya Wanging'ombe,101,Imalinyi,10272.0,2756.0,Wanging'ombe District Council,242.0
22,Njombe,04,Wanging'ombe,Halmashauri ya Wilaya ya Wanging'ombe,111,Ulembwe,13054.0,3632.0,Wanging'ombe District Council,242.0
22,Njombe,04,Wanging'ombe,Halmashauri ya Wilaya ya Wanging'ombe,121,Makoga,9941.0,2834.0,Wanging'ombe District Council,242.0
22,Njombe,04,Wanging'ombe,Halmashauri ya Wilaya ya Wanging'ombe,131,Kipengele(Kipengere),,,,
22,Njombe,04,Wanging'ombe,Halmashauri ya Wilaya ya Wanging'ombe,141,Igosi,7574.0,2023.0,Wanging'ombe District Council,242.0
22,Njombe,04,Wanging'ombe,Halmashauri ya Wilaya ya Wanging'ombe,151,Wangama,5387.0,1455.0,Wanging'ombe District Council,242.0
22,Njombe,04,Wanging'ombe,Halmashauri ya Wilaya ya Wanging'ombe,161,Kidugala,5580.0,1512.0,Wanging'ombe District Council,242.0
22,Njombe,04,Wanging'ombe,Halmashauri ya Wilaya ya Wanging'ombe,061,Usuka,6806.0,1819.0,Wanging'ombe District Council,242.0
22,Njombe,04,Wanging'ombe,Halmashauri ya Wilaya ya Wanging'ombe,073,Igwachanya,15529.0,4334.0,Wanging'ombe District Council,242.0
22,Njombe,04,Wanging'ombe,Halmashauri ya Wilaya ya Wanging'ombe,081,Mdandu,9497.0,2606.0,Wanging'ombe District Council,242.0
22,Njombe,04,Wanging'ombe,Halmashauri ya Wilaya ya Wanging'ombe,091,Igima,15560.0,4308.0,Wanging'ombe District Council,242.0
22,Njombe,04,Wanging'ombe,Halmashauri ya Wilaya ya Wanging'ombe,181,Itulahumba,5836.0,1563.0,Wanging'ombe District Council,242.0
22,Njombe,04,Wanging'ombe,Halmashauri ya Wilaya ya Wanging'ombe,011,Saja,9737.0,2432.0,Wanging'ombe District Council,242.0
22,Njombe,04,Wanging'ombe,Halmashauri ya Wilaya ya Wanging'ombe,021,Kijombe,9500.0,2450.0,Wanging'ombe District Council,242.0
22,Njombe,04,Wanging'ombe,Halmashauri ya Wilaya ya Wanging'ombe,033,Wanging'ombe,15330.0,4112.0,Wanging'ombe District Council,242.0
22,Njombe,04,Wanging'ombe,Halmashauri ya Wilaya ya Wanging'ombe,043,Ilembula,14451.0,4199.0,Wanging'ombe District Council,242.0
22,Njombe,04,Wanging'ombe,Halmashauri ya Wilaya ya Wanging'ombe,051,Uhambule,6575.0,1805.0,Wanging'ombe District Council,242.0
22,Njombe,04,Wanging'ombe,Halmashauri ya Wilaya ya Wanging'ombe,171,Luduga,10331.0,2885.0,Wanging'ombe District Council,242.0
22,Njombe,04,Wanging'ombe,Halmashauri ya Wilaya ya Wanging'ombe,191,Malangali,3137.0,861.0,Wanging'ombe District Council,242.0
22,Njombe,04,Wanging'ombe,Halmashauri ya Wilaya ya Wanging'ombe,201,Uhenga,4209.0,1129.0,Wanging'ombe District Council,242.0
22,Njombe,04,Wanging'ombe,Halmashauri ya Wilaya ya Wanging'ombe,211,Udonja,4149.0,1087.0,Wanging'ombe District Council,242.0
23,Katavi,01,Mpanda,Halmashauri ya Manispaa ya Mpanda,032,Shanwe,22014.0,4981.0,Mpanda Municipal Council,244.0
23,Katavi,01,Mpanda,Halmashauri ya Manispaa ya Mpanda,042,Makanyagio,12660.0,3448.0,Mpanda Municipal Council,244.0
23,Katavi,01,Mpanda,Halmashauri ya Manispaa ya Mpanda,052,Kashaulili,5537.0,1556.0,Mpanda Municipal Council,244.0
23,Katavi,01,Mpanda,Halmashauri ya Manispaa ya Mpanda,072,Kawajense,11138.0,2968.0,Mpanda Municipal Council,244.0
23,Katavi,01,Mpanda,Halmashauri ya Manispaa ya Mpanda,082,Nsemulwa,33444.0,8094.0,Mpanda Municipal Council,244.0
23,Katavi,01,Mpanda,Halmashauri ya Manispaa ya Mpanda,112,Majengo,5399.0,1480.0,Mpanda Municipal Council,244.0
23,Katavi,01,Mpanda,Halmashauri ya Manispaa ya Mpanda,131,Kasokola,5726.0,1295.0,Mpanda Municipal Council,244.0
23,Katavi,01,Mpanda,Halmashauri ya Manispaa ya Mpanda,142,Kazima,25169.0,5721.0,Mpanda Municipal Council,244.0
23,Katavi,01,Mpanda,Halmashauri ya Manispaa ya Mpanda,152,Uwanja wa Ndege,19334.0,4811.0,Mpanda Municipal Council,244.0
23,Katavi,01,Mpanda,Halmashauri ya Manispaa ya Mpanda,011,Kakese,21466.0,4224.0,Mpanda Municipal Council,244.0
23,Katavi,01,Mpanda,Halmashauri ya Manispaa ya Mpanda,022,Misunkumilo,19158.0,4446.0,Mpanda Municipal Council,244.0
23,Katavi,01,Mpanda,Halmashauri ya Manispaa ya Mpanda,062,Mpanda Hotel,9583.0,2267.0,Mpanda Municipal Council,244.0
23,Katavi,01,Mpanda,Halmashauri ya Manispaa ya Mpanda,092,Ilembo,24395.0,5443.0,Mpanda Municipal Council,244.0
23,Katavi,01,Mpanda,Halmashauri ya Manispaa ya Mpanda,102,Mwamkulu,16507.0,2762.0,Mpanda Municipal Council,244.0
23,Katavi,01,Mpanda,Halmashauri ya Manispaa ya Mpanda,121,Magamba,14234.0,3093.0,Mpanda Municipal Council,244.0
23,Katavi,01,Mpanda,Halmashauri ya Wilaya ya Nsimbo,071,Sitalike,22860.0,4985.0,Nsimbo District Council,245.0
23,Katavi,01,Mpanda,Halmashauri ya Wilaya ya Nsimbo,081,Ibindi,13849.0,2423.0,Nsimbo District Council,245.0
23,Katavi,01,Mpanda,Halmashauri ya Wilaya ya Nsimbo,091,Itenka,30190.0,5461.0,Nsimbo District Council,245.0
23,Katavi,01,Mpanda,Halmashauri ya Wilaya ya Nsimbo,101,Machimboni,5724.0,1384.0,Nsimbo District Council,245.0
23,Katavi,01,Mpanda,Halmashauri ya Wilaya ya Nsimbo,111,Kapalala,7207.0,1484.0,Nsimbo District Council,245.0
23,Katavi,01,Mpanda,Halmashauri ya Wilaya ya Nsimbo,121,Nsimbo,8876.0,1739.0,Nsimbo District Council,245.0
23,Katavi,01,Mpanda,Halmashauri ya Wilaya ya Nsimbo,011,Kanoge,17399.0,2979.0,Nsimbo District Council,245.0
23,Katavi,01,Mpanda,Halmashauri ya Wilaya ya Nsimbo,021,Ugalla,24645.0,4098.0,Nsimbo District Council,245.0
23,Katavi,01,Mpanda,Halmashauri ya Wilaya ya Nsimbo,031,Litapunga,16875.0,2922.0,Nsimbo District Council,245.0
23,Katavi,01,Mpanda,Halmashauri ya Wilaya ya Nsimbo,041,Mtapenda,9277.0,1737.0,Nsimbo District Council,245.0
23,Katavi,01,Mpanda,Halmashauri ya Wilaya ya Nsimbo,051,Katumba,30291.0,5286.0,Nsimbo District Council,245.0
23,Katavi,01,Mpanda,Halmashauri ya Wilaya ya Nsimbo,061,Uruwira (Urwira),13909.0,2606.0,Nsimbo District Council,245.0
23,Katavi,02,Tanganyika,Halmashauri ya Wilaya ya Tanganyika,011,Mishamo,,,,
23,Katavi,02,Tanganyika,Halmashauri ya Wilaya ya Tanganyika,021,Mpandandogo,,,,
23,Katavi,02,Tanganyika,Halmashauri ya Wilaya ya Tanganyika,051,Kabungu,,,,
23,Katavi,02,Tanganyika,Halmashauri ya Wilaya ya Tanganyika,101,Ilangu,,,,
23,Katavi,02,Tanganyika,Halmashauri ya Wilaya ya Tanganyika,111,Bulamata,,,,
23,Katavi,02,Tanganyika,Halmashauri ya Wilaya ya Tanganyika,121,Ipwaga,,,,
23,Katavi,02,Tanganyika,Halmashauri ya Wilaya ya Tanganyika,131,Tongwe,,,,
23,Katavi,02,Tanganyika,Halmashauri ya Wilaya ya Tanganyika,141,Mnyagala,,,,
23,Katavi,02,Tanganyika,Halmashauri ya Wilaya ya Tanganyika,031,Mwese,,,,
23,Katavi,02,Tanganyika,Halmashauri ya Wilaya ya Tanganyika,041,Katuma,,,,
23,Katavi,02,Tanganyika,Halmashauri ya Wilaya ya Tanganyika,061,Sibwesa,,,,
23,Katavi,02,Tanganyika,Halmashauri ya Wilaya ya Tanganyika,151,Kasekese,,,,
23,Katavi,02,Tanganyika,Halmashauri ya Wilaya ya Tanganyika,073,Ikola,,,,
23,Katavi,02,Tanganyika,Halmashauri ya Wilaya ya Tanganyika,083,Karema,,,,
23,Katavi,02,Tanganyika,Halmashauri ya Wilaya ya Tanganyika,091,Kapalamsenga,,,,
23,Katavi,02,Tanganyika,Halmashauri ya Wilaya ya Tanganyika,161,Isengule,,,,
23,Katavi,03,Mlele,Halmashauri ya Wilaya ya Mlele,011,Utende,,,,
23,Katavi,03,Mlele,Halmashauri ya Wilaya ya Mlele,023,Inyonga,,,,
23,Katavi,03,Mlele,Halmashauri ya Wilaya ya Mlele,031,Kamsisi,,,,
23,Katavi,03,Mlele,Halmashauri ya Wilaya ya Mlele,041,Ilunde,,,,
23,Katavi,03,Mlele,Halmashauri ya Wilaya ya Mlele,051,Ilela,,,,
23,Katavi,03,Mlele,Halmashauri ya Wilaya ya Mlele,061,Nsenkwa,,,,
23,Katavi,03,Mlele,Halmashauri ya Wilaya ya Mpimbwe,051,Chamalendi,,,,
23,Katavi,03,Mlele,Halmashauri ya Wilaya ya Mpimbwe,061,Mwamapuli,,,,
23,Katavi,03,Mlele,Halmashauri ya Wilaya ya Mpimbwe,073,Majimoto,,,,
23,Katavi,03,Mlele,Halmashauri ya Wilaya ya Mpimbwe,081,Mamba,,,,
23,Katavi,03,Mlele,Halmashauri ya Wilaya ya Mpimbwe,091,Kasansa,,,,
23,Katavi,03,Mlele,Halmashauri ya Wilaya ya Mpimbwe,011,Mbede,,,,
23,Katavi,03,Mlele,Halmashauri ya Wilaya ya Mpimbwe,023,Usevya,,,,
23,Katavi,03,Mlele,Halmashauri ya Wilaya ya Mpimbwe,031,Kibaoni,,,,
23,Katavi,03,Mlele,Halmashauri ya Wilaya ya Mpimbwe,041,Ikuba,,,,
24,Simiyu,01,Bariadi,Halmashauri ya Wilaya ya Bariadi,011,Itubukilo,,,,
24,Simiyu,01,Bariadi,Halmashauri ya Wilaya ya Bariadi,021,Sakwe,,,,
24,Simiyu,01,Bariadi,Halmashauri ya Wilaya ya Bariadi,033,Ngulyati,,,,
24,Simiyu,01,Bariadi,Halmashauri ya Wilaya ya Bariadi,041,Kilalo,,,,
24,Simiyu,01,Bariadi,Halmashauri ya Wilaya ya Bariadi,051,Kasoli,,,,
24,Simiyu,01,Bariadi,Halmashauri ya Wilaya ya Bariadi,061,Mwasubuya,,,,
24,Simiyu,01,Bariadi,Halmashauri ya Wilaya ya Bariadi,071,Gambosi,,,,
24,Simiyu,01,Bariadi,Halmashauri ya Wilaya ya Bariadi,081,Ikungulyabashashi,,,,
24,Simiyu,01,Bariadi,Halmashauri ya Wilaya ya Bariadi,093,Dutwa,,,,
24,Simiyu,01,Bariadi,Halmashauri ya Wilaya ya Bariadi,103,Sapiwi,,,,
24,Simiyu,01,Bariadi,Halmashauri ya Wilaya ya Bariadi,111,Masewa,,,,
24,Simiyu,01,Bariadi,Halmashauri ya Wilaya ya Bariadi,121,Matongo,,,,
24,Simiyu,01,Bariadi,Halmashauri ya Wilaya ya Bariadi,131,Gilya,,,,
24,Simiyu,01,Bariadi,Halmashauri ya Wilaya ya Bariadi,141,Mwaubingi,,,,
24,Simiyu,01,Bariadi,Halmashauri ya Wilaya ya Bariadi,151,Gibishi,,,,
24,Simiyu,01,Bariadi,Halmashauri ya Wilaya ya Bariadi,161,Nkindwabiye,,,,
24,Simiyu,01,Bariadi,Halmashauri ya Wilaya ya Bariadi,171,Ihusi,,,,
24,Simiyu,01,Bariadi,Halmashauri ya Wilaya ya Bariadi,181,Mwaumatondo,,,,
24,Simiyu,01,Bariadi,Halmashauri ya Wilaya ya Bariadi,193,Nkololo,,,,
24,Simiyu,01,Bariadi,Halmashauri ya Wilaya ya Bariadi,201,Banemhi,,,,
24,Simiyu,01,Bariadi,Halmashauri ya Wilaya ya Bariadi,211,Mwadobana,,,,
24,Simiyu,01,Bariadi,Halmashauri ya Mji wa Bariadi,052,Mhango,14860.0,2154.0,Bariadi Town Council,249.0
24,Simiyu,01,Bariadi,Halmashauri ya Mji wa Bariadi,062,Guduwi,15027.0,2004.0,Bariadi Town Council,249.0
24,Simiyu,01,Bariadi,Halmashauri ya Mji wa Bariadi,072,Nyakabindi,27573.0,4187.0,Bariadi Town Council,249.0
24,Simiyu,01,Bariadi,Halmashauri ya Mji wa Bariadi,012,Bariadi,19360.0,4681.0,Bariadi Town Council,249.0
24,Simiyu,01,Bariadi,Halmashauri ya Mji wa Bariadi,022,Sima,20180.0,4695.0,Bariadi Town Council,249.0
24,Simiyu,01,Bariadi,Halmashauri ya Mji wa Bariadi,032,Malambo,15939.0,3645.0,Bariadi Town Council,249.0
24,Simiyu,01,Bariadi,Halmashauri ya Mji wa Bariadi,042,Somanda,64481.0,9071.0,Bariadi Town Council,249.0
24,Simiyu,01,Bariadi,Halmashauri ya Mji wa Bariadi,082,Nyangokolwa,29520.0,4075.0,Bariadi Town Council,249.0
24,Simiyu,01,Bariadi,Halmashauri ya Mji wa Bariadi,092,Bunamhala,38007.0,5469.0,Bariadi Town Council,249.0
24,Simiyu,01,Bariadi,Halmashauri ya Mji wa Bariadi,102,Isanga,15980.0,2371.0,Bariadi Town Council,249.0
24,Simiyu,02,Itilima,Halmashauri ya Wilaya ya Itilima,011,Bumera,,,,
24,Simiyu,02,Itilima,Halmashauri ya Wilaya ya Itilima,021,Ikindilo,,,,
24,Simiyu,02,Itilima,Halmashauri ya Wilaya ya Itilima,031,Mwamtani,,,,
24,Simiyu,02,Itilima,Halmashauri ya Wilaya ya Itilima,041,Sagata,,,,
24,Simiyu,02,Itilima,Halmashauri ya Wilaya ya Itilima,051,Mwaswale,,,,
24,Simiyu,02,Itilima,Halmashauri ya Wilaya ya Itilima,061,Nkuyu,,,,
24,Simiyu,02,Itilima,Halmashauri ya Wilaya ya Itilima,071,Mhunze,,,,
24,Simiyu,02,Itilima,Halmashauri ya Wilaya ya Itilima,081,Migato,,,,
24,Simiyu,02,Itilima,Halmashauri ya Wilaya ya Itilima,091,Chinamili,,,,
24,Simiyu,02,Itilima,Halmashauri ya Wilaya ya Itilima,101,Ndolelezi,,,,
24,Simiyu,02,Itilima,Halmashauri ya Wilaya ya Itilima,111,Lagangabilili,,,,
24,Simiyu,02,Itilima,Halmashauri ya Wilaya ya Itilima,121,Budalabujiga,,,,
24,Simiyu,02,Itilima,Halmashauri ya Wilaya ya Itilima,131,Nkoma,,,,
24,Simiyu,02,Itilima,Halmashauri ya Wilaya ya Itilima,141,Mwalushu,,,,
24,Simiyu,02,Itilima,Halmashauri ya Wilaya ya Itilima,153,Mwamapalala,,,,
24,Simiyu,02,Itilima,Halmashauri ya Wilaya ya Itilima,161,Nyamalapa,,,,
24,Simiyu,02,Itilima,Halmashauri ya Wilaya ya Itilima,173,Luguru,,,,
24,Simiyu,02,Itilima,Halmashauri ya Wilaya ya Itilima,181,Nhobora,,,,
24,Simiyu,02,Itilima,Halmashauri ya Wilaya ya Itilima,191,Zagayu,,,,
24,Simiyu,02,Itilima,Halmashauri ya Wilaya ya Itilima,201,Kinang'weli,,,,
24,Simiyu,02,Itilima,Halmashauri ya Wilaya ya Itilima,211,Mbita,,,,
24,Simiyu,02,Itilima,Halmashauri ya Wilaya ya Itilima,221,Sawida,,,,
24,Simiyu,03,Meatu,Halmashauri ya Wilaya ya Meatu,013,Mwanhuzi,,,,
24,Simiyu,03,Meatu,Halmashauri ya Wilaya ya Meatu,021,Nkoma,,,,
24,Simiyu,03,Meatu,Halmashauri ya Wilaya ya Meatu,031,Kimali,,,,
24,Simiyu,03,Meatu,Halmashauri ya Wilaya ya Meatu,041,Mwamishali,,,,
24,Simiyu,03,Meatu,Halmashauri ya Wilaya ya Meatu,241,Mwangudo,,,,
24,Simiyu,03,Meatu,Halmashauri ya Wilaya ya Meatu,251,Mwanyahina,,,,
24,Simiyu,03,Meatu,Halmashauri ya Wilaya ya Meatu,101,Imalaseko,,,,
24,Simiyu,03,Meatu,Halmashauri ya Wilaya ya Meatu,111,Mwabuzo,,,,
24,Simiyu,03,Meatu,Halmashauri ya Wilaya ya Meatu,121,Mwamalole,,,,
24,Simiyu,03,Meatu,Halmashauri ya Wilaya ya Meatu,131,Mwanjolo,,,,
24,Simiyu,03,Meatu,Halmashauri ya Wilaya ya Meatu,171,Mwamanongu,,,,
24,Simiyu,03,Meatu,Halmashauri ya Wilaya ya Meatu,181,Ng'hoboko,,,,
24,Simiyu,03,Meatu,Halmashauri ya Wilaya ya Meatu,191,Bukundi,,,,
24,Simiyu,03,Meatu,Halmashauri ya Wilaya ya Meatu,211,Mwamanimba,,,,
24,Simiyu,03,Meatu,Halmashauri ya Wilaya ya Meatu,261,Mbushi,,,,
24,Simiyu,03,Meatu,Halmashauri ya Wilaya ya Meatu,271,Kabondo,,,,
24,Simiyu,03,Meatu,Halmashauri ya Wilaya ya Meatu,051,Itinje,,,,
24,Simiyu,03,Meatu,Halmashauri ya Wilaya ya Meatu,161,Lubiga,,,,
24,Simiyu,03,Meatu,Halmashauri ya Wilaya ya Meatu,281,Isengwa,,,,
24,Simiyu,03,Meatu,Halmashauri ya Wilaya ya Meatu,291,Mbugayabanghya,,,,
24,Simiyu,03,Meatu,Halmashauri ya Wilaya ya Meatu,061,Kisesa,,,,
24,Simiyu,03,Meatu,Halmashauri ya Wilaya ya Meatu,073,Mwandoya,,,,
24,Simiyu,03,Meatu,Halmashauri ya Wilaya ya Meatu,081,Lingeka,,,,
24,Simiyu,03,Meatu,Halmashauri ya Wilaya ya Meatu,091,Sakasaka,,,,
24,Simiyu,03,Meatu,Halmashauri ya Wilaya ya Meatu,141,Mwabuma,,,,
24,Simiyu,03,Meatu,Halmashauri ya Wilaya ya Meatu,151,Mwabusalu,,,,
24,Simiyu,03,Meatu,Halmashauri ya Wilaya ya Meatu,201,Mwasengela,,,,
24,Simiyu,03,Meatu,Halmashauri ya Wilaya ya Meatu,221,Tindabuligi,,,,
24,Simiyu,03,Meatu,Halmashauri ya Wilaya ya Meatu,231,Mwakisandu,,,,
24,Simiyu,04,Maswa,Halmashauri ya Wilaya ya Maswa,181,Kadoto,,,,
24,Simiyu,04,Maswa,Halmashauri ya Wilaya ya Maswa,191,Shishiyu,,,,
24,Simiyu,04,Maswa,Halmashauri ya Wilaya ya Maswa,201,Nyabubinza,,,,
24,Simiyu,04,Maswa,Halmashauri ya Wilaya ya Maswa,211,Mwang'honoli,,,,
24,Simiyu,04,Maswa,Halmashauri ya Wilaya ya Maswa,221,Kulimi,,,,
24,Simiyu,04,Maswa,Halmashauri ya Wilaya ya Maswa,233,Malampaka,,,,
24,Simiyu,04,Maswa,Halmashauri ya Wilaya ya Maswa,241,Badi,,,,
24,Simiyu,04,Maswa,Halmashauri ya Wilaya ya Maswa,321,Mwabayanda,,,,
24,Simiyu,04,Maswa,Halmashauri ya Wilaya ya Maswa,331,Mataba,,,,
24,Simiyu,04,Maswa,Halmashauri ya Wilaya ya Maswa,341,Jija,,,,
24,Simiyu,04,Maswa,Halmashauri ya Wilaya ya Maswa,121,Seng'wa,,,,
24,Simiyu,04,Maswa,Halmashauri ya Wilaya ya Maswa,131,Masela,,,,
24,Simiyu,04,Maswa,Halmashauri ya Wilaya ya Maswa,141,Isanga,,,,
24,Simiyu,04,Maswa,Halmashauri ya Wilaya ya Maswa,151,Zanzui,,,,
24,Simiyu,04,Maswa,Halmashauri ya Wilaya ya Maswa,161,Mwamashimba,,,,
24,Simiyu,04,Maswa,Halmashauri ya Wilaya ya Maswa,171,Buchambi,,,,
24,Simiyu,04,Maswa,Halmashauri ya Wilaya ya Maswa,311,Busangi,,,,
24,Simiyu,04,Maswa,Halmashauri ya Wilaya ya Maswa,253,Nyalikungu,,,,
24,Simiyu,04,Maswa,Halmashauri ya Wilaya ya Maswa,263,Binza,,,,
24,Simiyu,04,Maswa,Halmashauri ya Wilaya ya Maswa,301,Bugarama,,,,
24,Simiyu,04,Maswa,Halmashauri ya Wilaya ya Maswa,353,Shanwa,,,,
24,Simiyu,04,Maswa,Halmashauri ya Wilaya ya Maswa,363,Sola,,,,
24,Simiyu,04,Maswa,Halmashauri ya Wilaya ya Maswa,011,Ng'wigwa,,,,
24,Simiyu,04,Maswa,Halmashauri ya Wilaya ya Maswa,021,Nguliguli,,,,
24,Simiyu,04,Maswa,Halmashauri ya Wilaya ya Maswa,031,Ipililo,,,,
24,Simiyu,04,Maswa,Halmashauri ya Wilaya ya Maswa,041,Senani,,,,
24,Simiyu,04,Maswa,Halmashauri ya Wilaya ya Maswa,051,Mwamanenge,,,,
24,Simiyu,04,Maswa,Halmashauri ya Wilaya ya Maswa,061,Sukuma,,,,
24,Simiyu,04,Maswa,Halmashauri ya Wilaya ya Maswa,071,Mpindo,,,,
24,Simiyu,04,Maswa,Halmashauri ya Wilaya ya Maswa,081,Dakama,,,,
24,Simiyu,04,Maswa,Halmashauri ya Wilaya ya Maswa,093,Lalago,,,,
24,Simiyu,04,Maswa,Halmashauri ya Wilaya ya Maswa,101,Budekwa,,,,
24,Simiyu,04,Maswa,Halmashauri ya Wilaya ya Maswa,111,Busilili,,,,
24,Simiyu,04,Maswa,Halmashauri ya Wilaya ya Maswa,273,Sangamwalugesha,,,,
24,Simiyu,04,Maswa,Halmashauri ya Wilaya ya Maswa,281,Mbaragane,,,,
24,Simiyu,04,Maswa,Halmashauri ya Wilaya ya Maswa,291,Mwabaratulu,,,,
24,Simiyu,05,Busega,Halmashauri ya Wilaya ya Busega,011,Shigala,,,,
24,Simiyu,05,Busega,Halmashauri ya Wilaya ya Busega,021,Badugu,,,,
24,Simiyu,05,Busega,Halmashauri ya Wilaya ya Busega,031,Nyaluhande,,,,
24,Simiyu,05,Busega,Halmashauri ya Wilaya ya Busega,041,Kiloleli,,,,
24,Simiyu,05,Busega,Halmashauri ya Wilaya ya Busega,051,Mwamanyili,,,,
24,Simiyu,05,Busega,Halmashauri ya Wilaya ya Busega,063,Kabita,,,,
24,Simiyu,05,Busega,Halmashauri ya Wilaya ya Busega,153,Nyashimo,,,,
24,Simiyu,05,Busega,Halmashauri ya Wilaya ya Busega,073,Kalemela,,,,
24,Simiyu,05,Busega,Halmashauri ya Wilaya ya Busega,083,Lamadi,,,,
24,Simiyu,05,Busega,Halmashauri ya Wilaya ya Busega,091,Lutubiga,,,,
24,Simiyu,05,Busega,Halmashauri ya Wilaya ya Busega,101,Mkula,,,,
24,Simiyu,05,Busega,Halmashauri ya Wilaya ya Busega,111,Ngasamo,,,,
24,Simiyu,05,Busega,Halmashauri ya Wilaya ya Busega,121,Malili,,,,
24,Simiyu,05,Busega,Halmashauri ya Wilaya ya Busega,131,Igalukilo,,,,
24,Simiyu,05,Busega,Halmashauri ya Wilaya ya Busega,141,Imalamate,,,,
25,Geita,01,Geita,Halmashauri ya Wilaya ya Geita,011,Kagu,20692.0,3442.0,Geita District Council,255.0
25,Geita,01,Geita,Halmashauri ya Wilaya ya Geita,021,Bugulula,31397.0,5532.0,Geita District Council,255.0
25,Geita,01,Geita,Halmashauri ya Wilaya ya Geita,031,Senga,30311.0,5560.0,Geita District Council,255.0
25,Geita,01,Geita,Halmashauri ya Wilaya ya Geita,043,Kakubilo,42240.0,8166.0,Geita District Council,255.0
25,Geita,01,Geita,Halmashauri ya Wilaya ya Geita,061,Katoma,11609.0,1938.0,Geita District Council,255.0
25,Geita,01,Geita,Halmashauri ya Wilaya ya Geita,073,Nzera,27269.0,5258.0,Geita District Council,255.0
25,Geita,01,Geita,Halmashauri ya Wilaya ya Geita,081,Lwezera,,,,
25,Geita,01,Geita,Halmashauri ya Wilaya ya Geita,091,Kamhanga,18264.0,2897.0,Geita District Council,255.0
25,Geita,01,Geita,Halmashauri ya Wilaya ya Geita,101,Bugalama,18440.0,2978.0,Geita District Council,255.0
25,Geita,01,Geita,Halmashauri ya Wilaya ya Geita,111,Lubanga,13812.0,2178.0,Geita District Council,255.0
25,Geita,01,Geita,Halmashauri ya Wilaya ya Geita,121,Isulwabutundwe,14246.0,2157.0,Geita District Council,255.0
25,Geita,01,Geita,Halmashauri ya Wilaya ya Geita,133,Nyamboge,11779.0,2064.0,Geita District Council,255.0
25,Geita,01,Geita,Halmashauri ya Wilaya ya Geita,141,Izumacheli,5627.0,1209.0,Geita District Council,255.0
25,Geita,01,Geita,Halmashauri ya Wilaya ya Geita,153,Nyawilimilwa,43795.0,8258.0,Geita District Council,255.0
25,Geita,01,Geita,Halmashauri ya Wilaya ya Geita,181,Kamena,14811.0,2447.0,Geita District Council,255.0
25,Geita,01,Geita,Halmashauri ya Wilaya ya Geita,191,Nyamalimbe,20241.0,3104.0,Geita District Council,255.0
25,Geita,01,Geita,Halmashauri ya Wilaya ya Geita,201,Bujula,11715.0,1826.0,Geita District Council,255.0
25,Geita,01,Geita,Halmashauri ya Wilaya ya Geita,213,Bukoli,22442.0,4242.0,Geita District Council,255.0
25,Geita,01,Geita,Halmashauri ya Wilaya ya Geita,221,Butobela,20187.0,4413.0,Geita District Council,255.0
25,Geita,01,Geita,Halmashauri ya Wilaya ya Geita,233,Nyarugusu,55375.0,12596.0,Geita District Council,255.0
25,Geita,01,Geita,Halmashauri ya Wilaya ya Geita,241,Nyakamwaga,25620.0,4213.0,Geita District Council,255.0
25,Geita,01,Geita,Halmashauri ya Wilaya ya Geita,251,Lwamgasa,,,,
25,Geita,01,Geita,Halmashauri ya Wilaya ya Geita,271,Busanda,23543.0,4015.0,Geita District Council,255.0
25,Geita,01,Geita,Halmashauri ya Wilaya ya Geita,341,Nyalwanzaja,12670.0,1945.0,Geita District Council,255.0
25,Geita,01,Geita,Halmashauri ya Wilaya ya Geita,361,Nyaruyeye,15830.0,2796.0,Geita District Council,255.0
25,Geita,01,Geita,Halmashauri ya Wilaya ya Geita,161,Butundwe,9513.0,1669.0,Geita District Council,255.0
25,Geita,01,Geita,Halmashauri ya Wilaya ya Geita,171,Magenge,17353.0,3148.0,Geita District Council,255.0
25,Geita,01,Geita,Halmashauri ya Wilaya ya Geita,261,Kaseme,21091.0,3869.0,Geita District Council,255.0
25,Geita,01,Geita,Halmashauri ya Wilaya ya Geita,283,Katoro,92192.0,20534.0,Geita District Council,255.0
25,Geita,01,Geita,Halmashauri ya Wilaya ya Geita,293,Nyamigota,32372.0,6053.0,Geita District Council,255.0
25,Geita,01,Geita,Halmashauri ya Wilaya ya Geita,301,Nyakagomba,24028.0,3998.0,Geita District Council,255.0
25,Geita,01,Geita,Halmashauri ya Wilaya ya Geita,311,Nyachiluluma,15718.0,2707.0,Geita District Council,255.0
25,Geita,01,Geita,Halmashauri ya Wilaya ya Geita,321,Bukondo,17485.0,3169.0,Geita District Council,255.0
25,Geita,01,Geita,Halmashauri ya Wilaya ya Geita,331,Chigunga,11602.0,2141.0,Geita District Council,255.0
25,Geita,01,Geita,Halmashauri ya Wilaya ya Geita,351,Nyamwilolelwa,29072.0,5327.0,Geita District Council,255.0
25,Geita,01,Geita,Halmashauri ya Wilaya ya Geita,373,Ludete,106768.0,24420.0,Geita District Council,255.0
25,Geita,01,Geita,Halmashauri ya Mji Geita,012,Nyankumbu,87367.0,19839.0,Geita Town Council,256.0
25,Geita,01,Geita,Halmashauri ya Mji Geita,022,Bombambili,4571.0,1041.0,Geita Town Council,256.0
25,Geita,01,Geita,Halmashauri ya Mji Geita,032,Mtakuja,26676.0,6328.0,Geita Town Council,256.0
25,Geita,01,Geita,Halmashauri ya Mji Geita,042,Mgusu,31092.0,6428.0,Geita Town Council,256.0
25,Geita,01,Geita,Halmashauri ya Mji Geita,052,Kalangalala,57881.0,15405.0,Geita Town Council,256.0
25,Geita,01,Geita,Halmashauri ya Mji Geita,062,Buhalahala,62693.0,14781.0,Geita Town Council,256.0
25,Geita,01,Geita,Halmashauri ya Mji Geita,073,Nyanguku,12077.0,1797.0,Geita Town Council,256.0
25,Geita,01,Geita,Halmashauri ya Mji Geita,083,Ihanamilo,12751.0,2021.0,Geita Town Council,256.0
25,Geita,01,Geita,Halmashauri ya Mji Geita,092,Kasamwa,18751.0,3511.0,Geita Town Council,256.0
25,Geita,01,Geita,Halmashauri ya Mji Geita,101,Bulela,11439.0,1599.0,Geita Town Council,256.0
25,Geita,01,Geita,Halmashauri ya Mji Geita,111,Shiloleli,7603.0,1030.0,Geita Town Council,256.0
25,Geita,01,Geita,Halmashauri ya Mji Geita,122,Kanyala,17815.0,3140.0,Geita Town Council,256.0
25,Geita,01,Geita,Halmashauri ya Mji Geita,131,Bung'wangoko,10955.0,1611.0,Geita Town Council,256.0
25,Geita,02,Nyang'hwale,Halmashauri ya Wilaya ya Nyang'hwale,011,Shabaka,,,,
25,Geita,02,Nyang'hwale,Halmashauri ya Wilaya ya Nyang'hwale,091,Mwingiro,,,,
25,Geita,02,Nyang'hwale,Halmashauri ya Wilaya ya Nyang'hwale,101,Nyabulanda,,,,
25,Geita,02,Nyang'hwale,Halmashauri ya Wilaya ya Nyang'hwale,111,Nyang'hwale,,,,
25,Geita,02,Nyang'hwale,Halmashauri ya Wilaya ya Nyang'hwale,131,Kaboha,,,,
25,Geita,02,Nyang'hwale,Halmashauri ya Wilaya ya Nyang'hwale,021,Busolwa,,,,
25,Geita,02,Nyang'hwale,Halmashauri ya Wilaya ya Nyang'hwale,031,Kakora,,,,
25,Geita,02,Nyang'hwale,Halmashauri ya Wilaya ya Nyang'hwale,121,Nyijundu,,,,
25,Geita,02,Nyang'hwale,Halmashauri ya Wilaya ya Nyang'hwale,141,Nyamtukuza,,,,
25,Geita,02,Nyang'hwale,Halmashauri ya Wilaya ya Nyang'hwale,041,Nyugwa,,,,
25,Geita,02,Nyang'hwale,Halmashauri ya Wilaya ya Nyang'hwale,073,Kharumwa,,,,
25,Geita,02,Nyang'hwale,Halmashauri ya Wilaya ya Nyang'hwale,081,Izunya,,,,
25,Geita,02,Nyang'hwale,Halmashauri ya Wilaya ya Nyang'hwale,051,Bukwimba,,,,
25,Geita,02,Nyang'hwale,Halmashauri ya Wilaya ya Nyang'hwale,061,Kafita,,,,
25,Geita,02,Nyang'hwale,Halmashauri ya Wilaya ya Nyang'hwale,151,Nundu,,,,
25,Geita,03,Mbogwe,Halmashuari ya Wilaya ya Mbogwe,113,Lugunga,26801.0,4212.0,Mbogwe District Council,257.0
25,Geita,03,Mbogwe,Halmashuari ya Wilaya ya Mbogwe,123,Nyakafulu,66060.0,14858.0,Mbogwe District Council,257.0
25,Geita,03,Mbogwe,Halmashuari ya Wilaya ya Mbogwe,131,Bukandwe,16786.0,2534.0,Mbogwe District Council,257.0
25,Geita,03,Mbogwe,Halmashuari ya Wilaya ya Mbogwe,141,Nhomolwa,11371.0,1962.0,Mbogwe District Council,257.0
25,Geita,03,Mbogwe,Halmashuari ya Wilaya ya Mbogwe,153,Masumbwe,35660.0,7227.0,Mbogwe District Council,257.0
25,Geita,03,Mbogwe,Halmashuari ya Wilaya ya Mbogwe,161,Iponya,19651.0,2962.0,Mbogwe District Council,257.0
25,Geita,03,Mbogwe,Halmashuari ya Wilaya ya Mbogwe,011,Nanda,13698.0,2034.0,Mbogwe District Council,257.0
25,Geita,03,Mbogwe,Halmashuari ya Wilaya ya Mbogwe,071,Mbogwe,14952.0,2504.0,Mbogwe District Council,257.0
25,Geita,03,Mbogwe,Halmashuari ya Wilaya ya Mbogwe,081,Ngemo,17143.0,2729.0,Mbogwe District Council,257.0
25,Geita,03,Mbogwe,Halmashuari ya Wilaya ya Mbogwe,091,Ushirika,10509.0,1634.0,Mbogwe District Council,257.0
25,Geita,03,Mbogwe,Halmashuari ya Wilaya ya Mbogwe,101,Nyasato,16778.0,2441.0,Mbogwe District Council,257.0
25,Geita,03,Mbogwe,Halmashuari ya Wilaya ya Mbogwe,171,Bunigonzi,8146.0,1118.0,Mbogwe District Council,257.0
25,Geita,03,Mbogwe,Halmashuari ya Wilaya ya Mbogwe,021,Ikobe,16026.0,2323.0,Mbogwe District Council,257.0
25,Geita,03,Mbogwe,Halmashuari ya Wilaya ya Mbogwe,033,Lulembela,39899.0,7617.0,Mbogwe District Council,257.0
25,Geita,03,Mbogwe,Halmashuari ya Wilaya ya Mbogwe,041,Ikunguigazi,16070.0,2342.0,Mbogwe District Council,257.0
25,Geita,03,Mbogwe,Halmashuari ya Wilaya ya Mbogwe,051,Isebya,16721.0,2550.0,Mbogwe District Council,257.0
25,Geita,03,Mbogwe,Halmashuari ya Wilaya ya Mbogwe,061,Ilolangulu,16584.0,2588.0,Mbogwe District Council,257.0
25,Geita,04,Bukombe,Halmashauri ya Wilaya ya Bukombe,091,Lyambamgongo,7421.0,1061.0,Bukombe District Council,258.0
25,Geita,04,Bukombe,Halmashauri ya Wilaya ya Bukombe,101,Bukombe,18302.0,2822.0,Bukombe District Council,258.0
25,Geita,04,Bukombe,Halmashauri ya Wilaya ya Bukombe,111,Bugelenga,13358.0,1888.0,Bukombe District Council,258.0
25,Geita,04,Bukombe,Halmashauri ya Wilaya ya Bukombe,121,Iyogelo,10150.0,1387.0,Bukombe District Council,258.0
25,Geita,04,Bukombe,Halmashauri ya Wilaya ya Bukombe,061,Ng'anzo,14059.0,2147.0,Bukombe District Council,258.0
25,Geita,04,Bukombe,Halmashauri ya Wilaya ya Bukombe,071,Butinzya,12920.0,1919.0,Bukombe District Council,258.0
25,Geita,04,Bukombe,Halmashauri ya Wilaya ya Bukombe,083,Ushirombo,11249.0,2129.0,Bukombe District Council,258.0
25,Geita,04,Bukombe,Halmashauri ya Wilaya ya Bukombe,133,Igulwa,21819.0,4834.0,Bukombe District Council,258.0
25,Geita,04,Bukombe,Halmashauri ya Wilaya ya Bukombe,143,Katente,22323.0,5053.0,Bukombe District Council,258.0
25,Geita,04,Bukombe,Halmashauri ya Wilaya ya Bukombe,153,Bulangwa,28183.0,6025.0,Bukombe District Council,258.0
25,Geita,04,Bukombe,Halmashauri ya Wilaya ya Bukombe,161,Katome,11337.0,1602.0,Bukombe District Council,258.0
25,Geita,04,Bukombe,Halmashauri ya Wilaya ya Bukombe,171,Bulega,20718.0,3076.0,Bukombe District Council,258.0
25,Geita,04,Bukombe,Halmashauri ya Wilaya ya Bukombe,011,Runzewe Mashariki,28237.0,5418.0,Bukombe District Council,258.0
25,Geita,04,Bukombe,Halmashauri ya Wilaya ya Bukombe,021,Runzewe Magharibi,23906.0,4360.0,Bukombe District Council,258.0
25,Geita,04,Bukombe,Halmashauri ya Wilaya ya Bukombe,031,Namonge,64641.0,10397.0,Bukombe District Council,258.0
25,Geita,04,Bukombe,Halmashauri ya Wilaya ya Bukombe,043,Uyovu,70659.0,14836.0,Bukombe District Council,258.0
25,Geita,04,Bukombe,Halmashauri ya Wilaya ya Bukombe,051,Busonzo,27820.0,5710.0,Bukombe District Council,258.0
25,Geita,05,Chato,Halmashauri ya Wilaya ya Chato,051,Ichwankima,9433.0,1461.0,Chato District Council,259.0
25,Geita,05,Chato,Halmashauri ya Wilaya ya Chato,061,Kachwamba,10155.0,1634.0,Chato District Council,259.0
25,Geita,05,Chato,Halmashauri ya Wilaya ya Chato,071,Kasenga,21423.0,3737.0,Chato District Council,259.0
25,Geita,05,Chato,Halmashauri ya Wilaya ya Chato,081,Ilemela,11858.0,1605.0,Chato District Council,259.0
25,Geita,05,Chato,Halmashauri ya Wilaya ya Chato,013,Muganza,42375.0,9093.0,Chato District Council,259.0
25,Geita,05,Chato,Halmashauri ya Wilaya ya Chato,021,Bwongera,16993.0,3240.0,Chato District Council,259.0
25,Geita,05,Chato,Halmashauri ya Wilaya ya Chato,031,Kigongo,33896.0,6168.0,Chato District Council,259.0
25,Geita,05,Chato,Halmashauri ya Wilaya ya Chato,041,Nyamirembe,21571.0,3748.0,Chato District Council,259.0
25,Geita,05,Chato,Halmashauri ya Wilaya ya Chato,093,Chato,25771.0,6105.0,Chato District Council,259.0
25,Geita,05,Chato,Halmashauri ya Wilaya ya Chato,103,Muungano,23710.0,4998.0,Chato District Council,259.0
25,Geita,05,Chato,Halmashauri ya Wilaya ya Chato,113,Bwina,12054.0,2634.0,Chato District Council,259.0
25,Geita,05,Chato,Halmashauri ya Wilaya ya Chato,121,Katende,4890.0,708.0,Chato District Council,259.0
25,Geita,05,Chato,Halmashauri ya Wilaya ya Chato,131,IIyamchele,,,,
25,Geita,05,Chato,Halmashauri ya Wilaya ya Chato,141,Bukome,21304.0,3695.0,Chato District Council,259.0
25,Geita,05,Chato,Halmashauri ya Wilaya ya Chato,171,Makurugusi,45137.0,8175.0,Chato District Council,259.0
25,Geita,05,Chato,Halmashauri ya Wilaya ya Chato,183,Buseresere,53456.0,11318.0,Chato District Council,259.0
25,Geita,05,Chato,Halmashauri ya Wilaya ya Chato,191,Butengorumasa,22283.0,4019.0,Chato District Council,259.0
25,Geita,05,Chato,Halmashauri ya Wilaya ya Chato,201,Iparamasa,39898.0,5997.0,Chato District Council,259.0
25,Geita,05,Chato,Halmashauri ya Wilaya ya Chato,153,Buziku,29724.0,5699.0,Chato District Council,259.0
25,Geita,05,Chato,Halmashauri ya Wilaya ya Chato,161,Nyarutembo,24000.0,4211.0,Chato District Council,259.0
25,Geita,05,Chato,Halmashauri ya Wilaya ya Chato,213,Bwanga,69894.0,14162.0,Chato District Council,259.0
25,Geita,05,Chato,Halmashauri ya Wilaya ya Chato,221,Bwera,18495.0,3252.0,Chato District Council,259.0
25,Geita,05,Chato,Halmashauri ya Wilaya ya Chato,231,Minkoto,17060.0,2861.0,Chato District Council,259.0
26,Songwe,01,Momba,Halmashauri ya Wilaya ya Momba,011,Chilulumo,,,,
26,Songwe,01,Momba,Halmashauri ya Wilaya ya Momba,023,Kamsamba,,,,
26,Songwe,01,Momba,Halmashauri ya Wilaya ya Momba,031,Ivuna,,,,
26,Songwe,01,Momba,Halmashauri ya Wilaya ya Momba,041,Mpapa,,,,
26,Songwe,01,Momba,Halmashauri ya Wilaya ya Momba,051,Mkulwe,,,,
26,Songwe,01,Momba,Halmashauri ya Wilaya ya Momba,081,Mkomba,,,,
26,Songwe,01,Momba,Halmashauri ya Wilaya ya Momba,061,Chitete,,,,
26,Songwe,01,Momba,Halmashauri ya Wilaya ya Momba,071,Msangano,,,,
26,Songwe,01,Momba,Halmashauri ya Wilaya ya Momba,091,Nkangamo,,,,
26,Songwe,01,Momba,Halmashauri ya Wilaya ya Momba,101,Ndalambo,,,,
26,Songwe,01,Momba,Halmashauri ya Wilaya ya Momba,111,Kapele,,,,
26,Songwe,01,Momba,Halmashauri ya Wilaya ya Momba,121,Nzoka,,,,
26,Songwe,01,Momba,Halmashauri ya Wilaya ya Momba,131,Myunga,,,,
26,Songwe,01,Momba,Halmashauri ya Wilaya ya Momba,141,Ikana,,,,
26,Songwe,01,Momba,Halmashauri ya Mji wa Tunduma,012,Chiwezi,,,,
26,Songwe,01,Momba,Halmashauri ya Mji wa Tunduma,022,Katete,,,,
26,Songwe,01,Momba,Halmashauri ya Mji wa Tunduma,032,Mpemba,,,,
26,Songwe,01,Momba,Halmashauri ya Mji wa Tunduma,042,Mpande,,,,
26,Songwe,01,Momba,Halmashauri ya Mji wa Tunduma,052,Chapwa,,,,
26,Songwe,01,Momba,Halmashauri ya Mji wa Tunduma,062,Sogea,,,,
26,Songwe,01,Momba,Halmashauri ya Mji wa Tunduma,072,Kaloleni,,,,
26,Songwe,01,Momba,Halmashauri ya Mji wa Tunduma,082,Maporomoko,,,,
26,Songwe,01,Momba,Halmashauri ya Mji wa Tunduma,092,Tunduma,,,,
26,Songwe,01,Momba,Halmashauri ya Mji wa Tunduma,102,Majengo,,,,
26,Songwe,01,Momba,Halmashauri ya Mji wa Tunduma,112,Chipaka,,,,
26,Songwe,01,Momba,Halmashauri ya Mji wa Tunduma,122,Muungano,,,,
26,Songwe,01,Momba,Halmashauri ya Mji wa Tunduma,132,Mwakakati,,,,
26,Songwe,01,Momba,Halmashauri ya Mji wa Tunduma,142,Uwanjani,,,,
26,Songwe,01,Momba,Halmashauri ya Mji wa Tunduma,152,Makambini,,,,
26,Songwe,02,Songwe,Halmashauri ya Wilaya ya Songwe,011,Gua,9668.0,1839.0,Songwe District Council,263.0
26,Songwe,02,Songwe,Halmashauri ya Wilaya ya Songwe,021,Ngwala,8985.0,1749.0,Songwe District Council,263.0
26,Songwe,02,Songwe,Halmashauri ya Wilaya ya Songwe,031,Kapalala,14060.0,2490.0,Songwe District Council,263.0
26,Songwe,02,Songwe,Halmashauri ya Wilaya ya Songwe,041,Udinde,7219.0,1462.0,Songwe District Council,263.0
26,Songwe,02,Songwe,Halmashauri ya Wilaya ya Songwe,051,Mbangala,17878.0,3626.0,Songwe District Council,263.0
26,Songwe,02,Songwe,Halmashauri ya Wilaya ya Songwe,061,Saza,15111.0,4003.0,Songwe District Council,263.0
26,Songwe,02,Songwe,Halmashauri ya Wilaya ya Songwe,073,Mkwajuni,30314.0,8040.0,Songwe District Council,263.0
26,Songwe,02,Songwe,Halmashauri ya Wilaya ya Songwe,081,Mwambani,11534.0,2496.0,Songwe District Council,263.0
26,Songwe,02,Songwe,Halmashauri ya Wilaya ya Songwe,091,Kanga,13708.0,2979.0,Songwe District Council,263.0
26,Songwe,02,Songwe,Halmashauri ya Wilaya ya Songwe,101,Ifwenkenya,10951.0,2073.0,Songwe District Council,263.0
26,Songwe,02,Songwe,Halmashauri ya Wilaya ya Songwe,111,Galula,10076.0,2475.0,Songwe District Council,263.0
26,Songwe,02,Songwe,Halmashauri ya Wilaya ya Songwe,121,Chang'ombe,12701.0,2655.0,Songwe District Council,263.0
26,Songwe,02,Songwe,Halmashauri ya Wilaya ya Songwe,131,Mbuyuni,11899.0,2329.0,Songwe District Council,263.0
26,Songwe,02,Songwe,Halmashauri ya Wilaya ya Songwe,141,Magamba,17055.0,2825.0,Songwe District Council,263.0
26,Songwe,02,Songwe,Halmashauri ya Wilaya ya Songwe,151,Totowe,6260.0,1252.0,Songwe District Council,263.0
26,Songwe,02,Songwe,Halmashauri ya Wilaya ya Songwe,161,Mpona,10284.0,1356.0,Songwe District Council,263.0
26,Songwe,02,Songwe,Halmashauri ya Wilaya ya Songwe,171,Namkukwe,11099.0,2357.0,Songwe District Council,263.0
26,Songwe,02,Songwe,Halmashauri ya Wilaya ya Songwe,181,Manda,10327.0,1776.0,Songwe District Council,263.0
26,Songwe,03,Mbozi,Halmashauri ya Wilaya ya Mbozi,141,Msia,20289.0,5326.0,Mbozi District Council,264.0
26,Songwe,03,Mbozi,Halmashauri ya Wilaya ya Mbozi,241,Isalalo,7362.0,1893.0,Mbozi District Council,264.0
26,Songwe,03,Mbozi,Halmashauri ya Wilaya ya Mbozi,031,Nanyala,10492.0,2875.0,Mbozi District Council,264.0
26,Songwe,03,Mbozi,Halmashauri ya Wilaya ya Mbozi,071,Ruanda,10313.0,2748.0,Mbozi District Council,264.0
26,Songwe,03,Mbozi,Halmashauri ya Wilaya ya Mbozi,081,Iyula,19340.0,4935.0,Mbozi District Council,264.0
26,Songwe,03,Mbozi,Halmashauri ya Wilaya ya Mbozi,101,Mlangali,18314.0,4560.0,Mbozi District Council,264.0
26,Songwe,03,Mbozi,Halmashauri ya Wilaya ya Mbozi,211,Idiwili,14850.0,3791.0,Mbozi District Council,264.0
26,Songwe,03,Mbozi,Halmashauri ya Wilaya ya Mbozi,011,Ihanda,23533.0,6191.0,Mbozi District Council,264.0
26,Songwe,03,Mbozi,Halmashauri ya Wilaya ya Mbozi,091,Nyimbili,12795.0,3299.0,Mbozi District Council,264.0
26,Songwe,03,Mbozi,Halmashauri ya Wilaya ya Mbozi,161,Ipunga,10246.0,2676.0,Mbozi District Council,264.0
26,Songwe,03,Mbozi,Halmashauri ya Wilaya ya Mbozi,171,Ukwile,10578.0,2718.0,Mbozi District Council,264.0
26,Songwe,03,Mbozi,Halmashauri ya Wilaya ya Mbozi,183,Vwawa,26911.0,7211.0,Mbozi District Council,264.0
26,Songwe,03,Mbozi,Halmashauri ya Wilaya ya Mbozi,221,Hezya,8908.0,2352.0,Mbozi District Council,264.0
26,Songwe,03,Mbozi,Halmashauri ya Wilaya ya Mbozi,251,Kilimampimbi,6299.0,1653.0,Mbozi District Council,264.0
26,Songwe,03,Mbozi,Halmashauri ya Wilaya ya Mbozi,263,Ilolo,9586.0,2610.0,Mbozi District Council,264.0
26,Songwe,03,Mbozi,Halmashauri ya Wilaya ya Mbozi,273,Ichenjezya,7625.0,2159.0,Mbozi District Council,264.0
26,Songwe,03,Mbozi,Halmashauri ya Wilaya ya Mbozi,283,Hasanga,17293.0,4452.0,Mbozi District Council,264.0
26,Songwe,03,Mbozi,Halmashauri ya Wilaya ya Mbozi,293,Hasamba,5969.0,1626.0,Mbozi District Council,264.0
26,Songwe,03,Mbozi,Halmashauri ya Wilaya ya Mbozi,021,Bara,20561.0,5075.0,Mbozi District Council,264.0
26,Songwe,03,Mbozi,Halmashauri ya Wilaya ya Mbozi,041,Nambinzo,29757.0,7445.0,Mbozi District Council,264.0
26,Songwe,03,Mbozi,Halmashauri ya Wilaya ya Mbozi,051,Itaka,19550.0,4996.0,Mbozi District Council,264.0
26,Songwe,03,Mbozi,Halmashauri ya Wilaya ya Mbozi,131,Halungu,26928.0,6982.0,Mbozi District Council,264.0
26,Songwe,03,Mbozi,Halmashauri ya Wilaya ya Mbozi,061,Isansa,17614.0,4711.0,Mbozi District Council,264.0
26,Songwe,03,Mbozi,Halmashauri ya Wilaya ya Mbozi,121,Igamba,27812.0,7363.0,Mbozi District Council,264.0
26,Songwe,03,Mbozi,Halmashauri ya Wilaya ya Mbozi,191,Magamba,17259.0,4413.0,Mbozi District Council,264.0
26,Songwe,03,Mbozi,Halmashauri ya Wilaya ya Mbozi,201,Itumpi,12564.0,3300.0,Mbozi District Council,264.0
26,Songwe,03,Mbozi,Halmashauri ya Wilaya ya Mbozi,231,Shiwinga,11624.0,3052.0,Mbozi District Council,264.0
26,Songwe,03,Mbozi,Halmashauri ya Wilaya ya Mbozi,111,Mahenje,19781.0,5124.0,Mbozi District Council,264.0
26,Songwe,03,Mbozi,Halmashauri ya Wilaya ya Mbozi,153,Mlowo,66446.0,17920.0,Mbozi District Council,264.0
26,Songwe,04,Ileje,Halmashauri ya Wilaya ya Ileje,013,Itumba,10566.0,2966.0,Ileje District Council,265.0
26,Songwe,04,Ileje,Halmashauri ya Wilaya ya Ileje,021,Itale,6933.0,1782.0,Ileje District Council,265.0
26,Songwe,04,Ileje,Halmashauri ya Wilaya ya Ileje,031,Ibaba,8210.0,2281.0,Ileje District Council,265.0
26,Songwe,04,Ileje,Halmashauri ya Wilaya ya Ileje,041,Ndola,6741.0,1849.0,Ileje District Council,265.0
26,Songwe,04,Ileje,Halmashauri ya Wilaya ya Ileje,131,Bupigu,5623.0,1627.0,Ileje District Council,265.0
26,Songwe,04,Ileje,Halmashauri ya Wilaya ya Ileje,143,Isongole,14157.0,3993.0,Ileje District Council,265.0
26,Songwe,04,Ileje,Halmashauri ya Wilaya ya Ileje,151,Chitete,10118.0,2882.0,Ileje District Council,265.0
26,Songwe,04,Ileje,Halmashauri ya Wilaya ya Ileje,161,Mbebe,10083.0,2580.0,Ileje District Council,265.0
26,Songwe,04,Ileje,Halmashauri ya Wilaya ya Ileje,171,Mlale,5831.0,1613.0,Ileje District Council,265.0
26,Songwe,04,Ileje,Halmashauri ya Wilaya ya Ileje,051,Luswisi,4155.0,1072.0,Ileje District Council,265.0
26,Songwe,04,Ileje,Halmashauri ya Wilaya ya Ileje,061,Ngulilo,5292.0,1225.0,Ileje District Council,265.0
26,Songwe,04,Ileje,Halmashauri ya Wilaya ya Ileje,071,Lubanda,8176.0,2095.0,Ileje District Council,265.0
26,Songwe,04,Ileje,Halmashauri ya Wilaya ya Ileje,081,Ngulugulu,4118.0,1203.0,Ileje District Council,265.0
26,Songwe,04,Ileje,Halmashauri ya Wilaya ya Ileje,091,Sange,4237.0,1117.0,Ileje District Council,265.0
26,Songwe,04,Ileje,Halmashauri ya Wilaya ya Ileje,101,Ikinga,6352.0,1967.0,Ileje District Council,265.0
26,Songwe,04,Ileje,Halmashauri ya Wilaya ya Ileje,111,Kafule,6147.0,1903.0,Ileje District Council,265.0
26,Songwe,04,Ileje,Halmashauri ya Wilaya ya Ileje,121,Malangali,6098.0,1804.0,Ileje District Council,265.0
26,Songwe,04,Ileje,Halmashauri ya Wilaya ya Ileje,181,Kalembo,3032.0,855.0,Ileje District Council,265.0
51,Kaskazini Unguja,01,Kaskazini A,Baraza la Mji Kaskazini A,151,Kigunda,,,,
51,Kaskazini Unguja,01,Kaskazini A,Baraza la Mji Kaskazini A,301,Kilindi,,,,
51,Kaskazini Unguja,01,Kaskazini A,Baraza la Mji Kaskazini A,392,Banda Kuu,,,,
51,Kaskazini Unguja,01,Kaskazini A,Baraza la Mji Kaskazini A,402,Kiungani,,,,
51,Kaskazini Unguja,01,Kaskazini A,Baraza la Mji Kaskazini A,121,Fukuchani,,,,
51,Kaskazini Unguja,01,Kaskazini A,Baraza la Mji Kaskazini A,131,Kidoti,,,,
51,Kaskazini Unguja,01,Kaskazini A,Baraza la Mji Kaskazini A,141,Tazari,,,,
51,Kaskazini Unguja,01,Kaskazini A,Baraza la Mji Kaskazini A,311,Kilimani Tazari,,,,
51,Kaskazini Unguja,01,Kaskazini A,Baraza la Mji Kaskazini A,341,Bwereu,,,,
51,Kaskazini Unguja,01,Kaskazini A,Baraza la Mji Kaskazini A,043,Kivunge,,,,
51,Kaskazini Unguja,01,Kaskazini A,Baraza la Mji Kaskazini A,091,Muwange,,,,
51,Kaskazini Unguja,01,Kaskazini A,Baraza la Mji Kaskazini A,101,Pitanazako,,,,
51,Kaskazini Unguja,01,Kaskazini A,Baraza la Mji Kaskazini A,111,Potoa,,,,
51,Kaskazini Unguja,01,Kaskazini A,Baraza la Mji Kaskazini A,181,Kijini Matemwe,,,,
51,Kaskazini Unguja,01,Kaskazini A,Baraza la Mji Kaskazini A,351,Kigomani,,,,
51,Kaskazini Unguja,01,Kaskazini A,Baraza la Mji Kaskazini A,381,Kigongoni,,,,
51,Kaskazini Unguja,01,Kaskazini A,Baraza la Mji Kaskazini A,411,Juga Kuu,,,,
51,Kaskazini Unguja,01,Kaskazini A,Baraza la Mji Kaskazini A,431,Mbuyutende,,,,
51,Kaskazini Unguja,01,Kaskazini A,Baraza la Mji Kaskazini A,071,Mkwajuni,,,,
51,Kaskazini Unguja,01,Kaskazini A,Baraza la Mji Kaskazini A,081,Kibeni,,,,
51,Kaskazini Unguja,01,Kaskazini A,Baraza la Mji Kaskazini A,211,Moga,,,,
51,Kaskazini Unguja,01,Kaskazini A,Baraza la Mji Kaskazini A,291,Chutama,,,,
51,Kaskazini Unguja,01,Kaskazini A,Baraza la Mji Kaskazini A,331,Kidombo,,,,
51,Kaskazini Unguja,01,Kaskazini A,Baraza la Mji Kaskazini A,171,Matemwe Kaskazini,,,,
51,Kaskazini Unguja,01,Kaskazini A,Baraza la Mji Kaskazini A,203,Gamba,,,,
51,Kaskazini Unguja,01,Kaskazini A,Baraza la Mji Kaskazini A,421,Matemwe Kusini,,,,
51,Kaskazini Unguja,01,Kaskazini A,Baraza la Mji Kaskazini A,193,Pwani Mchangani,,,,
51,Kaskazini Unguja,01,Kaskazini A,Baraza la Mji Kaskazini A,251,Kikobweni,,,,
51,Kaskazini Unguja,01,Kaskazini A,Baraza la Mji Kaskazini A,261,Bandamaji,,,,
51,Kaskazini Unguja,01,Kaskazini A,Baraza la Mji Kaskazini A,273,Kinyasini,,,,
51,Kaskazini Unguja,01,Kaskazini A,Baraza la Mji Kaskazini A,281,Kandwi,,,,
51,Kaskazini Unguja,01,Kaskazini A,Baraza la Mji Kaskazini A,221,Chaani Masingini,,,,
51,Kaskazini Unguja,01,Kaskazini A,Baraza la Mji Kaskazini A,231,Mchenza Shauri,,,,
51,Kaskazini Unguja,01,Kaskazini A,Baraza la Mji Kaskazini A,241,Chaani Kubwa,,,,
51,Kaskazini Unguja,01,Kaskazini A,Baraza la Mji Kaskazini A,013,Mkokotoni,,,,
51,Kaskazini Unguja,01,Kaskazini A,Baraza la Mji Kaskazini A,023,Mto wa Pwani,,,,
51,Kaskazini Unguja,01,Kaskazini A,Baraza la Mji Kaskazini A,031,Pale,,,,
51,Kaskazini Unguja,01,Kaskazini A,Baraza la Mji Kaskazini A,061,Mchangani,,,,
51,Kaskazini Unguja,01,Kaskazini A,Baraza la Mji Kaskazini A,161,Kipange,,,,
51,Kaskazini Unguja,01,Kaskazini A,Baraza la Mji Kaskazini A,441,Muwanda,,,,
51,Kaskazini Unguja,01,Kaskazini A,Baraza la Mji Kaskazini A,051,Gomani,,,,
51,Kaskazini Unguja,01,Kaskazini A,Baraza la Mji Kaskazini A,321,Uvivini,,,,
51,Kaskazini Unguja,01,Kaskazini A,Baraza la Mji Kaskazini A,361,Mtakuja,,,,
51,Kaskazini Unguja,01,Kaskazini A,Baraza la Mji Kaskazini A,371,Jongowe,,,,
51,Kaskazini Unguja,02,Kaskazini B,Baraza la Mji Kaskazini B,111,Mnyimbi,,,,
51,Kaskazini Unguja,02,Kaskazini B,Baraza la Mji Kaskazini B,151,Donge Mbiji,,,,
51,Kaskazini Unguja,02,Kaskazini B,Baraza la Mji Kaskazini B,171,Donge Pwani,,,,
51,Kaskazini Unguja,02,Kaskazini B,Baraza la Mji Kaskazini B,273,Mkataleni,,,,
51,Kaskazini Unguja,02,Kaskazini B,Baraza la Mji Kaskazini B,121,Donge Mtambile,,,,
51,Kaskazini Unguja,02,Kaskazini B,Baraza la Mji Kaskazini B,141,Donge Karange,,,,
51,Kaskazini Unguja,02,Kaskazini B,Baraza la Mji Kaskazini B,161,Donge Vijibweni,,,,
51,Kaskazini Unguja,02,Kaskazini B,Baraza la Mji Kaskazini B,281,Njia ya Mtoni,,,,
51,Kaskazini Unguja,02,Kaskazini B,Baraza la Mji Kaskazini B,311,Majenzi,,,,
51,Kaskazini Unguja,02,Kaskazini B,Baraza la Mji Kaskazini B,093,Kitope,,,,
51,Kaskazini Unguja,02,Kaskazini B,Baraza la Mji Kaskazini B,211,Kilombero,,,,
51,Kaskazini Unguja,02,Kaskazini B,Baraza la Mji Kaskazini B,251,Mbaleni,,,,
51,Kaskazini Unguja,02,Kaskazini B,Baraza la Mji Kaskazini B,301,Kwagube,,,,
51,Kaskazini Unguja,02,Kaskazini B,Baraza la Mji Kaskazini B,103,Mahonda,,,,
51,Kaskazini Unguja,02,Kaskazini B,Baraza la Mji Kaskazini B,131,Kinduni,,,,
51,Kaskazini Unguja,02,Kaskazini B,Baraza la Mji Kaskazini B,231,Matetema,,,,
51,Kaskazini Unguja,02,Kaskazini B,Baraza la Mji Kaskazini B,181,Upenja,,,,
51,Kaskazini Unguja,02,Kaskazini B,Baraza la Mji Kaskazini B,193,Kiwengwa,,,,
51,Kaskazini Unguja,02,Kaskazini B,Baraza la Mji Kaskazini B,201,Pangeni,,,,
51,Kaskazini Unguja,02,Kaskazini B,Baraza la Mji Kaskazini B,221,Mgambo,,,,
51,Kaskazini Unguja,02,Kaskazini B,Baraza la Mji Kaskazini B,291,Kisongoni,,,,
51,Kaskazini Unguja,02,Kaskazini B,Baraza la Mji Kaskazini B,013,Misufini,,,,
51,Kaskazini Unguja,02,Kaskazini B,Baraza la Mji Kaskazini B,021,Makoba,,,,
51,Kaskazini Unguja,02,Kaskazini B,Baraza la Mji Kaskazini B,061,Kiongwe Kidogo,,,,
51,Kaskazini Unguja,02,Kaskazini B,Baraza la Mji Kaskazini B,241,Kidanzini,,,,
51,Kaskazini Unguja,02,Kaskazini B,Baraza la Mji Kaskazini B,261,Mafufuni,,,,
51,Kaskazini Unguja,02,Kaskazini B,Baraza la Mji Kaskazini B,031,Mangapwani,,,,
51,Kaskazini Unguja,02,Kaskazini B,Baraza la Mji Kaskazini B,041,Fujoni,,,,
51,Kaskazini Unguja,02,Kaskazini B,Baraza la Mji Kaskazini B,053,Kiombamvua,,,,
51,Kaskazini Unguja,02,Kaskazini B,Baraza la Mji Kaskazini B,071,Mkadini,,,,
51,Kaskazini Unguja,02,Kaskazini B,Baraza la Mji Kaskazini B,081,Zingwezingwe,,,,
52,Kusini Unguja,01,Kati,Baraza la Mji Kati,051,Kiboje Muembe Shauri,,,,
52,Kusini Unguja,01,Kati,Baraza la Mji Kati,071,Kiboje Mkwajuni,,,,
52,Kusini Unguja,01,Kati,Baraza la Mji Kati,081,Ghana,,,,
52,Kusini Unguja,01,Kati,Baraza la Mji Kati,101,Mgeni Haji,,,,
52,Kusini Unguja,01,Kati,Baraza la Mji Kati,111,Uzini,,,,
52,Kusini Unguja,01,Kati,Baraza la Mji Kati,121,Mitakawani,,,,
52,Kusini Unguja,01,Kati,Baraza la Mji Kati,131,Tunduni,,,,
52,Kusini Unguja,01,Kati,Baraza la Mji Kati,141,Bambi,,,,
52,Kusini Unguja,01,Kati,Baraza la Mji Kati,151,Pagali,,,,
52,Kusini Unguja,01,Kati,Baraza la Mji Kati,161,Umbuji,,,,
52,Kusini Unguja,01,Kati,Baraza la Mji Kati,171,Mchangani Shamba,,,,
52,Kusini Unguja,01,Kati,Baraza la Mji Kati,371,Mpapa,,,,
52,Kusini Unguja,01,Kati,Baraza la Mji Kati,411,Kijibwe Mtu,,,,
52,Kusini Unguja,01,Kati,Baraza la Mji Kati,031,Kidimni,,,,
52,Kusini Unguja,01,Kati,Baraza la Mji Kati,041,Machui,,,,
52,Kusini Unguja,01,Kati,Baraza la Mji Kati,061,Miwani,,,,
52,Kusini Unguja,01,Kati,Baraza la Mji Kati,093,Koani,,,,
52,Kusini Unguja,01,Kati,Baraza la Mji Kati,201,Jendele,,,,
52,Kusini Unguja,01,Kati,Baraza la Mji Kati,211,Chwaka,,,,
52,Kusini Unguja,01,Kati,Baraza la Mji Kati,221,Marumbi,,,,
52,Kusini Unguja,01,Kati,Baraza la Mji Kati,231,Uroa,,,,
52,Kusini Unguja,01,Kati,Baraza la Mji Kati,241,Pongwe,,,,
52,Kusini Unguja,01,Kati,Baraza la Mji Kati,191,Ndijani Mseweni,,,,
52,Kusini Unguja,01,Kati,Baraza la Mji Kati,281,Cheju,,,,
52,Kusini Unguja,01,Kati,Baraza la Mji Kati,341,Charawe,,,,
52,Kusini Unguja,01,Kati,Baraza la Mji Kati,351,Ukongoroni,,,,
52,Kusini Unguja,01,Kati,Baraza la Mji Kati,361,Pete,,,,
52,Kusini Unguja,01,Kati,Baraza la Mji Kati,391,Ndijani Muembe Punda,,,,
52,Kusini Unguja,01,Kati,Baraza la Mji Kati,421,Zuwiyani,,,,
52,Kusini Unguja,01,Kati,Baraza la Mji Kati,013,Dunga Bweni,,,,
52,Kusini Unguja,01,Kati,Baraza la Mji Kati,021,Ubago,,,,
52,Kusini Unguja,01,Kati,Baraza la Mji Kati,181,Dunga Kiembeni,,,,
52,Kusini Unguja,01,Kati,Baraza la Mji Kati,252,Jumbi,,,,
52,Kusini Unguja,01,Kati,Baraza la Mji Kati,262,Tunguu,,,,
52,Kusini Unguja,01,Kati,Baraza la Mji Kati,271,Binguni,,,,
52,Kusini Unguja,01,Kati,Baraza la Mji Kati,291,Bungi,,,,
52,Kusini Unguja,01,Kati,Baraza la Mji Kati,301,Unguja Ukuu Kaepwani,,,,
52,Kusini Unguja,01,Kati,Baraza la Mji Kati,311,Kikungwi,,,,
52,Kusini Unguja,01,Kati,Baraza la Mji Kati,321,Uzi,,,,
52,Kusini Unguja,01,Kati,Baraza la Mji Kati,331,Ng'ambwa,,,,
52,Kusini Unguja,01,Kati,Baraza la Mji Kati,381,Unguja Ukuu Kaebona,,,,
52,Kusini Unguja,01,Kati,Baraza la Mji Kati,401,Tindini,,,,
52,Kusini Unguja,02,Kusini,Halmashauri ya Wilaya ya Kusini,131,Michamvi,,,,
52,Kusini Unguja,02,Kusini,Halmashauri ya Wilaya ya Kusini,153,Paje,,,,
52,Kusini Unguja,02,Kusini,Halmashauri ya Wilaya ya Kusini,173,Bwejuu,,,,
52,Kusini Unguja,02,Kusini,Halmashauri ya Wilaya ya Kusini,211,Dongwe,,,,
52,Kusini Unguja,02,Kusini,Halmashauri ya Wilaya ya Kusini,051,Jambiani Kikadini,,,,
52,Kusini Unguja,02,Kusini,Halmashauri ya Wilaya ya Kusini,161,Jambiani Kibigija,,,,
52,Kusini Unguja,02,Kusini,Halmashauri ya Wilaya ya Kusini,181,Kitogani,,,,
52,Kusini Unguja,02,Kusini,Halmashauri ya Wilaya ya Kusini,201,Muungoni,,,,
52,Kusini Unguja,02,Kusini,Halmashauri ya Wilaya ya Kusini,013,Nganani,,,,
52,Kusini Unguja,02,Kusini,Halmashauri ya Wilaya ya Kusini,031,Mzuri,,,,
52,Kusini Unguja,02,Kusini,Halmashauri ya Wilaya ya Kusini,041,Kajengwa,,,,
52,Kusini Unguja,02,Kusini,Halmashauri ya Wilaya ya Kusini,182,Kijini,,,,
52,Kusini Unguja,02,Kusini,Halmashauri ya Wilaya ya Kusini,192,Kiongoni,,,,
52,Kusini Unguja,02,Kusini,Halmashauri ya Wilaya ya Kusini,201,Tasani,,,,
52,Kusini Unguja,02,Kusini,Halmashauri ya Wilaya ya Kusini,061,Mtende,,,,
52,Kusini Unguja,02,Kusini,Halmashauri ya Wilaya ya Kusini,071,Kibuteni,,,,
52,Kusini Unguja,02,Kusini,Halmashauri ya Wilaya ya Kusini,081,Kizimkazi Dimbani,,,,
52,Kusini Unguja,02,Kusini,Halmashauri ya Wilaya ya Kusini,091,Kizimkazi Mkunguni,,,,
52,Kusini Unguja,02,Kusini,Halmashauri ya Wilaya ya Kusini,101,Muyuni A,,,,
52,Kusini Unguja,02,Kusini,Halmashauri ya Wilaya ya Kusini,111,Muyuni B,,,,
52,Kusini Unguja,02,Kusini,Halmashauri ya Wilaya ya Kusini,121,Muyuni C,,,,
53,Mjini Magharibi,01,Mjini,Baraza la Manispaa Mjini,012,Shangani,,,,
53,Mjini Magharibi,01,Mjini,Baraza la Manispaa Mjini,022,Mkunazini,,,,
53,Mjini Magharibi,01,Mjini,Baraza la Manispaa Mjini,032,Kiponda,,,,
53,Mjini Magharibi,01,Mjini,Baraza la Manispaa Mjini,042,Malindi,,,,
53,Mjini Magharibi,01,Mjini,Baraza la Manispaa Mjini,052,Mchangani,,,,
53,Mjini Magharibi,01,Mjini,Baraza la Manispaa Mjini,262,Vikokotoni,,,,
53,Mjini Magharibi,01,Mjini,Baraza la Manispaa Mjini,062,Mlandege,,,,
53,Mjini Magharibi,01,Mjini,Baraza la Manispaa Mjini,082,Gulioni,,,,
53,Mjini Magharibi,01,Mjini,Baraza la Manispaa Mjini,092,Makadara,,,,
53,Mjini Magharibi,01,Mjini,Baraza la Manispaa Mjini,272,Muembetanga,,,,
53,Mjini Magharibi,01,Mjini,Baraza la Manispaa Mjini,472,Mitiulaya,,,,
53,Mjini Magharibi,01,Mjini,Baraza la Manispaa Mjini,102,Shaurimoyo,,,,
53,Mjini Magharibi,01,Mjini,Baraza la Manispaa Mjini,482,Saateni,,,,
53,Mjini Magharibi,01,Mjini,Baraza la Manispaa Mjini,132,Kwamtipura,,,,
53,Mjini Magharibi,01,Mjini,Baraza la Manispaa Mjini,322,Mkele,,,,
53,Mjini Magharibi,01,Mjini,Baraza la Manispaa Mjini,512,Mboriborini,,,,
53,Mjini Magharibi,01,Mjini,Baraza la Manispaa Mjini,552,Mapinduzi,,,,
53,Mjini Magharibi,01,Mjini,Baraza la Manispaa Mjini,112,Mwembe Makumbi,,,,
53,Mjini Magharibi,01,Mjini,Baraza la Manispaa Mjini,492,Maruhubi,,,,
53,Mjini Magharibi,01,Mjini,Baraza la Manispaa Mjini,502,Masumbani,,,,
53,Mjini Magharibi,01,Mjini,Baraza la Manispaa Mjini,122,Chumbuni,,,,
53,Mjini Magharibi,01,Mjini,Baraza la Manispaa Mjini,402,Karakana,,,,
53,Mjini Magharibi,01,Mjini,Baraza la Manispaa Mjini,562,Banko,,,,
53,Mjini Magharibi,01,Mjini,Baraza la Manispaa Mjini,142,Kilimahewa Juu,,,,
53,Mjini Magharibi,01,Mjini,Baraza la Manispaa Mjini,412,Kilimahewa Bondeni,,,,
53,Mjini Magharibi,01,Mjini,Baraza la Manispaa Mjini,152,Amani,,,,
53,Mjini Magharibi,01,Mjini,Baraza la Manispaa Mjini,422,Kwa Wazee,,,,
53,Mjini Magharibi,01,Mjini,Baraza la Manispaa Mjini,162,Nyerere,,,,
53,Mjini Magharibi,01,Mjini,Baraza la Manispaa Mjini,342,Sogea,,,,
53,Mjini Magharibi,01,Mjini,Baraza la Manispaa Mjini,522,Kwamtumwajeni,,,,
53,Mjini Magharibi,01,Mjini,Baraza la Manispaa Mjini,182,Magomeni,,,,
53,Mjini Magharibi,01,Mjini,Baraza la Manispaa Mjini,442,Meya,,,,
53,Mjini Magharibi,01,Mjini,Baraza la Manispaa Mjini,192,Mpendae,,,,
53,Mjini Magharibi,01,Mjini,Baraza la Manispaa Mjini,532,Kwabintiamrani,,,,
53,Mjini Magharibi,01,Mjini,Baraza la Manispaa Mjini,212,Kilimani,,,,
53,Mjini Magharibi,01,Mjini,Baraza la Manispaa Mjini,432,Migombani,,,,
53,Mjini Magharibi,01,Mjini,Baraza la Manispaa Mjini,202,Urusi,,,,
53,Mjini Magharibi,01,Mjini,Baraza la Manispaa Mjini,352,Jang'ombe,,,,
53,Mjini Magharibi,01,Mjini,Baraza la Manispaa Mjini,362,Kidongo Chekundu,,,,
53,Mjini Magharibi,01,Mjini,Baraza la Manispaa Mjini,372,Matarumbeta,,,,
53,Mjini Magharibi,01,Mjini,Baraza la Manispaa Mjini,392,Kwaalinatu,,,,
53,Mjini Magharibi,01,Mjini,Baraza la Manispaa Mjini,072,Muembeladu,,,,
53,Mjini Magharibi,01,Mjini,Baraza la Manispaa Mjini,222,Miembeni,,,,
53,Mjini Magharibi,01,Mjini,Baraza la Manispaa Mjini,282,Muembe Shauri,,,,
53,Mjini Magharibi,01,Mjini,Baraza la Manispaa Mjini,292,Rahaleo,,,,
53,Mjini Magharibi,01,Mjini,Baraza la Manispaa Mjini,542,MwembeMadema,,,,
53,Mjini Magharibi,01,Mjini,Baraza la Manispaa Mjini,232,Kikwajuni Juu,,,,
53,Mjini Magharibi,01,Mjini,Baraza la Manispaa Mjini,242,Kikwajuni Bondeni,,,,
53,Mjini Magharibi,01,Mjini,Baraza la Manispaa Mjini,252,Kisima Majongoo,,,,
53,Mjini Magharibi,01,Mjini,Baraza la Manispaa Mjini,452,Kisiwandui,,,,
53,Mjini Magharibi,01,Mjini,Baraza la Manispaa Mjini,462,Mnazimmoja,,,,
53,Mjini Magharibi,01,Mjini,Baraza la Manispaa Mjini,172,Sebleni,,,,
53,Mjini Magharibi,01,Mjini,Baraza la Manispaa Mjini,332,Muungano,,,,
53,Mjini Magharibi,01,Mjini,Baraza la Manispaa Mjini,302,Kwaalimsha,,,,
53,Mjini Magharibi,01,Mjini,Baraza la Manispaa Mjini,312,Mikunguni,,,,
53,Mjini Magharibi,01,Mjini,Baraza la Manispaa Mjini,382,Kwahani,,,,
53,Mjini Magharibi,02,Magharibi A,Baraza la Manispaa Magharibi A,032,Bububu,,,,
53,Mjini Magharibi,02,Magharibi A,Baraza la Manispaa Magharibi A,113,Mbuzini,,,,
53,Mjini Magharibi,02,Magharibi A,Baraza la Manispaa Magharibi A,222,Kijichi,,,,
53,Mjini Magharibi,02,Magharibi A,Baraza la Manispaa Magharibi A,091,Dole,,,,
53,Mjini Magharibi,02,Magharibi A,Baraza la Manispaa Magharibi A,101,Kizimbani,,,,
53,Mjini Magharibi,02,Magharibi A,Baraza la Manispaa Magharibi A,253,Chemuchem,,,,
53,Mjini Magharibi,02,Magharibi A,Baraza la Manispaa Magharibi A,043,Chuini,,,,
53,Mjini Magharibi,02,Magharibi A,Baraza la Manispaa Magharibi A,051,Kama,,,,
53,Mjini Magharibi,02,Magharibi A,Baraza la Manispaa Magharibi A,203,Kihinani,,,,
53,Mjini Magharibi,02,Magharibi A,Baraza la Manispaa Magharibi A,292,Kikaangoni,,,,
53,Mjini Magharibi,02,Magharibi A,Baraza la Manispaa Magharibi A,063,Mfenesini,,,,
53,Mjini Magharibi,02,Magharibi A,Baraza la Manispaa Magharibi A,071,Mwakaje,,,,
53,Mjini Magharibi,02,Magharibi A,Baraza la Manispaa Magharibi A,121,Bumbwisudi,,,,
53,Mjini Magharibi,02,Magharibi A,Baraza la Manispaa Magharibi A,013,Mwera,,,,
53,Mjini Magharibi,02,Magharibi A,Baraza la Manispaa Magharibi A,233,Muwembemchomeke,,,,
53,Mjini Magharibi,02,Magharibi A,Baraza la Manispaa Magharibi A,083,Kianga,,,,
53,Mjini Magharibi,02,Magharibi A,Baraza la Manispaa Magharibi A,233,Masingini,,,,
53,Mjini Magharibi,02,Magharibi A,Baraza la Manispaa Magharibi A,142,Mtoni Kidatu,,,,
53,Mjini Magharibi,02,Magharibi A,Baraza la Manispaa Magharibi A,303,Mtoni Chem Chem,,,,
53,Mjini Magharibi,02,Magharibi A,Baraza la Manispaa Magharibi A,162,Welezo,,,,
53,Mjini Magharibi,02,Magharibi A,Baraza la Manispaa Magharibi A,272,Uholanzi,,,,
53,Mjini Magharibi,02,Magharibi A,Baraza la Manispaa Magharibi A,172,Mtofaani,,,,
53,Mjini Magharibi,02,Magharibi A,Baraza la Manispaa Magharibi A,283,Michikichini,,,,
53,Mjini Magharibi,02,Magharibi A,Baraza la Manispaa Magharibi A,312,Hawaii,,,,
53,Mjini Magharibi,02,Magharibi A,Baraza la Manispaa Magharibi A,132,Mto pepo,,,,
53,Mjini Magharibi,02,Magharibi A,Baraza la Manispaa Magharibi A,232,Munduli,,,,
53,Mjini Magharibi,02,Magharibi A,Baraza la Manispaa Magharibi A,022,Mtoni,,,,
53,Mjini Magharibi,02,Magharibi A,Baraza la Manispaa Magharibi A,182,Sharifumsa,,,,
53,Mjini Magharibi,02,Magharibi A,Baraza la Manispaa Magharibi A,152,Mwanyanya,,,,
53,Mjini Magharibi,02,Magharibi A,Baraza la Manispaa Magharibi A,192,Kibweni,,,,
53,Mjini Magharibi,02,Magharibi A,Baraza la Manispaa Magharibi A,262,Kwagoa,,,,
53,Mjini Magharibi,03,Magharibi B,Baraza la Manispaa Magharibi B,112,Mwanakwerekwe,,,,
53,Mjini Magharibi,03,Magharibi B,Baraza la Manispaa Magharibi B,252,Mikarafuuni,,,,
53,Mjini Magharibi,03,Magharibi B,Baraza la Manispaa Magharibi B,122,Magogoni,,,,
53,Mjini Magharibi,03,Magharibi B,Baraza la Manispaa Magharibi B,242,Jitimai,,,,
53,Mjini Magharibi,03,Magharibi B,Baraza la Manispaa Magharibi B,312,Sokoni,,,,
53,Mjini Magharibi,03,Magharibi B,Baraza la Manispaa Magharibi B,162,Melinne,,,,
53,Mjini Magharibi,03,Magharibi B,Baraza la Manispaa Magharibi B,172,Taveta,,,,
53,Mjini Magharibi,03,Magharibi B,Baraza la Manispaa Magharibi B,132,Kijitoupele,,,,
53,Mjini Magharibi,03,Magharibi B,Baraza la Manispaa Magharibi B,292,Uzi,,,,
53,Mjini Magharibi,03,Magharibi B,Baraza la Manispaa Magharibi B,182,Kinuni,,,,
53,Mjini Magharibi,03,Magharibi B,Baraza la Manispaa Magharibi B,332,Mnarani,,,,
53,Mjini Magharibi,03,Magharibi B,Baraza la Manispaa Magharibi B,192,Pangawe,,,,
53,Mjini Magharibi,03,Magharibi B,Baraza la Manispaa Magharibi B,322,Muembe Majogoo,,,,
53,Mjini Magharibi,03,Magharibi B,Baraza la Manispaa Magharibi B,013,Kibondeni,,,,
53,Mjini Magharibi,03,Magharibi B,Baraza la Manispaa Magharibi B,223,Uwandani,,,,
53,Mjini Magharibi,03,Magharibi B,Baraza la Manispaa Magharibi B,213,Chunga,,,,
53,Mjini Magharibi,03,Magharibi B,Baraza la Manispaa Magharibi B,342,Mambosasa,,,,
53,Mjini Magharibi,03,Magharibi B,Baraza la Manispaa Magharibi B,263,Fuoni Kipungani,,,,
53,Mjini Magharibi,03,Magharibi B,Baraza la Manispaa Magharibi B,272,Fuoni Migombani,,,,
53,Mjini Magharibi,03,Magharibi B,Baraza la Manispaa Magharibi B,023,Maungani,,,,
53,Mjini Magharibi,03,Magharibi B,Baraza la Manispaa Magharibi B,052,Kisauni,,,,
53,Mjini Magharibi,03,Magharibi B,Baraza la Manispaa Magharibi B,142,Tomondo,,,,
53,Mjini Magharibi,03,Magharibi B,Baraza la Manispaa Magharibi B,073,Fumba,,,,
53,Mjini Magharibi,03,Magharibi B,Baraza la Manispaa Magharibi B,081,Bweleo,,,,
53,Mjini Magharibi,03,Magharibi B,Baraza la Manispaa Magharibi B,091,Dimani,,,,
53,Mjini Magharibi,03,Magharibi B,Baraza la Manispaa Magharibi B,103,Kombeni,,,,
53,Mjini Magharibi,03,Magharibi B,Baraza la Manispaa Magharibi B,201,Nyamanzi,,,,
53,Mjini Magharibi,03,Magharibi B,Baraza la Manispaa Magharibi B,033,Shakani,,,,
53,Mjini Magharibi,03,Magharibi B,Baraza la Manispaa Magharibi B,062,Chukwani,,,,
53,Mjini Magharibi,03,Magharibi B,Baraza la Manispaa Magharibi B,042,Kiembe Samaki,,,,
53,Mjini Magharibi,03,Magharibi B,Baraza la Manispaa Magharibi B,232,Mbweni,,,,
53,Mjini Magharibi,03,Magharibi B,Baraza la Manispaa Magharibi B,152,Mombasa,,,,
53,Mjini Magharibi,03,Magharibi B,Baraza la Manispaa Magharibi B,282,Kwamchina,,,,
53,Mjini Magharibi,03,Magharibi B,Baraza la Manispaa Magharibi B,302,Michungwani,,,,
54,Kaskazini Pemba,01,Wete,Baraza la Mji Wete,031,Fundo,,,,
54,Kaskazini Pemba,01,Wete,Baraza la Mji Wete,121,Gando,,,,
54,Kaskazini Pemba,01,Wete,Baraza la Mji Wete,131,Ukunjwi,,,,
54,Kaskazini Pemba,01,Wete,Baraza la Mji Wete,271,Junguni,,,,
54,Kaskazini Pemba,01,Wete,Baraza la Mji Wete,071,Finya,,,,
54,Kaskazini Pemba,01,Wete,Baraza la Mji Wete,261,Mgogoni,,,,
54,Kaskazini Pemba,01,Wete,Baraza la Mji Wete,302,Kizimbani,,,,
54,Kaskazini Pemba,01,Wete,Baraza la Mji Wete,331,Kinyasini,,,,
54,Kaskazini Pemba,01,Wete,Baraza la Mji Wete,012,Kipangani,,,,
54,Kaskazini Pemba,01,Wete,Baraza la Mji Wete,192,Selem,,,,
54,Kaskazini Pemba,01,Wete,Baraza la Mji Wete,322,Jadida,,,,
54,Kaskazini Pemba,01,Wete,Baraza la Mji Wete,362,Mtemani,,,,
54,Kaskazini Pemba,01,Wete,Baraza la Mji Wete,162,Bopwe,,,,
54,Kaskazini Pemba,01,Wete,Baraza la Mji Wete,172,Utaani,,,,
54,Kaskazini Pemba,01,Wete,Baraza la Mji Wete,143,Pandani,,,,
54,Kaskazini Pemba,01,Wete,Baraza la Mji Wete,221,Maziwani,,,,
54,Kaskazini Pemba,01,Wete,Baraza la Mji Wete,251,Mzambarau Takao,,,,
54,Kaskazini Pemba,01,Wete,Baraza la Mji Wete,151,Shengejuu,,,,
54,Kaskazini Pemba,01,Wete,Baraza la Mji Wete,281,Kiungoni,,,,
54,Kaskazini Pemba,01,Wete,Baraza la Mji Wete,291,Pembeni,,,,
54,Kaskazini Pemba,01,Wete,Baraza la Mji Wete,341,Mjananza,,,,
54,Kaskazini Pemba,01,Wete,Baraza la Mji Wete,351,Mlindo,,,,
54,Kaskazini Pemba,01,Wete,Baraza la Mji Wete,041,Mchanga Mdogo,,,,
54,Kaskazini Pemba,01,Wete,Baraza la Mji Wete,061,Kojani,,,,
54,Kaskazini Pemba,01,Wete,Baraza la Mji Wete,201,Kinyikani,,,,
54,Kaskazini Pemba,01,Wete,Baraza la Mji Wete,211,Chwale,,,,
54,Kaskazini Pemba,01,Wete,Baraza la Mji Wete,231,Mpambani,,,,
54,Kaskazini Pemba,01,Wete,Baraza la Mji Wete,051,Kambini,,,,
54,Kaskazini Pemba,01,Wete,Baraza la Mji Wete,081,Kangagani,,,,
54,Kaskazini Pemba,01,Wete,Baraza la Mji Wete,091,Kiuyu Minungwini,,,,
54,Kaskazini Pemba,01,Wete,Baraza la Mji Wete,241,Kiuyu Kigongoni,,,,
54,Kaskazini Pemba,01,Wete,Baraza la Mji Wete,021,Mtambwe Kaskazini,,,,
54,Kaskazini Pemba,01,Wete,Baraza la Mji Wete,111,Kisiwani,,,,
54,Kaskazini Pemba,01,Wete,Baraza la Mji Wete,181,Mtambwe Kusini,,,,
54,Kaskazini Pemba,01,Wete,Baraza la Mji Wete,101,Piki,,,,
54,Kaskazini Pemba,01,Wete,Baraza la Mji Wete,312,Limbani,,,,
54,Kaskazini Pemba,02,Micheweni,Halmashauri ya Wilaya Micheweni,012,Majenzi,,,,
54,Kaskazini Pemba,02,Micheweni,Halmashauri ya Wilaya Micheweni,023,Micheweni,,,,
54,Kaskazini Pemba,02,Micheweni,Halmashauri ya Wilaya Micheweni,031,Shumba Mjini,,,,
54,Kaskazini Pemba,02,Micheweni,Halmashauri ya Wilaya Micheweni,043,Chamboni,,,,
54,Kaskazini Pemba,02,Micheweni,Halmashauri ya Wilaya Micheweni,051,Shanake,,,,
54,Kaskazini Pemba,02,Micheweni,Halmashauri ya Wilaya Micheweni,061,Kiuyu Mbuyuni,,,,
54,Kaskazini Pemba,02,Micheweni,Halmashauri ya Wilaya Micheweni,071,Maziwa Ng'ombe,,,,
54,Kaskazini Pemba,02,Micheweni,Halmashauri ya Wilaya Micheweni,081,Sizini,,,,
54,Kaskazini Pemba,02,Micheweni,Halmashauri ya Wilaya Micheweni,091,Mjini Wingwi,,,,
54,Kaskazini Pemba,02,Micheweni,Halmashauri ya Wilaya Micheweni,103,Wingwi Mapofu,,,,
54,Kaskazini Pemba,02,Micheweni,Halmashauri ya Wilaya Micheweni,111,Wingwi Njuguni,,,,
54,Kaskazini Pemba,02,Micheweni,Halmashauri ya Wilaya Micheweni,121,Mtemani,,,,
54,Kaskazini Pemba,02,Micheweni,Halmashauri ya Wilaya Micheweni,171,Tondooni,,,,
54,Kaskazini Pemba,02,Micheweni,Halmashauri ya Wilaya Micheweni,181,Makangale,,,,
54,Kaskazini Pemba,02,Micheweni,Halmashauri ya Wilaya Micheweni,193,Msuka Magharibi,,,,
54,Kaskazini Pemba,02,Micheweni,Halmashauri ya Wilaya Micheweni,203,Msuka Mashariki,,,,
54,Kaskazini Pemba,02,Micheweni,Halmashauri ya Wilaya Micheweni,161,Kifundi,,,,
54,Kaskazini Pemba,02,Micheweni,Halmashauri ya Wilaya Micheweni,212,Konde,,,,
54,Kaskazini Pemba,02,Micheweni,Halmashauri ya Wilaya Micheweni,221,Kipange,,,,
54,Kaskazini Pemba,02,Micheweni,Halmashauri ya Wilaya Micheweni,131,Mihogoni,,,,
54,Kaskazini Pemba,02,Micheweni,Halmashauri ya Wilaya Micheweni,231,Tumbe Magharibi,,,,
54,Kaskazini Pemba,02,Micheweni,Halmashauri ya Wilaya Micheweni,241,Tumbe Mashariki,,,,
54,Kaskazini Pemba,02,Micheweni,Halmashauri ya Wilaya Micheweni,141,Shumba Viamboni,,,,
54,Kaskazini Pemba,02,Micheweni,Halmashauri ya Wilaya Micheweni,151,Chimba,,,,
54,Kaskazini Pemba,02,Micheweni,Halmashauri ya Wilaya Micheweni,253,Kinowe,,,,
55,Kusini Pemba,01,Chake Chake,Baraza la Mji Chake Chake,012,Chanjaani,,,,
55,Kusini Pemba,01,Chake Chake,Baraza la Mji Chake Chake,091,Shungi,,,,
55,Kusini Pemba,01,Chake Chake,Baraza la Mji Chake Chake,202,Madungu,,,,
55,Kusini Pemba,01,Chake Chake,Baraza la Mji Chake Chake,132,Tibirinzi,,,,
55,Kusini Pemba,01,Chake Chake,Baraza la Mji Chake Chake,142,Chachani,,,,
55,Kusini Pemba,01,Chake Chake,Baraza la Mji Chake Chake,252,Kichungwani,,,,
55,Kusini Pemba,01,Chake Chake,Baraza la Mji Chake Chake,262,Msingini,,,,
55,Kusini Pemba,01,Chake Chake,Baraza la Mji Chake Chake,022,Wawi,,,,
55,Kusini Pemba,01,Chake Chake,Baraza la Mji Chake Chake,152,Wara,,,,
55,Kusini Pemba,01,Chake Chake,Baraza la Mji Chake Chake,272,Mkoroshoni,,,,
55,Kusini Pemba,01,Chake Chake,Baraza la Mji Chake Chake,161,Mvumoni,,,,
55,Kusini Pemba,01,Chake Chake,Baraza la Mji Chake Chake,211,Mgogoni,,,,
55,Kusini Pemba,01,Chake Chake,Baraza la Mji Chake Chake,241,Kibokoni,,,,
55,Kusini Pemba,01,Chake Chake,Baraza la Mji Chake Chake,312,Gombani,,,,
55,Kusini Pemba,01,Chake Chake,Baraza la Mji Chake Chake,291,Ole,,,,
55,Kusini Pemba,01,Chake Chake,Baraza la Mji Chake Chake,301,Mchanga Mrima,,,,
55,Kusini Pemba,01,Chake Chake,Baraza la Mji Chake Chake,321,Mjini Ole,,,,
55,Kusini Pemba,01,Chake Chake,Baraza la Mji Chake Chake,073,Vitongoji,,,,
55,Kusini Pemba,01,Chake Chake,Baraza la Mji Chake Chake,081,Ng'ambwa,,,,
55,Kusini Pemba,01,Chake Chake,Baraza la Mji Chake Chake,191,Uwandani,,,,
55,Kusini Pemba,01,Chake Chake,Baraza la Mji Chake Chake,033,Pujini,,,,
55,Kusini Pemba,01,Chake Chake,Baraza la Mji Chake Chake,171,Matale,,,,
55,Kusini Pemba,01,Chake Chake,Baraza la Mji Chake Chake,281,Mfikiwa,,,,
55,Kusini Pemba,01,Chake Chake,Baraza la Mji Chake Chake,101,Chonga,,,,
55,Kusini Pemba,01,Chake Chake,Baraza la Mji Chake Chake,111,Mgelema,,,,
55,Kusini Pemba,01,Chake Chake,Baraza la Mji Chake Chake,121,Kilindi,,,,
55,Kusini Pemba,01,Chake Chake,Baraza la Mji Chake Chake,041,Ziwani,,,,
55,Kusini Pemba,01,Chake Chake,Baraza la Mji Chake Chake,061,Kwale,,,,
55,Kusini Pemba,01,Chake Chake,Baraza la Mji Chake Chake,221,Mbuzini,,,,
55,Kusini Pemba,01,Chake Chake,Baraza la Mji Chake Chake,051,Ndagoni,,,,
55,Kusini Pemba,01,Chake Chake,Baraza la Mji Chake Chake,181,Wesha,,,,
55,Kusini Pemba,01,Chake Chake,Baraza la Mji Chake Chake,231,Michungwani,,,,
55,Kusini Pemba,02,Mkoani,Baraza la Mji Mkoani,151,Ngwachani,,,,
55,Kusini Pemba,02,Mkoani,Baraza la Mji Mkoani,171,Wambaa,,,,
55,Kusini Pemba,02,Mkoani,Baraza la Mji Mkoani,221,Chumbageni,,,,
55,Kusini Pemba,02,Mkoani,Baraza la Mji Mkoani,311,Mgagadu,,,,
55,Kusini Pemba,02,Mkoani,Baraza la Mji Mkoani,161,Chambani,,,,
55,Kusini Pemba,02,Mkoani,Baraza la Mji Mkoani,211,Ukutini,,,,
55,Kusini Pemba,02,Mkoani,Baraza la Mji Mkoani,361,Dodo,,,,
55,Kusini Pemba,02,Mkoani,Baraza la Mji Mkoani,113,Mwambe,,,,
55,Kusini Pemba,02,Mkoani,Baraza la Mji Mkoani,271,Shamiani,,,,
55,Kusini Pemba,02,Mkoani,Baraza la Mji Mkoani,281,Jombwe,,,,
55,Kusini Pemba,02,Mkoani,Baraza la Mji Mkoani,351,Mchakwe,,,,
55,Kusini Pemba,02,Mkoani,Baraza la Mji Mkoani,121,Kiwani,,,,
55,Kusini Pemba,02,Mkoani,Baraza la Mji Mkoani,201,Mtangani,,,,
55,Kusini Pemba,02,Mkoani,Baraza la Mji Mkoani,291,Kendwa,,,,
55,Kusini Pemba,02,Mkoani,Baraza la Mji Mkoani,081,Kisiwa Panza,,,,
55,Kusini Pemba,02,Mkoani,Baraza la Mji Mkoani,091,Kangani,,,,
55,Kusini Pemba,02,Mkoani,Baraza la Mji Mkoani,103,Kengeja,,,,
55,Kusini Pemba,02,Mkoani,Baraza la Mji Mkoani,251,Kuukuu,,,,
55,Kusini Pemba,02,Mkoani,Baraza la Mji Mkoani,321,Mkungu,,,,
55,Kusini Pemba,02,Mkoani,Baraza la Mji Mkoani,341,Chole,,,,
55,Kusini Pemba,02,Mkoani,Baraza la Mji Mkoani,133,Mtambile,,,,
55,Kusini Pemba,02,Mkoani,Baraza la Mji Mkoani,141,Mizingani,,,,
55,Kusini Pemba,02,Mkoani,Baraza la Mji Mkoani,261,Mjimbini,,,,
55,Kusini Pemba,02,Mkoani,Baraza la Mji Mkoani,301,Minazini,,,,
55,Kusini Pemba,02,Mkoani,Baraza la Mji Mkoani,012,Ng'ombeni,,,,
55,Kusini Pemba,02,Mkoani,Baraza la Mji Mkoani,021,Makombeni,,,,
55,Kusini Pemba,02,Mkoani,Baraza la Mji Mkoani,183,Mbuguani,,,,
55,Kusini Pemba,02,Mkoani,Baraza la Mji Mkoani,192,Uweleni,,,,
55,Kusini Pemba,02,Mkoani,Baraza la Mji Mkoani,332,Changaweni,,,,
55,Kusini Pemba,02,Mkoani,Baraza la Mji Mkoani,031,Makoongwe,,,,
55,Kusini Pemba,02,Mkoani,Baraza la Mji Mkoani,041,Shidi,,,,
55,Kusini Pemba,02,Mkoani,Baraza la Mji Mkoani,061,Michenzani,,,,
55,Kusini Pemba,02,Mkoani,Baraza la Mji Mkoani,232,Mbuyuni,,,,
55,Kusini Pemba,02,Mkoani,Baraza la Mji Mkoani,241,Stahabu,,,,
55,Kusini Pemba,02,Mkoani,Baraza la Mji Mkoani,053,Mkanyageni,,,,
55,Kusini Pemba,02,Mkoani,Baraza la Mji Mkoani,071,Chokocho,,,,
03,Kilimanjaro,01,Rombo,Halmashauri ya Wilaya ya Rombo,023,Tarakea Motamburu,27019.0,7105.0,Rombo District Council,73.0
25,Geita,01,Geita,Halmashauri ya Wilaya ya Geita,053,Nkome,43768.0,9373.0,Geita District Council,255.0
02,Arusha,05,Ngorongoro,Halmashauri ya Wilaya ya Ngorongoro,191,Maalon,10842.0,2276.0,Ngorongoro District Council,69.0
02,Arusha,02,Arumeru,Halmashauri ya Wilaya ya Arusha,213,Olmotonyi,13345.0,3758.0,Arusha District Council,66.0
19,Mwanza,01,Ukerewe,Halmashauri ya Wilaya ya Ukerewe,203,Bwisya,14572.0,2635.0,Ukerewe District Council,210.0
19,Mwanza,01,Ukerewe,Halmashauri ya Wilaya ya Ukerewe,211,Bukungu,8959.0,1716.0,Ukerewe District Council,210.0
19,Mwanza,01,Ukerewe,Halmashauri ya Wilaya ya Ukerewe,221,Nyamanga,8055.0,1440.0,Ukerewe District Council,210.0
19,Mwanza,01,Ukerewe,Halmashauri ya Wilaya ya Ukerewe,231,Bukiko,7918.0,1360.0,Ukerewe District Council,210.0
19,Mwanza,01,Ukerewe,Halmashauri ya Wilaya ya Ukerewe,081,Mukituntu,17789.0,3297.0,Ukerewe District Council,210.0
19,Mwanza,01,Ukerewe,Halmashauri ya Wilaya ya Ukerewe,151,Murutunguru,18534.0,3477.0,Ukerewe District Council,210.0
19,Mwanza,01,Ukerewe,Halmashauri ya Wilaya ya Ukerewe,161,Kagunguli,27995.0,5257.0,Ukerewe District Council,210.0
19,Mwanza,01,Ukerewe,Halmashauri ya Wilaya ya Ukerewe,171,Bukindo,17006.0,3049.0,Ukerewe District Council,210.0
19,Mwanza,01,Ukerewe,Halmashauri ya Wilaya ya Ukerewe,241,Irugwa,13314.0,3126.0,Ukerewe District Council,210.0
19,Mwanza,01,Ukerewe,Halmashauri ya Wilaya ya Ukerewe,012,Nansio,8241.0,2089.0,Ukerewe District Council,210.0
19,Mwanza,01,Ukerewe,Halmashauri ya Wilaya ya Ukerewe,022,Kagera,11207.0,2625.0,Ukerewe District Council,210.0
19,Mwanza,01,Ukerewe,Halmashauri ya Wilaya ya Ukerewe,032,Nakatunguru,10872.0,2645.0,Ukerewe District Council,210.0
19,Mwanza,01,Ukerewe,Halmashauri ya Wilaya ya Ukerewe,041,Kakerege,7107.0,1446.0,Ukerewe District Council,210.0
19,Mwanza,01,Ukerewe,Halmashauri ya Wilaya ya Ukerewe,053,Bukongo,9168.0,1899.0,Ukerewe District Council,210.0
19,Mwanza,01,Ukerewe,Halmashauri ya Wilaya ya Ukerewe,063,Nkilizya,10151.0,2028.0,Ukerewe District Council,210.0
19,Mwanza,01,Ukerewe,Halmashauri ya Wilaya ya Ukerewe,071,Bukanda,15235.0,2897.0,Ukerewe District Council,210.0
19,Mwanza,01,Ukerewe,Halmashauri ya Wilaya ya Ukerewe,181,Namagondo,13623.0,2530.0,Ukerewe District Council,210.0
19,Mwanza,01,Ukerewe,Halmashauri ya Wilaya ya Ukerewe,191,Ngoma,19309.0,3648.0,Ukerewe District Council,210.0
19,Mwanza,01,Ukerewe,Halmashauri ya Wilaya ya Ukerewe,091,Igalla,17492.0,3097.0,Ukerewe District Council,210.0
19,Mwanza,01,Ukerewe,Halmashauri ya Wilaya ya Ukerewe,101,Bwiro,23377.0,4688.0,Ukerewe District Council,210.0
19,Mwanza,01,Ukerewe,Halmashauri ya Wilaya ya Ukerewe,111,Muriti,24842.0,4708.0,Ukerewe District Council,210.0
19,Mwanza,01,Ukerewe,Halmashauri ya Wilaya ya Ukerewe,121,Ilangala,30329.0,6938.0,Ukerewe District Council,210.0
19,Mwanza,01,Ukerewe,Halmashauri ya Wilaya ya Ukerewe,131,Namilembe,16258.0,2970.0,Ukerewe District Council,210.0
19,Mwanza,01,Ukerewe,Halmashauri ya Wilaya ya Ukerewe,141,Nduruma,16697.0,2857.0,Ukerewe District Council,210.0
19,Mwanza,01,Ukerewe,Halmashauri ya Wilaya ya Ukerewe,251,Kakukuru,19765.0,3863.0,Ukerewe District Council,210.0
19,Mwanza,02,Magu,Halmashauri ya Wilaya ya Magu,013,Kisesa,33548.0,7825.0,Magu District Council,211.0
19,Mwanza,02,Magu,Halmashauri ya Wilaya ya Magu,021,Bujashi,20449.0,3827.0,Magu District Council,211.0
19,Mwanza,02,Magu,Halmashauri ya Wilaya ya Magu,031,Lutale,16511.0,3058.0,Magu District Council,211.0
19,Mwanza,02,Magu,Halmashauri ya Wilaya ya Magu,041,Kongolo,6597.0,1215.0,Magu District Council,211.0
19,Mwanza,02,Magu,Halmashauri ya Wilaya ya Magu,181,Bukandwe,22180.0,4416.0,Magu District Council,211.0
19,Mwanza,02,Magu,Halmashauri ya Wilaya ya Magu,193,Bujora,31787.0,7629.0,Magu District Council,211.0
19,Mwanza,02,Magu,Halmashauri ya Wilaya ya Magu,201,Chabula,9910.0,1973.0,Magu District Council,211.0
19,Mwanza,02,Magu,Halmashauri ya Wilaya ya Magu,053,Nyanguge,22865.0,4739.0,Magu District Council,211.0
19,Mwanza,02,Magu,Halmashauri ya Wilaya ya Magu,061,Kitongo Sima,17377.0,3381.0,Magu District Council,211.0
19,Mwanza,02,Magu,Halmashauri ya Wilaya ya Magu,071,Mwamanga,15450.0,2199.0,Magu District Council,211.0
19,Mwanza,02,Magu,Halmashauri ya Wilaya ya Magu,081,Kahangara,23145.0,4299.0,Magu District Council,211.0
19,Mwanza,02,Magu,Halmashauri ya Wilaya ya Magu,091,Nyigogo,18860.0,3643.0,Magu District Council,211.0
19,Mwanza,02,Magu,Halmashauri ya Wilaya ya Magu,101,Mwamabanza,7678.0,1294.0,Magu District Council,211.0
19,Mwanza,02,Magu,Halmashauri ya Wilaya ya Magu,111,Sukuma,8474.0,1417.0,Magu District Council,211.0
19,Mwanza,02,Magu,Halmashauri ya Wilaya ya Magu,121,Lubugu,18726.0,3279.0,Magu District Council,211.0
19,Mwanza,02,Magu,Halmashauri ya Wilaya ya Magu,173,Magu Mjini,9941.0,2483.0,Magu District Council,211.0
19,Mwanza,02,Magu,Halmashauri ya Wilaya ya Magu,213,Kandawe,21605.0,4267.0,Magu District Council,211.0
19,Mwanza,02,Magu,Halmashauri ya Wilaya ya Magu,223,Isandula,11383.0,2788.0,Magu District Council,211.0
19,Mwanza,02,Magu,Halmashauri ya Wilaya ya Magu,233,Itumbili,6272.0,1599.0,Magu District Council,211.0
19,Mwanza,02,Magu,Halmashauri ya Wilaya ya Magu,241,Buhumbi,12815.0,2105.0,Magu District Council,211.0
19,Mwanza,02,Magu,Halmashauri ya Wilaya ya Magu,131,Ng'haya,25492.0,3884.0,Magu District Council,211.0
19,Mwanza,02,Magu,Halmashauri ya Wilaya ya Magu,141,Nkungulu,10982.0,1698.0,Magu District Council,211.0
19,Mwanza,02,Magu,Halmashauri ya Wilaya ya Magu,151,Jinjimili,11576.0,1718.0,Magu District Council,211.0
19,Mwanza,02,Magu,Halmashauri ya Wilaya ya Magu,163,Shishani,20178.0,3042.0,Magu District Council,211.0
19,Mwanza,02,Magu,Halmashauri ya Wilaya ya Magu,251,Kabila,17318.0,2903.0,Magu District Council,211.0
19,Mwanza,03,Nyamagana,Halmashauri ya Jiji la Mwanza,012,Mkuyuni,,,,
19,Mwanza,03,Nyamagana,Halmashauri ya Jiji la Mwanza,022,Igogo,,,,
19,Mwanza,03,Nyamagana,Halmashauri ya Jiji la Mwanza,032,Pamba,,,,
19,Mwanza,03,Nyamagana,Halmashauri ya Jiji la Mwanza,042,Nyamagana,,,,
19,Mwanza,03,Nyamagana,Halmashauri ya Jiji la Mwanza,052,Mirongo,,,,
19,Mwanza,03,Nyamagana,Halmashauri ya Jiji la Mwanza,062,Isamilo,,,,
19,Mwanza,03,Nyamagana,Halmashauri ya Jiji la Mwanza,072,Mbugani,,,,
19,Mwanza,03,Nyamagana,Halmashauri ya Jiji la Mwanza,082,Mahina,,,,
19,Mwanza,03,Nyamagana,Halmashauri ya Jiji la Mwanza,092,Igoma,,,,
19,Mwanza,03,Nyamagana,Halmashauri ya Jiji la Mwanza,102,Buhongwa,,,,
19,Mwanza,03,Nyamagana,Halmashauri ya Jiji la Mwanza,112,Mkolani,,,,
19,Mwanza,03,Nyamagana,Halmashauri ya Jiji la Mwanza,122,Butimba,,,,
19,Mwanza,03,Nyamagana,Halmashauri ya Jiji la Mwanza,132,Nyegezi,,,,
19,Mwanza,03,Nyamagana,Halmashauri ya Jiji la Mwanza,142,Mabatini,,,,
19,Mwanza,03,Nyamagana,Halmashauri ya Jiji la Mwanza,152,Mhandu,,,,
19,Mwanza,03,Nyamagana,Halmashauri ya Jiji la Mwanza,162,Kishili,,,,
19,Mwanza,03,Nyamagana,Halmashauri ya Jiji la Mwanza,172,Lwanhima,,,,
19,Mwanza,03,Nyamagana,Halmashauri ya Jiji la Mwanza,182,Luchelele,,,,
19,Mwanza,04,Kwimba,Halmashauri ya Wilaya ya Kwimba,141,Mwang'halanga,12139.0,1862.0,Kwimba District Council,213.0
19,Mwanza,04,Kwimba,Halmashauri ya Wilaya ya Kwimba,241,Igongwa,13897.0,1948.0,Kwimba District Council,213.0
19,Mwanza,04,Kwimba,Halmashauri ya Wilaya ya Kwimba,252,Ngudu,32446.0,6367.0,Kwimba District Council,213.0
19,Mwanza,04,Kwimba,Halmashauri ya Wilaya ya Kwimba,151,Nyamilama,9587.0,1544.0,Kwimba District Council,213.0
19,Mwanza,04,Kwimba,Halmashauri ya Wilaya ya Kwimba,161,Mwakilyambiti,18823.0,2737.0,Kwimba District Council,213.0
19,Mwanza,04,Kwimba,Halmashauri ya Wilaya ya Kwimba,171,Hungumalwa,23798.0,4438.0,Kwimba District Council,213.0
19,Mwanza,04,Kwimba,Halmashauri ya Wilaya ya Kwimba,231,Ng'hundi,11046.0,1651.0,Kwimba District Council,213.0
19,Mwanza,04,Kwimba,Halmashauri ya Wilaya ya Kwimba,281,Mwankulwe,11568.0,1750.0,Kwimba District Council,213.0
19,Mwanza,04,Kwimba,Halmashauri ya Wilaya ya Kwimba,291,Ilula,14027.0,2089.0,Kwimba District Council,213.0
19,Mwanza,04,Kwimba,Halmashauri ya Wilaya ya Kwimba,181,Mwamala,12820.0,1879.0,Kwimba District Council,213.0
19,Mwanza,04,Kwimba,Halmashauri ya Wilaya ya Kwimba,191,Kikubiji,27423.0,3708.0,Kwimba District Council,213.0
19,Mwanza,04,Kwimba,Halmashauri ya Wilaya ya Kwimba,201,Mhande,22998.0,3190.0,Kwimba District Council,213.0
19,Mwanza,04,Kwimba,Halmashauri ya Wilaya ya Kwimba,211,Bupamwa,22298.0,3276.0,Kwimba District Council,213.0
19,Mwanza,04,Kwimba,Halmashauri ya Wilaya ya Kwimba,221,Fukalo,20422.0,2767.0,Kwimba District Council,213.0
19,Mwanza,04,Kwimba,Halmashauri ya Wilaya ya Kwimba,301,Shilembo,11347.0,1493.0,Kwimba District Council,213.0
19,Mwanza,04,Kwimba,Halmashauri ya Wilaya ya Kwimba,011,Walla,19763.0,2844.0,Kwimba District Council,213.0
19,Mwanza,04,Kwimba,Halmashauri ya Wilaya ya Kwimba,021,Bungulwa,11699.0,1747.0,Kwimba District Council,213.0
19,Mwanza,04,Kwimba,Halmashauri ya Wilaya ya Kwimba,031,Sumve,19195.0,3185.0,Kwimba District Council,213.0
19,Mwanza,04,Kwimba,Halmashauri ya Wilaya ya Kwimba,041,Mantare,13153.0,2073.0,Kwimba District Council,213.0
19,Mwanza,04,Kwimba,Halmashauri ya Wilaya ya Kwimba,051,Ngulla,13673.0,2325.0,Kwimba District Council,213.0
19,Mwanza,04,Kwimba,Halmashauri ya Wilaya ya Kwimba,061,Mwabomba,11278.0,1748.0,Kwimba District Council,213.0
19,Mwanza,04,Kwimba,Halmashauri ya Wilaya ya Kwimba,071,Mwagi,11394.0,1819.0,Kwimba District Council,213.0
19,Mwanza,04,Kwimba,Halmashauri ya Wilaya ya Kwimba,081,Iseni,11494.0,1771.0,Kwimba District Council,213.0
19,Mwanza,04,Kwimba,Halmashauri ya Wilaya ya Kwimba,091,Nyambiti,16730.0,3054.0,Kwimba District Council,213.0
19,Mwanza,04,Kwimba,Halmashauri ya Wilaya ya Kwimba,101,Maligisu,24014.0,3739.0,Kwimba District Council,213.0
19,Mwanza,04,Kwimba,Halmashauri ya Wilaya ya Kwimba,111,Mwandu,12109.0,1779.0,Kwimba District Council,213.0
19,Mwanza,04,Kwimba,Halmashauri ya Wilaya ya Kwimba,123,Malya,17815.0,3240.0,Kwimba District Council,213.0
19,Mwanza,04,Kwimba,Halmashauri ya Wilaya ya Kwimba,131,Lyoma,15970.0,2463.0,Kwimba District Council,213.0
19,Mwanza,04,Kwimba,Halmashauri ya Wilaya ya Kwimba,261,Bugando,7714.0,1190.0,Kwimba District Council,213.0
19,Mwanza,04,Kwimba,Halmashauri ya Wilaya ya Kwimba,271,Nkalalo,9385.0,1718.0,Kwimba District Council,213.0
19,Mwanza,05,Sengerema,Halmashauri ya Wilaya ya Sengerema,012,Ibisabageni,17167.0,3862.0,Sengerema District Council,214.0
19,Mwanza,05,Sengerema,Halmashauri ya Wilaya ya Sengerema,071,Tabaruka,13796.0,2184.0,Sengerema District Council,214.0
19,Mwanza,05,Sengerema,Halmashauri ya Wilaya ya Sengerema,083,Busisi,10905.0,2283.0,Sengerema District Council,214.0
19,Mwanza,05,Sengerema,Halmashauri ya Wilaya ya Sengerema,121,Sima,20582.0,3123.0,Sengerema District Council,214.0
19,Mwanza,05,Sengerema,Halmashauri ya Wilaya ya Sengerema,131,Buzilasoga,16132.0,2423.0,Sengerema District Council,214.0
19,Mwanza,05,Sengerema,Halmashauri ya Wilaya ya Sengerema,141,Igulumuki,9349.0,1359.0,Sengerema District Council,214.0
19,Mwanza,05,Sengerema,Halmashauri ya Wilaya ya Sengerema,181,Kahumulo,11069.0,1800.0,Sengerema District Council,214.0
19,Mwanza,05,Sengerema,Halmashauri ya Wilaya ya Sengerema,201,Nyampande,11882.0,2062.0,Sengerema District Council,214.0
19,Mwanza,05,Sengerema,Halmashauri ya Wilaya ya Sengerema,211,Kishinda,15244.0,2249.0,Sengerema District Council,214.0
19,Mwanza,05,Sengerema,Halmashauri ya Wilaya ya Sengerema,222,Mwabaluhi,17487.0,3156.0,Sengerema District Council,214.0
19,Mwanza,05,Sengerema,Halmashauri ya Wilaya ya Sengerema,232,Nyatukala,,,,
19,Mwanza,05,Sengerema,Halmashauri ya Wilaya ya Sengerema,242,Nyampulukano,15099.0,3480.0,Sengerema District Council,214.0
19,Mwanza,05,Sengerema,Halmashauri ya Wilaya ya Sengerema,252,Mission,22762.0,4692.0,Sengerema District Council,214.0
19,Mwanza,05,Sengerema,Halmashauri ya Wilaya ya Sengerema,262,Ibondo,5883.0,1046.0,Sengerema District Council,214.0
19,Mwanza,05,Sengerema,Halmashauri ya Wilaya ya Sengerema,021,Nyamazugo,11237.0,1945.0,Sengerema District Council,214.0
19,Mwanza,05,Sengerema,Halmashauri ya Wilaya ya Sengerema,031,Chifunfu,35343.0,7916.0,Sengerema District Council,214.0
19,Mwanza,05,Sengerema,Halmashauri ya Wilaya ya Sengerema,043,Katunguru,22263.0,4490.0,Sengerema District Council,214.0
19,Mwanza,05,Sengerema,Halmashauri ya Wilaya ya Sengerema,051,Kasungamile,17290.0,2756.0,Sengerema District Council,214.0
19,Mwanza,05,Sengerema,Halmashauri ya Wilaya ya Sengerema,061,Nyamatongo,16414.0,3600.0,Sengerema District Council,214.0
19,Mwanza,05,Sengerema,Halmashauri ya Wilaya ya Sengerema,151,Nyamizeze,6833.0,1061.0,Sengerema District Council,214.0
19,Mwanza,05,Sengerema,Halmashauri ya Wilaya ya Sengerema,161,Kasenyi,17653.0,3033.0,Sengerema District Council,214.0
19,Mwanza,05,Sengerema,Halmashauri ya Wilaya ya Sengerema,171,Ngoma,13045.0,2407.0,Sengerema District Council,214.0
19,Mwanza,05,Sengerema,Halmashauri ya Wilaya ya Sengerema,091,Buyagu,12306.0,1953.0,Sengerema District Council,214.0
19,Mwanza,05,Sengerema,Halmashauri ya Wilaya ya Sengerema,101,Igalula,26728.0,4120.0,Sengerema District Council,214.0
19,Mwanza,05,Sengerema,Halmashauri ya Wilaya ya Sengerema,111,Kagunga,23462.0,3273.0,Sengerema District Council,214.0
19,Mwanza,05,Sengerema,Halmashauri ya Wilaya ya Sengerema,191,Bitoto,5697.0,835.0,Sengerema District Council,214.0
19,Mwanza,05,Sengerema,Halmashauri ya Wilaya ya Buchosa,011,Bangwe,13795.0,2527.0,Buchosa District Council,215.0
19,Mwanza,05,Sengerema,Halmashauri ya Wilaya ya Buchosa,021,Katwe,15075.0,2868.0,Buchosa District Council,215.0
19,Mwanza,05,Sengerema,Halmashauri ya Wilaya ya Buchosa,031,Maisome,16562.0,4145.0,Buchosa District Council,215.0
19,Mwanza,05,Sengerema,Halmashauri ya Wilaya ya Buchosa,111,Kalebezo,19684.0,3368.0,Buchosa District Council,215.0
19,Mwanza,05,Sengerema,Halmashauri ya Wilaya ya Buchosa,121,Nyehunge,53982.0,10747.0,Buchosa District Council,215.0
19,Mwanza,05,Sengerema,Halmashauri ya Wilaya ya Buchosa,131,Kafunzo,11622.0,1790.0,Buchosa District Council,215.0
19,Mwanza,05,Sengerema,Halmashauri ya Wilaya ya Buchosa,141,Bupandwa,20115.0,3842.0,Buchosa District Council,215.0
19,Mwanza,05,Sengerema,Halmashauri ya Wilaya ya Buchosa,151,Iligamba,15520.0,2780.0,Buchosa District Council,215.0
19,Mwanza,05,Sengerema,Halmashauri ya Wilaya ya Buchosa,041,Bugoro,4834.0,845.0,Buchosa District Council,215.0
19,Mwanza,05,Sengerema,Halmashauri ya Wilaya ya Buchosa,051,Lugata,26803.0,5293.0,Buchosa District Council,215.0
19,Mwanza,05,Sengerema,Halmashauri ya Wilaya ya Buchosa,061,Buhama,14698.0,3229.0,Buchosa District Council,215.0
19,Mwanza,05,Sengerema,Halmashauri ya Wilaya ya Buchosa,071,Nyakasasa,11426.0,2107.0,Buchosa District Council,215.0
19,Mwanza,05,Sengerema,Halmashauri ya Wilaya ya Buchosa,081,Kasisa,15007.0,2648.0,Buchosa District Council,215.0
19,Mwanza,05,Sengerema,Halmashauri ya Wilaya ya Buchosa,091,Nyakasungwa,8826.0,1444.0,Buchosa District Council,215.0
19,Mwanza,05,Sengerema,Halmashauri ya Wilaya ya Buchosa,101,Nyanzenda,25512.0,4396.0,Buchosa District Council,215.0
19,Mwanza,05,Sengerema,Halmashauri ya Wilaya ya Buchosa,161,Bulyaheke,54041.0,13690.0,Buchosa District Council,215.0
19,Mwanza,05,Sengerema,Halmashauri ya Wilaya ya Buchosa,171,Kazunzu,17408.0,3076.0,Buchosa District Council,215.0
19,Mwanza,05,Sengerema,Halmashauri ya Wilaya ya Buchosa,181,Irenza,14960.0,2661.0,Buchosa District Council,215.0
19,Mwanza,05,Sengerema,Halmashauri ya Wilaya ya Buchosa,191,Luharanyonga,7811.0,1237.0,Buchosa District Council,215.0
19,Mwanza,05,Sengerema,Halmashauri ya Wilaya ya Buchosa,201,Nyakaliro,17932.0,3418.0,Buchosa District Council,215.0
19,Mwanza,05,Sengerema,Halmashauri ya Wilaya ya Buchosa,211,Bukokwa,27497.0,5581.0,Buchosa District Council,215.0
19,Mwanza,06,Ilemela,Halmashauri ya Manispaa ya Ilemela,012,Buswelu,42614.0,10020.0,Ilemela Municipal Council,216.0
19,Mwanza,06,Ilemela,Halmashauri ya Manispaa ya Ilemela,022,Nyakato,29560.0,8131.0,Ilemela Municipal Council,216.0
19,Mwanza,06,Ilemela,Halmashauri ya Manispaa ya Ilemela,032,Nyamanoro,24624.0,7357.0,Ilemela Municipal Council,216.0
19,Mwanza,06,Ilemela,Halmashauri ya Manispaa ya Ilemela,042,Kirumba,32364.0,8688.0,Ilemela Municipal Council,216.0
19,Mwanza,06,Ilemela,Halmashauri ya Manispaa ya Ilemela,052,Kitangiri,23642.0,6547.0,Ilemela Municipal Council,216.0
19,Mwanza,06,Ilemela,Halmashauri ya Manispaa ya Ilemela,062,Pasiansi,16274.0,4262.0,Ilemela Municipal Council,216.0
19,Mwanza,06,Ilemela,Halmashauri ya Manispaa ya Ilemela,072,Ilemela,26091.0,6819.0,Ilemela Municipal Council,216.0
19,Mwanza,06,Ilemela,Halmashauri ya Manispaa ya Ilemela,082,Bugogwa,35633.0,7866.0,Ilemela Municipal Council,216.0
19,Mwanza,06,Ilemela,Halmashauri ya Manispaa ya Ilemela,092,Sangabuye,13004.0,2409.0,Ilemela Municipal Council,216.0
19,Mwanza,06,Ilemela,Halmashauri ya Manispaa ya Ilemela,102,Kayenze,17201.0,4187.0,Ilemela Municipal Council,216.0
19,Mwanza,06,Ilemela,Halmashauri ya Manispaa ya Ilemela,112,Shibula,25429.0,5333.0,Ilemela Municipal Council,216.0
19,Mwanza,06,Ilemela,Halmashauri ya Manispaa ya Ilemela,122,Kahama,21816.0,4768.0,Ilemela Municipal Council,216.0
19,Mwanza,06,Ilemela,Halmashauri ya Manispaa ya Ilemela,132,Kiseke,30664.0,7275.0,Ilemela Municipal Council,216.0
19,Mwanza,06,Ilemela,Halmashauri ya Manispaa ya Ilemela,142,Kawekamo,26670.0,6966.0,Ilemela Municipal Council,216.0
19,Mwanza,06,Ilemela,Halmashauri ya Manispaa ya Ilemela,152,Ibungilo,24295.0,6905.0,Ilemela Municipal Council,216.0
19,Mwanza,06,Ilemela,Halmashauri ya Manispaa ya Ilemela,162,Nyamhongolo,29277.0,6463.0,Ilemela Municipal Council,216.0
19,Mwanza,06,Ilemela,Halmashauri ya Manispaa ya Ilemela,172,Mecco,23294.0,6170.0,Ilemela Municipal Council,216.0
19,Mwanza,06,Ilemela,Halmashauri ya Manispaa ya Ilemela,182,Buzuruga,25338.0,6550.0,Ilemela Municipal Council,216.0
19,Mwanza,06,Ilemela,Halmashauri ya Manispaa ya Ilemela,192,Nyasaka,41897.0,10791.0,Ilemela Municipal Council,216.0
19,Mwanza,07,Misungwi,Halmashauri ya Wilaya ya Misungwi,011,Bulemeji,10943.0,1797.0,Misungwi District Council,217.0
19,Mwanza,07,Misungwi,Halmashauri ya Wilaya ya Misungwi,021,Idetemya,25095.0,5236.0,Misungwi District Council,217.0
19,Mwanza,07,Misungwi,Halmashauri ya Wilaya ya Misungwi,033,Usagara,44220.0,10457.0,Misungwi District Council,217.0
19,Mwanza,07,Misungwi,Halmashauri ya Wilaya ya Misungwi,041,Ukiriguru,11903.0,2087.0,Misungwi District Council,217.0
19,Mwanza,07,Misungwi,Halmashauri ya Wilaya ya Misungwi,051,Kanyelele,17415.0,2600.0,Misungwi District Council,217.0
19,Mwanza,07,Misungwi,Halmashauri ya Wilaya ya Misungwi,271,Fella,11346.0,2112.0,Misungwi District Council,217.0
19,Mwanza,07,Misungwi,Halmashauri ya Wilaya ya Misungwi,061,Koromije,15446.0,2438.0,Misungwi District Council,217.0
19,Mwanza,07,Misungwi,Halmashauri ya Wilaya ya Misungwi,071,Igokelo,22192.0,3516.0,Misungwi District Council,217.0
19,Mwanza,07,Misungwi,Halmashauri ya Wilaya ya Misungwi,081,Mwaniko,10729.0,1384.0,Misungwi District Council,217.0
19,Mwanza,07,Misungwi,Halmashauri ya Wilaya ya Misungwi,093,Misungwi,45959.0,9282.0,Misungwi District Council,217.0
19,Mwanza,07,Misungwi,Halmashauri ya Wilaya ya Misungwi,241,Mabuki,21008.0,3147.0,Misungwi District Council,217.0
19,Mwanza,07,Misungwi,Halmashauri ya Wilaya ya Misungwi,251,Mondo,10641.0,1422.0,Misungwi District Council,217.0
19,Mwanza,07,Misungwi,Halmashauri ya Wilaya ya Misungwi,261,Mamaye,10311.0,1419.0,Misungwi District Council,217.0
19,Mwanza,07,Misungwi,Halmashauri ya Wilaya ya Misungwi,103,Misasi,18511.0,3179.0,Misungwi District Council,217.0
19,Mwanza,07,Misungwi,Halmashauri ya Wilaya ya Misungwi,111,Kijima,14374.0,2062.0,Misungwi District Council,217.0
19,Mwanza,07,Misungwi,Halmashauri ya Wilaya ya Misungwi,121,Shilalo,17606.0,2498.0,Misungwi District Council,217.0
19,Mwanza,07,Misungwi,Halmashauri ya Wilaya ya Misungwi,131,Buhingo,16157.0,2554.0,Misungwi District Council,217.0
19,Mwanza,07,Misungwi,Halmashauri ya Wilaya ya Misungwi,141,Busongo,10591.0,1507.0,Misungwi District Council,217.0
19,Mwanza,07,Misungwi,Halmashauri ya Wilaya ya Misungwi,151,Nhundulu,14074.0,2079.0,Misungwi District Council,217.0
19,Mwanza,07,Misungwi,Halmashauri ya Wilaya ya Misungwi,201,Kasololo,20051.0,2733.0,Misungwi District Council,217.0
19,Mwanza,07,Misungwi,Halmashauri ya Wilaya ya Misungwi,211,Isenengeja,10077.0,1563.0,Misungwi District Council,217.0
19,Mwanza,07,Misungwi,Halmashauri ya Wilaya ya Misungwi,231,Gulumungu,13108.0,2027.0,Misungwi District Council,217.0
19,Mwanza,07,Misungwi,Halmashauri ya Wilaya ya Misungwi,161,Lubili,14810.0,2390.0,Misungwi District Council,217.0
19,Mwanza,07,Misungwi,Halmashauri ya Wilaya ya Misungwi,171,Ilujamate,14810.0,2333.0,Misungwi District Council,217.0
19,Mwanza,07,Misungwi,Halmashauri ya Wilaya ya Misungwi,181,Mbarika,18179.0,3023.0,Misungwi District Council,217.0
19,Mwanza,07,Misungwi,Halmashauri ya Wilaya ya Misungwi,191,Sumbugu,17181.0,2537.0,Misungwi District Council,217.0
19,Mwanza,07,Misungwi,Halmashauri ya Wilaya ya Misungwi,221,Buhunda,11130.0,1955.0,Misungwi District Council,217.0
17,Shinyanga,01,Kahama,Halmashauri ya Wilaya ya Ushetu,021,Igwamanoni,19085.0,2665.0,Ushetu District Council,193.0
17,Shinyanga,01,Kahama,Halmashauri ya Wilaya ya Ushetu,031,Sabasabini,15012.0,2527.0,Ushetu District Council,193.0
17,Shinyanga,01,Kahama,Halmashauri ya Wilaya ya Ushetu,041,Mpunze,12251.0,2201.0,Ushetu District Council,193.0
17,Shinyanga,01,Kahama,Halmashauri ya Wilaya ya Ushetu,051,Igunda,8094.0,1581.0,Ushetu District Council,193.0
17,Shinyanga,01,Kahama,Halmashauri ya Wilaya ya Ushetu,061,Ukune,15730.0,3075.0,Ushetu District Council,193.0
17,Shinyanga,01,Kahama,Halmashauri ya Wilaya ya Ushetu,071,Chona,22949.0,3725.0,Ushetu District Council,193.0
17,Shinyanga,01,Kahama,Halmashauri ya Wilaya ya Ushetu,081,Chambo,20556.0,3358.0,Ushetu District Council,193.0
17,Shinyanga,01,Kahama,Halmashauri ya Wilaya ya Ushetu,091,Mapamba,9952.0,1496.0,Ushetu District Council,193.0
17,Shinyanga,01,Kahama,Halmashauri ya Wilaya ya Ushetu,161,Bulungwa,34325.0,5874.0,Ushetu District Council,193.0
17,Shinyanga,01,Kahama,Halmashauri ya Wilaya ya Ushetu,171,Kinamapula,17098.0,2798.0,Ushetu District Council,193.0
17,Shinyanga,01,Kahama,Halmashauri ya Wilaya ya Ushetu,181,Kisuke,6152.0,1160.0,Ushetu District Council,193.0
17,Shinyanga,01,Kahama,Halmashauri ya Wilaya ya Ushetu,193,Nyamilangano,10368.0,2095.0,Ushetu District Council,193.0
17,Shinyanga,01,Kahama,Halmashauri ya Wilaya ya Ushetu,201,Bukomela,8558.0,1401.0,Ushetu District Council,193.0
17,Shinyanga,01,Kahama,Halmashauri ya Wilaya ya Ushetu,011,Idahina,31555.0,5519.0,Ushetu District Council,193.0
17,Shinyanga,01,Kahama,Halmashauri ya Wilaya ya Ushetu,101,Uyogo,21259.0,3481.0,Ushetu District Council,193.0
17,Shinyanga,01,Kahama,Halmashauri ya Wilaya ya Ushetu,111,Ushetu,25471.0,4169.0,Ushetu District Council,193.0
17,Shinyanga,01,Kahama,Halmashauri ya Wilaya ya Ushetu,123,Ulowa,26996.0,4933.0,Ushetu District Council,193.0
17,Shinyanga,01,Kahama,Halmashauri ya Wilaya ya Ushetu,131,Ubagwe,26893.0,4404.0,Ushetu District Council,193.0
17,Shinyanga,01,Kahama,Halmashauri ya Wilaya ya Ushetu,141,Ulewe,38211.0,6253.0,Ushetu District Council,193.0
17,Shinyanga,01,Kahama,Halmashauri ya Wilaya ya Ushetu,151,Nyankende,20078.0,3225.0,Ushetu District Council,193.0
17,Shinyanga,01,Kahama,Halmashauri ya Manispaa ya Kahama,102,Busoka,11516.0,2401.0,Kahama Municipal Council,194.0
17,Shinyanga,01,Kahama,Halmashauri ya Manispaa ya Kahama,112,Mhongolo,45418.0,10729.0,Kahama Municipal Council,194.0
17,Shinyanga,01,Kahama,Halmashauri ya Manispaa ya Kahama,122,Mwendakulima,25418.0,5414.0,Kahama Municipal Council,194.0
17,Shinyanga,01,Kahama,Halmashauri ya Manispaa ya Kahama,132,Zongomera,32984.0,7024.0,Kahama Municipal Council,194.0
17,Shinyanga,01,Kahama,Halmashauri ya Manispaa ya Kahama,142,Nyahanga,40809.0,10642.0,Kahama Municipal Council,194.0
17,Shinyanga,01,Kahama,Halmashauri ya Manispaa ya Kahama,152,Malunga,24323.0,6459.0,Kahama Municipal Council,194.0
17,Shinyanga,01,Kahama,Halmashauri ya Manispaa ya Kahama,162,Majengo,24824.0,6770.0,Kahama Municipal Council,194.0
17,Shinyanga,01,Kahama,Halmashauri ya Manispaa ya Kahama,172,Nyasubi,30206.0,8247.0,Kahama Municipal Council,194.0
17,Shinyanga,01,Kahama,Halmashauri ya Manispaa ya Kahama,182,Nyihogo,19679.0,5888.0,Kahama Municipal Council,194.0
17,Shinyanga,01,Kahama,Halmashauri ya Manispaa ya Kahama,192,Mhungula,31203.0,8085.0,Kahama Municipal Council,194.0
17,Shinyanga,01,Kahama,Halmashauri ya Manispaa ya Kahama,202,Kahama Mjini,5379.0,1503.0,Kahama Municipal Council,194.0
17,Shinyanga,01,Kahama,Halmashauri ya Manispaa ya Kahama,052,Iyenze,11354.0,1744.0,Kahama Municipal Council,194.0
17,Shinyanga,01,Kahama,Halmashauri ya Manispaa ya Kahama,062,Kilago,16669.0,3210.0,Kahama Municipal Council,194.0
17,Shinyanga,01,Kahama,Halmashauri ya Manispaa ya Kahama,072,Nyandekwa,16375.0,3072.0,Kahama Municipal Council,194.0
17,Shinyanga,01,Kahama,Halmashauri ya Manispaa ya Kahama,082,Wendele,10560.0,1733.0,Kahama Municipal Council,194.0
17,Shinyanga,01,Kahama,Halmashauri ya Manispaa ya Kahama,092,Ngogwa,11635.0,2062.0,Kahama Municipal Council,194.0
17,Shinyanga,01,Kahama,Halmashauri ya Manispaa ya Kahama,012,Kinaga,20385.0,3338.0,Kahama Municipal Council,194.0
17,Shinyanga,01,Kahama,Halmashauri ya Manispaa ya Kahama,022,Mondo,15481.0,2609.0,Kahama Municipal Council,194.0
17,Shinyanga,01,Kahama,Halmashauri ya Manispaa ya Kahama,032,Kagongwa,44081.0,10851.0,Kahama Municipal Council,194.0
17,Shinyanga,01,Kahama,Halmashauri ya Manispaa ya Kahama,042,Isagehe,15355.0,2905.0,Kahama Municipal Council,194.0
17,Shinyanga,01,Kahama,Halmashauri ya Wilaya ya Msalala,013,Bulyan'hulu,51357.0,12313.0,Msalala District Council,195.0
17,Shinyanga,01,Kahama,Halmashauri ya Wilaya ya Msalala,023,Bugarama,24418.0,4536.0,Msalala District Council,195.0
17,Shinyanga,01,Kahama,Halmashauri ya Wilaya ya Msalala,031,Lunguya,23050.0,4198.0,Msalala District Council,195.0
17,Shinyanga,01,Kahama,Halmashauri ya Wilaya ya Msalala,041,Shilela,13421.0,1844.0,Msalala District Council,195.0
17,Shinyanga,01,Kahama,Halmashauri ya Wilaya ya Msalala,053,Segese,36247.0,7324.0,Msalala District Council,195.0
17,Shinyanga,01,Kahama,Halmashauri ya Wilaya ya Msalala,061,Mega,11981.0,1817.0,Msalala District Council,195.0
17,Shinyanga,01,Kahama,Halmashauri ya Wilaya ya Msalala,071,Chela,31991.0,4720.0,Msalala District Council,195.0
17,Shinyanga,01,Kahama,Halmashauri ya Wilaya ya Msalala,081,Busangi,14894.0,2431.0,Msalala District Council,195.0
17,Shinyanga,01,Kahama,Halmashauri ya Wilaya ya Msalala,093,Ntobo,12224.0,2055.0,Msalala District Council,195.0
17,Shinyanga,01,Kahama,Halmashauri ya Wilaya ya Msalala,101,Ngaya,16599.0,2481.0,Msalala District Council,195.0
17,Shinyanga,01,Kahama,Halmashauri ya Wilaya ya Msalala,113,Bulige,18184.0,3291.0,Msalala District Council,195.0
17,Shinyanga,01,Kahama,Halmashauri ya Wilaya ya Msalala,121,Kashishi,17040.0,2280.0,Msalala District Council,195.0
17,Shinyanga,01,Kahama,Halmashauri ya Wilaya ya Msalala,171,Ikinda,10361.0,1701.0,Msalala District Council,195.0
17,Shinyanga,01,Kahama,Halmashauri ya Wilaya ya Msalala,131,Mwanase,22000.0,3048.0,Msalala District Council,195.0
17,Shinyanga,01,Kahama,Halmashauri ya Wilaya ya Msalala,141,Mwalugulu,22785.0,3331.0,Msalala District Council,195.0
17,Shinyanga,01,Kahama,Halmashauri ya Wilaya ya Msalala,151,Jana,21090.0,2966.0,Msalala District Council,195.0
17,Shinyanga,01,Kahama,Halmashauri ya Wilaya ya Msalala,163,Isaka,18125.0,3972.0,Msalala District Council,195.0
17,Shinyanga,01,Kahama,Halmashauri ya Wilaya ya Msalala,181,Mwakata,12447.0,2059.0,Msalala District Council,195.0
17,Shinyanga,02,Kishapu,Halmashauri ya Wilaya ya Kishapu,141,Lagana,11826.0,1573.0,Kishapu District Council,196.0
17,Shinyanga,02,Kishapu,Halmashauri ya Wilaya ya Kishapu,151,Mwamashele,9932.0,1533.0,Kishapu District Council,196.0
17,Shinyanga,02,Kishapu,Halmashauri ya Wilaya ya Kishapu,161,Ngofila,11451.0,1619.0,Kishapu District Council,196.0
17,Shinyanga,02,Kishapu,Halmashauri ya Wilaya ya Kishapu,171,Kiloleli,7866.0,1163.0,Kishapu District Council,196.0
17,Shinyanga,02,Kishapu,Halmashauri ya Wilaya ya Kishapu,181,Ukenyenge,12004.0,2099.0,Kishapu District Council,196.0
17,Shinyanga,02,Kishapu,Halmashauri ya Wilaya ya Kishapu,191,Talaga,13740.0,2214.0,Kishapu District Council,196.0
17,Shinyanga,02,Kishapu,Halmashauri ya Wilaya ya Kishapu,201,Itilima,15393.0,2458.0,Kishapu District Council,196.0
17,Shinyanga,02,Kishapu,Halmashauri ya Wilaya ya Kishapu,211,Mwaweja,8639.0,1403.0,Kishapu District Council,196.0
17,Shinyanga,02,Kishapu,Halmashauri ya Wilaya ya Kishapu,071,Uchunga,6310.0,922.0,Kishapu District Council,196.0
17,Shinyanga,02,Kishapu,Halmashauri ya Wilaya ya Kishapu,083,Kishapu,17572.0,3555.0,Kishapu District Council,196.0
17,Shinyanga,02,Kishapu,Halmashauri ya Wilaya ya Kishapu,091,Mwakipoya,13130.0,1738.0,Kishapu District Council,196.0
17,Shinyanga,02,Kishapu,Halmashauri ya Wilaya ya Kishapu,101,Shagihilu,6605.0,1076.0,Kishapu District Council,196.0
17,Shinyanga,02,Kishapu,Halmashauri ya Wilaya ya Kishapu,111,Somagedi,8128.0,1121.0,Kishapu District Council,196.0
17,Shinyanga,02,Kishapu,Halmashauri ya Wilaya ya Kishapu,121,Mwamalasa,17082.0,2442.0,Kishapu District Council,196.0
17,Shinyanga,02,Kishapu,Halmashauri ya Wilaya ya Kishapu,131,Masanga,15953.0,2062.0,Kishapu District Council,196.0
17,Shinyanga,02,Kishapu,Halmashauri ya Wilaya ya Kishapu,221,Ndoleleji,8594.0,1253.0,Kishapu District Council,196.0
17,Shinyanga,02,Kishapu,Halmashauri ya Wilaya ya Kishapu,233,Mwataga,8738.0,1312.0,Kishapu District Council,196.0
17,Shinyanga,02,Kishapu,Halmashauri ya Wilaya ya Kishapu,261,Bupigi,7607.0,1090.0,Kishapu District Council,196.0
17,Shinyanga,02,Kishapu,Halmashauri ya Wilaya ya Kishapu,271,Igaga,6470.0,923.0,Kishapu District Council,196.0
17,Shinyanga,02,Kishapu,Halmashauri ya Wilaya ya Kishapu,011,Bunambiyu,8274.0,1185.0,Kishapu District Council,196.0
17,Shinyanga,02,Kishapu,Halmashauri ya Wilaya ya Kishapu,021,Bubiki,13256.0,2068.0,Kishapu District Council,196.0
17,Shinyanga,02,Kishapu,Halmashauri ya Wilaya ya Kishapu,031,Songwa,6450.0,1189.0,Kishapu District Council,196.0
17,Shinyanga,02,Kishapu,Halmashauri ya Wilaya ya Kishapu,041,Seke-Bugoro,20855.0,4081.0,Kishapu District Council,196.0
17,Shinyanga,02,Kishapu,Halmashauri ya Wilaya ya Kishapu,051,Mondo,17957.0,3198.0,Kishapu District Council,196.0
17,Shinyanga,02,Kishapu,Halmashauri ya Wilaya ya Kishapu,061,Mwadui Lohumbo,17634.0,3520.0,Kishapu District Council,196.0
17,Shinyanga,02,Kishapu,Halmashauri ya Wilaya ya Kishapu,243,Maganzo,18535.0,4301.0,Kishapu District Council,196.0
17,Shinyanga,02,Kishapu,Halmashauri ya Wilaya ya Kishapu,251,Busangwa,7482.0,1139.0,Kishapu District Council,196.0
17,Shinyanga,02,Kishapu,Halmashauri ya Wilaya ya Kishapu,283,Idukilo,11173.0,1852.0,Kishapu District Council,196.0
17,Shinyanga,02,Kishapu,Halmashauri ya Wilaya ya Kishapu,291,Mwasubi,6827.0,871.0,Kishapu District Council,196.0
17,Shinyanga,03,Shinyanga,Halmashauri ya Wilaya ya Shinyanga,031,Pandagichiza,13601.0,1972.0,Shinyanga District Council,197.0
17,Shinyanga,03,Shinyanga,Halmashauri ya Wilaya ya Shinyanga,073,Mwakitolyo,38909.0,8557.0,Shinyanga District Council,197.0
17,Shinyanga,03,Shinyanga,Halmashauri ya Wilaya ya Shinyanga,081,Salawe,25010.0,4489.0,Shinyanga District Council,197.0
17,Shinyanga,03,Shinyanga,Halmashauri ya Wilaya ya Shinyanga,091,Solwa,31542.0,4963.0,Shinyanga District Council,197.0
17,Shinyanga,03,Shinyanga,Halmashauri ya Wilaya ya Shinyanga,101,Iselamagazi,27665.0,4376.0,Shinyanga District Council,197.0
17,Shinyanga,03,Shinyanga,Halmashauri ya Wilaya ya Shinyanga,111,Lyabukande,27666.0,3535.0,Shinyanga District Council,197.0
17,Shinyanga,03,Shinyanga,Halmashauri ya Wilaya ya Shinyanga,121,Mwantini,10782.0,1695.0,Shinyanga District Council,197.0
17,Shinyanga,03,Shinyanga,Halmashauri ya Wilaya ya Shinyanga,211,Mwenge,22230.0,3458.0,Shinyanga District Council,197.0
17,Shinyanga,03,Shinyanga,Halmashauri ya Wilaya ya Shinyanga,231,Lyabusalu,34865.0,4383.0,Shinyanga District Council,197.0
17,Shinyanga,03,Shinyanga,Halmashauri ya Wilaya ya Shinyanga,241,Mwalukwa,9975.0,1457.0,Shinyanga District Council,197.0
17,Shinyanga,03,Shinyanga,Halmashauri ya Wilaya ya Shinyanga,251,Nyamalogo,18347.0,2685.0,Shinyanga District Council,197.0
17,Shinyanga,03,Shinyanga,Halmashauri ya Wilaya ya Shinyanga,261,Lyamidati,27951.0,3770.0,Shinyanga District Council,197.0
17,Shinyanga,03,Shinyanga,Halmashauri ya Wilaya ya Shinyanga,011,Imesela,11657.0,1854.0,Shinyanga District Council,197.0
17,Shinyanga,03,Shinyanga,Halmashauri ya Wilaya ya Shinyanga,021,Usule,7598.0,1446.0,Shinyanga District Council,197.0
17,Shinyanga,03,Shinyanga,Halmashauri ya Wilaya ya Shinyanga,031,Ilola,13582.0,2192.0,Shinyanga District Council,197.0
17,Shinyanga,03,Shinyanga,Halmashauri ya Wilaya ya Shinyanga,041,Didia,19093.0,4464.0,Shinyanga District Council,197.0
17,Shinyanga,03,Shinyanga,Halmashauri ya Wilaya ya Shinyanga,051,Itwangi,12542.0,2419.0,Shinyanga District Council,197.0
17,Shinyanga,03,Shinyanga,Halmashauri ya Wilaya ya Shinyanga,063,Tinde,21196.0,4881.0,Shinyanga District Council,197.0
17,Shinyanga,03,Shinyanga,Halmashauri ya Wilaya ya Shinyanga,171,Puni,7330.0,1465.0,Shinyanga District Council,197.0
17,Shinyanga,03,Shinyanga,Halmashauri ya Wilaya ya Shinyanga,181,Nyida,9263.0,1843.0,Shinyanga District Council,197.0
17,Shinyanga,03,Shinyanga,Halmashauri ya Wilaya ya Shinyanga,191,Nsalala,9779.0,1978.0,Shinyanga District Council,197.0
17,Shinyanga,03,Shinyanga,Halmashauri ya Wilaya ya Shinyanga,201,Bukene,10353.0,1704.0,Shinyanga District Council,197.0
17,Shinyanga,03,Shinyanga,Halmashauri ya Wilaya ya Shinyanga,141,Mwamala,12244.0,2102.0,Shinyanga District Council,197.0
17,Shinyanga,03,Shinyanga,Halmashauri ya Wilaya ya Shinyanga,151,Samuye,15294.0,2620.0,Shinyanga District Council,197.0
17,Shinyanga,03,Shinyanga,Halmashauri ya Wilaya ya Shinyanga,161,Usanda,17052.0,3245.0,Shinyanga District Council,197.0
17,Shinyanga,03,Shinyanga,Halmashauri ya Wilaya ya Shinyanga,211,Masengwa,13085.0,2153.0,Shinyanga District Council,197.0
17,Shinyanga,03,Shinyanga,Halmashauri ya Manispaa ya Shinyanga,011,Mwamalili,8907.0,1413.0,Shinyanga Municipal Council,198.0
17,Shinyanga,03,Shinyanga,Halmashauri ya Manispaa ya Shinyanga,132,Chibe,8480.0,1650.0,Shinyanga Municipal Council,198.0
17,Shinyanga,03,Shinyanga,Halmashauri ya Manispaa ya Shinyanga,173,Old Shinyanga,11937.0,2429.0,Shinyanga Municipal Council,198.0
17,Shinyanga,03,Shinyanga,Halmashauri ya Manispaa ya Shinyanga,021,Kolandoto,14828.0,2729.0,Shinyanga Municipal Council,198.0
17,Shinyanga,03,Shinyanga,Halmashauri ya Manispaa ya Shinyanga,043,Ibadakuli,18500.0,4175.0,Shinyanga Municipal Council,198.0
17,Shinyanga,03,Shinyanga,Halmashauri ya Manispaa ya Shinyanga,032,Ngokolo,23887.0,6417.0,Shinyanga Municipal Council,198.0
17,Shinyanga,03,Shinyanga,Halmashauri ya Manispaa ya Shinyanga,052,Mjini,3898.0,1123.0,Shinyanga Municipal Council,198.0
17,Shinyanga,03,Shinyanga,Halmashauri ya Manispaa ya Shinyanga,062,Chamaguha,4082.0,1166.0,Shinyanga Municipal Council,198.0
17,Shinyanga,03,Shinyanga,Halmashauri ya Manispaa ya Shinyanga,072,Ibinzamata,5455.0,1604.0,Shinyanga Municipal Council,198.0
17,Shinyanga,03,Shinyanga,Halmashauri ya Manispaa ya Shinyanga,082,Kitangili,16802.0,4504.0,Shinyanga Municipal Council,198.0
17,Shinyanga,03,Shinyanga,Halmashauri ya Manispaa ya Shinyanga,091,Kizumbi,19523.0,4464.0,Shinyanga Municipal Council,198.0
17,Shinyanga,03,Shinyanga,Halmashauri ya Manispaa ya Shinyanga,101,Mwawaza,8532.0,1593.0,Shinyanga Municipal Council,198.0
17,Shinyanga,03,Shinyanga,Halmashauri ya Manispaa ya Shinyanga,112,Ndala,13323.0,3530.0,Shinyanga Municipal Council,198.0
17,Shinyanga,03,Shinyanga,Halmashauri ya Manispaa ya Shinyanga,122,Kambarage,13109.0,3901.0,Shinyanga Municipal Council,198.0
17,Shinyanga,03,Shinyanga,Halmashauri ya Manispaa ya Shinyanga,142,Lubaga,10101.0,2327.0,Shinyanga Municipal Council,198.0
17,Shinyanga,03,Shinyanga,Halmashauri ya Manispaa ya Shinyanga,152,Ndembezi,20981.0,5416.0,Shinyanga Municipal Council,198.0
17,Shinyanga,03,Shinyanga,Halmashauri ya Manispaa ya Shinyanga,162,Masekelo,12399.0,3273.0,Shinyanga Municipal Council,198.0
