council,ward,pop_total,pop_male,pop_female,households,pdf_page,ck,wk
Kondoa District Council,Changaa,8436,4340,4096,1871,55,kondoa,changaa
Kondoa District Council,Hondomairo,14481,7446,7035,2977,55,kondoa,hondomairo
Kondoa District Council,Thawi,11932,6029,5903,2653,55,kondoa,thawi
Kondoa District Council,Kikilo,9620,4906,4714,2009,55,kondoa,kikilo
Kondoa District Council,Soera,8597,4401,4196,1875,55,kondoa,soera
Kondoa District Council,Salanka,10675,5470,5205,2183,55,kondoa,salanka
Kondoa District Council,Bereko,8223,4239,3984,1937,55,kondoa,bereko
Kondoa District Council,Kikore,15529,8010,7519,3434,55,kondoa,kikore
Kondoa District Council,Mnenia,13056,6616,6440,2888,55,kondoa,mnenia
Kondoa District Council,Masange,6556,3402,3154,1496,55,kondoa,masange
Kondoa District Council,Itololo,7594,3848,3746,1769,55,kondoa,itololo
Kondoa District Council,Kisese,14921,7611,7310,3256,55,kondoa,kisese
Kondoa District Council,Itaswi,13790,7212,6578,2898,55,kondoa,itaswi
Kondoa District Council,Keikei,13454,6802,6652,2797,55,kondoa,keikei
Kondoa District Council,Kwadelo,13504,6642,6862,2942,55,kondoa,kwadelo
Kondoa District Council,Busi,9399,4649,4750,2003,55,kondoa,busi
Kondoa District Council,Kalamba,14621,7243,7378,3080,55,kondoa,kalamba
Kondoa District Council,Haubi,14679,7365,7314,3052,55,kondoa,haubi
Kondoa District Council,Kinyasi,9872,4987,4885,2031,55,kondoa,kinyasi
Kondoa District Council,Pahi,15766,7870,7896,3382,55,kondoa,pahi
Kondoa District Council,Bumbuta,10149,5291,4858,2144,55,kondoa,bumbuta
Mpwapwa District Council,Mazae,11011,5310,5701,2729,57,mpwapwa,mazae
Mpwapwa District Council,Ving'hawe,16311,7841,8470,4161,57,mpwapwa,vinghawe
Mpwapwa District Council,Matomondo,11228,5495,5733,2879,57,mpwapwa,matomondo
Mpwapwa District Council,Kimagai,9777,4792,4985,2336,57,mpwapwa,kimagai
Mpwapwa District Council,Chunyu,19190,9274,9916,4699,57,mpwapwa,chunyu
Mpwapwa District Council,Godegode,11150,5543,5607,2743,57,mpwapwa,godegode
Mpwapwa District Council,Mpwapwa Mjini,24670,11690,12980,6600,57,mpwapwa,mpwapwamjini
Mpwapwa District Council,Lupeta,9795,4806,4989,2307,57,mpwapwa,lupeta
Mpwapwa District Council,Gulwe,13189,6431,6758,3229,57,mpwapwa,gulwe
Mpwapwa District Council,Ng'hambi,11926,5790,6136,3014,57,mpwapwa,nghambi
Mpwapwa District Council,Mlembule,11335,5548,5787,2624,57,mpwapwa,mlembule
Mpwapwa District Council,Mima,18138,8802,9336,4306,57,mpwapwa,mima
Mpwapwa District Council,Berege,12668,6166,6502,3005,57,mpwapwa,berege
Mpwapwa District Council,Chitemo,13876,6878,6998,3277,57,mpwapwa,chitemo
Mpwapwa District Council,Iwondo,13211,6373,6838,3126,57,mpwapwa,iwondo
Mpwapwa District Council,Kibakwe,19968,9616,10352,5087,57,mpwapwa,kibakwe
Mpwapwa District Council,Lumuma,4339,2138,2201,1163,57,mpwapwa,lumuma
Mpwapwa District Council,Luhundwa,16424,7969,8455,4150,57,mpwapwa,luhundwa
Mpwapwa District Council,Wotta,7194,3507,3687,1685,57,mpwapwa,wotta
Mpwapwa District Council,Mbuga,6745,3420,3325,1425,57,mpwapwa,mbuga
Mpwapwa District Council,Kingiti,9213,4449,4764,2198,57,mpwapwa,kingiti
Mpwapwa District Council,Lufu,5326,2638,2688,1310,57,mpwapwa,lufu
Mpwapwa District Council,Pwaga,15386,7417,7969,3902,57,mpwapwa,pwaga
Mpwapwa District Council,Galigali,5006,2533,2473,1107,57,mpwapwa,galigali
Mpwapwa District Council,Wangi,7958,3882,4076,1905,57,mpwapwa,wangi
Mpwapwa District Council,Massa,16558,8112,8446,4243,57,mpwapwa,massa
Mpwapwa District Council,Ipera,9658,4753,4905,2342,57,mpwapwa,ipera
Mpwapwa District Council,Rudi,15440,7681,7759,3883,57,mpwapwa,rudi
Mpwapwa District Council,Mlunduzi,14342,6986,7356,3397,57,mpwapwa,mlunduzi
Mpwapwa District Council,Mtera,14187,6887,7300,3467,57,mpwapwa,mtera
Mpwapwa District Council,Chipogoro,14515,6992,7523,3535,57,mpwapwa,chipogoro
Mpwapwa District Council,Malolo,7449,3742,3707,1827,57,mpwapwa,malolo
Mpwapwa District Council,Mang'aliza,6064,3005,3059,1342,57,mpwapwa,mangaliza
Kongwa District Council,Hogoro,22777,11072,11705,5429,58,kongwa,hogoro
Kongwa District Council,Zoissa,7426,3659,3767,1786,58,kongwa,zoissa
Kongwa District Council,Mkoka,16329,7895,8434,4067,58,kongwa,mkoka
Kongwa District Council,Makawa,11631,5677,5954,2615,58,kongwa,makawa
Kongwa District Council,Chitego,15434,7681,7753,3536,58,kongwa,chitego
Kongwa District Council,Matongoro,11513,5510,6003,2699,58,kongwa,matongoro
Kongwa District Council,Songambele,23342,11119,12223,5754,58,kongwa,songambele
Kongwa District Council,Njoge,10757,5235,5522,2512,58,kongwa,njoge
Kongwa District Council,Pandambili,13079,6326,6753,2767,58,kongwa,pandambili
Kongwa District Council,Mlali,28218,13393,14825,6061,58,kongwa,mlali
Kongwa District Council,Iduo,15244,7387,7857,3322,58,kongwa,iduo
Kongwa District Council,Kibaigwa,50054,23877,26177,12220,58,kongwa,kibaigwa
Kongwa District Council,Chamkoroma,18990,9332,9658,4816,58,kongwa,chamkoroma
Kongwa District Council,Ngomai,14319,7126,7193,3231,58,kongwa,ngomai
Kongwa District Council,Chiwe,30099,14414,15685,5975,58,kongwa,chiwe
Kongwa District Council,Lenjulu,28622,13912,14710,6015,58,kongwa,lenjulu
Kongwa District Council,Ng'humbi,15778,7628,8150,3198,58,kongwa,nghumbi
Kongwa District Council,Kongwa,15351,7191,8160,4101,58,kongwa,kongwa
Kongwa District Council,Sejeli,27312,13260,14052,6595,58,kongwa,sejeli
Kongwa District Council,Mtanana,16435,8147,8288,3887,58,kongwa,mtanana
Kongwa District Council,Sagara,28536,13790,14746,6035,58,kongwa,sagara
Kongwa District Council,Ugogoni,22621,10844,11777,5140,58,kongwa,ugogoni
Chamwino District Council,Haneti,19635,9755,9880,4753,59,chamwino,haneti
Chamwino District Council,Segala,21348,10666,10682,4982,59,chamwino,segala
Chamwino District Council,Itiso,22547,11182,11365,5194,59,chamwino,itiso
Chamwino District Council,Dabalo,26241,13142,13099,6393,59,chamwino,dabalo
Chamwino District Council,Zajilwa,16971,8328,8643,3970,59,chamwino,zajilwa
Chamwino District Council,Membe,14079,7044,7035,3408,59,chamwino,membe
Chamwino District Council,Msanga,13992,6776,7216,3597,59,chamwino,msanga
Chamwino District Council,Chilonwa,9993,4872,5121,2644,59,chamwino,chilonwa
Chamwino District Council,Buigiri,13853,6708,7145,3906,59,chamwino,buigiri
Chamwino District Council,Majeleko,9244,4454,4790,2259,59,chamwino,majeleko
Chamwino District Council,Manchali,14884,7151,7733,3888,59,chamwino,manchali
Chamwino District Council,Ikowa,8143,3917,4226,2170,59,chamwino,ikowa
Chamwino District Council,Msamalo,16413,7896,8517,4220,59,chamwino,msamalo
Chamwino District Council,Chamwino,16424,7723,8701,4563,59,chamwino,chamwino
Chamwino District Council,Igandu,8778,4381,4397,2059,59,chamwino,igandu
Chamwino District Council,Muungano,13029,6279,6750,3334,59,chamwino,muungano
Chamwino District Council,Mvumi Makulu,8618,4032,4586,2474,59,chamwino,mvumimakulu
Chamwino District Council,Handali,12809,6193,6616,3396,59,chamwino,handali
Chamwino District Council,Mvumi Misheni,19367,9332,10035,4957,59,chamwino,mvumimisheni
Chamwino District Council,Idifu,11977,5706,6271,2767,59,chamwino,idifu
Chamwino District Council,Nghahelezi,11341,5426,5915,2794,59,chamwino,nghahelezi
Chamwino District Council,Makang'wa,8938,4276,4662,2263,59,chamwino,makangwa
Chamwino District Council,Iringa Mvumi,9271,4419,4852,2345,59,chamwino,iringamvumi
Chamwino District Council,Manzase,16874,8170,8704,3827,59,chamwino,manzase
Chamwino District Council,Fufu,6045,2963,3082,1395,59,chamwino,fufu
Chamwino District Council,Mlowa Bwawani,13326,6454,6872,3034,59,chamwino,mlowabwawani
Chamwino District Council,Loje,7916,3928,3988,2028,59,chamwino,loje
Chamwino District Council,Chiboli,6849,3342,3507,1680,59,chamwino,chiboli
Chamwino District Council,Nhinhi,9507,4541,4966,2320,59,chamwino,nhinhi
Chamwino District Council,Ikombolinga,6118,2941,3177,1376,59,chamwino,ikombolinga
Chamwino District Council,Mlowa Barabarani,18975,9016,9959,4530,59,chamwino,mlowabarabarani
Chamwino District Council,Mpwayungu,19282,9372,9910,4478,59,chamwino,mpwayungu
Chamwino District Council,Nghambaku,10501,5166,5335,2417,59,chamwino,nghambaku
Chamwino District Council,Chinugulu,11125,5579,5546,2254,59,chamwino,chinugulu
Chamwino District Council,Manda,19144,9313,9831,4439,59,chamwino,manda
Chamwino District Council,Huzi,12619,6140,6479,2698,59,chamwino,huzi
Dodoma City Council,Msalato,12905,6341,6564,3384,60,dodoma,msalato
Dodoma City Council,Makutupora,19966,9713,10253,5472,60,dodoma,makutupora
Dodoma City Council,Chihanga,13605,6720,6885,3404,60,dodoma,chihanga
Dodoma City Council,Hombolo Makulu,10857,5294,5563,2849,60,dodoma,hombolomakulu
Dodoma City Council,Ipala,7663,3674,3989,1920,60,dodoma,ipala
Dodoma City Council,Chahwa,6165,3036,3129,1590,60,dodoma,chahwa
Dodoma City Council,Hombolo Bwawani,20033,9630,10403,5332,60,dodoma,hombolobwawani
Dodoma City Council,Mtumba,14673,7787,6886,4249,60,dodoma,mtumba
Dodoma City Council,Kikombo,11269,5399,5870,3134,60,dodoma,kikombo
Dodoma City Council,Nghong'onha,19173,9630,9543,5030,60,dodoma,nghongonha
Dodoma City Council,Ihumwa,24112,11870,12242,6658,60,dodoma,ihumwa
Dodoma City Council,Viwandani,4448,2308,2140,1329,60,dodoma,viwandani
Dodoma City Council,Uhuru,1739,1020,719,396,60,dodoma,uhuru
Dodoma City Council,Chamwino,21407,10630,10777,6821,60,dodoma,chamwino
Dodoma City Council,Kiwanja cha Ndege,10333,4829,5504,3097,60,dodoma,kiwanjachandege
Dodoma City Council,Makole,10571,5204,5367,3500,60,dodoma,makole
Dodoma City Council,Miyuji,36588,17531,19057,10378,60,dodoma,miyuji
Dodoma City Council,Nzuguni,50454,24223,26231,13744,60,dodoma,nzuguni
Dodoma City Council,Dodoma Makulu,44013,21202,22811,12634,60,dodoma,dodomamakulu
Dodoma City Council,Tambukareli,10756,5405,5351,3319,60,dodoma,tambukareli
Dodoma City Council,Kilimani,9562,4609,4953,2843,60,dodoma,kilimani
Dodoma City Council,Kikuyu Kusini,11126,5331,5795,3221,60,dodoma,kikuyukusini
Dodoma City Council,Kikuyu Kaskazini,17376,8466,8910,6039,60,dodoma,kikuyukaskazini
Dodoma City Council,Mkonze,41256,19841,21415,11006,60,dodoma,mkonze
Dodoma City Council,Hazina,10419,5106,5313,3230,60,dodoma,hazina
Dodoma City Council,Madukani,2066,991,1075,392,60,dodoma,madukani
Dodoma City Council,Majengo,4817,2493,2324,1493,60,dodoma,majengo
Dodoma City Council,Kizota,30632,15245,15387,9263,60,dodoma,kizota
Dodoma City Council,Ntyuka,13543,6542,7001,3684,60,dodoma,ntyuka
Dodoma City Council,Chang'ombe,39324,19104,20220,11238,60,dodoma,changombe
Dodoma City Council,Iyumbu,7740,3932,3808,2175,60,dodoma,iyumbu
Dodoma City Council,Mnadani,44311,22725,21586,12476,60,dodoma,mnadani
Dodoma City Council,Ipagala,49289,23175,26114,13339,60,dodoma,ipagala
Dodoma City Council,Nkuhungu,49327,23386,25941,13374,60,dodoma,nkuhungu
Dodoma City Council,Mpunguzi,13491,6495,6996,3593,60,dodoma,mpunguzi
Dodoma City Council,Mbabala,16929,8257,8672,4385,60,dodoma,mbabala
Dodoma City Council,Zuzu,10054,5006,5048,2662,60,dodoma,zuzu
Dodoma City Council,Nala,11715,5741,5974,3407,60,dodoma,nala
Dodoma City Council,Mbalawala,11370,5637,5733,2960,60,dodoma,mbalawala
Dodoma City Council,Chigongwe,8933,4355,4578,2242,60,dodoma,chigongwe
Dodoma City Council,Matumbulu,11169,5557,5612,3068,60,dodoma,matumbulu
Bahi District Council,Ibugule,10957,5205,5752,2563,61,bahi,ibugule
Bahi District Council,Chibelela,12791,6137,6654,3109,61,bahi,chibelela
Bahi District Council,Mwitikira,9281,4486,4795,2259,61,bahi,mwitikira
Bahi District Council,Mtitaa,12105,5861,6244,2758,61,bahi,mtitaa
Bahi District Council,Chikola,18107,8715,9392,4444,61,bahi,chikola
Bahi District Council,Chipanga,13440,6513,6927,3139,61,bahi,chipanga
Bahi District Council,Chali,14687,7034,7653,3511,61,bahi,chali
Bahi District Council,Nondwa,12079,5808,6271,2481,61,bahi,nondwa
Bahi District Council,Mpalanga,14879,7213,7666,3532,61,bahi,mpalanga
Bahi District Council,Chifutuka,18604,8872,9732,3661,61,bahi,chifutuka
Bahi District Council,Bahi,31410,15310,16100,7815,61,bahi,bahi
Bahi District Council,Mpamantwa,18046,8783,9263,3945,61,bahi,mpamantwa
Bahi District Council,Ibihwa,15118,7285,7833,3685,61,bahi,ibihwa
Bahi District Council,Ilindi,11969,5790,6179,2632,61,bahi,ilindi
Bahi District Council,Kigwe,7201,3494,3707,2062,61,bahi,kigwe
Bahi District Council,Mpinga,12605,6222,6383,3017,61,bahi,mpinga
Bahi District Council,Makanda,12186,6005,6181,2724,61,bahi,makanda
Bahi District Council,Lamaiti,18130,8815,9315,4117,61,bahi,lamaiti
Bahi District Council,Babayu,14737,7206,7531,3315,61,bahi,babayu
Bahi District Council,Zanka,16544,8332,8212,4103,61,bahi,zanka
Bahi District Council,Msisi,16994,8181,8813,4083,61,bahi,msisi
Bahi District Council,Mundemu,10656,5160,5496,2837,61,bahi,mundemu
Chemba District Council,Churuku,9635,4739,4896,2085,62,chemba,churuku
Chemba District Council,Mondo,10986,5450,5536,2771,62,chemba,mondo
Chemba District Council,Dalai,18195,8837,9358,3817,62,chemba,dalai
Chemba District Council,Jangalo,21713,10792,10921,4593,62,chemba,jangalo
Chemba District Council,Paranga,17613,9040,8573,4185,62,chemba,paranga
Chemba District Council,Msaada,7314,3740,3574,1585,62,chemba,msaada
Chemba District Council,Kimaha,13435,6800,6635,3015,62,chemba,kimaha
Chemba District Council,Songolo,13078,6441,6637,2673,62,chemba,songolo
Chemba District Council,Mrijo,27777,13712,14065,6407,62,chemba,mrijo
Chemba District Council,Chandama,10511,5132,5379,2221,62,chemba,chandama
Chemba District Council,Goima,14985,7502,7483,3426,62,chemba,goima
Chemba District Council,Chemba,9730,4879,4851,2481,62,chemba,chemba
Chemba District Council,Kidoka,16378,8226,8152,3693,62,chemba,kidoka
Chemba District Council,Soya,12868,6357,6511,2972,62,chemba,soya
Chemba District Council,Makorongo,8640,4245,4395,1975,62,chemba,makorongo
Chemba District Council,Gwandi,7328,3724,3604,1545,62,chemba,gwandi
Chemba District Council,Farkwa,15616,8228,7388,3520,62,chemba,farkwa
Chemba District Council,Tumbakose,5028,2529,2499,1177,62,chemba,tumbakose
Chemba District Council,Babayu,11331,5521,5810,2699,62,chemba,babayu
Chemba District Council,Ovada,8318,4386,3932,1987,62,chemba,ovada
Chemba District Council,Mpendo,11861,5852,6009,2368,62,chemba,mpendo
Chemba District Council,Sanzawa,15970,8154,7816,3418,62,chemba,sanzawa
Chemba District Council,Kwamtoro,17657,9194,8463,3784,62,chemba,kwamtoro
Chemba District Council,Lalta,5781,2983,2798,1351,62,chemba,lalta
Chemba District Council,Lahoda,20584,10859,9725,3800,62,chemba,lahoda
Chemba District Council,Kinyamsindo,7001,3515,3486,1502,62,chemba,kinyamsindo
Monduli District Council,Monduli Juu,15051,6863,8188,3234,64,monduli,mondulijuu
Monduli District Council,Engutoto,9643,4468,5175,2336,64,monduli,engutoto
Monduli District Council,Monduli Mjini,7608,3678,3930,2410,64,monduli,mondulimjini
Monduli District Council,Moita,14666,6661,8005,3146,64,monduli,moita
Monduli District Council,Sepeko,13633,6205,7428,2911,64,monduli,sepeko
Monduli District Council,Lolkisale,9466,4665,4801,2190,64,monduli,lolkisale
Monduli District Council,Lepurko,12988,5694,7294,3009,64,monduli,lepurko
Monduli District Council,Meserani,10771,4670,6101,2685,64,monduli,meserani
Monduli District Council,Mfereji,8221,3629,4592,1997,64,monduli,mfereji
Monduli District Council,Naalarami,4550,2057,2493,1020,64,monduli,naalarami
Monduli District Council,Lemooti,7474,3776,3698,1582,64,monduli,lemooti
Monduli District Council,Makuyuni,14803,6955,7848,3555,64,monduli,makuyuni
Monduli District Council,Esilalei,29020,13021,15999,7392,64,monduli,esilalei
Monduli District Council,Mswakini,7803,3626,4177,1636,64,monduli,mswakini
Monduli District Council,Engaruka,17187,7608,9579,4016,64,monduli,engaruka
Monduli District Council,Selela,14275,6474,7801,3307,64,monduli,selela
Monduli District Council,Mto wa Mbu,7995,3885,4110,2480,64,monduli,mtowambu
Monduli District Council,Majengo,9568,4756,4812,2766,64,monduli,majengo
Monduli District Council,Migungani,7731,3753,3978,2277,64,monduli,migungani
Meru District Council,Ngarenanyuki,10078,4924,5154,2662,65,meru,ngarenanyuki
Meru District Council,Leguruki,9528,4588,4940,2319,65,meru,leguruki
Meru District Council,King'ori,13034,6246,6788,3343,65,meru,kingori
Meru District Council,Maji ya Chai,19779,9389,10390,5222,65,meru,majiyachai
Meru District Council,Kikatiti,21611,10458,11153,5840,65,meru,kikatiti
Meru District Council,Ngabobo,4184,2019,2165,983,65,meru,ngabobo
Meru District Council,Uwiro,11762,5792,5970,2947,65,meru,uwiro
Meru District Council,Maruvango,9796,4795,5001,2385,65,meru,maruvango
Meru District Council,Malula,12526,5979,6547,3422,65,meru,malula
Meru District Council,Imbaseni,29770,13938,15832,8777,65,meru,imbaseni
Meru District Council,Usariver,29938,14374,15564,9203,65,meru,usariver
Meru District Council,Nkoaranga,10229,5013,5216,2818,65,meru,nkoaranga
Meru District Council,Poli,11399,5530,5869,3378,65,meru,poli
Meru District Council,Seela Sing'isi,11756,5746,6010,3485,65,meru,seelasingisi
Meru District Council,Akheri,17236,8241,8995,5291,65,meru,akheri
Meru District Council,Nkoanrua,8679,4297,4382,2446,65,meru,nkoanrua
Meru District Council,Songoro,10813,5462,5351,2849,65,meru,songoro
Meru District Council,Nkoarisambu,6892,3328,3564,1944,65,meru,nkoarisambu
Meru District Council,Nkoanekoli,4623,2294,2329,1295,65,meru,nkoanekoli
Meru District Council,Ambureni,16971,7859,9112,4944,65,meru,ambureni
Meru District Council,Maroroni,16113,8114,7999,4162,65,meru,maroroni
Meru District Council,Makiba,10294,5012,5282,2684,65,meru,makiba
Meru District Council,Mbuguni,10026,5041,4985,2665,65,meru,mbuguni
Meru District Council,Kikwe,10965,5689,5276,3030,65,meru,kikwe
Meru District Council,Majengo,6570,3195,3375,1536,65,meru,majengo
Meru District Council,Shambarai Burka,7031,3474,3557,1881,65,meru,shambaraiburka
Arusha District Council,Oldonyosambu,13003,5986,7017,3022,66,arusha,oldonyosambu
Arusha District Council,Lengijave,15027,6547,8480,3402,66,arusha,lengijave
Arusha District Council,Olturumet,13869,6510,7359,3457,66,arusha,olturumet
Arusha District Council,Mwandet,22650,10107,12543,5152,66,arusha,mwandet
Arusha District Council,Musa,13481,6239,7242,3139,66,arusha,musa
Arusha District Council,Kisongo,12519,5896,6623,2939,66,arusha,kisongo
Arusha District Council,Mateves,23287,11089,12198,7556,66,arusha,mateves
Arusha District Council,Oldonyowass,11905,5476,6429,2889,66,arusha,oldonyowass
Arusha District Council,Lemanyata,14672,6465,8207,3399,66,arusha,lemanyata
Arusha District Council,Laroi,7096,3322,3774,1743,66,arusha,laroi
Arusha District Council,Ilkiding'a,15218,7265,7953,3679,66,arusha,ilkidinga
Arusha District Council,Olturoto,18899,9146,9753,4971,66,arusha,olturoto
Arusha District Council,Kiranyi,40158,19048,21110,12315,66,arusha,kiranyi
Arusha District Council,Kimnyak,16332,7637,8695,3758,66,arusha,kimnyak
Arusha District Council,Oljoro,9100,4178,4922,2372,66,arusha,oljoro
Arusha District Council,Sambasha,12739,5457,7282,3117,66,arusha,sambasha
Arusha District Council,Oloirien,29477,13736,15741,8690,66,arusha,oloirien
Arusha District Council,Olmotonyi,13345,6201,7144,3758,66,arusha,olmotonyi
Arusha District Council,Tarakwa,11205,5334,5871,2689,66,arusha,tarakwa
Arusha District Council,Ilboru,9367,4639,4728,3229,66,arusha,ilboru
Arusha District Council,Bangata,10166,5013,5153,2678,66,arusha,bangata
Arusha District Council,Sokon II,20213,9833,10380,5414,66,arusha,sokonii
Arusha District Council,Bwawani,14025,7001,7024,3505,66,arusha,bwawani
Arusha District Council,Nduruma,14490,7207,7283,3698,66,arusha,nduruma
Arusha District Council,Mlangarini,19291,9401,9890,5152,66,arusha,mlangarini
Arusha District Council,Kiutu,22874,10850,12024,6981,66,arusha,kiutu
Longido District Council,Matale A,8340,4189,4151,1796,67,longido,matalea
Longido District Council,Engarenaibor,15227,7298,7929,3322,67,longido,engarenaibor
Longido District Council,Mundarara,11442,5757,5685,2852,67,longido,mundarara
Longido District Council,Ketumbeine,10203,5024,5179,2230,67,longido,ketumbeine
Longido District Council,Elang'atadapash,6528,2987,3541,1468,67,longido,elangatadapash
Longido District Council,Ilorienito,6932,3031,3901,1615,67,longido,ilorienito
Longido District Council,Gelai Meirugoi,12474,5720,6754,3051,67,longido,gelaimeirugoi
Longido District Council,Gelai Lumbwa,9932,4621,5311,2190,67,longido,gelailumbwa
Longido District Council,Noondoto,5808,2738,3070,1342,67,longido,noondoto
Longido District Council,Engikaret,8298,3722,4576,1958,67,longido,engikaret
Longido District Council,Kimokouwa,14435,6933,7502,3548,67,longido,kimokouwa
Longido District Council,Namanga,12340,5922,6418,4299,67,longido,namanga
Longido District Council,Orbomba,11060,5202,5858,2523,67,longido,orbomba
Longido District Council,Longido,3948,1836,2112,1181,67,longido,longido
Longido District Council,Tingatinga,8262,3629,4633,1946,67,longido,tingatinga
Longido District Council,Olmolog,12536,5913,6623,2906,67,longido,olmolog
Longido District Council,Kamwanga,13053,6190,6863,3060,67,longido,kamwanga
Longido District Council,Sinya,5097,2175,2922,1190,67,longido,sinya
Karatu District Council,Baray,31472,16564,14908,6918,68,karatu,baray
Karatu District Council,Mang'ola,19982,10313,9669,4898,68,karatu,mangola
Karatu District Council,Endamaghang,5742,3096,2646,1318,68,karatu,endamaghang
Karatu District Council,Karatu,29825,14665,15160,9116,68,karatu,karatu
Karatu District Council,Daa,13561,7435,6126,3122,68,karatu,daa
Karatu District Council,Oldeani,6984,3607,3377,1810,68,karatu,oldeani
Karatu District Council,Qurus,28576,14441,14135,6355,68,karatu,qurus
Karatu District Council,Ganako,20350,10183,10167,4781,68,karatu,ganako
Karatu District Council,Rhotia,29264,15358,13906,6258,68,karatu,rhotia
Karatu District Council,Mbulumbulu,22042,11404,10638,4792,68,karatu,mbulumbulu
Karatu District Council,Endamarariek,29342,15158,14184,5937,68,karatu,endamarariek
Karatu District Council,Buger,10124,5152,4972,1843,68,karatu,buger
Karatu District Council,Endabash,17964,9511,8453,3641,68,karatu,endabash
Karatu District Council,Kansay,15226,8032,7194,2896,68,karatu,kansay
Ngorongoro District Council,Orgosorok,11161,5556,5605,3099,69,ngorongoro,orgosorok
Ngorongoro District Council,Arash,14024,6674,7350,2951,69,ngorongoro,arash
Ngorongoro District Council,Soitsambu,16899,8151,8748,3334,69,ngorongoro,soitsambu
Ngorongoro District Council,Enguserosambu,13555,6592,6963,2764,69,ngorongoro,enguserosambu
Ngorongoro District Council,Olorien/Magaiduru,10898,5287,5611,2194,69,ngorongoro,olorienmagaiduru
Ngorongoro District Council,Maalon,10842,5034,5808,2276,69,ngorongoro,maalon
Ngorongoro District Council,Ololosokwan,16503,8088,8415,3131,69,ngorongoro,ololosokwan
Ngorongoro District Council,Oloipiri,9917,4797,5120,2041,69,ngorongoro,oloipiri
Ngorongoro District Council,Digodigo,4994,2419,2575,1114,69,ngorongoro,digodigo
Ngorongoro District Council,Oldonyosambu,5431,2527,2904,1103,69,ngorongoro,oldonyosambu
Ngorongoro District Council,Pinyinyi,7689,3663,4026,1662,69,ngorongoro,pinyinyi
Ngorongoro District Council,Sale,6576,3127,3449,1533,69,ngorongoro,sale
Ngorongoro District Council,Malambo,12076,5487,6589,2813,69,ngorongoro,malambo
Ngorongoro District Council,Samunge,10230,5087,5143,2067,69,ngorongoro,samunge
Ngorongoro District Council,Kirangi,8061,4063,3998,1552,69,ngorongoro,kirangi
Ngorongoro District Council,Engaresero,7697,3521,4176,1782,69,ngorongoro,engaresero
Ngorongoro District Council,Piyaya,6203,2800,3403,1470,69,ngorongoro,piyaya
Ngorongoro District Council,Naiyobi,13161,5688,7473,3414,69,ngorongoro,naiyobi
Ngorongoro District Council,Nainokanoka,15725,7476,8249,3571,69,ngorongoro,nainokanoka
Ngorongoro District Council,Olbalbal,7730,3406,4324,1879,69,ngorongoro,olbalbal
Ngorongoro District Council,Ngorongoro,10293,4821,5472,2419,69,ngorongoro,ngorongoro
Ngorongoro District Council,Enduleni,14421,6274,8147,3425,69,ngorongoro,enduleni
Ngorongoro District Council,Kakesio,8268,3679,4589,1928,69,ngorongoro,kakesio
Ngorongoro District Council,Alailelai,11526,5020,6506,2764,69,ngorongoro,alailelai
Ngorongoro District Council,Ngoile,5384,2322,3062,1314,69,ngorongoro,ngoile
Ngorongoro District Council,Misigiyo,6989,3040,3949,1664,69,ngorongoro,misigiyo
Ngorongoro District Council,Alaitolei,4496,1881,2615,1130,69,ngorongoro,alaitolei
Ngorongoro District Council,Eyasi,2800,1370,1430,489,69,ngorongoro,eyasi
Arusha City,Kati,2547,1313,1234,622,70,arusha,kati
Arusha City,Kaloleni,7425,3464,3961,2444,70,arusha,kaloleni
Arusha City,Sekei,7707,3721,3986,2489,70,arusha,sekei
Arusha City,Themi,9204,4467,4737,2844,70,arusha,themi
Arusha City,Daraja II,16555,7968,8587,5419,70,arusha,darajaii
Arusha City,Unga Ltd,14006,6984,7022,4723,70,arusha,ungaltd
Arusha City,Ngarenaro,8812,4307,4505,3003,70,arusha,ngarenaro
Arusha City,Levolosi,6317,3182,3135,1782,70,arusha,levolosi
Arusha City,Kimandolu,28760,13289,15471,9417,70,arusha,kimandolu
Arusha City,Baraa,18331,8408,9923,5272,70,arusha,baraa
Arusha City,Oloirien,22926,10775,12151,7408,70,arusha,oloirien
Arusha City,Moshono,26890,12450,14440,7285,70,arusha,moshono
Arusha City,Moivaro,12215,5720,6495,3401,70,arusha,moivaro
Arusha City,Lemara,26884,12870,14014,8130,70,arusha,lemara
Arusha City,Terrat,20524,9646,10878,5211,70,arusha,terrat
Arusha City,Sokon I,93037,44277,48760,26327,70,arusha,sokoni
Arusha City,Sombetini,28111,13333,14778,9032,70,arusha,sombetini
Arusha City,Engutoto,12759,6619,6140,3160,70,arusha,engutoto
Arusha City,Elerai,19502,9372,10130,6170,70,arusha,elerai
Arusha City,Olasiti,53557,24950,28607,14522,70,arusha,olasiti
Arusha City,Muriet,60209,28001,32208,15633,70,arusha,muriet
Arusha City,Olmoti,14132,6749,7383,4162,70,arusha,olmoti
Arusha City,Sakina,19172,9171,10001,6138,70,arusha,sakina
Arusha City,Osunyai Jr,29507,13769,15738,8923,70,arusha,osunyaijr
Arusha City,Sinoni,58542,27966,30576,17059,70,arusha,sinoni
Rombo District Council,Motamburu Kitendeni,4793,2487,2306,1186,73,rombo,motamburukitendeni
Rombo District Council,Tarakea Motamburu,27019,13315,13704,7105,73,rombo,tarakeamotamburu
Rombo District Council,Nanjara,21881,10711,11170,5406,73,rombo,nanjara
Rombo District Council,Reha,7898,3771,4127,1966,73,rombo,reha
Rombo District Council,Ubetu Kahe,20954,10033,10921,5094,73,rombo,ubetukahe
Rombo District Council,Kitirima,12751,6151,6600,3097,73,rombo,kitirima
Rombo District Council,Kingachi,8266,4028,4238,2013,73,rombo,kingachi
Rombo District Council,Kirongo Samanga,15327,7344,7983,3851,73,rombo,kirongosamanga
Rombo District Council,Olele,6256,2918,3338,1626,73,rombo,olele
Rombo District Council,Marangu Kitowo,7539,3551,3988,2012,73,rombo,marangukitowo
Rombo District Council,Kisale Msaranga,9481,4497,4984,2500,73,rombo,kisalemsaranga
Rombo District Council,Katangara/Mrere,10912,5310,5602,2749,73,rombo,katangaramrere
Rombo District Council,Kirwa Keni,7330,3530,3800,2002,73,rombo,kirwakeni
Rombo District Council,Mrao Keryo,7127,3356,3771,1943,73,rombo,mraokeryo
Rombo District Council,Ushiri/Ikuini,8859,4089,4770,2219,73,rombo,ushiriikuini
Rombo District Council,Kelamfua/Mokala,13945,6602,7343,3696,73,rombo,kelamfuamokala
Rombo District Council,Makiidi,8735,4156,4579,2264,73,rombo,makiidi
Rombo District Council,Shimbi,5502,2635,2867,1438,73,rombo,shimbi
Rombo District Council,Shimbi Kwandele,9435,4588,4847,2446,73,rombo,shimbikwandele
Rombo District Council,Aleni,10178,5049,5129,2643,73,rombo,aleni
Rombo District Council,Mengeni,8567,4124,4443,2190,73,rombo,mengeni
Rombo District Council,Manda,3634,1768,1866,1037,73,rombo,manda
Rombo District Council,Mengwe,4771,2312,2459,1316,73,rombo,mengwe
Rombo District Council,Ngoyoni,4042,1924,2118,1147,73,rombo,ngoyoni
Rombo District Council,Mamsera,4836,2355,2481,1359,73,rombo,mamsera
Rombo District Council,Chala,5856,2966,2890,1620,73,rombo,chala
Rombo District Council,Holili,10932,5491,5441,3298,73,rombo,holili
Rombo District Council,Mahida,8488,4197,4291,2331,73,rombo,mahida
Mwanga District Council,Kighare,5155,2475,2680,1404,74,mwanga,kighare
Mwanga District Council,Kirongwe,4559,2193,2366,1239,74,mwanga,kirongwe
Mwanga District Council,Chomvu,7352,3496,3856,1869,74,mwanga,chomvu
Mwanga District Council,Mwaniko,7272,3515,3757,1831,74,mwanga,mwaniko
Mwanga District Council,Msangeni,6661,3239,3422,1721,74,mwanga,msangeni
Mwanga District Council,Kifula,7827,3816,4011,1995,74,mwanga,kifula
Mwanga District Council,Shighatini,7016,3468,3548,1837,74,mwanga,shighatini
Mwanga District Council,Kivisini,2106,1118,988,562,74,mwanga,kivisini
Mwanga District Council,Jipe,3222,1713,1509,814,74,mwanga,jipe
Mwanga District Council,Kigonigoni,3325,1675,1650,820,74,mwanga,kigonigoni
Mwanga District Council,Toloha,3904,1901,2003,890,74,mwanga,toloha
Mwanga District Council,Kwakoa,4359,2116,2243,1123,74,mwanga,kwakoa
Mwanga District Council,Mgagao,8904,4294,4610,2095,74,mwanga,mgagao
Mwanga District Council,Kirya,5808,2833,2975,1505,74,mwanga,kirya
Mwanga District Council,Kilomeni,3909,1894,2015,996,74,mwanga,kilomeni
Mwanga District Council,Lembeni,13601,6518,7083,3574,74,mwanga,lembeni
Mwanga District Council,Ngujini,2974,1443,1531,744,74,mwanga,ngujini
Mwanga District Council,Kileo,17784,8767,9017,4811,74,mwanga,kileo
Mwanga District Council,Lang'ata,9830,4771,5059,2671,74,mwanga,langata
Mwanga District Council,Mwanga,23195,10912,12283,6346,74,mwanga,mwanga
Moshi District Council,Kindi,34045,16413,17632,8721,77,moshi,kindi
Moshi District Council,Kibosho Magharibi,19129,9161,9968,5049,77,moshi,kiboshomagharibi
Moshi District Council,Kibosho Okaoni,9772,4601,5171,2746,77,moshi,kiboshookaoni
Moshi District Council,Kibosho Kati,9539,4466,5073,2582,77,moshi,kiboshokati
Moshi District Council,Kibosho Kirima,11192,5298,5894,2834,77,moshi,kiboshokirima
Moshi District Council,Kibosho Mashariki,13996,7634,6362,3264,77,moshi,kiboshomashariki
Moshi District Council,Uru Kusini,31557,15467,16090,9511,77,moshi,urukusini
Moshi District Council,Uru Kaskazini,10817,5269,5548,2768,77,moshi,urukaskazini
Moshi District Council,Uru Shimbwe,5218,2513,2705,1415,77,moshi,urushimbwe
Moshi District Council,Uru Mashariki,14179,6806,7373,3857,77,moshi,urumashariki
Moshi District Council,Mbokomu,15899,7656,8243,4520,77,moshi,mbokomu
Moshi District Council,Old Moshi Magharibi,8431,4107,4324,2309,77,moshi,oldmoshimagharibi
Moshi District Council,Old Moshi Mashariki,10502,5110,5392,2865,77,moshi,oldmoshimashariki
Moshi District Council,Kimochi,16046,7592,8454,4392,77,moshi,kimochi
Moshi District Council,Arusha Chini,13977,7115,6862,3735,77,moshi,arushachini
Moshi District Council,Mabogini,57231,28038,29193,15288,77,moshi,mabogini
Moshi District Council,Kirua Vunjo Magharibi,11785,5729,6056,3130,77,moshi,kiruavunjomagharibi
Moshi District Council,Kilema Kaskazini,7785,3771,4014,2035,77,moshi,kilemakaskazini
Moshi District Council,Kilema Kati,5019,2456,2563,1349,77,moshi,kilemakati
Moshi District Council,Kahe Mashariki,16286,8367,7919,4553,77,moshi,kahemashariki
Moshi District Council,Kahe Magharibi,24466,12436,12030,6568,77,moshi,kahemagharibi
Moshi District Council,Kirua Vunjo Kusini,27495,13135,14360,7130,77,moshi,kiruavunjokusini
Moshi District Council,Kirua Vunjo Mashariki,7722,3821,3901,2134,77,moshi,kiruavunjomashariki
Moshi District Council,Kilema Kusini,7815,3834,3981,2132,77,moshi,kilemakusini
Moshi District Council,Njia Panda,24778,11800,12978,6840,77,moshi,njiapanda
Moshi District Council,Marangu Magharibi,16775,8047,8728,4456,77,moshi,marangumagharibi
Moshi District Council,Marangu Mashariki,22981,11415,11566,6235,77,moshi,marangumashariki
Moshi District Council,Mamba Kusini,9271,4586,4685,2705,77,moshi,mambakusini
Moshi District Council,Mamba Kaskazini,8231,3976,4255,2325,77,moshi,mambakaskazini
Moshi District Council,Mwika Kaskazini,19934,9916,10018,5550,77,moshi,mwikakaskazini
Moshi District Council,Mwika Kusini,19509,9529,9980,5525,77,moshi,mwikakusini
Moshi District Council,Makuyuni,24421,11886,12535,7146,77,moshi,makuyuni
Hai District Council,Machame Uroki,9761,4856,4905,2646,78,hai,machameuroki
Hai District Council,Machame Magharibi,4827,2329,2498,1454,78,hai,machamemagharibi
Hai District Council,Machame Kaskazini,24151,11969,12182,6344,78,hai,machamekaskazini
Hai District Council,Machame Mashariki,11985,5852,6133,3452,78,hai,machamemashariki
Hai District Council,Machame Narumu,11031,5331,5700,2846,78,hai,machamenarumu
Hai District Council,Mnadani,20327,10051,10276,5516,78,hai,mnadani
Hai District Council,Weruweru,9426,4817,4609,2531,78,hai,weruweru
Hai District Council,Masama Magharibi,9646,4679,4967,2643,78,hai,masamamagharibi
Hai District Council,Masama Kati,10298,5033,5265,2857,78,hai,masamakati
Hai District Council,Masama Mashariki,12904,6321,6583,3606,78,hai,masamamashariki
Hai District Council,Masama Rundugai,16475,8339,8136,4125,78,hai,masamarundugai
Hai District Council,KIA,12732,6096,6636,2968,78,hai,kia
Hai District Council,Muungano,19655,9127,10528,5080,78,hai,muungano
Hai District Council,Bondeni,16182,7683,8499,4338,78,hai,bondeni
Hai District Council,Bomang'ombe,17883,8305,9578,5511,78,hai,bomangombe
Hai District Council,Masama Kusini,18524,9063,9461,4899,78,hai,masamakusini
Hai District Council,Romu,15192,7372,7820,3938,78,hai,romu
Siha District Council,Miti Mirefu,1989,982,1007,574,79,siha,mitimirefu
Siha District Council,Ndumeti,12345,6171,6174,3359,79,siha,ndumeti
Siha District Council,Ngarenairobi,13794,6810,6984,3782,79,siha,ngarenairobi
Siha District Council,Karansi,13816,6593,7223,3196,79,siha,karansi
Siha District Council,Gararagua,11815,5629,6186,2748,79,siha,gararagua
Siha District Council,Sanya Juu,14293,6819,7474,3828,79,siha,sanyajuu
Siha District Council,Livishi,5198,2561,2637,1475,79,siha,livishi
Siha District Council,Nasai,8594,4096,4498,2571,79,siha,nasai
Siha District Council,Kirua,6626,3169,3457,1845,79,siha,kirua
Siha District Council,Ivaeny,3611,1781,1830,1024,79,siha,ivaeny
Siha District Council,Kashashi,5573,2762,2811,1565,79,siha,kashashi
Siha District Council,Ormelili,7174,3393,3781,1768,79,siha,ormelili
Siha District Council,Olkolili,5100,2377,2723,1101,79,siha,olkolili
Siha District Council,Donyomurwak,9840,4724,5116,2180,79,siha,donyomurwak
Siha District Council,Songu,2644,1371,1273,652,79,siha,songu
Siha District Council,Biriri,5179,2542,2637,1287,79,siha,biriri
Siha District Council,Makiwaru,11428,5513,5915,2586,79,siha,makiwaru
Lushoto District Council,Lushoto,21870,10349,11521,6039,82,lushoto,lushoto
Lushoto District Council,Magamba,12169,5851,6318,2988,82,lushoto,magamba
Lushoto District Council,Kwai,6990,3283,3707,1696,82,lushoto,kwai
Lushoto District Council,Migambo,6447,3045,3402,1639,82,lushoto,migambo
Lushoto District Council,Gare,12776,5967,6809,3156,82,lushoto,gare
Lushoto District Council,Kwemashai,5488,2652,2836,1305,82,lushoto,kwemashai
Lushoto District Council,Ngulwi,6148,2878,3270,1457,82,lushoto,ngulwi
Lushoto District Council,Ubiri,6750,3161,3589,1590,82,lushoto,ubiri
Lushoto District Council,Ngwelo,4589,2046,2543,1113,82,lushoto,ngwelo
Lushoto District Council,Kilole,5983,2690,3293,1485,82,lushoto,kilole
Lushoto District Council,Mlola,9897,4399,5498,2425,82,lushoto,mlola
Lushoto District Council,Makanya,13413,6124,7289,3249,82,lushoto,makanya
Lushoto District Council,Malibwi,10583,4565,6018,2657,82,lushoto,malibwi
Lushoto District Council,Mbwei,8524,3718,4806,2165,82,lushoto,mbwei
Lushoto District Council,Kwekanga,11859,5225,6634,2799,82,lushoto,kwekanga
Lushoto District Council,Rangwi,14540,6521,8019,3460,82,lushoto,rangwi
Lushoto District Council,Sunga,10266,4306,5960,2342,82,lushoto,sunga
Lushoto District Council,Mbaru,8523,3688,4835,1963,82,lushoto,mbaru
Lushoto District Council,Mtae,4525,1965,2560,1191,82,lushoto,mtae
Lushoto District Council,Shagayu,7251,3164,4087,1734,82,lushoto,shagayu
Lushoto District Council,Mbaramo,13013,6166,6847,2718,82,lushoto,mbaramo
Lushoto District Council,Mnazi,14182,6891,7291,3382,82,lushoto,mnazi
Lushoto District Council,Lunguza,10424,5015,5409,2549,82,lushoto,lunguza
Lushoto District Council,Mng'aro,9389,4639,4750,2333,82,lushoto,mngaro
Lushoto District Council,Shume,13288,6212,7076,3046,82,lushoto,shume
Lushoto District Council,Lukozi,15991,7506,8485,3917,82,lushoto,lukozi
Lushoto District Council,Malindi,18438,8286,10152,4409,82,lushoto,malindi
Lushoto District Council,Mwangoi,10752,4783,5969,2690,82,lushoto,mwangoi
Lushoto District Council,Dule ‘M’,7550,3418,4132,1825,82,lushoto,dulem
Lushoto District Council,Manolo,25519,11698,13821,5851,82,lushoto,manolo
Lushoto District Council,Mlalo,7589,3419,4170,1947,82,lushoto,mlalo
Lushoto District Council,Kwemshasha,7748,3367,4381,1946,82,lushoto,kwemshasha
Lushoto District Council,Hemtoye,8484,3818,4666,2083,82,lushoto,hemtoye
Bumbuli District Council,Baga,8777,4258,4519,1987,83,bumbuli,baga
Bumbuli District Council,Mgwashi,13450,6417,7033,3110,83,bumbuli,mgwashi
Bumbuli District Council,Nkongoi,10280,4928,5352,2301,83,bumbuli,nkongoi
Bumbuli District Council,Kwemkomole,4608,2208,2400,1038,83,bumbuli,kwemkomole
Bumbuli District Council,Bumbuli,9917,4707,5210,2522,83,bumbuli,bumbuli
Bumbuli District Council,"Dule ""B""",7949,3769,4180,1978,83,bumbuli,duleb
Bumbuli District Council,Kisiwani,6504,3092,3412,1559,83,bumbuli,kisiwani
Bumbuli District Council,Mamba,11049,5208,5841,2744,83,bumbuli,mamba
Bumbuli District Council,Milingano,8749,4307,4442,1870,83,bumbuli,milingano
Bumbuli District Council,Mayo,5187,2535,2652,1269,83,bumbuli,mayo
Bumbuli District Council,Mahezangulu,8683,4111,4572,2072,83,bumbuli,mahezangulu
Bumbuli District Council,Tamota,7951,3787,4164,2006,83,bumbuli,tamota
Bumbuli District Council,Funta,9341,4342,4999,2515,83,bumbuli,funta
Bumbuli District Council,Soni,13747,6395,7352,3405,83,bumbuli,soni
Bumbuli District Council,Mbuzii,6213,2911,3302,1560,83,bumbuli,mbuzii
Bumbuli District Council,Mponde,10205,4933,5272,2570,83,bumbuli,mponde
Bumbuli District Council,Usambara,5353,2638,2715,1272,83,bumbuli,usambara
Bumbuli District Council,Vuga,11410,5577,5833,2842,83,bumbuli,vuga
Korogwe District Council,Makuyuni,10393,4940,5453,2668,84,korogwe,makuyuni
Korogwe District Council,Chekelei,9778,4710,5068,2510,84,korogwe,chekelei
Korogwe District Council,Mombo,24280,11479,12801,6312,84,korogwe,mombo
Korogwe District Council,Mkalamo,12281,5922,6359,2772,84,korogwe,mkalamo
Korogwe District Council,Mazinde,13458,6375,7083,3344,84,korogwe,mazinde
Korogwe District Council,Mkomazi,12446,6281,6165,3225,84,korogwe,mkomazi
Korogwe District Council,Mswaha,14331,7092,7239,3471,84,korogwe,mswaha
Korogwe District Council,Magamba Kwalukonge,7108,3427,3681,1753,84,korogwe,magambakwalukonge
Korogwe District Council,Mkumbara,11845,5728,6117,2799,84,korogwe,mkumbara
Korogwe District Council,Magila Gereza,6674,3186,3488,1720,84,korogwe,magilagereza
Korogwe District Council,Vugiri,8465,4161,4304,2170,84,korogwe,vugiri
Korogwe District Council,Dindira,7848,3752,4096,1931,84,korogwe,dindira
Korogwe District Council,Bungu,6995,3390,3605,1727,84,korogwe,bungu
Korogwe District Council,Lutindi,3084,1596,1488,772,84,korogwe,lutindi
Korogwe District Council,Kwashemshi,9064,4452,4612,2303,84,korogwe,kwashemshi
Korogwe District Council,Mpale,9166,4561,4605,2084,84,korogwe,mpale
Korogwe District Council,Mgwashi,4231,2037,2194,1019,84,korogwe,mgwashi
Korogwe District Council,Mlungui,5887,2912,2975,1320,84,korogwe,mlungui
Korogwe District Council,Lewa,4788,2323,2465,1192,84,korogwe,lewa
Korogwe District Council,Mashewa,10366,5044,5322,2487,84,korogwe,mashewa
Korogwe District Council,Kizara,8583,4210,4373,1984,84,korogwe,kizara
Korogwe District Council,Magoma,13564,6593,6971,3500,84,korogwe,magoma
Korogwe District Council,Kerenge,9273,4608,4665,2300,84,korogwe,kerenge
Korogwe District Council,Kalalani,3654,2167,1487,1275,84,korogwe,kalalani
Korogwe District Council,Foroforo,7032,3518,3514,1477,84,korogwe,foroforo
Korogwe District Council,Makumba,6108,2993,3115,1496,84,korogwe,makumba
Korogwe District Council,Kwagunda,9684,4796,4888,2690,84,korogwe,kwagunda
Korogwe District Council,Mnyuzi,5822,2852,2970,1559,84,korogwe,mnyuzi
Korogwe District Council,Hale,16662,8034,8628,4417,84,korogwe,hale
Korogwe Town Council,Mgombezi,4884,2509,2375,1287,85,korogwe,mgombezi
Korogwe Town Council,Mtonga,16300,7711,8589,4174,85,korogwe,mtonga
Korogwe Town Council,Magunga,8848,4289,4559,2184,85,korogwe,magunga
Korogwe Town Council,Kwamndolwa,5354,2500,2854,1402,85,korogwe,kwamndolwa
Korogwe Town Council,Old Korogwe,8126,3954,4172,2116,85,korogwe,oldkorogwe
Korogwe Town Council,Manundu,13271,6295,6976,3959,85,korogwe,manundu
Korogwe Town Council,Kilole,6375,3120,3255,1697,85,korogwe,kilole
Korogwe Town Council,Kwamsisi,6155,3035,3120,1571,85,korogwe,kwamsisi
Korogwe Town Council,Masuguru,3885,1848,2037,1102,85,korogwe,masuguru
Korogwe Town Council,Majengo,5408,2601,2807,1507,85,korogwe,majengo
Korogwe Town Council,Bagamoyo,7945,3746,4199,1976,85,korogwe,bagamoyo
Muheza District Council,Misozwe,4252,2192,2060,1210,86,muheza,misozwe
Muheza District Council,Pande Darajani,4235,2209,2026,1320,86,muheza,pandedarajani
Muheza District Council,Ngomeni,11148,5505,5643,3027,86,muheza,ngomeni
Muheza District Council,Kigombe,8536,4309,4227,2403,86,muheza,kigombe
Muheza District Council,Lusanga,8654,4202,4452,2370,86,muheza,lusanga
Muheza District Council,Kicheba,6037,2980,3057,1633,86,muheza,kicheba
Muheza District Council,Mpapayu,3167,1622,1545,916,86,muheza,mpapayu
Muheza District Council,Mlingano,8763,4339,4424,2381,86,muheza,mlingano
Muheza District Council,Kwemingoji,2905,1519,1386,815,86,muheza,kwemingoji
Muheza District Council,Magoroto,6658,3381,3277,1670,86,muheza,magoroto
Muheza District Council,Magila,6163,2978,3185,1627,86,muheza,magila
Muheza District Council,Mbaramo,6251,2999,3252,1673,86,muheza,mbaramo
Muheza District Council,Majengo,8285,3894,4391,2454,86,muheza,majengo
Muheza District Council,Masuguru,4754,2152,2602,1330,86,muheza,masuguru
Muheza District Council,Tingeni,3233,1627,1606,881,86,muheza,tingeni
Muheza District Council,Kilulu,10798,5199,5599,2878,86,muheza,kilulu
Muheza District Council,Mkuzi,8785,4332,4453,2479,86,muheza,mkuzi
Muheza District Council,Mtindiro,6034,3082,2952,1730,86,muheza,mtindiro
Muheza District Council,Kwakifua,3144,1557,1587,840,86,muheza,kwakifua
Muheza District Council,Kwemkabala,13177,6266,6911,3441,86,muheza,kwemkabala
Muheza District Council,Genge,8385,3884,4501,2287,86,muheza,genge
Muheza District Council,Tanganyika,3334,1621,1713,966,86,muheza,tanganyika
Muheza District Council,Kwabada,5554,2902,2652,1625,86,muheza,kwabada
Muheza District Council,Kwafungo,8248,4309,3939,2372,86,muheza,kwafungo
Muheza District Council,Songa,5941,3054,2887,1547,86,muheza,songa
Muheza District Council,Bwembwera,5635,2949,2686,1640,86,muheza,bwembwera
Muheza District Council,Potwe,5874,2959,2915,1605,86,muheza,potwe
Muheza District Council,Nkumba,6960,3489,3471,1980,86,muheza,nkumba
Muheza District Council,Tongwe,7087,3604,3483,2056,86,muheza,tongwe
Muheza District Council,Mhamba,3557,1882,1675,935,86,muheza,mhamba
Muheza District Council,Makole,6536,3230,3306,1800,86,muheza,makole
Muheza District Council,Misalai,6741,3313,3428,1807,86,muheza,misalai
Muheza District Council,Zirai,5144,2605,2539,1190,86,muheza,zirai
Muheza District Council,Mbomole,5786,2900,2886,1593,86,muheza,mbomole
Muheza District Council,Amani,6148,3155,2993,1661,86,muheza,amani
Muheza District Council,Kwezitu,5727,2964,2763,1464,86,muheza,kwezitu
Tanga City Council,Nguvumali,17249,8675,8574,4556,87,tanga,nguvumali
Tanga City Council,Chumbageni,14326,6990,7336,3725,87,tanga,chumbageni
Tanga City Council,Mzizima,17561,8834,8727,4888,87,tanga,mzizima
Tanga City Council,Mabokweni,6276,3084,3192,1512,87,tanga,mabokweni
Tanga City Council,Kiomoni,10151,5500,4651,2510,87,tanga,kiomoni
Tanga City Council,Chongoleani,5882,3000,2882,1469,87,tanga,chongoleani
Tanga City Council,Central,5462,2781,2681,1092,87,tanga,central
Tanga City Council,Ngamiani Kaskazini,3326,1590,1736,795,87,tanga,ngamianikaskazini
Tanga City Council,Usagara,10317,5059,5258,2795,87,tanga,usagara
Tanga City Council,Makorora,18630,8892,9738,4922,87,tanga,makorora
Tanga City Council,Mzingani,15621,7453,8168,4033,87,tanga,mzingani
Tanga City Council,Mnyanjani,21940,10628,11312,4860,87,tanga,mnyanjani
Tanga City Council,Majengo,7290,3490,3800,1960,87,tanga,majengo
Tanga City Council,Ngamiani Kati,4200,2112,2088,1084,87,tanga,ngamianikati
Tanga City Council,Ngamiani Kusini,7637,3838,3799,2022,87,tanga,ngamianikusini
Tanga City Council,Msambweni,10774,5196,5578,2990,87,tanga,msambweni
Tanga City Council,Mwanzange,8386,4048,4338,2226,87,tanga,mwanzange
Tanga City Council,Mabawa,26978,12700,14278,6816,87,tanga,mabawa
Tanga City Council,Magaoni,21746,10422,11324,5303,87,tanga,magaoni
Tanga City Council,Tangasisi,28434,13442,14992,6500,87,tanga,tangasisi
Tanga City Council,Tongoni,6103,3074,3029,1573,87,tanga,tongoni
Tanga City Council,Marungu,3612,1899,1713,1066,87,tanga,marungu
Tanga City Council,Pongwe,23466,11118,12348,6267,87,tanga,pongwe
Tanga City Council,Maweni,40742,20734,20008,10168,87,tanga,maweni
Tanga City Council,Duga,24545,11888,12657,6226,87,tanga,duga
Tanga City Council,Kirare,4933,2486,2447,1365,87,tanga,kirare
Tanga City Council,Masiwani,27842,13261,14581,6147,87,tanga,masiwani
Pangani District Council,Madanga,3705,1832,1873,1109,88,pangani,madanga
Pangani District Council,Kimang'a,4739,2348,2391,1324,88,pangani,kimanga
Pangani District Council,Bushiri,4127,2135,1992,1214,88,pangani,bushiri
Pangani District Council,Masaika,5046,2743,2303,1468,88,pangani,masaika
Pangani District Council,Pangani Mashariki,4157,1911,2246,1056,88,pangani,panganimashariki
Pangani District Council,Pangani Magharibi,8179,3959,4220,2184,88,pangani,panganimagharibi
Pangani District Council,Bweni,1493,723,770,370,88,pangani,bweni
Pangani District Council,Mwera,6059,2963,3096,1679,88,pangani,mwera
Pangani District Council,Tungamaa,3101,1587,1514,844,88,pangani,tungamaa
Pangani District Council,Kipumbwi,12268,6296,5972,3185,88,pangani,kipumbwi
Pangani District Council,Mikinguni,5963,3034,2929,1463,88,pangani,mikinguni
Pangani District Council,Ubangaa,3261,1750,1511,880,88,pangani,ubangaa
Pangani District Council,Mkwaja,6663,3502,3161,1704,88,pangani,mkwaja
Pangani District Council,Mkalamo,6881,3420,3461,1774,88,pangani,mkalamo
Handeni District Council,Sindeni,21828,10297,11531,4825,89,handeni,sindeni
Handeni District Council,Misima,19779,9336,10443,4077,89,handeni,misima
Handeni District Council,Kiva,10874,5357,5517,2283,89,handeni,kiva
Handeni District Council,Kwamatuku,16600,8388,8212,3912,89,handeni,kwamatuku
Handeni District Council,Segera,28576,13970,14606,7222,89,handeni,segera
Handeni District Council,Kwedizinga,8168,4080,4088,2052,89,handeni,kwedizinga
Handeni District Council,Kwamgwe,10531,5450,5081,2651,89,handeni,kwamgwe
Handeni District Council,Ndolwa,26886,13208,13678,5610,89,handeni,ndolwa
Handeni District Council,Kabuku,18346,9015,9331,4342,89,handeni,kabuku
Handeni District Council,Mgambo,14821,8051,6770,3060,89,handeni,mgambo
Handeni District Council,Komkonga,19222,9321,9901,4278,89,handeni,komkonga
Handeni District Council,Kabuku Ndani,16575,8040,8535,4280,89,handeni,kabukundani
Handeni District Council,Mazingara,26832,13371,13461,5791,89,handeni,mazingara
Handeni District Council,Mkata,40365,19887,20478,10056,89,handeni,mkata
Handeni District Council,Kitumbi,14381,7236,7145,3236,89,handeni,kitumbi
Handeni District Council,Kwamsisi,16801,8494,8307,4463,89,handeni,kwamsisi
Handeni District Council,Kwasunga,11100,5512,5588,2579,89,handeni,kwasunga
Handeni District Council,Kwaluguru,13650,6623,7027,3014,89,handeni,kwaluguru
Handeni District Council,Kang'ata,21696,11332,10364,4850,89,handeni,kangata
Handeni District Council,Kwankonje,12696,6223,6473,2650,89,handeni,kwankonje
Handeni District Council,Kwachaga,14626,7234,7392,3262,89,handeni,kwachaga
Handeni Town Council,Malezi,10238,5137,5101,2096,90,handeni,malezi
Handeni Town Council,Kwenjugo,11071,5372,5699,2559,90,handeni,kwenjugo
Handeni Town Council,Mabanda,10207,4856,5351,2175,90,handeni,mabanda
Handeni Town Council,Konje,4539,2275,2264,926,90,handeni,konje
Handeni Town Council,Mlimani,7635,3729,3906,1692,90,handeni,mlimani
Handeni Town Council,Msasa,5258,2613,2645,1169,90,handeni,msasa
Handeni Town Council,Kideleko,6037,3038,2999,1468,90,handeni,kideleko
Handeni Town Council,Kwamagome,15138,7511,7627,3546,90,handeni,kwamagome
Handeni Town Council,Vibaoni,7563,3670,3893,1865,90,handeni,vibaoni
Handeni Town Council,Chanika,14985,7045,7940,3757,90,handeni,chanika
Handeni Town Council,Mdoe,11115,5242,5873,2991,90,handeni,mdoe
Handeni Town Council,Kwediyamba,5182,2598,2584,1221,90,handeni,kwediyamba
Kilindi District Council,Mvungwe,17946,8722,9224,3888,91,kilindi,mvungwe
Kilindi District Council,Kwediboma,26630,12895,13735,5913,91,kilindi,kwediboma
Kilindi District Council,Saunyi,7545,3621,3924,1584,91,kilindi,saunyi
Kilindi District Council,Kisangasa,18415,9287,9128,4026,91,kilindi,kisangasa
Kilindi District Council,Kibirashi,31251,15402,15849,7012,91,kilindi,kibirashi
Kilindi District Council,Kilwa,8749,4485,4264,1865,91,kilindi,kilwa
Kilindi District Council,Mkindi,16986,8212,8774,3701,91,kilindi,mkindi
Kilindi District Council,Jaila,14485,7119,7366,3094,91,kilindi,jaila
Kilindi District Council,Msanja,29475,14964,14511,6647,91,kilindi,msanja
Kilindi District Council,Mabalanga,13508,6871,6637,2909,91,kilindi,mabalanga
Kilindi District Council,Kimbe,27906,14166,13740,5968,91,kilindi,kimbe
Kilindi District Council,Kilindi,23903,12484,11419,5126,91,kilindi,kilindi
Kilindi District Council,Negero,24223,11881,12342,5578,91,kilindi,negero
Kilindi District Council,Lwande,14391,7360,7031,3040,91,kilindi,lwande
Kilindi District Council,Kikunde,16621,8255,8366,4071,91,kilindi,kikunde
Kilindi District Council,Songe,20202,9790,10412,4711,91,kilindi,songe
Kilindi District Council,Pagwi,22651,11648,11003,4394,91,kilindi,pagwi
Kilindi District Council,Masagalu,16341,8191,8150,3576,91,kilindi,masagalu
Kilindi District Council,Tunguli,10902,5422,5480,2509,91,kilindi,tunguli
Kilindi District Council,Kwekivu,16879,8602,8277,3526,91,kilindi,kwekivu
Kilindi District Council,Bokwa,19382,9164,10218,4301,91,kilindi,bokwa
Mkinga District Council,Mwakijembe,7708,3806,3902,1667,92,mkinga,mwakijembe
Mkinga District Council,Mkinga,5628,2708,2920,1255,92,mkinga,mkinga
Mkinga District Council,Duga,15934,7746,8188,3353,92,mkinga,duga
Mkinga District Council,Moa,7419,3780,3639,1618,92,mkinga,moa
Mkinga District Council,Manza,5483,2871,2612,990,92,mkinga,manza
Mkinga District Council,Kwale,5988,2948,3040,1241,92,mkinga,kwale
Mkinga District Council,Mtimbwani,4328,2103,2225,1015,92,mkinga,mtimbwani
Mkinga District Council,Doda,3398,1703,1695,806,92,mkinga,doda
Mkinga District Council,Boma,2741,1286,1455,586,92,mkinga,boma
Mkinga District Council,Parungu Kasera,5556,2798,2758,1288,92,mkinga,parungukasera
Mkinga District Council,Mayomboni,5610,2860,2750,1256,92,mkinga,mayomboni
Mkinga District Council,Sigaya,5002,2393,2609,1026,92,mkinga,sigaya
Mkinga District Council,Gombero,6292,3146,3146,1578,92,mkinga,gombero
Mkinga District Council,Mhinduro,7354,3760,3594,2065,92,mkinga,mhinduro
Mkinga District Council,Maramba,13434,6525,6909,3506,92,mkinga,maramba
Mkinga District Council,Kigongoi Mashariki,4851,2501,2350,1077,92,mkinga,kigongoimashariki
Mkinga District Council,Daluni,7786,3932,3854,1915,92,mkinga,daluni
Mkinga District Council,Bosha,7754,3932,3822,1828,92,mkinga,bosha
Mkinga District Council,Mapatano,7387,3697,3690,1997,92,mkinga,mapatano
Mkinga District Council,Bwiti,10490,5209,5281,2670,92,mkinga,bwiti
Mkinga District Council,Mnyenzani,3738,1931,1807,1058,92,mkinga,mnyenzani
Mkinga District Council,Kigongoi Magharibi,2921,1413,1508,747,92,mkinga,kigongoimagharibi
Kilosa District Council,Mabula,9597,4772,4825,2199,95,kilosa,mabula
Kilosa District Council,Maguha,10389,5294,5095,2434,95,kilosa,maguha
Kilosa District Council,Berega,13196,6520,6676,3120,95,kilosa,berega
Kilosa District Council,Magubike,14945,7436,7509,3709,95,kilosa,magubike
Kilosa District Council,Mamboya,15590,7956,7634,3208,95,kilosa,mamboya
Kilosa District Council,Dumila,47237,22815,24422,13130,95,kilosa,dumila
Kilosa District Council,Magole,11752,5734,6018,3313,95,kilosa,magole
Kilosa District Council,Msowero,30647,15735,14912,7948,95,kilosa,msowero
Kilosa District Council,Kitete,13229,6573,6656,3408,95,kilosa,kitete
Kilosa District Council,Mbigiri,13671,7063,6608,3906,95,kilosa,mbigiri
Kilosa District Council,Mtumbatu,24369,11913,12456,5159,95,kilosa,mtumbatu
Kilosa District Council,Mvumi,23895,12136,11759,6241,95,kilosa,mvumi
Kilosa District Council,Rudewa,26169,13198,12971,7078,95,kilosa,rudewa
Kilosa District Council,Kimamba A,8025,3903,4122,2377,95,kilosa,kimambaa
Kilosa District Council,Kimamba B,7875,3879,3996,2221,95,kilosa,kimambab
Kilosa District Council,Lumbiji,9300,4802,4498,1960,95,kilosa,lumbiji
Kilosa District Council,Madoto,3555,1659,1896,892,95,kilosa,madoto
Kilosa District Council,Parakuyo,6638,3118,3520,1358,95,kilosa,parakuyo
Morogoro District Council,Mkambalani,18388,9257,9131,5267,96,morogoro,mkambalani
Morogoro District Council,Mikese,23637,11828,11809,6310,96,morogoro,mikese
Morogoro District Council,Gwata,9798,5082,4716,2429,96,morogoro,gwata
Morogoro District Council,Kidugalo,8939,4569,4370,2543,96,morogoro,kidugalo
Morogoro District Council,Mkulazi,6617,3351,3266,1547,96,morogoro,mkulazi
Morogoro District Council,Ngerengere,15509,7540,7969,4394,96,morogoro,ngerengere
Morogoro District Council,Tununguo,11924,6166,5758,3180,96,morogoro,tununguo
Morogoro District Council,Matuli,8265,4212,4053,2090,96,morogoro,matuli
Morogoro District Council,Kinole,13356,6686,6670,3559,96,morogoro,kinole
Morogoro District Council,Kiroka,14307,6919,7388,4154,96,morogoro,kiroka
Morogoro District Council,Mkuyuni,14341,6810,7531,3817,96,morogoro,mkuyuni
Morogoro District Council,Tegetero,8528,4281,4247,2013,96,morogoro,tegetero
Morogoro District Council,Kibuko,6485,3198,3287,1723,96,morogoro,kibuko
Morogoro District Council,Tomondo,11503,5679,5824,3121,96,morogoro,tomondo
Morogoro District Council,Kibogwa,10929,5396,5533,2624,96,morogoro,kibogwa
Morogoro District Council,Kibungo,6892,3437,3455,1849,96,morogoro,kibungo
Morogoro District Council,Kisemu,10317,4936,5381,2939,96,morogoro,kisemu
Morogoro District Council,Lundi,10773,5466,5307,3005,96,morogoro,lundi
Morogoro District Council,Mtombozi,10247,5148,5099,2539,96,morogoro,mtombozi
Morogoro District Council,Tawa,12166,5976,6190,3320,96,morogoro,tawa
Morogoro District Council,Konde,7146,3562,3584,1933,96,morogoro,konde
Morogoro District Council,Kasanga,7364,3581,3783,1717,96,morogoro,kasanga
Morogoro District Council,Kolero,10360,5046,5314,2769,96,morogoro,kolero
Morogoro District Council,Mvuha,21478,10612,10866,5196,96,morogoro,mvuha
Morogoro District Council,Selembala,8802,4390,4412,2013,96,morogoro,selembala
Morogoro District Council,Bungu,4536,2238,2298,1211,96,morogoro,bungu
Morogoro District Council,Bwakira Chini,31419,15520,15899,7674,96,morogoro,bwakirachini
Morogoro District Council,Bwakira Juu,6776,3289,3487,1591,96,morogoro,bwakirajuu
Morogoro District Council,Kisaki,28414,14055,14359,7914,96,morogoro,kisaki
Morogoro District Council,Mngazi,13708,6663,7045,3914,96,morogoro,mngazi
Morogoro District Council,Singisa,14812,7359,7453,3765,96,morogoro,singisa
Morogoro Municipal Council,Sabasaba,1764,900,864,492,97,morogoro,sabasaba
Morogoro Municipal Council,Uwanja wa Taifa,7476,3555,3921,2495,97,morogoro,uwanjawataifa
Morogoro Municipal Council,Kiwanja cha Ndege,12328,5768,6560,4211,97,morogoro,kiwanjachandege
Morogoro Municipal Council,Mji Mpya,7032,3381,3651,2314,97,morogoro,mjimpya
Morogoro Municipal Council,Kingo,2131,1074,1057,652,97,morogoro,kingo
Morogoro Municipal Council,Mji Mkuu,3626,1832,1794,1117,97,morogoro,mjimkuu
Morogoro Municipal Council,Sultan Area,2382,1127,1255,732,97,morogoro,sultanarea
Morogoro Municipal Council,Mafiga,12666,6089,6577,4371,97,morogoro,mafiga
Morogoro Municipal Council,Mazimbu,19499,9191,10308,6101,97,morogoro,mazimbu
Morogoro Municipal Council,Mwembesongo,28328,13829,14499,8757,97,morogoro,mwembesongo
Morogoro Municipal Council,Kichangani,24184,11615,12569,7107,97,morogoro,kichangani
Morogoro Municipal Council,Kilakala,21758,10292,11466,6124,97,morogoro,kilakala
Morogoro Municipal Council,Boma,8183,4176,4007,2033,97,morogoro,boma
Morogoro Municipal Council,Mlimani,5761,2831,2930,1642,97,morogoro,mlimani
Morogoro Municipal Council,Mbuyuni,4893,2474,2419,1570,97,morogoro,mbuyuni
Morogoro Municipal Council,Kingolwira,15823,7531,8292,4547,97,morogoro,kingolwira
Morogoro Municipal Council,Bigwa,16623,7881,8742,4345,97,morogoro,bigwa
Morogoro Municipal Council,Mzinga,1588,803,785,529,97,morogoro,mzinga
Morogoro Municipal Council,Kihonda,35579,16708,18871,9412,97,morogoro,kihonda
Morogoro Municipal Council,Kauzeni,3225,1605,1620,1005,97,morogoro,kauzeni
Morogoro Municipal Council,Luhungo,3170,1631,1539,930,97,morogoro,luhungo
Morogoro Municipal Council,Magadu,5989,2935,3054,1645,97,morogoro,magadu
Morogoro Municipal Council,Mindu,22447,10824,11623,5792,97,morogoro,mindu
Morogoro Municipal Council,Chamwino,28779,13956,14823,8380,97,morogoro,chamwino
Morogoro Municipal Council,Lukobe,56574,28050,28524,14208,97,morogoro,lukobe
Morogoro Municipal Council,Mkundi,37713,18043,19670,9876,97,morogoro,mkundi
Morogoro Municipal Council,Kihonda Maghorofani,24887,11273,13614,7164,97,morogoro,kihondamaghorofani
Morogoro Municipal Council,Mafisa,25171,12368,12803,7280,97,morogoro,mafisa
Morogoro Municipal Council,Tungi,31830,15075,16755,8978,97,morogoro,tungi
Mlimba District Council,Uchindile,3151,1694,1457,806,98,mlimba,uchindile
Mlimba District Council,Masagati,11092,5815,5277,2925,98,mlimba,masagati
Mlimba District Council,Utengule,20307,10255,10052,4567,98,mlimba,utengule
Mlimba District Council,Kamwene,18169,9036,9133,5164,98,mlimba,kamwene
Mlimba District Council,Mlimba,23984,11540,12444,6929,98,mlimba,mlimba
Mlimba District Council,Kalengakelu,14411,7147,7264,3810,98,mlimba,kalengakelu
Mlimba District Council,Chisano,10418,5221,5197,2715,98,mlimba,chisano
Mlimba District Council,Ching'anda,13527,6746,6781,3911,98,mlimba,chinganda
Mlimba District Council,Chita,27858,13980,13878,6486,98,mlimba,chita
Mlimba District Council,Mngeta,32409,16467,15942,8898,98,mlimba,mngeta
Mlimba District Council,Mchombe,29875,14843,15032,8060,98,mlimba,mchombe
Mlimba District Council,Igima,22336,11278,11058,6133,98,mlimba,igima
Mlimba District Council,Mbingu,15180,7671,7509,4118,98,mlimba,mbingu
Mlimba District Council,Mofu,18911,9624,9287,3872,98,mlimba,mofu
Mlimba District Council,Namwawala,19167,9664,9503,4736,98,mlimba,namwawala
Mlimba District Council,Idete,11741,5966,5775,3160,98,mlimba,idete
Ifakara Town Council,Kidatu,27463,13314,14149,7699,99,ifakara,kidatu
Ifakara Town Council,Msolwa Station,9169,4492,4677,2677,99,ifakara,msolwastation
Ifakara Town Council,Sanje,12777,6306,6471,3759,99,ifakara,sanje
Ifakara Town Council,Mkula,10330,4979,5351,2946,99,ifakara,mkula
Ifakara Town Council,Mang'ula,6144,3005,3139,1785,99,ifakara,mangula
Ifakara Town Council,Mang'ula 'B',8642,4216,4426,2500,99,ifakara,mangulab
Ifakara Town Council,Mwaya,28331,13600,14731,8165,99,ifakara,mwaya
Ifakara Town Council,Kisawasawa,9250,4648,4602,2632,99,ifakara,kisawasawa
Ifakara Town Council,Kiberege,17325,8774,8551,5089,99,ifakara,kiberege
Ifakara Town Council,Signal,11351,5740,5611,3222,99,ifakara,signal
Ifakara Town Council,Kibaoni,29550,14168,15382,8022,99,ifakara,kibaoni
Ifakara Town Council,Mbasa,19674,9425,10249,5169,99,ifakara,mbasa
Ifakara Town Council,Katindiuka,7365,3662,3703,2015,99,ifakara,katindiuka
Ifakara Town Council,Michenga,9945,4901,5044,2814,99,ifakara,michenga
Ifakara Town Council,Lumemo,16893,8379,8514,4685,99,ifakara,lumemo
Ifakara Town Council,Ifakara,13367,6260,7107,4057,99,ifakara,ifakara
Ifakara Town Council,Lipangalala,14387,6898,7489,3912,99,ifakara,lipangalala
Ifakara Town Council,Mlabani,15706,7395,8311,4455,99,ifakara,mlabani
Ifakara Town Council,Viwanjasitini,22755,10861,11894,6727,99,ifakara,viwanjasitini
Ulanga District Council,Ruaha,9319,4781,4538,2535,100,ulanga,ruaha
Ulanga District Council,Chilombola,6074,3096,2978,1684,100,ulanga,chilombola
Ulanga District Council,Sali,4663,2396,2267,1118,100,ulanga,sali
Ulanga District Council,Euga,4646,2318,2328,1232,100,ulanga,euga
Ulanga District Council,Mwaya,11617,5689,5928,3196,100,ulanga,mwaya
Ulanga District Council,Lukande,8075,4405,3670,1674,100,ulanga,lukande
Ulanga District Council,Mbuga,17086,8446,8640,3740,100,ulanga,mbuga
Ulanga District Council,Ilonga,6216,3007,3209,1453,100,ulanga,ilonga
Ulanga District Council,Ketaketa,10290,5115,5175,2637,100,ulanga,ketaketa
Ulanga District Council,Msogezi,10906,5596,5310,2329,100,ulanga,msogezi
Ulanga District Council,Vigoi,7448,3723,3725,1934,100,ulanga,vigoi
Ulanga District Council,Mahenge Mjini,8625,4344,4281,2712,100,ulanga,mahengemjini
Ulanga District Council,Isongo,4474,2255,2219,1227,100,ulanga,isongo
Ulanga District Council,Uponera,5014,2622,2392,1346,100,ulanga,uponera
Ulanga District Council,Mawasiliano,4076,1929,2147,1244,100,ulanga,mawasiliano
Ulanga District Council,Nawenge,6601,3252,3349,1554,100,ulanga,nawenge
Ulanga District Council,Minepa,24360,12044,12316,5353,100,ulanga,minepa
Ulanga District Council,Lupiro,22684,11121,11563,5646,100,ulanga,lupiro
Ulanga District Council,Kichangani,10953,5509,5444,2550,100,ulanga,kichangani
Ulanga District Council,Iragua,31787,15943,15844,5679,100,ulanga,iragua
Ulanga District Council,Milola,17981,8850,9131,4183,100,ulanga,milola
Malinyi District Council,Kilosa Mpepo,15956,8077,7879,3650,101,malinyi,kilosampepo
Malinyi District Council,Ngoheranga,19996,9966,10030,3868,101,malinyi,ngoheranga
Malinyi District Council,Biro,18301,8936,9365,3408,101,malinyi,biro
Malinyi District Council,Igawa,19236,9312,9924,4503,101,malinyi,igawa
Malinyi District Council,Malinyi,38714,19138,19576,9465,101,malinyi,malinyi
Malinyi District Council,Sofi,26090,13077,13013,5300,101,malinyi,sofi
Malinyi District Council,Usangule,24592,12329,12263,4861,101,malinyi,usangule
Malinyi District Council,Mtimbira,22533,10996,11537,5416,101,malinyi,mtimbira
Malinyi District Council,Itete,21196,10825,10371,5507,101,malinyi,itete
Malinyi District Council,Njiwa,18512,9186,9326,3788,101,malinyi,njiwa
Mvomero District Council,Bunduki,6464,3274,3190,1725,102,mvomero,bunduki
Mvomero District Council,Kikeo,8226,4017,4209,2036,102,mvomero,kikeo
Mvomero District Council,Langali,4522,2189,2333,1245,102,mvomero,langali
Mvomero District Council,Tchenzema,3964,1913,2051,1092,102,mvomero,tchenzema
Mvomero District Council,Luale,7316,3627,3689,1787,102,mvomero,luale
Mvomero District Council,Mgeta,3789,1881,1908,941,102,mvomero,mgeta
Mvomero District Council,Nyandira,7801,3753,4048,1973,102,mvomero,nyandira
Mvomero District Council,Mzumbe,19677,9462,10215,5777,102,mvomero,mzumbe
Mvomero District Council,Mlali,23384,11576,11808,6443,102,mvomero,mlali
Mvomero District Council,Doma,14358,7302,7056,4047,102,mvomero,doma
Mvomero District Council,Melela,8920,4413,4507,2549,102,mvomero,melela
Mvomero District Council,Homboza,8355,4226,4129,2165,102,mvomero,homboza
Mvomero District Council,Lubungo,8488,4572,3916,2358,102,mvomero,lubungo
Mvomero District Council,Mangae,8795,4372,4423,2002,102,mvomero,mangae
Mvomero District Council,Msongozi,5155,2603,2552,1378,102,mvomero,msongozi
Mvomero District Council,Mvomero,25654,12675,12979,6897,102,mvomero,mvomero
Mvomero District Council,Hembeti,11332,5634,5698,3041,102,mvomero,hembeti
Mvomero District Council,Maskati,9982,4964,5018,2220,102,mvomero,maskati
Mvomero District Council,Kibati,18379,9200,9179,4460,102,mvomero,kibati
Mvomero District Council,Dakawa,34810,17669,17141,9688,102,mvomero,dakawa
Mvomero District Council,Kinda,8313,4184,4129,2010,102,mvomero,kinda
Mvomero District Council,Mkindo,15523,7846,7677,3898,102,mvomero,mkindo
Mvomero District Council,Pemba,14840,7606,7234,3547,102,mvomero,pemba
Mvomero District Council,Sungaji,18450,9191,9259,4931,102,mvomero,sungaji
Mvomero District Council,Mhonda,19278,9456,9822,5143,102,mvomero,mhonda
Mvomero District Council,Diongoya,31421,15463,15958,8342,102,mvomero,diongoya
Mvomero District Council,Mtibwa,38287,19189,19098,10522,102,mvomero,mtibwa
Mvomero District Council,Kanga,15757,8088,7669,4166,102,mvomero,kanga
Mvomero District Council,Kweuma,5911,3046,2865,1544,102,mvomero,kweuma
Mvomero District Council,Mziha,14590,7443,7147,3013,102,mvomero,mziha
Gairo District Council,Chakwale,9744,4698,5046,2092,103,gairo,chakwale
Gairo District Council,Iyogwe,14528,7305,7223,3266,103,gairo,iyogwe
Gairo District Council,Idibo,12684,6250,6434,2761,103,gairo,idibo
Gairo District Council,Kibedya,13082,6310,6772,2684,103,gairo,kibedya
Gairo District Council,Msingisi,10231,4770,5461,2107,103,gairo,msingisi
Gairo District Council,Gairo,12295,5642,6653,2906,103,gairo,gairo
Gairo District Council,Rubeho,29034,13763,15271,5693,103,gairo,rubeho
Gairo District Council,Italagwe,15979,7886,8093,3506,103,gairo,italagwe
Gairo District Council,Chigela,10065,4746,5319,2159,103,gairo,chigela
Gairo District Council,Leshata,21804,11623,10181,3799,103,gairo,leshata
Gairo District Council,Madege,12765,6261,6504,2469,103,gairo,madege
Gairo District Council,Magoweko,19823,9450,10373,4992,103,gairo,magoweko
Gairo District Council,Mkalama,12532,6087,6445,2415,103,gairo,mkalama
Gairo District Council,Ukwamani,12901,6074,6827,2820,103,gairo,ukwamani
Gairo District Council,Mandege,9625,4695,4930,1850,103,gairo,mandege
Gairo District Council,Chagongwe,14391,6901,7490,2793,103,gairo,chagongwe
Gairo District Council,Chanjale,13952,6811,7141,3017,103,gairo,chanjale
Gairo District Council,Nongwe,12770,6237,6533,2489,103,gairo,nongwe
Bagamoyo District Council,Makurunge,11820,6627,5193,3632,105,bagamoyo,makurunge
Bagamoyo District Council,Magomeni,16530,7925,8605,4665,105,bagamoyo,magomeni
Bagamoyo District Council,Kisutu,7772,3891,3881,2114,105,bagamoyo,kisutu
Bagamoyo District Council,Nianjema,25260,12077,13183,6814,105,bagamoyo,nianjema
Bagamoyo District Council,Dunda,16587,8125,8462,4778,105,bagamoyo,dunda
Bagamoyo District Council,Fukayosi,17011,9059,7952,4888,105,bagamoyo,fukayosi
Bagamoyo District Council,Yombo,11102,5509,5593,3210,105,bagamoyo,yombo
Bagamoyo District Council,Kiromo,14454,7212,7242,4259,105,bagamoyo,kiromo
Bagamoyo District Council,Zinga,22585,11097,11488,6398,105,bagamoyo,zinga
Bagamoyo District Council,Kerege,19814,9711,10103,5570,105,bagamoyo,kerege
Bagamoyo District Council,Mapinga,42543,20594,21949,12032,105,bagamoyo,mapinga
Chalinze District Council,Miono,22096,10970,11126,5403,106,chalinze,miono
Chalinze District Council,Mandera,10933,5529,5404,2904,106,chalinze,mandera
Chalinze District Council,Kiwangwa,25997,12904,13093,7207,106,chalinze,kiwangwa
Chalinze District Council,Msata,24088,12733,11355,5945,106,chalinze,msata
Chalinze District Council,Kimange,11167,5640,5527,2800,106,chalinze,kimange
Chalinze District Council,Mbwewe,20114,9917,10197,5224,106,chalinze,mbwewe
Chalinze District Council,Kibindu,26588,13990,12598,6404,106,chalinze,kibindu
Chalinze District Council,Lugoba,17192,8472,8720,4782,106,chalinze,lugoba
Chalinze District Council,Msoga,14256,7052,7204,3835,106,chalinze,msoga
Chalinze District Council,Talawanda,10141,5172,4969,2542,106,chalinze,talawanda
Chalinze District Council,Ubenazomozi,18483,9379,9104,4970,106,chalinze,ubenazomozi
Chalinze District Council,Bwilingu,58071,27597,30474,16338,106,chalinze,bwilingu
Chalinze District Council,Pera,13040,6534,6506,3720,106,chalinze,pera
Chalinze District Council,Vigwaza,29442,14554,14888,8111,106,chalinze,vigwaza
Kibaha District Council,Gwata,5821,2842,2979,1576,107,kibaha,gwata
Kibaha District Council,Dutumi,6544,3621,2923,1547,107,kibaha,dutumi
Kibaha District Council,Magindu,6785,3326,3459,1788,107,kibaha,magindu
Kibaha District Council,Soga,10283,5290,4993,3276,107,kibaha,soga
Kibaha District Council,Ruvu,4111,2140,1971,1337,107,kibaha,ruvu
Kibaha District Council,Kwala,6066,3066,3000,1580,107,kibaha,kwala
Kibaha District Council,Kikongo,6463,3277,3186,1925,107,kibaha,kikongo
Kibaha District Council,Mlandizi,13333,6255,7078,3986,107,kibaha,mlandizi
Kibaha District Council,Kilangalanga,9984,4784,5200,2819,107,kibaha,kilangalanga
Kibaha District Council,Janga,15524,7335,8189,4639,107,kibaha,janga
Kibaha District Council,Bokomnemela,6871,3494,3377,2129,107,kibaha,bokomnemela
Kibaha District Council,Mtambani,12427,6530,5897,2860,107,kibaha,mtambani
Kibaha District Council,Mtongani,13484,6396,7088,4014,107,kibaha,mtongani
Kibaha District Council,Kawawa,5671,2864,2807,1554,107,kibaha,kawawa
Kibaha Town Council,Pangani,26061,12821,13240,6847,108,kibaha,pangani
Kibaha Town Council,Mailimoja,22164,10571,11593,6097,108,kibaha,mailimoja
Kibaha Town Council,Tumbi,15461,7329,8132,3830,108,kibaha,tumbi
Kibaha Town Council,Picha ya Ndege,24955,11632,13323,7175,108,kibaha,pichayandege
Kibaha Town Council,Mkuza,31482,14605,16877,8585,108,kibaha,mkuza
Kibaha Town Council,Kibaha,23657,10931,12726,6529,108,kibaha,kibaha
Kibaha Town Council,Msangani,12139,6192,5947,2955,108,kibaha,msangani
Kibaha Town Council,Tangini,20146,9733,10413,5791,108,kibaha,tangini
Kibaha Town Council,Sofu,7719,3796,3923,2116,108,kibaha,sofu
Kibaha Town Council,Kongowe,35625,16758,18867,9946,108,kibaha,kongowe
Kibaha Town Council,Misugusugu,14326,7169,7157,4226,108,kibaha,misugusugu
Kibaha Town Council,Visiga,19751,9711,10040,5826,108,kibaha,visiga
Kibaha Town Council,Mbwawa,5846,2909,2937,1791,108,kibaha,mbwawa
Kibaha Town Council,Viziwaziwa,6028,2998,3030,1653,108,kibaha,viziwaziwa
Kisarawe District Council,Mafizi,10042,5295,4747,2720,109,kisarawe,mafizi
Kisarawe District Council,Kurui,4345,2298,2047,1237,109,kisarawe,kurui
Kisarawe District Council,Mzenga,7240,3635,3605,2325,109,kisarawe,mzenga
Kisarawe District Council,Vihingo,5245,2783,2462,1492,109,kisarawe,vihingo
Kisarawe District Council,Kisarawe,11506,5476,6030,3047,109,kisarawe,kisarawe
Kisarawe District Council,Msimbu,18705,9185,9520,5445,109,kisarawe,msimbu
Kisarawe District Council,Masaki,10590,5456,5134,3212,109,kisarawe,masaki
Kisarawe District Council,Kibuta,12981,6676,6305,3713,109,kisarawe,kibuta
Kisarawe District Council,Kiluvya,24308,11433,12875,6305,109,kisarawe,kiluvya
Kisarawe District Council,Kazimzumbwi,7663,3986,3677,2207,109,kisarawe,kazimzumbwi
Kisarawe District Council,Marumbo,6815,3420,3395,2044,109,kisarawe,marumbo
Kisarawe District Council,Maneromango,5203,2539,2664,1397,109,kisarawe,maneromango
Kisarawe District Council,Msanga,7242,3644,3598,1945,109,kisarawe,msanga
Kisarawe District Council,Boga,5204,2575,2629,1403,109,kisarawe,boga
Kisarawe District Council,Marui,7962,4170,3792,1878,109,kisarawe,marui
Kisarawe District Council,Chole,9304,4721,4583,2517,109,kisarawe,chole
Kisarawe District Council,Vikumburu,4871,2600,2271,1293,109,kisarawe,vikumburu
Mkuranga District Council,Mkuranga,46867,22219,24648,13187,110,mkuranga,mkuranga
Mkuranga District Council,Tambani,60904,28971,31933,15207,110,mkuranga,tambani
Mkuranga District Council,Vikindu,118210,55782,62428,32788,110,mkuranga,vikindu
Mkuranga District Council,Vianzi,23739,11702,12037,6639,110,mkuranga,vianzi
Mkuranga District Council,Kiparang'anda,14153,6804,7349,3801,110,mkuranga,kiparanganda
Mkuranga District Council,Mwandege,67866,32228,35638,18066,110,mkuranga,mwandege
Mkuranga District Council,Mipeko,25167,12374,12793,6923,110,mkuranga,mipeko
Mkuranga District Council,Tengelea,13649,6670,6979,3582,110,mkuranga,tengelea
Mkuranga District Council,Nyamato,15111,7796,7315,3954,110,mkuranga,nyamato
Rufiji District Council,Utete,6629,3252,3377,1708,111,rufiji,utete
Rufiji District Council,Mkongo,8543,4312,4231,2223,111,rufiji,mkongo
Rufiji District Council,Ngorongo,10044,4999,5045,2569,111,rufiji,ngorongo
Rufiji District Council,Mwaseni,16784,12108,4676,2680,111,rufiji,mwaseni
Rufiji District Council,Kipugira,8495,4238,4257,2134,111,rufiji,kipugira
Rufiji District Council,Chemchem,7747,3853,3894,2119,111,rufiji,chemchem
Rufiji District Council,Ngarambe,2311,1229,1082,656,111,rufiji,ngarambe
Rufiji District Council,Ikwiriri,13244,6320,6924,3571,111,rufiji,ikwiriri
Rufiji District Council,Mgomba,16120,7813,8307,3836,111,rufiji,mgomba
Rufiji District Council,Umwe,23383,11007,12376,5908,111,rufiji,umwe
Rufiji District Council,Mohoro,21077,10440,10637,4843,111,rufiji,mohoro
Rufiji District Council,Chumbi,8664,4402,4262,1822,111,rufiji,chumbi
Rufiji District Council,Mbwara,16865,8352,8513,3908,111,rufiji,mbwara
Rufiji District Council,Kanga,4516,2260,2256,1257,111,rufiji,kanga
Rufiji District Council,Kirongwe,7869,4061,3808,2071,111,rufiji,kirongwe
Rufiji District Council,Baleni,6091,3016,3075,1676,111,rufiji,baleni
Rufiji District Council,Ndagoni,7296,3936,3360,1938,111,rufiji,ndagoni
Rufiji District Council,Kilindoni,25680,12639,13041,7536,111,rufiji,kilindoni
Rufiji District Council,Miburani,5060,2540,2520,1369,111,rufiji,miburani
Rufiji District Council,Kiegeani,5335,2613,2722,1512,111,rufiji,kiegeani
Rufiji District Council,Jibondo,4333,2155,2178,1001,111,rufiji,jibondo
Mafia District Council,Dimani,9581,5181,4400,2517,112,mafia,dimani
Mafia District Council,Kibiti,29533,13847,15686,7485,112,mafia,kibiti
Mafia District Council,Mtawanya,16289,8270,8019,4322,112,mafia,mtawanya
Mafia District Council,Bungu,31775,15268,16507,7888,112,mafia,bungu
Mafia District Council,Mjawa,20839,9914,10925,5328,112,mafia,mjawa
Mafia District Council,Mwambao,7232,3812,3420,1861,112,mafia,mwambao
Mafia District Council,Mahege,8430,4206,4224,2133,112,mafia,mahege
Mafia District Council,Mchukwi,10214,5380,4834,2268,112,mafia,mchukwi
Mafia District Council,Mlanzi,8648,4434,4214,2082,112,mafia,mlanzi
Mafia District Council,Salale,10737,5531,5206,2724,112,mafia,salale
Mafia District Council,Mtunda,12603,6494,6109,2928,112,mafia,mtunda
Mafia District Council,Ruaruke,11283,5658,5625,2752,112,mafia,ruaruke
Mafia District Council,Msala,4473,2315,2158,1002,112,mafia,msala
Mafia District Council,Maparoni,2216,1153,1063,544,112,mafia,maparoni
Mafia District Council,Mbuchi,6555,3272,3283,1563,112,mafia,mbuchi
Mafia District Council,Kiongoroni,5230,2672,2558,1307,112,mafia,kiongoroni
Kinondoni Municipal Council,Kigogo,45291,22681,22610,14156,114,kinondoni,kigogo
Kinondoni Municipal Council,Mzimuni,20940,10433,10507,5989,114,kinondoni,mzimuni
Kinondoni Municipal Council,Magomeni,15241,7629,7612,4841,114,kinondoni,magomeni
Kinondoni Municipal Council,Ndugumbi,32862,16102,16760,10577,114,kinondoni,ndugumbi
Kinondoni Municipal Council,Tandale,43374,21904,21470,14126,114,kinondoni,tandale
Kinondoni Municipal Council,Kijitonyama,39932,19018,20914,12957,114,kinondoni,kijitonyama
Kinondoni Municipal Council,Kinondoni,17337,8380,8957,5823,114,kinondoni,kinondoni
Kinondoni Municipal Council,Hananasif,27615,13281,14334,9319,114,kinondoni,hananasif
Kinondoni Municipal Council,Mwananyamala,38645,18748,19897,12659,114,kinondoni,mwananyamala
Kinondoni Municipal Council,Makumbusho,52347,25876,26471,17575,114,kinondoni,makumbusho
Kinondoni Municipal Council,Makongo,35567,16991,18576,11196,114,kinondoni,makongo
Kinondoni Municipal Council,Mbezi Juu,51485,24336,27149,16146,114,kinondoni,mbezijuu
Kinondoni Municipal Council,Wazo,153013,73027,79986,44155,114,kinondoni,wazo
Kinondoni Municipal Council,Mabwepande,66794,32280,34514,19000,114,kinondoni,mabwepande
Kinondoni Municipal Council,Bunju,92587,44190,48397,27500,114,kinondoni,bunju
Kinondoni Municipal Council,Mbweni,25970,12502,13468,6948,114,kinondoni,mbweni
Kinondoni Municipal Council,Kunduchi,89814,43232,46582,26125,114,kinondoni,kunduchi
Kinondoni Municipal Council,Kawe,67675,32154,35521,20370,114,kinondoni,kawe
Kinondoni Municipal Council,Mikocheni,25433,12076,13357,7325,114,kinondoni,mikocheni
Kinondoni Municipal Council,Msasani,40406,19985,20421,12397,114,kinondoni,msasani
Dar es Salaam City Council,Kariakoo,10246,5276,4970,2314,115,daressalaam,kariakoo
Dar es Salaam City Council,Jangwani,13793,7326,6467,3553,115,daressalaam,jangwani
Dar es Salaam City Council,Gerezani,5786,2869,2917,1337,115,daressalaam,gerezani
Dar es Salaam City Council,Kisutu,6364,3187,3177,1948,115,daressalaam,kisutu
Dar es Salaam City Council,Mchafukoge,7999,4159,3840,2285,115,daressalaam,mchafukoge
Dar es Salaam City Council,Upanga Mashariki,9317,4467,4850,2531,115,daressalaam,upangamashariki
Dar es Salaam City Council,Upanga Magharibi,11845,5593,6252,2946,115,daressalaam,upangamagharibi
Dar es Salaam City Council,Kivukoni,4045,2050,1995,943,115,daressalaam,kivukoni
Dar es Salaam City Council,Ilala,23787,11858,11929,5967,115,daressalaam,ilala
Dar es Salaam City Council,Mchikichini,19076,10260,8816,6141,115,daressalaam,mchikichini
Dar es Salaam City Council,Vingunguti,66342,33704,32638,21084,115,daressalaam,vingunguti
Dar es Salaam City Council,Kipawa,72577,35175,37402,21089,115,daressalaam,kipawa
Dar es Salaam City Council,Buguruni,47278,23746,23532,14820,115,daressalaam,buguruni
Dar es Salaam City Council,Kiwalani,40049,19796,20253,12509,115,daressalaam,kiwalani
Dar es Salaam City Council,Mnyamani,37516,18682,18834,11923,115,daressalaam,mnyamani
Dar es Salaam City Council,Minazi Mirefu,27635,14000,13635,8836,115,daressalaam,minazimirefu
Dar es Salaam City Council,Tabata,59555,28486,31069,19102,115,daressalaam,tabata
Dar es Salaam City Council,Kinyerezi,62480,29067,33413,16289,115,daressalaam,kinyerezi
Dar es Salaam City Council,Segerea,44831,21404,23427,12351,115,daressalaam,segerea
Dar es Salaam City Council,Kimanga,50340,23602,26738,15440,115,daressalaam,kimanga
Dar es Salaam City Council,Liwiti,40399,19070,21329,12234,115,daressalaam,liwiti
Dar es Salaam City Council,Bonyokwa,26516,12498,14018,6699,115,daressalaam,bonyokwa
Dar es Salaam City Council,Kisukuru,40279,18983,21296,10989,115,daressalaam,kisukuru
Dar es Salaam City Council,Ukonga,84184,41263,42921,25565,115,daressalaam,ukonga
Dar es Salaam City Council,Pugu,60369,28454,31915,16164,115,daressalaam,pugu
Dar es Salaam City Council,Msongola,94923,44947,49976,23719,115,daressalaam,msongola
Dar es Salaam City Council,Kitunda,42259,20142,22117,11470,115,daressalaam,kitunda
Dar es Salaam City Council,Chanika,75271,35564,39707,20313,115,daressalaam,chanika
Dar es Salaam City Council,Kivule,88273,41632,46641,22013,115,daressalaam,kivule
Dar es Salaam City Council,Gongolamboto,63043,30868,32175,18663,115,daressalaam,gongolamboto
Dar es Salaam City Council,Majohe,115118,54915,60203,29302,115,daressalaam,majohe
Dar es Salaam City Council,Zingiziwa,73334,34482,38852,19659,115,daressalaam,zingiziwa
Dar es Salaam City Council,Buyuni,86484,40519,45965,22356,115,daressalaam,buyuni
Dar es Salaam City Council,Pugu Station,47436,22715,24721,12607,115,daressalaam,pugustation
Dar es Salaam City Council,Mzinga,45989,21549,24440,11204,115,daressalaam,mzinga
Dar es Salaam City Council,Kipunguni,45174,21423,23751,12249,115,daressalaam,kipunguni
Temeke Municipal Council,Miburani,29351,14631,14720,8524,116,temeke,miburani
Temeke Municipal Council,Azimio,63836,31586,32250,19550,116,temeke,azimio
Temeke Municipal Council,Tandika,39340,19329,20011,12094,116,temeke,tandika
Temeke Municipal Council,Sandali,42010,21181,20829,12812,116,temeke,sandali
Temeke Municipal Council,Temeke,21752,10835,10917,6356,116,temeke,temeke
Temeke Municipal Council,Chang'ombe,14418,7276,7142,4114,116,temeke,changombe
Temeke Municipal Council,Keko,26427,13849,12578,8868,116,temeke,keko
Temeke Municipal Council,Kurasini,8852,4822,4030,3350,116,temeke,kurasini
Temeke Municipal Council,Mtoni,44713,22550,22163,14562,116,temeke,mtoni
Temeke Municipal Council,Buza,71190,34261,36929,19853,116,temeke,buza
Temeke Municipal Council,Makangarawe,50872,24775,26097,14930,116,temeke,makangarawe
Temeke Municipal Council,Yombo Vituka,77082,37301,39781,22292,116,temeke,yombovituka
Temeke Municipal Council,Kilakala,37711,18950,18761,11579,116,temeke,kilakala
Temeke Municipal Council,Kijichi,69085,33157,35928,18984,116,temeke,kijichi
Temeke Municipal Council,Mbagala Kuu,74925,36140,38785,22035,116,temeke,mbagalakuu
Temeke Municipal Council,Toangoma,127234,60535,66699,32866,116,temeke,toangoma
Temeke Municipal Council,Mianzini,72630,35119,37511,20405,116,temeke,mianzini
Temeke Municipal Council,Kibondemaji,43351,21342,22009,12781,116,temeke,kibondemaji
Temeke Municipal Council,Chamazi,203327,95910,107417,52842,116,temeke,chamazi
Temeke Municipal Council,Kilungule,70420,34073,36347,18903,116,temeke,kilungule
Temeke Municipal Council,Charambe,38587,18835,19752,11661,116,temeke,charambe
Temeke Municipal Council,Mbagala,46217,22451,23766,13918,116,temeke,mbagala
Temeke Municipal Council,Kiburugwa,73344,36229,37115,20767,116,temeke,kiburugwa
Kigamboni Municipal Council,Kigamboni,24810,12940,11870,7949,117,kigamboni,kigamboni
Kigamboni Municipal Council,Tungi,30785,15342,15443,9349,117,kigamboni,tungi
Kigamboni Municipal Council,Mjimwema,54859,26522,28337,15173,117,kigamboni,mjimwema
Kigamboni Municipal Council,Kibada,28188,13565,14623,7270,117,kigamboni,kibada
Kigamboni Municipal Council,Vijibweni,71861,34627,37234,22120,117,kigamboni,vijibweni
Kigamboni Municipal Council,Kimbiji,10729,5580,5149,3051,117,kigamboni,kimbiji
Kigamboni Municipal Council,Pembamnazi,13323,6927,6396,3624,117,kigamboni,pembamnazi
Kigamboni Municipal Council,Somangila,52187,25435,26752,14291,117,kigamboni,somangila
Kigamboni Municipal Council,Kisarawe II,31160,15462,15698,8308,117,kigamboni,kisaraweii
Kigamboni Municipal Council,Ubungo,44340,21738,22602,15712,117,kigamboni,ubungo
Kigamboni Municipal Council,Sinza,31396,14759,16637,10874,117,kigamboni,sinza
Kigamboni Municipal Council,Manzese,62251,31209,31042,21507,117,kigamboni,manzese
Kigamboni Municipal Council,Makurumla,50677,24990,25687,16266,117,kigamboni,makurumla
Kigamboni Municipal Council,Mburahati,26215,12974,13241,7895,117,kigamboni,mburahati
Kigamboni Municipal Council,Mabibo,74887,36813,38074,25138,117,kigamboni,mabibo
Kigamboni Municipal Council,Makuburi,50866,24356,26510,16976,117,kigamboni,makuburi
Kigamboni Municipal Council,Kimara,96995,45577,51418,28017,117,kigamboni,kimara
Kigamboni Municipal Council,Saranga,145274,67753,77521,39883,117,kigamboni,saranga
Kigamboni Municipal Council,Msigani,82988,39525,43463,23189,117,kigamboni,msigani
Kigamboni Municipal Council,Kwembe,93457,44684,48773,24557,117,kigamboni,kwembe
Kigamboni Municipal Council,Kibamba,43191,20349,22842,11399,117,kigamboni,kibamba
Kigamboni Municipal Council,Mbezi,143803,68369,75434,37740,117,kigamboni,mbezi
Kigamboni Municipal Council,Goba,140572,66829,73743,37934,117,kigamboni,goba
Lindi Region,Kikole,6448,3252,3196,1506,119,lindiregion,kikole
Lindi Region,Kivinje,32362,15539,16823,8696,119,lindiregion,kivinje
Lindi Region,Songosongo,5600,3173,2427,1309,119,lindiregion,songosongo
Lindi Region,Masoko,21519,10455,11064,5959,119,lindiregion,masoko
Lindi Region,Kiranjeranje,16375,8143,8232,4377,119,lindiregion,kiranjeranje
Lindi Region,Mandawa,17160,8531,8629,4681,119,lindiregion,mandawa
Lindi Region,Lihimalyao,13767,6687,7080,3397,119,lindiregion,lihimalyao
Lindi Region,Pande,15038,7235,7803,3727,119,lindiregion,pande
Lindi Region,Likawage,6917,3310,3607,1456,119,lindiregion,likawage
Lindi Region,Nanjirinji,16979,8624,8355,4253,119,lindiregion,nanjirinji
Lindi Region,Chumo,11424,5401,6023,2544,119,lindiregion,chumo
Lindi Region,Kipatimu,16154,7884,8270,3623,119,lindiregion,kipatimu
Lindi Region,Kandawale,6165,3088,3077,1425,119,lindiregion,kandawale
Lindi Region,Kibata,11344,5439,5905,2370,119,lindiregion,kibata
Lindi Region,Namayuni,8606,4122,4484,1849,119,lindiregion,namayuni
Lindi Region,Tingi,13817,6640,7177,3508,119,lindiregion,tingi
Lindi Region,Miteja,7301,3595,3706,1815,119,lindiregion,miteja
Lindi Region,Mingumbi,11016,5338,5678,2499,119,lindiregion,mingumbi
Lindi Region,Kinjumbi,11587,5583,6004,2611,119,lindiregion,kinjumbi
Lindi Region,Somanga,18549,8838,9711,4681,119,lindiregion,somanga
Lindi Region,Njinjo,11488,5576,5912,2945,119,lindiregion,njinjo
Lindi Region,Mitole,3102,1558,1544,714,119,lindiregion,mitole
Lindi Region,Miguruwe,14958,7332,7626,2207,119,lindiregion,miguruwe
Mtama District Council,Pangatena,6992,3267,3725,1949,120,mtama,pangatena
Mtama District Council,Navanga,5129,2491,2638,1347,120,mtama,navanga
Mtama District Council,Sudi,8127,3816,4311,2270,120,mtama,sudi
Mtama District Council,Nachunyu,9753,4635,5118,2603,120,mtama,nachunyu
Mtama District Council,Kiwalala,16446,7869,8577,5045,120,mtama,kiwalala
Mtama District Council,Mnolela,16260,7785,8475,4857,120,mtama,mnolela
Mtama District Council,Nahukahuka,6886,3329,3557,2085,120,mtama,nahukahuka
Mtama District Council,Nyangamara,9440,4486,4954,2846,120,mtama,nyangamara
Mtama District Council,Mandwanga,13035,6254,6781,3835,120,mtama,mandwanga
Mtama District Council,Longa,3500,1694,1806,1146,120,mtama,longa
Mtama District Council,Mtumbya,2234,1097,1137,735,120,mtama,mtumbya
Mtama District Council,Majengo,8324,3939,4385,2678,120,mtama,majengo
Mtama District Council,Namangale,7404,3577,3827,2525,120,mtama,namangale
Mtama District Council,Mtama,5422,2575,2847,1730,120,mtama,mtama
Mtama District Council,Nyangao,11920,5626,6294,3881,120,mtama,nyangao
Mtama District Council,Namupa,6274,3023,3251,2096,120,mtama,namupa
Mtama District Council,Nyengedi,6514,3148,3366,2107,120,mtama,nyengedi
Mtama District Council,Mtua,4236,2070,2166,1363,120,mtama,mtua
Mtama District Council,Mnara,11590,5479,6111,3524,120,mtama,mnara
Mtama District Council,Chiponda,7007,3265,3742,2086,120,mtama,chiponda
Lindi Municipal Council,Ndoro,1672,822,850,637,121,lindi,ndoro
Lindi Municipal Council,Makonde,991,537,454,317,121,lindi,makonde
Lindi Municipal Council,Mikumbi,1906,936,970,653,121,lindi,mikumbi
Lindi Municipal Council,Mitandi,2463,1157,1306,932,121,lindi,mitandi
Lindi Municipal Council,Rahaleo,1888,861,1027,557,121,lindi,rahaleo
Lindi Municipal Council,Mwenge,3290,1557,1733,1024,121,lindi,mwenge
Lindi Municipal Council,Matopeni,3704,1732,1972,1168,121,lindi,matopeni
Lindi Municipal Council,Wailes,2997,1424,1573,903,121,lindi,wailes
Lindi Municipal Council,Nachingwea,3900,1840,2060,1229,121,lindi,nachingwea
Lindi Municipal Council,Rasbura,10087,4772,5315,2972,121,lindi,rasbura
Lindi Municipal Council,Mtanda,6308,3014,3294,1943,121,lindi,mtanda
Lindi Municipal Council,Jamhuri,4797,2340,2457,1422,121,lindi,jamhuri
Lindi Municipal Council,Msinjahili,4771,2377,2394,1476,121,lindi,msinjahili
Lindi Municipal Council,Chikonji,6341,3061,3280,1967,121,lindi,chikonji
Lindi Municipal Council,Mbanja,3672,1861,1811,1167,121,lindi,mbanja
Lindi Municipal Council,Kitumbikwela,5892,2790,3102,1754,121,lindi,kitumbikwela
Lindi Municipal Council,Mingoyo,8377,4018,4359,2489,121,lindi,mingoyo
Lindi Municipal Council,Mnazimmoja,9539,4523,5016,2786,121,lindi,mnazimmoja
Lindi Municipal Council,Ng'apa,8425,4037,4388,2689,121,lindi,ngapa
Lindi Municipal Council,Tandangongoro,4076,2017,2059,1297,121,lindi,tandangongoro
Lindi Municipal Council,Rutamba,12801,6212,6589,4066,121,lindi,rutamba
Lindi Municipal Council,Milola,12516,6029,6487,3814,121,lindi,milola
Lindi Municipal Council,Kiwawa,2778,1360,1418,839,121,lindi,kiwawa
Lindi Municipal Council,Nangaru,5904,2826,3078,1749,121,lindi,nangaru
Lindi Municipal Council,Matimba,5754,2755,2999,1720,121,lindi,matimba
Lindi Municipal Council,Mipingo,8542,4225,4317,2367,121,lindi,mipingo
Lindi Municipal Council,Kitomanga,7045,3532,3513,1919,121,lindi,kitomanga
Lindi Municipal Council,Kilangala,8112,3913,4199,2454,121,lindi,kilangala
Lindi Municipal Council,Mvuleni,4809,2394,2415,1330,121,lindi,mvuleni
Lindi Municipal Council,Kilolambwani,2913,1398,1515,836,121,lindi,kilolambwani
Lindi Municipal Council,Mchinga,7856,3758,4098,2333,121,lindi,mchinga
Nachingwea District Council,Kilimarondo,6717,3253,3464,1957,122,nachingwea,kilimarondo
Nachingwea District Council,Mbondo,11975,5985,5990,3636,122,nachingwea,mbondo
Nachingwea District Council,Kiegei,5874,2953,2921,1546,122,nachingwea,kiegei
Nachingwea District Council,Matekwe,5864,2992,2872,1702,122,nachingwea,matekwe
Nachingwea District Council,Lionja,6599,3264,3335,2250,122,nachingwea,lionja
Nachingwea District Council,Namikango,5047,2502,2545,1699,122,nachingwea,namikango
Nachingwea District Council,Nditi,5777,2871,2906,1849,122,nachingwea,nditi
Nachingwea District Council,Ngunichile,5132,2500,2632,1619,122,nachingwea,ngunichile
Nachingwea District Council,Ruponda,7050,3474,3576,2379,122,nachingwea,ruponda
Nachingwea District Council,Mnero Miembeni,10200,4962,5238,3375,122,nachingwea,mneromiembeni
Nachingwea District Council,Namapwia,5604,2781,2823,1862,122,nachingwea,namapwia
Nachingwea District Council,Kipara Mnero,6013,2913,3100,2080,122,nachingwea,kiparamnero
Nachingwea District Council,Mkoka,8363,4086,4277,2942,122,nachingwea,mkoka
Nachingwea District Council,Chiola,6503,3136,3367,2200,122,nachingwea,chiola
Nachingwea District Council,Mnero Ngongo,5500,2609,2891,1880,122,nachingwea,mnerongongo
Nachingwea District Council,Marambo,10621,5232,5389,3581,122,nachingwea,marambo
Nachingwea District Council,Nambambo,4542,2176,2366,1407,122,nachingwea,nambambo
Nachingwea District Council,Kilimanihewa,3828,1794,2034,1140,122,nachingwea,kilimanihewa
Nachingwea District Council,Nangowe,4635,2171,2464,1449,122,nachingwea,nangowe
Nachingwea District Council,Stesheni,12860,6278,6582,4129,122,nachingwea,stesheni
Nachingwea District Council,Namatula,5259,2512,2747,1714,122,nachingwea,namatula
Nachingwea District Council,Mitumbati,5985,2925,3060,1925,122,nachingwea,mitumbati
Nachingwea District Council,Ugawaji,10839,5118,5721,3414,122,nachingwea,ugawaji
Nachingwea District Council,Boma,4073,1960,2113,1299,122,nachingwea,boma
Nachingwea District Council,Nachingwea Mjini,8537,4121,4416,2580,122,nachingwea,nachingweamjini
Nachingwea District Council,Mpiruka,7470,3698,3772,2419,122,nachingwea,mpiruka
Nachingwea District Council,Mkotokuyana,4020,1905,2115,1299,122,nachingwea,mkotokuyana
Nachingwea District Council,Naipanga,5038,2430,2608,1515,122,nachingwea,naipanga
Nachingwea District Council,Naipingo,5562,2662,2900,1831,122,nachingwea,naipingo
Nachingwea District Council,Mtua,7544,3851,3693,2433,122,nachingwea,mtua
Nachingwea District Council,Ndomoni,5845,2801,3044,1868,122,nachingwea,ndomoni
Nachingwea District Council,Kipara Mtua,5913,3041,2872,1889,122,nachingwea,kiparamtua
Nachingwea District Council,Nang'ondo,7600,3806,3794,2332,122,nachingwea,nangondo
Nachingwea District Council,Mchonda,2935,1473,1462,985,122,nachingwea,mchonda
Nachingwea District Council,Chiumbati Shuleni,5458,2646,2812,1687,122,nachingwea,chiumbatishuleni
Nachingwea District Council,Raha leo,2873,1398,1475,866,122,nachingwea,rahaleo
Liwale District Council,Mlembwe,3935,1957,1978,961,123,liwale,mlembwe
Liwale District Council,Makata,6812,3279,3533,1815,123,liwale,makata
Liwale District Council,Barikiwa,5320,2594,2726,1426,123,liwale,barikiwa
Liwale District Council,Mkutano,2379,1180,1199,523,123,liwale,mkutano
Liwale District Council,Liwale Mjini,11731,5624,6107,3317,123,liwale,liwalemjini
Liwale District Council,Mihumo,7014,3423,3591,1871,123,liwale,mihumo
Liwale District Council,Ngongowele,5131,2649,2482,1329,123,liwale,ngongowele
Liwale District Council,Mbaya,9018,4421,4597,2230,123,liwale,mbaya
Liwale District Council,Kimambi,3818,1871,1947,546,123,liwale,kimambi
Liwale District Council,Mpigamiti,3171,1547,1624,692,123,liwale,mpigamiti
Liwale District Council,Mangirikiti,6302,3079,3223,1611,123,liwale,mangirikiti
Liwale District Council,Nangando,13098,6256,6842,3726,123,liwale,nangando
Liwale District Council,Likongowele,14242,6743,7499,3987,123,liwale,likongowele
Liwale District Council,Kichonda,5647,2819,2828,1371,123,liwale,kichonda
Liwale District Council,Lilombe,6669,3768,2901,1567,123,liwale,lilombe
Liwale District Council,Kiangara,5647,2912,2735,1595,123,liwale,kiangara
Liwale District Council,Kibutuka,5137,2578,2559,1439,123,liwale,kibutuka
Liwale District Council,Nangano,3711,1870,1841,1067,123,liwale,nangano
Liwale District Council,Mirui,6468,3340,3128,1748,123,liwale,mirui
Liwale District Council,Liwale 'B',11255,5616,5639,3076,123,liwale,liwaleb
Ruangwa District Council,Mandawa,9868,4700,5168,3143,124,ruangwa,mandawa
Ruangwa District Council,Nambilanje,10687,5424,5263,3079,124,ruangwa,nambilanje
Ruangwa District Council,Chibula,4056,2045,2011,1405,124,ruangwa,chibula
Ruangwa District Council,Ruangwa,7557,3688,3869,2384,124,ruangwa,ruangwa
Ruangwa District Council,Mbekenyera,16531,8373,8158,5522,124,ruangwa,mbekenyera
Ruangwa District Council,Namichiga,7129,3563,3566,2298,124,ruangwa,namichiga
Ruangwa District Council,Narungombe,6151,3002,3149,2033,124,ruangwa,narungombe
Ruangwa District Council,Makanjiro,4002,1992,2010,1425,124,ruangwa,makanjiro
Ruangwa District Council,Likunja,10977,5351,5626,3822,124,ruangwa,likunja
Ruangwa District Council,Chunyu,7638,3758,3880,2503,124,ruangwa,chunyu
Ruangwa District Council,Mandarawe,4613,2263,2350,1513,124,ruangwa,mandarawe
Ruangwa District Council,Nachingwea,18343,8854,9489,5828,124,ruangwa,nachingwea
Ruangwa District Council,Matambarale,7511,3802,3709,2391,124,ruangwa,matambarale
Ruangwa District Council,Mbwemkuru (Machang'anja),5052,2610,2442,1542,124,ruangwa,mbwemkurumachanganja
Ruangwa District Council,Nkowe,6403,3135,3268,2128,124,ruangwa,nkowe
Ruangwa District Council,Malolo,9994,4913,5081,3443,124,ruangwa,malolo
Ruangwa District Council,Luchelegwa,5558,2738,2820,1834,124,ruangwa,luchelegwa
Ruangwa District Council,Chienjele,11824,5903,5921,4004,124,ruangwa,chienjele
Ruangwa District Council,Mnacho,8261,3944,4317,2899,124,ruangwa,mnacho
Ruangwa District Council,Nandagala,7391,3570,3821,2441,124,ruangwa,nandagala
Ruangwa District Council,Nanganga,6671,3270,3401,2269,124,ruangwa,nanganga
Ruangwa District Council,Chinongwe,9356,4571,4785,3025,124,ruangwa,chinongwe
Mtwara District Council,Mahurunga,8950,4326,4624,2579,127,mtwara,mahurunga
Mtwara District Council,Tangazo,7515,3541,3974,1980,127,mtwara,tangazo
Mtwara District Council,Madimba,11394,5331,6063,3183,127,mtwara,madimba
Mtwara District Council,Ziwani,6741,3175,3566,2013,127,mtwara,ziwani
Mtwara District Council,Nanguruwe,8730,4145,4585,2495,127,mtwara,nanguruwe
Mtwara District Council,Mbawala,10061,4858,5203,2873,127,mtwara,mbawala
Mtwara District Council,Msanga Mkuu,7481,3499,3982,2043,127,mtwara,msangamkuu
Mtwara District Council,Msimbati,5715,2815,2900,1660,127,mtwara,msimbati
Mtwara District Council,Nalingu,5501,2668,2833,1546,127,mtwara,nalingu
Mtwara District Council,Moma,4483,2240,2243,1295,127,mtwara,moma
Mtwara District Council,Dihimba,8429,4026,4403,2344,127,mtwara,dihimba
Mtwara District Council,Muungano,3474,1665,1809,962,127,mtwara,muungano
Mtwara District Council,Lipwidi,4007,1966,2041,1135,127,mtwara,lipwidi
Mtwara District Council,Mangopachanne,5473,2588,2885,1483,127,mtwara,mangopachanne
Mtwara District Council,Kitere,12169,5939,6230,3455,127,mtwara,kitere
Mtwara District Council,Ndumbwe,7350,3485,3865,2126,127,mtwara,ndumbwe
Mtwara District Council,Mayanga,8042,4096,3946,2284,127,mtwara,mayanga
Mtwara District Council,Naumbu,11420,5351,6069,3287,127,mtwara,naumbu
Mtwara District Council,Libobe,8204,3947,4257,2263,127,mtwara,libobe
Mtwara District Council,Mpapura,6831,3227,3604,1908,127,mtwara,mpapura
Mtwara District Council,Mkunwa,6534,3152,3382,1854,127,mtwara,mkunwa
Nanyamba Town Council,Mnima,7358,3439,3919,2059,128,nanyamba,mnima
Nanyamba Town Council,Kitaya,9135,4353,4782,2643,128,nanyamba,kitaya
Nanyamba Town Council,Kiromba,8315,3929,4386,2346,128,nanyamba,kiromba
Nanyamba Town Council,Chawi,8742,4235,4507,2449,128,nanyamba,chawi
Nanyamba Town Council,Kiyanga,6866,3169,3697,1946,128,nanyamba,kiyanga
Nanyamba Town Council,Njengwa,8675,4034,4641,2451,128,nanyamba,njengwa
Nanyamba Town Council,Nitekela,6227,2890,3337,1838,128,nanyamba,nitekela
Nanyamba Town Council,Nanyamba,11336,5264,6072,3403,128,nanyamba,nanyamba
Nanyamba Town Council,Mtiniko,9372,4428,4944,2632,128,nanyamba,mtiniko
Nanyamba Town Council,Namtumbuka,5003,2328,2675,1438,128,nanyamba,namtumbuka
Nanyamba Town Council,Milangominne,8298,3803,4495,2438,128,nanyamba,milangominne
Nanyamba Town Council,Mbembaleo,8173,3838,4335,2339,128,nanyamba,mbembaleo
Nanyamba Town Council,Mtimbwilimbwi,11536,5399,6137,3338,128,nanyamba,mtimbwilimbwi
Nanyamba Town Council,Dinyecha,5471,2582,2889,1558,128,nanyamba,dinyecha
Nanyamba Town Council,Nyundo,5923,2788,3135,1659,128,nanyamba,nyundo
Nanyamba Town Council,Mnongodi,5478,2716,2762,1610,128,nanyamba,mnongodi
Nanyamba Town Council,Hinju,6716,3045,3671,1868,128,nanyamba,hinju
Mtwara Municipal Council,Majengo,3776,1721,2055,1325,129,mtwara,majengo
Mtwara Municipal Council,Chikongola,6190,2908,3282,2145,129,mtwara,chikongola
Mtwara Municipal Council,Likombe,13743,6812,6931,3982,129,mtwara,likombe
Mtwara Municipal Council,Reli,2420,1232,1188,856,129,mtwara,reli
Mtwara Municipal Council,Shangani,10420,5087,5333,3515,129,mtwara,shangani
Mtwara Municipal Council,Vigaeni,3073,1473,1600,1038,129,mtwara,vigaeni
Mtwara Municipal Council,Chuno,9955,4725,5230,2823,129,mtwara,chuno
Mtwara Municipal Council,Ufukoni,22352,10561,11791,6534,129,mtwara,ufukoni
Mtwara Municipal Council,Rahaleo,4744,2215,2529,1638,129,mtwara,rahaleo
Mtwara Municipal Council,Naliendele,9738,4609,5129,2808,129,mtwara,naliendele
Mtwara Municipal Council,Magomeni,25220,11813,13407,7566,129,mtwara,magomeni
Mtwara Municipal Council,Mtawanya,7183,3433,3750,2104,129,mtwara,mtawanya
Mtwara Municipal Council,Tandika,9689,4566,5123,3180,129,mtwara,tandika
Mtwara Municipal Council,Jangwani,5979,2861,3118,1733,129,mtwara,jangwani
Mtwara Municipal Council,Kisungule,1587,765,822,492,129,mtwara,kisungule
Mtwara Municipal Council,Mitengo,5790,2720,3070,1605,129,mtwara,mitengo
Mtwara Municipal Council,Mtonya,2182,1022,1160,639,129,mtwara,mtonya
Mtwara Municipal Council,Magengeni,2731,1318,1413,752,129,mtwara,magengeni
Newala District Council,Mikumbi,6523,3057,3466,1813,130,newala,mikumbi
Newala District Council,Chihangu,7149,3314,3835,2094,130,newala,chihangu
Newala District Council,Nambali,7149,3287,3862,2124,130,newala,nambali
Newala District Council,Mnyambe,8681,4120,4561,2698,130,newala,mnyambe
Newala District Council,Chilangala,4168,1937,2231,1213,130,newala,chilangala
Newala District Council,Mkoma II,3040,1471,1569,955,130,newala,mkomaii
Newala District Council,Nandwahi,7612,3538,4074,2372,130,newala,nandwahi
Newala District Council,Mnyeu,4189,1939,2250,1302,130,newala,mnyeu
Newala District Council,Kitangari,8982,4234,4748,2751,130,newala,kitangari
Newala District Council,Chiwonga,6187,2818,3369,1887,130,newala,chiwonga
Newala District Council,Maputi,7374,3436,3938,2343,130,newala,maputi
Newala District Council,Muungano,6055,2726,3329,1865,130,newala,muungano
Newala District Council,Mpwapwa,4312,1973,2339,1374,130,newala,mpwapwa
Newala District Council,Malatu,7811,3630,4181,2534,130,newala,malatu
Newala District Council,Mchemo,6631,3029,3602,2044,130,newala,mchemo
Newala District Council,Mtopwa,6122,2791,3331,1853,130,newala,mtopwa
Newala District Council,Chitekete,4170,1897,2273,1331,130,newala,chitekete
Newala District Council,Makukwe,7182,3344,3838,2105,130,newala,makukwe
Newala District Council,Mkwedu,7332,3356,3976,2223,130,newala,mkwedu
Newala District Council,Mtunguru,7184,3222,3962,2191,130,newala,mtunguru
Newala District Council,Mdimba Mpelepele,4162,1904,2258,1336,130,newala,mdimbampelepele
Newala District Council,Nakahako,4924,2283,2641,1593,130,newala,nakahako
Newala Town Council,Luchingu,10503,4886,5617,3281,131,newala,luchingu
Newala Town Council,Makote,6017,2723,3294,1786,131,newala,makote
Newala Town Council,Mtonya,3963,1943,2020,1136,131,newala,mtonya
Newala Town Council,Namiyonga,4178,1899,2279,1319,131,newala,namiyonga
Newala Town Council,Mnekachi,6703,3063,3640,2095,131,newala,mnekachi
Newala Town Council,Mahumbika,3735,1628,2107,1147,131,newala,mahumbika
Newala Town Council,Tulindane,6513,3012,3501,2048,131,newala,tulindane
Newala Town Council,Julia,4160,1883,2277,1266,131,newala,julia
Newala Town Council,Nangwala,9723,4577,5146,3012,131,newala,nangwala
Newala Town Council,Makonga,8096,3603,4493,2514,131,newala,makonga
Newala Town Council,Mkulung'ulu,3872,1754,2118,1170,131,newala,mkulungulu
Newala Town Council,Nanguruwe,8247,3942,4305,2481,131,newala,nanguruwe
Newala Town Council,Mkunya,6998,3260,3738,2111,131,newala,mkunya
Newala Town Council,Mcholi I,8655,4002,4653,2510,131,newala,mcholii
Newala Town Council,Mcholi II,6954,3148,3806,2086,131,newala,mcholiii
Newala Town Council,Mtumachi,6032,2687,3345,1859,131,newala,mtumachi
Masasi District Council,Chigugu,10004,4815,5189,3161,132,masasi,chigugu
Masasi District Council,Mwena,6570,3158,3412,2155,132,masasi,mwena
Masasi District Council,Nanganga,12735,6229,6506,4086,132,masasi,nanganga
Masasi District Council,Chiwata,6046,2933,3113,1871,132,masasi,chiwata
Masasi District Council,Mpindimbi,8689,4215,4474,2814,132,masasi,mpindimbi
Masasi District Council,Chikukwe,10715,5121,5594,3407,132,masasi,chikukwe
Masasi District Council,Nangoo,11325,5495,5830,3654,132,masasi,nangoo
Masasi District Council,Chikundi,10324,4922,5402,3326,132,masasi,chikundi
Masasi District Council,Ndanda,14328,6751,7577,4330,132,masasi,ndanda
Masasi District Council,Namatutwe,15120,7610,7510,4704,132,masasi,namatutwe
Masasi District Council,Namajani,16079,7694,8385,4749,132,masasi,namajani
Masasi District Council,Mlingula,11092,5418,5674,3340,132,masasi,mlingula
Masasi District Council,Chiwale,21466,10554,10912,6534,132,masasi,chiwale
Masasi District Council,Lukuledi,13019,6332,6687,3985,132,masasi,lukuledi
Masasi District Council,Mpanyani,9473,4588,4885,2832,132,masasi,mpanyani
Masasi District Council,Msikisi,8172,4042,4130,2433,132,masasi,msikisi
Masasi District Council,Chikunja,6423,3158,3265,2129,132,masasi,chikunja
Masasi District Council,Mkululu,10118,4827,5291,3323,132,masasi,mkululu
Masasi District Council,Namalenga,10062,4754,5308,3366,132,masasi,namalenga
Masasi District Council,Lulindi,8423,3898,4525,2661,132,masasi,lulindi
Masasi District Council,Namwanga,4886,2393,2493,1562,132,masasi,namwanga
Masasi District Council,Mitesa,3085,1511,1574,998,132,masasi,mitesa
Masasi District Council,Sindano,6368,3185,3183,1954,132,masasi,sindano
Masasi District Council,Mchauru,12941,6371,6570,4095,132,masasi,mchauru
Masasi District Council,Mnavira,7235,3499,3736,2077,132,masasi,mnavira
Masasi District Council,Chikoropola,9529,4498,5031,2736,132,masasi,chikoropola
Masasi District Council,Makong’onda,6909,3369,3540,2213,132,masasi,makongonda
Masasi District Council,Nanjota,5151,2461,2690,1554,132,masasi,nanjota
Masasi District Council,Chiungutwa,9694,4681,5013,2972,132,masasi,chiungutwa
Masasi District Council,Mbuyuni,10004,4755,5249,3038,132,masasi,mbuyuni
Masasi District Council,Lipumburu,3459,1785,1674,1077,132,masasi,lipumburu
Masasi District Council,Mpeta,5871,2779,3092,1847,132,masasi,mpeta
Masasi District Council,Lupaso,4938,2498,2440,1510,132,masasi,lupaso
Masasi District Council,Mijelejele,4525,2164,2361,1453,132,masasi,mijelejele
Masasi Town Council,Mwenge Mtapika,9289,4642,4647,2727,133,masasi,mwengemtapika
Masasi Town Council,Temeke,13762,6629,7133,4338,133,masasi,temeke
Masasi Town Council,Mkuti,14881,7137,7744,4827,133,masasi,mkuti
Masasi Town Council,Nyasa,12820,6050,6770,4142,133,masasi,nyasa
Masasi Town Council,Marika,5685,2783,2902,1820,133,masasi,marika
Masasi Town Council,Mkomaindo,7429,3476,3953,2156,133,masasi,mkomaindo
Masasi Town Council,Mtandi,9848,4637,5211,2966,133,masasi,mtandi
Masasi Town Council,Jida,11027,5322,5705,3523,133,masasi,jida
Masasi Town Council,Migongo,8355,3975,4380,2531,133,masasi,migongo
Masasi Town Council,Sululu,12578,5880,6698,3898,133,masasi,sululu
Masasi Town Council,Chanikanguo,6549,3155,3394,2101,133,masasi,chanikanguo
Masasi Town Council,Napupa,11310,5478,5832,3625,133,masasi,napupa
Masasi Town Council,Mumbaka,6291,2982,3309,2095,133,masasi,mumbaka
Masasi Town Council,Matawale,7761,3635,4126,2410,133,masasi,matawale
Tandahimba District Council,Kitama 1,17252,8024,9228,4986,134,tandahimba,kitama
Tandahimba District Council,Michenjele,8387,3967,4420,2465,134,tandahimba,michenjele
Tandahimba District Council,Mihambwe,12454,5775,6679,3511,134,tandahimba,mihambwe
Tandahimba District Council,Mkoreha,10453,4906,5547,3007,134,tandahimba,mkoreha
Tandahimba District Council,Miuta,5464,2490,2974,1634,134,tandahimba,miuta
Tandahimba District Council,Tandahimba,25681,12030,13651,7857,134,tandahimba,tandahimba
Tandahimba District Council,Naputa,7939,3698,4241,2307,134,tandahimba,naputa
Tandahimba District Council,Namikupa,9983,4619,5364,3107,134,tandahimba,namikupa
Tandahimba District Council,Nambahu,10705,5025,5680,3145,134,tandahimba,nambahu
Tandahimba District Council,Malopokelo,6789,3252,3537,2118,134,tandahimba,malopokelo
Tandahimba District Council,Maundo,13928,6620,7308,4163,134,tandahimba,maundo
Tandahimba District Council,Mnyawa,11218,5259,5959,3220,134,tandahimba,mnyawa
Tandahimba District Council,Lukokoda,6193,2856,3337,1939,134,tandahimba,lukokoda
Tandahimba District Council,Kwanyama,4972,2294,2678,1514,134,tandahimba,kwanyama
Tandahimba District Council,Mchichira,7905,3702,4203,2447,134,tandahimba,mchichira
Tandahimba District Council,Mkundi,11637,5510,6127,3332,134,tandahimba,mkundi
Tandahimba District Council,Mahuta,6965,3147,3818,2194,134,tandahimba,mahuta
Tandahimba District Council,Nanhyanga,13388,6111,7277,4208,134,tandahimba,nanhyanga
Tandahimba District Council,Chingungwe,9293,4330,4963,2800,134,tandahimba,chingungwe
Tandahimba District Council,Chikongola,9631,4403,5228,3065,134,tandahimba,chikongola
Tandahimba District Council,Dinduma,5428,2414,3014,1725,134,tandahimba,dinduma
Tandahimba District Council,Mdimba Mnyoma,11113,5149,5964,3410,134,tandahimba,mdimbamnyoma
Tandahimba District Council,Milongodi,6155,2914,3241,1843,134,tandahimba,milongodi
Tandahimba District Council,Lyenje,5001,2360,2641,1489,134,tandahimba,lyenje
Tandahimba District Council,Chaume,9206,4306,4900,2728,134,tandahimba,chaume
Tandahimba District Council,Mkonjowano,6021,2807,3214,1871,134,tandahimba,mkonjowano
Tandahimba District Council,Mndumbwe,9396,4360,5036,2942,134,tandahimba,mndumbwe
Tandahimba District Council,Mkwedu,3445,1641,1804,1057,134,tandahimba,mkwedu
Tandahimba District Council,Luagala,8600,4130,4470,2613,134,tandahimba,luagala
Tandahimba District Council,Litehu,6793,3180,3613,2023,134,tandahimba,litehu
Tandahimba District Council,Ngunja,12073,5497,6576,3511,134,tandahimba,ngunja
Tandahimba District Council,Mkwiti,5605,2627,2978,1681,134,tandahimba,mkwiti
Nanyumbu District Council,Lumesule,14450,7422,7028,3940,135,nanyumbu,lumesule
Nanyumbu District Council,Likokona,14707,7154,7553,4296,135,nanyumbu,likokona
Nanyumbu District Council,Napacho,13759,6872,6887,3976,135,nanyumbu,napacho
Nanyumbu District Council,Michiga,13665,6522,7143,4015,135,nanyumbu,michiga
Nanyumbu District Council,Mangaka,12776,6079,6697,3904,135,nanyumbu,mangaka
Nanyumbu District Council,Nangomba,9785,4767,5018,2991,135,nanyumbu,nangomba
Nanyumbu District Council,Sengenya,20626,10116,10510,6038,135,nanyumbu,sengenya
Nanyumbu District Council,Chipuputa,12469,6036,6433,3688,135,nanyumbu,chipuputa
Nanyumbu District Council,Kilimanihewa,12927,6134,6793,3835,135,nanyumbu,kilimanihewa
Nanyumbu District Council,Mnanje,8476,4182,4294,2648,135,nanyumbu,mnanje
Nanyumbu District Council,Mikangaula,9892,4686,5206,3084,135,nanyumbu,mikangaula
Nanyumbu District Council,Maratani,7692,3657,4035,2387,135,nanyumbu,maratani
Nanyumbu District Council,Nandete,11785,5735,6050,3568,135,nanyumbu,nandete
Nanyumbu District Council,Kamundi,9296,4494,4802,2925,135,nanyumbu,kamundi
Nanyumbu District Council,Mkonona,9577,4802,4775,2805,135,nanyumbu,mkonona
Nanyumbu District Council,Nanyumbu,13654,6641,7013,4067,135,nanyumbu,nanyumbu
Nanyumbu District Council,Masuguru,8787,4399,4388,2570,135,nanyumbu,masuguru
Tunduru District Council,Kalulu,4763,2358,2405,1127,138,tunduru,kalulu
Tunduru District Council,Ligunga,10498,5136,5362,2582,138,tunduru,ligunga
Tunduru District Council,Matemanga,12155,5891,6264,2886,138,tunduru,matemanga
Tunduru District Council,Namwinyu,13724,6702,7022,3153,138,tunduru,namwinyu
Tunduru District Council,Jakika,3902,1874,2028,956,138,tunduru,jakika
Tunduru District Council,Mindu,5752,2867,2885,1654,138,tunduru,mindu
Tunduru District Council,Ngapa,4747,2595,2152,1351,138,tunduru,ngapa
Tunduru District Council,Nakapanya,8537,4238,4299,2452,138,tunduru,nakapanya
Tunduru District Council,Muhuwesi,14194,6968,7226,4087,138,tunduru,muhuwesi
Tunduru District Council,Namiungo,13014,6382,6632,3774,138,tunduru,namiungo
Tunduru District Council,Majimaji,9682,4780,4902,2583,138,tunduru,majimaji
Tunduru District Council,Namakambale,15142,7475,7667,4193,138,tunduru,namakambale
Tunduru District Council,Tinginya,6689,3289,3400,1798,138,tunduru,tinginya
Tunduru District Council,Mlingoti Mashariki,6153,2976,3177,1848,138,tunduru,mlingotimashariki
Tunduru District Council,Mlingoti Magharibi,4691,2343,2348,1333,138,tunduru,mlingotimagharibi
Tunduru District Council,Masonya,10427,5125,5302,2954,138,tunduru,masonya
Tunduru District Council,Sisi Kwa Sisi,7109,3454,3655,2050,138,tunduru,sisikwasisi
Tunduru District Council,Mchangani,11623,5540,6083,3136,138,tunduru,mchangani
Tunduru District Council,Majengo,8860,4247,4613,2596,138,tunduru,majengo
Tunduru District Council,Nanjoka,14851,7101,7750,4134,138,tunduru,nanjoka
Tunduru District Council,Nakayaya,11960,5772,6188,3377,138,tunduru,nakayaya
Tunduru District Council,Kidodoma,11527,5680,5847,2944,138,tunduru,kidodoma
Tunduru District Council,Nandembo,9606,4735,4871,2439,138,tunduru,nandembo
Tunduru District Council,Nampungu,6167,3086,3081,1528,138,tunduru,nampungu
Tunduru District Council,Tuwemacho,10251,5043,5208,2838,138,tunduru,tuwemacho
Tunduru District Council,Ligoma,10510,5272,5238,3009,138,tunduru,ligoma
Tunduru District Council,Misechela,14798,7243,7555,4017,138,tunduru,misechela
Tunduru District Council,Namasakata,12436,6006,6430,3630,138,tunduru,namasakata
Tunduru District Council,Mchuluka,3638,1810,1828,1069,138,tunduru,mchuluka
Tunduru District Council,Mtina,24763,12180,12583,6630,138,tunduru,mtina
Tunduru District Council,Mchesi,14414,7020,7394,3873,138,tunduru,mchesi
Tunduru District Council,Lukumbule,15399,7623,7776,4048,138,tunduru,lukumbule
Tunduru District Council,Nalasi Magharibi,11204,5373,5831,2966,138,tunduru,nalasimagharibi
Tunduru District Council,Mchoteka,16133,7822,8311,4121,138,tunduru,mchoteka
Tunduru District Council,Marumba,14639,7130,7509,3475,138,tunduru,marumba
Tunduru District Council,Mbesa,15053,7295,7758,3798,138,tunduru,mbesa
Tunduru District Council,Mbati,7271,3575,3696,1860,138,tunduru,mbati
Tunduru District Council,Nalasi Mashariki,10785,5210,5575,2620,138,tunduru,nalasimashariki
Tunduru District Council,Chiwana,4987,2452,2535,1319,138,tunduru,chiwana
Songea District Council,Liganga,10517,5591,4926,2800,139,songea,liganga
Songea District Council,Kilagano,21782,10975,10807,5154,139,songea,kilagano
Songea District Council,Maposeni,4670,2282,2388,1249,139,songea,maposeni
Songea District Council,Mpandangindo,6113,3152,2961,1723,139,songea,mpandangindo
Songea District Council,Parangu,4886,2441,2445,1158,139,songea,parangu
Songea District Council,Peramiho,15503,7293,8210,3951,139,songea,peramiho
Songea District Council,Litisha,10867,5398,5469,2862,139,songea,litisha
Songea District Council,Litapwasi,5110,2509,2601,1402,139,songea,litapwasi
Songea District Council,Mpitimbi,11450,5827,5623,3131,139,songea,mpitimbi
Songea District Council,Matimira,12704,6424,6280,3106,139,songea,matimira
Songea District Council,Ndongosi,12645,6459,6186,2850,139,songea,ndongosi
Songea District Council,Lilahi,9868,4981,4887,2447,139,songea,lilahi
Songea District Council,Muhukuru,15519,7768,7751,3930,139,songea,muhukuru
Songea District Council,Kizuka,12413,6229,6184,3323,139,songea,kizuka
Songea District Council,Magagula (Magagura),9081,4513,4568,2477,139,songea,magagulamagagura
Songea District Council,Mbinga Mhalule,15073,8101,6972,3635,139,songea,mbingamhalule
Songea Municipal Council,Mjini,7419,3771,3648,2127,140,songea,mjini
Songea Municipal Council,Bombambili,25130,11612,13518,7750,140,songea,bombambili
Songea Municipal Council,Matogoro,7692,3648,4044,1911,140,songea,matogoro
Songea Municipal Council,Mshangano,22042,10355,11687,5668,140,songea,mshangano
Songea Municipal Council,Mletele,6804,3330,3474,1700,140,songea,mletele
Songea Municipal Council,Seedfarm,11963,5626,6337,2897,140,songea,seedfarm
Songea Municipal Council,Tanga,14780,7041,7739,3644,140,songea,tanga
Songea Municipal Council,Msamala,33822,15895,17927,8388,140,songea,msamala
Songea Municipal Council,Ndilimalitembo,9284,4275,5009,2465,140,songea,ndilimalitembo
Songea Municipal Council,Majengo,6599,3073,3526,2083,140,songea,majengo
Songea Municipal Council,Misufini,3719,1753,1966,1243,140,songea,misufini
Songea Municipal Council,Mfaranyaki,8114,3776,4338,2649,140,songea,mfaranyaki
Songea Municipal Council,Lizaboni,20120,9374,10746,5509,140,songea,lizaboni
Songea Municipal Council,Matarawe,6997,3275,3722,2287,140,songea,matarawe
Songea Municipal Council,Ruvuma,27514,13096,14418,6839,140,songea,ruvuma
Songea Municipal Council,Subira,8520,4163,4357,2229,140,songea,subira
Songea Municipal Council,Ruhuwiko,21787,10135,11652,5685,140,songea,ruhuwiko
Songea Municipal Council,Lilambo,12642,6149,6493,3482,140,songea,lilambo
Songea Municipal Council,Mwengemshindo,4539,2226,2313,1132,140,songea,mwengemshindo
Songea Municipal Council,Mjimwema,19640,9054,10586,5433,140,songea,mjimwema
Songea Municipal Council,Mateka,7158,3293,3865,1806,140,songea,mateka
Madaba District Council,Lituta,12312,5973,6339,3298,141,madaba,lituta
Madaba District Council,Mahanje,6002,3020,2982,1651,141,madaba,mahanje
Madaba District Council,Matetereka,4730,2409,2321,1171,141,madaba,matetereka
Madaba District Council,Wino,8870,4588,4282,2369,141,madaba,wino
Madaba District Council,Matumbi,2474,1438,1036,503,141,madaba,matumbi
Madaba District Council,Mkongotema,10040,5212,4828,2754,141,madaba,mkongotema
Madaba District Council,Gumbiro,8328,4298,4030,2092,141,madaba,gumbiro
Madaba District Council,Mtyangimbole,12459,6147,6312,2887,141,madaba,mtyangimbole
Mbinga District Council,Kigonsera,13323,6614,6709,3456,142,mbinga,kigonsera
Mbinga District Council,Kihangi Mahuka,7695,3767,3928,1731,142,mbinga,kihangimahuka
Mbinga District Council,Lukarasi,7439,3711,3728,1758,142,mbinga,lukarasi
Mbinga District Council,Amani Makoro,8665,4662,4003,2466,142,mbinga,amanimakoro
Mbinga District Council,Mhongozi,5774,2938,2836,1318,142,mbinga,mhongozi
Mbinga District Council,Kitumbalomo,5725,2767,2958,1308,142,mbinga,kitumbalomo
Mbinga District Council,Mkako,10299,5376,4923,2829,142,mbinga,mkako
Mbinga District Council,Matiri,15690,7707,7983,3879,142,mbinga,matiri
Mbinga District Council,Kitura,9129,4627,4502,2179,142,mbinga,kitura
Mbinga District Council,Mpapa,12283,5986,6297,2883,142,mbinga,mpapa
Mbinga District Council,Nyoni,12899,6252,6647,3146,142,mbinga,nyoni
Mbinga District Council,Mbuji,12710,6119,6591,3156,142,mbinga,mbuji
Mbinga District Council,Litembo,12432,5979,6453,3023,142,mbinga,litembo
Mbinga District Council,Kambarage,12091,5823,6268,2760,142,mbinga,kambarage
Mbinga District Council,Mapera,11707,5617,6090,2809,142,mbinga,mapera
Mbinga District Council,Kipapa,7363,3602,3761,1840,142,mbinga,kipapa
Mbinga District Council,Maguu,16163,7821,8342,4014,142,mbinga,maguu
Mbinga District Council,Mikalanga,11331,5470,5861,2549,142,mbinga,mikalanga
Mbinga District Council,Langiro,12423,6093,6330,3142,142,mbinga,langiro
Mbinga District Council,Ruanda,11450,6057,5393,2935,142,mbinga,ruanda
Mbinga District Council,Litumbandyosi,11506,5884,5622,2809,142,mbinga,litumbandyosi
Mbinga District Council,Namswea,5191,2588,2603,1256,142,mbinga,namswea
Mbinga District Council,Muungano,4492,2303,2189,1013,142,mbinga,muungano
Mbinga District Council,Wukiro,4895,2434,2461,1212,142,mbinga,wukiro
Mbinga District Council,Kipololo,4482,2182,2300,1086,142,mbinga,kipololo
Mbinga District Council,Ngima,6642,3290,3352,1642,142,mbinga,ngima
Mbinga District Council,Mkumbi,12749,6246,6503,3035,142,mbinga,mkumbi
Mbinga District Council,Linda,13371,6518,6853,3129,142,mbinga,linda
Mbinga District Council,Ukata,5663,2838,2825,1412,142,mbinga,ukata
Mbinga Town Council,Luwaita,8907,4305,4602,2183,143,mbinga,luwaita
Mbinga Town Council,Myangayanga,5745,2764,2981,1427,143,mbinga,myangayanga
Mbinga Town Council,Kitanda,8631,4221,4410,2034,143,mbinga,kitanda
Mbinga Town Council,Mpepai,17072,8391,8681,3865,143,mbinga,mpepai
Mbinga Town Council,Utiri,10160,4919,5241,2481,143,mbinga,utiri
Mbinga Town Council,Mbinga Mjini,4177,1917,2260,1381,143,mbinga,mbingamjini
Mbinga Town Council,Kilimani,14594,7142,7452,3407,143,mbinga,kilimani
Mbinga Town Council,Mbangamao,8030,3882,4148,1809,143,mbinga,mbangamao
Mbinga Town Council,Kihungu,5394,2648,2746,1361,143,mbinga,kihungu
Mbinga Town Council,Kikolo,6248,3062,3186,1461,143,mbinga,kikolo
Mbinga Town Council,Mateka,5972,2862,3110,1454,143,mbinga,mateka
Mbinga Town Council,Mbambi,8745,4068,4677,2546,143,mbinga,mbambi
Mbinga Town Council,Matarawe,10248,4831,5417,2624,143,mbinga,matarawe
Mbinga Town Council,Bethrehemu,7592,3471,4121,2075,143,mbinga,bethrehemu
Mbinga Town Council,Luhuwiko,8193,3883,4310,2161,143,mbinga,luhuwiko
Mbinga Town Council,Lusonga,8138,3844,4294,2098,143,mbinga,lusonga
Mbinga Town Council,Masumuni,10615,4764,5851,3043,143,mbinga,masumuni
Mbinga Town Council,Mbinga Mjini B,3160,1392,1768,949,143,mbinga,mbingamjinib
Mbinga Town Council,Kagugu,7275,3516,3759,1620,143,mbinga,kagugu
Nyasa District Council,Chiwanda,9691,4650,5041,2262,144,nyasa,chiwanda
Nyasa District Council,Mtipwili,8939,4303,4636,2071,144,nyasa,mtipwili
Nyasa District Council,Kilosa,12530,5993,6537,3125,144,nyasa,kilosa
Nyasa District Council,Mbamba_Bay,13463,6430,7033,3432,144,nyasa,mbambabay
Nyasa District Council,Lipingo,10743,5231,5512,2449,144,nyasa,lipingo
Nyasa District Council,Liuli,15664,7573,8091,3852,144,nyasa,liuli
Nyasa District Council,Kihagara,12140,5782,6358,2923,144,nyasa,kihagara
Nyasa District Council,Liparamba,10857,5450,5407,2467,144,nyasa,liparamba
Nyasa District Council,Tingi,12097,6042,6055,2823,144,nyasa,tingi
Nyasa District Council,Kingerikiti,10154,4898,5256,2209,144,nyasa,kingerikiti
Nyasa District Council,Luhangarasi,9929,4843,5086,2175,144,nyasa,luhangarasi
Nyasa District Council,Mpepo,13575,7141,6434,3114,144,nyasa,mpepo
Nyasa District Council,Mipotopoto,6499,3277,3222,1666,144,nyasa,mipotopoto
Nyasa District Council,Upolo,6163,2960,3203,1281,144,nyasa,upolo
Nyasa District Council,Lumeme,9006,4393,4613,1993,144,nyasa,lumeme
Nyasa District Council,Ngumbo,4906,2392,2514,1147,144,nyasa,ngumbo
Nyasa District Council,Liwundi,5792,2885,2907,1420,144,nyasa,liwundi
Nyasa District Council,Mbaha,7841,3894,3947,1776,144,nyasa,mbaha
Nyasa District Council,Lituhi,8552,4090,4462,1939,144,nyasa,lituhi
Nyasa District Council,Linga,2652,1267,1385,613,144,nyasa,linga
Namtumbo District Council,Lusewa,20919,10278,10641,5171,145,namtumbo,lusewa
Namtumbo District Council,Magazini,13060,6342,6718,3092,145,namtumbo,magazini
Namtumbo District Council,Msisima,7319,3509,3810,1670,145,namtumbo,msisima
Namtumbo District Council,Mkongo,7899,3807,4092,1722,145,namtumbo,mkongo
Namtumbo District Council,Ligera,10184,5149,5035,2378,145,namtumbo,ligera
Namtumbo District Council,Msindo,7948,3815,4133,2068,145,namtumbo,msindo
Namtumbo District Council,Luchili,11553,5682,5871,2673,145,namtumbo,luchili
Namtumbo District Council,Namabengo,11486,5490,5996,2858,145,namtumbo,namabengo
Namtumbo District Council,Hanga,17998,8710,9288,4603,145,namtumbo,hanga
Namtumbo District Council,Limamu,8012,3919,4093,1890,145,namtumbo,limamu
Namtumbo District Council,Mkongo gulioni,6975,3391,3584,1626,145,namtumbo,mkongogulioni
Namtumbo District Council,Lisimonji,9181,4701,4480,2153,145,namtumbo,lisimonji
Namtumbo District Council,Rwinga,19462,9190,10272,4539,145,namtumbo,rwinga
Namtumbo District Council,Kitanda,14638,7123,7515,3148,145,namtumbo,kitanda
Namtumbo District Council,Luegu,10050,4918,5132,2190,145,namtumbo,luegu
Namtumbo District Council,Namtumbo,26440,12697,13743,6394,145,namtumbo,namtumbo
Namtumbo District Council,Mgombasi,12755,6162,6593,2911,145,namtumbo,mgombasi
Namtumbo District Council,Litola,12533,6167,6366,2941,145,namtumbo,litola
Namtumbo District Council,Likuyuseka,13005,6416,6589,2947,145,namtumbo,likuyuseka
Namtumbo District Council,Mputa,13831,6712,7119,2859,145,namtumbo,mputa
Namtumbo District Council,Mchomoro,16120,7857,8263,3441,145,namtumbo,mchomoro
Iringa District Council,Ifunda,18420,9006,9414,5106,148,iringa,ifunda
Iringa District Council,Lumuli,8463,4096,4367,2191,148,iringa,lumuli
Iringa District Council,Maboga,6035,2944,3091,1614,148,iringa,maboga
Iringa District Council,Wasa,11116,5409,5707,2701,148,iringa,wasa
Iringa District Council,Kihanga,7506,3587,3919,1864,148,iringa,kihanga
Iringa District Council,Kalenga,11491,5405,6086,3002,148,iringa,kalenga
Iringa District Council,Kiwere,11296,5526,5770,3102,148,iringa,kiwere
Iringa District Council,Nzihi,15419,7292,8127,4272,148,iringa,nzihi
Iringa District Council,Ulanda,10736,5161,5575,2889,148,iringa,ulanda
Iringa District Council,Mseke,14131,6779,7352,3813,148,iringa,mseke
Iringa District Council,Magulilwa,15205,7459,7746,3767,148,iringa,magulilwa
Iringa District Council,Mgama,14937,7226,7711,3869,148,iringa,mgama
Iringa District Council,Luhota,16319,7830,8489,4102,148,iringa,luhota
Iringa District Council,Lyamgungwe,11161,5384,5777,2866,148,iringa,lyamgungwe
Iringa District Council,Masaka,5631,2704,2927,1496,148,iringa,masaka
Iringa District Council,Kising’a,9576,4614,4962,2537,148,iringa,kisinga
Iringa District Council,Kihorogota,8899,4326,4573,2280,148,iringa,kihorogota
Iringa District Council,Izazi,8764,4317,4447,2127,148,iringa,izazi
Iringa District Council,Nyang'oro,10643,5288,5355,2642,148,iringa,nyangoro
Iringa District Council,Mahuninga,4994,2419,2575,1313,148,iringa,mahuninga
Iringa District Council,Idodi,13053,6542,6511,3480,148,iringa,idodi
Iringa District Council,Mlowa,12896,6292,6604,2994,148,iringa,mlowa
Iringa District Council,Ilolompya,8869,4338,4531,2276,148,iringa,ilolompya
Iringa District Council,Mlenge,14055,6973,7082,2996,148,iringa,mlenge
Iringa District Council,Mboliboli,7567,3789,3778,1945,148,iringa,mboliboli
Iringa Municipal Council,Kihesa,22276,10320,11956,6716,149,iringa,kihesa
Iringa Municipal Council,Mtwivila,12466,5909,6557,3666,149,iringa,mtwivila
Iringa Municipal Council,Gangilonga,7892,3944,3948,2037,149,iringa,gangilonga
Iringa Municipal Council,Kitanzini,2543,1345,1198,731,149,iringa,kitanzini
Iringa Municipal Council,Ruaha,11941,5757,6184,3533,149,iringa,ruaha
Iringa Municipal Council,Mshindo,1563,763,800,514,149,iringa,mshindo
Iringa Municipal Council,Mivinjeni,4454,2224,2230,1570,149,iringa,mivinjeni
Iringa Municipal Council,Mlandege,4235,2016,2219,1391,149,iringa,mlandege
Iringa Municipal Council,Mwangata,24673,11453,13220,6504,149,iringa,mwangata
Iringa Municipal Council,Kwakilosa,7550,3721,3829,2483,149,iringa,kwakilosa
Iringa Municipal Council,Makorongoni,7061,3479,3582,2526,149,iringa,makorongoni
Iringa Municipal Council,Ilala,3759,1801,1958,1322,149,iringa,ilala
Iringa Municipal Council,Mkwawa,15320,7191,8129,4382,149,iringa,mkwawa
Iringa Municipal Council,Kitwiru,20365,9657,10708,5418,149,iringa,kitwiru
Iringa Municipal Council,Isakalilo,20859,9912,10947,5705,149,iringa,isakalilo
Iringa Municipal Council,Nduli,10304,5011,5293,2897,149,iringa,nduli
Iringa Municipal Council,Mkimbizi,15020,6946,8074,3959,149,iringa,mkimbizi
Iringa Municipal Council,Igumbilo,10209,4943,5266,2654,149,iringa,igumbilo
Mafinga Town Council,Sao Hill,3799,1910,1889,1072,150,mafinga,saohill
Mafinga Town Council,Changarawe,11381,5347,6034,3125,150,mafinga,changarawe
Mafinga Town Council,Boma,32090,14991,17099,9803,150,mafinga,boma
Mafinga Town Council,Rungemba,7323,3596,3727,2207,150,mafinga,rungemba
Mafinga Town Council,Kinyanambo,21178,10231,10947,6111,150,mafinga,kinyanambo
Mafinga Town Council,Upendo,25074,11742,13332,7800,150,mafinga,upendo
Mafinga Town Council,Wambi,5783,2799,2984,1769,150,mafinga,wambi
Mafinga Town Council,Isalavanu,8402,4056,4346,2204,150,mafinga,isalavanu
Mafinga Town Council,Bumilayinga,7299,3544,3755,1890,150,mafinga,bumilayinga
Mufindi District Council,Ikweha,10066,5025,5041,2385,151,mufindi,ikweha
Mufindi District Council,Sadani,9966,4854,5112,2569,151,mufindi,sadani
Mufindi District Council,Igombavanu,8101,3932,4169,2067,151,mufindi,igombavanu
Mufindi District Council,Ihalimba,13028,6203,6825,3329,151,mufindi,ihalimba
Mufindi District Council,Kibengu,18542,8798,9744,4587,151,mufindi,kibengu
Mufindi District Council,Mapanda,13073,6210,6863,3296,151,mufindi,mapanda
Mufindi District Council,Ikongosi,9136,4507,4629,2477,151,mufindi,ikongosi
Mufindi District Council,Ifwagi,10393,4936,5457,3022,151,mufindi,ifwagi
Mufindi District Council,Mdabulo,11399,5510,5889,2871,151,mufindi,mdabulo
Mufindi District Council,Ihanu,10063,4796,5267,2590,151,mufindi,ihanu
Mufindi District Council,Luhunga,10424,5042,5382,2896,151,mufindi,luhunga
Mufindi District Council,Mpanga Tazara,775,418,357,214,151,mufindi,mpangatazara
Mufindi District Council,Mtwango,17445,8205,9240,5512,151,mufindi,mtwango
Mufindi District Council,Kiyowela,4678,2342,2336,1327,151,mufindi,kiyowela
Mufindi District Council,Makungu,17393,8720,8673,5175,151,mufindi,makungu
Mufindi District Council,Mninga,15795,7278,8517,4562,151,mufindi,mninga
Mufindi District Council,Kasanga,8600,3964,4636,2383,151,mufindi,kasanga
Mufindi District Council,Igowole,18925,9009,9916,5233,151,mufindi,igowole
Mufindi District Council,Mtambula,11232,5215,6017,2804,151,mufindi,mtambula
Mufindi District Council,Itandula,14329,6662,7667,3553,151,mufindi,itandula
Mufindi District Council,Idete,5822,2988,2834,1471,151,mufindi,idete
Mufindi District Council,Mbalamaziwa,9065,4243,4822,2428,151,mufindi,mbalamaziwa
Mufindi District Council,Idunda,6984,3311,3673,1820,151,mufindi,idunda
Mufindi District Council,Malangali,6331,2963,3368,1726,151,mufindi,malangali
Mufindi District Council,Nyololo,9448,4557,4891,2566,151,mufindi,nyololo
Mufindi District Council,Ihowanza,12466,5778,6688,3056,151,mufindi,ihowanza
Mufindi District Council,Maduma,5517,2648,2869,1278,151,mufindi,maduma
Kilolo District Council,Image,10857,5133,5724,2931,152,kilolo,image
Kilolo District Council,Irole,16408,7920,8488,4309,152,kilolo,irole
Kilolo District Council,Ilula,14666,6942,7724,4127,152,kilolo,ilula
Kilolo District Council,Uhambingeto,11915,5755,6160,3141,152,kilolo,uhambingeto
Kilolo District Council,Lugalo,13970,6738,7232,3835,152,kilolo,lugalo
Kilolo District Council,Nyalumbu,20134,9466,10668,5617,152,kilolo,nyalumbu
Kilolo District Council,Mlafu,7013,3474,3539,1840,152,kilolo,mlafu
Kilolo District Council,Ibumu,8264,4079,4185,2086,152,kilolo,ibumu
Kilolo District Council,Udekwa,8594,4395,4199,2309,152,kilolo,udekwa
Kilolo District Council,Mahenge,6835,3477,3358,1844,152,kilolo,mahenge
Kilolo District Council,Ruaha Mbuyuni,19543,9997,9546,5785,152,kilolo,ruahambuyuni
Kilolo District Council,Nyanzwa,7877,3885,3992,2124,152,kilolo,nyanzwa
Kilolo District Council,Mtitu,14280,6933,7347,3826,152,kilolo,mtitu
Kilolo District Council,Dabaga,8497,4051,4446,2182,152,kilolo,dabaga
Kilolo District Council,Ukumbi,14280,6973,7307,3681,152,kilolo,ukumbi
Kilolo District Council,Ukwega,7915,3969,3946,1871,152,kilolo,ukwega
Kilolo District Council,Boma la Ng'ombe,13153,6416,6737,3346,152,kilolo,bomalangombe
Kilolo District Council,Idete,7656,3565,4091,1812,152,kilolo,idete
Kilolo District Council,Masisiwe,9272,4248,5024,2431,152,kilolo,masisiwe
Kilolo District Council,Ng'uruhe,12523,6127,6396,3164,152,kilolo,nguruhe
Kilolo District Council,Ng'ang'ange,4398,2123,2275,1151,152,kilolo,ngangange
Kilolo District Council,Ihimbo,11536,5623,5913,2867,152,kilolo,ihimbo
Kilolo District Council,Kimala,7737,3788,3949,1749,152,kilolo,kimala
Kilolo District Council,Kising'a,6236,2958,3278,1569,152,kilolo,kisinga
Chunya District Council,Sangambi,22789,12058,10731,6046,154,chunya,sangambi
Chunya District Council,Itewe,11385,5373,6012,3207,154,chunya,itewe
Chunya District Council,Chokaa,30901,15340,15561,8319,154,chunya,chokaa
Chunya District Council,Mbugani,14216,7206,7010,4190,154,chunya,mbugani
Chunya District Council,Chalangwa,12553,6260,6293,3309,154,chunya,chalangwa
Chunya District Council,Ifumbo,11214,6134,5080,3046,154,chunya,ifumbo
Chunya District Council,Matundasi,26073,14294,11779,7450,154,chunya,matundasi
Chunya District Council,Makongolosi,23787,12124,11663,6174,154,chunya,makongolosi
Chunya District Council,Bwawani,10043,5160,4883,2655,154,chunya,bwawani
Chunya District Council,Mkola,13611,7275,6336,3329,154,chunya,mkola
Chunya District Council,Kasanga,4636,2544,2092,1389,154,chunya,kasanga
Chunya District Council,Kambikatoto,28519,14441,14078,6341,154,chunya,kambikatoto
Chunya District Council,Mafyeko,29996,15201,14795,8429,154,chunya,mafyeko
Chunya District Council,Matwiga,18762,9530,9232,4196,154,chunya,matwiga
Chunya District Council,Mtanila,15826,8110,7716,3412,154,chunya,mtanila
Chunya District Council,Lupa,15428,7663,7765,3610,154,chunya,lupa
Chunya District Council,Lualaje,11828,6007,5821,2521,154,chunya,lualaje
Chunya District Council,Upendo,12042,5935,6107,2083,154,chunya,upendo
Chunya District Council,Mamba,19913,10105,9808,3771,154,chunya,mamba
Chunya District Council,Nkung'ungu,10949,5697,5252,2522,154,chunya,nkungungu
Mbeya District Council,Santilya,17624,8139,9485,4745,155,mbeya,santilya
Mbeya District Council,Ilembo,15699,7280,8419,4195,155,mbeya,ilembo
Mbeya District Council,Iwiji,8832,4068,4764,2163,155,mbeya,iwiji
Mbeya District Council,Isuto,17611,8195,9416,4712,155,mbeya,isuto
Mbeya District Council,Iyunga Mapinduzi,7284,3427,3857,1889,155,mbeya,iyungamapinduzi
Mbeya District Council,Masoko,4332,1997,2335,1106,155,mbeya,masoko
Mbeya District Council,Itawa,8472,3863,4609,2337,155,mbeya,itawa
Mbeya District Council,Shizuvi,4671,2164,2507,1151,155,mbeya,shizuvi
Mbeya District Council,Izyra,6260,2890,3370,1628,155,mbeya,izyra
Mbeya District Council,Igale,11471,5413,6058,3081,155,mbeya,igale
Mbeya District Council,Iwindi,23109,10935,12174,6110,155,mbeya,iwindi
Mbeya District Council,Utengule/Usongwe,55082,25209,29873,15562,155,mbeya,utenguleusongwe
Mbeya District Council,Mshewe,8305,4064,4241,2284,155,mbeya,mshewe
Mbeya District Council,Ikukwa,7268,3383,3885,2037,155,mbeya,ikukwa
Mbeya District Council,Bonde la Songwe,21300,10132,11168,6000,155,mbeya,bondelasongwe
Mbeya District Council,Swaya,15289,7156,8133,4084,155,mbeya,swaya
Mbeya District Council,Nsalala,36775,16774,20001,9863,155,mbeya,nsalala
Mbeya District Council,Mjele,6738,3249,3489,1111,155,mbeya,mjele
Mbeya District Council,Ihango,13790,6486,7304,3974,155,mbeya,ihango
Mbeya District Council,Ulenje,7472,3503,3969,2094,155,mbeya,ulenje
Mbeya District Council,Tembela,10541,4813,5728,2978,155,mbeya,tembela
Mbeya District Council,Ijombe,12764,5977,6787,3519,155,mbeya,ijombe
Mbeya District Council,Inyala,16764,7967,8797,4626,155,mbeya,inyala
Mbeya District Council,Ilungu,13484,6395,7089,3997,155,mbeya,ilungu
Mbeya District Council,Maendeleo,5494,2598,2896,1489,155,mbeya,maendeleo
Mbeya District Council,Lwanjilo,2637,1391,1246,789,155,mbeya,lwanjilo
Mbeya District Council,Itewe,6019,2865,3154,1624,155,mbeya,itewe
Mbeya District Council,Igoma,6172,2825,3347,1736,155,mbeya,igoma
Mbeya City Council,Itezi,33019,15269,17750,9158,156,mbeya,itezi
Mbeya City Council,Igawilo,25004,11154,13850,7277,156,mbeya,igawilo
Mbeya City Council,Iganjo,14939,6905,8034,4023,156,mbeya,iganjo
Mbeya City Council,Uyole,13695,6359,7336,3802,156,mbeya,uyole
Mbeya City Council,Iduda,6181,2845,3336,1720,156,mbeya,iduda
Mbeya City Council,Mwasanga,2939,1386,1553,785,156,mbeya,mwasanga
Mbeya City Council,Tembela,4753,2252,2501,1213,156,mbeya,tembela
Mbeya City Council,Ilomba,49478,22815,26663,14287,156,mbeya,ilomba
Mbeya City Council,Mwakibete,37638,17647,19991,10978,156,mbeya,mwakibete
Mbeya City Council,Ruanda,18626,8605,10021,6126,156,mbeya,ruanda
Mbeya City Council,Iyela,43481,20865,22616,13274,156,mbeya,iyela
Mbeya City Council,Sinde,6479,3105,3374,2134,156,mbeya,sinde
Mbeya City Council,Maanga,5727,2660,3067,1925,156,mbeya,maanga
Mbeya City Council,Mbalizi Road,5691,3277,2414,1493,156,mbeya,mbaliziroad
Mbeya City Council,Forest,9774,4647,5127,3026,156,mbeya,forest
Mbeya City Council,Mabatini,6872,3169,3703,2054,156,mbeya,mabatini
Mbeya City Council,Nzovwe,21872,10286,11586,6239,156,mbeya,nzovwe
Mbeya City Council,Kalobe,17498,8257,9241,4887,156,mbeya,kalobe
Mbeya City Council,Iyunga,23954,11494,12460,7013,156,mbeya,iyunga
Mbeya City Council,Iwambi,19798,9175,10623,5008,156,mbeya,iwambi
Mbeya City Council,Sisimba,4866,2545,2321,1127,156,mbeya,sisimba
Mbeya City Council,Isanga,11332,5297,6035,3422,156,mbeya,isanga
Mbeya City Council,Iganzo,27084,12712,14372,7481,156,mbeya,iganzo
Mbeya City Council,Mwasenkwa,2480,1187,1293,702,156,mbeya,mwasenkwa
Mbeya City Council,Itagano,2213,1039,1174,606,156,mbeya,itagano
Mbeya City Council,Ilemi,45224,21258,23966,12141,156,mbeya,ilemi
Mbeya City Council,Isyesye,19670,8908,10762,5124,156,mbeya,isyesye
Mbeya City Council,Itende,5226,2453,2773,1438,156,mbeya,itende
Mbeya City Council,Iziwa,3848,1804,2044,1096,156,mbeya,iziwa
Mbeya City Council,Nsoho,2428,1159,1269,653,156,mbeya,nsoho
Mbeya City Council,Majengo,2958,1463,1495,1131,156,mbeya,majengo
Mbeya City Council,Ghana,3844,1791,2053,1255,156,mbeya,ghana
Mbeya City Council,Nonde,2690,1324,1366,811,156,mbeya,nonde
Mbeya City Council,Itiji,4995,2434,2561,1528,156,mbeya,itiji
Mbeya City Council,Maendeleo,3490,1692,1798,986,156,mbeya,maendeleo
Kyela District Council,Lusungo,7337,3565,3772,1924,157,kyela,lusungo
Kyela District Council,Makwale,15117,7157,7960,3895,157,kyela,makwale
Kyela District Council,Matema,12231,5762,6469,3173,157,kyela,matema
Kyela District Council,Mwaya,12122,5892,6230,3150,157,kyela,mwaya
Kyela District Council,Ndobo,6206,2976,3230,1562,157,kyela,ndobo
Kyela District Council,Ipande,4757,2283,2474,1213,157,kyela,ipande
Kyela District Council,Ikama,4732,2281,2451,1261,157,kyela,ikama
Kyela District Council,Ipinda,27665,13057,14608,7602,157,kyela,ipinda
Kyela District Council,Muungano,3080,1494,1586,804,157,kyela,muungano
Kyela District Council,Talatala,5723,2686,3037,1481,157,kyela,talatala
Kyela District Council,Mababu,12933,6220,6713,3451,157,kyela,mababu
Kyela District Council,Nkokwa,3422,1633,1789,916,157,kyela,nkokwa
Kyela District Council,Kajunjumele,6621,3255,3366,1731,157,kyela,kajunjumele
Kyela District Council,Bujonde,7088,3367,3721,1863,157,kyela,bujonde
Kyela District Council,Ikolo,4647,2230,2417,1271,157,kyela,ikolo
Kyela District Council,Katumbasongwe,9316,4447,4869,2227,157,kyela,katumbasongwe
Kyela District Council,Ngana,8694,4170,4524,2521,157,kyela,ngana
Kyela District Council,Busale,7637,3566,4071,2250,157,kyela,busale
Kyela District Council,Ngonga,7712,3764,3948,2012,157,kyela,ngonga
Kyela District Council,Ikimba,17529,8197,9332,4807,157,kyela,ikimba
Kyela District Council,Itope,5898,2754,3144,1562,157,kyela,itope
Kyela District Council,Kyela,2507,1111,1396,876,157,kyela,kyela
Kyela District Council,Mikoroshoni,2615,1192,1423,895,157,kyela,mikoroshoni
Kyela District Council,Mbugani,6273,2920,3353,2092,157,kyela,mbugani
Kyela District Council,Mwanganyanga,4303,1988,2315,1294,157,kyela,mwanganyanga
Kyela District Council,Serengeti,3517,1639,1878,892,157,kyela,serengeti
Kyela District Council,Itunge,10434,4919,5515,2636,157,kyela,itunge
Kyela District Council,Nkuyu,5843,2672,3171,1592,157,kyela,nkuyu
Kyela District Council,Ndandalo,8768,4083,4685,2475,157,kyela,ndandalo
Kyela District Council,Ipyana,5882,2775,3107,1507,157,kyela,ipyana
Kyela District Council,Bondeni,10006,4769,5237,2714,157,kyela,bondeni
Kyela District Council,Ibanda,3307,1548,1759,863,157,kyela,ibanda
Kyela District Council,Njisi,12504,5863,6641,3456,157,kyela,njisi
Rungwe District Council,Ibighi,12553,5789,6764,3559,158,rungwe,ibighi
Rungwe District Council,Bagamoyo,3378,1508,1870,1020,158,rungwe,bagamoyo
Rungwe District Council,Kawetele,5358,2536,2822,1603,158,rungwe,kawetele
Rungwe District Council,Bulyaga,7475,3511,3964,2129,158,rungwe,bulyaga
Rungwe District Council,Msasani,5891,2864,3027,1637,158,rungwe,msasani
Rungwe District Council,Makandana,8227,3861,4366,2259,158,rungwe,makandana
Rungwe District Council,Itagata,3719,1755,1964,1023,158,rungwe,itagata
Rungwe District Council,Masoko,5473,2611,2862,1560,158,rungwe,masoko
Rungwe District Council,Kisiba,6122,2844,3278,1757,158,rungwe,kisiba
Rungwe District Council,Bujela,4515,2125,2390,1273,158,rungwe,bujela
Rungwe District Council,Masukulu,5521,2556,2965,1574,158,rungwe,masukulu
Rungwe District Council,Ilima,5771,2647,3124,1788,158,rungwe,ilima
Rungwe District Council,Kisondela,10005,4761,5244,2984,158,rungwe,kisondela
Rungwe District Council,Mpuguso,14298,6687,7611,4188,158,rungwe,mpuguso
Rungwe District Council,Matwebe,2859,1427,1432,855,158,rungwe,matwebe
Rungwe District Council,Swaya,8811,4084,4727,2299,158,rungwe,swaya
Rungwe District Council,Isongole,8600,3997,4603,2519,158,rungwe,isongole
Rungwe District Council,Masebe,4268,2083,2185,1211,158,rungwe,masebe
Rungwe District Council,Suma,5996,2954,3042,1757,158,rungwe,suma
Rungwe District Council,Malindo,4638,2228,2410,1337,158,rungwe,malindo
Rungwe District Council,Ikuti,14884,7185,7699,3764,158,rungwe,ikuti
Rungwe District Council,Nkunga,12679,6011,6668,3186,158,rungwe,nkunga
Rungwe District Council,Kinyala,13632,6617,7015,3550,158,rungwe,kinyala
Rungwe District Council,Kiwira,36724,17268,19456,10335,158,rungwe,kiwira
Rungwe District Council,Kyimo,19938,9470,10468,5582,158,rungwe,kyimo
Rungwe District Council,Lufingo,11416,5493,5923,3063,158,rungwe,lufingo
Rungwe District Council,Iponjola,7115,3448,3667,1904,158,rungwe,iponjola
Rungwe District Council,Lupepo,5686,2798,2888,1369,158,rungwe,lupepo
Rungwe District Council,Ndanto,17984,8299,9685,5157,158,rungwe,ndanto
Busokelo District Council,Kandete,11443,5372,6071,3366,159,busokelo,kandete
Busokelo District Council,Luteba,7413,3533,3880,2098,159,busokelo,luteba
Busokelo District Council,Isange,5587,2659,2928,1646,159,busokelo,isange
Busokelo District Council,Lwangwa,11134,5244,5890,3228,159,busokelo,lwangwa
Busokelo District Council,Lufilyo,6534,3116,3418,1925,159,busokelo,lufilyo
Busokelo District Council,Itete,10513,4935,5578,2877,159,busokelo,itete
Busokelo District Council,Kisegese,6474,3161,3313,1686,159,busokelo,kisegese
Busokelo District Council,Ntaba,7420,3416,4004,2110,159,busokelo,ntaba
Busokelo District Council,Kambasegela,6746,3161,3585,1966,159,busokelo,kambasegela
Busokelo District Council,Lupata,8552,4092,4460,2312,159,busokelo,lupata
Busokelo District Council,Mpata,3511,1741,1770,1022,159,busokelo,mpata
Busokelo District Council,Kabula,6368,3081,3287,1718,159,busokelo,kabula
Busokelo District Council,Mpombo,8428,3957,4471,2485,159,busokelo,mpombo
Mbarali District Council,Madibira,38120,18817,19303,9359,160,mbarali,madibira
Mbarali District Council,Mawindi,15287,7535,7752,3886,160,mbarali,mawindi
Mbarali District Council,Mapogoro,37753,18352,19401,9610,160,mbarali,mapogoro
Mbarali District Council,Ubaruku,46318,22448,23870,13294,160,mbarali,ubaruku
Mbarali District Council,Imalilo Songwe,14888,7389,7499,3236,160,mbarali,imalilosongwe
Mbarali District Council,Igava,17396,8532,8864,3325,160,mbarali,igava
Mbarali District Council,Ipwani,11229,5546,5683,2640,160,mbarali,ipwani
Mbarali District Council,Miyombweni,14543,7110,7433,2937,160,mbarali,miyombweni
Mbarali District Council,Rujewa,42013,20330,21683,11058,160,mbarali,rujewa
Mbarali District Council,Lugelele,15810,7763,8047,4358,160,mbarali,lugelele
Mbarali District Council,Luhanga,25873,12279,13594,4644,160,mbarali,luhanga
Mbarali District Council,Ihahi,8059,4061,3998,2110,160,mbarali,ihahi
Mbarali District Council,Chimala,28646,13669,14977,8182,160,mbarali,chimala
Mbarali District Council,Utengule Usangu,19268,9236,10032,4108,160,mbarali,utenguleusangu
Mbarali District Council,Ruiwa,23129,11436,11693,5495,160,mbarali,ruiwa
Mbarali District Council,Mahongole,16227,7767,8460,4642,160,mbarali,mahongole
Mbarali District Council,Igurusi,27878,13413,14465,7947,160,mbarali,igurusi
Mbarali District Council,Kongolo,14079,6852,7227,3852,160,mbarali,kongolo
Mbarali District Council,Mwatenga,12557,6148,6409,2954,160,mbarali,mwatenga
Mbarali District Council,Itamboleo,17263,8597,8666,4502,160,mbarali,itamboleo
Iramba District Council,Tulya,8348,4193,4155,2142,162,iramba,tulya
Iramba District Council,Kidaru,15321,7584,7737,2186,162,iramba,kidaru
Iramba District Council,Kisiriri,12487,6249,6238,2803,162,iramba,kisiriri
Iramba District Council,Kiomboi,17350,8378,8972,4410,162,iramba,kiomboi
Iramba District Council,Old-Kiomboi,13323,6527,6796,3160,162,iramba,oldkiomboi
Iramba District Council,Urughu,24363,12037,12326,3694,162,iramba,urughu
Iramba District Council,Mtekente,25693,12551,13142,4035,162,iramba,mtekente
Iramba District Council,Ndago,20241,9924,10317,4162,162,iramba,ndago
Iramba District Council,Mbelekese,17564,8828,8736,3142,162,iramba,mbelekese
Iramba District Council,Kaselya,12876,6365,6511,2411,162,iramba,kaselya
Iramba District Council,Ndulungu,14496,7302,7194,2467,162,iramba,ndulungu
Iramba District Council,Kinampanda,11030,5327,5703,2604,162,iramba,kinampanda
Iramba District Council,Ulemo,16056,7928,8128,4082,162,iramba,ulemo
Iramba District Council,Kyengege,11305,5786,5519,2218,162,iramba,kyengege
Iramba District Council,Maluga,8857,4496,4361,1534,162,iramba,maluga
Iramba District Council,Mukulu,7392,3766,3626,1504,162,iramba,mukulu
Iramba District Council,Mtoa,25902,12908,12994,4453,162,iramba,mtoa
Iramba District Council,Mgongo,19658,9819,9839,3259,162,iramba,mgongo
Iramba District Council,Shelui,22021,11001,11020,4588,162,iramba,shelui
Iramba District Council,Ntwike,24629,12471,12158,5791,162,iramba,ntwike
Singida District Council,Mudida,19378,9857,9521,3275,163,singida,mudida
Singida District Council,Makuro,20784,10359,10425,3786,163,singida,makuro
Singida District Council,Kijota,11777,5884,5893,2222,163,singida,kijota
Singida District Council,Mtinko,24535,12080,12455,4843,163,singida,mtinko
Singida District Council,Ughandi,20686,10239,10447,3947,163,singida,ughandi
Singida District Council,Msisi,12915,6400,6515,2592,163,singida,msisi
Singida District Council,Ikhanoda,13194,6609,6585,2380,163,singida,ikhanoda
Singida District Council,Mwasauya,13756,6796,6960,2634,163,singida,mwasauya
Singida District Council,Msange,13563,6771,6792,2610,163,singida,msange
Singida District Council,Maghojoa,9827,4845,4982,1846,163,singida,maghojoa
Singida District Council,Mughamo,9484,4748,4736,1659,163,singida,mughamo
Singida District Council,Kinyagigi,11695,5843,5852,2145,163,singida,kinyagigi
Singida District Council,Merya,9472,4673,4799,1744,163,singida,merya
Singida District Council,Kinyeto,14910,7419,7491,2743,163,singida,kinyeto
Singida District Council,Ntonge,6468,3134,3334,1151,163,singida,ntonge
Singida District Council,Ilongero,13501,6498,7003,2614,163,singida,ilongero
Singida District Council,Mrama,10604,5295,5309,1878,163,singida,mrama
Singida District Council,Itaja,9267,4568,4699,1800,163,singida,itaja
Singida District Council,Ngimu,14486,7319,7167,2747,163,singida,ngimu
Singida District Council,Mughunga,13409,6986,6423,2533,163,singida,mughunga
Singida District Council,Mgori,11184,5639,5545,2309,163,singida,mgori
Singida Municipal Council,Mughanga,3217,1720,1497,778,164,singida,mughanga
Singida Municipal Council,Mitunduruni,13401,6418,6983,3397,164,singida,mitunduruni
Singida Municipal Council,Mtamaa,8402,4154,4248,1659,164,singida,mtamaa
Singida Municipal Council,Utemini,12128,5787,6341,3324,164,singida,utemini
Singida Municipal Council,Mwankoko,7624,3749,3875,1577,164,singida,mwankoko
Singida Municipal Council,Mandewa,41507,19860,21647,10191,164,singida,mandewa
Singida Municipal Council,Minga,23362,11231,12131,5937,164,singida,minga
Singida Municipal Council,Uhamaka,9120,4539,4581,1773,164,singida,uhamaka
Singida Municipal Council,Unyianga,6085,3035,3050,1226,164,singida,unyianga
Singida Municipal Council,Mtipa,12770,6426,6344,2538,164,singida,mtipa
Singida Municipal Council,Majengo,10012,4868,5144,3005,164,singida,majengo
Singida Municipal Council,Unyambwa,13633,6845,6788,2466,164,singida,unyambwa
Singida Municipal Council,Mungumaji,8950,4552,4398,1818,164,singida,mungumaji
Singida Municipal Council,Unyamikumbi,7081,3534,3547,1276,164,singida,unyamikumbi
Singida Municipal Council,Kindai,18871,9142,9729,5039,164,singida,kindai
Singida Municipal Council,Ipembe,1499,734,765,304,164,singida,ipembe
Singida Municipal Council,Misuna,25655,12208,13447,6649,164,singida,misuna
Singida Municipal Council,Kisaki,9142,4556,4586,1740,164,singida,kisaki
Manyoni District Council,Manyoni,42191,20392,21799,11470,165,manyoni,manyoni
Manyoni District Council,Mkwese,8374,4271,4103,1549,165,manyoni,mkwese
Manyoni District Council,Muhalala,4780,2394,2386,985,165,manyoni,muhalala
Manyoni District Council,Makuru,24008,12098,11910,4817,165,manyoni,makuru
Manyoni District Council,Saranda,8175,4079,4096,1721,165,manyoni,saranda
Manyoni District Council,Majiri,17599,8734,8865,3851,165,manyoni,majiri
Manyoni District Council,Sasajila,11189,5416,5773,2349,165,manyoni,sasajila
Manyoni District Council,Solya,8084,4012,4072,2089,165,manyoni,solya
Manyoni District Council,Makutupora,9416,4627,4789,2036,165,manyoni,makutupora
Manyoni District Council,Makanda,13729,6618,7111,2976,165,manyoni,makanda
Manyoni District Council,Kintinku,12946,6307,6639,3125,165,manyoni,kintinku
Manyoni District Council,Maweni,11424,5532,5892,2578,165,manyoni,maweni
Manyoni District Council,Chikuyu,8474,4136,4338,2059,165,manyoni,chikuyu
Manyoni District Council,Sanza,12970,6419,6551,3190,165,manyoni,sanza
Manyoni District Council,Isseke,21815,10647,11168,4579,165,manyoni,isseke
Manyoni District Council,Nkonko,17459,8393,9066,3715,165,manyoni,nkonko
Manyoni District Council,Sasilo,15845,7756,8089,2505,165,manyoni,sasilo
Manyoni District Council,Heka,11129,5271,5858,2171,165,manyoni,heka
Manyoni District Council,Chikola,19462,9256,10206,3294,165,manyoni,chikola
Itigi District Council,Itigi Mjini,7157,3551,3606,1568,166,itigi,itigimjini
Itigi District Council,Itigi Majengo,12216,5908,6308,3156,166,itigi,itigimajengo
Itigi District Council,Tambukareli,12145,6151,5994,3295,166,itigi,tambukareli
Itigi District Council,Sanjaranda,12560,6518,6042,2460,166,itigi,sanjaranda
Itigi District Council,Aghondi,10059,5182,4877,1949,166,itigi,aghondi
Itigi District Council,Idodyandole,19722,9733,9989,2882,166,itigi,idodyandole
Itigi District Council,Ipande,19017,9685,9332,2970,166,itigi,ipande
Itigi District Council,Kitaraka,26950,13724,13226,4126,166,itigi,kitaraka
Itigi District Council,Mgandu,26887,13146,13741,4436,166,itigi,mgandu
Itigi District Council,Mitundu,32370,15919,16451,6044,166,itigi,mitundu
Itigi District Council,Kalangali,9081,4460,4621,1585,166,itigi,kalangali
Itigi District Council,Mwamagembe,18114,8881,9233,2849,166,itigi,mwamagembe
Itigi District Council,Rungwa,9669,4790,4879,1646,166,itigi,rungwa
Ikungi District Council,Iyumbu,18489,9240,9249,3133,167,ikungi,iyumbu
Ikungi District Council,Mgungira,16929,8297,8632,2940,167,ikungi,mgungira
Ikungi District Council,Mwaru,24204,12209,11995,3967,167,ikungi,mwaru
Ikungi District Council,Ighombwe,26508,13081,13427,3844,167,ikungi,ighombwe
Ikungi District Council,Mtunduru,22292,11213,11079,3938,167,ikungi,mtunduru
Ikungi District Council,Sepuka,14854,7394,7460,2744,167,ikungi,sepuka
Ikungi District Council,Irisya,7480,3724,3756,1382,167,ikungi,irisya
Ikungi District Council,Puma,12661,5995,6666,2686,167,ikungi,puma
Ikungi District Council,Kituntu,10612,5295,5317,1987,167,ikungi,kituntu
Ikungi District Council,Iglansoni,24556,12012,12544,3290,167,ikungi,iglansoni
Ikungi District Council,Isseke,8049,4055,3994,1735,167,ikungi,isseke
Ikungi District Council,Ihanja,12266,6248,6018,2422,167,ikungi,ihanja
Ikungi District Council,Minyughe,11734,5822,5912,1994,167,ikungi,minyughe
Ikungi District Council,Muhintiri,12199,6143,6056,2142,167,ikungi,muhintiri
Ikungi District Council,Makilawa,16605,8016,8589,2245,167,ikungi,makilawa
Ikungi District Council,Dung'unyi,12786,6403,6383,2562,167,ikungi,dungunyi
Ikungi District Council,Mang'onyi,22665,11798,10867,4908,167,ikungi,mangonyi
Ikungi District Council,Mkiwa,8749,4517,4232,1693,167,ikungi,mkiwa
Ikungi District Council,Issuna,19281,9867,9414,3560,167,ikungi,issuna
Ikungi District Council,Unyahati,12088,6142,5946,2453,167,ikungi,unyahati
Ikungi District Council,Ikungi,19346,9663,9683,4229,167,ikungi,ikungi
Ikungi District Council,Mungaa,12868,6296,6572,2544,167,ikungi,mungaa
Ikungi District Council,Siuyu,9924,4917,5007,1837,167,ikungi,siuyu
Ikungi District Council,Kikio,10725,5387,5338,1977,167,ikungi,kikio
Ikungi District Council,Lighwa,9565,4774,4791,1758,167,ikungi,lighwa
Ikungi District Council,Misughaa,9051,4619,4432,1799,167,ikungi,misughaa
Ikungi District Council,Ntuntu,14680,7397,7283,2879,167,ikungi,ntuntu
Ikungi District Council,Makiungu,10096,4905,5191,1879,167,ikungi,makiungu
Mkalama District Council,Mpambala,14574,7201,7373,1916,168,mkalama,mpambala
Mkalama District Council,Mwangeza,32520,16066,16454,4761,168,mkalama,mwangeza
Mkalama District Council,Nkinto,15012,7617,7395,2809,168,mkalama,nkinto
Mkalama District Council,Ibaga,15056,7363,7693,3156,168,mkalama,ibaga
Mkalama District Council,Matongo,7831,3907,3924,1515,168,mkalama,matongo
Mkalama District Council,Mwanga,22773,11510,11263,4151,168,mkalama,mwanga
Mkalama District Council,Gumanga,14646,7212,7434,3052,168,mkalama,gumanga
Mkalama District Council,Nduguti,12821,6360,6461,2991,168,mkalama,nduguti
Mkalama District Council,Ilunda,14764,7437,7327,3418,168,mkalama,ilunda
Mkalama District Council,Miganga,9941,4945,4996,2061,168,mkalama,miganga
Mkalama District Council,Nkalakala,11029,5438,5591,2232,168,mkalama,nkalakala
Mkalama District Council,Kinampundu,13865,7046,6819,2589,168,mkalama,kinampundu
Mkalama District Council,Msingi,9431,4786,4645,2015,168,mkalama,msingi
Mkalama District Council,Kinyangiri,18344,9271,9073,3621,168,mkalama,kinyangiri
Mkalama District Council,Iguguno,19132,9428,9704,4022,168,mkalama,iguguno
Mkalama District Council,Kikhonda,10551,5353,5198,1829,168,mkalama,kikhonda
Mkalama District Council,Tumuli,13224,6568,6656,2365,168,mkalama,tumuli
Nzega Town Council,Mbogwe,8024,3991,4033,1417,170,nzega,mbogwe
Nzega Town Council,Miguwa,6180,3039,3141,1254,170,nzega,miguwa
Nzega Town Council,Itilo,6667,3286,3381,1417,170,nzega,itilo
Nzega Town Council,Ijanija,7634,3779,3855,1487,170,nzega,ijanija
Nzega Town Council,Nzega Ndogo,7666,3818,3848,1524,170,nzega,nzegandogo
Nzega Town Council,Nzega Mjini Mashariki,44937,21055,23882,11724,170,nzega,nzegamjinimashariki
Nzega Town Council,Nzega Mjini Magharibi,19032,8831,10201,5176,170,nzega,nzegamjinimagharibi
Nzega Town Council,Uchama,10559,5226,5333,2049,170,nzega,uchama
Nzega Town Council,Mwanzoli,8337,4113,4224,1422,170,nzega,mwanzoli
Nzega Town Council,Kitangili,6157,2959,3198,1343,170,nzega,kitangili
Nzega District Council,Bukene,11239,5333,5906,2659,171,nzega,bukene
Nzega District Council,Mogwa,18256,8978,9278,2972,171,nzega,mogwa
Nzega District Council,Mambali,30398,14915,15483,4715,171,nzega,mambali
Nzega District Council,Kahamanhalanga,19557,9589,9968,2962,171,nzega,kahamanhalanga
Nzega District Council,Semembela,23802,11635,12167,3448,171,nzega,semembela
Nzega District Council,Isagenhe,14336,7061,7275,2333,171,nzega,isagenhe
Nzega District Council,Ikindwa,12171,5997,6174,2269,171,nzega,ikindwa
Nzega District Council,Uduka,5403,2725,2678,1101,171,nzega,uduka
Nzega District Council,Mbutu,22127,11019,11108,3433,171,nzega,mbutu
Nzega District Council,Nata,20639,10045,10594,4285,171,nzega,nata
Nzega District Council,Mwangoye,18115,9019,9096,3409,171,nzega,mwangoye
Nzega District Council,Mwamala,22349,10859,11490,4086,171,nzega,mwamala
Nzega District Council,Igusule,23316,11561,11755,3608,171,nzega,igusule
Nzega District Council,Shigamba,6405,3085,3320,1268,171,nzega,shigamba
Nzega District Council,Kasela,11832,5800,6032,2277,171,nzega,kasela
Nzega District Council,Karitu,10241,5083,5158,1879,171,nzega,karitu
Nzega District Council,Itobo,11656,5689,5967,2381,171,nzega,itobo
Nzega District Council,Sigili,13285,6721,6564,2147,171,nzega,sigili
Nzega District Council,Wela,9183,4461,4722,1445,171,nzega,wela
Nzega District Council,Muhugi,17254,8626,8628,2693,171,nzega,muhugi
Nzega District Council,Utwigu,23104,11352,11752,4155,171,nzega,utwigu
Nzega District Council,Lusu,15004,7630,7374,2264,171,nzega,lusu
Nzega District Council,Isanzu,17073,8478,8595,3063,171,nzega,isanzu
Nzega District Council,Mwasala,10358,5171,5187,1501,171,nzega,mwasala
Nzega District Council,Mwantundu,13424,6627,6797,2040,171,nzega,mwantundu
Nzega District Council,Puge,17656,8604,9052,3449,171,nzega,puge
Nzega District Council,Nkiniziwa,13215,6470,6745,2262,171,nzega,nkiniziwa
Nzega District Council,Budushi,9798,4815,4983,1276,171,nzega,budushi
Nzega District Council,Mwakashanhala,11427,5707,5720,1536,171,nzega,mwakashanhala
Nzega District Council,Tongi,20812,10374,10438,3398,171,nzega,tongi
Nzega District Council,Mizibaziba,15036,7403,7633,2238,171,nzega,mizibaziba
Nzega District Council,Milambo Itobo,15333,7565,7768,2119,171,nzega,milamboitobo
Nzega District Council,Magengati,15398,7712,7686,2521,171,nzega,magengati
Nzega District Council,Ndala,25570,12384,13186,5559,171,nzega,ndala
Nzega District Council,Mbagwa,13414,6584,6830,1857,171,nzega,mbagwa
Nzega District Council,Ugembe,16312,8068,8244,2721,171,nzega,ugembe
Igunga District Council,Igunga,82768,39555,43213,17362,172,igunga,igunga
Igunga District Council,Itumba,12957,6394,6563,1485,172,igunga,itumba
Igunga District Council,Bukoko,14292,6984,7308,1656,172,igunga,bukoko
Igunga District Council,Isakamaliwa,10496,5085,5411,1139,172,igunga,isakamaliwa
Igunga District Council,Nanga,21315,10477,10838,3246,172,igunga,nanga
Igunga District Council,Nguvumoja,16197,7968,8229,1942,172,igunga,nguvumoja
Igunga District Council,Mbutu,22005,10656,11349,2783,172,igunga,mbutu
Igunga District Council,Lugubu,19946,9875,10071,3023,172,igunga,lugubu
Igunga District Council,Mtunguru,6843,3345,3498,826,172,igunga,mtunguru
Igunga District Council,Kining'inila,12138,5947,6191,1414,172,igunga,kininginila
Igunga District Council,Igurubi,17680,8973,8707,3265,172,igunga,igurubi
Igunga District Council,Mwamashimba,9993,4762,5231,1277,172,igunga,mwamashimba
Igunga District Council,Kinungu,14874,7352,7522,2002,172,igunga,kinungu
Igunga District Council,Itunduru,16290,7948,8342,1993,172,igunga,itunduru
Igunga District Council,Mwamashiga,11784,5758,6026,1422,172,igunga,mwamashiga
Igunga District Council,Mwamakona,8350,4107,4243,1036,172,igunga,mwamakona
Igunga District Council,Nyandekwa,12096,5971,6125,2147,172,igunga,nyandekwa
Igunga District Council,Ntobo,12806,6251,6555,1668,172,igunga,ntobo
Igunga District Council,Chomachankola,22150,10896,11254,3918,172,igunga,chomachankola
Igunga District Council,Mwashikumbili,21885,10913,10972,3576,172,igunga,mwashikumbili
Igunga District Council,Ziba,16948,8256,8692,3533,172,igunga,ziba
Igunga District Council,Ndembezi,7961,3947,4014,1520,172,igunga,ndembezi
Igunga District Council,Nkinga,16403,7769,8634,3402,172,igunga,nkinga
Igunga District Council,Ngulu,11718,5812,5906,1657,172,igunga,ngulu
Igunga District Council,Sungwizi,11210,5488,5722,1694,172,igunga,sungwizi
Igunga District Council,Kitangili,7850,3870,3980,1399,172,igunga,kitangili
Igunga District Council,Ugaka,10415,5052,5363,1760,172,igunga,ugaka
Igunga District Council,Iborogelo,11777,5529,6248,2441,172,igunga,iborogelo
Igunga District Council,Simbo,11091,5428,5663,2257,172,igunga,simbo
Igunga District Council,Igoweko,22007,10732,11275,3054,172,igunga,igoweko
Igunga District Council,Mwisi,14111,6952,7159,2700,172,igunga,mwisi
Igunga District Council,Chabutwa,7365,3601,3764,1463,172,igunga,chabutwa
Igunga District Council,Mwamala,6263,3018,3245,869,172,igunga,mwamala
Igunga District Council,Tambalale,9076,4512,4564,1355,172,igunga,tambalale
Igunga District Council,Uswaya,15144,7371,7773,2007,172,igunga,uswaya
Uyui District Council,Lutende,23203,11186,12017,3193,173,uyui,lutende
Uyui District Council,Kizengi,27707,13363,14344,4319,173,uyui,kizengi
Uyui District Council,Goweko,18085,8823,9262,3185,173,uyui,goweko
Uyui District Council,Igalula,22731,11279,11452,3662,173,uyui,igalula
Uyui District Council,Loya,44552,22020,22532,7069,173,uyui,loya
Uyui District Council,Miswaki,18431,9107,9324,2839,173,uyui,miswaki
Uyui District Council,Tura,33243,16155,17088,5333,173,uyui,tura
Uyui District Council,Nsololo,22162,10657,11505,3764,173,uyui,nsololo
Uyui District Council,Kigwa,30056,14888,15168,5573,173,uyui,kigwa
Uyui District Council,Miyenze,33366,16103,17263,4751,173,uyui,miyenze
Uyui District Council,Mmale,12376,5952,6424,1436,173,uyui,mmale
Uyui District Council,Bukumbi,21923,10532,11391,3610,173,uyui,bukumbi
Uyui District Council,Ikongolo,7200,3558,3642,1249,173,uyui,ikongolo
Uyui District Council,Upuge,7499,3822,3677,1244,173,uyui,upuge
Uyui District Council,Magiri,17860,9010,8850,2976,173,uyui,magiri
Uyui District Council,Isikizya,16222,7981,8241,2917,173,uyui,isikizya
Uyui District Council,Shitage,16724,8189,8535,2464,173,uyui,shitage
Uyui District Council,Nsimbo,10653,5297,5356,1550,173,uyui,nsimbo
Uyui District Council,Ibelamilundi,19958,9949,10009,3250,173,uyui,ibelamilundi
Uyui District Council,Nzubuka,9011,4451,4560,1416,173,uyui,nzubuka
Uyui District Council,Igulungu,13708,6727,6981,1911,173,uyui,igulungu
Uyui District Council,Ilolangulu,12346,6020,6326,2472,173,uyui,ilolangulu
Uyui District Council,Mabama,17862,8768,9094,3163,173,uyui,mabama
Uyui District Council,Ndono,13781,6827,6954,2273,173,uyui,ndono
Uyui District Council,Ufuluma,20468,10153,10315,3546,173,uyui,ufuluma
Uyui District Council,Usagari,13512,6707,6805,2245,173,uyui,usagari
Uyui District Council,Ibiri,22357,11011,11346,3905,173,uyui,ibiri
Uyui District Council,Isila,7492,3825,3667,1341,173,uyui,isila
Uyui District Council,Kalola,12328,6217,6111,2041,173,uyui,kalola
Uyui District Council,Makazi,15772,7684,8088,2251,173,uyui,makazi
Urambo District Council,Kapilula,5782,2706,3076,1155,174,urambo,kapilula
Urambo District Council,Urambo,24299,11513,12786,5742,174,urambo,urambo
Urambo District Council,Vumilia,11539,5698,5841,2066,174,urambo,vumilia
Urambo District Council,Muungano,13926,6927,6999,2708,174,urambo,muungano
Urambo District Council,Songambele,19639,9678,9961,3127,174,urambo,songambele
Urambo District Council,Uyogo,28845,14242,14603,4139,174,urambo,uyogo
Urambo District Council,Ugalla,14315,7048,7267,2112,174,urambo,ugalla
Urambo District Council,Usisya,16025,7910,8115,2835,174,urambo,usisya
Urambo District Council,Itundu,7445,3631,3814,1453,174,urambo,itundu
Urambo District Council,Kasisi,11168,5536,5632,1952,174,urambo,kasisi
Urambo District Council,Imalamakoye,10659,5168,5491,2297,174,urambo,imalamakoye
Urambo District Council,Nsenda,18998,9579,9419,3137,174,urambo,nsenda
Urambo District Council,Ukondamoyo,22814,11224,11590,3619,174,urambo,ukondamoyo
Urambo District Council,Kiyungi,5647,2659,2988,1293,174,urambo,kiyungi
Urambo District Council,Mchikichini,10286,4800,5486,2371,174,urambo,mchikichini
Urambo District Council,Kiloleni,9329,4602,4727,1564,174,urambo,kiloleni
Urambo District Council,Ussoke,9751,4700,5051,2053,174,urambo,ussoke
Urambo District Council,Uyumbu,19855,9803,10052,3416,174,urambo,uyumbu
Sikonge District Council,Tutuo,22982,11057,11925,4462,175,sikonge,tutuo
Sikonge District Council,Chabutwa,11971,5965,6006,1913,175,sikonge,chabutwa
Sikonge District Council,Kiloleli,12733,6201,6532,2112,175,sikonge,kiloleli
Sikonge District Council,Kipanga,11685,5880,5805,1929,175,sikonge,kipanga
Sikonge District Council,Sikonge,21298,10101,11197,4723,175,sikonge,sikonge
Sikonge District Council,Igigwa,31812,15662,16150,4226,175,sikonge,igigwa
Sikonge District Council,Pangale,13839,6827,7012,2315,175,sikonge,pangale
Sikonge District Council,Ipole,8847,4471,4376,1790,175,sikonge,ipole
Sikonge District Council,Ngoywa,10461,5154,5307,1303,175,sikonge,ngoywa
Sikonge District Council,Kisanga,19464,9669,9795,2567,175,sikonge,kisanga
Sikonge District Council,Misheni,8228,3915,4313,1903,175,sikonge,misheni
Sikonge District Council,Mole,15157,7564,7593,2589,175,sikonge,mole
Sikonge District Council,Mpombwe,8714,4203,4511,1277,175,sikonge,mpombwe
Sikonge District Council,Usunga,10564,5206,5358,1704,175,sikonge,usunga
Sikonge District Council,Mkolye,9319,4587,4732,1407,175,sikonge,mkolye
Sikonge District Council,Nyahua,24628,12022,12606,3392,175,sikonge,nyahua
Sikonge District Council,Kitunda,30340,15462,14878,5944,175,sikonge,kitunda
Sikonge District Council,Kiloli,19529,9677,9852,3769,175,sikonge,kiloli
Sikonge District Council,Kipili,30411,15138,15273,4897,175,sikonge,kipili
Sikonge District Council,Kilumbi,13704,6548,7156,2293,175,sikonge,kilumbi
Tabora Municipal Council,Kanyenye,11218,6378,4840,2435,176,tabora,kanyenye
Tabora Municipal Council,Gongoni,7094,3376,3718,2017,176,tabora,gongoni
Tabora Municipal Council,Tambuka-Reli,5396,2523,2873,1416,176,tabora,tambukareli
Tabora Municipal Council,Kiloleni,7439,3557,3882,2110,176,tabora,kiloleni
Tabora Municipal Council,Mtendeni,16983,8324,8659,3901,176,tabora,mtendeni
Tabora Municipal Council,Isevya,12782,5888,6894,3716,176,tabora,isevya
Tabora Municipal Council,Ipuli,20816,9711,11105,5410,176,tabora,ipuli
Tabora Municipal Council,Kakola,4047,2033,2014,812,176,tabora,kakola
Tabora Municipal Council,Uyui,8438,4243,4195,1574,176,tabora,uyui
Tabora Municipal Council,Itonjanda,3313,1628,1685,668,176,tabora,itonjanda
Tabora Municipal Council,Kalunde,9776,4857,4919,2001,176,tabora,kalunde
Tabora Municipal Council,Misha,8276,4187,4089,1653,176,tabora,misha
Tabora Municipal Council,Kabila,7712,3876,3836,1267,176,tabora,kabila
Tabora Municipal Council,Ikomwa,8619,4291,4328,1311,176,tabora,ikomwa
Tabora Municipal Council,Ifucha,4680,2492,2188,839,176,tabora,ifucha
Tabora Municipal Council,Mpela,19016,8957,10059,4743,176,tabora,mpela
Tabora Municipal Council,Mapambano,8944,4257,4687,2297,176,tabora,mapambano
Tabora Municipal Council,Mbugani,20607,9716,10891,5558,176,tabora,mbugani
Tabora Municipal Council,Chemchem,10924,5331,5593,2813,176,tabora,chemchem
Tabora Municipal Council,Cheyo,9404,4538,4866,2483,176,tabora,cheyo
Tabora Municipal Council,Kitete,12693,6034,6659,3310,176,tabora,kitete
Tabora Municipal Council,Ng'ambo,17829,8586,9243,4563,176,tabora,ngambo
Tabora Municipal Council,Malolo,12366,5963,6403,2791,176,tabora,malolo
Tabora Municipal Council,Ndevelwa,10940,5484,5456,1953,176,tabora,ndevelwa
Tabora Municipal Council,Itetemia,8465,4202,4263,1834,176,tabora,itetemia
Tabora Municipal Council,Tumbi,7760,3944,3816,1581,176,tabora,tumbi
Tabora Municipal Council,Ntalikwa,5249,2641,2608,874,176,tabora,ntalikwa
Tabora Municipal Council,Mwinyi,16531,7980,8551,4311,176,tabora,mwinyi
Tabora Municipal Council,Kidongochekundu,11424,5419,6005,3259,176,tabora,kidongochekundu
Kaliua District Council,Ukumbi Siganga,20522,10203,10319,4046,177,kaliua,ukumbisiganga
Kaliua District Council,Zugimlole,42943,21025,21918,6761,177,kaliua,zugimlole
Kaliua District Council,Ugunga,22507,10948,11559,3510,177,kaliua,ugunga
Kaliua District Council,Kaliua,16270,7663,8607,3733,177,kaliua,kaliua
Kaliua District Council,Kamsekwa,24954,12262,12692,4102,177,kaliua,kamsekwa
Kaliua District Council,Ufukutwa,18131,8731,9400,3616,177,kaliua,ufukutwa
Kaliua District Council,Ushokola,27005,13012,13993,4952,177,kaliua,ushokola
Kaliua District Council,Kazaroho,13041,6564,6477,2183,177,kaliua,kazaroho
Kaliua District Council,Igwisi,72409,35797,36612,11741,177,kaliua,igwisi
Kaliua District Council,Usimba,6436,3235,3201,1156,177,kaliua,usimba
Kaliua District Council,Usinge,69774,33980,35794,12804,177,kaliua,usinge
Kaliua District Council,Igagala,46097,22734,23363,8902,177,kaliua,igagala
Kaliua District Council,Usenye,14721,7473,7248,2417,177,kaliua,usenye
Kaliua District Council,Uyowa,41656,20349,21307,6949,177,kaliua,uyowa
Kaliua District Council,Silambo,18969,9470,9499,3283,177,kaliua,silambo
Kaliua District Council,Ichemba,5177,2607,2570,951,177,kaliua,ichemba
Kaliua District Council,Mwongozo,11963,5824,6139,2139,177,kaliua,mwongozo
Kaliua District Council,Kanoge,5332,2610,2722,844,177,kaliua,kanoge
Kaliua District Council,Mkindo,29582,14392,15190,4807,177,kaliua,mkindo
Kaliua District Council,Milambo,36306,17613,18693,6534,177,kaliua,milambo
Kaliua District Council,Nhwande,16713,8238,8475,2622,177,kaliua,nhwande
Kaliua District Council,Makingi,7717,3743,3974,1093,177,kaliua,makingi
Kaliua District Council,Kashishi,22487,10916,11571,3473,177,kaliua,kashishi
Kaliua District Council,Sasu,10645,5108,5537,1716,177,kaliua,sasu
Kaliua District Council,Seleli,21643,10566,11077,3259,177,kaliua,seleli
Kaliua District Council,Igombemkulu,30376,14808,15568,4605,177,kaliua,igombemkulu
Kaliua District Council,Kona Nne,14863,7136,7727,2589,177,kaliua,konanne
Kaliua District Council,Ilege,10208,4958,5250,1437,177,kaliua,ilege
Kalambo District Council,Kasanga,13281,6352,6929,2961,179,kalambo,kasanga
Kalambo District Council,Kisumba,8694,4200,4494,1908,179,kalambo,kisumba
Kalambo District Council,Mpombwe,10901,5237,5664,2352,179,kalambo,mpombwe
Kalambo District Council,Samazi,8644,4233,4411,1858,179,kalambo,samazi
Kalambo District Council,Mkowe,21290,10354,10936,4449,179,kalambo,mkowe
Kalambo District Council,Msanzi,13392,6472,6920,2849,179,kalambo,msanzi
Kalambo District Council,Matai,15452,7497,7955,3433,179,kalambo,matai
Kalambo District Council,Sopa,13222,6607,6615,2925,179,kalambo,sopa
Kalambo District Council,Katete,14216,7029,7187,3126,179,kalambo,katete
Kalambo District Council,Mkali,14583,6949,7634,3113,179,kalambo,mkali
Kalambo District Council,Lyowa,18127,8501,9626,4281,179,kalambo,lyowa
Kalambo District Council,Sundu,8142,4018,4124,1781,179,kalambo,sundu
Kalambo District Council,Mbuluma,13352,6515,6837,2696,179,kalambo,mbuluma
Kalambo District Council,Mwimbi,15686,7614,8072,3308,179,kalambo,mwimbi
Kalambo District Council,Mambwekenya,16241,7888,8353,3456,179,kalambo,mambwekenya
Kalambo District Council,Ulumi,20142,9626,10516,4499,179,kalambo,ulumi
Kalambo District Council,Mnamba,13216,6338,6878,2860,179,kalambo,mnamba
Kalambo District Council,Mambwe Nkoswe,13767,6664,7103,3035,179,kalambo,mambwenkoswe
Kalambo District Council,Legezamwendo,14892,7084,7808,3426,179,kalambo,legezamwendo
Kalambo District Council,Mwazye,11981,5857,6124,2662,179,kalambo,mwazye
Kalambo District Council,Katazi,17038,8208,8830,3674,179,kalambo,katazi
Kalambo District Council,Kilesha,11706,5692,6014,2494,179,kalambo,kilesha
Kalambo District Council,Kanyezi,8818,4189,4629,2079,179,kalambo,kanyezi
Sumbawanga District Council,Mfinga,13878,6639,7239,2600,180,sumbawanga,mfinga
Sumbawanga District Council,Muze,38344,18528,19816,7668,180,sumbawanga,muze
Sumbawanga District Council,Mtowisa,37710,18232,19478,7838,180,sumbawanga,mtowisa
Sumbawanga District Council,Milepa,24675,11933,12742,5341,180,sumbawanga,milepa
Sumbawanga District Council,Zimba,11957,5825,6132,2247,180,sumbawanga,zimba
Sumbawanga District Council,Kalumbaleza,11476,5563,5913,2170,180,sumbawanga,kalumbaleza
Sumbawanga District Council,Mwadui,12983,6681,6302,2307,180,sumbawanga,mwadui
Sumbawanga District Council,Ilemba,27645,13389,14256,5880,180,sumbawanga,ilemba
Sumbawanga District Council,Kipeta,27430,13422,14008,6526,180,sumbawanga,kipeta
Sumbawanga District Council,Kaoze,28097,13422,14675,5879,180,sumbawanga,kaoze
Sumbawanga District Council,Kapenta,17400,8361,9039,3269,180,sumbawanga,kapenta
Sumbawanga District Council,Kilangawana,18905,9079,9826,4016,180,sumbawanga,kilangawana
Sumbawanga District Council,Nankanga,16487,8243,8244,3605,180,sumbawanga,nankanga
Sumbawanga District Council,Miangalua,20313,9738,10575,4638,180,sumbawanga,miangalua
Sumbawanga District Council,Lusaka,21152,9957,11195,4814,180,sumbawanga,lusaka
Sumbawanga District Council,Laela,16604,7855,8749,3799,180,sumbawanga,laela
Sumbawanga District Council,Mnokola,11814,5731,6083,2761,180,sumbawanga,mnokola
Sumbawanga District Council,Kasanzama,10327,4956,5371,2492,180,sumbawanga,kasanzama
Sumbawanga District Council,Sandulula,15659,7673,7986,3358,180,sumbawanga,sandulula
Sumbawanga District Council,Kaengesa,14952,7106,7846,3289,180,sumbawanga,kaengesa
Sumbawanga District Council,Mpui,22019,10797,11222,4742,180,sumbawanga,mpui
Sumbawanga District Council,Msandamuungano,11302,5452,5850,2423,180,sumbawanga,msandamuungano
Sumbawanga District Council,Kalambanzite,17004,8149,8855,3917,180,sumbawanga,kalambanzite
Sumbawanga District Council,Ikozi,12500,5848,6652,2821,180,sumbawanga,ikozi
Sumbawanga District Council,Mpwapwa,9095,4307,4788,1882,180,sumbawanga,mpwapwa
Sumbawanga District Council,Kanda,15281,7269,8012,3140,180,sumbawanga,kanda
Sumbawanga District Council,Lyangalile,9321,4445,4876,2129,180,sumbawanga,lyangalile
Sumbawanga Municipal Council,Ntendo,20486,9957,10529,4352,181,sumbawanga,ntendo
Sumbawanga Municipal Council,Senga,9912,4916,4996,2065,181,sumbawanga,senga
Sumbawanga Municipal Council,Mollo,20955,10266,10689,4556,181,sumbawanga,mollo
Sumbawanga Municipal Council,Pito,21138,10222,10916,4473,181,sumbawanga,pito
Sumbawanga Municipal Council,Milanzi,21815,10500,11315,4758,181,sumbawanga,milanzi
Sumbawanga Municipal Council,Matanga,11937,5772,6165,2612,181,sumbawanga,matanga
Sumbawanga Municipal Council,Kasense,14773,7014,7759,3241,181,sumbawanga,kasense
Sumbawanga Municipal Council,Malangali,12977,6192,6785,3068,181,sumbawanga,malangali
Sumbawanga Municipal Council,Mazwi,5144,2502,2642,1338,181,sumbawanga,mazwi
Sumbawanga Municipal Council,Izia,10683,4783,5900,2834,181,sumbawanga,izia
Sumbawanga Municipal Council,Katandala,11563,5538,6025,3262,181,sumbawanga,katandala
Sumbawanga Municipal Council,Sumbawanga,17499,8176,9323,4392,181,sumbawanga,sumbawanga
Sumbawanga Municipal Council,Kizwite,23280,11169,12111,5428,181,sumbawanga,kizwite
Sumbawanga Municipal Council,Majengo,17811,8585,9226,4287,181,sumbawanga,majengo
Sumbawanga Municipal Council,Chanji,10065,4704,5361,2718,181,sumbawanga,chanji
Sumbawanga Municipal Council,Lwiche,11474,5258,6216,2602,181,sumbawanga,lwiche
Sumbawanga Municipal Council,Momoka,24839,11560,13279,5552,181,sumbawanga,momoka
Sumbawanga Municipal Council,Mafulala,13774,6391,7383,3206,181,sumbawanga,mafulala
Sumbawanga Municipal Council,Msua,23861,11152,12709,5600,181,sumbawanga,msua
Nkasi District Council,Mkwamba,23414,11321,12093,4267,182,nkasi,mkwamba
Nkasi District Council,Mtenga,14291,6818,7473,2844,182,nkasi,mtenga
Nkasi District Council,Isale,14428,7212,7216,2542,182,nkasi,isale
Nkasi District Council,Namanyere,10403,5009,5394,1877,182,nkasi,namanyere
Nkasi District Council,Nkomolo,15930,7697,8233,2954,182,nkasi,nkomolo
Nkasi District Council,Kipundu,13744,6609,7135,2633,182,nkasi,kipundu
Nkasi District Council,Ntatumbila,8892,4218,4674,1614,182,nkasi,ntatumbila
Nkasi District Council,Majengo,11381,5400,5981,2581,182,nkasi,majengo
Nkasi District Council,Mashete,12460,6049,6411,2222,182,nkasi,mashete
Nkasi District Council,Isunta,5555,2573,2982,1423,182,nkasi,isunta
Nkasi District Council,Paramawe,18204,8709,9495,3319,182,nkasi,paramawe
Nkasi District Council,Korongwe,24513,11957,12556,5375,182,nkasi,korongwe
Nkasi District Council,Kirando,20208,9585,10623,4323,182,nkasi,kirando
Nkasi District Council,Kabwe,18519,9140,9379,4027,182,nkasi,kabwe
Nkasi District Council,Kipili,12037,6060,5977,2387,182,nkasi,kipili
Nkasi District Council,Itete,13522,6565,6957,2789,182,nkasi,itete
Nkasi District Council,Mkinga,9785,4803,4982,2180,182,nkasi,mkinga
Nkasi District Council,Chala,20258,9686,10572,3619,182,nkasi,chala
Nkasi District Council,Nkandasi,24848,12105,12743,4620,182,nkasi,nkandasi
Nkasi District Council,Kipande,22419,10906,11513,4468,182,nkasi,kipande
Nkasi District Council,Kate,18987,9413,9574,3859,182,nkasi,kate
Nkasi District Council,Sintali,11539,5692,5847,2490,182,nkasi,sintali
Nkasi District Council,Ntuchi,7228,3513,3715,1446,182,nkasi,ntuchi
Nkasi District Council,Myula,18054,8731,9323,3666,182,nkasi,myula
Nkasi District Council,Kala,17508,8515,8993,3599,182,nkasi,kala
Nkasi District Council,Wampembe,9637,4674,4963,2132,182,nkasi,wampembe
Nkasi District Council,Ninde,16354,8228,8126,3305,182,nkasi,ninde
Nkasi District Council,Kizumbi,11302,5550,5752,2342,182,nkasi,kizumbi
Kibondo District Council,Misezero,10268,5039,5229,2287,184,kibondo,misezero
Kibondo District Council,Bitare,9619,4661,4958,2095,184,kibondo,bitare
Kibondo District Council,Kibondo Mjini,27200,13002,14198,6811,184,kibondo,kibondomjini
Kibondo District Council,Murungu,84449,42068,42381,3947,184,kibondo,murungu
Kibondo District Council,Bunyambo,12788,6027,6761,2916,184,kibondo,bunyambo
Kibondo District Council,Kitahana,13695,6463,7232,2886,184,kibondo,kitahana
Kibondo District Council,Biturana,10830,5225,5605,2327,184,kibondo,biturana
Kibondo District Council,Kumwambu,9744,4599,5145,2295,184,kibondo,kumwambu
Kibondo District Council,Rusohoko,13208,6384,6824,2744,184,kibondo,rusohoko
Kibondo District Council,Kumsenga,15087,7134,7953,3037,184,kibondo,kumsenga
Kibondo District Council,Kizazi,16300,7627,8673,3499,184,kibondo,kizazi
Kibondo District Council,Mabamba,15171,7150,8021,3407,184,kibondo,mabamba
Kibondo District Council,Itaba,7974,3763,4211,1748,184,kibondo,itaba
Kibondo District Council,Kagezi,13651,6542,7109,2802,184,kibondo,kagezi
Kibondo District Council,Mukabuye,7089,3421,3668,1489,184,kibondo,mukabuye
Kibondo District Council,Busagara,16341,7859,8482,3561,184,kibondo,busagara
Kibondo District Council,Rugongwe,34429,16352,18077,6986,184,kibondo,rugongwe
Kibondo District Council,Busunzu,31085,15151,15934,6276,184,kibondo,busunzu
Kibondo District Council,Nyaruyoba,13994,6697,7297,2816,184,kibondo,nyaruyoba
Kasulu District Council,Kitanga,37731,18261,19470,7759,185,kasulu,kitanga
Kasulu District Council,Heru Ushingo,36631,17942,18689,7927,185,kasulu,heruushingo
Kasulu District Council,Nyamidaho,130932,64412,66520,22163,185,kasulu,nyamidaho
Kasulu District Council,Kitagata,10469,5019,5450,2112,185,kasulu,kitagata
Kasulu District Council,Kagera Nkanda,32399,16140,16259,6246,185,kasulu,kagerankanda
Kasulu District Council,Makere,62398,30568,31830,12039,185,kasulu,makere
Kasulu District Council,Nyachenda,16050,7709,8341,3230,185,kasulu,nyachenda
Kasulu District Council,Buhoro,17072,8256,8816,3302,185,kasulu,buhoro
Kasulu District Council,Nyamnyusi,16411,7878,8533,3105,185,kasulu,nyamnyusi
Kasulu District Council,Nyakitonto,20171,9774,10397,4094,185,kasulu,nyakitonto
Kasulu District Council,Muzye,11961,5457,6504,2257,185,kasulu,muzye
Kasulu District Council,Bugaga,14040,6352,7688,2673,185,kasulu,bugaga
Kasulu District Council,Kigembe,16134,7667,8467,3181,185,kasulu,kigembe
Kasulu District Council,Rusesa,20166,9569,10597,3975,185,kasulu,rusesa
Kasulu District Council,Kwaga,5838,2713,3125,1159,185,kasulu,kwaga
Kasulu District Council,Kalela,9932,4691,5241,1870,185,kasulu,kalela
Kasulu District Council,Kurugongo,24983,12153,12830,4860,185,kasulu,kurugongo
Kasulu District Council,Rungwe Mpya,19868,9576,10292,4036,185,kasulu,rungwempya
Kasulu District Council,Asante Nyerere,17412,8511,8901,3098,185,kasulu,asantenyerere
Kasulu District Council,Titye,12266,5841,6425,2313,185,kasulu,titye
Kasulu District Council,Shunguliba,4903,2443,2460,933,185,kasulu,shunguliba
Kasulu Town Council,Kigondo,23852,11466,12386,4568,186,kasulu,kigondo
Kasulu Town Council,Msambara,23610,11183,12427,4641,186,kasulu,msambara
Kasulu Town Council,Ruhita,16038,7680,8358,3137,186,kasulu,ruhita
Kasulu Town Council,Nyumbigwa,11920,5645,6275,2154,186,kasulu,nyumbigwa
Kasulu Town Council,Murufiti,9977,4693,5284,1819,186,kasulu,murufiti
Kasulu Town Council,Nyansha,15724,7490,8234,3089,186,kasulu,nyansha
Kasulu Town Council,Kumsenga,7701,3599,4102,1710,186,kasulu,kumsenga
Kasulu Town Council,Mwilamvya,9925,4604,5321,2038,186,kasulu,mwilamvya
Kasulu Town Council,Murusi,34036,15905,18131,7104,186,kasulu,murusi
Kasulu Town Council,Murubona,17661,8190,9471,4044,186,kasulu,murubona
Kasulu Town Council,Kumnyika,11681,5450,6231,2593,186,kasulu,kumnyika
Kasulu Town Council,Kimobwa,5309,2496,2813,1159,186,kasulu,kimobwa
Kasulu Town Council,Muganza,18805,8921,9884,3419,186,kasulu,muganza
Kasulu Town Council,Muhunga,17423,7929,9494,3312,186,kasulu,muhunga
Kasulu Town Council,Heru Juu,14659,6916,7743,2876,186,kasulu,herujuu
Kigoma District Council,Mungonya,17638,8288,9350,3433,187,kigoma,mungonya
Kigoma District Council,Kagongo,10449,4901,5548,1916,187,kigoma,kagongo
Kigoma District Council,Mwandiga,17582,8198,9384,3442,187,kigoma,mwandiga
Kigoma District Council,Ziwani,9537,4669,4868,1859,187,kigoma,ziwani
Kigoma District Council,Kagunga,14027,6741,7286,2618,187,kigoma,kagunga
Kigoma District Council,Mkigo,5521,2618,2903,1031,187,kigoma,mkigo
Kigoma District Council,Mwamgongo,12264,5779,6485,2179,187,kigoma,mwamgongo
Kigoma District Council,Kalinzi,21904,10219,11685,3992,187,kigoma,kalinzi
Kigoma District Council,Nyarubanda,8717,4076,4641,1568,187,kigoma,nyarubanda
Kigoma District Council,Bitale,19479,8964,10515,3429,187,kigoma,bitale
Kigoma District Council,Mkongoro,17971,8328,9643,3100,187,kigoma,mkongoro
Kigoma District Council,Mahembe,12362,5704,6658,2347,187,kigoma,mahembe
Kigoma District Council,Matendo,11028,5312,5716,2066,187,kigoma,matendo
Kigoma District Council,Nkungwe,7439,3484,3955,1428,187,kigoma,nkungwe
Kigoma District Council,Kidahwe,10288,4890,5398,2032,187,kigoma,kidahwe
Kigoma District Council,Simbo,26586,12732,13854,5288,187,kigoma,simbo
Kigoma Municipal Council,Gungu,30395,14315,16080,6621,188,kigoma,gungu
Kigoma Municipal Council,Kibirizi,36661,17238,19423,6916,188,kigoma,kibirizi
Kigoma Municipal Council,Mwanga Kusini,14021,6625,7396,3384,188,kigoma,mwangakusini
Kigoma Municipal Council,Kigoma,6571,3150,3421,1634,188,kigoma,kigoma
Kigoma Municipal Council,Bangwe,16848,7999,8849,3479,188,kigoma,bangwe
Kigoma Municipal Council,Mwanga Kaskazini,21351,9989,11362,5487,188,kigoma,mwangakaskazini
Kigoma Municipal Council,Katubuka,19981,9310,10671,4875,188,kigoma,katubuka
Kigoma Municipal Council,Buhanda,16308,7597,8711,3286,188,kigoma,buhanda
Kigoma Municipal Council,Businde,3865,1856,2009,744,188,kigoma,businde
Kigoma Municipal Council,Machinjioni,5163,2363,2800,904,188,kigoma,machinjioni
Kigoma Municipal Council,Kagera,9619,4764,4855,2010,188,kigoma,kagera
Kigoma Municipal Council,Kasimbu,5234,2491,2743,1051,188,kigoma,kasimbu
Kigoma Municipal Council,Rubuga,2474,1179,1295,519,188,kigoma,rubuga
Kigoma Municipal Council,Kasingirima,1776,811,965,376,188,kigoma,kasingirima
Kigoma Municipal Council,Majengo,3981,1787,2194,804,188,kigoma,majengo
Kigoma Municipal Council,Kitongoni,5219,2416,2803,1058,188,kigoma,kitongoni
Kigoma Municipal Council,Kipampa,8943,4194,4749,1669,188,kigoma,kipampa
Kigoma Municipal Council,Rusimbi,5525,2538,2987,1141,188,kigoma,rusimbi
Kigoma Municipal Council,Buzebazeba,18453,8566,9887,3698,188,kigoma,buzebazeba
Uvinza District Council,Kalya,43096,21800,21296,9192,189,uvinza,kalya
Uvinza District Council,Buhingu,15939,7803,8136,3310,189,uvinza,buhingu
Uvinza District Council,Igalula,33348,16782,16566,6885,189,uvinza,igalula
Uvinza District Council,Sigunga,9376,4701,4675,1911,189,uvinza,sigunga
Uvinza District Council,Herembe,9068,4526,4542,1891,189,uvinza,herembe
Uvinza District Council,Sunuka,39471,19637,19834,7697,189,uvinza,sunuka
Uvinza District Council,Ilagala,29164,14114,15050,5908,189,uvinza,ilagala
Uvinza District Council,Mwakizega,19235,9407,9828,3789,189,uvinza,mwakizega
Uvinza District Council,Kandaga,19014,8847,10167,3804,189,uvinza,kandaga
Uvinza District Council,Kazuramimba,40711,19640,21071,7859,189,uvinza,kazuramimba
Uvinza District Council,Uvinza,43102,21230,21872,8931,189,uvinza,uvinza
Uvinza District Council,Mganza,58027,28487,29540,11074,189,uvinza,mganza
Uvinza District Council,Mtegowanoti,16824,8355,8469,3308,189,uvinza,mtegowanoti
Uvinza District Council,Nguruka,28115,13403,14712,5488,189,uvinza,nguruka
Uvinza District Council,Itebula,32580,15976,16604,6315,189,uvinza,itebula
Uvinza District Council,Basanza,21283,10399,10884,3961,189,uvinza,basanza
Buhingwe District Council,Nyamugali,7405,3417,3988,1360,190,buhingwe,nyamugali
Buhingwe District Council,Biharu,7633,3589,4044,1404,190,buhingwe,biharu
Buhingwe District Council,Muyama,9662,4481,5181,1862,190,buhingwe,muyama
Buhingwe District Council,Kajana,13667,6493,7174,2637,190,buhingwe,kajana
Buhingwe District Council,Mugera,16283,7839,8444,3056,190,buhingwe,mugera
Buhingwe District Council,Kilelema,16398,7835,8563,3337,190,buhingwe,kilelema
Buhingwe District Council,Munyegera,12704,5851,6853,2535,190,buhingwe,munyegera
Buhingwe District Council,Bukuba,12555,5896,6659,2354,190,buhingwe,bukuba
Buhingwe District Council,Buhigwe,16445,7817,8628,3302,190,buhingwe,buhigwe
Buhingwe District Council,Kibande,8511,3876,4635,1559,190,buhingwe,kibande
Buhingwe District Council,Janda,17412,8105,9307,3111,190,buhingwe,janda
Buhingwe District Council,Munzeze,19256,9221,10035,3546,190,buhingwe,munzeze
Buhingwe District Council,Rusaba,9971,4441,5530,1718,190,buhingwe,rusaba
Buhingwe District Council,Muhinda,10366,4809,5557,1780,190,buhingwe,muhinda
Buhingwe District Council,Munanila,15273,7271,8002,3045,190,buhingwe,munanila
Buhingwe District Council,Mwayaya,9812,4584,5228,1792,190,buhingwe,mwayaya
Buhingwe District Council,Mkatanga,14354,6729,7625,2588,190,buhingwe,mkatanga
Buhingwe District Council,Kibwigwa,8866,4171,4695,1588,190,buhingwe,kibwigwa
Buhingwe District Council,Mubanga,6032,2832,3200,1108,190,buhingwe,mubanga
Buhingwe District Council,Kinazi,7400,3427,3973,1435,190,buhingwe,kinazi
Kakonko District Council,Nyabibuye,10162,4950,5212,2090,191,kakonko,nyabibuye
Kakonko District Council,Nyamtukuza,20612,10362,10250,4030,191,kakonko,nyamtukuza
Kakonko District Council,Muhange,10246,5087,5159,2048,191,kakonko,muhange
Kakonko District Council,Gwarama,17668,8645,9023,3775,191,kakonko,gwarama
Kakonko District Council,Kakonko,14629,7080,7549,3245,191,kakonko,kakonko
Kakonko District Council,Kiziguzigu,13025,6312,6713,2695,191,kakonko,kiziguzigu
Kakonko District Council,Kanyonza,10608,5378,5230,2143,191,kakonko,kanyonza
Kakonko District Council,Kasuga,16769,8198,8571,3401,191,kakonko,kasuga
Kakonko District Council,Rugenge,11257,5330,5927,2297,191,kakonko,rugenge
Kakonko District Council,Kasanda,17927,8611,9316,3691,191,kakonko,kasanda
Kakonko District Council,Gwanumpu,14956,7043,7913,3214,191,kakonko,gwanumpu
Kakonko District Council,Katanga,9701,4620,5081,2203,191,kakonko,katanga
Kakonko District Council,Mugunzu,10859,5072,5787,2529,191,kakonko,mugunzu
Ushetu District Council,Igwamanoni,19085,9383,9702,2665,193,ushetu,igwamanoni
Ushetu District Council,Sabasabini,15012,7469,7543,2527,193,ushetu,sabasabini
Ushetu District Council,Mpunze,12251,6096,6155,2201,193,ushetu,mpunze
Ushetu District Council,Igunda,8094,3984,4110,1581,193,ushetu,igunda
Ushetu District Council,Ukune,15730,7621,8109,3075,193,ushetu,ukune
Ushetu District Council,Chona,22949,11267,11682,3725,193,ushetu,chona
Ushetu District Council,Chambo,20556,10120,10436,3358,193,ushetu,chambo
Ushetu District Council,Mapamba,9952,4822,5130,1496,193,ushetu,mapamba
Ushetu District Council,Bulungwa,34325,16842,17483,5874,193,ushetu,bulungwa
Ushetu District Council,Kinamapula,17098,8390,8708,2798,193,ushetu,kinamapula
Ushetu District Council,Kisuke,6152,3031,3121,1160,193,ushetu,kisuke
Ushetu District Council,Nyamilangano,10368,5072,5296,2095,193,ushetu,nyamilangano
Ushetu District Council,Bukomela,8558,4305,4253,1401,193,ushetu,bukomela
Ushetu District Council,Idahina,31555,15934,15621,5519,193,ushetu,idahina
Ushetu District Council,Uyogo,21259,10492,10767,3481,193,ushetu,uyogo
Ushetu District Council,Ushetu,25471,12779,12692,4169,193,ushetu,ushetu
Ushetu District Council,Ulowa,26996,13592,13404,4933,193,ushetu,ulowa
Ushetu District Council,Ubagwe,26893,13592,13301,4404,193,ushetu,ubagwe
Ushetu District Council,Ulewe,38211,18558,19653,6253,193,ushetu,ulewe
Ushetu District Council,Nyankende,20078,9758,10320,3225,193,ushetu,nyankende
Kahama Municipal Council,Busoka,11516,5696,5820,2401,194,kahama,busoka
Kahama Municipal Council,Mhongolo,45418,21358,24060,10729,194,kahama,mhongolo
Kahama Municipal Council,Mwendakulima,25418,12402,13016,5414,194,kahama,mwendakulima
Kahama Municipal Council,Zongomera,32984,17478,15506,7024,194,kahama,zongomera
Kahama Municipal Council,Nyahanga,40809,19511,21298,10642,194,kahama,nyahanga
Kahama Municipal Council,Malunga,24323,11418,12905,6459,194,kahama,malunga
Kahama Municipal Council,Majengo,24824,11643,13181,6770,194,kahama,majengo
Kahama Municipal Council,Nyasubi,30206,14097,16109,8247,194,kahama,nyasubi
Kahama Municipal Council,Nyihogo,19679,9212,10467,5888,194,kahama,nyihogo
Kahama Municipal Council,Mhungula,31203,14768,16435,8085,194,kahama,mhungula
Kahama Municipal Council,Kahama Mjini,5379,2731,2648,1503,194,kahama,kahamamjini
Kahama Municipal Council,Iyenze,11354,5589,5765,1744,194,kahama,iyenze
Kahama Municipal Council,Kilago,16669,8303,8366,3210,194,kahama,kilago
Kahama Municipal Council,Nyandekwa,16375,8082,8293,3072,194,kahama,nyandekwa
Kahama Municipal Council,Wendele,10560,5231,5329,1733,194,kahama,wendele
Kahama Municipal Council,Ngogwa,11635,5835,5800,2062,194,kahama,ngogwa
Kahama Municipal Council,Kinaga,20385,10140,10245,3338,194,kahama,kinaga
Kahama Municipal Council,Mondo,15481,7731,7750,2609,194,kahama,mondo
Kahama Municipal Council,Kagongwa,44081,20538,23543,10851,194,kahama,kagongwa
Kahama Municipal Council,Isagehe,15355,7594,7761,2905,194,kahama,isagehe
Msalala District Council,Bulyan'hulu,51357,25418,25939,12313,195,msalala,bulyanhulu
Msalala District Council,Bugarama,24418,11849,12569,4536,195,msalala,bugarama
Msalala District Council,Lunguya,23050,12144,10906,4198,195,msalala,lunguya
Msalala District Council,Shilela,13421,6798,6623,1844,195,msalala,shilela
Msalala District Council,Segese,36247,17992,18255,7324,195,msalala,segese
Msalala District Council,Mega,11981,5884,6097,1817,195,msalala,mega
Msalala District Council,Chela,31991,16176,15815,4720,195,msalala,chela
Msalala District Council,Busangi,14894,7391,7503,2431,195,msalala,busangi
Msalala District Council,Ntobo,12224,6013,6211,2055,195,msalala,ntobo
Msalala District Council,Ngaya,16599,8351,8248,2481,195,msalala,ngaya
Msalala District Council,Bulige,18184,8763,9421,3291,195,msalala,bulige
Msalala District Council,Kashishi,17040,8323,8717,2280,195,msalala,kashishi
Msalala District Council,Ikinda,10361,5148,5213,1701,195,msalala,ikinda
Msalala District Council,Mwanase,22000,10609,11391,3048,195,msalala,mwanase
Msalala District Council,Mwalugulu,22785,11233,11552,3331,195,msalala,mwalugulu
Msalala District Council,Jana,21090,10334,10756,2966,195,msalala,jana
Msalala District Council,Isaka,18125,8760,9365,3972,195,msalala,isaka
Msalala District Council,Mwakata,12447,6100,6347,2059,195,msalala,mwakata
Kishapu District Council,Lagana,11826,5914,5912,1573,196,kishapu,lagana
Kishapu District Council,Mwamashele,9932,4893,5039,1533,196,kishapu,mwamashele
Kishapu District Council,Ngofila,11451,5720,5731,1619,196,kishapu,ngofila
Kishapu District Council,Kiloleli,7866,3879,3987,1163,196,kishapu,kiloleli
Kishapu District Council,Ukenyenge,12004,5966,6038,2099,196,kishapu,ukenyenge
Kishapu District Council,Talaga,13740,6732,7008,2214,196,kishapu,talaga
Kishapu District Council,Itilima,15393,7786,7607,2458,196,kishapu,itilima
Kishapu District Council,Mwaweja,8639,4261,4378,1403,196,kishapu,mwaweja
Kishapu District Council,Uchunga,6310,3068,3242,922,196,kishapu,uchunga
Kishapu District Council,Kishapu,17572,8426,9146,3555,196,kishapu,kishapu
Kishapu District Council,Mwakipoya,13130,6439,6691,1738,196,kishapu,mwakipoya
Kishapu District Council,Shagihilu,6605,3235,3370,1076,196,kishapu,shagihilu
Kishapu District Council,Somagedi,8128,4034,4094,1121,196,kishapu,somagedi
Kishapu District Council,Mwamalasa,17082,8296,8786,2442,196,kishapu,mwamalasa
Kishapu District Council,Masanga,15953,7918,8035,2062,196,kishapu,masanga
Kishapu District Council,Ndoleleji,8594,4222,4372,1253,196,kishapu,ndoleleji
Kishapu District Council,Mwataga,8738,4304,4434,1312,196,kishapu,mwataga
Kishapu District Council,Bupigi,7607,3759,3848,1090,196,kishapu,bupigi
Kishapu District Council,Igaga,6470,3132,3338,923,196,kishapu,igaga
Kishapu District Council,Bunambiyu,8274,4084,4190,1185,196,kishapu,bunambiyu
Kishapu District Council,Bubiki,13256,6557,6699,2068,196,kishapu,bubiki
Kishapu District Council,Songwa,6450,3217,3233,1189,196,kishapu,songwa
Kishapu District Council,Seke-Bugoro,20855,10595,10260,4081,196,kishapu,sekebugoro
Kishapu District Council,Mondo,17957,8898,9059,3198,196,kishapu,mondo
Kishapu District Council,Mwadui Lohumbo,17634,9411,8223,3520,196,kishapu,mwaduilohumbo
Kishapu District Council,Maganzo,18535,9518,9017,4301,196,kishapu,maganzo
Kishapu District Council,Busangwa,7482,3679,3803,1139,196,kishapu,busangwa
Kishapu District Council,Idukilo,11173,5697,5476,1852,196,kishapu,idukilo
Kishapu District Council,Mwasubi,6827,3379,3448,871,196,kishapu,mwasubi
Shinyanga District Council,Pandagichiza,13601,6584,7017,1972,197,shinyanga,pandagichiza
Shinyanga District Council,Mwakitolyo,38909,21000,17909,8557,197,shinyanga,mwakitolyo
Shinyanga District Council,Salawe,25010,12141,12869,4489,197,shinyanga,salawe
Shinyanga District Council,Solwa,31542,15426,16116,4963,197,shinyanga,solwa
Shinyanga District Council,Iselamagazi,27665,13220,14445,4376,197,shinyanga,iselamagazi
Shinyanga District Council,Lyabukande,27666,13548,14118,3535,197,shinyanga,lyabukande
Shinyanga District Council,Mwantini,10782,5273,5509,1695,197,shinyanga,mwantini
Shinyanga District Council,Mwenge,22230,11560,10670,3458,197,shinyanga,mwenge
Shinyanga District Council,Lyabusalu,34865,16970,17895,4383,197,shinyanga,lyabusalu
Shinyanga District Council,Mwalukwa,9975,4853,5122,1457,197,shinyanga,mwalukwa
Shinyanga District Council,Nyamalogo,18347,8947,9400,2685,197,shinyanga,nyamalogo
Shinyanga District Council,Lyamidati,27951,13638,14313,3770,197,shinyanga,lyamidati
Shinyanga District Council,Imesela,11657,5857,5800,1854,197,shinyanga,imesela
Shinyanga District Council,Usule,7598,3828,3770,1446,197,shinyanga,usule
Shinyanga District Council,Ilola,13582,6631,6951,2192,197,shinyanga,ilola
Shinyanga District Council,Didia,19093,9533,9560,4464,197,shinyanga,didia
Shinyanga District Council,Itwangi,12542,6218,6324,2419,197,shinyanga,itwangi
Shinyanga District Council,Tinde,21196,10404,10792,4881,197,shinyanga,tinde
Shinyanga District Council,Puni,7330,3691,3639,1465,197,shinyanga,puni
Shinyanga District Council,Nyida,9263,4535,4728,1843,197,shinyanga,nyida
Shinyanga District Council,Nsalala,9779,4852,4927,1978,197,shinyanga,nsalala
Shinyanga District Council,Bukene,10353,5181,5172,1704,197,shinyanga,bukene
Shinyanga District Council,Mwamala,12244,6115,6129,2102,197,shinyanga,mwamala
Shinyanga District Council,Samuye,15294,7557,7737,2620,197,shinyanga,samuye
Shinyanga District Council,Usanda,17052,8452,8600,3245,197,shinyanga,usanda
Shinyanga District Council,Masengwa,13085,6510,6575,2153,197,shinyanga,masengwa
Shinyanga Municipal Council,Mwamalili,8907,4417,4490,1413,198,shinyanga,mwamalili
Shinyanga Municipal Council,Chibe,8480,4197,4283,1650,198,shinyanga,chibe
Shinyanga Municipal Council,Old Shinyanga,11937,5678,6259,2429,198,shinyanga,oldshinyanga
Shinyanga Municipal Council,Kolandoto,14828,7173,7655,2729,198,shinyanga,kolandoto
Shinyanga Municipal Council,Ibadakuli,18500,9169,9331,4175,198,shinyanga,ibadakuli
Shinyanga Municipal Council,Ngokolo,23887,11204,12683,6417,198,shinyanga,ngokolo
Shinyanga Municipal Council,Mjini,3898,1911,1987,1123,198,shinyanga,mjini
Shinyanga Municipal Council,Chamaguha,4082,1977,2105,1166,198,shinyanga,chamaguha
Shinyanga Municipal Council,Ibinzamata,5455,2738,2717,1604,198,shinyanga,ibinzamata
Shinyanga Municipal Council,Kitangili,16802,7950,8852,4504,198,shinyanga,kitangili
Shinyanga Municipal Council,Kizumbi,19523,9713,9810,4464,198,shinyanga,kizumbi
Shinyanga Municipal Council,Mwawaza,8532,4181,4351,1593,198,shinyanga,mwawaza
Shinyanga Municipal Council,Ndala,13323,6359,6964,3530,198,shinyanga,ndala
Shinyanga Municipal Council,Kambarage,13109,6263,6846,3901,198,shinyanga,kambarage
Shinyanga Municipal Council,Lubaga,10101,4712,5389,2327,198,shinyanga,lubaga
Shinyanga Municipal Council,Ndembezi,20981,9968,11013,5416,198,shinyanga,ndembezi
Shinyanga Municipal Council,Masekelo,12399,5976,6423,3273,198,shinyanga,masekelo
Karagwe District Council,Igurwa,12522,6224,6298,2822,200,karagwe,igurwa
Karagwe District Council,Kanoni,23140,11620,11520,5359,200,karagwe,kanoni
Karagwe District Council,Kihanga,19713,10319,9394,5343,200,karagwe,kihanga
Karagwe District Council,Kituntu,12194,5820,6374,2924,200,karagwe,kituntu
Karagwe District Council,Chanika,18574,9146,9428,4539,200,karagwe,chanika
Karagwe District Council,Kayanga,28248,13588,14660,7805,200,karagwe,kayanga
Karagwe District Council,Bugene,26608,12991,13617,7560,200,karagwe,bugene
Karagwe District Council,Ndama,6513,3203,3310,1561,200,karagwe,ndama
Karagwe District Council,Rugera,11010,5676,5334,2442,200,karagwe,rugera
Karagwe District Council,Nyakahanga,15979,8104,7875,3855,200,karagwe,nyakahanga
Karagwe District Council,Ihanda,7990,3886,4104,2023,200,karagwe,ihanda
Karagwe District Council,Chonyonyo,18596,9399,9197,4241,200,karagwe,chonyonyo
Karagwe District Council,Ihembe,9871,5008,4863,2257,200,karagwe,ihembe
Karagwe District Council,Nyaishozi,13759,6594,7165,3301,200,karagwe,nyaishozi
Karagwe District Council,Rugu,18043,9068,8975,4023,200,karagwe,rugu
Karagwe District Council,Nyakasimbi,16364,8141,8223,3671,200,karagwe,nyakasimbi
Karagwe District Council,Nyakakika,19457,9565,9892,4469,200,karagwe,nyakakika
Karagwe District Council,Nyakabanga,19947,9888,10059,4633,200,karagwe,nyakabanga
Karagwe District Council,Kibondo,12965,6408,6557,3112,200,karagwe,kibondo
Karagwe District Council,Bweranyange,23164,11448,11716,5427,200,karagwe,bweranyange
Karagwe District Council,Nyabiyonza,12325,6072,6253,2945,200,karagwe,nyabiyonza
Karagwe District Council,Kiruruma,15923,7823,8100,3724,200,karagwe,kiruruma
Karagwe District Council,Kamagambo,22839,11195,11644,5330,200,karagwe,kamagambo
Bukoba District Council,Rubafu,9667,4874,4793,2771,201,bukoba,rubafu
Bukoba District Council,Kishanje,8674,4180,4494,2303,201,bukoba,kishanje
Bukoba District Council,Kaagya,16520,8636,7884,5419,201,bukoba,kaagya
Bukoba District Council,Behendangabo,7545,3595,3950,1821,201,bukoba,behendangabo
Bukoba District Council,Nyakato,15301,7299,8002,3613,201,bukoba,nyakato
Bukoba District Council,Katoma,7293,3492,3801,1913,201,bukoba,katoma
Bukoba District Council,Karabagaine,16312,7839,8473,4071,201,bukoba,karabagaine
Bukoba District Council,Maruku,9689,4687,5002,2579,201,bukoba,maruku
Bukoba District Council,Kanyangereko,11108,5486,5622,2743,201,bukoba,kanyangereko
Bukoba District Council,Bujugo,8102,3943,4159,2067,201,bukoba,bujugo
Bukoba District Council,Katerero,5738,2748,2990,1444,201,bukoba,katerero
Bukoba District Council,Kemondo,21506,10465,11041,5827,201,bukoba,kemondo
Bukoba District Council,Nyakibimbili,9097,4319,4778,2247,201,bukoba,nyakibimbili
Bukoba District Council,Ibwera,9408,4511,4897,2322,201,bukoba,ibwera
Bukoba District Council,Mikoni,7891,3843,4048,1934,201,bukoba,mikoni
Bukoba District Council,Kyamulaile,14882,7274,7608,3640,201,bukoba,kyamulaile
Bukoba District Council,Katoro,16284,7713,8571,3887,201,bukoba,katoro
Bukoba District Council,Kaibanja,15920,7666,8254,3893,201,bukoba,kaibanja
Bukoba District Council,Kasharu,8255,3962,4293,2052,201,bukoba,kasharu
Bukoba District Council,Kishogo,9356,4471,4885,2288,201,bukoba,kishogo
Bukoba District Council,Butelankuzi,10465,5020,5445,2583,201,bukoba,butelankuzi
Bukoba District Council,Rubale,9475,4557,4918,2482,201,bukoba,rubale
Bukoba District Council,Rukoma,14259,7077,7182,3236,201,bukoba,rukoma
Bukoba District Council,Kikomelo,6597,3225,3372,1614,201,bukoba,kikomelo
Bukoba District Council,Kibirizi,9477,4754,4723,2315,201,bukoba,kibirizi
Bukoba District Council,Izimbya,10804,5091,5713,2690,201,bukoba,izimbya
Bukoba District Council,Kyaitoke,10369,5065,5304,2684,201,bukoba,kyaitoke
Bukoba District Council,Ruhunga,11348,5622,5726,2749,201,bukoba,ruhunga
Bukoba District Council,Mugajwale,11106,5374,5732,2672,201,bukoba,mugajwale
Bukoba Municipal Council,Hamugembe,10006,4732,5274,3108,202,bukoba,hamugembe
Bukoba Municipal Council,Nshambya,13975,6571,7404,3824,202,bukoba,nshambya
Bukoba Municipal Council,Buhembe,5849,2750,3099,1539,202,bukoba,buhembe
Bukoba Municipal Council,Kahororo,9885,4939,4946,2496,202,bukoba,kahororo
Bukoba Municipal Council,Kashai,33328,15777,17551,9546,202,bukoba,kashai
Bukoba Municipal Council,Miembeni,4058,2105,1953,1197,202,bukoba,miembeni
Bukoba Municipal Council,Bilele,3502,1626,1876,1055,202,bukoba,bilele
Bukoba Municipal Council,Bakoba,16118,7659,8459,4879,202,bukoba,bakoba
Bukoba Municipal Council,Ijuganyondo,2670,1316,1354,725,202,bukoba,ijuganyondo
Bukoba Municipal Council,Kitendaguro,7314,3455,3859,1928,202,bukoba,kitendaguro
Bukoba Municipal Council,Kibeta,13214,6159,7055,3590,202,bukoba,kibeta
Bukoba Municipal Council,Kagondo,9143,4294,4849,2437,202,bukoba,kagondo
Bukoba Municipal Council,Nyanga,5089,2366,2723,1284,202,bukoba,nyanga
Bukoba Municipal Council,Rwamishenye,10787,5037,5750,3520,202,bukoba,rwamishenye
Muleba District Council,Nyakatanga,9417,4526,4891,2176,203,muleba,nyakatanga
Muleba District Council,Ngenge,28692,14435,14257,5971,203,muleba,ngenge
Muleba District Council,Rutoro,10934,5762,5172,2380,203,muleba,rutoro
Muleba District Council,Ibuga,12889,6177,6712,3092,203,muleba,ibuga
Muleba District Council,Bulyakashaju,10430,5155,5275,2464,203,muleba,bulyakashaju
Muleba District Council,Kamachumu,17129,8113,9016,4275,203,muleba,kamachumu
Muleba District Council,Ruhanga,7948,3845,4103,1975,203,muleba,ruhanga
Muleba District Council,Mafumbo,5519,2665,2854,1320,203,muleba,mafumbo
Muleba District Council,Muhutwe,12073,5826,6247,3029,203,muleba,muhutwe
Muleba District Council,Mayondwe,5888,2952,2936,1347,203,muleba,mayondwe
Muleba District Council,Goziba,11042,7398,3644,2988,203,muleba,goziba
Muleba District Council,Kerebe,3559,2365,1194,1485,203,muleba,kerebe
Muleba District Council,Bumbire,15895,9243,6652,4865,203,muleba,bumbire
Muleba District Council,Izigo,13297,6304,6993,3297,203,muleba,izigo
Muleba District Council,Katoke,11710,5616,6094,2760,203,muleba,katoke
Muleba District Council,Kagoma,7659,3812,3847,1809,203,muleba,kagoma
Muleba District Council,Kikuku,10926,5268,5658,2398,203,muleba,kikuku
Muleba District Council,Biirabo,18793,8847,9946,4500,203,muleba,biirabo
Muleba District Council,Mushabago,9789,4614,5175,2248,203,muleba,mushabago
Muleba District Council,Nshamba,25657,12012,13645,6185,203,muleba,nshamba
Muleba District Council,Kashasha,10351,4818,5533,2336,203,muleba,kashasha
Muleba District Council,Ijumbi,13193,6170,7023,3136,203,muleba,ijumbi
Muleba District Council,Kishanda,17364,8188,9176,4117,203,muleba,kishanda
Muleba District Council,Buganguzi,11184,5184,6000,2729,203,muleba,buganguzi
Muleba District Council,Ikuza,12870,7221,5649,3792,203,muleba,ikuza
Muleba District Council,Bureza,8404,4035,4369,1941,203,muleba,bureza
Muleba District Council,Muleba,25585,11867,13718,6857,203,muleba,muleba
Muleba District Council,Ikondo,6496,3050,3446,1407,203,muleba,ikondo
Muleba District Council,Buhangaza,6350,3053,3297,1463,203,muleba,buhangaza
Muleba District Council,Mazinga,10463,6239,4224,3500,203,muleba,mazinga
Muleba District Council,Magata Karutanga,13246,6347,6899,3026,203,muleba,magatakarutanga
Muleba District Council,Gwanseli,11523,5592,5931,2585,203,muleba,gwanseli
Muleba District Council,Kibanga,11118,5243,5875,2601,203,muleba,kibanga
Muleba District Council,Kasharunga,36376,17778,18598,7839,203,muleba,kasharunga
Muleba District Council,Rulanda,12496,6087,6409,2847,203,muleba,rulanda
Muleba District Council,Kimwani,28111,14293,13818,6018,203,muleba,kimwani
Muleba District Council,Nyakabango,23783,11969,11814,4655,203,muleba,nyakabango
Muleba District Council,Kyebitembe,32349,15830,16519,6772,203,muleba,kyebitembe
Muleba District Council,Karambi,26748,13449,13299,5716,203,muleba,karambi
Muleba District Council,Mubunda,20766,9943,10823,4467,203,muleba,mubunda
Muleba District Council,Bisheke,20137,9575,10562,4552,203,muleba,bisheke
Muleba District Council,Burungura,16731,8176,8555,3500,203,muleba,burungura
Biharamulo District Council,Ruziba,14066,6952,7114,2881,204,biharamulo,ruziba
Biharamulo District Council,Biharamulo Mjini,27432,12749,14683,6898,204,biharamulo,biharamulomjini
Biharamulo District Council,Bisibo,18948,9577,9371,3674,204,biharamulo,bisibo
Biharamulo District Council,Nyarubungo,16475,8014,8461,3502,204,biharamulo,nyarubungo
Biharamulo District Council,Nyamahanga,13273,6506,6767,2655,204,biharamulo,nyamahanga
Biharamulo District Council,Runazi,20517,10042,10475,3690,204,biharamulo,runazi
Biharamulo District Council,Kabindi,35733,17279,18454,6537,204,biharamulo,kabindi
Biharamulo District Council,Nyamigogo,18610,9384,9226,2741,204,biharamulo,nyamigogo
Biharamulo District Council,Nyabusozi,27786,13693,14093,4563,204,biharamulo,nyabusozi
Biharamulo District Council,Nemba,28189,14106,14083,4451,204,biharamulo,nemba
Biharamulo District Council,Katahoka,14573,7209,7364,2613,204,biharamulo,katahoka
Biharamulo District Council,Nyakahura,58483,29344,29139,11741,204,biharamulo,nyakahura
Biharamulo District Council,Lusahunga,76997,36954,40043,16040,204,biharamulo,lusahunga
Biharamulo District Council,Kaniha,23230,11523,11707,4085,204,biharamulo,kaniha
Biharamulo District Council,Nyantakara,20812,10293,10519,3462,204,biharamulo,nyantakara
Biharamulo District Council,Kalenge,24420,12077,12343,4711,204,biharamulo,kalenge
Biharamulo District Council,Nyanza,17570,8391,9179,3489,204,biharamulo,nyanza
Ngara District Council,Kabanga,24711,11599,13112,5792,205,ngara,kabanga
Ngara District Council,Mabawe,12826,5933,6893,3089,205,ngara,mabawe
Ngara District Council,Kanazi,19554,9222,10332,4537,205,ngara,kanazi
Ngara District Council,Mugoma,13200,6127,7073,3201,205,ngara,mugoma
Ngara District Council,Kirushya,10685,4880,5805,2485,205,ngara,kirushya
Ngara District Council,Rusumo,16678,8210,8468,4238,205,ngara,rusumo
Ngara District Council,Ntobeye,17003,8097,8906,3798,205,ngara,ntobeye
Ngara District Council,Nyamiaga,9140,4363,4777,2140,205,ngara,nyamiaga
Ngara District Council,Ngara Mjini,24062,11319,12743,6375,205,ngara,ngaramjini
Ngara District Council,Kibimba,13512,6385,7127,3016,205,ngara,kibimba
Ngara District Council,Murukurazo,18880,9054,9826,4184,205,ngara,murukurazo
Ngara District Council,Kasulo,26126,12662,13464,6568,205,ngara,kasulo
Ngara District Council,Nyakisasa,24698,11847,12851,5509,205,ngara,nyakisasa
Ngara District Council,Rulenge,23329,11135,12194,5114,205,ngara,rulenge
Ngara District Council,Keza,12955,6265,6690,2711,205,ngara,keza
Ngara District Council,Bugarama,18170,8406,9764,4134,205,ngara,bugarama
Ngara District Council,Bukiriro,23283,10784,12499,5365,205,ngara,bukiriro
Ngara District Council,Mbuba,12564,5854,6710,2863,205,ngara,mbuba
Ngara District Council,Kibogora,16765,7545,9220,3875,205,ngara,kibogora
Ngara District Council,Murusagamba,15547,7519,8028,3433,205,ngara,murusagamba
Ngara District Council,Muganza,19292,9088,10204,4153,205,ngara,muganza
Ngara District Council,Nyamagoma,10112,4839,5273,1995,205,ngara,nyamagoma
Kyerwa District Council,Kibingo,23569,11557,12012,5429,206,kyerwa,kibingo
Kyerwa District Council,Murongo,20599,10069,10530,4875,206,kyerwa,murongo
Kyerwa District Council,Bugomora,13982,6957,7025,3200,206,kyerwa,bugomora
Kyerwa District Council,Kibare,24075,11896,12179,5427,206,kyerwa,kibare
Kyerwa District Council,Mabira,29595,14166,15429,6832,206,kyerwa,mabira
Kyerwa District Council,Businde,17699,8775,8924,3892,206,kyerwa,businde
Kyerwa District Council,Kamuli,20669,10034,10635,4636,206,kyerwa,kamuli
Kyerwa District Council,Nyakatuntu,18888,9230,9658,4423,206,kyerwa,nyakatuntu
Kyerwa District Council,Kimuli,11298,5508,5790,2540,206,kyerwa,kimuli
Kyerwa District Council,Kikukuru,23363,11361,12002,5192,206,kyerwa,kikukuru
Kyerwa District Council,Kitwe,7876,3790,4086,1787,206,kyerwa,kitwe
Kyerwa District Council,Bugara,10544,5169,5375,2270,206,kyerwa,bugara
Kyerwa District Council,Kakanja,12148,5895,6253,2794,206,kyerwa,kakanja
Kyerwa District Council,Rwabwere,11700,5685,6015,2830,206,kyerwa,rwabwere
Kyerwa District Council,Nkwenda,29757,14155,15602,7592,206,kyerwa,nkwenda
Kyerwa District Council,Rukuraijo,9673,4613,5060,2291,206,kyerwa,rukuraijo
Kyerwa District Council,Songambele,24481,11910,12571,5468,206,kyerwa,songambele
Kyerwa District Council,Kyerwa,13536,6653,6883,3373,206,kyerwa,kyerwa
Kyerwa District Council,Kitwechenkura,16106,7768,8338,3702,206,kyerwa,kitwechenkura
Kyerwa District Council,Iteera,12453,6149,6304,2866,206,kyerwa,iteera
Kyerwa District Council,Isingiro,19545,9526,10019,4803,206,kyerwa,isingiro
Kyerwa District Council,Kaisho,12099,5896,6203,2811,206,kyerwa,kaisho
Kyerwa District Council,Rutunguru,14756,7314,7442,3256,206,kyerwa,rutunguru
Kyerwa District Council,Nyaruzumbura,14499,7149,7350,3694,206,kyerwa,nyaruzumbura
Missenyi District Council,Kakunyu,26379,13414,12965,6181,207,missenyi,kakunyu
Missenyi District Council,Nsunga,26772,14570,12202,7965,207,missenyi,nsunga
Missenyi District Council,Mutukula,26532,12866,13666,7137,207,missenyi,mutukula
Missenyi District Council,Kassambya,37028,17851,19177,10092,207,missenyi,kassambya
Missenyi District Council,Minziro,10753,5207,5546,2614,207,missenyi,minziro
Missenyi District Council,Bugorora,8105,3986,4119,2004,207,missenyi,bugorora
Missenyi District Council,Kyaka,16882,8360,8522,4468,207,missenyi,kyaka
Missenyi District Council,Mushasha,6284,3140,3144,1555,207,missenyi,mushasha
Missenyi District Council,Kilimilile,13640,6625,7015,3360,207,missenyi,kilimilile
Missenyi District Council,Mabale,6995,3434,3561,1672,207,missenyi,mabale
Missenyi District Council,Ruzinga,3280,1528,1752,863,207,missenyi,ruzinga
Missenyi District Council,Kashenye,5786,2772,3014,1480,207,missenyi,kashenye
Missenyi District Council,Kanyigo,9547,4570,4977,2541,207,missenyi,kanyigo
Missenyi District Council,Ishunju,3312,1574,1738,825,207,missenyi,ishunju
Missenyi District Council,Buyango,8592,4117,4475,2274,207,missenyi,buyango
Missenyi District Council,Bwanjai,7886,3791,4095,2066,207,missenyi,bwanjai
Missenyi District Council,Ishozi,6598,3139,3459,1711,207,missenyi,ishozi
Missenyi District Council,Gera,4619,2284,2335,1201,207,missenyi,gera
Missenyi District Council,Bugandika,9088,4260,4828,2391,207,missenyi,bugandika
Missenyi District Council,Kitobo,7316,3508,3808,1952,207,missenyi,kitobo
Ukerewe District Council,Bwisya,14572,7140,7432,2635,210,ukerewe,bwisya
Ukerewe District Council,Bukungu,8959,4609,4350,1716,210,ukerewe,bukungu
Ukerewe District Council,Nyamanga,8055,4103,3952,1440,210,ukerewe,nyamanga
Ukerewe District Council,Bukiko,7918,3979,3939,1360,210,ukerewe,bukiko
Ukerewe District Council,Mukituntu,17789,8419,9370,3297,210,ukerewe,mukituntu
Ukerewe District Council,Murutunguru,18534,8888,9646,3477,210,ukerewe,murutunguru
Ukerewe District Council,Kagunguli,27995,13653,14342,5257,210,ukerewe,kagunguli
Ukerewe District Council,Bukindo,17006,8275,8731,3049,210,ukerewe,bukindo
Ukerewe District Council,Irugwa,13314,7246,6068,3126,210,ukerewe,irugwa
Ukerewe District Council,Nansio,8241,3795,4446,2089,210,ukerewe,nansio
Ukerewe District Council,Kagera,11207,5009,6198,2625,210,ukerewe,kagera
Ukerewe District Council,Nakatunguru,10872,4822,6050,2645,210,ukerewe,nakatunguru
Ukerewe District Council,Kakerege,7107,3254,3853,1446,210,ukerewe,kakerege
Ukerewe District Council,Bukongo,9168,4237,4931,1899,210,ukerewe,bukongo
Ukerewe District Council,Nkilizya,10151,4796,5355,2028,210,ukerewe,nkilizya
Ukerewe District Council,Bukanda,15235,7424,7811,2897,210,ukerewe,bukanda
Ukerewe District Council,Namagondo,13623,6548,7075,2530,210,ukerewe,namagondo
Ukerewe District Council,Ngoma,19309,9657,9652,3648,210,ukerewe,ngoma
Ukerewe District Council,Igalla,17492,8447,9045,3097,210,ukerewe,igalla
Ukerewe District Council,Bwiro,23377,12093,11284,4688,210,ukerewe,bwiro
Ukerewe District Council,Muriti,24842,12191,12651,4708,210,ukerewe,muriti
Ukerewe District Council,Ilangala,30329,17344,12985,6938,210,ukerewe,ilangala
Ukerewe District Council,Namilembe,16258,7985,8273,2970,210,ukerewe,namilembe
Ukerewe District Council,Nduruma,16697,7950,8747,2857,210,ukerewe,nduruma
Ukerewe District Council,Kakukuru,19765,9353,10412,3863,210,ukerewe,kakukuru
Magu District Council,Kisesa,33548,15904,17644,7825,211,magu,kisesa
Magu District Council,Bujashi,20449,10050,10399,3827,211,magu,bujashi
Magu District Council,Lutale,16511,8040,8471,3058,211,magu,lutale
Magu District Council,Kongolo,6597,3210,3387,1215,211,magu,kongolo
Magu District Council,Bukandwe,22180,10804,11376,4416,211,magu,bukandwe
Magu District Council,Bujora,31787,14636,17151,7629,211,magu,bujora
Magu District Council,Chabula,9910,5017,4893,1973,211,magu,chabula
Magu District Council,Nyanguge,22865,10861,12004,4739,211,magu,nyanguge
Magu District Council,Kitongo Sima,17377,8430,8947,3381,211,magu,kitongosima
Magu District Council,Mwamanga,15450,7767,7683,2199,211,magu,mwamanga
Magu District Council,Kahangara,23145,11430,11715,4299,211,magu,kahangara
Magu District Council,Nyigogo,18860,9186,9674,3643,211,magu,nyigogo
Magu District Council,Mwamabanza,7678,3924,3754,1294,211,magu,mwamabanza
Magu District Council,Sukuma,8474,4120,4354,1417,211,magu,sukuma
Magu District Council,Lubugu,18726,9178,9548,3279,211,magu,lubugu
Magu District Council,Magu Mjini,9941,4684,5257,2483,211,magu,magumjini
Magu District Council,Kandawe,21605,10260,11345,4267,211,magu,kandawe
Magu District Council,Isandula,11383,5276,6107,2788,211,magu,isandula
Magu District Council,Itumbili,6272,2911,3361,1599,211,magu,itumbili
Magu District Council,Buhumbi,12815,6204,6611,2105,211,magu,buhumbi
Magu District Council,Ng'haya,25492,12624,12868,3884,211,magu,nghaya
Magu District Council,Nkungulu,10982,5490,5492,1698,211,magu,nkungulu
Magu District Council,Jinjimili,11576,5793,5783,1718,211,magu,jinjimili
Magu District Council,Shishani,20178,9974,10204,3042,211,magu,shishani
Magu District Council,Kabila,17318,8393,8925,2903,211,magu,kabila
Mwanza City Council,Mkuyuni,20492,9787,10705,5489,212,mwanza,mkuyuni
Mwanza City Council,Igogo,25515,12549,12966,7744,212,mwanza,igogo
Mwanza City Council,Pamba,23025,11104,11921,6238,212,mwanza,pamba
Mwanza City Council,Nyamagana,5033,2634,2399,1224,212,mwanza,nyamagana
Mwanza City Council,Mirongo,2141,1134,1007,521,212,mwanza,mirongo
Mwanza City Council,Isamilo,27881,13601,14280,7593,212,mwanza,isamilo
Mwanza City Council,Mbugani,18395,9089,9306,5268,212,mwanza,mbugani
Mwanza City Council,Mahina,57260,27346,29914,13607,212,mwanza,mahina
Mwanza City Council,Igoma,57263,26652,30611,14738,212,mwanza,igoma
Mwanza City Council,Buhongwa,67254,30875,36379,16407,212,mwanza,buhongwa
Mwanza City Council,Mkolani,48102,22478,25624,12662,212,mwanza,mkolani
Mwanza City Council,Butimba,36069,17071,18998,9433,212,mwanza,butimba
Mwanza City Council,Nyegezi,28454,13673,14781,7513,212,mwanza,nyegezi
Mwanza City Council,Mabatini,24458,11804,12654,7069,212,mwanza,mabatini
Mwanza City Council,Mhandu,43440,20222,23218,11457,212,mwanza,mhandu
Mwanza City Council,Kishili,63054,29662,33392,14704,212,mwanza,kishili
Mwanza City Council,Lwanhima,28109,13174,14935,6479,212,mwanza,lwanhima
Mwanza City Council,Luchelele,18889,9487,9402,5080,212,mwanza,luchelele
Kwimba District Council,Mwang'halanga,12139,6025,6114,1862,213,kwimba,mwanghalanga
Kwimba District Council,Igongwa,13897,6869,7028,1948,213,kwimba,igongwa
Kwimba District Council,Ngudu,32446,15482,16964,6367,213,kwimba,ngudu
Kwimba District Council,Nyamilama,9587,4652,4935,1544,213,kwimba,nyamilama
Kwimba District Council,Mwakilyambiti,18823,9240,9583,2737,213,kwimba,mwakilyambiti
Kwimba District Council,Hungumalwa,23798,11430,12368,4438,213,kwimba,hungumalwa
Kwimba District Council,Ng'hundi,11046,5536,5510,1651,213,kwimba,nghundi
Kwimba District Council,Mwankulwe,11568,5753,5815,1750,213,kwimba,mwankulwe
Kwimba District Council,Ilula,14027,7016,7011,2089,213,kwimba,ilula
Kwimba District Council,Mwamala,12820,6435,6385,1879,213,kwimba,mwamala
Kwimba District Council,Kikubiji,27423,13491,13932,3708,213,kwimba,kikubiji
Kwimba District Council,Mhande,22998,11285,11713,3190,213,kwimba,mhande
Kwimba District Council,Bupamwa,22298,11332,10966,3276,213,kwimba,bupamwa
Kwimba District Council,Fukalo,20422,10043,10379,2767,213,kwimba,fukalo
Kwimba District Council,Shilembo,11347,5755,5592,1493,213,kwimba,shilembo
Kwimba District Council,Walla,19763,9776,9987,2844,213,kwimba,walla
Kwimba District Council,Bungulwa,11699,5767,5932,1747,213,kwimba,bungulwa
Kwimba District Council,Sumve,19195,9441,9754,3185,213,kwimba,sumve
Kwimba District Council,Mantare,13153,6507,6646,2073,213,kwimba,mantare
Kwimba District Council,Ngulla,13673,6677,6996,2325,213,kwimba,ngulla
Kwimba District Council,Mwabomba,11278,5674,5604,1748,213,kwimba,mwabomba
Kwimba District Council,Mwagi,11394,5620,5774,1819,213,kwimba,mwagi
Kwimba District Council,Iseni,11494,5733,5761,1771,213,kwimba,iseni
Kwimba District Council,Nyambiti,16730,8346,8384,3054,213,kwimba,nyambiti
Kwimba District Council,Maligisu,24014,11751,12263,3739,213,kwimba,maligisu
Kwimba District Council,Mwandu,12109,6053,6056,1779,213,kwimba,mwandu
Kwimba District Council,Malya,17815,8844,8971,3240,213,kwimba,malya
Kwimba District Council,Lyoma,15970,7863,8107,2463,213,kwimba,lyoma
Kwimba District Council,Bugando,7714,3781,3933,1190,213,kwimba,bugando
Kwimba District Council,Nkalalo,9385,4877,4508,1718,213,kwimba,nkalalo
Sengerema District Council,Ibisabageni,17167,7777,9390,3862,214,sengerema,ibisabageni
Sengerema District Council,Tabaruka,13796,6826,6970,2184,214,sengerema,tabaruka
Sengerema District Council,Busisi,10905,5614,5291,2283,214,sengerema,busisi
Sengerema District Council,Sima,20582,10313,10269,3123,214,sengerema,sima
Sengerema District Council,Buzilasoga,16132,8153,7979,2423,214,sengerema,buzilasoga
Sengerema District Council,Igulumuki,9349,4838,4511,1359,214,sengerema,igulumuki
Sengerema District Council,Kahumulo,11069,5588,5481,1800,214,sengerema,kahumulo
Sengerema District Council,Nyampande,11882,5789,6093,2062,214,sengerema,nyampande
Sengerema District Council,Kishinda,15244,7553,7691,2249,214,sengerema,kishinda
Sengerema District Council,Mwabaluhi,17487,8303,9184,3156,214,sengerema,mwabaluhi
Sengerema District Council,Nyatukara,29787,13949,15838,6401,214,sengerema,nyatukara
Sengerema District Council,Nyampulukano,15099,7049,8050,3480,214,sengerema,nyampulukano
Sengerema District Council,Mission,22762,10455,12307,4692,214,sengerema,mission
Sengerema District Council,Ibondo,5883,2862,3021,1046,214,sengerema,ibondo
Sengerema District Council,Nyamazugo,11237,5642,5595,1945,214,sengerema,nyamazugo
Sengerema District Council,Chifunfu,35343,18029,17314,7916,214,sengerema,chifunfu
Sengerema District Council,Katunguru,22263,10924,11339,4490,214,sengerema,katunguru
Sengerema District Council,Kasungamile,17290,8540,8750,2756,214,sengerema,kasungamile
Sengerema District Council,Nyamatongo,16414,8084,8330,3600,214,sengerema,nyamatongo
Sengerema District Council,Nyamizeze,6833,3299,3534,1061,214,sengerema,nyamizeze
Sengerema District Council,Kasenyi,17653,8861,8792,3033,214,sengerema,kasenyi
Sengerema District Council,Ngoma,13045,6542,6503,2407,214,sengerema,ngoma
Sengerema District Council,Buyagu,12306,6143,6163,1953,214,sengerema,buyagu
Sengerema District Council,Igalula,26728,13227,13501,4120,214,sengerema,igalula
Sengerema District Council,Kagunga,23462,11808,11654,3273,214,sengerema,kagunga
Sengerema District Council,Bitoto,5697,2898,2799,835,214,sengerema,bitoto
Buchosa District Council,Bangwe,13795,6876,6919,2527,215,buchosa,bangwe
Buchosa District Council,Katwe,15075,7494,7581,2868,215,buchosa,katwe
Buchosa District Council,Maisome,16562,8937,7625,4145,215,buchosa,maisome
Buchosa District Council,Kalebezo,19684,9762,9922,3368,215,buchosa,kalebezo
Buchosa District Council,Nyehunge,53982,26056,27926,10747,215,buchosa,nyehunge
Buchosa District Council,Kafunzo,11622,5888,5734,1790,215,buchosa,kafunzo
Buchosa District Council,Bupandwa,20115,9836,10279,3842,215,buchosa,bupandwa
Buchosa District Council,Iligamba,15520,7769,7751,2780,215,buchosa,iligamba
Buchosa District Council,Bugoro,4834,2470,2364,845,215,buchosa,bugoro
Buchosa District Council,Lugata,26803,13471,13332,5293,215,buchosa,lugata
Buchosa District Council,Buhama,14698,7904,6794,3229,215,buchosa,buhama
Buchosa District Council,Nyakasasa,11426,5824,5602,2107,215,buchosa,nyakasasa
Buchosa District Council,Kasisa,15007,7483,7524,2648,215,buchosa,kasisa
Buchosa District Council,Nyakasungwa,8826,4369,4457,1444,215,buchosa,nyakasungwa
Buchosa District Council,Nyanzenda,25512,12662,12850,4396,215,buchosa,nyanzenda
Buchosa District Council,Bulyaheke,54041,28053,25988,13690,215,buchosa,bulyaheke
Buchosa District Council,Kazunzu,17408,8601,8807,3076,215,buchosa,kazunzu
Buchosa District Council,Irenza,14960,7273,7687,2661,215,buchosa,irenza
Buchosa District Council,Luharanyonga,7811,3980,3831,1237,215,buchosa,luharanyonga
Buchosa District Council,Nyakaliro,17932,8727,9205,3418,215,buchosa,nyakaliro
Buchosa District Council,Bukokwa,27497,13103,14394,5581,215,buchosa,bukokwa
Ilemela Municipal Council,Buswelu,42614,19784,22830,10020,216,ilemela,buswelu
Ilemela Municipal Council,Nyakato,29560,13843,15717,8131,216,ilemela,nyakato
Ilemela Municipal Council,Nyamanoro,24624,11751,12873,7357,216,ilemela,nyamanoro
Ilemela Municipal Council,Kirumba,32364,15693,16671,8688,216,ilemela,kirumba
Ilemela Municipal Council,Kitangiri,23642,11172,12470,6547,216,ilemela,kitangiri
Ilemela Municipal Council,Pasiansi,16274,7862,8412,4262,216,ilemela,pasiansi
Ilemela Municipal Council,Ilemela,26091,12346,13745,6819,216,ilemela,ilemela
Ilemela Municipal Council,Bugogwa,35633,17303,18330,7866,216,ilemela,bugogwa
Ilemela Municipal Council,Sangabuye,13004,6363,6641,2409,216,ilemela,sangabuye
Ilemela Municipal Council,Kayenze,17201,8562,8639,4187,216,ilemela,kayenze
Ilemela Municipal Council,Shibula,25429,12223,13206,5333,216,ilemela,shibula
Ilemela Municipal Council,Kahama,21816,10237,11579,4768,216,ilemela,kahama
Ilemela Municipal Council,Kiseke,30664,14399,16265,7275,216,ilemela,kiseke
Ilemela Municipal Council,Kawekamo,26670,12421,14249,6966,216,ilemela,kawekamo
Ilemela Municipal Council,Ibungilo,24295,11220,13075,6905,216,ilemela,ibungilo
Ilemela Municipal Council,Nyamhongolo,29277,13782,15495,6463,216,ilemela,nyamhongolo
Ilemela Municipal Council,Mecco,23294,10744,12550,6170,216,ilemela,mecco
Ilemela Municipal Council,Buzuruga,25338,11942,13396,6550,216,ilemela,buzuruga
Ilemela Municipal Council,Nyasaka,41897,19490,22407,10791,216,ilemela,nyasaka
Misungwi District Council,Bulemeji,10943,5452,5491,1797,217,misungwi,bulemeji
Misungwi District Council,Idetemya,25095,12523,12572,5236,217,misungwi,idetemya
Misungwi District Council,Usagara,44220,20747,23473,10457,217,misungwi,usagara
Misungwi District Council,Ukiriguru,11903,5798,6105,2087,217,misungwi,ukiriguru
Misungwi District Council,Kanyelele,17415,8761,8654,2600,217,misungwi,kanyelele
Misungwi District Council,Fella,11346,5795,5551,2112,217,misungwi,fella
Misungwi District Council,Koromije,15446,7649,7797,2438,217,misungwi,koromije
Misungwi District Council,Igokelo,22192,11065,11127,3516,217,misungwi,igokelo
Misungwi District Council,Mwaniko,10729,5315,5414,1384,217,misungwi,mwaniko
Misungwi District Council,Misungwi,45959,21889,24070,9282,217,misungwi,misungwi
Misungwi District Council,Mabuki,21008,10571,10437,3147,217,misungwi,mabuki
Misungwi District Council,Mondo,10641,5341,5300,1422,217,misungwi,mondo
Misungwi District Council,Mamaye,10311,5125,5186,1419,217,misungwi,mamaye
Misungwi District Council,Misasi,18511,9023,9488,3179,217,misungwi,misasi
Misungwi District Council,Kijima,14374,7094,7280,2062,217,misungwi,kijima
Misungwi District Council,Shilalo,17606,8911,8695,2498,217,misungwi,shilalo
Misungwi District Council,Buhingo,16157,8050,8107,2554,217,misungwi,buhingo
Misungwi District Council,Busongo,10591,5289,5302,1507,217,misungwi,busongo
Misungwi District Council,Nhundulu,14074,6969,7105,2079,217,misungwi,nhundulu
Misungwi District Council,Kasololo,20051,10014,10037,2733,217,misungwi,kasololo
Misungwi District Council,Isenengeja,10077,4999,5078,1563,217,misungwi,isenengeja
Misungwi District Council,Gulumungu,13108,6474,6634,2027,217,misungwi,gulumungu
Misungwi District Council,Lubili,14810,7440,7370,2390,217,misungwi,lubili
Misungwi District Council,Ilujamate,14810,7294,7516,2333,217,misungwi,ilujamate
Misungwi District Council,Mbarika,18179,9042,9137,3023,217,misungwi,mbarika
Misungwi District Council,Sumbugu,17181,8550,8631,2537,217,misungwi,sumbugu
Misungwi District Council,Buhunda,11130,5483,5647,1955,217,misungwi,buhunda
Tarime District Council,Susuni,14760,7004,7756,2913,220,tarime,susuni
Tarime District Council,Mwema,14957,7209,7748,2907,220,tarime,mwema
Tarime District Council,Sirari,28862,13630,15232,6990,220,tarime,sirari
Tarime District Council,Regicheri,9389,4535,4854,1879,220,tarime,regicheri
Tarime District Council,Gwitiryo,8296,4061,4235,1655,220,tarime,gwitiryo
Tarime District Council,Pemba,14408,7038,7370,2656,220,tarime,pemba
Tarime District Council,Mbogi,11567,5641,5926,2148,220,tarime,mbogi
Tarime District Council,Binagi,12870,6218,6652,2486,220,tarime,binagi
Tarime District Council,Nyarero,17071,8260,8811,3137,220,tarime,nyarero
Tarime District Council,Nyakonga,9215,4450,4765,1840,220,tarime,nyakonga
Tarime District Council,Ganyange,9717,4696,5021,1862,220,tarime,ganyange
Tarime District Council,Kibasuka,24147,11522,12625,4165,220,tarime,kibasuka
Tarime District Council,Nyamwaga,21302,10118,11184,4277,220,tarime,nyamwaga
Tarime District Council,Nyansincha,9651,4546,5105,1920,220,tarime,nyansincha
Tarime District Council,Muriba,14578,6929,7649,2844,220,tarime,muriba
Tarime District Council,Itiryo,13046,6228,6818,2625,220,tarime,itiryo
Tarime District Council,Nyanungu,16148,7653,8495,3170,220,tarime,nyanungu
Tarime District Council,Gorong'a,19673,9252,10421,3830,220,tarime,goronga
Tarime District Council,Kwihancha,13941,6615,7326,2525,220,tarime,kwihancha
Tarime District Council,Nyarokoba,12120,5785,6335,2303,220,tarime,nyarokoba
Tarime District Council,Kemambo,29098,14476,14622,6119,220,tarime,kemambo
Tarime District Council,Matongo,34678,17005,17673,7604,220,tarime,matongo
Tarime District Council,Bumera,13075,6176,6899,2614,220,tarime,bumera
Tarime District Council,Kiore,12265,5852,6413,2285,220,tarime,kiore
Tarime District Council,Manga,10754,5162,5592,1938,220,tarime,manga
Tarime District Council,Komaswa,9260,4342,4918,1765,220,tarime,komaswa
Tarime Town Council,Nyandoto,16170,7562,8608,3270,221,tarime,nyandoto
Tarime Town Council,Nyamisangura,20120,9323,10797,4859,221,tarime,nyamisangura
Tarime Town Council,Nkende,17204,8232,8972,3417,221,tarime,nkende
Tarime Town Council,Turwa,26281,12163,14118,5866,221,tarime,turwa
Tarime Town Council,Ketare,12913,6153,6760,2479,221,tarime,ketare
Tarime Town Council,Kenyamanyori,16123,7679,8444,2998,221,tarime,kenyamanyori
Tarime Town Council,Bomani,7916,3725,4191,2025,221,tarime,bomani
Tarime Town Council,Sabasaba,16316,7647,8669,4239,221,tarime,sabasaba
Serengeti District Council,Kenyamonta,16507,7900,8607,3183,222,serengeti,kenyamonta
Serengeti District Council,Majimoto,12396,6102,6294,2592,222,serengeti,majimoto
Serengeti District Council,Busawe,7804,3738,4066,1536,222,serengeti,busawe
Serengeti District Council,Kisaka,15338,7396,7942,3137,222,serengeti,kisaka
Serengeti District Council,Ring'wani,12508,6166,6342,2014,222,serengeti,ringwani
Serengeti District Council,Nyansurura,15274,7191,8083,2524,222,serengeti,nyansurura
Serengeti District Council,Kebanchabancha,10437,5026,5411,1660,222,serengeti,kebanchabancha
Serengeti District Council,Rung'abure,12540,5868,6672,1981,222,serengeti,rungabure
Serengeti District Council,Mosongo,16976,8254,8722,2986,222,serengeti,mosongo
Serengeti District Council,Nyambureti,18500,8982,9518,3538,222,serengeti,nyambureti
Serengeti District Council,Magange,9638,4631,5007,1785,222,serengeti,magange
Serengeti District Council,Nyamatare,6482,3082,3400,1336,222,serengeti,nyamatare
Serengeti District Council,Nyamoko,9244,4383,4861,1599,222,serengeti,nyamoko
Serengeti District Council,Machochwe,12677,5944,6733,1917,222,serengeti,machochwe
Serengeti District Council,Mbalibali,15655,7380,8275,2415,222,serengeti,mbalibali
Serengeti District Council,Kisangura,9991,4720,5271,1590,222,serengeti,kisangura
Serengeti District Council,Manchira,8960,4300,4660,1691,222,serengeti,manchira
Serengeti District Council,Sedeco,14482,7330,7152,1868,222,serengeti,sedeco
Serengeti District Council,Geitasamo,5038,2382,2656,817,222,serengeti,geitasamo
Serengeti District Council,Matare,4875,2324,2551,893,222,serengeti,matare
Serengeti District Council,Stendi Kuu,13089,5983,7106,3058,222,serengeti,stendikuu
Serengeti District Council,Mugumu,13288,6049,7239,3173,222,serengeti,mugumu
Serengeti District Council,Morotonga,5495,2536,2959,1235,222,serengeti,morotonga
Serengeti District Council,Uwanja wa Ndege,8462,4112,4350,1565,222,serengeti,uwanjawandege
Serengeti District Council,Ikoma,6223,3460,2763,1236,222,serengeti,ikoma
Serengeti District Council,Natta,20569,10271,10298,3976,222,serengeti,natta
Serengeti District Council,Nagusi,5955,2987,2968,991,222,serengeti,nagusi
Serengeti District Council,Issenye,9814,4749,5065,2037,222,serengeti,issenye
Serengeti District Council,Rigicha,12467,6096,6371,2052,222,serengeti,rigicha
Serengeti District Council,Kyambahi,9665,4813,4852,1615,222,serengeti,kyambahi
Musoma District Council,Bukumi,18314,9256,9058,3849,223,musoma,bukumi
Musoma District Council,Makojo,11135,5371,5764,1861,223,musoma,makojo
Musoma District Council,Bwasi,12072,5765,6307,2202,223,musoma,bwasi
Musoma District Council,Bulinga,6695,3162,3533,1119,223,musoma,bulinga
Musoma District Council,Bukima,14412,6846,7566,2740,223,musoma,bukima
Musoma District Council,Rusoli,8940,4402,4538,1448,223,musoma,rusoli
Musoma District Council,Murangi,10742,5206,5536,1940,223,musoma,murangi
Musoma District Council,Musanja,11066,5548,5518,1749,223,musoma,musanja
Musoma District Council,Nyamrandirira,17611,8831,8780,3139,223,musoma,nyamrandirira
Musoma District Council,Bugwema,15106,7572,7534,2463,223,musoma,bugwema
Musoma District Council,Nyambono,11993,5905,6088,2063,223,musoma,nyambono
Musoma District Council,Bugoji,9803,4957,4846,1535,223,musoma,bugoji
Musoma District Council,Suguti,16146,7798,8348,2864,223,musoma,suguti
Musoma District Council,Tegeruka,13229,6380,6849,2222,223,musoma,tegeruka
Musoma District Council,Busambara,10127,4950,5177,1749,223,musoma,busambara
Musoma District Council,Kiriba,21166,10411,10755,4247,223,musoma,kiriba
Musoma District Council,Mugango,11184,5397,5787,2173,223,musoma,mugango
Musoma District Council,Ifulifu,7953,3995,3958,1539,223,musoma,ifulifu
Musoma District Council,Nyakatende,15262,7651,7611,3328,223,musoma,nyakatende
Musoma District Council,Nyegina,9438,4565,4873,1787,223,musoma,nyegina
Musoma District Council,Etaro,14271,7278,6993,3253,223,musoma,etaro
Musoma Municipal Council,Mukendo,1882,949,933,420,224,musoma,mukendo
Musoma Municipal Council,Mwigobero,1834,892,942,538,224,musoma,mwigobero
Musoma Municipal Council,Iringo,4157,2004,2153,1218,224,musoma,iringo
Musoma Municipal Council,Kitaji,4336,2043,2293,1163,224,musoma,kitaji
Musoma Municipal Council,Nyasho,5243,2425,2818,1409,224,musoma,nyasho
Musoma Municipal Council,Bweri,22987,10621,12366,5093,224,musoma,bweri
Musoma Municipal Council,Nyakato,12790,6125,6665,3140,224,musoma,nyakato
Musoma Municipal Council,Kigera,8810,4030,4780,2101,224,musoma,kigera
Musoma Municipal Council,Kamunyonge,4060,1863,2197,1169,224,musoma,kamunyonge
Musoma Municipal Council,Nyamatare,6416,2873,3543,1658,224,musoma,nyamatare
Musoma Municipal Council,Mwisenge,13761,6194,7567,3341,224,musoma,mwisenge
Musoma Municipal Council,Buhare,17101,7975,9126,3789,224,musoma,buhare
Musoma Municipal Council,Makoko,12364,5691,6673,2803,224,musoma,makoko
Musoma Municipal Council,Mshikamano,8280,3824,4456,1863,224,musoma,mshikamano
Musoma Municipal Council,Rwamlimi,20779,9606,11173,4575,224,musoma,rwamlimi
Musoma Municipal Council,Kwangwa,19372,8952,10420,3998,224,musoma,kwangwa
Bunda District Council,Nyamuswa,10347,4746,5601,2233,225,bunda,nyamuswa
Bunda District Council,Ketare,13047,6462,6585,2286,225,bunda,ketare
Bunda District Council,Salama,11469,5473,5996,2186,225,bunda,salama
Bunda District Council,Mihingo,16012,7673,8339,2622,225,bunda,mihingo
Bunda District Council,Mugeta,20124,9666,10458,3502,225,bunda,mugeta
Bunda District Council,Hunyari,19240,9450,9790,3067,225,bunda,hunyari
Bunda District Council,Nyamang'uta,12324,5960,6364,2210,225,bunda,nyamanguta
Bunda District Council,Kibara,13339,6214,7125,2968,225,bunda,kibara
Bunda District Council,Chitengule,12786,6238,6548,2387,225,bunda,chitengule
Bunda District Council,Nansimo,14599,7428,7171,2890,225,bunda,nansimo
Bunda District Council,Kisorya,13445,6580,6865,2798,225,bunda,kisorya
Bunda District Council,Nampindi,10283,5028,5255,1859,225,bunda,nampindi
Bunda District Council,Igundu,13303,6702,6601,2358,225,bunda,igundu
Bunda District Council,Butimba,8872,4343,4529,1726,225,bunda,butimba
Bunda District Council,Neruma,10857,5230,5627,1957,225,bunda,neruma
Bunda District Council,Iramba,13850,6962,6888,2741,225,bunda,iramba
Bunda District Council,Namhula,16867,8342,8525,2722,225,bunda,namhula
Bunda District Council,Nyamihyoro,5487,2640,2847,1002,225,bunda,nyamihyoro
Bunda District Council,Kasuguti,7571,3620,3951,1242,225,bunda,kasuguti
Bunda Town Council,Guta,21427,10424,11003,3901,226,bunda,guta
Bunda Town Council,Wariku,11601,5792,5809,1942,226,bunda,wariku
Bunda Town Council,Kabasa,17498,8418,9080,3140,226,bunda,kabasa
Bunda Town Council,Sazira,15738,7626,8112,2974,226,bunda,sazira
Bunda Town Council,Mcharo,11690,5719,5971,2013,226,bunda,mcharo
Bunda Town Council,Kunzugu,6368,3081,3287,1081,226,bunda,kunzugu
Bunda Town Council,Nyatwali,7022,3538,3484,1430,226,bunda,nyatwali
Bunda Town Council,Balili,9282,4403,4879,1976,226,bunda,balili
Bunda Town Council,Nyamakokoto,12459,5585,6874,3123,226,bunda,nyamakokoto
Bunda Town Council,Bunda Stoo,22434,10346,12088,4714,226,bunda,bundastoo
Bunda Town Council,Bunda Mjini,5856,2692,3164,1585,226,bunda,bundamjini
Bunda Town Council,Kabarimu,14052,6452,7600,3490,226,bunda,kabarimu
Bunda Town Council,Nyasura,19369,8743,10626,4599,226,bunda,nyasura
Bunda Town Council,Manyamanyama,8174,3799,4375,1578,226,bunda,manyamanyama
Butiama District Council,Buhemba,13187,6524,6663,2690,227,butiama,buhemba
Butiama District Council,Mirwa,25390,12820,12570,6065,227,butiama,mirwa
Butiama District Council,Muriaza,12886,6071,6815,2552,227,butiama,muriaza
Butiama District Council,Butiama,24871,11886,12985,5274,227,butiama,butiama
Butiama District Council,Masaba,17713,8833,8880,3258,227,butiama,masaba
Butiama District Council,Kyanyari,21886,10758,11128,3814,227,butiama,kyanyari
Butiama District Council,Kukirango,23270,11006,12264,5130,227,butiama,kukirango
Butiama District Council,Kamugegi,9264,4492,4772,1560,227,butiama,kamugegi
Butiama District Council,Buruma,21176,10060,11116,3685,227,butiama,buruma
Butiama District Council,Bisumwa,12153,5798,6355,2259,227,butiama,bisumwa
Butiama District Council,Nyankanga,18265,8624,9641,3742,227,butiama,nyankanga
Butiama District Council,Bukabwa,13765,6634,7131,2574,227,butiama,bukabwa
Butiama District Council,Butuguri,10764,5145,5619,1926,227,butiama,butuguri
Butiama District Council,Busegwe,6978,3345,3633,1279,227,butiama,busegwe
Butiama District Council,Bwiregi,13633,6548,7085,2613,227,butiama,bwiregi
Butiama District Council,Buswahili,15742,7382,8360,3218,227,butiama,buswahili
Butiama District Council,Nyamimange,6812,3298,3514,1353,227,butiama,nyamimange
Butiama District Council,Sirorisimba,13901,6644,7257,2742,227,butiama,sirorisimba
Rorya District Council,Kigunga,18637,8772,9865,3844,228,rorya,kigunga
Rorya District Council,Kirogo,9795,4757,5038,1995,228,rorya,kirogo
Rorya District Council,Nyamtinga,14008,6812,7196,2877,228,rorya,nyamtinga
Rorya District Council,Nyamagaro,16903,8242,8661,3377,228,rorya,nyamagaro
Rorya District Council,Nyahongo,11923,5637,6286,2512,228,rorya,nyahongo
Rorya District Council,Mkoma,18904,8802,10102,4418,228,rorya,mkoma
Rorya District Council,Tai,17297,8390,8907,3887,228,rorya,tai
Rorya District Council,Bukura,20934,10108,10826,4215,228,rorya,bukura
Rorya District Council,Kyangasaga,9114,4462,4652,1854,228,rorya,kyangasaga
Rorya District Council,Kinyenche,9744,4568,5176,1907,228,rorya,kinyenche
Rorya District Council,Raranya,6621,3136,3485,1373,228,rorya,raranya
Rorya District Council,Roche,10128,4813,5315,2182,228,rorya,roche
Rorya District Council,Kitembe,11617,5515,6102,2532,228,rorya,kitembe
Rorya District Council,Mirare,16586,7774,8812,3620,228,rorya,mirare
Rorya District Council,Goribe,12377,5812,6565,2675,228,rorya,goribe
Rorya District Council,Ikoma,13953,6673,7280,2904,228,rorya,ikoma
Rorya District Council,Koryo,10200,4825,5375,2233,228,rorya,koryo
Rorya District Council,Bukwe,12757,5958,6799,2711,228,rorya,bukwe
Rorya District Council,Nyathorongo,8779,4122,4657,1948,228,rorya,nyathorongo
Rorya District Council,Rabour,13020,6292,6728,2791,228,rorya,rabour
Rorya District Council,Nyaburongo,9176,4431,4745,1958,228,rorya,nyaburongo
Rorya District Council,Kisumwa,16008,7608,8400,3132,228,rorya,kisumwa
Rorya District Council,Komuge,17295,8378,8917,3035,228,rorya,komuge
Rorya District Council,Nyamunga,21662,10816,10846,4931,228,rorya,nyamunga
Rorya District Council,Kyang'ombe,13793,6772,7021,2609,228,rorya,kyangombe
Rorya District Council,Baraki,13259,6438,6821,2169,228,rorya,baraki
Babati District Council,Magara,19688,10204,9484,4728,230,babati,magara
Babati District Council,Nkaiti,18653,9468,9185,4432,230,babati,nkaiti
Babati District Council,Mwada,11605,6148,5457,2840,230,babati,mwada
Babati District Council,Kiru,16031,8418,7613,3602,230,babati,kiru
Babati District Council,Magugu,43282,21865,21417,11650,230,babati,magugu
Babati District Council,Kisangaji,8619,4693,3926,2158,230,babati,kisangaji
Babati District Council,Mamire,10223,5408,4815,2230,230,babati,mamire
Babati District Council,Gallapo,23626,11828,11798,5461,230,babati,gallapo
Babati District Council,Qash,22363,11455,10908,4775,230,babati,qash
Babati District Council,Endakiso,10161,5090,5071,2070,230,babati,endakiso
Babati District Council,Ayasanda,6288,3223,3065,1303,230,babati,ayasanda
Babati District Council,Gidas,7058,3712,3346,1422,230,babati,gidas
Babati District Council,Duru,12609,6466,6143,2557,230,babati,duru
Babati District Council,Riroda,12337,6276,6061,2624,230,babati,riroda
Babati District Council,Boay,6598,3459,3139,1473,230,babati,boay
Babati District Council,Arri,16114,8286,7828,3297,230,babati,arri
Babati District Council,Dareda,13716,6727,6989,2962,230,babati,dareda
Babati District Council,Dabil,19311,10019,9292,3656,230,babati,dabil
Babati District Council,Ufana,10316,5293,5023,1756,230,babati,ufana
Babati District Council,Bashnet,17725,8944,8781,3189,230,babati,bashnet
Babati District Council,Madunga,14280,7145,7135,2548,230,babati,madunga
Babati District Council,Nar,13773,6922,6851,2322,230,babati,nar
Babati District Council,Ayalagaya,11935,6130,5805,2554,230,babati,ayalagaya
Babati District Council,Secheda,16630,8627,8003,2918,230,babati,secheda
Babati District Council,Qameyu,12259,6285,5974,2051,230,babati,qameyu
Babati Town Council,Babati,21618,10945,10673,5785,231,babati,babati
Babati Town Council,Mutuka,5993,3137,2856,1277,231,babati,mutuka
Babati Town Council,Nangara,10479,5312,5167,2545,231,babati,nangara
Babati Town Council,Bagara,39116,18984,20132,11294,231,babati,bagara
Babati Town Council,Sigino,12457,6471,5986,2771,231,babati,sigino
Babati Town Council,Maisaka,20759,10537,10222,5301,231,babati,maisaka
Babati Town Council,Singe,7624,3852,3772,1816,231,babati,singe
Babati Town Council,Bonga,11526,5876,5650,2804,231,babati,bonga
Hanang District Council,Masakta,8179,4110,4069,1552,232,hanang,masakta
Hanang District Council,Masqaroda,8525,4345,4180,1669,232,hanang,masqaroda
Hanang District Council,Endasiwold,7591,3829,3762,1425,232,hanang,endasiwold
Hanang District Council,Endasak,5344,2652,2692,1302,232,hanang,endasak
Hanang District Council,Endagaw,6296,3136,3160,1355,232,hanang,endagaw
Hanang District Council,Measkron,14311,7172,7139,2678,232,hanang,measkron
Hanang District Council,Gidahababieg,5942,3071,2871,1122,232,hanang,gidahababieg
Hanang District Council,Hidet,7068,3682,3386,1300,232,hanang,hidet
Hanang District Council,Simbay,8989,4665,4324,1687,232,hanang,simbay
Hanang District Council,Sirop,6277,3279,2998,1199,232,hanang,sirop
Hanang District Council,Gisambalang,17146,9072,8074,3436,232,hanang,gisambalang
Hanang District Council,Nangwa,7665,3845,3820,1539,232,hanang,nangwa
Hanang District Council,Wareta,8604,4485,4119,1511,232,hanang,wareta
Hanang District Council,Dirma,14312,7439,6873,2612,232,hanang,dirma
Hanang District Council,Mogitu,16513,8581,7932,3052,232,hanang,mogitu
Hanang District Council,Dawar,6821,3522,3299,1258,232,hanang,dawar
Hanang District Council,Gendabi,8340,4327,4013,1545,232,hanang,gendabi
Hanang District Council,Gitting,15127,7672,7455,2684,232,hanang,gitting
Hanang District Council,Jorodom,4605,2386,2219,847,232,hanang,jorodom
Hanang District Council,Dumbeta,9121,4652,4469,1751,232,hanang,dumbeta
Hanang District Council,Ganana,8378,4058,4320,2291,232,hanang,ganana
Hanang District Council,Katesh,13084,6332,6752,3554,232,hanang,katesh
Hanang District Council,Lalaji,17343,9008,8335,3198,232,hanang,lalaji
Hanang District Council,Balang'dalalu,19240,9643,9597,3481,232,hanang,balangdalalu
Hanang District Council,Gehandu,15261,7793,7468,2789,232,hanang,gehandu
Hanang District Council,Ishponga,7390,3707,3683,1331,232,hanang,ishponga
Hanang District Council,Laghanga,14910,7685,7225,2483,232,hanang,laghanga
Hanang District Council,Getanuwas,16867,8603,8264,2754,232,hanang,getanuwas
Hanang District Council,Hirbadaw,10459,5383,5076,1844,232,hanang,hirbadaw
Hanang District Council,Garawja,7036,3558,3478,1142,232,hanang,garawja
Hanang District Council,Bassodesh,16151,8368,7783,2742,232,hanang,bassodesh
Hanang District Council,Bassotu,20647,10637,10010,4040,232,hanang,bassotu
Hanang District Council,Mulbadaw,13849,7366,6483,2537,232,hanang,mulbadaw
Mbulu District Council,Bashay,11677,6049,5628,2190,233,mbulu,bashay
Mbulu District Council,Yaeda Ampa,15663,8226,7437,2679,233,mbulu,yaedaampa
Mbulu District Council,Tumati,14745,7564,7181,2585,233,mbulu,tumati
Mbulu District Council,Dongobesh,15799,8070,7729,3251,233,mbulu,dongobesh
Mbulu District Council,Gidhim,12652,6451,6201,2213,233,mbulu,gidhim
Mbulu District Council,Dinamu,13252,6949,6303,2292,233,mbulu,dinamu
Mbulu District Council,Haydom,30631,15305,15326,6570,233,mbulu,haydom
Mbulu District Council,Eshkesh,9838,4979,4859,1548,233,mbulu,eshkesh
Mbulu District Council,Endamilay,15902,8020,7882,2600,233,mbulu,endamilay
Mbulu District Council,Yaeda Chini,9088,4750,4338,1705,233,mbulu,yaedachini
Mbulu District Council,Maretadu,15200,7840,7360,2680,233,mbulu,maretadu
Mbulu District Council,Haydarer,18627,9599,9028,3206,233,mbulu,haydarer
Mbulu District Council,Geterer,14628,7513,7115,2572,233,mbulu,geterer
Mbulu District Council,Maghang,10854,5603,5251,1957,233,mbulu,maghang
Mbulu District Council,Labay,5919,3024,2895,1055,233,mbulu,labay
Mbulu District Council,Masieda,7865,4156,3709,1387,233,mbulu,masieda
Mbulu District Council,Endahagichan,5852,3033,2819,1093,233,mbulu,endahagichan
Mbulu District Council,Masqaroda,10080,5237,4843,1823,233,mbulu,masqaroda
Mbulu Town Council,Marang,7240,3716,3524,1407,234,mbulu,marang
Mbulu Town Council,Daudi,8145,4085,4060,1632,234,mbulu,daudi
Mbulu Town Council,Bargish,8723,4479,4244,1748,234,mbulu,bargish
Mbulu Town Council,Gunyoda,6707,3419,3288,1262,234,mbulu,gunyoda
Mbulu Town Council,Imboru,8590,4456,4134,1863,234,mbulu,imboru
Mbulu Town Council,Uhuru,6959,3515,3444,1681,234,mbulu,uhuru
Mbulu Town Council,Ayamohe,7486,3724,3762,1811,234,mbulu,ayamohe
Mbulu Town Council,Sanu Baray,6793,3302,3491,1665,234,mbulu,sanubaray
Mbulu Town Council,Gehandu,14121,7324,6797,2770,234,mbulu,gehandu
Mbulu Town Council,Ayamaami,5302,2732,2570,1084,234,mbulu,ayamaami
Mbulu Town Council,Endagikot,5082,2511,2571,1081,234,mbulu,endagikot
Mbulu Town Council,Tlawi,8936,4576,4360,1621,234,mbulu,tlawi
Mbulu Town Council,Silaloda,5172,2621,2551,922,234,mbulu,silaloda
Mbulu Town Council,Nahasey,9138,4897,4241,1645,234,mbulu,nahasey
Mbulu Town Council,Kainam,9368,4864,4504,1733,234,mbulu,kainam
Mbulu Town Council,Nambis,9167,4856,4311,1663,234,mbulu,nambis
Mbulu Town Council,Murray,11664,6049,5615,2082,234,mbulu,murray
Simanjiro District Council,Loiborsiret,25332,12186,13146,5561,235,simanjiro,loiborsiret
Simanjiro District Council,Emboreet,20996,10277,10719,4364,235,simanjiro,emboreet
Simanjiro District Council,Terrat,14290,6807,7483,3075,235,simanjiro,terrat
Simanjiro District Council,Oljoro No.5,20360,9411,10949,4390,235,simanjiro,oljorono
Simanjiro District Council,Komolo,23665,11847,11818,5265,235,simanjiro,komolo
Simanjiro District Council,Shambarai,15113,7871,7242,3546,235,simanjiro,shambarai
Simanjiro District Council,Mirerani,21250,10579,10671,6064,235,simanjiro,mirerani
Simanjiro District Council,Naisinyai,18177,11119,7058,3091,235,simanjiro,naisinyai
Simanjiro District Council,Endiamutu,15979,7895,8084,4408,235,simanjiro,endiamutu
Simanjiro District Council,Msitu wa Tembo,15383,7472,7911,3769,235,simanjiro,msituwatembo
Simanjiro District Council,Ngorika,8936,4475,4461,2258,235,simanjiro,ngorika
Simanjiro District Council,Loiborsoit,12713,6570,6143,3243,235,simanjiro,loiborsoit
Simanjiro District Council,Ruvu Remit,8285,3930,4355,1854,235,simanjiro,ruvuremit
Simanjiro District Council,Orkesumet,9437,4648,4789,2504,235,simanjiro,orkesumet
Simanjiro District Council,Naberera,33344,16366,16978,7703,235,simanjiro,naberera
Simanjiro District Council,Kitwai,10082,4543,5539,2232,235,simanjiro,kitwai
Simanjiro District Council,Endonyongijape,7133,3409,3724,1393,235,simanjiro,endonyongijape
Simanjiro District Council,Langai,10694,5249,5445,2303,235,simanjiro,langai
Kiteto District Council,Makame,16544,8038,8506,3560,236,kiteto,makame
Kiteto District Council,Ndedo,9851,4805,5046,2235,236,kiteto,ndedo
Kiteto District Council,Kijungu,12972,6806,6166,2688,236,kiteto,kijungu
Kiteto District Council,Lengatei,22098,10669,11429,4971,236,kiteto,lengatei
Kiteto District Council,Loolera,10999,5609,5390,2269,236,kiteto,loolera
Kiteto District Council,Sunya,38167,18590,19577,8922,236,kiteto,sunya
Kiteto District Council,Dongo,11489,5522,5967,2454,236,kiteto,dongo
Kiteto District Council,Laiseri,17173,8270,8903,3685,236,kiteto,laiseri
Kiteto District Council,Songambele,9388,4525,4863,2073,236,kiteto,songambele
Kiteto District Council,Dosidosi,8271,3979,4292,1880,236,kiteto,dosidosi
Kiteto District Council,Magungu,9816,4716,5100,2129,236,kiteto,magungu
Kiteto District Council,Engusero,18045,8526,9519,4278,236,kiteto,engusero
Kiteto District Council,Matui,13965,6892,7073,3181,236,kiteto,matui
Kiteto District Council,Chapakazi,8231,4030,4201,1715,236,kiteto,chapakazi
Kiteto District Council,Ndirgishi,10409,5055,5354,2453,236,kiteto,ndirgishi
Kiteto District Council,Bwawani,8463,4120,4343,1918,236,kiteto,bwawani
Kiteto District Council,Njoro,22963,11138,11825,5393,236,kiteto,njoro
Kiteto District Council,Olboloti,12149,6057,6092,2719,236,kiteto,olboloti
Kiteto District Council,Kibaya,8943,4349,4594,2476,236,kiteto,kibaya
Kiteto District Council,Partimbo,44404,21511,22893,11150,236,kiteto,partimbo
Kiteto District Council,Bwagamoyo,5812,2772,3040,1374,236,kiteto,bwagamoyo
Kiteto District Council,Namelock,22505,10688,11817,5534,236,kiteto,namelock
Kiteto District Council,Kaloleni,9648,4796,4852,2431,236,kiteto,kaloleni
Njombe District Council,Kidegembye,10498,5004,5494,2805,238,njombe,kidegembye
Njombe District Council,Matembwe,11080,5259,5821,2940,238,njombe,matembwe
Njombe District Council,Lupembe,8700,4133,4567,2347,238,njombe,lupembe
Njombe District Council,Ikondo,6655,3386,3269,1642,238,njombe,ikondo
Njombe District Council,Mfriga,6263,3313,2950,1393,238,njombe,mfriga
Njombe District Council,Idamba,3743,1858,1885,948,238,njombe,idamba
Njombe District Council,Ukalawa,3444,1662,1782,863,238,njombe,ukalawa
Njombe District Council,Mtwango,18033,8335,9698,5020,238,njombe,mtwango
Njombe District Council,Igongolo,9166,4257,4909,2301,238,njombe,igongolo
Njombe District Council,Kichiwa,12268,5612,6656,3127,238,njombe,kichiwa
Njombe District Council,Ninga,7376,3548,3828,1821,238,njombe,ninga
Njombe District Council,Ikuna,12085,5677,6408,3337,238,njombe,ikuna
Njombe Town Council,Njombe Mjini,37900,17658,20242,12000,239,njombe,njombemjini
Njombe Town Council,Mjimwema,26890,12209,14681,8371,239,njombe,mjimwema
Njombe Town Council,Ramadhani,25563,12005,13558,7570,239,njombe,ramadhani
Njombe Town Council,Yakobi,8389,4082,4307,2501,239,njombe,yakobi
Njombe Town Council,Kifanya,13742,6800,6942,3910,239,njombe,kifanya
Njombe Town Council,Ihanga,6819,3398,3421,1888,239,njombe,ihanga
Njombe Town Council,Iwungilo,10944,5415,5529,2938,239,njombe,iwungilo
Njombe Town Council,Luponde,11451,5567,5884,3256,239,njombe,luponde
Njombe Town Council,Matola,12215,5814,6401,3089,239,njombe,matola
Njombe Town Council,Makowo,4957,2406,2551,1206,239,njombe,makowo
Njombe Town Council,Lugenge,7877,3669,4208,2041,239,njombe,lugenge
Njombe Town Council,Uwemba,10359,4924,5435,3115,239,njombe,uwemba
Njombe Town Council,Utalingoro,5021,2386,2635,1397,239,njombe,utalingoro
Njombe Town Council,Makambako,13844,6569,7275,4050,239,njombe,makambako
Njombe Town Council,Mjimwema,13462,5950,7512,4373,239,njombe,mjimwema
Njombe Town Council,Mlowa,6303,2967,3336,1609,239,njombe,mlowa
Njombe Town Council,Lyamkena,18809,8655,10154,4900,239,njombe,lyamkena
Njombe Town Council,Mwembetogwa,4440,2101,2339,1629,239,njombe,mwembetogwa
Njombe Town Council,Mahongole,10866,5195,5671,2760,239,njombe,mahongole
Njombe Town Council,Kitandililo,8851,4257,4594,2174,239,njombe,kitandililo
Njombe Town Council,Utengule,10532,4933,5599,2897,239,njombe,utengule
Njombe Town Council,Maguvani,18650,8650,10000,5252,239,njombe,maguvani
Njombe Town Council,Majengo,6144,2961,3183,1733,239,njombe,majengo
Njombe Town Council,Kitisi,13241,5943,7298,3927,239,njombe,kitisi
Njombe Town Council,Kivavi,21339,9695,11644,5638,239,njombe,kivavi
Ludewa District Council,Lupanga,6490,3040,3450,1681,240,ludewa,lupanga
Ludewa District Council,Mlangali,9434,4516,4918,2658,240,ludewa,mlangali
Ludewa District Council,Milo,7376,3460,3916,2081,240,ludewa,milo
Ludewa District Council,Madope,6850,3262,3588,1810,240,ludewa,madope
Ludewa District Council,Ludende,6216,2937,3279,1802,240,ludewa,ludende
Ludewa District Council,Lubonde,5456,2544,2912,1477,240,ludewa,lubonde
Ludewa District Council,Mawengi,9365,4397,4968,2547,240,ludewa,mawengi
Ludewa District Council,Ludewa,12900,6248,6652,3545,240,ludewa,ludewa
Ludewa District Council,Luana,4885,2369,2516,1340,240,ludewa,luana
Ludewa District Council,Nkomang'ombe,3826,1832,1994,931,240,ludewa,nkomangombe
Ludewa District Council,Luilo,4642,2239,2403,1175,240,ludewa,luilo
Ludewa District Council,Masasi,2413,1148,1265,580,240,ludewa,masasi
Ludewa District Council,Manda,4564,2150,2414,1196,240,ludewa,manda
Ludewa District Council,Ruhuhu,4677,2248,2429,1104,240,ludewa,ruhuhu
Ludewa District Council,Lumbila,2038,943,1095,455,240,ludewa,lumbila
Ludewa District Council,Kilondo,2107,1001,1106,518,240,ludewa,kilondo
Ludewa District Council,Iwela,1397,673,724,311,240,ludewa,iwela
Ludewa District Council,Lupingu,5581,2627,2954,1401,240,ludewa,lupingu
Ludewa District Council,Makonde,4059,1960,2099,977,240,ludewa,makonde
Ludewa District Council,Lifuma,2159,973,1186,584,240,ludewa,lifuma
Ludewa District Council,Lugarawa,9687,4514,5173,2658,240,ludewa,lugarawa
Ludewa District Council,Madilu,9766,4699,5067,2468,240,ludewa,madilu
Ludewa District Council,Mundindi,9727,4841,4886,2501,240,ludewa,mundindi
Ludewa District Council,Mavanga,9738,4768,4970,2479,240,ludewa,mavanga
Ludewa District Council,Ibumi,2637,1465,1172,639,240,ludewa,ibumi
Ludewa District Council,Mkongobaki,3371,1591,1780,932,240,ludewa,mkongobaki
Makete District Council,Lupila,4692,2217,2475,1426,241,makete,lupila
Makete District Council,Ukwama,3235,1524,1711,1013,241,makete,ukwama
Makete District Council,Ipepo,4906,2337,2569,1375,241,makete,ipepo
Makete District Council,Mbalatse,3125,1467,1658,877,241,makete,mbalatse
Makete District Council,Lupalilo,4326,1992,2334,1315,241,makete,lupalilo
Makete District Council,Iwawa,12132,5619,6513,3631,241,makete,iwawa
Makete District Council,Mang'oto,3918,1943,1975,1167,241,makete,mangoto
Makete District Council,Tandala,7592,3530,4062,2000,241,makete,tandala
Makete District Council,Isapulano,3686,1819,1867,1021,241,makete,isapulano
Makete District Council,Bulongwa,3517,1671,1846,1025,241,makete,bulongwa
Makete District Council,Kipagalo,3516,1694,1822,1167,241,makete,kipagalo
Makete District Council,Luwumbu,1833,853,980,635,241,makete,luwumbu
Makete District Council,Matamba,7505,3539,3966,2174,241,makete,matamba
Makete District Council,Mlondwe,3934,1897,2037,1137,241,makete,mlondwe
Makete District Council,Kitulo,5808,2922,2886,1570,241,makete,kitulo
Makete District Council,Itundu,5018,2388,2630,1390,241,makete,itundu
Makete District Council,Kinyika,5641,2746,2895,1808,241,makete,kinyika
Makete District Council,Iniho,3980,1954,2026,1113,241,makete,iniho
Makete District Council,Ipelele,5933,2897,3036,1731,241,makete,ipelele
Makete District Council,Kigulu,696,355,341,168,241,makete,kigulu
Makete District Council,Ikuwo,4684,2268,2416,1261,241,makete,ikuwo
Makete District Council,Mfumbi,6344,3073,3271,1837,241,makete,mfumbi
Makete District Council,Kigala,3139,1475,1664,777,241,makete,kigala
Wanging'ombe District Council,Imalinyi,10272,4825,5447,2756,242,wangingombe,imalinyi
Wanging'ombe District Council,Ulembwe,13054,5933,7121,3632,242,wangingombe,ulembwe
Wanging'ombe District Council,Makoga,9941,4464,5477,2834,242,wangingombe,makoga
Wanging'ombe District Council,Kipengele,9051,4124,4927,2465,242,wangingombe,kipengele
Wanging'ombe District Council,Igosi,7574,3529,4045,2023,242,wangingombe,igosi
Wanging'ombe District Council,Wangama,5387,2560,2827,1455,242,wangingombe,wangama
Wanging'ombe District Council,Kidugala,5580,2624,2956,1512,242,wangingombe,kidugala
Wanging'ombe District Council,Usuka,6806,3224,3582,1819,242,wangingombe,usuka
Wanging'ombe District Council,Igwachanya,15529,7338,8191,4334,242,wangingombe,igwachanya
Wanging'ombe District Council,Mdandu,9497,4606,4891,2606,242,wangingombe,mdandu
Wanging'ombe District Council,Igima,15560,7059,8501,4308,242,wangingombe,igima
Wanging'ombe District Council,Itulahumba,5836,2738,3098,1563,242,wangingombe,itulahumba
Wanging'ombe District Council,Saja,9737,4577,5160,2432,242,wangingombe,saja
Wanging'ombe District Council,Kijombe,9500,4603,4897,2450,242,wangingombe,kijombe
Wanging'ombe District Council,Wanging'ombe,15330,7212,8118,4112,242,wangingombe,wangingombe
Wanging'ombe District Council,Ilembula,14451,6668,7783,4199,242,wangingombe,ilembula
Wanging'ombe District Council,Uhambule,6575,3112,3463,1805,242,wangingombe,uhambule
Wanging'ombe District Council,Luduga,10331,4948,5383,2885,242,wangingombe,luduga
Wanging'ombe District Council,Malangali,3137,1492,1645,861,242,wangingombe,malangali
Wanging'ombe District Council,Uhenga,4209,2052,2157,1129,242,wangingombe,uhenga
Wanging'ombe District Council,Udonja,4149,1967,2182,1087,242,wangingombe,udonja
Mpanda Municipal Council,Shanwe,22014,10503,11511,4981,244,mpanda,shanwe
Mpanda Municipal Council,Makanyagio,12660,5936,6724,3448,244,mpanda,makanyagio
Mpanda Municipal Council,Kashaulili,5537,2669,2868,1556,244,mpanda,kashaulili
Mpanda Municipal Council,Kawajense,11138,5265,5873,2968,244,mpanda,kawajense
Mpanda Municipal Council,Nsemulwa,33444,16146,17298,8094,244,mpanda,nsemulwa
Mpanda Municipal Council,Majengo,5399,2643,2756,1480,244,mpanda,majengo
Mpanda Municipal Council,Kasokola,5726,2975,2751,1295,244,mpanda,kasokola
Mpanda Municipal Council,Kazima,25169,11826,13343,5721,244,mpanda,kazima
Mpanda Municipal Council,Uwanja wa Ndege,19334,9304,10030,4811,244,mpanda,uwanjawandege
Mpanda Municipal Council,Kakese,21466,10700,10766,4224,244,mpanda,kakese
Mpanda Municipal Council,Misunkumilo,19158,9449,9709,4446,244,mpanda,misunkumilo
Mpanda Municipal Council,Mpanda Hotel,9583,4852,4731,2267,244,mpanda,mpandahotel
Mpanda Municipal Council,Ilembo,24395,11904,12491,5443,244,mpanda,ilembo
Mpanda Municipal Council,Mwamkulu,16507,8405,8102,2762,244,mpanda,mwamkulu
Mpanda Municipal Council,Magamba,14234,7506,6728,3093,244,mpanda,magamba
Nsimbo District Council,Sitalike,22860,11836,11024,4985,245,nsimbo,sitalike
Nsimbo District Council,Ibindi,13849,7311,6538,2423,245,nsimbo,ibindi
Nsimbo District Council,Itenka,30190,15085,15105,5461,245,nsimbo,itenka
Nsimbo District Council,Machimboni,5724,3416,2308,1384,245,nsimbo,machimboni
Nsimbo District Council,Kapalala,7207,3535,3672,1484,245,nsimbo,kapalala
Nsimbo District Council,Nsimbo,8876,4599,4277,1739,245,nsimbo,nsimbo
Nsimbo District Council,Kanoge,17399,8307,9092,2979,245,nsimbo,kanoge
Nsimbo District Council,Ugalla,24645,12343,12302,4098,245,nsimbo,ugalla
Nsimbo District Council,Litapunga,16875,8318,8557,2922,245,nsimbo,litapunga
Nsimbo District Council,Mtapenda,9277,4651,4626,1737,245,nsimbo,mtapenda
Nsimbo District Council,Katumba,30291,14272,16019,5286,245,nsimbo,katumba
Nsimbo District Council,Uruwira (Urwira),13909,7039,6870,2606,245,nsimbo,uruwiraurwira
Nsimbo District Council,Mishamo,13723,6621,7102,2428,245,nsimbo,mishamo
Nsimbo District Council,Mpandandogo,22017,10998,11019,4413,245,nsimbo,mpandandogo
Nsimbo District Council,Kabungu,15697,7925,7772,3130,245,nsimbo,kabungu
Nsimbo District Council,Ilangu,15117,7260,7857,2484,245,nsimbo,ilangu
Nsimbo District Council,Bulamata,23356,11456,11900,3817,245,nsimbo,bulamata
Nsimbo District Council,Ipwaga,15090,7290,7800,2567,245,nsimbo,ipwaga
Nsimbo District Council,Tongwe,48079,23887,24192,8900,245,nsimbo,tongwe
Nsimbo District Council,Mnyagala,31342,15818,15524,5432,245,nsimbo,mnyagala
Nsimbo District Council,Mwese,22171,11363,10808,4021,245,nsimbo,mwese
Nsimbo District Council,Katuma,35018,17520,17498,6250,245,nsimbo,katuma
Nsimbo District Council,Sibwesa,38044,18847,19197,6395,245,nsimbo,sibwesa
Nsimbo District Council,Kasekese,33244,16504,16740,6656,245,nsimbo,kasekese
Nsimbo District Council,Ikola,21978,10737,11241,4635,245,nsimbo,ikola
Nsimbo District Council,Karema,8892,4437,4455,1719,245,nsimbo,karema
Nsimbo District Council,Kapalamsenga,18463,9279,9184,3382,245,nsimbo,kapalamsenga
Nsimbo District Council,Isengule,9605,4900,4705,2050,245,nsimbo,isengule
Mlele Distric Council,Utende,24740,12183,12557,4000,246,mleledistriccouncil,utende
Mlele Distric Council,Inyonga,25187,12364,12823,5783,246,mleledistriccouncil,inyonga
Mlele Distric Council,Kamsisi,18219,8976,9243,2729,246,mleledistriccouncil,kamsisi
Mlele Distric Council,Ilunde,24757,12534,12223,3677,246,mleledistriccouncil,ilunde
Mlele Distric Council,Ilela,16387,8295,8092,2729,246,mleledistriccouncil,ilela
Mlele Distric Council,Nsenkwa,9528,4640,4888,1967,246,mleledistriccouncil,nsenkwa
Mlele Distric Council,Chamalendi,14178,6843,7335,1694,246,mleledistriccouncil,chamalendi
Mlele Distric Council,Mwamapuli,14459,7132,7327,1792,246,mleledistriccouncil,mwamapuli
Mlele Distric Council,Majimoto,52411,25724,26687,9500,246,mleledistriccouncil,majimoto
Mlele Distric Council,Mamba,42847,21046,21801,6444,246,mleledistriccouncil,mamba
Mlele Distric Council,Kasansa,10785,5308,5477,1570,246,mleledistriccouncil,kasansa
Mlele Distric Council,Mbede,19248,9282,9966,2589,246,mleledistriccouncil,mbede
Mlele Distric Council,Usevya,16153,7727,8426,2638,246,mleledistriccouncil,usevya
Mlele Distric Council,Kibaoni,28769,14097,14672,4795,246,mleledistriccouncil,kibaoni
Mlele Distric Council,Ikuba,16588,8114,8474,2102,246,mleledistriccouncil,ikuba
Bariadi Distric Council,Itubukilo,16276,7766,8510,2076,248,bariadidistriccouncil,itubukilo
Bariadi Distric Council,Sakwe,16185,7669,8516,2103,248,bariadidistriccouncil,sakwe
Bariadi Distric Council,Ngulyati,14142,6684,7458,2289,248,bariadidistriccouncil,ngulyati
Bariadi Distric Council,Kilalo,16136,7927,8209,2309,248,bariadidistriccouncil,kilalo
Bariadi Distric Council,Kasoli,16530,8185,8345,2449,248,bariadidistriccouncil,kasoli
Bariadi Distric Council,Mwasubuya,10359,5161,5198,1434,248,bariadidistriccouncil,mwasubuya
Bariadi Distric Council,Gambosi,9279,4591,4688,1197,248,bariadidistriccouncil,gambosi
Bariadi Distric Council,Ikungulyabashashi,11803,5710,6093,1665,248,bariadidistriccouncil,ikungulyabashashi
Bariadi Distric Council,Dutwa,29519,14270,15249,4957,248,bariadidistriccouncil,dutwa
Bariadi Distric Council,Sapiwi,28002,13221,14781,4350,248,bariadidistriccouncil,sapiwi
Bariadi Distric Council,Masewa,11416,5325,6091,1578,248,bariadidistriccouncil,masewa
Bariadi Distric Council,Matongo,26964,12911,14053,3638,248,bariadidistriccouncil,matongo
Bariadi Distric Council,Gilya,22295,10576,11719,3003,248,bariadidistriccouncil,gilya
Bariadi Distric Council,Mwaubingi,14210,6839,7371,2092,248,bariadidistriccouncil,mwaubingi
Bariadi Distric Council,Gibishi,8375,4070,4305,1021,248,bariadidistriccouncil,gibishi
Bariadi Distric Council,Nkindwabiye,18900,9051,9849,2373,248,bariadidistriccouncil,nkindwabiye
Bariadi Distric Council,Ihusi,20784,9768,11016,2629,248,bariadidistriccouncil,ihusi
Bariadi Distric Council,Mwaumatondo,18528,8531,9997,2312,248,bariadidistriccouncil,mwaumatondo
Bariadi Distric Council,Nkololo,35542,16404,19138,5290,248,bariadidistriccouncil,nkololo
Bariadi Distric Council,Banemhi,18848,8790,10058,2302,248,bariadidistriccouncil,banemhi
Bariadi Distric Council,Mwadobana,19292,8946,10346,2281,248,bariadidistriccouncil,mwadobana
Bariadi Town Council,Mhango,14860,7174,7686,2154,249,bariadi,mhango
Bariadi Town Council,Guduwi,15027,7167,7860,2004,249,bariadi,guduwi
Bariadi Town Council,Nyakabindi,27573,13097,14476,4187,249,bariadi,nyakabindi
Bariadi Town Council,Bariadi,19360,9266,10094,4681,249,bariadi,bariadi
Bariadi Town Council,Sima,20180,9625,10555,4695,249,bariadi,sima
Bariadi Town Council,Malambo,15939,7595,8344,3645,249,bariadi,malambo
Bariadi Town Council,Somanda,64481,40180,24301,9071,249,bariadi,somanda
Bariadi Town Council,Nyangokolwa,29520,14192,15328,4075,249,bariadi,nyangokolwa
Bariadi Town Council,Bunamhala,38007,18093,19914,5469,249,bariadi,bunamhala
Bariadi Town Council,Isanga,15980,7602,8378,2371,249,bariadi,isanga
Bariadi Town Council,Bumera,19763,9552,10211,2538,249,bariadi,bumera
Bariadi Town Council,Ikindilo,18953,8839,10114,2529,249,bariadi,ikindilo
Bariadi Town Council,Mwamtani,14954,6955,7999,1713,249,bariadi,mwamtani
Bariadi Town Council,Sagata,23879,11052,12827,3260,249,bariadi,sagata
Bariadi Town Council,Mwaswale,22340,10453,11887,2728,249,bariadi,mwaswale
Bariadi Town Council,Nkuyu,11470,5261,6209,1421,249,bariadi,nkuyu
Bariadi Town Council,Mhunze,16452,7555,8897,2003,249,bariadi,mhunze
Bariadi Town Council,Migato,27666,12772,14894,3446,249,bariadi,migato
Bariadi Town Council,Chinamili,23318,10879,12439,3156,249,bariadi,chinamili
Bariadi Town Council,Ndolelezi,18905,8742,10163,2320,249,bariadi,ndolelezi
Bariadi Town Council,Lagangabilili,21458,10147,11311,3322,249,bariadi,lagangabilili
Bariadi Town Council,Budalabujiga,14878,6919,7959,1931,249,bariadi,budalabujiga
Bariadi Town Council,Nkoma,31413,14729,16684,4236,249,bariadi,nkoma
Bariadi Town Council,Mwalushu,14741,6954,7787,2148,249,bariadi,mwalushu
Bariadi Town Council,Mwamapalala,18872,9138,9734,2842,249,bariadi,mwamapalala
Bariadi Town Council,Nyamalapa,17581,8332,9249,2607,249,bariadi,nyamalapa
Bariadi Town Council,Luguru,24154,11400,12754,3677,249,bariadi,luguru
Bariadi Town Council,Nhobora,17559,8378,9181,2370,249,bariadi,nhobora
Bariadi Town Council,Zagayu,17196,8280,8916,2394,249,bariadi,zagayu
Bariadi Town Council,Kinang'weli,14817,7296,7521,2071,249,bariadi,kinangweli
Bariadi Town Council,Mbita,15277,7366,7911,2012,249,bariadi,mbita
Bariadi Town Council,Sawida,13567,6558,7009,1994,249,bariadi,sawida
Meatu Distric Council,Mwanhuzi,25323,11972,13351,5230,250,meatudistriccouncil,mwanhuzi
Meatu Distric Council,Nkoma,9110,4378,4732,1127,250,meatudistriccouncil,nkoma
Meatu Distric Council,Kimali,9384,4516,4868,1206,250,meatudistriccouncil,kimali
Meatu Distric Council,Mwamishali,14960,7392,7568,1931,250,meatudistriccouncil,mwamishali
Meatu Distric Council,Mwangudo,17582,8584,8998,2503,250,meatudistriccouncil,mwangudo
Meatu Distric Council,Mwanyahina,13135,6533,6602,1782,250,meatudistriccouncil,mwanyahina
Meatu Distric Council,Imalaseko,7379,3699,3680,932,250,meatudistriccouncil,imalaseko
Meatu Distric Council,Mwabuzo,13483,6638,6845,1647,250,meatudistriccouncil,mwabuzo
Meatu Distric Council,Mwamalole,11788,5650,6138,1506,250,meatudistriccouncil,mwamalole
Meatu Distric Council,Mwanjolo,8908,4040,4868,909,250,meatudistriccouncil,mwanjolo
Meatu Distric Council,Mwamanongu,8640,4237,4403,1117,250,meatudistriccouncil,mwamanongu
Meatu Distric Council,Ng'hoboko,9528,4718,4810,1213,250,meatudistriccouncil,nghoboko
Meatu Distric Council,Bukundi,16380,7594,8786,1948,250,meatudistriccouncil,bukundi
Meatu Distric Council,Mwamanimba,5656,2749,2907,618,250,meatudistriccouncil,mwamanimba
Meatu Distric Council,Mbushi,5296,2513,2783,548,250,meatudistriccouncil,mbushi
Meatu Distric Council,Kabondo,4876,2391,2485,668,250,meatudistriccouncil,kabondo
Meatu Distric Council,Itinje,10347,5083,5264,1468,250,meatudistriccouncil,itinje
Meatu Distric Council,Lubiga,11056,5369,5687,1406,250,meatudistriccouncil,lubiga
Meatu Distric Council,Isengwa,9381,4683,4698,1262,250,meatudistriccouncil,isengwa
Meatu Distric Council,Mbugayabanghya,9008,4419,4589,1136,250,meatudistriccouncil,mbugayabanghya
Meatu Distric Council,Kisesa,27379,12940,14439,3447,250,meatudistriccouncil,kisesa
Meatu Distric Council,Mwandoya,26555,12579,13976,3791,250,meatudistriccouncil,mwandoya
Meatu Distric Council,Lingeka,7856,3666,4190,958,250,meatudistriccouncil,lingeka
Meatu Distric Council,Sakasaka,11996,5760,6236,1579,250,meatudistriccouncil,sakasaka
Meatu Distric Council,Mwabuma,18436,8609,9827,2340,250,meatudistriccouncil,mwabuma
Meatu Distric Council,Mwabusalu,15884,7640,8244,1974,250,meatudistriccouncil,mwabusalu
Meatu Distric Council,Mwasengela,14432,6516,7916,1770,250,meatudistriccouncil,mwasengela
Meatu Distric Council,Tindabuligi,13536,6458,7078,1724,250,meatudistriccouncil,tindabuligi
Meatu Distric Council,Mwakisandu,9647,4586,5061,1227,250,meatudistriccouncil,mwakisandu
Maswa Distric Council,Kadoto,16158,7740,8418,2157,251,maswadistriccouncil,kadoto
Maswa Distric Council,Shishiyu,15582,7623,7959,2200,251,maswadistriccouncil,shishiyu
Maswa Distric Council,Nyabubinza,11525,5635,5890,1692,251,maswadistriccouncil,nyabubinza
Maswa Distric Council,Mwang'honoli,12176,5973,6203,1718,251,maswadistriccouncil,mwanghonoli
Maswa Distric Council,Kulimi,6144,2944,3200,859,251,maswadistriccouncil,kulimi
Maswa Distric Council,Malampaka,13765,6842,6923,2779,251,maswadistriccouncil,malampaka
Maswa Distric Council,Badi,20937,10423,10514,3095,251,maswadistriccouncil,badi
Maswa Distric Council,Mwabayanda,11113,5378,5735,1515,251,maswadistriccouncil,mwabayanda
Maswa Distric Council,Mataba,7340,3511,3829,1128,251,maswadistriccouncil,mataba
Maswa Distric Council,Jija,14097,6879,7218,2206,251,maswadistriccouncil,jija
Maswa Distric Council,Seng'wa,12332,6096,6236,1836,251,maswadistriccouncil,sengwa
Maswa Distric Council,Masela,15250,7450,7800,2406,251,maswadistriccouncil,masela
Maswa Distric Council,Isanga,11418,5674,5744,1898,251,maswadistriccouncil,isanga
Maswa Distric Council,Zanzui,6670,3238,3432,1059,251,maswadistriccouncil,zanzui
Maswa Distric Council,Mwamashimba,11193,5423,5770,1531,251,maswadistriccouncil,mwamashimba
Maswa Distric Council,Buchambi,15498,7523,7975,2150,251,maswadistriccouncil,buchambi
Maswa Distric Council,Busangi,10074,4900,5174,1509,251,maswadistriccouncil,busangi
Maswa Distric Council,Nyalikungu,9534,4624,4910,2123,251,maswadistriccouncil,nyalikungu
Maswa Distric Council,Binza,8787,4216,4571,1604,251,maswadistriccouncil,binza
Maswa Distric Council,Bugarama,9727,4813,4914,1370,251,maswadistriccouncil,bugarama
Maswa Distric Council,Shanwa,12618,6010,6608,3049,251,maswadistriccouncil,shanwa
Maswa Distric Council,Sola,7601,3628,3973,1806,251,maswadistriccouncil,sola
Maswa Distric Council,Ng'wigwa,12696,6158,6538,1854,251,maswadistriccouncil,ngwigwa
Maswa Distric Council,Nguliguli,10572,5162,5410,1593,251,maswadistriccouncil,nguliguli
Maswa Distric Council,Ipililo,23155,10976,12179,3257,251,maswadistriccouncil,ipililo
Maswa Distric Council,Senani,13724,6601,7123,1917,251,maswadistriccouncil,senani
Maswa Distric Council,Mwamanenge,9586,4655,4931,1271,251,maswadistriccouncil,mwamanenge
Maswa Distric Council,Sukuma,13481,6539,6942,1938,251,maswadistriccouncil,sukuma
Maswa Distric Council,Mpindo,14633,7161,7472,1968,251,maswadistriccouncil,mpindo
Maswa Distric Council,Dakama,5420,2651,2769,713,251,maswadistriccouncil,dakama
Maswa Distric Council,Lalago,13253,6503,6750,2112,251,maswadistriccouncil,lalago
Maswa Distric Council,Budekwa,9230,4514,4716,1389,251,maswadistriccouncil,budekwa
Maswa Distric Council,Busilili,9986,4850,5136,1373,251,maswadistriccouncil,busilili
Maswa Distric Council,Sangamwalugesha,10465,5056,5409,1560,251,maswadistriccouncil,sangamwalugesha
Maswa Distric Council,Mbaragane,15299,7549,7750,2190,251,maswadistriccouncil,mbaragane
Maswa Distric Council,Mwabaratulu,6825,3337,3488,931,251,maswadistriccouncil,mwabaratulu
Busega Distric Council,Shigala,14241,7139,7102,2325,252,busegadistriccouncil,shigala
Busega Distric Council,Badugu,17049,8477,8572,2545,252,busegadistriccouncil,badugu
Busega Distric Council,Nyaluhande,12239,6035,6204,1872,252,busegadistriccouncil,nyaluhande
Busega Distric Council,Kiloleli,26966,13115,13851,5410,252,busegadistriccouncil,kiloleli
Busega Distric Council,Mwamanyili,10887,5249,5638,2120,252,busegadistriccouncil,mwamanyili
Busega Distric Council,Kabita,30227,14464,15763,6568,252,busegadistriccouncil,kabita
Busega Distric Council,Nyashimo,15040,7009,8031,3242,252,busegadistriccouncil,nyashimo
Busega Distric Council,Kalemela,12266,6094,6172,2158,252,busegadistriccouncil,kalemela
Busega Distric Council,Lamadi,44146,20470,23676,9553,252,busegadistriccouncil,lamadi
Busega Distric Council,Lutubiga,13673,6664,7009,1991,252,busegadistriccouncil,lutubiga
Busega Distric Council,Mkula,21938,10433,11505,3545,252,busegadistriccouncil,mkula
Busega Distric Council,Ngasamo,12100,6064,6036,1879,252,busegadistriccouncil,ngasamo
Busega Distric Council,Malili,21490,10489,11001,3244,252,busegadistriccouncil,malili
Busega Distric Council,Igalukilo,14638,7149,7489,2418,252,busegadistriccouncil,igalukilo
Busega Distric Council,Imalamate,15267,7720,7547,1952,252,busegadistriccouncil,imalamate
Geita District Council,Kagu,20692,10387,10305,3442,255,geita,kagu
Geita District Council,Bugulula,31397,15462,15935,5532,255,geita,bugulula
Geita District Council,Senga,30311,14953,15358,5560,255,geita,senga
Geita District Council,Kakubilo,42240,20496,21744,8166,255,geita,kakubilo
Geita District Council,Nkome,43768,21285,22483,9373,255,geita,nkome
Geita District Council,Katoma,11609,5879,5730,1938,255,geita,katoma
Geita District Council,Nzera,27269,13515,13754,5258,255,geita,nzera
Geita District Council,Lwenzera,30204,14764,15440,5176,255,geita,lwenzera
Geita District Council,Kamhanga,18264,9142,9122,2897,255,geita,kamhanga
Geita District Council,Bugalama,18440,9125,9315,2978,255,geita,bugalama
Geita District Council,Lubanga,13812,6959,6853,2178,255,geita,lubanga
Geita District Council,Isulwabutundwe,14246,7047,7199,2157,255,geita,isulwabutundwe
Geita District Council,Nyamboge,11779,5843,5936,2064,255,geita,nyamboge
Geita District Council,Izumacheli,5627,3086,2541,1209,255,geita,izumacheli
Geita District Council,Nyawilimilwa,43795,21328,22467,8258,255,geita,nyawilimilwa
Geita District Council,Kamena,14811,7229,7582,2447,255,geita,kamena
Geita District Council,Nyamalimbe,20241,10117,10124,3104,255,geita,nyamalimbe
Geita District Council,Bujula,11715,5879,5836,1826,255,geita,bujula
Geita District Council,Bukoli,22442,10997,11445,4242,255,geita,bukoli
Geita District Council,Butobela,20187,10337,9850,4413,255,geita,butobela
Geita District Council,Nyarugusu,55375,27994,27381,12596,255,geita,nyarugusu
Geita District Council,Nyakamwaga,25620,12840,12780,4213,255,geita,nyakamwaga
Geita District Council,Rwamgasa,72133,35696,36437,13979,255,geita,rwamgasa
Geita District Council,Busanda,23543,11553,11990,4015,255,geita,busanda
Geita District Council,Nyalwanzaja,12670,6296,6374,1945,255,geita,nyalwanzaja
Geita District Council,Nyaruyeye,15830,7876,7954,2796,255,geita,nyaruyeye
Geita District Council,Butundwe,9513,4890,4623,1669,255,geita,butundwe
Geita District Council,Magenge,17353,9120,8233,3148,255,geita,magenge
Geita District Council,Kaseme,21091,10574,10517,3869,255,geita,kaseme
Geita District Council,Katoro,92192,42651,49541,20534,255,geita,katoro
Geita District Council,Nyamigota,32372,15701,16671,6053,255,geita,nyamigota
Geita District Council,Nyakagomba,24028,12061,11967,3998,255,geita,nyakagomba
Geita District Council,Nyachiluluma,15718,7905,7813,2707,255,geita,nyachiluluma
Geita District Council,Bukondo,17485,8901,8584,3169,255,geita,bukondo
Geita District Council,Chigunga,11602,5692,5910,2141,255,geita,chigunga
Geita District Council,Nyamwilolelwa,29072,14452,14620,5327,255,geita,nyamwilolelwa
Geita District Council,Ludete,106768,49756,57012,24420,255,geita,ludete
Geita Town Council,Nyankumbu,87367,41685,45682,19839,256,geita,nyankumbu
Geita Town Council,Bombambili,4571,2209,2362,1041,256,geita,bombambili
Geita Town Council,Mtakuja,26676,13212,13464,6328,256,geita,mtakuja
Geita Town Council,Mgusu,31092,17918,13174,6428,256,geita,mgusu
Geita Town Council,Kalangalala,57881,27356,30525,15405,256,geita,kalangalala
Geita Town Council,Buhalahala,62693,29853,32840,14781,256,geita,buhalahala
Geita Town Council,Nyanguku,12077,6076,6001,1797,256,geita,nyanguku
Geita Town Council,Ihanamilo,12751,6325,6426,2021,256,geita,ihanamilo
Geita Town Council,Kasamwa,18751,9022,9729,3511,256,geita,kasamwa
Geita Town Council,Bulela,11439,5767,5672,1599,256,geita,bulela
Geita Town Council,Shiloleli,7603,3770,3833,1030,256,geita,shiloleli
Geita Town Council,Kanyala,17815,8608,9207,3140,256,geita,kanyala
Geita Town Council,Bung'wangoko,10955,5470,5485,1611,256,geita,bungwangoko
Geita Town Council,Shabaka,19045,9643,9402,2705,256,geita,shabaka
Geita Town Council,Mwingiro,11314,5804,5510,1696,256,geita,mwingiro
Geita Town Council,Nyabulanda,12783,6472,6311,1789,256,geita,nyabulanda
Geita Town Council,Nyang'hwale,12027,5856,6171,1842,256,geita,nyanghwale
Geita Town Council,Kaboha,9402,4632,4770,1522,256,geita,kaboha
Geita Town Council,Busolwa,18658,9367,9291,3304,256,geita,busolwa
Geita Town Council,Kakora,14829,7330,7499,2395,256,geita,kakora
Geita Town Council,Nyijundu,16985,8363,8622,2810,256,geita,nyijundu
Geita Town Council,Nyamtukuza,7975,4103,3872,1110,256,geita,nyamtukuza
Geita Town Council,Nyugwa,19809,10043,9766,2873,256,geita,nyugwa
Geita Town Council,Kharumwa,25882,12577,13305,5156,256,geita,kharumwa
Geita Town Council,Izunya,13103,6974,6129,1971,256,geita,izunya
Geita Town Council,Bukwimba,13069,6510,6559,2173,256,geita,bukwimba
Geita Town Council,Kafita,17846,9163,8683,2775,256,geita,kafita
Geita Town Council,Nundu,13076,6658,6418,2038,256,geita,nundu
Mbogwe District Council,Lugunga,26801,13535,13266,4212,257,mbogwe,lugunga
Mbogwe District Council,Nyakafulu,66060,32271,33789,14858,257,mbogwe,nyakafulu
Mbogwe District Council,Bukandwe,16786,8802,7984,2534,257,mbogwe,bukandwe
Mbogwe District Council,Nhomolwa,11371,5593,5778,1962,257,mbogwe,nhomolwa
Mbogwe District Council,Masumbwe,35660,17482,18178,7227,257,mbogwe,masumbwe
Mbogwe District Council,Iponya,19651,9839,9812,2962,257,mbogwe,iponya
Mbogwe District Council,Nanda,13698,6823,6875,2034,257,mbogwe,nanda
Mbogwe District Council,Mbogwe,14952,7487,7465,2504,257,mbogwe,mbogwe
Mbogwe District Council,Ngemo,17143,8503,8640,2729,257,mbogwe,ngemo
Mbogwe District Council,Ushirika,10509,5223,5286,1634,257,mbogwe,ushirika
Mbogwe District Council,Nyasato,16778,8413,8365,2441,257,mbogwe,nyasato
Mbogwe District Council,Bunigonzi,8146,3945,4201,1118,257,mbogwe,bunigonzi
Mbogwe District Council,Ikobe,16026,7901,8125,2323,257,mbogwe,ikobe
Mbogwe District Council,Lulembela,39899,18946,20953,7617,257,mbogwe,lulembela
Mbogwe District Council,Ikunguigazi,16070,7893,8177,2342,257,mbogwe,ikunguigazi
Mbogwe District Council,Isebya,16721,8280,8441,2550,257,mbogwe,isebya
Mbogwe District Council,Ilolangulu,16584,8221,8363,2588,257,mbogwe,ilolangulu
Bukombe District Council,Lyambamgongo,7421,3760,3661,1061,258,bukombe,lyambamgongo
Bukombe District Council,Bukombe,18302,9092,9210,2822,258,bukombe,bukombe
Bukombe District Council,Bugelenga,13358,6547,6811,1888,258,bukombe,bugelenga
Bukombe District Council,Iyogelo,10150,5130,5020,1387,258,bukombe,iyogelo
Bukombe District Council,Ng'anzo,14059,7082,6977,2147,258,bukombe,nganzo
Bukombe District Council,Butinzya,12920,6391,6529,1919,258,bukombe,butinzya
Bukombe District Council,Ushirombo,11249,5567,5682,2129,258,bukombe,ushirombo
Bukombe District Council,Igulwa,21819,10664,11155,4834,258,bukombe,igulwa
Bukombe District Council,Katente,22323,10603,11720,5053,258,bukombe,katente
Bukombe District Council,Bulangwa,28183,13272,14911,6025,258,bukombe,bulangwa
Bukombe District Council,Katome,11337,5736,5601,1602,258,bukombe,katome
Bukombe District Council,Bulega,20718,10130,10588,3076,258,bukombe,bulega
Bukombe District Council,Runzewe Mashariki,28237,13916,14321,5418,258,bukombe,runzewemashariki
Bukombe District Council,Runzewe Magharibi,23906,11757,12149,4360,258,bukombe,runzewemagharibi
Bukombe District Council,Namonge,64641,31989,32652,10397,258,bukombe,namonge
Bukombe District Council,Uyovu,70659,33704,36955,14836,258,bukombe,uyovu
Bukombe District Council,Busonzo,27820,14575,13245,5710,258,bukombe,busonzo
Chato District Council,Ichwankima,9433,4709,4724,1461,259,chato,ichwankima
Chato District Council,Kachwamba,10155,5011,5144,1634,259,chato,kachwamba
Chato District Council,Kasenga,21423,10733,10690,3737,259,chato,kasenga
Chato District Council,Ilemela,11858,6062,5796,1605,259,chato,ilemela
Chato District Council,Muganza,42375,20191,22184,9093,259,chato,muganza
Chato District Council,Bwongera,16993,8629,8364,3240,259,chato,bwongera
Chato District Council,Kigongo,33896,16789,17107,6168,259,chato,kigongo
Chato District Council,Nyamirembe,21571,10707,10864,3748,259,chato,nyamirembe
Chato District Council,Chato,25771,12030,13741,6105,259,chato,chato
Chato District Council,Muungano,23710,11476,12234,4998,259,chato,muungano
Chato District Council,Bwina,12054,6022,6032,2634,259,chato,bwina
Chato District Council,Katende,4890,2412,2478,708,259,chato,katende
Chato District Council,Ilyamchele,9583,4612,4971,1636,259,chato,ilyamchele
Chato District Council,Bukome,21304,10751,10553,3695,259,chato,bukome
Chato District Council,Makurugusi,45137,22453,22684,8175,259,chato,makurugusi
Chato District Council,Buseresere,53456,25529,27927,11318,259,chato,buseresere
Chato District Council,Butengo rumasa,22283,10708,11575,4019,259,chato,butengorumasa
Chato District Council,Iparamasa,39898,19873,20025,5997,259,chato,iparamasa
Chato District Council,Buziku,29724,14830,14894,5699,259,chato,buziku
Chato District Council,Nyarutembo,24000,12081,11919,4211,259,chato,nyarutembo
Chato District Council,Bwanga,69894,32991,36903,14162,259,chato,bwanga
Chato District Council,Bwera,18495,9113,9382,3252,259,chato,bwera
Chato District Council,Minkoto,17060,8426,8634,2861,259,chato,minkoto
Songwe Region,Chilulumo,15636,7259,8377,3548,261,songweregion,chilulumo
Songwe Region,Kamsamba,23456,11582,11874,5450,261,songweregion,kamsamba
Songwe Region,Ivuna,26793,12668,14125,5901,261,songweregion,ivuna
Songwe Region,Mpapa,9776,4528,5248,2092,261,songweregion,mpapa
Songwe Region,Mkulwe,14233,6818,7415,2824,261,songweregion,mkulwe
Songwe Region,Mkomba,18433,8592,9841,3573,261,songweregion,mkomba
Songwe Region,Chitete,29198,13793,15405,6908,261,songweregion,chitete
Songwe Region,Msangano,21284,10443,10841,4873,261,songweregion,msangano
Songwe Region,Nkangamo,16804,8211,8593,4043,261,songweregion,nkangamo
Songwe Region,Ndalambo,9643,4669,4974,2486,261,songweregion,ndalambo
Songwe Region,Kapele,25442,12391,13051,5283,261,songweregion,kapele
Songwe Region,Nzoka,18619,8796,9823,4272,261,songweregion,nzoka
Songwe Region,Myunga,20814,10081,10733,4572,261,songweregion,myunga
Songwe Region,Ikana,9650,4693,4957,2273,261,songweregion,ikana
Songwe District Council,Gua,9668,4914,4754,1839,263,songwe,gua
Songwe District Council,Ngwala,8985,4643,4342,1749,263,songwe,ngwala
Songwe District Council,Kapalala,14060,6864,7196,2490,263,songwe,kapalala
Songwe District Council,Udinde,7219,3582,3637,1462,263,songwe,udinde
Songwe District Council,Mbangala,17878,9914,7964,3626,263,songwe,mbangala
Songwe District Council,Saza,15111,8622,6489,4003,263,songwe,saza
Songwe District Council,Mkwajuni,30314,14616,15698,8040,263,songwe,mkwajuni
Songwe District Council,Mwambani,11534,5704,5830,2496,263,songwe,mwambani
Songwe District Council,Kanga,13708,6595,7113,2979,263,songwe,kanga
Songwe District Council,Ifwenkenya,10951,5288,5663,2073,263,songwe,ifwenkenya
Songwe District Council,Galula,10076,4841,5235,2475,263,songwe,galula
Songwe District Council,Chang’ombe,12701,6050,6651,2655,263,songwe,changombe
Songwe District Council,Mbuyuni,11899,5779,6120,2329,263,songwe,mbuyuni
Songwe District Council,Magamba,17055,8231,8824,2825,263,songwe,magamba
Songwe District Council,Totowe,6260,3268,2992,1252,263,songwe,totowe
Songwe District Council,Mpona,10284,4885,5399,1356,263,songwe,mpona
Songwe District Council,Namkukwe,11099,5235,5864,2357,263,songwe,namkukwe
Songwe District Council,Manda,10327,4989,5338,1776,263,songwe,manda
Mbozi District Council,Msia,20289,9616,10673,5326,264,mbozi,msia
Mbozi District Council,Isalalo,7362,3535,3827,1893,264,mbozi,isalalo
Mbozi District Council,Nanyala,10492,4973,5519,2875,264,mbozi,nanyala
Mbozi District Council,Ruanda,10313,4995,5318,2748,264,mbozi,ruanda
Mbozi District Council,Iyula,19340,9239,10101,4935,264,mbozi,iyula
Mbozi District Council,Mlangali,18314,8729,9585,4560,264,mbozi,mlangali
Mbozi District Council,Idiwili,14850,7042,7808,3791,264,mbozi,idiwili
Mbozi District Council,Ihanda,23533,11003,12530,6191,264,mbozi,ihanda
Mbozi District Council,Nyimbili,12795,6175,6620,3299,264,mbozi,nyimbili
Mbozi District Council,Ipunga,10246,4773,5473,2676,264,mbozi,ipunga
Mbozi District Council,Ukwile,10578,5138,5440,2718,264,mbozi,ukwile
Mbozi District Council,Vwawa,26911,12457,14454,7211,264,mbozi,vwawa
Mbozi District Council,Hezya,8908,4256,4652,2352,264,mbozi,hezya
Mbozi District Council,Kilimampimbi,6299,3037,3262,1653,264,mbozi,kilimampimbi
Mbozi District Council,Ilolo,9586,4315,5271,2610,264,mbozi,ilolo
Mbozi District Council,Ichenjezya,7625,3556,4069,2159,264,mbozi,ichenjezya
Mbozi District Council,Hasanga,17293,8124,9169,4452,264,mbozi,hasanga
Mbozi District Council,Hasamba,5969,2880,3089,1626,264,mbozi,hasamba
Mbozi District Council,Bara,20561,9606,10955,5075,264,mbozi,bara
Mbozi District Council,Nambinzo,29757,14282,15475,7445,264,mbozi,nambinzo
Mbozi District Council,Itaka,19550,9174,10376,4996,264,mbozi,itaka
Mbozi District Council,Halungu,26928,12706,14222,6982,264,mbozi,halungu
Mbozi District Council,Isansa,17614,8381,9233,4711,264,mbozi,isansa
Mbozi District Council,Igamba,27812,13127,14685,7363,264,mbozi,igamba
Mbozi District Council,Magamba,17259,8228,9031,4413,264,mbozi,magamba
Mbozi District Council,Itumpi,12564,6021,6543,3300,264,mbozi,itumpi
Mbozi District Council,Shiwinga,11624,5621,6003,3052,264,mbozi,shiwinga
Mbozi District Council,Mahenje,19781,9493,10288,5124,264,mbozi,mahenje
Mbozi District Council,Mlowo,66446,31154,35292,17920,264,mbozi,mlowo
Ileje District Council,Itumba,10566,4912,5654,2966,265,ileje,itumba
Ileje District Council,Itale,6933,3210,3723,1782,265,ileje,itale
Ileje District Council,Ibaba,8210,3790,4420,2281,265,ileje,ibaba
Ileje District Council,Ndola,6741,3089,3652,1849,265,ileje,ndola
Ileje District Council,Bupigu,5623,2651,2972,1627,265,ileje,bupigu
Ileje District Council,Isongole,14157,6478,7679,3993,265,ileje,isongole
Ileje District Council,Chitete,10118,4752,5366,2882,265,ileje,chitete
Ileje District Council,Mbebe,10083,4875,5208,2580,265,ileje,mbebe
Ileje District Council,Mlale,5831,2751,3080,1613,265,ileje,mlale
Ileje District Council,Luswisi,4155,1994,2161,1072,265,ileje,luswisi
Ileje District Council,Ngulilo,5292,2493,2799,1225,265,ileje,ngulilo
Ileje District Council,Lubanda,8176,3906,4270,2095,265,ileje,lubanda
Ileje District Council,Ngulugulu,4118,2060,2058,1203,265,ileje,ngulugulu
Ileje District Council,Sange,4237,2042,2195,1117,265,ileje,sange
Ileje District Council,Ikinga,6352,3039,3313,1967,265,ileje,ikinga
Ileje District Council,Kafule,6147,2873,3274,1903,265,ileje,kafule
Ileje District Council,Malangali,6098,2832,3266,1804,265,ileje,malangali
Ileje District Council,Kalembo,3032,1410,1622,855,265,ileje,kalembo
